timestamp,bonn-bcp-parken-Rabinstrasse,bonn-bcp-parken-beethoven,bonn-bcp-parken-beetplatz,bonn-bcp-parken-bike-ride,bonn-bcp-parken-friedensplatz,bonn-bcp-parken-hauptbahnhof,bonn-bcp-parken-karstadt,bonn-bcp-parken-markt,bonn-bcp-parken-muensterplatz,bonn-bcp-parken-operngarage,bonn-bcp-parken-rheinaue,bonn-bcp-parken-stadthaus,bonn-bcp-parken-stadthaus-unten,bonn-bcp-parken-unigarage,braunschweig-parken-Parkhaus-Eiermarkt,braunschweig-parken-Parkhaus-Forschungsflughafen,braunschweig-parken-Parkhaus-Lange-Str-Nord,braunschweig-parken-Parkhaus-Magni,braunschweig-parken-Parkhaus-Packhof,braunschweig-parken-Parkhaus-Ring-Center,braunschweig-parken-Parkhaus-Schloss,braunschweig-parken-Parkhaus-Schutzenstrasse,braunschweig-parken-Parkhaus-Wallstrasse,braunschweig-parken-Parkhaus-Wilhelmstrasse,dresden-parken-Altmarkt,dresden-parken-Altmarkt-Galerie,dresden-parken-Ammonstrasse-Bus,dresden-parken-An-der-Frauenkirche,dresden-parken-Bahnhof-Neustadt,dresden-parken-Bluherstrasse,dresden-parken-Budapester-Strasse,dresden-parken-Centrum-Galerie,dresden-parken-Cossebaude,dresden-parken-Ferdinandplatz,dresden-parken-Fidelio-F-Finke-Strasse,dresden-parken-Frauenkirche-Neumarkt,dresden-parken-Freiberger-Platz,dresden-parken-GALERIA-Karstadt-Kaufhof,dresden-parken-Gompitz,dresden-parken-Grenzstrasse,dresden-parken-Haus-am-Zwinger,dresden-parken-Kaditz,dresden-parken-Klotzsche,dresden-parken-Kongresszentrum,dresden-parken-Kraftwerk-Mitte,dresden-parken-Langebruck,dresden-parken-Lindengasse,dresden-parken-Lingnerallee,dresden-parken-MESSE-DRESDEN-Parkplatz-P7,dresden-parken-Ostra-Allee,dresden-parken-Ostra-Ufer,dresden-parken-Palaisplatz,dresden-parken-Parkhaus-Mitte,dresden-parken-Pennrich,dresden-parken-Pieschener-Allee-Bus,dresden-parken-Pirnaische-Strasse,dresden-parken-Pirnaischer-Platz,dresden-parken-Prohlis,dresden-parken-Reick,dresden-parken-Reitbahnstrasse,dresden-parken-SP1-Strassburger-Platz,dresden-parken-SachsenEnergie-Center,dresden-parken-Sarrasanistrasse,dresden-parken-Schiessgasse,dresden-parken-Semperoper,dresden-parken-Stadtforum-Dresden,dresden-parken-Strehlener-Strasse,dresden-parken-Taschenbergpalais,dresden-parken-Terrassenufer,dresden-parken-Terrassenufer-Bus,dresden-parken-Theresienstrasse,dresden-parken-Weissig,dresden-parken-Weixdorf-Bad,dresden-parken-Wiener-Platz-Hauptbahnhof,dresden-parken-Wiesentorstrasse,dresden-parken-Wigardstrasse,dresden-parken-Wohrl-Florentinum,dresden-parken-World-Trade-Center,ffh-parken-bad-homburg-Am-Bahnhof,ffh-parken-bad-homburg-Louisen-Arkaden,ffh-parken-bad-homburg-Parkgarage-Karstadt,ffh-parken-bad-homburg-Parkgarage-Kurhaus,ffh-parken-bad-homburg-Parkgarage-Rathaus,ffh-parken-bad-homburg-Parkgarage-Schloss,ffh-parken-bad-homburg-Parkhaus-La-Vie,ffh-parken-bad-homburg-Parkhaus-am-Guterbahnhof,ffh-parken-bad-homburg-Parkhaus-am-Markt,ffh-parken-frankfurt-Aculeum,ffh-parken-frankfurt-Alt-Sachsenhausen,ffh-parken-frankfurt-Alte-Oper,ffh-parken-frankfurt-Am-Gericht,ffh-parken-frankfurt-Am-Theater,ffh-parken-frankfurt-Baseler-Platz,ffh-parken-frankfurt-Borse,ffh-parken-frankfurt-Burgerhaus-Bornheim,ffh-parken-frankfurt-Congresscenter-Messe-Frankfurt-Maritim-Hotel,ffh-parken-frankfurt-Friedrichsheim,ffh-parken-frankfurt-Gateway-Garden,ffh-parken-frankfurt-Goetheplatz,ffh-parken-frankfurt-Hafenpark-Quartier-NORD,ffh-parken-frankfurt-Hauptbahnhof-Sud,ffh-parken-frankfurt-Hauptwache,ffh-parken-frankfurt-Hotel-Intercontinental,ffh-parken-frankfurt-Hotel-Movenpick,ffh-parken-frankfurt-Junghofstrasse,ffh-parken-frankfurt-Konrad-Adenauer-Strasse,ffh-parken-frankfurt-Konstabler,ffh-parken-frankfurt-Mainzer-Landstrasse,ffh-parken-frankfurt-Mayfarth-Quartier,ffh-parken-frankfurt-Messeturm,ffh-parken-frankfurt-Mousonturm,ffh-parken-frankfurt-MyZeil-PalaisQuartier,ffh-parken-frankfurt-Opernturm,ffh-parken-frankfurt-Ordnungsamt,ffh-parken-frankfurt-P-R-Haus-Borsigallee,ffh-parken-frankfurt-P-R-Kalbach,ffh-parken-frankfurt-Parkhaus-Konigsteiner-Strasse,ffh-parken-frankfurt-Schiller-Passage,ffh-parken-frankfurt-Universitatsklinikum-Innengelande,ffh-parken-frankfurt-Universitatsklinikum-P2,ffh-parken-frankfurt-Universitatsklinikum-P5,ffh-parken-frankfurt-Universitatsklinikum-Sandhofstrasse,ffh-parken-frankfurt-Untermainanlage,ffh-parken-kassel-Atrium,ffh-parken-kassel-City-Point,ffh-parken-kassel-Friedrichsplatz,ffh-parken-kassel-Galeria,ffh-parken-kassel-Herkules-Besucherzentrum,ffh-parken-kassel-Kurfursten-Galerie,ffh-parken-kassel-Martinskirche,ffh-parken-kassel-Rathaus,ffh-parken-kassel-Schloss-Wilhelmshohe,ffh-parken-kassel-Wilhelmsstrasse,ffh-parken-mannheim-C1-Hauptverwaltung-MPB-Parkhaus,ffh-parken-mannheim-Collini-Center-Mulde-Parkplatz,ffh-parken-mannheim-D3-Tiefgarage,ffh-parken-mannheim-D5-Reiss-Museum-Tiefgarage,ffh-parken-mannheim-G1-Marktplatz-Tiefgarage,ffh-parken-mannheim-H6-Tiefgarage,ffh-parken-mannheim-Hauptbahnhof-P1-Tiefgarage,ffh-parken-mannheim-Hauptbahnhof-P2-Parkhaus,ffh-parken-mannheim-Hauptbahnhof-P3-Parkhaus,ffh-parken-mannheim-Hauptbahnhof-P5-Parkhaus,ffh-parken-mannheim-Klinikum-P3-Parkplatz,ffh-parken-mannheim-Klinikum-Tiefgarage,ffh-parken-mannheim-M4a-Parkplatz,ffh-parken-mannheim-N1-N2-Stadthaus-Parkhaus,ffh-parken-mannheim-N6-Komforthaus,ffh-parken-mannheim-N6-Standardhaus,ffh-parken-mannheim-SAP-Arena-P1-Parkplatz,ffh-parken-mannheim-SAP-Arena-P2-Parkplatz,ffh-parken-mannheim-SAP-Arena-P3-Parkplatz,ffh-parken-mannheim-SAP-Arena-P6-P8-Parkplatz,ffh-parken-mannheim-U2-Tiefgarage,ffh-parken-wiesbaden-PH-City-II,ffh-parken-wiesbaden-PH-Coulinstr,ffh-parken-wiesbaden-PH-Galeria-Kaufhof,ffh-parken-wiesbaden-PH-Karstadt,ffh-parken-wiesbaden-PH-Kurhaus-Casino,ffh-parken-wiesbaden-PH-Lili,ffh-parken-wiesbaden-PH-Luisenforum,ffh-parken-wiesbaden-PH-Luisenplatz,ffh-parken-wiesbaden-PH-Markt,ffh-parken-wiesbaden-PH-Mauritius,ffh-parken-wiesbaden-PH-Theater,ffh-parken-wiesbaden-TG-Lili,ffh-parken-wiesbaden-TG-RMCC,heilbronn-parken-Am-Bollwerksturm,heilbronn-parken-Bildungscampus-Mitte,heilbronn-parken-E-Quartiersgarage-Neckarbogen,heilbronn-parken-Harmonie,heilbronn-parken-Kathchenhof,heilbronn-parken-Kiliansplatz,heilbronn-parken-P-R-Karlsruher-Strasse,heilbronn-parken-Parkhaus-Experimenta,heilbronn-parken-Parkplatz-Hauptbahnhof,heilbronn-parken-Stadtgalerie,heilbronn-parken-Theaterforum-K3,heilbronn-parken-Wollhaus,ingolstadt-parken-Arena,ingolstadt-parken-Congressgarage,ingolstadt-parken-Festplatz,ingolstadt-parken-Hallenbad,ingolstadt-parken-Hauptbahnhof-Ost,ingolstadt-parken-Hauptbahnhof-West,ingolstadt-parken-Munster,ingolstadt-parken-Nordbahnhof,ingolstadt-parken-Reduit-Tilly,ingolstadt-parken-Schloss,ingolstadt-parken-Theater-Ost,ingolstadt-parken-Theater-West,konstanz-parken-Altstadt,konstanz-parken-Augustiner,konstanz-parken-Dobele,konstanz-parken-Fernbusbahnhof,konstanz-parken-Fischmarkt,konstanz-parken-Lago,konstanz-parken-Seerheincenter,mobilitaet-jena-Am-Anger,mobilitaet-jena-Am-Gries,mobilitaet-jena-Am-Planetarium,mobilitaet-jena-Am-Stadion,mobilitaet-jena-August-Bebel-Strasse,mobilitaet-jena-Bachstrasse,mobilitaet-jena-Busbahnhof,mobilitaet-jena-City-Carree,mobilitaet-jena-Eichplatz,mobilitaet-jena-Eisenbahndamm,mobilitaet-jena-Erbertstrasse,mobilitaet-jena-Ernst-Abbe-Strasse,mobilitaet-jena-Ernst-Haeckel-Strasse,mobilitaet-jena-Gartenstrasse,mobilitaet-jena-Goethe-Galerie,mobilitaet-jena-Grietgasse,mobilitaet-jena-Haeckelplatz,mobilitaet-jena-Holzmarkt,mobilitaet-jena-Krautgasse,mobilitaet-jena-Lassallestrasse,mobilitaet-jena-Lessingstrasse,mobilitaet-jena-Muhlenstrasse,mobilitaet-jena-Neue-Mitte,mobilitaet-jena-Paradiesbahnhof,mobilitaet-jena-Philosophenweg,mobilitaet-jena-Roland-Ducke-Weg,mobilitaet-jena-Schlossgasse,mobilitaet-jena-Seidelparkplatz,mobilitaet-jena-Seidelstrasse,mobilitaet-jena-Semmelweissstrasse,mobilitaet-jena-Sophienstrasse,mobilitaet-jena-Spitzweidenweg,mobilitaet-jena-Steinkreuz,mobilitaet-jena-Stoystrasse,mobilitaet-jena-Wagnergasse,mobilitaet-jena-Westbahnhof,mobilitaet-jena-Wiesenstrasse,mobilitaet-jena-Windberg,mobilitaet-jena-Wollnitzer-Strasse,mobilitaet-jena-Ziegelmuhlenweg,oldenburg-service-parken-Altes-Gymnasium,oldenburg-service-parken-CCO-Parkdeck-1,oldenburg-service-parken-CCO-Parkdeck-2,oldenburg-service-parken-Parkhaus-Alter-Stadthafen-Cinemaxx,oldenburg-service-parken-Parkhaus-Am-Waffenplatz,oldenburg-service-parken-Parkhaus-August-Carree,oldenburg-service-parken-Parkhaus-Bahnhof-ZOB,oldenburg-service-parken-Parkhaus-Galeria-Kaufhof,oldenburg-service-parken-Parkhaus-Heiligengeist-Hoefe,oldenburg-service-parken-Parkhaus-Schlosshoefe,oldenburg-service-parken-Parkhaus-Theatergarage,oldenburg-service-parken-Parkplatz-Pferdemarkt,oldenburg-service-parken-Parkplatz-Theaterwall,oldenburg-service-parken-Ratsherren,parken-in-bochum-P1-Husemannplatz,parken-in-bochum-P2-Dr-Ruer-Platz,parken-in-bochum-P3-Rathaus-BVZ,parken-in-bochum-P5-Bruckstrasse,parken-in-bochum-P6-Hauptbahnhof-Buddenbergplatz,parken-in-bochum-P7-Kurt-Schumacher-Platz,parken-in-bochum-P8-Konrad-Adenauer-Platz-Bermuda3Eck,parken-in-bochum-P9-Schauspielhaus,parken-in-bochum-PH-Alter-Markt-Wattenscheid,parken-in-bochum-PH-Bochumer-Fenster,parken-in-bochum-PH-Husemann-Karree,parken-in-bochum-PH-Massenbergstrasse,parken-in-bochum-PH-Quartiersgarage-Ostpark,parken-in-bochum-PH-Stadionring,parken-in-bochum-PH-Westpark-Jahrhunderthalle,parken-luebeck-Am-Bahnhof-Handelshof-Parkplatz-Strassenrand-Am-Bahnhof-Handelshof-Parkplatz-Strassenrand-Lubeck,parken-luebeck-Am-Burgfeld-Parkplatz-Am-Burgfeld-Parkplatz-Lubeck,parken-luebeck-Am-Fischereihafen-Parkplatz-Am-Fischereihafen-Parkplatz-Travemunde,parken-luebeck-Am-Leuchtenfeld-Leuchtturm-Parkplatz-Am-Leuchtenfeld-Leuchtturm-Parkplatz-Travemunde,parken-luebeck-Backbord-Parkplatz-Backbord-Parkplatz-Travemunde,parken-luebeck-Bahnhof-Parkplatz-Strassenrand-Bahnhof-Parkplatz-Strassenrand-Lubeck,parken-luebeck-Bauhof-Parkplatz-Bauhof-Parkplatz-Lubeck,parken-luebeck-Beckergrube-Parkplatz-Beckergrube-Parkplatz-Lubeck,parken-luebeck-Bruckenweg-Parkplatz-Bruckenweg-Parkplatz-Lubeck,parken-luebeck-Burgstrasse-Parkplatz-Burgstrasse-Parkplatz-Lubeck,parken-luebeck-Fahrstrasse-Parkplatz-Fahrstrasse-Parkplatz-Lubeck,parken-luebeck-Fahrvorplatz-Parkplatz-Fahrvorplatz-Parkplatz-Travemunde,parken-luebeck-Hafenbahnhof-Parkplatz-Hafenbahnhof-Parkplatz-Travemunde,parken-luebeck-Hermann-Lange-Strasse-Parkplatz-Hermann-Lange-Strasse-Parkplatz-Lubeck,parken-luebeck-Huxterdamm-Parkplatz-Huxterdamm-Parkplatz-Lubeck,parken-luebeck-Kanalstrasse-P2-Parkplatz-Kanalstrasse-P2-Parkplatz-Lubeck,parken-luebeck-Kanalstrasse-P3-Parkplatz-Kanalstrasse-P3-Parkplatz-Lubeck,parken-luebeck-Kanalstrasse-P4-Parkplatz-Kanalstrasse-P4-Parkplatz-Lubeck,parken-luebeck-Kanalstrasse-P5-Parkplatz-Kanalstrasse-P5-Parkplatz-Lubeck,parken-luebeck-Kanalstrasse-Strassenrand-Parkplatz-Kanalstrasse-Strassenrand-Parkplatz-Lubeck,parken-luebeck-Kirchenstrasse-Parkplatz-Kirchenstrasse-Parkplatz-Travemunde,parken-luebeck-Konrad-Adenauer-IHK-Parkplatz-Strassenrand-Konrad-Adenauer-IHK-Parkplatz-Strassenrand-Lubeck,parken-luebeck-Kowitzberg-Parkplatz-Kowitzberg-Parkplatz-Travemunde,parken-luebeck-Kurgartenstrasse-Parkplatz-Kurgartenstrasse-Parkplatz-Travemunde,parken-luebeck-Lastadie-P1-Parkplatz-Lastadie-P1-Parkplatz-Lubeck,parken-luebeck-Lastadie-P3-Parkplatz-Lastadie-P3-Parkplatz-Lubeck,parken-luebeck-Lastadie-P5-Parkplatz-Lastadie-P5-Parkplatz-Lubeck,parken-luebeck-Leuchtenfeld-Parkplatz-Leuchtenfeld-Parkplatz-Travemunde,parken-luebeck-Marlesgrube-Parkplatz-Marlesgrube-Parkplatz-Lubeck,parken-luebeck-Mowenstein-Parkplatz-Mowenstein-Parkplatz-Travemunde,parken-luebeck-MuK-Parkplatz-MuK-Parkplatz-Lubeck,parken-luebeck-Muhlenbrucke-Parkplatz-Muhlenbrucke-Parkplatz-Lubeck,parken-luebeck-Muhlendamm-Parkplatz-Muhlendamm-Parkplatz-Lubeck,parken-luebeck-Muhlenstrasse-Parkplatz-Muhlenstrasse-Parkplatz-Lubeck,parken-luebeck-Mullergarten-Parkplatz-Mullergarten-Parkplatz-Lubeck,parken-luebeck-Musterbahn-Parkplatz-Musterbahn-Parkplatz-Lubeck,parken-luebeck-Nordliche-Wallhalbinsel-Parkplatz-Nordliche-Wallhalbinsel-Parkplatz-Lubeck,parken-luebeck-Obertrave-Parkplatz-Strassenrand-Obertrave-Parkplatz-Strassenrand-Lubeck,parken-luebeck-Parade-Parkplatz-Parade-Parkplatz-Lubeck,parken-luebeck-Parkplatz-vor-dem-PH-Burgtor-Parkplatz-Parkplatz-vor-dem-PH-Burgtor-Parkplatz-Lubeck,parken-luebeck-Paul-Brummer-Strasse-Parkplatz-Paul-Brummer-Strasse-Parkplatz-Travemunde,parken-luebeck-Priwall-Parkplatz-Priwall-Parkplatz-Travemunde,parken-luebeck-Radisson-Blu-Parkplatz-Radisson-Blu-Parkplatz-Lubeck,parken-luebeck-Retteich-Parkplatz-Retteich-Parkplatz-Lubeck,parken-luebeck-Roeckstrasse-Parkplatz-Roeckstrasse-Parkplatz-Lubeck,parken-luebeck-Rose-Parkplatz-Rose-Parkplatz-Travemunde,parken-luebeck-Strandbahnhof-Parkplatz-Strandbahnhof-Parkplatz-Travemunde,parken-luebeck-Trelleborgallee-Parkplatz-Trelleborgallee-Parkplatz-Travemunde,parken-luebeck-Untertrave-Flache-1-Parkplatz-Strassenrand-Untertrave-Flache-1-Parkplatz-Strassenrand-Lubeck,parken-luebeck-Untertrave-Parkplatz-Untertrave-Parkplatz-Lubeck,parken-luebeck-Verwaltungszentrum-Muhlentor-Parkplatz-Verwaltungszentrum-Muhlentor-Parkplatz-Lubeck,parken-luebeck-Vogteistrasse-Parkplatz-Vogteistrasse-Parkplatz-Travemunde,parken-luebeck-Wallstrasse-Parkplatz-Wallstrasse-Parkplatz-Lubeck,parken-luebeck-Werner-Kock-Strasse-Parkplatz-Strassenrand-Werner-Kock-Strasse-Parkplatz-Strassenrand-Lubeck,parken-osnabrueck-11,parken-osnabrueck-13,parken-osnabrueck-16,parken-osnabrueck-17,parken-osnabrueck-18,parken-osnabrueck-19,parken-osnabrueck-21,parken-osnabrueck-22,parken-osnabrueck-23,parken-osnabrueck-24,parken-osnabrueck-25,parken-osnabrueck-26,parken-osnabrueck-27,parken-osnabrueck-28,parken-osnabrueck-29,parken-osnabrueck-30,parken-osnabrueck-31,parken-osnabrueck-32,parken-osnabrueck-33,parken-osnabrueck-34,parken-osnabrueck-35,parken-osnabrueck-36,parken-osnabrueck-37,parken-osnabrueck-38,parken-osnabrueck-39,parken-osnabrueck-40,parken-osnabrueck-41,parken-osnabrueck-43,parken-osnabrueck-44,parken-osnabrueck-45,parken-osnabrueck-46,parken-osnabrueck-49,parken-osnabrueck-50,parken-osnabrueck-51,regensburg-parken-Park-Ride-Parkplatz-Unterer-Wohrd,regensburg-parken-Park-Ride-Parkplatz-West,regensburg-parken-Parkhaus-Dachauplatz,regensburg-parken-Parkhaus-Dallmeier,regensburg-parken-Parkhaus-Regensburg-Arcaden,regensburg-parken-Parkhaus-St-Peters-Weg,regensburg-parken-Parkplatz-Dultplatz,regensburg-parken-Tiefgarage-Arnulfsplatz,regensburg-parken-Tiefgarage-Hauptbahnhof-Castra-Regina-Center,regensburg-parken-Tiefgarage-am-Theater-Bismarckplatz,reutlingen-parken-Am-Bahnhof,reutlingen-parken-Bahnhof,reutlingen-parken-Echaz-Zentrum,reutlingen-parken-Galeria-Kaufhof,reutlingen-parken-Gartentor-C-A-Mode,reutlingen-parken-Gartenviertel,reutlingen-parken-Kaiserpassage,reutlingen-parken-Klinikum-I,reutlingen-parken-Klinikum-II,reutlingen-parken-Konrad-Adenauer-Strasse-Eberhardstrasse,reutlingen-parken-Kronprinzenbau,reutlingen-parken-Lederstrasse,reutlingen-parken-Nordstern,reutlingen-parken-Obere-Wassere,reutlingen-parken-Parkgarage-Leonhardsplatz,reutlingen-parken-Parkhaus-Pomologie,reutlingen-parken-Rathaus-Tubinger-Tor,reutlingen-parken-Stadthalle,reutlingen-parken-Stadtmitte,reutlingen-parken-Unter-den-Linden,reutlingen-parken-Volksbank,sw-bielefeld-parken-Parkhaus-Am-Hauptbahnhof,sw-bielefeld-parken-Parkhaus-Am-Jahnplatz,sw-bielefeld-parken-Parkhaus-Am-Zwinger,sw-bielefeld-parken-Parkhaus-Ankergarten,sw-bielefeld-parken-Parkhaus-Bahnhofsviertel-1,sw-bielefeld-parken-Parkhaus-Bahnhofsviertel-2,sw-bielefeld-parken-Parkhaus-Centrum,sw-bielefeld-parken-Parkhaus-Karstadt,sw-bielefeld-parken-Parkhaus-LOOM,sw-bielefeld-parken-Parkhaus-Ritterstrasse,sw-bielefeld-parken-Parkhaus-Stadthalle,sw-bielefeld-parken-Parkpalette-Hermann-Delius-Strasse,sw-bielefeld-parken-Parkplatz-Friedenstrasse,sw-bielefeld-parken-Parkplatz-Grosse-Kurfursten-Str,sw-bielefeld-parken-Parkplatz-Hbf,sw-bielefeld-parken-Parkplatz-Herforder-Str,sw-bielefeld-parken-Parkplatz-Kunsthalle,sw-bielefeld-parken-Parkplatz-Mercatorstr,sw-bielefeld-parken-Parkplatz-Niederwall,sw-bielefeld-parken-Parkplatz-Teutoburger-Strasse,sw-bielefeld-parken-Parkplatz-Zentrum,sw-bielefeld-parken-Parkplatze-Werner-Bock-Strasse,sw-bielefeld-parken-Seidenstickerhalle,sw-bielefeld-parken-Tiefgarage-Altstadt-Carre,sw-bielefeld-parken-Tiefgarage-Am-Theater,sw-bielefeld-parken-Tiefgarage-Kesselbrink,sw-bielefeld-parken-Tiefgarage-Marktpassage-nicht-fur-gasbetriebene-Fahrzeuge,sw-bielefeld-parken-Tiefgarage-Neues-Rathaus,sw-bielefeld-parken-Tiefgarage-Welle,sw-bielefeld-parken-Tiefgarage-Willy-Brandt-Platz,sw-bielefeld-parken-Tiefgarage-und-Parkpalette-CineStar,swt-trier-parken-Bahnhof,swt-trier-parken-Basi,swt-trier-parken-City,swt-trier-parken-Hauptm,swt-trier-parken-Kons,swt-trier-parken-Osta,swt-trier-parken-ParkPlaza,tiefbauamt-nuernberg-parken-ADCOM-Center,tiefbauamt-nuernberg-parken-Adlerstrasse,tiefbauamt-nuernberg-parken-City-Park-Center,tiefbauamt-nuernberg-parken-Erler-Klinik,tiefbauamt-nuernberg-parken-Findelgasse,tiefbauamt-nuernberg-parken-Galeria-Kaufhof,tiefbauamt-nuernberg-parken-Hans-Sachs-Platz,tiefbauamt-nuernberg-parken-Hauptbahnhof,tiefbauamt-nuernberg-parken-Hauptmarkt,tiefbauamt-nuernberg-parken-Jakobsmarkt,tiefbauamt-nuernberg-parken-Katharinenhof,tiefbauamt-nuernberg-parken-PH-Nurnberger-Akademie,tiefbauamt-nuernberg-parken-Parkhaus-City-Point,tiefbauamt-nuernberg-parken-Parkhaus-Karstadt,tiefbauamt-nuernberg-parken-Parkhaus-Maximum,tiefbauamt-nuernberg-parken-Parkhaus-Wohrl,tiefbauamt-nuernberg-parken-Parkhausname,tiefbauamt-nuernberg-parken-Sebalder-Hofe,tiefbauamt-nuernberg-parken-Sterntor,tiefbauamt-nuernberg-parken-Theater,vmz-bremen-parken-Am-Bahnhof,vmz-bremen-parken-Am-Brill,vmz-bremen-parken-Am-Dom,vmz-bremen-parken-Am-Kuhhirten,vmz-bremen-parken-Am-Sedanplatz,vmz-bremen-parken-Am-Vegesacker-Hafen,vmz-bremen-parken-Am-Wall,vmz-bremen-parken-Aumunder-Markplatz,vmz-bremen-parken-Beckersweide,vmz-bremen-parken-Burgerweide,vmz-bremen-parken-Burgerweide-Klangbogen,vmz-bremen-parken-City-Gate,vmz-bremen-parken-Fresenbergstrasse-P1,vmz-bremen-parken-Fresenbergstrasse-P2,vmz-bremen-parken-Herdentor-Rembertiring,vmz-bremen-parken-Hillmannplatz,vmz-bremen-parken-Im-Pohl,vmz-bremen-parken-Katharinenklosterhof,vmz-bremen-parken-Kunstlerhaus-Guterbahnhof,vmz-bremen-parken-Lubecker-Strasse,vmz-bremen-parken-Messe-Parkhaus,vmz-bremen-parken-Mitte,vmz-bremen-parken-Ortsamt-Blumenthal,vmz-bremen-parken-Ostertor-Kulturmeile,vmz-bremen-parken-Pressehaus,vmz-bremen-parken-Rowekamp-Metropol-Theater,vmz-bremen-parken-Sagerstr,vmz-bremen-parken-Silbermannstrasse,vmz-bremen-parken-Stephani,vmz-bremen-parken-Uberseestadt,vmz-bremen-parken-Weserstadion,vtmanager-duesseldorf-parken-FLOAT,vtmanager-duesseldorf-parken-Heerdt,vtmanager-duesseldorf-parken-PH-01,vtmanager-duesseldorf-parken-PH-02,vtmanager-duesseldorf-parken-PH-03,vtmanager-duesseldorf-parken-PH-04,vtmanager-duesseldorf-parken-PH-06,vtmanager-duesseldorf-parken-PH-08,vtmanager-duesseldorf-parken-PH-09,vtmanager-duesseldorf-parken-PH-10,vtmanager-duesseldorf-parken-PH-11,vtmanager-duesseldorf-parken-PH-12,vtmanager-duesseldorf-parken-PH-13,vtmanager-duesseldorf-parken-PH-16,vtmanager-duesseldorf-parken-PH-17,vtmanager-duesseldorf-parken-PH-18,vtmanager-duesseldorf-parken-PH-20,vtmanager-duesseldorf-parken-PH-22,vtmanager-duesseldorf-parken-PH-23,vtmanager-duesseldorf-parken-PH-24,vtmanager-duesseldorf-parken-PH-25,vtmanager-duesseldorf-parken-PH-26,vtmanager-duesseldorf-parken-PH-29,vtmanager-duesseldorf-parken-PH-33,vtmanager-duesseldorf-parken-PH-34,vtmanager-duesseldorf-parken-PH-35,vtmanager-duesseldorf-parken-PH-37,vtmanager-duesseldorf-parken-PH-39,vtmanager-duesseldorf-parken-PH-42,vtmanager-duesseldorf-parken-PH-43,vtmanager-duesseldorf-parken-PH-45,vtmanager-duesseldorf-parken-PH-46,vtmanager-duesseldorf-parken-PH-47,vtmanager-duesseldorf-parken-PH-48,vtmanager-duesseldorf-parken-PH-50,vtmanager-duesseldorf-parken-PH-51,vtmanager-duesseldorf-parken-PH-52,vtmanager-duesseldorf-parken-PH-53,vtmanager-duesseldorf-parken-PH-54
2026-10-09T00:00:02+00:00,205,,57,108,,58,,267,,,220,284,,340,480,,309,,,,1300,167,478,462,409,,,75,,,63,1264,31,109,70,181,,,,,150,154,0,67,0,39,,,,,140,,361,43,,,37,58,19,106,156,179,24,120,203,83,234,77,32,11,97,,,397,15,,121,496,373,207,285,191,190,237,21,198,63,581,173,318,484,291,234,590,83,322,220,267,533,34,468,200,163,118,295,335,570,161,186,787,79,801,258,119,338,253,191,306,1044,15,11,462,94,,,,197,280,538,,166,390,,0,0,0,0,283,0,0,0,0,424,0,0,0,0,188,214,0,0,0,0,0,,293,,10,281,370,737,292,497,,234,150,665,310,428,546,422,68,230,116,987,438,619,342,396,304,454,487,455,187,354,239,108,314,251,505,297,,,250,15,126,893,,0,0,0,0,0,0,0,0,293,0,0,0,0,0,523,0,18,110,153,0,0,0,0,0,0,0,0,160,0,0,0,0,60,0,0,0,0,75,0,0,48,209,36,173,209,101,3,51,177,162,0,401,28,9,464,338,407,663,349,400,526,133,,234,393,92,,1382,,,,357,,131,,,,,,,,0,,,226,79,35,13,,,,450,,,16,249,333,,,295,,,,,,,,,,,,0,,,,,,,,,,,,358,138,49,125,397,150,68,291,441,397,37,17,369,175,47,179,1,37,20,86,195,282,117,33,148,156,301,184,107,131,112,39,140,40,107,0,445,64,1183,233,295,116,200,209,0,118,209,289,84,0,0,343,343,116,0,314,0,343,209,135,289,200,249,0,0,832,85,187,102,723,,324,338,,282,377,,,152,116,,,,,,76,,,303,110,,,370,273,,338,263,97,755,261,188,702,83,0,159,,154,133,163,54,117,0,291,170,0,0,0,0,0,,,0,0,,,,,,,,,,,,,,,,,,,,,,,,,,,,,,,,553,144,125,471,73,332,289,98,567,207,325,339,,325,,190,79,85,404,199,484,271,360,,,,200,515,623,129,,549,,192,127,160,,364,163
2026-10-09T00:15:02+00:00,,,,,,,,266,,,,,,339,,,,,,,,,,,410,,,,,,,,,,,,,,,,149,,,,,,,,,,,,,,,,,59,,107,,,,121,204,,233,,31,,,,,396,,,,,,,,,,,,,,,,,,,235,,,,,278,,,469,,,,,336,575,,185,,,,,,,,,,1045,,,,,,,,,,,,,,,,,,,,,,,,,,,,,,,,,,,,,,,,282,,,,,,235,,,,427,,424,,,112,988,,,,389,,455,,,,,,,,,,,,,,16,,894,,,,,,,,,,294,,,,,,,,,,,,,,,,,,,159,,,,,,,,,,,,,,,,,,,,,,,,,,,,,,,,,532,,,,,,,,,,,,,,,,,,,,,,,,,,,,,,,,,,,,,,,,,,,,,,,,,,,,,,,,,,,,,,,361,,,,,,,,,,,,,,,,,,,,,,,,,,,,,,,,,39,108,,447,,,252,297,118,,215,,,,,,,,,,,,,,,,,,,,,,,,,,,,,,,,,,,,,,,,,,,,,,,,,,274,,,,,,,,,,34,,352,,,,,,316,,,225,,181,69,382,,209,351,,,,,,,,,,,,,,,,,,,,,,,,,,,,,,,,,545,143,,,,,,,,,,,,,,,,,405,,,,,,,,,,,,,,,,,,,,
2026-10-09T00:30:01+00:00,,,58,,,,,,,,,,,340,,,,,,,,,,,,,,,,,,,,,,,,,,,,,,,,,,,,,,,,,,,,60,,108,,,,122,,,,,,,,,,395,,,,,,,,,,,,,,,172,319,,292,,,,,,,534,,,,,,,,576,,,,,,,,,,,307,,,,,95,,,,,,,,,,,,,,,,,,,,,,,,,,,,,,,,,297,,,286,,,,,,236,,,,426,,,,,115,,,,,400,,,,,,,,,,,,,,,,16,,893,,,,,,,,,,,,,,,,,,,,,,,,,,,,,,,,,,,,,,,,,,,,,,,,,,,,,,,,,,,,,,535,,,,,,,,,,,,,,,,,,,,,,,,,,,,,,,,,,,,,,,,,,,,,,,,,,,,,,,,,,,,,,,364,,,,,,,,,,,,,,,180,,,,,,,,,,,,,,,,,,,,,,,,,,,,,,,,,,,,,,,,,,,,,,,,,,,,,,,,,,,,,,,,,,,,,,,,,,,,,,,,,,,756,,,,,,,,,,,,116,,,,,,,,,,,350,,,,,,,,,,,,,,,,,,,,,,,,,,,,,,,,,,144,,473,,,,,,,,,,,,189,,,408,,,,,,,,,,,,,,,,,,,,
2026-10-09T00:45:01+00:00,,,,,,,,,,,,282,,,,,,,,,,,,,,,,,,,,,32,,69,,,,,,,,,,,,,,,,,,,,,,,,,107,,,,,,,,,,,,,,396,,,,,,,,,,,,,,,,,,,,,,,,,,,,,,,,,579,,,,,,,,,,,,1047,,,,,,,,197,280,538,,166,390,,,,,,,,,,,,,,,,,,,,,,,,,,,288,,,,498,,238,,,312,427,,426,,,,,439,,341,,,456,,,,,,,,,507,,,,,16,,894,,,,,,,,,,295,,,,,,,,,,,,,,,,,,,,,,,,,,,,,,,,,,,,,,,,,,,,,,463,,,,,401,540,,,,,,,,,,,,,,,,,,,,,,,,,,,,,,,,,,,,,,,,,,,,,,,,,,,,,,,,,,,,,,,368,,,,,,,,,,,,,,,,,,,,,,,,,,,,106,,,,,40,,,,,,,,,,,,,,,,,,,,,,,,,,,,,,,,,,,,,,,,,,,,,,,,,,,,,,,,,,,,,,,,,,,,,,0,,,,,,,117,0,,,0,,0,0,0,,,0,,,,,,,,,,,,,,,,,,,,,,,,,,,,,,,,,,,,477,,,,,,,,,,,,,,,409,,,,,,,,,,,,,,,,,,,,
2026-10-09T01:00:02+00:00,,,,,,,,,,,,,,,,,,,,,,,,,,,,,,,,1265,,,,,,,,,,,,,,,,,,,,,,,,,38,59,,108,,,,,,,,,,,,,,,,,,,,,,,,,,,,,171,,,294,,,,,,,535,,,,,,,,581,,,,,,259,,337,,,,,,,,,,,,,,539,,165,,,,,,,,,,,,,,,,,,,,,,,,,,,,289,,,,499,,,,,,,,,,,,987,,,,,,,,,,,,106,,,,,,,,,,,,,,,,,,,,296,,,,,,,,,,,,,,,,,,,,,,,,,,,,,,,,,,,,,,,,,,,,,,,,,,,,547,,,,,,,,,,,,,,,,,,,,,,,,,,,,,,,,,,,,,,,,,,,,,,,,,,,,,,,,,,,,,,,369,,,,,,,,442,,,,,,,,,,,,,,,,,,,,,,,,,,,,,,,,,,,,,,,,,,,,,,,,,,,,,,,,,831,,,,,,,,,,,,,,,,,,,,,,,,,,,,,,,,,,,,,,34,,352,,,,,,317,,,225,,181,69,382,,209,352,,,,,,,,,,,,,,,,,,,,,,,,,,,,,,,,,,,,,,,,,,,,,,,,190,,,410,,,,,,,,,,,,,550,,,,,,,
2026-10-09T01:15:02+00:00,206,,,,,,,,,,,283,,,,,,,,,,,,,,,,,,,,1266,,,70,,,,,,,153,,,,,,,,,,,,,,,,,,109,,,,,205,,,78,,,,,,,,,,,,,,,,,,,,,172,,483,,,,,321,,,,,,,,,,334,,,,,,,,,338,,,,1048,,,,96,,,,,,,,166,,,,,,,,,,,,,,,,,,,,,,,,,,,,294,,,,,,,,,,426,545,427,,,,,,,,,,,,,,353,,105,,,,298,,,,16,,,,,,,,,,,,,,,,,,522,,,,,,,,,,,,,160,,,,,,,,,,,,,,,,,,,,,,,,,,,,,,,,,,,,,,,,,,,,,,,,,,,,,,,,,,,,,,,,,,,,,,,,,,,,,,,,,,,,,,,,,,,,,,,,370,,,,396,,,,,396,,,,,,,,,,,,,,,147,,,,,,,,,,,,,,,272,299,119,199,,,,,,,,,,,,,,,,,,,,,,,,,,,,,,,,,378,,,,,,,,,,,,,,,,,,,,,,,,,,,,,,,,,,,,,,,,,,,,,,,,,,,,,,,,,,,,,,,,,,,,,,,,,,,,,,,,143,,483,,,,,,,,,,,,,78,,413,,,,,,,,,,628,,,,,,,,,,
2026-10-09T01:30:01+00:00,,,,,,,,,,,,,,,,,,,,,,,,,,,,,,,,,,,,,,,,,,,,,,,,,,,138,,,,,,,60,,,,,,,,,,,,,,,,,,,,,,,,,,,,,,,173,,481,,,,,,,,,,,,,,,332,587,,,,,,,,339,,,,1046,,,,98,,,,,,,,,,,,,,,,,,,,,,,,,,,,,,,,,299,,,296,,,,,,,,,,,,426,,,,,,,,,,,,,,,,,,,,,,,251,17,,,,,,,,,,,,,,,,,,,,,,,,,,,,,,,159,,,,,,,,,,,,,,,,,,,,,,,,,,,,,,,,,,,,,,,,,,,,,,,,,,,,,,,,,,,,,,,,,,,,,,,,,,,,,,,,,,,,,,,,,,,,,,,,,,,,397,,,,,397,,,,,,179,,,,,,,,,148,,,,,,,,,,,,,,,,,,,,,,,,,,,,,,,,,,,,,,,,,,,,,,,,,,,,,,,,,,,,,,,,,,,,,,,,,,,,,,,,,,,,,,,,,,,,,,,,,,,,,,,,,,,,,,,,,,,,,,,,,,,,,,,,,,,,,491,,,,,,,,,,,,,,,414,,,,,,,,,,,,,,,,,,,,
2026-10-09T01:45:02+00:00,,,,,,,,,,,,,,341,,,,,,,,,,,,,,,,,,,,,,,,,,,,,,,,,,,,,139,,,,,,,,,,,,,,,,,,,,,,,397,,,,,,,,,,,,,,580,,,,,,,,,,,,,468,,,,,333,,,,,,,,,,,,,1045,,,,,,,,,,,,164,,,,,,,,,,,,,,,,,,,,,,,,,,,,298,,,,,,,,,311,427,,,,,116,,,,,,,,,454,,,,,,,,,,,,17,,,,,,,,,,,,298,,,,,,,,19,,,,,,,,,,,,,,,,,,,,,,,,,,,,,,,,,,,,,,,,,,,,549,,,,,,,,,,,,,,,,,,,,,,,,,,,,,,,,,,,,,,,,,,,,,,,,,,,,,,,,,,,,,,,,,,,,,,,,,,,,,,,,,,,,,,34,,,,,,,,,,,,,,,,,,,,,,,,,,,,,,,,,,,,,,,,,,830,,,,,,,,,,,,,,,,,,,,,,,,,,,371,,,,,,,,,,,,,,,,,,,,,,,,,,,,,,,,,,,,,,,,,,,,,,,,,,,,,,,,,,,,,,,144,,492,,,,,,,,,,,,,,,,,,,,,,,,,,,,,,,,,,,
2026-10-09T02:00:02+00:00,205,,,,,,,,,,,,,,,,,,,,,,,,,,,,,,,,,,,,,,,,,155,,,,,,,,,140,,,,,,,,,110,,,,,,,,,,,,,,,,,,,,,,,,,,,,,174,,,,,,,,,,536,,,,,,,,586,,,,,,,,,,,,1042,,,,,,,,,,,,,,,,,,,,,,,,,,,,,,,,,,,,,,,,300,,,,,,239,,,,,,,,,115,,,,,,,,,,,352,,104,,,,,,,252,17,,,,,,,,,,,,299,,,,,,,,,,,,,,,,,,,,,,,,,,,,,,,,,,,,,,,,,,,,,,465,,,,,,550,,,,392,,,,,,,,,,,,,,,,,,,,,,,,,,,,,,,,,,,,,,,,,,,,,,,,,,,,,,,,,,,,,,,,,,290,,,,,,,,,,,,,,,,,149,,,,,,,,,,,,,,,,,,,,,,,,,,,,,,,,,,,,,,,,,829,,,,,,,,,,,,,151,,,,,,,,,,,,,,,,,,,,,,,,,,,,,,,,,,,,,,,,,,,355,,,,,,,,,,,,,,,,,,,,,,,,,,,,,,,,,,,,495,,,,,,,,,,,,189,,,415,,,,,,,,,,,,,,,,,,,,
2026-10-09T02:15:01+00:00,204,,,,,,,,,,,284,,,,,,,,,,,,,,,,,,,,,,108,,,,,,,,,,,,,,,,,,,,42,,,,59,,109,,,,121,,,,,,,,,,396,,,,220,,,,,,,,,,,175,,,295,,,,320,,,,,,,,,,334,,,,,,,,,,,,,1043,,,,,,,,,,,,,,,,,,,,,,,,,,,,,,,,,,,,,,,,304,,,,,,,,,,426,,,,,,,,,,,,,,453,,350,,103,,,,,,,,17,,,,,,,,,,,,300,,,,,,,,,,,,,,,,,,,,,,,,,,,,,,,,,,,,,,,,,,,,,,,,,,,,552,,,,,,,,,,,,,,,,,,,,,,,,,,,,,,,,,,,,,,,,,,,,,,,,,,,,,,,,,,,,,,,,,,,,,,,,,,,,,,,,,,,,,,,,,,183,107,,,,,,109,,,,,279,,,,216,,,,,,,,,,,,,,,,,,,,,,827,,,,,,,,,,,,,,,,,,,,,,,,,,,,,,,,,,,,,,,,353,,,,,,,,171,,,,,,,,356,,,,,,,,,,,,,,,,,,,,,,,,,,,,,,,,,,,,,,,,,,,,,,,,188,,,,,,,,,,,,,,,,,,,,,,,
2026-10-09T02:30:01+00:00,205,,,,,,,,,,,,,,,,,,,,,,,,,,,,,,,,,106,,,,,,,,154,,,,,,,,,,,,,,,,60,,108,,,,122,,,,,,,,,,394,,,,219,,,,,,,,,,,,318,480,,,,,,,,,,469,,,,,332,,,,,,,,,,,,306,1042,,,,,,,,,,,,166,,,,,,,,,,,,,,,,,,,,,,,,,,,,305,,,,,,,,664,,,,,,,114,,437,,,,,,,454,,346,,102,,,,,,,,17,,,,,,,,,,,,,,,,,,,,,,,,,,,,,,,,,,,,,,,,,,,,,,,,,,,,,,,,,,,,,,348,,555,,,,,,,,,,,,,,,,,,,,,,,,,,,,,,,,,,,,,,,,,,,,,,,,,,,,,,,,,,,,,,,369,,,,,,,,,,,,,,,,,,21,,,,,,,,300,,108,,,,,,,,,,,,,,,,,,,,,,,,,,,,,,,,,,,,,828,,,,,,,,,,,,,,,,,,,,,,,,,,,,,,,,,,262,,,,,,,,,,,,,290,,,,,,,,,,,,,,,,,,,,,,,,,,,,,,,,,,,,,,,,,,,143,,,,,,,,,,339,,326,,186,,,416,,,,,,,,,,,,,,,,128,,,,
2026-10-09T02:45:02+00:00,,,,,,,,,,,,285,,,,,,,,,,,,,,,,,,,,,,105,,,,,,,,,,65,,,,,,,,,,,,,,,18,107,,,23,,,,232,,,,,,,,,,,217,,,,,,,,,,,,,,,,589,,,,,,,,201,,,,331,,,,,,,,,,252,,,,,,,,,,,,,,,,,,,,,,,,,,,,,,,,,,,,,,,,300,,,306,,736,,498,,,,,,428,542,427,,,115,988,435,618,,,,457,,,186,339,,,,,,,,,,17,,,,,,,,,,,,299,,,,,,,,,,,,,,,,,,,,,,,,,,,,,,,,,,,,,,,,,,,,,,,337,,,,,557,,,,,,,,,,,,,,,,,,,,,,,,,,,,,,,,,,,,,,,,,,,,,,,,,,,,,,,,,,,,,,,367,,,,,,,,,,,,,,,180,,,,,,,,,,,,,,,,,,,,,,,,,,,,,,,,,,,,,,,,,,,,,,,,,,,,,,,,,,,,377,,,152,,,,,,,,,,,,,,,,,,,,,,,,,,,,,,,,116,,,,,,,,,,,,,,,,,,,,,,,,,,,,,,,,,,,,,,,,,,,,,,,497,,,,,,,,,,,,,,,417,,,,,,,,,,,,,,,,,,,,
2026-10-09T03:00:01+00:00,204,,,,,,,,,,,,,,,,,,,,,,,,,,,76,,,,,31,,,,,,,,,153,,,,,,,,,,,362,,,,,59,,110,,,,,,,,,,,,,,390,,,,,372,,,,,,,,,,,,478,,,,,,,277,,,,,,,,332,587,,,,,,,,,250,,,1044,,12,,,,,,,,,,,,,,,,,,,,,,,,,,,,,,,,,,,301,,,312,,,,,,,,,309,423,540,,,,116,,432,,,,,,,,,338,,,,,,,,,250,17,,,,,,,,,,,,298,,,,,,520,,,,,,,,,,,,,,,,,,,,,,,,,,,,,,,,,,,,,,,,,,405,,,,,,,,390,,,1380,,,,,,,,,,,,,,,,,,,,,,,,,,,,,,,,,,,,,,,,,,,,,,,,,,,,,,,,,,,,396,149,,,443,396,,,,,,,,,,,,,,,,,,182,109,,,,,,,,,,,,,,,,,,,,,,,,,,,,,,,,,,,,,826,,,,,,,,,,378,,,,117,,,,,,,,,,,,,,,,,262,98,,,,,84,,,,,,,,114,315,,,,,,,,,,,,,,,,,,,,,,,,,,,,,,,,,,,,,,,,,,,544,,,,,,,,,,,339,,,,,,,,,,,,,,,,,593,128,,,,,,,641,,
2026-10-09T03:15:02+00:00,202,,,,,,,267,,,,284,,342,,,,,,,,,,458,411,,,77,,,,,,,,,,,,,,,,,,38,,,,,,,360,,,,37,60,,,,,,120,206,,,,29,10,,,,387,,,,215,,,,,,,,,,579,,,479,,,,,311,,,,,,,,,294,334,,,,786,,,257,,338,247,190,,1039,,13,,,,,,,,,,,,,,,,,,,,,,,,,,,,,,,,,,,,,,313,,735,,,,,,,308,,,,,,117,,426,,,401,284,,447,365,,329,129,97,205,,337,168,,,,17,,,,,,,,,,,40,300,,,,,,,,18,,,,,,,,,,,,,,,,,,,,,,,,,,,,,,,,,,,,,,,,,662,347,,558,,,,,,,1379,,,,,,,,,,,,,,,,,,,,,,,,,,,,,,,,,,,,,,,,,,,,,,,,,,,,,,,,365,,,,394,,69,289,,394,,,,,,,,,,87,194,,,,148,,,181,,,,,,,108,,448,,1184,290,300,,,217,,,,,,,,,,,,,,,,,,,,,,827,,,,,,325,,,,,,,,,,,,,,,,,302,,,,,,,337,,,,263,,,,,,352,,,,,113,,289,,,,,,,,,,,,,,,,,,,,,,,,,,,,,,,,,,,,,,,,,,,142,,,,,,,,,,,,,,187,,,,,,,,,,,,,,,,,,,58,,,,
2026-10-09T03:30:02+00:00,,,,,,,,266,,,,,,340,479,,,,,,,,,453,,,,,,,,,32,,,,,,,,,151,,64,,,,,,,,,358,,,,,55,,109,,,,117,205,,231,,,,,,,384,,,,213,370,,,,,,,,,,176,,,,,,,,,278,,,,,,,,335,,,184,,,,,,336,246,,,,,,,,,,,,,,,,,,,,,,,,,,,,,,,,,,,,,,,,,,,311,,734,,499,,,,,306,,538,,,,115,989,416,619,,,,,446,,184,322,,95,,,,,,,256,17,,,,,,,,,,,,298,,,,,,516,,17,,,,,,,,,,,158,,,,,,,,,,,,,,,,,,,,,,,,,,,,336,404,660,346,400,559,,,,,,,1377,,,,,,,,,,,,,,,,,,,,,,,,,,,,,,,,,,,,,,,,,,,,,,,,,,,,,,,,360,,48,,,,,288,441,,,,368,173,,,,,20,86,,,,,,155,,180,,,,,,,,,,,,,,,,,,,,,,,,,,,,,,,,,,,,,,,,,,722,,,,,,,,,151,,,,,,,,,,,,,,274,,,,,,,262,,,,,,,,,,,112,,288,,,,182,,,,,355,,,,,,,,,,,,,,,,,,,,,,,,,,,,,,,,,542,,,,,,,,,,,,,,,188,,,,,,,,,,,,,592,,,,,,,,,,
2026-10-09T03:45:01+00:00,201,,,,,,,265,,,,281,,339,,,,,,,,,,452,412,,,,,,62,,30,106,,,,,,,,150,,,,,,,,,,,347,,,,39,57,17,107,,,,113,203,,232,77,26,,,,,380,,,,211,369,,,,,,,,,,,319,478,,,590,,,,,,,,,,,,336,,,,,,,,,331,245,189,305,1038,,,461,,,,,,,,,,,,,,,,,,,,,,,,,,,,,,,,,,,,,,,,,,,,,663,,425,537,,,,,988,398,,342,,,,444,367,182,316,,94,,,336,,,,,17,,893,,,,,,,,,,299,,,,,,515,,16,,,,,,,,,,,156,,,,,,,,,,,,,,,,,,,,,,,,,,,463,,401,654,344,399,556,132,,,389,,,1367,,,,,,,,,,,,,,,,,,,,,,,,,,,,,,,,,,,,,,,,,,,,,,,,,,,,,,,,358,137,,,,,68,,,,,,362,174,,177,,,,,190,,,,,150,298,172,,132,,,,,,,,,,,,,,,,,,,,,,,,,,,,,,,,,,,,824,,,,723,,,,,,,,,150,,,,,,,,,,,,,,,,,,,,755,263,,,,,,353,150,,,,,,287,168,,,,,,,,354,,,,,,,,,,,,,,,,,,,,,,,,,,,,,,,,,541,,,,,,,97,,,,,,324,,,,,,,,,,,,,,,,127,,,,,,,,,
2026-10-09T04:00:01+00:00,199,,,,,57,,266,,,,,,,,,89,,,,,,,443,,,,,,,63,1257,31,104,,,,,,,148,149,,,,,,,,,,,341,,,,40,52,,105,,178,,106,200,,,,,,,,,374,,,,209,365,,,,,,,197,,578,,,477,,,589,82,,,277,537,,463,,164,,,334,588,,,784,78,800,213,113,324,,187,302,1033,,,,,,,,197,280,536,,,389,,,,,,,,,,,,,,,,,,,,,,,,300,,,310,,732,,500,,,,659,299,423,536,425,,,117,987,375,,341,400,,,,,179,311,,91,,,335,167,,,255,17,,,,,,,,,,,,,,,,,,511,,,,,,,,,,,,,,,,,,,,,,,,,,,,,,,,,,,,,,,,461,,396,647,346,400,555,129,,,,,,1343,,,,,,,,,,,,,,,,,,,,,,,,,,,,,,,,,,,,,,,,,,,,,,,,,,,,,,,,,,,,,,,,,,,,,,,,,,,,,,,,,,,,,,,,,,,,,,,,,,,,,,,,,,,,,,,,,,,,,,,,,817,,,,,,,,,,,,,149,,,,,,,,,,,,,,273,273,,336,,,,,,,,,,,,,,,,,,,,,,,,,,,,,,,,,,,,,,,,,,,,,,,,,,,,,,,,,,,538,,,,,,288,98,566,,324,,,,,186,79,,,,483,,,,,,,,591,,,,,,57,,,,
2026-10-09T04:00:02+00:00,,,,,,,,,,,,,,,,,,,,,,,,,,,,,,,,,,,,,,,,,,,,,,,,,,,,,,,,,,,,,,,,,,,,,,,,,,,,,,,,,,,,,,,,,,,,,,,,,,,,,,,,,,,,,,,,,,,,,,,,,,,,,,,,,,,,,,,,,,,,,,,,,,,,,,,,,,,,,,,,,,,,,,,,,,,,,,,,,,,,,,,,,,,,,,,,,,,,,,,,,,,,,,,,,,,,,,,,,,,,,,,,,,,,,,,,,,,,,,,,,,,,,,,,,,,,,,,,,,,,,,,,,,,,,,,,,,,,,,,,,,,,,,,,,,,,,,,,,,,,,,,,,,,,,,,,,,,,,,,,,,350,136,,126,,148,66,279,439,,,,339,166,,,,36,19,,185,281,,,,129,295,154,,,,,,39,,,,,,,,,,,,,,,,,,,,,,,,,,,,,,,,,,,,,,,,,,,,,,,,,,,,,,,,,,,,,,,,99,756,,187,700,,,158,,147,132,,,109,,,,,,,81,381,,208,353,,,,,,,,,,,,,,,,,,,,,,,,,,,,,,,,,,,,,,,,,,,,,,,,,,,,,,,,,,,,,,,,,,,,,,,
2026-10-09T04:05:02+00:00,,,,107,,,,,,,,282,,337,,,,,,,,,448,440,380,,,,,,50,980,25,101,65,,,,,,147,150,,,,37,,,,,,,342,,,,41,54,15,104,,,24,,199,,233,,,,,,,373,,,,220,,,,,,,,,,,,,,,,,,,,,,,,,,,,,,,,,,,,,,,,,,,,,,,,,,,,,,,,,,,,,,,,,,,,,,,,,,,,,,,,,,,,,,,,,,295,424,535,426,,,,,369,,,,,,,366,176,305,,89,206,,336,166,,,248,17,,,,,,,,,,,,,,,,,,510,,,,,,,,,,,,,,,,,,,,,,,,,,,,,,,,,,,,,,,,,,394,,,,,130,,233,,,,,,,,,,,,,,,,,,,,,,,,,,,,,,,,,,,,,,,,,,,,,,,,,,,,,,,,,,,,349,,47,,,,67,274,438,,,,336,,,176,22,34,,,184,,,,,124,293,153,,,,,,,,,,,,,,,,,,,,,,,,,,,,,,,,,,,,,,814,,,,722,,,337,,,380,,,,,,,,,,77,,,,109,309,,,272,,,261,98,755,,,699,,,,,,,,,,,,,,,,,,,,,,,,,,,,,,,,,,,,,,,,,,,,,,,,,,,,,536,,,498,,,,,,,274,,,,,,,,,,,272,,,,,,,590,,,,,,56,,,,
2026-10-09T04:10:01+00:00,,,,108,,,,,,,,,,,,,88,,,,,,,439,,,,,,,,979,,102,,,,,,,146,,,,,,,,,,,,338,,,,40,53,12,105,,,,105,,,,,,,,,,370,,,,221,363,,287,,135,,,,,577,177,318,473,294,,587,81,294,,,,,460,,,,,,584,,,,,799,174,109,318,241,189,301,1020,,,,,,,947,,,532,,,,,,,,,,,,,,,,,,,,,,,,,,,,,,311,,731,,499,,158,,657,,423,,,,,,,361,,,,,,,,,,,,,,,,,,246,17,,,,,,,,,,,,297,,,,,,502,,,,,,,,,,,,,,,,,,59,,,,,,,,,,,,,,,,,,,,,,465,,390,645,,,,,,,,,,,,,,,,,,,,,,,,,,,,,,,,,,,,,,,,,,,,,,,,,,,,,,,,,,,,,,,,,,345,,,,,,,,,,,,,,,177,,,18,,,,,,,115,,,,133,,,,,101,,,,,295,287,120,197,216,,,,,,,,,,,,,,,,,,,,,,,,,,,,,,,,,,,,,,,,,,,,,,,,,,,,,260,,,,186,,124,,,,146,,,,108,,,,,,,,380,,,351,,,,,,,,,,,,,,,,,,,,,,,,,,,,,,,,,,,,,,,,,,,,,,,,,,,416,,,,,,,,,,,,,,,,,,,,
2026-10-09T04:15:02+00:00,,,,,,,,265,,,,,,336,,,,,,,,,,436,,,,53,,,,977,,97,,,,,,,,,,,,,,,,,,,,,,,,54,,,,177,25,101,,,,,25,,,,,371,,,,218,,,,,,,,,,,,,,,,,,,,,,,,,,,,,,,,,,,,,,,,,,,,,,,,,,,,,,,,,,,,,,,,,,,,,,,,,,,,,,,,,,,,,,,,,,294,,,427,,,116,,356,,,,,,,365,,296,,87,,,,165,,,240,17,,,,,,,,,,,,298,,,,,,501,,,,,,,,,,,,,155,,,,,,,,,,,,,,,,,,,,,,,,,,,,,388,,345,398,554,129,,,,91,,,,,,,,,,,,,,,,,,,,,,,,,,,,,,,,,,,,,,,,,,,,,,,,,,,,,,,,,,340,,45,,,,,268,,,,,332,162,,176,21,,17,,,,,,,113,292,151,110,134,,38,,,,,,,,,,,,,,,,,,,,,,,,,,,,,,,,,,810,,,,,,324,336,,,,,,,,,,,,,,,,,110,,,272,,,,259,,749,261,183,,122,,,,,,,,,,,,,,,,,,,,,,,,,,,,,,,,,,,,,,,,,,,,,,,,,,,,,,,,,,,,,,,,,,,183,,85,417,,,,,,,,,,,,,,,,,,,,
2026-10-09T04:20:01+00:00,,,,,,,,,,,,,,,,,,,,,,,,434,340,,,,,,,976,,96,,,,,,,,149,,,,,,,,,,,335,,,,,,13,106,,,26,106,,,,,24,,,,,372,,,,219,360,,,,,,,198,,,,317,471,,236,586,79,,,,,,,202,,,293,331,583,,,783,79,,157,,316,239,,,1021,,,,97,,,945,,,,,,,,,,,,,,,,,,,,,,,,,,,,,,,,,,,,,498,,,,,293,422,,,,,,985,351,,,,,,,,,,,,,,,,,,239,17,,892,,,,,,,,,,296,,,,,,498,,17,,,,,,,,,,,,,,,,,,,,,,,,,,,,,,,,,,,,,,,,387,642,342,397,,,,,,90,,1339,,,,,,,,,,,,,,,,,,,,,,,,,,,,,,,,,,,,,,,,,,,,,,,,,,,,,,,,339,,44,,,147,,267,436,,,,333,,,175,,,,,,,,,,112,,150,111,,,,,,97,316,,,1183,299,280,,196,,,,,,,,,,,,,,,,,,,,,,,808,,,101,723,,,,,,,,,,,,,,,,,,,300,109,,,271,271,,334,,,750,,,,,33,,,145,133,,,,317,,,,,,79,,,,,,,,,,,,,,,,,,,,,,,,,,,,,,,,,,,,,537,,,,,,,,,,274,,,323,,181,,,,,482,,,,,,,,,,,,,,,,,,
2026-10-09T04:25:01+00:00,,,,,,,,266,,,,283,,,,,,,,,,,,431,,,,,,,,974,,95,,180,,,,,145,148,,,,,,,,,,,331,,,,39,53,,,,,,,198,,,,35,15,,,,,,,,,,,,,,,,,,,,,,,,,,,,,,,,,,,,,,,,,,,,,,,,,,,,,,,,,,,,,,,,,,,,,,,,,,,,,,,,,,,,,,,,,,,,,,,,,,,421,534,,,,115,981,346,,,399,,,443,366,174,282,,82,,,,,,,236,17,125,,,,,,,,,,,297,,,,,,,,,,152,,,,,,,,,,,,,,,,,,,,,,,,,,,,,,,,,,,,,,,639,340,398,,,,,,92,,,,,,,,,,,,,,,,,,,,,,,,,,,,,,,,,,,,,,,,,,,,,,,,,,,,,,,,,,337,,43,,,,,261,434,,,,330,161,,176,,,16,,,,,,,106,291,147,,,,,,,,,,,,,,,,,,,,,,,,,,,,,,,,,,,,,,806,,,,722,,,,,,381,,,148,116,,,,,,,,,,,307,,,,,333,,,748,,,698,,,,,143,,,,105,318,286,167,,,,78,379,,,,,,,,,,,,,,,,,,,,,,,,,,,,,,,,,,,,535,,124,,,,,,,,,,,324,,,,,,,,,,,,,,,589,,,,,,,,,,
2026-10-09T04:30:02+00:00,197,,,,,58,,,,,,,,332,,,,,,,,,,428,,,,,,,51,973,24,93,,,,,,,,,,,,,,,,,,,,,,,40,52,11,104,,,,105,197,,,,,,,,,369,,,,,358,,286,,,,,,,,176,315,467,293,,584,,,,276,,33,457,,,,289,,582,,182,,,797,254,105,310,235,192,299,1014,,,460,,,,942,200,,531,,,,,,,,,,,,,,,,,,,,,,,,,,,,,,,,730,,497,,,,654,291,422,530,425,,,116,978,344,,,,,,,,,,,,,,,,,,231,17,,,,,,,,,,,,,,,,,,497,,,,,,,,,,,,,153,,,,,,,,,,,,,,,,,,,,,,,,,,,464,331,385,638,337,396,,,,234,386,,,1334,,,,,,,,,,,,,,,,,,,,,,,,,,,,,,,,,,,,,,,,,,,,,,,,,,,,,,,,332,,42,,395,148,66,256,432,395,,,,160,,177,,36,,87,,,,36,,,,141,110,136,,,139,,96,314,447,,1180,300,274,,,214,,,,,,,,,,,,,,,,,,,,,,805,,,,,,323,,,,,,,,,,,,,,,,,,,305,,270,,,,258,,747,,,,,,,,,,,,,,,,,,,,,,,,,,,,,,,,,,,,,,,,,,,,,,,,,,,,,,,,,,125,497,74,331,,,567,,274,,,,,179,,,,,,,,100,,,,,,128,,549,,,,,,,
2026-10-09T04:35:02+00:00,196,,,,,,,,,,,282,,331,,,,,,,,,,424,341,,,,,,52,,25,94,,179,,,,,,,,63,,35,,,,,,,328,,,,41,53,12,106,,,,107,195,,,,,14,,,,368,,,,218,,,,,,,,,,576,,313,465,291,232,582,78,,,275,536,,456,,,,287,327,578,,183,781,78,796,277,102,306,233,194,298,1001,,,459,,,,,,,,,,,,,,,,,,,,,,,,,,,,,,,,,,,,,,,,,496,,,,653,,421,,424,,,,,342,,,,,,,363,171,275,,80,205,,,164,149,,233,17,,,,,,,,,,,,,,,,,,496,,,,,,,,,,,,,151,,,,,,,,,,,,,,,,,,,,,,,,,,,,330,,636,336,394,,,,233,,,,,,,,,,,,,,,,,,,,,,,,,,,,,,,,,,,,,,,,,,,,,,,,,,,,,,,,,,,,328,,,,,147,,251,430,,,,331,,,174,,,,,181,,,,,104,290,137,112,137,,,140,41,88,312,446,,1179,299,362,119,194,219,,,,,,,,,,,,,,,,,,,,,,801,,,98,720,,,,,,378,,,,,,,,,,,,,299,106,306,,263,269,,,,,748,,,,123,,159,,140,,,,,331,284,,,,,,378,,,,,,,,,,,,,,,,,,,,,,,,,,,,,,,,,,,,,141,,496,,,,,,,,,,,,,,,,,,271,,,,,,,590,,,,,,55,,,,161
2026-10-09T04:40:01+00:00,193,,,,,57,,265,,,,,,330,,,87,,,,,,447,420,,,,,,,53,969,,92,,,,,,,,,,,,,,,,,,,326,,,,,,11,103,,,,106,,,,,,12,,,,367,,,,217,356,209,,,,,,,,,,,,,,,,,,,,,,,,,,,,,,,,,,,,,,,,,,,,,,,,,,,,,,,,,,,,,,,,,,,,,,,,,,,,,,,,,,,,,,,,,419,,,,,117,975,341,,,,,,,,,,,,,,,,148,,232,17,,891,,,,,,,,,,295,,,,,,,,,,,,,,,,,,,149,,,,,,,,,,,,,,,,,,,,,,,,,,,463,327,383,634,332,,553,128,,,387,95,,,,,,,,,,,,,,,,,,,,,,,,,,,,,,,,,,,,,,,,,,,,,,,,,,,,,,,,,,,,41,,,,67,248,,,,,330,159,,175,,,,,179,,,,,102,,136,,,,39,,,,,,,,,,,,,,,,,,,,,,,,,,,,,,,,,,,,,,,,,,,,,,,,,,,,,,,,,,,,,,,,,,97,747,,,,,,,,139,,,,,,286,,,,,,377,,,350,,,,,,,,,,,,,,,,,,,,,,,,,,,,,,,,,,142,,495,,,,,,,273,,,325,,177,,,,,,,,,,,,514,,,,,,,,,,,
2026-10-09T04:45:02+00:00,,,,107,,58,,,,,,,,327,,,,,,,,,446,418,,,,,,,54,967,,91,,180,,,,,146,,,62,,30,,,,,,,325,40,,,42,50,7,,,,,,194,,,76,,13,,,,365,,,,,,,,,,,,,,577,,314,464,,,580,77,,219,272,535,,455,,,,284,325,575,,,,,,,101,303,230,193,296,1003,,,458,98,,,938,199,,530,57,,,,,,,,,,,,,,,,,,,,,,,,,,299,,,310,,728,,494,,,,645,287,418,,423,,,116,,340,,,,,456,442,362,169,269,,78,204,250,,163,147,,,17,124,,,,,,,,,,,296,,,,,,,,,,,,,,,,,,,148,,,,,,,,,,,,,,,,,,,,,,,,,,,461,325,377,631,,393,549,125,,232,384,,,1308,,,,,,,,,,,,,,,,,,,,,,,,,,,,,,,,,,,,,,,,,,,,,,,,,,,,,,,,320,,,,393,,65,246,429,393,,,323,,,173,,,,,,,,,,98,287,128,,,,,,42,86,314,443,,1177,298,264,120,,220,,,,,,,,,,,,,,,,,,,,,,800,,,97,719,,322,,,,,,,147,,,,,,,,,,297,105,305,,262,267,,,257,,746,260,182,697,,,,,138,,,,104,332,,163,,,,,,,,,,,,,,,,,,,,,,,,,,,,,,,,,,,,,,,,,532,141,,,,330,,,,,,,,,,175,,,,,,,,,,,,,589,,,548,,,54,,,,
2026-10-09T04:50:02+00:00,191,,,,,,,,,,,,,326,478,,,,,,,,,412,,,,54,,,,965,,88,,,,,,,143,,,,,27,,,,,,,322,,,,,49,,105,,,,104,193,,,,36,14,,,,359,,,,215,353,210,,190,134,,,,,,,311,460,290,230,577,,,218,269,533,,,,163,,280,326,,,,780,,794,278,102,302,227,192,290,999,,,457,99,,,935,200,,529,,,387,,,,,,,,,,,,,,,,,,,,,,,,,,,,,725,,493,,,,637,290,410,,422,,,115,974,,,,,,,,,,,,,,,,,144,,231,17,,,,,,,,,,,,295,,,,,,497,,16,,151,,,,,,,,,145,,,,,,,,,,,,,,,,,,,,,,,,,,,,324,376,629,331,388,548,124,,,383,,,,,,,,,,,,,,,,,,,,,,,,,,,,,,,,,,,,,,,,,,,,,,,,,,,,,,,,,,,315,,40,,,,64,245,,,,16,319,157,,174,,,,,178,,116,35,,94,,127,,136,,,,43,,,,,,,,,,,,,,,,,,,,,,,,,,,,,,,,796,,,,718,,321,335,,,375,,,,,,,,,,,,,,104,304,,257,,,327,258,95,,259,,,,,,,136,,,,,331,287,161,,,,,376,,,349,,,,,,,,,,,,,,,,,,,,,,,,,,,,,,,,,530,142,,492,,,,99,566,,,339,,,,,,,416,,,270,,,,,,,588,,,,,,,,,363,
2026-10-09T04:55:01+00:00,189,,,,,,,,,,,281,,325,,,,,,,,,,407,340,,,,,,53,959,,92,,,,,,,140,144,,,,28,,,,,,,318,,,,43,47,8,,,176,,100,190,,232,75,,,98,,,355,,,,214,,,,,,,,,,,,308,450,287,,573,75,,,264,529,,448,,162,,278,323,573,,181,779,,793,276,97,297,222,,284,995,14,12,,,,,,,,,,,,,,,,,,,,,,,,,,,,,,,,,,,,,,,,,,,,,,,285,411,531,,,,,967,,,339,,,,437,359,166,255,127,71,203,248,333,164,,,230,17,,890,,,,,,,,,,,,,,,,495,,15,,152,,,,,,,,,,,,,,,,,,,,,,,,,,,,,,,,,,,,459,325,375,625,328,,546,121,,,,94,,1274,,,,,,,,,,,,,,,,,,,,,,,,,,,,,,,,,,,,,,,,,,,,,,,,,,,,,,,,311,,39,,392,,65,239,427,392,,,304,,,171,,35,15,,,,117,34,,82,285,122,113,137,,,,,,,,,,,,,,,,,,,,,,,,,,,,,,,,,,,,,,,,,,,,,,,,,146,,,,,,,,,,,101,,,,265,,,257,,745,258,,696,,34,158,,129,132,,,,,286,,,,,,,,207,348,,,,,,,,,,,,,,,,,,,,,,,,,,,,,,,,,529,,,,73,329,,,565,,,,100,324,,,,,415,,,271,,,69,,,,,,,,,,55,,,,
2026-10-09T05:00:02+00:00,187,,,,,59,,,,,,278,,,475,,,,,,,,,400,,,,,,,,955,24,88,66,181,,,,,,143,,,,27,,,,,,,315,,,,42,45,,103,,,,101,187,,231,,,,,,,353,,,,,346,,285,188,133,,,,,,,,,,,,,,,,,,,,,,,,,,,,,,,,,,,,,,,,,,,928,199,279,531,,,384,,,,,,,,,,,,,,,,,,,,,,,,300,,,308,,726,,492,,,,630,284,407,,,,,114,966,339,618,,400,,,,,,,,,,,,,,,229,17,,,,,,,,,,,,291,,,,,,492,,13,,,,,,,,,,,141,,,,,60,,,,,,,,,,,,,,,,,,,,,,458,324,373,624,322,383,543,,,231,381,,,,,,,,,,,,,,,,,,,,,,,,,,,,,,,,,,,,,,,,,,,,,,,,,,,,,,,,,,,304,,37,,,,,235,426,,,,302,153,,,,,,90,,,,,,78,284,112,,,,,,,77,310,452,63,1176,,261,121,195,218,,,,,,,,,,,,,,,,,,,,,,792,,186,,,,320,,,,374,,,145,,,,,,,,,,,100,306,,256,266,,326,256,,743,256,181,694,124,,,,123,,,,103,,,,,,181,,377,,205,,,,,,,,,,,,,,,,,,,,,,,,,,,,,,,,,,526,,,,,328,,,,,271,,,325,,174,,84,416,,,,,,,,,,,,,545,,,,,,,
2026-10-09T05:05:01+00:00,185,278,,,648,60,,264,300,370,,277,,322,473,,,,,,,,445,395,339,,,53,,,,953,23,82,,,,,,,,140,,61,,26,,,,,,,,,,,,46,9,104,,,,100,182,,232,,35,,,,,352,,,120,213,,,,,,,,,,578,175,306,442,,,571,,292,217,262,528,32,449,200,,,,322,572,,178,777,77,,274,95,293,219,196,282,987,,,456,,,,,,,,,,,,,,,,,,,,,,,,,,,,,,,,,,,,,,,725,,491,,157,,626,280,,529,420,,,112,961,,,336,398,,,425,356,161,247,,65,202,246,331,,142,,226,16,,,,,,,,,,,,290,,,,,,487,,11,,,,,,,,,,,,,,,,,,,,,,,,,,,,,,,,,,,,,,457,323,368,623,321,381,540,119,,230,379,92,,,,,,,,,,,,,,,,,,,,,,,,,,,,,,,,,,,,,,,,,,,,,,,,,,,,,,,,,,302,,34,124,,144,64,232,424,,,44,296,151,,169,,,,,,280,,32,147,63,,101,,,,,,42,69,309,451,,1171,296,246,,192,219,,,,,,,,,,,,,,,,,,,,,,788,,,96,717,,317,334,,,371,,,144,115,,,,,,,,,292,99,302,,252,265,259,323,254,94,744,,,686,,,156,354,113,,,,102,,285,160,,,,76,375,,,,,,,,,,,,,,,,,,,,,,,,,,,,,,,,,,,,525,,126,490,,327,,,564,,,,,324,,172,,,415,,,,,,,,,,587,,,544,,,,,,362,
2026-10-09T05:10:02+00:00,,277,,,,59,,262,,,,,,,471,,,,,,,,,390,,,,54,,,54,954,22,,,,,,,,,137,,,,25,,,,,,,,,,,43,,,99,,175,27,,181,,230,74,,,100,,,,,,,214,341,,,186,132,236,,,,,,,,,,,,,,,,,,,,,,,,,,,,,,,,,,,,,,,,96,213,919,198,280,528,,,382,,,,,,,,,,,,,,,,,,,,,,,,,,,,,,,,,,,,,403,527,417,,,110,958,,615,335,,,,,,,,,,,,,,141,,225,16,123,,,,,,,,,,,,,,,,,481,,9,107,153,,,,,,,,,129,,,,,,,,,,,,,,,,,,,,,,,,,,,458,321,366,616,314,375,536,116,,228,381,,,1270,,,,,,,,,,,,,,,,,,,,,,,,,,,,,,,,,,,,,,,,,,,,,,,,,,,,,,,,296,134,33,,,,,225,417,,,,291,150,,167,,,,,177,,,30,,52,283,92,112,,,38,,,,,,,,,,,,,,,,,,,,,,,,,,,,,,,,,,,,,,,,,,,,,,,143,,,,,,,,,,,,,,,,254,,253,,743,255,,678,,,,,111,,,,105,,284,,,,,75,,,204,347,,,,,,,,,,,,,,,,,,,,,,,,,,,,,,,,,522,,,487,,326,,98,,,269,,,,,170,,,414,,,269,,,,,,,,127,,543,,181,,,,,
2026-10-09T05:15:02+00:00,183,278,,,644,,,,,369,,274,,320,468,,86,,,,,,,384,338,,,,,,57,950,20,83,65,183,,,,,139,136,,58,,23,,,,,,,314,39,,,,47,,,,,26,101,180,,231,,34,,,,,351,,,,,,,,,,,,,,,173,303,438,286,231,568,,287,216,257,523,,448,,,,274,317,569,,177,666,76,787,270,92,280,,,279,984,,13,453,,,,,,,,,,,,,,,,,,,,,,,,,,,,,,,,,260,,,,307,,726,,489,181,158,,620,274,404,525,413,,,111,955,,,336,397,,457,409,,162,,126,66,197,245,330,,142,,229,16,,891,,,,,,,,,,289,,,,,,483,,7,,,,,,,,,,,128,,,,,,,,,,,,,,,,,,,,,,,,,,,455,318,365,614,310,371,534,115,,227,,,,,,,,,,,,,,,,,,,,,,,,,,,,,,,,,,,,,,,,,,,,,,,,,,,,,,,,,,,,294,,32,123,393,143,,222,414,393,,,281,146,,168,19,39,,87,,,,29,,43,281,87,111,,,,139,,59,302,450,,,295,231,,191,220,,,,,,,,,,,,,,,,,,,,,,785,,,94,716,,313,,,283,369,,,142,,,,,,,,,,289,,298,,248,263,244,324,249,93,740,256,180,674,,35,,,108,131,,,107,,,,,,180,,374,,,346,,,,,,,,,,,,,,,,,,,,,,,,,,,,,,,,,519,,,,72,322,289,,,,268,339,,,,169,80,,411,,479,,,,,,,513,585,,,542,,180,,,,361,
2026-10-09T05:20:01+00:00,,274,,,643,58,,261,,,,275,,319,,,,,,,,,443,380,,,,,,,54,948,,82,,182,,,,,140,135,,57,,,,,,,139,,310,40,,,,46,8,94,,,,102,178,,,,,,,,,348,,,,,337,209,283,185,,,,,,,,,,,,,,,,,,,,,,,,,,,,,,,,,,,,,,,,,,,,909,,,529,,,,,,,,,,,,,,,,,,,,,,,,,,,,,,,,,,,,,,,,400,524,,,,112,953,337,,334,396,,,,,,,,,,,,,140,,,16,124,,,,,,,,,,,288,,,,,,,,4,,,,,,,,,,,123,,,,,,,,,,,,,,,,,,,,,,,,,,,453,316,363,610,307,364,529,116,,226,,,,1202,,,,,,132,,,,,,,,,,,259,103,53,25,,,,,,,20,244,339,,,332,,,,,,,,,,,,20,,,,,,,,,,,,291,,30,122,391,,65,217,404,391,,,275,144,,167,18,38,14,88,,279,,28,,25,,85,,,,39,138,,,,,,,,,,,,,,,,,,,,,,,,,,,,,,,,,782,,,92,714,,310,,,,366,,,138,116,,,,,,,,,284,,292,,246,262,239,320,248,,741,,176,666,,,,,,,,,,,,,,,,,,,,,,,,,,,,,,,,,,,,,,,,,,,,,,,,,,,,,517,141,,488,73,321,,,563,,267,,,325,,171,,,409,,477,268,,,,,,,,,,541,,,56,,,,
2026-10-09T05:25:01+00:00,181,273,,,642,57,,262,,370,,273,,,463,,85,,,,,,442,372,337,,,,,,55,947,17,80,,,,,,,139,136,,58,,,,,,,,,311,38,,,,47,7,93,,,,103,175,,,,,15,,,,347,,,,218,,,,,,,,,,,171,302,433,284,230,565,,,215,252,517,31,446,199,161,117,268,316,,,,663,78,779,268,93,270,211,,276,971,,,449,,,,,,,,,,,,,,,,,,,,,,,,,,,,,,,,,,299,,,308,,725,,,,,,606,,396,522,407,,,,948,336,614,332,393,282,458,385,341,156,237,,55,194,243,329,162,138,,231,16,123,,,,,,,,,,,,,,,,,478,,0,105,,,,,,,,,,118,,,,,,,,,,,,,,,,,,,,,,,,,,,449,312,354,601,300,354,525,112,,225,,89,,,,,,356,,,,,,,,,,,,,,100,51,,,,,,,,,242,,,,331,,,,,,,,,,,,18,,,,,,,,,,,,288,132,29,121,390,141,64,219,398,390,,41,269,,,166,,,,86,,,127,,,23,280,78,,136,,,,,,,,,,,,,,,,,,,,,,,,,,,,,,,,,,,,773,,,,713,,308,333,,,365,,,137,,,,,,,78,,,283,98,290,,242,260,235,319,239,,738,257,175,654,,,,355,101,,161,,106,330,285,,,,177,,368,,203,345,,,,,,,,,,,,,,,,,,,,,,,,,,,,,,,,,515,142,,487,,318,,,,,,,,,,169,,,407,198,,269,,,,,,,583,,,540,,,57,,,,
2026-10-09T05:30:02+00:00,,271,,,640,,,261,298,368,,271,,318,457,,,,,,,,440,362,,,,,,,56,946,,78,,,,,,,137,135,,57,,20,,,,,,,309,,,,44,43,,92,,,27,101,173,,,,,,,,,340,,,,,340,208,282,183,128,,,,,,,,,,,,,,,,,,,,,,,,,,,,,,,,,,,,,,,,,95,214,903,197,279,528,,,381,,,,,,,,,,,,,,,,,,,,,,,,,,,,,,,,,,,,273,395,514,402,,,,946,337,,331,391,,,,,,,,,,,,,137,,230,16,122,890,,,,,,,,,,282,,,,,,468,,,,152,,,,,,,,,111,,,,,59,,,,,,,,,,,,,,,,,,,,,,448,308,346,594,292,344,520,109,,221,379,,,1170,,,,,,,,,,,,,,,,,260,101,49,24,,,,,,,,241,,,,330,,,,,,,,,,,,,,,,,,,,,,,,,130,28,,,137,63,215,391,,,40,264,142,,,,,13,,175,277,126,26,144,4,275,67,108,,,,,41,49,291,451,,1168,292,350,,188,219,,,,,,,,,,,,,,,,,,,,,,770,86,,90,712,,306,,,282,364,,,135,117,,,,,,,,,278,97,289,,239,259,229,318,237,,734,256,171,648,,36,155,354,98,,162,,105,,284,,,,175,77,364,,201,343,,,,,,,,,,,,,,,,,,,,,,,,,,,,,,,,,512,,,486,,317,,,562,,266,,,,,166,81,,,,476,268,,,,,,,,,,,,179,55,,,,
2026-10-09T05:35:01+00:00,180,267,,,634,59,71,259,,,,265,,316,453,,84,,,,,,,354,336,,,,,,,938,19,,,,,,,,136,133,,,,17,,,,,,,308,,,,41,37,,95,,,,100,168,,,73,35,,,,,339,,,,217,,,,,,,,,,577,168,300,421,281,226,562,72,286,,250,510,33,444,198,,,265,315,566,,179,662,77,776,265,92,258,200,,272,946,13,,446,97,92,213,898,196,278,529,,,380,,,,,,,,,,,,,,,,,,,,,,,,297,,,,,724,,484,,,,591,269,391,,392,,,,944,336,613,332,389,281,461,344,315,155,224,122,39,183,245,327,160,132,,229,17,118,,,,,,,,,,,280,,,,,,461,,,,151,,,,,,,,,,,,,,58,,,,,,,,,,,,,,,,,,,,,,446,306,,587,291,340,513,,,220,378,86,,,,,,358,,,,,,,,,,,,,256,97,50,23,,,,,,,,242,,,,328,,,,,,,,,,,,,,,,,,,,,,,,286,128,27,,389,135,62,212,385,389,,,258,140,,161,,36,,87,,,,24,141,104,270,62,106,,,,,39,41,277,447,,1159,288,204,,184,216,,,,,,,,,,,,,,,,,,,,,,765,,185,87,710,,295,331,,283,359,,,132,,,,,,,77,,,269,95,278,,229,255,216,315,234,,732,257,169,643,,,,,,,,,,,,,,,,,,,,,,,,,,,,,,,,,,,,,,,,,,,,,,,,,,,,,508,,,485,74,,,97,561,,265,,,,,165,82,83,404,,,266,,,,,,,582,,,534,,178,,,,,
2026-10-09T05:40:01+00:00,179,262,,,631,,,256,,369,,267,,314,449,,,,,,,,438,350,335,,,,,,54,934,21,76,67,,,,,,,134,,58,,,,,,,,,306,,,,42,27,6,92,,174,28,98,164,,230,72,34,,,,,,16,,,213,342,205,,,127,235,,,,,,,,,,,,,,,,,,,,,,,,,,,,,,,,,,,,,,,,,,,,,,,,,,,,,,,,,,,,,,,,,,,,,,,,,,,,,,,,,,,,,381,510,386,,,,933,335,611,330,386,,,,,,,,,,,,,133,,224,17,116,,,,,,,,,,39,274,,,,,,457,,,,150,,,,,,,,,,,,,,,,,,,,,,,,,,,,,,,,,,,,440,300,340,582,289,332,508,108,,219,376,85,,,,,,357,,131,,,,,,,,,,,,95,46,24,,,,,,,21,240,,,,324,,,,,,,,,,,,20,,,,,,,,,,,,287,125,,,,131,61,208,384,,,,256,141,,159,17,35,,85,173,276,125,25,,99,268,54,104,,,,,,,,,,,,,,,,,,,,,,,,,,,,,,,,,,,,,,,,,708,,292,,,281,,,,133,,,,,,,,,,,,,,,,,312,229,88,729,256,163,630,,,,,94,130,,53,111,327,283,158,,,173,76,362,,200,342,,,,,,,,,,,,,,,,,,,,,,,,,,,,,,,,,507,141,,,73,316,,,,,262,333,,,,163,,81,403,197,477,,,,,,,,580,,,532,,176,,,,,
2026-10-09T05:45:02+00:00,177,260,,,629,57,,255,296,367,,,,312,444,,82,,,,,,436,342,,,,,,,53,931,,71,66,183,,,,,133,132,,60,,16,,,,,138,,,37,,,39,24,,90,,,29,95,157,,231,,31,,,,,330,,,122,214,339,,281,179,,,,,,574,164,296,414,278,221,561,,,214,,501,29,441,195,158,,257,312,563,160,,658,79,774,263,91,243,198,193,267,922,,,442,94,90,,886,,,530,,,382,,,,,,,,,,,,,,,,,,,,,,,,298,,,309,,721,,472,,,,573,266,372,504,381,,,,927,,606,329,382,279,460,293,280,154,209,,32,171,243,324,153,132,,219,17,113,,,,,,,,,,37,267,,,,,,449,,,,149,,,,,,,,,107,,,,,,,,,,,,,,,,,,,,,,,,,,,443,298,333,577,285,325,499,104,,216,373,81,,1129,,,,,,,,,,,,,,,,,257,93,,,,,,449,,,22,,,,,,,,,,,,,,,,,,,,,,,,,,,,,283,,,,,130,,200,381,,,,250,143,,157,16,,12,84,,275,,23,140,85,267,50,100,,,,,,,,,,,,,,,,,,,,,,,,,,,,,,,,,,,,,754,,,,,,,,,,358,,,132,,,,,,,76,,,264,91,,,225,253,211,,224,85,727,,161,628,125,,156,355,93,,,,113,326,,,,,,,361,,,,,,,,,,,,,,,,,,,,,,,,,,,,,,,,,,,,506,142,125,483,72,313,288,,560,,261,,,326,,160,80,,402,195,474,264,,,,,,512,,,,530,,,54,,,360,
2026-10-09T05:50:01+00:00,173,258,,,623,,,,,366,,266,,313,434,,81,,,,,,434,336,334,,,,,,,927,,67,,,,,,,131,131,,62,,15,,,,,139,,301,,,,38,27,,,,173,30,92,156,,,,30,,99,,,,,,121,213,,,,,,,,,,575,163,293,410,277,,555,,285,213,247,496,,,192,,,256,306,559,,177,,78,,262,92,236,196,194,264,914,,,439,93,,,,,,,,,,,,,,,,,,,,,,,,,,,,,,,,,302,,,308,,717,,465,,153,,558,261,362,503,377,,,,919,,604,327,377,,,,,,,,,,,,,128,,220,17,111,889,,,,,,,,,,,,,,,,442,,,104,,,,,,,,,,106,,,,,,,,,,,,,,,,,,,,,,,,,,,439,299,332,567,279,317,478,102,,211,368,78,,,,,,,,129,,,,,,,,,,,253,94,45,,,,,,,,,,,,,323,,,,,,,,,,,,18,,,,,,,,,,,,281,123,26,,385,129,60,189,375,385,35,,243,142,46,158,15,,,,170,273,124,20,137,72,265,42,96,137,,,,,40,260,453,,1154,284,343,119,182,187,,,,,,,,,,,,,,,,,,,,,,748,,183,86,705,,290,329,,,355,,,131,119,,,,,,74,,,263,93,275,,222,251,202,309,223,84,723,258,160,,124,,157,356,92,129,161,,114,325,,159,,,,,360,,,,,,,,,,,,,,,,,,,,,,,,,,,,,,,,,,,,504,,,482,71,309,,96,,,,,,,,159,81,82,401,,468,,,,,,,,579,,,524,,174,53,,,,162
2026-10-09T05:55:01+00:00,177,256,,,620,56,,,295,363,,264,,311,425,,75,,,,,,430,328,332,,,,,,,924,,62,,,,,,,130,129,,61,,,,,,,,,299,36,,,,29,5,82,,,31,90,152,,232,,28,,100,,,322,,,123,214,340,204,,170,124,234,,,,,,,,,,,,,,,,,,,,,,,,,,,,,,,,,,,,,,,,89,211,875,194,277,528,,,,,,,,,,,,,,,,,,,,,,,,,,,,,,,,,,,,,,,257,353,498,373,,,,909,333,601,324,373,277,457,266,266,151,204,112,22,150,232,316,148,123,,221,17,106,888,,,,,,,,,36,254,,,,,,422,,,101,148,,,,,,,,,103,,,,,,,,,,,,,,,,,,,,,,,,,,,433,295,324,559,276,308,456,99,,205,369,75,,1095,,,,,,131,,,,,,,,,,,247,93,44,23,,,,448,,,21,238,,,,322,,,,,,,,,,,,17,,,,,,,,,,,,277,122,25,118,382,125,62,184,370,382,34,,241,137,,151,,,8,85,169,270,,16,132,54,261,32,95,135,,,137,37,,,,62,,,,,,,,,,,,,,,,,,,,,,,,,,,,736,,178,80,,,285,327,,276,349,,,,,,,,,,70,,,256,86,254,,215,250,199,307,225,,718,,156,624,122,35,155,355,84,,,,118,323,,155,,,169,,354,,199,341,,,,,,,,,,,,,,,,,,,,,,,,,,,,,,,,,502,141,,478,68,306,,,,,259,,,325,,,,81,397,194,464,,,,,,,510,,,,520,,173,54,,,,
2026-10-09T06:00:02+00:00,173,254,,,617,54,,,294,361,,262,,310,422,,74,,,,,,426,316,331,,,,,,52,917,,57,65,,,,,,129,131,,59,,14,,,,,,,295,,,,36,39,,81,,172,30,,149,,,,26,14,99,,,318,15,,,215,,202,280,166,,231,,197,,572,156,290,405,,222,544,71,283,210,235,490,28,,186,157,,243,304,556,159,,,77,770,252,,227,195,193,255,881,,,436,92,88,,870,193,,526,,,381,,,,,,,,,,,,,,,,,,,,,,,,299,,,306,,711,,450,,149,,546,256,345,486,366,,,,904,,594,,367,,,,,,,,,,,,,121,,220,17,98,887,,,,,,,,,,243,,,,,,417,,,100,,,,,,,,,,102,,,,,,,,,,,,,,,,,,,,,,,,,,,429,289,320,540,271,296,440,96,,204,359,72,,,,,,,,,,,,,,,,,,,243,91,41,,,,,,,,,240,,,,319,,,,,,,,,,,,10,,,,,,,,,,,,275,121,24,115,,124,63,175,366,,32,,235,138,45,148,,,7,84,168,268,,15,130,43,257,30,93,,,,136,,22,249,435,,1142,280,156,,181,184,,,,,,,,,,,,,,,,,,,,,,,,174,,,,,,,,,,,,,,,,,,,,,,,,,,245,,,217,82,,257,152,620,,33,154,354,80,127,160,,116,322,,154,,,,75,,,,,,,,,,,,,,,,,,,,,,,,,,,,,,,,,,,,,496,140,,479,,304,302,97,,,258,,,324,,156,80,77,,,462,,,,,,,,578,126,,518,,172,53,,,,
2026-10-09T06:05:02+00:00,171,251,57,108,613,,,254,293,362,,256,,306,415,,70,,,,,,427,309,333,389,,55,,,50,912,,54,,,,,,,127,130,,,,,,,,,138,,294,,,,39,41,,,,171,,89,144,,,73,22,,98,,,314,,,124,214,,,,,,,,,,,155,287,402,276,221,539,70,282,207,233,488,25,439,,,116,239,,554,,,654,78,763,246,,218,193,190,253,850,12,,433,90,,,,,,,,,,,,,,,,,,,,,,,,,,,,,,,,,,,,,,,,,,,,,252,339,472,367,,,,899,331,591,321,359,272,452,545,245,146,198,108,16,139,219,307,138,117,,218,17,90,886,,,,,,,,,35,229,,,,,,409,,,97,,,,,,,,,,101,,,,,,,,,,74,,,,,,,,,,,,,,,,,425,283,316,534,266,290,435,94,,201,357,70,,,,,,,,,,,,,,,,,,,241,90,,,,,,,,,,242,,,,317,,,,,,,,,,,,8,,,,,,,,,,,,268,,22,114,380,121,,165,363,380,,39,228,135,42,,,34,,81,164,262,123,11,127,33,255,26,85,134,,,,36,,,,,,,,,,,,,,,,,,,,,,,,,,,,,,,,729,,171,74,,,280,326,477,275,,,,,,,,,,,68,,,250,83,249,,212,235,185,308,218,81,717,255,149,617,121,31,152,,75,126,,52,114,319,280,149,,,170,,352,,193,,,,,,,,,,,,,,,,,,,,,,,,,,,,,,,,,,490,139,,478,64,296,,,559,,253,326,,326,,154,79,76,393,,463,,,,,,,,575,,,512,,170,54,,,,
2026-10-09T06:10:02+00:00,169,249,,,610,,,253,,361,,255,,305,408,,67,,,,,,425,298,335,392,,59,,,,913,,53,,,,,,,,,,58,,15,,,,,139,,296,,,,41,,6,86,,170,31,91,140,,230,74,19,,96,,,313,,,,,343,200,,164,120,228,,,,573,154,283,394,272,,527,67,280,203,223,480,,438,184,154,117,222,301,545,,176,650,75,752,241,88,205,185,191,247,812,11,,432,89,86,209,854,,276,525,,,382,,,,,,,,,,,,,,,,,,,,,,,,295,,,303,,704,,425,,,,529,264,328,463,357,64,,,889,,,319,354,,,,,,,,,,,,,111,,217,17,88,881,,,,,,,,,34,219,,,,,,394,,,96,,,,,,,,,,,,,,,,,,,,,,,,,,,,,,,,,,,,,418,275,312,524,259,274,427,93,,196,352,64,,1072,,,,356,,130,,,,,,,,,,,238,88,39,,,,,,,,,239,,,,313,,,,,,,,,,,,5,,,,,,,,,,,,262,119,,115,378,119,61,149,354,378,,,221,131,39,146,14,,6,79,163,260,122,10,124,26,249,23,78,,,,135,35,8,240,411,,1116,265,115,117,179,167,,,,,,,,,,,,,,,,,,,,,,722,85,166,72,702,,267,321,470,268,344,,,,,,,,,,,,,243,82,232,,197,233,176,306,213,,715,,147,611,,32,149,,72,,,,111,318,,147,,,169,72,350,,190,338,,,,,,,,,,,,,,,,,,,,,,,,,,,,,,,,,486,,124,476,63,294,301,,,,252,,,,,152,80,,392,191,464,263,,,,,,,574,125,,508,,167,55,,,356,
2026-10-09T06:15:01+00:00,166,247,,,607,55,,250,291,359,,257,,304,406,,64,,,,,,423,291,337,391,,60,,,52,906,,47,,182,,,,0,,129,,62,,,,,,,140,,298,,,,37,42,,82,,,,,139,,231,,15,16,95,,,310,,,129,215,345,197,279,160,122,,,195,,571,152,277,390,271,,521,66,,,218,475,23,436,181,153,,221,303,541,158,174,,,,239,90,199,180,,244,801,10,,431,88,82,,849,192,277,,,,381,,,,,,,,,,,,,,,,,,,,,,,,,,,,,703,,415,,148,,518,262,320,466,348,63,,,880,329,587,317,346,,453,519,237,145,194,107,14,,202,301,132,107,,213,17,85,883,,,,,,,,,,218,,,,,,391,,,95,,,,,,,,,,100,,,,,59,,,,,,,,,,,,,,,,,,,,,,414,271,310,518,257,270,421,95,,197,350,62,,,,,,,,129,,,,,,,,,,,233,87,36,24,,,,,,,,240,338,,,311,,,,,,,,,,,,2,,,,,,,,,,,,259,118,23,113,377,118,,141,348,377,31,,214,124,38,,,33,,78,161,259,,8,123,23,248,,77,133,,,134,,,,,,,,,,,,,,,,,,,,,,,,,,,,,,,,,,,163,70,,,,,,,,,,128,118,,,,,,67,,,237,,,,,228,170,,,76,712,253,144,612,120,33,,353,70,,158,51,,313,,146,,,,,,,,336,,,,,,,,,,,,,,,,,,,,,,,,,,,,,,,,,481,,,477,62,290,,,558,,251,,,,,151,,77,387,190,456,262,,,,,,509,571,,,504,,,56,,,355,161
2026-10-09T06:20:01+00:00,164,241,,,597,56,,,290,355,,254,,,392,,63,,,,,166,422,278,340,,,63,,,50,905,,46,66,185,,,,,126,128,,63,,14,,,,,,,300,,,,38,,5,84,,,,89,138,,230,72,13,,93,,,311,16,,130,214,,,,,,,,,,,,,,,,,,,,,,,,,,,,,,,,,,,,,,,,,,,,,,,,,,,,,,,,,,,,,,,,,,,,,,,,,,,,,,,,,,,,,,,,,,260,312,475,340,62,,,874,,581,313,338,,,,,,,,,,,,,105,,205,17,81,881,,,,,,,,,,213,,,,,,383,,,94,,,,,,,,,,,,,,,,,,,,73,,,,,,,,,,,,,,,,,415,261,307,511,249,256,418,92,,191,343,54,,1053,,,,357,,130,,,,,,,,,,,228,86,35,22,,,,,,,,236,,,,309,,,,,,,,,,,,0,,,,,,,,,,,,254,117,21,109,376,,59,136,347,376,,,209,,37,,,31,,,156,256,121,4,120,16,245,20,71,134,,,133,30,6,236,403,,1110,263,105,118,180,163,,,,,,,,,,,,,,,,,,,,,,713,,152,69,701,,262,320,465,265,343,,,127,,,,,,,66,,,233,72,223,,186,217,165,302,,74,713,251,141,597,121,32,148,350,67,,156,50,109,,277,142,,,168,71,,,187,334,,,,,,,,,,,,,,,,,,,,,,,,,,,,,,,,,474,,,,64,291,,96,,,248,320,,,,146,,78,386,,453,261,,,,,,,567,124,,500,,,,,,354,160
2026-10-09T06:25:02+00:00,,235,56,,594,58,,247,286,352,,251,,302,386,,62,,,,,165,420,268,344,,,68,,,51,898,,41,67,186,,,,,128,129,,,,,,,,,,,,35,,,35,,4,86,,,,,135,,,,,,94,,,,,,,213,,192,278,163,120,229,,194,,,,,389,270,220,518,65,,202,213,472,,435,177,154,,217,299,534,157,172,649,,745,238,93,192,177,190,243,781,,,430,87,81,,840,,273,,,,380,,,,,,,,,,,,,,,,,,,,,,,,294,,,305,,694,,411,,146,,510,259,308,478,335,,,,869,,575,308,333,271,450,508,222,,188,103,12,135,193,296,123,103,,204,17,,879,,,,,,,,,,199,,,,,,381,,,,146,,,,,,,,,99,,,,,58,,,,,,,,,,,,,,,,,,,,,,411,249,293,506,243,243,406,,,185,335,55,,,,,,,,129,,,,,,,,,,,225,83,31,23,,,,449,,,20,234,340,,,304,,,,,,,,,,,,,,,,,,,,,,,,246,113,20,105,373,117,58,129,341,373,,,203,117,36,144,,,,75,153,247,119,2,116,11,,14,68,129,,,,29,4,229,383,61,1098,259,89,119,178,158,,,,,,,,,,,,,,,,,,,,,,702,,139,59,698,,255,313,458,262,345,,,124,117,,,,,,68,,,223,70,208,,177,196,155,298,212,75,711,,137,582,122,,,,,,,,,,,,,,,,,,,,,,,,,,,,,,,,,,,,,,,,,,,,,,,,,,,,460,,,474,,285,,,557,,244,,,,,144,,77,384,189,455,262,,,,,,,564,123,,,,,55,,,,159
2026-10-09T06:30:01+00:00,165,232,,,592,59,,244,284,350,,248,,301,382,,61,,,,,161,,261,345,390,,66,,,50,896,,40,66,185,,,,,129,,,65,,,,,,,,,299,,,,37,41,,84,,169,32,86,132,,231,,,,,,,,,,131,212,346,191,274,160,,228,,,,,153,276,,268,,508,,279,,205,466,,430,174,,,211,294,533,156,,647,74,,237,94,188,171,,239,770,,,429,85,83,,830,191,,524,,,381,,,,,,,,,,,,,,,,,,,,,,,,291,,,306,,691,,406,,144,,501,256,300,483,326,61,,,862,328,569,,330,,,,,,,,,,,,,104,,,17,77,873,,,,,,,,,35,197,,,,,,374,,,92,,,,,,,,,,96,,,,,,,,,,,,,,,,,,,,,,,,,,,414,245,290,494,240,241,400,,,,330,52,,,,,,355,,,,,,,,,,,,,223,82,29,,,,,,,,,232,338,,,302,,,,,,,,,,,,,,,,,,,,,,,,243,111,18,104,388,114,,125,337,388,,,201,112,35,,,30,5,74,,243,,,117,6,244,13,63,128,,,,28,,,,,,,,,,,,,,,,,,,,,,,,,,,,,,,,,,,,,,,,,,,,,,,,,,,,,,,,,,,,,,,206,74,707,248,134,573,123,34,144,351,65,123,157,48,113,312,274,138,,,165,70,345,,184,332,,,,,,,,,,,,,,,,,,,,,,,,,,,,,,,,,449,141,,,,280,,,554,,243,319,,,,145,79,,380,186,,263,,,,,,507,558,,,496,,,,,,353,157
2026-10-09T06:35:01+00:00,167,231,,,579,56,,241,283,,,245,,299,372,,,,,,,159,,252,342,377,,68,,,49,894,20,42,,186,,,,,128,,,,,,,,,,138,,294,,,,38,42,5,82,,,31,,131,,,74,9,,95,,,308,17,,135,208,,,,,,,,,,569,148,274,381,260,217,500,61,274,198,193,458,25,427,172,152,,206,290,518,,171,643,,735,230,93,171,163,188,234,741,,,427,82,,,,,,,,,,,,,,,,,,,,,,,,,,,,,,,,,,,,,,,,,,,,,258,290,482,313,,,,854,,564,305,323,272,441,493,213,142,183,104,10,131,184,289,111,102,,207,17,73,869,,,,,,,,,,183,,,,,,371,,,,,,,,,,,,,95,,,,,,,,,,,,,,,,,,,,,,,,,,,410,234,285,478,,238,394,,,179,324,47,,1048,,,,354,,,,,,,,,,,,,224,,,20,,,,,,,,229,339,,,301,,,,,,,,,,,,2,,,,,,,,,,,,235,112,17,99,383,112,,113,331,383,,,199,,34,143,,,,73,152,235,120,1,112,3,243,11,64,,,,134,27,2,228,373,,1088,255,76,120,175,153,,,,,,,,,,,,,,,,,,,,,,693,,137,58,697,,,311,455,260,341,,,123,114,,,,,,,,,222,68,203,136,176,195,,294,197,,704,245,130,572,124,31,,352,60,122,156,49,110,311,,137,,,,,344,,182,330,,,,,,,,,,,,,,,,,,,,,,,,,,,,,,,,,434,140,122,472,63,278,300,98,553,,242,,,327,,144,,,374,183,451,,,,,,,506,555,,,492,,168,54,,,351,158
2026-10-09T06:40:01+00:00,169,232,,,572,57,,240,280,351,,241,,295,371,,60,,,,,158,418,239,341,375,,,,,46,893,19,44,,187,,,,,127,,,64,,,,,,,133,,291,,,,39,,,,,168,,87,127,82,230,,8,,96,,,305,,,134,210,,186,270,156,117,227,,190,,568,144,276,375,252,215,495,,272,196,187,449,,424,173,,,202,289,511,,172,637,,,225,95,,162,186,232,729,,,424,80,,,,,,,,,,,,,,,,,,,,,,,,,,,,,,,,,289,,,305,,688,,393,,141,,490,257,288,,298,60,,,849,,560,300,319,,,,,,,,,,,,,101,,203,17,70,,,,,,,,,,,180,,,,,,367,,2,91,,,,,,,,,,91,,,,,,,,,,,,,,,,,,,,,,,,,,,409,229,282,473,,232,392,93,,178,327,43,,,,,,,,,,,,,,,,,,,,83,31,18,,,,,,,,224,338,,,,,,,,,,,,,,,0,,,,,,,,,,,,233,111,13,95,378,,56,106,323,378,,38,189,106,33,140,13,29,3,72,149,230,119,,110,,241,,55,127,,,133,,,227,360,60,1086,254,65,,174,149,,,,,,,,,,,,,,,,,,,,,,681,,131,56,695,,254,310,453,257,340,,,122,,,,,,,67,,,215,71,197,,171,179,156,295,190,72,698,243,,564,125,,,,,,,,,,,,,,,,,,,,,,,,,,,,,,,,,,,,,,,,,,,,,,,,,,,,424,141,,468,,274,,97,551,,240,,,,,140,78,76,373,,449,264,,,,,,,552,,,488,,,53,,,349,159
2026-10-09T06:45:02+00:00,167,234,,,566,56,,237,276,350,,234,,291,366,,58,,,,,,417,227,338,373,,70,,,45,892,,,64,188,,,,,,130,,65,,13,,,,,,,292,34,,,,,4,,,167,,85,122,,231,76,7,18,97,,,304,,,137,208,,,,,,,,,,567,,268,371,248,212,486,56,269,,184,439,26,,170,,116,199,285,510,,171,634,,,223,98,170,155,,229,,,,,76,,,,,,,,,,,,,,,,,,,,,,,,,,,,,,,,,,,,,,,,,,,,,256,280,480,289,58,,,846,327,559,297,312,271,434,475,198,139,180,97,9,129,176,277,103,99,,198,17,63,866,,,,,,,,,,163,,,,,,360,,,86,145,,,,,,,,,90,,,,,,,,,,72,,,,,,,,,,,,,,,,,404,218,276,459,,224,388,94,,166,321,40,,1033,,,,,,130,,,,,,,,,,,220,85,30,,,,,,,,,223,,,,295,,,,,,,,,,,,,,,,,,,,,,,,235,107,11,94,371,,,101,314,371,,,184,98,,139,,26,,,148,223,,,108,,238,7,49,122,,,,25,0,226,349,59,1085,251,50,118,173,147,,,,,,,,,,,,,,,,,,,,,,673,,125,54,,,249,308,448,250,337,,,121,113,,,,,,66,,,210,73,196,,158,166,150,,189,69,696,244,129,551,126,40,141,351,49,119,154,45,117,307,269,132,,,160,69,339,,176,327,,,,,,,,,,,,,,,,,,,,,,,,,,,,,,,,,417,,121,466,60,269,,,,,234,319,,326,,137,75,75,367,,444,260,,,,,,,551,,,484,,167,,,,,158
2026-10-09T06:50:01+00:00,166,237,,,560,54,,232,271,347,,232,,292,356,,,,,,,,412,214,335,371,,,,,46,886,,40,63,187,,,,,128,,,,,14,,,,,127,,296,,,,40,41,,76,,,,83,115,,,,6,16,94,,,300,,,,,342,182,267,144,,224,,189,,564,140,262,370,240,209,,55,264,,181,435,25,421,166,150,,193,284,502,,169,624,75,723,216,99,168,157,185,222,705,11,,422,,75,207,805,185,274,520,56,,382,,,,,,,,,,,,,,,,,,,,,,,,281,,,302,,677,,379,,137,,478,252,273,475,,55,,,843,,549,295,306,272,431,466,193,133,174,95,6,127,172,266,88,88,,200,17,59,860,,,,,,,,,32,156,,,,,,353,,1,82,144,,,,,,,,,85,,,,,56,,,,,,,,,,,,,,,,,,,,,,406,210,271,454,239,223,383,95,,162,316,45,,,,,,350,,,,,,,,,,,,,219,83,28,16,,,,,,,19,218,337,,,294,,,,,,,,,,,,,,,,,,,,,,,,232,106,12,90,370,,54,92,312,370,,,183,96,,138,12,23,,70,144,218,118,,106,1,236,5,43,120,,,132,24,,,,,,,,,,,,,,,,,,,,,,,,,,,,,,,,665,84,119,46,692,,245,302,440,240,,,,,,,,,,,61,,,208,71,175,133,151,156,149,296,179,68,687,242,127,535,124,43,138,348,48,114,,43,119,300,,131,,,159,,333,,171,324,,,,,,,,,,,,,,,,,,,,,,,,,,,,,,,,,407,,116,460,61,263,299,,550,,235,,,,,134,74,74,359,182,437,259,,,,,,507,550,122,,,,165,52,,,,
2026-10-09T06:55:02+00:00,164,235,,,557,52,,226,267,343,,233,,289,342,,,,,,,156,411,204,334,369,,,,,45,884,,36,,186,,,,,,129,,,,,,,,,126,,295,33,,,43,37,,74,,,,,109,81,230,,4,,,,,297,18,,138,,,,,,,,,,,,,,,,,,,,,,,,,,,,,,,,,,,,,,,,,,,,,,,,,,,,,,,,,,,,,,,,,,,,,,,,,,,,,,,,,,,,,,,,,,,248,262,474,280,53,,,837,326,539,289,294,,,463,192,,,,,,168,,86,77,,199,17,58,858,,,,,,,,,,144,,,,,,343,,0,80,,,,,,,,,,83,,,,,,,,,,,,,,,,,,,,,,,,,,,400,200,267,442,238,218,375,96,,157,307,42,,,,,,351,,,,,,,,,,,,,218,80,23,,,,,,,,20,215,334,,,291,,,,,,,,,,,,,,,,,,,,,,,,231,104,,87,363,,,91,306,363,30,37,179,87,,135,,21,,69,141,214,,,105,,228,,41,118,,,,,,224,324,60,1073,239,38,116,162,129,,,,,,,,,,,,,,,,,,,,,,663,82,100,43,690,,241,301,433,232,,,,116,114,,,,,,59,,,205,70,170,134,141,132,145,292,177,65,677,239,,529,,,,,,,,,,,,,,,,,,,,,,,,,,,,,,,,,,,,,,,,,,,,,,,,,,,,,396,140,115,459,57,254,297,,,,230,309,,325,,133,75,75,351,181,432,255,,,,,,506,548,,,481,,,51,,,345,157
2026-10-09T07:00:02+00:00,163,232,,,553,53,,222,266,339,,231,,281,334,,,,,,,157,,198,336,368,,72,,,47,882,,37,61,183,,,,,130,130,,,,11,,,,,124,,294,,,,41,36,,72,,,30,80,105,,229,,3,17,,,,,,,130,211,340,172,262,135,116,217,,188,,563,136,256,367,237,204,480,53,260,195,176,424,,419,165,149,115,189,,494,,,620,,,213,98,159,152,181,220,700,,,,75,72,206,797,180,,521,,,381,,,,,,,,,,,,,,,,,,,,,,,,276,,,304,,674,,360,,132,,467,243,255,473,276,50,,,824,,532,283,295,,,,,,,,,,,,,74,,198,17,56,853,,,,,,,,,,133,,,,,,339,,,83,143,,,,,,,,,,,,,,55,,,,,,,,,,,,,,,,,,,,,,398,194,264,434,236,217,370,97,,154,298,41,,1019,,,,352,,131,,,,,,,,,,,215,78,20,,,,,,,,21,210,336,,,287,,,,,,,,,,,,,,,,,,,,,,,,,101,8,83,350,109,53,89,298,350,,,171,81,38,,,20,,68,,207,116,,102,98,220,,36,,,,,23,,,,,,,,,,,,,,,,,,,,,,,,,,,,,,,,,,,,,,,,,,,,,,,,,,,,,,,,,,,,,,,172,63,667,237,118,512,,,,,,,,,,,,,,,,,,,,,,,,,,,,,,,,,,,,,,,,,,,,,,,,,,,,,389,139,114,456,54,244,,96,549,152,229,,,327,,130,74,74,349,182,430,256,,,,,,505,547,,,471,,164,50,,,344,156
2026-10-09T07:05:01+00:00,161,228,,,548,49,,219,,340,,235,,,326,,,,,,,156,408,193,,365,,71,,,,877,,33,,184,,245,,,,131,,63,,13,,,,,,,,,,,44,38,,71,,,29,76,98,80,,,4,19,,,,289,,,128,213,338,161,258,132,113,215,,,,,,,,,,,,,,,,,,,,,,,,,,,,,,,,,,,,,,,,,,,,,,,,,,,,,,,,,,,,,,,,,,,,,,,,275,,,298,,672,,341,,128,,460,238,251,468,275,49,,,819,,527,277,289,,426,457,182,131,173,128,4,123,196,290,97,71,,195,17,50,848,,,,,,,,,,125,,,,,,336,,,80,,,,,,,,,,84,,,,,56,,,,,,,,,,,,,,,,,,,,,,397,191,261,429,,214,372,,,147,297,39,,,,,,,,,,,,,,,,,,,211,76,24,14,,,,,,,,209,337,,,286,,,,,,,,,,,,,,,,,,,,,,,,228,100,,80,348,,52,87,299,348,,,166,83,37,134,,17,,,,205,114,,96,,218,,35,116,,,133,24,,223,314,59,1070,228,35,,163,123,,,,,,,,,,,,,,,,,,,,,,655,80,102,39,686,,236,300,430,228,334,,,113,115,,,,,,57,,,203,68,166,132,137,,143,290,163,,668,220,114,496,,42,133,346,46,113,,41,126,298,268,124,,,153,67,325,,164,321,,,,,,,,,,,,,,,,,,,,,,,,,,,,,,,,,385,138,,452,51,241,295,97,,,227,306,,326,,125,,,,180,428,253,,,,,,501,544,,,468,,162,,,,341,157
2026-10-09T07:10:01+00:00,,226,,,544,45,,209,261,339,,230,,273,320,,59,,,,,155,410,189,337,362,,,,,49,875,,32,,,,244,,,131,130,,66,,,,,,,122,,,,,,,37,,72,,165,,73,95,,227,74,,,,,,287,,,131,217,,,,,,,,,,,125,251,358,233,,469,,257,193,168,414,24,417,154,148,114,180,278,486,157,168,613,,708,211,103,153,143,177,212,677,,,419,70,,202,788,177,275,522,,,,,,,,,,,,,,,,,,,,,,,,,,,,,,,,,,,,,,,234,245,,270,50,,,813,324,519,276,285,,,,,,,,,,,,,67,,196,17,47,835,,,,,,,,,,110,,,,,,333,,,78,142,,,,,,,,,81,,,,,57,,,,,,,,,,,,,,,,,,,,,,395,183,257,420,234,211,370,,,145,295,,,,,,,,,130,,,,,,,,,,,215,77,,13,,,,,,,,207,336,,,,,,,,,,,,,,,,,,,,,,,,,,,,98,,78,341,,51,90,297,341,,,165,84,39,133,,19,,67,,203,,,92,97,215,4,33,,,,,22,,220,297,,1065,220,32,115,,120,,,,,,,,,,,,,,,,,,,,,,652,,99,37,683,,232,297,421,227,335,,,112,,,,,,,56,,,197,,161,,126,129,133,288,160,62,661,,107,483,,38,131,344,44,109,,,128,295,266,123,,,151,66,323,,166,318,,,,,,,,,,,,,,,,,,,,,,,,,,,,,,,,,381,136,,449,52,242,293,,548,146,223,305,,324,,123,,72,346,179,426,252,,,,,,,542,,,467,,161,,,,,
2026-10-09T07:15:01+00:00,164,,,,539,43,,210,259,337,,224,,,307,,60,,,,,152,408,183,339,357,,69,,,48,869,18,30,62,,,243,,,130,131,,67,,,,,,,120,,295,,,,46,38,,73,,164,28,75,93,,225,73,3,,95,,,288,19,,,215,335,,255,128,111,,,,,562,111,,349,229,203,460,52,255,189,165,403,23,416,140,146,,172,274,468,156,165,600,73,701,202,106,146,148,171,205,657,10,12,415,66,71,199,782,174,272,520,55,,,,,,,,,,,,,,,,,,,,,,,,,,265,,,297,,665,,339,,126,,452,232,239,467,,51,,,804,,514,275,279,,423,446,166,132,167,126,,120,198,284,,51,,192,17,41,826,,,,,,,,,33,104,,,,,,332,,,79,144,,,,,,,,,82,,,,,,,,,,71,,,,,,,,,,,,,,,,,391,173,259,417,231,208,366,,,143,294,41,,1017,,,,,,,,,,,,,,,,,213,,,14,,,,,,,,206,335,,,287,,,,,,,,,,,,,,,,,,,,,,,,230,94,9,75,335,107,,84,295,335,,,,79,36,128,,,,,140,196,113,,89,95,211,,32,118,,,,23,,221,294,60,1059,217,30,,,118,,,,,,,,,,,,,,,,,,,,,,650,79,94,36,681,,231,,414,,334,,,107,114,,,,,,55,,,194,66,155,131,114,123,,,150,60,652,218,108,475,125,39,128,,41,107,151,38,134,293,261,117,,,150,64,320,,159,316,,,,,,,,,,,,,,,,,,,,,,,,,,,,,,,,,376,133,,443,47,238,290,98,546,,220,303,,321,,,70,71,339,180,421,253,,,,,,496,541,,,456,,158,,,,339,
2026-10-09T07:20:01+00:00,,222,,,529,42,,211,254,335,,222,,266,301,,,,,,,151,407,179,337,354,,,,,49,862,,32,,186,,242,,,131,132,,65,,,,,,,117,,,,,,,37,3,71,,165,,73,91,,224,71,4,,,,,291,18,,,216,,,,,,,,,,,,,,,,,,,,,,,,,,,,,,,,,,,,,,,,,,,,,,72,200,777,,273,518,,,379,,,,,,,,,,,,,,,,,,,,,,,,,,,,,,,,,,,,230,235,,263,53,,,788,,509,272,266,,,,,,,,,,,,,47,,189,17,38,819,,,,,,,,,,100,,,,,,335,,,,,,,,,,,,,,,,,,56,,,,,,,,,,,,,,,,,,,,,,386,172,257,414,229,201,364,96,,140,290,,,,,,,,,,,,,,,,,,,,210,75,,,,,,,,,,,336,,,,,,,,,,,,,,,,,,,,,,,,,,,229,92,,70,336,104,53,80,,336,,35,166,80,35,123,11,15,,66,,198,112,,90,93,205,2,23,117,,,,24,,,,,,,,,,,,,,,,,,,,,,,,,,,,,,,,640,78,90,33,674,,226,295,402,,333,,,,113,,,,,,51,,,188,64,147,132,104,107,124,287,,,,,,,,,130,,39,,150,,135,297,,114,,,,65,319,,,,,,,,,,,,,,,,,,,,,,,,,,,,,,,,,,,,369,,112,441,46,237,286,99,545,,216,,,,,,71,,338,181,418,254,,,,,,,,,,446,,155,51,,,338,159
2026-10-09T07:20:02+00:00,,,,,,,,,,,,,,,,,,,,,,,,,,,,,,,,,,,,,,,,,,,,,,,,,,,,,,,,,,,,,,,,,,,,,,,,,,,,,,,,,,,,,,,,,,,,,,,,,,,,,,,,,,,,,,,,,,,,,,,,,,,,,,,,,,,,,,,,,,,,,,,,,,,,,,,,,,,,,,,,,,,,,,,,,,,,,,,,,,,,,,,,,,,,,,,,,,,,,,,,,,,,,,,,,,,,,,,,,,,,,,,,,,,,,,,,,,,,,,,,,,,,,,,,,,,,,,,,,,,,,,,,,,,,,,,,,,,,,,,,,,,,,,,,,,,,,,,,,,,,,,,,,,,,,,,,,,,,,,,,,,,,,,,,,,,,,,,,,,,,,,,,,,,,,,,,,,,,,217,284,61,1051,211,18,113,164,111,,,,,,,,,,,,,,,,,,,,,,,,,,,,,,,,,,,,,,,,,,,,,,,,,,,,,148,,644,214,98,468,124,,,,,,,,,,,,,,,,,,,,,,,,,,,,,,,,,,,,,,,,,,,,,,,,,,,,,,,,,,,,,,,,,,,,,,,,,,,,,,,,,,,,,,,,,,
2026-10-09T07:25:01+00:00,163,220,,,522,38,,207,252,,,219,,263,296,,61,,,,,,405,178,334,350,,68,,,,861,17,28,,,,240,,,130,,,64,,,,,,,111,,293,32,,,44,35,,,,,,,88,,225,,3,,,,,290,,,,218,330,148,253,116,109,212,,,,,123,244,337,227,199,452,48,246,187,163,398,24,415,133,148,112,163,,453,155,164,586,70,693,194,107,142,144,169,201,640,,,413,67,,,,,,,,,,,,,,,,,,,,,,,,,,,,,,,,,262,,,293,,654,,341,,121,,436,,228,466,259,,,,775,,497,271,260,271,426,440,170,,164,129,,119,195,,102,45,,186,17,34,811,,,,,,,,,32,92,,,,,,332,,,73,,,,,,,,,,,,,,,,,,,,,,,,,,,,,,,,,,,,,389,168,253,403,,198,361,,,136,288,39,,1014,,,,354,,131,,,,,,,,,,,212,,23,12,,,,,,,20,208,334,,,282,,,,,,,,,,,,,,,,,,,,,,,,230,89,8,66,334,105,,77,294,334,,,162,84,,119,,13,1,,139,189,111,,91,92,200,,18,,,,134,,,214,277,,1048,204,10,,160,109,,,,,,,,,,,,,,,,,,,,,,,,,,,,,,,,,,,,,,,,,,,,,,,,,,,,,146,62,628,213,90,459,,37,129,,38,104,147,37,142,292,,109,,,149,,315,,158,312,,,,,,,,,,,,,,,,,,,,,,,,,,,,,,,,,365,,,438,41,232,284,,,,214,301,,319,,,,69,331,179,420,,,,,,,,,,,439,,,49,,,,158
2026-10-09T07:30:02+00:00,162,,57,,515,,,200,250,333,,215,,258,286,,,,,,,153,402,175,336,349,,,,,48,852,,30,64,188,,237,,,131,,,62,,,,,,,110,,294,31,,,43,36,,74,,,29,,83,,,,5,17,,,,,19,,,220,,,,,,,,,,,125,247,334,222,198,446,,242,185,158,392,,416,129,,111,161,273,444,154,,582,,683,189,,136,145,166,197,619,,,411,66,74,,770,172,274,521,,,377,,,,,,,,,,,,,,,,,,,,,,,,,,,,,,,,,,,,227,225,464,260,52,,,762,320,487,272,254,,,,,,,,,,,,,40,,183,17,28,809,,,,,,,,,,80,,,,,,323,,,72,143,,,,,,,,,81,,,,,,,,,,70,,,,,,,,,,,,,,,,,383,162,251,397,227,191,354,95,,131,289,36,,,,,,355,,130,,,,,,,,,,,215,72,21,13,,,,,,,,204,,,,280,,,,,,,,,,,,,,,,,,,,,,,,,87,6,,333,,,74,288,333,,,160,81,36,115,,16,,,138,177,112,,88,,199,1,16,110,,,,23,,213,251,63,1035,192,8,,159,99,,,,,,,,,,,,,,,,,,,,,,632,77,82,32,670,,228,290,393,229,335,,,,112,,,,,,50,,,184,63,146,131,95,97,,286,138,,607,208,85,456,,,,,,,,,,,,,,,,,,,,,,,,,,,,,,,,,,,,,,,,,,,,,,,,,,,,,363,135,111,433,38,233,280,,543,146,212,,,316,,121,,67,320,177,422,252,,,,,,495,539,,,429,,150,48,,,326,159
2026-10-09T07:35:02+00:00,160,217,,,502,36,,198,246,331,,210,,255,281,,62,,,,,148,400,174,,345,,67,,,46,842,,27,63,,,235,,,,131,,61,,,,,,,109,,,,,,44,38,,71,,166,31,,77,79,,,,,94,,,291,17,,,221,328,138,245,105,110,205,,187,,,,,,,,,,,,,,,,,,,,,,,,,,,,,,,,,,,,,,79,195,759,171,273,519,56,,376,,,,,,,,,,,,,,,,,,,,,,,,254,,,292,,650,,343,,118,,428,224,215,465,258,49,,,,,476,273,244,,427,431,156,131,162,123,,116,191,,105,34,,177,17,25,799,,,,,,,,,,70,,,,,,322,,,69,142,,,,,,,,,79,,,,,,,,,,,,,,,,,,,,,,,,,,,382,158,249,391,226,,352,,,,286,35,,1013,,,,354,,,,,,,,,,,,,,71,,12,,,,448,,,,198,332,,,,,,,,,,,,,,,,,,,,,,,,,,,227,,5,63,327,107,,72,287,326,,34,162,79,,116,,14,,67,,167,109,,83,,194,,14,109,,,,,,212,248,,1024,189,0,,158,95,,,,,,,,,,,,,,,,,,,,,,626,74,75,29,667,,223,284,365,222,334,,,108,,,,,,,48,,,176,58,133,129,80,74,117,283,129,,603,206,75,445,123,39,124,,34,103,144,35,143,288,259,97,,,147,61,305,,155,307,,,,,,,,,,,,,,,,,,,,,,,,,,,,,,,,,361,136,112,431,34,228,274,100,,144,213,302,,,,119,70,,316,174,420,250,,,,,,,538,,,425,,148,46,,,323,158
2026-10-09T07:40:01+00:00,156,,,,505,34,,188,243,328,,207,,253,280,,,,,,,,,175,332,343,,66,,,,837,,24,60,,,232,,,129,,,59,,12,,,,,108,,296,30,,,42,,,72,,167,,74,73,,,,2,,95,,,,18,,129,,,,,,,,,,,,120,244,327,221,196,444,47,238,184,159,387,,,125,,110,159,272,436,,161,577,72,,224,,132,134,162,195,605,,,409,,77,191,756,,274,,55,,375,,,,,,,,,,,,,,,,,,,,,,,,,,,,,,,,,,,,222,211,464,254,48,,,754,,465,272,240,,,,,,,,,,,,,,,175,17,23,786,,,,,,,,,31,64,,,,,,316,,,72,,,,,,,,,,,,,,,,,,,,69,,,,,,,,,,,,,,,,,372,155,243,384,227,,351,94,,,287,,,,,,,,,,,,,,,,,,,,213,67,22,6,,,,447,,,,194,333,,,284,,,,,,,,,,,,,,,,,,,,,,,,229,,,65,319,,54,69,285,319,31,,163,,37,115,,,,,,164,105,,84,,191,,15,106,,,,20,,,,,,,,,,,,,,,,,,,,,,,,,,,,,,,,622,72,,,665,,220,285,356,219,335,,,,,,,,,,,,,171,,126,,72,,,280,121,,599,204,70,436,124,40,121,345,28,100,,34,146,278,251,92,,,145,62,302,,,306,,,,,,,,,,,,,,,,,,,,,,,,,,,,,,,,,362,,113,429,36,220,,96,,,211,301,,317,,118,69,69,314,172,421,248,,,,,,494,539,121,,414,,,44,,,321,157
2026-10-09T07:45:02+00:00,147,216,,,499,32,,176,241,325,,205,,249,274,,,,,,,,399,166,331,341,,63,,,44,832,,20,62,,,227,,,127,,,56,,,,,,,,,295,,,,35,,,69,,165,32,76,68,,226,70,5,,94,,,290,,,,222,332,122,236,103,107,196,,,,,115,234,315,220,,426,42,237,180,161,367,,417,113,,,153,264,428,153,,571,70,676,204,106,122,135,160,190,610,9,,,,,,,,,,,,,,,,,,,,,,,,,,,,,,,,,,,,249,,,291,,643,,334,,114,,417,214,208,461,246,46,,,745,,458,269,239,,426,425,143,130,157,118,1,113,185,278,102,32,,169,17,18,772,,,,,,,,,,61,,,,,,311,,,75,,,,,,,,,,78,,,,,,,,,,68,,,,,,,,,,,,,,,,,367,147,,371,226,188,343,,,129,286,27,,,,,,,,,,,,,,,,,,,212,68,17,5,,,,446,,,,191,336,,,279,,,,,,,,,,,,,,,,,,,,,,,,,89,9,64,313,108,53,71,283,313,,,160,80,38,112,,13,,,137,154,98,,82,,186,,14,,,,135,18,,210,240,62,1014,187,,114,155,83,,,,,,,,,,,,,,,,,,,,,,,,73,28,,,,,,,,,,103,111,,,,,,49,,,,52,,127,,67,116,,115,59,586,202,69,427,122,,,,,,,,,,,,,,,,,,,,,,,,,,,,,,,,,,,,,,,,,,,,,,,,,,,,,,112,425,34,218,273,95,541,,204,300,,318,,,,68,309,171,417,,,,,,,489,534,,,400,,147,42,,,317,154
2026-10-09T07:50:02+00:00,144,215,,,492,29,,167,232,,,199,,244,267,,,,,,,144,396,164,329,337,,62,,,43,826,,19,60,189,,224,,,126,128,,55,,,,,,,,,293,31,,,36,39,,68,,164,,72,66,80,,,4,,95,,,292,19,,127,,335,106,231,100,104,195,,,,,112,230,309,217,195,420,40,234,179,162,358,25,,107,147,,152,262,421,150,,568,69,663,184,,118,134,,183,596,,11,408,,73,182,742,169,271,,,,373,,,,,,,,,,,,,,,,,,,,,,,,247,,,287,,638,,319,,111,,406,211,195,458,241,45,,,739,318,446,,233,,,,,,,,,,,,,25,,172,17,12,745,,,,,,,,,,20,,,,,,297,,,72,,,,,,,,,,76,,,,,,,,,,70,,,,,,,,,,,,,,,,,364,128,241,353,,185,335,93,,122,282,28,,1003,,,,352,,,,,,,,,,,,,207,66,19,,,,,,,,19,189,337,,,278,,,,,,,,,,,,,,,,,,,,,,,,228,92,,65,305,106,,67,285,305,,,158,83,,110,,,,,,140,90,,75,91,177,,,103,,,134,20,,,,,,,,,,,,,,,,,,,,,,,,,,,,,,,,620,65,74,29,662,,211,282,344,213,,,,104,109,,,,,,48,,,173,,108,126,60,43,,276,106,55,567,199,61,425,121,38,117,340,24,92,139,33,152,268,248,83,,,141,56,295,,159,302,,,,,,,,,,,,,,,,,,,,,,,,,,,,,,,,,358,,110,421,35,212,270,96,,136,197,298,,,,121,68,69,300,168,,249,,,,,,488,531,,,390,,144,41,,,,157
2026-10-09T07:55:01+00:00,140,216,,,489,28,,158,222,324,,192,,235,262,,,,,,,141,393,163,327,332,,63,,,42,824,,18,,188,,219,,,123,129,,54,,11,,,,,103,,289,,,,38,38,,61,,,33,73,58,79,,69,5,18,,,,,,,,226,,,,,,,,,,,,,,,,,,,,,,,,,,,,,,,,,,,,,,,,,,,,,,,,,,,,,,,,,,,,,,,,,,,,,,,,,,,,,,,,,,,,,,,,,,206,189,455,239,44,,,731,317,434,267,222,,427,414,124,129,152,115,,,176,279,85,15,,165,17,8,730,,,,,,,,,27,7,,,,,,,,,68,141,,,,,,,,,79,,,,,,,,,,,,,,,,,,,,,,,,,,,354,111,239,346,225,183,337,94,,123,286,30,,,,,,353,,,,,,,,,,,,,208,65,,4,,,,,,,,188,335,,,274,,,,,,,,,,,,,,,,,,,,,,,,226,93,,62,295,107,55,65,281,295,,,159,82,,104,,10,,,,130,84,,77,89,173,,12,,,,,18,,201,,61,991,167,,113,149,57,,,,,,,,,,,,,,,,,,,,,,614,,70,27,,,,276,,,,,,101,108,,,,,,,,,168,50,,124,50,31,112,,96,52,553,197,58,403,118,39,115,338,17,87,,32,151,267,,71,,,138,55,293,,156,295,,,,,,,,,,,,,,,,,,,,,,,,,,,,,,,,,356,137,109,420,30,,267,94,537,130,199,296,,320,,,65,67,290,167,411,248,,,,,,483,530,,,384,,143,42,,,305,159
2026-10-09T08:00:02+00:00,,219,,,476,26,,153,210,323,,185,,232,248,,,,,,,138,391,,322,325,,62,,,41,815,16,19,61,190,,215,,,124,130,,55,,12,,,,,97,,293,30,,,36,37,,56,,163,34,69,52,,228,,,17,,,,296,18,,126,229,,95,218,91,101,187,,188,,,106,221,308,216,191,416,,232,178,,347,,,102,146,,150,263,414,,162,561,68,,210,107,115,126,,182,587,,,409,61,,174,722,161,267,522,54,,374,,,,,,,,,,,,,,,,,,,,,,,,238,,,284,,626,,293,,,,397,202,182,450,231,41,,,721,315,420,257,212,,,,,,,,,,,,,12,,156,17,0,716,,,,,,,,,,0,,,,,,286,,,64,140,,,,,,,,,80,,,,,55,,,,,,,,,,,,,,,,,,,,,,349,92,240,340,224,177,335,93,,116,276,27,,1000,,,,351,,131,,,,,,,,,,,207,63,18,6,,,,,,,,184,336,,,270,,,,,,,,,,,,,,,,,,,,,,,,221,90,8,58,283,,54,66,282,283,,,161,77,,102,,5,,69,136,119,72,,,88,171,,5,102,,,135,,,198,230,,978,146,,,153,58,,,,,,,,,,,,,,,,,,,,,,607,64,64,24,658,,,,329,212,,,,100,106,,,,,,,,,160,46,103,,43,27,110,,82,49,533,194,46,384,119,,,,,,,,,,,,,,,,,,,,,,,,,,,,,,,,,,,,,,,,,,,,,,,,,,,,353,,106,412,24,201,262,93,534,122,197,292,,322,,,64,65,279,164,407,246,,,,,,479,528,,,367,,142,41,,,291,158
2026-10-09T08:05:02+00:00,138,,,,463,22,,136,196,,,175,,228,242,,,,,,,136,387,164,320,309,,65,,,,804,,,,189,,207,,,,129,,54,,,,,,,,,297,,,,,33,2,50,,,33,68,49,,,,,,94,,,,19,,125,233,333,85,211,87,100,180,,,,,98,207,301,210,189,390,39,221,177,161,326,,414,97,144,109,145,255,386,149,,555,61,654,201,108,106,127,161,173,576,,,406,60,72,173,717,159,263,521,,,373,,,,,,,,,,,,,,,,,,,,,,,,,,,,,,,,,,,,198,179,447,230,,,,712,313,412,255,206,272,423,415,128,128,149,113,,112,173,269,71,6,,150,16,,692,,,,,,,,,26,,,,,,,283,,,62,,,,,,,,,,,,,,,,,,,,,,,,,,,,,,,,,,,,,345,79,241,330,,170,330,92,,114,277,,,,,,,350,,132,,,,,,,,,,,205,62,20,,,,,,,,,181,,,,263,,,,,,,,,,,,1,,,,,,,,,,,,219,89,6,53,282,105,55,65,275,282,,,156,76,,99,,,,,137,113,64,,81,,165,,9,101,,,,,,199,216,,964,139,,111,155,60,,,,,,,,,,,,,,,,,,,,,,602,63,60,23,656,,210,269,302,210,,,,97,105,,,,,,45,,,158,47,94,121,14,7,112,269,76,47,521,,33,376,121,40,112,,19,73,137,29,158,254,240,59,,,130,52,276,,159,294,,,,,,,,,,,,,,,,,,,,,,,,,,,,,,,,,349,138,,408,20,204,258,92,531,,185,291,,,,,,64,277,160,406,243,,,,,,477,526,,,354,,137,,,,,156
2026-10-09T08:10:01+00:00,137,220,,,455,19,,128,192,322,,178,,224,230,,,,,,,132,384,163,321,305,,,,,,797,,,59,190,,202,,,123,,,53,,,,,,,,,,,,,,35,3,47,,164,,66,45,,226,70,,,,,,295,,,126,,,,,,,,,,,,,,,,,,,,,,,,,,,,,,,,,,,,,,,,,,,,,,,,,,,,,,,,,,,,,,,,,,,,,,,,,,,,,,,226,,,290,,621,,268,,109,,392,,,443,226,43,,,701,,395,254,203,,,,,,,,,,,,,0,,155,17,,676,,,,,,,,,25,,,,,,,264,,,58,138,,,,,,,,,79,,,,,,,,,,69,,,,,,,,,,,,,,,,,339,78,240,323,,166,332,91,,111,275,26,,,,,,352,,,,,,,,,,,,,,59,22,5,,,,,,,,,335,,,260,,,,,,,,,,,,2,,,,,,,,,,,,,86,,51,271,,56,63,,271,,32,152,73,,97,,,,,,106,58,,,,159,,8,100,,,,,,,,,,,,,,,,,,,,,,,,,,,,,,,,,,,,592,,55,24,646,,209,270,300,208,,,,87,,,,,,,43,,,155,48,79,116,8,,108,271,73,46,506,192,27,365,120,,,,,,,,,,,,,,,,,,,,,,,,,,,,,,,,,,,,,,,,,,,,,,,,,,,,,137,,402,,,255,,527,113,176,292,,323,,,65,61,274,156,405,241,,,,,,476,525,,,351,,134,43,,,273,154
2026-10-09T08:15:01+00:00,134,221,56,,456,18,,120,181,325,,171,,221,226,,61,,,,,130,,164,318,293,,66,,,,789,,17,57,,,198,,,,,,,,11,,,,,95,,,31,,,41,36,,37,,165,31,63,41,,227,,,16,97,,,296,20,,124,232,325,71,188,80,97,165,,,,561,,,297,208,,378,37,216,,160,322,,415,95,,108,140,249,382,,161,553,60,642,197,106,103,203,157,174,580,,,404,59,73,163,703,155,261,518,52,,375,,,,,,,,,,,,,,,,,,,,,,,,,,,,,,,,,,,,,173,444,222,42,,,692,312,385,252,196,,,411,125,,,115,,110,169,264,66,,,149,17,,659,,,,,,,,,,,,,,,,255,,,59,,,,,,,,,,,,,,,,,,,,,,,,,,,,,,,,,,,,,334,62,238,315,222,170,326,,,105,273,29,,999,,,,351,,131,,,,,,,,,,,206,65,3,0,,,,445,,,,184,336,,,257,,,,,,,,,,,,0,,,,,,,,,,,,218,,,,263,,57,59,,263,,,,74,39,95,,,,,136,94,48,,76,,156,,7,99,,,,,,198,211,60,951,,,113,157,58,,,,,,,,,,,,,,,,,,,,,,,,,,,,,,,,,,,,,,,,,,,,,,,,,,,,,71,44,494,194,23,355,,41,111,336,21,69,136,,161,257,239,56,,,128,54,275,,158,291,,,,,,,,,,,,,,,,,,,,,,,,,,,,,,,,,348,,105,401,19,196,250,,523,98,,291,,321,,120,67,59,267,150,403,242,,,,,,472,524,,,340,,132,,,,,150
2026-10-09T08:20:01+00:00,132,219,,,440,17,,112,172,322,,165,,220,224,,,,,,,129,381,162,312,281,,,,,40,782,,18,,192,,189,,,118,,,52,,10,,,,,,,,,,,43,34,,30,,,,64,43,,,71,3,15,,,,,19,,123,231,322,67,172,77,,158,,,,560,93,199,281,205,,377,45,214,176,165,317,,418,78,,104,139,241,361,,,533,56,625,194,,93,199,153,169,566,8,,403,58,71,161,690,150,262,514,,,372,,,,,,,,,,,,,,,,,,,,,,,,210,,,283,,612,,250,,106,,384,193,176,441,226,41,,,688,313,375,248,191,,,,,,,,,,,,,,,146,17,,634,,,,,,,,,26,,,,,,,256,,,58,137,,,,,,,,,78,,,,,,,,,,,,,,,,,,,,,,,,,,,,55,,,221,169,,,,104,275,,,,,,,352,,,,,,,,,,,,,,,2,2,,,,,,,18,182,340,,,254,,,,,,,,,,,,,,,,,,,,,,,,214,,9,46,257,104,,51,270,257,30,,154,76,38,88,,7,,68,137,80,43,,72,87,146,,8,,,,,,,199,206,62,938,135,,115,,59,,,,,,,,,,,,,,,,,,,,,,587,65,52,,643,,207,267,290,209,336,,,82,104,,,,,,,,,,49,76,114,,,106,273,67,42,473,189,12,351,119,,,,,,,,,,,,,,,,,,,,,,,,,,,,,,,,,,,,,,,,,,,,,,,,,,,,344,138,,406,,193,243,91,519,,174,290,,320,,119,,57,265,145,,245,,,,,,469,,,,330,,,42,,,255,144
2026-10-09T08:25:02+00:00,128,222,,,428,16,,104,169,,,162,,,210,,,,,,,127,,161,308,279,,64,,,36,778,,16,,194,,184,,,116,,,,,,,,,,93,,,,,,37,33,,23,,,33,63,41,,,70,4,14,,,,295,20,,121,232,,,,,,,,,,,,,,,,,,,,,,,,,,,,,,,,,,,,,,,,,,,,,,,,,,,,,,,,,,,,,,,,,,,,,,,,,,,,,,,,,,,,,,,,,,199,173,,229,42,,,678,312,374,250,188,,424,405,120,127,148,116,1,,164,262,55,,,145,17,,615,,,,,,,,,,,,,,,,253,,1,54,138,,,,,,,,,77,,,,,,,,,,70,,,,,,,,,,,,,,,,,335,53,236,306,,,324,,,105,269,27,,,,,,353,,,,,,,,,,,,,203,61,5,,,,,,,,,178,337,,,253,,,,,,,,,,,,,,,,,,,,,,,,213,85,10,,250,,,49,268,250,,31,155,73,40,,,4,,,,69,41,,73,,143,,,100,,,134,,,200,204,61,923,125,304,114,,55,,,,,,,,,,,,,,,,,,,,,,583,66,50,,638,,205,265,276,207,335,,,81,106,,,,,,42,,,153,50,73,110,,,103,274,66,41,456,190,15,335,,43,112,,25,62,133,31,163,252,232,45,,,124,58,270,,157,290,,,,,,,,,,,,,,,,,,,,,,,,,,,,,,,,,339,,104,400,17,187,236,,518,,165,289,,317,,118,66,,268,144,404,242,,,,,,467,523,,,315,,133,40,,,,145
2026-10-09T08:30:01+00:00,125,,,,423,,,99,160,318,,,,218,206,,,,,,,122,,159,305,269,,,,,32,777,,19,52,195,,,,,,128,,,,11,,,,,90,,,,,,40,35,,,,166,,,37,78,225,,,,,,,296,,,,233,324,58,164,71,94,154,,,,,86,193,277,203,188,369,44,211,175,163,307,,419,75,,,,244,357,,,527,55,,190,107,82,193,152,166,568,7,,,,67,159,681,144,263,,51,,373,,,,,,,,,,,,,,,,,,,,,,,,204,,,282,,605,,243,,102,,379,197,172,,232,38,,,672,313,363,249,182,,,,,,,,,,,,,,,143,17,,604,,,,,,,,,,,,,,,,,,3,,,,,,,,,,,75,,,,,54,,,,,,,,,,,,,,,,,,,,,,330,43,237,294,220,164,325,,,107,268,28,,997,,,,352,,,,,,,,,,,,,202,63,4,3,,,,,,,,,335,,,249,,,,,,,,,,,,,,,,,,,,,,,,211,82,11,47,247,103,,55,265,247,,29,154,,39,85,,2,,69,135,50,38,,74,,138,,6,,,,135,17,,197,200,60,919,126,0,111,159,72,,,,,,,,,,,,,,,,,,,,,,576,65,54,23,639,,206,264,263,206,,,,83,,,,,,,40,,,151,51,68,109,,,101,,67,35,446,187,9,328,120,44,106,335,20,59,129,,162,251,229,40,,,121,57,264,,158,287,,,,,,,,,,,,,,,,,,,,,,,,,,,,,,,,,341,134,,392,9,179,228,,516,91,163,288,,,,119,64,58,271,143,399,240,,,,,,466,522,,,313,,,42,,,234,147
2026-10-09T08:35:02+00:00,127,,,,412,12,,90,158,315,,160,,216,207,,,,,,,117,380,,301,263,,62,,,,766,,16,51,,,180,,,115,126,,53,,12,,,,,89,,298,,,,,36,1,19,,,32,,29,77,224,67,,13,96,,,,19,,120,236,,,,,,,,,,,76,183,276,201,186,354,43,207,,162,296,27,418,65,,103,138,234,333,,160,520,57,601,189,,72,183,153,160,561,,10,402,56,,,,,,,,,,,,,,,,,,,,,,,,,,,,,,,,,,,,,,,,,,,,,,,440,226,35,,,664,312,357,,174,271,428,401,116,,144,111,,111,158,259,44,,,136,17,,585,,,,,,,,,24,,,,,,,252,,4,56,134,,,,,,,,,73,,,,,53,,,,,,,,,,,,,,,,,,,,,,327,30,235,287,216,163,326,,,106,264,23,,,,,,,,,,,,,,,,,,,,59,3,4,,,,443,,,,175,337,,,244,,,,,,,,,,,,,,,,,,,,,,,,203,83,10,45,242,,56,50,,242,,,155,,40,84,,1,,70,134,45,29,,73,,133,,10,102,,,134,15,,,195,,911,124,301,109,162,65,,,,,,,,,,,,,,,,,,,,,,565,63,,24,633,,198,265,248,,,,,81,107,,,,,,38,,,146,49,70,108,,10,102,275,65,31,426,182,13,320,117,43,100,,17,53,125,29,157,245,230,25,,,112,58,256,,156,276,,,,,,,,,,,,,,,,,,,,,,,,,,,,,,,,,342,130,105,,6,180,227,88,514,,161,,,316,,120,65,60,272,140,397,243,,,,,,464,521,,,309,,,39,,,,148
2026-10-09T08:40:02+00:00,124,,,,411,13,,87,152,313,,147,,213,199,,,,,,,116,381,157,300,262,,58,,,31,759,,12,50,,,177,,,113,,,51,,10,,,,,81,,,32,,,43,35,2,,,,,61,23,78,,68,,,98,,,292,,,,235,325,44,145,76,89,155,,,,,,,,,,,,,,,,,,,,,,,,,,,,,,,,,,,,,,,,64,146,658,139,259,508,,,372,,,,,,,,,,,,,,,,,,,,,,,,194,,,281,,592,,230,,100,,377,195,167,442,,34,,,656,,354,247,172,,,,,,,,,,,,,4,,134,16,,563,,,,,,,,,22,,,,,,,251,,,53,133,,,,,,,,,,,,,,,,,,,,,,,,,,,,,,,,,,,,326,22,237,282,,165,322,,,107,253,30,,998,,,,,,,,,,,,,,,,,201,52,5,2,,,,444,,,17,170,335,,,243,,,,,,,,,,,,,,,,,,,,,,,,192,80,8,42,230,,,44,262,230,,,156,67,41,86,,,,,133,29,24,,78,,129,2,13,103,,,132,13,,192,186,,906,123,0,108,159,,,,,,,,,,,,,,,,,,,,,,,562,64,55,21,632,,197,,231,204,,,,82,105,,,,,,39,,,,50,65,107,,,97,273,,27,412,178,8,307,,,,,,,,,,,,,,,,,,,,,,,,,,,,,,,,,,,,,,,,,,,,,,,,,,,,,341,,,383,5,172,217,87,511,80,155,285,,315,,118,66,59,267,138,392,245,,,,,,,513,,,305,,131,40,,,205,149
2026-10-09T08:45:01+00:00,118,224,,,,12,,82,149,315,,144,,,195,,,,,,,,382,156,301,250,,60,,,32,749,,,44,,,169,,,112,,,50,,,,,,,79,,,31,,,39,34,,12,,165,,60,,,,67,,10,97,,,287,,,118,238,,,,,,,,,,558,77,181,272,,,346,42,204,174,163,283,,419,57,145,102,134,228,317,147,,514,56,592,187,108,63,,149,151,553,8,9,401,55,,,,,,,,,,,,,,,,,,,,,,,,,,,,,,,,,,,,,,,,,,,,,193,172,,227,32,,,653,310,350,248,173,,,393,123,,,143,,112,179,287,83,5,,138,16,,543,,,,,,,,,,,,,,,,252,,7,54,,,,,,,,,,,,,,,,,,,,,,,,,,,,,,,,,,,,,328,25,234,272,218,,320,92,,105,251,,,,,,,353,,,,,,,,,,,,,,49,3,1,,,,,,,,169,329,,,244,,,,,,,,,,,,,,,,,,,,,,,,191,79,10,,231,,53,48,264,231,,,,68,,84,,,,,,25,17,,76,,125,3,11,100,,,,12,,,,,,,,,,,,,,,,,,,,,,,,,,,,,,,,,,,,,,,,,,,,,,,,,,,,,,,,,,,,,,,,21,399,177,4,293,118,41,94,334,16,49,,28,160,238,233,,,,108,56,,,159,274,,,,,,,,,,,,,,,,,,,,,,,,,,,,,,,,,340,131,102,380,3,168,214,84,510,,154,284,,314,,,67,62,258,136,387,,,,,,,465,512,120,,290,,128,39,,,201,
2026-10-09T08:50:01+00:00,114,225,,,412,11,,75,145,314,,139,,208,194,,,,,,,,381,152,298,249,,58,,,30,748,13,13,42,,,,,,111,,,,,11,,,,,77,,295,,,,40,33,,,,,,55,20,,225,68,5,9,,,,,18,,116,239,323,34,138,73,81,149,,,,559,68,168,266,198,187,337,,193,,162,255,,420,44,144,101,,216,305,145,,496,54,,177,106,46,177,145,144,548,6,7,398,,63,136,647,128,258,504,53,,,,,,,,,,,,,,,,,,,,,,,,,,193,,,,,588,,215,,104,,372,,169,440,226,31,,,649,308,345,244,175,,,,,,,,,,,,,,,135,16,1,525,,,,,,,,,18,,,,,,,,,4,,136,,,,,,,,,,,,,,55,,,,,,,,,,,,,,,,,,,,,,329,28,233,266,,161,317,91,,,249,33,,,,,,350,,130,,,,,,,,,,,207,46,2,0,,,,,,,18,,324,,,241,,,,,,,,,,,,,,,,,,,,,,,,195,78,8,43,225,,55,50,263,225,,,,70,40,,,,,,132,28,8,,71,,124,,15,99,,,133,,,193,181,,900,115,,107,160,63,,,,,,,,,,,,,,,,,,,,,,561,,54,,626,,,263,224,,336,,,83,,,,,,,38,,,143,51,56,105,36,,91,,60,17,376,176,0,294,,,,,,,,,,,,,,,,,,,,,,,,,,,,,,,,,,,,,,,,,,,,,,,,,,,,,339,132,101,366,1,162,215,82,511,80,147,280,,,,,63,61,259,131,380,244,,,,,,459,508,,,283,,121,38,,,199,151
2026-10-09T08:55:01+00:00,111,227,,107,409,12,,70,142,312,,144,,206,187,,,,,,,105,375,146,299,243,,,,,26,743,,6,37,197,,170,,,110,125,,51,,,,,,,,,,,,,37,,,14,,,,51,18,,,,4,10,96,,,281,19,,115,,,,,,,,,,,,,,,,,,,,,,,,,,,,,,,,,,,,,,,,,,,,,,,,,,,,,,,,,,,,,,,,,,,,,,,,,,,,,,,,,,,,,,,,,,,198,167,441,224,25,,,642,306,330,247,162,,430,395,,126,141,141,2,,180,320,79,3,,127,16,0,505,,,,,,,,,,,,,,,,255,,2,53,137,,,,,,,,,74,,,,,,,,,,,,,,,,,,,,,,,,,,,320,40,,270,220,160,313,92,,108,245,26,,,,,,349,,131,,,,,,,,,,,211,47,1,,,,,443,,,,166,321,,,235,,,,,,,,,,,,,,,,,,,,,,,,,79,6,44,222,105,56,47,262,222,,,154,68,39,,,,,,133,19,,,69,,119,2,18,,,,,13,,,,,,,,,,,,,,,,,,,,,,,,,,,,,,,,559,65,50,23,622,,,257,219,203,337,,,81,103,,,,,,41,,,141,,53,107,28,,84,275,,,,,,,,40,96,332,12,43,122,27,164,225,234,17,,,109,51,252,,158,271,,,,,,,,,,,,,,,,,,,,,,,,,,,,,,,,,,,99,360,-100,155,217,,510,,146,279,,323,,,66,62,262,130,384,247,,,,,,455,,,,266,,117,37,,,185,149
2026-10-09T08:55:02+00:00,,,,,,,,,,,,,,,,,,,,,,,,,,,,,,,,,,,,,,,,,,,,,,,,,,,,,,,,,,,,,,,,,,,,,,,,,,,,,,,,,,,,,,,,,,,,,,,,,,,,,,,,,,,,,,,,,,,,,,,,,,,,,,,,,,,,,,,,,,,,,,,,,,,,,,,,,,,,,,,,,,,,,,,,,,,,,,,,,,,,,,,,,,,,,,,,,,,,,,,,,,,,,,,,,,,,,,,,,,,,,,,,,,,,,,,,,,,,,,,,,,,,,,,,,,,,,,,,,,,,,,,,,,,,,,,,,,,,,,,,,,,,,,,,,,,,,,,,,,,,,,,,,,,,,,,,,,,,,,,,,,,,,,,,,,,,,,,,,,,,,,,,,,,,,,,,,,,,,192,171,,903,100,,101,155,67,,,,,,,,,,,,,,,,,,,,,,,,,,,,,,,,,,,,,,,,,,,,,,,,,,,,,62,14,372,171,1,287,,,,,,,,,,,,,,,,,,,,,,,,,,,,,,,,,,,,,,,,,,,,,,,,,,,,,,,,,,,,,,,,,,,,,,,,,,,,,,,,,,,,,,,,,,,
2026-10-09T09:00:01+00:00,107,225,,106,408,10,,61,138,315,,146,,203,182,,,,,,,101,,145,,238,,54,,,27,741,,,38,196,,167,,,108,,,,,,,,,,78,,294,28,,,35,32,,11,,166,31,49,,,,,,,95,,,278,20,,,,,,,,,,,,,,,,,,,,,,,,,,,,,,,,,,,,,,,,,,,,,,,,,,,,,,,,,,,,,,,,,,,,,,,,,,,,,,,,,,,,,,,,,,,,,,,,,,,,,,,,,,,,,,,,,,,,,,,,,,,,,,,,,,,,,,,,,,,,,,,,,,,,,,,,,,,,,,,,,,,,,,,,,,,,,,,,,,322,34,236,260,,157,310,,,105,239,29,,,,,,,,,,,,,,,,,,,,,,,,,,,,,,,,,,,,,,,,,,,,,,,,,,,,,,,,,,,,,,,,,,,,,,,,,,,,,,,,,,,,,,,,,,,,,,,,,,,,,,,,,,,,,,,,,,,,,,,,,,,557,64,54,21,624,,193,256,214,204,336,,,77,,,,,,,39,,,135,45,59,104,23,,83,276,,,,,,,,,,,,,,,,,,,,,,,,,,,,,,,,,,,,,,,,,,,,,,,,,,,,,,,,,,,,128,,357,1,144,215,81,508,65,142,,,322,,,64,61,264,127,379,243,,,,,,452,506,,,259,,114,36,,,,144
2026-10-09T09:00:02+00:00,,,,,,,,,,,,,,,,,,,,,,,,,,,,,,,,,,,,,,,,,,,,,,,,,,,,,,,,,,,,,,,,,,,,,,,,,,,,,,,318,23,113,61,76,,,,,,63,165,267,197,,329,,192,173,,238,,,37,,,133,210,290,,159,483,,587,196,105,43,178,144,138,543,,,400,54,65,128,623,125,257,500,,,,,,,,,,,,,,,,,,,,,,,,,,,181,,,,,567,,196,,101,,368,200,166,,227,22,,,638,308,327,,167,,,,,,,,,,,,,0,,125,16,,487,,,,,,,,,17,,,,,,,249,,,54,138,,,,,,,,,73,,,,,56,,,,,69,,,,,,,,,,,,,,,,,,,,,,,,,,,,,,,,,,346,,,,,,,,,,,,,209,42,0,,,,,442,,,,167,314,,,232,,,,,,,,,,,,,,,,,,,,,,,,194,78,5,,217,102,57,44,,217,,,153,67,40,81,,,,,,10,5,,71,86,115,,25,98,,,132,16,,187,159,59,897,94,,102,158,,,,,,,,,,,,,,,,,,,,,,,,,,,,,,,,,,,,,,,,,,,,,,,,,,,,,,57,9,365,,0,278,117,43,94,331,,39,121,28,160,224,233,9,,,141,49,244,,157,270,,,,,,,,,,,,,,,,,,,,,,,,,,,,,,,,,,,,,,,,,,,,,,,,,,,,,,,,,,,,,,,,,,,,,,,
2026-10-09T09:05:02+00:00,105,224,,,405,8,,57,137,314,,149,,202,177,,60,,,,,100,,142,301,235,,,,,,733,,0,39,195,,161,,,110,126,,52,,,,,,,,,289,,,,34,33,,12,,,,48,14,79,226,,5,,,,,277,19,,108,241,,,,,,,,,,557,61,155,256,196,,318,44,183,,,225,,418,21,143,97,125,199,261,146,157,468,53,552,195,107,38,,138,140,546,5,,402,53,,,,,,,,,,,,,,,,,,,,,,,,,,,,,,,,,,,,,,,,,,,,,196,158,443,230,20,,,633,311,325,249,166,269,,391,118,,,139,5,,,318,74,1,,,16,,475,,,,,,,,,16,,,,,,,247,,0,,,,,,,,,,,,,,,,55,,,,,68,,,,,,,,,,,,,,,,,324,33,,262,221,158,309,,,98,233,28,,1002,,,,344,,,,,,,,,,,,,212,,,,,,,,,,,169,308,,,230,,,,,,,,,,,,,,,,,,,,,,,,199,,8,41,216,,,,260,216,,30,149,68,38,82,,,,69,,1,,,77,85,123,3,,99,,,133,18,,,,,,,,,,,,,,,,,,,,,,,,,,,,,,,,554,,58,20,625,,191,259,203,206,335,,,81,,,,,,,,,,131,43,,107,21,,86,273,45,7,357,169,1,268,116,,,,,,,,,,,,,,,,,,,,,,,,,,,,,,,,,,,,,,,,,,,,,,,,,,,,341,129,,350,3,137,210,80,505,64,140,280,,,,,66,62,262,,373,242,,,,,,450,504,,,,,111,38,,,,143
2026-10-09T09:10:02+00:00,102,,,,413,,,56,133,313,,154,,199,181,,59,,,,,91,,140,295,230,,53,,,,735,,,38,194,,154,,,112,,,53,,,,,,,77,,291,29,,,,30,,7,,167,32,49,9,,,67,4,9,94,,,,20,,107,,313,13,106,58,81,147,,189,,555,56,161,257,,,313,48,173,172,,214,26,417,16,,,126,194,259,148,,456,,,194,,,174,137,138,551,,,401,,59,116,604,116,253,503,,,370,,,,,,,,,,,,,,,,,,,,,,,,169,,,275,,559,,180,,,,367,194,156,442,229,22,,,628,,328,248,168,,,,,,,,,,,,,,,122,17,,445,,,,,,,,,17,,,,,,,248,,1,58,137,,,,,,,,,71,,,,,54,,,,,,,,,,,,,,,,,,,,,,321,36,232,258,,162,307,93,,,238,27,,,,,,341,,,,,,,,,,,,,211,41,,,,,,440,,,,165,303,,,216,,,,,,,,,,,,,,,,,,,,,,,,198,79,,,213,,55,51,262,213,,,153,66,40,84,,,,,,,,,78,,121,,26,,,,,19,,190,140,58,888,96,,94,155,63,,,,,,,,,,,,,,,,,,,,,,549,,57,,,,,258,,,,,,85,102,,,,,,38,,,129,42,,109,19,,85,,44,1,347,167,3,262,,42,90,334,15,41,119,25,164,218,221,7,,,134,50,233,,162,259,,,,,,,,,,,,,,,,,,,,,,,,,,,,,,,,,339,130,98,345,2,130,208,,502,63,137,281,,321,,120,,64,,128,375,237,,,,,,447,501,,,250,,105,36,,,170,141
2026-10-09T09:15:01+00:00,97,,,,414,7,,50,141,312,,156,,,177,,60,,,,,,373,,294,227,,52,,,29,732,,,37,195,,152,,,,127,,55,,10,,,,,,,290,,,,35,,,5,,168,,53,15,78,224,69,,,95,,,278,,,,,,,,,,,,,,,,,,,,,,,,,,,,,,,,,,,,,,,,,,,,,,,,,,,,,,,,,,,,,,,,,,,,,,,,,,,,,,,,,,,,,,,,,,,,,,,155,,224,21,,,619,312,333,249,176,,431,389,109,,,138,4,111,171,319,76,0,,125,16,,431,,,,,,,,,,,,,,,,,,3,,136,,,,,,,,,,,,,,,,,,,,,,,,,,,,,,,,,,,,327,28,236,252,220,166,309,,,94,,28,,,,,,339,,,,,,,,,,,,,212,38,,1,,,,438,,,,169,,,,218,,,,,,,,,,,,4,,,,,,,,,,,,196,77,9,43,214,103,53,54,263,214,,,154,55,,86,,,,,,,,,80,,123,,27,98,,,,18,,,,,,,,,,,,,,,,,,,,,,,,,,,,,,,,552,63,62,18,624,,190,257,200,207,334,,,,,,,,,,,,,126,,61,106,9,,87,274,34,108,338,163,8,257,114,,,,,,,,,,,,,,,,,,,,,,,,,,,,,,,,,,,,,,,,,,,,,,,,,,,,338,,96,343,,124,201,79,503,,132,282,,320,,,,,254,,372,239,,,,,,449,496,,,242,,101,37,,,162,138
2026-10-09T09:20:01+00:00,94,221,,,420,,,43,142,308,,158,,195,175,,,,,,,88,378,141,293,223,,50,,,28,727,,,38,196,,148,,,,125,,,,,,,,,78,,291,,,,33,,,10,,,29,,13,79,,,,,94,,,271,,,105,,311,5,102,57,,,,188,,,52,155,255,,,315,,172,,164,210,,,14,,95,122,192,245,149,,446,,524,192,108,36,170,141,135,564,6,,,54,52,111,589,117,255,498,,,363,,,,,,,,,,,,,,,,,,,,,,,,,,,269,,553,,178,,,,,198,147,439,222,22,,,616,,331,248,169,,,,,,,,,,,,,,,121,17,,411,,,,,,,,,18,,,,,,,247,,2,60,,,,,,,,,,70,,,,,,,,,,,,,,,,,,,,,,,,,,,325,20,241,255,222,164,304,,,96,239,31,,,,,,335,,,,,,,,,,,,,210,39,,,,,,,,,,166,302,,,217,,,,,,,,,,,,3,,,,,,,,,,,,195,78,10,,210,104,56,53,262,210,,32,159,57,38,87,,,,68,,7,1,,82,,122,2,28,,,,,17,,192,141,,884,89,,,153,66,,,,,,,,,,,,,,,,,,,,,,550,62,60,17,626,,187,259,191,,,,,86,,,,,,,36,,,123,43,67,104,,,89,,27,103,339,157,11,251,116,43,93,,17,44,116,24,167,209,214,6,,,130,48,230,,160,253,,,,,,,,,,,,,,,,,,,,,,,,,,,,,,,,,,,97,339,1,128,197,77,501,54,131,283,,,,,,63,247,126,381,241,,,,,,447,493,,,240,,99,,,,161,139
2026-10-09T09:25:01+00:00,,218,,,426,8,,42,133,306,,161,,194,,,,,,,,85,379,,289,218,,,,,30,717,,,41,195,,142,,,113,128,,54,,11,,,,,,,,,,,32,28,,9,,,27,51,11,,225,70,,,95,,,274,,,,242,,,,,,,,,,,,,,,,,,,,,,,,,,,,,,,,,,,,,,,,,,,,,,,,,,,,,,,,,,,,,,,,,,,,,,,,,,,,,,,,,,,,,,,,,,,,,,,,,,,,,,,,,,,,,,,,,,,,,,,,,,,,,,,,,,,,,,,,,,,,,,,,,,,,,,,,,,,,,,,,,,,,,,,,,,,,,,,321,25,244,259,221,166,,,,,235,30,,,,,,,,,,,,,,,,,,,,,,,,,,,,,,,,,,,,,,,,,,,,,,,,,,,,,,,,,,,,,,,,,,,,,,,,,,,,,,,,,,,,,,,,,,,,,,,,,,,,,,,,,,,,,,,,,,,,,,,,,,,547,60,57,18,625,,185,,182,208,,,,83,101,,,,,,33,,,114,41,60,99,,,86,273,,,,,,,,,,,,,,,,,,,,,,,,,,,,,,,,,,,,,,,,,,,,,,,,,,,,,,,,,,,,128,96,337,2,117,195,75,500,56,132,,,318,,,,,255,,384,240,,,,,,440,487,,,247,,98,38,,,150,140
2026-10-09T09:25:02+00:00,,,,,,,,,,,,,,,,,,,,,,,,,,,,,,,,,,,,,,,,,,,,,,,,,,,,,,,,,,,,,,,,,,,,,,,,,,,,,,,,,,,,,,,,,45,148,,198,189,311,52,169,173,165,200,,414,9,,96,,189,230,150,,432,55,514,190,105,29,165,139,129,586,,8,403,,51,113,587,113,,495,54,,364,,,,,,,,,,,,,,,,,,,,,,,,,,,,,,,,,,,,,145,442,228,18,,,610,313,336,,,,432,386,112,,,135,5,,172,320,69,,,,17,,400,,,,,,,,,15,,,,,,,252,,,,,,,,,,,,,,,,,,,,,,,67,,,,,,,,,,,,,,,,,,,,,,,,,,,,,,,,,,333,,130,,,,,,,,,,,206,35,2,,,,,434,,,,163,301,,,219,,,,,,,,,,,,1,,,,,,,,,,,,199,,9,45,211,106,,52,264,211,31,33,157,55,37,,,2,,,132,6,4,,81,,125,,32,99,,,132,16,,,139,,881,,,92,157,58,,,,,,,,,,,,,,,,,,,,,,,,,,,,,,,,,,,,,,,,,,,,,,,,,,,,,29,98,340,153,12,244,113,42,86,337,22,38,,,163,199,208,0,,,128,44,222,,161,244,,,,,,,,,,,,,,,,,,,,,,,,,,,,,,,,,,,,,,,,,,,,,,,,,,,,,,,,,,,,,,,,,,,,,,,
2026-10-09T09:30:01+00:00,91,217,,,,5,,46,132,308,,160,,195,168,,,,,,,89,378,142,292,211,,53,,,35,712,,,44,,,140,,,111,,,,,12,,,,,74,,290,,,,33,,3,7,,,28,49,14,,224,,3,10,93,,,273,19,,,241,304,,90,59,80,,,,,,,,,,,,,,,,,,,,,,,,,,,,,,,,,,,,,,,,,,,,,,,,,,,,,,,,,,,,,,,,,,,,,,,,,148,,,272,,540,,155,,102,,369,194,146,440,233,19,,,611,,340,,165,,,,,,,,,,,,,3,,119,17,,391,,,,,,,,,16,,,,,,,250,,0,62,137,,,,,,,,,71,,,,,,,,,,,,,,,,,,,,,,,,,,,316,20,242,,220,164,308,94,,93,236,,,1006,,,,334,,,,,,,,,,,,,203,38,1,2,,,,,,,,164,299,,,222,,,,,,,,,,,,0,,,,,,,,,,,,201,80,7,42,214,,,51,,214,32,,158,,35,85,,,,,133,2,11,,79,,122,3,30,101,,,135,15,,190,140,59,875,83,,90,159,48,,,,,,,,,,,,,,,,,,,,,,,,55,,,,,,,,,,,81,,,,,,,,,,,,,,,,92,,31,96,330,150,6,239,106,,,,,,,,,,,,,,,,,,,,,,,,,,,,,,,,,,,,,,,,,,,,,,,,,,,,,130,93,331,1,122,194,76,499,,136,284,,,,119,,61,254,127,386,,,,,,,435,486,119,,241,,97,,,,144,138
2026-10-09T09:35:02+00:00,94,,55,,424,8,,52,130,305,,,,,173,,,,,,,87,374,146,293,218,,,,,30,,,,43,196,,144,,,108,127,,55,,,,,,,,,,,,,,29,,8,,,,45,24,,,,2,8,,,,,18,,104,239,,,,,,,,,,,37,140,259,199,190,317,54,159,172,164,196,,,1,144,95,,183,223,,,419,,,,,24,162,141,128,582,,7,,55,50,108,583,109,,492,,,369,,,,,,,,,,,,,,,,,,,,,,,,,,,,,,,,,,,,,149,442,238,20,,,,,337,245,156,268,431,397,114,125,138,137,4,,171,315,68,0,,107,17,1,376,,,,,,,,,,,,,,,,254,,,63,136,,,,,,,,,72,,,,,53,,,,,66,,,,,,,,,,,,,,,,,,,246,262,,165,,93,,,234,29,,,,,,335,,128,,,,,,,,,,,206,39,,1,,,,433,,,,162,297,,,221,,,,,,,,,,,,,,,,,,,,,,,,205,78,9,45,215,,55,54,,215,,,,58,34,86,,,,,,6,9,,78,,121,,31,,,38,136,,,194,131,,872,77,,,162,42,,,,,,,,,,,,,,,,,,,,,,544,,51,20,,,180,264,170,,337,,,82,102,,,,,,28,,,111,42,50,,,,90,276,32,104,299,147,1,246,104,44,83,341,31,,115,25,161,191,203,,,,131,43,,,,242,,,,,,,,,,,,,,,,,,,,,,,,,,,,,,,,,337,,,330,4,116,195,74,,49,132,285,,317,,,64,,243,128,387,,,,,,,433,481,,,232,,93,,,,136,139
2026-10-09T09:40:01+00:00,91,,,105,416,,,44,128,307,,150,,197,176,,61,,,,,89,376,143,285,216,,,,,28,714,12,,40,,,147,,,107,,,,,,,,,,76,,292,28,,,,28,,2,,169,,46,22,,223,68,3,,94,,,,,,,,308,6,80,50,77,138,,,,552,38,136,249,196,192,313,,148,,166,187,,412,,143,90,114,181,204,,156,409,52,502,189,106,18,161,144,121,606,7,8,406,56,,,,,,,,,,,,,,,,,,,,,,,,,,,,,,,,,147,,,268,,534,,157,,,,366,193,148,444,240,19,,,607,,338,239,151,,,,,,,,,,,,,1,,105,17,0,359,,,,,,,,,15,,,,,,,260,,,61,135,,,,,,,,,71,,,,,,,,,,,,,,,,,,,,,,,,,,,312,25,247,265,219,,309,,,91,237,28,,,,,,331,,,,,,,,,,,,,204,42,,2,,,,431,,,,158,296,,,219,,,,,,,,,,,,,,,,,,,,,,,,202,76,10,48,213,,56,57,265,213,,34,163,67,,87,,1,,,,1,11,,,83,,,33,,,37,,14,,193,128,60,870,73,,,160,44,,,,,,,,,,,,,,,,,,,,,,,,49,,,,,,,,,,,81,,,,,,,27,,,,40,,98,,12,93,,31,98,285,145,,237,107,45,80,343,30,,114,21,160,184,201,,,,,42,217,,,238,,,,,,,,,,,,,,,,,,,,,,,,,,,,,,,,,336,129,92,,5,118,189,,496,,134,288,,318,,,61,60,237,126,388,239,,,,,,429,,,,224,,92,,,,130,138
2026-10-09T09:45:01+00:00,88,,56,,413,7,,48,,309,,151,,200,182,,62,,,,,87,374,144,280,213,,54,,,30,712,13,,,195,,142,,,106,,,,,,,,,,,,,30,,,32,,,,,,27,44,18,,,67,0,7,,,,270,,,105,236,,,,,,,,,,,,,,,,,,,,,,,,,,,,,,,,,,,,,,,,,,,,,,55,100,577,110,257,491,,,366,,,,,,,,,,,,,,,,,,,,,,,,,,,,,,,,,,,,196,147,445,244,,,,606,,339,238,150,,430,395,122,124,132,139,7,115,181,323,78,0,,97,17,,338,,,,,,,,,14,,,,,,,261,,,59,136,,,,,,,,,72,,,,,,,,,,65,,,,,,,,,,,,,,,,,317,28,253,258,,167,310,,,,232,,,,,,,332,,127,,,,,,,,,,,205,39,4,5,,,,430,,,,159,294,,,,,,,,,,,,,,,,,,,,,,,,,,,204,77,11,50,215,108,55,64,262,215,,,171,66,35,89,,,,,131,4,8,4,75,82,118,,31,104,,,135,15,,,,,,,,,,,,,,,,,,,,,,,,,,,,,,,,545,,54,,624,,,,164,210,,,,82,103,,,,,,31,,,,42,52,94,,,96,,37,96,267,140,,239,106,,,,,,,,,,,,,,,,,,,,,,,,,,,,,,,,,,,,,,,,,,,,,,,,,,,,,131,,326,,114,,77,495,46,129,287,,319,,,59,58,231,,392,240,,,,,,430,,,,231,,,39,,,,
2026-10-09T09:50:01+00:00,87,218,,,417,8,,53,131,310,,153,,202,179,,,,,,,86,,145,279,207,,51,,,31,704,14,,,,,145,,,,124,,,,,,,,,,,291,,,,35,29,,0,,,26,41,19,,,,3,6,,,,271,17,,,234,305,11,75,47,78,,,187,,,35,132,253,195,,317,55,144,,165,181,,,,,,116,,196,,,,51,490,190,108,,157,146,113,612,,,407,,,,,,,,,,,,,,,,,,,,,,,,,,,,,,,,,,148,,,271,,536,,139,,103,,367,,144,448,245,18,,,605,,337,237,148,,,,,,,,,,,,,2,,93,17,,311,,,,,,,,,,,,,,,,260,,1,,137,,,,,,,,,71,,,,,,,,,,62,,,,,,,,,,,,,,,,,316,35,269,256,221,168,314,94,,93,222,26,,,,,,331,,,,,,,,,,,,,,38,5,1,,,,431,,,,160,293,,,218,,,,,,,,,,,,,,,,,,,,,,,,,78,12,51,217,,,67,,217,,,172,70,36,,,,,67,130,8,2,6,85,81,117,,35,103,,38,,16,,195,126,,867,69,,88,161,39,,,,,,,,,,,,,,,,,,,,,,539,,59,23,627,,,263,,209,,,,80,,,,,,,30,,,109,,53,,,,99,278,38,,259,139,0,241,,46,81,340,27,32,116,20,159,178,197,,,,132,41,209,,162,272,,,,,,,,,,,,,,,,,,,,,,,,,,,,,,,,,339,130,94,325,,103,187,,501,45,126,,,317,,121,60,60,229,129,394,239,,,,,,429,480,,,234,,,41,,,,141
2026-10-09T09:55:01+00:00,86,219,,,,10,,38,134,308,,145,,196,181,,,,,,,,370,146,282,213,,53,,,28,699,,,,,,140,,,,126,,,,8,,,,,,,,,,,36,28,,4,,,,38,20,,,,,,95,,,274,15,,101,232,306,12,78,45,73,135,,188,,,32,126,251,194,,295,50,140,174,,172,,413,1,144,87,111,179,185,149,154,395,49,494,196,102,15,156,145,,,,,406,54,59,101,561,112,256,488,,,364,,,,,,,,,,,,,,,,,,,,,,,,143,,,272,,538,,147,,101,,363,195,142,450,244,23,,,606,,328,235,,,431,402,124,119,130,137,9,116,186,318,94,0,,92,17,,295,,,,,,,,,12,,,,,,,264,,5,61,136,,,,,,,,,69,,,,,52,,,,,,,,,,,,,,,,,,,,,,315,36,271,247,222,165,316,,,96,223,25,,1005,,,,,,128,,,,,,,,,,,207,40,,2,,,,,,,,,294,,,219,,,,,,,,,,,,1,,,,,,,,,,,,203,79,13,54,212,,,65,261,212,,35,170,77,38,91,,,2,66,131,12,,3,86,80,113,2,36,102,,36,,18,,194,124,,864,,,86,,32,,,,,,,,,,,,,,,,,,,,,,536,,,22,625,,178,262,157,205,338,,,,,,,,,,27,,,110,43,49,93,,,100,279,36,92,244,127,,248,105,,,,,,,,,,,,,,,,,,,,,,,,,,,,,,,,,,,,,,,,,,,,,,,,,,,,338,129,93,321,,92,,76,,50,128,,,319,,120,57,61,231,130,392,240,,,,,,428,,,,227,,,42,,,109,140
2026-10-09T10:00:01+00:00,81,220,,,418,9,,30,140,304,,136,,191,179,,,,,,,88,369,144,283,215,,51,,,27,696,,,36,,,136,,,105,125,,53,,9,,,,,,,290,,,,,26,,11,,168,25,35,22,80,,,,,96,,,272,13,,102,236,,,,,,,,,,,34,127,253,,195,289,49,138,,164,171,25,411,,145,,110,178,177,150,152,390,46,,,104,10,159,148,115,616,,,,,,,,,,,,,,,,,,,,,,,,,,,,,,,,,,,,,,,,,,,,,,,,,196,143,449,241,21,,,607,312,334,,150,,,,,,,,,,,,,35,,82,16,2,267,,,,,,,,,11,,,,,,,266,,4,,,,,,,,,,,76,,,,,51,,,,,61,,,,,,,,,,,,,,,,,320,,272,248,223,163,,,,93,221,28,,,,,,330,,,,,,,,,,,,,208,41,3,1,,,,432,,,,159,296,,,217,,,,,,,,,,,,2,,,,,,,,,,,,,80,11,,215,109,57,68,260,215,,,173,74,40,90,,,,67,,13,,2,89,,110,3,37,,,35,134,19,,196,119,59,867,71,,83,166,27,,,,,,,,,,,,,,,,,,,,,,,,62,24,,,,,,,,,,82,100,,,,,,,,,,44,,92,,,101,,40,88,236,134,1,264,106,45,79,339,26,34,115,,158,175,198,,,,133,39,199,,161,277,,,,,,,,,,,,,,,,,,,,,,,,,,,,,,,,,339,,,311,,94,189,,498,45,131,288,,316,,,56,63,218,129,389,,,,,,,426,471,,,,,91,40,,,,139
2026-10-09T10:05:01+00:00,79,222,,,,7,,39,145,305,,134,,189,180,,,,,,,86,368,,290,217,,49,,,,695,15,,39,194,,131,,,104,,,54,,11,,,,,77,,292,,,,,29,,12,,,26,37,,,225,66,2,,,,,274,16,,100,234,309,18,77,53,78,131,,,,,33,126,252,,194,284,,136,173,161,170,,412,1,,,108,176,173,,149,392,47,479,198,105,8,160,146,113,617,,,405,56,64,,567,113,254,481,,,366,,,,,,,,,,,,,,,,,,,,,,,,147,,,270,,535,,144,,98,,,,142,450,239,23,,,603,311,336,231,151,267,432,,135,117,127,,,117,188,326,93,33,,79,16,,253,,,,,,,,,10,,,,,,,273,,5,63,,,,,,,,,,,,,,,50,,,,,,,,,,,,,,,,,,,,,,323,27,274,249,226,169,,,,97,225,,,,,,,326,,,,,,,,,,,,,,39,2,0,,,,431,,,19,163,294,,,219,,,,,,,,,,,,1,,,,,,,,,,,,,79,10,56,216,,,72,258,216,,,177,75,41,94,,,,,132,15,1,,91,,111,,38,,,33,,18,,,122,61,866,69,,84,162,19,,,,,,,,,,,,,,,,,,,,,,,57,61,25,621,,184,261,142,203,,,,,,,,,,,26,,,,43,41,93,,,109,282,38,86,238,130,0,285,103,44,78,340,33,32,,19,164,176,193,,,,,35,191,,160,273,,,,,,,,,,,,,,,,,,,,,,,,,,,,,,,,,338,,94,307,,99,185,75,499,,125,287,,315,,,54,64,213,133,393,245,,,,,,423,475,118,,225,,93,41,,,96,
2026-10-09T10:10:01+00:00,78,224,,,417,12,,41,147,,,137,,,181,,,,,,,87,,148,289,208,,50,,,29,698,17,3,41,,,128,,,106,126,,55,,8,,,,,,,,,,,40,28,2,11,,,25,33,24,,,,5,,95,,,275,,,101,232,,,,,,,,,,551,36,128,256,195,,318,50,134,,159,166,,415,,,,103,173,165,,,385,49,,196,104,10,161,144,112,622,6,9,406,53,,,,,,,,,,,,,,,,,,,,,,,,,,,,,,,,,,,,,,,,,,,,,,141,449,243,24,,,,309,344,239,159,,,,,,,,,,,,,38,,75,16,0,251,,,,,,,,,9,,,,,,,270,,7,64,137,,,,,,,,,82,,,,,,,,,,,,,,,,,,,,,,,,,,,322,34,276,248,227,,315,,,99,230,25,,1003,,,,324,,,,,,,,,,,,,206,40,0,,,,,430,,,20,160,293,,,218,,,,,,,,,,,,0,,,,,,,,,,,,206,80,15,58,225,,56,79,263,225,31,,178,,42,95,,3,,,,12,3,1,,,,5,39,106,,22,135,17,,,,,,,,,,,,,,,,,,,,,,,,,,,,,,,,,,58,26,,,,,,,,,,81,98,,,,,,22,,,113,41,,92,,,110,,31,80,240,132,1,292,105,,,,,,,,,,,,,,,,,,,,,,,,,,,,,,,,,,,,,,,,,,,,,,,,,,,,,128,,303,6,92,184,76,497,,124,,,316,,119,,,210,,395,244,,,,,,,473,116,,226,,90,42,,,89,134
2026-10-09T10:15:02+00:00,79,225,,,416,11,,43,,306,,146,,190,175,,63,,,,,,370,155,290,203,,49,,,,699,,5,,193,,125,,,104,,,56,,10,,,,,74,,291,29,,,,29,,5,,167,26,26,25,81,224,69,4,,,,,273,,,,235,314,20,81,59,76,132,,,,,,,,,,,,,,,,,,,,,,,,,,,,,,,,,,,,,,,,65,94,561,111,258,482,53,,363,,,,,,,,,,,,,,,,,,,,,,,,141,,,267,,539,,156,,95,,357,200,144,453,245,,,,602,307,346,,166,,,418,126,119,125,141,,,191,327,101,,,82,16,1,237,,,,,,,,,,,,,,,,279,,,62,139,,,,,,,,,79,,,,,,,,,,,,,,,,,,,,,,,,,,,329,,279,243,,175,,,,,233,26,,,,,,325,,,,,,,,,,,,,211,41,1,1,,,,427,,,21,158,291,,,,,,,,,,,,,,,,,,,,,,,,,,,200,,16,61,224,,54,84,266,223,,,180,78,43,100,,,,69,,,2,2,95,,116,7,42,,,20,,16,,195,119,59,871,70,,81,167,18,,,,,,,,,,,,,,,,,,,,,,535,59,59,,624,,186,259,140,200,,,,83,99,,,,,,25,,,,39,44,91,13,,111,285,33,,225,128,,280,103,47,76,342,36,26,116,20,,177,198,142,,,129,34,176,,,264,,,,,,,,,,,,,,,,,,,,,,,,,,,,,,,,,,,95,296,2,,179,77,496,42,127,,,315,,,53,65,213,135,398,242,,,,,,424,469,,,230,,88,44,,,,136
2026-10-09T10:20:02+00:00,78,231,,,420,15,,,152,,,149,,192,177,,64,,,,,85,373,159,297,,,,,,,,18,,40,195,,,,,101,127,,58,,13,,,,,72,,292,,,,42,21,,9,,168,,28,22,,225,67,3,,,,,271,,,99,233,315,13,,,73,137,,189,,552,31,120,257,194,195,313,,133,174,160,162,,413,,146,,100,,166,,150,379,48,485,,106,7,158,145,111,626,7,,,50,68,96,563,108,260,481,,,360,,,,,,,,,,,,,,,,,,,,,,,,140,,,268,,541,,160,,94,,356,202,147,454,252,,,,605,,345,245,169,,,,,,,,,,,,,41,,87,16,,222,,,,,,,,,,,,,,,,272,,6,,,,,,,,,,,81,,,,,,,,,,,,,,,,,,,,,,,,,,,332,41,278,249,228,176,319,,,100,239,29,,1001,,,,321,,127,,,,,,,,,,,214,42,5,4,,,,429,,,20,160,,,,222,,,,,,,,,,,,,,,,,,,,,,,,206,82,18,59,,110,55,92,267,224,,34,184,83,,102,,4,,72,133,,1,3,103,76,120,9,43,108,,17,,,,197,111,,867,66,,80,169,25,,,,,,,,,,,,,,,,,,,,,,534,60,62,31,621,,191,261,139,196,,,,86,101,,,,,,24,,,116,38,55,88,,9,112,,36,82,224,124,3,292,,45,78,343,38,23,114,19,152,173,202,148,,,127,32,184,,161,259,,,,,,,,,,,,,,,,,,,,,,,,,,,,,,,,,,129,94,289,4,98,174,,,,125,,,314,,120,,66,220,137,399,241,,,,,,423,467,,,225,,90,45,,,,135
2026-10-09T10:25:02+00:00,73,232,,,,,,46,166,,,150,,193,181,,,,,,,,374,162,290,,,47,,,,,,4,42,194,,,,,100,,,57,,14,,,,,,,293,,,,,17,,5,,170,,23,,,226,,4,,,,,,15,,98,234,317,,91,66,76,133,,190,,,24,112,267,192,198,304,49,128,173,162,142,27,415,,147,85,99,169,156,,151,370,49,473,194,108,4,159,147,108,,,,,49,65,92,,106,256,475,,,,,,,,,,,,,,,,,,,,,,,,,,,143,,,265,,538,,171,,95,,357,205,148,,259,23,,,607,,346,248,176,269,431,425,131,120,128,139,11,118,194,326,111,44,,93,16,0,211,,,,,,,,,,,,,,,,273,,,,142,,,,,,,,,80,,,,,51,,,,,,,,,,,,,,,,,,,,,,326,45,280,251,227,184,329,,,96,240,22,,,,,,322,,126,,,,,,,,,,,218,46,4,6,,,,425,,,19,164,,,,217,,,,,,,,,,,,,,,,,,,,,,,,204,83,23,61,221,109,,97,264,221,,,187,84,,103,,3,,73,135,,2,4,105,66,125,10,44,,,,134,17,,,,,,,,,,,,,,,,,,,,,,,,,,,,,,,,536,59,,,620,,196,,137,197,,,,,,,,,,,,,,,,58,,13,,,286,31,78,219,119,4,288,,,,,,,,,,,,,,,,,,,,,,,,,,,,,,,,,,,,,,,,,,,,,,,,,,,,,342,126,93,,7,102,177,78,,,126,,,313,,117,52,67,224,135,403,242,,,,,,419,463,,,228,,88,44,,,,139
2026-10-09T10:30:02+00:00,75,235,,,419,17,,,172,309,,151,,192,188,,65,,,,,91,375,168,293,198,,,,,33,692,19,17,40,192,,128,,,97,,,,,,,,,,,,292,,,,43,6,3,2,,171,,18,23,,,,,5,96,,,270,,,,236,314,5,104,61,,131,,,,,,,,,,,,,,,,,,,,,,,,,,,,,,,,,,,,,,,,,,,,,,,,,,,,,,,,,,,,,,,,,,,,,,,,,,,,,,,,,,,,206,151,457,263,24,,,609,305,343,249,171,,,,,,,,,,,,,47,,95,16,,197,,,,,,,,,8,,,,,,,268,,,63,143,,,,,,,,,82,,,,,,,,,,,,,,,,,,,,,,,,,,,335,42,282,260,,185,323,93,,101,243,26,,1004,,,,321,,,,,,,,,,,,,219,48,,4,,,,427,,,20,160,290,,,215,,,,,,,,,,,,,,,,,,,,,,,,196,84,25,60,226,107,,105,,226,,,182,86,42,105,,,,74,,18,3,3,109,61,122,14,48,111,,16,136,,3,195,127,58,862,65,,81,168,31,,,,,,,,,,,,,,,,,,,,,,,,63,,,,,,,,,,,85,,,,,,,27,,,120,45,,,,16,116,,36,77,211,118,6,286,101,,79,344,39,30,113,13,146,171,203,146,,,130,30,178,,162,261,,,,,,,,,,,,,,,,,,,,,,,,,,,,,,,,,343,129,,284,6,97,176,76,495,42,133,286,,314,,118,47,65,225,,401,241,,,,,,418,461,,,233,,84,43,,,75,138
2026-10-09T10:35:01+00:00,,236,,,421,15,,40,174,310,,156,,183,189,,64,,,,,,378,177,289,200,,,,,34,696,20,20,,190,,127,,,,129,,,,,,,,,,,290,28,,,45,9,,1,,,,,24,,,,,,,,,,16,,99,232,,,,,,,,,,,,98,,195,,297,,125,172,,134,28,417,3,,84,102,166,145,151,154,368,,,,110,3,,145,106,638,,8,409,,66,83,575,,257,,,,362,,,,,,,,,,,,,,,,,,,,,,,,151,,,267,,539,,177,,99,,356,210,155,456,262,25,,,608,304,,252,175,267,433,429,133,,123,,14,121,203,323,115,50,,94,16,,192,,,,,,,,,,,,,,,,272,,,65,,,,,,,,,,85,,,,,50,,,,,60,,,,,,,,,,,,,,,,,338,,284,269,,,,94,,105,242,28,,,,,,323,,127,,,,,,,,,,,,47,3,1,,,,,,,,157,291,,,,,,,,,,,,,,,,,,,,,,,,,,,198,86,,,230,109,56,111,267,230,,,190,83,41,107,,4,,,,19,1,2,110,56,120,15,,114,,17,137,15,,,,,,,,,,,,,,,,,,,,,,,,,,,,,,,,533,,67,28,617,,197,260,140,198,342,,,,102,,,,,,28,,,130,46,59,,23,8,129,289,34,76,196,113,3,281,100,,,,,,,,,,,,,,,,,,,,,,,,,,,,,,,,,,,,,,,,,,,,,,,,,,,,,,92,280,,94,171,,494,40,135,287,,312,,119,,64,219,,399,239,,,,,,415,,,,228,,85,46,,,65,140
2026-10-09T10:40:02+00:00,,234,,,426,13,,41,178,307,,152,,184,197,,,,,,,92,,186,,195,,43,,,38,701,,23,42,191,,,,,96,128,,54,,15,,,,,,,291,27,,,42,28,4,3,,,,13,22,,227,,,,,,,271,,,,235,307,6,108,65,78,123,,,,551,22,100,276,196,199,288,44,120,174,164,117,,414,,,85,99,156,129,152,152,362,48,461,197,108,,,143,103,645,,9,410,48,,,,,,,,,,,,,,,,,,,,,,,,,,,,,,,,,,,,,,,,,,,,,211,157,458,264,24,,,605,305,341,251,179,,,,,,,,,,,,,,,,17,1,176,,,,,,,,,,,,,,,,,,5,66,,,,,,,,,,,,,,,51,,,,,,,,,,,,,,,,,,,,,,350,41,287,268,230,191,324,,,109,245,30,,,,,,322,,128,,,,,,,,,,,218,,6,,,,,426,,,,159,288,,,213,,,,,,,,,,,,,,,,,,,,,,,,191,87,27,59,237,112,57,123,274,237,,,196,,42,106,,2,,75,137,24,4,4,113,51,125,14,47,,,,,13,5,199,129,57,856,68,6,80,170,32,,,,,,,,,,,,,,,,,,,,,,532,,72,24,619,,198,265,134,201,340,,,88,101,,,,,,29,,,131,48,61,85,34,21,130,290,39,75,191,,1,,99,44,81,345,42,31,,15,143,179,205,149,,,,34,175,,158,265,,,,,,,,,,,,,,,,,,,,,,,,,,,,,,,,,,,91,278,5,92,167,,,,137,286,,315,,,44,65,225,134,397,,,,,,,417,456,,,229,,,45,,,63,138
2026-10-09T10:45:02+00:00,73,233,,104,430,17,,43,183,306,,156,,185,207,,65,,,,,93,,190,287,196,,41,,,41,700,,25,41,190,,125,,,97,,,56,,17,,,,,74,,294,26,,,43,33,3,0,,,27,,,,226,68,2,6,93,,,270,,,102,234,,,,,,,,,,,,,,,,,,,,,,,,,,,,,,,,,,,,,,,,,,,,,,68,75,588,109,256,473,54,,363,,,,,,,,,,,,,,,,,,,,,,,,164,,,270,,537,,185,,97,,,,161,459,273,23,,,604,304,348,250,176,,431,433,144,116,124,144,15,122,205,334,117,45,,102,17,0,169,,,,,,,,,7,,,,,,,277,,4,69,,,,,,,,,,95,,,,,,,,,,,,,,,,,,,,,,,,,,,352,43,288,272,232,194,328,,,113,,31,,1005,,,,320,,,,,,,,,,,,,222,50,5,0,,,,427,,,,,284,,,210,,,,,,,,,,,,,,,,,,,,,,,,188,,28,,236,114,,129,281,236,,,,85,,,,3,,76,,,3,10,115,,124,15,58,115,,,138,,9,200,126,,845,69,10,79,171,33,,,,,,,,,,,,,,,,,,,,,,,,,,,,,,,,,,,,,,,,,,,,,,,,,,,,,45,76,190,110,5,290,96,43,87,,44,33,,,142,173,199,159,,,,32,173,,156,,,,,,,,,,,,,,,,,,,,,,,,,,,,,,,,,,350,126,87,285,4,97,,78,492,,139,287,,314,,120,42,63,230,136,404,240,,,,,,420,451,,,231,,,,,,,137
2026-10-09T10:50:01+00:00,74,234,,,427,13,,42,191,307,,,,188,206,,,,,,,98,380,194,286,,,40,,,44,701,,24,,188,,120,,,95,127,,55,,,,,,,75,,,28,,,44,,,,,170,,14,21,,,,3,,,,,275,,,105,232,302,13,116,72,85,121,,,,552,16,99,280,195,,274,,117,173,169,106,,413,1,146,,100,157,134,151,,352,47,455,199,106,5,149,150,106,640,,,409,50,,,,,,,,,,,,,,,,,,,,,,,,,,,,,,,,,,,,,,,,,,,,,218,166,464,272,31,,,606,306,347,247,173,,,,,,,,,,,,,,,,17,,162,,,,,,,,,6,,,,,,,271,,5,72,,,,,,,,,,101,,,,,,,,,,,,,,,,,,,,,,,,,,,355,45,,274,233,,325,,,,,32,,,,,,323,,127,,,,,,,,,,,226,48,4,,,,,,,,19,163,282,,,,,,,,,,,,,,,,,,,,,,,,,,,187,,30,60,234,,58,137,284,234,,,197,87,,111,,5,3,,138,19,4,,120,50,127,16,59,117,,16,137,12,,,,,,,,,,,,,,,,,,,,,,,,,,,,,,,,531,,73,22,622,,202,266,135,198,341,,,84,103,,,,,,26,,,136,49,63,86,40,26,137,,43,79,186,115,1,300,98,,,,,,,,,,,,,,,,,,,,,,,,,,,,,,,,,,,,,,,,,,,,,,,,,,,,,,85,286,2,90,,,489,49,140,,,313,,122,44,62,239,138,403,244,,,,,,418,454,,,237,,89,46,,,,134
2026-10-09T10:55:02+00:00,80,236,,,437,18,,44,194,309,,158,,190,222,,,,,,,,383,198,282,,,,,,,702,,28,,187,,121,,,93,,,56,,,,,,,,,295,,,,46,32,,,,,28,9,26,80,,71,,5,,,,272,14,,106,233,300,12,,,,123,,189,,551,12,95,286,196,,266,45,115,174,,97,30,411,,,83,99,158,129,,151,351,46,,196,107,1,146,151,,636,,7,,,,79,593,110,254,475,53,,362,,,,,,,,,,,,,,,,,,,,,,,,160,,,268,,539,,184,,96,,357,220,168,466,274,32,,,601,308,348,251,174,261,434,448,160,111,116,141,19,124,204,,123,43,,101,17,,161,,,,,,,,,,,,,,,,273,,,,,,,,,,,,,104,,,,,52,,,,,,,,,,,,,,,,,,,,,,352,39,290,283,231,,327,,,114,247,34,,1016,,,,324,,126,,,,,,,,,,,224,46,,,,,,,,,,165,280,,,207,,,,,,,,,,,,,,,,,,,,,,,,192,,,62,231,115,57,140,,231,,35,195,91,,113,,10,,,139,18,5,14,119,46,130,17,61,118,,,138,13,8,203,131,56,844,63,16,81,,47,,,,,,,,,,,,,,,,,,,,,,534,60,83,21,624,,206,,125,201,343,,,85,105,,,,,,,,,141,52,61,83,51,24,144,292,45,77,178,113,2,319,96,,83,344,43,30,109,14,146,172,193,154,,,131,30,167,,159,254,,,,,,,,,,,,,,,,,,,,,,,,,,,,,,,,,351,129,83,284,1,85,168,77,483,54,142,286,,311,,123,46,63,228,136,405,245,,,,,,,455,,,251,,,44,,,47,133
2026-10-09T11:00:02+00:00,86,241,,,441,,,,,306,,163,,188,224,,,,,,,103,386,201,277,195,,39,,,45,695,,33,39,185,,122,,,94,126,,,,14,,,,,,,294,,,,48,,,3,,,,8,25,,225,70,,,,,,,13,,104,230,,,,,,,,,,,,,,,,,,,,,,,,,,,,,,,,,,,,,,,,,,,,,,,,,,,,,,,,,,,,,,,,,,,,,,,,,,,,,,,,,,,,,,,,,,221,,467,281,33,,,600,,346,249,171,,,,,,,,,,,,,41,,108,17,,165,,,,,,,,,,,,,,,,278,,8,71,,,,,,,,,,109,,,,,51,,,,,61,,,,,,,,,,,,,,,,,354,42,292,286,,198,324,,,117,250,33,,,,,,,,,,,,,,,,,,,218,42,,,,,,429,,,,164,281,,,202,,,,,,,,,,,,,,,,,,,,,,,,204,88,32,61,230,117,58,147,288,230,,36,,94,,,,11,4,,,21,11,15,121,45,132,19,59,,,,,14,12,209,128,,846,68,13,80,173,45,,,,,,,,,,,,,,,,,,,,,,,,84,20,,,,,,,,,,87,106,,,,,,29,,,142,55,,84,,27,149,,44,75,176,112,,322,95,,,,,,,,,,,,,,,,,,,,,,,,,,,,,,,,,,,,,,,,,,,,,,,,,,,,350,,84,,2,84,166,,,56,141,285,,312,,122,47,,230,,407,243,,,,,,421,451,,,255,,,43,,,,132
2026-10-09T11:05:02+00:00,88,244,,,450,21,,52,195,,,168,,,,,66,,,,,104,383,209,278,193,,40,,,,692,,30,41,186,,118,,,95,125,,58,,,,,,,77,,296,,,,50,33,1,0,,171,26,6,26,,226,,5,6,94,,,276,14,,103,231,296,19,114,74,,121,,188,,,,89,287,197,200,258,,112,,168,91,29,414,,,,95,151,121,,,348,47,451,193,109,,150,152,,633,,8,,,69,75,603,104,250,474,50,,361,,,,,,,,,,,,,,,,,,,,,,,,,,,,,528,,188,,97,,361,233,,,288,38,,,602,309,343,248,173,260,435,481,166,109,117,147,22,121,209,337,,40,,114,17,,163,,,,,,,,,,,,,,,,274,,,72,,,,,,,,,,108,,,,,52,,,,,62,,,,,,,,,,,,,,,,,357,44,295,297,233,201,326,,,120,246,34,,,,,,323,,125,,,,,,,,,,,224,38,1,,,,,,,,18,167,,,,201,,,,,,,,,,,,1,,,,,,,,,,,,,90,33,63,232,118,57,156,,232,,,198,98,,111,,,5,77,141,24,13,17,129,,133,20,,119,,,137,12,,,,,,,,,,,,,,,,,,,,,,,,,,,,,,,,540,61,79,24,619,,208,268,123,205,,,,85,104,,,,,,32,,,151,56,68,82,54,28,157,291,43,76,174,107,4,317,97,,81,,50,29,106,16,,164,190,151,,,130,27,,,164,253,,,,,,,,,,,,,,,,,,,,,,,,,,,,,,,,,,128,86,280,-100,81,163,75,,,143,286,,309,,121,48,64,233,138,405,245,,,,,,425,455,,,264,,94,41,,,,135
2026-10-09T11:10:01+00:00,93,,,,458,19,,54,197,307,,172,,187,232,,67,,,,,107,382,212,275,191,,39,,,,690,21,38,40,185,,120,,,,127,,59,,13,,,,,75,,297,,,,49,,2,,,,,7,24,,228,,4,,,,,282,,,,237,,,,,,,,,,553,,92,284,199,,255,47,105,175,176,81,30,415,,,82,98,148,113,152,152,347,49,446,192,110,1,156,158,103,644,,,412,,,,,,,,,,,,,,,,,,,,,,,,,,,,,,,,,,155,,,271,,529,,203,,99,,366,235,178,463,291,39,,,601,,340,,171,,,,,,,,,,,,,44,,118,16,,153,,,,,,,,,,,,,,,,273,,,76,142,,,,,,,,,,,,,,,,,,,,,,,,,,,,,,,,,,,,360,42,300,,236,202,333,95,,123,248,33,,1014,,,,322,,124,,,,,,,,,,,220,33,,,,,,,,,17,172,283,,,203,,,,,,,,,,,,0,,,,,,,,,,,,213,,36,64,228,,,160,,228,,37,,100,,116,10,12,7,78,,29,11,16,128,43,132,19,57,120,,,135,,10,,154,,848,69,10,,174,53,,,,,,,,,,,,,,,,,,,,,,,,,,,,,,,,,,,,,,,,,,,,,,,,,,,,,44,78,179,103,1,323,,46,85,343,44,28,102,14,149,165,193,152,,,129,,168,,165,252,,,,,,,,,,,,,,,,,,,,,,,,,,,,,,,,,349,129,,274,1,85,165,76,482,65,138,287,,308,,123,,61,235,140,408,247,,,,,,,462,,,,,101,43,,,,
2026-10-09T11:15:02+00:00,97,245,,,456,16,,55,198,,,169,,188,242,,68,,,,,109,381,220,277,188,,,,,43,688,22,34,45,,,116,,,94,,,56,,14,,,,,76,,299,30,,,48,35,3,3,,172,27,6,23,81,,69,,,,,,293,,,105,,293,24,118,73,87,128,,186,,,15,91,283,201,202,261,49,108,,180,88,,413,,147,,,145,118,153,153,345,50,,,,2,154,159,111,645,,,,49,72,77,612,109,,475,,,365,,,,,,,,,,,,,,,,,,,,,,,,,,,,,,,,,,,,,,462,292,38,,,604,307,339,247,167,,438,502,183,104,121,150,30,124,207,334,133,45,,127,16,,159,,,,,,,,,5,,,,,,,276,,6,73,,,,,,,,,,106,,,,,51,,,,,,,,,,,,,,,,,,,,,,358,49,310,312,240,204,335,,,125,241,35,,,,,,325,,125,,,,,,,,,,,219,35,0,1,,,,,,,,177,288,,,202,,,,,,,,,,,,,,,,,,,,,,,,219,92,,66,230,119,56,166,293,230,30,38,204,106,,123,,11,8,,140,,9,14,130,41,135,25,53,121,,,,11,9,204,155,,852,67,12,81,,51,,,,,,,,,,,,,,,,,,,,,,545,64,76,26,626,,209,,136,206,347,,,89,107,,,,,,31,,,156,57,74,81,52,33,161,290,40,117,178,99,8,333,98,,,,,,,,,,,,,,,,,,,,,,,,,,,,,,,,,,,,,,,,,,,,,,,,,,,,,131,83,276,6,87,,78,485,66,,288,,309,,124,52,60,238,138,412,246,,,,,,,461,117,,257,,100,,,,50,138
2026-10-09T11:20:01+00:00,95,244,,,461,18,,59,197,,,167,,191,249,,69,,,,,,380,224,279,,,,,,,,20,38,46,188,,,,,96,126,,55,,,,,,,72,,302,29,,,,34,,6,,173,,,25,,,,,,,,,291,13,,109,241,282,22,125,74,86,130,,182,,,,,,,,,,,,,,,,,,,,,,,,,,,,,,,,,,,,,,,80,626,110,249,,51,,368,,,,,,,,,,,,,,,,,,,,,,,,,,,269,,531,,204,,101,,367,237,193,459,288,36,,,,306,342,243,169,,,,,,,,,,,,,47,,128,16,,151,,,,,,,,,,,,,,,,277,,5,74,,,,,,,,,,107,,,,,50,,,,,,,,,,,,,,,,,,,,,,,50,309,316,241,211,341,97,,132,243,33,,1015,,,,324,,124,,,,,,,,,,,222,37,,0,,,,,,,,180,287,,,210,,,,,,,,,,,,,,,,,,,,,,,,220,,35,65,237,,58,174,297,237,31,,211,105,43,132,,13,9,79,141,36,17,16,129,38,137,26,,,,,134,,19,203,157,,848,68,,86,175,54,,,,,,,,,,,,,,,,,,,,,,548,65,77,27,634,,215,,130,,346,,,95,,,,,,,28,,,160,61,79,77,55,43,164,291,46,,183,95,11,342,95,47,87,341,43,,109,,143,163,,149,,,134,25,183,,172,243,,,,,,,,,,,,,,,,,,,,,,,,,,,,,,,,,350,,81,275,10,86,169,,487,67,,287,,308,,123,51,61,232,140,408,247,,,,,,428,,118,,261,,94,,,,47,
2026-10-09T11:25:01+00:00,94,246,,,466,13,,62,199,309,,,,192,252,,70,,,,,108,,231,275,190,,40,,,49,687,,,47,,,111,,,95,138,,,,16,,,,,,,301,30,,,50,,,4,,,26,13,,82,,,,,93,,,296,15,,108,244,,,,,,,,,,,20,96,289,200,203,253,50,107,,183,99,31,411,,,81,,146,119,,,346,51,443,191,107,,152,163,116,,8,9,411,50,,,,,,,,,,,,,,,,,,,,,,,,,,,,,,,,,,,,,,,,,,,,,234,200,454,289,38,,,611,,337,244,173,,,520,203,106,124,153,27,126,206,341,135,51,,125,16,,143,,,,,,,,,,,,,,,,291,,,,,,,,,,,,,109,,,,,51,,,,,,,,,,,,,,,,,,,,,,359,,303,330,242,215,340,96,,136,246,35,,,,,,329,,,,,,,,,,,,,225,,,,,,,,,,,185,285,,,211,,,,,,,,,,,,2,,,,,,,,,,,,221,91,36,64,249,118,,178,302,249,,39,215,108,,134,,11,10,80,,,19,15,128,37,,28,57,,,17,135,13,30,206,195,59,843,58,11,88,174,57,,,,,,,,,,,,,,,,,,,,,,,66,83,26,631,,220,266,137,,352,,,99,,,,,,,32,,,162,62,83,79,66,49,174,296,43,,174,92,10,340,94,48,,337,38,34,113,12,142,170,191,158,,,136,,185,,,235,,,,,,,,,,,,,,,,,,,,,,,,,,,,,,,,,,130,,276,9,92,166,79,,66,135,285,,311,,,55,64,226,141,409,248,,,,,,426,460,,,257,,96,,,,,137
2026-10-09T11:30:01+00:00,92,249,57,,470,9,,69,200,308,,163,,190,256,,,,,,,107,382,238,272,192,,38,,,,,,39,,187,,,,,98,135,,56,,,,,,,,,302,28,,,,,2,0,,,25,8,24,,229,70,,8,,,,300,14,,,245,286,28,127,73,85,131,,181,,555,17,101,291,,202,256,51,104,176,186,96,,414,,148,83,99,143,117,,154,351,,431,198,106,5,148,166,119,663,,,408,51,74,83,634,,253,469,50,,,,,,,,,,,,,,,,,,,,,,,,,,152,,,273,,523,,219,,105,,380,236,209,448,296,41,,,612,,343,243,172,,,,,,,,,,,,,52,,126,16,,138,,,,,,,,,4,,,,,,,300,,,75,,,,,,,,,,113,,,,,52,,,,,63,,,,,,,,,,,,,,,,,361,48,301,331,246,217,342,,,133,249,,,,,,,328,,,,,,,,,,,,,226,34,,2,,,,,,,,193,,,,213,,,,,,,,,,,,,,,,,,,,,,,,220,93,,,250,,,187,303,250,,,218,107,,136,,9,,,143,34,18,12,127,36,138,,60,122,,12,,,,,,,,,,,,,,,,,,,,,,,,,,,,,,,,,,,,,,,,,,,,,,,,,,,,,,,,,,,,,,,,,48,116,170,91,12,336,96,,,,,,,,,,,,,,,,,,,,,,,,,,,,,,,,,,,,,,,,,,,,,,,,,,,,351,,,273,16,97,167,,483,68,,287,,,,124,53,63,227,,407,252,,,,,,429,463,,,259,,99,,,,49,138
2026-10-09T11:35:02+00:00,93,253,,106,473,11,,65,197,,,157,,188,252,,72,,,,,104,384,243,269,199,,,,,50,692,19,37,49,185,,116,,,,134,,53,,,,,,,,,304,30,,,49,,3,,,,23,10,29,83,230,68,3,9,,,,299,,,,240,,,,,,,,,,,,,,,,,,,,,,,,,,,,,,,,,,,,,,,,,,,,,,,,,,,,,,,,,,,,,,,,,,,,,,,,,,,,,,,,,,,,,,,,,,235,,431,300,,,,615,309,334,244,177,262,440,526,209,,126,157,28,135,,337,137,51,,130,16,,137,,,,,,,,,,,,,,,,304,,6,74,,,,,,,,,,,,,,,,,,,,,,,,,,,,,,,,,,,,,,51,306,336,250,223,348,97,,136,251,33,,1057,,,,325,,,,,,,,,,,,,224,35,,,,,,431,,,,197,283,,,,,,,,,,,,,,,1,,,,,,,,,,,,,94,,63,259,,57,196,309,259,30,,219,109,,139,,11,,79,,40,17,16,124,,,33,64,123,,,,16,33,,189,60,838,73,16,89,,51,,,,,,,,,,,,,,,,,,,,,,546,68,87,27,628,,223,268,149,207,,,,98,,,,,,,33,,,170,,85,,,45,179,297,,117,166,92,11,349,94,46,89,338,39,33,118,,139,166,192,153,,,135,27,194,,170,234,,,,,,,,,,,,,,,,,,,,,,,,,,,,,,,,,353,131,82,274,14,93,168,84,,77,137,,,,,123,52,64,236,136,404,253,,,,,,,459,,,262,,100,,,,47,143
2026-10-09T11:40:02+00:00,92,,,,474,,,63,194,,,154,,186,260,,74,,,,,106,387,246,,,,39,,,49,688,20,39,48,187,,124,,,100,135,,,,14,,,,,73,,305,,,,48,,,,,,24,12,34,,,,4,,,,,302,,,,241,284,35,135,83,83,132,,179,,,18,108,298,199,200,251,52,105,,187,97,,415,,,82,98,139,115,,,347,,422,,,3,149,165,125,664,,,406,52,75,92,622,,251,464,51,,364,,,,,,,,,,,,,,,,,,,,,,,,159,,,276,,519,,222,,106,,388,232,210,413,304,45,,,617,308,330,,182,,,,,,,,,,,,,52,,129,17,,133,,,,,,,,,,,,,,,,312,,,72,141,,,,,,,,,115,,,,,,,,,,64,,,,,,,,,,,,,,,,,366,66,308,345,251,224,346,96,,137,256,36,,,,,,324,,,,,,,,,,,,,229,,4,3,,,,433,,,,199,286,,,216,,,,,,,,,,,,,,,,,,,,,,,,216,,37,,253,119,56,197,308,253,,,225,114,,140,,,,,146,47,8,18,123,,141,36,62,126,,,,18,,,,61,,,,,,,,,,,,,,,,,,,,,,,,,,,,,71,88,29,627,,225,269,,209,,,,102,,,,,,,35,,,175,,,,63,,184,301,46,115,,88,14,352,93,,,,,,,,,,,,,,,,,,,,,,,,,,,,,,,,,,,,,,,,,,,,,,,,,,,,359,132,102,272,10,98,171,,481,,140,,,,,,51,60,238,135,407,,,,,,,432,460,,,258,,102,40,,,48,
2026-10-09T11:45:02+00:00,90,254,,,472,14,,61,186,310,,156,,189,269,,,,,,,,388,253,271,205,,38,,,51,716,21,37,44,,,120,,,101,134,,54,,12,,,,,,,306,29,,,47,35,4,,,172,25,13,38,,229,,,,,,,,13,,,244,,,,,,,,,,,,,,,,,,,,,,,,,,,,,,,,,,,,,,,,,,,,,,,,,,,,,,,,,,,,,,,,,,,,,,,,,,,,,,,,,,,,,,,,,,228,211,402,306,,,,616,309,333,243,180,264,,529,207,105,127,163,,139,208,338,138,53,,132,17,,129,,,,,,,,,,,,,,,,318,,7,73,139,,,,,,,,,113,,,,,,,,,,,,,,,,,,,,,,,,,,,370,81,312,346,254,227,349,97,,140,259,,,1070,,,,325,,,,,,,,,,,,,234,36,1,1,,,,,,,,204,288,,,214,,,,,,,,,,,,0,,,,,,,,,,,,217,,,66,248,120,60,201,,248,,,230,116,,141,,12,11,81,147,44,5,17,125,35,140,41,61,128,,13,,17,31,211,199,62,831,80,24,90,175,43,,,,,,,,,,,,,,,,,,,,,,551,70,,30,628,,229,270,,211,,,,98,,,,,,,36,,,173,64,88,,,,,303,,112,156,92,11,344,95,,91,339,42,,117,7,140,,190,149,,,137,,198,,,230,,,,,,,,,,,,,,,,,,,,,,,,,,,,,,,,,361,131,106,270,11,,176,86,480,83,,286,,,,122,52,61,237,,,,,,,,,431,,,,254,,107,41,,,49,
2026-10-09T11:50:01+00:00,92,,,,477,15,,62,188,,,160,,188,274,,72,,,,,,387,254,270,211,,36,,,52,750,22,39,43,186,,,,,100,135,,55,,14,,,,,71,,,31,,,45,34,3,,,171,,14,41,82,,65,,,,,,307,,,,247,,30,140,84,80,138,,,,556,19,115,302,197,197,258,51,103,,189,107,,421,,,80,,144,110,,156,344,49,419,207,105,7,146,169,123,683,,8,408,,71,102,626,116,248,462,50,,365,,,,,,,,,,,,,,,,,,,,,,,,158,,,278,,517,,224,,110,,398,230,213,399,308,43,,,622,308,325,241,177,,,,,,,,,,,,,49,,127,17,5,131,,,,,,,,,,,,,,,,323,,9,,140,,,,,,,,,,,,,,49,,,,,65,,,,,,,,,,,,,,,,,375,82,314,353,255,230,,,,141,,,,,,,,319,,125,,,,,,,,,,,240,,5,3,,,,,,,14,201,283,,,215,,,,,,,,,,,,,,,,,,,,,,,,218,,38,69,251,121,62,199,,251,,,231,117,,140,,7,,,,39,3,,123,34,142,42,58,129,,,,16,33,213,206,,825,82,25,89,,46,,,,,,,,,,,,,,,,,,,,,,550,,92,,631,,,,147,212,354,,,97,108,,,,,,35,,,176,66,,80,64,43,188,,42,114,154,95,7,338,,45,,336,39,,,5,141,161,191,147,,,135,29,,,172,233,,,,,,,,,,,,,,,,,,,,,,,,,,,,,,,,,,129,,272,10,99,179,84,481,87,145,284,,312,,124,,59,233,133,404,255,,,,,,,459,,,250,,106,,,,44,144
2026-10-09T11:55:01+00:00,,256,,,482,12,,66,191,314,,161,,,271,,68,,,,,,,259,273,210,,,,,50,778,,38,45,190,,118,,,99,134,,,,12,,,,,,,,,,,47,33,,,,,24,17,42,,,,,10,,,,,,,111,246,,,,,,,,,,,24,,307,196,194,264,48,102,183,190,109,28,422,,,82,103,,100,,157,343,,425,209,103,,142,,118,693,7,,412,51,,,,,,,,,,,,,,,,,,,,,,,,,,,,,,,,,163,,,277,,509,,225,,113,,408,229,,418,,44,,,618,,321,242,175,,443,532,208,104,130,164,29,,211,346,129,52,,126,17,9,128,,,,,,,,,,,,,,,,322,,,75,,,,,,,,,,112,,,,,,,,,,,,,,,,,,,,,,,,,,,374,84,319,355,254,238,348,,,143,255,40,,,,,,321,,,,,,,,,,,,,238,34,4,2,,,,,,,13,,284,,,214,,,,,,,,,,,,,,,,,,,,,,,,229,93,39,67,252,,,204,309,252,,38,234,,,,,9,,79,143,36,2,,120,,143,47,62,130,,,,17,,,,,,,,,,,,,,,,,,,,,,,,,,,,,,,,544,69,96,31,632,,228,271,152,211,,,,101,114,,,,,,36,,,177,,91,81,62,47,194,,,,144,97,2,333,94,,,,,,,,,,,,,,,,,,,,,,,,,,,,,,,,,,,,,,,,,,,,,,,,,,,,,128,105,278,8,103,183,,479,85,146,286,,313,,127,,,234,130,402,254,,,,,,429,,,,248,,107,40,,,47,147
2026-10-09T12:00:01+00:00,94,257,,,489,,,68,186,,,164,,192,274,,66,,,,,104,389,263,,,,,,,,,,,,,,,,,,,,,,,,,,,,,,,,,,,,,,,,,,,,,,,,,,,,,,,,,,,,,,,,,,,,,,,,,,,,,,,,,,,,,,,,,,,,,,,,,,,,,,,,,,,,,,,,,,,,,,,,,,,,,,,,,,,,,,,,,,,,,,,,,,,,,,,,,,,,,,,,,,,,,,,,,,,,,,,,,,,,,,,,,,,,,,,,,,,,,,,,,,,,,,,,,,,,,,,,,,,,,,,,,,,,,372,,317,358,257,242,349,,,,259,41,,1079,,,,,,,,,,,,,,,,,,,,,,,,,,,,,,,,,,,,,,,,,,,,,,,,,,,,,,,,,,,,,,,,,,,,,,,,,,,,,,,,,,,,,,,,,,,,,,,,,,,,,,,,,,,,,,,,,,,,,,,,,541,70,,29,629,,227,274,143,210,356,,,,116,,,,,,37,,,,67,95,79,65,49,195,302,,,,,,,,,,,,,,,,,,,,,,,,,,,,,,,,,,,,,,,,,,,,,,,,,,,,,,,,,,,,,,,,,,,,,,,,,,,,,,,,,,,,,,,,,,,,,,,,,
2026-10-09T12:00:02+00:00,,,,,,,,,,,,,,,,,,,,,,,,,268,208,,,,,51,803,,39,47,188,,120,,,100,,,56,,11,,,,,,,307,,,,43,32,5,,,,26,16,,81,,64,,,94,,,,14,,,248,279,41,157,86,83,142,,183,,,,,,,,,,,,,,,,,,,,,,,,,,,,,,,,,,,,,,73,90,624,117,247,464,51,,,,,,,,,,,,,,,,,,,,,,,,,,,,,,,,,,,,,,227,217,451,304,,,,623,307,316,240,163,,,,,,,,,,,,,49,,,17,10,127,,,,,,,,,,,,,,,,325,,,76,139,,,,,,,,,111,,,,,50,,,,,,,,,,,,,,,,,,,,,,,,,,,,,,,,,,,,,,,,,126,,,,,,,,,,,237,35,,1,,,,434,,,,214,282,,,218,,,,,,,,,,,,,,,,,,,,,,,,,95,,66,250,,,205,311,250,,,240,119,,142,,6,,81,142,40,5,16,116,,144,49,60,133,,,134,18,26,217,210,61,818,78,29,92,174,49,,,,,,,,,,,,,,,,,,,,,,,,,,,,,,,,,,,,,,,,,,,,,,,,,,,,,,112,151,,8,338,95,,87,334,40,24,,6,146,170,187,148,,,133,27,204,,171,224,,,,,,,,,,,,,,,,,,,,,,,,,,,,,,,,,366,127,,272,,109,184,86,480,84,,287,,,,128,53,60,238,131,,255,,,,,,,461,,,261,,104,36,,,,150
2026-10-09T12:05:01+00:00,96,256,,,496,11,,66,183,311,,168,,,,,,,,,,103,388,269,,215,,37,,,53,842,,,48,,,124,,,101,135,,55,,13,,,,,,,310,,,,45,33,,1,,,,19,43,,228,66,5,,,,,301,,,107,246,,,,,,,,,,,27,120,311,195,,272,47,101,184,192,114,,423,,149,80,,150,98,152,158,344,51,,212,,2,136,170,115,689,,,,55,,,,,,,,,,,,,,,,,,,,,,,,,,,,,,,,,160,,,275,,503,,222,,115,,,225,216,471,305,42,,,,,318,239,,265,439,556,222,,,169,32,141,209,343,128,47,,129,17,6,122,,,,,,,,,,,,,,,,,,,77,,,,,,,,,,110,,,,,49,,,,,64,,,,,,,,,,,,,,,,,376,90,322,354,256,240,353,98,,145,262,40,,,,,,,,,,,,,,,,,,,,37,3,3,,,,435,,,,,,,,220,,,,,,,,,,,,,,,,,,,,,,,,230,,38,,247,,,211,310,247,,37,242,121,,138,,9,,,143,33,1,,,,145,53,59,,,,,16,28,218,211,,815,74,24,,176,,,,,,,,,,,,,,,,,,,,,,,543,71,106,30,631,,,278,125,204,355,,,109,120,,,,,,38,,,180,,102,84,64,54,189,301,46,115,148,,15,343,97,49,84,,42,22,112,12,149,168,188,151,,,130,,201,,,221,,,,,,,,,,,,,,,,,,,,,,,,,,,,,,,,,367,,108,273,9,116,,85,477,,145,,,,,125,51,62,,132,400,257,,,,,,432,456,,,256,,103,34,,,,
2026-10-09T12:10:02+00:00,90,259,,,497,9,,64,182,314,,171,,187,273,,60,,,,,109,387,273,266,213,,,,,52,864,21,37,46,187,,131,,,99,133,,58,,14,,,,,73,,313,30,,,,32,,,,,,20,,,,67,,,95,,,302,,,106,247,,38,161,93,,145,,189,,,,,,,,,,,,,,,,,,,,,,,,,,,,,,,,,,,,,,74,81,633,116,246,461,50,122,363,,,,,,,,,,,,,,,,,,,,,,,,,,,,,,,,,,,,226,219,473,306,,,,624,308,323,242,156,,,,,,,,,,,,,44,,131,17,8,131,,,,,,,,,3,,,,,,,330,,,75,,,,,,,,,,111,,,,,48,,,,,65,,,,,,,,,,,,,,,,,384,106,326,363,253,245,355,,,147,264,,,1085,,,,,,,,,,,,,,,,,230,38,1,5,,,,433,,,14,216,287,,,222,,,,,,,,,,,,,,,,,,,,,,,,224,,,64,241,,63,207,313,241,,,251,126,,137,,,,,,34,3,,112,,142,54,,,,19,,,,,226,,811,78,,90,177,48,,,,,,,,,,,,,,,,,,,,,,545,68,112,32,629,,231,279,119,205,,,,,119,,,,,,40,,,183,71,105,83,,60,188,,52,,147,99,23,345,98,,,,,,,,,,,,,,,,,,,,,,,,,,,,,,,,,,,,,,,,,,,,,,,,,,,,,128,107,274,10,,186,87,472,,136,284,,314,,126,48,60,243,135,398,258,,,,,,431,455,,,258,,105,36,,,55,
2026-10-09T12:15:02+00:00,93,,,,501,,,62,181,310,,179,,191,269,,,,,,,110,384,,,214,,40,,,50,861,,32,,186,,133,,,,134,,60,,13,,,,,75,,311,,,,47,33,,0,,,27,24,47,80,,,3,,97,,,299,,,,245,,,,,,,,,,554,24,121,318,191,193,284,48,106,,193,116,26,425,,,,110,160,91,,,338,47,423,216,99,1,144,164,118,700,,,413,,77,82,634,,247,467,,116,366,,,,,,,,,,,,,,,,,,,,,,,,,,,,,524,,240,,117,,422,225,221,472,304,41,,,,309,319,239,,266,441,561,243,108,135,167,38,139,218,348,132,46,,137,17,6,132,,,,,,,,,,,,,,,,337,,8,77,138,,,,,,,,,112,,,,,47,,,,,,,,,,,,,,,,,,,,,,393,109,329,368,256,257,357,99,,,263,39,,,,,,325,,,,,,,,,,,,,233,,3,7,,,,435,,,,219,288,,,221,,,,,,,,,,,,,,,,,,,,,,,,223,96,,65,243,,62,210,315,243,,38,259,136,45,133,,11,12,,144,38,,13,108,,,57,58,132,,18,,17,25,220,218,60,816,81,22,93,178,47,,,,,,,,,,,,,,,,,,,,,,,,,,,,,,,,,,,,,,,,,,,,,,,,,,,,,54,,138,96,19,347,99,50,82,,49,26,111,10,151,173,190,148,,,127,,196,,173,227,,,,,,,,,,,,,,,,,,,,,,,,,,,,,,,,,370,129,109,278,9,125,,,479,86,138,285,,313,,125,47,59,254,137,401,,,,,,,,460,,,262,,107,,,,62,152
2026-10-09T12:20:01+00:00,85,,,,503,11,,65,180,309,,180,,193,275,,58,,,,,111,,278,,212,,39,,,,864,20,30,43,187,,137,,0,101,135,,,,15,,,,,74,,318,31,,,48,34,,,,,,31,50,,,,,,98,,,,,,103,250,283,28,170,94,86,154,,,,,,,,,,,,,,,,,,,,,,,,,,,,,,,,,,,,,,,,,,,,,,,,,,,,,,,,,,,,,,,,,,,,,,,,,,,,,,,,,,,,223,,477,309,35,,,618,310,313,230,149,,,,,,,,,,,,,47,,136,17,10,135,,,,,,,,,,,,,,,,340,,9,76,137,,,,,,,,,115,,,,,46,,,,,,,,,,,,,,,,,,,,,,,113,328,374,259,258,363,101,,150,266,40,,,,,,324,,,,,,,,,,,,,238,35,2,8,,,,,,,,224,290,,,224,,,,,,,,,,,,2,,,,,,,,,,,,226,,37,66,239,,,214,314,239,,,263,143,,138,,10,,80,,34,7,,110,,,58,,133,,17,,18,,,,,,,,,,,,,,,,,,,,,,,,,,,,,,,,548,,113,34,631,,234,284,129,212,360,,,112,,,,,,,36,,,188,73,117,85,72,,191,303,60,116,146,93,26,343,,51,,333,51,,107,6,149,167,187,140,,,129,28,,,170,225,,,,,,,,,,,,,,,,,,,,,,,,,,,,,,,,,,,108,280,8,134,189,,483,84,137,288,,316,,126,48,60,246,,,259,,,,,,433,465,119,,257,,106,,,,66,154
2026-10-09T12:25:01+00:00,82,261,,,508,9,,64,177,308,,181,,199,273,,53,,,,,108,383,281,268,211,,40,,,,878,19,27,45,185,,135,,,,136,,61,,17,,,,,,,324,30,,,47,,,3,,,,38,,,,64,,,97,,,295,13,,101,252,,,,,,,,,,555,31,135,325,195,194,287,45,107,186,192,127,25,427,2,,81,113,155,96,,159,337,48,439,217,100,2,147,160,124,693,,9,,,78,76,,112,249,471,,,365,,,,,,,,,,,,,,,,,,,,,,,,157,,,,,523,,247,,118,,434,220,223,476,307,,,,617,,310,231,145,265,439,569,248,,132,,42,146,,343,136,45,,144,17,13,140,,,,,,,,,,,,,,,,349,,11,,136,,,,,,,,,113,,,,,,,,,,,,,,,,,,,,,,,,,,,402,111,331,380,263,,361,102,,151,267,42,,1105,,,,323,,125,,,,,,,,,,,239,,3,7,,,,,,,15,,294,,,230,,,,,,,,,,,,1,,,,,,,,,,,,225,93,38,68,240,125,,217,316,240,,39,264,144,,,,7,,82,,35,3,14,106,,141,64,56,132,,,133,17,26,216,208,,821,79,,,,52,,,,,,,,,,,,,,,,,,,,,,556,,,,,,,,,,,,,113,118,,,,,,,,,191,75,,,73,54,199,,65,111,153,98,25,329,100,,,,,,,,,,,,,,,,,,,,,,,,,,,,,,,,,,,,,,,,,,,,,,,,,,,,,,109,282,,142,184,86,486,,139,,,315,,131,50,59,243,136,403,257,,,,,,,468,,,248,,,,,,70,153
2026-10-09T12:30:02+00:00,80,263,,105,509,,,65,179,,,182,,194,266,,51,,,,,107,385,282,273,210,,44,,,48,881,20,26,44,184,,,,,100,,,62,,,,,,,77,,326,31,,,44,32,,12,,,,40,51,,,,4,11,,,,293,,,100,251,280,,174,97,93,163,,190,,,,139,326,197,,303,47,108,,196,140,29,430,,150,82,120,161,98,154,,340,,442,219,,7,145,162,128,718,,11,412,52,80,73,632,110,251,472,49,119,367,,,,,,,,,,,,,,,,,,,,,,,,158,,,277,,526,,255,,117,,439,216,224,477,,,,,614,312,306,232,150,,,,,,,,,,,,,43,,142,17,17,143,,,,,,,,,2,,,,,,,353,,,82,139,,,,,,,,,,,,,,48,,,,,67,,,,,,,,,,,,,,,,,407,113,332,393,264,260,367,,,155,265,41,,,,,,325,,124,,,,,,,,,,,,40,8,6,,,,,,,14,226,295,,,229,,,,,,,,,,,,0,,,,,,,,,,,,215,92,,76,241,,60,221,317,241,,,266,147,,,,,,83,145,30,1,16,102,33,135,69,57,131,,15,134,20,29,220,209,59,812,85,27,94,179,53,,,,,,,,,,,,,,,,,,,,,,555,66,114,35,633,,237,283,,218,358,,,112,115,,,,,,,,,194,,126,,70,57,202,304,71,116,156,95,29,332,,52,76,334,54,27,110,7,142,155,179,145,,,122,25,194,,167,226,,,,,,,,,,,,,,,,,,,,,,,,,,,,,,,,,375,125,107,284,7,136,187,84,,78,137,290,,314,,132,,57,244,,407,259,,,,,,435,474,,,238,,108,35,,,69,151
2026-10-09T12:35:02+00:00,78,265,,,507,6,,67,178,,,179,,195,274,,46,,,,,108,384,287,269,207,,46,,,,883,21,32,45,185,,134,,,99,139,,64,,18,,,,,78,,328,,,,45,33,,7,,,,37,56,81,229,63,5,,,,,292,,,99,250,,,,,,,,,,556,35,143,318,198,,305,44,109,187,200,135,,431,2,,,124,165,90,,,344,49,443,225,,8,146,164,,712,,,413,,,75,636,114,248,470,,122,368,,,,,,,,,,,,,,,,,,,,,,,,,,,,,,,,,,,,217,227,,303,37,,,604,311,296,225,147,266,441,577,250,111,131,169,41,,217,342,133,45,,141,17,19,140,,,,,,,,,1,,,,,,,355,,,81,140,,,,,,,,,114,,,,,50,,,,,,,,,,,,,,,,,,,,,,404,111,,388,263,263,373,103,,158,268,38,,1125,,,,323,,125,,,,,,,,,,,,39,6,8,,,,437,,,,227,294,,,,,,,,,,,,,,,2,,,,,,,,,,,,,91,39,78,240,,,223,319,240,,,270,149,,136,,,,84,,22,,14,96,32,139,73,56,129,,16,,,33,223,215,,794,93,31,96,180,56,,,,,,,,,,,,,,,,,,,,,,,65,117,36,637,,241,279,126,217,361,,,115,116,,,,,,38,,,198,78,128,84,66,54,212,,73,114,153,96,31,334,,,,,,,,,,,,,,,,,,,,,,,,,,,,,,,,,,,,,,,,,,,,,,,,,,,,,374,123,109,288,2,142,188,83,484,,138,288,,,,,51,56,248,133,408,260,,,,,,,476,,,230,,106,37,,,71,
2026-10-09T12:40:01+00:00,80,267,,,510,7,,,174,305,,178,,200,272,,45,,,,,109,383,,270,209,,47,,,50,,20,31,49,186,,133,,,100,143,,63,,17,,,,,77,,331,,,,46,34,7,11,,172,,38,59,,230,60,6,,,,,293,,,98,252,273,31,185,104,95,164,,,,,,,,,,,,,,,,,,,,,,,,,,,,,,,,,,,,,,,,,,,,,,,,,,,,,,,,,,,,,,,,,,,,,,,,159,,,279,,534,,253,,,,446,220,230,,299,40,,,603,310,294,222,149,,,,,,,,,,,,,52,,,17,27,144,,,,,,,,,,,,,,,,362,,9,82,142,,,,,,,,,115,,,,,53,,,,,,,,,,,,,,,,,,,,,,402,109,323,389,264,269,375,105,,,266,39,,1127,,,,326,,127,,,,,,,,,,,241,42,5,,,,,434,,,,225,295,,,233,,,,,,,,,,,,0,,,,,,,,,,,,212,,,77,,126,58,224,321,,31,38,271,146,,140,,,,,,17,,12,95,,140,76,51,128,,17,,19,31,221,224,,799,87,35,94,183,53,,,,,,,,,,,,,,,,,,,,,,,,,,,,,,,,,,,,,,,,,,,,,,,,,,,,,75,112,166,93,29,344,101,51,78,333,58,24,109,6,144,148,178,144,,,121,24,199,,168,223,,,,,,,,,,,,,,,,,,,,,,,,,,,,,,,,,,125,,290,6,150,182,,,76,136,,,313,,135,,58,,129,411,258,,,,,,432,478,,,225,,,36,,,70,
2026-10-09T12:45:01+00:00,81,,,,515,6,,65,178,306,,,,201,275,,42,,,,,108,381,294,273,211,,46,,,49,878,,23,50,187,,134,,,,146,,62,,,,,,,76,,333,,,,47,35,9,3,,170,26,42,63,,,,7,,96,,,294,,,97,254,,,,,,,,,,557,36,144,320,,195,308,43,,,202,139,31,432,3,,84,127,166,86,,,348,51,441,226,99,9,,161,125,720,,,416,54,81,72,640,110,250,,,123,370,,,,,,,,,,,,,,,,,,,,,,,,,,,,,,,,,,,,224,227,478,298,41,,,607,308,299,213,148,,439,579,232,113,127,168,43,144,219,347,130,54,,142,17,30,160,,,,,,,,,,,,,,,,358,,10,83,,,,,,,,,,112,,,,,52,,,,,,,,,,,,,,,,,,,,,,404,107,324,391,,274,379,,,159,267,41,,,,,,,,128,,,,,,,,,,,243,39,4,11,,,,435,,,,228,296,,,237,,,,,,,,,,,,1,,,,,,,,,,,,209,93,38,76,241,125,59,,322,241,,,273,147,,,9,10,13,83,148,20,2,16,92,31,142,79,,,,18,,17,,220,227,60,794,89,38,95,182,,,,,,,,,,,,,,,,,,,,,,,550,64,114,37,638,,243,278,123,219,362,,,,,,,,,,37,,,201,80,133,86,67,56,213,305,80,115,162,91,30,359,104,,,,,,,,,,,,,,,,,,,,,,,,,,,,,,,,,,,,,,,,,,,,,,,,,,,,375,124,110,291,5,151,185,85,485,,137,,,312,,134,50,56,,131,412,257,,,,,,,,,,229,,98,37,,,,153
2026-10-09T12:50:02+00:00,80,268,,,517,9,,62,182,309,,176,,200,270,,41,,,,,107,382,297,275,216,,47,,,50,880,19,25,51,186,,140,,,,145,,,,,,,,,73,,335,30,,,42,38,,4,,,,43,66,,,,8,10,,,,,,,,257,275,45,179,107,101,,,,,,,,,,,,,,,,,,,,,,,,,,,,,,,,,,,,,,,,,,,,,,,,,,,,,,,,,,,,,,,,,,,,,,,,,158,,,280,,532,,274,,118,,455,220,226,,295,,,,606,309,,215,145,,,,,,,,,,,,,53,,145,17,33,169,,,,,,,,,0,,,,,,,357,,9,84,143,,,,,,,,,,,,,,50,,,,,68,,,,,,,,,,,,,,,,,399,103,330,385,265,276,386,103,,164,258,42,,1149,,,,328,,,,,,,,,,,,,246,43,1,,,,,436,,,,,295,,,236,,,,,,,,,,,,0,,,,,,,,,,,,204,,39,75,237,126,61,226,319,237,,,277,,,,,8,15,82,,22,4,18,94,,145,89,50,126,,21,,18,,,,,,,,,,,,,,,,,,,,,,,,,,,,,,,,551,63,111,38,640,,242,,129,225,363,,,,,,,,,,,,,203,83,137,85,65,60,219,307,85,112,163,97,24,366,105,50,75,334,61,28,110,9,143,141,182,145,,,116,29,202,,167,221,,,,,,,,,,,,,,,,,,,,,,,,,,,,,,,,,377,123,112,284,7,144,183,88,488,78,140,,,310,,132,52,,253,130,415,254,,,,,,431,,,,234,,96,,,,72,
2026-10-09T12:55:01+00:00,73,267,,,526,5,,66,,,,178,,197,,,37,,,,,106,384,301,277,224,,48,,,49,884,18,28,48,184,,143,,,99,147,,64,,15,,,,,70,,,,,,39,37,8,0,,,,44,71,82,232,,12,11,,,,296,,,96,,,,,,,,,,,558,37,147,327,201,194,310,46,112,,204,147,33,437,1,,82,128,170,90,,160,355,53,452,223,,17,142,166,131,715,,,417,,79,,641,108,254,477,,118,369,,,,,,,,,,,,,,,,,,,,,,,,,,,,,,,,,,,,218,230,480,302,39,,,603,,279,218,140,,,582,228,,123,173,46,,218,344,133,57,,146,17,29,173,,,,,,,,,,,,,,,,,,,,,,,,,,,,,113,,,,,,,,,,,,,,,,,,,,,,,,,,,397,107,329,386,,279,,,,165,257,37,,,,,,331,,129,,,,,,,,,,,247,42,0,10,,,,437,,,,229,292,,,235,,,,,,,,,,,,,,,,,,,,,,,,209,94,,,236,,,228,318,236,32,,283,,,137,,,16,,149,29,10,17,92,30,146,94,47,124,,23,,,,217,234,,804,90,46,96,,62,,,,,,,,,,,,,,,,,,,,,,559,,106,39,,,,,,,,,,114,115,,,,,,38,,,,81,,86,64,62,,,88,117,167,100,27,363,107,,76,,67,27,105,6,145,143,172,138,,,106,31,201,,166,210,,,,,,,,,,,,,,,,,,,,,,,,,,,,,,,,,,,113,280,9,,185,87,484,77,138,289,,,,,50,58,255,126,,251,,,,,,424,477,,,235,,,39,,,,155
2026-10-09T13:00:01+00:00,75,268,,,524,,,63,180,312,,182,,,271,,38,,,,,107,385,304,281,232,,51,,,,895,19,36,47,187,,,,,97,,,63,,14,,,,,71,,,,,,38,38,9,,,,27,45,,,,,14,10,95,,,289,,,90,259,281,44,171,103,100,,,,,557,30,146,323,199,196,319,45,110,189,,156,32,436,2,,81,132,,,158,161,361,48,450,229,101,25,139,169,133,724,,,,53,77,71,649,112,,474,,119,372,,,,,,,,,,,,,,,,,,,,,,,,161,,,279,,536,,270,,,,464,217,234,478,301,40,,,600,300,269,219,129,,,,,,,,,,,,,59,,143,17,27,181,,,,,,,,,,,,,,,,359,,,82,,,,,,,,,,112,,,,,,,,,,69,,,,,,,,,,,,,,,,,,110,332,378,266,285,385,104,,,259,36,,,,,,329,,,,,,,,,,,,,248,44,6,8,,,,,,,16,235,294,,,237,,,,,,,,,,,,,,,,,,,,,,,,211,93,,76,234,,,231,320,234,33,,282,,,,,10,17,83,151,23,4,12,91,,140,98,,125,,22,,17,,,,,,,,,,,,,,,,,,,,,,,,,,,,,,,,,,107,41,639,,244,276,126,228,,,,116,114,,,,,,35,,,,84,135,83,68,54,222,308,91,114,163,98,31,352,106,,,,,,,,,,,,,,,,,,,,,,,,,,,,,,,,,,,,,,,,,,,,,,,,,,,,381,123,110,279,,143,186,,486,72,135,290,,309,,133,53,,240,129,411,252,,,,,,422,481,,,,,98,,,,69,154
2026-10-09T13:05:02+00:00,76,269,,,519,10,,62,182,314,,183,210,198,269,,36,,,,,106,423,,288,231,,54,,,48,900,,,45,189,,146,,,99,151,,,,19,,,,,70,,342,,,,37,,,,,169,28,50,77,,233,61,12,,96,,,296,11,,92,261,,,,,,,,,,,,,,,,,,,,,,,,,,,,,,,,,,,,,,,,,,,,,,,,,,,,,,,,,,,,,,,,,,,,,,,,,,,,,,,,,,,,,,,,,,216,239,,303,42,,,602,,270,216,120,267,437,,238,116,125,171,50,147,230,346,126,62,,148,17,28,184,,,,,,,,,,,,,,,,358,,7,83,145,,,,,,,,,,,,,,,,,,,,,,,,,,,,,,,,,,,,398,,331,381,268,282,381,,,,262,30,,1164,,,,,,,,,,,,,,,,,250,46,9,7,,,,434,,,,238,,,,234,,,,,,,,,,,,,,,,,,,,,,,,,,,75,240,,62,232,323,240,,,281,146,,139,,,,82,153,14,3,10,89,,141,100,,,,23,,18,32,220,226,59,779,82,55,92,181,52,,,,,,,,,,,,,,,,,,,,,,556,62,108,42,634,,246,270,111,225,367,,,119,115,,,,,,34,,,206,85,147,81,66,61,225,,90,113,160,,28,350,105,47,70,335,81,26,107,5,143,148,173,135,,,102,26,199,,168,217,,,,,,,,,,,,,,,,,,,,,,,,,,,,,,,,,383,124,112,281,8,140,188,86,493,65,140,,,308,,135,50,59,,131,415,254,,,,,,429,,,,239,,119,38,,,65,153
2026-10-09T13:10:01+00:00,78,271,,,517,6,,52,181,313,,187,,205,271,,,,,,,101,421,306,286,235,,55,,,47,903,18,35,,190,,,,,,152,,62,,20,,,,,69,,344,,,,38,37,,,,,29,,82,,,,15,,,,,298,10,,91,,,52,169,100,165,158,,191,,558,,150,,201,197,320,,113,190,205,163,,438,,,,131,176,102,159,,362,46,,233,,26,,,142,731,,,418,54,81,70,662,117,,476,,118,370,,,,,,,,,,,,,,,,,,,,,,,,154,,,285,,540,,273,,117,,474,,240,475,305,43,,,605,,269,220,,,,,,,,,,,,,,,,,,,,,,,,,,,,,,,,,,,,,,,,,,,,,,,,,,,,,,,,,,,,,,,,,,,,,,,,,,,400,117,333,384,,287,382,105,,162,,28,,,,,,,,,,,,,,,,,,,,,,,,,,,,,,,,,,,,,,,,,,,,,,,,,,,,,,,,,,,,,,,,,,,,,,,,,,,,,,,,,,,,,,,,,,,,,,,,,,,,,,,,,,,,,,,,,,,,,,,,,,,,,,,,,,,,,,,,,,,,,,,,,,,,,,,,,,,,,,,,,,,,,,,,,,,,,,,,,,,,,,,,,,,,,,,,,,,,,,,,,,,,,,,,,,,,387,126,110,279,7,136,192,,,69,138,,,305,,136,51,60,230,,,,,,,,,433,480,,,245,,118,39,,,55,
2026-10-09T13:10:02+00:00,,,,,,,,,,,,,,,,,,,,,,,,,,,,,,,,,,,,,,,,,,,,,,,,,,,,,,,,,,,,,,,,,,,,,,,,,,,,,,,,,,,,,,,,,,,,,,,,,,,,,,,,,,,,,,,,,,,,,,,,,,,,,,,,,,,,,,,,,,,,,,,,,,,,,,,,,,,,,,,,,,,,,,,,,,,,,,,,,,,,,,,,,,,,,,,,64,,150,17,29,175,,,,,,,,,,,,,,,,353,,4,81,,,,,,,,,,,,,,,53,,,,,,,,,,,,,,,,,,,,,,,,,,,,,,,,,,,,,,,332,,128,,,,,,,,,,,249,49,6,,,,,437,,,,241,297,,,236,,,,,,,,,,,,,,,,,,,,,,,,222,,,73,243,,61,234,,243,,,284,147,,,,11,,81,,17,4,9,85,,,102,48,124,,20,,16,,,,,,,,,,,,,,,,,,,,,,,,,,,,,,,,,,,,,,,,,,,,,,,,,,,,,,,,,,,,,,,88,116,157,102,30,357,106,,72,336,86,28,108,,,157,171,136,,,,25,198,,170,224,,,,,,,,,,,,,,,,,,,,,,,,,,,,,,,,,,,,,,,,,,,,,,,,,,,,,,,,,,,,,,,,,,,,,,,
2026-10-09T13:15:01+00:00,79,272,58,,510,9,,61,183,,,186,211,208,279,,,,,,,100,423,311,289,230,,54,,,48,916,,31,46,189,,153,,,106,,,,,,,,,,,,343,,,,44,38,8,,,171,30,52,89,,232,,20,,,,,310,11,,90,,,,,,,,,,,557,32,153,,204,,332,46,117,195,208,162,33,441,2,149,80,132,177,106,,,367,47,,232,,31,202,168,140,738,,,420,,79,73,671,123,251,481,50,120,371,,,,,,,,,,,,,,,,,,,,,,,,,,,,,,,,,,,,213,241,,301,,,,606,298,267,226,123,,433,578,237,,137,168,51,165,234,343,122,,,146,17,,173,,,,,,,,,,,,,,,,358,,,,146,,,,,,,,,115,,,,,,,,,,67,,,,,,,,,,,,,,,,,397,108,336,385,272,291,383,104,,164,268,27,,1188,,,,335,,129,,,,,,,,,,,247,48,9,8,,,,441,,,,240,300,,,238,,,,,,,,,,,,,,,,,,,,,,,,225,92,38,74,235,128,,231,322,235,,,280,148,,140,,9,,82,154,13,2,,84,,140,106,42,127,,,133,15,30,222,224,,770,74,54,95,183,47,,,,,,,,,,,,,,,,,,,,,,,,109,,630,,247,266,112,228,370,,,117,114,,,,,,33,,,208,86,148,78,71,62,227,307,96,,,108,31,346,111,,,,,,,,,,,,,,,,,,,,,,,,,,,,,,,,,,,,,,,,,,,,,,,,,,,,388,125,,276,11,140,190,87,492,67,142,,,304,,134,,,237,128,,,,,,,,,482,,,252,,119,40,,,56,
2026-10-09T13:20:01+00:00,81,269,,,516,12,,67,181,311,,189,214,205,287,,34,,,,,98,426,312,287,228,,53,,,45,952,,38,45,190,,152,,,104,151,,,,19,,,,,67,,,31,,,43,40,10,,,172,,54,,,,,23,9,97,,,312,12,,91,259,276,68,176,99,172,157,,,,,,,,,,,,,,,,,,,,,,,,,,,,,,,,,,,,,,,,,,,,,,,,,,,,,,,,,,,,,,,,,,,,,,,,160,,,288,,528,,274,,119,,479,216,243,476,,44,,,603,297,251,228,118,,,,,,,,,,,,,65,,144,17,25,180,,,,,,,,,,,,,,,,354,,3,82,147,,,,,,,,,117,,,,,54,,,,,,,,,,,,,,,,,,,,,,395,114,335,382,274,293,384,,,163,262,29,,,,,,334,,,,,,,,,,,,,250,52,11,7,,,,,,,17,239,298,,,239,,,,,,,,,,,,,,,,,,,,,,,,222,93,,75,238,,,230,323,238,,,279,149,,138,8,7,,,155,4,4,8,86,29,,105,36,126,,21,,,29,224,218,60,765,71,55,96,184,49,,,,,,,,,,,,,,,,,,,,,,558,,,,629,,249,265,109,227,371,,,119,115,,,,,,34,,,210,87,146,76,67,66,232,306,94,120,164,117,32,348,109,,73,340,91,,,8,141,156,165,133,,,103,23,195,,,229,,,,,,,,,,,,,,,,,,,,,,,,,,,,,,,,,389,124,109,275,9,138,191,90,491,,144,,,302,,135,,61,233,130,417,253,,,,,,,483,120,,245,,118,41,,,57,155
2026-10-09T13:25:01+00:00,79,267,57,,513,9,,76,184,313,,190,215,204,285,,35,,,,,97,427,309,286,218,,56,,,44,959,19,34,47,,,158,,,,,,61,,21,,,,,68,,,30,,,44,39,,,,,,61,91,,,60,18,,,,,314,,,92,258,,,,,,,,,,,35,154,325,203,200,327,44,118,196,211,165,35,443,,150,85,129,180,110,160,164,372,48,460,234,105,35,205,169,137,752,,,426,55,80,65,675,122,249,476,,117,376,,,,,,,,,,,,,,,,,,,,,,,,,,,,,,,,,,,,,,,,,,,,,,,,,,,,,,,,,,,,,,,,,,,,,,,,,,,,,,,,,,,,,,,,,,,,,,,,,,,,,,,,,,,,,,,,,,,,,,,,,393,115,338,386,275,291,375,,,164,263,23,,,,,,,,,,,,,,,,,,,,,,,,,,,,,,,,,,,,,,,,,,,,,,,,,,,,,,,,,,,,,,,,,,,,,,,,,,,,,,,,,,,,,,,,,,,,,,,,,,,,,,,,,,,,,,,,,,,,,,,,,,,566,,104,45,625,,244,267,96,231,368,,,115,116,,,,,,40,,,209,,155,75,65,67,234,308,,,,,,,,,,,,,,,,,,,,,,,,,,,,,,,,,,,,,,,,,,,,,,,,,,,,,,,,,,,388,125,111,273,8,135,193,89,488,65,143,288,,300,,,49,62,228,132,416,252,,,,,,,484,,,240,,120,39,,,51,156
2026-10-09T13:25:02+00:00,,,,,,,,,,,,,,,,,,,,,,,,,,,,,,,,,,,,,,,,,,,,,,,,,,,,,,,,,,,,,,,,,,,,,,,,,,,,,,,,,,,,,,,,,,,,,,,,,,,,,,,,,,,,,,,,,,,,,,,,,,,,,,,,,,,,,,,,,,,,,,,,,,,,,,,,,,,,,,,,,,,,,,,,220,240,473,304,43,,,602,295,247,230,113,270,431,575,238,117,140,170,,166,230,334,106,68,,139,17,22,191,,,,,,,,,,,,,,,,359,,4,,,,,,,,,,,121,,,,,,,,,,68,,,,,,,,,,,,,,,,,,,,,,,,,,,,,,,,,,335,,,,,,,,,,,,,251,58,9,8,,,,,,,,238,302,,,237,,,,,,,,,,,,,,,,,,,,,,,,224,95,,74,229,129,,231,,229,32,,281,150,,146,,3,,79,157,,5,9,83,,137,,37,124,,20,,,26,225,224,61,767,69,,97,185,41,,,,,,,,,,,,,,,,,,,,,,,,,,,,,,,,,,,,,,,,,,,,,,,,,,,,,100,125,163,,35,356,105,,71,,93,30,106,,142,155,166,,,,99,26,197,,168,236,,,,,,,,,,,,,,,,,,,,,,,,,,,,,,,,,,,,,,,,,,,,,,,,,,,,,,,,,,,,,,,,,,,,,,,
2026-10-09T13:30:01+00:00,77,268,58,,518,,,,183,317,,185,217,208,280,,,,,,,100,428,311,284,,,68,,,,996,18,,,187,,155,,,107,,,59,,20,,,,,69,,346,29,,,40,38,8,,,,31,64,98,83,234,,21,,,,,318,,,94,261,275,80,179,97,179,154,,,,558,34,158,322,204,202,330,41,122,197,212,164,34,441,1,151,84,133,185,121,,163,378,49,,238,,37,207,,139,757,8,,428,54,,,,,,,,,,,,,,,,,,,,,,,,,,,,,,,,,171,,,287,,527,,283,,123,,489,221,,477,301,46,,,607,293,254,231,110,,,,,,,,,,,,,74,,142,17,17,195,,,,,,,,,,,,,,,,362,,7,86,,,,,,,,,,127,,,,,,,,,,,,,,,,,,,,,,,,,,,396,117,341,378,279,,,105,,162,264,25,,1207,,,,334,,128,,,,,,,,,,,248,59,10,6,,,,443,,,,235,303,,,239,,,,,,,,,,,,,,,,,,,,,,,,219,98,,76,231,,62,236,324,231,,,,152,,,,2,,81,158,1,2,12,81,28,136,110,33,125,,,,,,,,,,,,,,,,,,,,,,,,,,,,,,,,,,,,,,,,,,,,,,,,,,,,,,,,,,,,,,,,,,,,,,,,,,,72,341,97,,105,7,144,,169,137,,,97,27,,,169,232,,,,,,,,,,,,,,,,,,,,,,,,,,,,,,,,,390,127,,272,6,139,192,,491,64,,289,,302,,137,44,61,225,133,415,251,,,,,,434,488,,,255,,,41,,,46,157
2026-10-09T13:30:02+00:00,,,,,,,,,,,,,,,,,,,,,,,,,,,,,,,,,,,,,,,,,,,,,,,,,,,,,,,,,,,,,,,,,,,,,,,,,,,,,,,,,,,,,,,,,,,,,,,,,,,,,,,,,,,,,,,,,,,,,,,,,,,,,,,,,,,,,,,,,,,,,,,,,,,,,,,,,,,,,,,,,,,,,,,,,,,,,,,,,,,,,,,,,,,,,,,,,,,,,,,,,,,,,,,,,,,,,,,,,,,,,,,,,,,,,,,,,,,,,,,,,,,,,,,,,,,,,,,,,,,,,,,,,,,,,,,,,,,,,,,,,,,,,,,,,,,,,,,,,,,,,,,,,,,,,,,,,,,,,,,,,,,,,,,,,,,,,,,,,,,,,,,,,,,,,,,,,,,,28,223,221,60,772,64,,94,184,,,,,,,,,,,,,,,,,,,,,,,,,,,,,,,,,,,,,,,,,,,,,,,,,,,,,,102,129,167,118,29,346,,,,,,,,,,,,,,,,,,,,,,,,,,,,,,,,,,,,,,,,,,,,,,,,,,,,,,,,,,,,,,,,,,,,,,,,,,,,,,,,,,,,,,,,,,,
2026-10-09T13:35:01+00:00,78,267,,,512,,,66,178,,,187,216,206,279,,34,,,,,101,426,315,287,220,,,,,,1002,19,38,48,,,159,,,,,,60,,21,,,,,68,,,,,,41,39,,,,,33,61,104,,,59,27,10,,,,319,,,96,254,,,,,,,,,,,,,,,,,,,,,,,,,,,,,,,,,,,,,,,,,,,,,,,56,669,126,254,478,,126,377,,,,,,,,,,,,,,,,,,,,,,,,,,,,,,,,,,,,,237,480,305,47,,,609,294,250,227,119,271,430,579,234,,139,171,49,167,234,335,97,78,,141,17,13,196,,,,,,,,,,,,,,,,360,,6,,,,,,,,,,,,,,,,55,,,,,,,,,,,,,,,,,,,,,,392,105,342,382,282,,379,,,160,260,27,,,,,,335,,127,,,,,,,,,,,245,55,11,5,,,,442,,,,234,304,,,240,,,,,,,,,,,,,,,,,,,,,,,,216,97,39,75,,130,,237,323,,,,,154,,144,,1,16,80,,5,1,,79,,135,112,34,,,19,,16,24,219,213,,754,67,51,93,,43,,,,,,,,,,,,,,,,,,,,,,565,61,100,46,620,,242,268,86,230,369,,,118,,,,,,,37,,,208,,166,73,134,68,239,305,,134,,119,28,357,,,68,340,100,26,103,,,156,172,128,,,99,26,,,172,230,,,,,,,,,,,,,,,,,,,,,,,,,,,,,,,,,395,,108,277,7,140,191,91,,59,147,288,,300,,141,42,58,227,135,,249,,,,,,436,489,,,250,,123,42,,,43,
2026-10-09T13:40:01+00:00,76,264,,,,12,,,,314,,184,,204,287,,35,,,,,105,,313,284,219,,71,,,46,1004,20,,46,,,162,,,110,148,,62,,,,,,,69,,345,31,,,40,38,12,,,171,,64,106,,,55,26,,98,,,327,11,,95,256,280,79,190,105,184,152,,192,,,39,163,,203,200,334,,123,198,214,169,33,442,,,,128,188,,,164,383,47,461,240,,40,199,170,142,750,,12,,,,,,,,,,,,,,,,,,,,,,,,,,,,,,,,,,,177,,,289,,530,,291,,121,,500,216,246,,308,48,,,611,295,241,,122,,,,,,,,,,,,,,,143,17,16,195,,,,,,,,,,,,,,,,362,,4,85,,,,,,,,,,125,,,,,,,,,,,,,,,,,,,,,,,,,,,393,108,339,386,286,295,,,,158,,30,,1220,,,,336,,126,,,,,,,,,,,243,,10,3,,,,,,,,235,305,,,235,,,,,,,,,,,,,,,,,,,,,,,,212,94,38,74,221,,66,235,326,221,33,,282,153,,145,,4,,,,7,4,11,83,,137,114,32,122,,,,14,29,216,207,59,729,60,45,,185,,,,,,,,,,,,,,,,,,,,,,,563,,99,47,616,,,270,59,,370,,,115,113,,,,,,36,,,212,,170,75,132,62,240,306,110,138,171,124,26,,104,46,67,339,102,25,106,8,141,149,171,126,,,98,21,194,,170,223,,,,,,,,,,,,,,,,,,,,,,,,,,,,,,,,,398,,,283,12,139,,92,490,61,146,,,299,,138,40,59,,134,413,246,,,,,,439,491,,,248,,121,47,,,37,158
2026-10-09T13:45:01+00:00,77,260,,104,511,8,,63,174,315,,186,218,205,284,,33,,,,,106,,318,,216,,73,,,45,1000,,36,45,186,,,,,109,149,,,,19,,,,,,,348,,,,,36,11,,,,,61,108,,,,,11,97,,,329,,,94,257,279,81,188,108,185,151,,,,,,,,,,,,,,,,,,,,,,,,,,,,,,,,,,,,,,,,78,49,672,125,256,,,124,375,,,,,,,,,,,,,,,,,,,,,,,,,,,,,,,,,,,,214,249,478,310,,,,613,292,238,223,123,,429,583,227,,147,172,53,168,229,341,102,77,,144,17,17,210,,,,,,,,,,,,,,,,355,,0,0,148,,,,,,,,,,,,,,0,,,,,0,,,,,,,,,,,,,,,,,394,102,340,384,288,299,381,108,,154,261,26,,,,,,334,,127,,,,,,,,,,,240,56,8,2,,,,444,,,,232,306,,,236,,,,,,,,,,,,,,,,,,,,,,,,204,93,41,,220,131,65,233,327,220,,,285,149,,144,,1,,81,,,3,13,82,,138,119,34,121,,,,13,,,,,,,,,,,,,,,,,,,,,,,,,,,,,,,,,,,,,,,,,,,,,,,,,,,,,,,,,,,,,,,107,137,188,,25,352,105,,69,336,101,28,109,9,139,147,170,128,,,101,22,195,,171,225,,,,,,,,,,,,,,,,,,,,,,,,,,,,,,,,,399,126,107,279,13,134,192,93,489,54,145,291,,300,,,,,238,135,416,244,,,,,,,,,,254,,120,,,,34,159
2026-10-09T13:50:02+00:00,78,259,,,513,3,,64,163,314,,190,219,209,287,,32,,,,,,425,315,279,206,,,,,44,1002,,38,47,185,,164,,0,110,147,,,,,,,,,67,,349,32,,,,38,,,,,,57,,,,52,27,,,,,328,10,,92,265,,,,,,,,,,559,35,,325,204,201,327,36,126,202,217,164,34,444,,,81,136,184,120,,166,385,,472,244,109,50,202,169,145,754,9,,431,55,,,,,,,,,,,,,,,,,,,,,,,,,,,,,,,,,181,,,,,536,,287,,124,,506,216,248,481,318,,,,618,290,240,,118,,,,,,,,,,,,,86,,145,17,16,209,,,,,,,,,,,,,,,,356,,3,81,,,,,,,,,,127,,,,,58,,,,,68,,,,,,,,,,,,,,,,,392,99,341,386,,301,383,,,148,258,27,,,,,,,,,,,,,,,,,,,239,58,3,4,,,,443,,,16,,311,,,,,,,,,,,,,,,,,,,,,,,,,,,200,95,39,75,217,132,64,236,325,217,,,286,148,,146,,,,79,160,,5,,83,27,136,121,36,117,,,,,27,219,209,,725,57,62,90,184,39,,,,,,,,,,,,,,,,,,,,,,556,58,,49,617,,246,267,49,,372,,,114,114,,,,,,31,,,216,85,169,71,134,65,237,307,110,136,187,129,30,350,98,47,67,338,108,26,,7,132,145,163,124,,,104,20,192,,173,218,,,,,,,,,,,,,,,,,,,,,,,,,,,,,,,,,400,127,111,273,,132,194,,490,56,148,292,,301,,139,38,60,236,131,413,245,,,,,,440,496,121,,249,,,45,,,21,158
2026-10-09T13:55:01+00:00,79,258,,,515,5,,63,158,316,,185,,211,286,,34,,,,,104,427,,278,205,,71,,,43,1004,,32,,184,,165,,,,,,61,,20,,,,,,,351,,,,37,,,,,,32,56,111,,,51,28,,,,,323,9,,94,266,284,84,185,110,186,152,,,,,36,165,327,209,203,331,38,125,205,224,171,,446,,,,140,188,106,,167,395,48,474,252,,55,206,173,150,755,10,,434,56,76,41,673,,259,476,,128,373,,,,,,,,,,,,,,,,,,,,,,,,,,,,,,,,,,,,215,254,488,321,50,,,621,292,235,219,125,270,435,581,210,116,141,,57,171,230,336,99,85,,138,17,17,214,,,,,,,,,,,,,,,,359,,4,80,149,,,,,,,,,132,,,,,57,,,,,,,,,,,,,,,,,,,,,,389,92,,391,290,304,380,109,,153,254,30,,1241,,,,336,,128,,,,,,,,,,,240,56,0,3,,,,,,,15,233,,,,235,,,,,,,,,,,,,,,,,,,,,,,,206,,37,73,213,,63,238,329,213,,37,288,143,,144,,,15,77,161,1,3,15,87,,132,125,38,118,,21,132,14,,,,,,,,,,,,,,,,,,,,,,,,,,,,,,,,,,,,,,,,,,,,,,,,,,,,,,,,,,,,,,,112,137,185,134,28,345,96,,,,,,,,,,,,,,,,,,,,,,,,,,,,,,,,,,,,,,,,,,,,,,,,,,,,403,,110,268,12,128,196,,492,58,149,,,,,,36,59,243,,416,244,,,,,,435,495,122,,250,,121,48,,,,
2026-10-09T14:00:01+00:00,82,,,,514,3,,52,161,319,,180,220,207,,,33,,,,,102,429,316,,202,,70,,,,1005,,31,45,183,,167,,,109,144,,63,,14,,,,,64,,354,,,,36,39,,,,,,62,113,82,,50,26,,,,,320,,,,264,280,82,183,111,187,147,,,,558,,,331,210,204,,39,131,204,223,164,,444,,149,84,141,189,100,,,398,50,466,256,,57,205,172,146,751,,,,,75,39,675,126,261,475,,129,374,,,,,,,,,,,,,,,,,,,,,,,,175,,,,,539,,298,,122,,511,217,258,493,326,49,,,626,294,234,223,123,,,,,,,,,,,,,84,,,17,12,227,,,,,,,,,,,,,,,,365,,6,,,,,,,,,,,,,,,,56,,,,,,,,,,,,,,,,,,,,,,388,86,344,389,291,307,,112,,157,255,27,,,,,,,,129,,,,,,,,,,,233,52,2,,,,,,,,14,,312,,,,,,,,,,,,,,,,,,,,,,,,,,,209,97,35,,,,62,241,,,,,287,146,,146,,,,74,,,,,,,131,,40,,,22,,15,33,216,212,58,716,,,89,183,30,,,,,,,,,,,,,,,,,,,,,,554,61,100,48,,,245,266,42,231,371,,,113,115,,,,,,29,,,214,83,167,72,131,76,238,306,116,140,193,139,31,349,97,46,71,341,107,24,112,,131,144,167,129,,,101,23,197,,174,,,,,,,,,,,,,,,,,,,,,,,,,,,,,,,,,,409,,109,262,7,126,195,94,495,60,147,,,300,,136,37,,,132,414,,,,,,,,497,123,,244,,122,,,,26,
2026-10-09T14:05:01+00:00,81,261,,,508,5,,50,163,320,,185,,211,289,,32,,,,,103,441,320,277,194,,,,,,1007,,34,44,182,,,,,108,141,,,,19,,,,,67,,357,34,,,35,38,,,,172,33,63,118,,,,,,,,,323,,,90,263,,,,,,,,,,,,,,,,,,,,,,,,,,,,,,,,,,,,,,,,,,,,,,,,,,,,,,,,,,,,,,,,,,,,,,,,,,,,,,,,,,,,,,,,,,,,,,,,,,,,,,,,,,,,,,,,,,,,,,,,,,,,,,,,,,,,,,,,,,,,,,,,,,,,,,,,,,,,,,,,,,,,,,,,,,,,,,,391,80,340,395,292,308,383,115,,158,258,26,,,,,,,,,,,,,,,,,,,,,,,,,,,,,,,,,,,,,,,,,,,,,,,,,,,,,,,,,,,,,,,,,,,,,,,,,,,,,,,,,,,,,,,,,,,,,,,,,,,,,,,,,,,,,,,,,,,,,,,,,,,555,60,103,50,613,,243,271,,229,372,,,,113,,,,,,31,,,212,79,,69,125,78,240,303,,,,,,,,,,,,,,,,,,,,,,,,,,,,,,,,,,,,,,,,,,,,,,,,,,,,,,,,,,,410,126,112,266,8,118,191,92,496,57,145,293,,,,138,36,58,238,126,417,243,,,,,,440,501,,,237,,124,,,,22,
2026-10-09T14:05:02+00:00,,,,,,,,,,,,,,,,,,,,,,,,,,,,,,,,,,,,,,,,,,,,,,,,,,,,,,,,,,,,,,,,,,,,,,,,,,,,,,,,,,,,,,,,,38,161,333,208,201,339,37,133,,,160,,445,,,83,142,193,103,,166,396,52,,257,108,56,201,175,148,739,,,,53,,,,,,,,,,,,,,,,,,,,,,,,,,,,,,,,,,,,288,,538,,297,,124,,518,215,262,496,333,48,,,629,,233,220,124,369,,580,305,,137,195,59,264,249,413,136,88,,141,17,9,225,,,,,,,,,,,,,,,,366,,,79,,,,,,,,,,,,,,,57,,,,,67,,,,,,,,,,,,,,,,,,,,,,,,,,,,,,,,,,335,,,,,,,,,,,,,,49,0,1,,,,442,,,13,236,313,,,230,,,,,,,,,,,,,,,,,,,,,,,,212,,,,210,,,240,332,210,,,285,,,145,,,,,,,1,17,89,,128,,39,119,,24,131,12,,,,,,,,,,,,,,,,,,,,,,,,,,,,,,,,,,,,,,,,,,,,,,,,,,,,,,,,,,,,,,,118,146,200,145,28,358,,,,,,,,,,,,,,,,,,,,,,,,,,,,,,,,,,,,,,,,,,,,,,,,,,,,,,,,,,,,,,,,,,,,,,,,,,,,,,,,,,,,,,,,,,,
2026-10-09T14:10:01+00:00,84,259,,,509,3,,,,,,183,221,,288,,30,,,,,101,,326,279,,,71,,,41,1002,21,33,45,,,165,,,107,142,,67,,,,,,,69,,360,,,,32,39,10,,,,,68,,,,,25,12,,,,324,,,91,266,277,79,184,107,186,143,,,,,40,163,338,206,199,342,,143,205,228,166,,,,150,,145,192,104,,167,519,53,467,259,110,60,206,173,143,748,,,437,51,,,,,,,,,,,,,,,,,,,,,,,,,,,,,,,,,,,,,,,,,,,,,213,,494,332,,,,632,295,232,218,125,,,,,,,,,,,,,89,,143,17,8,234,,,,,,,,,,,,,,,,365,,7,74,148,,,,,,,,,,,,,,56,,,,,66,,,,,,,,,,,,,,,,,393,90,,403,293,313,375,116,,165,254,30,,1259,,,,338,,128,,,,,,,,,,,231,46,,3,,,,,,,,234,312,,,231,,,,,,,,,,,,,,,,,,,,,,,,206,98,37,76,211,131,66,245,,211,,,284,143,,146,,,,75,162,,,,92,,127,128,37,112,,23,,10,32,217,214,,726,63,72,95,,31,,,,,,,,,,,,,,,,,,,,,,552,57,,,605,,242,268,,234,,,,,114,,,,,,32,,,,74,170,71,,85,243,304,122,149,209,,27,361,99,48,74,342,108,29,109,,125,143,165,127,,,102,,190,,177,211,,,,,,,,,,,,,,,,,,,,,,,,,,,,,,,,,412,127,113,274,10,117,192,,497,53,140,291,,,,136,,61,229,128,,240,,,,,,438,,,,235,,128,47,,,18,
2026-10-09T14:15:01+00:00,83,261,,,510,2,,48,159,318,,185,222,208,278,,28,,,,,97,,328,277,198,,72,,,40,998,,32,44,181,,164,,,,,,66,,20,,,,,68,,357,,,,,41,11,,,171,,71,120,,,,27,,96,,,326,,,94,267,,,,,,,,,,,,,,,,,,,,,,,,,,,,,,,,,,,,,,,,,,,,,,74,39,689,122,262,479,50,133,374,,,,,,,,,,,,,,,,,,,,,,,,178,,,285,,539,,306,,126,,531,215,266,496,333,,,,637,292,239,221,130,367,433,582,299,117,144,193,,265,,409,143,84,,150,17,10,230,,,,,,,,,,,,,,,,366,,9,75,,,,,,,,,,134,,,,,55,,,,,70,,,,,,,,,,,,,,,,,400,78,,399,297,314,372,117,,171,,34,,,,,,,,129,,,,,,,,,,,234,43,,,,,,,,,,233,,,,229,,,,,,,,,,,,,,,,,,,,,,,,207,99,36,73,205,132,,240,,205,35,35,,145,,145,,,,77,160,,,,96,,128,132,40,,,24,,8,28,221,208,59,725,68,75,97,,28,,,,,,,,,,,,,,,,,,,,,,,,106,,,,,,,,,,,,,,,,,,,,,,,,,,,,,128,153,223,147,25,364,,,75,346,112,32,112,9,,151,172,129,,,97,26,189,,180,208,,,,,,,,,,,,,,,,,,,,,,,,,,,,,,,,,414,125,112,271,9,122,189,90,501,51,136,292,,299,,137,35,59,230,132,421,239,,,,,,439,,,,231,,129,48,,,,
2026-10-09T14:20:02+00:00,89,258,,,513,5,,43,152,319,,187,223,210,273,,,,,,,95,444,331,276,195,,73,,,39,1001,19,36,45,178,,163,,,108,145,,64,,21,,,,,67,,358,,,,31,39,,,,,34,75,,,233,51,,,,,,327,8,,97,263,281,82,186,106,188,146,,193,,560,41,164,337,204,201,346,38,144,,230,167,35,446,1,,85,146,,110,,168,527,54,,,,65,209,169,140,761,,,,52,,,,,,,,,,,,,,,,,,,,,,,,,,,,,,,,,,,,,,,,,,,,,213,270,499,338,49,,,645,293,246,222,125,,,,,,,,,,,,,85,,158,17,13,241,,,,,,,,,,,,,,,,365,,,,149,,,,,,,,,137,,,,,56,,,,,,,,,,,,,,,,,,,,,,,90,341,402,296,317,371,118,,178,258,33,,1272,,,,,,130,,,,,,,,,,,226,38,,,,,,,,,,231,,,,231,,,,,,,,,,,,,,,,,,,,,,,,,100,,70,199,,68,241,330,199,,,286,142,,146,,,,76,161,,,,93,,127,135,48,,,,132,12,30,,198,58,724,70,76,98,186,23,,,,,,,,,,,,,,,,,,,,,,556,61,,52,593,,244,,,233,,,,114,115,,,,,,29,,,,70,181,72,129,88,244,294,,155,,146,31,366,100,,,,,,,,,,,,,,,,,,,,,,,,,,,,,,,,,,,,,,,,,,,,,,,,,,,,,121,111,268,11,123,191,88,497,47,138,294,,295,,138,34,58,234,130,,240,,,,,,,503,,,228,,130,45,,,14,
2026-10-09T14:25:01+00:00,94,,,,515,2,,37,156,317,,189,,211,275,,26,,,,,,,333,268,194,,72,,,40,998,20,29,44,177,,160,,,110,144,,65,,23,,,,,,,359,36,,,28,38,12,,,172,32,77,118,,235,49,28,11,,,,,,,96,,,,,,,,,,,,48,169,339,202,202,350,,148,206,238,,,449,,151,88,144,195,103,,167,539,55,468,264,,68,214,172,152,760,9,,438,51,75,36,693,128,,487,,,,,,,,,,,,,,,,,,,,,,,,,,,181,,,289,,,,313,,125,,536,214,273,504,341,,,,648,,,224,122,365,429,587,290,122,156,191,,264,245,408,,87,,163,17,12,245,,,,,,,,,,,,,,,,369,,8,76,150,,,,,,,,,135,,,,,57,,,,,,,,,,,,,,,,,,,,,,398,91,340,409,298,322,377,,,,256,34,,,,,,339,,,,,,,,,,,,,228,35,,5,,,,443,,,12,230,,,,229,,,,,,,,,,,,,,,,,,,,,,,,,98,,69,201,,,239,332,201,,,,141,46,149,,3,16,78,,,,18,96,,126,136,51,113,,,,13,32,219,219,59,720,71,85,99,189,28,,,,,,,,,,,,,,,,,,,,,,552,,102,51,,,,,,,,,,116,,,,,,,30,,,217,72,,,128,85,242,,130,158,226,149,37,372,,47,71,348,,,116,10,126,161,159,134,,,101,25,201,,181,205,,,,,,,,,,,,,,,,,,,,,,,,,,,,,,,,,,124,113,271,10,,193,87,496,41,,295,,296,,141,39,57,238,132,418,238,,,,,,,,,,227,,134,,,,,159
2026-10-09T14:30:01+00:00,93,,,,514,4,,,152,314,,187,,208,279,,24,,,,,93,446,331,262,180,,73,,,38,994,21,,43,176,,162,,,113,,,,,24,,,,,65,,358,35,,,25,40,11,,,,,79,121,81,234,50,27,10,97,,,,,,91,261,285,96,190,103,190,150,,,,,,,,,,,,,,,,,,,,,,,,,,,,,,,,,,,,,,,,,,,,,,,,,,,,,,,,,,,,,,,,,,,,,,,,,,,,,,,,,,,,215,280,505,349,48,,,651,295,244,220,124,,,,,,,,,,,,,91,,167,17,9,250,,,,,,,,,,,,,,,,373,,9,75,151,,,,,,,,,,,,,,,,,,,,,,,,,,,,,,,,,,,,406,96,338,415,304,327,384,,,182,258,28,,1281,,,,341,,131,,,,,,,,,,,229,34,,6,,,,445,,,13,226,313,,,224,,,,,,,,,,,,,,,,,,,,,,,,203,99,37,68,200,131,,240,328,200,,36,294,,,148,,6,17,79,160,3,,16,97,,125,138,,,,,133,10,31,221,229,,725,75,87,97,,,,,,,,,,,,,,,,,,,,,,,,555,,99,52,594,,247,,,229,370,,,118,,,,,,,29,,,,,,,130,82,240,,133,159,,,39,364,98,,,,,,,,,,,,,,,,,,,,,,,,,,,,,,,,,,,,,,,,,,,,,,,,,,,,427,122,,,13,131,195,86,500,42,142,,,293,,142,37,55,236,129,,,,,,,,438,,,,229,,138,,,,16,157
2026-10-09T14:35:01+00:00,94,257,,,510,1,,31,159,315,,183,224,210,,,22,,,,,95,450,330,,162,,70,,,31,995,,,44,,,160,,,111,143,,63,,22,,,,,,,357,36,,,24,42,12,,,,,84,116,,235,49,26,13,96,,,329,9,,89,262,280,90,,101,,156,,,,,49,173,,198,204,344,39,151,,240,160,,448,2,,87,147,197,109,159,166,545,54,466,268,112,74,212,170,156,763,8,,,52,,34,692,118,263,484,49,125,375,,,,,,,,,,,,,,,,,,,,,,,,171,,,288,,543,,312,,130,,547,219,285,504,351,49,,,664,294,248,221,128,364,419,586,289,,154,192,58,271,248,412,149,87,,169,17,12,258,,,,,,,,,,,,,,,,380,,8,,150,,,,,,,,,136,,,,,,,,,,,,,,,,,,,,,,,,,,,,100,339,422,306,330,385,,,181,260,32,,,,,,343,,,,,,,,,,,,,,31,,5,,,,446,,,,228,312,,,223,,,,,,,,,,,,,,,,,,,,,,,,199,100,36,67,194,135,,243,327,194,,37,,,,147,,,,78,,,,,98,,,139,,115,,22,,11,,,,,,,,,,,,,,,,,,,,,,,,,,,,,,,,549,64,101,,596,,249,262,,226,369,,,116,114,,,,,,31,,,218,73,180,74,132,85,238,,139,164,236,,41,366,100,,68,351,114,36,,,117,164,162,130,,,100,24,203,,183,209,,,,,,,,,,,,,,,,,,,,,,,,,,,,,,,,,430,124,,,8,130,,87,,44,,296,,,,144,42,,,127,425,240,,,,,,441,,122,,223,,142,44,,,8,
2026-10-09T14:40:01+00:00,96,258,,,509,4,,26,155,312,,181,,,285,,16,,,,,93,449,332,261,161,,,,,28,998,,24,,173,,158,,,108,,,,,,,,,,68,,361,,,,19,43,,,,,,82,,,234,,25,,95,,,,,,86,263,,,,,,,,,,559,46,171,338,196,205,347,32,152,,,166,36,446,,152,90,145,196,113,,168,548,55,,272,,79,204,168,158,764,,,439,50,,,,,,,,,,,,,,,,,,,,,,,,,,,,,,,,,,,,,,,,,,,,,214,284,505,359,48,,,671,296,259,224,122,,,,,,,,,,,,,89,,172,17,10,270,,,,,,,,,,,,,,,,371,,7,74,152,,,,,,,,,137,,,,,56,,,,,,,,,,,,,,,,,,,,,,,98,340,427,308,334,386,,,180,263,35,,,,,,347,,,,,,,,,,,,,222,30,,7,,,,,,,,225,313,,,218,,,,,,,,,,,,,,,,,,,,,,,,183,99,39,75,196,,69,,329,196,,36,296,,,150,,7,,79,159,1,,14,97,26,123,140,50,117,,,132,10,,,,,,,,,,,,,,,,,,,,,,,,,,,,,,,,541,68,99,,595,,253,266,,229,368,,,112,113,,,,,,32,,,221,71,181,75,135,89,239,286,138,,243,,44,368,98,48,67,349,,45,113,16,119,165,,141,,,98,23,199,,182,215,,,,,,,,,,,,,,,,,,,,,,,,,,,,,,,,,,127,,264,10,124,194,84,496,45,,295,,289,,143,40,,,124,,238,,,,,,444,,,,218,,141,43,,,11,
2026-10-09T14:40:02+00:00,,,,,,,,,,,,,,,,,,,,,,,,,,,,,,,,,,,,,,,,,,,,,,,,,,,,,,,,,,,,,,,,,,,,,,,,,,,,,,,,,,,,,,,,,,,,,,,,,,,,,,,,,,,,,,,,,,,,,,,,,,,,,,,,,,,,,,,,,,,,,,,,,,,,,,,,,,,,,,,,,,,,,,,,,,,,,,,,,,,,,,,,,,,,,,,,,,,,,,,,,,,,,,,,,,,,,,,,,,,,,,,,,,,,,,,,,,,,,,,,,,,,,,,,,,,,,,,,,,,,,,,,,,,,,,,,,,,,,,,,,,,,,,,,,,,,,,,,,,,,,,,,,,,,,,,,,,,,,,,,,,,,,,,,,,,,,,,,,,,,,,,,,,,,,,,,,,,,35,222,227,,736,82,88,96,,31,,,,,,,,,,,,,,,,,,,,,,,,,,,,,,,,,,,,,,,,,,,,,,,,,,,,,,,,,,,,,,,,,,,,,,,,,,,,,,,,,,,,,,,,,,,,,,,,,,,,,,,,,,,,,,,,,,,,,,,,,,,,,,,,,,,,,,,,,,,,,,,,,,,,,
2026-10-09T14:45:01+00:00,98,256,,,507,3,,29,153,,,177,,217,282,,15,,,,,87,450,335,262,156,,69,,,,992,,14,,174,,157,,,106,145,,64,,21,,,,,,,362,,,,17,,,,,,31,80,115,,235,,,,94,,,326,8,,84,259,282,93,184,97,189,159,,,,561,47,162,341,193,209,346,,155,,248,159,39,447,10,151,89,146,199,125,,166,552,53,469,249,111,96,203,166,160,762,,13,,51,76,48,695,122,262,479,,124,,,,,,,,,,,,,,,,,,,,,,,,,,,,292,,553,,331,,129,,,,287,506,361,47,,,682,,252,227,123,368,410,599,281,,152,189,59,274,244,,,92,,167,17,14,273,,,,,,,,,,,,,,,,374,,8,,,,,,,,,,,136,,,,,57,,,,,71,,,,,,,,,,,,,,,,,409,101,342,430,310,338,,,,182,262,,,1287,,,,,,,,,,,,,,,,,224,33,,6,,,,,,,14,223,314,,,214,,,,,,,,,,,,,,,,,,,,,,,,179,98,38,76,198,131,,246,328,198,36,,297,,,149,,8,,77,153,,3,,98,24,122,142,51,,,18,131,,37,223,223,,741,81,92,98,191,32,,,,,,,,,,,,,,,,,,,,,,533,,97,,,,,,,,,,,,111,,,,,,34,,,223,70,,,142,82,240,,139,169,253,152,47,,97,,65,,116,42,,14,117,167,160,,,,99,25,201,,,214,,,,,,,,,,,,,,,,,,,,,,,,,,,,,,,,,437,126,115,266,9,119,199,83,494,35,141,,,290,,140,38,56,240,121,422,237,,,,,,442,505,,,214,,143,40,,,6,
2026-10-09T14:50:01+00:00,99,259,57,,510,2,,24,147,310,,171,,,288,,13,,,,,89,449,337,,,,,,,27,995,,16,43,172,,160,,,104,,,,,,,,,,,,363,40,,,16,,,,,,,78,121,80,,,21,12,,,,331,9,,82,257,,,,,,,,,,,,,,,,,,,,,,,,,,,,,,,,,,,,,,,,,,,,,,78,33,703,126,263,476,,120,376,,,,,,,,,,,,,,,,,,,,,,,,,,,,,,,,,,,,213,293,507,362,,,,692,297,257,221,118,,,,,,,,,,,,,95,,171,17,16,294,,,,,,,,,,,,,,,,380,,,69,,,,,,,,,,135,,,,,,,,,,,,,,,,,,,,,,,,,,,413,109,340,431,,,385,,,,256,31,,,,,,344,,132,,,,,,,,,,,222,31,,7,,,,447,,,,222,,,,,,,,,,,,,,,,,,,,,,,,,,,,173,101,36,77,,129,,247,325,,,,298,137,,148,,,,78,151,4,1,15,99,,116,145,,116,,14,129,,40,222,222,60,734,83,95,,190,23,,,,,,,,,,,,,,,,,,,,,,527,67,96,54,598,,254,,,232,,,,114,108,,,,,,32,,,220,66,188,72,140,,242,285,136,170,249,153,43,377,98,47,,348,121,44,107,15,115,166,,136,,,98,,202,,179,,,,,,,,,,,,,,,,,,,,,,,,,,,,,,,,,,443,121,117,277,11,114,196,82,491,30,135,292,,288,,141,,53,230,122,425,236,,,,,,444,504,,,218,,146,38,,,13,
2026-10-09T14:55:01+00:00,,,56,,511,1,,20,146,307,,175,,213,292,,12,,,,,91,450,335,255,153,,71,,,,998,,14,42,,,161,,,,147,,,,20,,,,,69,,,39,,,,42,14,,,173,30,72,,,,47,22,13,,,,333,7,,80,250,261,100,186,98,191,157,,,,562,51,159,343,191,210,350,34,154,208,250,146,41,,6,,88,159,205,131,,165,555,54,478,260,112,95,198,169,169,760,7,14,,53,,,,,,,,,,,,,,,,,,,,,,,,,,,,,,,,,164,,,294,,565,,339,,132,,555,206,298,508,359,49,,,697,298,274,217,114,,393,596,283,120,151,184,63,275,245,410,155,94,,170,17,14,,,,,,,,,,,,,,,,,384,,,72,151,,,,,,,,,134,,,,,,,,,,,,,,,,,,,,,,,,,,,412,114,339,434,312,342,386,,,184,254,35,,,,,,,,,,,,,,,,,,,218,33,,6,,,,446,,,15,215,313,,,209,,,,,,,,,,,,,,,,,,,,,,,,168,102,35,76,196,,68,248,322,196,,,296,138,,,,7,,,148,,2,17,101,,,146,48,117,,11,127,,38,225,,,743,78,93,95,191,26,,,,,,,,,,,,,,,,,,,,,,,68,97,52,594,,255,268,,234,371,,,116,107,,,,,,29,,,,65,189,,139,,245,284,142,251,356,166,41,457,104,45,60,350,122,45,,17,117,173,155,133,,,94,,208,,177,205,,,,,,,,,,,,,,,,,,,,,,,,,,,,,,,,,446,117,119,271,7,106,197,79,489,34,128,291,,291,,142,39,,234,120,428,233,,,,,,,502,,,220,,143,39,,,19,156
2026-10-09T15:00:01+00:00,97,257,,,510,,,18,150,304,,169,,215,,,20,,,,,90,453,336,252,154,,72,,,26,1001,,5,41,173,,159,,,106,,,,,18,,,,,67,,365,38,,,13,41,,,,,31,68,123,,,46,,,,,,332,,,78,242,,,,,,,,,,,58,153,341,190,214,356,,157,,253,153,39,446,10,152,87,161,,127,158,164,559,53,,264,,103,201,168,168,755,,,440,,76,28,705,125,,475,,118,,,,,,,,,,,,,,,,,,,,,,,,,,,,,,,,,,,,,201,301,507,,48,,,706,,269,214,121,,,,,,,,,,,,,,,172,17,18,303,,,,,,,,,,,,,,,,383,,,69,,,,,,,,,,135,,,,,,,,,,,,,,,,,,,,,,,,,,,410,112,335,427,313,348,388,,,,250,36,,1288,,,,346,,131,,,,,,,,,,,,31,,4,,,,,,,,213,311,,,212,,,,,,,,,,,,,,,,,,,,,,,,,105,34,,187,130,,244,323,187,35,,,134,,146,,,,,143,2,1,20,102,,120,147,46,118,,10,123,8,40,227,221,,736,83,95,,,,,,,,,,,,,,,,,,,,,,,,,530,69,94,,593,,251,267,,232,,,,,,,,,,,30,,,221,63,190,70,140,86,,282,140,259,362,172,,460,106,44,56,,,47,105,18,111,179,153,,,,90,22,210,,176,200,,,,,,,,,,,,,,,,,,,,,,,,,,,,,,,,,450,115,118,274,4,,,,488,33,127,290,,288,,143,37,,228,121,429,,,,,,,445,503,,,211,,144,40,,,18,160
2026-10-09T15:05:02+00:00,94,,,,502,,,20,149,302,,166,,,297,,23,,,,,92,,338,251,159,,73,,,,,23,8,,174,,155,,,108,145,,,,17,,,,,68,,364,,,,12,42,15,,,171,32,,169,,234,45,,,93,,,333,6,,76,239,250,89,187,102,193,155,,,,,56,146,342,188,,359,,160,,255,156,38,445,,151,89,165,207,125,,165,567,,480,262,,109,214,167,163,759,,13,,,78,37,714,130,265,476,,122,378,,,,,,,,,,,,,,,,,,,,,,,,159,,,289,,575,,332,,134,,556,195,305,506,367,51,,,711,,265,206,,366,374,605,270,119,154,182,66,277,244,413,156,,,171,17,26,,,,,,,,,,,,,,,,,378,,,67,,,,,,,,,,134,,,,,59,,,,,,,,,,,,,,,,,,,,,,413,109,337,439,311,,384,119,,187,246,31,,,,,,347,,,,,,,,,,,,,216,,,,,,,,,,16,211,308,,,,,,,,,,,,,,,,,,,,,,,,,,,176,107,,77,192,132,,243,324,192,,,,132,,148,,8,18,,141,1,,,,,121,150,48,117,,7,124,7,33,230,212,,727,,101,96,189,14,,,,,,,,,,,,,,,,,,,,,,522,72,96,51,597,,,266,,233,370,,,115,112,,,,,,29,,,227,58,191,,137,91,247,277,138,258,386,179,35,463,108,,54,,,48,104,,107,,149,135,,,91,20,,,177,193,,,,,,,,,,,,,,,,,,,,,,,,,,,,,,,,,,,116,272,2,111,,75,487,31,130,292,,291,,142,,,223,123,,231,,,,,,,537,,,214,,150,,,,23,
2026-10-09T15:10:02+00:00,100,258,,,501,,,22,154,299,,167,225,211,301,,24,,,,,93,451,340,,150,,72,,,28,1012,22,12,42,175,,153,,,109,,,,,18,,,,,,,367,,,,13,,,,,,,67,,81,,44,20,,,,,335,7,,77,243,,,,,,,,,,,,,,,,,,,,,,,,,,,,,,,,,,,,,,,,,,,,,,,,,,,,,,,,,,,,,,,,,,,,,,,,,,,,,,,,,,,,,,,,,,189,306,508,364,49,,,720,299,255,200,120,,,,,,,,,,,,,92,,,17,34,323,,,,,,,,,,,,,,,,,,,71,150,,,,,,,,,138,,,,,58,,,,,72,,,,,,,,,,,,,,,,,411,122,340,447,312,350,383,120,,189,,30,,1285,,,,348,,,,,,,,,,,,,212,28,,,,,,,,,17,212,,,,210,,,,,,,,,,,,,,,,,,,,,,,,173,110,,79,190,,70,241,328,190,,,292,130,,,,10,19,,140,,,21,103,,123,152,47,118,,5,123,9,34,233,221,,724,,106,98,188,19,,,,,,,,,,,,,,,,,,,,,,,,,,,,,,,,,,,,,,,,,,,,,,,,,,,,,143,261,394,180,33,461,,,,,,,,,,,,,,,,,,,,,,,,,,,,,,,,,,,,,,,,,,,,,,,,,,,,,,120,,271,6,113,198,77,,27,124,293,,289,,135,32,54,228,125,428,229,,,,,,446,536,,,218,,153,39,,,25,
2026-10-09T15:15:01+00:00,99,,,105,499,2,,21,159,295,,168,224,206,,,23,,,,,95,450,343,249,154,,71,,,,1026,,5,,174,,154,,,107,146,,59,,17,,,,,71,,366,,,,15,45,,,,,,65,165,,235,43,21,,94,,,337,,,78,239,246,100,194,101,186,158,,,,561,61,,349,181,215,361,36,162,,257,164,,443,9,,88,164,206,,159,169,578,,,267,,110,217,169,161,763,,14,,,76,40,722,134,266,468,,,379,,,,,,,,,,,,,,,,,,,,,,,,164,,,286,,578,,338,,212,,563,181,310,,,,,,728,302,250,193,127,,354,607,267,120,160,183,67,278,241,418,162,90,,175,17,36,,,,,,,,,,,,,,,,,381,,10,,,,,,,,,,,139,,,,,,,,,,,,,,,,,,,,,,,,,,,409,128,344,450,,355,378,121,,187,241,31,,,,,,,,,,,,,,,,,,,217,30,,6,,,,447,,,,213,307,,,211,,,,,,,,,,,,,,,,,,,,,,,,175,111,35,81,194,,,239,331,194,,,293,129,,151,,12,,,137,,,23,108,23,124,,43,116,,,,10,,,,,,,,,,,,,,,,,,,,,,,,,,,,,,,,526,,102,,599,,252,263,,235,368,,,113,114,,,,,,28,,,229,,194,67,140,98,249,276,142,265,405,184,32,468,110,43,59,343,127,47,103,16,114,180,,141,,,103,,,,184,184,,,,,,,,,,,,,,,,,,,,,,,,,,,,,,,,,452,126,115,266,,114,195,74,483,24,123,291,,287,,130,26,57,231,126,430,228,,,,,,450,533,,,213,,150,37,,,26,161
2026-10-09T15:20:01+00:00,98,,,,494,1,,24,157,292,,,225,201,299,,16,,,,,97,454,348,,162,,70,,,,1040,,10,,175,,,,,108,145,,58,,19,,,,,69,,367,,,,18,,,,,,,63,163,,,42,22,14,95,,,339,,,77,233,,,,,,,,,,,,,,,,,,,,,,,,,,,,,,,,,,,,,,,,,,,,,,,,,,,,,,,,,,,,,,,,,,,,,,,,,,,,,,,,,,,,,,,,,,182,317,510,366,,,,740,303,251,187,135,,,,,,,,,,,,,94,,174,17,,324,,,,,,,,,,,,,,,,389,,,72,,,,,,,,,,140,,,,,59,,,,,,,,,,,,,,,,,,,,,,407,134,346,451,,356,377,,,191,237,35,,,,,,,,,,,,,,,,,,,219,29,,5,,,,449,,,,211,308,,,212,,,,,,,,,,,,,,,,,,,,,,,,174,,36,82,,,72,240,334,,,,297,128,,152,,,,80,136,,,,111,,125,153,47,118,,7,122,12,38,234,217,,726,84,115,,189,10,,,,,,,,,,,,,,,,,,,,,,524,71,107,,594,,,262,,,370,,,117,,,,,,,,,,228,55,201,65,137,102,,273,143,267,406,186,30,477,,44,60,,124,,,17,117,178,155,134,,,106,,216,,188,182,,,,,,,,,,,,,,,,,,,,,,,,,,,,,,,,,453,124,114,,5,113,201,73,480,26,121,293,,286,,129,22,54,,125,433,225,,,,,,452,529,,,216,,151,38,,,31,
2026-10-09T15:25:02+00:00,97,257,,,492,,,,152,290,,172,,202,297,,12,,,,,98,455,349,250,164,,,,,27,,23,8,40,177,,153,,,109,146,,59,,,,,,,68,,365,39,,,15,,,,,170,,60,166,,,41,21,,,,,340,6,,76,228,238,102,203,94,187,160,,194,,563,60,147,355,176,217,369,35,166,215,260,167,37,,,150,92,171,207,126,160,170,593,50,481,268,111,118,220,,169,777,,,442,54,,,,,,,,,,,,,,,,,,,,,,,,,,,,,,,,,161,,,281,,579,,341,,213,,566,180,324,509,369,,,,754,302,252,186,147,367,351,608,269,121,,179,68,,247,421,164,96,,,17,40,333,,,,,,,,,,,,,,,,390,,,73,,,,,,,,,,139,,,,,58,,,,,,,,,,,,,,,,,,,,,,405,136,351,453,314,,370,,,,,31,,1287,,,,351,,130,,,,,,,,,,,221,28,,7,,,,,,,,209,310,,,216,,,,,,,,,,,,,,,,,,,,,,,,177,112,,81,195,,,237,333,195,,34,300,126,,150,,13,18,,138,4,,21,110,,127,154,49,119,,,129,13,45,,222,,734,78,125,97,188,0,,,,,,,,,,,,,,,,,,,,,,521,70,106,54,590,,255,258,,237,,,,119,115,,,,,,,,,,52,209,66,143,104,251,271,146,268,413,181,33,484,111,,,,,,,,,,,,,,,,,,,,,,,,,,,,,,,,,,,,,,,,,,,,,,,,,,,,,,111,264,,111,198,74,476,22,123,294,,283,,,17,53,228,122,435,224,,,,,,,528,,,218,,152,37,,,24,
2026-10-09T15:30:02+00:00,100,258,,,491,,,27,154,287,,,227,198,294,,,,,,,106,456,353,251,168,,68,,,30,1045,,6,43,178,,155,,,,,,60,,22,,,,,70,,364,,,,9,46,,,,,30,55,168,79,,40,,,96,,,,,,75,230,,,,,,,,,,,57,146,357,170,216,364,34,171,,265,165,,441,,,91,170,209,133,,172,595,48,482,,110,117,,172,173,778,,,444,52,,,,,,,,,,,,,,,,,,,,,,,,,,,,,,,,,166,,,276,,576,,342,,212,,567,181,331,508,372,50,,,772,,257,189,157,,,,,,,,,,,,,99,,176,17,43,332,,,,,,,,,,,,,,,,383,,,75,,,,,,,,,,140,,,,,,,,,,71,,,,,,,,,,,,,,,,,408,139,347,452,316,359,365,122,,,239,30,,,,,,350,,131,,,,,,,,,,,222,,,9,,,,,,,,203,312,,,210,,,,,,,,,,,,,,,,,,,,,,,,181,114,37,78,,,,239,332,,,,302,128,,,,14,,,137,2,2,,111,,126,155,,,,5,,,38,233,220,,749,74,126,98,,1,,,,,,,,,,,,,,,,,,,,,,524,72,108,,,,254,259,,,,,,,,,,,,,,,,232,50,,,147,110,248,269,150,269,416,185,,482,,43,58,344,122,40,,16,110,180,152,133,,,111,18,225,,192,165,,,,,,,,,,,,,,,,,,,,,,,,,,,,,,,,,466,121,109,260,1,105,201,,475,20,125,295,,282,,131,18,49,224,123,438,221,,,,,,453,531,,,214,,154,38,,,28,162
2026-10-09T15:35:02+00:00,98,263,,106,,,,22,155,,,170,228,199,301,,11,,,,,108,,358,245,170,,69,,,,1047,24,,46,,,154,,,112,147,,,,23,,,,,77,,359,,,,8,45,,,,169,29,51,160,,,36,20,,97,,,328,,,70,227,244,98,209,95,193,161,,,,,,,,,,,,,,,,,,,,,,,,,,,,,,,,,,,,,,,,78,46,747,135,270,461,51,124,381,,,,,,,,,,,,,,,,,,,,,,,,,,,,,,,,,,,,179,342,511,379,48,,,775,304,254,,161,368,339,623,279,119,159,,70,,252,426,161,100,,179,17,45,338,,,,,,,,,,3,,,,,,382,,,78,151,,,,,,,,,,,,,,60,,,,,,,,,,,,,,,,,,,,,,404,147,,456,318,360,362,121,,194,,29,,1284,,,,351,,,,,,,,,,,,,219,22,,7,,,,450,,,,202,313,,,205,,,,,,,,,,,,,,,,,,,,,,,,172,115,35,81,192,131,71,240,338,192,,,301,131,,149,,,,82,,6,6,24,112,,123,,,118,,6,127,,41,236,221,,744,72,132,,,3,,,,,,,,,,,,,,,,,,,,,,512,71,107,56,586,,253,258,,238,,,,,116,,,,,,29,,,234,47,208,68,144,,245,266,,272,430,184,35,492,113,44,56,342,123,36,99,18,114,187,154,126,,,,15,233,,,151,,,,,,,,,,,,,,,,,,,,,,,,,,,,,,,,,481,124,108,258,-100,107,198,,,27,127,296,,283,,128,12,51,227,125,436,,,,,,,,534,,,219,,155,39,,,35,
2026-10-09T15:40:02+00:00,103,266,,,484,5,,29,154,286,,168,,195,299,,7,,,,,104,454,360,247,166,,68,,,34,,,5,44,176,,,,,115,148,,62,,,,,,,80,,353,,,,4,,,,,,,44,,80,,34,21,,,,,,,,68,225,,,,,,,,,,564,60,148,358,161,215,367,,178,,271,161,34,443,,148,89,169,213,,,,606,43,475,267,,131,222,,182,792,,,445,58,,,,,,,,,,,,,,,,,,,,,,,,,,,,,,,,,158,,,267,,584,,358,,209,,569,173,346,512,375,47,,,776,305,263,191,158,,,,,,,,,,,,,102,,182,17,51,340,,,,,,,,,,0,,,,,,378,,,79,152,,,,,,,,,143,,,,,,,,,,,,,,,,,,,,,,,,,,,,,346,458,317,361,355,122,,197,242,,,,,,,349,,,,,,,,,,,,,214,27,,6,,,,,,,,200,,,,202,,,,,,,,,,,,,,,,,,,,,,,,166,117,,79,190,,,239,,190,,33,300,132,,,,15,19,,,9,5,,113,,125,,50,,,8,,14,43,234,228,,741,70,,96,189,4,,,,,,,,,,,,,,,,,,,,,,520,70,108,59,582,,256,260,,,371,,,118,117,,,,,,26,,,235,45,212,65,,,243,264,151,,433,,31,505,112,,,,,,,,,,,,,,,,,,,,,,,,,,,,,,,,,,,,,,,,,,,,,,,,,,,,490,122,110,255,,108,202,73,,23,129,298,,282,,125,16,48,221,122,,,,,,,,454,533,123,,,,157,40,,,40,164
2026-10-09T15:45:02+00:00,105,,,,482,8,,,147,285,,165,,199,,,8,,,,,,,362,244,,,63,,,32,1046,25,7,43,175,,157,,,113,150,,64,,,,,,,84,,350,,,,1,,16,,,170,30,42,158,,,31,25,,,,,329,5,,67,,240,101,213,94,196,166,,,,,,,,,,,,,,,,,,,,,,,,,,,,,,,,,,,,,,,,77,40,752,133,267,463,,115,382,,,,,,,,,,,,,,,,,,,,,,,,,,,257,,580,,353,,204,,576,164,352,,377,48,,,780,,268,187,166,371,337,628,272,121,165,183,73,,253,430,171,,,181,17,53,351,,,,,,,,,,,,,,,,380,,9,81,153,,,,,,,,,144,,,,,,,,,,,,,,,,,,,,,,,,,,,400,,355,466,315,,347,,,199,243,32,,,,,,,,,,,,,,,,,,,,28,,5,,,,449,,,15,199,312,,,201,,,,,,,,,,,,,,,,,,,,,,,,162,,,80,192,,,,336,193,,,301,131,,148,,,,83,,11,4,25,109,22,124,157,51,,,9,,11,44,237,235,,740,71,131,90,,3,,,,,,,,,,,,,,,,,,,,,,512,,107,64,583,,257,,,234,,,,117,,,,,,,28,,,233,44,217,61,137,111,,263,153,275,432,183,38,495,,45,,341,,30,97,19,117,184,147,,,,,14,241,,193,143,,,,,,,,,,,,,,,,,,,,,,,,,,,,,,,,,495,125,113,260,,110,201,72,474,25,128,304,,278,,122,14,49,219,,435,,,,,,,,531,,,220,,158,41,,,36,163
2026-10-09T15:50:02+00:00,106,265,,,480,7,,25,155,281,,166,,204,292,,,,,,,107,455,361,245,158,,61,,,31,1052,,8,41,,,159,,,112,149,,,,,,,,,83,,349,38,,,5,44,17,,,173,29,38,155,,,33,26,,98,,,327,,,64,223,,,,,,,,,,565,,145,355,152,,378,,185,,272,157,33,445,,,90,176,,123,159,175,619,44,474,275,,139,228,177,187,797,,,444,61,,,,,,,,,,,,,,,,,,,,,,,,,,,,,,,,,,,,,,,,,,,,,156,357,514,381,51,,,787,,282,179,159,,,,,,,,,,,,,103,,180,17,54,343,,,,,,,,,,,,,,,,385,,11,,152,,,,,,,,,145,,,,,,,,,,70,,,,,,,,,,,,,,,,,401,,,467,316,357,350,120,,,246,27,,1288,,,,,,,,,,,,,,,,,,26,1,,,,,,,,,,309,,,196,,,,,,,,,,,,,,,,,,,,,,,,164,116,36,79,197,130,72,242,333,197,,,302,126,,149,,,20,87,128,18,9,26,111,,123,158,54,121,,10,,14,43,239,239,61,750,67,130,86,,1,,,,,,,,,,,,,,,,,,,,,,510,,101,,584,,261,258,,227,,,,114,,,,,,,27,,,235,46,221,66,134,,244,264,150,278,438,182,37,497,,46,50,338,,24,102,20,114,182,135,121,,,109,13,248,,194,126,,,,,,,,,,,,,,,,,,,,,,,,,,,,,,,,,498,123,115,254,,106,195,75,475,32,123,305,,275,,,10,,209,,,217,,,,,,457,,,,225,,,,,,35,
2026-10-09T15:55:01+00:00,107,,,,483,6,,,154,278,,168,229,207,283,,7,,,,,111,456,362,248,,,59,,,,,,9,40,173,,161,,,111,,,65,,,,,,,84,,350,,,,1,,,,,174,28,37,153,,,32,22,,,,,324,,,65,224,,,,,,,,,,,,,,,,,,,,,,,,,,,,,,,,,,,,,,,,,,,,,,,,,,,,,,,,,,,,,,,,,,,,,,,,,,,,,,,,,,,,,,,,,,,,,,,,,,,,,,,,,,,,,,,,,,,,,,,,,,,,,,,,,,,,,,,,,,,,,,,,,,,,,,,,,,,,,,,,,,,,,,,,,,,,,,,407,150,356,458,,358,343,,,,247,29,,,,,,,,,,,,,,,,,,,,,,,,,,,,,,,,,,,,,,,,,,,,,,,,,,,,,,,,,,,,,,,,,,,,,,,,,,,,,,,,,,,,,,,,,,,,,,,,,,,,,,,,,,,,,,,,,,,,,,,,,,,507,69,99,66,583,,264,,,221,370,,,113,,,,,,,25,,,233,45,222,65,127,109,241,,,,,,,,,,,,,,,,,,,,,,,,,,,,,,,,,,,,,,,,,,,,,,,,,,,,,,,,,,,,,,,,,,,,,,,,,,,,,,,,,,,,,,,,,,,,,,,,,,
2026-10-09T15:55:02+00:00,,,,,,,,,,,,,,,,,,,,,,,,,,,,,,,,,,,,,,,,,,,,,,,,,,,,,,,,,,,,,,,,,,,,,,,,,,,,,,,242,102,215,97,,163,,,,,54,148,360,137,214,366,31,192,216,277,162,35,444,1,,84,186,211,131,157,180,633,42,471,277,,151,231,,191,804,,,,53,75,53,753,132,,459,52,117,383,,,,,,,,,,,,,,,,,,,,,,,,161,,,256,,591,,355,,198,,,150,358,,,,,,783,,286,175,167,372,336,632,267,125,167,177,,282,256,429,180,,,175,17,55,357,,,,,,,,,,,,,,,,382,,,,,,,,,,,,,148,,,,,,,,,,,,,,,,,,,,,,,,,,,,,,,,,,,,,,,,,,,,,,,,,,,,,,,,,212,28,,3,,,,,,,13,191,,,,193,,,,,,,,,,,,,,,,,,,,,,,,156,,35,,,,71,239,334,,,32,304,122,,145,,17,,88,127,25,13,,113,,125,,,,,,,,42,,240,,755,64,137,82,,5,,,,,,,,,,,,,,,,,,,,,,,,,,,,,,,,,,,,,,,,,,,,,,,,,,,,,156,277,444,181,34,493,,45,49,335,125,23,104,,113,177,128,116,,,105,14,250,,192,,,,,,,,,,,,,,,,,,,,,,,,,,,,,,,,,,,125,,246,1,,198,70,,36,121,,,273,,119,6,47,207,,437,214,,,,,,459,528,,,232,,160,43,,,36,162
2026-10-09T16:00:01+00:00,111,263,,,485,2,,24,150,273,,176,,204,,,226,,,,,112,458,366,246,156,,,,,28,1055,,2,35,172,,164,,,110,150,,64,,,,,,,83,,351,,,,6,,,,,175,,32,149,,,33,23,,,,,,,,66,223,,,,,,,,,,,,,,,,,,,,,,,,,,,,,,,,,,,,,,,,,,,,,,,,,,,,,,,,,,,,,,,,,,,,,,,,,,,,,,,,,,,,,,,,,,138,362,515,,49,,,776,303,277,170,174,,,,,,,,,,,,,104,,177,17,53,,,,,,,,,,,,,,,,,387,,10,82,151,,,,,,,,,144,,,,,,,,,,,,,,,,,,,,,,,,,,,,146,355,456,317,352,320,118,,200,246,30,,1287,,,,350,,,,,,,,,,,,,209,,0,2,,,,,,,12,192,308,,,186,,,,,,,,,,,,,,,,,,,,,,,,148,117,34,82,,131,69,235,332,,,,305,116,,,,,,87,123,29,20,27,116,,122,,55,120,,11,,,,,,62,,,,,,,,,,,,,,,,,,,,,,,,,,,,506,,98,,,,,250,,,,,,114,,,,,,,21,,,235,47,,70,,112,243,,153,279,452,179,31,504,111,43,,334,,24,99,,111,162,129,,,,102,15,255,,193,118,,,,,,,,,,,,,,,,,,,,,,,,,,,,,,,,,507,128,111,243,-100,118,196,71,471,35,119,304,,276,,118,1,48,192,125,434,212,,,,,,,526,,,240,,164,42,,,31,
2026-10-09T16:05:01+00:00,112,262,,,479,1,,25,145,268,,171,,203,279,,224,,,,,113,460,368,231,158,,,,,29,1053,,3,,171,,168,,,108,149,,,,,,,,,78,,352,,,,,,18,,,176,,30,146,79,,31,,,,,,323,4,,67,,235,104,222,106,,164,,,,,53,149,365,134,216,,32,193,,278,166,36,447,,,86,,207,128,,182,636,,473,,,163,232,,196,812,,,,50,,,,,,,,,,,,,,,,,,,,,,,,,,,,,,,,,,,,249,,592,,362,,193,,582,136,363,516,380,50,,,779,302,287,171,176,,337,633,269,,168,172,74,281,261,432,184,,,,,,,,,,,,,,,,,,,,,,386,,,83,,,,,,,,,,145,,,,,,,,,,,,,,,,,,,,,,,,,,,411,149,357,458,,351,310,116,,201,245,27,,1286,,,,351,,,,,,,,,,,,,204,25,,3,,,,450,,,14,187,306,,,178,,,,,,,,,,,,,,,,,,,,,,,,,,,,,,,,,,,,,,,,,,,,,,,,,,,,,,,,,,,,,,,,,,,,,,,,,,,,,,,,,,,,,,,,,504,68,99,64,,,265,247,,223,372,,,115,116,,,,,,23,,,,39,225,76,123,101,244,268,,,,,,,,,,,,,,,,,,,,,,,,,,,,,,,,,,,,,,,,,,,,,,,,,,,,,,,,,,,,126,,247,4,115,199,72,466,42,116,305,,277,,117,-230,47,188,127,435,213,,,,,,456,523,,,238,,166,155,,,19,163
2026-10-09T16:05:02+00:00,,,,,,,,,,,,,,,,,,,,,,,,,,,,,,,,,,,,,,,,,,,,,,,,,,,,,,,,,,,,,,,,,,,,,,,,,,,,,,,,,,,,,,,,,,,,,,,,,,,,,,,,,,,,,,,,,,,,,,,,,,,,,,,,,,,,,,,,,,,,,,,,,,,,,,,,,,,,,,,,,,,,,,,,,,,,,,,,,,,,,,,,,,,,,,,,107,,174,17,,362,,,,,,,,,,,,,,,,,,,,,,,,,,,,,,,,,,,,,,,,,,,,,,,,,,,,,,,,,,,,,,,,,,,,,,,,,,,,,,,,,,,,,,,,,,,,,,,,,,,,,,,,,,,,,,,,,,,,,,,,,,,,,135,118,30,87,195,,,237,331,195,,,,114,,140,,16,,86,120,24,26,29,119,21,123,159,58,,,12,,16,44,240,248,,768,63,141,77,,0,,,,,,,,,,,,,,,,,,,,,,,,,,,,,,,,,,,,,,,,,,,,,,,,,,,,,,281,464,172,34,503,,42,45,333,,25,102,,110,154,126,120,,,101,13,253,,194,,,,,,,,,,,,,,,,,,,,,,,,,,,,,,,,,,,,,,,,,,,,,,,,,,,,,,,,,,,,,,,,,,,,,,,,
2026-10-09T16:10:02+00:00,110,,,,488,,,29,141,265,,,,204,278,,221,,,,,118,461,372,230,157,,56,,,28,1091,,,34,170,,169,,,110,150,,63,,24,,,,,72,,349,,,,4,43,,,,177,,27,143,78,,30,24,,97,,,321,,,65,221,,,,,,,,,,,52,157,368,129,211,373,28,201,,279,164,33,448,,150,87,194,212,124,156,181,649,46,469,,111,164,227,,201,814,,,446,41,,,,,,,,,,,,,,,,,,,,,,,,,,,,,,,,,,,,,,,,,,,,,126,361,517,374,51,,,768,,299,169,179,,,,,,,,,,,,,108,,181,16,,371,,,,,,,,,,,,,,,,385,,9,82,150,,,,,,,,,146,,,,,,,,,,,,,,,,,,,,,,,,,,,415,154,361,462,,353,292,,,202,247,26,,,,,,350,,,,,,,,,,,,,198,28,,,,,,,,,,179,305,,,174,,,,,,,,,,,,,,,,,,,,,,,,131,120,28,82,,132,,239,333,,,,311,112,,141,,17,,85,115,35,39,30,123,,121,161,59,122,,,128,19,41,239,247,,770,61,143,67,,,,,,,,,,,,,,,,,,,,,,,,509,,98,,,,266,253,38,222,370,,,,,,,,,,,,,231,33,232,79,122,102,245,273,159,,468,175,,507,108,43,,329,126,31,100,,112,150,120,113,,,97,16,254,,193,117,,,,,,,,,,,,,,,,,,,,,,,,,,,,,,,,,509,128,113,,6,114,206,74,465,45,119,304,,272,,119,,46,183,129,433,210,,,,,,461,522,,,243,,,,,,10,161
2026-10-09T16:15:02+00:00,113,260,,,492,2,,31,145,260,,172,,203,,,,,,,,123,462,373,228,160,,57,,,,1130,,7,36,167,,168,,,107,151,,61,,,,,,,71,,,,,,,,,,,,26,22,140,,,29,,13,96,,,318,,,64,,228,,229,113,,170,,,,,,,,,,,,,,,,,,,,,,,,,,,,,,,,,,,,,,,,81,67,771,144,268,464,52,114,385,,,,,,,,,,,,,,,,,,,,,,,,150,,,240,,610,,363,,,,587,114,364,514,372,,,,763,301,308,163,176,379,334,,245,131,172,167,,,266,,191,,,180,14,55,,,,,,,,,,,,,,,,,379,,12,,149,,,,,,,,,145,,,,,,,,,,,,,,,,,,,,,,,,,,,414,156,364,473,319,358,289,115,,201,244,28,,1266,,,,349,,,,,,,,,,,,,196,27,,,,,,449,,,,,307,,,170,,,,,,,,,,,,,,,,,,,,,,,,132,123,,,190,,,237,326,190,,30,313,111,,144,,16,19,,,34,46,29,,,119,,62,124,,,,23,37,237,237,61,780,66,137,64,191,1,,,,,,,,,,,,,,,,,,,,,,,,,,,,,,,,,,,,,,,,,,,,,,,,,,,,,162,284,473,172,37,504,107,,,,,,,,,,,,,,,,,,,,,,,,,,,,,,,,,,,,,,,,,,,,,,,,,,,,510,,112,242,,116,212,,464,46,123,305,,269,,118,,50,174,132,432,205,,,,,,463,514,,,240,,170,154,,,7,
2026-10-09T16:20:01+00:00,117,262,55,,498,,,37,152,257,,177,228,205,277,,,,,,,125,463,378,223,163,,55,,,25,1188,,12,35,165,,173,,,109,150,,58,,23,,,,,67,,352,37,,,2,46,,,,,25,19,137,,,28,23,,,,,,,,63,220,,,,,,,,,,,47,155,374,128,207,,,202,,,170,35,,,,89,197,213,116,,183,657,42,,275,,174,230,178,196,813,,,,,,,,,,,,,,,,,,,,,,,,,,,,,,,,,,,,,,,,,,,,,,,,,110,366,515,370,50,,,760,302,316,164,183,,,,,,,,,,,,,109,,176,14,54,378,,,,,,,,,,,,,,,,382,,11,83,150,,,,,,,,,,,,,,,,,,,69,,,,,,,,,,,,,,,,,416,160,363,472,320,359,283,111,,200,,27,,,,,,348,,,,,,,,,,,,,194,,,,,,,450,,,,173,308,,,159,,,,,,,,,,,,,,,,,,,,,,,,134,121,30,78,189,134,67,,322,189,,29,,107,,,,,,84,,42,52,,,,,,64,125,,,,25,36,238,242,,789,64,138,63,,3,,,,,,,,,,,,,,,,,,,,,,513,67,103,67,586,,269,246,36,221,371,,,119,118,,,,,,21,,,237,28,236,82,114,106,248,,163,285,492,177,38,,111,42,41,327,129,19,102,19,121,145,114,112,,,89,17,258,,191,90,,,,,,,,,,,,,,,,,,,,,,,,,,,,,,,,,511,129,108,239,10,121,,,,51,118,304,,272,,,,48,167,133,431,201,,,,,,461,516,,,247,,172,153,,,,160
2026-10-09T16:25:02+00:00,118,264,,,495,3,,39,150,250,,173,229,203,267,,217,,,,,124,464,382,218,161,,53,,,27,1211,,15,34,163,,175,,,108,149,,57,,,,,,,64,,351,38,,,1,,,,,,,,131,,,27,24,,,,,321,,,62,212,227,115,234,123,,176,,,,,45,159,373,126,206,367,24,204,,280,172,,,1,151,87,195,216,126,,182,663,44,472,277,110,173,231,,198,820,,,,42,80,66,786,143,267,466,53,116,381,,,,,,,,,,,,,,,,,,,,,,,,159,,,241,,617,,359,,188,,596,,363,,371,48,,,753,303,324,157,197,382,332,638,223,,176,165,75,283,269,434,181,110,,178,14,56,385,,,,,,,,,,,,,,,,378,,,84,,,,,,,,,,144,,,,,,,,,,,,,,,,,,,,,,,,,,,418,150,361,484,319,354,269,107,,199,247,26,,,,,,347,,,,,,,,,,,,,192,24,,4,,,,449,,,11,168,309,,,139,,,,,,,,,,,,,,,,,,,,,,,,131,,29,79,196,,65,234,325,196,,,,,,145,,,,,,50,59,,129,,,162,67,,,,,28,35,237,240,64,799,,134,59,,1,,,,,,,,,,,,,,,,,,,,,,522,63,101,68,587,,279,251,55,211,370,,,125,,,,,,,16,,,239,27,,85,108,109,257,272,166,290,503,,50,517,,41,35,324,130,16,101,16,122,148,116,104,,,88,19,263,,192,83,,,,,,,,,,,,,,,,,,,,,,,,,,,,,,,,,512,134,106,237,8,,213,75,460,49,124,,,273,,116,,,,135,,199,,,,,,460,,,,248,,175,,,,11,159
2026-10-09T16:30:01+00:00,111,,,,494,,,45,151,248,,171,,198,268,,,,,,,123,,385,211,168,,51,,,29,1224,27,12,33,,,,,,107,,,56,,22,,,,,60,,352,,,,3,47,,,,,,14,,,,24,23,12,95,,,326,,,,209,,,,,,,,,,,,,,,,,,,,,,,,,,,,,,,,,,,,,,,,,,,,,,,,,,,,,,,,,,,,,,,,,,,,,,,,,,,,,,,,,236,,619,,361,,182,,598,98,364,514,372,49,,,747,,322,149,205,,,,,,,,,,,,,108,,175,14,51,,,,,,,,,,,,,,,,,385,,,82,147,,,,,,,,,145,,,,,,,,,,70,,,,,,,,,,,,,,,,,419,148,362,485,321,351,266,108,,198,246,30,,1260,,,,346,,130,,,,,,,,,,,186,26,,2,,,,,,,10,164,310,,,123,,,,,,,,,,,,,,,,,,,,,,,,132,122,28,77,190,,,235,,190,,,314,,,147,7,18,,83,113,63,65,,132,,117,,70,,,,129,,32,,236,,806,66,127,56,193,0,,,,,,,,,,,,,,,,,,,,,,,,,,,,,,,,,,,,,,,,,,,,,,,,,,,,,163,288,516,176,,524,109,,,,,,,,,,,,,,,,,,,,,,,,,,,,,,,,,,,,,,,,,,,,,,,,,,,,511,136,103,228,10,126,220,76,459,51,118,,,275,,113,,47,164,,430,197,,,,,,,517,,,,,,,,,8,
2026-10-09T16:35:02+00:00,112,262,,,489,1,,,149,241,,,232,,272,,213,,,,,129,,388,212,169,,48,,,26,1237,,11,35,,,,,,,,,,,24,,,,,55,,351,,,,4,,,,,178,,8,120,,234,21,,13,,,,323,,,,205,237,134,247,121,189,170,,,,,41,161,380,128,204,372,16,,,278,158,31,,3,150,88,190,209,135,,186,676,,486,,111,192,233,177,,834,,,444,39,78,72,795,147,,467,,115,387,,,,,,,,,,,,,,,,,,,,,,,,,,,,,,,,,,,,84,357,517,369,50,,,,305,315,141,202,401,331,,224,132,178,156,,294,291,453,187,106,,173,14,53,380,,,,,,,,,,,,,,,,388,,10,83,,,,,,,,,,146,,,,,59,,,,,68,,,,,,,,,,,,,,,,,425,154,,496,325,350,259,99,,197,250,28,,,,,,,,,,,,,,,,,,,189,25,,1,,,,448,,,,158,306,,,112,,,,,,,,,,,,,,,,,,,,,,,,138,,27,76,186,,,231,320,186,,,315,109,,146,,17,,82,111,61,,30,,,125,163,71,128,,,,30,36,,234,,819,70,122,52,,,,,,,,,,,,,,,,,,,,,,,,528,62,108,67,,,282,249,73,209,369,,,127,,,,,,,14,,,240,25,242,89,94,101,253,271,167,286,536,178,63,537,,39,31,321,135,20,97,14,117,140,120,91,,,73,23,264,,191,79,,,,,,,,,,,,,,,,,,,,,,,,,,,,,,,,,,,104,211,7,130,222,77,454,55,114,,,271,,116,,46,166,137,426,195,,,,,,,516,,,246,,179,152,,,14,157
2026-10-09T16:40:02+00:00,117,264,,,487,,,48,154,233,,170,,197,270,,210,,,,,,,387,206,180,,45,,,,1247,,9,34,162,,178,,,,151,,,,,,,,,52,,,,,,,46,17,,,,24,7,110,,,,22,,94,,,321,,,60,194,239,137,248,124,188,172,,,,566,37,164,379,124,205,371,,,,,152,27,449,1,,89,191,212,139,,184,679,37,484,,110,190,236,175,204,836,,,,37,,76,806,,260,,,109,388,,,,,,,,,,,,,,,,,,,,,,,,143,,,230,,618,,354,,171,,595,81,360,524,,49,,,740,308,318,132,210,,,,,,,,,,,,,109,,174,13,56,389,,,,,,,,,,,,,,,,386,,,82,,,,,,,,,,,,,,,,,,,,,,,,,,,,,,,,,,,,,432,157,365,503,,348,235,94,,200,252,30,,1230,,,,,,,,,,,,,,,,,186,24,,0,,,,449,,,8,153,,,,100,,,,,,,,,,,,,,,,,,,,,,,,131,123,,75,187,,64,,,187,36,,313,107,,149,,15,,84,,65,68,,,,123,164,76,130,,15,130,29,,236,232,,828,77,121,49,,6,,,,,,,,,,,,,,,,,,,,,,529,63,113,68,590,,284,,100,207,,,,125,120,,,,,,17,,,242,22,241,92,82,,260,273,170,289,552,181,66,549,108,,29,317,136,19,98,12,116,141,,85,,,69,24,268,,192,71,,,,,,,,,,,,,,,,,,,,,,,,,,,,,,,,,,,103,203,3,129,221,,446,60,111,,,269,,115,,43,172,139,425,193,,,,,,463,513,,,256,,183,151,,,15,158
2026-10-09T16:45:01+00:00,119,263,,,483,2,,46,153,220,,164,,193,269,,209,,,,,,,388,201,185,,42,,,,1262,,12,36,157,,179,,,109,,,55,,25,,,,,49,,350,,,,6,,18,,,,25,4,107,,,20,23,,,,,327,,,,183,,,,,,,,,,567,30,,392,123,202,,10,207,217,279,159,24,450,,149,91,200,210,136,,,692,,485,,,198,241,174,203,851,,,,31,,,,,,,,,,,,,,,,,,,,,,,,,,,,,,,,,,,,,,,,,,,,,68,358,526,366,50,,,723,311,312,128,220,,329,634,209,134,181,146,,296,289,454,185,108,,175,11,58,398,,,,,,,,,,,,,,,,,,8,,,,,,,,,,,,,,,,,,,,,,,,,,,,,,,,,,,,,,433,158,,509,,344,229,89,,201,248,35,,,,,,,,,,,,,,,,,,,184,23,,1,,,,,,,7,149,309,,,86,,,,,,,,,,,,,,,,,,,,,,,,132,124,28,74,185,,62,232,322,185,,,312,105,,146,,16,,85,113,62,71,31,138,,120,165,,131,,,132,28,33,235,234,65,834,71,126,44,,8,,,,,,,,,,,,,,,,,,,,,,,,,,,,,,,,,,,,,,,,,,,,,,,,,,,,,168,288,561,182,69,562,109,,,,,,,,,,,,,,,,,,,,,,,,,,,,,,,,,,,,,,,,,,,,,,,,,,,,512,,101,193,,133,,,438,61,112,,,267,,,,44,171,141,423,189,,,,,,,509,,,259,,,153,,,,160
2026-10-09T16:50:01+00:00,120,264,,,484,3,,50,154,207,,161,233,,263,,207,,,,,130,465,,194,186,,,,,27,1278,26,9,35,155,,184,,,110,,,,,,,,,,37,,348,,,,1,,,,,,,8,103,,,19,22,12,,,,328,,,61,174,236,142,252,128,,177,,,,,,,,,,,,,,,,,,,,,,,,,,,,,,,,,,,,,,,,76,82,815,,264,462,52,111,389,,,,,,,,,,,,,,,,,,,,,,,,140,,,228,,619,,355,,164,,598,61,,530,365,49,,,715,317,,119,225,,,,,,,,,,,,,109,,172,11,62,407,,,,,,,,,,,,,,,,391,,,84,144,,,,,,,,,145,,,,,60,,,,,67,,,,,,,,,,,,,,,,,429,152,366,505,326,345,217,82,,203,250,,,,,,,345,,,,,,,,,,,,,185,21,,,,,,,,,,144,306,,,74,,,,,,,,,,,,,,,,,,,,,,,,131,122,25,73,188,,63,234,321,188,,28,311,99,,145,,17,,86,109,64,74,,,,125,,79,132,,16,,30,32,,,,846,89,128,41,,0,,,,,,,,,,,,,,,,,,,,,,528,60,118,,589,,285,252,119,206,,,,,,,,,,,23,,,245,25,240,93,76,100,259,,169,290,573,185,68,573,,,,,,,,,,,,,,,,,,,,,,,,,,,,,,,,,,,,,,,,,,,,,,,,,,,,,511,135,,191,4,135,224,78,429,72,111,303,,,,113,,43,175,,420,187,,,,,,468,507,,,,,184,,,,,156
2026-10-09T16:55:01+00:00,119,263,,,478,7,,,155,191,,157,,195,264,,206,,,,,134,462,390,169,183,,45,,,,1306,,14,40,157,,190,,,111,,,56,,24,,,,,31,,347,,,,0,48,,,,,21,7,101,,,,21,,,,,331,,,60,164,,,,,,,,,,,24,167,389,119,200,376,,211,216,277,156,23,,,,93,203,206,130,,,700,34,488,275,109,199,246,173,199,860,,,443,,,92,,149,265,466,,109,388,,,,,,,,,,,,,,,,,,,,,,,,138,,,220,,621,,364,,159,,599,54,353,532,359,,,5,701,320,324,107,235,400,324,632,189,137,188,,74,297,291,449,178,113,,170,11,65,418,,,,,,,,,,,,,,,,397,,,85,,,,,,,,,,,,,,,,,,,,,,,,,,,,,,,,,,,,,433,155,368,515,327,346,208,77,,204,256,,,1198,,,,,,129,,,,,,,,,,,180,22,,0,,,,448,,,6,140,307,,,62,,,,,,,,,,,,,,,,,,,,,,,,133,123,,72,185,,64,231,318,185,,,312,95,,,,18,,,,70,81,33,,,,,,,,20,,,27,,225,,848,,,38,194,1,,,,,,,,,,,,,,,,,,,,,,,,117,67,585,,288,253,127,204,370,,,128,119,,,,,,,,,246,18,242,99,72,101,,281,168,291,574,184,,572,108,,,,,,,,,,,,,,,,,,,,,,,,,,,,,,,,,,,,,,,,,,,,,,,,,,,,,134,94,179,3,131,229,81,416,78,116,,,,,112,,,168,142,417,186,,,,,,,502,,,260,,186,154,,,,155
2026-10-09T17:00:01+00:00,121,266,,,484,9,,54,157,172,,152,234,197,263,,205,,,,,137,460,387,153,198,,,,,,1348,27,11,39,,,196,,,110,149,,57,,,,,,,18,,346,,,,,,,,,179,20,0,105,,235,,20,,,,,330,,,62,151,232,149,254,127,,175,,,,568,14,166,390,114,,380,2,212,,,160,,453,7,150,91,210,210,142,155,182,714,29,487,278,,204,253,174,198,870,,,445,24,78,114,817,156,266,469,53,110,386,,,,,,,,,,,,,,,,,,,,,,,,,,,,,,,,,,,,42,351,531,351,50,,96,686,326,330,90,237,,,,,,,,,,,,,115,,165,11,68,425,,,,,,,,,,,,,,,,404,,7,83,,,,,,,,,,144,,,,,,,,,,68,,,,,,,,,,,,,,,,,435,154,367,518,326,348,176,65,,208,,38,,,,,,346,,,,,,,,,,,,,177,21,,,,,,,,,5,134,309,,,53,,,,,,,,,,,,,,,,,,,,,,,,140,,24,73,187,135,,236,314,187,,,,90,,142,,19,18,87,105,72,83,,,,126,,78,131,,,131,,30,,222,,852,83,127,33,,,,,,,,,,,,,,,,,,,,,,,,523,59,112,65,578,,291,254,142,205,372,,,,121,,,,,,21,,,239,11,245,103,59,97,262,282,167,290,585,,65,575,107,34,31,297,138,27,99,11,105,131,109,68,,,58,26,275,,194,12,,,,,,,,,,,,,,,,,,,,,,,,,,,,,,,,,512,135,92,169,2,127,233,84,411,79,118,310,,268,,110,,45,167,144,419,179,,,,,,470,499,,,273,,,153,,,24,154
2026-10-09T17:05:01+00:00,123,265,,105,490,12,,38,158,162,,147,,196,261,,201,,,,,140,458,388,141,207,,,,,24,1372,,10,35,,,198,,,,,,,,26,,,,,16,,343,,,,,47,19,,,,17,,103,,,16,,,,,,333,,,61,138,,,,,,,,,,,,,,,,,,,,,,,,,,,,,,,,,,,,,,,,,,,,,,,,,,,,,,,,,,,,,,,,,,,,,,,,,,,,,,129,,,206,,632,,375,,152,,603,,349,532,347,,,97,671,334,332,81,245,401,321,629,144,136,189,130,76,,293,443,161,113,,167,12,69,442,,,,,,,,,,,,,,,,413,,,81,143,,,,,,,,,,,,,,,,,,,,,,,,,,,,,,,,,,,,432,159,370,522,,347,159,62,,209,259,41,,1182,,,,347,,,,,,,,,,,,,166,20,,,,,,,,,4,136,308,,,35,,,,,,,,,,,,,,,,,,,,,,,,141,,25,,186,136,,229,,186,,27,,87,,,,20,,,106,88,91,34,,,,,,134,,,132,31,,,,,,,,,,,,,,,,,,,,,,,,,,,,,,,,516,,113,66,,,290,255,150,195,371,,,,120,,,,,,26,,,237,5,247,109,45,94,266,286,164,291,590,,61,589,106,,26,292,,33,101,,99,122,99,69,,,53,25,277,,,0,,,,,,,,,,,,,,,,,,,,,,,,,,,,,,,,,,136,86,156,,128,239,85,410,80,116,312,,,,108,,47,168,,421,,,,,,,469,495,125,,284,,187,152,,,,149
2026-10-09T17:10:01+00:00,121,263,,,492,,,39,161,145,,140,,199,263,,,,,,,141,,383,131,214,,42,,,23,1394,,8,32,156,,203,,,108,,,,,25,,,,,9,,342,,,,,49,,,,,,,104,,,15,,,93,,,,,,,132,235,153,257,130,186,182,,196,,,6,167,383,112,197,386,1,,215,276,169,19,,6,,90,,202,147,,181,722,23,486,277,,207,257,172,195,878,,,,20,77,121,824,159,265,471,,112,387,,,,,,,,,,,,,,,,,,,,,,,,114,,,201,,644,,378,,145,,604,21,,,345,,,99,658,340,347,67,253,,,,,,,,,,,,,108,,157,12,68,446,,,,,,,,,,,,,,,,,,,80,139,,,,,,,,,143,,,,,,,,,,69,,,,,,,,,,,,,,,,,,160,372,531,,345,138,44,,212,260,39,,,,,,,,,,,,,,,,,,,160,23,,,,,,,,,0,138,307,,,24,,,,,,,,,,,,,,,,,,,,,,,,149,124,,75,178,138,63,231,310,178,,26,316,81,,,,21,,85,,92,96,,140,,124,,77,136,,,133,32,28,236,215,,859,71,120,32,195,3,,,,,,,,,,,,,,,,,,,,,,515,60,115,70,574,,292,253,168,194,,,,,123,,,,,,21,,,233,,251,110,46,,269,289,167,,594,,59,596,107,33,28,288,139,,100,12,98,117,94,66,,,52,,281,,192,,,,,,,,,,,,,,,,,,,,,,,,,,,,,,,,,,,137,79,149,,127,244,88,408,,123,,,265,,107,,,158,,,180,,,,,,473,492,,,297,,192,151,,,,145
2026-10-09T17:15:02+00:00,124,268,,,496,14,,47,163,136,,,235,192,267,,203,,,,,142,,382,128,210,,38,,,26,1431,26,10,30,155,,205,,,109,,,,,,,,,,4,,,37,,,,48,,,,,,,103,79,234,,17,,92,,,,1,,60,124,,,,,,,,,,,,174,,99,192,378,,215,,,187,16,456,,146,93,207,204,148,,177,728,14,484,278,111,221,255,171,196,882,,,,19,,,,,,,,,,,,,,,,,,,,,,,,,,,,,,,,,,,,,,,,,,,,,18,345,531,343,52,,,641,345,360,55,260,,320,634,98,137,191,123,78,298,,444,155,111,,160,13,74,451,,,,,,,,,,,,,,,,424,,8,81,,,,,,,,,,,,,,,,,,,,,,,,,,,,,,,,,,,,,439,169,,536,325,342,106,34,,213,266,41,,,,,,,,131,,,,,,,,,,,155,,,,,,,,,,,140,306,,,16,,,,,,,,,,,,,,,,,,,,,,,,152,,,76,177,142,,230,304,177,,19,,79,,144,,20,,84,107,109,102,,,19,121,168,,133,,22,,,23,246,210,,878,74,119,,194,0,,,,,,,,,,,,,,,,,,,,,,524,,113,79,573,,296,260,186,186,373,,,131,,,,,,,17,,,231,,256,109,24,83,271,293,166,292,609,185,58,607,,34,20,285,142,30,,,97,121,92,53,,,48,,283,,,,,,,,,,,,,,,,,,,,,,,,,,,,,,,,,,,,510,136,72,134,-100,129,,86,401,84,125,,,269,,103,,45,145,145,,181,,,,,,476,489,,,295,,191,148,,,35,144
2026-10-09T17:20:01+00:00,128,,57,,499,,,48,168,135,,135,,196,274,,198,,,,,145,457,388,127,207,,35,,,25,1449,,8,29,,,207,,,107,,,,,,,,,,0,,,,,,1,49,18,,,,18,,102,80,,,16,,,,,332,,,59,117,243,156,260,128,,181,,198,,,,175,,98,,386,,,214,,203,15,,6,145,,210,208,159,154,,735,8,488,277,,225,257,,200,888,,,,18,,138,837,166,266,473,54,110,385,,,,,,,,,,,,,,,,,,,,,,,,112,,,197,,653,,385,,141,,606,12,344,530,,53,,101,628,354,366,47,277,,,,,,,,,,,,,112,,155,13,,461,,,,,,,,,,,,,,,,428,,,,,,,,,,,,,146,,,,,,,,,,70,,,,,,,,,,,,,,,,,436,181,374,541,328,,93,29,,,,39,,1168,,,,346,,130,,,,,,,,,,,,,,,,,,450,,,,139,308,,,12,,,,,,,,,,,,,,,,,,,,,,,,155,125,24,75,172,143,,,299,172,,17,,77,,145,,,,85,110,115,105,,,,122,,78,135,,,,,24,244,207,66,883,71,117,,,,,,,,,,,,,,,,,,,,,,,,,533,62,,83,,,298,,214,179,371,,,132,,,,,,,,,,230,,258,110,28,82,269,296,165,293,627,186,59,612,109,32,23,282,,34,101,,88,123,75,45,,,41,20,292,,191,,,,,,,,,,,,,,,,,,,,,,,,,,,,,,,,,,511,134,66,126,,,246,87,403,86,129,,,263,,106,,47,143,147,423,179,,,,,,475,491,126,,299,,193,,,,39,143
2026-10-09T17:25:01+00:00,127,271,,,502,19,,,170,131,,136,,191,,,200,,,,,146,455,393,123,211,,,,,26,1477,,13,28,,,210,,,,,,,,28,,,,,3,,341,38,,,0,,19,,,,,,105,,235,,15,,,,,334,0,,60,118,,,,,,,,,,567,,183,,93,193,384,,214,213,,200,13,,5,147,94,205,,166,155,172,737,6,,276,,224,259,,201,889,,,446,,,,,,,,,,,,,,,,,,,,,,,,,,,,,,,,,,,,,,,,,,,,,,13,346,529,341,,,105,611,,376,41,280,402,319,630,49,143,197,124,79,,294,441,159,,,147,14,76,477,,,,,,,,,,,,,,,,427,,,,,,,,,,,,,144,,,,,,,,,,,,,,,,,,,,,,,,,,,441,182,375,547,330,340,78,24,,214,264,41,,,,,,345,,,,,,,,,,,,,150,21,,,,,,,,,,140,307,,,13,,,,,,,,,,,,,,,,,,,,,,,,150,,23,74,,,60,231,285,,,15,319,74,,141,,21,19,84,107,114,107,33,143,18,127,,79,134,,,,33,,,,,,,,,,,,,,,,,,,,,,,,,,,,,,,,546,,,84,561,,299,262,248,171,372,,,,,,,,,,,,,229,,266,120,41,81,270,,164,290,631,184,58,618,,33,18,280,,35,,,87,127,76,47,,,39,,,,,,,,,,,,,,,,,,,,,,,,,,,,,,,,,,,,,,510,,61,111,,,248,,404,89,135,,,262,,109,,45,144,151,,,,,,,,476,488,,,300,,196,146,,,40,
2026-10-09T17:30:01+00:00,,272,,,505,22,,49,,133,,129,,197,278,,203,,,,,153,,,125,219,,31,,,25,1488,,10,29,156,,215,,,,,,56,,29,,,,,0,,339,37,,,,51,,,,,20,,,81,,14,16,,,,,,,,59,115,240,164,,127,183,,,,,,,188,381,103,192,395,,213,,,208,11,,7,,95,,212,176,,171,741,5,496,278,112,,,173,205,886,,,,17,78,151,845,172,267,,,109,387,,,,,,,,,,,,,,,,,,,,,,,,102,,,187,,662,,399,,134,,609,,343,,337,,,106,598,358,382,38,,,,,,,,,,,,,,109,,146,14,75,480,,,,,,,,,,,,,,,,434,,6,,,,,,,,,,,142,,,,,,,,,,,,,,,,,,,,,,,,,,,440,184,377,553,329,338,66,22,,,,,,,,,,347,,,,,,,,,,,,,149,22,,,,,,,,,,143,308,,,10,,,,,,,,,,,,,,,,,,,,,,,,148,124,,69,170,,61,230,270,170,,8,,71,,137,,18,,82,,119,106,34,144,15,125,,84,,,,,34,27,,193,,898,74,114,34,,1,,,,,,,,,,,,,,,,,,,,,,,,,,,,,,,,,,,142,,,,,,,,,,,,,,,,,,167,,641,185,,621,,,19,279,143,,102,,85,,72,45,,,37,,294,,,,,,,,,,,,,,,,,,,,,,,,,,,,,,,,,,,,509,,59,99,,133,249,88,405,99,141,314,,259,,,,,138,152,425,,,,,,,478,486,127,,303,,199,,,,44,
2026-10-09T17:35:02+00:00,125,273,,,506,25,,42,175,136,,127,236,198,282,,,,,,,156,449,394,124,222,,32,,,22,1518,,16,30,,,214,,,106,,,,,,,,,,,,,,,,,50,,,,,,,104,,,,15,,,,,338,1,,,114,,,,,,,,,,,,,,,,,,,,,,,,,,,,,,,,,,,,,,,,,,,,,,,,,,,,,,,,,,,,,,,,,,,,,,,,,,,,,,,,,,,,,,,,,,,340,,334,54,,,587,363,387,29,293,,315,632,39,,196,119,,,295,443,161,111,,144,14,76,504,,,,,,,,,,,,,,,,443,,,80,138,,,,,,,,,139,,,,,,,,,,,,,,,,,,,,,,,,,,,444,,379,557,,340,52,21,,216,266,43,,1170,,,,346,,132,,,,,,,,,,,145,23,,,,,,,,,,146,307,,,8,,,,,,,,,,,,,,,,,,,,,,,,149,,22,66,171,,,227,260,171,,6,320,67,,136,,17,,81,106,122,108,35,,13,127,,83,,,,134,,31,246,186,,928,60,109,29,,0,,,,,,,,,,,,,,,,,,,,,,552,61,114,85,560,,301,,265,172,,,,140,,,,,,,18,,,228,,264,125,35,77,,297,168,289,651,,59,627,110,,,,,,,,,,,,,,,,,,,,,,,,,,,,,,,,,,,,,,,,,,,,,,,,,,,,507,135,53,86,,131,251,87,408,105,148,313,,256,,108,,46,130,,426,181,,,,,,,491,,,308,,,,,,45,142
2026-10-09T17:40:02+00:00,,,58,,511,,,45,179,140,,126,,,284,,201,,,,,157,455,,,239,,33,,,23,1567,,20,,157,,216,,,105,,,,,,,,,,,,340,38,,,,49,,,,,,,106,,234,,18,,93,,,346,,,60,116,237,170,265,118,,183,,,,,,192,,109,195,397,,,,280,215,10,457,5,148,,203,211,188,153,169,743,6,,,111,227,260,172,209,888,,,,19,80,162,856,,,474,55,98,388,,,,,,,,,,,,,,,,,,,,,,,,93,,,172,,672,,402,,126,,610,,336,,336,53,,105,573,366,403,23,294,,,,,,,,,,,,,112,,143,13,81,518,,,,,,,,,,,,,,,,444,,5,,137,,,,,,,,,138,,,,,,,,,,,,,,,,,,,,,,,,,,,447,189,380,561,,339,37,,,217,,41,,,,,,349,,,,,,,,,,,,,143,25,,,,,,,,,,149,,,,11,,,,,,,,,,,,,,,,,,,,,,,,145,125,20,65,167,144,,230,242,167,,5,,,,133,,,18,80,,121,109,,146,9,,,82,,,,,,30,245,185,,930,53,105,27,,,,,,,,,,,,,,,,,,,,,,,,556,62,113,84,556,,303,,283,,,,,,122,,,,,,20,,,232,,262,127,31,78,272,298,173,,661,187,64,625,,32,21,273,144,36,104,13,78,128,66,43,,,,19,298,,194,,,,,,,,,,,,,,,,,,,,,,,,,,,,,,,,,,506,133,46,80,,128,252,,412,112,150,,,,,106,,47,134,150,427,,,,,,,,495,,,314,,,145,,,58,143
2026-10-09T17:45:01+00:00,131,276,,,513,23,,,186,141,,,,203,287,,191,,,,,158,,395,,242,,,,,,1599,,22,29,159,,218,,,103,,,,,,,,,,,,341,,,,,50,18,,,,,,107,,,13,19,,,,,345,,,66,113,,,,,,,,,,,,,,,,,,,,,,,,,,,,,,,,,,,,,,,,,,,,,,,,,,,,,,,,,,,,,,,,,,,,,,,,,,,,,,86,,,164,,677,,399,,122,,612,,333,,337,55,,106,561,369,415,9,300,,,631,51,144,202,110,81,297,297,445,158,,,140,13,,533,,,,,,,,,,,,,,,,446,,4,81,,,,,,,,,,139,,,,,,,,,,,,,,,,,,,,,,,,,,,,188,381,562,330,340,26,,,218,264,42,,1176,,,,,,,,,,,,,,,,,147,27,,,,,,,,,,152,,,,15,,,,,,,,,,,,,,,,,,,,,,,,147,,,,173,,,,219,173,,2,,65,,131,,18,,,107,119,110,,,8,133,,84,,,21,,,,,,,,,,,,,,,,,,,,,,,,,,,,,,,,,,554,,114,83,554,,305,264,303,,,,,139,123,,,,,,18,,,234,7,,131,32,82,269,301,174,288,672,186,,634,109,,23,274,,37,106,14,80,130,,36,,,34,22,302,,196,,,,,,,,,,,,,,,,,,,,,,,,,,,,,,,,,,,,40,79,,130,253,86,413,115,152,315,,254,,105,,48,133,153,428,185,,,,,,479,497,,,310,,200,143,,,75,
2026-10-09T17:50:02+00:00,134,280,,,512,,,,191,143,,127,,,292,,186,,,,,159,454,,126,256,,,,,,1619,,21,32,158,,222,,,105,,,,,,,,,,,,342,,,,,,,,,,19,,109,82,,,,,,,,350,,,67,,245,173,269,,181,186,,,,,,,,106,192,413,1,,214,283,219,4,459,7,149,,202,203,191,,168,748,2,499,277,,232,,171,210,898,,,,18,81,167,869,,266,479,,,,,,,,,,,,,,,,,,,,,,,,,,,,,,,,,,,,,,,,,531,332,56,,105,542,373,423,4,308,,,,,,,,,,,,,117,,141,12,82,554,,,,,,,,,,,,,,,,459,,,82,,,,,,,,,,140,,,,,,,,,,71,,,,,,,,,,,,,,,,,448,194,379,563,331,,,20,,220,262,40,,,,,,,,,,,,,,,,,,,146,28,,2,,,,449,,,,155,308,,,,,,,,,,,,,,,,,,,,,,,,,,,,126,,63,172,,60,228,205,172,,,323,,,126,,16,,81,106,125,112,,149,4,128,,88,135,,22,133,35,27,243,171,67,954,43,100,19,,,,,,,,,,,,,,,,,,,,,,,,557,61,116,,549,,306,274,337,173,370,,,136,,,,,,,17,,,,6,270,134,38,77,268,304,175,,,187,61,639,108,,,,,,,,,,,,,,,,,,,,,,,,,,,,,,,,,,,,,,,,,,,,,,,,,,,,505,,35,75,,131,258,84,419,123,156,,,257,,104,,50,136,,422,,,,,,,483,499,128,,320,,,140,,,85,142
2026-10-09T17:55:02+00:00,,,57,,511,24,,47,195,,,121,,206,295,,176,,,,,160,455,396,130,258,,34,,,25,1631,,23,36,,,224,,,,,,57,,,,,,,,,,,,,,,,,,,20,,108,83,,15,20,,,,,351,,,,117,,,,,,,,,,566,,199,383,105,,416,,,,,229,5,,8,,98,204,206,199,,166,749,3,505,276,,236,261,,213,904,,,,17,,,,,,,,,,,,,,,,,,,,,,,,,,,,,,,,,85,,,159,,685,,401,,119,,614,5,330,532,331,57,,108,535,374,435,7,312,,317,633,56,,200,101,83,298,296,452,157,116,,133,13,79,569,,,,,,,,,,,,,,,,467,,3,,,,,,,,,,,139,,,,,,,,,,,,,,,,,,,,,,,,,,,447,,380,567,332,337,,,,,264,41,,,,,,,,,,,,,,,,,,,147,26,1,,,,,,,,,156,310,,,14,,,,,,,,,,,,,,,,,,,,,,,,148,,,66,180,,,224,195,180,,,,64,,122,,18,19,,,128,,,,2,127,,,,,,,32,26,244,167,,977,22,98,,,2,,,,,,,,,,,,,,,,,,,,,,559,,118,,543,,,276,349,174,371,,,137,122,,,,,,,,,231,4,273,135,,79,267,,,289,679,186,,640,109,29,16,,147,34,109,15,84,128,78,32,,,32,,306,,,1,,,,,,,,,,,,,,,,,,,,,,,,,,,,,,,,,502,131,33,68,,129,265,86,420,130,162,319,,256,,107,,49,140,154,,182,,,,,,486,501,,,323,,201,139,,,95,140
2026-10-09T18:00:02+00:00,,,,,512,23,,51,196,144,,126,,,298,,,,,,,161,457,399,132,271,,35,,,,1657,,29,34,157,,229,,,,,,,,30,,,,,,,,,,,,52,,8,,,,,109,,,,,11,92,,,355,,,66,120,240,178,273,122,184,190,,,,,,,,,,,,,,,,,,,,,,,,,,,,,,,,,,,,,,,,82,178,876,176,264,478,56,100,389,,,,,,,,,,,,,,,,,,,,,,,,,,,,,,,,,,,,,331,531,330,,,110,528,376,452,6,314,,,,,,,,,,,,,117,,136,13,80,588,,,,,,,,,,,,,,,,468,,,83,138,,,,,,,,,,,,,,,,,,,,,,,,,,,,,,,,,,,,450,198,381,571,,334,,,,219,266,44,,1177,,,,348,,,,,,,,,,,,,,25,0,,,,,,,,1,,,,,17,,,,,,,,,,,,,,,,,,,,,,,,,127,21,68,178,,59,226,189,178,,,322,65,,,,19,20,80,104,130,111,,150,1,128,,,134,,,,,27,,165,,,32,97,12,,0,,,,,,,,,,,,,,,,,,,,,,,,,,,,,,,,,,,,,,,,,,,,,,,,,,,,,178,,686,189,,651,107,30,14,,148,39,111,,78,133,87,35,,,,24,309,,197,5,,,,,,,,,,,,,,,,,,,,,,,,,,,,,,,,,501,,32,63,1,,271,,421,135,166,,,,,111,,48,138,156,423,,,,,,,488,,,,330,,202,137,,,114,139
2026-10-09T18:05:01+00:00,136,278,,107,516,,,58,202,141,,124,,218,300,,180,,,,,163,,,135,285,,37,,,29,1679,,35,,155,,,,,,,,,,,,,,,,,,,,,,,,17,,,19,,112,,,13,19,,90,,,358,2,,67,,,,,,,,,,,567,,201,384,102,196,417,11,212,,280,241,,455,13,152,,206,198,207,151,,751,,517,273,,239,259,,209,903,,,,13,,,,,,,,,,,,,,,,,,,,,,,,,,,,,,,,,75,,,152,,689,,410,,111,,621,,330,,,58,,,519,378,467,,319,,313,631,,,199,102,82,299,298,,158,119,,,13,83,603,,,,,,,,,,,,,,,,477,,4,84,136,,,,,,,,,,,,,,,,,,,,,,,,,,,,,,,,,,,,448,197,,573,,333,,,,,267,43,,,,,,,,,,,,,,,,,,,144,28,,,,,,,,,,157,,,,,,,,,,,,,,,,,,,,,,,,,,,,146,,23,,176,,58,227,187,176,,,,,,,,,,,103,145,112,,,,129,,87,,,,,,,243,159,,986,24,96,11,195,,,,,,,,,,,,,,,,,,,,,,,,60,116,85,,,308,,368,,370,,,,,,,,,,25,,,232,5,275,138,35,,269,307,183,,702,188,62,655,105,,,,,,,,,,,,,,,,,,,,,,,,,,,,,,,,,,,,,,,,,,,,,,,,,,,,499,,29,64,2,135,274,87,,143,171,,,,,112,,49,145,159,424,,,,,,,491,503,,,339,,,138,,,117,137
2026-10-09T18:10:01+00:00,139,277,,,518,27,,75,208,144,,126,,227,305,,179,,,,,167,459,403,144,300,,,,,27,1691,,37,,,,,,,,,,,,,,,,,,,,,,,,,,20,,,,,113,,,14,20,,,,,363,,,68,122,225,183,276,120,185,193,,,,,,,,,,,,,,,,,,,,,,,,,,,,,,,,,,,,,,,,81,192,882,181,,482,,103,390,,,,,,,,,,,,,,,,,,,,,,,,72,,,150,,699,,416,,,,624,,335,,,,,106,520,,480,,323,,,,,,,,,,,,,117,,143,13,85,628,,,,,,,,,,,,,,,,493,,5,83,134,,,,,,,,,141,,,,,,,,,,,,,,,,,,,,,,,,,,,447,198,390,577,331,335,,,,220,265,42,,,,,,,,,,,,,,,,,,,143,31,,,,,,450,,,0,156,309,,,16,,,,,,,,,,,,,,,,,,,,,,,,,,,,,,,,,,,,,,,,,,,,,,,,,,,,,,,,,,,,,,,,,,,,,,,,,,,,,,,,,,,,,,,,,555,59,118,84,541,,310,,387,177,369,,,,,,,,,,,,,230,,,141,46,78,270,310,,,,,,,,,,,,,,,,,,,,,,,,,,,,,,,,,,,,,,,,,,,,,,,,,,,,,,,,,,,498,,30,61,,132,276,,427,153,176,,,,,,,51,143,160,425,181,,,,,,492,504,,,350,,203,136,,,135,136
2026-10-09T18:10:02+00:00,,,,,,,,,,,,,,,,,,,,,,,,,,,,,,,,,,,,,,,,,,,,,,,,,,,,,,,,,,,,,,,,,,,,,,,,,,,,,,,,,,,,,,,,,,,,,,,,,,,,,,,,,,,,,,,,,,,,,,,,,,,,,,,,,,,,,,,,,,,,,,,,,,,,,,,,,,,,,,,,,,,,,,,,,,,,,,,,,,,,,,,,,,,,,,,,,,,,,,,,,,,,,,,,,,,,,,,,,,,,,,,,,,,,,,,,,,,,,,,,,,,,,,,,,,,,,,,,,,,,,,,,,,,,,,,,,,,,,,,,,,,,,,,,,,,,,,,,,,,,,,,,,,,,,,,,,,,,,,,,,,139,126,,69,,,,228,192,,,,,64,,123,,18,,,108,152,111,,,,133,,88,135,,23,,,,,,,,,,,,,,,,,,,,,,,,,,,,,,,,,,,,,,,,,,,,,,,,,,,,,,,,,,,,,,,,,185,292,707,193,60,659,,,,,,,,,,,,,,,,,,,,,,,,,,,,,,,,,,,,,,,,,,,,,,,,,,,,,,,,,,,,,,,,,,,,,,,,,,,,,,,,,,,,,,,,,,,
2026-10-09T18:15:02+00:00,138,,,,522,28,,83,215,,,128,237,233,306,,,,,,,,460,409,148,308,,38,,,29,1700,,43,,,,,,,,,,58,,,,,,,,,341,,,,,53,,26,,,,,112,,,13,23,,,,,367,1,,69,123,,,,,,,,,,566,1,200,380,109,193,423,7,217,,278,259,,,,,100,203,195,241,,,752,1,537,,,241,262,,205,908,6,,,12,,,,,,,,,,,,,,,,,,,,,,,,,,,,,,,,,,,,,,,,,,,,,,349,530,329,59,,108,523,380,500,3,326,401,308,635,60,,205,99,83,300,300,455,160,119,,136,13,,642,,,,,,,,,,,,,,,,501,,6,81,,,,,,,,,,,,,,,,,,,,,,,,,,,,,,,,,,,,,446,197,392,579,,332,,11,,,263,44,,,,,,349,,,,,,,,,,,,,142,,,4,,,,449,,,2,,310,,,,,,,,,,,,,,,,,,,,,,,,,,,126,125,24,68,181,,,227,193,181,,,,,,124,,19,,,111,155,,,,,136,,,,,,,35,,244,158,,1022,17,95,14,,3,,,,,,,,,,,,,,,,,,,,,,565,60,,,,,311,274,415,176,,,,,,,,,,,,,,233,,277,,51,74,276,312,188,291,717,,64,666,106,,19,273,149,42,113,14,71,137,102,,,,,31,315,,198,18,,,,,,,,,,,,,,,,,,,,,,,,,,,,,,,,,,,29,59,-100,135,278,88,428,159,177,,,258,,,,52,145,162,427,182,,,,,,493,508,127,,360,,206,,,,143,134
2026-10-09T18:20:01+00:00,145,276,,,518,,,90,218,147,,,,244,309,,172,,,,,,461,415,154,314,,,,,28,1709,,44,35,,,,,,106,,,,,29,,,,,,,,,,,,,,37,,,20,,,,,12,26,12,,,,376,,,,,216,187,278,121,187,195,,,,,,203,383,108,,431,2,,,,272,4,454,17,153,101,204,197,262,,168,755,,564,279,,244,,172,211,922,7,,,16,82,201,899,185,266,487,,106,,,,,,,,,,,,,,,,,,,,,,,,,74,,,144,,698,,413,,,,,9,354,,332,62,,106,520,381,508,4,330,,,,,,,,,,,,,116,,137,14,84,656,,,,,,,,,,,,,,,,505,,,,133,,,,,,,,,142,,,,,,,,,,,,,,,,,,,,,,,,,,,444,196,396,582,,330,,,,219,261,42,,,,,,,,,,,,,,,,,,,149,27,,,,,,,,,3,155,311,,,,,,,,,,,,,,,,,,,,,,,,,,,121,,23,,183,,,,,183,,,323,68,,,,,,,,154,,,151,,,,,137,,,,37,,,156,,1028,15,100,12,,1,,,,,,,,,,,,,,,,,,,,,,580,62,120,,532,,315,279,448,180,,,,,123,,,,,,28,,,236,,276,144,72,78,280,314,192,297,721,192,68,,,,24,274,150,46,119,13,70,144,115,34,,,30,33,321,,199,27,,,,,,,,,,,,,,,,,,,,,,,,,,,,,,,,,,133,32,62,,133,280,89,427,164,184,,,259,,,,51,143,164,426,,,,,,,,,128,,368,,207,134,,,155,132
2026-10-09T18:25:01+00:00,146,,,,519,31,,93,216,,,130,,251,313,,169,,,,,,,417,155,317,,39,,,27,1710,,45,36,158,,,,,107,,,59,,30,,,,,,,342,,,,,,,43,,,,,113,,,14,25,,,,,377,,,70,130,,,,,,,,,,,,,,,,,,,,,,,,,,,,,,,,,,,,,,,,,,,,,,,,,,,,,,,,,,,,,,,,,,,,,,,,,,,,,,,,,,,,,,,,,,,358,,,63,,,519,,511,7,334,400,305,636,53,145,,97,84,,299,456,161,119,,136,14,86,670,,,,,,,,,,,,,,,,507,,7,82,,,,,,,,,,143,,,,,,,,,,,,,,,,,,,,,,,,,,,448,191,398,583,332,328,,,,222,263,43,,,,,,350,,,,,,,,,,,,,150,30,,,,,,,,,,156,313,,,18,,,,,,,,,,,,,,,,,,,,,,,,118,126,24,72,188,,56,,195,188,,,321,,,127,,21,,81,112,156,,,,,143,,89,,,24,,34,29,,157,,1031,11,101,14,,5,,,,,,,,,,,,,,,,,,,,,,584,61,123,,538,,,280,451,179,,,,138,,,,,,,,,,,,277,,,82,283,,193,299,724,193,73,669,107,,23,271,151,45,120,15,,147,123,30,,,,29,323,,,37,,,,,,,,,,,,,,,,,,,,,,,,,,,,,,,,,496,,33,53,,135,,90,429,167,189,,,262,,114,,,148,162,428,,,,,,,495,509,,,374,,209,,,,157,131
2026-10-09T18:30:01+00:00,148,,,,526,,,96,219,146,,122,,252,314,,168,,,,,,,416,157,320,,,,,30,1721,,46,,159,,,,,108,,,,,,,,,,,,,,,,,,,40,,,19,,,,,,21,13,,,,379,,,72,133,207,193,,120,191,199,,,,567,,206,,,194,,3,,,,285,,453,23,,104,,198,271,,,754,,582,282,,245,261,,213,924,,,,,86,207,901,,265,,55,105,,,,,,,,,,,,,,,,,,,,,,,,,81,,,141,,704,,420,,112,,627,,359,,333,65,,,516,,512,4,,,,,,,,,,,,,,121,,134,14,87,673,,,,,,,,,,,,,,,,513,,8,,,,,,,,,,,144,,,,,,,,,,,,,,,,,,,,,,,,,,,447,,400,587,,331,,,,,,46,,,,,,,,,,,,,,,,,,,,,,,,,,,,,,,,,,,,,,,,,,,,,,,,,,,,,,,,,,,,,,,,,,,,,,,,,,,,,,,,,,,,,,,,,,,,,,,,,,,,,,,,,,,,,,,,,,,,,,,,,,,,,,,,,,,,,,,,,,,,,,,,,,,,,,,,,,,,,,,,,,,,,,,,,,,,,,,,,,,,,,,,,,,,,,,,,,,,,,,,,,,,,,,,,,,,495,,,51,,141,282,,430,170,190,,,263,,115,,,149,163,430,181,,,,,,497,512,,,376,,208,,,,161,130
2026-10-09T18:30:02+00:00,,,,,,,,,,,,,,,,,,,,,,,,,,,,,,,,,,,,,,,,,,,,,,,,,,,,,,,,,,,,,,,,,,,,,,,,,,,,,,,,,,,,,,,,,,,,,,,,,,,,,,,,,,,,,,,,,,,,,,,,,,,,,,,,,,,,,,,,,,,,,,,,,,,,,,,,,,,,,,,,,,,,,,,,,,,,,,,,,,,,,,,,,,,,,,,,,,,,,,,,,,,,,,,,,,,,,,,,,,,,,,,,,,,,,,,,,,,,,,,,,,,,,,,,,,,,,,,,,,,,,,,,,,,,,,,,,,,,,,,,,,,152,31,,,,,,,,,,161,315,,,19,,,,,,,,,,,,,,,,,,,,,,,,117,,,,190,,,228,194,190,,,,71,,128,,,,,113,161,112,,,,146,,91,138,,,,33,,,,,,,,,,,,,,,,,,,,,,,,,,,,,,,,,,,,,,,,,,,,,,,,,,,,,,,,,,,,,,,,302,728,195,78,683,,29,22,270,152,46,121,,71,152,127,29,,,34,,,,200,42,,,,,,,,,,,,,,,,,,,,,,,,,,,,,,,,,,,,,,,,,,,,,,,,,,,,,,,,,,,,,,,,,,,,,,,
2026-10-09T18:35:01+00:00,151,274,,,525,32,,101,222,,,120,,254,317,,166,,,,,,463,,158,325,,,,,33,1726,,47,37,,,,,,,152,,,,29,,,,,,,,,,,,52,,38,,,,,118,,,13,,,,,,382,,,73,135,,,,,,,,,,,6,,386,110,192,432,6,219,,279,293,,455,21,,105,202,200,295,152,167,757,2,587,,,247,260,174,215,919,,,447,17,,,,,,,,,,,,,,,,,,,,,,,,,,,,,,,,,,,,,,,,,,,,,14,,528,332,66,,,518,,517,2,335,,303,635,57,147,219,101,,,,458,160,126,,138,14,,678,,,,,,,,,,,,,,,,514,,,83,,,,,,,,,,,,,,,,,,,,,,,,,,,,,,,,,,,,,449,192,,589,,329,,,,,261,47,,1178,,,,,,,,,,,,,,,,,153,32,,,,,,,,,,162,316,,,21,,,,,,,,,,,,,,,,,,,,,,,,120,,,,,,55,226,,,,,323,,,127,,19,,,,164,113,,150,,148,,95,137,,,,34,30,243,158,,1035,7,103,15,,3,,,,,,,,,,,,,,,,,,,,,,589,64,122,,536,,313,283,465,176,372,,,139,124,,,,,,29,,,237,,,,62,89,,317,,303,733,193,76,686,,28,19,267,,43,124,14,62,156,132,35,,,31,30,,,,47,,,,,,,,,,,,,,,,,,,,,,,,,,,,,,,,,494,,31,46,,144,284,,429,174,191,326,,264,,113,,50,156,164,,182,,100,69,,,498,,,,381,,,133,,,178,131
2026-10-09T18:40:01+00:00,153,,,,529,33,,107,224,149,,121,,257,318,,,,,,,,,419,161,328,,40,,,34,1728,,50,,,,,,,107,,,,,,,,,,,,,,,,,,,43,,,,,,,,,,,,,,383,0,,74,134,,192,,126,192,201,,,,,7,208,388,113,,438,,221,,,299,,454,24,154,,199,195,296,,165,759,4,,281,,245,,175,,926,,15,446,,85,210,904,186,264,491,,108,,,,,,,,,,,,,,,,,,,,,,,,,77,,,145,,705,,421,,108,,630,17,364,,330,67,,,521,382,523,4,332,,,,,,,,,,,,,128,,132,13,,686,,,,,,,,,,,,,,,,515,,,85,,,,,,,,,,146,,,,,,,,,,,,,,,,,,,,,,,,,,,,191,401,590,331,328,,,,223,262,48,,,,,,,,,,,,,,,,,,,156,36,,,,,,450,,,,,317,,,26,,,,,,,,,,,,,,,,,,,,,,,,125,127,,74,191,,,223,198,191,,,326,76,,126,,21,,80,,172,114,,151,,153,,97,,,,,,31,244,,,,0,102,19,,6,,,,,,,,,,,,,,,,,,,,,,,,,,,,,,,,,,,,,,,,,,,,,,,,,,,,,194,305,738,197,,692,104,,,,,,,,,,,,,,,,,,,,,,,,,,,,,,,,,,,,,,,,,,,,,,,,,,,,,,32,43,,146,,,,178,194,,,,,114,,,157,165,431,184,,,,,,499,516,,,383,,,134,,,180,132
2026-10-09T18:45:01+00:00,157,273,,,537,32,,,226,151,,117,,261,330,,164,,,,,,464,421,166,334,,39,,,36,1734,,51,38,,,,,,109,,,,,,,,,,,,,,,,,,,47,,,,,,,233,,22,,,,,387,,,,,203,196,,,198,202,,,,,,,,,,,,,,,,,,,,,,,,,,,,,,,,,,,,,,,,,,905,,266,492,,107,388,,,,,,,,,,,,,,,,,,,,,,,,75,,,147,,707,,423,,88,,631,19,,,,,,,525,,528,5,333,401,308,640,58,149,223,95,83,,,459,167,130,,129,13,89,688,,,,,,,,,,,,,,,,,,7,,,,,,,,,,,147,,,,,,,,,,,,,,,,,,,,,,,,,,,452,193,402,592,330,326,,,,,261,50,,,,,,352,,,,,,,,,,,,,157,,,,,,,,,,,161,,,,34,,,,,,,,,,,,,,,,,,,,,,,,136,128,,75,193,143,54,224,203,193,,,328,78,,125,,22,,,115,174,,,,,155,169,94,138,,25,132,33,29,,,,1033,5,106,17,,8,,,,,,,,,,,,,,,,,,,,,,602,,123,,535,,314,284,468,180,,,,140,,,,,,,30,,,238,,275,,56,91,,319,195,,740,196,,696,105,29,15,,,47,,,59,162,144,38,,,35,32,327,,,51,,,,,,,,,,,,,,,,,,,,,,,,,,,,,,,,,496,,33,47,,151,,91,,185,195,,,267,,115,,51,158,,,183,,,,,,500,522,,,386,,,135,,,186,133
2026-10-09T18:50:02+00:00,156,,,,540,,,111,228,,,114,,263,337,,160,,,,,,,422,174,337,,40,,,38,,,52,37,,,,,,108,151,,,,,,,,,,,,,,,,51,,46,,,,,120,,,,23,,,,,394,,,75,135,,,,,,,,,,568,12,206,391,117,193,450,4,222,,,307,,456,34,155,,,192,306,,166,,2,599,,,246,261,176,214,930,,,,20,,,,,,,,,,,,,,,,,,,,,,,,,,,,,,,,,,,,,,,,,,,,,20,370,527,333,68,,,530,383,531,7,329,,,,,,,,,,,,,131,,124,14,90,692,,,,,,,,,,,,,,,,516,,8,,134,,,,,,,,,,,,,,,,,,,,,,,,,,,,,,,,,,,,450,,403,593,334,324,,,,224,262,52,,1177,,,,,,,,,,,,,,,,,158,35,,,,,,,,,2,159,318,,,40,,,,,,,,,,,,,,,,,,,,,,,,140,,25,,195,144,,223,205,195,,1,329,82,,128,,,,,,178,115,,,,165,171,,136,,,133,,30,242,171,68,1034,1,101,21,,12,,,,,,,,,,,,,,,,,,,,,,608,65,128,,536,,,,478,185,373,,,142,125,,,,,,28,,,242,,274,,61,94,,320,196,304,742,199,,702,106,27,18,268,,46,125,15,57,165,141,42,,,31,33,329,,,61,,,,,,,,,,,,,,,,,,,,,,,,,,,,,,,,,,,65,41,,159,,,430,190,202,328,,,,,,,156,,,184,,,,,,501,519,,,391,,,136,,,188,
2026-10-09T18:55:02+00:00,,272,,,544,,,113,229,153,,109,,265,340,,,,,,,,463,,197,342,,39,,,,1739,,55,41,,,,,,,153,,,,,,,,,,,341,,,,,,,49,,,21,,122,,,,,,91,,,,,,76,136,202,195,,124,200,207,,,,,,,,,,,,,,,,,,,,,,,,,,,,,,,,,,,,,,,,86,211,910,185,267,493,,110,389,,,,,,,,,,,,,,,,,,,,,,,,81,,,146,,706,,424,,,,,22,371,,335,,,,533,384,539,9,331,,307,642,57,,,97,,,301,460,166,129,,123,14,92,695,,,,,,,,,,,,,,,,518,,6,87,,,,,,,,,,148,,,,,,,,,,,,,,,,,,,,,,,,,,,,197,,595,336,326,,,,,259,55,,,,,,350,,,,,,,,,,,,,160,36,,5,,,,,,,,163,319,,,,,,,,,,,,,,,,,,,,,,,,,,,149,,,77,197,,52,225,209,197,,,,84,,129,,24,,81,114,183,,,,,170,172,98,135,,26,,32,,,,,,,,,,,,,,,,,,,,,,,,,,,,,,,,611,,130,,533,,,,482,186,,,,,,,,,,,27,,,240,,275,,56,95,,321,,,744,200,,705,107,,,,,,,,,,,,,,,,,,,,,,,,,,,,,,,,,,,,,,,,,,,,,,,,,,,,,,,35,,163,,93,431,191,201,,,268,,121,,53,162,166,,186,,,,,,503,,,,394,,,137,,,193,
2026-10-09T19:00:02+00:00,,270,,,542,,,118,230,155,,105,,271,347,,,,,,,,466,424,212,343,,40,,,,1740,,56,,161,,,,,109,,,,,28,,,,,,,342,37,,,4,49,,,,,,,123,,,,,,,,,398,,,77,135,,,,,,,,,,,,201,395,118,190,451,7,,,281,322,,455,29,156,,198,195,320,,165,760,,,,112,,259,175,216,929,,14,447,22,,,,,,,,,,,,,,,,,,,,,,,,,,,,,,,,,,,,,,,,,,,,,25,,,338,,,,530,386,545,12,332,,,,,,,,,,,,,133,,128,14,93,699,,,,,,,,,,,,,,,,520,,5,,133,,,,,,,,,,,,,,,,,,,72,,,,,,,,,,,,,,,,,,199,,599,,321,,,,,260,56,,1176,,,,,,,,,,,,,,,,,161,35,,,,,,,,,,164,318,,,43,,,,,,,,,,,,,,,,,,,,,,,,152,,,79,198,145,,,211,198,,,331,,47,,,25,,,,187,,,,,171,173,99,,,27,134,,32,241,179,,1035,5,106,26,,14,,,,,,,,,,,,,,,,,,,,,,,,,,,,,,,,,,,,,,,,,,,,,,,,,,,,,,306,750,199,,708,108,28,24,275,149,49,128,,58,178,147,36,,,,,333,,202,60,,,,,,,,,,,,,,,,,,,,,,,,,,,,,,,,,496,,63,29,,165,285,,433,195,202,,,,,122,,54,168,,434,187,,,,,,,522,,,400,,209,136,,,201,132
2026-10-09T19:15:01+00:00,159,268,,,545,39,,135,237,159,,98,,,359,,163,,,,,,465,,223,353,,41,,,42,1747,,62,44,162,,,,,108,154,,58,,30,,,,,,,,,,,3,53,,57,,,20,,130,,,16,24,12,90,,,395,,,78,136,210,207,280,131,199,,,,,,11,,396,122,191,474,11,221,213,283,331,,458,32,,108,194,204,322,151,163,,6,614,282,,254,262,180,,936,,,446,21,87,215,918,187,266,497,56,114,387,,,,,,,,,,,,,,,,,,,,,,,,88,,,147,,711,,438,,89,,635,29,369,529,340,,,,546,389,553,18,335,,310,641,77,151,232,107,,,302,461,183,139,,131,12,97,711,,,,,,,,,,,,,,,,522,,9,89,,,,,,,,,,152,,,,,,,,,,,,,,,,,,,,,,,,,,,449,217,406,610,335,323,,,,225,253,58,,1178,,,,353,,,,,,,,,,,,,169,43,,7,,,,,,,,176,,,,59,,,,,,,,,,,,,,,,,,,,,,,,142,131,26,78,220,147,56,228,220,220,,,340,90,,136,,24,,80,118,198,116,,153,,185,177,,140,,28,,34,36,238,189,,1037,4,110,31,196,,,,,,,,,,,,,,,,,,,,,,,619,,136,,537,,316,288,488,187,374,,,,124,,,,,,31,,,244,,278,,,107,,323,,,,,,,,27,36,,,58,136,23,57,195,158,43,,,33,32,335,,203,65,,,,,,,,,,,,,,,,,,,,,,,,,,,,,,,,,,130,65,21,1,176,289,94,438,198,214,,,272,,131,,55,183,172,436,189,,,,,,504,527,,,409,,210,134,,,211,134
2026-10-09T19:15:02+00:00,,,,,,,,,,,,,,,,,,,,,,,,,,,,,,,,,,,,,,,,,,,,,,,,,,,,,,,,,,,,,,,,,,,,,,,,,,,,,,,,,,,,,,,,,,,,,,,,,,,,,,,,,,,,,,,,,,,,,,,,,,,,,,,,,,,,,,,,,,,,,,,,,,,,,,,,,,,,,,,,,,,,,,,,,,,,,,,,,,,,,,,,,,,,,,,,,,,,,,,,,,,,,,,,,,,,,,,,,,,,,,,,,,,,,,,,,,,,,,,,,,,,,,,,,,,,,,,,,,,,,,,,,,,,,,,,,,,,,,,,,,,,,,,,,,,,,,,,,,,,,,,,,,,,,,,,,,,,,,,,,,,,,,,,,,,,,,,,,,,,,,,,,,,,,,,,,,,,,,,,,,,,,,,,,,,,,,,,,,,,,,,,,,,,,,,,,,,,,,,,,,,,,,,,,,,,,,,,,,201,305,763,203,78,642,96,,,,,,,,,,,,,,,,,,,,,,,,,,,,,,,,,,,,,,,,,,,,,,,,,,,,,,,,,,,,,,,,,,,,,,,,,,,,,,,,,,,,,,,,,,
2026-10-09T19:30:02+00:00,157,,,106,561,42,,136,240,152,,105,,273,373,,167,,,,,,,427,238,361,,47,,,41,1750,25,59,50,164,,,,,113,155,,57,,,,,,,,,,,,,2,,,67,,,21,,136,,,14,,,,,,406,,,,139,213,208,,132,198,213,,,,,16,210,400,149,,465,16,223,,284,347,2,455,33,,106,196,208,320,,162,766,5,638,,113,257,260,179,218,939,,,447,27,89,,923,188,268,502,57,115,384,,,,,,,,,,,,,,,,,,,,,,,,95,,,144,,715,,441,,94,,636,30,373,528,346,,,108,566,396,562,25,337,,309,643,99,,233,115,85,,309,463,191,144,,124,14,101,729,,,,,,,,,,,,,,,,523,,12,87,136,,,,,,,,,,,,,,,,,,,73,,,,,,,,,,,,,,,,,450,212,,624,336,319,,,,227,258,59,,1184,,,,355,,131,,,,,,,,,,,173,46,,,,,,449,,,4,179,320,,,65,,,,,,,,,,,,,,,,,,,,,,,,158,130,30,85,235,148,58,224,224,235,,,344,94,,138,,,,,120,212,117,,154,,201,181,,,,30,133,35,,240,207,,1041,12,113,35,198,32,,,,,,,,,,,,,,,,,,,,,,631,66,137,85,534,,317,297,490,194,377,,,144,122,,,,,,38,,,249,11,,,66,128,,,203,307,774,199,84,653,98,26,38,274,,59,137,,62,,157,48,,,40,,337,,205,78,,,,,,,,,,,,,,,,,,,,,,,,,,,,,,,,,492,133,68,19,4,183,,96,465,199,223,,,273,,137,,64,190,173,434,193,,,,,,509,530,,,418,,212,135,,,221,137
2026-10-09T19:45:01+00:00,162,270,,105,565,46,,147,247,149,,106,238,278,378,,168,,,,,,,431,253,,,49,,,47,1753,26,68,55,168,,,,,117,,,55,,31,,,,,,,343,38,,,7,55,19,65,,,,7,139,,,13,25,,91,,,407,,,77,,228,211,281,136,200,214,,,,,13,208,,165,186,468,17,222,,285,354,3,,38,,103,198,220,,,,768,6,652,,,263,261,181,217,942,,,448,33,,,921,,270,509,,118,,,,,,,,,,,,,,,,,,,,,,,,,112,,,150,,719,,446,,98,,638,42,375,527,351,,,,582,403,573,33,342,402,317,655,133,154,239,124,,302,312,460,200,146,,127,14,103,747,,,,,,,,,,,,,,,,,,11,86,,,,,,,,,,,,,,,,,,,,,,,,,,,,,,,,,,,,,456,203,407,630,335,307,,18,,228,,62,,1187,,,,,,,,,,,,,,,,,181,49,,4,,,,448,,,8,203,,,,122,,,,,,,,,,,,,,,,,,,,,,,,178,131,33,87,245,,,227,234,245,,,345,110,,140,,26,,,127,213,118,,,,223,183,100,138,,,,36,37,,219,,1046,0,121,37,,44,,,,,,,,,,,,,,,,,,,,,,628,65,143,87,540,,315,,,195,,,,146,119,,,,,,39,,,255,17,285,,68,138,,,210,315,778,200,90,659,101,,,290,,62,140,,70,200,170,69,,,42,40,336,,204,121,,,,,,,,,,,,,,,,,,,,,,,,,,,,,,,,,494,134,75,52,13,188,,,470,,233,,,278,,139,,84,210,175,440,201,,,,,,510,541,,,428,,213,137,,,238,
2026-10-09T20:00:01+00:00,169,271,,,,49,,163,250,153,,108,,283,390,,175,,,,,,471,444,267,,,54,,,45,1756,27,67,57,169,,,,,118,,,56,,32,,,,,,,,,,,10,54,,72,,,22,20,144,,,14,26,,,,,414,,,80,167,249,216,283,137,,219,,,,,22,224,395,211,187,479,24,225,214,286,359,6,459,44,157,108,211,231,336,,159,,8,667,280,,266,260,178,223,,,12,,44,90,,929,187,271,511,,127,,,,,,,,,,,,,,,,,,,,,,,,,135,,,193,,721,,454,,160,,642,51,376,528,357,,,,607,410,578,36,347,,327,654,152,156,241,134,86,,,454,211,148,,126,13,111,760,,,,,,,,,,13,,,,,,,,12,85,,,,,,,,,,,,,,,,,,,,72,,,,,,,,,,,,,,,,,457,209,,641,336,302,,80,,229,265,64,,1188,,,,,,,,,,,,,,,,,184,52,1,7,,,,,,,12,237,321,,,202,,,,,,,,,,,,3,,,,,,,,,,,,189,130,37,86,262,149,,232,235,262,,,346,113,,149,,,,81,143,227,119,,,,240,,101,139,,34,,38,,241,217,67,1047,,134,44,,65,,,,,,,,,,,,,,,,,,,,,,,66,161,,547,,,,,220,379,,,145,117,,,,,,42,,,260,20,290,,63,157,,,216,318,779,205,98,667,103,31,47,296,,74,145,26,71,219,191,79,,,34,44,347,,205,152,,,,,,,,,,,,,,,,,,,,,,,,,,,,,,,,,,135,95,81,11,197,290,97,476,200,236,,,,,144,,87,247,177,441,205,,,,,,511,549,,,435,,214,,,,250,
2026-10-09T20:15:02+00:00,174,,,,572,53,,188,257,157,,131,,292,420,,199,,,,,,473,458,295,,,59,,,48,1759,,68,58,,,,,,125,,,,,35,,,,,,,342,,,,13,55,,77,,,23,25,,,,16,24,11,,,,419,,,82,247,262,222,,140,,227,,,,570,20,235,405,228,190,,33,226,217,282,364,8,461,38,158,,208,237,354,,,770,20,676,283,,272,261,181,230,944,,,450,45,,,,,,,,,,,,,,,,,,,,,,,,,,,,,,,,,147,,,197,,725,,458,,166,,644,69,381,531,361,,,107,645,413,585,60,353,,331,657,176,157,246,145,84,,,443,221,153,,123,13,118,771,,,,,,,,,,42,,,,,,,,,89,,,,,,,,,,,,,,,,,,,,,,,,,,,,,,,,,,,,,464,211,,648,,305,17,103,,232,264,68,,1252,,,,,,,,,,,,,,,,,,,,,,,,,,,,,,,,,,,,,,,,,,,,,,,,,,,,,,,,196,,39,92,283,,57,234,241,283,37,,348,120,46,156,,,,82,145,234,,,155,,249,,103,140,,,,39,35,0,252,68,1050,5,140,56,,77,,,,,,,,,,,,,,,,,,,,,,643,65,167,,591,,317,301,,234,378,,,144,120,,,,,,45,,,267,23,,,70,173,,326,,319,787,208,108,691,104,33,54,310,150,77,149,24,77,227,206,102,,,41,51,344,,204,206,,,,,,,,,,,,,,,,,,,,,,,,,,,,,,,,,,137,111,94,14,204,291,98,481,,242,,,280,,,,91,297,,447,214,,,,,,512,551,,,456,,,,,,267,143
2026-10-09T20:30:01+00:00,173,276,,,580,51,,198,261,164,,138,,296,438,,217,,,,,,471,462,324,,,61,,,50,1761,,79,63,,,,,0,129,,,,,,,,,,,,353,,,,17,,,74,,,24,39,167,,,,26,,,,,421,,,95,257,271,223,,143,199,230,,,,,19,238,409,237,188,491,43,225,,,381,12,,45,,110,218,253,348,153,161,771,28,686,,112,277,262,183,223,950,,,,46,92,,937,190,277,509,,144,387,,,,,,,,,,,,,,,,,,,,,,,,148,,,200,,724,,475,,169,,642,158,414,534,377,,,109,742,420,593,164,358,,333,662,221,160,250,153,85,303,313,441,224,156,,134,14,123,786,,,,,,,,,,68,,,,,,522,,10,92,138,,,,,,,,,154,,,,,,,,,,71,,,,,,,,,,,,,,,,,,241,,650,337,308,52,117,,234,271,73,,1329,,,,,,,,,,,,,,,,,,,,,,,,,,,,,,,,,,,,,,,,,,,,,,,,,,,,,,,,191,131,42,98,293,,58,242,,293,,,346,125,,158,,27,,,173,240,120,,,,269,184,,,,,,40,38,,277,69,1073,7,147,60,199,86,,,,,,,,,,,,,,,,,,,,,,664,64,170,,606,,,304,,247,379,,,145,123,,,,,,48,,,273,29,,,90,188,,327,220,320,796,,117,693,105,34,65,312,,90,150,29,86,237,218,133,,,56,60,347,,,231,,,,,,,,,,,,,,,,,,,,,,,,,,,,,,,,,497,139,120,109,13,217,,,483,,,,,279,,146,4,,302,183,448,217,,,,,,513,549,,,463,,215,136,,641,,153
2026-10-09T20:45:01+00:00,177,274,,,587,54,,211,270,167,,141,,299,447,,239,,,,,,476,467,343,,,63,,,48,1784,,84,64,171,,,,,131,154,,,,36,,,,,,,357,,,,,56,,84,,,,50,221,,,14,30,,90,,,428,,,98,297,311,,,148,,234,,,,,32,245,418,243,,499,42,224,218,283,390,16,463,56,157,111,229,261,343,152,164,,37,704,,111,283,264,182,222,,,11,,,93,,945,,280,511,,146,386,,,,,,,,,,,,,,,,,,,,,,,,153,,,205,,725,,477,,,,643,201,424,535,380,,,110,812,421,599,213,363,,340,674,338,161,258,161,,305,311,428,219,157,,145,15,125,832,,,,,,,,,,81,,,,,,521,,11,96,139,,,,,,,,,155,,,,,,,,,,72,,,,,,,,,,,,,,,,,,258,,657,,320,115,121,,,275,71,,1380,,,,,,,,,,,,,,,,,,,,,,,,,,,,,,,,,,,,,,,,,,,,,,,,,,,,,,,,185,132,45,100,308,,59,240,247,308,,,348,133,,166,,30,,81,176,252,121,,154,,283,,104,141,,,,,40,,296,,1088,10,150,67,,92,,,,,,,,,,,,,,,,,,,,,,659,63,174,,,,316,312,,259,377,,,144,122,,,,,,51,,,280,57,,,133,206,,330,223,,800,212,121,694,104,,76,314,,96,,,80,258,228,151,,,77,63,,,,249,,,,,,,,,,,,,,,,,,,,,,,,,,,,,,,,,503,140,131,116,17,235,293,99,489,,251,,,278,,154,9,96,312,186,453,227,,,,,,,559,129,,482,,,,,,289,154
2026-10-09T21:00:02+00:00,181,,,,589,,,220,278,230,,143,237,301,444,,269,,,,,,473,471,348,,,67,,,50,1788,,87,66,,,,,,134,155,,55,,35,,,,,,,355,39,,,16,,,81,,,,59,232,,,,35,,,,,430,,,94,314,355,,,153,200,,,,,,43,247,426,248,191,503,43,,,284,404,17,464,62,,,233,269,341,,,,45,708,282,110,286,265,183,218,954,,,451,49,94,,946,191,,,,149,388,,,,,,,,,,,,,,,,,,,,,,,,164,,,211,,727,,482,,176,,647,,,,,,,,,,,,,,345,679,368,162,260,169,86,,309,431,212,160,,148,14,127,846,,,,,,,,,,116,,,,,,523,,13,99,146,,,,,,,,,157,,,,,,,,,,,,,,,,,,,,,,,,,,,463,263,408,659,,319,147,122,,236,274,72,,,,,,,,,,,,,,,,,,,,,,,,,,,,,,,,,,,,,,,,,,,,,,,,,,,,,,,,,,201,,44,103,334,,62,,291,334,,17,350,138,,168,,29,19,84,182,259,122,,155,,292,185,106,,,35,,,48,,328,68,1123,16,163,80,,107,,,,,,,,,,,,,,,,,,,,,,664,66,175,,607,,315,314,,262,,,,,121,,,,,,56,,,281,66,,,159,221,,331,224,322,804,214,131,,105,,85,317,,102,154,34,87,266,232,170,,,82,65,349,,,254,,,,,,,,,,,,,,,,,,,,,,,,,,,,,,,,,513,,135,147,19,245,294,100,544,201,254,,,277,,163,15,97,322,189,456,,,,,,,,569,130,,491,,216,135,,,302,155
2026-10-09T21:15:02+00:00,,276,,,604,56,,224,283,313,,152,,310,448,,280,,,,,,,473,357,,,66,,,52,,,84,,,,,,,136,157,,,,37,,,,,,,356,40,,,17,55,,82,,,,61,233,,,,34,12,89,,,437,,,95,324,366,,,155,,235,,,,,51,252,438,255,189,512,46,223,219,283,413,,,69,,113,235,278,344,151,165,,49,726,283,109,290,268,,222,951,,10,453,53,,,947,,279,510,,153,389,,,,,,,,,,,,,,,,,,,,,,,,177,,,220,,728,,484,,181,,649,242,427,537,398,,,113,850,,606,242,383,,351,681,396,,261,174,,304,311,415,217,163,,165,14,129,855,,,,,,,,,,121,,,,,,,,,97,150,,,,,,,,,159,,,,,,,,,,,,,,,,,,,,,,,,,,,462,274,409,660,338,331,170,124,,,278,76,,1384,,,,,,,,,,,,,,,,,,,,,,,,,,,,,,,,,,,,,,,,,,,,,,,,,,,,,,,,258,,46,109,360,,66,249,367,360,,24,352,143,,166,,28,,83,186,267,123,,,,300,,,,,,,,56,,343,,1132,12,171,87,,119,,,,,,,,,,,,,,,,,,,,,,685,69,177,,610,,316,317,,265,,,,145,120,,,,,,54,,,285,74,,,187,233,,330,245,347,818,216,135,,,,93,321,,109,158,36,86,281,239,199,,,101,67,352,,,274,,,,,,,,,,,,,,,,,,,,,,,,,,,,,,,,,518,,142,175,24,254,296,,556,,260,,,279,,165,19,,326,191,461,228,,,,,,,570,,,508,,218,,,,318,157
2026-10-09T21:30:01+00:00,183,,,,618,57,,228,285,328,,166,,316,455,,283,,,,,,475,,364,,,68,,,54,,,85,67,,,,,,139,158,,,,,,,,,,,,,,,,56,,84,,,23,66,234,,,,35,,,,,435,,,,332,365,,,156,,,,,,,64,262,440,261,192,523,52,222,,,420,20,465,61,158,115,241,286,363,,171,773,57,741,,107,293,267,,228,955,,,,62,,,,190,,513,,152,388,,,,,,,,,,,,,,,,,,,,,,,,192,,,227,,729,,486,,186,,651,262,429,541,405,,,109,871,422,608,259,390,407,357,682,413,161,,185,91,,,410,215,166,,172,14,133,861,,,,,,,,,,130,,,,,,,,,,152,,,,,,,,,,,,,,,,,,,,,,,,,,,,,,,,,,,,464,289,,661,,339,202,,,237,279,83,,1386,,,,,,,,,,,,,,,,,,,,,,,,,,,,,,,,,,,,,,,,,,,,,,,,,,,,,,,,283,135,,112,368,,69,253,413,368,,,351,144,,169,,,,84,193,269,,,,,302,,107,,,,,,57,,370,,1138,4,177,99,,142,,,,,,,,,,,,,,,,,,,,,,691,75,,,606,,,316,,268,378,,,146,,,,,,,56,,,286,77,,,200,241,,329,251,352,819,222,148,697,,32,102,327,151,111,159,37,84,286,242,208,,,112,72,357,,205,286,,,,,,,,,,,,,,,,,,,,,,,,,,,,,,,,,521,,149,181,30,262,297,,558,,262,,,277,,168,23,,345,,,227,,,,,,,576,,,514,,,,,,321,160
2026-10-09T21:45:01+00:00,184,277,,,625,,,234,290,331,,181,,321,456,,,,,,,,477,,365,,,,,,,1789,,87,,,,,,,,,,,,38,,,,,,,355,,,,19,,,85,,,,71,,,,16,,,,,,434,,,94,335,367,,,157,,236,,,,,62,272,447,268,190,535,56,221,,284,434,17,466,73,,,246,287,375,,,776,60,756,,,296,269,,231,,,,,63,,,948,,280,519,,151,,,,,,,,,,,,,,,,,,,,,,,,,205,,,237,,,,488,,189,,652,276,430,,408,,,112,891,424,610,270,,408,364,686,420,165,265,191,,303,318,408,214,168,,177,14,134,867,,,,,,,,,,139,,,,,,,,15,98,,,,,,,,,,158,,,,,,,,,,,,,,,,,,,,,,,,,,,,298,,664,,342,226,126,,,280,89,,1373,,,,,,,,,,,,,,,,,,,,,,,,,,,,,,,,,,,,,,,,,,,,,,,,,,,,,,,,290,136,47,116,371,,70,252,423,371,,26,,,,,,31,,85,194,273,,,154,,,,106,,,,,,65,,382,,1142,7,,100,,150,,,,,,,,,,,,,,,,,,,,,,695,77,178,,605,,318,315,,273,,,,,,,,,,,58,,,291,81,,,222,246,,328,254,354,823,228,156,,,28,118,331,,113,,41,87,294,254,220,,,130,76,362,,,295,,,,,,,,,,,,,,,,,,,,,,,,,,,,,,,,,,,,194,29,268,,,560,201,264,,,276,,170,32,,,,462,228,,,,,,,586,,,522,,,137,,,322,161
2026-10-09T22:00:01+00:00,185,278,,,634,,,240,292,341,,183,,327,460,,,,,,,,,,369,,,69,,,53,,,88,,172,,,,,,,,,,,,,,,,,,,,,25,,,86,,,,72,165,,,,37,,,,,435,,,,338,368,,,155,199,237,,,,,71,281,453,271,188,547,59,,,286,440,19,,74,,,262,295,393,,174,778,62,762,,108,295,267,184,236,953,,,,70,,,949,,,,,152,389,,,,,,,,,,,,,,,,,,,,,,,,212,,,246,,730,,493,,194,,655,290,431,540,,,,111,906,425,,272,396,,370,690,430,,266,198,,,319,405,217,173,,,14,,878,,,,,,,,,,148,,,,,,,,,,,,,,,,,,,,,,,,,,,,,71,,,,,,,,,,,,,,,,,465,305,,,342,352,265,128,,233,286,90,,,,,,,,,,,,,,,,,,,,,,,,,,,,,,,,,,,,,,,,,,,,,,,,,,,,,,,,,,292,,,115,378,,68,,427,378,,27,,,,,,32,,84,,275,,,,,,,107,,,,135,,70,,401,,1144,12,179,102,,152,,,,,,,,,,,,,,,,,,,,,,689,80,,,600,,,316,,276,379,,,145,,,,,,,,,,293,86,,,241,251,,,255,356,826,229,162,,,,,333,,118,160,44,89,303,262,233,,,143,77,361,,,296,,,,,,,,,,,,,,,,,,,,,,,,,,,,,,,,,531,139,153,,24,276,298,,561,,,,,275,,,36,,346,194,464,,,,,,,514,596,,,527,800,,,,,329,165
2026-10-09T22:15:02+00:00,188,279,,,641,,,241,293,351,,190,,329,462,,284,,,,,,487,,370,,,,,,54,1792,,,,,,,,,140,159,,,,,,,,,,,,,,,24,57,,,,178,,76,,,,,38,13,90,,,434,,,,342,,,,156,,,,,,569,73,284,455,272,186,552,62,,,,447,21,,78,159,116,,299,407,,175,779,63,,,113,298,268,186,237,955,,,455,,,,,,,525,,153,388,,,,,,,,,,,,,,,,,,,,,,,,220,,,247,,,,496,,196,,,302,433,,410,,,,923,421,613,277,398,,379,699,443,,267,203,,304,255,396,222,176,,186,14,136,881,,,,,,,,,,156,,,,,,,,16,,,,,,,,,,,157,,,,,,,,,,73,,,,,,,,,,,,,,,,,,312,,,,359,303,127,,,288,84,,,,,,,,,,,,,,,,,,,,,,,,,,,,,,,,,,,,,,,,,,,,,,,,,,,,,,,,,,297,,,,384,,,254,430,384,,28,352,146,,174,,33,,,,279,,,155,,,,,,,38,,41,73,,414,67,1150,2,182,104,,156,,,,,,,,,,,,,,,,,,,,,,,81,,,586,,319,315,,279,,,,,126,,,,,,59,,,294,90,,,244,252,,,257,,823,235,167,,,25,123,334,,119,,45,90,308,270,250,,,159,79,,,261,300,,,,,,,,,,,,,,,,,,,,,,,,,,,,,,,,,532,140,,224,29,288,,,562,,,,,,,,40,,352,,,,,,,,,,601,,,531,,,139,,,337,166
2026-10-09T22:30:02+00:00,191,277,,,645,,,244,,355,,198,238,335,,,,,,,,,489,,371,,,70,,,55,1795,,,,173,,,,,,160,,,,,,,,,,,,39,,,25,,,87,,,,79,166,,,,40,,,,,439,,,,346,369,,,157,200,,,,,,74,290,462,280,187,561,66,,,333,458,,467,93,,117,265,306,443,,176,,66,775,,114,301,,188,243,951,,,,74,,,,,,527,,152,389,,,,,,,,,,,,,,,,,,,,,,,,228,,,254,,,,499,,198,,,307,430,,412,,,,934,422,,284,400,,378,701,449,,269,211,93,,256,399,221,,,190,14,137,885,,,,,,,,,,157,,,,,,,,,99,,,,,,,,,,,,,,,,,,,,,,,,,,,,,,,,,,,,,,320,,,,367,340,128,,,291,82,,1371,,,,,,,,,,,,,,,,,,,,,,,,,,,,,,,,,,,,,,,,,,,,,,,,,,,,,,,,,,,,387,,69,255,435,387,,,,,,175,,,,,,280,,,,,,,,,,,,,,,,,,,,,,,,,,,,,,,,,,,,,,,,,,,,,,180,,588,,320,322,,281,,,,,127,,,,,,62,,,297,91,,,267,255,,,258,355,825,237,,,106,,,339,,122,,46,89,314,273,260,,,178,,364,,,309,,,,,,,,,,,,,,,,,,,,,,,,,,,,,,,,,533,,156,229,30,,,,,,,,,276,,172,42,,353,,465,229,,,,,,,606,,,532,,,,,,340,
2026-10-09T22:45:02+00:00,192,279,58,106,648,,,252,295,358,,201,,336,464,,290,,,,,,490,,,,,,,,,1798,,86,,,,,,,141,,,,,,,,,,,,356,41,,,24,,,,,,,84,167,,,,41,,89,,,440,,,,,,,,158,,,,,,,92,293,467,279,191,572,69,,,332,465,20,,98,158,,270,311,458,150,,,,771,284,,304,272,187,244,955,,,,75,,,,,,529,,154,,,,,,,,,,,,,,,,,,,,,,,,,235,,,252,,,,502,,200,,,309,432,541,414,,,110,949,,,289,401,409,385,704,453,,270,214,,,259,405,227,177,,200,14,,887,,,,,,,,,,162,,,,,,,,,,,,,,,,,,,158,,,,,,,,,,,,,,,,,,,,,,,,,,,,327,,663,341,373,374,,,234,294,79,,1372,,,,,,,,,,,,,,,,,,,,,,,,,,,,,,,,,,,,,,,,,,,,,,,,,,,,,,,,298,137,48,118,392,,68,,438,392,,,,,,177,,,,,,281,,,,,,,,,,,,,,,,,,,,,,,,,,,,,,,,,,,,,,,,,,,,691,82,181,,597,,,323,,,380,,,144,,,,,,,67,,,298,94,,,284,256,,,263,357,,239,168,698,,24,125,,,123,161,47,87,318,277,266,,,191,,,,,312,,,,,,,,,,,,,,,,,,,,,,,,,,,,,,,,,535,,159,240,29,295,,,,201,,,,278,,173,43,,360,,466,231,,,,,,,607,,,534,,,,,,342,
2026-10-09T23:00:01+00:00,193,281,,,650,,,254,296,,,206,,340,465,,296,,,,,,,,372,,,71,,,,1800,,85,68,,,,,,,,,,,,,,,,,,,,,,25,,,91,,,24,86,,,,,43,,,,,443,,,,347,,,,,,,,,,568,96,,469,280,194,575,75,,,,470,21,,106,156,116,277,,471,,,,,770,,115,306,270,189,247,960,,,,,,,,,,,,,390,,,,,,,,,,,,,,,,,,,,,,,,242,,,257,,,,,,204,,,311,,540,417,,,,961,426,614,303,405,,390,707,458,167,272,217,,,,407,226,179,,208,14,139,888,,,,,,,,,,167,,,,,,,,,,,,,,,,,,,,,,,,,,,,,,,,,,,,,,,,,,,,,,,331,,,,379,410,127,,,295,82,,,,,,,,,,,,,,,,,,,,,,,,,,,,,,,,,,,,,,,,,,,,,,,,,,,,,,,,,,310,,,,395,,67,256,,395,,,,148,,176,,,,,195,283,,,,,,,,,,,,,,,,,,,,,,,,,,,,,,,,,,,,,,,,,,,,700,,183,,600,,321,325,,283,,,,143,128,,,,,,68,,,,,,,299,261,,,265,,,241,172,,,,130,340,,125,,,89,322,278,270,,,203,,366,,260,321,,,,,,,,,,,,,,,,,,,,,,,,,,,,,,,,,,139,164,253,35,303,,,564,,,,,277,,174,48,,363,196,468,,,,,,,,610,,,536,,,,,,344,
2026-10-09T23:15:02+00:00,195,,,,654,58,,255,,,,215,,341,466,,,,,,,,491,,,,,,,,56,1802,,89,,,,,,,,,,,,,,,,,,,,,,,24,56,,95,,,,90,166,,,,46,,,,,,,,,,373,,,,,,,,,,106,294,470,282,195,578,76,,,,476,,,120,,,280,316,483,,,,,778,,,,276,,257,959,,,,76,,,,,,530,,,,,,,,,,,,,,,,,,,,,,,,,,,247,,,261,,,,,,209,,,314,431,541,418,,,,971,430,,314,407,,396,713,464,,273,220,,,264,413,228,,,215,14,,887,,,,,,,,,,170,,,,,,,,,,,,,,,,,,,,,,,,,,,,,,,,,,,,,,,,,,,,,,464,332,,,343,383,440,,,,296,,,,,,,,,,,,,,,,,,,,,,,,,,,,,,,,,,,,,,,,,,,,,,,,,,,,,,,,,,,316,138,47,119,397,,,,,397,,,351,150,,,,,,,,284,,,,,,,,142,,,,,81,,455,,1163,31,189,108,,186,,,,,,,,,,,,,,,,,,,,,,708,,,,620,,,323,,,,,,144,,,,,,,69,,,299,,,,303,,,,267,,824,242,174,,,,136,343,,129,,,94,323,286,279,,,211,,368,,,324,,,,,,,,,,,,,,,,,,,,,,,,,,,,,,,,,,141,166,263,37,304,,,,,,,,,,175,,,366,,,,,,,,,,612,,,541,,,,,,343,
2026-10-09T23:30:02+00:00,196,,,,658,60,,,,,,223,,340,468,,304,,,,,,492,472,,,,,,,,,,95,,,,,,,,,,,,,,,,,,,,,,,25,55,,98,,,,92,,,,,,,90,,,,,,96,,,,,,,,,197,,,116,,475,283,,582,,,,,480,23,468,121,157,117,284,,484,,,,67,780,,,307,285,,259,963,,,,,,,,200,,,,157,,,,,,,,,,,,,,,,,,,,,,,,,254,,,262,,,,,,212,,,315,432,,419,,,111,973,431,,337,410,,,716,,,,221,,,,418,230,,,220,14,,889,,,,,,,,,,171,,,,,,,,,101,,,,,,,,,,,,,,,,,,,,,,,,,,,,,,,,,,,,,,333,,,,388,455,,,,,,,,,,,,,,,,,,,,,,,,,,,,,,,,,,,,,,,,,,,,,,,,,,,,,,,,,,,,,,,323,,48,,407,,,,,407,,,353,,,,,,,,,286,,,,,,,,,,,,,,,,,,,,,,,,,,,,,,,,,,,,,,,,,,,,719,,,,647,,322,326,,,383,,,,127,,,,,,70,,,,95,,,314,260,,,268,358,827,244,,,107,27,140,344,,130,,48,98,325,290,285,,,224,,,,261,333,,,,,,,,,,,,,,,,,,,,,,,,,,,,,,,,,,140,148,274,38,305,,,,201,,,,,,,,,,,,232,,,,,,,,,,,,,,,,,
2026-10-09T23:45:01+00:00,,282,,,664,,,256,297,,,230,,,470,,306,,,,,,,,,,,72,,,55,,,97,,,,,,,,,,,,,,,,,,,,,,,,56,,,,,,93,168,,,,,,,,,,,,,,372,,,,,,,198,,,121,295,,284,196,590,77,,,,485,,,134,,,283,320,,149,177,,,782,,,,279,188,264,961,,,,,,,,,,,,162,,,,,,,,,,,,,,,,,,,,,,,,,256,,,268,,,,503,,213,,,317,431,,421,,,110,978,,,340,,,404,718,468,,,222,,,263,419,233,,,225,14,,888,,,,,,,,,,176,,,,,,,,17,,,,,,,,,,,,,,,,,,,,,,,,,,,,,,,,,,,,,,,334,,,,389,465,,,,,,,,,,,,,,,,,,,,,,,,,,,,,,,,,,,,,,,,,,,,,,,,,,,,,,,,,,,,,,,331,,49,,413,,,253,440,413,,,,,,177,,,,,196,,,,,,,,,,,,,,,,,,,,,,,,,,,,,,,,,,,,,,,,,,,,,725,,,,654,,,327,,,382,,,,,,,,,,,,,,93,,,322,262,,329,267,,,249,175,,,,,,,131,,,97,,292,286,,,226,,370,,,335,,,,,,,,,,,,,,,,,,,,,,,,,,,,,,,,,,141,147,285,,,,,,,,,,278,,,49,,367,,,,,,,,,,616,,,542,,,138,,,344,
