timestamp,bonn-bcp-parken-Rabinstrasse,bonn-bcp-parken-beethoven,bonn-bcp-parken-beetplatz,bonn-bcp-parken-bike-ride,bonn-bcp-parken-friedensplatz,bonn-bcp-parken-hauptbahnhof,bonn-bcp-parken-karstadt,bonn-bcp-parken-markt,bonn-bcp-parken-muensterplatz,bonn-bcp-parken-operngarage,bonn-bcp-parken-rheinaue,bonn-bcp-parken-stadthaus,bonn-bcp-parken-stadthaus-unten,bonn-bcp-parken-unigarage,braunschweig-parken-Parkhaus-Eiermarkt,braunschweig-parken-Parkhaus-Forschungsflughafen,braunschweig-parken-Parkhaus-Lange-Str-Nord,braunschweig-parken-Parkhaus-Magni,braunschweig-parken-Parkhaus-Packhof,braunschweig-parken-Parkhaus-Ring-Center,braunschweig-parken-Parkhaus-Schloss,braunschweig-parken-Parkhaus-Schutzenstrasse,braunschweig-parken-Parkhaus-Wallstrasse,braunschweig-parken-Parkhaus-Wilhelmstrasse,dresden-parken-Altmarkt,dresden-parken-Altmarkt-Galerie,dresden-parken-Ammonstrasse-Bus,dresden-parken-An-der-Frauenkirche,dresden-parken-Bahnhof-Neustadt,dresden-parken-Bluherstrasse,dresden-parken-Budapester-Strasse,dresden-parken-Centrum-Galerie,dresden-parken-Cossebaude,dresden-parken-Ferdinandplatz,dresden-parken-Fidelio-F-Finke-Strasse,dresden-parken-Frauenkirche-Neumarkt,dresden-parken-Freiberger-Platz,dresden-parken-GALERIA-Karstadt-Kaufhof,dresden-parken-Gompitz,dresden-parken-Grenzstrasse,dresden-parken-Haus-am-Zwinger,dresden-parken-Kaditz,dresden-parken-Klotzsche,dresden-parken-Kongresszentrum,dresden-parken-Kraftwerk-Mitte,dresden-parken-Langebruck,dresden-parken-Lindengasse,dresden-parken-Lingnerallee,dresden-parken-MESSE-DRESDEN-Parkplatz-P7,dresden-parken-Ostra-Allee,dresden-parken-Ostra-Ufer,dresden-parken-Palaisplatz,dresden-parken-Parkhaus-Mitte,dresden-parken-Pennrich,dresden-parken-Pieschener-Allee-Bus,dresden-parken-Pirnaische-Strasse,dresden-parken-Pirnaischer-Platz,dresden-parken-Prohlis,dresden-parken-Reick,dresden-parken-Reitbahnstrasse,dresden-parken-SP1-Strassburger-Platz,dresden-parken-SachsenEnergie-Center,dresden-parken-Sarrasanistrasse,dresden-parken-Schiessgasse,dresden-parken-Semperoper,dresden-parken-Stadtforum-Dresden,dresden-parken-Strehlener-Strasse,dresden-parken-Taschenbergpalais,dresden-parken-Terrassenufer,dresden-parken-Terrassenufer-Bus,dresden-parken-Theresienstrasse,dresden-parken-Weissig,dresden-parken-Weixdorf-Bad,dresden-parken-Wiener-Platz-Hauptbahnhof,dresden-parken-Wiesentorstrasse,dresden-parken-Wigardstrasse,dresden-parken-Wohrl-Florentinum,dresden-parken-World-Trade-Center,ffh-parken-bad-homburg-Am-Bahnhof,ffh-parken-bad-homburg-Louisen-Arkaden,ffh-parken-bad-homburg-Parkgarage-Karstadt,ffh-parken-bad-homburg-Parkgarage-Kurhaus,ffh-parken-bad-homburg-Parkgarage-Rathaus,ffh-parken-bad-homburg-Parkgarage-Schloss,ffh-parken-bad-homburg-Parkhaus-La-Vie,ffh-parken-bad-homburg-Parkhaus-am-Guterbahnhof,ffh-parken-bad-homburg-Parkhaus-am-Markt,ffh-parken-frankfurt-Aculeum,ffh-parken-frankfurt-Alt-Sachsenhausen,ffh-parken-frankfurt-Alte-Oper,ffh-parken-frankfurt-Am-Gericht,ffh-parken-frankfurt-Am-Theater,ffh-parken-frankfurt-Baseler-Platz,ffh-parken-frankfurt-Borse,ffh-parken-frankfurt-Burgerhaus-Bornheim,ffh-parken-frankfurt-Congresscenter-Messe-Frankfurt-Maritim-Hotel,ffh-parken-frankfurt-Friedrichsheim,ffh-parken-frankfurt-Gateway-Garden,ffh-parken-frankfurt-Goetheplatz,ffh-parken-frankfurt-Hafenpark-Quartier-NORD,ffh-parken-frankfurt-Hauptbahnhof-Sud,ffh-parken-frankfurt-Hauptwache,ffh-parken-frankfurt-Hotel-Intercontinental,ffh-parken-frankfurt-Hotel-Movenpick,ffh-parken-frankfurt-Junghofstrasse,ffh-parken-frankfurt-Konrad-Adenauer-Strasse,ffh-parken-frankfurt-Konstabler,ffh-parken-frankfurt-Mainzer-Landstrasse,ffh-parken-frankfurt-Mayfarth-Quartier,ffh-parken-frankfurt-Messeturm,ffh-parken-frankfurt-Mousonturm,ffh-parken-frankfurt-MyZeil-PalaisQuartier,ffh-parken-frankfurt-Opernturm,ffh-parken-frankfurt-Ordnungsamt,ffh-parken-frankfurt-P-R-Haus-Borsigallee,ffh-parken-frankfurt-P-R-Kalbach,ffh-parken-frankfurt-Parkhaus-Konigsteiner-Strasse,ffh-parken-frankfurt-Schiller-Passage,ffh-parken-frankfurt-Universitatsklinikum-Innengelande,ffh-parken-frankfurt-Universitatsklinikum-P2,ffh-parken-frankfurt-Universitatsklinikum-P5,ffh-parken-frankfurt-Universitatsklinikum-Sandhofstrasse,ffh-parken-frankfurt-Untermainanlage,ffh-parken-kassel-Atrium,ffh-parken-kassel-City-Point,ffh-parken-kassel-Friedrichsplatz,ffh-parken-kassel-Galeria,ffh-parken-kassel-Herkules-Besucherzentrum,ffh-parken-kassel-Kurfursten-Galerie,ffh-parken-kassel-Martinskirche,ffh-parken-kassel-Rathaus,ffh-parken-kassel-Schloss-Wilhelmshohe,ffh-parken-kassel-Wilhelmsstrasse,ffh-parken-mannheim-C1-Hauptverwaltung-MPB-Parkhaus,ffh-parken-mannheim-Collini-Center-Mulde-Parkplatz,ffh-parken-mannheim-D3-Tiefgarage,ffh-parken-mannheim-D5-Reiss-Museum-Tiefgarage,ffh-parken-mannheim-G1-Marktplatz-Tiefgarage,ffh-parken-mannheim-H6-Tiefgarage,ffh-parken-mannheim-Hauptbahnhof-P1-Tiefgarage,ffh-parken-mannheim-Hauptbahnhof-P2-Parkhaus,ffh-parken-mannheim-Hauptbahnhof-P3-Parkhaus,ffh-parken-mannheim-Hauptbahnhof-P5-Parkhaus,ffh-parken-mannheim-Klinikum-P3-Parkplatz,ffh-parken-mannheim-Klinikum-Tiefgarage,ffh-parken-mannheim-M4a-Parkplatz,ffh-parken-mannheim-N1-N2-Stadthaus-Parkhaus,ffh-parken-mannheim-N6-Komforthaus,ffh-parken-mannheim-N6-Standardhaus,ffh-parken-mannheim-SAP-Arena-P1-Parkplatz,ffh-parken-mannheim-SAP-Arena-P2-Parkplatz,ffh-parken-mannheim-SAP-Arena-P3-Parkplatz,ffh-parken-mannheim-SAP-Arena-P6-P8-Parkplatz,ffh-parken-mannheim-U2-Tiefgarage,ffh-parken-wiesbaden-PH-City-II,ffh-parken-wiesbaden-PH-Coulinstr,ffh-parken-wiesbaden-PH-Galeria-Kaufhof,ffh-parken-wiesbaden-PH-Karstadt,ffh-parken-wiesbaden-PH-Kurhaus-Casino,ffh-parken-wiesbaden-PH-Lili,ffh-parken-wiesbaden-PH-Luisenforum,ffh-parken-wiesbaden-PH-Luisenplatz,ffh-parken-wiesbaden-PH-Markt,ffh-parken-wiesbaden-PH-Mauritius,ffh-parken-wiesbaden-PH-Theater,ffh-parken-wiesbaden-TG-Lili,ffh-parken-wiesbaden-TG-RMCC,heilbronn-parken-Am-Bollwerksturm,heilbronn-parken-Bildungscampus-Mitte,heilbronn-parken-E-Quartiersgarage-Neckarbogen,heilbronn-parken-Harmonie,heilbronn-parken-Kathchenhof,heilbronn-parken-Kiliansplatz,heilbronn-parken-P-R-Karlsruher-Strasse,heilbronn-parken-Parkhaus-Experimenta,heilbronn-parken-Parkplatz-Hauptbahnhof,heilbronn-parken-Stadtgalerie,heilbronn-parken-Theaterforum-K3,heilbronn-parken-Wollhaus,ingolstadt-parken-Arena,ingolstadt-parken-Congressgarage,ingolstadt-parken-Festplatz,ingolstadt-parken-Hallenbad,ingolstadt-parken-Hauptbahnhof-Ost,ingolstadt-parken-Hauptbahnhof-West,ingolstadt-parken-Munster,ingolstadt-parken-Nordbahnhof,ingolstadt-parken-Reduit-Tilly,ingolstadt-parken-Schloss,ingolstadt-parken-Theater-Ost,ingolstadt-parken-Theater-West,konstanz-parken-Altstadt,konstanz-parken-Augustiner,konstanz-parken-Dobele,konstanz-parken-Fernbusbahnhof,konstanz-parken-Fischmarkt,konstanz-parken-Lago,konstanz-parken-Seerheincenter,mobilitaet-jena-Am-Anger,mobilitaet-jena-Am-Gries,mobilitaet-jena-Am-Planetarium,mobilitaet-jena-Am-Stadion,mobilitaet-jena-August-Bebel-Strasse,mobilitaet-jena-Bachstrasse,mobilitaet-jena-Busbahnhof,mobilitaet-jena-City-Carree,mobilitaet-jena-Eichplatz,mobilitaet-jena-Eisenbahndamm,mobilitaet-jena-Erbertstrasse,mobilitaet-jena-Ernst-Abbe-Strasse,mobilitaet-jena-Ernst-Haeckel-Strasse,mobilitaet-jena-Gartenstrasse,mobilitaet-jena-Goethe-Galerie,mobilitaet-jena-Grietgasse,mobilitaet-jena-Haeckelplatz,mobilitaet-jena-Holzmarkt,mobilitaet-jena-Krautgasse,mobilitaet-jena-Lassallestrasse,mobilitaet-jena-Lessingstrasse,mobilitaet-jena-Muhlenstrasse,mobilitaet-jena-Neue-Mitte,mobilitaet-jena-Paradiesbahnhof,mobilitaet-jena-Philosophenweg,mobilitaet-jena-Roland-Ducke-Weg,mobilitaet-jena-Schlossgasse,mobilitaet-jena-Seidelparkplatz,mobilitaet-jena-Seidelstrasse,mobilitaet-jena-Semmelweissstrasse,mobilitaet-jena-Sophienstrasse,mobilitaet-jena-Spitzweidenweg,mobilitaet-jena-Steinkreuz,mobilitaet-jena-Stoystrasse,mobilitaet-jena-Wagnergasse,mobilitaet-jena-Westbahnhof,mobilitaet-jena-Wiesenstrasse,mobilitaet-jena-Windberg,mobilitaet-jena-Wollnitzer-Strasse,mobilitaet-jena-Ziegelmuhlenweg,oldenburg-service-parken-Altes-Gymnasium,oldenburg-service-parken-CCO-Parkdeck-1,oldenburg-service-parken-CCO-Parkdeck-2,oldenburg-service-parken-Parkhaus-Alter-Stadthafen-Cinemaxx,oldenburg-service-parken-Parkhaus-Am-Waffenplatz,oldenburg-service-parken-Parkhaus-August-Carree,oldenburg-service-parken-Parkhaus-Bahnhof-ZOB,oldenburg-service-parken-Parkhaus-Galeria-Kaufhof,oldenburg-service-parken-Parkhaus-Heiligengeist-Hoefe,oldenburg-service-parken-Parkhaus-Schlosshoefe,oldenburg-service-parken-Parkhaus-Theatergarage,oldenburg-service-parken-Parkplatz-Pferdemarkt,oldenburg-service-parken-Parkplatz-Theaterwall,oldenburg-service-parken-Ratsherren,parken-in-bochum-P1-Husemannplatz,parken-in-bochum-P2-Dr-Ruer-Platz,parken-in-bochum-P3-Rathaus-BVZ,parken-in-bochum-P5-Bruckstrasse,parken-in-bochum-P6-Hauptbahnhof-Buddenbergplatz,parken-in-bochum-P7-Kurt-Schumacher-Platz,parken-in-bochum-P8-Konrad-Adenauer-Platz-Bermuda3Eck,parken-in-bochum-P9-Schauspielhaus,parken-in-bochum-PH-Alter-Markt-Wattenscheid,parken-in-bochum-PH-Bochumer-Fenster,parken-in-bochum-PH-Husemann-Karree,parken-in-bochum-PH-Massenbergstrasse,parken-in-bochum-PH-Quartiersgarage-Ostpark,parken-in-bochum-PH-Stadionring,parken-in-bochum-PH-Westpark-Jahrhunderthalle,parken-luebeck-Am-Bahnhof-Handelshof-Parkplatz-Strassenrand-Am-Bahnhof-Handelshof-Parkplatz-Strassenrand-Lubeck,parken-luebeck-Am-Burgfeld-Parkplatz-Am-Burgfeld-Parkplatz-Lubeck,parken-luebeck-Am-Fischereihafen-Parkplatz-Am-Fischereihafen-Parkplatz-Travemunde,parken-luebeck-Am-Leuchtenfeld-Leuchtturm-Parkplatz-Am-Leuchtenfeld-Leuchtturm-Parkplatz-Travemunde,parken-luebeck-Backbord-Parkplatz-Backbord-Parkplatz-Travemunde,parken-luebeck-Bahnhof-Parkplatz-Strassenrand-Bahnhof-Parkplatz-Strassenrand-Lubeck,parken-luebeck-Bauhof-Parkplatz-Bauhof-Parkplatz-Lubeck,parken-luebeck-Beckergrube-Parkplatz-Beckergrube-Parkplatz-Lubeck,parken-luebeck-Bruckenweg-Parkplatz-Bruckenweg-Parkplatz-Lubeck,parken-luebeck-Burgstrasse-Parkplatz-Burgstrasse-Parkplatz-Lubeck,parken-luebeck-Fahrstrasse-Parkplatz-Fahrstrasse-Parkplatz-Lubeck,parken-luebeck-Fahrvorplatz-Parkplatz-Fahrvorplatz-Parkplatz-Travemunde,parken-luebeck-Hafenbahnhof-Parkplatz-Hafenbahnhof-Parkplatz-Travemunde,parken-luebeck-Hermann-Lange-Strasse-Parkplatz-Hermann-Lange-Strasse-Parkplatz-Lubeck,parken-luebeck-Huxterdamm-Parkplatz-Huxterdamm-Parkplatz-Lubeck,parken-luebeck-Kanalstrasse-P2-Parkplatz-Kanalstrasse-P2-Parkplatz-Lubeck,parken-luebeck-Kanalstrasse-P3-Parkplatz-Kanalstrasse-P3-Parkplatz-Lubeck,parken-luebeck-Kanalstrasse-P4-Parkplatz-Kanalstrasse-P4-Parkplatz-Lubeck,parken-luebeck-Kanalstrasse-P5-Parkplatz-Kanalstrasse-P5-Parkplatz-Lubeck,parken-luebeck-Kanalstrasse-Strassenrand-Parkplatz-Kanalstrasse-Strassenrand-Parkplatz-Lubeck,parken-luebeck-Kirchenstrasse-Parkplatz-Kirchenstrasse-Parkplatz-Travemunde,parken-luebeck-Konrad-Adenauer-IHK-Parkplatz-Strassenrand-Konrad-Adenauer-IHK-Parkplatz-Strassenrand-Lubeck,parken-luebeck-Kowitzberg-Parkplatz-Kowitzberg-Parkplatz-Travemunde,parken-luebeck-Kurgartenstrasse-Parkplatz-Kurgartenstrasse-Parkplatz-Travemunde,parken-luebeck-Lastadie-P1-Parkplatz-Lastadie-P1-Parkplatz-Lubeck,parken-luebeck-Lastadie-P3-Parkplatz-Lastadie-P3-Parkplatz-Lubeck,parken-luebeck-Lastadie-P5-Parkplatz-Lastadie-P5-Parkplatz-Lubeck,parken-luebeck-Leuchtenfeld-Parkplatz-Leuchtenfeld-Parkplatz-Travemunde,parken-luebeck-Marlesgrube-Parkplatz-Marlesgrube-Parkplatz-Lubeck,parken-luebeck-Mowenstein-Parkplatz-Mowenstein-Parkplatz-Travemunde,parken-luebeck-MuK-Parkplatz-MuK-Parkplatz-Lubeck,parken-luebeck-Muhlenbrucke-Parkplatz-Muhlenbrucke-Parkplatz-Lubeck,parken-luebeck-Muhlendamm-Parkplatz-Muhlendamm-Parkplatz-Lubeck,parken-luebeck-Muhlenstrasse-Parkplatz-Muhlenstrasse-Parkplatz-Lubeck,parken-luebeck-Mullergarten-Parkplatz-Mullergarten-Parkplatz-Lubeck,parken-luebeck-Musterbahn-Parkplatz-Musterbahn-Parkplatz-Lubeck,parken-luebeck-Nordliche-Wallhalbinsel-Parkplatz-Nordliche-Wallhalbinsel-Parkplatz-Lubeck,parken-luebeck-Obertrave-Parkplatz-Strassenrand-Obertrave-Parkplatz-Strassenrand-Lubeck,parken-luebeck-Parade-Parkplatz-Parade-Parkplatz-Lubeck,parken-luebeck-Parkplatz-vor-dem-PH-Burgtor-Parkplatz-Parkplatz-vor-dem-PH-Burgtor-Parkplatz-Lubeck,parken-luebeck-Paul-Brummer-Strasse-Parkplatz-Paul-Brummer-Strasse-Parkplatz-Travemunde,parken-luebeck-Priwall-Parkplatz-Priwall-Parkplatz-Travemunde,parken-luebeck-Radisson-Blu-Parkplatz-Radisson-Blu-Parkplatz-Lubeck,parken-luebeck-Retteich-Parkplatz-Retteich-Parkplatz-Lubeck,parken-luebeck-Roeckstrasse-Parkplatz-Roeckstrasse-Parkplatz-Lubeck,parken-luebeck-Rose-Parkplatz-Rose-Parkplatz-Travemunde,parken-luebeck-Strandbahnhof-Parkplatz-Strandbahnhof-Parkplatz-Travemunde,parken-luebeck-Trelleborgallee-Parkplatz-Trelleborgallee-Parkplatz-Travemunde,parken-luebeck-Untertrave-Flache-1-Parkplatz-Strassenrand-Untertrave-Flache-1-Parkplatz-Strassenrand-Lubeck,parken-luebeck-Untertrave-Parkplatz-Untertrave-Parkplatz-Lubeck,parken-luebeck-Verwaltungszentrum-Muhlentor-Parkplatz-Verwaltungszentrum-Muhlentor-Parkplatz-Lubeck,parken-luebeck-Vogteistrasse-Parkplatz-Vogteistrasse-Parkplatz-Travemunde,parken-luebeck-Wallstrasse-Parkplatz-Wallstrasse-Parkplatz-Lubeck,parken-luebeck-Werner-Kock-Strasse-Parkplatz-Strassenrand-Werner-Kock-Strasse-Parkplatz-Strassenrand-Lubeck,parken-osnabrueck-11,parken-osnabrueck-13,parken-osnabrueck-16,parken-osnabrueck-17,parken-osnabrueck-18,parken-osnabrueck-19,parken-osnabrueck-21,parken-osnabrueck-22,parken-osnabrueck-23,parken-osnabrueck-24,parken-osnabrueck-25,parken-osnabrueck-26,parken-osnabrueck-27,parken-osnabrueck-28,parken-osnabrueck-29,parken-osnabrueck-30,parken-osnabrueck-31,parken-osnabrueck-32,parken-osnabrueck-33,parken-osnabrueck-34,parken-osnabrueck-35,parken-osnabrueck-36,parken-osnabrueck-37,parken-osnabrueck-38,parken-osnabrueck-39,parken-osnabrueck-40,parken-osnabrueck-41,parken-osnabrueck-43,parken-osnabrueck-44,parken-osnabrueck-45,parken-osnabrueck-46,parken-osnabrueck-49,parken-osnabrueck-50,parken-osnabrueck-51,regensburg-parken-Park-Ride-Parkplatz-Unterer-Wohrd,regensburg-parken-Park-Ride-Parkplatz-West,regensburg-parken-Parkhaus-Dachauplatz,regensburg-parken-Parkhaus-Dallmeier,regensburg-parken-Parkhaus-Regensburg-Arcaden,regensburg-parken-Parkhaus-St-Peters-Weg,regensburg-parken-Parkplatz-Dultplatz,regensburg-parken-Tiefgarage-Arnulfsplatz,regensburg-parken-Tiefgarage-Hauptbahnhof-Castra-Regina-Center,regensburg-parken-Tiefgarage-am-Theater-Bismarckplatz,reutlingen-parken-Am-Bahnhof,reutlingen-parken-Bahnhof,reutlingen-parken-Echaz-Zentrum,reutlingen-parken-Galeria-Kaufhof,reutlingen-parken-Gartentor-C-A-Mode,reutlingen-parken-Gartenviertel,reutlingen-parken-Kaiserpassage,reutlingen-parken-Klinikum-I,reutlingen-parken-Klinikum-II,reutlingen-parken-Konrad-Adenauer-Strasse-Eberhardstrasse,reutlingen-parken-Kronprinzenbau,reutlingen-parken-Lederstrasse,reutlingen-parken-Nordstern,reutlingen-parken-Obere-Wassere,reutlingen-parken-Parkgarage-Leonhardsplatz,reutlingen-parken-Parkhaus-Pomologie,reutlingen-parken-Rathaus-Tubinger-Tor,reutlingen-parken-Stadthalle,reutlingen-parken-Stadtmitte,reutlingen-parken-Unter-den-Linden,reutlingen-parken-Volksbank,sw-bielefeld-parken-Parkhaus-Am-Hauptbahnhof,sw-bielefeld-parken-Parkhaus-Am-Jahnplatz,sw-bielefeld-parken-Parkhaus-Am-Zwinger,sw-bielefeld-parken-Parkhaus-Ankergarten,sw-bielefeld-parken-Parkhaus-Bahnhofsviertel-1,sw-bielefeld-parken-Parkhaus-Bahnhofsviertel-2,sw-bielefeld-parken-Parkhaus-Centrum,sw-bielefeld-parken-Parkhaus-Karstadt,sw-bielefeld-parken-Parkhaus-LOOM,sw-bielefeld-parken-Parkhaus-Ritterstrasse,sw-bielefeld-parken-Parkhaus-Stadthalle,sw-bielefeld-parken-Parkpalette-Hermann-Delius-Strasse,sw-bielefeld-parken-Parkplatz-Friedenstrasse,sw-bielefeld-parken-Parkplatz-Grosse-Kurfursten-Str,sw-bielefeld-parken-Parkplatz-Hbf,sw-bielefeld-parken-Parkplatz-Herforder-Str,sw-bielefeld-parken-Parkplatz-Kunsthalle,sw-bielefeld-parken-Parkplatz-Mercatorstr,sw-bielefeld-parken-Parkplatz-Niederwall,sw-bielefeld-parken-Parkplatz-Teutoburger-Strasse,sw-bielefeld-parken-Parkplatz-Zentrum,sw-bielefeld-parken-Parkplatze-Werner-Bock-Strasse,sw-bielefeld-parken-Seidenstickerhalle,sw-bielefeld-parken-Tiefgarage-Altstadt-Carre,sw-bielefeld-parken-Tiefgarage-Am-Theater,sw-bielefeld-parken-Tiefgarage-Kesselbrink,sw-bielefeld-parken-Tiefgarage-Marktpassage-nicht-fur-gasbetriebene-Fahrzeuge,sw-bielefeld-parken-Tiefgarage-Neues-Rathaus,sw-bielefeld-parken-Tiefgarage-Welle,sw-bielefeld-parken-Tiefgarage-Willy-Brandt-Platz,sw-bielefeld-parken-Tiefgarage-und-Parkpalette-CineStar,swt-trier-parken-Basi,swt-trier-parken-City,swt-trier-parken-Hauptm,swt-trier-parken-Kons,swt-trier-parken-Osta,swt-trier-parken-ParkPlaza,swt-trier-parken-Vieh,tiefbauamt-nuernberg-parken-ADCOM-Center,tiefbauamt-nuernberg-parken-Adlerstrasse,tiefbauamt-nuernberg-parken-City-Park-Center,tiefbauamt-nuernberg-parken-Erler-Klinik,tiefbauamt-nuernberg-parken-Findelgasse,tiefbauamt-nuernberg-parken-Galeria-Kaufhof,tiefbauamt-nuernberg-parken-Hans-Sachs-Platz,tiefbauamt-nuernberg-parken-Hauptbahnhof,tiefbauamt-nuernberg-parken-Hauptmarkt,tiefbauamt-nuernberg-parken-Jakobsmarkt,tiefbauamt-nuernberg-parken-Katharinenhof,tiefbauamt-nuernberg-parken-PH-Nurnberger-Akademie,tiefbauamt-nuernberg-parken-Parkhaus-City-Point,tiefbauamt-nuernberg-parken-Parkhaus-Karstadt,tiefbauamt-nuernberg-parken-Parkhaus-Maximum,tiefbauamt-nuernberg-parken-Parkhaus-Wohrl,tiefbauamt-nuernberg-parken-Parkhausname,tiefbauamt-nuernberg-parken-Sebalder-Hofe,tiefbauamt-nuernberg-parken-Sterntor,tiefbauamt-nuernberg-parken-Theater,vmz-bremen-parken-Am-Bahnhof,vmz-bremen-parken-Am-Brill,vmz-bremen-parken-Am-Dom,vmz-bremen-parken-Am-Kuhhirten,vmz-bremen-parken-Am-Sedanplatz,vmz-bremen-parken-Am-Vegesacker-Hafen,vmz-bremen-parken-Am-Wall,vmz-bremen-parken-Aumunder-Markplatz,vmz-bremen-parken-Beckersweide,vmz-bremen-parken-Burgerweide,vmz-bremen-parken-Burgerweide-Klangbogen,vmz-bremen-parken-City-Gate,vmz-bremen-parken-Fresenbergstrasse-P1,vmz-bremen-parken-Fresenbergstrasse-P2,vmz-bremen-parken-Herdentor-Rembertiring,vmz-bremen-parken-Hillmannplatz,vmz-bremen-parken-Im-Pohl,vmz-bremen-parken-Katharinenklosterhof,vmz-bremen-parken-Kunstlerhaus-Guterbahnhof,vmz-bremen-parken-Lubecker-Strasse,vmz-bremen-parken-Messe-Parkhaus,vmz-bremen-parken-Mitte,vmz-bremen-parken-Ortsamt-Blumenthal,vmz-bremen-parken-Ostertor-Kulturmeile,vmz-bremen-parken-Pressehaus,vmz-bremen-parken-Rowekamp-Metropol-Theater,vmz-bremen-parken-Sagerstr,vmz-bremen-parken-Silbermannstrasse,vmz-bremen-parken-Stephani,vmz-bremen-parken-Uberseestadt,vmz-bremen-parken-Weserstadion,vtmanager-duesseldorf-parken-FLOAT,vtmanager-duesseldorf-parken-Heerdt,vtmanager-duesseldorf-parken-PH-01,vtmanager-duesseldorf-parken-PH-02,vtmanager-duesseldorf-parken-PH-03,vtmanager-duesseldorf-parken-PH-04,vtmanager-duesseldorf-parken-PH-06,vtmanager-duesseldorf-parken-PH-08,vtmanager-duesseldorf-parken-PH-09,vtmanager-duesseldorf-parken-PH-10,vtmanager-duesseldorf-parken-PH-11,vtmanager-duesseldorf-parken-PH-12,vtmanager-duesseldorf-parken-PH-13,vtmanager-duesseldorf-parken-PH-16,vtmanager-duesseldorf-parken-PH-17,vtmanager-duesseldorf-parken-PH-18,vtmanager-duesseldorf-parken-PH-20,vtmanager-duesseldorf-parken-PH-22,vtmanager-duesseldorf-parken-PH-23,vtmanager-duesseldorf-parken-PH-24,vtmanager-duesseldorf-parken-PH-25,vtmanager-duesseldorf-parken-PH-26,vtmanager-duesseldorf-parken-PH-29,vtmanager-duesseldorf-parken-PH-33,vtmanager-duesseldorf-parken-PH-34,vtmanager-duesseldorf-parken-PH-35,vtmanager-duesseldorf-parken-PH-37,vtmanager-duesseldorf-parken-PH-39,vtmanager-duesseldorf-parken-PH-42,vtmanager-duesseldorf-parken-PH-43,vtmanager-duesseldorf-parken-PH-45,vtmanager-duesseldorf-parken-PH-46,vtmanager-duesseldorf-parken-PH-47,vtmanager-duesseldorf-parken-PH-48,vtmanager-duesseldorf-parken-PH-50,vtmanager-duesseldorf-parken-PH-51,vtmanager-duesseldorf-parken-PH-52,vtmanager-duesseldorf-parken-PH-53,vtmanager-duesseldorf-parken-PH-54
2026-09-18T00:00:02+00:00,215,,57,119,,53,,259,,,220,290,,331,486,,325,,,,1300,167,474,416,464,,,85,,,54,1051,32,111,79,140,,,,,166,159,0,83,0,42,,,,,120,,397,44,111,,28,49,19,81,156,184,18,148,159,88,235,87,47,15,105,,,327,18,,120,242,373,230,282,193,190,224,21,198,63,520,177,320,485,279,220,572,76,296,221,270,507,216,423,203,141,115,285,340,431,178,162,720,68,806,269,119,299,262,162,312,815,18,7,473,93,,,,190,280,515,,138,390,,0,0,0,0,297,0,0,0,0,523,0,0,0,0,191,228,0,0,0,0,0,260,129,,10,219,370,255,292,86,181,74,150,89,302,435,547,441,68,230,,970,438,622,380,410,290,404,,425,182,322,230,100,198,238,441,306,,,261,16,148,898,,0,0,0,0,0,0,0,0,273,0,0,0,0,0,523,0,11,110,150,0,0,0,0,0,0,0,0,157,0,0,0,0,60,0,0,0,0,74,0,0,48,209,36,207,551,167,183,272,255,429,0,401,74,14,442,366,411,668,341,397,552,130,,231,451,87,,1380,,,,358,,119,,,,,,,,0,,,165,73,52,25,,,,450,,,7,215,301,,,331,,,,,,,,,,,,10,,,,,,,,,,,,321,136,51,129,118,153,85,213,500,421,35,31,361,204,15,204,2,0,19,87,198,271,0,35,288,181,301,200,109,145,882,39,145,58,106,0,459,71,1079,289,0,148,193,185,0,118,209,289,84,0,0,343,343,116,0,314,0,343,209,135,289,200,249,0,0,741,86,200,77,723,,325,350,,323,337,,,164,107,,,,,,72,,,314,70,,,399,262,,276,153,757,260,195,687,64,246,15,161,368,123,134,160,52,46,283,260,198,240,0,203,31,365,,201,195,0,,,,,,,,,,,,,,,,,,,,,,,,,,,,,,,,743,146,81,440,100,358,306,94,562,207,343,339,80,71,,139,230,90,398,199,464,214,360,,,,200,524,630,127,,546,,209,125,160,641,353,136
2026-09-18T00:15:02+00:00,216,,,,,,,,,,,,,,,,,,,,,,,,,,,,,,56,,,112,,,,,,,,,,,,,,,,,,,,,,,,50,,80,,,,,,,,,48,,,,,,,,,243,,,,,,,,,,,178,,486,,,,,297,,,,,,,,,,,433,,,,,,271,,,263,,314,,,,,,,,,,,,,,,,,,,,,,,,,,,,,,,,,,,,,,,,,,,,,,,,,,,434,548,,,,,,,,,,,,,426,,321,,,,,,,,,,,,,,,,,,,,,,,,,,,,,,,,,,,,,,,,,,,,,,,,,,,,,,,,,,,168,,,,,,,,,441,,,,340,,553,,,,,,,,,,,,,,,,,,,,,,,,,,,,,,,,,,,,,,,,,,,,,,,,,,,,,,,,,,,,,,,325,,,,,,84,,,,,,362,,,,,,20,,,,,,287,,,,,,,,,,107,,460,,,293,,149,,192,,,,,,,,,,,,,,,,,,,,,,743,,,,,,,,,,,,,,108,,,,,,,,,,,,,,,,,,758,,,,,,,,,,,,,,,259,,,,204,,,,,,,,,,,,,,,,,,,,,,,,,,,,,,,,,,,,,,694,,,443,,,,,,,,,,,,,,,,,,213,,,,,,,,,,,,,,,,,
2026-09-18T00:30:01+00:00,,,,,,,,260,,,,,,332,,,,,,,,,,,,,,,,,,,,,,,,,,,,,,,,,,,,,122,,,43,,,,,,,,,,,,,,,,,,,,,,,,,,,,,,,,,,,,,,,,,,,,,,,,,,,,,,,,,,,,,,,,,,,,,,,,,,,,,,,,,,,,,,,,,,,,,,,,,,,,,,,,,,,,,,,,,,,,,,,,,,,,,,,,,,,,,,,,,,,,,,,,,,,,,,,,,,,,,,,,,,,,,,,,,,,,,,,,,,,,,,,,,,,,,,,,,,,,,,,,,,,,,555,,,,,,,,,,,,,,,,,,,,,,,,,,,,,,,,,,,,,,,,,,,,,,,,,,,,,,,,,,,,,,,328,,,,,,,,,,,,,,,,,,,,,,,,,,,,,,,,,,,,,,,,,,,,,,,,,,,,,,,,,,,,,,,,,,,,,,,,,,,,,,,,,,,,,,,,,,,,,,,,,,,,,,,,,,,,,,47,,,,,,205,,,,,196,,,,,,,,,,,,,,,,,,,,,,,,,,,,,,,,,,,,447,,,,,,,,,,,,,,,,,,212,,,,,,,631,,,,,,,,,,
2026-09-18T00:45:01+00:00,,,,,,,,259,,,,,,,,,,,,,,,,,,,,,,,,,,113,,,,,,,,,,,,,,,,,,,,44,,,,,,,,,,150,,,,,,,,,,,,,,,,,,,,,,,,,179,,,280,,573,83,,,,509,,,,,,,,436,,,,,808,,,300,257,,,818,,,,94,,,,,,516,,137,,,,,,,,,,,,522,,,,,,229,,,,,,,,,,,,,,,,,,,,,,442,,,,,,,,,,,,,,,,,,,,,,,,,,,,,,,,,,,,,,,,,,,,,,,,,,,,,,,,,,,,,,,,,,,,,,,,,167,,,,,,,,,,,,,,,556,,,,,,,,,,,,,,,,,,,,,,,,,,,,,,,,,,,,,,,,,,,,,,,,,,,,,,,,,,,,,,,,,,,,,,,,,,,,,,,,,,,,,,,,,,,,,,,,,,,,,,,,,,,,,,,,,,,,,,,,,,,,,,,,,,,,,,,,,,339,,,,,,,,,,,,,,,,,,,,,,,,,,,,,,,,,,,,,,,,,,,,,,,,,,,,,,,,,,,,,,,,,,,,,,,,,,,,,,,,,,453,,,,,,,,,,,,,,,,,,,,,,,,,,,,,,,,,,,
2026-09-18T01:00:02+00:00,,,,,,,,,,,,,,,,,,,,,,,475,,,,,,,,57,,,,,,,,,,,,,86,,,,,,,,,,,,,,,,79,,,,151,,,,,,,,,,,,,,,,,,,,,,,,,,,485,,,,,,,,510,,,,,,,,,,,,,,,,,268,,,,,,,,,,,,,,,,,,,,,,298,,,,,,,,,,,,,,,,,,,,,,,,,,,,,,,435,,,,,,971,,,,,,,,,,,,99,,,,,,,,,,,,,,,,,,,,,,,,,,,,,,,,,,,,,,,,,,,,,,,,,,,,,,,,,,,,,,,,,,,,,,,,,,,,,,,,,,,,,,,,,,,,,,,,,,,,,,,,,,,,,,,,,,,,,,,,,,,,,,,,,,,,,,,329,,,,,,,,501,,,32,,,,,,,,,,,,,,,,,,,,,,,,,,,,,,,,,,,,,,,,,,,,,,,,,,,,,,,,,,,,,,,,340,,,,,,,,,,,,,,,,,400,,,,,,,,,,,,,,,,,,46,,,,,,,,,,,,,,,,,,,,,,,,,,,,,,,,,,,,,,,,,,,,,,,460,,,,,,,,,,,,,,,,,,,,,,,,,,,,,,,,,,,
2026-09-18T01:15:01+00:00,,,,,,,,,,,,,,,,,,,,,,,,,,,,,,,,,,,,,,,,,,,,87,,,,,,,,,,,,,,,,80,,,,,,,,,,,,,,,,,,,,,,,,,,,,,,,486,,,,,,,271,,,,,,,,,437,,,,,,272,118,299,266,,,820,,,,,,,,,,518,,,,,,,,,,,,,,,,,,,,,,,,,,,,,,,,,,,,,,,,437,545,,,,,970,,,,,,402,,,,,,,,,,,,,,17,,903,,,,,,,,,,,,,,,,522,,,,,,,,,,,,,156,,,,,,,,,,,,,,,,,,,,,,,,,,,442,,,,,,557,,,,,,,1379,,,,,,,,,,,,,,,,,,,,,,,,,,,,,,,,,,,,,,,,,,,,,,,,,,,,,,,,,,,,,,,,,420,,,,,,,,,,,,,,,,,,,,,,,,,105,,,,,295,,150,,193,,,,,,,,,,,,,,,,,,,,,,,,,,,,,,,,,,,,107,,,,,,,,,,,,,,,,,154,759,,,,,,16,,,,,,,,,,,,,,,,,,,,,,,,,,,,,,,,,,,,,,,,,,,,,,,,,,,,,,462,,,,,,,,340,,,,141,,,,,,211,,,,,,,633,,,,,,,,,,
2026-09-18T01:30:01+00:00,,,,120,,,,,,,,,,,,,,,,,,,,,,,,,,,,,,,,,,,,,,158,,,,,,,,,123,,,,,,,,,79,,,,,,,,,,,,,,,,,,,,,,,,,,,,,,,487,,,,,,,,,,,,,,,338,438,,,,,,,,,261,,,,,,,,,,,,,,,,,,,,,,299,,,,,,,,,,,,,,,,,,,,,,,,,,,,,,,436,,,,,,,,,,,,,,,,,,,,,,,,,,17,,,,,,,,,,,,,,,,,,,,,,,,,,,,,,,,,,,,,,,,,,,,,,,,,,,,,,,,,,443,,,,,,556,,,,,,,1380,,,,,,,,,,,,,,,,,,,,,,,,,,,,,,,,,,,,,,,,,,,,,,,,,,,,,,,,328,,,,,,,,,,,,,,,,,,,,,,,,,,,,,,,,144,,,,,,,,,,,,,,,,,,,,,,,,,,,,,,,,,,,,,,,,,,,,,,,108,,,,,,,,,,,,,,,,,,,,,,,,17,,,,,,,,,,,,,,,,,,197,,,,,,,,,,,,,,,,,,,,,,,,,,,,,,,,,,,,,,,,,,,,,,,,,,,,,,,,,,,,,,,,,,,124,,,,
2026-09-18T01:45:02+00:00,,,,,,,,,,,,289,,,487,,,,,,,,,,,,,,,,,,,,,,,,,,,156,,,,,,,,,,,,,,,,,,78,,,,150,,,,,,14,,,,,,,,,,,,,,,,,,,,,,281,,574,,,,,,,,,,,,341,441,,161,,,,,,,,,,818,,,,,,,,,,,,,,,,,,,298,,,,,,,,,,,,,,,,,,,,,,,,,,,,,,,437,544,,,,,,,621,,,,,,,,320,,,,,,,,,,17,,,,,,,,,,,,,,,,,,,,,,,,,,,,,,,,,,,,,,,,,,,,,,,,,,,,,,,,,,442,,,,,,,,,,,,,,,,,,,,,,,,,,,,,,,,,,,,,,,,,,,,,,,,,,,,,,,,,,,,,,,,,,,,,327,,,,,,,,,421,,,,,,203,,,,,,,,,288,,,,,,,,145,,,,,,,,,,,,,,,,,,,,,,,,,,,,,,,,,,,,,,,,,,,,,,,,,,,,,,,,,,,,,,,,,760,,,,,,,,,,,,,,,,,,,,,,,,199,,,,,,,,,,,,,,,,,,,,,,,,,,,,,,,,,,145,,463,,,,,,,,,,,,,,,,,,,,,,,,,,,,,,,,,,,
2026-09-18T02:00:01+00:00,,,,,,,,260,,,,,,,488,,,,,,,,,,,,,,,,56,,,,,,,,,,,157,,,,,,,,,125,,,,,,29,,,76,,,,151,,,,,,,,,,,,,,,,,,,,,,,,,,,485,,,,,,,,512,,,,,,,,,,,719,,,,,,262,,315,,,,,,,,,,,,,,,,,,,,,,,,,,,,,,,,,,,,,,,,,,,,,,,,,,,,542,,,,,,437,622,,,,,,,,319,,,,,,,,,,17,,,,,,,,,,,,,,,,,,,,,,,,,,,,,,,,,,,,,,,,,,,,,,,,550,,182,,,,,,,,,,,,,,558,,,,452,,,,,,,,,,,,,,,,,,,,,,,,,,,,,,,,,,,,,,,,,,,,,,,,,,,,,,,,,,,,,52,,,,,,,,,,,,,,,,,,,,,,,,,,,,881,,,,,,,,,,,,,,,,,,,,,,,,,,,,,,,,,,,,,,,,,,,,,,,,,,,,,,,,,,,,,,,,,,,,259,,,,,,,,,,,,45,284,,,,,,,,,,,,,,,,,,,,,,,,,,,,,,,,,,,,,,,,,,,,146,,,,,,,,,,,,,,,,,,,,212,,,,,,,,,,,,,,,,,
2026-09-18T02:15:01+00:00,212,,,,,,,,,,,288,,,,,,,,,,,,,,,,,,,,,,,,,,,,,,,,,,,,,,,,,,,,,,,,,,,,,,,,,,,,,,,,,,,,,,,,,,,,,,,,,,,,,,,,,,,,,,,,,,,,,,,,,,,,,,,,,,,,,,,,,,,,,,,,,,,,,,,,,,,,,,,,,,,,,,,,,,,,,,,,,,,,,,,,,,,,,,,,,,,,,,,,,,,,,,,,,,,,,,,,,,,,,,,,,,,,,,,,,,,,,,,,,,,,,,,,,,,,,,,,,,,,,,,559,,,,,,,,,,,,,,,,,,,,,,,,,,,,,,,,,,,,,,,,,,,,,,,,,,,,,,,,,,,,,,,,,,,,,,,,,,,,,,,,,,,,,,,,,,,,,,,,,,,,,,,,,,,,,,,,,,,,,,,,,,,,,,,,741,,,,,,,,,,,,,,,,,,,,,,,,,,,,,,,,,,,,,,,,,,,,,,,,,,,,,,,,,,,,,,,,,,,,,,,,,,,,,,,,,,,,,,,,,,,,,,,,,,,,,,,,,,,,,,,,,,,,,,,,,,,,,,,
2026-09-18T02:15:02+00:00,,,,,,,,,,,,,,,,,,,,,,,,,,,,,,,,,,,,,,,,,,159,,,,,,,,,,,,,,,,49,,77,,,,,158,,,,,,,,,326,,,,221,,,,,,,,,,,,319,486,,,,,,,,,,,,,,,,,,,,,,,,,,,314,817,,,,,,,,,,,,138,,,,,,,,,,,,,,,,,,,,,,,,,,,,,,,,,,,,,303,436,,,,,,,,,,,,403,,,181,318,,98,,,,,,,,17,,,,,,,,,,,,,,,,,,,,,,,,,,,,,,,,,,,,,,,,,,,,,,,,,,180,,,,,,69,,,,,,,,,,,,,,,,,,,,,,,,,,,,,,,,,,,,,,,,,,,,,,,,,,,,,,,,,,,,,,,,,,,,,,,326,,,,,,,,,,,,,,,,,,,,,,,,287,,,,,,,,,,106,,,,1078,296,,,,,,,,,,,,,,,,,,,,,,,,,,,,,,,,,,,,,,,,,,,,,,,,,,,,,,,,,,,,,,,,,,,,,,,,,,,,,206,,,,,200,,,,,,,,,,,,,,,,,,,,,,,,,,,,,,,,,,,,,,,,,567,,,,,,,,,91,,,,,,,,,,,,,,,,,,,,,
2026-09-18T02:30:01+00:00,213,,,,,,,,,,,289,,,,,,,,,,,,,,,,,,,,,,,,,,,,,,,,,,43,,,,,,,,,,,,50,,,,,,,157,,,,,,,,,325,,,,,,,,,,,,,,,,,,,,,,,,,,,,,,,,339,443,,,,,,,,,,,,816,,,,,,,,,,,,,,,,,,,,,,,,,,,,,,,,,,,,,,,,,,,,,,,,,304,,540,,,,,,436,,,,,,,,,,,97,,,,,,,,17,,,,,,,,,,,,,,,,,,521,,,,,,,,,,,,,,,,,,,,,,,,,,,,,,,,177,,,,,,,,,,,,,,560,,,,,,,1379,,,,,,,,,,,,,,,,,,,,,,,,,,,,,,,,,,,,,,,,,,,,,,,,,,,,,,,,327,137,,,,,,,,,,,,,,204,,,,,,,,,,,,,108,,,,,,,,,,,,,,,,,,,,,,,,,,,,,,,,,,,,,,,,,,,,,,,339,,,,,,,,,,,,,,,,,,,,,,,,,,,,,,,,,,,46,,,,,,,,,,,,,,,,,,,,,,,,,,,,,,,,,,,,,,,,,,,,,,,464,,,,,,,,,,,,,,,,,,,,,,,,,,,,,,,,,,,
2026-09-18T02:45:01+00:00,212,,,,,,,,,,,290,,,,,,,,,,,,,,,,,,,,,,112,,,,,,,,,,86,,,,,,,,,,,,,27,,,,,,17,152,,,,,,,,,,321,,,,,,,,,,,,,,,,,,,,,,,,270,,,,,,,,,,,,,,,,,298,,,,817,,,,,,,,,,,,,,,,,,,,,,,,,,,,,,,,,,,,,,,,,,,,,,,,,,,538,,,,,,434,621,,,,,,427,178,312,,,,,,,,,,17,,,,,,,,,,,,,,,,,,520,,,,,,,,,,,,,,,,,,,,,,,,,,,,,,,166,175,,,,,,70,,,365,,,,,561,,,,,,,,,,,,,,,,,,,,,,,,,,,,,,,,,,,,,,,,,,,,,,,,,,,,,,,,,,,,,,,326,,,,,,,,,420,,,,,,,,,,,,,,,286,,300,,,,879,,,,,,,,,,,,,,,,,,,,,,,,,,,,,,,,,,,740,,,,722,,,,,,338,,,,109,,,,,,,,,,,,,,,,,,,,,686,,,,,,,,,,,,258,,,,,,,,,201,,,,,,,,,,,,,,,,,,,,,,,,,,,,,,,,,,147,,465,,,,,,,,,,,,140,,,,,,,,,,,,,,,,,,,,,,,
2026-09-18T03:00:01+00:00,,,,,,,,,,,,291,,,,,,,,,,,,,,,,,,,57,,,,,,,,,,,,,,,,,,,,,,,43,,,,49,,76,,,,151,,,,,,,,,,317,,,,220,,,,,,,,,,,180,,485,,,,,,,269,,,,,,,,338,,,,,,,,,295,263,,313,816,,,,,,,,,,,,,,,,,,,,,,,,,,,,,,,,,,,,,,,,,,,,,,,,,,,535,,,,,969,430,622,,,,,,,177,310,,95,,,,,,,,17,,,,,,,,,,,,,,,,,,,,,,,,,,,,,,,,,,,,,,,,,,,,,,,,,,172,,,,,,,,,,410,,,,562,,,,451,,,,,,,,,,,,,,,,,,,,,,,,,,,,,,,,,,,,,,,,,,,,,,,,,,,,,,,,,,,325,,,,,152,,,,,,,,,,,,,,,,,,,,,,,,,875,,,,,,,,,,,,,,,,,,,,,,,,,,,,,,,,,,,,,,,,,,,,,337,,,163,,,,,,,,,,,,,,,,,,,,,194,685,,,,,,,133,,,45,282,257,,,,,,,,,,,,,,,,,,,,,,,,,,,,,,,,,,,,,,,,,,,146,,464,,,,,,,,,,,,,,,,,,,,,,,,,,126,,,,,,,,,
2026-09-18T03:15:01+00:00,,,,119,,52,,,,,,290,,,487,,,,,,,,,412,,,,,,,58,,31,111,,,,,,,,,,,,41,,,,,,,,,110,,28,47,,74,,,,152,,,,,47,,,,,315,,,,217,370,,,,,,,,,,179,320,487,,,,,,,,,,,,,,284,337,444,,,717,,,271,,,262,,,815,,9,,,,,,,,,,,,,,,,,,,,,,,,,,,,,,,,,,,,,,,,,,,,,,,303,435,534,,,,,,427,,,,,,,327,175,483,130,,,,281,165,,,259,17,,904,,,,,,,,,40,272,,,,,,519,,9,,,,,,,,,,,,,,,,,,,,,,,,,,,,,163,171,,,,,,,,443,364,,667,,,,,,,,,,,,,,,,,,,,,,,,,,,,,,,,,,,,,,,,,,,,,,,,,,,,,,,,,,,,,,,,,,322,,,,,,,,,,,,,,,,,,,,,,,,285,,,,107,,874,,,,105,,,,1077,302,,,192,,,,,,,,,,,,,,,,,,,,,,,,,,,,,,,,,,,,,,,,,,,,,,313,,,,274,,,,,,,,,65,,,,,,,,,46,,,197,,,,,,,,,,,,,,,,,,,,,,,,,,,,,,,,,,,,,,,,,,,,,,,,,566,,,,,,,,,,,,463,,,,,,,,597,,,,,,34,,,,
2026-09-18T03:30:01+00:00,,,,,,53,,,,,,,,330,,,,,,,,,,409,,,,,,,,1052,29,110,,,,,,,,157,,,,,,,,,,,396,,,,,44,,,,,,149,,,234,,46,,,,,312,,,,214,,,,,,,,,,519,,,486,,,,,298,,,,,,,,,,334,443,,160,,,807,269,,294,263,,,,,,,,,,,,,,,,,,,,,,,,,,,,,,,,,228,,,,,,,,,,,,,,,,,,,302,433,,,,,,972,413,621,,,,404,,,174,479,,94,,,,,,,260,17,,903,,,,,,,,,,,,,,,,517,,,,,,,,,,,,,155,,,,,,,,,,,,,,,,,,159,,,,,,399,,,,,,663,,,,,,,,86,,1378,,,,,,,,,,,,,,,,,,,,,,,,,,,,,,,,,,,,,,,,,,,,,,,,,,,,,,,,,,,,,,86,212,,,,,359,203,,,,,,86,,,,,284,,,,106,,853,,,,,,,,,,,,,,,,,,,,,,,,,,,,,,,,,,,,,,,723,,,,,,,,,160,,,,,,,,,,,,,,,,,,,,,,,,,,,369,,132,,,,,,,,,,,364,,,202,,,,,,,,,,,,,,,,,,,,,,,,,,,,,,,,,,147,,,,,,,,,,,,,,,,,,,462,,,,,,,,,,,547,,,,,,,
2026-09-18T03:45:02+00:00,,,,,,,,,,,,287,,,,,,,,,,,,408,,,,,,,,1051,,109,,,,,,,165,,,87,,40,,,,,,,388,,,,27,45,,69,,,,143,156,,235,86,45,,,,,311,,,,213,367,,,,,,,,,,177,,,,,573,84,,,,,,420,,,,,,444,,,716,,,270,,290,,,312,813,,,,,,,,,278,,,,,,,,,,,,,,,521,,,,,,229,,,,,,,,,,,,,,,,,,,301,436,,,,,,,394,,,,,405,,328,,215,,92,,,,,,,258,17,,904,,,,,,,,,,,,,,,,516,,,,,,,,,,,,,154,,,,,,,,,,,,,,,,206,548,136,170,,,,,400,,,,,406,656,338,395,559,129,,,449,87,,1361,,,,,,,,,,,,,,,,,,,,,,,,,,,,,,,,,,,,,,,,,,,,,,,,,,,,,,,,317,136,,,,,,,,,,,355,202,,203,,,,,,,,34,279,,298,,,144,804,,,,,,,,,,,,,,,,,,,,,,,,,,,,,,,,,,,,,,,721,,,,,,336,,,,,,,,,,,,,,,,,273,,,,,759,,,,,,16,,,119,,,,,,,,,,,,363,,,,,,,,,,,,,,,,,,,,,,,,,,,,,,,,,,,,693,,,465,,,,,,,,339,,72,,139,229,,,,,,,,,,,,,125,,,,,56,,,352,
2026-09-18T04:00:01+00:00,209,,,118,,,,,,,,,,328,,,105,,,,,,476,405,,,,,,,,1047,31,,,,,,,,164,156,,88,,,,,,,,,384,,,,,44,18,67,,,,141,154,,,87,42,,,,,307,,,,,365,,,,,,,,,517,,,481,282,,571,82,297,,,,217,418,200,,,,332,443,177,161,,69,806,268,111,286,264,161,309,806,,,,,,,,,277,517,,,,,,,,,,,,,,520,,,,,,,,,,,,,,,,,,,,,,,,,293,435,,441,,,,974,370,622,,409,,,,,172,203,129,,,,,164,,,254,17,,901,,,,,,,,,,,,,,,,512,,,,151,,,,,,,,,153,,,,,,,,,,,,,,,,,,127,167,,254,,,,,,,363,403,649,336,394,,128,,,448,,,1334,,,,,,,,,,,,,,,,,,,,,,,,,,,,,,,,,,,,,,,,,,,,,,,,,,,,,,,,311,,,,,,85,206,500,,,,344,199,,202,,,,,197,,,,261,,297,183,107,143,740,,,55,,,,,,,,,,,,,,,,,,,,,,,,,,,,,,,,735,,,,722,,,,,,,,,159,,,,,,,,,,,,,,,,,275,155,,,193,684,,,15,,,112,,,,42,,,,,,,,,,200,,,,,,,,,,,,,,,,,,,,,,,,,,,,,,,,,,690,146,,464,,357,,,,206,,337,,71,,,,,,,461,213,,,,,,,596,,,546,,,,,,351,
2026-09-18T04:05:02+00:00,,,,,,52,,,,,,,,,,,,,,,,,446,404,380,,,,,,50,979,25,108,65,,,,,,163,150,,,,,,,,,,,,,,,28,45,17,,,,,139,153,,,,,18,,,,,,,,220,,,,,,,,,,,,,,,,,,,,,,,,,,,,,,,,,,,,,,,,,,,,,,,,,,,,,,,,,,,,,,,,,,,,,,,,,,,,,,,,,,,,,,,,,,290,434,533,,,,,,363,621,,,,,,,171,193,,91,,,280,,,,246,17,,902,,,,,,,,,,,,,,,,,,,,,,,,,,,,,,,,,,,,,,,,,,,,,,547,,,,,,,,,,442,,401,647,,,558,,,,449,,,1330,,,,,,,,,,,,,,,,,,,,,,,,,,,,,,,,,,,,,,,,,,,,,,,,,,,,,,,,,,49,,,151,,204,499,,,,338,195,,203,,,,87,,,,33,246,180,296,182,108,,731,38,,,99,,,,1075,299,,152,,,,,,,,,,,,,,,,,,,,,,,,,,,76,720,,,349,,,335,,,,,,,,,,,,,,,297,,,,,,,758,263,,683,,,,,,109,,,,43,,,196,,,,,,,,,,,,,,,,,,,,,,,,,,,,,,,,,,,,,,,,,,,,462,,,,,,205,293,,,,,,,,,,,,,,,,,,595,,,,,,,,,,
2026-09-18T04:10:01+00:00,208,,,,,,,,,,,,,,,,,,,,,,445,403,,,,,,,51,978,,,,,,,,,162,,,,,,,,,,,,,,,,29,44,,66,,,,,151,,234,,,,,,,305,,,,219,,,,,,,,,,,,,480,,,572,81,,220,,,,415,,,,,331,442,176,,,,,,110,283,,160,310,798,,,,,,,,,,,,,,,,,,,,,,,,,,,,,,,,,,,,,,,,,,,,,,,,,288,,534,,,,,,355,,,,,,,,,,,,,,,,,,242,17,,,,,,,,,,,,,,,,,,511,,8,,,,,,,,,,,151,,,,,,,,,,,,,,,,,,,,,,,,,,,443,362,397,,335,393,,,,,,86,,1329,,,,,,,,,,,,,,,,,,,,,,,,,,,,,,,,,,,,,,,,,,,,,,,,,,,,,,,,309,,,,117,150,,203,,,,,337,193,,,,,,,,,,,240,,,180,,142,728,,,,,,,,,,,,,,,,,,,,,,,,,,,,,,,,,,,,,,,,,,,,,,,,,,,,,,,,,,,,,,,,,,156,,,,690,,245,,,,,,,,,,,,,,,,,,,,,,,,,,,,,,,,,,,,,,,,,,,,,,,,,,,,689,,,461,,,,,565,,,,,,,138,,,,,,,,,,,,,,,,,,,,,,,
2026-09-18T04:15:01+00:00,,,,,,,,264,,,,,,327,,,,,,,,,,402,,,,,,,,976,,105,,,,,,,,149,,87,,,,,,,,,382,42,,,,,,63,,,,138,150,,235,,,,,,,304,,,,220,363,,283,,135,,,197,,516,,319,,281,222,570,82,287,,268,,,,,,,283,327,441,,160,714,68,,,104,279,262,,309,793,,,,92,,,952,,,509,,,,,,,,,,,,,,515,,,,,,226,,,,,,,,,,,,,,,,,,,,432,,,,,,973,349,,,,,406,,332,168,188,,88,,235,281,,,,239,17,147,,,,,,,,,,,,,,,,,509,,9,,,,,,,,,,,152,,,,,,,,,,,,,,,,,546,124,165,271,,,,399,,,,,396,645,332,,557,,,,448,,,,,,,,,,,,,,,,,,,,,,,,,,,,,,,,,,,,,,,,,,,,,,,,,,,,,,,,,,,308,,43,128,,149,84,200,498,421,,,336,191,,204,21,,19,,195,,,,235,,294,181,107,144,724,,,,,,,,,,,,,,,,,,,,,,,,,,,,,,,,,,,731,,,75,,,,348,,,,,,,,,,,,,,,,,,,,,,,273,,759,,188,,,,,,,107,,,,41,,,195,,,,,362,,,201,,,,,,,,,,,,,,,,,,,,,,,,,,,,,,,,,,145,,,,,,,,,292,,,,,,230,,,,,,,,,,,,,,,,,,,,,,
2026-09-18T04:20:01+00:00,,,,,,50,,,,,,288,,,486,,,,,,,,,,,,,,,,,975,,,,,,,,,,,,88,,,,,,,,,,40,,,,,16,,,,,139,,,,,,,,,,303,,,,222,,,,,,,,,,,,,,,,,,,,,,,,,,,,,,,,,,,,,,,,,,,,,,,,,,,,,,,,,,,,,,,,,,,,,,,,,,,,,,,,,,,,,,,,,,286,430,536,440,,,,,344,,,,,,,,,,,,,,,,,,,17,,,,,,,,,,,,271,,,,,,507,,8,,,,,,,,,,,,,,,,,,,,,,,,,,,,,125,164,,253,,,,,,,,393,643,331,,556,127,,,447,,,1324,,,,,,,,,,,,,,,,,,,,,,,,,,,,,,,,,,,,,,,,,,,,,,,,,,,,,,,,307,,,129,,,,199,,,,,335,190,,,,,,,,,,,234,,293,180,,,722,39,,,94,316,457,70,1073,,,,,191,,,,,,,,,,,,,,,,,,,,,,730,,,,,,324,,,,,,,,,,,,,,71,,,311,69,,,271,261,,,,758,262,,,,,,,,106,133,,,,,,,,,,,361,,,,,,,,,,,,,,,,,,,,,,,,,,,,,,,,,,,,,,,463,,,,,,204,,,,,,,,,,,,214,,,,,,,,,,,,,,,,,
2026-09-18T04:25:01+00:00,,,,,,51,,,,,,,,325,,,,,,,,,,401,378,,,,,,,,,104,,,,,,,,,,87,,,,,,,,,381,41,,,,41,15,62,,,,,149,,,,,,,,,301,,,,221,362,,,192,,,,,,515,,,478,280,,569,81,,,267,511,,412,,,,281,,,,,713,,,265,103,276,260,,,788,,8,472,,,,944,,,,,,,,,,,,297,,,,,512,,,,,,,,,,,,,,,,,,,,,,,,,294,429,,,,,,972,340,619,,408,,,,327,164,167,130,85,197,234,279,163,,,234,17,146,,,,,,,,,,,,,,,,,506,,,,,,,,,,,,,153,,,,,,,,,,,,,,,,205,,128,,,,427,,398,,,442,,392,641,330,,,,,,445,85,,1319,,,,,,,,,,,,,,,,,,,,,,,,,,,,,,,,,,,,,,,,,,,,,,,,,,,,,,,,303,,,,116,,,195,496,,,,333,189,,203,,,,,,,,30,231,,,177,,,714,,,,89,,426,,1072,,,,,190,,,,,,,,,,,,,,,,,,,,,,728,,,,,,,,,,334,,,,,,,,,,,,,310,,296,,270,,,271,,,261,,,,244,,,,,,,,,,,,,,,,,,,,,,,,,,,,,,,,,,,,,,,,,,,,,,,,,,,,688,,,462,,356,,,,202,,,,70,,137,228,,,,,,,,,,,,,,,,,,,,,,
2026-09-18T04:30:01+00:00,206,,,,,,,,,,,286,,323,,,,,,,,,,400,,,,,,,49,974,,103,,139,,,,,158,,,,,,,,,,,,379,,,,28,39,16,,,,,137,148,,,,,,,,,,,,,219,,,,,,,,,,,,,,,,,,,,,,,,,,,,,,,,,,,,,,,,,,,,,,,,,,,,,,,,,,,,,,,,,510,,,,,,223,,,,,,,,,,,,,,,,,,,295,,,,,,,,337,618,,,,,,,,,,,,,,,,,233,17,,,,,,,,,,,,,,,,,,503,,,111,,,,,,,,,,152,,,,,,,,,,,,,,,,,545,127,,,252,426,,395,68,,,360,391,640,,390,554,125,,,444,86,,1317,,,,,,,,,,,,,,,,,,,,,,,,,,,,,,,,,,,,,,,,,,,,,,,,,,,,,,,,,135,,,,,85,191,,,,,332,188,,202,,,18,,,,,,228,,,175,,,712,,144,,,,,,,,,,,,,,,,,,,,,,,,,,,,,,,,,725,,,74,719,,,,,,331,,,160,,,,,,,,,,,67,,,269,,,270,,757,,,,,,,,,,,,,39,,255,,,,,,363,,199,,,,,,,,,,,,,,,,,,,,,,,,,,,,,,,,,,,144,,,,,,,,,291,,,,,,227,91,,,,,,,,,,,,,,,,,,,,350,
2026-09-18T04:35:01+00:00,204,,,,,,,,,,,,,322,,,,,,,,,,397,,,,,,,50,971,24,,,,,,,,157,148,,,,,,,,,,,376,,,,,41,,63,,,,,146,,,,,,,,,300,,,,,363,,,191,,,,198,,514,,,477,,221,,80,,,266,509,,,199,,,279,326,440,,158,712,67,804,,100,271,259,162,306,783,,9,,,,,,,,,,,,,,,,,,,,,,,,,,,,,,,,,,,,,,,,,,,,,,,,428,,438,,,,971,335,,,,,405,,325,156,155,131,79,196,233,,,174,,227,17,,,,,,,,,,,,,,,,,,,,,,,,,,,,,,,,,,,,,,,,,,,,,,,,544,132,163,,253,425,,394,67,,441,,,636,329,389,553,,,,443,,,,,,,,,,,,,,,,,,,,,,,,,,,,,,,,,,,,,,,,,,,,,,,,,,,,,,,,,,,300,134,,,,,81,188,494,420,,,331,,,204,,,16,,196,270,,31,227,,,,,146,707,,145,,,,,,,,,,,,,,,,,,,,,,,,,,,,,,,,,,,,,,,,,,,,,,,108,,,,,,,,,,,297,,265,,,,,754,,,688,,,16,,,102,,,,38,,253,194,,,,,,,,,,,,,,,,,,,,,,,,,,,,,,,,,,,,,,,,,,,,,,,,,,,,336,,71,,136,,,,,,,,,,,,,596,126,,,,,,,,349,
2026-09-18T04:40:01+00:00,205,,,,,,,,,,,,,320,485,,,,,,,,444,391,,,,,,,,970,,,,,,,,,158,,,,,39,,,,,,,375,,,,,42,,64,,,,136,,,,,,,,,,296,,,,,,,,,,,,,,,,318,472,279,220,567,,,,263,507,216,409,,140,,276,322,439,,156,711,,800,262,98,261,250,163,299,773,,,,,,,942,199,275,509,59,,390,,,,,,296,,,,,508,,,,,,221,,,,,,,,,,,,,,,,,,,296,,,437,,,,967,334,,,,,,,,,,,,,,,,172,,226,17,,,,,,,,,,,,,,,,,,501,,7,,,,,,,,,,,,,,,,,,,,,,,,,,,,543,133,162,,,,,392,68,,,,389,632,327,386,551,122,,,442,,,1307,,,,,,,,,,,,,,,,,,,,,,,,,,,,,,,,,,,,,,,,,,,,,,,,,,,,,,,,296,,42,,,,,186,,418,34,,325,,,,,,,,195,,,,229,179,,170,,,695,,,,87,313,425,68,1069,298,,,195,,,,,,,,,,,,,,,,,,,,,,,,,,,,,323,,,,,,,,,,,,,,,,,309,66,296,,263,,,,,753,260,,687,64,,,,,,,,,,,,,,,,,,,,,,,,,,,,,,,,,,,,,,,,,,,,,,,,,,,,,,145,,,,355,,,,,,,81,,,134,,,,,,,,,,,,,,,,,,,55,,,,135
2026-09-18T04:45:01+00:00,206,,,,,,,,,,,285,,318,,,104,,,,,,443,385,,,,,,,,965,,102,64,,,,,,159,149,,88,,38,,,,,126,,370,,,,,,15,91,,,,135,144,,234,86,,17,,,,294,,,,217,359,229,,189,,,,,,,,,,,,,,,,,,,,,,,,,,,,,,,,,,,,,,,,,,,,,,,,,,,,,,,,,,,,,,,,,,,,,,,,,,,,,,,,,,,,,,294,,535,436,,,,968,333,,,,,402,,327,154,235,,77,,231,,,171,,228,17,,901,,,,,,,,,,,,,,,,,,,,,,,,,,,,,,,,,,,,,,,,,,,,,,,,163,272,,,,391,,,,359,,631,324,,549,121,,,441,,,1289,,,,,,,,,,,,,,,,,,,,,,,,,,,,,,,,,,,,,,,,,,,,,,,,,,,,,,,,291,,,,,148,,184,491,,,,326,186,,205,,,,,,,,,230,,289,168,106,,686,,,,83,311,424,,1066,,,153,192,191,,,,,,,,,,,,,,,,,,,,,,,,,73,718,,321,,,,,,,,,,,,,,,,,308,,295,,261,,,,155,750,259,186,,,242,17,159,,103,,,,40,,,,,,,,362,,,,,,,,,,,,,,,,,,,,,,,,,,,,,,,,,,,,687,,,463,,353,,93,,,,,,,,133,,,,,,,,,,,,,,,,545,,,,,,,134
2026-09-18T04:50:01+00:00,205,,,,,50,,,,,,,,,484,,,,,,,,,380,,,,86,,,49,963,,101,,,,,,,158,148,,,,,,,,,,,368,,,,27,41,,92,,,18,133,142,,233,,,18,,,,291,,,,,,,,,,,,,,,176,316,466,278,219,,,,219,262,504,,406,,,,274,,438,,,,66,,,99,258,248,,298,771,,,,,,,933,,276,508,58,,388,,,,,,,,,,,504,,,,,,,,,,,,,,,,,,,,,,,,,,424,,435,,,,965,332,617,,407,,,,,,,,,,,,,,,229,17,,902,,,,,,,,,,,,,,,,500,,5,,,,,,,,,,,147,,,,,,,,,,,,,,,,204,,132,,270,251,,,390,,13,,358,386,626,322,383,547,120,,,440,,,1283,,,,,,,,,,,,,,,,,,,,,,,,,,,,,,,,,,,,,,,,,,,,,,,,,,,,,,,,284,,,,,,,181,488,,,31,325,,,202,,,,88,192,,,32,229,,,166,107,145,670,,,54,,,,,,,,,,,,,,,,,,,,,,,,,,,,,,,,722,,199,71,715,,316,347,,,330,,,159,,,,,,,,,,307,62,291,,256,257,,267,156,,257,,,65,240,,,,,,,,,,,,,,,,,,,,,,,,,,,,,,,,,,,,,,,,,,,,,,,,,,,,,,,,,352,,94,,,290,335,,,,131,,90,,,,,,,,,,,,,,544,,,,,,350,
2026-09-18T04:55:01+00:00,204,,,,,,,,,,,284,,317,483,,,,,,,,,377,,,,,,,47,958,,98,,,,,,,156,,,87,,33,,,,,,,363,40,,,28,38,14,,,182,,,140,,,,,,,,,290,,,,,354,230,282,,134,,,,,,174,315,452,,220,564,,,,260,501,215,402,198,139,,268,323,433,,154,708,67,,260,96,246,247,,296,762,,,,,,,,,,,,,,,,,,,297,,,,,503,,,,,190,223,,,,,,,,,,,,,,,,,,,,419,533,434,,,,964,331,618,,,,406,,326,152,222,,70,194,,278,162,,,228,16,,901,,,,,,,,,,270,,,,,,499,,,,,,,,,,,,,148,,,,,,,,,,,,,,,,,541,128,161,,250,424,,387,,,,356,,622,321,382,545,116,,,439,,,1270,,,,,,,,,,,,,,,,,,,,,,,,,,,,,,,,,,,,,,,,,,,,,,,,,,,,,,,,282,133,,,,,82,178,486,,,,321,185,,203,,,,,,268,,,230,177,288,162,,,659,,,,78,312,,67,1065,305,,,191,,,,,,,,,,,,,,,,,,,,,,,,,,69,713,,313,345,,,,,,160,,,,,,,,,,,60,288,,255,256,,264,,749,256,187,681,,,15,,,101,,,,38,295,,193,,,,,359,,,,,,,,,,,,,,,,,,,,,,,,,,,,,,,,,,,,685,,,464,99,,,,,,,336,,,,,,,,,460,,,,69,,,,,,,543,,,56,,,,
2026-09-18T05:00:01+00:00,202,,,,,51,,,,,,,,315,480,,,,,,,,442,371,,,,,,,48,,23,97,,,,,,,,147,,85,,28,,,,,124,,358,,,,29,37,,90,,180,,,,,232,,,,,,,285,,,,,,,,,,,,,,,,,,,,,,,,,,,,,,,,,,,,,,,,,,,,,,,,,,,,929,198,,,59,,386,,,,,,,,,,,,,,,,,,,,,,,,,,,,,,,,,,,,286,414,534,430,,,,959,,,,406,,,,,,,,,,,,,167,,,16,,,,,,,,,,,,,,,,,,496,,6,110,,,,,,,,,,,,,,,,,,,,,,,,,,,536,127,159,268,249,,,,,,,354,381,621,318,381,542,115,,,440,85,,1252,,,,,,,,,,,,,,,,,,,,,,,,,,,,,,,,,,,,,,,,,,,,,,,,,,,,,,,,280,,41,,117,146,83,171,484,419,,30,312,184,,201,,,,,191,267,,31,222,176,286,157,106,,643,,,,,,,,,,,,,,,,,,,,,,,,,,,,,,,,,,,,,,,,,,,,,,,,,,,,,,,,,,,,,,,,,,,748,257,189,678,,237,,157,,98,,,,36,,251,190,,,,,,,,199,,,,,,,,,,,,,,,,,,,,,,,,,,,,,,,,,683,,,465,,350,,,564,201,289,,,,,130,,,397,198,,,,,,,,,595,,,,,,,,,,
2026-09-18T05:05:01+00:00,,300,,,647,53,,265,300,354,,282,,313,,,,,,,,,,364,,,,,,,46,956,22,93,65,,,,,,,145,,,,29,,,,,123,,356,42,,,30,38,,89,,179,19,130,136,,231,,,,,,,284,,,121,218,355,229,281,,133,,,196,,515,,,449,,219,560,79,,,258,498,,403,,138,,,321,431,,153,707,68,796,259,95,244,245,164,292,761,,,,,,,,,,,,,,,,,,,,,,,,499,,,,,,222,,,,,,,,,,,,,,,,,,,282,413,,,,,,955,,617,,405,,410,,329,,212,,63,192,232,277,,,,227,16,,900,,,,,,,,,,269,,,,,,495,,5,,,,,,,,,,,149,,,,,,,,,,,,,,,,,533,126,,267,248,,,386,,,,351,380,617,314,375,,114,,230,439,84,,1234,,,,,,,,,,,,,,,,,,,,,,,,,,,,,,,,,,,,,,,,,,,,,,,,,,,,,,,,277,132,40,,118,145,,163,482,418,35,,307,181,,199,,,,,,275,124,29,208,174,,151,105,,633,,,53,73,309,422,,1063,,,,190,193,,,,,,,,,,,,,,,,,,,,,,719,,,,,,314,,,,328,,,159,107,,,,,,,,,304,61,286,,253,255,231,263,,749,,,672,,234,,,,,,,,,,,,,,,,,,,,,,,,,,,,,,,,,,,,,,,,,,,,,,,,,,,,,,,464,,,,,,,288,,79,,,129,226,,,197,,215,,,,,,,,,,,,,,,,349,
2026-09-18T05:10:01+00:00,201,297,,,,,,,,,,,,312,477,,,,,,,,,355,,,,,,,45,950,,92,66,140,,,,,,146,,,,,,,,,122,,353,43,,,29,37,,94,,178,,129,,,,85,41,,,,,283,,,,220,351,,,,132,,,197,,,,313,446,,218,557,,,218,257,495,,,197,,,266,,,,,,,,258,,241,241,165,288,752,,,470,90,109,215,926,,274,506,,,385,,,,,,298,,,,,495,,,,,,221,,,,,,,,,,,,,,,,,,,279,410,532,429,67,,,951,330,,,,,,,,,,,,,,,,,,226,16,,,,,,,,,,,,268,,,,,,486,,,109,,,,,,,,,,148,,,,,,,,,,,,,,,,,,,,,,,,,,,438,348,378,,313,372,539,,,229,,83,,,,,,,,,,,,,,,,,,,,,,,,,,,,,,,,,,,,,,,,,,,,,,,,,,,,,,,,,,,,,,,,,,,,,,,,,,,,,,,,,,,,,,,,,,,,,,,,,,,,,,,,,,,,,,,,,,,,,,,,,,,715,,,68,,,,,,,326,,,,106,,,,,,,,,302,60,,,,,222,260,,,,,,,,16,,,93,,,,37,297,250,188,239,,204,,360,,,,,,,,,,,,,,,,,,,,,,,,,,,,,,,,,,,,681,144,,,,349,,,,,,,,72,,,,,396,,,,,,,,,,593,,,542,,203,,,,,
2026-09-18T05:10:02+00:00,,,,,,,,,,,,,,,,,,,,,,,,,,,,,,,,,,,,,,,,,,,,,,,,,,,,,,,,,,,,,,,,,,,,,,,,,,,,,,,,,,,,,,,,,,,,,,,,,,,,,,,,,,,,,,,,,,,,,,,,,,,,,,,,,,,,,,,,,,,,,,,,,,,,,,,,,,,,,,,,,,,,,,,,,,,,,,,,,,,,,,,,,,,,,,,,,,,,,,,,,,,,,,,,,,,,,,,,,,,,,,,,,,,,,,,,,,,,,,,,,,203,529,123,157,266,,,,387,,,,,,,,,,,,,,,,,,,,,,,,,,,,,,,,,,,,,,,,,,,,,,,,,,,,,,,,,,,,,,,,,,,,,,,,273,,37,128,,,82,159,477,,,,302,179,,,,,,,190,,123,,198,,284,136,104,,601,,,52,,,,,,,,,,,,,,,,,,,,,,,,,,,,,,,,,,,,,,,,,,,,,,,,,,,,,,,,,,,,,,,,747,,,668,64,229,,,,,,,,,,,,,,,,,,,,,,,,,,,,,,,,,,,,,,,,,,,,,,,,,,,,,,,,,,,,,,,,,,,,,,,,,,,,,,,,,,,,,,,,,,
2026-09-18T05:15:01+00:00,199,294,,,643,52,,263,,,,,,311,475,,,,,,,,441,353,376,,,,,,46,947,20,90,,,,,,,,145,,,,26,,,,,,,350,44,,,30,38,,,,,,,135,,,,40,,104,,,282,,,122,219,,,,,,,,,,,170,309,437,,215,552,78,,216,251,,,,,,,256,315,430,,147,706,,780,251,93,229,236,163,286,735,,8,469,89,,,,,,,,,,,,,,,,,,,,,,,,,,,,,,,,,,,,,,,,,,,,,276,408,527,430,,,,,,616,,403,,409,,320,151,211,129,44,187,229,,,,,,,,,,,,,,,,,,,,,,,,483,,3,,152,,,,,,,,,147,,,,,,,,,,,,,,,,,,,,,,,,,,,436,347,375,612,308,366,535,112,,228,437,,,1221,,,,,,,,,,,,,,,,,,,,,,,,,,,,,,,,,,,,,,,,,,,,,,,,,,,,,,,,,,,,,,,,,,,,,,,,,,,,,,,,,,,,,,,,,,,,,,,,,,,,,,,,,,,,,,,,,,,,,,,,,704,,,66,712,,,344,,,327,,,,,,,,,,72,,,298,59,282,,250,252,216,257,,,,,,,,,,,,,,,,,,,,,,,,,,,,,,,,,,,,,,,,,,,,,,,,,,,,,,,,,,,679,,,,,345,,,,,,333,78,73,,,227,,397,196,459,,,,,,,,,,,541,,202,,,,348,
2026-09-18T05:15:02+00:00,,,,,,,,,,,,,,,,,,,,,,,,,,,,,,,,,,,,,,,,,,,,,,,,,,,,,,,,,,,,,,,,,,,,,,,,,,,,,,,,,,,,,,,,,,,,,,,,,,,,,,,,,,,,,,,,,,,,,,,,,,,,,,,,,,,,,,,,,,,,,,,,,,,,,,,,,,,,,,,,,,,,,,,,,,,,,,,,,,,,,,,,,,,,,,,,,,225,16,,,,,,,,,,,,,,,,,,,,,,,,,,,,,,,,,,,,,,,,,,,,,,,,524,116,154,265,247,423,,386,,,,,,,,,,,,,,,,,,,,,,,,,,,,,,,,,,,,,,,,,,,,,,,,,,,,,,,,,,,,,,,,,,,,,,,,,130,36,,,,,157,471,,,,300,177,,196,20,,,,189,274,122,28,190,,281,135,,,598,,144,,,,,,,,,,,,,,,,,,,,,,,,,,,,,,,,,,,,,,,,,,,,,,,,,,,,,,,,,,,,,,,,154,744,,,662,65,227,,,,90,,,51,38,,251,,,,202,,358,,197,,,,,,,,,,,,,,,,,,,,,,,,,,,,,,,,,,,,,,,,,,,,,,,,,,,,,,,,,,,,,,,,,,,,,,,,
2026-09-18T05:20:01+00:00,198,,,,,51,,,298,353,,281,,310,472,,,,,,,165,440,346,,,,,,,48,945,17,,65,139,,,,,157,147,,82,,,,,,,123,,345,,,,33,39,13,93,,179,20,126,,,,,39,17,,,,,,,123,,350,230,,,,,,195,,,,,,,,,,,,,,,,,,,,,,,,,,,,,,,,,,,,,,110,,910,,275,,,,,,,,,,,,,,,491,,,,,189,219,,,,,,,,,,,,,,,,,,,,409,524,,,,,944,,,,404,,,,,,,,,,,,,164,,228,16,147,901,,,,,,,,,,,,,,,,480,,1,108,,,,,,,,,,,,,,,,,,,,,,,,,,,520,112,,263,246,421,,384,,,435,345,374,607,304,360,534,113,,227,435,81,,1205,,,,355,,127,,,,,,,,,,,170,85,65,27,,,,,,,17,249,342,,,339,,,,,,,,,,,,25,,,,,,,,,,,,269,,,127,,,80,152,467,419,,,294,175,16,,,,,,186,273,,,182,,280,127,,,564,,,51,69,305,420,68,1061,,,,191,194,,,,,,,,,,,,,,,,,,,,,,703,,,64,,,312,,,322,325,,,,,,,,,,71,,,,,274,,247,249,213,253,,740,,190,656,66,,,,,,,,,,,,,,,,,,,,,,,,,,,,,,,,,,,,,,,,,,,,,,,,,,,,,678,,,,98,344,,,565,,,332,77,,,128,,,398,,458,,,,,,,,,125,,,,,57,,,347,133
2026-09-18T05:25:02+00:00,199,,,,642,53,,264,297,352,,278,,308,470,,,,,,,,,339,375,,,,,,,940,,,,,,,,,156,148,,,,25,,,,,,,343,,,,31,37,,91,,,18,125,127,85,,86,,,,,,277,,,,222,,,,,,,,,,,168,308,432,,213,551,,288,,248,,,402,,,,254,314,429,,145,702,67,,249,91,224,233,,285,728,,,,88,,,,,,,,,,,,,,,,,,,,,,,,,,,,,,,,,,,,,,,,,,,,,275,401,522,427,,,,942,,,,402,,,,301,150,205,126,25,178,226,276,161,162,,226,16,146,,,,,,,,,,,,,,,,,474,,0,106,,,,,,,,,,146,,,,,,,,,,,,,,,,,512,104,149,258,245,418,,387,67,,432,341,368,603,302,352,529,111,,226,430,76,,1181,,,,,,128,,,,,,,,,,,,,,,,,,,,,,247,,,,338,,,,,,,,,,,,23,,,,,,,,,,,,265,131,34,126,116,143,,147,459,416,34,28,281,172,15,195,17,,,91,184,271,,27,168,172,276,119,103,144,542,38,142,,55,291,,,1059,302,,,190,193,,,,,,,,,,,,,,,,,,,,,,695,,196,61,713,,307,,,,,,,,,,,,,,,,,290,,272,,241,248,205,252,152,737,254,189,651,,225,,156,370,86,,,,,295,253,,,,201,,357,,194,,,,,,,,,,,,,,,,,,,,,,,,,,,,,,,,,,676,,,459,99,340,307,,563,197,,331,,74,,,,,397,,459,213,,,,,,,592,,,,,,,,,345,
2026-09-18T05:30:02+00:00,196,,56,,638,52,,263,,351,,273,,,468,,,,,,,164,,333,376,,,87,,,47,935,,91,,,,,,3,153,145,,,,,,,,,121,,342,,111,,32,36,,94,,,19,122,126,,232,,,,,,,278,,,122,,355,228,279,,129,223,,,,514,,,428,276,214,546,,287,,,494,216,403,194,137,,248,312,427,,146,701,,,,93,218,224,,282,715,,,,,108,,907,199,273,509,,,,,,,,,297,,,,,488,,,,,,218,,,,,,,,,,,,,,,,,,,,400,519,423,,,,938,329,615,,,,,,,,,,,,,,,,,227,16,,,,,,,,,,,,,,,,,,462,,,104,,,,,,,,,,143,,,,,59,,,,,,,,,,,202,507,99,147,257,240,,,386,69,,428,338,365,596,299,351,525,110,,225,427,,,1178,,,,354,,,,,,,,,,,,,166,,64,28,,,,,,,,246,,,,,,,,,,,,,,,,,,,,,,,,,,,,,130,,,113,142,79,142,453,,,27,278,,,,,,15,90,,269,,24,155,170,275,113,102,143,523,41,,,,,,,,,,,,,,,,,,,,,,,,,,,,,,,,,,,,,,,,,,,,,,,,,,,,,,,,,,,,,,,,,,733,251,188,644,65,221,,,,,,,,,,,,,,,,,,,,,,,,,,,,,,,,,,,,,,,,,,,,,,,,,,,,671,,,,100,337,,,,196,286,,,75,,127,,,394,,456,,,,,,,,591,,,539,,200,,,,343,
2026-09-18T05:35:02+00:00,,292,,,630,,71,264,,354,,275,,,467,,103,,,,,,436,323,377,,,,,,46,930,19,89,,140,,,,,150,146,,,,23,,,,,,,339,43,,,33,,11,96,,,20,123,118,,,,38,,,,,276,,,121,219,,,,,,,,,,,,,,,,,,,,,,,,,,,,,,,,,,,,,,,,,,,,,,,,,,,,,,,,,,,,,,,,,,,,,,,,,,,,,,,,,,,,,,,,,,273,394,514,421,66,,,937,,,,397,289,408,,256,151,200,123,17,137,222,272,158,164,,226,16,145,,,,,,,,,,,,,,,,,452,,,,,,,,,,,,,144,,,,,,,,,,,,,,,,200,499,92,145,254,239,416,,385,64,,,,362,590,295,343,520,109,,223,426,74,,1161,,,,,,,,,,,,,,,,,165,83,,26,,,,,,,,245,,,,337,,,,,,,,,,,,,,,,,,,,,,,,262,129,33,125,111,141,,138,449,413,,25,273,171,,190,16,,13,88,182,,,18,143,168,264,106,,,503,,,49,46,277,416,66,1053,299,,,189,,,,,,,,,,,,,,,,,,,,,,,687,,194,,712,,296,,,323,323,,,160,,,,,,,67,,,283,54,263,,233,243,191,250,150,731,248,186,640,,217,17,,,82,132,,,41,294,,,237,,,,356,,,198,,,,,,,,,,,,,,,,,,,,,,,,,,,,,,,,,,143,,456,,333,,93,,195,282,330,,73,,126,,,392,,454,212,,,,,,,585,,,538,,199,56,,,342,
2026-09-18T05:40:02+00:00,,289,,,627,53,,263,296,,,273,,306,461,,,,,,,,435,319,376,,,88,,,45,927,20,88,,141,,,,,149,147,,,,,,,,,123,,340,,,,35,35,,,,,,,117,,231,85,39,,,,,272,,,120,,,226,277,,,222,,194,,513,162,307,416,,211,539,,,,245,486,217,402,192,,,244,309,424,,,699,69,779,246,,203,228,160,279,893,,,466,86,103,214,894,198,,511,,,386,,,,,,,,,,,486,,,,,,214,,,,,,,,,,,,,,,,,,,,392,505,411,,,,934,,613,,394,,,,,,,,,,,,,163,,224,16,,902,,,,,,,,,,,,,,,,443,,,103,,,,,,,,,,,,,,,,,,,,,,,,,,,492,85,140,,237,413,,,66,12,426,330,353,578,290,332,513,108,,221,421,73,,1146,,,,,,,,,,,,,,,,,,,,,,,,,,,,247,,,,331,,,,,,,,,,,,,,,,,,,,,,,,257,128,31,126,109,139,,135,444,,,,270,168,14,186,15,,12,,,266,,17,136,166,262,99,101,,495,,,48,,,,,,,,,,,,,,,,,,,,,,,,,,,,,,,,675,,192,59,711,,292,341,,310,318,,,159,105,,,,,,65,,,278,53,257,,229,242,187,,,729,242,182,630,63,221,,,369,78,131,,,42,292,254,,,,,,354,,,195,,,,,,,,,,,,,,,,,,,,,,,,,,,,,,,,,670,142,,,99,330,,,562,,280,331,78,74,,,,90,390,195,455,214,,,,,,523,,,,,,,57,,,339,134
2026-09-18T05:45:02+00:00,193,286,,117,624,,,,,,,270,,303,455,,101,,,,,163,433,314,374,,,89,,,,923,,83,,140,,,,0,,,,83,,22,,,,,121,,337,,110,,,34,,97,,,,,115,,232,,,18,,,,270,,,,218,,,,,,,,,,,,,,,,,,,,,,,,,,,,,,,,,,,,,,,,,,,,,,,,,,,,,,,,,,,,,,,,,,,,,,,,,,,,,,,,,,,,,,,,,,268,385,502,402,64,,,928,327,612,,390,286,406,,205,,117,119,12,107,218,269,157,161,,222,16,144,,,,,,,,,,,,,,,,,434,,,,153,,,,,,,,,143,,,,,,,,,,,,,,,,,483,73,139,250,235,412,,379,,13,420,326,352,570,286,324,498,105,,216,419,67,,,,,,353,,127,,,,,,,,0,,,165,83,63,20,,,,450,,,17,,343,,,,,,,,,,,,,,,24,,,,,,,,,,,,249,125,,,107,136,81,126,437,,32,24,258,170,13,184,,,10,,180,259,,14,127,164,261,90,102,142,478,,,46,35,248,411,,1046,300,,,188,196,,,,,,,,,,,,,,,,,,,,,,,,,,,,,,,,,,,,,,,,,,,,,,,,,,,,,148,720,240,181,622,,217,,,,,,,,,,,,,,,,,,,,,,,,,,,,,,,,,,,,,,,,,,,,,,,,,,,,,,80,454,100,,306,,,,276,330,,,,124,,,,,454,,,,,,,,582,,,535,,,56,,,336,133
2026-09-18T05:50:02+00:00,192,285,,,619,,,,,353,,262,,304,454,,96,,,,,162,432,299,371,,,,,,46,918,19,80,,,,,,,,,,80,,,,,,,,,332,42,109,,33,35,,96,,,,,114,86,,,38,,103,,,261,,,,219,352,,275,184,126,221,,193,,510,160,304,409,270,208,532,77,284,,233,479,219,397,188,136,,237,302,422,175,,697,68,770,243,94,183,219,158,273,859,,,463,84,102,213,880,194,,,,,,,,,,,295,,,,,478,,,,,,211,,,,,,,,,,,,,,,,,,,266,377,496,393,63,,,918,326,606,,387,,,,,,,,,,,,,160,,219,16,135,901,,,,,,,,,37,267,,,,,,418,,,98,,,,,,,,,,138,,,,,,,,,,,,,,,,,476,67,137,245,233,409,,378,61,,414,317,351,560,284,315,492,104,,211,412,65,,1124,,,,351,,125,,,,,,,,,,,,81,61,21,,,,,,,18,246,,,,329,,,,,,,,,,,,22,,,,,,,,,,,,,123,29,,106,135,80,,436,410,,,254,165,,182,14,,7,,179,,,13,120,,259,89,99,141,464,,,45,,,,,,,,,,,,,,,,,,,,,,,,,,,,,,,,662,85,185,56,708,,284,337,,306,316,,,160,102,,,,,,59,,,275,54,254,,216,231,173,249,150,717,229,177,617,61,210,18,,370,74,128,,50,47,,,189,,,198,,352,,191,194,,,,,,,,,,,,,,,,,,,,,,,,,,,,,,,,,666,,79,451,95,325,,,,,275,328,,,,,,88,384,191,,213,,,,,,,581,,,531,,,55,,,334,
2026-09-18T05:55:01+00:00,191,,,,616,52,,262,294,352,,260,,302,448,,,,,,,,429,287,372,,,90,,,45,914,,74,,,,,,,146,,,79,,21,,,,,120,,331,,110,,32,,,94,,,18,124,110,,,,39,,102,,,258,,,,218,,,,,,,,,,,,,,,,,,,,,,,,,,,,,,,,,,,,,,,,,,,,,,,,,,,,,,,,,,,,292,,,,,474,,,,,188,206,,,,,,,,,,,,,,,,,,,260,367,484,384,62,,,916,324,605,,385,285,404,,169,150,109,114,11,89,211,264,153,158,,216,16,133,900,,,,,,,,,36,,,,,,,410,,,,,,,,,,,,,137,,,,,,,,,,,,,,,,,459,48,134,240,225,401,,368,67,,413,309,347,552,281,304,481,101,,208,409,63,,1105,,,,350,,127,,,,,,,,,,,161,79,57,,,,,,,,,245,342,,,328,,,,,,,,,,,,19,,,,,,,,,,,,244,120,,125,103,133,76,112,434,408,31,25,244,164,,179,,,6,,178,255,,14,108,162,258,85,101,138,437,,,43,,,,,,,,,,,,,,,,,,,,,,,,,,,,,,,,,84,,,,,282,336,,304,314,,,,,,,,,,,,,,,243,,,,,247,148,710,225,,611,59,208,,153,369,71,127,159,49,53,,257,,236,,192,,346,,189,,,,,,,,,,,,,,,,,,,,,,,,,,,,,,,,,,664,,78,,97,321,,,,193,272,329,77,75,,122,230,,383,188,453,212,,,,,,,580,,,528,,198,54,,,333,
2026-09-18T06:00:02+00:00,187,279,,,617,51,,263,293,353,,261,,303,442,,,,,,,161,425,272,370,,,,,,,911,20,72,,142,,,,,143,,,78,,,,,,,119,,328,,,,35,30,,89,,178,,123,109,85,,84,,,,,,255,19,,,217,343,223,274,176,124,217,,,,508,158,300,404,266,209,523,,283,213,222,473,220,393,187,135,,228,295,423,174,147,694,67,,237,93,167,227,160,264,823,,7,460,78,101,212,866,193,271,510,,,383,,,,,,,,,,,,,,,,,,,,,,,,,,,,,,,,,,,,261,365,472,376,60,,,906,,602,,381,,,,,,,,,,,,,156,,215,16,131,897,,,,,,,,,,,,,,,,402,,,91,152,,,,,,,,,136,,,,,,,,,,,,,,,,,448,32,128,,222,,,,,,410,300,342,546,270,284,472,97,,207,406,60,,,,,,349,,,,,,,,,,,,,156,77,55,22,,,,,,,,,341,,,327,,,,,,,,,,,,15,,,,,,,,,,,,242,119,,122,102,,74,108,429,404,28,,238,159,12,173,13,,4,87,176,,,11,97,161,255,82,99,,426,,,,27,231,399,,1062,297,,150,187,189,,,,,,,,,,,,,,,,,,,,,,658,,182,55,,,,,,,,,,162,100,,,,,,56,,,271,52,,,213,226,165,,149,698,220,167,598,60,204,,,,,,,,,,,,,,,,,,,,,,,,,,,,,,,,,,,,,,,,,,,,,,,,,,,,662,143,,452,95,319,,92,561,187,273,328,,79,,121,,87,380,187,452,210,,,,,,522,579,,,522,,,,,,332,132
2026-09-18T06:05:02+00:00,186,276,,,613,53,,260,288,352,,255,,299,432,,93,,,,,160,424,263,373,374,,,,,44,909,,67,63,141,,,,,141,145,,75,,,,,,,118,,326,,109,,,,,,,,,122,108,,231,83,,,,,,247,,,122,216,346,222,272,168,122,215,,191,,,154,296,400,264,208,516,74,,209,217,471,,,186,,,233,292,420,,146,,,752,231,94,159,218,161,255,804,,,458,77,100,210,855,191,270,,,,380,,,,,,293,,,,,469,,,,,,205,,,,,,,,,,,,,,,,,,,272,361,468,372,55,,,900,323,599,,,282,,,137,145,106,107,9,80,208,261,146,149,,216,16,130,896,,,,,,,,,35,,,,,,,390,,,90,150,,,,,,,,,,,,,,,,,,,,,,,,,199,444,22,124,232,217,398,,366,68,,407,295,336,535,268,276,459,95,,203,404,61,,1096,,,,,,126,,,,,,,,,,,157,75,,,,,,,,,,,,,,324,,,,,,,,,,,,13,,,,,,,,,,,,235,,28,119,99,131,70,102,426,401,24,24,236,154,8,171,,,,86,174,,121,5,88,155,250,71,93,136,398,,,41,20,218,377,65,1032,288,,151,185,183,,,,,,,,,,,,,,,,,,,,,,655,,176,49,700,,276,335,479,301,307,,,163,101,,,,,,55,,,260,47,218,,204,213,162,239,,688,216,160,593,55,199,,151,370,66,124,,,,289,255,184,,,191,,341,,187,192,,,,,,,,,,,,,,,,,,,,,,,,,,,,,,,,,658,,77,449,94,313,305,,562,186,,327,,80,,120,229,,377,,446,209,,,,,,521,577,124,,515,,197,,,,331,
2026-09-18T06:10:01+00:00,185,274,,,610,,,,286,350,,254,,298,423,,91,,,,,,422,258,371,370,,93,,,42,901,,64,64,142,,,,,140,146,,73,,20,,,,,,,,,,,32,,,94,,,,121,105,86,,,38,17,,,,,18,,,213,,,,,,,,,,,,,,,,,,,,,,,,,,,,,,,,,,,,,,,,,,,,,,98,206,844,190,274,509,,,377,,,,,,,,,,,,,,,,,,,,,,,,,,,,,,,,,,,,267,354,470,366,52,,,891,,593,,379,,,,,,,,,,,,,141,,,16,,895,,,,,,,,,33,,,,,,,382,,,88,,,,,,,,,,133,,,,,58,,,,,,,,,,,197,446,19,116,228,214,395,,363,,,400,287,337,530,262,271,454,,,197,399,58,,1083,,,,,,125,,,,,,,,,,,,73,54,19,,,,,,,,243,,,,323,,,,,,,,,,,,8,,,,,,,,,,,,233,117,30,116,94,126,67,95,418,397,,25,227,151,9,169,,,,85,173,254,118,2,79,153,248,67,92,135,379,,140,40,12,215,362,,1030,282,,150,183,180,,,,,,,,,,,,,,,,,,,,,,648,,172,46,699,,269,332,476,302,306,,,164,,,,,,,53,,,254,48,212,,201,210,155,237,148,686,213,,580,57,194,,,,,,,,,,,,,,,,,,,,,,,,,,,,,,,,,,,,,,,,,,,,,,,,,,,,649,142,,447,96,310,,,,184,268,,79,81,,,,,374,,443,208,,,,,,,574,,,514,,,,,,327,133
2026-09-18T06:15:01+00:00,,272,,,608,52,,259,288,,,252,,297,416,,,,,,,157,421,255,,369,,,,,44,898,,62,,141,,,,,139,145,,71,,,,,,,117,,323,,,,30,31,,,,,,120,102,,,81,37,,,,,245,17,,121,212,343,214,270,158,117,214,,189,,505,149,289,395,256,209,509,66,282,206,201,460,,390,182,134,,218,286,411,173,144,693,63,,243,92,144,208,,250,774,17,,453,76,,,,,,,,,,,,,,,294,,,,,465,,,,,,199,,,,,,,,,,,,,,,,,,,262,346,474,358,48,,,885,321,,,374,280,402,,121,144,102,101,,75,204,,129,138,,,16,126,,,,,,,,,,34,266,,,,,,370,,,,149,,,,,,,,,132,,,,,57,,,,,,,,,,,,,,,,,,,,,,393,279,336,519,256,265,448,94,,193,,54,,1070,,,,,,,,,,,,,,,,,,,,,,,,,,,,,,,,,,,,,,,,,,,,,,,,,,,,,,,,,,,,,,,,,,,,,,,,,,,,,,,,,,,,,,,,,,,,,,,,,,,,,,,,,,,,,,,,,,,,,,,,,,,,,,,,,,,,,,,,,,,,,,,,,,,,,,,,,,,,,,,,,,,,,,,,,,,,,,,,,,,,,,,,,,,,,,,,,,,,,,,,,,,,,,,,,,642,,,446,95,301,,90,,180,262,326,,,,119,,,373,186,441,,,,,,,,572,,,510,,196,55,,,326,
2026-09-18T06:15:02+00:00,,,,,,,,,,,,,,,,,,,,,,,,,,,,,,,,,,,,,,,,,,,,,,,,,,,,,,,,,,,,,,,,,,,,,,,,,,,,,,,,,,,,,,,,,,,,,,,,,,,,,,,,,,,,,,,,,,,,,,,,,,,,,,,,,,,,,,,,,,,,,,,,,,,,,,,,,,,,,,,,,,,,,,,,,,,,,,,,,,,,,,,,,,,,,,,,,,,,,,,,,,,,,,,,,,,,,,,,,,,,,,,,,,,,,,,,,,,,,,,,,,196,440,18,110,223,212,392,,362,,,,,,,,,,,,,,,,,,,,351,,,,,,,,,,,,,147,70,52,,,,,,,,,242,342,,,320,,,,,,,,,,,,9,,,,,,,,,,,,231,,,,93,123,66,93,,396,,,,146,11,167,,,3,,171,253,,,74,149,246,61,88,,354,,,39,,,,,,,,,,,,,,,,,,,,,,,,,,,,,,,,,,,,,,,,,,,,,,,,,,,,,,,,,,,,,,,146,,211,158,576,56,190,20,148,368,59,,158,48,61,292,254,182,,,190,,335,,182,191,,,,,,,,,,,,,,,,,,,,,,,,,,,,,,,,,,,,,,,,,,,,,,,,,,,,,,,,,,,,,,,,,,,,,,,
2026-09-18T06:20:02+00:00,,267,,,606,49,,257,,349,,251,,294,410,,90,,,,,156,420,248,,367,,,,,42,894,,58,65,142,,,,,138,146,,70,,,,,,,116,,321,,,,29,30,,92,,176,19,,101,,,,36,18,,,,246,16,,124,,,,,,,,,,,502,145,280,390,254,,493,63,283,202,187,449,210,385,181,132,,206,281,408,171,141,689,,739,255,,130,,156,247,742,16,,451,71,,204,836,189,279,508,,,,,,,,,,,,,,,,,,,,,,,,,,,,,,,,,,,,,,,258,341,472,346,43,,,879,320,,,371,,,,,,,,,,,,,132,,218,16,119,892,,,,,,,,,33,,,,,,,362,,,,,,,,,,,,,,,,,,,,,,,,,,,,,,436,12,107,218,209,388,,359,,,388,273,328,,252,254,441,90,,190,396,53,,,,,,352,,,,,,,,,,,,,145,69,,18,,,,,,,,239,,,,317,,,,,,,,,,,,7,,,,,,,,,,,,226,116,,114,92,119,64,84,410,395,,27,219,144,9,163,,,,83,167,251,116,0,71,143,244,60,82,133,345,,139,38,11,211,355,,1025,278,,149,180,179,,,,,,,,,,,,,,,,,,,,,,639,81,167,38,694,,264,331,473,301,293,,,,100,,,,,,51,,,250,47,194,,191,205,149,233,143,,205,154,566,94,189,19,146,365,51,123,157,,58,290,252,184,,,187,,333,,177,190,,,,,,,,,,,,,,,,,,,,,,,,,,,,,,,,,635,141,76,444,94,298,,89,560,175,259,,,,,,,,369,185,440,209,,,,,,520,570,,,507,,,54,,,323,132
2026-09-18T06:25:01+00:00,184,268,,,603,48,,256,287,347,,250,,295,406,,88,,,,,,,236,368,364,,,,,41,886,19,,,144,,,,,,,,,,,,,,,118,,319,41,108,,26,29,10,87,,,18,118,99,,,79,35,,,,,243,17,,125,209,338,207,262,148,112,210,,182,,,,,,,,,,,,,,,,,,,,,,,,,,,,,,,,,,,,,,,,,,,,,,,,,,,,291,,,,,454,,,,,187,188,,,,,,,,,,,,,,,,,,,259,325,483,340,42,,,878,,591,,367,275,399,,104,141,99,98,,74,201,254,127,127,,216,16,114,890,,,,,,,,,,,,,,,,359,,,,,,,,,,,,,,,,,,,,,,,73,,,,,,,430,7,104,219,199,386,,357,66,12,386,267,324,515,250,249,435,,,188,397,51,,1061,,,,351,,,,,,,,,,,,,144,68,51,17,,,,,,,,238,339,,,316,,,,,,,,,,,,5,,,,,,,,,,,,221,117,31,113,,116,65,79,408,394,,,217,142,,162,12,,,,,250,114,,70,142,,58,,131,322,,,36,7,212,349,,1024,270,,148,179,175,,,,,,,,,,,,,,,,,,,,,,629,,165,35,690,,261,328,472,,291,,,,99,,,,,,50,,,248,49,186,,182,200,142,,,678,203,150,560,93,187,,,,,,,,,,,,,,,,,,,,,,,,,,,,,,,,,,,,,,,,,,,,,,,,,,,,630,140,75,447,92,294,304,90,559,174,260,328,80,83,,118,230,84,,183,,208,,,,,,,566,123,,500,,,53,,,320,133
2026-09-18T06:30:01+00:00,179,267,,,598,,,254,286,345,,242,,290,395,,,,,,,155,419,234,366,363,,,,,42,882,20,56,,146,,,,,,144,,68,,21,,,,,121,,321,42,107,,25,31,,88,,175,,120,97,85,,,,,,,,239,,,126,207,,,,,,,,,,501,144,279,389,,210,490,59,,198,182,444,205,383,179,,,201,,404,169,140,683,61,,251,93,124,206,157,240,714,15,,450,69,97,199,818,188,280,508,59,,378,,,,,,,,,,,,,,,,,,,,,,,,,,,,,,,,,,,,256,319,486,,41,,,871,,588,,362,,,,,,,,,,,,,121,,212,16,110,885,,,,,,,,,32,265,,,,,,349,,,87,148,,,,,,,,,131,,,,,58,,,,,74,,,,,,,424,6,102,217,200,385,,361,,,383,265,319,505,246,,428,,,183,398,49,,1045,,,,,,,,,,,,,,,,,143,,,16,,,,,,,,235,338,,,313,,,,,,,,,,,,,,,,,,,,,,,,210,111,30,112,89,113,,67,403,392,,,215,140,,158,,,,,165,248,115,1,65,140,241,57,81,130,301,,,34,6,,344,,1022,266,,147,180,169,,,,,,,,,,,,,,,,,,,,,,,,,,,,,,,,,,,,,,,,,,,,,,,,,,,,,144,671,201,143,555,92,189,20,144,,,119,,,63,289,250,,235,,186,,332,,,192,,,,,,,,,,,,,,,,,,,,,,,,,,,,,,,,,622,,77,,,290,303,,558,170,262,,,,,117,,,366,,438,207,,,,,,,562,121,,497,,195,55,,,322,
2026-09-18T06:35:02+00:00,177,264,,118,595,46,,253,,343,,240,,286,391,,,,,,,154,,230,362,361,,92,,,40,880,19,57,66,149,,,,,137,,,67,,20,,,,,122,,324,,,,24,32,,,,,,117,93,,,80,31,,103,,,,18,,,206,340,201,258,141,107,,,174,,,,,,,,,,,,,,,,,,,,,,,,,,,,,,,,,,,,,,,,,,,,,,,,,,,,284,,,,,444,,,,,,182,,,,,,,,,,,,,,,,,,,257,318,488,337,38,,,861,,580,,352,,396,,82,138,89,92,,66,,255,124,122,,213,16,111,883,,,,,,,,,31,,,,,,,345,,,85,,,,,,,,,,,,,,,,,,,,,,,,,,,416,0,96,213,199,382,,364,65,11,379,264,316,500,243,240,422,92,,178,396,46,,,,,,353,,,,,,,,,,,,,141,67,52,15,,,,,,,,233,336,,,308,,,,,,,,,,,,,,,,,,,,,,,,205,,29,110,87,,,60,394,387,23,,209,,10,157,,,,82,163,246,,3,62,139,,55,,127,293,,,33,2,205,334,,1010,258,,,179,159,,,,,,,,,,,,,,,,,,,,,,622,82,153,34,689,,255,320,463,,275,,,,98,,,,,,49,,,237,53,176,143,174,185,144,234,142,667,196,139,545,93,180,21,143,,45,114,156,,68,286,247,185,,,188,,323,,174,185,,,,,,,,,,,,,,,,,,,,,,,,,,,,,,,,,612,139,,448,89,286,302,91,557,168,263,325,81,80,,119,,,360,180,,,,,,,,519,559,,,493,,,53,,,323,132
2026-09-18T06:40:02+00:00,174,261,,117,593,49,,250,284,337,,233,,282,384,,86,,,,,151,417,221,363,356,,,,,,878,20,,65,,,,,,134,,,65,,19,,,,,,,326,,108,,,30,,87,,176,,,91,,229,,,19,,,,234,17,,,203,332,197,253,139,108,209,,,,497,139,269,373,242,206,486,58,282,194,165,427,208,380,177,131,114,195,270,392,167,,676,,722,241,94,113,201,155,233,678,,,446,64,96,198,814,,278,509,,,377,,,,,,282,,,,,438,,,,,185,178,,,,,,,,,,,,,,,,,,,,316,487,329,34,,,856,,574,,347,,,,,,,,,,,,,118,,211,16,107,878,,,,,,,,,,266,,,,,,344,,,84,,,,,,,,,,130,,,,,,,,,,,,,,,,,412,15,93,212,195,379,,358,,,373,251,318,495,242,234,414,,,174,389,40,,1032,,,,,,,,,,,,,,,,,142,66,50,14,,,,,,,19,230,,,,307,,,,,,,,,,,,3,,,,,,,,,,,,195,112,,109,85,112,,49,390,386,,26,211,142,9,158,,,2,81,162,242,114,2,,,239,53,80,,291,,138,32,0,204,327,64,1007,247,,,177,,,,,,,,,,,,,,,,,,,,,,,,,,,688,,252,316,459,300,271,,,,,,,,,,,,,,,169,,,,,235,143,660,,135,527,,176,,,,,,,,,,,,,,,,,,,,,,,,,,,,,,,,,,,,,,,,,,,,,,,,,,,,609,,76,442,90,283,,,,165,262,322,82,,,118,,,355,181,436,205,,,,,,518,,,,490,,193,54,,,,131
2026-09-18T06:45:02+00:00,176,257,,,587,50,,248,283,336,,229,,278,373,,,,,,,,413,215,,357,,,,,37,875,,,64,150,,,,,132,142,,61,,18,,,,,,,322,,,,,,,93,,172,,,92,84,,,30,,104,,,230,19,,,200,,,,,,,,,,494,130,259,357,229,203,479,54,283,189,156,411,206,376,171,129,,196,265,384,166,139,670,,704,233,95,107,199,153,224,652,14,,441,60,,,,,,,,,,,,,,,,,,,,,,,,,,,,,,,,,,,,,,,,,,,,,253,306,488,322,31,,,847,318,571,,342,274,395,,60,137,80,,,65,198,,116,120,,216,16,105,872,,,,,,,,,,,,,,,,335,,,82,,,,,,,,,,,,,,,,,,,,73,,,,,,,410,8,,210,194,376,,362,62,10,372,245,317,484,241,232,406,,,173,391,36,,1013,,,,,,123,,,,,,,,,,,143,,47,15,,,,,,,,231,337,,,305,,,,,,,,,,,,,,,,,,,,,,,,194,111,,,84,110,66,44,378,379,,,209,,8,157,,,,82,161,235,113,1,,132,237,,70,,285,,,31,,,317,60,1020,233,,146,175,156,,,,,,,,,,,,,,,,,,,,,,619,,150,31,,,,,,,,,,,100,,,,,,48,,,231,54,,,166,177,139,,141,655,194,136,519,,167,,141,,38,112,157,47,,276,246,183,233,,186,,320,,172,,,,,,,,,,,,,,,,,,,,,,,,,,,,,,,,,,607,,72,437,89,280,301,88,,164,,,79,,,116,,80,353,178,435,206,,,,,,515,557,,,488,,194,53,,,324,130
2026-09-18T06:50:01+00:00,171,256,,,582,49,,245,,333,,225,,274,364,,,,,,,,414,211,361,353,,,,,38,872,,54,65,,,,,,135,,,59,,,,,,,119,,325,,,,25,,,96,,170,19,115,,83,,,31,,,,,,18,,,198,330,192,251,134,105,205,,172,,,,,,,,,,,,,,,,,,,,,,,,,,,,,,,,,,,,,,91,199,792,180,276,508,,,,,,,,,279,,,,,429,,,,,180,179,,,,,,,,,,,,,,,,,,,250,307,487,316,30,,,840,317,564,,334,,,,,,,,,,,,,113,,215,16,101,868,,,,,,,,,29,,,,,,,323,,,83,,,,,,,,,,129,,,,,59,,,,,,,,,,,,401,4,90,,,372,,360,60,,371,240,312,477,240,229,400,91,,171,386,35,,990,,,,352,,,,,,,,,,,,,138,,44,13,,,,,,,,225,338,,,302,,,,,,,,,,,,2,,,,,,,,,,,,197,109,,,82,108,65,42,377,376,,,207,141,9,,11,,,83,,231,112,0,59,130,,,65,,281,,,30,,,,,,,,,,,,,,,,,,,,,,,,,,,,,,,,612,81,144,26,690,,249,309,450,296,251,,,163,99,,,,,,47,,,224,58,162,,150,163,134,232,138,646,193,129,503,,162,,,,,,,,,,,,,,,,,,,,,,,,,,,,,,,,,,,,,,,,,,,,,,,,,,,,602,,,432,,275,,90,,158,256,320,80,81,,114,229,78,346,175,432,203,,,,,,514,556,,,,,190,51,,,,129
2026-09-18T06:55:01+00:00,169,250,,,580,52,,243,277,331,,,,273,360,,,,,,,,413,204,362,352,,90,,,37,865,,56,,151,,,,,,146,,58,,,,,,,,,324,43,,,19,25,,93,,169,18,112,,,228,,30,,,,,234,19,,,201,,,,,,,,,,493,122,254,348,224,200,478,53,,,153,405,207,373,169,128,113,190,262,386,165,,667,,,225,96,106,197,152,222,630,,,439,57,,,,,,,,,,,,,,,,,,,,,,,,,,,,,,,,,,,,,,,,,,,,,248,303,,310,,,,834,318,558,,326,273,384,,25,136,75,93,,63,196,252,111,112,,212,16,98,863,,,,,,,,,28,,,,,,,319,,,79,,,,,,,,,,128,,,,,,,,,,,,,,,,195,397,0,85,207,192,366,,354,59,,366,228,305,464,242,,395,92,,166,383,30,,,,,,,,125,,,,,,,,,,,136,63,43,12,,,,,,,,221,337,,,304,,,,,,,,,,,,1,,,,,,,,,,,,198,104,27,,78,,64,36,372,370,,,204,138,,153,,,1,,160,228,111,1,,129,235,52,59,123,274,,,29,,,304,59,991,221,,147,173,152,,,,,,,,,,,,,,,,,,,,,,604,,142,25,689,,243,306,449,289,238,,,,94,,,,,,46,,,,60,153,,147,158,,233,135,637,192,119,488,91,163,,139,,35,108,,,,270,249,,232,,185,,316,,166,180,,,,,,,,,,,,,,,,,,,,,,,,,,,,,,,,,598,141,70,434,87,,299,88,553,156,255,,81,82,,113,227,,348,172,,202,,,,,,513,555,,,482,,,50,,,,
2026-09-18T07:00:02+00:00,167,249,,,574,55,,238,272,329,,223,,270,349,,83,,,,,145,,197,,353,,,,,35,863,,54,,152,,,,,134,147,,,,,,,,,120,,322,42,,,20,23,,87,,,17,111,91,,,75,28,20,103,,,,,,,,331,176,248,127,96,194,,171,,,,,,,,,,,,,,,,,,,,,,,,,,,,,,,,,,,,,,84,196,777,175,,507,,,375,,,,,,274,,,,,423,,,,,178,177,,,,,,,,,,,,,,,,,,,246,297,485,301,29,,,825,,556,,320,,,,,,,,,,,,,110,,217,16,94,855,,,,,,,,,26,265,,,,,,324,,,,,,,,,,,,,127,,,,,,,,,,,,,,,,,390,25,82,205,188,360,,353,,,361,222,301,457,241,228,392,91,,161,380,31,,970,,,,351,,,,,,,,,,,,,134,65,39,13,,,,,,,,219,,,,299,,,,,,,,,,,,,,,,,,,,,,,,197,102,26,107,76,107,62,28,369,367,,,201,134,8,152,10,,,84,,224,109,,58,127,230,50,56,121,273,40,,28,,201,290,,984,201,,,176,146,,,,,,,,,,,,,,,,,,,,,,,,,,,,,,,,,,,,,,,,,,,,,,,,,,,,,133,627,189,114,471,90,156,22,135,363,33,107,155,44,65,263,246,178,231,,183,,311,,161,179,,,,,,,,,,,,,,,,,,,,,,,,,,,,,,,,,596,140,,437,88,271,293,,552,155,253,318,82,79,,,,77,344,,430,204,,,,,,509,553,,,479,,189,49,,,325,
2026-09-18T07:05:01+00:00,169,244,,,567,50,,229,273,326,,218,,267,341,,82,,,,,144,,194,358,350,,91,,,36,857,19,52,,153,,247,,,132,,,57,,,,,,,121,,,,109,,23,25,9,84,,168,16,107,88,82,227,,29,,102,,,233,,,127,,,,,,,,,,,,111,249,335,220,201,473,,278,186,148,395,208,369,165,,112,186,253,369,,,655,58,697,220,97,104,193,147,213,604,,,437,50,,,,,,,,,,,,,,,,,,,,,,,,,,,,,,,,,,,,,,,,,,,,,243,294,484,291,32,,,820,319,551,,315,,383,,13,135,71,,,,189,247,100,107,,219,16,88,846,,,,,,,,,23,,,,,,,317,,,77,147,,,,,,,,,128,,,,,,,,,,,,,,,,,384,9,79,200,,354,,349,58,,,,298,456,238,222,388,87,,,,,,948,,,,348,,,,,,,,,,,,,131,62,,12,,,,,,,,218,338,,,293,,,,,,,,,,,,,,,,,,,,,,,,,,,102,74,,61,29,365,362,,,,127,,149,,,2,,,219,,0,,126,225,49,50,118,272,,139,26,,,,,,,,,,,,,,,,,,,,,,,,,,,,,,,,600,80,133,15,685,,242,304,444,,216,,,164,88,,,,,,,,,217,61,139,137,134,147,125,227,131,619,187,107,468,,151,,,,,,,,,,,,,,,,,,,,,,,,,,,,,,,,,,,,,,,,,,,,,,,,,,,,592,,71,,,265,290,,551,,254,,,78,,112,,78,343,167,432,203,,,,,,508,,,,474,,,47,,,321,
2026-09-18T07:10:02+00:00,166,243,,,561,48,,226,272,325,,222,,263,339,,81,,,,,143,411,196,352,351,,,,,35,856,,55,,,,,,,125,,,58,,,,,,,120,,320,43,111,,24,23,,,,169,15,106,85,,223,,27,21,,,,229,,,128,204,329,161,233,124,93,190,,,,492,100,241,319,209,199,460,52,276,183,139,378,,366,155,126,,181,245,357,164,138,648,59,,200,101,101,194,140,202,586,,6,431,46,81,194,766,,270,504,58,,377,,,,,,268,,,,,417,,,,,173,175,,,,,,,,,,,,,,,,,,,241,,480,288,30,,,816,,537,,313,,,,,,,,,,,,,103,,213,16,,840,,,,,,,,,22,,,,,,,314,,,,146,,,,,,,,,127,,,,,,,,,,72,,,,,,196,376,3,78,198,186,352,,348,57,,352,206,296,448,233,221,386,86,,153,374,24,,921,,,,,,,,,,,,,,,,,129,60,38,11,,,,449,,,,,,,,,,,,,,,,,,,,3,,,,,,,,,,,,193,100,23,100,70,106,,13,357,357,,,207,123,9,147,,,,82,159,212,103,3,54,119,216,,,115,268,,140,,,,275,,974,195,,148,172,143,,,,,,,,,,,,,,,,,,,,,,,,,,,,,,,,,,,,,,,,,,,,,,,,,,,,,130,612,185,105,458,91,142,21,131,364,30,104,153,41,68,255,248,171,,,177,,307,,158,177,,,,,,,,,,,,,,,,,,,,,,,,,,,,,,,,,583,,70,433,83,262,,,549,152,251,316,81,82,,,,75,336,164,431,,,,,,,505,551,120,,473,,188,,,,320,127
2026-09-18T07:15:01+00:00,164,244,,,559,45,,219,270,324,,216,,260,335,,,,,,,142,412,193,350,346,,90,,,33,854,,54,,154,,,,,,,,59,,,,,,,121,,319,,,,29,21,,88,,,14,105,82,,226,72,26,,101,,,232,,,,,,,,,,,,,,,,,,,,,,,,,,,,,,,,,,,,,,,,,,,,,,,,,,,,,,,,,,,,,,,,,,,,,,,,,,,,,,,,,,,,,,,,,,,,,,239,289,,289,32,,,817,,532,,307,272,386,,12,,68,91,,62,187,242,90,97,,211,16,78,836,,,,,,,,,,,,,,,,315,,,,145,,,,,,,,,128,,,,,60,,,,,,,,,,,195,366,0,77,197,179,348,,340,55,,347,199,,441,230,218,379,,,149,370,22,,,,,,349,,,,,,,,,,,,,130,59,36,,,,,,,,,216,335,,,291,,,,,,,,,,,,2,,,,,,,,,,,,192,99,,103,,,,10,356,355,,,,122,,,,,,81,,213,,2,53,,212,48,46,114,,,,25,,,,,,,,,,,,,,,,,,,,,,,,,,,,,,,,598,81,130,,684,,241,,435,,213,,,,87,,,,,,44,,,214,59,134,136,129,139,127,225,,604,182,100,452,,145,23,,363,29,101,152,39,67,247,246,165,,,172,,303,,155,179,,,,,,,,,,,,,,,,,,,,,,,,,,,,,,,,,579,,71,434,81,257,,86,548,149,248,,79,,,111,224,77,331,160,423,202,,,,,,504,550,,,465,,186,46,,,316,
2026-09-18T07:20:01+00:00,,242,,,552,,,,267,,,218,,257,329,,,,,,,140,411,191,,341,,,,,,851,,53,,,,,,,123,148,,,,,,,,,123,,,,,,,,,83,,,13,104,,81,227,71,,20,,,,233,20,,,205,323,149,230,112,88,185,,169,,,96,239,314,207,193,457,50,275,,138,367,,362,153,125,,173,241,347,,137,645,,680,197,,98,181,136,199,584,,,429,44,,,,,,,,,,,,,,,264,,,,,410,,,,,172,172,,,,,,,,,,,,,,,,,,,233,286,,286,27,,,810,,522,,299,,,,,,,,,,,,,,,,,,,,,,,,,,,20,,,,,,,308,,,76,,,,,,,,,,125,,,,,,,,,,,,,,,,,,,,,,,,,,,339,194,299,430,,217,378,,,146,369,28,,919,,,,,,,,,,,,,,,,,,,,,,,,,,,,,,,,,,,,,,,,,,,,,,,,,,,,,,,,,,,,,,,,,,,,,,,,,,,,,,,,,,,,,,,,,,,,,,,,,,,,,,,,,,,,,,,,,,,,,,,,,590,80,127,,681,,237,,418,290,203,,,163,,,,,,,41,,,213,,129,,116,130,121,224,,,,,,,,,,,,,,,,,,,,,,,,,,,,,,,,,,,,,,,,,,,,,,,,,,,,,,,,,,,573,139,69,435,80,,,,546,141,245,314,78,81,,,225,,330,,419,201,,,,,,503,547,,,,,192,44,,,313,126
2026-09-18T07:20:02+00:00,,,,,,,,,,,,,,,,,,,,,,,,,,,,,,,,,,,,,,,,,,,,,,,,,,,,,,,,,,,,,,,,,,,,,,,,,,,,,,,,,,,,,,,,,,,,,,,,,,,,,,,,,,,,,,,,,,,,,,,,,,,,,,,,,,,,,,,,,,,,,,,,,,,,,,,,,,,,,,,,,,,,,,,,,,,,,,,,,,,,,,,,,,,,,,,,98,,209,16,74,831,,,,,,,,,,,,,,,,,,,,,,,,,,,,,,,,,,,,,,,,,,,,,194,358,2,75,194,177,344,,336,,,,,,,,,,,,,,,,,,,,347,,,,,,,,,,,,,132,60,37,12,,,,,,,,,336,,,287,,,,,,,,,,,,1,,,,,,,,,,,,193,97,22,,69,107,62,14,349,354,22,,203,118,,148,,,,80,158,204,99,0,51,117,208,45,47,112,267,,139,,,202,263,58,965,191,,147,170,,,,,,,,,,,,,,,,,,,,,,,,,,,,,,,,,,,,,,,,,,,,,,,,,,,,,,126,599,184,93,446,92,139,,,,,,,,,,,,,,,,,,,,,,,,,,,,,,,,,,,,,,,,,,,,,,,,,,,,,,,,,,,,,,,,,,,,,,,,,,,,,,,,,,,,,,,,,,
2026-09-18T07:25:02+00:00,162,240,,,549,44,,211,263,322,,221,,255,320,,80,,,,,137,,188,348,335,,91,,,31,842,18,49,,153,,,,,122,147,,60,,,,,,,,,317,,112,,,19,,81,,,,102,81,,,,,19,102,,,,,,,,319,143,222,108,,184,,168,,,92,230,307,202,191,447,47,274,180,136,358,206,363,148,126,,172,239,348,163,139,641,60,,194,103,94,182,130,196,575,,,428,42,77,189,754,173,268,500,57,,373,,,,,,,,,,,408,,,,,171,171,,,,,,,,,,,,,,,,,,,230,289,479,276,,,,803,317,512,,290,,387,,24,134,63,92,,60,190,235,92,97,,205,16,72,816,,,,,,,,,17,,,,,,,,,,73,147,,,,,,,,,123,,,,,,,,,,73,,,,,,,350,1,72,190,176,335,,338,,,,189,295,426,,218,374,88,,144,367,,,878,,,,,,123,,,,,,,,,,,136,58,35,10,,,,,,,,211,,,,284,,,,,,,,,,,,,,,,,,,,,,,,188,,21,,66,108,,8,348,348,21,,197,,8,145,,,,79,155,195,,,50,118,206,,46,111,,,138,22,,204,260,56,952,186,,144,173,140,,,,,,,,,,,,,,,,,,,,,,588,,122,11,679,,,305,409,289,199,,,164,86,,,,,,,,,210,58,124,131,113,106,111,219,125,583,181,86,439,,135,25,129,360,27,100,151,37,70,242,,164,,,,,299,,152,173,,,,,,,,,,,,,,,,,,,,,,,,,,,,,,,,,,138,,433,79,259,288,85,545,139,241,312,,,,108,,78,329,158,417,199,,,,,,502,544,,,457,,190,43,,,306,124
2026-09-18T07:30:01+00:00,,239,57,,542,42,,205,258,323,,218,,251,321,,79,,,,,133,410,184,346,331,,,,,33,840,,51,,155,,245,,,,146,,,,,,,,,,,315,,,,31,17,,75,,,10,105,80,,,,25,20,,,,226,,,,209,315,133,214,106,78,176,,,,491,82,216,290,198,190,436,48,271,,132,346,205,360,142,,,169,232,332,,142,636,57,657,214,,93,,128,192,560,,,425,41,,,,,,,,,,,,,,,,,,,,,,,,,,,,,,,,,,,,,,,,,,,,,225,,,269,24,,,789,,506,,280,,,,,,,,,,,,,93,,201,15,68,810,,,,,,,,,16,,,,,,,301,,,74,,,,,,,,,,124,,,,,,,,,,,,,,,,,342,2,73,186,180,328,,334,56,,344,177,,416,229,212,371,,,138,371,27,,873,,,,,,120,,,,,,,,,,,139,,36,7,,,,448,,,18,209,337,,,,,,,,,,,,,,,,,,,,,,,,,,,182,96,20,99,64,,64,0,343,345,,27,192,115,6,140,,,,,,190,98,,51,111,203,46,41,107,,,139,20,,,,,,,,,,,,,,,,,,,,,,,,,,,,,,,,,,,,,,,,,,,,,163,,,,,,,,,,,,,,,,,,122,571,176,84,428,,132,,,,,,,,,,,,,,,,,,,,,,,,,,,,,,,,,,,,,,,,,,,,,,,,,,,,,,,431,78,254,287,,,134,239,,77,80,,107,224,76,321,157,415,,,,,,,503,540,119,,451,,,42,,,294,
2026-09-18T07:35:01+00:00,163,238,,,533,40,,199,254,321,,217,,249,320,,,,,,,132,,182,340,326,,90,,,,833,17,52,,,,243,,,120,147,,,,,,,,,,,314,,,,32,19,10,69,,,,102,76,,,,24,,101,,,,,,125,,,,,,,,,,,,,,,,,,,,,,,,,,,,,,,,,,,,,,,,,,,,,,,75,182,734,171,270,494,,,,,,,,,253,,,,,404,,,,,170,173,,,,,,,,,,,,,,,,,,,223,288,480,273,23,,,785,315,494,,276,273,,,10,132,58,90,,58,,231,82,92,,204,15,63,791,,,,,,,,,14,,,,,,,290,,,69,144,,,,,,,,,123,,,,,58,,,,,,,,,,,192,334,0,,178,179,327,,336,58,,343,169,294,406,,207,373,90,,130,374,26,,855,,,,345,,122,,,,,,,,,,,141,,33,8,,,,,,,,211,339,,,278,,,,,,,,,,,,,,,,,,,,,,,,,88,19,98,63,,,1,345,339,20,,191,,,136,,,,77,,183,96,,,109,200,47,,,,,,19,,201,244,57,942,184,,145,169,139,,,,,,,,,,,,,,,,,,,,,,573,78,116,9,681,,232,304,398,287,195,,,,87,,,,,,42,,,205,57,115,132,101,97,109,217,121,553,172,76,429,93,123,,127,,,94,148,36,71,236,244,152,,,166,,292,,150,162,,,,,,,,,,,,,,,,,,,,,,,,,,,,,,,,,570,,68,425,77,242,282,83,546,129,232,306,79,81,,109,,,316,,413,196,,,,,,501,536,120,,441,,186,,,,291,
2026-09-18T07:40:01+00:00,162,236,,116,529,35,,197,249,319,,214,,247,307,,,,,,,130,409,180,339,323,,88,,,34,822,,,63,156,,240,,,,145,,,,17,,,,,,,,,,,34,,,,,,,103,69,,228,70,23,,100,,,228,,,,210,311,124,210,103,80,173,,165,,,79,209,282,194,187,422,46,273,178,133,331,,359,137,,,167,228,328,162,141,633,,,213,106,91,178,,190,550,16,,424,37,,,,,,,,,,,,,,,,,,,,,,,,,,,,,,,,,,,,,,,,,,,,,226,284,479,272,17,,,776,,483,,271,,,,,,,,,,,,,88,,202,15,60,786,,,,,,,,,13,264,,,,,,287,,,68,140,,,,,,,,,121,,,,,57,,,,,72,,,,,,193,329,8,74,,176,320,,337,56,,,157,292,395,231,206,366,91,,127,373,24,,833,,,,342,,121,,,,,,,,,,,,55,,10,,,,,,,,215,337,,,275,,,,,,,,,,,,,,,,,,,,,,,,183,87,,95,59,,,,341,330,,,188,,,135,,,,76,,173,92,,,108,194,,37,104,264,,,18,,200,236,56,924,172,,140,166,127,,,,,,,,,,,,,,,,,,,,,,571,79,,8,,,230,305,388,,194,,,164,,,,,,,,,,203,54,112,133,93,98,112,218,115,538,,73,417,,119,26,126,,24,90,,34,73,,242,147,,,165,,287,,,158,,,,,,,,,,,,,,,,,,,,,,,,,,,,,,,,,,137,66,421,,236,279,81,542,125,225,303,77,,,104,225,,313,153,408,197,,,,,,,535,,,430,,182,,,,282,
2026-09-18T07:45:01+00:00,160,235,,,524,32,,187,242,316,,211,,245,300,,,,,,,128,411,173,337,316,,,,,35,813,16,50,62,,,239,,,,146,,,,,,,,,,,,,113,,33,20,,63,,168,8,102,70,80,227,,22,,101,,,226,,,,207,,,,,,,,,,,68,203,273,188,186,408,43,270,176,,316,203,351,124,127,,160,227,312,,140,631,54,638,210,105,89,173,121,183,525,,,423,38,72,177,729,163,269,491,55,,374,,,,,,245,,,,,399,,,,,168,174,,,,,,,,,,,,,,,,,,,232,288,,274,15,,,767,317,471,,262,,386,,5,131,52,88,,57,189,226,74,81,,200,15,52,769,,,,,,,,,14,,,,,,,282,,,66,,,,,,,,,,,,,,,,,,,,,,,,,,,,,,,,,,,,,342,148,293,379,230,202,361,,,129,369,19,,,,,,,,,,,,,,,,,,,,,,,,,,,,,,,,,,,,,,,,,,,,,,,,,,,,,,,,,,,,,,,,,,,,,,,,,,,,,,,,,,,,,,,,,,,,,,,,,,,,,,,,,,,,,,,,,,,,,,,,,,,,,112,,,,,,,,,,,,86,,,,,,,,,,52,,132,,,109,,,,,,,,,,,,,,,,,,,,,,,,,,,,,,,,,,,,,,,,,,,,,,,,,,,,,,,,,,,,566,,65,420,76,228,278,,538,116,223,302,79,82,,105,,74,316,152,406,,,,,,,,533,,,416,,,40,,,279,
2026-09-18T07:45:02+00:00,,,,,,,,,,,,,,,,,,,,,,,,,,,,,,,,,,,,,,,,,,,,,,,,,,,,,,,,,,,,,,,,,,,,,,,,,,,,,,,,,,,,,,,,,,,,,,,,,,,,,,,,,,,,,,,,,,,,,,,,,,,,,,,,,,,,,,,,,,,,,,,,,,,,,,,,,,,,,,,,,,,,,,,,,,,,,,,,,,,,,,,,,,,,,,,,,,,,,,,,,,,,,,,,,,,,,,,,,,,,,,,,,,,,,,,,,,,,,,,,,,195,324,2,,170,168,305,,329,51,,,,,,,,,,,,,,,,,,,344,,120,,,,,,,,,,,137,54,,8,,,,,,,17,213,334,,,272,,,,,,,,,,,,,,,,,,,,,,,,187,,,92,55,,63,,340,319,,,183,114,,134,,,,75,,168,90,1,,109,190,45,34,105,,41,141,,,198,229,,913,162,,138,164,119,,,,,,,,,,,,,,,,,,,,,,,,,,,,,,,,,,,,,,,,,,,,,,,,,,,,,112,529,170,69,,94,111,,,,,,,,,,,,,,,,,,,,,,,,,,,,,,,,,,,,,,,,,,,,,,,,,,,,,,,,,,,,,,,,,,,,,,,,,,,,,,,,,,,,,,,,,,
2026-09-18T07:50:02+00:00,159,,,,514,24,,170,237,312,,209,,241,295,,80,,,,,125,,172,330,313,,,,,33,808,,48,61,157,,236,,,118,145,,59,,,,,,,121,,312,,,,30,,,65,,,,98,68,78,,69,20,,,,,220,,,123,205,313,118,201,97,75,171,,161,,,,,,,,,,,,,,,,,,,,,,,,,,,,,,,,,,,,,,,,,,,,,,,,,,,,,,,,,,,,,,,,,,,,,,,,,,,,,,,,,,233,284,,269,14,,,764,316,463,,263,,,,,,,,,,,,,72,,195,15,51,764,,,,,,,,,,265,,,,,,,,,58,139,,,,,,,,,118,,,,,,,,,,,,,,,,196,312,57,71,169,165,291,,325,48,,335,139,290,,,,355,90,,119,363,26,,813,,,,343,,118,,,,,,,,,,,141,50,31,7,,,,,,,,217,336,,,274,,,,,,,,,,,,0,,,,,,,,,,,,188,86,20,88,,107,61,,338,314,19,,181,113,7,,,,,74,,165,88,0,,110,188,46,31,106,263,,,16,,,,54,,,,,,,,,,,,,,,,,,,,,,,,,,,,562,76,108,6,682,,228,301,380,285,191,,,,83,,,,,,,,,199,50,105,131,79,83,104,215,111,514,167,63,408,95,105,30,121,,23,81,147,,,223,241,142,,,164,,277,,148,154,,,,,,,,,,,,,,,,,,,,,,,,,,,,,,,,,563,,66,416,71,225,271,82,536,109,216,300,,83,,104,221,71,314,147,410,,,,,,,499,531,,,,,179,37,,,264,123
2026-09-18T07:55:02+00:00,155,234,,,511,21,,161,232,310,,199,,237,281,,,,,,,121,410,165,331,303,,87,,,,801,15,43,62,,,233,,,,146,,60,,,,,,,118,,313,42,112,,28,17,,51,,,,,,79,,66,,,,,,219,,,,207,,,,,,,,,,490,69,196,268,187,,400,41,271,172,,304,205,346,118,126,,157,226,310,,142,628,52,,207,107,86,,120,179,,,,,37,71,175,711,162,266,490,,,370,,,,,,236,,,,,397,,,,,165,175,,,,,,,,,,,,,,,,,,,230,,477,262,16,,,765,313,452,,253,272,388,,13,128,49,82,,55,182,213,58,65,,189,15,49,749,,,,,,,,,13,,,,,,,278,,,55,137,,,,,,,,,119,,,,,,,,,,,,,,,,,296,58,70,162,160,282,,320,42,,328,125,289,373,,200,353,89,,112,358,27,,796,,,,341,,117,,,,,,,,,,,142,54,,6,,,,447,,,,212,334,,,271,,,,,,,,,,,,3,,,,,,,,,,,,,,18,87,53,104,,0,336,300,,28,180,112,4,132,,,,73,154,141,85,,50,108,185,44,23,105,,,,15,,193,213,53,891,144,,,160,107,,,,,,,,,,,,,,,,,,,,,,553,74,104,3,,,227,299,377,282,190,,,,84,,,,,,38,,,198,,100,130,66,79,,214,106,503,163,56,403,,99,33,,356,15,78,146,29,79,213,232,128,,,150,,273,,145,146,,,,,,,,,,,,,,,,,,,,,,,,,,,,,,,,,562,136,64,415,66,219,263,80,,107,211,,81,84,,103,219,,312,145,408,,,,,,,497,529,,,407,,176,39,,,260,
2026-09-18T08:00:01+00:00,,,,,497,,,153,221,308,,194,,231,274,,79,,,,,120,408,161,329,296,,85,,,31,799,,38,59,,,228,,,117,,,61,,16,,,,,115,,,,,,25,14,9,42,,167,,92,66,,,63,19,,,,,210,21,,122,208,314,97,197,78,70,161,,160,,489,55,184,257,181,188,379,44,274,170,131,284,207,342,102,,,151,218,291,,,626,,609,200,,82,168,112,173,506,15,7,421,,,,,,,,,,,,,,,,,,,,,,,,,,,,,,,,,,,,,,,,,,,,,,226,283,476,256,19,,,760,,442,,244,,,,,,,,,,,,,59,,186,15,37,745,,,,,,,,,12,266,,,,,,271,,,52,136,,,,,,,,,118,,,,,,,,,,71,,,,,,,290,,,157,158,275,,,40,,331,99,287,362,228,198,351,88,,110,349,23,,779,,,,,,119,,,,,,,,,,,145,,28,3,,,,,,,,207,337,,,268,,,,,,,,,,,,,,,,,,,,,,,,,,,,,,,,,,,,,,,,,,,,,,,,,,,,,,,,,,,,,,,,,,,,,,,,,,,,,,,,,,,,,,,,,544,,97,,680,,224,297,368,,,,,,,,,,,,35,,,195,,98,128,56,69,100,216,,,,,,,,,,,,,,,,,,,,,,,,,,,,,,,,,,,,,,,,,,,,,,,,,,,,,,,,,,,561,,,408,64,214,260,79,535,104,208,293,,86,,,220,70,297,139,405,196,,,,,,,524,,,395,,173,,,,255,122
2026-09-18T08:00:02+00:00,,,,,,,,,,,,,,,,,,,,,,,,,,,,,,,,,,,,,,,,,,,,,,,,,,,,,,,,,,,,,,,,,,,,,,,,,,,,,,,,,,,,,,,,,,,,,,,,,,,,,,,,,,,,,,,,,,,,,,,,,,,,,,,,,,,,,,,,,,,,,,,,,,,,,,,,,,,,,,,,,,,,,,,,,,,,,,,,,,,,,,,,,,,,,,,,,,,,,,,,,,,,,,,,,,,,,,,,,,,,,,,,,,,,,,,,,,,,,,,,,,,,,,,,,,,,,,,,,,,,,,,,,,,,,,,,,,,,,,,,,,,,,,,,,,,,,,,,,,,,,,,,,,,,,,,,,,,,,,,,,,186,,17,82,51,105,60,3,332,293,,,177,108,6,131,,,,71,,133,75,,51,110,184,,19,104,264,,140,,,,,,,,,,,,,,,,,,,,,,,,,,,,,,,,,,,,,,,,,,,,,,,,,,,,,,,,,,,,,,,,102,494,161,47,381,96,96,,,,,,,,,,,,,,,,,,,,,,,,,,,,,,,,,,,,,,,,,,,,,,,,,,,,,,,,,,,,,,,,,,,,,,,,,,,,,,,,,,,,,,,,,,
2026-09-18T08:05:02+00:00,154,233,,,493,18,,142,213,304,,192,,229,264,,,,,,,116,407,160,,286,,83,,,34,784,,34,58,158,,223,,,116,,,,,15,,,,,,,312,40,,,24,15,,30,,,,88,68,78,,,15,,100,,,209,22,,123,206,,,,,,,,,,,,,,,,,,,,,,,,,,,,,,,,,,,,,,,,,,,,,,68,167,689,159,262,483,,,366,,,,,,224,,,,,399,,,,,164,169,,,,,,,,,,,,,,,,,,,223,284,473,252,18,,,757,314,423,,238,,397,,9,127,51,,,54,178,207,45,53,,180,15,29,731,,,,,,,,,11,,,,,,,260,,,50,134,,,,,,,,,117,,,,,,,,,,70,,,,,,,275,53,68,148,,269,,316,36,,324,73,285,348,,199,346,,,108,346,25,,,,,,339,,120,,,,,,,,,,,143,55,31,1,,,,448,,,16,205,,,,269,,,,,,,,,,,,2,,,,,,,,,,,,182,85,14,78,46,,59,0,329,279,,,172,106,9,128,,,,,,122,72,1,52,111,,45,20,102,263,,,,,184,203,,881,130,,135,157,93,,,,,,,,,,,,,,,,,,,,,,536,75,90,0,685,,221,290,345,279,185,,,,,,,,,,26,,,190,47,92,124,39,56,97,214,101,472,155,38,373,97,89,35,117,,12,73,,26,,209,,121,232,,143,,269,,144,143,,,,,,,,,,,,,,,,,,,,,,,,,,,,,,,,,559,,,405,62,213,256,78,534,103,200,,,,,,219,69,292,137,397,198,,,,,,499,523,,,386,,171,,,,243,
2026-09-18T08:10:02+00:00,156,232,,,484,17,,131,207,,,186,,225,247,,,,,,,114,406,159,324,282,,82,,,,781,,37,,,,215,,,,145,,,,,,,,,117,,313,,,,30,16,,27,,,,87,67,,,64,,19,,,,207,,,124,,317,74,179,68,67,153,,,,,50,177,253,,,374,,,168,132,282,208,341,91,,,147,213,280,,141,621,50,,198,,81,174,,164,499,,6,420,,,,,,,,,,,,,,,,,,,,,,,,,,,,,,,,,,,,,,,,,,,,,,221,281,,259,15,,,752,312,414,,233,,,,,,,,,,,,,45,,176,15,21,718,,,,,,,,,9,,,,,,,255,,,49,133,,,,,,,,,,,,,,,,,,,,,,,,,,267,,,145,153,263,,,32,,322,70,284,343,,197,344,,,107,342,21,,772,,,,336,,,,,,,,,,,,,145,,,3,,,,446,,,,203,338,,,266,,,,,,,,,,,,,,,,,,,,,,,,181,84,16,79,41,,,,,274,,,168,101,,125,,,,,,110,56,0,,114,178,43,19,100,,,139,13,,188,199,,878,127,,134,160,88,,,,,,,,,,,,,,,,,,,,,,528,,87,,,,220,289,333,,,,,,,,,,,,25,,,189,46,91,120,32,,,212,99,461,150,29,351,98,80,,,,,,,,,,,,,,,,,,,,,,,,,,,,,,,,,,,,,,,,,,,,,,,,,,,,558,,63,403,59,203,248,79,532,91,190,,82,87,,100,220,,,136,391,199,,,,,,495,521,119,,371,,168,41,,,237,121
2026-09-18T08:15:01+00:00,153,234,,,479,13,,126,204,299,,175,,224,235,,,,,,,111,405,157,328,272,,80,,,32,776,17,35,,160,,213,,,113,,,63,,,,,,,,,315,,,,29,,8,25,,,,86,,,,66,16,,,,,,,,123,205,,,,,,,,,,,,,,,,,,,,,,,,,,,,,,,,,,,,,,,,,,,,,,66,159,669,154,255,481,,,363,,,,,,213,,,,,398,,,,,158,,,,,,,,,,,,,,,,,,,,218,280,472,264,17,,,744,,401,,235,271,400,,27,,53,78,,,174,206,70,43,,183,15,24,711,,,,,,,,,6,263,,,,,,238,,,51,135,,,,,,,,,,,,,,,,,,,69,,,,,,195,254,54,67,141,152,254,,310,30,,321,62,281,340,,198,347,,,103,343,,,,,,,337,,121,,,,,,,,,,,146,49,,4,,,,444,,,15,,336,,,263,,,,,,,,,,,,0,,,,,,,,,,,,179,,,78,38,103,,2,328,270,,,171,104,,,,,,70,,109,53,,,115,177,42,21,103,,,,12,,,,,,,,,,,,,,,,,,,,,,,,,,,,,,,,,,,,,,,,,,,,,,,,,,,,,,,,,,,,,,,97,448,145,24,324,,77,36,114,,18,71,142,24,72,199,225,110,231,,,,265,,146,145,,,,,,,,,,,,,,,,,,,,,,,,,,,,,,,,,,137,,400,61,198,246,76,530,78,185,291,,88,,99,219,,,135,388,,,,,,,496,519,,,368,,167,38,,,223,122
2026-09-18T08:20:02+00:00,148,232,,,470,12,,120,203,,,176,,221,232,,,,,,,103,,156,326,266,,77,,,29,769,,37,,,,203,,,,,,64,,,,,,,118,,,39,113,,34,,,20,,,6,88,64,,,67,15,,101,,,205,,,125,208,313,,169,75,,149,,159,,487,45,171,243,175,,355,,277,,131,262,212,340,79,128,,144,206,273,,140,619,49,571,195,,78,200,109,160,494,,,422,33,,,,,,,,,,,,,,,,,,,,,,,,,,,,,,,,,,,,,,,,,,,,,217,283,473,265,14,,,739,311,395,,227,,,,,,,,,,,,,42,,181,15,27,706,,,,,,,,,4,262,,,,,,236,,,50,,,,,,,,,,116,,,,,,,,,,,,,,,,194,250,53,70,140,151,251,,314,26,,318,54,282,327,229,199,337,87,,106,337,25,,,,,,,,120,,,,,,,,,,,147,47,28,2,,,,443,,,,196,330,,,259,,,,,,,,,,,,,,,,,,,,,,,,182,83,,77,35,102,,5,329,263,18,,172,102,10,123,,,,,,102,47,,,116,176,43,18,105,259,,140,11,,183,198,52,,119,,133,159,85,,,,,,,,,,,,,,,,,,,,,,521,73,89,1,683,,212,288,327,274,184,,,,85,,,,,,20,,,192,40,83,118,14,45,,211,93,434,137,15,305,,75,38,109,353,16,58,139,,75,194,221,105,,,141,,257,,145,141,,,,,,,,,,,,,,,,,,,,,,,,,,,,,,,,,556,135,62,392,59,200,244,75,,77,183,,84,90,,98,,68,284,133,385,197,,,,,,,514,,,359,,162,36,,,215,123
2026-09-18T08:25:02+00:00,147,,,,467,13,,111,197,300,,180,,220,226,,,,,,,,404,155,320,262,,76,,,31,763,,29,57,,,199,,,111,144,,65,,,,,,,117,,318,38,,,32,,9,21,,,5,84,61,,226,65,,18,102,,,203,21,,124,209,,,,,,,,,,,48,165,242,172,186,348,42,,,129,259,213,343,76,,,142,202,263,,,618,,,193,,76,196,112,161,503,,,421,,63,151,657,150,254,477,,,362,,,,,,197,,,,,395,,,,,154,,,,,,,,,,,,,,,,,,,,,281,,258,13,,,741,,385,,222,272,398,,26,123,49,73,,55,,198,57,37,,178,15,20,692,,,,,,,,,2,264,,,,,,232,,,52,,,,,,,,,,115,,,,,,,,,,,,,,,,191,248,,66,139,152,234,,309,22,,317,55,284,324,230,,335,86,,105,332,20,,771,,,,335,,,,,,,,,,,,,148,43,,3,,,,442,,,,197,323,,,258,,,,,,,,,,,,1,,,,,,,,,,,,186,82,17,73,32,101,,7,327,258,17,27,170,98,7,,,,3,,,97,45,,,114,,,15,103,260,,,10,,186,205,53,875,115,,135,158,78,,,,,,,,,,,,,,,,,,,,,,517,72,91,0,682,,214,285,317,,185,,,,83,,,,,,19,,,187,38,85,112,,37,101,210,89,420,129,6,307,,67,,,,,,,,,,,,,,,,,,,,,,,,,,,,,,,,,,,,,,,,,,,,,,,,,,,,,134,61,390,58,201,234,72,,71,181,,86,92,,97,217,65,281,131,,195,,,,,,498,512,,,351,,,35,,,212,
2026-09-18T08:30:01+00:00,145,230,,,458,10,,105,194,295,,176,,218,223,,80,,,,,99,,,318,252,,75,,,30,764,,28,56,,,194,,,113,143,,67,,14,,,,,,,,37,,,,,,15,,166,,82,59,,227,,14,,,,,205,24,,125,207,309,68,161,68,66,144,,,,486,32,159,239,,184,333,41,278,,128,249,214,345,68,129,,144,200,249,,,615,47,550,192,108,71,197,106,158,485,,7,423,,,,,,,,,,,,,,,,,,,,,,,,,,,,,,,,,,,,,,,,,,,,,,219,280,474,260,15,,,735,310,378,,215,,,,,,,,,,,,,34,,175,15,22,677,,,,,,,,,0,262,,,,,,224,,,55,136,,,,,,,,,,,,,,56,,,,,70,,,,,,,241,46,65,136,150,224,,302,21,,315,50,283,317,,,330,85,,102,325,25,,770,,,,334,,122,,,,,,,,,,,147,39,26,,,,,,,,,199,319,,,256,,,,,,,,,,,,,,,,,,,,,,,,184,79,15,75,27,100,58,8,326,251,16,,171,,11,122,,,,71,,93,41,,,109,171,,20,102,257,,,,,184,192,52,862,111,,,157,76,,,,,,,,,,,,,,,,,,,,,,,,,,,,,,,,,,,,,,,,,,,,,,,,,,,,,86,408,123,9,302,97,57,41,100,354,17,,136,21,79,192,222,91,229,,138,,252,,148,133,,,,,,,,,,,,,,,,,,,,,,,,,,,,,,,,,555,,,383,,198,232,71,527,67,182,,87,94,,,218,64,275,129,387,,,,,,,495,509,,,340,,161,36,,,199,124
2026-09-18T08:35:01+00:00,146,,,,459,11,,99,183,,,,,215,218,,77,,,,,95,,154,320,247,,73,,,29,759,18,25,55,,,193,,,117,144,,71,,,,,,,,,320,38,,,30,17,8,12,,167,6,81,61,,,,,,105,,,203,25,,128,,,,,,,,,,,,,,,,,,,,,,,,,,,,,,,,,,,,,,,,,,,,,,,65,139,645,143,,478,,,358,,,,,,183,,,,,,,,,,149,164,,,,,,,,,,,,,,,,,,,218,279,475,262,17,,,736,311,372,,211,,397,,6,121,44,76,,54,168,197,55,33,,171,15,25,665,,,,,,,,,,263,,,,,,212,,,54,135,,,,,,,,,,,,,,54,,,,,,,,,,,189,239,48,58,132,151,214,,301,,,310,,,308,228,200,327,,,101,315,24,,771,,,,332,,120,,,,,,,,,,,144,34,28,2,,,,441,,,,197,315,,,,,,,,,,,,,,,0,,,,,,,,,,,,180,78,14,76,29,98,,7,325,244,,,173,94,12,119,,,,,,,40,,,108,169,,17,101,258,40,,11,,177,178,55,844,137,,133,158,63,,,,,,,,,,,,,,,,,,,,,,512,71,89,1,678,,211,282,299,275,186,,,,82,,,,,,18,,,,35,71,111,,32,96,203,80,390,124,3,299,98,56,37,95,351,,50,131,20,83,187,218,87,,,134,,248,,144,128,,,,,,,,,,,,,,,,,,,,,,,,,,,,,,,,,,133,59,377,,184,,69,526,60,174,289,89,93,,,215,63,274,127,391,193,,,,,,493,506,,,325,,159,33,,,,125
2026-09-18T08:40:02+00:00,142,229,,,458,,,101,176,296,,181,,209,220,,,,,,,97,399,152,322,241,,72,,,28,757,,27,53,162,,192,,,116,143,,73,,13,,,,,119,,324,,,,31,,9,8,,166,,80,60,79,226,64,12,17,104,,,,24,,,206,312,55,146,61,68,136,,160,,,29,153,235,174,183,323,40,277,167,,237,216,343,51,128,,,197,238,,,612,46,,193,,,198,,,476,,,,34,,136,637,140,252,477,,,357,,,,,,177,,,,,393,,,,,145,162,,,,,,,,,,,,,,,,,,,,280,476,264,,,,728,312,366,,208,,,,14,120,43,92,,53,,194,80,36,,167,15,27,654,,,,,,,,,,,,,,,,207,,,52,,,,,,,,,,,,,,,,,,,,,,,,,,,232,44,,133,149,206,,300,19,,,51,282,305,227,193,328,,,93,311,19,,770,,,,330,,121,,,,,,,,,,,143,29,27,,,,,,,,,192,310,,,258,,,,,,,,,,,,2,,,,,,,,,,,,175,76,12,77,27,,,8,,239,17,,175,95,,,,,,70,,92,33,,51,104,167,42,19,102,257,,,10,,174,166,54,839,134,,,159,60,,,,,,,,,,,,,,,,,,,,,,503,72,83,2,,,210,283,,273,185,,,,81,,,,,,17,,,183,34,68,110,36,30,94,201,76,368,121,,289,,47,,,,,,,,,,,,,,,,,,,,,,,,,,,,,,,,,,,,,,,,,,,,,,,,,,,,557,,,372,57,178,225,68,523,56,172,292,88,95,,94,,61,271,122,,191,,,,,,488,503,,,322,,156,32,,,176,124
2026-09-18T08:45:01+00:00,,,,115,454,13,,97,172,294,,184,,206,218,,,,,,,95,397,151,317,233,,73,,,27,747,,22,55,,,177,,,,,,,,,,,,,,,,,114,,30,15,,0,,165,,76,58,,224,62,9,16,,,,202,23,,129,209,,,,,,,,,,,21,,236,173,181,319,37,278,,,231,219,,48,,,142,195,237,,139,,,,189,106,72,199,103,155,477,,6,422,33,,,,,,,,,,,,,,,,,,,,,,,,,,,,,,,,,,,,,,,,,,,,,220,,,259,16,,,726,,356,,199,,394,,15,,,91,,,,196,83,27,,153,15,26,647,,,,,,,,,,,,,,,,205,,,51,133,,,,,,,,,113,,,,,,,,,,69,,,,,,,207,43,56,132,148,195,,294,16,,306,39,283,302,,196,327,,,92,307,22,,767,,,,328,,,,,,,,,,,,,142,26,28,3,,,,440,,,,191,309,,,253,,,,,,,,,,,,0,,,,,,,,,,,,170,,,76,,,,11,328,238,19,26,169,98,,116,,,2,,153,83,32,,48,,166,44,17,,255,,,11,,,,,,,,,,,,,,,,,,,,,,,,,,,,,,,,,,,,,,,,,,,,,,,,,,,,,,,,,,,,,,,70,356,118,2,277,96,48,,91,353,23,47,129,17,84,177,213,82,227,,,,239,,145,123,,,,,,,,,,,,,,,,,,,,,,,,,,,,,,,,,555,134,,,55,165,,,519,52,166,290,90,94,,93,,59,272,120,389,187,,,,,,485,500,,,314,,153,,,,169,
2026-09-18T08:50:01+00:00,136,,56,,445,,,88,,289,,179,,199,208,,,,,,,93,400,148,316,229,,72,,,25,745,17,19,,164,,182,,,,142,,75,,,,,,,120,,326,37,,,33,,8,,,167,5,78,55,78,223,63,6,,,,,,,,,211,311,46,145,59,,127,,,,,15,133,,176,179,297,33,277,166,129,194,218,339,29,,,143,189,221,,143,610,43,545,184,,70,198,102,,475,,7,423,36,68,,623,134,251,479,54,,,,,,,,172,,,,,394,,,,,135,158,,,,,,,,,,,,,,,,,,,223,277,,254,15,,,723,,348,,186,,,,,,,,,,,,,26,,155,15,23,640,,,,,,,,,,,,,,,,196,,,54,,,,,,,,,,108,,,,,,,,,,,,,,,,,195,41,59,128,147,190,,287,,,305,38,281,308,229,199,328,,,91,306,21,,765,,,,322,,122,,,,,,,,,,,139,24,,2,,,,441,,,,189,303,,,246,,,,,,,,,,,,,,,,,,,,,,,,171,,,75,23,97,,10,327,230,,24,167,,,115,,,,,154,80,29,,,101,167,45,12,101,253,39,138,,,171,181,56,819,130,,130,156,50,,,,,,,,,,,,,,,,,,,,,,492,73,76,4,679,,212,287,286,274,184,,,,79,,,,,,16,,,,32,58,111,18,19,,206,144,344,117,,255,94,49,,,,,,,,,,,,,,,,,,,,,,,,,,,,,,,,,,,,,,,,,,,,,,,,,,,,556,135,58,356,54,152,223,66,518,50,167,,89,96,,91,216,56,266,117,384,,,,,,,484,497,118,,301,,,33,,,176,
2026-09-18T08:55:01+00:00,132,228,,,435,,,86,164,287,,180,,,207,,78,,,,,92,397,147,,,,,,,,,,,,,,,,,,,,,,,,,,,,,,,,,,,,,,,,,,,,,,,,,,,,,,,,,,,,,,,,,,,,,,,,,,,,,,,,,,,,,,,,,,,,,,,,,,,,,,,,,,,,,,,,,,,,,,,,,,,,,,,,,,,,,,,,,,,,,,,,,,,,,,,,,,,,,,,,,,,,,,,,,,,,,,,,,,,,,,,,,,,,,,,,,,,,,,,,,,,,,,,,,,,,,,,,,,,,,,,,,,,,,,,282,305,226,196,,,,86,305,,,,,,,,,,,,,,,,,,,,,,,,,,,,,,,,,,,,,,,,,,,,,,,,,,,,,,,,,,,,,,,,,,,,,,,,,,,,,,,,,,,,,,,,,,,,,,,,,,,,,,,,,,,,,,,,,,,,,,,,,,,,490,,73,,678,,,284,278,,186,,,,78,,,,,,17,,,182,,56,112,12,17,92,208,,,,,,,,,,,,,,,,,,,,,,,,,,,,,,,,,,,,,,,,,,,,,,,,,,,,,,,,,,,,,,,,,,,,,,,,,,,,,,,,,,,,,,,,,,,,,,,,,
2026-09-18T08:55:02+00:00,,,,,,,,,,,,,,,,,,,,,,,,,311,,,73,,,23,741,,15,,161,,172,,,117,145,,78,,,,,,,,,327,38,,,,,9,,,168,6,80,52,79,226,64,5,14,103,,,201,22,,125,212,,,,,,,,,,485,13,126,231,175,,338,34,,,128,187,,340,27,,,141,186,212,,145,607,,,,,71,195,,154,481,,,422,,,,,,,,,,,,,,,,,,,,,,,,,,,,,,,,,,,,,,,,,,,,,,221,276,478,250,12,,,721,315,345,,184,,396,,11,,41,92,,,163,189,79,21,,147,15,18,624,,,,,,,,,,261,,,,,,186,,,51,131,,,,,,,,,111,,,,,,,,,,70,,,,,,188,190,38,58,124,152,180,,285,18,,,,,,,,,,,,,,,,,,,319,,,,,,,,,,,,,,20,29,,,,,,,,,186,300,,,238,,,,,,,,,,,,,,,,,,,,,,,,169,,,74,25,96,,9,322,228,18,25,165,96,13,116,,,,71,153,73,25,,,94,165,44,13,100,252,,136,10,,,180,55,815,122,,124,160,45,,,,,,,,,,,,,,,,,,,,,,,,,,,,,,,,,,,,,,,,,,,,,,,,,,,,,138,333,111,,256,90,29,,86,354,18,45,126,14,92,179,208,74,226,,129,,237,,143,116,,,,,,,,,,,,,,,,,,,,,,,,,,,,,,,,,555,134,57,,,146,221,68,517,51,164,,90,,,92,215,54,260,113,380,184,,,,,,,,,,299,,,32,,,169,
2026-09-18T09:00:01+00:00,134,227,,,,10,,82,158,285,,178,,198,199,,81,,,,,94,,148,305,225,,75,,,,,,8,56,,,165,,,,144,,83,,12,,,,,121,,,,,,32,14,8,,,,7,79,,,,63,,13,104,,,206,23,,122,213,309,33,135,53,62,119,,,,484,,125,230,174,180,326,,278,165,127,181,219,343,29,,,138,182,203,,143,606,45,532,187,,,197,100,153,489,,,,34,67,130,604,122,,476,52,,358,,,,,,168,,,,,392,,,,,131,156,,,,,,,,,,,,,,,,,,,,274,476,253,15,,,,316,330,,173,,,,,,,,,,,,,18,,143,15,22,619,,,,,,,,,,262,,,,,,179,,,52,129,,,,,,,,,110,,,,,,,,,,,,,,,,,184,36,,122,154,178,,283,,,304,36,283,,,193,332,86,,89,307,18,,761,,,,323,,,,,,,,,,,,,142,19,30,0,,,,,,,,181,298,,,237,,,,,,,,,,,,,,,,,,,,,,,,164,77,,69,,,,7,323,227,,,166,95,12,114,,,1,70,,,23,1,47,91,162,45,11,99,249,,137,13,,,,,,,,,,,,,,,,,,,,,,,,,,,,,,,,,,,,,,,,,,,,,,,,,,,,,,,,,,,,,,,129,322,110,0,252,88,22,38,74,349,9,44,,9,90,176,205,55,227,,127,,226,,142,114,,,,,,,,,,,,,,,,,,,,,,,,,,,,,,,,,556,136,56,355,57,139,215,70,513,47,160,286,88,97,,93,214,55,,111,,183,,,,,,483,494,117,,290,,,,,,163,
2026-09-18T09:05:01+00:00,135,225,,,429,12,,81,153,283,,175,,197,200,,,,,,,,,152,302,218,,78,,,,743,,0,55,,,162,,,118,,,,,13,,,,,119,,326,37,,,30,,9,,,,8,78,48,,225,62,3,,,,,205,24,,120,211,,,,,,,,,,,,,,,,,,,,,,,,,,,,,,,,,,,,,,,,,,,,,,,,,,,,,,,,,,,,,,,,,,,,,,,,,,,,,,,,,,,,,,,,,,217,,477,258,17,,,,,323,,167,,397,,14,,39,,,54,,185,76,16,,142,15,26,610,,,,,,,,,,261,,,,,,175,,,54,,,,,,,,,,112,,,,,55,,,,,,,,,,,,177,32,,118,153,177,,280,14,,310,34,282,300,,189,331,87,,75,303,19,,763,,,,319,,123,,,,,,,,,,,,24,34,1,,,,439,,,,178,294,,,234,,,,,,,,,,,,,,,,,,,,,,,,163,,,66,23,95,59,8,327,224,17,24,160,,,115,,,,,,67,17,,49,87,163,44,16,101,251,,,14,,170,179,,807,115,,122,159,50,,,,,,,,,,,,,,,,,,,,,,,74,,5,,,213,283,270,273,190,,,,77,,,,,,18,,,179,33,60,111,,12,94,206,127,309,109,5,248,87,23,,,,,,,,,,,,,,,,,,,,,,,,,,,,,,,,,,,,,,,,,,,,,,,,,,,,,134,57,348,53,129,213,,515,40,153,285,,98,,94,213,,259,105,379,182,,,,,,479,493,116,,,,,,,,,
2026-09-18T09:10:01+00:00,131,227,,,430,10,,79,146,286,,177,,193,197,,,,,,,,399,155,297,208,,73,,,26,740,,,,162,,168,,,116,,,,,12,,,,,116,,,,,,35,13,,,,170,9,77,46,80,,61,1,12,,,,207,,,,209,308,26,131,39,53,120,,159,,,,,,,,,,,,,,,,,,,,,,,,,,,,,,,,,,,,,,66,,593,113,239,475,,,353,,,,,,157,,,,,391,,,,,135,154,,,,,,,,,,,,,,,,,,,219,273,474,251,,,,717,,318,,163,,,,,,,,,,,,,14,,140,16,23,605,,,,,,,,,,,,,,,,179,,,57,128,,,,,,,,,113,,,,,,,,,,68,,,,,,189,,33,,115,152,175,,268,12,,304,36,279,302,227,187,332,88,,78,301,14,,764,,,,317,,,,,,,,,,,,,140,23,35,3,,,,436,,,,,288,,,229,,,,,,,,,,,,,,,,,,,,,,,,164,78,,,22,,,11,325,,,,157,94,13,116,,,,,,62,13,2,48,86,,,,102,252,,136,15,,169,,,799,113,,118,161,,,,,,,,,,,,,,,,,,,,,,,483,73,,6,681,,211,279,268,271,193,,,,,,,,,,17,,,177,31,63,,,,103,,122,294,106,2,246,86,22,37,75,347,10,45,121,,,,200,44,224,,122,,222,,143,110,,,,,,,,,,,,,,,,,,,,,,,,,,,,,,,,,,,56,349,49,125,209,,516,35,151,284,89,99,,,212,58,250,,384,,,,,,,476,,115,,278,,149,31,,,154,123
2026-09-18T09:15:01+00:00,130,,,,428,,,80,148,,,175,,194,198,,,,,,,93,398,154,299,205,,72,,,28,738,16,,54,163,,166,,,114,142,,,,11,,,,,,,327,,,,31,15,,,,171,10,82,39,,226,63,,,103,,,209,23,,118,213,,,,,,,,,,486,11,110,225,173,184,309,32,276,,122,173,220,341,6,129,111,139,173,176,,144,603,44,,185,104,72,203,104,147,502,,,,36,,,,,,,,,,,,,,,,,,,,,,,,,,,,,,,,,,,,,,,,,,,,,221,276,476,,14,,,715,,317,,166,,394,,10,119,38,91,,,165,178,86,7,,,16,22,597,,,,,,,,,,260,,,,,,182,,,58,126,,,,,,,,,,,,,,,,,,,67,,,,,,188,171,30,57,113,151,179,,262,13,,300,24,276,295,226,183,333,,,75,302,22,,762,,,,318,,124,,,,,,,,,,,138,22,34,4,,,,434,,,,177,283,,,225,,,,,,,,,,,,,,,,,,,,,,,,160,79,,64,23,100,,,321,228,,,,96,,119,,,,71,152,58,14,5,49,85,164,46,21,105,,38,138,14,,173,,56,809,109,,,,52,,,,,,,,,,,,,,,,,,,,,,487,,76,7,680,,209,276,261,,196,,,,75,,,,,,16,,,173,33,,103,,,102,210,119,270,101,8,250,,24,35,74,348,9,50,,5,93,167,190,41,223,,121,,218,,139,201,,,,,,,,,,,,,,,,,,,,,,,,,,,,,,,,,555,133,54,343,46,123,202,69,514,30,150,,,102,,,210,59,249,104,383,183,,,,,,474,491,,,276,,148,29,,,145,
2026-09-18T09:20:01+00:00,129,228,,,,12,,79,141,284,,176,,195,191,,,,,,,90,394,153,297,199,,,,,,733,,,53,162,,164,,,112,,,82,,13,,,,,114,,326,36,,,33,14,,,,172,,83,62,79,227,65,0,,,,,,22,,114,214,300,21,120,36,58,117,,,,,,,,,,,,,,,,,,,,,,,,,,,,,,,,,,,,,,,,64,120,591,117,241,474,48,,352,,,,,,154,,,,,392,,,,,133,152,,,,,,,,,,,,,,,,,,,220,274,477,247,,,,712,,321,,153,,,,,,,,,,,,,5,,144,16,,590,,,,,,,,,,,,,,,,186,,,,127,,,,,,,,,115,,,,,54,,,,,,,,,,,187,164,33,56,105,150,180,,272,10,,298,21,273,297,,181,331,,,76,296,18,,,,,,316,,123,,,,,,,,,,,,,36,3,,,,433,,,,173,282,,,223,,,,,,,,,,,,,,,,,,,,,,,,156,74,,65,20,101,60,,,227,,,167,101,14,,,,,73,,,10,0,50,84,165,45,17,108,253,,140,15,,176,188,57,807,99,,119,160,54,,,,,,,,,,,,,,,,,,,,,,483,72,74,8,681,,208,274,262,272,197,,,,,,,,,,15,,,170,35,67,101,,,112,208,121,257,,11,254,85,17,,,,,,,,,,,,,,,,,,,,,,,,,,,,,,,,,,,,,,,,,,,,,,,,,,,,,135,,337,,125,203,65,516,29,149,286,90,,,,,58,244,100,385,188,,,,,,,489,,,280,,150,27,,,136,122
2026-09-18T09:25:02+00:00,128,229,55,114,,13,,75,144,,,169,,194,194,,82,,,,,91,396,,298,202,,,,,,728,17,,,161,,160,,,114,140,,,,,,,,,,,325,,,,31,15,,,,173,9,82,61,,228,67,,11,,,,212,20,,109,216,,,,,,,,,,,7,107,224,171,186,304,30,,,126,175,,347,1,130,,134,172,162,,,607,45,525,,106,,202,98,146,506,,6,426,38,,,,,,,,,,,,,,,142,,,,,390,,,,,128,146,,,,,,,,,,,,,,,,,,,222,276,,238,,,,711,315,327,,145,,,,13,,36,92,,55,171,187,82,1,,139,16,,583,,,,,,,,,,,,,,,,194,,,54,124,,,,,,,,,117,,,,,,,,,,,,,,,,186,163,36,55,102,154,178,,,12,,293,,274,296,228,179,,,,74,,24,,,,,,315,,125,,,,,,,,,,,137,20,37,,,,,432,,,,175,278,,,222,,,,,,,,,,,,,,,,,,,,,,,,157,76,,67,,102,,16,320,226,16,,168,104,,,,,,75,153,63,5,1,,83,162,,,110,255,,141,,,173,189,,804,101,,120,158,37,,,,,,,,,,,,,,,,,,,,,,478,,77,6,,,205,273,258,,200,,,,74,,,,,,14,,,169,32,71,100,,,120,215,122,244,,14,242,,15,,69,,10,51,119,8,90,159,186,42,221,,,,213,,136,200,,,,,,,,,,,,,,,,,,,,,,,,,,,,,,,,,556,134,53,332,,118,206,67,513,28,150,,,100,,93,209,57,245,102,386,186,,,,,,,487,,,272,,,31,,,129,
2026-09-18T09:30:02+00:00,126,,,,426,11,,71,129,286,,170,,192,186,,,,,,,87,,151,296,194,,71,,,27,726,18,,,159,,157,,,,,,81,,12,,,,,112,,324,37,,,37,,,,,,,80,57,,,68,,10,,,,,22,,,214,294,19,101,34,61,109,,,,,9,104,223,168,185,301,,,,,165,,348,,,113,130,174,164,161,,608,46,,,104,,,92,138,507,14,5,,,,118,586,109,238,,49,,351,,,,,,,,,,,,,,,,,,,,,,,,,,,,,,,,,,,,220,,476,247,16,,,,313,329,,142,,,,,,,,,,,,,,,132,16,23,579,,,,,,,,,,261,,,,,,191,,,,126,,,,,,,,,,,,,,52,,,,,,,,,,,,154,40,54,105,153,181,,281,11,,294,,275,295,227,178,327,,,79,300,25,,763,,,,311,,,,,,,,,,,,,,21,36,,,,,431,,,14,178,273,,,,,,,,,,,,,,,,,,,,,,,,,,,158,78,,70,19,,59,23,316,228,,,170,106,13,,,,,74,152,52,7,2,52,79,158,44,18,114,254,,,,,,,,,,,,,,,,,,,,,,,,,,,,,,,,,,,,,,,,,,,,,,,,,,,,,,,,,,,,,,,,,,121,242,105,17,249,,,37,67,351,8,54,116,9,93,155,183,36,219,,120,,206,,,193,,,,,,,,,,,,,,,,,,,,,,,,,,,,,,,,,554,133,,330,48,112,204,68,511,23,140,280,,,,96,,56,249,,384,185,,,,,,471,482,,,268,,146,,,,117,
2026-09-18T09:35:01+00:00,127,228,,113,423,,,72,131,284,,,,197,189,,81,,,,,88,395,150,295,199,,,,,,728,19,,,,,,,,113,,,83,,11,,,,,,,325,,,,35,,8,,,174,,76,,80,227,70,,9,104,,,210,20,,113,217,,,,,,,,,,,,,,,,,,,,,,,,,,,,,,,,,,,,,,,,,,,,,,,,,,,,,,,,,,,,141,,,,,392,,,,,124,144,,,,,,,,,,,,,,,,,,,213,,,248,17,,,714,,332,,143,,386,,17,120,32,87,,56,167,183,90,,,131,16,20,568,,,,,,,,,,,,,,,,193,,,55,,,,,,,,,,115,,,,,,,,,,66,,,,,,187,,38,,101,156,176,,284,7,,293,12,276,302,226,175,323,,,,295,27,,,,,,309,,124,,,,,,,,,,,135,20,,,,,,432,,,13,175,271,,,223,,,,,,,,,,,,,,,,,,,,,,,,159,,10,,14,,,28,314,,17,,173,108,14,120,,,,75,,45,4,0,53,85,156,45,,115,256,,,,,174,191,,790,102,,119,160,36,,,,,,,,,,,,,,,,,,,,,,475,73,74,5,683,,202,,255,275,,,,,75,,,,,,16,,,167,31,73,98,,,116,216,125,244,101,11,242,80,11,,,,,,,,,,,,,,,,,,,,,,,,,,,,,,,,,,,,,,,,,,,,,,,,,,,,552,132,51,328,47,109,,67,510,,133,282,,96,,95,,58,242,100,,,,,,,,474,477,,,267,,141,29,,,112,
2026-09-18T09:40:02+00:00,125,226,,,416,14,,,134,282,,168,,,187,,,,,,,91,,149,298,194,,70,,,25,,,,,160,,156,,,112,,,89,,13,,,,,114,,327,,,,37,14,,,,,10,73,59,79,,,,,106,,,,,,115,219,290,12,,,62,110,,,,,5,96,234,165,184,291,31,,163,129,171,218,354,1,,,121,157,155,,142,606,,505,,105,,205,84,131,517,15,6,,37,61,116,579,107,239,479,48,,353,,,,,,,,,,,,,,,,,,,,,,,,,,,,,,,,,,,,216,274,474,250,20,,,713,315,341,,145,,,,,,,,,,,,,,,123,16,17,558,,,,,,,,,,,,,,,,201,,,,,,,,,,,,,114,,,,,,,,,,,,,,,,188,149,35,56,105,157,170,,279,14,,297,23,274,303,227,173,326,,,86,294,,,,,,,304,,,,,,,,,,,,,137,,35,0,,,,,,,,,270,,,220,,,,,,,,,,,,,,,,,,,,,,,,156,79,9,73,16,106,,31,308,227,18,25,176,106,15,118,,,,76,,43,2,,,86,158,43,25,119,257,36,,16,,,,58,791,,,118,158,40,,,,,,,,,,,,,,,,,,,,,,469,74,73,7,673,,200,274,256,273,209,,,,,,,,,,15,,,166,30,68,93,,,,217,120,240,,,248,79,8,,71,350,10,48,115,4,88,142,184,37,,,118,,,,143,,,,,,,,,,,,,,,,,,,,,,,,,,,,,,,,,,,135,,326,43,101,200,,511,26,127,,89,,,96,208,,,101,388,187,,,,,,477,470,,,268,,139,30,,,,123
2026-09-18T09:45:02+00:00,122,,,112,415,15,,,135,281,,162,,,184,,,,,,,87,,148,301,192,,,,,,721,20,,50,,,160,,,108,,,93,,,,,,,113,,324,35,113,,33,16,7,,,175,9,72,56,,226,,,8,105,,,212,19,,,216,,,,,,,,,,,7,98,230,166,182,289,,277,162,,169,,,,131,,,156,147,,,605,48,,,,71,,,,516,,5,428,36,,,,,,,,,,,,,,,135,,,,,394,,,,,128,138,,,,,,,,,,,,,,,,,,,217,,475,254,25,,,718,314,346,,143,,384,,27,119,31,85,4,,172,180,100,,,127,16,15,549,,,,,,,,,,,,,,,,207,,,50,127,,,,,,,,,113,,,,,51,,,,,,,,,,,189,142,39,51,101,159,173,,282,11,,,32,275,304,,170,331,,,90,296,25,,,,,,,,,,,,,,,,,,,139,21,36,1,,,,431,,,,178,263,,,213,,,,,,,,,,,,2,,,,,,,,,,,,160,80,8,76,20,107,,37,302,219,,27,179,,12,117,,,,,,35,1,,51,89,161,,27,,,,,14,,,199,55,793,101,,116,160,,,,,,,,,,,,,,,,,,,,,,,,,,,,,,,,,,,,,,,,,,,,,,,,,,,,,,118,235,96,10,259,78,9,,,,,,,,,,,,,,,,,,,,,,,,,,,,,,,,,,,,,,,,,,,,,,,,,,,,553,131,,322,,90,,70,506,23,121,280,,97,,,204,54,241,102,384,189,,,,,,,465,,,265,,137,31,,,104,124
2026-09-18T09:50:01+00:00,121,223,,,422,14,,75,,282,,166,,195,,,,,,,,,,151,302,185,,69,,,,713,,,53,158,,162,,,107,139,,98,,,,,,,111,,321,,,,32,,6,,,173,10,70,53,,227,72,,,106,,,213,18,,120,218,297,,108,40,64,109,,,,,,,,,,,,,,,,,,,,,,,,,,,,,,,,,,,,,,,,,,,,,,,,,,,,,,,,,,,,,,,,,,,,,,,,,,,,,,,,,,,,214,270,,258,24,,,716,313,343,,148,,,,,,,,,,,,,,,119,16,18,540,,,,,,,,,,,,,,,,221,,,47,128,,,,,,,,,114,,,,,,,,,,65,,,,,,,139,48,50,99,161,174,,278,13,,,40,,303,229,,330,89,,94,295,23,,761,,,,302,,,,,,,,,,,,,138,23,35,2,,,,429,,,11,177,262,,,208,,,,,,,,,,,,,,,,,,,,,,,,162,79,10,75,24,,,38,301,,,,177,107,11,119,9,,,75,,36,3,,,93,160,,29,118,263,,,,,,190,,,,,,159,,,,,,,,,,,,,,,,,,,,,,,466,75,,9,681,,,272,257,272,213,,,,74,,,,,,12,,,164,24,,92,,,115,,,236,94,14,262,76,7,39,72,348,14,47,116,,84,130,173,40,,,,,203,,144,194,,,,,,,,,,,,,,,,,,,,,,,,,,,,,,,,,552,133,,317,44,80,193,,,31,119,,86,96,,,,52,244,98,388,190,,,,,,476,463,,,261,,136,30,,,,122
2026-09-18T09:55:01+00:00,122,225,56,,426,13,,77,134,279,,167,,191,180,,,,,,,85,394,150,298,180,,67,,,24,715,,4,51,157,,163,,,106,137,,100,,,,,,,,,,34,,,31,,,,,,,68,52,80,226,71,,9,107,,,212,,,,217,,,,,,,,,,489,4,95,234,,180,287,34,278,163,128,162,,353,,132,,123,151,134,,,606,,494,,102,70,,90,127,527,,,,34,62,113,570,98,236,481,47,,351,,,,,,125,,,,,395,,,,,117,137,,,,,,,,,,,,,,,,,,,211,274,476,256,22,,,719,,344,,154,,,,35,118,30,94,5,55,,190,98,,,,16,16,530,,,,,,,,,,,,,,,,220,,,46,130,,,,,,,,,113,,,,,,,,,,,,,,,,,136,51,49,98,165,175,,280,12,,291,43,276,295,227,172,,,,,293,27,,,,,,300,,123,,,,,,,,,,,140,22,37,,,,,430,,,12,176,260,,,203,,,,,,,,,,,,,,,,,,,,,,,,166,81,9,74,19,109,58,36,299,218,,,182,106,12,117,,,,,,34,5,,,,,44,35,,266,37,,,,173,,54,789,100,,115,,42,,,,,,,,,,,,,,,,,,,,,,,,,,682,,201,,,,,,,,,,,,,,,,,,,73,,,,,219,,218,99,13,266,79,14,,65,351,18,49,,2,76,128,172,,218,,114,,207,,146,193,,,,,,,,,,,,,,,,,,,,,,,,,,,,,,,,,,132,49,312,39,74,189,,504,28,116,,85,94,,,203,50,242,97,,189,,,,,,473,,,,,,,29,,,95,121
2026-09-18T10:00:01+00:00,119,,,,427,16,,79,127,278,,170,,189,187,,,,,,,86,391,153,303,179,,,,,26,709,,0,48,158,,166,,,107,,,104,,,,,,,112,,320,35,112,,34,15,,,,,11,69,51,81,225,72,,8,,,,213,19,,,216,293,6,105,39,66,108,,,,488,8,79,239,162,172,282,35,279,164,,151,,356,,131,,121,156,110,,138,607,47,478,184,105,68,204,96,124,538,,,427,,,,,,,,,,,,,,,,,,,,,,,,,,,,,,,,,,,,,,,,,,,,,,213,,477,259,19,,,723,312,,,156,,,,,,,,,,,,,2,,117,16,14,526,,,,,,,,,,,,,,,,217,,,47,,,,,,,,,,,,,,,,,,,,,,,,,,,131,52,51,102,168,166,,286,14,,293,45,273,304,,171,331,,,106,297,31,,,,,,297,,120,,,,,,,,,,,141,19,34,1,,,,431,,,8,172,253,,,198,,,,,,,,,,,,,,,,,,,,,,,,161,79,,73,24,110,,38,301,222,,,183,108,13,119,,,,,149,33,3,,,94,159,,38,119,281,,,,,174,,56,793,97,,114,160,40,,,,,,,,,,,,,,,,,,,,,,459,,77,,,,,274,256,,215,,,,76,,,,,,,,,163,18,,,,,,,115,224,98,22,271,82,15,,,,,,,,,,,,,,,,,,,,,,,,,,,,,,,,,,,,,,,,,,,,,,,,,,,,554,134,44,310,37,62,187,69,501,22,,279,84,96,,,204,46,235,96,389,192,,,,,,470,460,,,265,,135,30,,,,123
2026-09-18T10:05:02+00:00,120,226,,,432,14,,75,132,277,,171,,,196,,,,,,,89,392,155,295,174,,63,,,25,707,,,44,156,,168,,,108,136,,107,,,,,,,,,322,,113,,36,,4,,,,,65,50,82,,,,6,,,,212,17,,121,219,,,,,,,,,,,,,,,,,,,,,,,,,,,,,,,,,,,,,,,,,,,,,,60,119,578,105,234,479,,,348,,,,,,131,,,,,397,,,,,121,140,,,,,,,,,,,,,,,,,,,,272,476,261,17,,,729,,347,,149,,382,,48,117,24,97,3,,175,191,99,3,,120,16,17,516,,,,,,,,,,,,,,,,220,,,49,,,,,,,,,,,,,,,53,,,,,,,,,,,187,132,45,53,106,170,176,,281,16,,295,38,275,306,,173,330,,,109,302,,,763,,,,293,,,,,,,,,,,,,139,20,33,0,,,,428,,,,174,249,,,195,,,,,,,,,,,,0,,,,,,,,,,,,160,82,10,74,18,113,59,40,300,221,19,,188,102,16,118,,,,74,,34,2,,,97,158,,42,118,290,35,,13,,175,182,57,792,99,,113,,31,,,,,,,,,,,,,,,,,,,,,,456,,79,12,683,,200,273,257,273,221,,,,74,,,,,,15,,,162,19,72,93,13,,111,220,109,218,94,21,281,,10,,56,356,20,44,,10,77,123,173,45,214,,118,,206,,150,188,,,,,,,,,,,,,,,,,,,,,,,,,,,,,,,,,555,135,,303,38,63,182,,,25,113,281,81,95,,94,,47,237,95,383,,,,,,,466,459,114,,260,,,32,,,84,122
2026-09-18T10:10:01+00:00,,229,57,,434,12,,68,137,,,170,,188,195,,,,,,,88,,156,297,176,,60,,,26,702,21,4,43,157,,169,,,107,,,112,,,,,,,,,323,,,,33,16,5,,,,,61,47,84,227,,,5,,,,213,16,,120,221,283,19,101,41,63,102,,,,487,3,77,240,163,171,275,36,,,,140,,,,,,118,155,97,,,,,,183,104,,,97,125,536,,,,35,61,,581,107,233,470,46,,345,,,,,,129,,,,,396,,,,,120,137,,,,,,,,,,,,,,,,,,,211,273,477,265,20,,,727,311,348,,157,,,,,,,,,,,,,8,,117,16,,,,,,,,,,,,262,,,,,,223,,,46,127,,,,,,,,,117,,,,,,,,,,,,,,,,,138,54,55,108,172,175,,282,,,302,45,277,300,226,178,335,,,,304,,,765,,,,,,,,,,,,,,,,,140,,34,2,,,,427,,,7,,245,,,191,,,,,,,,,,,,,,,,,,,,,,,,162,,11,76,,,,45,307,230,,,191,105,19,121,,,2,,148,41,7,2,56,96,,46,41,,294,,140,14,,176,180,,796,87,,109,161,32,,,,,,,,,,,,,,,,,,,,,,458,,81,13,682,,198,,256,272,223,,,,76,,,,,,19,,,156,20,73,96,11,,113,,112,220,92,23,279,79,,,,,,,,,,,,,,,,,,,,,,,,,,,,,,,,,,,,,,,,,,,,,,,,,,,,,557,137,42,296,,,183,68,499,26,115,282,82,93,,95,207,45,241,93,,191,,,,,,461,458,113,,,,137,31,,,75,
2026-09-18T10:15:01+00:00,,234,,,435,17,,65,139,280,,167,,184,199,,,,,,,89,,163,294,,,57,,,27,704,,9,42,155,,171,,,,140,,,,,,,,,110,,322,36,,,36,,6,,,174,,58,44,,226,73,,8,,,,,,,124,224,,,,,,,,,,,5,71,237,158,,264,38,284,165,127,144,,357,,,,114,156,77,160,136,608,51,461,184,108,67,208,99,128,560,,,429,36,,,,,,,,,,,,,,,,,,,,,,,,,,,,,,,,,,,,,,,,,,,,,,274,476,269,19,,,735,,354,,161,,384,,49,116,28,99,9,56,176,193,102,6,,116,16,15,513,,,,,,,,,,261,,,,,,232,,,48,128,,,,,,,,,118,,,,,,,,,,66,,,,,,,139,58,56,109,179,173,,291,15,,306,56,,298,,188,333,,,113,308,32,,,,,,288,,122,,,,,,,,,,,137,,,3,,,,,,,6,178,,,,190,,,,,,,,,,,,,,,,,,,,,,,,161,84,12,,25,114,60,49,305,233,,28,194,111,20,117,,,3,76,147,48,,4,58,100,160,47,40,117,299,36,,16,,180,181,58,785,,,111,162,34,,,,,,,,,,,,,,,,,,,,,,459,76,84,14,688,,202,275,255,273,228,,,,78,,,,,,21,,,,17,71,,14,,116,222,110,219,94,25,288,,,,60,357,28,45,114,8,86,121,176,40,212,,117,,201,,,187,,,,,,,,,,,,,,,,,,,,,,,,,,,,,,,,,556,,41,287,43,55,180,67,498,30,119,,,92,,,206,46,250,94,386,190,,,,,,455,454,,,266,,135,32,,,78,
2026-09-18T10:20:02+00:00,121,,,,,24,,57,134,279,,173,,183,198,,80,,,,,91,389,168,292,178,,55,,,29,701,,6,40,153,,172,,,102,139,,114,,12,,,,,109,,325,35,,,,17,,,,,,54,46,,,,,7,,,,215,,,,,271,27,111,42,64,97,,160,,,,,,,,,,,,,,,,,,,,,,,,,,,,,,,,,,,,,,62,,583,103,232,471,,,340,,,,,,128,,,,,400,,,,,123,140,,,,,,,,,,,,,,,,,,,215,272,477,266,18,,,737,,350,,170,,,,,,,,,,,,,7,,118,16,10,503,,,,,,,,,,,,,,,,234,,,49,,,,,,,,,,117,,,,,,,,,,67,,,,,,190,137,,55,111,177,176,,299,14,,316,54,279,299,,192,335,,,114,314,38,,761,,,,286,,121,,,,,,,,,,,140,19,31,2,,,,428,,,4,,242,,,,,,,,,,,,,,,,,,,,,,,,,,,163,85,14,,27,115,61,55,309,236,,,199,118,21,119,,,,,149,,8,,60,103,,54,,118,306,,,15,,181,184,,786,93,,113,163,,,,,,,,,,,,,,,,,,,,,,,462,74,90,15,691,,,271,245,276,248,,,,80,,,,,,20,,,,15,68,97,12,,117,,107,211,95,20,305,,8,40,56,,,49,,7,82,116,172,33,213,,116,,206,,152,184,,,,,,,,,,,,,,,,,,,,,,,,,,,,,,,,,557,134,,281,42,59,184,66,496,35,123,283,,,,,203,45,257,96,,,,,,,,452,456,,,,,,30,,,72,121
2026-09-18T10:25:02+00:00,118,238,,111,,22,,53,139,276,,176,,182,206,,,,,,,90,390,173,288,182,,54,,,30,,,7,42,,,171,,,,,,115,,14,,,,,111,,324,,,,35,16,,,,173,,53,39,,223,,,6,108,,,,15,,,228,,,,,,,,,,488,2,,,162,170,271,42,285,164,130,134,,361,,,,111,158,74,,138,609,54,460,182,,66,206,104,129,571,,,,35,,,,,,,,,,,,,,,,,,,,,,,,,,,,,,,,,,,,,,,,,,,,,213,274,,265,21,,,742,313,353,,166,,380,,70,,31,98,14,57,183,192,104,5,,116,16,8,502,,,,,,,,,,,,,,,,238,,1,47,129,,,,,,,,,,,,,,,,,,,66,,,,,,,,61,56,108,175,178,,306,18,,319,56,,300,225,198,337,,,,315,39,,765,,,,282,,123,,,,,,,,,,,139,20,,,,,,427,,,5,,234,,,188,,,,,,,,,,,,,,,,,,,,,,,,170,86,,75,23,116,,59,311,234,,,205,121,,118,,,,77,150,45,,,,,162,53,44,119,310,37,,14,,178,179,60,773,95,,112,165,35,,,,,,,,,,,,,,,,,,,,,,467,,89,18,,,,,,,,,,,81,,,,,,18,,,,12,,96,15,,116,,104,218,93,18,299,,9,,,,,,,,,,,,,,,,,,,,,,,,,,,,,,,,,,,,,,,,,,,,,,,,,,,,558,133,,276,40,53,182,,497,39,,284,83,91,,,202,44,259,98,,193,,,,,,450,454,,,270,,134,28,,,,122
2026-09-18T10:30:01+00:00,123,,,110,442,24,,50,146,282,,178,,184,216,,,,,,,89,393,175,282,176,,,,,,699,,9,40,,,170,,,101,137,,117,,,,,,,,,322,,112,,32,17,8,,,172,,,37,,224,,1,,,,,217,16,,123,226,,42,121,49,63,99,,,,489,4,66,243,,174,267,,286,166,132,124,,362,,130,,106,159,69,159,139,614,50,453,183,,69,201,103,131,575,,6,430,33,63,123,588,106,,,,,341,,,,,,126,,,,,402,,,,,,137,,,,,,,,,,,,,,,,,,,215,276,476,266,19,,,748,,351,,162,,,,,,,,,,,,,9,,118,16,3,498,,,,,,,,,,,,,,,,246,,0,,131,,,,,,,,,119,,,,,,,,,,65,,,,,,191,136,66,59,109,174,175,,308,19,,320,61,280,307,224,201,344,,,121,313,,,768,,,,285,,,,,,,,,,,,,136,,29,5,,,,426,,,,180,233,,,187,,,,,,,,,,,,1,,,,,,,,,,,,168,88,16,79,19,115,62,64,312,239,20,,207,,,119,,,,78,151,51,10,7,54,108,167,,47,,307,36,,,,177,174,,772,94,,,171,,,,,,,,,,,,,,,,,,,,,,,463,,92,17,689,,207,275,237,,254,,,,83,,,,,,22,,,155,15,70,92,30,,119,,102,224,89,15,303,78,11,38,54,358,29,52,113,9,79,111,166,34,,,113,,207,,154,179,,,,,,,,,,,,,,,,,,,,,,,,,,,,,,,,,557,134,42,275,44,51,185,64,495,46,124,281,84,92,,,204,,255,94,388,,,,,,,,,,,268,,133,,,,66,
2026-09-18T10:35:01+00:00,,240,,,447,26,,53,,284,,,,185,226,,,,,,,88,396,178,280,173,,55,,,,694,,7,41,,,173,,,,136,,120,,,,,,,110,,321,,114,,,15,,,,173,,57,38,,,71,,,,,,218,15,,122,221,,,,,,,,,,490,9,65,251,161,,264,43,,167,133,121,,,3,129,,103,152,52,,138,,47,,,,68,199,108,134,577,,5,431,,,,,,,,,,,,,,,,,,,,,,,,,,,,,,,,,,,,,,,,,,,,,,211,274,475,270,21,,,746,,,,164,,374,,79,,30,103,16,59,186,191,110,,,125,16,6,489,,,,,,,,,,,,,,,,249,,,48,,,,,,,,,,,,,,,,,,,,,,,,,,189,133,69,66,,175,,,315,20,,328,60,283,302,,207,347,,,131,317,40,,,,,,280,,121,,,,,,,,,,,137,,31,,,,,,,,4,181,231,,,188,,,,,,,,,,,,,,,,,,,,,,,,165,91,15,,16,113,,67,316,244,,,208,122,,122,,,,,,52,11,8,50,110,,,48,120,304,,,16,,179,163,61,764,90,,,172,39,,,,,,,,,,,,,,,,,,,,,,461,,,15,691,,213,278,236,275,258,,,,85,,,,,,26,,,,18,,91,29,,125,225,105,226,85,14,304,,16,,48,357,,55,115,10,77,107,198,28,214,,114,,211,,,180,,,,,,,,,,,,,,,,,,,,,,,,,,,,,,,,,558,131,44,270,45,55,186,,492,,119,,,,,,,45,,95,390,192,,,,,,452,453,,,276,,130,26,,,,119
2026-09-18T10:40:01+00:00,122,242,,,446,28,,54,147,,,181,,187,232,,,,,,,91,,180,279,178,,,,,,692,22,8,40,152,,172,,,,,,,,,,,,,106,,322,,,,31,16,9,,,,,55,35,83,225,,2,,,,,212,,,,,281,36,119,61,67,94,,161,,,,,,,,,,,,,,,,,,,,,,,,,,,,,,,,,,,,,,66,127,606,,224,470,44,,338,,,,,,127,,,,,,,,,,122,141,,,,,,,,,,,,,,,,,,,212,275,477,276,,,,,,,,171,,,,,,,,,,,,,10,,129,16,4,486,,,,,,,,,,,,,,,,250,,,52,129,,,,,,,,,,,,,,52,,,,,63,,,,,,188,130,75,65,112,174,170,,317,,,327,61,282,313,225,212,,88,,130,323,45,,770,,,,275,,119,,,,,,,,,,,135,,34,6,,,,427,,,,180,,,,189,,,,,,,,,,,,0,,,,,,,,,,,,160,,,81,15,114,,73,,242,,,,124,,123,,,,77,149,64,14,,57,111,,49,53,,302,,,17,,,,,,,,,,,,,,,,,,,,,,,,,,,,,,,,462,75,96,16,,,214,282,240,,261,,,,84,,,,,,29,,,156,17,73,89,26,,128,,110,225,88,21,321,74,,,,,,,,,,,,,,,,,,,,,,,,,,,,,,,,,,,,,,,,,,,,,,,,,,,,,560,,43,267,47,58,190,62,491,43,,,86,88,,,202,46,258,93,395,189,,,,,,454,448,,,285,,,24,,,63,118
2026-09-18T10:45:01+00:00,126,243,,108,450,23,,59,156,286,,186,,191,239,,81,,,,,89,397,182,276,183,,,,,31,688,23,4,,153,,162,,,,,,117,,,,,,,105,,323,34,,,29,15,,,,174,12,56,34,,226,,4,,,,,215,13,,,,,,,,,,,,,,8,63,250,159,175,262,41,287,,,120,217,361,,130,,101,150,51,158,137,615,46,,182,104,69,200,107,136,,14,,,32,,,,,,,,,,,,,,,125,,,,,,,,,,,,,,,,,,,,,,,,,,,,,,215,276,478,279,20,,,749,314,361,,176,,371,,78,114,27,104,21,57,191,,,9,,127,16,0,485,,,,,,,,,,,,,,,,257,,,51,,,,,,,,,,118,,,,,51,,,,,62,,,,,,,118,81,66,113,,177,,320,,11,330,65,281,311,228,215,352,,,131,325,44,,772,,,,278,,118,,,,,,,,,,,137,16,37,3,,,,,,,,178,227,,,186,,,,,,,,,,,,,,,,,,,,,,,,162,93,,,16,,63,80,323,252,22,,212,129,,125,,,5,,151,78,13,7,55,113,169,48,56,122,298,,,,4,184,154,,752,82,,110,174,43,,,,,,,,,,,,,,,,,,,,,,458,,94,17,693,,215,283,,272,265,,,163,,,,,,,31,,,155,19,75,90,24,,135,,109,220,90,25,332,,10,40,54,358,33,56,118,,78,98,195,26,,,113,,214,,152,,,,,,,,,,,,,,,,,,,,,,,,,,,,,,,,,,,,41,262,44,51,191,61,490,38,,278,,85,,93,199,47,262,98,396,190,,,,,,451,447,,,280,,129,42,,,57,
2026-09-18T10:50:01+00:00,125,247,,,448,26,,66,157,284,,189,,192,246,,79,,,,,90,393,180,278,185,,54,,,30,680,,13,41,154,,165,,,,,,116,,12,,,,,,,322,35,,,22,17,,,,,,54,36,84,227,,1,5,,,,213,,,124,218,292,30,103,69,,100,,,,488,3,55,252,,178,250,40,,,,108,,365,,132,,97,148,38,,138,617,40,435,187,103,70,203,110,132,572,,,433,,71,138,618,102,225,469,48,,,,,,,,,,,,,,,,,,,,,,,,,,,,,,,,,,,,,,218,278,476,287,23,,,751,316,355,,184,,,,,,,,,,,,,6,,135,16,1,484,,,,,,,,,,260,,,,,,271,,,52,,,,,,,,,,,,,,,,,,,,60,,,,,,,125,85,64,,173,176,,325,17,,,68,,315,229,218,349,,,132,322,40,,779,,,,279,,119,,,,,,,,,,,139,17,,5,,,,,,,,176,228,,,183,,,,,,,,,,,,,,,,,,,,,,,,158,,16,85,21,116,61,88,325,251,,27,,133,,130,,,,79,152,87,,9,58,115,170,47,58,,294,37,,19,,,,,,,,,,,,,,,,,,,,,,,,,,,,,,,,,76,96,20,695,,222,286,232,274,269,,,164,85,,,,,,27,,,157,18,77,93,33,,143,224,108,214,89,21,333,75,7,38,55,360,,57,116,,80,92,194,29,,,110,,212,,151,179,,,,,,,,,,,,,,,,,,,,,,,,,,,,,,,,,561,,40,266,,38,184,60,488,36,111,,87,82,,,200,,258,96,395,189,,,,,,452,449,,,,,130,,,,61,
2026-09-18T10:55:01+00:00,122,248,,,453,23,,69,159,283,,186,,194,251,,80,,,,,91,,184,275,,,56,,,29,685,,20,,,,161,,,100,,,120,,,,,,,103,,323,36,,,20,,,,,,13,58,37,,,,,,107,,,210,,,126,217,,,,,,,,,,489,,54,250,,177,245,42,288,166,134,97,216,366,,,112,95,151,36,,,621,,,,105,,208,,131,568,15,6,432,,,,,,,,,,,,,,,,135,,,,,409,,,,,123,,,,,,,,,,,,,,,,,,,,214,280,479,290,,,,747,314,361,,188,,373,,65,112,24,103,22,64,189,190,119,4,,139,16,5,475,,,,,,,,,,,,,,,,276,,,55,127,,,,,,,,,116,,,,,49,,,,,59,,,,,,,127,92,,112,179,178,,,19,,327,71,284,319,,219,352,,,,,38,,783,,,,,,118,,,,,,,,,,,136,19,38,,,,,425,,,3,179,229,,,181,,,,,,,,,,,,,,,,,,,,,,,,,,19,84,,,60,94,326,253,,,208,139,,132,,,,80,,97,15,7,,120,171,,59,,293,,141,17,0,,152,,767,84,,111,175,48,,,,,,,,,,,,,,,,,,,,,,455,78,,22,694,,224,,233,275,275,,,,,,,,,,26,,,156,,76,,38,,,223,106,216,85,26,338,,11,,,,,,,,,,,,,,,,,,,,,,,,,,,,,,,,,,,,,,,,,,,,,,,,,,,,562,,,263,40,35,186,59,490,30,112,280,89,,,92,199,,251,97,,191,,,,,,453,448,114,,271,,132,40,,,60,117
2026-09-18T11:00:01+00:00,119,,,,451,21,,,,280,,,,200,253,,81,,,,,89,,186,278,188,,58,,,30,687,,22,,156,,163,,,99,135,,124,,11,,,,,,,,37,,,22,14,,,,175,,61,38,,,72,0,7,,,,211,,,125,,290,21,96,70,72,107,,159,,,,,,,,,,,,,,,,,,,,,,,,,,,,,,,,,,,,,,70,,623,100,,473,49,,337,,,,,,,,,,,,,,,,,,,,,,,,,,,,,,,,,,,,219,281,477,294,26,,,752,311,363,,187,,,,,,,,,,,,,7,,137,16,3,471,,,,,,,,,,,,,,,,277,,,54,128,,,,,,,,,114,,,,,48,,,,,57,,,,,,187,133,98,65,114,180,176,,329,18,,330,64,283,323,,,351,89,,133,321,,,782,,,,,,117,,,,,,,,,,,139,17,33,7,,,,,,,6,178,228,,,178,,,,,,,,,,,,1,,,,,,,,,,,,155,97,,85,23,115,,95,325,251,,28,212,148,,137,,,,,154,,13,6,61,126,172,,60,,298,,140,16,5,185,154,60,760,86,,109,174,50,,,,,,,,,,,,,,,,,,,,,,,,100,,,,,,,,,,,,84,,,,,,,,,,15,,,,13,145,,109,222,90,27,336,73,15,37,57,,35,58,118,14,78,,197,31,213,,114,,210,,150,176,,,,,,,,,,,,,,,,,,,,,,,,,,,,,,,,,565,,41,,41,39,188,58,493,34,114,,92,81,,93,,48,254,96,396,192,,,,,,450,446,,,269,,129,39,,,,115
2026-09-18T11:05:01+00:00,115,250,,,,,,,163,,,193,,201,254,,,,,,,,,192,281,180,,57,,,,683,,28,,154,,159,,,,133,,126,,13,,,,,,,325,,,,18,,7,,,,,59,39,,,70,,6,105,,,210,,,,216,,,,,,,,,,491,1,55,257,160,178,246,41,,167,135,98,215,367,,131,,89,147,34,,140,,,,182,,68,,113,133,572,,7,,31,,,,,,,,,,,,,,,140,,,,,407,,,,,122,144,,,,,,,,,,,,,,,,,,,221,282,475,291,24,,,758,,366,,198,271,375,,70,,26,104,27,103,191,189,109,3,,141,16,5,465,,,,,,,,,,,,,,,,280,,,56,,,,,,,,,,,,,,,,,,,,,,,,,,,,108,67,115,178,,,325,,,331,67,285,319,232,216,355,,,132,325,41,,788,,,,,,,,,,,,,,,,,138,18,34,5,,,,,,,4,,225,,,185,,,,,,,,,,,,2,,,,,,,,,,,,158,95,20,,27,112,,101,327,248,,27,219,160,,139,,,6,81,,103,15,,60,130,176,53,63,123,296,,,,10,,160,63,,84,,,172,53,,,,,,,,,,,,,,,,,,,,,,465,80,102,24,696,,225,284,236,278,278,,,,86,,,,,,25,,,158,16,77,98,47,17,153,221,108,221,89,24,340,,17,,,,,,,,,,,,,,,,,,,,,,,,,,,,,,,,,,,,,,,,,,,,,,,,,,,,566,133,42,265,,43,187,55,492,32,116,,90,,,92,,49,261,98,398,194,,,,,,456,442,,,,,133,42,,,,
2026-09-18T11:10:01+00:00,118,,,,455,19,,65,165,278,,191,,202,258,,83,,,,,84,395,201,,,,,,,,,,,,,,,,,,,,,,,,,,,,,,,,,,,,,,,,,,,,,,,,,,,,,,,,,,,,,,,,,,,,,,,,,,,,,,,,,,,,,,,,,,,,,,,,,,,,,,,,,,,,,,,,,,,,,,,,,,,,,,,,,,,,,,,,,,,,,,,,,,,,,,,,,,,,,,,,,,,,,,,,,,,,,,,,,,,,,,,,,,,,,,,,,,,,,,,,,,,,,,,,,,,,,,,,,,,,,,,,,,,,,,,,,,,,,,,,,,,,,,,,,,,,,,,,,,,,,,,,,,,,,,,,,,,,,,,,,,,,,,,,,,,,,,,,,,,,,,,,,,,,,,,,,,,,,,,,,,,,,,,,,,,,,,,,,,,,,,,,,,,,,,,,,,,,,,,,,,,467,79,104,26,698,,,283,238,280,284,,,,85,,,,,,26,,,161,19,78,99,42,21,155,,,,,,,,,,,,,,,,,,,,,,,,,,,,,,,,,,,,,,,,,,,,,,,,,,,,,,,,,,,,,,,,,,,,,,,,,,,,,,,,,,,,,,,,,,,,,,,,,,
2026-09-18T11:10:02+00:00,,,,,,,,,,,,,,,,,,,,,,,,,,185,,58,,,,677,,30,45,,,,,,100,134,,128,,,,,,,104,,327,35,,,19,,,,,,12,61,38,85,,,,8,,,,208,,,126,218,300,,106,76,70,103,,157,,,,,,,,,,,,,,,,,,,,,,,,,,,,,,,,,,,,,,,,,,,,,,,,,,,,,,,,,,,,,,,,,,,,,,,,,,,,,,,,,,220,286,,287,22,,,,310,,,205,,,,,,,,,,,,,2,,149,16,7,455,,,,,,,,,,262,,,,,,282,,,60,130,,,,,,,,,113,,,,,45,,,,,53,,,,,,188,139,114,65,119,184,,,329,,12,330,76,290,326,,219,356,92,,134,338,40,,802,,,,280,,,,,,,,,,,,,139,23,,4,,,,,,,3,180,224,,,189,,,,,,,,,,,,,,,,,,,,,,,,160,94,,,28,110,,99,328,,,,221,,,141,,,,,,110,16,,65,132,177,55,64,124,298,,,,8,187,171,,755,92,,113,176,49,,,,,,,,,,,,,,,,,,,,,,,,,,,,,,,,,,,,,,,,,,,,,,,,,,,,,110,232,90,26,341,72,22,,55,362,36,53,,13,77,87,200,36,214,,117,,212,,154,170,,,,,,,,,,,,,,,,,,,,,,,,,,,,,,,,,,,41,262,37,37,189,,491,36,120,280,,82,,90,37,51,263,97,403,,,,,,,452,,,,276,,,41,,,59,116
2026-09-18T11:15:01+00:00,123,253,,,462,,,71,167,274,,193,,199,266,,,,,,,87,,208,285,187,,57,,,29,679,,26,48,157,,161,,,,136,,130,,,,,,,,,332,37,,,22,15,9,,,174,,60,36,84,226,71,3,,,,,209,12,,128,213,,,,,,,,,,494,,57,258,158,179,240,40,287,171,138,102,214,368,2,,,95,153,43,,,619,47,,186,103,71,207,114,131,561,,,434,30,,,,,,,,,,,,,,,139,,,,,409,,,,,121,145,,,,,,,,,,,,,,,,,,,221,287,473,288,26,,,765,311,375,,204,,392,,91,113,22,108,32,106,192,199,,5,,161,16,9,450,,,,,,,,,,,,,,,,292,,,,131,,,,,,,,,,,,,,43,,,,,,,,,,,190,145,121,68,123,185,174,,328,19,,335,78,293,,234,221,361,93,,137,340,45,,,,,,281,,114,,,,,,,,,,,140,24,32,5,,,,423,,,4,185,225,,,190,,,,,,,,,,,,1,,,,,,,,,,,,159,98,22,87,39,107,59,115,327,253,,,229,161,,142,,,,,153,111,12,9,74,,180,54,67,125,309,,,,,,,,,,,,,,,,,,,,,,,,,,,,,,,,,,,,,105,27,699,,226,284,237,,288,,,,84,,,,,,23,,,165,20,83,100,48,26,160,220,112,236,93,28,344,71,23,38,60,,33,52,120,14,80,86,201,41,212,,,,219,,158,165,,,,,,,,,,,,,,,,,,,,,,,,,,,,,,,,,567,136,,,39,,181,54,490,41,117,,,83,,,36,54,260,,404,189,,,,,,454,443,,,262,,136,43,,,57,115
2026-09-18T11:20:01+00:00,124,,,109,464,23,,73,163,275,,187,,203,265,,85,,,,,84,397,222,289,191,,54,,,28,684,,,49,158,,165,,,,137,,136,,,,,,,106,,331,,,,23,,8,,,,,55,37,85,,,4,,,,,210,,,129,215,308,41,111,73,75,104,,156,,495,7,62,264,153,180,239,,286,177,142,106,,,4,132,111,99,154,42,159,,,49,438,185,100,75,208,117,133,587,,8,436,,74,133,641,108,225,482,48,,338,,,,,,,,,,,,,,,,,,,,,,,,,,,,,,,,,,,,223,285,469,294,27,,,771,,379,,202,,,,,,,,,,,,,2,,164,16,4,,,,,,,,,,,,,,,,,302,,,59,133,,,,,,,,,110,,,,,,,,,,52,,,,,,,150,122,69,126,,178,,332,22,,338,82,298,338,237,223,364,,,142,342,44,,818,,,,284,,,,,,,,,,,,,139,22,31,6,,,,,,,,183,230,,,,,,,,,,,,,,,,,,,,,,,,,,,,99,25,91,43,108,58,124,332,256,24,28,234,165,,146,8,,7,82,,112,,,83,138,179,58,66,124,316,38,,15,13,,167,,754,95,,116,175,47,,,,,,,,,,,,,,,,,,,,,,475,,110,30,703,,233,286,232,281,310,,,,88,,,,,,28,,,174,23,85,103,51,29,175,217,113,239,101,29,350,68,28,,,,,,,,,,,,,,,,,,,,,,,,,,,,,,,,,,,,,,,,,,,,,,,,,,,,568,135,42,265,,38,182,,491,44,119,280,91,,,91,32,51,258,,,188,,,,,,455,441,,,255,,135,44,,,61,
2026-09-18T11:25:01+00:00,126,254,,,468,24,,79,167,276,,182,,202,258,,84,,,,,,398,230,291,197,,53,,,29,680,,23,47,157,,166,,,,138,,142,,15,,,,,,,334,,,,,,,,,,11,53,33,,,73,2,,,,,208,11,,131,,309,51,122,80,80,103,,157,,,10,60,270,,178,240,,,176,141,108,,,2,130,,104,156,48,,139,618,,,,102,73,211,,140,589,,,437,29,72,129,645,111,220,480,,,336,,,,,,137,,,,,408,,,,,124,148,,,,,,,,,,,,,,,,,,,226,292,466,302,22,,,768,310,376,,196,,404,,127,112,20,109,35,111,199,202,,3,,172,16,7,451,,,,,,,,,,,,,,,,303,,,57,,,,,,,,,,113,,,,,,,,,,,,,,,,,146,128,74,131,184,189,,339,27,,335,93,305,339,,225,,95,,141,341,48,,831,,,,287,,111,,,,,,,,,,,142,19,,5,,,,424,,,,,227,,,185,,,,,,,,,,,,0,,,,,,,,,,,,157,100,,92,41,,59,133,339,258,27,27,240,166,22,148,,,,81,,,8,10,88,142,180,60,64,123,328,37,138,14,15,188,179,,,93,,114,173,36,,,,,,,,,,,,,,,,,,,,,,478,,111,33,706,,236,288,223,279,313,,,,89,,,,,,27,,,176,26,90,104,54,38,176,,,234,,31,360,67,26,37,64,364,35,49,121,15,,80,196,45,,,,,,,162,167,,,,,,,,,,,,,,,,,,,,,,,,,,,,,,,,,,137,38,266,43,42,,,492,,123,,90,81,,90,,50,256,,406,187,,,,,,454,443,,,262,,134,,,,,
2026-09-18T11:30:02+00:00,122,253,,107,,22,,80,170,272,,181,,,262,,86,,,,,89,,233,287,195,,54,,,,690,24,29,46,156,,164,,,101,134,,146,,,,,,,107,,333,36,113,,21,,7,,,175,,57,35,86,,74,1,,,,,,,,132,216,,,,,,,,,,,,,,,,,,,,,,,,,,,,,,,,,,,,,,,,,,,,,,,,,,,,,,,,,,,,,,,,,,,,,,,,,,,,,,,,,,,,,,,,,,,291,448,306,,,,773,308,391,,199,,,,,,,,,,,,,9,,173,16,5,450,,,,,,,,,,261,,,,,,311,,,58,131,,,,,,,,,114,,,,,41,,,,,,,,,,,191,148,,73,129,186,187,,335,34,,329,99,301,348,239,235,368,96,,146,335,46,,841,,,,291,,,,,,,,,,,,,,,30,6,,,,,,,,180,226,,,182,,,,,,,,,,,,1,,,,,,,,,,,,159,99,,93,43,106,61,137,340,261,,,245,168,,,,,,,152,105,10,7,90,143,181,64,65,124,338,,137,13,18,191,172,64,755,100,,115,172,46,,,,,,,,,,,,,,,,,,,,,,,,,,,,,,,,,,,,,,,,,,,,,,,,,,,,,116,233,104,39,,68,31,,62,,38,,,,77,74,194,53,,,120,,222,,166,169,,,,,,,,,,,,,,,,,,,,,,,,,,,,,,,,,,,,268,39,35,175,55,489,43,124,285,91,80,,,,51,259,,409,186,,,,,,456,444,,,255,,135,,,,66,
2026-09-18T11:35:01+00:00,121,258,,108,467,26,,78,175,,,183,,203,,,,,,,,90,,239,285,202,,,,,28,691,23,27,45,,,165,,,103,139,,147,,,,,,,,,,35,,,23,16,,,,,,62,,,,73,2,9,,,,210,10,,,217,315,58,130,83,81,106,,153,,496,20,64,274,,179,242,41,285,175,146,107,,370,4,,,103,159,51,,140,,51,441,186,104,75,213,116,144,592,,,,30,75,122,652,114,224,479,46,,334,,,,,,139,,,,,414,,,,,120,145,,,,,,,,,,,,,,,,,,,229,,437,309,20,,,778,307,387,,201,270,407,,150,114,21,106,41,113,205,205,111,5,,179,16,9,449,,,,,,,,,1,,,,,,,314,,,59,133,,,,,,,,,113,,,,,,,,,,,,,,,,,157,133,,128,187,188,,338,35,,334,94,300,340,240,242,370,,,147,333,47,,,,,,290,,113,,,,,,,,,,,,21,33,,,,,425,,,5,179,231,,,,,,,,,,,,,,,,,,,,,,,,,,,158,100,24,96,44,107,62,136,342,,,29,246,,,149,,,,79,,,,8,92,145,180,65,66,125,336,,,,,195,179,,752,96,,116,,51,,,,,,,,,,,,,,,,,,,,,,482,76,112,32,712,,240,289,227,,323,,,,90,,,,,,26,,,180,,98,105,55,45,185,,,238,,38,356,,34,,,,,,,,,,,,,,,,,,,,,,,,,,,,,,,,,,,,,,,,,,,,,,,,,,,,,138,40,267,,40,171,53,490,38,125,,90,81,,92,29,,258,100,410,187,,,,,,,447,115,,253,,136,,,,,116
2026-09-18T11:40:01+00:00,120,261,,,,24,,75,177,273,,182,,209,260,,87,,,,,87,399,243,,,,52,,,30,697,,28,46,155,,164,,,105,,,148,,14,,,,,109,,,37,,,20,,5,,,,10,,29,,225,74,,,,,,,,,,218,,,,,,,,,,,18,69,,159,178,253,48,287,177,144,115,215,375,11,131,110,104,165,49,,142,621,52,,193,105,81,218,115,149,601,,,,32,,,,,,,,,,,,,,,,,,,,,,,,,,,,,,,,,,,,,,,,,,,,,225,295,423,310,,,,779,,386,,198,,,,,,,,,,,,,8,,,16,5,447,,,,,,,,,,,,,,,,317,,,,134,,,,,,,,,111,,,,,43,,,,,53,,,,,,192,155,,75,127,188,186,,335,33,,333,98,304,349,,243,380,,,148,341,46,,855,,,,287,,112,,,,,,,,,,,140,25,,,,,,426,,,4,182,228,,,185,,,,,,,,,,,,,,,,,,,,,,,,167,103,26,,38,108,64,138,345,267,28,,253,171,,153,,,9,,153,110,7,13,99,143,179,73,64,129,344,38,,,16,198,177,,753,88,,,,56,,,,,,,,,,,,,,,,,,,,,,488,75,116,33,708,,241,292,226,280,327,,,,,,,,,,25,,,182,27,101,108,,52,,,112,235,100,31,355,,39,36,,362,,50,118,17,71,70,188,43,211,,122,,225,,167,163,,,,,,,,,,,,,,,,,,,,,,,,,,,,,,,,,572,,37,265,36,35,172,52,491,34,124,280,91,80,,93,30,50,254,,411,186,,,,,,455,451,,,,,138,43,,,67,115
2026-09-18T11:45:01+00:00,,260,,,472,21,,72,178,,,180,,,264,,88,,,,,86,401,248,,198,,50,,,28,698,22,29,45,154,,158,,,,,,151,,,,,,,107,,,,,,,,6,,,,,,,,,,1,10,,,,207,12,,133,220,319,63,136,93,86,107,,152,,,,,,,,,,,,,,,,,,,,,,,,,,,,,,,,,,,,,,81,118,666,116,225,480,45,,336,,,,,,132,,,,,419,,,,,118,,,,,,,,,,,,,,,,,,,,224,297,410,311,16,,,777,306,391,,200,271,414,,162,116,20,104,40,115,206,194,118,7,,175,16,7,450,,,,,,,,,2,,,,,,,323,,,,,,,,,,,,,110,,,,,44,,,,,,,,,,,191,157,144,76,134,192,188,,333,35,,338,,303,353,241,246,376,,,149,343,49,,853,,,,291,,113,,,,,,,,,,,144,27,31,3,,,,,,,,184,232,,,186,,,,,,,,,,,,,,,,,,,,,,,,173,104,27,97,42,109,,145,344,265,,,255,175,,154,,,,78,154,111,9,12,106,,175,74,,130,353,,,14,15,199,186,65,757,82,,,,49,,,,,,,,,,,,,,,,,,,,,,484,,120,34,,,243,291,228,,328,,,,,,,,,,24,,,183,30,,109,56,50,188,215,113,229,101,27,352,67,47,,,,,,,,,,,,,,,,,,,,,,,,,,,,,,,,,,,,,,,,,,,,,,,,,,,,577,,35,268,35,38,171,49,,38,123,289,92,79,,,33,51,259,99,,185,,,,,,454,452,116,,258,,134,46,,,66,116
2026-09-18T11:50:01+00:00,117,263,,,,22,,67,180,,,183,,213,263,,,,,,,85,402,247,284,200,,,,,29,697,,28,43,155,,157,,,106,,,152,,,,,,,105,,,,,,16,17,8,,,176,,60,31,,226,76,,,106,,,206,,,132,225,,,,,,,,,,,,,,,,,,,,,,,,,,,,,,,,,,,,,,,,,,,,,,,,,,,,,,,,,,,,,,,,,,,,,,,,,,,,,,,,,,,,,,,,,,223,299,405,315,15,,,774,305,392,,211,,,,,,,,,,,,,5,,180,16,8,443,,,,,,,,,0,,,,,,,324,,,61,136,,,,,,,,,112,,,,,,,,,,54,,,,,,192,156,143,,132,190,189,,332,,,340,111,309,358,240,252,,95,,152,342,45,,866,,,,,,,,,,,,,,,,,147,20,34,2,,,,,,,,188,,,,185,,,,,,,,,,,,0,,,,,,,,,,,,175,,28,94,43,,,,340,263,,30,256,174,,151,,,,,151,115,7,14,110,144,174,76,67,,376,,,13,,,,,,,,,,,,,,,,,,,,,,,,,,,,,,,,483,74,126,36,701,,248,289,233,279,,,,,,,,,,,23,,,195,36,,111,55,53,190,214,112,228,105,23,344,,45,37,60,358,32,52,117,18,66,71,181,42,214,,123,,227,,172,159,,,,,,,,,,,,,,,,,,,,,,,,,,,,,,,,,581,,37,270,34,,174,50,488,44,119,288,,78,,92,30,,261,,413,187,,,,,,456,,,,253,,137,,,,,119
2026-09-18T11:55:01+00:00,115,266,56,,474,24,,61,176,271,,185,,207,269,,,,,,,84,405,250,283,,,52,,,30,702,,26,44,157,,154,,,107,,,151,,,,,,,,,334,,114,,15,16,,,,,,,27,,,,,,,,,,,,133,230,320,76,137,102,87,115,,151,,,11,70,277,163,176,245,51,289,182,146,127,214,381,16,130,111,107,177,59,,,623,,440,,103,83,216,,148,620,,,438,31,82,114,677,117,228,479,47,,340,,,,,,130,,,,,420,,,,,121,147,,,,,,,,,,,,,,,,,,,220,302,416,,13,,,775,,387,,213,,422,,167,117,21,108,41,117,204,192,114,10,,182,15,12,441,,,,,,,,,,,,,,,,321,,,58,135,,,,,,,,,,,,,,49,,,,,,,,,,,189,151,145,77,135,191,192,,328,38,13,345,115,310,351,,253,379,,,154,346,46,,,,,,,,114,,,,,,,,,,,146,21,33,,,,,429,,,,190,230,,,184,,,,,,,,,,,,1,,,,,,,,,,,,177,,31,90,45,,,150,337,255,,,260,179,23,,,,10,,152,110,,15,119,146,177,80,68,131,399,,136,14,16,,175,66,754,84,,114,175,54,,,,,,,,,,,,,,,,,,,,,,,,,,,,,,,,,,,,,,,,,,,,,,,,,,,,,115,239,109,20,345,,46,35,62,355,28,50,118,,61,69,176,38,215,,127,,230,,170,158,,,,,,,,,,,,,,,,,,,,,,,,,,,,,,,,,582,137,36,271,37,43,175,52,485,41,121,286,,,,93,28,52,263,98,,,,,,,,455,447,,,252,,132,45,,,49,120
2026-09-18T12:00:02+00:00,110,,,,477,,,,175,273,,190,,,273,,87,,,,,81,407,252,286,204,,51,,,,710,,24,42,156,,,,,,137,,152,,,,,,,,,,36,,,21,14,,,,,,65,24,,225,72,,,107,,,202,11,,132,232,,,,,,,,,,,,,,,,,,,,,,,,,,,,,,,,,,,,,,,,,,,,,,,,,,,,,,,,,,,,,,,,,,,,,,,,,,,,,,,,,,,,,,,,,,224,299,443,317,14,,,773,304,392,,202,,,,,,,,,,,,,11,,,15,17,435,,,,,,,,,,260,,,,,,319,,,63,134,,,,,,,,,111,,,,,,,,,,,,,,,,191,159,143,74,136,,190,,323,,,349,,312,359,,252,,94,,156,,42,,873,,,,293,,113,,,,,,,,,,,144,22,31,,,,,430,,,,197,235,,,189,,,,,,,,,,,,0,,,,,,,,,,,,175,,30,89,44,108,,148,,251,29,28,259,180,,149,,,,79,153,114,10,16,128,145,175,87,63,132,430,37,137,15,18,201,172,,757,83,,,177,53,,,,,,,,,,,,,,,,,,,,,,476,73,128,39,705,,249,,,278,329,,,,91,,,,,,17,,,196,38,110,,52,50,192,,116,235,,17,333,65,44,,,,,,,,,,,,,,,,,,,,,,,,,,,,,,,,,,,,,,,,,,,,,,,,,,,,585,136,41,274,,46,182,56,483,38,122,,91,,,92,,53,,97,416,186,,,,,,454,445,,,250,,134,46,,,60,122
2026-09-18T12:05:01+00:00,109,270,,,482,22,,50,174,271,,186,,208,274,,,,,,,76,406,,292,207,,53,,,29,713,20,22,44,154,,,,,109,139,,,,,,,,,,,339,,113,,20,12,,,,177,,67,25,,,,2,,,,,208,,,,237,316,83,130,106,83,113,,152,,,17,80,278,161,,241,48,290,184,147,125,,383,,,112,103,181,63,,144,626,49,449,214,107,85,215,113,147,617,,,441,32,83,115,686,118,225,482,45,,339,,,,,,132,,,,,423,,,,,117,142,,,,,,,,,,,,,,,,,,,223,304,470,321,,,,769,305,396,,198,270,423,,169,116,13,111,40,120,205,,111,13,,180,15,18,443,,,,,,,,,,262,,,,,,317,,,,,,,,,,,,,107,,,,,,,,,,,,,,,,190,162,152,,140,,196,,328,33,14,351,116,317,369,239,255,378,95,,157,,40,,881,,,,292,,115,,,,,,,,,,,141,,30,,,,,,,,,202,243,,,190,,,,,,,,,,,,,,,,,,,,,,,,173,,31,,42,,65,,,,,,264,179,,155,,,9,,155,113,11,,137,141,,95,66,131,450,,135,17,,,,,,,,,,,,,,,,,,,,,,,,,,,,,,,,472,74,,40,704,,248,291,236,277,,,,,92,,,,,,20,,,197,39,,,47,53,193,,117,242,108,18,326,66,49,33,65,351,27,53,117,,63,71,173,33,216,,124,,233,,171,155,,,,,,,,,,,,,,,,,,,,,,,,,,,,,,,,,587,135,37,,36,43,187,57,480,37,123,286,,,,,24,50,255,98,,184,,,,,,458,444,,,247,,133,47,,,59,123
2026-09-18T12:10:02+00:00,114,275,,,478,21,,51,178,274,,189,,212,269,,84,,,,,,407,250,289,214,,55,,,32,716,,21,41,,,,,,110,140,,150,,16,,,,,103,,341,,114,,17,,7,,,176,11,71,23,,224,,3,9,,,,207,,,,235,,,,,,,,,,,,,,,,,,,,,,,,,,,,,,,,,,,,,,,,,,,,,,,,,,,,,,,,,,,,,,,,,,,,,,,,,,,,,,,,,,,,,,,,,,,303,477,325,13,,,768,,394,,191,,,,,,,,,,,,,11,,182,15,16,441,,,,,,,,,,,,,,,,318,,,67,136,,,,,,,,,108,,,,,48,,,,,,,,,,,191,165,158,73,,197,197,,330,35,,356,124,323,378,240,266,377,96,,161,,35,,901,,,,294,,,,,,,,,,,,,144,17,36,4,,,,,,,,203,244,,,,,,,,,,,,,,,1,,,,,,,,,,,,176,,32,90,43,109,,149,336,249,,29,265,187,,,,,,,156,110,10,15,141,142,174,100,65,,474,38,132,16,13,197,168,67,762,80,,112,176,51,,,,,,,,,,,,,,,,,,,,,,,,126,42,701,,,,237,281,330,,,,94,,,,,,22,,,205,38,116,109,40,60,196,212,,246,110,,318,65,51,,62,350,31,51,118,20,67,65,167,29,212,,126,,,,,153,,,,,,,,,,,,,,,,,,,,,,,,,,,,,,,,,588,133,35,275,34,44,194,59,481,42,,,93,76,,91,28,45,265,97,417,188,,,,,,457,441,,,249,,134,48,,,67,
2026-09-18T12:15:02+00:00,111,,,,488,24,,47,176,276,,187,,209,265,,81,,,,,75,,251,286,210,,,,,34,721,,20,,155,,153,,,,143,,,,,,,,,105,,342,38,113,,16,14,,,,177,,,22,,225,,,10,108,,,206,,,133,236,320,88,140,108,82,110,,159,,497,19,79,283,,175,261,49,288,,148,142,215,385,15,133,,106,179,60,,145,624,48,,211,108,89,223,,145,626,17,9,,33,84,117,677,,226,474,44,101,343,,,,,,129,,,,,424,,,,,116,,,,,,,,,,,,,,,,,,,,221,306,479,327,,,,769,,388,,192,271,422,,167,115,18,110,46,119,201,196,114,,,177,15,19,429,,,,,,,,,,,,,,,,314,,,66,137,,,,,,,,,,,,,,49,,,,,,,,,,,188,161,167,71,144,198,193,,327,36,,359,131,324,384,,272,378,,,159,348,32,,,,,,298,,,,,,,,,,,,,147,14,40,5,,,,433,,,5,206,249,,,189,,,,,,,,,,,,3,,,,,,,,,,,,181,,34,92,48,110,64,156,,260,30,28,270,185,,,,,,78,,108,9,14,154,,172,105,61,132,496,36,133,17,14,192,203,,757,78,,114,177,50,,,,,,,,,,,,,,,,,,,,,,,,125,,,,,,,,,,,,95,,,,,,,,,,32,,,,58,,,224,283,,13,391,,49,,,,,,,,,,,,,,,,,,,,,,,,,,,,,,,,,,,,,,,,,,,,,,,,,,,,590,134,37,276,,37,193,58,483,,129,283,,72,,,30,46,268,99,418,189,,,,,,454,442,117,,248,,138,49,,,66,122
2026-09-18T12:20:02+00:00,113,277,,111,493,,,51,178,278,,194,,,269,,79,,,,,72,409,252,292,208,,56,,,32,724,,19,40,156,,154,,,,141,,,,,,,,,,,345,,,,,,,,,,,72,24,85,226,,2,,,,,210,,,,233,,,,,,,,,,498,18,80,286,163,174,279,47,292,,,143,,,18,,,,183,70,,,625,49,453,216,106,91,217,114,141,629,,,443,,,,,,,,,,,,,,,,,,,,,,,,,,,,,,,,,,,,,,,,,,,,,,225,308,483,331,15,,,765,307,385,,191,,,,,,,,,,,,,8,,178,15,16,437,,,,,,,,,,,,,,,,317,,,68,136,,,,,,,,,,,,,,,,,,,,,,,,,,166,169,68,149,196,189,,,43,,360,133,325,389,242,273,373,97,,161,349,34,,921,,,,299,,117,,,,,,,,,,,152,,,8,,,,437,,,,,245,,,191,,,,,,,,,,,,,,,,,,,,,,,,187,106,,91,47,,66,157,338,258,,,275,186,,152,,,,77,157,99,,15,156,139,173,107,62,,502,32,131,,12,,,,759,73,,113,,52,,,,,,,,,,,,,,,,,,,,,,476,,130,44,709,,252,293,245,280,,,,,,,,,,,21,,,213,30,120,112,31,65,207,210,226,277,,21,401,69,52,,61,351,33,48,123,19,65,69,172,32,,,128,,236,,172,152,,,,,,,,,,,,,,,,,,,,,,,,,,,,,,,,,593,135,35,277,36,38,191,60,485,43,133,,94,71,,93,31,45,266,98,415,,,,,,,450,,,,253,,136,50,,,55,
2026-09-18T12:25:01+00:00,111,276,,110,494,21,,56,181,,,193,,210,274,,78,,,,,71,408,251,291,203,,55,,,34,719,,22,41,155,,157,,,112,,,147,,18,,,,,104,,344,37,,,14,11,,,,,,70,26,,228,71,,,107,,,216,,,132,232,314,105,147,,84,108,,163,,,,,,,,,,,,,,,,,,,,,,,,,,,,,,,,,,,,,,89,116,678,127,227,473,45,100,347,,,,,,130,,,,,428,,,,,117,147,,,,,,,,,,,,,,,,,,,227,304,485,332,14,,,764,308,378,,206,,420,,169,117,27,,52,,202,200,111,12,,176,15,21,435,,,,,,,,,,261,,,,,,324,,,65,137,,,,,,,,,107,,,,,,,,,,,,,,,,186,176,177,65,153,199,190,,331,40,,362,142,324,395,246,277,376,,,166,348,,,945,,,,300,,118,,,,,,,,,,,154,17,46,,,,,439,,,,207,243,,,201,,,,,,,,,,,,1,,,,,,,,,,,,191,107,33,92,46,111,67,161,337,260,,,276,189,,155,,,,,158,91,8,12,157,135,175,111,,,524,31,,,,,,,,,,,,,,,,,,,,,,,,,,,,,,,,,,,,,,,,,,,,,,,,,,,,,,,,,,,,,,,,,225,293,112,26,405,73,51,,,,,,,,,,,,,,,,,,,,,,,,,,,,,,,,,,,,,,,,,,,,,,,,,,,,595,,37,273,40,33,193,61,486,49,,283,96,,,,30,41,272,,412,192,,,,,,453,446,,,261,,134,51,,,48,
2026-09-18T12:30:01+00:00,107,281,,,496,22,,52,186,,,191,,214,282,,,,,,,64,409,255,296,207,,57,,,35,722,,28,40,153,,160,,,109,140,,145,,,,,,,103,,348,,,,15,12,5,,,,,73,28,,227,69,0,,106,,,217,10,,,234,,,,,,,,,,,17,86,289,168,175,289,,293,,,142,218,386,17,,,107,,67,160,151,627,46,,219,102,90,,115,144,631,,10,,35,,,,,,,,,,,,,,,,,,,,,,,,,,,,,,,,,,,,,,,,,,,,,,308,483,,,,,,309,,,209,,,,,,,,,,,,,11,,,15,19,436,,,,,,,,,,,,,,,,319,,1,67,,,,,,,,,,105,,,,,50,,,,,55,,,,,,185,,175,63,151,195,191,,332,39,,366,145,327,399,248,284,375,,,163,,40,,948,,,,299,,,,,,,,,,,,,156,21,41,,,,,441,,,,208,246,,,203,,,,,,,,,,,,2,,,,,,,,,,,,192,105,31,,47,112,,164,336,,,29,,193,,152,,,8,79,,84,,9,158,138,177,113,60,135,532,29,,18,,191,199,,757,68,,,,55,,,,,,,,,,,,,,,,,,,,,,,,132,43,708,,253,296,259,,331,,,,93,,,,,,24,,,215,31,129,,30,73,206,209,227,290,114,34,403,74,52,36,58,354,35,43,122,20,63,66,170,200,213,,126,,240,,174,143,,,,,,,,,,,,,,,,,,,,,,,,,,,,,,,,,599,136,41,270,43,50,191,,488,50,131,,,,,,29,42,269,,,193,,,,,,452,448,,,259,,136,53,,,,123
2026-09-18T12:35:02+00:00,103,285,,111,498,25,,53,188,277,,194,,,285,,77,,,,,,407,257,293,210,,,,,36,729,,32,38,,,164,,,110,141,,,,,,,,,102,,350,,114,,13,16,4,,,,12,70,31,,228,68,2,,105,,,219,,,,235,310,114,155,112,85,101,,166,,,25,81,295,171,177,287,45,294,,150,150,220,390,25,132,,112,187,69,,153,623,44,,226,101,95,215,118,138,653,,,444,34,,,,,,,,,,,,,,,127,,,,,434,,,,,127,151,,,,,,,,,,,,,,,,,,,,312,484,334,17,,,766,311,,,215,,436,,171,116,31,113,53,129,204,,106,,,,15,26,443,,,,,,,,,,260,,,,,,315,,,,135,,,,,,,,,104,,,,,,,,,,56,,,,,,182,184,177,61,,192,196,,331,35,,369,147,328,401,249,286,379,99,,,347,42,,957,,,,300,,,,,,,,,,,,,,20,,,,,,,,,,209,,,,204,,,,,,,,,,,,3,,,,,,,,,,,,,106,,91,,114,,165,335,255,,30,279,192,,153,,,,,,79,4,,162,137,176,116,55,134,552,26,,19,9,195,213,,753,66,,,175,57,,,,,,,,,,,,,,,,,,,,,,474,,135,,704,,,298,250,,330,,,,94,,,,,,,,,220,35,132,,41,66,,208,225,,119,37,407,76,55,39,55,352,,46,120,22,,70,166,,214,,125,,249,,,140,,,,,,,,,,,,,,,,,,,,,,,,,,,,,,,,,602,137,,266,45,,190,65,492,54,128,,,70,,,,,274,97,413,191,,,,,,449,447,,,,,137,56,,,37,124
2026-09-18T12:40:01+00:00,100,283,,110,503,22,,55,184,,,191,,212,280,,73,,,,,66,408,260,297,,,,,,,737,,30,36,151,,161,,,111,142,,143,,17,,,,,,,355,38,113,,12,18,7,,,,13,72,33,,231,69,0,9,,,,223,,,135,234,,,,,,,,,,497,24,80,297,174,175,,47,,185,,152,,391,28,133,,110,194,67,,152,626,47,,225,100,93,216,121,142,,,,445,,86,118,680,128,225,461,48,103,346,,,,,,119,,,,,,,,,,129,153,,,,,,,,,,,,,,,,,,,,316,485,340,13,,,761,,371,,222,,,,,,,,,,,,,12,,,15,25,448,,,,,,,,,,,,,,,,316,,,70,134,,,,,,,,,102,,,,,,,,,,,,,,,,181,185,174,,152,191,201,,333,,,368,,331,393,253,293,380,100,,,352,40,,971,,,,301,,,,,,,,,,,,,160,21,39,6,,,,,,,,206,245,,,207,,,,,,,,,,,,1,,,,,,,,,,,,,,29,,46,113,,167,,253,,,281,191,,,,,,,159,74,10,8,163,134,175,118,56,133,556,,,20,8,193,205,,743,68,,114,176,56,,,,,,,,,,,,,,,,,,,,,,472,75,132,46,707,,255,,249,,335,,,,95,,,,,,25,,,,32,138,113,39,65,209,209,227,297,114,33,415,,53,,,,,,,,,,,,,,,,,,,,,,,,,,,,,,,,,,,,,,,,,,,,,,,,,,,,603,,43,268,,54,192,68,494,51,133,,97,,,91,,43,271,95,,189,,,,,,447,444,,,252,,139,57,,,,122
2026-09-18T12:45:01+00:00,,281,,,502,24,,65,185,281,,190,,215,281,,72,,,,,,,,293,209,,58,,,39,734,,,39,150,,159,,,,141,,141,,,,,,,100,,,36,114,,15,,6,,,,15,71,30,,,74,1,,104,,,221,11,,133,238,312,106,153,120,89,98,,167,,,,,,,,,,,,,,,,,,,,,,,,,,,,,,,,,,,,,,,,,,,,,,,,,,,,,,,,,,,,,,,,,,,,,,,,,,,,,,,,,,224,317,,339,12,,,756,,374,,221,270,440,,157,115,40,114,55,130,198,,98,11,,175,15,22,450,,,,,,,,,,,,,,,,320,,0,68,135,,,,,,,,,,,,,,,,,,,,,,,,,,183,173,62,154,188,195,,329,30,,369,153,330,394,,295,387,101,,164,356,42,,985,,,,304,,117,,,,,,,,,,,156,22,41,5,,,,,,,6,204,246,,,,,,,,,,,,,,,2,,,,,,,,,,,,193,,30,,49,114,,168,336,251,,31,285,190,,155,,,,82,162,66,13,14,162,129,174,126,54,134,571,25,132,,9,192,203,66,738,66,,,,55,,,,,,,,,,,,,,,,,,,,,,,,,,,,,,,,,,,,,,,,,,,,,,,,,,,,,229,302,116,28,407,77,58,40,57,353,37,49,116,,,69,165,203,215,,127,,245,,,141,,,,,,,,,,,,,,,,,,,,,,,,,,,,,,,,,605,138,44,266,43,,,,,45,,283,,71,,93,28,42,281,97,,186,,,,,,449,,,,258,,137,58,,,,124
2026-09-18T12:50:02+00:00,,282,,,501,26,,67,179,,,189,,,275,,71,,,,,,409,266,296,218,,59,,,40,739,,23,,148,,,,,,,,137,,18,,,,,,,357,35,115,,,,7,,,,14,77,33,,,73,3,,103,,,226,,,,242,,,,,,,,,,,23,82,302,171,173,286,43,,186,,153,,392,27,,113,,196,68,,151,627,,,226,101,96,215,123,148,661,,,,36,88,116,686,127,228,465,,,345,,,,,,114,,,,,439,,,,,131,,,,,,,,,,,,,,,,,,,,226,,488,335,17,,,754,,370,,217,,,,,,,,,,,,,14,,,15,,452,,,,,,,,,,,,,,,,328,,,72,,,,,,,,,,97,,,,,52,,,,,,,,,,,,188,168,68,153,,188,,332,32,,364,157,326,395,255,,391,100,,162,357,41,,987,,,,308,,118,,,,,,,,,,,155,24,40,,,,,,,,5,206,251,,,208,,,,,,,,,,,,1,,,,,,,,,,,,191,105,31,89,51,120,64,,333,253,,,287,191,,151,,,,84,,60,11,16,163,132,178,127,48,133,583,24,,,6,191,208,67,745,85,,120,173,54,,,,,,,,,,,,,,,,,,,,,,471,77,129,47,,,257,299,243,279,336,,,,97,,,,,,28,,,218,27,132,,36,68,213,207,228,,112,30,406,76,60,41,59,,38,50,,21,67,75,167,198,213,,124,,239,,175,144,,,,,,,,,,,,,,,,,,,,,,,,,,,,,,,,,,,45,262,42,59,190,66,,47,131,,98,70,,94,29,43,284,,414,184,,,,,,,445,,,253,,135,57,,,29,125
2026-09-18T12:55:02+00:00,104,,,,506,24,,69,188,286,,190,,217,276,,69,,,,,70,408,265,292,216,,,,,38,746,,,37,145,,163,,,113,140,,,,,,,,,99,,358,36,,,,21,8,,,,,71,31,,,72,,,,,,225,,,130,241,310,,147,,94,101,,169,,498,25,85,307,177,172,283,45,293,187,151,152,,390,16,,114,117,204,59,161,153,628,46,456,235,103,93,218,127,144,666,,,,,,,,,,,,,,,,,,,,,,,,,,,,,,,,,,,,,,,,,,,,,,,,,224,315,489,334,,,,752,313,362,,213,,433,,146,116,35,115,56,131,199,205,91,63,,,15,24,463,,,,,,,,,,,,,,,,324,,,68,137,,,,,,,,,96,,,,,,,,,,,,,,,,179,186,169,71,148,192,181,,330,35,,366,155,323,401,257,298,393,101,,164,,39,,998,,,,,,117,,,,,,,,,,,156,27,41,6,,,,440,,,6,203,248,,,,,,,,,,,,,,,2,,,,,,,,,,,,189,106,29,91,50,,63,166,,239,,,286,187,,153,,,13,83,166,55,,14,165,131,180,,47,134,591,,,19,,189,213,66,738,82,,,175,57,,,,,,,,,,,,,,,,,,,,,,469,76,128,46,706,,256,,237,281,338,,,,98,,,,,,25,,,220,32,137,106,35,77,216,208,267,300,114,28,405,79,62,,,,,,,,,,,,,,,,,,,,,,,,,,,,,,,,,,,,,,,,,,,,,,,,,,,,608,137,47,257,39,67,193,69,492,45,129,,,73,,93,27,,279,96,416,185,,,,,,450,446,,,248,,,,,,28,
2026-09-18T13:00:01+00:00,103,283,,,508,22,,58,193,290,,193,,219,275,,70,,,,,69,,272,290,214,,58,,,36,748,19,24,38,143,,164,,,112,,,136,,19,,,,,,,360,,,,12,23,,,,,,,29,83,232,70,4,,,,,224,,,125,238,,116,146,119,105,100,,,,,,,,,,,,,,,,,,,,,,,,,,,,,,,,,,,,,,,,87,123,689,129,232,470,47,107,341,,,,,,102,,,,,445,,,,,132,156,,,,,,,,,,,,,,,,,,,221,316,490,333,18,,,753,315,361,,206,,,,,,,,,,,,,62,,171,15,18,465,,,,,,,,,,,,,,,,323,,,71,136,,,,,,,,,95,,,,,51,,,,,,,,,,,,193,168,73,146,188,178,,333,39,,,152,,,,301,391,103,,161,356,40,,1001,,,,314,,,,,,,,,,,,,157,28,40,8,,,,442,,,7,,251,,,212,,,,,,,,,,,,1,,,,,,,,,,,,183,108,,,,,,167,332,234,31,32,284,188,,,,,15,,165,60,14,,164,132,176,133,,132,602,,,17,7,190,214,,733,75,,,178,54,,,,,,,,,,,,,,,,,,,,,,,,,,,,,,,,,,,,,,,,,,,,,,,,,,,,,263,309,117,33,418,,66,,,354,,,118,19,66,72,166,195,216,,119,,237,,178,140,,,,,,,,,,,,,,,,,,,,,,,,,,,,,,,,,612,,46,,37,73,190,,490,43,122,,96,,,94,24,42,272,95,417,183,,,,,,451,447,,,252,,134,,,,25,
2026-09-18T13:05:02+00:00,99,,,,510,20,,60,195,293,,196,224,,279,,69,,,,,70,449,271,287,219,,59,,,32,743,,28,,140,,163,,,111,,,135,,21,,,,,97,,,38,,,14,21,,,,178,,64,25,,,68,3,,,,,219,12,,,235,,,,,,,,,,497,26,83,315,182,,289,48,,,149,142,,391,19,131,,120,206,65,,154,627,,450,236,,96,,125,143,664,,,446,37,,,,,,,,,,,,,,,,,,,,,,,,,,,,,,,,,,,,,,,,,,,,,217,319,487,336,22,,,754,314,351,,204,,429,,133,114,33,114,,130,194,207,94,63,,173,15,22,472,,,,,,,,,,,,,,,,321,,,72,,,,,,,,,,,,,,,,,,,,,,,,,,,210,171,,150,191,185,,335,34,,363,,320,410,258,304,392,,,159,361,41,,1028,,,,313,,115,,,,,,,,,,,,30,,,,,,443,,,,,249,,,217,,,,,,,,,,,,0,,,,,,,,,,,,185,107,28,93,,,62,168,334,226,34,,,187,,151,,,,,,51,19,13,165,129,178,138,44,,611,,,14,9,193,212,,727,,,,,51,,,,,,,,,,,,,,,,,,,,,,457,77,,51,,,254,296,236,282,344,,,,99,,,,,,27,,,222,38,131,104,32,78,,209,265,,121,28,429,76,74,,,,,,,,,,,,,,,,,,,,,,,,,,,,,,,,,,,,,,,,,,,,,,,,,,,,,138,,255,34,77,184,71,489,42,124,285,95,74,,,23,44,276,92,,184,,,,,,453,446,,,253,,139,59,,,31,
2026-09-18T13:10:02+00:00,96,282,,,507,21,,62,,292,,193,,216,278,,67,,,,,69,448,274,,,,61,,,,742,,31,,139,,160,,,116,141,,134,,22,,,,,100,,365,,114,,15,,,,,,15,,26,,,70,2,,,,,223,,,124,236,306,123,,111,172,103,,170,,498,24,91,319,187,176,292,49,294,191,146,151,,392,25,135,,,205,62,162,155,626,47,,239,,97,204,126,139,666,,,448,39,88,104,700,131,236,466,,111,344,,,,,,97,,,,,448,,,,,128,155,,,,,,,,,,,,,,,,,,,,317,485,332,21,,,755,313,349,,195,,,,,,,,,,,,,72,,178,15,18,477,,,,,,,,,,261,,,,,,332,,,71,138,,,,,,,,,97,,,,,,,,,,58,,,,,,,214,169,77,151,,180,,,36,,,156,322,413,260,308,394,104,,160,359,38,,,,,,,,,,,,,,,,,,,151,,37,7,,,,445,,,6,201,251,,,212,,,,,,,,,,,,2,,,,,,,,,,,,198,,29,92,49,119,,169,336,224,35,,285,188,,152,,,,,167,48,17,12,167,126,179,142,45,133,622,,133,15,4,,208,67,721,71,,121,,,,,,,,,,,,,,,,,,,,,,,,,,,,,,,,,,,,,,,,,,,,,,,,,,,,,,,271,307,126,24,435,75,75,,60,350,41,,114,,71,77,167,,214,,111,,235,,177,142,,,,,,,,,,,,,,,,,,,,,,,,,,,,,,,,,616,,45,248,40,80,180,,488,40,117,283,,71,,,20,45,285,93,416,182,,,,,,454,448,,,252,,138,,,,35,
2026-09-18T13:15:02+00:00,105,,,,510,16,,66,197,294,,197,225,219,277,,,,,,,76,447,283,282,214,,63,,,33,739,18,33,39,,,161,,,,143,,132,,23,,,,,,,364,,,,17,24,,,,,,63,,84,,67,3,,,,,,11,,123,238,,,,,,,,,,,,,,,,,,,,,,,,,,,,,,,,,,,,,,,,,,,,,,,,,,,,,,,,,,,,,,,,,,,,,,,,,,,,,,,,,,,,,,,,,,,321,,334,25,,,754,314,346,,198,,432,,,116,,117,59,137,201,209,97,75,,173,15,25,479,,,,,,,,,,,,,,,,338,,,72,137,,,,,,,,,96,,,,,52,,,,,,,,,,,178,211,,,,194,174,,337,38,,362,148,325,427,262,305,391,105,,161,361,40,,1084,,,,315,,113,,,,,,,,,,,154,31,34,8,,,,446,,,,199,253,,,,,,,,,,,,,,,0,,,,,,,,,,,,197,,31,91,48,120,61,167,,215,36,,289,187,,157,,,,,168,36,16,7,,125,178,147,,,634,25,135,16,5,188,223,,717,80,,,,59,,,,,,,,,,,,,,,,,,,,,,,76,132,53,707,,,295,226,283,346,,,,98,,,,,,26,,,220,40,128,99,31,75,218,211,274,306,129,28,438,73,80,39,62,,45,52,109,18,59,72,168,197,211,,109,,230,,179,143,,,,,,,,,,,,,,,,,,,,,,,,,,,,,,,,,614,139,47,238,39,,176,69,,38,113,286,94,70,,96,23,44,286,92,415,,,,,,,,452,,,255,,137,58,,,38,126
2026-09-18T13:20:02+00:00,103,284,,,514,,,61,190,295,,195,226,218,276,,,,,,,77,442,281,280,210,,66,,,36,744,19,29,36,136,,158,,,114,142,,,,,,,,,99,,365,39,113,,20,20,9,,,,,67,27,,231,68,,,,,,218,,,,237,299,132,153,127,176,102,,,,,29,95,321,186,178,290,46,,193,152,145,,394,27,138,,123,209,64,,159,,,,241,104,99,206,127,143,674,,,449,40,91,97,694,125,234,464,,113,341,,,,,,94,,,,,452,,,,,124,159,,,,,,,,,,,,,,,,,,,212,,491,328,28,,,758,312,343,,,,,,,,,,,,,,,81,,174,15,23,481,,,,,,,,,,,,,,,,333,,,73,138,,,,,,,,,94,,,,,51,,,,,54,,,,,,,208,171,76,152,192,178,,338,36,,361,146,322,434,263,307,395,106,,164,,39,,1142,,,,316,,114,,,,,,,,,,,,34,,6,,,,447,,,7,198,252,,,215,,,,,,,,,,,,,,,,,,,,,,,,,104,32,92,45,122,,168,,211,,,292,,,158,,,,84,,37,17,6,,124,179,150,44,132,642,,136,18,7,190,220,,705,74,,125,179,,,,,,,,,,,,,,,,,,,,,,,460,,131,54,,,257,294,219,,,,,,97,,,,,,32,,,223,41,126,98,14,70,219,,272,300,131,31,442,72,78,,,,,,,,,,,,,,,,,,,,,,,,,,,,,,,,,,,,,,,,,,,,,,,,,,,,620,137,46,235,40,72,178,,484,42,111,288,93,69,,98,22,45,288,95,,178,,,,,,,446,,,252,,,61,,,41,
2026-09-18T13:25:01+00:00,105,286,,,,15,,65,184,299,,196,228,,281,,,,,,,76,437,284,,206,,,,,38,,,30,38,134,,160,,,115,140,,,,22,,,,,,,367,,,,,21,,,,,,,26,,,,1,8,,,,220,,,121,236,,,,,,,,,,500,30,,330,190,177,297,44,,,154,142,219,397,22,140,113,130,204,62,,161,627,46,454,245,105,,207,128,147,694,,,450,,,,,,,,,,,,,,,,,,,,,,,,,,,,,,,,,,,,,,,,,,,,,,213,331,493,327,,,,752,,341,,197,,429,,153,114,37,123,60,158,204,201,93,84,,170,15,19,478,,,,,,,,,,,,,,,,340,,,,139,,,,,,,,,96,,,,,,,,,,53,,,,,,177,194,170,74,151,194,167,,347,38,,349,,325,435,264,310,,108,,165,358,,,1181,,,,,,,,,,,,,,,,,156,32,35,4,,,,,,,5,200,,,,216,,,,,,,,,,,,1,,,,,,,,,,,,196,,33,93,43,,60,,337,205,,,291,186,,160,,,,,169,31,16,8,172,,,153,40,130,653,,,,,,,,,,,,,,,,,,,,,,,,,,,,,,,,,,,457,75,128,55,710,,256,,217,284,,,,,,,,,,,,,,,44,129,97,19,,217,210,273,,133,26,441,70,86,,,,,,,,,,,,,,,,,,,,,,,,,,,,,,,,,,,,,,,,,,,,,,,,,,,,,,,238,39,73,186,68,482,40,,286,95,68,,,21,43,286,100,,180,,,,,,453,447,,,251,,133,60,,,42,
2026-09-18T13:25:02+00:00,,,,,,,,,,,,,,,,,,,,,,,,,,,,,,,,,,,,,,,,,,,,,,,,,,,,,,,,,,,,,,,,,,,,,,,,,,,,,,,,,,,,,,,,,,,,,,,,,,,,,,,,,,,,,,,,,,,,,,,,,,,,,,,,,,,,,,,,,,,,,,,,,,,,,,,,,,,,,,,,,,,,,,,,,,,,,,,,,,,,,,,,,,,,,,,,,,,,,,,,,,,,,,,,,,,,,,,,,,,,,,,,,,,,,,,,,,,,,,,,,,,,,,,,,,,,,,,,,,,,,,,,,,,,,,,,,,,,,,,,,,,,,,,,,,,,,,,,,,,,,,,,,,,,,,,,,,,,,,,,,,,,,,,,,,,,,,,,,,,,,,,,,,,,,,,,,,,,,,,,,,,,,,,,,,,,,,,,,,,,,,,,,,,,,,,,,,,,,,,,,,,,,,,,,,,,,,,,,,,,,,,,,,67,349,51,56,108,17,61,73,160,194,212,,108,,232,,177,150,,,,,,,,,,,,,,,,,,,,,,,,,,,,,,,,,,,,,,,,,,,,,,,,,,,,,,,,,,,,,,,,,,,,,,,
2026-09-18T13:30:01+00:00,104,284,,,,14,,60,187,298,,195,230,,282,,,,,,,75,436,283,,201,,65,,,37,742,,27,,133,,159,,,120,,,131,,24,,,,,,,373,,,,22,,10,,,,,,25,,230,,4,,104,,,,,,120,,301,126,166,129,177,107,,176,,,,,,,,,,,,,,,,,,,,,,,,,,,,,,,,,,,,,,,,,,,,,,,,,,,,93,,,,,458,,,,,125,161,,,,,,,,,,,,,,,,,,,215,329,492,329,31,,,747,,329,,194,,,,,,,,,,,,,88,,,15,20,475,,,,,,,,,,262,,,,,,339,,,78,,,,,,,,,,98,,,,,,,,,,,,,,,,,180,167,71,155,199,170,,,37,,350,,326,437,269,,393,111,,168,359,42,,1185,,,,318,,115,,,,,,,,,,,152,34,34,5,,,,448,,,4,202,250,,,223,,,,,,,,,,,,0,,,,,,,,,,,,201,105,,95,44,124,,,334,203,,,295,184,,,,,,,168,,14,7,,123,178,154,42,129,656,,,20,9,193,209,,717,75,,,180,52,,,,,,,,,,,,,,,,,,,,,,,,,,,,,,,,,,,,,,,,,,,,,,,,,,,,,275,312,,31,446,69,91,36,70,351,52,,107,18,,80,158,193,,,105,,225,,,145,,,,,,,,,,,,,,,,,,,,,,,,,,,,,,,,,623,,48,235,38,76,189,70,,44,110,,,69,,96,20,,283,95,413,181,,,,,,,453,,,,,136,61,,,39,128
2026-09-18T13:35:01+00:00,101,286,55,,513,16,,58,181,,,,,211,283,,68,,,,,76,439,285,279,,,,,,34,740,,,33,130,,,,,,,,130,,,,,,,,,375,38,,,20,22,11,,,177,,63,26,,231,69,2,,102,,,222,,,118,237,,,,,,,,,,501,34,96,327,,178,292,,,194,155,148,,400,18,,115,133,206,61,,164,631,44,,255,,,211,131,149,697,,,,38,94,94,692,133,227,472,49,116,340,,,,,,,,,,,,,,,,,,,,,,,,,,,,,,,,,,,,214,333,,,34,,,748,,319,,,,432,,144,,38,125,59,157,205,,97,89,,169,15,26,473,,,,,,,,,,,,,,,,338,,,,,,,,,,,,,,,,,,52,,,,,,,,,,,178,177,170,73,153,,175,,349,33,,349,155,324,434,276,,397,112,,,361,,,1212,,,,,,,,,,,,,,,,,151,33,32,3,,,,,,,,,248,,,221,,,,,,,,,,,,,,,,,,,,,,,,202,103,32,,,,,169,328,197,,31,292,183,,,,,,82,167,28,13,,175,,176,,41,127,667,24,137,21,10,194,217,,714,69,,,179,62,,,,,,,,,,,,,,,,,,,,,,455,74,125,57,,,257,,204,283,,,,,96,,,,,,29,,,222,46,132,,16,69,219,209,274,331,132,27,,70,,,,,,,,,,,,,,,,,,,,,,,,,,,,,,,,,,,,,,,,,,,,,,,,,,,,,625,,49,234,39,78,,,483,41,109,,,70,,95,21,,282,93,410,,,,,,,455,451,,,248,,134,62,,,,130
2026-09-18T13:40:01+00:00,92,285,,,515,15,,56,178,299,,,,208,281,,,,,,,81,437,290,280,202,,67,,,33,747,,,31,128,,160,,,117,,,129,,,,,,,,,378,40,112,,19,21,10,,,,18,66,,,232,68,,,,,,220,,,,236,302,118,170,124,181,106,,178,,,,,,,,,,,,,,,,,,,,,,,,,,,,,,,,,,,,,,,,,,,,,,,,,,,,90,,,,,459,,,,,129,160,,,,,,,,,,,,,,,,,,,,,494,328,32,,,747,,308,,189,,,,,,,,,,,,,91,,166,15,28,480,,,,,,,,,,261,,,,,,,,,75,,,,,,,,,,99,,,,,,,,,,58,,,,,,177,174,172,72,156,200,178,,351,30,,354,,,438,277,309,400,113,,169,359,41,,1220,,,,,,,,,,,,,,,,,150,,,2,,,,447,,,3,205,246,,,223,,,,,,,,,,,,,,,,,,,,,,,,197,102,31,90,41,125,59,,321,193,,,293,179,,162,,,14,,,23,12,,184,126,183,158,39,126,679,25,136,25,,,,,,,,,,,,,,,,,,,,,,,,,,,,,,,,456,,124,59,,,259,293,192,,347,,,,,,,,,,25,,,223,45,130,100,12,71,222,,270,336,135,30,450,,97,39,72,347,59,57,104,19,53,74,163,185,209,,103,,226,,173,136,,,,,,,,,,,,,,,,,,,,,,,,,,,,,,,,,,136,50,236,35,76,187,,482,39,107,289,94,69,,90,,,284,99,412,182,,,,,,453,450,118,,240,,,60,,,,129
2026-09-18T13:45:02+00:00,,284,54,,512,11,,52,183,300,,193,229,209,,,67,,,,,84,439,297,277,206,,70,,,30,746,18,29,36,,,158,,,120,142,,128,,,,,,,98,,382,,,,,,11,,,176,,62,25,,,,3,9,103,,,,,,120,,,,,,,,,,,,32,99,336,189,176,297,46,296,196,157,151,218,402,10,139,113,134,209,73,163,163,,43,457,260,110,107,213,132,162,702,,,449,37,92,85,687,129,226,473,,119,,,,,,,86,,,,,462,,,,,128,162,,,,,,,,,,,,,,,,,,,212,338,495,335,34,,,746,314,309,,188,,,,130,115,36,123,56,,204,202,91,99,,169,15,25,489,,,,,,,,,,,,,,,,342,,,74,138,,,,,,,,,100,,,,,51,,,,,,,,,,,,181,174,,153,199,171,,354,31,,355,150,330,436,282,308,403,115,,168,,42,,,,,,321,,,,,,,,,,,,,149,32,,1,,,,448,,,,204,251,,,221,,,,,,,,,,,,2,,,,,,,,,,,,205,,30,86,40,127,58,171,320,198,,,296,176,,160,,,,,168,21,14,8,187,124,184,159,36,123,686,24,135,26,16,,229,,722,72,,123,178,,,,,,,,,,,,,,,,,,,,,,,459,,126,,708,,260,294,186,,,,,,94,,,,,,24,,,227,,137,101,9,72,223,207,280,338,,31,461,75,93,,,,,,,,,,,,,,,,,,,,,,,,,,,,,,,,,,,,,,,,,,,,,,,,,,,,628,,49,231,40,77,188,68,479,41,,,93,73,,88,20,42,283,97,409,184,,,,,,449,447,,,221,,135,,,,28,
2026-09-18T13:50:01+00:00,93,,,111,,13,,54,178,301,,,,208,278,,65,,,,,85,,299,274,203,,71,,,32,747,,30,35,129,,162,,,121,,,,,23,,,,,96,,384,,111,,16,22,,,,175,17,,23,85,233,,4,8,104,,,222,,,118,237,,113,167,120,,104,,181,,,,,,,,,,,,,,,,,,,,,,,,,,,,,,,,,,,,,,,,,,,,,,,,,,,,,,,,,,,,,,,,,,,,,,,,,,,,,,,,,,211,335,,338,30,,,749,310,304,,194,,,,,,,,,,,,,,,176,15,20,496,,,,,,,,,,263,,,,,,346,,,72,137,,,,,,,,,97,,,,,,,,,,,,,,,,176,179,173,,151,202,168,,355,33,,356,157,,438,286,305,400,,,170,,37,,1232,,,,322,,,,,,,,,,,,,146,29,30,2,,,,,,,4,202,249,,,218,,,,,,,,,,,,,,,,,,,,,,,,210,101,32,83,39,126,59,,313,194,,30,298,,22,,,,15,,,24,10,9,195,123,182,162,34,121,692,23,134,25,15,198,237,,716,80,,,180,59,,,,,,,,,,,,,,,,,,,,,,,75,125,,,,263,,190,,348,,,,97,,,,,,26,,,229,42,133,100,6,70,228,,283,358,131,20,459,72,92,37,73,350,58,56,105,22,54,77,160,187,210,,99,,223,,172,135,,,,,,,,,,,,,,,,,,,,,,,,,,,,,,,,,632,,,227,39,78,,,478,39,106,,94,74,,87,21,,275,99,407,183,,,,,,448,449,,,217,,134,,,,22,128
2026-09-18T13:55:02+00:00,92,285,,,508,,,53,174,302,,186,230,207,282,,,,,,,83,441,300,275,207,,68,,,,744,19,,32,,,166,,,122,,,,,21,,,,,94,,,,112,,14,,,,,177,,59,24,,,67,,,,,,,,,120,236,301,110,,122,177,109,,182,,502,41,101,342,,173,294,42,297,198,161,148,217,398,6,140,112,137,,78,,164,635,42,454,263,115,114,212,136,155,708,,,450,40,93,80,690,124,218,468,48,,342,,,,,,77,,,,,466,,,,,120,160,,,,,,,,,,,,,,,,,,,213,340,501,334,29,,,747,,,,187,271,,,94,,33,121,58,160,201,193,81,,,177,15,,498,,,,,,,,,,,,,,,,345,,,,135,,,,,,,,,95,,,,,,,,,,,,,,,,,185,176,75,153,201,163,,354,35,,359,158,332,443,288,,,114,,173,355,40,,1237,,,,321,,117,,,,,,,,,,,144,30,29,,,,,449,,,,200,245,,,224,,,,,,,,,,,,3,,,,,,,,,,,,202,99,33,81,34,,61,169,315,182,35,,296,,,156,,,,84,169,23,11,10,199,125,178,165,36,120,698,,,24,16,197,235,,709,92,,122,179,62,,,,,,,,,,,,,,,,,,,,,,,76,126,,696,,,290,170,278,,,,,99,,,,,,24,,,226,41,132,95,,73,223,205,285,354,133,23,450,74,101,39,,352,63,,107,20,53,76,,188,209,,98,,218,,,127,,,,,,,,,,,,,,,,,,,,,,,,,,,,,,,,,633,,47,226,40,79,190,69,,,,,92,,,,20,,270,98,406,185,,,,,,447,452,,,213,,135,,,,19,
2026-09-18T14:00:01+00:00,95,287,,,514,16,,51,176,299,,181,,,277,,66,,,,,,444,302,266,,,,,,33,743,,26,31,127,,164,,,123,141,,126,,,,,,,91,,381,41,,,16,20,,,,179,,60,25,86,234,63,3,9,105,,,,10,,115,,,,,,,,,,,503,43,99,344,190,174,291,39,296,,158,,,400,3,141,111,140,210,79,,,636,40,,268,,117,211,133,154,715,,,452,37,,,,,,,,,,,,,,,68,,,,,469,,,,,121,165,,,,,,,,,,,,,,,,,,,211,345,506,335,28,,,756,309,311,,190,,,,,,,,,,,,,97,,182,15,,500,,,,,,,,,,,,,,,,348,,,76,133,,,,,,,,,96,,,,,50,,,,,,,,,,,178,179,181,76,151,200,158,,355,31,,362,159,330,438,289,310,,115,,175,356,38,,,,,,,,,,,,,,,,,,,,,,,,,,,,,,,,,,,,,,,,,,,,,,,,,,,,,,,,,,200,,,79,33,127,,172,318,,,29,297,178,,157,,,16,83,,22,9,11,202,127,,,35,,706,,,21,,,,,,,,,,,,,,,,,,,,,,,,,,,,,,,,,,,,,,,,,,,,,,,,,,,,,,,,,,,,,,,286,364,135,17,449,,99,,,,,,,,,,,,,,,,,,,,,,,,,,,,,,,,,,,,,,,,,,,,,,,,,,,,637,134,,220,37,82,191,70,475,37,,,,72,,86,22,44,273,93,404,181,,,,,,446,456,,,219,,133,61,,,,
2026-09-18T14:05:02+00:00,93,,,,510,17,,,178,298,,183,,206,273,,64,,,,,80,448,303,265,197,,67,,,32,739,,33,27,128,,167,,,125,142,,,,23,,,,,94,,380,,,,15,,,,,180,18,62,26,,,,4,10,,,,,11,,114,237,297,,174,,,108,,184,,,,,,,,,,,,,,,,,,,,,,,,,,,,,,,,,,,,,,96,71,,128,220,478,45,121,346,,,,,,,,,,,,,,,,,,,,,,,,,,,,,,,,,,,,207,347,510,333,31,,,758,,,,184,,431,,92,114,,,59,161,199,199,91,,,,,,,,,,,,,,,,264,,,,,,345,,,78,132,,,,,,,,,97,,,,,51,,,,,57,,,,,,,191,184,78,153,,165,,354,33,,363,163,,446,291,308,395,112,,177,354,43,,,,,,324,,116,,,,,,,,,,,,27,30,3,,,,450,,,,199,246,,,225,,,,,,,,,,,,2,,,,,,,,,,,,198,,34,77,29,128,63,175,311,177,,30,295,177,21,155,7,,17,,171,14,5,14,207,124,179,168,,,716,,135,24,17,,227,68,690,90,,121,178,66,,,,,,,,,,,,,,,,,,,,,,456,75,123,60,691,,266,,156,273,350,,,,98,,,,,,25,,,225,38,134,92,,64,226,208,285,357,134,29,452,,,37,68,353,64,51,108,19,50,78,163,192,207,,94,,213,,175,116,,,,,,,,,,,,,,,,,,,,,,,,,,,,,,,,,640,,45,215,,86,194,73,476,30,107,289,,,,,26,46,,94,406,182,,,,,,443,,,,206,,131,,,,17,127
2026-09-18T14:10:01+00:00,87,288,,,511,16,,42,177,,,184,,,272,,65,,,,,82,445,309,269,198,,69,,,29,736,20,36,25,,,168,,,124,145,,125,,,,,,,93,,381,40,114,,14,21,12,,,,,59,23,85,233,62,,,,,,224,,,,239,,,,,,,,,,,35,97,347,186,167,290,34,298,203,,143,218,404,,140,110,141,205,75,,166,,39,450,270,116,120,215,132,165,713,,,453,40,,,,,,,,,,,,,,,67,,,,,473,,,,,123,168,,,,,,,,,,,,,,,,,,,206,350,512,336,27,,,757,,312,,181,,,,,,,,,,,,,,,185,14,22,505,,,,,,,,,,265,,,,,,354,,,72,130,,,,,,,,,98,,,,,52,,,,,,,,,,,176,190,,77,155,202,172,,356,34,13,362,,339,442,289,306,391,,,180,355,42,,1248,,,,,,117,,,,,,,,,,,143,,,4,,,,447,,,,197,247,,,223,,,,,,,,,,,,1,,,,,,,,,,,,195,97,,75,,,65,176,307,173,,29,,,,154,,,,,172,,6,13,208,123,182,169,,,722,,,23,,,,,,,,,,,,,,,,,,,,,,,,,,,,,,,,,,,,,,,,,,,,,,,,,,,,,,,,,,,,,,,286,371,,27,458,75,,38,76,352,70,53,105,20,45,81,160,187,201,,,,207,,177,111,,,,,,,,,,,,,,,,,,,,,,,,,,,,,,,,,642,132,42,217,38,85,190,72,479,28,111,283,90,,,,,48,269,97,404,,,,,,,446,457,,,207,,132,60,,,14,128
2026-09-18T14:15:02+00:00,81,,55,,503,17,,37,176,,,183,,207,269,,,,,,,81,,315,268,192,,70,,,27,730,19,39,23,127,,172,,,123,148,,,,,,,,,92,,383,,,,16,22,,,,,,56,28,,,,5,11,,,,229,,,113,,291,109,177,123,178,103,,186,,,,,,,,,,,,,,,,,,,,,,,,,,,,,,,,,,,,,,,,,,,,,,,,,,,,,,,,,,,,,,,,,,,,,,,,,,,,,,,,,,,352,513,,26,,,762,310,314,,177,274,436,,79,120,49,119,60,163,196,196,100,101,,183,14,27,517,,,,,,,,,,,,,,,,352,,,71,,,,,,,,,,,,,,,51,,,,,,,,,,,172,188,189,76,158,201,,,358,32,,368,160,,449,293,312,390,113,,183,356,44,,1255,,,,323,,116,,,,,,,,,,,146,,33,3,,,,449,,,,194,241,,,224,,,,,,,,,,,,0,,,,,,,,,,,,188,,33,76,31,130,66,174,299,,,,298,,,151,,,,81,171,8,7,14,211,125,183,171,37,122,735,24,134,25,24,198,244,67,684,92,,122,,67,,,,,,,,,,,,,,,,,,,,,,445,76,124,,686,,263,289,154,272,352,,,,,,,,,,22,,,227,36,140,94,,63,222,207,283,372,138,31,464,77,98,,,,,,,,,,,,,,,,,,,,,,,,,,,,,,,,,,,,,,,,,,,,,,,,,,,,645,130,43,212,36,88,191,69,,27,110,,89,70,,89,,45,263,98,401,181,,,,,,448,,,,206,,,58,,,11,127
2026-09-18T14:20:02+00:00,82,,,,498,14,,35,172,296,,181,,206,270,,66,,,,,82,444,316,270,194,,69,,,29,733,,32,,123,,167,,,124,,,,,24,,,,,88,,385,,,,,,13,,,181,17,57,27,,234,60,6,,,,,231,,,,243,,,,,,,,,,504,38,106,348,187,169,302,30,307,,163,140,220,407,,,,140,203,68,,167,751,41,,,117,123,214,126,169,,,,455,39,95,70,684,124,213,478,44,116,347,,,,,,81,,,,,475,,,,,126,169,,,,,,,,,,,,,,,,,,,209,,518,339,28,,,760,309,315,,176,,,,,,,,,,,,,103,,179,14,24,,,,,,,,,,,266,,,,,,355,,,70,131,,,,,,,,,97,,,,,,,,,,,,,,,,,186,190,78,157,202,171,,356,33,,,157,338,,300,316,,115,,184,355,40,,1261,,,,324,,117,,,,,,,,,,,151,26,,5,,,,,,,,,239,,,227,,,,,,,,,,,,2,,,,,,,,,,,,186,,,,28,131,,176,303,174,,,300,,,148,,,,,172,5,6,15,214,126,182,,36,124,742,,133,26,28,,247,,676,89,,121,,63,,,,,,,,,,,,,,,,,,,,,,446,75,120,63,676,,269,293,140,273,354,,,,97,,,,,,23,,,226,40,143,95,49,65,217,206,281,368,141,32,471,79,109,,75,356,71,51,104,,38,95,159,186,200,,93,,205,,176,106,,,,,,,,,,,,,,,,,,,,,,,,,,,,,,,,,646,,42,201,38,91,195,67,478,,112,,88,69,,88,25,,268,97,408,,,,,,,450,454,,,197,,135,57,,,3,126
2026-09-18T14:25:01+00:00,83,289,,,496,11,,34,170,298,,176,,205,,,65,,,,,80,440,318,279,198,,66,,,27,736,,,20,120,,166,,,,147,,121,,28,,,,,86,,389,39,,,17,,12,,,182,18,61,26,,,61,7,12,,,,239,9,,,244,301,112,174,126,,109,,,,,42,114,340,190,176,304,27,308,207,168,147,,409,5,139,,149,204,74,164,169,756,42,459,277,,125,223,130,176,708,,,,37,,,,,,,,,,,,,,,,,,,,,,,,,,,,,,,,,,,,,,,,,,,,,207,359,,336,24,,,763,306,309,,167,276,440,,73,,53,125,,,193,192,95,,,178,14,,513,,,,,,,,,,,,,,,,357,,,69,132,,,,,,,,,92,,,,,47,,,,,55,,,,,,173,192,196,,155,205,,,,30,,365,,337,447,302,319,391,116,,183,358,41,,,,,,323,,119,,,,,,,,,,,150,28,31,,,,,,,,5,195,,,,224,,,,,,,,,,,,0,,,,,,,,,,,,,99,,78,24,,68,178,308,,36,26,302,,20,149,,,16,83,,11,7,16,225,,183,173,35,126,753,,132,27,,,,,,,,,,,,,,,,,,,,,,,,,,,,,,,,,,,,,,,,,,,,,,,,,,,,,,,,,,,,,,,284,370,146,39,457,80,,,,,,,,,,,,,,,,,,,,,,,,,,,,,,,,,,,,,,,,,,,,,,,,,,,,,648,129,43,203,36,93,196,65,474,19,111,,86,68,,,,,261,98,409,,,,,,,449,458,,,198,,137,55,,,-370,
2026-09-18T14:30:01+00:00,82,290,,112,495,14,,32,167,297,,177,231,209,272,,66,,,,,82,437,,280,193,,65,,,26,737,,29,18,117,,167,,,125,,,122,,29,,,,,,,388,,,,16,24,,,,180,,59,30,,,,6,,106,,,242,10,,,242,,,,,,,,,,,50,117,344,187,179,301,30,309,210,173,144,,410,11,,109,,205,80,,167,761,43,,278,118,124,228,131,179,712,,,454,38,94,72,677,127,216,,42,115,346,,,,,,78,,,,,479,,,,,131,171,,,,,,,,,,,,,,,,,,,202,361,519,334,25,,,761,305,307,,163,,,,,,,,,,,,,105,,182,14,26,514,,,,,,,,,,,,,,,,358,,,72,130,,,,,,,,,90,,,,,46,,,,,,,,,,,176,195,200,76,154,208,175,,,31,,,156,341,450,,322,390,,,182,361,40,,1269,,,,322,,,,,,,,,,,,,149,,34,4,,,,,,,4,196,238,,,221,,,,,,,,,,,,,,,,,,,,,,,,,,34,77,23,,69,,310,171,,,305,176,,,,,,,174,,10,18,232,125,,174,38,,757,23,,25,,,249,68,673,,,120,180,56,,,,,,,,,,,,,,,,,,,,,,439,77,122,62,668,,270,291,128,,353,,,,98,,,,,,,,,228,42,,92,41,,214,205,283,387,,41,469,81,111,35,73,353,76,50,105,21,37,108,157,187,199,,94,,211,,177,112,,,,,,,,,,,,,,,,,,,,,,,,,,,,,,,,,649,125,42,200,38,90,194,64,,17,108,283,,67,,,20,47,254,93,,178,,,,,,448,457,,,199,,,,,,,
2026-09-18T14:35:01+00:00,88,,,113,494,8,,30,166,294,,175,232,205,273,,,,,,,81,,316,276,194,,67,,,24,735,20,31,21,116,,168,,,,146,,120,,,,,,,82,,391,40,113,,,25,,,,,19,57,31,86,235,62,4,,,,,243,,,,243,294,100,,,180,115,,187,,,,,,,,,,,,,,,,,,,,,,,,,,,,,,,,,,,,,,,,,,,,,,,,,,,,,,,,,,,,,,,,,,,,,,,,,,,,,,,,,,200,359,521,336,22,,,753,,294,,166,,441,,67,122,56,124,61,161,,191,91,107,,184,13,27,525,,,,,,,,,,,,,,,,352,,,,,,,,,,,,,89,,,,,,,,,,56,,,,,,181,199,203,77,155,209,,,358,30,12,,162,339,,,,387,117,,185,360,37,,1274,,,,323,,,,,,,,,,,,,148,29,31,5,,,,448,,,3,198,243,,,,,,,,,,,,,,,2,,,,,,,,,,,,180,,,75,19,,,180,309,170,,27,309,175,19,147,,,14,,172,14,9,,234,123,,176,40,,761,26,131,,,,,,,,,,,,,,,,,,,,,,,,,,,,,,,,,434,76,123,63,660,,272,295,127,,,,,,99,,,,,,,,,229,39,139,,39,,213,,285,392,148,38,464,,,38,67,352,75,52,106,18,33,114,156,182,201,,92,,207,,,111,,,,,,,,,,,,,,,,,,,,,,,,,,,,,,,,,654,,41,202,37,85,193,,478,15,,282,85,,,87,19,45,256,92,410,177,,,,,,446,458,,,202,,140,57,,,,127
2026-09-18T14:40:02+00:00,,,,,495,12,,21,159,296,,174,233,204,270,,67,,,,,83,,,273,195,,,,,26,729,,29,23,112,,172,,,126,147,,,,30,,,,,80,,393,42,,,17,24,11,,,,,56,30,87,,,2,11,,,,242,8,,109,242,,,,,,,,,,505,55,121,342,191,182,306,,,211,174,152,,,4,,108,151,203,86,,,764,41,451,277,,122,226,134,175,720,,,456,41,93,69,670,128,222,477,,114,348,,,,,,80,,,,,480,,,,,132,173,,,,,,,,,,,,,,,,,,,198,361,524,337,23,,,755,304,288,,172,,,,,,,,,,,,,109,,186,14,23,520,,,,,,,,,,268,,,,,,349,,1,70,,,,,,,,,,,,,,,45,,,,,,,,,,,,202,204,78,154,211,171,,363,33,,367,161,341,454,,326,,118,,189,359,40,,,,,,,,,,,,,,,,,,,141,,32,,,,,450,,,,194,246,,,217,,,,,,,,,,,,0,,,,,,,,,,,,172,,32,81,17,132,71,177,310,174,,,313,172,18,148,,,15,,,10,4,20,,127,182,,42,123,769,23,132,27,,200,,67,678,84,,,182,57,,,,,,,,,,,,,,,,,,,,,,,74,121,65,651,,,,121,277,355,,,,,,,,,,,,,231,33,140,89,35,64,216,206,288,413,149,42,452,,,,,,,,,,,,,,,,,,,,,,,,,,,,,,,,,,,,,,,,,,,,,,,,,,,,,,656,,,203,,80,191,63,470,22,109,,84,68,,85,18,46,260,93,411,,,,,,,453,460,,,203,,,59,,,-370,128
2026-09-18T14:45:01+00:00,90,,,,491,10,,17,156,,,,,199,267,,63,,,,,79,440,319,268,194,,66,,,24,,,26,21,111,,176,,,123,145,,,,29,,,,,78,,397,,,,15,25,12,,,,,53,27,86,,60,,,105,,,,9,,105,239,288,104,177,130,183,117,,189,,,,,,,,,,,,,,,,,,,,,,,,,,,,,,,,,,,,,,,,,,,,,,,,,,,,83,,,,,481,,,,,127,172,,,,,,,,,,,,,,,,,,,197,365,,342,22,,,748,,287,,177,,446,,59,121,57,122,63,162,197,192,87,107,,,14,31,524,,,,,,,,,,,,,,,,350,,0,68,,,,,,,,,,88,,,,,,,,,,,,,,,,177,,211,81,155,210,180,,364,32,,,151,346,455,304,329,382,120,,192,353,39,,1276,,,,328,,120,,,,,,,,,,,144,30,34,3,,,,,,,,,253,,,223,,,,,,,,,,,,2,,,,,,,,,,,,168,,31,82,16,,,178,,,,,312,171,,,,,,,171,11,7,,,,183,177,45,122,,,136,,29,204,258,,698,90,,115,184,,,,,,,,,,,,,,,,,,,,,,,,,119,,,,,,,,,,,,100,,,,,,,,,,,,,,69,,,291,418,152,39,440,77,118,37,65,349,77,48,110,19,29,118,160,177,203,,94,,203,,181,110,,,,,,,,,,,,,,,,,,,,,,,,,,,,,,,,,,117,39,199,41,76,189,64,473,15,110,283,,67,,86,17,45,258,96,409,179,,,,,,455,458,117,,207,,141,57,,,7,
2026-09-18T14:50:01+00:00,89,291,,,482,,,19,161,,,170,234,198,254,,57,,,,,80,,317,262,196,,64,,,27,740,,28,22,113,,173,,,,,,118,,,,,,,79,,399,,,,13,28,,,,182,,54,23,,,55,3,13,,,,246,8,,103,238,,,,,,,,,,508,60,117,346,,184,296,35,310,214,180,168,,415,3,138,109,158,207,79,,164,766,38,,284,,126,231,135,178,724,,,457,,,,,,,,,,,,,,,,,,,,,,,,,,,,,,,,,,,,,,,,,,,,,,201,,526,,23,,,742,306,,,178,,,,,,,,,,,,,,,183,14,30,534,,,,,,,,,,,,,,,,353,,,67,129,,,,,,,,,86,,,,,,,,,,,,,,,,175,207,213,84,157,209,181,,365,31,,364,153,,458,,328,380,119,,190,,,,1280,,,,329,,,,,,,,,,,,,143,27,38,4,,,,448,,,,192,254,,,,,,,,,,,,,,,0,,,,,,,,,,,,166,106,32,81,18,,74,179,311,,,,,164,17,,,,,81,169,15,,18,238,129,178,178,44,124,777,26,,25,,,,,,,,,,,,,,,,,,,,,,,,,,,,,,,,435,75,118,,649,,271,296,119,278,357,,,163,99,,,,,,,,,228,34,143,,32,73,214,201,,434,156,32,436,76,125,36,68,351,,50,109,,39,124,162,181,204,,93,,199,,185,109,,,,,,,,,,,,,,,,,,,,,,,,,,,,,,,,,,116,38,193,42,72,193,,471,12,102,,83,66,,87,20,44,,102,,181,,,,,,,456,,,,,138,58,,,8,
2026-09-18T14:55:01+00:00,90,288,,112,,7,,20,155,297,,169,,196,245,,,,,,,82,443,313,,187,,,,,29,739,,29,19,,,171,,,,144,,120,,,,,,,74,,401,,,,15,27,13,,,183,,51,,84,,,2,,,,,247,6,,100,235,285,103,191,,184,132,,,,,,,,,,,,,,,,,,,,,,,,,,,,,,,,,,,,,,,,,,,,,,,,,,,,,,84,,,,,490,,,,,124,179,,,,,,,,,,,,,,,,,,,195,364,527,345,25,,,745,305,290,,179,,450,,49,123,59,,,167,202,185,79,,,,15,32,537,,,,,,,,,,,,,,,,348,,,,,,,,,,,,,87,,,,,,,,,,54,,,,,,176,196,217,91,162,208,179,,364,32,,363,149,344,457,305,329,388,122,,191,351,40,,1282,,,,327,,117,,,,,,,,,,,141,26,,5,,,,449,,,,195,,,,222,,,,,,,,,,,,,,,,,,,,,,,,170,,31,,22,,,183,309,167,,,313,166,,145,6,,,82,168,17,,19,241,130,176,,46,123,780,27,,,26,,,65,688,96,,113,186,58,,,,,,,,,,,,,,,,,,,,,,429,72,,,646,,267,297,106,280,359,,,164,98,,,,,,21,,,235,,147,88,42,70,216,203,,440,,33,441,80,126,,,,,,,,,,,,,,,,,,,,,,,,,,,,,,,,,,,,,,,,,,,,,,,,,,,,657,113,39,191,38,68,196,61,468,13,108,283,77,,,86,14,41,253,100,412,,,,,,,456,457,,,219,,137,57,,,9,129
2026-09-18T15:00:02+00:00,,287,,,488,9,,21,158,298,,,235,194,241,,55,,,,,86,,,252,185,,62,,,,731,,26,,110,,173,,,124,,,116,,28,,,,,70,,,,112,,14,25,12,,,184,18,49,24,,,54,1,14,,,,250,7,,102,,,,,,,,,,,510,47,116,347,186,188,300,31,,213,184,171,,413,2,,,164,211,77,166,,769,33,444,289,119,135,232,,177,726,,,458,43,89,69,657,130,227,466,44,111,346,,,,,,,,,,,,,,,,,,,,,,,,,,,,,,,,,,,,199,366,524,342,24,,,740,304,286,,178,,,,,,,,,,,,,108,,184,15,29,530,,,,,,,,,,,,,,,,347,,,63,,,,,,,,,,83,,,,,,,,,,,,,,,,,200,220,,,209,182,,362,33,11,365,153,345,450,308,328,383,,,189,347,41,,,,,,330,,119,,,,,,,,,,,140,25,42,,,,,450,,,,191,256,,,218,,,,,,,,,,,,,,,,,,,,,,,,173,,30,79,,133,75,181,310,163,,,,165,16,144,,,,,167,16,,21,,132,177,,44,,783,,,,,205,265,66,696,95,,109,187,,,,,,,,,,,,,,,,,,,,,,,433,70,120,64,,,,,,,361,,,,99,,,,,,24,,,233,30,,84,41,67,,,309,460,162,39,439,81,128,39,64,349,80,48,110,20,37,122,161,176,200,,87,,202,,188,118,,,,,,,,,,,,,,,,,,,,,,,,,,,,,,,,,656,112,35,186,39,71,192,62,467,11,113,,78,,,88,10,42,249,99,414,180,,,,,,459,487,,,214,,142,53,,,-370,
2026-09-18T15:05:02+00:00,92,289,,113,483,11,,22,153,296,,164,,196,242,,,,,,,84,444,314,256,179,,,,,28,,21,18,,109,,172,,,126,143,,,,,,,,,67,,,,,,16,26,13,,,185,,52,69,83,,53,2,13,104,,,249,,,,233,,102,186,131,190,135,,188,,512,51,114,344,,194,298,29,312,212,188,157,,,3,139,111,170,206,76,167,,772,35,446,,,139,233,136,176,739,,,462,45,,,,,,,,,,,,,,,79,,,,,492,,,,,126,183,,,,,,,,,,,,,,,,,,,200,365,,346,18,,,734,301,282,,179,275,444,,32,,63,121,62,165,199,186,77,,,188,16,31,536,,,,,,,,,,267,,,,,,352,,,62,,,,,,,,,,81,,,,,46,,,,,55,,,,,,175,204,219,92,159,211,184,,364,35,,,157,347,451,309,332,374,126,,191,339,,,1286,,,,329,,120,,,,,,,,,,,143,26,43,4,,,,,,,2,190,254,,,217,,,,,,,,,,,,,,,,,,,,,,,,178,105,28,80,30,132,73,182,,171,,,314,167,15,138,,,,85,166,26,8,23,244,129,174,,46,,787,28,134,26,,,,,,,,,,,,,,,,,,,,,,,,,,,,,,,,429,67,121,63,639,,274,294,109,281,363,,,,101,,,,,,19,,,236,33,144,85,52,61,217,206,,466,163,42,443,82,133,36,66,,81,46,112,23,42,130,155,171,197,,85,,200,,187,105,,,,,,,,,,,,,,,,,,,,,,,,,,,,,,,,,655,,32,,37,75,196,59,470,8,122,285,77,,,87,9,39,248,97,413,181,,,,,,460,489,,,213,,143,56,,,1,
2026-09-18T15:10:02+00:00,,290,56,,492,12,,20,145,297,,162,,202,240,,57,,,,,85,,317,253,182,,,,,,732,,,15,,,169,,,127,144,,,,29,,,,,59,,402,,,,12,,,,,,,56,65,,,54,4,,106,,,252,8,,104,229,,,,,,,,,,514,49,111,341,168,196,290,,315,,191,160,219,,,,,169,208,78,,160,,33,,,,144,232,,178,743,,,463,,90,64,658,,229,464,,107,350,,,,,,,,,,,,,,,,,,,,,,,,,,,,,,,,,,,,197,368,527,354,,,,737,,281,,,274,443,,20,124,66,122,66,162,200,182,63,110,,190,16,29,531,,,,,,,,,,,,,,,,356,,,65,131,,,,,,,,,86,,,,,42,,,,,56,,,,,,176,213,217,,160,210,185,,366,34,,369,158,352,453,311,336,377,127,,192,,,,1283,,,,,,,,,,,,,,,,,144,24,,,,,,449,,,,192,252,,,,,,,,,,,,,,,1,,,,,,,,,,,,188,104,29,81,32,,72,181,316,173,,,316,169,14,139,5,,,87,164,27,,22,,131,171,179,47,,790,27,,,19,,259,67,693,99,,110,190,48,,,,,,,,,,,,,,,,,,,,,,,,,,,,,,,,,,,,,,,,,,,,,,,,,,,,,310,463,169,36,454,81,134,,,,,,,,,,,,,,,,,,,,,,,,,,,,,,,,,,,,,,,,,,,,,,,,,,,,660,,34,,36,,197,60,469,11,114,,76,67,,88,6,40,249,99,414,178,,,,,,462,490,,,208,,139,57,,,7,
2026-09-18T15:15:02+00:00,90,292,,112,482,15,,17,146,298,,,,199,243,,,,,,,,,315,,183,,,,,27,731,,22,12,,,170,,,131,146,,,,,,,,,51,,,,,,15,,12,,,,,59,,,,,3,,105,,,,7,,101,224,283,111,189,134,,138,,189,,,45,110,342,160,199,291,,313,,,168,218,412,2,140,110,175,213,72,,159,776,37,,,,147,231,,180,745,,,464,,,,,,,,,,,,,,,,76,,,,,495,,,,,119,182,,,,,,,,,,,,,,,,,,,190,370,528,352,19,,,729,,279,,181,,,,,,,,,,,,,107,,,16,39,,,,,,,,,,,,,,,,,353,,,,133,,,,,,,,,,,,,,43,,,,,,,,,,,,219,218,96,165,213,184,,368,35,,368,157,354,460,312,,373,,,195,338,42,,,,,,330,,121,,,,,,,,,,,,21,40,5,,,,450,,,,194,249,,,220,,,,,,,,,,,,,,,,,,,,,,,,190,,27,84,35,,71,,318,177,,,318,167,13,138,,,,88,165,31,9,,,,173,,44,124,791,29,,28,20,206,257,68,,98,,109,,40,,,,,,,,,,,,,,,,,,,,,,416,66,125,,637,,276,298,105,282,365,,,,98,,,,,,,,,239,31,149,,39,63,223,209,311,469,167,41,472,78,132,35,65,351,82,42,109,21,39,140,154,,196,,78,,208,,183,110,,,,,,,,,,,,,,,,,,,,,,,,,,,,,,,,,662,115,,183,,69,198,,470,14,,,75,66,,86,5,41,247,101,418,180,,,,,,463,491,118,,201,,138,55,,,6,128
2026-09-18T15:20:02+00:00,92,295,55,,488,,,11,143,296,,159,236,195,238,,58,,,,,86,446,,250,181,,,,,,728,20,21,8,,,164,,,,145,,,,,,,,,44,,400,,,,12,25,,,,,,56,63,,,,0,,,,,255,8,,98,219,,,,,,,,,,,,,,,,,,,,,,,,,,,,,,,,,,,,,,,,,,,,,,94,65,677,132,233,463,45,102,348,,,,,,,,,,,,,,,,,,,,,,,,,,,,,,,,,,,,,,529,356,20,,,,,289,,183,,,,,,,,,,,,,113,,187,16,44,538,,,,,,,,,,,,,,,,,,2,64,,,,,,,,,,87,,,,,42,,,,,,,,,,,177,224,217,98,169,214,183,,370,36,,,148,355,457,313,334,372,128,,193,337,47,,1281,,,,,,119,,,,,,,,,,,140,,41,3,,,,,,,3,,247,,,222,,,,,,,,,,,,0,,,,,,,,,,,,179,107,28,89,40,,,179,326,176,,,321,,,141,,,,89,,29,11,21,246,,176,,,,799,28,132,30,21,204,261,67,,100,,107,,35,,,,,,,,,,,,,,,,,,,,,,406,65,119,,641,,285,295,118,281,,,,,97,,,,,,17,,,240,36,147,83,45,70,231,,312,479,166,40,482,80,134,,,,,,,,,,,,,,,,,,,,,,,,,,,,,,,,,,,,,,,,,,,,,,,,,,,,666,114,,175,37,72,,58,461,,118,,74,65,,85,,42,250,,424,176,,,,,,462,496,,,204,,87,53,,,-370,
2026-09-18T15:25:02+00:00,91,292,56,,486,16,,9,140,294,,157,,,232,,57,,,,,89,443,316,248,188,,61,,,24,736,,25,11,,,168,,,128,143,,115,,,,,,,,,,,,,11,27,11,,,,,52,59,,,,,,106,,,,,,99,217,286,100,191,135,191,145,,195,,515,44,102,336,143,198,289,22,318,,196,169,,415,1,141,111,178,214,66,169,164,781,40,452,287,,156,233,141,182,755,,,465,49,,,,,,,,,,,,,,,74,,,,,501,,,,,,180,,,,,,,,,,,,,,,,,,,189,372,,,,,,725,300,283,,189,276,442,,34,131,74,121,69,161,198,171,54,120,,191,15,40,543,,,,,,,,,,,,,,,,,,0,59,130,,,,,,,,,84,,,,,41,,,,,59,,,,,,,226,218,97,173,217,188,,367,35,12,,150,357,458,,333,367,130,,195,340,46,,1283,,,,335,,,,,,,,,,,,,135,17,38,,,,,,,,4,195,246,,,220,,,,,,,,,,,,2,,,,,,,,,,,,186,108,27,,,133,70,180,328,181,,26,322,165,,143,,,,85,164,28,10,,,,,178,,,,27,134,31,20,205,255,66,692,104,,106,,28,,,,,,,,,,,,,,,,,,,,,,407,66,122,,,,283,297,121,280,364,,,,,,,,,,,,,235,37,153,,46,68,236,208,315,485,165,41,492,83,126,,60,349,84,39,107,17,37,139,149,,192,,74,,211,,,103,,,,,,,,,,,,,,,,,,,,,,,,,,,,,,,,,667,115,33,169,34,65,193,57,456,16,126,287,,63,,81,-230,40,245,,423,175,,,,,,,499,,,208,,,52,,,,
2026-09-18T15:30:02+00:00,93,295,,,488,17,,18,142,295,,156,,194,241,,,,,,,94,444,,,186,,,,,22,734,19,,8,108,,,,0,126,144,,,,28,,,,,40,,401,,,,9,,12,,,,,50,57,,234,53,,,,,,249,6,,98,216,285,102,192,132,192,147,,196,,516,41,97,339,137,197,288,19,,,200,168,219,,,,110,,219,77,,,785,,,288,,159,237,140,179,757,,,,51,96,59,694,136,229,461,44,101,351,,,,,,,,,,,,,,,,,,,,,,,,,,,,,,,,,,,,188,375,,350,,,,727,,282,,187,,,,,,,,,,,,,,,,15,34,,,,,,,,,,,,,,,,,355,,,60,127,,,,,,,,,85,,,,,,,,,,,,,,,,178,228,219,98,174,219,195,,,39,,364,148,356,,315,335,366,132,,198,342,,,,,,,334,,115,,,,,,,,,,,128,16,36,4,,,,,,,,193,250,,,217,,,,,,,,,,,,0,,,,,,,,,,,,184,109,26,88,41,,69,178,333,185,,,320,164,,146,,,,87,162,29,14,22,251,132,174,179,45,123,801,26,140,,22,208,271,65,691,100,,108,191,23,,,,,,,,,,,,,,,,,,,,,,,,,,,,,,,,,,,,,,,,,,,,,,,,,,,,,317,494,166,40,497,,123,33,62,,87,36,105,12,33,129,138,167,191,,,,214,,184,96,,,,,,,,,,,,,,,,,,,,,,,,,,,,,,,,,668,116,30,161,35,57,190,,450,11,124,286,72,,,76,,,246,104,422,,,,,,,,498,,,201,,,49,,,,
2026-09-18T15:35:02+00:00,99,294,,,480,20,,11,141,,,153,237,,251,,,,,,,,,317,241,191,,62,,,,729,,22,,107,,167,,,127,142,,113,,26,,,,,35,,,,,,8,28,,,,,,46,53,,233,,1,,105,,,246,8,,,212,,,,,,,,,,,,,,,,,,,,,,,,,,,,,,,,,,,,,,,,,,,,,,,,,,,,,,,,,,,,78,,,,,505,,,,,118,177,,,,,,,,,,,,,,,,,,,186,373,531,345,19,,,730,299,289,,192,274,,,30,,72,119,,165,199,165,42,126,,184,15,35,545,,,,,,,,,,,,,,,,354,,,58,128,,,,,,,,,84,,,,,43,,,,,60,,,,,,176,232,,97,173,,202,,372,42,,361,151,353,468,316,336,357,,,196,343,47,,1278,,,,333,,116,,,,,,,,,,,127,18,,3,,,,,,,,194,252,,,220,,,,,,,,,,,,2,,,,,,,,,,,,193,110,23,89,42,,68,183,338,183,,25,324,166,,147,,,,,,23,15,,252,134,175,,41,125,804,,139,,23,204,272,66,697,98,,106,,,,,,,,,,,,,,,,,,,,,,,,400,65,121,,643,,286,300,130,278,362,,,,95,,,,,,,,,238,35,161,86,55,76,238,206,319,502,170,43,506,85,,,,,,,,,,,,,,,,,,,,,,,,,,,,,,,,,,,,,,,,,,,,,,,,,,,,,670,117,29,156,34,54,188,59,439,,120,285,68,64,,78,,38,243,106,,174,,,,,,,496,,,205,,88,46,,,,
2026-09-18T15:40:02+00:00,104,292,54,,486,22,,21,,293,,152,238,198,253,,56,,,,,97,,,237,183,,60,,,21,732,20,16,9,106,,166,,,128,,,,,27,,,,,33,,402,,,,,30,,,,186,17,,51,84,232,,,,,,,247,,,96,207,,106,193,130,,148,,,,,42,98,349,130,,290,20,,,,167,220,416,,,111,184,218,68,,,,41,445,,,,239,142,183,758,,,,52,101,63,699,134,236,462,,93,359,,,,,,,,,,,,,,,,,,,,,,,,,,,,,,,,,,,,189,375,530,347,18,,,727,297,290,,186,,,,,,,,,,,,,125,,173,16,36,,,,,,,,,,,,,,,,,357,,,,,,,,,,,,,85,,,,,44,,,,,,,,,,,177,238,221,96,175,216,203,,374,40,,363,154,,469,,338,352,133,,199,350,,,1273,,,,,,117,,,,,,,,,,,125,16,35,,,,,,,,,188,250,,,221,,,,,,,,,,,,1,,,,,,,,,,,,198,,24,92,,,67,,,176,,,323,168,,,,,,86,,,14,23,,135,173,180,46,,805,,140,33,19,202,267,,706,99,,,190,22,,,,,,,,,,,,,,,,,,,,,,395,66,122,62,644,,284,298,137,276,363,,,,,,,,,,20,,,233,33,165,84,53,75,237,,320,509,173,42,509,,128,35,55,348,90,39,107,13,37,128,142,166,181,,65,,212,,,101,,,,,,,,,,,,,,,,,,,,,,,,,,,,,,,,,672,119,26,145,,44,,56,432,14,121,,67,62,,77,,39,239,111,424,168,,,,,,467,,,,199,,87,,,,,
2026-09-18T15:45:01+00:00,106,290,53,,480,21,,15,138,290,,153,,197,255,,54,,,,,96,445,321,229,185,,61,,,19,735,,17,8,107,,,,,130,,,112,,,,,,,30,,,,,,,,,,,,,48,49,,,51,0,,,,,249,,,,205,,,,,,,,,,515,43,84,344,114,198,288,22,320,214,,173,,417,1,,112,198,220,63,,167,789,42,,289,,171,251,141,182,774,18,,464,51,,,,,,,,,,,,,,,68,,,,,508,,,,,117,179,,,,,,,,,,,,,,,,,,,183,,534,,20,,,733,,286,,192,,438,,10,133,78,120,70,,198,154,34,129,,171,16,33,551,,,,,,,,,,,,,,,,355,,,55,,,,,,,,,,84,,,,,,,,,,58,,,,,,,247,225,97,178,220,212,,371,38,,367,159,351,459,317,332,342,134,,202,349,,,1274,,,,335,,116,,,,,,,,,,,124,12,33,1,,,,,,,,185,247,,,219,,,,,,,,,,,,2,,,,,,,,,,,,,109,22,93,41,,,185,340,174,,26,324,167,,148,,,,85,,19,15,24,254,136,,181,51,123,807,24,,34,,,,67,,,,,,,,,,,,,,,,,,,,,,,,,,,,,,,,,,,,,,,,,,,,,,,,,,,,,,,,,,,,514,,45,,83,130,,,,,,,,,,,,,,,,,,,,,,,,,,,,,,,,,,,,,,,,,,,,,,,,,,,,673,,25,144,,39,190,57,423,15,122,,65,,,79,,37,237,116,423,166,,,,,,466,,119,,193,,88,,,,,
2026-09-18T15:50:02+00:00,113,,,,476,17,,10,140,286,,,239,190,256,,51,,,,,,443,324,230,186,,,,,,736,,18,5,108,,,,,,143,,,,,,,,,29,,,,,,3,28,11,,,,18,45,41,,,49,,,106,,,247,,,95,204,284,113,197,125,,147,,,,,,,,,,,,,,,,,,,,,,,,,,,,,,,,,,,,,,,,,,,,,,,,,,,,,,,,,,,,,,,,,,,,,,,,,,,,,,,,,,,,182,372,,349,17,,,723,296,293,,194,,,,,,,,,,,,,127,,174,16,,549,,,,,,,,,,,,,,,,357,,,,127,,,,,,,,,81,,,,,46,,,,,60,,,,,,176,257,,99,175,219,217,,,36,,368,162,352,454,319,335,317,133,,204,348,,,1275,,,,337,,114,,,,,,,,,,,122,7,34,2,,,,,,,,183,246,,,221,,,,,,,,,,,,1,,,,,,,,,,,,201,108,19,94,40,,68,189,345,178,,,331,161,,145,,,,,159,21,20,,255,133,176,,54,124,808,22,139,33,13,,253,66,716,83,,100,,18,,,,,,,,,,,,,,,,,,,,,,393,65,116,63,640,,287,297,136,269,362,,,,,,,,,,24,,,236,28,170,85,36,72,246,204,318,519,,46,515,84,123,33,,347,91,37,101,11,,134,137,163,177,,60,,213,,186,95,,,,,,,,,,,,,,,,,,,,,,,,,,,,,,,,,676,,22,130,,41,,56,419,14,119,,63,64,,78,,39,231,121,420,163,,,,,,471,489,120,,188,,90,45,,,,127
2026-09-18T15:55:02+00:00,,288,,,475,16,,7,143,283,,152,,191,263,,48,,,,,97,442,327,,188,,,,,18,741,,15,,111,,168,,,129,145,,111,,,,,,,22,,401,,,,1,29,,,,,19,44,33,,233,47,3,,107,,,248,9,,97,202,,,,,,,,,,,44,80,346,107,197,284,16,,216,203,177,,416,,142,,202,223,64,,168,,,449,288,,,257,140,183,777,,,465,52,,,,,,,,,,,,,,,66,,,,,510,,,,,113,177,,,,,,,,,,,,,,,,,,,178,376,,,,,,717,294,294,,201,273,,,9,132,68,125,71,,196,147,25,,,175,16,34,548,,,,,,,,,,,,,,,,352,,,,124,,,,,,,,,,,,,,45,,,,,,,,,,,,256,227,104,182,222,221,,369,37,,,169,356,455,,333,308,,,206,346,45,,1273,,,,334,,113,,,,,,,,,,,117,,32,3,,,,449,,,2,177,242,,,224,,,,,,,,,,,,,,,,,,,,,,,,209,109,17,93,41,,69,192,356,181,,,,158,,144,,,,86,160,,,23,252,134,178,,56,125,,21,138,,15,203,243,65,720,77,,98,191,10,,,,,,,,,,,,,,,,,,,,,,,,,,,,,,,,,,,,,,,,,,,,,,,,,,,,,321,531,174,51,513,83,122,30,58,348,93,34,,,,131,131,153,173,,54,,219,,,91,,,,,,,,,,,,,,,,,,,,,,,,,,,,,,,,,678,116,20,117,35,42,189,54,417,18,121,,,62,,77,,38,233,120,415,166,,,,,,469,488,,,190,,94,43,,,,126
2026-09-18T16:00:01+00:00,119,287,,,474,17,,5,141,284,,154,240,194,257,,266,,,,,101,443,324,227,193,,62,,,16,746,,11,4,110,,166,,,127,144,,,,26,,,,,16,,399,,,,0,,10,,,,17,43,26,,230,45,,12,106,,,,,,99,201,282,128,195,127,190,145,,,,,43,70,352,91,201,294,,319,,205,167,,418,,,109,209,217,65,170,,794,40,,287,,,254,143,186,771,,,466,49,104,75,703,133,234,461,47,88,359,,,,,,,,,,,,,,,,,,,,,,,,,,,,,,,,,,,,175,378,533,338,19,,,710,295,297,,202,,,,,,,,,,,,,130,,,16,40,,,,,,,,,,,,,,,,,359,,,58,,,,,,,,,,,,,,,48,,,,,59,,,,,,175,251,230,103,187,225,224,,370,33,,370,172,,456,,336,292,,,205,348,46,,1275,,,,330,,,,,,,,,,,,,107,5,30,2,,,,,,,,172,237,,,219,,,,,,,,,,,,,,,,,,,,,,,,212,110,,,40,,70,,359,186,,27,,156,,143,,,,,158,23,24,24,253,137,179,,55,127,809,20,,34,,,,,,,,,,,,,,,,,,,,,,,,,,,,,,,,392,67,113,62,641,,,298,132,267,363,,,,,,,,,,19,,,235,30,171,83,27,71,244,202,320,540,,54,,85,120,,,,,,,,,,,,,,,,,,,,,,,,,,,,,,,,,,,,,,,,,,,,,,,,,,,,680,115,15,103,,41,192,55,416,19,120,,60,61,,78,,36,,127,417,165,,,,,,471,487,,,185,,98,,,,,120
2026-09-18T16:05:01+00:00,121,288,,,475,18,,2,138,280,,146,,,263,,263,,,,,102,442,,218,198,,63,,,,,19,7,6,109,,165,,,126,145,,109,,27,,,,,14,,,40,,,,28,,,,,15,,20,,,44,2,,,,,253,10,,,200,,,,,,,,,,516,39,63,355,90,202,297,13,,,212,169,,419,,143,111,208,,61,,169,796,,451,288,,169,249,141,189,777,,,,43,,,,,,,,,,,,,,,73,,,,,512,,,,,109,174,,,,,,,,,,,,,,,,,,,169,376,534,330,23,,,697,297,287,,208,272,440,,19,,66,124,70,163,195,137,20,137,,173,16,,553,,,,,,,,,,266,,,,,,355,,,56,,,,,,,,,,,,,,,46,,,,,,,,,,,174,256,232,104,,,232,,371,,,372,180,359,460,318,340,278,,,,350,47,,,,,,332,,111,,,,,,,,,,,103,2,,5,,,,448,,,3,166,233,,,212,,,,,,,,,,,,2,,,,,,,,,,,,208,,18,92,42,,72,191,360,189,,,332,157,,141,,,,85,156,,30,25,255,139,184,,54,128,810,24,137,,10,200,224,66,730,73,,92,192,1,,,,,,,,,,,,,,,,,,,,,,389,64,111,64,,,,289,138,264,366,,,,92,,,,,,,,,234,31,172,,11,73,247,197,321,542,176,52,,86,121,31,50,349,95,41,,7,32,126,122,148,170,,47,,224,,190,93,,,,,,,,,,,,,,,,,,,,,,,,,,,,,,,,,684,,12,98,,45,195,,415,15,112,289,,58,,75,,37,227,126,414,166,,,,,,475,481,,,183,,,131,,,,121
2026-09-18T16:10:01+00:00,122,285,,111,479,20,,1,136,277,,141,,199,270,,264,,,,,107,444,326,219,192,,60,,,15,760,,5,,108,,163,,,,148,,106,,,,,,,7,,398,39,113,,,29,,,,,,44,17,83,231,43,3,11,105,,,248,,,98,198,277,140,206,125,191,143,,,,,,,,,,,,,,,,,,,,,,,,,,,,,,,,,,,,,,,,102,,723,136,231,460,,86,358,,,,,,,,,,,,,,,,,,,,,,,,,,,,,,,,,,,,157,380,532,323,,,,683,296,289,,210,,,,,,,,,,,,,142,,172,16,37,554,,,,,,,,,,,,,,,,351,,,,123,,,,,,,,,82,,,,,44,,,,,,,,,,,173,263,233,,191,,238,,,34,,374,178,364,461,,,264,,,208,346,43,,1276,,,,,,109,,,,,,,,,,,97,1,33,4,,,,446,,,1,165,231,,,207,,,,,,,,,,,,0,,,,,,,,,,,,204,115,19,91,43,,74,190,366,195,,,335,,,142,,,,,155,31,32,,257,,,183,55,131,814,,,33,9,,208,65,744,71,,,,8,,,,,,,,,,,,,,,,,,,,,,388,,108,,643,,,284,136,266,364,,,,84,,,,,,17,,,235,,180,,,,,196,323,553,169,57,529,,128,30,49,348,96,42,,8,28,118,118,146,171,,43,,225,,,85,,,,,,,,,,,,,,,,,,,,,,,,,,,,,,,,,686,114,10,92,,51,196,53,410,18,114,291,61,57,,68,,40,224,,413,163,,,,,,478,478,,,193,,100,130,,,-370,
2026-09-18T16:15:01+00:00,123,286,,,475,23,,3,141,278,,139,241,194,277,,,,,,,112,445,330,221,193,,,,,18,768,,3,3,107,,166,,,127,,,105,,,,,,,8,,397,,112,,,30,,,,,,42,7,,232,,0,,,,,249,9,,95,196,,,,,,,,,,,37,59,366,87,,301,10,,,,171,,420,,,108,,214,,,,798,38,,289,,168,255,,191,783,,,,44,,,,,,,,,,,,,,,76,,,,,514,,,,,112,175,,,,,,,,,,,,,,,,,,,153,383,,318,24,,,674,295,295,,225,,438,,12,133,67,123,71,165,193,135,65,148,,,16,,562,,,,,,,,,,,,,,,,,,,55,124,,,,,,,,,83,,,,,43,,,,,,,,,,,172,268,235,105,192,228,247,,372,37,,370,174,,459,,343,254,,,210,340,38,,1266,,,,330,,108,,,,,,,,,,,92,0,35,3,,,,,,,,157,230,,,200,,,,,,,,,,,,1,,,,,,,,,,,,,,20,93,46,,75,187,369,193,,,336,155,,143,,,,86,,33,39,,,142,188,184,57,133,815,,,,6,202,197,,745,65,,94,190,6,,,,,,,,,,,,,,,,,,,,,,,,114,,,,,,,,,,,,85,,,,,,,,,,28,,,,75,251,,327,565,171,,527,,,,,,,,,,,,,,,,,,,,,,,,,,,,,,,,,,,,,,,,,,,,,,,,,,,,,,687,115,9,88,,49,194,56,403,15,111,297,56,54,,66,,41,231,127,409,164,,,,,,481,475,,,197,,101,128,,,,119
2026-09-18T16:20:01+00:00,128,288,,,474,24,,5,147,280,,137,,,284,,,,,,,114,444,335,214,,,,,,,765,,1,0,104,,168,,,125,147,,,,,,,,,0,,392,,,,,29,9,,,,,32,0,,234,40,,,,,,247,,,99,191,275,146,217,123,192,148,,,,517,31,53,364,82,203,317,3,320,,219,164,216,423,,141,107,214,213,65,,,799,35,460,,,,264,142,189,805,,,467,42,101,88,740,138,225,451,,89,355,,,,,,,,,,,,,,,,,,,,,,,,,,,,,,,,,,,,151,381,533,303,23,,,668,294,312,,231,,,,,,,,,,,,,153,,174,16,41,569,,,,,,,,,,,,,,,,354,,,53,123,,,,,,,,,81,,,,,,,,,,,,,,,,,277,236,,189,229,251,,368,38,,,183,362,471,,346,243,134,,211,338,37,,,,,,331,,106,,,,,,,,,,,85,,36,2,,,,444,,,0,148,229,,,193,,,,,,,,,,,,,,,,,,,,,,,,199,114,,95,44,,77,189,382,207,,26,334,,14,145,,,,89,152,,48,26,260,143,184,185,61,134,818,,,32,,,,,,,,,,,,,,,,,,,,,,,,,,,,,,,,389,,113,65,644,,,276,147,268,363,,,,84,,,,,,19,,,243,24,186,,22,76,254,195,329,569,174,56,530,85,,32,47,,98,38,102,,23,116,112,143,169,,36,,232,,192,81,,,,,,,,,,,,,,,,,,,,,,,,,,,,,,,,,,114,,76,,44,197,,401,13,113,296,57,53,,65,,,226,124,406,161,,,,,,480,470,,,196,,102,129,,,-370,120
2026-09-18T16:25:01+00:00,133,292,,112,476,19,,1,149,284,,138,242,196,,,,,,,,,,,,,,,,,,,,,,,,,,,,,,,,,,,,,,,,,,,,,,,,,,,,,,,,,,,,,,,,,,,,,,,,,,,,,,,,,,,,,,,,,,,,,,,,,,,,,,,,,,,,,,,,,,,,,,,,,,,,70,,,,,515,,,,,110,177,,,,,,,,,,,,,,,,,,,,,,,,,,,,,,,,,,,,,,,,,,,,,,,,,,,,,,,,,,,,,,,,,,,,,,,,,,,,,,,,,,,,,,,,,,,,,,,,,,,,,,,,368,190,,474,319,347,228,135,,,341,41,,1257,,,,,,,,,,,,,,,,,,,,,,,,,,,,,,,,,,,,,,,,,,,,,,,,,,,,,,,,,,,,,,,,,,,,,,,,,,,,,,,,,,,,,,,,,,,,,,,,,,,,,,,,,,,,,,,,,,,,,,,,,388,63,116,,647,,289,275,171,256,365,,,,88,,,,,,17,,,237,21,201,,21,78,257,194,,,,,,,,,,,,,,,,,,,,,,,,,,,,,,,,,,,,,,,,,,,,,,,,,,,,,,,,,,,688,,11,73,,36,203,52,396,14,116,,,52,,,,37,224,127,404,160,,,,,,478,,,,202,,101,124,,,,118
2026-09-18T16:25:02+00:00,,,,,,,,,,,,,,,289,,263,,,,,117,447,,204,191,,59,,,20,770,,9,,105,,172,,,123,,,104,,,,,,,,,388,38,111,,,31,8,,,,16,23,,,233,36,,10,104,,,251,7,,,188,,,,,,,,,,,,,,,,,,,,,,,,,,,,,,,,,,,,,,,,,,,,,,,,,,,,,,,,,,,,,,,,,,,,,,,,,,,,,,,,,,,,,,,,,,142,380,,295,,,,664,297,320,,,274,432,,11,,81,120,75,163,196,123,52,154,,172,16,47,564,,,,,,,,,,,,,,,,358,,,51,,,,,,,,,,78,,,,,45,,,,,,,,,,,170,287,239,107,,233,255,,366,31,13,,,,,,,,,,,,,,,,,,,,105,,,,,,,,,,,80,,37,0,,,,446,,,,145,220,,,184,,,,,,,,,,,,2,,,,,,,,,,,,196,,21,96,,,,186,387,211,37,,332,153,,,,,,,150,40,54,,261,141,,,62,135,819,,,31,12,201,184,,742,70,,92,,1,,,,,,,,,,,,,,,,,,,,,,,,,,,,,,,,,,,,,,,,,,,,,,,,,,,,,332,581,170,66,539,90,133,34,38,,,45,,11,20,113,107,142,168,,24,,241,,191,96,,,,,,,,,,,,,,,,,,,,,,,,,,,,,,,,,,,,,,,,,,,,,,,,,,,,,,,,,,,,,,,,,,,,,,,
2026-09-18T16:30:02+00:00,136,,,113,,,,9,151,285,,129,,194,287,,261,,,,,120,448,333,199,198,,61,,,22,773,20,7,,103,,175,,,122,148,,99,,,,,,,,,389,37,108,,,32,,,,,14,20,,,234,32,,9,,,,,,,98,187,279,151,224,119,191,144,,,,,23,43,362,79,,327,,,,221,165,215,424,2,,,218,220,58,,170,802,,,287,120,165,258,144,,811,,,,41,100,89,744,139,227,453,46,83,357,,,,,,,,,,,,,,,,,,,,,,,,,,,,,,,,,,,,135,382,535,287,26,,,651,,325,,232,,,,,,,,,,,,,150,,171,16,44,567,,,,,,,,,,,,,,,,364,,,53,124,,,,,,,,,81,,,,,46,,,,,61,,,,,,,288,238,,193,236,260,,363,,,376,192,364,483,321,350,221,,,214,344,37,,1241,,,,,,100,,,,,,,,,,,74,,33,2,,,,,,,,137,224,,,178,,,,,,,,,,,,1,,,,,,,,,,,,188,,19,,45,,82,188,,,,24,329,,,149,,,,91,147,48,55,,,140,181,,65,136,820,,,33,10,200,177,,769,75,,86,191,0,,,,,,,,,,,,,,,,,,,,,,,,,,,,,,,,,,,,,,,,,,,,,,,,,,,,,337,585,171,67,544,,135,,,,,,,,,,,,,,,,,,,,,,,,,,,,,,,,,,,,,,,,,,,,,,,,,,,,,,9,67,,31,204,,393,22,114,296,56,51,,62,,34,220,,405,157,,,,,,,,,,199,,102,125,,,,117
2026-09-18T16:35:02+00:00,,,,,475,18,,12,150,283,,,,198,291,,258,,,,,119,,331,196,199,,60,,,24,779,,11,,101,,180,,,121,147,,100,,26,,,,,,,381,,104,,,31,9,,,,,9,,,,30,,8,,,,,6,,101,184,,,,,,,,,,,20,19,358,78,202,331,,319,,222,,216,,,,,220,214,63,,,809,,461,246,,162,264,152,194,816,,,,40,,,,,,,,,,,,,,,71,,,,,,,,,,116,175,,,,,,,,,,,,,,,,,,,132,386,536,282,23,,,645,299,334,,237,271,431,,,,83,206,74,161,195,318,53,151,,173,16,40,572,,,,,,,,,,,,,,,,374,,,52,125,,,,,,,,,78,,,,,43,,,,,63,,,,,,169,284,241,,196,237,266,,356,25,14,377,188,366,492,,351,207,,,210,336,42,,1225,,,,328,,,,,,,,,,,,,72,,37,0,,,,447,,,,,218,,,173,,,,,,,,,,,,2,,,,,,,,,,,,178,113,,,49,134,80,187,389,212,,,327,154,13,148,,,16,89,136,62,64,,260,148,179,187,68,138,,25,,,12,,166,66,770,77,,81,,1,,,,,,,,,,,,,,,,,,,,,,402,64,117,66,654,,288,272,187,246,363,,,,89,,,,,,16,,,234,13,205,87,11,76,258,,340,598,169,69,542,,131,33,43,347,100,49,106,8,22,101,97,131,167,,22,,248,,,95,,,,,,,,,,,,,,,,,,,,,,,,,,,,,,,,,687,116,,68,,32,209,55,385,34,111,298,55,53,,,,33,224,131,407,158,,,,,,479,473,,,198,,107,129,,,,118
2026-09-18T16:40:01+00:00,139,293,54,,476,,,13,158,287,,128,241,201,292,,,,,,,124,449,336,194,201,,59,,,,776,21,13,,102,,181,,,118,146,,99,,,,,,,,,,38,109,,,29,,,,,,2,,84,,29,,9,,,,258,,,99,173,281,161,,109,189,153,,197,,516,18,9,354,77,201,,,,,,170,217,,,140,106,222,211,59,169,171,,,,243,119,163,273,153,201,824,,,,42,98,99,755,142,228,448,49,81,351,,,,,,,,,,,,,,,,,,,,,,,,,,,,,,,,,,,,128,,537,280,,,,624,,339,,240,,,,,,,,,,,,,152,,170,16,37,568,,,,,,,,,,,,,,,,377,,,51,124,,,,,,,,,74,,,,,,,,,,,,,,,,168,290,243,110,198,238,269,,358,29,,378,196,365,493,,352,,,,211,342,,,,,,,327,,98,,,,,,,,,,,65,,38,,,,,450,,,,128,214,,,163,,,,,,,,,,,,1,,,,,,,,,,,,173,111,17,95,47,,83,185,396,,,,326,152,,149,,,17,,135,68,,27,,,175,,69,,,,138,35,,,,,,,,,,,,,,,,,,,,,,,,,,,,,,,,409,65,,,655,,289,273,194,248,364,,,,,,,,,,,,,237,,206,,,,,193,,596,168,74,540,,132,,,,,,,,,,,,,,,,,,,,,,,,,,,,,,,,,,,,,,,,,,,,,,,,,,,,689,,3,59,,41,213,,386,39,107,300,53,,,61,,32,223,134,,160,,,,,,481,471,,,199,,108,131,,,,
2026-09-18T16:45:01+00:00,138,290,,,473,16,,15,160,285,,133,,204,298,,,,,,,128,450,341,192,209,,60,,,,784,,8,,99,,186,,,117,149,,98,,,,,,,,,376,37,101,,,30,10,,,,12,0,,,,28,,,105,,,261,,,98,165,,,,,,,,,,,,,,,,,,,,,,,,,,,,,,,,,,,,,,,,,,,,,,,,,,,,,,,,,,,,,,,,,513,,,,,113,178,,,,,,,,,,,,,,,,,,,123,387,,277,,,,608,301,345,,241,272,428,,6,136,95,196,73,157,194,301,40,155,,168,14,45,,,,,,,,,,,,,,,,,380,,,52,,,,,,,,,,,,,,,,,,,,,,,,,,169,292,245,113,199,237,279,,357,26,10,,199,367,499,,353,199,,,,344,48,,1209,,,,330,,89,,,,,,,,,,,58,,,,,,,,,,,124,209,,,153,,,,,,,,,,,,,,,,,,,,,,,,165,112,,92,48,,84,184,403,217,,26,328,154,,146,,,16,,126,69,65,,,149,174,,71,,822,,137,34,15,198,155,67,775,63,,71,194,2,,,,,,,,,,,,,,,,,,,,,,,,110,65,,,,,,,,,,,87,,,,,,,,,,11,,,,75,262,,343,603,172,73,556,89,137,32,,349,,51,101,7,27,103,85,124,,,23,,243,,192,92,,,,,,,,,,,,,,,,,,,,,,,,,,,,,,,,,690,115,2,49,,43,216,,383,36,114,299,51,56,,59,,35,221,,408,159,,,,,,482,470,,,207,,109,129,,,,117
2026-09-18T16:50:01+00:00,133,288,,115,481,18,,20,159,284,,134,,207,301,,260,,,,,129,,340,190,204,,59,,,,782,,7,,,,189,,,118,148,,,,,,,,,,,371,38,91,,,,,,,,13,,,,,26,3,,,,,,,,,163,282,170,229,99,187,154,,,,517,10,1,353,75,202,335,2,,,226,176,219,425,,139,,225,209,48,,,810,31,,,118,,270,151,,826,,,,41,100,101,767,145,233,442,50,76,353,,,,,,,,,,,,,,,,,,,,,,,,,,,,,,,,,,,,121,,,269,21,,,590,303,347,,255,,,,,,,,,,,,,152,,165,14,,562,,,,,,,,,,,,,,,,384,,,,122,,,,,,,,,,,,,,44,,,,,,,,,,,167,295,246,,202,240,283,,,,,380,206,370,503,322,355,191,136,,,,42,,1195,,,,329,,83,,,,,,,,,,,56,,,,,,,449,,,,121,203,,,149,,,,,,,,,,,,3,,,,,,,,,,,,158,110,18,89,49,,,185,404,208,,27,326,,,143,,,18,88,121,70,72,29,261,150,176,,73,139,823,24,,,12,,150,,787,65,,61,195,0,,,,,,,,,,,,,,,,,,,,,,413,,106,,650,,,269,199,247,362,,,,86,,,,,,14,,,235,9,,88,10,78,263,,345,614,173,71,572,,138,33,39,348,99,54,102,,,94,89,108,155,,24,,,,,90,,,,,,,,,,,,,,,,,,,,,,,,,,,,,,,,,,116,4,45,,42,,,381,35,,,,53,,58,,,219,136,409,160,,,,,,483,469,,,211,,108,128,,,,114
2026-09-18T16:55:01+00:00,,,55,,484,16,,18,161,280,,130,242,210,297,,257,,,,,132,454,339,180,214,,54,,,27,787,,3,,95,,195,,,,,,,,24,,,,,,,370,,78,,,,,,,,11,,,,,27,,,,,,264,,,97,146,,,,,,,,,,519,3,,358,70,204,345,,323,,229,186,220,424,,140,110,227,,49,,,814,22,472,246,115,165,265,147,208,833,,,466,40,,,,,,,,,,,,,,,,,,,,520,,,,,116,181,,,,,,,,,,,,,,,,,,,118,391,538,256,22,,,579,310,349,,257,271,423,,20,137,98,188,75,152,188,281,11,,,162,14,48,576,,,,,,,,,,,,,,,,389,,,,,,,,,,,,,73,,,,,45,,,,,62,,,,,,,292,248,114,204,242,297,,350,22,,392,193,376,516,,353,181,,,209,345,43,,,,,,326,,80,,,,,,,,,,,50,,36,,,,,448,,,,120,197,,,,,,,,,,,,,,,,,,,,,,,,,,,164,111,20,86,,,,,,202,,26,,150,,145,,,,,112,75,73,,,151,179,,74,141,,25,139,,18,197,148,68,789,60,,59,,,,,,,,,,,,,,,,,,,,,,,,419,62,,64,648,,,271,206,245,,,,,87,,,,,,8,,,233,6,212,91,6,75,262,192,344,,170,63,580,92,134,,,,,,,,,,,,,,,,,,,,,,,,,,,,,,,,,,,,,,,,,,,,,,,,,,,,,115,3,41,,46,217,,383,34,115,,50,,,52,,36,212,134,410,161,,,,,,486,460,,,216,,,129,,,-370,
2026-09-18T17:00:01+00:00,137,287,,,486,15,,20,162,282,,125,,219,,,254,,,,,133,,341,162,210,,49,,,28,789,19,5,,93,,197,,,114,150,,99,,25,,,,,,,364,39,66,,,32,,,,,,,,85,,23,4,,106,,,268,,,,137,279,,237,88,183,157,,196,,,,2,355,69,205,335,,,,233,185,217,422,,137,,225,212,,171,172,816,20,,241,,163,270,145,213,835,,,,38,98,106,779,,230,436,51,66,354,,,,,,,,,,,,,,,,,,,,,,,,,,,,,,,,,,,,108,,541,242,,,,560,314,357,,255,,,,,,,,,,,,,154,,,14,46,579,,,,,,,,,,,,,,,,392,,,55,121,,,,,,,,,,,,,,,,,,,,,,,,,165,305,247,115,203,,294,,,27,,394,194,374,526,,350,177,,,,347,45,,1180,,,,324,,,,,,,,,,,,,46,,37,,,,,446,,,,118,189,,,146,,,,,,,,,,,,,,,,,,,,,,,,159,112,,84,54,135,83,182,409,188,36,,325,151,,141,,,,,109,77,77,,262,152,172,,,,822,24,138,35,,196,140,,,49,,50,,2,,,,,,,,,,,,,,,,,,,,,,418,,107,63,643,,291,273,219,241,,,,,89,,,,,,4,,,,,215,94,,79,269,191,341,615,168,67,596,94,137,,,347,,53,98,6,,87,80,104,148,,25,,,,189,78,,,,,,,,,,,,,,,,,,,,,,,,,,,,,,,,,689,,4,25,,42,,53,380,47,120,299,48,51,,47,,,209,,412,160,,,,,,,454,,,221,,109,,,,,113
2026-09-18T17:05:01+00:00,142,,,,491,13,,30,,284,,122,241,217,298,,253,,,,,138,452,342,159,,,48,,,,793,20,0,,89,,201,,,113,,,,,24,,,,,,,358,,,,,,,,,,,,,,,19,3,,,,,,,,96,131,,,,,,,,,,,,,,,,,,,,,,,,,,,,,,,,,,,,,,,,,,,,,,,,,,,,,,,,,,,,74,,,,,518,,,,,122,180,,,,,,,,,,,,,,,,,,,107,395,540,237,23,,,543,320,364,,260,,416,,,,99,184,,149,182,234,5,155,,160,14,50,582,,,,,,,,,,,,,,,,396,,,58,,,,,,,,,,,,,,,,,,,,61,,,,,,,298,250,113,208,241,300,,344,23,7,396,203,375,532,324,347,165,137,,210,353,44,,1177,,,,325,,78,,,,,,,,,,,49,,,,,,,447,,,,,187,,,126,,,,,,,,,,,,4,,,,,,,,,,,,154,111,,82,57,,,178,,187,,27,326,150,,136,,,,,,,0,30,,153,170,188,72,142,823,25,139,37,,,,,,,,,,,,,,,,,,,,,,,,,,,,,,,,426,,104,,646,,,271,229,237,363,,,,90,,,,,,,,,235,,216,95,,74,270,189,340,626,166,62,598,93,143,,,,,,,,,,,,,,,,,,,,,,,,,,,,,,,,,,,,,,,,,,,,,,,,,,,,690,114,,9,,41,215,54,388,54,123,,,50,,46,,38,191,137,413,,,,,,,,457,121,,235,,,130,,,-370,111
2026-09-18T17:10:02+00:00,,286,57,,492,12,,24,157,281,,,,214,296,,,,,,,139,454,343,155,218,,42,,,27,802,,9,,86,,,,,,,,,,25,,,,,,,356,,64,,,31,,,,,,,,,,,0,,,,,270,5,,95,123,272,176,244,73,,153,,,,,,4,356,65,201,337,,,,236,182,216,421,,,,223,214,45,,,817,17,470,235,114,165,268,147,212,,,,,,99,117,784,152,233,438,50,61,,,,,,,,,,,,,,,,,,,,,,,,,,,,,,,,,,,,,108,,,227,25,,,530,327,369,,263,,,,,,,,,,,,,156,,155,14,,589,,,,,,,,,,,,,,,,399,,,54,120,,,,,,,,,72,,,,,46,,,,,63,,,,,,,311,252,,213,,306,,342,,5,405,208,374,538,323,346,149,,,213,,46,,1175,,,,324,,75,,,,,,,,,,,46,,34,2,,,,448,,,,117,185,,,118,,,,,,,,,,,,3,,,,,,,,,,,,157,,21,79,61,,,177,412,188,,26,,151,,133,,,,87,107,76,,,263,157,,191,73,141,824,,137,39,13,197,144,,802,37,,44,197,0,,,,,,,,,,,,,,,,,,,,,,423,61,106,,640,,295,,242,233,,,,,91,,,,,,6,,,232,,217,96,8,75,269,,,634,164,,605,91,,35,42,,101,54,97,5,,84,67,95,139,,26,,252,,190,76,,,,,,,,,,,,,,,,,,,,,,,,,,,,,,,,,,,2,-558,,46,,58,395,59,,302,,,,47,,37,188,140,412,162,,,,,,485,453,122,,234,,113,129,,,7,
2026-09-18T17:15:01+00:00,146,288,,,496,15,,,160,283,,,243,213,295,,257,,,,,142,453,345,162,221,,40,,,28,809,,13,,83,,206,,,114,,,,,,,,,,,,355,,62,,,,,,,,,,,,235,,,10,,,,,6,,,120,,,,,,,,,,,,7,358,63,196,344,,320,,240,177,214,,1,,111,220,210,42,,,,16,,223,115,164,271,146,210,838,,,467,37,,,,,,,,,,,,,,,69,,,,,517,,,,,,,,,,,,,,,,,,,,,,,,,107,396,539,221,26,,,506,335,376,,267,272,409,,,136,101,176,76,144,247,195,10,157,,148,14,55,599,,,,,,,,,,,,,,,,402,,,51,121,,,,,,,,,71,,,,,,,,,,64,,,,,,,327,,109,214,243,318,,345,24,3,,211,378,542,,343,140,,,,356,45,,,,,,323,,70,,,,,,,,,,,51,,38,3,,,,447,,,,113,186,,,107,,,,,,,,,,,,2,,,,,,,,,,,,,,23,78,,,,178,413,191,,,325,149,14,131,,,,86,106,77,,,,158,168,,75,,,,136,41,,,,,,,,,,,,,,,,,,,,,,,,,,,,,,,,427,60,108,61,637,,298,270,246,228,,,,,89,,,,,,,,,231,,221,98,,67,270,,339,635,,59,607,89,145,34,46,349,102,,94,6,,,66,87,126,,25,,261,,191,67,,,,,,,,,,,,,,,,,,,,,,,,,,,,,,,,,689,115,3,,,48,216,,396,62,120,303,,,,46,,38,185,141,,165,,,,,,487,448,123,,241,,115,,,,16,109
2026-09-18T17:20:02+00:00,147,289,,,498,,,28,162,282,,120,244,212,298,,256,,,,,,455,348,156,,,39,,,27,812,,14,,85,,209,,,115,,,,,,,,,,,,,,59,,,32,,,,,,,7,,,18,,,,,,267,,,,108,269,182,252,53,182,151,,,,,,,,,,,,,,,,,,,,,,,,,,,,,,,,,,,,,,,,100,128,799,154,235,432,52,63,356,,,,,,,,,,,,,,,,,,,,,,,,,,,,,,,,,,,,99,395,540,214,29,,,491,341,382,,274,,,,,,,,,,,,,158,,144,14,60,602,,,,,,,,,,,,,,,,405,,,,,,,,,,,,,70,,,,,47,,,,,,,,,,,160,326,,,217,244,325,,344,21,2,416,220,379,554,,341,136,138,,218,352,44,,1171,,,,319,,63,,,,,,,,,,,,,40,,,,,,,,,118,181,,,97,,,,,,,,,,,,5,,,,,,,,,,,,152,,22,,59,,84,183,421,192,,,,148,,126,,,,,104,86,,29,264,161,,190,77,142,,26,140,,,198,114,69,812,29,,10,,1,,,,,,,,,,,,,,,,,,,,,,429,62,105,,624,,300,277,268,223,364,,,,92,,,,,,2,,,232,,227,100,,66,,186,338,642,166,65,616,88,146,,,,,,,,,,,,,,,,,,,,,,,,,,,,,,,,,,,,,,,,,,,,,,,,,,,,686,,,,,52,213,,400,68,117,,47,52,,48,,41,169,143,414,161,,,,,,488,443,,,242,,,131,,,29,110
2026-09-18T17:25:01+00:00,149,,,,504,14,,35,163,283,,122,245,210,301,,249,,,,,143,454,351,154,227,,37,,,26,820,,18,,,,217,,,117,,,,,,,,,,,,,,56,,,31,,,,,,,8,,,20,1,,105,,,,,,98,106,264,183,257,44,181,153,,,,,,,355,58,187,,,319,218,243,188,,419,,138,,221,203,33,,171,816,11,475,201,,165,276,145,207,853,,,,29,,,,,,,,,,,,,,,65,,,,,519,,,,,126,182,,,,,,,,,,,,,,,,,,,97,,539,204,,,,471,348,394,,281,,407,,,,,175,,,241,163,9,159,,140,14,61,600,,,,,,,,,,,,,,,,411,,,54,120,,,,,,,,,66,,,,,,,,,,67,,,,,,155,,256,113,220,,328,,345,25,,414,226,378,561,,342,131,139,,,357,46,,1170,,,,,,,,,,,,,,,,,,,,,,,,,,,,,,,,,,,,,,,,,,,,,,,,,,,,,,,,144,,,77,63,,,182,429,196,,27,323,145,15,121,,,,,103,91,,,260,163,164,,79,,,,138,,,196,112,,824,25,,6,,0,,,,,,,,,,,,,,,,,,,,,,,,,,,,,,,,,,,,,,,,,,,,,,,,,,,,,,648,,64,610,,,33,48,350,,57,97,8,23,96,72,82,114,,,,269,,190,,,,,,,,,,,,,,,,,,,,,,,,,,,,,,,,,,687,117,10,,,56,212,57,,75,114,301,45,48,,46,,42,160,147,,,,,,,,,442,,,241,,118,132,,,31,108
2026-09-18T17:30:01+00:00,150,,,,509,,,41,165,284,,119,,212,,,,,,,,,,,,,,,,,,,,,,,,,,,,,,,,,,,,,,,,,,,,,,,,,,,,,,,,,,,,,,,,,,,,,,,,,,,,,,,,,,,,,,,,,,,,,,,,,,,,,,,,,,,,,,,,,,,,,,,,,,,,,,,,,,,,,,,,,,,,,,,,,,,,,,,,,,,,,,,,,,,,,,,,,,,,,,,,,,,,,,,,,,,,,,,,,,,,,,,,,,,,,,,,,,,,,,,,,,,,,,,,,,,,,,,,,,,,,,,,233,382,,324,341,117,138,,220,355,45,,1172,,,,,,,,,,,,,,,,,,,,,,,,,,,,,,,,,,,,,,,,,,,,,,,,,,,,,,,,,,,,,,,,,,,,,,,,,,,,,,,,,,,,,,,,,,,,,,,,,,,,,,,,,,,,,,,,,,,,,,,,,437,61,,,,,302,275,283,222,363,,,,,,,,,,,,,233,,231,105,14,63,268,,,,,,,,,,,,,,,,,,,,,,,,,,,,,,,,,,,,,,,,,,,,,,,,,,,,,,,,,,,,,,,,,,,,,,,,,,,,,,,,,,,,,,,,,,,,,,,,,,
2026-09-18T17:30:02+00:00,,,,,,,,,,,,,,,308,,250,,,,,145,452,350,151,232,,,,,25,825,19,,,87,,220,,,,149,,97,,,,,,,,,353,,55,,,,11,,,,,,9,86,,,,,,,,,,,,104,,,,,,,,,,,,,,,,,,,,,,,,,,,,,,,,,,,,,,,,,,,,,,,,,,,,,,,,,,,,,,,,,,,,,,,,,,,,,,,,,,,,,,,,,,93,396,541,197,30,,,445,355,401,,287,,,,,,,,,,,,,,,143,15,65,606,,,,,,,,,,,,,,,,414,,,,117,,,,,,,,,,,,,,50,,,,,,,,,,,154,323,257,,222,243,331,,340,29,1,,,,,,,,,,,,,,,,,,317,,59,,,,,,,,,,,,,,,,,,446,,,,119,172,,,100,,,,,,,,,,,,,,,,,,,,,,,,139,,,,,,,183,432,198,,,322,146,,120,,,,,101,93,,26,257,162,160,,82,,,29,,43,17,197,,,831,19,,2,,,,,,,,,,,,,,,,,,,,,,,,,,,,,,,,,,,,,,,,,,,,,,,,,,,,,,,340,662,165,,626,87,147,,47,348,,53,104,9,18,98,78,,108,,,,270,,189,63,,,,,,,,,,,,,,,,,,,,,,,,,,,,,,,,,689,118,9,,,53,,60,401,86,112,,46,47,,45,,43,154,149,,,,,,,,491,441,,,,,,131,,,40,106
2026-09-18T17:35:01+00:00,,293,,,510,15,,43,,283,,125,,215,309,,254,,,,,147,454,,152,242,,36,,,26,834,,,,88,,,,,118,,,95,,,,,,,,,350,,54,,,,,,,,10,,6,87,234,19,2,,,,,268,,,,,262,189,263,,175,151,,198,,521,1,,357,54,180,355,,320,,252,192,210,418,1,140,110,222,217,57,170,173,819,6,,173,,168,280,146,201,864,,,,30,101,155,812,159,,439,54,58,359,,,,,,59,,,,,,,,,,128,,,,,,,,,,,,,,,,,,,,92,397,,192,35,,,424,361,400,,296,,397,,,137,105,171,,140,243,138,13,158,,133,15,69,605,,,,,,,,,,,,,,,,411,,,53,,,,,,,,,,65,,,,,,,,,,69,,,,,,144,319,256,111,224,244,335,,341,26,,415,,383,570,325,339,109,,,221,354,,,,,,,316,,56,,,,,,,,,,,53,,42,5,,,,448,,,,118,165,,,99,,,,,,,,,,,,4,,,,,,,,,,,,129,,,78,64,,,184,438,199,,28,323,,,,,,,,,98,,,254,163,,,81,143,823,30,139,45,21,198,103,,835,11,,,,,,,,,,,,,,,,,,,,,,,,,,439,,107,62,,,303,276,299,221,364,,,,,,,,,,4,,,,,239,108,,56,271,187,341,672,168,65,633,88,145,,,,,,,,,,,,,,,,,,,,,,,,,,,,,,,,,,,,,,,,,,,,,,,,,,,,,121,4,,,51,,61,407,98,116,303,45,44,,44,,44,147,151,415,158,,,,,,493,440,,,,,119,,,,52,
2026-09-18T17:40:01+00:00,153,294,56,,511,13,,51,160,282,,121,,223,313,,252,,,,,148,455,,151,252,,35,,,31,840,18,,,90,,228,,,120,,,93,,23,,,,,,,,,53,,,34,10,,,,,,7,,,,3,,,,,271,5,,97,105,,,,,,,,,,,,,355,55,178,360,1,319,,,194,208,,6,,,223,214,63,,,820,3,487,164,,165,,,199,868,,,,,,,,,,,,,,,,,,,,,,,,,,,,,,,,,,,,,,,,,,,,,,,,,82,398,542,188,36,,,412,368,404,,301,,,,,,,,,,,,,155,,126,15,68,601,,,,,,,,,,,,,,,,414,,,52,116,,,,,,,,,67,,,,,,,,,,,,,,,,139,321,,107,226,245,337,,340,24,3,,231,385,577,326,,95,136,,,353,51,,1173,,,,312,,48,,,,,,,,,,,56,,41,,,,,447,,,,115,153,,,97,,,,,,,,,,,,,,,,,,,,,,,,125,,,,62,136,,185,440,202,,,324,147,,118,,,,,,103,,27,253,162,161,,83,142,821,,,44,25,197,110,,846,7,,0,,4,,,,,,,,,,,,,,,,,,,,,,447,,,64,625,,,269,333,,366,,,,93,,,,,,,,,235,,238,113,30,42,268,189,343,679,171,61,640,,141,31,48,344,103,52,106,,16,95,84,76,100,,,,280,,187,57,,,,,,,,,,,,,,,,,,,,,,,,,,,,,,,,,690,,2,,,53,218,62,413,105,124,,,,,43,,,145,154,,155,,,,,,,436,,,247,,121,132,,,55,103
2026-09-18T17:45:01+00:00,157,293,,,517,11,,54,164,280,,122,,,318,,248,,,,,151,454,355,152,259,,36,,,,846,,19,,,,230,,,,,,,,25,,,,,,,349,,54,,,,11,,,,11,,10,88,233,21,6,,,,,,6,,,104,,,,,,,,,,,,,,,,,,,,,,,,,,,,,,,,,,,,,,,,,,,,,,,,,,,,,,,,,,,,,,,,,,,,,,,,,,,,,,,,,,,,,,,,,,75,400,540,183,33,,,396,373,420,,306,273,396,,,,,166,77,135,234,133,12,158,,,14,71,603,,,,,,,,,,,,,,,,,,,54,,,,,,,,,,,,,,,,,,,,,,,,,,134,326,253,108,227,247,340,,337,,2,417,240,,579,,335,77,,,223,356,54,,1174,,,,,,,,,,,,,,,,,,,,,,,,,,,,,,,,,,,,,,,,,,,,,,,,,,,,,,,,128,,21,77,66,137,83,186,442,205,,31,325,146,,,,,,85,,105,,29,254,,155,,,,818,33,,45,26,198,109,,855,5,,,,0,,,,,,,,,,,,,,,,,,,,,,,,,,,,,,,,,,,,,,,,,,,,,,,,,,,,,341,687,172,,644,,144,,49,341,104,56,107,11,19,89,81,75,94,,,,286,,,55,,,,,,,,,,,,,,,,,,,,,,,,,,,,,,,,,689,,52,,,56,220,63,411,117,132,308,,43,,41,,47,136,,416,153,,,,,,494,432,,,264,,123,,,,65,99
2026-09-18T17:50:01+00:00,,,,,518,13,,58,171,281,,117,,,322,,244,,,,,,452,356,154,273,,35,,,32,856,,23,,,,233,,,115,147,,,,,,,,,,,348,,,,,,,,,,12,,,,234,19,5,,106,,,273,,,100,105,263,,262,46,172,156,,,,,,,349,51,182,355,,,,,205,,420,,139,,224,217,53,,172,824,,,127,117,160,279,147,205,875,,,,26,102,163,816,161,233,438,55,,360,,,,,,72,,,,,520,,,,,134,180,,,,,,,,,,,,,,,,,,,73,397,,178,38,,,389,377,426,,315,,,,,,,,,,,,,160,,128,14,76,613,,,,,,,,,,,,,,,,420,,,55,,,,,,,,,,,,,,,51,,,,,,,,,,,132,,,110,226,,341,,336,25,,420,235,388,584,327,336,66,,,224,354,55,,,,,,318,,37,,,,,,,,,,,60,,,6,,,,446,,,,124,147,,,98,,,,,,,,,,,,8,,,,,,,,,,,,136,,,,68,143,,184,446,211,,,326,148,,115,,,17,,100,106,,,253,,,,84,,816,,,,,,,,,,,,,,,,,,,,,,,,,,,,,,,,,,,450,60,,65,621,,301,268,347,219,367,,,,92,,,,,,4,,,236,,240,117,15,45,267,190,,693,171,58,656,,146,,,,,,,,,,,,,,,,,,,,,,,,,,,,,,,,,,,,,,,,,,,,,,,,,,,,688,120,47,,36,57,226,65,413,125,142,,43,44,,43,,50,133,155,,154,,,,,,,435,124,,282,,125,131,,,74,100
2026-09-18T17:55:01+00:00,159,291,55,,521,17,,61,172,283,,113,,226,329,,239,,,,,154,453,359,157,280,,37,,,33,864,,30,2,,,235,,,116,148,,94,,24,,,,,,,346,,,,,35,10,,,,,,8,,,17,,11,,,,274,,,101,107,,,,,,,,,,,1,1,344,48,178,,,,,,209,211,,8,140,109,222,224,61,,170,822,,515,178,,,281,142,,873,,,468,,,,,,,,,,,,,,,,,,,,,,,,,,,,,,,,,,,,,,,,,,,,,,77,403,,180,,,,367,381,429,,322,,395,,2,,106,167,76,131,226,113,11,163,,132,14,79,623,,,,,,,,,,,,,,,,428,,,52,,,,,,,,,,69,,,,,,,,,,,,,,,,129,332,251,,230,246,346,,335,22,,,240,390,593,,333,63,134,,,356,58,,1176,,,,317,,34,,,,,,,,,,,59,,43,,,,,445,,,,,138,,,97,,,,,,,,,,,,,,,,,,,,,,,,157,,22,76,65,145,,,449,212,,,324,147,16,112,,,,,,110,,,252,165,153,,83,,,35,,,29,197,107,,862,9,,,,2,,,,,,,,,,,,,,,,,,,,,,462,,111,,631,,303,270,376,,,,,,93,,,,,,5,,,244,,243,124,19,,274,192,340,699,,,661,86,151,,57,343,105,59,111,,16,91,74,84,90,,26,,297,,186,48,,,,,,,,,,,,,,,,,,,,,,,,,,,,,,,,,,121,50,,35,,229,,418,131,143,310,42,43,,44,,52,130,157,415,155,,,,,,495,,,,292,,130,,,,88,99
2026-09-18T18:00:02+00:00,161,293,,,528,,,68,179,280,,110,,229,,,237,,,,,158,454,360,163,288,,38,,,,873,19,34,3,92,,236,,,115,,,93,,25,,,,,,,347,,,,,36,,,,,,,10,,233,18,4,,,,,275,,,,109,266,194,264,53,173,159,,,,,,,,,,,,,,,,,,,,,,,,,,,,,,,,,,,,,,,,,170,818,,230,446,,53,358,,,,,,92,,,,,519,,,,,138,177,,,,,,,,,,,,,,,,,,,76,402,539,174,41,,,355,380,435,,324,,,,,,,,,,,,,166,,129,15,83,639,,,,,,,,,,,,,,,,439,,,53,115,,,,,,,,,66,,,,,52,,,,,70,,,,,,125,333,252,111,,,349,,332,23,,424,244,,597,,334,61,,,,359,,,1178,,,,320,,31,,,,,,,,,,,58,,,,,,,,,,,130,131,,,98,,,,,,,,,,,,7,,,,,,,,,,,,154,110,23,,64,,82,185,450,213,,,325,145,19,111,,,,,102,114,,27,,166,146,188,82,141,813,37,,,33,196,108,,888,4,,,,1,,,,,,,,,,,,,,,,,,,,,,,,,,,,,,,,,,,,,,,,,,,,,,,,,,,,,337,702,,56,,,,,,,,,,,,,,,,,,,,,,,,,,,,,,,,,,,,,,,,,,,,,,,,,,,,,,,687,122,44,,,60,233,,426,142,149,313,44,,,47,,,127,,413,154,,,,,,497,439,,,306,,132,130,,,95,98
2026-09-18T18:05:02+00:00,163,297,,,530,19,,76,186,278,,109,,230,330,,235,,,,,159,,363,166,303,,,,,36,883,,41,6,,,,,,114,149,,94,,24,,,,,,,,,56,,,,,,,,13,,,,,21,,,104,,,280,4,,103,110,,,,,,,,,,520,,5,351,,177,359,,318,217,,,210,422,17,142,108,221,226,67,169,,,,,171,118,159,287,144,209,875,,,469,25,103,181,822,166,,450,56,58,,,,,,,98,,,,,520,,,,,140,179,,,,,,,,,,,,,,,,,,,71,,540,175,44,,,338,384,449,,332,,393,,,135,107,165,74,134,223,95,18,169,,128,15,84,656,,,,,,,,,,,,,,,,441,,,54,113,,,,,,,,,,,,,,53,,,,,,,,,,,123,334,250,,232,,356,,333,25,,423,248,391,600,,333,52,,,,362,59,,1182,,,,322,,27,,,,,,,,,,,67,,45,5,,,,444,,,,128,122,,,,,,,,,,,,,,,11,,,,,,,,,,,,155,,,,65,,,184,449,212,,,322,146,,,,,,,104,118,,,,168,149,,83,,812,36,,,,,97,,907,8,,,196,0,,,,,,,,,,,,,,,,,,,,,,472,61,113,67,628,,300,277,409,220,,,,,95,,,,,,6,,,246,,254,132,22,54,283,196,335,707,173,,666,85,149,,62,348,106,57,116,9,19,99,80,81,87,,22,,303,,189,47,,,,,,,,,,,,,,,,,,,,,,,,,,,,,,,,,686,124,43,,,65,238,66,432,151,153,316,,41,,43,,54,133,160,411,155,,,,,,500,441,,,324,,135,131,,,127,
2026-09-18T18:10:02+00:00,168,295,,116,532,,,84,191,277,,112,,233,332,,227,,,,,161,452,366,169,307,,39,,,37,896,,42,9,91,,,,,,,,,,,,,,,,,,,59,,,,9,,,,,,11,,,,3,,,,,281,,,,109,271,201,266,54,174,168,,,,,2,10,357,47,,368,3,320,,254,224,209,,21,140,,219,233,71,,,823,2,533,172,,156,261,145,212,876,,,,,,,,,,,,,,,,,,,,,,,,,,,,,,,,,,,,,,,,,,,,,,,,,73,404,541,176,43,,,326,,469,,337,,,,,,,,,,,,,175,,,16,,675,,,,,,,,,,,,,,,,447,,,52,115,,,,,,,,,69,,,,,58,,,,,,,,,,,124,332,249,113,,,359,,332,,,426,,,602,,335,41,133,,,360,62,,1183,,,,321,,25,,,,,,,,,,,65,,44,7,,,,443,,,,129,116,,,99,,,,,,,,,,,,9,,,,,,,,,,,,145,,22,77,67,,,,451,214,,30,321,,,110,,,,86,,123,,,,169,150,,,,813,,140,46,30,,103,,914,13,,,,,,,,,,,,,,,,,,,,,,,,,,478,,,66,633,,302,274,425,,,,,,96,,,,,,8,,,242,,259,133,19,61,285,198,332,710,177,58,673,84,152,,61,349,105,56,121,7,22,106,93,85,81,,,,311,,190,60,,,,,,,,,,,,,,,,,,,,,,,,,,,,,,,,,684,,44,,,72,243,68,433,159,168,318,,40,,40,,55,134,158,412,153,,,,,,503,,,,339,,138,,,,137,
2026-09-18T18:15:02+00:00,172,297,,,534,21,,,193,278,,105,,241,335,,219,,,,,163,455,365,173,315,,37,,,,902,,43,11,,,,,,,148,,,,23,,,,,,,,,,,,,,,,,14,,13,,234,,6,9,,,,288,,,,,,,,,,,,,,,,15,,48,176,376,1,,,259,226,210,,22,,,223,238,69,,171,822,,,,,158,,,211,879,,,,23,,196,841,172,236,,,64,360,,,,,,108,,,,,521,,,,,142,185,,,,,,,,,,,,,,,,,,,69,401,,174,45,,,312,386,485,,339,274,391,,4,140,127,162,77,132,219,86,13,177,,122,16,87,682,,,,,,,,,,,,,,,,454,,,,116,,,,,,,,,70,,,,,59,,,,,,,,,,,125,337,,,,247,365,,333,26,,425,246,395,603,326,336,40,,,225,361,63,,,,,,322,,19,,,,,,,,,,,72,,43,5,,,,442,,,,132,113,,,,,,,,,,,,,,,,,,,,,,,,,,,146,,,,66,147,81,,452,218,,,,145,20,113,,,,,102,121,,,253,168,148,190,85,,815,,,45,,,,,,,,,,,,,,,,,,,,,,,,,,,,,,,,,,,,,,,,,,,,,,,,,,,,,,,,,,,,,,,331,716,178,60,679,,155,,,,,,,,,,,,,,,,,,,,,,,,,,,,,,,,,,,,,,,,,,,,,,,,,,,,682,123,46,,,73,247,70,438,172,177,,47,44,,,,56,139,159,,151,,,,,,505,442,,,353,,141,130,,,143,96
2026-09-18T18:20:01+00:00,173,298,54,117,533,24,,91,,,,107,,243,342,,215,,,,,165,,,178,320,,38,,,41,910,,,12,,,,,,,,,93,,,,,,,,,348,,,,,,,,,,15,,12,,,22,,,,,,291,,,104,,265,207,268,,,172,,,,,,16,356,49,,379,,321,,,227,209,,28,139,109,222,240,77,,172,823,1,557,,,161,265,147,212,880,,,470,,,,,,,,,,,,,,,,,,,,,,,,,,,,,,,,,,,,,,,,,,,,,,67,408,,178,48,,,300,389,489,,340,,,,,,,,,,,,,175,,120,16,88,686,,,,,,,,,,,,,,,,462,,,51,113,,,,,,,,,,,,,,,,,,,71,,,,,,127,340,247,114,234,248,364,,336,,,423,247,394,605,327,335,38,134,,227,,61,,1184,,,,321,,18,,,,,,,,,,,77,,,4,,,,443,,,,135,111,,,100,,,,,,,,,,,,8,,,,,,,,,,,,143,,,80,65,,,183,453,222,,,323,146,,115,,,,,,122,,,252,169,154,193,,142,814,,139,,31,198,107,,934,12,,,,7,,,,,,,,,,,,,,,,,,,,,,493,62,117,,638,,305,273,440,218,365,,,,,,,,,,12,,,243,8,265,137,27,63,287,199,330,,179,63,692,85,156,34,58,350,,60,123,8,20,,106,86,75,,,,315,,191,58,,,,,,,,,,,,,,,,,,,,,,,,,,,,,,,,,,124,44,,,76,250,69,442,178,184,323,,48,,44,,60,138,156,410,153,,,,,,509,445,,,366,,143,132,,,153,95
2026-09-18T18:25:01+00:00,175,299,,,,,,95,,280,,104,,246,348,,208,,,,,166,,368,192,322,,39,,,40,917,,47,11,92,,,,,,147,,,,24,,,,,,,347,40,60,,,,,,,,17,,17,,,,8,,,,,294,,,,,,,,,,,,,,,,,,,,,,,,,,,,,,,,,,,,,,,,,,,,,,,,,,106,203,849,177,237,460,,65,364,,,,,,115,,,,,,,,,,,188,,,,,,,,,,,,,,,,,,,65,411,,185,,,,295,,493,,338,276,388,,2,142,137,160,,135,214,73,16,174,,117,16,92,688,,,,,,,,,,,,,,,,464,,,54,112,,,,,,,,,71,,,,,,,,,,,,,,,,,337,248,,236,,368,,342,30,,425,250,397,608,,336,33,,,,360,62,,1183,,,,,,,,,,,,,,,,,,,,,,,,,,,,,,,,,,,,,,,,,,,,,,,,,,,,,,,,142,,24,81,70,,,182,456,226,,,,,,,,,,,104,127,,,256,,153,,87,,,,,46,28,,108,,943,16,,,,,,,,,,,,,,,,,,,,,,,,,,498,,120,,640,,308,272,444,217,366,,,,,,,,,,,,,,9,268,,29,64,292,200,326,718,181,62,696,,155,,,,,,,,,,,,,,,,,,,,,,,,,,,,,,,,,,,,,,,,,,,,,,,,,,,,683,,42,,,70,252,,444,188,188,,48,50,,46,,63,,155,409,152,,,,,,511,449,,,375,,146,133,,,165,96
2026-09-18T18:30:01+00:00,178,,,,538,28,,101,194,281,,107,,250,349,,206,,,,,167,,369,195,326,,38,,,42,921,,52,,94,,,,,115,,,,,,,,,,,,,,,,,,,,,,,,19,,233,23,,10,,,,293,,,105,111,257,,269,,175,171,,,,,,18,358,,,382,,,,,233,208,,27,,,,241,,,,,,,,,160,267,148,,882,,,,,,,,,,,,,,,,,,,,,,,,,,,,,,,,,,,,,,,,,,,,,,,,,69,412,,184,50,,,285,391,495,,341,,,,,,,,,,,,,176,,120,16,90,689,,,,,,,,,,,,,,,,468,,,55,111,,,,,,,,,,,,,,60,,,,,,,,,,,124,340,249,,,,370,,343,28,,424,249,400,611,,334,25,,,,361,63,,1184,,,,326,,15,,,,,,,,,,,86,1,,,,,,,,,,144,106,,,99,,,,,,,,,,,,7,,,,,,,,,,,,146,,25,82,71,148,82,181,459,,,31,320,148,,114,,,,,105,131,,,261,171,154,194,88,143,817,,,47,,,,,,,,,,,,,,,,,,,,,,,,,,,,,,,,499,,123,,636,,,275,448,,367,,,,97,,,,,,11,,,,,270,140,33,,295,,327,,,61,703,,,,64,,107,62,129,,22,115,121,85,78,,21,,322,,190,66,,,,,,,,,,,,,,,,,,,,,,,,,,,,,,,,,685,126,44,,37,72,256,70,445,191,190,332,99,53,,49,,,135,,,151,,,,,,512,452,,,378,,149,132,,,,98
2026-09-18T18:35:01+00:00,181,296,55,,542,30,,,198,284,,105,244,253,352,,204,,,,,,456,375,200,330,,39,,,43,924,,55,14,95,,,,,116,148,,,,,,,,,,,346,,61,,,35,11,4,,,,,24,,,,10,,,,,294,,,,110,,,,,,,,,,,,,,,,,,,,,,,,,,,,,,,,,,,,,,,,,,,,,,105,208,860,181,,461,,66,373,,,,,,,,,,,519,,,,,146,187,,,,,,,,,,,,,,,,,,,,416,540,183,54,,,273,387,496,,343,281,389,,,,138,163,,,215,79,14,175,,,16,92,700,,,,,,,,,,,,,,,,474,,,56,110,,,,,,,,,74,,,,,,,,,,,,,,,,123,348,251,,238,,373,,342,,4,423,,,613,,333,17,,,228,363,65,,1183,,,,,,16,,,,,,,,,,,89,5,45,,,,,442,,,,148,103,,,100,,,,,,,,,,,,5,,,,,,,,,,,,142,109,24,84,74,149,81,,460,235,,,,149,,112,,,,,114,136,,,267,,155,,89,,818,,,48,29,,113,,951,19,,7,,13,,,,,,,,,,,,,,,,,,,,,,506,,,,,,309,274,451,223,368,,,,,,,,,,12,,,247,11,,,38,71,,201,321,,177,59,701,86,159,33,65,351,109,64,127,10,20,120,125,88,,,23,,326,,,62,,,,,,,,,,,,,,,,,,,,,,,,,,,,,,,,,686,,,,35,74,258,,446,194,193,,100,,,50,,65,,156,411,149,,100,69,,,,454,125,,385,,150,131,,,169,97
2026-09-18T18:40:01+00:00,183,299,,,,,,107,203,286,,100,245,258,359,,207,,,,,,,376,208,334,,,,,41,925,,54,17,98,,,,,120,147,,92,,,,,,,,,344,,,,,,,,,,,,,,,,9,9,,,,296,5,,,111,251,205,270,55,174,177,,,,,5,23,362,,,386,2,320,,,237,206,,25,138,110,217,240,82,,173,824,2,587,174,,162,,150,213,881,,,,24,,,863,,239,460,,71,,,,,,,120,,,,,,,,,,149,186,,,,,,,,,,,,,,,,,,,73,418,,,55,,,266,389,497,,,,,,,,,,,,,,,,,,,,,,,,,,,,,,,,,,,,,,,,,,,,,,,,,,,,,,,,,,,,,,,,,,,,,,,,,,,,422,250,,616,,334,11,135,,,366,62,,,,,,,,,,,,,,,,,,,,,,,,,,,,,,,,,,,,,,,,,,,,,,,,,,,,,,,,,,,,,,,,,,,,,,,,,,,,,,,,,,,,,,,,,,,,,,,,,,,,,,,,,,,,,,,,,,,,,,,,,,,523,61,126,,645,,312,281,463,228,,,,,100,,,,,,18,,,249,16,274,,37,79,,,,,,,,,,,,,,,,,,,,,,,,,,,,,,,,,,,,,,,,,,,,,,,,,,,,,,,,,,,,,685,128,47,,,80,259,,450,195,200,334,,52,,55,,66,140,154,417,153,,,,,,,455,,,,,,130,,,177,
2026-09-18T18:40:02+00:00,,,,,,,,,,,,,,,,,,,,,,,,,,,,,,,,,,,,,,,,,,,,,,,,,,,,,,,,,,,,,,,,,,,,,,,,,,,,,,,,,,,,,,,,,,,,,,,,,,,,,,,,,,,,,,,,,,,,,,,,,,,,,,,,,,,,,,,,,,,,,,,,,,,,,,,,,,,,,,,,,,,,,,,,,,,,,,,,,,,,,,,,,,,,,,,,178,,119,16,94,699,,,,,,,,,,,,,,,,478,,,55,,,,,,,,,,,,,,,,,,,,72,,,,,,,353,253,,,,375,,346,29,5,,,,,,,,,,,,,,,,,,329,,17,,,,,,,,,,,93,6,48,,,,,,,,,153,109,,,106,,,,,,,,,,,,,,,,,,,,,,,,140,,25,,,147,,,,234,,,,151,,111,,,,,127,,,,269,,,197,90,,821,,,,,,112,,953,20,,9,,14,,,,,,,,,,,,,,,,,,,,,,,,,,,,,,,,,,,,,,,,,,,,,,,,,,,,,316,717,176,57,698,85,160,,,,,,,,,,,,,,,,,,,,,,,,,,,,,,,,,,,,,,,,,,,,,,,,,,,,,,,,,,,,,,,,,,,,,,,,,,,,,,,,,,,,,,,,,,
2026-09-18T18:45:02+00:00,186,298,,,543,32,,110,208,285,,97,,,360,,206,,,,,,457,377,211,336,,,,,,928,,57,18,,,,,,121,,,,,,,,,,,,343,39,62,,,,,7,,,16,,28,,232,22,8,,,,,299,,,,,,,,,,,,,,,9,28,352,53,178,390,,,,,249,,423,27,139,,221,250,92,168,172,,,,173,,165,270,,,,,,,22,,,,,,,,,,,,,,,,,,,,,,,,,,,,,,,,,,,,,,,,,,,,,74,417,,181,56,,,262,388,506,,,284,387,,3,143,137,,75,136,213,68,9,180,,123,16,93,698,,,,,,,,,,,,,,,,479,,,,,,,,,,,,,73,,,,,,,,,,,,,,,,124,355,254,,240,249,376,,348,32,,423,,404,618,,,,,,229,369,64,,,,,,,,18,,,,,,,,,,,96,,47,6,,,,443,,,,159,110,,,113,,,,,,,,,,,,,,,,,,,,,,,,143,108,26,85,75,,82,,464,233,,,,,,113,,,,,129,140,,,275,172,158,199,88,,824,,,,28,,113,,954,21,,,197,,,,,,,,,,,,,,,,,,,,,,,,,,,,,,,,,,,,,,,,,,,,,,,,,,,,,,308,720,178,53,700,,,34,69,350,,69,130,,18,121,141,75,80,,22,,332,,,65,,,,,,,,,,,,,,,,,,,,,,,,,,,,,,,,,686,,49,,36,85,,72,452,199,202,,,53,,,,,143,155,419,155,,,,,,511,458,,,391,,151,132,,,180,98
2026-09-18T18:50:02+00:00,187,,,,546,35,,118,,284,,98,,262,367,,205,,,,,,,378,218,343,,42,,,,929,,60,19,96,,,,,,,,,,,,,,,,,344,40,,,,,,11,,,,,30,,231,25,9,10,105,,,298,,,104,113,248,206,,59,176,179,,,,,,,,,,,,,,,,,,,,,,,,,,,,,,,,,,,,,,,,,210,866,182,242,,,74,375,,,,,,119,,,,,518,,,,,148,190,,,,,,,,,,,,,,,,,,,67,424,,184,64,,,,,508,,344,,,,,,,,,,,,,182,,124,16,,700,,,,,,,,,,,,,,,,486,,,53,108,,,,,,,,,78,,,,,,,,,,,,,,,,125,356,257,,241,,375,,350,,,425,249,,620,326,331,,,,,366,62,,1184,,,,326,,21,,,,,,,,,,,97,8,52,7,,,,444,,,,161,113,,,115,,,,,,,,,,,,6,,,,,,,,,,,,147,,25,86,,,83,182,466,232,,32,321,150,,,,,,,130,139,,,,,161,,89,144,828,,,47,26,199,119,,955,20,,14,196,,,,,,,,,,,,,,,,,,,,,,,529,62,,,641,,310,285,472,230,,,,,103,,,,,,17,,,253,,277,,40,82,,202,306,726,181,55,705,86,159,,73,351,,74,133,,,129,142,81,76,,24,,331,,,67,,,,,,,,,,,,,,,,,,,,,,,,,,,,,,,,,,127,,,35,98,260,71,454,201,207,333,99,55,,56,,67,139,154,,156,,,,,,513,461,126,,392,,,133,,,186,99
2026-09-18T18:55:01+00:00,188,299,,,548,34,,119,,286,,99,246,266,373,,206,,,,,,459,382,222,346,,,,,,931,,62,21,97,,,,,120,,,91,,,,,,,,,,,,,,34,,12,,,,,32,,233,,11,9,,,,,,,,114,,,,,,,,,,,8,31,353,54,,399,2,,216,,254,,424,30,,,,248,88,,173,,1,600,,,,271,152,210,882,,,,23,,,,,,,,,,,,,,,,,,,,,,,,,,,,,,,,,,,,,,,,,,,,,66,422,,186,65,,,252,,511,,345,285,389,,1,,146,,,133,,74,18,185,,123,16,97,703,,,,,,,,,,,,,,,,488,,,,109,,,,,,,,,,,,,,,,,,,,,,,,,126,360,,116,,,,,,31,4,428,250,403,621,328,,,,,230,364,63,,,,,,327,,22,,,,,,,,,,,,10,50,8,,,,445,,,,163,114,,,123,,,,,,,,,,,,4,,,,,,,,,,,,141,107,23,,77,,,183,464,229,,33,,,,116,,,,,,145,,,276,,166,200,86,,836,,,48,28,200,116,,956,23,,17,,8,,,,,,,,,,,,,,,,,,,,,,535,60,,,642,,311,,476,233,,,,,105,,,,,,20,,,,15,281,,41,84,,,,728,183,57,704,89,160,,,,,,,,,,,,,,,,,,,,,,,,,,,,,,,,,,,,,,,,,,,,,,,,,,,,,130,44,,,103,262,,453,204,208,,100,57,,59,,68,,156,421,157,,,,,,515,463,,,399,,,,,,194,100
2026-09-18T19:00:01+00:00,189,,56,,553,33,,127,214,287,,104,,267,375,,,,,,,,,383,229,345,,,,,,932,,,25,99,,,,,123,,,,,25,,,,,,,342,,,,,,,19,,,,,34,,,27,,10,,,,301,,,,113,243,212,,71,175,180,,,,,,,,,,,,,,,,,,,,,,,,,,,,,,,,,,,,,,,,,211,872,,246,458,,,377,,,,,,125,,,,,,,,,,,196,,,,,,,,,,,,,,,,,,,61,426,,183,68,,,249,392,515,,340,,,,,,,,,,,,,,,122,16,100,704,,,,,,,,,,,,,,,,489,,,54,110,,,,,,,,,,,,,,,,,,,,,,,,,,361,,,,250,,,352,33,,427,249,404,624,329,330,,,,231,362,62,,,,,,329,,23,,,,,,,,,,,95,9,49,,,,,,,,,,117,,,127,,,,,,,,,,,,3,,,,,,,,,,,,139,,24,88,78,,84,181,463,232,,32,327,151,,119,,,,,133,149,,,279,,170,,83,143,844,,,,26,,124,,959,27,,20,,5,,,,,,,,,,,,,,,,,,,,,,,,127,,,,,,,,,,,,,,,,,,,,,,,,,,,,,307,732,,,702,,,,76,353,,75,136,11,23,131,158,88,78,,25,,334,,,78,,,,,,,,,,,,,,,,,,,,,,,,,,,,,,,,,685,131,52,,38,107,263,74,456,205,213,334,,58,,62,,,138,,420,,,,,,,,,,,401,,152,134,,,198,
2026-09-18T19:15:02+00:00,190,301,,116,561,36,,136,220,,,96,,269,384,,212,,,,,,460,386,288,,,46,,,,933,18,68,26,103,,,,,122,144,,,,,,,,,,,343,,63,,,35,12,,,,17,,36,,,33,15,11,,,,303,,,103,,,222,276,130,179,187,,,,,11,50,364,70,180,422,4,322,,260,263,207,421,40,143,112,222,255,115,,175,826,,614,152,119,175,,151,218,891,,,,26,106,216,878,184,244,461,58,77,378,,,,,,127,,,,,519,,,,,151,,,,,,,,,,,,,,,,,,,,66,427,,194,,,,241,389,532,,339,287,,,14,,147,,73,139,212,83,16,,,123,16,102,720,,,,,,,,,,,,,,,,498,,,57,111,,,,,,,,,80,,,,,,,,,,,,,,,,127,363,263,118,244,,389,,366,34,,434,252,407,630,330,331,,134,,,364,66,,1186,,,,,,37,,,,,,,,,,,98,10,48,9,,,,449,,,,162,144,,,140,,,,,,,,,,,,,,,,,,,,,,,,136,132,,91,80,149,85,184,466,239,,,329,150,,125,,,,,158,155,,28,281,175,182,,86,,863,37,,50,29,,128,,966,38,,32,197,11,,,,,,,,,,,,,,,,,,,,,,548,59,129,67,647,,314,288,482,241,372,,,,108,,,,,,22,,,260,16,287,,47,93,,,313,747,182,65,613,79,167,32,,,,79,142,12,27,148,172,97,77,,,,338,,,,,,,,,,,,,,,,,,,,,,,,,,,,,,,,,,,,687,133,51,10,44,127,266,75,467,,226,,98,62,,66,,71,147,,423,161,,,,,,516,469,,,413,,,,,,209,103
2026-09-18T19:30:01+00:00,194,308,,,569,41,,143,223,286,,,,275,396,,214,,,,,,463,388,310,357,,51,,,45,942,,73,27,108,,,,,124,146,,90,,,,,,,,,342,,67,,,37,11,18,,,16,9,,,,31,14,,106,,,312,,,101,117,247,225,,135,183,191,,,,,,57,376,77,184,432,3,321,217,263,274,,422,42,142,113,226,257,130,170,,,2,622,156,117,179,268,152,215,892,,,,28,108,,894,,246,469,,84,,,,,,,138,,,,,522,,,,,153,197,,,,,,,,,,,,,,,,,,,69,423,541,203,,,,233,396,533,,340,288,,,17,144,150,164,76,143,215,85,14,192,,129,16,107,731,,,,,,,,,,,,,,,,503,,,62,112,,,,,,,,,85,,,,,,,,,,,,,,,,125,371,262,,245,251,391,,365,35,,440,256,408,640,332,334,,133,,,367,,,1189,,,,331,,49,,,,,,,,,,,107,17,54,12,,,,450,,,,165,157,,,139,,,,,,,,,,,,,,,,,,,,,,,,121,133,25,95,81,,83,191,473,257,,33,334,155,,127,,,,,162,168,,,282,,195,,90,,870,38,,52,32,,135,70,970,51,,40,,23,,,,,,,,,,,,,,,,,,,,,,553,,138,68,645,,,297,486,246,373,,,163,105,,,,,,30,,,264,23,291,,38,112,,206,315,751,183,68,620,81,173,33,77,352,111,84,,13,28,157,170,115,81,,31,,341,,192,81,,,,,,,,,,,,,,,,,,,,,,,,,,,,,,,,,691,,55,35,49,144,268,76,478,,237,335,100,66,,68,,75,143,160,420,163,,,,,,519,475,,,422,,153,135,,,224,106
2026-09-18T19:45:01+00:00,195,312,,,580,,,162,232,292,,101,247,282,410,,216,,,,,,462,393,330,,,52,,,,945,,77,28,111,,,,,125,,,,,28,,,,,,,345,,69,,,38,12,21,,,,14,45,,232,33,16,,,,,315,,,,116,258,228,,141,185,192,,,,521,18,60,379,91,181,437,6,,,262,290,208,423,45,,114,,266,129,171,174,,9,628,158,,185,275,154,217,898,,,,37,109,,908,185,252,472,,87,380,,,,,,149,,,,,521,,,,,155,196,,,,,,,,,,,,,,,,,,,76,429,,218,,,,239,399,539,,349,,388,,18,148,159,170,,146,219,104,31,196,,130,15,,751,,,,,,,,,,,,,,,,506,,,,114,,,,,,,,,96,,,,,,,,,,,,,,,,126,383,266,123,247,252,392,,368,36,5,441,258,407,645,334,332,,134,,,,67,,1202,,,,334,,58,,,,,,,,,,,114,20,,13,,,,,,,,172,190,,,144,,,,,,,,,,,,2,,,,,,,,,,,,140,134,,99,82,151,,193,474,272,,32,338,154,,135,,,,,163,178,,29,283,,215,,93,142,872,,141,51,35,198,153,69,968,61,,45,198,31,,,,,,,,,,,,,,,,,,,,,,566,62,142,69,656,,315,301,,250,372,,,164,,,,,,,33,,,269,,,,31,125,,208,317,761,189,76,633,79,176,32,78,,,85,,11,26,161,,122,84,,33,,342,,,91,,,,,,,,,,,,,,,,,,,,,,,,,,,,,,,,,696,136,58,52,52,158,,78,480,206,239,337,,76,,70,,78,,165,417,165,,,,,,520,490,,,441,,155,134,,,231,107
2026-09-18T20:00:01+00:00,196,311,57,,588,42,,176,239,300,,107,,285,432,,222,,,,,,,400,358,,,53,,,,,21,76,29,118,,,,,136,148,,94,,,,,,,38,,351,39,89,,,,,,,,15,18,82,,,41,14,,,,,322,4,,103,115,274,230,278,147,186,195,,,,522,24,68,382,94,184,441,2,320,,,294,209,424,47,141,118,229,269,142,,,827,13,661,165,,198,271,,218,,,9,,41,,,918,,257,479,,,379,,,,,,144,,,,,519,,,,,,197,,,,,,,,,,,,,,,,,,,91,,543,231,,,,271,401,549,,345,,389,,21,,162,171,77,150,218,117,37,200,,139,15,111,766,,,,,,,,,,,,,,,,510,,,68,119,,,,,,,,,105,,,,,,,,,,,,,,,,131,386,267,124,250,,391,,367,39,7,444,273,402,649,,325,30,135,,,366,71,,1206,,,,341,,64,,,,,,,,,,,,25,53,,,,,,,,,190,212,,,169,,,,,,,,,,,,3,,,,,,,,,,,,160,,29,102,86,,,,495,287,,,337,161,,140,,,,85,165,187,,30,284,,224,,92,,,37,,53,39,,184,,971,79,,56,,52,,,,,,,,,,,,,,,,,,,,,,575,60,148,,662,,314,,,261,,,,,,,,,,,34,,,277,25,295,,36,136,,,322,767,194,75,652,81,186,30,76,353,112,86,,12,27,181,180,135,95,,29,,344,,194,120,,,,,,,,,,,,,,,,,,,,,,,,,,,,,,,,,697,137,59,55,54,176,274,80,484,,245,336,96,78,,75,,79,142,168,,,,,,,,522,511,,,459,,159,133,,,247,113
2026-09-18T20:15:02+00:00,198,,,115,592,44,,193,245,313,,113,,296,441,,226,,,,,,,407,380,,,57,,,44,,,80,35,122,,,,,137,150,,,,29,,,,,92,,376,,120,,2,,,31,,,,27,125,,,,17,,,,,326,,,111,148,281,,280,150,188,199,,,,521,32,158,390,128,185,449,13,,,261,307,,426,44,142,119,233,277,,,175,,22,677,264,118,199,,,222,903,,8,,48,,,925,,261,480,,90,,,,,,,160,,,,,523,,,,,157,198,,,,,,,,,,,,,,,,,,,106,430,540,255,,,,297,404,564,,349,289,,,54,,167,175,78,152,229,147,47,204,,145,15,121,775,,,,,,,,,,,,,,,,513,,,73,122,,,,,,,,,110,,,,,,,,,,,,,,,,142,392,270,125,251,253,395,,371,51,,448,287,404,651,335,316,26,134,,237,371,73,,1245,,,,,,,,,,,,,,,,,,,,,,,,,,,,,,,,,,,,,,,,,,,,,,,,,,,,,,,,168,133,28,104,89,,,196,494,305,,,338,165,,144,,,,86,163,192,,,286,176,239,,94,143,873,36,,55,41,0,211,,984,72,,63,,60,,,,,,,,,,,,,,,,,,,,,,589,61,166,72,675,,,302,,285,370,,,,107,,,,,,36,,,284,30,,,40,157,,209,326,779,205,84,665,82,195,32,79,355,113,84,146,16,30,195,193,146,104,,36,,348,,195,124,,,,,,,,,,,,,,,,,,,,,,,,,,,,,,,,,698,,66,58,,200,277,85,489,,248,,99,79,,82,9,,152,171,419,167,,,,,,523,523,,,486,,160,132,,,,121
2026-09-18T20:30:02+00:00,197,310,,,597,45,,199,247,323,,120,248,298,446,,244,,,,,,461,412,394,,,,,,,,22,89,41,123,,,,,139,,,,,,,,,,103,,382,40,,,1,,,,,,,38,131,,,44,16,,,,,330,2,,,213,285,,,164,193,201,,,,,38,210,394,174,186,453,15,318,,,314,,427,45,141,,236,282,140,,173,,21,695,286,,201,272,,223,904,,,,52,,,938,189,265,490,,99,380,,,,,,166,,,,,524,,,,,155,,,,,,,,,,,,,,,,,,,,121,431,538,281,,,,327,403,572,,361,,395,,61,149,179,172,79,156,232,157,61,217,,162,15,127,808,,,,,,,,,,,,,,,,517,,,80,124,,,,,,,,,117,,,,,,,,,,,,,,,,166,412,273,126,252,254,396,,378,59,9,,286,,655,336,310,42,,,,373,79,,1361,,,,,,,,,,,,,,,,,,,,,,,,,,,,,,,,,,,,,,,,,,,,,,,,,,,,,,,,180,,,106,93,,81,199,496,323,,,340,163,,147,,,18,87,165,198,,,,,259,,95,142,880,,,56,50,,246,,1011,81,,76,,78,,,,,,,,,,,,,,,,,,,,,,593,64,169,,670,,315,309,,295,368,,,,106,,,,,,38,,,290,33,,,65,180,,,330,787,207,92,667,83,200,,76,356,115,90,149,18,,208,198,155,114,,49,,351,,198,138,,,,,,,,,,,,,,,,,,,,,,,,,,,,,,,,,699,141,80,88,58,214,279,87,493,,256,,,82,,88,16,,138,173,420,168,,,,,,524,541,,,496,,164,,,,275,123
2026-09-18T20:45:01+00:00,199,309,,116,595,,,213,252,327,,125,249,300,455,,263,,,,,,462,,398,,,60,,,42,951,23,85,44,125,,,,,140,,,95,,31,,,,,,,383,,,,5,36,14,42,,,12,49,137,,234,45,19,,,,,332,,,110,236,306,,,168,197,202,,,,522,48,242,411,249,191,472,25,319,218,263,349,210,429,46,142,,249,,178,170,174,830,41,713,289,116,221,271,,228,905,,7,,56,110,,942,,268,495,,103,,,,,,,162,,,,,523,,,,,,200,,,,,,,,,,,,,,,,,,,143,,,299,,,,355,404,576,,372,290,402,,78,150,180,179,,160,241,183,81,222,,175,16,134,839,,,,,,,,,,,,,,,,520,,,85,131,,,,,,,,,120,,,,,,,,,,,,,,,,183,422,274,138,256,,403,,388,60,11,449,289,407,660,337,307,58,132,,,371,82,,1374,,,,,,,,,,,,,,,,,,,,,,,,,,,,,,,,,,,,,,,,,,,,,,,,,,,,,,,,185,135,29,109,94,,,197,,338,37,,339,168,,161,,,,,171,208,,,,,268,,96,,883,37,,57,54,,288,,1014,84,,83,,98,,,,,,,,,,,,,,,,,,,,,,601,68,173,73,680,,,311,,299,,,,,,,,,,,,,,292,42,,,73,192,,212,343,798,213,126,674,86,204,,87,363,,92,154,23,37,238,208,183,133,,55,,353,,,149,,,,,,,,,,,,,,,,,,,,,,,,,,,,,,,,,705,,87,103,60,245,280,90,496,206,259,338,100,87,,91,26,,133,179,422,173,,,,,,,555,,,500,,,,,,293,128
2026-09-18T21:00:01+00:00,201,310,58,,603,44,,219,259,332,,132,,304,457,,259,,,,,,466,419,406,,,62,,,,,,,45,126,,,,,,151,,96,,32,,,,,105,,,,,,12,38,13,41,,,13,55,140,,,44,,13,,,,340,,,109,250,330,,,171,198,209,,,,523,55,258,417,256,,483,35,318,,266,364,209,431,56,144,,264,280,201,,175,,44,720,,115,234,272,155,235,908,,,,64,111,,948,,264,500,,109,379,,,,,,161,,,,,526,,,,,156,197,,,,,,,,,,,,,,,,,,,,,,,,,,,,,,,,408,,94,,,182,,163,,193,94,224,,188,16,138,847,,,,,,,,,,,,,,,,523,,4,90,135,,,,,,,,,127,,,,,59,,,,,,,,,,,178,426,273,,257,,404,,394,59,,458,305,408,661,338,306,82,,,,372,83,,1378,,,,,,,,,,,,,,,,,,,,,,,,,,,,,,,,,,,,,,,,,,,,,,,,,,,,,,,,208,,34,113,101,,,196,500,373,,,341,178,19,172,,,19,86,176,242,,,,177,289,,97,,,,,,57,,294,,1018,88,,87,199,107,,,,,,,,,,,,,,,,,,,,,,617,69,178,,,,316,,,304,,,,,,,,,,,43,,,295,53,,,111,209,,,386,822,219,139,683,,213,35,100,359,116,99,155,26,33,258,220,201,149,,62,,356,,,156,,,,,,,,,,,,,,,,,,,,,,,,,,,,,,,,,707,144,95,126,67,258,281,89,500,,261,339,,88,,102,29,,184,185,424,176,,,,,,,567,,,506,,,133,,,304,131
2026-09-18T21:15:02+00:00,202,311,,,609,47,,232,264,335,,143,,311,460,,265,,,,,,469,421,412,,,65,,,,952,,84,47,127,,,,,143,153,,,,33,,,,,107,,384,,,,16,41,15,43,,,,62,143,,,45,20,14,,,,343,,,107,257,344,,,172,199,213,,,,,57,262,420,,193,486,42,,,,374,210,,54,,,267,282,204,169,,,49,731,288,114,243,273,160,242,,,,,65,,,951,,266,501,,112,380,,,,,,167,,,,,523,,,,,,194,,,,,,,,,,,,,,,,,,,172,435,537,345,,,,480,410,594,,377,,417,,127,151,184,194,81,171,254,316,172,225,,194,15,141,856,,,,,,,,,,,,,,,,,,6,,137,,,,,,,,,131,,,,,,,,,,,,,,,,180,444,,139,,,406,,396,68,,460,313,,663,,311,120,,,,374,81,,1382,,,,,,,,,,,,,,,,,,,,,,,,,,,,,,,,,,,,,,,,,,,,,,,,,,,,,,,,235,,36,117,100,,82,195,502,376,,,342,182,,179,,,,,180,246,,32,,,298,,95,,884,39,142,56,67,,322,,1039,87,,94,,126,,,,,,,,,,,,,,,,,,,,,,630,72,181,,689,,319,317,,309,369,,,,105,,,,,,46,,,300,55,,,137,220,,213,407,820,225,149,,87,240,,102,,,104,154,31,38,268,222,218,160,,70,,357,,199,178,,,,,,,,,,,,,,,,,,,,,,,,,,,,,,,,,708,145,102,145,69,266,282,,540,207,266,,,,,108,30,,193,,426,179,,,,,,,576,127,,513,,,136,,,305,135
2026-09-18T21:30:02+00:00,,312,,,615,,,236,274,336,,146,,316,466,,285,,,,,,471,422,415,,,68,,,44,953,,87,51,129,,,,,148,,,97,,34,,,,,108,,,,,,18,42,,41,,,14,67,146,,,47,23,,,,,347,,,,260,349,,,177,200,215,,,,,71,280,426,265,194,502,50,316,,,394,211,430,61,,,276,287,220,170,176,,53,739,289,,250,272,162,244,,,,,67,,,955,190,271,504,,118,381,,,,,,,,,,,525,,,,,154,,,,,,,,,,,,,,,,,,,,187,436,538,360,,,,558,413,600,,387,,419,,148,152,189,197,82,172,258,357,186,226,,201,15,144,860,,,,,,,,,,,,,,,,522,,10,91,138,,,,,,,,,134,,,,,,,,,,,,,,,,,455,275,141,259,,409,,401,69,,459,316,,,,319,147,,,,375,,,1380,,,,,,,,,,,,,,,,,,,,,,,,,,,,,,,,,,,,,,,,,,,,,,,,,,,,,,,,241,136,,119,104,,,196,510,384,,,,,,,,,,,,248,,33,287,179,301,,97,,,,,57,82,,350,68,1046,80,,98,,133,,,,,,,,,,,,,,,,,,,,,,636,71,186,,685,,,319,,311,370,,,,,,,,,,49,,,304,61,,,153,230,,215,410,823,226,157,687,,243,38,107,361,117,110,,34,36,274,232,246,178,,98,,,,,203,,,,,,,,,,,,,,,,,,,,,,,,,,,,,,,,,,,113,169,,274,,,548,,269,,,89,,110,33,,195,187,429,181,,,,,,,586,,,520,,165,137,,,318,
2026-09-18T21:45:02+00:00,203,,,117,621,,,238,279,342,,149,,320,469,,289,,,,,,470,424,420,,,70,,,45,954,,90,,130,,,,,147,154,,,,,,,,,110,,383,44,,,17,43,,,,,,75,149,,,48,25,,107,,,,,,,,,,,180,,219,,,,521,78,286,430,268,198,509,55,,,267,410,,432,,143,,,294,222,,175,829,55,743,,113,254,273,163,250,912,,,,68,,,,,,,,,,,,,,,189,,,,,524,,,,,156,195,,,,,,,,,,,,,,,,,,,198,437,537,383,,,,635,415,603,,391,291,420,,188,153,191,200,,173,261,373,206,229,,206,15,145,867,,,,,,,,,,,,,,,,,,,,,,,,,,,,,139,,,,,,,,,,,,,,,,,463,274,,258,253,406,,,68,12,460,327,,664,340,325,189,,,,378,83,,1381,,,,,,,,,,,,,,,,,,,,,,,,,,,,,,,,,,,,,,,,,,,,,,,,,,,,,,,,247,,34,120,107,,,198,512,391,,,346,185,18,182,,,,,182,256,,,288,,,,99,,885,,,56,86,,388,,1048,,,103,,141,,,,,,,,,,,,,,,,,,,,,,635,70,188,,681,,321,322,,313,371,,,,106,,,,,,52,,,305,66,,,130,238,,214,414,831,227,163,,,246,,114,362,,,155,36,31,281,236,259,185,,106,,,,200,207,,,,,,,,,,,,,,,,,,,,,,,,,,,,,,,,,711,,122,190,,292,,,550,,272,340,,,,114,34,81,196,,431,182,,,,,,,590,,,525,,,139,,,324,136
2026-09-18T22:00:02+00:00,204,,,,630,46,,240,282,346,,164,,321,471,,,,,,,,468,,422,,,75,,,46,956,,91,52,132,,,,,,,,,,,,,,,,,,,,,18,,,44,,,,81,79,,,49,,,,,,,,,,263,355,,,181,,221,,,,,82,289,444,275,197,514,58,,,,421,,,72,,,290,299,241,,174,,59,750,,,259,272,,259,914,,,,71,111,,958,191,277,511,,121,383,,,,,,196,,,,,,,,,,159,196,,,,,,,,,,,,,,,,,,,220,438,,394,,,,722,419,608,,396,,,,210,,196,204,84,176,270,387,223,230,,,15,,879,,,,,,,,,,267,,,,,,,,11,,139,,,,,,,,,,,,,,,,,,,,,,,,,,469,276,,257,,408,,,69,,,332,,,,335,233,,,,379,,,1382,,,,,,,,,,,,,,,,,,,,,,,,,,,,,,,,,,,,,,,,,,,,,,,,,,,,,,,,241,137,36,,106,,83,199,513,392,,,352,,17,184,,,,,184,262,,,,180,,,98,,,,,,84,,398,,1057,77,,107,201,154,,,,,,,,,,,,,,,,,,,,,,646,73,191,,684,,320,326,,,370,,,,105,,,,,,56,,,308,69,,,151,241,,216,,835,229,166,690,,250,39,118,367,,112,156,,32,287,244,272,206,,121,,,,201,219,,,,,,,,,,,,,,,,,,,,,,,,,,,,,,,,,712,,125,206,,307,284,,559,,274,,,91,,121,37,82,202,,433,184,,,,,,,600,,,528,800,,140,,,331,
2026-09-18T22:15:01+00:00,205,313,,118,635,45,,,286,352,,173,,324,474,,,,,,,,478,,423,,,,,,48,958,,92,51,,,,,,148,,,,,,,,,,,,,43,,,21,,,42,,,15,83,80,,,,,,,,,351,,,,,,,,183,,222,,,,522,87,296,450,278,200,526,60,,,,434,212,,80,,,293,,250,,,,62,755,,116,257,278,,262,913,,,,73,,,,200,278,515,,,382,,,,,,206,,,,,,,,,,162,,,,,,,,,,,,,,,,,,,,244,437,538,405,,,,762,,,,405,,425,,245,,197,210,85,177,226,395,240,231,,216,15,149,885,,,,,,,,,,,,,,,,523,,,,,,,,,,,,,142,,,,,60,,,,,,,,,,,,477,,143,272,254,406,,399,71,13,,338,,665,,339,277,,,,382,85,,1383,,,,,,,,,,,,,,,,,,,,,,,,,,,,,,,,,,,,,,,,,,,,,,,,,,,,,,,,245,,39,121,109,,,,,395,,,,186,16,185,,,,85,186,266,,,,,,,99,,,,,,,,403,,,,,108,,155,,,,,,,,,,,,,,,,,,,,,,652,74,192,74,,,,329,,,,,,,104,,,,,,,,,,71,,,162,252,,217,416,839,234,171,691,,254,,125,369,,113,,,34,289,251,280,212,,136,,358,,256,224,,,,,,,,,,,,,,,,,,,,,,,,,,,,,,,,,713,146,129,216,68,310,,,564,,275,340,,,,124,42,,212,,,,,,,,,,604,,,529,,,142,,,335,
2026-09-18T22:30:01+00:00,204,,,,641,49,,243,292,351,,194,,325,477,,291,,,,,,480,,427,,,76,,,49,960,,93,53,,,,,,147,,,,,,,,,,112,,,,,,20,42,,,,,,88,,,,,,,,,,354,,,106,,,,,,,,,,,,94,299,462,285,203,532,64,,,269,446,,,87,142,,298,305,274,,,,65,759,,,261,276,,267,911,,,,74,,,,,275,,,123,384,,,,,,220,,,,,,,,,,168,197,,,,,,,,,,,,,,,,,,,260,435,542,415,,,,825,421,612,,406,,,,266,154,200,209,88,181,231,408,250,,,,,,,,,,,,,,,,,,,,,,,,,,,,,,,,,,,143,,,,,,,,,,,,,,,,,,,,,,,,,,,,345,,,,351,315,,,,384,86,,,,,,,,,,,,,,,,,,,,,,,,,,,,,,,,,,,,,,,,,,,,,,,,,,,,,,,,,,,,,,,,,,,,,,,,,,,,,,,,,,,,,,,,,,,,,,,,,,,,,,,,,,,,,,,,,,,,,,,,,,,662,77,193,,682,,,331,,,371,,,,,,,,,,,,,310,,,,176,253,,,,,,,,,,,,,,,,,,,,,,,,,,,,,,,,,,,,,,,,,,,,,,,,,,,,,,,,,,,,,,,131,228,63,315,,,567,,278,,,,,130,44,82,216,,437,186,,,,,,,607,,,532,,,,,,343,
2026-09-18T22:30:02+00:00,,,,,,,,,,,,,,,,,,,,,,,,,,,,,,,,,,,,,,,,,,,,,,,,,,,,,,,,,,,,,,,,,,,,,,,,,,,,,,,,,,,,,,,,,,,,,,,,,,,,,,,,,,,,,,,,,,,,,,,,,,,,,,,,,,,,,,,,,,,,,,,,,,,,,,,,,,,,,,,,,,,,,,,,,,,,,,,,,,,,,,,,,,,,,,,,233,,219,15,,887,,,,,,,,,,,,,,,,,,,,,,,,,,,,,,,,,,,,,,,,,,,,,182,481,,,,255,408,,401,73,,,,,,,,,,,,,,,,,,,,,,,,,,,,,,,,,,,,,,,,,,,,,,,,,,,,,,,,,,,,,,,,,,,,,,,247,,,122,111,,84,200,516,402,,,354,183,14,,,,,,187,270,,,,179,,,100,,,,,57,,,,,,,,,,,,,,,,,,,,,,,,,,,,,,,,,,,,,,,,,,,,,,,,,,,,,,,,,,,,,,,417,841,235,174,692,,259,36,128,370,,120,,41,33,296,254,294,222,,155,,361,,,239,,,,,,,,,,,,,,,,,,,,,,,,,,,,,,,,,,,,,,,,,,,,,,,,,,,,,,,,,,,,,,,,,,,,,,,
2026-09-18T22:45:02+00:00,205,314,,,642,51,,,294,350,,203,,329,480,,299,,,,,,481,,428,,,77,,,,961,,95,,131,,,,,148,,,,,35,,,,,,,382,44,,,21,43,,43,,,,,83,,,,26,,,,,,,,,264,366,,,,,,,,,524,97,302,463,,,541,68,317,,,459,,,98,,,300,,286,,,830,67,762,288,,263,272,165,273,915,,,,75,,,,,278,,,130,385,,,,,,232,,,,,,,,,,169,199,,,,,,,,,,,,,,,,,,,273,437,,424,,,,875,424,617,,407,,429,,296,155,204,,89,184,243,424,258,,,222,16,,892,,,,,,,,,,,,,,,,,,12,,,,,,,,,,,144,,,,,,,,,,,,,,,,195,492,,144,,,407,,400,72,,461,354,,,339,357,343,131,,236,387,82,,,,,,,,,,,,,,,,,,,,,,,,,,,,,,,,,,,,,,,,,,,,,,,,,,,,,,,,,,256,,40,123,113,,85,,518,408,,,355,182,,187,,,,,192,278,,,,,,,101,,,,,,,,,,,,,,,,,,,,,,,,,,,,,,,,,,,,,663,,195,,691,,321,333,,312,370,,,,,,,,,,57,,,311,78,,,195,,,,418,843,236,,,,263,35,133,,,121,,,31,301,,302,229,,167,,,,,248,,,,,,,,,,,,,,,,,,,,,,,,,,,,,,,,,715,,134,232,62,325,,,,,280,,,,,136,43,,218,189,438,,,,,,,,611,,,534,,,141,,,350,
2026-09-18T23:00:01+00:00,,,,,644,,,246,,,,213,248,332,484,,305,,,,,,482,,429,,,,,,50,962,,96,55,,,,,,151,,,,,,,,,,,,,,,,20,,17,47,,,,90,84,,,,,,,,,356,,,107,,370,,,184,,,,,,,103,307,473,286,,546,74,,,,465,,,107,,,304,308,299,,175,,,769,289,,265,,,276,917,,,,,,,,,,,,,,,,,,,251,,,,,525,,,,,172,200,,,,,,,,,,,,,,,,,,,282,436,544,427,,,,908,427,618,,408,,431,,315,,206,210,,185,247,432,267,,,226,16,,,,,,,,,,,,269,,,,,,,,,92,,,,,,,,,,143,,,,,,,,,,,,,,,,,,,,,,,,,,,,356,,,,364,376,,,,389,83,,,,,,,,,,,,,,,,,,,,,,,,,,,,,,,,,,,,,,,,,,,,,,,,,,,,,,,,,,,,,,,,,,,,,,,,,,,,,,,,,,,,,,,,,,,,,,,,,,,,,,,,,,,,,,,,,,,,,,,,,,,,78,,,690,,322,338,,,,,,,105,,,,,,60,,,312,,,,224,255,,,,,,,,,,,,,,,,,,,,,,,,,,,,,,,,,,,,,,,,,,,,,,,,,,,,,,,,,,,,,,,139,248,64,331,,,,,,340,,92,,141,45,82,225,,439,187,,,,,,,613,,,535,,,140,,,353,
2026-09-18T23:00:02+00:00,,,,,,,,,,,,,,,,,,,,,,,,,,,,,,,,,,,,,,,,,,,,,,,,,,,,,,,,,,,,,,,,,,,,,,,,,,,,,,,,,,,,,,,,,,,,,,,,,,,,,,,,,,,,,,,,,,,,,,,,,,,,,,,,,,,,,,,,,,,,,,,,,,,,,,,,,,,,,,,,,,,,,,,,,,,,,,,,,,,,,,,,,,,,,,,,,,,,,,,,,,,,,,,,,,,,,,,,,,,,,,,,,,,,,,,,,,,,,,,,,,198,495,,,,256,408,,401,74,,,,,,,,,,,,,,,,,,,,,,,,,,,,,,,,,,,,,,,,,,,,,,,,,,,,,,,,,,,,,,,,,,,,,,,268,,,,114,,,,520,411,,,357,,,191,,,,,191,280,,,,,,,102,,,,,,,,,,,,,,,,,,,,,,,,,,,,,,,,,,,,,,,,,,,,,,,,,,,,,,,,,,,,,,,,,,,,419,846,238,175,,,264,,134,,118,,158,43,,303,258,315,230,,172,,,,255,255,,,,,,,,,,,,,,,,,,,,,,,,,,,,,,,,,,,,,,,,,,,,,,,,,,,,,,,,,,,,,,,,,,,,,,,
2026-09-18T23:15:02+00:00,,315,,,,52,,247,295,,,225,,,,,318,,,,,,,,430,,,78,,,51,965,,99,,,,,,,152,,,,,,,,,,,,381,,,,,,,49,,,,91,87,,,,28,,,,,355,,,110,,373,,,,,,,,,523,,,480,287,,552,76,318,,,467,,,118,141,,306,313,307,,,,,,,,,,,278,918,,6,,76,,,,,,,,,,,,,,,266,,,,,524,,,,,176,,,,,,,,,,,,,,,,,,,,288,437,545,430,,,,919,428,621,,413,,,,344,,205,213,,186,,447,273,,,229,15,150,,,,,,,,,,,,,,,,,522,,14,93,,,,,,,,,,,,,,,,,,,,,,,,,,204,508,,,,,409,,,,,,359,,,340,371,404,,,,390,,,,,,,,,,,,,,,,,,,,,,,,,,,,,,,,,,,,,,,,,,,,,,,,,,,,,,,,,,,277,,42,,115,,84,,,412,,,360,183,,192,,,,,195,281,,,289,,,,105,,,,,,97,,438,,1075,88,,115,,193,,,,,,,,,,,,,,,,,,,,,,667,79,197,75,704,,,339,,,369,,,,108,,,,,,63,,,313,,,,234,257,,218,,849,242,177,,,265,,137,,,124,,45,28,306,264,323,236,,185,,,,,251,,,,,,,,,,,,,,,,,,,,,,,,,,,,,,,,,,,140,263,66,332,,90,,,283,,,,,144,,,233,,440,,,,,,,,617,,,536,,,,,,,
2026-09-18T23:30:02+00:00,204,314,,,,,,,297,,,231,,,,,324,,,,,,,423,431,,,,,,,,,104,,,,,,,153,,,,,36,,,,,,,,,119,,23,,,43,,,,93,88,,,50,29,,,,,,,,,,,,,,,,,,,,109,310,486,,,563,,,,270,476,,431,137,,,311,314,321,171,,,68,774,,115,267,,,284,920,,,469,,,,,202,280,516,,132,384,,,,,,268,,,,,523,,,,,,,,,,,,,,,,,,,,,,,,,293,435,544,432,,,,945,430,,,415,,432,,356,,,215,90,,251,450,278,232,,232,15,,893,,,,,,,,,,,,,,,,,,,96,,,,,,,,,,,,,,,,,,,,,,,,,,,513,,,,,411,,400,,,,360,,,,375,426,,,,389,85,,,,,,,,,,,,,,,,,,,,,,,,,,,,,,,,,,,,,,,,,,,,,,,,,,,,,,,,,,290,,,,,,,,,416,,,361,,,,,,,,,,,,,,,,,143,,,,,,,,,,,,,,,,,,,,,,,,,,,,,,,,,,,,674,,198,,719,,320,340,,,368,,,,110,,,,,,64,,,,77,,,249,,,219,,851,245,179,693,,,,138,,,127,,47,30,307,266,326,237,,189,,362,,,254,,,,,,,,,,,,,,,,,,,,,,,,,,,,,,,,,716,,139,273,68,333,,,,,,,,91,,,47,,239,190,441,189,,,,,,,618,,,538,,,,,,355,
2026-09-18T23:45:02+00:00,205,,,,648,,,248,,,,237,,,,,325,,,,,,,,433,,,,,,,966,,103,56,,,,,,155,,,,,,,,,,,,,,,,,,,47,,,,97,,,,,31,,,,,356,,,,,,,,,,,,,,522,115,311,492,,204,571,78,,217,,480,213,432,144,,,,,333,,,,,781,,,,273,,292,924,,,471,,,,,,,517,,,,,,,,,277,,,,,,,,,,,201,,,,,,,,,,,,,,,,,,,294,437,545,433,,,,950,431,,,,,,,394,,,218,91,187,256,460,285,,,234,15,,892,,,,,,,,,,,,,,,,,,,,,,,,,,,,,144,,,,,,,,,,,,,,,,,516,,145,,,413,,401,,,,361,,,,376,456,,,,,,,,,,,,,,,,,,,,,,,,,,,,,,,,,,,,,,,,,,,,,,,,,,,,,,,,,,,,,,,307,,,124,116,,,,521,417,,,,184,,,,,20,,196,,,,,,,,,,,,,,,,,,,,,,,,,,,,,,,,,,,,,,,,,,,,,681,,,,723,,322,339,,,,,,,,,,,,,66,,,,,,,255,,,,,850,248,,,,266,,141,,,128,,48,32,310,,331,238,,197,,363,,,,,,,,,,,,,,,,,,,,,,,,,,,,,,,,,,,,,,142,283,74,334,,,,,284,,,,,,48,83,245,,440,190,,,,,,,622,,,539,,,,,,356,
