timestamp,bonn-bcp-parken-Rabinstrasse,bonn-bcp-parken-beethoven,bonn-bcp-parken-beetplatz,bonn-bcp-parken-bike-ride,bonn-bcp-parken-friedensplatz,bonn-bcp-parken-hauptbahnhof,bonn-bcp-parken-karstadt,bonn-bcp-parken-markt,bonn-bcp-parken-muensterplatz,bonn-bcp-parken-operngarage,bonn-bcp-parken-rheinaue,bonn-bcp-parken-stadthaus,bonn-bcp-parken-stadthaus-unten,bonn-bcp-parken-unigarage,braunschweig-parken-Parkhaus-Eiermarkt,braunschweig-parken-Parkhaus-Forschungsflughafen,braunschweig-parken-Parkhaus-Lange-Str-Nord,braunschweig-parken-Parkhaus-Magni,braunschweig-parken-Parkhaus-Packhof,braunschweig-parken-Parkhaus-Ring-Center,braunschweig-parken-Parkhaus-Schloss,braunschweig-parken-Parkhaus-Schutzenstrasse,braunschweig-parken-Parkhaus-Wallstrasse,braunschweig-parken-Parkhaus-Wilhelmstrasse,dresden-parken-Altmarkt,dresden-parken-Altmarkt-Galerie,dresden-parken-Ammonstrasse-Bus,dresden-parken-An-der-Frauenkirche,dresden-parken-Bahnhof-Neustadt,dresden-parken-Bluherstrasse,dresden-parken-Budapester-Strasse,dresden-parken-Centrum-Galerie,dresden-parken-Cossebaude,dresden-parken-Ferdinandplatz,dresden-parken-Fidelio-F-Finke-Strasse,dresden-parken-Frauenkirche-Neumarkt,dresden-parken-Freiberger-Platz,dresden-parken-GALERIA-Karstadt-Kaufhof,dresden-parken-Gompitz,dresden-parken-Grenzstrasse,dresden-parken-Haus-am-Zwinger,dresden-parken-Kaditz,dresden-parken-Klotzsche,dresden-parken-Kongresszentrum,dresden-parken-Kraftwerk-Mitte,dresden-parken-Langebruck,dresden-parken-Lindengasse,dresden-parken-Lingnerallee,dresden-parken-MESSE-DRESDEN-Parkplatz-P7,dresden-parken-Ostra-Allee,dresden-parken-Ostra-Ufer,dresden-parken-Palaisplatz,dresden-parken-Parkhaus-Mitte,dresden-parken-Pennrich,dresden-parken-Pieschener-Allee-Bus,dresden-parken-Pirnaische-Strasse,dresden-parken-Pirnaischer-Platz,dresden-parken-Prohlis,dresden-parken-Reick,dresden-parken-Reitbahnstrasse,dresden-parken-SP1-Strassburger-Platz,dresden-parken-SachsenEnergie-Center,dresden-parken-Sarrasanistrasse,dresden-parken-Schiessgasse,dresden-parken-Semperoper,dresden-parken-Stadtforum-Dresden,dresden-parken-Strehlener-Strasse,dresden-parken-Taschenbergpalais,dresden-parken-Terrassenufer,dresden-parken-Terrassenufer-Bus,dresden-parken-Theresienstrasse,dresden-parken-Weissig,dresden-parken-Weixdorf-Bad,dresden-parken-Wiener-Platz-Hauptbahnhof,dresden-parken-Wiesentorstrasse,dresden-parken-Wigardstrasse,dresden-parken-Wohrl-Florentinum,dresden-parken-World-Trade-Center,ffh-parken-bad-homburg-Am-Bahnhof,ffh-parken-bad-homburg-Louisen-Arkaden,ffh-parken-bad-homburg-Parkgarage-Karstadt,ffh-parken-bad-homburg-Parkgarage-Kurhaus,ffh-parken-bad-homburg-Parkgarage-Rathaus,ffh-parken-bad-homburg-Parkgarage-Schloss,ffh-parken-bad-homburg-Parkhaus-La-Vie,ffh-parken-bad-homburg-Parkhaus-am-Guterbahnhof,ffh-parken-bad-homburg-Parkhaus-am-Markt,ffh-parken-frankfurt-Aculeum,ffh-parken-frankfurt-Alt-Sachsenhausen,ffh-parken-frankfurt-Alte-Oper,ffh-parken-frankfurt-Am-Gericht,ffh-parken-frankfurt-Am-Theater,ffh-parken-frankfurt-Baseler-Platz,ffh-parken-frankfurt-Borse,ffh-parken-frankfurt-Burgerhaus-Bornheim,ffh-parken-frankfurt-Congresscenter-Messe-Frankfurt-Maritim-Hotel,ffh-parken-frankfurt-Friedrichsheim,ffh-parken-frankfurt-Gateway-Garden,ffh-parken-frankfurt-Goetheplatz,ffh-parken-frankfurt-Hafenpark-Quartier-NORD,ffh-parken-frankfurt-Hauptbahnhof-Sud,ffh-parken-frankfurt-Hauptwache,ffh-parken-frankfurt-Hotel-Intercontinental,ffh-parken-frankfurt-Hotel-Movenpick,ffh-parken-frankfurt-Junghofstrasse,ffh-parken-frankfurt-Konrad-Adenauer-Strasse,ffh-parken-frankfurt-Konstabler,ffh-parken-frankfurt-Mainzer-Landstrasse,ffh-parken-frankfurt-Mayfarth-Quartier,ffh-parken-frankfurt-Messeturm,ffh-parken-frankfurt-Mousonturm,ffh-parken-frankfurt-MyZeil-PalaisQuartier,ffh-parken-frankfurt-Opernturm,ffh-parken-frankfurt-Ordnungsamt,ffh-parken-frankfurt-P-R-Haus-Borsigallee,ffh-parken-frankfurt-P-R-Kalbach,ffh-parken-frankfurt-Parkhaus-Konigsteiner-Strasse,ffh-parken-frankfurt-Schiller-Passage,ffh-parken-frankfurt-Universitatsklinikum-Innengelande,ffh-parken-frankfurt-Universitatsklinikum-P2,ffh-parken-frankfurt-Universitatsklinikum-P5,ffh-parken-frankfurt-Universitatsklinikum-Sandhofstrasse,ffh-parken-frankfurt-Untermainanlage,ffh-parken-kassel-Atrium,ffh-parken-kassel-City-Point,ffh-parken-kassel-Friedrichsplatz,ffh-parken-kassel-Galeria,ffh-parken-kassel-Herkules-Besucherzentrum,ffh-parken-kassel-Kurfursten-Galerie,ffh-parken-kassel-Martinskirche,ffh-parken-kassel-Rathaus,ffh-parken-kassel-Schloss-Wilhelmshohe,ffh-parken-kassel-Wilhelmsstrasse,ffh-parken-mannheim-C1-Hauptverwaltung-MPB-Parkhaus,ffh-parken-mannheim-Collini-Center-Mulde-Parkplatz,ffh-parken-mannheim-D3-Tiefgarage,ffh-parken-mannheim-D5-Reiss-Museum-Tiefgarage,ffh-parken-mannheim-G1-Marktplatz-Tiefgarage,ffh-parken-mannheim-H6-Tiefgarage,ffh-parken-mannheim-Hauptbahnhof-P1-Tiefgarage,ffh-parken-mannheim-Hauptbahnhof-P2-Parkhaus,ffh-parken-mannheim-Hauptbahnhof-P3-Parkhaus,ffh-parken-mannheim-Hauptbahnhof-P5-Parkhaus,ffh-parken-mannheim-Klinikum-P3-Parkplatz,ffh-parken-mannheim-Klinikum-Tiefgarage,ffh-parken-mannheim-M4a-Parkplatz,ffh-parken-mannheim-N1-N2-Stadthaus-Parkhaus,ffh-parken-mannheim-N6-Komforthaus,ffh-parken-mannheim-N6-Standardhaus,ffh-parken-mannheim-SAP-Arena-P1-Parkplatz,ffh-parken-mannheim-SAP-Arena-P2-Parkplatz,ffh-parken-mannheim-SAP-Arena-P3-Parkplatz,ffh-parken-mannheim-SAP-Arena-P6-P8-Parkplatz,ffh-parken-mannheim-U2-Tiefgarage,ffh-parken-wiesbaden-PH-City-II,ffh-parken-wiesbaden-PH-Coulinstr,ffh-parken-wiesbaden-PH-Galeria-Kaufhof,ffh-parken-wiesbaden-PH-Karstadt,ffh-parken-wiesbaden-PH-Kurhaus-Casino,ffh-parken-wiesbaden-PH-Lili,ffh-parken-wiesbaden-PH-Luisenforum,ffh-parken-wiesbaden-PH-Luisenplatz,ffh-parken-wiesbaden-PH-Markt,ffh-parken-wiesbaden-PH-Mauritius,ffh-parken-wiesbaden-PH-Theater,ffh-parken-wiesbaden-TG-Lili,ffh-parken-wiesbaden-TG-RMCC,heilbronn-parken-Am-Bollwerksturm,heilbronn-parken-Bildungscampus-Mitte,heilbronn-parken-E-Quartiersgarage-Neckarbogen,heilbronn-parken-Harmonie,heilbronn-parken-Kathchenhof,heilbronn-parken-Kiliansplatz,heilbronn-parken-P-R-Karlsruher-Strasse,heilbronn-parken-Parkhaus-Experimenta,heilbronn-parken-Parkplatz-Hauptbahnhof,heilbronn-parken-Stadtgalerie,heilbronn-parken-Theaterforum-K3,heilbronn-parken-Wollhaus,ingolstadt-parken-Arena,ingolstadt-parken-Congressgarage,ingolstadt-parken-Festplatz,ingolstadt-parken-Hallenbad,ingolstadt-parken-Hauptbahnhof-Ost,ingolstadt-parken-Hauptbahnhof-West,ingolstadt-parken-Munster,ingolstadt-parken-Nordbahnhof,ingolstadt-parken-Reduit-Tilly,ingolstadt-parken-Schloss,ingolstadt-parken-Theater-Ost,ingolstadt-parken-Theater-West,konstanz-parken-Altstadt,konstanz-parken-Augustiner,konstanz-parken-Dobele,konstanz-parken-Fernbusbahnhof,konstanz-parken-Fischmarkt,konstanz-parken-Lago,konstanz-parken-Seerheincenter,mobilitaet-jena-Am-Anger,mobilitaet-jena-Am-Gries,mobilitaet-jena-Am-Planetarium,mobilitaet-jena-Am-Stadion,mobilitaet-jena-August-Bebel-Strasse,mobilitaet-jena-Bachstrasse,mobilitaet-jena-Busbahnhof,mobilitaet-jena-City-Carree,mobilitaet-jena-Eichplatz,mobilitaet-jena-Eisenbahndamm,mobilitaet-jena-Erbertstrasse,mobilitaet-jena-Ernst-Abbe-Strasse,mobilitaet-jena-Ernst-Haeckel-Strasse,mobilitaet-jena-Gartenstrasse,mobilitaet-jena-Goethe-Galerie,mobilitaet-jena-Grietgasse,mobilitaet-jena-Haeckelplatz,mobilitaet-jena-Holzmarkt,mobilitaet-jena-Krautgasse,mobilitaet-jena-Lassallestrasse,mobilitaet-jena-Lessingstrasse,mobilitaet-jena-Muhlenstrasse,mobilitaet-jena-Neue-Mitte,mobilitaet-jena-Paradiesbahnhof,mobilitaet-jena-Philosophenweg,mobilitaet-jena-Roland-Ducke-Weg,mobilitaet-jena-Schlossgasse,mobilitaet-jena-Seidelparkplatz,mobilitaet-jena-Seidelstrasse,mobilitaet-jena-Semmelweissstrasse,mobilitaet-jena-Sophienstrasse,mobilitaet-jena-Spitzweidenweg,mobilitaet-jena-Steinkreuz,mobilitaet-jena-Stoystrasse,mobilitaet-jena-Wagnergasse,mobilitaet-jena-Westbahnhof,mobilitaet-jena-Wiesenstrasse,mobilitaet-jena-Windberg,mobilitaet-jena-Wollnitzer-Strasse,mobilitaet-jena-Ziegelmuhlenweg,oldenburg-service-parken-Altes-Gymnasium,oldenburg-service-parken-CCO-Parkdeck-1,oldenburg-service-parken-CCO-Parkdeck-2,oldenburg-service-parken-Parkhaus-Alter-Stadthafen-Cinemaxx,oldenburg-service-parken-Parkhaus-Am-Waffenplatz,oldenburg-service-parken-Parkhaus-August-Carree,oldenburg-service-parken-Parkhaus-Bahnhof-ZOB,oldenburg-service-parken-Parkhaus-Galeria-Kaufhof,oldenburg-service-parken-Parkhaus-Heiligengeist-Hoefe,oldenburg-service-parken-Parkhaus-Schlosshoefe,oldenburg-service-parken-Parkhaus-Theatergarage,oldenburg-service-parken-Parkplatz-Pferdemarkt,oldenburg-service-parken-Parkplatz-Theaterwall,oldenburg-service-parken-Ratsherren,parken-in-bochum-P1-Husemannplatz,parken-in-bochum-P2-Dr-Ruer-Platz,parken-in-bochum-P3-Rathaus-BVZ,parken-in-bochum-P5-Bruckstrasse,parken-in-bochum-P6-Hauptbahnhof-Buddenbergplatz,parken-in-bochum-P7-Kurt-Schumacher-Platz,parken-in-bochum-P8-Konrad-Adenauer-Platz-Bermuda3Eck,parken-in-bochum-P9-Schauspielhaus,parken-in-bochum-PH-Alter-Markt-Wattenscheid,parken-in-bochum-PH-Bochumer-Fenster,parken-in-bochum-PH-Husemann-Karree,parken-in-bochum-PH-Massenbergstrasse,parken-in-bochum-PH-Quartiersgarage-Ostpark,parken-in-bochum-PH-Stadionring,parken-in-bochum-PH-Westpark-Jahrhunderthalle,parken-luebeck-Am-Bahnhof-Handelshof-Parkplatz-Strassenrand-Am-Bahnhof-Handelshof-Parkplatz-Strassenrand-Lubeck,parken-luebeck-Am-Burgfeld-Parkplatz-Am-Burgfeld-Parkplatz-Lubeck,parken-luebeck-Am-Fischereihafen-Parkplatz-Am-Fischereihafen-Parkplatz-Travemunde,parken-luebeck-Am-Leuchtenfeld-Leuchtturm-Parkplatz-Am-Leuchtenfeld-Leuchtturm-Parkplatz-Travemunde,parken-luebeck-Backbord-Parkplatz-Backbord-Parkplatz-Travemunde,parken-luebeck-Bahnhof-Parkplatz-Strassenrand-Bahnhof-Parkplatz-Strassenrand-Lubeck,parken-luebeck-Bauhof-Parkplatz-Bauhof-Parkplatz-Lubeck,parken-luebeck-Beckergrube-Parkplatz-Beckergrube-Parkplatz-Lubeck,parken-luebeck-Bruckenweg-Parkplatz-Bruckenweg-Parkplatz-Lubeck,parken-luebeck-Burgstrasse-Parkplatz-Burgstrasse-Parkplatz-Lubeck,parken-luebeck-Fahrstrasse-Parkplatz-Fahrstrasse-Parkplatz-Lubeck,parken-luebeck-Fahrvorplatz-Parkplatz-Fahrvorplatz-Parkplatz-Travemunde,parken-luebeck-Hafenbahnhof-Parkplatz-Hafenbahnhof-Parkplatz-Travemunde,parken-luebeck-Hermann-Lange-Strasse-Parkplatz-Hermann-Lange-Strasse-Parkplatz-Lubeck,parken-luebeck-Huxterdamm-Parkplatz-Huxterdamm-Parkplatz-Lubeck,parken-luebeck-Kanalstrasse-P2-Parkplatz-Kanalstrasse-P2-Parkplatz-Lubeck,parken-luebeck-Kanalstrasse-P3-Parkplatz-Kanalstrasse-P3-Parkplatz-Lubeck,parken-luebeck-Kanalstrasse-P4-Parkplatz-Kanalstrasse-P4-Parkplatz-Lubeck,parken-luebeck-Kanalstrasse-P5-Parkplatz-Kanalstrasse-P5-Parkplatz-Lubeck,parken-luebeck-Kanalstrasse-Strassenrand-Parkplatz-Kanalstrasse-Strassenrand-Parkplatz-Lubeck,parken-luebeck-Kirchenstrasse-Parkplatz-Kirchenstrasse-Parkplatz-Travemunde,parken-luebeck-Konrad-Adenauer-IHK-Parkplatz-Strassenrand-Konrad-Adenauer-IHK-Parkplatz-Strassenrand-Lubeck,parken-luebeck-Kowitzberg-Parkplatz-Kowitzberg-Parkplatz-Travemunde,parken-luebeck-Kurgartenstrasse-Parkplatz-Kurgartenstrasse-Parkplatz-Travemunde,parken-luebeck-Lastadie-P1-Parkplatz-Lastadie-P1-Parkplatz-Lubeck,parken-luebeck-Lastadie-P3-Parkplatz-Lastadie-P3-Parkplatz-Lubeck,parken-luebeck-Lastadie-P5-Parkplatz-Lastadie-P5-Parkplatz-Lubeck,parken-luebeck-Leuchtenfeld-Parkplatz-Leuchtenfeld-Parkplatz-Travemunde,parken-luebeck-Marlesgrube-Parkplatz-Marlesgrube-Parkplatz-Lubeck,parken-luebeck-Mowenstein-Parkplatz-Mowenstein-Parkplatz-Travemunde,parken-luebeck-MuK-Parkplatz-MuK-Parkplatz-Lubeck,parken-luebeck-Muhlenbrucke-Parkplatz-Muhlenbrucke-Parkplatz-Lubeck,parken-luebeck-Muhlendamm-Parkplatz-Muhlendamm-Parkplatz-Lubeck,parken-luebeck-Muhlenstrasse-Parkplatz-Muhlenstrasse-Parkplatz-Lubeck,parken-luebeck-Mullergarten-Parkplatz-Mullergarten-Parkplatz-Lubeck,parken-luebeck-Musterbahn-Parkplatz-Musterbahn-Parkplatz-Lubeck,parken-luebeck-Nordliche-Wallhalbinsel-Parkplatz-Nordliche-Wallhalbinsel-Parkplatz-Lubeck,parken-luebeck-Obertrave-Parkplatz-Strassenrand-Obertrave-Parkplatz-Strassenrand-Lubeck,parken-luebeck-Parade-Parkplatz-Parade-Parkplatz-Lubeck,parken-luebeck-Parkplatz-vor-dem-PH-Burgtor-Parkplatz-Parkplatz-vor-dem-PH-Burgtor-Parkplatz-Lubeck,parken-luebeck-Paul-Brummer-Strasse-Parkplatz-Paul-Brummer-Strasse-Parkplatz-Travemunde,parken-luebeck-Priwall-Parkplatz-Priwall-Parkplatz-Travemunde,parken-luebeck-Radisson-Blu-Parkplatz-Radisson-Blu-Parkplatz-Lubeck,parken-luebeck-Retteich-Parkplatz-Retteich-Parkplatz-Lubeck,parken-luebeck-Roeckstrasse-Parkplatz-Roeckstrasse-Parkplatz-Lubeck,parken-luebeck-Rose-Parkplatz-Rose-Parkplatz-Travemunde,parken-luebeck-Strandbahnhof-Parkplatz-Strandbahnhof-Parkplatz-Travemunde,parken-luebeck-Trelleborgallee-Parkplatz-Trelleborgallee-Parkplatz-Travemunde,parken-luebeck-Untertrave-Flache-1-Parkplatz-Strassenrand-Untertrave-Flache-1-Parkplatz-Strassenrand-Lubeck,parken-luebeck-Untertrave-Parkplatz-Untertrave-Parkplatz-Lubeck,parken-luebeck-Verwaltungszentrum-Muhlentor-Parkplatz-Verwaltungszentrum-Muhlentor-Parkplatz-Lubeck,parken-luebeck-Vogteistrasse-Parkplatz-Vogteistrasse-Parkplatz-Travemunde,parken-luebeck-Wallstrasse-Parkplatz-Wallstrasse-Parkplatz-Lubeck,parken-luebeck-Werner-Kock-Strasse-Parkplatz-Strassenrand-Werner-Kock-Strasse-Parkplatz-Strassenrand-Lubeck,parken-osnabrueck-11,parken-osnabrueck-13,parken-osnabrueck-16,parken-osnabrueck-17,parken-osnabrueck-18,parken-osnabrueck-19,parken-osnabrueck-21,parken-osnabrueck-22,parken-osnabrueck-23,parken-osnabrueck-24,parken-osnabrueck-25,parken-osnabrueck-26,parken-osnabrueck-27,parken-osnabrueck-28,parken-osnabrueck-29,parken-osnabrueck-30,parken-osnabrueck-31,parken-osnabrueck-32,parken-osnabrueck-33,parken-osnabrueck-34,parken-osnabrueck-35,parken-osnabrueck-36,parken-osnabrueck-37,parken-osnabrueck-38,parken-osnabrueck-39,parken-osnabrueck-40,parken-osnabrueck-41,parken-osnabrueck-43,parken-osnabrueck-44,parken-osnabrueck-45,parken-osnabrueck-46,parken-osnabrueck-49,parken-osnabrueck-50,parken-osnabrueck-51,regensburg-parken-Park-Ride-Parkplatz-Unterer-Wohrd,regensburg-parken-Park-Ride-Parkplatz-West,regensburg-parken-Parkhaus-Dachauplatz,regensburg-parken-Parkhaus-Dallmeier,regensburg-parken-Parkhaus-Regensburg-Arcaden,regensburg-parken-Parkhaus-St-Peters-Weg,regensburg-parken-Parkplatz-Dultplatz,regensburg-parken-Tiefgarage-Arnulfsplatz,regensburg-parken-Tiefgarage-Hauptbahnhof-Castra-Regina-Center,regensburg-parken-Tiefgarage-am-Theater-Bismarckplatz,reutlingen-parken-Am-Bahnhof,reutlingen-parken-Bahnhof,reutlingen-parken-Echaz-Zentrum,reutlingen-parken-Galeria-Kaufhof,reutlingen-parken-Gartentor-C-A-Mode,reutlingen-parken-Gartenviertel,reutlingen-parken-Kaiserpassage,reutlingen-parken-Klinikum-I,reutlingen-parken-Klinikum-II,reutlingen-parken-Konrad-Adenauer-Strasse-Eberhardstrasse,reutlingen-parken-Kronprinzenbau,reutlingen-parken-Lederstrasse,reutlingen-parken-Nordstern,reutlingen-parken-Obere-Wassere,reutlingen-parken-Parkgarage-Leonhardsplatz,reutlingen-parken-Parkhaus-Pomologie,reutlingen-parken-Rathaus-Tubinger-Tor,reutlingen-parken-Stadthalle,reutlingen-parken-Stadtmitte,reutlingen-parken-Unter-den-Linden,reutlingen-parken-Volksbank,sw-bielefeld-parken-Parkhaus-Am-Hauptbahnhof,sw-bielefeld-parken-Parkhaus-Am-Jahnplatz,sw-bielefeld-parken-Parkhaus-Am-Zwinger,sw-bielefeld-parken-Parkhaus-Ankergarten,sw-bielefeld-parken-Parkhaus-Bahnhofsviertel-1,sw-bielefeld-parken-Parkhaus-Bahnhofsviertel-2,sw-bielefeld-parken-Parkhaus-Centrum,sw-bielefeld-parken-Parkhaus-Karstadt,sw-bielefeld-parken-Parkhaus-LOOM,sw-bielefeld-parken-Parkhaus-Ritterstrasse,sw-bielefeld-parken-Parkhaus-Stadthalle,sw-bielefeld-parken-Parkpalette-Hermann-Delius-Strasse,sw-bielefeld-parken-Parkplatz-Friedenstrasse,sw-bielefeld-parken-Parkplatz-Grosse-Kurfursten-Str,sw-bielefeld-parken-Parkplatz-Hbf,sw-bielefeld-parken-Parkplatz-Herforder-Str,sw-bielefeld-parken-Parkplatz-Kunsthalle,sw-bielefeld-parken-Parkplatz-Mercatorstr,sw-bielefeld-parken-Parkplatz-Niederwall,sw-bielefeld-parken-Parkplatz-Teutoburger-Strasse,sw-bielefeld-parken-Parkplatz-Zentrum,sw-bielefeld-parken-Parkplatze-Werner-Bock-Strasse,sw-bielefeld-parken-Seidenstickerhalle,sw-bielefeld-parken-Tiefgarage-Altstadt-Carre,sw-bielefeld-parken-Tiefgarage-Am-Theater,sw-bielefeld-parken-Tiefgarage-Kesselbrink,sw-bielefeld-parken-Tiefgarage-Marktpassage-nicht-fur-gasbetriebene-Fahrzeuge,sw-bielefeld-parken-Tiefgarage-Neues-Rathaus,sw-bielefeld-parken-Tiefgarage-Welle,sw-bielefeld-parken-Tiefgarage-Willy-Brandt-Platz,sw-bielefeld-parken-Tiefgarage-und-Parkpalette-CineStar,swt-trier-parken-Bahnhof,swt-trier-parken-Basi,swt-trier-parken-City,swt-trier-parken-Hauptm,swt-trier-parken-Kons,swt-trier-parken-Osta,swt-trier-parken-ParkPlaza,tiefbauamt-nuernberg-parken-ADCOM-Center,tiefbauamt-nuernberg-parken-Adlerstrasse,tiefbauamt-nuernberg-parken-City-Park-Center,tiefbauamt-nuernberg-parken-Erler-Klinik,tiefbauamt-nuernberg-parken-Findelgasse,tiefbauamt-nuernberg-parken-Galeria-Kaufhof,tiefbauamt-nuernberg-parken-Hans-Sachs-Platz,tiefbauamt-nuernberg-parken-Hauptbahnhof,tiefbauamt-nuernberg-parken-Hauptmarkt,tiefbauamt-nuernberg-parken-Jakobsmarkt,tiefbauamt-nuernberg-parken-Katharinenhof,tiefbauamt-nuernberg-parken-PH-Nurnberger-Akademie,tiefbauamt-nuernberg-parken-Parkhaus-City-Point,tiefbauamt-nuernberg-parken-Parkhaus-Karstadt,tiefbauamt-nuernberg-parken-Parkhaus-Maximum,tiefbauamt-nuernberg-parken-Parkhaus-Wohrl,tiefbauamt-nuernberg-parken-Parkhausname,tiefbauamt-nuernberg-parken-Sebalder-Hofe,tiefbauamt-nuernberg-parken-Sterntor,tiefbauamt-nuernberg-parken-Theater,vmz-bremen-parken-Am-Bahnhof,vmz-bremen-parken-Am-Brill,vmz-bremen-parken-Am-Dom,vmz-bremen-parken-Am-Kuhhirten,vmz-bremen-parken-Am-Sedanplatz,vmz-bremen-parken-Am-Vegesacker-Hafen,vmz-bremen-parken-Am-Wall,vmz-bremen-parken-Aumunder-Markplatz,vmz-bremen-parken-Beckersweide,vmz-bremen-parken-Burgerweide,vmz-bremen-parken-Burgerweide-Klangbogen,vmz-bremen-parken-City-Gate,vmz-bremen-parken-Fresenbergstrasse-P1,vmz-bremen-parken-Fresenbergstrasse-P2,vmz-bremen-parken-Herdentor-Rembertiring,vmz-bremen-parken-Hillmannplatz,vmz-bremen-parken-Im-Pohl,vmz-bremen-parken-Katharinenklosterhof,vmz-bremen-parken-Kunstlerhaus-Guterbahnhof,vmz-bremen-parken-Lubecker-Strasse,vmz-bremen-parken-Messe-Parkhaus,vmz-bremen-parken-Mitte,vmz-bremen-parken-Ortsamt-Blumenthal,vmz-bremen-parken-Ostertor-Kulturmeile,vmz-bremen-parken-Pressehaus,vmz-bremen-parken-Rowekamp-Metropol-Theater,vmz-bremen-parken-Sagerstr,vmz-bremen-parken-Silbermannstrasse,vmz-bremen-parken-Stephani,vmz-bremen-parken-Uberseestadt,vmz-bremen-parken-Weserstadion,vtmanager-duesseldorf-parken-FLOAT,vtmanager-duesseldorf-parken-Heerdt,vtmanager-duesseldorf-parken-PH-01,vtmanager-duesseldorf-parken-PH-02,vtmanager-duesseldorf-parken-PH-03,vtmanager-duesseldorf-parken-PH-04,vtmanager-duesseldorf-parken-PH-06,vtmanager-duesseldorf-parken-PH-08,vtmanager-duesseldorf-parken-PH-09,vtmanager-duesseldorf-parken-PH-10,vtmanager-duesseldorf-parken-PH-11,vtmanager-duesseldorf-parken-PH-12,vtmanager-duesseldorf-parken-PH-13,vtmanager-duesseldorf-parken-PH-16,vtmanager-duesseldorf-parken-PH-17,vtmanager-duesseldorf-parken-PH-18,vtmanager-duesseldorf-parken-PH-20,vtmanager-duesseldorf-parken-PH-22,vtmanager-duesseldorf-parken-PH-23,vtmanager-duesseldorf-parken-PH-24,vtmanager-duesseldorf-parken-PH-25,vtmanager-duesseldorf-parken-PH-26,vtmanager-duesseldorf-parken-PH-29,vtmanager-duesseldorf-parken-PH-33,vtmanager-duesseldorf-parken-PH-34,vtmanager-duesseldorf-parken-PH-35,vtmanager-duesseldorf-parken-PH-37,vtmanager-duesseldorf-parken-PH-39,vtmanager-duesseldorf-parken-PH-42,vtmanager-duesseldorf-parken-PH-43,vtmanager-duesseldorf-parken-PH-45,vtmanager-duesseldorf-parken-PH-46,vtmanager-duesseldorf-parken-PH-47,vtmanager-duesseldorf-parken-PH-48,vtmanager-duesseldorf-parken-PH-50,vtmanager-duesseldorf-parken-PH-51,vtmanager-duesseldorf-parken-PH-52,vtmanager-duesseldorf-parken-PH-53,vtmanager-duesseldorf-parken-PH-54
2026-09-25T00:00:02+00:00,219,,55,113,,65,,256,,,220,265,,326,483,,324,,,,1300,167,477,418,440,,,83,,,60,1073,32,95,61,197,,,,5,167,158,0,68,0,38,,,,,122,,412,46,96,,35,60,19,111,156,189,16,124,206,87,235,110,58,13,107,,,362,20,,143,321,373,229,274,164,190,223,21,198,63,561,186,323,499,290,211,618,78,227,221,332,500,214,445,212,161,120,279,342,448,168,174,801,69,760,266,118,279,248,240,317,1309,19,4,454,79,,,,200,280,521,,123,386,,0,0,0,0,300,0,0,0,0,544,0,0,0,0,189,227,0,0,0,0,0,260,129,,10,219,370,255,292,86,181,74,150,89,298,438,564,421,68,230,29,988,439,629,380,401,283,419,,412,198,333,197,81,199,244,298,251,,,236,17,144,903,,0,0,0,0,0,0,0,0,261,0,0,0,0,0,516,0,19,110,148,0,0,0,0,0,0,0,0,155,0,0,0,0,60,0,0,0,0,75,0,0,48,209,36,195,536,256,190,272,256,427,0,401,74,13,445,346,408,664,341,405,543,134,,236,446,97,,1377,,,,355,,133,,,,,,,,0,,,132,53,38,20,,,,450,,,21,167,340,,,132,,,,,,,,,,,,0,,,,,,,,,,,,339,137,49,125,115,150,68,224,523,402,37,38,336,207,44,202,3,0,20,95,195,276,0,36,212,179,308,196,111,138,892,28,143,46,110,0,464,65,1283,344,360,120,199,206,0,118,209,289,84,0,0,343,343,116,0,314,0,343,209,135,289,200,249,0,0,776,83,195,94,723,,324,347,,313,381,,,160,119,,,,,,75,,,330,117,,,402,272,,318,277,162,753,261,188,707,60,40,164,391,120,129,160,51,103,321,306,289,243,0,170,82,375,,206,304,0,,,,,,,,,,,,,,,,,,,,,,,,,,,,,,,,574,146,112,439,70,345,306,85,567,,,,,86,,190,71,,422,198,476,275,360,,,,200,523,623,,,546,,197,129,160,641,352,149
2026-09-25T00:15:01+00:00,,,,,,,,255,,,,,,,,,,,,,,,,,,,,,,,,,,,,,,,,,,,,67,,,,,,,,,,,,,34,,,,,,,,,,,,,,,,,,,,,322,,,,,,,,,,,,,,,,619,79,,,,501,,,213,,,281,,449,,,,,761,,,,,,,,,,,,,,,,,,,,,,,,,,,,,,,,,,,,188,,,,,,,,,,,,,,,,,,,,,437,,,,,,,,,,,,,,,,332,,,,,,252,,,,17,,,,,,,,,,,,262,,,,,,,,,,,,,,,,,,,,,,,,,,,,,,,,,,,,535,,,,,,,,,,,,,,,,544,,,,,,,,,,,,,,,,,,,,,,,,,,,,,,,,,,,,,,,,,,,,,,,,,,,,,,,,,,,,,,,340,,50,,,,,,,,,,,,,,,,,,,,,,,,,,,,,,,,112,,465,,1285,351,361,,,209,,,,,,,,,,,,,,,,,,,,,,,,,,,,325,,,,,,,,,,,,,,,,,,116,,,,,,,,,,,,,,,,,,,,,,,,288,,,,,,,,,,,,,,,,,,,,,,,,,,,,,,,,,,,,,,,,,,,,443,,,,,,209,340,345,,,,,,90,423,,,,,,,,,,,126,,,,,128,,,,
2026-09-25T00:30:02+00:00,,,,,,,,,,,,266,,,,,,,,,,,476,,,,,,,,61,,,94,,,,,,,,,,,,39,,,,,,,411,,,,,61,,,,,,,,,,,,,,,,,,,,323,,,,,,,,,,560,,,,,,,,,,,502,,,214,,,,,450,,,,,,,,280,,,,1310,,,,,,,,200,280,522,,123,386,,,,,,,,,,,,,,,,189,,,,,,,,,,,,,,,,,,,,,438,,422,,,,,,,,,,,,,,,,,,,,,,,,17,,905,,,,,,,,,,,,,,,,,,,,,,,,,,,,,,,,,,,,,,,,,,,,,,536,,,,,,,,,,,,,,342,,545,,,,,,,1378,,,,,,,,,,,,,,,,,,,,,,,,,,,,,,,,,,,,,,,,,,,,,,,,,,,,,,,,339,,,,,,,,,,,,,,,,,,,,,,,,,,,,,,,,,,,,,,,,,,,,,,,,,,,,,,,,,,,,,,,,,778,,,,,,324,,,,,,,,,,,,,,,,,,,,,403,,,,,,,262,,,,,,,,,,,102,,,,,,,,,,,,,,,,,,,,,,,,,,,,,,,,,,,,,,,,,,,,,,,446,,,,,,,,,,,,,,,,,,276,,,,,,,,,,,,,,,,,
2026-09-25T00:45:02+00:00,,,,,,,,,,,,,,,,,,,,,,,,,441,,,,,,,,,,,,,,,,,,,,,,,,,,,,,,,,,,,,,,,,,,,,,,,,,,,,,,,,,,,,,,,,,,,,,620,,,,,503,,,,,,,,,,,,,,,,,,,316,1309,,,,,,,,,,,,,387,,,,,,,,,,,,,,,,,,,,,,,,,,,,,,,,,,,,,,,,,,,,,,,,,,,,,,,,,,,,,,,17,,904,,,,,,,,,,,,,,,,,,,,,,,,,,,,,,,,,,,,,,,,,,,,,,,255,,,,,,,,,,,,,,,548,,,,,,,,,,,,,,,,,,,,,,,,,,,,,,,,,,,,,,,,,,,,,,,,,,,,,,,,,,,,,,,340,,,,,,,,,,,,,,,,,,,,,,,,,,,,,,,,,,,,,,,,,,,,,,,,,,,,,,,,,,,,,,,,,779,,,,,,,,,,,,,,,,,,,,,,,,,,,,,,,,,,,,,,,,,,,,,,,,,,,,,,,,,,,,,,,,,,,,,,,,,,,,,,,,,,,,,,,,,,,,449,,,,,,,,,,,,,,,,,,,,,,,,,,,,556,,,,,,,
2026-09-25T01:00:02+00:00,,,,,,,,,,,,,,,,,,,,,,,,,,,,,,,,,,,,,,,,,,,,,,,,,,,,,,,,,,,,110,,,,125,,,,,,,,,,,,,,,,,,,,,,,,,187,,,,,,,,,333,,,,,,,,,452,,,,,,,,,,,,1307,,,,,,,,,,523,,,,,,,,,,,,,,,,,,,,,,,,,,,,,,,,,,,,,,,,,,,,,,,,,,,,,,,,,,80,,,,,,,,17,,905,,,,,,,,,,,,,,,,,,,,,,,,,,,,,154,,,,,,,,,,,,,,,,,,,,,,,,,,,,,,,341,,550,,,,,,,1377,,,,,,,,,,,,,,,,,,,,,,,,,,,,,,,,,,,,,,,,,,,,,,,,,,,,,,,,,,,,,,,,,,,,,,,,,,,,,,,,,,,,,,,,,,,,,,,,,,,,,,,,,,,,,,,,,,,,,,,,,778,,,,,,,,,,,,,,,,,,,,,,,,,,,,,,,,,,,,,,,,,,,,,103,,307,,,,,,374,,,305,,,,,,,,,,,,,,,,,,,,,,,,,,,,,,,,,,145,113,454,,,,,,209,340,345,,,,,,90,,,,,,,,,,,,126,,,,,,,,,
2026-09-25T01:15:02+00:00,220,,,,,,,,,,,,,,,,,,,,,,,,,,,,,,63,1072,,,,,,,,,,,,,,,,,,,,,,,,,,,,111,,,,124,,,,,,,,,,,,,,,,,,,,,,,,,,,498,,,,,221,,,,,,,,,282,341,,,,,,,267,,,,,317,1309,,,,,,,,,,,,,,,,,,,,,,,,,,,,,,,,,,,,,,,,,,,,,,,,,,436,561,,,,,989,,,,,,418,,,,,,,,,,,,,,17,,,,,,,,,,,,261,,,,,,515,,,,,,,,,,,,,,,,,,,,,,,,,,,,,,,254,,,,,,,,,,,,,,,551,,,,445,,,1378,,,,,,,,,,,,,,,,,,,,,,,,,,,,,,,,,,,,,,,,,,,,,,,,,,,,,,,,349,,,,,,,,,,,,,,,,,,,,,,,,,,,,,,,,,47,111,,,,,354,,,,212,,,,,,,,,,,,,,,,,,,,,,,,,,,,,,,,,,,,,,,,,,,,,,,,,,,,,,163,,,,,,,,,,,,,104,,,,,,169,,,,,,,,,,,,,,,,,,,,,,,,,,,,,,,,,,,,,,,146,,455,,,,,,,,,,,,189,,,,,,,,,,,,,624,,,,,,,,,,
2026-09-25T01:30:01+00:00,,,,,,,,,,,,,,,,,,,,,,,478,,,,,,,,,,,,,,,,,,,157,,,,,,,,,,,,,,,35,,,110,,,,121,,,,,,,,,,,,,,,,,,,,,,,,,,,,,,,,,,,,,,,,,,339,,,,,,760,,,,,,318,1313,,,,,,,,,,,,,,,,,,,,,,,,543,,,,,,,,,,,,,,,,,,,,,,,,,,438,,421,,,,,,,,,,419,,,,,,,,,,,,,,17,,,,,,,,,,,,262,,,,,,,,,,,,,,,,,,,,,,,,,,,,,,,,,,,,,,,,,,,,,,,,,,,,554,,,,,,,,,,,,,,,,,,,,,,,,,,,,,,,,,,,,,,,,,,,,,,,,,,,,,,,,,,,,,,,,,,,,,,,,,,,,,,,,,,,,,,,,,,,,,,,,,,,,,,,,,,,,,,,,,,,,,,,,,,,,,,,,,,,,,,,,,,,,,,,,,,,,,,,,,,,,,,,,,,263,,,61,,,,,,,,,,,,,,,,,,,,,,,,,,,,,,,,,,,,,,,,,,,,,,,,,,,,,145,,456,,,,,,,,,,,,,,,,,,,,,,,,,,,,,,,,,,,
2026-09-25T01:45:02+00:00,,,,,,,,,,,,265,,,,,,,,,,,,,,,,,,,,1090,,,,,,,,,,155,,,,,,,,,,,,,,,,,,111,,,,,,,,,,,,,,,,,,,,,,,,,,,,,,,,,,,,,,,,215,,,,,,,,,,,,,,,,,,,1312,,,,,,,,,,,,,,,,,,,,,,,,,,,,,,,,,,,,,,,,,,,,,,,,,,437,558,,,,,,,628,,,,,,413,,331,,79,,,,,,,235,17,,,,,,,,,,,,,,,,,,,,,,,,,,,,,,,,,,,,,,,,,,,,,,,,,255,,,,,,,,,,,,,,,553,,,,,,,,,,,,,,,,,,,,,,,,,,,,,,,,,,,,,,,,,,,,,,,,,,,,,,,,,,,,,,,348,,,,,,,,,,,,,206,,,,,,,,,,,,,,,,,,,,,,,,,,,,,,,,,,,,,,,,,,,,,,,,,,,,777,,,,,,,,,,,,,,,,,,,,,,,,,,,,,,,,,,,,,,,,,,,,,103,,,,242,,,,,,,306,,,,,,,,,,,,,,,,,,,,,,,,,,,,,,,,,,144,,459,,,,,,,,,,,,,,,,,477,,,,,,,,,,,,,,,,,,
2026-09-25T02:00:01+00:00,,,,,,,,,,,,,,,,,,,,,,,,,,,,,,,,1123,,,,,,,,,,158,,68,,,,,,,,,,,,,,,18,,,,,122,,,,,,,,,,,,,,322,,,,,,,,,,,,,,291,,,,,,,,,444,215,,,,,453,,,,,,,,,,,,1314,,,,,,,,,,,,,,,,,,,,,,,,,,,,,,,,,,,,,,,,,,,,,,,,,,434,557,419,,,,,438,,,,,,,,,,,78,,,,,,,,17,,,,,,,,,,,,,,,,,,,,,,,,,,,,,,,,,,,,,,,,,,,,,,,,,,,,,,,,,,,,,,,,554,,,,,,,,,,,,,,,,,,,,,,,,,,,,,,,,,,,,,,,,,,,,,,,,,,,,,,,,,,,,,,,,,,,,,,223,,,,,,,,,,,,,,,,,,,,195,,,889,,,,,,,,,,,,,,,,,,,,,,,,,,,,,,,,,,,,,,,,,,,,,,,,,,,,,,,,,,,,,,,,,,,,,,,,,,,,,,,,104,,,,,,,,,,,,,,,,,,,,,,,,,,,,,,,,,,,,,,,,,,,,,145,,461,,,,,,,,,,,,,,,,,,,,,,,,,625,,,,,,,,,,
2026-09-25T02:15:02+00:00,217,,,,,,,,,,,,,,,,,,,,,,,,,,,,,,62,,,93,,,,,,,168,,,69,,,,,,,,,,,,,,,19,110,,,,121,,,234,,,,,,,361,,,,220,,,,,,,,,,,188,,497,,,,,,,,,,,,,,,,,,,,,,,,,245,,,1311,,,,,,,,,,,,,,,,,,,299,,,,,,,,,,,226,,,,,,,,,,,,,,,,,,,,438,556,,,,,,,,,,,418,,,,329,,77,,,,,,,,17,,904,,,,,,,,,,263,,,,,,,,,,,,,,,,,,,,,,,,,,,,,,,,,,,,535,,189,,,,,,69,14,,,,,,,553,,,,,,,,,,,,,,,,,,,,,,,,,,,,,,,,,,,,,,,,,,,,,,,,,,,,,,,,,,,,,,,,,,,,,,,,,,,,,,,,,,,,,,,,,,,110,,888,,,,,,464,,,359,,121,,211,,,,,,,,,,,,,,,,,,,,,,775,,,,,,,,,,380,,,159,,,,,,,,,,,,,,,,,,,,,,,,,39,,,,,,,103,,,,,,,,,,,,,,,,,,,,,,,,,,,,,,,,,,,,,,,,,,,,,,,462,,,,,,,,,,,,,,,,,,,,,,,,,,,,,,,,,,,
2026-09-25T02:30:02+00:00,,,,,,,,,,,,266,,,,,,,,,,,,,,,,,,,,,,94,,,,,,,,,,,,,,,,,,,,,,,,,,,,,,,205,,235,,,,,,,,21,,,,,,,,,,,,,559,,,498,,,,,,,,,,,,,,,337,,,,,,,,,,,,,1310,,,,,,,,,,,,,,,,,,,300,,,,,,,,,,188,227,,,,,,,,,,,,,,,,,,,,,555,,,,,,437,,,,,419,,,,326,,76,,,,,,,,17,,,,,,,,,,,,,,,,,,514,,,,,,,,,,,,,,,,,,,,,,,,,,,,,,,,,,,,,,,,446,,,,,,551,,,,,,,,,,,,,,,,,,,,,,,,,,,,,,,,,,,,,,,,,,,,,,,,,,,,,,,,,,,,,,,349,,,,,,,,,,,,,,,,,,,,,,,,,,,,,,,,,,,,,,,,,,,,,,,,,,,,,,,,,,,,,,,,,,,,,,,,,,,,,,160,120,,,,,,,,,,,,,,,,,,,,,,706,,,,,,,,,,320,,,,,,,,,,,,,,,,,,,,,,,,,,,,,,,,,,,,,,,,,,,,144,,464,,,,,,,,,,,,,,,,,,,,,,,,,,,,,,,,,,,
2026-09-25T02:45:01+00:00,216,,,,,,,,,,,,,,,,,,,,,,,,,,,,,,,,,93,,,,,,,,157,,67,,,,,,,,,,,,,,60,18,107,,,15,,,,234,111,57,,,,,358,,,,,,,,,,,,,,,187,322,500,,,,,,,,,,,,,,,335,,,,,,,,,279,,,317,1309,,,,,,,,,,,,,,,,,,,,,,,,,,,,,189,,,,,,,,,,,,,,,,,,,,297,437,551,,,,,,433,,,,,418,,,197,320,,,,,,251,,,,17,,905,,,,,,,,,,,,,,,,,,,,,,,,,,,,,153,,,,,,,,,,,,,,,,,,,,,,,,,,,,345,,,,,,,,,,,,,,,,,,,,,,,,,,,,,,,,,,,,,,,,,,,,,,,,,,,,,,,,,,,,,,,,,,,,347,,,,,,,,522,,,,337,,,,,,,,,,,,211,,,,,,886,,,,,,,,,,,,,,,,,,,,,,,,,,,,,,,,,,,774,,,,,,,,,,,,,,121,,,,,,,,,,,,,,,,,,,,,,705,,40,,,,,,,,,,,,,,,,,,308,,,,,,,,,,,,,,,,,,,,,,,,,,,,,,,,,,145,,,,,,,,,,,,,,,,,,,,,,,,,,,626,,,,,,,,,,
2026-09-25T03:00:01+00:00,215,,,,,,,,,,,267,,,,,,,,,,,,,,,,,,,,,,,,,,,,,,,,,,,,,,,,,,,,,,,,109,,,,,203,,,,,,,,,356,,,,219,,,,,,,,,,,,,,,,,78,,,331,,,,216,,,,,454,,,,,,,,,246,,318,1307,,,,,,,,,,,,,386,,,,,,,,,,,,,,,,,,,,,,,,,,,,,,,,,,,,296,,548,,,,,,430,,,,,,,,,319,,74,,,,,,,,17,,,,,,,,,,,,,,,,,,513,,,,,,,,,,,,,,,,,,,,,,,,,,,,,,,,188,,,,,,,,,,407,,,,553,,,,,,,,,,,,,,,,,,,,,,,,,,,,,,,,,,,,,,,,,,,,,,,,,,,,,,,,,,,,,,,345,,,,,149,,,,,,,,,,,,,,,,,,,210,,307,193,,,884,,,,,,,,,,,,,,,,,,,,,,,,,,,,,,,,,,,773,,,,722,,,,,,379,,,,,,,,,,,,,,,,,,,,,,,754,,,704,62,,,,,,,,104,319,,,,,168,,,,,309,,,,,,,,,,,,,,,,,,,,,,,,,,,,,,,,,,144,,463,,,,,,,,,,,,,,,,,,,,,,,,,590,125,,,,,,,,,
2026-09-25T03:15:02+00:00,,,,,,,,256,,,,,,,,,,,,,,,,417,,,,,,,64,,31,,,,,,,,,,,,,38,,,,,,,,,,,,,17,,,,,,204,,,,,,,,,,,,,216,368,,,,,,,,,,,,499,,,621,,,,330,,214,,,,,,334,,,,798,,,266,,277,243,,,1310,,,,,,,,,,,,,,,,,,,301,,,,,,,,,,,,,,,,,,,,,,,,,,,,,,297,434,546,,,,,990,425,,,,,,,,196,299,147,75,200,,,151,,,236,17,,,,,,,,,,,40,,,,,,,512,,18,,,,,,,,,,,154,,,,,,,,,,,,,,,,,,252,186,,,,,399,,,445,,,662,339,,,,,,444,,,,,,,,,,,,,,,,,,,,,,,,,,,,,,,,,,,,,,,,,,,,,,,,,,,,,,,,,,,344,,,,,,,,,401,,,,207,,,,,,,,,,,,,,191,,,882,,,,,,465,66,1284,,362,,,,,,,,,,,,,,,,,,,,,,,,,772,,,,,,,,,,,,,,,,,,,,,,,329,,,,275,,,317,278,164,755,,,,,39,,,,,,,,,,,,,,,,,,,,,,,,,,,,,,,,,,,,,,,,,,,,,,,,,,,,145,,464,,,,,,,,,,,,,,,,,,,,,,,,,,,,,,,38,,,,
2026-09-25T03:30:02+00:00,,,,,,,,,,,,264,,324,,,,,,,,,,412,,,,,,,,,30,,,,,,,,,153,,,,,,,,,,,406,,,,,54,16,108,,,,,,,233,,,,,,,351,,,,215,367,,,,,,,,,,,,,,,620,,,,,,,,,,,,,,,,,,759,265,117,276,242,,,1307,,5,,,,,,201,280,523,,,390,,,,,,,,,,,544,,,,,,226,,,,,,,,,,,,,,,,,,,296,436,547,,,,,992,414,629,,,,,,,195,296,,73,,,,,,,238,17,,,,,,,,,,,,262,,,,,,509,,17,,,,,,,,,,,,,,,,,,,,,,,,,,,,,243,185,,,,,400,,,446,343,,658,340,,,,,,,,,1376,,,,,,,,,,,,,,,,,,,,,,,,,,,,,,,,,,,,,,,,,,,,,,,,,,,,,,,,340,,,,,,,222,521,,,,335,,,,,,19,,194,,,,209,,,188,,,864,,,,,,,,,,,,,,,,,,,,,,,,,,,,,,,,,,,,,,,,,,,,,378,,,158,,,,,,,,,,,,,,,,,,,163,,262,,,,,,,119,,,,101,,,,,,169,81,,,,,,,,,,,,,,,,,,,,,,,,,,,,,,,,,,,,,,,,,,,307,,,,,,,,,,,,,,,,,,,,,,,,,,,,,,,,
2026-09-25T03:45:01+00:00,213,,,114,,,,,,,,263,,,,,,,,,,,,,,,,,,,,1137,,94,,198,,,,,,,,66,,37,,,,,,,398,,,,,56,15,101,,,,,201,,234,,,,,,,347,,,,214,,,,,,,,197,,,188,,501,,212,,,,,,,,441,,,,,335,,,173,,68,,,,271,239,237,317,1301,,6,,,,,,,279,,,,,,,,,,,,,,,,,,,,,227,,,,,,,,,,,,,,,,,,,,434,,,,,,,396,,,,282,,,414,193,285,,71,,,297,,,,240,17,,904,,,,,,,,,,261,,,,,,506,,,,,,,,,,,,,155,,,,,,,,,,,,,,,,,534,216,184,,255,,,399,70,,,,404,653,341,403,549,,,,443,,,1364,,,,,,,,,,,,,,,,,,,,,,,,,,,,,,,,,,,,,,,,,,,,,,,,,,,,,,,,336,,,,,,70,221,520,400,,,325,204,,199,,,,,189,,,,200,,304,184,109,,812,,,,,,,67,,,,,,,,,,,,,,,,,,,,,,,,,,,,771,,,,,,325,,,,,,,,,,,,,,76,,,,,,,,,,316,,,,,189,,,,,,117,,,,98,318,306,,,,,,373,,,,,,,,,,,,,,,,,,,,,,,,,,,,,,,,,,,,,144,,465,,344,,,,,,347,,85,,,,,424,,,,,,,,,,,124,,,,,58,,,,
2026-09-25T04:00:01+00:00,212,,,113,,64,,,,,,265,,323,482,,104,,,,,,479,405,439,,,,,,65,1158,31,93,,199,,,,,166,,,,,,,,,,,,396,,,,,53,,99,,,,120,200,,,,54,,,,,343,,,,212,363,,,,,,,198,,,187,323,497,,,618,,220,,,504,,437,214,,,,334,455,,172,,,758,266,114,268,238,,315,1297,,,,,,,,,,,,,,,,,,,,,,,,541,,,,,,225,,,,,,,,,,,,,,,,,,,294,,,420,,,,,374,,,398,,,,,189,278,,67,,,,,,,237,17,,,,,,,,,,,,260,,,,,,500,,,,,,,,,,,,,153,,,,,,,,,,,,,,,,193,532,197,183,,,426,,398,,,445,339,402,648,,404,548,133,,,442,,,1344,,,,,,,,,,,,,,,,,,,,,,,,,,,,,,,,,,,,,,,,,,,,,,,,,,,,,,,,332,,48,,,148,68,214,519,,,,309,202,,201,21,,,,185,,,,183,178,303,169,,137,765,,,,,,,,,,,,,,,,,,,,,,,,,,,,,,,,,,,764,,,93,723,,324,,,,376,,,155,122,,,,,,,,,,,,,,,,,,,,,,,,,,,110,,,,96,,,,,,,,,,,,,,,,,,,,,,,,,,,,,,,,,,,,,,,,,,,,572,143,,466,,343,,,,,,346,,,,188,,,423,,,,,,,,,,589,,,,,,,,,,
2026-09-25T04:05:02+00:00,,,,,,,,,,,,,,,,,,,,,,,449,404,380,,,,,,49,979,25,92,65,,,,,,165,150,,,,36,,,,,,,395,,,,,54,14,101,,,,,199,,,,53,,,,,,,,,219,,,,,,,,,,,,,,,,,,,,,,,,,,,,,,,,,,,,,,,,,,,,,,,,,,,,,,,,,,,,,,,,,,,,,,,,,,,,,,,,,,,,,,,,,,293,432,544,421,,,,,367,,,,281,,,,186,270,,63,201,,,,,,230,17,,903,,,,,,,,,,,,,,,,497,,,,,,,,,,,,,,,,,,,,,,,,,,,,,,,198,,,,,,,,,,,,649,339,,,,,,,,,1339,,,,,,,,,,,,,,,,,,,,,,,,,,,,,,,,,,,,,,,,,,,,,,,,,,,,,,,,331,,47,,,147,67,212,,,,,307,199,,,,,,,184,,,,177,,301,168,,,760,,,,103,,,,,355,365,122,198,208,,,,,,,,,,,,,,,,,,,,,,765,,,92,,,,346,,,377,,,,,,,,,,,,,,115,299,,,,,314,277,,,,,,,,,,,,,,,,,,,,,,,,,,,,,,,,,,,,,,,,,,,,,,,,,,,,,,,,,,,142,,,69,342,,,,208,290,345,,,,187,,90,,,,,,,,,,,588,,,,,,,,,,
2026-09-25T04:10:02+00:00,211,,,,,,,,,,,,,325,,,,,,,,,,401,379,,,,,,52,,,91,,,,,,,,,,,,,,,,,,,,45,,,34,,,,,,,118,,,,,,,,,,340,,,,220,,,,,,,,,,558,,,496,,211,,,,,,,,435,,,,280,335,453,,,,,,265,112,266,,,314,1290,,,,78,,,,,,,,,,,,,,,,,,,,,,,,,,,,,,,,,,,,,,,,,,,,,288,434,,,,,,,360,628,,,,,,,,,,,,,,,,,226,17,,,,,,,,,,,,257,,,,,,494,,,,,,,,,,,,,,,,,,,,,,,,,,,,,,,,,,,,,,,,444,,396,647,338,402,549,132,,,443,,,1336,,,,,,,,,,,,,,,,,,,,,,,,,,,,,,,,,,,,,,,,,,,,,,,,,,,,,,,,325,,46,124,,,,208,518,420,,,304,198,,202,,,18,,,275,,,169,,300,166,,138,757,,,,,,,,,,,,,,,,,,,,,,,,,,,,,,,,,,,763,,,91,722,,,347,,,,,,,,,,,,,77,,,,,,,,,,313,,,754,,,703,,,,,,,,,,,,,,,,,,,,,,,,,,,,,,,,,,,,,,,,,,,,,,,,,,,,,570,143,,,70,341,,,,,,,,,,186,,,,,,,,,,,,,,,,,,,,,,,148
2026-09-25T04:15:02+00:00,,,,,,,,,,,,266,,,,,,,,,,,448,397,,,,,,,,976,,,,,,,,,,149,,,,,,,,,,,394,46,,,35,55,,,,,,116,198,,,,,14,,,,339,,,,219,356,,277,156,135,,,,,,,,,,,,,,,,,,,,,,,,,,,,,,,,,,,,,,,,,,,942,200,280,517,,,389,,,,,,,,,,,538,,,,,,224,,,,,,,,,,,,,,,,,,,,432,,,,,,988,354,,,,280,419,,413,184,261,,60,,,,150,,,221,17,,,,,,,,,,,,258,,,,,,493,,,,,,,,,,,,,151,,,,,,,,,,,,,,,,,531,194,,,254,,,399,,13,,,391,,337,401,,,,,442,96,,,,,,,,,,,,,,,,,,,,,,,,,,,,,,,,,,,,,,,,,,,,,,,,,,,,,,,,,,322,,44,123,,143,,202,,,,,303,195,,203,,,,,,,,,167,177,,164,,139,752,,,,100,314,,,,,366,,,210,,,,,,,,,,,,,,,,,,,,,,,,,,,,,,,,,,,,,,,,,,,,,,,,,,,,,276,,752,,,702,,38,,,106,130,,,93,,,287,,,,,370,,,308,,,,,,,,,,,,,,,,,,,,,,,,,,,,,,,,,569,,,464,,,,,,,,345,,,,184,,90,,,,,,,,,,,,124,,,,,,,,,
2026-09-25T04:20:02+00:00,210,,,,,65,,,,,,,,324,,,,,,,,,,395,,,,,,,,,,89,,,,,,,,,,,,,,,,,,,391,,,,,52,15,102,,187,,,197,,,,,,,,,335,,,,,354,,,157,,,,,,557,,,495,290,,,77,190,,,,,,,,,,332,452,,,797,,,,110,261,237,,313,1289,,5,,,,,935,,,,,,,,,,,,302,,,,,536,,,,,,221,,,,,,,,,,,,,,,,,,,,433,543,420,,,,990,350,627,,,,,,,,,,,,,,,,,220,17,,904,,,,,,,,,,,,,,,,,,,,,,,,,,,,,150,,,,,,,,,,,,,,,,,530,193,182,,,,,,,12,,,390,642,335,,550,130,,,441,,,1335,,,,,,,,,,,,,,,,,,,,,,,,,,,,,,,,,,,,,,,,,,,,,,,,,,,,,,,,320,,43,124,,,,201,,,,,300,194,,,,,,,185,274,,,164,,,163,,140,750,,,,,,,,,,,,,,,,,,,,,,,,,,,,,,,,,,,759,,,,721,,322,,,,376,,,,121,,,,,,,,,326,116,,,272,270,,,275,,751,,,701,64,,,,,,,,,,,,,,,,,,,,,,,,,,,,,,,,,,,,,,,,,,,,,,,,,,,,571,,,,,340,,86,,,,,,86,,,,,,,,,,,,,,,,,,,,,,,,,
2026-09-25T04:25:01+00:00,,,,,,,,,,,,267,,322,481,,,,,,,,,394,,,,,,,,974,,87,,198,,,,,,148,,,,,,,,,,,389,,,,36,,14,99,,,,118,,,,,,,,,,334,,,,,,,,,,,,,,,,,,,,,,,,,,,,,,,,,,,,,,,,,,,,,,,,,,,,,,,,,,,,,,,,,,,,,,,,,,,,,,,,,,,,,,,,,,,,,,,431,542,419,,,,988,346,626,,397,,,,411,182,248,,59,,,,,,,214,17,,,,,,,,,,,,259,,,,,,494,,18,,,,,,,,,,,,,,,,,,,,,,,,,,,,,199,181,,,,,396,69,,,337,389,640,333,,549,,,,440,,,,,,,,,,,,,,,,,,,,,,,,,,,,,,,,,,,,,,,,,,,,,,,,,,,,,,,,,,,316,,42,,,,68,200,516,,,37,297,192,,204,,,,,,,,,162,,299,160,,,745,,,,,,,,,,,,,,,,,,,,,,,,,,,,,,,,,,,,,,,,,,,,,,,,156,,,,,,,,,,,,298,,270,,,,,162,,260,,700,,,,,,,,,,,,,,,,,,,,,,,,,,,,,,,,,,,,,,,,,,,,,,,,,,,,,,142,,463,,,306,,,,,,,,,183,,,,,478,,,,,,,,,,,,,,57,,,,
2026-09-25T04:30:01+00:00,211,,,,,,,255,,,,,,321,480,,,,,,,,,391,378,,,,,,,,24,,,,,,,,166,,,64,,,,,,,,,,47,,,,48,12,98,,,,,196,,233,,52,,,,,331,,,,220,353,,,156,133,,,,,556,186,321,490,,,614,74,188,,326,502,213,430,215,,,279,329,,,171,794,67,757,262,107,259,234,240,311,1275,,,452,,,,931,,,514,,,390,,,,,,,,,,,534,,,,,,220,,,,,,,,,,,,,,,,,,,287,432,,418,,,,985,344,,,,,,,,,,,,,,,,,,,,,,,,,,,,,,,,,,,,,,,,,,,,,,,,,,,,,,,,,,,,,,,,,,,,,,,,,,,,,,,,639,,400,,,,,,97,,1320,,,,,,,,,,,,,,,,,,,,,,,,,,,,,,,,,,,,,,,,,,,,,,,,,,,,,,,,,,,,,,,,,,,,,,,,,,,,,,,,,,,,,,,,,,,,,,,,,,,,,,,,,,,,,,,,,,,,,,,,,,,,90,,,,,,,,,,,,,,,,,,,,,115,,,,,,,,,,,,,,,,,,,,,,,,,,,,,,,,,,,,,,,,,,,,,,,,,,,,,,,,,,,,,,,,,,,,,,,,,,,,,,,,182,,,,,,,,100,,,,,,,,,,,,,,,
2026-09-25T04:30:02+00:00,,,,,,,,,,,,,,,,,,,,,,,,,,,,,,,,,,,,,,,,,,,,,,,,,,,,,,,,,,,,,,,,,,,,,,,,,,,,,,,,,,,,,,,,,,,,,,,,,,,,,,,,,,,,,,,,,,,,,,,,,,,,,,,,,,,,,,,,,,,,,,,,,,,,,,,,,,,,,,,,,,,,,,,,,,,,,,,,,,,,,,,,,,,,,,,,,,212,16,,,,,,,,,,,,260,,,,,,,,,,,,,,,,,,,151,,,,,,,,,,,,,,,,,528,200,,,,,,392,,,,,,,,,,,,,,,,,,,,,,,,,,,,,,,,,,,,,,,,,,,,,,,,,,,,,,,,,,,,,,,,,,,,,,,,313,,,,,,,197,513,,,,,190,,,,,17,,,273,,,160,,298,157,110,,739,,,,97,313,464,,,354,362,,,195,,,,,,,,,,,,,,,,,,,,,,,,,,,,,,,,,,,,,,,,,,,,,,,,,,,,,,,749,,,,,,,,105,,,,92,,304,286,,,,80,368,,,,,,,,,,,,,,,,,,,,,,,,,,,,,,,,,,,,,,,,,,,,,,,,,,,,,,,,,,,,,,,,,,,,,,,,,,
2026-09-25T04:35:01+00:00,210,,,,,,,,,,,266,,319,,,,,,,,,447,,,,,,,,,,,86,66,,,,,,165,,,,,34,,,,,,,386,,,,,,13,95,,,,116,,,,,,,106,,,,,,,218,,,,,,,,,,,,320,489,,212,613,,,,324,501,212,,,,,278,328,448,,,793,,,,104,258,,241,308,1274,,,,,,,,,,,,,,,,,,,,,,,,,,,,,,,,,,,,,,,,,,,,,,,,,285,431,,416,,,,,342,,,,279,420,,408,180,229,146,57,198,243,,,173,,216,17,,,,,,,,,,,,261,,,,,,,,17,109,,,,,,,,,,150,,,,,,,,,,,,,,,,192,526,199,179,271,253,,,391,,,,336,,635,330,395,548,,,,438,98,,,,,,,,,,,,,,,,,,,,,,,,,,,,,,,,,,,,,,,,,,,,,,,,,,,,,,,,,,308,,,,,144,67,194,512,,,,296,189,,203,,,16,,184,,,,157,,,154,111,,729,,142,,93,308,463,,1283,352,,,,,,,,,,,,,,,,,,,,,,,,,,756,,,89,719,,,,,,374,,,,,,,,,,,,,325,,296,,268,,,312,274,,750,,,,,37,,,106,,,,,317,,,,,,79,,,,,,,,,,,,,,,,,,,,,,,,,,,,,,,,,,,,,,,,,,339,,,,207,,,,,,,69,,,,,,,,,,,522,,125,,,,,,,,,
2026-09-25T04:40:01+00:00,209,,,112,,64,,,,,,,,317,,,103,,,,,,,387,,,,,,,51,971,,85,,,,,,,164,147,,,,33,,,,,,,385,46,,,34,49,12,,,,,117,,,,110,,13,,,,329,,,,216,351,228,,155,132,,,,,,,,,,,,,,,,,,,,,,,,,,,,,,,,,,,,,,,,,,,926,199,,513,58,,,,,,,,301,,,,,531,,,,,,,,,,,,,,,,,,,,,,,,,284,429,,,,,,982,341,,,,,,,,,,,,,,,,172,,214,17,,902,,,,,,,,,,262,,,,,,491,,,108,,,,,,,,,,,,,,,,,,,,,,,,,,,,197,180,,,,,390,,,443,337,,633,,,547,129,,,437,97,,1312,,,,,,,,,,,,,,,,,,,,,,,,,,,,,,,,,,,,,,,,,,,,,,,,,,,,,,,,305,,40,,,,,189,,419,,,297,188,,202,,,,,,,,,,176,297,153,,,723,,,,,,,,,,,,,,,,,,,,,,,,,,,,,,,,,,,752,,,88,717,,323,,,,,,,,120,,,,,,,,,323,111,,,267,269,,,273,161,749,259,,,,,,,,,,,,,,,,,,,,,,,,,,,,,,,,,,,,,,,,,,,,,,,,,,,,,,,570,,,,,338,,,,,,344,,,,,,,,,,,,,,,,,589,,,555,,,56,,,,
2026-09-25T04:45:01+00:00,210,,,,,63,,,,,,,,316,478,,,,,,,,,384,,,,,,,,967,,84,,,,,,,,146,,65,,,,,,,124,,380,45,,,35,48,,,,,,118,194,,,,,,105,,,325,,,,,,,,,,,,,,554,185,317,482,287,211,611,75,,,321,500,213,428,214,,,276,325,446,,,792,,753,261,102,253,231,240,305,1272,,,,,,,,,,,,,,,,,,,,,,,,,,,,,,,,,,,,,,,,,,,,,,,,,281,,538,415,,,,974,340,,,,,,,407,178,223,,52,197,241,296,151,169,,,17,143,903,,,,,,,,,,,,,,,,490,,,,,,,,,,,,,149,,,,,,,,,,,,,,,,,,193,177,270,252,425,,386,,,442,,388,629,,394,546,127,,234,436,96,,1289,,,,,,,,,,,,,,,,,,,,,,,,,,,,,,,,,,,,,,,,,,,,,,,,,,,,,,,,295,136,39,,,143,66,186,508,418,,,,187,,201,,,,96,,272,,,158,,296,149,110,,713,,,49,,,,,,,,,,,,,,,,,,,,,,,,,,,,,,,,749,,,87,,,321,,,,375,,,,121,,,,,,,,,321,110,,,264,,,310,,,747,,,698,,35,162,,,,,,91,,303,,,,,78,,,,,,,,,,,,,,,,,,,,,,,,,,,,,,,,,,,,,,,,460,,337,,84,,,,,,,,,,89,,,,,,,,,,,588,,,,,,,,,,
2026-09-25T04:50:01+00:00,207,,,,,64,,254,,,,,,315,477,,,,,,,,,380,,,,,,,52,964,23,,,,,,,,,147,,64,,,,,,,,,376,,,,,46,13,94,,,,,191,,,,51,,,,,,,,,217,352,,,153,131,,,,,,,,,,,,,,,,,,,,,,,,,,,,,,,,,,,,,,,,,,,921,,,,,,389,,,,,,302,,,,,527,,,,,,,,,,,,,,,,,,,,,,,,,276,423,536,414,,,26,,,,,398,,,,,,,,,,,,,166,,213,17,142,901,,,,,,,,,,261,,,,,,,,16,107,,,,,,,,,,147,,,,,,,,,,,,,,,,,524,189,176,,,424,,385,67,,,336,386,626,327,389,545,125,,,,97,,,,,,,,,,,,,,,,,,,,,,,,,,,,,,,,,,,,,,,,,,,,,,,,,,,,,,,,,,294,,37,,,,65,184,506,414,,,291,,,200,,,,97,,,,,154,175,,144,111,,705,,143,,,,,,,,,,,,,,,,,,,,,,,,,,,,,,,,,748,,,86,716,,319,345,,,374,,,155,122,,,,,,,,,320,106,292,,260,267,,308,272,162,746,258,,697,,,161,,105,,,,92,318,,,,,,,,,,,,,,,,,,,,,,,,,,,,,,,,,,,,,,,,,,,,,,,,336,,85,,206,,345,,,,,,,,,,,,,,,,521,,,,,,,,,,,
2026-09-25T04:55:01+00:00,,,,,,62,,253,,,,264,,314,476,,,,,,,,,376,377,,,,,,,961,,86,,199,,,,,161,148,,,,32,,,,,,,371,44,,,,47,12,95,,185,,117,,,,,50,,,,,324,,,,219,,,,,,,,,,555,183,316,474,284,210,609,73,,,320,498,,425,213,160,119,272,323,442,,170,790,,751,258,98,248,230,,302,1268,,4,,,,,,,,,,,,,,,,,,,,,,,,,,,,,,,,,,,,,,,,,,,,,,,272,,535,411,,,25,,339,,,,,,,401,175,206,,47,193,,,,165,,,17,,903,,,,,,,,,,259,,,,,,489,,,,,,,,,,,,,145,,,,,,,,,,,,,,,,,,185,175,,253,422,,387,68,,,335,383,622,325,387,540,123,,,437,,,1268,,,,,,,,,,,,,,,,,,,,,,,,,,,,,,,,,,,,,,,,,,,,,,,,,,,,,,,,292,,36,,,142,66,179,504,413,,36,285,184,,,,,15,99,183,,,35,158,,295,143,,,682,,,52,86,311,,,1282,353,360,,194,194,,,,,,,,,,,,,,,,,,,,,,,,,,,,,,,,,,,,,,,,,,,,,,,,,,,,,271,,745,,188,694,,,,,,,,,,,,,,,,,,,,,,,,,,,,,,,,,,,,,,,,,,,,,,,,,,,,,567,,,,,335,,84,,205,,344,100,,,181,,,,,,,,,69,,,,587,,,,,,55,,,351,
2026-09-25T05:00:01+00:00,206,,,,,61,,,,,,263,,312,475,,102,,,,,,446,373,378,,,,,,50,956,,85,,,,,,,,147,,,,27,,,,,,,367,,,,36,46,,91,,186,,113,,,,,49,,,,,321,,,,218,349,,276,151,132,,,,,,,,,,,,,,,,,,,,,,,,,,,,,,,,,,,,,,,,,,,914,198,,512,,,,,,,,,301,,,,,520,,,,,,221,,,,,,,,,,,,,,,,,,,269,419,,409,,,,969,,,,,,,,,,,,,,,,,163,,,17,,,,,,,,,,,,258,,,,,,483,,,,,,,,,,,,,144,,,,,,,,,,,,,,,,,523,183,,,254,419,,386,,,,331,382,620,323,381,537,122,,,436,96,,,,,,,,,,,,,,,,,,,,,,,,,,,,,,,,,,,,,,,,,,,,,,,,,,,,,,,,,,291,,,,114,139,67,177,503,414,,,284,181,,,,,,98,,273,,,150,172,293,137,,,674,,,51,75,307,464,,1281,352,355,121,,195,,,,,,,,,,,,,,,,,,,,,,746,,,,715,,317,344,,,,,,,,,,,,,,,,319,103,291,,257,266,,307,270,161,746,259,187,690,62,34,,392,95,129,,,,320,302,,,,,77,366,,,,,,,,,,,,,,,,,,,,,,,,,,,,,,,,,,,,565,,,461,69,,,85,566,,288,343,,,,179,,,420,,477,275,,,,,,,586,,,,,,,,,350,
2026-09-25T05:05:02+00:00,205,295,,,636,,,,301,355,,264,,311,474,,,,,,,,443,367,,,,,,,,,24,86,65,198,,,,,158,,,,,28,,,,,,,364,,,,,,11,90,,185,,114,189,,232,,,,104,,,317,,,144,217,,,,,,,,,,,,313,462,,,604,72,,220,316,490,211,423,211,159,,269,319,438,,168,789,,,,96,240,224,241,300,1255,,5,451,,,,,,,,,,,,,,,,,,,,,,,,,,,,,,,,,,,,,,,,,,,,,,267,,534,410,,,19,966,337,624,,397,278,419,,,173,195,,38,191,242,294,,162,,206,17,141,,,,,,,,,,,256,,,,,,,,,109,,,,,,,,,,145,,,,,,,,,,,,,,,,,519,177,171,269,253,418,,384,,,441,329,380,616,322,380,536,120,,232,433,97,,1267,,,,,,,,,,,,,,,,,,,,,,,,,,,,,,,,,,,,,,,,,,,,,,,,,,,,,,,,286,135,35,,113,138,68,175,500,412,,,281,,,199,20,,14,,,,132,,139,171,291,132,110,,640,,,49,71,300,463,,1278,350,352,,193,194,,,,,,,,,,,,,,,,,,,,,,744,,,,,,316,343,,312,,,,152,121,,,,,,,,,318,,290,,,,272,305,265,,,,,682,63,33,,,92,,,,,,,,,,,,367,,,,,,,,,,,,,,,,,,,,,,,,,,,,,,,,,,,,563,,,460,,332,,,565,,,342,,,,178,,,419,,,,,,,,,,,,,,,,,,,348,
2026-09-25T05:10:02+00:00,204,290,,,633,60,,252,,357,,261,,,,,,,,,,,442,363,,,,,,,,,,,,,,,,,,,,,,,,,,,,,,,,,,,,,,,,,,,,,,,,,,,,,,,348,,,149,131,,,,,554,184,312,459,283,,600,,,,314,489,,421,,160,120,268,317,436,,,785,66,745,257,,233,220,240,298,1244,,,450,77,115,214,906,197,277,510,,,387,,,,,,,,,,,519,,,,,,220,,,,,,,,,,,,,,,,,,,265,418,533,,67,,,964,,622,,395,,,,,,,,,,,,,,,205,17,,,,,,,,,,,,258,,,,,,479,,15,108,,,,,,,,,,140,,,,,,,,,,,,,,,,,516,174,,,,,,382,69,,440,328,376,611,318,375,532,117,,231,434,93,,,,,,,,,,,,,,,,,,,,,,,,,,,,,,,,,,,,,,,,,,,,,,,,,,,,,,,,,,282,,32,,111,137,66,168,494,,,,277,180,,196,,,,96,182,274,,,125,170,,120,111,,632,,,47,,,,,,,,,,,,,,,,,,,,,,,,,,,,,,,,743,,194,,712,,,,,,373,,,151,120,,,,,,,,,317,105,294,,256,264,269,303,264,,,,,676,,,,,,,,,,,,,,,,,,,,,,,,,,,,,,,,,,,,,,,,,,,,,,,,,,,,,,,,,,330,305,84,564,204,286,343,,87,,,70,,418,196,,274,,,,,,,,,,552,,193,,,,,147
2026-09-25T05:15:02+00:00,,287,,,630,,,251,297,358,,258,,309,470,,101,,,,,,441,355,377,,,82,,,52,954,21,84,66,,,,,,156,,,63,,26,,,,,125,,363,43,,,,48,,88,,184,16,112,186,,,,,14,,,,314,,,145,218,,,,,,,,,,,,,,,,,,,,,,,,,,,,,,,,,,,,,,,,,,,,,,,,,,,,,,,,,,,,,,,,,,,,,,,,,,,,,,,,,,,,,,,,,,,413,530,405,,,,960,,,,,277,,,389,,192,145,21,184,241,292,152,159,,207,17,140,,,,,,,,,,,256,,,,,,476,,,,,,,,,,,,,137,,,,,,,,,,,,,,,,,515,168,168,267,,417,,380,68,,439,327,374,609,314,371,528,112,,,430,92,,1235,,,,354,,,,,,,,,,,,,159,80,65,28,,,,,,,25,248,,,,339,,,,,,,,,,,,19,,,,,,,,,,,,274,,,,110,,,166,491,413,,,271,179,,198,19,,,95,181,273,,34,121,,290,117,112,,602,,,46,,,,,,,,,,,,,,,,,,,,,,,,,,,,,,,,739,,,,,,314,,,,,,,147,119,,,,,,,,,315,,290,,255,,263,301,259,162,744,,186,673,64,34,,,90,,,,91,,301,285,,,168,,363,,,,,,,,,,,,,,,,,,,,,,,,,,,,,,,,,,,,562,,,,,331,,,562,,287,344,,88,,,,,417,,474,273,,,,,,,,,,550,,192,54,,,,
2026-09-25T05:20:02+00:00,203,286,,113,627,,,250,,359,,,,308,469,,,,,,,,438,350,378,,,,,,,949,20,81,65,197,,,,,,,,62,,,,,,,123,,364,44,,,,49,10,90,,183,17,113,182,,233,109,,,,,,308,,,144,216,,,,150,129,,,,,555,181,,449,279,208,599,71,189,217,311,487,210,419,203,158,,264,313,435,,167,671,64,740,253,98,218,210,,293,1234,,,448,76,114,213,896,,,511,57,,386,,,,,,,,,,,512,,,,,190,217,,,,,,,,,,,,,,,,,,,262,412,,406,,,,952,336,620,,391,,,,,,,,,,,,,157,,208,17,,,,,,,,,,,,258,,,,,,473,,12,107,,,,,,,,,,136,,,,,59,,,,,,,,,,,,513,165,165,265,250,416,,379,67,,,325,372,607,307,365,526,114,,228,429,89,,1207,,,,,,,,,,,,,,,,,161,79,64,,,,,,,,,244,,,,,,,,,,,,,,,,18,,,,,,,,,,,,270,134,31,,108,136,65,158,485,,36,,265,175,,195,,,13,94,179,274,,35,109,,287,102,109,141,584,,,,64,297,,,1275,352,348,,191,195,,,,,,,,,,,,,,,,,,,,,,735,,193,84,710,,311,,,310,,,,,117,,,,,,78,,,313,103,284,,250,,,298,255,161,743,260,185,669,,,,,89,,,,89,,300,,,,166,,362,,,,,,,,,,,,,,,,,,,,,,,,,,,,,,,,,,,,560,,,,,328,,83,561,,,,,,,177,,90,418,,,272,,,,,,,585,,,549,,189,52,,,347,148
2026-09-25T05:25:02+00:00,,,,,625,,,,296,358,,259,,307,463,,,,,,,,,345,,,,,,,51,945,19,78,,,,,,,,,,60,,27,,,,,,,365,41,,,,,11,,,,,114,,,234,,,,,,,306,,,,,,,,,,,,,,,,,,,,,,,,,,,,,,,,,,,,,,,,,,,,,,,,,,,,,,,,,,,,,,,,,,,,,,,,,,,,,,,,,,,,,,,,,,,,,,258,408,527,405,,,,953,,621,,,276,417,,374,,187,144,9,182,240,,,155,,214,17,,,,,,,,,,,,257,,,,,,467,,11,,,,,,,,,,,132,,,,,,,,,,,,,,,,,506,155,161,264,247,413,,377,,,434,316,,597,305,362,,112,,,427,90,,1199,,,,352,,,,,,,,,,,,,158,78,62,29,,,,,,,27,242,,,,,,,,,,,,,,,,,,,,,,,,,,,,265,,29,,,,64,156,481,,,34,261,172,,,,,,93,178,271,,34,100,169,283,93,107,,554,,142,45,50,292,432,,1268,349,347,,190,192,,,,,,,,,,,,,,,,,,,,,,731,,,83,709,,307,342,,309,371,,,144,116,,,,,,77,,,310,102,282,,248,260,256,295,,160,739,259,,662,,,,,,,,,,,,,,,,,,,,,,,,,,,,,,,,,,,,,,,,,,,,,,,,,,,,,557,141,,458,70,327,,,560,,288,342,,87,,176,69,,419,,471,,,,,,,,,,,547,,,,,,,
2026-09-25T05:30:01+00:00,202,282,,,622,,,246,,357,,256,,302,460,,,,,,,,436,340,,,,,,,,941,,75,,199,,,,,155,144,,,,26,,,,,,,360,42,,,,47,10,96,,184,,112,180,,,110,,,103,,,305,,,143,215,,227,,149,125,222,,,,,182,309,442,276,207,594,70,,,306,484,,418,,,119,260,311,431,,168,670,65,738,251,97,202,203,,,1216,,,446,75,,,887,196,276,,,,384,,,,,,,,,,,506,,,,,,215,,,,,,,,,,,,,,,,,,,261,406,516,402,,,,946,,,,,,,,,,,,,,,,,154,,,16,,,,,,,,,,,,254,,,,,,462,,12,,,,,,,,,,,124,,,,,,,,,,,,,,,,,500,150,160,259,245,412,,,,,431,313,367,592,298,353,523,113,,227,429,86,,,,,,,,,,,,,,,,,,,,,,,,,,,,,,,,,,,,,,,,,,,,,,,,,,,,,,,,,,263,131,30,123,106,134,62,153,474,,,,254,169,,191,,,12,,177,272,131,,84,,281,86,105,,537,,141,44,,,,,,,,,,,,,,,,,,,,,,,,,,,,,,,,,,,,,,,,,,,,,,,,,,,,,,,,,,,,,,,252,,731,258,183,652,106,,,,,,,,,,,,,,,,,,,,,,,,,,,,,,,,,,,,,,,,,,,,,,,,,,,,,142,114,,71,,,,,203,285,,,,,,70,,418,,470,270,,,,,,520,,,,545,,188,,,,,147
2026-09-25T05:35:02+00:00,199,,,,618,61,71,,,354,,255,,304,458,,,,,,,,435,331,380,,,,,,,935,21,74,,,,,,,154,145,,,,24,,,,,124,,358,41,,,,48,11,95,,,,111,178,,,,50,,104,,,,,,144,,,,,,,,,,,,,,,,,,,,,,,,,,,,,,,,,,,,,,,,,,,,,,,,,,,,,,,,,,,,,,,,,,,,,,,,,,,,,,,,,,,,,,,,,,,263,402,,400,66,,,944,,617,,389,274,415,,336,171,179,141,,159,239,,147,,,211,17,,904,,,,,,,,,,253,,,,,,451,,9,106,147,,,,,,,,,123,,,,,58,,,,,,,,,,,189,493,142,159,257,243,410,,376,66,,428,309,357,584,294,345,514,114,,222,426,87,,1171,,,,,,,,,,,,,,,,,157,74,58,28,,,,,,,,238,,,,337,,,,,,,,,,,,16,,,,,,,,,,,,,130,31,121,,,,149,,,,33,251,167,,,18,,11,,,271,130,33,80,168,278,77,,,518,,139,,40,283,423,66,1262,347,345,,186,188,,,,,,,,,,,,,,,,,,,,,,728,,,82,707,,300,,,310,,,,145,,,,,,,,,,304,100,281,,240,,245,296,249,,728,255,180,650,,37,159,391,83,,,50,88,318,297,283,,,162,75,355,,,307,,,,,,,,,,,,,,,,,,,,,,,,,,,,,,,,,555,,,457,70,,304,,561,204,284,,,,,,,,,,,269,,,,,,,583,,,543,,,,,,346,
2026-09-25T05:40:01+00:00,195,279,,114,617,60,,245,295,356,,256,,306,453,,99,,,,,,433,324,383,,,83,,,48,930,22,,,201,,,,,153,,,,,25,,,,,,,355,,95,,35,47,,93,,,,110,,,233,111,,,,,,301,20,,,213,344,225,275,145,126,,,,,556,180,307,433,270,205,592,69,187,215,300,478,209,419,199,156,,256,307,,,169,666,64,736,247,94,186,,237,291,1191,,,442,,,,874,,,512,,,,,,,,,296,,,,,498,,,,,,209,,,,,,,,,,,,,,,,,,,,397,511,392,65,,,941,,,,385,,,,,,,,,,,,,,,209,17,136,,,,,,,,,,,246,,,,,,443,,8,105,146,,,,,,,,,124,,,,,,,,,,,,,,,,,487,132,153,254,241,406,,374,64,,427,305,349,575,291,335,505,111,,220,422,84,,1151,,,,353,,,,,,,,,,,,,158,73,60,,,,,,,,,236,341,,,,,,,,,,,,,,,,,,,,,,,,,,,261,129,30,122,104,133,65,143,466,,,31,239,161,,188,15,,,,,269,,32,70,,271,67,100,139,507,,,45,,,,64,,,,,,,,,,,,,,,,,,,,,,,,,,,,724,,191,79,,,295,341,,308,369,,,,115,,,,,,76,,,303,99,277,,238,259,239,295,,,,,,,,,,,,,,,,,,,,,,,,,,,,,,,,,,,,,,,,,,,,,,,,,,,,,,,,,,,,141,113,452,,325,303,,,,281,,,,,172,69,,416,,,,,,,,,519,582,,,541,,,,,,,145
2026-09-25T05:40:02+00:00,,,,,,,,,,,,,,,,,,,,,,,,,,,,,,,,,,,,,,,,,,,,,,,,,,,,,,,,,,,,,,,,,,,,,,,,,,,,,,,,,,,,,,,,,,,,,,,,,,,,,,,,,,,,,,,,,,,,,,,,,,,,,,,,,,,,,,,,,,,,,,,,,,,,,,,,,,,,,,,,,,,,,,,,,,,,,,,,,,,,,,,,,,,,,,,,,,,,,,,,,,,,,,,,,,,,,,,,,,,,,,,,,,,,,,,,,,,,,,,,,,,,,,,,,,,,,,,,,,,,,,,,,,,,,,,,,,,,,,,,,,,,,,,,,,,,,,,,,,,,,,,,,,,,,,,,,,,,,,,,,,,,,,,,,,,,,,,,,,,,,,,,,,,,,,,,,,,,,,,,,,,,,,,,,,,,,,,,,,,,,,,,,,,,,,,,,,,,,,,,,,,,,,,,,,,,,,,,,,243,,722,252,179,642,,,,,,,,,,,,,,,,,,,,,,,,,,,,,,,,,,,,,,,,,,,,,,,,,,,,,,,,,,,,,,,,,,,,,,,,,,,,,,,,,,,,,,,,,,,
2026-09-25T05:45:01+00:00,193,276,,,613,61,,244,294,357,,254,,,448,,95,,,,,,428,319,,,,84,,,,926,,71,,200,,,,,152,141,,,,24,,,,,,,351,39,94,,36,46,,92,,,,,179,,,112,,,,,,299,,,,,,,,,,,,,,,,,,,,,,,,,,,,,,,,,,,,,,,,,,,,,,,,,,,,,,,,,,,,,,,,,,,,,,,,,,,,,,,,,,,,,,,,,,,,,,259,387,500,387,,,,,,616,,383,,410,,287,170,177,134,,133,236,289,144,152,,210,17,134,,,,,,,,,,,242,,,,,,437,,9,103,,,,,,,,,,121,,,,,,,,,,,,,,,,187,478,123,149,252,238,402,,371,66,,424,299,346,567,287,327,500,109,,216,419,80,,,,,,351,,,,,,,,,,,,,154,74,57,27,,,,,,,26,231,342,,,338,,,,,,,,,,,,15,,,,,,,,,,,,256,125,31,120,102,,,141,463,,,,237,,,187,14,,10,92,,268,,30,61,166,269,62,99,,490,,,44,,,,,,,,,,,,,,,,,,,,,,,,,,,,,,,,718,,188,70,,,288,339,,,367,,,144,114,,,,,,74,,,296,97,272,,233,257,234,291,238,157,713,245,177,628,,,,,,,,,,,,,,,,,,,,,,,,,,,,,,,,,,,,,,,,,,,,,,,,,,,,,552,142,,448,69,322,,82,,,279,340,,,,168,,,414,194,469,267,,,,,,,581,,,539,,187,49,,,344,
2026-09-25T05:50:02+00:00,189,273,,,,59,,242,292,356,,250,,301,443,,94,,,,,,426,309,382,,,85,,,51,918,,70,,,,,,,149,138,,56,,,,,,,,,349,41,,,,,,,,185,18,114,176,,,,51,,,,,297,,,,215,345,223,272,147,121,220,,,,,178,306,429,269,207,584,68,183,213,293,469,208,418,196,,118,255,300,427,,,664,65,729,244,93,175,200,236,286,1155,24,9,,,111,212,859,194,,513,56,,,,,,,,299,,,,,494,,,,,189,207,,,,,,,,,,,,,,,,,,,254,386,494,380,,,,932,,614,,380,,,,,,,,,,,,,153,,207,17,129,,,,,,,,,,,231,,,,,,422,,4,99,147,,,,,,,,,117,,,,,59,,,,,,,,,,,,474,120,147,250,237,401,,369,64,,421,293,340,558,282,320,486,108,,213,418,73,,1135,,,,350,,132,,,,,,,,,,,,72,,26,,,,,,,25,229,,,,337,,,,,,,,,,,,,,,,,,,,,,,,252,124,30,119,101,130,66,131,459,412,35,,228,159,43,184,,,6,90,174,267,,29,47,164,268,57,95,138,473,,,42,30,268,419,,1248,344,,119,184,187,,,,,,,,,,,,,,,,,,,,,,707,82,186,,,,284,336,,305,363,,,140,,,,,,,73,,,286,96,262,,222,258,227,288,232,156,709,235,171,617,104,,,,,,,,,,,,,,,,,,,,,,,,,,,,,,,,,,,,,,,,,,,,,,,,,,,,549,140,,446,67,318,,,,,275,337,,,,,70,,413,193,,268,,,,,,517,576,,,535,,,47,,,343,
2026-09-25T05:55:02+00:00,185,267,54,,609,58,,240,291,358,,242,,300,441,,92,,,,,,423,296,379,,,,,,,914,21,68,,,,,,,148,139,,55,,,,,,,123,,346,42,,,,44,,93,,183,20,116,175,,,,50,13,,,,293,,,143,213,,,,,,,,,,,175,304,428,266,,585,69,,212,288,466,209,417,194,,,249,299,423,,167,662,64,724,,92,170,198,,284,1145,,,440,73,,,,,,,,,,,,,,,,,,,,,,,,,,,,,,,,,,,,,,,,,,,,,251,379,493,376,,,,927,335,610,,377,272,414,,247,,165,132,,97,232,287,137,152,,210,17,127,,,,,,,,,,,222,,,,,,419,,,98,,,,,,,,,,116,,,,,,,,,,,,,,,,,456,107,140,241,233,397,,361,68,,411,285,336,551,278,309,472,104,,207,412,68,,,,,,351,,130,,,,,,,,,,,147,68,56,27,,,,,,,,228,343,,,338,,,,,,,,,,,,5,,,,,,,,,,,,245,,27,120,100,129,65,126,454,411,34,30,221,157,,183,,,5,88,,265,,25,40,162,267,50,91,,457,,,,,,,,,,,,,,,,,,,,,,,,,,,,,,,,,,,699,,180,66,704,,278,,,304,362,,,138,113,,,,,,71,,,284,93,254,,218,249,218,281,230,155,701,231,169,612,,,157,389,74,128,,,83,317,294,281,238,,159,72,352,,,305,,,,,,,,,,,,,,,,,,,,,,,,,,,,,,,,,545,139,,445,65,316,,81,,202,272,336,,,,166,69,89,,,470,,,,,,,518,575,124,,529,,185,46,,,340,144
2026-09-25T06:00:01+00:00,182,263,,,605,56,,238,290,,,236,,297,,,90,,,,,,422,294,,,,,,,50,912,,67,63,197,,,,,147,137,,56,,,,,,,,,347,,,,37,42,,94,,,,112,172,,234,,49,,102,,,290,,,144,212,344,221,271,136,120,218,,,,,,,,,,,,,,,,,,,,,,,,,,,,,,,,,,,,,,,,105,,857,191,277,509,57,,,,,,,,293,,,,,490,,,,,186,204,,,,,,,,,,,,,,,,,,,242,374,491,365,63,,,923,,,,373,,,,,,,,,,,,,145,,207,17,125,902,,,,,,,,,,220,,,,,,416,,2,,,,,,,,,,,115,,,,,,,,,,,,,,,,,452,99,134,240,232,398,,356,67,11,410,279,333,548,272,300,460,102,,201,408,63,,1125,,,,,,,,,,,,,,,,,,,,,,,,,,,,,,,,,,,,,,,,,,,,,,,,,,,,,,,,242,,,,99,128,66,119,451,410,,,214,155,,182,,,4,87,173,,129,22,23,163,264,45,87,137,441,27,,41,23,252,408,,1232,337,344,120,182,179,,,,,,,,,,,,,,,,,,,,,,,,,,,,,,,,,,,,,,,,,,,,,,,,,,,,,219,154,694,224,162,597,105,,,,,,,,,,,,,,,,,,,,,,,,,,,,,,,,,,,,,,,,,,,,,,,,,,,,541,,,,,314,,,560,199,271,,,88,,,,88,408,192,468,269,,,,,,516,574,123,,526,,184,44,,,339,143
2026-09-25T06:05:02+00:00,178,261,55,,604,,,234,287,357,,233,,295,439,,88,,,,,,,288,378,376,,86,,,49,909,,65,61,199,,,,,145,136,,58,,20,,,,,,,345,,,,,41,,97,,,,111,,,,111,,,,,,,,,,,,,,,,,,,,,168,301,423,261,202,577,65,180,210,275,450,,414,193,155,,237,291,420,167,164,652,60,709,236,93,156,197,232,274,1104,,8,435,69,,,,,,,,,,,,,,,,,,,,,,,,,,,,,,,,,,,,,,,,,,,,,237,367,490,360,,,,914,334,608,,369,270,412,,217,167,155,126,,92,225,282,128,142,,204,17,122,,,,,,,,,,39,213,,,,,,407,,1,97,,,,,,,,,,112,,,,,,,,,,,,,,,,186,450,94,127,235,224,393,,349,70,,404,270,326,540,265,293,448,100,,197,398,57,,,,,,348,,,,,,,,,,,,,143,64,54,25,,,,,,,,229,342,,,333,,,,,,,,,,,,0,,,,,,,,,,,,239,122,26,117,98,124,63,108,447,409,33,28,210,,41,178,13,,,88,167,264,128,20,9,160,258,36,85,136,423,,,39,,,,63,,,,,,,,,,,,,,,,,,,,,,,,,,,,692,,178,61,,,272,334,491,300,359,,,135,112,,,,,,68,,,272,84,242,,212,243,206,276,212,151,689,222,160,583,,38,155,385,69,126,159,49,82,311,,279,233,,155,68,344,,,302,,,,,,,,,,,,,,,,,,,,,,,,,,,,,,,,,537,138,111,444,64,308,302,,558,196,,333,,89,,165,,,407,190,466,,,,,,,,573,,,522,,,43,,,336,144
2026-09-25T06:10:01+00:00,176,256,,,601,57,,233,,355,,231,,,426,,85,,,,,166,418,285,,373,,88,,,48,904,,60,,201,,,,,,137,,,,21,,,,,,,,,,,,42,,,,,19,110,171,,233,110,,,,,,284,21,,143,213,334,216,269,127,115,217,,,,,166,,422,258,201,571,62,,208,268,445,208,411,189,,,229,289,417,,163,647,58,704,233,90,147,191,,268,1074,,,433,68,102,208,840,190,274,507,,,383,,,,,,,,,,,483,,,,,185,196,,,,,,,,,,,,,,,,,,,250,365,478,356,,,,905,,604,,363,,,,,,,,,,,,,140,,,17,119,900,,,,,,,,,,211,,,,,,398,,0,,145,,,,,,,,,110,,,,,,,,,,,,,,,,,446,91,123,232,222,391,,347,,,400,262,321,528,262,286,443,99,,194,394,51,,1113,,,,,,,,,,,,,,,,,,,,,,,,,,,,,,,,,,,,,,,,,,,,,,,,,,,,,,,,235,120,,116,97,,,100,443,,32,,203,148,42,175,,,,85,165,261,126,18,4,158,255,34,76,135,400,28,138,,16,243,387,,1223,331,339,119,178,170,,,,,,,,,,,,,,,,,,,,,,,,,,,,,,,,,,,,,,,,,,,,,,,,,,,,,210,149,685,215,156,570,,37,,379,65,124,156,,81,,295,277,232,,157,67,340,,,301,,,,,,,,,,,,,,,,,,,,,,,,,,,,,,,,,534,137,110,443,62,304,,,556,195,266,,,90,,163,70,,405,187,,,,,,,,514,571,,,518,,181,,,,335,
2026-09-25T06:15:01+00:00,,253,,,598,56,,,285,354,,228,,293,418,,83,,,,,167,417,277,375,371,,92,,,,898,20,59,60,,,,,,144,,,,,20,,,,,124,,342,,93,,38,43,,100,,,,106,168,,,109,,,103,,,280,,,142,211,,,,,,,,,,554,161,295,415,253,200,565,51,174,205,254,433,203,410,186,152,120,219,280,405,165,162,638,,699,223,,134,182,,261,1048,,9,431,65,,,,,,,,,,,,,,,,,,,,,,,,,,,,,,,,,,,,,,,,,,,,,248,361,482,350,,,,899,333,602,,357,269,407,,206,,148,124,,88,,277,127,139,,209,17,118,898,,,,,,,,,,193,,,,,,382,,,96,144,,,,,,,,,,,,,,,,,,,,,,,,,,438,76,117,231,216,388,,350,69,,394,259,316,517,258,283,440,,,187,392,50,,1100,,,,350,,131,,,,,,,,,,,138,65,57,,,,,,,,26,,341,,,330,,,,,,,,,,,,,,,,,,,,,,,,230,118,25,,96,123,,94,434,408,33,26,198,145,,173,,,3,,163,260,,,2,156,254,33,73,134,388,,,,14,244,381,64,1219,328,,117,175,168,,,,,,,,,,,,,,,,,,,,,,688,81,177,58,705,,265,332,490,299,358,,,138,110,,,,,,67,,,271,83,240,,210,231,195,275,205,148,,209,148,552,106,,,,,,,,,,,,,,,,,,,,,,,,,,,,,,,,,,,,,,,,,,,,,,,,,,,,531,136,,444,60,,,80,,193,264,332,,94,,162,69,87,406,185,468,267,,,,,,513,567,122,,517,,180,,,,333,
2026-09-25T06:20:01+00:00,172,251,,,596,57,,232,284,,,225,,292,407,,,,,,,,418,269,376,374,,,,,43,895,19,55,61,,,,,,145,134,,57,,,,,,,,,338,,,,36,44,,102,,182,18,109,167,,232,,,,104,,,277,,,,210,331,213,266,129,109,215,,,,,,,,,,,,,,,,,,,,,,,,,,,,,,,,,,,,,,,,100,206,823,187,275,505,,,384,,,,,,289,,,,,476,,,,,187,189,,,,,,,,,,,,,,,,,,,246,352,489,338,61,,,891,,598,,352,,,,,,,,,,,,,133,,208,17,116,895,,,,,,,,,,195,,,,,,381,,,95,142,,,,,,,,,,,,,,,,,,,74,,,,,,184,433,73,115,225,214,385,,345,68,,393,253,315,515,,272,428,96,,184,387,,,,,,,,,,,,,,,,,,,,,,,,,,,,,,,,,,,,,,,,,,,,,,,,,,,,,,,,,,,226,116,26,113,93,122,64,91,428,,,,193,142,41,170,,,,83,157,257,124,15,,155,251,31,72,130,370,,,37,11,242,373,,1211,326,337,,,,,,,,,,,,,,,,,,,,,,,,,686,,178,56,704,,257,330,489,,356,,,139,,,,,,,,,,264,,237,,206,224,194,274,201,146,680,207,150,545,,38,149,376,58,122,152,48,80,309,292,276,227,,153,,336,,,297,,,,,,,,,,,,,,,,,,,,,,,,,,,,,,,,,525,135,,441,57,303,300,79,,192,261,,,95,,160,,85,402,184,467,,,,,,,,566,,,,,,42,,,331,145
2026-09-25T06:25:02+00:00,,245,,,592,,,228,281,351,,223,,,401,,82,,,,,,415,265,,372,,,,,44,891,18,52,60,202,,,,,,137,,55,,19,,,,,123,,334,41,,,35,,,100,,,,106,,,233,,46,,102,,,275,18,,143,,,,,,,,,,,553,160,296,408,249,197,563,46,170,204,240,427,201,407,184,153,,204,278,402,164,161,633,,695,221,89,128,177,233,255,1037,,,430,62,,,,,,,,,,,,,,,,,,,,,,,,,,,,,,,,,,,,,,,,,,,,,242,349,491,335,,,,,,,,354,268,403,,188,165,142,121,,81,219,273,121,131,,205,17,114,894,,,,,,,,,,189,,,,,,378,,2,96,,,,,,,,,,109,,,,,,,,,,,,,,,,182,427,64,110,223,208,382,,344,66,10,387,251,311,511,252,258,422,,,180,386,45,,1092,,,,,,129,,,,,,,,,,,134,64,53,20,,,,,,,,228,337,,,319,,,,,,,,,,,,,,,,,,,,,,,,224,115,,111,,121,,83,422,402,,,189,141,40,167,,,,82,,252,123,12,1,153,252,28,70,128,358,,,36,,238,361,65,1201,321,335,118,174,165,,,,,,,,,,,,,,,,,,,,,,679,,,57,705,,,327,481,297,355,,,140,112,,,,,,,,,261,82,225,,195,217,187,273,202,,674,205,152,536,107,,,,57,,,,83,306,287,274,,,,,335,,,298,,,,,,,,,,,,,,,,,,,,,,,,,,,,,,,,,517,,,437,60,301,298,76,,189,253,331,,97,,,70,,401,,,,,,,,,,562,121,,513,,179,41,,,332,144
2026-09-25T06:30:02+00:00,,248,,,589,,,,282,347,,221,,285,,,81,,,,,,,262,375,368,,,,,43,886,,51,59,204,,,,,143,140,,51,,,,,,,124,,329,40,,,32,43,,98,,181,16,105,166,,,111,45,14,101,,,,17,,144,,320,207,264,124,,211,,,,,155,293,405,245,,560,45,165,203,229,429,200,,182,,,200,271,396,,159,626,,681,212,91,119,173,231,252,1019,,8,429,61,97,208,809,185,276,503,,,383,,,,,,284,,,,,467,,,,,183,183,,,,,,,,,,,,,,,,,,,,343,496,328,,,,879,,594,,349,,,,,,,,,,,,,127,,202,17,111,890,,,,,,,,,38,180,,,,,,370,,0,95,,,,,,,,,,108,,,,,57,,,,,,,,,,,181,422,63,108,219,206,380,,346,,,385,249,308,508,250,256,419,97,,178,379,48,,,,,,,,,,,,,,,,,,,,,,,,,,,,,,,,,,,,,,,,,,,,,,,,,,,,,,,,,,221,110,25,108,94,117,61,81,421,401,32,,183,137,37,169,,,,81,155,247,,7,,150,250,23,63,123,340,,,33,3,231,354,,1188,313,331,117,172,158,,,,,,,,,,,,,,,,,,,,,,,,176,,,,,,,,,,,139,,,,,,,,,,259,81,,,,211,182,,197,,669,200,153,531,,,,,,,,,,,,,,,,,,,,,,,,,,,,,,,,,,,,,,,,,,,,,,,,,,,,,509,,,439,58,299,297,,554,188,250,329,,96,,159,69,84,398,,465,,,,,,,510,559,,,509,,178,38,,,,143
2026-09-25T06:35:02+00:00,,243,,,580,56,,225,280,,,223,,284,397,,78,,,,,,411,261,374,365,,,,,47,882,,,,205,,,,,,139,,48,,,,,,,,,328,39,,,31,,,102,,,14,103,163,,,110,,,102,,,273,,,145,211,,,,,,,,,,,,,,,,,,,,,,,,,,,,,,,,,,,,,,,,,,,,,,,,,,,,,,,,,,,,281,,,,,454,,,,,182,180,,,,,,,,,,,,,,,,,,,245,336,499,322,,,,876,331,587,,340,267,399,,178,160,135,112,,77,,271,104,123,,201,17,103,888,,,,,,,,,37,174,,,,,,367,,,,140,,,,,,,,,,,,,,,,,,,,,,,,,,417,61,106,218,200,378,,348,67,9,381,245,310,501,247,254,413,,,174,375,45,,1081,,,,,,,,,,,,,,,,,133,59,52,18,,,,,,,28,223,336,,,311,,,,,,,,,,,,,,,,,,,,,,,,220,109,23,106,93,116,,70,415,397,,,177,134,,168,,,,79,152,242,,4,17,145,247,,56,122,338,,,32,,,,,,,,,,,,,,,,,,,,,,,,,,,,,,,,664,,171,51,703,,254,,478,294,351,,,138,113,,,,,,62,,,255,78,218,141,181,197,174,267,188,147,665,197,150,527,,37,141,374,47,121,151,47,76,303,284,263,225,,150,64,331,,,296,,,,,,,,,,,,,,,,,,,,,,,,,,,,,,,,,504,,,438,56,295,296,72,552,185,249,326,,97,,158,,,395,183,462,,,,,,,508,557,,,508,,176,37,,,333,142
2026-09-25T06:40:01+00:00,169,237,,113,579,54,,216,,344,,220,,279,387,,76,,,,,,410,253,,364,,,,,,887,17,49,60,208,,,,,142,,,45,,,,,,,,,327,40,,,,44,,101,,,12,,164,,232,,,,,,,272,15,,,212,322,199,259,113,,212,,197,,547,149,289,393,241,194,549,39,160,202,214,416,199,402,173,,119,184,263,385,163,157,612,59,675,203,95,106,165,228,244,985,,9,426,54,93,204,794,183,275,500,,,381,,,,,,,,,,,,,,,,,,,,,,,,,,,,,,,,,,,,244,330,500,320,62,,,863,330,584,,330,,,,,,,,,,,,,116,,203,17,101,884,,,,,,,,,,172,,,,,,354,,,93,139,,,,,,,,,107,,,,,,,,,,73,,,,,,,412,56,105,216,203,373,,347,66,,380,243,312,493,,246,405,,,173,371,,,,,,,349,,130,,,,,,,,,,,138,56,53,,,,,,,,,222,337,,,306,,,,,,,,,,,,,,,,,,,,,,,,217,,21,105,,113,,68,411,,,,,,,,,,,78,,,122,,16,142,245,24,54,123,335,,139,29,4,,347,,1184,311,330,,171,156,,,,,,,,,,,,,,,,,,,,,,,,,,704,,250,,475,293,,,,,,,,,,,,,,,,217,,,,,266,179,145,657,196,146,523,106,36,137,372,44,120,150,,74,,,260,223,,149,63,327,,,,,,,,,,,,,,,,,,,,,,,,,,,,,,,,,,,,495,,,,54,290,,70,550,184,247,325,,102,,156,68,83,391,182,460,,,,,,,,555,,,509,,,36,,,330,
2026-09-25T06:45:01+00:00,168,236,54,112,572,,,210,278,340,,217,,274,384,,74,,,,,,411,245,373,359,,96,,,45,905,,48,,209,,,,,,140,,41,,18,,,,,123,,329,,,,30,,,100,,180,10,104,163,,231,,,15,99,,,269,14,,,211,,,,,,,,,,543,141,282,373,233,188,537,33,157,199,202,400,,399,166,151,118,177,256,374,160,,597,57,660,196,94,100,158,227,237,946,,7,,,,,,,,,,,,,,,,,275,,,,,448,,,,,181,179,,,,,,,,,,,,,,,,,,,240,325,498,,61,,,859,,581,,322,265,390,,170,,132,103,,76,214,261,92,113,,198,17,103,874,,,,,,,,,36,173,,,,,,,,,,,,,,,,,,,105,,,,,,,,,,,,,,,,,406,51,104,,200,369,,349,61,,378,236,308,489,245,245,406,,,165,370,37,,1072,,,,,,128,,,,,,,,,,,139,,49,15,,,,,,,,218,335,,,302,,,,,,,,,,,,,,,,,,,,,,,,215,107,16,104,91,111,,59,398,389,,,176,130,35,165,,,,81,,237,121,2,15,133,244,22,48,,333,,,26,0,226,337,,1176,308,328,,170,154,,,,,,,,,,,,,,,,,,,,,,661,,170,50,,,,,,,352,,,136,,,,,,,60,,,251,,,140,170,189,175,,172,144,648,191,141,508,107,,,,,,,,,,,,,,,,,,,,,,,,,,,,,,,,,,,,,,,,,,,,,,,,,,,,492,133,109,436,50,285,,69,549,180,239,320,,101,,151,66,,,,457,,,,,,,,550,,,504,,173,33,,,329,
2026-09-25T06:50:01+00:00,166,234,,114,567,56,,207,274,337,,215,,271,378,,73,,,,,,,238,370,358,,97,,,41,923,,49,59,210,,,,,,,,34,,,,,,,121,,,,92,,26,,,101,,178,,101,160,,,101,44,16,,,,266,,,,205,315,191,254,106,107,206,,,,,,,,,,,,,,,,,,,,,,,,,,,,,,,,,,,,,,,,,200,782,179,,501,,,379,,,,,,,,,,,,,,,,,,,,,,,,,,,,,,,,,,,,247,324,,315,,,,849,,574,,314,,,,,,,,,,,,,107,,186,17,104,870,,,,,,,,,,156,,,,,,344,,1,,,,,,,,,,,104,,,,,,,,,,,,,,,,180,403,40,99,212,197,364,,352,60,,375,232,300,478,244,234,402,,,157,359,33,,,,,,346,,,,,,,,,,,,,136,54,47,13,,,,449,,,,217,336,,,300,,,,,,,,,,,,,,,,,,,,,,,,214,106,14,102,,,60,53,396,385,,,,126,,164,,,,79,151,231,,0,,,242,19,46,120,326,,138,25,,221,338,,1171,304,326,,167,145,,,,,,,,,,,,,,,,,,,,,,658,,,,701,,247,325,467,291,,,,,112,,,,,,,,,248,84,193,138,162,187,177,265,166,142,644,192,139,491,,,,,,,,,,,,,,,,,,,,,,,,,,,,,,,,,,,,,,,,,,,,,,,,,,,,,489,,107,433,48,284,294,66,545,175,238,319,,102,,150,61,,385,181,453,266,,,,,,507,546,,,503,,172,28,,,326,143
2026-09-25T06:55:01+00:00,,229,,,563,55,,198,273,338,,208,,270,373,,,,,,,,409,232,368,352,,96,,,40,929,,50,,211,,,,,139,,,31,,,,,,,,,327,,93,,24,42,,94,,,,97,159,,230,104,45,,,,,264,,,,201,314,190,244,96,94,200,,196,,539,129,274,365,224,180,528,30,152,196,199,386,197,390,158,150,,175,248,365,161,158,586,56,657,180,97,95,157,223,229,899,,,422,48,,,,,,,,,,,,,,,274,,,,,446,,,,,,178,,,,,,,,,,,,,,,,,,,244,321,495,309,,,,847,,573,,307,260,386,,158,157,124,97,,,206,255,80,98,,,17,102,866,,,,,,,,,35,151,,,,,,341,,0,,140,,,,,,,,,100,,,,,,,,,,72,,,,,,,395,33,95,210,190,359,,348,56,8,369,220,296,467,243,227,403,96,,155,356,32,,1067,,,,347,,,,,,,,,,,,,139,52,49,11,,,,,,,,213,,,,297,,,,,,,,,,,,,,,,,,,,,,,,213,105,,99,87,,,50,389,384,,,175,,37,163,,,,78,,228,119,,13,132,241,17,42,118,324,,,,,224,326,64,1170,294,325,116,,143,,,,,,,,,,,,,,,,,,,,,,653,,166,49,700,,,322,457,,,,,,111,,,,,,58,,,246,83,190,,153,175,170,264,157,140,634,190,130,487,,34,130,370,39,111,147,44,84,294,286,249,214,,141,57,322,,,290,,,,,,,,,,,,,,,,,,,,,,,,,,,,,,,,,485,131,104,435,,,291,65,544,168,237,317,,103,,149,60,80,380,,452,267,,,,,,505,,,,498,,,26,,,323,
2026-09-25T07:00:01+00:00,164,226,,,561,52,,191,269,336,,206,,268,369,,,,,,,,407,227,,349,,95,,,41,923,,48,,210,,,,,,141,,27,,,,,,,,,326,,,,18,41,,95,,176,11,95,157,,,102,44,,,,,260,15,,144,198,,,,,,,,,,538,123,269,359,220,174,522,31,148,,198,373,,385,155,,,169,241,364,,157,578,,656,171,101,91,158,219,223,882,,8,423,45,,197,762,174,276,496,55,,378,,,,,,,,,,,,,,,,,,,,,,,,,,,,,,,,,,,,241,312,491,302,59,,,838,,569,,303,,,,,,,,,,,,,97,,188,17,89,858,,,,,,,,,33,143,,,,,,339,,,94,,,,,,,,,,101,,,,,,,,,,,,,,,,,391,31,89,212,187,357,,337,55,,363,217,295,455,242,224,399,94,,146,347,,,1062,,,,,,,,,,,,,,,,,,,,,,,,,,,,,,,,,,,,,,,,,,,,,,,,,,,,,,,,210,106,13,97,85,,59,49,383,381,31,,172,125,36,,,,,,,223,,,12,126,236,14,38,,,,,22,,222,308,,1169,277,324,117,163,137,,,,,,,,,,,,,,,,,,,,,,648,,,47,,,243,320,455,,351,,,,,,,,,,55,,,244,77,,,139,171,164,262,144,135,630,186,121,471,106,,,,,,,,,,,,,,,,,,,,,,,,,,,,,,,,,,,,,,,,,,,,,,,,,,,,482,129,,430,46,279,290,,543,169,236,315,,104,,147,,82,376,180,448,265,,,,,,504,543,,,496,,171,24,,,322,142
2026-09-25T07:05:01+00:00,162,227,,,551,49,,189,266,334,,201,,266,362,,,,,,,,403,224,364,344,,94,,,,936,,49,,209,,251,,,,,,25,,,,,,,,,325,,,,17,42,,97,,,10,93,154,,228,101,42,,100,,,,14,,,197,308,187,237,87,,198,,195,,,,,,,,,,,,,,,,,,,,,,,,,,,,,,,,,,,,,,,,,,,,,,,,,,,,270,,,,,441,,,,,180,171,,,,,,,,,,,,,,,,,,,237,309,486,294,,,,833,,557,,298,,389,,142,,118,88,,72,205,249,82,95,,187,17,84,848,,,,,,,,,,139,,,,,,336,,2,92,141,,,,,,,,,102,,,,,58,,,,,,,,,,,178,385,22,83,204,186,350,,,53,,364,216,,445,,217,393,,,142,350,36,,,,,,348,,,,,,,,,,,,,137,50,46,7,,,,448,,,,209,,,,288,,,,,,,,,,,,,,,,,,,,,,,,208,,15,98,83,,,46,376,373,,24,174,120,37,159,12,,2,77,149,221,,,,125,230,13,36,117,322,,,21,,220,292,63,1159,272,320,,164,136,,,,,,,,,,,,,,,,,,,,,,642,,162,45,699,,241,318,449,287,350,,,,110,,,,,,52,,,242,74,184,,126,165,161,258,138,,619,185,116,459,107,,,,,,,,,,,,,,,,,,,,,,,,,,,,,,,,,,,,,,,,,,,,,,,,,,,,477,,,426,44,274,291,64,,,232,314,,105,,146,59,83,373,,445,261,,,,,,,540,120,,491,,170,23,,,321,141
2026-09-25T07:10:01+00:00,161,225,,,545,47,,186,264,332,,195,,,,,,,,,,,402,221,363,343,,,,,44,966,,,,210,,250,,,124,140,,,,19,,,,,122,,326,,,,19,40,,90,,175,,90,151,,229,,38,15,,,,257,,,,,,,,,,,,,,,120,268,355,216,162,517,30,145,,195,366,,,151,,117,168,242,359,160,,575,,649,154,,89,,218,217,884,23,,422,38,94,192,752,170,273,494,54,,376,,,,,,,,,,,,,,,,,,,,,,,,,,,,,,,,,,,,233,301,482,287,,,,831,329,552,,293,,,,,,,,,,,,,91,,,17,82,844,,,,,,,,,32,117,,,,,,329,,1,93,140,,,,,,,,,101,,,,,55,,,,,,,,,,,177,380,16,81,203,182,345,,342,51,,362,208,290,443,,214,390,93,,140,353,38,,1060,,,,346,,129,,,,,,,,,,,,52,,6,,,,,,,,210,335,,,286,,,,,,,,,,,,,,,,,,,,,,,,,104,18,97,78,,58,43,373,365,,,172,,35,157,,,,75,148,217,118,,,121,225,11,,115,320,,137,20,,219,280,,1155,269,321,118,166,124,,,,,,,,,,,,,,,,,,,,,,641,80,161,44,,,239,316,439,286,,,,,109,,,,,,50,,,238,70,180,137,127,162,157,,136,139,612,181,114,453,108,,,,,,,,,,,,,,,,,,,,,,,,,,,,,,,,,,,,,,,,,,,,,,,,,,,,475,127,,422,43,272,290,63,,,231,312,,,,147,58,81,362,179,443,259,,,,,,503,536,,,478,,166,,,,,138
2026-09-25T07:15:01+00:00,163,222,,,540,46,,182,260,331,,200,,267,352,,,,,,,,403,217,364,337,,95,,,45,962,,45,60,213,,249,,,122,,,23,,,,,,,121,,325,,92,,,,,91,,174,,88,150,,230,99,40,,99,,,253,,,145,199,305,171,231,64,93,190,,,,,,,,,,,,,,,,,,,,,,,,,,,,,,,,,,,,,,,,,,,,,,,,,,,,,,261,,,,,439,,,,,178,,,,,,,,,,,,,,,,,,,,,296,481,280,57,,,822,,546,,278,261,,,134,155,114,82,,70,,244,72,86,,185,17,81,837,,,,,,,,,31,116,,,,,,327,,0,92,139,,,,,,,,,,,,,,54,,,,,71,,,,,,,370,5,78,199,180,339,,341,49,,353,203,,436,244,210,383,,,138,356,39,,,,,,,,,,,,,,,,,,,,,,,,,,,,,,,,,,,,,,,,,,,,,,,,,,,,,,,,,,209,,,,75,110,,44,371,358,,,168,113,33,154,,,,74,147,212,115,,10,119,221,9,33,,316,,,18,,,,62,,,,,,,,,,,,,,,,,,,,,,,,,,,,640,,163,43,,,237,,431,284,,,,135,108,,,,,,49,,,235,67,176,136,119,153,153,257,133,138,596,178,109,431,111,33,126,369,37,108,144,45,83,284,291,241,212,,138,,315,,,282,,,,,,,,,,,,,,,,,,,,,,,,,,,,,,,,,471,126,,419,42,265,289,60,544,167,230,313,,108,,146,56,,358,,440,257,,,,,,,533,,,470,,163,24,,,312,
2026-09-25T07:20:02+00:00,161,,,,537,45,,176,258,330,,,,264,343,,,,,,,,406,211,362,334,,92,,,,953,18,37,,212,,,,,120,,,21,,,,,,,114,,,,93,,15,41,,90,,,9,87,145,,,98,38,,97,,,247,15,,,201,,,,,,,,,,,110,252,335,209,157,503,27,138,194,196,349,195,381,148,151,116,156,234,343,159,154,562,52,637,144,104,79,151,,209,867,22,,,30,,187,740,167,,498,,,,,,,,,,,,,,,,,,,,,,,,,,,,,,,,,,,,,,,232,291,,275,,,,819,328,537,,273,,,,,,,,,,,,,85,,186,17,78,827,,,,,,,,,32,106,,,,,,,,1,89,,,,,,,,,,,,,,,,,,,,,,,,,,,363,4,,197,,333,,342,50,,359,197,291,432,243,203,,,,142,351,35,,1056,,,,,,,,,,,,,,,,,,,,,,,,,,,,,,,,,,,,,,,,,,,,,,,,,,,,,,,,206,,,,,,,42,364,351,,,166,110,31,152,,,1,73,145,211,110,,11,118,220,,32,111,315,,,,,217,270,,1141,266,,117,,118,,,,,,,,,,,,,,,,,,,,,,635,79,161,42,695,,233,,425,280,,,,,109,,,,,,46,,,223,66,172,131,98,147,157,258,135,248,584,175,101,471,113,,,,,,,,,,,,,,,,,,,,,,,,,,,,,,,,,,,,,,,,,,,,,,,,,,,,467,,,,,253,285,58,543,168,226,,,,,145,57,,359,177,436,,,,,,,,,,,467,,162,,,,313,
2026-09-25T07:25:01+00:00,163,223,,,533,44,,169,254,327,,193,,262,333,,72,,,,,,405,,358,331,,,,,,971,,38,59,214,,246,,,,,,18,,,,,,,113,,326,,,,16,39,,84,,,8,85,143,,228,,36,14,,,,239,14,,,,294,157,229,51,,187,,197,,535,108,238,327,208,151,495,23,133,193,195,335,,379,139,,113,148,230,328,,150,542,50,630,134,,78,156,211,200,857,21,7,421,22,,,,,,,,,,,,,,,255,,,,,438,,,,,177,,,,,,,,,,,,,,,,,,,,225,285,479,268,56,,,811,,523,,265,,,,125,152,109,80,,69,199,239,70,79,,178,17,,822,,,,,,,,,33,101,,,,,,318,,,87,,,,,,,,,,,,,,,,,,,,,,,,,,172,356,1,77,191,181,331,,,49,,357,191,292,427,242,202,382,,,133,350,36,,,,,,347,,128,,,,,,,,,,,138,50,,4,,,,447,,,,203,328,,,282,,,,,,,,,,,,,,,,,,,,,,,,202,103,,95,71,,,38,359,342,,,163,112,32,149,11,,2,,143,200,109,,12,113,216,,,110,,,,,,216,266,,1131,264,,119,164,117,,,,,,,,,,,,,,,,,,,,,,630,,,40,696,,229,314,420,,,,,,,,,,,,45,,,217,,173,128,97,,,261,126,,574,172,94,461,,28,124,,34,105,142,,78,286,287,231,203,,135,55,309,,,272,,,,,,,,,,,,,,,,,,,,,,,,,,,,,,,,,463,,105,418,40,247,284,,542,165,223,,,114,,144,55,,362,175,,,,,,,,502,532,,,461,,160,,,,309,139
2026-09-25T07:30:02+00:00,160,222,,,532,45,,165,249,325,,196,,258,325,,71,,,,,,,208,351,,,,,,,981,17,35,,215,,242,,,122,,,17,,,,,,,112,,329,39,,,18,38,,81,,173,,90,141,86,,,37,,95,,,236,,,,199,,,,,,,,,,,,,,,,,,,,,,,,,,,,,,,,,,,,,,,,,,,,,,,,,,,,,,,,,,,,,,,,,,,,,,,,,,,,,,,,,,,,,,,,,,223,282,477,260,55,,,806,326,511,,259,,,,,,,,,,,,,75,,172,17,73,813,,,,,,,,,32,90,,,,,,317,,,88,137,,,,,,,,,99,,,,,,,,,,70,,,,,,170,353,3,,190,185,,,337,,,354,187,291,420,,200,377,,,131,352,31,,1055,,,,,,,,,,,,,,,,,137,,,3,,,,446,,,,202,327,,,,,,,,,,,,,,,,,,,,,,,,,,,203,,,96,69,111,59,39,354,341,,,159,113,33,,,,,74,,194,105,,11,110,,8,28,109,314,,135,17,,209,253,61,1123,252,320,118,165,108,,,,,,,,,,,,,,,,,,,,,,,,159,,,,,,,,,,,134,110,,,,,,,,,,,,,,146,153,,127,247,553,166,92,452,114,29,,,32,102,141,,77,282,286,225,,,134,56,304,,,271,,,,,,,,,,,,,,,,,,,,,,,,,,,,,,,,,461,125,106,415,39,239,283,,541,167,218,307,,,,146,52,78,359,174,,256,,,,,,,533,,,462,,157,23,,,304,138
2026-09-25T07:35:02+00:00,158,221,53,,530,46,,160,245,,,194,,254,316,,,,,,,,,204,349,324,,,,,44,992,,,,216,,,,,121,141,,,,,,,,,,,328,,94,,17,37,,76,,,,86,138,,,,36,,96,,,,,,146,200,290,149,221,35,,177,,,,,100,233,322,206,,487,21,128,,196,327,,378,134,152,,147,,322,,,537,52,625,132,106,75,,,196,853,,8,422,19,88,175,727,164,271,498,54,,376,,,,,,246,,,,,432,,,,,171,168,,,,,,,,,,,,,,,,,,,224,,478,258,,,,804,325,500,,253,260,391,,115,,105,77,,67,198,232,64,72,,170,17,70,797,,,,,,,,,31,84,,,,,,,,0,86,,,,,,,,,,97,,,,,,,,,,,,,,,,167,341,1,76,186,183,328,,,46,,349,183,289,415,240,196,,,,,353,,,,,,,,,,,,,,,,,,,,,,,,,,,,,,,,,,,,,,,,,,,,,,,,,,,,,,,,,,,205,101,17,95,67,,,35,339,338,,,156,109,34,148,,,,72,,187,101,,,108,213,,21,106,313,27,,13,,,,,,,,,,,,,,,,,,,,,,,,,,,,,,,,616,78,,,695,,228,312,413,,348,,,131,,,,,,,,,,210,64,161,125,89,132,148,260,,244,526,163,89,438,,,,,,,,,,,,,,,,,,,,,,,,,,,,,,,,,,,,,,,,,,,,,,,,,,,,,458,,,417,,236,280,54,,160,214,306,,115,,145,49,76,354,172,438,255,,,,,,501,530,,,453,,155,24,,,302,
2026-09-25T07:40:02+00:00,157,224,,,526,43,,150,240,322,,188,,247,308,,,,,,,166,406,202,348,322,,91,,,43,996,,34,57,217,,241,,,,,,15,,,,,,,113,,330,,,,15,,,69,,,,89,132,85,227,97,33,,,,,,13,,145,204,,,,,,,,,,,,,,,,,,,,,,,,,,,,,,,,,,,,,,,,,,,,,,,,,,,,,,,,,,,,,,,,,,,,,,,,,,,,,,,,,,,,,,,,,,226,281,482,260,57,,,799,324,495,,241,,,,,,,,,,,,,69,,166,17,64,790,,,,,,,,,,77,,,,,,313,,,,,,,,,,,,,95,,,,,,,,,,,,,,,,166,331,2,74,183,177,326,,332,48,,348,181,,407,241,199,374,,,130,356,36,,1053,,,,348,,,,,,,,,,,,,140,45,43,0,,,,445,,,26,195,323,,,276,,,,,,,,,,,,,,,,,,,,,,,,203,99,,94,61,109,58,32,331,,,23,153,107,33,,,,,73,,186,100,,,106,212,5,,105,314,,,11,,205,246,,1103,240,319,116,163,,,,,,,,,,,,,,,,,,,,,,,,,,,691,,,,,,,,,,,,,,,,,,,,,,,,,,,117,239,520,158,83,432,116,28,120,,25,100,140,42,75,275,283,221,200,,123,,296,,,255,,,,,,,,,,,,,,,,,,,,,,,,,,,,,,,,,457,,105,412,40,230,276,,540,156,,307,,,,143,48,,345,169,435,252,,,,,,500,528,,,,,154,23,,,,139
2026-09-25T07:45:01+00:00,155,223,,,511,39,,142,234,,,183,,244,303,,,,,,,165,,194,344,320,,,,,44,983,18,36,59,219,,237,,,120,,,14,,,,,,,,,,40,,,14,,,62,,,,92,,,,,,,,,,231,14,,,205,289,130,214,18,92,163,,196,,534,91,220,311,204,146,471,18,126,189,195,308,,373,112,,110,140,222,312,156,148,527,53,613,127,109,73,152,204,182,824,,,423,16,80,172,712,157,,499,,,375,,,,,,237,,,,,428,,,,,166,171,,,,,,,,,,,,,,,,,,,228,279,479,252,58,,,795,,491,,234,259,,,104,151,100,75,,66,196,219,51,63,,164,17,58,782,,,,,,,,,,73,,,,,,309,,,,,,,,,,,,,94,,,,,,,,,,,,,,,,164,317,,70,179,176,324,,327,,,345,176,290,400,234,191,369,,,131,,42,,1051,,,,,,,,,,,,,,,,,,,,,,,,,,,,,,,,,,,,,,,,,,,,,,,,,,,,,,,,204,,19,,58,,,31,324,331,,,,103,34,149,,,,74,142,184,99,,10,104,,,14,100,313,,134,10,,,,62,,,,,,,,,,,,,,,,,,,,,,,,,,,,608,79,157,41,,,227,310,407,,347,,,129,109,,,,,,46,,,206,65,,122,80,120,144,,112,,502,151,73,414,,27,114,365,26,102,141,,77,269,,216,199,,113,54,293,,,258,,,,,,,,,,,,,,,,,,,,,,,,,,,,,,,,,453,,106,408,39,232,272,,542,150,211,309,,116,,142,49,,341,167,433,251,,,,,,499,526,,,444,,150,19,,,288,138
2026-09-25T07:50:01+00:00,150,222,,112,501,36,,132,230,316,,178,,242,296,,70,,,,,164,,191,,315,,90,,,,982,,35,57,,,236,,,,139,,,,,,,,,112,,,,93,,,,,59,,172,6,,127,84,,,31,,95,,,229,12,,142,206,,,,,,,,,,533,82,200,292,203,143,460,17,122,185,,294,194,,99,,108,130,212,290,155,147,519,51,602,120,108,69,157,195,176,813,,,421,12,,,,,,,,,,,,,,,,,,,,,,,,,,,,,,,,,,,,,,,,,,,,,223,278,476,244,56,,,791,,478,,225,,,,,,,,,,,,,57,,,16,,761,,,,,,,,,28,71,,,,,,305,,1,79,136,,,,,,,,,91,,,,,55,,,,,69,,,,,,,312,0,,172,169,317,,330,50,,339,162,285,399,233,192,363,94,,126,357,39,,,,,,,,,,,,,,,,,,,,,42,,,,,,,,,196,321,,,271,,,,,,,,,,,,,,,,,,,,,,,,201,,18,92,55,,57,,313,325,30,,,95,38,146,,,1,75,141,176,96,,7,100,209,,8,101,,,133,11,,202,245,63,1089,236,320,113,,107,,,,,,,,,,,,,,,,,,,,,,603,,155,,690,,224,307,403,278,345,,,,108,,,,,,44,,,203,62,156,118,,113,142,261,95,235,475,,70,402,119,,,,,,,,,,,,,,,,,,,,,,,,,,,,,,,,,,,,,,,,,,,,,,,,,,,,451,127,,400,35,224,269,52,541,145,206,310,,117,,141,48,73,344,161,427,248,,,,,,494,524,,,437,,145,37,,,281,137
2026-09-25T07:55:02+00:00,147,221,,,492,34,,121,214,313,,172,,239,286,,69,,,,,161,403,185,339,310,,88,,,41,976,,,55,,,229,,,,,,10,,,,,,,110,,333,,,,11,,10,48,,,7,87,128,,,,30,13,,,,226,11,,140,204,290,123,198,,88,158,,197,,,,,,,,,,,,,,,,,,,,,,,,,,,,,,,,,,,,,,82,167,696,156,270,500,,,374,,,,,,225,,,,,426,,,,,165,166,,,,,,,,,,,,,,,,,,,216,,475,240,55,,,785,321,467,,214,257,,,97,150,93,72,,64,193,217,41,54,,160,16,53,741,,,,,,,,,,65,,,,,,303,,0,77,,,,,,,,,,,,,,,54,,,,,,,,,,,162,298,,65,168,167,303,,320,53,,332,140,282,396,,189,359,93,,123,356,33,,1047,,,,347,,,,,,,,,,,,,143,40,40,,,,,443,,,,193,319,,,263,,,,,,,,,,,,,,,,,,,,,,,,202,100,16,91,50,108,56,28,308,316,,,151,92,37,145,,,,74,140,161,91,,,98,206,,2,97,311,,,12,,198,242,,,233,315,112,,100,,,,,,,,,,,,,,,,,,,,,,585,78,152,42,685,,220,300,385,276,343,,,123,,,,,,,39,,,199,59,145,114,58,94,143,257,89,228,461,150,68,391,118,30,106,364,28,87,139,41,71,256,277,202,197,,105,52,287,,,250,,,,,,,,,,,,,,,,,,,,,,,,,,,,,,,,,449,,105,,33,,267,50,539,140,203,308,,120,,142,46,70,339,158,426,245,,,,,,491,520,,,430,,144,,,,274,136
2026-09-25T08:00:01+00:00,146,222,,,488,31,,114,213,310,,176,,231,278,,68,,,,,166,399,180,335,308,,87,,,45,970,,33,,220,,227,,,,140,,8,,,,,,,,,332,39,,,10,34,,45,,,,86,126,,,96,27,12,,,,224,15,,,207,,,,,,,,,,,77,191,288,201,,452,15,120,,,283,,,90,,,126,211,277,,148,509,49,588,115,,71,158,192,172,802,,,422,11,,,,,,,,,,,,,,,,,,,,,,,,,,,,,,,,,,,,,,,,,,,,,212,,473,236,54,,,784,319,456,,208,,,,,,,,,,,,,50,,152,16,40,723,,,,,,,,,27,70,,,,,,297,,,78,,,,,,,,,,93,,,,,,,,,,,,,,,,,288,1,64,167,165,293,,309,52,7,,123,279,390,232,184,350,91,,118,,34,,,,,,,,,,,,,,,,,,,,,,,,,,,,,,,,,,,,,,,,,,,,,,,,,,,,,,,,,,199,,17,90,46,109,55,21,301,294,,,147,86,,144,,,,,,151,81,3,,97,205,6,5,94,312,,,8,,196,239,64,1082,220,314,111,164,91,,,,,,,,,,,,,,,,,,,,,,,,,,,,,,,,,,,,,,,,,,,,,,,,,,,,,81,229,441,143,61,382,117,29,105,,29,82,137,,75,250,278,200,,,,,285,,,246,,,,,,,,,,,,,,,,,,,,,,,,,,,,,,,,,442,128,,399,32,207,265,,538,,197,307,,118,,143,,67,328,155,418,244,,,,,,486,518,,,419,,142,36,,,267,134
2026-09-25T08:05:01+00:00,,,,111,485,28,,105,200,305,,172,,224,263,,69,,,,,163,398,179,337,303,,,,,46,961,,29,,,,221,,,118,,,7,,,,,,,108,,334,38,,,12,,,44,,173,,90,120,,,,26,11,94,,,222,16,,,209,292,116,175,3,96,151,,,,,62,178,,198,141,435,10,121,184,193,269,,368,81,151,,116,204,250,,,502,46,581,165,,66,159,190,176,779,,,420,6,79,161,686,153,265,,,,369,,,,,,209,,,,,425,,,,,162,161,,,,,,,,,,,,,,,,,,,207,279,471,233,53,,,780,316,444,,204,,394,,,,87,75,1,59,191,205,43,47,,153,17,44,709,,,,,,,,,25,62,,,,,,292,,,74,,,,,,,,,,,,,,,53,,,,,71,,,,,,160,276,0,60,160,163,286,,305,47,,333,119,,389,231,181,348,,,114,352,30,,1043,,,,346,,,,,,,,,,,,,141,41,37,1,,,,,,,,186,318,,,257,,,,,,,,,,,,,,,,,,,,,,,,201,99,,88,42,110,,,297,287,,,,90,38,,10,,,75,138,141,75,4,,95,204,5,6,91,311,,,7,,195,229,,1068,211,311,110,162,90,,,,,,,,,,,,,,,,,,,,,,581,76,,40,688,,219,301,374,275,342,,,118,106,,,,,,40,,,191,,138,111,45,90,137,256,72,225,422,142,57,372,116,,,,,,,,,,,,,,,,,,,,,,,,,,,,,,,,,,,,,,,,,,,,,,,,,,,,443,,,394,28,202,263,,537,129,190,,,117,,144,45,64,319,152,415,243,,,,,,482,516,,,411,,137,34,,,250,
2026-09-25T08:10:01+00:00,141,219,,,478,,,90,192,302,,165,,218,251,,,,,,,160,397,,335,302,,85,,,,948,17,28,52,,,214,,,120,138,,5,,,,,,,106,,335,,94,,13,33,9,37,,,,93,118,,,,,10,,,,220,18,,137,210,,,,,,,,,,534,56,177,281,196,142,427,9,124,,,264,,,79,,,117,199,234,,150,501,,579,161,,65,202,186,175,770,,,418,4,,,,,,,,,,,,,,,,,,,,,,,,,,,,,,,,,,,,,,,,,,,,,206,,468,229,,,,777,315,430,,197,,,,,,,,,,,,,42,,152,16,39,695,,,,,,,,,22,53,,,,,,288,,,75,135,,,,,,,,,89,,,,,49,,,,,,,,,,,,264,,59,159,164,283,,313,46,,337,105,275,387,232,171,346,90,,107,348,32,,,,,,,,,,,,,,,,,,,,,,,,,,,,,,,,,,,,,,,,,,,,,,,,,,,,,,,,,,198,97,,87,43,,,19,285,273,,,142,86,36,142,,,,,,128,67,3,,98,201,6,10,,,26,,10,,192,228,,1056,207,308,109,161,85,,,,,,,,,,,,,,,,,,,,,,564,73,149,39,687,,,296,361,276,341,,,119,104,,,,,,36,,,186,56,132,109,29,80,135,255,68,222,402,138,59,,,,,,,,,,,,,,,,,,,,,,,,,,,,,,,,,,,,,,,,,,,,,,,,,,,,,,,,102,389,,187,258,,533,114,184,308,,120,,146,44,60,316,148,412,240,,,,,,477,,119,,397,,134,32,,,246,
2026-09-25T08:15:02+00:00,138,220,,,469,27,,83,186,301,,162,,212,242,,70,,,,,152,395,176,326,301,,84,,,45,941,,25,,,,205,,,,139,,4,,,,,,,107,,333,,,,,36,,40,,170,,90,117,83,226,98,27,,95,,,,17,,134,,299,95,147,1,92,142,,196,,,,,,,,,,,,,,,,,,,,,,,,,,,,,,,,,,,,,,80,146,670,149,259,,,,371,,,,,,201,,,,,419,,,,,155,156,,,,,,,,,,,,,,,,,,,,278,469,227,52,,,774,314,423,,193,,399,,88,149,84,79,,,190,195,30,32,,146,16,30,676,,,,,,,,,,55,,,,,,282,,,71,136,,,,,,,,,88,,,,,48,,,,,70,,,,,,,257,2,57,,163,273,,306,42,,330,104,272,380,,167,345,,,103,,,,,,,,341,,129,,,,,,,,,,,230,63,30,5,,,,442,,,,178,316,,,256,,,,,,,,,,,,,,,,,,,,,,,,194,96,,,44,108,54,16,282,271,,,136,82,,141,,,,76,,118,63,1,,97,199,,8,89,310,43,,9,,190,226,,1052,205,304,107,157,77,,,,,,,,,,,,,,,,,,,,,,,,151,,,,,,,,,,,118,105,,,,,,,,,,55,,104,,84,,,66,221,381,,58,362,115,36,100,361,34,74,134,39,72,243,271,189,195,,96,53,276,,,229,,,,,,,,,,,,,,,,,,,,,,,,,,,,,,,,,,127,101,383,27,177,255,51,531,110,174,307,,121,,145,,59,312,145,410,239,,,,,,474,512,,,388,,132,33,,,239,
2026-09-25T08:20:02+00:00,137,219,,,467,22,,73,181,,,157,,210,228,,,,,,,146,392,174,317,296,,85,,,44,933,16,23,,221,,201,,,115,136,,3,,,,,,,106,,,,95,,,34,,36,,171,,,114,82,228,97,25,11,96,,,212,20,,,209,,,,,,,,,,,55,175,277,194,141,422,,123,182,,262,,367,71,153,106,115,194,226,,152,492,44,557,152,107,64,199,184,173,767,,,420,2,,,,,,,,,,,,,,,,,,,,,,,,,,,,,,,,,,,,,,,,,,,,,204,,,226,49,,,776,,407,,186,,,,,,,,,,,,,31,,145,16,23,663,,,,,,,,,23,50,,,,,,279,,,70,,,,,,,,,,90,,,,,,,,,,,,,,,,,251,1,58,158,161,270,,301,40,,325,90,,376,,,343,88,,100,343,33,,1044,,,,,,,,,,,,,,,,,,,,,,,,,,,,,,,,,,,,,,,,,,,,,,,,,,,,,,,,191,,,86,43,,,8,277,256,,,137,83,,136,,,,77,137,106,55,3,8,91,192,,,88,311,,132,8,,,,65,,,,,,,,,,,,,,,,,,,,,,,,,,,,551,71,141,38,679,,217,293,347,277,342,,,,103,,,,,,32,,,185,56,130,105,31,69,124,256,55,217,373,,61,355,,,,,,,,,,,,,,,,,,,,,,,,,,,,,,,,,,,,,,,,,,,,,,,,,,,,,,126,,382,,167,250,,,96,173,,,,,143,45,56,307,142,409,,,,,,,,509,,,381,,129,34,,,230,
2026-09-25T08:25:02+00:00,135,217,,110,458,20,,65,175,299,,151,,,222,,,,,,,144,,173,311,286,,,,,42,928,,21,53,220,,194,,,,137,,2,,,,,,,102,,331,39,,,14,33,,27,,,6,86,,81,229,,22,,97,,,210,19,,,207,303,81,124,,84,,,,,,,,,,,,,,,,,,,,,,,,,,,,,,,,,,,,,,,,,73,141,657,142,260,498,53,,369,,,,,,189,,,,,,,,,,144,153,,,,,,,,,,,,,,,,,,,205,275,,230,48,,,781,,404,,180,255,401,,76,,83,78,,,188,194,34,41,,137,16,22,656,,,,,,,,,,38,,,,,,271,,,68,135,,,,,,,,,,,,,,47,,,,,,,,,,,159,244,,56,155,154,261,,293,38,,,84,,366,,175,337,,,93,345,36,,,,,,342,,128,,,,,,,,,,,232,58,27,,,,,,,,,174,315,,,253,,,,,,,,,,,,,,,,,,,,,,,,189,97,,83,42,,55,,274,248,29,22,138,82,,134,,,,76,,104,47,0,,,189,3,,85,310,,131,,,197,227,63,1042,193,300,105,162,66,,,,,,,,,,,,,,,,,,,,,,,,,,,,,,,,,,,,,,,,,,,,,,,,,,,,,54,213,361,,59,332,114,,,,,,,,,,,,,,,,,,,,,,,,,,,,,,,,,,,,,,,,,,,,,,,,,,,,444,127,100,381,28,159,243,50,529,86,168,309,,122,,,,54,301,140,405,232,,,,,,472,503,,,372,,126,32,,,225,132
2026-09-25T08:30:01+00:00,132,,,,449,21,,60,172,296,,150,,,217,,69,,,,,,,,307,282,,86,,,,926,17,18,52,219,,189,,,,,,0,,,,,,,99,,332,,94,,12,,10,18,,,,87,,,228,98,19,12,,,,208,20,,132,,,,,,,,,,,,52,168,274,190,140,410,7,122,,190,251,,365,51,,105,105,187,213,153,,487,45,544,150,,60,190,179,171,,,,421,1,,,,,,,,,,,,,,,,,,,,,,,,,,,,,,,,,,,,,,,,,,,,,208,278,,226,46,,,772,313,400,,182,,,,,,,,,,,,,37,,139,16,24,652,,,,,,,,,20,32,,,,,,269,,,,,,,,,,,,,91,,,,,43,,,,,69,,,,,,,242,0,53,150,152,256,,282,35,,321,,274,362,,177,332,,,95,347,37,,1045,,,,341,,,,,,,,,,,,,,57,23,,,,,443,,,,176,307,,,251,,,,,,,,,,,,,,,,,,,,,,,,,,,81,41,,54,10,276,241,,,136,81,37,136,,,,,136,92,43,3,9,,186,2,7,86,311,,130,,,,,,,,,,,,,,,,,,,,,,,,,,,,,,,,,544,69,,,677,,,,341,273,341,,,120,,,,,,,30,,,,55,126,104,27,61,123,255,46,209,353,132,54,331,113,34,93,358,,57,131,,71,233,253,166,193,,78,50,263,,,211,,,,,,,,,,,,,,,,,,,,,,,,,,,,,,,,,443,126,98,380,25,151,235,51,527,89,163,,,,,,,,294,136,403,231,,,,,,468,499,,,356,,124,,,,214,133
2026-09-25T08:35:02+00:00,126,,,,439,15,,55,165,298,,145,,209,211,,70,,,,,139,393,170,301,271,,85,,,,922,,,51,220,,181,,,112,,,,,18,,,,,97,,331,38,,,8,34,,8,,170,5,84,113,,226,97,17,,96,,,209,19,,,206,299,70,113,7,80,136,,197,,535,54,161,264,189,144,393,9,121,,188,233,,363,47,154,104,94,180,197,154,,483,44,529,155,,59,195,,167,771,20,7,422,2,70,144,648,133,258,494,,,366,,,,,,178,,,,,,,,,,137,148,,,,,,,,,,,,,,,,,,,211,277,470,222,48,,,773,311,390,,178,256,405,,71,146,80,79,,,186,191,26,32,,132,17,23,633,,,,,,,,,,31,,,,,,270,,,,134,,,,,,,,,,,,,,42,,,,,,,,,,,158,235,1,51,144,154,247,,286,34,,322,79,269,354,231,,330,90,,96,344,,,,,,,,,127,,,,,,,,,,,,56,21,6,,,,442,,,,173,305,,,248,,,,,,,,,,,,,,,,,,,,,,,,188,96,16,79,42,109,53,8,275,237,,,,80,39,135,,,,77,,90,39,,8,92,188,3,,85,312,,,9,,202,208,62,1033,185,298,,163,59,,,,,,,,,,,,,,,,,,,,,,538,,138,36,676,,214,291,319,270,339,,,121,,,,,,,,,,,,130,,22,40,128,252,49,206,341,126,57,330,114,,,,,,,,,,,,,,,,,,,,,,,,,,,,,,,,,,,,,,,,,,,,,,,,,,,,441,124,99,373,23,144,231,52,525,81,157,,,,,141,43,52,289,133,,228,,,,,,,496,118,,346,,120,29,,,,
2026-09-25T08:40:02+00:00,125,,52,,435,13,,56,156,297,,138,,211,209,,,,,,,134,392,168,,269,,84,,,41,916,16,17,,,,180,,,111,136,,,,,,,,,96,,,39,,,9,33,9,9,,,,81,109,,227,,18,11,95,,,,18,,134,,,,,,,,,,,,,,,,,,,,,,,,,,,,,,,,,,,,,,,,,,,,,,,73,142,647,129,255,492,,,364,,,,,,171,,,,,418,,,,,136,143,,,,,,,,,,,,,,,,,,,213,276,469,,45,,,,310,386,,180,,,,,,,,,,,,,35,,124,17,16,628,,,,,,,,,19,28,,,,,,266,,,66,,,,,,,,,,90,,,,,,,,,,,,,,,,,,0,49,145,,245,,,31,,320,83,263,351,230,181,327,,,91,342,30,,,,,,338,,128,,,,,,,,,,,,58,20,4,,,,443,,,,171,300,,,244,,,,,,,,,,,,,,,,,,,,,,,,189,,18,,37,,,14,271,232,,,139,74,37,133,,,,,135,87,36,,,94,186,,9,87,,44,,8,,,204,63,1022,183,296,104,,57,,,,,,,,,,,,,,,,,,,,,,,68,134,,673,,213,289,309,269,,,,119,,,,,,,27,,,,56,127,102,12,35,,250,50,,314,121,63,336,118,,,,,,,,,,,,,,,,,,,,,,,,,,,,,,,,,,,,,,,,,,,,,,,,,,,,439,,96,366,20,132,225,,521,83,154,,,124,,139,41,51,281,130,401,,,,,,,470,494,,,339,,119,,,,,
2026-09-25T08:45:01+00:00,119,214,53,,429,9,,43,152,295,,,,204,204,,,,,,,136,389,167,,267,,83,,,38,914,,15,52,218,,,,,109,135,,,,,,,,,98,,330,40,,,6,,10,0,,171,4,,108,,,,16,,,,,211,,,,,,62,98,,76,134,,,,,50,160,261,188,143,381,,,181,190,224,,362,42,,,93,178,191,,151,484,43,526,,106,,196,178,166,765,,,420,,,,,,,,,,,,,,,,,,,,,,,,,,,,,,,,,,,,,,,,,,,,,,212,,468,216,44,,,770,,383,,178,255,408,,,145,78,77,,,182,194,23,36,,129,17,15,614,,,,,,,,,,34,,,,,,257,,,,133,,,,,,,,,89,,,,,41,,,,,,,,,,,,229,2,48,140,155,241,,285,,,322,85,260,342,,,322,,,87,337,33,,,,,,,,,,,,,,,,,,,,,,,,,,,,,,,,,,,,,,,,,,,,,,,,,,,,,,,,,,186,95,17,80,38,,,18,273,231,,23,138,75,,132,,,,,,,35,,,93,185,,12,88,313,,131,9,,,,,,,,,,,,,,,,,,,,,,,,,,,,,,,,,,,,,,,,,,,,,,,,,,,,,,,,,,,,,,,43,200,307,118,60,334,115,,77,357,36,49,130,38,74,222,249,163,191,,75,51,241,,,202,,,,,,,,,,,,,,,,,,,,,,,,,,,,,,,,,,123,,362,21,130,,53,,76,155,310,,122,,138,,,286,128,,,,,,,,469,489,,,330,,116,28,,,,130
2026-09-25T08:50:01+00:00,114,,,,424,7,,34,151,293,,136,,205,199,,,,,,,149,388,,299,259,,80,,,39,916,15,18,51,219,,181,,,105,,,,,,,,,,95,,329,41,,,5,,,,,172,,,,,,,15,,96,,,218,,,,207,,,,,,,,,,534,,152,,183,144,363,11,120,182,191,197,,360,33,156,102,92,172,183,,150,479,40,516,152,103,60,,175,163,,,8,419,,,,,,,,,,,,,,,,160,,,,,419,,,,,137,142,,,,,,,,,,,,,,,,,,,209,273,469,213,45,,,765,308,,,182,,,,,,,,,,,,,34,,125,16,9,603,,,,,,,,,16,22,,,,,,253,,,,132,,,,,,,,,86,,,,,,,,,,68,,,,,,,231,,47,137,,233,,284,27,,320,81,261,335,,,319,91,,80,,,,,,,,,,,,,,,,,,,,,,,,,,,,,,,,,,,,,,,,,,,,,,,,,,,,,,,,,,,,,93,18,81,,110,52,,269,228,,,142,74,35,130,,,,76,,88,30,0,7,96,183,,18,89,310,,130,12,,206,194,,1014,175,291,103,160,51,,,,,,,,,,,,,,,,,,,,,,535,70,,37,675,,211,290,296,268,338,,,115,100,,,,,,26,,,182,55,126,103,,32,127,,32,194,293,120,50,331,,,76,356,35,47,,36,76,218,242,161,190,,73,50,240,,,200,,,,,,,,,,,,,,,,,,,,,,,,,,,,,,,,,438,,95,,20,124,222,,520,71,153,311,,123,,,43,47,284,127,,229,,,,,,467,484,,,318,,117,26,,,180,
2026-09-25T08:55:01+00:00,115,213,55,,416,5,,24,145,292,,,,206,197,,,,,,,156,389,,297,256,,79,,,38,912,,19,,,,179,,,103,134,,,,,,,,,,,327,,95,,6,,,,,171,,80,,82,226,,14,10,95,,,,17,,131,203,,49,91,5,69,131,,,,,,,,,,,,,,,,,,,,,,,,,,,,,,,,,,,,,,,,,,,,,,,,,,,,,,,,,,,,,,,,,,,,,,,,,,,,,,,,,,,,,274,471,219,46,,,764,310,374,,181,,410,,59,,77,73,1,57,183,191,24,27,,121,16,8,598,,,,,,,,,,17,,,,,,243,,,65,131,,,,,,,,,87,,,,,,,,,,,,,,,,,216,0,,133,154,228,,275,30,,317,79,,329,229,183,318,90,,76,334,,,,,,,334,,,,,,,,,,,,,230,57,22,5,,,,442,,,25,,299,,,247,,,,,,,,,,,,,,,,,,,,,,,,,,17,80,37,,54,19,265,213,,,138,73,,125,,,,,134,84,22,4,6,94,177,2,,84,308,,,10,,203,192,64,1009,172,290,102,163,50,,,,,,,,,,,,,,,,,,,,,,530,,,34,674,,210,291,293,,337,,,116,101,,,,,,27,,,,54,119,98,7,26,130,248,,,280,119,44,320,113,,,,,,,,,,,,,,,,,,,,,,,,,,,,,,,,,,,,,,,,,,,,,,,,,,,,437,,93,358,18,110,220,54,517,65,145,,,124,,,,,277,124,399,230,,,,,,466,,,,310,,118,27,,,,131
2026-09-25T09:00:02+00:00,112,210,,,411,2,,16,147,,,134,,199,195,,69,,,,,157,388,166,287,251,,,,,37,911,,22,50,223,,180,,,102,,,,,,,,,,,,328,39,96,,7,31,,,,,3,82,103,,,,11,11,,,,,18,,,205,,,,,,,,,,532,44,153,259,185,142,356,14,118,,,183,,363,30,157,103,89,171,172,,149,472,,510,150,,,197,176,157,774,19,7,417,1,75,137,616,122,248,488,52,,362,,,,,,163,,,,,,,,,,133,136,,,,,,,,,,,,,,,,,,,207,273,,,45,,,761,,364,,,,,,,,,,,,,,,18,,,17,7,580,,,,,,,,,13,11,,,,,,252,,,63,132,,,,,,,,,88,,,,,,,,,,67,,,,,,,208,,46,129,157,,,280,,,315,68,260,326,227,181,,,,81,330,,,,,,,337,,124,,,,,,,,,,,227,56,20,,,,,,,,24,164,295,,,244,,,,,,,,,,,,,,,,,,,,,,,,,91,18,,38,,55,18,262,219,,,139,75,,124,,,,,,83,17,1,,98,,0,16,85,303,,129,,,201,178,65,998,162,286,99,165,55,,,,,,,,,,,,,,,,,,,,,,532,69,,32,673,,209,,287,266,338,,,113,,,,,,,23,,,,,112,,,25,,250,31,193,275,121,,312,112,32,66,,30,40,127,33,81,201,224,142,,,67,47,227,,,192,,,,,,,,,,,,,,,,,,,,,,,,,,,,,,,,,436,124,91,351,19,99,215,,,61,,310,,122,,137,41,51,275,116,398,229,,,,,,464,485,,,305,,114,24,,,161,129
2026-09-25T09:05:01+00:00,115,209,,,412,,,20,142,293,,132,,197,196,,66,,,,,156,389,165,278,244,,,,,,913,,0,51,222,,182,,,105,,,,,17,,,,,,,327,40,,,11,33,11,,,172,,80,,,,,9,10,96,,,219,17,,129,204,300,37,79,,65,124,,,,,38,140,248,181,139,348,17,119,,193,170,,360,16,,,87,174,153,,145,461,38,488,149,101,59,193,180,152,778,20,,,3,,,,,,,,,,,,,,,,,,,,,,,,,,,,,,,,,,,,,,,,,,,,,204,271,470,221,47,,,756,309,357,,184,,415,,60,,,72,2,58,181,186,23,,,119,17,8,570,,,,,,,,,12,9,,,,,,249,,,64,,,,,,,,,,87,,,,,,,,,,,,,,,,,201,1,48,126,160,219,,272,24,,306,69,262,324,226,179,319,,,83,323,,,,,,,,,,,,,,,,,,,,,,,,,,,,,,,,,,,,,,,,,,,,,,,,,,,,,,,,,,,187,92,16,81,,109,,21,259,,30,24,138,74,34,,,,,,133,87,,0,7,94,178,1,18,86,,43,127,9,,,,,,,,,,,,,,,,,,,,,,,,,,,,,,,,,67,127,34,672,,210,290,274,267,,,,114,102,,,,,,19,,,181,61,107,94,,23,129,248,,191,258,111,47,313,,31,63,360,,,,,80,199,,,,,60,48,221,,,189,,,,,,,,,,,,,,,,,,,,,,,,,,,,,,,,,435,123,90,344,20,91,210,55,515,53,143,,,,,135,42,,263,111,396,,,,,,,466,487,,,301,,115,,,,156,130
2026-09-25T09:10:02+00:00,116,210,54,,418,4,,15,138,294,,136,,195,195,,65,,,,,157,386,164,279,241,,77,,,38,903,,,,,,177,,,102,136,,,,,,,,,97,,325,,,,14,,,,,173,,82,102,,,99,7,,,,,,18,,,,,,,,,,,,,,,,,,,,,,,,,,,,,,,,,,,,,,,,,,,,,,,,,76,,601,117,243,483,,,,,,,,,160,,,,,416,,,,,131,132,,,,,,,,,,,,,,,,,,,203,,473,219,50,,,750,308,348,,180,,,,,,,,,,,,,,,113,17,12,563,,,,,,,,,,1,,,,,,251,,5,68,,,,,,,,,,84,,,,,,,,,,,,,,,,160,198,,49,127,163,213,,264,23,,301,71,260,332,228,177,318,93,,87,317,,,,,,,330,,123,,,,,,,,,,,228,57,22,,,,,440,,,21,,289,,,,,,,,,,,,,,,,,,,,,,,,,,,188,89,,82,39,110,58,26,261,212,,23,141,75,36,122,,,,,,84,14,,,,177,,17,87,300,42,126,8,,198,180,67,980,154,278,97,166,51,,,,,,,,,,,,,,,,,,,,,,527,69,123,,670,,209,,278,268,,,,117,,,,,,,,,,179,63,104,98,,24,128,250,33,187,248,108,38,311,,,,,,,,,,,,,,,,,,,,,,,,,,,,,,,,,,,,,,,,,,,,,,,,,,,,,434,124,,338,19,74,205,,513,51,144,308,,124,,133,,49,255,110,395,226,,,,,,465,485,,,286,,111,25,,,143,
2026-09-25T09:15:02+00:00,115,212,,,422,6,,16,137,292,,133,,,192,,,,,,,,384,166,,238,,78,,,,902,16,,50,,,,,,101,,,,,18,,,,,,,322,,,,11,,,,,,4,78,,,225,100,5,,,,,226,17,,128,205,297,36,75,,67,116,,,,,41,136,249,182,,349,21,118,,,160,,361,,156,102,91,170,151,155,,457,40,485,148,102,56,,181,145,779,,,,2,,,,,,,,,,,,,,,,,,,,,,,,,,,,,,,,,,,,,,,,,,,,,,,475,222,,,,749,,343,,,257,414,,65,146,,69,1,56,179,193,18,19,,114,17,19,553,,,,,,,,,11,5,,,,,,259,,1,70,133,,,,,,,,,85,,,,,,,,,,,,,,,,162,197,0,50,123,164,210,,273,20,,,68,262,328,,178,,,,89,315,35,,,,,,329,,120,,,,,,,,,,,223,60,13,3,,,,438,,,20,161,283,,,,,,,,,,,,,,,,,,,,,,,,,,,187,,,,38,109,59,27,,213,,,142,74,,,9,,,,,88,17,,8,95,174,,22,88,298,,128,9,,,184,66,965,159,280,89,167,45,,,,,,,,,,,,,,,,,,,,,,528,68,122,35,,,206,291,281,266,340,,,115,100,,,,,,23,,,,61,99,100,57,21,129,253,,185,228,110,,300,111,27,66,358,,32,128,27,81,191,222,126,,,93,45,210,,,186,,,,,,,,,,,,,,,,,,,,,,,,,,,,,,,,,,123,88,331,18,67,202,57,511,52,149,307,,122,,,43,,258,108,398,225,,,,,,463,481,,,282,,110,26,,,142,128
2026-09-25T09:20:02+00:00,111,209,,,419,,,9,131,288,,125,,197,185,,,,,,,163,383,164,284,231,,73,,,,897,15,,49,,,171,,,99,135,,,,19,,,,,93,,321,,,,,,,,,,5,,100,,226,99,3,,,,,,,,,,,,,,,,,,,,,,,,,,,,,,,,,,,,,,,,,,,,,,,,,,,,,,,,127,597,115,239,482,51,,361,,,,,,154,,,,,414,,,,,,131,,,,,,,,,,,,,,,,,,,202,273,477,217,,,,747,,346,,184,,,,,,,,,,,,,8,,115,17,17,548,,,,,,,,,,,,,,,,264,,0,67,,,,,,,,,,83,,,,,,,,,,,,,,,,,,1,,125,165,209,,,,8,302,66,265,326,,176,317,97,,92,318,31,,,,,,,,,,,,,,,,,,,,,,,,,,,,,,,,,,,,,,,,,,,,,,,,,,,,,,,,,,186,88,,,47,108,58,26,262,203,,24,143,,37,120,,,,,,87,20,2,10,,176,,25,90,300,,,10,,200,187,,,158,,,,51,,,,,,,,,,,,,,,,,,,,,,525,,120,36,673,,204,290,280,267,,,,113,99,,,,,,20,,,182,60,96,,50,18,130,,34,181,221,112,34,291,112,,68,357,,28,126,,77,186,219,124,191,,92,46,207,,,180,,,,,,,,,,,,,,,,,,,,,,,,,,,,,,,,,435,124,89,327,17,59,,,,47,,,,123,,132,46,47,252,106,396,223,,,,,,461,476,,,281,,111,27,,,127,130
2026-09-25T09:25:01+00:00,,210,,,421,5,,7,126,286,,129,,,179,,66,,,,,164,382,166,282,,,76,,,37,894,17,,48,221,,163,,,,132,,,,,,,,,90,,318,,95,,9,,,,,174,6,74,99,,227,100,2,,,,,228,,,,203,296,29,,,74,102,,,,533,30,125,242,185,143,336,22,117,,195,136,196,362,14,157,103,86,,137,157,,445,39,478,149,104,,191,184,144,783,21,5,416,3,,,,,,,,,,,,,,,,,,,,,,,,,,,,,,,,,,,,,,,,,,,,,201,274,478,215,48,,,744,,343,,,258,415,,70,,75,70,,,178,190,14,2,,118,17,12,533,,,,,,,,,10,1,,,,,,271,,,70,,,,,,,,,,81,,,,,39,,,,,68,,,,,,163,191,0,51,123,,198,,286,19,,,61,270,325,229,174,321,99,,,,33,,,,,,,,119,,,,,,,,,,,,58,14,,,,,,,,,157,277,,,242,,,,,,,,,,,,,,,,,,,,,,,,187,89,15,85,49,,57,,267,204,,,144,,36,121,,,,78,134,89,21,3,13,96,178,,,92,298,,127,12,,,,,,,,,,,,,,,,,,,,,,,,,,,,,,,,531,,119,35,,,203,,,266,339,,,114,101,,,,,,23,,,184,59,,99,42,16,129,254,,,,,,,,,,,,,,,,,,,,,,,,,,,,,,,,,,,,,,,,,,,,,,,,,,,,,,,,,,,,,,320,15,41,199,,,46,147,306,,122,,131,47,49,251,104,395,222,,,,,,462,469,,,278,,108,,,,132,131
2026-09-25T09:25:02+00:00,,,,,,,,,,,,,,,,,,,,,,,,,,,,,,,,,,,,,,,,,,,,,,,,,,,,,,,,,,,,,,,,,,,,,,,,,,,,,,,,,,,,,,,,,,,,,,,,,,,,,,,,,,,,,,,,,,,,,,,,,,,,,,,,,,,,,,,,,,,,,,,,,,,,,,,,,,,,,,,,,,,,,,,,,,,,,,,,,,,,,,,,,,,,,,,,,,,,,,,,,,,,,,,,,,,,,,,,,,,,,,,,,,,,,,,,,,,,,,,,,,,,,,,,,,,,,,,,,,,,,,,,,,,,,,,,,,,,,,,,,,,,,,,,,,,,,,,,,,,,,,,,,,,,,,,,,,,,,,,,,,,,,,,,,,,,,,,,,,,,,,,,,,,,,,,,,,,,,,,,,,,,,,,,,,,,,,,,,,,,,,,,,,,,,,,,,,,,,,,,,,,,,,,,,,,,,,,,,,36,,216,114,28,,111,,,,,,,,,,,,,,,,,,,,,,,,,,,,,,,,,,,,,,,,,,,,,,,,,,,,,,,,,,,,,,,,,,,,,,,,,,,,,,,,,,,,,,,,,,
2026-09-25T09:30:02+00:00,110,,55,,422,3,,,,282,,127,,200,,,67,,,,,,381,168,280,223,,77,,,,890,,,47,220,,159,,,,134,,,,,,,,,92,,,41,96,,12,32,,,,175,7,72,95,81,226,,1,,,,,226,,,126,201,,,,,,,,,,532,24,117,236,,140,327,24,116,183,194,133,194,,10,,102,84,162,127,158,143,441,,467,,,51,184,182,142,795,,,415,4,75,125,596,108,233,477,48,,,,,,,,151,,,,,412,,,,,128,,,,,,,,,,,,,,,,,,,,198,273,,,,,,,310,350,,189,,,,,,,,,,,,,5,,116,17,14,526,,,,,,,,,8,11,,,,,,267,,2,68,,,,,,,,,,84,,,,,,,,,,,,,,,,,183,1,52,124,168,195,,301,21,,304,59,267,321,230,172,322,100,,90,316,31,,,,,,,,117,,,,,,,,,,,224,,15,,,,,436,,,,155,,,,245,,,,,,,,,,,,,,,,,,,,,,,,,,,84,46,107,56,30,261,206,,,146,71,37,,,,,79,135,85,,5,14,100,177,,26,,299,,126,,,201,183,65,,157,279,,168,47,,,,,,,,,,,,,,,,,,,,,,530,,120,36,672,,204,289,281,,,,,116,100,,,,,,,,,187,57,94,,24,14,132,252,29,,202,113,26,299,109,,,,,,,,,,,,,,,,,,,,,,,,,,,,,,,,,,,,,,,,,,,,,,,,,,,,434,125,86,316,,31,194,54,512,42,,,,121,,132,46,50,246,100,396,,,,,,,456,463,,,268,,109,28,,,125,130
2026-09-25T09:35:02+00:00,108,208,,,415,5,,10,130,281,,129,,196,183,,68,,,,,162,382,170,276,220,,75,,,38,889,18,,,,,150,,,,133,,,,,,,,,,,317,,,,,33,,,,,,73,88,,227,,,9,,,,230,15,,,,,30,68,1,79,113,,,,,,,,,,,,,,,,,,,,,,,,,,,,,,,,,,,,,,,,,,,,,,,,,,,,,,,,,,,,,,,,,,,,,,,,,,,,,,,,,,,,200,276,479,,49,,,750,,346,,191,279,411,,128,,73,119,,156,249,337,115,3,,118,17,9,517,,,,,,,,,6,,,,,,,265,,3,66,132,,,,,,,,,83,,,,,38,,,,,,,,,,,165,,2,51,127,,188,,324,19,,301,,,318,,176,315,,,,320,33,,1046,,,,,,,,,,,,,,,,,,,,,,,,,,,,,,,,,,,,,,,,,,,,,,,,,,,,,,,,188,90,,85,44,,57,,258,202,31,,151,70,34,123,,,,76,,92,14,,,99,175,,30,96,,,,,,202,180,,966,151,280,92,170,,,,,,,,,,,,,,,,,,,,,,,524,,122,35,671,,203,285,278,267,338,,,,98,,,,,,19,,,185,56,,101,15,,136,,23,175,191,117,20,300,107,24,67,,34,30,,24,71,179,206,117,192,,89,47,203,,,169,,,,,,,,,,,,,,,,,,,,,,,,,,,,,,,,,432,124,85,313,14,27,184,,,41,145,,,120,,,,,245,96,398,221,,,,,,459,458,,,267,,,,,,,129
2026-09-25T09:40:02+00:00,106,210,,109,413,7,,13,,275,,135,,189,181,,,,,,,157,379,174,269,,,74,,,36,888,,,46,,,,,,,,,,,18,,,,,,,,40,,,11,,,,,,,,82,79,228,,0,8,,,,229,14,,127,199,,,,,,,,,,533,,116,235,181,143,320,23,,184,193,121,,366,,,101,85,161,121,157,,,,453,146,,53,182,187,139,788,,4,,2,78,118,599,112,236,479,50,,358,,,,,,143,,,,,414,,,,,127,129,,,,,,,,,,,,,,,,,,,197,279,,217,50,,,749,312,349,,194,,,,,,,,,,,,,,,117,17,10,509,,,,,,,,,,9,,,,,,260,,2,67,133,,,,,,,,,80,,,,,39,,,,,,,,,,,166,185,,52,123,170,190,,320,22,,299,69,268,,229,179,318,,,88,322,35,,,,,,326,,116,,,,,,,,,,,222,55,12,4,,,,428,,,19,150,262,,,239,,,,,,,,,,,,,,,,,,,,,,,,184,91,16,87,43,,56,33,256,199,,,156,69,,127,,,0,78,134,,13,7,15,94,174,,,99,297,41,127,11,,205,196,64,957,149,,,172,41,,,,,,,,,,,,,,,,,,,,,,,,,,,,,,,,,,,,,,,,,,,,,,,,,,,,,25,167,179,115,15,280,106,,,,,,,,,,,,,,,,,,,,,,,,,,,,,,,,,,,,,,,,,,,,,,,,,,,,,,86,303,13,36,176,,509,46,138,,,,,131,41,,248,93,403,219,,,,,,457,,,,258,,104,26,,,127,128
2026-09-25T09:45:01+00:00,108,,,,414,3,,15,129,276,,137,,185,177,,70,,,,,156,381,172,256,225,,72,,,,881,,,,217,,146,,,97,132,,,,19,,,,,,,318,42,,,10,34,,,,174,,66,79,,,99,,,99,,,224,,,128,198,299,24,64,,81,114,,196,,535,26,111,233,180,140,306,18,117,,,109,192,365,3,156,,88,160,99,,144,440,42,444,148,,52,180,190,135,798,,,,1,,,,,,,,,,,,,,,,,,,,,,,,,,,,,,,,,,,,,,,,,,,,,200,,478,219,47,,,750,,355,,198,278,,,136,,71,116,5,,255,341,118,,,118,17,,493,,,,,,,,,7,15,,,,,,,,3,,,,,,,,,,,79,,,,,38,,,,,,,,,,,167,187,3,48,122,171,185,,324,21,,304,67,,323,228,182,322,101,,87,324,34,,1049,,,,,,,,,,,,,,,,,,,,,,,,,,,,,,,,,,,,,,,,,,,,,,,,,,,,,,,,,93,19,,,,,35,261,,,,160,71,33,129,,,,,,90,14,10,14,96,,2,29,,295,,,,,206,195,,969,105,279,93,169,46,,,,,,,,,,,,,,,,,,,,,,518,,119,36,670,,,286,276,268,337,,,115,97,,,,,,,,,183,54,92,99,13,,137,254,23,163,182,114,22,283,107,,,,,,,,,,,,,,,,,,,,,,,,,,,,,,,,,,,,,,,,,,,,,,,,,,,,431,,84,,,25,,55,510,51,136,307,,119,,,39,49,253,95,406,217,,,,,,453,455,,,250,,106,25,,,,125
2026-09-25T09:50:02+00:00,111,213,,,406,7,,,124,274,,134,,184,174,,71,,,,,157,,176,258,228,,70,,,34,870,19,,45,216,,137,,,96,131,,,,18,,,,,,,314,43,,,11,,,,,175,,63,75,78,,,,10,100,,,,,,,197,,,,,,,,,,,,,,,,,,,,,,,,,,,,,,,,,,,,,,,,,,,,,,80,116,604,107,229,473,,,,,,,,,142,,,,,416,,,,,125,128,,,,,,,,,,,,,,,,,,,198,278,,220,,,,748,315,351,,202,,,,,,,,,,,,,4,,,17,7,486,,,,,,,,,6,12,,,,,,259,,5,63,,,,,,,,,,80,,,,,39,,,,,,,,,,,166,191,,51,121,176,187,,331,22,,307,68,266,325,229,185,,100,,88,,,,1050,,,,,,,,,,,,,,,,,,,,,,,,,,,,,,,,,,,,,,,,,,,,,,,,,,,,,,,,182,92,21,,47,,55,,258,204,,,164,74,32,,,,,76,,96,6,8,11,97,169,4,30,101,304,,128,,,208,203,,,109,283,,172,48,,,,,,,,,,,,,,,,,,,,,,515,,116,37,673,,202,291,278,269,335,,,120,99,,,,,,22,,,179,51,90,,14,,133,,14,159,172,111,10,296,106,,75,352,29,18,124,23,,168,200,113,190,,91,49,197,,,163,,,,,,,,,,,,,,,,,,,,,,,,,,,,,,,,,430,126,,300,12,16,173,,511,50,135,,,118,,,,47,259,97,405,,,,,,,450,449,,,240,,104,,,,104,124
2026-09-25T09:55:01+00:00,,214,,107,403,5,,18,122,271,,136,,183,181,,,,,,,158,378,178,252,231,,68,,,,856,20,,46,,,132,,,98,130,,,,,,,,,,,313,42,,,12,33,,,,174,8,61,73,,227,98,,,,,,223,13,,126,198,303,23,60,1,83,112,,,,,31,104,236,178,141,307,16,,,,,,366,2,,,,161,102,158,146,,38,436,150,103,51,179,189,132,805,,,,,,,,,,,,,,,,,,,,,,,,,,,,,,,,,,,,,,,,,,,,,,,,,200,280,479,223,46,,,747,316,361,,200,,415,,144,145,69,126,6,,251,340,124,8,,122,17,10,479,,,,,,,,,,8,,,,,,262,,6,62,,,,,,,,,,,,,,,,,,,,67,,,,,,167,187,,53,126,177,182,,,,9,311,69,269,320,230,186,323,,,87,322,31,,,,,,323,,110,,,,,,,,,,,216,58,,3,,,,420,,,17,147,260,,,234,,,,,,,,,,,,,,,,,,,,,,,,179,94,22,,,108,,39,260,209,,,166,75,33,127,,,,,,95,4,9,13,,167,,34,102,305,,129,,,,,65,977,,,,,,,,,,,,,,,,,,,,,,,,,,,516,67,,,676,,,292,274,276,337,,,,,,,,,,24,,,176,,93,,11,,,253,9,153,175,105,7,292,105,,,,,,,,,,,,,,,,,,,,,,,,,,,,,,,,,,,,,,,,,,,,,,,,,,,,,128,83,293,9,3,175,,507,47,132,,,117,,,37,,264,95,,218,,,,,,451,450,,,235,,102,,,,95,126
2026-09-25T10:00:02+00:00,113,217,,,397,,,20,121,266,,133,,182,191,,,,,,,155,374,180,251,221,,65,,,30,855,,,43,215,,,,,97,127,,,,,,,,,,,315,43,,,11,32,,,,,,54,71,77,,96,,,,,,219,,,122,193,,,,,,,,,,,,,,,,,,,,,,,,,,,,,,,,,,,,,,,,,,,,,,75,120,600,109,228,471,53,,351,,,,,,152,,,,,419,,,,,122,125,,,,,,,,,,,,,,,,,,,196,278,478,222,45,,,749,314,360,,198,,,,,,,,,,,,,11,,129,17,13,469,,,,,,,,,,,,,,,,266,,,60,131,,,,,,,,,,,,,,40,,,,,,,,,,,169,183,,55,128,178,184,,328,26,,315,70,270,322,228,,,99,,,328,,,1051,,,,324,,111,,,,,,,,,,,,59,10,,,,,423,,,15,149,259,,,228,,,,,,,,,,,,,,,,,,,,,,,,183,95,21,83,51,,,,264,205,,23,171,76,32,,,,,,,90,8,,16,99,164,,30,103,311,40,,9,,206,196,,975,,280,91,173,50,,,,,,,,,,,,,,,,,,,,,,,,115,38,,,,,,,,,,123,,,,,,,,,,,50,,98,,,137,,12,151,171,96,,283,,,,,,,,,,,,,,,,,,,,,,,,,,,,,,,,,,,,,,,,,,,,,,,,,,,,,432,129,,282,5,-384,173,,505,,130,305,,114,,,35,,,93,403,217,,,,,,450,446,,,236,,104,,,,84,125
2026-09-25T10:05:02+00:00,111,218,,106,393,,,23,,269,,131,,184,183,,,,,,,157,,183,252,225,,63,,,29,858,21,,41,216,,135,,,96,,,,,19,,,,,93,,317,44,97,,9,34,,,,172,,,70,78,,94,,11,,,,218,,,124,196,295,30,64,,92,103,,,,,21,90,240,175,143,281,,,180,190,,,367,,155,102,89,153,101,157,147,439,,431,151,102,49,,191,130,822,,5,418,2,,,,,,,,,,,,,,,,,,,,,,,,,,,,,,,,,,,,,,,,,,,,,199,280,480,223,44,,,750,316,361,,208,,417,,147,141,65,129,5,155,253,342,125,41,,,17,14,468,,,,,,,,,5,14,,,,,,270,,,63,,,,,,,,,,83,,,,,,,,,,,,,,,,,187,6,57,120,183,178,,336,25,8,,67,,328,227,191,,,,86,326,32,,,,,,319,,110,,,,,,,,,,,218,56,7,4,,,,421,,,14,147,251,,,,,,,,,,,,,,,,,,,,,,,,,,,184,96,22,84,50,111,56,41,270,209,,,,,36,128,,,,77,,88,5,,,107,165,,33,104,317,39,,8,,205,199,67,980,111,282,,,48,,,,,,,,,,,,,,,,,,,,,,,68,114,,678,,193,290,264,267,340,,,127,,,,,,,,,,,54,95,96,,,143,,4,144,168,97,6,272,100,,,,,,,,,,,,,,,,,,,,,,,,,,,,,,,,,,,,,,,,,,,,,,,,,,,,430,127,84,276,4,,169,,503,40,137,302,,,,132,34,44,269,87,407,213,,,,,,447,,116,,227,,97,,,,78,126
2026-09-25T10:10:02+00:00,114,216,,107,,,,24,118,,,135,,182,190,,,,,,,158,373,184,248,221,,61,,,28,857,,,42,,,136,,,97,130,,,,,,,,,,,,43,,,5,33,,,,,7,50,66,,,92,,,,,,214,12,,122,200,,,,,,,,,,534,,81,247,174,145,275,15,113,,193,118,190,370,,154,100,87,,88,,,436,37,426,,100,,185,188,127,828,,6,421,,,,,,,,,,,,,,,,146,,,,,421,,,,,113,122,,,,,,,,,,,,,,,,,,,,,479,228,45,,,749,319,360,,207,,,,,,,,,,,,,40,,124,17,,455,,,,,,,,,4,16,,,,,,290,,5,66,132,,,,,,,,,84,,,,,36,,,,,,,,,,,170,,3,58,119,186,175,,343,26,,319,69,276,336,225,194,325,98,,93,325,34,,1052,,,,318,,108,,,,,,,,,,,,57,11,,,,,417,,,12,145,248,,,232,,,,,,,,,,,,,,,,,,,,,,,,185,,,,55,112,57,43,269,212,,22,169,74,37,126,,,,,133,84,4,12,17,106,167,7,31,103,328,38,127,11,,,197,66,978,110,279,,175,53,,,,,,,,,,,,,,,,,,,,,,515,,117,,680,,,289,258,268,,,,125,103,,,,,,25,,,179,57,101,97,10,20,142,251,10,145,162,96,3,275,,22,61,360,34,,127,,65,164,205,,186,,86,,185,,,181,,,,,,,,,,,,,,,,,,,,,,,,,,,,,,,,,429,,83,273,2,3,167,,502,37,136,,,112,,131,37,46,265,88,405,211,,,,,,450,447,,,228,,94,27,,,75,128
2026-09-25T10:15:02+00:00,112,,56,,399,,,19,117,273,,132,,187,192,,70,,,,,,376,190,243,218,,64,,,,851,,,,214,,134,,,96,133,,,,,,,,,94,,,,,,6,,,,,,,39,60,79,,,,7,101,,,217,13,,120,202,303,41,57,5,99,100,,,,,,,,,,,,,,,,,,,,,,,,,,,,,,,,,,,,,,,,,,,,,,,,,,,,,,,,,,,,,,,,,,,,,,,,,,,,,,,,,,,,201,282,,237,46,,,,,364,,211,,416,,145,140,71,133,,,252,338,123,45,,,17,17,449,,,,,,,,,3,12,,,,,,299,,,67,,,,,,,,,,85,,,,,,,,,,70,,,,,,171,189,4,59,122,184,181,,349,27,,320,66,278,339,222,201,329,,,103,329,36,,,,,,,,,,,,,,,,,,,,,,,,,,,,,,,,,,,,,,,,,,,,,,,,,,,,,,,,,,184,92,24,,,,,52,274,210,,,180,77,38,128,,,1,,,86,8,13,18,111,165,8,35,102,332,37,128,,,209,201,,977,106,275,90,177,54,,,,,,,,,,,,,,,,,,,,,,,,,,,,,,,,,,,,,,,,,,,,,,,,,,,,,11,148,157,98,0,276,99,,,,,,,,,,,,,,,,,,,,,,,,,,,,,,,,,,,,,,,,,,,,,,,,,,,,428,,,269,1,1,168,56,504,36,137,301,,114,,129,42,45,258,89,406,208,,,,,,,,,,220,,,30,,,,
2026-09-25T10:20:02+00:00,116,,,,402,,,18,114,271,,136,,185,,,71,,,,,157,377,191,226,216,,62,,,27,853,,,44,,,127,,,93,,,,,,,,,,96,,,,96,,5,,10,,,173,6,38,,,225,91,1,8,,,,,11,,118,204,,,,,,,,,,,20,79,248,172,146,276,13,115,181,192,117,,372,1,153,,86,154,76,158,,434,,422,147,103,46,188,184,,826,,,422,4,74,106,605,107,219,472,53,,341,,,,,,158,,,,,425,,,,,114,,,,,,,,,,,,,,,,,,,,199,,,241,,,,746,317,,,218,,,,,,,,,,,,,47,,123,17,14,443,,,,,,,,,2,19,,,,,,310,,4,66,133,,,,,,,,,87,,,,,,,,,,,,,,,,,191,12,63,,185,187,,,31,,323,,281,336,221,204,333,99,,107,328,34,,1054,,,,314,,106,,,,,,,,,,,221,56,,10,,,,419,,,,151,247,,,228,,,,,,,,,,,,,,,,,,,,,,,,189,,25,85,54,114,58,,277,209,,,183,79,,134,,,0,79,,,10,15,23,109,163,10,36,103,340,,,9,,,,,,,,,,,,,,,,,,,,,,,,,,,,,,,,511,,120,40,684,,,292,257,,345,,,,102,,,,,,24,,,177,,105,96,9,18,141,,15,143,163,97,,274,98,24,63,359,35,22,130,21,73,168,206,119,185,,78,,187,,,179,,,,,,,,,,,,,,,,,,,,,,,,,,,,,,,,,430,126,85,259,-100,3,161,55,501,38,131,302,,112,,130,,44,259,90,409,209,,,,,,449,448,,,218,,96,31,,,69,
2026-09-25T10:25:01+00:00,117,218,,,407,7,,21,113,,,130,,180,203,,,,,,,,,198,215,210,,63,,,,,20,,45,213,,125,,,91,135,,,,,,,,,,,320,,95,,4,32,11,,,,,34,58,80,,90,0,7,,,,222,9,,117,,304,47,58,6,100,99,,,,536,,73,252,171,147,273,14,,,193,109,,370,,154,99,89,153,,159,149,432,,417,148,106,44,181,183,129,823,,,,1,,,,,,,,,,,,,,,,,,,,,,,,,,,,,,,,,,,,,,,,,,,,,208,283,480,243,,,6,747,,365,,215,279,,,154,143,68,137,8,159,254,341,120,41,,112,17,13,435,,,,,,,,,1,21,,,,,,314,,2,67,,,,,,,,,,88,,,,,,,,,,,,,,,,,195,13,65,123,188,188,,357,,,320,68,,333,,206,,100,,105,332,37,,,,,,,,,,,,,,,,,,,,,,,,,,,,,,,,,,,,,,,,,,,,,,,,,,,,,,,,,,188,94,27,87,53,,61,50,281,217,,,180,,37,135,,,,,136,87,9,17,21,111,169,,39,,346,,127,,2,212,193,65,961,108,277,91,178,47,,,,,,,,,,,,,,,,,,,,,,,,118,,685,,194,291,251,269,346,,,,103,,,,,,23,,,180,,110,,,20,148,250,19,142,170,96,,272,101,,,360,33,,132,22,70,167,208,120,,,79,47,188,,,,,,,,,,,,,,,,,,,,,,,,,,,,,,,,,,,,431,127,82,253,,4,156,54,,39,,299,,,,,41,45,256,92,407,208,,,,,,,443,,,224,,97,33,,,,127
2026-09-25T10:30:02+00:00,116,219,,,411,8,,22,118,270,,128,,177,205,,,,,,,,376,200,203,200,,61,,,,850,,,,212,,123,,,93,134,,,,,,,,,,,319,44,,,2,31,,,,174,4,31,51,,,89,1,,100,,,221,,,,206,307,33,67,9,99,,,,,537,22,70,250,170,150,268,15,,,,106,,372,,153,,85,149,67,,,437,38,415,147,105,43,183,184,132,822,,,423,,72,110,613,,221,475,51,,335,,,,,,148,,,,,426,,,,,107,116,,,,,,,,,,,,,,,,,,,209,282,479,238,,,,745,,,,214,,,,,,,,,,,,,42,,108,17,8,422,,,,,,,,,,3,,,,,,317,,,62,132,,,,,,,,,86,,,,,,,,,,69,,,,,,,194,17,66,126,,198,,362,,,326,70,282,327,222,203,334,,,112,341,39,,1050,,,,313,,103,,,,,,,,,,,223,,,9,,,,417,,,,149,240,,,233,,,,,,,,,,,,,,,,,,,,,,,,185,95,28,85,52,112,63,,,219,,,181,81,36,139,,,2,81,139,80,14,,20,114,,11,44,,351,,,,,214,202,,963,105,278,89,,44,,,,,,,,,,,,,,,,,,,,,,,,,,,,,,,,,,,,,,,,,,,,,,,,,,,,,25,134,175,93,6,279,100,,,,,,,,,,,,,,,,,,,,,,,,,,,,,,,,,,,,,,,,,,,,,,,,,,,,434,126,79,246,,8,,,499,38,134,294,,111,,128,38,44,,93,410,207,,,,,,448,437,,,226,,100,,,,44,
2026-09-25T10:35:01+00:00,114,221,,,412,6,,30,127,267,,129,,,,,,,,,,,375,202,192,189,,60,,,26,846,,,43,210,,120,,,91,135,,,,,,,,,97,,320,,,,0,30,,,,,3,33,,,224,88,3,,99,,,222,10,,114,203,,,,,,,,,,,,,,,,,,,,,,,,,,,,,,,,,,,,,,,,,,,,,,,,,,,,,,,,,,,,,,,,,,,,,,,,,,,,,,,,,,,,,,,,,,,288,,239,48,,,741,319,366,,211,278,,,159,140,65,141,9,,251,340,112,37,,109,16,0,418,,,,,,,,,0,6,,,,,,320,,5,,131,,,,,,,,,85,,,,,38,,,,,,,,,,,172,186,20,67,123,189,,,367,,,,66,286,329,,,333,,,113,342,41,,,,,,,,,,,,,,,,,,,,,,,,,,,,,,,,,,,,,,,,,,,,,,,,,,,,,,,,,,179,96,29,83,,113,62,53,284,221,32,,185,86,34,141,,,,,,73,20,18,16,,164,19,46,,340,,,10,3,219,196,,961,109,279,,,43,,,,,,,,,,,,,,,,,,,,,,509,69,120,43,683,,195,289,252,268,345,,,,101,,,,,,26,,,182,59,114,98,,36,156,253,22,136,178,92,11,291,97,,60,356,,24,128,,67,164,207,117,187,,74,45,186,,,182,,,,,,,,,,,,,,,,,,,,,,,,,,,,,,,,,433,128,77,237,,7,157,,,44,133,,,,,,,45,257,96,411,213,,,,,,449,435,,,220,,105,34,,,,122
2026-09-25T10:40:02+00:00,117,222,,,415,5,,28,129,265,,132,,,213,,70,,,,,154,380,207,181,187,,,,,24,847,,,,208,,123,,,,132,,,,,,,,,,,,45,96,,,32,10,,,176,1,32,47,81,226,87,,6,,,,,6,,115,205,309,29,62,,98,,,,,539,21,65,248,168,148,263,,114,182,194,101,189,371,,152,,82,148,64,158,148,434,39,410,144,103,46,181,186,131,834,,,,,70,119,622,104,215,473,52,,337,,,,,,139,,,,,430,,,,,108,110,,,,,,,,,,,,,,,,,,,214,291,,242,,,,740,,365,,212,,,,,,,,,,,,,38,,112,16,,411,,,,,,,,,,1,,,,,,325,,,,,,,,165,,,,,87,,,,,,,,,,,,,,,,,182,22,70,126,190,199,,369,30,,325,67,288,328,,,334,99,,118,348,42,,1051,,,,312,,100,,,,,,,,,,,224,,10,8,,,,421,,,,151,232,,,,,,,,,,,,,,,,,,,,,,,,,,,177,95,30,,50,112,63,61,286,223,,23,,,,144,,,1,,141,71,19,19,18,116,163,20,50,108,343,,,11,5,214,195,66,959,108,278,87,177,45,,,,,,,,,,,,,,,,,,,,,,513,68,123,42,681,,,292,,265,,,,,100,,,,,,,,,186,62,117,97,31,43,159,252,26,133,183,91,12,295,98,,62,,,25,,23,61,165,204,,188,,,46,183,,,178,,,,,,,,,,,,,,,,,,,,,,,,,,,,,,,,,436,129,75,233,,1,,55,498,37,131,,,109,,125,33,,264,99,410,216,,,,,,448,434,,,221,,101,,,,29,
2026-09-25T10:45:01+00:00,118,223,,,423,2,,33,135,,,137,,176,211,,,,,,,155,,218,172,189,,61,,,22,849,,,,,,121,,,92,,,,,,,,,,,,322,,95,,,,12,,,,2,29,46,,227,,2,5,,,,225,,,114,204,,,,,,,,,,,19,58,,166,146,254,14,115,183,,100,,374,,,102,81,145,52,,149,431,36,412,148,105,43,183,188,,836,,,,1,,,,,,,,,,,,,,,,,,,,,,,,,,,,,,,,,,,,,,,,,,,,,224,290,480,,47,,,,318,372,,210,277,417,,171,,64,143,,160,252,338,115,35,,116,16,,401,,,,,,,,,,4,,,,,,,,4,60,132,,,,,,,,,,,,,,39,,,,,,,,,,,175,185,25,74,128,,,,368,,,333,70,290,335,224,204,327,,,121,347,47,,,,,,314,,101,,,,,,,,,,,226,54,14,9,,,,,,,10,150,236,,,231,,,,,,,,,,,,,,,,,,,,,,,,171,96,,,,110,64,,,,,,189,91,,143,,,2,,,70,22,,17,121,166,24,46,110,342,,128,12,,,,,,,,,,,,,,,,,,,,,,,,,,,,,,,,,,,,,,,,,,,,,,,,,,,,,,,,,,,,,,,23,138,192,90,,292,,,,,,,,,,,,,,,,,,,,,,,,,,,,,,,,,,,,,,,,,,,,,,,,,,,,,,,73,218,,,156,56,500,39,128,293,,110,,,28,44,257,102,,217,,,,,,445,432,,,220,,103,,,,,
2026-09-25T10:50:01+00:00,120,224,55,,425,4,,,138,267,,142,,179,218,,72,,,,,,378,220,,187,,60,,,,857,19,,,,,125,,,94,134,,,,,,,,,99,,320,,,,,30,,,,,,,,80,,88,3,,97,,,,,,,209,299,24,55,1,,98,,197,,,,55,246,165,147,251,15,114,184,193,97,188,375,4,150,,77,,51,,150,427,33,408,150,103,41,179,187,130,837,,,,,72,120,,109,209,470,51,,332,,,,,,135,,,,,433,,,,,102,120,,,,,,,,,,,,,,,,,,,226,289,477,244,46,,,749,,378,,212,,,,,,,,,,,,,36,,,16,,402,,,,,,,,,,0,,,,,,337,,7,58,133,,,,,,,,,96,,,,,37,,,,,,,,,,,174,190,31,77,127,191,,,371,27,9,331,81,297,334,226,209,328,100,,122,339,45,,1052,,,,312,,,,,,,,,,,,,225,50,15,,,,,420,,,11,145,231,,,229,,,,,,,,,,,,,,,,,,,,,,,,168,,31,84,47,109,62,67,,221,,22,195,98,36,145,,,,,,68,26,,21,124,163,,43,112,332,,130,14,6,216,,67,960,,286,86,174,53,,,,,,,,,,,,,,,,,,,,,,510,67,120,37,682,,200,290,239,260,,,,126,103,,,,,,25,,,183,69,121,,47,48,174,257,,134,202,93,4,302,99,,,,,,,,,,,,,,,,,,,,,,,,,,,,,,,,,,,,,,,,,,,,,,,,,,,,,128,72,215,,-384,153,55,497,,126,,,109,,122,23,,248,100,414,,,,,,,443,424,,,222,,,,,,15,123
2026-09-25T10:55:02+00:00,121,227,,109,428,2,,32,142,268,,141,,,224,,74,,,,,160,384,226,170,186,,,,,23,858,20,,42,207,,126,,,91,132,,1,,18,,,,,,,318,,,,,32,,,,179,,27,48,79,,87,4,3,,,,228,,,112,211,,,,,,,,,,,,,,,,,,,,,,,,,,,,,,,,,,,,,,,,,,,,,,,,,,,,,,,,,,,,139,,,,,,,,,,104,,,,,,,,,,,,,,,,,,,,228,,476,250,,,,747,317,388,,,276,422,,179,135,62,140,11,161,,341,122,34,,118,16,,399,,,,,,,,,,4,,,,,,345,,8,60,,,,,,,,,,,,,,,,,,,,,,,,,,175,207,40,80,133,188,201,,377,26,,336,79,,,225,211,326,99,,126,338,41,,1051,,,,313,,103,,,,,,,,,,,224,52,14,,,,,421,,,,149,225,,,233,,,,,,,,,,,,,,,,,,,,,,,,163,,35,82,45,111,,69,285,217,,23,199,99,34,148,,,,82,142,63,24,18,23,131,161,25,,115,334,35,,18,,218,189,,959,104,287,,,52,,,,,,,,,,,,,,,,,,,,,,,,,,,,,,,,,,,,,,,,,,,,,,,,,,,,,25,131,,94,5,310,98,26,67,357,35,,123,18,52,157,192,,186,,67,43,186,,,179,,,,,,,,,,,,,,,,,,,,,,,,,,,,,,,,,,,71,205,,5,146,54,496,34,125,,,107,,123,21,46,246,99,415,218,,,,,,442,425,,,224,,98,,,,,
2026-09-25T11:00:01+00:00,120,230,,108,433,4,,29,144,266,,143,,184,229,,73,,,,,161,385,233,166,184,,,,,30,854,19,,41,,,122,,,,131,,3,,,,,,,97,,316,46,,,,31,13,,,,3,24,46,,228,,5,,,,,225,,,,213,300,19,64,6,97,,,196,,,,50,243,163,149,249,16,115,187,196,93,,378,5,151,103,75,143,52,,,431,,398,,,40,178,188,137,839,,5,422,1,,127,635,108,204,471,50,,331,,,,,,,,,,,,,,,,,,,,,,,,,,,,,,,,,,,,229,290,478,,47,,,751,316,386,,202,,,,,,,,,,,,,38,,121,16,2,395,,,,,,,,,,,,,,,,346,,,,,,,,,,,,,,,,,,,,,,,,,,,,,,203,45,76,130,186,203,,385,22,,342,88,298,330,226,210,322,,,125,344,45,,,,,,,,,,,,,,,,,,,,,,,,,,,,,,,,,,,,,,,,,,,,,,,,,,,,,,,,,,,94,,,42,112,,72,292,226,,,197,101,35,149,,,,83,,65,,,24,,164,24,,117,331,36,,16,,,,,,,,,,,,,,,,,,,,,,,,,,,,,,,,513,68,123,38,,,201,289,,263,346,,,,,,,,,,23,,,180,72,127,92,50,46,180,258,26,192,,96,12,302,,,,,,,,,,,,,,,,,,,,,,,,,,,,,,,,,,,,,,,,,,,,,,,,,,,,,435,,70,198,,2,144,,499,45,129,284,,105,,,22,,240,100,414,,,,,,,440,419,,,232,,99,35,,,,124
2026-09-25T11:05:01+00:00,122,234,,109,437,3,,32,146,271,,145,,187,232,,76,,,,,,386,234,161,183,,62,,,31,849,,,37,209,,121,,,92,,,2,,,,,,,,,319,,96,,,30,14,,,,4,,42,78,229,88,4,,,,,226,5,,,212,,,,,,,,,,,,,,,,,,,,,,,,,,,,,,,,,,,,,,,,,,,,,,,,,,,,,,,,,,,,130,,,,,431,,,,,102,119,,,,,,,,,,,,,,,,,,,235,295,479,,45,,,754,314,393,,206,,426,,192,134,64,143,12,176,254,350,130,40,,127,16,0,388,,,,,,,,,,12,,,,,,342,,,64,,,,,,,,,,95,,,,,35,,,,,,,,,,,,205,57,82,134,,211,,384,20,,341,83,297,325,228,212,328,,,126,347,42,,1050,,,,312,,106,,,,,,,,,,,228,57,15,6,,,,419,,,,151,217,,,234,,,,,,,,,,,,,,,,,,,,,,,,164,,,80,43,,,76,293,225,,,,103,34,152,,,,85,141,68,26,19,25,129,,27,39,,339,,131,14,7,,186,,953,100,,88,,,,,,,,,,,,,,,,,,,,,,,,509,69,,,680,,208,,236,,345,,,,105,,,,,,20,,,173,,129,94,51,47,181,261,18,194,209,97,17,317,97,,,,,,,,,,,,,,,,,,,,,,,,,,,,,,,,,,,,,,,,,,,,,,,,,,,,,126,72,194,,,,53,500,,,285,,101,,121,,49,239,98,413,216,,,,,,436,414,,,228,,,36,,,9,
2026-09-25T11:10:02+00:00,125,235,,,439,5,,31,144,,,151,,188,236,,77,,,,,157,383,239,162,190,,,,,,853,20,,38,210,,126,,,91,,,3,,19,,,,,,,,,,,,28,13,,,180,5,25,48,77,228,89,6,2,,,,225,6,,114,211,304,16,68,16,99,104,,195,,540,10,48,251,162,152,239,19,114,188,,87,191,380,9,153,104,80,145,54,,147,428,37,390,156,,44,181,191,,833,,,,,69,133,629,106,205,468,51,,,,,,,,123,,,,,436,,,,,105,122,,,,,,,,,,,,,,,,,,,240,296,475,252,,,,759,313,390,,207,,,,,,,,,,,,,43,,134,16,,390,,,,,,,,,,13,,,,,,345,,,65,132,,,,,,,,,,,,,,,,,,,,,,,,,176,200,63,,,184,214,,387,17,11,340,91,300,339,231,224,,102,,132,346,46,,,,,,309,,,,,,,,,,,,,225,55,17,5,,,,421,,,,152,212,,,237,,,,,,,,,,,,,,,,,,,,,,,,165,,,,42,111,63,78,296,227,,24,200,104,31,157,,,4,,,61,29,18,28,133,162,29,36,116,342,,132,15,10,221,184,,951,94,285,90,175,,,,,,,,,,,,,,,,,,,,,,,507,70,122,,681,,,,241,,346,,,,107,,,,,,,,,172,69,130,96,53,52,182,265,16,198,215,96,14,335,,,68,359,41,29,117,13,49,152,204,106,185,,69,39,,,,180,,,,,,,,,,,,,,,,,,,,,,,,,,,,,,,,,,125,71,191,,-384,142,52,498,,124,,,99,,118,,,241,101,416,,,,,,,437,,,,226,,103,37,,,2,123
2026-09-25T11:15:02+00:00,123,,,,436,6,,35,148,,,,,190,238,,78,,,,,,384,242,155,191,,,,,29,857,,,35,212,,,,,92,133,,4,,15,,,,,,,321,,,,,32,,,,,6,27,50,75,229,,,3,98,,,227,5,,,210,,,,,,,,,,,4,44,255,154,147,,21,108,189,197,88,190,382,6,,103,76,141,59,,149,,,393,179,,47,186,198,134,836,,,421,5,72,135,638,102,204,471,52,,329,,,,,,,,,,,,,,,,,,,,,,,,,,,,,,,,,,,,241,,474,259,42,,,761,314,386,,206,277,425,,218,133,65,149,24,180,260,344,132,40,,151,16,,389,,,,,,,,,,15,,,,,,344,,7,66,134,,,,159,,,,,98,,,,,,,,,,,,,,,,178,206,68,86,135,,,,388,19,,344,106,302,344,234,229,329,103,,135,348,45,,1059,,,,311,,109,,,,,,,,,,,222,,14,,,,,422,,,9,149,220,,,234,,,,,,,,,,,,,,,,,,,,,,,,167,98,38,,49,,62,88,305,232,,23,205,111,32,,,,5,86,144,62,36,,32,145,157,32,40,,362,38,,14,20,220,178,66,960,103,284,89,176,46,,,,,,,,,,,,,,,,,,,,,,508,71,123,40,679,,210,288,239,264,350,,,,108,,,,,,,,,173,72,133,98,61,,184,269,21,196,230,103,13,342,95,,,,,,,,,,,,,,,,,,,,,,,,,,,,,,,,,,,,,,,,,,,,,,,,,,,,,126,,195,,,147,53,499,,130,284,,,,,19,47,,,414,,,,,,,436,416,,,,,105,,,,1,120
2026-09-25T11:20:01+00:00,125,240,,110,438,2,,38,143,269,,147,,188,243,,79,,,,,155,388,246,145,189,,,,,28,867,,,36,213,,123,,,,134,,7,,16,,,,,,,,,97,,,31,,,,181,,23,68,,228,88,7,,,,,232,4,,117,,306,29,80,26,,106,,,,,,,,,,,,,,,,,,,,,,,,,,,,,,,,,,,,,,,,,,,,,,,,,,,,,,,,,,,,,,,,109,124,,,,,,,,,,,,,,,,,,,248,304,475,,43,,,758,313,390,,210,,,,,,,,,,,,,35,,155,16,7,385,,,,,,,,,,27,,,,,,337,,6,68,,,,,157,,,,,101,,,,,,,,,,,,,,,,179,209,,92,133,,211,,,12,,345,103,301,349,235,233,338,104,,,352,44,,,,,,,,,,,,,,,,,,,,,,,,,,,,,,,,,,,,,,,,,,,,,,,,,,,,,,,,,,169,99,41,82,50,,63,95,311,239,,24,209,112,,,,,6,,145,69,38,17,35,142,158,38,49,121,365,37,133,,,,,,,,,,,,,,,,,,,,,,,,,,,,,,,,,517,72,119,41,686,,214,284,252,266,352,,,,106,,,,,,24,,,180,74,146,103,78,57,200,274,24,195,240,102,12,350,93,,,,,,,,,,,,,,,,,,,,,,,,,,,,,,,,,,,,,,,,,,,,,,,,,,,,,127,,192,,1,148,52,495,,132,,,97,,120,,,244,,415,,,,,,,438,412,,,230,,106,35,,,4,
2026-09-25T11:25:01+00:00,124,243,,,444,4,,34,145,270,,148,,189,,,80,,,,,154,387,249,146,192,,61,,,,882,19,,,208,,125,,,91,,,8,,19,,,,,98,,319,45,95,,,30,,,,180,,24,,76,229,89,8,2,,,,234,,,116,211,,,,,,,,,,539,5,50,,159,146,237,,110,,201,90,189,385,1,,,,143,64,,,423,39,396,,104,45,,197,,843,,,422,3,79,141,662,107,209,463,,,336,,,,,,,,,,,,,,,,,,,,,,,,,,,,,,,,,,,,251,,471,255,,,,761,314,,,211,276,424,,261,134,72,150,20,188,263,345,131,,,160,16,5,380,,,,,,,,,,28,,,,,,343,,8,65,133,,,,154,,,,,102,,,,,,,,,,,,,,,,182,212,77,96,128,189,213,,391,18,,341,101,,345,237,,,105,,138,355,48,,1071,,,,311,,109,,,,,,,,0,,,222,,14,5,,,,,,,,,,,,,,,,,,,,,,,,,,,,,,,,,,,,167,,40,86,49,,64,97,314,243,,,211,114,,,,,7,87,148,67,34,,37,,161,40,56,,367,35,,,17,213,208,67,953,99,286,92,177,59,,,,,,,,,,,,,,,,,,,,,,,,,,,,,,,,,,,,,,,,,,,,,,,,,,,,,32,196,245,101,15,368,92,,,,,,,,,,,,,,,,,,,,,,,,,,,,,,,,,,,,,,,,,,,,,,,,,,,,438,,73,,4,-384,146,53,496,50,,,,,,119,18,49,240,99,413,,,,,,,439,415,,,232,,99,,,,1,
2026-09-25T11:30:01+00:00,123,245,,,452,5,,38,151,272,,150,,186,251,,,,,,,156,390,250,151,194,,,,,26,897,18,,,207,,130,,,,132,,9,,20,,,,,100,,320,44,96,,,29,,,,,7,23,70,75,230,,6,3,100,,,228,,,117,,308,34,102,33,100,108,,194,,,,,,,,,,,,,,,,,,,,,,,,,,,,,,,,,,,,,,,,,,,,,,,,,,,,127,,,,,441,,,,,112,128,,,,,,,,,,,,,,,,,,,252,308,456,251,44,,,760,315,386,,213,,,,,,,,,,,,,41,,162,16,4,378,,,,,,,,,,33,,,,,,346,,9,70,,,,,145,,,,,105,,,,,33,,,,,,,,,,,,,85,102,129,188,212,,392,27,,351,113,304,343,240,235,349,107,,140,359,49,,,,,,,,111,,,,,,,,,,,221,58,20,6,,,,,,,11,152,221,,,,,,,,,,,,,,,,,,,,,,,,,,,,98,,88,48,109,63,102,313,239,31,26,217,117,34,158,,,,,147,66,28,18,42,140,162,43,57,123,371,36,132,16,16,212,193,,957,95,288,95,180,52,,,,,,,,,,,,,,,,,,,,,,521,,126,40,692,,215,282,258,267,,,,,105,,,,,,25,,,182,,,102,74,62,209,276,37,197,248,100,,362,91,28,,360,32,27,118,10,56,147,200,,184,,65,,192,,,182,,,,,,,,,,,,,,,,,,,,,,,,,,,,,,,,,437,,72,189,,1,143,52,,46,130,,,96,,117,19,,242,100,,214,,,,,,,416,117,,242,,,36,,,-370,122
2026-09-25T11:35:02+00:00,119,246,,,454,3,,32,157,,,152,,189,253,,82,,,,,158,391,249,149,199,,60,,,27,894,,,34,206,,129,,,90,131,,10,,,,,,,,,,,95,,,31,,,,,,20,68,76,,,9,2,,,,,5,,,216,,,,,,,,,,540,6,53,263,166,153,251,22,109,192,200,95,185,386,4,152,104,86,,56,157,,437,43,386,182,101,44,182,200,136,858,,,424,,81,139,675,104,204,465,,,331,,,,,,128,,,,,443,,,,,115,,,,,,,,,,,,,,,,,,,,253,306,443,254,45,,,762,314,381,,209,274,422,,268,133,71,144,22,195,265,338,129,40,,169,16,5,376,,,,,,,,,,32,,,,,,355,,8,71,,,,,142,,,,,107,,,,,,,,,,,,,,,,183,215,87,,,191,204,,391,30,,355,112,302,344,243,239,357,108,,142,,,,1077,,,,,,,,,,,,,,,,,,,,,,,,,,,,,,,,,,,,,,,,,,,,,,,,,,,,,,,,169,100,,89,51,110,64,107,327,237,32,27,219,115,35,155,,,8,89,145,56,20,20,47,137,163,,59,122,373,,,19,18,,196,66,952,86,,96,179,49,,,,,,,,,,,,,,,,,,,,,,523,74,124,42,,,224,281,262,273,354,,,123,104,,,,,,,,,187,69,144,103,,74,212,278,42,,254,103,14,361,89,,,,,,,,,,,,,,,,,,,,,,,,,,,,,,,,,,,,,,,,,,,,,,,,,,,,439,129,71,193,1,2,139,,494,48,,,,,,116,16,,,97,416,216,,,,,,437,418,,,247,,100,38,,,,120
2026-09-25T11:40:01+00:00,117,248,,,456,7,,35,160,274,,150,,191,252,,,,,,,161,394,245,150,197,,57,,,,902,17,,36,204,,128,,,87,132,,12,,19,,,,,97,,321,,,,,33,,,,,6,23,,77,,88,7,,,,,231,,,118,211,305,37,108,31,108,,,193,,,,,,,,,,,,,,,,,,,,,,,,,,,,,,,,,,,,,,,,,,,,,,,,,,,,,,,,,,,,,,,,,,,,,,,,,,,,,,,,,,251,308,430,250,43,,,759,,382,,201,,,,,,,,,,,,,41,,164,16,,374,,,,,,,,,,33,,,,,,363,,,,,,,,139,,,,,108,,,,,32,,,,,,,,,,,,213,91,104,130,190,207,,394,26,,356,115,303,357,245,245,367,109,,,360,51,,1084,,,,,,114,,,,,,,,,,,228,59,19,5,,,,420,,,10,155,218,,,232,,,,,,,,,,,,,,,,,,,,,,,,168,,,90,52,,,106,328,235,,28,221,114,,154,,,7,,146,61,19,,53,138,,,63,,378,,133,,,,,,,,,,,,,,,,,,,,,,,,,,,,,,,,,,,,,,,,,,,,,,,,,,,,,,,,,,,,,,,,44,195,246,104,22,362,87,,75,363,,28,116,8,49,137,190,103,185,,62,44,191,,,170,,,,,,,,,,,,,,,,,,,,,,,,,,,,,,,,,442,,73,189,-100,,138,53,,55,,284,,95,,114,14,48,237,95,417,217,,,,,,438,415,,,243,,103,39,,,,122
2026-09-25T11:45:02+00:00,114,249,,,459,,,31,161,273,,143,,182,261,,84,,,,,164,,250,147,192,,56,,,28,906,,,35,205,,132,,,88,136,,13,,21,,,,,,,323,,,,,,,,,179,,25,67,78,,,4,,,,,226,6,,122,,,,,,,,,,,,12,54,264,170,147,258,28,105,194,201,103,,391,5,153,,88,,57,,148,442,,383,188,99,42,183,201,134,878,,,428,1,85,138,673,106,197,,,,,,,,,,,,,,,446,,,,,118,127,,,,,,,,,,,,,,,,,,,247,305,421,,44,,,758,,386,,197,,421,,272,132,67,,23,197,270,341,126,43,,165,16,2,375,,,,,,,,,,41,,,,,,365,,6,72,,,,,132,,,,,106,,,,,31,,,,,,,,,,,184,200,92,,132,185,,,391,27,12,353,119,,359,246,252,374,110,,146,355,57,,,,,,313,,115,,,,,,,,,,,226,60,18,4,,,,,,,8,157,,,,230,,,,,,,,,,,,,,,,,,,,,,,,165,102,,89,,111,62,111,327,239,31,,223,119,,150,,,,,149,63,18,21,55,141,,46,,121,389,30,132,23,,213,193,,950,87,293,,182,47,,,,,,,,,,,,,,,,,,,,,,525,,,41,693,,223,284,255,,353,,,126,105,,,,,,27,,,189,67,147,102,163,76,210,,47,191,239,101,26,367,88,27,72,364,,29,,9,45,,189,105,184,,61,42,192,,,168,,,,,,,,,,,,,,,,,,,,,,,,,,,,,,,,,,,,188,4,4,,,493,51,133,285,,94,,,15,,241,,418,,,,,,,434,416,118,,240,,107,,,,,123
2026-09-25T11:50:01+00:00,111,250,,109,462,10,,33,155,,,142,,183,259,,85,,,,,,,252,145,189,,53,,,,920,,,,,,134,,,,134,,15,,,,,,,,,,,,,,34,12,,,177,,,63,,,87,5,,,,,227,,,120,215,304,43,115,34,104,109,,189,,,14,,266,169,146,257,36,107,192,,106,183,397,6,152,103,87,145,55,,,445,44,384,190,98,45,,205,133,866,,,,2,,,,,,,,,,,,,,,,,,,,,,,,,,,,,,,,,,,,,,,,,,,,,,307,411,248,45,,,761,310,383,,,,,,,,,,,,,,,45,,164,15,3,379,,,,,,,,,,48,,,,,,372,,7,71,132,,,,120,,,,,104,,,,,,,,,,,,,,,,185,,99,,130,,206,,388,,,349,114,300,355,245,258,370,108,,145,,56,,1085,,,,,,,,,,,,,,,,,,,,,,,,,,,,,,,,,,,,,,,,,,,,,,,,,,,,,,,,,103,,90,48,,61,113,,234,,,226,118,36,152,,,,90,,70,23,,57,139,162,49,65,120,400,,,22,13,216,,65,940,82,296,94,180,43,,,,,,,,,,,,,,,,,,,,,,532,77,127,42,699,,220,286,272,275,352,,,131,103,,,,,,35,,,191,68,145,,167,81,212,279,45,193,242,99,27,380,85,,,,,,,,,,,,,,,,,,,,,,,,,,,,,,,,,,,,,,,,,,,,,,,,,,,,444,130,74,191,2,8,129,54,496,55,129,,,92,,116,14,,237,97,421,,,,,,,436,420,,,242,,108,,,,9,122
2026-09-25T11:55:02+00:00,112,,,,465,7,,,159,272,,140,,181,262,,,,,,,167,396,,,188,,52,,,27,925,19,,,204,,135,,,86,132,,,,,,,,,95,,,45,,,,32,,,,,,20,65,77,,84,4,3,,,,,,,,219,,,,,,,,,,541,12,57,264,162,151,,39,108,,203,103,182,399,3,154,102,95,153,49,,,444,46,382,203,96,46,182,210,143,874,,,427,,89,139,692,,193,464,53,,329,,,,,,115,,,,,447,,,,,124,,,,,,,,,,,,,,,,,,,,250,306,425,254,46,,,762,312,382,,195,275,420,,270,130,64,148,24,196,269,340,116,42,,160,16,2,385,,,,,,,,,,57,,,,,,371,,,70,,,,,113,,,,,105,,,,,30,,,,,,,,,,,183,197,108,102,134,188,203,,390,,13,353,117,299,356,247,,371,109,,148,,59,,,,,,308,,114,,,,,,,,,,,230,57,17,2,,,,421,,,7,159,217,,,236,,,,,,,,,,,,,,,,,,,,,,,,163,,,93,46,112,63,120,329,233,,,234,116,,158,,,8,,150,72,25,20,61,137,165,50,66,119,419,29,133,23,11,,213,,942,81,298,93,179,46,,,,,,,,,,,,,,,,,,,,,,,,131,,700,,219,285,280,277,350,,,133,,,,,,,,,,196,67,143,103,170,72,221,278,46,195,235,,20,388,83,,70,363,30,30,115,15,49,130,,98,183,,55,41,,,,159,,,,,,,,,,,,,,,,,,,,,,,,,,,,,,,,,449,,73,187,,9,128,,,52,131,,,,,118,,,233,98,419,215,,,,,,434,423,,,248,,109,36,,,5,
2026-09-25T12:00:01+00:00,111,251,,,466,5,,27,158,,,149,,180,263,,,,,,,,,258,143,191,,51,,,25,930,,,,201,,133,,,87,133,,,,,,,,,,,324,,,,,,,,,,,21,66,78,,,3,4,,,,,7,,,218,308,47,117,32,101,112,,,,,,,,,,,,,,,,,,,,,,,,,,,,,,,,,,,,,,,,,,,,,,,,,,,,,,,,,,,,,,,,,,,,,,,,,,,,,,,,,,,,253,,456,259,49,,,758,,383,,,,,,,,,,,,,,,35,,162,16,0,379,,,,,,,,,,,,,,,,376,,6,71,,,,,109,,,,,104,,,,,28,,,,,70,,,,,,182,194,,103,136,,205,,388,,14,355,,295,,249,261,374,110,,147,359,,,1108,,,,,,,,,,,,,,,,,,,,,,,,,,,,,,,,,,,,,,,,,,,,,,,,,,,,,,,,161,,42,94,42,,,121,331,232,,,237,118,35,157,,,,91,,69,26,19,67,136,,53,70,120,429,28,,24,,,,,,,,,,,,,,,,,,,,,,,,,,,,,,,,,,,,,,,,,,,,,,,,,,,,,,,,,,,,,,,51,197,242,98,17,396,82,28,73,,28,26,,16,50,131,186,99,,,58,43,194,,,,,,,,,,,,,,,,,,,,,,,,,,,,,,,,,,,,450,,,188,4,6,124,53,,48,134,,,90,,115,12,49,235,,,214,,,,,,433,411,,,255,,113,,,,4,124
2026-09-25T12:05:02+00:00,108,254,,,467,2,,29,157,269,,152,,188,261,,86,,,,,,,262,141,192,,53,,,,932,,3,36,204,,131,,,90,,,,,,,,,,,,326,,96,,,33,,,,,7,20,67,,229,83,4,5,,,,,,,123,221,,,,,,,,,,,,60,269,164,,253,43,109,,204,,181,403,5,,,96,152,47,,147,446,47,384,158,95,,179,207,,889,,,428,3,87,144,701,108,,458,51,,330,,,,,,110,,,,,446,,,,,120,,,,,,,,,,,,,,,,,,,,255,,480,256,51,,,757,315,375,,189,273,418,,278,131,67,147,26,195,264,,120,27,,166,17,,371,,,,,,,,,,63,,,,,,373,,,,,,,,105,,,,,106,,,,,31,,,,,,,,,,,184,181,113,100,135,191,208,,390,23,,357,127,296,355,250,270,375,,,152,360,62,,,,,,311,,113,,,,,,,,,,,227,56,15,1,,,,422,,,8,158,221,,,240,,,,,,,,,,,,,,,,,,,,,,,,160,104,41,93,37,113,62,127,323,233,32,29,245,125,36,159,,,,,151,68,27,17,82,135,,60,64,118,453,,,25,16,215,221,67,932,82,301,,178,40,,,,,,,,,,,,,,,,,,,,,,533,76,128,44,703,,222,,272,273,346,,,140,105,,,,,,37,,,,70,151,99,173,63,224,,49,,246,102,20,397,84,,,,,,,,,,,,,,,,,,,,,,,,,,,,,,,,,,,,,,,,,,,,,,,,,,,,452,129,71,,1,12,126,,497,49,,,,88,,113,11,51,237,97,,213,,,,,,430,416,,,254,,116,37,,,,123
2026-09-25T12:10:01+00:00,105,261,,,471,,,31,154,274,,155,,189,263,,84,,,,,,398,,145,,,50,,,,929,,4,34,202,,133,,,,,,18,,20,,,,,96,,,,,,,35,,,,,8,19,,,230,81,,4,,,,228,6,,124,219,305,57,128,39,106,110,,195,,,,69,274,163,148,259,42,108,193,205,106,182,408,3,,101,,154,45,156,,450,48,385,163,,47,183,205,,886,,,,1,,,,,,,,,,,,,,,112,,,,,447,,,,,123,126,,,,,,,,,,,,,,,,,,,259,309,488,,50,,,754,317,,,185,,,,,,,,,,,,,25,,165,17,6,,,,,,,,,,,72,,,,,,378,,7,72,134,,,,91,,,,,105,,,,,33,,,,,,,,,,,183,176,117,,137,193,204,,389,26,,364,128,302,359,,271,388,,,155,356,60,,1114,,,,,,,,,,,,,,,,,,,,,,,,,,,,,,,,,,,,,,,,,,,,,,,,,,,,,,,,,105,40,96,,114,,130,,231,,30,252,129,,,,,,93,152,70,29,18,88,137,162,62,63,117,473,,132,24,,,,,,,,,,,,,,,,,,,,,,,,,,,,,,,,,,,,,,,,,,,,,,,,,,,,,,,,,,,,,,,51,217,292,101,15,426,83,29,71,,30,30,,15,49,133,188,97,181,,57,44,,,,167,,,,,,,,,,,,,,,,,,,,,,,,,,,,,,,,,453,130,72,186,3,14,128,,499,45,133,,,90,,,8,,238,94,416,,,,,,,432,415,,,251,,120,36,,,5,125
2026-09-25T12:15:01+00:00,103,,,,,1,,29,157,277,,154,,,273,,,,,,,,397,265,141,193,,51,,,26,927,18,6,32,204,,136,,,88,135,,20,,,,,,,,,330,46,,,,37,13,,,179,7,17,,,,,,,,,,225,8,,,218,,,,,,,,,,542,15,63,283,171,147,265,39,105,,210,112,184,,,,100,99,158,49,153,151,,,392,169,94,48,180,204,144,891,,,429,,85,139,704,109,194,456,55,84,327,,,,,,,,,,,,,,,,,,,,,,,,,,,,,,,,,,,,263,308,491,250,,,,752,,370,,188,,417,,304,132,69,148,31,,262,344,116,28,,168,17,1,377,,,,,,,,,,74,,,,,,,,9,69,135,,,,86,,,,,104,,,,,35,,,,,,,,,,,,177,139,98,135,195,198,,391,28,,,134,,357,253,275,392,,,158,360,59,,1116,,,,,,110,,,,,,,,,,,,58,,0,,,,421,,,9,,223,,,241,,,,,,,,,,,,,,,,,,,,,,,,163,,42,,30,119,,136,,237,,,257,130,38,,,,,92,154,62,26,17,94,136,158,73,67,,480,29,,,15,218,235,,930,85,302,92,,,,,,,,,,,,,,,,,,,,,,,,,,127,45,,,226,284,276,,,,,139,106,,,,,,35,,,199,,157,102,166,60,226,277,58,220,300,96,23,436,87,,74,,33,,113,16,46,135,189,90,,,,42,193,,,169,,,,,,,,,,,,,,,,,,,,,,,,,,,,,,,,,454,129,,191,-100,13,,,500,49,132,288,,88,,114,9,,246,,419,212,,,,,,431,417,119,,249,,118,,,,-370,
2026-09-25T12:20:02+00:00,102,263,,,,,,36,159,278,,150,,190,268,,81,,,,,166,,264,140,197,,50,,,27,934,,10,33,205,,135,,,,132,,21,,21,,,,,97,,,,,,,38,14,,,181,8,14,65,79,229,83,3,5,,,,224,,,123,215,303,75,130,54,105,109,,198,,,,,,,,,,,,,,,,,,,,,,,,,,,,,,,,,,,,,,88,,708,110,,458,53,86,324,,,,,,106,,,,,449,,,,,,124,,,,,,,,,,,,,,,,,,,261,310,494,249,,,,750,318,366,,193,,,,,,,,,,,,,32,,167,17,0,383,,,,,,,,,,68,,,,,,373,,7,68,,,,,82,,,,,,,,,,33,,,,,,,,,,,,173,140,101,133,197,196,,388,,,368,143,301,362,256,273,,,,160,357,60,,,,,,314,,112,,,,,,,,,,,229,59,18,4,,,,418,,,8,157,,,,243,,,,,,,,,,,,,,,,,,,,,,,,160,,41,94,24,120,,140,,240,,,263,133,39,155,,,,,153,,24,16,99,133,162,74,64,116,501,,,23,13,213,240,,921,76,301,93,177,36,,,,,,,,,,,,,,,,,,,,,,540,75,124,,702,,232,,266,279,334,,,136,,,,,,,37,,,205,73,166,101,176,64,230,275,61,,294,95,33,443,89,,,,,,,,,,,,,,,,,,,,,,,,,,,,,,,,,,,,,,,,,,,,,,,,,,,,455,,71,193,,10,126,,,46,131,,,84,,112,10,,249,91,421,213,,,,,,430,415,,,253,,117,34,,,2,126
2026-09-25T12:25:02+00:00,98,264,,,474,5,,37,,,,147,,191,264,,80,,,,,165,393,267,148,199,,51,,,28,936,20,11,32,204,,131,,,92,133,,26,,22,,,,,,,338,44,,,,37,,,,180,,13,64,,230,84,6,6,,,,,9,,125,214,,,,,,,,,,,16,,290,,148,270,36,104,194,214,119,183,,1,,,104,155,50,,152,,50,391,172,92,46,182,206,147,,,,,2,,,,,,,,,,,,,,,,,,,,,,,,,,,,,,,,,,,,,,,,,,,,,257,309,496,246,,,,751,317,361,,191,271,414,,309,134,66,152,38,208,267,352,111,,,166,17,,382,,,,,,,,,,69,,,,,,376,,4,69,,,,,75,,,,,108,,,,,,,,,,,,,,,,,167,144,,131,190,193,,,33,,247,150,304,367,,279,395,,,158,358,59,,1147,,,,313,,,,,,,,,,,,,,58,16,5,,,,416,,,,158,222,,,,,,,,,,,,,,,,,,,,,,,,,,,162,,42,95,15,121,,141,,,,,265,136,,158,,,7,94,149,64,29,14,102,130,164,78,,,508,,129,22,12,212,235,,920,,300,,176,38,,,,,,,,,,,,,,,,,,,,,,543,,120,47,698,,235,282,271,277,331,,,135,104,,,,,,34,,,210,,168,95,187,67,237,277,62,222,315,96,32,456,88,,,,,,,,,,,,,,,,,,,,,,,,,,,,,,,,,,,,,,,,,,,,,,,,,,,,456,128,74,190,,4,128,54,503,,130,286,,87,,,12,49,260,93,422,212,,,,,,431,418,,,250,,,,,,6,
2026-09-25T12:30:01+00:00,95,269,,110,484,,,,161,,,151,,188,269,,79,,,,,166,392,275,151,191,,49,,,32,937,19,18,29,,,,,,91,132,,31,,21,,,,,,,340,,,,,,,,,181,,9,62,80,231,85,7,,,,,223,7,,123,,301,,131,58,100,117,,,,543,20,55,296,172,147,274,39,102,,218,125,184,406,,155,99,105,,42,,156,452,55,383,170,90,43,166,207,150,901,,,,,89,133,721,114,186,453,52,87,322,,,,,,96,,,,,451,,,,,119,125,,,,,,,,,,,,,,,,,,,253,313,497,,51,,,752,,360,,,,,,,,,,,,,,,30,,164,17,,392,,,,,,,,,,75,,,,,,379,,5,73,,,,,54,,,,,106,,,,,31,,,,,71,,,,,,,161,149,,134,,194,,385,36,,251,153,305,365,257,,392,108,,154,360,,,,,,,315,,115,,,,,,,,,,,228,55,15,,,,,417,,,,161,223,,,244,,,,,,,,,,,,,,,,,,,,,,,,158,,41,,,,,,324,241,,,264,135,,,,,,,148,,31,13,100,132,165,81,65,115,522,27,,21,,,,66,,,,,,,,,,,,,,,,,,,,,,,,,,,,,,,,,,,,,,,,,,,,,,,,,,,,,,,,,,,66,224,336,97,33,444,91,30,80,364,41,38,119,17,45,140,191,104,180,,59,47,197,,,162,,,,,,,,,,,,,,,,,,,,,,,,,,,,,,,,,,,,186,,10,,53,502,49,133,288,,84,,114,14,48,265,92,424,209,,,,,,432,415,,,248,,116,32,,,4,127
2026-09-25T12:35:01+00:00,94,270,54,,483,2,,38,159,282,,152,,187,272,,,,,,,,393,280,154,194,,48,,,31,938,,11,31,201,,,,,92,133,,34,,20,,,,,94,,341,46,94,,,,,,,180,,11,64,79,,86,4,5,,,,,,,122,215,,,,,,,,,,,,,,,,,,,,,,,,,,,,,,,,,,,,,,,,,,,,,,,,,,,,,,,,,,,,,,,,,,,,,,,,,,,,,,,,,,,,,,,,,,252,310,498,249,,,,756,,357,,193,272,411,,316,135,64,,40,229,270,355,113,28,,166,17,1,387,,,,,,,,,,74,,,,,,383,,6,72,,,,,47,,,,,104,,,,,,,,,,,,,,,,184,165,,103,131,,193,,379,37,,254,149,304,366,258,282,391,,,155,363,,,1161,,,,312,,116,,,,,,,,,,,,57,13,6,,,,,,,,,222,,,242,,,,,,,,,,,,,,,,,,,,,,,,156,101,40,93,3,122,61,137,,237,,31,263,139,38,161,,,,93,142,58,27,11,103,130,162,86,66,114,538,25,128,23,11,,230,69,923,77,296,95,175,29,,,,,,,,,,,,,,,,,,,,,,540,,121,48,,,240,284,270,276,321,,,134,,,,,,,36,,,209,,169,98,181,65,,276,75,229,329,96,30,448,94,,,,,,,,,,,,,,,,,,,,,,,,,,,,,,,,,,,,,,,,,,,,,,,,,,,,459,,76,180,,8,130,,499,51,130,289,,,,115,12,47,269,89,425,212,,,,,,436,414,,,250,,113,,,,-370,129
2026-09-25T12:40:01+00:00,90,271,55,,480,,,,164,280,,153,,182,278,,77,,,,,,397,,153,197,,45,,,32,937,,9,32,,,134,,,93,134,,39,,21,,,,,,,343,45,93,,,36,16,,,,7,14,60,,,84,,,,,,215,,,124,213,302,85,,67,107,126,,,,,23,59,292,,149,270,38,101,196,222,137,186,,,156,101,111,154,40,,159,459,54,390,173,88,45,175,205,154,907,,6,431,,94,127,726,117,,455,53,86,320,,,,,,98,,,,,450,,,,,117,126,,,,,,,,,,,,,,,,,,,254,315,501,248,,,,755,315,361,,189,,,,,,,,,,,,,29,,167,17,2,388,,,,,,,,,,80,,,,,,386,,8,73,133,,,,39,,,,,105,,,,,,,,,,,,,,,,182,169,150,,132,193,188,,373,35,,255,152,308,371,259,287,394,,,156,362,56,,,,,,313,,,,,,,,,,,,,230,52,16,,,,,418,,,,159,,,,247,,,,,,,,,,,,,,,,,,,,,,,,148,102,39,92,0,,,138,327,239,,,261,142,40,,,,,,140,54,,9,,129,164,93,67,113,539,24,127,,12,211,223,,931,80,294,,174,25,,,,,,,,,,,,,,,,,,,,,,542,,119,49,697,,243,286,,277,313,,,133,,,,,,,35,,,207,71,166,97,178,66,240,279,76,227,332,90,35,444,,,,,,,,,,,,,,,,,,,,,,,,,,,,,,,,,,,,,,,,,,,,,,,,,,,,,462,127,,176,,11,133,54,501,,128,,,,,117,14,46,266,90,426,210,,,,,,434,413,,,245,,115,29,,,,130
2026-09-25T12:45:01+00:00,88,270,54,,477,,,37,163,281,,156,,180,274,,,,,,,,,278,154,,,47,,,,941,20,,35,200,,136,,,91,,,42,,,,,,,95,,346,,94,,,35,14,,,181,,12,64,,,,1,6,,,,,,,125,211,,,,,,,,,,,,,,,,,,,,,,,,,,,,,,,,,,,,,,,,,,,,,,,,,,,,,,,,,,,,,,,,,,,,,,,,,,,,,,,,,,,,,,,,,,251,316,506,246,52,,,,314,364,,177,273,409,,310,134,59,,39,,267,358,119,33,,171,17,,390,,,,,,,,,,79,,,,,,385,,7,75,136,,,,32,,,,,106,,,,,32,,,,,,,,,,,,172,151,,133,196,187,,375,34,,261,,309,375,261,283,390,,,155,,,,1173,,,,,,115,,,,,,,,,,,,,15,9,,,,419,,,7,161,224,,,248,,,,,,,,,,,,,,,,,,,,,,,,144,100,38,89,,,,141,331,233,,,263,140,,,,,8,92,141,52,29,,105,122,165,97,68,114,548,23,,24,,,227,68,925,76,292,93,175,,,,,,,,,,,,,,,,,,,,,,,543,77,121,52,698,,246,284,269,278,312,,,,103,,,,,,32,,,208,73,165,98,171,68,245,280,81,230,340,97,37,456,91,,,,,,,,,,,,,,,,,,,,,,,,,,,,,,,,,,,,,,,,,,,,,,,,,,,,463,,,173,,3,135,56,499,,131,290,,,,,,45,265,93,428,209,,,,,,430,415,,,237,,109,32,,,2,
2026-09-25T12:50:02+00:00,91,269,,,482,1,,,,283,,158,,177,271,,,,,,,163,,281,159,199,,46,,,33,946,,,36,197,,135,,,97,,,43,,,,,,,97,,348,44,,,,36,15,,,182,,,,80,,82,2,,99,,,,,,121,213,312,94,135,70,108,135,,,,,27,58,293,169,148,279,,102,199,229,136,,407,3,,103,110,158,36,,,465,55,,,90,47,176,202,152,917,,,,,98,121,724,116,188,456,52,85,317,,,,,,,,,,,453,,,,,122,122,,,,,,,,,,,,,,,,,,,255,,508,250,53,,,751,317,369,,172,,,,,,,,,,,,,30,,173,17,0,394,,,,,,,,,,84,,,,,,393,,5,80,,,,,22,,,,,,,,,,,,,,,,,,,,,,168,152,101,,194,188,,372,,,255,144,310,388,262,282,391,,,156,357,52,,,,,,,,,,,,,,,,,,,,,,,,,,,,,,,,,,,,,,,,,,,,,,,,,,,,,,,,,,147,94,37,88,,,62,146,328,226,,30,266,135,,163,,,10,,137,44,28,17,109,123,170,105,62,,559,21,,23,10,,220,,917,75,294,94,174,30,,,,,,,,,,,,,,,,,,,,,,544,,116,,694,,247,288,267,275,303,,,137,99,,,,,,38,,,213,76,163,103,158,55,249,,79,247,349,99,30,459,94,29,70,360,48,40,117,15,40,138,177,103,177,,48,,204,,,150,,,,,,,,,,,,,,,,,,,,,,,,,,,,,,,,,464,131,75,178,,1,147,55,498,52,127,288,,83,,,12,46,267,97,425,210,,,,,,432,407,,,235,,110,33,,,,133
2026-09-25T12:55:01+00:00,96,270,,,487,,,40,165,284,,162,,174,279,,,,,,,161,398,278,158,,,44,,,,947,,4,33,194,,141,,,95,135,,47,,,,,,,,,350,45,93,,,38,14,,,181,,,62,81,,81,3,7,,,,,8,,124,215,,,,,,,,,,,26,56,294,167,149,277,39,103,201,232,135,189,408,,155,104,112,159,39,154,160,464,,389,176,89,45,177,203,156,922,20,,,3,,,,,,,,,,,,,,,,,,,,,,,,,,,,,,,,,,,,,,,,,,,,,253,318,513,254,,,,753,313,366,,177,272,403,,292,135,,150,43,226,266,354,110,,,172,17,1,392,,,,,,,,,,82,,,,,,392,,,79,,,,,12,,,,,,,,,,,,,,,,,,,,,,170,154,100,135,197,186,,,29,,257,133,309,392,,,390,109,,158,358,50,,1188,,,,315,,112,,,,,,,,,,,234,57,16,7,,,,423,,,8,162,230,,,243,,,,,,,,,,,,,,,,,,,,,,,,146,90,,89,,,64,147,324,223,34,,,131,,159,,,,93,134,32,26,16,110,120,175,104,59,116,570,20,126,24,,,214,,915,123,296,,,38,,,,,,,,,,,,,,,,,,,,,,,,,,,,,,,,,,,,,,,,,,,,,,,,,,,,,84,243,348,92,32,449,92,,,,,,,,,,,,,,,,,,,,,,,,,,,,,,,,,,,,,,,,,,,,,,,,,,,,466,,77,170,,-384,149,,494,54,124,289,,82,,119,11,47,262,98,422,,,,,,,433,405,,,238,,108,32,,,8,134
2026-09-25T13:00:02+00:00,,271,,108,490,,,43,173,283,,164,,,277,,76,,,,,160,396,282,,197,,43,,,30,,21,9,,193,,137,,,97,137,,48,,20,,,,,,,352,,,,,39,,,,180,,5,58,80,,80,5,9,,,,222,6,,125,216,314,91,143,68,117,137,,,,544,27,50,,163,146,274,,100,202,,139,,406,,154,103,118,164,29,,161,460,57,397,,90,48,179,206,153,942,21,,432,1,95,,729,114,183,454,53,86,318,,,,,,94,,,,,458,,,,,125,125,,,,,,,,,,,,,,,,,,,250,320,514,246,52,,,749,312,353,,179,,,,,,,,,,,,,29,,,17,0,384,,,,,,,,,,81,,,,,,399,,,78,,,,,5,,,,,108,,,,,30,,,,,,,,,,,,168,153,102,136,,185,,375,30,,261,136,,,264,285,388,111,,155,356,47,,1189,,,,,,,,,,,,,,,,,,,,,,,,,,,,,,,,,,,,,,,,,,,,,,,,,,,,,,,,148,88,,86,,123,,143,326,228,,,,,39,,,,12,,132,27,25,17,111,121,,106,58,,577,21,129,20,9,209,219,,918,117,297,97,176,40,,,,,,,,,,,,,,,,,,,,,,541,,117,54,,,,289,271,277,300,,,135,,,,,,,36,,,212,78,156,99,148,63,250,278,87,242,354,91,33,459,94,,,356,55,34,118,20,41,145,182,,,,45,48,211,,,146,,,,,,,,,,,,,,,,,,,,,,,,,,,,,,,,,467,130,78,167,,,148,,491,56,129,290,,83,,120,12,45,263,,420,208,,,,,,,408,,,,,,,,,4,
2026-09-25T13:05:02+00:00,98,,,,,,,47,171,285,,159,228,,274,,77,,,,,,433,283,160,195,,46,,,27,946,,6,34,187,,141,,,100,136,,46,,21,,,,,,,351,,,,,40,15,,,,,7,53,,232,79,6,,,,,224,,,,215,,,,,,,,,,,,,,,,,,,,,,,,,,,,,,,,,,,,,,,,,,,,,,,,,,,,,,,,,,,,,,,,,,,,,,,,,,,,,,,,,,,,,,,,,,248,,516,250,49,,,751,309,358,,171,268,398,,298,137,58,147,45,225,265,,113,28,,173,17,,383,,,,,,,,,,79,,,,,,397,,7,80,,,,,0,,,,,109,,,,,33,,,,,70,,,,,,,174,155,103,138,,179,,374,31,,259,131,307,391,267,287,387,109,,157,361,46,,,,,,316,,110,,,,,,,,,,,235,51,,8,,,,420,,,9,159,233,,,244,,,,,,,,,,,,,,,,,,,,,,,,160,82,35,84,,124,66,144,323,227,,31,268,132,40,160,,,,95,126,17,24,16,114,119,176,108,56,118,593,19,,19,6,207,231,67,899,111,298,98,180,22,,,,,,,,,,,,,,,,,,,,,,536,76,116,60,684,,250,287,262,274,294,,,,97,,,,,,29,,,216,,151,98,,61,248,279,,,355,94,31,450,96,,71,,58,30,116,18,39,147,177,101,179,,,49,209,,,151,,,,,,,,,,,,,,,,,,,,,,,,,,,,,,,,,,129,80,161,,11,144,,490,58,133,288,,,,121,,,265,,423,,,,,,,431,410,,,244,,138,31,,,21,
2026-09-25T13:10:02+00:00,93,272,,,489,4,,38,167,282,,155,,176,269,,,,,,,159,,285,162,189,,43,,,29,,,9,31,186,,136,,,99,137,,,,,,,,,,,352,44,95,,,,14,,,,8,8,55,,,,7,8,98,,,225,5,,123,,315,84,140,70,184,139,,,,,28,54,300,164,144,279,38,101,204,234,143,190,408,1,,105,121,162,27,155,162,461,56,395,,88,51,182,208,154,936,,,,,93,119,730,123,,456,55,85,315,,,,,,88,,,,,467,,,,,131,129,,,,,,,,,,,,,,,,,,,,323,513,255,50,,,754,310,357,,172,,,,,,,,,,,,,31,,171,17,,380,,,,,,,,,,91,,,,,,400,,,78,140,,,,,,,,,105,,,,,,,,,,,,,,,,,169,159,104,136,,182,,379,,,262,133,309,392,269,,380,107,,154,362,,,1198,,,,,,,,,,,,,,,,,,,,,,,,,,,,,,,,,,,,,,,,,,,,,,,,,,,,,,,,159,,36,,1,,,142,322,228,,,267,131,,158,,,,,127,7,23,15,115,115,,110,55,,594,20,128,,11,,232,,901,108,,97,183,19,,,,,,,,,,,,,,,,,,,,,,,,,,,,,,,,,,,,,,,,,,,,,,,,,,,,,90,245,367,98,27,455,,,,,,,,,,,,,,,,,,,,,,,,,,,,,,,,,,,,,,,,,,,,,,,,,,,,,469,,79,155,,6,142,,492,55,135,,,79,,,10,44,258,,,204,,,,,,429,409,120,,243,,134,30,,,,135
2026-09-25T13:15:01+00:00,90,275,,,490,,,37,173,288,,157,,,270,,80,,,,,154,432,,165,190,,41,,,,961,,7,29,184,,140,,,102,138,,,,22,,,,,,,354,45,,,,41,15,,,,,2,56,,,,9,7,,,,226,6,,121,213,,,,,,,,,,543,25,49,302,163,141,282,42,187,209,242,142,193,,,156,107,118,159,31,,161,473,54,399,181,,53,206,207,152,935,22,7,433,,,,,,,,,,,,,,,,,,,,,,,,,,,,,,,,,,,,,,,,,,,,,,249,325,516,260,49,,,762,,370,,177,266,397,,288,140,67,142,47,242,267,360,114,34,,167,17,,376,,,,,,,,,,90,,,,,,,,,79,139,,,,,,,,,,,,,,32,,,,,,,,,,,,170,157,111,137,198,174,,384,30,,264,135,312,403,274,290,382,,,153,360,41,,,,,,318,,,,,,,,,,,,,233,,14,,,,,421,,,10,163,237,,,239,,,,,,,,,,,,,,,,,,,,,,,,150,,35,81,0,125,64,137,327,225,,,268,133,,159,,,,97,125,4,22,13,117,112,177,114,51,115,616,19,,22,,,,,,,,,,,,,,,,,,,,,,,,,,,,,,,,,77,118,62,686,,257,288,264,278,295,,,139,99,,,,,,28,,,219,77,152,93,138,59,253,281,88,244,364,102,25,459,,,68,358,60,34,,15,42,144,182,,178,,40,48,212,,,152,,,,,,,,,,,,,,,,,,,,,,,,,,,,,,,,,471,130,77,154,,1,144,55,491,,,,,80,,,11,,260,95,422,208,,,,,,427,404,,,240,,132,28,,,12,139
2026-09-25T13:20:01+00:00,89,276,,,491,1,,36,177,290,,154,,,276,,,,,,,155,434,289,168,184,,38,,,30,968,22,5,30,183,,141,,,101,135,,44,,,,,,,,,355,,94,,,,,,,,,6,54,,,78,8,6,,,,227,,,120,209,321,85,149,89,180,144,,,,,26,47,312,170,143,283,41,,211,245,151,194,407,,,,119,,19,,160,475,57,,179,,49,205,210,,936,23,,,,95,111,728,122,189,,54,,316,,,,,,87,,,,,474,,,,,,133,,,,,,,,,,,,,,,,,,,241,328,511,262,,,,764,308,,,175,,,,,,,,,,,,,35,,166,17,2,380,,,,,,,,,,80,,,,,,401,,6,,138,,,,,,,,,106,,,,,33,,,,,,,,,,,181,167,160,114,138,203,170,,383,31,,267,129,311,406,276,293,385,108,,154,353,44,,1210,,,,,,,,,,,,,,,,,,,,,,,,,,,,,,,,,,,,,,,,,,,,,,,,,,,,,,,,147,81,34,82,1,127,65,,332,220,35,,265,128,,161,,,,,,1,14,12,116,111,179,117,49,,623,17,127,23,,206,231,68,900,104,297,,182,16,,,,,,,,,,,,,,,,,,,,,,533,,,63,683,,258,291,267,276,,,,,98,,,,,,29,,,218,75,156,91,136,54,259,282,,,,,,,,30,,359,63,33,,18,41,146,177,98,,,37,47,214,,,,,,,,,,,,,,,,,,,,,,,,,,,,,,,,,,,,473,131,72,147,3,-384,,,492,47,140,292,,79,,,16,43,,,421,211,,,,,,424,,,,246,,,29,,,6,138
2026-09-25T13:20:02+00:00,,,,,,,,,,,,,,,,,,,,,,,,,,,,,,,,,,,,,,,,,,,,,,,,,,,,,,,,,,,,,,,,,,,,,,,,,,,,,,,,,,,,,,,,,,,,,,,,,,,,,,,,,,,,,,,,,,,,,,,,,,,,,,,,,,,,,,,,,,,,,,,,,,,,,,,,,,,,,,,,,,,,,,,,,,,,,,,,,,,,,,,,,,,,,,,,,,,,,,,,,,,,,,,,,,,,,,,,,,,,,,,,,,,,,,,,,,,,,,,,,,,,,,,,,,,,,,,,,,,,,,,,,,,,,,,,,,,,,,,,,,,,,,,,,,,,,,,,,,,,,,,,,,,,,,,,,,,,,,,,,,,,,,,,,,,,,,,,,,,,,,,,,,,,,,,,,,,,,,,,,,,,,,,,,,,,,,,,,,,,,,,,,,,,,,,,,,,,,,,,,,,,,,,,,,,,,,,,,,89,243,367,109,,456,,,,,,,,,,,,,,,,,,,,,,,,,,,,,,,,,,,,,,,,,,,,,,,,,,,,,,,,,,,,,,,,,,,,,,,,,,,,,,,,,,,,,,,,,,,
2026-09-25T13:25:02+00:00,84,277,,,489,4,,32,180,289,,,229,,272,,,,,,,152,,292,159,189,,,,,,966,,6,29,181,,,,,102,136,,,,23,,,,,,,362,,,,,,16,,,,,,55,81,231,76,7,,,,,225,,,,208,326,98,147,103,183,142,,197,,,,,,,,,,,,,,,,,,,,,,,,,,,,,,,,,,,,,,,,,,,,,,,,,,,,,,,,,,,,,,,,,,,,,,,,,,,,,,,,,,245,327,513,259,,,,757,309,363,,,,395,,287,138,65,140,,241,275,369,120,40,,,17,5,384,,,,,,,,,,81,,,,,,397,,7,78,,,,,,,,,,107,,,,,35,,,,,,,,,,,,172,161,113,140,,163,,390,34,,269,127,314,405,277,,,110,,,357,42,,,,,,323,,111,,,,,,,,,,,229,55,16,5,,,,422,,,9,,234,,,234,,,,,,,,,,,,,,,,,,,,,,,,142,79,,84,0,128,63,136,337,216,,,,127,,,,,13,98,122,2,7,14,117,,180,121,47,111,637,16,126,24,7,,243,66,896,105,293,101,,21,,,,,,,,,,,,,,,,,,,,,,527,79,,65,685,,260,288,259,278,293,,,138,97,,,,,,31,,,216,77,158,90,120,56,262,284,86,241,378,111,22,447,97,,,,,,,,,,,,,,,,,,,,,,,,,,,,,,,,,,,,,,,,,,,,,,,,,,,,476,134,68,151,7,4,142,56,495,51,135,293,,77,,120,15,,256,91,,208,,,,,,426,403,,,255,,134,30,,,4,
2026-09-25T13:30:01+00:00,82,280,,109,488,8,,26,182,285,,153,228,177,267,,,,,,,,427,290,158,185,,,,,,969,24,10,28,180,,146,,,103,137,,42,,27,,,,,,,364,,,,,42,,,,179,,3,54,82,232,,12,,99,,,230,,,122,206,,,,,,,,,,,29,44,323,,147,292,46,186,212,,156,,408,1,,110,122,156,11,156,161,473,55,400,186,,44,207,211,153,935,24,,432,,98,103,733,121,194,455,,86,315,,,,,,,,,,,478,,,,,122,134,,,,,,,,,,,,,,,,,,,246,324,517,254,50,,,759,,361,,174,,,,,,,,,,,,,45,,,17,6,391,,,,,,,,,,75,,,,,,401,,,81,,,,,,,,,,,,,,,36,,,,,69,,,,,,,,,,,,,,,,,263,,311,406,280,294,387,111,,155,362,47,,1217,,,,,,,,,,,,,,,,,,59,,,,,,425,,,,,231,,,233,,,,,,,,,,,,,,,,,,,,,,,,,,,,,,,,,,,,,,,,,,,,,,,,,,,,,,,,,,,,,,,,,,,,,,,,,,,,,,,,,,,,,,,,,524,,122,,,,,,,,,,,137,99,,,,,,28,,,218,,,88,,59,264,,,,,,,,,,,,,,,,,,,,,,,,,,,,,,,,,,,,,,,,,,,,,,,,,,,,,,,,,,,,479,135,67,148,5,-384,143,55,497,,,,,,,121,12,39,249,,423,,,,,,,425,398,,,259,,136,,,,8,136
2026-09-25T13:30:02+00:00,,,,,,,,,,,,,,,,,,,,,,,,,,,,,,,,,,,,,,,,,,,,,,,,,,,,,,,,,,,,,,,,,,,,,,,,,,,,,,,,,,,,,,,,,,,,,,,,,,,,,,,,,,,,,,,,,,,,,,,,,,,,,,,,,,,,,,,,,,,,,,,,,,,,,,,,,,,,,,,,,,,,,,,,,,,,,,,,,,,,,,,,,,,,,,,,,,,,,,,,,,,,,,,,,,,,,,,,,,,,,,,,,,,,,,,,,,,,,,,,,,180,178,,112,,205,,,391,36,,,,,,,,,,,,,,,,,,,,,,,,,,,,,,,,,,,,,,,,,,,,,,,,,,,,,,,,,,,,,,,,,,,,,,,147,78,36,80,,,64,,333,210,,,,128,,,,,,100,,0,1,15,121,106,179,122,48,108,646,,121,23,,,,65,,,,,,,,,,,,,,,,,,,,,,,,,,,,,,,,,,,,,,,,,,,,,,,,,,,,,,,,,,,85,237,379,120,23,444,,31,80,363,71,42,,16,39,142,184,103,176,,39,43,219,,,135,,,,,,,,,,,,,,,,,,,,,,,,,,,,,,,,,,,,,,,,,,,,,,,,,,,,,,,,,,,,,,,,,,,,,,,
2026-09-25T13:35:01+00:00,81,278,,,491,7,,,184,287,,146,229,175,,,,,,,,154,428,296,161,190,,36,,,33,968,,5,26,178,,148,,,102,136,,,,,,,,,,,368,,,,,43,17,,,180,,5,53,,,77,,8,98,,,233,5,,120,204,327,92,152,104,182,139,,,,542,38,46,328,174,149,290,42,,216,248,151,,412,3,155,109,125,151,9,,160,475,54,405,190,92,48,204,213,160,939,,,431,,,,,,,,,,,,,,,,,,,,,480,,,,,118,135,,,,,,,,,,,,,,,,,,,,330,513,247,48,,,760,308,356,,162,,390,,302,139,61,128,,247,277,,126,52,,161,17,2,394,,,,,,,,,,70,,,,,,405,,8,82,139,,,,,,,,,106,,,,,35,,,,,68,,,,,,,190,160,115,138,206,166,,392,38,,261,129,310,407,282,297,389,113,,157,366,49,,,,,,,,,,,,,,,,,,,,,,,,,,,,,,,,,,,,,,,,,,,,,,,,,,,,,,,,,,143,77,34,83,,129,,131,330,213,36,,269,130,,160,,,,101,,,,14,123,108,178,123,46,109,657,15,119,,4,,241,,901,,295,,,25,,,,,,,,,,,,,,,,,,,,,,522,78,125,64,680,,259,,248,279,294,,,138,,,,,,,27,,,216,81,163,,127,52,270,285,87,244,376,116,27,451,,30,83,362,70,,113,17,40,147,181,107,,,41,,220,,,134,,,,,,,,,,,,,,,,,,,,,,,,,,,,,,,,,480,140,63,146,7,,141,,495,41,127,294,,79,,123,10,41,245,94,428,,,,,,,426,403,121,,255,,138,33,,,11,
2026-09-25T13:40:02+00:00,78,275,,,499,5,,23,183,286,,145,,,269,,78,,,,,151,429,298,167,191,,39,,,,965,25,1,24,180,,151,,,100,,,,,,,,,,,,369,47,95,,,42,16,,,,7,9,50,,,76,9,,,,,,,,,203,,,,,,,,,,,,,,,,,,,,,,,,,,,,,,,,,,,,,,,,,,,,,,94,98,719,122,190,457,55,84,313,,,,,,,,,,,,,,,,,,,,,,,,,,,,,,,,,,,,241,336,516,251,49,,,763,307,,,169,,,,,,,,,,,,,,,,17,6,391,,,,,,,,,,68,,,,,,404,,7,80,,,,,,,,,,105,,,,,36,,,,,,,,,,,179,201,165,114,,205,169,,389,36,,257,127,313,406,283,300,385,,,160,364,47,,1230,,,,324,,112,,,,,,,,,,,225,53,18,,,,,428,,,10,,236,,,228,,,,,,,,,,,,,,,,,,,,,,,,147,75,33,80,,,,124,327,210,,30,270,129,,156,,,,100,120,1,0,13,124,113,176,124,48,106,672,12,118,,5,,232,66,893,106,292,102,,35,,,,,,,,,,,,,,,,,,,,,,,,,,,,,,,,,,,,,,,,,,,,,,,,,,,,,93,250,401,118,,458,96,,,,,,,,,,,,,,,,,,,,,,,,,,,,,,,,,,,,,,,,,,,,,,,,,,,,481,138,,147,9,2,140,54,497,,,,,78,,,11,39,246,92,434,207,,,,,,429,405,,,257,,136,38,,,7,135
2026-09-25T13:45:01+00:00,81,,,110,506,8,,,187,289,,147,,177,272,,76,,,,,154,430,302,178,187,,40,,,32,971,,3,,179,,156,,,,140,,,,26,,,,,96,,370,,,,,,,,,,6,12,47,,,77,8,,,,,243,,,116,,329,93,155,117,183,136,,196,,543,40,49,334,170,154,,40,189,217,249,154,,,,,108,124,150,8,,162,477,53,,192,95,49,201,211,155,945,,,432,1,,,,,,,,,,,,,,,83,,,,,,,,,,121,,,,,,,,,,,,,,,,,,,,239,339,519,253,50,,,,305,344,,175,264,392,,300,142,68,126,,246,275,370,124,,,,17,8,397,,,,,,,,,,73,,,,,,410,,,78,140,,,,,,,,,107,,,,,34,,,,,,,,,,,176,202,169,,135,206,,,386,,,256,122,314,411,,301,382,116,,,362,,,1236,,,,,,,,,,,,,,,,,226,55,,4,,,,,,,11,,238,,,229,,,,,,,,,,,,,,,,,,,,,,,,148,73,34,,,,63,,325,212,,,271,130,41,157,,,14,,118,0,,,123,114,177,129,,105,681,10,115,22,,,,,,,,,,,,,,,,,,,,,,,,,,,,,,,,517,77,121,65,679,,,287,242,278,297,,,139,,,,,,,30,,,215,,159,86,122,,276,283,,248,397,125,26,459,,,,,,,,,,,,,,,,,,,,,,,,,,,,,,,,,,,,,,,,,,,,,,,,,,,,,,,61,144,8,3,143,,491,39,115,296,,76,,,8,38,243,93,431,211,,,,,,428,415,,,,,,37,,,-370,134
2026-09-25T13:50:01+00:00,82,273,55,,,1,,13,189,288,,152,,180,274,,,,,,,153,432,305,188,185,,41,,,,967,,2,23,,,158,,,98,138,,43,,25,,,,,,,371,46,96,,3,,,,,179,,16,46,,,78,,,99,,,246,,,114,202,,,,,,,,,,,,,,,,,,,,,,,,,,,,,,,,,,,,,,,,,,,,,,97,88,718,125,188,,54,85,309,,,,,,84,,,,,485,,,,,122,140,,,,,,,,,,,,,,,,,,,232,340,518,255,,,,768,,346,,173,,,,,,,,,,,,,47,,164,17,6,387,,,,,,,,,,75,,,,,,406,,8,79,139,,,,,,,,,109,,,,,36,,,,,67,,,,,,173,,168,,134,210,170,,384,32,,252,127,313,421,,307,376,115,,163,364,,,,,,,322,,114,,,,,,,,,,,223,54,14,2,,,,,,,13,167,240,,,230,,,,,,,,,,,,,,,,,,,,,,,,150,72,,81,,128,,121,326,213,35,,273,126,,160,,,,,110,,,16,129,111,180,131,,103,682,9,117,23,6,208,227,,885,112,291,,183,32,,,,,,,,,,,,,,,,,,,,,,521,76,122,66,676,,260,289,236,,,,,138,,,,,,,29,,,220,83,156,85,118,51,273,285,94,,395,122,,454,95,33,80,353,72,45,116,14,,152,178,104,174,,36,47,218,,,131,,,,,,,,,,,,,,,,,,,,,,,,,,,,,,,,,480,,62,147,10,-384,139,,493,,,,,75,,,2,,244,,432,209,,,,,,427,408,,,261,,135,34,,,,133
2026-09-25T13:55:01+00:00,78,272,54,109,502,,,7,188,289,,150,230,181,271,,,,,,,151,431,,197,193,,42,,,34,962,,1,20,178,,162,,,100,137,,,,24,,,,,,,372,,,,0,,18,,,180,8,13,50,,,77,,7,,,,243,7,,115,,330,107,165,123,187,139,,,,542,42,48,339,171,155,288,42,,218,260,149,195,414,2,,109,127,154,,,159,481,,400,190,100,56,,,153,961,,,,2,,,,,,,,,,,,,,,,,,,,,,,,,,,,,,,,,,,,,,,,,,,,,,342,521,,49,,,,306,350,,176,261,391,,291,139,67,127,46,248,272,361,126,48,,157,17,4,384,,,,,,,,,,74,,,,,,410,,10,,,,,,,,,,,,,,,,,,,,,66,,,,,,171,193,171,116,,209,178,,385,31,,249,134,311,427,290,305,384,116,,164,365,44,,1247,,,,,,,,,,,,,,,,,,,,,,,,,,,,,,,,,,,,,,,,,,,,,,,,,,,,,,,,158,71,,82,,,,113,,208,36,,271,123,,157,,,,101,106,,1,18,130,106,181,133,49,102,696,8,119,22,7,,222,,870,118,295,105,182,35,,,,,,,,,,,,,,,,,,,,,,524,75,121,67,675,,257,,235,,296,,,137,,,,,,,30,,,223,,,,110,50,276,287,93,251,387,125,32,451,97,,,,,,,,,,,,,,,,,,,,,,,,,,,,,,,,,,,,,,,,,,,,,,,,,,,,484,,,146,9,2,142,,494,43,112,298,,74,,124,3,39,234,,431,211,,,,,,,399,,,257,,132,35,,,,132
2026-09-25T14:00:01+00:00,,,,,,,,,,,,,,,,,,,,,,149,430,310,195,189,,,,,35,961,,0,24,177,,163,,,101,139,,45,,25,,,,,99,,374,,,,1,40,,,,,9,11,54,81,,79,7,8,98,,,,,,116,203,328,102,167,,,138,,,,,37,50,341,168,157,297,39,194,,263,143,,419,1,156,108,124,153,5,157,162,485,49,396,196,106,68,202,208,158,960,,,433,3,98,93,726,,182,455,55,88,,,,,,,,,,,,488,,,,,127,142,,,,,,,,,,,,,,,,,,,231,349,525,250,,,,769,,347,,172,,,,,,,,,,,,,50,,160,17,8,387,,,,,,,,,,79,,,,,,411,,11,,,,,,,,,,,112,,,,,,,,,,64,,,,,,,,,,,,,,,,,241,131,,424,292,,,,,166,,45,,,,,,321,,111,,,,,,,,,,,221,47,15,7,,,,431,,,14,164,242,,,232,,,,,,,,,,,,,,,,,,,,,,,,,,,,,,,,,,,,,,,,,,,,,,,,,,,,,,,,,,,,,,,,,,,,,,,,,,,,,,,,,,,,,,,,,517,,125,68,672,,258,288,225,277,295,,,136,101,,,,,,29,,,224,84,154,87,109,46,275,,,,,,,,,,,,,,,,,,,,,,,,,,,,,,,,,,,,,,,,,,,,,,,,,,,,,,,,,,,,485,,63,140,8,-384,146,,496,,110,,,69,,126,,,233,92,433,206,,,,,,431,401,,,250,,131,36,,,,
2026-09-25T14:00:02+00:00,81,274,,,,,,4,190,,,149,,177,,,,,,,,,,,,,,,,,,,,,,,,,,,,,,,,,,,,,,,,,,,,,,,,,,,,,,,,,,,,,,,,,,,,,,,,,,,,,,,,,,,,,,,,,,,,,,,,,,,,,,,,,,,,,,,,,,,,,,,,,,,,,,,,,,,,,,,,,,,,,,,,,,,,,,,,,,,,,,,,,,,,,,,,,,,,,,,,,,,,,,,,,,,,,,,,,,,,,,,,,,,,,,,,,,,,,,,,,,,,,,,,,,,,170,200,169,120,132,,185,,386,30,,,,,,,,,,,,,,,,,,,,,,,,,,,,,,,,,,,,,,,,,,,,,,,,,,,,,,,,,,,,,,,,,,,,,,,160,66,35,77,1,129,62,114,321,199,35,,,128,,158,,,,102,103,,0,17,136,102,178,134,45,108,702,6,118,,,210,221,,859,125,,106,,56,,,,,,,,,,,,,,,,,,,,,,,,,,,,,,,,,,,,,,,,,,,,,,,,,,,,,89,273,378,124,31,455,99,,,,,,,,,,,,,,,,,,,,,,,,,,,,,,,,,,,,,,,,,,,,,,,,,,,,,,,,,,,,,,,,,,,,,,,,,,,,,,,,,,,,,,,,,,
2026-09-25T14:05:02+00:00,77,,,,498,,,,188,285,,151,,180,262,,,,,,,143,431,311,198,188,,,,,33,953,23,,,,,165,,,100,138,,43,,29,,,,,,,375,47,,,2,,,,,,10,12,,,,80,5,,,,,,,,113,,,,,,,,,,,,,,,,,,,,,,,,,,,,,,,,,,,,,,,,,,,,,,,,,,,,,,,,,,,,,,,,,,,,,,,,,,,,,,,,,,,,,,,,,,,225,347,526,249,,,,770,308,352,,177,264,398,,292,138,,129,,,,354,125,47,,,17,,403,,,,,,,,,,87,,,,,,,,13,,,,,,,,,,,113,,,,,37,,,,,65,,,,,,,216,171,123,135,208,184,,385,27,,237,132,310,419,294,304,386,117,,163,369,46,,1249,,,,,,,,,,,,,,,,,,,,,,,,,,,,,,,,,,,,,,,,,,,,,,,,,,,,,,,,164,62,33,81,0,130,61,,322,201,,29,273,130,,155,,,,101,101,,,16,138,,177,133,44,,705,2,,,6,209,212,,846,123,,108,184,,,,,,,,,,,,,,,,,,,,,,,512,,128,,664,,262,290,223,280,297,,,137,97,,,,,,31,,,230,,162,83,106,39,274,286,,275,,125,27,459,101,31,77,350,73,47,111,,38,,173,96,,,27,44,217,,,130,,,,,,,,,,,,,,,,,,,,,,,,,,,,,,,,,487,136,62,136,6,1,,56,493,38,105,305,,,,124,1,32,231,91,430,204,,,,,,433,406,121,,249,,133,34,,,,130
2026-09-25T14:10:01+00:00,74,268,,,,2,,6,183,282,,154,,177,253,,,,,,,144,432,308,192,184,,40,,,32,956,25,,26,,,162,,,,139,,45,,,,,,,97,,378,46,95,,,,,,,,13,16,48,82,233,,6,,,,,246,,,112,205,324,109,168,122,189,142,,,,,33,45,346,169,155,301,37,192,219,268,155,196,420,,,107,125,156,,158,163,487,51,398,199,107,,205,207,,968,,,,,101,96,734,127,180,452,,,305,,,,,,75,,,,,489,,,,,126,141,,,,,,,,,,,,,,,,,,,226,348,,251,48,,,774,,357,,174,,,,,,,,,,,,,42,,165,17,12,404,,,,,,,,,,88,,,,,,424,,14,80,,,,,,,,,,,,,,,35,,,,,,,,,,,,213,170,128,133,207,177,,,25,,240,131,311,423,296,309,,119,,,366,52,,,,,,323,,115,,,,,,,,,,,222,45,14,4,,,,434,,,15,166,,,,230,,,,,,,,,,,,,,,,,,,,,,,,159,,,,,,60,113,317,198,,27,272,133,,157,,,,,103,,,18,147,,,,47,,707,3,,,11,,211,,836,121,293,,186,54,,,,,,,,,,,,,,,,,,,,,,509,,125,,661,,261,291,215,279,,,,132,,,,,,,32,,,229,86,174,90,94,38,,,95,,383,126,,465,102,,,,,,,,,,,,,,,,,,,,,,,,,,,,,,,,,,,,,,,,,,,,,,,,,,,,,137,60,,3,-384,148,,496,,107,,,,,126,-230,,222,90,429,203,,,,,,437,404,,,246,,134,37,,,-370,133
2026-09-25T14:15:01+00:00,68,269,,,501,,,7,178,281,,152,,183,256,,,,,,,143,430,304,,188,,,,,34,957,,,25,176,,163,,,103,138,,46,,,,,,,95,,381,45,96,,0,42,17,,,,,13,47,84,,,,,97,,,244,,,111,202,,,,,,,,,,,36,33,351,170,159,306,31,,,272,159,198,421,,157,,130,168,,155,165,605,50,388,,109,,217,208,159,976,,,432,,,,,,,,,,,,,,,,,,,,,,,,,,,,,,,,,,,,,,,,,,,,,,225,350,,253,45,,,770,307,360,,175,263,400,,,139,85,124,44,244,279,350,120,43,,170,17,17,402,,,,,,,,,,83,,,,,,425,,,79,,,,,,,,,,109,,,,,,,,,,,,,,,,169,226,175,,132,211,,,384,33,,245,133,307,429,,306,,122,,,362,50,,1266,,,,327,,114,,,,,,,,,,,225,47,11,,,,,,,,,159,244,,,231,,,,,,,,,,,,,,,,,,,,,,,,164,61,,83,,132,,118,321,199,,,274,,42,158,,,,102,105,,,20,154,104,,,44,107,723,0,116,26,9,210,220,,830,,295,109,,52,,,,,,,,,,,,,,,,,,,,,,,,,,,,,,,,,,,,,,,,,,,,,,,,,,,,,102,279,399,128,30,451,100,,,,,,,,,,,,,,,,,,,,,,,,,,,,,,,,,,,,,,,,,,,,,,,,,,,,489,135,58,132,2,,143,53,,33,105,305,,68,,,,,230,,426,202,,,,,,438,402,,,240,,136,36,,,,132
2026-09-25T14:20:01+00:00,66,,,,502,1,,10,169,282,,150,231,188,258,,72,,,,,,,305,190,192,,38,,,31,951,,,20,,,,,,104,145,,45,,,,,,,94,,382,,,,2,43,15,,,181,,,46,,,,5,,96,,,,6,,112,200,319,89,174,121,191,145,,,,,,,,,,,,,,,,,,,,,,,,,,,,,,,,,,,,,,,,103,95,733,124,181,454,54,89,301,,,,,,71,,,,,493,,,,,125,144,,,,,,,,,,,,,,,,,,,,362,529,261,46,,,,310,361,,,,,,,,,,,,,,,44,,167,17,23,399,,,,,,,,,,,,,,,,,,,,,,,,,,,,,,,,,,,,,,,,,,,,,,227,178,130,129,212,178,,382,32,,244,143,312,432,298,305,389,,,161,359,47,,,,,,,,,,,,,,,,,,,,,,,,,,,,,,,,,,,,,,,,,,,,,,,,,,,,,,,,,,163,,34,85,,133,64,114,318,202,,,278,132,,159,,,,,104,,,22,161,107,172,140,42,105,726,,115,27,10,,221,,824,115,300,110,187,54,,,,,,,,,,,,,,,,,,,,,,504,,129,71,653,,262,295,204,286,298,,,135,95,,,,,,33,,,233,83,180,87,99,36,276,287,107,,401,129,24,444,101,29,67,348,71,38,112,13,44,149,165,85,171,,26,40,213,,,120,,,,,,,,,,,,,,,,,,,,,,,,,,,,,,,,,491,134,59,124,4,1,142,,497,24,,,,71,,129,,29,231,89,424,204,,,,,,439,406,,,231,,139,37,,,,131
2026-09-25T14:20:02+00:00,,,,,,,,,,,,,,,,,,,,,,,,,,,,,,,,,,,,,,,,,,,,,,,,,,,,,,,,,,,,,,,,,,,,,,,,,,,,,,,,,,,,,,,,,,,,,,,,,,,,,,,,,,,,,,,,,,,,,,,,,,,,,,,,,,,,,,,,,,,,,,,,,,,,,,,,,,,,,,,,,,,,,,,,,,,,,,,,,,,,,,,,,,,,,,,,,,,,,,,,,,,,,,,90,,,,,,424,,13,80,,,,,,,,,,111,,,,,30,,,,,,,,,,,,,,,,,,,,,,,,,,,,,,,,,,,,,,,,,,,,,,,,,,,,,,,,,,,,,,,,,,,,,,,,,,,,,,,,,,,,,,,,,,,,,,,,,,,,,,,,,,,,,,,,,,,,,,,,,,,,,,,,,,,,,,,,,,,,,,,,,,,,,,,,,,,,,,,,,,,,,,,,,,,,,,,,,,,,,,,,,,,,,,,,,,,,,,,,,,,,,,,,,,,,,,,,,,,,,,,,,,,,,,,,,,,,,,,,,,,,,,,,,,,,,,,,,,,,,,,,,,,,,,,,,,,,,,,,,,,
2026-09-25T14:25:01+00:00,61,272,,,504,,,13,164,281,,148,,184,255,,73,,,,,142,432,310,189,186,,33,,,,956,26,1,18,173,,162,,,,148,,44,,28,,,,,95,,385,,95,,5,42,,,,182,,20,45,,,79,7,,95,,,241,5,,108,205,316,88,178,124,189,142,,,,,37,37,346,171,158,301,26,191,,273,160,199,420,,156,,132,173,,156,164,606,,384,203,,70,218,,154,,,,,,,96,729,128,179,455,53,88,295,,,,,,68,,,,,494,,,,,126,146,,,,,,,,,,,,,,,,,,,222,372,528,260,45,,,768,308,363,,186,261,407,,293,140,84,,,245,278,357,116,45,,170,17,26,415,,,,,,,,,,88,,,,,,423,,,79,,,,,,,,,,,,,,,,,,,,66,,,,,,,224,186,128,126,213,179,,,34,,246,149,313,425,302,304,,123,,165,352,51,,1268,,,,332,,117,,,,,,,,,,,218,39,12,2,,,,437,,,14,158,,,,228,,,,,,,,,,,,,,,,,,,,,,,,,62,,84,,134,,116,321,199,,,282,,,156,,,,,106,1,2,23,168,,169,143,44,107,738,,,,13,205,222,,810,114,301,,,59,,,,,,,,,,,,,,,,,,,,,,,,,,,,,,,,,,,,,,,,,,,,,,,,,,,,,109,280,407,130,,438,,,65,350,,,113,,45,,162,91,,,22,39,212,,,121,,,,,,,,,,,,,,,,,,,,,,,,,,,,,,,,,493,133,56,118,8,,145,54,495,,,,,69,,130,,,228,90,423,207,,,,,,441,402,,,229,,141,39,,,,
2026-09-25T14:30:02+00:00,55,275,,110,505,,,10,162,279,,,,183,249,,74,,,,,140,,313,196,181,,,,,30,953,,4,17,174,,160,,,,,,45,,27,,,,,94,,388,43,94,,4,43,18,,,183,,,52,,,80,5,,,,,243,6,,,206,,,,,,,,,,544,40,34,348,174,157,294,23,190,,279,158,202,422,,155,106,139,174,7,,,601,52,380,207,108,65,,212,,981,,,,,,,,,,,,,,,,,,,,,,,,,,,,,,,,,,,,,,,,,,,,,,,,,219,374,530,268,49,,,764,307,358,,184,,,,,,,,,,,,,48,,172,17,,413,,,,,,,,,,81,,,,,,427,,11,80,140,,,,,,,,,110,,,,,33,,,,,,,,,,,170,223,187,130,124,215,181,,385,31,,250,145,,426,,309,388,,,163,350,52,,,,,,333,,,,,,,,,,,,,215,38,13,6,,,,438,,,13,157,240,,,,,,,,,,,,,,,,,,,,,,,,,,,162,60,,83,,,,117,323,197,,,283,133,,,,,,103,109,0,3,24,170,105,171,146,42,,744,2,,,17,201,,64,814,125,302,103,,52,,,,,,,,,,,,,,,,,,,,,,509,,125,72,654,,,296,210,292,299,,,139,92,,,,,,31,,,238,84,182,86,89,40,283,,112,279,415,133,19,444,,,,,,,,,,,,,,,,,,,,,,,,,,,,,,,,,,,,,,,,,,,,,,,,,,,,,496,135,,,7,3,144,,490,,,,,,,,,,229,93,421,205,,,,,,,400,,,228,,147,38,,,,
2026-09-25T14:35:01+00:00,58,273,52,,506,,,5,154,278,,152,,185,250,,70,,,,,138,431,309,200,,,35,,,29,951,,0,16,,,159,,,103,,,,,28,,,,,90,,391,,,,6,,,,,182,,23,54,83,,79,,,,,,242,,,109,204,315,77,177,,187,148,,,,543,36,36,349,173,,290,22,189,,283,157,,421,,,107,,175,2,155,165,595,49,369,,107,66,223,,155,985,,,434,,102,88,733,123,185,457,51,91,291,,,,,,73,,,,,496,,,,,128,147,,,,,,,,,,,,,,,,,,,216,376,531,276,48,,,766,308,357,,177,262,406,,288,141,87,123,,246,276,354,111,55,,169,17,25,415,,,,,,,,,,78,,,,,,425,,10,,,,,,,,,,,109,,,,,,,,,,,,,,,,169,222,189,133,131,,184,,,28,,251,149,318,,304,314,390,,,162,348,51,,1279,,,,334,,116,,,,,,,,,,,209,35,17,,,,,,,,15,162,241,,,231,,,,,,,,,,,,,,,,,,,,,,,,160,58,32,,,,62,123,330,198,,,285,130,,158,,,,102,108,,1,23,173,,170,149,47,,753,0,,,20,202,,,822,124,,,185,58,,,,,,,,,,,,,,,,,,,,,,497,74,123,75,648,,261,297,221,,298,,,142,91,,,,,,30,,,242,85,185,87,82,49,285,,116,278,438,,21,434,102,,64,,72,42,111,,46,143,158,83,174,,18,38,209,,,117,,,,,,,,,,,,,,,,,,,,,,,,,,,,,,,,,498,136,95,112,5,1,150,58,489,,,,,67,,131,,,228,92,422,204,,,,,,445,395,,,230,,148,42,,,,
2026-09-25T14:40:02+00:00,57,269,51,,,,,6,151,277,,155,,178,243,,68,,,,,135,,307,196,170,,33,,,27,948,,,,172,,163,,,101,,,57,,27,,,,,97,,394,44,,,7,44,,,,,,22,56,82,232,78,,9,96,,,,5,,108,200,,,,,,,,,,,,,,,,,,,,,,,,,,,,,,,,,,,,,,,,,,,,,,,,,,,,,,,,,,,,,,,,,,,,,,,,,,,,,,,,,,,,,,,,,,,,532,280,,,,774,306,354,,175,,,,,,,,,,,,,50,,173,17,24,423,,,,,,,,,,73,,,,,,426,,,,138,,,,,,,,,108,,,,,34,,,,,,,,,,,,219,190,132,132,,189,,388,29,,250,146,316,427,303,316,385,,,,351,45,,1281,,,,335,,,,,,,,,,,,,,38,,5,,,,439,,,,167,,,,232,,,,,,,,,,,,,,,,,,,,,,,,158,59,,86,,135,,125,327,197,,,287,134,41,162,,,,100,104,1,,25,177,102,168,151,,,752,,,,19,205,227,,832,119,299,102,183,57,,,,,,,,,,,,,,,,,,,,,,,,124,,647,,,,,,,,,144,,,,,,,,,,,,184,,,,,,122,281,445,132,18,426,100,27,65,,,39,110,11,45,137,156,80,178,,16,34,207,,,112,,,,,,,,,,,,,,,,,,,,,,,,,,,,,,,,,503,135,93,109,4,3,149,55,484,,,,,70,,129,,,230,90,418,206,,,,,,446,398,,,238,,147,40,,,,132
2026-09-25T14:45:02+00:00,60,267,50,,,3,,9,159,274,,158,232,180,239,,66,,,,,133,430,306,197,,,34,,,26,941,25,,15,171,,,,,,147,,63,,26,,,,,99,,,,93,,3,45,19,,,184,,17,57,81,,80,,,,,,243,4,,109,197,314,79,,121,189,147,,,,545,29,30,,169,159,295,18,,,287,152,204,,1,,105,140,173,4,,,597,47,371,,106,,225,,159,984,,,,2,,,,,,,,,,,,,,,80,,,,,504,,,,,121,153,,,,,,,,,,,,,,,,,,,204,379,530,284,49,,,773,305,352,,171,,413,,271,140,90,120,45,245,275,353,114,,,181,17,30,429,,,,,,,,,,68,,,,,,434,,13,75,,,,,,,,,,109,,,,,35,,,,,,,,,,,168,,197,,134,216,187,,392,26,,251,,317,428,306,322,388,126,,163,348,48,,,,,,,,,,,,,,,,,,,,,,,,,,,,,,,,,,,,,,,,,,,,,,,,,,,,,,,,,,156,62,,,,136,,128,347,196,,29,289,,39,161,,,,101,108,4,2,23,178,104,170,153,51,106,758,1,113,,,,,,,,,,,,,,,,,,,,,,,,,,,,,,,,,488,73,125,76,,,260,295,215,290,297,,,141,90,,,,,,31,,,246,,,90,79,53,,286,132,293,443,139,25,446,102,,,,,,,,,,,,,,,,,,,,,,,,,,,,,,,,,,,,,,,,,,,,,,,,,,,,504,133,94,105,1,8,142,57,480,,,,,69,,,,,222,91,420,204,,,,,,442,399,,,230,,146,,,,,
2026-09-25T14:50:01+00:00,58,,,,508,2,,11,161,,,153,,178,236,,65,,,,,128,432,308,202,175,,35,,,28,937,,,14,,,,,,106,,,68,,28,,,,,106,,397,,,,6,,,,,,14,13,61,,231,,6,,,,,246,,,108,196,308,86,175,123,,143,,,,547,26,19,347,171,162,302,15,190,,290,154,206,,,,,141,179,,156,167,633,46,355,202,107,61,229,213,166,1001,,,,4,101,79,715,121,201,454,53,93,302,,,,,,,,,,,,,,,,,,,,,,,,,,,,,,,,,,,,199,,531,286,47,,,774,309,339,,167,,,,,,,,,,,,,,,,,,,,,,,,,,,,,,,,,,,,,,,,,,,,,,,,,,,,,,,,,,,,,,,,,,,,,,,,,,,145,316,426,309,326,384,125,,166,341,49,,1294,,,,,,,,,,,,,,,,,,,,,,,,,,,,,,,,,,,,,,,,,,,,,,,,,,,,,,,,,,,,,,,,,,,,,,,,,,,,,,,,,,,,,,,,,,,,,,,,,,,,,,,,,,,,,,,,,,,,,,,,,486,72,128,,640,,,293,217,292,299,,,142,89,,,,,,,,,251,,181,89,78,54,282,289,,,,,,,,,,,,,,,,,,,,,,,,,,,,,,,,,,,,,,,,,,,,,,,,,,,,,,,,,,,509,134,95,104,,5,144,,,14,106,303,,67,,126,,28,225,88,,203,,,,,,439,396,120,,224,,147,43,,,,
2026-09-25T14:50:02+00:00,,,,,,,,,,,,,,,,,,,,,,,,,,,,,,,,,,,,,,,,,,,,,,,,,,,,,,,,,,,,,,,,,,,,,,,,,,,,,,,,,,,,,,,,,,,,,,,,,,,,,,,,,,,,,,,,,,,,,,,,,,,,,,,,,,,,,,,,,,,,,,,,,,,,,,,,,,,,,,,,,,,,,,,,,,,,,,,,,,,,,,,,,,,,,,,,58,,175,17,32,432,,,,,,,,,,65,,,,,,444,,10,,,,,,,,,,,110,,,,,34,,,,,65,,,,,,169,214,,131,135,215,186,,388,25,,,,,,,,,,,,,,,,,,,338,,115,,,,,,,,,,,211,,12,,,,,,,,14,165,240,,,229,,,,,,,,,,,,,,,,,,,,,,,,153,65,31,87,1,,63,133,352,192,,,287,135,38,,,,,,107,0,0,,185,106,171,154,49,104,759,,120,,23,207,226,65,827,125,290,,,55,,,,,,,,,,,,,,,,,,,,,,,,,,,,,,,,,,,,,,,,,,,,,,,,,,,,,137,295,,146,26,466,105,,,,,,,,,,,,,,,,,,,,,,,,,,,,,,,,,,,,,,,,,,,,,,,,,,,,,,,,,,,,,,,,,,,,,,,,,,,,,,,,,,,,,,,,,,
2026-09-25T14:55:01+00:00,,263,,,,,,20,162,,,156,,175,233,,66,,,,,,433,307,,174,,36,,,23,929,,,16,,,162,,,103,,,81,,,,,,,107,,,,94,,5,44,18,,,185,,,,,234,,7,10,,,,244,,,104,197,,,,,,,,,,,,,,,,,,,,,,,,,,,,,,,,,,,,,,,,,,,,,,,,,,,,,,,,,,,,76,,,,,511,,,,,115,147,,,,,,,,,,,,,,,,,,,,382,,284,49,,,775,310,341,,174,263,,,261,136,89,119,47,244,276,359,120,62,,172,17,27,,,,,,,,,,,62,,,,,,441,,9,73,,,,,,,,,,,,,,,30,,,,,,,,,,,,220,200,130,133,,188,,387,,,249,143,313,432,310,,383,126,,167,,47,,,,,,,,,,,,,,,,,,,,,,,,,,,,,,,,,,,,,,,,,,,,,,,,,,,,,,,,,,150,,,86,4,137,64,131,353,194,,,285,,,159,,,,,,,1,,,108,170,,,105,764,2,122,28,24,208,225,63,826,122,289,,182,53,,,,,,,,,,,,,,,,,,,,,,,,,,,,,,,,,,,,,,,,,,,,,,,,,,,,,135,,446,149,29,464,,25,,348,73,42,100,15,42,132,154,70,167,,15,30,202,,,108,,,,,,,,,,,,,,,,,,,,,,,,,,,,,,,,,512,,93,98,-100,1,148,58,479,9,,306,,72,,125,,,222,94,426,202,,,,,,436,397,,,221,,148,41,,,,
2026-09-25T15:00:01+00:00,61,264,,,506,,,8,161,275,,,233,172,222,,63,,,,,133,435,308,204,162,,38,,,19,927,26,,19,173,,165,,,,145,,85,,30,,,,,111,,398,47,,,0,43,19,,,,13,12,63,,,79,5,8,,,,245,3,,105,196,,90,170,,,141,,197,,,22,15,349,174,163,309,14,188,,289,156,208,422,3,156,104,144,180,,,165,634,44,,,110,55,227,,162,1000,,,435,2,,82,713,119,207,453,55,92,300,,,,,,,,,,,,,,,,,,,,,,,,,,,,,,,,,,,,,,,,,,,,,,,,,,,,,,,,,,,,,,,,,,,,,,,,,,,,,,,,,,,,,,,,,,,,,,,,,,,,,,,,,,,,,,,,,,,,,,,,,251,150,314,434,,330,385,,,166,335,51,,,,,,,,,,,,,,,,,,,,,,,,,,,,,,,,,,,,,,,,,,,,,,,,,,,,,,,,,,,,,,,,,,,,,,,,,,,,,,,,,,,,,,,,,,,,,,,,,,,,,,,,,,,,,,,,,,,,,,,,,,,478,70,127,75,637,,,295,219,293,297,,,141,90,,,,,,29,,,252,84,183,91,80,,279,288,,,,,,,,,,,,,,,,,,,,,,,,,,,,,,,,,,,,,,,,,,,,,,,,,,,,,,,,,,,514,135,,104,2,2,145,56,,,,,,71,,,,,221,95,420,203,,,,,,439,431,,,213,,,,,,,
2026-09-25T15:00:02+00:00,,,,,,,,,,,,,,,,,,,,,,,,,,,,,,,,,,,,,,,,,,,,,,,,,,,,,,,,,,,,,,,,,,,,,,,,,,,,,,,,,,,,,,,,,,,,,,,,,,,,,,,,,,,,,,,,,,,,,,,,,,,,,,,,,,,,,,,,,,,,,,,,,,,,,,,,,,,,,,,,,,,,,,,,195,384,,289,,,,776,312,,,181,,,,,,,,,,,,,65,,168,17,34,426,,,,,,,,,,63,,,,,,434,,,72,137,,,,,,,,,112,,,,,28,,,,,,,,,,,,223,202,131,131,217,,,,24,,,,,,,,,,,,,,,,,,,341,,116,,,,,,,,,,,198,33,10,2,,,,443,,,,160,237,,,228,,,,,,,,,,,,,,,,,,,,,,,,153,66,,,3,,63,134,356,,,30,290,133,,156,,,15,102,108,2,,26,189,109,,155,46,,,,121,,26,209,223,64,836,123,277,104,184,,,,,,,,,,,,,,,,,,,,,,,,,,,,,,,,,,,,,,,,,,,,,,,,,,,,,,131,294,451,154,39,476,104,,,,,,,,,,,,,,,,,,,,,,,,,,,,,,,,,,,,,,,,,,,,,,,,,,,,,,,,,,,,,,,,,,,,,,,,,,,,,,,,,,,,,,,,,,
2026-09-25T15:05:01+00:00,63,261,,,503,,,,,,,153,,174,210,,60,,,,,136,,310,203,153,,36,,,23,931,,,18,171,,167,,,101,149,,84,,31,,,,,114,,,,93,,,,,,,,14,7,114,82,,78,,9,,,,248,4,,,191,,,,,,,,,,548,20,23,342,171,162,304,1,180,,295,155,206,419,2,157,98,146,181,,,166,639,42,352,208,112,49,224,,161,1007,,,438,4,,,,,,,,,,,,,,,74,,,,,512,,,,,109,146,,,,,,,,,,,,,,,,,,,192,379,532,288,,,,781,311,345,,184,262,,,246,132,86,,46,,,365,116,74,,167,17,35,433,,,,,,,,,,59,,,,,,435,,7,73,,,,,,,,,,,,,,,,,,,,,,,,,,170,220,205,132,125,219,195,,393,,,250,157,320,438,,334,389,125,,170,333,49,,,,,,,,,,,,,,,,,,,,,,,,,,,,,,,,,,,,,,,,,,,,,,,,,,,,,,,,,,156,68,33,88,0,,,133,358,193,36,29,293,131,,153,,,16,,,1,,27,,111,168,156,45,103,767,,122,26,,,,,,,,,,,,,,,,,,,,,,,,,,,,,,,,,71,,74,635,,259,291,212,289,300,,,,88,,,,,,,,,253,81,,93,,50,275,286,134,299,450,162,41,486,103,,,,,,,,,,,,,,,,,,,,,,,,,,,,,,,,,,,,,,,,,,,,,,,,,,,,516,134,92,94,-100,1,151,55,474,,,,,67,,,,25,224,96,424,204,,,,,,438,433,,,205,,144,,,,,
2026-09-25T15:10:01+00:00,69,260,49,,500,,,9,165,,,148,,167,209,,61,,,,,139,436,306,204,158,,39,,,,929,,,16,169,,171,,,,150,,81,,30,,,,,,,397,,,,,44,,,,,,8,112,83,,77,,10,,,,257,,,,188,302,88,176,122,193,143,,,,,,,,,,,,,,,,,,,,,,,,,,,,,,,,,,,,,,,,99,88,704,,,456,53,91,302,,,,,,,,,,,,,,,,,,,,,,,,,,,,,,,,,,,,187,,,,48,,,773,,341,,178,,,,,,,,,,,,,,,,,,,,,,,,,,,,57,,,,,,434,,6,,,,,,,,,,,110,,,,,30,,,,,64,,,,,,,,,,,,,,,,,249,,319,441,314,333,384,126,,175,,47,,1293,,,,,,,,,,,,,,,,,,,,,,,,,,,,,,,,,,,,,,,,,,,,,,,,,,,,,,,,,,,,,,,,,,,,,,,,,,,,,,,,,,,,,,,,,,,,,,,,,,,,,,,,,,,,,,,,,,,,,,,,,480,73,130,75,634,,261,,208,288,303,,,138,87,,,,,,28,,,254,79,191,,76,49,276,287,,,,,,,,,,,,,,,,,,,,,,,,,,,,,,,,,,,,,,,,,,,,,,,,,,,,,,,,,,,517,,,89,3,-384,153,53,476,9,106,,,,,124,,,218,99,426,195,,,,,,441,431,,,208,,141,40,,,-370,
2026-09-25T15:10:02+00:00,,,,,,,,,,,,,,,,,,,,,,,,,,,,,,,,,,,,,,,,,,,,,,,,,,,,,,,,,,,,,,,,,,,,,,,,,,,,,,,,,,,,,,,,,,,,,,,,,,,,,,,,,,,,,,,,,,,,,,,,,,,,,,,,,,,,,,,,,,,,,,,,,,,,,,,,,,,,,,,,,,,,,,,,,,,,,,,,,,,,,,,,,,,,,,,,77,,162,17,36,444,,,,,,,,,,,,,,,,,,,,,,,,,,,,,,,,,,,,,,,,,,,,,,219,206,,130,223,196,,391,21,,,,,,,,,,,,,,,,,,,,,,,,,,,,,,,,202,29,11,3,,,,447,,,15,,233,,,,,,,,,,,,,,,,,,,,,,,,,,,152,,32,85,1,142,64,135,360,191,,,291,136,,154,,,,101,106,7,5,28,192,,165,,,,766,4,124,28,24,207,216,63,830,128,273,,183,52,,,,,,,,,,,,,,,,,,,,,,,,,,,,,,,,,,,,,,,,,,,,,,,,,,,,,138,302,459,161,39,497,101,22,66,345,,43,95,17,39,125,141,76,163,,14,,207,,,94,,,,,,,,,,,,,,,,,,,,,,,,,,,,,,,,,,,,,,,,,,,,,,,,,,,,,,,,,,,,,,,,,,,,,,,
2026-09-25T15:15:01+00:00,67,258,,,501,,,11,163,274,,144,,170,200,,62,,,,,138,437,309,197,150,,41,,,22,931,,,18,168,,169,,,99,,,83,,31,,,,,,,399,,,,,46,,,,184,15,14,115,82,,78,3,,,,,259,,,107,183,,,,,,,,,,,24,21,341,168,,308,,177,,296,150,,,,,99,145,175,,,164,634,39,353,210,,48,222,216,,1004,,,,2,102,84,707,121,,,,92,308,,,,,,81,,,,,513,,,,,112,149,,,,,,,,,,,,,,,,,,,183,378,,295,46,,,,310,348,,173,264,411,,238,136,94,118,43,243,281,360,115,81,,160,17,,457,,,,,,,,,,,,,,,,437,,,74,138,,,,,,,,,107,,,,,31,,,,,62,,,,,,165,220,209,134,126,225,206,,388,23,,251,155,318,442,320,334,385,,,176,332,45,,,,,,342,,,,,,,,,,,,,200,27,13,6,,,,449,,,,161,232,,,235,,,,,,,,,,,,,,,,,,,,,,,,150,67,34,,0,,,138,361,186,,,294,137,,155,,,,,108,11,6,,193,,,,46,,767,2,125,31,25,205,210,,833,133,271,105,182,42,,,,,,,,,,,,,,,,,,,,,,475,74,128,,631,,263,296,203,,305,,,139,,,,,,,26,,,260,78,,91,77,53,279,286,136,304,454,,41,509,102,,,,,,,,,,,,,,,,,,,,,,,,,,,,,,,,,,,,,,,,,,,,,,,,,,,,518,133,89,81,5,3,,52,477,,,,,69,,,,,213,102,428,200,,,,,,437,435,,,215,,145,42,,,,131
2026-09-25T15:20:02+00:00,66,259,,,,,,14,167,273,,139,234,,198,,63,,,,,142,440,313,204,148,,40,,,16,927,,,15,169,,170,,,,148,,85,,,,,,,115,,397,46,,,,,,,,,,11,112,,,,1,,95,,,,,,,178,300,102,174,128,196,148,,,,,22,18,337,164,163,305,,171,,,136,207,417,,158,94,142,167,1,,,624,44,347,219,113,42,236,,166,1009,,,439,1,,,,,,,,,,,,,,,,,,,,,,,,,,,,,,,,,,,,,,,,,,,,,179,377,533,302,49,,,776,312,339,,177,,,,,,,,,,,,,82,,156,17,39,458,,,,,,,,,,56,,,,,,,,4,73,136,,,,,,,,,108,,,,,30,,,,,63,,,,,,161,222,214,135,127,227,210,,387,22,,254,160,322,454,324,335,383,127,,,331,43,,1295,,,,344,,,,,,,,,,,,,199,31,,4,,,,,,,,,233,,,239,,,,,,,,,,,,,,,,,,,,,,,,162,,35,81,1,,63,145,366,184,,30,296,,37,,8,,,100,,,4,,196,,168,,47,104,772,,124,,,,205,,840,137,,107,181,38,,,,,,,,,,,,,,,,,,,,,,479,77,132,77,,,266,298,193,283,304,,,137,89,,,,,,28,,,259,80,198,88,66,57,278,,134,306,458,159,44,511,101,,,,,,,,,,,,,,,,,,,,,,,,,,,,,,,,,,,,,,,,,,,,,,,,,,,,523,,85,73,6,2,155,51,476,6,,,,68,,122,,,209,,425,199,,,,,,442,434,,,214,,140,43,,,,133
2026-09-25T15:25:02+00:00,60,258,,,500,,,13,161,272,,141,,166,189,,62,,,,,,439,312,206,145,,,,,17,923,,,11,,,,,,103,149,,86,,29,,,,,116,,398,47,,,,45,,,,,16,10,,,,,0,,,,,,,,105,173,,,,,,,,,,550,23,11,339,162,167,296,,164,220,302,130,208,421,,159,93,145,168,2,157,165,,43,336,222,117,,230,215,164,1013,,,,,106,79,708,119,209,452,,100,321,,,,,,79,,,,,512,,,,,,148,,,,,,,,,,,,,,,,,,,175,371,536,305,47,,,781,,345,,185,,410,,241,140,106,,,247,,362,102,,,163,17,43,460,,,,,,,,,,53,,,,,,439,,5,68,,,,,,,,,,106,,,,,32,,,,,64,,,,,,158,225,215,,131,,214,,391,,,256,161,321,,326,,369,,,178,334,42,,1294,,,,,,118,,,,,,,,,,,193,32,,3,,,,450,,,14,156,,,,231,,,,,,,,,,,,,,,,,,,,,,,,170,,,87,3,,,147,364,186,,,297,,,156,,,,99,106,8,,29,,110,172,157,49,107,776,,123,33,,207,209,62,841,138,274,,182,29,,,,,,,,,,,,,,,,,,,,,,470,76,134,81,628,,267,301,194,284,,,,136,91,,,,,,25,,,263,75,,92,63,54,283,282,,,459,165,47,522,103,23,74,350,76,,98,,37,122,151,80,169,,,29,219,,,91,,,,,,,,,,,,,,,,,,,,,,,,,,,,,,,,,528,136,84,68,2,3,157,54,,,,,,67,,121,,,208,105,427,197,,,,,,,436,,,215,,142,42,,,,
2026-09-25T15:30:02+00:00,66,261,,,494,,,19,169,269,,144,,159,192,,,,,,,,,315,205,150,,41,,,14,920,,,12,168,,,,,,148,,84,,30,,,,,118,,397,,,,,44,18,,,,17,15,108,81,,,,,,,,262,,,102,171,298,99,187,131,200,,,,,,,,,,,,,,,,,,,,,,,,,,,,,,,,,,,,,,,,,,,,,,,,,,,,,,,,,,,,,,,,,,,,,,,,,,,,,,,,,,,,,,370,,309,,,,789,313,342,,188,,,,,,,,,,,,,81,,,17,41,474,,,,,,,,,,66,,,,,,441,,3,,137,,,,,,,,,,,,,,33,,,,,65,,,,,,160,231,,134,129,230,218,,394,24,,254,157,315,450,327,331,360,128,,179,332,45,,,,,,,,117,,,,,,,,,,,182,,14,4,,,,,,,13,150,232,,,,,,,,,,,,,,,,,,,,,,,,,,,171,71,31,88,1,,,149,,188,35,,294,133,,157,,,17,,107,9,1,30,197,,,158,51,109,781,3,132,34,24,210,208,61,851,147,277,109,184,31,,,,,,,,,,,,,,,,,,,,,,,,,,,,,,,,,,,,,,,,,,,,,,,,,,,,,133,311,465,169,46,523,,,,,,,,,,,,,,,,,,,,,,,,,,,,,,,,,,,,,,,,,,,,,,,,,,,,,533,135,82,63,1,6,,53,473,,106,,,65,,118,,,203,102,429,,,,,,,445,435,,,203,,138,41,,,,
2026-09-25T15:35:02+00:00,63,262,,,495,,,24,166,267,,142,,157,,,51,,,,,,442,317,208,148,,,,,12,,,,9,167,,174,,,105,,,,,31,,,,,120,,398,,94,,,,19,,,,16,13,104,,233,79,1,,,,,263,,,99,172,291,101,186,136,,145,,,,,20,,344,155,168,301,,158,,,131,,423,,,94,150,174,,158,,616,40,330,,,34,238,217,169,1018,,,,,100,88,717,127,213,448,54,103,329,,,,,,89,,,,,515,,,,,102,153,,,,,,,,,,,,,,,,,,,173,369,539,310,48,,,785,312,347,,191,265,405,,236,,,116,47,249,282,350,93,84,,155,17,35,477,,,,,,,,,,64,,,,,,442,,4,,,,,,,,,,,102,,,,,36,,,,,,,,,,,157,232,214,132,128,234,227,,393,27,,260,159,,460,329,334,346,130,,182,,48,,1296,,,,,,,,,,,,,,,,,,,,,,,,,,,,,,,,,,,,,,,,,,,,,,,,,,,,,,,,164,73,,,4,,62,154,365,,,,295,132,,,,,16,102,108,3,7,29,199,112,177,160,47,111,785,5,133,37,22,,201,,857,151,275,108,183,27,,,,,,,,,,,,,,,,,,,,,,480,74,132,82,631,,273,294,210,282,303,,,138,,,,,,,26,,,264,73,197,97,55,63,287,274,,313,479,175,47,537,,,,,,,,,,,,,,,,,,,,,,,,,,,,,,,,,,,,,,,,,,,,,,,,,,,,,535,136,75,59,-100,5,160,55,468,6,103,,,60,,116,,,,104,431,193,,,,,,449,432,120,,194,,,42,,,,
2026-09-25T15:40:01+00:00,68,263,47,,491,,,25,168,266,,138,,,193,,47,,,,,144,443,325,210,152,,35,,,11,922,,,11,166,,176,,,107,,,81,,,,,,,122,,,,95,,,47,,,,,,8,,,,,2,8,,,,265,3,,97,167,,,,,,,,,,,,,,,,,,,,,,,,,,,,,,,,,,,,,,,,,,,,,,,,,,,,,,,,,,,,,,,,,,,,,,,,,,,,,,,,,,,,,,,,,,163,360,542,313,53,,,786,314,343,,,,,,,,,,,,,,,,,158,17,32,485,,,,,,,,,,,,,,,,448,,3,70,136,,,,,,,,,103,,,,,,,,,,,,,,,,155,234,216,133,126,235,239,,390,30,,258,163,,,327,333,347,131,,183,,49,,,,,,,,,,,,,,,,,,,,,,,,,,,,,,,,,,,,,,,,,,,,,,,,,,,,,,,,,,156,75,30,87,3,,64,158,367,187,36,29,297,133,,153,,,,101,,9,5,,202,115,174,,49,110,787,6,,,,,,,,,,,,,,,,,,,,,,,,,,,,,,,,,,478,,,,,,271,291,222,,301,,,,,,,,,,30,,,265,72,193,96,,56,290,271,135,310,488,180,41,542,104,21,70,351,81,,100,13,27,112,141,86,166,,5,27,228,,,84,,,,,,,,,,,,,,,,,,,,,,,,,,,,,,,,,,,74,52,,9,162,,464,,,,,58,,117,,,202,105,429,192,,,,,,443,,,,184,,,43,,,,134
2026-09-25T15:45:01+00:00,66,262,,109,490,,,22,166,,,136,,,194,,45,,,,,,442,327,212,162,,32,,,12,928,,,10,,,178,,,,147,,80,,30,,,,,124,,,,96,,,,,,,185,17,5,97,,,78,4,,94,,,264,,,,168,286,108,193,143,199,143,,,,,13,3,350,138,169,303,,141,,306,138,207,422,,160,90,157,,,161,169,601,39,327,230,118,13,234,219,174,1023,,,,3,103,89,730,,215,452,,100,337,,,,,,92,,,,,516,,,,,104,160,,,,,,,,,,,,,,,,,,,159,352,544,,54,,,784,315,336,,195,267,402,,222,,102,111,48,247,283,336,83,89,,164,17,36,488,,,,,,,,,,53,,,,,,453,,2,69,,,,,,,,,,104,,,,,35,,,,,63,,,,,,,235,214,138,119,234,245,,389,31,,265,167,317,455,,,341,132,,,337,51,,,,,,343,,118,,,,,,,,,,,180,,15,3,,,,,,,14,,226,,,234,,,,,,,,,,,,,,,,,,,,,,,,151,77,31,85,,,65,159,370,190,,28,296,,,,,,,100,109,,9,28,,114,172,,47,112,792,5,,,25,206,202,62,865,144,,105,,30,,,,,,,,,,,,,,,,,,,,,,,,133,,,,,,,,,,,133,89,,,,,,,,,,,,,,,,,133,314,492,178,,545,,22,66,352,85,40,102,15,26,114,142,82,,,3,28,225,,,82,,,,,,,,,,,,,,,,,,,,,,,,,,,,,,,,,540,137,71,47,,11,158,,460,,,,,56,,114,,,206,103,428,261,,,,,,440,431,,,187,,139,42,,,,133
2026-09-25T15:50:02+00:00,72,,,,494,,,19,164,265,,,,,185,,43,,,,,148,439,333,209,164,,27,,,13,925,27,,0,169,,180,,,,148,,,,,,,,,121,,,,95,,,46,,,,,16,0,91,80,,79,,,,,,267,,,95,162,,,,,,,,,,,,,,,,,,,,,,,,,,,,,,,,,,,,,,,,,,,,,,,,,,,,,,,,,,,,,,,,,,,,,,,,,,,,,,,,,,,,,,,,,,152,345,543,315,55,,,788,,331,,200,,,,,,,,,,,,,90,,160,17,31,478,,,,,,,,,,50,,,,,,455,,0,68,,,,,,,,,,,,,,,38,,,,,62,,,,,,151,237,218,,118,233,253,,390,33,,269,168,316,458,326,332,334,133,,188,334,49,,,,,,344,,116,,,,,,,,,,,178,29,,2,,,,,,,15,145,234,,,,,,,,,,,,,,,,,,,,,,,,,,,155,78,,87,6,,66,162,379,,,,299,130,36,155,,,15,,,,13,30,,120,174,161,48,113,795,,134,,23,207,193,60,876,147,,,184,28,,,,,,,,,,,,,,,,,,,,,,470,76,128,81,628,,276,294,248,277,300,,,128,,,,,,,29,,,263,66,201,97,53,65,291,266,138,317,496,179,42,557,105,,,,,,,,,,,,,,,,,,,,,,,,,,,,,,,,,,,,,,,,,,,,,,,,,,,,543,136,,32,,10,157,56,458,,,,,,,115,,,215,108,426,264,,,,,,439,420,,,188,,138,,,,,
2026-09-25T15:55:01+00:00,70,,46,110,492,,,,165,262,,138,,162,175,,39,,,,,153,441,334,211,167,,29,,,14,921,28,,,167,,179,,,108,,,79,,,,,,,119,,400,46,97,,,49,,,,,,,85,81,,80,,,,,,265,4,,,,285,113,197,139,,142,,,,,15,4,345,135,174,308,,120,,310,139,205,,1,162,86,164,180,,,167,575,40,345,231,117,,240,222,164,1027,,,440,23,105,90,734,125,208,451,55,96,353,,,,,,91,,,,,519,,,,,,164,,,,,,,,,,,,,,,,,,,141,346,544,313,53,,,779,,334,,195,,,,213,,101,102,,250,284,328,84,,,,,,,,,,,,,,,,44,,,,,,,,1,69,135,,,,,,,,,100,,,,,37,,,,,,,,,,,,,,,,,,,,,,,160,320,460,,329,323,134,,,341,43,,,,,,,,,,,,,,,,,,,,,,,,,,,,,,,,,,,,,,,,,,,,,,,,,,,,,,,,,,,,,,,,,,,,,,,,,,,,,,,,,,,,,,,,,,,,,,,,,,,,,,,,,,,,,,,,,,,,,,,,,,,457,,126,80,,,277,295,254,,298,,,127,,,,,,,,,,,64,199,99,44,56,290,261,,,,,,,,,,,,,,,,,,,,,,,,,,,,,,,,,,,,,,,,,,,,,,,,,,,,,,,,,,,546,135,77,20,,,153,55,,,,,,54,,114,,,216,,,,,,,,,436,416,,,189,,,43,,,,
2026-09-25T15:55:02+00:00,,,,,,,,,,,,,,,,,,,,,,,,,,,,,,,,,,,,,,,,,,,,,,,,,,,,,,,,,,,,,,,,,,,,,,,,,,,,,,,,,,,,,,,,,,,,,,,,,,,,,,,,,,,,,,,,,,,,,,,,,,,,,,,,,,,,,,,,,,,,,,,,,,,,,,,,,,,,,,,,,,,,,,,,,,,,,,,,,,,,,,,,,,,,,,,,95,,153,17,32,471,,,,,,,,,,,,,,,,,,,,,,,,,,,,,,,,,,,,,,,,,,,,,149,239,219,140,120,234,255,,391,,,,,,,,,,,,,,,,,,,,,,,,,,,,,,,,,,,,,,,,,,,,,,,,,,,,,,,,,,,,,,,,,,,,,,,,,77,33,,,143,,,375,200,,27,301,129,,153,,,14,,,7,18,28,205,125,176,162,50,116,,8,133,,22,204,196,,892,145,272,,,27,,,,,,,,,,,,,,,,,,,,,,,,,,,,,,,,,,,,,,,,,,,,,,,,,,,,,139,314,506,177,41,561,,20,72,347,,38,100,17,24,106,134,70,163,,,18,238,,,71,,,,,,,,,,,,,,,,,,,,,,,,,,,,,,,,,,,,,,,,,,,,,,,,,,,,,,,,,,,,,,,,,,,,,,,
2026-09-25T16:00:01+00:00,68,259,,,495,,,25,162,258,,133,,164,171,,256,,,,,155,439,332,210,166,,28,,,,929,,,,165,,178,,,107,,,80,,,,,,,,,401,,,,,,,,,,,,79,,232,,1,,,,,266,,,93,154,,,,,,,,,,551,11,1,340,125,176,312,,100,,311,138,,426,,161,84,161,184,5,160,,548,37,355,236,116,21,248,224,163,1039,,,442,25,,,,,,,,,,,,,,,,,,,,,,,,,,,,,,,,,,,,,,,,,,,,,143,344,,306,,,,776,,332,,196,,,,,,,,,,,,,94,,154,17,23,469,,,,,,,,,,42,,,,,,456,,,71,,,,,,,,,,,,,,,,,,,,61,,,,,,147,252,,139,122,,257,,388,32,,272,151,315,458,,326,301,,,190,337,45,,,,,,346,,115,,,,,,,,,,,168,28,14,5,,,,,,,,139,239,,,233,,,,,,,,,,,,,,,,,,,,,,,,153,79,32,85,8,,,,381,203,,,302,122,,155,,,15,101,112,5,23,27,204,,184,164,51,117,799,10,130,,20,203,,,889,143,273,103,,30,,,,,,,,,,,,,,,,,,,,,,,,,,,,,,,,,,,,,,,,,,,,,,,,,,,,,140,,520,179,45,556,,17,66,345,86,36,101,15,26,105,,65,,,,17,237,,,65,,,,,,,,,,,,,,,,,,,,,,,,,,,,,,,,,549,134,75,7,,,157,,,,,,,52,,113,,,208,110,427,261,,,,,,,415,,,186,,,44,,,,131
2026-09-25T16:05:01+00:00,72,257,45,,494,,,28,158,257,,128,,165,167,,251,,,,,152,435,333,213,,,24,,,,,,,,,,,,,108,150,,,,31,,,,,118,,400,,94,,,50,,,,,,,72,,,79,,,,,,265,3,,94,153,281,114,205,143,194,,,195,,,,,,,,,,,,,,,,,,,,,,,,,,,,,,,,,,,,,,107,100,745,134,209,455,,93,361,,,,,,87,,,,,522,,,,,109,163,,,,,,,,,,,,,,,,,,,130,338,543,295,,,,,,330,,201,268,390,,,142,106,93,49,251,283,318,87,98,,146,17,26,463,,,,,,,,,,36,,,,,,458,,0,,,,,,,,,,,102,,,,,40,,,,,,,,,,,145,256,221,136,123,236,262,,,34,,269,,316,462,325,330,288,,,,339,,,1293,,,,,,116,,,,,,,,,,,166,,17,4,,,,,,,,136,245,,,234,,,,,,,,,,,,,,,,,,,,,,,,150,,31,83,9,,,160,389,197,,,303,120,,157,,,,102,109,10,28,,205,123,188,165,55,121,,5,,,,202,184,59,899,134,270,102,,18,,,,,,,,,,,,,,,,,,,,,,445,,123,,626,,272,296,268,274,,,,129,88,,,,,,27,,,265,61,201,,47,57,293,260,143,318,526,,41,553,,,,,,,,,,,,,,,,,,,,,,,,,,,,,,,,,,,,,,,,,,,,,,,,,,,,,551,,70,-558,,5,159,56,457,,,,,51,,115,,,206,111,426,,,,,,,437,413,,,181,,143,135,,,,130
2026-09-25T16:10:01+00:00,75,255,,,496,1,,,149,,,127,,163,166,,244,,,,,157,436,337,217,173,,23,,,13,934,27,,,,,184,,,107,,,82,,30,,,,,,,,,,,,51,,,,,14,,73,82,,77,0,,,,,263,2,,,152,,,,,,,,,,,7,,342,122,175,311,1,89,,,143,,,,,,,179,1,,,539,38,349,235,117,13,246,,165,1043,,,,26,,,,,,,,,,,,,,,,,,,,,,,,,,,,,,,,,,,,,,,,,,,,,113,341,544,289,55,,,772,,,,191,,,,,,,,,,,,,101,,144,16,28,469,,,,,,,,,,35,,,,,,456,,3,73,136,,,,,,,,,103,,,,,39,,,,,59,,,,,,142,260,222,137,120,237,258,,,33,,272,160,314,471,,332,274,133,,197,334,48,,1291,,,,347,,,,,,,,,,,,,,32,12,5,,,,,,,,137,250,,,232,,,,,,,,,,,,,,,,,,,,,,,,,,,,,,,,,,,,,,,,,,,,,,,,,,,,,,,,,,,,,,,,,,,,,,,,,,,,,,,,,,,,,,,,,443,77,121,81,625,,269,298,279,271,,,,135,87,,,,,,23,,,262,59,200,103,42,65,291,,,,,,,,,,,,,,,,,,,,,,,,,,,,,,,,,,,,,,,,,,,,,,,,,,,,,,,,,,,,,,66,1,,,160,,449,,,,,54,,113,,,199,,425,259,,,,,,438,408,,,180,,144,136,,,,
2026-09-25T16:10:02+00:00,,,,,,,,,,,,,,,,,,,,,,,,,,,,,,,,,,,,,,,,,,,,,,,,,,,,,,,,,,,,,,,,,,,,,,,,,,,,,,,,,,,,,,,,,,,,,,,,,,,,,,,,,,,,,,,,,,,,,,,,,,,,,,,,,,,,,,,,,,,,,,,,,,,,,,,,,,,,,,,,,,,,,,,,,,,,,,,,,,,,,,,,,,,,,,,,,,,,,,,,,,,,,,,,,,,,,,,,,,,,,,,,,,,,,,,,,,,,,,,,,,,,,,,,,,,,,,,,,,,,,,,,,,,,,,,,,,,,,,,,,,,,,,,,,,,,,,,,,,,,,,,,,,,,,,,,,,,,,,,,,,154,83,,,15,,70,,391,199,,,,,,,7,,,,112,21,34,28,207,124,192,167,54,122,801,6,131,36,16,201,172,60,904,124,266,100,,9,,,,,,,,,,,,,,,,,,,,,,,,,,,,,,,,,,,,,,,,,,,,,,,,,,,,,146,319,527,180,34,548,106,,,,,,,,,,,,,,,,,,,,,,,,,,,,,,,,,,,,,,,,,,,,,,,,,,,,,,,,,,,,,,,,,,,,,,,,,,,,,,,,,,,,,,,,,,
2026-09-25T16:15:02+00:00,74,254,43,,487,2,,32,153,260,,130,235,165,161,,239,,,,,158,439,342,,178,,21,,,14,949,26,,,161,,183,,,110,148,,,,,,,,,120,,399,,,,,,18,,,,,,66,,,79,1,,,,,266,,,,150,286,118,212,149,,147,,,,552,10,12,347,106,174,326,,54,221,314,155,184,425,,,77,164,184,,158,169,496,35,338,246,118,51,249,225,173,1042,,,,25,105,107,743,137,210,461,56,92,,,,,,,78,,,,,524,,,,,111,164,,,,,,,,,,,,,,,,,,,112,339,545,286,,,,770,316,323,,197,269,385,,189,146,101,88,46,247,,311,78,,,150,16,,460,,,,,,,,,,31,,,,,,,,4,72,137,,,,,,,,,104,,,,,,,,,,57,,,,,,137,271,223,139,124,239,259,,384,37,,273,165,316,478,,337,266,134,,199,340,50,,1281,,,,351,,118,,,,,,,,,,,161,23,13,4,,,,,,,13,131,,,,236,,,,,,,,,,,,,,,,,,,,,,,,168,90,30,80,25,,69,161,,196,,,300,116,37,159,,,,100,120,30,37,29,208,129,198,,55,,804,10,,38,13,197,167,,917,122,263,93,,11,,,,,,,,,,,,,,,,,,,,,,433,74,123,,620,,267,,271,273,301,,,138,89,,,,,,22,,,267,56,199,99,40,68,,,148,320,535,177,40,566,,,71,341,90,38,103,,21,89,104,55,151,,,14,228,,,58,,,,,,,,,,,,,,,,,,,,,,,,,,,,,,,,,552,132,61,2,,13,161,55,444,11,117,307,,52,,114,,14,207,109,422,254,,,,,,440,400,121,,184,,143,135,,,,128
2026-09-25T16:20:01+00:00,,248,40,,477,,,34,155,,,131,,166,167,,236,,,,,162,442,343,214,172,,23,,,10,947,,,,160,,186,,,108,150,,,,29,,,,,119,,401,,,,,,,,,184,13,,60,,,77,,,,,,265,1,,,157,,,,,,,,,,,,,,,,,,,,,,,,,,,,,,,,,,,,,,,,,,,,,,,,,,,,,,,,,,,,,,,,,,,,,,,,,,,,,,,,,,,,,,,,,,109,337,,273,54,,,766,317,321,,204,,,,,,,,,,,,,103,,152,16,29,457,,,,,,,,,,28,,,,,,452,,5,,,,,,,,,,,103,,,,,41,,,,,,,,,,,136,275,227,138,123,,258,,385,36,,,168,313,480,,339,254,,,200,345,52,,1279,,,,,,,,,,,,,,,,,160,28,12,,,,,,,,,133,252,,,228,,,,,,,,,,,,,,,,,,,,,,,,167,96,31,79,30,,70,160,393,206,37,,302,114,,157,6,,16,101,125,35,42,,,132,197,168,54,,,11,129,40,,199,158,61,918,114,255,92,,9,,,,,,,,,,,,,,,,,,,,,,429,,124,,,,269,302,274,,,,,139,88,,,,,,,,,268,54,198,,31,74,,261,,322,544,,41,579,108,,,,,,,,,,,,,,,,,,,,,,,,,,,,,,,,,,,,,,,,,,,,,,,,,,,,556,,60,-558,1,16,167,54,441,16,110,,,46,,109,,16,,111,421,260,,,,,,443,396,,,193,,144,134,,,,127
2026-09-25T16:25:02+00:00,77,246,39,,480,4,,39,150,258,,125,,160,174,,233,,,,,158,445,345,210,174,,22,,,12,943,,,,159,,191,,,112,,,,,30,,,,,120,,403,,,,,,,,,,14,,50,,,80,,,,,,266,0,,,160,,117,218,146,198,151,,,,,,13,349,98,,330,,51,,316,154,183,423,1,,76,165,186,,159,,481,,340,248,,30,251,,176,1051,,,,26,,106,746,134,217,464,55,88,362,,,,,,,,,,,528,,,,,119,161,,,,,,,,,,,,,,,,,,,88,328,547,253,55,,,753,313,320,,205,268,374,,174,,99,81,,246,279,295,73,102,,153,16,,459,,,,,,,,,,31,,,,,,453,,,,135,,,,,,,,,101,,,,,40,,,,,60,,,,,,132,288,228,137,122,,267,,386,38,13,272,174,315,489,326,342,248,,,203,343,53,,1269,,,,354,,119,,,,,,,,,,,,26,13,5,,,,,,,,129,253,,,223,,,,,,,,,,,,,,,,,,,,,,,,161,105,33,76,42,142,,157,402,208,,28,301,112,,,,,,102,138,53,44,,209,136,192,169,56,124,808,14,131,41,16,202,156,63,914,112,,90,,8,,,,,,,,,,,,,,,,,,,,,,,72,,80,616,,273,300,280,270,302,,,144,,,,,,,25,,,271,50,199,106,25,67,294,263,154,324,549,173,46,582,,,,,,,,,,,,,,,,,,,,,,,,,,,,,,,,,,,,,,,,,,,,,,,,,,,,,,133,58,,-100,20,170,,438,14,113,,,43,,106,,15,206,110,418,256,,,,,,447,402,,,191,,,132,,,,
2026-09-25T16:30:01+00:00,80,232,,,487,5,,40,153,,,124,,,170,,234,,,,,157,,,207,175,,21,,,9,942,27,,,154,,195,,,116,,,,,29,,,,,,,405,45,,,,,,,,185,,,36,,,,4,,,,,267,,,,158,,,,,,,,,,,9,12,344,83,176,320,,33,,317,156,182,424,,158,72,169,192,2,157,170,464,32,349,247,117,15,246,,173,1053,,,,27,,,,,,,,,,,,,,,,,,,,,,,,,,,,,,,,,,,,,,,,,,,,,76,325,548,228,54,,,744,312,323,,210,,,,,,,,,,,,,,,,16,26,465,,,,,,,,,,27,,,,,,456,,7,75,,,,,,,,,,98,,,,,,,,,,,,,,,,131,301,,,120,240,273,,387,39,,271,172,,495,327,,238,135,,204,340,56,,1249,,,,,,,,,,,,,,,,,,,,,,,,,,,,,,,,,,,,,,,,,,,,,,,,,,,,,,,,157,109,34,75,44,,69,159,400,214,,29,302,109,,155,,,,,147,61,50,,,140,193,,,123,,,132,40,10,200,147,64,918,114,258,87,185,0,,,,,,,,,,,,,,,,,,,,,,,,,,,,,,,,,,,,,,,,,,,,,,,,,,,,,150,328,560,172,42,575,109,,72,,91,42,102,14,25,71,108,45,136,,,17,235,,,50,,,,,,,,,,,,,,,,,,,,,,,,,,,,,,,,,,,53,,1,,177,,429,15,109,308,,40,,102,,,203,111,,258,,,,,,,396,,,188,,149,,,,,
2026-09-25T16:35:02+00:00,86,222,36,,490,,,39,154,257,,123,234,163,,,231,,,,,164,444,347,203,184,,19,,,11,941,,,,,,197,,,120,,,,,30,,,,,118,,404,,95,,,52,19,,,,13,,35,,231,78,0,9,,,,265,,,98,156,280,124,221,145,193,153,,,,,,,,,,,,,,,,,,,,,,,,,,,,,,,,,,,,,,,,,111,760,,214,465,,84,365,,,,,,70,,,,,529,,,,,125,158,,,,,,,,,,,,,,,,,,,61,320,547,208,,,,732,313,,,215,,362,,170,,100,84,,244,281,288,59,101,,156,17,28,464,,,,,,,,,,31,,,,,,462,,9,73,,,,,,,,,,,,,,,42,,,,,61,,,,,,,303,230,,125,241,282,,,,,272,174,312,498,328,344,228,,,,339,55,,,,,,,,,,,,,,,,,,,163,28,16,6,,,,448,,,14,130,257,,,222,,,,,,,,,,,,,,,,,,,,,,,,149,112,33,76,55,,,,403,209,,,300,108,,154,,,,,148,68,,,,,190,171,59,,,15,133,,,,146,,934,100,256,82,186,,,,,,,,,,,,,,,,,,,,,,,431,,123,,,,274,304,277,269,304,,,145,89,,,,,,,,,268,47,201,103,7,76,296,262,153,326,561,173,,577,,,,,,,,,,,,,,,,,,,,,,,,,,,,,,,,,,,,,,,,,,,,,,,,,,,,,558,,49,,2,17,175,52,419,20,105,,,31,,100,,14,205,117,424,254,,,,,,450,,,,198,,151,133,,,,
2026-09-25T16:40:02+00:00,95,211,34,112,489,7,,49,151,254,,121,,170,162,,228,,,,,167,443,,208,195,,20,,,10,944,,,,,,,,,117,,,,,29,,,,,,,405,43,,,,51,,,,,,,22,83,,77,1,10,96,,,260,,,99,143,,,,,,,,,,553,,17,341,76,172,323,,2,,316,152,181,425,,157,70,170,188,18,156,167,430,28,344,253,,7,249,,175,1070,,,443,23,103,114,767,,,466,,82,364,,,,,,73,,,,,530,,,,,122,161,,,,,,,,,,,,,,,,,,,54,313,,195,,,,724,311,319,,216,,,,,,,,,,,,,103,,159,16,19,456,,,,,,,,,,29,,,,,,466,,10,,,,,,,,,,,99,,,,,,,,,,,,,,,,128,311,233,136,127,,288,,392,38,,275,182,313,510,,345,217,136,,202,338,59,,1229,,,,352,,,,,,,,,,,,,157,24,,4,,,,450,,,13,122,265,,,213,,,,,,,,,,,,,,,,,,,,,,,,133,114,32,74,58,,,161,410,207,,,,,38,151,,,15,101,149,76,62,,210,138,188,,63,124,809,16,,42,,,,,,,,,,,,,,,,,,,,,,,,,,,,,,,,428,69,120,,615,,273,,,262,309,,,149,92,,,,,,26,,,,45,200,106,,77,289,269,156,322,563,176,40,591,107,,,,,,,,,,,,,,,,,,,,,,,,,,,,,,,,,,,,,,,,,,,,,,,,,,,,560,132,46,,-100,22,177,,404,22,103,,,25,,96,,11,202,120,426,,,,,,,,399,,,200,,,132,,,,125
2026-09-25T16:45:01+00:00,97,209,33,,490,11,,,,260,,125,,176,164,,225,,,,,,445,351,212,194,,18,,,8,,,,,148,,195,,,,,,,,28,,,,,,,,,,,,,,,,,12,,21,,232,78,,,94,,,,,,96,135,277,129,224,147,191,158,,,,552,,8,,57,173,320,,,,318,146,180,,,158,63,160,193,20,155,168,389,23,336,257,116,17,255,228,174,1083,,,444,16,,,,,,,,,,,,,,,,,,,,,,,,,,,,,,,,,,,,,,,,,,,,,46,308,548,179,57,,,718,313,,,220,,354,,160,149,113,80,,,277,280,45,,,160,15,23,461,,,,,,,,,,34,,,,,,468,,9,,,,,,,,,,,,,,,,44,,,,,63,,,,,,127,313,234,,130,242,295,,388,40,,279,179,309,516,326,344,210,137,,203,340,,,,,,,,,,,,,,,,,,,,,,,,,,,,,,,,,,,,,,,,,,,,,,,,,,,,,,,,,,,126,115,31,72,,,,158,414,203,,,296,107,,147,,,,,145,83,67,28,,140,,170,66,,810,20,132,43,9,203,145,,936,97,,79,,1,,,,,,,,,,,,,,,,,,,,,,,,,,,,,,,,,,,,,,,,,,,,,,,,,,,,,160,317,566,177,45,603,110,,68,,93,37,99,11,24,55,97,31,122,,2,22,242,,,41,,,,,,,,,,,,,,,,,,,,,,,,,,,,,,,,,559,134,42,,,26,175,50,396,28,96,,,26,,91,,,206,121,425,,,,,,,451,398,,,,,154,,,,,126
2026-09-25T16:50:02+00:00,101,203,30,,495,,,47,155,,,126,,177,165,,221,,,,,,,,210,192,,,,,10,953,,,,146,,206,,,118,151,,,,29,,,,,116,,,45,,,,,,,,186,11,,17,,,79,,,,,,265,,,,124,,,,,,,,,,,,,,,,,,,,,,,,,,,,,,,,,,,,,,,,,,,,,,105,120,778,133,216,467,,,371,,,,,,63,,,,,531,,,,,121,165,,,,,,,,,,,,,,,,,,,43,299,546,156,,,,704,318,329,,225,,,,,,,,,,,,,106,,161,15,19,471,,,,,,,,,,27,,,,,,473,,10,72,136,,,,,,,,,102,,,,,45,,,,,,,,,,,124,317,232,,133,244,299,,381,,,281,186,306,527,325,345,200,,,202,341,61,,1202,,,,355,,120,,,,,,,,,,,149,22,17,3,,,,,,,10,,262,,,199,,,,,,,,,,,,,,,,,,,,,,,,121,117,30,70,,,,,412,196,,,,106,,141,,,14,,,84,76,,,143,189,171,65,127,,22,,,8,200,140,65,925,95,258,73,,4,,,,,,,,,,,,,,,,,,,,,,423,68,121,79,606,,276,296,281,260,,,,148,91,,,,,,25,,,271,40,204,108,,76,,270,155,311,572,179,39,600,111,,,,,,,,,,,,,,,,,,,,,,,,,,,,,,,,,,,,,,,,,,,,,,,,,,,,558,133,40,,,22,178,52,390,39,91,307,,23,,82,,9,204,,422,253,,,,,,454,388,122,,205,,156,136,,,,
2026-09-25T16:55:02+00:00,,197,28,113,503,9,,48,,259,,,,180,170,,218,,,,,,443,,,,,,,,,,,,,,,,,,,,,,,,,,,,,,,,,,,,,,,,,,,,,,,,,,,,,,,,270,138,232,145,189,160,,,,,,12,338,44,,313,,,,316,141,181,,1,157,57,164,194,25,,169,375,24,341,196,,5,257,226,172,1087,,,446,,106,125,783,136,212,,54,74,375,,,,,,,,,,,,,,,,,,,,,,,,,,,,,,,,,,,,29,288,549,135,58,,,684,323,338,,232,,351,,145,,114,74,48,246,283,254,28,110,,158,16,17,482,,,,,,,,,,25,,,,,,471,,9,71,137,,,,,,,,,103,,,,,46,,,,,,,,,,,117,320,233,,,245,303,,376,36,,282,184,,530,,341,187,138,,,338,62,,,,,,,,,,,,,,,,,,,,,,,,,,,,,,,,,,,,,,,,,,,,,,,,,,,,,,,,,,118,119,28,,59,,,157,417,197,,,292,104,,139,,,,,,,82,30,,148,,,66,,812,23,133,,11,198,141,,,88,254,65,,0,,,,,,,,,,,,,,,,,,,,,,,,122,,,,,,,,,,,146,93,,,,,,,,,,,,109,,69,287,,151,314,576,178,40,602,110,,,,,,,,,,,,,,,,,,,,,,,,,,,,,,,,,,,,,,,,,,,,,,,,,,,,559,134,35,,,20,177,54,,38,90,308,,18,,70,,7,201,123,420,,,,,,,464,385,,,206,,160,135,,,,
2026-09-25T17:00:02+00:00,106,192,24,,506,8,,49,,257,,124,235,179,168,,216,,,,,166,442,353,204,202,,9,,,,966,,,,145,,208,,,115,150,,80,,,,,,,,,407,,94,,,52,,,,,,,12,,233,78,0,,93,,,,,,95,106,,,,,,,,,,553,,4,332,15,178,316,,,222,319,140,,424,,,55,162,185,8,,168,324,15,353,199,,1,263,227,,1100,,,447,15,,,,,,,,,,,,,,,64,,,,,533,,,,,,163,,,,,,,,,,,,,,,,,,,14,283,548,114,57,,,667,328,,,,,,,,,,,,,,,,,,156,14,12,479,,,,,,,,,,27,,,,,,472,,11,,136,,,,,,,,,102,,,,,47,,,,,,,,,,,113,,235,,139,246,307,,370,31,,286,186,,533,326,342,167,,,206,336,64,,1194,,,,,,,,,,,,,,,,,142,,14,4,,,,449,,,12,123,263,,,190,,,,,,,,,,,,,,,,,,,,,,,,107,121,27,62,65,143,70,161,422,180,,28,286,98,39,140,,,,100,144,85,0,,211,149,187,172,68,128,814,24,,,,,,,,,,,,,,,,,,,,,,,,,,,,,,,,,,420,,125,80,603,,,292,297,256,312,,,144,92,,,,,,,,,272,,205,110,,70,285,271,147,,585,,41,607,109,,,,,,,,,,,,,,,,,,,,,,,,,,,,,,,,,,,,,,,,,,,,,,,,,,,,560,,25,,,25,,55,,40,,,,9,,68,,,200,124,423,,,,,,,466,383,,,198,,166,137,,,,123
2026-09-25T17:05:02+00:00,112,185,25,,,11,,46,156,,,119,236,,173,,215,,,,,167,443,,200,207,,23,,,11,973,,,,,,212,,,,151,,78,,30,,,,,,,408,,,,,,,,,185,,,13,85,,75,,,95,,,266,,,94,92,263,152,238,144,191,159,,,,,,,,,,,,,,,,,,,,,,,,,,,,,,,,,,,,,,,,105,,787,141,214,,53,70,377,,,,,,,,,,,,,,,,,,,,,,,,,,,,,,,,,,,,,277,,92,,,,650,335,349,,242,267,350,,136,148,112,67,46,248,281,229,42,111,,153,14,8,,,,,,,,,,,32,,,,,,475,,10,70,,,,,,,,,,103,,,,,,,,,,62,,,,,,112,322,238,135,142,245,313,,372,32,,288,,301,538,,340,151,,,,337,65,,1178,,,,356,,,,,,,,,,,,,138,,,6,,,,448,,,,120,267,,,188,,,,,,,,,,,,,,,,,,,,,,,,91,,23,52,67,,69,160,424,173,,,288,93,37,136,,,,,147,92,,,214,153,188,,72,129,815,26,,,10,196,129,,941,78,246,46,,,,,,,,,,,,,,,,,,,,,,,,424,69,119,77,602,,273,288,310,250,317,,,145,98,,,,,,19,,,267,29,210,113,,66,282,277,139,,593,173,47,618,103,,64,343,96,24,95,12,25,49,88,16,96,,1,19,,,,,,,,,,,,,,,,,,,,,,,,,,,,,,,,,,,,,,,22,,,27,185,56,387,46,93,,,-420,,63,,4,194,128,,250,,,,,,470,375,123,,213,,,,,,,120
2026-09-25T17:10:01+00:00,115,175,,,504,14,,48,154,254,,112,,183,,,,,,,,,,,,,,,,,,,,,,,,,,,,,,,,,,,,,,,,,,,,,,,,,,,,,,,,,,,,,,,,,,,,,,,,,,,,,,,,,,,,,,,,,,,,,,,,,,,,,,,,,,,,,,,,,,,,,,,,,,,,,,,,,,,,,,,,,,,,,,,,,,,,,,,,,,,,,,,,,,,,,,,,,,,,,,,,,,,,,,,,,,,,,,,,,,,,,,,,,,,,,,,,,,,,,,,,,,,,,,,,,,,,,,,,,,,,,,,290,188,303,540,325,338,142,,,205,,63,,,,,,,,,,,,,,,,,,,,,,,,,,,,,,,,,,,,,,,,,,,,,,,,,,,,,,,,,,,,,,,,,,,,,,,,,,,,,,,,,,,,,,,,,,,,,,,,,,,,,,,,,,,,,,,,,,,,,,,,,,,,,,,,,,,,,,,,,,,,,,,,,,,,,,,,,,,,,,,,,,,,,,,,,,,,,,,,,,,,,,,,,,,,,,,,,,,,,,,,,,,,,,,,,,,,,,,,,,,,,,,,,,,,,,,,,,,,,,,,,,,,,,,,,,
2026-09-25T17:10:02+00:00,,,,,,,,,,,,,,,,,205,,,,,166,,356,198,206,,,,,,976,,,,146,,213,,,116,,,,,,,,,,,,407,44,,,,,18,,,,,,14,,,74,,9,,,,267,,,95,88,,,,,,,,,,,,2,326,,,320,,,,317,148,182,,,,56,,175,7,154,169,293,10,354,,115,,261,,173,1105,,,446,9,,,,,,,,,,,,,,,68,,,,,532,,,,,128,,,,,,,,,,,,,,,,,,,,,274,547,72,,,,630,342,352,,251,,,,,,,,,,,,,110,,149,15,9,473,,,,,,,,,,22,,,,,,481,,9,67,137,,,,,,,,,,,,,,,,,,,61,,,,,,101,330,239,136,141,,320,,370,30,,,,,,,,,,,,,,,,,,,357,,124,,,,,,,,,,,133,24,15,4,,,,450,,,13,127,266,,,187,,,,,,,,,,,,,,,,,,,,,,,,92,120,,51,69,,,162,,,,,286,90,,,,,,,146,95,,31,215,155,,,,,816,,132,45,,,,,,,,,,,,,,,,,,,,,,,,,,,,,,,,,,,,,,,,,,,,,,,,,,,,,,,,,,,,,,,142,313,600,,44,631,104,,,,,,,,,,,,,,,,,,,,,,,,,,,,,,,,,,,,,,,,,,,,,,,,,,,,556,,15,,,24,184,,386,52,91,,,,,60,,3,186,,417,248,,,,,,473,379,,,,,170,136,,,-370,116
2026-09-25T17:15:02+00:00,117,172,22,,507,15,,44,157,,,105,238,185,182,,203,,,,,167,445,359,,215,,22,,,12,978,,,,,,217,,,,,,,,,,,,,,,406,46,,,,51,,,,,,,16,,,,,10,94,,,,,,94,79,259,160,245,139,188,158,,,,,,,,,,,,,,,,,,,,,,,,,,,,,,,,,,,,,,,,,138,781,146,212,468,52,68,375,,,,,,,,,,,,,,,,,,,,,,,,,,,,,,,,,,,,,266,546,69,59,,,612,350,360,,258,,349,,123,151,113,70,43,247,282,213,25,,,147,16,,479,,,,,,,,,,,,,,,,484,,,66,138,,,,,,,,,104,,,,,45,,,,,,,,,,,90,341,,,143,246,326,,365,,,,198,300,549,,339,123,,,207,339,66,,1173,,,,,,125,,,,,,,,,,,135,25,16,2,,,,449,,,,130,267,,,184,,,,,,,,,,,,,,,,,,,,,,,,96,121,24,,72,,68,161,432,174,,29,282,89,,130,,,13,,147,101,,32,216,159,187,173,77,,,27,,47,,197,,66,943,73,240,41,,1,,,,,,,,,,,,,,,,,,,,,,425,71,117,,605,,277,,319,246,318,,,143,99,,,,,,20,,,266,23,214,117,15,57,285,281,143,314,611,171,46,635,105,18,65,344,,26,88,16,17,59,87,0,90,,2,,,,,48,,,,,,,,,,,,,,,,,,,,,,,,,,,,,,,,,555,131,9,,,22,187,57,383,54,88,,,,,50,,6,180,132,420,247,,,,,,477,374,,,209,,174,135,,,,115
2026-09-25T17:20:01+00:00,119,169,21,,505,,,43,162,248,,96,239,,,,201,,,,,,447,364,204,221,,24,,,19,982,25,,,144,,218,,,114,,,,,29,,,,,,,,45,,,,52,,,,,12,,17,,232,69,,,95,,,,,,,76,,,,,,,,,,,,,323,,181,323,,1,,312,142,,423,,158,47,156,180,,153,171,246,4,361,201,114,,268,233,178,1116,,,447,,,,,,,,,,,,,,,,,,,,,,,,,,132,,,,,,,,,,,,,,,,,,,,,255,545,67,,,,595,358,366,,269,,,,,,,,,,,,,111,,146,16,12,495,,,,,,,,,,21,,,,,,487,,,65,,,,,,,,,,,,,,,,,,,,62,,,,,,79,348,,134,,247,332,,363,31,,,200,298,556,326,,104,,,208,342,65,,,,,,,,,,,,,,,,,,,,,,,,,,,,,,,,,,,,,,,,,,,,,,,,,,,,,,,,,,91,122,23,50,71,,,,433,173,,,284,87,,129,,,,98,,99,,,,160,184,174,79,130,,28,134,48,11,196,119,,947,70,245,37,187,0,,,,,,,,,,,,,,,,,,,,,,427,,118,79,610,,276,,329,,325,,,,100,,,,,,22,,,267,24,215,120,,56,287,278,142,,626,173,43,633,103,,60,,,28,,17,20,57,85,,85,,,18,245,,,45,,,,,,,,,,,,,,,,,,,,,,,,,,,,,,,,,554,128,10,,2,14,184,,385,62,85,310,,,,45,,3,,134,415,243,,,,,,480,368,124,,208,,176,,,,,114
2026-09-25T17:25:02+00:00,123,167,,114,500,12,,42,164,249,,90,240,,181,,195,,,,,,448,366,207,,,23,,,18,989,,,,143,,,,,116,,,77,,31,,,,,,,407,47,,,,,,,,,11,,,,233,70,,,96,,,,,,,77,251,168,248,138,187,164,,,,,,,316,,177,319,,,,,146,183,425,,155,38,165,176,9,151,173,194,,376,203,115,1,282,236,182,1123,,,448,,106,140,788,148,223,,53,65,374,,,,,,,,,,,,,,,,,,,,,,,,,,,,,,,,,,,,,254,543,61,,,,585,365,368,,271,,347,,117,153,116,69,42,250,,208,20,112,,140,16,,,,,,,,,,,,17,,,,,,488,,8,62,,,,,,,,,,103,,,,,,,,,,63,,,,,,66,350,237,135,148,,335,,365,30,14,294,205,301,562,,,87,,,212,337,,,,,,,,,127,,,,,,,,,,,134,26,20,5,,,,450,,,,129,270,,,180,,,,,,,,,,,,,,,,,,,,,,,,85,,,46,,,,158,436,167,,30,,82,38,123,,,,99,145,106,,31,214,,,,78,131,,31,,,13,197,114,,964,60,236,30,,1,,,,,,,,,,,,,,,,,,,,,,430,70,117,81,604,,277,290,341,240,330,,,144,101,,,,,,20,,,269,18,219,127,,59,290,281,140,,624,175,42,642,,,,,,,,,,,,,,,,,,,,,,,,,,,,,,,,,,,,,,,,,,,,,,,,,,,,,555,127,5,,1,13,188,61,,66,79,314,,,,40,,,173,135,413,242,,,,,,482,371,,,225,,177,137,,,,
2026-09-25T17:30:02+00:00,127,169,22,,497,14,,41,159,,,88,,187,183,,192,,,,,,449,,214,217,,18,,,17,997,,,,,,219,,,118,152,,,,,,,,,115,,,,,,,53,19,,,,,,16,,,,,,97,,,275,,,,,,,,,,,,,,,1,4,312,,,,,,,311,161,182,424,,154,36,168,177,15,,172,170,,378,205,,,281,,181,1125,,,,,,144,794,149,225,470,,63,372,,,,,,64,,,,,,,,,,130,170,,,,,,,,,,,,,,,,,,,,251,544,58,61,,,572,370,372,,264,,,,,,,,,,,,,114,,133,16,14,503,,,,,,,,,,26,,,,,,493,,,64,,,,,,,,,,104,,,,,,,,,,64,,,,,,58,351,236,,,,341,,,32,,299,207,,572,325,341,80,,,214,339,66,,,,,,355,,,,,,,,,,,,,137,,16,6,,,,449,,,,130,276,,,178,,,,,,,,,,,,,,,,,,,,,,,,83,121,20,44,69,,,162,441,166,,,281,79,,120,,,,,,109,,,,162,185,,79,133,815,32,135,,,198,106,,965,53,239,25,,,,,,,,,,,,,,,,,,,,,,,,,,,,,,,,,,,,,,,,,,,,,,,,,,,,,,,142,,628,174,45,652,105,22,55,345,100,29,93,15,17,61,76,4,74,,0,20,252,,,58,,,,,,,,,,,,,,,,,,,,,,,,,,,,,,,,,,124,4,,,14,193,,379,72,88,316,,,,37,,2,162,139,415,,,,,,,481,369,,,230,,,,,,6,112
2026-09-25T17:35:02+00:00,133,,,,496,16,,40,163,253,,83,,,189,,187,,,,,166,,368,211,230,,17,,,16,1016,,,,,,223,,,117,,,76,,29,,,,,,,409,,,,,52,,,,,,,19,,,,,,,,,281,,,99,78,258,178,250,134,186,165,,194,,,,,,,,,,,,,,,,,,,,,,,,,,,,,,,,,,,,,,,,,,,,,,,,,,,,,,,,,,,,,,,,,,,,,,,,,,,,,,,,,,,250,,56,62,,,569,379,382,,270,,346,,106,155,132,87,41,249,281,207,13,119,,131,15,,511,,,,,,,,,,17,,,,,,495,,,,139,,,,,,,,,,,,,,,,,,,66,,,,,,37,352,233,131,147,249,348,,364,33,,300,208,304,575,326,338,74,137,,215,340,65,,,,,,,,128,,,,,,,,,,,134,25,15,5,,,,450,,,,134,281,,,180,,,,,,,,,,,,,,,,,,,,,,,,72,120,18,,67,,,160,444,170,,,,73,39,,,,,98,144,110,,,209,166,182,,77,,813,35,,45,,199,102,,975,50,243,22,188,0,,,,,,,,,,,,,,,,,,,,,,,69,110,,593,,280,287,360,242,341,,,143,103,,,,,,21,,,268,15,227,129,,61,294,283,138,313,636,172,39,658,,,,,,,,,,,,,,,,,,,,,,,,,,,,,,,,,,,,,,,,,,,,,,,,,,,,,556,,10,,6,21,199,62,382,79,92,318,,,,36,,4,157,141,,245,,,,,,482,370,,,242,,,135,,,9,
2026-09-25T17:40:01+00:00,,171,21,,,17,,47,159,258,,79,,189,192,,183,,,,,167,451,369,217,237,,19,,,18,1021,,,,,,225,,,,,,,,31,,,,,113,,,46,,,,53,,,,186,,,25,86,232,69,,,,,,285,,,97,81,,,,,,,,,,551,,7,,2,175,323,,,223,310,158,183,425,,153,29,169,180,10,,,147,2,382,204,,3,277,,178,1129,,,,,105,154,788,150,231,468,54,53,,,,,,,61,,,,,533,,,,,129,175,,,,,,,,,,,,,,,,,,,,253,,57,63,,,559,385,394,,274,,,,,,,,,,,,,121,,134,15,17,532,,,,,,,,,,11,,,,,,498,,,60,,,,,,,,,,105,,,,,,,,,,,,,,,,26,,231,,,248,351,,360,31,,,211,309,578,325,337,61,,,,342,67,,,,,,,,,,,,,,,,,,,,,,,,,,,,,,,,,,,,,,,,,,,,,,,,,,,,,,,,,,69,119,19,,,,,161,445,167,,,282,,,117,,,,,140,111,,,204,164,181,,,,,,136,,,,,,,,,,,,,,,,,,,,,,,,,,,,,,,,,,,,,,,,,,,,,,,,,,,,,,,,,,,,,,,,136,315,642,175,45,666,,,,,,,,,,,,,,,,,,,,,,,,,,,,,,,,,,,,,,,,,,,,,,,,,,,,,,125,9,,2,19,205,,387,,,,,,,28,,,151,143,414,244,,,,,,483,372,,,243,,,134,,,21,
2026-09-25T17:45:01+00:00,131,,,113,498,16,,,162,262,,76,,191,206,,178,,,,,,452,370,226,250,,,,,,1033,,,,142,,230,,,115,153,,,,,,,,,112,,408,48,,,,,,,,,,,,,234,,1,,,,,294,,,100,82,252,182,248,137,184,167,,195,,,1,14,305,,172,325,,,,,166,189,423,,152,16,167,173,23,,170,125,1,397,203,,10,283,235,177,1136,,,,,,,,,,,,,,,,,,,,,,,,,,,,,,,,,,,,,,,,,,,,,,,,,,258,545,55,,,24,550,388,402,,277,,344,,115,156,137,88,,250,,211,,119,,131,15,20,548,,,,,,,,,,16,,,,,,,,,58,,,,,,,,,,104,,,,,,,,,,65,,,,,,21,355,230,134,148,,355,,,33,,302,216,312,584,322,335,37,,,217,343,66,,1174,,,,357,,129,,,,,,,,,,,136,27,19,4,,,,,,,,129,277,,,176,,,,,,,,,,,,,,,,,,,,,,,,63,120,17,41,70,144,69,162,444,,,,281,70,,116,,,14,97,132,112,,32,,,185,,76,,810,42,137,,12,197,94,,996,47,247,,,,,,,,,,,,,,,,,,,,,,,,,,68,107,,592,,281,288,367,238,342,,,145,105,,,,,,,,,,16,228,,,,297,287,137,318,647,,51,673,103,,,,,,,,,,,,,,,,,,,,,,,,,,,,,,,,,,,,,,,,,,,,,,,,,,,,557,126,12,,,14,208,63,388,,,,,,,26,,,149,,416,248,,,,,,482,373,,,253,,182,133,,,,115
2026-09-25T17:50:01+00:00,133,172,,,493,18,,,164,263,,77,,190,227,,170,,,,,,451,373,228,255,,20,,,19,1037,,,,,,235,,,117,,,75,,,,,,,114,,,,93,,,54,,,,,,,,,,68,0,,,,,296,,,102,77,,,,,,,,,,,,,,,,,,,,,,,,,,,,,,,,,,,,,,,,,,,,,,107,168,796,156,,471,,43,377,,,,,,71,,,,,534,,,,,131,181,,,,,,,,,,,,,,,,,,,,268,,51,,,26,548,391,414,,288,,,,,,,,,,,,,117,,130,15,,564,,,,,,,,,,25,,,,,,501,,,60,138,,,,,,,,,105,,,,,47,,,,,66,,,,,,14,,226,,147,,,,359,37,,299,215,,586,323,337,33,,,218,342,64,,,,,,,,,,,,,,,,,,,,,,,,,,,,,,,,,,,,,,,,,,,,,,,,,,,,,,,,,,62,121,,42,71,143,,160,445,,,28,278,66,,,,,,,130,116,,,201,163,184,,77,,812,43,138,44,10,196,96,67,1007,52,249,19,,,,,,,,,,,,,,,,,,,,,,,,432,,105,,582,,286,,385,,345,,,144,107,,,,,,22,,,270,14,231,,17,,298,,140,317,645,174,57,677,104,14,64,335,103,35,102,13,21,73,94,8,67,,,18,276,,,81,,,,,,,,,,,,,,,,,,,,,,,,,,,,,,,,,,127,9,,-100,27,215,62,389,,,,,,,27,,,146,146,417,252,,,,,,483,376,,,264,,183,134,,,39,114
2026-09-25T17:55:01+00:00,135,171,,,494,19,,53,167,,,76,,191,234,,176,,,,,,449,376,236,267,,,,,20,1045,,,,,,236,,,,,,,,,,,,,113,,406,,,,,55,,,,,12,,24,,,,,,,,,297,,,104,76,245,191,250,139,182,166,,,,,,19,307,,171,327,,,,309,167,190,424,,151,14,170,,35,,168,111,,410,206,116,,286,,,1134,,,,,,,,,,,,,,,,,,,67,,,,,535,,,,,129,182,,,,,,,,,,,,,,,,,,,,271,547,,,,,550,394,429,,291,,,,107,,138,,40,,279,214,21,,,125,15,23,582,,,,,,,,,,31,,,,,,505,,,62,137,,,,,,,,,,,,,,,,,,,68,,,,,,15,357,224,135,,,359,,362,36,,300,219,310,593,,,29,135,,221,338,65,,1175,,,,,,,,,,,,,,,,,,,,,,,,,,,,,,,,,,,,,,,,,,,,,,,,,,,,,,,,69,122,19,41,67,142,,,,163,,,276,62,,117,,,,,,117,,33,199,,185,,76,,809,,,,9,198,95,,1016,54,253,18,,2,,,,,,,,,,,,,,,,,,,,,,438,,104,,586,,288,289,387,237,346,,,,106,,,,,,19,,,272,12,235,131,13,60,296,285,147,,654,,63,681,105,,,,,,,,,,,,,,,,,,,,,,,,,,,,,,,,,,,,,,,,,,,,,,,,,,,,,128,3,,,33,218,64,397,108,104,323,,,,26,,10,147,152,418,251,,,,,,,378,124,,274,,182,,,,49,
2026-09-25T18:00:02+00:00,,174,,,,22,,52,172,,,75,,196,241,,,,,,,,446,380,237,287,,22,,,19,1058,,,,,,243,,,118,,,,,,,,,,,,,,,,,54,18,,,,,,28,,,,,,,,,303,,,105,73,,,,,,,,,,,1,25,312,6,173,328,,,,,178,,,,150,15,168,176,44,152,167,112,3,426,209,115,15,288,236,179,1147,,8,449,,,183,809,,235,472,55,28,379,,,,,,,,,,,,,,,,,,,,,,,,,,,,,,,,,,,,,278,,48,65,,,,396,440,,296,,,,,,,,,,,,,118,,128,16,,600,,,,,,,,,,34,,,,,,510,,7,63,,,,,,,,,,108,,,,,,,,,,,,,,,,11,359,223,137,149,,362,,358,37,,298,224,,595,322,340,20,134,,220,336,61,,1177,,,,358,,130,,,,,,,,,,,140,35,20,,,,,,,,16,133,287,,,172,,,,,,,,,,,,,,,,,,,,,,,,79,,20,,,,,,447,,,,278,64,,115,,,,,129,119,,32,198,162,182,,77,,807,,,,12,199,110,,1031,56,,3,,6,,,,,,,,,,,,,,,,,,,,,,436,69,103,,594,,290,287,402,,347,,,145,108,,,,,,22,,,273,11,236,133,,62,297,287,,315,659,179,66,687,,,,,,,,,,,,,,,,,,,,,,,,,,,,,,,,,,,,,,,,,,,,,,,,,,,,,,129,5,,,35,220,63,400,115,113,324,,,,25,,8,,155,,253,,,,,,486,383,,,286,,181,,,,53,
2026-09-25T18:05:01+00:00,140,175,,,495,26,,60,176,261,,71,241,199,248,,177,,,,,,445,382,244,294,,20,,,21,1071,,,,143,,,,,116,,,,,,,,,,,,,,,,,56,,,,187,,,29,,,69,2,,,,,306,,,104,72,250,206,252,,180,164,,,,,,,,,,,,,,,,,,,,,,,,,,,,,,,,,,,,,,,,108,188,817,155,,471,56,18,378,,,,,,79,,,,,534,,,,,137,,,,,,,,,,,,,,,,,,,,,281,549,47,66,,28,543,398,458,,302,,342,,,,,90,45,252,275,217,29,,,116,17,31,618,,,,,,,,,,37,,,,,,512,,8,62,,,,,,,,,,109,,,,,,,,,,,,,,,,7,,220,136,147,,368,,354,36,,300,230,,597,,342,11,135,,,337,59,,,,,,,,129,,,,,,,,,,,,38,,,,,,449,,,,129,288,,,164,,,,,,,,,,,,,,,,,,,,,,,,65,,,40,,143,68,159,448,165,,29,,,,116,,,,96,130,124,,,199,161,180,173,76,132,804,,137,43,10,196,120,69,1057,53,255,4,,12,,,,,,,,,,,,,,,,,,,,,,434,,104,80,581,,296,288,435,240,348,,,146,,,,,,,19,,,270,12,239,136,28,64,299,290,150,314,667,180,72,697,,7,70,341,104,34,108,,8,83,100,,57,,,26,296,,,85,,,,,,,,,,,,,,,,,,,,,,,,,,,,,,,,,555,130,8,,,46,225,,405,,,,,,,,,,144,157,421,255,,,,,,489,381,,,298,,184,135,,,62,113
2026-09-25T18:10:01+00:00,141,176,,114,497,,,70,179,,,68,,206,255,,180,,,,,,444,385,250,299,,18,,,,1084,,4,,,,,,,120,,,74,,30,,,,,,,,,,,,57,,,,,11,,31,,232,70,,9,,,,307,,,103,75,,,,,,,,,,,,26,,2,170,330,,,,310,175,191,,,,10,173,178,53,,168,87,1,435,207,,16,289,,181,,,,,,,,,,,,,,,,,,,,,,,,,,,,,,,,,,,,,,,,,,,,,,,,,,,288,,44,68,,29,541,399,477,,307,,,,,,,,,,,,,117,,117,17,36,646,,,,,,,,,,48,,,,,,520,,,64,138,,,,,,,,,110,,,,,,,,,,69,,,,,,1,365,,137,,,371,,,34,13,301,232,314,599,,,,134,,222,338,60,,1178,,,,,,,,,,,,,,,,,,,,,,,,,,,,,,,,,,,,,,,,,,,,,,,,,,,,,,,,60,123,19,41,,146,,158,449,168,,,,67,,118,,,,97,,129,,,,,179,,78,,805,,,,,,,,,,,,,,,,,,,,,,,,,,,,,,,,,,,439,,105,,583,,297,289,450,238,350,,,151,110,,,,,,22,,,,11,238,138,36,67,298,292,152,315,673,181,74,699,106,,,,,,,,,,,,,,,,,,,,,,,,,,,,,,,,,,,,,,,,,,,,,,,,,,,,553,,13,,,48,226,,407,137,135,328,,,,22,,7,150,159,424,256,,,,,,491,386,125,,317,,187,133,,,83,112
2026-09-25T18:15:02+00:00,145,175,,,500,25,,75,178,262,,67,242,207,261,,169,,,,,,449,387,263,309,,19,,,20,1093,,5,,144,,,,,118,152,,73,,,,,,,114,,404,,,,,,,,,,,,33,,,69,,,,,,,,,109,,246,,253,142,181,,,,,,,,,,,,,,,,,,,,,,,,,,,,,,,,,,,,,,,,,107,197,821,158,240,467,,17,380,,,,,,86,,,,,536,,,,,139,184,,,,,,,,,,,,,,,,,,,,292,548,39,,,,539,400,492,,310,266,343,,98,,137,88,43,251,274,,41,119,,114,17,39,656,,,,,,,,,,52,,,,,,523,,,63,,,,,,,,,,,,,,,,,,,,,,,,,,0,373,218,140,146,,372,,,35,14,303,234,327,600,,339,,,,221,,59,,,,,,357,,,,,,,,,,,,,,37,21,5,,,,450,,,15,128,293,,,158,,,,,,,,,,,,,,,,,,,,,,,,62,124,20,,68,,66,,,173,,,277,68,,119,,,,96,127,133,,,201,,181,,76,133,811,44,138,44,7,197,126,,1073,52,259,,,11,,,,,,,,,,,,,,,,,,,,,,,,,,,,,,,,,,,,,,,,,,,,,,,,,,,,,157,319,680,182,75,701,107,,,,,,,,,,,,,,,,,,,,,,,,,,,,,,,,,,,,,,,,,,,,,,,,,,,,552,,10,,,49,227,,412,,,,,,,25,,,154,163,431,258,,,,,,,390,,,325,,,132,,,93,
2026-09-25T18:20:01+00:00,148,177,,113,504,27,,78,182,267,,70,,211,265,,162,,,,,,445,389,273,312,,,,,,1102,,7,,,,,,,116,,,,,31,,,,,,,403,,,,,,19,,,,,,,,,71,3,,,,,316,,,,73,,,,,,,,,,,,34,305,,163,334,,43,222,309,194,193,423,,149,7,176,188,61,,167,90,,451,206,,21,259,,186,1148,,,,1,,,,,,,,,,,,,,,,,,,,,,,,,,,,,,,,,,,,,,,,,,,,,4,303,547,,,,30,540,401,504,,316,,,,,,,,,,,,,125,,116,17,37,673,,,,,,,,,,51,,,,,,,,,,,,,,,,,,,111,,,,,,,,,,,,,,,,,377,,139,147,,,,356,36,,,235,330,605,323,337,,,,222,,56,,1180,,,,,,,,,,,,,,,,,142,35,22,,,,,,,,14,126,,,,155,,,,,,,,,,,,,,,,,,,,,,,,60,125,19,43,72,,,159,451,174,,28,276,,,117,,,15,,126,135,,33,,158,178,,79,135,812,,137,,8,198,,,1106,64,262,7,189,7,,,,,,,,,,,,,,,,,,,,,,448,68,107,,593,,295,288,461,240,355,,,150,,,,,,,21,,,268,10,241,139,37,71,297,295,159,323,688,184,80,700,,,,,,,,,,,,,,,,,,,,,,,,,,,,,,,,,,,,,,,,,,,,,,,,,,,,,553,,12,,,51,228,62,414,,,,,,,28,,,155,164,429,259,,,,,,492,387,,,338,,189,,,,106,113
2026-09-25T18:25:02+00:00,153,176,,,501,25,,80,184,268,,65,,213,268,,160,,,,,,442,390,276,319,,17,,,23,1116,,9,,,,,,,,151,,,,,,,,,,,405,,,,,,,,,,12,,34,87,,72,5,8,96,,,317,,,113,76,242,209,252,,,168,,,,,4,39,304,1,158,352,,42,221,,210,201,,,147,10,,194,75,151,165,57,1,466,209,,25,252,,194,1151,,9,,,,200,833,163,244,,57,13,384,,,,,,90,,,,,537,,,,,148,190,,,,,,,,,,,,,,,,,,,,306,,41,,,31,537,402,511,,322,,348,,93,158,149,94,41,,,,48,127,,120,17,40,686,,,,,,,,,,46,,,,,,,,,,,,,,,,,,,113,,,,,,,,,,,,,,,,,386,221,,146,,373,,357,34,13,305,234,336,607,,340,,135,,221,336,55,,,,,,,,,,,,,,,,,,,140,,19,6,,,,,,,12,122,296,,,156,,,,,,,,,,,,,,,,,,,,,,,,51,128,,42,75,,68,,452,,,,,67,,,,,14,97,125,138,,34,207,159,179,174,80,136,,,,,6,197,125,,1109,67,263,11,,9,,,,,,,,,,,,,,,,,,,,,,459,69,110,81,592,,299,,471,,358,,,,,,,,,,19,,,269,14,251,141,36,78,303,296,160,324,699,,,708,,,65,343,,40,119,14,7,90,119,13,,,,28,305,,,107,,,,,,,,,,,,,,,,,,,,,,,,,,,,,,,,,554,131,,,,53,232,61,,,,,,,,,,,158,163,427,260,,,,,,,391,,,346,,190,133,,,117,
2026-09-25T18:30:01+00:00,157,177,,,504,27,,81,185,,,64,,216,271,,155,,,,,,440,392,280,320,,18,,,24,1122,,14,,,,,,,115,150,,,,,,,,,,,404,,,,,58,,5,,,,,38,,,73,6,,,,,316,,,,77,,,,,,,,,,,,,,,,,,,,,,,,,,,,,,,,,,,,,,,,,,,,,,,,,,,,,,,,,,,,,,,,,,,,,,,,,,,,,,,,,,,,,,,,,,6,308,,43,,,32,539,403,515,,323,,,,,,,,,,,,,,,123,17,47,693,,,,,,,,,,53,,,,,,522,,,,139,,,,,,,,,117,,,,,,,,,,,,,,,,1,389,222,138,148,,375,,358,37,,307,238,337,608,324,336,,,,220,335,56,,,,,,,,,,,,,,,,,,,,,,,,,,,,,,,,,,,,,,,,,,,,,,,,,,,,,,,,,,,,,41,,,,161,451,179,,,,68,,113,,,13,,,144,,,212,,,,,137,813,,,,7,196,133,,1112,68,264,12,,6,,,,,,,,,,,,,,,,,,,,,,,,,,,,,,,,,,,,,,,,,,,,,,,,,,,,,165,330,703,188,86,712,,,,,,,,,,,,,,,,,,,,,,,,,,,,,,,,,,,,,,,,,,,,,,,,,,,,,553,,10,,,51,235,60,418,137,135,,,,,31,,14,161,164,425,261,,,,,,494,394,126,,353,,191,,,,127,111
2026-09-25T18:35:01+00:00,155,,,,507,29,,83,186,270,,,,214,275,,151,,,,,,438,393,281,321,,20,,,26,,,,,,,,,,,151,,,,,,,,,,,402,,,,,,,7,,188,,,40,,,74,7,,97,,,314,,,114,76,239,214,255,144,,,,197,,,,36,,2,,358,,41,,311,212,,424,,146,11,175,195,87,,166,58,3,474,211,,27,,235,199,1150,,,448,,,203,842,,246,,,15,386,,,,,,94,,,,,540,,,,,144,184,,,,,,,,,,,,,,,,,,,11,311,549,45,,,29,541,405,518,,326,,,,109,157,,95,38,,273,215,56,128,,127,17,48,697,,,,,,,,,,58,,,,,,523,,,64,,,,,,,,,,,,,,,,,,,,,,,,,,,387,225,,149,247,379,,362,,,309,,,613,,335,,,,,334,,,,,,,358,,128,,,,,,,,,,,147,36,,5,,,,,,,,126,301,,,150,,,,,,,,,,,,,,,,,,,,,,,,47,,,44,73,,,162,452,182,,,,66,,111,,,15,,126,146,,,217,160,180,176,82,,816,,,,,,,,,,,,,,,,,,,,,,,,,,,,,,,,,,,466,68,,,588,,300,291,478,,361,,,151,,,,,,,28,,,,16,255,,35,85,,299,170,333,708,187,88,714,,4,72,345,,,122,9,5,111,130,34,52,,,30,308,,,110,,,,,,,,,,,,,,,,,,,,,,,,,,,,,,,,,554,130,11,,,57,236,,420,,,,,,,32,,,162,167,426,263,,100,69,,,,398,,,363,,193,,,,132,
2026-09-25T18:40:02+00:00,152,178,22,112,510,30,,86,187,269,,61,,215,274,,150,,,,,,435,395,,,,,,,,,,,,,,,,,,,,,,,,,,,,,,,,,,,,,,,,,,,,,,,,,,,,,,,,,,,,,,,,550,4,43,308,1,159,361,,39,,313,226,,,,144,14,177,197,98,149,164,,,486,,114,25,,,195,1156,,,,1,,,,,,,,,,,,,,,,,,,,,,,,,,,,,,,,,,,,,,,,,,,,,16,314,,47,,,,543,406,521,,329,,,,,,,,,,,,,132,,121,17,51,704,,,,,,,,,,56,,,,,,,,,65,,,,,,,,,,,,,,,,,,,,,,,,,,,391,,,,,383,,364,,,307,242,341,614,325,336,,,,,336,61,,1179,,,,,,,,,,,,,,,,,149,38,20,6,,,,,,,11,124,302,,,152,,,,,,,,,,,,,,,,,,,,,,,,44,,17,45,74,,69,,451,187,,,277,67,,110,,,,98,127,150,,,219,,,,81,,819,,,43,11,,139,,1115,,265,14,,9,,,,,,,,,,,,,,,,,,,,,,464,,,,592,,,,479,243,362,,,,,,,,,,23,,,,18,260,,34,,,,169,337,713,185,90,711,,3,74,346,,41,124,8,6,114,132,40,,,,,309,,,105,,,,,,,,,,,,,,,,,,,,,,,,,,,,,,,,,555,,13,,,69,,61,421,,172,331,,,,34,,15,,,425,261,,,,,,495,403,,,370,,195,,,,134,109
2026-09-25T18:45:01+00:00,153,,,,509,31,,85,191,271,,54,,217,279,,149,,,,,,,398,,,,,,,,,,,,,,,,,,,,,,,,,,,,,,,,,,,,,,,,,,,,,,,,,,,,,,,245,215,259,146,182,173,,,,549,2,53,309,5,,358,,38,,,224,,425,1,145,13,183,195,102,148,,57,,485,207,,33,255,236,193,1158,,,449,3,108,208,852,166,,471,,16,385,,,,,,96,,,,,541,,,,,,,,,,,,,,,,,,,,,,,,,15,316,548,48,,,,548,409,526,,332,264,346,,110,159,153,98,,255,270,221,52,,,123,17,53,707,,,,,,,,,,55,,,,,,,,,66,,,,,,,,,,118,,,,,46,,,,,,,,,,,2,395,227,139,,249,385,,361,,,,240,342,615,326,333,,134,,221,,,,,,,,,,,,,,,,,,,,,,,,,,,,,,,,,,,,,,,,,,,,,,,,,,,,,,,,,,,,,,18,,73,,,,,191,,29,,68,,108,,,,96,130,153,,,222,161,182,178,83,,822,,,44,10,,142,,,,268,15,,6,,,,,,,,,,,,,,,,,,,,,,,,109,,,,,,,,,,,,,,,,,,,,,,,,,,89,,,173,339,718,182,92,709,,,,,,,,,,,,,,,,,,,,,,,,,,,,,,,,,,,,,,,,,,,,,,,,,,,,,554,,6,,,83,237,,422,183,175,,,,,35,,18,168,168,426,262,,,,,,497,405,,,372,,,136,,,145,110
2026-09-25T18:50:02+00:00,155,176,,,511,30,,88,195,270,,56,,223,282,,,,,,,,437,397,,,,,,,,,,,,,,,,,,,,,,,,,,,,,,,,,,,,,,,,,,,,,,,,,,,,,,,,,,,,,,,,,,,,,,,,,,,,,,,,,,,,,,,,,,,,,,,,,,,,,,,,,,,,,,,,,,,,,,,,,,,,,,,,,,,,,,,,,,,,,,,,16,317,,52,,,30,551,,531,,334,,,,,,,,,,,,,,,124,17,54,,,,,,,,,,,66,,,,,,,,7,,137,,,,,,,,,117,,,,,,,,,,67,,,,,,,394,228,,,,387,,358,,,309,242,345,616,,332,,135,,222,,66,,1180,,,,,,,,,,,,,,,,,155,36,22,5,,,,,,,13,130,309,,,163,,,,,,,,,,,,,,,,,,,,,,,,63,,19,48,75,,,161,452,192,,,276,70,,110,,,,,132,156,,,223,,186,,86,,,,138,45,12,197,,,1119,69,271,14,190,7,,,,,,,,,,,,,,,,,,,,,,466,70,112,,,,302,293,482,242,363,,,154,111,,,,,,22,,,270,21,261,,33,96,,302,180,341,719,185,96,717,,6,75,349,106,,128,,0,123,,49,51,,,36,312,,,114,,,,,,,,,,,,,,,,,,,,,,,,,,,,,,,,,553,,5,,,87,238,,425,187,180,331,,,,,,20,178,169,428,263,,,,,,499,412,125,,376,,196,137,,,152,109
2026-09-25T18:55:01+00:00,157,177,23,,510,32,,91,197,271,,52,,228,289,,,,,,,,,,299,327,,24,,,32,1133,,24,5,146,,,,,116,149,,71,,,,,,,116,,403,,,,,56,,22,,,13,,53,,,75,,9,98,,,322,,,118,83,243,220,261,147,178,181,,,,551,4,62,311,7,158,361,,,,311,227,202,,,,,186,197,,147,163,56,,494,205,,35,258,,194,1161,,,,1,106,210,865,,249,472,,19,386,,,,,,87,,,,,542,,,,,147,192,,,,,,,,,,,,,,,,,,,19,318,551,56,,,,554,411,540,,335,265,347,,109,160,,97,36,256,272,226,63,134,,,17,56,703,,,,,,,,,,65,,,,,,,,,,,,,,,,,,,,,,,,,,,,,68,,,,,,,397,231,,151,251,388,,360,,,311,241,,618,,331,,,,,337,68,,1177,,,,,,,,,,,,,,,,,,,,,,,,,,,,,,,,,,,,,,,,,,,,,,,,,,,,,,,,70,,20,,76,,,162,453,199,,,278,69,,109,,,16,,134,160,,,224,162,188,179,,,826,,139,47,,198,152,,,75,276,15,,10,,,,,,,,,,,,,,,,,,,,,,,,,,,,,,,,,,,,,,,,,,,,,,,,,,,,,186,343,721,182,97,718,106,7,73,,105,,129,,,129,134,51,49,,1,,311,,,110,,,,,,,,,,,,,,,,,,,,,,,,,,,,,,,,,551,,3,,,93,,64,,195,183,,,,,,,21,179,170,430,264,,,,,,502,411,,,378,,197,,,,159,110
2026-09-25T19:00:01+00:00,160,178,24,,512,,,97,202,,,49,,231,291,,150,,,,,,438,399,301,330,,26,,,,1135,23,25,7,147,,,,,,,,,,,,,,,115,,,47,,,,55,,27,,,11,,57,,,76,6,,,,,321,,,,85,,,,,,,,,,,,,,,,,,,,,,,,,,,,,,,,,,,,,,,,,,,,,,,,,,,,,,,,,,,,,,,,,,,,,,,,,,,,,,,,,,,,,,,,,,21,319,552,59,,,,,413,546,,,,,,,,,,,,,,,139,,,17,62,709,,,,,,,,,,69,,,,,,,,8,67,138,,,,,,,,,116,,,,,47,,,,,,,,,,,,404,234,,,,389,,361,36,,,240,,619,,333,,,,,335,70,,,,,,,,,,,,,,,,,,,,,,,,,,,,,,135,,,,161,,,,,,,,,,,,,,,,,,,,,,,,68,,,50,77,,,,456,204,,,280,71,,108,,,,95,136,165,,33,227,163,189,,89,,832,,,48,11,199,157,,1121,69,280,,191,9,,,,,,,,,,,,,,,,,,,,,,468,71,115,,590,,,295,483,,365,,,,,,,,,,23,,,271,,260,,30,100,,,,345,723,186,106,,,,,,,,,,,,,,,,,,,,,,,,,,,,,,,,,,,,,,,,,,,,,,,,,,,,,,555,,6,,,99,243,65,429,199,191,,,,,37,,22,,171,429,266,,,,,,,415,,,388,,,,,,164,111
2026-09-25T19:15:02+00:00,167,181,,,524,30,,111,207,273,,48,,236,306,,153,,,,,,439,401,317,340,,34,,,34,1139,24,35,15,152,,,,,123,148,,72,,,,,,,,,,,,,,58,,31,,,,4,63,86,233,75,9,,,,,324,,,117,82,252,226,268,145,180,192,,,,,2,79,336,16,157,363,,,,315,248,204,426,,146,12,190,208,90,,164,59,2,510,210,,42,262,232,199,1160,,,450,5,107,215,877,167,253,477,58,22,390,,,,,,83,,,,,544,,,,,154,188,,,,,,,,,,,,,,,,,,,30,322,553,114,,,,569,414,557,,346,270,348,,146,,155,93,38,262,271,234,72,143,,119,17,67,726,,,,,,,,,,82,,,,,,,,10,69,,,,,,,,,,118,,,,,,,,,,70,,,,,,3,416,241,145,154,254,397,,364,38,12,310,239,351,625,329,325,,,,,333,71,,1181,,,,358,,130,,,,,,,,0,,,167,45,28,8,,,,450,,,12,151,315,,,172,,,,,,,,,,,,,,,,,,,,,,,,73,129,,56,80,148,67,164,,219,,,283,73,,111,,,,,140,172,,,,168,195,182,90,,854,,,,18,197,180,68,1127,90,,28,193,26,,,,,,,,,,,,,,,,,,,,,,478,70,120,82,588,,307,298,485,243,366,,,,113,,,,,,27,,,275,27,265,,38,111,,301,201,346,745,188,117,646,101,10,,348,102,45,135,6,4,135,146,58,54,,4,35,318,,,118,,,,,,,,,,,,,,,,,,,,,,,,,,,,,,,,,556,132,,,,122,248,64,444,,200,,,4,,44,,28,195,175,432,269,,,,,,506,430,,,403,,198,139,,,171,115
2026-09-25T19:30:02+00:00,171,183,22,,535,34,,120,217,274,,43,,244,313,,157,,,,,,,407,336,350,,39,,,37,1143,,38,20,162,,,,,121,150,,73,,33,,,,,,,404,48,,,,,18,33,,189,,17,68,,,72,,,,,,322,,,120,84,,229,271,148,182,195,,,,552,11,90,342,24,162,366,,35,,,,203,,1,145,13,196,213,95,146,160,63,7,546,218,115,47,260,230,209,,,,451,,,,880,,251,,,24,,,,,,,86,,,,,547,,,,,158,190,,,,,,,,,,,,,,,,,,,31,325,554,185,,,29,590,417,563,,354,271,349,,155,161,158,96,41,267,273,237,81,151,,126,17,81,732,,,,,,,,,,87,,,,,,,,8,,,,,,,,,,,120,,,,,,,,,,71,,,,,,4,422,242,,,,402,,370,42,,315,251,353,627,330,330,,134,,226,335,77,,1187,,,,,,,,,,,,,,,,,172,54,29,11,,,,,,,15,152,316,,,181,,,,,,,,,,,,,,,,,,,,,,,,71,130,22,59,84,149,68,,458,232,,,289,79,,121,,,,,,176,,,231,,205,183,92,138,868,,142,47,19,200,195,,1136,104,278,33,,31,,,,,,,,,,,,,,,,,,,,,,496,68,129,,590,,,302,486,251,368,,,152,108,,,,,,28,,,277,35,270,,50,125,,302,207,355,757,191,127,654,100,8,70,,,53,137,8,8,153,163,80,64,,,37,324,,,139,,,,,,,,,,,,,,,,,,,,,,,,,,,,,,,,,,133,14,1,,143,250,70,447,200,214,332,,12,,47,,36,212,179,435,271,,,,,,511,448,,,417,,203,143,,,191,122
2026-09-25T19:45:01+00:00,176,203,27,,540,33,,133,229,279,,46,,247,330,,162,,,,,,445,409,362,,,40,,,38,1145,25,39,33,165,,,,,125,,,72,,,,,,,,,,,,,,,19,35,,,,19,77,,,73,11,,,,,,,,,82,258,230,273,149,181,200,,,,553,21,106,351,34,159,373,11,37,,316,272,204,427,2,152,17,197,224,127,,,69,12,568,222,116,53,,,208,,,,,17,108,,888,,249,484,,26,,,,,,,89,,,,,546,,,,,157,189,,,,,,,,,,,,,,,,,,,30,332,,237,,,31,606,419,571,,353,272,,,178,164,167,98,,271,,242,102,155,,132,17,94,741,,,,,,,,,,89,,,,,,,,10,74,139,,,,,,,,,121,,,,,49,,,,,,,,,,,3,427,,150,153,,406,,379,51,,318,246,355,632,,331,,,,227,332,85,,1191,,,,,,129,,,,,,,,,,,178,64,34,14,,,,,,,,164,320,,,189,,,,,,,,,,,,,,,,,,,,,,,,81,,25,,85,,69,,,239,,,291,,,,,,17,,143,187,,,232,169,213,184,96,139,872,,,50,,202,205,69,1140,118,284,44,,50,,,,,,,,,,,,,,,,,,,,,,523,69,139,,606,,308,303,,,,,,,112,,,,,,29,,,283,43,278,,70,141,,306,215,356,774,194,126,663,103,11,73,349,103,57,142,7,,172,176,88,74,,1,42,326,,,147,,,,,,,,,,,,,,,,,,,,,,,,,,,,,,,,,559,,25,-558,9,154,253,71,453,,,,,22,,54,,,226,183,437,275,,,,,,515,459,,,430,,206,142,,,202,123
2026-09-25T20:00:02+00:00,178,262,39,,549,31,,149,239,287,,58,,257,383,,164,,,,,,449,412,379,,,51,,,37,1148,,34,36,170,,,,,130,,,71,,,,,,,117,,407,47,,,6,59,,39,,,,36,132,,234,77,18,,,,,324,,,121,81,268,,274,154,,206,,,,,,121,360,40,157,380,17,38,,315,276,202,,,153,20,205,227,135,148,,73,14,573,229,,65,258,233,207,1167,,7,,20,110,,904,168,252,486,,30,,,,,,,93,,,,,548,,,,,152,193,,,,,,,,,,,,,,,,,,,77,354,553,249,,,,654,420,583,,362,273,352,,184,,170,106,43,274,272,243,112,167,,150,17,102,763,,,,,,,,,,98,,,,,,522,,11,,,,,,,,,,,125,,,,,52,,,,,,,,,,,4,439,244,159,,,410,,384,,,321,262,360,634,331,332,23,,,228,,90,,1195,,,,,,,,,,,,,,,,,186,72,28,,,,,,,,,184,319,,,207,,,,,,,,,,,,,,,,,,,,,,,,84,,26,60,90,,67,,462,257,,,292,81,,126,,,16,,145,198,,,,170,230,186,100,138,,43,141,48,23,201,243,,1151,126,293,54,,59,,,,,,,,,,,,,,,,,,,,,,538,72,151,81,613,,310,306,,267,371,,,,113,,,,,,34,,,285,49,281,,87,163,,,231,359,780,206,129,672,109,13,80,352,104,60,145,8,11,193,192,108,83,,7,50,333,,,154,,,,,,,,,,,,,,,,,,,,,,,,,,,,,,,,,558,,27,3,11,171,,73,458,201,230,335,,30,,65,,43,243,189,436,276,,,,,,516,471,125,,445,,207,144,,,215,
2026-09-25T20:15:02+00:00,181,288,41,,558,33,,171,248,294,,70,243,272,407,,161,,,,,,451,416,386,,,58,,,41,1156,,40,37,173,,,,,133,,,70,,35,,,,,120,,,48,,,7,,,53,,,13,58,180,,233,80,33,,96,,,329,,,129,78,287,,,159,186,211,,,,554,23,134,371,159,160,398,35,40,,321,292,,,3,154,,217,226,149,,158,88,18,588,235,,71,259,,216,1178,,,,39,111,,917,171,257,489,,41,,,,,,,104,,,,,550,,,,,149,191,,,,,,,,,,,,,,,,,,,140,410,555,265,,,33,730,422,593,,,276,354,,223,,174,117,39,277,281,296,204,171,,147,17,109,780,,,,,,,,,,122,,,,,,,,,81,141,,,,,,,,,123,,,,,51,,,,,,,,,,,19,446,247,161,,,,,387,48,13,334,268,368,636,,329,59,,,230,341,91,,1209,,,,,,,,,,,,,,,,,,,,,,,,,,,,,,,,,,,,,,,,,,,,,,,,,,,,,,,,88,,28,63,93,,69,,460,279,,30,293,85,,133,,,,94,146,205,,34,,173,246,187,101,,874,,,,25,0,253,,1154,127,297,60,194,64,,,,,,,,,,,,,,,,,,,,,,545,,163,,619,,312,308,,281,370,,,,114,,,,,,40,,,289,55,,,108,182,,304,235,363,793,207,133,687,108,18,,349,108,68,147,14,26,203,210,119,90,,10,56,340,,,170,,,,,,,,,,,,,,,,,,,,,,,,,,,,,,,,,562,134,35,,14,189,255,74,462,202,241,,,35,,72,,45,260,190,443,278,,,,,,518,484,,,476,,211,145,,,228,129
2026-09-25T20:30:02+00:00,190,290,46,111,569,32,,187,255,302,,75,,287,422,,191,,,,,,452,420,393,,,66,,,43,1163,26,43,40,176,,,,,136,151,,,,34,,,,,,,408,,,,9,60,,62,,,,77,191,,,79,36,,,,,334,,,,149,299,,,168,192,215,,,,,27,137,378,181,162,414,38,47,,322,303,,426,11,155,23,220,229,147,149,161,151,25,602,239,,84,253,,220,,,,,41,,,924,172,263,494,,47,,,,,,,107,,,,,549,,,,,151,195,,,,,,,,,,,,,,,,,,,183,416,556,284,,,35,772,425,596,,367,277,358,,248,167,179,122,50,279,284,336,213,174,,156,17,117,806,,,,,,,,,,133,,,,,,,,,85,142,,,,,,,,,127,,,,,52,,,,,,,,,,,39,,251,165,,,411,,394,53,12,343,277,380,640,333,327,90,135,,231,349,94,,1365,,,,,,,,,,,,,,,,,,,,,,,,,,,,,,,,,,,,,,,,,,,,,,,,,,,,,,,,102,134,32,65,94,,,165,463,291,,,,90,,143,,,,,162,212,,,,174,266,188,100,,882,,,49,27,,285,68,1175,138,311,63,,70,,,,,,,,,,,,,,,,,,,,,,558,,166,,632,,313,,,290,371,,,150,,,,,,,,,,296,73,,,138,199,,305,243,367,800,212,140,692,114,,93,,110,78,150,16,32,218,221,141,112,,26,57,344,,,176,,,,,,,,,,,,,,,,,,,,,,,,,,,,,,,,,566,139,52,16,21,205,261,,484,,251,336,,39,,75,50,47,310,,445,283,,,,,,519,503,,,484,,212,146,,,243,132
2026-09-25T20:45:02+00:00,194,292,,,590,34,,199,262,306,,97,244,289,431,,225,,,,,,454,422,,,,,,,,,,,,,,,,,,,,,,,,,,,,,,,,,,,,,,,,,,,,,,,,,,,,,,,315,,,173,197,219,,,,,33,149,382,209,163,415,,48,,320,318,,425,10,,33,221,235,149,150,,227,27,609,244,,119,254,,224,1176,,,,45,,,935,171,268,496,,57,,,,,,,131,,,,,548,,,,,,200,,,,,,,,,,,,,,,,,,,198,422,,314,,,,800,427,603,,371,278,,,284,168,185,136,55,283,294,390,227,179,,161,17,124,820,,,,,,,,,,146,,,,,,523,,,89,,,,,,,,,,131,,,,,,,,,,,,,,,,71,448,,167,155,,412,,401,58,,346,285,396,649,338,334,97,,,232,360,97,,1380,,,,,,,,,,,,,,,,,,,,,,,,,,,,,,,,,,,,,,,,,,,,,,,,,,,,,,,,142,,41,85,96,,70,167,468,309,,,295,111,,151,,,,95,169,219,,,235,175,281,,,137,887,,,,35,,306,,1186,148,317,65,,86,,,,,,,,,,,,,,,,,,,,,,572,73,168,,640,,314,309,,298,374,,,153,115,,,,,,43,,,304,87,,,151,213,,,245,376,811,214,147,695,115,,100,353,111,89,,19,35,231,224,157,121,,33,60,350,,,177,,,,,,,,,,,,,,,,,,,,,,,,,,,,,,,,,568,140,63,32,26,222,265,75,487,204,255,,,42,,92,55,48,343,,446,293,,,,,,521,517,,,494,,215,144,,,252,134
2026-09-25T21:00:02+00:00,196,296,,,594,36,,213,267,311,,107,245,298,441,,228,,,,,,456,423,,,,,,,,,,,,,,,,,,,,,,,,,,,,,,,,,,,,,,,,,,,,,,,,,,,,,,,319,,,174,200,218,,,,555,40,176,412,223,164,421,37,56,,319,341,200,428,7,156,68,229,253,163,153,158,339,43,629,250,115,206,257,,235,1181,,6,,50,,,936,173,267,497,,67,,,,,,,141,,,,,549,,,,,154,198,,,,,,,,,,,,,,,,,,,,,,,,,,,,,,,279,363,,299,169,184,144,56,285,295,,230,180,,167,17,129,830,,,,,,,,,,171,,,,,,522,,14,90,143,,,,,,,,,134,,,,,54,,,,,,,,,,,115,454,250,168,,255,,,,61,,351,292,406,655,342,331,112,,,233,362,,,1385,,,,,,,,,,,,,,,,,,,,,,,,,,,,,,,,,,,,,,,,,,,,,,,,,,,,,,,,169,135,,101,98,,75,,473,340,,31,306,135,40,159,,,,94,182,229,,,237,,295,,101,136,,,142,,42,,329,67,1204,145,322,73,,101,,,,,,,,,,,,,,,,,,,,,,586,72,170,82,641,,316,312,,302,,,,156,116,,,,,,49,,,309,93,,,177,219,,306,247,,823,218,154,697,,20,103,355,112,96,,22,38,248,237,178,147,,52,64,,,,186,,,,,,,,,,,,,,,,,,,,,,,,,,,,,,,,,570,141,82,55,28,245,269,77,532,205,258,337,,49,,112,61,49,353,193,448,295,,,,,,522,533,,,508,,217,143,,,266,
2026-09-25T21:15:02+00:00,,,,112,602,,,222,273,312,,118,,302,443,,261,,,,,,463,,412,,,72,,,45,1183,,50,51,181,,,,,143,152,,74,,36,,,,,122,,,,,,17,,,87,,,11,101,197,87,,84,40,,95,,,353,,,134,224,325,,,,,219,,198,,556,43,186,422,229,,424,44,,,318,348,199,,8,159,82,240,255,168,,,382,44,640,253,,259,259,,242,1185,,,,51,,,941,175,265,500,,80,,,,,,,157,,,,,,,,,,155,,,,,,,,,,,,,,,,,,,,224,428,,340,,,,836,430,614,,387,,371,,324,171,187,155,59,287,302,406,241,181,,173,17,132,847,,,,,,,,,,176,,,,,,,,13,89,,,,,,,,,,133,,,,,55,,,,,,,,,,,147,459,251,,,,417,,,66,,358,294,,657,341,333,156,136,,232,369,,,1375,,,,,,,,,,,,,,,,,,,,,,,,,,,,,,,,,,,,,,,,,,,,,,,,,,,,,,,,190,136,,105,101,,,166,481,358,,,309,138,,165,,,,,188,239,,,238,176,307,,99,137,888,,,48,48,,351,,1205,144,326,79,,120,,,,,,,,,,,,,,,,,,,,,,593,74,175,,632,,,319,,307,378,,,158,117,,,,,,54,,,313,96,,,200,228,,,271,416,835,219,158,700,116,,107,356,115,100,151,24,45,251,243,192,157,,58,67,355,,,200,,,,,,,,,,,,,,,,,,,,,,,,,,,,,,,,,,140,97,77,27,257,271,76,545,,260,,,51,,122,63,54,368,195,,,,,,,,,544,,,517,,,145,,,278,139
2026-09-25T21:30:01+00:00,197,300,,,607,33,,231,278,315,,129,,308,448,,290,,,,,,462,424,418,,,,,,46,1184,27,53,52,180,,,,,147,,,,,,,,,,119,,,,,,18,,,91,,,,106,201,,,,,,96,,,355,,,135,229,331,,,,,,,,,557,49,202,431,253,161,453,50,58,,,359,,429,7,,89,244,260,167,152,,463,52,653,259,112,353,260,235,248,1187,,5,,,,,943,176,269,502,,85,,,,,,,174,,,,,,,,,,,199,,,,,,,,,,,,,,,,,,,239,433,,353,,,34,861,,615,,,,376,,340,,188,162,65,,307,411,248,185,,180,17,135,855,,,,,,,,,,192,,,,,,521,,14,95,,,,,,,,,,,,,,,,,,,,,,,,,,152,467,,,156,,419,,400,71,,364,303,407,661,343,335,177,135,,233,373,98,,1377,,,,,,,,,,,,,,,,,,,,,,,,,,,,,,,,,,,,,,,,,,,,,,,,,,,,,,,,198,,43,111,102,,,168,486,371,,,313,143,,175,,,,,189,249,,35,,,,189,,,889,,,49,68,,386,,1208,157,329,82,,133,,,,,,,,,,,,,,,,,,,,,,595,73,179,,635,,318,324,,312,,,,,,,,,,,,,,319,102,,,216,238,,307,275,420,836,224,162,704,117,21,,355,116,104,152,26,42,261,249,201,169,,69,69,356,,,,,,,,,,,,,,,,,,,,,,,,,,,,,,,,,,,,573,142,101,87,32,261,273,,546,,,,,,,127,68,,370,,446,296,,,,,,,549,,,526,,,146,,,290,141
2026-09-25T21:45:01+00:00,202,302,,,611,,,235,280,316,,142,,310,453,,293,,,,,,464,,422,,,74,,,48,1189,,54,,181,,,,,,,,,,,,,,,118,,,,,,17,,,99,,,10,110,203,,,83,43,10,,,,358,,,,235,344,,,175,,220,,,,,52,217,435,260,160,463,60,218,,,379,198,428,28,,91,251,261,162,156,159,541,55,663,261,111,390,262,,247,1186,,,,,,,,,,,,,,,,,,,182,,,,,550,,,,,166,201,,,,,,,,,,,,,,,,,,,248,437,,357,,,35,885,432,618,,395,281,381,,369,173,195,170,73,291,309,418,260,186,,183,17,137,864,,,,,,,,,,196,,,,,,,,,102,144,,,,,,,,,,,,,,,,,,,,,,,,,154,473,,,157,,420,,,74,,367,314,,664,,343,186,136,,,377,,,1378,,,,,,,,,,,,,,,,,,,,,,,,,,,,,,,,,,,,,,,,,,,,,,,,,,,,,,,,232,,45,114,106,,,170,491,373,,,325,149,,177,,,,,192,256,,,,,,,98,,892,,141,,84,,410,,1236,162,331,86,,142,,,,,,,,,,,,,,,,,,,,,,618,,180,,647,,,326,,313,377,,,157,118,,,,,,,,,320,106,,,231,244,,306,277,421,842,226,169,,,,,,,,,,,,,,,,,,,,,,,,,,,,,,,,,,,,,,,,,,,,,,,,,,,,,,575,,111,91,28,267,277,,548,,,,,56,,133,76,,372,196,449,300,,,,,,,556,,,530,,219,147,,,295,142
2026-09-25T22:00:01+00:00,203,300,,,621,36,,238,283,324,,153,,318,461,,297,,,,,,467,,424,,,75,,,49,,,50,,,,,,,149,,,,,,,,,,,,,,,,,,,101,,,,113,134,,,,42,,,,,360,,,136,238,359,,,174,,,,,,,61,232,454,264,163,470,63,220,,,385,199,431,32,,92,256,264,167,157,158,634,57,668,267,,407,264,237,255,1189,,,,54,111,,964,185,268,506,,106,390,,,,,,202,,,,,,,,,,170,200,,,,,,,,,,,,,,,,,,,255,436,558,369,,,,906,433,617,,399,283,382,,385,,199,171,,,310,419,263,187,,,17,,870,,,,,,,,,,202,,,,,,520,,,,,,,,,,,,,137,,,,,,,,,,,,,,,,169,474,,170,158,,,,401,,13,370,319,,,,348,217,,,,382,,,,,,,,,,,,,,,,,,,,,,,,,,,,,,,,,,,,,,,,,,,,,,,,,,,,,,,,,,,255,137,47,115,108,,76,169,497,375,,,332,150,,179,,,,,,260,,,,,,,100,,,,,,88,,424,68,1251,161,334,89,,152,,,,,,,,,,,,,,,,,,,,,,639,76,184,,675,,322,327,,,379,,,158,121,,,,,,57,,,321,110,,,252,247,,,281,422,850,231,170,,,26,117,,,114,,31,44,264,259,221,185,,88,74,357,,,201,,,,,,,,,,,,,,,,,,,,,,,,,,,,,,,,,577,143,109,101,27,272,,,549,,,,,,,140,84,,375,,451,,,,,,,,569,,,539,800,220,148,,,302,147
2026-09-25T22:15:01+00:00,,301,,,629,,,241,289,329,,165,,,462,,,,,,,,478,,,,,,,,50,1188,,52,,,,,,,,151,,,,,,,,,,,,,,,16,,,105,,,9,115,135,,,,45,,97,,,362,,,,,363,,,175,,221,,,,558,69,244,460,269,,480,65,222,,319,394,,,29,160,,259,271,161,,,640,59,670,,115,414,265,,257,1192,,,,60,,,,200,273,,,108,,,,,,,223,,,,,,,,,,172,201,,,,,,,,,,,,,,,,,,,272,,,377,,,36,925,431,621,,400,286,391,,407,174,206,178,74,292,260,425,270,188,,197,17,139,872,,,,,,,,,,214,,,,,,,,15,0,,,,,,,,,,144,,,,,0,,,,,,,,,,,175,482,,171,272,,421,,,,,372,324,,663,340,353,240,,,,386,,,1379,,,,,,,,,,,,,,,,,,,,,,,,,,,,,,,,,,,,,,,,,,,,,,,,,,,,,,,,263,138,46,117,110,,75,,502,381,,,335,148,42,183,,,17,,194,262,,,,,,,,,,44,,,89,,428,,1253,154,,91,,158,,,,,,,,,,,,,,,,,,,,,,655,77,185,,677,,,331,,,380,,,157,118,,,,,,59,,,,109,,,276,253,,,284,,852,235,171,,,29,125,357,,118,,34,51,275,266,229,193,,102,76,362,,,206,,,,,,,,,,,,,,,,,,,,,,,,,,,,,,,,,580,,118,122,24,282,279,,547,205,271,338,,57,,144,85,57,385,197,452,303,,,,,,,583,126,,540,,,147,,,310,
2026-09-25T22:30:02+00:00,,300,,,,37,,244,291,331,,181,,319,467,,301,,,,,,,,425,,,76,,,51,1189,,54,53,,,,,,150,,,75,,37,,,,,117,,,,,,20,,,106,,,10,114,137,,,,,,,,,,,,,,,,,,,,,,,,,,,,,,,,,,,,,,,,,,,,,,,,,,,,,,,,,,,,,,,,,,,,,,,,,,,,,,,,,,,,,,,,,,,,,,,,,,,,,,,276,435,559,386,,,,942,,622,,,289,393,,412,,208,180,76,291,261,428,278,190,,203,16,141,876,,,,,,,,,,,,,,,,,,16,103,,,,,,,,,,,,,,,55,,,,,,,,,,,178,486,252,173,,,420,,,,,374,335,,,341,357,283,,,,389,90,,,,,,,,,,,,,,,,,,,,,,,,,,,,,,,,,,,,,,,,,,,,,,,,,,,,,,,,,,271,139,47,120,111,,,,506,387,,,,151,,184,,,,,,268,,,239,,,,,,,,,,,,,,,,,,,,,,,,,,,,,,,,,,,,,,,,,661,78,187,,680,,321,330,,,382,,,158,119,,,,,,62,,,,112,,,281,255,,307,,424,854,239,,705,,30,124,359,,,,38,52,280,271,244,207,,122,,,,,210,,,,,,,,,,,,,,,,,,,,,,,,,,,,,,,,,581,144,124,132,21,288,,,548,,273,,,58,,149,88,,384,,453,305,,,,,,,588,,,542,,,,,,314,
2026-09-25T22:45:02+00:00,202,,,,632,,,248,295,332,,189,,320,,,303,,,,,,483,,427,,,77,,,,1195,,56,,183,,,,,151,154,,,,,,,,,,,,,,,,,,107,,,,112,138,,,,,,,,,,,,,241,367,,,176,,,,,,557,76,263,481,274,166,506,67,229,,,415,,434,55,,93,266,281,159,158,,652,64,678,,117,420,266,,261,,,4,,64,,,,203,276,511,,,,,,,,,244,,,,,551,,,,,174,208,,,,,,,,,,,,,,,,,,,280,439,560,391,,,,948,432,,,,290,394,,429,,216,189,,292,263,430,284,,,208,17,,882,,,,,,,,,,216,,,,,,,,,,,,,,,,,,,,,,,,56,,,,,,,,,,,182,491,253,,,,421,,,,,,340,,664,343,372,318,,,,390,89,,1380,,,,,,,,,,,,,,,,,,,,,,,,,,,,,,,,,,,,,,,,,,,,,,,,,,,,,,,,272,,48,,,,74,,,390,,,,,,188,,,,,,,,36,,177,,,101,,,,,,,,,,,,,,,,,,,,,,,,,,,,,,,,,,,,,669,,190,,,,322,331,,,,,,159,120,,,,,,,,,323,114,,,300,258,,309,285,,855,241,173,707,,,135,,,120,153,41,56,283,273,256,217,,141,,363,,,218,,,,,,,,,,,,,,,,,,,,,,,,,,,,,,,,,582,,131,144,23,291,280,,,,,,,60,,155,,58,387,,454,307,,,,,,,593,,,545,,,,,,325,
2026-09-25T23:00:01+00:00,,,,,633,39,,,,,,195,,322,466,,315,,,,,,485,,,,,,,,,1196,,60,54,,,,,,,,,76,,,,,,,116,,,,,,,,,112,,,11,111,,,,,,,,,,,,,,242,371,,,,,,,,,559,87,277,487,276,170,516,70,232,,320,421,,435,75,,94,268,,166,,,656,67,685,,,421,264,238,263,1195,,,450,66,,,,,,,,,,,,,,,265,,,,,553,,,,,179,211,,,,,,,,,,,,,,,,,,,290,438,559,394,,,,958,,623,,,,393,,431,,217,193,77,293,,431,285,,,211,17,,884,,,,,,,,,,221,,,,,,521,,,,,,,,,,,,,145,,,,,,,,,,,,,,,,185,493,,174,,254,,,399,,,,,408,665,,380,348,137,,,,,,,,,,,,,,,,,,,,,,,,,,,,,,,,,,,,,,,,,,,,,,,,,,,,,,,,,,,,,,275,,50,,112,,,,505,398,,,,154,,,,,,,,,,,,,,,102,,,,,50,,,,,,,,,,,,,,,,,,,,,,,,,,,,,,,,675,79,192,,681,,324,333,,,383,,,160,119,,,,,,63,,,324,,,,303,259,,306,287,,,245,175,706,,,142,361,,119,,45,59,286,275,263,220,,156,,365,,,220,,,,,,,,,,,,,,,,,,,,,,,,,,,,,,,,,583,,137,154,22,301,,,549,,275,,,59,,161,90,,388,,,309,,,,,,,597,,,546,,,,,,329,148
2026-09-25T23:15:01+00:00,201,301,,,631,,,249,296,,,204,,324,468,,318,,,,,,488,,,,,,,,,1198,,63,,,,,,,,,,,,,,,,,117,,,,,,22,,,115,,,12,113,139,,,,,,,,,363,,,137,,373,,,177,199,,,,,,94,283,488,279,171,531,69,231,,,425,198,,86,,95,272,287,170,,,658,,690,,,422,,,272,,,,,67,,,,205,273,511,,116,390,,,,,,270,,,,,,,,,,,212,,,,,,,,,,,,,,,,,,,294,437,,399,,,,968,434,,,399,291,394,,440,,,197,76,294,265,435,286,189,,214,17,,885,,,,,,,,,,227,,,,,,,,,,,,,,,,,,,,,,,,,,,,,,,,,,,187,500,252,,,255,,,,71,,,345,,664,342,388,368,,,,391,,,,,,,,,,,,,,,,,,,,,,,,,,,,,,,,,,,,,,,,,,,,,,,,,,,,,,,,,,,282,,51,,,,,,506,403,,,,153,,,,,,,,,,,,,,,101,138,893,,,,97,,458,,1266,141,341,94,195,176,,,,,,,,,,,,,,,,,,,,,,678,,,,685,,,,,,,,,,122,,,,,,66,,,326,115,,,332,260,,,,,856,246,178,707,,,145,360,,118,,,56,289,276,269,225,,170,,366,,,221,,,,,,,,,,,,,,,,,,,,,,,,,,,,,,,,,582,145,141,174,25,307,,,,,,,,,,166,,,391,,455,,,,,,,,600,,,547,,,148,,,,149
2026-09-25T23:30:01+00:00,202,,,,628,,,,,,,214,,325,470,,321,,,,,,,,428,,,,,,,1200,,,,,,,,,150,,,80,,,,,,,,,,,,,,,,118,,,,114,140,,,,,,,,,365,,,,,,,,,,,,,,,98,288,492,,172,544,71,,,321,433,199,436,102,,,275,293,177,,,,,693,,,425,265,237,278,1199,,,,,,,,206,274,512,,117,,,,,,,273,,,,,,,,,,180,213,,,,,,,,,,,,,,,,,,,297,,558,404,,,,976,,625,,402,,,,442,,,,,295,266,436,288,,,215,17,140,886,,,,,,,,,,233,,,,,,,,,104,,,,,,,,,,,,,,,,,,,,,,,,,,,503,,,,,,,401,70,,375,346,,665,343,392,398,,,,,90,,,,,,,,,,,,,,,,,,,,,,,,,,,,,,,,,,,,,,,,,,,,,,,,,,,,,,,,,,292,,,,,,75,,509,408,,,336,,,190,,,,96,,270,,,,,,,,,,,,,,,,,,,,,,,,,,,,,,,,,,,,,,,,,,,,684,,193,,704,,325,334,,312,,,,,,,,,,,65,,,,117,,,342,,,,,,855,247,180,,,29,148,,,119,,46,,,277,272,228,,174,,367,,,229,,,,,,,,,,,,,,,,,,,,,,,,,,,,,,,,,583,,147,188,,309,,,,205,275,338,,,,167,91,59,395,,,,,,,,,,602,126,,548,,,,,,330,
2026-09-25T23:45:01+00:00,,302,,,631,40,,250,297,,,224,,326,,,,,,,,,489,,,,,,,,50,1202,,,,,,,,,,153,,84,,,,,,,123,,,,,,,,,120,,,,115,,,,82,44,,,,,,,,136,,,,,,,,,,,,102,293,494,280,173,551,73,,,,446,,,106,,,277,296,187,,,659,,699,266,,427,264,,286,1201,,,451,,,,,,273,513,,118,,,,,,,277,,,,,,,,,,182,,,,,,,,,,,,,,,,,,,,298,440,,405,,,35,978,436,,,,,397,,445,,224,,82,297,268,,290,,,224,17,,,,,,,,,,,,234,,,,,,,,17,,,,,,,,,,,,,,,,58,,,,,,,,,,,,504,,,,256,424,,,72,,376,,,,344,391,414,,,,392,91,,1379,,,,,,,,,,,,,,,,,,,,,,,,,,,,,,,,,,,,,,,,,,,,,,,,,,,,,,,,299,,52,121,,,,,511,409,,,335,155,,193,,,,95,,,,,,,,,,,,,,,,,,,,,,,,,,,,,,,,,,,,,,,,,,,,,,692,78,,,711,,,335,,,,,,,,,,,,,66,,,,118,,,349,,,,,,,248,183,,116,,151,361,,,,,60,291,280,277,234,,185,,369,,,236,,,,,,,,,,,,,,,,,,,,,,,,,,,,,,,,,,,153,205,29,312,,,,,,,,58,,,,,399,,,310,,,,,,,604,,,549,,,,,,,
