timestamp,bonn-bcp-parken-Rabinstrasse,bonn-bcp-parken-beethoven,bonn-bcp-parken-beetplatz,bonn-bcp-parken-bike-ride,bonn-bcp-parken-friedensplatz,bonn-bcp-parken-hauptbahnhof,bonn-bcp-parken-karstadt,bonn-bcp-parken-markt,bonn-bcp-parken-muensterplatz,bonn-bcp-parken-operngarage,bonn-bcp-parken-rheinaue,bonn-bcp-parken-stadthaus,bonn-bcp-parken-unigarage,braunschweig-parken-Parkhaus-Eiermarkt,braunschweig-parken-Parkhaus-Forschungsflughafen,braunschweig-parken-Parkhaus-Lange-Str-Nord,braunschweig-parken-Parkhaus-Magni,braunschweig-parken-Parkhaus-Packhof,braunschweig-parken-Parkhaus-Ring-Center,braunschweig-parken-Parkhaus-Schloss,braunschweig-parken-Parkhaus-Schutzenstrasse,braunschweig-parken-Parkhaus-Wallstrasse,braunschweig-parken-Parkhaus-Wilhelmstrasse,dresden-parken-Altmarkt,dresden-parken-Altmarkt-Galerie,dresden-parken-Ammonstrasse-Bus,dresden-parken-An-der-Frauenkirche,dresden-parken-Bahnhof-Neustadt,dresden-parken-Bluherstrasse,dresden-parken-Budapester-Strasse,dresden-parken-Centrum-Galerie,dresden-parken-Cossebaude,dresden-parken-Ferdinandplatz,dresden-parken-Fidelio-F-Finke-Strasse,dresden-parken-Frauenkirche-Neumarkt,dresden-parken-Freiberger-Platz,dresden-parken-GALERIA-Karstadt-Kaufhof,dresden-parken-Gompitz,dresden-parken-Grenzstrasse,dresden-parken-Haus-am-Zwinger,dresden-parken-Kaditz,dresden-parken-Klotzsche,dresden-parken-Kongresszentrum,dresden-parken-Kraftwerk-Mitte,dresden-parken-Langebruck,dresden-parken-Lindengasse,dresden-parken-Lingnerallee,dresden-parken-MESSE-DRESDEN-Parkplatz-P7,dresden-parken-Ostra-Allee,dresden-parken-Ostra-Ufer,dresden-parken-Palaisplatz,dresden-parken-Parkhaus-Mitte,dresden-parken-Pennrich,dresden-parken-Pieschener-Allee-Bus,dresden-parken-Pirnaische-Strasse,dresden-parken-Pirnaischer-Platz,dresden-parken-Prohlis,dresden-parken-Reick,dresden-parken-Reitbahnstrasse,dresden-parken-SP1-Strassburger-Platz,dresden-parken-SachsenEnergie-Center,dresden-parken-Sarrasanistrasse,dresden-parken-Schiessgasse,dresden-parken-Semperoper,dresden-parken-Stadtforum-Dresden,dresden-parken-Strehlener-Strasse,dresden-parken-Taschenbergpalais,dresden-parken-Terrassenufer,dresden-parken-Terrassenufer-Bus,dresden-parken-Theresienstrasse,dresden-parken-Weissig,dresden-parken-Weixdorf-Bad,dresden-parken-Wiener-Platz-Hauptbahnhof,dresden-parken-Wiesentorstrasse,dresden-parken-Wigardstrasse,dresden-parken-Wohrl-Florentinum,dresden-parken-World-Trade-Center,ffh-parken-bad-homburg-Am-Bahnhof,ffh-parken-bad-homburg-Louisen-Arkaden,ffh-parken-bad-homburg-Parkgarage-Karstadt,ffh-parken-bad-homburg-Parkgarage-Kurhaus,ffh-parken-bad-homburg-Parkgarage-Rathaus,ffh-parken-bad-homburg-Parkgarage-Schloss,ffh-parken-bad-homburg-Parkhaus-La-Vie,ffh-parken-bad-homburg-Parkhaus-am-Guterbahnhof,ffh-parken-bad-homburg-Parkhaus-am-Markt,ffh-parken-frankfurt-Aculeum,ffh-parken-frankfurt-Alt-Sachsenhausen,ffh-parken-frankfurt-Alte-Oper,ffh-parken-frankfurt-Am-Gericht,ffh-parken-frankfurt-Am-Theater,ffh-parken-frankfurt-Baseler-Platz,ffh-parken-frankfurt-Borse,ffh-parken-frankfurt-Burgerhaus-Bornheim,ffh-parken-frankfurt-Congresscenter-Messe-Frankfurt-Maritim-Hotel,ffh-parken-frankfurt-Friedrichsheim,ffh-parken-frankfurt-Gateway-Garden,ffh-parken-frankfurt-Goetheplatz,ffh-parken-frankfurt-Hafenpark-Quartier-NORD,ffh-parken-frankfurt-Hauptbahnhof-Sud,ffh-parken-frankfurt-Hauptwache,ffh-parken-frankfurt-Hotel-Intercontinental,ffh-parken-frankfurt-Hotel-Movenpick,ffh-parken-frankfurt-Junghofstrasse,ffh-parken-frankfurt-Konrad-Adenauer-Strasse,ffh-parken-frankfurt-Konstabler,ffh-parken-frankfurt-Mainzer-Landstrasse,ffh-parken-frankfurt-Mayfarth-Quartier,ffh-parken-frankfurt-Messeturm,ffh-parken-frankfurt-Mousonturm,ffh-parken-frankfurt-MyZeil-PalaisQuartier,ffh-parken-frankfurt-Opernturm,ffh-parken-frankfurt-Ordnungsamt,ffh-parken-frankfurt-P-R-Haus-Borsigallee,ffh-parken-frankfurt-P-R-Kalbach,ffh-parken-frankfurt-Parkhaus-Konigsteiner-Strasse,ffh-parken-frankfurt-Schiller-Passage,ffh-parken-frankfurt-Universitatsklinikum-Innengelande,ffh-parken-frankfurt-Universitatsklinikum-P2,ffh-parken-frankfurt-Universitatsklinikum-P5,ffh-parken-frankfurt-Universitatsklinikum-Sandhofstrasse,ffh-parken-frankfurt-Untermainanlage,ffh-parken-kassel-Atrium,ffh-parken-kassel-City-Point,ffh-parken-kassel-Friedrichsplatz,ffh-parken-kassel-Galeria,ffh-parken-kassel-Herkules-Besucherzentrum,ffh-parken-kassel-Kurfursten-Galerie,ffh-parken-kassel-Martinskirche,ffh-parken-kassel-Rathaus,ffh-parken-kassel-Schloss-Wilhelmshohe,ffh-parken-kassel-Wilhelmsstrasse,ffh-parken-mannheim-C1-Hauptverwaltung-MPB-Parkhaus,ffh-parken-mannheim-Collini-Center-Mulde-Parkplatz,ffh-parken-mannheim-D3-Tiefgarage,ffh-parken-mannheim-D5-Reiss-Museum-Tiefgarage,ffh-parken-mannheim-G1-Marktplatz-Tiefgarage,ffh-parken-mannheim-H6-Tiefgarage,ffh-parken-mannheim-Hauptbahnhof-P1-Tiefgarage,ffh-parken-mannheim-Hauptbahnhof-P2-Parkhaus,ffh-parken-mannheim-Hauptbahnhof-P3-Parkhaus,ffh-parken-mannheim-Hauptbahnhof-P5-Parkhaus,ffh-parken-mannheim-Klinikum-P3-Parkplatz,ffh-parken-mannheim-Klinikum-Tiefgarage,ffh-parken-mannheim-M4a-Parkplatz,ffh-parken-mannheim-N1-N2-Stadthaus-Parkhaus,ffh-parken-mannheim-N6-Komforthaus,ffh-parken-mannheim-N6-Standardhaus,ffh-parken-mannheim-SAP-Arena-P1-Parkplatz,ffh-parken-mannheim-SAP-Arena-P2-Parkplatz,ffh-parken-mannheim-SAP-Arena-P3-Parkplatz,ffh-parken-mannheim-SAP-Arena-P6-P8-Parkplatz,ffh-parken-mannheim-U2-Tiefgarage,ffh-parken-wiesbaden-PH-City-II,ffh-parken-wiesbaden-PH-Coulinstr,ffh-parken-wiesbaden-PH-Galeria-Kaufhof,ffh-parken-wiesbaden-PH-Karstadt,ffh-parken-wiesbaden-PH-Kurhaus-Casino,ffh-parken-wiesbaden-PH-Lili,ffh-parken-wiesbaden-PH-Luisenforum,ffh-parken-wiesbaden-PH-Luisenplatz,ffh-parken-wiesbaden-PH-Markt,ffh-parken-wiesbaden-PH-Mauritius,ffh-parken-wiesbaden-PH-Theater,ffh-parken-wiesbaden-TG-Lili,ffh-parken-wiesbaden-TG-RMCC,heilbronn-parken-Am-Bollwerksturm,heilbronn-parken-Bildungscampus-Mitte,heilbronn-parken-E-Quartiersgarage-Neckarbogen,heilbronn-parken-Harmonie,heilbronn-parken-Kathchenhof,heilbronn-parken-Kiliansplatz,heilbronn-parken-P-R-Karlsruher-Strasse,heilbronn-parken-Parkhaus-Experimenta,heilbronn-parken-Parkplatz-Hauptbahnhof,heilbronn-parken-Stadtgalerie,heilbronn-parken-Theaterforum-K3,heilbronn-parken-Wollhaus,ingolstadt-parken-Arena,ingolstadt-parken-Congressgarage,ingolstadt-parken-Festplatz,ingolstadt-parken-Hallenbad,ingolstadt-parken-Hauptbahnhof-Ost,ingolstadt-parken-Hauptbahnhof-West,ingolstadt-parken-Munster,ingolstadt-parken-Nordbahnhof,ingolstadt-parken-Reduit-Tilly,ingolstadt-parken-Schloss,ingolstadt-parken-Theater-Ost,ingolstadt-parken-Theater-West,konstanz-parken-Altstadt,konstanz-parken-Augustiner,konstanz-parken-Dobele,konstanz-parken-Fernbusbahnhof,konstanz-parken-Fischmarkt,konstanz-parken-Lago,konstanz-parken-Seerheincenter,mobilitaet-jena-Am-Anger,mobilitaet-jena-Am-Gries,mobilitaet-jena-Am-Planetarium,mobilitaet-jena-Am-Stadion,mobilitaet-jena-August-Bebel-Strasse,mobilitaet-jena-Bachstrasse,mobilitaet-jena-Busbahnhof,mobilitaet-jena-City-Carree,mobilitaet-jena-Eichplatz,mobilitaet-jena-Eisenbahndamm,mobilitaet-jena-Erbertstrasse,mobilitaet-jena-Ernst-Abbe-Strasse,mobilitaet-jena-Ernst-Haeckel-Strasse,mobilitaet-jena-Gartenstrasse,mobilitaet-jena-Goethe-Galerie,mobilitaet-jena-Grietgasse,mobilitaet-jena-Haeckelplatz,mobilitaet-jena-Holzmarkt,mobilitaet-jena-Krautgasse,mobilitaet-jena-Lassallestrasse,mobilitaet-jena-Lessingstrasse,mobilitaet-jena-Muhlenstrasse,mobilitaet-jena-Neue-Mitte,mobilitaet-jena-Paradiesbahnhof,mobilitaet-jena-Philosophenweg,mobilitaet-jena-Roland-Ducke-Weg,mobilitaet-jena-Schlossgasse,mobilitaet-jena-Seidelparkplatz,mobilitaet-jena-Seidelstrasse,mobilitaet-jena-Semmelweissstrasse,mobilitaet-jena-Sophienstrasse,mobilitaet-jena-Spitzweidenweg,mobilitaet-jena-Steinkreuz,mobilitaet-jena-Stoystrasse,mobilitaet-jena-Wagnergasse,mobilitaet-jena-Westbahnhof,mobilitaet-jena-Wiesenstrasse,mobilitaet-jena-Windberg,mobilitaet-jena-Wollnitzer-Strasse,mobilitaet-jena-Ziegelmuhlenweg,oldenburg-service-parken-Altes-Gymnasium,oldenburg-service-parken-CCO-Parkdeck-1,oldenburg-service-parken-CCO-Parkdeck-2,oldenburg-service-parken-Parkhaus-Alter-Stadthafen-Cinemaxx,oldenburg-service-parken-Parkhaus-Am-Waffenplatz,oldenburg-service-parken-Parkhaus-August-Carree,oldenburg-service-parken-Parkhaus-Bahnhof-ZOB,oldenburg-service-parken-Parkhaus-Galeria-Kaufhof,oldenburg-service-parken-Parkhaus-Heiligengeist-Hoefe,oldenburg-service-parken-Parkhaus-Schlosshoefe,oldenburg-service-parken-Parkhaus-Theatergarage,oldenburg-service-parken-Parkplatz-Pferdemarkt,oldenburg-service-parken-Parkplatz-Theaterwall,oldenburg-service-parken-Ratsherren,parken-in-bochum-P1-Husemannplatz,parken-in-bochum-P2-Dr-Ruer-Platz,parken-in-bochum-P3-Rathaus-BVZ,parken-in-bochum-P5-Bruckstrasse,parken-in-bochum-P6-Hauptbahnhof-Buddenbergplatz,parken-in-bochum-P7-Kurt-Schumacher-Platz,parken-in-bochum-P8-Konrad-Adenauer-Platz-Bermuda3Eck,parken-in-bochum-P9-Schauspielhaus,parken-in-bochum-PH-Alter-Markt-Wattenscheid,parken-in-bochum-PH-Bochumer-Fenster,parken-in-bochum-PH-Husemann-Karree,parken-in-bochum-PH-Massenbergstrasse,parken-in-bochum-PH-Quartiersgarage-Ostpark,parken-in-bochum-PH-Stadionring,parken-in-bochum-PH-Westpark-Jahrhunderthalle,parken-luebeck-Am-Bahnhof-Handelshof-Parkplatz-Strassenrand-Am-Bahnhof-Handelshof-Parkplatz-Strassenrand-Lubeck,parken-luebeck-Am-Burgfeld-Parkplatz-Am-Burgfeld-Parkplatz-Lubeck,parken-luebeck-Am-Fischereihafen-Parkplatz-Am-Fischereihafen-Parkplatz-Travemunde,parken-luebeck-Am-Leuchtenfeld-Leuchtturm-Parkplatz-Am-Leuchtenfeld-Leuchtturm-Parkplatz-Travemunde,parken-luebeck-Backbord-Parkplatz-Backbord-Parkplatz-Travemunde,parken-luebeck-Bahnhof-Parkplatz-Strassenrand-Bahnhof-Parkplatz-Strassenrand-Lubeck,parken-luebeck-Bauhof-Parkplatz-Bauhof-Parkplatz-Lubeck,parken-luebeck-Beckergrube-Parkplatz-Beckergrube-Parkplatz-Lubeck,parken-luebeck-Bruckenweg-Parkplatz-Bruckenweg-Parkplatz-Lubeck,parken-luebeck-Burgstrasse-Parkplatz-Burgstrasse-Parkplatz-Lubeck,parken-luebeck-Fahrstrasse-Parkplatz-Fahrstrasse-Parkplatz-Lubeck,parken-luebeck-Fahrvorplatz-Parkplatz-Fahrvorplatz-Parkplatz-Travemunde,parken-luebeck-Hafenbahnhof-Parkplatz-Hafenbahnhof-Parkplatz-Travemunde,parken-luebeck-Hermann-Lange-Strasse-Parkplatz-Hermann-Lange-Strasse-Parkplatz-Lubeck,parken-luebeck-Huxterdamm-Parkplatz-Huxterdamm-Parkplatz-Lubeck,parken-luebeck-Kanalstrasse-P2-Parkplatz-Kanalstrasse-P2-Parkplatz-Lubeck,parken-luebeck-Kanalstrasse-P3-Parkplatz-Kanalstrasse-P3-Parkplatz-Lubeck,parken-luebeck-Kanalstrasse-P4-Parkplatz-Kanalstrasse-P4-Parkplatz-Lubeck,parken-luebeck-Kanalstrasse-P5-Parkplatz-Kanalstrasse-P5-Parkplatz-Lubeck,parken-luebeck-Kanalstrasse-Strassenrand-Parkplatz-Kanalstrasse-Strassenrand-Parkplatz-Lubeck,parken-luebeck-Kirchenstrasse-Parkplatz-Kirchenstrasse-Parkplatz-Travemunde,parken-luebeck-Konrad-Adenauer-IHK-Parkplatz-Strassenrand-Konrad-Adenauer-IHK-Parkplatz-Strassenrand-Lubeck,parken-luebeck-Kowitzberg-Parkplatz-Kowitzberg-Parkplatz-Travemunde,parken-luebeck-Kurgartenstrasse-Parkplatz-Kurgartenstrasse-Parkplatz-Travemunde,parken-luebeck-Lastadie-P1-Parkplatz-Lastadie-P1-Parkplatz-Lubeck,parken-luebeck-Lastadie-P3-Parkplatz-Lastadie-P3-Parkplatz-Lubeck,parken-luebeck-Lastadie-P5-Parkplatz-Lastadie-P5-Parkplatz-Lubeck,parken-luebeck-Leuchtenfeld-Parkplatz-Leuchtenfeld-Parkplatz-Travemunde,parken-luebeck-Marlesgrube-Parkplatz-Marlesgrube-Parkplatz-Lubeck,parken-luebeck-Mowenstein-Parkplatz-Mowenstein-Parkplatz-Travemunde,parken-luebeck-MuK-Parkplatz-MuK-Parkplatz-Lubeck,parken-luebeck-Muhlenbrucke-Parkplatz-Muhlenbrucke-Parkplatz-Lubeck,parken-luebeck-Muhlendamm-Parkplatz-Muhlendamm-Parkplatz-Lubeck,parken-luebeck-Muhlenstrasse-Parkplatz-Muhlenstrasse-Parkplatz-Lubeck,parken-luebeck-Mullergarten-Parkplatz-Mullergarten-Parkplatz-Lubeck,parken-luebeck-Musterbahn-Parkplatz-Musterbahn-Parkplatz-Lubeck,parken-luebeck-Nordliche-Wallhalbinsel-Parkplatz-Nordliche-Wallhalbinsel-Parkplatz-Lubeck,parken-luebeck-Obertrave-Parkplatz-Strassenrand-Obertrave-Parkplatz-Strassenrand-Lubeck,parken-luebeck-Parade-Parkplatz-Parade-Parkplatz-Lubeck,parken-luebeck-Parkplatz-vor-dem-PH-Burgtor-Parkplatz-Parkplatz-vor-dem-PH-Burgtor-Parkplatz-Lubeck,parken-luebeck-Paul-Brummer-Strasse-Parkplatz-Paul-Brummer-Strasse-Parkplatz-Travemunde,parken-luebeck-Priwall-Parkplatz-Priwall-Parkplatz-Travemunde,parken-luebeck-Radisson-Blu-Parkplatz-Radisson-Blu-Parkplatz-Lubeck,parken-luebeck-Retteich-Parkplatz-Retteich-Parkplatz-Lubeck,parken-luebeck-Roeckstrasse-Parkplatz-Roeckstrasse-Parkplatz-Lubeck,parken-luebeck-Rose-Parkplatz-Rose-Parkplatz-Travemunde,parken-luebeck-Strandbahnhof-Parkplatz-Strandbahnhof-Parkplatz-Travemunde,parken-luebeck-Trelleborgallee-Parkplatz-Trelleborgallee-Parkplatz-Travemunde,parken-luebeck-Untertrave-Flache-1-Parkplatz-Strassenrand-Untertrave-Flache-1-Parkplatz-Strassenrand-Lubeck,parken-luebeck-Untertrave-Parkplatz-Untertrave-Parkplatz-Lubeck,parken-luebeck-Verwaltungszentrum-Muhlentor-Parkplatz-Verwaltungszentrum-Muhlentor-Parkplatz-Lubeck,parken-luebeck-Vogteistrasse-Parkplatz-Vogteistrasse-Parkplatz-Travemunde,parken-luebeck-Wallstrasse-Parkplatz-Wallstrasse-Parkplatz-Lubeck,parken-luebeck-Werner-Kock-Strasse-Parkplatz-Strassenrand-Werner-Kock-Strasse-Parkplatz-Strassenrand-Lubeck,parken-osnabrueck-11,parken-osnabrueck-13,parken-osnabrueck-16,parken-osnabrueck-17,parken-osnabrueck-18,parken-osnabrueck-19,parken-osnabrueck-21,parken-osnabrueck-22,parken-osnabrueck-23,parken-osnabrueck-24,parken-osnabrueck-25,parken-osnabrueck-26,parken-osnabrueck-27,parken-osnabrueck-28,parken-osnabrueck-29,parken-osnabrueck-30,parken-osnabrueck-31,parken-osnabrueck-32,parken-osnabrueck-33,parken-osnabrueck-34,parken-osnabrueck-35,parken-osnabrueck-36,parken-osnabrueck-37,parken-osnabrueck-38,parken-osnabrueck-39,parken-osnabrueck-40,parken-osnabrueck-41,parken-osnabrueck-43,parken-osnabrueck-44,parken-osnabrueck-45,parken-osnabrueck-46,parken-osnabrueck-49,parken-osnabrueck-50,parken-osnabrueck-51,regensburg-parken-Park-Ride-Parkplatz-Unterer-Wohrd,regensburg-parken-Park-Ride-Parkplatz-West,regensburg-parken-Parkhaus-Dachauplatz,regensburg-parken-Parkhaus-Dallmeier,regensburg-parken-Parkhaus-Regensburg-Arcaden,regensburg-parken-Parkhaus-St-Peters-Weg,regensburg-parken-Parkplatz-Dultplatz,regensburg-parken-Tiefgarage-Arnulfsplatz,regensburg-parken-Tiefgarage-Hauptbahnhof-Castra-Regina-Center,regensburg-parken-Tiefgarage-am-Theater-Bismarckplatz,reutlingen-parken-Am-Bahnhof,reutlingen-parken-Bahnhof,reutlingen-parken-Echaz-Zentrum,reutlingen-parken-Galeria-Kaufhof,reutlingen-parken-Gartentor-C-A-Mode,reutlingen-parken-Gartenviertel,reutlingen-parken-Kaiserpassage,reutlingen-parken-Klinikum-I,reutlingen-parken-Klinikum-II,reutlingen-parken-Konrad-Adenauer-Strasse-Eberhardstrasse,reutlingen-parken-Kronprinzenbau,reutlingen-parken-Lederstrasse,reutlingen-parken-Nordstern,reutlingen-parken-Obere-Wassere,reutlingen-parken-Parkgarage-Leonhardsplatz,reutlingen-parken-Parkhaus-Pomologie,reutlingen-parken-Rathaus-Tubinger-Tor,reutlingen-parken-Stadthalle,reutlingen-parken-Stadtmitte,reutlingen-parken-Unter-den-Linden,reutlingen-parken-Volksbank,sw-bielefeld-parken-Parkhaus-Am-Hauptbahnhof,sw-bielefeld-parken-Parkhaus-Am-Jahnplatz,sw-bielefeld-parken-Parkhaus-Am-Zwinger,sw-bielefeld-parken-Parkhaus-Ankergarten,sw-bielefeld-parken-Parkhaus-Bahnhofsviertel-1,sw-bielefeld-parken-Parkhaus-Bahnhofsviertel-2,sw-bielefeld-parken-Parkhaus-Centrum,sw-bielefeld-parken-Parkhaus-Karstadt,sw-bielefeld-parken-Parkhaus-LOOM,sw-bielefeld-parken-Parkhaus-Ritterstrasse,sw-bielefeld-parken-Parkhaus-Stadthalle,sw-bielefeld-parken-Parkpalette-Hermann-Delius-Strasse,sw-bielefeld-parken-Parkplatz-Friedenstrasse,sw-bielefeld-parken-Parkplatz-Grosse-Kurfursten-Str,sw-bielefeld-parken-Parkplatz-Hbf,sw-bielefeld-parken-Parkplatz-Herforder-Str,sw-bielefeld-parken-Parkplatz-Kunsthalle,sw-bielefeld-parken-Parkplatz-Mercatorstr,sw-bielefeld-parken-Parkplatz-Niederwall,sw-bielefeld-parken-Parkplatz-Teutoburger-Strasse,sw-bielefeld-parken-Parkplatz-Zentrum,sw-bielefeld-parken-Parkplatze-Werner-Bock-Strasse,sw-bielefeld-parken-Seidenstickerhalle,sw-bielefeld-parken-Tiefgarage-Altstadt-Carre,sw-bielefeld-parken-Tiefgarage-Am-Theater,sw-bielefeld-parken-Tiefgarage-Kesselbrink,sw-bielefeld-parken-Tiefgarage-Marktpassage-nicht-fur-gasbetriebene-Fahrzeuge,sw-bielefeld-parken-Tiefgarage-Neues-Rathaus,sw-bielefeld-parken-Tiefgarage-Welle,sw-bielefeld-parken-Tiefgarage-Willy-Brandt-Platz,sw-bielefeld-parken-Tiefgarage-und-Parkpalette-CineStar,swt-trier-parken-Basi,swt-trier-parken-City,swt-trier-parken-Hauptm,swt-trier-parken-Kons,swt-trier-parken-Osta,swt-trier-parken-ParkPlaza,swt-trier-parken-Vieh,tiefbauamt-nuernberg-parken-ADCOM-Center,tiefbauamt-nuernberg-parken-Adlerstrasse,tiefbauamt-nuernberg-parken-City-Park-Center,tiefbauamt-nuernberg-parken-Erler-Klinik,tiefbauamt-nuernberg-parken-Findelgasse,tiefbauamt-nuernberg-parken-Galeria-Kaufhof,tiefbauamt-nuernberg-parken-Hans-Sachs-Platz,tiefbauamt-nuernberg-parken-Hauptbahnhof,tiefbauamt-nuernberg-parken-Hauptmarkt,tiefbauamt-nuernberg-parken-Jakobsmarkt,tiefbauamt-nuernberg-parken-Katharinenhof,tiefbauamt-nuernberg-parken-PH-Nurnberger-Akademie,tiefbauamt-nuernberg-parken-Parkhaus-City-Point,tiefbauamt-nuernberg-parken-Parkhaus-Karstadt,tiefbauamt-nuernberg-parken-Parkhaus-Maximum,tiefbauamt-nuernberg-parken-Parkhaus-Wohrl,tiefbauamt-nuernberg-parken-Parkhausname,tiefbauamt-nuernberg-parken-Sebalder-Hofe,tiefbauamt-nuernberg-parken-Sterntor,tiefbauamt-nuernberg-parken-Theater,vmz-bremen-parken-Am-Bahnhof,vmz-bremen-parken-Am-Brill,vmz-bremen-parken-Am-Dom,vmz-bremen-parken-Am-Kuhhirten,vmz-bremen-parken-Am-Sedanplatz,vmz-bremen-parken-Am-Vegesacker-Hafen,vmz-bremen-parken-Am-Wall,vmz-bremen-parken-Aumunder-Markplatz,vmz-bremen-parken-Beckersweide,vmz-bremen-parken-Burgerweide,vmz-bremen-parken-Burgerweide-Klangbogen,vmz-bremen-parken-City-Gate,vmz-bremen-parken-Fresenbergstrasse-P1,vmz-bremen-parken-Fresenbergstrasse-P2,vmz-bremen-parken-Herdentor-Rembertiring,vmz-bremen-parken-Hillmannplatz,vmz-bremen-parken-Im-Pohl,vmz-bremen-parken-Katharinenklosterhof,vmz-bremen-parken-Kunstlerhaus-Guterbahnhof,vmz-bremen-parken-Lubecker-Strasse,vmz-bremen-parken-Messe-Parkhaus,vmz-bremen-parken-Mitte,vmz-bremen-parken-Ortsamt-Blumenthal,vmz-bremen-parken-Ostertor-Kulturmeile,vmz-bremen-parken-Pressehaus,vmz-bremen-parken-Rowekamp-Metropol-Theater,vmz-bremen-parken-Sagerstr,vmz-bremen-parken-Silbermannstrasse,vmz-bremen-parken-Stephani,vmz-bremen-parken-Uberseestadt,vmz-bremen-parken-Weserstadion,vtmanager-duesseldorf-parken-FLOAT,vtmanager-duesseldorf-parken-Heerdt,vtmanager-duesseldorf-parken-PH-01,vtmanager-duesseldorf-parken-PH-02,vtmanager-duesseldorf-parken-PH-03,vtmanager-duesseldorf-parken-PH-04,vtmanager-duesseldorf-parken-PH-06,vtmanager-duesseldorf-parken-PH-08,vtmanager-duesseldorf-parken-PH-09,vtmanager-duesseldorf-parken-PH-10,vtmanager-duesseldorf-parken-PH-11,vtmanager-duesseldorf-parken-PH-12,vtmanager-duesseldorf-parken-PH-13,vtmanager-duesseldorf-parken-PH-16,vtmanager-duesseldorf-parken-PH-17,vtmanager-duesseldorf-parken-PH-18,vtmanager-duesseldorf-parken-PH-20,vtmanager-duesseldorf-parken-PH-22,vtmanager-duesseldorf-parken-PH-23,vtmanager-duesseldorf-parken-PH-24,vtmanager-duesseldorf-parken-PH-25,vtmanager-duesseldorf-parken-PH-26,vtmanager-duesseldorf-parken-PH-29,vtmanager-duesseldorf-parken-PH-33,vtmanager-duesseldorf-parken-PH-34,vtmanager-duesseldorf-parken-PH-35,vtmanager-duesseldorf-parken-PH-37,vtmanager-duesseldorf-parken-PH-39,vtmanager-duesseldorf-parken-PH-42,vtmanager-duesseldorf-parken-PH-43,vtmanager-duesseldorf-parken-PH-45,vtmanager-duesseldorf-parken-PH-46,vtmanager-duesseldorf-parken-PH-47,vtmanager-duesseldorf-parken-PH-48,vtmanager-duesseldorf-parken-PH-50,vtmanager-duesseldorf-parken-PH-51,vtmanager-duesseldorf-parken-PH-52,vtmanager-duesseldorf-parken-PH-53,vtmanager-duesseldorf-parken-PH-54
2026-09-09T00:00:01+00:00,219,,55,127,,46,,256,,,220,249,340,476,,346,,,,1245,167,469,422,424,,,90,,,71,1447,32,110,64,150,,,,0,166,160,0,122,0,39,,,,,140,,369,44,82,,35,51,19,53,156,174,19,106,209,87,232,83,48,17,111,,,318,0,,162,262,373,230,292,218,180,226,21,198,63,396,164,325,322,301,233,591,65,288,222,301,527,220,417,211,92,120,289,347,442,151,169,788,78,811,277,116,305,292,215,339,1153,22,,490,85,,,,188,276,527,,128,390,,0,0,0,0,295,0,0,0,0,532,0,0,0,0,178,206,0,0,0,0,0,260,129,,10,219,370,255,292,86,181,74,150,89,304,464,558,390,67,230,,990,439,614,380,405,355,429,1360,558,158,417,216,109,302,240,527,292,,,266,17,153,899,,0,0,0,0,0,0,0,0,300,0,0,0,0,0,491,0,12,113,145,0,0,0,0,0,0,0,0,152,0,0,0,0,53,0,0,0,0,64,0,0,48,209,36,202,516,285,171,261,243,421,0,401,74,14,463,346,408,669,340,410,550,132,,234,375,91,,1399,,,,357,,124,,,,,,,,0,,,223,104,19,18,,,,448,,,15,251,342,,,322,,,,,,,,,,,,26,,,,,,,,,,,,232,141,51,121,105,151,72,202,517,431,38,30,192,186,43,219,7,0,20,92,198,285,0,34,296,172,299,200,122,141,886,45,145,56,103,0,419,65,1139,343,0,137,203,181,0,118,209,289,84,0,0,343,343,116,0,314,0,343,209,135,289,200,249,0,0,791,88,181,90,723,,309,,,323,355,,,160,104,,,,,,75,,,312,76,,,358,269,,237,153,751,257,187,700,83,272,53,164,367,117,138,157,53,145,325,340,403,221,0,281,32,368,,200,226,0,,,,,,,,,,,,,,,,,,,,,,,,,,,,,,,,674,143,110,490,83,348,296,100,563,,,,90,143,,160,64,,387,200,465,265,360,,,,200,527,632,,,547,,201,124,160,641,358,123
2026-09-09T00:15:01+00:00,,,,,,,,,,,,,,,,,,,,,,,,,,,,,,72,,,111,,,,,,,,,,,,,,,,,,,,,,,,,,52,,,,107,,,,,,,,,,,,,,,,,,,,,,,,,,,,,,,,,,,,,,,,,,,,,,,,,,,,,,,,,,,,,,,,,,,,,,,,,,,,,,,,,,,,,,,,,,,,,,,,,,,,,,,,,,,,,,,,,,,,,,,,,,,,,,,,,,,,,,,,,,,,,,,,,,,,,,,,,,,,,,,,,,,,,,,,,,,,,,,,,,,,,,,,,,,,,,,,,,,,,,,,,,,,,,,,,,,,,,,,,,,,,,,,,,,,,,,,,,,,,,,,,,,,,,,,,,,,,,,,,,,,,,,,,,,,,,,,,,,,,,,,,,,,,,,,,,,,,,,,,,,,,,,,,,,,,,,,,,,,,,,,,,,789,,,,,,,,,,,,,,,,,,,,,,,,,,,,,,,,,,,,,,,,,,,,,,,,,,,,,,,,,,,,,,,,,,,,,,,,,,,,,,,,,,,,,,,,,,,,491,,,,,,208,357,337,,142,,,,100,,,,,,,,,,,,127,,,,,,,,,
2026-09-09T00:15:02+00:00,,,,,,,,,,,,,,,,,,,,,,,,,,,,,,,,,,,,,,,,,,,,,,,,,,,,,,,,,,,,,,,,,,,,,,,,,,,,,,,,,,,,,,,395,,,,,,592,,,,,528,,,,,,,,443,,,,,813,,,,294,,,1151,,,,86,,,,,274,,,127,,,,,,,296,,,,,,,,,,,,,,,,,,,,,,,,,,,,,,,468,559,,,,,991,440,,,,,430,,,,416,,,,,,,,,267,17,154,,,,,,,,,,,,,,,,,,,,,,,,,,,,,,,,,,,,,,,,,,,,,,,,,,,,,,,,,,,,,,,,,,,,,,,,,,,,,,,,,,,,,,,,,,,,,,,,,,,,,,,,,,,,,,,,,,,,,,,,,,,,,,234,,,,,,,201,,,,,,,,,,,,,,,,,,,,,,,,,,,,,420,,,342,,,,183,,,,,,,,,,,,,,,,,,,,,,,,,,,,,,,,,,,,,,,,,,,,,,,,,,,,,,,,,,,273,,,,,,,,,,,,,,280,,,,,,,,,,,,,,,,,,,,,,,,,,,,,,,,,,,,,,,,,,,,,,,,,,,,,,,,,,,,,,,,,,,,,,,,,,,,
2026-09-09T00:30:01+00:00,,,,,,,,,,,,251,,,,,,,,,,,,,,,,,,71,,,112,,,,,,,,,,,,,,,,,,,,,,,,,,,,,,,,,,,,,,,,317,,,,263,,,,,,,,,,,,327,,,,,,,,,,,,,,,,,,,,,,,,,,,,338,1152,,,,,,,,,,,,,,,,,,,297,,,,,,,,,,,,,,,,,,,,,,,,,,,,,,,470,560,,,,,,,,,,,,,,,,,,,,,,,,266,17,,900,,,,,,,,,,,,,,,,,,,,,,,,,,,,,,,,,,,,,,,,,,,,,,,,,,,,,,,,,,407,,,,,,,,,,,,,,,,,,,,,,,,,,,,,,,,,,,,,,,,,,,,,,,,,,,,,,,,,,,,,,,,,,,236,,,,,,,,,,,,,,,,,,,,,,,,,,,,,,,,,,,,,,,,,,,,,,,,,,,,,,,,,,,,,,,,,,,,,,,,,,,,,,,,,,,,,,,,,,,,,,,,,,,,,,,,,366,,,,,143,,,,,,282,,,,,,,,,,,,,,,,,,,,,,,,,,,,,,,,,,,,,,,,,,,,,,,,,,,,,,,,,,,,,,,,,,,,,,,,,,,,
2026-09-09T00:45:02+00:00,,,,,,,,,,,,,,,,,,,,,,,,,,,,,,,,,,,,,,,,,,,,,,,,,,,,,,,,,50,,,,,,108,,,,,,,,,,,,,,,,,,,,,,,,,,,,,,,,,,,,,,,,,,,,,,,,,,115,,,,,1156,,,,,,,,188,276,529,,127,390,,,,,,,,,,,,,,,,,,,,,,,,,,,,,,,,,,,,,471,,,,,,,439,,,,,429,,,,,,107,,,,,,,268,17,,,,,,,,,,,,,,,,,,,,,,,,,,,,,,,,,,,,,,,,,,,,,,,,,,,,,,,,,,,,408,,,,,,,,,,,,,,,,,,,,,,,,,,,,,,,,,,,,,,,,,,,,,,,,,,,,,,,,,,,,,,,,,,,241,,,,,,,,,,,,,,,,,,,,,,,,,,,,,142,,,,57,,,,,,,,,,,,,,,,,,,,,,,,,,,,,,,,,,,,,,,,,,,,,,,,,,,,,,,,,,,,,,,,,,,,,,,,,,,,,,,,,,,,,,,,,,,,,,,,,,,,,,,,,,,,,,,,,,,,,,,,,,,,,,,,,,,,,,,,,,,,,,,,,,,,,,,,,,,,,,,
2026-09-09T01:00:01+00:00,,,,,,,,,,,,,,,,,,,,,,,,,,,,,,,1446,,,,,,,,,,,,,,,,,,,,,,,,,34,51,,,,,,109,,,,,,,,,,,,,,,,,,,,,,,,,,,,,,593,,,,,,,,,,,,,,,,,,,,116,,,,,1151,,,,,,,,,,,,,,,,,,,,,,,,,,,,,,,,,,,,,,,,,,,,,,,,,,469,559,,,,,,,,,,,,,,,,,106,,,,,,,,17,,,,,,,,,,,,,,,,,,,,,,,,,,,,,,,,,,,,,,,,,,,,,,,,,284,,,,,,,,,,,,,,,,,,,374,,,,,,,,,,,,,,,,,,,,,,,,,,,,,,,,,,,,,,,,,,,,,,,,,,,,,,,,,,,242,,,,,,,,,,,,,,,,,,,,,,,,,,,,,,,,,58,,,,,,,,,,,,,,,,,,,,,,,,,,,,,,,,,,,,,,,,,,,,,,,,,,,,,,,,,,,,,,,,752,,,,,,,,,,,,,,,,,,,,,,,,228,,,,,,,,,,,,,,,,,,,,,,,,,,,,,,,,,,,,,,,,,,,,,,,,,,,,,,,,,,,,,,,,,,,,,,,
2026-09-09T01:15:02+00:00,,,,,,,,,,,,,,,,,,,,,,,,,,,,,,,1447,,,,,,,,,,,,,,,,,,,,,,,,,,,,53,,,,,211,,235,,,,,,,,,,,,,,,,,,,,,,,,,,,,,,,,505,,,,,,,345,,,,,,,278,,,,,,1158,,,,,,,,188,276,529,,129,390,,,,,,298,,,,,,,,,,,,,,,,,,,,,,,,,,,,,,,468,558,,,,,990,,,,,,,,,,,,105,,,,,,,,17,,901,,,,,,,,,,,,,,,,490,,,,,,,,,,,,,,,,,,,,,,,,,,,,,,,,,,,,,,,,,,,,,,551,,,,,,,,,,,,,,,,,,,,,,,,,,,,,,,,,,,,,,,,,,,,,,,,,,,,,,,,,,,,,,,,,,,,,,,,,,,,,,,,,,,,,,,,,,,,,,,144,,,,,,,,,138,,,,,,,,,,,,,,,,,,,,,,,,,,,,,,,,,,356,,,,,,,,,,,,,,,,,,,,,,,,,,,,,,,,,,,,,,,,,,,,,,,,,,,,,,,,,,,,,,,,,,,,,,,,,,,,,,,,,,,,,,,,208,357,337,,,,,,,,,,,,,,,,,,127,,,,,,,,,
2026-09-09T01:30:01+00:00,,,,,,,,,,,,250,,,,,,,,,,,,,,,,,,,1448,,,,,,,,,,,,,,,,,,,,,,,,,,,,,,,,,,,,,,,,,,,,,,,,,,,,,,,,,,,,,,,,,,,,,,,,,,,,,,,,,,,,,,,1160,,,,,,,,,,,,,,,,,,,,,,,,,,,,,,,,,,,,,,,,,,,,,,,,,,470,,389,,,,,,,,406,,,,,,,,,301,,,,,,267,17,,900,,,,,,,,,,,,,,,,,,,,,,,,,,,,,,,,,,,,,,,,,,,,,,,,,,,,,,,,,,,,,,,,,,,,,,,,,,,,,,,,,,,,,,,,,,,,,,,,,,,,,,,,,,,,,,,,,,,,,,,,,,,,,,,,,,,,,,,,,,,,,,,,,,,,,,,,,,,,,,,,,,,,,,,,,,,,,,,,,,,,,,,,,,,,,,,,,,,,,,,,,,,,,,,,,,,,,,,,,,,,,154,,,,,,,,,,118,,,,,,,,,,,,,,,229,,,,,,,,,,,,,,,,,,,,,,,,,,,,,,,,,,,,,,,,,,,,,,,,,,,,,,,,,,,,,,,,,,,,,,,
2026-09-09T01:45:02+00:00,,,,,,,,,,,,249,,,,,,,,,,,,,,,,,,,1452,,,,,,,,,,157,,,,,,,,,,,,,,,,,,,,,,110,,,,,,,,,,,,,,,,,,,,,,,,,,,,,,,,,,,,,,,,,,,,,,,,,,,304,,,339,1158,,,,,,,,,,,,,,,,,,,,,,,,,,,,,,,,,,,,,,,,,,,,,,,,,,469,557,390,,,,,,,,405,353,,,,,,,104,,,,294,,,,17,,,,,,,,,,,,,,,,,,,,,,,,,,,,,,,,,,,,,,,,,,,,,,,,,282,,,,,,,,,464,,,,,,553,,,,,,,,,,,,,,,,,,,,,,,,,,,,,,,,,,,,,,,,,,,,,,,,,,,,,,,,,,,,,,,241,,,,,,,,,,,,,,,,,,,,,,,,,,,,,,,,,,,,,,,,,,,,,,,,,,,,,,,,,,,,,,,,,,,,,,,,,,,357,,,,103,,,,,,,,,,,,,,,,,,,,,,,,,165,,,,,,,,,,,,,,,,,,,,,,,,,,,,,,,,,,,,,,,,,,,,,,,,,,,,,492,,,,,,208,,337,,,,,65,,,,,,,,,,,,,,,,,,,,,,
2026-09-09T02:00:02+00:00,217,,,,,,,,,,,,,477,,,,,,,,,,,,,,,,,1454,,,,,,,,,,160,,,,,,,,,,,,,,,33,,,52,,,,111,,,,,,,,,,,,,,,,,,,,,,,,394,,,,,,,,,,,,,,,,,,346,442,,,,,814,,,,,,341,1157,,,,,,,,,,527,,,,,,,,,299,,,,,533,,,,,,,,,,,,,,,,,,,,,,,,,,473,556,,,,,,,,,,,,,,,415,,103,,,,,,,,17,,898,,,,,,,,,,,,,,,,,,,,,,,,,,,,,,,,,,,,,,,,,,,,,,,,170,,,,,,,,,,,,,,,,,,,,,,,,,,,,,,,,,,,,,,,,,,,,,,,,,,,,,,,,,,,,,,,,,,,,,,,,,,,,,,,50,,,,,,,,,,,,,,,,,,,,,,,,,,121,,885,,,,,,,,,,,,,,,,,,,,,,,,,,,,,,,,,,,790,,,,,,,,,,,,,159,,,,,,,,,,,,,,,,,,,,,,,,,,,,114,,,,144,,,,,,,,,,,,,,,,,,,,,,,,,,,,,,,,,,,,,,,,,,,,,,,,,,,,,,,,,,,,66,,,,,,,,,,,,,,,,,,,,,,
2026-09-09T02:15:02+00:00,215,,,,,45,,,,,,,,,,,,,,,,,,,,,,,,,,31,,,,,,,,,,,,,,,,,,,,,43,,,34,50,,51,,,,110,,,,84,,,,,,,,,,220,,,,,,,,,,,,,321,,,,,284,,,,,,,,,,,,,,,,,,,,,,,1156,,,,,,,,,,,,,,,,,,,,,,,,,,,,,,,,,,,,,,,,,,,,,,,,,,472,555,,,,,989,438,,,,,,,,,,,99,,,,,,,,17,,901,,,,,,,,,,,,,,,,,,,,,,,,,,,,,,,,,,,,,,,,,,,,,,,281,,,,,,,69,,,,,,,,,,,,,,,,,,,,,,,,,,,,,,,,,,,,,,,,,,,,,,,,,,,,,,,,,,,,,,,,,,,,,,,,,,,,,,200,,,,,,,,,,,,,,,,,,,,,,,,,,,,,,,,,,,,,,,,,,,,,,,,,,,,,,,,,,789,,,,,,,,,,,,,,,,,,,,,,,,,,,,,,,,,,,,,,,,,,,,,,,,,,,,,,,,,,,,,,,,,,,,,,,,,,,,,,,,,,,,,,,,,,142,,,,,,,567,,,,,,,,,,,,,,,,,,,,,,,,,,,,,,
2026-09-09T02:30:02+00:00,,,,,,,,,,,,250,,,,,,,,,,,,,,,,,,,,,111,,,,,,,,,,,,,,,,,,,370,,,,,51,,50,,,,,209,,,,47,,,,,316,,,,,,,,,,,,,,,,,,,,,,,,,,,,,,,,345,,,,,,,,,,,,,1153,,,,,,,,188,276,527,,129,390,,,,,,300,,,,,532,,,,,,,,,,,,,,,,,,,,,,,,,,476,,,,,,,437,,,,,,,557,157,411,,98,,,,,,,,17,,,,,,,,,,,,,,,,,,489,,,,,,,,,,,,,151,,,,,,,,,,,,,,,,,,280,168,,,,,,,,,,,,,,552,,,,,,,,,,,,,,,,,,,,,,,,,,,,,,,,,,,,,,,,,,,,,,,,,,,,,,,,,,,,,,,,142,,,,,,,,,,,,,,220,,,,,,,,,,,,,,,,,,,,,,,,,,,,,,,,,,,,,,,,,,,,,,,,,,790,,,,722,,,,,,356,,,,,,,,,,,,,,,,,,,,,,,,,,,,,,,,,,,,,,,,,,,,,,,,,,,,,,,,,,,,,,,,,,,,,,,,,,,,,,,,,,,,,,,,,,,,,,,67,,,,,,,,,,,,,,,,,,,,,,
2026-09-09T02:45:02+00:00,214,,,,,,,,,,,251,,,,,,,,,,,,,,,,,,,1455,,,,,,,,,,,,121,,,,,,,,,366,,81,,,50,,52,,,18,,,,,,46,,,,,312,,,,218,,,,,,,,,,,,,,,,,,,,,,,,,,,,346,,,,,,815,,,303,288,,340,1152,,,,,,,,200,,,,128,,,,,,,,,,,,,,,,,,,,,,,,,,,,,,,,,,,,,,474,554,389,,,,,436,,,,,,,,152,399,,97,,,,,,,,17,,,,,,,,,,,,,,,,,,488,,,,,,,,,,,,,,,,,,,,,,,,,,,,,,,279,167,,,,,,,,,,,,339,,,,,,,,,,,,,,,,,,,,,,,,,,,,,,,,,,,,,,,,,,,,,,,,,,,,,,,,,,,,,,,,,240,141,,,,,,,,,,,,,,,,,,,,,,,294,,,,,,883,,,,,,,,,,,,,,,,,,,,,,,,,,,,,,,,,,,789,,,,,,,,,,355,,,160,,,,,,,,,,,,,,,,,,,,258,,,,,,,,,,,,,,,,,,,,,,,,,,,,,,,,,,,,,,,,,,,,,,,,,,,,,,,,,,,493,,,,,,,,,,,,,,,,,,,,,,,,,,,,,,,,,,,
2026-09-09T03:00:01+00:00,,,,,,,,,,,,,,,,,,,,,,,,,,,,,,,1458,29,,,,,,,,,158,,,,,,,,,,,,42,82,,,,18,,,,,108,,,,,,,,,,309,,,,,,,,,,,,,,,,,320,,,,,,,,,,415,,,,,,,,,,,,,,,,,,1155,,,,,,,,,,,,,,,,,,,299,,,,,,,,,,,207,,,,,,,,,,,,,,,,,,,,473,551,,,,,,433,613,,,,430,,,151,397,,,,,,,,,,17,,,,,,,,,,,,,,,,,,489,,13,,,,,,,,,,,,,,,,,,,,,,,,,,,,,,166,,,,,,,,,,,668,,409,554,,,,373,,,1398,,,,,,,,,,,,,,,,,,,,,,,,,,,,,,,,,,,,,,,,,,,,,,,,,,,,,,,,236,,,,,,,,,,,,,,,,,,,,,,,,293,,,,,,877,,,,,,,,,,,,,,,,,,,,,,,,,,,,,,,,,,,,,,,,,,,,,354,,,,102,,,,,,,,,,,,,,,,,,,,,,84,,,,,,,,,,,,,,,,,,,,,,,,,,,,,,,,,,,,,,,,,,,,,,,,,,,,,673,143,,,,,,,,,,,,,,,,,,,466,,,,,,,,631,126,,548,,,,,,,
2026-09-09T03:15:02+00:00,213,,,,,,,,,,,,,,,,,,,,,,416,,,,,,,70,,,,63,,,,,,165,,,,,38,,,,,136,,,41,81,,,49,17,50,,,,110,,,,83,45,,,,,303,,,,215,,,,,,,,197,,,,,321,,,594,,,,,,,416,209,,,,344,443,,,,,,277,115,300,,,,1153,,,,,,,,199,280,527,,,390,,,,,,,,,,,,,,,,,,,,,,,,,,,,,,,,,,,,,474,,,,,,990,428,614,,406,283,,1228,447,,388,116,92,191,,357,173,,,,17,,,,,,,,,,,40,,,,,,,490,,12,,,,,,,,,,,,,,,,,,,,,,,,,,,,,277,164,,,,,400,68,,,,407,,,,,,,,,,,1397,,,,,,,,,,,,,,,,,,,,,,,,,,,,,,,,,,,,,,,,,,,,,,,,,,,,,,,,,,,,,,73,,,429,,,,,,,,,,,,,,,294,,,,,,872,,,,104,,,,1138,,,,202,,,,,,,,,,,,,,,,,,,,,,,,,,,,,310,,,,353,,,,101,,,,,,,,,311,,,,272,,,234,155,,,,,,,,,,,,,,,323,,,,,,,,,199,,,,,,,,,,,,,,,,,,,,,,,,,,,,,,,,,,,,,,,,,,566,,,,,143,,,,,,,,,,,,,,,596,,,,,,34,,,,
2026-09-09T03:30:01+00:00,212,,,,,,,,,,,253,339,,,,,,,,,,413,,,,,,,,1459,30,,,,,,,,,,,,,37,,,,,,,362,42,82,,,45,,,,,,,,,,,,,,,,302,,,,,372,,,,,,,198,,,,,318,,,,,,,,,,,,,,,,,,168,787,,,276,114,297,285,,,1152,,,,,,,,,,,,,,,,,,,,,,,,,,,,,179,208,,,,,,,,,,,,,,,,,,,,,,390,,,,991,419,613,,,,,1227,,147,378,,89,,,,,,,269,17,,900,,,,,,,,,,,,,,,,487,,,,,,,,,,,,,150,,,,,,,,,,,,,,,,,515,270,160,,,,,399,,,,345,406,666,,,553,,,,,90,,1390,,,,,,,,,,,,,,,,,,,,,,,,,,,,,,,,,,,,,,,,,,,,,,,,,,,,,,,,234,,,,,,74,199,516,,,,,185,,,,,,,,,,,,,,,,,859,,,,,,,,,,,,,,,,,,,,,,,,,,,,,,,,,,,,,,,,,,,,,,,,,,,,,,,,,,,,,,,,,,,,,188,,,,,,,,,,,141,,,,,,283,,,,,,,,,,,,,,,,,,,,,,,,,,,,,,,,,,,,,,671,,,,,,,,,,,,,142,,,,,389,,,,,,,,,,,,,,,,36,,,357,
2026-09-09T03:45:02+00:00,211,,,,,,,,,,,251,338,476,,,,,,,,,412,,,,,,,72,1457,31,110,,,,,,,,155,,120,,36,,,,,,,357,,,,,46,15,40,,,,107,208,,,82,,,,,,300,,,,214,370,,,,,,,,,,,326,319,,,593,67,,,,,219,415,,,,288,,,,,,,,274,,288,286,,338,1149,,,488,,,,,,,529,,,,,,,,,,,,,,531,,,,,,209,,,,,,,,,,,,,,,,,,,302,473,552,,,,,989,404,,,405,,,1225,446,145,369,,84,192,,,172,,,,17,,,,,,,,,,,,,,,,,,485,,,,,,,,,,,,,148,,,,,,,,,,,,,,,,201,514,248,159,,242,,,,,,,,404,657,336,407,551,131,,,,91,,1378,,,,,,,,,,,,,,,,,,,,,,,,,,,,,,,,,,,,,,,,,,,,,,,,,,,,,,,,230,140,,,,,,197,515,,,,,,,218,,,19,,,,,,290,,296,,,141,810,,,57,,,,,,,,,,,,,,,,,,,,,,,,,,,,,,,,788,,,,721,,,,,,352,,,,,,,,,,,,,,,,,,,,,156,751,257,,750,124,,,,,112,,,,139,,,,,,,,,,,,,,,,,,,,,,,,,,,,,,,,,,,,,,,,,,,,669,141,,,,,,,,,,338,,,,159,,,,,,,,,,,,,595,125,,,,,56,,,,
2026-09-09T04:00:01+00:00,,,,,,,,,,,,,336,,,125,,,,,,,408,425,,,,,,73,1459,30,,64,,,,,,159,,,,,,,,,,,,348,,84,,,44,,38,,,17,106,204,,234,,43,,,,,296,,,,213,367,,,,,,,,,392,163,,313,,,592,,,221,300,504,,412,,91,,286,340,442,,,785,,814,,107,281,,214,335,1138,,,487,,,,,,279,528,,,,,,,,,,,,,,526,,,,,,205,,,,,,,,,,,,,,,,,,,300,471,551,389,,,,,383,,,404,,,1223,,143,355,,82,,,,,,,270,17,153,899,,,,,,,,,,,,,,,,483,,11,,,,,,,,,,,144,,,,,,,,,,,,,,,,200,510,232,158,,241,,,,,,462,341,397,654,335,408,553,129,,,372,,,1360,,,,,,,,,,,,,,,,,,,,,,,,,,,,,,,,,,,,,,,,,,,,,,,,,,,,,,,,223,,48,,104,150,71,189,513,,,,,177,,,,,17,,195,,,,275,,294,184,120,140,740,,,,,,,,,,,,,,,,,,,,,,,,,,,,,,,,,,,784,,,89,718,,,,,,,,,,,,,,,,,,,,77,,,271,,,,157,,,,,,,,,,107,,,,138,322,,,,,,,367,,,,,,,,,,,,,,,,,,,,,,,,,,,,,,,,,,,,665,,,,,347,,,,,,336,,,,155,,,388,,467,,,,,,,525,,,,,,,,,,,
2026-09-09T04:05:02+00:00,,,,,,,,,,,,,,,,,,,,,,439,406,390,,,,,,51,1457,25,108,,,,,,,157,150,,,,35,,,,,,,,,,,,45,14,39,,,18,104,,,235,,42,,,,,,,,,220,,,,,,,,,,,,,,,,,,,,,,,,,,,,,,,,,,,,,,,,,,,,,,,,,,,,,,,,,,,,,,,,,,,,,,,,,,,,,,,,,,,,,,,,,,296,472,,,,,,,375,,,,,,1218,449,139,346,,77,,,356,173,,,,17,,,,,,,,,,,,,,,,,,480,,,,,,,,,,,,,143,,,,,,,,,,,,,,,,,,231,157,,,420,,,,,463,,394,652,336,,552,128,,,,,,1356,,,,,,,,,,,,,,,,,,,,,,,,,,,,,,,,,,,,,,,,,,,,,,,,,,,,,,,,220,,46,,,,70,184,,430,,,,176,,,,,16,,194,,,,262,173,291,181,,141,736,,,,84,,418,,1130,339,,,201,172,,,,,,,,,,,,,,,,,,,,,,783,,,,,,,,,,353,,,,,,,,,,74,,,,78,299,,,,,233,,749,,,748,,,,,,,,,,,,,,,,,,,,,,,,,,,,,,,,,,,,,,,,,,,,,,,,,,,,,,,,,,,,,,,207,,338,,,,156,,,,,466,,,,,,,,,,,,,,,,,,
2026-09-09T04:10:02+00:00,,,,,,,,,,,,,,474,,124,,,,,,,405,,,,,,,,1456,,,,,,,,,156,149,,,,,,,,,,,347,,,,33,46,,,,173,19,100,203,,,,,,,,,293,,,,221,,,,,,,,,,,,,309,,232,,66,,,,503,,410,,,,,336,439,,,,,813,,104,278,285,,333,1133,,,488,,,,,,,,,,,,,,,,,,,,,,,,,,,,,,,,,,,,,,,,,,,,,,295,470,,,,,,,368,,,,,,,,,,,,,,,,,,271,17,,,,,,,,,,,,,,,,,,,,,,,,,,,,,,,,,,,,,,,,,,,,,,,,,,,,,,,,,,,,392,,333,,,,,,,,,1353,,,,,,,,,,,,,,,,,,,,,,,,,,,,,,,,,,,,,,,,,,,,,,,,,,,,,,,,216,,,120,,,,182,510,,,,,174,,215,,,,,193,,,,255,,290,182,,142,732,,,,,,,,,,,,,,,,,,,,,,,,,,,,,,,,,,,780,,,87,719,,,,,,,,,,,,,,,,,,,,77,,,,,,,,,,,747,,272,54,,,98,,,,,321,339,402,,,282,,366,,,228,,,,,,,,,,,,,,,,,,,,,,,,,,,,,,,,,664,,,492,84,345,,,,,,337,,,,155,,,,,,,,,,,,,594,,,,,,,,,,
2026-09-09T04:15:01+00:00,210,,,,,,,,,,,252,,473,,,,,,,,,404,388,,,,,,,1455,,104,,,,,,,,147,,,,,,,,,,,345,40,,,32,45,,38,,,,101,202,,,,41,,,,,291,,,,,363,,293,,135,,,,,,,,,,,,,,,,,,,,,,,,,,,,,,,,,,,,,,,,,,,934,200,,521,,,,,,,,,298,,,,,522,,,,,,,,,,,,,,,,,,,,,,,,,294,465,,,,,,988,361,,,,,,1217,448,136,335,,75,,,,,,,272,17,,,,,,,,,,,,299,,,,,,479,,,,,,,,,,,,,,,,,,,,,,,,,,,,,,509,230,155,,,418,,,,,,,391,,332,,551,127,,,,,,1351,,,,,,,,,,,,,,,,,,,,,,,,,,,,,,,,,,,,,,,,,,,,,,,,,,,,,,,,213,,44,123,,149,,181,509,,,,,170,,216,,,,93,,,,,251,,,176,,143,728,,,,80,316,417,,1129,340,,,200,170,,,,,,,,,,,,,,,,,,,,,,,,,,,,,,,,,,,,,,,,,,,,,,,,,,,,,156,,,,,,,,,,,,,,,,,,,,,,,,,,,,,,,,,,,,,,,,,,,,,,,,,,,,,,,,,,662,,,493,,344,,,,,,,,,,151,,,,,,,,,,,,,,,,547,,,,,,,
2026-09-09T04:20:01+00:00,,,,,,,,,,,,,,,,,,,,,,,,387,,,,,,,1453,,,,,,,,,,146,,121,,,,,,,,,346,41,,,33,46,12,,,,,,200,,,,,,,,,288,,,,,,,,,,,,,,391,,325,,299,,586,,274,,,500,,405,,90,,,333,438,,,784,,811,,102,274,284,213,332,1130,,,487,85,,,,,,,,,,,,,,,,,,,,,,,,,,,,,,,,,,,,,,,,,,,,,292,469,552,,,,,987,355,,,,,,,,,,,,,,,,,,271,17,,898,,,,,,,,,,,,,,,,,,,,,,,,,,,,,,,,,,,,,,,,,,,,,,,,,,240,,,398,,,464,,389,647,329,407,,125,,,374,,,,,,,,,,,,,,,,,,,,,,,,,,,,,,,,,,,,,,,,,,,,,,,,,,,,,,,,,,,207,,43,124,,148,,175,,,,29,193,168,,,,,15,,,283,,,246,172,,171,119,,723,,,,,,,,,,,,,,,,,,,,,,,,,,,,,,,,,,,778,,,,716,,309,,,,,,,,,,,,,,,,,309,76,,,269,267,,232,,748,256,,,125,271,,,,,,,,,,,,,,,,,,,,,,,,,,,,,,,,,,,,,,,,,,,,,,,,,,,,660,142,,,,,,,,,,,91,,,149,66,,,,467,,,,,,,,593,,,,,,,,,,
2026-09-09T04:25:02+00:00,,,,,,,,257,,,,253,,,,,,,,,,,402,386,,,,,,,1450,,101,,,,,,,155,,,,,,,,,,,,345,,,,34,45,11,,,172,,,199,,,,40,16,,,,,,,,219,360,,,217,134,,,,,390,,324,307,296,233,,,,,,499,,407,,89,,283,332,,,167,785,,,272,101,268,,,331,1125,,,,,,,928,199,,518,,,,,,,,,,,,,,518,,,,,,203,,,,,,,,,,,,,,,,,,,,,,,,,,985,351,,,,,428,1214,446,135,319,,71,190,,357,171,,,272,16,,899,,,,,,,,,,300,,,,,,,,,111,,,,,,,,,,141,,,,,,,,,,,,,,,,,532,242,154,,,417,,394,,13,,,384,645,325,,,124,,,373,,,1345,,,,,,,,,,,,,,,,,,,,,,,,,,,,,,,,,,,,,,,,,,,,,,,,,,,,,,,,206,139,42,,,,71,171,505,,,,,165,,,6,,14,,,,,,242,,,169,,,716,,,,71,313,418,66,1127,,,,,,,,,,,,,,,,,,,,,,,,,,,774,,,,714,,308,,,,352,,,,,,,,,,,,,,73,294,,267,,,,,,,187,,,,,,,97,,,,135,322,338,,,,,,362,,198,,,,,,,,,,,,,,,,,,,,,,,,,,,,,,,,,,659,,,,,,295,,,,356,,,,,,67,,,,,,,,,,,524,,,,,,,,,,,
2026-09-09T04:30:01+00:00,209,,,,,,,,,,,,,,,,,,,,,,400,383,,,89,,,50,1447,,,63,,,,,,,145,,120,,,,,,,,,341,,,,,44,12,,,,,,,,,,,15,,,,,,,,220,,,,,,,,,,388,,323,305,295,,583,,,,299,497,,406,,,,279,,437,,164,783,,809,261,98,260,280,212,329,1117,,,,84,,,,,,,,,,,,,,,,,,,,,,,,,,,,,,,,,,,,,,,,,,,,,291,464,,388,,,,984,347,612,,,,,,,,,,,,,,,,,273,17,,,,,,,,,,,,,,,,,,478,,,,,,,,,,,,,,,,,,,,,,,,,,,,,199,,241,153,272,239,,,,67,,,340,383,,322,,,,,,,,,1343,,,,,,,,,,,,,,,,,,,,,,,,,,,,,,,,,,,,,,,,,,,,,,,,,,,,,,,,203,,,,,146,72,170,504,,,,,164,42,,,,,,,,,,241,,289,165,120,,715,,,,,,,,,,,,,,,,,,,,,,,,,,,,,,,,,,,768,,180,,,,,,,,,,,,99,,,,,,,,,308,72,,,266,,,,155,,,,746,,270,,,,,,,,,,,,,,,,,,,,,,,,,,,,,,,,,,,,,,,,,,,,,,,,,,,,658,,,492,,,,,,,,,,,,148,66,,,,466,,,100,,,,,,,,,,,,,,,
2026-09-09T04:35:01+00:00,208,,,,,,,256,,,,252,335,471,,,,,,,,,395,382,,,,,,53,,24,98,,,,,,,,,,,,34,,,,,137,,340,40,,,32,45,,36,,,,100,197,,234,,,,,,,285,,,,219,359,,,,,,,197,,,,,,,,,,,,,,,,,,,,,,,,,,,,,,,,,,,,,,,,919,200,,,,,,,,,,,297,,,,,511,,,,,,201,,,,,,,,,,,,,,,,,,,,463,,387,,,,979,345,611,,,,426,1206,444,132,313,,,189,238,355,169,171,,,17,154,,,,,,,,,,,,,,,,,475,,,,,,,,,,,,,,,,,,,,,,,,,,,,,,,,,,,,,,,,463,,379,644,,400,550,123,,233,,90,,1337,,,,,,,,,,,,,,,,,,,,,,,,,,,,,,,,,,,,,,,,,,,,,,,,,,,,,,,,,,,,,,,,,,,,,,,,,,,,,,,,,,,,,,,,,,,,,,,,,,,,,,,,,,,,,,,,,,,,,,,,,767,,,86,707,,309,,,,351,,,,96,,,,,,,,,,69,292,,263,,,,,,,,,,,,,,,,,,,,,,,,,,,,,,,,,,,,,,,,,,,,,,,,,,,,,,,,,,,,,,657,,,493,83,343,,,,,354,,,141,,147,,,,,,,,,,,,,,126,,546,,,,,,,
2026-09-09T04:35:02+00:00,,,,,,,,,,,,,,,,,,,,,,,,,,,,,,,,,,,,,,,,,,,,,,,,,,,,,,,,,,,,,,,,,,,,,,,,,,,,,,,,,,,,,,,,,,,,,,,,,,,,,,,,,,,,,,,,,,,,,,,,,,,,,,,,,,,,,,,,,,,,,,,,,,,,,,,,,,,,,,,,,,,,,,,,,,,,,,,,,,,,,,,,,,,,,,,,,,,,,,,,,,,,,,,,,,,,,,,,,,,,,,,,,,,,,,,,,,,,,,,,,200,531,244,152,,237,,,393,66,,,,,,,,,,,,,,,,,,,,,,,,,,,,,,,,,,,,,,,,,,,,,,,,,,,,,,,,,,,,,,,,,,,,,,,199,,41,123,,147,71,168,502,,,,,163,,,,,13,,,,,33,242,,,162,119,144,707,,143,,,,,,,,,,,,,,,,,,,,,,,,,,,,,,,,,,,,,,,,,,,,,,,,,,,,,,,,,,,,,,,,,747,255,,,,269,,,,,,,,,,,,,,,,,,,,,,,,,,,,,,,,,,,,,,,,,,,,,,,,,,,,,,,,,,,,,,,,,,,,,,,,,,,,,,,,,,,,,,,,,,
2026-09-09T04:40:01+00:00,,,,,,,,,,,,248,334,,,,,,,,,,391,,,,,,,,1442,,,,,,,,,154,144,,,,35,,,,,,,334,39,,,33,46,,35,,,,,,,,80,,,,,,,,,,,,,,,,,,,,387,,321,,,232,,,,,,495,218,405,,,,277,329,435,,,781,,,259,97,255,279,,325,1114,,,,,,,,,,,,,,,,,,,,,,,,510,,,,,,,,,,,,,,,,,,,,,,,,,292,464,,388,,,,977,342,,,,,,,,,,,,,,,,170,,275,16,153,,,,,,,,,,,,,,,,,472,,9,,,,,,,,,,,139,,,,,52,,,,,,,,,,,201,530,242,,271,,,,392,,,461,339,,643,321,399,,,,,,,,1327,,,,,,,,,,,,,,,,,,,,,,,,,,,,,,,,,,,,,,,,,,,,,,,,,,,,,,,,193,,38,,,,,164,500,429,,,192,161,,214,,,,,192,,,,243,171,,161,,,693,,,,67,312,416,,,309,,,,169,,,,,,,,,,,,,,,,,,,,,,766,,,,705,,,,,322,,,,,,,,,,,,,,306,,290,,261,,,231,,748,254,,,,268,55,166,367,94,,,54,,321,336,401,,,281,,,,196,,,,,,,,,,,,,,,,,,,,,,,,,,,,,,,,,,655,,,491,,,,,,,,338,,,,146,,,,,,,,,,,,,592,,,,,,,,,,
2026-09-09T04:45:01+00:00,,,,,,44,,,,,,,333,469,,122,,,,,,438,387,,,,,,,,,,,,,,,,,,,,,,,,,,,,,,,,,,,,,,,,,,,,,,,,,,,,,,,354,228,,216,,,,,,,,,,,,,,,,,,,,,,,,,,,,,,,,,,,,,,,,,,,,911,,278,516,59,,,,,,,,,,,,,,,,,,,,,,,,,,,,,,,,,,,,,,,463,,,,,,974,341,,,405,,419,1201,442,129,300,,70,190,,356,168,169,,276,17,,,,,,,,,,,,,,,,,,468,,,,,,,,,,,,,137,,,,,,,,,,,,,,,,,528,,151,,,415,,391,,,463,338,373,637,316,,548,120,,,370,89,,1314,,,,,,,,,,,,,,,,,,,,,,,,,,,,,,,,,,,,,,,,,,,,,,,,,,,,,,,,189,,,,112,145,,163,497,428,,,,160,,211,,,,,,,,,242,169,287,157,,,686,,144,,61,311,,,1125,310,,139,201,,,,,,,,,,,,,,,,,,,,,,,,,179,84,,,,,,,,,,,97,,,,,,,,,,66,,,,,,,156,746,255,,,,,,,,,,,,,,,,,,,,,,,,,,,,,,,,,,,,,,,,,,,,,,,,,,,,,,,,653,,,488,81,341,,,,,,337,90,142,,145,,,,,465,,,,,,,,591,,,545,,,,,,,
2026-09-09T04:50:01+00:00,206,,,126,,42,,255,,,,,332,467,,,,,,,,,383,,,,,,,54,1439,,97,,,,,,,152,143,,118,,33,,,,,138,,323,38,83,,31,41,10,,,,,101,190,,,,39,,,,,282,,,,218,,,,,,,,,,390,161,318,295,292,,580,,272,220,294,493,217,400,,88,,273,,430,,163,780,,804,256,96,244,,215,323,1110,,,486,,,,,,,,,,,,,,,,,,,,,504,,,,,,199,,,,,,,,,,,,,,,,,,,289,461,,385,,,,972,340,,,,,,,,,,,,,,,,168,,277,17,,,,,,,,,,,,,,,,,,467,,8,112,,,,,,,,,,,,,,,,,,,,,,,,,,200,527,244,,272,236,,,389,67,,462,336,370,,313,397,545,119,,232,,88,,1305,,,,,,,,,,,,,,,,,,,,,,,,,,,,,,,,,,,,,,,,,,,,,,,,,,,,,,,,187,,,,,144,72,160,,425,,,,,,213,,,,92,189,278,,32,239,167,286,151,117,,668,,,56,,,,,,,,,,,,,,,,,,,,,,,,,,,,,,,,765,,,83,703,,,,,,,,,,,,,,,,72,,,,62,,,258,266,,228,,,,186,743,,265,,,,,,,,,,,,,,,,,,,,,,,,,,,,,,,,,,,,,,,,,,,,,,,,,,,,650,,108,,,340,,99,,,,,,,,,,,387,,464,,,,,,,,,127,,,,,,,,,
2026-09-09T04:55:02+00:00,204,,,,,,,259,,,,247,333,466,,120,,,,,,,377,,,,90,,,,1433,,95,,,,,,,151,140,,,,31,,,,,,,322,37,85,,,39,,38,,171,,103,187,,233,,,14,,,,280,,,,,352,229,291,214,133,,,,,,,,,,,,,,,,,,,,,,,,,,,,,,,,,,,,,,,,,,,909,199,276,515,,,,,,,,,,,,,,,,,,,,,,,,,,,,,,,,,,,,,,,286,458,551,383,,,,968,,,,,,417,1191,443,122,283,,66,187,237,354,164,,,278,17,,,,,,,,,,,,,,,,,,465,,,,,,,,,,,,,135,,,,,,,,,,,,,,,,,,243,146,,234,,,387,,,463,,369,633,304,393,539,118,,230,364,,,1273,,,,,,,,,,,,,,,,,,,,,,,,,,,,,,,,,,,,,,,,,,,,,,,,,,,,,,,,178,,36,,,,,150,495,,,28,,155,,211,,,,94,187,,,29,232,,285,141,116,143,645,,,54,52,307,,,1122,307,,140,,,,,,,,,,,,,,,,,,,,,,,,761,,,81,702,,305,,,,349,,,,,,,,,,,,,304,61,286,,254,262,,225,155,745,251,,741,,263,54,,368,85,136,,,136,319,,,,,,,358,,189,227,,,,,,,,,,,,,,,,,,,,,,,,,,,,,,,,,645,,,,,338,,,,,355,335,,,,141,67,99,384,199,462,,,,,,,,590,,,,,,,,,,122
2026-09-09T05:00:02+00:00,203,,,,,,,,,,,,,465,,119,,,,,,,371,,,,,,,55,1430,23,85,,,,,,,150,141,,,,25,,,,,139,,313,35,,,,35,,36,,169,20,,186,,,79,,,,,,277,,,,217,350,,,212,,,,,,388,160,316,287,289,234,573,,,,291,487,216,398,208,86,,268,328,424,,162,778,77,802,276,92,225,269,211,319,1101,,,,,,,904,198,274,,,,389,,,,,,295,,,,,495,,,,,,200,,,,,,,,,,,,,,,,,,,284,453,550,385,,,,964,339,,,406,,,,,,,,,,,,,167,,,17,,898,,,,,,,,,,299,,,,,,458,,7,111,,,,,,,,,,133,,,,,,,,,,,,,,,,201,526,240,145,271,,,,,,11,462,335,,627,,390,537,116,,229,362,84,,1260,,,,,,,,,,,,,,,,,,,,,,,,,,,,,,,,,,,,,,,,,,,,,,,,,,,,,,,,176,138,,,,142,,147,493,424,,,,156,,,,,,,186,276,,,231,161,282,133,115,145,631,,,53,,,,,,,,,,,,,,,,,,,,,,,,,,,,,,,,,,,,,,,,,,,,,,,,,,,,,,,,,,,,,,,154,743,,184,736,,260,,,,,,,,,,,,,,,,,,,,,,,,,,,,,,,,,,,,,,,,,,,,,,,,,,,,642,,,487,,334,,,564,,,,,,,,,,,,461,,,,,,,,,,,,,,,,,,
2026-09-09T05:05:02+00:00,,265,,,627,43,,,309,326,,,331,463,,,,,,,,,364,,,,,,,49,1422,22,83,,151,,,,,,,,,,24,,,,,,,311,36,,,,34,,,,166,21,,182,,232,,,,,,,271,,,161,212,,,,,,,,,,,,,,,,,,,,,,,,,,,,,,,,,,,,,,,,,,,,,,,,,,,,,,,,,,,,,,,,,,,,,,,,,,,,,,,,,,,,,,,,,,283,448,549,382,,,,959,,610,,,,420,1172,441,117,265,115,65,184,235,353,159,,,280,17,,,,,,,,,,,,,,,,,,456,,,,,,,,,,,,,132,,,,,,,,,,,,,,,,,521,235,,267,233,413,,386,66,9,,334,367,621,298,385,533,112,,227,359,83,,1256,,,,,,,,,,,,,,,,,,,,,,,,,,,,,,,,,,,,,,,,,,,,,,,,,,,,,,,,171,,32,,,140,,142,489,,,,,154,,210,,,12,,185,273,151,27,226,,,125,,,615,,,,,,,,,,,,,,,,,,,,,,,,,,,,,,,,,,,754,,,78,700,,303,,,,348,,,,,,,,,,,,,300,60,280,,250,259,261,223,,744,252,183,732,,258,,,,,,,,,,,,,,,,,,,,,,,,,,,,,,,,,,,,,,,,,,,,,,,,,,,,635,,,,82,333,,,,204,353,334,,,,138,,,382,,,,,,,,,,,,,,,200,55,,,,
2026-09-09T05:10:02+00:00,204,263,,,625,,,,,,,,,460,,,,,,,,,354,381,,,,,,50,1421,19,80,,,,,,,151,137,,,,,,,,,140,,307,,,,,35,,35,,164,,105,181,,230,78,,,,,,,,,162,211,347,228,,210,132,,,,,387,159,312,280,284,231,567,65,271,219,286,483,215,390,203,87,,262,326,421,150,,776,76,792,270,88,215,262,210,316,1083,,,,81,117,213,896,196,276,514,,,387,,,,,,,,,,,491,,,,,,199,,,,,,,,,,,,,,,,,,,,445,,381,66,,,958,338,609,,405,,,,,,,,,,,,,,,283,17,,899,,,,,,,,,,298,,,,,,453,,5,,,,,,,,,,,128,,,,,,,,,,,,,,,,,518,233,144,266,,,,385,,,460,333,366,619,295,380,531,110,,,358,82,,1244,,,,,,,,,,,,,,,,,,,,,,,,,,,,,,,,,,,,,,,,,,,,,,,,,,,,,,,,165,,,122,,138,,141,483,,,27,191,153,,209,,,,95,184,,152,26,215,160,,116,116,,592,,,50,,305,,,1121,,,139,200,168,,,,,,,,,,,,,,,,,,,,,,,,,,,,,,,,,,,,,,,,,,,,,,,,,,258,257,,,741,250,,723,,257,,,,,,,,,,,,,,,,,,,,,,,,,,,,,,,,,,,,,,,,,,,,,,,,,,,,628,141,107,486,,334,294,97,,202,,335,,,,136,,,,198,,,,,,,,523,589,,,,,191,,,,,121
2026-09-09T05:15:02+00:00,,262,,,622,42,,258,,327,,,327,457,,118,,,,,,,349,382,,,92,,,,1418,18,79,,,,,,,,,,117,,23,,,,,,,305,,,,,37,,36,,163,,102,180,,229,,,,,,,268,,,161,214,339,,289,209,130,,,,,389,158,309,268,277,229,562,66,268,218,281,478,,,,84,119,255,321,419,,159,664,,785,266,,203,255,211,312,1062,,2,,79,,,,,,,,,,,,,,,,,,,,,,,,,,,,,,,,,,,,,,,,,,,,,282,435,,,,,,955,,,,403,,419,1158,,113,258,,62,181,236,351,158,164,,288,17,,,,,,,,,,,,,,,,,,452,,4,110,,,,,,,,,,,,,,,,,,,,,,,,,,200,,223,142,265,230,,,,,,459,334,363,610,287,371,528,107,,224,355,84,,1229,,,,,,,,,,,,,,,,,,,,,,,,,,,,,,,,,,,,,,,,,,,,,,,,,,,,,,,,161,,29,121,,137,70,131,478,423,,26,,148,,207,,,11,,181,272,,,205,,280,109,,,578,,142,49,43,297,413,,1118,304,,140,198,169,,,,,,,,,,,,,,,,,,,,,,746,,178,76,,,302,,,321,,,,,,,,,,,,,,299,,279,,247,256,,221,,740,249,181,712,124,258,51,164,,77,,,,135,317,,400,,,280,,359,,,,,,,,,,,,,,,,,,,,,,,,,,,,,,,,,,,,627,140,,,81,332,,95,,,,,,,,135,,,381,197,460,266,,,,,,522,587,,,,,187,,,,,
2026-09-09T05:20:02+00:00,,260,,,,43,,,308,328,,,324,453,,116,,,,,165,434,347,,,,,,,51,1413,17,76,,149,,,,,,138,,116,,22,,,,,,,304,34,,,,34,,,,,,101,177,,,80,,,,,,267,,,,211,,,,,,,,,,,,,,,,,,,,,,,,,,,,,,,,,,,,,,,,,,,,,,116,,886,,,513,,,388,,,,,,294,,,,,481,,,,,,,,,,,,,,,,,,,,,,,,,279,433,548,379,,,,951,337,608,,399,,,,,,,,,,,,,163,,291,17,154,,,,,,,,,,,,,,,,,450,,3,109,144,,,,,,,,,124,,,,,,,,,,63,,,,,,,517,219,,264,228,410,,384,65,,456,331,359,604,282,362,524,106,,222,350,83,,1219,,,,352,,125,,,,,,,,,,,256,122,33,24,,,,450,,,18,238,345,,,335,,,,,,,,,,,,35,,,,,,,,,,,,154,,28,,110,134,68,125,473,,,,190,,41,205,,,,92,,269,,,195,,278,95,114,,539,,,48,,,,,,,,,,,,,,,,,,,,,,,,,,,,,,,,739,,,75,697,,295,,,320,347,,,,,,,,,,71,,,295,57,269,,242,255,248,218,,739,251,180,710,,260,,,,,,,,,,,,,,,,,,,,,,,,,,,,,,,,,,,,,,,,,,,,,,,,,,,,625,,,483,82,328,,,561,,351,,89,141,,133,66,,,,,267,,,,,,,,,,544,,184,56,,,356,
2026-09-09T05:25:01+00:00,201,,,,,,,257,,331,,248,322,,,,,,,,164,433,335,,,,93,,,,1414,15,68,,148,,,,,,139,,115,,,,,,,,,302,32,,,32,35,,38,,164,,100,173,,,,,,,,,,,,,212,,227,,208,132,,,,,,157,308,258,275,228,557,,267,,276,471,213,,201,,,250,317,,,160,,74,783,264,87,197,252,210,310,1056,,3,484,78,,,,,,,,,,,,,,,,,,,,,,,,,,,,,,,,,,,,,,,,,,,,,274,427,549,,,,,946,,,,396,282,416,1146,436,111,253,114,61,177,235,347,155,161,,293,17,153,,,,,,,,,,,,,,,,,445,,,108,,,,,,,,,,121,,,,,,,,,,,,,,,,198,515,211,137,262,226,,,,63,,455,332,355,600,273,354,521,102,,,346,,,1202,,,,350,,,,,,,,,,,,,257,,37,25,,,,,,,,231,,,,334,,,,,,,,,,,,34,,,,,,,,,,,,151,136,27,,106,133,67,116,467,422,37,25,,142,,203,5,,,91,178,267,,,185,155,275,82,,146,513,,,,29,292,410,,1115,303,,,194,168,,,,,,,,,,,,,,,,,,,,,,,,176,,,,,,,,,,,,96,,,,,,,,,,55,,,,246,244,,,,250,178,704,,,,,,,,,,,,,,,,,,,,,,,,,,,,,,,,,,,,,,,,,,,,,,,,,,,,,,621,139,,481,,321,,96,562,,,333,,,,131,65,,382,196,,,,,,,,,586,,,,,183,54,,,,
2026-09-09T05:30:02+00:00,199,259,,,619,44,,256,,330,,249,320,452,,112,,,,,,432,330,381,,,,,,48,1412,19,66,,,,,,,150,,,,,21,,,,,,,303,,86,,34,33,8,,,,,99,174,,228,79,,,,,,257,,,,213,,,,,,,,,,,,,,,,,,,,,,,,,,,,,,,,,,,,,,,,,,,,,,,,871,195,,514,,,387,,,,,,293,,,,,471,,,,,,189,,,,,,,,,,,,,,,,,,,273,424,550,376,,,,943,,607,,394,,,,,,,,,,,,,160,,,17,152,898,,,,,,,,,,,,,,,,438,,1,109,,,,,,,,,,118,,,,,,,,,,,,,,,,,510,204,136,259,224,,,382,65,8,,327,344,594,269,337,516,100,,221,339,81,,1190,,,,351,,,,,,,,,,,,,,120,,,,,,,,,20,,344,,,,,,,,,,,,,,,35,,,,,,,,,,,,150,,26,120,102,131,,115,464,,,,189,,,,,,,,176,,,24,179,,273,80,,145,491,,141,45,,,,,,,,,,,,,,,,,,,,,,,,,,,,,,,,736,,174,74,694,,,,,,,,,,95,,,,,,,,,289,60,266,,239,243,240,,155,737,,177,694,,259,52,162,,72,135,,,133,,330,,,,278,,356,,187,225,,,,,,,,,,,,,,,,,,,,,,,,,,,,,,,,,616,140,,480,,319,,95,,201,349,332,,142,,,,,383,,,,,,,,,520,585,,,543,,184,,,,355,
2026-09-09T05:35:01+00:00,200,254,,,617,,71,,,332,,251,319,,,110,,,,,,,323,382,,,,,,46,1405,,63,,,,,,,151,,,,,20,,,,,,,301,33,,,,35,7,42,,,,100,169,,229,,38,,112,,,254,,,160,211,336,226,,,129,,,,,,155,305,252,270,224,553,64,264,217,265,460,206,388,197,82,,243,310,415,,161,660,75,781,259,83,174,236,208,306,1034,,,481,75,115,,865,,273,516,,,,,,,,,,,,,,466,,,,,,188,,,,,,,,,,,,,,,,,,,271,416,548,375,,,,937,335,603,,391,,,1126,432,,246,113,60,174,236,346,152,,,,17,,896,,,,,,,,,,297,,,,,,435,,0,108,,,,,,,,,,119,,,,,,,,,,,,,,,,197,502,199,135,257,222,407,,380,62,,453,,339,586,268,333,511,94,,,337,80,,1171,,,,350,,,,,,,,,,,,,,,36,,,,,449,,,19,228,345,,,331,,,,,,,,,,,,33,,,,,,,,,,,,148,133,,119,100,129,68,112,454,421,36,24,187,140,40,196,4,,6,,171,265,150,25,164,153,266,70,112,,464,,140,43,,,,,,,,,,,,,,,,,,,,,,,,,,,,,,,,733,,172,71,692,,293,,,321,346,,,159,94,,,,,,,,,285,,259,,237,241,233,216,156,733,247,176,686,,258,,,,,,,,,,,,,,,,,,,,,,,,,,,,,,,,,,,,,,,,,,,,,,,,,,,,613,,,477,,316,292,91,561,,347,,88,143,,130,64,97,382,195,458,268,,,,,,519,583,,,542,,182,53,,,,
2026-09-09T05:40:02+00:00,199,249,,,612,45,,255,306,,,252,315,448,,108,,,,,163,430,316,384,,,94,,,45,1403,,62,,,,,,,150,138,,,,19,,,,,139,,300,32,,,37,,5,,,,,97,168,,228,,,,,,,248,,,161,207,335,223,286,,,,,,,,153,303,249,264,222,549,62,,215,261,455,205,389,194,,,237,,409,,162,659,,774,257,,161,231,207,303,1024,,,479,,,,858,,272,518,,,386,,,,,,,,,,,465,,,,,178,,,,,,,,,,,,,,,,,,,,,405,547,373,65,,,931,,,,389,283,422,1112,431,112,242,112,57,171,,344,145,,,299,17,,,,,,,,,,,,298,,,,,,421,,,104,143,,,,,,,,,116,,,,,,,,,,,,,,,,,498,194,134,256,219,403,,389,64,,450,321,334,580,263,322,504,91,,217,,78,,1158,,,,349,,,,,,,,,,,,,256,,34,24,,,,,,,,226,,,,,,,,,,,,,,,,32,,,,,,,,,,,,147,130,,,97,124,70,107,446,420,35,,185,138,,191,2,,5,92,168,262,149,23,150,,265,64,111,,452,,,,21,285,403,64,1112,300,,,193,142,,,,,,,,,,,,,,,,,,,,,,732,,171,69,691,,287,,,,345,,,157,95,,,,,,70,,,280,61,257,,233,240,228,215,155,732,243,168,680,,256,,,,,,,,,,,,,,,,,,,,,,,,,,,,,,,,,,,,,,,,,,,,,,,,,,,,603,,,476,,314,293,89,560,200,,331,89,144,,129,65,94,384,193,454,269,,,,,,,582,,,,,,52,,,,
2026-09-09T05:45:02+00:00,198,247,,,608,,,256,305,329,,253,314,443,,104,,,,,162,424,306,382,,,,,,47,1394,,55,,150,,,,,149,,,,,17,,,,,140,,298,,,,36,34,,38,,161,,102,166,,227,,37,,113,,,245,,,160,206,,,,,,,,,,388,151,295,239,258,215,540,59,261,,243,446,198,385,192,79,118,226,304,404,146,,654,74,770,253,84,141,230,,297,997,,,471,73,,,,,,,,,,,,,,,292,,,,,463,,,,,177,183,,,,,,,,,,,,,,,,,,,270,394,,369,64,,,919,,602,,384,,420,1110,429,,240,111,,169,,343,144,157,,298,17,151,895,,,,,,,,,,,,,,,,419,,,103,,,,,,,,,,113,,,,,51,,,,,,,,,,,,495,186,133,254,218,401,,386,,7,441,318,327,570,253,313,496,86,,216,336,,,1140,,,,350,,,,,,,,,,,,,254,118,32,23,,,,,,,20,225,,,,328,,,,,,,,,,,,,,,,,,,,,,,,142,126,,,93,120,72,98,441,,32,23,182,139,,187,1,,,94,167,,,21,133,149,261,54,106,,428,,139,42,14,280,396,,1104,299,,141,190,,,,,,,,,,,,,,,,,,,,,,,727,,172,67,,,281,,,319,,,,,94,,,,,,67,,,277,59,254,,231,239,227,214,154,726,238,165,679,,253,53,157,366,65,,,,134,315,331,395,219,,275,,348,,180,224,,,,,,,,,,,,,,,,,,,,,,,,,,,,,,,,,591,,,475,80,308,307,86,558,199,344,329,,145,,127,,93,392,192,453,,,,,,,,579,,,541,,,50,,,,120
2026-09-09T05:50:02+00:00,197,245,,,603,,,253,,328,,259,312,438,,101,,,,,,422,301,383,,,,,,46,1389,,53,62,,,,,,148,136,,117,,,,,,,,,,31,,,35,33,4,34,,160,22,104,163,,,,,,,,,242,,,,205,327,215,,,127,225,,,,,,,,,,,,,,,,,,,,,,,,,,,,,,,,,,,,,,,,112,210,850,194,270,,,,385,,,,,,,,,,,,,,,,,,,,,,,,,,,,,,,,,,,,271,393,545,363,63,,,911,333,600,,377,,,,,,,,,,,,,,,299,17,150,892,,,,,,,,,,,,,,,,412,,,101,,,,,,,,,,,,,,,,,,,,,,,,,,,487,178,132,253,214,,,383,59,,432,311,317,564,251,300,485,78,,211,334,72,,1129,,,,,,124,,,,,,,,,,,252,116,30,22,,,,,,,,223,,,,,,,,,,,,,,,,,,,,,,,,,,,,140,125,25,118,91,114,,87,437,421,28,,175,135,,184,0,,4,93,166,,148,18,121,146,259,53,103,,415,,140,,,,,,,,,,,,,,,,,,,,,,,,,,,,,,,,,716,87,167,65,690,,273,,,320,344,,,159,96,,,,,,66,,,269,65,244,,224,230,223,208,155,718,236,162,674,,250,,,,,,,,,,,,,,,,,,,,,,,,,,,,,,,,,,,,,,,,,,,,,,,,,,,,585,,,476,,304,305,,557,198,342,,,,,125,66,,390,191,451,268,,,,,,517,,,,539,,181,48,,,354,119
2026-09-09T05:55:02+00:00,192,244,,,,,,250,303,327,,263,311,429,,97,,,,,160,416,286,385,,,92,,,,1384,,47,64,152,,,,,147,133,,,,16,,,,,,,293,,,,36,32,,24,,158,,,160,,,,,,,,,241,,,158,204,,,,,,,,,,381,143,292,234,254,209,533,57,257,,235,439,199,383,,78,116,224,301,399,,161,651,73,762,252,,124,226,,294,971,,,470,67,,,,,,,,,,,,,,,293,,,,,456,,,,,176,,,,,,,,,,,,,,,,,,,,270,386,542,361,60,,,905,334,595,,372,282,417,1092,414,106,230,109,53,168,,337,138,155,,298,17,149,,,,,,,,,,,,,,,,,511,,,94,141,,,,,,,,,110,,,,,,,,,,,,,,,,195,470,164,124,249,211,400,,380,65,,427,308,310,553,247,287,480,75,,203,327,70,,1109,,,,351,,,,,,,,,,,,,249,115,33,24,,,,,,,19,221,,,,326,,,,,,,,,,,,31,,,,,,,,,,,,138,124,23,115,88,112,66,77,431,418,26,,171,130,,183,11,,3,92,165,258,147,16,108,141,255,48,100,144,385,,,39,10,277,386,,1100,298,,142,413,138,,,,,,,,,,,,,,,,,,,,,,,,,,688,,,,,,,,,,,,,,,,,,,,,238,,,,,206,152,719,232,160,666,125,249,,,,,,,,,,,,,,,,,,,,,,,,,,,,,,,,,,,,,,,,,,,,,,,,,,,,579,,,474,,,,87,556,195,340,,88,144,,122,64,,386,190,450,,,,,,,,,125,,536,,,47,,,353,120
2026-09-09T06:00:01+00:00,191,240,,,597,48,,,302,326,,,305,422,,91,,,,,158,414,276,383,,,91,,,47,1374,20,43,63,,,,,,146,132,,115,,15,,,,,,,291,28,,,38,30,,21,,156,20,105,155,,,77,38,12,,,,,,,,202,322,213,284,204,123,222,,,,,,,,,,,,,,,,,,,,,,,,,,,,,,,,,,,,,,,,105,207,828,188,269,,,,380,,,,,,,,,,,,,,,,,,,,,,,,,,,,,,,,,,,,273,377,540,359,59,,,901,333,591,,364,,,,,,,,,,,,,150,,299,17,146,893,,,,,,,,,38,299,,,,,,495,,,91,,,,,,,,,,109,,,,,,,,,,,,,,,,,464,149,120,244,210,397,,379,64,,423,305,,548,241,281,476,73,,201,325,68,,,,,,349,,123,,,,,,,,,,,253,113,32,22,,,,448,,,,219,,,,321,,,,,,,,,,,,30,,,,,,,,,,,,134,123,22,112,,111,67,75,426,,23,,169,131,41,181,,,,,163,257,145,12,97,137,253,36,98,145,376,,,35,,,,,,,,,,,,,,,,,,,,,,,,,,,,,,,,713,,162,,,,269,,,,341,,,161,94,,,,,,62,,,266,67,,,221,221,221,,150,714,224,155,658,124,246,54,153,,54,133,155,53,140,314,332,387,,,,,339,,174,220,,,,,,,,,,,,,,,,,,,,,,,,,,,,,,,,,568,,,471,79,296,,83,557,192,338,,,143,,119,62,,384,188,448,,,,,,,516,576,,,531,,178,,,,,
2026-09-09T06:05:02+00:00,190,238,,,600,47,,165,299,,,264,302,406,,90,,,,,155,412,267,384,409,,,,,44,,21,40,60,,,,,,145,131,,113,,14,,,,,,,289,29,,,39,28,,25,,154,,102,148,,,,39,,112,,,231,,,155,203,,,,,,,,,,377,140,289,225,248,208,528,49,256,,214,420,200,377,187,72,,214,297,395,,160,648,72,761,253,,90,223,206,291,929,21,4,464,63,,,,,,,,,,,,,,,294,,,,,449,,,,,,178,,,,,,,,,,,,,,,,,,,272,369,537,353,56,,,896,,587,,361,280,422,1086,404,102,223,106,51,164,230,329,133,,,302,17,145,894,,,,,,,,,,300,,,,,,486,,,92,,,,,,,,,,107,,,,,,,,,,,,,,,,194,455,142,116,235,206,387,,377,63,,417,300,304,540,232,271,464,70,,198,318,62,,1092,,,,,,122,,,,,,,,,,,252,109,,21,,,,,,,20,217,344,,,318,,,,,,,,,,,,24,,,,,,,,,,,,130,,21,110,87,,66,69,422,414,20,21,168,,,173,9,,,90,160,255,143,10,88,136,251,31,94,143,358,,,,,,,,,,,,,,,,,,,,,,,,,,,,,,,,,,,696,,156,60,687,,260,,463,316,334,,,,96,,,,,,57,,,252,66,217,,211,212,208,200,,708,216,151,639,126,244,,,,,,,,,,,,,,,,,,,,,,,,,,,,,,,,,,,,,,,,,,,,,,,,,,,,556,141,,469,76,292,,82,,189,337,328,87,,,115,60,,,186,443,,,,,,,,574,,,528,,177,,,,354,121
2026-09-09T06:10:02+00:00,188,234,54,,599,,,166,297,325,,265,300,396,,88,,,,,,,260,386,368,,90,,,,1371,,37,,154,,,,,143,,,116,,15,,,,,,,290,,,,37,25,,22,,150,,101,145,,,,38,,,,,230,,,,205,326,212,279,194,121,220,,196,,374,137,285,222,242,204,522,44,255,214,205,414,196,379,184,69,,201,294,390,,162,647,73,,249,,81,209,204,287,915,,,463,58,97,202,805,,266,519,,,373,,,,,,293,,,,,442,,,,,,175,,,,,,,,,,,,,,,,,,,269,355,,344,53,,,885,,585,,358,,,,,,,,,,,,,146,,307,17,142,892,,,,,,,,,37,,,,,,,470,,,93,,,,,,,,,,106,,,,,,,,,,,,,,,,192,449,132,112,228,204,384,,378,,,,293,296,533,225,256,457,66,,196,315,56,,1086,,,,,,123,,,,,,,,,,,,104,30,20,,,,,,,,,,,,,,,,,,,,,,,,21,,,,,,,,,,,,121,,17,111,86,110,65,59,419,413,15,,,129,39,174,,,,,152,250,140,7,80,124,249,29,86,,345,,,32,1,264,376,,1092,285,,,410,111,,,,,,,,,,,,,,,,,,,,,,689,,152,57,684,,257,,462,318,332,,,158,97,,,,,,56,,,248,64,211,,204,209,206,198,145,701,214,149,622,123,237,,,,,,,,,,,,,,,,,,,,,,,,,,,,,,,,,,,,,,,,,,,,,,,,,,,,547,,,466,75,294,302,81,,188,334,,82,141,,113,59,,382,185,,264,,,,,,515,571,,,523,,178,45,,,350,
2026-09-09T06:15:01+00:00,,232,,,593,45,,,,322,,270,298,389,,86,,,,,,411,256,,369,,91,,,43,1367,18,36,57,,,,,,144,130,,114,,,,,,,,,287,30,,,40,27,3,23,,149,,102,142,,,,37,13,,,,,,,,203,,,,,,,,,,,,,,,,,,,,,,,,,,,,,,,,,,,,,,,,,,,,,,,,,,,,,,,,,,,,,,,,,,,,,,,,,,,,,,,,,,,,,,,,,,286,343,527,338,50,,,882,,583,,356,,426,1068,393,,221,105,,,,325,129,142,,305,17,,890,,,,,,,,,,,,,,,,462,,,91,140,,,,,,,,,,,,,,,,,,,,,,,,,190,443,125,111,226,200,376,,373,65,,410,286,289,523,220,247,439,65,,189,313,54,,1084,,,,350,,,,,,,,,,,,,244,101,28,19,,,,450,,,19,,343,,,308,,,,,,,,,,,,22,,,,,,,,,,,,119,,16,,85,109,,53,418,408,13,,166,125,,175,,,,,150,247,139,9,77,122,247,25,80,141,335,,,30,,,,,,,,,,,,,,,,,,,,,,,,,,,,,,,,,,,,,,,,,,,,,,,,,,,,,,,,,,,,,,,143,696,212,146,607,,232,52,150,367,44,129,154,51,148,311,331,383,,,270,,330,,175,215,,,,,,,,,,,,,,,,,,,,,,,,,,,,,,,,,537,139,,463,73,292,299,83,558,187,331,325,83,142,,110,58,92,385,,444,266,,,,,,514,569,,,521,,177,46,,,348,
2026-09-09T06:20:02+00:00,185,233,,,591,46,,163,298,,,273,295,376,,83,,,,,154,409,239,387,368,,92,,,42,1361,,33,,,,,,,142,129,,115,,14,,,,,139,,286,29,87,,38,26,,21,,,19,104,137,,,76,,12,,,,227,,,157,201,323,205,276,186,117,,,195,,369,126,281,212,230,201,506,37,254,208,183,400,188,378,183,67,114,184,289,383,145,160,642,74,746,257,82,56,199,202,280,888,,5,461,55,93,,788,182,268,518,,,381,,,,,,290,,,,,435,,,,,,174,,,,,,,,,,,,,,,,,,,,321,523,330,47,,,880,331,586,,352,,,,,,,,,,,,,138,,306,17,139,,,,,,,,,,,,,,,,,450,,,92,,,,,,,,,,105,,,,,52,,,,,,,,,,,189,436,120,106,225,198,370,,371,67,,406,,288,515,217,240,429,,,185,306,51,,1081,,,,,,,,,,,,,,,,,240,97,29,18,,,,,,,20,219,345,,,304,,,,,,,,,,,,20,,,,,,,,,,,,108,122,,108,84,106,,49,413,,,,163,,37,169,,,,88,149,243,137,5,74,,243,22,79,140,300,,,,0,253,369,63,1091,280,,141,408,114,,,,,,,,,,,,,,,,,,,,,,667,,146,46,682,,243,,457,,333,,,154,93,,,,,,51,,,238,66,193,,184,188,188,193,141,690,210,139,599,,231,,,,,,,,,,,,,,,,,,,,,,,,,,,,,,,,,,,,,,,,,,,,,,,,,,,,526,141,,457,72,286,,,557,,,321,,141,,,59,93,383,184,447,,,,,,,,566,124,,518,,176,,,,345,120
2026-09-09T06:25:01+00:00,182,230,,,583,,,,299,321,,276,293,369,,81,,,,,152,407,234,,363,,93,,,41,1350,19,30,56,,,,,,141,127,,,,,,,,,,,284,30,,,37,24,,15,,146,,100,133,,,75,,,,,,225,,,151,200,,,,,,,,,,365,120,275,208,225,200,501,27,252,207,177,397,186,376,,69,111,173,284,381,142,159,633,75,,248,86,44,190,,269,866,,,456,51,94,198,772,180,,514,,,380,,,,,,288,,,,,430,,,,,177,173,,,,,,,,,,,,,,,,,,,283,313,519,322,44,,,881,330,581,,346,,432,1047,385,100,220,103,47,161,226,316,119,133,,303,17,,,,,,,,,,,36,,,,,,,447,,,93,,,,,,,,,,,,,,,,,,,,,,,,,,187,426,114,103,221,195,359,,372,68,6,401,280,283,504,213,234,420,63,,179,302,,,1080,,,,,,122,,,,,,,,,,,238,94,,17,,,,448,,,,216,344,,,294,,,,,,,,,,,,,,,,,,,,,,,,107,121,,106,83,100,66,39,400,404,,19,161,121,40,164,8,,,,147,240,135,,71,118,237,19,74,139,283,,,28,,,,62,1089,,,,,,,,,,,,,,,,,,,,,,,,,,,,,,,,,,,,,,,,,,,,,,,,,,,,,,,,,,142,689,207,136,590,,226,,,,,,,,,,,,,,,,,,,,,,,,,,,,,,,,,,,,,,,,,,,,,,,,,,,,516,140,,454,71,281,298,,554,184,328,320,81,140,,109,,,380,186,448,267,,,,,,513,562,123,,514,,175,45,,,,
2026-09-09T06:30:02+00:00,,225,,,,,,,297,316,,277,291,355,,78,,,,,150,403,225,382,,,,,,,1347,18,26,57,152,,,,,134,,,113,,,,,,,,,282,,,,,23,2,13,,147,,97,128,,,,36,13,111,,,228,,,152,201,326,200,269,182,115,219,,192,,358,119,262,195,211,194,493,8,241,202,155,375,177,370,175,65,108,157,275,366,141,158,626,74,727,237,83,25,,198,258,845,,,455,43,,,,,,,,,,,,,,,,,,,,,,,,,,,,,,,,,,,,,,,,,,,,,282,288,515,316,,,,871,329,576,,341,279,437,1028,375,,214,101,,,231,313,124,128,,306,17,136,889,,,,,,,,,,299,,,,,,441,,,89,139,,,,,,,,,101,,,,,,,,,,,,,,,,,420,106,100,219,194,355,,,70,,397,271,279,499,208,226,411,,,177,298,,,1076,,,,351,,121,,,,,,,,,,,235,,26,14,,,,,,,21,214,343,,,290,,,,,,,,,,,,21,,,,,,,,,,,,102,119,15,102,85,,67,36,397,403,,18,,119,39,162,,,,87,142,239,,4,,115,236,,72,,255,,,26,,251,364,,1090,283,,,407,113,,,,,,,,,,,,,,,,,,,,,,659,,140,44,,,242,,450,316,,,,150,91,,,,,,50,,,235,69,190,,173,191,184,192,139,692,202,133,572,125,,,,,,,,,,,,,,,,,,,,,,,,,,,,,,,,,,,,,,,,,,,,,,,,,,,,,506,139,,453,68,278,,82,548,183,323,319,,,,105,,94,378,184,449,268,,,,,,514,,122,,510,,,,,,,
2026-09-09T06:35:02+00:00,180,218,,127,578,47,,162,,317,,278,,347,,76,,,,,147,398,214,,362,,,,,40,1344,,24,,155,,,,,132,126,,114,,,,,,,,,274,29,90,,32,26,3,10,,144,18,96,121,,226,80,35,,,,,227,,,,,,,,,,,,,,,,,,,,,,,,,,,,,,,,,,,,,,,,,,,,,,,,,,,,,,,,,,,,,,,,,,,,,427,,,,,176,172,,,,,,,,,,,,,,,,,,,,279,507,310,43,,,863,,570,,328,,436,1008,365,99,215,98,,,227,311,122,120,,304,17,133,888,,,,,,,,,34,,,,,,,435,,,,,,,,,,,,,98,,,,,,,,,,,,,,,,,414,98,97,215,189,343,,368,69,,396,266,273,487,202,218,403,59,,176,297,50,,1074,,,,,,122,,,,,,,,,,,236,93,28,11,,,,,,,,,,,,286,,,,,,,,,,,,,,,,,,,,,,,,96,114,,99,,96,65,30,391,400,,17,155,,37,161,,,2,,134,,,,66,116,233,16,66,136,232,,141,25,,247,363,,1086,,,140,406,,,,,,,,,,,,,,,,,,,,,,,639,,138,39,689,,232,,444,311,334,,,146,89,,,,,,44,,,227,,171,147,162,166,177,,136,683,197,130,561,126,222,54,142,362,36,122,152,48,151,307,330,381,216,,266,,322,,171,210,,,,,,,,,,,,,,,,,,,,,,,,,,,,,,,,,488,,,448,69,275,,83,,180,320,320,,138,,103,57,93,377,183,445,267,,,,,,,557,121,,,,,46,,,340,119
2026-09-09T06:40:01+00:00,178,215,,,575,44,,160,295,316,,281,290,342,,75,,,,,146,,205,387,361,,94,,,39,1339,19,19,56,,,,,,,,,111,,,,,,,,,273,,,,,,,6,,143,,98,118,,227,,,,110,,,,,,,202,,193,266,170,109,217,,,,355,115,254,192,205,191,480,1,239,196,152,367,,368,173,64,106,149,276,364,140,156,621,73,,255,82,16,181,196,252,833,,,,,,,,,,,,,,,,,,,,,,,,,,,,,,,,,,,,,,,,,,,,,,,,,284,273,501,307,41,,,853,,566,,318,,,,,,,,,,,,,112,,302,17,130,884,,,,,,,,,32,,,,,,,423,,,,138,,,,,,,,,93,,,,,,,,,,,,,,,,,405,89,96,216,,336,,369,70,5,395,259,266,481,201,215,400,57,,173,298,41,,1066,,,,350,,,,,,,,,,,,,233,91,25,,,,,,,,22,212,341,,,282,,,,,,,,,,,,,,,,,,,,,,,,92,,13,98,84,95,64,27,385,394,,,152,,38,159,,,1,,133,236,133,3,,111,230,13,63,,226,,140,,,246,352,,1079,280,,,402,,,,,,,,,,,,,,,,,,,,,,,,,,,,,,,,,,,,,,,,,,,,,,,,,,,,,,134,673,198,127,551,123,220,,,,,,,,,,,,,,,,,,,,,,,,,,,,,,,,,,,,,,,,,,,,,,,,,,,,471,,,445,,274,,,547,175,315,319,79,137,,101,56,,372,181,444,265,,,,,,513,556,,,507,,174,,,,341,118
2026-09-09T06:45:01+00:00,175,211,,,565,43,,,293,315,,285,287,333,,73,,,,,,397,190,386,356,,97,,,38,1336,18,17,55,156,,,,,130,,,108,,,,,,,,,272,26,,,35,,,3,,142,17,97,117,,,,34,,109,,,224,,,,204,,,,,,,,,,350,105,247,173,195,184,466,,234,192,135,346,168,366,169,61,103,126,264,358,,152,607,71,725,242,80,6,176,195,236,808,,4,453,38,85,198,721,172,267,512,59,,379,,,,,,289,,,,,418,,,,,172,170,,,,,,,,,,,,,,,,,,,283,262,499,,39,,,842,328,560,,303,278,446,992,346,97,208,93,44,159,223,300,115,109,,304,17,123,881,,,,,,,,,30,,,,,,,421,,,86,135,,,,,,,,,92,,,,,,,,,,,,,,,,,392,76,89,211,182,332,,367,67,4,393,254,262,464,200,208,392,55,,164,294,36,,1063,,,,348,,,,,,,,,,,,,226,92,24,9,,,,,,,,206,337,,,278,,,,,,,,,,,,,,,,,,,,,,,,89,112,14,96,79,93,,14,371,389,,16,144,116,37,152,,,,82,127,225,135,0,65,109,225,8,51,133,212,,,21,,,,,1076,277,,141,401,,,,,,,,,,,,,,,,,,,,,,,637,,132,36,686,,,,439,310,332,,,,88,,,,,,43,,,225,,154,,161,156,172,189,131,660,195,126,540,,215,,,,,,,,,,,,,,,,,,,,,,,,,,,,,,,,,,,,,,,,,,,,,,,,,,,,462,137,,442,64,268,296,82,545,169,311,315,78,136,,99,53,92,369,180,,,,,,,,511,553,,,,,170,45,,,340,
2026-09-09T06:50:01+00:00,171,209,,128,560,41,,158,,312,,287,282,320,,72,,,,,145,394,186,,355,,,,,39,1332,14,15,54,159,,,,,,124,,107,,,,,,,,,,22,,,32,25,,0,,,16,95,114,86,,,,14,,,,221,,,149,205,323,184,259,164,,210,,193,,,,,,,,,,,,,,,,,,,,,,,,,,,,,,,,,,,,,,,,,,,,,,,,,,,,,,,,,,,,,,,,,,,,,,,,,,,,,,,,,,285,253,,303,36,,,835,327,559,,300,,451,987,337,,207,92,,,,298,116,100,,301,17,121,883,,,,,,,,,28,,,,,,,410,,,80,134,,,,,,,,,89,,,,,,,,,,,,,,,,,390,75,87,,178,328,,365,68,3,389,249,257,460,199,200,389,53,,160,291,30,,1062,,,,,,121,,,,,,,,,,,223,90,23,10,,,,,,,,,338,,,270,,,,,,,,,,,,,,,,,,,,,,,,88,110,,97,77,89,61,12,364,380,,13,141,115,,145,,,0,79,124,217,,1,63,108,223,6,46,132,211,,,20,,,,,,,,,,,,,,,,,,,,,,,,,,,,,,,,633,85,126,30,684,,227,,435,309,331,,,,,,,,,,36,,,219,68,133,,148,145,164,,129,650,193,119,532,122,213,50,136,355,33,117,151,47,156,296,327,378,214,,262,,316,,166,203,,,,,,,,,,,,,,,,,,,,,,,,,,,,,,,,,448,135,,441,63,263,295,,544,167,304,314,76,135,,,52,91,,178,440,264,,,,,,510,547,,,499,,167,,,,,
2026-09-09T06:55:01+00:00,170,,,,556,,,159,292,,,289,280,313,,70,,,,,144,,177,382,353,,96,,,41,1331,,12,,160,,,,,129,125,,106,,15,,,,,137,,,17,89,,34,24,,,,,15,98,110,,226,79,32,,108,,,219,,,148,,,,,,,,,,,346,98,246,,,179,459,,225,189,130,338,163,365,165,60,101,116,261,353,138,151,605,,710,240,,5,,196,231,790,,5,452,37,,196,706,173,265,508,,,383,,,,,,282,,,,,402,,,,,,167,,,,,,,,,,,,,,,,,,,282,248,500,297,34,,,830,326,547,,293,277,449,979,325,,,90,43,156,220,295,109,95,,300,17,117,882,,,,,,,,,,298,,,,,,400,,,79,131,,,,,,,,,85,,,,,,,,,,,,,,,,188,371,72,81,204,171,324,,,66,,385,237,250,457,197,188,385,,,151,283,28,,1057,,,,347,,122,,,,,,,,,,,219,92,21,9,,,,,,,23,197,336,,,263,,,,,,,,,,,,20,,,,,,,,,,,,81,109,,94,,88,59,6,350,373,14,12,136,108,36,140,,,1,78,117,212,134,,61,105,214,1,35,,207,,139,19,,243,348,,1071,271,,,,,,,,,,,,,,,,,,,,,,,,,,627,84,114,25,687,,217,,419,,324,,,145,,,,,,,,,,208,64,125,,135,142,150,188,125,638,188,115,528,120,212,,,,,,,,,,,,,,,,,,,,,,,,,,,,,,,,,,,,,,,,,,,,,,,,,,,,425,,,432,,261,292,80,540,163,299,310,,133,,100,,88,362,176,442,266,,,,,,511,546,,,501,,,46,,,339,
2026-09-09T07:00:01+00:00,168,207,,,555,38,,161,291,,,,279,311,,69,,,,,142,392,172,387,351,,,,,,1327,13,9,52,159,,,,,130,,,107,,14,,,,,,,270,8,,,36,23,,,,138,,97,107,,224,,31,,,,,,,,146,204,316,177,252,158,99,206,,,,344,91,239,167,190,174,452,,223,185,127,334,159,,161,58,99,112,259,351,,149,596,72,703,237,,3,170,194,228,776,20,,450,35,87,195,692,171,264,507,,,,,,,,,278,,,,,397,,,,,171,165,,,,,,,,,,,,,,,,,,,281,243,,288,28,,,825,,534,,287,,447,977,317,,,,42,155,219,294,106,91,,297,16,111,877,,,,,,,,,27,,,,,,,396,,,68,129,,,,,,,,,83,,,,,,,,,,64,,,,,,,365,65,76,205,168,315,,359,64,,376,231,249,452,196,180,382,52,,147,278,27,,1055,,,,348,,123,,,,,,,,,,,159,121,30,4,,,,,,,,200,337,,,255,,,,,,,,,,,,21,,,,,,,,,,,,80,,,93,74,86,58,3,346,368,,11,135,103,34,137,,,,76,114,211,131,,60,101,204,0,30,,203,,138,16,,,,,,,,,,,,,,,,,,,,,,,,,,,,,,,,,,,,,,,,,,,,,,,,,,,,,,,,,,,,,,,121,627,186,107,516,119,198,,,,,,,,,,,,,,,,,,,,,,,,,,,,,,,,,,,,,,,,,,,,,,,,,,,,408,136,108,430,62,253,291,,,158,294,311,75,,,,51,85,358,174,440,264,,,,,,510,543,120,,499,,164,45,,,335,
2026-09-09T07:05:01+00:00,164,204,,,552,37,,160,290,310,,293,276,304,,,,,,,139,,170,385,346,,,,,40,1321,,10,51,,,245,,,125,122,,109,,13,,,,,,,269,3,90,,35,20,,,,,16,91,104,,223,78,30,,,,,210,,,143,203,,,,,,,,,,,,,,,,,,,,,,,,,,,,,,,,,,,,,,,,,,,,,,,,,,,,,,,,,,,,,,,,,,,,,,,,,,,,,,,,,,,,,,,,,,279,237,496,282,25,,,820,323,530,,280,,,975,308,96,210,88,,,,290,104,86,,,16,106,871,,,,,,,,,26,,,,,,,398,,,,128,,,,,,,,,82,,,,,,,,,,,,,,,,187,357,60,71,201,167,312,,360,62,2,373,224,,443,194,176,373,51,,139,271,22,,1052,,,,350,,,,,,,,,,,,,160,115,25,2,,,,,,,,195,,,,252,,,,,,,,,,,,22,,,,,,,,,,,,79,106,,,75,85,57,1,337,363,,9,133,104,36,135,7,,,,110,210,130,0,61,99,200,8,25,131,201,,137,12,,240,324,,1056,262,,138,396,94,,,,,,,,,,,,,,,,,,,,,,623,83,109,20,684,,216,,414,306,,,,144,89,,,,,,37,,,202,65,114,145,124,136,151,184,115,615,187,104,503,120,199,45,133,353,23,113,147,45,160,297,326,367,212,,253,,307,,157,196,,,,,,,,,,,,,,,,,,,,,,,,,,,,,,,,,385,,109,428,61,246,290,,537,156,288,309,73,,,97,48,83,,172,434,265,,,,,,508,540,,,493,,161,43,,,332,119
2026-09-09T07:10:01+00:00,163,202,,,543,36,,158,292,308,,298,272,301,,,,,,,137,394,168,389,345,,,,,38,1315,,,,158,,244,,,121,,,,,12,,,,,,,267,0,,,39,22,,,,,15,87,103,,222,77,28,,,,,216,,,138,204,311,169,245,150,102,204,,,,342,90,232,162,186,168,448,,216,183,123,328,158,364,154,57,98,107,256,348,136,146,579,71,,222,,,169,196,220,766,21,6,448,32,90,189,665,166,,502,,,380,,,,,,266,,,,,389,,,,,,158,,,,,,,,,,,,,,,,,,,280,236,,278,20,,,819,,518,,275,,,,,,,,,,,,,,,,,,,,,,,,,,,24,,,,,,,394,,,67,,,,,,,,,,80,,,,,,,,,,,,,,,,184,354,,69,198,166,311,,356,,,370,213,,435,193,,370,50,,136,270,28,,1051,,,,347,,,,,,,,,,,,,162,112,26,,,,,,,,,194,335,,,250,,,,,,,,,,,,21,,,,,,,,,,,,77,105,,92,73,86,,0,326,357,15,8,132,105,35,133,,,,,109,,,,60,97,198,,,,196,,,10,,,319,63,1052,,,136,394,92,,,,,,,,,,,,,,,,,,,,,,620,82,107,18,683,,211,,406,305,,,,142,,,,,,,,,,198,,106,144,117,133,146,,108,602,160,98,495,119,183,,,,,,,,,,,,,,,,,,,,,,,,,,,,,,,,,,,,,,,,,,,,,,,,,,,,370,,,426,57,244,,78,536,155,287,308,,131,,,46,,356,170,428,264,,,,,,507,538,,,490,,160,44,,,329,
2026-09-09T07:15:02+00:00,162,201,,,538,34,,159,291,306,,299,266,294,,68,,,,,,389,,390,343,,,,,,1309,,5,53,156,,245,,,122,127,,110,,11,,,,,133,,268,,91,,,21,,,,137,14,86,100,,223,75,26,,,,,221,,,137,203,,,,,,,,,,336,87,224,140,165,154,428,,205,169,111,299,156,361,142,56,93,86,248,336,132,139,534,69,679,193,,,156,187,206,747,,4,444,25,,,,,,,,,,,,,,,,,,,,,,,,,,,,,,,,,,,,,,,,,,,,,278,232,,273,19,,,816,,512,,274,,448,967,304,,208,86,41,154,218,287,95,,,,,,,,,,,,,,,23,,,,,,,382,,,65,127,,,,,,,,,79,,,,,,,,,,63,,,,,,182,347,57,67,199,167,304,,352,60,,372,208,247,424,188,173,363,49,,129,265,29,,,,,,346,,,,,,,,,,,,,,,,0,,,,449,,,,193,332,,,245,,,,,,,,,,,,22,,,,,,,,,,,,76,101,,91,70,,56,,320,353,,7,133,102,38,131,6,,,,105,205,,,57,93,191,,29,127,194,,,7,,241,317,64,1045,,,135,393,86,,,,,,,,,,,,,,,,,,,,,,615,81,102,15,682,,208,,402,,323,,,143,,,,,,,,,,193,62,95,143,113,123,148,180,105,593,157,97,484,,179,,,,,,,,,,,,,,,,,,,,,,,,,,,,,,,,,,,,,,,,,,,,,,,,,,,,356,135,,423,,236,288,,531,150,285,307,,130,,95,47,80,352,,427,266,,,,,,504,531,,,484,,159,,,,327,
2026-09-09T07:20:02+00:00,,200,,,536,37,,153,288,305,,302,262,277,,,,,,,136,390,164,389,341,,,,,36,1302,14,,51,155,,246,,,120,,,108,,,,,,,132,,,,,,41,22,4,,,136,13,85,99,,,,25,,109,,,,,,135,,309,162,240,140,100,198,,192,,333,88,219,130,159,152,422,,191,168,107,286,,,,54,90,77,246,331,,,528,65,661,186,79,,150,184,198,719,,,442,26,,185,649,165,265,500,,,378,,,,,,261,,,,,385,,,,,169,150,,,,,,,,,,,,,,,,,,,,221,493,268,16,,,806,320,507,,269,,,959,301,,,114,,,,285,157,,,,,,,,,,,,,,,21,,,,,,,379,,,66,130,,,,,,,,,77,,,,,,,,,,,,,,,,,340,54,66,201,,302,,349,,,367,198,244,415,187,169,360,47,,126,259,26,,1050,,,,347,,121,,,,,,,,,,,164,108,23,1,,,,,,,,191,,,,246,,,,,,,,,,,,,,,,,,,,,,,,68,97,12,90,65,,,,,,,8,138,,,129,5,,,,104,197,,,,96,188,9,27,126,,44,,8,,243,310,,1041,259,,,392,84,,,,,,,,,,,,,,,,,,,,,,614,78,99,11,,,202,,394,302,319,,,144,,,,,,,35,,,192,64,83,,110,116,145,173,100,578,154,91,474,,176,50,123,,,112,146,42,162,290,323,362,207,,244,,293,,151,197,,,,,,,,,,,,,,,,,,,,,,,,,,,,,,,,,342,,108,418,56,230,287,80,530,145,280,305,72,129,,96,46,79,346,,421,,,,,,,503,528,,,482,,,45,,,324,118
2026-09-09T07:25:01+00:00,158,196,,,527,,,152,285,,,304,261,273,,69,,,,,,391,157,,339,,95,,,35,1298,,6,52,,,,,,118,,,112,,,,,,,131,,273,,,,43,20,,,,,12,83,95,,,74,22,,108,,,220,,,138,204,,,,,,,,,,,,,,,,,,,,,,,,,,,,,,,,,,,,,,,,,,,,,,,,,,,,,,,,,,,,,,,,,,,,,,,,,,,,,,,,,,,,,,,,,,277,216,,266,13,,,797,,499,,263,,447,950,296,,207,115,,151,216,283,147,77,,296,16,95,854,,,,,,,,,19,297,,,,,,378,,,,128,,,,,,,,,78,,,,,,,,,,,,,,,,,338,58,64,200,163,296,,347,59,,369,190,242,403,188,168,359,,,121,256,28,,1049,,,,,,,,,,,,,,,,,163,107,21,,,,,,,,22,186,,,,245,,,,,,,,,,,,23,,,,,,,,,,,,64,96,,89,,,,,317,,,,137,98,,,,,,75,101,195,,1,,94,186,10,26,,,,138,7,1,,306,,,254,,,390,79,,,,,,,,,,,,,,,,,,,,,,611,,,13,,,,,,,317,,,145,,,,,,,,,,191,62,,144,106,108,,,96,564,153,87,468,,168,,,,,,,,,,,,,,,,,,,,,,,,,,,,,,,,,,,,,,,,,,,,,,,,,,,,336,,107,413,53,228,284,,528,144,276,306,71,130,,94,47,77,348,168,416,,,,,,,,521,,,473,,,43,,,321,
2026-09-09T07:30:02+00:00,155,195,,,520,,,,281,303,,306,259,260,,68,,,,,135,393,153,384,336,,,,,33,1296,15,5,51,,,245,,,,126,,111,,,,,,,129,,272,,,,44,19,,,,135,11,85,91,,,,,13,109,,,218,,,,,304,150,232,137,96,189,,,,329,,213,115,154,149,418,,183,167,104,280,155,363,137,53,87,70,245,323,131,136,520,61,,175,,,146,,195,706,,,440,25,88,181,641,161,262,490,,,376,,,,,,252,,,,,380,,,,,168,151,,,,,,,,,,,,,,,,,,,278,217,489,255,,,,789,321,493,,259,276,,948,291,95,205,114,42,,210,281,145,76,,301,16,97,845,,,,,,,,,17,298,,,,,,372,,,68,126,,,,,,,,,77,,,,,51,,,,,,,,,,,,337,55,63,197,164,294,,346,57,,366,181,237,399,187,,355,,,120,259,29,,1047,,,,346,,,,,,,,,,,,,,106,20,2,,,,,,,,,333,,,244,,,,,,,,,,,,,,,,,,,,,,,,61,95,14,88,,,55,2,312,352,,,132,97,37,126,,,,74,,192,,,,92,185,,25,,192,45,137,,0,236,293,,1035,247,,134,,76,,,,,,,,,,,,,,,,,,,,,,605,77,94,14,680,,199,,387,,318,,,144,,,,,,,34,,,188,61,78,140,105,104,144,,95,553,,83,451,118,163,,,,,,,,,,,,,,,,,,,,,,,,,,,,,,,,,,,,,,,,,,,,,,,,,,,,327,134,106,406,51,227,285,77,526,142,268,,69,129,,93,46,75,341,,,262,,,,,,501,520,,,456,,,,,,317,116
2026-09-09T07:35:01+00:00,153,193,,127,516,34,,150,278,301,,308,254,254,,,,,,,133,394,152,,333,,97,,,31,1290,,1,,157,,243,,,,125,,112,,10,,,,,128,,270,,,,,22,3,,,,9,86,88,,,73,21,,,,,,,,135,207,,,,,,,,,,,,,,,,,,,,,,,,,,,,,,,,,,,,,,,,,,,,,,87,179,629,157,261,489,,,,,,,,,248,,,,,375,,,,,169,149,,,,,,,,,,,,,,,,,,,,213,,252,10,,,782,320,482,,255,,,,,,,,,,,,,,,,,,,,,,,,,,,,,,,,,,363,,,61,124,,,,,,,,,75,,,,,,,,,,,,,,,,181,322,,,,159,289,,347,54,,357,165,234,396,185,163,346,49,,,260,,,,,,,345,,,,,,,,,,,,,164,101,18,3,,,,447,,,,,332,,,,,,,,,,,,,,,,,,,,,,,,,,,62,97,,82,61,,,0,310,351,,,133,94,,124,,,2,72,99,180,127,,,85,186,11,28,123,189,,,,,235,289,,1033,248,,132,387,74,,,,,,,,,,,,,,,,,,,,,,589,,91,,681,,194,,380,299,316,,,143,91,,,,,,,,,183,58,66,135,86,92,139,174,91,543,152,,438,116,157,48,118,,,104,143,38,160,284,322,352,203,,223,,286,,,191,,,,,,,,,,,,,,,,,,,,,,,,,,,,,,,,,319,135,105,404,46,224,281,,524,140,265,305,66,,,,45,72,332,166,413,,,,,,,497,517,119,,450,,,39,,,314,115
2026-09-09T07:40:01+00:00,,192,,,514,30,,141,275,297,,311,249,240,,,,,,,129,390,147,382,332,,96,,,32,1275,,0,,156,,237,,,116,123,,,,9,,,,,,,271,,,,,21,,,,,7,87,,,,72,22,,,,,,,,134,204,302,145,225,134,93,187,,191,,325,82,203,91,144,139,403,,168,166,97,260,,355,129,49,78,63,239,305,128,133,493,57,645,157,81,,143,177,191,680,,3,439,24,,,,,,,,,,,,,,,,,,,,,,,,,,,,,,,,,,,,,,,,,,,,,273,211,484,247,,,,773,319,465,,248,,,,,,,,,,,,,,,,,,,,,,,,,,,,,,,,,,361,,,,,,,,,,,,,,,,,,,,,,,64,,,,,,,317,52,64,195,155,285,,346,,,,,230,386,184,161,342,,,117,259,31,,1046,,,,346,,,,,,,,,,,,,166,99,20,4,,,,446,,,21,184,329,,,239,,,,,,,,,,,,25,,,,,,,,,,,,,98,12,,56,87,,1,302,348,,,132,89,36,119,,,,,,174,126,0,58,,187,12,27,121,,,134,6,,230,283,,1025,245,,131,388,66,,,,,,,,,,,,,,,,,,,,,,,,,,,,193,,,,,,,,,,,,,,,,,,,64,,,,,172,90,531,146,78,407,115,152,,,,,,,,,,,,,,,,,,,,,,,,,,,,,,,,,,,,,,,,,,,,,,,,,,,,311,,104,402,45,221,280,,521,136,256,304,64,127,,92,40,70,331,165,,,,,,,,492,510,118,,441,,156,34,,,308,114
2026-09-09T07:45:02+00:00,152,186,,126,504,28,,131,267,294,,,241,235,,,,,,,126,387,139,384,326,,94,,,30,1265,,1,50,155,,233,,,,,,,,7,,,,,,,,,90,,45,20,,,,134,5,83,87,,,70,21,,108,,,,,,136,205,,,,,,,,,,322,76,189,78,132,135,380,,154,165,92,235,156,350,113,46,74,52,235,293,126,130,468,56,622,163,,,,172,175,662,,,436,23,82,171,618,154,254,490,,,,,,,,,240,,,,,371,,,,,166,148,,,,,,,,,,,,,,,,,,,271,210,485,245,12,,,766,317,458,,237,275,446,934,276,94,200,113,,150,206,271,132,,,,,,,,,,,,,,,15,,,,,,,351,,,57,,,,,,,,,,76,,,,,,,,,,,,,,,,,306,49,62,190,161,279,,338,49,,349,159,228,373,182,150,336,51,,,257,27,,1045,,,,345,,123,,,,,,,,,,,165,98,21,3,,,,,,,22,178,,,,237,,,,,,,,,,,,26,,,,,,,,,,,,,96,,80,53,,,,293,338,,7,135,83,35,120,4,,,70,,160,124,,,87,182,,24,118,185,,,5,,228,275,63,1019,,,,387,62,,,,,,,,,,,,,,,,,,,,,,583,79,93,11,,,,,370,,318,,,141,89,,,,,,,,,181,,,134,82,85,137,,88,515,140,73,391,112,147,,,,,,,,,,,,,,,,,,,,,,,,,,,,,,,,,,,,,,,,,,,,,,,,,,,,306,,103,391,43,210,277,77,518,127,250,300,61,,,91,,71,320,161,414,,,,,,,,507,,,433,,153,35,,,300,
2026-09-09T07:50:02+00:00,150,182,,,496,26,,123,262,292,,181,237,222,,,,,,,123,388,134,383,323,,,,,31,1260,,0,46,156,,229,,,,120,,113,,8,,,,,126,,269,,91,,46,19,,,,135,3,85,85,,,69,20,,,,,,,,,204,303,135,215,130,94,182,,190,,,,,,,,,,,,,,,,,,,,,,,,,,,,,,,,,,,,,,,,,,,,,,,,,,,,,,,,,,,,,,,,,,,,,,,,,,,,,,,,,,274,207,484,237,,,,751,,447,,232,,,,,,,,,,,,,,,,,,,,,,,,,,,14,,,,,,,347,,,55,122,,,,,,,,,74,,,,,50,,,,,,,,,,,,299,,61,187,160,269,,337,48,,343,148,231,366,178,146,334,,,114,256,,,1044,,,,344,,,,,,,,,,,,,,,,2,,,,445,,,,177,331,,,234,,,,,,,,,,,,25,,,,,,,,,,,,,90,14,78,48,88,54,2,288,333,14,6,133,84,,114,,,,69,100,154,118,,57,83,181,,21,115,180,44,135,,,224,267,62,1010,243,,134,388,59,,,,,,,,,,,,,,,,,,,,,,581,,91,10,679,,187,,367,295,319,,,138,,,,,,,32,,,179,57,61,132,76,80,131,,87,497,137,65,381,,136,,,,,,,,,,,,,,,,,,,,,,,,,,,,,,,,,,,,,,,,,,,,,,,,,,,,300,134,102,383,40,207,274,74,517,113,247,299,60,128,,,,66,,160,404,259,,,,,,,501,,,426,,152,,,,295,112
2026-09-09T07:55:01+00:00,148,181,,,,29,,114,254,290,,174,231,210,,,,,,,122,387,131,377,317,,,,,27,1249,14,1,,155,,227,,,114,122,,,,,,,,,124,,268,,,,,,,,,134,,82,84,,,68,18,12,106,,,,,,135,203,,,,,,,,,,320,70,185,66,123,129,372,,143,,90,226,,347,106,45,72,44,231,284,,128,452,57,,156,83,,144,,171,650,,,,,,,,,,,,,,,,,,,231,,,,,367,,,,,162,149,,,,,,,,,,,,,,,,,,,272,203,480,234,10,,,740,,430,,218,274,448,933,265,,197,116,39,,,257,118,,,,,,,,,,,,,,,10,,,,,,,339,,,52,,,,,,,,,,72,,,,,,,,,,,,,,,,,284,48,58,183,154,258,,335,46,,340,138,227,355,,143,333,,,108,252,25,,1043,,,,345,,121,,,,,,,,,,,167,96,17,1,,,,,,,,182,,,,233,,,,,,,,,,,,23,,,,,,,,,,,,63,89,13,,46,89,,1,284,326,13,,132,82,36,110,,,,66,,148,114,,,82,179,,,113,177,,,6,,,,,,,,,,,,,,,,,,,,,,,,,,,,,,,,576,,87,9,,,188,,355,293,,,,140,90,,,,,,25,,,178,51,55,,73,72,128,167,85,483,135,63,374,114,120,46,105,352,12,95,,37,158,271,316,338,204,,214,,280,,147,182,,,,,,,,,,,,,,,,,,,,,,,,,,,,,,,,,293,,101,378,36,192,271,71,515,106,242,298,57,127,,,38,64,313,156,401,257,,,,,,491,500,,,414,,150,34,,,,110
2026-09-09T08:00:02+00:00,150,178,53,,487,24,,108,247,287,,173,230,195,,67,,,,,116,385,127,369,315,,,,,29,1246,,3,45,,,223,,,112,120,,115,,,,,,,,,,,,,,17,,,,,,77,81,,,,17,13,105,,,222,,,137,202,302,118,204,119,90,174,,189,,318,52,172,47,104,123,352,1,129,167,87,209,158,342,91,,71,33,222,267,,124,429,53,604,139,85,,140,169,159,647,,,435,16,,,,,,,,,,,,,,,,,,,,,,,,,,,,,,,,,,,,,,,,,,,,,270,200,477,233,12,,,717,315,415,,206,,,,,,,,,,,,,,,,,,,,,,,,,,,6,297,,,,,,327,,,47,120,,,,,,,,,,,,,,49,,,,,,,,,,,,279,49,55,179,,248,,327,44,,331,126,220,342,179,139,327,50,,101,244,24,,1040,,,,,,,,,,,,,,,,,168,93,19,0,,,,444,,,21,185,330,,,230,,,,,,,,,,,,24,,,,,,,,,,,,62,86,,79,37,83,,,280,316,,,128,79,37,102,,,,67,,138,105,,,84,169,11,18,112,178,,134,7,,218,241,,995,230,,131,386,48,,,,,,,,,,,,,,,,,,,,,,575,,,,676,,184,,345,289,,,,141,,,,,,,26,,,176,50,45,130,67,63,126,164,79,464,137,57,353,,117,,,,,,,,,,,,,,,,,,,,,,,,,,,,,,,,,,,,,,,,,,,,,,,,,,,,290,133,100,375,34,187,265,67,513,102,235,297,,126,,88,37,61,307,152,393,255,,,,,,486,492,,,410,,146,31,,,278,
2026-09-09T08:05:01+00:00,145,177,52,,476,,,98,244,286,,169,229,186,,66,,,,,115,387,124,370,307,,93,,,31,1242,15,0,,,,218,,,113,,,116,,,,,,,125,,269,,,,45,21,,,,133,,73,78,85,,,15,12,106,,,216,,,,201,,113,193,112,88,,,,,,,,,,,,,,,,,,,,,,,,,,,,,,,,,,,,,,,,,79,156,586,142,253,490,59,,375,,,,,,224,,,,,366,,,,,160,146,,,,,,,,,,,,,,,,,,,271,199,,228,,,,704,317,406,,202,,446,928,260,,196,111,38,149,205,260,102,,,,,,,,,,,,,,,5,296,,,,,,319,,,46,,,,,,,,,,,,,,,48,,,,,,,,,,,,265,45,,174,153,238,,321,41,,327,117,219,334,176,140,324,49,,93,238,27,,,,,,,,120,,,,,,,,,,,166,92,17,,,,,,,,,180,331,,,228,,,,,,,,,,,,25,,,,,,,,,,,,58,,,77,36,,,,278,311,,4,125,,36,,,,,,99,131,95,,58,,165,,24,111,,,135,3,,,,63,,,,,,,,,,,,,,,,,,,,,,,,,,,,571,,,10,674,,185,,337,288,318,,,140,91,,,,,,24,,,174,49,39,129,54,59,120,165,,452,135,58,339,115,111,,,,,,,,,,,,,,,,,,,,,,,,,,,,,,,,,,,,,,,,,,,,,,,,,,,,284,,98,372,31,178,260,,509,95,230,296,54,125,,,35,57,300,147,394,254,,,,,,482,,,,398,,142,29,,,272,108
2026-09-09T08:10:01+00:00,,175,,,473,,,90,237,279,,166,228,180,,,,,,,112,384,127,368,303,,91,,,29,1230,,,,153,,215,,,112,121,,117,,,,,,,,,268,,,,43,20,4,,,132,2,,75,,224,69,14,,,,,219,2,,135,199,,,,,,,,,,317,45,167,35,98,125,350,,125,,83,198,156,338,85,43,70,20,220,257,,,425,,,134,,,139,,154,644,,,,,,,,,,,,,,,,,,,,,,,,,,,,,,,,,,,,,,,,,,,,,,,,,269,195,475,224,13,,,695,316,389,,192,,,,,,,,,,,,,,,,,,,,,,,,,,,,295,,,,,,309,,,47,119,,,,,,,,,70,,,,,,,,,,,,,,,,180,255,34,54,171,146,232,,325,38,,324,112,216,331,177,,,51,,,236,28,,,,,,344,,119,,,,,,,,,,,167,89,20,,,,,,,,,177,330,,,223,,,,,,,,,,,,24,,,,,,,,,,,,,87,11,74,32,,53,,277,300,,,128,,39,106,,,1,66,,116,84,,56,85,,,21,108,,,,4,,215,235,64,977,226,,132,385,43,,,,,,,,,,,,,,,,,,,,,,561,77,90,9,672,,183,,317,,,,,137,90,,,,,,20,,,169,51,35,127,41,56,118,163,78,438,134,55,325,112,109,44,93,350,7,85,139,32,153,267,303,316,200,,193,,250,,143,171,,,,,,,,,,,,,,,,,,,,,,,,,,,,,,,,,281,132,97,364,32,167,261,68,505,89,226,293,,,,,34,56,294,,397,253,,,,,,478,,117,,387,,141,30,,,,106
2026-09-09T08:15:01+00:00,143,176,,,467,22,,81,229,,,165,226,171,,65,,,,,109,382,,365,302,,90,,,28,1228,,,43,152,,214,,,111,122,,120,,7,,,,,126,,,,92,,,,5,,,133,,70,73,,223,71,11,,,,,221,1,,,202,298,109,185,98,87,169,,,,,,,,,,,,,,,,,,,,,,,,,,,,,,,,,,,,,,,,74,151,571,134,252,486,,,374,,,,,,222,,,,,364,,,,,148,145,,,,,,,,,,,,,,,,,,,270,192,,225,15,,,676,,385,,183,273,447,929,251,,195,,,,204,255,95,,,,,,,,,,,,,,,,296,,,,,,299,,,49,118,,,,,,,,,,,,,,49,,,,,,,,,,,,247,36,55,164,144,222,,324,37,,,105,218,322,175,139,321,,,94,238,27,,1039,,,,341,,120,,,,,,,,,,,171,91,18,,,,,,,,20,179,327,,,219,,,,,,,,,,,,,,,,,,,,,,,,59,,9,72,27,84,,2,275,296,12,3,124,80,41,,,,,65,,113,79,,,86,166,10,,107,,,137,,,214,221,61,947,216,,130,383,28,,,,,,,,,,,,,,,,,,,,,,,,86,6,,,,,,,,,,136,,,,,,,18,,,171,,,126,,48,120,,76,413,130,51,319,114,99,,,,,,,,,,,,,,,,,,,,,,,,,,,,,,,,,,,,,,,,,,,,,,,,,,,,279,,,360,29,163,258,63,503,84,225,,,124,,89,32,54,293,145,393,,,,,,,471,489,,,,,138,29,,,261,105
2026-09-09T08:20:01+00:00,,,,,460,21,,76,,273,,160,220,164,,,,,,,105,383,129,361,292,,,,,29,1224,,,42,151,,211,,,108,,,121,,5,,,,,125,,267,,90,,42,19,4,,,132,,61,74,,224,,9,,,,,220,,,,,,,,,,,,,,313,36,152,34,89,122,335,,116,166,80,181,,333,75,42,66,11,211,244,127,,401,50,583,125,87,1,117,,152,624,,,436,13,,,,,,,,,,,,,,,,,,,,,,,,,,,,,,,,,,,,,,,,,,,,,267,,,220,8,,,665,,379,,171,274,445,918,247,,192,104,39,147,201,250,93,,,,,,,,,,,,,,,0,295,,,,,,300,,,,117,,,,,,,,,69,,,,,,,,,,,,,,,,,241,37,54,,145,210,,323,34,,,90,208,313,173,136,317,53,,98,234,29,,,,,,339,,,,,,,,,,,,,,92,20,,,,,,,,,174,,,,,,,,,,,,,,,,26,,,,,,,,,,,,57,,10,69,24,,,0,270,281,,,125,77,40,103,,,,,,111,76,1,,83,160,9,18,106,179,,,3,,,,,,,,,,,,,,,,,,,,,,,,,,,,,,,,,,85,7,671,,,257,311,,,,,135,,,,,,,15,,,170,53,33,124,43,44,119,164,74,398,126,44,314,112,91,,,,,,,,,,,,,,,,,,,,,,,,,,,,,,,,,,,,,,,,,,,,,,,,,,,,275,,,356,30,155,257,62,,79,223,,,125,,90,34,,,,394,254,,,,,,468,492,,,373,,139,31,,,252,104
2026-09-09T08:25:02+00:00,,173,,,455,19,,69,226,274,,148,217,157,,64,,,,,100,,125,357,288,,92,,,30,1219,14,,40,,,209,,,109,120,,,,6,,,,,,,268,,91,,41,20,,,,131,,,72,,225,72,,,,,,,2,,134,201,,107,181,106,,168,,,,311,32,145,33,78,120,322,,108,165,78,168,154,327,67,38,64,10,205,220,125,,378,,576,143,86,,109,163,137,616,,,,12,76,149,557,130,250,484,,,370,,,,,,217,,,,,361,,,,,141,139,,,,,,,,,,,,,,,,,,,263,194,,214,,,,649,,369,,164,,441,909,241,93,188,,,149,199,241,92,,,,,,,,,,,,,,,,297,,,,,,295,,,51,,,,,,,,,,70,,,,,,,,,,,,,,,,,227,32,52,162,141,208,,322,32,,321,84,206,307,,,311,,,100,231,26,,,,,,,,,,,,,,,,,,,168,,18,,,,,443,,,19,172,323,,,221,,,,,,,,,,,,24,,,,,,,,,,,,56,84,9,,27,88,52,6,,275,,,121,74,37,102,,,,64,,96,70,0,,84,158,,14,104,177,,,4,,212,211,60,929,206,,128,,21,,,,,,,,,,,,,,,,,,,,,,558,76,88,4,670,,182,,294,,316,,,131,91,,,,,,18,,,166,50,,122,34,32,112,159,75,379,122,37,310,110,87,45,92,347,,79,137,31,157,253,294,295,197,,181,,241,,148,156,,,,,,,,,,,,,,,,,,,,,,,,,,,,,,,,,274,133,96,354,29,149,255,,502,75,225,291,55,126,,89,,55,292,143,390,250,,,,,,467,486,,,365,,135,,,,248,100
2026-09-09T08:30:02+00:00,141,,,,449,20,,66,220,271,,145,213,150,,,,,,,98,382,124,355,283,,90,,,28,1213,,,39,,,205,,,,,,124,,,,,,,124,,266,,,,43,21,5,,,,,56,68,,,70,8,,,,,219,,,,203,,,,,,,,,,,,,,,,,,,,,,,,,,,,,,,,,,,,,,,,,,,,,,,,,,,,,,,,,,,,206,,,,,359,,,,,140,,,,,,,,,,,,,,,,,,,,261,191,474,213,9,,,645,315,357,,152,,440,907,238,,187,,,,,240,90,,,,,,,,,,,,,,,,,,,,,,284,,,46,,,,,,,,,,,,,,,,,,,,,,,,,,,219,35,50,158,139,203,,325,30,,319,82,203,299,,142,310,54,,97,229,25,,1037,,,,337,,,,,,,,,,,,,170,91,19,,,,,441,,,18,171,322,,,219,,,,,,,,,,,,,,,,,,,,,,,,,83,8,70,26,,53,,268,271,,,115,,40,,,,,,100,93,67,1,,,157,,12,102,174,,,5,,213,209,,918,207,,,,13,,,,,,,,,,,,,,,,,,,,,,,,,,,,,,,,,,,,,,,,,,,,,,,,,,,,,69,369,121,35,303,111,83,,,,,,,,,,,,,,,,,,,,,,,,,,,,,,,,,,,,,,,,,,,,,,,,,,,,273,,95,349,28,144,251,,500,,218,290,54,127,,91,35,52,288,142,387,249,,,,,,466,485,116,,354,,131,32,,,236,102
2026-09-09T08:35:02+00:00,139,172,51,,445,17,,60,212,269,,141,210,147,,,,,,,96,380,121,348,274,,88,,,26,1209,13,,40,148,,198,,,110,118,,125,,4,,,,,123,,264,,90,,42,19,4,,,130,,55,64,,,,5,,108,,,,1,,,204,294,99,172,102,81,164,,,,,30,136,31,79,118,321,,104,,,165,,320,63,,62,6,197,208,124,121,370,51,543,142,90,2,108,,138,601,,,,11,79,145,532,126,242,482,,,368,,,,,,,,,,,,,,,,,,,,,,,,,,,,,,,,,,,,260,,473,211,13,,,635,314,349,,144,,438,906,,92,185,103,40,148,200,239,85,37,,282,14,74,670,,,,,,,,,,,,,,,,277,,,43,,,,,,,,,,66,,,,,50,,,,,,,,,,,,207,,49,155,,201,,324,,,,72,201,305,170,,308,55,,94,221,27,,,,,,,,119,,,,,,,,,,,,89,17,,,,,440,,,17,169,323,,,212,,,,,,,,,,,,25,,,,,,,,,,,,57,84,10,68,27,87,54,7,264,267,11,,114,79,39,99,,,,65,,85,61,3,58,85,154,,8,98,173,,136,6,,,,,,,,,,,,,,,,,,,,,,,,,,,,,,,,550,,,3,667,,,,289,285,317,,,128,93,,,,,,12,,,164,,34,121,,24,109,158,66,354,,30,295,110,79,,,,,,,,,,,,,,,,,,,,,,,,,,,,,,,,,,,,,,,,,,,,,,,,,,,,,134,97,345,26,136,252,,,71,217,289,53,126,,89,,53,284,137,384,,,,,,,464,483,,,351,,126,30,,,234,103
2026-09-09T08:40:01+00:00,134,169,,,442,,,51,209,268,,135,209,146,,63,,,,,98,381,123,347,273,,85,,,,1202,12,,39,149,,195,,,107,120,,128,,,,,,,122,,263,,89,,41,17,,,,,,57,59,,,69,4,,,,,227,2,,135,,,,,,,,,,,,,,,,,,,,,,,,,,,,,,,,,,,,,,,,,,,,,,,,,,,,,,,,,,,,,191,,,,,357,,,,,130,137,,,,,,,,,,,,,,,,,,,254,190,472,209,10,,,628,313,344,,137,,,,,,,,,,,,,33,,283,15,73,653,,,,,,,,,,,,,,,,276,,,42,118,,,,,,,,,,,,,,,,,,,63,,,,,,,209,,45,152,137,192,,323,25,,314,71,,303,171,143,309,54,,96,218,25,,,,,,335,,120,,,,,,,,,,,169,,15,,,,,,,,16,171,321,,,211,,,,,,,,,,,,24,,,,,,,,,,,,56,83,7,67,25,,,2,260,262,,2,115,78,,98,,,,66,,81,56,0,,82,155,,10,100,171,,,,,210,199,,906,200,,129,384,12,,,,,,,,,,,,,,,,,,,,,,545,75,,2,,,,,276,284,,,,,,,,,,,15,,,163,49,37,122,30,20,104,156,59,341,120,28,302,112,74,44,89,348,6,71,133,28,149,238,289,284,194,,172,,234,,145,134,,,,,,,,,,,,,,,,,,,,,,,,,,,,,,,,,270,,98,339,,128,250,60,499,67,222,286,54,127,,,33,,286,135,385,245,,,,,,463,479,,,348,,124,31,,,231,102
2026-09-09T08:45:01+00:00,129,167,,125,446,19,,44,203,,,123,206,141,,64,,,,,94,,122,344,276,,,,,25,1194,13,,,,,192,,,103,,,,,,,,,,119,,262,,88,,38,,,,,132,,55,55,,,68,3,,,,,228,3,,,206,296,85,164,91,83,165,,,,,24,116,29,,108,306,,102,,75,152,,316,46,,61,1,192,191,,123,350,49,538,143,,,,161,127,598,,,434,12,78,135,523,,245,479,,,,,,,,,,,,,,,,,,,,,,,,,,,,,,,,,,,,,,,253,192,475,206,,,,624,,337,,130,,439,896,235,,180,,41,,198,237,84,30,,,14,72,648,,,,,,,,,,298,,,,,,274,,,38,117,,,,,,,,,65,,,,,,,,,,,,,,,,179,192,36,46,153,,180,,314,24,,,69,198,292,169,138,301,55,,,215,23,,1036,,,,338,,,,,,,,,,,,,167,86,17,,,,,439,,,,162,,,,209,,,,,,,,,,,,,,,,,,,,,,,,57,80,9,,24,86,52,1,256,257,,3,114,72,,97,,,,,,80,53,,59,77,152,,6,,170,,,,,205,189,,888,186,,126,383,8,,,,,,,,,,,,,,,,,,,,,,,,,,,,,,,,,,,,,,,,,,,,,,,,,,,,,57,327,113,26,299,111,72,,,,,,,,,,,,,,,,,,,,,,,,,,,,,,,,,,,,,,,,,,,,,,,,,,,,268,,94,329,29,126,248,58,498,68,220,288,,125,,88,34,52,279,132,380,,,,,,,458,477,,,337,,122,,,,224,99
2026-09-09T08:50:02+00:00,126,168,,,447,17,,36,198,266,,122,202,142,,65,,,,,,379,115,339,271,,,,,,1189,12,,40,,,187,,,,,,,,,,,,,120,,,,,,,18,,,,133,1,57,53,84,,69,2,10,,,,229,4,,133,207,,,,,,,,,,,,,,,,,,,,,,,,,,,,,,,,,,,,,,,,,,,,,,,,,,,,,,,,,,,,179,,,,,356,,,,,126,134,,,,,,,,,,,,,,,,,,,254,190,,212,9,,,618,,335,,127,,,,,,,,,,,,,28,,285,14,64,638,,,,,,,,,,297,,,,,,277,,,,118,,,,,,,,,64,,,,,47,,,,,,,,,,,180,182,38,43,148,132,170,,,20,,310,68,199,286,170,141,296,56,,94,212,25,,1033,,,,334,,,,,,,,,,,,,164,85,18,,,,,436,,,15,158,320,,,,,,,,,,,,,,,,,,,,,,,,,,,51,81,7,62,,,51,4,253,248,,4,109,70,40,93,3,,,,,72,55,,,74,147,,3,98,169,,137,4,,206,187,59,875,179,,122,384,7,,,,,,,,,,,,,,,,,,,,,,543,74,82,3,668,,180,,267,283,,,,124,,,,,,,16,,,162,46,36,120,27,18,101,,54,313,110,18,289,,74,,,,,,,,,,,,,,,,,,,,,,,,,,,,,,,,,,,,,,,,,,,,,,,,,,,,,135,91,322,22,113,243,56,497,,221,287,57,126,,,33,49,277,,,243,,,,,,,474,,,319,,119,28,,,219,96
2026-09-09T08:55:01+00:00,124,,,,442,,,116,195,263,,121,197,134,,,,,,,93,376,113,336,267,,83,,,,1186,13,,37,150,,189,,,102,,,,,,,,,,,,263,,,,,17,5,,,131,,51,50,,,71,1,9,107,,,228,6,,,209,,81,160,86,80,168,,,,310,19,110,23,70,104,315,,97,162,72,128,,315,35,37,57,,184,176,121,121,337,47,532,135,95,,107,162,122,587,,,433,,77,127,509,121,241,473,57,,358,,,,,,177,,,,,359,,,,,124,131,,,,,,,,,,,,,,,,,,,,,,,,,,,,,,,,,,,,,,,,,,,,,,,,,,,,,,,,,,,,,,,,,,,,,,,,,,,,,,,,,,,,,,,,,,,,,,,,,,,,,,,,308,66,200,278,172,139,,,,88,210,22,,,,,,,,,,,,,,,,,,,,,,,,,,,,,,,,,,,,,,,,,,,,,,,,,,,,,,,,,,,,,,,,,,,,,,,,,,,,,,,,,,,,,,,,,,,,,,,,,,,,,,,,,,,,,,,,,,,,,,,,,,,532,72,79,1,666,,178,,255,281,316,,,126,94,,,,,,17,,,163,39,29,117,,,98,157,,,,,,,,,,,,,,,,,,,,,,,,,,,,,,,,,,,,,,,,,,,,,,,,,,,,,,,,,,,265,,,316,21,103,242,54,495,63,219,283,58,124,,87,32,47,274,125,378,244,,,,,,,473,,,314,,120,,,,213,
2026-09-09T08:55:02+00:00,,,,,,,,,,,,,,,,,,,,,,,,,,,,,,,,,,,,,,,,,,,,,,,,,,,,,,,,,,,,,,,,,,,,,,,,,,,,,,,,,,,,,,,,,,,,,,,,,,,,,,,,,,,,,,,,,,,,,,,,,,,,,,,,,,,,,,,,,,,,,,,,,,,,,,,,,,,,,,,,,,,,,,,251,,472,211,10,,,610,308,321,,115,273,440,898,230,,178,98,,147,197,231,71,23,,282,14,61,632,,,,,,,,,,,,,,,,279,,,36,120,,,,,,,,,,,,,,45,,,,,64,,,,,,,174,40,44,143,,165,,311,19,,,,,,,,,,,,,,,,,,,333,,,,,,,,,,,,,166,83,16,,,,,437,,,,149,319,,,207,,,,,,,,,,,,,,,,,,,,,,,,49,84,,,21,,,0,,243,,,110,66,41,94,,,,64,99,68,57,,,73,146,7,10,93,,,135,6,,209,180,,864,180,,,385,9,,,,,,,,,,,,,,,,,,,,,,,,,,,,,,,,,,,,,,,,,,,,,,,,,,,,,50,292,108,19,284,,61,45,85,340,3,62,135,26,146,222,241,261,188,,163,,227,,142,122,,,,,,,,,,,,,,,,,,,,,,,,,,,,,,,,,,,,,,,,,,,,,,,,,,,,,,,,,,,,,,,,,,,,,,,
2026-09-09T09:00:01+00:00,122,167,52,,434,18,,99,192,,,117,196,133,,64,,,,,94,375,,330,263,,82,,,23,1179,,,38,148,,183,,,101,,,127,,5,,,,,,,265,,87,,37,14,4,,,132,0,48,48,,224,,,6,,,,,,,,210,,,,,,,,,,309,13,97,11,67,100,302,,92,,67,116,,311,16,,54,3,176,158,,122,317,42,516,129,,,106,,115,,20,,,8,,,,,,,,,,,,,,,,,,,,,,,,,,,,,,,,,,,,,,,,,,,,,245,189,473,209,11,,,593,305,318,,108,,,,,,,,,,,,,22,,279,14,63,620,,,,,,,,,,296,,,,,,272,,,,122,,,,,,,,,63,,,,,46,,,,,63,,,,,,,170,45,40,139,134,161,,308,18,,312,57,203,271,171,,294,55,,87,208,24,,1029,,,,329,,,,,,,,,,,,,165,80,,,,,,435,,,14,147,315,,,202,,,,,,,,,,,,23,,,,,,,,,,,,46,86,9,61,18,,50,,252,239,,,108,64,37,92,,,,65,,63,62,1,,71,147,,8,,168,43,134,5,,,,,,,,,,,,,,,,,,,,,,,,,,,,,,,,,,,,,,,,,,,,,,,,,,,,,,,,,,,,,,,48,262,102,17,279,108,64,,,,,,,,,,,,,,,,,,,,,,,,,,,,,,,,,,,,,,,,,,,,,,,,,,,,263,,,313,17,97,237,57,493,58,220,282,59,125,,86,30,,277,120,379,,,,,,,,472,,,306,,122,25,,,200,
2026-09-09T09:05:01+00:00,123,162,,,431,,,90,190,261,,118,193,135,,63,,,,,91,374,111,,258,,79,,,,1173,,,,147,,182,,,,,,,,,,,,,115,,264,,,,,,,,,,,49,43,,,,0,5,,,,233,5,,132,212,298,71,147,83,76,163,,,,,,,,,,,,,,,,,,,,,,,,,,,,,,,,,,,,,,,,,119,497,118,232,470,58,,353,,,,,,181,,,,,,,,,,,128,,,,,,,,,,,,,,,,,,,246,188,471,212,7,,,590,302,315,,100,,,894,226,90,175,97,,146,198,238,74,24,,,14,61,602,,,,,,,,,,,,,,,,265,,,33,121,,,,,,,,,61,,,,,,,,,,55,,,,,,,164,47,37,143,128,155,,310,19,,,61,204,,170,144,295,56,,85,214,27,,1028,,,,,,121,,,,,,,,,,,168,79,14,,,,,,,,,143,314,,,197,,,,,,,,,,,,24,,,,,,,,,,,,47,85,6,60,12,,51,1,251,241,,,,,36,90,,,,,97,,57,0,,72,149,6,13,99,166,44,,6,,,,,,,,,,,,,,,,,,,,,,,,,,,,,,,,536,70,75,0,667,,179,,244,280,,,,,95,,,,,,14,,,,32,18,114,,,99,158,,,,,,,,,,,,,,,,,,,,,,,,,,,,,,,,,,,,,,,,,,,,,,,,,,,,,,,,,,,264,,89,,13,88,231,,490,54,218,281,62,126,,,,49,273,117,380,243,,,,,,459,,,,302,,120,24,,,194,97
2026-09-09T09:05:02+00:00,,,,,,,,,,,,,,,,,,,,,,,,,,,,,,,,,,,,,,,,,,,,,,,,,,,,,,,,,,,,,,,,,,,,,,,,,,,,,,,,,,,,,,,,,,,,,,,,,,,,,,,,,,,,,,,,,,,,,,,,,,,,,,,,,,,,,,,,,,,,,,,,,,,,,,,,,,,,,,,,,,,,,,,,,,,,,,,,,,,,,,,,,,,,,,,,,,,,,,,,,,,,,,,,,,,,,,,,,,,,,,,,,,,,,,,,,,,,,,,,,,,,,,,,,,,,,,,,,,,,,,,,,,,,,,,,,,,,,,,,,,,,,,,,,,,,,,,,,,,,,,,,,,,,,,,,,,,,,,,,,,,,,,,,,,,,,,,,,,,,,,,,,,,,,,,,,,,,211,163,60,823,172,,119,383,3,,,,,,,,,,,,,,,,,,,,,,,,,,,,,,,,,,,,,,,,,,,,,,,,,,,,,49,247,93,14,271,107,61,,,,,,,,,,,,,,,,,,,,,,,,,,,,,,,,,,,,,,,,,,,,,,,,,,,,,,,,,,,,,,,,,,,,,,,,,,,,,,,,,,,,,,,,,,
2026-09-09T09:10:02+00:00,122,161,,,423,,,87,194,262,,114,,137,,,,,,,90,,109,328,252,,81,,,,,,,37,,,178,,,98,118,,129,,,,,,,,,263,,85,,36,,,,,,,44,44,83,223,72,,,106,,,237,,,133,210,,,,,,,,,,308,8,98,10,66,,293,,91,,66,108,,,13,36,53,5,174,144,,120,313,,,127,97,,109,160,111,590,,,,9,78,111,489,116,231,468,,,350,,,,,,175,,,,,360,,,,,126,125,,,,,,,,,,,,,,,,,,,245,190,,213,8,,,582,301,312,,95,,,,,,,,,,,,,25,,,13,59,592,,,,,,,,,,,,,,,,267,,,30,,,,,,,,,,62,,,,,44,,,,,,,,,,,179,165,50,36,144,132,150,,315,,,317,51,208,268,,150,290,55,,83,210,24,,1027,,,,328,,,,,,,,,,,,,165,77,13,,,,,434,,,13,140,305,,,189,,,,,,,,,,,,23,,,,,,,,,,,,48,,5,,9,87,50,0,,,,,105,65,37,91,,,,69,,52,56,1,,71,,5,12,100,,43,,4,,212,165,,809,,,120,167,,,,,,,,,,,,,,,,,,,,,,,,,,,,,,,,,,,,,,,,,,,,,,,,,,,,,,77,237,96,6,268,,64,,,,,,,,,,,,,,,,,,,,,,,,,,,,,,,,,,,,,,,,,,,,,,,,,,,,,,,311,15,78,227,59,492,51,216,,63,,,,29,51,271,116,378,241,,,,,,458,469,,,293,,119,21,,,184,98
2026-09-09T09:15:01+00:00,124,162,,124,415,,,81,196,259,,115,191,134,,,,,,,87,376,110,329,250,,79,,,22,1167,14,,,148,,173,,,,115,,,,,,,,,,,261,,86,,,16,,,,131,,,37,,222,71,,6,109,,,243,,,,213,299,61,141,78,83,156,,188,,,,,,,,,,,,,,,,,,,,,,,,,,,,,,,,,,,,,,,,,,,,,,,,,,,,,,,,,,,,,,,,,,,,,,,,,,,,,,,,,,246,191,474,215,,,,572,300,,,93,,,897,222,,173,98,,149,200,244,81,17,,272,15,,583,,,,,,,,,,295,,,,,,257,,,34,118,,,,,,,,,63,,,,,,,,,,54,,,,,,177,161,,37,143,133,139,,318,17,,321,50,207,267,,147,288,53,,81,208,22,,1024,,,,329,,120,,,,,,,,,,,163,74,10,,,,,428,,,15,136,300,,,191,,,,,,,,,,,,,,,,,,,,,,,,45,86,4,58,10,,,,250,243,,,107,67,,92,,,,,,51,,2,,72,152,3,16,102,165,,,,,210,163,,802,161,,116,169,0,,,,,,,,,,,,,,,,,,,,,,533,69,76,2,,,178,,243,281,315,,,,,,,,,,11,,,162,33,15,,,,100,159,74,226,92,4,261,106,59,44,80,336,0,56,126,,135,206,222,255,182,,159,,210,,137,111,,,,,,,,,,,,,,,,,,,,,,,,,,,,,,,,,,,88,,13,71,224,,494,52,214,278,,123,,,,50,267,113,379,240,,,,,,461,465,,,286,,,20,,,179,
2026-09-09T09:20:02+00:00,126,167,51,,417,16,,73,195,256,,111,188,130,,64,,,,,85,377,111,,248,,76,,,21,1163,15,,35,,,174,,,,116,,130,,4,,,,,117,,263,,85,,38,19,,,,132,,,31,,,72,,,,,,,3,,132,,,,,,,,,,,307,7,91,,62,101,270,2,85,161,63,100,,314,,35,52,7,165,129,,,299,39,512,119,95,,,157,112,593,,,432,4,77,103,476,115,229,471,56,,343,,,,,,168,,,,,361,,,,,125,121,,,,,,,,,,,,,,,,,,,245,190,476,219,6,,,573,301,310,,94,,,,,,,,,,,,,14,,269,15,54,576,,,,,,,,,,294,,,,,,247,,,40,117,,,,,,,,,62,,,,,45,,,,,53,,,,,,,159,49,,142,136,134,,316,20,,318,51,205,264,,148,,54,,82,204,,,1023,,,,328,,118,,,,,,,,,,,165,69,11,,,,,,,,14,133,296,,,,,,,,,,,,,,,24,,,,,,,,,,,,42,,1,59,6,89,49,2,248,234,,,105,63,36,95,2,,2,70,,55,50,0,61,70,154,2,19,103,161,,135,8,,207,158,59,790,152,,114,,,,,,,,,,,,,,,,,,,,,,,,526,,73,3,669,,177,255,241,282,314,,,,92,,,,,,5,,,157,28,12,113,,,103,165,70,213,86,0,271,104,53,,,,,,,,,,,,,,,,,,,,,,,,,,,,,,,,,,,,,,,,,,,,,,,,,,,,261,134,87,307,,67,220,60,491,53,211,277,60,121,,87,31,54,269,,,,,,,,,462,466,,,292,,,16,,,166,
2026-09-09T09:25:01+00:00,125,168,,,415,,,,192,254,,108,186,,,63,,,,,83,378,106,322,236,,73,,,19,1162,,,,,,176,,,97,,,,,,,,,,,,261,,,,42,20,,,,,,41,25,,221,70,,7,,,,246,2,,131,214,,64,,73,82,,,,,305,3,85,,65,100,267,1,84,160,62,97,,309,2,36,50,8,,124,124,119,288,38,506,,94,,,156,114,598,,,429,,,,,,,,,,,,,,,,,,,,,,,,,,,,,,,,,,,,,,,,,,,,,,241,191,477,222,2,,,564,303,304,,,,441,898,226,91,,96,,148,199,249,88,,,267,15,59,565,,,,,,,,,,293,,,,,,249,,,36,114,,,,,,,,,63,,,,,44,,,,,,,,,,,176,148,54,36,137,138,130,,320,22,,319,60,,265,172,,285,55,,83,202,20,,1022,,,,323,,,,,,,,,,,,,161,68,,,,,,426,,,,134,291,,,190,,,,,,,,,,,,23,,,,,,,,,,,,43,,,,10,,,0,250,,12,,102,60,,98,,,,,96,52,47,,,67,153,,21,,159,,137,9,,206,146,,780,147,,112,168,3,,,,,,,,,,,,,,,,,,,,,,,,,,,,,,,,,,,,,,,,,,,,,,,,,,,,,69,200,81,,,102,45,,,,,,,,,,,,,,,,,,,,,,,,,,,,,,,,,,,,,,,,,,,,,,,,,,,,263,135,84,302,12,64,216,58,485,54,206,,,119,,,25,55,267,111,383,,,,,,,460,462,,,284,,120,17,,,162,97
2026-09-09T09:30:01+00:00,127,170,,,410,18,,75,195,251,,112,188,121,,64,,,,,82,382,,323,234,,71,,,18,1161,16,,34,,,174,,,95,114,,131,,,,,,,116,,262,,,,44,18,,,,,,40,,,220,71,,,,,,,,,,216,,,,,,,,,,,11,73,16,63,95,261,,83,,63,96,,311,,35,47,6,160,102,,118,283,37,500,112,85,,110,155,,599,,,428,3,80,106,474,113,222,474,,,334,,,,,,163,,,,,360,,,,,123,118,,,,,,,,,,,,,,,,,,,240,190,,,,,,565,,298,,96,,,,,,,,,,,,,10,,262,15,55,549,,,,,,,,,,,,,,,,258,,,35,,,,,,,,,,62,,,,,46,,,,,51,,,,,,,144,53,,138,140,127,,322,19,,318,55,203,262,173,151,286,56,,80,198,23,,,,,,317,,119,,,,,,,,,,,157,63,,,,,,427,,,13,,285,,,184,,,,,,,,,,,,,,,,,,,,,,,,47,,3,,11,,,,248,229,11,3,103,61,35,99,,,,73,97,46,45,,,74,150,1,26,101,157,41,,7,,,151,,773,142,,108,166,0,,,,,,,,,,,,,,,,,,,,,,524,,72,,668,,,254,238,283,313,,,125,91,,,,,,,,,154,26,15,115,,,106,167,61,188,73,,278,100,40,41,71,338,,46,121,24,138,199,206,246,179,,155,,197,,136,100,,,,,,,,,,,,,,,,,,,,,,,,,,,,,,,,,260,,86,304,,62,211,60,487,49,205,280,,118,,86,,56,269,105,382,241,,,,,,,457,115,,282,,116,,,,159,95
2026-09-09T09:35:01+00:00,124,169,,,405,20,,63,,247,,116,189,123,,,,,,,81,381,108,,232,,,,,,1157,,,31,149,,173,,,94,115,,,,,,,,,,,263,1,,,43,,,,,,,38,24,,,70,,,110,,,257,1,,129,217,300,58,138,76,77,154,,,,304,10,65,50,66,94,259,,,,,85,,312,,36,46,,,98,,,278,40,,,87,,112,152,107,608,,,429,4,78,102,480,110,218,,,,330,,,,,,165,,,,,357,,,,,125,119,,,,,,,,,,,,,,,,,,,241,,,,,,,564,304,296,,87,274,440,896,236,90,170,,,145,201,248,81,,,256,15,56,537,,,,,,,,,,,,,,,,257,,,42,,,,,,,,,,61,,,,,48,,,,,,,,,,,177,142,57,34,137,145,122,,316,14,,315,59,205,258,,154,287,54,,79,193,24,,1021,,,,312,,118,,,,,,,,,,,152,65,8,,,,,426,,,14,,284,,,177,,,,,,,,,,,,,,,,,,,,,,,,45,,2,57,12,,,2,249,228,,4,102,64,30,97,,,,,96,38,36,3,,77,,,28,,156,40,,,,,139,,746,136,,106,164,9,,,,,,,,,,,,,,,,,,,,,,522,72,76,2,666,,174,,,,314,,,124,88,,,,,,,,,151,27,18,,,,107,166,54,178,70,1,269,99,36,,,,,,,,,,,,,,,,,,,,,,,,,,,,,,,,,,,,,,,,,,,,,,,,,,,,258,136,,298,,56,208,63,486,50,207,281,61,,,,22,55,,106,384,237,,,,,,458,452,114,,279,,,15,,,157,96
2026-09-09T09:40:02+00:00,,168,,123,407,19,,58,193,,,120,188,,,,,,,,80,383,110,320,231,,69,,,17,1155,,,,,,170,,,95,120,,130,,,,,,,114,,264,,84,,41,,,,,135,,39,19,82,221,69,,,,,,259,,,130,215,,,,,,,,,,,,,,,,,,,,,,,,,,,,,,,,,,,,,,,,,,,,,,,,,,,,,,,,,,,,,,,,,,,,,,,,,,,,,,,,,,,,,,,,,,,192,,228,3,,,562,,,,81,,,,,,,,,,,,,,,,,,,,,,,,,,,,295,,,,,,,,,37,112,,,,,,,,,65,,,,,47,,,,,50,,,,,,176,140,58,33,134,141,121,,313,15,,,63,201,254,172,156,,56,,80,198,23,,1022,,,,308,,117,,,,,,,,,,,,,10,,,,,422,,,13,133,281,,,173,,,,,,,,,,,,,,,,,,,,,,,,39,87,0,54,13,90,50,1,247,226,,6,,,27,,,,,72,,42,31,1,60,76,153,3,30,99,151,,138,8,,204,142,58,728,135,,105,,0,,,,,,,,,,,,,,,,,,,,,,,,,,,,,,,,,,,,,,,,,,,,,,,,,,,,,52,155,71,0,263,101,35,,,,,,,,,,,,,,,,,,,,,,,,,,,,,,,,,,,,,,,,,,,,,,,,,,,,,,85,290,13,53,205,59,484,53,205,283,59,,,87,23,,258,107,385,234,,,,,,456,446,,,275,,114,,,,152,
2026-09-09T09:45:02+00:00,123,,,,406,20,,55,188,245,,118,189,124,,,,,,,,380,113,314,227,,67,,,18,1156,,,32,150,,,,,94,,,,,3,,,,,115,,265,,83,,40,16,,,,134,,35,18,,220,68,,,,,,261,0,,129,214,302,62,,75,74,151,,,,,9,56,98,64,90,249,,79,159,62,71,,313,,35,,,155,83,,,275,39,477,110,90,,108,153,99,612,21,4,430,,81,89,477,112,205,471,,,325,,,,,,155,,,,,355,,,,,113,122,,,,,,,,,,,,,,,,,,,245,,478,225,5,,,555,305,285,,83,275,,894,243,,163,103,,144,200,252,80,,,,,,,,,,,,,,,,294,,,,,,,,,38,,,,,,,,,,63,,,,,45,,,,,,,,,,,177,144,57,32,129,144,115,,312,16,,319,61,202,252,169,155,286,58,,81,200,22,,1021,,,,,,,,,,,,,,,,,153,62,9,,,,,421,,,,129,280,,,167,,,,,,,,,,,,,,,,,,,,,,,,41,85,,56,19,,51,3,245,216,,7,103,,29,,,,,70,97,38,35,0,59,80,156,,31,,153,,,7,,205,137,,710,129,,,167,,,,,,,,,,,,,,,,,,,,,,,520,,77,5,668,,,258,233,281,311,,,121,,,,,,,,,,150,24,23,112,,,106,,46,153,67,,255,102,26,,65,332,1,48,119,,132,175,201,232,178,,,,185,,,89,,,,,,,,,,,,,,,,,,,,,,,,,,,,,,,,,259,,81,284,9,41,203,,,46,208,,57,117,,,21,57,256,104,374,236,,,,,,455,,113,,273,,113,13,,,,99
2026-09-09T09:50:01+00:00,,173,,,412,21,,47,186,244,,113,188,,,,,,,,78,378,111,315,226,,65,,,20,1149,,,33,,,168,,,92,118,,,,,,,,,116,,,,,,37,15,,,,136,,31,25,,,71,,,,,,258,,,,215,,,,,,,,,,,,,,,,,,,,,,,,,,,,,,,,,,,,,,,,,,,,,,,,,,,,,,,,,,,,,,,,,,,,,,,,,,,,,,,,,,,,,,,,,,242,190,,223,8,,,552,,282,,86,,,,,,,,,,,,,,,,,,,,,,,,,,,,,,,,,,259,,,39,111,,,,,,,,,,,,,,44,,,,,,,,,,,,141,58,35,127,146,100,,320,14,,,62,201,255,168,156,281,,,,201,25,,1020,,,,307,,,,,,,,,,,,,150,58,,,,,,418,,,12,125,278,,,159,,,,,,,,,,,,24,,,,,,,,,,,,35,86,2,54,18,,,1,243,218,,,106,68,33,96,1,,,68,,48,34,,58,79,155,4,33,,150,,136,9,,,,60,,,,,,,,,,,,,,,,,,,,,,,,,,,,515,,79,7,,,173,260,234,,310,,,126,85,,,,,,,,,146,,27,111,,12,107,164,,137,64,2,260,100,25,,,,,,,,,,,,,,,,,,,,,,,,,,,,,,,,,,,,,,,,,,,,,,,,,,,,257,,78,285,,35,200,58,480,50,209,285,,116,,,,54,254,101,377,237,,,,,,456,443,,,263,,111,14,,,,97
2026-09-09T09:55:02+00:00,122,172,,122,406,20,,,181,242,,119,,130,,,,,,,79,374,113,316,222,,64,,,17,1152,,,34,148,,170,,,91,116,,,,,,,,,,,266,2,82,,34,,,,,,,,21,83,,,,6,,,,,,,126,,304,61,141,80,79,150,,,,305,4,52,93,67,92,244,,77,,,64,,309,,,45,,158,77,,120,270,38,,148,91,1,107,,94,620,,,432,1,87,87,472,,198,,,,322,,,,,,153,,,,,357,,,,,112,115,,,,,,,,,,,,,,,,,,,,192,,220,9,,,543,307,278,,92,274,442,890,238,92,161,101,40,145,204,254,79,0,,243,16,45,491,,,,,,,,,,,,,,,,260,,,40,,,,,,,,,,65,,,,,43,,,,,,,,,,,,137,61,,120,,103,,323,12,,,65,200,256,167,157,278,,,89,209,24,,,,,,306,,,,,,,,,,,,,148,57,10,,,,,,,,,121,272,,,,,,,,,,,,,,,22,,,,,,,,,,,,37,,1,52,24,,,0,242,224,,6,109,71,31,95,,,,70,96,46,33,1,56,78,158,7,36,100,155,,,10,,208,139,,704,118,,102,168,1,,,,,,,,,,,,,,,,,,,,,,510,73,78,10,666,,171,265,230,279,309,,,124,,,,,,,,,,149,25,32,109,,,102,165,47,129,61,0,252,93,14,,,,,,,,,,,,,,,,,,,,,,,,,,,,,,,,,,,,,,,,,,,,,,,,,,,,259,133,,286,13,29,201,57,479,56,,283,58,114,,,,52,262,100,380,,,,,,,454,,,,259,,113,32,,,147,
2026-09-09T10:00:02+00:00,119,174,,,405,,,,178,238,,123,192,137,,63,,,,,,,116,315,216,,63,,,16,1153,,,35,149,,168,,,92,,,,,4,,,,,,,264,3,,,,,3,,,138,,34,19,,219,72,,8,111,,,262,,,,220,305,66,144,86,75,151,,187,,306,3,41,89,64,91,237,,,158,59,51,,310,,,,,157,70,,119,266,40,465,149,92,,104,154,93,628,,3,430,,,83,467,110,193,470,,,,,,,,,,,,,,,,,,,,109,,,,,,,,,,,,,,,,,,,245,190,476,219,8,,,541,311,275,,93,,,,,,,,,,,,,,,244,16,44,468,,,,,,,,,,295,,,,,,258,,,39,108,,,,,,,,,67,,,,,44,,,,,,,,,,,,129,,34,121,145,100,,317,10,,324,68,199,254,168,155,281,59,,88,202,25,,1022,,,,301,,118,,,,,,,,,,,144,52,11,,,,,417,,,,122,264,,,154,,,,,,,,,,,,23,,,,,,,,,,,,41,87,2,,22,,,,,227,,,111,69,32,96,,,,71,,38,26,0,55,80,154,9,39,99,158,,,12,,210,145,59,700,117,,103,167,4,,,,,,,,,,,,,,,,,,,,,,,,,,,,,,,,,,,,,,,,,,,,,,,,,,,,,,117,53,1,254,92,11,42,61,,6,45,121,,,158,205,223,173,,152,,184,,140,70,,,,,,,,,,,,,,,,,,,,,,,,,,,,,,,,,,,77,285,12,18,198,59,,54,212,281,,112,,85,19,51,260,102,382,,,,,,,,441,112,,254,,114,34,,,146,98
2026-09-09T10:05:01+00:00,122,176,52,,416,19,,49,173,237,,120,194,134,,64,,,,,82,378,115,314,214,,60,,,15,1152,,,33,,,164,,,91,117,,129,,,,,,,117,,,,80,,33,,,,,,,,14,,,,,,,,,266,,,127,221,,58,136,80,,154,,,,,,,,,,,,,,,,,,,,,,,,,,,,,,,,,,,,,,,,,,,,,,,,,,,,,,,,,,,,,,,,,,,,,,,,,,,,,,,,,,,,244,189,477,224,7,,,540,314,283,,94,273,440,892,243,,158,102,39,,206,262,85,,,239,16,43,,,,,,,,,,,,,,,,,261,,,41,105,,,,,,,,,70,,,,,,,,,,,,,,,,178,130,59,37,116,150,95,,326,8,,323,66,203,253,167,,278,,,91,201,23,,1023,,,,294,,117,,,,,,,,,,,138,53,,,,,,,,,,127,,,,149,,,,,,,,,,,,,,,,,,,,,,,,40,86,3,53,21,,,,240,225,10,,113,74,36,,,,,72,,,28,3,56,82,152,10,42,100,162,38,134,13,,,,,,,,,,,,,,,,,,,,,,,,,,,,,,,,507,72,82,12,664,,169,266,231,,308,,,125,,,,,,,,,,150,24,28,110,,11,103,,46,114,55,6,,91,9,,,,,,,,,,,,,,,,,,,,,,,,,,,,,,,,,,,,,,,,,,,,,,,,,,,,,,79,289,13,15,200,60,,57,214,,57,111,,84,20,49,264,98,381,,,,,,,451,437,,,,,115,33,,,149,
2026-09-09T10:10:02+00:00,,177,,,420,16,,54,172,,,119,195,133,,63,,,,,80,377,119,317,215,,59,,,13,1158,,,31,147,,165,,,89,116,,,,,,,,,,,,,79,,31,16,,,,137,,32,11,,221,73,,,110,,,264,,,126,222,,,,,,,,,,,4,31,82,61,93,224,,74,156,58,32,,308,,36,43,,151,62,,115,264,41,,151,91,,105,158,87,639,20,4,431,,89,79,471,107,189,474,55,,319,,,,,,157,,,,,356,,,,,117,112,,,,,,,,,,,,,,,,,,,243,,478,227,,,,,317,282,,95,,,,,,,,,,,,,,,233,16,42,452,,,,,,,,,,294,,,,,,264,,,42,107,,,,,,,,,,,,,,45,,,,,,,,,,,,128,57,,117,,91,,329,7,,331,65,205,262,170,158,284,60,,94,206,24,,,,,,288,,,,,,,,,,,,,140,51,14,,,,,418,,,,125,260,,,152,,,,,,,,,,,,,,,,,,,,,,,,43,,6,55,24,,52,,238,220,,,114,76,37,94,,,,71,,33,27,,58,86,,12,43,,161,,133,12,,211,143,58,697,,,98,170,12,,,,,,,,,,,,,,,,,,,,,,503,73,88,13,666,,171,272,223,282,306,,,129,84,,,,,,7,,,154,22,39,111,,16,109,167,44,103,49,9,246,,7,,,,,,,,,,,,,,,,,,,,,,,,,,,,,,,,,,,,,,,,,,,,,,,,,,,,261,,78,287,10,,199,,477,54,217,280,,110,,85,,50,262,95,380,238,,,,,,,,,,255,,114,30,,,136,
2026-09-09T10:15:02+00:00,125,176,,,418,18,,55,169,236,,118,192,143,,62,,,,,82,,120,316,,,58,,,14,,,,32,,,159,,,93,115,,,,,,,,,118,,,,,,32,17,,,,,,31,0,,,70,,7,,,,268,,,,225,303,63,138,88,69,153,,,,307,3,20,84,62,,,,76,158,,20,,,,,42,,147,58,,113,256,40,449,154,92,,109,157,91,641,,3,,,92,78,,105,187,476,,,317,,,,,,155,,,,,355,,,,,116,111,,,,,,,,,,,,,,,,,,,242,193,,230,,,,537,314,278,,97,274,448,896,259,,,106,38,,,268,93,,,235,16,48,434,,,,,,,,,,293,,,,,,263,,,40,108,,,,,,,,,,,,,,46,,,,,,,,,,,179,126,60,,,149,94,,343,,,337,71,208,266,169,160,287,59,,95,211,23,,1020,,,,,,119,,,,,,,,,,,138,,,,,,,417,,,,,257,,,146,,,,,,,,,,,,24,,,,,,,,,,,,44,83,8,57,29,91,,3,,221,,,115,82,38,96,,,,74,,,18,2,56,90,153,11,,,162,,132,13,,210,146,56,699,,,,173,8,,,,,,,,,,,,,,,,,,,,,,,,,,,,,,,,,,,,,,,,,,,,,,,,,,,,,42,100,54,7,256,87,6,43,46,336,8,46,123,25,131,142,188,216,174,,150,,,,144,59,,,,,,,,,,,,,,,,,,,,,,,,,,,,,,,,,263,,,284,8,7,204,,,51,216,282,,108,,,22,49,254,,381,239,,,,,,455,435,,,256,,115,29,,,131,
2026-09-09T10:20:01+00:00,127,178,,,406,21,,56,168,242,,130,190,142,,,,,,,79,376,,318,207,,,,,16,1159,,,31,,,154,,,92,120,,,,,,,,,117,,265,,81,,,,,,,,,29,,,,71,,6,,,,270,,,124,224,,,,,,,,,,,5,1,82,64,,222,,77,162,56,11,,306,,35,43,5,143,53,125,110,260,44,448,153,90,,107,159,87,647,,2,433,1,,,,,,,,,,,,,,,,,,,,,,,,,,,,,,,,,,,,,,,,,,,,,246,194,,,9,,,535,315,,,98,,,,,,,,,,,,,,,229,16,47,420,,,,,,,,,,295,,,,,,267,,,42,,,,,,,,,,69,,,,,,,,,,,,,,,,,132,57,38,115,148,92,,340,,,341,72,213,269,170,159,289,,,96,,26,,,,,,287,,120,,,,,,,,,,,131,48,13,,,,,414,,,,,260,,,142,,,,,,,,,,,,,,,,,,,,,,,,43,,10,,27,90,55,2,241,218,,,119,86,39,100,,,,,95,31,15,6,54,92,155,12,39,101,165,,,12,,,,,,,,,,,,,,,,,,,,,,,,,,,,,,,,499,72,,15,,,170,,217,285,307,,,127,,,,,,,8,,,,,41,110,14,18,113,169,41,98,53,4,264,83,4,,,,,,,,,,,,,,,,,,,,,,,,,,,,,,,,,,,,,,,,,,,,,,,,,,,,264,135,81,283,5,8,202,61,,,,,56,,,83,24,48,259,94,379,240,,,,,,,431,113,,254,,114,28,,,132,99
2026-09-09T10:25:01+00:00,126,179,53,,407,,,58,,,,131,,148,,63,,,,,81,,122,320,206,,60,,,,1157,15,,30,150,,,,,93,118,,,,,,,,,,,268,2,80,,29,16,,,,139,,30,,,222,70,,5,,,,,,,126,223,299,67,143,89,71,156,,188,,,,,,,,,,,,,,,,,,,,,,,,,,,,,,,,,,,,,,89,73,479,108,180,474,53,,314,,,,,,153,,,,,357,,,,,117,,,,,,,,,,,,,,,,,,,,,197,,235,6,,,533,313,275,,91,,447,899,276,91,156,105,36,,204,269,92,2,,233,16,,404,,,,,,,,,,297,,,,,,274,,,45,105,,,,,,,,,71,,,,,,,,,,,,,,,,,142,53,42,117,150,95,,,6,,342,74,211,279,172,160,,60,,89,210,,,1022,,,,,,,,,,,,,,,,,129,53,12,,,,,413,,,,,,,,140,,,,,,,,,,,,,,,,,,,,,,,,41,81,,,,,,4,,215,,,,89,40,99,,,,75,,32,4,7,48,93,157,11,41,103,,,,,,202,147,55,697,114,,100,171,5,,,,,,,,,,,,,,,,,,,,,,496,,90,,,,171,270,223,283,,,,125,88,,,,,,10,,,150,24,43,111,,15,,250,39,94,48,3,270,82,8,,,,,,,,,,,,,,,,,,,,,,,,,,,,,,,,,,,,,,,,,,,,,,,,,,,,,,,281,2,3,204,63,476,53,214,280,58,106,,82,26,49,258,97,378,,,,,,,457,430,,,249,,,34,,,126,
2026-09-09T10:30:02+00:00,131,181,,,411,,,57,164,244,,,187,149,,,,,,,78,377,125,321,203,,,,,18,,,,26,149,,150,,,91,,,128,,,,,,,115,,267,,,,31,17,,,,,,31,,82,,71,,6,107,,,268,,,,221,,,,,,,,,,,6,,86,65,94,215,,,163,,12,,304,,36,42,,144,54,,111,257,46,441,,92,,102,158,90,659,,,435,,87,74,481,104,175,476,,,313,,,,,,157,,,,,360,,,,,114,,,,,,,,,,,,,,,,,,,,,202,475,241,,,,529,,267,,95,,,,,,,,,,,,,0,,227,16,43,394,,,,,,,,,,,,,,,,286,,,51,,,,,,,,,,,,,,,,,,,,,,,,,,,140,52,45,118,149,,,344,3,,338,68,212,280,171,161,288,62,,,212,,,1019,,,,,,,,,,,,,,,,,131,52,,,,,,415,,,13,131,255,,,138,,,,,,,,,,,,,,,,,,,,,,,,37,80,,,29,91,54,9,243,216,11,7,126,90,41,97,,,,76,96,34,7,3,45,,156,12,38,104,161,36,131,,,204,159,56,690,121,,98,170,,,,,,,,,,,,,,,,,,,,,,,493,,93,17,668,,173,272,225,282,,,,128,89,,,,,,11,,,151,27,47,109,32,25,111,254,33,99,44,2,279,86,12,42,48,338,10,47,119,26,132,130,173,194,172,,152,,187,,145,51,,,,,,,,,,,,,,,,,,,,,,,,,,,,,,,,,265,134,80,278,,,203,,474,47,,,57,105,,84,24,50,262,,382,238,,,,,,453,429,,,244,,112,33,,,117,98
2026-09-09T10:35:01+00:00,,179,,,414,18,,56,162,247,,,190,155,,62,,,,,77,376,123,319,201,,58,,,,1155,,,28,,,153,,,90,,,127,,,,,,,116,,,1,,,29,,4,,,,,28,,,,,,5,,,,270,,,127,,302,72,140,90,77,152,,187,,306,2,,83,62,96,219,,74,,54,8,,308,,,,7,142,52,,,254,45,429,151,93,,,160,93,668,,,433,,,,,,,,,,,,,,,,,,,,,,,,,,,,,,,,,,,,,,,,,,,,,,243,201,474,,2,,,517,,273,,92,275,445,898,274,,154,,,148,208,272,90,1,,223,16,44,389,,,,,,,,,,,,,,,,287,,,,104,,,,,,,,,,,,,,47,,,,,,,,,,,,,51,50,120,150,98,,345,4,,341,72,216,279,,169,292,61,,93,214,29,,1014,,,,286,,,,,,,,,,,,,132,51,10,,,,,416,,,,129,,,,140,,,,,,,,,,,,21,,,,,,,,,,,,,82,9,55,30,88,56,14,242,214,,8,125,,,100,,,,,,43,,2,38,96,,,37,107,159,,,,,,,,,,,,,,,,,,,,,,,,,,,,,,,,,,,,73,96,18,,,178,270,221,286,309,,,127,,,,,,,12,,,152,24,46,110,36,24,120,256,,94,41,3,277,87,7,,,,,,,,,,,,,,,,,,,,,,,,,,,,,,,,,,,,,,,,,,,,,,,,,,,,262,135,,279,,7,200,,473,49,213,,,104,,83,22,,259,99,386,233,,,,,,454,426,,,242,,109,35,,,113,99
2026-09-09T10:40:01+00:00,132,182,,,416,20,,57,161,,,133,185,158,,63,,,,,,377,121,317,200,,57,,,19,1148,16,,29,148,,,,,92,120,,126,,5,,,,,112,,,,81,,,16,,,,,,25,,,,73,,,106,,,,,,128,213,,,,,,,,,,,,,,,,,,,,,,,,,,,,,,,,,,,,,,,,,,,,,,83,87,487,,173,475,54,,311,,,,,,156,,,,,364,,,,,109,114,,,,,,,,,,,,,,,,,,,242,200,475,242,7,,,520,,277,,93,,,,,,,,,,,,,0,,213,16,42,374,,,,,,,,,,,,,,,,303,,,55,107,,,,,,,,,70,,,,,,,,,,49,,,,,,,133,54,51,121,152,104,,348,6,,345,,220,286,173,173,297,62,,96,215,32,,1013,,,,287,,121,,,,,,,,,,,127,,6,,,,,,,,14,,251,,,,,,,,,,,,,,,24,,,,,,,,,,,,36,,10,,33,,58,13,244,213,,,124,,42,103,,,,77,,44,,3,,95,,10,39,106,157,,130,13,,207,160,,691,123,,95,,6,,,,,,,,,,,,,,,,,,,,,,,,,,667,,183,272,225,,307,,,,,,,,,,,,,,,47,,,,,257,27,87,38,9,286,86,6,,,,,,,,,,,,,,,,,,,,,,,,,,,,,,,,,,,,,,,,,,,,,,,,,,,,261,134,,272,5,1,202,67,474,50,216,279,,105,,85,20,49,261,,389,235,,,,,,,425,112,,239,,108,33,,,109,
2026-09-09T10:45:01+00:00,,184,,121,414,17,,59,162,244,,134,184,164,,64,,,,,,378,124,315,201,,,,,,1155,,,28,,,154,,,89,,,128,,4,,,,,109,,,,82,,28,19,,,,140,,21,,81,221,72,,,105,,,265,,,130,216,301,71,143,92,78,153,,188,,307,8,,99,56,91,203,,69,162,51,2,,310,,38,,5,144,32,126,112,248,,422,142,,,106,164,90,,,3,431,2,,,,,,,,,,,,,,,,,,,,,,,,,,,,,,,,,,,,,,,,,,,,,243,201,476,245,9,,,523,,283,,89,274,,901,264,,155,104,,149,210,273,89,,,217,16,41,371,,,,,,,,,,,,,,,,316,,,54,106,,,,,,,,,71,,,,,,,,,,,,,,,,,129,56,54,129,156,108,,350,5,,347,77,219,287,177,172,303,,,100,216,30,,1009,,,,281,,119,,,,,,,,,,,129,53,8,,,,,415,,,,,248,,,141,,,,,,,,,,,,26,,,,,,,,,,,,40,80,,,39,90,57,14,,220,10,,125,94,,104,,,,79,95,49,3,1,39,97,,14,44,110,153,37,,12,,205,155,,,122,,,,,,,,,,,,,,,,,,,,,,,,,,495,,97,20,,,,,,,,,,129,,,,,,,16,,,151,26,,109,31,27,122,,,77,33,4,,,17,,,,,,,,,,,,,,,,,,,,,,,,,,,,,,,,,,,,,,,,,,,,,,,,,,,,,133,,270,7,2,,72,475,46,220,278,54,106,,87,17,51,257,97,390,234,,,,,,,424,,,230,,107,32,,,105,98
2026-09-09T10:50:01+00:00,133,186,,,411,18,,61,167,245,,133,,167,,65,,,,,79,375,128,320,198,,58,,,,1154,17,,26,147,,155,,,92,118,,126,,5,,,,,108,,268,,,,30,17,,,,141,,16,,82,222,71,,,,,,,,,,,,,,,,,,,,,,,,,,,,,,,,,,,,,,,,,,,,,,,,,,,,,,,,,86,483,106,168,481,51,,299,,,,,,152,,,,,367,,,,,111,115,,,,,,,,,,,,,,,,,,,244,,474,246,7,,,521,316,278,,93,,,,,,,,,,,,,2,,214,16,45,373,,,,,,,,,,296,,,,,,313,,,57,104,,,,,,,,,70,,,,,,,,,,,,,,,,,136,57,57,131,153,110,,354,7,,348,,222,280,176,170,302,63,,102,220,31,,,,,,280,,,,,,,,,,,,,128,52,10,,,,,412,,,11,127,245,,,148,,,,,,,,,,,,,,,,,,,,,,,,,,,,,,,,,,,,,,,,,,,,,,,,,,,,,,,,,,,204,150,57,685,119,,96,169,2,,,,,,,,,,,,,,,,,,,,,,,74,94,19,666,,,274,220,287,306,,,126,90,,,,,,17,,,152,30,54,108,40,25,131,259,26,85,30,,288,82,16,47,58,340,12,52,117,28,128,138,176,193,,,153,,197,,,56,,,,,,,,,,,,,,,,,,,,,,,,,,,,,,,,,257,134,81,274,4,6,197,70,476,43,219,,53,,,,13,,251,98,,236,,,,,,455,423,,,222,,106,31,,,107,97
2026-09-09T10:55:02+00:00,139,,54,,414,,,59,170,249,,138,182,173,,,,,,,78,372,129,319,,,55,,,20,1147,,,24,146,,162,,,,117,,124,,,,,,,,,266,,81,,29,16,,,,,,15,,,,72,,4,,,,267,,,129,,302,76,150,106,73,155,,,,308,7,,107,52,88,199,,70,163,49,1,,311,1,39,38,,139,31,,109,243,46,420,,,,109,165,97,676,18,4,433,1,,,,,,,,,,,,,,,149,,,,,366,,,,,103,116,,,,,,,,,,,,,,,,,,,249,206,476,,8,,,,315,280,,,272,442,907,274,90,153,,39,150,,272,,0,,211,16,46,370,,,,,,,,,,,,,,,,,,,59,103,,,,,,,,,72,,,,,,,,,,47,,,,,,178,139,59,62,132,,111,,349,3,,350,76,223,290,174,168,303,62,,103,224,30,,1008,,,,276,,,,,,,,,,,,,126,54,9,,,,,411,,,,131,240,,,150,,,,,,,,,,,,25,,,,,,,,,,,,,79,12,64,40,,58,12,251,233,,6,128,,,109,,,,81,96,47,9,5,42,99,,9,52,111,149,,131,13,,,142,56,691,,,,,0,,,,,,,,,,,,,,,,,,,,,,497,76,95,21,667,,184,273,232,,307,,,128,93,,,,,,,,,153,36,56,109,41,31,128,257,27,74,27,2,289,83,14,,,,,,,,,,,,,,,,,,,,,,,,,,,,,,,,,,,,,,,,,,,,,,,,,,,,256,,,275,2,-384,193,68,478,45,225,,,105,,,11,50,256,96,393,,,,,,,,426,,,224,,,32,,,,
2026-09-09T11:00:01+00:00,,188,,,420,21,,58,169,250,,139,,180,,,,,,,82,370,136,314,197,,,,,22,1148,16,,23,145,,160,,,90,120,,,,4,,,,,112,,265,2,,,30,15,,,,143,,14,,,,71,,5,,,,263,,,131,,,,,,,,,,,,6,1,108,54,85,194,,69,,48,,,,,40,,1,144,34,,110,244,47,,139,94,,103,166,98,671,,,431,2,82,82,491,107,157,483,53,,291,,,,,,,,,,,,,,,,,,,,,,,,,,,,,,,,,,,,247,207,,250,6,,,523,,278,,98,,,,,,,,,,,,,5,,212,16,45,365,,,,,,,,,,295,,,,,,,,,62,107,,,,,,,,,71,,,,,,,,,,,,,,,,,143,65,,130,156,117,,351,4,,352,80,,302,175,170,304,63,,,225,28,,,,,,273,,,,,,,,,,,,,128,55,12,,,,,413,,,10,,234,,,146,,,,,,,,,,,,24,,,,,,,,,,,,38,,13,67,43,89,,15,,232,,,130,92,41,108,,,4,83,,48,12,8,43,,,11,54,112,148,,132,14,,,,,,,,,,,,,,,,,,,,,,,,,,,,,,,,,,,,,,,,,,,,,,,,,,,,,,,,,,,,,,,26,73,24,1,284,82,12,,,,,,,,,,,,,,,,,,,,,,,,,,,,,,,,,,,,,,,,,,,,,,,,,,,,260,,,273,,8,186,67,479,48,,277,,106,,85,9,51,259,98,398,235,,,,,,453,425,,,220,,105,31,,,104,96
2026-09-09T11:05:02+00:00,138,191,,,421,20,,57,167,252,,,187,189,,,,,,,85,368,135,311,,,,,,,1150,17,,24,143,,162,,,88,,,,,,,,,,106,,266,4,,,31,16,,,,,,15,,,,,,6,,,,,,,,211,298,80,,108,74,158,,189,,309,10,,111,51,77,176,,,162,47,,,313,,41,34,,142,28,124,108,240,46,,135,92,,105,167,95,675,,2,,,,,,,,,,,,,,,,,148,,,,,364,,,,,104,,,,,,,,,,,,,,,,,,,,251,211,475,257,8,,,524,314,289,,100,,441,911,275,,152,,,,212,280,87,,,,16,47,353,,,,,,,,,,,,,,,,317,,,63,106,,,,,,,,,70,,,,,,,,,,,,,,,,,141,67,63,131,158,118,,353,,,350,83,226,316,173,173,311,62,,,227,29,,1011,,,,275,,117,,,,,,,,,,,,54,7,1,,,,415,,,9,134,226,,,148,,,,,,,,,,,,23,,,,,,,,,,,,,83,14,66,44,90,60,17,255,231,,,136,86,,114,,,,,95,44,14,,,98,182,14,51,114,149,35,133,13,,203,145,,682,115,,97,166,5,,,,,,,,,,,,,,,,,,,,,,507,78,96,23,666,,188,272,233,291,305,,,126,94,,,,,,16,,,,33,63,112,42,,129,,27,67,21,3,288,83,11,50,62,341,9,,115,27,129,140,164,188,174,,157,,201,,146,65,,,,,,,,,,,,,,,,,,,,,,,,,,,,,,,,,262,135,,,1,23,189,,480,,220,275,,,,83,10,57,257,97,399,233,,,,,,449,422,,,,,104,32,,,101,97
2026-09-09T11:10:01+00:00,134,197,,,426,19,,61,169,,,141,190,194,,,,,,,88,,137,309,199,,54,,,25,,18,,25,144,,159,,,87,118,,,,,,,,,,,265,,,,29,15,,,,,,12,,,224,,,7,104,,,266,,,132,209,,,,,,,,,,,,,,,,,,,,,,,,,,,,,,,,,,,,,,,,,,,,,,88,88,492,,147,480,51,,281,,,,,,,,,,,,,,,,,,,,,,,,,,,,,,,,,,,,252,215,479,260,,,,522,313,294,,117,,,,,,,,,,,,,4,,213,16,,346,,,,,,,,,,297,,,,,,329,,,60,107,,,,,,,,,,,,,,,,,,,48,,,,,,,139,72,65,130,161,119,,356,9,,354,85,,318,176,177,316,,,107,,30,,1008,,,,,,,,,,,,,,,,,134,56,9,2,,,,413,,,,130,225,,,,,,,,,,,,,,,24,,,,,,,,,,,,40,88,,68,45,,59,20,259,242,11,,,,,,,,,,97,45,13,7,,100,185,15,47,113,,,,11,,,,55,,,,,,,,,,,,,,,,,,,,,,,,,,,,,,,,,,,,,,,,,,,,,,,,,,,,,,,,,,,29,70,24,8,300,77,15,,,,,,,,,,,,,,,,,,,,,,,,,,,,,,,,,,,,,,,,,,,,,,,,,,,,,,82,,-100,29,188,,,46,217,277,54,108,,86,11,62,250,,,237,,,,,,452,,,,219,,101,,,,100,96
2026-09-09T11:15:02+00:00,135,198,,,434,17,,,170,251,,145,192,206,,67,,,,,87,369,138,311,201,,50,,,,1155,,,,,,160,,,,116,,,,,,,,,104,,,,,,30,16,,,,,,9,,,223,70,,,103,,,,,,130,210,301,77,148,113,76,166,,,,,,,113,50,75,195,,68,,44,7,,316,,,33,,138,24,,106,241,45,428,,,1,106,,,672,,,434,1,,,,,,,,,,,,,,,,,,,,362,,,,,101,115,,,,,,,,,,,,,,,,,,,255,219,,258,6,,,525,,296,,115,,442,916,279,91,154,,,155,213,273,86,13,,219,16,46,344,,,,,,,,,,,,,,,,334,,,58,105,,,,,,,,,,,,,,,,,,,,,,,,,177,142,77,68,131,162,123,,357,7,,357,90,230,316,174,180,328,65,,109,,32,,1015,,,,,,,,,,,,,,,,,,,6,1,,,,411,,,,132,221,,,154,,,,,,,,,,,,,,,,,,,,,,,,45,91,15,,,92,61,25,260,251,13,,134,,,120,0,,7,84,,,12,9,45,103,190,16,48,115,152,,,13,,205,140,,681,116,,99,162,,,,,,,,,,,,,,,,,,,,,,,505,79,102,25,,,189,273,238,292,309,,,127,91,,,,,,19,,,155,34,71,,44,29,132,256,31,85,30,11,309,79,17,,,,,,,,,,,,,,,,,,,,,,,,,,,,,,,,,,,,,,,,,,,,,,,,,,,,261,,84,275,,,183,68,481,49,,,55,107,,87,16,65,,98,,242,,,,,,454,425,,,224,,100,34,,,97,97
2026-09-09T11:20:01+00:00,138,199,,122,429,18,,,171,253,,143,195,208,,68,,,,,86,374,137,308,206,,,,,23,1159,19,,24,,,161,,,,,,122,,,,,,,103,,261,,,,,,,,,144,,13,,,222,,,,102,,,268,,,128,206,,72,159,,79,165,,,,,,,,,,,,,,,,,,,,,,,,,,,,,,,,,,,,,,,,86,89,500,106,142,486,52,,276,,,,,,,,,,,,,,,,,,,,,,,,,,,,,,,,,,,,260,221,481,261,,,,,,295,,118,,,,,,,,,,,,,14,,222,16,,342,,,,,,,,,,298,,,,,,344,,,60,106,,,,,,,,,,,,,,,,,,,49,,,,,,,143,76,71,,164,125,,,5,,,98,231,315,,182,335,,,,225,,,1016,,,,,,116,,,,,,,,,,,128,57,,2,,,,412,,,,134,218,,,162,,,,,,,,,,,,,,,,,,,,,,,,47,,18,,52,,59,29,259,260,16,7,,,40,125,,,,,,47,7,10,49,102,192,15,51,,154,,,,,202,145,56,682,120,,97,163,10,,,,,,,,,,,,,,,,,,,,,,510,81,99,27,665,,,274,245,293,,,,128,90,,,,,,,,,157,36,74,,52,36,133,259,37,79,28,13,316,80,16,,61,337,11,44,113,30,130,158,,185,167,,165,,198,,142,70,,,,,,,,,,,,,,,,,,,,,,,,,,,,,,,,,262,,85,276,1,32,178,65,,50,219,,56,105,,88,,66,252,99,,241,,,,,,456,426,,,228,,,33,,,98,96
2026-09-09T11:25:01+00:00,,198,,121,432,,,56,167,252,,142,200,210,,67,,,,,89,,136,310,212,,48,,,24,1162,,,,,,,,,,118,,118,,5,,,,,,,,,79,,34,,,,,146,,11,,,,68,,,,,,270,,,,208,,,,,,,,,,310,6,3,124,51,,204,,69,,41,8,,,5,40,,9,146,25,,105,242,,423,134,89,4,113,175,101,673,17,,432,3,,,,,,,,,,,,,,,141,,,,,364,,,,,98,,,,,,,,,,,,,,,,,,,,262,225,482,265,7,,,530,314,293,,123,,,922,286,,,,,157,211,275,99,11,,221,16,44,,,,,,,,,,,299,,,,,,,,,61,104,,,,,,,,,71,,,,,,,,,,,,,,,,,140,78,75,130,166,130,,358,12,,363,112,238,318,178,184,340,,,106,,35,,,,,,,,115,,,,,,,,,,,130,56,11,,,,,411,,,11,133,216,,,160,,,,,,,,,,,,,,,,,,,,,,,,42,92,19,,54,,58,33,257,257,21,,136,87,,,,,,85,99,,10,12,50,101,194,20,54,,163,34,136,,,,,,,,,,,,,,,,,,,,,,,,,,,,,,,,,516,,102,26,662,,,276,248,292,308,,,130,92,,,,,,23,,,159,37,73,,44,37,136,260,39,84,29,17,315,79,13,,,,,,,,,,,,,,,,,,,,,,,,,,,,,,,,,,,,,,,,,,,,,,,,,,,,263,,,277,-100,37,177,66,479,52,217,276,57,102,,86,19,68,257,97,400,,,,,,,458,429,,,231,,102,,,,102,
2026-09-09T11:30:01+00:00,,199,,,431,23,,58,163,253,,144,202,,,,,,,,,,,,,,,,,,,,,,,,,,,,,,,,,,,,,,,,,,,,,,,,,,,,,,,,,,,,,,,,,,,,,,,,,,,,,,,,,,,,,,,,,,,,,,,,,,,,,,,,,,,,,,,,,,,,,,,,,,,,,,,,,,,,,,,,,,,,,,,,,,,,,,,,,,,,,,,,,,,,,,,,,,,,,,,,,,,,,,,,,,,,,,,,,,,,,,,,,,,,,,,,,,,,,,,,,,,,,,,,,,,,,,,,,,,,,,,362,121,240,323,180,190,341,,,109,228,34,,1015,,,,,,,,,,,,,,,,,,,,,,,,,,,,,,,,,,,,,,,,,,,,,,,,,,,,,,,,,,,,,,,,,,,,,,,,,,,,,,,,,,,,,,,,,,,,,,,,,,,,,,,,,,,,,,,,,,,,,,,,,517,,104,27,,,190,277,239,291,,,,131,94,,,,,,22,,,157,,,113,41,32,131,,,,,,,,,,,,,,,,,,,,,,,,,,,,,,,,,,,,,,,,,,,,,,,,,,,,,,,,,,,,,,,,,,,,,,,,,,,,,,,,,,,,,,,,,,,,,,,,,,
2026-09-09T11:30:02+00:00,,,,,,,,,,,,,,211,,69,,,,,90,377,,316,216,,49,,,,1163,,,22,143,,,,,88,117,,115,,,,,,,99,,,,82,,33,11,,,,,,,,,,,,6,100,,,275,,,129,205,,77,155,119,83,166,,,,,2,2,126,53,74,197,1,71,164,,,,320,8,41,32,,144,31,,,240,52,419,,90,,106,177,93,675,,1,434,2,87,94,521,112,134,482,,,271,,,,,,143,,,,,363,,,,,100,116,,,,,,,,,,,,,,,,,,,,228,,268,5,,,531,315,294,,126,,,,,,,,,,,,,,,220,16,42,340,,,,,,,,,,,,,,,,348,,,62,107,,,,,,,,,72,,,,,46,,,,,,,,,,,,149,80,76,126,,127,,,9,,,,,,,,,,,,,,,,,,,278,,114,,,,,,,,,,,133,,7,3,,,,,,,,139,217,,,159,,,,,,,,,,,,,,,,,,,,,,,,40,91,21,67,,95,,36,258,259,25,8,137,91,,129,,,,,98,46,,13,51,104,196,21,55,113,,36,,,,200,157,,686,,,93,165,4,,,,,,,,,,,,,,,,,,,,,,,,,,,,,,,,,,,,,,,,,,,,,,,,,,,,,,74,33,23,319,78,14,,,,,,,,,,,,,,,,,,,,,,,,,,,,,,,,,,,,,,,,,,,,,,,,,,,,266,,84,273,2,39,175,67,477,,215,274,56,101,,,22,,261,99,403,239,,,,,,460,428,113,,233,,100,30,,,96,98
2026-09-09T11:35:02+00:00,137,203,55,,437,21,,61,164,250,,139,203,209,,,,,,,93,,135,318,215,,48,,,,1168,20,,21,144,,162,,,,,,,,4,,,,,,,,,81,,34,14,,,,,,4,,,224,67,,,99,,,,,,128,207,,,,,,,,,,309,6,,,50,73,196,12,72,163,40,6,,321,,,31,,147,33,,103,244,,414,135,86,,104,179,97,677,,,435,4,,,,,,,,,,,,,,,,,,,,,,,,,,,,,,,,,,,,,,,,,,,,,259,229,481,266,,,,529,,300,,120,,445,939,290,90,153,107,38,156,,289,110,8,,,16,40,333,,,,,,,,,,,,,,,,350,,,,106,,,,,,,,,73,,,,,,,,,,,,,,,,,153,82,77,122,175,124,,353,12,,364,129,,320,182,,342,,,111,233,31,,1013,,,,279,,,,,,,,,,,,,139,57,,,,,,416,,,,,214,,,164,,,,,,,,,,,,,,,,,,,,,,,,44,94,,,56,,59,37,260,260,24,,136,95,,126,,,,86,,51,12,14,52,100,201,22,52,114,169,37,,11,,196,158,,684,,,95,161,10,,,,,,,,,,,,,,,,,,,,,,513,80,108,26,663,,194,278,247,292,310,,,128,95,,,,,,29,,,,44,79,112,33,22,141,265,,82,37,18,320,79,17,51,65,,15,,116,31,135,154,168,196,170,,171,,210,,139,67,,,,,,,,,,,,,,,,,,,,,,,,,,,,,,,,,263,,85,,4,41,170,66,,51,218,275,57,,,85,20,67,260,101,402,237,,,,,,458,427,112,,236,,98,31,,,95,100
2026-09-09T11:40:01+00:00,,202,,,446,19,,64,169,251,,140,209,213,,70,,,,,94,374,139,314,216,,47,,,25,1171,,,19,,,165,,,,118,,,,,,,,,95,,259,,78,,35,12,,,,145,2,3,,81,225,70,,,98,,,290,,,,210,302,75,161,124,86,167,,,,,,,,,,,,,,,,,,,,,,,,,,,,,,,,,,,,,,,,90,98,532,118,120,,51,,263,,,,,,146,,,,,,,,,,,120,,,,,,,,,,,,,,,,,,,,,484,267,9,,,527,314,291,,117,,,,,,,,,,,,,7,,217,16,,330,,,,,,,,,,297,,,,,,357,,,64,104,,,,,,,,,,,,,,,,,,,50,,,,,,,,85,,,179,125,,352,,,367,123,241,,190,194,340,67,,112,228,33,,1016,,,,,,113,,,,,,,,,,,141,56,9,6,,,,414,,,9,143,211,,,166,,,,,,,,,,,,,,,,,,,,,,,,,95,22,71,52,,60,,256,263,,11,,94,,130,,,,85,97,60,13,13,57,103,,23,55,,174,,,,1,,177,,679,123,,94,162,9,,,,,,,,,,,,,,,,,,,,,,,,,,,,,,,,,,,,,,,,,,,,,,,,,,,,,40,88,35,20,325,77,26,,,,,,,,,,,,,,,,,,,,,,,,,,,,,,,,,,,,,,,,,,,,,,,,,,,,261,,86,269,5,40,,67,478,,220,276,,102,,87,11,69,256,102,404,238,,,,,,457,,113,,231,,96,34,,,,101
2026-09-09T11:45:01+00:00,139,203,,,442,,,65,168,249,,139,210,215,,,,,,,,372,141,313,211,,48,,,26,,22,,,,,167,,,89,,,116,,,,,,,96,,262,,79,,38,13,5,,,,1,0,,82,226,67,,,,,,299,,,,212,,,,,,,,,,,4,1,128,52,75,,31,73,,38,3,,319,4,42,30,2,143,30,123,104,249,,,136,,2,108,177,,688,,,,6,95,104,539,115,116,479,,,250,,,,,,,,,,,,,,,,,,,,,,,,,,,,,,,,,,,,260,232,483,268,,,,,315,292,,118,,444,941,293,,154,113,,158,210,291,118,3,,222,16,39,324,,,,,,,,,,299,,,,,,370,,,,107,,,,,,,,,75,,,,,,,,,,,,,,,,,162,91,78,124,178,123,,343,8,,364,130,240,327,,197,337,65,,,,27,,1020,,,,278,,,,,,,,,,,,,142,58,10,4,,,,415,,,10,144,216,,,168,,,,,,,,,,,,,,,,,,,,,,,,45,94,,,54,,,36,,266,,,,,41,,,,,,99,64,16,,60,104,202,,52,113,176,36,137,,,,,,,,,,,,,,,,,,,,,,,,,,,,,,,,,514,,110,,,,,,248,290,311,,,,93,,,,,,,,,159,46,82,,,,144,267,39,107,39,23,323,78,27,,,,,,,,,,,,,,,,,,,,,,,,,,,,,,,,,,,,,,,,,,,,,,,,,,,,,,,,4,,168,70,480,48,223,275,56,101,,,12,72,,103,405,,,,,,,454,429,114,,,,98,33,,,89,
2026-09-09T11:50:01+00:00,,201,54,119,444,22,,69,175,250,,138,212,214,,,,,,,96,373,143,322,214,,,,,27,1169,,,21,145,,,,,86,,,,,5,,,,,,,263,,,,39,,,,,144,2,,,,,70,,,,,,300,,,127,214,307,77,165,123,87,166,,191,,,,,,,,,,,,,,,,,,,,,,,,,,,,,,,,,,,,,,,,,,,,,,,,,,,,143,,,,,364,,,,,96,,,,,,,,,,,,,,,,,,,,259,,,271,10,,,524,,287,,122,,,,,,,,,,,,,0,,220,16,34,325,,,,,,,,,,298,,,,,,,,,63,108,,,,,,,,,,,,,,,,,,,,,,,,,178,170,93,76,122,181,119,,339,7,,362,128,241,329,192,199,339,64,,108,225,,,1021,,,,277,,,,,,,,,,,,,145,55,,3,,,,,,,,145,217,,,166,,,,,,,,,,,,,,,,,,,,,,,,47,,,,56,97,,37,261,263,,12,137,,,131,,,8,86,96,63,,10,71,103,,,50,111,183,35,136,9,0,198,187,,667,126,,98,165,12,,,,,,,,,,,,,,,,,,,,,,513,78,104,25,666,,,279,,,,,,130,94,,,,,,28,,,,,77,,28,19,143,266,40,110,42,26,330,77,28,49,64,,21,49,118,28,136,157,169,199,171,,179,,206,,140,62,,,,,,,,,,,,,,,,,,,,,,,,,,,,,,,,,264,,,265,5,37,165,,477,53,218,274,57,98,,,,,257,104,402,237,,,,,,451,432,,,228,,94,32,,,96,103
2026-09-09T11:55:02+00:00,144,199,,,449,24,,73,179,251,,,213,,,,,,,,100,376,144,326,211,,51,,,,1179,,,,144,,170,,,87,120,,113,,,,,,,94,,261,3,,,38,11,,,,143,3,,,,,,,,,,,294,,,124,,,,,,,,,,,,8,8,125,49,74,185,44,74,162,,9,,321,,43,28,,142,38,,105,250,,409,139,88,3,109,178,,705,,,433,,92,109,542,,109,480,,,246,,,,,,,,,,,,,,,,,,,,,,,,,,,,,,,,,,,,,235,486,274,8,,,520,314,293,,116,,445,949,292,89,,,42,,208,,124,2,,224,16,32,,,,,,,,,,,299,,,,,,,,,62,,,,,,,,,,,,,,,,,,,,,,,,,,,174,96,74,117,180,,,331,8,,363,122,237,332,,206,340,63,,111,227,29,,1022,,,,275,,115,,,,,,,,,,,141,56,,,,,,414,,,8,149,216,,,172,,,,,,,,,,,,,,,,,,,,,,,,49,92,,,58,96,61,41,,262,,,135,95,,135,,,10,,,72,20,12,85,104,203,25,53,112,189,,137,,,,188,,665,122,,99,167,15,,,,,,,,,,,,,,,,,,,,,,517,79,103,,664,,,280,,,312,,,129,,,,,,,,,,,48,76,,29,23,139,268,44,112,45,28,,78,30,,,,,,,,,,,,,,,,,,,,,,,,,,,,,,,,,,,,,,,,,,,,,,,,,,,,266,,,267,7,43,,,476,52,,273,100,99,,88,,70,259,103,,238,,,,,,453,430,,,229,,95,31,,,93,104
2026-09-09T12:00:02+00:00,145,197,,120,456,26,,77,,250,,141,220,211,,72,,,,,102,,148,324,212,,52,,,,1181,,,20,145,,169,,,,117,,112,,6,,,,,92,,263,,,,36,10,4,,,141,4,3,,84,227,71,,,,,,296,,,123,212,306,67,155,125,90,158,,,,,9,7,123,,,186,47,73,,,,,322,,,27,8,144,,,103,,50,423,135,87,,113,,96,706,,,,7,,,,,,,,,,,,,,,146,,,,,366,,,,,104,,,,,,,,,,,,,,,,,,,,263,236,487,270,9,,,524,,287,,111,,,,,,,,,,,,,5,,,16,35,322,,,,,,,,,,297,,,,,,376,,,64,,,,,,,,,,76,,,,,,,,,,,,,,,,179,172,98,,121,177,123,,330,10,,,124,239,333,193,208,339,,,110,224,31,,1025,,,,276,,114,,,,,,,,,,,139,54,7,4,,,,415,,,10,152,218,,,171,,,,,,,,,,,,25,,,,,,,,,,,,,97,,74,52,97,62,40,270,269,,13,136,96,,,,,,,,75,24,13,90,102,204,30,49,111,209,,,11,,206,190,,672,120,,98,170,9,,,,,,,,,,,,,,,,,,,,,,516,,107,24,,,193,281,250,291,313,,,131,,,,,,,27,,,,50,75,114,24,27,,267,47,,41,34,339,76,28,,,,,,,,,,,,,,,,,,,,,,,,,,,,,,,,,,,,,,,,,,,,,,,,,,,,269,,88,269,8,47,164,69,,58,217,277,,97,,89,15,68,254,,401,239,,,,,,454,435,,,234,,93,,,,98,
2026-09-09T12:05:02+00:00,146,199,,,453,,,79,180,,,140,218,214,,74,,,,,101,374,151,325,211,,50,,,28,,,,23,,,166,,,86,,,113,,,,,,,,,262,,,,34,11,5,,,,3,4,,,228,70,,,,,,297,,,125,213,,,,,,,,,,301,15,10,126,50,75,195,44,76,164,37,13,,326,,42,29,,,33,125,,248,44,420,,80,,108,177,106,708,,,,8,91,120,553,117,98,479,53,,243,,,,,,,,,,,,,,,,,,,,,,,,,,,,,,,,,,,,258,240,488,273,12,,,527,312,284,,115,271,,953,373,88,155,156,,228,281,405,153,4,,219,16,31,315,,,,,,,,,,298,,,,,,,,,63,109,,,,,,,,,77,,,,,,,,,,,,,,,,180,170,102,78,122,176,137,,329,8,,361,125,240,338,194,205,336,64,,113,226,30,,1029,,,,278,,,,,,,,,,,,,137,,8,5,,,,413,,,11,148,216,,,170,,,,,,,,,,,,26,,,,,,,,,,,,50,98,,,51,98,,46,275,274,,,137,,40,136,,,11,85,97,73,22,11,,,208,35,53,109,212,36,,,,204,182,55,661,124,,99,168,,,,,,,,,,,,,,,,,,,,,,,521,,106,28,665,,,283,,294,310,,,130,93,,,,,,30,,,162,53,81,113,35,34,144,268,48,110,42,38,348,,32,,,,,,,,,,,,,,,,,,,,,,,,,,,,,,,,,,,,,,,,,,,,,,,,,,,,,132,,271,10,,,71,474,54,,275,,98,,87,,66,261,105,400,,,,,,,453,432,,,228,,91,39,,,105,
2026-09-09T12:10:01+00:00,148,201,,,454,23,,86,181,,,143,216,216,,,,,,,97,375,154,329,209,,49,,,,1182,,,25,143,,,,,,,,114,,,,,,,95,,263,,,,35,,,,,140,2,6,,83,,69,,,99,,,298,,,124,,309,61,149,129,84,155,,,,,,,,,,,,,,,,,,,,,,,,,,,,,,,,,,,,,,,,90,122,556,114,94,478,,,,,,,,,137,,,,,368,,,,,106,124,,,,,,,,,,,,,,,,,,,260,,,272,18,,,522,,,,116,,,,,,,,,,,,,3,,222,16,34,314,,,,,,,,,,297,,,,,,380,,,,,,,,,,,,,,,,,,,,,,,,,,,,,178,178,109,80,131,,134,,331,10,3,369,129,241,345,196,210,337,,,114,225,,,1039,,,,284,,115,,,,,,,,,,,138,52,9,3,,,,412,,,,151,214,,,174,,,,,,,,,,,,,,,,,,,,,,,,48,,23,75,,,,50,276,276,,,135,94,,138,,,,,,74,21,13,94,99,206,41,52,,238,,138,,,,,,,,,,,,,,,,,,,,,,,,,,,,,,,,,,,109,,,,,,,,,,,,96,,,,,,,,,,,,,,31,,,46,116,46,41,,,,,69,340,,56,117,23,131,159,174,192,174,,184,,202,,141,68,,,,,,,,,,,,,,,,,,,,,,,,,,,,,,,,,270,,91,269,,52,159,,477,,218,278,98,,,88,14,,270,107,401,241,,,,,,452,435,,,227,,92,38,,,,
2026-09-09T12:15:02+00:00,147,203,,,453,21,,93,186,251,,144,220,218,,72,,,,,98,377,155,331,212,,54,,,26,1184,,,26,144,,165,,,,,,113,,,,,,,,,264,,,,37,13,6,,,141,,7,6,82,,,,7,100,,,297,,,,214,308,58,143,123,82,158,,,,304,,17,129,52,77,193,45,82,,36,17,,328,,43,30,7,142,30,,104,249,,426,141,78,4,116,176,108,710,,,434,7,,,,,,,,,,,,,,,141,,,,,,,,,,108,127,,,,,,,,,,,,,,,,,,,262,244,489,271,25,,,518,311,280,,109,,444,958,367,,156,160,,229,279,407,156,6,,221,16,39,311,,,,,,,,,,298,,,,,,,,,62,,,,,,,,,,76,,,,,47,,,,,,,,,,,,185,116,83,,178,141,,335,14,,367,,246,355,202,212,343,,,115,224,33,,1056,,,,285,,117,,,,,,,,,,,137,55,8,2,,,,416,,,,148,217,,,176,,,,,,,,,,,,,,,,,,,,,,,,50,,,79,52,99,,55,283,275,26,15,140,97,41,139,,,12,,101,77,25,14,98,100,207,45,49,112,263,37,,14,,210,188,,660,126,,103,169,14,,,,,,,,,,,,,,,,,,,,,,518,81,111,26,667,,,,,296,308,,,129,97,,,,,,28,,,160,,83,,,,146,270,120,119,48,40,353,78,50,,,,,,,,,,,,,,,,,,,,,,,,,,,,,,,,,,,,,,,,,,,,,,,,,,,,273,,92,263,11,63,161,70,483,57,219,,99,,,,12,,264,110,,242,,,,,,455,437,,,232,,93,,,,101,
2026-09-09T12:20:02+00:00,144,205,,,452,18,,98,185,255,,147,221,222,,,,,,,97,375,161,,217,,55,,,29,1182,,1,27,143,,172,,,84,121,,,,5,,,,,,,263,,78,,36,,,,,142,,14,12,81,,70,,,101,,,299,,,,212,,,,,,,,,,305,17,21,131,56,,197,46,,166,34,27,,332,,,,17,146,31,,106,251,43,,147,77,7,112,177,112,718,,,435,,,,,,,,,,,,,,,,,,,,,,,,,,,,,,,,,,,,,,,,,,,,,,266,249,488,270,24,,,514,,283,,111,,,,,,,,,,,,,8,,219,16,36,307,,,,,,,,,,,,,,,,389,,,58,,,,,,,,,,75,,,,,45,,,,,,,,,,,,186,117,,130,180,139,,342,13,,366,131,243,356,204,218,342,66,,117,225,31,,1055,,,,286,,,,,,,,,,,,,140,57,12,,,,,417,,,,153,222,,,180,,,,,,,,,,,,,,,,,,,,,,,,49,99,,,54,,61,59,284,277,,16,143,94,,140,,,,,,,27,13,102,101,208,49,43,110,272,,,16,,211,185,,661,130,,104,167,,,,,,,,,,,,,,,,,,,,,,,524,,108,28,669,,194,,,298,,,,122,96,,,,,,31,,,165,56,85,,29,39,154,269,,124,47,38,365,77,56,,,,,,,,,,,,,,,,,,,,,,,,,,,,,,,,,,,,,,,,,,,,,,,,,,,,277,133,91,268,9,77,167,,482,53,222,280,100,96,,90,17,64,268,109,406,244,,,,,,453,442,,,238,,97,40,,,109,106
2026-09-09T12:25:02+00:00,146,207,,,457,16,,95,188,,,151,222,227,,71,,,,,,376,164,335,216,,56,,,30,1185,,5,28,144,,,,,87,,,,,6,,,,,,,265,,79,,33,,,,,141,3,17,16,80,,72,,,,,,307,,,,213,310,65,149,125,89,164,,,,,,,,,,,,,,,,,,,,,,,,,,,,,,,,,,,,,,,,93,124,561,107,86,483,54,,238,,,,,,143,,,,,,,,,,111,129,,,,,,,,,,,,,,,,,,,,250,491,274,23,,,511,,281,,109,273,446,962,368,90,159,,43,230,273,405,164,7,,218,16,39,308,,,,,,,,,,296,,,,,,383,,,,111,,,,,,,,,77,,,,,46,,,,,57,,,,,,177,192,121,80,135,,141,,345,12,,371,137,,354,205,220,345,,,121,229,32,,1065,,,,288,,118,,,,,,,,,,,139,59,15,3,,,,,,,,152,224,,,175,,,,,,,,,,,,24,,,,,,,,,,,,56,,,82,50,,60,,285,279,,,141,97,40,146,,,,,102,79,23,11,107,96,210,52,46,112,296,,,,,209,182,57,660,125,,103,166,12,,,,,,,,,,,,,,,,,,,,,,525,,110,30,666,,198,,245,300,309,,,125,95,,,,,,,,,,,88,,27,42,158,,125,139,45,40,376,78,59,55,71,346,34,,122,,127,162,178,197,172,,185,,189,,146,67,,,,,,,,,,,,,,,,,,,,,,,,,,,,,,,,,280,131,89,267,8,85,170,69,,,221,284,,97,,,20,,269,107,405,,,,,,,451,444,,,236,,99,,,,,107
2026-09-09T12:30:01+00:00,,211,,,460,,,87,191,257,,153,223,228,,,,,,,92,377,162,,222,,57,,,,1188,20,4,32,145,,173,,,,120,,114,,7,,,,,,,264,2,,,35,,,,,140,4,18,,,,,,,102,,,,,,127,,,,,,,,,,,307,19,29,143,59,82,209,44,,167,29,41,,336,2,42,28,13,,29,124,,258,39,425,156,76,9,105,172,118,724,,,,,,,,,,,,,,,,,,,,,,,,,,,,,,,,,,,,,,,,,,,,,,,,,264,253,,269,20,,,509,,285,,107,,,,,,,,,,,,,4,,217,16,36,299,,,,,,,,,,297,,,,,,384,,,59,,,,,,,,,,76,,,,,45,,,,,,,,,,,,194,126,78,136,179,142,,341,11,,372,140,244,357,,,347,65,,120,230,,,1068,,,,287,,120,,,,,,,,,,,142,60,,4,,,,421,,,12,150,225,,,179,,,,,,,,,,,,23,,,,,,,,,,,,,,24,81,47,,59,63,,280,,,139,105,42,,,,13,,,80,25,10,109,,,55,44,114,308,,,18,,,,,,,,,,,,,,,,,,,,,,,,,,,,,,,,,,,,,,,,,,,,,,,,,,,,,,,,,,,,,,,127,136,48,41,381,80,56,,,,,,,,,,,,,,,,,,,,,,,,,,,,,,,,,,,,,,,,,,,,,,,,,,,,284,130,90,273,11,95,169,70,,54,216,286,,98,,92,21,63,272,111,408,243,,,,,,454,447,,,223,,101,41,,,113,105
2026-09-09T12:35:01+00:00,148,,,,,,,,193,255,,155,225,225,,,,,,,90,380,163,333,223,,56,,,,1184,21,6,33,,,174,,,86,121,,,,,,,,,96,,268,3,,,34,15,,,,141,,23,19,,227,71,,8,,,,315,,,,210,,51,151,120,86,156,,192,,,,,,,,,,,,,,,,,,,,,,,,,,,,,,,,,,,,,,94,131,559,110,74,474,55,,237,,,,,,137,,,,,376,,,,,108,130,,,,,,,,,,,,,,,,,,,263,254,494,267,,,,,,290,,105,272,444,,366,93,160,,,232,269,398,170,2,,,16,35,297,,,,,,,,,,296,,,,,,387,,,62,110,,,,,,,,,,,,,,,,,,,58,,,,,,178,201,130,77,139,,144,,342,10,,367,131,245,354,207,221,341,67,,124,228,,,1072,,,,288,,118,,,,,,,,,,,140,65,19,3,,,,420,,,,149,223,,,183,,,,,,,,,,,,24,,,,,,,,,,,,,97,23,83,,103,60,67,283,279,,17,,107,43,144,,,,,104,83,24,6,,94,206,58,42,,320,,137,16,,208,181,58,657,116,,,164,8,,,,,,,,,,,,,,,,,,,,,,534,80,117,31,,,202,,249,303,308,,,129,96,,,,,,,,,171,,109,117,23,49,168,268,133,,52,42,378,79,58,,,,,,,,,,,,,,,,,,,,,,,,,,,,,,,,,,,,,,,,,,,,,,,,,,,,288,,89,271,12,96,170,,484,56,,,,100,,91,28,62,281,113,410,,,,,,,455,448,,,231,,100,40,,,120,104
2026-09-09T12:40:01+00:00,152,210,,,464,17,,90,195,,,156,229,226,,73,,,,,91,382,166,340,234,,55,,,31,1183,22,4,,147,,169,,,87,122,,,,,,,,,97,,274,,,,28,14,,,,142,5,26,21,79,,72,,,,,,150,,,,,,,,,,,,,,309,,26,146,64,85,224,43,,168,28,51,,343,,41,,7,,25,,108,268,41,,159,79,12,104,171,116,720,,,438,,95,128,561,111,73,473,57,,241,,,,,,140,,,,,,,,,,106,132,,,,,,,,,,,,,,,,,,,267,,495,,22,,,511,310,285,,104,,445,959,375,92,158,,44,,268,396,175,6,,220,16,37,302,,,,,,,,,,,,,,,,389,,,63,108,,,,,,,,,77,,,,,,,,,,,,,,,,177,195,,80,142,181,148,,346,11,,372,138,,352,,224,346,,,,230,29,,1074,,,,,,120,,,,,,,,,,,146,66,,2,,,,,,,,150,,,,180,,,,,,,,,,,,25,,,,,,,,,,,,61,100,22,84,48,104,59,71,,280,,19,145,106,,,,,12,,105,90,23,,,93,208,61,44,113,326,36,,,,,,,,,,,,,,,,,,,,,,,,,,,,,,,,,,,,,,,,,,,,,,,,,,,,,,,,,,,,,,,,,128,152,59,48,381,78,57,,75,347,37,53,119,25,,170,185,199,169,,192,,,,147,70,,,,,,,,,,,,,,,,,,,,,,,,,,,,,,,,,295,,88,279,,92,,72,483,62,211,284,,101,,90,30,63,282,,408,242,,,,,,457,447,,,234,,101,43,,,125,106
2026-09-09T12:45:02+00:00,151,211,,,468,18,,96,193,254,,159,,224,,72,,,,,90,381,169,,229,,54,,,33,1184,21,5,34,148,,170,,,85,123,,,,,,,,,,,280,,78,,26,,7,,,144,,27,25,,228,71,,,,,,152,,,123,,307,63,147,125,91,150,,,,311,,34,153,70,87,240,45,84,171,27,40,,345,1,,27,10,159,,,106,278,,432,168,82,17,107,170,117,744,,,,,,,,,,,,,,,,,,,,,,,,,,,,,,,,,,,,,,,,,,,,,,,,,,253,497,269,20,,,,311,284,,97,273,444,960,370,,155,,,,267,393,174,8,,215,16,32,312,,,,,,,,,,295,,,,,,388,,,,106,,,,,,,,,84,,,,,,,,,,,,,,,,176,197,124,78,138,178,156,,339,9,,375,141,243,354,,,347,69,,126,229,26,,1083,,,,290,,119,,,,,,,,,,,148,70,18,1,,,,422,,,,152,229,,,179,,,,,,,,,,,,29,,,,,,,,,,,,,,21,83,50,105,60,78,286,281,27,20,,,,145,,,,,107,93,22,,110,88,210,65,39,,333,37,136,18,,207,178,57,658,108,,107,,6,,,,,,,,,,,,,,,,,,,,,,537,,116,34,668,,204,,243,304,,,,131,,,,,,,35,,,172,54,111,116,24,55,173,267,127,149,57,45,394,79,60,,,,,,,,,,,,,,,,,,,,,,,,,,,,,,,,,,,,,,,,,,,,,,,,,,,,299,129,85,276,7,94,169,,485,64,208,287,,102,,93,28,,284,115,410,,,,,,,,448,,,558,,105,39,,,131,
2026-09-09T12:50:02+00:00,,219,,,464,16,,102,196,253,,161,228,227,,74,,,,,88,383,175,341,223,,56,,,32,,,7,33,151,,172,,,86,122,,113,,,,,,,,,283,,,,24,,,,,145,6,35,27,78,231,72,,,101,,,155,,,,211,,,,,,,,,,,,,,,,,,,,,,,,,,,,,,,,,,,,,,,,,,,,,,98,120,577,117,63,477,56,,235,,,,,,139,,,,,377,,,,,107,134,,,,,,,,,,,,,,,,,,,269,258,496,270,17,,,515,310,277,,96,,,,,,,,,,,,,1,,209,16,37,308,,,,,,,,,,292,,,,,,391,,,64,107,,,,,,,,,83,,,,,,,,,,59,,,,,,,198,123,77,137,,163,,335,12,,,137,242,357,208,228,348,,,125,231,,,1086,,,,289,,,,,,,,,,,,,149,74,15,,,,,424,,,,154,227,,,183,,,,,,,,,,,,,,,,,,,,,,,,63,98,19,79,,111,59,82,296,280,28,,150,102,,146,,,,,110,,24,10,113,85,207,71,43,111,337,38,,16,,205,182,,655,100,,108,166,9,,,,,,,,,,,,,,,,,,,,,,551,82,115,35,669,,207,,236,303,,,,,98,,,,,,,,,173,60,116,113,28,50,166,268,128,150,61,46,388,80,61,,,,,,,,,,,,,,,,,,,,,,,,,,,,,,,,,,,,,,,,,,,,,,,,,,,,307,,86,,9,101,168,71,487,70,209,,,105,,96,29,62,,117,411,245,,,,,,454,,,,555,,104,42,,,130,108
2026-09-09T12:55:01+00:00,150,218,,,,24,,108,200,252,,,231,222,,,,,,,89,386,176,342,226,,57,,,35,,,6,36,153,,173,,,87,123,,114,,,,,,,103,,287,4,,,25,13,,,,146,5,36,28,77,233,73,,,,,,,,,124,,,71,146,127,86,152,,,,312,16,37,156,78,89,236,47,82,,28,48,,344,,,28,13,168,33,123,105,276,,430,172,,,,169,118,747,,,440,6,,,,,,,,,,,,,,,,,,,,,,,,,,,,,,,,,,,,,,,,,,,,,268,263,495,,,,,516,311,285,,97,274,448,972,366,91,157,,45,231,278,394,169,2,,214,16,35,315,,,,,,,,,,291,,,,,,394,,,63,108,,,,,,,,,84,,,,,,,,,,,,,,,,,206,117,78,,179,166,,334,16,,377,138,245,351,209,231,352,,,123,235,27,,1088,,,,295,,,,,,,,,,,,,148,75,9,,,,,,,,,153,229,,,186,,,,,,,,,,,,30,,,,,,,,,,,,64,95,22,78,49,113,57,84,300,278,,19,,100,,148,,,,84,,102,27,8,115,82,208,72,41,112,344,,135,18,2,208,172,,647,97,,109,167,6,,,,,,,,,,,,,,,,,,,,,,,,,,,,,,,,,,,,,,,,,,,,,,,,,,,,,126,146,63,48,391,83,66,53,,350,34,56,120,26,128,175,193,192,156,,193,,185,,151,64,,,,,,,,,,,,,,,,,,,,,,,,,,,,,,,,,309,128,85,265,11,97,167,72,490,67,,285,98,106,,93,30,63,285,116,410,247,,,,,,453,445,,,549,,109,45,,,127,109
2026-09-09T13:00:02+00:00,153,221,,,465,,,112,195,253,,160,233,220,,,,,,,91,384,174,345,223,,56,,,33,1186,23,13,38,,,172,,,90,124,,,,,,,,,,,289,5,79,,22,,9,,,147,6,,29,,,,,,,,,163,,,122,,,,,,,,,,,,,,,,,,,,,,,,,,,,,,,,,,,,,,,,,,,,,,,97,110,574,124,60,474,,,233,,,,,,127,,,,,386,,,,,111,140,,,,,,,,,,,,,,,,,,,269,267,496,274,16,,,521,,270,,90,275,455,976,370,90,159,163,46,,277,387,,3,,211,16,31,324,,,,,,,,,,290,,,,,,398,,,65,109,,,,,,,,,,,,,,46,,,,,58,,,,,,178,220,115,,,180,165,,,15,4,374,145,247,354,211,232,355,,,,229,,,1095,,,,299,,117,,,,,,,,,,,146,72,,0,,,,426,,,10,152,230,,,187,,,,,,,,,,,,29,,,,,,,,,,,,69,98,,79,46,,56,87,299,273,,18,145,103,,,4,,,85,,96,25,9,113,84,205,73,42,111,352,,134,17,0,,176,59,641,,,,169,4,,,,,,,,,,,,,,,,,,,,,,547,,,34,667,,209,,228,300,311,,,132,,,,,,,37,,,174,58,,112,27,49,170,269,128,164,67,45,395,,69,,,,,,,,,,,,,,,,,,,,,,,,,,,,,,,,,,,,,,,,,,,,,,,,,,,,312,130,,260,14,,169,,489,65,211,287,97,107,,95,27,62,295,117,413,,,,,,,,446,,,,,110,,,,121,110
2026-09-09T13:05:01+00:00,154,223,,,471,22,,111,189,254,,159,235,222,,75,,,,,92,411,178,343,227,,57,,,,1188,25,19,,,,173,,,88,126,,115,,9,,,,,,,290,7,,,31,,8,,,,7,34,28,,235,74,,,103,,,170,,,124,,303,73,160,121,92,145,,193,,316,11,47,159,80,85,240,,84,172,29,50,,346,1,44,29,20,169,42,122,103,281,39,431,177,85,19,112,166,121,759,18,1,444,2,,,,,,,,,,,,,,,121,,,,,391,,,,,114,139,,,,,,,,,,,,,,,,,,,268,269,495,276,15,,,,,267,,91,,453,977,364,,161,,,230,279,,173,5,,209,16,35,325,,,,,,,,,,292,,,,,,406,,,69,105,,,,,,,,,87,,,,,47,,,,,,,,,,,177,224,,81,,182,169,,338,19,,375,146,243,357,212,236,357,71,,124,225,29,,1097,,,,303,,118,,,,,,,,,,,148,75,7,,,,,425,,,,159,,,,190,,,,,,,,,,,,28,,,,,,,,,,,,68,96,,81,44,,,92,301,272,32,19,,102,,146,,,14,83,,90,24,8,115,79,202,,39,112,358,37,133,16,,,,,,,,,,,,,,,,,,,,,,,,,,,,,,,,550,83,114,36,666,,211,,233,301,313,,,130,99,,,,,,40,,,,,113,,25,,172,,132,163,66,44,,,71,,,,,,,,,,,,,,,,,,,,,,,,,,,,,,,,,,,,,,,,,,,,,,,,,,,,,129,,268,21,103,173,70,488,66,217,,,106,,93,31,,296,121,418,,,,,,,457,448,115,,546,,111,48,,,117,
2026-09-09T13:10:01+00:00,152,227,,121,473,18,,113,188,257,,158,237,,,83,,,,,,,182,345,226,,58,,,34,1194,,,37,155,,175,,,,127,,,,,,,,,104,,291,,,,30,14,,,,,8,,,76,,,,,,,,171,,,125,214,,,,,,,,,,,,,,,,,,,,,,,,,,,,,,,,,,,,,,,,,,,,,,102,106,576,120,64,469,,54,236,,,,,,,,,,,,,,,,,,,,,,,,,,,,,,,,,,,,269,271,494,,,,,523,,275,,94,,,,,,,,,,,,,,,210,16,38,327,,,,,,,,,,294,,,,,,402,,,67,104,,,,,,,,,86,,,,,46,,,,,57,,,,,,,226,111,,140,183,165,,343,20,,376,152,242,365,216,237,358,,,126,223,24,,1102,,,,302,,119,,,,,,,,,,,,,8,,,,,424,,,,163,231,,,196,,,,,,,,,,,,29,,,,,,,,,,,,64,,24,83,48,115,57,94,298,268,,18,146,103,,148,,,,,111,95,28,7,119,76,,77,41,110,374,36,,,,212,177,60,646,108,,113,171,0,,,,,,,,,,,,,,,,,,,,,,551,82,117,,,,214,,229,,314,,,136,100,,,,,,,,,,54,111,111,23,,171,,135,160,69,39,394,80,77,52,72,,38,58,119,27,129,178,201,197,149,,189,,187,,149,60,,,,,,,,,,,,,,,,,,,,,,,,,,,,,,,,,315,128,,267,23,112,174,69,489,63,221,288,98,,,94,34,63,297,123,416,,,,,,,,450,,,545,,113,49,,,116,109
2026-09-09T13:15:01+00:00,154,229,,,474,19,,116,191,,,,243,229,,85,,,,,94,410,181,348,228,,59,,,,1200,26,,39,,,,,,91,130,,116,,,,,,,,,296,8,81,,,,,,,151,10,,,74,,73,,7,,,,170,,,128,213,300,70,159,117,99,142,,,,317,10,34,165,77,87,242,51,88,173,27,57,,349,,48,30,29,165,48,123,105,288,38,441,179,,20,118,167,123,761,,,,5,,109,580,121,66,467,,51,239,,,,,,110,,,,,393,,,,,118,,,,,,,,,,,,,,,,,,,,,,,,,,,,,,,,,,,,,,,,,,,,,,,,,,,,,,,,,,,,,,,,,,,,,,,,,,,,,,,,,,,,,,,,,,,,,,,,,,,,,,,,,372,150,246,362,218,240,357,72,,127,226,29,,1109,,,,,,,,,,,,,,,,,,,,,,,,,,,,,,,,,,,,,,,,,,,,,,,,,,,,,,,,,,,,,,,,,,,,,,,,,,,,,,,,,,,,,,,,,,,,,,,,,,,,,,,,,,,,,,,,,,,,,,,,,550,,113,37,669,,216,,234,302,315,,,,101,,,,,,41,,,179,58,115,109,28,53,174,,,,,,,,,,,,,,,,,,,,,,,,,,,,,,,,,,,,,,,,,,,,,,,,,,,,,,,,,,,,319,129,,264,24,122,172,70,491,67,225,292,,104,,95,31,61,295,121,420,248,,,,,,458,457,,,554,,112,51,,,119,
2026-09-09T13:15:02+00:00,,,,,,,,,,,,,,,,,,,,,,,,,,,,,,,,,,,,,,,,,,,,,,,,,,,,,,,,,,,,,,,,,,,,,,,,,,,,,,,,,,,,,,,,,,,,,,,,,,,,,,,,,,,,,,,,,,,,,,,,,,,,,,,,,,,,,,,,,,,,,,,,,,,,,,,,,,,,,,,,,,,,,,,272,,492,273,11,,,528,,273,,,276,451,985,372,91,168,164,47,231,,389,177,8,,213,16,39,336,,,,,,,,,,296,,,,,,408,,,68,103,,,,,,,,,87,,,,,47,,,,,,,,,,,179,225,102,,143,182,161,,344,19,,,,,,,,,,,,,,,,,,,300,,,,,,,,,,,,,152,76,11,,,,,425,,,11,161,232,,,197,,,,,,,,,,,,,,,,,,,,,,,,65,94,,86,45,,,101,,,34,20,,107,,,,,,81,,93,29,9,126,79,205,84,39,111,383,,,15,,,,59,,,,,,,,,,,,,,,,,,,,,,,,,,,,,,,,,,,,,,,,,,,,,,,,,,,,,,,,,,,140,172,77,42,393,81,75,,,,,,,,,,,,,,,,,,,,,,,,,,,,,,,,,,,,,,,,,,,,,,,,,,,,,,,,,,,,,,,,,,,,,,,,,,,,,,,,,,,,,,,,,,
2026-09-09T13:20:02+00:00,155,231,55,,473,20,,122,193,,,159,244,231,,86,,,,,,412,182,349,222,,57,,,,1206,28,23,40,,,172,,,93,,,120,,,,,,,105,,,22,,,32,15,,,,,11,39,30,73,,72,,9,104,,,173,,,131,209,299,66,164,112,101,141,,194,,320,11,36,167,80,,239,49,,174,25,59,,,1,46,,30,164,,,107,287,41,437,180,,19,122,,124,775,,,445,,,,,,,,,,,,,,,,,,,,,,,,,,,,,,,,,,,,,,,,,,,,,,271,277,491,276,10,,,531,313,276,,99,,,,,,,,,,,,,12,,,16,,345,,,,,,,,,,,,,,,,418,,,70,104,,,,,,,,,88,,,,,48,,,,,58,,,,,,,227,99,,146,,164,,346,16,,377,143,,358,219,242,360,76,,132,221,28,,1112,,,,297,,121,,,,,,,,,,,156,77,15,,,,,,,,10,164,235,,,199,,,,,,,,,,,,31,,,,,,,,,,,,69,,23,85,44,,,99,300,266,,22,149,108,,,,,,82,110,94,30,12,129,82,206,85,36,,405,,,,,214,185,,635,112,,111,,10,,,,,,,,,,,,,,,,,,,,,,558,,114,,666,,218,,218,300,316,,,,,,,,,,,,,183,60,117,107,30,54,176,268,143,185,80,43,395,79,81,,,,,,,,,,,,,,,,,,,,,,,,,,,,,,,,,,,,,,,,,,,,,,,,,,,,323,130,83,266,,126,174,69,,74,214,291,,105,,94,30,,291,,418,,,,,,,461,453,,,557,,110,52,,,,
2026-09-09T13:25:02+00:00,152,234,,122,476,17,,124,186,259,,158,243,,,87,,,,,93,,190,352,220,,58,,,36,1216,27,,,,,174,,,94,132,,,,,,,,,104,,305,29,83,,33,16,9,,,,,42,33,72,234,73,,,,,,172,,,130,207,,,,,,,,,,,,,,,,,,,,,,,,,,,,,,,,,,,,,,,,,,,,,,103,104,593,117,73,468,54,55,236,,,,,,114,,,,,401,,,,,120,138,,,,,,,,,,,,,,,,,,,275,279,494,,8,,,529,311,277,,98,,448,990,375,92,171,165,49,233,,400,173,13,,214,16,41,354,,,,,,,,,,,,,,,,423,,,67,105,,,,,,,,,90,,,,,49,,,,,,,,,,,180,222,95,79,148,181,161,,349,10,,387,,252,350,222,239,365,77,,,219,30,,,,,,298,,124,,,,,,,,,,,154,79,,,,,,,,,,166,238,,,197,,,,,,,,,,,,34,,,,,,,,,,,,71,93,22,,41,114,59,102,306,260,,19,151,116,,151,,,,,111,100,,15,130,75,205,86,31,109,425,,,16,,219,173,,633,110,,112,169,,,,,,,,,,,,,,,,,,,,,,,559,,113,38,664,,217,,204,299,,,,,,,,,,,,,,186,64,123,,,51,178,272,172,220,91,36,428,81,88,,,,,,,,,,,,,,,,,,,,,,,,,,,,,,,,,,,,,,,,,,,,,,,,,,,,329,131,84,265,23,134,177,70,489,82,212,292,,106,,93,27,62,289,117,419,,,,,,,462,454,,,559,,112,51,,,114,
2026-09-09T13:30:01+00:00,153,,,,478,18,,,189,257,,159,242,235,,86,,,,,,410,194,353,,,57,,,35,1219,28,29,,,,171,,,95,,,,,10,,,,,,,317,32,,,35,17,8,,,150,,44,34,,233,77,,,,,,175,,,133,206,300,78,163,120,102,140,,195,,321,22,37,174,84,88,245,50,92,175,24,67,,353,3,,32,31,175,54,,105,295,45,440,188,93,21,127,171,129,784,,,450,,,,,,,,,,,,,,,,,,,,,,,,,,,,,,,,,,,,,,,,,,,,,,274,285,496,277,9,,,530,,276,,88,,,,,,,,,,,,,,,216,15,33,356,,,,,,,,,,,,,,,,425,,,,106,,,,,,,,,93,,,,,48,,,,,61,,,,,,,223,91,,144,,154,,352,7,,386,144,258,,225,240,,81,,133,223,32,,1114,,,,299,,125,,,,,,,,,,,153,81,,1,,,,,,,11,172,234,,,202,,,,,,,,,,,,33,,,,,,,,,,,,69,94,24,86,,113,60,106,307,265,,21,149,,,,,,15,,110,94,25,,129,73,204,89,,107,428,37,,,,217,162,,619,111,,110,167,12,,,,,,,,,,,,,,,,,,,,,,,,,,,,,,,,,,,,,,,,,,,,,,,,,,,,,179,227,87,37,,85,94,,,349,44,61,121,30,140,191,211,199,151,,183,,182,,145,63,,,,,,,,,,,,,,,,,,,,,,,,,,,,,,,,,332,132,86,266,,136,171,,,79,209,293,96,105,,94,29,,292,122,418,247,,,,,,461,457,,,224,,,,,,117,111
2026-09-09T13:35:01+00:00,151,236,,,484,19,,123,187,261,,162,240,237,,,,,,,,409,200,355,219,,56,,,34,1215,29,36,38,,,173,,,,,,,,12,,,,,103,,316,35,,,,18,,,,152,,49,41,,,78,,,,,,177,,,135,203,,,,,,,,,,,29,47,186,92,90,244,48,96,177,28,72,,361,2,,33,24,181,48,124,106,310,,445,194,94,25,132,170,141,791,,1,,3,105,100,594,113,68,474,52,54,243,,,,,,111,,,,,410,,,,,117,135,,,,,,,,,,,,,,,,,,,,287,502,,12,,,537,,273,,93,278,449,992,383,,174,167,52,234,280,401,180,15,,209,15,31,363,,,,,,,,,,295,,,,,,431,,,69,105,,,,,,,,,95,,,,,,,,,,,,,,,,183,228,89,,145,184,152,,355,10,5,392,147,259,347,227,244,366,80,,,220,,,1131,,,,,,124,,,,,,,,,,,,78,12,0,,,,426,,,13,175,235,,,,,,,,,,,,,,,34,,,,,,,,,,,,66,93,,85,39,118,58,109,308,262,,22,148,118,,159,,,,,109,90,28,17,134,,,95,32,106,461,36,135,19,,221,165,60,626,110,,106,168,9,,,,,,,,,,,,,,,,,,,,,,,81,115,39,,,218,,201,297,,,,,,,,,,,38,,,184,,118,106,31,50,181,268,182,246,89,,421,83,103,,,,,,,,,,,,,,,,,,,,,,,,,,,,,,,,,,,,,,,,,,,,,,,,,,,,341,,88,265,18,133,172,71,486,76,,294,,104,,92,31,,290,125,419,,,,,,,459,452,,,229,,113,56,,,113,
2026-09-09T13:40:01+00:00,148,240,,,487,,,,186,263,,164,239,242,,,,,,,92,413,,357,215,,57,,,32,1218,,34,35,152,,176,,,93,133,,118,,13,,,,,101,,322,38,,,,,,,,153,,53,45,68,,77,,10,,,,180,,,134,201,298,64,162,126,106,144,,197,,,,,,,,,,,,,,,,,,,,,,,,,,,,,,,,,,,,,,104,99,595,117,67,478,,59,241,,,,,,114,,,,,412,,,,,115,137,,,,,,,,,,,,,,,,,,,273,290,500,278,,,,542,312,268,,96,,,,,,,,,,,,,18,,213,15,36,373,,,,,,,,,,296,,,,,,436,,,71,102,,,,,,,,,96,,,,,49,,,,,60,,,,,,185,225,,76,147,187,156,,356,17,7,396,138,263,349,228,246,367,82,,128,221,34,,1148,,,,300,,121,,,,,,,,,,,152,83,11,,,,,427,,,12,176,240,,,198,,,,,,,,,,,,36,,,,,,,,,,,,68,95,,84,36,120,,118,315,263,,,150,121,,157,,,16,83,108,92,25,20,140,72,202,102,29,105,467,,134,21,3,224,175,,631,113,,104,169,11,,,,,,,,,,,,,,,,,,,,,,560,80,,41,662,,,,203,,318,,,,,,,,,,39,,,182,66,,104,26,43,185,,,248,90,38,420,86,106,,,,,,,,,,,,,,,,,,,,,,,,,,,,,,,,,,,,,,,,,,,,,,,,,,,,,,,270,17,134,173,70,487,73,211,295,95,,,91,29,61,294,123,421,249,,,,,,,456,,,237,,116,,,,114,110
2026-09-09T13:45:01+00:00,145,243,,,489,16,,126,,,,165,240,,,87,,,,,94,412,201,356,218,,59,,,34,1223,,37,38,149,,172,,,95,135,,116,,12,,,,,104,,323,39,82,,,,,,,,12,57,51,66,232,,,,106,,,182,,,,,,,,,,,,,,322,33,51,184,95,91,258,47,98,,30,79,,,1,47,34,28,184,49,125,,314,44,451,196,101,28,138,169,143,801,19,,452,,,,,,,,,,,,,,,,,,,,,,,,,,,,,,,,,,,,,,,,,,,,,,274,291,503,280,15,,,544,311,265,,86,,451,1001,377,93,182,170,58,238,281,400,189,16,,211,16,34,386,,,,,,,,,,,,,,,,443,,,72,106,,,,,,,,,102,,,,,48,,,,,,,,,,,186,222,88,80,,189,157,,361,21,,401,130,,346,231,248,366,84,,130,,31,,1150,,,,299,,,,,,,,,,,,,150,85,,,,,,425,,,11,177,,,,203,,,,,,,,,,,,37,,,,,,,,,,,,82,96,,82,37,121,56,,,,,23,149,125,44,,,,,82,105,91,22,,143,73,201,109,31,102,503,,,20,,,,,,,,,,,,,,,,,,,,,,,,,,,,,,,,571,81,119,,,,217,,198,,,,,,104,,,,,,40,,,186,68,122,103,32,47,187,269,183,263,93,37,426,87,114,53,74,357,50,58,,36,141,202,200,202,152,,180,,184,,146,69,,,,,,,,,,,,,,,,,,,,,,,,,,,,,,,,,347,131,89,281,16,138,174,68,488,69,,296,,103,,94,25,63,293,122,,,,,,,,460,454,,,234,,117,,,,108,
2026-09-09T13:50:02+00:00,144,246,56,,,18,,125,190,262,,167,241,236,,,,,,,93,,200,362,224,,57,,,32,1225,,40,,,,173,,,,134,,117,,13,,,,,,,329,,,,33,19,,,,155,,60,53,,233,78,,,107,,,184,,,132,204,292,66,163,122,113,150,,198,,323,29,63,187,,92,267,,101,,38,88,,370,,50,37,31,185,39,124,105,325,45,464,209,105,40,139,170,146,812,,,454,7,108,101,597,119,73,480,,67,237,,,,,,106,,,,,417,,,,,119,141,,,,,,,,,,,,,,,,,,,272,296,504,285,16,,,554,,266,,,,,,,,,,,,,,,17,,,15,38,384,,,,,,,,,,,,,,,,441,,1,71,107,,,,,,,,,103,,,,,43,,,,,,,,,,,188,225,82,,144,190,158,,366,22,,,127,261,356,234,256,363,86,,128,222,35,,1154,,,,304,,,,,,,,,,,,,152,83,,,,,,428,,,,174,236,,,202,,,,,,,,,,,,33,,,,,,,,,,,,,99,25,83,41,123,57,,320,261,,,154,129,,158,,,,84,104,93,23,19,147,,198,115,32,104,518,,133,17,,226,,59,653,121,,105,172,2,,,,,,,,,,,,,,,,,,,,,,578,,121,,663,,215,,197,295,,,,,,,,,,,41,,,189,,121,107,37,52,191,268,185,268,96,42,433,90,116,,,,,,,,,,,,,,,,,,,,,,,,,,,,,,,,,,,,,,,,,,,,,,,,,,,,348,132,90,,,140,180,67,486,64,214,,,,,95,,66,294,124,420,250,,,,,,462,,,,240,,122,55,,,110,
2026-09-09T13:55:01+00:00,138,247,55,,491,20,,129,191,263,,169,242,240,,,,,,,92,413,205,360,227,,59,,,30,1229,28,42,37,147,,169,,,94,,,116,,12,,,,,105,,330,37,,,34,,9,,,158,,64,55,,,77,,,108,,,183,,,,,,,,,,,,,,,,,,,,,,,,,,,,,,,,,,,,,,,,,,,,,,,,,,,,,,,,,,,,,,,,,,,,,,,,,,,,,,,,,,,,,,,,,,,,,,,299,508,291,21,,,562,310,269,,91,,449,1005,,,,166,,237,282,,184,18,,209,15,44,399,,,,,,,,,,,,,,,,437,,0,70,106,,,,,,,,,101,,,,,42,,,,,61,,,,,,,224,79,82,141,,164,,362,24,,398,132,264,352,236,,361,87,,127,218,33,,1159,,,,303,,120,,,,,,,,,,,147,82,12,,,,,427,,,,179,240,,,,,,,,,,,,,,,,,,,,,,,,,,,88,,27,81,43,125,58,124,325,252,,24,,,,157,,,,,101,91,24,,157,70,199,119,37,,537,35,,19,9,225,176,58,649,119,,,,7,,,,,,,,,,,,,,,,,,,,,,584,,118,,660,,216,,198,294,320,,,,,,,,,,,,,185,66,124,,36,44,194,270,186,262,99,47,439,88,117,,,,,,,,,,,,,,,,,,,,,,,,,,,,,,,,,,,,,,,,,,,,,,,,,,,,351,133,,276,15,139,181,68,483,66,223,,,101,,99,,,,128,422,249,,,,,,465,,,,253,,121,58,,,,
2026-09-09T14:00:02+00:00,135,248,,,492,18,,124,199,,,170,238,237,,86,,,,,,410,212,358,220,,61,,,27,1228,29,40,36,,,171,,,98,,,118,,,,,,,106,,335,39,,,,,10,,,159,,63,58,65,,80,1,,109,,,181,,,131,202,298,70,164,119,116,151,,,,,32,62,190,98,94,277,44,104,178,40,97,,,,53,,,187,35,,104,328,47,,213,,42,136,173,151,818,,,455,8,,,,,,,,,,,,,,,107,,,,,420,,,,,122,,,,,,,,,,,,,,,,,,,,271,305,511,293,,,,572,,267,,94,,,,,,,,,,,,,20,,211,16,,404,,,,,,,,,,297,,,,,,440,,,71,108,,,,,,,,,94,,,,,,,,,,,,,,,,,226,74,83,138,194,161,,363,25,,403,136,270,,241,,363,91,,123,216,35,,1174,,,,305,,,,,,,,,,,,,146,85,,,,,,428,,,,181,243,,,205,,,,,,,,,,,,,,,,,,,,,,,,84,101,,,40,124,,123,332,258,,,152,132,45,161,,,17,85,,87,,,161,74,203,120,40,106,543,34,134,,11,,170,59,663,113,,107,176,9,,,,,,,,,,,,,,,,,,,,,,587,80,115,46,654,,217,,190,293,321,,,,,,,,,,42,,,184,,123,108,30,48,195,271,,266,,41,442,87,121,,69,353,61,54,,39,149,217,192,201,155,,176,,181,,149,67,,,,,,,,,,,,,,,,,,,,,,,,,,,,,,,,,357,130,89,278,,144,,69,480,62,221,298,97,100,,96,24,67,304,129,,,,,,,,464,456,,,252,,123,56,,,113,111
2026-09-09T14:05:01+00:00,136,250,,121,,23,,123,200,262,,174,237,241,,,,,,,91,409,213,359,215,,69,,,28,1226,30,39,,146,,173,,,99,,,120,,15,,,,,105,,337,,,,39,,,,,160,,62,63,,,83,0,,110,,,186,,,132,200,292,72,167,118,113,145,,,,325,37,59,194,,96,279,41,105,180,41,103,,371,,,40,35,,32,,105,331,41,460,219,107,45,141,175,147,821,,2,457,11,,,,,,,,,,,,,,,109,,,,,422,,,,,,143,,,,,,,,,,,,,,,,,,,269,318,512,,23,,,577,,266,,99,,,1013,379,90,181,162,60,240,,396,188,23,,214,15,45,400,,,,,,,,,,,,,,,,,,,74,105,,,,,,,,,92,,,,,,,,,,,,,,,,187,234,72,,137,192,149,,360,24,,401,,,,242,,364,92,,129,214,32,,1185,,,,308,,121,,,,,,,,,,,147,90,11,2,,,,,,,,180,245,,,204,,,,,,,,,,,,35,,,,,,,,,,,,,,25,79,42,,59,125,345,,,25,153,135,,,,,,84,102,,22,18,170,80,207,123,44,108,579,,135,20,,,,,,,,,,,,,,,,,,,,,,,,,,,,,,,,,,114,49,652,,216,,188,294,326,,,,103,,,,,,45,,,,68,131,109,39,47,196,272,193,273,97,42,447,,,,,,,,,,,,,,,,,,,,,,,,,,,,,,,,,,,,,,,,,,,,,,,,,,,,,,,131,,279,16,,180,68,482,56,226,296,99,101,,94,25,,,131,419,,,,,,,468,463,,,253,,124,57,,,111,
2026-09-09T14:10:02+00:00,137,253,,120,488,25,,125,201,,,171,,238,,87,,,,,98,,211,355,222,,70,,,27,1233,,36,35,145,,174,,,101,,,,,14,,,,,106,,339,40,,,41,18,,,,161,,59,67,64,,82,,,,,,,,,130,201,,,,,,,,,,,,,,,,,,,,,,,,,,,,,,,,,,,,,,,,,,,,,,,,,,,,,,,,,,,,,,,,,,,,,,,,,,,,,,,,,,,,,,,,,,268,327,511,,,,,,,261,,98,,,1020,381,92,191,160,,241,,397,190,22,,212,15,48,406,,,,,,,,,,298,,,,,,441,,,,109,,,,,,,,,94,,,,,40,,,,,,,,,,,,239,70,,135,198,148,,,,8,400,,275,364,245,260,369,95,,135,222,34,,1199,,,,306,,120,,,,,,,,,,,,85,13,3,,,,,,,12,182,243,,,203,,,,,,,,,,,,,,,,,,,,,,,,80,100,28,80,39,123,,130,353,261,,26,154,136,,163,,,18,85,104,,24,16,175,84,205,129,50,106,605,35,134,21,15,,194,60,672,112,,104,178,6,,,,,,,,,,,,,,,,,,,,,,588,,,,648,,218,,199,296,333,,,,102,,,,,,42,,,188,74,139,106,44,52,194,,196,284,107,,453,88,124,,,,,,,,,,,,,,,,,,,,,,,,,,,,,,,,,,,,,,,,,,,,,,,,,,,,365,,90,277,18,145,179,67,486,58,,297,100,107,,,22,65,300,134,417,247,,,,,,,465,,,260,,,59,,,,
2026-09-09T14:15:02+00:00,,254,,,486,28,,127,199,263,,,234,245,,89,,,,,99,413,217,356,219,,72,,,30,1238,31,42,34,146,,180,,,,133,,123,,15,,,,,,,340,,83,,40,19,,,,,,62,73,63,234,83,,,,,,191,,,128,205,290,79,173,129,116,147,,,,327,36,57,192,99,101,297,37,121,182,44,108,,370,1,54,44,37,191,39,,106,450,40,454,225,109,55,150,174,146,834,,1,,13,105,108,612,122,82,477,52,70,250,,,,,,110,,,,,430,,,,,125,142,,,,,,,,,,,,,,,,,,,270,338,514,297,21,,,582,309,259,,105,328,448,1167,403,93,197,182,,280,303,455,214,29,,215,15,49,417,,,,,,,,,,,,,,,,444,,,77,106,,,,,,,,,97,,,,,,,,,,,,,,,,,240,65,88,,202,147,,357,31,,399,146,277,379,252,263,371,97,,138,228,,,1213,,,,308,,121,,,,,,,,,,,148,88,15,5,,,,431,,,13,,246,,,201,,,,,,,,,,,,,,,,,,,,,,,,87,101,29,81,41,121,,132,356,262,,29,155,139,,164,,,,,106,85,27,,180,83,206,135,52,105,624,,133,22,20,227,197,62,667,114,,101,177,,,,,,,,,,,,,,,,,,,,,,,,,,,,,,,,,,,,,,,,,,,,,,,,,,,,,,197,290,113,45,456,87,129,50,71,360,66,,122,38,143,226,200,207,158,,172,,184,,154,83,,,,,,,,,,,,,,,,,,,,,,,,,,,,,,,,,369,,,282,16,,,68,487,57,229,296,,108,,92,19,67,302,135,413,248,,,,,,470,,,,261,,123,61,,,112,113
2026-09-09T14:20:01+00:00,136,260,,,495,29,,119,203,268,,168,,240,,88,,,,,103,414,216,360,221,,,,,29,1241,32,43,33,144,,183,,,102,135,,124,,20,,,,,108,,,41,,,,20,,,,160,13,60,74,,,,1,11,109,,,184,,,126,204,,,,,,,,,,329,38,68,204,104,106,305,36,128,187,46,120,,373,11,57,48,45,188,50,126,108,466,42,459,236,111,60,154,181,159,849,,2,459,14,,,,,,,,,,,,,,,,,,,,,,,,,,,,,,,,,,,,,,,,,,,,,275,350,517,295,17,,,586,,261,,102,,447,1172,406,,199,,61,281,307,454,213,35,,,16,44,425,,,,,,,,,,,,,,,,452,,,76,107,,,,,,,,,96,,,,,,,,,,62,,,,,,,248,64,,137,206,146,,,,9,402,147,,389,263,269,373,100,,147,223,31,,1227,,,,309,,,,,,,,,,,,,143,92,18,,,,,430,,,,,250,,,205,,,,,,,,,,,,37,,,,,,,,,,,,90,102,,79,42,118,60,136,367,260,,33,,140,,,,,,86,109,89,30,17,193,85,205,140,48,107,645,36,135,23,,,,,,,,,,,,,,,,,,,,,,,,,,,,,,,,593,,110,46,645,,225,,196,292,336,,,,,,,,,,41,,,186,76,145,100,49,48,200,279,,,,,,,,,,,,,,,,,,,,,,,,,,,,,,,,,,,,,,,,,,,,,,,,,,,,,,,,,,,375,130,,283,20,153,,67,486,,,,,,,90,20,,299,136,411,244,,,,,,468,462,,,265,,128,59,,,106,114
2026-09-09T14:20:02+00:00,,,,,,,,,,,,,,,,,,,,,,,,,,,,,,,,,,,,,,,,,,,,,,,,,,,,,,,,,,,,,,,,,,,,,,,,,,,,,,,,,,,,,,,,,,,,,,,,,,,,,,,,,,,,,,,,,,,,,,,,,,,,,,,,,,,,,,,,,,,,,,,,,,,,,,,,,,,,,,,,,,,,,,,,,,,,,,,,,,,,,,,,,,,,,,,,,,,,,,,,,,,,,,,,,,,,,,,,,,,,,,,,,,,,,,,,,,,,,,,,,,,,,,,,,,,,,,,,,,,,,,,,,,,,,,,,,,,,,,,,,,,,,,,,,,,,,,,,,,,,,,,,,,,,,,,,,,,,,,,,,,,,,,,,,,,,,,,,,,,,,,,,,,,,,,,,,,,19,228,196,,670,110,,,178,,,,,,,,,,,,,,,,,,,,,,,,,,,,,,,,,,,,,,,,,,,,,,,,,,,,,,198,305,112,43,455,90,133,,,,,,,,,,,,,,,,,,,,,,,,,,,,,,,,,,,,,,,,,,,,,,,,,,,,,,,,,,,,,,,,,,,,,,,,,,,,,,,,,,,,,,,,,,
2026-09-09T14:25:02+00:00,135,262,,121,494,,,128,206,270,,169,231,,,91,,,,,101,411,224,358,219,,71,,,28,1250,,41,36,145,,185,,,103,136,,123,,,,,,,107,,342,40,85,,,24,,,,161,16,57,72,62,,85,,,,,,178,,,,201,298,73,172,140,114,143,,,,,,,,,,,,,,,,,,,,,,,,,,,,,,,,,,,,,,,,102,105,621,124,85,476,,67,284,,,,,,101,,,,,439,,,,,126,143,,,,,,,,,,,,,,,,,,,,360,,303,12,,,592,311,268,,107,330,448,1180,408,92,202,181,,,306,,212,39,,209,16,46,428,,,,,,,,,,,,,,,,,,,,105,,,,,,,,,97,,,,,42,,,,,,,,,,,,239,61,,,202,147,,356,35,,408,143,275,398,268,268,370,103,,,230,,,1228,,,,314,,120,,,,,,,,,,,147,91,,,,,,434,,,,180,,,,209,,,,,,,,,,,,36,,,,,,,,,,,,93,101,27,76,43,114,,138,376,262,,32,153,,,,,,,87,112,85,27,,195,89,,145,47,108,659,35,,26,23,229,198,,661,118,,103,180,13,,,,,,,,,,,,,,,,,,,,,,596,78,108,47,,,229,,189,291,337,,,,,,,,,,40,,,188,77,150,95,54,49,201,281,201,322,114,45,447,88,139,,,,,,,,,,,,,,,,,,,,,,,,,,,,,,,,,,,,,,,,,,,,,,,,,,,,383,132,87,287,,150,185,68,487,56,,296,,110,,85,13,,293,135,410,,,,,,,467,463,115,,268,,126,,,,108,
2026-09-09T14:30:01+00:00,131,265,,,497,28,,126,202,271,,168,228,233,,,,,,,102,413,229,357,222,,72,,,25,1248,31,40,32,146,,,,,106,138,,,,22,,,,,,,345,41,,,,22,11,,,,,54,,,,86,,,,,,177,,,,200,293,78,177,138,111,,,,,330,39,72,211,,105,310,34,131,188,45,134,,374,15,,49,51,190,55,,107,473,44,458,238,113,61,148,183,161,858,,,460,,,109,614,126,90,474,53,62,294,,,,,,,,,,,,,,,,,,,,,,,,,,,,,,,,,,,,278,364,520,310,14,,,597,312,272,,112,,450,1182,407,91,203,179,62,282,307,459,210,47,,211,15,44,435,,,,,,,,,,,,,,,,451,,,,,,,,,,,,,100,,,,,,,,,,,,,,,,189,245,60,90,140,201,152,,357,36,,405,147,281,409,276,273,372,107,,149,232,33,,1242,,,,319,,118,,,,,,,,,,,,90,15,6,,,,436,,,14,184,249,,,212,,,,,,,,,,,,38,,,,,,,,,,,,98,,,72,42,113,58,141,379,259,35,31,155,143,,167,,,19,86,114,88,24,20,200,95,207,155,,110,678,,134,,,,,,,,,,,,,,,,,,,,,,,,,,,,,,,,,,,,,,,,,,,,,,,,,,,,,,,,,,,,,,,,200,324,118,,451,89,136,55,70,363,69,65,123,35,,241,202,221,,,171,,200,,151,89,,,,,,,,,,,,,,,,,,,,,,,,,,,,,,,,,389,129,86,,,154,188,67,485,,,,,119,,89,16,,,136,408,243,,,,,,470,464,,,269,,124,60,,,,113
2026-09-09T14:35:01+00:00,,266,,,,25,,129,,269,,171,,236,,89,,,,,101,417,233,358,224,,70,,,24,1246,32,47,30,147,,,,,107,139,,,,21,,,,,108,,347,,,,35,24,12,,,160,18,,74,61,,88,0,,,,,178,,,127,199,,,,,,,,,,331,36,77,218,107,112,300,32,138,200,54,140,,377,8,59,51,59,194,57,127,113,486,45,,246,,66,158,,169,869,,,464,17,,,,,,,,,,,,,,,96,,,,,,,,,,,149,,,,,,,,,,,,,,,,,,,279,,518,312,12,,,602,314,,,109,329,452,1184,406,92,202,178,,,308,460,208,,,210,15,41,437,,,,,,,,,,297,,,,,,452,,,79,108,,,,,,,,,101,,,,,43,,,,,64,,,,,,190,255,59,89,142,203,148,,353,37,10,402,142,283,415,278,276,,110,,150,236,36,,1247,,,,316,,120,,,,,,,,,,,143,,17,10,,,,437,,,15,183,254,,,217,,,,,,,,,,,,40,,,,,,,,,,,,,100,29,70,45,111,,153,378,257,,,156,144,,,,,,87,,82,,21,201,101,211,159,,,682,36,136,,22,231,190,,655,120,,,179,24,,,,,,,,,,,,,,,,,,,,,,591,,109,46,,,,,188,,,,,,,,,,,,,,,187,78,151,96,55,53,204,280,199,334,123,,446,90,135,,,,,,,,,,,,,,,,,,,,,,,,,,,,,,,,,,,,,,,,,,,,,,,,,,,,399,132,,286,23,158,196,70,482,50,228,,100,123,,,17,,289,135,403,245,,,,,,,,115,,272,,120,58,,,105,112
2026-09-09T14:40:01+00:00,132,269,,123,495,20,,127,201,270,,169,227,234,,90,,,,,102,423,236,362,220,,71,,,,,31,50,,,,187,,,109,141,,,,24,,,,,110,,348,43,86,,36,,11,,,,,52,77,,233,,,,,,,173,,,,200,292,82,178,139,110,140,,,,334,39,79,221,109,113,306,,143,201,56,146,,378,7,,50,,202,60,,114,499,,455,247,114,71,162,185,173,875,,,470,20,105,101,627,131,112,473,55,61,315,,,,,,,,,,,,,,,,,,,,,,,,,,,,,,,,,,,,,366,517,320,11,,,610,312,269,,116,,,,,,,,,,,,,49,,203,16,44,444,,,,,,,,,,296,,,,,,449,,,81,105,,,,,,,,,102,,,,,42,,,,,,,,,,,,258,57,94,143,201,153,,352,35,11,407,139,286,,286,284,370,,,152,235,39,,,,,,315,,,,,,,,,,,,,140,92,,8,,,,,,,16,182,258,,,,,,,,,,,,,,,38,,,,,,,,,,,,101,101,32,68,41,109,,156,384,255,,32,155,145,,166,,,,86,,80,22,20,205,102,213,161,49,112,693,,,27,24,230,198,60,659,121,,,,26,,,,,,,,,,,,,,,,,,,,,,587,,110,47,646,,233,,183,293,340,,,,101,,,,,,39,,,185,80,155,98,59,54,208,285,203,341,,42,436,93,136,,,,,,,,,,,,,,,,,,,,,,,,,,,,,,,,,,,,,,,,,,,,,,,,,,,,403,,87,290,26,160,202,72,481,57,224,295,,122,,88,15,65,288,,407,247,,,,,,469,463,,,274,,118,60,,,102,111
2026-09-09T14:45:01+00:00,135,272,,,,15,,131,197,273,,170,229,238,,87,,,,,97,426,240,361,223,,69,,,21,1254,,47,33,150,,190,,,114,142,,124,,,,,,,105,,351,42,87,,31,,12,,,162,19,54,74,,,90,,,,,,172,,,128,199,,,,,,,,,,,,,,,,,,,,,,,,,,,,,,,,,,,,,,,,,,,,,,,,,,,,,,,,,,,,93,,,,,447,,,,,120,150,,,,,,,,,,,,,,,,,,,,375,520,324,14,,,616,,272,,123,332,455,1191,393,94,207,177,63,284,,463,,54,,208,16,,455,,,,,,,,,,,,,,,,452,,,82,,,,,,,,,,,,,,,,,,,,,,,,,,191,271,56,95,148,203,158,,356,,,404,141,294,428,290,286,368,,,157,236,35,,1257,,,,317,,119,,,,,,,,,,,136,87,16,,,,,436,,,,185,266,,,218,,,,,,,,,,,,40,,,,,,,,,,,,,,29,71,,106,59,153,380,,,31,,149,,167,3,,20,87,121,79,23,21,214,104,208,162,50,110,707,,137,28,25,232,191,59,653,132,,102,,29,,,,,,,,,,,,,,,,,,,,,,595,79,111,49,641,,236,,185,296,339,,,,100,,,,,,42,,,186,,163,102,66,55,215,287,202,344,125,40,441,92,137,,,,,,,,,,,,,,,,,,,,,,,,,,,,,,,,,,,,,,,,,,,,,,,,,,,,413,131,86,303,29,164,206,71,477,55,217,297,98,,,87,20,64,292,134,409,248,,,,,,,459,116,,272,,119,57,,,100,110
2026-09-09T14:50:02+00:00,134,,,124,496,,,135,190,274,,169,226,234,,88,,,,,101,429,242,,219,,70,,,20,1258,,44,,,,191,,,115,141,,126,,22,,,,,108,,352,,86,,,25,,,,164,,53,78,59,,,,12,108,,,170,,,127,200,288,78,193,143,115,146,,,,335,38,82,225,113,114,304,34,146,203,59,152,,377,12,60,52,61,204,57,,117,503,46,456,,115,75,163,183,174,876,,,471,21,104,99,630,129,132,469,,64,319,,,,,,99,,,,,448,,,,,119,149,,,,,,,,,,,,,,,,,,,278,382,523,325,13,,,625,311,282,,126,,,,,,,,,,,,,56,,206,16,43,462,,,,,,,,,,,,,,,,,,,,104,,,,,,,,,,,,,,,,,,,,,,,,,189,277,55,,,204,164,,359,39,,402,140,302,,292,292,367,109,,159,239,34,,1259,,,,318,,121,,,,,,,,,,,,90,,,,,,,,,,184,269,,,224,,,,,,,,,,,,42,,,,,,,,,,,,104,102,30,,40,105,,155,,249,36,30,157,151,44,172,,,,85,,80,18,,218,109,209,166,47,,712,,136,31,26,,196,,650,131,,103,,28,,,,,,,,,,,,,,,,,,,,,,592,78,115,,638,,238,,,291,342,,,135,,,,,,,40,,,188,81,166,101,71,54,218,286,,354,135,,450,,135,57,71,366,75,66,126,34,141,242,197,223,159,,165,,202,,156,85,,,,,,,,,,,,,,,,,,,,,,,,,,,,,,,,,421,132,,301,30,163,209,72,476,46,219,296,100,121,,88,18,66,296,133,412,246,,,,,,,462,,,273,,,59,,,114,111
2026-09-09T14:55:02+00:00,136,273,,,497,12,,132,196,276,,,227,,,,,,,,,428,245,362,223,,,,,21,,32,43,32,148,,192,,,,144,,,,,,,,,107,,354,,88,,30,,,,,,,52,84,,,91,3,13,,,,168,,,129,,,,,,,,,,,336,39,78,230,116,115,311,35,147,205,62,159,,378,9,61,54,65,207,,128,,510,,460,253,,79,172,,177,880,,3,472,23,,,,,,,,,,,,,,,,,,,,,,,,,,,,,,,,,,,,,,,,,,,,,280,381,526,328,9,,,645,,288,,139,,459,1198,373,93,204,174,66,287,311,465,202,60,,208,16,46,477,,,,,,,,,,,,,,,,455,,,80,105,,,,,,,,,103,,,,,,,,,,63,,,,,,188,284,51,99,150,,172,,358,37,12,396,138,306,426,300,,365,,,153,240,35,,1262,,,,320,,123,,,,,,,,,,,141,,18,5,,,,435,,,,183,273,,,220,,,,,,,,,,,,,,,,,,,,,,,,108,,,70,42,,61,156,381,248,37,29,158,150,,175,,,19,,,79,21,20,221,116,212,168,49,,718,,134,,,234,198,58,648,133,,102,,,,,,,,,,,,,,,,,,,,,,,,,79,118,50,634,,239,,177,292,344,,,,99,,,,,,37,,,190,80,164,102,59,62,231,287,199,371,,50,440,,133,,,,,,,,,,,,,,,,,,,,,,,,,,,,,,,,,,,,,,,,,,,,,,,,,,,,429,134,87,300,,165,203,75,487,43,216,295,98,117,,87,,65,297,136,413,249,,,,,,473,466,,,271,,,58,,,123,112
2026-09-09T15:00:01+00:00,137,275,56,,496,10,,130,195,278,,170,222,238,,87,,,,,102,,252,357,224,,72,,,22,1259,,44,35,147,,193,,,113,143,,127,,24,,,,,106,,,,,,32,,11,,,167,20,53,82,,,,4,15,,,,165,,,,198,285,77,198,,,152,,196,,338,40,89,245,119,122,324,29,151,,71,165,,381,11,62,58,73,216,63,127,120,527,45,457,268,,92,178,188,179,889,,2,,26,107,101,642,131,170,470,,67,334,,,,,,90,,,,,453,,,,,123,147,,,,,,,,,,,,,,,,,,,282,383,525,333,11,,,657,,280,,144,,,,,,,,,,,,,61,,200,16,45,474,,,,,,,,,,297,,,,,,464,,,79,103,,,,,,,,,104,,,,,41,,,,,62,,,,,,187,281,50,102,151,203,,,,,13,397,139,310,424,303,294,369,110,,157,250,34,,,,,,,,121,,,,,,,,,,,144,,16,,,,,437,,,,179,272,,,,,,,,,,,,,,,,,,,,,,,,,,,109,104,,67,39,,,,386,249,,,159,,,,,,18,86,122,,18,19,226,118,215,,50,111,729,,,30,33,237,203,59,628,148,,103,180,31,,,,,,,,,,,,,,,,,,,,,,,,,,,,,,,,,,,,,,,,,,,,,,,,,,,,,,385,139,52,449,94,137,,,,,,,,,,,,,,,,,,,,,,,,,,,,,,,,,,,,,,,,,,,,,,,,,,,,438,,,297,31,163,205,,486,,211,297,,119,,89,19,62,298,135,409,247,,,,,,474,465,117,,,,121,56,,,127,115
2026-09-09T15:05:01+00:00,134,,,,,7,,129,198,279,,172,228,250,,86,,,,,100,,253,359,220,,76,,,,1263,,42,34,,,191,,,116,141,,130,,,,,,,105,,357,,,,,24,12,,,168,,55,86,58,,,5,14,,,,156,,,127,196,284,81,199,138,113,156,,,,,,,,,,,,,,,,,,,,,,,,,,,,,,,,,,,,,,,,,,,,,,,,,,,,,,,,,,,,,,,,,,,,,,,,,,,,,,,,,,,,281,387,524,340,10,,,672,,,,145,384,464,1222,379,99,208,,67,290,313,481,208,64,,202,16,46,485,,,,,,,,,,,,,,,,468,,,77,100,,,,,,,,,,,,,,,,,,,,,,,,,186,280,49,101,,205,171,,362,34,,402,145,,426,304,295,372,109,,162,,32,,1263,,,,323,,,,,,,,,,,,,147,88,17,4,,,,,,,,180,279,,,225,,,,,,,,,,,,46,,,,,,,,,,,,103,106,31,65,40,,63,,389,256,,,,147,43,178,,,17,87,123,,20,21,230,,214,169,48,112,735,,132,,,,,,,,,,,,,,,,,,,,,,,,,,,,,,,,,601,78,122,51,623,,,,182,287,343,,,,98,,,,,,39,,,201,84,166,106,53,68,237,286,200,393,,,440,95,138,,78,370,76,,121,29,135,241,188,237,164,,161,,214,,158,81,,,,,,,,,,,,,,,,,,,,,,,,,,,,,,,,,445,137,,294,32,,207,,484,,210,300,99,122,,86,21,64,296,136,408,248,,,,,,473,503,,,273,,123,52,,,132,
2026-09-09T15:10:01+00:00,137,279,,,,8,,128,202,284,,,231,252,,88,,,,,,429,258,357,223,,77,,,23,1267,,43,33,149,,189,,,117,144,,129,,25,,,,,108,,,,,,31,,,,,,21,,88,59,,,8,15,107,,,,,,126,197,,,,,,,,,,340,38,92,249,122,123,332,30,152,206,77,182,,380,15,63,59,72,219,64,128,,536,47,,,,93,175,,184,885,,,471,25,,103,651,,190,,56,72,340,,,,,,91,,,,,459,,,,,121,142,,,,,,,,,,,,,,,,,,,283,388,523,343,7,,,683,313,277,,158,,466,1229,376,,216,172,69,,314,487,202,63,,203,16,49,491,,,,,,,,,,,,,,,,,,,75,101,,,,,,,,,,,,,,,,,,,,,,,,,185,284,48,100,156,207,173,,,,,404,149,315,431,305,299,375,110,,166,252,33,,1262,,,,,,,,,,,,,,,,,146,85,15,3,,,,438,,,17,179,283,,,,,,,,,,,,,,,47,,,,,,,,,,,,104,,32,66,39,,65,,392,259,,30,,,,179,,,,,,77,17,20,,119,213,,45,114,736,,,28,38,,200,,642,165,,109,182,33,,,,,,,,,,,,,,,,,,,,,,,,,,,,,,,,,,,,,,,,,,,,,,,,,,,,,208,403,148,55,438,97,139,,,,,,,,,,,,,,,,,,,,,,,,,,,,,,,,,,,,,,,,,,,,,,,,,,,,446,138,89,296,37,,209,77,489,49,,,98,119,,,18,65,294,138,,,,,,,,474,502,,,275,,126,,,,135,
2026-09-09T15:15:01+00:00,140,280,,,503,5,,122,,286,,176,230,246,,,,,,,102,431,260,359,229,,,,,,1266,,42,,148,,191,,,115,,,128,,24,,,,,,,356,,87,,29,26,,,,169,22,59,94,,,90,9,,,,,164,,,127,196,,87,207,140,112,153,,194,,342,42,98,262,127,125,340,28,158,207,86,192,,387,12,67,60,82,230,70,129,122,554,50,,267,117,103,182,186,190,901,,,474,33,,,,,,,,,,,,,,,87,,,,,465,,,,,126,,,,,,,,,,,,,,,,,,,,280,393,,345,10,,,698,,281,,164,,465,1233,374,,217,171,,289,,489,203,67,,204,16,48,502,,,,,,,,,,,,,,,,,,,,102,,,,,,,,,106,,,,,42,,,,,,,,,,,184,283,47,,160,,181,,365,35,14,410,146,321,436,308,301,380,114,,167,254,32,,1261,,,,326,,,,,,,,,,,,,147,88,,2,,,,439,,,18,181,284,,,223,,,,,,,,,,,,49,,,,,,,,,,,,105,,31,67,43,,66,164,397,258,,34,162,150,44,182,,,18,88,128,,20,22,232,122,220,171,,113,740,,131,,39,243,206,,648,173,,,183,42,,,,,,,,,,,,,,,,,,,,,,,79,124,55,613,,241,,188,285,342,,,,,,,,,,,,,205,83,168,107,61,72,242,288,206,400,151,,444,96,141,,,,,,,,,,,,,,,,,,,,,,,,,,,,,,,,,,,,,,,,,,,,,,,,,,,,463,140,87,291,42,175,215,78,491,46,,302,96,,,84,,61,289,137,,249,,,,,,475,,,,273,,129,55,,,140,117
2026-09-09T15:20:01+00:00,141,282,,,,,,118,206,289,,174,232,239,,,,,,,105,428,256,355,228,,76,,,22,1255,29,44,34,,,194,,,118,145,,,,,,,,,110,,357,,86,,27,27,10,,,170,21,,97,,,89,12,,,,,159,,,125,197,,,,,,,,,,,,,,,,,,,,,,,,,,,,,,,,,,,,,,,,,,,,,,108,97,663,138,201,471,,74,348,,,,,,,,,,,,,,,,,,,,,,,,,,,,,,,,,,,,281,395,525,,16,,,714,314,279,,173,,,,,,,,,,,,,70,,202,16,51,516,,,,,,,,,,,,,,,,474,,,77,105,,,,,,,,,112,,,,,43,,,,,61,,,,,,,282,45,,165,,180,,367,38,,408,144,323,440,312,303,383,115,,168,255,36,,1257,,,,325,,120,,,,,,,,,,,148,90,16,,,,,444,,,,180,283,,,227,,,,,,,,,,,,48,,,,,,,,,,,,104,,,,46,,65,168,402,261,,,,,,,,,,87,129,75,19,,234,121,219,172,48,118,745,,,29,,,,,,,,,,,,,,,,,,,,,,,,,,,,,,,,604,80,,,612,,249,,201,281,,,,,97,,,,,,38,,,209,81,173,106,60,77,246,,,,,,,,,56,79,371,78,68,127,33,,243,190,234,166,,157,,222,,157,77,,,,,,,,,,,,,,,,,,,,,,,,,,,,,,,,,476,,,294,41,171,,,492,45,222,304,95,120,,86,17,62,294,136,414,248,,,,,,478,,,,269,,130,56,,,141,118
2026-09-09T15:20:02+00:00,,,,,,,,,,,,,,,,,,,,,,,,,,,,,,,,,,,,,,,,,,,,,,,,,,,,,,,,,,,,,,,,,,,,,,,,,,,,,,,,,,,,,,,,,,,,,,,,,,,,,,,,,,,,,,,,,,,,,,,,,,,,,,,,,,,,,,,,,,,,,,,,,,,,,,,,,,,,,,,,,,,,,,,,,,,,,,,,,,,,,,,,,,,,,,,,,,,,,,,,,,,,,,,,,,,,,,,,,,,,,,,,,,,,,,,,,,,,,,,,,,,,,,,,,,,,,,,,,,,,,,,,,,,,,,,,,,,,,,,,,,,,,,,,,,,,,,,,,,,,,,,,,,,,,,,,,,,,,,,,,,,,,,,,,,,,,,,,,,,,,,,,,,,,,,,,,,,,,,,,,,,,,,,,,,,,,,,,,,,,,,,,,,,,,,,,,,,,,,,,,,,,,,,,,,,,,,,,,205,406,156,,443,95,150,,,,,,,,,,,,,,,,,,,,,,,,,,,,,,,,,,,,,,,,,,,,,,,,,,,,,,,,,,,,,,,,,,,,,,,,,,,,,,,,,,,,,,,,,,
2026-09-09T15:25:02+00:00,,283,55,,499,1,,116,209,,,171,230,247,,,,,,,106,,258,359,225,,75,,,,1257,,45,,149,,189,,,122,143,,129,,30,,,,,112,,353,,85,,23,26,11,,,173,22,61,,,,,14,,109,,,161,,,,190,278,95,,139,111,155,,195,,,40,100,266,128,129,347,24,160,208,90,200,,389,9,69,,87,229,75,,,567,49,478,268,,109,,,197,905,,,,34,,,,,,,,,,,,,,,89,,,,,470,,,,,129,,,,,,,,,,,,,,,,,,,,,399,526,349,18,,,728,313,284,,181,,466,1246,365,105,231,180,75,292,320,490,212,69,,208,16,53,519,,,,,,,,,,,,,,,,471,,,76,,,,,,,,,,111,,,,,42,,,,,60,,,,,,,288,43,97,173,208,189,,366,39,,413,143,330,439,315,309,382,,,169,253,39,,,,,,328,,123,,,,,,,,,,,149,91,15,,,,,,,,,172,288,,,222,,,,,,,,,,,,47,,,,,,,,,,,,,104,32,69,47,115,66,179,407,257,,,163,149,,181,,,,88,132,77,29,23,237,118,,175,52,122,749,34,136,30,45,242,210,60,671,161,,111,185,45,,,,,,,,,,,,,,,,,,,,,,602,,,56,611,,256,,203,279,343,,,,95,,,,,,40,,,210,75,181,,55,74,253,,209,412,160,64,447,93,,,,,,,,,,,,,,,,,,,,,,,,,,,,,,,,,,,,,,,,,,,,,,,,,,,,,486,,84,296,42,167,218,80,497,42,219,,94,118,,84,18,,290,137,413,249,,,,,,477,505,,,263,,133,51,,,,117
2026-09-09T15:30:02+00:00,145,286,56,125,,3,,109,206,292,,173,233,,,87,,,,,107,430,,360,218,,,,,,1262,,48,30,147,,,,,124,142,,130,,31,,,,,,,351,,,,24,,,,,174,,56,100,58,234,91,,,,,,,,,,185,,,,,,,,,,347,44,98,274,130,131,361,,162,,94,205,,391,18,70,,93,231,,128,127,578,52,,,,113,192,187,198,902,,,473,35,109,95,678,142,217,469,,75,360,,,,,,,,,,,,,,,,,,,,,,,,,,,,,,,,,,,,280,403,525,355,21,,,753,311,287,,183,,,,,,,,,,,,,75,,204,16,49,527,,,,,,,,,,,,,,,,468,,,78,,,,,,,,,,112,,,,,41,,,,,61,,,,,,185,286,42,95,174,,194,,360,38,,414,,336,436,318,307,383,118,,170,251,40,,1258,,,,336,,122,,,,,,,,,,,148,88,11,4,,,,,,,16,167,292,,,223,,,,,,,,,,,,52,,,,,,,,,,,,100,106,30,65,,,67,177,410,264,,,165,,45,180,,,,86,134,84,31,24,240,119,220,176,55,121,752,,137,,42,,211,,679,160,,110,,38,,,,,,,,,,,,,,,,,,,,,,606,81,123,57,607,,261,,208,277,339,,,,,,,,,,,,,,74,182,105,44,69,258,286,,422,165,69,449,92,,,,,,,,,,,,,,,,,,,,,,,,,,,,,,,,,,,,,,,,,,,,,,,,,,,,,500,,83,300,38,169,221,84,498,37,217,305,95,117,,87,19,63,289,138,414,248,,,,,,479,503,118,,261,,143,50,,,142,118
2026-09-09T15:35:01+00:00,150,285,,126,503,5,,,204,294,,169,231,238,,83,,,,,109,,,359,217,,77,,,27,1260,30,47,27,149,,192,,,127,,,134,,,,,,,115,,350,43,84,,27,25,10,,,,21,57,112,,,93,10,14,,,,167,,,124,176,273,97,206,137,117,156,,,,354,,110,280,136,137,358,26,175,,107,219,1,390,27,,63,97,234,90,,129,595,53,480,,116,121,196,189,201,904,,,,37,,,,,,,,,,,,,,,93,,,,,474,,,,,126,149,,,,,,,,,,,,,,,,,,,284,410,528,360,19,,,770,,288,,186,,462,1248,367,,,177,78,,319,488,209,73,,202,16,55,533,,,,,,,,,,,,,,,,467,,,,109,,,,,,,,,110,,,,,,,,,,,,,,,,,285,39,92,177,,200,,359,34,,413,153,338,437,319,309,379,119,,172,254,39,,1249,,,,338,,,,,,,,,,,,,149,85,13,,,,,446,,,,163,293,,,220,,,,,,,,,,,,50,,,,,,,,,,,,103,107,32,63,52,117,65,182,415,270,,35,164,147,,177,,,,,135,87,36,,241,124,225,179,57,118,758,,139,33,,,,,,,,,,,,,,,,,,,,,,,,,,,,,,,,604,,126,58,,,265,,222,279,341,,,,96,,,,,,36,,,211,72,184,103,37,68,261,285,210,431,172,71,458,91,,54,78,372,84,64,123,31,131,248,180,232,,,156,,227,,164,62,,,,,,,,,,,,,,,,,,,,,,,,,,,,,,,,,516,139,84,298,36,165,,83,,38,221,308,94,,,85,21,64,290,141,418,,,,,,,483,507,119,,266,,141,51,,,148,116
2026-09-09T15:40:02+00:00,149,287,,125,498,6,,107,,295,,165,233,240,,82,,,,,108,429,253,360,215,,76,,,28,1270,,48,30,150,,195,,,128,143,,135,,,,,,,116,,,,,,24,28,,,,173,,52,120,,,91,,15,110,,,168,,,126,175,,,,,,,,,,,,,,,,,,,,,,,,,,,,,,,,,,,,,,,,,,,,,,,102,698,138,227,468,,79,366,,,,,,,,,,,,,,,,,,,,,,,,,,,,,,,,,,,,286,416,,361,15,,,772,314,280,,188,,,,,,,,,,,,,72,,201,16,59,545,,,,,,,,,,296,,,,,,474,,,83,108,,,,,,,,,109,,,,,44,,,,,60,,,,,,186,289,36,94,179,209,206,,355,35,,411,165,344,439,321,310,370,120,,174,252,41,,1243,,,,,,121,,,,,,,,,,,148,,14,5,,,,447,,,,167,295,,,222,,,,,,,,,,,,49,,,,,,,,,,,,104,111,33,62,54,,,186,424,281,,,166,150,,178,,,,,140,96,40,26,243,125,226,,61,,762,37,137,32,45,241,227,62,684,153,,107,,35,,,,,,,,,,,,,,,,,,,,,,601,,123,59,612,,271,,232,283,340,,,,95,,,,,,,,,223,66,191,110,,76,270,286,,434,166,73,459,89,153,,,,,,,,,,,,,,,,,,,,,,,,,,,,,,,,,,,,,,,,,,,,,,,,,,,,526,136,85,300,33,169,216,88,500,,224,309,,114,,89,18,62,296,142,416,250,,,,,,,510,,,275,,140,,,,143,
2026-09-09T15:45:02+00:00,,286,,,500,7,,106,199,296,,157,235,236,,,,,,,,,261,361,217,,74,,,27,1268,,53,34,,,196,,,132,142,,141,,30,,,,,114,,349,,83,,19,29,,,,175,20,46,135,,233,94,,,,,,167,,,,174,270,98,213,135,114,164,,,,355,46,115,290,138,142,359,29,177,210,112,218,2,,25,72,,100,235,97,,,601,,488,267,115,128,202,190,209,902,,,,33,,,,,,,,,,,,,,,86,,,,,482,,,,,128,150,,,,,,,,,,,,,,,,,,,287,417,530,363,17,,,776,315,277,,186,,459,1255,357,,239,174,80,294,,493,205,76,,199,16,65,,,,,,,,,,,,,,,,,472,,,82,,,,,,,,,,110,,,,,,,,,,,,,,,,,285,33,93,182,,209,,353,29,,,162,,437,322,312,371,121,,172,246,,,1234,,,,339,,122,,,,,,,,,,,151,78,13,3,,,,448,,,17,160,296,,,224,,,,,,,,,,,,47,,,,,,,,,,,,108,,35,68,,,66,187,427,,,,,148,,180,,,,88,138,101,44,,248,128,225,182,57,,763,39,,37,47,243,232,64,686,157,,,187,32,,,,,,,,,,,,,,,,,,,,,,,,,,,,,,,,,,,,,,,,,,,,,,,,,,,,,215,437,170,75,469,90,156,,,,,,,,,,,,,,,,,,,,,,,,,,,,,,,,,,,,,,,,,,,,,,,,,,,,533,134,83,290,35,167,219,86,499,40,223,,95,115,,88,21,63,300,,411,246,,,,,,482,514,,,276,,142,53,,,140,115
2026-09-09T15:50:01+00:00,148,,,,,6,,109,192,297,,155,,227,,81,,,,,,,264,363,222,,75,,,30,1281,,58,32,152,,194,,,133,144,,140,,,,,,,,,,42,82,,,30,12,,,,19,47,146,59,234,92,12,,108,,,172,,,,169,,,,,,,,,,,,,,,,,,,,,,,,,,,,,,,,,,,,,,,,,,,,,,111,111,715,143,226,466,,87,375,,,,,,,,,,,,,,,,,,,,,,,,,,,,,,,,,,,,286,424,529,366,15,,,786,314,270,,200,,,,,,,,,,,,,85,,198,16,68,552,,,,,,,,,,,,,,,,,,,79,110,,,,,,,,,,,,,,,,,,,,,,,,,185,,,91,188,207,217,,350,28,,416,168,346,444,,316,359,,,,243,,,1230,,,,341,,123,,,,,,,,,,,144,,14,5,,,,449,,,,163,300,,,220,,,,,,,,,,,,49,,,,,,,,,,,,109,,36,65,55,,,189,435,282,,36,,144,,178,,,,,139,,47,25,249,132,224,184,61,117,767,,139,36,,,,,,,,,,,,,,,,,,,,,,,,,,,,,,,,602,78,128,61,,,270,,229,278,342,,,,96,,,,,,34,,,227,65,185,111,14,73,,287,216,463,173,79,462,,158,47,,370,88,67,125,30,133,247,175,245,162,,153,,241,,169,54,,,,,,,,,,,,,,,,,,,,,,,,,,,,,,,,,550,,80,294,34,163,223,,500,43,221,308,96,117,,,20,64,297,143,414,248,,,,,,480,513,120,,279,,145,52,,,,
2026-09-09T15:55:01+00:00,149,284,,,498,7,,,198,,,145,233,217,,77,,,,,107,425,260,360,223,,74,,,31,1285,,57,28,153,,,,,132,145,,,,,,,,,,,352,43,,,17,29,,,,176,,35,153,,,93,13,,,,,170,,,130,163,,111,214,,115,161,,196,,362,39,121,294,136,137,355,30,191,214,124,231,6,395,22,75,68,108,244,110,130,131,606,,495,265,114,139,213,,213,900,,,476,31,,,,,,,,,,,,,,,76,,,,,487,,,,,129,156,,,,,,,,,,,,,,,,,,,288,425,531,365,,,,784,315,274,,206,,455,1249,335,108,,171,82,295,317,497,201,88,,201,17,72,561,,,,,,,,,,,,,,,,,,,77,,,,,,,,,,111,,,,,43,,,,,,,,,,,186,287,,87,192,208,221,,342,22,,419,175,344,442,323,317,353,123,,173,240,44,,1229,,,,343,,124,,,,,,,,,,,143,73,16,8,,,,450,,,,165,301,,,224,,,,,,,,,,,,44,,,,,,,,,,,,107,112,,62,60,118,,192,437,284,,,167,146,,,,,,,140,107,51,,,130,229,185,,116,773,,,38,40,244,227,66,704,149,,109,,11,,,,,,,,,,,,,,,,,,,,,,,,,,,,,,,,,,,,,,,,,,,,,,,,,,,,,212,473,175,86,465,89,159,,,,,,,,,,,,,,,,,,,,,,,,,,,,,,,,,,,,,,,,,,,,,,,,,,,,559,136,78,290,30,161,228,84,503,40,,313,,119,,89,18,65,293,144,,247,,,,,,483,509,,,,,148,54,,,137,
2026-09-09T16:00:01+00:00,146,,,,503,5,,,200,292,,135,236,215,,298,,,,,108,,263,353,230,,73,,,29,1288,,58,29,152,,196,,,134,,,141,,,,,,,115,,353,,,,21,31,11,,,,18,34,,,,,14,,,,,,,,,164,,,,,,,,,,,,,,,,,,,,,,,,,,,,,,,,,,,,,,,,,,,,,,110,,727,146,236,469,54,,377,,,,,,,,,,,,,,,,,,,,,,,,,,,,,,,,,,,,289,428,532,367,13,,,783,314,284,,211,,,,,,,,,,,,,,,202,17,69,564,,,,,,,,,,,,,,,,474,,,73,111,,,,,,,,,112,,,,,45,,,,,,,,,,,187,282,,85,194,,228,,338,20,,418,,342,441,324,315,347,122,,174,241,43,,1228,,,,345,,,,,,,,,,,,,139,,15,9,,,,,,,18,157,302,,,215,,,,,,,,,,,,41,,,,,,,,,,,,112,113,34,63,61,,67,191,438,286,,35,,147,,174,,,,86,141,108,54,,250,128,224,189,,117,,42,,39,33,245,228,65,,144,,105,,10,,,,,,,,,,,,,,,,,,,,,,590,79,,63,606,,,,,,343,,,,,,,,,,33,,,231,,194,113,8,80,271,290,214,486,179,87,468,90,165,,,,,,,,,,,,,,,,,,,,,,,,,,,,,,,,,,,,,,,,,,,,,,,,,,,,572,135,76,286,26,,230,83,,38,225,,95,,,88,15,63,298,148,,,,,,,,484,507,,,277,,,53,,,142,114
2026-09-09T16:05:02+00:00,147,,,126,506,4,,112,203,294,,134,238,224,,292,,,,,110,427,259,350,234,,74,,,32,1297,,50,28,151,,199,,,,144,,,,31,,,,,117,,,,83,,,,10,,,178,17,28,189,,233,94,11,14,109,,,175,,,135,163,,122,210,139,111,160,,,,364,38,124,296,142,144,353,31,198,216,125,227,7,393,10,76,67,114,245,117,129,134,618,54,511,268,115,151,212,193,219,901,18,,477,32,109,102,744,144,235,467,,90,379,,,,,,67,,,,,491,,,,,132,,,,,,,,,,,,,,,,,,,,290,431,,,17,,,785,,283,,214,382,454,,325,112,245,161,83,296,319,496,197,90,,197,17,,569,,,,,,,,,,,,,,,,,,,72,112,,,,,,,,,113,,,,,,,,,,,,,,,,,289,,83,197,211,235,,333,15,,421,,346,450,,319,337,124,,180,244,,,1219,,,,349,,125,,,,,,,,,,,135,67,14,7,,,,,,,19,150,305,,,,,,,,,,,,,,,40,,,,,,,,,,,,113,,35,64,62,,66,195,440,288,,34,,148,,176,,,,,143,,57,26,252,130,229,,,,,41,138,38,29,246,226,,711,145,,101,189,4,,,,,,,,,,,,,,,,,,,,,,599,80,127,65,608,,273,,230,274,342,,,,,,,,,,34,,,,,197,117,,73,274,289,215,492,183,88,473,89,167,,,,,,,,,,,,,,,,,,,,,,,,,,,,,,,,,,,,,,,,,,,,,,,,,,,,580,137,75,285,25,166,,,500,41,220,314,92,120,,,14,,299,,416,246,,,,,,486,510,121,,285,,,104,,,140,
2026-09-09T16:10:01+00:00,155,283,55,,508,2,,104,,295,,131,236,223,,291,,,,,,424,269,353,,,71,,,33,1303,,42,,150,,200,,,138,143,,,,,,,,,115,,352,42,84,,16,33,11,,,,,23,192,,,,12,,,,,,,,,158,,,,,,,,,,367,33,127,299,141,148,355,27,203,,129,230,10,,5,78,68,118,244,121,,132,627,56,529,267,117,157,213,195,220,907,,,478,30,,,,,,,,,,,,,,,,,,,,,,,,,,,,,,,,,,,,,,,,,,,,,268,434,534,371,15,,,782,,293,,222,,,,,,,,,,,,,91,,200,16,71,572,,,,,,,,,,,,,,,,467,,,73,113,,,,,,,,,112,,,,,46,,,,,61,,,,,,,294,34,81,202,212,238,,332,16,,426,177,,463,325,326,,127,,182,247,48,,1213,,,,348,,,,,,,,,,,,,129,65,12,8,,,,,,,18,151,,,,207,,,,,,,,,,,,39,,,,,,,,,,,,117,114,,65,61,,68,,442,285,,,,147,,,,,,85,142,112,58,25,,132,227,190,63,118,775,,,37,,,,,,,,,,,,,,,,,,,,,,,,,,,,,,,,601,,125,67,613,,,,234,275,344,,,136,97,,,,,,38,,,,61,,118,,72,277,,217,496,185,87,490,90,177,46,85,368,97,65,115,32,125,238,165,243,160,,148,,248,,175,41,,,,,,,,,,,,,,,,,,,,,,,,,,,,,,,,,591,138,70,,24,162,229,,496,43,215,316,90,119,,,13,62,300,152,417,,,,,,,489,513,120,,287,,,103,,,135,
2026-09-09T16:15:01+00:00,156,282,,,510,3,,107,204,297,,,239,232,,289,,,,,,,277,352,235,,67,,,31,1308,,45,,148,,202,,,,142,,142,,,,,,,116,,356,,83,,18,35,,,,,,,191,,235,95,10,,108,,,180,,,138,155,277,117,217,,118,163,,,,,,,,,,,,,,,,,,,,,,,,,,,,,,,,,,,,,,,,112,103,753,146,240,463,,93,,,,,,,62,,,,,495,,,,,138,155,,,,,,,,,,,,,,,,,,,270,436,,,14,,,780,316,308,,237,381,452,1247,319,116,257,153,84,,318,501,183,85,,207,16,64,571,,,,,,,,,,,,,,,,466,,,74,114,,,,,,,,,,,,,,49,,,,,,,,,,,,305,33,86,208,214,244,,337,21,,425,186,,473,326,330,330,128,,186,248,50,,1212,,,,346,,,,,,,,,,,,,130,64,14,,,,,,,,,,308,,,204,,,,,,,,,,,,38,,,,,,,,,,,,114,115,39,64,60,119,67,191,444,290,38,,169,145,,174,2,,,86,153,116,62,26,255,134,228,,61,117,778,,140,,25,248,237,66,746,148,,85,192,0,,,,,,,,,,,,,,,,,,,,,,604,81,126,70,,,277,,238,279,343,,,,,,,,,,40,,,236,62,204,121,,77,278,287,218,507,186,88,496,89,178,,,,,,,,,,,,,,,,,,,,,,,,,,,,,,,,,,,,,,,,,,,,,,,,,,,,601,,67,280,18,167,232,82,500,41,206,319,91,118,,87,10,63,294,,418,248,,,,,,490,508,,,285,,151,100,,,128,
2026-09-09T16:20:01+00:00,152,,53,,509,,,104,203,296,,,235,237,,287,,,,,113,427,280,351,238,,66,,,35,1316,,47,29,,,205,,,140,144,,,,32,,,,,,,354,44,,,16,33,14,,,,16,20,192,58,,,11,,,,,182,,,,157,,,,,,,,,,366,27,,308,129,151,359,26,208,219,138,238,,395,,79,74,120,245,130,127,137,637,55,542,268,118,176,223,,218,906,,,479,21,,,,,,,,,,,,,,,,,,,,,,,,,,,,,,,,,,,,,,,,,,,,,272,439,539,376,13,,,773,315,315,,241,,,,,,,,,,,,,87,,210,16,62,579,,,,,,,,,,297,,,,,,467,,,75,118,,,,,,,,,116,,,,,50,,,,,62,,,,,,185,308,,87,210,212,251,,335,14,,432,191,354,477,328,331,332,129,,191,243,46,,1215,,,,347,,126,,,,,,,,,,,133,63,15,9,,,,,,,,155,311,,,202,,,,,,,,,,,,37,,,,,,,,,,,,119,117,40,63,61,,69,194,446,292,,32,167,144,,176,,,,87,158,118,,,257,133,,,64,118,781,40,141,38,,,,,,,,,,,,,,,,,,,,,,,,,,,,,,,,606,80,,72,608,,280,,248,282,,,,,,,,,,,37,,,245,61,220,122,,81,279,285,223,514,184,87,499,,181,,,,,,,,,,,,,,,,,,,,,,,,,,,,,,,,,,,,,,,,,,,,,,,,,,,,606,141,68,281,19,170,230,80,,49,208,321,90,,,,12,64,297,155,416,250,,,,,,491,509,,,296,,152,97,,,126,115
2026-09-09T16:25:01+00:00,154,,54,,501,1,,106,204,294,,130,236,241,,282,,,,,114,425,287,349,243,,,,,,1320,,44,30,,,207,,,139,,,,,,,,,,117,,,,85,,12,35,,,,,,,190,,234,94,12,13,,,,180,,,136,155,281,120,224,142,121,161,,,,374,23,125,311,123,154,352,23,214,,147,243,,394,,84,,121,248,143,,144,647,56,546,269,,184,231,,223,915,,,481,12,113,116,774,150,242,462,,96,381,,,,,,57,,,,,496,,,,,134,150,,,,,,,,,,,,,,,,,,,268,442,540,381,15,,,769,,321,,243,382,449,1251,313,120,280,145,85,,319,500,184,,,207,16,66,584,,,,,,,,,,,,,,,,474,,,77,120,,,,,,,,,114,,,,,51,,,,,61,,,,,,186,320,34,,211,217,255,,,,,433,196,358,,329,333,325,,,194,241,45,,1214,,,,348,,,,,,,,,,,,,,64,18,4,,,,449,,,16,148,314,,,198,,,,,,,,,,,,34,,,,,,,,,,,,115,,,61,66,,70,,447,,,31,,141,,177,,,,90,162,128,67,27,260,135,229,191,,119,783,,140,37,28,,248,,773,144,,78,195,15,,,,,,,,,,,,,,,,,,,,,,602,,125,74,604,,282,,257,286,,,,133,,,,,,,36,,,252,57,221,124,,88,,,225,516,,86,505,90,,50,81,365,98,,,29,119,232,163,247,153,,140,,266,,183,32,,,,,,,,,,,,,,,,,,,,,,,,,,,,,,,,,616,142,69,282,17,,234,84,499,48,203,324,91,120,,,10,66,289,157,419,245,,,,,,492,,,,,,153,,,,132,113
2026-09-09T16:30:01+00:00,152,,,128,508,,,108,212,291,,124,240,,,281,,,,,,422,289,350,250,,65,,,37,1326,29,39,29,,,210,,,140,145,,139,,33,,,,,,,353,,,,11,36,,,,,15,,191,59,,,13,,,,,182,,,137,147,,122,222,141,124,,,,,377,22,122,304,124,157,354,,223,,148,247,,,2,87,80,126,253,150,129,,652,53,551,,,191,236,,225,920,,,,,,,,,,,,,,,,,,,,,,,,,,,,,,,,,,,,,,,,,,,,,,,,,266,439,541,385,16,,,759,318,332,,256,,,,,,,,,,,,,86,,202,16,,586,,,,,,,,,,,,,,,,479,,,81,121,,,,,,,,,,,,,,52,,,,,60,,,,,,187,322,,,212,219,265,,,17,,430,197,363,480,331,335,314,,,196,243,47,,1215,,,,349,,125,,,,,,,,,,,,68,20,,,,,,,,,146,318,,,193,,,,,,,,,,,,,,,,,,,,,,,,114,118,,60,67,,72,197,450,,,33,168,139,,172,,,,,,138,72,,259,139,232,190,66,122,790,41,,39,,,,,,,,,,,,,,,,,,,,,,,,,,,,,,,,,,,,,,,,,,,,,,,,,,,,,,,,,,,,,,,234,521,185,88,509,89,190,,,,,,,,,,,,,,,,,,,,,,,,,,,,,,,,,,,,,,,,,,,,,,,,,,,,627,,67,268,18,175,236,,496,47,198,323,,,,88,8,68,290,159,416,244,,,,,,,510,,,297,,157,96,,,,111
2026-09-09T16:35:01+00:00,,283,,,507,3,,103,219,290,,,,246,,,,,,,,424,292,353,256,,66,,,38,1329,,41,,146,,212,,,136,,,,,,,,,,,,352,,84,,9,34,,,,,14,14,197,,,,11,,,,,185,,,,137,275,130,228,138,127,164,,,,,,,,,,,,,,,,,,,,,,,,,,,,,,,,,,,,,,,,114,128,796,153,250,464,53,100,380,,,,,,62,,,,,495,,,,,127,156,,,,,,,,,,,,,,,,,,,259,443,544,387,17,,,752,317,340,,265,,,1252,303,121,286,141,86,,317,,183,90,,204,16,61,,,,,,,,,,,,,,,,,478,,,80,123,,,,,,,,,115,,,,,,,,,,,,,,,,185,328,,84,214,,273,,333,,,425,196,366,,332,337,303,130,,197,249,48,,,,,,,,126,,,,,,,,,,,131,69,18,6,,,,,,,17,144,324,,,186,,,,,,,,,,,,32,,,,,,,,,,,,110,119,,59,68,,74,200,454,293,,,169,138,,169,,,,,,143,,,260,,229,,70,124,792,,139,41,29,249,247,,784,148,,77,196,5,,,,,,,,,,,,,,,,,,,,,,606,,127,76,597,,284,,256,285,341,,,131,,,,,,,,,,254,58,220,125,,92,,287,237,527,190,90,518,91,193,,,,,,,,,,,,,,,,,,,,,,,,,,,,,,,,,,,,,,,,,,,,,,,,,,,,633,,,258,15,173,237,,497,54,195,,,,,87,11,66,289,161,414,242,,,,,,499,,,,294,,160,94,,,,108
2026-09-09T16:40:01+00:00,155,285,,,,1,,101,,,,125,239,252,,275,,,,,125,428,293,354,258,,,,,37,1333,,46,30,147,,209,,,137,147,,,,32,,,,,118,,348,,83,,7,35,,,,,15,15,196,,,,9,12,,,,194,,,,132,,,,,,,,,,378,,119,305,123,163,355,22,225,,152,244,,396,4,,79,130,,144,,148,658,54,,,,197,231,193,,,,,,11,,133,804,157,247,,,107,379,,,,,,81,,,,,499,,,,,126,158,,,,,,,,,,,,,,,,,,,253,,543,391,14,,,749,319,358,,271,,,,,,,,,,,,,89,,202,16,56,601,,,,,,,,,,,,,,,,479,,,,126,,,,,,,,,,,,,,51,,,,,61,,,,,,,330,,,218,221,276,,336,15,,428,191,370,486,,,304,,,,259,50,,1217,,,,,,124,,,,,,,,,,,127,,17,,,,,,,,,140,323,,,,,,,,,,,,,,,,,,,,,,,,,,,108,,,,67,,75,197,455,288,,34,172,133,,168,,,,,160,149,78,,,141,226,191,72,125,794,43,,43,30,241,251,,795,141,,75,,0,,,,,,,,,,,,,,,,,,,,,,615,81,131,75,,,286,,276,,343,,,132,98,,,,,,,,,,57,227,131,,97,281,286,239,533,191,93,521,92,190,52,82,,99,70,117,28,113,219,156,242,160,,136,,277,,184,22,,,,,,,,,,,,,,,,,,,,,,,,,,,,,,,,,640,141,,,11,,243,86,496,58,200,326,90,119,,88,10,64,285,165,415,241,,,,,,,511,,,305,,159,,,,136,107
2026-09-09T16:45:02+00:00,158,,,,509,6,,106,216,288,,,250,253,,273,,,,,126,429,291,352,263,,,,,36,1338,,48,,148,,211,,,138,,,138,,,,,,,119,,,,84,,6,,,,,179,,10,197,61,,,10,,,,,198,,,,130,277,140,234,143,130,166,,,,,,118,309,125,160,359,23,229,,155,240,,397,,89,80,135,247,138,,,678,55,555,,116,199,237,195,230,931,,,,7,,,,,,,,,,,,,,,,,,,,,,,,,,,,,,,,,,,,,,,,,,,,,250,,546,385,13,,,748,320,361,,268,381,445,1243,299,,302,135,88,297,319,496,178,,,205,16,60,604,,,,,,,,,,,,,,,,482,,,81,125,,,,,,,,,112,,,,,50,,,,,,,,,,,186,341,33,,223,,281,,,11,,,192,373,496,,338,287,,,201,262,,,,,,,350,,127,,,,,,,,,,,123,70,18,,,,,447,,,14,144,325,,,182,,,,,,,,,,,,31,,,,,,,,,,,,106,121,43,60,66,,,195,457,286,,36,174,130,,172,,,19,91,163,153,84,29,261,142,231,193,77,126,798,42,,,29,239,252,65,805,143,,69,,,,,,,,,,,,,,,,,,,,,,,,,,,,,,,,,,,,,,,,,,,,,,,,,,,,,,,241,547,192,91,522,,187,,,,,,,,,,,,,,,,,,,,,,,,,,,,,,,,,,,,,,,,,,,,,,,,,,,,643,,60,249,10,179,244,83,498,72,197,327,,114,,87,7,66,280,167,411,,,,,,,500,,,,302,,160,96,,,138,
2026-09-09T16:50:02+00:00,157,286,,,511,8,,108,217,289,,127,248,255,,272,,,,,129,,297,355,262,,65,,,,1346,,45,32,,,215,,,,,,,,31,,,,,,,347,,82,,7,34,,,,,,6,196,60,,,9,,,,,202,,,,122,,,,,,,,,,,,,,,,,,,,,,,,,,,,,,,,,,,,,,,,,,,,,,113,138,808,162,245,465,54,106,382,,,,,,67,,,,,500,,,,,129,157,,,,,,,,,,,,,,,,,,,249,,545,384,16,,,747,325,360,,276,,,,,,,,,,,,,90,,198,16,,617,,,,,,,,,,,,,,,,491,,,82,127,,,,,,,,,113,,,,,51,,,,,,,,,,,184,346,,88,,223,284,,340,8,,430,180,,501,333,344,283,131,,202,256,55,,1216,,,,351,,126,,,,,,,,,,,121,68,15,,,,,448,,,13,143,329,,,174,,,,,,,,,,,,,,,,,,,,,,,,,124,42,66,64,,76,193,462,291,,,175,128,,168,,,20,,160,159,89,,260,,239,,80,128,,,142,42,30,,256,,806,139,,64,195,,,,,,,,,,,,,,,,,,,,,,,622,82,129,76,590,,284,,295,282,344,,,134,97,,,,,,34,,,258,59,233,134,,93,283,,243,554,193,95,528,94,186,,,,,,,,,,,,,,,,,,,,,,,,,,,,,,,,,,,,,,,,,,,,,,,,,,,,649,142,58,244,,175,246,,500,79,198,,,112,,89,8,64,275,,,240,,,,,,,510,,,306,,162,98,,,137,104
2026-09-09T16:55:01+00:00,158,289,,,515,,,109,220,288,,125,,253,,271,,,,,131,430,294,359,264,,,,,,1355,30,42,31,147,,217,,,137,148,,,,,,,,,118,,348,46,81,,8,40,,,,180,,4,193,,,95,,,,,,209,,,,107,282,145,244,149,129,170,,,,,14,110,312,123,166,363,13,238,,,241,,,,91,84,133,245,143,130,155,689,54,566,,114,210,242,194,229,948,,,,,,,,,,,,,,,,,,,,,,,,,,,,,,,,,,,,,,,,,,,,,,,,,246,444,547,,15,,,743,329,370,,273,382,441,1239,274,120,303,130,,298,318,497,181,86,,197,16,62,630,,,,,,,,,,,,,,,,493,,,,128,,,,,,,,,,,,,,50,,,,,,,,,,,,,32,89,225,225,294,,,14,13,,,375,506,334,348,268,,,204,259,54,,1218,,,,,,,,,,,,,,,,,115,63,16,5,,,,450,,,12,141,,,,171,,,,,,,,,,,,30,,,,,,,,,,,,105,,41,,,,,,463,287,,37,,127,,166,,,,,,156,90,,261,,238,194,82,,,,,,31,,255,64,812,143,,62,196,,,,,,,,,,,,,,,,,,,,,,,,,128,75,587,,,,299,,,,,,99,,,,,,35,,,261,57,235,133,99,91,284,,245,566,192,98,535,93,189,,86,362,106,,120,25,119,207,159,232,161,,119,,295,,185,11,,,,,,,,,,,,,,,,,,,,,,,,,,,,,,,,,659,140,116,237,5,,249,82,501,81,199,328,89,111,,90,,60,281,172,408,,,,,,,,513,,,309,,167,,,,148,
2026-09-09T17:00:01+00:00,160,290,,,509,,,,222,289,,124,251,252,,,,,,,134,429,295,355,269,,63,,,33,1354,,40,30,,,218,,,139,,,,,30,,,,,,,,,82,,7,41,13,,,,,0,,,,92,7,,,,,,,,,100,,,,,,,,,,,,,,,,,,,,,,,,,,,,,,,,,,,,,,,,,,,,,,114,149,813,170,,463,,104,380,,,,,,64,,,,,501,,,,,122,151,,,,,,,,,,,,,,,,,,,249,446,549,385,16,,,744,334,373,,276,,,,,,,,,,,,,87,,192,16,66,636,,,,,,,,,,296,,,,,,496,,,86,130,,,,,,,,,,,,,,,,,,,62,,,,,,181,341,31,90,226,226,309,,338,11,,,185,377,514,,349,262,,,205,256,56,,1219,,,,,,,,,,,,,,,,,111,64,,1,,,,,,,10,135,330,,,161,,,,,,,,,,,,31,,,,,,,,,,,,104,125,40,,72,120,75,191,469,282,,,174,125,,,,,,90,161,168,99,30,262,146,236,,81,,799,44,,,34,,,,824,142,,58,,,,,,,,,,,,,,,,,,,,,,,,,,,,,,,,,,,,,,,,,,,,,,,,,,,,,,,248,575,189,,541,95,190,,,,,,,,,,,,,,,,,,,,,,,,,,,,,,,,,,,,,,,,,,,,,,,,,,,,665,141,111,238,6,173,251,83,506,91,203,327,,109,,88,9,,287,,406,241,,,,,,502,514,,,316,,169,,,,,103
2026-09-09T17:05:01+00:00,161,289,,129,515,6,,117,224,291,,120,,253,,268,,,,,,433,294,353,271,,,,,36,1362,,36,,146,,219,,,138,147,,,,29,,,,,,,351,,,,5,40,14,,,,,,195,,,90,5,,,,,,,,,96,277,,247,,128,167,,198,,,5,102,323,122,173,365,6,244,,157,251,,400,,92,85,140,243,142,,,702,55,576,268,111,211,248,,234,954,,,482,2,,,,,,,,,,,,,,,,,,,,,,,,,,,,,,,,,,,,,,,,,,,,,246,,,383,18,,,741,342,390,,289,,439,1244,257,123,300,119,,,317,494,180,88,,189,16,68,642,,,,,,,,,,297,,,,,,504,,,,131,,,,,,,,,112,,,,,49,,,,,,,,,,,179,334,32,93,228,227,315,,339,14,12,439,193,378,521,,348,255,130,,206,261,58,,,,,,350,,,,,,,,,,,,,110,61,13,4,,,,,,,11,,331,,,142,,,,,,,,,,,,30,,,,,,,,,,,,107,,,68,75,,,,472,287,,,172,126,44,,,,21,,,174,0,29,261,145,232,,84,130,,,144,,,,,,,,,,,,,,,,,,,,,,,,,,,,,,,,,626,81,,76,583,,285,,308,281,,,,135,98,,,,,,37,,,262,,242,134,,89,285,287,250,583,193,97,547,98,191,,,,,,,,,,,,,,,,,,,,,,,,,,,,,,,,,,,,,,,,,,,,,,,,,,,,668,143,,228,,175,254,84,508,93,205,328,93,111,,89,8,59,284,173,404,243,,,,,,503,513,,,324,,170,,,,,101
2026-09-09T17:10:01+00:00,164,290,,,517,8,,118,223,294,,122,250,256,,269,,,,,,431,298,357,275,,64,,,37,1365,31,37,29,,,222,,,,148,,,,31,,,,,,,354,,81,,,39,,,,,,2,194,61,,,4,11,,,,210,,,,91,,,,,,,,,,,,,,,,,,,,,,,,,,,,,,,,,,,,,,,,,,,,,,116,161,823,,244,469,,105,382,,,,,,57,,,,,502,,,,,123,155,,,,,,,,,,,,,,,,,,,248,450,551,378,19,,,742,350,392,,295,,,,,,,,,,,,,92,,185,16,,648,,,,,,,,,,,,,,,,,,,87,132,,,,,,,,,113,,,,,,,,,,,,,,,,177,343,,94,235,230,322,,341,,,444,212,,528,,,253,132,,207,260,,,1224,,,,351,,,,,,,,,,,,,106,57,14,,,,,,,,9,130,332,,,127,,,,,,,,,,,,29,,,,,,,,,,,,102,126,41,,78,,,,473,286,,,173,,,,,,,92,163,177,,,259,146,233,196,88,131,800,,143,,29,240,260,,838,141,,54,,,,,,,,,,,,,,,,,,,,,,,,,,130,,585,,,,320,,,,,136,97,,,,,,,,,263,55,,136,110,93,287,,,590,197,,564,99,,50,88,360,107,,118,27,111,198,170,223,162,,111,,302,,187,4,,,,,,,,,,,,,,,,,,,,,,,,,,,,,,,,,669,,112,,5,173,257,,506,96,211,326,92,106,,91,5,62,288,,,,,,,,,504,514,,,330,,171,100,,,,100
2026-09-09T17:15:01+00:00,168,293,,,,10,,120,224,293,,121,,260,,264,,,,,138,427,302,353,,,67,,,38,1364,,40,31,,,228,,,140,,,,,32,,,,,120,,355,,,,6,,,,,,16,0,196,63,235,,5,12,,,,215,,,141,93,271,144,250,152,185,169,,,,386,2,108,325,115,172,373,,249,,161,250,2,399,,90,,147,237,149,131,154,706,51,587,266,112,224,255,195,,970,,,,1,,,,,,,,,,,,,,,,,,,,,,,,,,,,,,,,,,,,,,,,,,,,,246,454,553,380,21,,,740,355,400,,307,381,436,1243,264,126,307,115,,,313,492,176,96,,176,16,,653,,,,,,,,,,,,,,,,507,,,88,,,,,,,,,,,,,,,,,,,,,,,,,,171,353,31,96,241,231,342,,339,13,,448,217,379,538,,351,252,,,208,,60,,,,,,,,,,,,,,,,,,,,,,,,,,,,,,,,,,,,,,,,,,,,,,,,,,,,,,,,,,98,128,40,,79,,76,194,474,297,,,,,,165,,,,,,179,,30,260,151,232,200,87,,803,,,41,31,244,252,,852,142,,51,,2,,,,,,,,,,,,,,,,,,,,,,629,,131,75,582,,286,,327,282,,,,135,,,,,,,39,,,265,57,247,137,113,102,,,251,602,200,102,572,100,194,,,,,,,,,,,,,,,,,,,,,,,,,,,,,,,,,,,,,,,,,,,,,,,,,,,,672,,109,232,,,262,83,511,102,214,327,,,,93,6,63,290,175,,242,,,,,,508,,122,,336,,169,101,,,169,
2026-09-09T17:20:01+00:00,,294,,,519,7,,122,225,290,,115,251,264,,262,,,,,,426,306,350,285,,68,,,37,1369,,,,144,,231,,,139,,,,,29,,,,,,,354,,,,5,,,,,,15,,,,234,91,4,,109,,,220,,,,91,268,153,256,154,,,,,,,,,,,,,,,,,,,,,,,,,,,,,,,,,,,,,,,,,,117,170,831,166,,,55,107,,,,,,,68,,,,,503,,,,,127,153,,,,,,,,,,,,,,,,,,,248,452,552,382,23,,,737,363,408,,309,,,,,,,,,,,,,98,,,16,72,,,,,,,,,,,296,,,,,,520,,,,,,,,,,,,,114,,,,,,,,,,,,,,,,172,357,,,,,345,,337,15,,,223,381,543,335,352,,,,209,261,,,1225,,,,,,,,,,,,,,,,,,,,,,,,,,,,,,,,,,,,,,,,,,,,,,,,,,,,,,,,,129,41,,78,,77,195,473,298,,36,175,124,,164,,,,91,162,182,,,259,,,,90,134,804,,144,42,30,243,253,,,136,,50,197,3,,,,,,,,,,,,,,,,,,,,,,634,80,132,76,581,,287,,332,283,,,,138,,,,,,,,,,267,,248,,118,106,286,286,252,612,201,104,581,,198,,,,,,,,,,,,,,,,,,,,,,,,,,,,,,,,,,,,,,,,,,,,,,,,,,,,678,,111,227,8,175,,85,513,114,218,328,,105,,96,,,291,178,405,244,,,,,,,513,,,339,,168,103,,,175,
2026-09-09T17:25:02+00:00,,,53,,523,9,,123,221,289,,117,250,263,,260,,,,,145,428,312,355,284,,66,,,35,1374,,43,28,143,,,,,137,,,,,31,,,,,122,,355,,,,4,,,,,,,,197,,235,,5,,,,,,,,146,,,158,263,152,187,170,,,,388,,107,329,,173,370,,253,,163,264,,401,6,91,81,148,240,155,,157,715,49,604,271,,227,264,,241,987,19,,,,,,,,,,,,,,,,,,69,,,,,506,,,,,125,157,,,,,,,,,,,,,,,,,,,247,453,,384,,,,,371,415,,319,382,435,1244,,129,324,113,,,315,496,177,101,,182,16,70,659,,,,,,,,,,,,,,,,521,,,85,133,,,,,,,,,,,,,,,,,,,,,,,,,171,362,,99,248,232,357,,338,16,,452,221,383,548,337,357,248,,,212,264,62,,1227,,,,,,,,,,,,,,,,,,,,,,,,,,,,,,,,,,,,,,,,,,,,,,,,,,,,,,,,100,,,66,80,,,,474,300,,,176,125,,166,,,,92,,186,,,257,154,233,,89,,,,143,,34,244,247,,861,140,,46,,0,,,,,,,,,,,,,,,,,,,,,,633,81,133,,594,,292,,346,287,345,,,137,,,,,,,36,,,266,59,256,138,137,107,284,285,254,627,200,109,585,,199,,,,,,,,,,,,,,,,,,,,,,,,,,,,,,,,,,,,,,,,,,,,,,,,,,,,680,,,,5,179,265,83,512,117,225,329,91,,,,5,64,288,180,408,245,,,,,,,517,,,349,,169,,,,177,98
2026-09-09T17:30:01+00:00,166,,,,527,10,,125,223,293,,122,253,260,,254,,,,,,426,315,358,287,,65,,,38,1375,,,27,145,,233,,,139,,,,,,,,,,121,,356,,,,1,40,15,,,181,,,198,64,234,,8,,,,,218,,,,95,,,,,,,,,,,,104,330,118,,,,256,,,269,3,400,8,93,,155,247,160,132,,719,47,614,,,230,262,,242,,,,483,,,,,,,,,,,,,,,,,,,,,,,,,,,,,,,,,,,,,,,,,,,,,,,451,,381,26,,,738,379,424,,323,,,,,,,,,,,,,104,,185,16,69,668,,,,,,,,,,,,,,,,,,,83,,,,,,,,,,115,,,,,50,,,,,,,,,,,168,365,30,103,250,233,362,,334,17,,455,223,387,552,338,360,233,,,214,263,63,,,,,,352,,125,,,,,,,,,,,110,55,13,5,,,,,,,2,110,339,,,50,,,,,,,,,,,,,,,,,,,,,,,,99,,40,65,82,,,196,475,302,,,175,121,,165,,,,,161,,,,,155,238,,87,,806,45,142,,33,,246,,873,139,,47,,1,,,,,,,,,,,,,,,,,,,,,,646,,136,75,,,,,,,,,,138,,,,,,,38,,,267,,,,,109,283,,,,,,,,,49,94,355,111,74,116,29,109,199,182,230,161,,107,,306,,186,3,,,,,,,,,,,,,,,,,,,,,,,,,,,,,,,,,682,,113,231,8,177,263,,513,123,232,328,,106,,,,66,292,181,410,244,,,,,,509,522,,,354,,172,,,,187,97
2026-09-09T17:30:02+00:00,,,,,,,,,,,,,,,,,,,,,,,,,,,,,,,,,,,,,,,,,,,,,,,,,,,,,,,,,,,,,,,,,,,,,,,,,,,,,,,,,,,,,,,,,,,,,,,,,,,,,,,,,,,,,,,,,,,,,,,,,,,,,,,,,,,,,,,,,,,,,,,,,,,,,,,,,,,,,,,,,,,,,,,,,,,,,,,,,,,,,,,,,,,,,,,,,,,,,,,,,,,,,,,,,,,,,,,,,,,,,,,,,,,,,,,,,,,,,,,,,,,,,,,,,,,,,,,,,,,,,,,,,,,,,,,,,,,,,,,,,,,,,,,,,,,,,,,,,,,,,,,,,,,,,,,,,,,,,,,,,,,,,,,,,,,,,,,,,,,,,,,,,,,,,,,,,,,,,,,,,,,,,,,,,,,,,,,,,,,,,,,,,,,,,,,,,,,,,,,,,,,,,,,,,,,,,,,,,255,629,203,111,597,,201,,,,,,,,,,,,,,,,,,,,,,,,,,,,,,,,,,,,,,,,,,,,,,,,,,,,,,,,,,,,,,,,,,,,,,,,,,,,,,,,,,,,,,,,,,
2026-09-09T17:35:02+00:00,167,,,,532,11,,127,227,295,,119,254,271,,249,,,,,150,427,318,,292,,64,,,41,1386,,45,26,147,,237,,,140,147,,,,,,,,,123,,357,,,,0,38,,,,,16,,,65,,,4,,,,,224,,,147,96,270,167,267,157,188,,,,,,,,,,,,,,,,,,,,,,,,,,,,,,,,,,,,,,,,,,,,,,,,,,,,,,,82,,,,,508,,,,,129,,,,,,,,,,,,,,,,,,,,246,453,553,379,27,,,732,388,433,,329,383,,1246,270,128,329,112,89,300,317,495,181,105,,188,16,71,672,,,,,,,,,,,,,,,,,,,84,,,,,,,,,,,,,,,,,,,,63,,,,,,171,368,28,105,,,366,,329,21,,462,228,389,559,,361,234,133,,215,261,66,,1229,,,,,,,,,,,,,,,,,,,,,,,,,,,,,,,,,,,,,,,,,,,,,,,,,,,,,,,,97,,,,83,,,195,,300,,,176,120,,167,,,,,,191,,,253,153,236,199,88,,808,,,,31,241,250,,885,146,,49,,0,,,,,,,,,,,,,,,,,,,,,,656,,137,,600,,293,,359,289,,,,139,99,,,,,,,,,265,61,258,,146,113,282,284,256,633,204,112,598,101,204,,,,,,,,,,,,,,,,,,,,,,,,,,,,,,,,,,,,,,,,,,,,,,,,,,,,684,144,,229,3,181,265,,514,129,,,90,,,99,3,67,295,183,412,,,,,,,,526,,,362,,173,,,,201,96
2026-09-09T17:40:02+00:00,170,293,,,534,,,,230,,,121,255,279,,246,,,,,151,429,319,364,298,,,,,40,,32,,28,,,,,,142,144,,,,,,,,,120,,,,80,,,37,,,,,,,199,67,,,2,,110,,,228,,,,0,,,,,,,,,,389,,109,328,,177,365,,258,,,271,,402,18,92,79,161,242,169,133,159,728,46,618,272,,234,269,197,244,984,,,,,116,178,851,177,251,478,59,105,385,,,,,,,,,,,,,,,,,,,,,,,,,,,,,,,,,,,,247,451,554,,28,,,735,395,442,,333,,,,,,,,,,,,,108,,189,16,68,687,,,,,,,,,,,,,,,,522,,,83,134,,,,,,,,,117,,,,,,,,,,64,,,,,,169,375,26,110,,,368,,,26,,463,229,390,562,,,223,132,,216,262,73,,,,,,353,,123,,,,,,,,,,,120,56,15,4,,,,449,,,3,98,340,,,43,,,,,,,,,,,,,,,,,,,,,,,,,,41,66,82,,,,477,304,,,177,124,,168,,,,93,164,198,,,249,152,235,200,90,136,805,,,43,33,244,248,63,917,154,,53,,1,,,,,,,,,,,,,,,,,,,,,,662,82,138,,601,,298,,372,,346,,,,100,,,,,,41,,,268,,265,142,167,116,283,,255,638,,,609,100,203,,,,,,,,,,,,,,,,,,,,,,,,,,,,,,,,,,,,,,,,,,,,,,,,,,,,686,142,112,231,6,182,269,,,133,238,329,88,,,101,4,68,,,414,245,,,,,,513,528,,,364,,174,,,,205,
2026-09-09T17:45:02+00:00,,,54,,536,9,,132,236,294,,117,259,287,,245,,,,,152,431,324,366,304,,61,,,41,1390,,53,29,,,,,,,145,,137,,,,,,,,,358,,,,2,38,,,,182,,,200,,,90,,,,,,231,,,149,,,170,269,163,,172,,,,,,,,,,,,,,,,,,,,,,,,,,,,,,,,,,,,,,,,,,,,,,,,,,,,,,88,,,,,510,,,,,132,156,,,,,,,,,,,,,,,,,,,250,452,,,34,,,736,400,449,,,,436,1250,,132,337,114,,,318,496,186,109,,,16,72,692,,,,,,,,,,295,,,,,,523,,,82,135,,,,,,,,,116,,,,,,,,,,,,,,,,165,380,23,122,251,,370,,330,30,,465,236,391,565,339,359,212,133,,219,265,,,1232,,,,355,,,,,,,,,,,,,118,54,14,,,,,,,,2,100,,,,39,,,,,,,,,,,,28,,,,,,,,,,,,96,,,65,86,,74,196,478,305,,,,125,43,169,,,,,163,202,,,,154,232,,93,,798,,,44,34,243,254,,941,161,,56,,,,,,,,,,,,,,,,,,,,,,,,,,,,,,,,,,,,,,,,,,,,,,,,,,,,,,,,648,205,115,614,99,207,,98,352,112,,117,33,105,201,184,236,158,,114,,311,,188,11,,,,,,,,,,,,,,,,,,,,,,,,,,,,,,,,,688,,110,230,9,184,273,,512,138,243,328,89,,,103,-230,69,293,185,418,,,,,,,516,533,,,366,,175,,,,214,95
2026-09-09T17:50:01+00:00,,,,,535,12,,137,238,296,,124,261,288,,247,,,,,153,430,322,368,312,,58,,,42,1394,,48,,,,240,,,144,146,,138,,,,,,,,,356,45,79,,0,,,,,,,,202,69,,,4,,,,,237,,,146,104,,,,,,,,,,391,7,115,333,,182,386,,262,,165,278,8,404,19,91,82,167,244,173,,156,733,43,630,271,111,240,281,192,243,982,,,,,,190,862,180,255,479,,108,,,,,,,,,,,,,,,,,,,,,,,,,,,,,,,,,,,,,252,458,,377,35,,,738,404,459,,347,,,,,,,,,,,,,113,,,16,,700,,,,,,,,,,,,,,,,,,,85,,,,,,,,,,117,,,,,,,,,,,,,,,,,383,16,129,252,234,376,,329,36,,464,237,396,573,,361,204,131,,220,,,,,,,,,,,,,,,,,,,,,117,56,15,5,,,,450,,,3,,,,,36,,,,,,,,,,,,29,,,,,,,,,,,,91,,40,,85,,73,,480,313,,37,,127,,173,,,,,,205,,29,248,,234,,94,,799,,143,45,,,,62,,,,,,,,,,,,,,,,,,,,,,,,,,,,671,83,141,77,609,,297,,383,290,347,,,140,102,,,,,,45,,,269,,267,141,173,122,286,,,655,208,116,615,102,208,,,,,,,,,,,,,,,,,,,,,,,,,,,,,,,,,,,,,,,,,,,,,,,,,,,,690,143,,228,,188,276,84,516,143,246,329,,107,,107,,72,292,186,419,,,,,,,518,539,,,370,,176,106,,,217,92
2026-09-09T17:55:01+00:00,176,,,,537,,,142,239,298,,128,262,293,,242,,,,,155,429,326,369,319,,59,,,,1399,,50,26,,,,,,143,148,,,,,,,,,122,,355,46,,,2,,,,,183,,,205,71,,,7,,,,,,,,145,106,272,172,272,164,187,175,,,,,,,,,,,,,,,,,,,,,,,,,,,,,,,,,,,,,,,,,,,,,,,,,,,,,,98,,,,,513,,,,,139,159,,,,,,,,,,,,,,,,,,,251,459,555,379,37,,,733,409,471,,351,,434,1254,274,133,339,120,,301,,498,193,116,,185,16,75,706,,,,,,,,,,,,,,,,,,,,,,,,,,,,,,,,,,,,,,,,,,,,,161,388,12,130,,235,,,330,32,,,242,395,574,340,,194,,,222,267,70,,1235,,,,,,,,,,,,,,,,,112,,14,2,,,,,,,,98,338,,,35,,,,,,,,,,,,,,,,,,,,,,,,95,,,,86,,,,481,312,,,178,129,,,,,,,162,204,,,247,,237,199,96,135,798,,142,,31,245,266,64,973,165,,61,,,,,,,,,,,,,,,,,,,,,,,,674,84,,,614,,296,,395,,346,,,139,103,,,,,,44,,,,62,269,,176,128,285,,,673,212,119,622,,211,,,,,,,,,,,,,,,,,,,,,,,,,,,,,,,,,,,,,,,,,,,,,,,,,,,,693,144,,230,12,190,278,,518,149,251,330,,109,,110,,,297,187,420,,,,,,,,541,,,382,,,107,,,223,
2026-09-09T18:00:02+00:00,179,295,55,128,542,13,,146,246,297,,,261,298,,244,,,,,157,430,329,376,318,,,,,44,1408,,54,,146,,241,,,147,147,,,,,,,,,,,,,,,,39,,,,,,,,73,,,8,,,,,,,,,,,,,,,,,,,394,8,122,338,117,187,396,,264,,168,292,9,406,25,94,85,176,249,182,132,160,738,44,631,268,114,,283,,242,991,,,485,3,,194,873,182,256,481,,106,386,,,,,,,,,,,,,,,,,,,,,,,,,,,,,,,,,,,,250,460,556,376,43,,,731,413,485,,354,,,,,,,,,,,,,119,,194,16,76,713,,,,,,,,,,,,,,,,,,,,,,,,,,,,,,,,,,,,,,,65,,,,,,159,391,11,,,237,380,,328,31,,463,247,397,582,339,362,191,,,224,271,74,,,,,,,,,,,,,,,,,,,111,57,,1,,,,,,,,100,340,,,37,,,,,,,,,,,,,,,,,,,,,,,,101,130,39,69,,121,,197,,315,,,,,,,,,,,,,,28,248,155,235,,98,,796,,,,33,247,,65,990,166,,,,2,,,,,,,,,,,,,,,,,,,,,,679,,,,619,,297,,409,286,,,,138,104,,,,,,45,,,,63,272,,180,130,284,,256,678,209,,616,103,213,,104,355,114,75,118,34,110,205,195,242,157,,109,,320,,191,15,,,,,,,,,,,,,,,,,,,,,,,,,,,,,,,,,696,,111,238,14,192,285,85,519,155,255,331,,111,,112,3,,,,423,246,,,,,,519,545,123,,390,,177,,,,234,
2026-09-09T18:05:02+00:00,182,298,,,544,15,,153,248,296,,130,,305,,245,,,,,159,432,328,,324,,60,,,43,1413,,57,27,148,,,,,148,148,,,,,,,,,,,354,,,,4,,,,,,17,,209,75,,,10,,,,,243,,,146,104,262,179,273,166,185,176,,,,,6,123,342,118,192,394,,,,169,298,13,407,30,,,179,252,193,,,743,,644,272,,244,286,191,,1000,,,486,5,,,876,,254,480,,,,,,,,,104,,,,,,,,,,142,161,,,,,,,,,,,,,,,,,,,251,461,555,375,44,,,738,416,495,,356,,430,1258,282,135,340,119,90,,319,501,197,118,,197,16,,731,,,,,,,,,,,,,,,,,,,86,136,,,,,,,,,116,,,,,52,,,,,,,,,,,158,396,9,133,,,384,,327,38,,465,251,400,592,,,197,130,,,274,75,,,,,,,,124,,,,,,,,,,,118,55,,0,,,,,,,,,342,,,40,,,,,,,,,,,,,,,,,,,,,,,,100,,41,67,88,,,,482,319,,,179,136,,172,,,20,94,161,,,27,246,157,236,,97,136,793,,144,,,,,,,,,,,,,,,,,,,,,,,,,,,,,,,,,686,85,142,,625,,299,,442,282,,,,139,,,,,,,49,,,274,65,277,143,190,141,285,,,681,210,122,618,,211,,,,,,,,,,,,,,,,,,,,,,,,,,,,,,,,,,,,,,,,,,,,,,,,,,,,704,,113,242,16,195,287,,522,161,262,,90,113,,,,73,303,,426,,,,,,,522,547,124,,404,,,109,,,244,91
2026-09-09T18:10:02+00:00,184,,,,546,18,,160,253,295,,134,263,313,,246,,,,,161,436,332,380,328,,62,,,42,1424,,61,28,147,,,,,,150,,,,30,,,,,124,,,,78,,5,,,,,,,,210,,233,89,11,,,,,247,,,147,102,,,,,,,,,,,,,,,,,,,,,,,,,,,,,,,,,,,,,,,,,,,,,,,,,,,,,,,,,,,,,,,,,,,,,,,,,,,,,,,,,,,,,,,,,,250,457,556,374,49,,,743,417,505,,358,,,,,,,,,,,,,120,,196,15,80,742,,,,,,,,,,,,,,,,,,,87,135,,,,,,,,,118,,,,,53,,,,,66,,,,,,157,401,4,138,,,385,,339,41,,,260,,598,,363,191,,,,276,,,,,,,,,,,,,,,,,,,,121,59,,2,,,,,,,4,101,343,,,43,,,,,,,,,,,,,,,,,,,,,,,,106,,,69,92,122,,201,484,321,,36,,137,,175,,,,93,163,205,,,,159,235,200,,137,787,,145,46,,248,267,,1006,168,,59,,10,,,,,,,,,,,,,,,,,,,,,,697,,145,78,629,,,,453,283,349,,,141,105,,,,,,50,,,275,67,279,144,205,148,286,285,259,696,214,123,627,,212,,,,,,,,,,,,,,,,,,,,,,,,,,,,,,,,,,,,,,,,,,,,,,,,,,,,705,,115,250,19,201,,86,525,170,266,332,91,112,,118,,75,307,189,425,,,,,,,524,550,,,414,,176,,,,249,90
2026-09-09T18:15:02+00:00,185,301,,,552,21,,161,255,296,,137,266,316,,250,,,,,163,437,335,383,338,,,,,,1439,,66,26,,,,,,,,,,,,,,,,123,,,,77,,,40,,,,,16,,215,,,,12,,,,,248,,,148,99,257,183,275,173,184,175,,,,,9,131,346,120,189,400,3,265,218,170,308,19,408,46,,87,181,256,207,131,,747,43,659,,,247,270,190,243,1004,,,,4,118,199,889,184,261,488,,101,388,,,,,,120,,,,,,,,,,147,163,,,,,,,,,,,,,,,,,,,252,463,,375,50,,,750,418,513,,364,,429,1269,291,136,348,118,91,302,321,502,199,126,,200,14,,754,,,,,,,,,,,,,,,,,,,88,,,,,,,,,,,,,,,54,,,,,,,,,,,158,402,,139,253,,,,351,42,,,262,402,601,338,365,196,,,,,74,,,,,,,,,,,,,,,,,,,122,65,,,,,,,,,,99,,,,45,,,,,,,,,,,,,,,,,,,,,,,,105,131,42,72,91,,,202,487,,,,181,141,,177,,,,,,211,,26,251,163,237,,95,,791,,,,38,247,270,,1044,,,63,,16,,,,,,,,,,,,,,,,,,,,,,,,,,,,,,,,,,,,,,,,,,,,,,,,,,,,,,703,,128,640,,215,50,111,358,115,85,125,35,113,202,210,268,162,,113,,330,,,20,,,,,,,,,,,,,,,,,,,,,,,,,,,,,,,,,709,145,114,256,,204,,88,530,174,272,333,,113,,124,4,76,312,,428,,,,,,,,553,,,419,,,110,,,258,
2026-09-09T18:20:01+00:00,190,302,,,553,20,,165,258,297,,142,267,320,,253,,,,,,438,338,387,344,,61,,,,1444,,70,27,148,,,,,150,148,,,,,,,,,127,,355,,76,,3,39,,,,,17,,219,78,,91,,,,,,247,,,,,258,189,277,177,,178,,,,,,,,,,,,,,,,,,,,,,,,,,,,,,,,,,,,,,,,,,,,,,,,,,,,,,124,,,,,514,,,,,152,,,,,,,,,,,,,,,,,,,,251,461,557,,51,,,755,420,521,,365,,,,,,,,,,,,,131,,205,14,81,762,,,,,,,,,,294,,,,,,,,,90,,,,,,,,,,121,,,,,,,,,,,,,,,,,408,3,,,,387,,352,,,,263,,602,,366,204,,,225,279,,,,,,,356,,123,,,,,,,,,,,126,67,12,3,,,,449,,,,100,344,,,46,,,,,,,,,,,,28,,,,,,,,,,,,102,,,77,92,,,203,490,327,,37,,142,,175,,,,94,,,,,254,,241,,97,136,793,,,47,,,,,,,,,,,,,,,,,,,,,,,,,,,,,,,,706,87,148,,636,,301,,458,284,350,,,,106,,,,,,52,,,,68,282,146,213,154,288,288,258,708,217,129,643,105,217,,,,,,,,,,,,,,,,,,,,,,,,,,,,,,,,,,,,,,,,,,,,,,,,,,,,710,143,115,265,23,209,290,,,181,274,334,92,115,,126,2,,319,191,429,247,,,,,,525,557,,,422,,177,109,,,262,
2026-09-09T18:25:01+00:00,192,,,,552,23,,173,260,299,,144,269,326,,,,,,,165,444,344,390,347,,,,,,1445,,,,149,,,,,,,,,,,,,,,,,,,77,,5,40,,,,,18,,220,80,,,14,11,,,,248,,,,,,,,,,,,,,,6,138,350,129,195,404,,,221,169,321,21,410,52,97,89,195,262,231,133,161,753,44,669,,,253,274,,248,1017,,,,8,119,202,896,190,260,491,,102,387,,,,,,,,,,,,,,,,,,,,,,,,,,,,,,,,,,,,252,460,,378,,,,,,529,,370,,428,1278,305,,353,121,,303,322,504,202,133,,,16,83,766,,,,,,,,,,,,,,,,,,,91,,,,,,,,,,123,,,,,,,,,,65,,,,,,159,412,2,,254,,388,,359,49,,,269,,611,340,367,,,,,280,77,,1238,,,,,,,,,,,,,,,,,132,71,13,,,,,448,,,,99,345,,,48,,,,,,,,,,,,,,,,,,,,,,,,103,,44,,95,,,204,493,332,,,,141,,173,,,,93,,215,,,258,,248,,100,137,796,,,45,,250,279,66,1054,173,,69,,18,,,,,,,,,,,,,,,,,,,,,,722,86,150,79,639,,305,,464,288,354,,,143,108,,,,,,55,,,282,69,285,,219,160,293,,,715,,128,644,,,,,,,,,,,,,,,,,,,,,,,,,,,,,,,,,,,,,,,,,,,,,,,,,,,,,,714,144,119,270,21,215,,96,534,187,279,,,112,,132,-230,,324,,432,250,,,,,,,559,,,427,,178,108,,,277,91
2026-09-09T18:30:01+00:00,194,301,,127,555,26,,178,263,302,,145,270,330,,252,,,,,,445,,,351,,,,,44,1453,,72,,151,,,,,148,,,,,,,,,,129,,,,78,,,39,,,,,,,221,81,,,13,,,,,,,,,97,263,191,278,176,183,183,,,,430,8,145,352,133,197,409,6,,,,323,19,,55,98,90,193,267,232,,,,42,,,,,278,,,1018,,,,,,,,,,,,,,,,,,,132,,,,,513,,,,,,,,,,,,,,,,,,,,,,,,,258,464,556,381,52,,,754,421,533,,369,,,,,,,,,,,,,135,,206,16,86,768,,,,,,,,,,,,,,,,,,,,,,,,,,,,,,,,,,,,,,,,,,,,,,411,,,,,389,,361,52,,463,274,,618,,365,205,,,226,283,,,1237,,,,358,,125,,,,,,,,,,,135,73,12,4,,,,449,,,,,,,,49,,,,,,,,,,,,32,,,,,,,,,,,,107,,,76,94,121,,203,494,335,,,,142,,174,,,,,,219,,,,162,251,,,,797,,,43,,,287,,1053,178,,70,,26,,,,,,,,,,,,,,,,,,,,,,,,,,,,,,,,,,,,,,,,,,,,,,,,,,,,,,720,218,132,653,,216,53,118,362,,97,134,41,121,213,225,273,165,,124,,344,,192,51,,,,,,,,,,,,,,,,,,,,,,,,,,,,,,,,,717,,118,277,20,218,291,99,535,189,283,335,91,113,,134,,78,328,192,434,249,,,,,,,561,,,431,,,110,,,279,92
2026-09-09T18:35:01+00:00,196,302,,,559,,,182,,305,,143,271,333,,251,,,,,,,345,391,353,,62,,,,,,74,,,,,,,,147,,,,,,,,,,,,,,,4,38,16,,,,,,222,,,90,15,12,,,,252,,,147,100,,,,,,,,,,,,,,,,,,,,,,,,,,,,,,,,,,,,,,,,,,,,,,,210,904,192,261,492,,105,386,,,,,,,,,,,,,,,,,,,,,,,,,,,,,,,,,,,,262,462,557,385,54,,,758,422,537,,370,,427,1287,315,141,355,123,,,323,508,208,,,209,15,87,773,,,,,,,,,,,,,,,,,,,93,138,,,,,,,,,125,,,,,,,,,,,,,,,,,415,,143,,,396,,362,,,465,280,,622,339,369,214,,,,287,78,,1236,,,,,,,,,,,,,,,,,133,,15,3,,,,448,,,5,103,348,,,56,,,,,,,,,,,,,,,,,,,,,,,,110,,,77,,,74,199,496,344,,36,182,149,,176,,,,,,223,,25,264,,252,,101,138,798,,,,,,,,,,,,,,,,,,,,,,,,,,,,,,,,,,,727,87,,,638,,306,,465,294,,,,145,,,,,,,57,,,283,,288,,223,168,,289,259,726,220,133,,103,219,,,,,,,,,,,,,,,,,,,,,,,,,,,,,,,,,,,,,,,,,,,,,,,,,,,,,,,284,19,224,293,100,,195,293,336,93,,,137,1,80,327,193,436,252,,100,69,,,,564,,,435,,,,,,287,94
2026-09-09T18:40:01+00:00,,300,,,558,25,,186,266,308,,144,275,341,,,,,,,,,347,393,355,,,,,43,1454,,75,28,,,,,,,148,,,,31,,,,,,,,,,,5,,,,,,,,224,83,,,17,,,,,,,,,,265,192,,179,185,187,,,,432,12,154,356,135,198,419,10,270,,,332,21,,60,99,93,199,275,251,,163,755,40,673,,116,255,275,,254,1013,,,,13,,,,,,,,,,,,,,,140,,,,,,,,,,157,165,,,,,,,,,,,,,,,,,,,264,464,,392,56,,,765,424,547,,,,,,,,,,,,,,,,,,15,92,777,,,,,,,,,,296,,,,,,,,,92,139,,,,,,,,,127,,,,,,,,,,66,,,,,,,416,,,255,,,,,,,464,288,403,625,340,368,223,,,227,,80,,1237,,,,,,,,,,,,,,,,,134,74,,4,,,,449,,,,,,,,60,,,,,,,,,,,,,,,,,,,,,,,,113,,,78,,,,201,500,346,,37,183,150,,177,,,,,,225,,24,269,161,,,,,799,,,44,,251,292,,1056,182,,,,,,,,,,,,,,,,,,,,,,,,,,731,,149,,639,,310,,466,297,,,,146,109,,,,,,58,,,,68,291,,225,171,,290,,732,,,663,,218,,,,,,,,,,,,,,,,,,,,,,,,,,,,,,,,,,,,,,,,,,,,,,,,,,,,720,145,120,287,22,229,294,,,197,295,,94,,,138,5,,331,,438,,,,,,,,566,,,442,,,112,,,288,95
2026-09-09T18:45:02+00:00,199,303,,,564,27,,,268,310,,143,281,346,,252,,,,,,446,,398,358,,60,,,42,1456,,73,,,,,,,150,146,,,,,,,,,,,,,,,6,39,,,,,,,,,,91,16,,,,,254,,,,104,,,,,,,,,,,,,,,,,,,,,,,,,,,,,,,,,,,,,,,,,,,,,,,,912,193,262,,,107,389,,,,,,144,,,,,515,,,,,,167,,,,,,,,,,,,,,,,,,,,458,,397,59,,,779,,551,,,385,426,1301,330,145,369,128,,304,324,512,218,137,,208,15,93,778,,,,,,,,,,,,,,,,,,,,,,,,,,,,,128,,,,,,,,,,,,,,,,,423,,145,257,238,397,,360,,,465,291,,626,,373,242,131,,,292,79,,1238,,,,357,,,,,,,,,,,,,135,,13,3,,,,,,,,104,,,,64,,,,,,,,,,,,33,,,,,,,,,,,,125,130,,81,,,75,202,502,351,,,,151,,182,,,,94,,229,,,271,162,254,,102,137,802,,,,41,250,299,,1059,194,,71,,28,,,,,,,,,,,,,,,,,,,,,,,,,80,,,,,,,,,,147,,,,,,,,,,285,69,,,,184,,,,733,,139,669,,,,,,,,,,,,,,,,,,,,,,,,,,,,,,,,,,,,,,,,,,,,,,,,,,,,,,723,,123,294,24,232,295,97,536,199,299,338,98,114,,,6,,332,,441,253,,,,,,,567,125,,446,,,113,,,292,
2026-09-09T18:50:01+00:00,200,,,,565,,,191,270,312,,144,282,351,,,,,,,,,349,403,361,,,,,43,1458,,74,29,152,,,,,149,148,,,,,,,,,,,,45,77,,4,,,,,,15,,,,232,,,,,,,253,,,,105,268,195,281,183,,191,,,,435,23,171,364,144,199,435,16,272,,170,348,22,409,,100,98,202,280,261,,165,761,44,691,,115,259,278,192,257,1018,,,,16,,,,,,,,,,,,,,,,,,,,,,,,,,,,,,,,,,,,,,,,,,,,,268,461,,398,61,,,784,,555,,372,,,,,,,,,,,,,142,,209,15,95,779,,,,,,,,,,,,,,,,,,,94,,,,,,,,,,129,,,,,,,,,,,,,,,,,434,,,,239,,,362,54,,464,292,,628,341,374,247,,,,291,80,,1239,,,,358,,,,,,,,,,,,,139,,14,5,,,,,,,6,110,,,,66,,,,,,,,,,,,,,,,,,,,,,,,123,,45,86,95,,74,204,503,357,,,185,154,,186,,,,,164,232,,27,273,,260,,103,,804,,,45,42,247,304,67,1065,201,,78,,34,,,,,,,,,,,,,,,,,,,,,,,,150,,644,,,,467,299,355,,,146,,,,,,,60,,,288,,,,229,195,,,260,740,223,142,666,104,219,,123,369,,98,137,39,123,218,238,289,168,,126,,348,,,82,,,,,,,,,,,,,,,,,,,,,,,,,,,,,,,,,724,,129,296,23,236,,98,,200,303,,99,116,,140,12,,334,,445,254,,,,,,,571,126,,447,,,116,,,297,
2026-09-09T18:55:02+00:00,201,,56,128,569,28,,195,273,313,,143,285,,,,,,,,,447,350,409,365,,62,,,,1459,,75,31,155,,,,,,,,,,,,,,,,,,,,,5,38,,,,,16,,225,,233,,15,,,,,255,,,,107,,,,,,,,,,,,,,,,,,,,,,,,,,,,,,,,,,,,,,,,,,,,,,121,211,920,,266,490,,109,,,,,,,160,,,,,,,,,,,169,,,,,,,,,,,,,,,,,,,269,463,558,,64,,,791,427,559,,373,386,432,1311,345,146,370,130,90,,,521,224,,,214,15,98,783,,,,,,,,,,0,,,,,,522,,,96,140,,,,,,,,,130,,,,,,,,,,,,,,,,,446,1,150,256,240,398,,365,,,,295,,,342,377,255,130,,228,,,,,,,,,,,,,,,,,,,,,145,76,15,6,,,,,,,5,113,350,,,67,,,,,,,,,,,,32,,,,,,,,,,,,126,131,46,87,,122,72,207,504,358,,,186,156,,188,,,,,165,235,,,,,264,,,138,812,,,,45,249,308,,,207,,81,,37,,,,,,,,,,,,,,,,,,,,,,737,86,151,,653,,,,471,303,,,,148,112,,,,,,62,,,,72,293,,244,199,,291,,743,,146,669,107,224,,,,,,,,,,,,,,,,,,,,,,,,,,,,,,,,,,,,,,,,,,,,,,,,,,,,725,,134,303,27,238,,,538,,306,339,100,,,,16,81,337,194,446,256,,,,,,,570,,,453,,180,,,,,98
2026-09-09T19:00:02+00:00,,,,,570,31,,196,277,317,,148,288,356,,253,,,,,,,355,410,368,,,,,,,,77,,,,,,,,,,,,,,,,,,,,,78,,8,37,15,,,,,,227,85,,,19,,,,,258,,,,108,275,196,283,188,186,194,,,,,29,179,372,151,200,436,18,273,,172,360,21,,68,,99,210,281,279,,166,765,49,703,,,262,274,189,259,1023,,,,22,,,,,,,,,,,,,,,170,,,,,,,,,,158,172,,,,,,,,,,,,,,,,,,,271,465,,400,,,,796,426,563,,375,,,,,,,,,,,,,145,,216,16,100,786,,,,,,,,,,296,,,,,,523,,,,142,,,,,,,,,132,,,,,53,,,,,,,,,,,,451,2,,257,,401,,363,53,,,296,,632,341,379,264,,,,290,,,1240,,,,357,,126,,,,,,,,,,,,80,14,7,,,,,,,6,118,,,,72,,,,,,,,,,,,29,,,,,,,,,,,,125,,,,94,,,208,,356,,,,158,,189,,,,93,167,236,,,,163,267,,,,816,,,,46,,317,,1069,212,,84,,38,,,,,,,,,,,,,,,,,,,,,,,,,,,,,,,,,,,,,,,,,,,,,,,,,,,,,,745,226,149,673,,227,,,,,,,,,,,,,,,,,,,,,,,,,,,,,,,,,,,,,,,,,,,,,,,,,,,,,144,137,313,28,242,297,99,539,201,307,338,,,,141,14,,338,,,257,,,,,,,,,,455,,,117,,,296,101
2026-09-09T19:15:01+00:00,207,304,,,572,39,,204,286,319,,160,295,366,,256,,,,,166,451,356,415,374,,64,,,46,1460,,81,36,156,,,,,,149,,,,33,,,,,,,,,79,,9,41,14,,,,,2,231,86,,93,21,,,,,257,,,,109,274,204,,190,187,199,,,,440,38,203,375,166,202,456,29,278,222,173,380,24,411,85,101,102,219,286,302,134,,772,58,714,,,265,279,191,267,1021,,,,28,123,212,930,194,269,497,,,390,,,,,,188,,,,,518,,,,,161,176,,,,,,,,,,,,,,,,,,,276,462,559,408,66,,,838,429,569,,378,385,431,1317,375,,374,136,91,,322,527,237,152,,226,16,108,798,,,,,,,,,,,,,,,,,,,100,144,,,,,,,,,137,,,,,54,,,,,,,,,,,,483,0,159,259,241,403,,377,54,,,302,404,645,340,381,279,128,,,291,84,,1278,,,,358,,,,,,,,,,,,,,82,15,,,,,450,,,7,127,349,,,77,,,,,,,,,,,,28,,,,,,,,,,,,132,132,47,95,96,125,,212,518,363,,,,160,,192,,,,,171,249,,28,277,164,269,,105,,835,,,47,52,252,339,,1071,227,,92,,65,,,,,,,,,,,,,,,,,,,,,,744,87,155,,663,,,,473,308,356,,,151,115,,,,,,68,,,290,74,294,,252,213,,,267,753,230,156,692,111,235,,129,368,113,102,143,40,,227,243,296,167,,132,,352,,194,97,,,,,,,,,,,,,,,,,,,,,,,,,,,,,,,,,732,145,142,330,32,259,,98,,202,313,,,118,,145,20,83,339,,452,262,,,,,,,579,,,464,,181,114,,,370,104
2026-09-09T19:30:02+00:00,210,,57,,579,41,,214,290,321,,167,303,389,,262,,,,,,,366,424,375,,68,,,44,1459,,87,38,158,,,,,150,,,,,34,,,,,132,,356,46,80,,14,,13,,,,,20,235,87,,,25,11,,,,260,,,,117,273,205,286,191,188,207,,,,439,48,214,377,171,207,461,32,279,,172,385,27,410,97,,103,225,289,320,,168,774,65,721,,,266,277,,269,1017,,,,33,124,,934,,273,495,,110,,,,,,,203,,,,,523,,,,,165,177,,,,,,,,,,,,,,,,,,,285,466,558,418,67,,,860,430,576,,384,384,433,1325,401,147,375,143,93,,,529,243,156,,235,16,127,809,,,,,,,,,,,,,,,,,,,101,145,,,,,,,,,138,,,,,,,,,,,,,,,,160,493,17,160,260,,411,,383,61,,465,303,407,652,341,385,294,,,,292,86,,1375,,,,,,,,,,,,,,,,,157,98,19,11,,,,,,,9,134,346,,,89,,,,,,,,,,,,30,,,,,,,,,,,,126,,,108,100,134,73,,529,372,,38,,164,,196,,,,,182,260,,32,278,,275,,106,136,845,,144,50,55,,345,66,1073,235,,96,,95,,,,,,,,,,,,,,,,,,,,,,748,,167,,668,,309,,475,310,,,,152,114,,,,,,70,,,293,,297,,278,230,,,268,764,232,157,702,113,240,55,130,,111,105,146,45,130,236,250,305,170,,143,,359,,195,114,,,,,,,,,,,,,,,,,,,,,,,,,,,,,,,,,736,146,149,341,37,276,299,,542,203,,339,,122,,146,21,,345,195,455,263,,,,,,,580,,,471,,180,115,,,,108
2026-09-09T19:45:01+00:00,211,,,,586,43,,228,294,324,,174,310,396,,268,,,,,,450,373,432,,,71,,,45,1463,,89,41,,,,,,153,150,,136,,,,,,,133,,,,,,18,43,14,,,,,38,242,,,,28,10,112,,,269,,,,131,290,213,288,197,190,217,,,,441,59,229,390,183,209,484,39,,,168,391,26,411,106,100,105,236,297,336,133,,780,69,732,,116,270,284,192,280,1020,,,,,,,940,195,275,501,,112,,,,,,,223,,,,,,,,,,167,183,,,,,,,,,,,,,,,,,,,286,469,557,,,,,876,,583,,386,385,430,1334,435,148,390,164,,,,532,264,157,,245,16,136,822,,,,,,,,,,,,,,,,,,,102,146,,,,,,,,,139,,,,,,,,,,,,,,,,,501,,164,,,412,,390,68,,464,308,,656,,387,320,,,,296,90,,1389,,,,357,,,,,,,,,,,,,158,106,26,14,,,,,,,10,139,349,,,92,,,,,,,,,,,,29,,,,,,,,,,,,149,,48,113,103,,,213,,380,,39,188,170,,201,,,,92,185,267,,,280,,284,,,134,852,,,,57,,358,,1072,245,,98,198,112,,,,,,,,,,,,,,,,,,,,,,753,,170,,671,,310,,,312,,,,,111,,,,,,72,,,296,80,298,,306,234,,290,271,769,236,163,718,115,245,,138,,112,114,149,,133,254,255,314,172,,158,,361,,196,134,,,,,,,,,,,,,,,,,,,,,,,,,,,,,,,,,739,144,150,357,45,289,,97,545,,328,,99,124,,149,27,,352,196,459,264,,,,,,,583,,,474,,181,116,,,,109
2026-09-09T20:00:02+00:00,,305,,,593,44,,236,296,326,,182,315,417,,276,,,,,,449,381,439,,,75,,,43,1465,31,91,47,162,,,,,154,,,,,35,,,,,,,358,,,,20,42,,,,,,54,245,,,92,29,,,,,270,,,146,173,304,217,292,199,,218,,,,443,91,241,392,193,215,504,47,281,,166,407,25,415,121,99,109,245,315,350,135,169,782,71,744,,,272,280,196,284,1024,,1,487,60,,,943,197,280,504,,,,,,,,,232,,,,,524,,,,,170,188,,,,,,,,,,,,,,,,,,,291,468,554,419,,,,894,,599,,389,384,429,1342,445,,395,176,94,,,533,267,158,,249,16,137,837,,,,,,,,,,295,,,,,,,,,104,,,,,,,,,,142,,,,,,,,,,,,,,,,167,505,,166,261,,415,,395,71,,465,318,,660,,388,347,,,229,299,92,,1359,,,,,,,,,,,,,,,,,167,111,28,13,,,,,,,11,,351,,,97,,,,,,,,,,,,28,,,,,,,,,,,,157,133,47,116,107,147,74,214,532,390,,,189,175,,207,,,,90,186,274,,,281,,295,,,133,856,,142,49,64,251,372,67,,264,,108,,118,,,,,,,,,,,,,,,,,,,,,,757,,174,,692,,,,,317,,,,150,110,,,,,,74,,,298,85,,,327,245,,289,274,773,,172,729,119,246,53,140,364,114,120,150,,138,262,268,327,178,,169,,365,,,153,,,,,,,,,,,,,,,,,,,,,,,,,,,,,,,,,742,146,151,363,49,306,,,550,,330,341,100,123,,153,36,90,365,,462,266,,,,,,526,594,,,476,,,118,,,,114
2026-09-09T20:15:01+00:00,212,,,127,597,45,,243,298,327,,189,322,429,,284,,,,,,450,393,442,,,76,,,41,1467,,90,58,165,,,,,155,,,,,,,,,,,,360,,,,26,,,,,,,64,248,,,93,31,,,,,277,,,,211,,,,,,,,,,,,,,,,,,,,,,,,,,,,,,,,,,,,,,,,,,,,,,,,,,,,,,,,,,,,,,,,,,,,,,,,,,,,,,,,,,,,,,,,,,,,,,,,,,,,,,,,,,,,,,,,,,,,,,,,,,,,,,,,,,,,,,,,,,,,,,,,,,,,,,,,,,,,,,,,,,,,,,,,,,,,,,,,340,,667,342,392,411,,,,300,93,,1366,,,,,,,,,,,,,,,,,,,,,,,,,,,,,,,,,,,,,,,,,,,,,,,,,,,,,,,,,,,,,,,,,,,,,,,,,,,,,,,,,,,,,,,,,,,,,,,,,,,,,,,,,,,,,,,,,,,,,,,,,768,88,,,712,,312,,,321,,,,148,111,,,,,,75,,,301,86,,,344,249,,288,,,,,,,,,,,,,,,,,,,,,,,,,,,,,,,,,,,,,,,,,,,,,,,,,,,,,,,,,,,743,145,154,390,61,327,300,,553,,336,,,131,,159,41,91,368,,,272,,,,,,,613,,,498,,,121,,,,117
2026-09-09T20:15:02+00:00,,,,,,,,,,,,,,,,,,,,,,,,,,,,,,,,,,,,,,,,,,,,,,,,,,,,,,,,,,,,,,,,,,,,,,,,,,,,,,325,218,291,203,,222,,,,445,95,249,397,199,217,517,54,,,168,425,,,133,98,110,251,319,360,,,783,72,754,,117,274,277,,285,1029,,,,63,,,944,195,,507,,111,,,,,,,237,,,,,525,,,,,,191,,,,,,,,,,,,,,,,,,,298,471,,423,,,,923,432,606,,393,,427,1351,464,149,396,189,95,,325,536,275,160,,255,17,141,842,,,,,,,,,,296,,,,,,522,,,106,148,,,,,,,,,143,,,,,,,,,,67,,,,,,175,512,,167,263,,418,,401,73,,,,,,,,,,,,,,,,,,,,,,,,,,,,,,,,,,,,,,,,,,,,,,,,,,,,,,,,,,,,,,,,,,,,,,,176,,50,121,111,,,,533,405,,,,174,44,216,,,,,187,278,,,,,308,,108,134,858,,,48,75,0,393,,1095,286,,119,,134,,,,,,,,,,,,,,,,,,,,,,,,,,,,,,,,,,,,,,,,,,,,,,,,,,,,,275,776,237,173,754,120,249,52,146,,,121,153,47,137,284,279,331,184,,177,,367,,,162,,,,,,,,,,,,,,,,,,,,,,,,,,,,,,,,,,,,,,,,,,,,,,,,,,,,,,,,,,,,,,,,,,,,,,,
2026-09-09T20:30:02+00:00,,307,,126,612,44,,247,302,329,,197,328,437,,287,,,,,,,395,444,,,79,,,40,1468,,94,62,166,,,,,153,151,,,,,,,,,,,,47,,,28,44,,,,,15,80,255,,,94,42,,,,,286,,,,249,345,,,,,223,,,,,114,269,401,262,221,527,61,282,,165,441,,416,157,99,111,256,325,371,137,172,787,74,772,,112,275,280,205,295,,,,,74,,,946,198,,508,,116,,,,,,,250,,,,,527,,,,,171,192,,,,,,,,,,,,,,,,,,,302,472,,,,,,942,433,611,,396,,428,1354,477,151,406,191,,,326,538,277,,,263,17,145,861,,,,,,,,,,295,,,,,,,,1,108,,,,,,,,,,144,,,,,53,,,,,,,,,,,187,518,,,,,,,,74,14,464,346,,666,,394,427,128,,230,299,92,,,,,,,,,,,,,,,,,,,,,,,,,,,,,,,,,,,,,,,,,,,,,,,,,,,,,,,,,,186,,,,113,,73,,535,419,,,,176,,218,,,,89,188,285,,,284,168,310,,110,,872,,143,,84,,400,66,1102,305,,120,,144,,,,,,,,,,,,,,,,,,,,,,774,,,,723,,313,,,323,357,,,149,112,,,,,,,,,305,89,,,348,250,,,279,778,238,175,759,121,256,49,150,,117,126,156,49,134,302,286,347,189,,194,,369,,197,193,,,,,,,,,,,,,,,,,,,,,,,,,,,,,,,,,748,146,157,406,67,334,,,558,,341,,99,133,,160,45,97,372,,464,,,,,,,,620,,,500,,182,120,,,,119
2026-09-09T20:45:02+00:00,213,309,,,625,45,,256,304,325,,205,330,443,,324,,,,,,451,406,448,,,80,,,,1470,,98,63,165,,,,,154,,,,,36,,,,,,,361,,79,,35,,,,,,13,85,256,,234,95,44,,,,,287,,,150,252,366,,,204,,,,,,446,127,277,406,270,220,540,63,285,,164,451,,417,168,100,,258,331,383,140,,791,75,780,,114,281,281,203,303,1036,,,,76,,,948,199,,512,,119,,,,,,,254,,,,,528,,,,,175,,,,,,,,,,,,,,,,,,,,305,473,,425,,,,949,434,612,,397,385,431,1357,500,152,412,194,96,303,,544,287,162,,261,17,147,881,,,,,,,,,,296,,,,,,523,,5,110,,,,,,,,,,,,,,,,,,,,,,,,,,197,521,16,,265,,419,,,,,465,347,,,,397,452,127,,,,94,,1368,,,,,,,,,,,,,,,,,,,,,,,,,,,,,,,,,,,,,,,,,,,,,,,,,,,,,,,,187,,,122,,,,216,536,425,,,190,182,,217,,,19,,190,,,,287,,,,111,,875,,144,,88,,408,67,1111,307,,124,,156,,,,,,,,,,,,,,,,,,,,,,783,,176,,,,314,,,,358,,,150,,,,,,,,,,308,,,,352,259,,,,783,246,181,761,,258,,158,365,,133,158,,135,306,292,362,194,,219,,371,,,209,,,,,,,,,,,,,,,,,,,,,,,,,,,,,,,,,,147,162,413,70,342,,,,,347,342,100,137,,161,49,98,373,,,,,,,,,,623,127,,501,,,121,,,,124
2026-09-09T21:00:02+00:00,212,,,,628,,,260,306,327,,207,332,455,,329,,,,,,453,418,449,,,81,,,41,1471,,101,,164,,,,,,,,,,38,,,,,,,362,,,,,,15,7,,,14,88,,,,96,43,,,,,289,,,153,256,367,,,205,,224,,,,,132,285,410,272,,552,65,,,167,460,24,,176,98,112,262,336,397,141,170,793,78,783,,118,286,286,,309,1040,,,,78,,,949,,,514,,,,,,,,,260,,,,,529,,,,,177,,,,,,,,,,,,,,,,,,,,,,,,,,,,,,,,,,,507,,411,200,,,327,546,289,164,,266,17,146,888,,,,,,,,,,,,,,,,,,,114,,,,,,,,,,145,,,,,,,,,,,,,,,,201,523,,169,,,,,,,,463,,406,,,,483,,,,300,,,,,,,,,,,,,,,,,,,,,,,,,,,,,,,,,,,,,,,,,,,,,,,,,,,,,,,,,,,206,,51,,114,,,215,539,429,,,,183,,218,,,,,193,,,33,,,,,113,,876,,,,90,,413,,1112,309,,126,,157,,,,,,,,,,,,,,,,,,,,,,786,89,,,722,,,,,,359,,,151,,,,,,,,,,311,88,,,,,,,,784,249,184,762,,259,,159,367,,,,50,141,318,297,376,200,,233,,,,198,221,,,,,,,,,,,,,,,,,,,,,,,,,,,,,,,,,,,163,417,72,344,,,563,204,351,,,,,162,53,99,,,,,,,,,,,625,,,504,,,,,,,
2026-09-09T21:15:01+00:00,,308,,,630,44,,262,,329,,213,333,470,,343,,,,,,461,,451,,,,,,38,,,103,,,,,,,157,,,135,,,,,,,132,,,,,,34,,,15,,,,91,,,,,44,,,,,294,,,154,257,373,,,,,,,,,447,136,296,,276,221,562,67,,,166,471,,,183,,,270,338,412,143,,795,,785,,,287,288,202,315,1043,,,,81,125,,953,,,517,,120,,,,,,,275,,,,,,,,,,178,193,,,,,,,,,,,,,,,,,,,306,,555,424,,,,965,,,,399,,432,1363,518,151,409,207,,,328,,291,167,,269,17,147,893,,,,,,,,,,,,,,,,,,,,,,,,,,,,,146,,,,,,,,,,,,,,,,204,532,,,266,,,,,,,,349,407,,,398,511,128,,231,301,98,,1369,,,,,,,,,,,,,,,,,,,,,,,,,,,,,,,,,,,,,,,,,,,,,,,,,,,,,,,,218,134,,123,115,,,,540,431,,,,184,,,,,,,198,,,,288,,,,115,,877,,,49,96,,424,,1115,312,,129,,165,,,,,,,,,,,,,,,,,,,,,,796,,,,723,,,,,,,,,152,,,,,,,,,,,89,,,358,,,,149,760,255,187,693,80,261,,160,369,,135,159,51,146,321,300,380,204,,241,,,,,224,,,,,,,,,,,,,,,,,,,,,,,,,,,,,,,,,694,146,164,419,73,,,,,,353,,,138,,,,,374,,,,,,,,,,,,,506,,183,124,,,,125
2026-09-09T21:30:01+00:00,213,309,,,632,,,265,308,331,,214,334,,,346,,,,,,463,419,452,,,,,,,1473,,104,62,,,,,,,,,133,,,,,,,131,,,,,,36,,,14,,,,,255,,,,46,,,,,296,,,,258,,,,,,,,,,448,149,304,412,280,222,585,68,,,169,478,26,,184,,113,273,341,425,,,796,,793,,,,285,203,321,1042,,,,84,,,,,,518,,122,,,,,,,279,,,,,,,,,,182,195,,,,,,,,,,,,,,,,,,,309,474,,,,,,972,,613,,402,,430,,523,,,209,99,,,,297,,,270,17,149,892,,,,,,,,,,,,,,,,,,,,149,,,,,,,,,147,,,,,,,,,,,,,,,,,,,,,242,,,400,73,,462,348,,,,,527,,,,302,,,1370,,,,,,,,,,,,,,,,,,,,,,,,,,,,,,,,,,,,,,,,,,,,,,,,,,,,,,,,224,135,,124,116,,,217,541,,,,,185,,220,,,,,,,,,291,,,,,135,,,,50,97,,427,,1124,321,,,,170,,,,,,,,,,,,,,,,,,,,,,802,,177,,,,,,,,,,,,113,,,,,,,,,313,88,,,364,261,,,,,254,,,,262,51,162,370,,,,,,324,306,385,207,,244,,373,,,225,,,,,,,,,,,,,,,,,,,,,,,,,,,,,,,,,695,,165,426,,346,,,564,,354,,,,,,56,,,,465,,,,,,,,628,,,,,,123,,,,
2026-09-09T21:45:02+00:00,214,,,,,43,,264,,,,219,,471,,,,,,,,,,451,,,,,,,1475,,,64,163,,,,,,152,,,,,,,,,,,361,,,,,,,11,,,,93,257,,,,,,,,,297,,,,259,,,,,,,,,,449,153,309,411,289,223,593,,284,,170,486,27,418,193,,,276,344,430,,169,797,,795,,,,284,202,324,1043,,,,,,,,,,519,,124,,,,,,,283,,,,,,,,,,,,,,,,,,,,,,,,,,,,,,313,475,556,,,,,977,435,614,,404,,428,1368,532,158,424,214,,,,547,299,169,,,17,150,,,,,,,,,,,,,,,,,,,,,,,,,,,,,,,,,,,,,,,,,,,,,,203,533,,170,,,,,401,74,,461,,,,,,531,,,,304,,,,,,,,,,,,,,,,,,,,,,,,,,,,,,,,,,,,,,,,,,,,,,,,,,,,,,,,,,,,,50,,,,74,,,432,,,191,184,,,,,,,,,,,,,,,,,878,,,51,98,,431,,1130,324,,130,,173,,,,,,,,,,,,,,,,,,,,,,808,88,178,,,,,,,,,,,,112,,,,,,,,,314,87,,,,263,,,,,258,,,,,,163,369,,,,,,326,307,386,206,,247,,374,,,226,,,,,,,,,,,,,,,,,,,,,,,,,,,,,,,,,703,,167,432,,348,,,565,,355,,100,139,,,60,,377,,,,,,,,,,629,,,,,,122,,,369,
2026-09-09T22:00:01+00:00,,,,127,634,,,,309,332,,224,335,,,,,,,,,462,,452,,,80,,,,,,,,,,,,,158,,,,,,,,,,,,,,,,37,,,12,,,,97,218,,,,,,,,,299,,,,,,,,,,,,,,450,159,311,413,293,,600,,286,,171,489,,417,,99,,279,,432,,,800,,804,271,,289,283,,326,,,,,,,,,,,,,,,,,,,,289,,,,,,,,,,,,,,,,,,,,,,,,,,,,,,,476,,425,,,,979,436,616,,,,,1370,535,,431,215,,,,,,170,,,17,,893,,,,,,,,,,,,,,,,,,6,,,,,,,,,,,146,,,,,,,,,,,,,,,,,,15,,,,,,,,,463,,,663,,,532,,,,308,,,1371,,,,,,,,,,,,,,,,,,,,,,,,,,,,,,,,,,,,,,,,,,,,,,,,,,,,,,,,,,,,,,,,542,431,,,,,,,,,20,90,,,,,,,,,116,,879,,,,,,434,,,326,,131,,,,,,,,,,,,,,,,,,,,,,,,811,,,,,,,,,,360,,,,,,,,,,,,,,,,,369,,,,,,,186,694,,263,,,368,,134,,,147,327,309,390,209,,254,,,,,,,,,,,,,,,,,,,,,,,,,,,,,,,,,,,,,,,,,435,,351,,,,,,,,,,,61,,,,,274,,,,,,,630,,,507,800,,,,,,
2026-09-09T22:15:02+00:00,215,,,,,,,265,,334,,,,,,,,,,,,,420,454,,,,,,39,,,103,,,,,,,160,153,,,,,,,,,,,362,,,,36,,,10,,,,99,,,,95,48,,,,,303,,,,260,,,,,,225,,,,451,164,312,,295,222,,,,,173,493,,,196,,,278,,,,,,,805,272,,290,,203,327,1042,,,,86,,,,199,280,523,,124,390,,,,,,292,,,,,,,,,,183,,,,,,,,,,,,,,,,,,,,315,475,,426,,,,982,,,,,,,1371,539,,,,101,,238,,300,,,267,17,151,895,,,,,,,,,,,,,,,,,,,,,,,,,,,,,147,,,,,,,,,,,,,,,,,,,171,272,,,,,,,462,,,,338,399,534,,,,,,,,,,,,,,,,,,,,,,,,,,,,,,,,,,,,,,,,,,,,,,,,,,,,,,,,,,,,,,,226,,,123,,,,,,432,,,,183,,,,,,,,,,,,,,,,,880,,143,,,,,,1131,327,,132,,,,,,,,,,,,,,,,,,,,,,,,,,,,,,,,,,,,,,,,,,,,76,,,,,,,366,,,,,,,,,,266,,,,,135,,,146,,,393,210,,258,,,,,,,,,,,,,,,,,,,,,,,,,,,,,,,,,,,,,,704,,,436,,,,,,,,,99,,,163,,,378,,467,273,,,,,,,632,,,,,,,,,370,126
2026-09-09T22:30:01+00:00,214,,,,636,,,,310,,,227,,,,,,,,,,,,455,,,,,,,1476,,105,,,,,,,,152,,,,,,,,,,,,,,,37,,,,,,,,219,,,,,9,,,,304,,,153,,,,,204,,,,197,,452,166,315,414,299,,602,,284,,172,496,,,199,,,279,345,434,145,,802,,806,273,,291,281,,329,,,,,,,,,,,524,,,,,,,,,295,,,,,530,,,,,,196,,,,,,,,,,,,,,,,,,,,474,557,,,,,,,617,,,,,,541,159,,217,,,,,,,,,17,,,,,,,,,,,,,,,,,,,,,,,,,,,,,,,,,,,,54,,,,,,,,,,,,,,,,,,,,,,,349,,,,,537,,,,,,,1370,,,,,,,,,,,,,,,,,,,,,,,,,,,,,,,,,,,,,,,,,,,,,,,,,,,,,,,,,136,,,,,,218,,,,,,181,,,,,,89,,,,,,,,,117,,881,,,,,,,,,,,,,,,,,,,,,,,,,,,,,,,,,,,813,89,,,,,,,,,,,,,111,,,,,,,,,,,,,,265,,,,,,,695,,,,,369,,,,,144,,310,394,212,,261,,,,,227,,,,,,,,,,,,,,,,,,,,,,,,,,,,,,,,,,,,438,,355,,,,204,356,,,,,,,,,,466,270,,,,,,,,127,,,,,,,,,
2026-09-09T22:45:01+00:00,,310,,,,,,,,333,,,336,,,,,,,,,,,,,,,,,38,,,104,65,,,,,,,,,,,,,,,,,,,,,,,,,12,,,,,221,,,,,,,,,,,,154,,372,,,,,,,198,,453,169,316,412,301,,603,69,,,,498,,,201,,,,347,435,146,,803,,807,,,292,282,,330,1045,,,,,,,,,,,,,,,,,,,,,,,,,,,,,,,,,,,,,,,,,,,,,,,,,317,,558,,,,,,,,,,,,1372,543,,,,,,240,,,,,268,17,,898,,,,,,,,,,,,,,,,,,,,,,,,,,,,,,,,,,,,,,,,,,,,,,,,,,,,,,,,,,,,337,,540,,,,307,99,,1372,,,,,,,,,,,,,,,,,,,,,,,,,,,,,,,,,,,,,,,,,,,,,,,,,,,,,,,,225,,,,,,73,,,,,,,,,,,,,90,,,,,,169,,,,,,,,,,,,,,,,,,,,,,,,,,,,,,,,,,,,,,,,,,,,,,,,,,,,,,,,,,,,,,,,88,,,364,,,,,,,,,,,,,,,,,,,,,,,,,,,,,,,,,,,,,,,,,,,,,,,,,,,,,,,,,,,,,,,144,166,439,,354,,,,,,,,,,,,,,,,271,,,,,,,,,,,,,,,,,
2026-09-09T22:45:02+00:00,,,,,,,,,,,,,,,,,,,,,,,,,,,,,,,,,,,,,,,,,,,,,,,,,,,,,,,,,,,,,,,,,,,,,,,,,,,,,,,,,,,,,,,,,,,,,,,,,,,,,,,,,,,,,,,,,,,,,,,,,,,,,,,,,,,,,,,,,,,,,,,,,,,,,,,,,,,,,,,,,,,,,,,,,,,,,,,,,,,,,,,,,,,,,,,,,,,,,,,,,,,,,,,,,,,,,,,,,,,,,,,,,,,,,,,,,,,,,,,,,,,,,,,,,,,,,,,,,,,,,,,,,,,,,,,,,,,,,,,,,,,,,,,,,,,,,,,,,,,,,,,,,,,,,,,,,,,,,,,,,,,,,,,,,,,,,,,,,,,,,,,,,,,,,,,,,,,,,,,,,,,,,,,,,,,,,,,,,,,,,,,,,,,,,,,,,,,,,,,,,,,,,,,,,,,,,,,,,,,,,699,,,,,,,,,,,,,,,,,,,,,,,,,,,,,,,,,,,,,,,,,,,,,,,,,,,,,,,,,,,,,,,,,,,,,,,,,,,,,,,,,,,,,,,,,,,,
2026-09-09T23:00:01+00:00,,,,,,,,,,,,230,,,,,,,,,,,,457,,,,,,,,,105,,,,,,,,,,,,,,,,,,,,,,,36,43,,13,,,,,,,,94,,,,,,306,,,,261,,,,,,,,,,454,171,317,,302,,,,,,173,499,,,,98,,,,436,,,,,,,117,,,204,,1047,,,,,,,,199,280,524,,123,390,,,,,,,,,,,,,,,,,195,,,,,,,,,,,,,,,,,,,,475,,,,,,984,,,,396,,,,,,,218,100,,,,,,,,17,,897,,,,,,,,,,,,,,,,,,,,,,,,,,,,,,,,,,,,,,,,,,,,,,534,,,,,,,,,,,,,,338,,544,,,,,,,,,,,,,,,,,,,,,,,,,,,,,,,,,,,,,,,,,,,,,,,,,,,,,,,,,,,,,,,,135,51,,,,,,,,,,,,,,,,,,,,,,,,,,,136,,,144,,,,,,,,,,,,,,,,,,,,,,,,,,,,,,,,,,,,,,,,,,,,,,,,,,,,,,,,,,,,365,,,,150,,,,,79,267,,,368,,,,,,329,,395,,,264,,,,,229,,,,,,,,,,,,,,,,,,,,,,,,,,,,,,,,,,146,,442,,,,,,204,355,343,99,,,,,99,379,,465,,,,,,,,,127,,,,,,,,,
2026-09-09T23:15:02+00:00,,,,,,,,,,,,233,337,,,,,,,,,,,,,,,,,,,,,,,,,,,162,,,,,,,,,,,,,,,,37,44,,,,,,,222,,,95,,,,,,305,,,,,373,,,,,,,,,,,321,,,,606,,,,,500,,,200,,,281,,,,,,,,,116,293,,,,1048,,,,,,,,,,,,124,,,,,,,,,,,,,,,,,,,,,,,,,,,,,,,,,,,,,,476,559,,,,,,,,,394,,,,,,430,,,,241,,,,,,17,,898,,,,,,,,,,,,,,,,,,,,,,,,,,,,,,,,,,,,,,,,,,,,,,,,173,,,,,,,,,,,,340,,548,,,,,,,1371,,,,,,,,,,,,,,,,,,,,,,,,,,,,,,,,,,,,,,,,,,,,,,,,,,,,,,,,228,,,,,,,,543,,,,,,,,,,,89,,,,,,,,,,,,,,,102,,437,,1135,332,,133,,184,,,,,,,,,,,,,,,,,,,,,,814,,179,,,,,,,,,,,,,,,,,,,,,,87,,,,,,,,,,,,,,,,,,,,,143,,,397,213,,266,,,,,,,,,,,,,,,,,,,,,,,,,,,,,,,,,,,,,,,,107,441,,,,,,,,,,,,,,,,,,272,,,,,,,631,,,546,,,,,,,
2026-09-09T23:30:01+00:00,,,,,,,,,,,,234,336,,,,,,,,,,,,,,,,,,,,,,,,,,,,,,,,,,,,,,,,,78,,,,,11,,,,,,,,,,,,,,,,,,262,,,,,,,,,,453,,323,,,,,,,,174,501,,,204,,114,,346,437,,,,,808,,,,283,,,,,,,,,,,,,525,,,,,,,,,,,,,,531,,,,,,,,,,,,,,,,,,,,,,,,,318,,,425,,,,986,,,,,,,,,,,,101,,,,,,,,17,,897,,,,,,,,,,,,,,,,,,,,,,,,,,,,,,,,,,,,,,,,,,,,,,535,,,,,,,,,,,,,,,,,,,,,,,,,,,,,,,,,,,,,,,,,,,,,,,,,,,,,,,,,,,,,,,,,,,,,,,,,,,,,,,,,,122,,,,,,433,,,,,,,,,,,,,,,,,,,,137,,,,,,,,,,,,,,,,,,,,,,,,,,,,,,,,,,,,812,,,,,,,,,,,,,,,,,,,,,,,,,,,366,,,,,,,,,,266,,,,,137,,53,142,,312,,,,,,,,,231,,,,,,,,,,,,,,,,,,,,,,,,,,,,,,,,,,,,443,,,,,,,,,,,,,,,,,,273,,,,,,,,,,,,,121,,,,
2026-09-09T23:45:01+00:00,,,,,,,,,,,,236,,,,,,,,,,463,,,,,,,,,,,,,,,,,,,,,,,,,,,,,,,,79,,,,,13,,,15,100,,,,,,,,,,,,,,,,,,,,226,,,,,,324,411,,,,,,,,502,,,,,,283,,438,,,,,,,,,,,,,,,,,,,,,,526,,,,,,,,,297,,,,,530,,,,,,,,,,,,,,,,,,,,,,,,,,477,561,,,,,988,,,,,,,,545,160,433,,,,,,,,,270,17,,898,,,,,,,,,,,,,,,,,,,,,,,,,,,,,,,,,,,,,,,,,,,,,,,,172,,,,,,,,,,,,,,,,,,,,,,,,,,,,,,,,,,,,,,,,,,,,,,,,,,,,,,,,,,,,,,,,,,,,,,,,,,,,,230,,,,,,,217,,,,,,,,219,,,,,,,,,,,,,,,,,,,,,,,,,,,,,,,,,,,,,,,,,,,,,,,,,,813,,,,,,,,,,,,,,,,,,,,,,,,,,,367,,,,,,,,,,,,,,118,,,,141,,,,,,269,,,,,232,,,,,,,,,,,,,,,,,,,,,,,,,,,,,,,,,,,,445,,,,,,,,,,,,,,,,,,,,,,,,,632,,,,,,120,,,,
