timestamp,bonn-bcp-parken-Rabinstrasse,bonn-bcp-parken-beethoven,bonn-bcp-parken-beetplatz,bonn-bcp-parken-bike-ride,bonn-bcp-parken-friedensplatz,bonn-bcp-parken-hauptbahnhof,bonn-bcp-parken-karstadt,bonn-bcp-parken-markt,bonn-bcp-parken-muensterplatz,bonn-bcp-parken-operngarage,bonn-bcp-parken-rheinaue,bonn-bcp-parken-stadthaus,bonn-bcp-parken-stadthaus-unten,bonn-bcp-parken-unigarage,braunschweig-parken-Parkhaus-Eiermarkt,braunschweig-parken-Parkhaus-Forschungsflughafen,braunschweig-parken-Parkhaus-Lange-Str-Nord,braunschweig-parken-Parkhaus-Magni,braunschweig-parken-Parkhaus-Packhof,braunschweig-parken-Parkhaus-Ring-Center,braunschweig-parken-Parkhaus-Schloss,braunschweig-parken-Parkhaus-Schutzenstrasse,braunschweig-parken-Parkhaus-Wallstrasse,braunschweig-parken-Parkhaus-Wilhelmstrasse,dresden-parken-Altmarkt,dresden-parken-Altmarkt-Galerie,dresden-parken-Ammonstrasse-Bus,dresden-parken-An-der-Frauenkirche,dresden-parken-Bahnhof-Neustadt,dresden-parken-Bluherstrasse,dresden-parken-Budapester-Strasse,dresden-parken-Centrum-Galerie,dresden-parken-Cossebaude,dresden-parken-Ferdinandplatz,dresden-parken-Fidelio-F-Finke-Strasse,dresden-parken-Frauenkirche-Neumarkt,dresden-parken-Freiberger-Platz,dresden-parken-GALERIA-Karstadt-Kaufhof,dresden-parken-Gompitz,dresden-parken-Grenzstrasse,dresden-parken-Haus-am-Zwinger,dresden-parken-Kaditz,dresden-parken-Klotzsche,dresden-parken-Kongresszentrum,dresden-parken-Kraftwerk-Mitte,dresden-parken-Langebruck,dresden-parken-Lindengasse,dresden-parken-Lingnerallee,dresden-parken-MESSE-DRESDEN-Parkplatz-P7,dresden-parken-Ostra-Allee,dresden-parken-Ostra-Ufer,dresden-parken-Palaisplatz,dresden-parken-Parkhaus-Mitte,dresden-parken-Pennrich,dresden-parken-Pieschener-Allee-Bus,dresden-parken-Pirnaische-Strasse,dresden-parken-Pirnaischer-Platz,dresden-parken-Prohlis,dresden-parken-Reick,dresden-parken-Reitbahnstrasse,dresden-parken-SP1-Strassburger-Platz,dresden-parken-SachsenEnergie-Center,dresden-parken-Sarrasanistrasse,dresden-parken-Schiessgasse,dresden-parken-Semperoper,dresden-parken-Stadtforum-Dresden,dresden-parken-Strehlener-Strasse,dresden-parken-Taschenbergpalais,dresden-parken-Terrassenufer,dresden-parken-Terrassenufer-Bus,dresden-parken-Theresienstrasse,dresden-parken-Weissig,dresden-parken-Weixdorf-Bad,dresden-parken-Wiener-Platz-Hauptbahnhof,dresden-parken-Wiesentorstrasse,dresden-parken-Wigardstrasse,dresden-parken-Wohrl-Florentinum,dresden-parken-World-Trade-Center,ffh-parken-bad-homburg-Am-Bahnhof,ffh-parken-bad-homburg-Louisen-Arkaden,ffh-parken-bad-homburg-Parkgarage-Karstadt,ffh-parken-bad-homburg-Parkgarage-Kurhaus,ffh-parken-bad-homburg-Parkgarage-Rathaus,ffh-parken-bad-homburg-Parkgarage-Schloss,ffh-parken-bad-homburg-Parkhaus-La-Vie,ffh-parken-bad-homburg-Parkhaus-am-Guterbahnhof,ffh-parken-bad-homburg-Parkhaus-am-Markt,ffh-parken-frankfurt-Aculeum,ffh-parken-frankfurt-Alt-Sachsenhausen,ffh-parken-frankfurt-Alte-Oper,ffh-parken-frankfurt-Am-Gericht,ffh-parken-frankfurt-Am-Theater,ffh-parken-frankfurt-Baseler-Platz,ffh-parken-frankfurt-Borse,ffh-parken-frankfurt-Burgerhaus-Bornheim,ffh-parken-frankfurt-Congresscenter-Messe-Frankfurt-Maritim-Hotel,ffh-parken-frankfurt-Friedrichsheim,ffh-parken-frankfurt-Gateway-Garden,ffh-parken-frankfurt-Goetheplatz,ffh-parken-frankfurt-Hafenpark-Quartier-NORD,ffh-parken-frankfurt-Hauptbahnhof-Sud,ffh-parken-frankfurt-Hauptwache,ffh-parken-frankfurt-Hotel-Intercontinental,ffh-parken-frankfurt-Hotel-Movenpick,ffh-parken-frankfurt-Junghofstrasse,ffh-parken-frankfurt-Konrad-Adenauer-Strasse,ffh-parken-frankfurt-Konstabler,ffh-parken-frankfurt-Mainzer-Landstrasse,ffh-parken-frankfurt-Mayfarth-Quartier,ffh-parken-frankfurt-Messeturm,ffh-parken-frankfurt-Mousonturm,ffh-parken-frankfurt-MyZeil-PalaisQuartier,ffh-parken-frankfurt-Opernturm,ffh-parken-frankfurt-Ordnungsamt,ffh-parken-frankfurt-P-R-Haus-Borsigallee,ffh-parken-frankfurt-P-R-Kalbach,ffh-parken-frankfurt-Parkhaus-Konigsteiner-Strasse,ffh-parken-frankfurt-Schiller-Passage,ffh-parken-frankfurt-Universitatsklinikum-Innengelande,ffh-parken-frankfurt-Universitatsklinikum-P2,ffh-parken-frankfurt-Universitatsklinikum-P5,ffh-parken-frankfurt-Universitatsklinikum-Sandhofstrasse,ffh-parken-frankfurt-Untermainanlage,ffh-parken-kassel-Atrium,ffh-parken-kassel-City-Point,ffh-parken-kassel-Friedrichsplatz,ffh-parken-kassel-Galeria,ffh-parken-kassel-Herkules-Besucherzentrum,ffh-parken-kassel-Kurfursten-Galerie,ffh-parken-kassel-Martinskirche,ffh-parken-kassel-Rathaus,ffh-parken-kassel-Schloss-Wilhelmshohe,ffh-parken-kassel-Wilhelmsstrasse,ffh-parken-mannheim-C1-Hauptverwaltung-MPB-Parkhaus,ffh-parken-mannheim-Collini-Center-Mulde-Parkplatz,ffh-parken-mannheim-D3-Tiefgarage,ffh-parken-mannheim-D5-Reiss-Museum-Tiefgarage,ffh-parken-mannheim-G1-Marktplatz-Tiefgarage,ffh-parken-mannheim-H6-Tiefgarage,ffh-parken-mannheim-Hauptbahnhof-P1-Tiefgarage,ffh-parken-mannheim-Hauptbahnhof-P2-Parkhaus,ffh-parken-mannheim-Hauptbahnhof-P3-Parkhaus,ffh-parken-mannheim-Hauptbahnhof-P5-Parkhaus,ffh-parken-mannheim-Klinikum-P3-Parkplatz,ffh-parken-mannheim-Klinikum-Tiefgarage,ffh-parken-mannheim-M4a-Parkplatz,ffh-parken-mannheim-N1-N2-Stadthaus-Parkhaus,ffh-parken-mannheim-N6-Komforthaus,ffh-parken-mannheim-N6-Standardhaus,ffh-parken-mannheim-SAP-Arena-P1-Parkplatz,ffh-parken-mannheim-SAP-Arena-P2-Parkplatz,ffh-parken-mannheim-SAP-Arena-P3-Parkplatz,ffh-parken-mannheim-SAP-Arena-P6-P8-Parkplatz,ffh-parken-mannheim-U2-Tiefgarage,ffh-parken-wiesbaden-PH-City-II,ffh-parken-wiesbaden-PH-Coulinstr,ffh-parken-wiesbaden-PH-Galeria-Kaufhof,ffh-parken-wiesbaden-PH-Karstadt,ffh-parken-wiesbaden-PH-Kurhaus-Casino,ffh-parken-wiesbaden-PH-Lili,ffh-parken-wiesbaden-PH-Luisenforum,ffh-parken-wiesbaden-PH-Luisenplatz,ffh-parken-wiesbaden-PH-Markt,ffh-parken-wiesbaden-PH-Mauritius,ffh-parken-wiesbaden-PH-Theater,ffh-parken-wiesbaden-TG-Lili,ffh-parken-wiesbaden-TG-RMCC,heilbronn-parken-Am-Bollwerksturm,heilbronn-parken-Bildungscampus-Mitte,heilbronn-parken-E-Quartiersgarage-Neckarbogen,heilbronn-parken-Harmonie,heilbronn-parken-Kathchenhof,heilbronn-parken-Kiliansplatz,heilbronn-parken-P-R-Karlsruher-Strasse,heilbronn-parken-Parkhaus-Experimenta,heilbronn-parken-Parkplatz-Hauptbahnhof,heilbronn-parken-Stadtgalerie,heilbronn-parken-Theaterforum-K3,heilbronn-parken-Wollhaus,ingolstadt-parken-Arena,ingolstadt-parken-Congressgarage,ingolstadt-parken-Festplatz,ingolstadt-parken-Hallenbad,ingolstadt-parken-Hauptbahnhof-Ost,ingolstadt-parken-Hauptbahnhof-West,ingolstadt-parken-Munster,ingolstadt-parken-Nordbahnhof,ingolstadt-parken-Reduit-Tilly,ingolstadt-parken-Schloss,ingolstadt-parken-Theater-Ost,ingolstadt-parken-Theater-West,konstanz-parken-Altstadt,konstanz-parken-Augustiner,konstanz-parken-Dobele,konstanz-parken-Fernbusbahnhof,konstanz-parken-Fischmarkt,konstanz-parken-Lago,konstanz-parken-Seerheincenter,mobilitaet-jena-Am-Anger,mobilitaet-jena-Am-Gries,mobilitaet-jena-Am-Planetarium,mobilitaet-jena-Am-Stadion,mobilitaet-jena-August-Bebel-Strasse,mobilitaet-jena-Bachstrasse,mobilitaet-jena-Busbahnhof,mobilitaet-jena-City-Carree,mobilitaet-jena-Eichplatz,mobilitaet-jena-Eisenbahndamm,mobilitaet-jena-Erbertstrasse,mobilitaet-jena-Ernst-Abbe-Strasse,mobilitaet-jena-Ernst-Haeckel-Strasse,mobilitaet-jena-Gartenstrasse,mobilitaet-jena-Goethe-Galerie,mobilitaet-jena-Grietgasse,mobilitaet-jena-Haeckelplatz,mobilitaet-jena-Holzmarkt,mobilitaet-jena-Krautgasse,mobilitaet-jena-Lassallestrasse,mobilitaet-jena-Lessingstrasse,mobilitaet-jena-Muhlenstrasse,mobilitaet-jena-Neue-Mitte,mobilitaet-jena-Paradiesbahnhof,mobilitaet-jena-Philosophenweg,mobilitaet-jena-Roland-Ducke-Weg,mobilitaet-jena-Schlossgasse,mobilitaet-jena-Seidelparkplatz,mobilitaet-jena-Seidelstrasse,mobilitaet-jena-Semmelweissstrasse,mobilitaet-jena-Sophienstrasse,mobilitaet-jena-Spitzweidenweg,mobilitaet-jena-Steinkreuz,mobilitaet-jena-Stoystrasse,mobilitaet-jena-Wagnergasse,mobilitaet-jena-Westbahnhof,mobilitaet-jena-Wiesenstrasse,mobilitaet-jena-Windberg,mobilitaet-jena-Wollnitzer-Strasse,mobilitaet-jena-Ziegelmuhlenweg,oldenburg-service-parken-Altes-Gymnasium,oldenburg-service-parken-CCO-Parkdeck-1,oldenburg-service-parken-CCO-Parkdeck-2,oldenburg-service-parken-Parkhaus-Alter-Stadthafen-Cinemaxx,oldenburg-service-parken-Parkhaus-Am-Waffenplatz,oldenburg-service-parken-Parkhaus-August-Carree,oldenburg-service-parken-Parkhaus-Bahnhof-ZOB,oldenburg-service-parken-Parkhaus-Galeria-Kaufhof,oldenburg-service-parken-Parkhaus-Heiligengeist-Hoefe,oldenburg-service-parken-Parkhaus-Schlosshoefe,oldenburg-service-parken-Parkhaus-Theatergarage,oldenburg-service-parken-Parkplatz-Pferdemarkt,oldenburg-service-parken-Parkplatz-Theaterwall,oldenburg-service-parken-Ratsherren,parken-in-bochum-P1-Husemannplatz,parken-in-bochum-P2-Dr-Ruer-Platz,parken-in-bochum-P3-Rathaus-BVZ,parken-in-bochum-P5-Bruckstrasse,parken-in-bochum-P6-Hauptbahnhof-Buddenbergplatz,parken-in-bochum-P7-Kurt-Schumacher-Platz,parken-in-bochum-P8-Konrad-Adenauer-Platz-Bermuda3Eck,parken-in-bochum-P9-Schauspielhaus,parken-in-bochum-PH-Alter-Markt-Wattenscheid,parken-in-bochum-PH-Bochumer-Fenster,parken-in-bochum-PH-Husemann-Karree,parken-in-bochum-PH-Massenbergstrasse,parken-in-bochum-PH-Quartiersgarage-Ostpark,parken-in-bochum-PH-Stadionring,parken-in-bochum-PH-Westpark-Jahrhunderthalle,parken-luebeck-Am-Bahnhof-Handelshof-Parkplatz-Strassenrand-Am-Bahnhof-Handelshof-Parkplatz-Strassenrand-Lubeck,parken-luebeck-Am-Burgfeld-Parkplatz-Am-Burgfeld-Parkplatz-Lubeck,parken-luebeck-Am-Fischereihafen-Parkplatz-Am-Fischereihafen-Parkplatz-Travemunde,parken-luebeck-Am-Leuchtenfeld-Leuchtturm-Parkplatz-Am-Leuchtenfeld-Leuchtturm-Parkplatz-Travemunde,parken-luebeck-Backbord-Parkplatz-Backbord-Parkplatz-Travemunde,parken-luebeck-Bahnhof-Parkplatz-Strassenrand-Bahnhof-Parkplatz-Strassenrand-Lubeck,parken-luebeck-Bauhof-Parkplatz-Bauhof-Parkplatz-Lubeck,parken-luebeck-Beckergrube-Parkplatz-Beckergrube-Parkplatz-Lubeck,parken-luebeck-Bruckenweg-Parkplatz-Bruckenweg-Parkplatz-Lubeck,parken-luebeck-Burgstrasse-Parkplatz-Burgstrasse-Parkplatz-Lubeck,parken-luebeck-Fahrstrasse-Parkplatz-Fahrstrasse-Parkplatz-Lubeck,parken-luebeck-Fahrvorplatz-Parkplatz-Fahrvorplatz-Parkplatz-Travemunde,parken-luebeck-Hafenbahnhof-Parkplatz-Hafenbahnhof-Parkplatz-Travemunde,parken-luebeck-Hermann-Lange-Strasse-Parkplatz-Hermann-Lange-Strasse-Parkplatz-Lubeck,parken-luebeck-Huxterdamm-Parkplatz-Huxterdamm-Parkplatz-Lubeck,parken-luebeck-Kanalstrasse-P2-Parkplatz-Kanalstrasse-P2-Parkplatz-Lubeck,parken-luebeck-Kanalstrasse-P3-Parkplatz-Kanalstrasse-P3-Parkplatz-Lubeck,parken-luebeck-Kanalstrasse-P4-Parkplatz-Kanalstrasse-P4-Parkplatz-Lubeck,parken-luebeck-Kanalstrasse-P5-Parkplatz-Kanalstrasse-P5-Parkplatz-Lubeck,parken-luebeck-Kanalstrasse-Strassenrand-Parkplatz-Kanalstrasse-Strassenrand-Parkplatz-Lubeck,parken-luebeck-Kirchenstrasse-Parkplatz-Kirchenstrasse-Parkplatz-Travemunde,parken-luebeck-Konrad-Adenauer-IHK-Parkplatz-Strassenrand-Konrad-Adenauer-IHK-Parkplatz-Strassenrand-Lubeck,parken-luebeck-Kowitzberg-Parkplatz-Kowitzberg-Parkplatz-Travemunde,parken-luebeck-Kurgartenstrasse-Parkplatz-Kurgartenstrasse-Parkplatz-Travemunde,parken-luebeck-Lastadie-P1-Parkplatz-Lastadie-P1-Parkplatz-Lubeck,parken-luebeck-Lastadie-P3-Parkplatz-Lastadie-P3-Parkplatz-Lubeck,parken-luebeck-Lastadie-P5-Parkplatz-Lastadie-P5-Parkplatz-Lubeck,parken-luebeck-Leuchtenfeld-Parkplatz-Leuchtenfeld-Parkplatz-Travemunde,parken-luebeck-Marlesgrube-Parkplatz-Marlesgrube-Parkplatz-Lubeck,parken-luebeck-Mowenstein-Parkplatz-Mowenstein-Parkplatz-Travemunde,parken-luebeck-MuK-Parkplatz-MuK-Parkplatz-Lubeck,parken-luebeck-Muhlenbrucke-Parkplatz-Muhlenbrucke-Parkplatz-Lubeck,parken-luebeck-Muhlendamm-Parkplatz-Muhlendamm-Parkplatz-Lubeck,parken-luebeck-Muhlenstrasse-Parkplatz-Muhlenstrasse-Parkplatz-Lubeck,parken-luebeck-Mullergarten-Parkplatz-Mullergarten-Parkplatz-Lubeck,parken-luebeck-Musterbahn-Parkplatz-Musterbahn-Parkplatz-Lubeck,parken-luebeck-Nordliche-Wallhalbinsel-Parkplatz-Nordliche-Wallhalbinsel-Parkplatz-Lubeck,parken-luebeck-Obertrave-Parkplatz-Strassenrand-Obertrave-Parkplatz-Strassenrand-Lubeck,parken-luebeck-Parade-Parkplatz-Parade-Parkplatz-Lubeck,parken-luebeck-Parkplatz-vor-dem-PH-Burgtor-Parkplatz-Parkplatz-vor-dem-PH-Burgtor-Parkplatz-Lubeck,parken-luebeck-Paul-Brummer-Strasse-Parkplatz-Paul-Brummer-Strasse-Parkplatz-Travemunde,parken-luebeck-Priwall-Parkplatz-Priwall-Parkplatz-Travemunde,parken-luebeck-Radisson-Blu-Parkplatz-Radisson-Blu-Parkplatz-Lubeck,parken-luebeck-Retteich-Parkplatz-Retteich-Parkplatz-Lubeck,parken-luebeck-Roeckstrasse-Parkplatz-Roeckstrasse-Parkplatz-Lubeck,parken-luebeck-Rose-Parkplatz-Rose-Parkplatz-Travemunde,parken-luebeck-Strandbahnhof-Parkplatz-Strandbahnhof-Parkplatz-Travemunde,parken-luebeck-Trelleborgallee-Parkplatz-Trelleborgallee-Parkplatz-Travemunde,parken-luebeck-Untertrave-Flache-1-Parkplatz-Strassenrand-Untertrave-Flache-1-Parkplatz-Strassenrand-Lubeck,parken-luebeck-Untertrave-Parkplatz-Untertrave-Parkplatz-Lubeck,parken-luebeck-Verwaltungszentrum-Muhlentor-Parkplatz-Verwaltungszentrum-Muhlentor-Parkplatz-Lubeck,parken-luebeck-Vogteistrasse-Parkplatz-Vogteistrasse-Parkplatz-Travemunde,parken-luebeck-Wallstrasse-Parkplatz-Wallstrasse-Parkplatz-Lubeck,parken-luebeck-Werner-Kock-Strasse-Parkplatz-Strassenrand-Werner-Kock-Strasse-Parkplatz-Strassenrand-Lubeck,parken-osnabrueck-11,parken-osnabrueck-13,parken-osnabrueck-16,parken-osnabrueck-17,parken-osnabrueck-18,parken-osnabrueck-19,parken-osnabrueck-21,parken-osnabrueck-22,parken-osnabrueck-23,parken-osnabrueck-24,parken-osnabrueck-25,parken-osnabrueck-26,parken-osnabrueck-27,parken-osnabrueck-28,parken-osnabrueck-29,parken-osnabrueck-30,parken-osnabrueck-31,parken-osnabrueck-32,parken-osnabrueck-33,parken-osnabrueck-34,parken-osnabrueck-35,parken-osnabrueck-36,parken-osnabrueck-37,parken-osnabrueck-38,parken-osnabrueck-39,parken-osnabrueck-40,parken-osnabrueck-41,parken-osnabrueck-43,parken-osnabrueck-44,parken-osnabrueck-45,parken-osnabrueck-46,parken-osnabrueck-49,parken-osnabrueck-50,parken-osnabrueck-51,regensburg-parken-Park-Ride-Parkplatz-Unterer-Wohrd,regensburg-parken-Park-Ride-Parkplatz-West,regensburg-parken-Parkhaus-Dachauplatz,regensburg-parken-Parkhaus-Dallmeier,regensburg-parken-Parkhaus-Regensburg-Arcaden,regensburg-parken-Parkhaus-St-Peters-Weg,regensburg-parken-Parkplatz-Dultplatz,regensburg-parken-Tiefgarage-Arnulfsplatz,regensburg-parken-Tiefgarage-Hauptbahnhof-Castra-Regina-Center,regensburg-parken-Tiefgarage-am-Theater-Bismarckplatz,reutlingen-parken-Am-Bahnhof,reutlingen-parken-Bahnhof,reutlingen-parken-Echaz-Zentrum,reutlingen-parken-Galeria-Kaufhof,reutlingen-parken-Gartentor-C-A-Mode,reutlingen-parken-Gartenviertel,reutlingen-parken-Kaiserpassage,reutlingen-parken-Klinikum-I,reutlingen-parken-Klinikum-II,reutlingen-parken-Konrad-Adenauer-Strasse-Eberhardstrasse,reutlingen-parken-Kronprinzenbau,reutlingen-parken-Lederstrasse,reutlingen-parken-Nordstern,reutlingen-parken-Obere-Wassere,reutlingen-parken-Parkgarage-Leonhardsplatz,reutlingen-parken-Parkhaus-Pomologie,reutlingen-parken-Rathaus-Tubinger-Tor,reutlingen-parken-Stadthalle,reutlingen-parken-Stadtmitte,reutlingen-parken-Unter-den-Linden,reutlingen-parken-Volksbank,sw-bielefeld-parken-Parkhaus-Am-Hauptbahnhof,sw-bielefeld-parken-Parkhaus-Am-Jahnplatz,sw-bielefeld-parken-Parkhaus-Am-Zwinger,sw-bielefeld-parken-Parkhaus-Ankergarten,sw-bielefeld-parken-Parkhaus-Bahnhofsviertel-1,sw-bielefeld-parken-Parkhaus-Bahnhofsviertel-2,sw-bielefeld-parken-Parkhaus-Centrum,sw-bielefeld-parken-Parkhaus-Karstadt,sw-bielefeld-parken-Parkhaus-LOOM,sw-bielefeld-parken-Parkhaus-Ritterstrasse,sw-bielefeld-parken-Parkhaus-Stadthalle,sw-bielefeld-parken-Parkpalette-Hermann-Delius-Strasse,sw-bielefeld-parken-Parkplatz-Friedenstrasse,sw-bielefeld-parken-Parkplatz-Grosse-Kurfursten-Str,sw-bielefeld-parken-Parkplatz-Hbf,sw-bielefeld-parken-Parkplatz-Herforder-Str,sw-bielefeld-parken-Parkplatz-Kunsthalle,sw-bielefeld-parken-Parkplatz-Mercatorstr,sw-bielefeld-parken-Parkplatz-Niederwall,sw-bielefeld-parken-Parkplatz-Teutoburger-Strasse,sw-bielefeld-parken-Parkplatz-Zentrum,sw-bielefeld-parken-Parkplatze-Werner-Bock-Strasse,sw-bielefeld-parken-Seidenstickerhalle,sw-bielefeld-parken-Tiefgarage-Altstadt-Carre,sw-bielefeld-parken-Tiefgarage-Am-Theater,sw-bielefeld-parken-Tiefgarage-Kesselbrink,sw-bielefeld-parken-Tiefgarage-Marktpassage-nicht-fur-gasbetriebene-Fahrzeuge,sw-bielefeld-parken-Tiefgarage-Neues-Rathaus,sw-bielefeld-parken-Tiefgarage-Welle,sw-bielefeld-parken-Tiefgarage-Willy-Brandt-Platz,sw-bielefeld-parken-Tiefgarage-und-Parkpalette-CineStar,swt-trier-parken-Basi,swt-trier-parken-City,swt-trier-parken-Hauptm,swt-trier-parken-Kons,swt-trier-parken-Osta,swt-trier-parken-ParkPlaza,swt-trier-parken-Vieh,tiefbauamt-nuernberg-parken-ADCOM-Center,tiefbauamt-nuernberg-parken-Adlerstrasse,tiefbauamt-nuernberg-parken-City-Park-Center,tiefbauamt-nuernberg-parken-Erler-Klinik,tiefbauamt-nuernberg-parken-Findelgasse,tiefbauamt-nuernberg-parken-Galeria-Kaufhof,tiefbauamt-nuernberg-parken-Hans-Sachs-Platz,tiefbauamt-nuernberg-parken-Hauptbahnhof,tiefbauamt-nuernberg-parken-Hauptmarkt,tiefbauamt-nuernberg-parken-Jakobsmarkt,tiefbauamt-nuernberg-parken-Katharinenhof,tiefbauamt-nuernberg-parken-PH-Nurnberger-Akademie,tiefbauamt-nuernberg-parken-Parkhaus-City-Point,tiefbauamt-nuernberg-parken-Parkhaus-Karstadt,tiefbauamt-nuernberg-parken-Parkhaus-Maximum,tiefbauamt-nuernberg-parken-Parkhaus-Wohrl,tiefbauamt-nuernberg-parken-Parkhausname,tiefbauamt-nuernberg-parken-Sebalder-Hofe,tiefbauamt-nuernberg-parken-Sterntor,tiefbauamt-nuernberg-parken-Theater,vmz-bremen-parken-Am-Bahnhof,vmz-bremen-parken-Am-Brill,vmz-bremen-parken-Am-Dom,vmz-bremen-parken-Am-Kuhhirten,vmz-bremen-parken-Am-Sedanplatz,vmz-bremen-parken-Am-Vegesacker-Hafen,vmz-bremen-parken-Am-Wall,vmz-bremen-parken-Aumunder-Markplatz,vmz-bremen-parken-Beckersweide,vmz-bremen-parken-Burgerweide,vmz-bremen-parken-Burgerweide-Klangbogen,vmz-bremen-parken-City-Gate,vmz-bremen-parken-Fresenbergstrasse-P1,vmz-bremen-parken-Fresenbergstrasse-P2,vmz-bremen-parken-Herdentor-Rembertiring,vmz-bremen-parken-Hillmannplatz,vmz-bremen-parken-Im-Pohl,vmz-bremen-parken-Katharinenklosterhof,vmz-bremen-parken-Kunstlerhaus-Guterbahnhof,vmz-bremen-parken-Lubecker-Strasse,vmz-bremen-parken-Messe-Parkhaus,vmz-bremen-parken-Mitte,vmz-bremen-parken-Ortsamt-Blumenthal,vmz-bremen-parken-Ostertor-Kulturmeile,vmz-bremen-parken-Pressehaus,vmz-bremen-parken-Rowekamp-Metropol-Theater,vmz-bremen-parken-Sagerstr,vmz-bremen-parken-Silbermannstrasse,vmz-bremen-parken-Stephani,vmz-bremen-parken-Uberseestadt,vmz-bremen-parken-Weserstadion,vtmanager-duesseldorf-parken-FLOAT,vtmanager-duesseldorf-parken-Heerdt,vtmanager-duesseldorf-parken-PH-01,vtmanager-duesseldorf-parken-PH-02,vtmanager-duesseldorf-parken-PH-03,vtmanager-duesseldorf-parken-PH-04,vtmanager-duesseldorf-parken-PH-06,vtmanager-duesseldorf-parken-PH-08,vtmanager-duesseldorf-parken-PH-09,vtmanager-duesseldorf-parken-PH-10,vtmanager-duesseldorf-parken-PH-11,vtmanager-duesseldorf-parken-PH-12,vtmanager-duesseldorf-parken-PH-13,vtmanager-duesseldorf-parken-PH-16,vtmanager-duesseldorf-parken-PH-17,vtmanager-duesseldorf-parken-PH-18,vtmanager-duesseldorf-parken-PH-20,vtmanager-duesseldorf-parken-PH-22,vtmanager-duesseldorf-parken-PH-23,vtmanager-duesseldorf-parken-PH-24,vtmanager-duesseldorf-parken-PH-25,vtmanager-duesseldorf-parken-PH-26,vtmanager-duesseldorf-parken-PH-29,vtmanager-duesseldorf-parken-PH-33,vtmanager-duesseldorf-parken-PH-34,vtmanager-duesseldorf-parken-PH-35,vtmanager-duesseldorf-parken-PH-37,vtmanager-duesseldorf-parken-PH-39,vtmanager-duesseldorf-parken-PH-42,vtmanager-duesseldorf-parken-PH-43,vtmanager-duesseldorf-parken-PH-45,vtmanager-duesseldorf-parken-PH-46,vtmanager-duesseldorf-parken-PH-47,vtmanager-duesseldorf-parken-PH-48,vtmanager-duesseldorf-parken-PH-50,vtmanager-duesseldorf-parken-PH-51,vtmanager-duesseldorf-parken-PH-52,vtmanager-duesseldorf-parken-PH-53,vtmanager-duesseldorf-parken-PH-54
2026-09-19T00:00:01+00:00,205,314,58,118,650,52,,248,299,,220,244,248,332,485,,325,,,,1300,167,482,423,433,,,78,,,52,968,23,104,56,131,,,,,155,154,0,97,0,36,,,,,112,,381,44,119,,24,43,18,46,156,186,15,98,89,88,234,50,31,14,107,,,356,2,,110,264,373,230,280,184,200,222,21,198,63,522,117,312,497,290,204,586,79,319,217,270,486,213,432,149,141,119,313,318,346,171,175,830,69,790,288,115,270,274,165,296,926,18,6,471,76,,,,203,280,518,,132,385,,0,0,0,0,281,0,0,0,0,523,0,0,0,0,179,201,0,0,0,0,0,260,129,,10,219,370,255,292,86,181,74,150,89,299,437,543,434,68,230,,954,432,622,380,415,291,433,,404,155,205,219,92,187,257,465,287,,,232,15,150,893,,0,0,0,0,0,0,0,0,269,0,0,0,0,0,522,0,14,96,139,0,0,0,0,0,0,0,0,145,0,0,0,0,60,0,0,0,0,72,0,0,48,209,36,204,519,276,146,272,256,414,0,401,72,13,461,361,408,663,340,379,468,131,,236,389,85,,1383,,,,341,,64,,,,,,,,0,,,114,25,53,13,,,,450,,,0,190,212,,,169,,,,,,,,,,,,3,,,,,,,,,,,,313,138,42,125,116,151,84,200,524,418,37,32,360,184,14,192,5,0,20,85,197,281,0,33,289,180,301,200,105,143,885,39,142,57,,,,,,,,,,,0,118,209,289,84,0,0,343,343,116,0,314,0,343,209,135,289,200,249,0,0,684,80,198,75,723,,322,338,,313,369,,,164,110,,,,,,66,,,313,78,,,264,257,,219,419,850,248,179,693,87,267,35,140,370,118,130,159,48,31,311,268,335,238,0,201,31,364,,255,257,0,,,,,,,,,,,,,,,,,,,,,,,,,,,,,,,,716,146,118,288,76,337,284,90,567,207,287,340,100,91,,144,48,,259,190,440,190,360,,,,200,524,626,127,,540,,165,140,160,641,356,136
2026-09-19T00:15:01+00:00,,315,,,654,,,,,,,248,,,,,,,,,,,484,,,,,,,,,,,,,,,,,,,153,,,,,,,,,,,,,,,,,,,,,16,100,,,,,32,,,,,,,,,,,,,,,,,,,,116,314,498,,203,591,80,318,218,,485,,,155,,,,319,350,,,,,792,,,,,,298,924,,,,,,,,204,,520,,133,,,,,,,285,,,,,,,,,,181,,,,,,,,,,,,,,,,,,,,,,,,,,,959,433,623,,,290,,,430,,,222,,,,469,289,,,233,15,,,,,,,,,,,,,,,,,,,,,,,,,,,,,,,146,,,,,,,,,,,,,,,,,523,277,147,,,416,,,73,,,,,,,381,484,,,,,86,,,,,,,,,,,,,,,,,,,,,,,,,,,,,,,,,,,,,,,,,,,,,,,,,,,,,,,,,,315,,43,,,,83,,,,,,362,186,,193,,,,,198,,,,,,,,,,,,,,101,0,461,68,1085,124,0,115,202,203,,,,,,,,,,,,,,,,,,,,,,683,,,,722,,323,,,,,,,,,,,,,,67,,,,,,,,,,,,851,251,180,,,,36,143,,,,,,36,312,,342,240,,210,,365,,,259,,,,,,,,,,,,,,,,,,,,,,,,,,,,,,,,,715,,119,298,78,340,,,,,,,,,,,,83,267,,,,,,,,,,627,,,541,,,,,,,
2026-09-19T00:30:01+00:00,206,,,,,,,,,,,251,,,,,,,,,,,485,,,,,,,,,,,,,,,,,,,,,,,,,,,,,,,,,,,,,,,,,102,90,,,,,,,,,,,,,,,,,,,,,,,,121,315,499,,204,594,,,,,486,,,158,,,314,320,353,,,,,,,,271,273,,299,,,,,77,,,,,,523,,134,,,,,,,288,,,,,,,,,,183,,,,,,,,,,,,,,,,,,,,300,,545,435,,,,964,,,,,,,,435,,209,,94,,,470,,,,236,15,,,,,,,,,,,,,,,,,,,,,,,,,,,,,,,,,,,,,,,,,,,,,,,,525,288,,,,417,,400,,,460,,,,,382,490,,,,,,,,,,,,,,,,,,,,,,,,,,,,,,,,,,,,,,,,,,,,,,,,,,,,,,,,,,,,,,,318,,44,,117,,,199,526,,,,,,,,,,,,,,,,,181,,,106,,,,,,,,,,,,,,,,,,,,,,,,,,,,,,,,,,,,,687,81,,,723,,324,,,,370,,,,,,,,,,68,,,,79,,,277,,,,,,,,,,,35,146,371,,131,,49,39,314,,350,242,,214,,,,,261,,,,,,,,,,,,,,,,,,,,,,,,,,,,,,,,,716,,120,307,79,343,,,566,,288,,,,,,,,280,,441,,,,,,,,628,,,543,,,,,,,
2026-09-19T00:45:02+00:00,,,,,,,,249,,,,258,,,,,,,,,,,486,,,,,,,,,,,,,,,,,,,,,,,,,,,,,,,,,,,,,,,,,,91,,,49,31,,,,,357,,,,,,,,,,,,,,,130,319,502,289,,,81,,,,490,214,,165,,,317,321,357,,,,,,,,,274,,303,927,,,,,,,,203,,,,133,384,,,,,,,,,,,,,,,,,202,,,,,,,,,,,,,,,,,,,,436,546,,,,,969,,,,416,,434,,441,,210,225,92,188,,471,291,,,238,15,,,,,,,,,,,,,,,,,,,,,,,,,,,,,,,147,,,,,,,,,,,,,,,,,526,,,,,419,,401,74,,,362,,,339,,499,,,,,,,,,,,,,,,,,,,,,,,,,,,,,,,,,,,,,,,,,,,,,,,,,,,,,,,,,,,,,,,321,,,,,,,,527,417,,,363,,,192,,,,,,,,,,,,,,,,,,,,,,,,,,,,,,,,,,,,,,,,,,,,,,,,,,690,,,,,,,,,,371,,,,,,,,,,69,,,,,,,290,,,,,,,,,,,36,,,,,,50,,,271,,,,216,,366,,,264,,,,,,,,,,,,,,,,,,,,,,,,,,,,,,,,,705,,,320,83,,,,567,,,,,,,,49,83,286,191,,191,,,,,,,629,,,,,,142,,,,
2026-09-19T01:00:01+00:00,,,,,,,,250,,,,260,,,,,,,,,,,,,,,,,,,53,,,,,,,,,,156,,,,,,,,,,,,,,,,,,,47,,,,104,,,,,33,,,,,,,,,,,,,,,,,,,,135,320,501,290,,599,82,319,,,495,,,172,142,,318,,371,,,,,,,,272,,,,925,,,,78,,,,,,525,,134,,,,,,,291,,,,,,,,,,,,,,,,,,,,,,,,,,,,,,,437,547,,,,,971,,,,,,,,450,,,226,90,,,,,,,237,15,,894,,,,,,,,,,,,,,,,,,,,,,,,,,,,,,,,,,,,,,,,,,,,,,530,,,,,,,400,,,,,,,,,511,,,,,,,,,,,,,,,,,,,,,,,,,,,,,,,,,,,,,,,,,,,,,,,,,,,,,,,,,,,,,,,322,139,,,,,,,,,,,,,,,,,,,,,,,,,,,,,884,,,,,,,69,,,,,,,,,,,,,,,,,,,,,,,,,,,,691,,,,,,325,341,,,,,,,,,,,,,,,,,,,,299,,,220,,855,,181,,,,38,147,,,,,,40,312,272,,,,,,,,,270,,,,,,,,,,,,,,,,,,,,,,,,,,,,,,,,,,,121,331,86,,,,,,,341,,,,,,,296,192,442,192,,,,,,,630,,,536,,,,,,,
2026-09-19T01:15:01+00:00,,,,,,,,,,,,264,,331,,,,,,,,,488,,,,,,,,55,,,103,,,,,,,,,,,,,,,,,,,,,,,,,,,,,,107,,,235,,35,,,,,,,,,,,,,,,,,,,,138,,,,,601,,320,,,498,,433,175,,,320,320,376,,,,,,289,,,,,306,,,,,79,,,,,,526,,,,,,,,,,,,,,,,,,,184,203,,,,,,,,,,,,,,,,,,,,432,,436,,,,973,434,,,,,,,459,,,228,,,260,473,,,,238,15,,897,,,,,,,,,,,,,,,,521,,,,,,,,,,,,,148,,,,,,,,,,,,,,,,,532,,148,,,422,,399,,,,,,,,,515,,,,,,,,,,,,,,,,,,,,,,,,,,,,,,,,,,,,,,,,,,,,,,,,,,,,,,,,,,,,,,,326,140,45,127,,,,,528,,,,,,,193,,,,,,,,,,,,,105,,,,,,103,,475,,,176,,,,207,,,,,,,,,,,,,,,,,,,,,,,,,,,,,343,,,,,,,,,,,,,70,,,,,,,303,,,,,860,255,,,,,,148,,,,,,39,,273,,,,218,,,,,271,,,,,,,,,,,,,,,,,,,,,,,,,,,,,,,,,,,122,340,,,,,,,,,,,,,,,303,,,,,,,,,,632,,,,,,,,,,
2026-09-19T01:30:01+00:00,,,,,,,,,,,,265,,,486,,,,,,,,490,,,,,,,,,,,104,,,,,,,,152,,,,,,,,,111,,,,,,,,,46,,,,,,,,,,,,,,356,,,,,,,,,,,,,,,,,,,,606,,,,268,,,,179,,,321,321,385,,,829,,,,,273,,,,,,5,,,,,,,,,,133,,,,,,,295,,,,,,,,,,,,,,,,,,,,,,,,,,,,,,,434,,,,,,971,,,,,,,,464,,209,229,,,,474,,,,241,15,,896,,,,,,,,,,,,,,,,,,,,,,,,,,,,,,,,,,,,,,,,,,,,,,535,,,,,,,398,,,,,,,,383,522,,,,,,,,,,,,,,,,,,,,,,,,,,,,,,,,,,,,,,,,,,,,,,,,,,,,,,,,,,,,,,,330,,,,,,,,,418,,,,,,,,,,,,,,,,,,,,,,,,,,,,,,,,,,,,,,,,,,,,,,,,,,,,,,,,694,,,,,,,,,,,,,,111,,,,,,,,,,,,,310,,,,,866,,183,,,,,,,,,,51,40,,,351,243,,,,,,,278,,,,,,,,,,,,,,,,,,,,,,,,,,,,,,,,,,145,123,365,92,,,,,,,,,,,,,,317,,,,,,,,,,647,,,550,,,143,,,,
2026-09-19T01:45:02+00:00,205,,,,,,,251,,,,268,,,,,,,,,,,,,,,,,,,,970,,,,,,,,,,151,,,,,,,,,,,,,,,,,,47,,,,106,,,,,,,,,,,,,,,,,,,,,,,,,141,,,,,608,,,,,501,213,,181,,,323,322,387,,,,,794,,,,273,,,,,,,,,,,,,,,132,,,,,,,,,,,,,,,,,185,202,,,,,,,,,,,,,,,,,,,,436,546,434,,,,,435,,,,,,,470,,,,,,,,,,,242,15,,898,,,,,,,,,,,,,,,,522,,,,,,,,,,,,,,,,,,,,,,,,,,,,,,536,,,,,424,,,,,461,,,,,,529,,,,,,,,,,,,,,,,,,,,,,,,,,,,,,,,,,,,,,,,,,,,,,,,,,,,,,,,,,,,,,,,,,,,,,200,,,,,,,,,,,,,,,,,,,,,104,,,,,,,,,,,,,,,,,,,,,,,,,,,,,,,,,,,,,700,,,,,,,,,,372,,,,,,,,,,,,,,,,,323,,,,,867,256,,,,269,,151,,,132,,,43,,,353,,,217,,,,,284,,,,,,,,,,,,,,,,,,,,,,,,,,,,,,,,,,144,,379,93,342,,,,,289,,,,,145,,,327,,,,,,,,,,633,,,,,,,,,,
2026-09-19T02:00:02+00:00,206,,,,,,,,,,,,,332,487,,,,,,,,,,,,,,,,,972,,,,,,,,,,152,,,,,,,,,,,,,,,23,,,48,,,,,,,,,,13,,,,,,,,,,,,,,,,,,,144,,500,,,610,,,,,502,,,184,,,,323,394,,,,,795,,,275,,,308,,,,,,,,,,,,,,,,,,,,,,,,,522,,,,,,,,,,,,,,,,,,,,,,,,,301,438,545,,,,,973,,,,,,,,471,,208,,,,,,293,,,241,15,,897,,,,,,,,,,,,,,,,,,,,,,,,,,,,,,,,,,,,,,,,,,,,,,,287,,,,425,,399,,,,,,,,,534,,,,,,,,,,,,,,,,,,,,,,,,,,,,,,,,,,,,,,,,,,,,,,,,,,,,,,,,,,,,,,,,,,,118,,,,,,,,,,,,,,,,,,,,,,,,,,,,,,,,,,,,,,,,,,,,,,,,,,,,,,,,,,,,,705,,,,,,,344,,,,,,,,,,,,,,,,,,,,330,,,221,,869,,,,88,,,,,,,,,44,313,274,,,,,,367,,,285,,,,,,,,,,,,,,,,,,,,,,,,,,,,,,,,,,146,,397,,,,,,,,,,,,,,,329,,,,,,,,,,635,,,,,,,,,,
2026-09-19T02:15:01+00:00,,,,,,,,,,,,269,,,,,,,,,,,,,,,,,,,56,,,,,,,,,,,153,,,,35,,,,,,,,,,,,,,47,,,,,,,,,36,,,,,,,,,220,,,,,,,,,,,146,321,499,,,611,,,,,503,,,189,,,,322,398,,,,,,,114,,274,,310,924,,,,,,,,,,,,133,385,,,,,,,,,,,,,,,,186,,,,,,,,,,,,,,,,,,,,,437,,,,,,,433,,,,,,,478,,,230,88,,,,,,,,15,,,,,,,,,,,,,,,,,,,,,,,,,,,,,,,,,,,,,,,,,,,,,,,,547,,147,,,,,397,71,14,,,,,,384,532,,,,,,,,,,,,,,,,,,,,,,,,,,,,,,,,,,,,,,,,,,,,,,,,,,,,,,,,,,,,,,,331,,,,,,,,,,,,,,,,,,,,,,,,,,,,,,883,,,,107,,481,,,223,,,,209,,,,,,,,,,,,,,,,,,,,,,710,,,,,,,,,,,,,,,,,,,,,,,314,,,,335,258,,222,,,257,184,,,,40,154,370,,,,,,,,,,,,,,,,311,,,,,,,,,,,,,,,,,,,,,,,,,,,,,,,,,,,,408,94,,,,,,,,,,,,,,332,193,,,,,,,,,,,,553,,,,,,,
2026-09-19T02:30:01+00:00,,,,,,,,,,,,270,,,,,,,,,,,,,,,,,,,,,25,,55,,,,,,155,,,,,37,,,,,,,,,,,,,,,,,,,90,,,,39,,,,,,,,,219,,,,,,,,,,,,,,,,612,,,,,504,,,190,,,,,404,,,830,,794,,,274,272,,311,925,,,,,,,,,,,,132,,,,,,,,,,,,,,,,,187,,,,,,,,,,,,,,,,,,,,,436,,,,,,972,434,622,,,,,,479,,207,231,,,,,,,,,15,,896,,,,,,,,,,,,,,,,,,,,,,,,,,,,,,,,,,,,,,,,,,,,,,548,,,,,,,,74,,,,,,,,535,,,,,,,,,,,,,,,,,,,,,,,,,,,,,,,,,,,,,,,,,,,,,,,,,,,,,,,,,,,,,,,,,,,,,,,,,,,,,,,,,,,,,,,,,,,,,,,,,,,,68,,,,,,,,,,,,,,,,,,,,,,,,,,,,713,,,,,,,346,,,,,,,,,,,,,,,,,,,,337,,,223,420,,,,,,,41,155,,,,,,45,314,304,,,,,,,,,313,,,,,,,,,,,,,,,,,,,,,,,,,,,,,,,,,706,,,415,,,,,,,,,,90,,,,,336,194,,193,,,,,,,,,,550,,,,,,,
2026-09-19T02:45:01+00:00,,,,,,,,250,,,,,,,,,,,,,,,491,,,,,,,,,,26,105,,,,,,,,,,96,,,,,,,,,,,,,,,,,,,,,,,,,,,,,,353,,,,,,,,,,,,,,,148,,497,,,614,83,,,,505,,,193,,,,321,407,,,,,795,,,,270,,310,,,,,,,,,,,,,134,,,,,,,,,,,,,,,,,,,,,,,,,,,,,,,,,,,,,,437,,,,,,,431,623,,,,,,483,,,,87,,,,,,,,15,,895,,,,,,,,,,,,,,,,521,,,,,,,,,,,,,,,,,,,,,,,,,,,,,,,,145,,,427,,392,,,,,,,,385,538,,,,,,,,,,,,,,,,,,,,,,,,,,,,,,,,,,,,,,,,,,,,,,,,,,,,,,,,,,,,,,,,,,,,,,,,,,,,,,,,,,,,,,,,,,,106,,,,,,,,,,,,,,,,,,,,,,,,,,,,,,,,,,,,,,,,,,,,,,,371,,,,,,,,,,,,,,,,,339,,,,,,,,,,,,156,,,,,,,,305,,,,,,,,,316,,,,,,,,,,,,,,,,,,,,,,,,,,,,,,,,,,,,421,99,,,,,,290,,,,,144,,,341,,443,,,,,,,,,,,553,,,,,,,
2026-09-19T03:00:01+00:00,,,,,,,,,,,,272,,,,,,,,,,,492,,,,,,,,,974,,104,,,,,,,,,,,,,,,,,112,,,,,,,,,46,,,,103,,,,,41,,,,,,,,,,,,,,,,,,,,150,,,,,,,,,,507,,,195,,,,323,412,,,,,,,,,271,,312,924,,,,,,,,,,,,,,,,,,,,,,,,,,,,,,,,,,,,,,,,,,,,,,,,,,436,546,,,,,971,429,,,,,,,484,,,232,,,,,294,,,242,15,149,897,,,,,,,,,,268,,,,,,,,,,,,,,,,,,,147,,,,,,,,,,,,,,,,,,286,,,,,,386,,,,,,,338,386,541,,,,388,,,,,,,,,,,,,,,,,,,,,,,,,,,,,,,,,,,,,,,,,,,,,,,,,,,,,,,,,,,329,,,,,,,,,,,,,,,,,,,,,,,,,,300,,,,,,,,,,,,,,,,,,,,,,,,,,,,,,,,,,,,,,,,,,,,,,,,,,,,,,,,,,,,,,,,,,342,,,,,872,258,,692,,268,,,371,,,,,46,371,,,,,,,,,,319,,,,,,,,,,,,,,,,,,,,,,,,,,,,,,,,,,,,425,100,,,,,207,,,,,,,,,342,,,,,,,,,,,126,,555,,,,,,,
2026-09-19T03:15:02+00:00,205,,,,,,,249,,,,,,,,,,,,,,,,421,,,,,,,57,,,103,,,,,,,,,,,,36,,,,,,,,,,,,,,45,,,,104,,,,,,,,,,350,,,,,,,,,,,,,,,151,,498,,,615,,319,,,508,,,197,,,,,417,172,,,,,,,273,270,,,923,,6,,,,,,,,,,,390,,,,,,,,,,,,,,,,188,,,,,,,,,,,,,,,,,,,,,438,545,,,,,,425,,,,310,448,,395,,196,172,84,268,,374,209,,,,15,,,,,,,,,,,40,,,,,,,520,,,,,,,,,,,,,146,,,,,,,,,,,,,,,,,,,,,,428,,387,,,,,,661,336,,543,,,,,,,1382,,,,,,,,,,,,,,,,,,,,,,,,,,,,,,,,,,,,,,,,,,,,,,,,,,,,,,,,315,,,,,,,,,417,,,,,,,,,,,,,,,290,,,,,,882,,,,,,483,,,257,,,,212,,,,,,,,,,,,,,,,,,,,,,714,,,,,,,347,,,,,,,109,,,,,,,,,,,,,344,,,,,873,,,,,,,,,,,,,,372,,,,,,,,,,321,,,,,,,,,,,,,,,,,,,,,,,,,,,,,,,,,,145,124,429,,341,,,,,,,,,,,,,346,,,,,,,,,,,,,560,,,113,,,,
2026-09-19T03:30:01+00:00,,,,,,,,250,,,,,,,,,,,,,,,,420,,,,,,,,973,,,,,,,,,,,,,,,,,,,,,,,,,24,,,44,,,,102,,,234,,,,,,,348,,,,218,,,,,,,,,,,,,497,,,,,,,,,,,,,,,325,425,,174,,,,,,274,,,,925,,,,,,,,,,,,133,,,,,,,,,,,,521,,,,,,203,,,,,,,,,,,,,,,,,,,,432,,,,,,977,414,,,,,,,396,154,194,,,,,,,,,,15,,898,,,,,,,,,,,,,,,,519,,,,,,,,,,,,,,,,,,,,,,,,,,,,,,,280,,,255,,,386,,,460,,,659,,,545,,,235,389,,,1379,,,,,,,,,,,,,,,,,,,,,,,,,,,,,,,,,,,,,,,,,,,,,,,,,,,,,,,,314,,,,,,,,,416,,,,,,194,,,,,,,,,,,,,,,874,,,,,,,,,,,,,,,,,,,,,,,,,,,,,,,,,,,715,,,,,,,,,,,,,,,,,,,,,,,,,,,349,,,,,,,,,,,,157,,,,,,45,,,,,,,,366,,,323,,,,,,,,,,,,,,,,,,,,,,,,,,,,,,,,,,144,,435,,,283,,,,291,,,,,143,,83,347,,,,,,,,,,,,,,,,,,,,
2026-09-19T03:45:01+00:00,,,,,,,,,,,,,,,,,,,,,,,,,,,,,,,,,,,,,,,,,,,,,,,,,,,,,,,,,,,,,,,,,,,,,,,,,,,,,,,,,,,,,,,,,,,,,,,,,,,,,,,,,,,,,,,,,,,,,,,,,,,,,,,,,,,,,,,,,,,,,,,,,,,,,,,,,,,,,,,,,,,,,,,,,,,,,,,,,,,,,,,,,,,,,,,,,,,,,,,,,,,,,,,,,,,,,,,,,,,,,,,,,,,,,,,,,,,,,,,,,,,,,,,,,,,,,,,,653,334,387,543,,,,387,,,1375,,,,,,,,,,,,,,,,,,,,,,,,,,,,,,,,,,,,,,,,,,,,,,,,,,,,,,,,,,,,,,,,,,,,,,,,,,,,,,,,,,,,,,,,,,,,,,,,,,,,,,,,,,,,,,,,,,,,,,,,,714,,196,,722,,,,,,370,,,,108,,,,,,,,,313,,,,,257,,,,,,,,,,,,,,,,,,,,,,,,,,,,,,,,,,,,,,,,,,,,,,,,,,,,,,,,,,,,,,,,,,,,,,,,,,,,,,,,,,,,,,,,,,,,,,,,,,,
2026-09-19T03:45:02+00:00,,,,,,,,,,,,,,,,,,,,,,,,,,,,,,,,974,,104,,,,,,,157,,,,,,,,,,,,,43,,,23,,,43,,,,97,,,235,,,,,,,347,,,,217,,,,,,,,,,,153,,499,,,,84,,,,,214,432,198,,,,328,432,,,,,796,,,273,,,313,924,,,,,,,,,,,,132,,,,,,,,,,,,,,,,,,202,,,,,,,,,,,,,,,,,,,,437,547,,,,,,400,624,,415,,,,395,153,190,173,,,,375,208,,,243,15,,897,,,,,,,,,,,,,,,,520,,,,,,,,,,,,,,,,,,,,,,,,,,,,,,,258,,,,,,377,,,,,,,,,,,,,,,,,,,,,,,,,,,,,,,,,,,,,,,,,,,,,,,,,,,,,,,,,,,,,,,,,,,,,,,,308,,,,,,,,,415,,,358,,,195,,,,,,,,,287,,,,,,831,,,,,,,69,,,,,,,,,,,,,,,,,,,,,,,,,,,,,,,,,,,,,,,,,,,,,,,,,,,,,,,,,,,,872,259,,,,,,158,,116,,,,44,,306,355,,,,,,,,,,,,,,,,,,,,,,,,,,,,,,,,,,,,,,,,,,,,439,,,,,,207,,,,,,,48,,348,,,,,,,,,,637,127,,,,,,,,,
2026-09-19T04:00:02+00:00,,,,,,,,,,,,,,,,,,,,,,,493,,,,,,,,,973,,103,,,,,,,,,,94,,,,,,,,,,,,,22,,,,,,,98,,,,,,,,,,346,3,,,,372,,,,,,,,,,,320,501,,,617,83,,,,,,,199,,,,327,434,,,829,,795,288,,272,,163,315,923,,,,,,,,,,,,,,,,,,,,,,,,,,,,,,201,,,,,,,,,,,,,,,,,,,300,435,546,,,,,,381,,,,309,,,393,152,186,,,,,,206,,,,15,,898,,,,,,,,,,,,,,,,,,,,,,,,,,,,,145,,,,,,,,,,,,,,,,,547,239,143,,253,,,371,,,,351,,652,332,,,132,,,,,,1366,,,,,,,,,,,,,,,,,,,,,,,,,,,,,,,,,,,,,,,,,,,,,,,,,,,,,,,,301,,,126,,,82,196,527,,,,353,,,194,,,,,,,,,269,,,196,,,794,,,56,,,,68,,,,,,,,,,,,,,,,,,,,,,,,,,,,713,,194,,723,,324,,,307,368,,,,107,,,,,,71,,,,,,,350,,,,421,875,,,,,,,,,113,,,,,,,,,,,,,,,,,,,,,,,,,,,,,,,,,,,,,,,,,,,,,,,,,142,,446,,340,,,,,,,,,,,,,349,,,,,,,,,,,,,,,,,,,,
2026-09-19T04:05:01+00:00,,,,,,,,,,,,,,,,,,,,,,,,,380,,,,,,,950,,,,,,,,,,,,,,,,,,,,,,,120,,,,,,,,,,,,,,,,,,,,,,,220,,,,,,,,,,,,,,,,,,,,,,,,,,,,,,,,,,,,,,,,,,,,,,,,,,,,,,,,,,,,,,,,,,,,,,,,,,,,,,,,,,,,,,,,,,,436,547,,,,,,375,622,,,,,,392,150,181,,82,,,374,205,,,242,15,,897,,,,,,,,,,267,,,,,,,,,,,,,,,,,,,,,,,,,,,,,,,,,,,,,,,,,,,85,,,461,,,,331,386,,,,,,,,1363,,,,,,,,,,,,,,,,,,,,,,,,,,,,,,,,,,,,,,,,,,,,,,,,,,,,,,,,300,,,,,,,,,,,,352,,,,,,,,,,,,262,,,195,108,,789,,,,,,,,,,,,,,,,,,,,,,,,,,,,,,,,,,,,,,,,,,,,304,,,,,,,,,,,,,,311,,,,355,256,,,,,,183,,,267,,,372,111,,,,41,,,,,,,,365,,,324,,,,,,,,,,,,,,,,,,,,,,,,,,,,,,,,,,143,,447,,,,,,207,241,,,,,,47,,350,,,,,,,,,,636,,,,,,,,,,
2026-09-19T04:10:01+00:00,204,,,,,51,,,,,,273,,,,,,,,,,,,,,,,,,,58,,,,,,,,,,,,,,,,,,,,,,,,,,,,,,,,,99,,,,,,,,,,,,,,,,,,,,,,,,,,,502,288,,616,,327,,,,,,,,,,,433,,,,,,286,,,269,164,314,919,,,,,,,,,,,,,,,,,,,,,,,,,,,,,,,,,,,,,,,,,,,,,,,,,,434,546,,,,,976,370,,,,,,,,,,,,,,,,,,,15,,898,,,,,,,,,,266,,,,,,,,,,,,,,,,,,,,,,,,59,,,,,,,,,,,,,,,,,,,,,,,,,,,,544,,,,,,,,,,,,,,,,,,,,,,,,,,,,,,,,,,,,,,,,,,,,,,,,,,,,,,,,,,,,,,,298,,,,,,,,526,,,,,,,,,,,,,,,,257,,,,,144,,,141,,100,,484,,1078,281,,,201,214,,,,,,,,,,,,,,,,,,,,,,,,,,,,,,,303,,,,,,,,,,,,,,,,,,,,,,,,258,,,,,,,,110,130,,,40,,,,,,,,,,,,,,,,,,,,,,,,,,,,,,,,,,,,,,,,,,,,,142,,448,,,,,,,,339,,,,144,,,,,,,,,,,,,,,,,,,,,,,
2026-09-19T04:15:02+00:00,203,,,,,50,,,,,,,,,,,,,,,,,,417,,,,,,,,,,,,,,,,,,152,,93,,,,,,,,,,,,,,,,,,,,,,,,,40,,,,,,,,,219,370,,285,204,,,,,,,,,,,,,,,,,,,,,,,,,,,,,,,,,,,,,,,,,,,,963,203,280,526,,131,390,,,,,,293,,,,,,,,,,,,,,,,,,,,,,,,,,,,,,302,436,545,,,,,977,365,,,,308,,,,,163,,80,,259,,204,,,244,15,,,,,,,,,,,,265,,,,,,518,,13,,,,,,,,,,,146,,,,,,,,,,,,,,,,,,,142,,,427,,76,,,,,,,330,,,,,,388,,,1362,,,,,,,,,,,,,,,,,,,,,,,,,,,,,,,,,,,,,,,,,,,,,,,,,,,,,,,,291,138,50,,,,,,,,,,353,,,,,,,,,,,,256,,,,109,,788,,,,99,317,,,,,,,,174,,,,,,,,,,,,,,,,,,,,,,712,,,,,,,,,,367,,,,105,,,,,,,,,310,,,,,,,,,,,,,,,,,,,,,,,,,,,,,,,,,,,,,,,,,,,,,,,,,,,,,,,,,,,,,,,,,,,143,,449,,339,,,,206,,,,,,143,,,352,,,,,,,,,,,,,,,,,,,,
2026-09-19T04:20:01+00:00,,,,,,,,,,,,,,,,,,,,,,,,,,,,,,,,951,,,,,,,,,155,,,94,,,,,,,,,,,,,,,,,,,,101,,,,,,,,,,,,,,218,369,,,205,,,,,,,152,,503,289,,615,,,,,,,,,,,,,,,173,,,,,,,,165,,917,,,,,,,,,,,,,388,,,,,,292,,,,,,,,,,,,,,,,,,,,,,,,,,,,,,,437,,435,,,,975,360,,,,,,,,,,,,,,,,,,,,,,,,,,,,,,,,,,,,,,,,,,,,,,,,,,,,,,,,,,,,,,,,,,,,,,,,,,,,,,,,653,329,,543,,,,,,,1361,,,,,,,,,,,,,,,,,,,,,,,,,,,,,,,,,,,,,,,,,,,,,,,,,,,,,,,,,,,,,,,,,,,,,,,,,,,,,,,,,,,,,,,,,,,,,,,,,,,,,,,,,,,,,,,,,,,,,,,,,709,,,,,,,,,300,,,,,104,,,,,,,,,309,,,,,255,,,,,,,,,,,,,,,,,,,,,,,,,,,,,,,,,,,,,,,,,,,,,,,,,,,,,,,,,,,,,,,,450,,,,,,205,,,,,,,,,353,,,,,,,,,,,,,,,,,,,,
2026-09-19T04:20:02+00:00,,,,,,,,,,,,,,,,,,,,,,,,,,,,,,,,,,,,,,,,,,,,,,,,,,,,,,,,,,,,,,,,,,,,,,,,,,,,,,,,,,,,,,,,,,,,,,,,,,,,,,,,,,,,,,,,,,,,,,,,,,,,,,,,,,,,,,,,,,,,,,,,,,,,,,,,,,,,,,,,,,,,,,,,,,,,,,,,,,,,,,,,,,,,,,,,,,,15,,,,,,,,,,,,,,,,,,,,,,,,,,,,,,,,,,,,,,,,,,,,,,,,,244,,,,,,,,,,,,,,,,,,,,,,,,,,,,,,,,,,,,,,,,,,,,,,,,,,,,,,,,,,,,,,,,,,,,,,,,,,,,,,287,,,,,,83,,,,,,,,,,,,,,,,,,,,299,,,,,,,,,,,,,,,,,,,,,,,,,,,,,,,,,,,,,,,,,,,,,,,,,,,,,,,,,,,,,,,,,,,,,,,,,,,,,,,,,,,,37,,,356,,,,,,,,325,,,,,,,,,,,,,,,,,,,,,,,,,,,,,,,,,,,,,,,,,,,,,,,,,,,,,,,,,,,,,,,,,,,,,,,
2026-09-19T04:25:01+00:00,202,,,,,,,,,,,,,,,,,,,,,,,,,,,,,,,952,,,,,,,,,154,,,,,,,,,,,,,42,,,,,16,44,,,,105,,,,,,,,,,344,,,,,,,,,,,,,,,,,,,,,,,,,,,,,,,,,,,,,,,,,,,,,,,,,,,,,,,,,,,,,,,,,,,,,,,,,,,,,,,,,,,,,,,,,,,,,,,,,,,,,976,357,,,,,,,,147,157,172,79,,260,,,,,,15,,,,,,,,,,,,,,,,,,,,,,,,,,,,,,,,,,,,,,,,,,,,,,,,,250,140,,,,,73,,,,,,,328,,,,,,387,,,,,,,,,,,,,,,,,,,,,,,,,,,,,,,,,,,,,,,,,,,,,,,,,,,,,,,,,,,279,,,,,,,,,,,,,,,,,,,,,,,,254,,,,110,143,787,,,,,,,,,,,,,,,,,,,,,,,,,,,,,,,,,,,708,,,,,,,,,295,,,,,,,,,,,70,,,,80,,,354,,,222,420,,,184,,,,,,,,,,,,,,,,,,,,,,,,,,,,,,,,,,,,,,,,,,,,,,,,,,,,,,,,,,452,,,,,,,,339,,,,,46,,,,,,,,,,,,,,,,,,,,,,
2026-09-19T04:30:02+00:00,201,,,,,,,,,,,272,,,,,,,,,,,,415,,,,,,,,950,,,,,,,,,153,,,,,,,,,,,,,43,,,23,,17,45,,,,,,,,,,,,,,,,,,,368,,,,,,,197,,,,,,290,,614,,,,,,,,,,,322,326,436,,174,,,794,,,271,,,,,,,,,,,,,,,,,387,,,,,,,,,,,,,,,,,202,,,,,,,,,,,,,,,,,,,301,438,,,,,,,355,621,,,,,,,,,,,,,,,,,,14,,,,,,,,,,,,262,,,,,,,,,,,,,,,,,,,147,,,,,,,,,,,,,,,,,546,252,138,,254,,,69,,,,,,,,,542,,,,386,,,1360,,,,,,,,,,,,,,,,,,,,,,,,,,,,,,,,,,,,,,,,,,,,,,,,,,,,,,,,277,,,,,,,197,,,,,352,,,,,,,,,280,,,,,,194,,144,786,,,,97,,482,,1076,282,,,,173,,,,,,,,,,,,,,,,,,,,,,705,,193,,,,,,,292,368,,,,,,,,,,,,,,,,,353,253,,,,,,,,,,,,,,,,,,,,,,,,,,,,,,,,,,,,,,,,,,,,,,,,,,,,,,,,,,,,,,,,454,,,,,,205,,,,,,,,,,,,,,100,,,,,,,,,,,,,,,
2026-09-19T04:35:02+00:00,200,,,,,,,,,,,,,,,,,,,,,,,,340,,,,,,59,,,,,,,,,,,,,,,,,,,,,,380,44,,,,,,,,,17,,,,,,,,,,,343,,,,,,,,,,,,,,,,,,289,205,613,,,,267,,,,198,,,,,,,,,,,,,270,,168,,,,,,,,,,,,,,,,,,,,,,,,,,,,,,,,,,,,,,,,,,,,,,,,,,,,,,,,,,,354,,,,,,,395,,156,,,,,,,233,,,16,,897,,,,,,,,,,261,,,,,,,,,,,,,,,,,,,,,,,,,,,,,,,,,,,,,255,,271,,,,63,,,,350,,652,,,543,,,,,,,1359,,,,,,,,,,,,,,,,,,,,,,,,,,,,,,,,,,,,,,,,,,,,,,,,,,,,,,,,270,,,,,152,,,,,,,350,,,,21,,,,,,,,253,,,,111,,788,,,,94,316,483,,,,,,,172,,,,,,,,,,,,,,,,,,,,,,704,,,,722,,,,,285,,,,,103,,,,,,,,,308,,,,352,,,,,,,,,,,,,,,,,,36,,304,,,,,,,,,324,,,,,,,,,,,,,,,,,,,,,,,,,,,,,,,,,,,,,,340,,,,,,,,,,,,,,,,,,,,,,,,,,,,,,,,,
2026-09-19T04:40:02+00:00,199,,,,,,,,,,,,245,,,,,,,,,,,,339,,,93,,,,,,102,,,,,,,,,,,,,,,,,,,,,,,24,,,41,,,,106,,,,,,,,,,,,,,,365,,,,,,,,,,,,,,,,,,,,,,,,,,,,,,,,,,,,,,,,,,,,,,,,,,,58,,389,,,,,,,,,,,,,,,,,,,,,,,,,,,,,,,,,,,,300,436,,,,,,,352,,,414,,,,,,,,,,,,,,,245,16,,,,,,,,,,,,,,,,,,,,,,,,,,,,,,,,,,,,,,,,,,,,,,,,,256,137,272,,,,,,,,,,,,,,131,,,,87,,,,,,,,,,,,,,,,,,,,,,,,,,,,,,,,,,,,,,,,,,,,,,,,,,,,,,,,,,269,,,,,,,,,,,,,,,,,,,,,,,,,182,,193,113,,791,,,57,,,,,,,,,,,,,,,,,,,,,,,,,,,,,,,,705,,,,,,,,,281,,,,,,,,,,,69,,,,,,,,252,,,,876,,183,,,,,157,,,,,,35,373,,357,,,,,,,,,,,,,,,,,,,,,,,,,,,,,,,,,,,,,,,,,,144,,453,,339,,,,,242,,,,,142,,,354,,,,,,,,,,,,,,,,112,,,,
2026-09-19T04:45:02+00:00,,,,,,,,,,,,273,,,,,,,,,,,,,,,,,,,,949,,,,,,,,,,,,,,,,,,,110,,,,,,,,,,,,,,89,,,,,,,,,,,,,,364,,,,,,,198,,,,,501,,,614,,,,266,507,,,,,,321,325,437,,,,,,,,,265,,313,915,,,,,,,,204,,,,,,,,,,,,,,,,,,,,,,,,,,,,,,,,,,,,,,,,,,438,,,,,,975,,,,,,,,,145,150,,78,,,372,,,,,15,,896,,,,,,,,,,,,,,,,,,,,,,,,,,,,,,,,,,,,,,,,,,,,,,,,,,,,,60,,,,,,654,,,,,,,,,,,,,,,,,,,,,,,,,,,,,,,,,,,,,,,,,,,,,,,,,,,,,,,,,,,,,,,,,,,,,125,,,,,,,,,349,,,,,,,86,,,,,256,,,194,,,794,,,56,,,,69,,,,,,,,,,,,,,,,,,,,,,,,,,,,,,192,,,,,,,,,,,,,,,,,,,,,,,,,,251,,,,,,,691,,,,,,,,,,,,,,,,,,,,,,,,,,,,,,,,,,,,,,,,,,,,,,,,,,,,,,,,,455,,,,,,,,,,89,,141,,,,,,,,,,,,,,,,,,,,,,,
2026-09-19T04:50:01+00:00,,,,,,,,,,,,275,,,,,,,,,,,,,,,,,,,,,,,,,,,,,,,,,,,,,,,112,,,,,,,,15,38,,,,,,,,,,12,,,,342,,,,,,,,,,,,,,,,,,,,,,,,,,,,,,,,,,,,,,,,,,,,,,,,,,,,,,,,,,,,,,,,,,,,,,,,,,,,,,,,,,,,,,,,,,,,,,,437,544,,,,,,351,,,,,,,,,,,,,,,,,,246,15,,,,,,,,,,,,,,,,,,,,,,,,,,,,,,,,,,,,,,,,,,,,,,,,,,,,,,,,,,,,,,325,,,,,,385,88,,1360,,,,,,,,,,,,,,,,,,,,,,,,,,,,,,,,,,,,,,,,,,,,,,,,,,,,,,,,,,,,,,,,,,,,,,,,,,,,,,,,,,,,,,,,,,,,,,,,,,,,,,,,,,,,,,,,,,,,,,,,,,,,,,,,,,272,,,,,,,,,,,70,,,305,,,,350,250,,,,,,,,,,,,,,,,,,,,,,,,,,,,,,,,,,,,,,,,,,,,,,,,,,,,,,,,,,,,,,,,,,338,,,,,,,,90,,,45,,,,444,,,,,,,,,,,559,,,,,,,
2026-09-19T04:50:02+00:00,,,,,,,,,,,,,,,,,,,,,,,,,,,,,,,,,,,,,,,,,,,,,,,,,,,,,,,,,,,,,,,,,,,,,,,,,,,,,,,,,,,,,,,,,,,,,,,,,,,,,,,,,,,,,,,,,,,,,,,,,,,,,,,,,,,,,,,,,,,,,,,,,,,,,,,,,,,,,,,,,,,,,,,,,,,,,,,,,,,,,,,,,,,,,,,,,,,,,,,,,,,,,,,,,,,,,,,,,,,,,,,,,,,,,,,,,,,,,,,,,,,,260,,,,,,53,,,,,,,,,,,,,,,,,,,,,,,,,,,,,,,,,,,,,,,,,,,,,,,,,,,,,,,,,,,,,,,,,,,,,,,,267,,,,,,,,,413,,,350,,,192,,,,,,,,,261,,,,,,800,,,,91,317,,,,281,,,,,,,,,,,,,,,,,,,,,,,,,,,,,,,,,,,,,,,,,,,,,,,,,,,,,,,,,,,,,690,,,,,,,,,,,,,,,,,,,,,323,,,,,,,,,,,,,,,,,,,,,,,,,,,,,,,,,,,,,,,,,,,,,,,,,,,,,,,,,,,,,,,,,,,,,,,
2026-09-19T04:55:02+00:00,198,,,,,,,,,,,,,,,,,,,,,,,,,,,,,,,948,,,,132,,,,,,151,,95,,,,,,,,,,,,,,,,,,,,105,,87,,48,,,,,,,,,,,359,229,,,,,,,,521,153,,494,,,,,,,,506,,431,,,,318,,432,,173,,,793,285,113,269,264,169,,,,,,,,,,,,,,,390,,,,,,,,,,,,,,,,,,,,,,,,,,,,,,,,,,,,,438,,434,,,,,350,620,,,307,,,,144,146,,77,269,,370,201,,,245,15,,,,,,,,,,,,260,,,,,,,,,,,,,,,,,,,146,,,,,,,,,,,,,,,,,,,,,,426,,46,,,,,,653,,,,,,,,,,,,,,,,,,,,,,,,,,,,,,,,,,,,,,,,,,,,,,,,,,,,,,,,,,,,,,,,,,264,,49,,,,,,,412,,,,,,190,,,,,,,,,263,,,,,,807,,,,92,318,,70,,,,,200,173,,,,,,,,,,,,,,,,,,,,,,,,188,,,,,,,270,,,,,102,,,,,,,,,,,,,348,,,221,,875,,,,,,,,,,,,52,37,,305,,,,,,,,,,,,,,,,,,,,,,,,,,,,,,,,,,,,,,,,,,,,,,,337,,,566,205,240,,,,,,,,353,,,,,,69,,,,635,,,,,,113,,,,
2026-09-19T05:00:01+00:00,,,,,,51,,,,,,,,331,,,,,,,,,,,,,,,,,,,,101,,,,,,,,150,,96,,,,,,,,,379,,,,,,14,,,,,106,,,,,,,,,,343,,,,217,,,,,,,,,,,,,,,,,,,,,,,,,,,,,,,,,,,,,,,,,,,,,,,,,,,,,,,,,,,,291,,,,,,,,,,,,,,,,,,,,,,,,,,,,,,,433,543,,,,,973,,621,,415,,,,,,,,,,,,,,,,15,,,,,,,,,,,,,,,,,,517,,,,,,,,,,,,,144,,,,,,,,,,,,,,,,,545,259,,,,,,39,,,,,,654,,,544,129,,,,,,,,,,,,,,,,,,,,,,,,,,,,,,,,,,,,,,,,,,,,,,,,,,,,,,,,,,,,,,259,,,124,,151,,,,,,,349,185,,187,,,,,,,,,262,,,,,,810,,,47,,,,65,,,,,,,,,,,,,,,,,,,,,,,,,,,,,,,,,,,,,,,,,,,,,,,,,,,,,,,,,,,,,,,689,,,,,,,,,,,,,,,,,,,,,,,,,,,,,,,,,,,,,,,,,,,,,,,,,,,,,,,,,456,,,,,,,241,,,,,,,,352,,,,,,,,,525,,,,,,,,,,,
2026-09-19T05:05:02+00:00,,314,,,,,,,300,348,,,,,,,,,,,,,,,,,,94,,,60,,,100,54,,,,,,,151,,95,,,,,,,,,,,,,,,13,37,,,,107,88,,,,,,,,,342,,,111,,357,,,204,,,,,,520,,,,287,,,,,,265,505,,,,,,,,429,,174,,,,286,,268,265,171,311,911,,,,,,,,203,,,,130,,,,,,,,,,,,,,,,,,,,,,,,,,,,,,,,,,,,,,437,,,,,,,349,620,,,,,,393,,144,,,,,367,203,,,,15,,895,,,,,,,,,,,,,,,,,,,,,,,,,,,,,143,,,,,58,,,,,,,,,,,,,260,135,,,,,29,,,,,,652,,387,,,,,,,,,,,,,,,,,,,,,,,,,,,,,,,,,,,,,,,,,,,,,,,,,,,,,,,,,,,,,,,,256,,,,117,,,,,,,,,,,185,,,,,,279,125,,263,,,,,,811,,,,91,319,481,64,,280,,,,174,,,,,,,,,,,,,,,,,,,,,,701,,187,,,,,,,262,,,,,101,,,,,,,,,302,81,,,261,247,,,,,,,688,,,,,,,,,,36,,,,,,,,,,,,,,,,,,,,,,,,,,,,,,,,,,,,,,,,,,,,,,,455,,,,,,205,,,,,,,,,351,,,,,,,,,,620,,,,,164,,,,,
2026-09-19T05:10:01+00:00,,,,,,,,,,,,,,,486,,,,,,,,,416,,,,,,,62,952,,,51,,,,,,,150,,,,,,,,,113,,,,,,,41,,39,,,,106,,,,,,,,,,341,,,,216,,,,,,,,,,,,321,491,,206,,,,,264,,,,,,,,324,,,,,,,,,,264,,,909,,,470,,,,,,,,,,,,,,,,290,,,,,520,,,,,,,,,,,,,,,,,,,,,,,,,299,436,542,,,,,,,621,,,,,,,,,,,,,,,,,244,15,,896,,,,,,,,,,259,,,,,,516,,,,,,,,,,,,,,,,,,,,,,,,,,,,,,,,134,,,,,25,,,,,,,,,,,,,,,,,,,,,,,,,,,,,,,,,,,,,,,,,,,,,,,,,,,,,,,,,,,,,,,,,,,,,,,,244,,,123,,,,198,527,410,,,,,,182,,,,,,278,,,266,,,,114,,810,,,46,,,,,,,,,,,,,,,,,,,,,,,,,,,,,,,,,,,,,,,,,,,,,,,,,,,,,,,,,,,,,,,,,257,,682,,,,,,,,,,,,,,,,,,,,,,,,,,,,,,,,,,,,,,,,,,,,,,,,,,,,,,,,,,,336,,,567,,242,,,89,,142,,,,,,,,,,,,,,,,,,,,,,,
2026-09-19T05:15:02+00:00,197,315,,,,,,,,,,278,,,,,,,,,,,,,,,,,,,61,953,,99,,,,,,,,151,,93,,,,,,,,,,,,,,42,,,,,,,,,,,,,,,,342,,,,217,355,,,,,,,,,,,322,490,,,613,,,,263,504,,,,,,316,323,427,,,819,70,792,287,116,,269,,,907,,,,,110,216,,,,,,129,,,,,,,,,,,,,,,,,,,,,,,,,,,,,,,,,,,,,298,434,540,,,,,,,,,,305,,,392,,141,173,,,,366,199,,,245,14,,,,,,,,,,,,,,,,,,517,,,,,,,,,,,,,,,,,,,,,,,,,,,,,,,261,133,,,,,21,,,,,,,324,,,,,,,,,,,,,,,,,,,,,,,,,,,,,,,,,,,,,,,,,,,,,,,,,,,,,,,,,,,,,,,,,237,,,,,,,,,,,,,,,181,,,,,,276,,,,,,200,,,809,,142,,92,316,479,,1075,282,,,199,,,,,,,,,,,,,,,,,,,,,,,696,,185,,,,,,,261,369,,,,,,,,,,,,,300,,,,,246,,,,,,,676,,,,156,,111,129,,,,374,,,,,216,,,,,,,,,,,,,,,,,,,,,,,,,,,,,,,,,,,,,,,143,,,,335,,,,,,,99,,,,,,,,,,,,,,,,,,,,,,112,,,,
2026-09-19T05:20:02+00:00,,,,,,,,,,,,,,,,,,,,,,166,,,,,,,,,,956,,,,,,,,,,,,92,,,,,,,,,,43,,,,41,,40,,,,105,,,,,,,,,,,,,,,354,,,203,199,,,,,,,,,,,,,,,,,,,,,,,,,,,,,,,,,,,,,,,,,109,,,,,524,,,,,,,,,287,,,,,519,,,,,,,,,,,,,,,,,,,,,,,,,297,436,,,,,,972,,620,,,,,,,,,,,,,,,,,244,14,,894,,,,,,,,,,258,,,,,,516,,,,,,,,,,,,,145,,,,,,,,,,,,,,,,,,262,132,,,,,17,,,,,,,,386,,,,,,,,,,,,346,,122,,,,,,,,,,,182,70,80,30,,,,449,,,6,251,317,,,337,,,,,,,,,,,,31,,,,,,,,,,,,236,,,,,150,,,,,,,350,,,,,,,,,,,,265,,298,,119,,,,,,,,,,,,,,,,,,,,,,,,,,,,,,,,,,,,,693,,184,,720,,,345,,252,368,,,,100,,,,,,,,,294,,,,259,243,,,,,,,674,,,,,,,,,,,,,,,,,,,,,,,,,,,,,,,,,,,,,,,,,,,,,,,,,,,,,,,144,,,,,,,,,,,,,,,46,,349,,,,,,,,,,,,,,,,,,,,
2026-09-19T05:25:01+00:00,,316,,,,50,,,,347,,,,,,,,,,,,,,415,,,,,,,60,,,97,,,,,,,,150,,91,,,,,,,,,,,,,,,,39,,,,106,,,,,39,,,,,,,,,,,,,,,,,,,,,,,,,612,,,,,,,,,143,,,325,,,,,,,286,,,,,310,904,,,,,,,,,,,,,,,,,,,,,,,,,,,,,,,,,,,,,,,,,,,,,,,,,296,435,,,,,,971,350,,,,,,,,,132,172,,,,363,,,,245,14,,896,,,,,,,,,,,,,,,,,,,,,,,,,,,,,146,,,,,,,,,,,,,,,,,,261,128,,,,,14,,,,,,,,,543,,,234,,,,,,,,,,,,,,,,,,,,,,,,,,,,,,,,250,,,,,,,,,,,,,,,,,,,,,,,,,,,,232,,,121,116,,,199,526,407,,,,,,182,,,,87,,275,,,262,,,,118,,805,,,,,,,,,,,,,,,,,,,,,,,,,,,,,,,,,,,690,,183,,,,,,,,,,,,,,,,,,68,,,,,,,257,239,,,421,876,258,,671,89,266,,,,112,,,,35,373,,356,,,,,367,,,324,,,,,,,,,,,,,,,,,,,,,,,,,,,,,,,,,,,,,,,,,,,,,,,,,,,346,,,,,,,,,,618,,,,,,,,,,137
2026-09-19T05:30:02+00:00,,,,,,,,249,,345,,,,,,,,,,,,,,416,338,,,,,,59,,25,,,,,,,,,,,,,,,,,,,,378,44,,,,39,,40,,,,,87,,,,38,,,,,341,,,,,353,228,,202,,,,,,,,,,,,,,,,,,,,,,,,,,,,,,,,,,,,,,,,,,108,,,,,523,,128,,,,,,,289,,,,,,,,,,,,,,,,,,,,,,,,,,,,,,295,434,,,67,,,,349,,,,,,,,,,,,,,,,232,,,16,148,,,,,,,,,,,,,,,,,514,,14,,,,,,,,,,,,,,,,,,,,,,,,,,,,,260,,,,425,,15,73,,,,,,,,,,,,,87,,1359,,,,,,,,,,,,,,,,,181,69,79,29,,,,,,,,,318,,,,,,,,,,,,,,,,,,,,,,,,,,,233,,,120,117,,,200,524,406,,,,183,,179,,,,,,276,126,,261,,,,117,,804,,,45,,318,480,,1071,,,,198,173,,,,,,,,,,,,,,,,,,,,,,,,,,,,,,,,,,,,,,,,,,,,,,,,,,,,,422,,,,668,,265,,157,,111,,,,,372,,,,,215,,,,,,,,,,,,,,,,,,,,,,,,,,,,,,,,,,,,,,,143,,,,336,,,,,241,,,,,,,,,,,,,,,,,,620,,,,,,,,,,
2026-09-19T05:35:02+00:00,198,315,,,653,51,71,248,,342,,277,,,485,,,,,,,,,,,,,,,,58,955,,98,,,,,,,,148,,90,,,,,,,,,,,,,23,,,41,,,,105,86,,,,,,,,,,,,,,,,,,,,,,,,157,,489,,,,82,,,262,502,,429,,,,313,,426,,,,,791,,,267,268,,309,907,,,,,,,,,,,,,,,,,,,,,,,,,,,,,,,,,,,,,,,,,,,,,,,,,,430,538,,,,,972,,,,,,,,390,142,125,173,76,268,,362,195,,,244,16,,894,,,,,,,,,,,,,,,,512,,,,,,,,,,,,,,,,,,54,,,,,,,,,,,,543,258,126,,,,,13,74,,460,,407,,,,542,,,,,88,,,,,,,,,,,,,,,,,,,,,77,,,,,,,,7,,,,,338,,,,,,,,,,,,,,,,,,,,,,,,231,,50,,,,,202,,404,,33,,184,,181,,,,88,197,273,,,259,183,296,,116,,803,,,,,,476,,1062,284,,,197,,,,,,,,,,,,,,,,,,,,,,,685,,181,,719,,323,343,,250,,,,,,,,,,,,,,,,,,254,240,,,,875,,184,667,,,,,,,,,,,,,,,,,,,,,,,,,,,,,,,,,,,,,,,,,,,,,,,,,,,,,,,,,453,,333,,,,,,,,,,141,,,348,200,,,,,,,,,619,,,,,,,,,,
2026-09-19T05:40:01+00:00,197,,,,652,,,,,340,,,244,,484,,,,,,,,,415,337,,,,,,,,26,97,,131,,,,,154,145,,89,,,,,,,115,,377,,,,24,,,42,,,,106,84,,,,,,,,,,,,,,,,,,,,,,,,,,,,,,,,,,,,,,,,,,,,,,,,,,,,,,,,,,,,,,,278,522,,,,,,,,,284,,,,,,,,,,,204,,,,,,,,,,,,,,,,,,,,433,537,,,,,968,,619,,,,,,,,,,,,,,,231,,,16,147,893,,,,,,,,,,,,,,,,513,,13,,,,,,,,,,,145,,,,,,,,,,,,,,,,,542,257,,,,,,16,,,,349,,649,,,541,,,,386,,,,,,,,,,,,,,,,,,,,182,,,,,,,,,,,,,,,337,,,,,,,,,,,,32,,,,,,,,,,,,236,,,,,,84,,,405,,,,,,182,,,,,,,,,,,,,,,804,,,,,,,,,,,,,,,,,,,,,,,,,,,,,,,,,,,684,,178,,,,322,342,,247,367,,,,,,,,,,67,,,,,,,252,237,,,,,,,665,,,,,371,,,,,,374,,357,,,214,,,,254,,,,,,,,,,,,,,,,,,,,,,,,,,,,,,,,,,,,,,,332,282,,,,242,337,,,,140,47,82,347,,,194,,,,,,,,,,,,,111,,,,
2026-09-19T05:45:02+00:00,,314,,,,50,,247,,339,,,,330,,,,,,,,,,,,,,,,,59,953,27,92,,,,,,,,147,,,,,,,,,,,,,,,25,,,41,,,,,,,,,,,,,,338,,,110,,,,,,,,,,,,,321,,,205,611,,,,261,501,,,,,,312,326,424,,,,,,,,266,269,,306,,,,,80,,,,,,,,,,,,,,,,,,,,,,,,,,,,,,,,,,,,,,,,,,,,,293,430,536,431,,,,,,618,,,304,450,,385,141,119,,,267,,356,190,,,243,16,146,894,,,,,,,,,,257,,,,,,512,,14,,,,,,,,,,,,,,,,,,,,,,,,,,,,537,,,,,,,24,,,,348,,648,323,,543,,,,383,,,1357,,,,,,121,,,,,,,,,,,184,71,,28,,,,,,,,249,,,,336,,,,,,,,,,,,33,,,,,,,,,,,,238,,49,117,,,,206,523,,,34,,,,181,,,,,,274,125,,,,,,,143,797,,,,,,,,,,,,,,,,,,,,,,,,,,,,,,,,,,,,,,,,,,,,,,,,,,,,,,,,,,,,,,,,,,,,,,663,,,,,372,,,,,,376,306,,,,213,,366,,250,,,,,,,,,,,,,,,,,,,,,,,,,,,,,,,,,,,,,455,99,,,,,,,,,,,139,48,,345,,,196,,,,,,,618,,,,,,110,,,,
2026-09-19T05:50:01+00:00,,,,,,49,,246,,332,,,,327,483,,,,,,,,,,336,,,,,,60,952,,90,,,,,,,,146,,,,,,,,,,,,,,,24,,,38,,,,105,85,,,,,,,,,336,,,,215,351,227,,201,200,219,,,,,,,,,207,,,,,260,,213,428,,,,,324,423,,,,,789,,115,263,,,,,,,,,,,,202,,521,,126,,,,,,,280,,,,,518,,,,,,203,,,,,,,,,,,,,,,,,,,291,428,,432,68,,,965,,,,,,,,,,,,,,,,,,,242,15,147,,,,,,,,,,,258,,,,,,510,,,,,,,,,,,,,,,,,,,,,,,,,,,,,,533,,,,252,423,,19,,,,,,646,320,,,,,,381,,,,,,,,,122,,,,,,,,,,,183,,75,27,,,,,,,,,,,,,,,,,,,,,,,,,,,,,,,,,,,,239,,,116,116,,,207,521,,,,347,185,,179,,,,,,273,,,,,,,,,,,,,88,315,474,,1058,285,,,198,172,,,,,,,,,,,,,,,,,,,,,,682,,175,,717,,,340,,,365,,,,,,,,,,66,,,293,83,,,250,234,,,,874,259,,662,,,,,,,,,,,,,,,,,,,,,,,,,,,,,,,,,,,,,,,,,,,,,,,,,,,,,,,142,,457,,331,,89,,,241,,,90,,,46,,342,,,,,,,,,,,,,,,,107,,,,
2026-09-19T05:55:02+00:00,,313,,,651,,,245,299,329,,278,,326,,,,,,,,,,413,335,,,,,,,,26,89,,,,,,,155,148,,,,,,,,,,,,,,,,40,,,,,,106,86,,,49,,,,,,335,,,,,,,,,,,,,,,,,,,,,,,,,,,,,,,,,,,,,,,,,,,,,,,,,,,,,,,,,,,,,,,,,,,,,,,,,,,,,,,,,,,,,,,,,,,,,,289,424,,,67,,,,348,,,,,,,382,140,108,,,,,352,185,,,244,15,,893,,,,,,,,,,,,,,,,,,,97,,,,,,,,,,,,,,,,,,,,,,,,,,,529,256,125,,,422,,22,,,,347,,,319,385,542,,,,,87,,,,,,347,,,,,,,,,,,,,184,70,,,,,,448,,,,,,,,337,,,,,,,,,,,,32,,,,,,,,,,,,241,,,117,115,149,,,525,402,,,,184,15,178,,,,,,272,,,,,,,,,790,,141,,84,310,472,,1047,284,,116,197,171,,,,,,,,,,,,,,,,,,,,,,677,,165,,716,,,333,,246,366,,,,99,,,,,,65,,,,81,,,247,228,,,,,,,663,90,264,,,368,,,,51,34,374,305,,,,212,,,,249,,,,,,,,,,,,,,,,,,,,,,,,,,,,,,,,,,,143,,459,,328,,,,,242,337,,,,,,,344,,,195,,,,,,,,,,,,,106,,,,136
2026-09-19T06:00:01+00:00,,,,117,,50,,,,,,277,,325,482,,,,,,,,,,,,,93,,,62,951,,85,49,,,,,,,,,,,37,,,,,113,,,43,119,,22,39,,,,,,,,,,,,,,,,,,,,214,355,225,,203,199,217,,,,518,156,,,,211,609,81,,,258,498,,,,,,,,,,172,,,788,,,,,,303,901,,,,,107,,,,277,520,,,,,,,,,275,,,,,515,,,,,187,,,,,,,,,,,,,,,,,,,,285,426,,,,,,,,,,,,,,,,,,,,,,,229,,247,15,,890,,,,,,,,,,,,,,,,,,,,138,,,,,,,,,,,,,,,,,,,,,,,,,,523,255,123,,,,,28,,,,,,,,384,539,,,,382,,,1356,,,,348,,,,,,,,,,,,,,,76,,,,,,,,6,248,317,,,336,,,,,,,,,,,,,,,,,,,,,,,,244,,,115,113,,,209,,401,,35,,186,16,172,,,,87,,271,,,,,295,,,,791,,142,44,,,,,,,,,,,,,,,,,,,,,,,,,,,,,,,,,,,,,,,,,,,,,,,,,,,,,,,,,,,,,,,,873,,183,665,,,,,,,128,158,,38,371,307,,,,,,365,,,,,,,,,,,,,,,,,,,,,,,,,,,,,,,,,,,,,142,,,,326,,,,204,,,100,91,,,,,,,,,,,,,,,,,,,,,,,,,138
2026-09-19T06:05:01+00:00,,,,,,51,,244,298,,,278,243,,479,,,,,,,,,414,337,396,,,,,60,949,,,,220,,,,0,,,,90,,32,,,,,,,376,44,,,24,36,12,34,,,,107,,,,,36,,,,,333,,,111,215,353,223,,,198,,,,,,,,,,,,,,,,,,,,,,,,,,,,,,,,,,,,,,,,,,,,,,,,,,,,,,,,,,,,,,,,,,,,,,,,,,,,,,,,,,,,,284,424,,,66,,,,,616,,,303,449,,378,138,103,,,,259,353,182,,,246,15,,891,,,,,,,,,,,,,,,,,,,,,,,,,,,,,143,,,,,,,,,,,,,,,,,,,122,270,251,420,,38,,,,346,406,647,318,,,,,,,,,,,,,346,,121,,,,,,,,,,,185,,,,,,,,,,,247,318,,,338,,,,,,,,,,,,,,,,,,,,,,,,242,,,114,,,,,526,,,,,187,,170,,,,,,272,,,,,,,117,,,,140,,,,,,,,,,,,,,,,,,,,,,,,,,,,,,,,,671,,161,,714,,,332,486,245,,,,,,,,,,,,,,292,,300,,,225,281,,,,,,661,,263,,,,,,,,,,,,,,,,,,,,,,,,,,,,,,,,,,,,,,,,,,,,,,,,,,,,,,,458,,325,,,,,241,337,,,,,45,,343,,,196,,,,,,,,,,,,,,,,,
2026-09-19T06:10:01+00:00,,,,,649,52,,,,327,,277,,,477,,,,,,,165,,,,,,,,,,,,83,,,,,,,,,,91,,33,,,,,,,377,,,,,37,,40,,,,,85,,,,,,,,,,,,110,214,,,,,,,,,,,155,,488,288,210,605,,,,257,497,,427,197,142,,,,419,,,,69,789,285,,260,264,169,302,,,,469,,105,215,961,,,518,,122,,,,,,,,,,,,509,,,,,188,,,,,,,,,,,,,,,,,,,,283,420,531,431,65,,,964,,617,,413,,,,,,,,,,,,,,,244,14,144,,,,,,,,,,,257,,,,,,512,,15,95,,,,,,,,,,140,,,,,,,,,,,,,,,,,522,,117,,,419,,42,,,,345,405,645,319,383,,130,,,383,86,,1355,,,,,,,,,,,,,,,,,,,,,,,,,,,,246,320,,,336,,,,,,,,,,,,,,,,,,,,,,,,235,,,111,114,,,211,524,402,,36,345,188,17,168,,,,,,271,,,258,,,,,,,,141,,,312,470,63,1036,311,,,196,169,,,,,,,,,,,,,,,,,,,,,,669,,158,,713,,,329,,243,367,,,,98,,,,,,64,,,291,,294,,246,223,283,,,874,258,,660,,,39,158,367,110,,,,37,,,358,242,,,,364,,250,325,,,,,,,,,,,,,,,,,,,,,,,,,,,,,,,,,,143,,,,323,,,,,,,,92,,,,,341,199,,197,,,,,,,617,,,,,,104,,,355,
2026-09-19T06:15:01+00:00,196,,,,648,53,,243,,325,,,,,,,,,,,,,,,,395,,,,,61,947,,,,,,,,,,146,,89,,32,,,,,,,376,,,,26,,,38,,,,,,,234,,35,,,,,330,,,111,213,354,225,284,202,,,,,,,,,,,,,,,,,,,,,,,,,,,,,,,,,,,,,,,,,,,,,,,,,,,,,,,,,,,,,,,,,,,,,,,,,,,,,,,,,,,,,,281,414,530,430,,,,,347,615,,,302,450,,,137,,172,74,265,,349,183,,,243,15,,889,,,,,,,,,,,,,,,,509,,,94,,,,,,,,,,145,,,,,53,,,,,,,,,,,,521,,,268,249,418,,46,,,,,404,,320,384,538,,,,,85,,1354,,,,,,119,,,,,,,,,,,184,,,,,,,,,,,244,,,,337,,,,,,,,,,,,31,,,,,,,,,,,,233,,,110,,148,,,,401,,,,191,18,,,,,88,,272,,,256,182,,,,,793,,,,83,,467,62,1031,312,,,195,170,,,,,,,,,,,,,,,,,,,,,,,,,,,,,,,,,,,,,,,,,,,,,290,82,,,245,,,,,,257,182,656,91,,,,,,126,157,,34,373,,357,,,213,,,,,327,,,,,,,,,,,,,,,,,,,,,,,,,,,,,,,,,704,,,457,,321,,,,,240,,,91,,138,,,342,198,445,,,,,,,524,,,,558,,,,,,,
2026-09-19T06:20:02+00:00,,,,,649,52,,,,323,,276,,326,472,,,,,,,,492,411,338,,,,,,,946,,82,,,,,,,,143,,,,,,,,,,,378,,120,,25,36,10,40,,,18,105,84,,,50,,,,,,331,2,,,,,,,,,,,,,,,319,,,209,603,,326,217,,494,212,425,195,140,,,322,417,,,818,70,788,284,,,265,168,,895,,,468,,,,,,,,,,,,,,,,,,,,,,,,,,,,,,,,,,,,,,,,,,,,,,,411,529,,66,,,962,,614,,,,,,,,,,,,,,,227,,,15,143,886,,,,,,,,,,,,,,,,510,,14,,,,,,,,,,,147,,,,,52,,,,,,,,,,,,520,256,,,,417,,43,,,,,401,644,,,537,,,,384,84,,,,,,345,,120,,,,,,,,,,,183,68,77,26,,,,447,,,,243,,,,338,,,,,,,,,,,,,,,,,,,,,,,,223,137,,111,113,,,,523,399,,,,,,,,,,,,271,124,,255,181,,,,,,,,,81,311,462,,1026,313,,,194,167,,,,,,,,,,,,,,,,,,,,,,665,,156,,712,,,,485,242,366,,,,97,,,,,,62,,,291,81,,,243,226,279,,421,,258,,648,,,,,,,,,,,,,,,,,,,,,,,,,,,,,,,,,,,,,,,,,,,,,,,,,,,,,,,,,456,,320,,,,,239,,,,,,43,,337,,,199,,,,,,,,,,,,165,103,,,,
2026-09-19T06:25:01+00:00,,,,,,51,,,,321,,277,,325,468,,,,,,,,,,,,,,,,62,,,81,,,,,,,154,140,,90,,,,,,,112,,379,,,,,38,9,39,,,,104,,,,,,,108,,,328,1,,,212,,224,283,201,,,,,,519,154,318,490,,208,601,,,,,493,,,,,,313,,415,,,,,786,,,259,261,,303,,,,,,,,,,,,,,,,,,,,278,,,,,508,,,,,,,,,,,,,,,,,,,,,,,,,283,410,530,429,67,,,961,,,,,,,,374,,97,171,,262,258,345,176,,,245,15,140,883,,,,,,,,,,,,,,,,,,,,,,,,,,,,,,,,,,,,,,,,,,,,,,519,257,115,267,,416,,,,,,344,400,640,318,,536,,,233,385,,,,,,,,,121,,,,,,,,,,,182,67,76,,,,,448,,,,241,,,,,,,,,,,,,,,,,,,,,,,,,,,,218,,,108,112,,85,,520,,,,347,,19,167,,,,,,272,,,,,,,,,,,140,,,,,,,,,,,,,,,,,,,,,,,,,,,,,,,,,,,,,,,,,,,,,,,,,,,,,,,,,,295,,,,,,,,,,,,,42,,365,,,156,,38,372,306,356,241,,,,,,,326,,,,,,,,,,,,,,,,,,,,,,,,,,,,,,,,,,144,,455,,,,,,203,,335,,,,,,,,196,,,,,,,,,,,,,,,101,,,,
2026-09-19T06:30:02+00:00,,315,,,647,50,,242,295,318,,,,324,464,,,,,,,,,,337,394,,,,,,943,,80,48,221,,,,,155,135,,,,33,,,,,113,,,,,,,,10,33,,,,102,,,,49,31,,109,,,327,2,,110,210,,,,,,,,,,518,153,317,489,,206,600,80,,,259,492,213,,193,139,,,320,411,,171,,,,,,260,264,167,302,898,,,,81,106,214,960,201,277,516,58,121,390,,,,,,,,,,,,,,,,,,,,,,,,,,,,,,,,,,,,284,408,531,426,,,,,,609,,,,,,,,,,,,,,,228,,246,15,136,877,,,,,,,,,,,,,,,,513,,,92,,,,,,,,,,145,,,,,51,,,,,,,,,,,,516,255,,,248,,,39,,,461,343,399,636,315,383,,,,232,383,82,,,,,,344,,,,,,,,,,,,,178,68,,24,,,,,,,,240,,,,339,,,,,,,,,,,,32,,,,,,,,,,,,215,,,107,,147,84,,518,,,,346,192,,165,,,,,,,,,,,294,,,,,,,,75,312,457,61,1021,311,,115,,158,,,,,,,,,,,,,,,,,,,,,,663,,154,,,,,328,,,367,,,,,,,,,,,,,290,,,,241,225,276,,,873,,181,645,,,,,,,,,,,,,,,,,,,,,,,,,,,,,,,,,,,,,,,,,,,,,,,,,,,,,,,,,,,,,,,,236,,,,,,,81,338,,444,196,,,,,,,,,,,,,97,,,,
2026-09-19T06:35:02+00:00,,313,,,646,51,,239,294,316,,,,320,,,,,,,,,491,410,335,,,,,,61,939,,81,,,,,,,154,134,,,,34,,,,,,,380,43,,,23,,,30,,,17,100,82,,,,30,,,,,326,,,,,349,218,,,197,,,197,,,,,,,,,,,,,,,,,,,,,,,,,,,,,,,,,,,,,,,,,,,,,,,,,,,,263,,,,,,,,,,,201,,,,,,,,,,,,,,,,,,,286,406,530,423,,,,960,,608,,414,301,449,,368,,87,,73,,256,336,167,227,,245,15,133,872,,,,,,,,,,256,,,,,,,,15,91,,,,,,,,,,144,,,,,,,,,,,,,,,,,515,,114,264,,414,,41,73,,460,339,,635,318,381,,,,,384,81,,,,,,,,,,,,,,,,,,,,,,23,,,,,,,,239,318,,,,,,,,,,,,,,,,,,,,,,,,,,,205,,48,104,,,,209,514,403,,,347,,20,168,,,,87,,269,,,256,,,,116,144,,38,,43,72,310,454,,1019,312,,,,157,,,,,,,,,,,,,,,,,,,,,,656,80,139,,708,,321,,,241,366,,,,,,,,,,59,,,,80,293,140,239,223,274,,,872,,179,635,,261,44,,364,106,125,,52,37,369,305,355,,,210,,365,,248,325,,,,,,,,,,,,,,,,,,,,,,,,,,,,,,,,,705,142,,453,,319,,,,,235,,,,,,42,,339,195,443,,,,,,,,616,,,557,,,95,,,,
2026-09-19T06:40:02+00:00,194,,,,645,50,,238,,311,,,,317,462,,,,,,,,,,334,,,,,,,938,,80,47,,,,,,153,,,,,33,,,,,,,379,,,,,,,,,,,96,80,,,,28,,,,,323,,,,212,,,,,,,,,,519,150,316,491,289,203,596,79,327,216,,490,,424,191,138,118,311,314,406,,,,71,785,,,255,260,165,,,,,,,108,,954,,278,518,,119,,,,,,,259,,,,,510,,,,,187,203,,,,,,,,,,,,,,,,,,,280,,,424,,,,,348,,,,,,,,,,,,,,,,,,241,15,128,866,,,,,,,,,,,,,,,,511,,14,,,,,,,,,,,,,,,,,,,,,71,,,,,,,513,253,113,,,413,,42,,,456,336,398,634,315,,,129,,,385,79,,,,,,,,,,,,,,,,,,,177,69,,22,,,,,,,,236,319,,,,,,,,,,,,,,,,,,,,,,,,,,,204,,,,111,,,210,,402,,,,191,,,,,,,,266,,,,,293,,113,,792,,,42,69,311,,,1013,310,,,,156,,,,,,,,,,,,,,,,,,,,,,655,,137,,,,320,326,484,239,367,,,,95,,,,,,57,,,289,,289,,235,,276,,,869,260,,629,,260,,,,,,,,,,,,,,,,,,,,,,,,,,,,,,,,,,,,,,,,,,,,,,,,,,,,,143,,454,,318,281,,,,,,,90,,136,41,,333,,441,194,,,,,,523,614,,,,,,94,,,353,
2026-09-19T06:45:01+00:00,,,,,642,48,,235,291,308,,272,,314,450,,324,,,,,,490,409,331,392,,,,,58,934,,78,,220,,,,,,,,89,,,,,,,,,,,,,24,,,28,,,18,94,78,,235,,27,,,,,,,,111,,347,219,281,,,214,,,,,,,,,,,,,,,,,,,,,,,,,,,,,,,,,,,,,,,,,,,,,,,,,,,,,,,,,,,,,,,,,,,,,,,,,,,,,,,,,,,,275,403,529,419,68,,,962,,605,,409,,450,,360,136,80,,72,,257,333,159,223,,242,17,123,862,,,,,,,,,,,,,,,,508,,,92,139,,,,,,,,,143,,,,,50,,,,,72,,,,,,,509,251,112,,,412,,46,72,,,334,,632,313,380,533,,,230,384,76,,,,,,343,,,,,,,,,,,,,176,,,,,,,447,,,,234,,,,338,,,,,,,,,,,,33,,,,,,,,,,,,199,136,,102,110,,,209,510,,,,346,,,165,,,,,,263,,32,,,294,,112,143,,37,,41,,,,60,,,,,,,,,,,,,,,,,,,,,,,,,,,,,,,,,,,,,,,,,,,,,,,,,,,,,,,,,,,,867,,,626,,257,,,363,107,,,51,36,365,306,,,,,,366,,,,,,,,,,,,,,,,,,,,,,,,,,,,,,,,,,,,,,,,,316,,,,202,,,,,,135,40,,332,193,442,,,,,,,522,,,,556,,164,93,,,351,
2026-09-19T06:50:02+00:00,195,312,,,,47,,234,289,304,,,,315,448,,323,,,,,164,,406,,393,,89,,,,931,,77,45,221,,,,,,132,,,,32,,,,,112,,,,,,,37,,26,,,,90,,,234,50,23,,,,,321,,,113,,,,,,,,,,,518,146,315,490,,198,,,328,,258,,214,,,137,,310,310,404,,170,,70,784,283,,254,265,166,295,,,,467,,107,212,948,199,,517,,115,,,,,,,261,,,,,511,,,,,,202,,,,,,,,,,,,,,,,,,,,,,413,67,,,961,349,600,,404,,,,,,,,,,,,,219,,243,17,119,853,,,,,,,,,,,,,,,,510,,13,91,,,,,,,,,,137,,,,,49,,,,,,,,,,,,506,250,,263,246,,,52,,,453,333,,628,310,379,532,,,228,382,73,,,,,,344,,,,,,,,,,,,,175,,,18,,,,,,,,233,321,,,337,,,,,,,,,,,,34,,,,,,,,,,,,191,134,47,,107,,85,210,507,399,,,,190,21,161,,,,,,259,122,31,,180,293,,110,,,,138,39,65,,446,62,1007,307,,,192,151,,,,,,,,,,,,,,,,,,,,,,653,,128,,707,,319,322,481,240,,,,,,,,,,,,,,,79,284,,231,217,279,,420,863,258,178,620,,255,,156,362,,124,,50,39,363,,354,,,,,,,247,,,,,,,,,,,,,,,,,,,,,,,,,,,,,,,,,,,,123,452,97,314,,,,,,,,89,,,39,,325,192,,,,,,,,521,,,,,,,,,,349,
2026-09-19T06:55:02+00:00,192,310,,,641,45,,,285,303,,,,313,443,,,,,,,,488,403,326,392,,88,,,,926,,76,47,220,,,,,,134,,,,30,,,,,109,,378,,,,,36,8,21,,,,,,,,,17,,,,,322,3,,,211,,215,276,198,,212,,,,,,,,,,,,,,,,,,,,,,,,,,,,,,,,,,,,,,,,,,,,,,,,,,,,,,,,,,,,,,,,,,,,,,,,,,,,,,,,,,,,271,402,,411,64,,,956,,593,,403,,,,362,130,65,172,,263,,,157,218,,242,17,118,839,,,,,,,,,,,,,,,,513,,,90,,,,,,,,,,138,,,,,48,,,,,71,,,,,,203,497,249,,261,245,409,,47,71,,,329,396,626,311,378,,,,,380,72,,1352,,,,341,,,,,,,,,,,,,174,71,74,15,,,,,,,,229,,,,339,,,,,,,,,,,,,,,,,,,,,,,,193,,46,101,105,,,209,503,398,,,345,189,,159,,,,,,251,121,30,254,,290,,108,,791,,,35,64,314,438,,1000,299,,,,146,,,,,,,,,,,,,,,,,,,,,,646,,113,,,,,317,476,,366,,,,,,,,,,52,,,288,,273,139,217,208,283,220,421,856,257,176,612,92,249,,,,,,,,,,,,,,,,,,,,,,,,,,,,,,,,,,,,,,,,,,,,,,,,,,,,706,142,,450,96,311,,,,201,234,334,,,,134,38,79,317,191,443,192,,,,,,518,,,,,,163,89,,,,
2026-09-19T07:00:01+00:00,189,,,,637,,,231,284,302,,271,,312,431,,,,,,,,,399,323,390,,,,,57,925,,,46,221,,,,,152,133,,,,31,,,,,,,,,119,,,37,,18,,,19,,79,,233,,,,,,,321,,,,,,,,,,,,,,519,142,314,486,,197,591,80,329,,260,482,,423,188,136,,,305,396,,171,,71,771,281,,252,,164,291,893,,,,,106,211,942,197,276,512,,114,389,,,,,,248,,,,,512,,,,,188,199,,,,,,,,,,,,,,,,,,,267,,527,403,62,,,955,,584,,402,,,,,,,,,,,,,217,,243,17,111,832,,,,,,,,,,,,,,,,510,,11,,,,,,,,,,,137,,,,,,,,,,,,,,,,201,493,,110,260,,408,,48,73,,452,325,,624,310,381,533,,,,,71,,1349,,,,,,,,,,,,,,,,,,,75,13,,,,,,,,227,322,,,337,,,,,,,,,,,,,,,,,,,,,,,,194,,45,99,100,,86,208,498,389,,,,,,158,,,,,,237,116,28,253,181,288,,106,142,,36,137,33,61,310,430,,998,296,,,,150,,,,,,,,,,,,,,,,,,,,,,,,,,,,,,,,,,,,,,,,,,,,,,,,,,,,,422,850,256,173,,91,244,,154,,108,123,,,37,361,301,353,239,,208,,367,,243,,,,,,,,,,,,,,,,,,,,,,,,,,,,,,,,,,,141,,448,94,,280,,,,233,,,90,,,,78,311,190,444,194,,,,,,,613,,,549,,,87,,,348,
2026-09-19T07:05:02+00:00,187,,,,635,,,226,285,299,,269,,309,420,,,,,,,163,,397,321,,,89,,,58,924,,75,45,223,,252,,,151,134,,,,33,,,,,107,,,,120,,22,36,,17,,,20,89,149,,234,48,15,,,,,318,,,115,210,345,210,271,195,,204,,198,,518,130,312,484,,198,585,77,330,217,,476,216,425,184,135,,309,304,395,,170,819,,,279,,250,263,165,287,892,,,468,,,,,,,,,,,,,,,,,,,,,,,,,,,,,,,,,,,,,,,,,,,,,,261,401,,398,,,,951,,579,,,,452,,354,129,59,171,71,,,335,144,212,,242,17,107,823,,,,,,,,,,255,,,,,,509,,,,,,,,,,,,,139,,,,,,,,,,,,,,,,,484,244,109,254,243,405,,46,71,,451,322,394,623,312,379,,,,226,377,,,,,,,342,,,,,,,,,,,,,175,69,73,,,,,448,,,,226,320,,,334,,,,,,,,,,,,,,,,,,,,,,,,195,133,44,,99,,,,494,382,,,346,192,22,157,,,,,196,232,,26,,180,284,,102,143,,35,,,59,309,425,,993,288,,,,146,,,,,,,,,,,,,,,,,,,,,,641,81,111,,703,,318,311,469,239,365,,,,,,,,,,53,,,289,77,268,,209,202,285,,421,843,255,170,601,92,234,45,,357,105,124,,48,,362,299,352,236,,205,,366,,242,322,,,,,,,,,,,,,,,,,,,,,,,,,,,,,,,,,705,142,122,450,,310,,,566,202,231,333,99,89,,133,36,,313,189,443,,,,,,,,,,,544,,,89,,,346,
2026-09-19T07:10:02+00:00,188,,,116,633,44,,220,284,,,266,,,414,,,,,,,161,,394,320,,,88,,,,923,,71,,224,,251,,,150,,,,,,,,,,,,376,41,,,21,37,7,14,,,,88,147,,,47,14,,,,,315,4,,116,,,,,,,,,,,,,,,,,,,,,,,,,,,,,,,,,,,,,,,,,,,,,,,105,207,938,195,274,510,,113,387,,,,,,241,,,,,511,,,,,186,,,,,,,,,,,,,,,,,,,,259,399,525,,61,,,947,350,571,,401,,,,,,,,,,,,,211,,240,17,103,809,,,,,,,,,,,,,,,,505,,9,,,,,,,,,,,137,,,,,49,,,,,,,,,,,,455,,108,251,242,398,,45,69,,,318,,622,309,380,529,,,,376,72,,1350,,,,340,,,,,,,,,,,,,179,70,72,,,,,,,,,223,316,,,,,,,,,,,,,,,33,,,,,,,,,,,,185,,43,95,,,,207,485,378,,,,191,,,,,,,195,230,115,,254,179,280,,,142,790,,,34,61,,422,,991,282,,113,,145,,,,,,,,,,,,,,,,,,,,,,,,,,,,,,,,,,,,,,,,,,,,,,,,,,,,,,840,254,167,589,91,231,,,,,,,,,,,,,,,,,,,,,,,,,,,,,,,,,,,,,,,,,,,,,,,,,,,,,,,449,92,307,,88,565,,,332,100,90,,132,34,,311,187,,195,,,,,,517,611,,,,,,,,,345,
2026-09-19T07:15:02+00:00,186,311,,,629,40,,222,281,292,,263,,306,405,,,,,,,,487,391,319,387,,89,,,59,924,,68,47,225,,250,,,,132,,90,,,,,,,,,,,,,,,,12,,,,87,146,86,233,46,9,,,,,,,,,,343,206,269,186,195,194,,,,,,311,485,,,581,76,326,,261,473,,,181,,117,,306,389,,171,,72,769,278,,249,258,164,285,889,,,467,80,,,,,,,,,,,,,,,,,,,,,,,,,,,,,,,,,,,,,,,,,,,,,,400,,396,,,,945,,560,,400,,456,,352,,58,172,,262,255,328,130,,,,17,99,796,,,,,,,,,,,,,,,,504,,,,,,,,,,,,,135,,,,,,,,,,,,,,,,,450,,105,249,239,395,,40,68,,449,,391,618,306,,527,128,,,373,70,,1348,,,,339,,,,,,,,,,,,,176,71,73,12,,,,447,,,,221,314,,,332,,,,,,,,,,,,34,,,,,,,,,,,,183,,42,,,,,210,483,376,,,345,,,,,,,,,224,113,,,178,278,,98,,,36,138,,59,,419,,988,279,,112,191,142,,,,,,,,,,,,,,,,,,,,,,638,80,110,,701,,316,312,464,238,,,,,94,,,,,,52,,,288,,266,,205,201,,219,,834,253,,584,,225,46,151,355,107,117,,41,33,356,,349,234,,202,,369,,238,320,,,,,,,,,,,,,,,,,,,,,,,,,,,,,,,,,,,,451,,297,,,563,201,229,,99,91,,,,79,305,185,,196,,,,,,,613,,,541,,162,90,,,340,137
2026-09-19T07:20:01+00:00,184,310,,,,43,,217,278,288,,258,,303,402,,322,,,,,160,486,390,317,386,,88,,,,918,27,63,46,,,,,,,,,,,,,,,,,,,,,,20,36,,9,,,,83,145,,,,6,,,,,,5,,,209,,,,,,,,,,517,125,306,484,,,577,73,,216,,464,217,424,177,134,,308,301,381,169,170,,71,757,,,246,,160,281,880,,,466,78,,,,,,,,,,,,,,,233,,,,,514,,,,,185,200,,,,,,,,,,,,,,,,,,,260,398,,397,60,,,939,351,549,,390,,,,,,,,,,,,,206,,243,17,94,770,,,,,,,,,39,,,,,,,502,,,,,,,,,,,,,133,,,,,,,,,,,,,,,,,447,243,104,,,394,,38,,,,315,389,617,308,379,,,,227,371,,,,,,,336,,,,,,,,,,,,,,69,,,,,,446,,,8,212,313,,,330,,,,,,,,,,,,,,,,,,,,,,,,181,131,,93,95,,85,209,479,372,,,,190,,155,,,,86,,219,111,25,255,177,277,,99,,,,,,,,,,,,,,,,,,,,,,,,,,,,,,,,,,,,,635,79,,,700,,,,459,237,364,,,,93,,,,,,53,,,287,76,265,137,200,199,286,,417,828,249,,575,90,220,45,149,357,,,,39,30,353,295,347,232,,197,,368,,234,318,,,,,,,,,,,,,,,,,,,,,,,,,,,,,,,,,,,,448,91,291,,87,564,200,223,329,,,,,33,78,300,,442,,,,,,,,,,,535,,161,88,,,333,
2026-09-19T07:25:02+00:00,181,309,,,621,,,214,274,287,,257,,301,397,,,,,,,157,485,,315,384,,,,,,909,26,57,,222,,249,,,,130,,89,,,,,,,,,378,39,,,21,35,8,8,,,,84,142,,232,,1,,,,,313,6,,,,344,202,265,179,,193,,,,,,,,,,,,,,,,,,,,,,,,,,,,,,,,,,,,,,,,,,,,,,,,,,,,,,,,,,,,,,,,,,,,,,,,,,,,,,,,,,,,261,399,,,62,,,933,350,545,,387,,457,,342,,56,,,,252,317,113,202,,234,17,86,753,,,,,,,,,,,,,,,,500,,,,,,,,,,,,,131,,,,,,,,,,70,,,,,,200,438,241,101,244,238,390,,40,67,,448,313,,610,304,377,526,129,,226,370,,,,,,,335,,,,,,,,,,,,,174,67,72,,,,,,,,,203,312,,,327,,,,,,,,,,,,,,,,,,,,,,,,178,,40,91,89,,86,208,470,366,,,344,188,23,150,,,,,,206,108,24,,174,275,,98,,791,,,,56,308,411,,976,270,,111,190,134,,,,,,,,,,,,,,,,,,,,,,629,78,107,,697,,314,311,452,236,,,,,91,,,,,,52,,,,,251,,191,193,285,218,416,820,247,161,562,,217,,,,,,,,,,,,,,,,,,,,,,,,,,,,,,,,,,,,,,,,,,,,,,,,,,,,,139,121,444,90,284,,86,,,220,,98,,,133,35,,294,184,438,197,,,,,,,610,,,532,,160,84,,,327,
2026-09-19T07:30:01+00:00,178,310,,,618,42,,212,273,286,,254,,,391,,,,,,,155,484,388,311,381,,90,,,,,27,56,45,,,245,,,,131,,,,,,,,,106,,,41,,,18,,,5,,,,80,141,,231,,0,11,,,,309,,,117,208,,,,,,,,,,,124,305,485,288,,576,68,,215,260,457,,423,169,133,118,,300,369,,169,,73,,275,,243,255,159,279,,,,,77,100,206,933,193,271,507,58,112,383,,,,,,228,,,,,,,,,,184,,,,,,,,,,,,,,,,,,,,263,398,,398,58,,,931,349,526,,385,,,,,,,,,,,,,200,,231,17,85,739,,,,,,,,,37,253,,,,,,496,,,,,,,,,,,,,,,,,,50,,,,,,,,,,,,434,,99,240,,,,44,65,,447,311,,605,,378,525,,,,,67,,,,,,334,,120,,,,,,,,,,,172,66,69,11,,,,,,,,201,311,,,325,,,,,,,,,,,,35,,,,,,,,,,,,177,,,89,87,,,,468,359,,,,186,22,149,,,,87,,193,106,23,254,,,,99,140,792,,,33,,,,,,,,,,,,,,,,,,,,,,,,,,,,,,,,,,,,,,,,,,,,,,,,,,,,,,,,,,,,,,,,804,246,156,549,92,216,,147,,106,114,155,33,,348,296,346,230,,193,,365,,232,316,,,,,,,,,,,,,,,,,,,,,,,,,,,,,,,,,,,,441,89,279,278,84,,198,,328,,92,,132,36,75,296,182,435,196,,,,,,,609,,,529,,159,83,,,321,136
2026-09-19T07:35:02+00:00,175,,,115,612,38,,204,271,282,,249,,299,382,,,,,,,153,482,,309,376,,91,,,56,897,28,57,,223,,244,,,148,,,,,32,,,,,,,379,,,,,34,7,3,,,,,140,,,,,,,,,305,8,,116,211,340,196,255,178,193,188,,,,518,119,,480,286,,571,53,,,255,439,,421,153,135,,305,294,355,,168,,,755,272,,238,249,161,271,,,,467,,,,,,,,,,,,,,,,,,,,,,,,,,,,,,,,,,,,,,,,,,,,,,,396,522,391,,,,922,350,522,,381,,458,,345,127,49,171,70,261,251,312,,197,,228,17,78,727,,,,,,,,,,,,,,,,497,,8,91,,,,,,,,,,130,,,,,51,,,,,,,,,,,,426,239,97,236,235,379,,39,63,,445,299,388,599,305,379,,,,,368,64,,,,,,335,,119,,,,,,,,,,,173,67,67,,,,,,,,,200,312,,,322,,,,,,,,,,,,,,,,,,,,,,,,181,129,37,88,86,148,,,461,350,,,,187,,146,,,17,,,174,100,,,,270,,97,,,35,,32,52,307,409,,952,260,,109,191,119,,,,,,,,,,,,,,,,,,,,,,621,,103,74,695,,310,309,442,,363,,,,92,,,,,,51,,,285,75,239,134,177,183,278,216,414,790,243,152,543,91,214,,141,,,113,,31,35,345,295,341,229,,190,,362,,231,308,,,,,,,,,,,,,,,,,,,,,,,,,,,,,,,,,,140,,437,87,,275,83,562,197,214,,,,,131,34,,295,,437,195,,,,,,516,603,126,,522,,158,80,,,314,
2026-09-19T07:40:02+00:00,171,309,,116,604,39,,196,262,280,,248,,297,371,,,,,,,151,476,,304,373,,89,,,52,891,,,43,,,240,,,,129,,,,30,,,,,107,,,,,,17,35,,0,,,17,75,139,,,,,10,,,,302,,,118,214,,,,,,,,,,,,,,,,,,,,,,,,,,,,,,,,,,,,,,,,,,,,,,105,198,926,192,,503,57,113,379,,,,,,217,,,,,,,,,,,197,,,,,,,,,,,,,,,,,,,261,,,390,,,,912,,514,,378,,,,,,,,,,,,,192,,224,17,73,702,,,,,,,,,36,,,,,,,491,,7,,,,,,,,,,,129,,,,,,,,,,,,,,,,,415,241,95,232,234,367,,34,59,,442,296,387,594,303,378,,130,,224,369,,,,,,,334,,,,,,,,,,,,,,63,68,10,,,,445,,,,206,309,,,,,,,,,,,,,,,,,,,,,,,,,,,180,127,35,87,85,149,,,460,346,,,343,181,,,,,,,,167,,,,,,,96,,,,,,51,,395,,945,246,,108,190,120,,,,,,,,,,,,,,,,,,,,,,610,77,,,,,309,,427,235,361,,,,,,,,,,,,,284,,237,,169,,,215,412,777,242,146,535,90,213,,,,,,,,,,,,,,,,,,,,,,,,,,,,,,,,,,,,,,,,,,,,,,,,,,,,,138,120,435,86,270,294,80,561,194,210,324,99,91,,,33,72,293,180,432,193,,,,,,515,600,,,518,,156,79,,,304,
2026-09-19T07:45:01+00:00,,,,,602,35,,182,257,,,244,,292,359,,321,,,,,150,474,385,298,365,,86,,,53,877,,54,42,,,230,,,147,128,,90,,29,,,,,106,,,,,,15,33,,,,,16,74,134,,,,,,,,,296,6,,,213,341,191,250,177,192,176,,,,,113,306,474,285,,565,47,327,,,432,218,,146,,,306,292,346,,167,,,,270,,,,160,269,871,,,,78,,,,,,,,,,,,,,,,,,,,,,,,,,,,,,,,,,,,,,,,,,,,,254,,519,387,,,,909,,507,,369,,,,342,126,42,170,69,260,250,306,114,187,,222,17,67,683,,,,,,,,,,,,,,,,,,6,,,,,,,,,,,,,,,,49,,,,,,,,,,,,404,239,94,230,,351,,25,55,,441,294,388,590,,376,523,129,,223,363,63,,1347,,,,332,,,,,,,,,,,,,175,61,,12,,,,,,,,205,,,,323,,,,,,,,,,,,38,,,,,,,,,,,,179,126,34,83,78,,,206,453,336,,,340,171,21,147,,,18,,194,138,96,22,,,267,,95,139,791,,139,,,,,,,,,,,,,,,,,,,,,,,,,,,,,,,,,,,98,,,,,,,,,,,,89,,,,,,,,,,,,133,,182,276,,409,761,238,144,530,89,208,,136,352,105,108,154,30,32,336,300,332,,,183,,361,,,302,,,,,,,,,,,,,,,,,,,,,,,,,,,,,,,,,,137,118,430,83,255,291,79,560,191,207,321,97,92,,,28,71,291,179,429,192,,,,,,513,598,125,,508,,155,,,,296,135
2026-09-19T07:50:02+00:00,167,,,,596,34,,170,243,275,,239,,288,335,,,,,,,148,470,383,290,360,,85,,,54,869,,53,39,,,226,,,,129,,91,,28,,,,,,,382,40,,,12,34,,,,,,59,130,,,44,,,,,,293,5,,117,,,,,,,,,,,,,,,,,,,,,,,,,,,,,,,,,,,,,,,,,,,,,,,107,195,921,,270,501,,,377,,,,,,205,,,,,518,,,,,181,,,,,,,,,,,,,,,,,,,,252,,518,390,57,,,899,347,496,,362,,,,,,,,,,,,,180,,224,16,63,663,,,,,,,,,35,252,,,,,,489,,5,88,138,,,,,,,,,125,,,,,48,,,,,,,,,,,,394,238,91,227,,341,,,52,,442,281,386,583,302,373,521,127,,,354,57,,1346,,,,,,,,,,,,,,,,,176,58,66,,,,,,,,,210,307,,,322,,,,,,,,,,,,,,,,,,,,,,,,175,122,31,78,72,,87,,446,325,,,337,161,,132,,,16,88,,120,89,23,255,169,264,,92,,,36,,,46,305,368,60,937,221,,105,191,105,,,,,,,,,,,,,,,,,,,,,,590,,91,75,694,,306,308,407,233,360,,,,85,,,,,,50,,,276,73,229,130,154,163,273,214,406,738,236,140,518,90,192,,,,,,,,,,,,,,,,,,,,,,,,,,,,,,,,,,,,,,,,,,,,,,,,,,,,,138,117,425,82,242,288,78,557,185,203,312,95,90,,129,26,70,286,,430,,,,,,,511,593,124,,495,,153,77,,,280,
2026-09-19T07:55:01+00:00,163,307,,,591,29,,152,235,272,,228,,285,313,,320,,,,,143,468,381,286,349,,82,,,49,856,,45,38,,,,,,145,127,,92,,,,,,,,,384,39,,,11,35,5,,,,,48,125,,,,,,,,,287,7,,,211,338,176,238,172,191,172,,,,,110,308,471,281,199,552,44,328,,258,413,217,422,136,134,117,303,286,321,,169,,70,746,262,,231,254,156,251,865,,,,79,,,,,,,,,,,,,,,,,,,,,,,,,,,,,,,,,,,,,,,,,,,,,251,,519,384,55,,,895,,480,,352,302,464,,322,121,32,,,,248,304,129,177,,216,16,59,647,,,,,,,,,33,,,,,,,482,,3,86,137,,,,,,,,,121,,,,,46,,,,,,,,,,,199,377,236,88,217,230,323,,33,40,,437,268,385,575,300,372,519,,,222,353,,,,,,,331,,118,,,,,,,,,,,174,56,67,7,,,,,,,,216,306,,,318,,,,,,,,,,,,,,,,,,,,,,,,176,121,29,75,,,,203,435,311,,37,336,150,,130,,,15,87,,101,82,21,,167,265,,,,,37,142,30,,,,,,,,,,,,,,,,,,,,,,,,,,,,,,,,,,,,,,,,,,,,,,,,,,,,,,,,,,,,,,,403,721,237,136,514,91,178,,134,351,103,104,,28,34,325,302,326,227,,180,,357,,227,297,,,,,,,,,,,,,,,,,,,,,,,,,,,,,,,,,,137,116,418,77,235,281,74,555,180,200,311,94,89,,128,24,71,274,175,429,191,,,,,,509,588,125,,479,,150,72,,,264,134
2026-09-19T08:00:01+00:00,161,308,,,577,27,,143,233,267,,223,,280,292,,319,,,,,138,464,377,279,334,,81,,,44,842,,46,36,224,,220,,,,128,,94,,,,,,,,,382,38,119,,10,,,,,,,42,124,,,43,,9,,,,286,8,,114,,,,,,,,,,,,104,307,,280,197,539,41,327,214,257,383,215,423,111,,,299,269,292,,168,,69,721,254,114,228,247,153,242,862,,,,,105,182,903,188,268,497,,114,,,,,,,194,,,,,519,,,,,174,,,,,,,,,,,,,,,,,,,,252,393,518,,56,,,889,,465,,345,,,,,,,,,,,,,168,,214,16,50,623,,,,,,,,,,253,,,,,,471,,1,85,,,,,,,,,,118,,,,,43,,,,,,,,,,,,361,,87,208,229,313,,31,37,,427,248,381,566,296,369,514,126,,221,344,50,,1345,,,,332,,117,,,,,,,,,,,181,55,61,4,,,,444,,,,,305,,,317,,,,,,,,,,,,,,,,,,,,,,,,172,,30,66,65,,,201,430,296,36,36,337,146,,127,,,,86,193,78,74,,,166,256,,86,,790,36,139,,38,,353,58,925,210,,104,,102,,,,,,,,,,,,,,,,,,,,,,575,76,89,,693,,,,393,231,361,,,,83,,,,,,,,,273,74,220,128,142,154,269,213,401,702,233,130,517,,163,,,,,,,,,,,,,,,,,,,,,,,,,,,,,,,,,,,,,,,,,,,,,,,,,,,,,138,,413,73,229,274,,550,176,196,301,92,,,127,25,69,266,172,424,189,,,,,,,581,,,461,,144,70,,,244,
2026-09-19T08:05:02+00:00,158,307,,,573,26,,132,222,260,,221,,275,282,,,,,,,134,459,375,274,,,80,,,,,,45,35,223,,,,,,127,,95,,27,,,,,,,381,39,120,,8,32,,,,,,33,113,,,44,,10,,,,283,,,109,214,334,163,225,166,,160,,,,,,,,,,,,,,,,,,,,,,,,,,,,,,,,,,,,,,,,104,176,891,186,265,,56,115,374,,,,,,193,,,,,,,,,,172,196,,,,,,,,,,,,,,,,,,,253,,520,381,53,,,883,345,455,,335,,,,301,124,28,,68,,246,298,106,163,,210,17,48,603,,,,,,,,,31,,,,,,,,,0,84,,,,,,,,,,117,,,,,42,,,,,,,,,,,,342,233,85,201,225,289,,17,26,13,,234,380,558,,,508,127,,214,338,45,,1344,,,,329,,,,,,,,,,,,,183,50,55,3,,,,,,,,215,304,,,319,,,,,,,,,,,,36,,,,,,,,,,,,170,118,22,65,59,,,197,415,257,,35,331,132,18,120,,,14,87,,54,58,20,254,,253,,83,136,789,37,,28,25,307,324,,889,187,,101,190,88,,,,,,,,,,,,,,,,,,,,,,556,73,85,74,682,,302,302,363,225,359,,,,82,,,,,,,,,267,,,125,115,137,,,397,672,229,123,498,90,164,46,126,342,99,95,153,22,24,313,290,314,224,,172,,345,,223,285,,,,,,,,,,,,,,,,,,,,,,,,,,,,,,,,,,139,114,409,67,221,268,70,547,170,189,300,93,,,,,,259,167,423,182,,,,,,505,576,,,439,,138,72,,,216,
2026-09-19T08:10:02+00:00,157,308,,,564,27,,119,213,257,,217,242,269,270,,,,,,,,,371,266,315,,78,,,45,805,,,33,219,,204,,,144,126,,96,,,,,,,,,380,,,,6,31,,,,,15,30,,,,43,,,108,,,,9,,,215,,,,,,,,,,,96,306,467,274,199,533,,328,213,256,369,216,,101,,,293,263,275,,,818,,,253,115,225,246,152,237,859,,,,78,,,,,,,,,,,,,,,,,,,,,,,,,,,,,,,,,,,,,,,,,,,,,252,,515,373,50,,,878,344,451,,324,,,,,,,,,,,,,162,,207,17,46,581,,,,,,,,,27,252,,,,,,459,,,83,136,,,,,,,,,115,,,,,41,,,,,69,,,,,,,321,,83,199,222,278,,6,24,,422,232,,553,295,366,509,,,213,339,40,,,,,,330,,118,,,,,,,,,,,,45,54,2,,,,,,,,214,300,,,314,,,,,,,,,,,,35,,,,,,,,,,,,165,,,61,57,,86,,413,245,,36,,131,,116,,,15,86,,42,50,21,,167,247,,80,135,,,140,,,,,,,,,,,,,,,,,,,,,,,,,,,,,,,,,549,,78,,675,,,297,346,226,357,,,,80,,,,,,46,,,265,76,213,119,112,126,265,,396,646,223,115,479,,157,,118,340,,92,152,21,19,306,287,301,,,168,,334,,,273,,,,,,,,,,,,,,,,,,,,,,,,,,,,,,,,,704,137,113,402,68,207,256,66,546,164,180,295,95,87,,124,27,,247,163,424,180,,,,,,503,577,,,425,,136,68,,,189,133
2026-09-19T08:15:02+00:00,,307,,,554,29,,115,198,250,,216,,267,252,,,,,,,124,458,368,262,306,,79,,,42,788,,40,31,216,,201,,,,122,,,,,,,,,,,382,,,,5,,,,,,,28,106,,,42,,,,,,,,,108,217,,160,212,157,188,150,,,,,84,303,459,275,198,513,34,324,,255,341,213,422,84,135,116,281,250,240,,166,,67,683,245,116,221,273,147,228,858,,,466,,103,171,876,183,263,498,53,113,373,,,,,,166,,,,,521,,,,,170,,,,,,,,,,,,,,,,,,,,,,517,371,47,,,871,342,434,,314,,463,,295,,39,167,67,,245,292,93,,,205,17,41,565,,,,,,,,,26,,,,,,,460,,,82,,,,,,,,,,113,,,,,42,,,,,,,,,,,197,300,,80,187,215,262,,1,22,,416,222,,540,293,363,506,,,210,331,36,,,,,,327,,,,,,,,,,,,,182,43,48,,,,,,,,,209,299,,,310,,,,,,,,,,,,34,,,,,,,,,,,,160,117,23,54,53,,,198,407,230,34,,329,127,,108,,,,87,,6,34,22,,164,236,,76,,,36,141,,21,,291,57,850,168,,98,,77,,,,,,,,,,,,,,,,,,,,,,,,,,,,,,,,,,,,,,,,,,,,,,,,,,,,,388,626,218,102,458,88,151,,,,,,,,,,,,,,,,,,,,,,,,,,,,,,,,,,,,,,,,,,,,,,,,,,,,,136,,393,,193,249,,539,159,175,,96,90,,,25,68,,160,427,177,,,,,,,575,,,414,,133,69,,,171,
2026-09-19T08:20:02+00:00,,304,,115,553,,,102,195,247,,206,,265,234,,,,,,,115,457,363,259,304,,73,,,39,782,29,37,30,213,,196,,,145,121,,,,,,,,,,,,,,,,,,,,,16,23,103,,,41,,,,,,273,11,,107,219,,,,,,,,,,,74,295,457,,199,505,33,,,254,332,,,76,136,,276,244,215,,,,68,642,237,,220,,,223,857,,,,,,,,,,,,,,,,,,,,,,,,,,,,,,,,,,,,,,,,,,,,,,,,,250,,518,,,,,859,340,430,,304,,,,,,,,,,,,,154,,198,17,36,552,,,,,,,,,24,,,,,,,457,,,79,135,,,,,,,,,110,,,,,41,,,,,,,,,,,198,289,232,78,,214,250,,,20,,415,210,379,535,288,361,505,,,208,,38,,,,,,331,,117,,,,,,,,,,,,45,45,,,,,,,,9,205,295,,,302,,,,,,,,,,,,,,,,,,,,,,,,158,116,,52,52,,,,404,213,,,327,,,104,,,,,,2,27,19,,,229,,,,788,,,27,23,,282,,845,,,99,,70,,,,,,,,,,,,,,,,,,,,,,534,71,71,,670,,299,288,307,227,355,,,,78,,,,,,43,,,262,73,206,113,95,110,262,212,377,600,207,99,449,89,146,44,110,339,98,84,154,19,23,297,279,290,223,,155,,330,,222,263,,,,,,,,,,,,,,,,,,,,,,,,,,,,,,,,,,,,383,69,182,241,62,530,152,169,,94,89,,122,24,67,246,155,428,179,,,,,,500,568,,,390,,132,68,,,160,
2026-09-19T08:25:02+00:00,158,,,,550,28,,86,190,246,,202,,266,216,,318,,,,,114,454,359,256,286,,72,,,37,757,,34,31,,,193,,,144,120,,95,,,,,,,105,,,,,,6,,4,,,,13,13,101,,,40,,9,109,,,,,,106,,328,143,198,155,,146,,,,,,,,,,,,,,,,,,,,,,,,,,,,,,,,,,,,,,,,,164,862,179,254,495,,,372,,,,,,147,,,,,520,,,,,156,,,,,,,,,,,,,,,,,,,,242,394,519,368,,,,861,339,422,,297,301,461,,288,123,38,,65,,242,281,75,147,,194,17,32,526,,,,,,,,,23,,,,,,,455,,,80,,,,,,,,,,108,,,,,40,,,,,,,,,,,197,272,225,77,181,211,234,,0,17,,409,206,377,527,282,358,501,128,,206,332,33,,1343,,,,,,,,,,,,,,,,,181,43,40,,,,,442,,,,202,289,,,300,,,,,,,,,,,,,,,,,,,,,,,,152,115,22,49,47,,87,201,395,196,,,,118,,101,,,,,,0,1,20,,160,223,,79,,787,35,140,26,,,,,,,,,,,,,,,,,,,,,,,,,,,,,,,,,,,,665,,300,,,225,,,,,,,,,,,,,,,,199,,,,,211,,578,200,87,429,90,141,,108,334,,82,,17,24,282,276,282,,,151,,319,,221,256,,,,,,,,,,,,,,,,,,,,,,,,,,,,,,,,,,,112,381,66,166,233,,528,141,163,292,93,88,,119,23,66,238,151,423,180,,,,,,499,560,,,379,,129,67,,,143,
2026-09-19T08:30:02+00:00,156,,,,545,24,,85,174,,,200,,260,197,,,,,,,112,452,358,243,279,,71,,,36,745,,27,29,214,,189,,,,121,,97,,26,,,,,104,,381,37,,,5,32,5,,,,12,7,100,,,,,10,,,,267,,,101,221,,,,,,,,,,,71,,456,270,201,495,29,,,251,319,212,421,70,,,275,239,205,170,164,,66,,234,,218,267,149,214,858,,,,,,,,,,,,,,,,,,,,,,,,,,,,,,,,,,,,,,,,,,,,,,,,,243,,,358,43,,,854,,407,,288,,,,,,,,,,,,,144,,189,17,27,517,,,,,,,,,24,,,,,,,449,,,79,134,,,,,,,,,109,,,,,35,,,,,,,,,,,196,257,226,76,179,,223,,-3,18,,408,203,372,522,,356,493,127,,198,327,34,,,,,,330,,,,,,,,,,,,,177,42,38,1,,,,441,,,6,198,290,,,297,,,,,,,,,,,,35,,,,,,,,,,,,,114,25,46,,,,203,388,190,,,328,117,,98,,,,,192,,0,19,,,221,,,,,36,141,,20,304,250,56,824,155,,96,189,60,,,,,,,,,,,,,,,,,,,,,,521,72,66,,,,,287,282,,,,,,74,,,,,,41,,,260,71,,,87,104,259,,371,554,195,82,419,91,135,,,,,,,,,,,,,,,,,,,,,,,,,,,,,,,,,,,,,,,,,,,,,,,,,,,,703,133,111,368,65,158,224,,521,136,160,288,,,,118,24,65,231,146,419,182,,,,,,495,556,,,364,,126,,,,132,132
2026-09-19T08:35:01+00:00,153,303,,,540,23,,77,171,241,,195,,251,188,,,,,,,113,,354,241,265,,70,,,34,721,30,21,30,,,183,,,,120,,,,25,,,,,105,,,38,119,,3,,,,,,9,2,98,85,,,,9,,,,263,,,96,,324,131,189,150,,136,,,,,,,,,,,,,,,,,,,,,,,,,,,,,,,,,,,,,,,,104,154,846,166,247,490,,,363,,,,,,135,,,,,,,,,,147,192,,,,,,,,,,,,,,,,,,,241,393,520,355,44,,,844,338,398,,278,300,463,,273,,35,165,66,259,235,270,58,137,,178,17,17,496,,,,,,,,,23,,,,,,,442,,,,133,,,,,,,,,103,,,,,,,,,,,,,,,,195,238,225,,174,207,211,,16,16,,403,196,371,508,279,352,488,,,192,328,32,,1344,,,,331,,116,,,,,,,,,,,175,39,36,,,,,442,,,5,195,287,,,294,,,,,,,,,,,,36,,,,,,,,,,,,147,108,,53,32,,86,200,379,173,,37,325,111,,91,20,,,89,191,,,18,,,214,,,,788,35,,24,,,,,,,,,,,,,,,,,,,,,,,,,,,,,,,,512,70,62,,663,,298,,262,222,354,,,,73,,,,,,37,,,259,70,198,108,79,93,255,,366,532,193,71,422,,124,45,98,333,96,69,149,15,21,253,269,267,221,,143,,308,,220,244,,,,,,,,,,,,,,,,,,,,,,,,,,,,,,,,,702,135,109,360,61,145,216,,514,129,156,,92,85,,,22,66,217,,417,181,,,,,,493,550,,,351,,124,65,,,122,
2026-09-19T08:40:02+00:00,147,302,,,535,,,69,167,237,,189,,247,173,,,,,,,105,450,,234,258,,68,,,30,701,,16,29,215,,182,,,143,,,,,,,,,,100,,,,,,0,,,,,,10,0,93,,,41,,8,,,,259,,,97,219,,,,,,,,,,,61,294,452,,202,482,20,,,247,289,209,419,56,,,272,225,172,,161,,65,604,227,,210,270,146,196,856,,,464,,,,,,,,,,,,,,,,,,,,,,,,,,,,,,,,,,,,,,,,,,,,,,239,395,517,362,40,,,838,,391,,273,,,,,,,,,,,,,138,,174,17,13,476,,,,,,,,,24,,,,,,,,,,78,,,,,,,,,,105,,,,,33,,,,,,,,,,,194,222,224,75,170,202,199,,11,13,,404,183,,505,275,351,487,,,189,,28,,1343,,,,,,115,,,,,,,,,,,173,36,37,2,,,,440,,,,,286,,,293,,,,,,,,,,,,34,,,,,,,,,,,,144,,21,49,23,148,,197,377,164,32,38,324,107,,88,,,14,,,2,,19,256,158,211,,,,787,,,,13,300,223,,795,137,,97,188,69,,,,,,,,,,,,,,,,,,,,,,500,68,52,,653,,291,285,233,223,352,,,,72,,,,,,,,,255,68,179,106,62,86,253,209,364,504,185,,399,88,117,44,96,331,95,66,145,10,24,236,261,261,,,,,303,,221,229,,,,,,,,,,,,,,,,,,,,,,,,,,,,,,,,,,134,107,352,59,133,214,59,507,117,144,,,,,,21,61,218,144,416,,,,,,,487,545,,,336,,123,62,,,101,
2026-09-19T08:45:02+00:00,144,,,,523,18,,63,162,236,,183,,243,160,,,,,,,101,447,353,227,248,,62,,,,690,,15,25,214,,180,,,141,117,,96,,22,,,,,97,,,,,,,31,,,,,,,91,,232,39,,11,,,,,10,,96,218,322,140,170,151,184,130,,,,,,,,,,,,,,,,,,,,,,,,,,,,,,,,,,,,,,,,101,137,821,148,240,481,52,112,362,,,,,,120,,,,,,,,,,141,189,,,,,,,,,,,,,,,,,,,230,394,,361,38,,,826,334,382,,263,299,464,,257,122,32,166,65,258,231,262,57,123,,171,17,4,466,,,,,,,,,23,,,,,,,440,,,,131,,,,,,,,,104,,,,,31,,,,,,,,,,,,206,,67,166,198,187,,5,10,,401,178,369,499,271,352,481,128,,184,325,30,,,,,,330,,112,,,,,,,,,,,178,34,34,,,,,439,,,,191,283,,,287,,,,,,,,,,,,30,,,,,,,,,,,,141,,20,43,16,,84,,373,149,,,323,105,,89,,,,,192,0,,17,,156,209,,78,136,786,31,139,21,10,299,212,,787,119,,95,,68,,,,,,,,,,,,,,,,,,,,,,,,,,,,,,,,,,,,,,,,,,,,,,,,,,,,,360,487,184,63,384,,112,,,,,,,,,,,,,,,,,,,,,,,,,,,,,,,,,,,,,,,,,,,,,,,,,,,,701,,104,345,57,126,211,56,504,115,133,,,84,,,19,60,221,142,415,180,,,,,,485,537,,,322,,121,63,,,83,
2026-09-19T08:50:02+00:00,145,301,,,509,16,,57,154,230,,179,,238,154,,319,,,,,98,446,349,218,232,,,,,25,667,,12,20,215,,175,,,,,,,,,,,,,96,,,,,,1,30,,,,,,,87,,231,,,,,,,255,,,,220,320,131,161,146,,129,,,,,48,286,443,267,203,466,19,,,250,246,,421,43,137,115,262,221,122,,163,,,564,219,,201,268,138,185,858,,,465,76,,,,,,,,,,,,,,,,,,,,,,,,,,,,,,,,,,,,,,,,,,,,,228,393,,360,34,,,818,333,375,,251,,,,,,,,,,,,,115,,163,17,0,455,,,,,,,,,18,,,,,,,429,,,73,127,,,,,,,,,98,,,,,30,,,,,68,,,,,,,200,,63,165,197,172,,,4,12,398,172,367,486,273,,479,,,183,316,,,,,,,,,111,,,,,,,,,,,176,21,35,,,,,,,,3,188,277,,,278,,,,,,,,,,,,29,,,,,,,,,,,,135,106,19,37,5,,83,,363,131,,,321,97,,84,,,,,190,,1,15,,,207,,76,,,29,,20,,,,,,,,,,,,,,,,,,,,,,,,,,,,,,,,488,,46,73,648,,286,,215,224,,,,,70,,,,,,35,,,254,65,177,97,51,77,249,210,358,456,,59,377,,103,38,90,328,92,55,144,5,29,200,244,235,213,,132,,292,,217,200,,,,,,,,,,,,,,,,,,,,,,,,,,,,,,,,,,132,,332,53,114,204,,502,109,132,283,90,82,,117,20,55,209,134,409,177,,,,,,481,528,124,,305,,119,,,,59,131
2026-09-19T08:55:02+00:00,141,300,,,504,13,,49,148,228,,176,,236,145,,318,,,,,97,444,344,213,220,,58,,,26,657,,10,18,211,,169,,,,,,,,21,,,,,93,,379,36,,,0,,6,,,,,,81,,232,40,,,108,,,254,11,,91,219,,,,,,,,,,,,,,,,,,,,,,,,,,,,,,,,,,,,,,,,,,,,,,99,130,795,146,230,478,49,109,355,,,,,,106,,,,,,,,,,131,185,,,,,,,,,,,,,,,,,,,227,,516,351,26,,,814,,365,,245,297,466,,238,119,26,164,64,257,232,246,42,113,,157,17,,435,,,,,,,,,16,,,,,,,419,,,71,123,,,,,,,,,97,,,,,36,,,,,67,,,,,,193,180,222,60,164,195,160,,0,,9,393,168,366,480,269,,476,,,180,315,27,,,,,,328,,,,,,,,,,,,,,,36,0,,,,438,,,,180,274,,,277,,,,,,,,,,,,31,,,,,,,,,,,,133,104,,34,1,,81,198,355,116,,,320,94,,79,,,13,,191,,,16,,,,,74,,787,30,137,,13,298,194,,748,100,,92,185,54,,,,,,,,,,,,,,,,,,,,,,471,66,43,69,642,,284,278,186,217,346,,,,69,,,,,,33,,,250,64,161,91,37,51,248,208,352,439,174,52,366,86,91,37,88,325,89,,,4,26,191,242,231,214,,129,,291,,212,195,,,,,,,,,,,,,,,,,,,,,,,,,,,,,,,,,703,133,102,321,52,95,200,53,495,99,128,,87,79,,114,14,52,199,132,405,176,,,,,,479,526,,,292,,121,,,,38,130
2026-09-19T09:00:01+00:00,137,298,,,500,14,,42,142,222,,167,,232,,,,,,,,,,,212,217,,,,,,641,,8,14,214,,166,,,,114,,,,20,,,,,94,,377,,,,,31,,,,,9,,80,84,231,38,,8,,,,244,,,87,216,322,124,151,140,185,116,,,,517,30,280,442,262,201,443,17,,,249,221,207,,24,,,253,216,91,,161,,60,563,202,,189,261,133,174,850,,,,75,,,,,,,,,,,,,,,,,,,,,,,,,,,,,,,,,,,,,,,,,,,,,224,391,,348,25,,,804,331,359,,233,,,,,,,,,,,,,106,,151,17,,424,,,,,,,,,12,251,,,,,,413,,,69,120,,,,,,,,,98,,,,,35,,,,,,,,,,,192,158,,59,157,186,150,,1,,8,388,155,365,477,273,355,474,,,176,312,24,,1342,,,,327,,110,,,,,,,,,,,173,20,34,1,,,,,,,2,177,271,,,273,,,,,,,,,,,,30,,,,,,,,,,,,126,103,18,35,0,,82,195,337,102,,,319,89,,78,,,,,,,0,17,257,,203,,71,137,788,,,19,,,,,,,,,,,,,,,,,,,,,,,,,,,,,,,,,,,,,,,,,,,,,,,,,,,,,,,,,,,,,,,346,407,169,39,346,,87,,,,,,,,,,,,,,,,,,,,,,,,,,,,,,,,,,,,,,,,,,,,,,,,,,,,,132,101,310,50,75,192,52,489,93,,,83,81,,113,13,51,,130,402,172,,,,,,475,521,,,279,,115,61,,,34,129
2026-09-19T09:05:02+00:00,133,297,,,487,12,,32,139,221,,160,,229,126,,317,,,,,87,,336,200,202,,56,,,24,619,,7,10,211,,,,,,115,,95,,,,,,,95,,,,118,,,,,,,,10,,73,,,37,,,,,,246,,,85,,,,,,,,,,,516,20,279,436,256,195,414,16,323,212,250,194,205,418,13,,112,248,210,68,,162,,61,542,195,,182,260,130,166,847,,,,77,,,,,,,,,,,,,,,92,,,,,522,,,,,122,189,,,,,,,,,,,,,,,,,,,225,392,,,,,,797,330,358,,228,298,468,,223,117,,163,63,254,230,237,37,99,,146,17,2,402,,,,,,,,,9,250,,,,,,408,,,68,121,,,,,,,,,97,,,,,,,,,,65,,,,,,191,146,220,58,155,184,130,,4,3,6,385,147,362,473,270,,469,,,175,310,25,,,,,,320,,,,,,,,,,,,,,13,35,,,,,,,,3,171,266,,,271,,,,,,,,,,,,24,,,,,,,,,,,,128,102,15,27,,147,83,194,330,103,31,,318,86,,77,,,,,,,1,19,,150,200,,,,,,138,15,10,299,162,,711,87,,,186,36,,,,,,,,,,,,,,,,,,,,,,454,64,34,,643,,281,273,164,212,344,,,,63,,,,,,30,,,244,63,142,80,24,46,251,205,341,386,166,36,337,,67,41,73,320,88,49,142,3,32,166,232,211,210,,107,,275,,209,176,,,,,,,,,,,,,,,,,,,,,,,,,,,,,,,,,,131,98,301,46,67,184,48,479,81,120,,,82,,,,50,192,126,405,170,,,,,,470,511,,,260,,114,58,,,28,
2026-09-19T09:10:01+00:00,132,293,,,,,,28,123,223,,153,,225,111,,316,,,,,81,440,334,192,199,,54,,,,607,,6,11,205,,164,,,136,,,,,,,,,,94,,,,119,,,,,,,,11,,67,,,,,10,,,,240,10,,,217,321,119,144,137,181,106,,,,,,,,,,,,,,,,,,,,,,,,,,,,,,,,,,,,,,,,97,93,747,134,216,478,47,107,350,,,,,,83,,,,,,,,,,116,190,,,,,,,,,,,,,,,,,,,228,391,517,342,22,,,792,329,344,,218,,,,,,,,,,,,,98,,145,17,0,385,,,,,,,,,7,,,,,,,391,,,,116,,,,,,,,,96,,,,,29,,,,,67,,,,,,190,137,219,,147,181,118,,2,1,,380,139,,462,269,,466,129,,,309,27,,1341,,,,319,,109,,,,,,,,,,,175,12,,,,,,437,,,,164,259,,,263,,,,,,,,,,,,23,,,,,,,,,,,,129,104,17,25,,,,195,321,100,,,320,83,,75,,,12,88,190,,,,,,202,,68,136,,29,,13,9,297,154,,701,85,,89,187,28,,,,,,,,,,,,,,,,,,,,,,,,,,,,,,,,,,,,,,,,,,,,,,,,,,,,,335,358,164,31,332,82,62,,,,,,,,,,,,,,,,,,,,,,,,,,,,,,,,,,,,,,,,,,,,,,,,,,,,,132,94,293,,56,180,46,472,69,122,283,84,,,,10,48,189,124,403,,,,,,,467,501,,,234,,115,,,,,131
2026-09-19T09:15:01+00:00,128,289,,,473,8,,18,116,221,,147,,219,108,,,,,,,78,439,333,179,192,,48,,,22,587,29,5,,206,,158,,,134,116,,96,,18,,,,,93,,375,,,,,30,,,,,10,,65,,230,,,,,,,244,,,,216,,,,,,,,,,,18,280,434,253,194,405,18,312,,,192,206,415,3,,,246,208,56,,163,,59,520,196,,180,261,127,159,840,,,,76,,,,,,,,,,,,,,,,,,,,,,,,,,,,,,,,,,,,,,,,,,,,,227,392,518,341,24,,,782,327,337,,215,,476,,218,119,34,160,61,,226,233,50,,,,,,,,,,,,,,,3,,,,,,,387,,,69,115,,,,,,,,,,,,,,31,,,,,66,,,,,,,,,,,,,,,,,,131,361,456,268,,465,130,,,307,31,,1340,,,,,,,,,,,,,,,,,,,,,,,,,,,,,,,,,,,,,,,,,,,,,,,,,,,,,,,,,,,,,,,,,,,,,,,,,,,,,,,,,,,,,,,,,,,,,,,,,,,,,,,,,,,,,,,,,,,,,,,,,447,63,31,,639,,280,272,153,210,,,,,,,,,,,28,,,242,62,144,73,11,41,245,,,,,,,,,,,,,,,,,,,,,,,,,,,,,,,,,,,,,,,,,,,,,,,,,,,,,,,,,,,,,128,90,284,,52,169,,468,57,114,,82,79,,,4,45,184,122,398,,,,,,,464,497,,,219,,113,57,,,24,
2026-09-19T09:15:02+00:00,,,,,,,,,,,,,,,,,,,,,,,,,,,,,,,,,,,,,,,,,,,,,,,,,,,,,,,,,,,,,,,,,,,,,,,,,,,,,,,,,,,,,,,,,,,,,,,,,,,,,,,,,,,,,,,,,,,,,,,,,,,,,,,,,,,,,,,,,,,,,,,,,,,,,,,,,,,,,,,,,,,,,,,,,,,,,,,,,,,,,,,,,,,,,,,,91,,136,17,,362,,,,,,,,,,,,,,,,,,,,,,,,,,,,,,,,,,,,,,,,,,,,,187,123,216,,138,177,104,,11,5,3,,,,,,,,,,,,,,,,,,316,,110,,,,,,,,,,,173,9,36,2,,,,438,,,,160,254,,,251,,,,,,,,,,,,,,,,,,,,,,,,128,105,16,19,,,,189,318,91,,37,319,,,74,,,,,189,,0,17,,146,204,,67,135,,,137,14,,,,,,,,,,,,,,,,,,,,,,,,,,,,,,,,,,,,,,,,,,,,,,,,,,,,,,,,,,,,,,,328,343,156,24,325,,56,,68,319,86,40,140,0,34,163,229,210,209,,101,,271,,207,169,,,,,,,,,,,,,,,,,,,,,,,,,,,,,,,,,,,,,,,,,,,,,,,,,,,,,,,,,,,,,,,,,,,,,,,
2026-09-19T09:20:01+00:00,127,286,,114,463,9,,15,,218,,145,,215,98,,,,,,,74,440,332,166,179,,40,,,,572,27,2,,,,153,,,133,,,98,,,,,,,92,,374,,,,,29,,,,,,,61,,,41,1,,,,,243,,,,,316,111,133,134,177,96,,197,,,9,283,429,,191,386,13,311,,249,167,205,,,138,111,235,196,25,,165,,,,184,117,178,252,123,143,838,,,464,75,98,81,730,127,,475,,104,345,,,,,,90,,,,,523,,,,,111,187,,,,,,,,,,,,,,,,,,,229,391,517,340,26,,,776,329,333,,201,,,,,,,,,,,,,90,,131,17,,347,,,,,,,,,,,,,,,,383,,,67,114,,,,,,,,,,,,,,,,,,,64,,,,,,185,112,214,56,131,,102,,12,4,,379,122,360,437,270,356,469,,,177,309,,,,,,,,,,,,,,,,,,,,,,,,,,,,,,,,,,,,,,,,,,,,,,,,,,,,,,,,,,,125,104,15,16,,,,179,310,87,,,321,81,,68,,,,91,188,,,,,144,201,,,133,787,25,138,16,4,298,128,,665,64,,82,181,11,,,,,,,,,,,,,,,,,,,,,,436,,28,68,636,,279,270,134,,343,,,,65,,,,,,24,,,241,61,142,74,46,30,244,204,321,325,155,19,323,81,52,,,,,,,,,,,,,,,,,,,,,,,,,,,,,,,,,,,,,,,,,,,,,,,,,,,,,129,,274,,42,165,,463,56,111,,79,76,,,2,42,186,121,402,167,,,,,,462,491,,,208,,109,53,,,,129
2026-09-19T09:25:01+00:00,129,,,,459,6,,8,110,,,138,,,95,,315,,,,,67,,331,165,175,,36,,,20,551,,0,10,205,,152,,,,115,,99,,,,,,,91,,,,,,,30,,,,,,,56,,,40,0,9,,,,242,,,79,215,,,,,,,,,,,,,,,,,,,,,,,,,,,,,,,,,,,,,,,,,,,,,,,,,,,,,,,,,,,,,,,,,,,,,,,,,,,,,,,,,,,,,,,,,,223,389,519,345,22,,,767,326,327,,183,,482,,213,,,159,62,,218,228,58,85,,129,17,,321,,,,,,,,,1,,,,,,,,,,66,111,,,,,,,,,95,,,,,28,,,,,,,,,,,181,99,217,54,124,178,86,,20,,,375,114,355,433,273,,465,131,,178,302,29,,1341,,,,310,,111,,,,,,,,,,,169,4,37,4,,,,435,,,4,156,242,,,244,,,,,,,,,,,,21,,,,,,,,,,,,126,103,,17,,,,,305,70,,,320,75,,66,,,,92,187,,1,,,148,200,,68,132,,,139,,,,,55,,,,,,,,,,,,,,,,,,,,,,,,,,,,423,62,26,69,635,,271,265,106,,341,,,,64,,,,,,20,,,239,60,128,71,21,24,241,200,313,303,152,8,314,,45,,61,315,84,38,137,,35,144,217,192,208,,95,,268,,209,155,,,,,,,,,,,,,,,,,,,,,,,,,,,,,,,,,702,,89,256,,30,163,,459,53,95,,77,74,,116,-230,41,182,122,399,165,,,,,,459,483,,,194,,,52,,,,130
2026-09-19T09:30:02+00:00,130,285,,,453,4,,,111,217,,133,,211,91,,313,,,,,64,441,,152,165,,29,,,18,539,,2,6,,,151,,,,114,,97,,,,,,,87,,372,,,,,29,5,,,,,,52,,229,,,,,,,,,,78,216,317,105,122,133,178,85,,,,,4,,419,252,192,381,12,310,,250,159,206,,,,110,230,190,19,,,,,485,182,,175,258,121,141,836,,,466,73,95,70,718,120,217,473,45,103,339,,,,,,72,,,,,524,,,,,102,182,,,,,,,,,,,,,,,,,,,226,390,518,343,19,,,756,,312,,178,,,,,,,,,,,,,80,,122,17,,313,,,,,,,,,0,251,,,,,,369,,,63,112,,,,,,,,,93,,,,,27,,,,,63,,,,,,178,93,216,55,120,177,73,,18,2,,368,105,356,431,269,354,464,,,175,306,30,,1338,,,,311,,112,,,,,,,,,,,170,,36,,,,,,,,,,234,,,243,,,,,,,,,,,,,,,,,,,,,,,,119,102,12,16,1,,84,176,297,63,,36,321,74,,65,,,,91,188,,0,,,149,201,,73,133,788,21,,17,0,297,99,54,649,49,,78,183,6,,,,,,,,,,,,,,,,,,,,,,417,,,,,,,,,,,,,,65,,,,,,21,,,,61,,70,,22,,,305,288,148,0,310,79,39,39,63,311,81,30,136,,34,131,210,183,207,,94,,265,,,145,,,,,,,,,,,,,,,,,,,,,,,,,,,,,,,,,,128,88,250,,26,155,43,450,41,91,,78,,,115,,40,174,120,400,,,,,,,457,477,123,,178,,110,53,,,25,
2026-09-19T09:35:01+00:00,129,284,,,450,2,,1,105,215,,125,,202,84,,,,,,,58,443,329,145,167,,26,,,16,528,28,0,,202,,152,,,131,112,,96,,,,,,,85,,,,,,,27,,,,,,,44,,,,,8,,,,246,11,,,217,,,,,,,,,,,,269,413,248,,382,,,,251,151,,,1,137,,229,186,2,,,817,57,,174,118,168,255,117,143,838,,,,72,,,,,,,,,,,,,,,,,,,,,,,,,,,,,,,,,,,,,,,,,,,,,,392,519,333,16,,,747,329,304,,174,,483,,208,117,33,160,58,253,217,222,54,,,119,17,,289,,,,,,,,,,,,,,,,368,,,65,111,,,,,,,,,,,,,,28,,,,,61,,,,,,176,75,212,54,110,174,58,,19,-3,2,364,99,354,427,265,349,460,,,172,305,27,,1336,,,,309,,114,,,,,,,,,,,165,6,38,,,,,,,,3,151,229,,,234,,,,,,,,,,,,,,,,,,,,,,,,115,100,9,15,0,,83,170,286,,,,,70,17,60,,,,,187,,1,16,258,152,196,,74,,789,15,,,,,,,,,,,,,,,,,,,,,,,,,,,,,,,,,,401,,24,,623,,272,257,95,211,339,,,,63,,,,,,17,,,233,59,124,66,51,11,227,197,298,269,144,,296,77,34,,,,,,,,,,,,,,,,,,,,,,,,,,,,,,,,,,,,,,,,,,,,,,,,,,,,,127,,239,,16,151,,442,38,83,,76,73,,114,,39,,116,399,163,,,,,,452,468,,,158,,109,52,,,,132
2026-09-19T09:40:01+00:00,,283,,,444,1,,,104,213,,118,243,198,74,,312,,,,,54,441,327,140,165,,24,,,13,515,,,,,,148,,,130,,,97,,17,,,,,81,,373,,118,,,,,,,,,,39,,,41,,6,,,,242,,,,215,310,95,119,123,173,80,,,,,,264,404,245,,366,14,309,,252,120,209,416,,136,,213,182,,,164,818,52,450,168,,165,253,118,135,832,,,,70,97,54,707,119,206,,,101,336,,,,,,55,,,,,,,,,,99,179,,,,,,,,,,,,,,,,,,,224,391,520,329,18,,,740,327,306,,163,,,,,,,,,,,,,75,,111,17,,272,,,,,,,,,,,,,,,,,,,67,112,,,,,,,,,91,,,,,29,,,,,60,,,,,,175,71,,,,173,49,,13,4,,362,96,356,,267,,464,,,169,303,25,,,,,,304,,,,,,,,,,,,,161,8,34,,,,,,,,2,145,222,,,223,,,,,,,,,,,,19,,,,,,,,,,,,113,97,10,17,,,,169,279,61,,35,319,67,,,,,11,,,,0,15,256,154,195,,,134,,13,138,18,,293,70,53,631,32,,71,181,0,,,,,,,,,,,,,,,,,,,,,,,,,,,,,,,,,,,,,,,,,,,,,,,,,,,,,289,257,139,,291,74,27,36,51,306,83,20,133,,35,91,189,169,198,,81,,246,,202,127,,,,,,,,,,,,,,,,,,,,,,,,,,,,,,,,,,128,86,225,,9,142,38,434,26,,,,70,,108,,36,175,115,394,159,,,,,,450,466,122,,145,,,50,,,24,
2026-09-19T09:45:01+00:00,125,282,,,442,,,,96,214,,111,,192,70,,311,,,,,50,439,328,126,150,,22,,,11,504,,,3,200,,144,,,132,113,,96,,16,,,,,,,,,,,,26,,,,185,12,,35,,,40,,,,,,237,,,77,214,,,,,,,,,,515,,261,398,241,193,360,13,311,,,99,,415,,135,109,212,177,,,166,817,51,,164,,160,247,,128,830,,,,,,,,,,,,,,,,,,,,,,,,,,,,,,,,,,,,,,,,,,,,,,,,,228,,519,,16,,,734,326,300,,153,,,,200,115,30,154,57,258,215,,48,76,,101,17,,267,,,,,,,,,,,,,,,,,,,,111,,,,,,,,,,,,,,,,,,,,,,,,,172,51,213,53,103,,33,,12,,,360,83,351,413,268,348,460,132,,166,301,23,,1333,,,,,,113,,,,,,,,,,,162,4,38,6,,,,434,,,,144,221,,,220,,,,,,,,,,,,,,,,,,,,,,,,120,96,8,20,,,,161,271,56,32,34,320,68,,57,,,9,90,185,,,,,155,194,,73,135,,14,137,,,,,54,,,,,,,,,,,,,,,,,,,,,,,,,,,,389,,22,66,621,,,254,77,210,341,,,,62,,,,,,16,,,231,,119,59,38,14,,195,283,241,137,1,280,73,22,35,48,304,82,,131,,33,84,180,,196,,78,,,,203,122,,,,,,,,,,,,,,,,,,,,,,,,,,,,,,,,,703,,85,211,,2,137,37,432,14,73,,77,67,,107,,35,184,114,388,157,,,,,,449,462,,,132,,,49,,,23,
2026-09-19T09:50:01+00:00,123,279,,,432,3,,,95,208,,114,,183,53,,,,,,,49,438,326,117,144,,17,,,12,499,,,2,201,,145,,,,111,,97,,17,,,,,80,,374,35,,,1,25,,,,,13,,30,,,41,,7,,,,,,,72,213,311,101,108,122,175,74,,,,,,,,,,,,,,,,,,,,,,,,,,,,,,,,,,,,,,,,94,43,690,116,198,472,42,,331,,,,,,48,,,,,526,,,,,96,180,,,,,,,,,,,,,,,,,,,,,,,,,,,,,,,,,,,,,,,,,,,72,,103,17,,249,,,,,,,,,,,,,,,,366,,,66,,,,,,,,,,89,,,,,26,,,,,59,,,,,,,,,,,,,,,,,359,64,354,,267,346,450,,,161,295,24,,,,,,296,,112,,,,,,,,,,,160,7,41,,,,,433,,,,141,215,,,213,,,,,,,,,,,,18,,,,,,,,,,,,,,,,,,,,,,,,,,,,,,,,,,,,,,,,,,,,,,,,,,,,,,,,,,,,,,,,,,,,,,,,,,,,,383,,21,,620,,270,255,66,202,339,,,,63,,,,,,13,,,228,,100,58,36,8,231,196,,,,,,,,,,,,,,,,,,,,,,,,,,,,,,,,,,,,,,,,,,,,,,,,,,,,,,,,,,,,,,204,,3,128,33,426,10,68,,75,,,106,,31,174,110,390,153,,,,,,450,456,,,118,,105,48,,,24,131
2026-09-19T09:50:02+00:00,,,,,,,,,,,,,,,,,,,,,,,,,,,,,,,,,,,,,,,,,,,,,,,,,,,,,,,,,,,,,,,,,,,,,,,,,,,,,,,,,,,,,,,,,,,,,,,,,,,,,,,,,,,,,,,,,,,,,,,,,,,,,,,,,,,,,,,,,,,,,,,,,,,,,,,,,,,,,,,,,,,,,,,,224,390,518,326,15,,,724,330,289,,155,,,,,,,,,,,,,,,,,,,,,,,,,,,,,,,,,,,,,,,,,,,,,,,,,,,,,,,,,,,,,,,169,43,211,52,99,171,25,,,3,,,,,,,,,,,,,,,,,,,,,,,,,,,,,,,,,,,,,,,,,,,,,,,,,,,,,,,,,,,,,,,,,,,,,,,121,95,,18,1,,,160,261,44,,33,,62,,53,,,,89,,,,16,,154,196,,78,136,788,13,,,,291,53,55,621,29,,69,180,1,,,,,,,,,,,,,,,,,,,,,,,,,,,,,,,,,,,,,,,,,,,,,,,,,,,,,279,217,133,0,288,75,11,,,,,,,,,,,,,,,,,,,,,,,,,,,,,,,,,,,,,,,,,,,,,,,,,,,,,,,,,,,,,,,,,,,,,,,,,,,,,,,,,,,,,,,,,,
2026-09-19T09:55:01+00:00,119,281,,,426,,,,93,202,,,,172,,,,,,,,46,435,325,113,139,,12,,,11,485,,,,196,,142,,,131,,,96,,,,,,,78,,375,36,,,0,26,,,,,12,,22,,230,39,,,,,,228,,,70,216,,,,,,,,,,,,262,397,239,192,359,,309,,254,93,208,,,,,207,172,,,165,,50,423,163,,155,246,116,123,828,,5,467,72,,,,,,,,,,,,,,,,,,,,,,,,,,,,,,,,,,,,,,,,,,,,,221,,517,327,10,,,717,,278,,154,,,,186,112,28,153,56,259,214,223,49,73,,102,17,,230,,,,,,,,,,,,,,,,365,,,,110,,,,,,,,,,,,,,,,,,,58,,,,,,165,31,213,51,88,172,19,,7,1,3,358,59,353,404,,344,442,131,,163,302,22,,,,,,294,,,,,,,,,,,,,157,6,42,5,,,,432,,,1,144,212,,,212,,,,,,,,,,,,16,,,,,,,,,,,,115,94,6,16,0,,,155,254,41,,,,59,16,51,,,,,,1,,17,,,193,,77,,,10,136,,1,294,45,54,610,27,,64,,0,,,,,,,,,,,,,,,,,,,,,,376,61,22,65,,,,254,52,,341,,,,,,,,,,12,,,229,55,,,34,6,226,195,268,204,126,,278,72,7,,42,296,78,19,126,1,28,45,171,148,191,,69,,233,,194,97,,,,,,,,,,,,,,,,,,,,,,,,,,,,,,,,,,,83,198,,-384,118,35,422,,59,,74,63,,105,,,179,108,388,149,,,,,,449,451,,,110,,101,44,,,23,130
2026-09-19T10:00:02+00:00,115,280,,,421,,,,91,197,,113,,160,,,310,,,,,39,,326,103,136,,10,,,9,470,,,1,199,,143,,,129,,,97,,,,,,,77,,,,,,,,4,,,186,,,20,,,,,,,,,226,,,65,214,309,81,88,118,173,68,,,,516,1,254,380,230,191,338,6,,213,,78,207,414,3,,107,201,159,2,,164,816,47,411,160,,145,243,118,124,823,,4,,73,92,36,668,113,194,467,39,104,329,,,,,,32,,,,,525,,,,,89,177,,,,,,,,,,,,,,,,,,,219,,516,331,12,,,713,328,261,,139,,,,,,,,,,,,,65,,97,17,,213,,,,,,,,,,,,,,,,359,,,65,109,,,,,,,,,84,,,,,25,,,,,57,,,,,,166,26,211,,72,177,,,0,3,,,53,348,395,268,,438,,,165,304,18,,1330,,,,290,,111,,,,,,,,,,,156,2,39,2,,,,431,,,,141,207,,,208,,,,,,,,,,,,,,,,,,,,,,,,111,90,1,12,1,,,147,241,40,,,,60,,50,,,8,88,183,0,,14,,156,192,,78,135,786,7,137,,3,292,0,52,580,11,,54,179,,,,,,,,,,,,,,,,,,,,,,,371,,35,64,617,,268,260,42,199,340,,,,,,,,,,19,,,228,54,93,56,26,,224,194,261,179,124,2,271,,5,,,297,79,,125,2,30,32,165,137,184,,62,,228,,190,83,,,,,,,,,,,,,,,,,,,,,,,,,,,,,,,,,,127,81,181,,,103,,419,,58,,72,62,,103,,,183,106,391,148,,,,,,446,444,,,91,,96,45,,,,126
2026-09-19T10:05:02+00:00,,,,,426,,,,88,193,,101,,154,,,,,,,,43,,323,96,118,,,,,8,443,,,0,,,142,,,131,109,,95,,16,,,,,,,,,117,,,24,,,,,,,19,,,,,6,,,,224,,,64,213,,,,,,,,,,,,,,,,,,,,,,,,,,,,,,,,,,,,,,,,,,,,,,,,,,,,,,,,,,,,,,,,,,,,,,,,,,,,,,,,,,,,,,,,,,217,388,519,328,8,,,704,,245,,141,,,,170,,26,147,,255,212,225,41,58,,99,17,,208,,,,,,,,,,,,,,,,354,,,66,107,,,,,,,,,82,,,,,24,,,,,,,,,,,165,24,210,50,59,173,24,,-1,0,,364,49,349,388,271,342,,,,,307,22,,1324,,,,288,,110,,,,,,,,,,,,0,37,1,,,,428,,,0,136,205,,,202,,,,,,,,,,,,,,,,,,,,,,,,115,86,3,16,3,,84,148,243,23,33,32,,,,45,,,,89,,2,,,,,187,,80,136,787,3,133,,0,,3,50,566,4,,50,,,,,,,,,,,,,,,,,,,,,,,,354,,41,65,611,,263,259,,195,342,,,,62,,,,,,17,,,224,,73,54,93,9,221,193,255,156,118,1,265,73,4,,,,,,,,,,,,,,,,,,,,,,,,,,,,,,,,,,,,,,,,,,,,,,,,,,,,,124,80,169,,1,98,,415,,,269,,,,,,,187,101,385,144,,,,,,443,437,,,77,,91,,,,24,
2026-09-19T10:10:01+00:00,113,279,57,,417,,,,75,191,,104,,143,52,,,,,,,,434,320,83,107,,7,,,7,425,,,,197,,137,,,129,107,,,,,,,,,76,,,35,118,,,,3,,,,,,15,83,,40,,,107,,,,,,60,210,308,,79,112,164,60,,196,,,,248,373,228,,334,4,,,,70,,415,,,105,200,155,,,165,815,,,157,,144,241,120,129,824,,,,,,25,653,118,195,461,40,102,324,,,,,,25,,,,,524,,,,,87,167,,,,,,,,,,,,,,,,,,,220,386,520,323,5,,,698,,240,,136,,,,,,,,,,,,,,,,,,,,,,,,,,,,,,,,,,343,,,63,,,,,,,,,,77,,,,,23,,,,,56,,,,,,,,,,,,,,,,,360,51,351,385,276,337,434,,,167,310,24,,1322,,,,,,,,,,,,,,,,,,,,,,,,,,,,,,,,,,,,,,,,,,,,,,,,,,,,,,,,,,,,,,,,,,,,,,,,,,,,,,,,,,,,,,,,,,,,,,,,,,,,,,,,,,,,,,,,,,,,,,,,,,,48,,,,,,,,,,,,63,,,,,,,,,,,,,,,218,,,,,,,,,,,,,,,,,,,,,,,,,,,,,,,,,,,,,,,,,,,,,,,,,,,,,,,,,,,,704,123,78,162,,-384,93,29,399,-209,42,,72,60,,99,,15,177,100,383,143,,,,,,444,429,122,,62,,88,50,,,,
2026-09-19T10:10:02+00:00,,,,,,,,,,,,,,,,,,,,,,,,,,,,,,,,,,,,,,,,,,,,,,,,,,,,,,,,,,,,,,,,,,,,,,,,,,,,,,,,,,,,,,,,,,,,,,,,,,,,,,,,,,,,,,,,,,,,,,,,,,,,,,,,,,,,,,,,,,,,,,,,,,,,,,,,,,,,,,,,,,,,,,,,,,,,,,,,,,,,,,,,,,,,,,,,62,,102,17,,194,,,,,,,,,,,,,,,,,,,,,,,,,,,,,,,,,,,,,,,,,,,,,,16,207,,53,,20,,-4,,,,,,,,,,,,,,,,,,,,284,,107,,,,,,,,,,,152,2,38,0,,,,429,,,,133,203,,,193,,,,,,,,,,,,15,,,,,,,,,,,,,83,0,14,,,83,146,232,22,,,319,62,,43,,,,,182,,,13,,,188,,82,,788,0,,,2,290,0,49,554,3,,47,177,,,,,,,,,,,,,,,,,,,,,,,,,,,,,,,,,,,,,,,,,,,,,,,,,,,,,,247,126,117,0,271,71,6,37,43,296,78,15,126,1,25,17,153,126,181,,50,,213,,185,73,,,,,,,,,,,,,,,,,,,,,,,,,,,,,,,,,,,,,,,,,,,,,,,,,,,,,,,,,,,,,,,,,,,,,,,
2026-09-19T10:15:01+00:00,111,278,,,414,,,,71,190,,107,,140,,,,,,,,39,,318,78,102,,4,,,8,410,,,,193,,136,,,,106,,96,,,,,,,74,,,34,,,,25,,,,,13,,14,,229,41,,5,,,,221,,,57,211,309,78,80,107,,55,,195,,515,1,243,357,223,187,319,5,302,,253,56,,413,,134,104,190,140,,,167,,44,391,150,119,141,240,119,120,827,,5,,70,,,,,,,,,,,,,,,,,,,,,,,,,,,,,,,,,,,,,,,,,,,,,219,388,518,322,6,,,684,330,237,,131,297,482,,162,,47,146,55,,213,218,62,68,,94,17,,187,,,,,,,,,,,,,,,,342,,,,,,,,,,,,,78,,,,,22,,,,,,,,,,,163,8,199,51,39,172,18,,3,2,2,363,58,353,382,278,336,,132,,164,,26,,,,,,280,,,,,,,,,,,,,149,,34,1,,,,430,,,,129,,,,187,,,,,,,,,,,,,,,,,,,,,,,,113,81,,10,0,,,142,217,18,34,31,317,52,,35,,,6,,181,0,,12,,158,184,,83,,,,,19,4,291,,,551,2,,46,176,,,,,,,,,,,,,,,,,,,,,,,357,62,46,,612,,262,257,,196,338,,,,,,,,,,16,,,223,52,63,51,95,,216,191,231,109,118,1,,68,4,38,40,294,76,10,,0,21,0,150,110,176,,47,,200,,186,63,,,,,,,,,,,,,,,,,,,,,,,,,,,,,,,,,,,72,147,,,84,,397,,37,,61,,,,,,172,95,381,,,,,,,439,420,,,38,,83,48,,,23,124
2026-09-19T10:20:02+00:00,108,275,,,418,,,,67,189,,101,,142,47,,,,,,,34,432,317,66,95,,0,,,,401,,,,194,,132,,,128,,,95,,17,,,,,,,,35,,,1,24,,,,,,,10,,230,38,,6,,,,220,,,56,216,,,,,,,,,,,,245,353,222,,309,16,300,,,47,205,414,,,,185,137,1,,166,813,43,390,147,120,140,236,120,119,,,,,71,,14,646,113,184,,42,106,321,,,,,,,,,,,523,,,,,76,160,,,,,,,,,,,,,,,,,,,217,390,517,323,5,,,681,328,243,,130,,,,,,,,,,,,,73,,93,17,,178,,,,,,,,,,,,,,,,339,,,64,,,,,,,,,,,,,,,20,,,,,,,,,,,,13,197,,35,169,17,,5,0,,361,60,351,,277,,430,131,,159,311,27,,1315,,,,279,,106,,,,,,,,,,,144,0,35,0,,,,432,,,,128,201,,,182,,,,,,,,,,,,14,,,,,,,,,,,,106,80,,,,,81,139,204,26,,,315,,,36,,,4,90,182,,,11,257,162,186,,85,135,,,130,20,1,288,,,539,0,,42,175,,,,,,,,,,,,,,,,,,,,,,,335,63,47,,604,,261,258,,201,334,,,,60,,,,,,12,,,220,47,67,47,76,,209,188,223,98,,0,264,65,8,,,,,,,,,,,,,,,,,,,,,,,,,,,,,,,,,,,,,,,,,,,,,,,,,,,,703,122,,137,,,,30,388,,30,270,62,,,98,,14,165,93,378,,,,,,,438,416,,,39,,78,47,,,22,123
2026-09-19T10:25:02+00:00,100,277,,,417,,,7,66,191,,98,,139,51,,,,,,,36,433,315,60,86,,3,,,,390,,,,,,125,,,,105,,94,,,,,,,73,,373,,,,0,25,,,,,,,0,,231,37,,,,,,218,9,,,,307,74,74,111,166,53,,194,,,,,,,,,,,,,,,,,,,,,,,,,,,,,,,,,,,,,,,,,,,,,,,,,,,,,,,,,,,,,,,,,,,,,,,,,,,,,,,,,,216,391,515,319,4,,,682,,241,,,298,,,157,111,,143,,254,,214,57,55,,86,17,,164,,,,,,,,,,,,,,,,348,,,62,106,,,,,,,,,75,,,,,,,,,,,,,,,,,4,193,50,10,172,19,,6,3,,356,57,348,376,281,338,,132,,163,309,31,,1310,,,,277,,104,,,,,,,,,,,141,,,3,,,,,,,,124,196,,,172,,,,,,,,,,,,15,,,,,,,,,,,,101,81,,11,,,80,131,192,32,33,30,,54,,38,,,,89,,,,9,251,161,,,84,138,,1,129,19,,,,,,,,,,,,,,,,,,,,,,,,,,,,,,,,325,61,45,,599,,259,257,,199,333,,,,57,,,,,,10,,,217,44,68,49,69,,201,184,220,79,117,3,263,,5,,41,295,71,5,125,,25,,130,97,172,,38,,189,,187,46,,,,,,,,,,,,,,,,,,,,,,,,,,,,,,,,,704,121,70,132,,1,78,29,386,,22,269,63,61,,96,,,163,94,375,,,,,,,433,419,,,8,,76,46,,,21,122
2026-09-19T10:30:01+00:00,95,,,,412,,,5,63,192,,99,,136,50,,309,,,,,27,431,316,47,79,,4,,,9,380,,,,193,,117,,,123,106,,93,,,,,,,72,,374,,,,,,,,,,11,,,82,,38,,,,,,219,8,,55,215,,,,,,,,,,,1,242,348,221,185,300,22,301,,,49,208,413,1,,106,183,134,,169,,811,,,143,,135,239,118,120,823,,,,,95,16,627,105,179,459,,102,304,,,,,,29,,,,,524,,,,,71,,,,,,,,,,,,,,,,,,,,210,389,516,317,5,,,677,327,229,,129,,,,,,,,,,,,,,,90,17,,150,,,,,,,,,,250,,,,,,342,,,60,104,,,,,,,,,,,,,,,,,,,,,,,,,,0,188,,0,171,21,,14,1,,355,51,346,377,282,,433,,,164,,27,,1308,,,,278,,103,,,,,,,,,,,144,,,5,,,,,,,,116,193,,,164,,,,,,,,,,,,,,,,,,,,,,,,95,78,,5,,,79,128,189,23,,,,53,,43,,,,,,,,,247,164,184,,85,,785,3,128,,0,285,1,47,507,,,38,176,,,,,,,,,,,,,,,,,,,,,,,,,,,,,,,,,,,,,,,,,,,,,,,,,,,,,,215,60,,2,267,63,9,37,37,297,70,7,122,,23,,124,83,170,,37,,182,,185,60,,,,,,,,,,,,,,,,,,,,,,,,,,,,,,,,,,,65,115,,-384,68,,376,,,,62,63,,94,,,153,91,377,141,,,,,,432,413,,,2,,73,,,,,121
2026-09-19T10:35:01+00:00,93,276,,,409,,,,64,195,,93,,131,57,,,,,,,29,428,313,,72,,0,,,10,370,,,,186,,111,,,120,,,92,,18,,,,,69,,,34,,,,24,,,,,,,,,,39,,8,,,,218,7,,50,216,306,68,71,104,164,55,,,,,,227,333,211,183,289,20,300,,255,31,209,414,,,,166,133,,,167,812,40,374,138,,128,235,113,113,,,,461,69,,,,,,,,,,,,,,,,,,,,,,,,,,,,,,,,,,,,,,,,,,,,,209,391,515,318,6,,,672,,,,116,297,481,,141,109,46,146,,249,212,209,60,50,,85,17,,129,,,,,,,,,,,,,,,,332,,,54,101,,,,,,,,,76,,,,,,,,,,54,,,,,,,,189,,-6,,20,,16,4,,351,46,347,373,,339,434,,,162,308,26,,,,,,280,,104,,,,,,,,,,,135,,37,,,,,,,,,108,190,,,163,,,,,,,,,,,,10,,,,,,,,,,,,89,77,,1,,,78,118,169,22,,,,50,,,,,,,,,2,11,239,165,199,,,,782,4,129,21,,,,,,,,,,,,,,,,,,,,,,,,,,,,,,,,308,60,52,68,594,,258,258,,204,331,,,,55,,,,,,,,,215,39,55,46,61,,200,180,211,46,106,,269,59,4,,,,,,,,,,,,,,,,,,,,,,,,,,,,,,,,,,,,,,,,,,,,,,,,,,,,703,125,59,107,,,64,,368,,1,,61,61,,90,,,150,88,,137,,,,,,429,408,,,-560,,74,44,,,20,119
2026-09-19T10:40:02+00:00,,,,,408,,,2,62,196,,90,,128,63,,308,,,,,28,427,316,45,66,,,,,6,363,,,,185,,,,,117,,,91,,,,,,,70,,373,,,,,25,,,,185,,,,,,,,,106,,,221,,,46,215,310,66,77,95,,54,,,,,,,,,,,,,,,,,,,,,,,,,,,,,,,,,,,,,,,,93,4,611,98,174,461,41,99,305,,,,,,22,,,,,,,,,,69,156,,,,,,,,,,,,,,,,,,,206,393,514,325,9,,,671,326,230,,113,,,,,,,,,,,,,52,,82,17,,120,,,,,,,,,,,,,,,,329,,,55,100,,,,,,,,,75,,,,,21,,,,,,,,,,,162,2,192,47,-5,169,17,,20,3,,341,38,348,370,283,335,430,131,,160,304,25,,1300,,,,279,,,,,,,,,,,,,127,1,34,3,,,,431,,,,107,185,,,159,,,,,,,,,,,,7,,,,,,,,,,,,90,75,1,,,,,116,164,21,,,313,,,44,,,3,90,,,0,,238,,197,,84,,777,3,,22,1,287,0,48,492,1,,34,,,,,,,,,,,,,,,,,,,,,,,,,,,,,,,,,,,,,,,,,,,,,,,,,,,,,,,209,34,100,0,272,57,11,,,,,,,,,,,,,,,,,,,,,,,,,,,,,,,,,,,,,,,,,,,,,,,,,,,,,127,56,98,,,60,29,367,,,,58,58,,87,,15,139,81,375,139,,,,,,423,405,,,,,68,41,,,21,
2026-09-19T10:45:01+00:00,95,274,,,399,,,,64,197,,87,,121,64,,309,,,,,25,426,313,46,54,,3,,,5,,,,1,179,,,,,113,,,89,,,,,,,72,,371,,117,,,,,,,,,,,81,230,37,,9,,,,217,5,,42,,,,,,,,,,,514,,218,326,207,,275,26,301,,254,24,208,411,,,107,162,131,,,166,,36,,134,,126,,112,115,822,,,455,,,,,,,,,,,,,,,,,,,,,,,,,,,,,,,,,,,,,,,,,,,,,,,392,515,327,10,,,667,327,229,,114,298,,,129,108,43,145,,,,217,56,45,,84,17,,108,,,,,,,,,,,,,,,,326,,,53,,,,,,,,,,74,,,,,20,,,,,51,,,,,,,,,46,-2,,24,,22,,1,338,41,350,368,,336,425,,,162,,24,,,,,,277,,,,,,,,,,,,,124,,35,4,,,,432,,,,106,182,,,156,,,,,,,,,,,,6,,,,,,,,,,,,94,77,0,2,,,76,107,147,,32,29,308,54,,47,,,2,,,,,9,,,196,,89,,766,,128,,,286,,49,466,0,,25,175,,,,,,,,,,,,,,,,,,,,,,,299,61,60,69,595,,255,260,,205,,,,,53,,,,,,11,,,216,36,52,40,49,,197,179,205,31,93,1,275,,4,39,,293,64,6,116,,24,,110,68,162,,,,170,,182,41,,,,,,,,,,,,,,,,,,,,,,,,,,,,,,,,,702,129,54,84,,1,66,,357,,,,57,51,,78,,,,82,373,136,,,,,,422,404,,,,,66,37,,,17,
2026-09-19T10:50:02+00:00,94,271,,,395,,,,63,194,,83,,115,61,,310,,,,,23,422,,40,53,,0,,,,360,,,2,,,112,,,112,,,87,,17,,,,,69,,,,,,,,,,,,12,,,,229,35,,8,105,,,,,,,216,,63,73,99,165,53,,,,,,213,320,202,182,254,31,,,255,1,207,410,,,,159,122,1,,168,,35,362,130,,122,228,116,,815,,,449,67,97,,614,95,177,456,43,94,301,,,,,,20,,,,,529,,,,,,158,,,,,,,,,,,,,,,,,,,205,391,513,328,8,,,661,329,222,,106,,,,,,,,,,,,,41,,77,17,,105,,,,,,,,,,,,,,,,306,,,50,104,,,,,,,,,76,,,,,22,,,,,50,,,,,,,,,,-1,172,21,,,0,,339,,348,,287,,423,,,160,301,23,,1290,,,,278,,103,,,,,,,,,,,118,0,33,5,,,,429,,,,100,183,,,149,,,,,,,,,,,,5,,,,,,,,,,,,97,78,2,,,,75,102,133,10,,,,,,42,,,1,92,,,,8,239,167,193,,,,758,2,,24,0,,7,,446,,,22,,1,,,,,,,,,,,,,,,,,,,,,,289,58,,,587,,254,261,,208,328,,,,51,,,,,,6,,,218,25,61,38,44,,196,167,192,24,85,0,268,47,1,38,,290,58,5,112,,25,,,54,159,,,,159,,183,34,,,,,,,,,,,,,,,,,,,,,,,,,,,,,,,,,701,127,51,,,3,54,,346,,,,55,46,,76,,,129,,371,137,,,,,,424,402,,,,,,38,,,16,
2026-09-19T10:55:01+00:00,,,,,,,,,,,,,,,67,,,,,,,22,,310,36,36,,3,,,6,357,29,,,174,,103,,,113,,,89,,18,,,,,61,,370,33,,,,26,,,,184,,,,,230,33,,,,,,215,6,,44,214,,,,,,,,,,502,,207,313,198,,241,33,,,,,209,409,,133,108,155,113,,170,,811,38,317,127,,118,222,118,110,810,,,446,65,,,,,,,,,,,,,,,18,,,,,530,,,,,65,157,,,,,,,,,,,,,,,,,,,204,390,519,331,,,,658,327,216,,105,297,478,,113,107,,147,56,248,209,220,,40,,75,17,,101,,,,,,,,,,,,,,,,304,,,49,103,,,,,,,,,75,,,,,23,,,,,,,,,,,,0,191,44,1,169,22,,26,1,,336,43,349,,286,334,424,132,,158,295,,,1282,,,,280,,,,,,,,,,,,,117,2,,3,,,,426,,,,97,180,,,144,,,,,,,,,,,,,,,,,,,,,,,,98,80,4,3,,,74,,128,0,,,304,52,,48,19,,,,181,,,7,,168,,,87,139,753,0,127,,,,,,,,,,,,,,,,,,,,,,,,,,,,,,,,,,,,,,,,,,,,,,,,,,,,,,,,,,,,,,,,184,20,80,,278,39,3,,,,,,,,,,,,,,,,,,,,,,,,,,,,,,,,,,,,,,,,,,,,,,,,,,,,700,126,48,77,,4,39,31,344,,-293,,53,42,,74,,7,126,80,370,135,,,,,,419,398,,,,,63,39,,,,118
2026-09-19T11:00:02+00:00,88,272,,113,391,,,3,65,,,84,,104,72,,309,,,,,,421,308,31,29,,0,,,8,344,,,7,167,,97,,,115,,,,,16,,,,,60,,366,,115,,,,,,,,,,,80,,31,,7,,,,217,5,,37,212,306,62,66,103,,47,,,,475,,210,310,195,181,237,27,,,,,208,411,1,134,107,146,,,,,,36,,123,,115,219,122,104,806,,,444,,95,,603,97,160,453,38,88,300,,,,,,,,,,,,,,,,,,,,,,,,,,,,,,,,,,,,203,392,,336,6,,,657,,213,,104,,,,,,,,,,,,,38,,,17,,99,,,,,,,,,,,,,,,,299,,,51,101,,,,,,,,,71,,,,,22,,,,,47,,,,,,,3,188,41,,166,20,,30,2,2,329,,346,363,,333,,133,,157,291,21,,1275,,,,,,,,,,,,,,,,,113,1,32,2,,,,425,,,,96,175,,,141,,,,,,,,,,,,,,,,,,,,,,,,99,79,3,5,,,75,104,121,1,,28,,53,,53,,,,,,1,,,,167,,,84,,750,2,128,25,1,284,0,47,418,,,11,173,0,,,,,,,,,,,,,,,,,,,,,,288,59,59,,583,,,,,211,326,,,,,,,,,,5,,,,,70,41,38,,190,161,181,18,,,276,37,13,37,29,288,54,0,115,,27,,101,47,157,,,,144,,,26,,,,,,,,,,,,,,,,,,,,,,,,,,,,,,,,,,125,45,67,,-384,43,29,338,,,,51,35,,73,,,128,77,371,137,,,,,,414,391,,,,,57,,,,15,116
2026-09-19T11:05:02+00:00,84,269,,,399,,,1,60,195,,85,,103,78,,308,,,,,21,422,,2,35,,,,,,343,,,5,165,,101,,,114,105,,,,17,,,,,59,,,31,114,,,25,,,,,11,,5,,,,,5,,,,218,,,26,209,307,53,64,106,168,,,,,465,,213,314,188,178,236,26,,215,254,1,,,,,,138,110,,,,810,32,308,119,121,109,215,124,106,808,,,441,63,,,,,,,,,,,,,,,25,,,,,531,,,,,62,153,,,,,,,,,,,,,,,,,,,207,391,520,340,,,,651,326,211,,96,,480,,125,108,42,150,,,207,218,63,53,,72,17,,96,,,,,,,,,,,,,,,,297,,,,100,,,,,,,,,72,,,,,,,,,,48,,,,,,161,1,192,42,,163,,,,0,0,327,,349,362,292,332,425,,,155,290,,,1256,,,,,,102,,,,,,,,,,,112,0,36,1,,,,424,,,,98,171,,,136,,,,,,,,,,,,4,,,,,,,,,,,,100,75,4,4,2,,74,101,114,4,,,303,,,55,,,2,,,0,,8,,169,191,,83,,746,1,,29,0,,,46,407,,,5,,,,,,,,,,,,,,,,,,,,,,,,275,60,57,,580,,246,259,,223,320,,,,,,,,,,,,,216,22,60,40,17,,183,158,184,,73,,275,33,10,,34,289,51,4,116,,26,,91,35,153,,,,140,,184,11,,,,,,,,,,,,,,,,,,,,,,,,,,,,,,,,,,129,43,55,,,38,,340,,,,,33,,72,,,119,75,368,136,,,,,,410,387,,,,,55,,,,14,117
2026-09-19T11:10:01+00:00,77,268,,,397,1,,,48,194,,80,,98,83,,310,,,,,22,421,310,0,33,,,,,9,336,,,,160,,104,,,105,103,,91,,,,,,,58,,365,,115,,,23,4,,,183,10,,0,,,32,,,,,,220,4,,23,,,,,,,,,,,,,,,,,,,,,,,,,,,,,,,,,,,,,,,,,,,,,,,94,,597,92,156,442,,87,,,,,,,30,,,,,533,,,,,61,152,,,,,,,,,,,,,,,,,,,205,392,,338,8,,,641,,212,,100,,,,,,,,,,,,,46,,75,17,,93,,,,,,,,,,251,,,,,,301,,,,102,,,,,,,,,70,,,,,23,,,,,47,,,,,,,4,,43,0,158,21,,33,-1,,323,34,347,366,290,329,418,132,,156,,19,,1255,,,,277,,,,,,,,,,,,,107,,39,,,,,427,,,,101,,,,131,,,,,,,,,,,,,,,,,,,,,,,,98,,2,3,1,,73,106,106,3,,24,301,,,59,,,10,91,180,1,,9,240,,189,,86,,745,4,127,30,,,,,,,,,,,,,,,,,,,,,,,,,,,,,,,,,,,,,,,,,,,,,,,,,,,,,,,,,,,,,,,179,21,70,1,272,39,16,,,,,,,,,,,,,,,,,,,,,,,,,,,,,,,,,,,,,,,,,,,,,,,,,,,,,,42,46,,1,29,,332,-209,,,48,32,,67,,7,111,71,367,138,,,,,,,381,,,,,44,,,,13,118
2026-09-19T11:15:01+00:00,76,266,56,114,395,,,3,,192,,77,,96,85,,,,,,,,422,315,,34,,,,,6,330,,,4,155,,106,,,104,104,,93,,16,,,,,57,,362,,114,,,,3,,,,,,,,229,35,,6,106,,,,3,,20,207,302,55,66,108,170,44,,,,428,,212,311,187,177,225,28,299,,,2,205,412,,,,132,109,,,169,,30,319,117,,111,216,121,103,810,,,440,60,,,,,,,,,,,,,,,,,,,,,,,,,,,,,,,,,,,,,,,,,,,,,,390,521,340,7,,,636,,207,,95,,481,,133,,43,154,54,247,,217,65,44,,76,17,,88,,,,,,,,,,,,,,,,305,,,53,,,,,,,,,,69,,,,,24,,,,,48,,,,,,158,3,193,41,-1,159,17,,36,5,,328,38,348,371,299,330,412,,,157,,23,,1238,,,,276,,101,,,,,,,,,,,,5,37,,,,,,,,,99,,,,,,,,,,,,,,,,,,,,,,,,,,,,101,73,,,0,148,74,100,95,11,,,302,,,61,,,12,,183,,,10,,166,187,,85,138,744,1,129,,5,,1,48,399,,,2,172,,,,,,,,,,,,,,,,,,,,,,,270,,58,67,576,,248,260,,228,313,,,,50,,,,,,,,,209,21,57,41,14,,173,151,176,25,72,0,281,,12,36,28,286,41,2,112,,20,,78,19,148,,38,,135,,186,,,,,,,,,,,,,,,,,,,,,,,,,,,,,,,,,,699,131,,40,,-384,23,30,321,,1,,-100,29,,66,,6,108,,368,,,,,,,407,378,,,,,,37,,,,116
2026-09-19T11:20:01+00:00,72,265,,112,391,,,8,51,191,,78,,94,96,,309,,,,,,421,311,,,,4,,,,323,,,,151,,107,,,102,105,,91,,,,,,,56,,,32,,,,24,,,,,,,,,,33,,5,105,,,219,,,17,206,304,53,67,106,168,46,,,,393,,221,306,184,175,227,23,298,,257,,206,409,6,133,,135,99,,,170,808,27,329,118,,100,211,127,98,815,,,422,58,,,579,93,147,433,37,81,297,,,,,,28,,,,,531,,,,,63,149,,,,,,,,,,,,,,,,,,,200,391,,342,3,,,634,322,201,,99,,,,,,,,,,,,,37,,78,17,,78,,,,,,,,,,,,,,,,303,,,,103,,,,,,,,,70,,,,,25,,,,,49,,,,,,160,8,,40,1,157,15,,40,,1,331,45,349,368,301,331,418,,,156,291,17,,1221,,,,277,,102,,,,,,,,,,,108,7,36,,,,,,,,,,169,,,135,,,,,,,,,,,,6,,,,,,,,,,,,98,,1,10,,,73,99,,16,31,,,54,17,67,,,13,,,0,,,241,165,185,,83,140,745,0,127,33,0,274,3,50,392,1,,,170,,,,,,,,,,,,,,,,,,,,,,,261,61,64,,575,,240,,,235,306,,,,,,,,,,,,,207,19,,43,,,170,146,169,27,67,,280,41,14,,25,280,38,3,107,,16,,71,10,141,,37,,129,,192,,,,,,,,,,,,,,,,,,,,,,,,,,,,,,,,,,,128,40,25,,,24,,325,-209,-293,269,45,22,,65,,3,107,,367,,,,,,,405,370,,,,,122,33,,,16,
2026-09-19T11:25:02+00:00,70,269,,,389,,,5,46,190,,77,,92,92,,308,,,,,25,419,312,,33,,2,,,7,328,,,5,152,,103,,,100,107,,90,,,,,,,55,,363,,116,,,27,,,,,,,,,,34,,6,,,,224,2,,14,209,300,41,61,,,50,,,,,,,,,,,,,,,,,,,,,,,,,,,,,,,,,,,,,,,,,,,,,,,,,,,,,,19,,,,,,,,,,62,148,,,,,,,,,,,,,,,,,,,196,,519,341,,,,628,,196,,91,,478,,125,107,48,155,53,,211,226,80,38,,77,16,,72,,,,,,,,,,,,,,,,299,,,55,102,,,,,,,,,,,,,,26,,,,,,,,,,,159,0,196,,-1,,19,,43,2,,332,29,348,367,302,333,414,134,,151,284,21,,,,,,274,,103,,,,,,,,,,,106,4,34,2,,,,,,,,,167,,,130,,,,,,,,,,,,9,,,,,,,,,,,,97,75,4,,,,,97,88,9,30,,303,,,69,,,,,181,1,1,,239,167,186,,,,,,126,,,272,0,,387,2,,1,169,,,,,,,,,,,,,,,,,,,,,,,254,,69,,570,,229,,,241,282,,,,44,,,,,,,,,,15,,36,11,,,249,160,16,60,,269,32,11,,,,,,,,,,,,,,,,,,,,,,,,,,,,,,,,,,,,,,,,,,,,,,,,,,,,698,130,33,15,,,23,30,322,,,,,13,,60,,-100,101,70,,136,,,,,,399,368,,,,,121,30,,,,114
2026-09-19T11:30:01+00:00,66,268,,,390,,,2,47,187,,82,,90,103,,,,,,,20,421,310,,,,0,,,,,,,6,151,,,,,99,,,,,17,,,,,53,,362,,114,,,,,,,184,9,,,,,32,,,,,,225,1,,12,,,,,,,,,,,356,,214,291,176,170,243,21,296,214,259,3,209,,,130,109,124,85,2,,168,,26,351,116,122,96,203,,102,811,,4,405,56,96,,,98,137,429,,,294,,,,,,,,,,,,,,,,,,,,,,,,,,,,,,,,,,,,197,385,521,343,,,,622,,199,,84,,,,,,,,,,,,,35,,72,16,,62,,,,,,,,,,253,,,,,,293,,,59,100,,,,,,,,,,,,,,25,,,,,50,,,,,,160,1,204,,,159,15,,42,0,,335,30,349,373,305,332,415,,,149,283,,,1219,,,,275,,100,,,,,,,,,,,110,,31,1,,,,,,,,96,169,,,123,,,,,,,,,,,,6,,,,,,,,,,,,93,74,2,12,3,,74,95,84,10,,,,53,,72,,,,,180,,,,,165,,,78,139,744,2,122,,,,,,,,,,,,,,,,,,,,,,,,,,,,,,,,,,,,,,,,,,,,,,,,,,,,,,,,,,,,,,,,146,7,59,,264,28,9,35,17,276,36,0,103,1,11,,59,0,139,,36,,115,,,,,,,,,,,,,,,,,,,,,,,,,,,,,,,,,,,,699,128,25,3,,1,21,29,,-209,2,,-100,9,,57,,,,68,363,138,,,,,,,372,,,,,119,28,,,,113
2026-09-19T11:35:01+00:00,,269,,,392,,,1,39,183,,83,,,106,,307,,,,,19,423,305,,25,,4,,,6,316,,,,149,,101,,,97,,,87,,16,,,,,52,,361,,,,,,,,,,,,,,,26,,7,,,,,0,,13,,298,36,51,92,165,49,,,,,,,,,,,,,,,,,,,,,,,,,,,,,,,,,,,,,,,,,,,,,,,,,,,,,,15,,,,,529,,,,,51,151,,,,,,,,,,,,,,,,,,,,389,519,349,7,,,614,,201,,78,,,,124,106,51,157,,248,214,224,89,29,,71,16,,46,,,,,,,,,,254,,,,,,290,,,56,101,,,,,,,,,69,,,,,,,,,,52,,,,,,161,2,206,39,3,157,22,,47,4,,333,,,366,307,,414,,,148,279,20,,1183,,,,274,,101,,,,,,,,,,,,3,33,,,,,,,,,92,170,,,122,,,,,,,,,,,,8,,,,,,,,,,,,90,75,4,16,5,147,76,96,72,13,29,25,304,51,,77,18,,14,90,181,0,,9,243,163,,,81,140,745,3,121,34,,274,,,366,0,,0,168,,,,,,,,,,,,,,,,,,,,,,,249,,66,,568,,228,259,,244,268,,,,41,,,,,,,,,204,13,67,31,10,,163,245,138,9,60,1,260,27,3,37,9,273,35,,98,4,9,,49,,138,,,,99,,194,,,,,,,,,,,,,,,,,,,,,,,,,,,,,,,,,,,130,22,1,,4,17,28,321,,,,46,,,59,,,96,67,362,,,,,,,391,367,,,,,,33,,,15,111
2026-09-19T11:40:01+00:00,62,268,,,395,,,,44,185,,79,,86,101,,306,,,,,18,420,,,26,,3,,,3,307,,,9,147,,103,,,94,,,,,,,,,,53,,362,31,113,,,26,,,,183,,,,79,,,,8,106,,,229,,,,,,,,,,,,,,344,,212,292,173,168,250,14,,213,260,,208,410,,,110,120,81,,,,,23,352,118,,88,196,132,105,810,,,400,53,98,2,564,96,135,419,36,79,,,,,,,,,,,,,,,,,,,,,,,,,,,,,,,,,,,,,191,390,,,6,,,606,321,204,,73,,,,,,,,,,,,,23,,72,16,,45,,,,,,,,,,,,,,,,289,,,54,97,,,,,,,,,68,,,,,,,,,,,,,,,,160,4,207,35,2,155,16,,44,5,,334,34,353,368,309,333,408,135,,144,278,22,,1169,,,,,,103,,,,,,,,,,,,4,34,,,,,428,,,,98,165,,,120,,,,,,,,,,,,10,,,,,,,,,,,,91,77,3,19,,,77,101,70,8,,26,,54,,81,,,,91,,2,0,10,245,158,183,,,,748,1,120,,,,,,,,,,,,,,,,,,,,,,,,,,,,,,,,,253,60,65,66,563,,217,257,,251,256,,,,42,,,,,,,,,207,14,73,30,11,,165,,136,3,61,0,252,24,,,,,,,,,,,,,,,,,,,,,,,,,,,,,,,,,,,,,,,,,,,,,,,,,,,,,,131,20,5,,-384,15,31,311,,-293,269,45,6,,57,,,91,66,363,,,,,,,,368,,,,,116,30,,,17,
2026-09-19T11:40:02+00:00,,,,,,,,,,,,,,,,,,,,,,,,,,,,,,,,,,,,,,,,,,,,,,,,,,,,,,,,,,,,,,,,,,,,,,,,,,,,,,,,,,,,,,,,,,,,,,,,,,,,,,,,,,,,,,,,,,,,,,,,,,,,,,,,,,,,,,,,,,,,,,,,,,,,,,,,,,,,,,,,,,,,,,,,,,,,,,,,,,,,,,,,,,,,,,,,,,,,,,,,,,,,,,,,,,,,,,,,,,,,,,,,,,,,,,,,,,,,,,,,,,,,,,,,,,,,,,,,,,,,,,,,,,,,,,,,,,,,,,,,,,,,,,,,,,,,,,,,,,,,,,,,,,,,,,,,,,,,,,,,,,,,,,,,,,,,,,,,,,,,,,,,,,,,,,,,,,,,,275,,48,367,,,,163,,,,,,,,,,,,,,,,,,,,,,,,,,,,,,,,,,,,,,,,,,,,,,,,,,,,,,,,,,,,,,,,,,,,,,,,,,,,,,,,,,,,,,,,,,,,,,,,,,,,,,,,,,,,,,,,,,,,,,,,,,,,,,,,,,,,,,,,,,,,,,,,,,,,,,
2026-09-19T11:45:01+00:00,60,,,,,,,,37,,,,,82,99,,305,,,,,20,421,,,,,,,,,,,,,,,,,,,,,,,,,,,,,,,,,,,,,,,,,,,,,,,,,,,,,,,,,,,,,,,,,,,,,,,,,,,,,,,,,,,,,,,,,,,,,,,,,,,,,,,,,,,,,,,,,,,,,,,,,,,,,,,,,,,,,,,,,,,,,,,,,,,,,,,,,,,,,,,,,,,,,,,,,,,,,,,,,,,,,,,,,,,,,,,,,,,,,,,,,,,,,,,,,,,,,,,,,,,,,,,,,,,,,,342,35,355,372,312,,405,,,136,285,,,1168,,,,,,,,,,,,,,,,,,,,,,,,,,,,,,,,,,,,,,,,,,,,,,,,,,,,,,,,,,,,,,,,,,,,,,,,,,,,,,,,,,,,,,,,,,,,,,,,,,,,,,,,,,,,,,,,,,,,,,,,,250,,67,63,,,,255,,,249,,,,39,,,,,,,,,209,15,,23,,17,168,,,,,,,,,,,,,,,,,,,,,,,,,,,,,,,,,,,,,,,,,,,,,,,,,,,,,,,,,,,,,,,,,,,,,,,,,,,,,,,,,,,,,,,,,,,,,,,,,,
2026-09-19T11:45:02+00:00,,,,,,,,,,,,,,,,,,,,,,,,,,28,,0,,,5,306,28,,10,140,,107,,,91,106,,,,15,,,,,49,,361,32,112,,,25,,,,,,,,,228,25,,,,,,230,,,17,211,297,46,53,93,163,47,,,,308,,214,284,165,163,224,13,,,267,,209,409,1,128,112,109,74,1,,,807,,349,,,73,203,136,108,812,,,381,51,,,,,,,,,,,,,,,,,,,,,,,,,53,149,,,,,,,,,,,,,,,,,,,190,,518,350,4,,,608,,206,,70,,476,,117,105,52,156,51,247,213,220,90,16,,66,16,,36,,,,,,,,,,256,,,,,,297,,,53,,,,,,,,,,67,,,,,24,,,,,,,,,,,156,1,209,34,1,153,22,,53,,,,,,,,,,,,,,,,,,,,273,,,,,,,,,,,,,114,5,32,,,,,427,,,,96,166,,,118,,,,,,,,,,,,8,,,,,,,,,,,,93,,,23,2,,,,76,,28,,305,57,,82,,,,,,1,,8,,,186,,80,141,750,0,119,,,,,,,,,,,,,,,,,,,,,,,,,,,,,,,,,,,,,,,,,,,,,,,,,,,,,,,,,,,,,,,,132,,,4,253,17,8,39,8,268,36,,86,3,6,7,38,,130,,37,,82,,,,,,,,,,,,,,,,,,,,,,,,,,,,,,,,,,,,700,,21,1,,2,22,34,315,,,,,5,,54,,,96,62,362,140,,,,,,,,,,,,117,31,,,19,
2026-09-19T11:50:01+00:00,57,267,,,400,,,,36,186,,75,,,98,,301,,,,,17,418,303,,26,,,,,2,300,,,8,136,,111,,,90,103,,88,,16,,,,,45,,359,,111,,,26,2,,,,,,,78,,,,,105,,,226,,,14,214,,,,,,,,,,276,,219,274,164,165,226,17,,,,,,412,,127,110,102,73,,,,,22,,123,,69,204,,106,811,,,368,52,,,,,,,,,,,,,,,,,,,,,,,,,,,,,,,,,,,,,,,,,,,,,189,391,519,349,,,,602,320,213,,71,,,,,,,,,,,,,15,,,16,,28,,,,,,,,,,257,,,,,,304,,,57,96,,,,,,,,,68,,,,,21,,,,,,,,,,,155,4,212,37,,154,18,,55,6,2,,37,356,375,,332,399,136,,141,288,21,,1147,,,,277,,100,,,,,,,,,,,117,2,34,,,,,428,,,,97,161,,,115,,,,,,,,,,,,,,,,,,,,,,,,89,,2,,1,,78,99,72,16,,,308,60,,,,,,,,0,,,257,155,,,77,137,756,,117,,4,273,5,47,359,1,,,164,,,,,,,,,,,,,,,,,,,,,,,228,58,,62,560,,213,251,,254,221,,,,34,,,,,,,,,212,14,87,25,15,16,161,246,124,13,,0,249,18,,41,2,264,28,,85,0,0,12,63,,119,,,,69,,193,,,,,,,,,,,,,,,,,,,,,,,,,,,,,,,,,,,,18,-558,,-384,26,28,313,,,,-100,-420,,52,,,92,63,360,143,,,,,,385,371,123,,,,119,,,,14,
2026-09-19T11:55:01+00:00,54,,,,393,,,,44,189,,74,,80,97,,300,,,,,18,419,299,,24,,,,,4,292,,,10,131,,107,,,,102,,87,,,,,,,47,,,31,109,,,,3,,,182,6,,,75,,,,,106,,,224,,,,215,296,58,63,90,164,45,,,,,,,,,,,,,,,,,,,,,,,,,,,,,,,,,,,,,,,,,,,,,,,,,,,,,,26,,,,,530,,,,,46,,,,,,,,,,,,,,,,,,,,186,,521,,5,,,601,,211,,67,,473,,125,,51,154,,244,215,219,89,,,60,16,,41,,,,,,,,,,,,,,,,314,,,,97,,,,,,,,,,,,,,18,,,,,53,,,,,,154,0,,36,-2,162,15,,68,7,,341,36,357,374,311,,396,,,140,,24,,1134,,,,278,,,,,,,,,,,,,115,1,35,3,,,,,,,,100,159,,,114,,,,,,,,,,,,7,,,,,,,,,,,,86,79,5,26,,,75,93,70,23,29,,307,55,,87,,,15,,182,1,,,259,156,184,,75,136,768,,119,35,,,,,,,,,,,,,,,,,,,,,,,,,,,,,,,,,,68,,,,,,,,,,,,,,,,,,,,,,,,,,,,,119,19,63,,,15,12,,,,,,,,,,,,,,,,,,,,,,,,,,,,,,,,,,,,,,,,,,,,,,,,,,,,699,130,15,,,1,16,,314,,1,,,,,44,,,103,59,,146,,,,,,380,374,,,,,115,28,,,18,
2026-09-19T12:00:02+00:00,53,269,55,110,389,,,8,52,190,,,,76,94,,296,,,,,20,421,301,,22,,,,,5,296,,,8,124,,104,,,88,103,,86,,15,,,,,40,,,,110,,,24,4,,,,4,,,74,,26,,6,,,,,,,8,216,,,,,,,,,,228,,225,263,157,167,215,19,293,,268,3,210,411,,125,109,79,64,,,167,,,363,132,,61,198,140,98,804,,,347,47,101,,535,80,140,407,37,76,287,,,,,,,,,,,,,,,,,,,,,,,,,,,,,,,,,,,,184,,522,350,4,,,597,322,,,65,,,,,,,,,,,,,13,,59,16,,30,,,,,,,,,,,,,,,,,,,58,96,,,,,,,,,69,,,,,17,,,,,54,,,,,,149,,210,38,3,161,19,,70,5,,343,39,354,380,,331,399,,,142,285,23,,,,,,277,,98,,,,,,,,,,,118,,34,2,,,,427,,,,104,157,,,,,,,,,,,,,,,,,,,,,,,,,,,85,80,4,24,0,149,74,92,72,19,,,309,58,,91,,,,93,,0,,9,,153,,,77,134,777,,118,33,2,277,4,46,341,2,,,162,,,,,,,,,,,,,,,,,,,,,,,229,61,64,61,554,,210,249,,256,210,,,,30,,,,,,,,,214,11,88,21,12,19,157,239,117,20,,,240,11,8,39,0,261,25,,84,,,11,52,,110,,,,66,,189,12,,,,,,,,,,,,,,,,,,,,,,,,,,,,,,,,,,131,19,,,-384,18,31,318,,-293,,,,,45,,,102,56,359,,,,,,,373,375,,,,,106,26,,,12,110
2026-09-19T12:05:01+00:00,50,270,,111,387,,,,48,188,,77,,82,106,,288,,,,,22,420,298,,27,,5,,,3,295,,,,,,97,,,84,,,83,,16,,,,,37,,,,109,,,,,,,,,,,,,25,,,,,,221,,,,,289,53,67,91,163,50,,,,,,,,,,,,,,,,,,,,,,,,,,,,,,,,,,,,,,,,,,527,77,137,409,,77,283,,,,,,29,,,,,534,,,,,48,145,,,,,,,,,,,,,,,,,,,191,392,521,353,5,,,590,323,208,,67,,472,,,104,47,149,,245,218,223,73,10,,49,17,,36,,,,,,,,,,,,,,,,312,,,59,,,,,,,,,,68,,,,,16,,,,,,,,,,,,,,,,,,,,,,348,50,357,383,312,,391,,,140,287,22,,1130,,,,,,,,,,,,,,,,,,,,,,,,,,,,,,,,,,,,,,,,,,,,,,,,,,,,,,,,,,,,,,,,,,,,,,,,,,,,,,,,,,,,,,,,,,,,,,,,,,,,,,,,,,,,,,,,,,,,,,,,,226,60,71,,548,,208,250,,265,195,,,,,,,,,,4,,,213,12,100,20,,6,153,235,,,,,,,,,,,,,,,,,,,,,,,,,,,,,,,,,,,,,,,,,,,,,,,,,,,,,,,,,,,,133,6,,,,13,29,319,,,,,,,44,,,100,50,,,,,,,,367,377,,,,,103,22,,,4,111
2026-09-19T12:05:02+00:00,,,,,,,,,,,,,,,,,,,,,,,,,,,,,,,,,,,,,,,,,,,,,,,,,,,,,,,,,,,,,,,,,,,,,,,,,,,,,,,,,,,,,,,,,,,,,,,,,,,,,,,,,,,,,,,,,,,,,,,,,,,,,,,,,,,,,,,,,,,,,,,,,,,,,,,,,,,,,,,,,,,,,,,,,,,,,,,,,,,,,,,,,,,,,,,,,,,,,,,,,,,,,,,,,,,,,,,,,,,,,,,,,,,,,,,,,,,,,,,,,,145,4,211,40,-1,165,23,,,3,3,,,,,,,,,,,,,,,,,,280,,97,,,,,,,,,,,119,0,31,1,,,,429,,,,105,154,,,112,,,,,,,,,,,,5,,,,,,,,,,,,82,81,7,22,1,,75,93,62,27,,,308,60,,87,,,,94,183,,1,10,268,149,179,,78,,789,,,35,3,278,0,,333,8,,3,,,,,,,,,,,,,,,,,,,,,,,,,,,,,,,,,,,,,,,,,,,,,,,,,,,,,,,114,25,64,1,238,10,,,,,,,,,,,,,,,,,,,,,,,,,,,,,,,,,,,,,,,,,,,,,,,,,,,,,,,,,,,,,,,,,,,,,,,,,,,,,,,,,,,,,,,,,,,
2026-09-19T12:10:01+00:00,46,271,,,386,,,11,50,189,,,,81,,,,,,,,,,,,24,,0,,,4,,,,,114,,,,,79,105,,80,,,,,,,34,,358,32,108,,,22,,,,,3,,6,,,,,,,,,222,1,,6,,283,47,72,,159,49,,195,,209,,228,,146,168,214,17,,,269,22,208,410,,124,,,61,,,168,806,21,,134,,58,196,141,101,799,,,339,45,,,,,,,,,,,,,,,,,,,,,,,,,,,,,,,,,,,,,,,,,,,,,193,394,,355,3,,,584,,198,,61,,,,,,,,,,,,,14,,46,17,,38,,,,,,,,,,258,,,,,,323,,,51,98,,,,,,,,,70,,,,,,,,,,,,,,,,147,0,212,39,1,164,,,77,,,349,,355,385,,333,392,,,141,286,23,,1128,,,,284,,99,,,,,,,,,,,113,,30,3,,,,430,,,,106,155,,,106,,,,,,,,,,,,4,,,,,,,,,,,,84,,,21,0,,,,61,26,,,309,62,18,88,17,,,,,1,,,270,150,,,73,133,796,,116,36,,,,,,,,,,,,,,,,,,,,,,,,,,,,,,,,230,,70,,549,,205,252,,266,186,,,,,,,,,,6,,,215,14,97,16,9,,148,226,108,24,59,0,227,14,,41,,256,,,78,,12,,42,,101,,,,59,,188,11,,,,,,,,,,,,,,,,,,,,,,,,,,,,,,,,,698,136,3,,47,1,11,,311,,,,,,,41,,,88,47,355,143,,,,,,372,370,,,,,102,21,,,,110
2026-09-19T12:15:01+00:00,47,270,,,382,,,4,53,187,,83,,88,105,,276,,,,,18,416,291,,33,,,,,,290,,,,110,,100,,,78,107,,,,,,,,,,,,,107,,,21,,,,181,4,,0,73,,,,,,,,223,,,7,,,,,,,,,,,160,,232,255,143,171,199,18,289,212,268,19,207,411,,,106,69,52,3,,,,22,314,,,53,,146,91,795,,,307,,,,519,,133,405,36,75,278,,,,,,19,,,,,535,,,,,,147,,,,,,,,,,,,,,,,,,,190,398,516,359,4,,,578,,196,,58,296,473,,116,102,,147,49,242,220,221,,13,,,17,,32,,,,,,,,,,260,,,,,,327,,,49,,,,,,,,,,73,,,,,18,,,,,,,,,,,151,5,219,,,163,19,,90,2,1,351,55,356,391,314,337,394,135,,143,283,24,,,,,,283,,,,,,,,,,,,,117,,35,4,,,,429,,,,,156,,,109,,,,,,,,,,,,5,,,,,,,,,,,,86,,3,22,,,,94,72,39,,25,310,64,19,86,,,16,,184,0,0,12,273,140,182,,71,132,818,1,115,35,0,281,6,45,331,0,,0,164,2,,,,,,,,,,,,,,,,,,,,,,,,,,,,,,,,,,,,,,,,,,,,,,,,,,,,,114,26,57,,233,13,9,,,,,,,,,,,,,,,,,,,,,,,,,,,,,,,,,,,,,,,,,,,,,,,,,,,,,,2,,46,3,12,,304,-209,,,,,,39,,,84,46,,142,,,,,,366,360,,,,,93,,,,-370,111
2026-09-19T12:20:02+00:00,,268,,,385,,,1,56,,,88,,86,108,,270,,,,,22,412,288,,31,,3,,,,296,,,9,106,,97,,,,108,,79,,15,,,,,33,,357,,,,,22,,,,180,2,,,,,23,,5,,,,222,,,6,215,289,49,74,97,157,48,,,,,,,,,,,,,,,,,,,,,,,,,,,,,,,,,,,,,,,,,,523,74,131,398,,77,273,,,,,,,,,,,,,,,,,,,,,,,,,,,,,,,,,,,,191,,515,357,6,,,575,324,,,62,,,,,,,,,,,,,10,,47,17,,37,,,,,,,,,,,,,,,,333,,,52,97,,,,,,,,,74,,,,,19,,,,,57,,,,,,149,15,221,38,-1,167,17,,93,4,,341,66,355,392,317,,396,134,,146,286,,,1119,,,,280,,100,,,,,,,,,,,116,,36,5,,,,433,,,,99,160,,,105,,,,,,,,,,,,6,,,,,,,,,,,,,,6,20,4,,,97,78,35,,26,,67,,89,,,,,,1,,11,272,138,184,,69,,825,,,33,,282,,,314,7,,,,0,,,,,,,,,,,,,,,,,,,,,,229,57,67,,548,,202,250,,269,174,,,,28,,,,,,4,,,219,,101,17,27,,149,223,118,35,55,1,238,11,7,39,,254,24,,60,,,,43,,86,,,,46,,184,,,,,,,,,,,,,,,,,,,,,,,,,,,,,,,,,,,137,3,,,-384,11,,298,,1,,,,,35,,2,74,42,354,139,,,,,,361,355,,,,,,16,,,,112
2026-09-19T12:25:02+00:00,2,,,,388,,,2,55,184,,87,,85,119,,261,,,,,23,415,285,,22,,4,,,3,292,,,,108,,92,,,77,105,,,,,,,,,30,,351,31,110,,,,3,,,179,,,,,,22,,,,,,218,0,,,219,291,47,,99,152,59,,,,112,,218,245,125,165,204,20,288,,269,18,206,412,,123,,59,46,,169,169,799,21,290,131,,47,,147,90,788,,6,278,43,,,525,67,129,394,37,75,271,,,,,,20,,,,,534,,,,,47,144,,,,,,,,,,,,,,,,,,,190,400,510,352,8,,,570,321,205,,64,295,474,,128,,46,149,50,241,221,224,76,11,,43,17,,38,,,,,,,,,,,,,,,,334,,,,96,,,,,,,,,71,,,,,20,,,,,58,,,,,,,11,219,37,,165,19,,100,,,346,60,354,397,318,,389,,,145,283,26,,,,,,,,104,,,,,,,,,,,119,,39,4,,,,435,,,,,159,,,99,,,,,,,,,,,,7,,,,,,,,,,,,89,80,11,19,8,,,105,73,30,,27,307,68,18,92,,,,95,,0,1,10,,131,181,,72,,832,3,,31,,280,1,,322,5,,,163,,,,,,,,,,,,,,,,,,,,,,,226,,66,,544,,,257,,266,171,,,,,,,,,,,,,222,,96,20,32,,141,221,112,37,54,2,235,13,6,37,,251,22,,51,3,,,40,,75,,,,43,,182,,,,,,,,,,,,,,,,,,,,,,,,,,,,,,,,,,,,9,,,,15,,294,,-293,,,,,33,,-100,66,33,,137,,,,,,362,351,,,,,92,8,,,,
2026-09-19T12:30:01+00:00,,267,,,387,2,,,54,185,,88,,78,112,,258,,,,,,,283,,,,6,,,5,296,,,11,107,,93,,,80,106,,77,,,,,,,26,,,,105,,,,,,,,0,,,,,21,,,,,,221,,,9,,,,,,,,,,,80,,198,247,119,,200,16,287,211,267,25,,410,,124,105,52,,2,,,798,,,130,,46,201,148,83,781,,,261,,,,,,,,,,,,,,,,,,,,,,,,,,,,,,,,,,,,,,,,,,,,,,193,394,508,,9,,,559,318,204,,59,,,,,,,,,,,,,20,,42,17,,34,,,,,,,,,,261,,,,,,,,,51,97,,,,,,,,,72,,,,,28,,,,,,,,,,,146,,218,,1,164,21,,101,1,,338,64,355,,319,335,385,,,,275,,,1125,,,,281,,,,,,,,,,,,,,,34,1,,,,436,,,,,157,,,100,,,,,,,,,,,,9,,,,,,,,,,,,,81,12,24,4,,77,,71,29,,28,308,71,,89,,,,,183,,0,12,,127,,,66,131,833,5,,28,,279,,44,321,0,,,165,,,,,,,,,,,,,,,,,,,,,,,,,,,,,,,,,,,,,,,,,,,,,,,,,,,,,,105,45,50,5,239,14,8,,,,,,,,,,,,,,,,,,,,,,,,,,,,,,,,,,,,,,,,,,,,,,,,,,,,,136,6,,,,21,29,,,,,44,,,29,,,62,25,353,136,,,,,,360,,,,,,89,9,,,-370,113
2026-09-19T12:35:02+00:00,,,,,393,1,,,56,,,84,,80,110,,250,,,,,24,411,286,,23,,7,,,2,286,,,10,109,,98,,,81,,,75,,13,,,,,22,,349,32,104,,,20,,,,,,,,,,22,,4,,,,223,,,10,,290,44,75,97,154,67,,196,,,,,,,,,,,,,,,,,,,,,,,,,,,,,,,,,,,,,,,,518,62,130,397,39,69,270,,,,,,16,,,,,,,,,,48,,,,,,,,,,,,,,,,,,,,195,398,507,349,7,,,,317,196,,68,296,465,,121,103,42,151,49,239,,222,61,29,,36,17,,28,,,,,,,,,,262,,,,,,340,,,50,98,,,,,,,,,,,,,,32,,,,,,,,,,,,4,216,36,10,169,19,,112,5,,343,56,358,403,,,,,,149,279,21,,,,,,283,,106,,,,,,,,,,,115,,35,0,,,,,,,,,156,,,,,,,,,,,,,,,8,,,,,,,,,,,,92,79,14,25,1,,78,118,81,32,30,29,305,74,,94,,,,,,,,,273,123,174,,65,,834,2,114,,4,278,,,308,,,,163,,,,,,,,,,,,,,,,,,,,,,,223,60,68,,541,,193,254,,,170,,,,27,,,,,,,,,,,94,,34,,146,225,103,32,48,8,227,13,12,39,,,24,,47,6,4,,41,,65,,,,27,,176,,,,,,,,,,,,,,,,,,,,,,,,,,,,,,,,,,,134,2,,,,,,298,,,,42,,,32,,,54,18,354,133,,,,,,357,345,,,,,83,10,,,,
2026-09-19T12:40:02+00:00,,,,,398,2,,,67,,,76,,72,122,,,,,,,29,414,,,,,9,,,3,281,27,,12,,,,,,83,105,,,,,,,,,15,,344,31,102,,,,,,,180,,,,74,,,,3,,,,221,,,13,223,293,43,74,101,153,68,,197,,65,1,195,236,114,168,193,15,285,,266,18,207,,2,,,51,43,,170,,797,18,272,124,123,48,200,146,81,782,,,249,39,100,,525,57,131,391,,62,275,,,,,,21,,,,,,,,,,45,145,,,,,,,,,,,,,,,,,,,,402,,348,,,,557,,197,,58,,,,,,,,,,,,,20,,34,17,,31,,,,,,,,,,,,,,,,344,,,51,,,,,,,,,,70,,,,,33,,,,,,,,,,,147,1,,,8,171,,,115,8,2,342,57,360,402,321,332,386,,,146,,26,,1124,,,,280,,,,,,,,,,,,,114,,33,1,,,,,,,,91,161,,,99,,,,,,,,,,,,,,,,,,,,,,,,,81,13,29,0,,79,116,,40,,,304,72,,95,,,,,185,,,,,,173,,64,129,837,3,115,,,,,,,,,,,,,,,,,,,,,,,,,,,,,,,,,219,62,73,62,540,,195,258,,262,173,,,,31,,,,,,,,,225,17,97,13,,,148,222,104,25,52,11,216,8,13,,,248,27,,44,,,,39,,63,,38,30,,,173,,,,,,,,,,,,,,,,,,,,,,,,,,,,,,,,,,697,133,11,,47,,,,293,,,,41,,,36,,,49,15,352,132,,,,,,358,344,122,,,,82,5,,,,
2026-09-19T12:45:02+00:00,,269,,,399,3,,1,69,182,,80,,71,,,249,,,,,32,,280,,20,,6,,,2,279,26,,,,,100,,,80,106,,72,,12,,,,,8,,341,,,,,19,2,,,181,,,,73,229,20,,4,,,,224,,,11,,,,,,,,,,,17,,192,227,109,,181,13,280,,267,5,210,409,,,102,44,30,1,169,168,,,275,122,,44,201,,82,772,,5,226,,,,,,,,,,,,,,,,,,,,,,,,,,,,,,,,,,,,,,,,,,,,,,191,,508,340,3,,,556,315,193,,53,295,462,,113,,44,152,50,238,219,220,57,15,,36,17,,29,,,,,,,,,,,,,,,,339,,,,92,,,,,,,,,71,,,,,30,,,,,,,,,,,148,7,213,37,,168,28,,112,3,,340,48,363,407,320,331,383,135,,150,277,21,,1123,,,,283,,104,,,,,,,,,,,115,,35,0,,,,,,,,87,158,,,96,,,,,,,,,,,,10,,,,,,,,,,,,91,82,14,28,,,,119,94,38,,,,71,,99,,,,,184,,3,14,,120,172,,65,130,840,2,,,,277,2,41,297,,,3,161,2,,,,,,,,,,,,,,,,,,,,,,,,,,,,,,,,,,,,,,,,,,,,,,,,,,,,,109,16,55,6,233,9,20,,,,,,,,,,,,,,,,,,,,,,,,,,,,,,,,,,,,,,,,,,,,,,,,,,,,696,134,10,,,,,31,295,,,,39,,,33,,,44,16,347,133,,,,,,354,342,,,,,72,2,,,,115
2026-09-19T12:50:02+00:00,,267,54,,392,1,,,62,181,,75,,72,126,,246,,,,,28,415,279,,,,8,,,4,280,,,15,110,,,,,,107,,73,,14,,,,,4,,340,,,,,18,,,,182,,,,,228,22,,,,,,225,,,12,224,287,,,102,152,66,,,,,,,233,107,164,182,14,277,,,1,,408,,,101,43,29,,168,167,796,19,,121,,43,200,145,80,765,,,216,35,102,,519,,126,390,37,,273,,,,,,20,,,,,536,,,,,43,140,,,,,,,,,,,,,,,,,,,194,403,,334,,,,553,317,196,,51,,,,,,,,,,,,,12,,35,17,,34,,,,,,,,,,,,,,,,335,,,47,94,,,,,,,,,68,,,,,,,,,,57,,,,,,147,10,212,,6,166,22,,118,6,0,331,46,362,417,,332,380,136,,,274,,,1122,,,,288,,,,,,,,,,,,,116,,34,1,,,,439,,,,88,157,,,,,,,,,,,,,,,,,,,,,,,,,,,90,81,,32,,,,,98,40,,,303,69,,95,,,,,,1,1,13,270,,169,,,129,843,8,117,29,0,276,0,,279,,,4,,,,,,,,,,,,,,,,,,,,,,,,218,,,61,533,,186,259,,,170,,,,28,,,,,,3,,,,21,89,,44,,150,211,106,26,48,1,235,8,14,42,1,244,25,,43,2,0,,41,,51,,36,27,,,,,,,,,,,,,,,,,,,,,,,,,,,,,,,,,,,,,695,132,7,,,,,32,,,,,,,,29,,,41,13,344,135,,,,,,351,,,,,,75,-200,,,,114
2026-09-19T12:55:02+00:00,,,,,394,,,,57,180,,68,244,70,137,,241,,,,,30,412,280,2,21,,,,,5,279,,,14,112,,96,,,78,108,,,,18,,,,,0,,333,,,,,,,,,183,,,,,,,,,107,,,,,,,226,,,,,,,,,,,,,,,,,,,,,,,,,,,,,,,,,,,,,,,,,,,,,,,,,,,,,,,,,,,,,,,,,,,,,,,,,,,,,,,,,,,,,,,,,,191,399,509,338,4,,,549,314,200,,43,,465,,99,102,45,148,,,214,206,56,10,,30,17,,39,,,,,,,,,,,,,,,,,,,46,96,,,,,,,,,66,,,,,31,,,,,,,,,,,,21,207,38,10,163,26,,114,1,1,324,42,361,409,,331,381,,,148,275,27,,,,,,,,103,,,,,,,,,,,114,,,,,,,442,,,,98,154,,,94,,,,,,,,,,,,8,,,,,,,,,,,,93,,12,25,,,77,120,106,46,,28,305,70,,101,,,17,,181,,0,12,,119,164,,62,128,842,10,114,28,,,,,,,,,,,,,,,,,,,,,,,,,,,,,,,,216,,74,,530,,184,262,,264,173,,,,27,,,,,,,,,224,22,90,10,37,13,146,208,109,32,52,0,227,9,15,41,6,243,26,,35,,1,12,,,49,,37,,16,,172,,,,,,,,,,,,,,,,,,,,,,,,,,,,,,,,,,,129,,,,,,33,300,,,,,,,28,,,,,345,,,,,,,346,340,,,,,73,3,,,,112
2026-09-19T13:00:01+00:00,5,268,53,,399,,,2,67,179,,71,243,67,141,,242,,,,,31,414,282,3,23,,,,,8,276,25,,12,110,,98,,,81,109,,71,,,,,,,,,328,30,105,,,19,,,,,,,,,227,,,,,,,232,,,8,224,291,44,81,97,150,63,,,,,,,,,,,,,,,,,,,,,,,,,,,,,,,,,,,,,,,,,,518,54,135,388,,63,271,,,,,,24,,,,,540,,,,,,139,,,,,,,,,,,,,,,,,,,181,401,,339,9,,,550,313,192,,52,,,,,,,,,,,,,16,,27,17,,40,,,,,,,,,,,,,,,,334,,,47,,,,,,,,,,68,,,,,29,,,,,61,,,,,,,18,211,40,,,31,,116,3,,320,48,362,410,322,330,375,137,,146,276,21,,1121,,,,286,,101,,,,,,,,,,,112,,38,0,,,,440,,,,97,152,,,92,,,,,,,,,,,,,,,,,,,,,,,,94,80,11,26,,,,119,111,38,,,303,72,,100,16,,,97,,0,,13,269,113,165,,60,127,845,8,115,27,,275,1,,277,,,,159,,,,,,,,,,,,,,,,,,,,,,,,,,,,,,,,,,,,,,,,,,,,,,,,,,,,,,108,33,51,1,219,,16,,,,,,,,,,,,,,,,,,,,,,,,,,,,,,,,,,,,,,,,,,,,,,,,,,,,,128,2,,,1,-322,30,294,,,,,,,26,,,38,14,349,134,,,,,,340,339,,,,,71,4,,,,
2026-09-19T13:05:02+00:00,6,269,52,112,396,,,9,64,184,,72,,64,,,,,,,,33,411,,10,22,,7,,,9,275,,,10,108,,94,,,,,,,,,,,,,,,324,28,99,,,17,,,,,,,,72,,,,5,106,,,,,,3,223,285,51,82,,152,56,,,,,,184,228,110,161,,10,269,,268,5,208,409,,122,102,42,20,,166,,795,15,246,124,,,197,148,79,,,4,205,33,,,,,,,,,,,,,,,,,,,,,,,,,,,,,,,,,,,,,,,,,,,,,175,,508,,7,,,553,,180,,53,,463,,88,104,44,,,237,208,201,47,1,,24,17,,33,,,,,,,,,,263,,,,,,340,,,46,99,,,,,,,,,67,,,,,27,,,,,60,,,,,,,22,210,43,14,162,34,,401,2,,322,,363,407,324,,,,,144,272,28,,1123,,,,284,,,,,,,,,,,,,,,,,,,,,,,,95,,,,90,,,,,,,,,,,,,,,,,,,,,,,,,82,10,25,1,,,114,110,39,,29,301,71,,104,,,,,180,,,14,,111,166,,59,,,9,114,29,,274,2,43,278,,,2,157,1,,,,,,,,,,,,,,,,,,,,,,,64,76,60,527,,,258,,262,176,,,,28,,,,,,,,,225,24,101,,19,18,,213,111,26,59,3,215,7,18,43,0,247,23,,34,,4,,39,,43,,,26,15,,169,12,,,,,,,,,,,,,,,,,,,,,,,,,,,,,,,,,,129,5,,,-384,,31,284,,,,,,,28,,,,,,135,,,,,,,333,,,,,66,5,,,,110
2026-09-19T13:10:01+00:00,4,267,,,402,,,5,62,189,,65,,51,135,,240,,,,,31,412,284,12,27,,6,,,7,279,,,8,,,90,,,82,,,70,,,,,,,,,319,30,96,,,16,1,,,,,,,70,,,1,,,,,,,,,221,,,,,,,,,,,,188,214,113,151,,6,259,209,269,,206,,,123,97,41,27,,,171,794,13,227,130,,42,219,149,84,758,,,203,32,103,,521,66,131,385,39,,265,,,,,,25,,,,,536,,,,,47,143,,,,,,,,,,,,,,,,,,,174,402,509,,,,,552,312,,,45,,,,,,,,,,,,,4,,17,17,,36,,,,,,,,,,,,,,,,337,,,47,,,,,,,,,,66,,,,,25,,,,,,,,,,,148,28,,45,17,164,44,,398,3,2,328,55,365,414,325,329,372,138,,148,266,27,,,,,,282,,103,,,,,,,,,,,108,,34,,,,,439,,,,94,147,,,94,,,,,,,,,,,,4,,,,,,,,,,,,92,85,9,26,5,,79,115,108,42,31,30,302,74,,102,,,,96,181,,,13,268,109,167,,54,128,847,16,116,,,272,,,261,,,4,,0,,,,,,,,,,,,,,,,,,,,,,,,,,,,,,,,,,,,,,,,,,,,,,,,,,,,,123,38,58,5,210,9,23,39,1,244,20,,32,,0,11,40,,41,,,23,7,,167,11,,,,,,,,,,,,,,,,,,,,,,,,,,,,,,,,,,,3,,,,,34,282,,,,,,,26,,,41,17,348,134,,,,,,342,334,,,,,65,,,,,109
2026-09-19T13:15:02+00:00,3,268,,,404,,,,58,190,,59,,54,138,,235,,,,,35,,285,6,31,,,,,,,26,,7,111,,91,,,84,,,,,17,,,,,,,311,,94,,,,,,,,,,,71,,,,,,,,229,,,1,222,289,61,91,100,154,64,,,,,,182,205,109,147,183,4,258,,270,5,,,,122,95,46,22,1,,,793,11,,132,,,218,147,79,749,,,201,30,,,,,,,,,,,,,,,,,,,,,,,,,,,,,,,,,,,,,,,,,,,,,170,404,508,340,5,,,554,,,,42,296,462,,72,105,43,147,49,232,207,182,25,8,,19,17,,35,,,,,,,,,,,,,,,,334,,,48,98,,,,,,,,,,,,,,,,,,,58,,,,,,150,30,209,42,,,38,,397,5,1,326,59,364,421,,,369,139,,153,268,28,,1126,,,,,,101,,,,,,,,,,,110,,30,,,,,440,,,,92,,,,95,,,,,,,,,,,,3,,,,,,,,,,,,93,,10,,4,,,112,109,48,,31,301,80,19,103,,,,,,,1,,,110,170,,51,129,846,,117,28,1,269,5,,251,4,,0,156,2,,,,,,,,,,,,,,,,,,,,,,210,63,79,,523,,,259,,260,179,,,,27,,,,,,,,,226,23,109,,23,16,147,,130,42,52,1,204,11,22,,,,,,,,,,,,,,,,,,,,,,,,,,,,,,,,,,,,,,,,,,,,,,,,,,,,,130,4,,,,,32,274,-209,,269,41,,,30,,,39,,349,135,,,,,,,336,123,,,,,4,,,,110
2026-09-19T13:20:02+00:00,7,269,,,402,,,4,48,188,,61,,,,,234,,,,,40,410,284,8,32,,5,,,8,,,,10,113,,93,,,,108,,,,,,,,,,,306,,90,,,,,,,184,,,,70,,,3,,,,,226,,,0,221,,,,,,,,,,,,,,,,,,,,,,,,,,,,,,,,,,,,,,,,,,,,,,105,,509,67,151,377,38,62,271,,,,,,20,,,,,537,,,,,49,142,,,,,,,,,,,,,,,,,,,169,403,,,7,,,548,314,,,49,,,,,,,,,,,,,1,,12,17,,32,,,,,,,,,,,,,,,,336,,,45,99,,,,,,,,,,,,,,24,,,,,57,,,,,,,28,211,43,21,163,32,,393,,,329,56,363,424,,328,368,,,149,270,27,,1125,,,,285,,,,,,,,,,,,,109,,34,1,,,,439,,,,97,,,,94,,,,,,,,,,,,2,,,,,,,,,,,,100,84,11,31,0,,80,110,99,56,,,303,77,18,101,,,,95,182,,0,11,,112,167,,46,127,,13,119,27,4,266,4,44,260,,,2,,6,,,,,,,,,,,,,,,,,,,,,,192,64,81,61,520,,180,258,,262,177,,,,24,,,,,,,,,,25,108,2,21,19,149,203,137,58,44,0,200,10,19,,,,,,,,,,,,,,,,,,,,,,,,,,,,,,,,,,,,,,,,,,,,,,,,,,,,694,131,3,,,1,,34,277,,,,,,,28,,,37,14,342,137,,,,,,339,332,,,,,64,5,,,,111
2026-09-19T13:25:01+00:00,8,267,,,405,,,2,42,187,,63,,50,139,,,,,,,37,,,,34,,0,,,5,289,,,11,,,91,,,86,,,66,,,,,,,,,302,31,,,,17,0,,,,,,,71,,19,2,,,,,227,,,,219,279,60,96,103,153,66,,,,,,180,199,110,146,,,256,,,,205,,1,120,96,24,13,,,172,792,12,,129,,,219,146,76,747,,3,197,,,,,,,,,,,,,,,,,,,,,,,,,,,,,,,,,,,,,,,,,,,,,,172,401,,345,9,,,550,313,174,,57,293,455,,55,106,44,142,,233,208,173,12,4,,0,17,,36,,,,,,,,,,,,,,,,340,,,46,98,,,,,,,,,65,,,,,,,,,,58,,,,,,,29,212,45,26,161,25,,,4,0,326,63,361,428,,330,365,,,151,,,,,,,,,,,,,,,,,,,,,108,,,3,,,,,,,,,149,,,96,,,,,,,,,,,,3,,,,,,,,,,,,99,85,10,,,,82,107,100,62,32,,304,76,,106,,,,,183,,,12,,110,166,,50,,844,,,26,,,,,,,,,,,,,,,,,,,,,,,,,,,,,,,,,,,,,,,,,,,,,,,,,,,,,,,,,,,,,,,144,,45,,193,11,23,,,,,,,,,,,,,,,,,,,,,,,,,,,,,,,,,,,,,,,,,,,,,,,,,,,,,132,2,,,,,38,270,-209,1,268,42,,,26,,-100,39,12,339,136,,,,,,341,341,123,,,,63,,,,,112
2026-09-19T13:30:01+00:00,5,265,,,394,,,,43,,,60,,49,147,,233,,,,,33,405,287,4,33,,4,,,4,287,,,10,,,92,,,88,109,,61,,,,,,,,,293,,79,,,18,,,,183,,,,72,,,0,,105,,,234,,,2,218,,,,,,,,,,,,,,,,,,,,,,,,,,,,,,,,,,,,,,,,,,,,,,,,508,63,154,379,42,64,280,,,,,,17,,,,,536,,,,,50,139,,,,,,,,,,,,,,,,,,,,400,509,350,11,,,547,312,164,,58,,,,,,,,,,,,,1,,8,16,,,,,,,,,,,,,,,,,,343,,,44,,,,,,,,,,62,,,,,26,,,,,,,,,,,,,211,,27,,,,396,,,331,,360,427,324,,370,,,149,265,23,,1124,,,,286,,100,,,,,,,,,,,103,,,,,,,,,,,95,151,,,100,,,,,,,,,,,,0,,,,,,,,,,,,96,86,9,33,1,,83,,102,65,,32,,78,,108,,,18,,184,1,,13,,111,163,,52,126,845,11,,24,2,267,0,,254,0,,5,157,3,,,,,,,,,,,,,,,,,,,,,,184,,87,,518,,184,260,,260,,,,,26,,,,,,,,,,26,104,5,22,16,145,201,145,56,47,2,194,15,25,,8,227,11,,16,,,,39,,25,,,19,1,,,,,,,,,,,,,,,,,,,,,,,,,,,,,,,,,,,,693,133,3,,,,3,39,269,,-303,267,,,,25,,,47,3,335,134,,,,,,339,342,,,,,57,4,,,,113
2026-09-19T13:35:01+00:00,6,262,,,392,,,10,38,181,,55,,44,146,,232,,,,,32,404,286,0,37,,3,,,2,291,25,,11,,,93,,,,108,,58,,15,,,,,,,291,,71,,,19,,,,181,,,6,70,226,18,,,104,,,240,,,7,222,277,61,,108,155,65,,,,,,175,184,,144,175,2,250,,,,206,,,,93,1,3,,,,783,10,210,130,,41,218,,73,742,,,,,108,,,66,148,376,43,59,272,,,,,,12,,,,,,,,,,47,,,,,,,,,,,,,,,,,,,,168,,,352,12,,,543,314,158,,57,292,451,,66,105,42,144,48,231,209,158,19,0,,,16,,41,,,,,,,,,,,,,,,,341,,,47,99,,,,,,,,,,,,,,25,,,,,59,,,,,,151,17,,50,31,162,26,,400,11,-1,325,58,,426,325,331,366,,,146,270,21,,,,,,285,,,,,,,,,,,,,99,,33,,,,,441,,,,94,155,,,102,,,,,,,,,,,,,,,,,,,,,,,,92,83,,37,0,,,109,112,71,,,,,,106,,,,,183,0,,10,269,,159,,50,,847,13,,25,4,265,10,43,287,6,,11,,5,,,,,,,,,,,,,,,,,,,,,,176,63,89,,513,,186,256,,,178,,,,,,,,,,,,,225,25,105,4,15,14,141,203,155,54,50,0,197,13,,,,,,,,,,,,,,,,,,,,,,,,,,,,,,,,,,,,,,,,,,,,,,,,,,,,,,136,,,48,3,7,38,265,,,270,40,,,26,,,49,2,341,135,,,,,,337,341,,,,,55,5,,,,112
2026-09-19T13:40:01+00:00,1,265,,,390,,,22,39,178,,58,,34,148,,231,,,,,31,403,287,2,39,,0,,,5,294,24,,,118,,94,,,89,109,,57,,,,,,,,,289,,60,,,20,,,,180,,,5,,,16,,4,,,,242,,,10,,,,,,,,,,,,1,176,181,111,150,176,,246,,267,,203,,,,88,,2,,,171,778,,214,134,122,42,224,149,82,736,,4,194,27,,,,,,,,,,,,,,,,,,,,,,,,,,,,,,,,,,,,,,,,,,,,,174,,511,351,14,,,545,315,157,,56,,,,,,,,,,,,,,,4,16,,,,,,,,,,,,,,,,,,,,,48,,,,,,,,,,63,,,,,23,,,,,,,,,,,,23,,,35,163,20,,401,,0,329,56,361,,326,330,362,,,148,269,20,,,,,,284,,96,,,,,,,,,,,101,,35,4,,,,,,,,97,153,,,100,,,,,,,,,,,,,,,,,,,,,,,,89,82,8,41,,148,82,111,114,73,33,31,,77,,116,,,,,182,,1,11,268,,160,,51,,,,117,26,2,267,7,,286,3,,,,7,,,,,,,,,,,,,,,,,,,,,,177,65,90,,515,,188,253,,263,,,,,19,,,,,,,,,,22,106,2,10,9,143,204,,55,51,,211,15,,33,18,222,7,,19,,,10,40,,20,,38,20,,,,,,,,,,,,,,,,,,,,,,,,,,,,,,,,,,,,,694,138,2,,47,2,6,33,267,,1,272,,,,,,,40,3,333,130,,,,,,,344,,,,,48,7,,,,113
2026-09-19T13:45:02+00:00,,,51,111,375,,,25,40,174,,,,33,150,,,,,,,34,402,281,,37,,5,,,,293,,,,,,97,,,88,,,54,,14,,,,,,,287,30,51,,,,,,,,,,0,71,,18,,,,,,246,,,12,,280,62,100,,159,60,,,,,,179,172,107,148,180,,245,,268,,202,,2,119,89,,4,,,,774,7,,131,,,222,,77,739,,,,,109,,509,69,142,373,44,52,292,,,,,,10,,,,,535,,,,,48,134,,,,,,,,,,,,,,,,,,,176,401,508,348,8,,,544,,150,,60,,453,,50,,43,145,49,229,,137,8,1,,,16,,37,,,,,,,,,,,,,,,,337,,,45,100,,,,,,,,,64,,,,,,,,,,58,,,,,,149,33,210,,38,162,21,,399,9,,332,59,366,421,,331,364,140,,149,265,19,,1125,,,,283,,97,,,,,,,,,,,104,,30,5,,,,442,,,,95,150,,,94,,,,,,,,,,,,1,,,,,,,,,,,,,85,10,44,1,,81,109,,87,,,306,79,,118,,,,96,184,,0,12,,115,159,,,128,,,,25,,268,4,,288,4,,13,,11,,,,,,,,,,,,,,,,,,,,,,181,66,91,60,513,,192,250,,262,,,,,,,,,,,,,,224,,111,,,,,203,,78,53,,214,17,27,31,23,225,13,,16,,,11,39,,8,,37,26,4,,168,,,,,,,,,,,,,,,,,,,,,,,,,,,,,,,,,,,137,3,,,6,5,36,272,,-303,273,43,,,23,,,39,-200,,128,,,,,,335,347,,,,,,10,,,,114
2026-09-19T13:50:01+00:00,,264,,109,378,,,21,49,,,59,244,41,157,,,,,,,31,400,284,,,,6,,,6,295,23,,8,123,,100,,,89,110,,50,,,,,,,,,283,31,53,,,19,,,,,1,,,,,15,,,105,,,244,,,14,223,,,,,,,,,,,,,,,,,,,,,,,,,,,,,,,,,,,,,,,,,,,,,,,,,,,,,,,,,,,,11,,,,,,,,,,41,130,,,,,,,,,,,,,,,,,,,178,406,514,,7,,,546,316,139,,65,,,,,,,,,,,,,,,,,,,,,,,,,,,,,,,,,,340,,,43,96,,,,,,,,,68,,,,,19,,,,,,,,,,,,,,,,,,,,,,333,58,,420,325,330,362,141,,151,270,23,,,,,,,,,,,,,,,,,,,,,,,,,,,,,,,,,,,,,,,,,,,,,,,,,,,,,,,,,,,,,,,,,,,,,,,,,,,,,,,,,,,,,,,,,,,,,,,,,,,,,,,,,,,,,,,,,,,,,,,,,,,190,67,87,,516,,199,243,,261,177,,,,20,,,,,,,,,228,,95,,20,15,151,202,,,,,,,,,,,,,,,,,,,,,,,,,,,,,,,,,,,,,,,,,,,,,,,,,,,,,,,,,,,,138,,,,,2,33,269,,,271,41,,,28,,,40,,336,127,,,,,,333,349,,,,,38,11,,,,115
2026-09-19T13:50:02+00:00,,,,,,,,,,,,,,,,,,,,,,,,,,,,,,,,,,,,,,,,,,,,,,,,,,,,,,,,,,,,,,,,,,,,,,,,,,,,,,,,,,,,,,,,,,,,,,,,,,,,,,,,,,,,,,,,,,,,,,,,,,,,,,,,,,,,,,,,,,,,,,,,,,,,,,,,,,,,,,,,,,,,,,,,,,,,,,,,,,,,,,,,,,,,,,,,0,,3,16,,36,,,,,,,,,,,,,,,,,,,,,,,,,,,,,,,,,,,,,,,,,,,,,148,,209,49,41,165,32,,,11,1,,,,,,,,,,,,,,,,,,279,,96,,,,,,,,,,,102,,32,3,,,,443,,,,96,154,,,98,,,,,,,,,,,,0,,,,,,,,,,,,91,,,45,0,,,111,122,86,,,,80,,120,,,,,,,,13,,116,160,,48,,,,120,26,,,9,,300,,,17,,4,,,,,,,,,,,,,,,,,,,,,,,,,,,,,,,,,,,,,,,,,,,,,,,,,,,,,149,86,54,,213,22,32,,,,,,,,,,,,,,,,,,,,,,,,,,,,,,,,,,,,,,,,,,,,,,,,,,,,,,,,,,,,,,,,,,,,,,,,,,,,,,,,,,,,,,,,,,
2026-09-19T13:55:02+00:00,2,266,,,375,,,12,45,177,,61,245,,,,232,,,,,,,281,10,40,,5,,,5,294,,,9,126,,,,,,111,,52,,,,,,,,,,,51,,,17,,,,,3,,6,,,14,,,,,,,,,,224,,74,108,117,160,62,,,,52,,177,,99,142,182,,241,,,5,200,408,1,118,91,,2,,,170,773,8,195,137,,41,226,152,,729,,,,26,,3,508,71,147,376,41,51,290,,,,,,,,,,,,,,,,,,,,,,,,,,,,,,,,,,,,179,404,,343,4,,,542,317,144,,61,291,450,,26,103,,147,50,228,210,95,20,1,,4,16,,49,,,,,,,,,,,,,,,,337,,,41,100,,,,,,,,,72,,,,,,,,,,57,,,,,,147,36,208,46,44,164,28,,398,,2,332,54,367,423,323,334,360,140,,,263,24,,1123,,,,281,,,,,,,,,,,,,,,,,,,,444,,,,95,,,,97,,,,,,,,,,,,,,,,,,,,,,,,89,83,11,46,,,80,104,123,88,,30,305,84,,121,,,,93,,,,12,269,,162,,51,126,846,15,119,24,6,267,0,44,310,8,,19,158,6,,,,,,,,,,,,,,,,,,,,,,182,,89,62,521,,201,,,260,,,,,,,,,,,,,,232,17,94,4,9,23,154,206,151,89,52,,214,27,35,28,35,224,6,,10,,2,12,43,,10,,,2,0,,173,10,,,,,,,,,,,,,,,,,,,,,,,,,,,,,,,,,693,137,,,,11,-322,,271,,,268,40,,,29,,,37,,,126,,,,,,,352,,,,,34,,,,,
2026-09-19T14:00:01+00:00,3,264,,,376,,,1,50,179,,62,,,,,228,,,,,33,399,283,8,43,,6,,,,288,,,8,127,,101,,,88,110,,50,,12,,,,,,,280,30,48,,,18,,,,181,,,5,72,,13,,3,,,,243,,,12,,,,,,,,,,,53,,171,164,102,141,184,,233,208,,2,196,410,,123,89,8,8,,,,761,4,184,138,120,44,230,150,88,725,,,,24,,,,,,,,,,,,,,,3,,,,,,,,,,40,129,,,,,,,,,,,,,,,,,,,180,403,513,340,,,,,316,146,,60,,,,,,,,,,,,,2,,7,16,,54,,,,,,,,,,,,,,,,,,,,98,,,,,,,,,,,,,,21,,,,,,,,,,,146,43,209,45,51,161,26,,399,8,,337,58,366,425,324,337,358,139,,150,255,30,,,,,,280,,95,,,,,,,,,,,,,33,5,,,,445,,,,101,158,,,,,,,,,,,,,,,,,,,,,,,,,,,83,85,,44,,,,101,126,96,34,,302,86,,127,,,,,,,,11,,117,,,,,,16,121,25,,,,,,,,,,,,,,,,,,,,,,,,,,,,,,,,,,,,,,,,,,,,,,,,,,,,,,,,,,,,,,,154,93,50,,231,,,25,39,221,11,,9,,3,11,42,,7,,39,3,,,176,9,,,,,,,,,,,,,,,,,,,,,,,,,,,,,,,,,692,,,,,7,,34,269,,,270,,,,31,,,,3,332,124,,,,,,329,353,,,,,36,8,,,-370,
2026-09-19T14:05:02+00:00,8,,50,,373,,,,,178,,,246,43,164,,226,,,,,35,403,285,15,38,,4,,,6,296,,,9,,,106,,,91,,,49,,,,,1213,,,,278,31,50,,,,1,,,,0,,6,,,14,,2,,,,245,,,14,225,281,73,109,121,165,66,,,,,,,,,,,,,,,,,,,,,,,,,,,,,,,,,,,,,,,,112,,505,67,145,,,42,283,,,,,,,,,,,,,,,,,,,,,,,,,,,,,,,,,,,,176,408,,338,,,,547,315,,,65,288,445,,17,104,45,148,,224,,72,11,3,,,16,,47,,,,,,,,,,264,,,,,,340,,,31,,,,,,,,,,71,,,,,20,,,,,,,,,,,,52,208,48,54,167,40,,397,9,1,342,,364,440,,336,359,140,,151,260,28,,1124,,,,284,,99,,,,,,,,,,,107,,25,4,,,,,,,,99,,,,89,,,,,,,,,,,,2,,,,,,,,,,,,78,84,12,49,,,81,103,132,100,,,308,94,16,125,,,,,185,,,,268,116,166,,55,,,17,122,,0,264,8,43,295,0,,21,159,8,,,,,,,,,,,,,,,,,,,,,,187,66,91,63,524,,197,240,,258,176,,,,,,,,,,11,,,228,15,89,,14,20,151,207,157,82,,,236,,39,,,,,,,,,,,,,,,,,,,,,,,,,,,,,,,,,,,,,,,,,,,,,,,,,,,,,,5,,,4,,,267,,,,,,,30,,,34,-200,333,,,,,,,328,350,,,,,33,7,,,,
2026-09-19T14:10:02+00:00,6,,,,367,,,,48,,,61,,38,163,,,,,,,38,401,287,10,35,,5,,,7,,22,,13,,,,,,87,111,,47,,13,,,,,,,277,,49,,,17,0,,,,2,,0,,,13,,3,,,,,,,19,223,,,,,,,,,,,,170,,99,140,181,,231,,,,197,412,,122,90,7,,,,,759,3,,141,,42,231,,90,717,,,193,,,,,,,,,,,,,,,,5,,,,,536,,,,,39,121,,,,,,,,,,,,,,,,,,,180,410,,,,,,548,,137,,64,,,,,,,,,,,,,11,,,16,,45,,,,,,,,,,,,,,,,339,,,30,97,,,,,,,,,69,,,,,21,,,,,56,,,,,,145,53,210,,56,,36,,396,11,2,344,64,365,445,326,337,363,,,154,,24,,1122,,,,287,,100,,,,,,,,,,,105,,29,2,,,,,,,,97,163,,,92,,,,,,,,,,,,1,,,,,,,,,,,,80,83,13,46,3,,80,107,133,98,,,307,95,,128,,,,,184,1,,12,,118,167,,52,125,,20,,27,,,,,,,,,,,,,,,,,,,,,,,,,,,,,,,,175,65,100,64,,,190,245,,260,178,,,,19,,,,,,8,,,231,18,92,13,,23,150,213,163,95,45,,243,28,46,26,46,217,5,,11,,,,35,7,5,,,7,1,,177,,,,,,,,,,,,,,,,,,,,,,,,,,,,,,,,,,691,138,10,,,-384,7,37,264,,,,,,,29,,,,1,334,121,,,,,,331,353,123,,,,,11,,,,116
2026-09-19T14:15:02+00:00,11,262,,,368,,,,50,179,,60,,37,161,,224,,,,,42,399,,14,33,,9,,,,,23,,10,,,,,,,,,44,,,,,,,,,275,32,47,,,18,,,,182,,,,,,11,,,,,,243,,,,220,284,76,117,156,167,71,,198,,,,165,158,93,135,178,,226,,271,,196,411,,,92,,,3,167,,750,,173,140,,45,232,151,88,713,,,194,25,111,,498,,143,373,,44,,,,,,,,,,,,,,,,,,,,,,,,,,,,,,,,,,,,,183,414,,339,,,,542,,136,,60,289,444,,20,105,52,146,,222,204,45,5,10,,,16,,43,,,,,,,,,,,,,,,,336,,,34,,,,,,,,,,73,,,,,19,,,,,55,,,,,,141,51,212,,59,174,27,,395,13,,345,67,,451,,339,364,,,153,261,32,,,,,,290,,98,,,,,,,,,,,107,,31,3,,,,,,,,,165,,,,,,,,,,,,,,,,,,,,,,,,,,,83,82,,50,4,,,103,148,107,,31,306,,,133,,,,92,,0,,10,,123,,,49,,847,22,123,28,1,268,16,,315,6,,19,,9,,,,,,,,,,,,,,,,,,,,,,,,,,,,,,,,,,,,,,,,,,,,,,,,,,,,,165,102,52,1,246,27,40,29,48,212,9,,13,4,6,12,10,12,6,,,5,,,179,10,,,,,,,,,,,,,,,,,,,,,,,,,,,,,,,,,692,136,15,,,,-322,35,263,-209,-303,271,37,,,27,,,38,-200,,124,,,,,,333,351,,,,,38,12,,,,
2026-09-19T14:20:02+00:00,14,264,49,,365,,,,52,181,,57,,39,,,223,,,,,43,395,284,20,43,,,,,9,309,,,,,,108,,,,113,,41,,,,,,,,,,,48,,,,,,,,3,,,71,,13,,,,,,246,,,21,,,,,,,,,,,,1,168,153,95,136,175,,222,,272,,,,,123,,2,6,,166,169,746,2,,141,,43,,152,,714,,,193,24,,,,,,,,,,,,,,,,,,,,535,,,,,49,126,,,,,,,,,,,,,,,,,,,,411,512,341,5,,,,,143,,56,,,,,,,,,,,,,16,,,16,1,34,,,,,,,,,,,,,,,,340,,,33,99,,,,,,,,,,,,,,18,,,,,,,,,,,140,50,214,47,58,175,28,,396,,,347,71,366,445,,344,361,,,155,259,28,,,,,,293,,97,,,,,,,,,,,106,,35,2,,,,,,,,98,166,,,95,,,,,,,,,,,,0,,,,,,,,,,,,88,81,14,48,0,,,,153,110,,,,,,134,15,,,91,185,,,12,,126,170,,45,124,846,17,,26,0,267,8,,318,1,,21,158,,,,,,,,,,,,,,,,,,,,,,,184,63,103,67,519,,186,241,,257,179,,,,21,,,,,,9,,,238,26,91,16,14,25,148,206,161,103,,0,241,33,37,,,,,,,,,,,,,,,,,,,,,,,,,,,,,,,,,,,,,,,,,,,,,,,,,,,,,134,17,,,,,34,265,,,,,,,,,,44,,,,,,,,,337,356,,,,,36,14,,,,
2026-09-19T14:25:02+00:00,15,267,48,,358,,,6,57,186,,56,,41,162,,,,,,,47,398,287,,40,,8,,,,313,,,,,,105,,,86,116,,38,,,,,,,,,276,33,47,,,19,,,,,1,,,72,225,,,,104,,,247,,,,,286,77,120,159,169,79,,,,54,,172,144,92,133,,,,,274,3,,408,,121,94,3,12,,,168,741,5,,139,121,44,231,,98,717,,,195,,,,511,70,145,376,40,47,,,,,,,9,,,,,537,,,,,46,,,,,,,,,,,,,,,,,,,,185,416,511,340,,,,545,317,134,,60,288,442,,83,103,53,145,49,216,203,118,11,24,,11,16,0,36,,,,,,,,,,,,,,,,342,,,32,,,,,,,,,,72,,,,,19,,,,,56,,,,,,136,58,217,48,63,179,33,,397,17,,352,62,371,447,327,342,368,,,160,260,,,1121,,,,297,,99,,,,,,,,,,,101,,32,6,,,,,,,,100,165,,,101,,,,,,,,,,,,4,,,,,,,,,,,,87,82,13,47,,,,98,154,109,,,307,,15,,,,,,,,,,269,129,162,,,125,,19,124,25,1,266,6,,,6,,29,159,19,,,,,,,,,,,,,,,,,,,,,,187,,,66,518,,181,242,,256,178,,,,20,,,,,,6,,,240,24,89,13,7,41,143,202,178,113,55,,248,32,,27,57,210,11,,8,10,9,11,5,8,14,,41,2,3,,183,,,,,,,,,,,,,,,,,,,,,,,,,,,,,,,,,,691,130,14,,,1,,39,270,,,,,,,29,,,51,,336,127,,,,,,334,358,,,,,31,,,,,
2026-09-19T14:30:01+00:00,16,266,,,366,,,2,65,190,,54,,43,165,,229,,,,,45,399,289,17,42,,9,,,,316,25,,8,130,,103,,,,,,34,,,,,,,,,275,,,,,20,,,,,2,,,70,224,14,,4,,,,249,,,,216,,,,,,,,,,53,1,180,148,94,132,174,,219,,,1,,,2,,96,9,15,,,167,737,2,156,146,120,48,232,151,104,,,,,25,,,,,,,,,,,,,,,,,,,,,,,,,,,,,,,,,,,,,,,,,,,,,180,409,,337,3,,,542,321,132,,56,,,,,,,,,,,,,28,,15,16,,46,,,,,,,,,,,,,,,,346,,,,98,,,,,,,,,71,,,,,20,,,,,55,,,,,,140,73,219,49,69,183,39,,400,15,,353,61,370,451,,346,367,,,163,258,27,,,,,,300,,100,,,,,,,,,,,99,,,4,,,,446,,,,103,168,,,100,,,,,,,,,,,,1,,,,,,,,,,,,,,12,45,1,147,79,100,156,113,,,,96,,135,,,,92,,,,,270,130,159,,47,126,,,127,26,,,,42,,,,,,,,,,,,,,,,,,,,,,,,,,,,,,,,,,,,,,,,,,,,,,,,,,,,,,,,,,,187,112,57,,260,33,36,25,61,207,13,,,8,18,,,5,19,,,0,5,,188,9,,,,,,,,,,,,,,,,,,,,,,,,,,,,,,,,,690,131,,,,2,1,40,273,,,,,,,28,,,67,,335,129,,,,,,,361,,,,,,15,,,,117
2026-09-19T14:35:01+00:00,18,264,,,369,,,,68,193,,64,,45,175,,233,,,,,50,400,291,25,46,,10,,,10,326,,,7,126,,108,,,88,118,,,,,,,,,,,274,,,,,,,,,183,,,,,223,12,,3,,,,252,,,22,215,296,68,123,162,170,89,,,,,,,,,,,,,,,,,,,,,,,,,,,,,,,,,,,,,,,,112,,515,67,144,380,38,45,286,,,,,,6,,,,,536,,,,,48,129,,,,,,,,,,,,,,,,,,,,414,510,335,8,,,538,320,134,,47,286,441,,73,104,61,147,,218,201,86,13,30,,16,15,,54,,,,,,,,,,,,,,,,342,,,31,95,,,,,,,,,,,,,,24,,,,,56,,,,,,144,78,220,51,72,187,59,,,19,3,356,62,366,450,,,369,139,,166,256,32,,1118,,,,298,,101,,,,,,,,,,,,,30,,,,,447,,,,106,166,,,105,,,,,,,,,,,,0,,,,,,,,,,,,85,84,,44,,,78,,164,117,,,306,93,,,,,,91,179,,,11,,131,157,,49,128,,17,125,28,5,267,3,41,331,5,,34,,20,,,,,,,,,,,,,,,,,,,,,,,,,65,513,,179,,,259,182,,,,24,,,,,,5,,,242,23,90,12,,43,149,193,188,124,55,2,259,35,40,,,,,,,,,,,,,,,,,,,,,,,,,,,,,,,,,,,,,,,,,,,,,,,,,,,,,128,15,,,-384,-322,36,270,-209,1,271,37,,,29,,-100,,,334,130,,,69,,,342,362,123,,,,27,19,,,,
2026-09-19T14:40:01+00:00,21,263,,,360,,,,62,195,,66,,46,173,,229,,,,,56,404,292,34,58,,,,,13,334,26,,12,127,,112,,,85,117,,30,,,,,,,,,,,46,,,21,,,,182,,,,69,222,13,,2,,,,248,,,26,216,297,67,125,165,171,93,,,,,,182,137,92,134,175,,218,,,7,195,407,,,97,14,19,1,165,,733,,,,,54,,150,106,720,,,193,23,113,,516,65,149,,37,40,288,,,,,,5,,,,,,,,,,45,130,,,,,,,,,,,,,,,,,,,177,413,512,331,12,,,536,,,,56,,,,,,,,,,,,,32,,18,15,,58,,,,,,,,,,,,,,,,347,,,36,,,,,,,,,,70,,,,,25,,,,,54,,,,,,142,83,223,52,77,188,,,399,17,4,366,71,369,447,,348,366,,,165,257,33,,,,,,297,,100,,,,,,,,,,,97,2,31,5,,,,449,,,,105,163,,,103,,,,,,,,,,,,,,,,,,,,,,,,82,85,10,42,,,,103,,129,,29,307,90,,133,,,,92,176,,1,13,269,135,155,,47,130,,,,,,,,,,,,,,,,,,,,,,,,,,,,,,,,,,,,204,,106,68,514,,178,238,,264,184,,,,21,,,,,,,,,248,26,85,9,9,50,158,199,187,144,59,0,254,37,,24,74,206,10,,9,3,14,10,6,0,23,,,,3,,194,,,,,,,,,,,,,,,,,,,,,,,,,,,,,,,,,,691,127,19,,,2,5,35,268,,,,,,,32,,,54,,338,128,,,,,,,,,,,,23,18,,,,
2026-09-19T14:45:02+00:00,26,265,,,357,,,1,61,196,,68,,55,182,,228,,,,,57,406,,29,56,,7,,,15,339,25,,,125,,116,,,84,,,28,,,,,,,,,,,47,,,20,,,,,1,,,68,,14,,1,105,,,,,,30,,,,,,,,,,,,1,174,121,96,133,180,1,208,209,,14,194,405,,119,,23,29,,,,708,1,136,145,,53,226,149,107,726,,,192,,,,,,,,,,,,,,,,,,,,,,,,,,,,,,,,,,,,,,,,,,,,,,182,411,511,333,13,,,535,321,144,,54,284,438,,67,105,60,146,,,196,76,17,,,23,15,2,51,,,,,,,,,,,,,,,,,,,35,96,,,,,,,,,69,,,,,,,,,,,,,,,,,84,,,81,191,60,,398,14,5,370,79,367,451,,,,,,170,260,30,,,,,,298,,,,,,,,,,,,,99,3,29,2,,,,450,,,,,166,,,111,,,,,,,,,,,,,,,,,,,,,,,,79,,13,40,,,77,,165,136,,,308,,,135,,,,,177,,,14,268,132,157,,50,,847,,122,27,4,261,8,,319,1,,35,161,24,,,,,,,,,,,,,,,,,,,,,,,,,,,,,,,,,,,,,,,,,,,,,,,,,,,,,184,142,66,,267,40,43,,,,,,,,,,,,,,,,,,,,,,,,,,,,,,,,,,,,,,,,,,,,,,,,,,,,689,,16,,,-384,12,36,269,,,,,,,33,,,,,337,,,,,,,339,361,,,,,16,20,,,-370,
2026-09-19T14:50:01+00:00,,,,,,,,6,60,191,,,,57,183,,224,,,,,58,,299,31,59,,8,,,14,342,,,14,129,,121,,,,,,24,,15,,,,,,,275,,49,,,,,,,,,,5,,,11,,0,,,,,,,,215,294,74,134,161,172,98,,,,,,,,,,,,,,,,,,,,,,,,,,,,,,,,,,,,,,,,112,,534,72,150,394,38,,291,,,,,,,,,,,539,,,,,44,137,,,,,,,,,,,,,,,,,,,184,413,510,328,18,,,,,151,,63,,,,,,,,,,,,,31,,,15,1,36,,,,,,,,,,,,,,,,344,,,34,97,,,,,,,,,,,,,,24,,,,,56,,,,,,143,87,224,53,89,194,69,,401,18,,377,81,368,454,,349,365,140,,171,262,,,,,,,,,99,,,,,,,,,,,103,2,31,4,,,,,,,,102,172,,,,,,,,,,,,,,,4,,,,,,,,,,,,76,86,14,,,,78,102,164,141,32,28,,93,,132,,,,93,,,0,,,137,,,49,131,848,14,,28,3,,11,,338,4,,36,160,25,,,,,,,,,,,,,,,,,,,,,,206,65,114,70,515,,177,239,,262,185,,,,20,,,,,,,,,251,23,84,,,57,160,200,185,153,65,1,278,41,53,23,76,205,9,,8,,17,12,,,,,40,,2,,196,,,,,,,,,,,,,,,,,,,,,,,,,,,,,,,,,,688,126,14,,,,10,35,,,,,,,,32,,,47,,334,,,,,,,340,365,,,,,17,22,,,,118
2026-09-19T14:55:02+00:00,32,261,47,111,360,,,8,64,192,,69,,59,189,,214,,,,,61,408,,32,62,,13,,,,347,,,,130,,124,,,85,116,,23,,13,,,,,,,,,50,,,21,,,,184,0,,0,67,,12,,1,,,,,1,,31,216,,,,,,,,,,54,,172,106,97,134,174,,196,,275,55,195,406,,118,98,27,41,,164,166,684,,,143,,,228,148,112,724,,,193,27,,,,,,,,,,,,,,,,,,,,,,,,,,,,,,,,,,,,,,,,,,,,,183,414,508,329,19,,,536,315,146,,65,285,436,,39,104,59,145,,217,192,99,19,34,,31,16,,42,,,,,,,,,,,,,,,,,,,35,94,,,,,,,,,67,,,,,22,,,,,55,,,,,,142,83,226,51,99,,88,,400,17,6,374,85,369,467,,351,356,138,,176,260,29,,,,,,301,,98,,,,,,,,,,,102,0,28,3,,,,448,,,,99,170,,,115,,,,,,,,,,,,0,,,,,,,,,,,,79,88,13,,0,148,79,104,163,139,,29,306,96,14,134,,,,,174,,2,13,271,140,163,,53,,849,10,,27,1,262,22,42,358,6,,38,161,18,,,,,,,,,,,,,,,,,,,,,,193,63,118,,522,,184,234,,269,187,,,,22,,,,,,,,,252,27,95,6,7,59,167,202,190,168,,2,292,47,51,,,,,,,,,,,,,,,,,,,,,,,,,,,,,,,,,,,,,,,,,,,,,,,,,,,,,127,18,,,2,8,34,279,,,,,,,29,,,50,,337,,,,,,,341,370,,,,,16,25,,,,121
2026-09-19T15:00:02+00:00,29,260,,110,365,,,4,66,194,,,,65,194,,212,,,,,64,406,,35,63,,17,,,15,360,,,,133,,127,,,84,,,20,,,,,,,,,277,32,51,,,19,,,,183,1,,,68,219,,,,,,,245,0,,35,215,301,77,144,162,174,102,,,,57,,169,104,94,136,167,,186,,273,51,197,408,,119,97,25,40,1,,,671,2,128,145,,54,231,147,116,730,,,,28,,6,539,,169,391,39,35,282,,,,,,6,,,,,538,,,,,43,134,,,,,,,,,,,,,,,,,,,187,413,511,336,14,,,534,,154,,68,,,,,,,,,,,,,31,,40,16,2,51,,,,,,,,,,,,,,,,342,,,33,,,,,,,,,,64,,,,,21,,,,,54,,,,,,,94,,,109,196,85,,,18,,,89,376,469,,353,360,,,180,262,26,,1116,,,,302,,101,,,,,,,,,,,101,,29,1,,,,449,,,,98,168,,,114,,,,,,,,,,,,,,,,,,,,,,,,78,,,44,1,,,105,,148,,27,308,98,,133,,,17,,171,,1,10,,142,160,,55,,,8,121,26,,,,,,,,,,,,,,,,,,,,,,,,,,,,,,,,,,,,,,,,,,,,,,,,,,,,,,,,,,,,,,,189,177,73,1,291,51,59,22,60,211,13,,,2,4,11,5,,27,,41,,14,,195,,,,,,,,,,,,,,,,,,,,,,,,,,,,,,,,,,689,130,21,,,1,10,36,284,,,,,,,30,,,53,,336,130,,,,,,345,,,,,,8,29,,,,
2026-09-19T15:05:01+00:00,33,258,,,371,,,3,,,,,,71,199,,210,,,,,63,414,297,30,74,,,,,14,374,,,12,136,,,,,86,115,,17,,15,,,,,,,278,,,,,20,,,,,,,,,218,10,,,,,,,,,,216,,,,,,,,,,,,,,,,,,,,,,,,,,,,,,,,,,,,,,,,,,,,,,,,,,,,,,,,,,,,,,,,,,,,,,,,,,,,,,,,,,,,,,,,,,185,,510,332,17,,,533,316,152,,62,,433,,29,,58,144,50,212,195,104,25,30,,42,16,4,50,,,,,,,,,,,,,,,,347,,,31,93,,,,,,,,,65,,,,,,,,,,53,,,,,,,109,228,52,111,201,99,,401,17,8,370,98,377,476,,,356,,,,261,28,,,,,,301,,,,,,,,,,,,,,,31,3,,,,450,,,,,166,,,115,,,,,,,,,,,,,,,,,,,,,,,,77,91,15,45,0,,78,,,151,,,,103,13,130,,,,,172,,,9,,,159,,52,132,850,11,122,27,0,,20,,372,16,,37,162,13,,,,,,,,,,,,,,,,,,,,,,,60,,,517,,185,232,,,190,,,,21,,,,,,,,,256,25,100,10,,61,173,205,192,180,81,0,293,,,19,54,213,14,,4,,3,12,3,,28,,,,20,,194,10,,,,,,,,,,,,,,,,,,,,,,,,,,,,,,,,,691,132,22,,,-384,8,37,288,,,,,,,34,,,62,,337,128,,,,,,351,373,,,6,,10,32,,,,122
2026-09-19T15:10:01+00:00,38,,45,,364,,,6,72,196,,,,73,,,,,,,,67,,299,,80,,,,,11,378,24,,,139,,,,,89,,,,,,,,,,,,,33,52,,,,,,,181,,,,,215,9,,,,,,,,,33,215,300,71,143,163,173,111,,,,,,,,,,,,,,,,,,,,,,,,,,,,,,,,,,,,,,,,113,8,557,78,168,390,37,37,285,,,,,,4,,,,,540,,,,,46,141,,,,,,,,,,,,,,,,,,,180,409,512,330,15,,,534,315,166,,61,,,,,,,,,,,,,31,,43,16,1,,,,,,,,,,,,,,,,,348,,,29,92,,,,,,,,,67,,,,,19,,,,,,,,,,,141,116,229,54,121,204,111,,398,18,7,375,111,375,475,328,352,354,,,185,265,24,,1112,,,,303,,100,,,,,,,,,,,,,38,4,,,,,,,,,161,,,110,,,,,,,,,,,,,,,,,,,,,,,,76,,14,47,2,,,108,169,155,30,26,,104,12,,,,,,170,,0,,270,140,158,,53,131,,,123,,1,265,29,44,397,22,,38,,1,,,,,,,,,,,,,,,,,,,,,,188,59,114,,524,,188,229,,266,197,,,,23,,,,,,,,,257,21,103,12,,65,176,208,194,194,86,,290,55,63,,,,,,,,,,,,,,,,,,,,,,,,,,,,,,,,,,,,,,,,,,,,,,,,,,,,,133,19,,,7,18,38,291,,,,,,,33,,,56,,335,130,,,,,,359,377,123,,-560,,8,33,,,,
2026-09-19T15:15:02+00:00,40,256,43,112,368,,,10,,198,,71,,89,208,,212,,,,,69,,,31,82,,11,,,12,386,,,11,137,,128,,,92,,,18,,16,,,,,,,,,49,,,22,,,,,,,,69,212,,,,,,,248,,,35,214,298,81,,164,171,112,,,,58,,170,110,97,137,179,,160,,272,57,196,406,,,98,29,39,,,164,645,,126,149,,59,236,151,120,741,,,,30,112,10,559,79,157,400,40,39,289,,,,,,3,,,,,,,,,,49,144,,,,,,,,,,,,,,,,,,,185,412,,332,20,,,,316,174,,64,284,427,,18,106,67,,51,206,194,111,33,28,,64,17,6,66,,,,,,,,,,,,,,,,358,,,28,,,,,,,,,,66,,,,,,,,,,54,,,,,,138,135,,55,125,205,126,,395,,4,377,124,374,480,,354,350,139,,189,273,26,,1132,,,,308,,101,,,,,,,,,,,98,,34,,,,,,,,,104,160,,,,,,,,,,,,,,,,,,,,,,,,,,,75,93,11,,5,,77,112,171,157,,,310,115,13,132,,,,,169,,1,8,,137,161,,57,130,,,124,29,2,269,,45,412,24,,36,,3,,,,,,,,,,,,,,,,,,,,,,193,58,,,523,,192,227,,265,196,,,,,,,,,,,,,259,22,110,9,,63,183,210,204,211,89,1,301,56,62,18,46,216,18,,10,,1,11,6,,22,,42,,30,,192,6,,,,,,,,,,,,,,,,,,,,,,,,,,,,,,,,,690,134,15,,,5,16,39,289,-209,-303,275,38,,,34,,-100,53,,336,131,,,,,,363,383,,,,,7,32,,,,
2026-09-19T15:20:02+00:00,45,253,42,,,,,,83,194,,69,,90,213,,214,,,,,63,415,,39,83,,9,,,14,389,,,14,,,133,,,93,114,,12,,17,,,,,,,276,,43,,,,,,,,,,,68,210,8,,2,,,,251,,,,211,,,,,,,,,,63,,173,112,92,,176,,144,,274,54,194,407,,118,97,39,41,,,165,605,3,,146,,58,,153,122,750,,,194,22,,,,,,,,,,,,,,,,,,,,,,,,,,,,,,,,,,,,,,,,,,,,,,,508,,18,,,,,179,,63,,,,,,,,,,,,,29,,65,17,1,72,,,,,,,,,,,,,,,,,,,,95,,,,,,,,,,,,,,,,,,,55,,,,,,137,143,228,58,124,,127,,397,20,5,382,134,371,479,,357,344,,,192,270,,,1211,,,,307,,102,,,,,,,,,,,97,,30,2,,,,,,,,99,158,,,111,,,,,,,,,,,,,,,,,,,,,,,,80,100,13,48,10,,78,117,177,158,28,24,312,124,,131,,,,92,,,4,,,136,157,,59,131,,10,125,30,,,,,,,,,,,,,,,,,,,,,,,,,,,,,,,,195,57,116,69,521,,203,,,261,205,,,,26,,,,,,,,,261,21,112,13,,68,195,214,212,230,97,0,306,55,65,15,38,211,24,,8,,2,,,,25,,43,,35,,194,0,,,,,,,,,,,,,,,,,,,,,,,,,,,,,,,,,,136,10,,,2,15,40,290,,,276,37,,,33,,,51,,337,133,,,,,,371,390,,,,,,34,,,,123
2026-09-19T15:25:02+00:00,46,245,,,364,,,1,87,195,,79,,92,208,,,,,,,,417,304,,87,,3,,,11,397,25,,,136,,137,,,97,113,,11,,19,,,,,,,274,,37,,,20,,,,,,,,,208,9,,3,106,,,,,,32,210,295,84,156,168,174,120,,,,62,,169,111,93,134,172,,142,,273,45,,,1,116,93,43,48,,,166,586,5,143,153,,57,231,,,754,,,196,21,111,6,572,82,171,405,,32,295,,,,,,4,,,,,539,,,,,56,143,,,,,,,,,,,,,,,,,,,188,414,,329,,,,533,,190,,69,,425,,7,,68,143,53,204,193,115,38,40,,64,17,0,89,,,,,,,,,,265,,,,,,366,,,29,94,,,,,,,,,67,,,,,21,,,,,,,,,,,,160,232,60,128,210,130,,399,18,6,380,144,,477,329,358,,,,193,275,32,,,,,,308,,,,,,,,,,,,,95,,31,0,,,,,,,,95,,,,112,,,,,,,,,,,,,,,,,,,,,,,,81,99,12,49,15,,,116,179,163,,20,313,127,14,134,,,,,,,,7,,,161,,57,,,,,29,,,,,,,,,,,,,,,,,,,,,,,,,,,,,,,,203,,113,70,520,,205,,,259,211,,,,,,,,,,,,,262,19,109,18,,,196,215,211,247,99,1,321,57,66,,,,,,,,,,,,,,,,,,,,,,,,,,,,,,,,,,,,,,,,,,,,,,,,,,,,691,134,,,,6,19,41,288,,,,,,,,,,64,,336,134,,,,,,,398,,,,,14,,,,,124
2026-09-19T15:30:01+00:00,45,242,,,366,2,,6,95,194,,85,,99,210,,212,,,,,68,,300,40,84,,0,,,14,406,24,,15,134,,139,,,98,114,,9,,18,,,,,,,,,33,,,23,,,,,,,,69,206,,,,,,,245,,,33,,,,,,,,,,,,,,,,,,,,,,,,,,,,,,,,,,,,,,,,,,,,,,,,,,,,,,,,,,,,,,,,,,,,,,,,,,,,,,,,,,,,,,,,,,,183,416,511,328,13,,,530,,191,,74,,,,,,,,,,,,,45,,63,17,2,101,,,,,,,,,,,,,,,,367,,,34,,,,,,,,,,70,,,,,24,,,,,54,,,,,,135,166,233,,132,,138,,400,,,,155,,473,330,359,,,,192,271,30,,1257,,,,310,,,,,,,,,,,,,89,,,1,,,,,,,,101,,,,,,,,,,,,,,,,,,,,,,,,,,,,86,101,11,,14,,,117,190,168,,,317,129,,135,,,,93,166,,3,,269,,157,,59,130,,9,126,31,0,268,30,,435,36,,41,170,1,,,,,,,,,,,,,,,,,,,,,,,,,,,,,,,,,,,,,,,,,,,,,,,,,,,,,218,260,103,0,,59,71,13,26,207,29,5,12,,0,12,7,,19,,,,47,,197,,,,,,,,,,,,,,,,,,,,,,,,,,,,,,,,,,,133,5,,,10,25,43,294,,,,,,,31,,,65,,,133,,,,,,372,394,,,,,22,36,,,,
2026-09-19T15:35:01+00:00,106,240,41,,367,3,,7,103,203,,87,,103,216,,210,,,,,69,418,301,41,86,,,,,11,419,23,,17,,,142,,,100,116,,3,,,,,,,,,273,,31,,,22,2,,,,0,,7,,202,,2,4,107,,,243,,,36,209,294,99,165,167,,129,,,,61,,171,102,89,132,183,,125,,275,40,197,,,115,92,44,49,,163,167,552,4,,159,,,232,155,123,755,,,,18,109,1,585,81,170,408,41,35,302,,,,,,5,,,,,538,,,,,58,147,,,,,,,,,,,,,,,,,,,185,,,,,,,539,,192,,82,285,424,,9,105,,140,,201,185,124,33,49,,62,17,7,105,,,,,,,,,,,,,,,,369,,,,92,,,,,,,,,69,,,,,26,,,,,52,,,,,,136,178,232,64,138,,146,,401,14,,382,,369,478,,361,342,140,,191,268,31,,1288,,,,311,,98,,,,,,,,,,,87,,28,2,,,,449,,,,99,167,,,107,,,,,,,,,,,,,,,,,,,,,,,,85,102,14,50,11,,,116,184,167,,,,133,,139,,,16,,,1,11,,270,,158,,63,,,8,130,32,,266,24,48,456,31,,,172,0,,,,,,,,,,,,,,,,,,,,,,195,,,,521,,210,225,,256,222,,,,25,,,,,,4,,,260,18,116,16,,69,199,218,227,284,104,2,310,,76,12,24,212,33,,13,,1,11,,,22,,45,,55,,,4,,,,,,,,,,,,,,,,,,,,,,,,,,,,,,,,,,,4,,,7,27,45,,,,,,,,26,,,67,,339,135,,,,,,374,396,,,,,,38,,,,125
2026-09-19T15:40:01+00:00,,238,,,369,4,,4,102,208,,93,,99,,,,,,,,,,,45,85,,4,,,,434,24,,13,,,146,,,101,120,,2,,16,,,,,,,272,,29,,,,,,,,,,8,68,198,,,8,,,,247,,,,207,,,,,,,,,,64,,178,97,82,130,196,,98,208,,51,199,,2,114,90,50,61,,165,165,510,2,158,150,119,54,,156,133,761,,,198,20,,,,,,,,,,,,,,,,,,,,,,,,,,,,,,,,,,,,,,,,,,,,,178,418,512,,15,,,541,312,201,,81,,,,,,,,,,,,,53,,59,17,0,106,,,,,,,,,,,,,,,,370,,,,95,,,,,,,,,71,,,,,24,,,,,51,,,,,,135,183,236,62,142,211,147,,400,,5,389,,,482,,362,331,,,195,274,30,,,,,,309,,99,,,,,,,,,,,83,,31,,,,,450,,,,92,166,,,102,,,,,,,,,,,,,,,,,,,,,,,,79,100,,48,13,,,118,187,159,,19,316,128,,136,,,,,165,0,10,8,271,137,161,,69,131,851,,131,,,,,,,,,,,,,,,,,,,,,,,,,,,,,,,,,203,56,111,,520,,213,222,,255,232,,,,26,,,,,,,,,,16,119,15,,74,201,221,229,297,107,4,324,58,81,,,,,,,,,,,,,,,,,,,,,,,,,,,,,,,,,,,,,,,,,,,,,,,,,,,,690,,2,,,8,24,48,296,,,,,,,24,,,59,,341,140,,,,,,,399,,,,,26,,,,,
2026-09-19T15:45:02+00:00,112,231,39,,373,2,,7,111,210,,97,,,,,,,,,,,,,44,100,,,,,,443,,,12,132,,153,,,104,,,1,,,,,,,,,271,,26,,,25,,,,,1,,6,70,194,8,1,,,,,,,,29,208,293,101,177,171,176,133,,197,,68,,179,93,,131,202,,85,,,64,,,3,115,88,57,63,1,,,495,3,,149,,50,233,,131,768,,,,21,110,,593,85,168,410,,40,308,,,,,,3,,,,,534,,,,,67,144,,,,,,,,,,,,,,,,,,,177,416,,324,12,,,538,313,214,,86,286,423,,1,,67,,52,198,184,126,24,58,,66,17,,118,,,,,,,,,,,,,,,,380,,,35,94,,,,,,,,,75,,,,,26,,,,,,,,,,,133,185,237,65,147,,153,,,17,,392,166,370,487,332,363,329,141,,198,278,35,,,,,,312,,97,,,,,,,,,,,81,,28,4,,,,,,,,96,165,,,92,,,,,,,,,,,,,,,,,,,,,,,,85,,15,,12,,,121,188,165,27,,,129,15,,,,,92,166,1,5,9,270,138,,,67,,,9,132,30,,269,18,50,474,32,,39,173,,,,,,,,,,,,,,,,,,,,,,,206,,112,68,516,,221,,,256,241,,,,29,,,,,,7,,,256,,,20,,75,199,222,245,318,112,5,331,59,87,16,14,222,45,3,16,3,0,,11,,24,,44,,58,,,0,,,,,,,,,,,,,,,,,,,,,,,,,,,,,,,,,,,,,48,5,28,49,308,,,,,,,25,,,51,,336,,,,,,,376,,,,4,,36,37,,,,122
2026-09-19T15:50:01+00:00,113,229,36,,376,8,,9,117,213,,103,,101,209,,206,,,,,81,424,309,36,103,,5,,,13,442,,,11,137,,157,,,105,118,,0,,18,,,1215,,,,272,32,25,,,26,,,,,,,10,,188,,2,7,,,,246,,,27,207,288,115,189,167,173,141,,196,,69,1,175,96,83,,208,,73,,276,78,198,405,,114,86,63,65,,,,463,,167,143,,55,231,155,133,778,,,202,15,,2,607,86,172,405,43,,314,,,,,,10,,,,,535,,,,,71,142,,,,,,,,,,,,,,,,,,,166,414,513,319,,,,542,311,212,,104,,,,,,,,,,,,,55,,64,15,,116,,,,,,,,,,264,,,,,,379,,,37,,,,,,,,,,74,,,,,27,,,,,,,,,,,,186,238,64,148,,160,,397,14,,397,175,368,485,333,361,309,,,199,275,33,,1291,,,,313,,96,,,,,,,,,,,,,33,,,,,449,,,,95,160,,,83,,,,,,,,,,,,,,,,,,,,,,,,82,99,17,42,15,,77,135,202,,,15,315,,,,,,,,165,5,4,8,,134,160,,73,132,850,8,131,31,,270,12,,498,28,,,174,,,,,,,,,,,,,,,,,,,,,,,210,58,105,,521,,225,227,,,259,,,,30,,,,,,11,,,,17,122,23,11,69,200,233,246,333,,8,333,63,88,,7,223,49,,15,5,5,10,6,,19,,,3,69,,198,,,,,,,,,,,,,,,,,,,,,,,,,,,,,,,,,,,131,3,,47,7,42,51,314,,,,,,,23,,,47,,340,139,,,,,,377,,,,3,,37,35,,,-370,
2026-09-19T15:55:01+00:00,115,,35,,380,9,,7,123,215,,102,,103,207,,200,,,,,83,,311,33,101,,,,,12,449,,,10,140,,160,,,106,,,,,17,,,,,,,,31,,,,,,,,,0,,5,71,183,7,0,,,,,,,,29,204,,,,,,,,,,85,,,94,77,130,207,,65,,,83,,406,,113,,73,,,,,445,2,,142,118,52,225,,,781,,,217,12,,,,,,,,,,,,,,,,,,,,,,,,,,,,,,,,,,,,,,,,,,,,,159,419,511,,,,,541,313,215,,111,287,416,,,,69,133,,199,181,121,22,59,,63,15,,115,,,,,,,,,,,,,,,,383,,,32,95,,,,,,,,,72,,,,,29,,,,,,,,,,,131,187,,66,156,221,172,,394,16,3,403,179,370,483,,,301,142,,,280,35,,,,,,309,,94,,,,,,,,,,,71,,32,2,,,,450,,,,92,154,,,,,,,,,,,,,,,,,,,,,,,,,,,87,105,15,43,16,,79,136,216,162,,16,317,131,,140,,,17,,,14,7,11,269,136,,,74,,,9,130,32,,,,52,,,,,,,,,,,,,,,,,,,,,,,,,,,,220,56,100,,518,,228,232,,252,285,,,,35,,,,,,15,,,261,12,128,31,9,,198,237,251,353,114,5,344,61,89,,,,,,,,,,,,,,,,,,,,,,,,,,,,,,,,,,,,,,,,,,,,,,,,,,,,689,134,4,,,10,48,,310,,,,,,,22,,,54,1,344,,,,,,,383,397,,,12,,45,36,,,,121
2026-09-19T16:00:01+00:00,120,224,31,,378,5,,12,,214,,107,,105,,,,,,,,,,,38,105,,8,,,13,475,,,13,,,166,,,104,120,,,,,,,,,,,271,,24,,,23,3,,,,1,,0,,174,6,,6,108,,,,,,34,200,,127,199,159,174,144,,193,,,,,,,,,,,,,,,,,,,,,,,,,,,,,,,,,,,,,,,,,,,,,,,,,,,,15,,,,,,,,,,75,149,,,,,,,,,,,,,,,,,,,,,513,312,16,,,533,315,214,,113,,,,,,,,,,,,,65,,64,16,,119,,,,,,,,,,,,,,,,390,,,31,,,,,,,,,,71,,,,,31,,,,,,,,,,,130,193,239,,161,223,178,,393,,2,406,187,374,,337,,289,,,,267,32,,1288,,,,310,,95,,,,,,,,,,,66,,,1,,,,448,,,,91,148,,,74,,,,,,,,,,,,,,,,,,,,,,,,83,106,,45,22,,78,141,218,161,26,,,129,,142,,,,91,,9,12,10,271,139,164,,73,,,10,,34,,269,16,53,519,35,,37,,,,,,,,,,,,,,,,,,,,,,,,,,,,,,,,,,,,,,,,,,,,,,,,,,,,,,,256,361,116,,349,65,,17,2,230,51,0,21,2,2,,9,,24,,,2,88,,197,,,,,,,,,,,,,,,,,,,,,,,,,,,,,,,,,,684,132,,,,14,56,52,312,,,,,,,20,,,51,7,351,137,,,,,,384,400,,,19,,44,37,,,,120
2026-09-19T16:05:01+00:00,123,,30,113,,1,,17,129,217,,105,,111,210,,198,,,,,86,421,318,37,111,,9,,,12,499,23,,10,141,,171,,,105,121,,,,16,,,,,,,272,33,22,,,19,2,,,,0,,,,165,,,8,107,,,,,,,197,,,,,,,,,,,,,,,,,,,,,,,,,,,,,,,,,,,,,,,,,,,,,,,,,,,,,,,,,,,,,,,,,,,,,,,,,,,,,,,,,,,,,,,,,,,,,,,,,,,,,,,,,,,,,,,,,,,,,,,,,,,,,,,,,,,,,,,,,,,,,,,,,,,,,,,,,,,,,,,,,,,,,,,,,,,,,,,405,185,375,482,338,364,284,,,,271,33,,1284,,,,,,,,,,,,,,,,,,,,,,,,,,,,,,,,,,,,,,,,,,,,,,,,,,,,,,,,,,,,,,,,,,,,,,,,,,,,,,,,,,,,,,,,,,,,,,,,,,,,,,,,,,,,,,,,,,,,,,,,,238,57,107,69,519,,240,234,,250,307,,,,40,,,,,,12,,,,8,136,38,,63,,241,,,,,,,,,,,,,,,,,,,,,,,,,,,,,,,,,,,,,,,,,,,,,,,,,,,,,,,,,,,,133,,,,,60,53,317,,,,,,,25,,,49,9,353,136,,,,,,387,404,,,24,,52,69,,,,
2026-09-19T16:05:02+00:00,,,,,,,,,,,,,,,,,,,,,,,,,,,,,,,,,,,,,,,,,,,,,,,,,,,,,,,,,,,,,,,,,,,,,,,,,,,,,,,,,,,,,,,,116,,174,90,,131,208,,51,209,,89,,,,115,85,77,64,,,,417,1,178,138,,49,,157,136,787,,5,231,10,,,,,,,,,,,,,,,,,,,,,,,,,,,,,,,,,,,,,,,,,,,,,151,414,,313,20,,,527,,219,,115,,403,,,107,,130,,196,185,109,14,67,,75,16,,134,,,,,,,,,,,,,,,,388,,,30,,,,,,,,,,72,,,,,33,,,,,,,,,,,129,190,248,65,166,224,195,,389,18,0,,,,,,,,,,,,,,,,,,307,,89,,,,,,,,,,,56,,30,0,,,,450,,,,90,144,,,75,,,,,,,,,,,,,,,,,,,,,,,,88,107,17,49,25,,76,143,224,163,24,15,,,,139,,,,90,163,3,13,13,,135,166,,75,,851,,129,,,271,14,54,536,24,,26,177,,,,,,,,,,,,,,,,,,,,,,,,,,,,,,,,,,,,,,,,,,,,,,,,,,,,,,263,376,118,3,353,68,94,13,1,235,53,3,22,,,9,7,,,,,8,94,,198,,,,,,,,,,,,,,,,,,,,,,,,,,,,,,,,,,,,,,,,,,,,,,,,,,,,,,,,,,,,,,,,,,,,,,,,
2026-09-19T16:10:01+00:00,122,225,,,379,3,,21,132,220,,107,,124,,,,,,,,,,,47,110,,,,,16,510,,,9,144,,174,,,103,,,,,18,,,,,,,274,,21,,,17,,,,,,,,70,157,,,9,,,,,,,40,195,287,,212,,172,151,,191,,122,1,177,85,75,,,,38,210,274,85,199,,1,,84,75,65,1,,164,397,2,,139,117,46,227,156,139,793,,,255,8,108,20,621,93,177,421,42,37,327,,,,,,16,,,,,534,,,,,85,151,,,,,,,,,,,,,,,,,,,149,415,514,310,22,,,523,317,226,,123,,,,,,,,,,,,,68,,82,16,,140,,,,,,,,,,,,,,,,382,,,27,92,,,,,,,,,71,,,,,32,,,,,53,,,,,,,189,,67,170,226,200,,382,19,,413,196,374,490,,,280,,,204,274,37,,1279,,,,311,,,,,,,,,,,,,52,,31,,,,,449,,,,89,143,,,73,,,,,,,,,,,,,,,,,,,,,,,,87,,16,50,,,77,142,,162,22,,316,,,137,,,,,,4,19,14,272,138,163,,76,,,,,35,,273,6,56,543,21,,23,179,,,,,,,,,,,,,,,,,,,,,,,,,,,,,,,,,,,,,,,,,,,,,,,,,,,,,,269,390,116,11,363,69,96,,,,,,,,,,,,,,,,,,,,,,,,,,,,,,,,,,,,,,,,,,,,,,,,,,,,685,,7,,,15,65,56,319,,,,,,,24,,,50,11,355,129,,,,,,388,408,,,26,,58,,,,,121
2026-09-19T16:15:02+00:00,121,226,28,114,386,6,,,136,228,,,,138,,,,,,,,,,,48,114,,13,,,13,527,,,8,146,,180,,,102,122,,,,,,,,,,,,31,,,,16,,,,180,,,,,147,5,,10,,,,,,,38,194,,,,,,,,,,136,,188,92,64,132,221,,9,211,,106,197,,,114,82,73,71,3,166,165,351,3,197,137,,43,225,159,146,797,,,313,6,,,,,,,,,,,,,,,,,,,,,,,,,,,,,,,,,,,,,,,,,,,,,145,,512,309,21,,,520,316,229,,128,286,394,,,,75,124,51,188,177,93,9,72,,78,16,1,146,,,,,,,,,,,,,,,,388,,,24,,,,,,,,,,72,,,,,35,,,,,51,,,,,,128,214,247,73,181,229,212,,379,17,,416,199,371,489,,366,279,,,205,,33,,1273,,,,312,,86,,,,,,,,,,,,,32,1,,,,,,,,92,131,,,,,,,,,,,,,,,,,,,,,,,,,,,84,110,15,48,31,,76,151,236,158,21,,317,130,,138,,,,89,160,5,22,15,,142,168,,,,850,12,128,36,,270,0,55,568,24,,10,,,,,,,,,,,,,,,,,,,,,,,,244,58,,67,526,,242,235,,246,315,,,,,,,,,,14,,,262,,140,40,,,205,246,273,398,115,10,381,73,94,,,,,,,,,,,,,,,,,,,,,,,,,,,,,,,,,,,,,,,,,,,,,,,,,,,,684,,,,,19,68,,318,,,,,,,21,,,55,19,358,126,,,,,,,402,,,32,,59,67,,,,
2026-09-19T16:20:01+00:00,123,,27,,389,8,,28,139,224,,119,,148,,,,,,,,,,,52,120,,15,,,,534,,,,145,,187,,,101,120,,,,19,,,,,,,271,34,22,,,14,,,,,,,,71,133,7,,8,,,,243,,,36,191,284,135,219,161,,155,,,,127,5,180,97,60,134,227,1,,,,,198,408,1,117,,,,,,166,322,,,134,,41,232,160,140,805,,,352,7,109,31,634,100,178,426,44,36,334,,,,,,19,,,,,,,,,,82,,,,,,,,,,,,,,,,,,,,137,414,511,305,19,,,515,315,246,,124,,,,,,,,,,,,,73,,77,16,8,157,,,,,,,,,,,,,,,,384,,,,89,,,,,,,,,75,,,,,,,,,,,,,,,,,232,248,75,185,231,217,,,16,,421,206,375,492,339,363,274,,,,276,39,,,,,,314,,85,,,,,,,,,,,51,,30,,,,,450,,,,87,123,,,71,,,,,,,,,,,,,,,,,,,,,,,,82,109,13,49,33,,75,155,241,,,14,316,129,16,139,,,,,159,11,24,16,,141,165,,75,131,849,13,132,38,,269,4,,576,32,,9,180,,,,,,,,,,,,,,,,,,,,,,,255,60,111,,527,,244,237,58,248,322,,,,47,,,,,,13,,,261,,148,45,,71,206,251,280,406,124,11,378,75,97,15,,249,55,0,26,3,0,11,10,,23,,,13,118,,199,,,,,,,,,,,,,,,,,,,,,,,,,,,,,,,,,,,,6,,,20,74,59,330,,,,,,,22,,,54,26,,125,,,,,,393,409,,,35,,,69,,,,120
2026-09-19T16:25:02+00:00,,229,26,,400,,,23,140,226,,126,,149,205,,193,,,,,95,426,328,63,123,,11,,,14,543,,,6,148,,184,,,,136,,,,,,,,,,,273,35,23,,,,,,,,,,,73,112,8,,9,,,,242,,,35,183,,,,,,,,,,115,2,187,103,,136,237,,,210,275,117,199,407,,,81,78,69,3,,167,302,,,125,,42,228,,138,808,,,371,6,,,,,,,,,,,,,,,,,,,,,,,,,,,,,,,,,,,,,,,,,,,,,128,416,512,293,18,,,522,,254,,132,291,377,,,108,79,120,52,186,173,71,16,,,80,15,9,170,,,,,,,,,,,,,,,,390,,,23,90,,,,,,,,,71,,,,,,,,,,50,,,,,,,253,250,76,188,235,221,,378,,-2,426,213,376,499,,364,261,,,207,283,38,,1264,,,,,,83,,,,,,,,,,,49,,,,,,,447,,,,94,121,,,,,,,,,,,,,,,,,,,,,,,,,,,85,110,12,50,34,149,,,242,168,,12,,,17,,,,,,157,21,33,15,,144,166,,76,132,,11,134,39,,271,3,,579,28,,4,,,,,,,,,,,,,,,,,,,,,,,,,59,,,525,,247,,69,245,326,,,,,,,,,,,,,,,152,,,,,253,285,415,126,,394,79,99,,2,250,57,,24,2,1,10,,,22,,45,14,,,198,,,,,,,,,,,,,,,,,,,,,,,,,,,,,,,,,,685,132,9,,,24,75,60,327,,,,,,,,,,42,30,363,128,,,,,,399,408,,,41,,71,71,,,,
2026-09-19T16:30:02+00:00,124,225,22,,404,5,,22,144,230,,,,152,213,,190,,,,,101,427,331,62,139,,12,,,16,557,22,,5,147,,187,,,102,138,,,,18,,,,,,,274,36,30,,,13,,,,,,,,,91,7,,,,,,241,,,36,182,283,140,223,156,173,161,,190,,,,,,,,,,,,,,,,,,,,,,,,,,,,,,,,,,,,,,110,22,640,108,,428,46,35,336,,,,,,21,,,,,531,,,,,79,147,,,,,,,,,,,,,,,,,,,,413,,289,,,,515,311,264,,136,,,,,,,,,,,,,76,,79,16,10,191,,,,,,,,,,,,,,,,,,,25,87,,,,,,,,,67,,,,,37,,,,,51,,,,,,129,266,251,77,185,,226,,376,19,-3,431,210,379,495,,366,251,,,208,284,35,,1247,,,,316,,77,,,,,,,,,,,50,,,4,,,,449,,,,,123,,,70,,,,,,,,,,,,,,,,,,,,,,,,,111,13,46,37,,74,154,248,159,20,4,319,128,,140,,,,,153,27,38,16,,148,165,,78,133,851,10,135,40,7,269,5,56,591,19,,1,,1,,,,,,,,,,,,,,,,,,,,,,254,,112,,,,,,,,,,,,51,,,,,,,,,264,,,49,,74,211,,289,431,130,14,401,84,104,,,,,,,,,,,,,,,,,,,,,,,,,,,,,,,,,,,,,,,,,,,,,,,,,,,,684,,10,,,28,84,59,332,,,,,,,25,,,37,36,366,130,,,,,,402,414,,,57,,73,72,,,,
2026-09-19T16:35:01+00:00,123,218,21,,406,7,,24,147,238,,129,,159,216,,183,,,,,107,432,330,68,144,,15,,,20,565,,,6,148,,,,,106,139,,,,,,,,,,,282,,41,,,12,,,,,,,,,72,6,,,,,,242,,,35,175,,,,,,,,,,92,1,188,,56,135,245,,,213,276,129,200,406,7,118,80,87,76,,165,169,276,,203,118,,46,237,156,122,818,,,401,3,,,,,,,,,,,,,,,,,,,,,,,,,,,,,,,,,,,,,,,,,,,,,,,,284,,,,508,313,273,,152,290,370,,3,110,85,112,,183,163,57,17,78,,,16,5,216,,,,,,,,,,,,,,,,388,,,,90,,,,,,,,,68,,,,,40,,,,,,,,,,,,282,255,80,194,238,235,,374,,-4,427,213,383,506,340,,247,,,,290,34,,,,,,315,,76,,,,,,,,,,,46,,32,,,,,,,,,,113,,,66,,,,,,,,,,,,,,,,,,,,,,,,79,110,14,49,42,150,,,254,,,1,321,124,,143,,,15,,149,31,42,18,,152,,,76,135,,,136,37,,,,,,,,,,,,,,,,,,,,,,,,,,,,,,,,263,55,114,68,531,,256,241,82,240,328,,,,54,,,,,,10,,,,,169,54,,,210,255,291,442,,8,,,107,,1,245,60,,32,3,3,22,26,,18,,46,15,122,,197,5,,,,,,,,,,,,,,,,,,,,,,,,,,,,,,,,,681,133,,,,29,89,60,336,,,,,,,22,,,,43,364,129,,,,,,410,415,,,65,,,77,,,,
2026-09-19T16:40:01+00:00,125,,,115,413,8,,26,143,,,125,,166,221,,176,,,,,111,435,332,72,154,,16,,,24,577,,,4,146,,189,,,,138,,,,,,,,,,,292,,47,,,10,,,,,,,,72,42,7,,,106,,,241,,,,169,277,151,226,146,174,160,,189,,,,,,,,,,,,,,,,,,,,,,,,,,,,,,,,,,,,,,,32,659,109,186,433,,27,341,,,,,,25,,,,,529,,,,,76,143,,,,,,,,,,,,,,,,,,,125,415,514,280,19,,,498,,276,,151,,,,,,,,,,,,,85,,,15,2,217,,,,,,,,,,,,,,,,391,,,,,,,,,,,,,65,,,,,,,,,,,,,,,,128,300,256,86,199,239,239,,364,15,-3,426,219,384,507,,364,238,,,211,,37,,1227,,,,,,73,,,,,,,,,,,,,33,3,,,,448,,,,89,100,,,63,,,,,,,,,,,,,,,,,,,,,,,,69,111,13,47,46,,,157,,157,,0,,126,,141,,,,88,140,37,45,,271,155,166,,79,134,,,,36,10,268,12,55,594,20,,,181,0,,,,,,,,,,,,,,,,,,,,,,,,,,,,,,,,,,,,,,,,,,,,,,,,,,,,,292,454,139,15,409,85,109,,0,,62,,35,2,0,18,24,,11,,52,14,130,,196,4,,,,,,,,,,,,,,,,,,,,,,,,,,,,,,,,,679,134,13,,,33,95,,332,,,,,,,25,,,45,48,370,128,,,,,,411,,,,78,,81,79,,,,
2026-09-19T16:45:02+00:00,127,217,20,116,420,12,,,144,,,131,247,167,,,,,,,,,,,73,168,,19,,,27,594,21,,0,147,,192,,,108,140,,,,,,,,,,,300,38,50,,,7,,,,,,,,,20,9,2,8,,,,,,,40,164,,,,,,,,,,104,,,106,52,134,249,,,,275,132,,409,,119,78,82,86,,166,,234,,217,120,,49,243,,120,820,,,416,,,,,,,,,,,,,,,,,,,,,,,,,,,,,,,,,,,,,,,,,,,,,,122,413,515,277,20,,,496,314,284,,167,289,361,,,,90,107,53,186,,51,12,88,,,15,5,226,,,,,,,,,,,,,,,,399,,,,89,,,,,,,,,63,,,,,,,,,,,,,,,,126,306,258,85,201,241,243,,362,21,-4,429,223,386,512,,360,225,,,212,294,34,,1224,,,,,,,,,,,,,,,,,47,,32,2,,,,,,,,94,88,,,60,,,,,,,,,,,,,,,,,,,,,,,,63,110,,49,49,,,164,256,160,,,,124,,140,,,,89,135,43,53,20,,157,,,80,,852,11,,34,11,,26,54,592,12,,3,183,,,,,,,,,,,,,,,,,,,,,,,265,56,111,70,537,,264,242,93,244,333,,,,58,,,,,,3,,,265,,174,59,,,212,,,455,144,,414,,,,,,,,,,,,,,,,,,,,,,,,,,,,,,,,,,,,,,,,,,,,,,,,,,,,,,,136,,,,29,104,61,337,,,,,,,22,,,52,58,374,131,,,,,,414,420,,,82,,89,80,,,,119
2026-09-19T16:50:02+00:00,,218,,,421,,,36,148,239,,136,,172,,,,,,,,,,,78,182,,17,,,25,596,20,,,,,194,,,107,139,,,,,,,,,4,,306,37,53,,,6,1,,,181,,,,73,1,10,1,,105,,,240,,,,154,271,157,233,140,171,161,,,,119,,184,114,27,,253,,,,,143,202,411,1,120,74,74,85,1,165,167,169,,235,,116,56,246,154,111,824,,,428,2,112,40,667,118,197,440,45,31,342,,,,,,26,,,,,525,,,,,80,134,,,,,,,,,,,,,,,,,,,118,416,,,23,,,483,318,292,,177,,,,,,,,,,,,,93,,72,15,4,246,,,,,,,,,,,,,,,,402,,,27,88,,,,,,,,,64,,,,,41,,,,,,,,,,,124,305,,86,202,242,248,,357,20,,432,225,,509,339,362,217,141,,214,297,37,,,,,,314,,67,,,,,,,,,,,44,,31,,,,,450,,,,96,78,,,62,,,,,,,,,,,,,,,,,,,,,,,,60,,9,45,52,,,163,252,158,19,,324,122,16,,,,,87,131,49,64,,,158,168,,83,135,853,13,137,,,,,,,,,,,,,,,,,,,,,,,,,,,,,,,,,264,57,,,539,,261,241,109,238,337,,,,,,,,,,,,,267,,176,65,,80,218,260,298,466,145,,439,84,105,13,,247,64,,41,,1,20,20,1,3,,50,,139,,201,,,,,,,,,,,,,,,,,,,,,,,,,,,,,,,,,,,137,14,,,36,106,64,328,,,,,,,19,,,58,59,,132,,,,,,416,418,,,90,,98,85,,,,117
2026-09-19T16:55:01+00:00,,217,,,418,13,,38,147,245,,129,,173,235,,169,,,,,119,440,342,80,186,,18,,,,606,,,,148,,200,,,105,138,,,,17,,,,,10,,317,,58,,,2,2,,,,,,5,74,0,9,0,,,,,,,,47,142,,,,,,,,,,127,,186,110,21,125,270,,,,274,181,201,,,121,70,75,90,5,,166,150,,232,115,,64,244,,116,832,,,432,1,,,,,,,,,,,,,,,,,,,,,,,,,,,,,,,,,,,,,,,,,,,,,113,412,516,268,,,,470,323,294,,188,291,358,,5,,97,105,,187,154,34,8,,,67,16,8,250,,,,,,,,,,,,,,,,412,,,28,85,,,,,,,,,67,,,,,40,,,,,52,,,,,,,311,257,,204,,260,,349,16,-3,434,,388,511,,360,216,,,215,299,39,,1201,,,,312,,62,,,,,,,,,,,41,,29,3,,,,,,,,,75,,,61,,,,,,,,,,,,,,,,,,,,,,,,51,111,8,47,53,,76,169,246,162,18,,,120,14,139,,,,,130,58,66,21,269,160,166,,87,136,,,,,8,267,12,55,612,9,,,,,,,,,,,,,,,,,,,,,,,,,,268,58,107,69,541,,262,242,119,236,339,,,,59,,,,,,,,,263,,181,70,,77,222,264,299,475,148,20,450,83,93,,8,246,,4,44,,6,,26,,0,,43,21,142,,,,,,,,,,,,,,,,,,,,,,,,,,,,,,,,,,,,,,8,,,39,112,67,326,,,,,,,13,,,57,63,379,134,,,,,,,415,,,93,,104,88,,,,115
2026-09-19T17:00:02+00:00,130,,,,416,9,,42,154,251,,125,,183,,,,,,,,,,,86,189,,19,,,27,619,,,,149,,202,,,104,,,,,18,,,1218,,20,,323,,60,,,1,4,,,,,,8,75,,10,,,,,,,,,48,127,264,166,239,128,169,164,,,,137,1,189,105,9,122,276,,,,273,196,202,413,,,67,76,89,,,167,106,,,112,,63,250,156,142,831,,,436,,111,61,673,123,,438,,32,,,,,,,24,,,,,526,,,,,76,137,,,,,,,,,,,,,,,,,,,112,,517,264,25,,,451,328,297,,189,,,,,,,,,,,,,91,,71,16,7,272,,,,,,,,,,,,,,,,413,,,27,86,,,,,,,,,70,,,,,42,,,,,51,,,,,,126,306,,,205,243,274,,334,20,-4,433,230,,516,,361,190,139,,217,302,50,,1187,,,,314,,52,,,,,,,,,,,44,,30,,,,,,,,,93,68,,,63,,,,,,,,,,,,,,,,,,,,,,,,49,112,7,,56,,,168,242,158,17,,325,117,,141,,,,88,128,67,0,,,161,167,,90,,,,,,0,265,5,56,630,4,,,,,,,,,,,,,,,,,,,,,,,,,,275,,105,68,539,,263,246,132,234,340,,,,58,,,,,,,,,259,,184,78,,74,225,267,302,493,149,22,464,82,78,,,,,,,,,,,,,,,,,,,,,,,,,,,,,,,,,,,,,,,,,,,,,,,,,,,,678,,10,,,35,118,70,329,,,,,,,,,,,,382,132,,,,,,419,414,,,115,,110,87,,,,113
2026-09-19T17:05:02+00:00,131,216,18,,423,10,,46,157,252,,123,248,187,241,,,,,,,123,442,344,89,193,,,,,29,620,,,,152,,201,,,,137,,,,,,,1216,,26,,327,,61,,,0,,,,,,,5,,,11,1,,,,,238,,,47,112,,,,,,,,,,138,,194,101,10,124,285,,,214,272,205,,415,,,,80,79,,,,96,,264,,,,253,,139,833,,,440,1,,,,,,,,,,,,,,,26,,,,,525,,,,,77,140,,,,,,,,,,,,,,,,,,,111,,515,262,24,,,440,331,302,,199,,352,,,,101,100,52,183,139,69,19,93,,68,16,9,295,,,,,,,,,,,,,,,,414,,,25,88,,,,,,,,,,,,,,41,,,,,52,,,,,,125,316,258,85,206,244,286,,331,18,-3,435,,387,,,357,178,140,,218,309,47,,,,,,317,,42,,,,,,,,,,,45,,,2,,,,448,,,,92,51,,,62,,,,,,,,,,,,,,,,,,,,,,,,42,114,4,52,55,,,,243,150,,,320,110,13,144,14,,,86,131,75,,19,,162,163,,94,,852,12,138,33,,,,,,,,,,,,,,,,,,,,,,,,,,,,,,,,287,54,96,69,543,,271,242,163,224,341,,,,61,,,,,,,,,258,,,92,,63,239,,306,501,150,17,474,83,65,18,0,258,65,12,49,3,9,27,16,0,16,,42,15,146,,203,6,,,,,,,,,,,,,,,,,,,,,,,,,,,,,,,,,676,135,14,,,40,122,71,338,,,,,,,10,,,60,68,385,,,,,,,427,412,,,134,,113,90,,,,112
2026-09-19T17:10:01+00:00,,217,17,,427,12,,51,160,256,,,,193,239,,165,,,,,125,443,347,102,195,,20,,,,634,21,,,151,,204,,,102,139,,,,,,,,,29,,328,38,62,,,1,5,,,179,1,,8,,,10,0,,104,,,237,,,46,106,252,171,243,109,167,163,,190,,,,,,,,,,,,,,,,,,,,,,,,,,,,,,,,,,,,,,,,,,,,,,,,,,,,28,,,,,522,,,,,80,137,,,,,,,,,,,,,,,,,,,106,416,,258,29,,,435,337,316,,208,,,,,,,,,,,,,95,,66,16,8,307,,,,,,,,,,,,,,,,,,,,,,,,,,,,,,,,,,,,,,,,,,,,,120,315,,92,211,245,292,,324,15,-4,434,236,389,525,,,169,,,222,307,48,,1183,,,,,,33,,,,,,,,,,,44,,27,,,,,449,,,,93,43,,,59,,,,,,,,,,,,,,,,,,,,,,,,,,,,,,,,,,,,,,,,,,,,,,,,,,,,,,,,,,,,,,,,,,,,,,,,,,,,,,,,,,,,,,,,,,,,,,,,,,,,,,,,,,,,,,,,,,,,,,,,,,,,,,,,,259,,,52,5,4,,14,,15,,,16,,,,4,,,,,,,,,,,,,,,,,,,,,,,,,,,,,,,,,675,136,12,,,48,133,73,356,,,,,,,7,,,54,73,389,134,,,,,,,415,,,144,,120,94,,,,110
2026-09-19T17:10:02+00:00,,,,,,,,,,,,,,,,,,,,,,,,,,,,,,,,,,,,,,,,,,,,,,,,,,,,,,,,,,,,,,,,,,,,,,,,,,,,,,,,,,,,,,,,,,,,,,,,,,,,,,,,,,,,,,,,,,,,,,,,,,,,,,,,,,,,,,,,,,,,,,,,,,,,,,,,,,,,,,,,,,,,,,,,,,,,,,,,,,,,,,,,,,,,,,,,,,,,,,,,,,,,,,,,,,,,,422,,,27,87,,,,,,,,,72,,,,,44,,,,,54,,,,,,,,,,,,,,,,,,,,,,,,,,,,,,,,,,,,,,,,,,,,,,,,,,,,,,,,,,,,,,,,,,,,,,,,,,,,,,,,,,,,,,39,115,,49,58,,77,167,238,148,16,,,109,,145,,,,85,130,,,,,164,,,97,137,,,140,34,3,264,16,,632,0,,,182,,,,,,,,,,,,,,,,,,,,,,,,,,,,,,,,,,,,,,,,,,,,,,,,,,,,,,311,510,156,26,485,84,50,,,,,,,,,,,,,,,,,,,,,,,,,,,,,,,,,,,,,,,,,,,,,,,,,,,,,,,,,,,,,,,,,,,,,,,,,,,,,,,,,,,,,,,,,,
2026-09-19T17:15:02+00:00,132,219,18,,433,15,,53,164,258,,126,,197,,,,,,,,,,,109,205,,23,,,,645,,,,154,,208,,,103,,,,,17,,,,,32,,326,36,64,,,,6,,,,2,,0,,,12,,,,,,238,,,48,,256,173,248,98,169,161,,189,,153,,179,104,7,127,282,,,,270,217,198,416,,,53,73,87,2,,164,,,,117,118,65,261,157,143,835,,,442,,109,94,698,131,203,446,46,28,351,,,,,,,,,,,,,,,,,,,,,,,,,,,,,,,,,,,,101,414,516,259,32,,,425,346,322,,223,292,350,,,113,102,,51,186,137,100,15,,,,14,15,316,,,,,,,,,,,,,,,,423,,,,85,,,,,,,,,70,,,,,45,,,,,,,,,,,,320,260,93,218,,303,,321,20,-3,432,232,,529,,358,164,,,221,,53,,1177,,,,316,,24,,,,,,,,,,,43,,30,3,,,,447,,,,89,31,,,58,,,,,,,,,,,,,,,,,,,,,,,,36,116,6,51,59,,,,231,146,,,322,104,12,142,,,,,133,84,,22,,166,164,,100,138,853,,141,33,,262,8,55,670,5,,,185,,,,,,,,,,,,,,,,,,,,,,,294,,,68,538,,274,245,183,221,344,,,,63,,,,,,,,,259,,,94,,64,241,265,314,533,158,27,487,,40,,,,,,,,,,,,,,,,,,,,,,,,,,,,,,,,,,,,,,,,,,,,,,,,,,,,673,137,14,,,50,138,74,358,,,,,,,5,,,55,75,390,130,,,,,,434,,,,145,,129,96,,,,108
2026-09-19T17:20:02+00:00,135,221,,,435,11,,56,169,,,127,,196,,,,,,,,,,,110,211,,26,,,31,653,22,,,155,,210,,,104,,,,,,,,,,34,,330,,66,,,2,5,,,180,,,,76,,10,,,,,,232,,,51,101,,,,,,,,,,158,,175,103,1,122,273,,,,,225,,,,120,49,70,92,,,162,87,1,279,112,,64,263,,144,839,,,445,,,,,,,,,,,,,,,,23,,,,,,,,,,,141,,,,,,,,,,,,,,,,,,,93,417,517,255,38,,,403,353,333,,230,,,,,,,,,,,,,103,,68,14,22,326,,,,,,,,,,,,,,,,422,,,25,83,,,,,,,,,71,,,,,,,,,,,,,,,,,321,,,,247,308,,320,17,-4,435,230,390,535,,,159,,,222,304,54,,1174,,,,,,21,,,,,,,,,,,44,,29,2,,,,444,,,,90,23,,,60,,,,,,,,,,,,,,,,,,,,,,,,35,117,7,,61,,,164,224,139,,,323,106,,,,,,,134,85,,24,,169,,,99,,,14,140,35,0,263,14,,681,8,,,186,1,,,,,,,,,,,,,,,,,,,,,,318,53,99,65,534,,281,248,204,210,341,,,,,,,,,,,,,254,,,97,,62,250,270,318,548,161,24,493,86,31,,5,267,71,16,55,4,7,35,30,13,14,,41,11,160,,199,27,,,,,,,,,,,,,,,,,,,,,,,,,,,,,,,,,670,136,16,,,63,148,,362,,,,,,,1,,,57,80,389,135,,,,,,435,422,,,148,,130,97,,,,106
2026-09-19T17:25:01+00:00,136,223,,,437,13,,57,175,262,,126,,201,249,,169,,,,,132,449,350,122,218,,27,,,32,661,,,,156,,215,,,106,,,,,18,,,,,36,,331,35,,,,,,,,182,0,,,,,,,7,103,,,229,,,,100,249,,250,79,167,163,,,,161,,173,92,,116,270,1,8,,266,226,,,1,,50,61,89,1,,,89,,,115,,,261,158,,849,,,449,,,101,713,130,208,452,47,26,355,,,,,,,,,,,,,,,,,,,,,,,,,,,,,,,,,,,,82,418,,,39,,,385,357,335,,240,295,346,,,115,108,95,,,132,109,21,109,,,14,24,334,,,,,,,,,,,,,,,,421,,,24,84,,,,,,,,,73,,,,,,,,,,,,,,,,117,325,264,,220,,318,,318,18,-5,433,232,391,537,340,,152,,,224,303,52,,,,,,314,,14,,,,,,,,,,,46,,30,1,,,,445,,,,89,10,,,67,,,,,,,,,,,,,,,,,,,,,,,,36,118,6,49,63,,76,,206,132,,,324,101,10,139,,,,,133,89,,,266,172,161,,98,,854,13,141,37,,,,,,,,,,,,,,,,,,,,,,,,,,,,,,,,313,54,,,529,,282,247,224,209,,,,,,,,,,,,,,,,,,10,,,268,320,569,160,27,501,88,28,17,,266,73,20,,,4,34,35,4,,,40,8,176,,204,20,,,,,,,,,,,,,,,,,,,,,,,,,,,,,,,,,669,134,12,,,68,156,75,366,,,,,,,,,,63,83,394,136,,,,,,442,417,,,162,,131,,,,5,107
2026-09-19T17:30:01+00:00,138,222,19,115,449,12,,58,181,265,,121,,202,,,,,,,,,,,124,222,,,,,31,673,24,,,158,,216,,,108,,,,,,,,,,39,,,36,67,,,0,,,,183,,,,,4,12,,6,,,,,,,48,,,,,,,,,,,,,,,,,,,,,,,,,,,,,,,,,,,,,,,,,,,,,,,,,,,,,,,,,,,,,30,,,,,521,,,,,85,142,,,,,,,,,,,,,,,,,,,80,419,,256,40,,,360,360,346,,252,,,,,,,,,,,,,115,,72,14,31,350,,,,,,,,,,,,,,,,425,,,30,,,,,,,,,,75,,,,,,,,,,56,,,,,,,330,262,94,224,,321,,319,15,,434,239,,538,,350,133,137,,,,51,,1169,,,,316,,17,,,,,,,,,,,44,,33,2,,,,442,,,,,0,,,70,,,,,,,,,,,,,,,,,,,,,,,,37,,,46,,149,77,161,191,128,,,325,100,9,136,,,,,,95,,23,262,173,162,,101,139,,,,38,7,262,18,,693,12,,,187,0,,,,,,,,,,,,,,,,,,,,,,,,103,63,,,,,,,,,,,66,,,,,,,,,,,,101,,68,255,,321,582,161,,500,87,19,,,,,,,,,,,,,,,,,,,,,,,,,,,,,,,,,,,,,,,,,,,,,,,,,,,,,133,11,,,76,158,,370,,,,,,,-190,,,65,85,393,138,,,,,,444,,,,164,,137,100,,,10,
2026-09-19T17:35:01+00:00,139,220,,,452,,,60,186,268,,123,,208,,,,,,,,,,,127,232,,30,,,30,684,,,,160,,221,,,,136,,,,19,,,,,41,,,37,,,,,4,,,,,,,,13,,1,5,102,,,228,,,,,,171,254,62,,,,,,518,,169,82,,101,275,,,,264,216,,415,,119,41,49,87,2,164,161,90,2,296,112,,66,264,154,138,856,,,453,,110,114,721,131,210,458,48,27,353,,,,,,,,,,,,,,,,,,,,,,,,,,,,,,,,,,,,76,418,,253,39,,,346,368,357,,257,291,340,,,118,111,84,49,185,129,126,15,121,,73,14,32,367,,,,,,,,,,,,,,,,426,,,29,87,,,,,,,,,76,,,,,47,,,,,,,,,,,115,329,,,226,246,327,,317,19,,435,236,393,547,,347,125,,,225,297,54,,1173,,,,315,,14,,,,,,,,,,,42,,,3,,,,443,,,,,,,,69,,,,,,,,,,,,,,,,,,,,,,,,36,119,5,44,64,,,160,172,120,,,,90,,,,,16,,132,94,,,260,174,,,,140,853,,,39,,,,,,,,,,,,,,,,,,,,,,,,,,,,,,,,317,,,61,523,,,250,246,207,343,,,,63,,,,,,,,,255,,,106,,65,,270,324,593,157,35,501,88,18,,,,,,,,,,,,,,,,,,,,,,,,,,,,,,,,,,,,,,,,,,,,,,,,,,,,670,132,10,,,72,168,78,377,,,,,,,1,,,63,87,,,,,,,,450,,,,174,,140,99,,,20,104
2026-09-19T17:40:01+00:00,140,221,20,,455,11,,64,195,267,,121,,206,,,,,,,,,,,136,237,,33,,,28,694,,,,159,,,,,109,135,,,,20,,,,,,,330,,,,,,5,,,184,,,5,,21,13,2,,,,,232,,,47,,245,170,255,53,168,164,,,,520,,,87,,98,274,,,,,,199,414,1,,,42,92,,165,159,89,1,,,119,71,272,155,146,857,,,454,1,,119,725,133,209,459,49,23,358,,,,,,27,,,,,520,,,,,88,145,,,,,,,,,,,,,,,,,,,77,420,518,252,41,,,337,371,367,,267,,,,,,,,,,,,,,,78,13,33,382,,,,,,,,,,,,,,,,428,,,26,,,,,,,,,,77,,,,,,,,,,57,,,,,,116,332,260,92,229,,332,,315,17,,436,239,395,556,,344,108,136,,,300,,,1175,,,,311,,15,,,,,,,,,,,43,,34,6,,,,442,,,,91,,,,,,,,,,,,,,,,,,,,,,,,,,,,32,,7,46,68,150,,161,169,116,,,327,86,,135,,,,84,131,91,,24,257,176,161,,,141,852,,142,36,9,263,,56,712,16,,,188,,,,,,,,,,,,,,,,,,,,,,,325,53,101,59,525,,285,253,258,204,341,,,,67,,,,,,,,,,,,108,,,257,269,,603,,34,518,86,14,,,,,,,,,,,,,,,,,,,,,,,,,,,,,,,,,,,,,,,,,,,,,,,,,,,,,,,,,77,175,79,383,,,,,,,-190,,,58,97,397,136,,,,,,453,420,,,186,,144,,,,27,102
2026-09-19T17:45:01+00:00,143,220,,,461,,,65,203,,,120,,210,,,,,,,,,,,139,241,,,,,27,702,,,,161,,227,,,,133,,,,21,,,,,42,,,,,,,,,,,,,,6,,,12,,,,,,229,,,50,,,,,,,,,,,521,1,168,85,,96,275,,,,263,221,198,,,,,43,96,,,,90,,321,113,,73,271,156,144,861,,,455,,,,,,,,,,,,,,,,,,,,,,,,,,,,,,,,,,,,,,,,,,,,,,70,419,517,250,39,,,317,,383,,271,296,341,,,,114,,51,187,127,127,12,,,,13,,393,,,,,,,,,,,,,,,,430,,,,85,,,,,,,,,76,,,,,,,,,,,,,,,,107,334,259,,,,341,,317,21,,438,241,396,561,339,341,98,135,,,301,55,,,,,,309,,14,,,,,,,,,,,46,,33,7,,,,443,,,,,,,,70,,,,,,,,,,,,,,,,,,,,,,,,34,120,4,,67,,78,,156,,,,328,,,136,,,,83,130,97,,,258,177,160,,99,,847,,141,38,12,261,19,55,729,19,,,,,,,,,,,,,,,,,,,,,,,,,,334,55,103,58,522,,282,258,273,203,,,,,70,,,,,,,,,256,,,114,11,63,262,271,326,614,160,39,526,,12,19,10,271,77,13,65,2,0,51,56,9,5,,,,195,,205,36,,,,,,,,,,,,,,,,,,,,,,,,,,,,,,,,,671,133,11,,,71,186,,392,,,,,,,1,,,48,99,404,135,,,,,,459,423,,,202,,150,,,,26,100
2026-09-19T17:50:01+00:00,147,222,,,465,10,,71,213,269,,115,,213,,,,,,,,,,,140,249,,34,,,30,719,,,,160,,234,,,111,135,,,,22,,,,,44,,,,70,,,,,,,,1,,5,,23,,1,,,,,232,,,,98,244,172,257,35,173,,,190,,,,,,,,,,,,,,,,,,,,,,,,,,,,,,,,,,,,,,109,136,733,145,,469,50,25,359,,,,,,28,,,,,519,,,,,92,147,,,,,,,,,,,,,,,,,,,69,,518,255,41,,,303,372,393,,273,,,,,,,,,,,,,125,,84,14,30,412,,,,,,,,,,,,,,,,439,,,29,86,,,,,,,,,78,,,,,51,,,,,,,,,,,103,336,257,93,231,244,344,,313,20,,442,243,397,566,,337,60,,,226,297,52,,1176,,,,308,,13,,,,,,,,,,,48,,,6,,,,441,,,,,,,,,,,,,,,,,,,,,,,,,,,,,,,,39,122,5,50,69,,,163,147,120,,,,85,,133,,,,82,,105,,,,178,156,,101,,844,12,,39,16,,27,,767,18,,2,189,1,,,,,,,,,,,,,,,,,,,,,,346,56,108,56,520,,286,263,307,,339,,,,73,,,,,,9,,,,,,121,21,68,272,270,325,617,161,,538,,9,,,,,,,,,,,,,,,,,,,,,,,,,,,,,,,,,,,,,,,,,,,,,,,,,,,,670,135,9,,,77,201,,402,,,,,,,4,,,56,103,,133,,,,,,467,425,,,218,,157,101,,,33,97
2026-09-19T17:55:01+00:00,150,227,,,467,14,,70,216,272,,116,,218,,,,,,,,,,,138,260,,36,,,,730,25,,,,,238,,,109,,,,,,,,,,,,,,,,,,,,,,2,,7,,25,,0,,100,,,233,,,49,97,,,,,,,,,,522,,169,83,,93,285,,,,262,211,,415,,118,38,42,99,9,,156,79,,,114,,76,277,157,143,860,,,457,,111,146,747,146,,468,,24,,,,,,,31,,,,,,,,,,95,,,,,,,,,,,,,,,,,,,,62,418,519,,,,,289,374,408,,275,,336,,,,,76,47,186,119,107,,129,,77,14,31,432,,,,,,,,,,,,,,,,,,,,,,,,,,,,,,,,,,,,,,,,,,,,,,,,,,,,,,,,443,244,,571,,334,53,,,,294,54,,1177,,,,,,8,,,,,,,,,,,51,,34,8,,,,442,,,,90,,,,73,,,,,,,,,,,,,,,,,,,,,,,,,,,,,,,,,,,,,,,,,,,,,,,,,,,,,,,,,,,,,,,,,,,,,,,,,,,,,,,,,,,,,,,,,,,,,,,,,,,,,,,,,,,,,,,,,,,,,,,,,,,,,,,,,,,,,,,,,,,,,,,,,,,,,,,,,,,,,,,,,,,,,,,,,,,,,,,,,,668,,10,,,85,204,,414,,,,,,,8,,,49,106,403,135,,,,,,473,426,,,235,,165,103,,,46,98
2026-09-19T17:55:02+00:00,,,,,,,,,,,,,,,,,,,,,,,,,,,,,,,,,,,,,,,,,,,,,,,,,,,,,,,,,,,,,,,,,,,,,,,,,,,,,,,,,,,,,,,,,,,,,,,,,,,,,,,,,,,,,,,,,,,,,,,,,,,,,,,,,,,,,,,,,,,,,,,,,,,,,,,,,,,,,,,,,,,,,,,,,,,,,,,,,,,,,,,,,,,,,,,,,,,,,,,,,,,,,,,,,,,,,448,,,,82,,,,,,,,,76,,,,,,,,,,,,,,,,97,341,252,92,233,246,345,,,22,,,,,,,,,,,,,,,,,,,,,,,,,,,,,,,,,,,,,,,,,,,,,,,,,,,,,,,,,,,,,,,,,,,,,,,37,,4,52,71,,,165,132,133,,,329,86,,127,,,,81,,113,,23,257,174,166,,105,140,840,,,,,,,,,,,,,,,,,,,,,,,,,,,,,,,,,,,,,,,,,,,,,,,,,,,,,,,,,,,,,,,,,,,625,163,40,543,85,8,,14,277,79,16,70,4,,60,63,11,1,,39,11,206,,206,33,,,,,,,,,,,,,,,,,,,,,,,,,,,,,,,,,,,,,,,,,,,,,,,,,,,,,,,,,,,,,,,,,,,,,,,
2026-09-19T18:00:01+00:00,152,,22,,474,16,,81,218,273,,111,,222,,,,,,,,,,,142,277,,40,,,,755,,4,,162,,244,,,110,136,,,,23,,,,,,,329,,71,,,,7,,,,3,,11,,27,,,4,,,,236,,,,95,245,180,261,16,174,166,,,,523,1,170,87,4,,279,,,,261,217,199,416,5,,40,36,98,3,,155,80,1,331,115,,79,,153,140,859,,,,5,,,,,,,,,,,,,,,,,,,,,,,,,,,,,,,,,,,,,,,,,,,,,61,417,520,250,44,,,286,376,424,,280,,,,,,,,,,,,,131,,70,16,35,455,,,,,,,,,,,,,,,,,,,30,81,,,,,,,,,,,,,,,,,,,58,,,,,,98,338,251,,,,348,,310,19,,,243,,577,,,38,134,,,297,52,,,,,,306,,16,,,,,,,,,,,53,,33,,,,,,,,,87,,,,72,,,,,,,,,,,,,,,,,,,,,,,,41,,,54,,,,,130,134,,,,,,,,,,,,112,,24,256,,168,,,141,836,,,,19,,30,56,799,17,,4,191,0,,,,,,,,,,,,,,,,,,,,,,348,,112,,519,,,266,330,206,342,,,,75,,,,,,11,,,253,,,129,29,67,277,,320,632,169,,550,86,,20,13,278,80,17,,,1,61,70,15,2,,40,13,210,,,,,,,,,,,,,,,,,,,,,,,,,,,,,,,,,,,,669,136,9,,,91,,,418,,,,,2,,9,,,,108,404,,,,,,,478,430,,,258,,173,102,,,,95
2026-09-19T18:05:02+00:00,154,228,,,475,21,,87,222,274,,,,226,,,,,,,,,,,150,293,,41,,,,773,,1,,163,,,,,109,135,,,,,,,,,,,,,,,,,,,,,2,,12,77,31,,3,5,,,,234,,,51,94,,,,,,,,,,527,,171,102,2,86,294,,,,,215,,415,4,,37,45,,4,164,156,81,,,118,,87,280,150,145,,,,460,10,,162,768,152,215,471,51,33,364,,,,,,29,,,,,520,,,,,103,153,,,,,,,,,,,,,,,,,,,60,418,522,,48,,,274,374,440,,286,297,334,,,120,116,73,48,191,124,99,13,137,,72,16,40,477,,,,,,,,,,,,,,,,455,,,,,,,,,,,,,,,,,,,,,,,,,,,,,101,344,247,93,235,,360,,308,,,449,241,398,582,340,331,35,,,,298,55,,1178,,,,311,,,,,,,,,,,,,52,,32,9,,,,441,,,,89,,,,76,,,,,,,,,,,,,,,,,,,,,,,,37,123,,,69,,,163,127,137,15,,326,88,,125,,,,80,,115,,,,173,174,,103,,835,11,,40,21,262,33,,818,15,,8,,3,,,,,,,,,,,,,,,,,,,,,,365,,115,,524,,292,263,374,211,343,,,,77,,,,,,13,,,248,,,134,35,76,,281,323,641,170,43,560,,,,,,,,,,,,,,,,,,,,,,,,,,,,,,,,,,,,,,,,,,,,,,,,,,,,,,670,135,14,7,,93,220,,420,,,276,,7,,13,,,,,406,137,,,,,,482,433,123,,281,,174,,,,83,93
2026-09-19T18:10:01+00:00,158,,24,,482,24,,,228,273,,,,230,,,,,,,,,,,162,315,,43,,,32,794,,9,,162,,,,,,139,,,,,,,1218,,46,,331,,,,,,,,,,,,,,32,,4,,,,,235,,,54,93,248,191,262,4,173,171,,,,528,1,174,104,1,85,295,,,,,216,,,11,,33,50,106,15,,155,82,2,379,,,89,258,151,149,860,,,,,,,,,,,,,,,,,,,32,,,,,,,,,,113,158,,,,,,,,,,,,,,,,,,,64,,,249,53,,,264,,458,,294,,,,,,,,,,,,,140,,71,16,47,500,,,,,,,,,,,,,,,,467,,,32,83,,,,,,,,,75,,,,,,,,,,,,,,,,105,342,246,94,,,367,,310,20,,,246,,584,,,22,,,228,300,59,,1180,,,,,,,,,,,,,,,,,,,,,,,,,,,,,,,,,,,,,,,,,,,,,,,,,,,,,,,,35,122,5,,72,,,159,130,139,,,,,,126,,,,,131,117,,,,175,176,,104,,834,12,,,,,,,,,,,,,,,,,,,,,,,,,,,,,,,,,,382,57,116,,526,,293,262,396,209,344,,,,,,,,,,,,,249,9,,137,39,81,,283,324,654,171,47,566,88,12,24,18,283,83,22,74,3,0,75,83,24,6,,39,,228,,208,45,,,,,,,,,,,,,,,,,,,,,,,,,,,,,,,,,671,,17,16,48,98,225,76,422,,,,,9,,17,,,54,113,405,,,,,,,484,436,,,299,,183,104,,,95,92
2026-09-19T18:15:01+00:00,162,,25,,489,27,,88,234,276,,110,,240,300,,142,,,,,165,453,373,,,,,,,,,,,,,,,,,,,,,,,,,,,,,,,,,,,,,,,,,,,,,,,,,,,,,,,,,,,,,,,,,,,,,,,,,,,,,,,,,,,,,,,,,,,,,,,,,,,,,,,,,,,,,,,,,,,,,,,,,,,,,,,,,,,,,,,,,,,,,,,,,,,,,,,,,,,,,,,,,,,,,,,,,,,,,,,,,,,,,,,,,,,,,,,,,,,,,,,,,,,,,,,,,,,,,,,,,,,,,,,,,,,,,450,248,397,590,339,333,14,,,,299,61,,,,,,,,,,,,,,,,,,,,,,,,,,,,,,,,,,,,,,,,,,,,,,,,,,,,,,,,,,,,,,,,,,,,,,,,,,,,,,,,,,,,,,,,,,,,,,,,,,,,,,,,,,,,,,,,,,,,,,,,,,,,,,,,,,,,,,,,,,,,,,,,,,,,,,,,,,,,,,,,,,,,,,,,,,,,,,,,,,,,,,,,,,,,,,,,,,,,,,,,,,,,,,,,,,,,,,,,,,,,,,,,,,,,,,,,,,,,,,,,,,,,,,,,,,
2026-09-19T18:15:02+00:00,,,,,,,,,,,,,,,,,,,,,,,,,168,320,,44,,,36,806,,4,,164,,,,,110,,,,,,,,,,48,,,,70,,,,,,,,1,,16,,,15,7,6,,,,,,,57,94,,,,,,,,,,,,,,,,,,,,,,,,,,,,,,,,,,,,,,,,,,,,,,109,185,784,159,217,476,53,25,366,,,,,,,,,,,,,,,,,,,,,,,,,,,,,,,,,,,,55,,521,245,57,,,260,376,473,,306,296,335,,,123,121,70,49,188,128,104,,142,,73,16,45,528,,,,,,,,,,,,,,,,469,,,34,84,,,,,,,,,,,,,,,,,,,,,,,,,114,347,244,96,237,,369,,,18,,,,,,,,,,,,,,,,,,,316,,,,,,,,,,,,,53,,34,8,,,,440,,,,,,,,77,,,,,,,,,,,,,,,,,,,,,,,,36,,8,57,73,,,,137,140,,,328,90,10,125,,,,,133,121,,,258,,177,,105,145,839,,142,,,,42,,843,22,,,,2,,,,,,,,,,,,,,,,,,,,,,,,,,,,,,,,,,,,,,,,,,,,,,,,,,,,,329,670,172,50,567,,17,,20,280,87,27,79,7,1,79,84,28,7,,,11,230,,209,46,,,,,,,,,,,,,,,,,,,,,,,,,,,,,,,,,675,137,23,28,50,107,229,77,428,128,80,313,39,8,,19,,4,56,116,406,140,,,,,,489,438,124,,323,,191,105,,,107,91
2026-09-19T18:20:02+00:00,166,227,26,,,,,95,238,279,,109,,245,305,,136,,,,,166,454,376,172,330,,,,,35,816,,8,,163,,,,,111,142,,,,,,,,,,,,,,,,,,1,,,,,23,78,33,16,6,5,,,,238,,,59,93,245,197,267,,171,174,,,,,,,,,,,,,,,,,,,,,,,,,,,,,,,,,,,,,,,,,,,,,,,,,,,,,,27,,,,,522,,,,,,164,,,,,,,,,,,,,,,,,,,65,419,,238,,,,252,,483,,312,,,,,,,,,,,,,146,,75,16,47,531,,,,,,,,,,,,,,,,482,,,32,83,,,,,,,,,78,,,,,50,,,,,59,,,,,,112,341,,95,,,375,,311,19,-4,452,253,398,594,338,334,,,,,298,64,,1183,,,,,,19,,,,,,,,,,,52,,36,7,,,,442,,,,92,,,,79,,,,,,,,,,,,,,,,,,,,,,,,47,,7,,76,,76,157,141,142,16,1,,91,11,,,,,,131,,,,260,176,178,,,,,11,,,22,,43,57,881,23,,7,192,7,,,,,,,,,,,,,,,,,,,,,,407,59,114,,522,,296,267,437,207,,,,,81,,,,,,,,,250,12,,138,42,87,,286,328,677,171,60,570,,19,,,,,,,,,,,,,,,,,,,,,,,,,,,,,,,,,,,,,,,,,,,,,,,,,,,,673,,27,25,51,118,236,78,435,132,79,,,13,,21,,5,52,123,407,141,,,,,,494,448,,,335,,193,106,,,122,89
2026-09-19T18:25:02+00:00,171,229,,,491,,,99,240,283,,,,251,,,132,,,,,,,380,184,341,,46,,,34,829,,14,,166,,,,,,,,,,,,,,,49,,330,,,,,,,5,,,,,,,,17,5,,,,,,,,60,,,,,,,,,,,533,,177,116,,81,319,,,,264,221,198,417,13,,31,54,112,25,165,,84,1,411,121,,94,,,150,,,,462,9,,193,798,167,221,475,54,20,368,,,,,,,,,,,,,,,,,,,,,,,,,,,,,,,,,,,,66,,520,240,56,,,236,375,487,,315,297,336,,,124,124,64,50,190,120,102,15,147,,79,16,50,540,,,,,,,,,,,,,,,,485,,,,84,,,,,,,,,79,,,,,52,,,,,,,,,,,108,345,,,235,,379,,310,20,,453,255,400,598,,332,13,,,227,299,65,,1184,,,,318,,20,,,,,,,,,,,53,,37,8,,,,444,,,,93,,,,80,,,,,,,,,,,,,,,,,,,,,,,,,123,8,56,77,,,,,148,,0,326,89,,127,,,,81,130,118,,,261,,,,104,,837,10,,,21,263,49,,894,35,,9,,9,,,,,,,,,,,,,,,,,,,,,,412,62,119,,,,297,269,449,203,,,,,83,,,,,,9,,,251,13,,141,39,93,,290,330,683,,66,569,90,22,29,28,282,90,28,84,,,88,111,40,8,,47,18,236,,211,48,,,,,,,,,,,,,,,,,,,,,,,,,,,,,,,,,677,,29,29,,131,240,,441,,93,,37,,,20,,,,124,408,143,,,,,,496,449,,,348,,199,107,,,140,91
2026-09-19T18:30:02+00:00,174,231,,,497,29,,105,,284,,,,252,310,,130,,,,,167,455,385,191,345,,48,,,38,836,,18,,168,,,,,,,,,,,,,,,,,,,,,,,,10,,,0,1,27,,,,4,,,,,240,,,61,94,240,196,,5,169,177,,,,,,,,,,,,,,,,,,,,,,,,,,,,,,,,,,,,,,,,,,,,,,,,,,,,,,38,,,,,524,,,,,117,171,,,,,,,,,,,,,,,,,,,65,420,521,242,58,,,226,,490,,,,,,,,,,,,,,,150,,84,16,,546,,,,,,,,,,,,,,,,487,,,34,85,,,,,,,,,77,,,,,,,,,,58,,,,,,,347,,,236,,380,,307,21,-5,454,,,601,,329,,,,,301,69,,1183,,,,320,,23,,,,,,,,,,,57,,36,,,,,445,,,,95,,,,85,,,,,,,,,,,,,,,,,,,,,,,,43,,9,58,76,,75,156,,,,,325,91,10,,,,,,,122,,25,266,177,180,,105,,838,,,42,19,261,50,,901,39,,10,193,8,,,,,,,,,,,,,,,,,,,,,,,,,,,,,,,,,,,,,,,,,,,,,,,,,,,,,333,701,175,73,576,,28,,32,286,91,34,89,9,,94,123,42,13,,38,22,245,,,52,,,,,,,,,,,,,,,,,,,,,,,,,,,,,,,,,676,136,35,37,50,,243,,445,168,99,321,39,18,,23,,12,54,125,409,145,,,,,,498,448,,,354,,203,108,,,145,
2026-09-19T18:35:01+00:00,175,230,,116,500,,,108,244,289,,114,,254,315,,129,,,,,,456,387,196,350,,,,,39,838,,,,169,,,,,113,143,,,,,,,,,50,,331,38,,,,,,12,,,,,30,,,19,6,,101,,,238,,,62,93,,,,,,,,,,534,2,187,135,5,83,326,,1,,266,231,,416,4,119,32,64,116,32,,,,3,,128,120,109,259,153,153,862,,,,7,111,202,807,170,219,479,55,25,371,,,,,,,,,,,,,,,,,,,,,,,,,,,,,,,,,,,,,414,522,245,59,,,217,378,487,,316,,,,1,126,128,59,,193,110,103,11,156,,91,16,,555,,,,,,,,,,,,,,,,488,,,30,86,,,,,,,,,,,,,,,,,,,,,,,,,,348,248,,,,379,,308,22,,456,256,,605,,327,,,,,300,68,,,,,,322,,21,,,,,,,,,,,58,,37,,,,,446,,,,,,,,91,,,,,,,,,,,,,,,,,,,,,,,,44,,11,60,78,,,157,142,146,,,327,,,129,,,,,131,127,,,271,176,181,,,,840,,,44,,260,58,,907,42,,9,,6,,,,,,,,,,,,,,,,,,,,,,421,,,55,528,,300,270,460,206,347,,,,82,,,,,,7,,,254,14,,,43,105,,294,337,706,178,77,577,88,34,,,,,,,,,,,,,,,,,,,,,,,,,,,,,,,,,,,,,,,,,,,,,,,,,,,,,137,40,49,55,138,244,,447,176,108,323,42,,,25,,13,67,126,408,146,,100,,,,500,450,,,359,,202,110,,,147,93
2026-09-19T18:40:02+00:00,179,232,,,512,32,,110,247,291,,107,,256,320,,127,,,,,,455,385,203,360,,54,,,38,846,,21,,170,,,,,112,,,,,,,,,,,,,,71,,,,,13,,,,5,37,,,,,8,,,,241,,,,,232,200,269,4,170,181,,,,,,,,,,,,,,,,,,,,,,,,,,,,,,,,,,,,,,,,,,,,,,,,,,,,,,43,,,,,525,,,,,124,173,,,,,,,,,,,,,,,,,,,,416,,243,61,,,196,380,490,,,,,,,,,,,,,,,,,94,16,53,571,,,,,,,,,,,,,,,,493,,,28,,,,,,,,,,79,,,,,,,,,,,,,,,,,351,,,,,381,,,,,,258,401,604,,331,11,,,,303,,,1182,,,,,,20,,,,,,,,,,,57,,38,,,,,445,,,,97,,,,94,,,,,,,,,,,,,,,,,,,,,,,,40,122,15,64,79,,,,145,,,,326,92,,128,,,,,,128,,26,275,177,183,,,,849,,143,45,22,259,63,56,908,37,,11,194,5,,,,,,,,,,,,,,,,,,,,,,420,61,122,,525,,,,462,,,,,,,,,,,,,,,260,13,,,45,101,,295,,712,177,74,578,89,38,32,31,292,,35,93,,7,113,134,48,27,,28,25,254,,214,64,,,,,,,,,,,,,,,,,,,,,,,,,,,,,,,,,675,135,43,42,54,145,246,,451,177,113,325,44,22,,28,,14,73,127,411,,,,,,,501,452,,,367,,203,,,,150,
2026-09-19T18:45:02+00:00,180,233,,,,,,113,250,293,,110,,258,324,,128,,,,,,,387,207,361,,,,,,849,,20,,171,,,,,113,,,,,,,,,,51,,,,,,,,,18,,,,6,,,,,3,9,,,,,,,65,94,,,,,,,,,,533,1,191,147,13,81,327,2,,,267,248,199,414,,120,38,65,120,41,,156,,,442,132,,112,260,,155,863,,,463,6,,206,822,171,224,477,56,27,372,,,,,,,,,,,,,,,,,,,,,,,,,,,,,,,,,,,,70,418,,247,62,,,191,379,494,,322,,330,,,125,129,56,,,,96,23,160,,95,16,54,579,,,,,,,,,,,,,,,,,,,27,87,,,,,,,,,,,,,,,,,,,59,,,,,,107,355,250,99,238,248,,,310,21,,457,256,402,609,336,332,,,,,304,69,,1181,,,,324,,25,,,,,,,,,,,61,,39,6,,,,,,,,95,,,,93,,,,,,,,,,,,,,,,,,,,,,,,39,,16,65,82,,,158,146,151,,,324,,,132,,,17,,132,134,,24,276,178,186,,106,,852,,,,21,,64,,910,38,,13,,0,,,,,,,,,,,,,,,,,,,,,,,,,,,,,,,,,,,,,,,,,,,,,,,,,,,,,341,719,180,71,584,,39,,32,294,,38,94,8,9,114,135,51,33,,25,23,257,,,62,,,,,,,,,,,,,,,,,,,,,,,,,,,,,,,,,,137,42,43,,153,247,,453,188,116,,43,29,,31,,15,88,131,413,145,,,,,,503,456,,,373,,205,113,,,155,94
2026-09-19T18:50:01+00:00,181,234,,,519,33,,116,254,,,109,,262,,,,,,,,,,,215,365,,58,,,39,861,,23,1,170,,,,,114,142,,,,,,,,,52,,334,39,72,,,,6,20,,,,5,39,,,,2,,,,,,,,,95,227,202,270,,172,187,,,,,,,,,,,,,,,,,,,,,,,,,,,,,,,,,,,,,,,,,,,,,,,,,,,,,,,,,,,526,,,,,127,174,,,,,,,,,,,,,,,,,,,75,419,525,249,66,,,186,381,496,,319,,,,,,,,,,,,,162,,,16,53,583,,,,,,,,,,,,,,,,494,,,29,89,,,,,,,,,80,,,,,53,,,,,,,,,,,,356,252,,,,383,,306,22,,,,403,612,,334,,,,228,303,,,1180,,,,326,,31,,,,,,,,,,,62,,,,,,,446,,,,98,,,,95,,,,,,,,,,,,,,,,,,,,,,,,40,,,,,,,,149,153,,,,94,,131,,,,,,135,,,278,177,189,,,,853,,,46,,,,,,,,,,,,,,,,,,,,,,,,,,,,,,,,431,62,126,54,523,,299,273,468,,,,,,85,,,,,,8,,,264,10,,,40,112,,299,346,725,183,74,585,,42,,,,,,,,,,,,,,,,,,,,,,,,,,,,,,,,,,,,,,,,,,,,,,,,,,,,673,,48,39,,162,249,,455,194,119,327,41,30,,33,,17,93,135,417,146,,,,,,504,460,,,377,,208,115,,,166,93
2026-09-19T18:55:02+00:00,,,25,,521,32,,119,,,,108,,265,,,,,,,,,,,217,366,,60,,,,865,,22,4,,,,,,115,,,,,,,,,,,,335,,,,,,7,,,,,8,41,,,,,,,,,,,,66,,,,,,,,,,,534,5,190,150,,86,323,,6,,271,247,200,416,3,,41,73,129,29,,,,4,470,137,,117,262,,158,860,,,464,8,,208,825,173,221,482,,31,373,,,,,,,,,,,,,,,,,,,,,,,,,,,,,,,,,,,,78,,,257,,,,172,384,495,,323,,336,,1,126,,,54,,115,105,20,,,93,16,57,586,,,,,,,,,,,,,,,,495,,,28,88,,,,,,,,,83,,,,,,,,,,60,,,,,,,357,263,102,239,,,,303,23,-4,456,255,,614,,332,,,,,305,,,,,,,327,,36,,,,,,,,,,,65,,38,8,,,,,,,,95,,,,,,,,,,,,,,,,,,,,,,,,,,,,49,124,17,69,81,,,161,147,158,19,1,325,97,,129,,,,,133,141,,,279,179,193,,,,859,,,,22,258,81,,917,36,,15,195,,,,,,,,,,,,,,,,,,,,,,,,,,,,,,,,,,,,,,,,,,,,,,,,,,,,,,,731,187,80,,91,50,,,,,,,,,,,,,,,,,,,,,,,,,,,,,,,,,,,,,,,,,,,,,,,,,,,,674,,47,34,50,167,250,,,201,129,,43,32,,35,,18,99,138,418,149,,,,,,505,461,,,379,,209,116,,,169,
2026-09-19T19:00:01+00:00,182,236,26,,523,33,,123,252,295,,106,,,,,,,,,,,,,218,369,,62,,,,868,26,26,7,172,,,,,116,143,,,,24,,,,,53,,,,,,,,10,21,,,,5,39,77,,,4,,102,,,244,,,,96,232,,271,8,177,193,,,,535,4,193,159,18,85,332,,5,,,250,,415,,119,40,74,130,32,,155,,,,138,,119,,154,162,861,,,,,,,,,,,,,,,,,,,50,,,,,527,,,,,131,177,,,,,,,,,,,,,,,,,,,79,418,,262,67,,,163,,494,,324,,,,,,,,,,,,,163,,,16,62,595,,,,,,,,,,,,,,,,496,,,30,89,,,,,,,,,82,,,,,,,,,,62,,,,,,,359,,,,,385,,301,,,455,253,,,339,,,,,229,303,71,,1179,,,,,,41,,,,,,,,,,,,,39,7,,,,447,,,,92,1,,,97,,,,,,,,,,,,,,,,,,,,,,,,51,125,,70,82,151,74,160,,155,,,327,,,,,,16,,137,,,,,,192,,105,,864,,,47,25,260,84,57,921,,,18,,7,,,,,,,,,,,,,,,,,,,,,,436,63,122,55,521,,302,275,473,209,350,,,,82,,,,,,11,,,265,,,,41,113,,298,348,741,188,82,593,92,,,,,,,,,,,,,,,,,,,,,,,,,,,,,,,,,,,,,,,,,,,,,,,,,,,,,675,,46,31,,168,252,,456,203,133,,,35,,36,,22,102,,421,151,,,,,,507,,125,,382,,208,115,,,178,
2026-09-19T19:15:01+00:00,188,237,28,,527,36,,132,255,298,,,,270,370,,136,,,,,,458,393,230,378,,65,,,,874,,27,16,176,,,,,120,,,,,26,,,,,50,,,38,73,,,,,32,,,2,11,46,,32,20,6,10,,,,248,,,67,97,237,214,277,13,182,201,,,,536,8,196,188,32,83,335,1,6,,270,242,203,,,122,36,82,134,35,,,86,,506,145,,128,264,155,175,873,17,,466,15,114,215,851,,229,,,40,372,,,,,,55,,,,,525,,,,,129,,,,,,,,,,,,,,,,,,,,67,420,533,272,,,,140,376,506,,325,300,341,,8,,128,52,53,195,125,113,31,170,,106,16,74,630,,,,,,,,,,,,,,,,505,,,34,90,,,,,,,,,87,,,,,54,,,,,63,,,,,,109,363,269,,,,391,,,25,,454,250,404,624,338,324,,,,,304,74,,1183,,,,332,,51,,,,,,,,,,,71,,41,11,,,,450,,,,99,65,,,102,,,,,,,,,,,,,,,,,,,,,,,,52,126,23,78,84,,76,161,153,178,26,,336,100,,133,,,17,,141,162,,,281,,205,,106,146,876,13,144,48,28,258,101,,922,39,,17,,4,,,,,,,,,,,,,,,,,,,,,,447,65,125,,520,,305,282,479,213,,,,,84,,,,,,17,,,268,,,,45,121,,304,356,748,198,89,600,93,58,36,35,312,92,46,101,9,19,132,158,65,35,,11,38,281,,219,,,,,,,,,,,,,,,,,,,,,,,,,,,,,,,,,,,138,49,50,48,182,256,80,461,,,,,43,,47,,,115,144,425,156,,,,,,511,,,,402,,211,117,,,195,91
2026-09-19T19:30:02+00:00,192,243,29,,544,,,142,260,303,,103,,274,373,,139,,,,,,464,397,243,382,,66,,,40,877,25,32,20,181,,,,,121,,,,,27,,,,,56,,,37,,,,2,,33,,,4,21,50,,,22,7,,,,,250,,,69,96,240,222,278,18,185,,,,,,2,197,231,35,82,340,2,,,266,261,204,419,,,40,87,156,34,166,154,88,4,530,142,,140,259,154,171,874,,,,17,115,,861,175,226,481,,38,,,,,,,44,,,,,528,,,,,130,176,,,,,,,,,,,,,,,,,,,73,422,535,274,68,,,131,380,512,,329,,346,,,127,138,51,55,194,123,138,39,174,,102,16,79,658,,,,,,,,,,265,,,,,,512,,,39,88,,,,,,,,,89,,,,,,,,,,64,,,,,,114,366,270,106,,249,395,,296,24,,461,245,402,639,,321,,132,,,306,71,,1187,,,,,,65,,,,,,,,,,,77,,40,10,,,,,,,,108,120,,,110,,,,,,,,,,,,,,,,,,,,,,,,41,,24,84,87,,78,165,160,189,35,,339,104,,135,,,16,83,,170,,21,,,217,,109,,886,15,145,,30,255,120,58,933,64,,24,196,12,,,,,,,,,,,,,,,,,,,,,,465,63,130,56,515,,,283,483,219,351,,,,83,,,,,,19,,,270,14,,,37,132,,307,360,764,201,93,616,,68,37,39,314,95,50,110,,23,166,182,86,48,,7,43,289,,221,82,,,,,,,,,,,,,,,,,,,,,,,,,,,,,,,,,,,55,69,47,195,259,82,472,205,163,329,49,51,,50,,34,131,152,426,160,,,,,,514,465,125,,421,,216,121,,,209,96
2026-09-19T19:45:02+00:00,193,247,31,,559,35,,162,267,308,,113,,283,384,,150,,,,,,,405,256,,,,,,46,883,,37,21,182,,,,,122,145,,,,,,,,,57,,336,38,76,,,1,11,32,,,,28,57,,33,21,,8,,,,254,,,71,99,252,227,280,23,186,202,,,,539,,220,260,49,86,346,8,,,,258,206,,5,123,37,98,169,46,,152,89,,542,146,,146,257,,170,876,,,467,21,118,,869,176,237,482,57,36,371,,,,,,52,,,,,531,,,,,,178,,,,,,,,,,,,,,,,,,,75,419,534,282,,,,135,384,520,,328,299,354,,1,133,151,58,,200,128,152,40,177,,,16,91,674,,,,,,,,,,,,,,,,516,,,42,89,,,,,,,,,92,,,,,57,,,,,67,,,,,,117,379,,109,240,,396,,303,27,-5,462,,,642,,320,,131,,,303,76,,1193,,,,339,,76,,,,,,,,,,,85,,44,11,,,,,,,,117,167,,,125,,,,,,,,,,,,,,,,,,,,,,,,62,,28,88,,,77,167,164,210,,2,341,106,,137,,,,,157,178,,,282,180,225,,,143,,17,,,31,253,143,59,936,77,,32,197,18,,,,,,,,,,,,,,,,,,,,,,472,64,134,55,522,,307,287,,225,350,,,,81,,,,,,22,,,276,11,,,,144,,313,362,772,207,103,629,95,67,39,43,319,98,64,117,15,30,192,187,107,58,,16,45,296,,223,97,,,,,,,,,,,,,,,,,,,,,,,,,,,,,,,,,678,137,62,62,,200,261,83,493,206,177,331,,57,,53,,42,143,155,425,,,,,,,517,478,,,449,,222,120,,,219,99
2026-09-19T20:00:01+00:00,194,253,35,115,568,36,,173,272,316,,117,,286,405,,161,,,,,,469,406,268,,,,,,45,889,24,40,24,,,,,,126,146,,,,,,,,,64,,338,,75,,,3,,30,,,5,37,60,,,22,9,,,,,259,,,75,101,272,229,282,26,189,203,,191,,,9,236,279,64,88,348,24,,,265,263,,,1,126,42,104,174,48,168,153,90,7,546,172,,,255,,164,877,,,,20,,,874,,243,489,58,42,373,,,,,,64,,,,,,,,,,135,180,,,,,,,,,,,,,,,,,,,89,422,537,285,,,,155,382,526,,330,296,358,,7,135,156,60,57,202,130,164,44,185,,108,16,102,702,,,,,,,,,,,,,,,,523,,,48,94,,,,,,,,,95,,,,,,,,,,69,,,,,,118,392,271,110,241,250,397,,300,31,,463,248,404,646,339,311,,,,230,299,81,,1199,,,,342,,91,,,,,,,,,,,94,5,45,14,,,,,,,,123,213,,,126,,,,,,,,,,,,,,,,,,,,,,,,81,128,24,91,90,,76,168,,222,37,,,111,,140,,,14,,177,185,,20,283,181,238,,,,,19,,49,38,,157,61,965,84,,45,198,36,,,,,,,,,,,,,,,,,,,,,,480,65,139,,538,,310,293,,242,351,,,,84,,,,,,28,,,281,18,,,43,157,,315,,,,,,,,45,53,326,101,69,120,22,24,211,200,124,72,,19,51,308,,228,114,,,,,,,,,,,,,,,,,,,,,,,,,,,,,,,,,,138,82,51,49,189,263,85,508,,,,,59,,58,,,165,164,429,165,,,,,,522,491,,,475,,225,122,,,241,103
2026-09-19T20:00:02+00:00,,,,,,,,,,,,,,,,,,,,,,,,,,,,,,,,,,,,,,,,,,,,,,,,,,,,,,,,,,,,,,,,,,,,,,,,,,,,,,,,,,,,,,,,,,,,,,,,,,,,,,,,,,,,,,,,,,,,,,,,,,,,,,,,,,,,,,,,,,,,,,,,,,,,,,,,,,,,,,,,,,,,,,,,,,,,,,,,,,,,,,,,,,,,,,,,,,,,,,,,,,,,,,,,,,,,,,,,,,,,,,,,,,,,,,,,,,,,,,,,,,,,,,,,,,,,,,,,,,,,,,,,,,,,,,,,,,,,,,,,,,,,,,,,,,,,,,,,,,,,,,,,,,,,,,,,,,,,,,,,,,,,,,,,,,,,,,,,,,,,,,,,,,,,,,,,,,,,,,,,,,,,,,,,,,,,,,,,,,,,,,,,,,,,,,,,,,,,,,,,,,,,,,,,,,,,,,,,,,368,783,216,113,643,93,76,,,,,,,,,,,,,,,,,,,,,,,,,,,,,,,,,,,,,,,,,,,,,,,,,,,,,,,,,,,,,,,,,,,,,,,,,,,,,,,,,,,,,,,,,,
2026-09-19T20:15:01+00:00,,256,37,114,580,,,188,,325,,118,,295,,,,,,,,,,,295,,,72,,,,893,25,44,27,186,,,,,128,145,,,,29,,,,,71,,340,37,78,,,,,32,,,9,41,65,,34,24,12,,103,,,267,,,83,156,278,,,28,191,206,,,,540,8,242,295,99,97,350,30,,,264,274,209,420,,125,40,127,184,41,171,,,16,572,202,,153,,,,875,,,,24,,,919,177,252,495,,59,375,,,,,,56,,,,,533,,,,,141,,,,,,,,,,,,,,,,,,,,99,423,,297,,,,180,393,527,,336,,364,,19,137,162,66,58,213,136,195,72,187,,118,16,105,711,,,,,,,,,,,,,,,,,,,58,106,,,,,,,,,98,,,,,,,,,,71,,,,,,134,411,272,114,245,249,401,,344,34,-3,462,259,406,,,304,15,130,,231,301,82,,1262,,,,,,,,,,,,,,,,,,,,,,,,,,,,,,,,,,,,,,,,,,,,,,,,,,,,,,,,84,,,94,93,152,75,165,173,240,,8,345,114,,142,,,15,,178,190,,22,284,179,253,,108,141,888,,,,50,0,190,64,1014,86,,54,199,52,,,,,,,,,,,,,,,,,,,,,,511,67,150,57,549,,,299,,254,349,,,,89,,,,,,25,,,285,23,,,40,176,,,370,791,215,116,660,92,84,,,328,102,70,,23,18,213,206,129,75,,,54,,,,120,,,,,,,,,,,,,,,,,,,,,,,,,,,,,,,,,677,139,91,44,,202,265,,522,207,196,332,56,61,,,6,53,192,168,431,168,,,,,,524,502,125,,497,,232,124,,,258,107
2026-09-19T20:30:02+00:00,193,271,43,,583,33,,204,271,327,,116,,298,,,,,,,,,,,302,,,73,,,48,899,,48,31,190,,,,,131,147,,,,28,,,,,76,,341,36,79,,,5,,40,,185,,51,90,,37,27,11,,,,,269,,,84,217,287,,,37,194,209,,,,539,14,256,310,173,129,356,35,,,,265,211,421,,126,39,151,205,31,,152,93,33,590,217,119,159,249,,169,871,,,468,33,,,930,180,255,,,77,384,,,,,,91,,,,,532,,,,,142,181,,,,,,,,,,,,,,,,,,,109,425,539,305,,,,228,395,537,,342,298,362,,16,138,168,74,59,217,141,206,84,193,,137,16,116,760,,,,,,,,,,,,,,,,,,,68,112,,,,,,,,,106,,,,,,,,,,75,,,,,,148,422,276,117,247,250,404,,386,40,,,273,407,654,342,306,51,,,232,303,84,,1346,,,,,,,,,,,,,,,,,,,,,,,,,,,,,,,,,,,,,,,,,,,,,,,,,,,,,,,,102,130,,103,94,,,,182,255,,18,347,132,,160,13,,14,84,180,195,,,,,266,,109,140,891,20,,52,61,,212,67,1039,94,,59,,62,,,,,,,,,,,,,,,,,,,,,,529,68,152,59,572,,315,305,,261,346,,,,90,,,,,,27,,,288,32,,,45,187,,317,374,802,211,122,671,,92,47,60,331,105,81,125,31,23,220,224,147,76,,28,59,313,,,137,,,,,,,,,,,,,,,,,,,,,,,,,,,,,,,,,678,140,90,26,52,214,,89,525,,201,334,60,62,,61,12,57,204,170,435,166,,,,,,523,507,126,,504,,235,123,,,,111
2026-09-19T20:45:01+00:00,197,273,44,,591,32,,215,273,330,,118,,302,,,,,,,,,,,310,,,75,,,47,910,26,57,33,195,,,,,132,149,,,,30,,,,,71,,343,37,81,,1,6,,44,,,12,59,101,,64,28,,,102,,,275,,,95,254,310,230,,45,197,211,,,,,15,258,317,195,141,371,40,7,215,,,209,424,,125,42,170,214,33,169,,95,41,591,224,,167,252,161,168,873,,,,46,,,941,184,252,496,,95,388,,,,,,99,,,,,533,,,,,145,182,,,,,,,,,,,,,,,,,,,119,422,540,313,,,,282,397,546,,348,,373,,26,140,182,85,60,224,155,241,111,199,,140,16,128,796,,,,,,,,,,,,,,,,,,1,75,118,,,,,,,,,112,,,,,,,,,,,,,,,,170,428,277,130,248,,405,,391,36,-2,463,278,410,,,307,68,,,,305,,,1357,,,,,,,,,,,,,,,,,,,,,,,,,,,,,,,,,,,,,,,,,,,,,,,,,,,,,,,,133,132,30,114,97,,77,169,191,281,,21,350,146,9,170,,,,85,186,205,,24,,,283,,,,894,,,,64,,220,,1047,102,,61,,64,,,,,,,,,,,,,,,,,,,,,,549,70,154,62,566,,316,311,,269,347,,,,88,,,,,,30,,,295,42,,,65,201,,,379,819,212,129,,93,114,49,68,338,,84,134,33,24,243,235,174,91,,25,61,320,,230,149,,,,,,,,,,,,,,,,,,,,,,,,,,,,,,,,,681,,97,18,49,225,267,91,530,,204,,,63,,73,,60,218,174,432,168,,,,,,526,515,,,505,,241,122,,,,115
2026-09-19T21:00:01+00:00,,276,45,,590,31,,217,277,335,,120,,307,425,,200,,,,,,470,420,319,,,76,,,49,925,27,62,39,197,,,,,133,,,3,,31,,,,,75,,344,38,,,11,14,13,51,,,13,71,105,81,208,29,15,,,,,304,,,100,263,334,,,56,198,216,,192,,540,25,262,,201,146,,45,,,265,268,208,,,128,43,178,220,49,,,104,46,601,234,,174,254,162,166,875,,,,52,,,954,187,248,499,,102,390,,,,,,105,,,,,,,,,,147,183,,,,,,,,,,,,,,,,,,,,,,,,,,,,,,,299,388,,30,,195,,63,231,160,258,125,208,,147,16,132,809,,,,,,,,,,,,,,,,,,2,76,119,,,,,,,,,119,,,,,,,,,,,,,,,,168,,281,131,249,,404,,400,50,3,,283,,656,,314,76,129,,,307,87,,1366,,,,,,,,,,,,,,,,,,,,,,,,,,,,,,,,,,,,,,,,,,,,,,,,,,,,,,,,164,,32,115,101,,79,,202,301,,22,351,152,,171,,,,,190,209,,,,,290,,,,,,144,51,69,,255,,1044,108,,,,70,,,,,,,,,,,,,,,,,,,,,,571,,157,,565,,320,,,276,,,,,,,,,,,28,,,298,43,,,89,207,,315,382,826,214,137,674,94,203,50,,342,108,93,145,36,28,270,240,205,106,,44,67,,,233,167,,,,,,,,,,,,,,,,,,,,,,,,,,,,,,,,,684,143,103,16,48,,269,94,537,,208,,68,66,,77,,68,258,179,438,165,,,,,,,528,127,,512,,,,,,293,118
2026-09-19T21:15:02+00:00,199,285,47,,610,34,,220,278,336,,127,,314,,,,,,,,,,,328,,,83,,,50,934,,69,43,,,,,,136,150,,7,,33,,,,,84,,343,39,85,,15,26,,53,,,,84,110,,235,30,23,,,,,322,,,105,,347,,,71,208,218,,194,,,27,269,324,217,151,389,51,38,,264,273,209,426,,129,64,199,234,76,,150,208,50,630,245,,179,,,173,880,18,,,54,,,956,191,254,501,,104,,,,,,,117,,,,,532,,,,,150,182,,,,,,,,,,,,,,,,,,,153,426,,331,,,,393,406,565,,363,300,402,,61,142,196,89,,236,173,296,142,214,,155,16,133,820,,,,,,,,,,266,,,,,,,,5,80,122,,,,,,,,,123,,,,,,,,,,,,,,,,171,435,282,,251,252,408,,,52,5,464,297,411,658,,319,87,131,,,309,,,,,,,,,,,,,,,,,,,,,,,,,,,,,,,,,,,,,,,,,,,,,,,,,,,,,,,,,,,197,,29,118,102,,,175,264,317,,28,354,160,,180,,,,,191,217,,25,285,,296,,110,,,19,,52,79,,283,68,1043,111,,68,,66,,,,,,,,,,,,,,,,,,,,,,569,,162,63,558,,,313,,284,346,,,,87,,,,,,32,,,302,46,,,106,214,,,393,833,216,145,677,96,225,49,71,343,111,97,151,38,37,282,237,223,131,,53,72,329,,240,190,,,,,,,,,,,,,,,,,,,,,,,,,,,,,,,,,688,,112,-558,49,231,,96,540,,213,,,,,80,17,,322,186,437,163,,,,,,,534,,,515,,242,,,,300,121
2026-09-19T21:30:02+00:00,,289,48,,614,36,,222,281,339,,130,,319,437,,258,,,,,,468,425,331,,,84,,,,939,,71,45,,,,,,139,153,,11,,,,,,,94,,,,88,,18,38,,58,,,15,88,118,82,,29,27,,,,,326,,,,266,353,,,98,,220,,196,,541,37,271,335,224,,401,52,124,,265,286,,427,,,97,213,242,60,,152,281,53,642,250,,182,255,163,177,877,,,,55,,,957,193,261,502,,,,,,,,,137,,,,,530,,,,,156,185,,,,,,,,,,,,,,,,,,,176,428,541,343,,,,494,413,574,,373,303,403,,83,144,199,91,64,238,180,314,150,217,,161,16,136,836,,,,,,,,,,,,,,,,,,7,87,130,,,,,,,,,126,,,,,,,,,,,,,,,,,445,,,254,,,,401,,6,,306,,661,,323,77,130,,,315,,,1368,,,,,,,,,,,,,,,,,,,,,,,,,,,,,,,,,,,,,,,,,,,,,,,,,,,,,,,,204,,30,120,,153,84,186,326,361,,31,355,169,10,183,,,,,195,232,,26,286,,300,,,141,,,,,86,,325,,1049,117,,70,,75,,,,,,,,,,,,,,,,,,,,,,573,69,170,64,563,,319,316,,288,343,,,,86,,,,,,35,,,303,,,,136,222,,317,398,840,217,151,679,99,240,51,,349,112,102,153,42,35,289,245,243,143,,62,77,333,,244,198,,,,,,,,,,,,,,,,,,,,,,,,,,,,,,,,,690,,118,17,47,243,,,544,207,,,,69,,87,21,,336,185,431,164,,,,,,,543,,,524,,,125,,,302,
2026-09-19T21:45:01+00:00,,292,49,,621,37,,226,282,340,,,,320,,,,,,,,,,,334,,,,,,51,940,29,74,51,199,,,,,,154,,18,,37,,,,,97,,,40,91,,16,40,12,59,,186,,92,126,,,31,28,9,,,,327,,,,265,,,,155,,223,,,,,38,276,348,238,166,421,56,220,,266,292,,428,,130,103,225,235,66,,153,347,57,645,257,,187,,162,185,876,,,,61,,,959,192,,507,,107,,,,,,,151,,,,,529,,,,,154,,,,,,,,,,,,,,,,,,,,207,,540,363,67,,,578,416,583,,379,304,413,,121,147,215,97,69,241,191,344,169,216,,162,16,134,842,,,,,,,,,,,,,,,,,,6,89,135,,,,,,,,,134,,,,,60,,,,,,,,,,,172,451,283,137,258,,409,,,57,,,313,,,,325,102,,,,316,88,,1371,,,,,,,,,,,,,,,,,,,,,,,,,,,,,,,,,,,,,,,,,,,,,,,,,,,,,,,,200,,32,122,103,,,187,352,372,,,356,173,,185,,,16,,198,239,,,,178,301,,114,142,895,,,53,90,,348,,1058,123,,69,,78,,,,,,,,,,,,,,,,,,,,,,580,,175,,558,,320,322,,290,,,,,87,,,,,,41,,,308,48,,,161,228,,315,400,848,221,160,682,103,246,52,78,356,113,110,156,50,41,299,254,260,160,,78,81,341,,246,215,,,,,,,,,,,,,,,,,,,,,,,,,,,,,,,,,693,,115,27,,253,270,,548,,221,336,100,68,,90,24,72,340,189,425,,,,,,,,542,127,,526,,243,,,,318,122
2026-09-19T22:00:01+00:00,,,,,628,39,,229,286,341,,137,,322,,,,,,,,,,,335,,,85,,,50,939,,76,52,202,,,,,140,156,,22,,,,,,,101,,,,95,,,39,,63,,,,98,60,,,32,,,,,,329,,,,267,354,,,203,,,,198,,543,39,281,362,247,169,431,59,278,,265,299,,430,,,105,231,241,79,,154,441,58,657,266,,217,,,192,877,,,469,,,,960,,,508,,108,,,,,,,172,,,,,,,,,,153,184,,,,,,,,,,,,,,,,,,,225,431,542,376,68,,,665,422,594,,383,,417,,150,,218,99,70,243,197,356,183,218,,,16,,849,,,,,,,,,,,,,,,,,,,90,139,,,,,,,,,137,,,,,,,,,,,,,,,,,453,,,,,406,,,58,,,321,,660,,330,133,,,,321,89,,1370,,,,,,,,,,,,,,,,,,,,,,,,,,,,,,,,,,,,,,,,,,,,,,,,,,,,,,,,,,35,123,105,,85,,366,381,,32,357,177,,186,,,15,,,242,,27,,179,,,115,,896,20,,,92,,362,,1063,120,,73,,89,,,,,,,,,,,,,,,,,,,,,,578,71,176,67,549,,321,323,,294,,,,,89,,,,,,43,,,,49,,,187,237,,,406,852,,162,683,104,250,51,,,114,113,157,53,40,305,261,280,166,,96,86,342,,247,226,,,,,,,,,,,,,,,,,,,,,,,,,,,,,,,,,699,,,17,49,268,,,552,,,,,70,,92,28,,338,190,420,162,,,,,,,552,,,525,800,,,,,324,126
2026-09-19T22:15:01+00:00,,293,50,115,631,40,,231,290,344,,155,,327,461,,257,,,,,,471,,336,,,86,,,,,,,,,,,,,,,,30,,38,,,,,104,,344,,100,,14,42,13,,,,,101,,,,33,,,,,,330,,,,269,355,,,209,218,,,,,544,42,283,391,252,171,437,61,283,,,298,208,,,,106,240,240,89,,153,501,59,660,274,,246,263,164,201,880,,,,63,,,,200,260,507,,109,,,,,,,185,,,,,,,,,,155,183,,,,,,,,,,,,,,,,,,,241,429,543,390,,,,739,425,604,,390,,426,,174,149,221,109,,248,205,375,201,,,175,16,141,852,,,,,,,,,,,,,,,,,,5,,140,,,,,,,,,139,,,,,,,,,,,,,,,,,455,,139,272,,410,,,63,,,326,,662,,331,163,,,,322,91,,1371,,,,,,,,,,,,,,,,,,,,,,,,,,,,,,,,,,,,,,,,,,,,,,,,,,,,,,,,0,134,,125,106,,0,,0,389,,33,,178,,188,12,,14,,,244,,,,0,,,116,,,23,,,96,,375,,1068,122,,74,,,,,,,,,,,,,,,,,,,,,,,,579,73,178,,546,,,326,,299,341,,,,87,,,,,,45,,,310,48,,,201,242,,316,408,854,,166,686,106,252,,90,359,,117,158,54,34,318,270,299,187,,118,88,346,,251,239,,,,,,,,,,,,,,,,,,,,,,,,,,,,,,,,,702,,116,37,47,275,271,,,,226,,100,,,101,34,,341,193,421,164,,,,,,,557,127,,,,,,,,331,127
2026-09-19T22:30:02+00:00,,295,,,635,,,235,291,343,,164,,329,,,,,,,,,,,,,,,,,,,,75,54,203,,,,,141,155,,33,,39,,,,,105,,347,,106,,,43,,66,,,,108,63,,,,29,,,,,331,,,,,,,,211,,,,,,545,52,286,422,257,173,448,64,284,216,,319,,,,131,105,245,244,100,,,642,,662,277,,255,,,209,877,,,,,,,,,,,,,,,,,,,191,,,,,532,,,,,156,188,,,,,,,,,,,,,,,,,,,250,427,542,407,,,,799,429,610,,395,,431,,192,,226,116,73,250,214,394,214,219,,184,16,146,857,,,,,,,,,,268,,,,,,,,4,,141,,,,,,,,,141,,,,,,,,,,,,,,,,179,465,284,,,,411,,400,65,,,338,,,,336,194,129,,,325,,,,,,,,,,,,,,,,,,,,,,,,,,,,,,,,,,,,,,,,,,,,,,,,,,,,,,,,,,,,,36,,108,,,188,,396,,35,,179,,,,,,87,,245,,29,,,,,,,,26,,54,,,,,,,,,,,,,,,,,,,,,,,,,,,,,,,,582,75,180,,540,,319,327,,302,340,,,,85,,,,,,51,,,311,47,,,209,245,,,410,856,228,173,687,,,50,101,360,,118,,55,32,328,277,317,206,,146,89,352,,253,258,,,,,,,,,,,,,,,,,,,,,,,,,,,,,,,,,703,,,43,52,286,272,,554,,,,,74,,104,37,,346,,,161,,,,,,,564,,,532,,,,,,334,132
2026-09-19T22:45:02+00:00,200,297,,,640,42,,237,293,344,,168,,328,,,,,,,,,,,337,,,87,,,51,,,74,,,,,,,,,,39,,38,,,,,,,348,,110,,,,14,72,,,,111,,,,34,,,,,,,,,104,,357,,,218,,,,,,,61,289,439,263,174,457,66,,,,325,,,,,107,252,253,95,168,,846,,665,279,,257,262,165,218,880,,,,,,,,202,262,510,,112,390,,,,,,209,,,,,,,,,,163,193,,,,,,,,,,,,,,,,,,,264,428,,409,,,,844,432,,,398,,435,,235,150,231,125,,257,221,418,229,218,,189,16,,866,,,,,,,,,,267,,,,,,,,5,93,,,,,,,,,,142,,,,,,,,,,,,,,,,,470,285,141,,,414,,401,67,,,343,,,334,346,246,,,,326,,,,,,,,,,,,,,,,,,,,,,,,,,,,,,,,,,,,,,,,,,,,,,,,,,,,,,,,,,,,,39,124,111,,,,,397,,,,,,,,,,,,248,,,,,,,,,897,27,,,,,,,,,,,,,,,,,,,,,,,,,,,,,,,,,,581,78,182,,548,,,330,,306,341,,,,86,,,,,,53,,,312,50,,,247,249,,,,,230,175,,107,254,,110,361,,123,,56,35,335,285,326,212,,151,90,354,,,267,,,,,,,,,,,,,,,,,,,,,,,,,,,,,,,,,706,145,117,55,,293,,,557,207,232,337,100,75,,111,40,74,347,195,,,,,,,,,565,127,,535,,244,,,,337,
2026-09-19T23:00:02+00:00,,300,52,,644,43,,239,295,,,180,,329,,,,,,,,,,,338,,,,,,52,940,,75,,,,,,,,154,,41,,39,,,,,103,,,,114,,12,,,77,,,,113,,,,,30,,,,,330,,,,,359,,,221,220,,,,,546,64,293,450,265,177,484,69,,,266,337,209,,14,,108,259,261,108,,152,855,61,677,281,,261,,166,231,883,,,,69,,,,,263,512,,114,,,,,,,238,,,,,533,,,,,166,194,,,,,,,,,,,,,,,,,,,278,432,544,412,,,,876,433,613,,402,,440,,249,155,234,128,,,222,434,231,220,,200,16,,868,,,,,,,,,,268,,,,,,522,,3,,,,,,,,,,,,,,,,,,,,,,,,,,,191,476,286,,,253,413,,,69,7,,348,,,,353,274,,,233,331,89,,,,,,,,,,,,,,,,,,,,,,,,,,,,,,,,,,,,,,,,,,,,,,,,,,,,,,,,,,,,42,126,113,,,187,,403,,,,,,190,,,,,,,,,,,,,117,,,28,,,,,,,,,,,,,,,,,,,,,,,,,,,,,,,,,,598,77,183,,579,,,,,308,,,,,88,,,,,,,,,,52,,,266,251,,,,859,231,,688,106,258,47,118,363,115,126,,58,31,341,295,328,221,,169,,356,,255,266,,,,,,,,,,,,,,,,,,,,,,,,,,,,,,,,,,143,120,73,51,298,,,558,,,,,76,,116,47,,356,193,420,158,,,,,,,571,,,537,,,,,,341,
2026-09-19T23:15:01+00:00,201,301,53,,647,42,,,,,,183,,331,469,,323,,,,,,472,424,,,,,,,,,,74,,,,,,,,,,42,,,,,,,105,,,39,116,,14,,,79,,,,117,64,,,,31,,103,,,332,,,106,268,367,,,223,,,,,,545,72,295,459,,,489,71,,,265,353,,,20,,,260,263,132,,,856,,,283,,,264,,234,884,,,,70,,,,,262,513,,119,,,,,,,248,,,,,,,,,,,197,,,,,,,,,,,,,,,,,,,287,433,,413,,,,902,,614,,407,305,451,,289,,233,131,,263,229,449,248,,,206,16,147,882,,,,,,,,,,,,,,,,521,,4,96,,,,,,,,,,141,,,,,,,,,,,,,,,,195,482,,142,,,412,,,74,,,353,,,,367,328,,,,332,91,,,,,,,,,,,,,,,,,,,,,,,,,,,,,,,,,,,,,,,,,,,,,,,,,,,,,,,,,,,,,125,114,,,,,406,,,358,,,,,,,,,251,,,,,,,,,,,,,105,,426,,1091,113,,86,200,115,,,,,,,,,,,,,,,,,,,,,,610,79,184,,597,,,,,309,343,,,,,,,,,,54,,,313,,,,294,253,,,413,860,237,179,,,,,,,,,,,,,,,,,,,,,,,,,,,,,,,,,,,,,,,,,,,,,,,,,,,,,,,707,144,123,94,53,303,,,559,,,,,,,122,49,,357,195,,,,,,,,,,,,543,,,,,,343,134
2026-09-19T23:30:02+00:00,,303,,,649,,,,,,,196,,,,,,,,,,,,,,,,,,,53,943,,75,,202,,,,,,,,,,,,,,,106,,,,115,,,,,,,,,,67,,,,30,,,,,334,,,,,372,,,228,,,,,,544,85,296,467,267,178,506,72,285,,,391,,,25,,110,263,274,157,,,858,63,686,289,118,262,,,249,885,,,,71,,,,201,265,516,,,,,,,,,256,,,,,,,,,,171,199,,,,,,,,,,,,,,,,,,,295,434,546,,,,,923,,618,,408,,452,,314,,,134,76,265,233,456,257,221,,210,16,149,883,,,,,,,,,,,,,,,,,,5,97,,,,,,,,,,140,,,,,,,,,,,,,,,,197,484,,153,,,411,,,,,,357,,,,373,360,,,,333,,,1372,,,,,,,,,,,,,,,,,,,,,,,,,,,,,,,,,,,,,,,,,,,,,,,,,,,,,,,,,,45,126,,,,188,,,,,,,,189,,,,,,253,,,,,,,,,,32,143,,,,,,,,,,,,,,,,,,,,,,,,,,,,,,,,,619,78,189,,613,,,329,,310,346,,,,,,,,,,,,,,51,,,319,,,,,866,239,178,,,262,46,129,366,,127,160,59,24,348,303,337,239,,195,,357,,,285,,,,,,,,,,,,,,,,,,,,,,,,,,,,,,,,,,,127,115,50,305,,,,207,237,337,100,78,,125,51,74,,197,419,159,,,,,,,576,127,,542,,,,,,,
2026-09-19T23:45:01+00:00,,305,54,,652,43,,238,,,,207,,,,,,,,,,,,,340,,,,,,,,,74,,,,,,,,155,,43,,,,,,,,,350,,,,,,,80,,,,120,68,,,35,,,,,,338,,,,,373,,,229,,,,,,,87,,471,268,,513,73,,,,404,,,33,132,,268,281,188,169,,859,,695,288,,,265,,258,,,,,72,,,,,,517,,,,,,,,,262,,,,,532,,,,,172,201,,,,,,,,,,,,,,,,,,,298,435,547,414,,,,945,,,,411,,,,346,157,234,142,79,267,246,479,279,,,222,16,,889,,,,,,,,,,,,,,,,,,6,,,,,,,,,,,146,,,,,,,,,,,,,,,,,487,279,,,,,,400,,,,,,664,333,379,381,,,,,,,,,,,,,,,,,,,,,,,,,,,,,,,,,,,,,,,,,,,,,,,,,,,,,,,,,,,,,,,,,48,,115,,,,,411,,,359,,,191,,,,,,254,,28,,,,,,143,,,,,,,,,,,,,,,,,,,,,,,,,,,,,,,,,,,,625,79,191,,623,,,,,311,347,,,,89,,,,,,59,,,,54,,,343,256,,317,,872,,179,,,,,131,369,,129,,,23,352,305,344,243,,205,,359,,,291,,,,,,,,,,,,,,,,,,,,,,,,,,,,,,,,,708,,134,133,48,309,,,558,,238,,,,,128,54,,358,,,158,,,,,,,581,,,547,,,,,,344,
