timestamp,bonn-bcp-parken-Rabinstrasse,bonn-bcp-parken-beethoven,bonn-bcp-parken-beetplatz,bonn-bcp-parken-bike-ride,bonn-bcp-parken-friedensplatz,bonn-bcp-parken-hauptbahnhof,bonn-bcp-parken-karstadt,bonn-bcp-parken-markt,bonn-bcp-parken-muensterplatz,bonn-bcp-parken-operngarage,bonn-bcp-parken-rheinaue,bonn-bcp-parken-stadthaus,bonn-bcp-parken-unigarage,braunschweig-parken-Parkhaus-Eiermarkt,braunschweig-parken-Parkhaus-Forschungsflughafen,braunschweig-parken-Parkhaus-Lange-Str-Nord,braunschweig-parken-Parkhaus-Magni,braunschweig-parken-Parkhaus-Packhof,braunschweig-parken-Parkhaus-Ring-Center,braunschweig-parken-Parkhaus-Schloss,braunschweig-parken-Parkhaus-Schutzenstrasse,braunschweig-parken-Parkhaus-Wallstrasse,braunschweig-parken-Parkhaus-Wilhelmstrasse,dresden-parken-Altmarkt,dresden-parken-Altmarkt-Galerie,dresden-parken-Ammonstrasse-Bus,dresden-parken-An-der-Frauenkirche,dresden-parken-Bahnhof-Neustadt,dresden-parken-Bluherstrasse,dresden-parken-Budapester-Strasse,dresden-parken-Centrum-Galerie,dresden-parken-Cossebaude,dresden-parken-Ferdinandplatz,dresden-parken-Fidelio-F-Finke-Strasse,dresden-parken-Frauenkirche-Neumarkt,dresden-parken-Freiberger-Platz,dresden-parken-GALERIA-Karstadt-Kaufhof,dresden-parken-Gompitz,dresden-parken-Grenzstrasse,dresden-parken-Haus-am-Zwinger,dresden-parken-Kaditz,dresden-parken-Klotzsche,dresden-parken-Kongresszentrum,dresden-parken-Kraftwerk-Mitte,dresden-parken-Langebruck,dresden-parken-Lindengasse,dresden-parken-Lingnerallee,dresden-parken-MESSE-DRESDEN-Parkplatz-P7,dresden-parken-Ostra-Allee,dresden-parken-Ostra-Ufer,dresden-parken-Palaisplatz,dresden-parken-Parkhaus-Mitte,dresden-parken-Pennrich,dresden-parken-Pieschener-Allee-Bus,dresden-parken-Pirnaische-Strasse,dresden-parken-Pirnaischer-Platz,dresden-parken-Prohlis,dresden-parken-Reick,dresden-parken-Reitbahnstrasse,dresden-parken-SP1-Strassburger-Platz,dresden-parken-SachsenEnergie-Center,dresden-parken-Sarrasanistrasse,dresden-parken-Schiessgasse,dresden-parken-Semperoper,dresden-parken-Stadtforum-Dresden,dresden-parken-Strehlener-Strasse,dresden-parken-Taschenbergpalais,dresden-parken-Terrassenufer,dresden-parken-Terrassenufer-Bus,dresden-parken-Theresienstrasse,dresden-parken-Weissig,dresden-parken-Weixdorf-Bad,dresden-parken-Wiener-Platz-Hauptbahnhof,dresden-parken-Wiesentorstrasse,dresden-parken-Wigardstrasse,dresden-parken-Wohrl-Florentinum,dresden-parken-World-Trade-Center,ffh-parken-bad-homburg-Am-Bahnhof,ffh-parken-bad-homburg-Louisen-Arkaden,ffh-parken-bad-homburg-Parkgarage-Karstadt,ffh-parken-bad-homburg-Parkgarage-Kurhaus,ffh-parken-bad-homburg-Parkgarage-Rathaus,ffh-parken-bad-homburg-Parkgarage-Schloss,ffh-parken-bad-homburg-Parkhaus-La-Vie,ffh-parken-bad-homburg-Parkhaus-am-Guterbahnhof,ffh-parken-bad-homburg-Parkhaus-am-Markt,ffh-parken-frankfurt-Aculeum,ffh-parken-frankfurt-Alt-Sachsenhausen,ffh-parken-frankfurt-Alte-Oper,ffh-parken-frankfurt-Am-Gericht,ffh-parken-frankfurt-Am-Theater,ffh-parken-frankfurt-Baseler-Platz,ffh-parken-frankfurt-Borse,ffh-parken-frankfurt-Burgerhaus-Bornheim,ffh-parken-frankfurt-Congresscenter-Messe-Frankfurt-Maritim-Hotel,ffh-parken-frankfurt-Friedrichsheim,ffh-parken-frankfurt-Gateway-Garden,ffh-parken-frankfurt-Goetheplatz,ffh-parken-frankfurt-Hafenpark-Quartier-NORD,ffh-parken-frankfurt-Hauptbahnhof-Sud,ffh-parken-frankfurt-Hauptwache,ffh-parken-frankfurt-Hotel-Intercontinental,ffh-parken-frankfurt-Hotel-Movenpick,ffh-parken-frankfurt-Junghofstrasse,ffh-parken-frankfurt-Konrad-Adenauer-Strasse,ffh-parken-frankfurt-Konstabler,ffh-parken-frankfurt-Mayfarth-Quartier,ffh-parken-frankfurt-Messeturm,ffh-parken-frankfurt-Mousonturm,ffh-parken-frankfurt-MyZeil-PalaisQuartier,ffh-parken-frankfurt-Opernturm,ffh-parken-frankfurt-Ordnungsamt,ffh-parken-frankfurt-P-R-Haus-Borsigallee,ffh-parken-frankfurt-P-R-Kalbach,ffh-parken-frankfurt-Parkhaus-Konigsteiner-Strasse,ffh-parken-frankfurt-Schiller-Passage,ffh-parken-frankfurt-Universitatsklinikum-Innengelande,ffh-parken-frankfurt-Universitatsklinikum-P2,ffh-parken-frankfurt-Universitatsklinikum-P5,ffh-parken-frankfurt-Universitatsklinikum-Sandhofstrasse,ffh-parken-frankfurt-Untermainanlage,ffh-parken-kassel-Atrium,ffh-parken-kassel-City-Point,ffh-parken-kassel-Friedrichsplatz,ffh-parken-kassel-Galeria,ffh-parken-kassel-Herkules-Besucherzentrum,ffh-parken-kassel-Kurfursten-Galerie,ffh-parken-kassel-Martinskirche,ffh-parken-kassel-Rathaus,ffh-parken-kassel-Schloss-Wilhelmshohe,ffh-parken-kassel-Wilhelmsstrasse,ffh-parken-mannheim-C1-Hauptverwaltung-MPB-Parkhaus,ffh-parken-mannheim-Collini-Center-Mulde-Parkplatz,ffh-parken-mannheim-D3-Tiefgarage,ffh-parken-mannheim-D5-Reiss-Museum-Tiefgarage,ffh-parken-mannheim-G1-Marktplatz-Tiefgarage,ffh-parken-mannheim-H6-Tiefgarage,ffh-parken-mannheim-Hauptbahnhof-P1-Tiefgarage,ffh-parken-mannheim-Hauptbahnhof-P2-Parkhaus,ffh-parken-mannheim-Hauptbahnhof-P3-Parkhaus,ffh-parken-mannheim-Hauptbahnhof-P5-Parkhaus,ffh-parken-mannheim-Klinikum-P3-Parkplatz,ffh-parken-mannheim-Klinikum-Tiefgarage,ffh-parken-mannheim-M4a-Parkplatz,ffh-parken-mannheim-N1-N2-Stadthaus-Parkhaus,ffh-parken-mannheim-N6-Komforthaus,ffh-parken-mannheim-N6-Standardhaus,ffh-parken-mannheim-SAP-Arena-P1-Parkplatz,ffh-parken-mannheim-SAP-Arena-P2-Parkplatz,ffh-parken-mannheim-SAP-Arena-P3-Parkplatz,ffh-parken-mannheim-SAP-Arena-P6-P8-Parkplatz,ffh-parken-mannheim-U2-Tiefgarage,ffh-parken-wiesbaden-PH-City-II,ffh-parken-wiesbaden-PH-Coulinstr,ffh-parken-wiesbaden-PH-Galeria-Kaufhof,ffh-parken-wiesbaden-PH-Karstadt,ffh-parken-wiesbaden-PH-Kurhaus-Casino,ffh-parken-wiesbaden-PH-Lili,ffh-parken-wiesbaden-PH-Luisenforum,ffh-parken-wiesbaden-PH-Luisenplatz,ffh-parken-wiesbaden-PH-Markt,ffh-parken-wiesbaden-PH-Mauritius,ffh-parken-wiesbaden-PH-Theater,ffh-parken-wiesbaden-TG-Lili,ffh-parken-wiesbaden-TG-RMCC,heilbronn-parken-Am-Bollwerksturm,heilbronn-parken-Bildungscampus-Mitte,heilbronn-parken-E-Quartiersgarage-Neckarbogen,heilbronn-parken-Harmonie,heilbronn-parken-Kathchenhof,heilbronn-parken-Kiliansplatz,heilbronn-parken-P-R-Karlsruher-Strasse,heilbronn-parken-Parkhaus-Experimenta,heilbronn-parken-Parkplatz-Hauptbahnhof,heilbronn-parken-Stadtgalerie,heilbronn-parken-Theaterforum-K3,heilbronn-parken-Wollhaus,ingolstadt-parken-Arena,ingolstadt-parken-Congressgarage,ingolstadt-parken-Festplatz,ingolstadt-parken-Hallenbad,ingolstadt-parken-Hauptbahnhof-Ost,ingolstadt-parken-Hauptbahnhof-West,ingolstadt-parken-Munster,ingolstadt-parken-Nordbahnhof,ingolstadt-parken-Reduit-Tilly,ingolstadt-parken-Schloss,ingolstadt-parken-Theater-Ost,ingolstadt-parken-Theater-West,konstanz-parken-Altstadt,konstanz-parken-Augustiner,konstanz-parken-Dobele,konstanz-parken-Fernbusbahnhof,konstanz-parken-Fischmarkt,konstanz-parken-Lago,konstanz-parken-Seerheincenter,mobilitaet-jena-Am-Anger,mobilitaet-jena-Am-Gries,mobilitaet-jena-Am-Planetarium,mobilitaet-jena-Am-Stadion,mobilitaet-jena-August-Bebel-Strasse,mobilitaet-jena-Bachstrasse,mobilitaet-jena-Busbahnhof,mobilitaet-jena-City-Carree,mobilitaet-jena-Eichplatz,mobilitaet-jena-Eisenbahndamm,mobilitaet-jena-Erbertstrasse,mobilitaet-jena-Ernst-Abbe-Strasse,mobilitaet-jena-Ernst-Haeckel-Strasse,mobilitaet-jena-Gartenstrasse,mobilitaet-jena-Goethe-Galerie,mobilitaet-jena-Grietgasse,mobilitaet-jena-Haeckelplatz,mobilitaet-jena-Holzmarkt,mobilitaet-jena-Krautgasse,mobilitaet-jena-Lassallestrasse,mobilitaet-jena-Lessingstrasse,mobilitaet-jena-Muhlenstrasse,mobilitaet-jena-Neue-Mitte,mobilitaet-jena-Paradiesbahnhof,mobilitaet-jena-Philosophenweg,mobilitaet-jena-Roland-Ducke-Weg,mobilitaet-jena-Schlossgasse,mobilitaet-jena-Seidelparkplatz,mobilitaet-jena-Seidelstrasse,mobilitaet-jena-Semmelweissstrasse,mobilitaet-jena-Sophienstrasse,mobilitaet-jena-Spitzweidenweg,mobilitaet-jena-Steinkreuz,mobilitaet-jena-Stoystrasse,mobilitaet-jena-Wagnergasse,mobilitaet-jena-Westbahnhof,mobilitaet-jena-Wiesenstrasse,mobilitaet-jena-Windberg,mobilitaet-jena-Wollnitzer-Strasse,mobilitaet-jena-Ziegelmuhlenweg,oldenburg-service-parken-Altes-Gymnasium,oldenburg-service-parken-CCO-Parkdeck-1,oldenburg-service-parken-CCO-Parkdeck-2,oldenburg-service-parken-Parkhaus-Alter-Stadthafen-Cinemaxx,oldenburg-service-parken-Parkhaus-Am-Waffenplatz,oldenburg-service-parken-Parkhaus-August-Carree,oldenburg-service-parken-Parkhaus-Bahnhof-ZOB,oldenburg-service-parken-Parkhaus-Galeria-Kaufhof,oldenburg-service-parken-Parkhaus-Heiligengeist-Hoefe,oldenburg-service-parken-Parkhaus-Schlosshoefe,oldenburg-service-parken-Parkhaus-Theatergarage,oldenburg-service-parken-Parkplatz-Pferdemarkt,oldenburg-service-parken-Parkplatz-Theaterwall,oldenburg-service-parken-Ratsherren,parken-in-bochum-P1-Husemannplatz,parken-in-bochum-P2-Dr-Ruer-Platz,parken-in-bochum-P3-Rathaus-BVZ,parken-in-bochum-P5-Bruckstrasse,parken-in-bochum-P6-Hauptbahnhof-Buddenbergplatz,parken-in-bochum-P7-Kurt-Schumacher-Platz,parken-in-bochum-P8-Konrad-Adenauer-Platz-Bermuda3Eck,parken-in-bochum-P9-Schauspielhaus,parken-in-bochum-PH-Alter-Markt-Wattenscheid,parken-in-bochum-PH-Bochumer-Fenster,parken-in-bochum-PH-Husemann-Karree,parken-in-bochum-PH-Massenbergstrasse,parken-in-bochum-PH-Quartiersgarage-Ostpark,parken-in-bochum-PH-Stadionring,parken-in-bochum-PH-Westpark-Jahrhunderthalle,parken-luebeck-Am-Bahnhof-Handelshof-Parkplatz-Strassenrand-Am-Bahnhof-Handelshof-Parkplatz-Strassenrand-Lubeck,parken-luebeck-Am-Burgfeld-Parkplatz-Am-Burgfeld-Parkplatz-Lubeck,parken-luebeck-Am-Fischereihafen-Parkplatz-Am-Fischereihafen-Parkplatz-Travemunde,parken-luebeck-Am-Leuchtenfeld-Leuchtturm-Parkplatz-Am-Leuchtenfeld-Leuchtturm-Parkplatz-Travemunde,parken-luebeck-Backbord-Parkplatz-Backbord-Parkplatz-Travemunde,parken-luebeck-Bahnhof-Parkplatz-Strassenrand-Bahnhof-Parkplatz-Strassenrand-Lubeck,parken-luebeck-Bauhof-Parkplatz-Bauhof-Parkplatz-Lubeck,parken-luebeck-Beckergrube-Parkplatz-Beckergrube-Parkplatz-Lubeck,parken-luebeck-Bruckenweg-Parkplatz-Bruckenweg-Parkplatz-Lubeck,parken-luebeck-Burgstrasse-Parkplatz-Burgstrasse-Parkplatz-Lubeck,parken-luebeck-Fahrstrasse-Parkplatz-Fahrstrasse-Parkplatz-Lubeck,parken-luebeck-Fahrvorplatz-Parkplatz-Fahrvorplatz-Parkplatz-Travemunde,parken-luebeck-Hafenbahnhof-Parkplatz-Hafenbahnhof-Parkplatz-Travemunde,parken-luebeck-Hermann-Lange-Strasse-Parkplatz-Hermann-Lange-Strasse-Parkplatz-Lubeck,parken-luebeck-Huxterdamm-Parkplatz-Huxterdamm-Parkplatz-Lubeck,parken-luebeck-Kanalstrasse-P2-Parkplatz-Kanalstrasse-P2-Parkplatz-Lubeck,parken-luebeck-Kanalstrasse-P3-Parkplatz-Kanalstrasse-P3-Parkplatz-Lubeck,parken-luebeck-Kanalstrasse-P4-Parkplatz-Kanalstrasse-P4-Parkplatz-Lubeck,parken-luebeck-Kanalstrasse-P5-Parkplatz-Kanalstrasse-P5-Parkplatz-Lubeck,parken-luebeck-Kanalstrasse-Strassenrand-Parkplatz-Kanalstrasse-Strassenrand-Parkplatz-Lubeck,parken-luebeck-Kirchenstrasse-Parkplatz-Kirchenstrasse-Parkplatz-Travemunde,parken-luebeck-Konrad-Adenauer-IHK-Parkplatz-Strassenrand-Konrad-Adenauer-IHK-Parkplatz-Strassenrand-Lubeck,parken-luebeck-Kowitzberg-Parkplatz-Kowitzberg-Parkplatz-Travemunde,parken-luebeck-Kurgartenstrasse-Parkplatz-Kurgartenstrasse-Parkplatz-Travemunde,parken-luebeck-Lastadie-P1-Parkplatz-Lastadie-P1-Parkplatz-Lubeck,parken-luebeck-Lastadie-P3-Parkplatz-Lastadie-P3-Parkplatz-Lubeck,parken-luebeck-Lastadie-P5-Parkplatz-Lastadie-P5-Parkplatz-Lubeck,parken-luebeck-Leuchtenfeld-Parkplatz-Leuchtenfeld-Parkplatz-Travemunde,parken-luebeck-Marlesgrube-Parkplatz-Marlesgrube-Parkplatz-Lubeck,parken-luebeck-Mowenstein-Parkplatz-Mowenstein-Parkplatz-Travemunde,parken-luebeck-MuK-Parkplatz-MuK-Parkplatz-Lubeck,parken-luebeck-Muhlenbrucke-Parkplatz-Muhlenbrucke-Parkplatz-Lubeck,parken-luebeck-Muhlendamm-Parkplatz-Muhlendamm-Parkplatz-Lubeck,parken-luebeck-Muhlenstrasse-Parkplatz-Muhlenstrasse-Parkplatz-Lubeck,parken-luebeck-Mullergarten-Parkplatz-Mullergarten-Parkplatz-Lubeck,parken-luebeck-Musterbahn-Parkplatz-Musterbahn-Parkplatz-Lubeck,parken-luebeck-Nordliche-Wallhalbinsel-Parkplatz-Nordliche-Wallhalbinsel-Parkplatz-Lubeck,parken-luebeck-Obertrave-Parkplatz-Strassenrand-Obertrave-Parkplatz-Strassenrand-Lubeck,parken-luebeck-Parade-Parkplatz-Parade-Parkplatz-Lubeck,parken-luebeck-Parkplatz-vor-dem-PH-Burgtor-Parkplatz-Parkplatz-vor-dem-PH-Burgtor-Parkplatz-Lubeck,parken-luebeck-Paul-Brummer-Strasse-Parkplatz-Paul-Brummer-Strasse-Parkplatz-Travemunde,parken-luebeck-Priwall-Parkplatz-Priwall-Parkplatz-Travemunde,parken-luebeck-Radisson-Blu-Parkplatz-Radisson-Blu-Parkplatz-Lubeck,parken-luebeck-Retteich-Parkplatz-Retteich-Parkplatz-Lubeck,parken-luebeck-Roeckstrasse-Parkplatz-Roeckstrasse-Parkplatz-Lubeck,parken-luebeck-Rose-Parkplatz-Rose-Parkplatz-Travemunde,parken-luebeck-Strandbahnhof-Parkplatz-Strandbahnhof-Parkplatz-Travemunde,parken-luebeck-Trelleborgallee-Parkplatz-Trelleborgallee-Parkplatz-Travemunde,parken-luebeck-Untertrave-Flache-1-Parkplatz-Strassenrand-Untertrave-Flache-1-Parkplatz-Strassenrand-Lubeck,parken-luebeck-Untertrave-Parkplatz-Untertrave-Parkplatz-Lubeck,parken-luebeck-Verwaltungszentrum-Muhlentor-Parkplatz-Verwaltungszentrum-Muhlentor-Parkplatz-Lubeck,parken-luebeck-Vogteistrasse-Parkplatz-Vogteistrasse-Parkplatz-Travemunde,parken-luebeck-Wallstrasse-Parkplatz-Wallstrasse-Parkplatz-Lubeck,parken-luebeck-Werner-Kock-Strasse-Parkplatz-Strassenrand-Werner-Kock-Strasse-Parkplatz-Strassenrand-Lubeck,parken-osnabrueck-11,parken-osnabrueck-13,parken-osnabrueck-16,parken-osnabrueck-17,parken-osnabrueck-18,parken-osnabrueck-19,parken-osnabrueck-21,parken-osnabrueck-22,parken-osnabrueck-23,parken-osnabrueck-24,parken-osnabrueck-25,parken-osnabrueck-26,parken-osnabrueck-27,parken-osnabrueck-28,parken-osnabrueck-29,parken-osnabrueck-30,parken-osnabrueck-31,parken-osnabrueck-32,parken-osnabrueck-33,parken-osnabrueck-34,parken-osnabrueck-35,parken-osnabrueck-36,parken-osnabrueck-37,parken-osnabrueck-38,parken-osnabrueck-39,parken-osnabrueck-40,parken-osnabrueck-41,parken-osnabrueck-43,parken-osnabrueck-44,parken-osnabrueck-45,parken-osnabrueck-46,parken-osnabrueck-49,parken-osnabrueck-50,parken-osnabrueck-51,regensburg-parken-Park-Ride-Parkplatz-Unterer-Wohrd,regensburg-parken-Park-Ride-Parkplatz-West,regensburg-parken-Parkhaus-Dachauplatz,regensburg-parken-Parkhaus-Dallmeier,regensburg-parken-Parkhaus-Regensburg-Arcaden,regensburg-parken-Parkhaus-St-Peters-Weg,regensburg-parken-Parkplatz-Dultplatz,regensburg-parken-Tiefgarage-Arnulfsplatz,regensburg-parken-Tiefgarage-Hauptbahnhof-Castra-Regina-Center,regensburg-parken-Tiefgarage-am-Theater-Bismarckplatz,reutlingen-parken-Am-Bahnhof,reutlingen-parken-Bahnhof,reutlingen-parken-Echaz-Zentrum,reutlingen-parken-Galeria-Kaufhof,reutlingen-parken-Gartentor-C-A-Mode,reutlingen-parken-Gartenviertel,reutlingen-parken-Kaiserpassage,reutlingen-parken-Klinikum-I,reutlingen-parken-Klinikum-II,reutlingen-parken-Konrad-Adenauer-Strasse-Eberhardstrasse,reutlingen-parken-Kronprinzenbau,reutlingen-parken-Lederstrasse,reutlingen-parken-Nordstern,reutlingen-parken-Obere-Wassere,reutlingen-parken-Parkgarage-Leonhardsplatz,reutlingen-parken-Parkhaus-Pomologie,reutlingen-parken-Rathaus-Tubinger-Tor,reutlingen-parken-Stadthalle,reutlingen-parken-Stadtmitte,reutlingen-parken-Unter-den-Linden,reutlingen-parken-Volksbank,sw-bielefeld-parken-Parkhaus-Am-Hauptbahnhof,sw-bielefeld-parken-Parkhaus-Am-Jahnplatz,sw-bielefeld-parken-Parkhaus-Am-Zwinger,sw-bielefeld-parken-Parkhaus-Ankergarten,sw-bielefeld-parken-Parkhaus-Bahnhofsviertel-1,sw-bielefeld-parken-Parkhaus-Bahnhofsviertel-2,sw-bielefeld-parken-Parkhaus-Centrum,sw-bielefeld-parken-Parkhaus-Karstadt,sw-bielefeld-parken-Parkhaus-LOOM,sw-bielefeld-parken-Parkhaus-Ritterstrasse,sw-bielefeld-parken-Parkhaus-Stadthalle,sw-bielefeld-parken-Parkpalette-Hermann-Delius-Strasse,sw-bielefeld-parken-Parkplatz-Friedenstrasse,sw-bielefeld-parken-Parkplatz-Grosse-Kurfursten-Str,sw-bielefeld-parken-Parkplatz-Hbf,sw-bielefeld-parken-Parkplatz-Herforder-Str,sw-bielefeld-parken-Parkplatz-Kunsthalle,sw-bielefeld-parken-Parkplatz-Mercatorstr,sw-bielefeld-parken-Parkplatz-Niederwall,sw-bielefeld-parken-Parkplatz-Teutoburger-Strasse,sw-bielefeld-parken-Parkplatz-Zentrum,sw-bielefeld-parken-Parkplatze-Werner-Bock-Strasse,sw-bielefeld-parken-Seidenstickerhalle,sw-bielefeld-parken-Tiefgarage-Altstadt-Carre,sw-bielefeld-parken-Tiefgarage-Am-Theater,sw-bielefeld-parken-Tiefgarage-Kesselbrink,sw-bielefeld-parken-Tiefgarage-Marktpassage-nicht-fur-gasbetriebene-Fahrzeuge,sw-bielefeld-parken-Tiefgarage-Neues-Rathaus,sw-bielefeld-parken-Tiefgarage-Welle,sw-bielefeld-parken-Tiefgarage-Willy-Brandt-Platz,sw-bielefeld-parken-Tiefgarage-und-Parkpalette-CineStar,swt-trier-parken-Basi,swt-trier-parken-City,swt-trier-parken-Hauptm,swt-trier-parken-Kons,swt-trier-parken-Osta,swt-trier-parken-ParkPlaza,swt-trier-parken-Vieh,tiefbauamt-nuernberg-parken-ADCOM-Center,tiefbauamt-nuernberg-parken-Adlerstrasse,tiefbauamt-nuernberg-parken-City-Park-Center,tiefbauamt-nuernberg-parken-Erler-Klinik,tiefbauamt-nuernberg-parken-Findelgasse,tiefbauamt-nuernberg-parken-Galeria-Kaufhof,tiefbauamt-nuernberg-parken-Hans-Sachs-Platz,tiefbauamt-nuernberg-parken-Hauptbahnhof,tiefbauamt-nuernberg-parken-Hauptmarkt,tiefbauamt-nuernberg-parken-Jakobsmarkt,tiefbauamt-nuernberg-parken-Katharinenhof,tiefbauamt-nuernberg-parken-PH-Nurnberger-Akademie,tiefbauamt-nuernberg-parken-Parkhaus-City-Point,tiefbauamt-nuernberg-parken-Parkhaus-Karstadt,tiefbauamt-nuernberg-parken-Parkhaus-Maximum,tiefbauamt-nuernberg-parken-Parkhaus-Wohrl,tiefbauamt-nuernberg-parken-Parkhausname,tiefbauamt-nuernberg-parken-Sebalder-Hofe,tiefbauamt-nuernberg-parken-Sterntor,tiefbauamt-nuernberg-parken-Theater,vmz-bremen-parken-Am-Bahnhof,vmz-bremen-parken-Am-Brill,vmz-bremen-parken-Am-Dom,vmz-bremen-parken-Am-Kuhhirten,vmz-bremen-parken-Am-Sedanplatz,vmz-bremen-parken-Am-Vegesacker-Hafen,vmz-bremen-parken-Am-Wall,vmz-bremen-parken-Aumunder-Markplatz,vmz-bremen-parken-Beckersweide,vmz-bremen-parken-Burgerweide,vmz-bremen-parken-Burgerweide-Klangbogen,vmz-bremen-parken-City-Gate,vmz-bremen-parken-Fresenbergstrasse-P1,vmz-bremen-parken-Fresenbergstrasse-P2,vmz-bremen-parken-Herdentor-Rembertiring,vmz-bremen-parken-Hillmannplatz,vmz-bremen-parken-Im-Pohl,vmz-bremen-parken-Katharinenklosterhof,vmz-bremen-parken-Kunstlerhaus-Guterbahnhof,vmz-bremen-parken-Lubecker-Strasse,vmz-bremen-parken-Messe-Parkhaus,vmz-bremen-parken-Mitte,vmz-bremen-parken-Ortsamt-Blumenthal,vmz-bremen-parken-Ostertor-Kulturmeile,vmz-bremen-parken-Pressehaus,vmz-bremen-parken-Rowekamp-Metropol-Theater,vmz-bremen-parken-Sagerstr,vmz-bremen-parken-Silbermannstrasse,vmz-bremen-parken-Stephani,vmz-bremen-parken-Uberseestadt,vmz-bremen-parken-Weserstadion,vtmanager-duesseldorf-parken-FLOAT,vtmanager-duesseldorf-parken-Heerdt,vtmanager-duesseldorf-parken-PH-01,vtmanager-duesseldorf-parken-PH-02,vtmanager-duesseldorf-parken-PH-03,vtmanager-duesseldorf-parken-PH-04,vtmanager-duesseldorf-parken-PH-06,vtmanager-duesseldorf-parken-PH-08,vtmanager-duesseldorf-parken-PH-09,vtmanager-duesseldorf-parken-PH-10,vtmanager-duesseldorf-parken-PH-11,vtmanager-duesseldorf-parken-PH-12,vtmanager-duesseldorf-parken-PH-13,vtmanager-duesseldorf-parken-PH-16,vtmanager-duesseldorf-parken-PH-17,vtmanager-duesseldorf-parken-PH-18,vtmanager-duesseldorf-parken-PH-20,vtmanager-duesseldorf-parken-PH-22,vtmanager-duesseldorf-parken-PH-23,vtmanager-duesseldorf-parken-PH-24,vtmanager-duesseldorf-parken-PH-25,vtmanager-duesseldorf-parken-PH-26,vtmanager-duesseldorf-parken-PH-29,vtmanager-duesseldorf-parken-PH-33,vtmanager-duesseldorf-parken-PH-34,vtmanager-duesseldorf-parken-PH-35,vtmanager-duesseldorf-parken-PH-37,vtmanager-duesseldorf-parken-PH-39,vtmanager-duesseldorf-parken-PH-42,vtmanager-duesseldorf-parken-PH-43,vtmanager-duesseldorf-parken-PH-45,vtmanager-duesseldorf-parken-PH-46,vtmanager-duesseldorf-parken-PH-47,vtmanager-duesseldorf-parken-PH-48,vtmanager-duesseldorf-parken-PH-50,vtmanager-duesseldorf-parken-PH-51,vtmanager-duesseldorf-parken-PH-52,vtmanager-duesseldorf-parken-PH-53,vtmanager-duesseldorf-parken-PH-54
2026-09-14T00:00:01+00:00,225,,59,120,,68,,261,,,220,239,338,469,,341,,,,1245,167,519,418,592,,,105,,,80,1142,31,97,68,161,,,,,169,169,0,141,0,40,,,,,101,,324,48,107,,22,55,19,83,156,184,18,139,208,87,230,72,48,17,110,,,407,0,,153,322,370,230,292,238,131,225,21,195,63,513,165,318,402,300,238,619,64,,217,250,501,214,434,211,146,119,277,351,418,179,817,70,828,233,121,303,299,183,317,922,18,,487,86,,,,202,280,536,,,390,,0,0,0,0,281,0,0,0,0,553,0,0,0,0,187,219,0,0,0,0,0,260,129,,10,219,370,255,292,86,181,74,150,89,335,477,558,475,68,230,,994,432,618,380,409,397,642,987,640,199,600,262,111,374,242,525,325,,,262,16,150,901,,0,0,0,0,0,0,0,23,272,0,0,0,0,0,430,0,11,88,148,0,0,0,0,0,0,0,0,98,0,0,0,0,52,0,0,0,0,67,0,0,48,209,36,208,559,295,214,272,255,428,0,401,74,12,450,351,408,666,346,405,560,133,,235,362,96,,1380,,,,358,,117,,,,,,,,0,,,210,60,65,23,,,,450,,,27,251,340,,,342,,,,,,,,,,,,14,,,,,,,,,,,,0,121,0,130,0,133,0,236,533,422,38,39,266,202,0,211,20,0,20,81,193,0,0,33,292,0,299,200,117,148,888,45,142,53,116,0,535,72,1120,349,0,124,427,202,0,118,209,289,84,0,0,343,343,116,0,314,0,343,209,135,289,200,249,0,0,850,88,206,80,714,,322,350,,322,396,,,110,128,,,,,,76,,,316,134,,,444,268,,195,157,750,263,194,697,97,251,67,176,394,120,138,162,54,166,398,355,387,202,0,228,31,378,,202,339,0,,,,,,,,,,,,,,,,,,,,,,,,,,,,,,,,637,147,149,494,100,361,256,100,567,209,262,345,97,128,,158,230,100,432,200,474,265,360,,,,200,526,621,125,,557,,187,181,160,641,369,130
2026-09-14T00:15:01+00:00,,,,,,,,,,,,,,,,,,,,,,,,,,,,,,,,,,,,,,,,,,,,,,,,,,,,,,,,23,,,82,,,,140,,,,,,,,,,,,,,,371,,,,,,,,,512,,,403,,,,,,,,,,,,,,,,,,,71,,232,,,,,318,923,,,,,,,,,,,,,,,,,,,283,,,,,,,,,,,218,,,,,,,,,,,,,,,,,,,,479,559,476,,,,,,,,,,,,641,200,599,,,,,,,,,,16,,902,,,,,,,,,,,,,,,,,,,,,,,,,,,,,,,,,,,,,,,,,,,,,,560,,,,,,,,,,,,,,,406,,,,,,,,,,,,,,,,,,,,,,,,,,,,,,,,,,,,,,,,,,,,,,,,,,,,,,,,,,,,,,,,,,,,,,,,,,,,,,,,,,,,,,,,,,,,118,,,,,,118,,537,,1134,350,,,428,203,,,,,,,,,,,,,,,,,,,,,,,,,,715,,,349,,,395,,,,,,,,,,,,,,,,,445,,,,,,,,,,,,,,,,,,,,,,,,,,,,,,,,,,,,,,,,,,,,,,,,,,,,,,,,,,,,,,,,,495,,,,,,,261,,,,,,,,,,,,,,,,,,,,,,,,,,,,
2026-09-14T00:30:01+00:00,,,,,,,,,,,,,,,,,,,,,,,,,,,,,,81,,,,,,,,,,,,,,,,,,,,,,,,,,,,,81,,,,,,,,,,,,,,,,,,321,,,,,,,,,,,,,,,,,,,,,,,,,,,,,419,,,,,,,,,,322,924,,,,,,,,,,,,,,,,,,,299,,,,,,,,,,186,219,,,,,,,,,,,,,,,,,,,,480,558,,,,,,,,,,,,,,,,,,,,,,,,263,16,,903,,,,,,,,,,,,,,,,,,,,,,,,,,,,,,,,,,,,,,,,,,,,,,,,,,,,,,,,,,,,,,561,,,,,,,,,,,,,,,,,,,,,,,,,,,,,,,,,,,,,,,,,,,,,,,,,,,,,,,,,,,,,,,,,,,,,,237,,,,,,,,,,,,,,,,34,,,,,,,,,,,,,,,,,,,,,,,,,,,,,,,,,,,,,,,,,,849,,,,,,,,,,,,,,,,,,,,,,,,,,,,,,,,,,,,,,,,,,139,,,,,356,392,204,,234,,,,,,,,,,,,,,,,,,,,,,,,,,,,,,,,,,,,,,,,,498,,,,,,,,,,,,,,,,,,,,,,,,,,,,,,,,,,,
2026-09-14T00:45:01+00:00,,,,,,,,,,,,238,,,,,,,,,,,,,,,,,,,,,,,,,,,,,,,,,,,,,,,,,,,,,,,82,,,,,,,,,,,,,,406,,,,,,,,,,,,,,,,,402,,,,,,,,,,,212,,,,,,,,,,,,,,,325,923,,,,,,,,,,,,,,,,,,,,,,,,,,,,,198,218,,,,,,,,,,,,,,,,,,,,476,557,,,,,,435,,,,,,,,,598,,108,,,,,,,264,16,,,,,,,,,,,,,,,,,,,,,,,,,,,,,,,,,,,,,,,,,,,,,,,,,,,,,,,400,,,,,,,,,,,,,,,,,,,,,,,,,,,,,,,,,,,,,,,,,,,,,,,,,,,,,,,,,,,,,,,,,,,,,,,,,,,,,,,238,,,,,,,,,,,,,,,,,,,,,,,,,,,,,,,,,,,,,,,,,,,,,,,,,,,,,,,,,,,,,,,,,,,,,,,,,,,,,,,,,,,,,,,,,,,,,,,,,,,,,,,169,,,,,,,,,,,,,,,,,,,,,,,,,,,,,,,,,,,,,,,,,,,,,,,,,,,,,,,,,,,,,,,,,,,,,,,,,,,558,,,,,,,
2026-09-14T01:00:01+00:00,,,,,,,,260,,,,,,,,,,,,,,,,,,,,,,,,,98,,,,,,,,,,,,,,,,,,,,,,,,,,80,,,,,,,,,,,,,,,,,,,,,,,,,,,,510,,,,,,,,,,,519,,,213,,,,,420,,,,830,,,,,,,924,,,,,,,,,,,,,,,,,,,,,,,,,,,,,,233,,,,,,,,,,,,,,,,,,,,479,556,,,,,,438,,,,,,986,,,,,,,,,,,,,16,,,,,,,,,,,,,,,,,,,,,,,,,,,,,,,,,,,,,,,,,,,,,,,,,,,,,,,,,,,,,,,,560,,,,,,,,,,,,,,,,,,,,,,,,,,,,,,,,,,,,,,,,,,,,,,,,,,,,,,,,,,,,,,,,,,,,,,,,,,,,,,,,,,,,,,,,,,,,,,,,,,,,,,,,,,,,,,,,,,,,,,,,,,,,,,,,,,,,,,,,,,396,,,,,,,,,,,,,,,,,,,,,,,,,,,,,,,,,,,,,,,,,,,,,,,,,,,,,,,,,,,,,,,,,,,,,,,,,,,,,,,,,,,,,,,,,,,,,,,,,,,,264,,,,,,,,,,,,,,,,,
2026-09-14T01:00:02+00:00,,,,,,,,,,,,,,,,,,,,,,,,,,,,,,,,,,,,,,,,,,,,,,,,,,,,,,,,,,,,,,,,,,,,,,,,,,,,,,,,,,,,,,,,,,,,,,,,,,,,,,,,,,,,,,,,,,,,,,,,,,,,,,,,,,,,,,,,,,,,,,,,,,,,,,,,,,,,,,,,,,,,,,,,,,,,,,,,,,,,,,,,,,,,,,,,,,,,,,,,,,,,,,,,,,,,,,,,,,,,,,,,,,,,,,,,,,,,,,,,,,294,,,,,,399,,,,,,,,,,,,,,,,,,,,,,,,,,,,,,,,,,,,,,,,,,,,,,,,,,,,,,,,,,,,,,,,,,,,,,,,,,,,,,,,,,,,,,,,,,,,,,,,,,,,119,,,,,,,,,,,,,,,,,,,,,,,,,,,,,,,,,,,,,,,,,,,,,,,,,,,,,,,,,,,,,,,,,,,,,,,,,,,,,,,,,,,,,,,,233,,,,,,,,,,,,,,,,,,,,,,,,,,,,,,,,,,,,,,,,,,,,,,,,,,,,,,,,,,,,,,,,,,,,,,,,,,,,
2026-09-14T01:15:01+00:00,,,,119,,,,,,,,,,,,,,,,,,,,,,,,,,,,,,,,,,,,,,,,,,,,,,,,,45,,,,57,18,,,,,,,,235,,,,,,,407,,,,,,,,,,,,,,,,,,,,,,,,251,,,,,,,,,419,,,,,233,,,,,,925,,,,,,,,,,537,,,,,,,,,,,,,,551,,,,,,,,,,,,,,,,,,,,,,,,,,480,,,,,,,,,,,,,,,202,605,,,,,,,,,,16,,902,,,,,,,,,,,,,,,,,,,,,,,,,,,,,,,,,,,,,,,,,,,,,,,295,,,,,,,,,,,,,,,,,,,,,,1381,,,,,,,,,,,,,,,,,,,,,,,,,,,,,,,,,,,,,,,,,,,,,,,,,,,,,,,,,,,,,,,,,,,,,,,,,,,,,,,,,,,,,,,,,,,,,,1133,,,,,,,,,,,,,,,,,,,,,,,,,,,,,,,,,,,,,,,,109,,,,,,,,,,,,,,,,,,,,,,,,,,,,,,,,170,,,,,,,,,,,,,,,,,,,,,,,,,,,,,,,,,,,,,,,,,,,,,,,,,,,,,,,,,,,,,,,,,,,,,,,,,,,,,,,,,,
2026-09-14T01:30:01+00:00,,,,,,,,,,,,,,,,,,,,,,,,,,,,,,,,,,,,,,,,,,,,,,,,,,,,,,,,22,,,,,,,,,,,,,,,,,,,,,,,,,,,,,,,509,,,,,,,,,,,,,,,,,,348,,,,,,,,,300,,,927,,,,,,,,,,,,,,,,,,,,,,,,553,,,,,,,,,,,,,,,,,,,,,,,,,,476,554,,,,,,,,,,,,987,,,,,,,,,,,,,16,,,,,,,,,,,,,,,,,,,,,,,,,,,,,,,,,,,,,,,,,,,,,,,,,,,,,,,400,,,,,,,,,,,,,,,,1380,,,,,,,,,,,,,,,,,,,,,,,,,,,,,,,,,,,,,,,,,,,,,,,,,,,,,,,,,,,,,,,,,,,,,,,,,,,,,,,,,,,,,,,,,,,,,,,,,,,,,,,,,,,,,,,,,,,,,,,,,,,,,,,,,,,,,,,,,,,,,,,,,,,,,,,,,,,,,,,,,,,,,,,,,,,,,,,,,,,,,,,,,,,,,,,,,,,,,,,,,,,,,,,,,,,,,499,,,,,,,,,,,,,,,,,,,,,,,,,,,,557,,,,,,,
2026-09-14T01:45:02+00:00,,,,,,,,,,,,,,,,,,,,,,,,,,,,,,,,32,,,,,,,,,,,,,,,,,,,,,,,,,,,79,,,,,,,,,,,,,,,,,,,,,,,,,,,,,,,403,,,,,,,250,,,,,,,276,351,,,,,,,,,301,,,926,,,,,,,,,,,,,,,,,,,,,,,,552,,,,,,,,,,,,,,,,,,,,,,,,,,480,553,,,,,,,619,,,,,,,,604,,107,,,,,,,,16,,903,,,,,,,,,,,,,,,,,,,,,,,,,,,,,,,,,,,,,,,,,,,,,,,,213,,,,,,,,,,,,,,,,,,,,,,,,,,,,,,,,,,,,,,,,,,,,,,,,,,,,,,,,,,,,,,,,,,,,,,,,,,,,,,,,,,,,,,,,,,,,,,,,,,,,,,,,,,,,,,,,,,,,,,,,,,,,,,,,,,,,,,,,,,,,,,,,,,,,,,,,,,,,,,,,,,,,,,,,,,,,,158,,,,,,,,,,,,,,,,,,,,,,,,,,,,,,,,,,,,,,,,,,,,,,,,,,,,,,,,,,,,,,,,,,,,,,,,,,,,,,,,,,,,,,,,,,,,,,,,
2026-09-14T02:00:01+00:00,,,,,,,,,,,,239,,,,,,,,,,,,,,,,,,,,,,,,,,,,,,,,,,,,,,,,,,,,,,,,,,,,,,,,,,,,,405,,,,,,,,,,,,,,508,,,402,,,,,,,,,,,,,,,,418,,,,,,,,302,,,,,,,,,,,,,,,,,,,,,,,,,,,,,,,,,,,,,,,,,,,,,,,,,,,,,,552,,,,,,437,,,403,,,,,,,,,,,,,,,,16,,,,,,,,,,,,,,,,,,,,,,,,,,,,,,,,,,,,,,,,,,,,,,,,559,296,,,,,,401,,,,,,,,,,,,,,,,1381,,,,,,,,,,,,,,,,,,,,,,,,,,,,,,,,,,,,,,,,,,,,,,,,,,,,,,,,,,,,,,,,,,,,,,,,,,,,,,,,,,,,,,,,,,,,,,,,,,,,,,,,,,,,,,,,,,,,,,,,,,,,,,,,,,,,,,,127,,,,,,,,,,,,,,,,,,,,,,,,,,,,,,,,,354,,,,,,,,,,,,,,,,,,,,,,,,,,,,,,,,,,,,,,,,,,,,,500,,,,,,,,,,,,,,,,,,,,,,,,,,,,,,,,,,,
2026-09-14T02:00:02+00:00,,,,,,,,,,,,,,,,,,,,,,,,,,,,,,,,,,,,,,,,,,,,,,,,,,,,,,,,,,,,,,,,,,,,,,,,,,,,,,,,,,,,,,,,,,,,,,,,,,,,,,,,,,,,,,,,,,,,,,,,,,,,,,,,,,,,,,,,,,,,,,,,,,,,,,,,,,,,,,,,,,,,,,,,,,,,,,,,,,,,,,,,,,,,,,,,,,,,,,,,,,,,,,,,,,,,,,,,,,,,,,,,,,,,,,,,,,,,,,,,,,,,,,,,,,,,,,,,,,,,,,,,,,,,,,,,,,,,,,,,,,,,,,,,,,,,,,,,,,,,,,,,,,,,,,,,,,,,,,,,,,,,,,,,,,,,,,,,,,,,,,,,291,,,,,,887,,,,,,,,,,,,,,,,,,,,,,,,,,,,,,,,,,,,,,,,,,,,,,,,,,,,,,,,,,,,,,,,,,,,,,,,,,,,,,,,,,,,,,,,,,,,,,,,,,,,,,,,,,,,,,,,,,,,,,,,,,,,,,,,,,,,,,,,,,,,,,,,,,,,,,,,,,,,,,,,,,
2026-09-14T02:15:02+00:00,223,,,,,,,,,,,,,,,,,,,,,,,,,,,,,,,,,,,,,,,,168,,,,,,,,,,,,,,,,56,17,77,,,,,209,,,,,,,,,404,,,,220,,,,,,,,,,,,,400,,,,,,,,,,,,,,,348,,,,,,,,,,,,923,,,,,,,,202,280,537,,,390,,,,,,,,,,,,,,,,,,,,,,,,,,,,,,,,,,,,,479,550,,,,,,436,,,,,,,,,,,106,,,,,,,,16,,,,,,,,,,,,,,,,,,,,,,,,,,,,,,,,,,,,,,,,,,,,,,,,549,297,,,,,,,69,14,,,,,,,,,,,,,,,,,,,,,,,,,,,,,,,,,,,,,,,,,,,,,,,,,,,,,,,,,,,,,,,,,,,,,,,,52,,,,,,,,,,,,,,,,,,,,,,,,,,,,,,,,116,,,,,351,,,,,,,,,,,,,,,,,,,,,,,,,,846,,,,,,,350,,,,,,108,,,,,,,,,,,,,,,,,,,,,,,,,,,,,,,,167,,,,,,,,,,,,,,,,,,,,,,,,,,,,,,,,,,,,,,,,,,,,,,,499,,,,,,,,,,,,159,,,,,,,,,,,,,,,,558,,,,,,,
2026-09-14T02:30:01+00:00,224,,,120,,,,,,,,,,,,,,,,,,,,,,,,,,,1141,,97,,,,,,,,,,,,,,,,,,,,44,,,,,,,,,,141,,,234,,46,,,,,403,,,,219,,,,,,,,,,,,,,,,,,,,,,,,,,,,,,,,,,,,,,,,,,,,,,,,,,,,,,,,,,,,,,,,,,,,,,,,,,,,,,,,,,,,,,,,,,,,,,,,,,,,,,,,,,,,,,,,,,,,,,,,,,,,,,,,,,,,,,,,,,,,,,,,,,,,,,,,,,,,,,,,,,,,,,,,,,,,,,,,,,,,,,,,,,,,,,,,,,,,,,,,,,,,,,,,,,,,,,,,,,,,,,,,,,,,,,,,,,,,,,,,,,,,,,,,,,,,,,,,,,,,,,,,,,,,,,,,,,,,,,,,,,,,,,,,,,,,,,,,,,,,,,,,,,,,847,,,,,,,,,,394,,,106,,,,,,,,,,,,,,,,,,,,,,,,,,,,,,,,,,,,,,,,,,,,,,,,,,,,,,,,,,,,,,,,,,,,,,,,,,,,,146,,,,,,,,,,,,,,,,,,,,,,,,,,,,,,,,,,,,,
2026-09-14T02:30:02+00:00,,,,,,,,,,,,,,,,,,,,,,,,,,,,,,,,,,,,,,,,,,,,,,,,,,,,,,,,,,,,,,,,,,,,,,,,,,,,,,,,,,,,,,,,,,,,,,,,,,,,,,,,,347,,,,,,,,,,,,922,,,,,,,,,,,,,,,,,,,,,,,,,,,,,,,,,,,,,,,,,,,,,,,,,,,548,,,,,,435,,,,,,,,201,601,,,,,,,,,,16,,902,,,,,,,,,,,,,,,,,,,,,,,,,,,,,,,,,,,,,,,,,,,,,,,,212,,,,,,,,,,,,,,,,,,,,,,,,,,,,,,,,,,,,,,,,,,,,,,,,,,,,,,,,,,,,,,,,,,,,,,,,,,,,,,122,,,,,,,,,,,,,,,,,,,,,,,290,,298,,,,,,,,,,,,,,,,,,,,,,,,,,,,,,,,,,,,,,,,,,,,,,,,,,,,,,,,,,,,,,,,,,,,,,,,,,,,,,,,,,,,166,,,,,,,,,,,,,,,,,,,,,,,,,,,,,,,,,,,,,,,,,,,,,,,,,,,,,,,,,,,,,,,,,,,,,,,,,,,,,,,,,,
2026-09-14T02:45:01+00:00,,,,,,,,,,,,240,,,,,,,,,,,,,,,,,,,,,98,69,,,,,,,,,140,,,,,,,,,,43,,,,55,,,,,17,,,,235,,,,,,,401,,,,218,,,,,,,,,,,,,,,,,,,,249,,,,,,,,346,,,,,,,,,,,324,923,,,,,,,,,,,,,,,,,,,,,,,,,,,,,,,,,,,,,,,,,,,,,,,,,,,,,,,,995,,,,,,,,,,591,,104,,,,,,,,17,,,,,,,,,,,,,,,,,,,,,,,,,,,,,,,,,,,,,,,,,,,,,,,,,,211,,,,,,70,,,,,,,405,561,,,,,,,,,,,,,,,,,,,,,,,,,,,,,,,,,,,,,,,,,,,,,,,,,,,,,,,,,,,,,,,,,,,,,,,,,,,,,,,,,,,,,,,289,,,,,,886,,,,,,,,,,,,,,,,,,,,,,,,,,,,,,,,,,,,,,,714,,,,,,,,,107,,,,,,,,,,,,,,,,,,,,,,,,252,,,,,,,,168,,,,,,,,,,,,,,,,,,,,,,,,,,,,,,,,,,,,,,,,,,,,,147,,,,,,,,,,,,,,158,,,,,,,,,,,,,,,,,,,,,,,
2026-09-14T03:00:02+00:00,223,,,,,,,,,,,241,,,,,,,,,,,417,,,,,,,82,,,,,,,,,,168,,,,,,,,,,,,,44,,,21,54,,,,,,142,208,,,,,,,,,398,,,,216,370,,,,,,,,,,,,399,,239,,,,,,,,433,,,,,348,,,816,,,,,302,303,,,919,,,,,,,,,,,,,,,,,,,,,,,,,,,,,,,,,,,,,,,,,,,,,,,,,,475,546,,,,,,431,,,,,,986,,,590,,103,,,,,,,,17,,903,,,,,,,,,,,,,,,,,,,,,,,,,,,,,,,,,,,,,,,,,,,,,,,,210,,,,,,,,,350,407,,,,560,,,,361,,,1380,,,,,,,,,,,,,,,,,,,,,,,,,,,,,,,,,,,,,,,,,,,,,,,,,,,,,,,,,,,,,132,,,,,,,,,,,,,,,,,,,288,,,,118,,884,,,,,,,,,,,,,,,,,,,,,,,,,,,,,,,,,,,,,,,,,,,,,393,,,,,,,,,,,,,,,,,444,,,,,,,,,98,,,,,,,,,,,,,,,,,,,,,,,,,,,,,,,,,,,,,,,,,,,,,,,,,,,,,,144,,498,,,,,,,,,,,,,,,,,,,,,,,,,,,,,,,,,,,
2026-09-14T03:15:01+00:00,,,,118,,,,261,,,,,,,,,,,,,,,413,,,,,,,,,,,,,,,,,,,,,,39,,,,,136,,,,,,,52,,75,,,,141,,,,,,,,,,395,,,,211,368,,,,,,,,,,,,398,,,,,,,248,518,,,,,,,345,419,,815,,,,,301,306,,,921,,,,,,,,,,,,,,,,,,,,,,,,551,,,,,,235,,,,,,,,,,,,,,,,,,,,,545,,,,,994,425,,,,277,442,837,451,196,587,122,101,194,,270,165,,,266,16,,,,,,,,,,,,,,,,,,,,,,,,,,,,,,,,,,,,,,,,,,,,,,,,,295,209,,,,,399,,,451,,,,345,,561,,,,,,,,,,,,,,,,,,,,,,,,,,,,,,,,,,,,,,,,,,,,,,,,,,,,,,,,,,,,,,,,,,,,,,,,421,,,,201,,,,,,,,,,,289,,,,117,,879,,,,117,,,,1131,352,,,,204,,,,,,,,,,,,,,,,,,,,,,,,,,,,,,,,392,,,106,,,,,,,,,,315,,,,,,,,,,262,193,,,,,,,,,,,167,397,,396,,,,,,,,,,,,,,,,,,,,,,,,,,,,,,,,,,,,,,,,,,147,,,,363,,,,,,,,,,,,,,,,,,,,,,,595,124,,,,,51,,,,
2026-09-14T03:30:01+00:00,222,,,,,,,,,,,,335,,,,,,,,,,410,,,,,,,,,29,97,,,,,,,,166,,139,,,,,,,,,320,,,,,51,,,,,,140,209,,,,,,,,,,,,,,,,,,,,,,,507,,,396,,,,,,,,,,432,,,,,344,,178,814,,,231,120,299,305,,,,,2,,,,,,202,280,537,,,390,,,,,,,,,,,550,,,,,,234,,,,,,,,,,,,,,,,,,,,476,543,,,,,993,413,,,404,,,,450,193,579,,96,,,,,,,269,16,,902,,,,,,,,,,,,,,,,,,,,,,,,,,,,,,,,,,,,,,,,,,,,,207,,291,200,,,,,401,,,452,348,406,662,,404,,,,,,,,1373,,,,,,,,,,,,,,,,,,,,,,,,,,,,,,,,,,,,,,,,,,,,,,,,,,,,,,,,,,,,,,,,531,420,,,264,,,,,,19,,192,,,,,,,,,,868,,,,,,,,,,,,,,,,,,,,,,,,,,,,,,,,,,,,,,,713,,,349,,,,,,104,,,,,,,,,,,,,,273,,,194,,,,,,,,66,,,,,,,168,,,,,,,,376,,,338,,,,,,,,,,,,,,,,,,,,,,,,,,,,,,,,,635,,,,,,,,,,,,,127,,159,,,,,,,,,,,,,594,,,,,,,,,,
2026-09-14T03:45:01+00:00,223,,,,,,,,,,,240,,,,,,,,,,,408,,,,,,,80,1140,28,95,,,,,,0,166,165,,,,,,,,,,,307,,,,,,,65,,,,130,208,,,,44,,,,,394,,,,210,367,,,,,,,,,506,163,,397,,,,,,,,,,431,212,,,,342,,,,,,,,294,,,322,920,,,,,,,,,,,,,,,,,,,,,,,,,,,,,,235,,,,,,,,,,,,,,,,,,,333,479,545,475,,,,994,396,,,,,,834,451,191,569,,91,,,,,,,,16,,903,,,,,,,,,,,,,,,,,,,,,,,,,,,,,,,,,,,,,,,,,,,,,,548,264,199,,,,,,,,451,,404,650,343,403,557,132,,,359,,,1358,,,,,,,,,,,,,,,,,,,,,,,,,,,,,,,,,,,,,,,,,,,,,,,,,,,,,,,,,121,,,,,,236,,421,,,261,,,210,,,,79,188,,,,284,,296,,,,820,,,,,,,,,,,,,,,,,,,,,,,,,,,,,,,,,,,842,,,,,,,,,,391,,,103,,,,,,,,,,312,,,,,,,,,749,,,,,,,,,115,,,,166,396,,395,,,,,375,,,,,,,,,,,,,,,,,,,,,,,,,,,,,,,,,,,,634,146,,,,362,,,,,,344,,,,155,,,433,,,,,,,,,,595,123,,,,,,,,,
2026-09-14T04:00:01+00:00,222,,,,,,,262,,,,241,,,,121,,,,,,,403,590,,,,,,,1135,30,93,,,,,,,163,,,,,,,,,,,,303,,106,,22,49,14,61,,,18,126,206,,,,43,,,,,392,,,,212,363,,,,,,,,,505,162,,,,238,616,65,,,,,,427,211,145,,274,343,417,,813,70,828,229,116,286,302,181,320,912,,,,,,,,,,535,,,389,,,,,,,,,,,548,,,,,197,233,,,,,,,,,,,,,,,,,,,327,478,544,473,,,,992,373,,,403,,,833,449,189,562,,89,,,,164,,,271,16,,,,,,,,,,,,,,,,,,,,,,,,,,,,,,,,,,,,,,,,,,,,,,,206,545,250,197,,,426,,,,,,342,398,644,340,,,,,,,95,,1332,,,,,,,,,,,,,,,,,,,,,,,,,,,,,,,,,,,,,,,,,,,,,,,,,,,,,,,,,,51,129,,130,,227,530,418,,,245,192,,206,,,,,187,,,,259,,293,,116,,757,,,51,,,,,,,,,,,,,,,,,,,,,,,,,,,,,,,,838,,,,,,321,,,,389,,,100,,,,,,,75,,,,,,,,267,,,,,261,,,,,,,,108,,,,164,,,394,,,,,,,201,,,,,,,,,,,,,,,,,,,,,,,,,,,,,,,,,,629,144,89,497,,360,,,,208,,341,,,,154,,,432,,,,,,,,,,,,,557,,,49,,,,
2026-09-14T04:05:01+00:00,,,,,,,,,,,,240,334,,,,,,,,,449,404,380,,,,,,50,999,25,,65,,,,,,162,149,,,,,,,,,,,300,,,,21,51,13,60,,,20,,205,,,,,19,,,,391,,,,221,,,,,,,,,,,,,,,,,,,,,,,,,,,,,,,,,,,,,,,,,,,,,,,,,,,,,,,,,,,,,,,,,,,,,,,,,,,,,,,,,,,,,,,,,325,479,543,,,,,,366,,,402,,,832,,183,553,,86,,,,163,,,,16,,902,,,,,,,,,,,,,,,,,,,,,,,,,,,,,,,,,,,,,,,,,,,,,207,,249,,,,,,,,,452,,396,,339,,556,,,,,,,1330,,,,,,,,,,,,,,,,,,,,,,,,,,,,,,,,,,,,,,,,,,,,,,,,,,,,,,,,389,,49,,116,,,224,529,,,,239,,,205,,,,80,,285,,,253,,,,115,,754,,,,,,,,,,,,,,,,,,,,,,,,,,,,,,,,,,,835,,,79,712,,,350,,,388,,,99,,,,,,,,,,313,133,296,,,,,,,748,,,695,,251,,,,,,,,,,,,,,,,,,,,,,,,,,,,,,,,,,,,,,,,,,,,,,,,,,,,627,,,496,,,,,,,361,,,,,,,,,,473,,,,,,,,,,,,,,,,,,
2026-09-14T04:10:01+00:00,221,,,,,,,263,,,,,333,467,,120,,,,,,,403,,,,,,,,998,,92,,,,,,,,148,,141,,,,,,,,,299,,,,24,52,,59,,,,,203,,,,,,,,,,,,,220,,,,,,,,,,,,,,,,,,,,,,,,,,,,,,,,,,,,,,,,,,,,,,,,,,,,,,,,,,,,,,,,,,,,,,,,,,,,,,,,,,,,,,,,,323,478,545,472,,,,,358,,,,,,,,,,,,,,,,,,,16,149,903,,,,,,,,,,,,,,,,,,,,,,,,,,,,,,,,,,,,,,,,,,,,,,,,,,,,,,,,451,,389,,338,,554,,,,360,,,1328,,,,,,,,,,,,,,,,,,,,,,,,,,,,,,,,,,,,,,,,,,,,,,,,,,,,,,,,,,,,,,,,,419,,,237,191,,,,,,,,,,,248,,,,,,750,,,,104,,535,,1125,349,,,426,200,,,,,,,,,,,,,,,,,,,,,,,,,,,,,,,,,,,,,,,,,,,,,,,,,,,,,,747,,,694,,,,,,,,,,,,,,,,,,,,,,,,,,,,,,,,,,,,,,,,,,,,,,,,,,,,,,626,,,,,359,,,,,,,,,,,229,,,,474,,,,,,,,,,,,,,,,,,
2026-09-14T04:15:02+00:00,,,,,,,,,,,,,334,,,119,,,,,,,400,,,,,,,51,,24,91,,,,,,,,,,140,,,,,,,,,,42,,,23,49,14,60,,,,127,202,,,,42,,,,,388,,,,221,360,,293,218,,,,194,,504,,317,392,,,614,66,,,247,515,,425,,,,,338,415,177,,,,,109,275,306,182,317,903,,1,,,,,937,,,533,,,390,,,,,,,,,,,544,,,,,,231,,,,,,,,,,,,,,,,,,,322,,543,473,,,,991,353,618,,,,,831,450,182,549,,84,,,,162,,,,16,,,,,,,,,,,,,,,,,,,,,,,,,,,,,,,,,,,,,,,,,,,,,,,,,246,194,,,425,,,69,,,,386,642,337,402,,131,,,359,,,1324,,,,,,,,,,,,,,,,,,,,,,,,,,,,,,,,,,,,,,,,,,,,,,,,,,,,,,,,,,46,128,,127,,222,525,420,,,234,187,,204,,,17,,,,,,245,,,,,,744,,,,101,316,435,71,1124,,,,196,197,,,,,,,,,,,,,,,,,,,,,,830,,,,713,,,,,,,,,,126,,,,,,,,,312,,297,,272,266,,192,,746,,,693,,,,,,,,,,,,,,,,,,,,,,,,,,,,,,,,,,,,,,,,,,,,,,,,,,,,,,,,,,,,,,,,,,,,,153,,,,,,,,,,,,,,,,,,,,,,,
2026-09-14T04:20:02+00:00,,,,,,,,,,,,241,,,,,,,,,,448,,379,,,,,,,994,,89,64,,,,,,,147,,,,,,,,,,,,44,,,,,13,58,,,,129,,,,,40,,,,,150,,,,220,358,,,,,,,,,502,,318,391,,239,611,,,,248,514,,422,210,,,,337,414,,,,,,108,273,,181,,901,,,,,,,929,,,531,,,,,,,,,,,,,,542,,,,,,230,,,,,,,,,,,,,,,,,,,337,475,542,,,,,990,349,,,401,,,,,,,,,,,,,,,270,17,,902,,,,,,,,,,,,,,,,,,,,,,,,,,,,,,,,,,,,,,,,,,,,,,,247,193,271,,,,,70,,,,385,639,335,401,,130,,,358,,,1317,,,,,,,,,,,,,,,,,,,,,,,,,,,,,,,,,,,,,,,,,,,,,,,,,,,,,,,,387,,43,132,,126,,217,,,,,230,,,,,,,,,,,,243,,292,,,149,741,,,,,,,,,,,,,,,,,,,,,,,,,,,,,,,,,,,822,,,77,711,,,,,,387,,,,,,,,,,,,,310,130,,,,265,,191,159,,260,,,,250,,175,,105,,,,160,,,,,,,,373,,,336,,,,,,,,,,,,,,,,,,,,,,,,,,,,,,,,,,,,,,358,,,,,,,,,,152,,,,,,,,,,,,,594,,,,,,,,,,
2026-09-14T04:25:01+00:00,220,,,,,,,260,,,,242,,,,,,,,,,,399,370,,,,,,52,993,,87,,,,,,,,,,139,,,,,,,,,,,,,24,48,,57,,,,130,201,,,,39,,,,,148,,,,,,,,,,,,,,,,,,,,,,,,,,,,,,,,,,,,,,,,,,,,,,,,,,,927,,,529,,,387,,,,,,,,,,,,,,,,,,,,,,,,,,,,,,,,,,,,376,472,543,472,,,,988,345,,,400,,441,828,449,180,529,126,82,193,,268,160,,,,17,,903,,,,,,,,,,,,,,,,,,,,,,,,,,,,,,,,,,,,,,,,,,,,,206,,248,191,,254,423,,398,69,,,,383,636,332,,,129,,,359,94,,1313,,,,,,,,,,,,,,,,,,,,,,,,,,,,,,,,,,,,,,,,,,,,,,,,,,,,,,,,380,,42,,,,,212,521,,,,228,186,,203,,,16,,,,,,240,,291,,,,738,43,,,,,,,,,,,,,,,,,,,,,,,,,,,,,,,,,,,,,,,,,,,,,,,,,,,,,,,,,,,,,,,,,,,,,692,,,,,,,,,,,,,,,,,,,,,,,,,,,,,,,,,,,,,,,,,,,,,,,,,,,,,,625,,,,,,,99,,,,,,,,,,,,,,,,,,,,,,124,,,,,,,,,
2026-09-14T04:30:01+00:00,,,,,,,,,,,,243,333,466,,,,,,,,,396,,,,,,,,,,,,,,,,,163,146,,138,,,,,,,137,,293,,,,,44,12,,,,,133,,,,,,,,,,,,,,219,354,,,,130,,,,,500,,316,388,299,241,609,,,,247,513,215,418,211,144,,270,336,415,174,809,69,827,224,105,263,303,182,312,900,,,,,,,,,,,,,,,,,,,298,,,,,536,,,,,,229,,,,,,,,,,,,,,,,,,,,471,,471,,,,985,342,616,,,,,,,,,,,,,,,,,271,16,148,902,,,,,,,,,,,,,,,,,,,,,,,,,,,,,,,,,,,,,,,,,,,,,,544,250,190,,253,422,,396,,,,,382,632,330,399,,130,,,,,,1310,,,,,,,,,,,,,,,,,,,,,,,,,,,,,,,,,,,,,,,,,,,,,,,,,,,,,,,,381,,41,,,,,207,516,,,,227,184,,204,,,,,,,,36,238,,290,,113,150,732,,,,94,317,432,,1123,219,,,,196,,,,,,,,,,,,,,,,,,,,,,820,,207,76,712,,,,,,386,,,,125,,,,,,,,,309,129,296,,271,,,190,,745,,,,,,,,,,,,,,,,,,,,,,,,,,,,,,,,,,,,,,,,,,,,,,,,,,,,,,,,,,,,,,357,,100,,,,,,126,,151,,,,,473,,,100,,,,,,,,556,,,,,,,
2026-09-14T04:35:02+00:00,,,,,,,,,,,,,332,,,,,,,,,,391,,,,,,,51,991,,78,,,,,,,,144,,,,37,,,,,138,,292,,,,20,46,,75,,,,132,197,,,,,,,,,150,5,,,218,,,,,,,,,,,,,,,,,,,,,,,,,,,,,,,,,,,,,,,,,,,,,,,920,203,,528,,,,,,,,,297,,,,,532,,,,,,,,,,,,,,,,,,,,,,,,,,470,,470,,,,984,340,,,399,,,821,444,177,517,123,80,192,241,269,159,201,,272,14,,903,,,,,,,,,,,,,,,,,,,,,,,,,,,,,,,,,,,,,,,,,,,,,,542,257,,,250,,,395,,,448,,378,629,329,396,,129,,,355,,,1298,,,,,,,,,,,,,,,,,,,,,,,,,,,,,,,,,,,,,,,,,,,,,,,,,,,,,,,,378,,,,,,,205,,421,,,221,,,,,,15,,186,,,,239,,,197,114,151,722,,,,90,313,,,1122,243,,,195,,,,,,,,,,,,,,,,,,,,,,,818,,208,73,711,,322,,,,384,,,98,124,,,,,,,,,310,128,293,,270,264,,189,,,259,,,,251,,,,102,,,53,159,,352,,,,,,372,,200,335,,,,,,,,,,,,,,,,,,,,,,,,,,,,,,,,,626,,,,99,356,,,,,,340,,,,150,,,433,,,,,,,,,524,593,,,,,,,,,,
2026-09-14T04:40:02+00:00,219,,,,,67,,,,,,,329,465,,117,,,,,,447,386,,,,,,,,987,,76,,,,,,9,,,,137,,36,,,,,137,,290,,,,,,,74,,,,,195,,234,71,,,,,,145,,,,216,352,229,,216,,,,,,501,,314,382,297,,608,,,216,,511,,420,210,143,,269,335,411,172,808,68,815,223,103,250,301,184,307,890,,,486,85,,,911,201,,527,59,,,,,,,,,,,,,,,,,,,,,,,,,,,,,,,,,,,,,,,472,,469,,,,981,339,,,,,,,,,,,,,,,,182,,,14,,901,,,,,,,,,,,,,,,,,,,,,,,,,,,,,,,,,,,,,,,,,,,,,205,,260,,,249,,,,,,,,372,,,394,551,125,,,354,95,,1289,,,,,,,,,,,,,,,,,,,,,,,,,,,,,,,,,,,,,,,,,,,,,,,,,,,,,,,,379,,,,,125,,203,517,,37,,224,183,,203,,,14,,184,,,,242,,289,194,,,709,,141,,,,,,,,,,,,,,,,,,,,,,,,,,,,,,,,,815,,206,69,709,,,,,,383,,,,123,,,,,,,,,,126,,,267,263,,,158,744,,,,,,,,,,,,,,,,,,,,,,,,,,,,,,,,,,,,,,,,,,,,,,,,,,,,,,,,,625,,,,,,,99,566,207,,,,127,,149,,,434,,,263,,,,,,523,592,,,,,,48,,,,
2026-09-14T04:45:01+00:00,,,,,,66,,,,,,242,328,,,,,,,,,,380,,,,,,,,982,,,,,,,,,162,143,,136,,34,,,,,138,,285,43,,,21,,11,75,,182,,131,193,88,233,,38,,,,,,,,,,,,,,,,,,,,,,,,,,,,,,,,,,,,,,,,,,,,,,,,,,,,,,,,,,,,,,,,,,,,,,,,,529,,,,,,,,,,,,,,,,,,,,,,,,,350,471,544,,,,,979,338,,,400,,442,815,,175,503,124,76,,240,,158,180,,275,15,,,,,,,,,,,,,,,,,,,,,,,,,,,,,,,,,,,,,,,,,,,,,,,,541,,189,,,421,,393,,13,,,,,326,391,,122,,,,93,,1273,,,,,,,,,,,,,,,,,,,,,,,,,,,,,,,,,,,,,,,,,,,,,,,,,,,,,,,,378,,,,,124,,,,,,,,,,,,,,,,,,,243,,,193,115,152,704,,,,,,,,,,,,,,,,,,,,,,,,,,,,,,,,,,,,,,,,,,,,,,,,,,,,,,,,,,,,,,,,,,,742,257,,,,,,,,,,,,,,,,,,,,,,,,,,,,,,,,,,,,,,,,,,,,,,,,,,,,,,,,,,,495,,355,,,,206,,,,,,146,,,,,,,,,,,,522,,125,,555,,,,,,,
2026-09-14T04:50:02+00:00,218,,,,,,,261,,,,241,326,,,,,,,,,446,373,,,,,,,,,,72,,,,,,,,140,,,,,,,,,,,278,,,,20,47,,,,,,,192,,232,,,,,,,137,,,,,349,,291,215,128,,,195,,,,312,374,296,240,605,,,,245,510,214,417,211,,,265,328,408,173,,,814,,,241,296,,304,874,,,,,,,906,199,279,526,,,,,,,,,,,,,,,,,,,,,,,,,,,,,,,,,,,,,,,349,466,,468,,,,978,,,,,,,810,,172,488,123,72,191,,,157,178,,273,15,,903,,,,,,,,,,,,,,,,,,,,,,,,,,,,,,,,,,,,,,,,,,,,,,,259,187,,,,,,,,449,341,368,624,325,,550,,,,352,89,,1257,,,,,,,,,,,,,,,,,,,,,,,,,,,,,,,,,,,,,,,,,,,,,,,,,,,,,,,,370,120,40,131,,123,,201,512,418,,,216,,,,,,,81,183,282,,33,246,,288,186,114,,684,,,,85,,431,,1116,,,,,,,,,,,,,,,,,,,,,,,,,,,813,,,66,,,317,349,,321,385,,,,121,,,,,,,,,307,120,286,,265,260,,187,,741,,,,,250,,,,99,,,54,,330,351,392,,,,,371,,198,,,,,,,,,,,,,,,,,,,,,,,,,,,,,,,,,,622,143,,,,352,,,,,,341,,,,145,228,,432,,,,,,,,,,,,,554,,,,,,,
2026-09-14T04:55:02+00:00,213,,,,,,,,,,,242,,464,,,,,,,,445,369,,,,,,,50,978,,70,,,,,,,160,,,,,30,,,,,,,277,,107,,22,45,,,,181,,,189,,,70,37,,,,,,,,,215,350,,290,214,,,,,,500,,313,368,295,239,604,,,,244,506,,411,,,,264,,406,,,67,811,222,101,236,294,182,300,869,,1,487,,,,903,,278,524,,,385,,,,,,,,,,,525,,,,,,228,,,,,,,,,,,,,,,,,,,348,460,542,464,,,,976,337,,,,,,809,,171,,,71,,,,,,,275,15,147,902,,,,,,,,,,,,,,,,,,,,,,,,,,,,,,,,,,,,,,,,,,,,,,540,256,186,270,,420,,392,,,,,365,621,322,390,547,,,234,348,90,,1248,,,,,,,,,,,,,,,,,,,,,,,,,,,,,,,,,,,,,,,,,,,,,,,,,,,,,,,,371,118,,130,,,,198,508,,,38,208,182,,202,19,,,,182,,,32,247,,285,182,115,154,670,,,,76,312,428,,1114,241,,125,194,197,,,,,,,,,,,,,,,,,,,,,,810,,,,707,,313,,,,384,,,,,,,,,,,,,306,121,,,264,259,,186,,740,256,,691,,,,,,,,,,,,,,,,,,,,,,,,,,,,,,,,,,,,,,,,,,,,,,,,,,,,,,,144,,,96,,,100,,,,,,,,,227,,431,,471,262,,,69,,,521,591,,,,,,,,,,
2026-09-14T05:00:01+00:00,210,,,,,65,,,,,,241,,,,115,,,,,,,364,368,,,,,,51,976,,68,,,,,,,,143,,,,27,,,,,,,274,,,,,43,,77,,180,21,,186,,,71,,,,,,134,,,,,346,228,,211,,,,194,,,,,,,,,,,,,,,,,,,,,,,,,,,,,,,,,,,,,,,,,,,,,,,,,,,,,,,,,,,,,,,,,,,,,,,,,,,,,,,,,341,453,,462,,,,973,336,,,,,,,,,,,,,,,,175,,278,15,148,,,,,,,,,,,,,,,,,,,,,,,,,,,,,,,,,,,,,,,,,,,,,,,535,255,185,268,,419,,,,12,,,364,615,318,386,544,121,,232,347,89,,1234,,,,,,,,,,,,,,,,,,,,,,,,,,,,,,,,,,,,,,,,,,,,,,,,,,,,,,,,369,,38,,,,,191,507,,,,204,180,,,,,12,,181,279,,,238,,283,176,113,,656,,,,,,,,,,,,,,,,,,,,,,,,,,,,,,,,,,,,,,,,,,,,,,,,,,,,,,,,,,,,,,,,,,,739,254,190,688,,252,,,,,,,,,,,,,,,,,,,,,,,,,,,,,,,,,,,,,,,,,,,,,,,,,,,,616,,,,,351,,99,,,,,,,,,,,430,,,,,,,,,,,,,,,,,,,370,129
2026-09-14T05:05:01+00:00,206,293,,,592,63,,,294,360,,239,324,459,,,,,,,,,357,,,,,,,50,968,,64,63,,,,,,159,141,,,,28,,,1201,,,,268,,,,23,,9,79,,,,130,182,,233,,,18,,,,150,6,,153,,,,,,,,,,,,,306,355,292,,597,,,,238,500,215,408,210,,,259,325,404,172,804,66,807,217,100,230,,,298,856,,,,84,,,897,198,,523,,,383,,,,,,,,,,,514,,,,,,227,,,,,,,,,,,,,,,,,,,339,445,,460,,,,965,,615,,,,443,797,446,162,463,122,69,189,,,155,174,,,15,,903,,,,,,,,,,,,,,,,,,,,,,,,,,,,,,,,,,,,,,,,,,,,,,530,253,184,263,246,417,,390,,13,446,340,363,613,315,383,542,119,,230,,88,,1217,,,,,,,,,,,,,,,,,,,,,,,,,,,,,,,,,,,,,,,,,,,,,,,,,,,,,,,,362,117,37,129,,120,75,178,500,417,,,196,175,45,200,,,11,,180,,140,31,225,157,281,167,112,,643,,,49,,,,,,,,,,,,,,,,,,,,,,,,,,,,,,,,802,,,65,705,,310,347,,,382,,,97,,,,,,,74,,,298,122,281,,256,257,298,182,,,,187,684,,,64,174,392,88,,161,,157,328,,,203,,,,366,,196,,,,,,,,,,,,,,,,,,,,,,,,,,,,,,,,,,614,143,,,,352,,100,565,,360,,,,,143,,99,,,470,,,,,,,,590,124,,,,,,,,,
2026-09-14T05:10:02+00:00,205,290,,,,,,260,,,,,322,456,,,,,,,,444,344,,,,,,,49,965,22,,64,,,,,,,142,,135,,,,,,,135,,266,,,,,42,,77,,,22,133,179,87,,,,,,,,144,,,,216,347,,288,210,,,,,,498,,307,352,289,,593,,,215,236,496,213,,,,,258,324,401,171,803,67,,215,99,225,,,297,846,,,,83,119,211,893,,279,521,,,,,,,,,,,,,,510,,,,,196,,,,,,,,,,,,,,,,,,,,336,437,539,453,67,,,962,,,,,,,,,,,,,,,,,175,,279,16,,902,,,,,,,,,,,,,,,,,,,,,,,,,,,,,,,,,,,,,,,,,,,,,204,528,247,,264,,,,,,,445,337,358,608,311,377,541,117,,229,342,85,,1203,,,,,,,,,,,,,,,,,,,,,,,,,,,,,,,,,,,,,,,,,,,,,,,,,,,,,,,,356,,34,,115,119,76,171,493,416,,37,195,171,,199,,,10,80,179,,139,,215,156,,160,110,,621,45,,48,,,,,,,,,,,,,,,,,,,,,,,,,,,,,,,,,,,,,,,,,,,,,,,,,,,,,,,,,,,,,,,,741,253,,677,,249,,,,,,,,,,,,,,,,,,,,,,,,,,,,,,,,,,,,,,,,,,,,,,,,,,,,610,,,494,,,,99,,,,,,,,142,226,98,429,,469,,,,,,,520,,123,,,,181,,,,,
2026-09-14T05:15:02+00:00,,288,,,590,,,259,,361,,240,317,453,,113,,,,,,443,341,367,,,,,,47,960,21,61,65,,,,,,160,,,134,,,,,,,134,,265,,106,,25,,,76,,178,,131,178,,235,70,,19,,,,142,,,154,213,,,,,,,,,,495,161,305,343,284,238,587,,,214,231,489,214,407,209,142,,251,322,399,169,700,66,802,210,,198,284,,296,841,,,,84,,,,,,,,,,,,,,,,,,,,,,,,,,,,,,,,,,,,,,,,,,,,,332,431,538,451,,,,956,,,,399,276,445,776,444,160,459,121,65,188,239,268,152,173,,280,17,,904,,,,,,,,,,,,,,,,,,,,,,,,,,,,,,,,,,,,,,,,,,,,,,,239,182,,,416,,388,,12,,335,356,605,306,372,537,113,,227,339,86,,,,,,,,,,,,,,,,,,,,,,,,,,,,,,,,,,,,,,,,,,,,,,,,,,,,,,,,,,350,116,,,,117,75,170,489,,,,193,169,,197,17,,9,82,177,,140,,206,157,280,152,,,603,,,,,,,,,,,,,,,,,,,,,,,,,,,,,,,,,,,799,,,64,701,,308,346,,,,,,,120,,,,,,,,,295,121,278,,252,258,294,180,,737,252,186,664,,240,,,,,,,,,,,,,,,,,,,,,,,,,,,,,,,,,,,,,,,,,,,,,,,,,,,,609,142,,493,,347,255,,564,,,340,,,,,,,433,,470,,,,,,,,,,,,,178,,,,,
2026-09-14T05:20:01+00:00,204,287,,,589,62,,258,,,,235,316,449,,,,,,,166,,333,,,,,,,48,,20,63,,162,,,,,161,143,,133,,,,,1202,,,,261,,,,26,40,,77,,,23,132,177,,234,69,,,,,,137,,,,215,343,229,289,,,,,,,,,,,,,,,,,,,,,,,,,,,,,,,,,,,,,,,,,,,210,879,197,,,,,,,,,,,,,,,,502,,,,,195,225,,,,,,,,,,,,,,,,,,,328,426,537,446,,,,952,335,613,,396,,,,,,,,,,,,,172,,281,17,,902,,,,,,,,,,,,,,,,,,,,,,,,,,,,,,,,,,,,,,,,,,,,,,524,235,180,262,248,415,,390,,,444,332,354,596,302,362,531,107,,226,336,85,,1171,,,,355,,119,,,,,,,,,,,215,69,70,22,,,,,,,,250,337,,,338,,,,,,,,,,,,25,,,,,,,,,,,,342,,,,,116,,164,484,417,,36,187,168,,194,,,,81,176,275,,30,197,156,,143,106,,583,,,,,,,,,,,,,,,,,,,,,,,,,,,,,,,,,,,793,,205,63,699,,305,,,,379,,,96,119,,,,,,73,,,289,120,276,,248,,290,177,159,735,250,185,656,,238,65,173,,81,138,,53,156,326,,391,,,232,,364,,193,334,,,,,,,,,,,,,,,,,,,,,,,,,,,,,,,,,607,,,492,,345,,,563,,,338,,,,141,,,431,199,,,,,,,,,588,,,,,177,,,,,
2026-09-14T05:25:01+00:00,203,285,,117,588,,,256,293,362,,233,313,446,,111,,,,,,437,318,368,,,,,,47,954,18,54,66,160,,,,6,160,,,131,,,,,1203,,135,,259,42,,,,39,10,78,,177,,131,171,,233,70,,,,,,,,,,214,,,,,,,,,,,160,,341,282,,583,,,,230,488,211,404,,,,243,319,397,168,697,65,799,,98,194,275,184,294,830,,,486,83,,,,,,,,,,,,,,,,,,,,,,,,,,,,,,,,,,,,,,,,,,,,,325,423,,439,,,,943,,614,,395,,,754,,158,454,119,63,181,236,265,,,,278,17,147,,,,,,,,,,,,,,,,,,,,,,,,,,,,,,,,,,,,,,,,,,,,,,,520,224,177,,244,414,,387,68,,440,331,352,592,299,357,528,108,,224,333,86,,1169,,,,356,,,,,,,,,,,,,214,,69,,,,,,,,,251,336,,,336,,,,,,,,,,,,24,,,,,,,,,,,,337,,33,128,111,115,,155,477,414,36,35,178,163,,193,,,7,79,174,,130,29,181,153,276,136,107,,545,,,,47,296,422,,1105,236,,,192,198,,,,,,,,,,,,,,,,,,,,,,789,87,,62,,,300,,,,378,,,94,,,,,,,,,,287,119,274,,244,253,280,,,727,249,,648,138,236,,,,,,,,,,,,,,,,,,,,,,,,,,,,,,,,,,,,,,,,,,,,,,,,,,,,606,,,488,,344,,100,561,205,357,337,95,,,140,227,,,198,,,,,,,,,585,,,552,,174,47,,,,
2026-09-14T05:30:01+00:00,202,282,,116,585,64,,,,,,,312,444,,,,,,,,435,315,367,,,104,,,,952,20,50,,161,,,,,157,144,,128,,29,,,,,,,258,41,105,,25,40,,81,,176,,132,169,,232,,38,20,,,,136,,,152,,,228,,209,126,224,,195,,,,,,,,,,,,,,,,,,,,,,,,,,,,,,,,,,,,,,208,868,195,,,,,,,,,,,295,,,,,486,,,,,,223,,,,,,,,,,,,,,,,,,,324,412,529,433,,,,938,334,,,394,,,,,,,,,,,,,171,,280,17,146,900,,,,,,,,,,,,,,,,,,,,,,,,,,,,,,,,,,,,,,,,,,,,,203,511,216,176,261,,,,384,64,,438,,346,589,289,349,521,103,,223,327,83,,1149,,,,354,,118,,,,,,,,,,,213,,67,,,,,449,,,,250,337,,,335,,,,,,,,,,,,22,,,,,,,,,,,,333,114,32,129,109,112,76,152,472,413,,,170,161,44,187,16,,6,77,171,273,,28,169,152,274,128,106,,527,,140,47,,,,,,,,,,,,,,,,,,,,,,,,,,,,,,,,784,,207,,,,296,,,319,376,,,90,118,,,,,,71,,,285,118,272,,241,252,272,174,,724,251,184,644,,235,,,,,,,,,,,,,,,,,,,,,,,,,,,,,,,,,,,,,,,,,,,,,,,,,,,,603,,,486,94,,,,560,203,,336,96,,,138,,,429,196,468,261,,,,,,,582,,,550,,173,,,,369,
2026-09-14T05:35:02+00:00,200,279,,,582,,71,254,,361,,232,311,438,,107,,,,,163,432,308,366,,,,,,50,941,,45,,162,,,,,156,143,,127,,31,,,,,,,257,43,,,26,38,9,85,,178,24,130,163,,233,,,,,,,128,,,,213,,,,,,,,,,492,156,304,328,280,236,582,64,,213,225,483,209,403,206,139,,234,312,393,167,693,,794,,99,180,268,183,284,808,,,484,81,,,,,,,,,,,,,,,294,,,,,482,,,,,193,219,,,,,,,,,,,,,,,,,,,321,403,526,426,,,,935,,,,,,444,737,442,155,450,,62,174,,264,150,170,,279,17,145,901,,,,,,,,,,,,,,,,,,,,,,,,,,,,,,,,,,,,,,,,,,,,,201,499,210,172,258,240,412,,382,61,,437,329,344,586,284,337,517,98,,220,324,81,,1131,,,,,,119,,,,,,,,,,,214,66,64,,,,,,,,28,249,,,,331,,,,,,,,,,,,23,,,,,,,,,,,,329,113,,,104,111,,147,467,412,,32,164,153,,183,15,,5,81,169,269,,26,152,150,271,118,105,,502,,139,44,36,287,420,,1097,229,,,190,201,,,,,,,,,,,,,,,,,,,,,,770,,205,59,696,,288,345,,,369,,,86,115,,,,,,69,,,280,115,266,,226,248,253,170,158,723,250,185,640,137,233,,,,,,,,,,,,,,,,,,,,,,,,,,,,,,,,,,,,,,,,,,,,,,,,,,,,601,141,,485,93,341,,99,,,355,334,95,,,,226,,428,,469,262,,,,,,519,579,,,545,,172,,,,370,
2026-09-14T05:40:02+00:00,198,274,,,580,66,,252,294,359,,229,309,433,,106,,,,,161,431,306,368,,,79,,,49,937,19,44,,,,,,,154,144,,123,,30,,,,,136,,255,,107,,29,36,8,,,177,23,131,158,,232,69,,,,,,125,,,150,215,341,227,287,210,122,223,,193,,490,155,302,324,275,231,579,,,,224,479,205,397,203,138,,228,311,394,166,,66,,208,98,169,262,181,283,802,,,,,118,207,858,194,280,,,,384,,,,,,,,,,,,,,,,,,,,,,,,,,,,,,,,,,,,318,392,523,420,64,,,930,329,613,,389,,,,,,,,,,,,,168,,280,17,146,902,,,,,,,,,,,,,,,,,,,,,,,,,,,,,,,,,,,,,,,,,,,,,200,494,200,171,257,239,,,,,,439,326,337,578,280,330,507,97,,219,321,76,,1116,,,,353,,,,,,,,,,,,,212,64,65,,,,,,,,,248,,,,330,,,,,,,,,,,,21,,,,,,,,,,,,326,110,28,128,100,109,,139,457,,32,,159,149,,,12,,4,82,175,267,129,25,138,145,267,115,104,,490,,,,,,,,,,,,,,,,,,,,,,,,,,,,,,,,,,,757,,203,53,,,282,,,317,365,,,83,,,,,,,66,,,278,113,263,,225,246,251,169,156,722,246,184,633,138,231,,169,391,73,,,,153,324,347,390,238,,,,354,,192,336,,,,,,,,,,,,,,,,,,,,,,,,,,,,,,,,,595,140,,,,338,,,,201,353,333,94,,,,227,,427,195,470,,,,,,,,580,122,,544,,170,,,,,128
2026-09-14T05:45:01+00:00,197,270,,,575,68,,,293,,,231,307,428,,100,,,,,162,430,296,366,,,,,,47,931,,,67,163,,,,,,143,,120,,,,,,,137,,253,41,,,,,9,84,,,,,153,,,70,37,21,,,,124,,,149,,,,,,,,,,,,,,,,,,,,,,,,,,,,,,,,,,,,,,,,,,,,,,,,,,,,,,,,,,,,,,,,,478,,,,,,217,,,,,,,,,,,,,,,,,,,315,379,515,411,61,,,925,328,612,,384,274,440,706,438,,446,118,,167,235,265,149,169,,281,17,142,,,,,,,,,,,,,,,,,,,,,,,,,,,,,,,,,,,,,,,,,,,,,,198,483,187,169,250,237,411,,380,57,11,436,324,336,571,279,323,502,92,,,322,75,,,,,,,,118,,,,,,,,,,,213,66,66,21,,,,,,,,,,,,329,,,,,,,,,,,,19,,,,,,,,,,,,320,108,27,127,98,106,77,132,456,411,31,,158,145,42,182,,,2,80,171,269,,,132,142,265,107,102,,483,,,,,,,70,,,,,,,,,,,,,,,,,,,,,,,,,,,,,,,,,,,,,,,,,,,,,,,,,,,,,,,,,,,,719,237,179,621,,,,,,,,,,,,,,,,,,,,,,,,,,,,,,,,,,,,,,,,,,,,,,,,,,,,,,593,139,,484,92,335,,97,,,352,330,93,126,,137,226,97,426,,468,263,,,,,,520,576,,,543,,,,,,369,
2026-09-14T05:50:02+00:00,196,264,58,,571,,,253,292,358,,230,306,425,,95,,,,,,428,286,364,,,80,,,49,922,18,41,,164,,,,,152,139,,,,28,,,,,,,246,,,,31,33,,80,,,,130,151,,231,,,,,,,120,,,146,214,338,226,286,203,121,,,,,488,149,,321,274,222,565,63,,,211,472,,,,,,220,305,392,,690,64,788,203,96,147,252,,281,779,,,483,79,116,206,843,192,279,523,,,,,,,,,,,,,,,,,,,,,,,,,,,,,,,,,,,,,,,309,370,504,404,,,,914,,606,,383,,,,,,,,,,,,,168,,280,17,140,901,,,,,,,,,,,,,,,,,,,,,,,,,,,,,,,,,,,,,,,,,,,,,,477,177,165,248,,,,,61,,427,317,332,564,275,312,493,87,,211,313,70,,1087,,,,,,,,,,,,,,,,,212,62,,19,,,,,,,,244,,,,,,,,,,,,,,,,18,,,,,,,,,,,,317,107,25,,93,99,74,129,448,410,27,,148,141,43,176,,,0,,169,267,,22,123,139,260,104,103,,450,,,42,27,284,407,,1095,228,,124,186,203,,,,,,,,,,,,,,,,,,,,,,681,,202,48,692,,274,343,,316,358,,,74,114,,,,,,65,,,269,110,244,,216,234,235,165,155,716,234,177,617,,229,,,,,,,,,,,,,,,,,,,,,,,,,,,,,,,,,,,,,,,,,,,,,,,,,,,,590,138,,483,91,333,,,559,199,348,329,,127,,134,227,,424,,469,262,,,,,,519,,,,,,,46,,,367,126
2026-09-14T05:55:02+00:00,,261,,115,565,66,,252,289,357,,222,304,418,,93,,,,,,426,283,365,,,,,,48,917,16,38,66,,,,,,151,,,118,,,,,,,136,,,,106,,29,,,,,175,24,,148,,233,,,,108,,,,,,,213,,,,,,,,,,,,,,,,,,,,,,,,,,,,,,,,,,,,,,,,,,,,,,,,,,,,,,,,,,,293,,,,,473,,,,,,211,,,,,,,,,,,,,,,,,,,306,363,499,394,59,,,906,,600,,377,273,439,678,427,149,425,116,58,162,,258,138,163,,282,17,137,897,,,,,,,,,,,,,,,,,,,,,,,,,,,,,,,,,,,,,,,,,,,,,197,464,159,160,238,233,409,,376,60,,419,309,326,553,273,300,478,82,,209,310,61,,1074,,,,352,,,,,,,,,,,,,,60,67,,,,,448,,,27,246,336,,,326,,,,,,,,,,,,13,,,,,,,,,,,,312,106,24,,91,91,72,117,446,406,24,,141,133,,175,10,,,,164,,128,20,106,136,257,95,100,,433,,,40,13,276,394,,1090,225,,123,183,199,,,,,,,,,,,,,,,,,,,,,,664,,198,46,690,,269,340,,315,356,,,,113,,,,,,63,,,259,108,237,,208,228,227,164,156,713,227,175,612,137,222,66,165,389,64,136,158,,156,317,340,387,236,,224,,345,,189,331,,,,,,,,,,,,,,,,,,,,,,,,,,,,,,,,,586,136,,481,88,327,307,96,,196,346,325,,,,133,229,98,422,194,467,263,,,,,,516,,,,538,,,48,,,,125
2026-09-14T06:00:01+00:00,195,255,,,561,64,,,288,355,,219,303,414,,89,,,,,,424,268,362,,,,,,,914,18,36,64,,,,,,150,137,,116,,,,,,,,,244,40,,,25,30,,81,,174,23,131,140,88,234,,,,,,,,,,148,210,333,,283,199,114,221,,194,,484,144,301,314,268,224,561,58,,212,196,456,202,392,200,136,,201,302,390,,688,62,775,192,97,128,247,180,279,741,,,476,78,,,,,,,,,,,,,,,,,,,,,,,,,,,,,,,,,,,,,,,,,,,,,300,352,490,384,57,,,901,324,597,,372,,,,,,,,,,,,,161,,285,17,132,898,,,,,,,,,,,,,,,,,,,,,,,,,,,,,,,,,,,,,,,,,,,,,,459,151,158,237,,406,,371,55,,413,302,319,544,268,289,465,78,,206,306,,,,,,,349,,,,,,,,,,,,,209,58,66,,,,,,,,,,337,,,322,,,,,,,,,,,,12,,,,,,,,,,,,308,105,22,124,88,85,71,102,442,409,22,,136,127,,171,,,,78,158,265,127,18,93,130,256,87,92,153,407,,,36,,,,,,,,,,,,,,,,,,,,,,,,,,,,,,,,,,,,,,,,,,,,,,,,,,,,,,,,,,,,,,,,707,221,170,606,,221,,,,,,,,,,,,,,,,,,,,,,,,,,,,,,,,,,,,,,,,,,,,,,,,,,,,579,137,,478,85,,,95,557,192,345,323,,,,130,228,94,419,,463,,,,,,,,575,,,536,,168,47,,,365,
2026-09-14T06:05:01+00:00,190,254,,116,558,63,,251,,,,217,302,405,,87,,,,,159,421,259,360,378,,79,,,47,910,,28,,,,,,,147,140,,114,,,,,1204,,134,,239,,103,,27,,,78,,,,130,132,,,,38,,,,,115,,,145,,,,,,,,,,,,,,,,,,,,,,,,,,,,,,,,,,,,,,,,,,,,,,,,,,,,,,,,,,,,290,,,,,471,,,,,191,210,,,,,,,,,,,,,,,,,,,294,338,482,371,55,,,892,323,594,,368,268,425,646,408,147,414,111,52,155,234,250,129,159,,,17,128,897,,,,,,,,,,,,,,,,,,,,,,,,,,,,,,,,,,,,,,,,,,,,,196,451,135,153,230,224,400,,369,54,10,402,297,311,533,267,275,453,77,,202,297,59,,1060,,,,350,,119,,,,,,,,,,,202,55,64,,,,,449,,,28,,336,,,318,,,,,,,,,,,,10,,,,,,,,,,,,309,103,19,123,,83,72,94,438,407,,,130,124,40,168,,,,,,264,,15,87,127,252,82,91,,402,,137,34,10,271,389,68,1083,219,,122,179,196,,,,,,,,,,,,,,,,,,,,,,653,,193,43,684,,262,337,491,313,353,,,72,114,,,,,,61,,,250,107,216,,200,219,219,157,155,699,220,163,601,,220,,,,,,,,,,,,,,,,,,,,,,,,,,,,,,,,,,,,,,,,,,,,,,,,,,,,572,,,474,87,320,306,,556,187,,,,130,,126,226,92,418,193,462,262,,,,,,,574,123,,533,,,46,,,366,
2026-09-14T06:10:01+00:00,187,252,,,556,60,,,287,353,,211,298,399,,,,,,,158,419,247,359,376,,78,,,48,,17,26,,163,,,,,149,139,,113,,27,,,,,130,,237,,107,,28,29,,77,,173,,,129,,,,,,,,,,,,,211,329,224,278,193,111,220,,,,481,136,300,307,260,,552,55,,211,182,435,198,,196,133,118,190,,387,,686,57,765,186,95,109,228,181,268,697,,,473,72,113,200,801,185,277,525,57,,382,,,,,,,,,,,,,,,,,,,,,,,,,,,,,,,,,,,,295,328,466,359,52,,,885,,593,,363,,,,,,,,,,,,,160,,286,17,126,,,,,,,,,,,,,,,,,,,,,,,,,,,,,,,,,,,,,,,,,,,,,,,449,130,148,227,218,397,,368,53,,396,290,306,524,260,268,445,76,,197,290,56,,1058,,,,,,,,,,,,,,,,,205,53,58,17,,,,,,,29,245,335,,,315,,,,,,,,,,,,8,,,,,,,,,,,,305,,18,122,86,78,,85,431,401,21,31,126,120,38,166,,,,73,148,,,,77,118,248,72,87,152,371,41,136,31,,,,,,,,,,,,,,,,,,,,,,,,,,,,,,,,634,,189,31,681,,256,335,489,311,350,,,68,112,,,,,,59,,,237,101,213,,191,200,203,152,,690,218,157,591,,216,64,161,386,56,135,156,,,318,341,385,233,,223,,337,,183,328,,,,,,,,,,,,,,,,,,,,,,,,,,,,,,,,,565,,,472,86,319,,,554,182,340,,91,,,124,,,415,192,457,260,,,,,,,572,,,528,,166,,,,,124
2026-09-14T06:15:02+00:00,184,247,57,117,554,58,,252,,,,214,293,388,,84,,,,,157,417,233,358,,,79,,,47,898,16,20,,161,,,,,148,,,103,,,,,,,124,,235,39,,,29,,,71,,172,21,131,124,,233,,36,,,,,106,7,,,210,,220,,191,108,219,,,,,,,,,,,,,,,,,,,,,,,,,,,,,,,,,,,,,,,112,199,791,183,276,524,,,,,,,,,289,,,,,457,,,,,189,205,,,,,,,,,,,,,,,,,,,292,325,460,347,50,,,872,,587,,357,,426,631,394,146,411,108,50,147,232,247,123,159,,,17,,894,,,,,,,,,,,,,,,,,,,,,,,,,,,,,,,,,,,,,,,,,,,,,195,440,125,145,224,211,389,,365,51,,390,284,300,519,250,258,440,75,,,286,52,,1046,,,,349,,,,,,,,,,,,,,50,59,16,,,,448,,,,243,,,,312,,,,,,,,,,,,3,,,,,,,,,,,,298,102,14,120,85,77,,67,430,,20,30,118,116,36,164,9,,,72,147,261,124,14,73,119,247,69,86,151,366,,,30,,266,376,67,1075,214,,120,176,192,,,,,,,,,,,,,,,,,,,,,,,,,,,,,,,,,,,,,,,,,,,,,,,,,,,,,156,687,217,152,581,,213,,,,,,,,,,,,,,,,,,,,,,,,,,,,,,,,,,,,,,,,,,,,,,,,,,,,560,134,,468,85,314,,,553,,337,320,,128,,121,227,,412,191,455,258,,,,,,514,569,122,,526,,165,44,,,,
2026-09-14T06:20:02+00:00,182,244,,,551,57,,251,286,,,211,291,386,,,,,,,,415,225,359,373,,,,,46,891,,17,63,,,,,,144,137,,99,,,,,1206,,121,,238,,106,,,30,,72,,171,,129,122,,234,68,,,110,,,144,,,144,,,,,,,,,,,477,132,297,298,250,218,545,47,,206,170,419,197,389,191,129,,170,295,379,160,677,58,763,174,94,86,219,180,264,656,,1,471,66,,,,,,,,,,,,,,,,,,,,,,,,,,,,,,,,,,,,,,,,,,,,,289,311,464,342,47,,,867,322,583,,351,,,,,,,,,,,,,157,,287,17,125,891,,,,,,,,,,,,,,,,,,,,,,,,,,,,,,,,,,,,,,,,,,,,,194,437,117,,222,205,384,,363,49,,383,273,297,508,245,242,434,72,,194,,46,,1044,,,,350,,118,,,,,,,,,,,198,48,57,,,,,,,,,239,,,,310,,,,,,,,,,,,0,,,,,,,,,,,,290,,11,,83,76,,62,429,402,,,108,,34,162,,,,69,143,260,123,13,71,118,245,67,80,,341,,,28,7,261,364,66,1070,210,,,177,194,,,,,,,,,,,,,,,,,,,,,,626,,187,26,678,,250,332,487,309,347,,,67,,,,,,,,,,231,100,195,,186,194,196,150,,686,216,151,580,136,212,,,,,,,,,,,,,,,,,,,,,,,,,,,,,,,,,,,,,,,,,,,,,,,,,,,,554,136,,464,,312,305,94,,181,329,321,,127,,119,226,91,410,190,453,257,,,,,,513,570,,,525,,164,,,,364,125
2026-09-14T06:25:01+00:00,185,,,,546,56,,250,285,352,,213,284,379,,80,,,,,154,,216,,371,,,,,47,,15,15,64,,,,,,140,,,97,,,,,1207,,117,,236,,107,,28,28,,71,,170,,128,117,,235,,35,,108,,,136,,,143,205,331,211,272,186,103,217,,,,473,126,287,293,242,212,538,39,,201,153,404,,385,182,125,119,158,288,370,158,671,59,751,163,97,60,216,179,252,614,,,466,56,109,200,780,181,278,523,,,379,,,,,,284,,,,,449,,,,,,203,,,,,,,,,,,,,,,,,,,290,303,469,331,45,,,859,321,577,,345,,425,608,386,145,408,104,48,126,,240,119,154,,288,17,122,890,,,,,,,,,,,,,,,,,,,,,,,,,,,,,,,,,,,,,,,,,,,,,193,436,109,142,219,200,380,,356,51,,382,268,290,499,241,233,427,71,,185,282,41,,1037,,,,,,117,,,,,,,,,,,194,44,52,13,,,,,,,,237,333,,,308,,,,,,,,,,,,,,,,,,,,,,,,278,,,119,78,74,71,53,420,399,19,,103,111,37,157,,,,70,141,257,122,10,65,116,244,64,75,149,312,,,25,,,,,,,,,,,,,,,,,,,,,,,,,,,,,,,,620,,186,23,674,,247,,483,310,346,,,68,,,,,,,,,,228,99,,,181,183,191,148,155,683,210,147,571,,208,,,,,,,,,,,,,,,,,,,,,,,,,,,,,,,,,,,,,,,,,,,,,,,,,,,,551,137,,461,84,306,303,,,,327,319,,128,,118,,90,408,,454,255,,,,,,514,565,121,,524,,162,43,,,363,
2026-09-14T06:30:02+00:00,182,246,,,539,54,,249,281,,,204,283,375,,77,,,,,153,414,208,,372,,,,,48,885,16,13,63,160,,,,,137,134,,96,,,,,,,114,,,,106,,,27,,67,,167,,125,115,,,66,34,,107,,,134,,,127,199,,,,,,,,,,,,,,,,,,,,,,,,,,,,,,,,,,,,,,,,,,,,,,,,,,,,,,,,,,,,,,,,,,,,,,,,,,,,,,,,,,,,,,,,,287,291,483,320,44,,,847,,566,,338,,,,,,,,,,,,,150,,287,17,,,,,,,,,,,,,,,,,,,,,,,,,,,,,,,,,,,,,,,,,,,,,,,,435,108,139,213,193,378,,354,52,,386,265,285,494,236,221,418,,,176,279,38,,1030,,,,349,,118,,,,,,,,,,,191,,53,12,,,,447,,,,,,,,303,,,,,,,,,,,,,,,,,,,,,,,,276,100,,118,77,71,70,47,414,394,,,98,103,35,154,,,,,137,256,,4,63,111,243,56,,146,302,,,24,6,250,356,,1065,207,,121,168,193,,,,,,,,,,,,,,,,,,,,,,612,85,181,20,672,,246,329,477,308,,,,66,111,,,,,,55,,,224,94,189,,173,177,184,144,154,676,205,146,566,,204,66,154,385,38,132,155,51,159,312,335,376,231,,217,,334,,180,322,,,,,,,,,,,,,,,,,,,,,,,,,,,,,,,,,547,136,,457,,304,,91,552,182,324,317,,127,,,225,,407,188,452,254,,,,,,516,562,120,,519,,161,,,,364,
2026-09-14T06:35:02+00:00,,241,56,,538,,,246,280,348,,198,280,370,,72,,,,,152,410,204,,374,,80,,,49,883,15,8,,159,,,,,136,133,,90,,26,,,,,109,,234,40,,,29,25,,62,,165,20,126,108,,,,,,106,,,130,,,129,200,327,206,268,180,99,216,,,,471,121,286,287,238,209,529,32,,199,149,394,195,383,,121,,147,,367,157,666,57,745,159,93,44,215,177,248,594,,2,464,55,107,201,759,177,276,,,,378,,,,,,283,,,,,433,,,,,,198,,,,,,,,,,,,,,,,,,,284,288,484,315,42,,,837,,563,,337,,419,586,393,143,,103,45,94,230,231,108,148,,288,17,117,,,,,,,,,,,,,,,,,,,,,,,,,,,,,,,,,,,,,,,,,,,,,,,428,97,132,210,186,375,,351,53,,380,253,281,486,229,208,410,69,,174,276,39,,,,,,348,,120,,,,,,,,,,,192,43,50,9,,,,,,,28,234,330,,,296,,,,,,,,,,,,,,,,,,,,,,,,271,98,10,116,78,68,68,34,407,391,,31,94,102,,149,,,,62,133,250,120,1,54,109,237,55,70,143,278,,,22,0,245,351,67,1051,204,,120,167,189,,,,,,,,,,,,,,,,,,,,,,599,84,182,13,671,,237,326,474,305,345,,,63,110,,,,,,52,,,217,91,190,142,164,164,182,143,153,667,206,142,560,135,199,,,,,,,,,,,,,,,,,,,,,,,,,,,,,,,,,,,,,,,,,,,,,,,,,,,,541,137,,455,,300,302,,550,177,318,318,,126,,,,88,403,,448,253,,,,,,515,558,119,,515,,158,45,,,362,
2026-09-14T06:40:01+00:00,177,236,57,,537,52,,245,,,,196,277,360,,70,,,,,151,,198,358,367,,,,,,873,,7,,160,,,,5,,,,79,,25,,,,,104,,231,,,,30,27,,61,,164,,125,105,,,64,,,107,,,126,,,128,,,,,,,,,,,466,119,280,275,232,197,523,23,,196,136,378,192,379,177,118,117,127,280,362,156,657,,728,137,91,32,203,175,236,565,,1,456,49,,,,,,,,,,,,,,,,,,,,,,,,,,,,,,,,,,,,,,,,,,,,,283,279,487,295,37,,,831,,556,,331,,,,,,,,,,,,,142,,286,17,116,,,,,,,,,,,,,,,,,,,,,,,,,,,,,,,,,,,,,,,,,,,,,,,422,90,130,208,179,369,,350,54,,375,249,276,480,,199,400,67,,168,267,36,,1024,,,,349,,121,,,,,,,,,,,195,,51,8,,,,,,,30,230,,,,288,,,,,,,,,,,,,,,,,,,,,,,,269,94,11,114,77,,67,24,395,390,,,91,98,37,147,,,,63,132,245,118,0,52,107,236,54,,142,277,,135,,,,,,,,,,,,,,,,,,,,,,,,,,,,,,,,,592,,176,15,,,233,320,471,304,343,,,57,109,,,,,,50,,,212,87,184,140,159,163,179,141,150,662,203,139,547,136,190,,,,,,,,,,,,,,,,,,,,,,,,,,,,,,,,,,,,,,,,,,,,,,,,,,,,532,,,454,81,297,,93,548,,315,316,93,,,,,86,401,187,446,251,,,,,,516,557,118,,514,,156,43,,,361,
2026-09-14T06:45:01+00:00,175,233,,,,,,246,277,346,,198,271,350,,,,,,,153,407,192,,365,,,,,,867,17,5,,161,,,,6,133,,,75,,,,,1208,,103,,226,41,105,,31,26,,57,,160,,123,100,,,85,29,,,,,124,,,,193,324,201,264,179,,214,,,,464,112,275,268,225,192,520,,,194,134,370,191,376,171,117,,122,277,359,152,653,,720,129,,28,198,174,231,556,,,,46,105,,731,,277,,,,374,,,,,,277,,,,,419,,,,,187,197,,,,,,,,,,,,,,,,,,,277,271,486,294,36,,,826,319,552,,319,267,414,560,389,141,400,96,43,84,,228,101,139,,288,17,112,881,,,,,,,,,,,,,,,,,,,,,,,,,,,,,,,,,,,,,,,,,,,,,192,417,82,,202,174,361,,354,,9,366,236,,465,227,193,391,66,,167,259,27,,1019,,,,,,122,,,,,,,,,,,197,40,50,,,,,446,,,,224,331,,,279,,,,,,,,,,,,,,,,,,,,,,,,268,,,110,76,67,,16,392,385,,,81,92,34,145,,,,61,,241,117,,48,104,232,52,62,139,269,,134,20,4,241,347,,1050,202,,119,166,181,,,,,,,,,,,,,,,,,,,,,,584,,177,14,669,,230,318,468,303,,,,,110,,,,,,44,,,210,89,180,,154,152,176,140,,654,200,130,549,135,185,,151,384,34,,153,,162,310,332,,,,210,,326,,177,318,,,,,,,,,,,,,,,,,,,,,,,,,,,,,,,,,521,,,450,80,293,,95,547,175,,314,90,,,,224,85,397,186,445,247,,,,,,,553,,,505,,,41,,,,124
2026-09-14T06:50:02+00:00,,226,,,,51,,244,274,344,,189,269,341,,69,,,,,151,405,183,,,,81,,,48,864,16,1,64,,,,,,132,132,,70,,,,,1207,,100,,221,42,107,,26,,8,52,,161,,125,97,86,234,84,,,,,,117,6,,,196,,,,,,,,,,,,,,,,,,,,,,,,,,,,,,,,,,,,,,,,,,,,,,,,,,,,,,,,,,,,,,,,,,,,,,,,,,,,,,,,,,,,,,,,,273,267,484,285,30,,,815,316,544,,308,,,,,,,,,,,,,134,,286,16,108,876,,,,,,,,,,,,,,,,,,,,,,,,,,,,,,,,,,,,,,,,,,,,,,414,75,129,199,,356,,346,56,8,363,229,270,449,223,187,380,65,,160,251,32,,,,,,347,,123,,,,,,,,,,,199,42,46,9,,,,447,,,31,223,328,,,270,,,,,,,,,,,,,,,,,,,,,,,,,91,8,109,71,,,1,385,383,18,,74,89,35,,,,,,131,237,,,46,101,229,,63,,267,,,16,2,234,340,66,1042,197,,,160,176,,,,,,,,,,,,,,,,,,,,,,583,,173,10,670,,224,310,459,296,342,,,,109,,,,,,43,,,205,90,169,,143,147,172,138,149,647,,131,547,134,182,,,,,,,,,,,,,,,,,,,,,,,,,,,,,,,,,,,,,,,,,,,,,,,,,,,,509,136,,449,78,289,301,97,543,,,315,,,,115,226,86,396,185,442,246,,,,,,514,544,117,,,,154,,,,359,123
2026-09-14T06:55:01+00:00,,223,,,536,50,,242,269,341,,187,266,334,,67,,,,,150,404,172,,360,,83,,,46,858,,0,,,,,,7,130,130,,60,,,,,,,82,,218,,108,,23,25,9,50,,,19,124,94,,233,83,30,,,,,120,,,127,191,317,196,252,177,,208,,,,462,110,269,254,221,188,515,,,192,130,363,190,373,166,118,,112,271,354,153,649,,,111,90,25,195,172,229,538,17,,452,44,99,199,703,173,275,521,,,375,,,,,,273,,,,,407,,,,,184,190,,,,,,,,,,,,,,,,,,,274,260,483,275,31,,,812,315,533,,301,,406,540,369,137,398,122,41,109,225,225,110,129,,285,16,110,872,,,,,,,,,,,,,,,,,,,,,,,,,,,,,,,,,,,,,,,,,,,,,193,406,57,121,196,171,348,,347,53,,359,228,261,438,220,178,377,,,154,244,,,1012,,,,346,,,,,,,,,,,,,200,38,43,,,,,448,,,,221,326,,,263,,,,,,,,,,,,,,,,,,,,,,,,265,90,9,106,67,,65,0,377,379,,30,72,85,34,142,,,,,128,234,116,,44,99,225,49,60,133,262,,,14,4,233,338,65,1039,193,,120,158,169,,,,,,,,,,,,,,,,,,,,,,579,,171,8,,,,,,,,,,,,,,,,,41,,,199,91,,,139,139,165,,146,643,197,,533,,180,,,,,,,,,,,,,,,,,,,,,,,,,,,,,,,,,,,,,,,,,,,,,,,,,,,,495,137,,444,79,285,297,,,168,311,,89,127,,114,225,87,392,,439,244,,,,,,513,542,,,499,,152,38,,,,
2026-09-14T07:00:01+00:00,176,222,,,529,,,,271,339,,184,265,331,,,,,,,149,401,160,356,359,,,,,45,854,17,,63,162,,,,8,128,128,,45,,24,,,,,,,221,41,107,,25,23,,48,,160,20,121,90,,232,,27,,105,,,115,5,,130,192,,,,,,,,,,,,,,,,,,,,,,,,,,,,,,,,,,,,,,,,,,,,,,,,,,,,,,,,,,,,,,,,,,,,,,,,,,,,,,,,,,,,,,,,,,258,479,270,32,,,805,316,522,,295,,,,,,,,,,,,,125,,281,16,104,870,,,,,,,,,,,,,,,,,,,,,,,,,,,,,,,,,,,,,,,,,,,,,192,401,56,118,,173,349,,346,,7,353,218,257,434,219,,370,64,,151,241,31,,1008,,,,345,,121,,,,,,,,,,,201,36,,,,,,,,,,220,325,,,257,,,,,,,,,,,,,,,,,,,,,,,,,91,8,105,,,64,,373,381,,,64,86,33,,,,,66,125,232,114,,37,96,219,,56,132,261,,,13,3,230,324,,1038,191,,121,157,165,,,,,,,,,,,,,,,,,,,,,,574,,168,5,666,,220,311,456,294,341,,,54,111,,,,,,42,,,198,88,158,139,135,137,161,136,142,637,193,127,521,135,178,65,145,382,25,,152,53,161,305,327,373,229,,208,,309,,173,315,,,,,,,,,,,,,,,,,,,,,,,,,,,,,,,,,488,,88,,77,281,,96,,162,306,312,,126,,111,,,,183,437,242,,,,,,511,540,,,498,,151,37,,,,
2026-09-14T07:05:01+00:00,174,220,,,524,49,,,269,337,,181,262,327,,,,,,,,403,156,,357,,,,,,848,,,65,,,251,,,126,,,44,,,,,,,75,,220,40,106,,,24,8,49,,161,,120,85,,231,,25,,,,,117,,,131,194,301,189,248,171,98,207,,195,,458,100,257,240,212,183,504,18,,189,123,341,189,370,163,116,,102,257,339,,634,56,714,145,,17,188,171,228,504,18,,446,39,,,,,,,,,,,,,,,262,,,,,392,,,,,182,184,,,,,,,,,,,,,,,,,,,273,249,477,257,31,,,796,,516,,287,,404,517,352,135,393,116,43,108,230,214,101,121,,280,16,102,868,,,,,,,,,,,,,,,,,,,,,,,,,,,,,,,,,,,,,,,,,,,,,191,388,52,105,193,,339,,344,48,,349,208,254,423,218,182,366,63,,146,238,33,,1004,,,,343,,122,,,,,,,,,,,,34,,5,,,,449,,,,219,326,,,253,,,,,,,,,,,,,,,,,,,,,,,,261,,,103,65,,61,1,367,375,,29,62,90,36,143,,,,65,124,228,,,35,97,213,48,50,130,257,,133,11,,228,314,,1022,177,,,154,159,,,,,,,,,,,,,,,,,,,,,,,,,,,,,,,,,,,,,,,,,,,,,,,,,,,,,140,632,,126,514,,174,,,,,,,,,,,,,,,,,,,,,,,,,,,,,,,,,,,,,,,,,,,,,,,,,,,,478,136,86,440,76,277,,,,156,,,88,127,,109,222,,387,178,436,,,,,,,,532,,,490,,,35,,,358,
2026-09-14T07:10:01+00:00,172,218,,,519,48,,238,266,,,175,260,324,,66,,,,,148,401,153,358,358,,82,,,44,843,16,,64,,,,,7,124,,,34,,,,,,,64,,219,,,,28,26,,48,,162,19,116,80,85,230,84,23,,,,,116,,,130,197,,,,,,,,,,,,,,,,,,,,,,,,,,,,,,,,,,,,,,,,,,,,,,,,,,,,,,,,,,,,,,,,,,,,,,,,,,,,,,,,,,,,,,,,,,243,478,254,32,,,791,315,510,,281,,,,,,,,,,,,,119,,279,16,98,857,,,,,,,,,26,287,,,,,,287,,0,80,144,,,,,,,,,62,,,,,57,,,,,75,,,,,,,384,55,101,190,171,337,,339,44,,345,210,250,415,217,179,361,62,,144,234,35,,1003,,,,,,,,,,,,,,,,,,33,44,6,,,,448,,,,216,,,,252,,,,,,,,,,,,,,,,,,,,,,,,259,90,9,,62,66,,0,365,366,,,59,87,38,140,,,,,123,224,,1,33,96,212,47,49,,256,,,6,2,,307,,1016,174,,,150,155,,,,,,,,,,,,,,,,,,,,,,564,,165,7,660,,217,305,447,289,337,,,50,,,,,,,36,,,194,80,142,138,118,126,158,132,138,629,191,128,494,136,170,,,,,,,,,,,,,,,,,,,,,,,,,,,,,,,,,,,,,,,,,,,,,,,,,,,,470,137,,435,75,275,,93,542,149,301,311,86,,,106,221,,384,,433,,,,,,,510,,,,487,,147,34,,,,122
2026-09-14T07:15:01+00:00,173,,,,514,47,,236,263,334,,,256,321,,65,,,,,144,400,150,360,,,83,,,41,845,17,,,163,,250,,8,123,127,,17,,23,,,1209,,58,,218,,105,,29,,,43,,,,117,79,,229,,,20,,,,107,,,129,195,296,178,245,170,95,202,,,,450,79,244,219,198,177,502,14,,178,113,319,187,366,160,113,116,81,246,333,154,616,55,703,132,87,12,182,168,213,484,,,440,32,99,195,690,169,273,514,56,,376,,,,,,259,,,,,387,,,,,,179,,,,,,,,,,,,,,,,,,,271,236,,253,26,,,787,314,493,,278,268,402,511,350,134,391,111,41,107,231,209,96,114,,280,17,96,853,,,,,,,,,,286,,,,,,282,,,79,141,,,,,,,,,63,,,,,,,,,,,,,,,,,,,,,,,,,,,340,198,264,408,218,175,353,61,,137,226,36,,1001,,,,,,,,,,,,,,,,,,,,,,,,,,,,,,,,,,,,,,,,,,,,,,,,,,,,,,,,,,,,,,,,,,,,,,,,,,,,,,,,,,,,,,,,,,,,,,,,,,,,,,,,,,,,,,,,,,,,,,,,,557,83,163,4,659,,,301,440,287,336,,,51,110,,,,,,33,,,191,77,139,137,,120,152,127,,,,,,,,,,,,,,,,,,,,,,,,,,,,,,,,,,,,,,,,,,,,,,,,,,,,,,,,,,,464,138,84,430,73,271,295,,,151,300,310,84,126,,105,217,86,375,176,432,238,,,,,,509,526,,,482,,146,30,,,357,
2026-09-14T07:15:02+00:00,,,,,,,,,,,,,,,,,,,,,,,,,,,,,,,,,,,,,,,,,,,,,,,,,,,,,,,,,,,,,,,,,,,,,,,,,,,,,,,,,,,,,,,,,,,,,,,,,,,,,,,,,,,,,,,,,,,,,,,,,,,,,,,,,,,,,,,,,,,,,,,,,,,,,,,,,,,,,,,,,,,,,,,,,,,,,,,,,,,,,,,,,,,,,,,,,,,,,,,,,,,,,,,,,,,,,,,,,,,,,,,,,,,,,,,,,,,,,,,,,379,58,100,186,166,329,,337,42,,,,,,,,,,,,,,,,,,,344,,,,,,,,,,,,,198,32,43,,,,,447,,,32,217,328,,,250,,,,,,,,,,,,,,,,,,,,,,,,255,,8,102,,65,,,361,367,17,28,60,80,34,136,,,1,,122,218,111,2,,95,,,42,127,251,,132,3,5,229,298,,1013,176,,,151,150,,,,,,,,,,,,,,,,,,,,,,,,,,,,,,,,,,,,,,,,,,,,,,,,,,,,,133,618,188,131,,135,,,,,,,,,,,,,,,,,,,,,,,,,,,,,,,,,,,,,,,,,,,,,,,,,,,,,,,,,,,,,,,,,,,,,,,,,,,,,,,,,,,,,,,,,,,
2026-09-14T07:20:02+00:00,,216,,,512,49,,233,259,332,,169,254,339,,67,,,,,143,393,145,358,357,,84,,,40,842,,,,164,,251,,,,128,,6,,,,,,,46,,219,,103,,27,27,,46,,161,,120,75,83,,81,22,19,104,,,105,4,,126,,,,,,,,,,,,76,237,208,191,174,495,,,175,107,309,185,363,155,112,115,80,242,331,150,611,,693,124,91,9,169,164,207,482,,,438,28,,,,,,,,,,,,,,,,,,,,,,,,,,,,,,,,,,,,,,,,,,,,,270,230,477,249,25,,,781,,486,,268,,,,,,,,,,,,,112,,,17,92,847,,,,,,,,,23,,,,,,,281,,,76,140,,,,,,,,,62,,,,,,,,,,,,,,,,,376,57,101,188,170,328,,329,,,343,196,259,405,216,178,350,62,,136,,,,1000,,,,345,,,,,,,,,,,,,196,33,,5,,,,,,,,215,,,,249,,,,,,,,,,,,,,,,,,,,,,,,253,89,7,103,59,64,60,,360,365,,,57,76,32,134,,,,64,,217,,0,,93,211,46,36,124,249,,131,2,,233,288,64,,168,,120,147,149,,,,,,,,,,,,,,,,,,,,,,551,82,158,1,656,,213,,428,,337,,,53,109,,,,,,30,,,186,70,135,,101,117,147,124,131,612,186,130,483,134,169,66,137,380,18,130,151,54,157,298,324,363,228,,201,,299,,172,302,,,,,,,,,,,,,,,,,,,,,,,,,,,,,,,,,454,137,,427,,265,292,90,,149,294,312,82,,,102,216,85,370,173,426,239,,,,,,507,523,116,,479,,145,,,,354,124
2026-09-14T07:25:01+00:00,172,,,,509,47,,234,260,330,,171,,333,,66,,,,,,390,141,356,,,86,,,,838,15,,,163,,,,,121,131,,0,,,,,1210,,45,,218,,104,,25,,,43,,,17,121,72,82,,,24,,106,,,99,,,124,193,284,169,237,167,93,199,,,,,,,,,,,,,,,,,,,,,,,,,,,,,,,,,,,,,,,94,188,680,166,272,,55,,375,,,,,,252,,,,,384,,,,,181,172,,,,,,,,,,,,,,,,,,,,226,475,247,29,,,774,312,479,,256,266,409,498,334,,390,113,40,,229,,86,109,,278,17,85,843,,,,,,,,,,,,,,,,280,,,,139,,,,,,,,,,,,,,,,,,,,,,,,,,367,54,100,185,165,321,,327,38,8,339,190,,397,214,176,345,61,,132,220,35,,,,,,346,,121,,,,,,,,,,,197,32,39,,,,,,,,,214,327,,,243,,,,,,,,,,,,,,,,,,,,,,,,244,86,8,101,62,,,1,357,354,,,,69,30,133,,,,63,,209,110,,,97,203,,33,123,,,132,3,3,230,281,63,1003,162,,119,144,143,,,,,,,,,,,,,,,,,,,,,,549,,156,,655,,209,304,425,,,,,51,,,,,,,23,,,184,69,128,135,94,110,142,118,127,602,185,124,469,136,167,,,,,,,,,,,,,,,,,,,,,,,,,,,,,,,,,,,,,,,,,,,,,,,,,,,,448,139,,424,71,258,,88,539,146,288,310,,125,,101,217,84,361,172,422,,,,,,,506,519,,,473,,140,31,,,349,
2026-09-14T07:30:02+00:00,,213,55,,508,49,,228,259,329,,,252,328,,65,,,,,140,384,139,353,351,,85,,,39,828,16,,65,162,,247,,7,120,,,,,25,,,1211,,35,,217,,103,,26,25,,32,,,,115,,,228,80,23,18,,,,97,2,,,192,,,,,,,,,,445,71,229,193,182,168,479,8,,168,105,296,,361,148,110,,65,232,314,143,603,53,682,113,97,2,172,161,193,456,,,437,21,,,,,,,,,,,,,,,,,,,,,,,,,,,,,,,,,,,,,,,,,,,,,264,225,476,244,22,,,769,314,460,,244,,,,,,,,,,,,,104,,277,17,79,839,,,,,,,,,,284,,,,,,278,,,74,136,,,,,,,,,,,,,,58,,,,,74,,,,,,,365,56,99,,163,317,,323,,,336,185,255,400,,165,344,,,128,212,33,,995,,,,344,,,,,,,,,,,,,196,33,41,4,,,,,,,,212,,,,,,,,,,,,,,,,,,,,,,,,,,,,242,85,,100,,,,,354,,,,55,72,32,129,,,,,121,206,107,,32,94,204,,31,124,248,,,,,,,,,,,,,,,,,,,,,,,,,,,,,,,,,,,,,,,,,,,,,,,,,,,,,,,,,,,,,,,,,,123,596,181,,453,,165,,,,,,,,,,,,,,,,,,,,,,,,,,,,,,,,,,,,,,,,,,,,,,,,,,,,446,138,82,421,69,254,288,,,136,287,,81,,,100,215,82,356,171,423,237,,,,,,505,518,,,469,,137,30,,,340,123
2026-09-14T07:35:02+00:00,,210,,,501,46,,224,260,328,,170,245,320,,66,,,,,136,383,137,352,,,,,,40,825,,,,160,,,,,117,130,,,,,,,1212,,29,,,41,,,25,26,,34,,160,,,68,,227,79,,17,,,,95,4,,125,195,285,164,232,165,86,195,,194,,443,61,221,176,174,166,471,6,,162,94,273,,352,139,107,,50,222,305,140,590,,665,132,,,165,158,184,424,,,432,13,,182,665,159,,511,54,,374,,,,,,238,,,,,379,,,,,176,170,,,,,,,,,,,,,,,,,,,260,224,,243,19,,,768,,446,,236,,408,487,321,133,386,109,,104,222,203,83,99,,274,17,73,830,,,,,,,,,22,283,,,,,,274,,,75,,,,,,,,,,60,,,,,,,,,,,,,,,,190,356,58,100,183,161,316,,,40,,330,171,252,393,211,163,340,62,,,205,29,,993,,,,343,,122,,,,,,,,,,,192,,42,5,,,,446,,,,210,328,,,240,,,,,,,,,,,,,,,,,,,,,,,,239,83,7,101,56,,,0,349,344,13,27,52,74,31,,,,,60,119,201,102,,,93,199,,29,123,241,,133,1,,225,259,62,995,154,,121,140,140,,,,,,,,,,,,,,,,,,,,,,543,,153,,650,,205,303,417,,,,,,,,,,,,22,,,182,67,117,132,92,99,136,115,,587,180,118,439,,163,65,131,382,20,124,149,,156,296,321,351,226,,193,,292,,166,297,,,,,,,,,,,,,,,,,,,,,,,,,,,,,,,,,445,,81,419,66,248,284,87,538,,285,307,82,126,,99,216,,353,167,417,,,,,,,502,516,,,459,,134,29,,,332,
2026-09-14T07:40:01+00:00,168,211,56,,497,42,,216,257,,,162,241,314,,65,,,,,134,382,138,351,350,,,,,39,822,,,63,,,246,,,116,,,,,,,,1213,,25,,215,,104,,27,27,,,,161,,120,65,80,224,81,20,18,,,,88,,,,196,,,,,,,,,,,,,,,,,,,,,,,,,,,,,,,,,,,,,,,,,,,,,,,,,,,,,,,,,,,,,,,,,,,,,,,,,,,,,,,,,,,,,,,,,,220,475,236,,,,761,,429,,232,,,,,,,,,,,,,91,,270,17,69,817,,,,,,,,,20,,,,,,,261,,,71,,,,,,,,,,,,,,,,,,,,,,,,,,189,346,53,99,182,158,311,,321,,,335,168,251,381,210,158,338,63,,,201,,,991,,,,,,,,,,,,,,,,,,31,39,,,,,447,,,,208,326,,,237,,,,,,,,,,,,,,,,,,,,,,,,241,82,,100,57,63,,,345,342,,,50,70,29,130,,,,,,197,100,,,88,198,48,26,,,,,,1,226,254,,989,149,,,138,139,,,,,,,,,,,,,,,,,,,,,,536,,145,0,,,,302,,,,,,,107,,,,,,21,,,181,,,131,82,94,,,,574,179,112,426,135,156,,,,,,,,,,,,,,,,,,,,,,,,,,,,,,,,,,,,,,,,,,,,,,,,,,,,,,79,,,244,285,85,,133,281,,80,,,98,,,342,165,418,234,,,,,,499,513,,,457,,130,48,,,328,
2026-09-14T07:45:01+00:00,165,210,55,,487,,,213,251,326,,163,239,304,,,,,,,130,378,134,340,,,,,,,,14,,62,,,,,8,115,,,,,,,,1214,,24,,216,,106,,30,,7,,,,18,118,63,78,,,,,,,,,5,,123,,280,153,222,161,84,185,,,,439,48,210,159,165,159,456,,,160,90,247,,350,130,,114,39,213,288,,584,49,652,145,101,15,162,150,182,399,,,427,3,89,176,647,,270,509,,,,,,,,,235,,,,,371,,,,,173,163,,,,,,,,,,,,,,,,,,,258,222,472,233,,,,755,316,421,,224,265,410,475,319,,385,106,41,,220,200,,88,,268,17,70,804,,,,,,,,,16,281,,,,,,257,,,69,,,,,,,,,,57,,,,,,,,,,,,,,,,187,340,48,,174,154,304,,314,37,,332,152,246,376,208,154,335,62,,122,,,,990,,,,,,,,,,,,,,,,,195,29,,3,,,,,,,,206,325,,,239,,,,,,,,,,,,,,,,,,,,,,,,237,80,5,98,52,62,,,342,336,12,,47,67,,131,,,,57,116,186,99,,,85,194,49,23,,239,,,3,,,,,,,,,,,,,,,,,,,,,,,,,,,,,,,,531,81,143,,651,,202,303,413,,339,,,49,,,,,,,24,,,179,68,110,,73,87,133,112,121,,178,104,,,149,,,,,,,,,,,,,,,,,,,,,,,,,,,,,,,,,,,,,,,,,,,,,,,,,,,,,,,415,65,239,,84,534,131,280,304,,125,,95,,83,340,162,414,232,,,,,,498,509,,,455,,,49,,,321,
2026-09-14T07:50:02+00:00,159,207,,,479,39,,202,248,329,,157,236,297,,,,,,,125,374,125,341,334,,83,,,37,792,,,,,,231,,9,,,,,,,,,1219,,20,,,,,,33,,,32,,,17,115,,79,,84,18,,,,,85,,,122,199,,,,,,,,,,,,,,,,,,,,,,,,,,,,,,,,,,,,,,,,,,,,,,,,,,,,,,,,,,,,,,,,,,,,,,,,,,,,,,,,,,,,,,,,,251,218,,226,14,,,750,,410,,210,,413,470,305,132,384,108,40,,217,197,70,86,,262,17,65,791,,,,,,,,,13,283,,,,,,245,,,66,133,,,,,,,,,,,,,,,,,,,,,,,,,186,334,46,96,168,157,299,,313,39,,327,138,243,368,,157,331,,,117,198,21,,987,,,,342,,123,,,,,,,,,,,188,25,40,2,,,,446,,,,200,,,,234,,,,,,,,,,,,,,,,,,,,,,,,236,79,4,95,51,60,,,338,329,11,,45,65,24,128,8,,,58,115,179,91,,30,79,192,50,25,121,237,,,5,0,215,240,63,968,138,,117,136,127,,,,,,,,,,,,,,,,,,,,,,515,80,136,2,650,,195,302,397,288,,,,45,108,,,,,,19,,,177,69,96,130,51,73,130,109,116,547,171,101,407,,148,58,124,380,14,118,,52,155,291,,343,224,,186,,290,,161,289,,,,,,,,,,,,,,,,,,,,,,,,,,,,,,,,,433,139,78,416,58,233,280,,531,130,278,302,81,,,94,215,,334,,413,231,,,,,,497,508,,,444,,129,51,,,317,120
2026-09-14T07:55:01+00:00,158,204,54,116,472,34,,201,247,325,,152,232,286,,66,,,,,121,373,122,,329,,78,,,36,788,,,65,157,,226,,,,132,,,,24,,,1223,,,,214,,105,,36,25,,,,,,108,62,77,223,87,,,,,,83,4,,120,198,,139,199,151,82,178,,193,,437,47,207,147,158,157,450,,,156,89,240,,348,124,,,33,208,279,138,583,51,,143,,,159,149,,393,,,422,1,87,171,638,157,271,506,,,373,,,,,,234,,,,,370,,,,,172,160,,,,,,,,,,,,,,,,,,,246,,,,15,,,747,314,396,,209,,,,,,,,,,,,,78,,259,17,61,776,,,,,,,,,10,282,,,,,,238,,,,131,,,,,,,,,55,,,,,,,,,,,,,,,,184,319,47,98,159,153,287,,310,34,,322,122,242,356,,155,333,61,,111,194,26,,,,,,340,,,,,,,,,,,,,187,23,36,1,,,,445,,,,198,,,,228,,,,,,,,,,,,,,,,,,,,,,,,237,,,94,48,,61,,334,321,,,44,61,22,124,,,,57,,,88,,,72,189,52,16,122,234,,,6,,,,,,,,,,,,,,,,,,,,,,,,,,,,,,,,,,,,,,,,,,,,,,,,,,,,,,,,,,,,,,,115,534,167,95,402,136,139,,,,,,,,,,,,,,,,,,,,,,,,,,,,,,,,,,,,,,,,,,,,,,,,,,,,432,,74,411,57,230,277,,529,124,274,301,82,,,92,214,76,327,159,412,232,,,,,,495,509,,,437,,,52,,,308,117
2026-09-14T08:00:02+00:00,154,203,,,455,,,195,239,322,,146,230,275,,64,,,,,118,370,117,338,327,,77,,,35,782,,,66,,,,,,114,131,,,,25,,,1239,,18,,,,101,,33,24,,31,,160,15,106,58,72,222,,,17,,,,81,,,,,,,,,,,,,,,,,,,,,,,,,,,,,,,,,,,,,,,,,,,,,,,,,,,,,,,,,,,,,,,,,,,,,,,,,,,,,,,,,,,,,,,,,,,,,,219,471,218,13,,,750,312,386,,202,,416,468,286,,381,104,38,,,192,60,76,,,17,55,756,,,,,,,,,9,,,,,,,222,,,68,130,,,,,,,,,56,,,,,,,,,,,,,,,,182,310,41,97,154,152,279,,308,33,,318,120,241,353,207,154,327,59,,112,193,25,,989,,,,339,,124,,,,,,,,,,,185,25,34,,,,,443,,,,196,327,,,225,,,,,,,,,,,,,,,,,,,,,,,,238,77,,,,,,,330,314,,,46,57,24,122,,,0,56,,172,86,1,28,70,186,,18,119,,,,5,3,214,227,62,956,141,,116,134,114,,,,,,,,,,,,,,,,,,,,,,508,,131,,,,194,,386,284,,,,44,107,,,,,,17,,,174,68,94,127,40,61,128,107,114,526,161,90,386,,133,,,,,,,,,,,,,,,,,,,,,,,,,,,,,,,,,,,,,,,,,,,,,,,,,,,,425,,73,408,59,221,273,82,528,122,263,,,,,94,213,74,314,156,,230,,,,,,496,507,,,428,,127,50,,,301,116
2026-09-14T08:05:02+00:00,155,201,,,450,33,,189,229,321,,139,224,263,,63,,,,,115,368,119,333,317,,79,,,,773,,,,159,,216,,8,112,133,,,,,,,1246,,,,213,40,102,,32,25,6,23,,158,,103,,,,88,17,18,105,,,76,5,,,202,286,127,202,136,,177,,,,436,38,194,134,147,154,433,4,,,87,219,184,339,114,106,,25,197,267,134,581,49,644,139,100,13,156,152,171,372,,,425,,89,168,616,152,263,504,,,374,,,,,,223,,,,,368,,,,,170,155,,,,,,,,,,,,,,,,,,,241,215,472,206,9,,,,309,383,,190,,418,470,281,133,,,37,,,179,47,72,,256,17,49,739,,,,,,,,,8,,,,,,,220,,,,,,,,,,,,,,,,,,,,,,,,,,,,,181,294,37,98,149,149,276,,306,,,313,108,236,347,206,152,324,58,,113,192,27,,988,,,,338,,,,,,,,,,,,,186,24,31,,,,,444,,,,,324,,,,,,,,,,,,,,,,,,,,,,,,,,,240,73,,93,44,58,,,325,309,10,26,49,61,26,120,,,,55,,158,81,0,27,64,177,50,17,,232,,,4,1,217,214,,939,130,,,133,105,,,,,,,,,,,,,,,,,,,,,,495,,127,3,652,,188,301,368,280,337,,,,103,,,,,,,,,171,71,77,121,23,58,,104,110,513,158,83,371,138,127,53,113,377,8,111,,50,156,283,312,316,221,,177,,275,,162,286,,,,,,,,,,,,,,,,,,,,,,,,,,,,,,,,,423,,72,403,,,269,80,524,111,259,300,83,,,91,,73,309,155,,227,,,,,,494,504,,,413,,123,,,,299,115
2026-09-14T08:10:01+00:00,157,,,,444,28,,182,223,315,,137,220,258,,,,,,,110,,116,325,314,,77,,,,768,,,65,157,,213,,,111,,,,,,,,1252,,,,,,103,,,,5,16,,,14,104,,,221,89,19,,,,,74,,,116,203,,121,197,137,80,173,,,,,,,,,,,,,,,,,,,,,,,,,,,,,,,,,,,,,,,,,,,,,,,,,,,,,,,,,,,,,,,,,,,,,,,,,,,,,,,,,,,,212,471,201,8,,,746,307,368,,183,,419,468,276,,,103,,,,177,44,70,,252,17,43,717,,,,,,,,,2,,,,,,,207,,,67,131,,,,,,,,,55,,,,,,,,,,,,,,,,180,286,38,97,151,148,266,,303,32,,309,101,235,343,205,155,315,57,,111,186,26,,986,,,,339,,123,,,,,,,,,,,185,20,33,0,,,,443,,,,192,323,,,223,,,,,,,,,,,,,,,,,,,,,,,,235,71,6,92,42,87,59,,320,307,9,,53,66,24,,,,,57,,153,69,,26,67,169,49,15,115,235,,134,,0,213,208,63,928,124,,,131,,,,,,,,,,,,,,,,,,,,,,,494,79,,1,649,,185,300,352,279,,,,,,,,,,,15,,,169,,75,120,39,,,103,106,493,154,72,348,,117,,,,,,,,,,,,,,,,,,,,,,,,,,,,,,,,,,,,,,,,,,,,,,,,,,,,,,73,393,56,220,,79,,104,252,,,124,,,,72,307,153,408,225,,,,,,492,499,117,,405,,,49,,,277,117
2026-09-14T08:15:02+00:00,161,,,,441,27,,179,219,,,130,218,243,,64,,,,,109,367,114,318,308,,76,,,,757,,,,158,,208,,,110,132,,,,,,,1263,,20,,,,,,31,26,6,8,,157,,106,,,222,90,18,,104,,,,4,,113,204,,,195,136,81,170,,,,434,25,187,124,142,148,417,8,,150,82,196,183,336,102,104,113,18,191,239,133,575,48,637,131,,10,129,150,166,345,,1,426,,88,162,604,140,266,499,,,370,,,,,,213,,,,,364,,,,,167,151,,,,,,,,,,,,,,,,,,,244,210,,197,14,,,745,,364,,169,,420,460,264,134,380,102,,103,216,,42,64,,253,17,35,701,,,,,,,,,0,281,,,,,,209,,,,,,,,,,,,,57,,,,,,,,,,,,,,,,179,282,41,96,147,142,255,,314,34,,305,93,231,,,150,312,58,,110,184,25,,,,,,338,,,,,,,,,,,,,183,18,31,,,,,,,,,190,321,,,220,,,,,,,,,,,,,,,,,,,,,,,,234,,5,,39,,,,321,302,,27,54,,22,119,,,,,,151,62,,,68,166,,,,,,132,,,210,192,62,899,117,,117,134,93,,,,,,,,,,,,,,,,,,,,,,,,125,,,,,,,,,,,46,102,,,,,,,,,,68,,,,51,127,,104,470,146,68,342,137,106,,,,,,,,,,,,,,,,,,,,,,,,,,,,,,,,,,,,,,,,,,,,,,,,,,,,422,137,,390,54,214,262,77,522,98,246,301,84,,,90,212,73,,151,407,223,,,,,,491,,,,401,,120,47,,,265,
2026-09-14T08:20:01+00:00,160,200,55,,432,24,,169,215,311,,133,217,239,,65,,,,,106,368,102,,304,,74,,,32,746,12,,64,,,204,,7,,133,,,,,,,1276,,15,,,38,102,,32,,,3,,,,104,54,,,,15,,105,,,,5,,110,207,,,,,,,,,,,20,178,125,138,146,411,10,,151,,185,,338,,103,112,17,186,226,131,576,49,612,126,101,,130,152,164,338,,,421,,,159,598,136,267,500,55,,,,,,,,206,,,,,363,,,,,165,149,,,,,,,,,,,,,,,,,,,240,208,470,189,12,,,742,,353,,159,,424,458,260,,379,103,38,,217,182,36,62,,248,17,33,689,,,,,,,,,,282,,,,,,205,,,,,,,,,,,,,,,,,,,,,,,,,,,,,,275,37,100,143,138,248,,,31,,310,92,233,342,203,155,306,,,105,179,26,,,,,,337,,122,,,,,,,,,,,185,16,32,,,,,442,,,31,,323,,,214,,,,,,,,,,,,,,,,,,,,,,,,232,67,7,94,38,,58,,,295,,,53,65,25,118,,,,58,,140,59,,25,69,163,45,7,,233,42,,3,,,,,,,,,,,,,,,,,,,,,,,,,,,,,,,,491,80,122,,647,,186,299,342,281,336,,,44,103,,,,,,17,,,167,67,71,119,36,43,126,100,101,451,142,55,333,135,99,51,105,373,1,98,147,51,160,276,299,297,218,,163,,260,,160,282,,,,,,,,,,,,,,,,,,,,,,,,,,,,,,,,,419,135,72,386,52,212,259,75,518,90,242,,85,,,88,210,70,305,149,404,221,,,,,,492,,,,389,,118,46,,,255,
2026-09-14T08:25:01+00:00,157,201,,,427,22,,164,209,307,,132,218,234,,,,,,,105,,100,315,305,,75,,,31,740,,,,159,,201,,8,,132,,,,23,,,1281,,14,,211,39,100,,34,25,,0,,,,99,50,71,224,89,13,17,104,,,,9,,106,,292,114,191,135,,168,,,,433,25,171,121,134,141,395,13,,,,176,184,,86,,,13,179,213,129,,47,595,123,97,6,126,148,154,330,,,,,90,153,584,130,268,,,,368,,,,,,,,,,,,,,,,,,,,,,,,,,,,,,,,,,,,238,210,471,188,10,,,736,306,349,,153,,426,,256,,374,95,,105,216,180,33,58,,251,17,23,676,,,,,,,,,1,,,,,,,201,,,68,130,,,,,,,,,,,,,,,,,,,,,,,,,,265,43,104,137,136,241,,311,30,7,,82,230,345,204,157,304,,,101,175,20,,984,,,,,,,,,,,,,,,,,186,13,33,,,,,,,,,186,321,,,210,,,,,,,,,,,,,,,,,,,,,,,,231,,8,95,31,,59,,318,292,8,,47,66,29,113,,,,59,,127,53,,26,70,158,46,4,112,232,,,,,,194,,881,111,,116,140,84,,,,,,,,,,,,,,,,,,,,,,489,79,,,645,,184,300,335,278,,,,39,100,,,,,,,,,164,66,65,118,33,40,123,99,99,444,136,48,327,134,93,,,,,,,,,,,,,,,,,,,,,,,,,,,,,,,,,,,,,,,,,,,,,,,,,,,,,,,382,50,204,254,,517,91,241,,84,,,87,,69,299,146,,220,,,,,,489,498,,,385,,112,,,,249,118
2026-09-14T08:30:02+00:00,,204,56,,421,24,,160,205,306,,129,217,228,,,,,,,101,366,101,312,299,,,,,32,735,13,,,,,197,,,109,134,,,,,,,1292,,13,,,,,,32,22,4,,,,,96,48,,,88,12,,,,,70,,,,208,288,111,182,136,79,170,,,,,,168,113,130,139,385,,,,81,170,,335,82,,111,11,170,207,,572,45,,121,96,5,123,,150,319,,,420,,,,,,,,,,,,,,,,192,,,,,362,,,,,164,147,,,,,,,,,,,,,,,,,,,237,,,,4,,,731,305,343,,,,424,456,252,133,,91,,,217,179,,53,,244,17,24,672,,,,,,,,,0,,,,,,,198,,,64,,,,,,,,,,55,,,,,57,,,,,,,,,,,,258,37,,,134,238,,300,27,,306,72,221,330,202,158,301,57,,97,,25,,983,,,,336,,,,,,,,,,,,,185,12,34,,,,,441,,,,,,,,,,,,,,,,,,,,,,,,,,,,,,,,223,65,9,96,27,85,,,317,291,,,49,65,,112,,,,58,,124,48,,,71,,45,,113,,,130,,,,184,61,858,104,,,141,82,,,,,,,,,,,,,,,,,,,,,,487,,128,,643,,183,301,333,279,339,,,,99,,,,,,13,,,163,64,63,,30,37,120,97,,433,,47,315,,89,,,,,,,,,,,,,,,,,,,,,,,,,,,,,,,,,,,,,,,,,,,,,,,,,,,,418,,,378,49,201,251,,514,88,235,300,83,,,86,208,67,,144,403,219,,,,,,486,495,,,382,,111,47,,,235,
2026-09-14T08:35:01+00:00,155,202,57,,416,,,158,198,309,,126,,223,,68,,,,,95,367,100,308,293,,76,,,,731,14,,61,161,,198,,7,,,,,,,,,1300,,,,,,,,,23,,,,158,,93,46,,225,86,11,16,,,,65,8,,,207,,,,,,,,,,,26,163,110,127,141,378,17,,150,80,158,,,83,102,,,,195,,570,44,580,116,97,1,,146,142,310,,,419,,91,145,576,123,269,501,56,,366,,,,,,185,,,,,358,,,,,162,,,,,,,,,,,,,,,,,,,,238,,473,182,,,,727,304,340,,145,,418,455,,132,373,93,,,,176,28,47,,243,17,23,659,,,,,,,,,,,,,,,,186,,,61,,,,,,,,,,52,,,,,,,,,,,,,,,,180,254,,103,132,129,233,,303,31,,310,67,224,326,,155,306,,,94,173,,,982,,,,,,123,,,,,,,,,,,186,4,32,,,,,,,,,183,316,,,209,,,,,,,,,,,,,,,,,,,,,,,,220,64,8,,26,,,,313,284,,,,64,30,108,,,,,,123,40,,25,68,152,44,7,110,,,131,4,,204,181,,837,96,,117,140,79,,,,,,,,,,,,,,,,,,,,,,483,,126,0,646,,182,,327,278,340,,,40,96,,,,,,14,,,162,61,66,,23,35,117,96,96,418,139,42,314,132,84,,,,,,,,,,,,,,,,,,,,,,,,,,,,,,,,,,,,,,,,,,,,,,,,,,,,417,136,71,372,45,184,246,76,513,80,236,298,,125,,85,207,66,297,142,405,220,,,,,,,492,116,,377,,110,46,,,228,117
2026-09-14T08:40:01+00:00,153,201,,,417,22,,144,190,305,,121,214,219,,65,,,,,92,,96,300,286,,78,,,30,726,,,,163,,196,,,110,,,,,22,,,,,9,,,,101,,,24,5,,,159,,,42,73,,88,10,15,105,,,,,,104,208,285,109,175,138,74,166,,,,,,,,,,,,,,,,,,,,,,,,,,,,,,,,,,,,,,,,,,,,,,,,,,,,,,,,,,,,,,,,,,,,,,,,,,,,,,,,,,,237,,,184,,,,720,,330,,147,,,,,,,,,,,,,49,,246,17,22,651,,,,,,,,,,,,,,,,,,,,,,,,,,,,,,,,,,,,,,,,,,,,,,,35,101,130,125,223,,296,29,,306,65,223,323,203,160,304,58,,92,174,27,,981,,,,335,,,,,,,,,,,,,183,1,30,,,,,,,,30,182,315,,,202,,,,,,,,,,,,,,,,,,,,,,,,219,66,,,25,,,,311,280,9,26,,67,32,106,,,1,59,114,119,39,1,,,,45,5,113,231,40,128,3,2,201,176,60,836,84,,,144,74,,,,,,,,,,,,,,,,,,,,,,475,,121,,643,,177,292,301,274,,,,36,97,,,,,,11,,,158,,60,116,20,25,109,94,,,,,,,,49,94,374,4,91,146,49,158,273,297,281,213,,153,,247,,,278,,,,,,,,,,,,,,,,,,,,,,,,,,,,,,,,,,,72,369,46,178,245,,510,78,,294,81,124,,87,206,62,294,141,404,219,,,,,,483,,115,,368,,109,49,,,224,
2026-09-14T08:40:02+00:00,,,,,,,,,,,,,,,,,,,,,,,,,,,,,,,,,,,,,,,,,,,,,,,,,,,,,,,,,,,,,,,,,,,,,,,,,,,,,,,,,,,,,,,,,,,,,,,,,,,,,,,,,,,,,,,,,,,,,,,,,,,,,,,,,,,,,,,,,,,,,,,,,,,,,,,,,,,,,,,,,,,,,,,,,,,,,,,,,,,,,,,,,,,,,,,,,,,,,,,,,,,,,,,,,,,,,,,,,,,,,,,,,,,,,,,,,,,,,,,,,,,,,,,,,,,,,,,,,,,,,,,,,,,,,,,,,,,,,,,,,,,,,,,,,,,,,,,,,,,,,,,,,,,,,,,,,,,,,,,,,,,,,,,,,,,,,,,,,,,,,,,,,,,,,,,,,,,,,,,,,,,,,,,,,,,,,,,,,,,,,,,,,,,,,,,,,,,,,,,,,,,,,,,,,,,,,,,,95,404,137,41,309,,81,,,,,,,,,,,,,,,,,,,,,,,,,,,,,,,,,,,,,,,,,,,,,,,,,,,,,,,,,,,,,,,,,,,,,,,,,,,,,,,,,,,,,,,,,,
2026-09-14T08:45:02+00:00,150,200,,,412,19,,141,188,304,,113,212,210,,,,,,,,368,91,298,283,,79,,,,723,,,60,165,,187,,,,133,,,,20,,,1304,,7,,212,,,,30,,6,,,157,15,88,40,,,87,11,,106,,,70,10,,103,,,,,,,,,,,431,27,,105,120,137,372,,,,,151,,,79,,,9,171,190,130,569,43,,,100,2,124,147,143,307,17,,416,,,,,,,,,,,,,,,,183,,,,,357,,,,,159,146,,,,,,,,,,,,,,,,,,,234,212,,178,,,,712,305,329,,145,,415,447,260,,372,,,104,218,174,27,,,245,17,19,644,,,,,,,,,,,,,,,,184,,,56,129,,,,,,,,,,,,,,,,,,,,,,,,,181,247,32,100,,121,221,,295,30,,303,64,222,319,201,156,,57,,85,176,23,,980,,,,334,,,,,,,,,,,,,,3,31,,,,,,,,,181,310,,,204,,,,,,,,,,,,,,,,,,,,,,,,222,69,5,95,23,84,,,308,278,,27,46,69,,105,,,,58,,114,35,0,26,65,153,44,1,110,,41,127,0,1,,,59,,,,,,,,,,,,,,,,,,,,,,,,,,,,,,,,,,,,,,,,,,,,,,,,,,,,,,,,,,,92,389,126,42,300,,76,,,,,,,,,,,,,,,,,,,,,,,,,,,,,,,,,,,,,,,,,,,,,,,,,,,,,138,,,44,174,242,75,506,79,234,292,78,123,,82,,,292,142,400,217,,,,,,480,490,,,365,,103,46,,,214,116
2026-09-14T08:50:01+00:00,151,198,,,411,20,,134,189,301,,106,210,206,,,,,,,89,366,,294,273,,77,,,26,,,,61,,,181,,,109,,,,,,,,1311,,6,,210,40,,,33,23,5,,,,,91,37,,,88,9,,105,,,65,,,101,206,,91,165,135,78,161,,,,,23,139,99,118,134,364,15,,,,145,,338,65,99,,8,,164,128,565,40,566,110,103,3,122,143,137,291,18,,419,,,,,,,,,,,,,,,,,,,,,,,,,,,,,,,,,,,,,,,,,,,,,,,210,475,,3,,,702,304,324,,139,,,,,,,,,,,,,45,,241,17,,626,,,,,,,,,,279,,,,,,178,,,57,126,,,,,,,,,50,,,,,,,,,,,,,,,,180,245,29,102,127,120,218,,,,,306,56,224,309,203,,,,,80,173,22,,979,,,,329,,,,,,,,,,,,,181,,,,,,,,,,29,182,,,,202,,,,,,,,,,,,,,,,,,,,,,,,223,68,,,25,85,,,302,281,,,43,68,33,,,,,57,,105,32,,25,63,151,,4,107,228,,,2,,199,168,57,816,80,,118,145,71,,,,,,,,,,,,,,,,,,,,,,474,,117,1,648,,179,,294,273,,,,,98,,,,,,10,,,155,62,54,115,23,19,102,93,91,378,119,40,290,130,71,,,,,,,,,,,,,,,,,,,,,,,,,,,,,,,,,,,,,,,,,,,,,,,,,,,,418,,74,363,42,169,238,74,505,,229,290,77,122,,80,207,60,285,144,401,214,,,,,,475,487,,,359,,105,45,,,213,
2026-09-14T08:55:01+00:00,150,199,,,403,19,,127,187,299,,103,207,203,,64,,,,,83,365,86,,272,,78,,,25,719,13,,62,163,,,,8,108,,,,,19,,,1319,,4,,209,39,,,32,,6,,,155,,88,36,,,,6,,,,,61,,,99,204,,,,,,,,,,,,,,,,,,,,,,,,,,,,,,,,,,,,,,,,,,,,,,,,,,,,,,,,,,,173,,,,,356,,,,,155,,,,,,,,,,,,,,,,,,,,,,,181,6,,,706,303,327,,137,266,414,494,275,130,370,106,39,102,,260,62,44,,240,17,16,612,,,,,,,,,,,,,,,,169,,,60,127,,,,,,,,,,,,,,,,,,,,,,,,,,,,,,,,,,,,308,45,225,305,,154,302,,,74,166,,,,,,,,,,,,,,,,,,,,217,44,9,3,,,,440,,,26,178,306,,,197,,,,,,,,,,,,,,,,,,,,,,,,,,,,,,,,,,,,,,,,,,,,,,,,,,,,,,,,,,,,,,,,,,,,,,,,,,,,,,,,,,,,,,,,,473,78,,,654,,178,289,289,272,,,,32,97,,,,,,,,,153,61,51,112,20,9,103,89,,,,,,,,,,,,,,,,,,,,,,,,,,,,,,,,,,,,,,,,,,,,,,,,,,,,,,,,,,,421,,73,361,41,166,233,77,503,74,,291,,,,79,201,61,282,143,,212,,,,,,473,486,,,356,,,43,,,206,115
2026-09-14T08:55:02+00:00,,,,,,,,,,,,,,,,,,,,,,,,,,,,,,,,,,,,,,,,,,,,,,,,,,,,,,,,,,,,,,,,,,,,,,,,,,,,,,,,,,,,,,,,,,,,,,,,,,,,,,,,,,,,,,,,,,,,,,,,,,,,,,,,,,,,,,,,,,,,,,,,,,,,,,,,,,,,,,,,,,,,,,,,,,,,,,,,,,,,,,,,,,,,,,,,,,,,,,,,,,,,,,,,,,,,,,,,,,,,,,,,,,,,,,,,,,,,,,,,179,236,27,99,131,116,219,,301,29,,,,,,,,,,,,,,,,,,,,,,,,,,,,,,,,,,,,,,,,,,,,,,,,,,,,,,,,,,,,,,,,,,,,,,,225,67,2,92,19,,,,300,286,,,39,,32,,,,,,,101,27,,,64,153,42,11,101,227,,,,0,193,149,60,801,67,,114,147,67,,,,,,,,,,,,,,,,,,,,,,,,,,,,,,,,,,,,,,,,,,,,,,,,,,,,,89,357,116,38,282,131,67,48,90,371,5,79,140,,166,265,278,249,203,,141,,228,,156,262,,,,,,,,,,,,,,,,,,,,,,,,,,,,,,,,,,,,,,,,,,,,,,,,,,,,,,,,,,,,,,,,,,,,,,,
2026-09-14T09:00:02+00:00,149,,,,410,17,,122,188,297,,,204,,,65,,,,,86,363,85,299,268,,79,,,22,,,,60,162,,175,,9,,132,,,,18,,,1336,,,,,,,,30,19,,,,154,,90,,72,,89,5,,,,,64,11,,101,208,281,75,157,128,80,165,,,,,25,132,,116,133,372,,,149,82,140,,341,61,98,,4,166,153,129,,37,549,107,105,,118,145,136,292,,,,,87,134,553,111,265,496,52,,364,,,,,,169,,,,,,,,,,,143,,,,,,,,,,,,,,,,,,,233,,474,184,8,,,712,305,318,,143,,,,,,,,,,,,,46,,245,17,18,606,,,,,,,,,,,,,,,,163,,,59,125,,,,,,,,,48,,,,,56,,,,,,,,,,,178,234,,,125,112,211,,297,,,303,36,227,298,,151,296,,,,159,,,978,,,,,,124,,,,,,,,,,,219,45,13,4,,,,441,,,,175,301,,,195,,,,,,,,,,,,,,,,,,,,,,,,223,65,1,93,18,,58,1,,285,,,40,66,,107,,,,56,,98,,,24,61,155,,13,,,,126,,,,,,,,,,,,,,,,,,,,,,,,,,,,,,,,,468,,115,0,,,,,,,339,,,,96,,,,,,,,,152,62,,111,26,,99,,84,324,113,34,278,128,64,,,,,,,,,,,,,,,,,,,,,,,,,,,,,,,,,,,,,,,,,,,,,,,,,,,,,136,71,358,36,161,232,75,,77,224,290,75,,,78,,60,283,145,395,211,,,,,,,482,,,348,,99,42,,,,113
2026-09-14T09:05:02+00:00,146,198,58,,409,14,,113,186,,,98,209,206,,66,,,,,85,,80,296,261,,,,,21,711,14,,,,,171,,10,107,,,,,,,,1342,,3,,210,,100,,28,,,,,155,14,93,35,,224,,6,16,106,,,61,13,,98,212,,,,,,,,,,,,,,,,,,,,,,,,,,,,,,,,,,,,,,,,,,,,,,,,,,,,,,,,,,,,,,,,,,,,,,,,,,,,,,,,,,,,,,,,,231,209,472,183,9,,,709,306,315,,140,,415,493,269,,,103,38,,216,259,65,47,,241,17,12,594,,,,,,,,,,280,,,,,,156,,,61,,,,,,,,,,49,,,,,,,,,,73,,,,,,,220,26,,124,114,207,,300,23,,,,,295,204,153,292,,,75,158,,,,,,,,,,,,,,,,,,,,221,49,14,,,,,439,,,,169,302,,,,,,,,,,,,,,,,,,,,,,,,,,,,66,,89,16,,59,2,298,279,,26,84,67,29,105,,,,55,,95,24,,,55,156,43,14,96,225,,128,3,,195,124,61,762,51,,111,144,69,,,,,,,,,,,,,,,,,,,,,,464,,116,3,653,,176,288,282,270,338,,,35,,,,,,,8,,,,63,49,109,19,,95,86,83,316,104,26,267,127,57,,,,,,,,,,,,,,,,,,,,,,,,,,,,,,,,,,,,,,,,,,,,,,,,,,,,420,134,,355,32,155,231,74,502,78,216,,,,,77,,,281,144,398,213,,,,,,474,483,,,342,,,41,,,198,
2026-09-14T09:10:01+00:00,145,,,,405,,,109,185,294,,99,208,202,,65,,,,,86,362,79,298,260,,77,,,,708,,,,,,172,,9,106,131,,,,19,,,1345,,,,211,,101,,,,,,,156,13,92,,,225,,5,,103,,,60,16,,95,213,282,67,151,124,73,164,,,,,31,124,98,117,129,362,,,147,84,142,182,340,55,97,,3,150,138,,563,39,547,104,,2,121,142,130,270,17,,422,,88,130,547,110,259,492,,,367,,,,,,162,,,,,358,,,,,154,142,,,,,,,,,,,,,,,,,,,233,211,476,188,8,,,710,305,312,,136,,,,,,,,,,,,,44,,237,17,13,573,,,,,,,,,,,,,,,,153,,,,124,,,,,,,,,50,,,,,,,,,,72,,,,,,,211,25,97,,115,208,,302,22,,308,48,228,292,202,152,294,,,77,157,20,,977,,,,330,,,,,,,,,,,,,218,,,,,,,438,,,25,170,294,,,194,,,,,,,,,,,,,,,,,,,,,,,,225,,,90,15,88,58,0,299,278,,,82,,,108,,,,58,,94,21,,,58,157,,,94,224,,129,,,,,,,,,,,,,,,,,,,,,,,,,,,,,,,,,,,,,,,,,,,,,,,,,,,,,,,,,,,,,,,,78,306,102,27,252,128,47,45,89,,4,72,136,,172,258,262,229,199,,130,,224,,154,255,,,,,,,,,,,,,,,,,,,,,,,,,,,,,,,,,,136,68,354,33,153,,,,74,215,287,76,,,78,202,,280,143,399,214,,,,,,,480,,,335,,97,45,,,187,114
2026-09-14T09:15:01+00:00,143,201,,,404,16,,111,181,,,102,206,204,,,,,,,,361,78,295,256,,76,,,,704,,,,,,,,10,105,130,,,,,,,1355,,,,212,,99,,23,21,,,,,,90,,74,,,,15,,,,,,,,,276,63,149,122,75,163,,,,432,25,113,97,115,126,351,14,,,,138,183,,49,,,4,141,118,130,562,36,524,,102,,120,141,128,277,,,421,,,,,,,,,,,,,,,,,,,,,,,,,,,,,,,,,,,,,,,,,,,,,,234,210,477,192,9,,,711,306,322,,135,,420,501,271,,371,102,,100,214,263,59,36,,,17,7,554,,,,,,,,,,,,,,,,156,,,60,122,,,,,,,,,,,,,,55,,,,,,,,,,,177,214,,96,123,116,195,,299,21,,304,58,229,288,204,,293,,,78,154,25,,976,,,,329,,122,,,,,,,,,,,,,11,,,,,437,,,,172,290,,,193,,,,,,,,,,,,,,,,,,,,,,,,,68,,91,17,,59,1,,273,,,81,65,31,,,,,57,,92,,1,25,64,161,,12,92,,40,126,4,,197,128,63,740,53,,,143,62,,,,,,,,,,,,,,,,,,,,,,461,,118,,651,,178,286,,273,336,,,,95,,,,,,,,,148,65,47,108,26,,96,82,73,299,97,21,256,127,46,,,,,,,,,,,,,,,,,,,,,,,,,,,,,,,,,,,,,,,,,,,,,,,,,,,,418,,,352,35,,232,75,500,,218,286,,124,,,,62,283,,401,,,,,,,476,478,,,329,,100,44,,,,113
2026-09-14T09:20:02+00:00,,202,,,391,20,,97,180,298,,96,204,207,,,,,,1300,88,364,80,297,254,,77,,,19,702,,,,,,,,,,,,,,20,,,1356,,1,,,,,,21,,4,,,,,89,32,,,91,,,104,,,59,15,,99,212,,,,,,,,,,,,,,,,,,,,,,,,,,,,,,,,,,,,,,,,,,,,,84,129,544,103,263,487,51,,364,,,,,,149,,,,,359,,,,,149,136,,,,,,,,,,,,,,,,,,,232,,478,191,11,,,716,309,327,,139,,,,,,,,,,,,,,,,17,11,542,,,,,,,,,,278,,,,,,160,,,59,123,,,,,,,,,51,,,,,,,,,,,,,,,,176,215,28,92,124,118,192,,,20,,302,66,228,283,203,147,296,58,,,157,24,,975,,,,328,,123,,,,,,,,,,,217,46,10,5,,,,,,,,171,,,,189,,,,,,,,,,,,,,,,,,,,,,,,,69,3,90,18,89,,2,,269,,,79,70,33,107,,,2,58,,82,22,5,26,65,164,45,9,91,223,,130,5,,196,134,,721,,,108,140,65,,,,,,,,,,,,,,,,,,,,,,459,,,1,650,,176,284,279,270,335,,,30,96,,,,,,5,,,144,70,43,,,,99,79,70,282,90,24,254,124,48,,,,,,,,,,,,,,,,,,,,,,,,,,,,,,,,,,,,,,,,,,,,,,,,,,,,417,,67,348,36,144,231,,498,71,,,77,,,,200,63,281,146,398,213,,,,,,474,475,,,332,,103,45,,,182,
2026-09-14T09:25:01+00:00,,,,,388,23,,89,181,297,,106,201,204,,,,,,,86,363,77,300,249,,76,,,,699,,,61,161,,171,,,103,129,,,,19,,,1361,,,,,,97,,19,,,,,157,,86,29,76,,93,4,16,103,,,,,,100,213,274,57,156,123,68,160,,,,431,,106,98,118,124,345,16,,,85,135,,339,46,,,3,140,117,131,,,,106,101,,117,139,129,268,,,422,,81,125,543,99,260,483,52,,,,,,,,147,,,,,361,,,,,152,134,,,,,,,,,,,,,,,,,,,,207,477,196,10,,,717,,,,135,265,,503,273,,368,100,,99,212,271,,33,,231,17,6,533,,,,,,,,,,,,,,,,165,,,61,,,,,,,,,,53,,,,,,,,,,,,,,,,178,212,22,,122,113,183,,311,19,,301,71,232,280,,143,299,57,,77,156,20,,972,,,,,,,,,,,,,,,,,214,47,11,3,,,,436,,,,168,288,,,187,,,,,,,,,,,,,,,,,,,,,,,,228,68,,,17,,,,296,,10,,83,,,105,,,,59,,75,,3,27,,162,32,13,94,,,,,,,,,,,,,,,,,,,,,,,,,,,,,,,,,,,,,,,,,,,,,,,,,,,,,,,,,,,,,,,,,,,68,277,91,14,252,122,38,44,84,368,5,61,129,48,168,250,258,225,198,,128,,216,,152,243,,,,,,,,,,,,,,,,,,,,,,,,,,,,,,,,,416,135,,342,35,140,235,77,495,70,,,78,125,,76,198,64,276,145,399,212,,,,,,476,,,,319,,,43,,,189,
2026-09-14T09:30:02+00:00,146,201,,,386,21,,86,182,293,,107,200,209,,,,,,,91,362,,297,247,,78,,,18,694,,,,,,172,,,104,130,,,,20,,,1362,,0,,210,,95,,,,,,,156,,90,,78,224,,2,15,,,,55,,,,,,,,,,,,,,,,,,,,,,,,,,,,,,,,,,,,,,,,,,,,,,,,,,,,,,,,,,,,,,,,,,,,,,,,,,,,,,,,,,,,,,,,,,,,,,204,479,193,8,,,714,308,328,,138,,,,,,,,,,,,,32,,221,17,8,529,,,,,,,,,,280,,,,,,171,,,59,120,,,,,,,,,52,,,,,,,,,,,,,,,,176,215,24,89,120,111,189,,312,20,,297,72,233,271,205,146,,58,,78,,26,,,,,,327,,122,,,,,,,,,,,213,46,13,6,,,,,,,24,169,284,,,185,,,,,,,,,,,,,,,,,,,,,,,,229,65,2,,18,92,62,0,293,264,,,82,71,34,106,,,1,57,,70,26,1,,68,159,31,12,88,221,39,,,1,199,128,,691,49,,103,141,46,,,,,,,,,,,,,,,,,,,,,,460,,,,649,,174,,267,,,,,27,95,,,,,,2,,,142,68,42,109,21,,,75,,255,90,19,257,,36,,,,,,,,,,,,,,,,,,,,,,,,,,,,,,,,,,,,,,,,,,,,,,,,,,,,415,134,65,337,34,141,,,497,67,211,285,,,,74,197,65,274,143,398,,,,,,,478,476,,,317,,,,,,184,111
2026-09-14T09:35:02+00:00,,199,,,387,,,77,180,294,,,198,204,,,,,,,94,364,75,295,243,,79,,,20,686,,,60,162,,171,,9,102,,,,,,,,1364,,,,212,,97,,20,22,,,,,,,24,81,,,0,14,,,,58,,,101,212,276,66,153,115,71,161,,196,,,26,101,96,,125,337,15,,,81,130,181,337,31,,110,7,144,103,,559,39,517,110,103,,116,141,123,296,,,425,,,,,,,,,,,,,,,,144,,,,,365,,,,,143,133,,,,,,,,,,,,,,,,,,,230,,,197,9,,,716,,327,,139,,422,504,274,,370,99,37,100,210,260,55,26,,212,17,10,518,,,,,,,,,,281,,,,,,172,,,64,116,,,,,,,,,49,,,,,,,,,,,,,,,,178,212,22,88,116,110,185,,310,21,,298,64,,272,204,148,297,59,,76,154,,,,,,,325,,,,,,,,,,,,,211,,12,8,,,,437,,,25,,283,,,,,,,,,,,,,,,,,,,,,,,,,,,228,66,3,,20,91,,2,292,257,11,,85,72,,105,,,,56,,69,29,0,29,72,154,30,19,89,222,,,7,,202,,60,679,,,104,,,,,,,,,,,,,,,,,,,,,,,,455,79,,,648,,171,,250,267,336,,,26,92,,,,,,,,,140,67,38,106,26,,93,72,67,231,78,21,253,,38,,,,,,,,,,,,,,,,,,,,,,,,,,,,,,,,,,,,,,,,,,,,,,,,,,,,411,,64,334,31,136,233,78,499,68,,,,126,,72,194,64,269,,396,215,,,,,,475,475,,,,,99,40,,,178,113
2026-09-14T09:40:02+00:00,145,,,,385,,,76,181,292,,106,200,205,,64,,,,,92,,78,296,,,78,,,19,681,13,,59,161,,170,,,104,129,,,,21,,,,,,,,38,,,22,,5,,,,12,87,22,82,225,94,,,,,,56,,,102,211,,,,,,,,,,,,,,,,,,,,,,,,,,,,,,,,,,,,,,,,,,,,,,,,,,,,,,,,,,,,,,,,,,,,,,,,,,,,,,,,,,,,,,,,,,203,477,,8,,,718,307,332,,146,,,,,,,,,,,,,22,,210,17,,498,,,,,,,,,,,,,,,,178,,,,118,,,,,,,,,48,,,,,,,,,,,,,,,,177,207,24,,121,117,186,,316,24,,,66,231,271,202,149,305,,,80,151,25,,,,,,324,,121,,,,,,,,,,,210,45,,7,,,,,,,,166,286,,,184,,,,,,,,,,,,,,,,,,,,,,,,223,63,,91,21,,59,1,294,254,10,,86,73,35,104,,,,,,70,26,,,75,155,,15,88,,,131,,0,201,118,,682,47,,102,,38,,,,,,,,,,,,,,,,,,,,,,452,78,116,0,649,,168,287,254,,,,,22,95,,,,,,,,,142,66,42,,18,,,70,66,221,74,18,250,119,36,,83,362,4,58,127,44,174,240,244,221,189,,126,,205,,155,240,,,,,,,,,,,,,,,,,,,,,,,,,,,,,,,,,410,135,66,,30,135,232,80,,63,207,284,79,,,,195,,,140,398,216,,,,,,476,470,,,312,,98,39,,,,114
2026-09-14T09:45:02+00:00,144,200,,,,20,,75,182,293,,108,197,212,,63,,,,,91,361,82,290,244,,77,,,20,670,14,,57,159,,,,8,102,,,,,,,,1367,,,,213,37,96,,24,,6,,,157,,82,24,,226,92,,13,104,,,150,16,,100,210,284,60,149,,,162,,,,400,28,100,95,109,,331,11,,,82,114,180,336,30,98,111,6,145,95,,554,38,503,,104,,123,140,128,284,,,426,,77,117,526,98,257,479,51,,365,,,,,,138,,,,,364,,,,,,131,,,,,,,,,,,,,,,,,,,228,200,,202,5,,,720,,338,,151,,423,,286,,367,98,35,99,214,263,57,,,208,17,6,490,,,,,,,,,,282,,,,,,179,,,62,120,,,,,,,,,,,,,,,,,,,,,,,,,178,203,27,89,119,120,184,,313,22,,302,70,234,270,201,,303,60,,78,146,29,,973,,,,326,,,,,,,,,,,,,212,48,11,,,,,,,,24,169,282,,,181,,,,,,,,,,,,,,,,,,,,,,,,220,61,2,92,18,,60,2,290,257,,,92,74,36,103,,,,60,,,27,1,,79,149,29,20,92,220,,,,,199,117,61,678,42,,101,143,40,,,,,,,,,,,,,,,,,,,,,,,,,,,,,,,,,,,,,,,,,,,,,,,,,,,,,65,219,69,15,247,,37,,,,,,,,,,,,,,,,,,,,,,,,,,,,,,,,,,,,,,,,,,,,,,,,,,,,407,,,328,,132,,82,496,61,,,,125,,71,194,65,271,136,396,,,,,,,475,471,,,302,,96,,,,170,
2026-09-14T09:50:01+00:00,143,201,57,,381,15,,74,178,292,,111,198,210,,65,,,,,94,360,78,287,241,,76,,,19,675,13,,,,,169,,9,104,,,,,,,,1370,,,,215,38,94,,21,,,,,,13,,,83,,93,,12,105,,,152,,,101,,,,,,,,,,,398,27,99,96,106,,329,12,,149,,109,,331,21,97,112,,146,88,,556,,489,109,107,,121,139,125,291,,,425,,,,,,,,,,,,,,,,,,,,,,,,,,,,,,,,,,,,,,,,,,,,,,225,202,478,200,10,,,723,305,345,,152,,,,,,,,,,,,,24,,212,17,5,479,,,,,,,,,,,,,,,,190,,,63,,,,,,,,,,,,,,,,,,,,,,,,,,179,201,28,,117,122,183,,308,20,,296,78,231,268,,151,302,,,79,,24,,974,,,,321,,120,,,,,,,,,,,,49,8,8,,,,436,,,23,170,277,,,183,,,,,,,,,,,,,,,,,,,,,,,,223,60,4,90,15,,58,3,289,254,,,91,76,,102,,,,61,,71,25,2,,78,148,,23,95,221,,,6,,,,,,,,,,,,,,,,,,,,,,,,,,,,,,,,450,77,118,1,650,,167,279,249,,335,,,20,96,,,,,,6,,,144,,44,105,16,,94,,59,207,65,12,243,115,38,,,,,,,,,,,,,,,,,,,,,,,,,,,,,,,,,,,,,,,,,,,,,,,,,,,,,134,,,,134,231,85,498,59,209,283,,124,,72,193,,272,134,398,218,,,,,,473,465,,,298,,99,,,,171,115
2026-09-14T09:55:02+00:00,,202,,,379,14,,,174,291,,114,192,209,,,,,,,99,362,,286,240,,74,,,17,666,,,55,158,,167,,,101,127,,,,,,,1373,,5,,212,37,95,,23,,7,,,155,,80,23,,,95,,,,,,149,15,,100,208,283,59,146,,69,160,,195,,,,,,,,,,,,,,,,,,,,,,,,,,,,,,,,,,,,,75,107,525,100,255,477,52,,360,,,,,,134,,,,,366,,,,,138,129,,,,,,,,,,,,,,,,,,,231,,,207,,,,724,,346,,148,266,424,512,284,126,363,103,,,216,265,61,21,,209,17,6,473,,,,,,,,,,,,,,,,188,,,64,,,,,,,,,,51,,,,,,,,,,73,,,,,,180,199,31,93,118,123,185,,,18,,302,79,228,273,200,150,306,59,,77,145,26,,972,,,,320,,119,,,,,,,,,,,215,45,11,,,,,,,,,168,273,,,182,,,,,,,,,,,,,,,,,,,,,,,,231,59,3,89,14,93,,2,290,253,,,89,82,35,103,,,,,,,26,0,31,82,141,28,21,97,220,40,130,8,,205,,62,670,35,,98,145,81,,,,,,,,,,,,,,,,,,,,,,452,76,119,,652,,,,253,268,,,,24,97,,,,,,4,,,,67,45,101,6,12,90,,58,208,66,9,239,113,36,,,,,,,,,,,,,,,,,,,,,,,,,,,,,,,,,,,,,,,,,,,,,,,,,,,,,,,323,29,136,,84,499,54,212,284,78,125,,,194,61,269,131,406,219,,,,,,,463,114,,291,,100,38,,,170,
2026-09-14T10:00:01+00:00,142,205,56,,384,16,,76,,289,,116,189,210,,,,,,,,363,85,282,236,,,,,16,663,14,,,,,164,,8,102,125,,,,,,,1374,,,,214,,,,24,21,,,,156,,76,,,,94,,,,,,152,16,,98,210,289,62,149,113,,,,,,397,23,96,88,104,124,308,,,151,81,86,179,330,18,96,,1,148,83,,549,35,482,106,108,2,113,138,121,300,,,429,,,109,533,,254,,51,,,,,,,,122,,,,,,,,,,139,127,,,,,,,,,,,,,,,,,,,229,,477,211,7,,,722,306,345,,155,,,,,,,,,,,,,15,,206,17,10,468,,,,,,,,,,,,,,,,190,,,65,121,,,,,,,,,49,,,,,54,,,,,72,,,,,,,196,27,,117,124,184,,306,,,310,,227,270,199,152,303,,,81,149,23,,,,,,,,120,,,,,,,,,,,,46,13,,,,,437,,,24,162,268,,,180,,,,,,,,,,,,,,,,,,,,,,,,,61,5,,12,,,1,,255,,,90,84,,102,,,,,,76,28,1,,,138,,,,223,39,,11,,,,,,,,,,,,,,,,,,,,,,,,,,,,,,,,453,,120,,651,,166,277,248,,,,,,98,,,,,,9,,,145,64,37,,,21,96,69,57,201,65,4,250,111,39,42,70,352,8,62,124,45,172,,237,222,187,,124,,203,,,229,,,,,,,,,,,,,,,,,,,,,,,,,,,,,,,,,,136,65,315,,132,232,82,500,51,210,283,79,,,71,193,59,268,,405,222,,,,,,471,461,,,289,,102,36,,,166,114
2026-09-14T10:05:02+00:00,144,206,55,,388,18,,80,175,291,,115,190,217,,,,,,,,367,86,286,232,,73,,,17,661,16,,,157,,,,0,101,122,,,,,,,1376,,3,,,,94,,,,6,,,155,,77,22,,224,,,11,104,,,,15,,96,211,,,,,,,,,,,,,,,,,,,,,,,,,,,,,,,,,,,,,,,,,,,,,,,,,,,,,,,,,,,,,,,,,,,,,,,,,,,,,,,,,,,,,,,,,232,203,478,208,,,,719,307,343,,154,265,,515,283,,358,105,34,,213,268,64,11,,199,17,6,454,,,,,,,,,,,,,,,,195,,,63,,,,,,,,,,,,,,,,,,,,,,,,,,,197,24,92,116,120,185,,,,,313,90,,,200,150,307,,,84,,27,,973,,,,319,,,,,,,,,,,,,214,47,9,7,,,,,,,,,262,,,176,,,,,,,,,,,,,,,,,,,,,,,,226,60,4,,13,97,57,0,292,256,,,89,86,,103,,,0,60,115,77,31,,34,83,139,,20,101,229,38,131,14,,203,102,,649,41,,96,151,82,,,,,,,,,,,,,,,,,,,,,,446,78,118,2,650,,161,275,234,,,,,22,97,,,,,,12,,,144,66,30,99,,36,98,67,56,195,70,6,260,110,37,,,,,,,,,,,,,,,,,,,,,,,,,,,,,,,,,,,,,,,,,,,,,,,,,,,,,135,64,311,,,231,,,49,204,286,80,,,,,57,,132,404,221,,,,,,,460,,,,,100,35,,,164,115
2026-09-14T10:10:02+00:00,141,205,,,395,,,76,177,290,,113,195,215,,66,,,,,98,364,88,,233,,74,,,15,659,,,56,,,,,,98,121,,,,,,,1377,,2,,,36,95,,27,23,,,,154,,75,,,,,,,,,,,16,,97,210,288,58,146,118,,164,,194,,396,25,86,95,101,120,313,13,,153,80,88,,331,15,95,,,140,71,130,544,,480,,111,,118,135,122,309,,,,,82,105,535,95,248,472,53,,365,,,,,,114,,,,,369,,,,,134,126,,,,,,,,,,,,,,,,,,,235,202,476,213,11,,,716,,344,,149,,,,,,,,,,,,,12,,202,16,1,449,,,,,,,,,,,,,,,,204,,,59,,,,,,,,,,52,,,,,,,,,,,,,,,,181,200,20,93,115,127,183,,314,22,,316,92,235,269,199,157,312,,,86,152,26,,974,,,,318,,,,,,,,,,,,,213,,10,,,,,436,,,,,261,,,173,,,,,,,,,,,,,,,,,,,,,,,,230,58,,88,16,99,56,1,,255,,,94,96,34,110,,,,,,82,35,5,36,81,142,29,22,102,230,,,,,,,,,,,,,,,,,,,,,,,,,,,,,,,,,,,441,77,123,1,648,,160,,237,,333,,,19,96,,,,,,13,,,,70,27,98,,,99,,51,184,,10,266,112,44,,,,,,,,,,,,,,,,,,,,,,,,,,,,,,,,,,,,,,,,,,,,,,,,,,,,,,63,308,30,129,227,80,501,50,209,,78,122,,,191,58,269,134,408,217,,,,,,469,459,,,283,,96,,,,156,118
2026-09-14T10:15:01+00:00,,204,,,393,,,78,,291,,121,199,221,,,,,,,101,,,287,229,,73,,,17,658,,,57,161,,163,,,,116,,,,,,,,,0,,,,96,,26,24,,,,,,73,,,225,93,,,105,,,,,,94,211,,,,,,,,,,,,,,,,,,,,,,,,,,,,,,,,,,,,,,,,,,,,,,,,,,,,,,,,,,,,,,,,,,,,,,,,,,,,,,,,,,,,,,,,,237,204,,,17,,,717,,343,,148,264,,519,285,,361,107,33,98,211,269,70,14,,201,16,2,437,,,,,,,,,,,,,,,,,,,61,120,,,,,,,,,53,,,,,53,,,,,,,,,,,177,,16,,119,131,186,,316,18,,319,95,230,275,198,161,315,,,90,,,,975,,,,316,,118,,,,,,,,,,,214,46,9,,,,,435,,,23,160,262,,,171,,,,,,,,,,,,,,,,,,,,,,,,229,61,5,87,,100,,4,291,257,,,97,103,35,111,,,,,,87,38,,37,82,141,31,24,,237,,,16,,,106,61,645,40,,98,152,81,,,,,,,,,,,,,,,,,,,,,,,,,,,,,,,,,,,,,,,,,,,,,,,,,,,,,54,180,66,12,269,110,42,45,62,,11,59,,44,164,244,232,217,184,,115,,195,,156,212,,,,,,,,,,,,,,,,,,,,,,,,,,,,,,,,,406,133,,303,27,127,,81,498,48,208,,76,,,70,,56,272,135,,216,,,,,,470,457,,,282,,,,,,151,
2026-09-14T10:20:02+00:00,138,,,,,20,,89,172,289,,125,203,225,,65,,,,,99,368,94,288,230,,71,,,18,659,17,,,162,,166,,,97,120,,,,,,,1379,,1,,,37,95,,,21,5,,,156,15,70,20,86,,,,,,,,150,13,,,,283,66,151,113,75,169,,195,,,22,66,101,98,,310,14,,151,78,66,181,329,18,,110,1,135,57,131,546,,458,100,,4,113,132,124,338,,1,430,,78,101,540,98,246,473,52,,364,,,,,,112,,,,,367,,,,,132,129,,,,,,,,,,,,,,,,,,,,,473,217,16,,,715,,350,,152,,,,,,,,,,,,,12,,,16,0,425,,,,,,,,,,,,,,,,207,,,59,121,,,,,,,,,,,,,,,,,,,,,,,,,176,194,15,99,115,132,185,,322,16,,,99,,281,199,160,313,,,98,150,,,,,,,317,,116,,,,,,,,,,,,48,,8,,,,434,,,22,165,256,,,174,,,,,,,,,,,,,,,,,,,,,,,,,65,6,89,20,101,57,2,296,252,,,103,102,37,109,,,1,,116,,32,6,33,79,139,30,27,,236,,,15,,,,,646,50,,95,155,87,,,,,,,,,,,,,,,,,,,,,,431,,128,4,647,,161,279,234,,332,,,16,99,,,,,,17,,,143,72,26,100,11,37,107,66,56,184,67,17,275,,39,,,,,,,,,,,,,,,,,,,,,,,,,,,,,,,,,,,,,,,,,,,,,,,,,,,,404,134,64,302,26,123,224,83,497,49,211,284,75,,,69,,57,276,134,410,217,,,,,,466,454,,,,,91,,,,146,117
2026-09-14T10:25:01+00:00,135,203,,,390,24,,94,171,290,,126,206,230,,67,,,,,95,367,98,284,226,,73,,,21,661,,,53,161,,163,,,98,,,,,22,,,1382,,0,,217,,,,23,,,,,155,,74,19,,,,,,107,,,155,14,,91,210,,73,147,117,76,170,,,,,,60,103,100,121,305,,,152,77,61,,,20,94,,,136,61,130,548,32,,99,110,3,115,128,135,345,,2,432,,,100,543,99,247,476,,,363,,,,,,108,,,,,368,,,,,134,,,,,,,,,,,,,,,,,,,,239,207,475,221,13,,,716,306,349,,165,266,425,527,289,127,362,,34,99,215,271,69,5,,200,16,8,424,,,,,,,,,,,,,,,,,,,,,,,,,,,,,,,,,,,,,,,,,,,,,177,187,20,,117,145,186,,326,17,,323,102,231,290,200,164,311,,,97,156,28,,977,,,,314,,114,,,,,,,,,,,216,47,6,6,,,,,,,20,164,253,,,171,,,,,,,,,,,,,,,,,,,,,,,,231,64,5,88,,102,55,,,256,,,102,104,,,,,0,,115,85,33,,31,,138,29,28,104,233,37,,14,,,,60,,,,,,,,,,,,,,,,,,,,,,,,,,,,,,,,649,,,,,,,,,,,,,,,,,,,,,22,,,,,,52,174,70,,290,104,40,,,,,,,,,,,,,,,,,,,,,,,,,,,,,,,,,,,,,,,,,,,,,,,,,,,,,132,,297,24,115,220,81,494,53,215,285,,,,68,190,54,274,,409,216,,,,,,465,453,,,286,,93,34,,,,
2026-09-14T10:30:01+00:00,134,,,,385,22,,92,167,291,,127,203,236,,,,,,,96,366,100,,225,,,,,23,663,,,,,,160,,,,,,,,,,,1385,,,,,,,,,,,,,156,,71,,,,,,,106,,,153,,,,208,,,154,112,,,,,,,,,,,,,,,,,,,,,,,,,,,,,,,,,,,,,,,,,,,,,,,,,,,,,,,,,,,,,,,,,,,,,,,,,,,,,,,,,,,,,,205,476,222,15,,,717,307,352,,170,,,,,,,,,,,,,3,,192,16,5,420,,,,,,,,,,,,,,,,218,,,60,123,,,,,,,,,,,,,,,,,,,,,,,,,178,190,,95,118,147,189,,324,15,,328,103,233,287,197,166,312,61,,101,157,30,,976,,,,312,,115,,,,,,,,,,,217,,9,5,,,,436,,,,165,251,,,168,,,,,,,,,,,,,,,,,,,,,,,,229,62,6,89,29,100,,0,299,260,,27,,,40,108,,,,61,116,82,36,4,28,84,135,34,27,107,231,40,,12,,201,120,,651,46,,,160,93,,,,,,,,,,,,,,,,,,,,,,,,125,6,,,162,278,,269,331,,,14,97,,,,,,18,,,147,74,,98,,41,113,64,51,180,71,14,289,107,36,48,60,357,13,63,119,,159,,230,209,183,,,,193,,157,201,,,,,,,,,,,,,,,,,,,,,,,,,,,,,,,,,405,,63,293,-100,111,222,,493,51,213,,73,120,,69,191,53,271,,412,,,,,,,463,451,,,285,,,36,,,138,114
2026-09-14T10:35:01+00:00,133,207,56,,390,21,,,159,287,,134,204,244,,66,,,,,98,,105,,231,,,,,24,667,,,54,160,,159,,,97,121,,,,,,,1386,,,,216,,93,,25,,4,,,155,,73,20,,,94,,12,105,,,,,,,,284,79,156,107,83,174,,,,398,24,49,107,101,122,295,15,,153,78,45,183,328,18,96,109,2,135,49,,552,34,450,,107,1,112,125,127,341,,,431,,84,96,547,98,242,478,54,,,,,,,,118,,,,,366,,,,,136,130,,,,,,,,,,,,,,,,,,,243,208,475,226,16,,,720,,349,,171,,,538,292,,360,110,,100,,272,75,2,,187,16,9,419,,,,,,,,,,283,,,,,,225,,,62,127,,,,,,,,,52,,,,,54,,,,,,,,,,,,189,23,101,120,148,186,,335,14,,329,106,234,286,196,164,313,60,,103,159,32,,974,,,,309,,,,,,,,,,,,,221,48,14,,,,,435,,,,167,248,,,169,,,,,,,,,,,,,,,,,,,,,,,,227,60,7,,30,99,,2,301,258,,,101,106,38,107,,,,60,115,90,34,2,22,,131,35,26,104,227,,,,,198,123,,654,45,,,159,97,,,,,,,,,,,,,,,,,,,,,,,,124,7,653,,166,281,240,268,333,,,11,96,,,,,,15,,,146,,19,96,13,45,,,,,,,,,,,,,,,,,,,,,,,,,,,,,,,,,,,,,,,,,,,,,,,,,,,,,,,,,,,,,,,,290,,105,,,494,52,208,287,,,,68,190,,269,,,,,,,,,461,450,,,286,,91,38,,,135,112
2026-09-14T10:35:02+00:00,,,,,,,,,,,,,,,,,,,,,,,,,,,,,,,,,,,,,,,,,,,,,,,,,,,,,,,,,,,,,,,,,,,,,,,,,,,,,,,,,,,,,,,,,,,,,,,,,,,,,,,,,,,,,,,,,,,,,,,,,,,,,,,,,,,,,,,,,,,,,,,,,,,,,,,,,,,,,,,,,,,,,,,,,,,,,,,,,,,,,,,,,,,,,,,,,,,,,,,,,,,,,,,,,,,,,,,,,,,,,,,,,,,,,,,,,,,,,,,,,,,,,,,,,,,,,,,,,,,,,,,,,,,,,,,,,,,,,,,,,,,,,,,,,,,,,,,,,,,,,,,,,,,,,,,,,,,,,,,,,,,,,,,,,,,,,,,,,,,,,,,,,,,,,,,,,,,,,,,,,,,,,,,,,,,,,,,,,,,,,,,,,,,,,,,,,,,,,,,,,,,,,,,,,,,,,,,,50,186,70,20,280,,32,,,,,,,,,,,,,,,,,,,,,,,,,,,,,,,,,,,,,,,,,,,,,,,,,,,,,,,,,,,,,,,,,,,,,,,,,,,,,,,,,,,,,,,,,,
2026-09-14T10:40:02+00:00,132,208,,,389,23,,94,161,285,,128,206,247,,,,,,,97,,109,285,240,,71,,,23,672,,,52,159,,,,,96,,,,,20,,,1387,,,,,,91,,26,22,,,,,,75,23,,229,93,,,,,,159,15,,89,211,,,,,,,,,,399,35,47,116,,121,293,14,,157,80,,,321,19,,,,134,48,132,551,33,453,102,103,3,111,127,124,337,,,439,1,88,,549,,245,482,55,,,,,,,,,,,,,365,,,,,137,136,,,,,,,,,,,,,,,,,,,244,210,473,229,17,,,721,308,352,,180,,,,,,,,,,,,,4,,186,16,12,410,,,,,,,,,,,,,,,,223,,,61,130,,,,,,,,,,,,,,,,,,,,,,,,,179,193,27,103,123,,184,,334,15,,326,109,236,287,198,,,,,104,154,34,,971,,,,311,,114,,,,,,,,,,,223,54,16,8,,,,434,,,,,244,,,166,,,,,,,,,,,,,,,,,,,,,,,,224,59,8,90,31,,58,7,303,259,11,26,104,105,40,106,,,,63,,95,33,3,20,,135,36,27,106,216,41,132,13,,,,,,,,,,,,,,,,,,,,,,,,,,,,,,,,426,75,121,6,654,,171,285,232,273,334,,,14,,,,,,,12,,,148,73,26,97,9,47,112,61,49,181,62,18,290,106,,,,,,,,,,,,,,,,,,,,,,,,,,,,,,,,,,,,,,,,,,,,,,,,,,,,,404,130,62,292,,98,224,,493,58,202,283,,118,,67,185,52,270,136,413,,,,,,,456,,113,,292,,92,36,,,,111
2026-09-14T10:45:01+00:00,133,,57,,387,22,,95,,283,,126,207,238,,64,,,,,101,,106,,236,,,,,24,673,,,48,160,,158,,,97,,,,,22,,,,,,,,36,,,27,,5,,,,16,71,18,,228,,,,,,,,12,,85,213,285,76,159,,,176,,,,,37,43,115,104,120,295,,,158,78,41,,,14,,,,130,49,,553,35,456,105,102,5,108,,120,340,,,437,,,,,,,,,,,,,,,,,,,,,,,,,,,,,,,,,,,,,,,,,,,,,,246,205,475,,,,,723,,,,178,,424,529,299,,358,114,,,216,273,81,3,,182,16,,405,,,,,,,,,,,,,,,,234,,,60,129,,,,,,,,,,,,,,,,,,,,,,,,,,194,31,104,122,149,191,,335,12,,,112,240,289,201,166,311,,,106,156,,,,,,,309,,,,,,,,,,,,,219,53,15,7,,,,,,,,171,242,,,162,,,,,,,,,,,,,,,,,,,,,,,,222,60,7,89,30,,57,12,301,262,,,102,108,41,107,,,,64,,92,34,2,17,86,133,,28,,220,,,14,2,,133,,644,40,,96,157,98,,,,,,,,,,,,,,,,,,,,,,424,,124,5,,,,,,,,,,15,97,,,,,,,,,146,,,,,50,,,46,164,64,25,288,105,35,46,65,354,14,62,113,43,150,233,,216,184,,114,,189,,158,126,,,,,,,,,,,,,,,,,,,,,,,,,,,,,,,,,402,,63,293,3,93,219,,495,63,201,284,72,,,68,187,48,273,135,,217,,,,,,,452,,,289,,88,37,,,136,112
2026-09-14T10:50:02+00:00,127,206,,,385,,,92,162,285,,129,209,247,,,,,,,111,,107,290,240,,,,,23,671,18,,50,159,,165,,,,120,,,,,,,1389,,,,217,,89,,26,23,,,,,15,67,,,230,,,,,,,,,,87,214,,,,,,,,,,,,,,,,,,,,,,,,,,,,,,,,,,,,,,,,,,,,,93,100,556,,,479,53,,361,,,,,,113,,,,,,,,,,138,134,,,,,,,,,,,,,,,,,,,247,,479,231,16,,,724,309,362,,174,,,,,,,,,,,,,1,,180,16,3,390,,,,,,,,,,284,,,,,,230,,,62,130,,,,,,,,,54,,,,,,,,,,,,,,,,,192,35,105,,150,189,,340,,,329,104,243,286,200,161,313,61,,107,162,35,,975,,,,306,,,,,,,,,,,,,222,55,16,9,,,,433,,,,168,236,,,158,,,,,,,,,,,,,,,,,,,,,,,,,59,8,88,33,96,55,10,302,268,,27,101,117,,105,,,,63,114,98,32,,20,93,132,,31,108,209,42,,16,,195,129,59,639,41,,97,162,95,,,,,,,,,,,,,,,,,,,,,,426,76,126,,657,,170,,241,270,336,,,19,98,,,,,,10,,,145,75,27,,,,111,56,45,163,65,22,307,101,39,,,,,,,,,,,,,,,,,,,,,,,,,,,,,,,,,,,,,,,,,,,,,,,,,,,,,132,64,290,5,91,220,,,68,200,285,71,116,,67,183,47,275,137,410,216,,,,,,,450,,,284,,92,36,,,139,110
2026-09-14T10:55:01+00:00,125,,,,386,24,,96,166,284,,128,206,253,,,,,,,113,367,,292,233,,,,,26,670,,,,,,164,,,99,121,,,,21,,,1391,,,,216,,88,,23,,,,,154,18,62,,,231,,,,107,,,161,10,,85,217,289,78,161,105,82,179,,,,,36,39,123,103,118,293,13,,,80,44,,322,10,97,108,,128,51,,552,37,,107,101,,114,123,,334,,,435,,,,,,,,,,,,,,,,110,,,,,366,,,,,140,135,,,,,,,,,,,,,,,,,,,,207,478,,18,,,723,,374,,172,265,422,531,304,,357,,,101,218,275,86,3,,178,17,10,393,,,,,,,,,,,,,,,,233,,,,129,,,,,,,,,,,,,,,,,,,,,,,,,178,194,34,106,127,149,,,345,15,,,105,242,284,,163,311,60,,116,168,32,,972,,,,,,,,,,,,,,,,,224,54,15,8,,,,435,,,,169,235,,,155,,,,,,,,,,,,,,,,,,,,,,,,225,,9,87,34,,54,9,306,270,,,98,113,,104,,,,,115,100,31,3,23,96,131,,33,,205,,,15,5,193,131,,632,33,,,163,100,,,,,,,,,,,,,,,,,,,,,,430,,128,2,659,,172,282,247,,,,,27,99,,,,,,8,,,144,74,22,94,12,54,113,54,47,166,63,24,318,98,,,,,,,,,,,,,,,,,,,,,,,,,,,,,,,,,,,,,,,,,,,,,,,,,,,,,401,133,,,3,90,219,85,,70,203,,,114,,68,179,,273,136,414,217,,,,,,453,451,,,278,,93,,,,135,
2026-09-14T11:00:02+00:00,126,207,,115,390,22,,98,167,286,,126,209,263,,,,,,,117,366,109,289,231,,70,,,28,669,,,,158,,163,,,101,120,,,,20,,,1392,,,,213,37,87,,24,21,,,,,,61,17,,,,,,108,,,,,,82,,,,,,,,,,,,,,,,,,,,,,,,,,,,,,,,,,,,,,,,,,,,,,95,105,559,94,243,480,54,,362,,,,,,,,,,,,,,,,,,,,,,,,,,,,,,,,,,,,249,221,479,229,20,,,727,,380,,170,,,,,,,,,,,,,1,,173,17,11,388,,,,,,,,,,,,,,,,,,,60,,,,,,,,,,55,,,,,,,,,,,,,,,,180,191,44,111,128,152,194,,346,14,,327,109,246,283,201,164,312,59,,115,170,34,,973,,,,303,,113,,,,,,,,,,,225,53,12,7,,,,,,,19,170,,,,154,,,,,,,,,,,,,,,,,,,,,,,,222,60,10,86,32,97,,4,,,,,96,114,42,,,,,59,,98,29,,26,95,129,37,,,204,,,,,,,58,,,,,,,,,,,,,,,,,,,,,,,,,,,,,,,,,,,,,,,,,,,,,,,,,,,,,,,,,,,50,165,,,321,,41,,60,359,24,59,110,45,141,239,228,199,185,,115,,175,,,109,,,,,,,,,,,,,,,,,,,,,,,,,,,,,,,,,399,135,,,,86,217,,489,72,204,286,72,,,69,44,,276,134,415,218,,,,,,449,449,,,,,96,34,,,123,
2026-09-14T11:05:01+00:00,129,210,,114,394,20,,,,,,127,208,265,,66,,,,,,367,110,,227,,68,,,30,671,,3,47,157,,165,,,,,,,,21,,,1393,,,,212,,,,,,,,,,17,57,21,,,92,,,109,,,157,,,,216,296,81,157,115,81,178,,,,398,,28,124,102,120,292,,,161,77,33,182,323,14,,,2,122,34,131,551,,450,100,99,7,113,128,127,342,16,,433,,,,,,,,,,,,,,,,111,,,,,367,,,,,137,131,,,,,,,,,,,,,,,,,,,253,237,472,225,23,,,735,307,377,,171,,421,541,305,126,353,116,,106,221,276,80,4,,172,16,12,381,,,,,,,,,,,,,,,,234,,,63,,,,,,,,,,54,,,,,,,,,,,,,,,,179,189,50,113,129,156,196,,,16,,331,105,245,284,202,166,311,,,,175,37,,970,,,,305,,115,,,,,,,,,,,226,55,14,,,,,440,,,20,167,232,,,155,,,,,,,,,,,,,,,,,,,,,,,,226,58,13,,,98,57,8,,273,,26,107,111,43,105,,,,58,,100,30,8,30,94,132,,29,109,,41,,16,1,198,118,,630,29,,98,158,,,,,,,,,,,,,,,,,,,,,,,435,75,127,1,661,,171,284,242,,337,,,32,100,,,,,,9,,,,75,,92,,55,,51,49,178,62,22,330,96,42,,,,,,,,,,,,,,,,,,,,,,,,,,,,,,,,,,,,,,,,,,,,,,,,,,,,401,,,286,,80,213,,,75,203,,,113,,,43,48,275,132,413,,,,,,,448,451,,,275,,101,,,,124,108
2026-09-14T11:10:01+00:00,,211,58,,398,24,,101,170,292,,130,209,268,,,,,,,,369,112,292,,,,,,,678,19,2,,,,,,,103,,,,,24,,,1394,,,,213,,84,,26,,,,,155,19,53,20,,230,94,,13,,,,160,9,,,220,,,,,,,,,,,39,17,123,106,119,301,14,,,74,29,,327,22,98,,,121,26,130,548,44,,98,96,12,112,124,130,353,,,434,,97,107,563,102,241,482,,,,,,,,,,,,,,,,,,,,,,,,,,,,,,,,,,,,,,,255,240,459,,,,,741,306,378,,168,,,,,,,,,,,,,8,,176,16,11,375,,,,,,,,,,,,,,,,247,,,66,,,,,,,,,,56,,,,,,,,,,,,,,,,,190,,,133,,197,,,14,,332,111,,289,201,168,312,63,,119,181,32,,968,,,,,,,,,,,,,,,,,232,56,13,6,,,,438,,,21,170,235,,,160,,,,,,,,,,,,,,,,,,,,,,,,232,59,16,89,,99,55,9,310,271,,,110,106,,108,,,,,,102,,13,35,97,134,38,33,108,,,,,,193,122,,627,,,99,157,104,,,,,,,,,,,,,,,,,,,,,,437,76,129,5,660,,172,283,248,266,338,,,33,98,,,,,,11,,,,,30,94,21,56,111,49,54,177,,28,344,95,46,,,,,,,,,,,,,,,,,,,,,,,,,,,,,,,,,,,,,,,,,,,,,,,,,,,,402,,62,,5,,,,492,73,201,284,74,,,68,42,,273,133,,,,,,,,443,454,,,278,,102,,,,121,109
2026-09-14T11:15:02+00:00,133,214,,,404,27,,104,174,290,,129,207,274,,65,,,,,,372,114,,,,67,,,32,,,,46,158,,174,,,104,,,,,,,,,,,,,,,,28,,,,,,,51,22,,,92,,,,,,167,11,,83,,299,82,163,,,181,,,,,,,,,,,,,,,,,,,,,,,,,,,,,,,,,,,,,,,,,,,,,,,,,,,,,112,,,,,,,,,,132,130,,,,,,,,,,,,,,,,,,,256,241,453,228,21,,,,305,,,172,,424,547,307,128,,115,,,,281,84,7,,,16,10,372,,,,,,,,,,,,,,,,261,,,,132,,,,,,,,,57,,,,,,,,,,,,,,,,,191,48,116,132,160,198,,340,13,,338,129,248,292,,169,319,64,,,,31,,973,,,,304,,114,,,,,,,,,,,238,54,15,5,,,,,,,,168,231,,,156,,,,,,,,,,,,,,,,,,,,,,,,237,60,17,92,35,97,56,15,308,273,,,116,101,42,111,,,1,60,116,103,24,14,37,98,132,40,32,,205,,,17,0,195,127,59,634,34,,101,154,105,,,,,,,,,,,,,,,,,,,,,,436,,128,6,659,,,284,246,267,343,,,36,96,,,,,,14,,,148,,27,,,,114,45,59,190,75,31,351,92,52,,,,,,,,,,,,,,,,,,,,,,,,,,,,,,,,,,,,,,,,,,,,,,,,,,,,,133,,287,9,81,214,83,493,,200,285,72,112,,70,41,49,275,129,412,215,,,,,,442,455,,,286,,103,32,,,117,108
2026-09-14T11:20:02+00:00,132,,,,409,26,,100,177,292,,131,209,278,,69,,,,,116,374,112,293,230,,66,,,31,,,0,44,157,,172,,,105,121,,,,25,,,,,,,211,38,83,,25,20,,,,,,52,21,85,229,90,,,,,,171,,,84,218,303,90,164,120,79,180,,196,,,37,23,127,108,117,311,13,,163,75,28,185,330,26,99,106,,135,33,129,550,43,451,,97,,116,123,129,377,,,,1,98,110,575,108,245,483,55,,361,,,,,,113,,,,,371,,,,,134,138,,,,,,,,,,,,,,,,,,,254,244,445,235,19,,,746,303,375,,170,,,,,,,,,,,,,,,173,16,11,,,,,,,,,,,,,,,,,263,,,68,,,,,,,,,,,,,,,55,,,,,,,,,,,,,50,117,,,197,,343,12,,333,133,253,298,,173,,65,,117,184,28,,975,,,,,,,,,,,,,,,,,242,52,14,6,,,,437,,,20,163,,,,150,,,,,,,,,,,,,,,,,,,,,,,,238,62,,,37,,59,17,317,278,13,,115,97,,119,,,,59,117,102,,,43,101,134,44,33,111,204,,,12,1,189,126,,633,41,,102,,,,,,,,,,,,,,,,,,,,,,,,440,75,132,,,,174,287,250,266,344,,,35,95,,,,,,16,,,150,77,32,95,17,50,115,,64,200,80,33,,90,60,43,61,357,25,60,116,42,127,229,199,201,182,,117,,179,,165,99,,,,,,,,,,,,,,,,,,,,,,,,,,,,,,,,,,132,64,283,,95,219,81,495,76,198,284,,,,,,,278,,413,,,,,,,443,460,,,,,104,,,,120,107
2026-09-14T11:25:01+00:00,129,,,,,25,,97,183,293,,130,208,,,71,,,,,,,115,289,,,,,,,676,,,42,155,,169,,,,122,,,,,,,1396,,,,210,39,84,,,,,,,157,18,53,,84,230,,,,110,,,,,,,219,,,,,,,,,,,,,,,,,,,,,,,,,,,,,,,,,,,,,,,,,,,,,,,,,,,,,,,,,,,,,,,,,,,,,,,,,,,,,,,,,,,,,,,,,253,,426,237,20,,,747,304,373,,173,,423,553,311,,352,117,33,105,,283,85,,,175,16,13,367,,,,,,,,,,,,,,,,268,,2,67,131,,,,,,,,,59,,,,,56,,,,,,,,,,,177,189,55,118,133,158,200,,,20,,,130,257,305,203,171,320,66,,114,181,26,,981,,,,303,,,,,,,,,,,,,,51,13,8,,,,,,,,,230,,,151,,,,,,,,,,,,,,,,,,,,,,,,,,,94,39,96,,,,279,15,27,,98,,120,,,,,,112,26,16,,99,133,,,114,207,,,13,3,193,125,60,636,40,,104,,102,,,,,,,,,,,,,,,,,,,,,,439,,135,10,657,,170,,257,,342,,,34,96,,,,,,18,,,152,79,34,97,21,53,113,279,65,198,84,35,366,92,67,,,,,,,,,,,,,,,,,,,,,,,,,,,,,,,,,,,,,,,,,,,,,,,,,,,,400,135,63,279,8,92,216,80,493,77,200,,,110,,68,43,51,273,127,416,,,,,,,442,462,,,280,,106,,,,118,
2026-09-14T11:30:01+00:00,126,,56,,410,26,,96,185,295,,,,275,,70,,,,,115,375,116,285,225,,,,,33,686,,,,154,,172,,,,121,,,,24,,,,,,,212,38,82,,26,18,,,,,19,52,23,86,,,,,109,,,167,,,86,220,302,,169,128,,181,,195,,397,39,30,128,111,118,309,15,,,74,29,184,332,28,,105,,133,31,,,,,102,,13,114,125,125,381,,,433,,,,,,,,,,,,,,,,104,,,,,373,,,,,135,140,,,,,,,,,,,,,,,,,,,,,423,234,27,,,748,302,369,,169,,,,,,,,,,,,,6,,174,16,16,358,,,,,,,,,,,,,,,,270,,,64,,,,,,,,,,,,,,,,,,,,,,,,,,,191,,116,125,161,197,,344,26,,334,132,260,316,205,173,323,67,,113,,31,,983,,,,302,,115,,,,,,,,,,,243,55,,,,,,,,,21,161,,,,153,,,,,,,,,,,,,,,,,,,,,,,,235,63,,98,43,,60,21,313,,16,28,116,96,41,121,,,,61,,120,31,13,,94,131,45,37,,,,131,,,,,,,,,,,,,,,,,,,,,,,,,,,,,,,,,443,,134,7,656,,173,,255,265,,,,36,,,,,,,19,,,158,82,33,99,20,60,112,,64,202,83,29,358,88,,,,,,,,,,,,,,,,,,,,,,,,,,,,,,,,,,,,,,,,,,,,,,,,,,,,,399,,64,,11,90,218,79,,80,201,285,,109,,70,45,55,269,126,,214,,,,,,446,460,,,284,,105,30,,,111,105
2026-09-14T11:35:02+00:00,123,218,,,416,29,,102,,297,,129,207,276,,,,,,,112,376,114,283,227,,,,,,688,,,,,,170,,,101,,,,,25,,,,,,,211,,,,25,19,,,,155,,53,25,,229,,,12,108,,,165,,,85,224,,,,,,,,,,399,36,37,129,113,114,305,23,314,167,75,36,186,329,33,98,108,2,146,26,131,551,,455,98,100,16,110,124,127,376,,,434,2,,,,,,,,,,,,,,,,,,,,,,,,,,,,,,,,,,,,,,,,,,,,,256,246,,235,24,,,750,,366,,170,,426,560,318,127,351,122,36,101,219,271,78,2,,172,16,12,357,,,,,,,,,,,,,,,,267,,,67,,,,,,,,,,57,,,,,,,,,,,,,,,,179,194,57,,127,,194,,342,,,336,134,,311,210,174,325,,,111,183,30,,989,,,,,,,,,,,,,,,,,250,57,15,10,,,,,,,,163,,,,154,,,,,,,,,,,,,,,,,,,,,,,,234,65,18,97,51,97,59,25,318,278,18,31,118,,,123,,,2,,118,118,30,12,44,88,132,48,36,,203,,,,6,195,128,57,640,36,,108,151,111,,,,,,,,,,,,,,,,,,,,,,447,,137,6,654,,176,288,250,269,,,,,99,,,,,,22,,,162,84,,,15,72,101,274,,196,81,28,360,,64,,56,358,24,57,119,40,132,234,204,204,184,,125,,177,,167,93,,,,,,,,,,,,,,,,,,,,,,,,,,,,,,,,,,136,,284,13,94,,,492,,199,,73,107,,69,46,56,268,122,417,,,,,,,448,457,,,286,,104,32,,,110,104
2026-09-14T11:40:01+00:00,119,219,,,419,30,,107,184,,,128,,278,,,,,,,,,117,286,225,,65,,,32,686,,,41,,,168,,,100,122,,,,,,,1397,,,,,,,,26,20,,,,,,52,26,,230,,,,109,,,167,8,,,225,304,104,175,136,,180,,,,,,,,,,,,,,,,,,,,,,,,,,,,,,,,,,,,,,,100,117,574,122,244,475,56,,354,,,,,,105,,,,,374,,,,,,139,,,,,,,,,,,,,,,,,,,,252,,232,,,,743,,368,,167,,,,,,,,,,,,,4,,170,16,8,356,,,,,,,,,,,,,,,,275,,3,70,133,,,,,,,,,58,,,,,,,,,,71,,,,,,180,199,54,119,126,165,,,343,25,,335,125,261,303,,177,,66,,109,180,28,,990,,,,303,,,,,,,,,,,,,253,59,19,7,,,,438,,,,166,229,,,155,,,,,,,,,,,,,,,,,,,,,,,,235,,17,,52,,,,317,273,,,117,,,124,,,3,,119,,,11,,,,49,,,201,42,132,,,,,,,,,,,,,,,,,,,,,,,,,,,,,,,,,,,,,,,,,,,,,,,,,,,,,,,,,,,,,,,,65,,85,,370,,58,,,,,,,,,,,,,,,,,,,,,,,,,,,,,,,,,,,,,,,,,,,,,,,,,,,,402,137,66,280,17,97,217,80,493,85,192,283,,109,,70,50,55,263,,414,216,,,,,,451,458,,,288,,105,,,,111,105
2026-09-14T11:45:01+00:00,,,54,,417,,,104,179,296,,126,,,,,,,,,116,378,120,290,,,63,,,,685,,,42,,,166,,,,120,,,,,,,,,,,,,,,,,4,,,,,51,,,228,,,13,,,,,,,88,226,,,,,,,,,,401,28,42,127,112,116,318,35,,169,77,33,,330,30,97,109,1,149,31,130,553,42,452,97,98,19,108,,123,383,14,,433,,,,,,,,,,,,,,,,,,,,,,,,,,,,,,,,,,,,,,,,,,,,,,255,253,425,234,,,,746,300,364,,161,266,425,567,329,,360,123,39,132,215,269,76,2,,,16,3,353,,,,,,,,,,,,,,,,280,,4,,134,,,,,,,,,,,,,,,,,,,,,,,,,,205,59,120,124,164,197,,346,,,328,123,258,,207,179,328,,,107,178,30,,,,,,,,116,,,,,,,,,,,249,61,15,,,,,439,,,,165,,,,156,,,,,,,,,,,,,,,,,,,,,,,,,,,,,,,,,,,,,,,,,,,,,,,,,,,,,,,,,,7,198,127,,645,33,,109,152,109,,,,,,,,,,,,,,,,,,,,,,446,,,,653,,175,,247,,,,,34,,,,,,,21,,,161,,28,100,16,77,96,273,66,181,89,37,367,87,51,,,,,,,,,,,,,,,,,,,,,,,,,,,,,,,,,,,,,,,,,,,,,,,,,,,,,138,65,279,19,,218,,,80,188,284,71,,,71,51,56,257,123,411,,,,,,,450,457,114,,286,,107,30,,,115,107
2026-09-14T11:50:02+00:00,114,222,,,419,31,,,175,297,,125,206,279,,,,,,,,377,121,287,229,,64,,,,681,,,,,,164,,,101,,,,,,,,,,,,212,37,83,,25,21,5,,,156,,52,24,,227,89,,14,,,,165,,,,230,310,,181,141,78,179,,194,,402,22,,,,115,328,39,,,,26,,,32,,,5,147,27,129,550,,465,96,95,18,107,,,391,15,,434,,101,121,582,,254,482,,,352,,,,,,106,,,,,373,,,,,134,140,,,,,,,,,,,,,,,,,,,260,252,424,237,22,,,744,299,365,,158,,,,,,,,,,,,,1,,,16,4,352,,,,,,,,,,283,,,,,,277,,5,68,133,,,,,,,,,60,,,,,,,,,,,,,,,,,,61,,120,163,196,,348,27,,329,115,260,,212,182,329,,,108,,28,,991,,,,299,,,,,,,,,,,,,245,59,16,6,,,,,,,,,228,,,154,,,,,,,,,,,,,,,,,,,,,,,,,,,,42,99,58,,,,19,32,,,,,,,,,118,,,9,,,134,53,34,120,211,,,11,2,,143,,655,50,,112,148,108,,,,,,,,,,,,,,,,,,,,,,451,73,134,4,652,,,284,255,271,344,,,32,100,,,,,,27,,,162,83,24,99,19,84,92,269,,175,88,35,356,85,55,,46,,22,55,120,37,129,238,206,203,179,,,,181,,165,90,,,,,,,,,,,,,,,,,,,,,,,,,,,,,,,,,401,137,,286,,99,,81,494,,183,,,108,,69,48,54,260,,407,217,,,,,,451,455,,,285,,105,28,,,,109
2026-09-14T11:55:01+00:00,115,223,,,418,33,,112,179,295,,128,208,278,,69,,,,,,374,,290,231,,,,,30,683,,,43,,,166,,,102,117,,,,24,,,,,,,210,36,84,,28,19,6,,,157,20,54,22,,228,87,,13,,,,164,9,,90,227,,,,,,,,,,,,,,,,,,,,,,,,,,,,,,,,,,,,,,,,,,,,,,,,,,,,,,,,,,,,,,,,,,,,,,,,,,,,,,,,,,,,,,,,,264,251,423,234,20,,,741,,363,,170,,422,580,331,,358,117,,169,213,264,82,,,,16,0,350,,,,,,,,,,,,,,,,280,,2,70,132,,,,,,,,,62,,,,,55,,,,,72,,,,,,,204,59,119,121,160,195,,347,25,,326,104,256,302,214,186,,,,105,,23,,992,,,,298,,,,,,,,,,,,,,,15,5,,,,,,,20,166,231,,,,,,,,,,,,,,,,,,,,,,,,,,,,,,,,,,,,,,,,,,,,,,,,,,,,,,,,,,,,,6,,148,56,658,47,,111,,104,,,,,,,,,,,,,,,,,,,,,,448,75,,7,650,,177,,260,272,,,,31,99,,,,,,26,,,164,84,22,98,,80,94,266,67,177,86,37,346,,53,,,,,,,,,,,,,,,,,,,,,,,,,,,,,,,,,,,,,,,,,,,,,,,,,,,,402,136,64,279,17,103,214,,496,79,177,285,72,111,,,46,53,259,125,404,216,,,,,,454,456,115,,284,,103,,,,114,
2026-09-14T12:00:02+00:00,117,,,,415,30,,114,178,,,130,209,282,,70,,,,,117,373,124,289,224,,63,,,31,677,,,,157,,164,,,101,115,,,,,,,,,,,,,82,,29,21,,,,,,52,23,85,227,88,,14,,,,163,,,,226,301,106,175,136,81,175,,195,,,,44,129,111,112,,,315,170,74,,185,,34,,110,6,,24,,549,,,95,94,,108,121,,403,,,433,,,127,,115,257,477,57,,,,,,,,94,,,,,378,,,,,132,141,,,,,,,,,,,,,,,,,,,261,257,422,231,16,,,742,,361,,175,,,,,,,,,,,,,3,,,16,,345,,,,,,,,,,282,,,,,,278,,1,73,,,,,,,,,,,,,,,54,,,,,,,,,,,181,203,62,118,124,164,191,,346,24,,319,109,254,303,,190,333,,,104,176,24,,994,,,,,,,,,,,,,,,,,,,18,,,,,,,,19,167,232,,,156,,,,,,,,,,,,,,,,,,,,,,,,,,,,,,,,,,,,,,,,,,,,,,,,,,,,,,,,133,,3,,149,54,665,50,,109,,,,,,,,,,,,,,,,,,,,,,,,,,,,,,,,,,,,,,,,,,,,,,,,,,,,,,,69,180,89,33,348,87,54,,,,,,,,,,,,,,,,,,,,,,,,,,,,,,,,,,,,,,,,,,,,,,,,,,,,403,,63,281,21,105,212,,,78,175,284,73,,,71,47,,260,126,,218,,,,,,455,457,,,281,,101,27,,,,107
2026-09-14T12:05:02+00:00,118,222,53,,412,29,,119,174,,,129,214,275,,71,,,,,119,381,125,288,226,,64,,,,680,,,,,,166,,,102,113,,,,25,,,,,,,,,,,,,,,,155,19,,,,,,,,,,,,,,92,228,,,,,,,,,,,21,53,,107,113,334,,314,169,73,31,184,328,33,98,,7,148,16,132,550,43,466,96,91,23,112,,118,400,,,,,,,,,,,,,,,,,,,,,,,,,,,,,,,,,,,,,,,,,,,,,,,,,,256,425,224,13,,,744,,363,,170,265,425,581,333,126,357,116,40,171,208,261,81,1,,172,16,,350,,,,,,,,,,,,,,,,277,,2,74,131,,,,,,,,,61,,,,,,,,,,,,,,,,182,202,66,119,129,169,192,,345,27,,321,110,252,313,216,193,337,65,,103,183,,,1004,,,,299,,117,,,,,,,,,,,240,60,20,6,,,,437,,,20,161,229,,,157,,,,,,,,,,,,,,,,,,,,,,,,233,66,12,95,37,105,60,,333,274,,33,126,98,42,130,,,6,,121,111,35,7,78,76,140,61,32,116,259,,131,,,,153,,670,49,,110,146,100,,,,,,,,,,,,,,,,,,,,,,445,76,132,9,651,,182,285,262,,,,,30,100,,,,,,24,,,167,83,30,99,22,75,92,261,71,184,90,32,343,85,,40,49,354,15,48,117,,133,229,193,210,183,,126,,179,,164,84,,,,,,,,,,,,,,,,,,,,,,,,,,,,,,,,,404,137,64,,23,104,213,80,,76,180,,75,,,,50,55,267,125,406,216,,,,,,458,461,,,283,,,,,,116,108
2026-09-14T12:10:01+00:00,115,224,,115,,25,,117,175,,,128,213,279,,,,,,,132,382,130,286,221,,,,,,682,,,45,,,162,,,,120,,,,,,,1396,,,,,,,,,,,,,,,54,,,,,,,,,,168,,,97,230,299,,167,138,83,179,,,,,,,,,,,,,,,,,,,,,,,,,,,,,,,,,,,,,,,96,126,583,111,259,479,55,,348,,,,,,98,,,,,380,,,,,134,,,,,,,,,,,,,,,,,,,,260,260,,222,18,,,741,300,367,,168,,,,,,,,,,,,,6,,,16,5,348,,,,,,,,,,,,,,,,284,,1,,134,,,,,,,,,64,,,,,,,,,,73,,,,,,183,197,,,130,167,197,,349,25,,327,,255,319,218,192,341,66,,105,,26,,1010,,,,297,,118,,,,,,,,,,,238,61,19,,,,,440,,,,160,228,,,156,,,,,,,,,,,,,,,,,,,,,,,,232,65,,97,,,59,28,,280,,,,97,,131,,,,60,,110,37,6,,77,141,,,,265,,,,,,,,,,,,,,,,,,,,,,,,,,,,,,,,,,,,77,133,12,,,,,263,,,,,35,98,,,,,,25,,,166,81,,98,26,74,96,,,178,89,39,342,83,58,,,,,,,,,,,,,,,,,,,,,,,,,,,,,,,,,,,,,,,,,,,,,,,,,,,,406,136,,279,,,,79,494,78,183,282,,112,,73,,54,271,124,401,,,,,,,,459,,,281,,106,28,,,114,107
2026-09-14T12:15:01+00:00,113,,54,,414,28,,,176,296,,127,217,287,,70,,,,,161,384,,288,219,,,,,32,683,20,,47,156,,166,,,,121,,,,26,,,1397,,,,209,,81,,28,22,,,,,,53,22,,228,87,,,108,,,,,,99,227,,,,,,,,,,403,15,66,135,106,114,330,37,309,,74,35,183,332,30,100,111,5,143,18,,555,41,461,99,87,29,117,119,124,396,,,436,,93,129,588,108,257,480,,,351,,,,,,,,,,,,,,,,,,,,,,,,,,,,,,,,,,,,,263,427,,17,,,738,299,357,,161,264,422,583,329,,358,117,,174,206,264,89,2,,174,16,1,349,,,,,,,,,,,,,,,,285,,0,75,133,,,,,,,,,65,,,,,,,,,,,,,,,,182,199,69,122,131,171,199,,344,26,,328,112,,327,219,191,,,,109,180,25,,1018,,,,298,,,,,,,,,,,,,239,,20,,,,,438,,,19,163,231,,,153,,,,,,,,,,,,,,,,,,,,,,,,238,64,13,99,,106,61,,338,278,,,131,100,,132,,,,61,123,116,,0,88,71,144,69,37,,303,41,,10,4,203,155,,668,50,,111,,96,,,,,,,,,,,,,,,,,,,,,,,75,131,11,648,,183,,,,342,,,34,99,,,,,,26,,,168,82,33,,41,70,95,260,,180,87,47,344,84,49,,,,,,,,,,,,,,,,,,,,,,,,,,,,,,,,,,,,,,,,,,,,,,,,,,,,405,,65,282,24,111,214,78,,80,188,,74,114,,74,53,55,272,125,402,215,,,,,,457,461,,,288,,,29,,,108,
2026-09-14T12:20:02+00:00,,223,,,421,,,124,179,293,,133,218,282,,,,,,,167,387,133,289,224,,61,,,,684,,,44,155,,165,,,,120,,,,,,,,,,,,35,82,,,20,5,,,157,20,55,,84,227,86,,,,,,171,8,,97,,,109,168,134,82,177,,,,,,,,,,,,,,,,,,,,,,,,,,,,,,,,,,,,,,,,,,,,,,,,,,,,,100,,,,,382,,,,,133,144,,,,,,,,,,,,,,,,,,,261,262,,226,20,,,732,,358,,,,,,,,,,,,,,,1,,176,16,2,339,,,,,,,,,,,,,,,,282,,,,,,,,,,,,,67,,,,,53,,,,,,,,,,,,198,65,,,173,206,,346,29,,330,117,253,338,,199,339,69,,,177,29,,1029,,,,,,,,,,,,,,,,,237,,19,7,,,,,,,20,161,,,,155,,,,,,,,,,,,,,,,,,,,,,,,239,63,,98,38,107,,25,,280,,,129,97,,,,,4,,122,115,,,92,69,143,75,36,,315,,132,,,205,148,,663,42,,112,153,,,,,,,,,,,,,,,,,,,,,,,451,77,132,13,646,,184,,264,274,,,,33,102,,,,,,27,,,165,,41,97,43,78,100,258,,174,91,53,341,88,47,41,55,357,13,,,35,137,225,185,214,185,,127,,187,,165,85,,,,,,,,,,,,,,,,,,,,,,,,,,,,,,,,,406,137,64,288,,,215,,496,79,,,76,113,,76,,,279,126,407,217,,,,,,,466,,,,,108,,,,110,108
2026-09-14T12:25:01+00:00,,221,,,,25,,128,175,291,,132,219,285,,67,,,,,,,130,291,226,,62,,,33,685,19,,42,157,,166,,,106,121,,,,,,,1399,,,,212,36,,,26,,,,,158,,60,23,,228,,,,110,,,173,9,,,,,,,,,,,,,,18,76,,105,115,339,38,,170,72,28,,333,31,101,,6,142,26,133,,40,447,105,,,124,124,128,407,,,437,,,,,,,,,,,,,,,,,,,,,,,,,,,,,,,,,,,,,,,,,,,,,,264,265,426,,18,,,729,301,363,,153,,427,584,328,127,,119,41,,203,266,87,5,,171,16,1,331,,,,,,,,,,,,,,,,280,,,77,,,,,,,,,,66,,,,,,,,,,,,,,,,,202,71,,136,169,212,,347,30,,337,114,257,333,220,196,342,71,,113,173,27,,1037,,,,291,,,,,,,,,,,,,236,,22,6,,,,,,,19,163,233,,,,,,,,,,,,,,,,,,,,,,,,,,,238,66,12,97,36,,58,22,337,281,,35,130,,,133,,,,60,121,113,40,6,96,,147,80,,117,334,,,7,,,,,,,,,,,,,,,,,,,,,,,,,,,,,,,,455,76,134,14,,,185,284,,,341,,,31,104,,,,,,29,,,167,85,,,46,72,101,,75,170,92,,342,,45,,,,,,,,,,,,,,,,,,,,,,,,,,,,,,,,,,,,,,,,,,,,,,,,,,,,408,136,,287,23,123,213,76,,80,,,,111,,77,,56,276,127,408,218,,,,,,455,,,,293,,106,,,,108,110
2026-09-14T12:30:01+00:00,111,,,,,19,,,,290,,133,221,283,,69,,,,,,,127,286,230,,,,,34,681,17,,41,158,,164,,,,120,,,,25,,,1404,,,,217,,81,,,,,,,,19,64,26,85,,89,,13,,,,170,,,99,225,293,114,171,133,81,,,,,,,,,,,,,,,,,,,,,,,,,,,,,,,,,,,,,,,,,,,,,,,,,,,,,,,,,,,385,,,,,138,153,,,,,,,,,,,,,,,,,,,266,,425,218,21,,,731,300,356,,149,,,,,,,,,,,,,2,,169,16,7,334,,,,,,,,,,281,,,,,,270,,,,,,,,,,,,,,,,,,,,,,,,,,,,,181,205,,124,133,173,210,,351,29,8,339,,258,336,222,,345,,,114,175,28,,1044,,,,,,120,,,,,,,,,,,239,67,20,5,,,,,,,,167,236,,,158,,,,,,,,,,,,,,,,,,,,,,,,,,,,38,,59,,336,280,,,,98,,,,,,,,,,5,98,64,149,84,35,115,342,,130,,6,203,152,56,655,45,,,157,95,,,,,,,,,,,,,,,,,,,,,,463,77,137,13,643,,187,286,266,,340,,,32,103,,,,,,28,,,169,83,43,96,53,67,,,77,171,93,54,337,89,,,,,,,,,,,,,,,,,,,,,,,,,,,,,,,,,,,,,,,,,,,,,,,,,,,,,409,135,,289,25,127,214,74,495,,185,279,73,109,,78,52,57,279,,413,217,,,,,,456,,,,290,,107,30,,,,109
2026-09-14T12:35:01+00:00,106,222,,,425,22,,134,179,289,,,222,285,,,,,,,,389,132,,229,,,,,33,676,,2,39,,,168,,,107,122,,,,24,,,1405,,,,218,35,,,25,21,,,,157,18,66,24,,,,,,,,,171,8,,101,224,,,,,,,,,,405,22,85,136,107,119,346,39,,172,76,20,,340,33,,,16,148,20,134,557,38,449,108,89,39,128,125,123,432,,,440,,90,132,602,97,261,476,56,,353,,,,,,,,,,,,,,,,,,,,,,,,,,,,,,,,,,,,268,266,427,215,,,,738,,362,,,265,424,583,321,,360,118,,176,205,259,97,,,167,16,5,332,,,,,,,,,,,,,,,,266,,,,134,,,,,,,,,65,,,,,52,,,,,,,,,,,185,214,,,135,171,220,,356,27,,340,112,261,345,,200,347,72,,,173,29,,1049,,,,290,,121,,,,,,,,,,,240,,18,,,,,437,,,,170,239,,,162,,,,,,,,,,,,,,,,,,,,,,,,,67,14,98,,108,62,,337,284,,,129,103,41,131,,,5,59,122,114,36,6,103,60,152,83,34,121,360,40,,,5,200,,,662,38,,113,,98,,,,,,,,,,,,,,,,,,,,,,,,138,16,644,,186,283,265,279,341,,,35,101,,,,,,,,,170,82,41,98,46,61,97,,79,179,96,56,334,,49,,,,,,,,,,,,,,,,,,,,,,,,,,,,,,,,,,,,,,,,,,,,,,,,,,,,410,134,65,297,27,128,215,,,81,184,280,72,108,,80,51,56,281,128,410,216,,,,,,454,468,,,292,,104,,,,113,
2026-09-14T12:40:01+00:00,,221,,,427,24,,128,182,292,,129,,,,70,,,,,,390,136,,228,,65,,,32,682,,0,,155,,,,,,,,,,25,,,1406,,,,221,,80,,24,25,7,,,156,,67,22,,,90,,14,,,,,,,,218,299,105,170,134,80,,,194,,,,97,140,111,121,342,40,,173,,28,184,342,38,102,112,13,153,13,137,,40,450,109,93,44,137,,124,438,,1,438,,,,,,,,,,,,,,,,98,,,,,388,,,,,,154,,,,,,,,,,,,,,,,,,,,,425,207,18,,,,,361,,153,,,,,,,,,,,,,3,,164,16,4,318,,,,,,,,,,282,,,,,,270,,,,,,,,,,,,,,,,,,,,,,,,,,,,,,,77,123,131,174,221,,360,26,,342,,,351,221,196,,,,116,,34,,1052,,,,,,120,,,,,,,,,,,,70,21,4,,,,,,,21,169,237,,,159,,,,,,,,,,,,,,,,,,,,,,,,241,69,16,99,39,109,63,19,339,279,21,34,128,104,,130,,,,60,124,119,35,4,,61,156,82,38,119,365,39,,,9,198,,55,648,34,,,156,90,,,,,,,,,,,,,,,,,,,,,,464,79,139,15,,,190,,268,281,,,,30,102,,,,,,27,,,173,86,40,99,41,57,99,257,81,184,101,60,329,88,,43,59,356,19,47,115,34,130,,190,222,195,,134,,193,,160,89,,,,,,,,,,,,,,,,,,,,,,,,,,,,,,,,,,135,68,295,25,131,,75,500,83,188,,69,109,,,,57,277,,409,217,,,,,,455,470,116,,282,,,28,,,118,
2026-09-14T12:45:02+00:00,107,,,,428,23,,,185,298,,132,,284,,69,,,,,164,388,139,285,229,,64,,,35,695,18,4,40,154,,162,,,111,,,,,,,,1407,,,,224,,76,,22,24,,,,157,,72,25,,229,,,,111,,,173,7,,,216,,,,,,,,,,,,,,,,,,,,,,,,,,,,,,,,,,,,,,,,,,,,,85,137,607,95,263,472,,,354,,,,,,,,,,,,,,,,,,,,,,,,,,,,,,,,,,,,267,268,426,200,14,,,744,,367,,157,,426,591,314,126,359,,42,174,211,250,93,,,162,16,1,325,,,,,,,,,,,,,,,,,,,78,133,,,,,,,,,82,,,,,,,,,,,,,,,,,210,69,129,130,177,227,,355,29,,344,104,266,353,224,200,348,73,,119,170,,,1064,,,,289,,,,,,,,,,,,,236,69,17,,,,,436,,,,168,,,,160,,,,,,,,,,,,,,,,,,,,,,,,243,68,17,,36,,65,24,343,286,,,134,107,,134,,,,61,127,121,,5,104,57,160,80,32,120,381,38,129,,14,,145,56,647,30,,111,154,86,,,,,,,,,,,,,,,,,,,,,,461,,141,14,,,191,285,272,,343,,,32,104,,,,,,28,,,,,49,,42,54,98,256,80,187,103,57,321,86,48,,,,,,,,,,,,,,,,,,,,,,,,,,,,,,,,,,,,,,,,,,,,,,,,,,,,409,134,67,300,,132,216,76,503,87,185,281,,111,,81,52,58,282,125,408,216,,,,,,457,,,,,,106,31,,,119,107
2026-09-14T12:50:01+00:00,108,223,55,,434,,,125,190,297,,130,224,286,,,,,,,165,389,144,289,235,,65,,,36,698,,6,39,155,,163,,,110,121,,,,,,,,,,,225,,78,,,25,6,,,,,69,30,,,91,,12,,,,,,,,217,300,114,161,129,82,170,,195,,404,21,93,147,113,,338,42,,,79,26,185,344,47,,,14,151,11,138,558,,,110,92,,139,,125,440,,,,,83,129,611,98,,,54,,353,,,,,,91,,,,,390,,,,,142,160,,,,,,,,,,,,,,,,,,,266,271,,197,,,,,302,368,,158,,,,,,,,,,,,,6,,165,16,2,329,,,,,,,,,,,,,,,,271,,,79,,,,,,,,,,,,,,,53,,,,,,,,,,,184,216,74,127,129,,223,,353,30,,339,98,267,356,223,195,350,71,,117,171,31,,1068,,,,291,,,,,,,,,,,,,238,,10,2,,,,440,,,22,164,238,,,163,,,,,,,,,,,,,,,,,,,,,,,,244,,19,98,38,110,64,29,341,288,23,,139,104,42,132,7,,,,,118,38,4,107,54,161,,30,122,,,,8,15,,153,55,650,27,,,153,80,,,,,,,,,,,,,,,,,,,,,,469,78,143,12,645,,190,283,274,280,341,,,31,,,,,,,24,,,,,,,,52,109,255,77,188,105,,318,88,49,,,,,,,,,,,,,,,,,,,,,,,,,,,,,,,,,,,,,,,,,,,,,,,,,,,,412,132,68,301,19,135,220,,506,80,186,282,,112,,,50,57,289,124,403,217,,,,,,,468,,,277,,,28,,,121,
2026-09-14T12:55:01+00:00,111,220,54,,441,22,,127,192,298,,129,226,281,,,,,,,164,388,149,299,,,63,,,,705,,5,,156,,165,,,112,123,,,,26,,,1409,,,,,36,82,,,,,,,158,,68,28,,232,93,,13,,,,,,,103,208,307,112,163,134,84,166,,,,,,,,,,,,,,,,,,,,,,,,,,,,,,,,,,,,,,,,,,,,,,,,,,,,,,,,,,,,,,,,,,,,,,,,,,,,,,,,,,,265,274,429,195,11,,,742,304,366,,149,,,589,307,,361,117,41,173,208,246,100,3,,163,16,1,333,,,,,,,,,,,,,,,,270,,,78,,,,,,,,,,84,,,,,,,,,,,,,,,,,217,80,128,130,172,216,,346,27,,338,95,274,354,224,,356,,,,175,27,,1074,,,,290,,,,,,,,,,,,,235,,11,1,,,,439,,,21,166,240,,,168,,,,,,,,,,,,,,,,,,,,,,,,242,69,21,100,33,115,68,32,350,290,25,36,141,112,43,131,,,,59,129,119,39,0,110,,,84,27,125,398,,127,9,,199,155,,655,24,,,154,74,,,,,,,,,,,,,,,,,,,,,,472,,145,15,646,,192,281,273,281,,,,32,105,,,,,,,,,174,85,,97,,43,115,254,76,190,,62,310,,43,44,64,361,18,38,117,36,137,232,191,223,198,,137,,199,,162,88,,,,,,,,,,,,,,,,,,,,,,,,,,,,,,,,,415,135,,,,140,,77,504,,181,284,66,114,,,49,56,286,126,404,222,,,,,,458,466,,,278,,107,,,,131,106
2026-09-14T13:00:02+00:00,113,223,,116,444,,,130,193,300,,126,222,286,,71,,,,,166,389,152,300,,,60,,,,700,16,6,41,155,,,,,111,124,,,,27,,,,,,,228,37,83,,,,7,,,157,,70,31,,233,,1,14,112,,,171,5,,,202,,,,,,,,,,406,24,95,152,116,122,341,40,307,176,84,25,187,,35,,113,10,150,10,136,556,39,453,113,91,51,141,130,123,438,,,440,,,127,622,,260,469,,,351,,,,,,93,,,,,393,,,,,,157,,,,,,,,,,,,,,,,,,,,276,432,,,,,747,305,360,,143,,,,,,,,,,,,,9,,162,16,3,337,,,,,,,,,,,,,,,,264,,,,131,,,,,,,,,83,,,,,,,,,,,,,,,,181,225,77,129,125,173,,,345,26,,334,99,278,353,225,,353,,,116,178,30,,1075,,,,292,,121,,,,,,,,,,,234,67,12,2,,,,,,,,167,243,,,166,,,,,,,,,,,,,,,,,,,,,,,,243,70,,99,29,116,67,28,349,283,27,,143,117,,135,,,6,58,131,,43,,,55,159,87,26,126,399,,126,11,14,200,159,56,657,21,,,159,73,,,,,,,,,,,,,,,,,,,,,,473,,148,,644,,193,279,269,,340,,,30,104,,,,,,27,,,178,84,48,,30,46,116,252,74,196,108,59,313,,45,,,,,,,,,,,,,,,,,,,,,,,,,,,,,,,,,,,,,,,,,,,,,,,,,,,,417,,,299,20,137,218,,,76,183,286,67,,,82,50,58,291,132,405,220,,,,,,459,469,,,275,,,31,,,133,105
2026-09-14T13:05:01+00:00,116,221,,117,,19,,128,191,302,,122,227,279,,,,,,,167,422,148,297,237,,61,,,,705,,10,43,154,,,,,,123,,,,26,,,,,,,231,,,,23,,,,,158,,72,,,234,94,0,13,,,,168,6,,104,203,308,110,169,132,88,167,,,,408,28,,,117,124,345,,306,177,85,24,,346,33,101,,,148,15,,,,450,116,90,55,144,128,126,455,,,444,,89,126,615,,257,468,52,92,353,,,,,,,,,,,,,,,,,,,,,,,,,,,,,,,,,,,,264,277,437,193,12,,,748,308,353,,142,266,,592,305,129,360,121,,174,199,244,,7,,166,16,,339,,,,,,,,,,281,,,,,,265,,,79,129,,,,,,,,,,,,,,54,,,,,,,,,,,180,221,84,130,130,,217,,344,27,,338,,,347,226,198,350,,,120,180,28,,1081,,,,291,,,,,,,,,,,,,232,,10,5,,,,441,,,20,175,239,,,172,,,,,,,,,,,,,,,,,,,,,,,,247,67,23,95,31,,68,34,,280,32,,148,125,42,,,,7,59,129,124,40,2,114,52,157,91,,121,407,,,,15,202,160,58,644,28,,,,70,,,,,,,,,,,,,,,,,,,,,,474,77,145,20,643,,194,277,,278,341,,,28,103,,,,,,28,,,180,,50,99,34,42,121,250,,198,113,,320,91,51,,,,,,,,,,,,,,,,,,,,,,,,,,,,,,,,,,,,,,,,,,,,,,,,,,,,,136,,302,,143,214,78,505,79,186,284,68,115,,,46,57,292,133,403,219,,,,,,460,473,,,270,,105,29,,,,104
2026-09-14T13:10:02+00:00,112,223,,,,16,,127,195,304,,128,231,281,,,,,,,,420,150,295,235,,62,,,35,708,17,,,,,166,,,,122,,,,27,,,1410,,,,237,,81,,,27,8,,,157,17,,,86,,93,,,111,,,170,,,,,,,,,,,,,,,,,,,,,,,,,,,,,,,,,,,,,,,,,,,,,,,,,,,,,,,,,,,,,,,96,,,,,,,,,,139,156,,,,,,,,,,,,,,,,,,,262,282,443,,18,,,750,307,350,,135,,,,,,,,,,,,,,,164,16,0,336,,,,,,,,,,284,,,,,,261,,,81,128,,,,,,,,,85,,,,,56,,,,,,,,,,,,217,86,,126,172,218,,,23,9,,90,281,345,,192,349,,,121,177,27,,1086,,,,293,,,,,,,,,,,,,229,61,12,6,,,,442,,,,178,244,,,,,,,,,,,,,,,,,,,,,,,,,,,244,,,96,33,117,67,37,350,272,36,,145,123,41,134,,,,,,118,38,5,120,59,,96,29,,416,,,,13,201,169,57,651,,,,162,73,,,,,,,,,,,,,,,,,,,,,,470,,142,19,638,,196,,275,279,,,,25,102,,,,,,,,,182,85,51,96,35,43,127,249,,201,117,64,312,93,48,43,65,360,25,,108,35,128,229,187,227,206,,143,,205,,164,84,,,,,,,,,,,,,,,,,,,,,,,,,,,,,,,,,416,134,,310,18,142,215,77,506,80,187,281,69,118,,84,,59,294,134,402,218,,,,,,459,,,,267,,102,28,,,140,108
2026-09-14T13:15:01+00:00,110,224,55,119,439,18,,125,194,310,,123,230,286,,,,,,,,,158,298,243,,,,,36,710,18,9,44,153,,167,,,110,125,,,,28,,,,,,,238,36,,,21,,,,,156,,75,33,87,235,92,,,,,,175,5,,,200,311,107,172,133,86,165,,,,,19,98,163,112,127,343,44,305,,86,15,188,356,24,,112,8,,9,138,555,40,,122,92,65,146,124,125,476,,,446,,,,,,,,,,,,,,,,,,,,,,,,,,,,,,,,,,,,,,,,,,,,,,266,283,454,199,16,,,752,,346,,136,265,,603,313,128,364,123,,175,,243,98,6,,168,16,4,334,,,,,,,,,,,,,,,,253,,,82,129,,,,,,,,,83,,,,,,,,,,,,,,,,,215,85,134,127,171,219,,343,19,,335,91,288,346,230,195,,,,125,185,21,,1096,,,,294,,,,,,,,,,,,,228,63,16,7,,,,443,,,21,181,245,,,,,,,,,,,,,,,,,,,,,,,,,,,247,,24,94,36,118,,38,352,269,,37,151,125,42,136,,,8,,130,119,39,4,121,58,,99,,124,426,,,,18,204,170,,653,31,,110,,72,,,,,,,,,,,,,,,,,,,,,,475,76,143,,634,,200,276,271,,343,,,26,101,,,,,,,,,189,,54,,34,45,129,,114,203,125,61,310,,50,,,,,,,,,,,,,,,,,,,,,,,,,,,,,,,,,,,,,,,,,,,,,,,,,,,,419,133,,308,17,,219,79,508,75,192,277,,119,,86,47,61,297,135,406,221,,,,,,463,471,,,265,,,,,,143,109
2026-09-14T13:20:02+00:00,112,,56,,438,23,,120,195,312,,129,232,292,,73,,,,,,422,,297,,,61,,,35,707,,8,48,151,,175,,,111,126,,,,27,,,,,,,242,,,,,26,,,,,16,74,37,,,,,14,110,,,178,,,107,,,,,,,,,,,,,,,,,,,,,,,,,,,,,,,,,,,,,,,,,,,,,,,,,,,,,,,,,,,,92,,,,,394,,,,,138,158,,,,,,,,,,,,,,,,,,,267,289,461,206,12,,,755,308,340,,140,,,,,,,,,,,,,3,,171,16,7,338,,,,,,,,,,,,,,,,248,,,85,130,,,,,,,,,84,,,,,,,,,,,,,,,,181,213,95,,,168,216,,344,,,342,81,287,350,232,,345,73,,118,188,24,,1104,,,,293,,123,,,,,,,,,,,230,64,,9,,,,444,,,22,183,242,,,177,,,,,,,,,,,,,,,,,,,,,,,,,70,26,95,35,,68,40,355,271,,,154,129,43,144,,,,60,,113,36,2,125,60,158,100,25,127,431,,125,12,20,205,173,56,647,29,,,,70,,,,,,,,,,,,,,,,,,,,,,485,75,147,21,632,,205,280,264,,342,,,22,102,,,,,,29,,,193,84,57,98,47,,138,246,117,218,132,60,315,95,,,,,,,,,,,,,,,,,,,,,,,,,,,,,,,,,,,,,,,,,,,,,,,,,,,,,424,134,,307,,141,223,81,,,190,275,70,,,87,48,,298,137,408,,,,,,,465,470,,,267,,103,27,,,131,110
2026-09-14T13:25:01+00:00,110,228,,,448,,,121,196,,,125,237,294,,,,,,,,,,299,,,,,,36,720,,12,47,152,,176,,,114,128,,,,29,,,,,,,,37,84,,23,29,,,,157,17,75,41,,,,,,,,,,7,,,197,309,97,,136,90,168,,194,,,22,106,169,114,,362,46,,180,92,32,189,357,25,,,9,144,16,141,558,47,451,130,99,69,149,,135,494,,,451,,,,,,,,,,,,,,,,,,,,,,,,,,,,,,,,,,,,,,,,,,,,,,268,295,462,213,9,,,757,,341,,143,,423,615,321,131,363,128,,,203,244,88,5,,180,17,13,353,,,,,,,,,,,,,,,,252,,,83,131,,,,,,,,,87,,,,,,,,,,,,,,,,,214,97,,124,,221,,350,22,10,341,76,,354,,197,348,74,,116,192,23,,1109,,,,294,,122,,,,,,,,,,,231,67,12,7,,,,443,,,,184,241,,,178,,,,,,,,,,,,,,,,,,,,,,,,245,72,29,,33,,69,42,,274,,,158,127,,,,,,58,,110,34,1,130,59,157,,,125,454,,126,10,26,204,179,,,33,,108,164,64,,,,,,,,,,,,,,,,,,,,,,,,,,,,,,,,,,,,,,,,,,,,,,,,,,,,,,228,137,62,318,99,52,46,68,358,30,44,,,123,227,191,225,208,,139,,214,,167,89,,,,,,,,,,,,,,,,,,,,,,,,,,,,,,,,,426,,66,308,20,138,221,82,507,69,187,274,,,,90,50,63,301,,405,224,,,,,,469,,115,,268,,104,29,,,135,
2026-09-14T13:30:02+00:00,,231,,,454,25,,118,199,315,,126,236,291,,,,,,,,424,163,297,245,,63,,,38,724,,13,,,,173,,,116,127,,,,,,,,,,,248,36,,,21,28,9,,,,,79,42,,234,,,,109,,,186,,,108,196,,,,,,,,,,,,,,,,,,,,,,,,,,,,,,,,,,,,,,,,,,,,,,,,,,,,,,,,,,,93,,,,,403,,,,,144,159,,,,,,,,,,,,,,,,,,,269,301,466,209,8,,,,305,330,,146,,,,,,,,,,,,,8,,179,17,9,350,,,,,,,,,,,,,,,,254,,,79,133,,,,,,,,,89,,,,,,,,,,,,,,,,187,219,102,133,126,166,222,,352,,,342,70,292,357,233,200,353,75,,115,194,17,,1119,,,,295,,,,,,,,,,,,,227,64,15,,,,,,,,23,183,240,,,180,,,,,,,,,,,,,,,,,,,,,,,,246,75,28,94,34,,68,44,360,269,37,,163,124,,145,,,,59,131,107,,0,131,61,,102,26,,467,39,,,,213,178,,653,28,,107,163,71,,,,,,,,,,,,,,,,,,,,,,488,,149,22,628,,,278,268,281,,,,23,,,,,,,30,,,197,85,61,95,51,44,135,245,122,233,134,54,327,97,55,,,,,,,,,,,,,,,,,,,,,,,,,,,,,,,,,,,,,,,,,,,,,,,,,,,,431,,120,313,21,142,219,81,,65,188,,72,,,92,48,60,310,136,406,226,,,,,,468,472,,,,,108,,,,137,
2026-09-14T13:35:02+00:00,113,233,,,457,,,121,202,313,,120,,290,,74,,,,,,423,166,299,249,,,,,39,722,,,,,,172,,,120,126,,,,,,,,,,,,37,83,,22,29,10,,,161,,82,48,,,,,,,,,185,,,,195,307,108,173,,,162,,196,,409,26,109,172,121,126,366,43,,181,96,42,188,358,18,102,111,16,153,28,144,563,,456,138,102,74,136,127,134,493,,,455,,94,122,625,103,261,467,53,99,352,,,,,,,,,,,,,,,,,,,,,,,,,,,,,,,,,,,,271,304,456,212,5,,,755,306,318,,,,425,623,319,132,370,125,45,,206,249,,,,177,17,,353,,,,,,,,,,,,,,,,256,,1,78,,,,,,,,,,91,,,,,55,,,,,,,,,,,190,230,104,132,,172,223,,357,23,,,79,291,364,,205,351,77,,117,191,24,,1131,,,,297,,121,,,,,,,,,,,228,65,,9,,,,442,,,24,182,243,,,183,,,,,,,,,,,,,,,,,,,,,,,,244,76,27,93,36,,,49,358,275,,36,168,122,,147,,,,,132,111,29,,134,62,155,108,25,123,479,38,128,8,,,179,,648,33,,106,162,68,,,,,,,,,,,,,,,,,,,,,,497,,153,26,637,,207,276,274,,343,,,27,,,,,,,,,,198,91,57,94,48,39,147,243,126,231,135,47,340,93,61,,,,,,,,,,,,,,,,,,,,,,,,,,,,,,,,,,,,,,,,,,,,,,,,,,,,434,133,119,314,,145,220,82,508,,,278,73,118,,95,51,58,307,,400,227,,,,,,471,471,116,,265,,110,31,,,136,
2026-09-14T13:40:02+00:00,106,236,,,,28,,124,198,314,,117,231,299,,,,,,,,421,169,300,248,,64,,,40,732,,14,46,153,,169,,,122,124,,,,,,,1414,,1,,,38,,,21,,11,,,,,,51,88,233,,4,13,,,,,,,,192,,,,,,,,,,408,30,114,178,123,125,361,46,303,184,98,54,,359,,100,,,161,29,142,564,49,,144,106,84,140,125,135,515,,,458,1,,,,,,,,,,,,,,,,,,,,409,,,,,143,,,,,,,,,,,,,,,,,,,,272,308,453,213,7,,,765,307,323,,141,,,,,,,,,,,,,9,,175,17,7,363,,,,,,,,,,,,,,,,257,,,81,,,,,,,,,,95,,,,,56,,,,,75,,,,,,189,231,106,135,,,226,,364,31,,345,72,289,370,,,,79,,120,189,23,,1139,,,,296,,,,,,,,,,,,,,63,14,10,,,,443,,,,187,,,,184,,,,,,,,,,,,1,,,,,,,,,,,,242,78,30,94,38,119,,59,359,283,,37,175,128,,,,,,60,133,109,34,,,63,154,112,32,121,485,37,126,9,28,210,189,57,659,37,,105,161,66,,,,,,,,,,,,,,,,,,,,,,502,,152,29,639,,,282,,,342,,,26,,,,,,,32,,,197,,65,,45,51,151,,,239,136,50,351,91,,54,61,357,39,47,105,33,113,235,188,219,210,,147,,204,,164,92,,,,,,,,,,,,,,,,,,,,,,,,,,,,,,,,,436,,,316,,140,217,81,507,67,195,282,70,117,,98,52,59,306,135,398,226,,,,,,473,,,,266,,,32,,,,
2026-09-14T13:45:02+00:00,103,,,,459,26,,125,203,317,,124,230,291,,73,,,,,,416,175,,253,,63,,,,738,17,11,42,150,,170,,,123,,,,,,,,,,0,,,36,84,,24,31,,,,164,,80,53,,235,94,,14,110,,,187,,,111,193,303,106,176,132,93,160,,194,,,,,,,,,,,,,,,,,,,,,,,,,,,,,,,,,,,,,,,633,110,,468,,104,353,,,,,,,,,,,,,,,,,,,,,,,,,,,,,,,,,,,,274,311,443,217,8,,,768,,318,,148,266,424,637,327,,375,119,46,,203,246,,13,,177,17,14,,,,,,,,,,,,,,,,,265,,4,84,134,,,,,,,,,103,,,,,,,,,,,,,,,,,228,113,137,124,,229,,368,30,,348,,293,371,235,209,,,,116,192,26,,1140,,,,299,,122,,,,,,,,,,,,60,13,11,,,,444,,,,184,246,,,185,,,,,,,,,,,,0,,,,,,,,,,,,248,,29,95,40,,,,358,277,,,176,129,40,148,,,,61,135,107,36,,137,62,153,113,33,118,506,,124,10,29,212,184,,664,43,,106,,,,,,,,,,,,,,,,,,,,,,,,,,,,,,,,,,,,,,,,,,,,,,,,,,,,,,,128,246,137,51,358,90,64,,,,,,,,,,,,,,,,,,,,,,,,,,,,,,,,,,,,,,,,,,,,,,,,,,,,,,117,,20,141,215,84,508,66,200,285,72,116,,96,49,60,303,132,401,225,,,,,,472,,,,260,,108,33,,,131,
2026-09-14T13:50:01+00:00,102,237,,118,461,24,,127,199,318,,127,232,289,,,,,,,,414,177,297,251,,66,,,37,743,16,12,41,,,169,,,122,,,,,30,,,1416,,1,,252,37,83,,21,,,,,,18,79,51,,234,95,5,15,,,,188,,,113,197,,,,,,,,,,411,36,118,185,125,122,357,,,185,99,52,189,364,17,101,,23,163,26,,566,,,146,109,89,143,,142,516,,,,,90,117,634,113,264,,54,105,355,,,,,,90,,,,,421,,,,,145,160,,,,,,,,,,,,,,,,,,,,313,444,225,,,,766,308,315,,144,,,,,,,,,,,,,,,171,17,12,369,,,,,,,,,,,,,,,,273,,,,133,,,,,,,,,105,,,,,,,,,,,,,,,,,,122,138,121,175,227,,369,29,,349,68,289,376,234,213,350,,,118,196,25,,1144,,,,301,,,,,,,,,,,,,231,58,16,,,,,443,,,,,248,,,,,,,,,,,,,,,,,,,,,,,,,,,252,79,,,,120,69,69,360,276,,,,131,39,,,,6,62,136,104,37,1,140,67,155,116,28,116,513,,125,13,32,213,192,,654,48,,105,,58,,,,,,,,,,,,,,,,,,,,,,503,76,,33,637,,209,283,276,282,343,,,30,103,,,,,,36,,,199,95,71,95,46,40,157,241,131,260,138,48,363,92,68,,,,,,,,,,,,,,,,,,,,,,,,,,,,,,,,,,,,,,,,,,,,,,,,,,,,438,,116,,21,143,210,85,506,65,,290,73,,,98,50,59,304,134,396,224,,,,,,,474,,,254,,107,,,,,111
2026-09-14T13:55:02+00:00,103,242,,,463,,,126,191,320,,129,229,290,,71,,,,,166,,179,298,250,,67,,,38,745,18,,40,151,,171,,,120,123,,,,,,,1417,,2,,254,36,,,20,,,,,165,,78,50,,,,8,,109,,,189,,,,198,300,103,178,138,89,158,,,,,,,,,,,,,,,,,,,,,,,,,,,,,,,,,,,,,,,,,,,,,,,,,,,,,,,,,,,,,,,,,,,,,,,,,,,,,,,,,,,280,317,467,224,4,,,,307,308,,148,,423,656,326,130,374,116,49,176,206,249,96,12,,,17,11,371,,,,,,,,,,,,,,,,281,,3,,,,,,,,,,,107,,,,,55,,,,,,,,,,,190,229,129,139,123,,229,,,23,,345,69,295,378,236,215,349,,,116,198,21,,1159,,,,,,,,,,,,,,,,,232,56,18,7,,,,442,,,23,183,252,,,184,,,,,,,,,,,,,,,,,,,,,,,,258,78,30,,,121,67,73,363,279,,,175,138,,151,,,7,,137,,39,3,148,69,,121,29,,531,,,12,33,216,190,56,661,44,,106,158,44,,,,,,,,,,,,,,,,,,,,,,,,,,,,,,,,,,,,,,,,,,,,,,,,,,,,,136,269,146,42,369,95,71,,,,,,,,,,,,,,,,,,,,,,,,,,,,,,,,,,,,,,,,,,,,,,,,,,,,440,,117,,18,147,209,86,507,60,204,293,,,,96,,60,303,137,390,,,,,,,468,475,117,,,,105,32,,,137,113
2026-09-14T14:00:02+00:00,107,244,,,466,28,,127,194,316,,127,232,284,,72,,,,,167,416,182,299,246,,66,,,39,756,,9,41,149,,174,,,,122,,,,31,,,,,,,259,37,,,19,34,,,,166,,,51,87,233,97,7,,,,,194,,,116,195,,,,,,,,,,,52,121,204,131,127,,41,300,189,103,41,190,368,18,102,112,32,165,33,,570,48,459,134,111,93,147,129,143,529,16,,459,1,88,118,638,116,263,471,,103,353,,,,,,85,,,,,431,,,,,143,,,,,,,,,,,,,,,,,,,,281,318,476,225,6,,,775,,291,,152,,,,,,,,,,,,,10,,,17,7,378,,,,,,,,,,,,,,,,,,,85,132,,,,,,,,,106,,,,,,,,,,,,,,,,,228,133,140,124,176,232,,370,,,,73,301,383,242,222,,81,,119,195,22,,1170,,,,302,,,,,,,,,,,,,235,58,17,9,,,,444,,,24,187,,,,188,,,,,,,,,,,,,,,,,,,,,,,,259,79,29,96,39,120,65,78,,,,,176,137,41,152,,,,,,95,42,2,153,67,160,127,34,117,556,,126,13,35,219,189,55,655,41,,107,155,40,,,,,,,,,,,,,,,,,,,,,,505,,150,32,636,,211,,277,281,344,,,28,102,,,,,,,,,,96,72,96,37,38,164,244,134,277,,46,372,93,72,53,71,359,52,52,103,30,110,241,184,228,213,,145,,208,,166,100,,,,,,,,,,,,,,,,,,,,,,,,,,,,,,,,,443,,119,317,19,,211,,506,59,205,294,71,115,,97,48,63,302,138,392,223,,,,,,469,470,,,251,,,33,,,139,112
2026-09-14T14:05:01+00:00,115,247,,,468,26,,129,197,315,,132,233,289,,,,,,,,414,188,298,252,,64,,,,,,,42,,,168,,,,124,,,,34,,,,,3,,,,,,18,,,,,168,,,52,,,,8,,108,,,196,,,,,293,108,180,131,,150,,,,,,,,,,,,,,,,,,,,,,,,,,,,,,,,,,,,,,,,,,,,,,,,,,,,,,,,,,,,,,,,,,,,,,,,,,,,,,,,,,,283,323,489,223,4,,,773,305,296,,150,,,668,330,128,370,114,50,180,210,,,9,,,17,6,381,,,,,,,,,,,,,,,,285,,2,87,135,,,,,,,,,108,,,,,56,,,,,,,,,,,193,238,142,141,127,177,233,,373,20,,347,76,302,382,246,,352,85,,124,197,23,,1179,,,,305,,121,,,,,,,,,,,238,57,14,7,,,,,,,25,184,255,,,192,,,,,,,,,,,,,,,,,,,,,,,,,77,28,98,,,64,77,,274,,,180,139,42,156,,,,60,138,,40,0,164,66,163,128,32,119,586,40,,11,36,220,198,,661,38,,,156,44,,,,,,,,,,,,,,,,,,,,,,509,77,149,,634,,215,,272,282,349,,,,,,,,,,39,,,196,95,64,99,52,42,169,243,140,285,,50,361,92,74,,,,,,,,,,,,,,,,,,,,,,,,,,,,,,,,,,,,,,,,,,,,,,,,,,,,442,134,117,320,20,150,209,85,,55,202,296,70,113,,96,50,64,308,142,398,,,,,,,468,469,,,254,,,32,,,147,
2026-09-14T14:10:02+00:00,113,249,,,471,25,,137,201,317,,135,235,295,,73,,,,,,412,195,296,255,,,,,38,759,,11,41,,,169,,,,126,,,,,,,,,,,257,36,,,19,33,10,,,170,,,,,232,98,5,,107,,,198,,,,194,,,,,,,,,,415,55,122,210,138,124,365,40,,190,106,62,,,24,103,111,30,170,29,141,571,,466,145,112,99,145,132,147,544,,,461,,89,108,650,113,262,469,,110,356,,,,,,81,,,,,442,,,,,140,162,,,,,,,,,,,,,,,,,,,288,325,499,221,7,,,774,307,307,,159,,,,,,,,,,,,,15,,174,17,9,400,,,,,,,,,,,,,,,,297,,3,88,134,,,,,,,,,112,,,,,,,,,,74,,,,,,192,245,148,142,126,179,229,,372,,11,350,81,308,,249,228,349,88,,120,202,32,,1191,,,,307,,,,,,,,,,,,,233,56,13,,,,,446,,,27,,252,,,197,,,,,,,,,,,,,,,,,,,,,,,,252,,27,,38,,,79,366,266,36,38,,143,43,157,,,,57,143,97,42,,171,68,162,137,33,,608,39,127,,37,223,191,54,667,41,,,157,42,,,,,,,,,,,,,,,,,,,,,,521,78,152,31,,,218,285,269,279,352,,,27,101,,,,,,37,,,204,97,69,96,55,47,181,246,138,298,145,51,369,,77,,,,,,,,,,,,,,,,,,,,,,,,,,,,,,,,,,,,,,,,,,,,,,,,,,,,443,136,119,319,22,,207,86,504,54,198,,71,,,,52,66,309,143,396,222,,,,,,469,473,118,,259,,107,31,,,144,113
2026-09-14T14:15:01+00:00,,253,57,,473,26,,138,203,,,133,238,292,,75,,,,,,414,196,291,252,,61,,,36,760,,12,40,147,,176,,,123,130,,4,,,,,,,,,263,,82,,20,34,9,,,169,17,81,56,86,,96,7,16,,,,202,,,117,196,290,117,176,138,92,145,,,,,56,126,213,139,126,368,36,310,,107,69,,369,,,112,36,169,32,,681,,463,149,114,106,144,131,,550,,,,,,104,653,116,,466,56,108,358,,,,,,77,,,,,446,,,,,142,160,,,,,,,,,,,,,,,,,,,289,331,506,222,8,,,777,309,312,,165,267,427,681,328,130,368,115,51,188,214,255,,13,,182,17,12,414,,,,,,,,,,,,,,,,305,,4,89,135,,,,,,,,,115,,,,,,,,,,,,,,,,193,252,155,141,,182,,,376,16,,352,91,,386,251,233,,91,,124,210,28,,1199,,,,308,,120,,,,,,,,,,,,55,12,11,,,,448,,,,181,250,,,202,,,,,,,,,,,,,,,,,,,,,,,,254,78,30,99,35,119,66,95,368,256,,39,181,151,44,,,,9,58,144,99,41,,181,71,,143,36,122,624,,129,13,42,224,193,,657,45,,,158,45,,,,,,,,,,,,,,,,,,,,,,,,,,,,,,,,,,,,,,,,,,,,,,,,,,,,,139,301,146,56,379,93,87,56,72,362,57,56,98,,117,,179,235,214,,149,,214,,168,98,,,,,,,,,,,,,,,,,,,,,,,,,,,,,,,,,448,138,,324,30,,206,85,,53,199,,69,112,,101,50,,314,144,395,223,,,,,,473,476,119,,269,,109,34,,,137,115
2026-09-14T14:20:01+00:00,114,,58,119,475,,,143,205,316,,126,239,293,,78,,,,,165,,202,296,245,,63,,,34,768,,13,41,146,,180,,,124,129,,5,,33,,,,,1,,262,,83,,,35,12,,,170,,82,62,,233,95,8,,,,,201,,,118,200,,,,,,,,,,,,,,,,,,,,,,,,,,,,,,,,,,,,,,,,,,,,,,,,,,,,,,,,,,,,,,,,,,,,,,,,,,,,,,,,,,,,,,,,,292,341,510,220,12,,,787,,308,,162,,,,,,,,,,,,,15,,183,17,14,421,,,,,,,,,,,,,,,,304,,,90,,,,,,,,,,114,,,,,,,,,,73,,,,,,,258,163,143,127,183,232,,380,15,,359,94,318,390,264,231,356,93,,128,206,30,,1221,,,,312,,121,,,,,,,,,,,237,52,,,,,,447,,,,183,251,,,212,,,,,,,,,,,,,,,,,,,,,,,,258,,32,100,44,120,67,102,367,255,,,,153,,162,,,,59,148,91,38,,188,69,166,156,38,124,651,38,128,12,,,,55,,,,,,,,,,,,,,,,,,,,,,,,,,,,527,,151,33,636,,220,284,,,,,,24,102,,,,,,34,,,,,73,97,50,51,190,,141,309,153,,376,97,,,,,,,,,,,,,,,,,,,,,,,,,,,,,,,,,,,,,,,,,,,,,,,,,,,,,449,,117,323,31,,205,83,506,48,196,,70,,,100,48,67,315,146,397,222,,,,,,472,477,,,272,,111,,,,142,116
2026-09-14T14:25:02+00:00,122,254,,,472,21,,,201,315,,129,235,291,,80,,,,,,417,210,295,,,,,,32,777,17,21,42,,,183,,,125,132,,7,,35,,,,,0,,266,,85,,15,36,,,,,16,83,66,,234,,12,,,,,203,,,,203,285,107,188,141,99,146,,,,418,59,134,228,145,134,373,35,,195,110,73,191,379,19,104,116,37,176,36,146,689,47,465,156,,112,150,136,156,563,18,,463,,88,102,664,117,261,465,,,360,,,,,,72,,,,,452,,,,,143,161,,,,,,,,,,,,,,,,,,,297,345,517,227,11,,,791,310,309,,164,269,428,698,333,,371,120,,193,215,257,102,17,,189,17,17,425,,,,,,,,,,,,,,,,315,,,87,136,,,,,,,,,116,,,,,,,,,,,,,,,,,268,161,144,129,184,231,,383,18,12,364,100,322,395,265,232,360,95,,127,205,26,,1229,,,,314,,,,,,,,,,,,,241,53,20,10,,,,448,,,28,191,,,,218,,,,,,,,,,,,,,,,,,,,,,,,257,79,,,,123,68,105,372,259,,38,186,,,163,6,,,61,147,87,42,,193,73,167,159,39,123,661,,127,11,48,228,212,,653,56,,102,159,44,,,,,,,,,,,,,,,,,,,,,,536,77,,,642,,222,288,266,283,355,,,27,98,,,,,,36,,,206,101,83,91,44,43,201,247,145,321,154,60,375,98,,,,,,,,,,,,,,,,,,,,,,,,,,,,,,,,,,,,,,,,,,,,,,,,,,,,,458,,,324,33,,206,81,504,49,201,298,71,109,,103,45,69,319,144,401,226,,,,,,474,,,,275,,112,38,,,144,118
2026-09-14T14:30:02+00:00,125,258,,,469,24,,141,200,316,,131,231,290,,79,,,,,161,420,214,290,244,,66,,,31,772,19,20,41,145,,184,,,,,,11,,,,,1418,,,,265,37,,,12,34,14,,,172,15,81,68,,233,96,13,,,,,202,,,117,208,,,,,,,,,,423,57,,226,147,140,384,,311,197,112,83,192,378,18,,,44,179,39,147,692,,,163,,114,,140,165,580,,,464,,91,103,674,121,260,468,,106,361,,,,,,77,,,,,,,,,,146,162,,,,,,,,,,,,,,,,,,,296,352,518,222,14,,,800,311,310,,167,,,,,,,,,,,,,21,,,17,16,435,,,,,,,,,,,,,,,,,,1,92,134,,,,,,,,,115,,,,,57,,,,,,,,,,,,272,167,,128,186,235,,,16,13,,107,325,,271,234,366,99,,130,203,30,,1232,,,,318,,124,,,,,,,,,,,240,,21,8,,,,,,,,190,252,,,226,,,,,,,,,,,,,,,,,,,,,,,,255,80,34,,,,,104,373,249,,,,158,,,,,10,63,,82,43,2,201,72,,162,43,125,673,,,9,51,230,223,,654,57,,101,162,53,,,,,,,,,,,,,,,,,,,,,,,,,,,,,,,,,,,,,,,,,,,,,,,,,,,,,148,,156,63,374,100,93,,75,365,65,54,,28,116,254,176,244,219,,158,,218,,170,99,,,,,,,,,,,,,,,,,,,,,,,,,,,,,,,,,465,137,,,28,,208,,503,47,197,299,69,108,,104,43,,320,143,399,228,,,,,,473,480,,,271,,114,37,,,146,119
2026-09-14T14:35:02+00:00,126,259,,,471,26,,135,,,,128,232,301,,75,,,,,158,416,220,291,238,,68,,,,771,18,18,40,144,,186,,,128,131,,15,,34,,,,,,,,,83,,14,36,13,,,174,16,85,77,,,97,15,,,,,196,,,111,210,278,102,185,144,,149,,195,,424,55,139,239,152,146,392,,312,207,116,100,,382,22,105,,,182,32,150,697,49,475,188,,122,156,141,166,589,,2,467,3,,,,,,,,,,,,,,,,,,,,,,,,,,,,,,,,,,,,,,,,,,,,,294,,519,232,15,,,802,310,309,,168,270,426,708,330,131,375,124,,200,216,261,,24,,181,17,22,446,,,,,,,,,,,,,,,,,,,90,133,,,,,,,,,114,,,,,56,,,,,,,,,,,196,281,172,146,132,190,246,,,20,,369,113,326,404,275,242,,104,,132,204,,,1242,,,,319,,,,,,,,,,,,,237,52,,9,,,,449,,,,191,253,,,,,,,,,,,,,,,,,,,,,,,,,,,256,,36,99,41,125,66,113,377,250,,,185,164,,164,,,11,65,,80,47,0,210,77,170,175,44,126,688,36,,10,60,234,230,57,658,60,,102,161,50,,,,,,,,,,,,,,,,,,,,,,538,78,153,35,639,,225,290,259,284,356,,,26,95,,,,,,,,,210,102,86,88,43,44,204,252,150,326,158,66,366,101,96,,,,,,,,,,,,,,,,,,,,,,,,,,,,,,,,,,,,,,,,,,,,,,,,,,,,466,136,116,325,27,157,,82,502,,203,300,70,109,,108,,,316,141,401,229,,,,,,,487,,,268,,117,38,,,150,120
2026-09-14T14:40:01+00:00,130,264,57,,474,21,,136,199,319,,131,236,298,,72,,,,,156,413,222,294,237,,67,,,30,,,26,39,143,,187,,,133,132,,14,,,,,,,18,,266,,81,,15,37,,,,,,86,,,,,,15,106,,,,,,,213,,,,,,,,,,,,,,,,,,,,,,,,,,,,,,,,,,,,,,,,,,,,,92,109,,128,258,467,,107,364,,,,,,66,,,,,450,,,,,,158,,,,,,,,,,,,,,,,,,,291,357,517,227,16,,,799,311,306,,160,,,,,,,,,,,,,27,,178,17,26,452,,,,,,,,,,,,,,,,313,,0,85,135,,,,,,,,,,,,,,,,,,,74,,,,,,194,280,178,150,,192,249,,384,22,,368,109,330,405,277,247,365,,,,200,34,,1254,,,,320,,122,,,,,,,,,,,238,50,18,11,,,,,,,29,195,255,,,224,,,,,,,,,,,,,,,,,,,,,,,,257,,35,100,,123,67,112,,244,,,191,169,43,165,,,,66,148,85,,4,214,83,172,178,42,127,689,34,129,,,,,,,,,,,,,,,,,,,,,,,,,,,,,,,,,544,,155,33,,,226,292,255,283,360,,,28,,,,,,,34,,,,,93,89,50,42,208,253,154,332,,64,382,,98,,,,,,,,,,,,,,,,,,,,,,,,,,,,,,,,,,,,,,,,,,,,,,,,,,,,467,134,113,326,28,159,207,84,503,48,209,,67,108,,,42,,324,142,402,228,,,,,,475,486,,,,,116,37,,,151,122
2026-09-14T14:45:02+00:00,132,263,,,469,20,,139,196,320,,130,242,296,,,,,,,,412,223,293,232,,,,,32,772,,19,42,,,188,,,,,,16,,,,,1420,,22,,271,38,84,,17,38,,,,172,,87,84,,231,95,13,,,,,191,6,,109,210,267,110,190,139,100,148,,194,,,59,144,238,154,148,396,,314,208,118,108,191,384,30,103,117,49,189,28,151,700,,488,191,,128,162,143,167,605,,,,4,99,,682,129,256,463,,105,370,,,,,,,,,,,,,,,,,,,,,,,,,,,,,,,,,,,,290,358,,226,,,,801,312,311,,167,341,427,772,423,133,,170,53,302,307,352,144,33,,181,17,31,453,,,,,,,,,,,,,,,,308,,2,,,,,,,,,,,115,,,,,,,,,,,,,,,,193,279,186,155,134,194,258,,383,23,,374,114,335,412,282,249,373,103,,138,211,38,,1266,,,,324,,123,,,,,,,,,,,240,52,16,8,,,,,,,,196,259,,,226,,,,,,,,,,,,,,,,,,,,,,,,254,83,34,102,46,124,66,116,,240,,,194,168,,167,,,,68,149,91,49,5,218,84,175,179,41,128,703,35,130,11,58,241,236,58,651,68,,,162,55,,,,,,,,,,,,,,,,,,,,,,543,,157,38,640,,,293,252,282,359,,,31,96,,,,,,,,,211,100,,92,49,50,211,,157,334,163,,386,100,104,,76,366,68,52,100,26,110,261,,255,220,,163,,216,,169,106,,,,,,,,,,,,,,,,,,,,,,,,,,,,,,,,,469,133,114,328,26,161,205,86,502,49,207,301,68,106,,109,39,65,325,143,400,230,,,,,,473,485,120,,272,,117,,,,156,
2026-09-14T14:50:02+00:00,139,266,,118,470,24,,138,194,321,,,240,301,,66,,,,,159,407,230,292,235,,,,,33,774,,21,41,146,,186,,,134,,,14,,,,,1424,,26,,274,37,85,,14,,,,,,,88,88,,232,94,14,14,,,,193,7,,107,208,260,114,193,144,104,145,,,,,,,,,,,,,,,,,,,,,,,,,,,,,,,,,,,,,,,,,,,,,,,,,,,,,75,,,,,451,,,,,148,161,,,,,,,,,,,,,,,,,,,289,366,518,229,15,,,800,313,313,,163,,,,,,,,,,,,,,,180,17,27,465,,,,,,,,,,,,,,,,307,,0,84,,,,,,,,,,114,,,,,,,,,,,,,,,,,278,193,154,137,196,255,,385,27,,379,122,338,409,288,253,368,105,,140,205,42,,1287,,,,323,,122,,,,,,,,,,,241,54,,,,,,450,,,,197,261,,,228,,,,,,,,,,,,,,,,,,,,,,,,250,85,35,,42,125,67,123,385,242,,,199,171,42,170,,,13,70,,88,47,1,226,83,,180,46,126,713,36,,14,63,240,247,,659,72,,101,163,64,,,,,,,,,,,,,,,,,,,,,,,,159,,630,,231,289,251,,361,,,33,97,,,,,,35,,,212,102,92,94,,48,227,256,158,329,,59,384,99,115,,,,,,,,,,,,,,,,,,,,,,,,,,,,,,,,,,,,,,,,,,,,,,,,,,,,473,,115,329,,162,,87,503,48,212,,,,,112,38,63,322,,399,232,,,,,,474,486,121,,273,,118,38,,,,121
2026-09-14T14:55:01+00:00,142,272,58,,471,26,,139,197,320,,135,,307,,57,,,,,156,410,237,288,236,,69,,,,775,16,23,43,142,,184,,,131,133,,15,,35,,,1427,,27,,278,,,,11,39,,,,171,17,86,96,,233,96,11,16,,,,,,,,205,,,,,,,,,,,61,145,246,159,152,401,36,315,209,123,129,193,390,36,105,,50,203,32,152,706,48,491,196,,131,169,146,176,609,,,470,6,102,114,683,130,,460,55,103,371,,,,,,,,,,,,,,,,,,,,,,,,,,,,,,,,,,,,285,365,516,237,,,,795,,318,,,343,425,781,419,,384,172,57,305,312,351,147,35,,182,17,25,467,,,,,,,,,,,,,,,,313,,2,87,134,,,,,,,,,111,,,,,55,,,,,,,,,,,,283,200,155,140,198,265,,381,28,,381,133,,423,291,262,367,104,,,202,,,1294,,,,320,,123,,,,,,,,,,,239,55,,11,,,,,,,,199,267,,,231,,,,,,,,,,,,,,,,,,,,,,,,256,,,99,47,124,,124,389,241,,,204,172,,172,,,,71,150,87,49,0,227,84,176,183,51,128,719,35,128,16,,,,,,,,,,,,,,,,,,,,,,,,,,,,,,,,553,77,158,40,627,,238,,255,286,364,,,30,98,,,,,,38,,,213,103,99,96,48,46,229,259,161,340,167,64,407,,123,,,,,,,,,,,,,,,,,,,,,,,,,,,,,,,,,,,,,,,,,,,,,,,,,,,,476,135,114,331,29,165,207,88,500,46,216,,70,105,,113,36,61,320,148,402,235,,,,,,476,488,,,284,,116,35,,,152,120
2026-09-14T15:00:02+00:00,146,275,,,,25,,133,,323,,134,241,309,,,,,,,,411,238,292,238,,,,,,779,,24,45,141,,182,,,130,,,16,,36,,,,,28,,281,,82,,9,38,12,,,172,16,91,102,,,,7,15,,,,194,,,,203,253,115,188,143,103,153,,,,,,,,,,,,,,,,,,,,,,,,,,,,,,,,,,,,,,,,,,,,,,,,,,,,,79,,,,,459,,,,,145,164,,,,,,,,,,,,,,,,,,,281,369,520,248,13,,,787,312,312,,166,,,,,,,,,,,,,37,,184,17,21,477,,,,,,,,,,,,,,,,317,,1,,133,,,,,,,,,110,,,,,,,,,,,,,,,,,290,202,,144,200,266,,,30,,385,132,337,430,292,268,373,106,,145,200,38,,1297,,,,322,,124,,,,,,,,,,,237,,15,10,,,,449,,,,197,,,,233,,,,,,,,,,,,,,,,,,,,,,,,258,84,32,,44,123,68,128,390,252,,,209,173,,,,,,72,,89,47,1,238,86,175,186,53,,728,34,,,73,236,244,59,687,69,,,167,74,,,,,,,,,,,,,,,,,,,,,,,,,,,,,,,,,,,,,,,,,,,,,,,,,,,,,160,,173,61,408,101,126,57,71,364,80,60,99,27,103,264,186,257,,,159,,222,,172,114,,,,,,,,,,,,,,,,,,,,,,,,,,,,,,,,,479,137,113,328,34,168,208,,497,,219,,67,103,,115,38,60,321,152,405,,,,,,,475,,,,289,,118,34,,,159,119
2026-09-14T15:05:01+00:00,,,,,477,26,,136,195,325,,133,242,310,,,,,,,,415,240,285,244,,,,,34,778,14,23,44,,,185,,,132,134,,21,,37,,,1429,,34,,,36,,,8,,,,,171,15,90,105,,,,8,16,,,,197,,,108,209,,,,,,,,,,429,63,152,250,167,158,405,,316,,129,141,195,393,51,,116,56,206,29,155,708,49,489,206,,146,168,148,181,623,19,,471,,99,115,697,136,257,457,,102,370,,,,,,,,,,,,,,,,,,,,,,,,,,,,,,,,,,,,278,372,521,244,9,,,783,,317,,161,345,426,790,411,136,389,175,60,308,311,366,151,40,,191,17,18,484,,,,,,,,,,,,,,,,313,,,89,135,,,,,,,,,111,,,,,,,,,,,,,,,,,,210,156,,207,271,,385,32,,386,,341,431,295,271,376,,,149,197,39,,1301,,,,323,,,,,,,,,,,,,236,56,16,,,,,448,,,,195,270,,,234,,,,,,,,,,,,,,,,,,,,,,,,262,,34,97,46,125,69,129,392,248,,,215,174,,,,,14,,149,92,50,4,241,91,174,,,,,33,126,19,74,,245,60,704,75,,,170,77,,,,,,,,,,,,,,,,,,,,,,551,,159,42,,,239,292,243,284,365,,,31,96,,,,,,39,,,,,,98,57,42,235,260,161,347,174,55,412,,130,,,,,,,,,,,,,,,,,,,,,,,,,,,,,,,,,,,,,,,,,,,,,,,,,,,,483,,112,332,,169,209,85,498,40,215,298,66,102,,117,40,59,324,,403,236,,,,,,,523,,,292,,115,32,,,,
2026-09-14T15:10:01+00:00,152,278,,119,473,,,132,196,327,,121,,316,,54,,,,,165,417,246,,246,,70,,,35,782,,,45,,,186,,,,135,,22,,,,,1431,,38,,280,38,,,7,,,,,174,13,93,,,,,7,,,,,202,,,105,203,265,109,196,139,102,162,,195,,,,,,,,,,,,,,,,,,,,,,,,,,,,,,,,,,,,,,,,,,,,,,,,,,,78,,,,,467,,,,,144,168,,,,,,,,,,,,,,,,,,,,374,526,257,10,,,782,310,321,,,,,,,,,,,,,,,42,,197,17,24,486,,,,,,,,,,,,,,,,308,,2,86,,,,,,,,,,113,,,,,,,,,,,,,,,,194,294,213,157,141,,278,,389,34,,390,130,346,434,296,280,380,,,154,195,,,1304,,,,325,,123,,,,,,,,,,,233,55,12,11,,,,,,,32,191,274,,,231,,,,,,,,,,,,,,,,,,,,,,,,268,86,,,42,128,,134,393,252,,,223,173,,174,,,,71,,88,43,8,244,89,171,,51,129,733,,128,20,,,,,,,,,,,,,,,,,,,,,,,,,,,,,,,,,,160,43,626,,240,290,241,283,366,,,26,,,,,,,36,,,219,105,104,99,58,44,243,263,162,356,176,,406,102,126,,,,,,,,,,,,,,,,,,,,,,,,,,,,,,,,,,,,,,,,,,,,,,,,,,,,493,141,,329,30,173,217,88,499,48,219,296,68,,,115,43,,326,155,404,234,,,,,,477,,,,299,,116,34,,,162,120
2026-09-14T15:15:02+00:00,149,283,,,472,23,,133,201,330,,122,245,,,49,,,,,166,419,254,284,235,,68,,,36,784,15,25,44,140,,188,,,,,,26,,35,,,,,42,,281,39,,,9,,13,,,175,,90,112,,,,,,,,,204,5,,104,202,,,,,,,,,,435,64,157,253,168,161,402,,319,,136,153,198,390,53,107,115,62,214,30,,716,,492,213,,154,174,150,185,628,,1,472,10,97,109,721,139,255,460,53,,371,,,,,,,,,,,,,,,,,,,,,,,,,,,,,,,,,,,,280,389,530,262,11,,,776,,320,,167,,430,795,409,135,,173,6,309,,361,152,51,,202,17,,493,,,,,,,,,,,,,,,,318,,3,82,,,,,,,,,,,,,,,,,,,,,,,,,,195,297,221,160,145,212,283,,388,38,,391,138,347,441,299,285,382,108,,156,,42,,1307,,,,329,,,,,,,,,,,,,234,54,,,,,,450,,,,194,,,,233,,,,,,,,,,,,2,,,,,,,,,,,,271,89,,99,45,,70,136,394,,,,225,170,41,,,,,74,152,90,40,9,248,92,168,188,52,,735,32,126,24,78,239,252,61,722,79,,,171,78,,,,,,,,,,,,,,,,,,,,,,550,,158,,622,,241,295,243,288,,,,24,,,,,,,41,,,,104,113,,63,46,249,262,,358,179,,411,103,131,,,,,,,,,,,,,,,,,,,,,,,,,,,,,,,,,,,,,,,,,,,,,,,,,,,,499,,,327,35,182,216,86,500,,218,295,70,,,116,41,58,324,157,,,,,,,,475,,,,300,,,,,,,
2026-09-14T15:20:02+00:00,152,285,,,475,21,,138,204,335,,120,243,315,,50,,,,,164,,260,276,234,,67,,,35,793,,31,42,145,,190,,,134,136,,29,,36,,,,,47,,,,86,,,39,,,,178,14,85,118,,232,,8,,,,,206,,,107,,273,114,200,137,110,160,,,,,,,,,,,,,,,,,,,,,,,,,,,,,,,,,,,,,,,,,,,,,,,,,,,,,75,,,,,479,,,,,148,170,,,,,,,,,,,,,,,,,,,278,390,534,265,,,,764,312,318,,175,,,,,,,,,,,,,58,,,17,26,506,,,,,,,,,,,,,,,,324,,,88,,,,,,,,,,114,,,,,,,,,,,,,,,,,306,222,162,143,217,281,,,41,14,396,143,352,450,302,290,385,,,163,202,,,1309,,,,328,,124,,,,,,,,,,,236,53,13,8,,,,,,,,203,275,,,239,,,,,,,,,,,,5,,,,,,,,,,,,274,91,35,96,50,,71,143,410,257,,,228,172,,175,,,15,75,151,89,36,8,252,101,169,189,51,128,738,,132,26,81,238,254,,727,82,,102,173,80,,,,,,,,,,,,,,,,,,,,,,564,79,159,49,626,,255,296,220,293,369,,,25,,,,,,,39,,,220,,128,,61,59,260,265,165,372,186,59,409,104,130,,72,366,,66,101,29,99,258,179,266,217,,165,,224,,178,109,,,,,,,,,,,,,,,,,,,,,,,,,,,,,,,,,,138,113,332,38,184,218,,502,47,220,299,72,98,,117,38,57,322,,408,233,,,,,,479,522,,,301,,115,33,,,155,118
2026-09-14T15:25:01+00:00,150,,,,476,18,,136,211,336,,123,245,320,,51,,,,,167,422,261,273,232,,,,,31,801,,,41,,,193,,,133,137,,32,,38,,,,,45,,283,38,,,5,40,,,,179,,80,126,,,,,,,,,201,,,109,204,,,,,,,,,,436,68,168,259,172,165,396,37,317,212,149,167,201,391,56,108,,70,218,37,,723,51,497,224,113,165,179,152,194,638,,,474,19,101,101,738,147,256,454,55,106,370,,,,,,,,,,,,,,,,,,,,,,,,,,,,,,,,,,,,287,395,533,274,,,,763,,323,,184,,436,808,415,138,394,166,7,314,315,372,162,60,,199,17,27,511,,,,,,,,,,,,,,,,335,,1,87,138,,,,,,,,,,,,,,,,,,,,,,,,,,,,,,,,,,,,399,157,350,455,307,299,388,110,,167,,43,,1315,,,,331,,,,,,,,,,,,,240,54,,5,,,,449,,,,205,276,,,242,,,,,,,,,,,,9,,,,,,,,,,,,,,,,,,,,,,,,,,,,,,,,,,,,,,,,,,,,,,,,,,,,,,,,,,,,,,,,,,,,,,,,,,,,,571,80,161,48,,,258,297,223,291,370,,,21,94,,,,,,42,,,222,105,144,101,62,65,265,264,,,,,,,,,,,,,,,,,,,,,,,,,,,,,,,,,,,,,,,,,,,,,,,,,,,,,,,,,,,502,136,111,337,36,186,,85,506,51,227,301,71,,,118,34,55,327,154,409,234,,,,,,480,529,120,,312,,,32,,,152,
2026-09-14T15:25:02+00:00,,,,,,,,,,,,,,,,,,,,,,,,,,,,,,,,,,,,,,,,,,,,,,,,,,,,,,,,,,,,,,,,,,,,,,,,,,,,,,,,,,,,,,,,,,,,,,,,,,,,,,,,,,,,,,,,,,,,,,,,,,,,,,,,,,,,,,,,,,,,,,,,,,,,,,,,,,,,,,,,,,,,,,,,,,,,,,,,,,,,,,,,,,,,,,,,,,,,,,,,,,,,,,,,,,,,,,,,,,,,,,,,,,,,,,,,,,,,,,,,,307,225,165,141,216,283,,385,40,,,,,,,,,,,,,,,,,,,,,,,,,,,,,,,,,,,,,,,,,,,,,,,,,,,,,,,,,,,,,,,,,,,,,,,276,90,38,94,52,,,145,418,259,,39,226,171,,176,,,,76,157,88,35,9,255,107,170,191,53,130,741,33,,29,86,,261,,734,,,103,176,81,,,,,,,,,,,,,,,,,,,,,,,,,,,,,,,,,,,,,,,,,,,,,,,,,,,,,,396,191,57,413,103,,,,,,,,,,,,,,,,,,,,,,,,,,,,,,,,,,,,,,,,,,,,,,,,,,,,,,,,,,,,,,,,,,,,,,,,,,,,,,,,,,,,,,,,,,,
2026-09-14T15:30:02+00:00,153,287,,,,,,138,203,,,120,241,326,,47,,,,,,430,260,,237,,70,,,,803,,29,42,144,,195,,,136,138,,33,,,,,1430,,47,,284,39,85,,4,,14,,,178,,79,130,,,95,,15,,,,198,,,112,,276,109,208,136,107,163,,,,443,71,169,258,179,164,397,39,319,,154,178,202,394,58,109,117,69,221,44,160,726,50,,,,171,178,155,195,641,,,,18,103,102,749,150,,452,,102,,,,,,,82,,,,,488,,,,,,176,,,,,,,,,,,,,,,,,,,,405,528,278,12,,,757,313,324,,187,,,,,,,,,,,,,62,,200,17,30,524,,,,,,,,,,,,,,,,343,,0,90,139,,,,,,,,,113,,,,,53,,,,,,,,,,,,304,229,163,142,218,281,,,38,,397,162,,454,311,307,389,116,,177,198,45,,1316,,,,,,,,,,,,,,,,,239,53,,,,,,450,,,,207,279,,,240,,,,,,,,,,,,6,,,,,,,,,,,,278,,39,98,49,,70,146,417,,,,230,,,177,,,,74,154,,37,,256,110,168,192,52,,747,,,30,88,240,264,64,745,80,,101,180,78,,,,,,,,,,,,,,,,,,,,,,,,,,,,,,,,,,,,,,,,,,,,,,,,,,,,,166,402,194,56,417,101,136,,,,,,,,,,,,,,,,,,,,,,,,,,,,,,,,,,,,,,,,,,,,,,,,,,,,505,,108,331,37,190,220,86,507,52,225,,74,,,120,32,,325,158,410,,,,,,,481,532,,,319,,118,,,,153,
2026-09-14T15:35:02+00:00,,286,,,480,15,,137,207,335,,126,,317,,,,,,,,,262,268,,,72,,,,801,,,44,141,,198,,,138,,,35,,,,,1429,,50,,286,,88,,,41,,,,179,15,74,132,,231,96,,14,,,,195,,,,203,,,,,,,,,,,,,,,,,,,,,,,,,,,,,,,,,,,,,,,,,,,,,,,,,,,,,,,,,,,,,,,,,,,,,,,,,,,,,,,,,,,,,,,,,289,408,531,281,13,,,761,314,322,,193,346,438,,424,147,407,,8,,,376,168,66,,202,17,27,537,,,,,,,,,,,,,,,,351,,,92,,,,,,,,,,112,,,,,54,,,,,,,,,,,,310,236,159,144,216,277,,386,36,,395,159,353,460,313,304,,119,,,,48,,1320,,,,333,,125,,,,,,,,,,,237,51,15,6,,,,,,,,203,280,,,,,,,,,,,,,,,7,,,,,,,,,,,,284,92,,102,48,129,69,148,420,264,,,235,167,,,,,,76,155,90,35,12,257,114,172,193,54,132,749,,,28,91,,263,,750,85,,,179,80,,,,,,,,,,,,,,,,,,,,,,,81,165,49,625,,263,303,233,292,372,,,19,,,,,,,,,,226,,157,102,65,64,271,265,,,,63,411,,138,56,,367,85,62,97,36,84,254,174,263,211,,166,,222,,181,105,,,,,,,,,,,,,,,,,,,,,,,,,,,,,,,,,510,135,,328,39,,221,87,504,55,231,303,76,100,,121,34,54,326,157,414,,,,,,,,530,121,,326,,121,31,,,156,117
2026-09-14T15:40:02+00:00,154,284,,,481,14,,143,211,334,,127,242,321,,38,,,,,166,,269,274,240,,73,,,34,813,,35,42,138,,,,,137,,,36,,,,,1427,,53,,285,,89,,2,,,,,,,70,133,,230,,,,,,,201,,,115,200,270,118,207,142,110,,,,,449,66,163,268,185,166,411,38,320,,171,180,200,397,68,111,119,84,224,60,,732,52,515,,,182,181,163,198,658,,,,23,,95,769,,252,447,54,100,368,,,,,,72,,,,,495,,,,,149,181,,,,,,,,,,,,,,,,,,,287,412,530,285,17,,,,316,321,,199,,,,,,,,,,,,,62,,209,17,30,550,,,,,,,,,,,,,,,,353,,,93,138,,,,,,,,,113,,,,,,,,,,,,,,,,194,315,237,160,150,221,281,,387,,,399,,,470,315,312,386,123,,180,206,50,,,,,,334,,,,,,,,,,,,,240,52,,,,,,,,,,209,,,,242,,,,,,,,,,,,9,,,,,,,,,,,,282,94,,100,45,,,146,422,265,,,234,168,,174,,,16,78,,95,44,16,,112,176,,56,131,,,133,,89,242,270,,754,88,,99,,82,,,,,,,,,,,,,,,,,,,,,,575,82,,46,623,,269,302,239,295,373,,,17,98,,,,,,39,,,229,,167,,120,78,276,268,168,415,195,66,406,102,141,,,,,,,,,,,,,,,,,,,,,,,,,,,,,,,,,,,,,,,,,,,,,,,,,,,,514,136,,329,36,194,,86,503,57,237,304,,96,,120,33,52,325,155,416,,,,,,,479,529,120,,327,,122,32,,,158,119
2026-09-14T15:45:02+00:00,,285,,120,477,9,,145,209,336,,130,243,323,,34,,,,,165,428,275,278,241,,,,,35,814,,42,39,,,197,,,,139,,37,,37,,,1426,,55,,286,,,,0,42,,,,180,17,66,136,,,97,10,15,,,,203,,,,199,,,,,,,,,,,,,,,,,,,,,,,,,,,,,,,,,,,,,,,,,,,,,,,,,,,,,,,,,,,,,,,,,,,,,,,,,,,,,,,,,,,,,,,,,,418,533,282,21,,,752,313,325,,205,,437,815,,149,408,168,10,319,314,374,172,60,,205,17,37,556,,,,,,,,,,,,,,,,356,,,92,139,,,,,,,,,114,,,,,,,,,,,,,,,,,311,240,161,156,224,286,,385,35,,408,161,,474,321,316,388,125,,184,209,,,1323,,,,333,,124,,,,,,,,,,,241,49,13,7,,,,449,,,,,277,,,240,,,,,,,,,,,,,,,,,,,,,,,,283,95,40,101,48,,,153,425,269,,,230,167,42,173,,,17,76,,99,46,17,,116,180,197,,133,755,32,132,,91,,262,65,757,91,,,181,79,,,,,,,,,,,,,,,,,,,,,,,,,,,,,,,,,,,,,,,,,,,,,,,,,,,,,,432,199,72,413,103,146,,,,,,,,,,,,,,,,,,,,,,,,,,,,,,,,,,,,,,,,,,,,,,,,,,,,519,,105,328,,,220,,506,56,238,305,74,,,121,,53,330,,420,233,,,,,,481,530,,,325,,123,35,,,152,
2026-09-14T15:50:01+00:00,150,288,,,,13,,143,,,,134,246,324,,33,,,,,164,,278,276,239,,,,,,816,14,38,,137,,,,,139,140,,40,,38,,,1425,,56,,287,,87,,,41,16,,,,,67,141,,229,,8,,,,,197,,,,,272,122,210,141,115,165,,,,453,73,162,279,189,176,424,40,322,215,179,193,205,398,70,114,,95,230,54,158,736,51,520,,114,192,183,,205,655,,,475,28,,92,784,153,,448,,97,367,,,,,,86,,,,,497,,,,,156,184,,,,,,,,,,,,,,,,,,,284,423,,279,,,,747,312,328,,204,,,,,,,,,,,,,64,,207,17,46,559,,,,,,,,,,,,,,,,352,,,93,137,,,,,,,,,113,,,,,,,,,,,,,,,,195,,241,,158,229,288,,387,,,412,166,,482,322,323,392,,,187,,52,,1325,,,,332,,123,,,,,,,,,,,236,54,,9,,,,450,,,31,210,278,,,239,,,,,,,,,,,,,,,,,,,,,,,,284,96,,100,51,130,66,156,430,268,37,38,229,164,,174,,,15,,158,,50,20,260,118,183,,55,134,760,31,134,29,,,270,,765,,,101,180,,,,,,,,,,,,,,,,,,,,,,,580,,164,52,618,,277,304,251,,,,,23,99,,,,,,34,,,237,102,176,105,128,82,278,,,,,,,,,53,80,366,86,66,101,35,77,253,185,272,209,,169,,228,,184,104,,,,,,,,,,,,,,,,,,,,,,,,,,,,,,,,,524,137,102,327,35,205,218,87,508,59,,303,73,93,,123,32,56,325,156,421,,,,,,,486,533,,,323,,122,,,,,121
2026-09-14T15:50:02+00:00,,,,,,,,,,,,,,,,,,,,,,,,,,,,,,,,,,,,,,,,,,,,,,,,,,,,,,,,,,,,,,,,,,,,,,,,,,,,,,,,,,,,,,,,,,,,,,,,,,,,,,,,,,,,,,,,,,,,,,,,,,,,,,,,,,,,,,,,,,,,,,,,,,,,,,,,,,,,,,,,,,,,,,,,,,,,,,,,,,,,,,,,,,,,,,,,,,,,,,,,,,,,,,,,,,,,,,,,,,,,,,,,,,,,,,,,,,,,,,,,,,,,,,,,,,,,,,,,,,,,,,,,,,,,,,,,,,,,,,,,,,,,,,,,,,,,,,,,,,,,,,,,,,,,,,,,,,,,,,,,,,,,,,,,,,,,,,,,,,,,,,,,,,,,,,,,,,,,,,,,,,,,,,,,,,,,,,,,,,,,,,,,,,,,,,,,,,,,,,,,,,,,,,,,,,,,,,,,170,446,201,75,428,,155,,,,,,,,,,,,,,,,,,,,,,,,,,,,,,,,,,,,,,,,,,,,,,,,,,,,,,,,,,,,,,,,,,,,,,,,,,,,,,,,,,,,,,,,,,
2026-09-14T15:55:02+00:00,152,,,,483,14,,144,212,,,136,251,326,,30,,,,,167,,280,274,238,,72,,,,826,15,28,37,136,,201,,,138,141,,37,,,,,1422,,55,,290,,88,,,43,15,,,,19,62,,,230,,11,14,,,,,,,116,198,,,,,,,,,,455,74,158,284,,184,436,36,324,,185,204,204,400,74,115,118,100,232,67,161,746,49,532,,,201,194,165,206,647,,,474,33,,,,,,,,,,,,,,,,,,,,,,,,,,,,,,,,,,,,,,,,,,,,,282,418,,,24,,,739,,324,,215,,441,821,423,154,431,172,13,322,,377,176,68,,,17,48,561,,,,,,,,,,,,,,,,,,,91,136,,,,,,,,,114,,,,,,,,,,,,,,,,196,321,247,159,162,231,299,,,36,,408,174,,489,325,325,397,127,,193,210,54,,,,,,333,,125,,,,,,,,,,,233,52,15,,,,,,,,,212,279,,,246,,,,,,,,,,,,8,,,,,,,,,,,,279,95,39,96,50,,67,157,437,,,,228,166,,176,,,14,78,159,102,56,23,259,121,184,199,59,136,761,32,135,34,92,240,264,66,773,93,,99,181,77,,,,,,,,,,,,,,,,,,,,,,,,,,,,,,,,,,,,,,,,,,,,,,,,,,,,,168,454,199,72,429,,154,,,,,,,,,,,,,,,,,,,,,,,,,,,,,,,,,,,,,,,,,,,,,,,,,,,,531,138,99,328,37,207,219,89,509,60,242,,75,96,,,,53,326,161,424,,,,,,,488,529,,,329,,123,,,,144,
2026-09-14T16:00:01+00:00,147,290,,,486,,,,209,334,,137,248,330,,250,,,,,,430,282,273,236,,69,,,33,824,,26,36,135,,,,,137,,,38,,39,,,1420,,56,,,,,,,41,,,,,,,140,,231,98,10,15,107,,,198,,,,200,276,136,212,151,117,168,,194,,,,,,,,,,,,,,,,,,,,,,,,,,,,,,,,,,,,,107,98,802,151,254,453,,92,,,,,,,101,,,,,504,,,,,154,188,,,,,,,,,,,,,,,,,,,280,427,536,282,,,,736,308,329,,219,,,,,,,,,,,,,69,,209,17,49,575,,,,,,,,,,,,,,,,356,,,94,,,,,,,,,,115,,,,,55,,,,,,,,,,,,327,250,158,164,,298,,,34,,406,176,352,496,,331,396,,,194,212,56,,1327,,,,337,,,,,,,,,,,,,232,53,16,11,,,,449,,,30,221,283,,,239,,,,,,,,,,,,,,,,,,,,,,,,,,,95,,,,159,,276,,,230,165,,173,,,,77,,110,60,25,,124,,,,,764,,137,,94,239,,,774,91,,,182,85,,,,,,,,,,,,,,,,,,,,,,585,,,,619,,279,302,248,296,,,,25,,,,,,,36,,,,101,189,104,126,,277,,169,465,196,78,436,105,,,,,,,,,,,,,,,,,,,,,,,,,,,,,,,,,,,,,,,,,,,,,,,,,,,,,534,141,98,329,34,205,223,90,507,52,245,306,,93,,,29,58,331,166,425,,,,,,,,526,,,323,,124,34,,,148,
2026-09-14T16:05:01+00:00,,289,,,491,,,151,213,333,,142,251,332,,248,,,,,,429,279,267,242,,67,,,31,,16,24,37,134,,205,,,,,,,,,,,,,57,,289,,91,,,43,14,,,,,63,183,,,,,,,,,204,,,,,,,,,,,,,,456,73,159,289,192,,435,,323,,190,199,206,402,73,,117,105,235,78,162,752,47,540,227,,206,197,166,204,,,,475,37,,,,,,,,,,,,,,,,,,,,,,,,,,,,,,,,,,,,,,,,,,,,,273,428,537,281,,,,735,309,333,,225,347,442,824,421,156,434,170,14,,313,383,177,72,,212,17,58,582,,,,,,,,,,,,,,,,362,,,95,137,,,,,,,,,,,,,,,,,,,,,,,,,197,334,255,154,166,233,302,,385,35,13,413,180,354,512,329,,399,129,,196,220,60,,1329,,,,339,,123,,,,,,,,,,,236,51,17,,,,,450,,,,222,282,,,233,,,,,,,,,,,,7,,,,,,,,,,,,275,97,41,93,,,69,161,440,283,,37,229,,41,,,,,78,162,106,62,,260,,180,,56,135,766,,,,,,,,,,,,,,,,,,,,,,,,,,,,,,,,,,,590,84,166,53,614,,280,300,265,,372,,,26,,,,,,,37,,,242,,196,105,127,88,274,272,170,477,201,82,445,107,157,50,78,364,97,65,98,,68,248,180,275,,,161,,240,,,95,,,,,,,,,,,,,,,,,,,,,,,,,,,,,,,,,541,140,96,328,,213,225,,504,55,246,305,77,92,,124,26,61,330,168,429,232,,,,,,491,522,,,327,,125,104,,,145,
2026-09-14T16:10:01+00:00,148,291,,,487,10,,149,216,335,,143,252,333,,247,,,,,,432,283,266,,,64,,,,829,17,23,35,133,,207,,,139,140,,40,,,,,,,59,,,,92,,,,15,,,,,62,185,,,,11,14,,,,203,4,,120,203,274,144,215,152,121,176,,193,,,,,,,,,,,,,,,,,,,,,,,,,,,,,,,,,,,,,110,114,804,,256,458,,90,368,,,,,,107,,,,,506,,,,,148,,,,,,,,,,,,,,,,,,,,258,426,538,276,26,,,738,310,337,,229,,,,,,,,,,,,,71,,,16,65,585,,,,,,,,,,,,,,,,363,,,,,,,,,,,,,118,,,,,,,,,,,,,,,,,337,257,,168,231,301,,386,33,,418,187,356,526,,338,398,130,,199,223,58,,1330,,,,340,,122,,,,,,,,,,,235,53,16,8,,,,,,,31,224,283,,,230,,,,,,,,,,,,,,,,,,,,,,,,274,98,40,,,,67,165,447,293,,,236,,,170,,,13,,166,108,66,,261,,,200,57,138,771,,138,33,88,235,274,,783,105,,98,184,90,,,,,,,,,,,,,,,,,,,,,,,,168,,612,,283,303,274,298,370,,,24,102,,,,,,,,,,100,203,,132,94,277,275,172,487,198,91,459,,159,,,,,,,,,,,,,,,,,,,,,,,,,,,,,,,,,,,,,,,,,,,,,,,,,,,,548,137,91,325,36,219,227,93,501,,241,,75,91,,125,,62,328,166,,233,,,,,,489,529,,,331,,130,105,,,136,
2026-09-14T16:15:02+00:00,151,293,,,490,14,,148,220,336,,141,256,339,,245,,,,,,436,293,262,,,61,,,32,833,18,,34,,,204,,,,,,43,,,,,,,,,287,38,,,,44,,,,,18,59,192,,,99,,15,108,,,208,5,,118,198,,,,,,,,,,,70,156,309,195,188,438,33,321,,196,208,208,405,82,,119,108,230,89,,754,41,544,226,,224,190,,208,648,,,476,41,,,,,,,,,,,,,,,,,,,,,,,,,,,,,,,,,,,,,,,,,,,,,254,428,539,,28,,,727,309,349,,237,348,439,828,399,163,458,172,18,,312,389,,72,,216,16,64,601,,,,,,,,,,,,,,,,,,,97,,,,,,,,,,120,,,,,,,,,,,,,,,,,349,260,,170,,303,,,37,14,417,195,,535,330,342,400,129,,203,225,59,,1332,,,,344,,,,,,,,,,,,,237,50,11,,,,,,,,30,,290,,,219,,,,,,,,,,,,,,,,,,,,,,,,,99,41,96,56,,,170,451,297,,36,241,166,,169,,,,80,167,114,71,,,125,179,,56,137,781,33,139,30,91,236,277,,788,106,,,,89,,,,,,,,,,,,,,,,,,,,,,592,,166,54,,,,,,,,,,25,101,,,,,,,,,249,103,,107,,102,283,,173,497,204,,466,109,164,,,,,,,,,,,,,,,,,,,,,,,,,,,,,,,,,,,,,,,,,,,,,,,,,,,,555,138,,319,37,222,226,94,,58,235,307,74,89,,,,,322,167,427,230,,,,,,490,531,,,345,,131,107,,,137,120
2026-09-14T16:20:02+00:00,153,295,,,494,12,,149,221,334,,142,255,344,,243,,,,,,440,298,259,,,,,,28,,,,33,134,,203,,,141,141,,49,,,,,,,68,,,39,93,,,43,,,,181,20,57,195,,230,98,12,,110,,,209,,,,199,269,150,218,153,125,178,,,,,69,150,313,194,189,,31,,,204,212,,410,81,114,118,114,231,87,164,757,,,228,115,227,189,168,213,651,,,,43,111,125,819,155,259,,,96,,,,,,,104,,,,,512,,,,,,181,,,,,,,,,,,,,,,,,,,253,427,543,273,32,,,723,311,355,,245,,,,,,,,,,,,,70,,208,16,63,597,,,,,,,,,,,,,,,,365,,,98,138,,,,,,,,,121,,,,,,,,,,,,,,,,198,362,,153,175,,311,,390,,,419,202,354,540,331,350,403,130,,,,63,,1334,,,,,,,,,,,,,,,,,241,45,12,,,,,,,,31,218,293,,,212,,,,,,,,,,,,5,,,,,,,,,,,,278,101,42,,59,,,173,457,303,,,245,168,,172,,,,83,168,119,75,23,264,126,187,,53,,785,34,,31,,238,280,,792,110,,97,,90,,,,,,,,,,,,,,,,,,,,,,600,82,168,60,603,,286,305,284,302,372,,,31,100,,,,,,40,,,255,107,209,111,142,120,296,,176,515,203,92,463,110,168,51,73,360,102,73,99,37,48,242,177,269,208,,160,,261,,185,91,,,,,,,,,,,,,,,,,,,,,,,,,,,,,,,,,558,137,89,316,,228,231,93,506,54,237,304,73,,,124,25,,313,169,,,,,,,,491,529,,,350,,134,106,,,145,
2026-09-14T16:25:02+00:00,152,297,,,495,11,,,219,,,139,,348,,239,,,,,166,441,301,,244,,,,,31,838,,27,34,136,,206,,,140,142,,54,,,,,,,70,,,,96,,,44,,,,,17,53,197,,,,13,14,,,,208,,,120,196,,,,,,,,,,,,,,,,,,,,,,,,,,,,,,,,,,,,,,,,,,,,,,,,,,,,,,,,,,,,,,,,,,,,,,,,,,,,,,,,,,,,,,,,,,436,542,268,34,,,717,310,366,,248,350,438,834,,164,471,169,20,323,310,388,,74,,,16,62,600,,,,,,,,,,,,,,,,367,,,99,139,,,,,,,,,122,,,,,53,,,,,,,,,,,197,377,263,155,173,230,319,,389,,,422,205,,544,334,352,404,131,,205,222,,,1339,,,,,,123,,,,,,,,,,,240,46,11,7,,,,,,,30,219,,,,209,,,,,,,,,,,,,,,,,,,,,,,,279,102,43,,,,68,177,463,307,,34,246,170,,173,,,,84,,121,80,22,265,127,185,,,,787,33,,,93,,288,,808,109,,98,185,88,,,,,,,,,,,,,,,,,,,,,,607,,169,58,597,,288,,288,,,,,30,99,,,,,,42,,,256,106,212,109,145,119,302,,177,524,,89,460,109,167,,,,,,,,,,,,,,,,,,,,,,,,,,,,,,,,,,,,,,,,,,,,,,,,,,,,563,,85,312,,225,232,,,62,238,302,71,,,,27,61,315,171,426,227,,,,,,496,531,121,,355,,135,107,,,144,121
2026-09-14T16:30:02+00:00,151,299,,,500,15,,151,220,337,,,265,350,,,,,,,167,445,302,261,249,,59,,,30,844,,34,,,,,,,142,141,,55,,,,,,,,,285,40,97,,,,16,,,,18,50,196,,,97,,,,,,209,,,116,197,266,156,231,161,132,180,,,,459,68,144,318,,191,449,29,323,216,208,227,207,412,75,119,,132,236,92,165,767,43,545,,114,232,191,170,225,657,,,,49,,134,835,161,256,460,,98,372,,,,,,107,,,,,513,,,,,153,182,,,,,,,,,,,,,,,,,,,,,545,,35,,,710,311,372,,249,,,,,,,,,,,,,69,,209,16,63,606,,,,,,,,,,,,,,,,370,,,100,136,,,,,,,,,123,,,,,54,,,,,,,,,,,195,,266,156,174,231,326,,,,,428,213,,549,335,351,,,,209,224,59,,1341,,,,343,,121,,,,,,,,,,,237,47,14,8,,,,449,,,,,295,,,,,,,,,,,,,,,,,,,,,,,,,,,,,,,61,131,69,,462,304,,36,,172,,175,,,,,167,127,82,23,266,132,187,,56,,790,34,,32,92,239,,,827,111,,96,186,79,,,,,,,,,,,,,,,,,,,,,,,,,,,,,,,,,,,,,,,,,,,,,,,,,,,,,179,532,206,91,458,111,168,,,,,,,,,,,,,,,,,,,,,,,,,,,,,,,,,,,,,,,,,,,,,,,,,,,,567,,77,304,35,224,235,95,507,66,234,306,70,84,,,25,,313,172,428,222,,,,,,498,,,,356,,138,106,,,135,
2026-09-14T16:35:02+00:00,154,297,,,503,13,,153,219,339,,141,267,355,,,,,,,,447,309,,250,,60,,,,848,19,37,32,135,,209,,,143,143,,,,38,,,,,74,,283,,98,,,45,,,,,,45,197,,,,,,111,,,212,,,114,185,,,,,,,,,,,,,,,,,,,,,,,,,,,,,,,,,,,,,,,,,,,,,,,,,,,,,,,,,,,106,,,,,515,,,,,,187,,,,,,,,,,,,,,,,,,,251,438,546,260,,,,704,,368,,253,351,434,836,393,163,472,168,25,,311,387,182,,,214,16,62,616,,,,,,,,,,,,,,,,371,,,,137,,,,,,,,,,,,,,52,,,,,,,,,,,197,381,270,,179,234,332,,388,35,,432,,358,548,,350,403,132,,210,228,65,,,,,,,,,,,,,,,,,,,239,,15,9,,,,448,,,,221,296,,,207,,,,,,,,,,,,,,,,,,,,,,,,274,105,44,95,66,,,178,461,,,35,248,174,,176,,,,85,166,134,89,27,265,131,194,,59,138,791,33,,33,,238,294,,846,113,,95,187,,,,,,,,,,,,,,,,,,,,,,,613,,,59,,,289,301,305,300,377,,,32,98,,,,,,46,,,259,108,219,110,153,120,305,276,,535,210,98,460,110,170,,,,,,,,,,,,,,,,,,,,,,,,,,,,,,,,,,,,,,,,,,,,,,,,,,,,571,138,72,296,,,241,,513,67,235,307,68,83,,125,26,60,308,173,,219,,,,,,,532,,,360,,136,108,,,139,120
2026-09-14T16:40:01+00:00,156,298,,,502,18,,,220,,,142,266,362,,240,,,,,165,449,311,263,258,,,,,31,851,,36,,136,,,,,,145,,56,,,,,,,79,,285,,,,,44,,,,,16,41,195,,,,18,,,,,213,6,,,,272,162,239,159,133,183,,,,462,,135,323,201,194,450,27,325,,210,243,208,410,73,118,,138,238,95,168,775,,553,,115,235,195,171,,668,,,,52,110,143,848,164,254,461,,103,,,,,,,,,,,,,,,,,,,,,,,,,,,,,,,,,,,,,252,435,,253,34,,,698,309,377,,256,,,,,,,,,,,,,71,,217,17,66,622,,,,,,,,,,,,,,,,381,,,99,,,,,,,,,,,,,,,53,,,,,,,,,,,196,394,275,,182,236,335,,389,29,,437,219,362,554,337,351,395,133,,211,,69,,1343,,,,346,,,,,,,,,,,,,236,43,,10,,,,450,,,,220,293,,,,,,,,,,,,,,,2,,,,,,,,,,,,267,107,,93,69,,71,179,464,307,,,252,171,,177,,,14,84,,131,,29,266,133,199,,65,,796,34,,34,,,,,,,,,,,,,,,,,,,,,,,,,,,,,,,,,,168,,,,,,,,,,,35,99,,,,,,,,,,107,,108,,125,306,,180,542,211,101,472,,176,50,71,,106,71,103,38,44,240,,270,209,,157,,258,,187,82,,,,,,,,,,,,,,,,,,,,,,,,,,,,,,,,,578,,70,292,30,223,242,93,514,70,,308,67,82,,,27,59,,174,,,,,,,,499,533,,,361,,142,109,,,,124
2026-09-14T16:45:02+00:00,159,299,,,509,,,152,226,338,,140,,367,,241,,,,,,451,312,262,259,,58,,,,853,18,46,,135,,210,,,,,,57,,39,,,,,80,,287,,99,,,45,,,,,17,42,,87,,96,,,,,,220,,,112,181,,,,,,,,,,465,65,119,330,202,195,454,28,327,,212,252,204,,72,,116,144,,114,166,779,41,562,229,116,246,198,172,232,677,,,,55,,,,,,,,,,,,,,,,,,,,516,,,,,,185,,,,,,,,,,,,,,,,,,,,,,251,36,,,689,312,391,,261,,435,841,390,165,482,161,,322,308,390,180,72,,213,17,69,,,,,,,,,,,,,,,,,384,,,101,138,,,,,,,,,,,,,,,,,,,,,,,,,,405,276,161,186,235,339,,392,26,,440,220,365,555,338,,,,,213,232,71,,1345,,,,347,,120,,,,,,,,,,,235,41,13,8,,,,,,,29,217,297,,,199,,,,,,,,,,,,,,,,,,,,,,,,265,,45,92,76,,73,,467,313,,,255,172,,178,,,,,164,135,93,,,134,,,,139,797,35,138,,,242,302,,863,108,,93,190,81,,,,,,,,,,,,,,,,,,,,,,616,81,170,60,596,,291,300,303,,375,,,37,100,,,,,,47,,,265,106,223,109,,129,311,277,,543,214,103,473,109,178,,,,,,,,,,,,,,,,,,,,,,,,,,,,,,,,,,,,,,,,,,,,,,,,,,,,582,139,64,289,31,225,,,515,77,234,309,,,,127,21,61,305,176,429,,,,,,,500,529,,,369,,147,108,,,143,122
2026-09-14T16:50:02+00:00,160,,,,519,21,,155,230,335,,142,264,371,,,,,,,166,452,318,265,,,,,,,857,19,,33,136,,217,,,145,,,58,,,,,,,81,,288,,,,,,,,,,20,,,,,,19,,,,,,,,,177,276,166,253,156,,186,,,,466,63,109,331,198,198,452,,325,,213,262,,412,74,122,,153,,122,168,781,39,557,228,115,,208,,230,679,,,,,,139,859,166,,466,56,111,375,,,,,,,,,,,,,,,,,,,,,,,,,,,,,,,,,,,,250,440,547,239,,,,686,317,405,,269,,,,,,,,,,,,,70,,214,17,72,629,,,,,,,,,,,,,,,,389,,,102,,,,,,,,,,,,,,,,,,,,,,,,,,,411,275,162,189,238,338,,390,20,,443,244,370,560,340,348,389,135,,216,233,72,,1346,,,,346,,122,,,,,,,,,,,231,42,14,9,,,,,,,,215,298,,,195,,,,,,,,,,,,0,,,,,,,,,,,,276,108,46,91,84,,74,184,470,317,,34,257,170,,177,,,,85,162,144,100,28,265,135,194,,63,,799,,136,,,243,310,,866,111,,94,191,,,,,,,,,,,,,,,,,,,,,,,635,,173,61,597,,292,299,305,299,372,,,40,,,,,,,,,,267,104,235,115,150,144,313,281,181,559,213,102,469,,181,,,,,,,,,,,,,,,,,,,,,,,,,,,,,,,,,,,,,,,,,,,,,,,,,,,,,,56,284,,226,246,94,514,79,239,,61,,,126,18,63,,177,,220,,,,,,502,530,,,368,,,109,,,142,
2026-09-14T16:55:01+00:00,163,300,,,520,,,158,231,332,,141,266,374,,,,,,,,,320,267,262,,56,,,34,866,,42,34,134,,,,,146,147,,61,,,,,,,84,,290,,,,,,,,,,19,45,,,,98,,,,,,223,,,113,173,,,,,,,,,,,,,,,,,,,,,,,,,,,,,,,,,,,,,,,,,,,,,,,,,,,,,,,,,,,99,,,,,520,,,,,151,183,,,,,,,,,,,,,,,,,,,248,445,,237,35,,,677,323,416,,274,,434,,388,166,488,,26,,311,395,184,67,,211,17,76,637,,,,,,,,,,,,,,,,393,,,,,,,,,,,,,120,,,,,,,,,,,,,,,,,,276,,193,239,341,,,19,,445,251,372,,,346,391,,,,,74,,,,,,349,,121,,,,,,,,,,,226,35,16,11,,,,,,,28,212,299,,,189,,,,,,,,,,,,,,,,,,,,,,,,285,109,47,89,,,,187,,321,,,260,,40,180,,,,89,160,150,109,27,266,,198,,67,138,,38,134,32,,244,,,875,112,,96,,83,,,,,,,,,,,,,,,,,,,,,,639,,,,594,,293,,312,,371,,,,,,,,,,46,,,271,,234,,163,,,282,180,560,215,111,,107,179,48,73,359,107,77,102,41,39,238,178,275,210,,154,,277,,,68,,,,,,,,,,,,,,,,,,,,,,,,,,,,,,,,,,140,54,280,29,225,,,513,82,235,310,55,84,,129,22,65,299,176,432,222,,,,,,504,532,122,,371,,146,111,,,153,
2026-09-14T17:00:02+00:00,161,301,,,524,,,156,,331,,143,267,368,,,,,,,167,,325,266,271,,57,,,32,870,21,43,,,,222,,,144,146,,63,,40,,,,,85,,288,,101,,,47,,,,,,41,,86,,97,20,,,,,225,,,112,171,270,173,256,161,,,,,,468,57,97,328,202,205,457,27,,,214,265,202,411,71,,,158,237,117,,782,38,,230,113,248,207,171,229,687,,,,54,112,143,864,172,255,473,57,114,,,,,,,,,,,,,,,,,,,,,,,,,,,,,,,,,,,,,247,439,,234,,,,665,325,427,,281,,,,,,,,,,,,,71,,208,17,77,645,,,,,,,,,,,,,,,,395,,,104,,,,,,,,,,,,,,,,,,,,,,,,,,195,414,,,194,,348,,391,16,,450,257,377,566,,351,376,,,217,230,72,,1347,,,,351,,,,,,,,,,,,,219,36,15,10,,,,,,,27,205,301,,,182,,,,,,,,,,,,,,,,,,,,,,,,,110,,,85,,73,191,468,322,,,,169,,185,,,,90,,152,114,,268,136,,,72,,801,,132,,,243,311,65,883,107,,,,89,,,,,,,,,,,,,,,,,,,,,,,,174,,,,,,,,,,,41,101,,,,,,,,,,103,,116,,150,312,,179,570,216,113,477,108,183,,,,,,,,,,,,,,,,,,,,,,,,,,,,,,,,,,,,,,,,,,,,,,,,,,,,586,,51,285,24,234,248,,516,90,241,309,56,83,,128,21,,305,,434,220,,,,,,503,534,,,372,,148,112,,,161,121
2026-09-14T17:05:02+00:00,160,303,,,525,20,,155,236,330,,147,270,367,,240,,,,,,451,336,265,276,,56,,,31,875,,42,37,133,,223,,,146,147,,65,,,,,,,88,,,,100,,,46,,,,,,44,194,,,98,21,,,,,223,,,110,169,,,,,,,,,,469,55,75,329,200,203,458,26,324,,216,274,206,414,73,121,115,168,235,125,169,785,,565,232,111,254,204,170,230,689,,,477,57,,,,,,,,,,,,,,,115,,,,,521,,,,,153,186,,,,,,,,,,,,,,,,,,,250,446,,230,39,,,657,333,429,,289,,,844,386,167,490,160,,323,308,396,187,76,,213,17,79,646,,,,,,,,,,285,,,,,,400,,,105,,,,,,,,,,121,,,,,52,,,,,,,,,,,196,418,275,160,196,241,356,,390,15,,455,264,378,570,,355,,,,220,228,73,,,,,,,,,,,,,,,,,,,213,38,18,9,,,,449,,,26,197,302,,,176,,,,,,,,,,,,,,,,,,,,,,,,286,,,88,84,,,,467,,,,259,,,,,,15,93,158,165,0,,,135,202,,71,,,37,,34,,,315,,891,112,,,,95,,,,,,,,,,,,,,,,,,,,,,641,,176,,597,,,297,325,303,369,,,39,,,,,,,,,,270,104,236,119,165,151,311,,180,578,,118,483,107,189,,,,,,,,,,,,,,,,,,,,,,,,,,,,,,,,,,,,,,,,,,,,,,,,,,,,587,141,49,284,,,252,93,518,99,240,,55,,,129,20,64,301,177,436,224,,,,,,505,535,,,385,,154,111,,,162,119
2026-09-14T17:10:01+00:00,162,305,,,530,,,162,231,332,,,273,369,,239,,,,,,453,339,268,285,,,,,32,878,,,39,131,,226,,,143,148,,64,,41,,,,,91,,285,,,,,48,15,,,,,43,196,,,97,23,,,,,228,,,107,164,272,189,262,,190,190,,,,,,,,,,,,,,,,,,,,,,,,,,,,,,,,,,,,,,,115,154,872,173,257,485,,112,376,,,,,,,,,,,,,,,,,,,,,,,,,,,,,,,,,,,,252,445,548,217,38,,,644,339,443,,299,,,,,,,,,,,,,79,,219,17,81,654,,,,,,,,,,283,,,,,,406,,,,,,,,,,,,,119,,,,,,,,,,,,,,,,193,424,,162,204,242,361,,389,16,,460,274,380,579,341,359,380,134,,,230,78,,1348,,,,,,,,,,,,,,,,,209,36,15,10,,,,450,,,25,194,303,,,166,,,,,,,,,,,,,,,,,,,,,,,,,,,90,88,132,74,,465,328,,,260,166,,184,,,,94,157,178,,29,,137,201,,72,,802,,131,35,89,242,319,66,904,114,,93,,101,,,,,,,,,,,,,,,,,,,,,,645,,179,62,605,,294,298,335,,,,,,99,,,,,,44,,,272,105,238,127,166,147,,284,399,587,214,126,506,,193,46,81,,108,83,,39,28,235,181,277,209,,153,,283,,189,64,,,,,,,,,,,,,,,,,,,,,,,,,,,,,,,,,588,,,281,23,236,258,92,521,108,246,311,-100,82,,130,21,63,303,178,438,226,,,,,,506,539,,,391,,158,,,,175,
2026-09-14T17:15:02+00:00,165,308,,,536,24,,156,227,333,,154,280,367,,240,,,,,,457,342,267,286,,,,,30,880,,41,42,,,,,,141,,,65,,,,,,,100,,,,,,,,14,,,,,38,198,,231,,,,,,,226,,,,165,,,,,,,,,,470,54,62,330,195,201,461,23,323,217,215,281,204,,70,122,116,172,233,118,168,788,36,573,,112,256,208,173,,,,,,58,,,,,,,,,,,,,,,119,,,,,,,,,,151,,,,,,,,,,,,,,,,,,,,,,549,201,39,,,,348,448,,303,,435,849,,170,498,158,29,,307,398,182,83,,216,17,,661,,,,,,,,,,,,,,,,403,,,107,,,,,,,,,,,,,,,,,,,,,,,,,,,433,277,161,206,,367,,,15,,462,276,382,582,,,378,,,221,232,,,1349,,,,350,,,,,,,,,,,,,211,34,14,,,,,,,,,191,302,,,153,,,,,,,,,,,,,,,,,,,,,,,,289,,46,89,85,,75,193,468,326,,35,,165,,186,,,,,156,180,,30,,140,205,,74,,,,,36,91,243,324,67,913,118,,91,,104,,,,,,,,,,,,,,,,,,,,,,651,80,180,,608,,296,297,339,302,370,,,40,,,,,,,,,,274,,241,,172,155,,,397,600,213,,520,108,195,,,,,,,,,,,,,,,,,,,,,,,,,,,,,,,,,,,,,,,,,,,,,,,,,,,,591,,,280,,243,263,,523,117,248,315,,81,,131,,64,,,,224,,,,,,507,546,,,394,,,112,,,186,118
2026-09-14T17:20:01+00:00,,307,,,540,23,,151,229,335,,158,281,365,,,,,,,,458,345,270,290,,54,,,32,885,,45,44,133,,227,,,140,,,67,,40,,,,,103,,,,,,,,15,,,,17,39,199,,,93,,,,,,232,5,,106,163,270,198,269,160,,194,,,,,58,53,335,189,203,467,20,325,,216,293,206,415,76,,117,177,235,130,,790,,,231,,261,210,175,233,700,,,,59,,156,887,175,258,489,,110,378,,,,,,131,,,,,520,,,,,,188,,,,,,,,,,,,,,,,,,,255,451,548,186,40,,,634,355,452,,312,,,,,,,,,,,,,85,,218,17,85,677,,,,,,,,,,,,,,,,404,,,108,,,,,,,,,,118,,,,,,,,,,,,,,,,191,434,,,,244,372,,387,17,,464,,386,584,342,362,385,,,222,,82,,1348,,,,351,,122,,,,,,,,,,,214,36,16,,,,,,,,,183,,,,141,,,,,,,,,,,,,,,,,,,,,,,,290,,,90,89,,,197,474,329,,,265,169,,188,,,,,,186,,,,141,207,,,,803,38,,35,89,246,326,,920,119,,90,,108,,,,,,,,,,,,,,,,,,,,,,668,82,184,,606,,300,301,362,305,371,,,41,98,,,,,,43,,,272,,246,134,183,157,309,286,,603,214,129,525,,197,,,,,,,,,,,,,,,,,,,,,,,,,,,,,,,,,,,,,,,,,,,,,,,,,,,,592,,48,282,24,240,264,91,526,121,249,316,54,,,132,24,,306,,443,225,,,,,,,544,123,,395,,,,,,193,117
2026-09-14T17:25:02+00:00,168,305,,,539,25,,147,,336,,159,278,371,,234,,,,,,461,352,271,293,,55,,,34,892,,,,132,,230,,,141,,,68,,41,,,,,104,,288,,98,,,,,,,,,40,200,,230,,22,,,,,233,,,105,166,,,,,,,,,,,,,,,,,,,,,,,,,,,,,,,,,,,,,,,,,,,,,,,,,,,,,,,,,,,,,,,,,,,,,,,,,,,,,,,,,,,,,,,,,250,449,,187,39,,,629,362,459,,318,,437,858,382,171,505,165,,324,308,405,185,87,,224,17,84,688,,,,,,,,,,,,,,,,405,,,111,,,,,,,,,,120,,,,,,,,,,,,,,,,192,435,278,,209,245,377,,,18,,463,280,,588,,358,383,,,225,234,80,,1347,,,,354,,121,,,,,,,,,,,215,37,18,9,,,,,,,24,184,303,,,,,,,,,,,,,,,,,,,,,,,,,,,287,111,,,,,,198,473,330,,,266,165,,,,,,,155,189,,,266,140,209,,,,,37,,36,90,247,329,,926,117,,89,,111,,,,,,,,,,,,,,,,,,,,,,,,,,,,,,,,,,,,,,,,,,,,,,,,,,,,,398,614,217,131,528,,202,43,86,356,111,91,103,40,27,236,188,289,210,,148,,290,,191,74,,,,,,,,,,,,,,,,,,,,,,,,,,,,,,,,,596,142,,281,,244,,92,528,122,,,,82,,133,20,66,310,179,446,224,,,,,,,546,,,399,,,,,,196,
2026-09-14T17:30:02+00:00,169,308,,,542,24,,149,230,337,,160,277,373,,,,,,,,459,353,279,299,,57,,,36,901,,51,,134,,234,,,138,,,73,,,,,,,108,,289,,101,,,49,16,,,,,41,201,87,232,92,,,,,,234,,,106,169,264,211,274,164,,,,,,471,60,44,341,183,202,471,19,321,,219,312,207,412,79,121,,174,238,152,166,791,38,,232,,262,212,173,240,716,,,,,117,169,900,182,255,491,,,380,,,,,,136,,,,,,,,,,150,192,,,,,,,,,,,,,,,,,,,249,448,,184,41,,,636,369,468,,328,,,,,,,,,,,,,89,,225,17,87,700,,,,,,,,,,,,,,,,415,,,,139,,,,,,,,,121,,,,,,,,,,,,,,,,,438,279,,210,,381,,388,21,,464,282,385,587,,,,,,227,231,83,,,,,,356,,,,,,,,,,,,,212,38,19,7,,,,449,,,,185,306,,,140,,,,,,,,,,,,,,,,,,,,,,,,286,,,89,91,,,,476,329,,36,,164,,186,,,,,157,196,,31,265,143,,,,,,,132,38,91,246,333,,935,122,,,,,,,,,,,,,,,,,,,,,,,,,,,81,183,,612,,301,304,371,306,369,,,,,,,,,,,,,271,,247,136,188,155,306,,,,216,135,530,,205,,,,,,,,,,,,,,,,,,,,,,,,,,,,,,,,,,,,,,,,,,,,,,,,,,,,598,,47,282,22,245,268,,,126,247,317,,83,,134,26,65,311,,445,225,,,,,,,549,,,409,,160,113,,,214,
2026-09-14T17:35:02+00:00,171,307,,121,541,21,,,,335,,163,,378,,232,,,,,,458,,284,301,,56,,,38,911,22,49,,133,,235,,,,,,72,,,,,,,110,,290,,102,,,48,,1,,,,38,204,,,91,,,,,,240,,,,168,,,,,,,,,,472,64,32,344,186,204,473,13,319,,215,313,208,411,77,120,115,182,232,162,167,794,44,589,229,114,263,223,,251,726,,,478,62,,,,,,,,,,,,,,,,,,,,,,,,,,,,,,,,,,,,,,,,,,,,,,454,,182,47,,,630,376,475,,331,,435,862,383,172,508,168,30,326,310,408,188,,,223,17,91,707,,,,,,,,,,,,,,,,418,,,,138,,,,,,,,,122,,,,,53,,,,,,,,,,,,448,278,159,211,246,384,,380,18,,,285,387,594,,360,375,133,,,234,82,,,,,,357,,,,,,,,,,,,,214,42,20,6,,,,,,,23,188,310,,,139,,,,,,,,,,,,,,,,,,,,,,,,287,113,47,87,95,,74,200,479,334,,,,165,,187,,,,,,197,,33,261,146,212,,73,140,801,,,,93,245,338,68,943,121,,90,192,114,,,,,,,,,,,,,,,,,,,,,,,,182,,609,,,,384,,370,,,42,97,,,,,,44,,,269,104,249,,194,157,303,,397,617,217,136,534,107,207,,,,,,,,,,,,,,,,,,,,,,,,,,,,,,,,,,,,,,,,,,,,,,,,,,,,600,141,45,287,20,246,272,,531,,248,318,,82,,,24,66,308,181,447,226,,,,,,,548,,,414,,,114,,,220,116
2026-09-14T17:40:01+00:00,173,306,,118,543,25,,152,237,,,,278,383,,,,,,,,460,355,287,307,,,,,39,918,,52,,132,,,,,136,,,73,,,,,,,113,,,,103,,,49,,13,,,,35,206,,,,,,,,,242,4,,,167,,218,276,162,,,,196,,,,,,,,,,,,,,,,,,,,,,,,,,,,,,,,,,,,,116,180,910,185,256,490,,108,379,,,,,,139,,,,,519,,,,,156,195,,,,,,,,,,,,,,,,,,,247,455,547,179,48,,,625,383,479,,336,,,,,,,,,,,,,91,,222,17,93,717,,,,,,,,,,,,,,,,424,,,110,,,,,,,,,,,,,,,,,,,,,,,,,,,452,,162,212,,,,378,22,,465,288,388,601,,362,378,,,228,,81,,1348,,,,358,,,,,,,,,,,,,,47,22,7,,,,450,,,22,187,309,,,140,,,,,,,,,,,,,,,,,,,,,,,,284,,,88,96,,,,476,339,,,269,162,,188,,,,,156,201,,,255,,211,,75,,800,,134,,,,,,,,,,,,,,,,,,,,,,,,,,,,,,,,,672,82,181,,614,,,,396,305,371,,,40,96,,,,,,,,,,103,252,138,193,,304,287,398,621,,138,535,106,209,45,100,352,109,98,113,41,25,234,196,306,208,,142,,304,,192,80,,,,,,,,,,,,,,,,,,,,,,,,,,,,,,,,,,,,289,21,,274,,532,130,253,319,,81,,135,26,68,310,183,448,228,,,,,,,547,,,423,,,,,,231,115
2026-09-14T17:45:02+00:00,172,307,,119,545,26,,151,238,336,,166,281,389,,235,,,,,,,360,292,312,,58,,,40,922,,58,47,131,,237,,,,,,75,,,,,,,114,,291,,101,,,,,17,,,,37,,,233,90,,,,,,249,,,107,168,,,,,,,,,,,66,26,345,188,203,469,,318,,214,324,207,412,,122,116,184,235,155,166,795,46,596,227,115,,219,172,,725,,,,,,,,,,,,,,,,,,,,,,,,,,,,,,,,,,,,,,,,,,,,,,,,,245,453,545,176,49,,,622,388,487,,340,,432,865,391,174,511,,,,311,410,191,93,,224,17,94,727,,,,,,,,,,,,,,,,425,,,112,,,,,,,,,,,,,,,52,,,,,,,,,,,193,457,276,171,213,,389,,375,21,,464,289,390,606,,363,376,132,,229,235,80,,1350,,,,,,120,,,,,,,,,,,213,46,23,8,,,,,,,,188,312,,,141,,,,,,,,,,,,,,,,,,,,,,,,286,,48,,101,,73,203,477,338,,,,164,,189,,,,95,154,202,,32,,149,221,,81,141,796,,135,,92,246,344,,957,124,,,193,120,,,,,,,,,,,,,,,,,,,,,,676,,182,65,620,,303,305,408,306,,,,41,97,,,,,,,,,270,,259,,198,161,302,288,399,627,213,139,541,,210,,,,,,,,,,,,,,,,,,,,,,,,,,,,,,,,,,,,,,,,,,,,,,,,,,,,,,47,292,23,249,280,93,534,134,257,321,,83,,,,69,309,,447,230,,,,,,,549,,,430,,161,115,,,240,
2026-09-14T17:50:01+00:00,173,308,,118,550,23,,150,239,335,,167,280,394,,,,,,,,463,363,294,317,,59,,,39,926,,,49,130,,238,,,,,,78,,,,,,,115,,290,,102,,,48,,24,,,,38,205,,,,24,,,,,254,3,,108,173,273,225,277,158,,196,,197,,,65,23,346,186,202,475,15,317,,,330,,413,80,123,,,237,161,169,796,45,,229,114,264,222,,,731,,,,63,,188,915,188,265,489,,106,376,,,,,,145,,,,,521,,,,,159,197,,,,,,,,,,,,,,,,,,,244,450,547,182,50,,,618,390,494,,349,,,,,,,,,,,,,,,225,17,100,743,,,,,,,,,,284,,,,,,433,,,114,,,,,,,,,,123,,,,,,,,,,,,,,,,,,273,,212,,392,,371,24,,462,292,394,614,341,,374,,,228,237,81,,1351,,,,357,,,,,,,,,,,,,214,45,24,11,,,,,,,21,189,315,,,146,,,,,,,,,,,,,,,,,,,,,,,,295,114,,89,102,,72,201,478,,,,,165,,188,,,,96,,205,,,252,148,222,,82,142,794,,134,,,,,,,,,,,,,,,,,,,,,,,,,,,,,,,,,689,,,,631,,305,310,423,308,372,,,,95,,,,,,47,,,271,104,262,140,211,162,,,400,633,,142,542,,211,,,,,,,,,,,,,,,,,,,,,,,,,,,,,,,,,,,,,,,,,,,,,,,,,,,,601,140,48,294,,254,282,,537,142,259,323,,,,136,25,,311,184,,233,,,,,,508,550,,,436,,,116,,,249,114
2026-09-14T17:55:02+00:00,,,,,552,27,,152,238,,,168,,397,,248,,,,,166,,364,293,,,,,,40,931,,60,50,,,240,,,,,,79,,,,,,,,,292,,,,1,49,,26,,,,,207,,,,,,,,,,,,,172,,,,,,,,,,,,17,344,183,205,483,11,315,,215,334,,415,88,125,,191,240,175,170,798,,602,225,115,269,226,170,254,734,,,,62,,,,,,,,,,,,,,,,,,,,,,,,,,,,,,,,,,,,,,,,,,,,,245,456,546,183,52,,,617,392,503,,352,,431,867,394,176,518,171,,,312,412,197,96,,,17,103,753,,,,,,,,,,,,,,,,,,,,139,,,,,,,,,122,,,,,,,,,,,,,,,,192,465,,173,,248,397,,372,,,465,297,398,615,,365,367,,,,234,,,,,,,356,,,,,,,,,,,,,213,47,22,,,,,,,,22,191,316,,,,,,,,,,,,,,,,,,,,,,,,,,,302,115,,90,103,,71,202,480,340,,,267,163,,,,,,,155,207,,31,,150,220,,84,143,795,38,133,37,94,,348,67,986,126,,91,,122,,,,,,,,,,,,,,,,,,,,,,696,,181,,633,,,312,436,307,371,,,42,96,,,,,,45,,,269,,267,141,220,165,305,,,638,216,,546,,212,,,,,,,,,,,,,,,,,,,,,,,,,,,,,,,,,,,,,,,,,,,,,,,,,,,,602,139,,302,28,253,285,,,148,268,,,81,,137,29,68,314,187,448,,,,,,,509,551,,,441,,163,,,,259,113
2026-09-14T18:00:02+00:00,174,307,,,553,26,,156,245,,,170,282,401,,251,,,,,167,,367,297,327,,60,,,43,939,,65,51,131,,243,,,,,,85,,,,,,,117,,296,,100,,3,50,,32,,,18,39,206,,,91,,,110,,,258,,,,175,281,230,281,160,189,199,,,,,,,,,,,,,,,,,,,,,,,,,,,,,,,,,,,,,,,117,190,920,189,263,488,58,107,379,,,,,,163,,,,,522,,,,,169,199,,,,,,,,,,,,,,,,,,,243,458,,,54,,,616,399,514,,,,,,,,,,,,,,,94,,229,17,107,768,,,,,,,,,,,,,,,,438,,,115,,,,,,,,,,124,,,,,53,,,,,,,,,,,,466,,,,249,400,,371,,,,296,401,617,,367,,133,,,239,82,,,,,,,,,,,,,,,,,,,210,46,24,13,,,,,,,21,192,317,,,150,,,,,,,,,,,,,,,,,,,,,,,,,,,91,104,133,,204,,342,,,,162,,186,,,,95,,210,,,251,148,218,,90,,794,39,,38,96,245,349,,1007,130,,92,192,128,,,,,,,,,,,,,,,,,,,,,,,,,,,,,,,,,,,,,,,,,,,,,,,,,,,,,402,643,,143,554,109,216,,106,350,111,106,121,42,14,,,319,209,,138,,313,,193,97,,,,,,,,,,,,,,,,,,,,,,,,,,,,,,,,,603,,47,304,25,250,,,538,156,274,326,55,82,,,31,70,315,,447,,,,,,,511,555,,,449,,,117,,,266,
2026-09-14T18:05:02+00:00,,,,,557,25,,158,248,,,171,,403,,252,,,,,,464,373,303,329,,62,,,,941,,67,53,132,,,,,135,,,86,,42,,,,,,,295,42,101,,5,,,36,,,,36,,,,,26,,,,,256,,,109,178,,,,,,,,,,473,62,20,343,187,207,489,14,314,,212,338,,,93,,,,248,181,,799,46,618,,,272,229,171,256,732,,,,,,,,,,,,,,,,,,,,,,,,,,,,,,,,,,,,,,,,,,,,,,,,,239,460,547,185,,,,611,402,528,,357,,432,872,405,179,520,,31,329,,416,204,98,,,17,109,775,,,,,,,,,,,,,,,,443,,,,140,,,,,,,,,123,,,,,57,,,,,73,,,,,,195,464,267,,,250,403,,373,28,,464,299,402,620,339,370,,134,,,243,83,,1353,,,,,,121,,,,,,,,,,,208,48,23,14,,,,,,,,199,,,,149,,,,,,,,,,,,,,,,,,,,,,,,305,,,94,105,,,203,,346,,,266,161,,183,,,,,,214,,,252,151,219,,95,,791,38,134,37,94,,,,1030,128,,,,130,,,,,,,,,,,,,,,,,,,,,,699,,179,,640,,307,,445,306,,,,41,97,,,,,,46,,,,103,268,,224,166,,290,,646,217,146,556,,220,,,,,,,,,,,,,,,,,,,,,,,,,,,,,,,,,,,,,,,,,,,,,,,,,,,,602,,49,307,,253,,,539,161,276,327,54,83,,,34,,,,449,,,,,,,512,,,,454,,165,,,,279,112
2026-09-14T18:10:01+00:00,175,306,,,562,29,,164,250,337,,176,287,408,,,,,,,,465,375,305,338,,63,,,,951,,74,,128,,,,,134,,,85,,,,,,,,,294,43,102,,8,48,17,45,,,,39,,,,,27,13,,,,258,,,110,184,282,,283,166,188,200,,,,,,,,,,,,,,,,,,,,,,,,,,,,,,,,,,,,,,,,198,927,190,269,490,59,115,,,,,,,175,,,,,523,,,,,171,200,,,,,,,,,,,,,,,,,,,240,,,188,57,,,622,404,539,,358,,,,,,,,,,,,,100,,234,17,114,784,,,,,,,,,,,,,,,,448,,,114,,,,,,,,,,,,,,,,,,,,,,,,,,194,467,265,175,213,,405,,378,30,,,302,405,623,340,371,,,,229,245,84,,1354,,,,355,,122,,,,,,,,,,,212,50,,,,,,,,,,202,319,,,,,,,,,,,,,,,,,,,,,,,,,,,306,,,96,,134,70,202,482,,,37,270,,,,,,,,156,216,,,,153,218,,94,141,792,40,135,36,,,,,,,,,,,,,,,,,,,,,,,,,,,,,,,,705,,180,,647,,309,318,460,304,373,,,,,,,,,,,,,,,269,,228,171,303,294,,652,221,148,560,,224,,,,,,,,,,,,,,,,,,,,,,,,,,,,,,,,,,,,,,,,,,,,,,,,,,,,601,140,48,310,26,260,288,,541,174,280,330,53,,,139,35,,317,,,,,,,,,514,557,,,460,,163,,,,285,113
2026-09-14T18:15:02+00:00,178,,,,561,,,,257,336,,,290,410,,248,,,,,,466,377,308,343,,62,,,,957,,72,,126,,,,,135,147,,86,,,,,,,121,,,,103,,10,49,,57,,,,,208,,232,90,,,,,,265,,,,182,,,,,,,,,,,63,27,345,188,206,494,11,315,,,351,211,,101,,,190,255,191,,801,48,623,232,,276,301,172,262,741,,,,61,,,,,,,,,,,,,,,,,,,,,,,,,,,,,,,,,,,,,,,,,,,,,238,462,548,191,59,,,628,407,547,,364,,428,877,418,,524,174,,330,,426,208,105,,236,17,117,793,,,,,,,,,,,,,,,,451,,,,141,,,,,,,,,124,,,,,58,,,,,,,,,,,,469,262,176,215,,410,,,,,,303,,624,,,373,,,,247,83,,1355,,,,357,,,,,,,,,,,,,216,53,20,15,,,,,,,,200,320,,,150,,,,,,,,,,,,,,,,,,,,,,,,305,,,,106,,,203,,350,,,,162,,,,,17,,159,217,,,255,152,221,,96,,,,,37,,252,356,,1058,136,,93,,135,,,,,,,,,,,,,,,,,,,,,,711,83,179,67,654,,,,471,,374,,,36,,,,,,,47,,,,,273,143,233,175,,,,657,222,,569,,225,46,119,353,112,108,129,,19,246,211,322,210,,142,,324,,198,105,,,,,,,,,,,,,,,,,,,,,,,,,,,,,,,,,603,,47,316,30,265,290,94,,180,282,332,54,,,141,36,,322,189,448,,,,,,,,,124,,469,,,116,,,292,
2026-09-14T18:20:02+00:00,185,,,,562,28,,171,259,,,,,411,,247,,,,,,,384,,344,,,,,44,964,21,73,55,122,,,,,136,148,,89,,41,,,,,122,,,42,104,,,,,60,,,,42,,,,91,28,,,,,264,,,,184,281,,284,172,189,204,,,,474,,35,347,189,,498,14,,,,356,212,416,102,,,191,,198,168,802,50,,,,277,302,,,743,,,,63,,,,,,,,,,,,,,,181,,,,,526,,,,,172,,,,,,,,,,,,,,,,,,,,235,461,,,60,,,634,409,550,,366,,,,,,,,,,,,,107,,243,17,,800,,,,,,,,,,,,,,,,453,,,,,,,,,,,,,,,,,,,,,,,,,,,,,,,263,177,216,,,,377,29,,,,406,626,,,382,,,,248,85,,,,,,358,,121,,,,,,,,,,,223,54,,18,,,,,,,20,201,322,,,153,,,,,,,,,,,,,,,,,,,,,,,,301,,,98,,,71,205,,356,,,,161,,182,,,,,,221,,32,259,151,222,,97,,,,,,96,,359,,1067,138,,97,,137,,,,,,,,,,,,,,,,,,,,,,719,,183,,660,,311,322,486,305,375,,,37,101,,,,,,48,,,270,104,275,144,251,188,300,295,,661,224,150,584,111,,,,,,,,,,,,,,,,,,,,,,,,,,,,,,,,,,,,,,,,,,,,,,,,,,,,,605,,48,318,34,268,,,544,181,289,333,,82,,143,37,71,327,190,450,,,,,,,516,562,125,,478,,,,,,296,
2026-09-14T18:25:01+00:00,188,307,,,565,,,174,260,,,177,291,414,,250,,,,,,,390,306,348,,,,,45,972,23,74,57,120,,,,,138,146,,91,,43,,,,,124,,,44,105,,11,50,,66,,,19,44,209,,,92,29,12,,,,,4,,,186,,,,,,,,,,,,,,,,,,,,,,,,,,,,,,,,,,,,,,,,,,,,,119,206,941,193,274,492,59,123,379,,,,,,,,,,,,,,,,,,,,,,,,,,,,,,,,,,,,,462,,197,61,,,632,,555,,369,,,879,427,178,525,178,,,315,,212,,,,,,,,,,,,,,,,,,,,,,455,,,,,,,,,,,,,126,,,,,,,,,,,,,,,,,,,,,,,,,,,463,308,407,628,,372,383,,,,247,86,,1356,,,,,,,,,,,,,,,,,,,,,,,,,,,,,,,,,,,,,,,,,,,,,,,,,,,,,,,,,,,,,,,,,,,,,,,,,,,,,,,,,,,,,,,,,,,,,,,,,,,,,,,,,,,,,,,,,,,,,,,,,726,,,,663,,,327,489,308,,,,39,102,,,,,,49,,,271,106,,145,258,190,310,,,,,,,,,,,,,,,,,,,,,,,,,,,,,,,,,,,,,,,,,,,,,,,,,,,,,,,,,,,,606,,52,321,35,275,291,95,,183,292,335,,,,,39,73,332,,,,,,,,,518,565,,,483,,166,,,,,
2026-09-14T18:25:02+00:00,,,,,,,,,,,,,,,,,,,,,,,,,,,,,,,,,,,,,,,,,,,,,,,,,,,,,,,,,,,,,,,,,,,,,,,,,,,,,,,,,,,,,,,,,,,,,,,,,,,,,,,,,,,,,,,,,,,,,,,,,,,,,,,,,,,,,,,,,,,,,,,,,,,,,,,,,,,,,,,,,,,,,,,,,,,,,,,,,,,,,,,,,,,,,,112,,240,17,119,806,,,,,,,,,,,,,,,,,,,,,,,,,,,,,,,,,,,,,,,,,,,,,193,471,265,,,251,411,,379,31,,,,,,,,,,,,,,,,,,,,,120,,,,,,,,,,,225,55,24,,,,,,,,22,205,326,,,158,,,,,,,,,,,,,,,,,,,,,,,,296,116,49,,105,,,206,485,360,,,272,162,,184,,,,,,231,,,261,152,223,,98,,793,,136,,,251,360,,1070,142,,,,135,,,,,,,,,,,,,,,,,,,,,,,,,,,,,,,,,,,,,,,,,,,,,,,,,,,,,403,670,222,152,587,,226,,,,,,,,,,,,,,,,,,,,,,,,,,,,,,,,,,,,,,,,,,,,,,,,,,,,,,,,,,,,,,,,,,,,,,,,,,,,,,,,,,,,,,,,,,
2026-09-14T18:30:01+00:00,189,,,119,568,32,,181,,337,,180,296,416,,256,,,,,,,393,312,349,,64,,,,976,24,75,58,118,,,,,140,,,95,,,,,,,,,295,,106,,,49,,69,,,,50,210,88,231,,32,13,,,,270,,,109,185,283,,,174,190,205,,,,476,69,48,354,195,207,513,17,,,213,372,,417,110,124,,197,261,218,,804,48,640,,,281,305,173,261,739,,,,61,,,,,,,,,,,,,,,191,,,,,,,,,,175,204,,,,,,,,,,,,,,,,,,,,460,549,199,62,,,640,411,558,,371,,,,,,,,,,,,,114,,242,17,121,814,,,,,,,,,,,,,,,,458,,,,,,,,,,,,,129,,,,,,,,,,,,,,,,,475,267,,215,252,,,380,32,,464,311,,627,,373,389,,,,248,,,1355,,,,354,,,,,,,,,,,,,227,56,,20,,,,,,,,207,327,,,161,,,,,,,,,,,,,,,,,,,,,,,,294,117,,,,135,72,,486,364,,,273,163,,185,,,,96,,235,,,267,151,227,,100,142,794,,,,,252,369,,1077,145,,99,,140,,,,,,,,,,,,,,,,,,,,,,,,,,,,,,,,,,,,,,,,,,,,,,,,,,,,,,684,223,157,592,,,45,128,356,115,114,136,,22,254,227,329,214,,145,,329,,,120,,,,,,,,,,,,,,,,,,,,,,,,,,,,,,,,,,,,319,36,279,292,96,,189,293,336,57,,,144,42,,333,191,,232,,,,,,,567,,,490,,168,117,,,297,
2026-09-14T18:35:01+00:00,192,,,,570,,,182,263,,,184,297,423,,250,,,,,,,395,315,351,,,,,46,982,,,59,,,,,,139,145,,,,,,,,,125,,296,,,,,,,66,,,20,54,,,,,33,,,,,271,,,108,184,,,,,,,,,,,,,,,,,,,,,,,,,,,,,,,,,,,,,,,,,,,,,,,,,,,,,,,,,,,,,,,,,,,,,,,,,,,,,,,,,,,,,,,,,,461,,203,64,,,643,413,561,,372,,422,888,441,177,526,179,,329,319,427,214,116,,245,17,120,819,,,,,,,,,,,,,,,,460,,,,,,,,,,,,,130,,,,,,,,,,,,,,,,,479,,,216,,,,,31,,463,315,408,634,,377,392,133,,,247,88,,,,,,,,121,,,,,,,,,,,229,57,25,,,,,,,,,211,329,,,163,,,,,,,,,,,,,,,,,,,,,,,,,,,,,,,,,,,,,,,,,,,,,,,,,,,,,,,,,,,,,,,,,,,,,,,,,,,,,,,,,,,,,,,,,734,84,184,,662,,,333,491,310,376,,,37,,,,,,,51,,,274,107,278,,260,195,,,,,,,,,,,,,,,,,,,,,,,,,,,,,,,,,,,,,,,,,,,,,,,,,,,,,,,,,,,,,605,,-300,331,35,286,,,,193,294,337,56,,,148,46,75,328,192,,231,,,,,,,568,,,493,,167,118,,,307,115
2026-09-14T18:35:02+00:00,,,,,,,,,,,,,,,,,,,,,,,,,,,,,,,,,,,,,,,,,,,,,,,,,,,,,,,,,,,,,,,,,,,,,,,,,,,,,,,,,,,,,,,,,,,,,,,,,,,,,,,,,,,,,,,,,,,,,,,,,,,,,,,,,,,,,,,,,,,,,,,,,,,,,,,,,,,,,,,,,,,,,,,,,,,,,,,,,,,,,,,,,,,,,,,,,,,,,,,,,,,,,,,,,,,,,,,,,,,,,,,,,,,,,,,,,,,,,,,,,,,,,,,,,,,,,,,,,,,,,,,,,,,,,,,,,,,,,,,,,,,,,,,,,,,,,,,,,,,,,,,,,,,,,,,,,,,,,,,,295,,,99,107,,,207,488,,,,275,162,,,,,,95,158,236,,,272,152,229,,101,141,796,,135,38,97,,371,,1080,148,,103,,141,,,,,,,,,,,,,,,,,,,,,,,,,,,,,,,,,,,,,,,,,,,,,,,,,,,,,404,688,224,160,,,228,,,,,,,,,,,,,,,,,,,,,,,,,,,,,,,,,,,,,,,,,,,,,,,,,,,,,,,,,,,,,,,,,,,,,,,,,,,,,,,,,,,,,,,,,,
2026-09-14T18:40:02+00:00,193,,,,571,,,,264,,,,296,429,,251,,,,,,,398,,352,,,,,45,,,77,64,120,,,,,140,,,96,,,,,,,127,,299,,,,13,48,,,,,,56,,,,93,34,,111,,,276,5,,,185,277,229,285,177,,206,,,,475,83,55,358,201,206,519,13,313,,217,382,213,,109,,,205,268,233,167,806,,678,,114,287,302,174,270,746,,,,62,,,,,,,,,,,,,,,200,,,,,527,,,,,178,205,,,,,,,,,,,,,,,,,,,236,464,,207,65,,,648,414,565,,373,,,,,,,,,,,,,,,247,17,121,822,,,,,,,,,,,,,,,,464,,,,142,,,,,,,,,132,,,,,,,,,,,,,,,,,,266,,,,412,,,30,,465,317,,633,,380,398,,,,245,90,,1353,,,,358,,122,,,,,,,,,,,230,,,21,,,,,,,,,,,,,,,,,,,,,,,,,,,,,,,,,,,,294,,,98,,,,208,492,,,,,,,,,,,,159,240,,,275,,232,,102,,797,,,39,,,379,68,1081,157,,106,,143,,,,,,,,,,,,,,,,,,,,,,743,,187,66,670,,,335,495,311,,,,39,103,,,,,,54,,,277,109,,,265,203,,,,,225,161,601,112,230,,,,,,,,,,,,,,,,,,,,,,,,,,,,,,,,,,,,,,,,,,,,,,,,,,,,604,,,335,36,291,293,,545,198,297,338,57,83,,,47,,,,453,,,,,,,,570,,,496,,169,,,,308,116
2026-09-14T18:45:02+00:00,192,306,,,570,,,180,266,336,,185,297,431,,,,,,,,,402,320,356,,,,,,,25,78,,,,,,,141,144,,,,42,,,,,126,,298,,105,,12,47,,68,,180,19,61,,,232,92,35,12,,,,280,,,,187,,,,,,,,,,,,,,,,,,,,,,,,,,,,,,,,,,,,,,,,,,,,,,,,,,,,,,,,,,,,,,,,,,,,,,,,,,,,,,,,,,,,,,,,,240,463,,208,67,,,659,415,567,,377,,,895,450,178,530,184,,,320,431,215,118,,246,17,123,830,,,,,,,,,,,,,,,,467,,,,144,,,,,,,,,131,,,,,,,,,,,,,,,,,480,269,,,,413,,384,,,,320,,,341,,401,,,,,93,,1354,,,,,,,,,,,,,,,,,231,62,27,20,,,,,,,,210,330,,,167,,,,,,,,,,,,,,,,,,,,,,,,,,,101,,,,,497,368,,,274,163,,186,,,,,,242,,33,277,151,233,,103,,801,,136,40,100,254,387,,,160,,,,146,,,,,,,,,,,,,,,,,,,,,,,,,,,,,,,,,,,,,,,,,,,,,,,,,,,,,406,691,224,163,603,,232,48,136,353,116,116,142,45,15,260,243,333,213,,147,,337,,199,133,,,,,,,,,,,,,,,,,,,,,,,,,,,,,,,,,603,,62,338,40,293,,95,546,204,304,337,58,,,,48,,332,,,233,,,,,,520,572,,,498,,171,,,,313,117
2026-09-14T18:50:01+00:00,191,,,,572,34,,185,267,337,,191,298,433,,250,,,,,,468,403,322,357,,,,,47,984,,76,66,,,,,,144,143,,,,43,,,,,128,,,,,,11,48,,69,,,,64,211,,,,36,13,,,,,,,106,,284,230,,181,189,208,,,,,87,59,359,204,,523,15,,,219,387,212,,112,,,210,271,234,,805,51,,,,,304,,269,744,,,,,121,211,945,194,277,496,59,132,385,,,,,,209,,,,,526,,,,,180,207,,,,,,,,,,,,,,,,,,,235,461,,209,68,,,663,417,,,376,,,,,,,,,,,,,121,,245,17,128,832,,,,,,,,,,,,,,,,474,,,,146,,,,,,,,,132,,,,,,,,,,,,,,,,194,,,178,,,414,,,32,,,323,,635,,,403,,,230,247,94,,1353,,,,,,,,,,,,,,,,,234,65,28,21,,,,,,,,211,331,,,169,,,,,,,,,,,,,,,,,,,,,,,,297,,,103,,,,207,498,369,,,275,,,185,,,,,160,243,,,280,,236,,104,143,803,41,137,41,103,,390,,,162,,108,,151,,,,,,,,,,,,,,,,,,,,,,749,85,,67,671,,,336,496,312,,,,,102,,,,,,59,,,279,,,,273,207,,294,407,692,227,,,113,233,,,,,,,,,,,,,,,,,,,,,,,,,,,,,,,,,,,,,,,,,,,,,,,,,,,,,,9,340,42,298,,94,,206,309,338,,,,,50,,334,,455,235,,,,,,,573,,,501,,172,,,,,118
2026-09-14T18:55:02+00:00,194,307,,,569,35,,,271,339,,194,299,439,,252,,,,,,467,404,330,359,,65,,,48,,,78,68,,,,,,143,,,100,,,,,,,,,299,43,,,,47,,72,,,,62,212,,,,37,,112,,,,,,,,,,,,,,,,,,,,,,,,,,,,,,,,,,,,,,,,,,,,,,,,,,,,,,,,,,,,,,,,,,,,,,,,,,,,,,,,,,,,,,,,,,,,,,,,242,464,,210,,,,669,,573,,377,,,903,456,,532,188,32,,321,432,223,123,,246,17,129,834,,,,,,,,,,,,,,,,477,,,,147,,,,,,,,,,,,,,,,,,,,,,,,,195,496,272,179,218,253,,,386,35,,464,324,,636,343,384,404,,,231,245,,,1352,,,,357,,123,,,,,,,,,,,232,,29,,,,,,,,,213,333,,,173,,,,,,,,,,,,,,,,,,,,,,,,298,,,107,108,137,,193,504,373,,,281,164,,186,,,,94,161,245,,,,,241,,106,142,808,,138,,,253,391,,1082,165,,,,157,,,,,,,,,,,,,,,,,,,,,,750,,,,672,,310,338,497,,378,,,41,,,,,,,60,,,281,110,279,,275,209,,,409,694,231,165,605,,,,,,,,,,,,,,,,,,,,,,,,,,,,,,,,,,,,,,,,,,,,,,,,,,,,,,,,10,345,,305,,,547,207,310,,,84,,,51,76,339,,456,236,,,,,,,574,,,504,,,,,,319,
2026-09-14T19:00:01+00:00,,309,,118,,37,,187,272,341,,197,301,442,,,,,,,,,405,331,361,,67,,,46,988,26,80,,,,,,,142,,,101,,,,,,,129,,,45,104,,13,46,,74,,,,,,,,93,42,,,,,283,,,,,281,,,187,190,210,,,,,91,68,362,210,205,534,17,316,221,221,397,,419,115,123,117,217,274,242,,806,,692,,,288,303,,274,753,,,479,63,,212,,195,276,499,,133,,,,,,,206,,,,,525,,,,,,,,,,,,,,,,,,,,,,,,,243,465,550,215,,,,676,,575,,381,,,,,,,,,,,,,125,,245,17,131,838,,,,,,,,,,,,,,,,478,,,,,,,,,,,,,133,,,,,,,,,,,,,,,,,500,274,,,,,,,37,,,326,,639,344,383,407,,,,247,,,,,,,,,124,,,,,,,,,,,231,,28,,,,,449,,,,219,334,,,175,,,,,,,,,,,,,,,,,,,,,,,,,,,110,,139,,194,505,376,,,,,,189,,,,,162,246,,,,,243,,107,,817,,,,,,,,,,,,,,,,,,,,,,,,,,,,,,,,,,,,86,,,673,,,336,,313,,,,42,103,,,,,,62,,,285,108,281,,278,212,,296,,697,234,168,610,114,234,47,141,352,115,118,147,50,12,258,247,341,215,,150,,346,,,150,,,,,,,,,,,,,,,,,,,,,,,,,,,,,,,,,604,,,351,48,307,,,,,324,,,86,,,53,,342,193,,,,,,,,,577,,,507,,173,120,,,320,
2026-09-14T19:15:01+00:00,199,308,,,573,38,,198,277,343,,207,311,448,,256,,,,,,469,411,341,367,,72,,,44,994,27,,69,123,,,,,140,,,105,,,,,,,134,,301,,,,17,50,16,,,,17,84,213,,,,47,,,,,287,,,107,188,278,,287,198,,212,,,,,97,84,370,216,210,553,21,314,222,224,417,213,,121,,,233,292,267,169,808,61,705,,110,289,313,171,286,755,,,478,65,,214,951,196,277,498,,135,387,,,,,,213,,,,,526,,,,,,209,,,,,,,,,,,,,,,,,,,248,459,551,221,,,,687,420,585,,384,,419,910,473,,536,197,31,,322,434,230,129,,242,17,138,846,,,,,,,,,,,,,,,,485,,1,,149,,,,,,,,,134,,,,,,,,,,,,,,,,196,507,286,180,219,254,419,,387,42,,465,336,409,645,,387,421,132,,,245,,,1357,,,,358,,,,,,,,,,,,,228,73,30,22,,,,,,,21,222,337,,,182,,,,,,,,,,,,,,,,,,,,,,,,303,120,50,118,110,141,70,199,507,386,,39,291,166,,192,,,18,93,171,249,,,281,156,252,,104,144,841,,139,42,106,251,409,,1087,180,,,,164,,,,,,,,,,,,,,,,,,,,,,755,,188,,683,,312,337,499,315,379,,,,,,,,,,63,,,292,111,297,,294,221,,,411,700,233,172,631,116,238,,,,,,,,,,,,,,,,,,,,,,,,,,,,,,,,,,,,,,,,,,,,,,,,,,,,608,,25,373,57,313,294,,549,208,333,340,64,87,,147,62,77,357,,457,240,,,,,,521,582,,,518,,174,,,,323,119
2026-09-14T19:30:01+00:00,202,,,,576,43,,202,281,344,,211,313,460,,263,,,,,,468,410,355,373,,77,,,,997,,83,70,120,,,,,145,142,,109,,,,,,,139,,303,,106,,,49,,78,,,18,98,216,,,95,49,,,,,290,,,,187,289,,,202,,215,,,,,107,103,371,218,211,558,28,313,,226,429,,420,123,,118,241,290,295,170,815,64,725,,111,290,,172,291,760,,,479,,122,,953,197,279,,,,388,,,,,,221,,,,,524,,,,,181,210,,,,,,,,,,,,,,,,,,,254,462,549,225,,,,725,422,590,,386,,420,913,481,181,541,,,,,433,233,137,,243,17,141,858,,,,,,,,,,,,,,,,494,,3,,150,,,,,,,,,136,,,,,,,,,,,,,,,,,518,289,185,,,421,,393,49,,,341,410,651,343,383,443,131,,,,93,,1358,,,,,,,,,,,,,,,,,232,80,28,24,,,,,,,,236,340,,,201,,,,,,,,,,,,,,,,,,,,,,,,309,,49,121,111,148,71,200,509,392,,,294,167,,197,,,20,,176,253,,34,283,158,259,,,145,847,,140,,,248,417,,1088,192,,109,,183,,,,,,,,,,,,,,,,,,,,,,763,87,189,,688,,313,339,,,378,,,,105,,,,,,65,,,295,117,298,,311,225,,,416,709,239,177,645,,240,,147,357,114,122,152,51,16,265,249,352,214,,157,,349,,,167,,,,,,,,,,,,,,,,,,,,,,,,,,,,,,,,,612,,27,377,,316,,,,,337,,70,88,,148,69,80,361,,460,242,,,,,,522,585,,,522,,,,,,326,
2026-09-14T19:45:02+00:00,206,309,,,580,46,,206,284,346,,,314,470,,264,,,,,,467,413,361,,,79,,,45,1000,,84,69,,,,,,149,,,112,,,,,,,,,306,,,,19,50,17,83,,,,105,217,,,96,47,15,,,,291,,,108,194,299,,,204,,220,,,,,108,106,373,226,213,563,30,312,,,440,214,,134,,,,292,307,171,816,66,740,,,,,,292,757,,,480,64,,,,,280,501,,138,387,,,,,,241,,,,,523,,,,,184,,,,,,,,,,,,,,,,,,,,262,470,,233,,,,749,423,596,,389,,,921,497,182,550,205,,,323,438,241,142,,244,17,144,869,,,,,,,,,,,,,,,,498,,6,115,,,,,,,,,,137,,,,,,,,,,,,,,,,200,529,,190,223,,422,,401,60,,,347,,656,,382,452,132,,,248,,,1364,,,,,,125,,,,,,,,,,,242,86,31,25,,,,,,,23,251,339,,,309,,,,,,,,,,,,,,,,,,,,,,,,322,,50,122,112,155,70,,507,398,,38,296,169,,206,,,,,180,258,,,,161,263,,107,142,853,,139,,105,246,423,,,194,,112,193,187,,,,,,,,,,,,,,,,,,,,,,771,88,192,,699,,314,341,,317,381,,,,108,,,,,,67,,,299,118,297,,324,230,,297,417,720,,182,660,119,242,,149,361,113,123,154,52,18,268,261,364,215,,158,,351,,,180,,,,,,,,,,,,,,,,,,,,,,,,,,,,,,,,,613,139,29,384,61,322,295,,,,340,,72,,,150,74,,360,195,462,,,,,,,,591,,,530,,,122,,,330,121
2026-09-14T20:00:02+00:00,208,311,,,579,48,,212,287,350,,218,,474,,265,,,,,,468,419,366,,,82,,,,,,83,,,,,,,148,143,,120,,,,,,,140,,307,44,,,22,,,87,,,,110,218,,,,49,,,,,,,,107,200,314,,,206,,221,,,,498,120,172,382,256,211,575,44,313,,225,456,,422,148,122,,245,299,321,,817,68,753,,110,294,310,171,297,778,,,481,66,,,954,,,499,,141,388,,,,,,246,,,,,522,,,,,187,212,,,,,,,,,,,,,,,,,,,277,468,550,242,,,,777,430,600,,392,,416,922,509,,,210,,,324,440,244,144,,250,17,145,874,,,,,,,,,,,,,,,,,,7,,,,,,,,,,,138,,,,,,,,,,,,,,,,201,538,288,,,,,,,63,,,357,,659,344,384,478,,,,251,,,1367,,,,357,,,,,,,,,,,,,245,90,32,27,,,,,,,24,,340,,,313,,,,,,,,,,,,,,,,,,,,,,,,328,,,124,115,,71,201,509,403,,39,297,,,207,,,,,182,264,,,285,159,273,,,,,,,,110,245,433,,,199,,,192,194,,,,,,,,,,,,,,,,,,,,,,777,,,,709,,315,340,,319,,,,,109,,,,,,69,,,303,120,299,,334,239,,,418,,242,187,675,,244,48,156,,114,127,156,,23,276,267,,219,,162,,354,,,192,,,,,,,,,,,,,,,,,,,,,,,,,,,,,,,,,618,,40,396,65,330,,,550,,343,343,73,87,,152,79,81,367,197,,243,,,,,,,594,,,538,,,123,,,338,
2026-09-14T20:15:01+00:00,,317,,,585,49,,226,291,354,,223,317,478,,272,,,,,,470,420,373,,,83,,,44,1002,28,86,,117,,,,,152,,,122,,,,,,,,,310,,,,19,,,86,,,20,112,220,,,,,,,,,305,,,109,199,329,,,208,,,,,,,123,256,385,261,212,587,48,,,,475,,423,152,,,254,305,330,,,,756,,,,312,172,296,783,,,,69,,,957,,,500,,140,,,,,,,250,,,,,524,,,,,189,,,,,,,,,,,,,,,,,,,,288,472,,248,,,,809,432,603,,394,350,412,927,526,185,558,213,32,,327,443,248,147,,,17,147,881,,,,,,,,,,,,,,,,499,,,,151,,,,,,,,,139,,,,,,,,,,,,,,,,,543,291,,,,425,,,67,,,361,,660,342,388,497,131,,,252,,,1369,,,,,,,,,,,,,,,,,,,,,,,,,,,,,,,,,,,,,,,,,,,,,,,,,,,,,,,,326,,49,125,,,,203,514,407,38,,,171,,208,,,,,185,269,,,,162,280,,106,143,859,,,47,111,0,439,,,202,,114,193,199,,,,,,,,,,,,,,,,,,,,,,780,,196,,720,,,344,,,,,,,110,,,,,,,,,308,124,,,348,247,,298,,,244,190,691,120,242,47,160,362,,132,,,25,280,277,366,218,,169,,356,,,201,,,,,,,,,,,,,,,,,,,,,,,,,,,,,,,,,619,140,68,411,69,336,,,551,,348,,74,88,,,81,82,376,199,461,242,,,,,,523,614,,,544,,,,,,345,124
2026-09-14T20:30:01+00:00,,318,,,589,52,,252,298,355,,,322,480,,276,,,,,,,,376,,,,,,,1005,,99,71,,,,,,,,,121,,,,,,,,,,,,,20,,,89,,,,118,221,,,98,50,,,,,304,,,114,198,343,,,209,,223,,,,501,133,296,392,266,218,600,54,310,,236,493,,420,171,,,260,313,345,,,70,770,,,300,,173,304,788,,,482,71,,,958,,,506,,143,384,,,,,,262,,,,,526,,,,,190,,,,,,,,,,,,,,,,,,,,296,476,551,307,,,,852,,605,,400,,414,929,534,188,559,214,33,,329,,,,,257,17,,887,,,,,,,,,,,,,,,,500,,9,116,152,,,,,,,,,141,,,,,,,,,,,,,,,,209,545,,,224,,,,,68,,,366,,661,,393,507,,,,251,,,1374,,,,,,,,,,,,,,,,,,,,,,,,,,,,,,,,,,,,,,,,,,,,,,,,,,,,,,,,328,,,127,,,,204,520,411,,40,296,173,,,,,,,187,272,,35,286,161,287,,,,871,,140,,,,444,,1096,214,,115,194,209,,,,,,,,,,,,,,,,,,,,,,788,,,,723,,318,343,,,380,,,,111,,,,,,70,,,309,125,,,356,256,,297,,723,245,191,693,121,,48,161,364,115,133,159,53,27,286,280,372,,,175,,,,202,210,,,,,,,,,,,,,,,,,,,,,,,,,,,,,,,,,623,141,77,437,76,344,,,,,349,,77,91,,,,83,378,,,244,,,,,,524,628,,,546,,175,124,,,,129
2026-09-14T20:45:01+00:00,211,,,,590,,,253,297,,,225,325,482,,290,,,,,,472,419,375,,,84,,,46,1006,,103,70,118,,,,,158,,,122,,,,,,,139,,311,45,,,21,,,101,,,,124,227,,,,51,,,,,305,,,123,239,357,,,,,,,,,503,140,303,397,273,219,612,56,312,,237,496,,422,176,,,,325,365,172,,71,774,,116,307,,,306,791,,,,,,,,,,,,,,,,,,,268,,,,,,,,,,191,210,,,,,,,,,,,,,,,,,,,301,474,,384,,,,888,435,610,,402,,,932,545,187,562,218,36,328,,447,252,149,,,17,,889,,,,,,,,,,286,,,,,,501,,11,118,153,,,,,,,,,140,,,,,,,,,,74,,,,,,210,547,294,191,,,,,,71,,,,,663,343,,522,,,232,252,94,,1375,,,,,,,,,,,,,,,,,,,,,,,,,,,,,,,,,,,,,,,,,,,,,,,,,,,,,,,,340,,,129,,,72,203,523,416,,,297,176,,,,,,92,189,274,,,,,293,,107,,874,,,,112,,446,,1102,225,,120,,216,,,,,,,,,,,,,,,,,,,,,,790,,199,,722,,,344,,323,379,,,,112,,,,,,,,,313,126,,,359,262,,298,,,,,,,,,163,,116,134,158,,,291,284,374,222,,196,,357,,,214,,,,,,,,,,,,,,,,,,,,,,,,,,,,,,,,,625,142,85,450,78,345,,,,,350,,,,,153,80,,380,,,,,,,,,,631,,,549,,,,,,348,
2026-09-14T20:45:02+00:00,,,,,,,,,,,,,,,,,,,,,,,,,,,,,,,,,,,,,,,,,,,,,,,,,,,,,,,,,,,,,,,,,,,,,,,,,,,,,,,,,,,,,,,,,,,,,,,,,,,,,,,,,,,,,,,,,,,,,,,,,,,,,,,,,,,,,,,,,,,,,,,,,,,,,,,,,,,,,,,,,,,,,,,,,,,,,,,,,,,,,,,,,,,,,,,,,,,,,,,,,,,,,,,,,,,,,,,,,,,,,,,,,,,,,,,,,,,,,,,,,,,,,,,,,,,,,,,,,,,,,,,,,,,,,,,,,,,,,,,,,,,,,,,,,,,,,,,,,,,,,,,,,,,,,,,,,,,,,,,,,,,,,,,,,,,,,,,,,,,,,,,,,,,,,,,,,,,,,,,,,,,,,,,,,,,,,,,,,,,,,,,,,,,,,,,,,,,,,,,,,,,,,,,,,,,,,,,,417,724,249,,694,120,,,,,,,,,,,,,,,,,,,,,,,,,,,,,,,,,,,,,,,,,,,,,,,,,,,,,,,,,,,,,,,,,,,,,,,,,,,,,,,,,,,,,,,,,,,
2026-09-14T21:00:01+00:00,,,,,597,,,256,,,,230,326,483,,308,,,,,,,,377,,,85,,,45,1009,,,69,,,,,,160,,,123,,44,,,,,,,,,,,23,,,106,,,,125,,,,,52,,,,,314,4,,,246,364,,,211,,,,,,504,,307,402,277,217,617,,,,,498,212,424,183,123,,,330,380,173,,73,777,,115,309,308,174,308,,,,,,122,,961,198,280,512,,145,387,,,,,,269,,,,,524,,,,,192,211,,,,,,,,,,,,,,,,,,,,,,,,,,,,,,,,413,931,549,188,,219,37,,,446,,,,259,17,,893,,,,,,,,,,,,,,,,500,,12,120,,,,,,,,,,142,,,,,,,,,,,,,,,,,,,,,,,,,,,,367,,664,,394,533,,,233,,90,,1376,,,,,,,,,,,,,,,,,,,,,,,,,,,,,,,,,,,,,,,,,,,,,,,,,,,,,,,,,,,,,,,,,,,,,,,,,,,,,,,,,,,,,,,,,,,,,,,,,,,,,,,,,,,,,,,,,,,,,,,,,791,,201,,723,,,345,,,378,,,41,111,,,,,,71,,,,128,,,358,,,,,,,,,,,47,164,365,119,135,,,32,295,287,378,227,,204,,,,203,222,,,,,,,,,,,,,,,,,,,,,,,,,,,,,,,,,629,,86,460,79,,,,,,,,,93,,154,81,,381,,463,243,,,,,,,,,,,,176,125,,,349,
2026-09-14T21:00:02+00:00,,,,,,,,,,,,,,,,,,,,,,,,,,,,,,,,,,,,,,,,,,,,,,,,,,,,,,,,,,,,,,,,,,,,,,,,,,,,,,,,,,,,,,,,,,,,,,,,,,,,,,,,,,,,,,,,,,,,,,,,,,,,,,,,,,,,,,,,,,,,,,,,,,,,,,,,,,,,,,,,,,,,,,,,,,,,,,,,,,,,,,,,,,,,,,,,,,,,,,,,,,,,,,,,,,,,,,,,,,,,,,,,,,,,,,,,,,,,,,,,212,,,,225,,,,,73,,,,,,,,,,,,,,,,,,,,,,,,,,,,,,,,,,,,,,,,,,,,,,,,,,,,,,,,,,,,,,,,,,,,,,,357,,48,130,116,,73,,,419,,,,175,,209,,,,,,,,,,160,296,,109,,,,,48,,,,,1106,227,,,,221,,,,,,,,,,,,,,,,,,,,,,,,,,,,,,,,,,,,,,,,,,,,,,,,,,,,,418,725,,,696,119,243,,,,,,,,,,,,,,,,,,,,,,,,,,,,,,,,,,,,,,,,,,,,,,,,,,,,,,,,,,,,,,,,,,,,,,,,,,,,,,,,,,,,,,,,,,
2026-09-14T21:15:01+00:00,212,,,,600,,,258,298,357,,231,327,493,,327,,,,,,,418,,,,,,,,,,106,68,,,,,,161,,,124,,45,,,,,,,312,,,,25,52,,108,,,,,,,,99,,,,,,321,,,,247,370,,,210,,,,,,,144,318,405,278,218,624,59,,,235,499,,426,184,,,262,335,388,174,818,76,784,,,311,309,173,312,798,,,481,72,,,,,279,516,,147,388,,,,,,271,,,,,,,,,,193,,,,,,,,,,,,,,,,,,,,314,475,550,399,,,,939,439,,,404,,,936,553,,564,221,,,,445,254,150,,262,17,,895,,,,,,,,,,,,,,,,502,,13,,,,,,,,,,,143,,,,,,,,,,,,,,,,,548,297,192,,,426,,,,,,,409,,,395,535,,,,256,91,,,,,,,,,,,,,,,,,,,,,,,,,,,,,,,,,,,,,,,,,,,,,,,,,,,,,,,,,,371,,,131,,,,202,525,421,,,,176,,210,,,,,195,276,,,287,161,298,,112,,877,,,,,,,,1111,229,,,,224,,,,,,,,,,,,,,,,,,,,,,797,,204,,,,319,,,,,,,40,,,,,,,72,,,316,129,,,360,263,,299,158,728,254,,,79,245,,,364,,,159,54,36,298,291,379,228,,209,,359,,,223,,,,,,,,,,,,,,,,,,,,,,,,,,,,,,,,,,,,462,80,344,,,,,,342,78,,,,79,85,386,,,,,,,,,,633,,,,,,124,,,,
2026-09-14T21:30:01+00:00,213,316,,,,,,262,299,356,,230,330,,,336,,,,,,471,,378,,,84,,,,,,,,120,,,,,,144,,,,,,,,,,,,,,,,,,110,,,21,,228,,,,53,,,,,,,,,250,373,,,209,,224,,,,,147,322,404,281,219,629,,,,,500,,,189,,,264,338,396,,819,,794,,,313,313,,316,799,,,,,,,962,,280,514,,148,387,,,,,,275,,,,,526,,,,,,212,,,,,,,,,,,,,,,,,,,319,476,548,405,,,,945,440,613,,403,,,,,190,565,223,39,,,447,,151,,261,17,,,,,,,,,,,,,,,,,,,,,,,,,,,,,,,,,,,,,,,,,,,,,,,,,298,193,,,,,,74,,,368,,,344,,538,,,,,,,,,,,,,,,,,,,,,,,,,,,,,,,,,,,,,,,,,,,,,,,,,,,,,,,,,,,,,,,373,,,,,,,,,,,,296,,,,,,,,198,,,36,288,162,,,,,878,,,49,113,,447,,1116,230,,,,226,,,,,,,,,,,,,,,,,,,,,,794,,205,,,,320,,,,379,,,,,,,,,,74,,,,,,,,266,,,,729,256,,697,,,45,,,120,,,,38,297,293,381,,,215,,360,,,225,,,,,,,,,,,,,,,,,,,,,,,,,,,,,,,,,,,,464,,347,,,,,351,,,,,,,86,,,464,244,,,,,,,634,,,548,,177,,,,,
2026-09-14T21:45:02+00:00,215,,,,603,,,,,,,,332,,,,,,,,,470,,380,,,,,,,1010,,,69,,,,,,162,143,,125,,,,,,,,,,,,,,51,,109,,,,126,229,,,,,,,,,322,3,,,255,,,,,,,,,,,149,327,403,283,220,632,60,,,,502,,,191,,117,,339,401,173,,,795,,,,,,317,800,,,482,,,,,199,,517,,,,,,,,,282,,,,,527,,,,,,,,,,,,,,,,,,,,,,,,,324,478,549,,,,,959,,615,,,,412,937,558,,571,,,,,,256,153,,262,17,,894,,,,,,,,,,,,,,,,,,,,,,,,,,,,,144,,,,,,,,,,,,,,,,,547,,194,,,,,,,,,,,666,,,543,,,,260,,,,,,,,,,,,,,,,,,,,,,,,,,,,,,,,,,,,,,,,,,,,,,,,,,,,,,,,,,,374,,49,,,,,203,526,,,,,178,,,,,,,,,,,,163,,,116,,879,,,,114,,450,,1117,,,,,228,,,,,,,,,,,,,,,,,,,,,,,,,,,,,346,,,377,,,,112,,,,,,,,,,,,,363,,,,,730,,,,,,46,,,,,,,,298,296,,229,,220,,361,,,228,,,,,,,,,,,,,,,,,,,,,,,,,,,,,,,,,630,,,470,,,,,,,,,,,,,,,,,,,,,,,,,633,,,549,,,123,,,,
2026-09-14T22:00:02+00:00,,,,,,53,,,,357,,,,,,337,,,,,,,419,,,,,,,,,,,,,,,,,,144,,127,,,,,,,,,,,,,,,,,,,,,189,,,,,,,,,324,,,,259,,,,,,,,,,505,,328,404,,221,,,,,237,504,,425,195,,,,,404,174,821,,797,,,314,312,174,,801,,,,71,,,,,,519,,147,,,,,,,285,,,,,,,,,,,,,,,,,,,,,,,,,,,,,,326,,550,,,,,966,,,,402,,410,,,,,,,,,,,,,,17,,893,,,,,,,,,,,,,,,,,,,,,,,,,,,,,,,,,,,,,,,,,,,,,,,299,195,,,,,,,,,,,,343,396,549,,,,262,,,1377,,,,,,,,,,,,,,,,,,,,,,,,,,,,,,,,,,,,,,,,,,,,,,,,,,,,,,,,377,,,132,,,,204,,,,,297,179,,,,,,,,,,,,,,,117,,,,,50,,,,,,,,,,229,,,,,,,,,,,,,,,,,,,,,,795,,,,,,,,,,378,,,39,,,,,,,,,,,,,,364,,,,,731,257,194,,,,,,363,,,,,40,,294,383,231,,219,,,,,,,,,,,,,,,,,,,,,,,,,,,,,,,,,,,,,,631,,,476,,,,,552,,,,,,,,78,,,,,,,,,,,,634,,,,800,,,,,350,
2026-09-14T22:15:01+00:00,214,,,,604,,,263,,,,,333,,,,,,,,,471,,,,,,,,,,,105,,,,,,,,,,,,,,,,,140,,,,105,,24,,,,,,,128,,,,100,,,,,,,,,,260,,,,208,,,,,,,,331,,287,220,633,62,,,239,,213,,198,,,,342,405,,822,,800,,114,315,315,176,319,805,,,,72,,,,,,520,,,,,,,,,290,,,,,,,,,,,,,,,,,,,,,,,,,,,,,,327,475,551,,,,,971,,616,,,,,,557,193,579,,40,,239,,255,,,261,17,147,895,,,,,,,,,,,,,,,,500,,14,,,,,,,,,,,,,,,,,,,,,,,,,,,,,,196,,,,,400,,,,,,667,342,406,551,,,,,,,1378,,,,,,,,,,,,,,,,,,,,,,,,,,,,,,,,,,,,,,,,,,,,,,,,,,,,,,,,,,,,,154,,203,,422,,,,,,209,,,,,,,,,,162,,,,,880,,,,,,,,,231,,,,,,,,,,,,,,,,,,,,,,,,,,796,,206,,,,,347,,,377,,,,,,,,,,,,,,,,,366,,,,,733,,195,,,,,,361,,,,,38,,,387,235,,228,,,,,229,,,,,,,,,,,,,,,,,,,,,,,,,,,,,,,,,,141,,479,,,,,,,353,,,,,,,,387,,,,,,,,,,,,,551,,,,,,,
2026-09-14T22:30:01+00:00,,,,,,,,262,,,,,334,,,,,,,,,,,381,,,,,,,1009,,,,,,,,,,,,,,,,,,,,,,,104,,23,52,,112,,,,129,,,,,,,,,,,,,,261,,,,,,,,,,,,,405,289,219,,,313,,,,,426,200,,,266,,,,,,803,,,316,316,,322,807,,,,,,,,,,,,149,,,,,,,293,,,,,,,,,,,,,,,,,,,,,,,,,,,,,,328,473,552,,,,,975,,617,,,,,,558,,582,,42,,,,,154,,260,17,,897,,,,,,,,,,,,,,,,,,,,,,,,,,,,,145,,,,,,,,,,,,,,,,,,,,,,,,,,,443,369,,,344,,553,,,,438,,,1379,,,,,,,,,,,,,,,,,,,,,,,,,,,,,,,,,,,,,,,,,,,,,,,,,,,,,,,,,,,,,,,,525,424,,,298,,,,,,,,,,,,289,,,,,,,,,,,,,,,,,,,,,,,,,,,,,,,,,,,,,,,,,797,,,,,,,,,,376,,,,113,,,,,,,,,,,,,368,,,,,736,258,,,,,,165,,,,,,39,,296,,236,,,,,,,231,,,,,,,,,,,,,,,,,,,,,,,,,,,,,,,,,,,,478,,,,,,,,,,,,156,,,,,,,,,,,,,,,,,,,,,,,
2026-09-14T22:45:01+00:00,,,,,605,54,,,,358,,231,,,,,,,,,,,,382,,,,,,,1012,,,,,,,,,,,,,,,,,,,,,,,,,24,,,113,,,,132,,,,,,,,,,325,,,,263,,,,,,,,,,,,,,,220,638,,,,,,,,202,,,,341,406,175,,,805,,113,,313,,324,810,,,,,,,,,,,,,,,,,,,292,,,,,,,,,,194,,,,,,,,,,,,,,,,,,,,327,469,553,,,,,978,,,,404,,,,559,,,,,,,,,,,261,17,,896,,,,,,,,,,,,,,,,,,,,,,,,,,,,,,,,,,,,,,,,,,,,,,,,,,,,,401,,,,,,,,,557,,,,,,,,,,,,,,,,,,,,,,,,,,,,,,,,,,,,,,,,,,,,,,,,,,,,,,,,,,,,,,,376,,,,,155,,,,,,,,,,210,,,,91,,277,,,290,,,,,,,,,49,,,,69,,,,,,,,,,,,,,,,,,,,,,,,,,,,,,,,,,,,,,,,,,,,,,,,,,,,,,,,,,,,,257,,,,,,,,,,,,38,,298,388,238,,231,,,,,,,,,,,,,,,,,,,,,,,,,,,,,,,,,,,,,,,142,,479,,,,95,,,,,,,,,,,,,465,,,,,,,,,,,,,,,,,,
2026-09-14T23:00:01+00:00,215,,,,,53,,,,,,,,,,,,,,,,472,,,,,,,,,1019,,,,,,,,,163,,,,,,,,,,,,,,,,,,,,,,,,,,,,,,,,,,,,124,,,,,,,,,,,,,318,,,,,,,,238,,,427,204,,,267,343,408,,,77,806,,,314,316,178,,811,,,,,,,,,,522,,,388,,,,,,,,,,,,,,,,,,,,,,,,,,,,,,,,,,,,326,471,,,,,,979,,,,,,,,,,583,,43,,,446,,,,262,17,,895,,,,,,,,,,,,,,,,,,,,,,,,,,,,,,,,,,,,,,,,,,,,,,548,,,,,,,,,,,,,,,,558,,,,,,,,,,,,,,,,,,,,,,,,,,,,,,,,,,,,,,,,,,,,,,,,,,,,,,,,,,,,,,,375,,,,,,,202,,425,,,299,,,,,,,92,,,,,,,,,118,,,,,,,,,,,,,,,,,,,,,,,,,,,,,,,,,,,,,,,,,,,,,,,,,,,,,,,,,,,,,,,,369,,,,,,,,,,,,,,,,,,,,,,,,,,,,,,,,,,,,,,,,,,,,,,,,,,,,,,,,,,,,,,,,,480,,,,,,,,,,,,,,,,,,,,,,,,,,,,,,,,,,,
2026-09-14T23:15:01+00:00,,,,,,,,263,,,,234,,,,,,,,,,,420,,,,,,,46,1021,,,,,,,,,,,,,,,,,,,139,,313,,,,,,,115,,,,131,190,,,,54,,,,,326,,,,,,,,207,,,,,,,,,406,,,,63,,,,505,,,205,,,,,,,,,,,,,,177,,810,,,,,,,,201,,,,,,,,,,,,,,,,,,,,,,,,,,,,,,,,,,,,,,,,,,473,554,,,,,,,,,,,,,560,,,,44,,,447,,,,263,17,,896,,,,,,,,,,,,,,,,,,,,,,,,,,,,,,,,,,,,,,,,,,,,,,,,197,,,,,,,,,,,,345,,,,,,,,,,,,,,,,,,,,,,,,,,,,,,,,,,,,,,,,,,,,,,,,,,,,,,,,,,,,,,,,,377,,,,,,,,,424,,,,,,,,,,,,,,,,,,,119,,881,,,,116,,449,,1118,233,,,,231,,,,,,,,,,,,,,,,,,,,,,,,,,,,,,,,,,,,,,,,,,,,,,,,,,,,,,,,,,,,,166,,,,,,37,,299,387,239,,,,,,,,,,,,,,,,,,,,,,,,,,,,,,,,,,,,,,,,,,,481,,,,,,,,,,,,,,,388,,,,,,,,,,,,,,,,,,,,
2026-09-14T23:30:01+00:00,216,,,,,,,,,,,,,494,,338,,,,,,473,,,,,,,,,,,,,,,,,,162,,,,,,,,,,,,,,,,,,,,,,,,,,,99,,14,,,,,,,,,372,,,,,,,198,,,150,322,404,,,,,,,239,,,,206,,,,344,411,,,,808,,,313,,,,812,,,,,,,,202,,,,,,,,,,,,,,,,,,,,,,,,,,,,,,,,,,,,,,,,,327,475,555,,,,,982,,618,,,,,,,,,,,,,,,,,,17,,897,,,,,,,,,,,,,,,,,,,,,,,,,,,,,,,,,,,,,,,,,,,,,,,300,,,,,,,,,,,,,,,559,,,,,,,,,,,,,,,,,,,,,,,,,,,,,,,,,,,,,,,,,,,,,,,,,,,,,,,,,,,,,,,378,,,,,,,,,425,,,,,,209,,,,,,,,,,,,,,144,,,,,,,,,,,,,,,,,,,,,,,,,,,,,,,,,,,,,,,,,,,,,,377,,,,,,,,,,,,,,,,,,,,,,,,,,,,,,,,,,,,300,,,,,,,,,,232,,,,,,,,,,,,,,,,,,,,,,,,,,,,,,,,,,,,,,,,,,,,,,,,,,,,,,,,,,,,,,,,,,,,,,,
2026-09-14T23:45:01+00:00,217,,,,,,,,,,,,,,,,,,,,,,,,,,,,,,,,,,,,,,,,,,,,,,,,,,,312,,,,,,,114,,,,,,,,,,,,,,325,,,,,,,,,,,,,,,,,,290,,639,,,,,,,,,,,,347,412,,,,,,,,,,,813,,,,,,,,,,523,,,,,,,,,295,,,,,,,,,,,,,,,,,,,,,,,,,,,,,,,478,556,,,,,983,,,,,,409,,,,,,45,,,,,,,264,17,,,,,,,,,,,,,,,,,,,,,,,,,,,,,,,,,,,,,,,,,,,,,,,,549,,,,,,,,,,,,,,,,,,,,,,,1378,,,,,,,,,,,,,,,,,,,,,,,,,,,,,,,,,,,,,,,,,,,,,,,,,,,,,,,,379,,,,,,,,,,,,,,,,,,,,,,,,,,,,118,,,,,,,,,,,,,,,,,,,,,,,,,,,,,,,,,,,,,,,,,,,,,,,,,,,,,,,,,,,,,,,,,,,,,,,,,,246,45,,,,,,,38,301,297,,,,,,,,,,,,,,,,,,,,,,,,,,,,,,,,,,,,,,,,,,630,,,483,,,,,553,,,,,,,157,,,,,,242,,,,,,,633,,,,,,,,,,
