timestamp,bonn-bcp-parken-Rabinstrasse,bonn-bcp-parken-beethoven,bonn-bcp-parken-beetplatz,bonn-bcp-parken-bike-ride,bonn-bcp-parken-friedensplatz,bonn-bcp-parken-hauptbahnhof,bonn-bcp-parken-karstadt,bonn-bcp-parken-markt,bonn-bcp-parken-muensterplatz,bonn-bcp-parken-operngarage,bonn-bcp-parken-rheinaue,bonn-bcp-parken-stadthaus,bonn-bcp-parken-unigarage,braunschweig-parken-Parkhaus-Eiermarkt,braunschweig-parken-Parkhaus-Forschungsflughafen,braunschweig-parken-Parkhaus-Lange-Str-Nord,braunschweig-parken-Parkhaus-Magni,braunschweig-parken-Parkhaus-Packhof,braunschweig-parken-Parkhaus-Ring-Center,braunschweig-parken-Parkhaus-Schloss,braunschweig-parken-Parkhaus-Schutzenstrasse,braunschweig-parken-Parkhaus-Wallstrasse,braunschweig-parken-Parkhaus-Wilhelmstrasse,dresden-parken-Altmarkt,dresden-parken-Altmarkt-Galerie,dresden-parken-Ammonstrasse-Bus,dresden-parken-An-der-Frauenkirche,dresden-parken-Bahnhof-Neustadt,dresden-parken-Bluherstrasse,dresden-parken-Budapester-Strasse,dresden-parken-Centrum-Galerie,dresden-parken-Cossebaude,dresden-parken-Ferdinandplatz,dresden-parken-Fidelio-F-Finke-Strasse,dresden-parken-Frauenkirche-Neumarkt,dresden-parken-Freiberger-Platz,dresden-parken-GALERIA-Karstadt-Kaufhof,dresden-parken-Gompitz,dresden-parken-Grenzstrasse,dresden-parken-Haus-am-Zwinger,dresden-parken-Kaditz,dresden-parken-Klotzsche,dresden-parken-Kongresszentrum,dresden-parken-Kraftwerk-Mitte,dresden-parken-Langebruck,dresden-parken-Lindengasse,dresden-parken-Lingnerallee,dresden-parken-MESSE-DRESDEN-Parkplatz-P7,dresden-parken-Ostra-Allee,dresden-parken-Ostra-Ufer,dresden-parken-Palaisplatz,dresden-parken-Parkhaus-Mitte,dresden-parken-Pennrich,dresden-parken-Pieschener-Allee-Bus,dresden-parken-Pirnaische-Strasse,dresden-parken-Pirnaischer-Platz,dresden-parken-Prohlis,dresden-parken-Reick,dresden-parken-Reitbahnstrasse,dresden-parken-SP1-Strassburger-Platz,dresden-parken-SachsenEnergie-Center,dresden-parken-Sarrasanistrasse,dresden-parken-Schiessgasse,dresden-parken-Semperoper,dresden-parken-Stadtforum-Dresden,dresden-parken-Strehlener-Strasse,dresden-parken-Taschenbergpalais,dresden-parken-Terrassenufer,dresden-parken-Terrassenufer-Bus,dresden-parken-Theresienstrasse,dresden-parken-Weissig,dresden-parken-Weixdorf-Bad,dresden-parken-Wiener-Platz-Hauptbahnhof,dresden-parken-Wiesentorstrasse,dresden-parken-Wigardstrasse,dresden-parken-Wohrl-Florentinum,dresden-parken-World-Trade-Center,ffh-parken-bad-homburg-Am-Bahnhof,ffh-parken-bad-homburg-Louisen-Arkaden,ffh-parken-bad-homburg-Parkgarage-Karstadt,ffh-parken-bad-homburg-Parkgarage-Kurhaus,ffh-parken-bad-homburg-Parkgarage-Rathaus,ffh-parken-bad-homburg-Parkgarage-Schloss,ffh-parken-bad-homburg-Parkhaus-La-Vie,ffh-parken-bad-homburg-Parkhaus-am-Guterbahnhof,ffh-parken-bad-homburg-Parkhaus-am-Markt,ffh-parken-frankfurt-Aculeum,ffh-parken-frankfurt-Alt-Sachsenhausen,ffh-parken-frankfurt-Alte-Oper,ffh-parken-frankfurt-Am-Gericht,ffh-parken-frankfurt-Am-Theater,ffh-parken-frankfurt-Baseler-Platz,ffh-parken-frankfurt-Borse,ffh-parken-frankfurt-Burgerhaus-Bornheim,ffh-parken-frankfurt-Congresscenter-Messe-Frankfurt-Maritim-Hotel,ffh-parken-frankfurt-Friedrichsheim,ffh-parken-frankfurt-Gateway-Garden,ffh-parken-frankfurt-Goetheplatz,ffh-parken-frankfurt-Hafenpark-Quartier-NORD,ffh-parken-frankfurt-Hauptbahnhof-Sud,ffh-parken-frankfurt-Hauptwache,ffh-parken-frankfurt-Hotel-Intercontinental,ffh-parken-frankfurt-Hotel-Movenpick,ffh-parken-frankfurt-Junghofstrasse,ffh-parken-frankfurt-Konrad-Adenauer-Strasse,ffh-parken-frankfurt-Konstabler,ffh-parken-frankfurt-Mainzer-Landstrasse,ffh-parken-frankfurt-Mayfarth-Quartier,ffh-parken-frankfurt-Messeturm,ffh-parken-frankfurt-Mousonturm,ffh-parken-frankfurt-MyZeil-PalaisQuartier,ffh-parken-frankfurt-Opernturm,ffh-parken-frankfurt-Ordnungsamt,ffh-parken-frankfurt-P-R-Haus-Borsigallee,ffh-parken-frankfurt-P-R-Kalbach,ffh-parken-frankfurt-Parkhaus-Konigsteiner-Strasse,ffh-parken-frankfurt-Schiller-Passage,ffh-parken-frankfurt-Universitatsklinikum-Innengelande,ffh-parken-frankfurt-Universitatsklinikum-P2,ffh-parken-frankfurt-Universitatsklinikum-P5,ffh-parken-frankfurt-Universitatsklinikum-Sandhofstrasse,ffh-parken-frankfurt-Untermainanlage,ffh-parken-kassel-Atrium,ffh-parken-kassel-City-Point,ffh-parken-kassel-Friedrichsplatz,ffh-parken-kassel-Galeria,ffh-parken-kassel-Herkules-Besucherzentrum,ffh-parken-kassel-Kurfursten-Galerie,ffh-parken-kassel-Martinskirche,ffh-parken-kassel-Rathaus,ffh-parken-kassel-Schloss-Wilhelmshohe,ffh-parken-kassel-Wilhelmsstrasse,ffh-parken-mannheim-C1-Hauptverwaltung-MPB-Parkhaus,ffh-parken-mannheim-Collini-Center-Mulde-Parkplatz,ffh-parken-mannheim-D3-Tiefgarage,ffh-parken-mannheim-D5-Reiss-Museum-Tiefgarage,ffh-parken-mannheim-G1-Marktplatz-Tiefgarage,ffh-parken-mannheim-H6-Tiefgarage,ffh-parken-mannheim-Hauptbahnhof-P1-Tiefgarage,ffh-parken-mannheim-Hauptbahnhof-P2-Parkhaus,ffh-parken-mannheim-Hauptbahnhof-P3-Parkhaus,ffh-parken-mannheim-Hauptbahnhof-P5-Parkhaus,ffh-parken-mannheim-Klinikum-P3-Parkplatz,ffh-parken-mannheim-Klinikum-Tiefgarage,ffh-parken-mannheim-M4a-Parkplatz,ffh-parken-mannheim-N1-N2-Stadthaus-Parkhaus,ffh-parken-mannheim-N6-Komforthaus,ffh-parken-mannheim-N6-Standardhaus,ffh-parken-mannheim-SAP-Arena-P1-Parkplatz,ffh-parken-mannheim-SAP-Arena-P2-Parkplatz,ffh-parken-mannheim-SAP-Arena-P3-Parkplatz,ffh-parken-mannheim-SAP-Arena-P6-P8-Parkplatz,ffh-parken-mannheim-U2-Tiefgarage,ffh-parken-wiesbaden-PH-City-II,ffh-parken-wiesbaden-PH-Coulinstr,ffh-parken-wiesbaden-PH-Galeria-Kaufhof,ffh-parken-wiesbaden-PH-Karstadt,ffh-parken-wiesbaden-PH-Kurhaus-Casino,ffh-parken-wiesbaden-PH-Lili,ffh-parken-wiesbaden-PH-Luisenforum,ffh-parken-wiesbaden-PH-Luisenplatz,ffh-parken-wiesbaden-PH-Markt,ffh-parken-wiesbaden-PH-Mauritius,ffh-parken-wiesbaden-PH-Theater,ffh-parken-wiesbaden-TG-Lili,ffh-parken-wiesbaden-TG-RMCC,heilbronn-parken-Am-Bollwerksturm,heilbronn-parken-Bildungscampus-Mitte,heilbronn-parken-E-Quartiersgarage-Neckarbogen,heilbronn-parken-Harmonie,heilbronn-parken-Kathchenhof,heilbronn-parken-Kiliansplatz,heilbronn-parken-P-R-Karlsruher-Strasse,heilbronn-parken-Parkhaus-Experimenta,heilbronn-parken-Parkplatz-Hauptbahnhof,heilbronn-parken-Stadtgalerie,heilbronn-parken-Theaterforum-K3,heilbronn-parken-Wollhaus,ingolstadt-parken-Arena,ingolstadt-parken-Congressgarage,ingolstadt-parken-Festplatz,ingolstadt-parken-Hallenbad,ingolstadt-parken-Hauptbahnhof-Ost,ingolstadt-parken-Hauptbahnhof-West,ingolstadt-parken-Munster,ingolstadt-parken-Nordbahnhof,ingolstadt-parken-Reduit-Tilly,ingolstadt-parken-Schloss,ingolstadt-parken-Theater-Ost,ingolstadt-parken-Theater-West,konstanz-parken-Altstadt,konstanz-parken-Augustiner,konstanz-parken-Dobele,konstanz-parken-Fernbusbahnhof,konstanz-parken-Fischmarkt,konstanz-parken-Lago,konstanz-parken-Seerheincenter,mobilitaet-jena-Am-Anger,mobilitaet-jena-Am-Gries,mobilitaet-jena-Am-Planetarium,mobilitaet-jena-Am-Stadion,mobilitaet-jena-August-Bebel-Strasse,mobilitaet-jena-Bachstrasse,mobilitaet-jena-Busbahnhof,mobilitaet-jena-City-Carree,mobilitaet-jena-Eichplatz,mobilitaet-jena-Eisenbahndamm,mobilitaet-jena-Erbertstrasse,mobilitaet-jena-Ernst-Abbe-Strasse,mobilitaet-jena-Ernst-Haeckel-Strasse,mobilitaet-jena-Gartenstrasse,mobilitaet-jena-Goethe-Galerie,mobilitaet-jena-Grietgasse,mobilitaet-jena-Haeckelplatz,mobilitaet-jena-Holzmarkt,mobilitaet-jena-Krautgasse,mobilitaet-jena-Lassallestrasse,mobilitaet-jena-Lessingstrasse,mobilitaet-jena-Muhlenstrasse,mobilitaet-jena-Neue-Mitte,mobilitaet-jena-Paradiesbahnhof,mobilitaet-jena-Philosophenweg,mobilitaet-jena-Roland-Ducke-Weg,mobilitaet-jena-Schlossgasse,mobilitaet-jena-Seidelparkplatz,mobilitaet-jena-Seidelstrasse,mobilitaet-jena-Semmelweissstrasse,mobilitaet-jena-Sophienstrasse,mobilitaet-jena-Spitzweidenweg,mobilitaet-jena-Steinkreuz,mobilitaet-jena-Stoystrasse,mobilitaet-jena-Wagnergasse,mobilitaet-jena-Westbahnhof,mobilitaet-jena-Wiesenstrasse,mobilitaet-jena-Windberg,mobilitaet-jena-Wollnitzer-Strasse,mobilitaet-jena-Ziegelmuhlenweg,oldenburg-service-parken-Altes-Gymnasium,oldenburg-service-parken-CCO-Parkdeck-1,oldenburg-service-parken-CCO-Parkdeck-2,oldenburg-service-parken-Parkhaus-Alter-Stadthafen-Cinemaxx,oldenburg-service-parken-Parkhaus-Am-Waffenplatz,oldenburg-service-parken-Parkhaus-August-Carree,oldenburg-service-parken-Parkhaus-Bahnhof-ZOB,oldenburg-service-parken-Parkhaus-Galeria-Kaufhof,oldenburg-service-parken-Parkhaus-Heiligengeist-Hoefe,oldenburg-service-parken-Parkhaus-Schlosshoefe,oldenburg-service-parken-Parkhaus-Theatergarage,oldenburg-service-parken-Parkplatz-Pferdemarkt,oldenburg-service-parken-Parkplatz-Theaterwall,oldenburg-service-parken-Ratsherren,parken-in-bochum-P1-Husemannplatz,parken-in-bochum-P2-Dr-Ruer-Platz,parken-in-bochum-P3-Rathaus-BVZ,parken-in-bochum-P5-Bruckstrasse,parken-in-bochum-P6-Hauptbahnhof-Buddenbergplatz,parken-in-bochum-P7-Kurt-Schumacher-Platz,parken-in-bochum-P8-Konrad-Adenauer-Platz-Bermuda3Eck,parken-in-bochum-P9-Schauspielhaus,parken-in-bochum-PH-Alter-Markt-Wattenscheid,parken-in-bochum-PH-Bochumer-Fenster,parken-in-bochum-PH-Husemann-Karree,parken-in-bochum-PH-Massenbergstrasse,parken-in-bochum-PH-Quartiersgarage-Ostpark,parken-in-bochum-PH-Stadionring,parken-in-bochum-PH-Westpark-Jahrhunderthalle,parken-luebeck-Am-Bahnhof-Handelshof-Parkplatz-Strassenrand-Am-Bahnhof-Handelshof-Parkplatz-Strassenrand-Lubeck,parken-luebeck-Am-Burgfeld-Parkplatz-Am-Burgfeld-Parkplatz-Lubeck,parken-luebeck-Am-Fischereihafen-Parkplatz-Am-Fischereihafen-Parkplatz-Travemunde,parken-luebeck-Am-Leuchtenfeld-Leuchtturm-Parkplatz-Am-Leuchtenfeld-Leuchtturm-Parkplatz-Travemunde,parken-luebeck-Backbord-Parkplatz-Backbord-Parkplatz-Travemunde,parken-luebeck-Bahnhof-Parkplatz-Strassenrand-Bahnhof-Parkplatz-Strassenrand-Lubeck,parken-luebeck-Bauhof-Parkplatz-Bauhof-Parkplatz-Lubeck,parken-luebeck-Beckergrube-Parkplatz-Beckergrube-Parkplatz-Lubeck,parken-luebeck-Bruckenweg-Parkplatz-Bruckenweg-Parkplatz-Lubeck,parken-luebeck-Burgstrasse-Parkplatz-Burgstrasse-Parkplatz-Lubeck,parken-luebeck-Fahrstrasse-Parkplatz-Fahrstrasse-Parkplatz-Lubeck,parken-luebeck-Fahrvorplatz-Parkplatz-Fahrvorplatz-Parkplatz-Travemunde,parken-luebeck-Hafenbahnhof-Parkplatz-Hafenbahnhof-Parkplatz-Travemunde,parken-luebeck-Hermann-Lange-Strasse-Parkplatz-Hermann-Lange-Strasse-Parkplatz-Lubeck,parken-luebeck-Huxterdamm-Parkplatz-Huxterdamm-Parkplatz-Lubeck,parken-luebeck-Kanalstrasse-P2-Parkplatz-Kanalstrasse-P2-Parkplatz-Lubeck,parken-luebeck-Kanalstrasse-P3-Parkplatz-Kanalstrasse-P3-Parkplatz-Lubeck,parken-luebeck-Kanalstrasse-P4-Parkplatz-Kanalstrasse-P4-Parkplatz-Lubeck,parken-luebeck-Kanalstrasse-P5-Parkplatz-Kanalstrasse-P5-Parkplatz-Lubeck,parken-luebeck-Kanalstrasse-Strassenrand-Parkplatz-Kanalstrasse-Strassenrand-Parkplatz-Lubeck,parken-luebeck-Kirchenstrasse-Parkplatz-Kirchenstrasse-Parkplatz-Travemunde,parken-luebeck-Konrad-Adenauer-IHK-Parkplatz-Strassenrand-Konrad-Adenauer-IHK-Parkplatz-Strassenrand-Lubeck,parken-luebeck-Kowitzberg-Parkplatz-Kowitzberg-Parkplatz-Travemunde,parken-luebeck-Kurgartenstrasse-Parkplatz-Kurgartenstrasse-Parkplatz-Travemunde,parken-luebeck-Lastadie-P1-Parkplatz-Lastadie-P1-Parkplatz-Lubeck,parken-luebeck-Lastadie-P3-Parkplatz-Lastadie-P3-Parkplatz-Lubeck,parken-luebeck-Lastadie-P5-Parkplatz-Lastadie-P5-Parkplatz-Lubeck,parken-luebeck-Leuchtenfeld-Parkplatz-Leuchtenfeld-Parkplatz-Travemunde,parken-luebeck-Marlesgrube-Parkplatz-Marlesgrube-Parkplatz-Lubeck,parken-luebeck-Mowenstein-Parkplatz-Mowenstein-Parkplatz-Travemunde,parken-luebeck-MuK-Parkplatz-MuK-Parkplatz-Lubeck,parken-luebeck-Muhlenbrucke-Parkplatz-Muhlenbrucke-Parkplatz-Lubeck,parken-luebeck-Muhlendamm-Parkplatz-Muhlendamm-Parkplatz-Lubeck,parken-luebeck-Muhlenstrasse-Parkplatz-Muhlenstrasse-Parkplatz-Lubeck,parken-luebeck-Mullergarten-Parkplatz-Mullergarten-Parkplatz-Lubeck,parken-luebeck-Musterbahn-Parkplatz-Musterbahn-Parkplatz-Lubeck,parken-luebeck-Nordliche-Wallhalbinsel-Parkplatz-Nordliche-Wallhalbinsel-Parkplatz-Lubeck,parken-luebeck-Obertrave-Parkplatz-Strassenrand-Obertrave-Parkplatz-Strassenrand-Lubeck,parken-luebeck-Parade-Parkplatz-Parade-Parkplatz-Lubeck,parken-luebeck-Parkplatz-vor-dem-PH-Burgtor-Parkplatz-Parkplatz-vor-dem-PH-Burgtor-Parkplatz-Lubeck,parken-luebeck-Paul-Brummer-Strasse-Parkplatz-Paul-Brummer-Strasse-Parkplatz-Travemunde,parken-luebeck-Priwall-Parkplatz-Priwall-Parkplatz-Travemunde,parken-luebeck-Radisson-Blu-Parkplatz-Radisson-Blu-Parkplatz-Lubeck,parken-luebeck-Retteich-Parkplatz-Retteich-Parkplatz-Lubeck,parken-luebeck-Roeckstrasse-Parkplatz-Roeckstrasse-Parkplatz-Lubeck,parken-luebeck-Rose-Parkplatz-Rose-Parkplatz-Travemunde,parken-luebeck-Strandbahnhof-Parkplatz-Strandbahnhof-Parkplatz-Travemunde,parken-luebeck-Trelleborgallee-Parkplatz-Trelleborgallee-Parkplatz-Travemunde,parken-luebeck-Untertrave-Flache-1-Parkplatz-Strassenrand-Untertrave-Flache-1-Parkplatz-Strassenrand-Lubeck,parken-luebeck-Untertrave-Parkplatz-Untertrave-Parkplatz-Lubeck,parken-luebeck-Verwaltungszentrum-Muhlentor-Parkplatz-Verwaltungszentrum-Muhlentor-Parkplatz-Lubeck,parken-luebeck-Vogteistrasse-Parkplatz-Vogteistrasse-Parkplatz-Travemunde,parken-luebeck-Wallstrasse-Parkplatz-Wallstrasse-Parkplatz-Lubeck,parken-luebeck-Werner-Kock-Strasse-Parkplatz-Strassenrand-Werner-Kock-Strasse-Parkplatz-Strassenrand-Lubeck,parken-osnabrueck-11,parken-osnabrueck-13,parken-osnabrueck-16,parken-osnabrueck-17,parken-osnabrueck-18,parken-osnabrueck-19,parken-osnabrueck-21,parken-osnabrueck-22,parken-osnabrueck-23,parken-osnabrueck-24,parken-osnabrueck-25,parken-osnabrueck-26,parken-osnabrueck-27,parken-osnabrueck-28,parken-osnabrueck-29,parken-osnabrueck-30,parken-osnabrueck-31,parken-osnabrueck-32,parken-osnabrueck-33,parken-osnabrueck-34,parken-osnabrueck-35,parken-osnabrueck-36,parken-osnabrueck-37,parken-osnabrueck-38,parken-osnabrueck-39,parken-osnabrueck-40,parken-osnabrueck-41,parken-osnabrueck-43,parken-osnabrueck-44,parken-osnabrueck-45,parken-osnabrueck-46,parken-osnabrueck-49,parken-osnabrueck-50,parken-osnabrueck-51,regensburg-parken-Park-Ride-Parkplatz-Unterer-Wohrd,regensburg-parken-Park-Ride-Parkplatz-West,regensburg-parken-Parkhaus-Dachauplatz,regensburg-parken-Parkhaus-Dallmeier,regensburg-parken-Parkhaus-Regensburg-Arcaden,regensburg-parken-Parkhaus-St-Peters-Weg,regensburg-parken-Parkplatz-Dultplatz,regensburg-parken-Tiefgarage-Arnulfsplatz,regensburg-parken-Tiefgarage-Hauptbahnhof-Castra-Regina-Center,regensburg-parken-Tiefgarage-am-Theater-Bismarckplatz,reutlingen-parken-Am-Bahnhof,reutlingen-parken-Bahnhof,reutlingen-parken-Echaz-Zentrum,reutlingen-parken-Galeria-Kaufhof,reutlingen-parken-Gartentor-C-A-Mode,reutlingen-parken-Gartenviertel,reutlingen-parken-Kaiserpassage,reutlingen-parken-Klinikum-I,reutlingen-parken-Klinikum-II,reutlingen-parken-Konrad-Adenauer-Strasse-Eberhardstrasse,reutlingen-parken-Kronprinzenbau,reutlingen-parken-Lederstrasse,reutlingen-parken-Nordstern,reutlingen-parken-Obere-Wassere,reutlingen-parken-Parkgarage-Leonhardsplatz,reutlingen-parken-Parkhaus-Pomologie,reutlingen-parken-Rathaus-Tubinger-Tor,reutlingen-parken-Stadthalle,reutlingen-parken-Stadtmitte,reutlingen-parken-Unter-den-Linden,reutlingen-parken-Volksbank,sw-bielefeld-parken-Parkhaus-Am-Hauptbahnhof,sw-bielefeld-parken-Parkhaus-Am-Jahnplatz,sw-bielefeld-parken-Parkhaus-Am-Zwinger,sw-bielefeld-parken-Parkhaus-Ankergarten,sw-bielefeld-parken-Parkhaus-Bahnhofsviertel-1,sw-bielefeld-parken-Parkhaus-Bahnhofsviertel-2,sw-bielefeld-parken-Parkhaus-Centrum,sw-bielefeld-parken-Parkhaus-Karstadt,sw-bielefeld-parken-Parkhaus-LOOM,sw-bielefeld-parken-Parkhaus-Ritterstrasse,sw-bielefeld-parken-Parkhaus-Stadthalle,sw-bielefeld-parken-Parkpalette-Hermann-Delius-Strasse,sw-bielefeld-parken-Parkplatz-Friedenstrasse,sw-bielefeld-parken-Parkplatz-Grosse-Kurfursten-Str,sw-bielefeld-parken-Parkplatz-Hbf,sw-bielefeld-parken-Parkplatz-Herforder-Str,sw-bielefeld-parken-Parkplatz-Kunsthalle,sw-bielefeld-parken-Parkplatz-Mercatorstr,sw-bielefeld-parken-Parkplatz-Niederwall,sw-bielefeld-parken-Parkplatz-Teutoburger-Strasse,sw-bielefeld-parken-Parkplatz-Zentrum,sw-bielefeld-parken-Parkplatze-Werner-Bock-Strasse,sw-bielefeld-parken-Seidenstickerhalle,sw-bielefeld-parken-Tiefgarage-Altstadt-Carre,sw-bielefeld-parken-Tiefgarage-Am-Theater,sw-bielefeld-parken-Tiefgarage-Kesselbrink,sw-bielefeld-parken-Tiefgarage-Marktpassage-nicht-fur-gasbetriebene-Fahrzeuge,sw-bielefeld-parken-Tiefgarage-Neues-Rathaus,sw-bielefeld-parken-Tiefgarage-Welle,sw-bielefeld-parken-Tiefgarage-Willy-Brandt-Platz,sw-bielefeld-parken-Tiefgarage-und-Parkpalette-CineStar,swt-trier-parken-Basi,swt-trier-parken-City,swt-trier-parken-Hauptm,swt-trier-parken-Kons,swt-trier-parken-Osta,swt-trier-parken-ParkPlaza,swt-trier-parken-Vieh,tiefbauamt-nuernberg-parken-ADCOM-Center,tiefbauamt-nuernberg-parken-Adlerstrasse,tiefbauamt-nuernberg-parken-City-Park-Center,tiefbauamt-nuernberg-parken-Erler-Klinik,tiefbauamt-nuernberg-parken-Findelgasse,tiefbauamt-nuernberg-parken-Galeria-Kaufhof,tiefbauamt-nuernberg-parken-Hans-Sachs-Platz,tiefbauamt-nuernberg-parken-Hauptbahnhof,tiefbauamt-nuernberg-parken-Hauptmarkt,tiefbauamt-nuernberg-parken-Jakobsmarkt,tiefbauamt-nuernberg-parken-Katharinenhof,tiefbauamt-nuernberg-parken-PH-Nurnberger-Akademie,tiefbauamt-nuernberg-parken-Parkhaus-City-Point,tiefbauamt-nuernberg-parken-Parkhaus-Karstadt,tiefbauamt-nuernberg-parken-Parkhaus-Maximum,tiefbauamt-nuernberg-parken-Parkhaus-Wohrl,tiefbauamt-nuernberg-parken-Parkhausname,tiefbauamt-nuernberg-parken-Sebalder-Hofe,tiefbauamt-nuernberg-parken-Sterntor,tiefbauamt-nuernberg-parken-Theater,vmz-bremen-parken-Am-Bahnhof,vmz-bremen-parken-Am-Brill,vmz-bremen-parken-Am-Dom,vmz-bremen-parken-Am-Kuhhirten,vmz-bremen-parken-Am-Sedanplatz,vmz-bremen-parken-Am-Vegesacker-Hafen,vmz-bremen-parken-Am-Wall,vmz-bremen-parken-Aumunder-Markplatz,vmz-bremen-parken-Beckersweide,vmz-bremen-parken-Burgerweide,vmz-bremen-parken-Burgerweide-Klangbogen,vmz-bremen-parken-City-Gate,vmz-bremen-parken-Fresenbergstrasse-P1,vmz-bremen-parken-Fresenbergstrasse-P2,vmz-bremen-parken-Herdentor-Rembertiring,vmz-bremen-parken-Hillmannplatz,vmz-bremen-parken-Im-Pohl,vmz-bremen-parken-Katharinenklosterhof,vmz-bremen-parken-Kunstlerhaus-Guterbahnhof,vmz-bremen-parken-Lubecker-Strasse,vmz-bremen-parken-Messe-Parkhaus,vmz-bremen-parken-Mitte,vmz-bremen-parken-Ortsamt-Blumenthal,vmz-bremen-parken-Ostertor-Kulturmeile,vmz-bremen-parken-Pressehaus,vmz-bremen-parken-Rowekamp-Metropol-Theater,vmz-bremen-parken-Sagerstr,vmz-bremen-parken-Silbermannstrasse,vmz-bremen-parken-Stephani,vmz-bremen-parken-Uberseestadt,vmz-bremen-parken-Weserstadion,vtmanager-duesseldorf-parken-FLOAT,vtmanager-duesseldorf-parken-Heerdt,vtmanager-duesseldorf-parken-PH-01,vtmanager-duesseldorf-parken-PH-02,vtmanager-duesseldorf-parken-PH-03,vtmanager-duesseldorf-parken-PH-04,vtmanager-duesseldorf-parken-PH-06,vtmanager-duesseldorf-parken-PH-08,vtmanager-duesseldorf-parken-PH-09,vtmanager-duesseldorf-parken-PH-10,vtmanager-duesseldorf-parken-PH-11,vtmanager-duesseldorf-parken-PH-12,vtmanager-duesseldorf-parken-PH-13,vtmanager-duesseldorf-parken-PH-16,vtmanager-duesseldorf-parken-PH-17,vtmanager-duesseldorf-parken-PH-18,vtmanager-duesseldorf-parken-PH-20,vtmanager-duesseldorf-parken-PH-22,vtmanager-duesseldorf-parken-PH-23,vtmanager-duesseldorf-parken-PH-24,vtmanager-duesseldorf-parken-PH-25,vtmanager-duesseldorf-parken-PH-26,vtmanager-duesseldorf-parken-PH-29,vtmanager-duesseldorf-parken-PH-33,vtmanager-duesseldorf-parken-PH-34,vtmanager-duesseldorf-parken-PH-35,vtmanager-duesseldorf-parken-PH-37,vtmanager-duesseldorf-parken-PH-39,vtmanager-duesseldorf-parken-PH-42,vtmanager-duesseldorf-parken-PH-43,vtmanager-duesseldorf-parken-PH-45,vtmanager-duesseldorf-parken-PH-46,vtmanager-duesseldorf-parken-PH-47,vtmanager-duesseldorf-parken-PH-48,vtmanager-duesseldorf-parken-PH-50,vtmanager-duesseldorf-parken-PH-51,vtmanager-duesseldorf-parken-PH-52,vtmanager-duesseldorf-parken-PH-53,vtmanager-duesseldorf-parken-PH-54
2026-09-07T00:00:02+00:00,227,,55,130,,63,,261,,,220,281,349,483,,348,,,,1245,167,518,423,467,,,98,,,79,1495,32,104,72,226,,,,,142,166,0,138,0,41,,,,,140,,389,49,99,,44,47,19,87,156,179,0,135,230,86,228,90,49,0,108,,,395,6,,175,295,372,230,295,268,117,227,21,197,63,402,156,331,363,304,244,604,68,328,225,26,514,215,422,201,133,117,280,361,441,154,164,792,66,828,272,117,311,320,225,336,984,23,7,500,87,,,,200,280,527,,,390,,0,0,0,0,292,0,0,0,0,546,0,0,0,0,184,223,0,0,0,0,0,260,129,,10,219,370,255,292,86,181,74,150,89,342,474,565,495,63,230,,989,431,620,380,403,303,447,1286,621,182,467,231,103,273,239,567,246,,,280,16,155,898,,0,0,0,0,0,0,0,40,279,0,0,0,0,0,507,0,19,119,155,0,0,0,0,0,0,0,0,157,0,0,0,0,58,0,0,0,0,62,0,0,48,209,36,203,562,297,198,272,251,429,0,400,73,13,446,351,409,668,347,410,544,130,,234,472,100,,1400,,,,357,,126,,,,,,,,0,,,280,63,46,30,,,,449,,,24,251,323,,,340,,,,,,,,,,,,24,,,,,,,,,,,,0,143,0,128,0,147,0,278,547,433,38,40,351,200,0,218,0,0,21,87,196,0,0,31,298,0,181,200,115,147,889,39,145,54,118,0,534,65,1161,391,0,148,203,187,0,118,209,289,84,0,0,343,343,116,0,314,0,343,209,135,289,200,249,0,0,812,89,185,59,723,,312,282,,323,363,,,163,130,,,,,,77,,,314,126,,,456,263,,36,134,758,259,187,678,87,273,60,164,399,122,138,165,56,225,389,350,416,224,0,326,70,377,,203,295,0,,,,,,,,,,,,,,,,,,,,,,,,,,,,,,,,663,149,128,497,87,365,288,100,567,208,259,338,98,165,,165,228,100,350,200,479,306,360,,,,200,528,623,127,,556,,251,182,160,641,370,120
2026-09-07T00:15:01+00:00,228,,,,,,,,,,,282,,,,,,,,,,,,,,,,,,,,,,,,,,,,,,,,,,,,,,,,,,,,43,,,,,,,,,,,,,,,,,,,,,,,,,,,,,,,,,,,305,,,,327,,,,,,,,,,362,443,,,,,,,,,,,,,,,,,,,,,,,,,,,,,,,294,,,,,,,,,,,,,,,,,,,,,,,,,,,,,,,476,566,,,,,990,,,,399,,,,,,,,,,,,,,,281,16,,901,,,,,,,,,,,,,,,,,,,,,,,,,,,,,,,,,,,,,,,,,,,,,,,,,,,,,,,,,,,,,,,,,,471,,,,,,,,,,,,,,,,,,,,,,,,,,,,,,,,,,,,,,,,,,,,,,,,,,,,,,,,,,,,,,,,,,,,,,,,,,,,,,,,,,,,,,,,,,,,,119,,536,,,392,,,204,188,,,,,,,,,,,,,,,,,,,,,,,,,,,,,,,,,,,,,,,,,,,,,,,,,,,,,,,,,,,,,,,,,,,226,,,,226,,327,,,,,,,,,,,,,,,,,,,,,,,,,,,,,,,,,,,,,,,,,498,,,,,,,,,,,,,,,,,,,,,,,,,,,,,,,,,,,
2026-09-07T00:30:02+00:00,,,,,,,,,,,,,,,,,,,,,,,,,,,,,,,,,,,,,,,,,,,,,,,,,,,,,,,,44,,,,,,,,,,,,,,,,,,,,,,,,,,,,,,,,,,,304,245,,,,,,,,,,,,,,447,,,,,,,,,319,,337,986,,,,,,,,,,,,,,,,,,,,,,,,,,,,,185,,,,,,,,,,,,,,,,,,,,,480,,,,,,,,,,,,,,,,,,,,,,,,,,16,,,,,,,,,,,,280,,,,,,,,,,,,,,,,,,,,,,,,,,,,,,,,,,,,,,,,,,,,,,,,,,,,546,,,,,,,,,,,,,,,,,,,,,,,,,,,,,,,,,,,,,,,,,,,,,,,,,,,,,,,,,,,,,,,,,,,,,,,,,,,,,,,,,,,,,,,,,,,,,,,,,,,,,,,,,,,,,,,,,,,,,,,,,,,,,,,,,,,,,,,,,,,,,,,,,,,,,,,,,,,,,,,,,,,,,,,,,,,,,,390,,417,227,,,,,,,296,,,,,,,,,,,,,,,,,,,,,,,,,,,,,,,,,,,,,,,,,,,,,,,,166,,,,,,,,,,,,,,,,,,,,,,,
2026-09-07T00:45:02+00:00,,,,,,,,,,,,,,,,,,,,,,,,,,,,,,,1502,,,,,,,,,,,,,,,,,,,,,,,,,,,,88,,,,,,,,,,,,,,,,,,,,,,,,,,,,,,332,362,305,244,,,,,,,,,,,,,,,,,,67,,,,,318,,,985,,,,,,,,,,,,,,,,,,,,,,,,,,,,,,,,,,,,,,,,,,,,,,,,,,479,,,,,,,,,,,,,,,,,,,,,,,,,280,16,,900,,,,,,,,,,,,,,,,,,,,,,,,,,,,,,,,,,,,,,,,,,,,,,,,,,,,,401,74,,,,,,,,547,,,,,,,,,,,,,,,,,,,,,,,,,,,,,,,,,,,,,,,,,,,,,,,,,,,,,,,,,,,,,,,,,,,,,,,,,,,,,,,,,,,,,,,,,,,,,,,,,,,,,,,,,,,,,,,,,,,,,,,,,,,,,,,,,,,,,,,,,,,,,,,,,,,,,,,,,,,,,,,,,,,,,,,,,,,,,,,,,,,,,,,,,,,,,,,,,,,,,,,,,,,,,,,,,,,,,,,,,,,,,,,,,,,,,,,,,,,,,,,,,,,,,,,,,,,,,,,
2026-09-07T01:00:01+00:00,,,,,,,,260,,,,,,,,,,,,,,,,,,,,,,,,,,,,,,,,,,,,,,,,,,,,,,,,45,,,,,,,,,,,,,,,,,,,,,,,,,,,,,,,401,,,,,245,,,,,,,,,,,,,,,,,,,,,,,,,,984,,,,,,,,,,528,,,,,,,,,295,,,,,,,,,,,,,,,,,,,,,,,,,,,,,,,,565,,,,,,,,,,,,,,,,,,,,,,,,,16,,901,,,,,,,,,,,,,,,,,,,,,,,,,,,,,,,,,,,,,,,,,,,,,,,,,,,,,,,,,,,,,,557,,,,,,,,,,,,,,,,,,,,,,,,,,,,,,,,,,,,,,,,,,,,,,,,,,,,,,,,,,,,,,,,,,129,,,,,,,,,,,,,,,,,,,,,,,,,,,,,,,,,,,,,,,,,,,,,,,,,,,,,,,,,,,,,,,,,,,,,,,,,,,,,,,,,,,,,,,,,,,,,,,,,,,,,,,,,,,,,351,,,,,,,,,,,,,,,,,,,,,,,,,,,,,,,,,,,,,,,,,,,,,499,,,,,,,,,,,,,,,,,,,,,,,,,,,,,,,,,,,
2026-09-07T01:15:01+00:00,,,,,,,,,,,,,,,,,,,,,,,,,,,,,,,,,,,,,,,,,,,,,40,,,,,,,,45,,,,57,,,,,,,,,235,,,,,,,,,,,,,,,,,,,,,400,,,,,,,,,,,,,,,,,,359,446,,,,,,,,310,,,,985,,,,,,,,,,,,,,,,,,,,,,,,,,,,,,,,,,,,,,,,,,,,,,,,,,480,,,,,,,432,,,,,,,620,,,,102,,,,,,,,16,,,,,,,,,,,,,,,,,,506,,,,,,,,,,,,,,,,,,,,,,,,,,,,,,,,,,,,,,,,447,,,,,,,,,,,,,,,,,,,,,,,,,,,,,,,,,,,,,,,,,,,,,,,,,,,,,,,,,,,,,,,,,,,,,,,,,,,,,,,,,,,,,,,,,,,,,,,,,,,,,,,,,535,,,,,,,,,,,,,,,,,,,,,,,,,,,,,,,,,,,,,,,,,,,,,,,,,,,,,,,,,,,,135,,,,,,,,,,,,,,227,,,,,,,,,,,,,,,,,,,,,,,,,,,,,,,,,,,,,,,,,,,,,,,500,,,,,,,,,,,,,,,,,,,,,,,,,,,,,,,,,,,
2026-09-07T01:30:02+00:00,,,,129,,,,,,,,,,,,,,,,,,,,,,,,,,,,,,,,,,,,,,,,,,,,,,,,,,,,,,,,,,,,,,,,,,,,,,,,,,,,,,,,,,,,,,,,,,,328,,,,,,,,,,361,447,,,,,,,,,,,,986,,,,,,,,,,,,,,,,,,,297,,,,,,,,,,,,,,,,,,,,,,,,,,,,,,,,564,,,,,,435,,,,,,,,,,,,,,,,,,,16,,,,,,,,,,,,,,,,,,,,,,,,,,,,,,,,,,,,,,,,,,,,,,,,,,,,,,,,,,,,,,,,558,,,,,,,,,,,,,,,,,,,,,,,,,,,,,,,,,,,,,,,,,,,,,,,,,,,,,,,,,,,,,,,,,,,,,,,,,,,,,,,,,,,,,,,,,,,116,,,,,,,,,,,,,,,,,,,,,,,,,,,,,,,,,,,,,,,,,,,,,,,364,,,,,,,,,,,,,,,,,,,,,,,,,,,,,,,,,,,,,,,,,,,,,,295,,,,,,,,,,,,,,,,,,,,,,,,,,,,,,,,,,,,,,,,,,,,,,,,,,,,,,,,,,,,,,,,,,,,,,,
2026-09-07T01:45:01+00:00,,,,,,,,,,,,,,,,,,,,,,,,,,,,,,80,1532,,,,,,,,,,,,,,,,,,,,,,,,,,56,,,,,,,,,,,,,,,,,,,,,,,,,,,,,,,,,,,,,,331,,25,,,,,,,,362,448,,,,,,,,,319,,,987,,,,,,,,,,,,,,,,,,,,,,,,,,,,,,,,,,,,,,,,,,,,,,,,,,,563,494,,,,,436,,,,,,1285,,,468,,,,,,,,,,16,,899,,,,,,,,,,,,,,,,,,,,,,,,,,,,,,,,,,,,,,,,,,,,,,,,,,,,,,,,,,,,,,,,,,,,,,,,,,,,,,,,,,,,,,,,,,,,,,,,,,,,,,,,,,,,,,,,,,,,,,,,,,,,,,,,,,,,,,,,,,,,,,,,,,,,,,,,,,,,,,,,,,,,,,,,,,,,,,,,,,,,,,,,,,,,,,,,,,,,,,,,,,,,,,,,,,,,,,,,,,,,,,,,,,,,,,,,,,,,,,,,,,,,,,,,,,,,,,,,,,,,,,,,,,,,,,,,,,,,,,,,150,,502,,,,,,,,,,,,165,,,,,,,,,,,,,,,,,,,,,,,
2026-09-07T02:00:01+00:00,,,,,,,,,,,,,,,,,,,,,,,,,,,99,,,,,,,,,,,,,,,,,,,,,,,,,,,,,44,,,,,,,,229,,,,50,,,,,,,,,294,373,,,,,,,,,,,,361,,,,,,,,,,,,,,,,447,,,,68,,,,,,,,,,,,,,,,,,,,,,,,,,,298,,,,,547,,,,,,,,,,,,,,,,,,,,,,,,,,479,560,,,,,,,,,,,,1286,,,467,,,,,,,,,,16,,901,,,,,,,,,,281,,,,,,,,,,,,,,,,,,,,,,,,,,,,,,,,,,,,,,196,,,,,,,,,,,,346,,,,,,,,,,,,,,,,,,,,,,,,,,,,,,,,,,,,,,,,,,,,,,,,,,,,,,,,,,,,,,,,,,144,,,,,,277,,,,,,,,,,,,,,,,,,,,,,,888,,,,,,,,,,,,,,,,,,,,,,,,,,,,,,,,,,,811,,,,,,,,,,,,,,129,,,,,,,,,,,,,,,,,,,,,,,,,,,,,,,,,349,,,,,,,,,,,,,,,,,,,,,,,,,,,,,,,,,,,,,,,,,,,,,,,,,,,,,,,,,,,,,,,,,,,,,,,,,,,,,,,,
2026-09-07T02:15:02+00:00,227,,,,,,,,,,,,,,,,,,,,,,,,,,,,,,1547,,,,,,,,,,,,,,,,,,,139,,,,,,45,55,,85,,,,134,,,,,,,,,,393,,,,220,,,,,,,,,,,,,360,,,,,,,,,,,,,,,361,,,,,,,,,,,,,988,,,,,,,,,,,,,,,,,,,,,,,,,,,,,,,,,,,,,,,,,,,,,,,,,,477,,,,,,,,,,,,,1287,,181,466,,100,,,,,,,,16,,900,,,,,,,,,,,,,,,,,,,,,,,,,,,,,,,,,,,,,,,,,,,,,,552,,195,,,,,,69,14,,,,,,,,,,,,,,,,,,,,,,,,,,,,,,,,,,,,,,,,,,,,,,,,,,,,,,,,,,,,,,,,,,,,,,,,9,,,,,278,,,,,,,,,,,,,,,,,,,,,,,,,,,,,,,,,,,,,,,,,,,,,,,,,,,,,,,,,,810,,,,,,,,,,,,,,130,,,,,,,,,,,,,,,,,,,,186,,,,,,,,,,,,,,,,,,,,,,,,,,,,,,,,,,,,,,,,,,,,,,,,,,,,,,,,,,,,,,,,,,,,,,,,,,,,,,,,,,,,,,,,,,,,,
2026-09-07T02:30:01+00:00,,,,,,,,,,,,,,,,,,,,,,,,,,,,,,,1553,,,,,,,,,,,,,,,,,,,,,,,,,,56,18,84,,,,136,,,,,,,,,,391,,,,221,,,,,,,,,,,157,,,,,,,,,24,,,,,,,,359,,,,,,,,,309,320,,,987,,,,,,,,,,,,,,,,,,,,,,,,,,,,,,,,,,,,,,,,,,,,,,,,,,479,558,493,,,,,435,,,,,,,621,180,464,,,,,,,,,281,16,,901,,,,,,,,,,280,,,,,,505,,,,,,,,,,,,,,,,,,,,,,,,,,,,,,,,191,,,,,,,,,,,,,,557,,,,,,,,,,,,,,,,,,,,,,,,,,,,,,,,,,,,,,,,,,,,,,,,,,,,,,,,,,,,,,,,,,,,,,,,,,,,,,,,,,,,,,,,,,,,,,,,,,,,,,,,,,,,,,,,,,,,,,,,,,,,,,,,,,,,,,,,,,363,,,,,,,,,,,,,,,,,,,,,,,,,,,,,,,,,,,,,,,,,,,,,,,,,,,,,,,,,,,,,,,,,,,,,,,,,,,,,,,,148,,,,,,,,,260,,,,,166,,,,,,,,,,,,,,,,,,,,,,,
2026-09-07T02:45:01+00:00,,,,,,,,,,,,,,,,,,,,,,,,,,,,,,,1554,,,,,,,,,141,,,137,,,,,,,,,,,,,46,55,,82,,,,135,228,,,,49,,,,,389,,,,,,,,,,,,,,,,,,,,,,,,,,214,,,,,,360,,,,,,,,,,316,,336,,,,,,,,,,,,,,,,,,,,,,,,,,,,,,,,,,,,,,,,,,,,,,,,,,,,,,,,,,434,,,,,446,,,179,458,,98,,,,,,,,16,,,,,,,,,,,,,,,,,,504,,20,,,,,,,,,,,,,,,,,,,,,,,,,,,,,296,190,,,,,,,,,,,,,,558,,,,,,,1398,,,,,,,,,,,,,,,,,,,,,,,,,,,,,,,,,,,,,,,,,,,,,,,,,,,,,,,,,,,,,146,,,,,,,,,,,,,,86,,,,,296,,180,,117,,886,,,,,,,,,,,,,,,,,,,,,,,,,,,,,,,,,,,811,,,,,,,,,,,,,,,,,,,,,,,,,,,455,,,,,,,,,,,,,,,,,,,,,,,,,,,,,,,,,,,,,,,,,,,,,,,,,,,,,,,,,,,,,,,150,,,,,,,,,,,,,,167,,,,,,,,,,,,,622,,,,,,,,,,
2026-09-07T03:00:01+00:00,,,,,,,,,,,,,,,,,,,,,,,,,,,,,,,,,,,,,,,,,165,,,,,,,,,140,,388,44,,,,56,,80,,,,,,,,,,,,,,387,,,,220,,,,,,,,,,399,,,,,,,,,,23,,,421,,,,281,359,,,,,,,,,308,317,,,983,,,,,,,,,,,,,,,,,,,,,,,,,,,,,,,,,,,,,,,,,,,,,,,,,,478,555,,,,,,431,,,403,,,,619,,457,,,,,,,,,,16,,,,,,,,,,,,,,,,,,505,,,,,,,,,,,,,,,,,,,,,,,,,,,,,,,,,,,,,,,,,,,,,409,559,,,,,,,,,,,,,,,,,,,,,,,,,,,,,,,,,,,,,,,,,,,,,,,,,,,,,,,,,,,,,,,,,,,,,,,,,,,,,,,,,,,,,,,,,,,,146,884,,,,,,,,,,,,,,,,,,,,,,,,,,,,,,,,,,,808,,,,722,,,,,,362,,,,,,,,,,,,,,,,,,,,,,,,,,88,,,,,,,,,226,,350,,,,,,,,,,,,,,,,,,,,,,,,,,,,,,,,,,,,,,,,,,,,,501,,,,,,,,,,,,166,,,,,,,,,,,,,,,,,,,,,,,
2026-09-07T03:15:02+00:00,224,,,,,,,261,,,,,,484,,,,,,,,,417,,,,,,,,1555,,105,,,,,,,,,,,,36,,,,,136,,387,,,,,,17,78,,,,,231,,234,,,,,,,,,,,217,,,,,,,,196,,398,,,358,,,,,,,,513,,422,,,,,357,448,,,,,,270,118,306,318,,,985,,9,,,,,,,,,,,,,,,,,,,,,,,,,,,,,,,,,,,,,,,,,,,,,,,,470,,,,,,,426,,,404,283,432,1237,449,178,452,121,95,193,,357,176,,,,16,,,,,,,,,,,,,,,,,,,,,,,,,,,,,,,,,,,,,,,,,,,,,,,,,,189,,,,,400,,,448,350,408,667,,,,,,,,,,,,,,,,,,,,,,,,,,,,,,,,,,,,,,,,,,,,,,,,,,,,,,,,,,,,,,,,,,,,,,,,,277,,430,,,,,,,,,,,,,,,,,,,,,879,,,,,,,,1159,,,149,,,,,,,,,,,,,,,,,,,,,,,,807,,,,,,,,,,,,,,,,,,,,,,,313,,,,,,,35,,,258,185,677,,,,,,,,,,,,,,,,,,376,,,,,,,,,,,,,,,,,,,,,,,,,,,,,,,,,,,,,,,502,,,,,,,,,,164,,,,,,,,307,,,,,,,597,,,555,,,52,,,,
2026-09-07T03:30:02+00:00,,,,128,,,,,,,,,348,,,,,,,,,,415,,,,,,,,1554,31,104,,227,,,,,,163,,,,,,,,,,,385,43,,,45,50,18,80,,,,,230,,235,,50,,,,,385,,,,218,372,,,,,,,,,,,,359,,,605,,,,,,,,,,,,358,,,,,,,269,117,299,316,,,,,,,,,,,,,,,,,,,,,,,,,,,,,,,,186,222,,,,,,,,,,,,,,,,,,,343,480,553,492,,,,992,415,619,,,,,1236,,177,440,,90,194,,,175,,,283,16,,,,,,,,,,,,,,,,,,502,,19,,,,,,,,,,,,,,,,,,,,,,,,,,,,,290,187,,,,,401,,,,,405,664,,,,129,,,,,,1391,,,,,,,,,,,,,,,,,,,,,,,,,,,,,,,,,,,,,,,,,,,,,,,,,,,,,,,,,,,,,,,276,545,429,,,349,199,,219,,,20,85,,,,,,,,,,,858,,,,,,,,,,,,,,,,,,,,,,,,,,,,,,,,,,,,,,,,,,,,,,,,,,,,,,,,,,,,,,,,,34,134,,,,678,,,,,,,,,,225,,,416,,,328,,,,,296,,,,,,,,,,,,,,,,,,,,,,,,,,,,,,,,,661,,,,,364,,,,208,260,,,,,167,,,,,,,,,,,,,,,,,,,,,,,
2026-09-07T03:45:02+00:00,222,,,,,,,,,,,279,346,,,,,,,,,,412,,,,,,,,1556,30,107,,,,,,,,161,,,,,,,,,,,382,44,98,,,52,17,71,,,,129,231,,,89,,,,,,383,,,,215,369,,,,,,,197,,397,,,361,,246,604,69,,,,512,,419,,,,,360,447,,163,,,,268,116,293,314,226,335,980,,,,,,,,,,,,,,,,,,,,,,,,545,,,,,,223,,,,,,,,,,,,,,,,,,,341,,555,493,,,,994,401,,,,,,1233,448,175,427,,83,,,356,,,,,16,,,,,,,,,,,,284,,,,,,500,,,,,,,,,,,,,156,,,,,,,,,,,,,,,,202,,264,186,,,428,,,,,,349,404,659,342,407,556,,,,470,,,1380,,,,,,,,,,,,,,,,,,,,,,,,,,,,,,,,,,,,,,,,,,,,,,,,,,,,,,,,,,8,,,,,275,,430,,,342,198,,217,,,,,193,,,,289,,177,,,145,820,,,,,,,,,,,,,,,,,,,,,,,,,,,,,,,,,,,,,,,720,,,,,,361,,,,129,,,,,,,,,,,,,242,,,,,757,,,677,,,,,,119,,,,227,,351,,,,,,,,,,,,,,,,,,,,,,,,,,,,,,,,,,,,,,,,,,657,149,,,,,,,,,,,,,,165,,,,,,,,,,,,,596,,,,,,50,,,,
2026-09-07T04:00:01+00:00,219,,,,,,,260,,,,,343,482,,128,,,,,,517,410,,,,,,,79,1561,31,105,,226,,,,,138,160,,138,,,,,,,137,,376,,,,47,48,,69,,,,125,226,,,,46,,,,,382,,,,216,360,,,,,,,,,396,,,354,,245,603,,,224,,,215,414,,,,280,356,444,,,791,,825,267,108,289,313,,332,976,,,498,,,,,,279,,,,,,,,,,,,,,,544,,,,,,221,,,,,,,,,,,,,,,,,,,338,478,553,,,,,,379,618,,403,,,1230,450,167,417,,81,,,,,,,,,,,,,,,,,,,,283,,,,,,499,,20,,,,,,,,,,,153,,,,,,,,,,,,,,,,,,,,,,,,,,,445,352,396,655,340,408,,127,,,,,,1361,,,,,,,,,,,,,,,,,,,,,,,,,,,,,,,,,,,,,,,,,,,,,,,,,,,,,,,,,,,,,,,,,,,,,,,,,,,,,,,,,,,,,,,,,,,,,,,,,,,,,,,,,,,,,,,,,,,,,,,,,794,,,57,,,311,,,,359,,,,128,,,,,,,,,,,,,,,,,,,,,,,,,,,,,,,,,,,,,,,,,,,,,,,,,,,,,,,,,,,,,,,,,,,,,,,,,,,653,,,501,,362,,,,,,,,,,163,229,,,,478,,,,,,,,,,,,,,,,,,
2026-09-07T04:00:02+00:00,,,,,,,,,,,,,,,,,,,,,,,,,,,,,,,,,,,,,,,,,,,,,,,,,,,,,,,,,,,,,,,,,,,,,,,,,,,,,,,,,,,,,,,,,,,,,,,,,,,,,,,,,,,,,,,,,,,,,,,,,,,,,,,,,,,,,,,,,,,,,,,,,,,,,,,,,,,,,,,,,,,,,,,,,,,,,,,,,,,,,,,,,,,,,,,,,,16,,,,,,,,,,,,,,,,,,,,,,,,,,,,,,,,,,,,,,,,,,,,,,,200,,250,185,,,427,,,,,,,,,,,,,,,,,,,,,,,,,,,,,,,,,,,,,,,,,,,,,,,,,,,,,,,,,,,,,,,,,,,,,,,,,,,,6,,,,,268,543,,,,328,194,,214,,,,,190,,,,279,,172,,116,,743,,,53,,,,64,,,,,,,,,,,,,,,,,,,,,,,,,,,,,,,,,,,,,,,,,,,,,,,,,,,,,,,,,,,135,,,,676,,,,,,108,,,,225,389,,417,,,,,,,,,,,,,,,,,,,,,,,,,,,,,,,,,,,,,,,,,,,,,,,,,,,,,,,,,,,,,,,,,,,,,,,,,,,,,,,
2026-09-07T04:05:01+00:00,,,,129,,,,,,,,280,,,,,,,,,,446,406,380,,,,,,50,998,25,104,65,,,,,,137,150,,,,35,,,,,139,,374,43,97,,46,50,,70,,,20,128,225,,234,,,19,,,,381,,,,219,,,,,,,,,,,,,,,,,,,,,,,,,,,,,,,,,,,,,,,,,,,,,,,,,,,,,,,,,,,,,,,,,,,,,,,,,,,,,,,,,,,,,,,,,,336,475,552,,,,,,371,617,,,,,1231,,164,409,,80,,,,,,,,16,,,,,,,,,,,,,,,,,,,,,,,,,,,,,,,151,,,,,,,,,,,,,,,,,,249,182,,250,,,,,,,,392,653,339,409,554,,,,,,,1360,,,,,,,,,,,,,,,,,,,,,,,,,,,,,,,,,,,,,,,,,,,,,,,,,,,,,,,,296,,5,,113,,,265,,,,,323,192,,213,,,19,,188,284,,,268,,,,115,,736,,,,,,,,,,,,,,,,,,,,,,,,,,,,,,,,,,,793,,,56,719,,310,,,,,,,,,,,,,,,,,,,313,,,,,33,,758,,,,,,,,,,,,,,,,,,,,,,,,,,,,,,,,,,,,,,,,,,,,,,,,,,,,,,,,,652,148,,,,,,99,,,,,,,,,,,,,,,,,,,,,,,,,,,,,,,
2026-09-07T04:10:02+00:00,,,,,,,,,,,,,344,481,,125,,,,,,,,379,,,,,,51,995,,102,,227,,,,,136,149,,137,,,,,,,,,372,,98,,45,49,,,,178,,124,223,,233,,,,,,,380,,,,,,,,,,,,,,,,,,,,,,,,,,,,,,,,,,,,,,,,,,,,,,,,,,,,,,,,,,,,,,,,,,,,,,,,,,,,,,,,,,,,,,,,,,,,,,335,479,,492,,,,,363,,,,,,,,162,402,,77,,,,,,,,16,,900,,,,,,,,,,284,,,,,,497,,,,,,,,,,,,,,,,,,,,,,,,,,,,,,,,,,,,,,,,443,,385,651,338,408,,,,,,,,1356,,,,,,,,,,,,,,,,,,,,,,,,,,,,,,,,,,,,,,,,,,,,,,,,,,,,,,,,295,,4,,,,,264,541,,,,322,187,,212,,,,,,,,,264,,,,116,,732,,,,101,,533,63,1151,389,,,202,,,,,,,,,,,,,,,,,,,,,,,,,,55,,,,,,,,,,162,,,,,,,,,,,,,,,262,,,,,,,675,,,,,,105,,,,223,390,348,416,,,,69,374,,,,,,,,,,,,,,,,,,,,,,,,,,,,,,,,,,,,651,,,,,,,,,,,,,,,,,,,,,,,,,,,527,,,,,,,,,,,
2026-09-07T04:15:02+00:00,220,,,,,,,,,,,,,,,,,,,,,,404,378,,,,,,,,,101,,,,,,,,,,,,,,,,,137,,370,42,,,46,,,68,,,,125,221,,,,45,,,,,,,,,218,355,,296,225,116,,,198,,395,156,,350,306,,,,301,,,510,,,,132,,279,353,442,,,790,,,266,102,273,307,,331,971,,,497,,,,938,,,524,,,,,,,,,,,,,,541,,,,,,217,,,,,,,,,,,,,,,,,,,334,478,551,,,,,993,357,,,,,,1229,451,,401,120,76,,,,176,,,,16,,901,,,,,,,,,,,,,,,,496,,,,,,,,,,,,,150,,,,,,,,,,,,,,,,,588,,,,249,425,,400,,13,439,,384,647,,,555,125,,,468,,,1353,,,,,,,,,,,,,,,,,,,,,,,,,,,,,,,,,,,,,,,,,,,,,,,,,,,,,,,,291,,2,,,144,,263,,429,,,319,,,210,,,18,,,,,,256,,171,,,,729,,,52,,314,,64,1149,390,,,203,167,,,,,,,,,,,,,,,,,,,,,,789,,,,718,,,,,,,,,,,,,,,,76,,,,125,,,,261,,32,,,257,184,674,,,,,,,,,,,,,,,,,,,,,,,,,,,,,,,,,,,,,,,,,,,,,,,,,,,,,,,,,,,360,,100,,,,,,,,,,,,,477,306,,,,,,,595,,,554,,,51,,,,
2026-09-07T04:20:01+00:00,219,,,,,,,,,,,279,,,,124,,,,,,,403,,,,,,,,993,,100,,,,,,,,148,,,,,,,,,,,369,43,96,,,48,15,67,,,,123,220,,,,,,,,,379,,,,,,,,,,,,,,,,,,,,,,,,,,,,,,,,,,,,,,,,,,,,,,,,,,,,,,,,,,,,,,,,,,,,,,,,,,,,,,,,,,,,,,,,,,,,,,333,477,552,,,,,992,350,616,,,,,,,,,,,,,,,,,,16,,900,,,,,,,,,,283,,,,,,493,,,,,,,,,,,,,,,,,,57,,,,,,,,,,,,587,254,181,,,,,399,,,,,383,,335,407,,,,,469,,,1351,,,,,,,,,,,,,,,,,,,,,,,,,,,,,,,,,,,,,,,,,,,,,,,,,,,,,,,,285,,40,,,141,,257,538,,,,316,184,,209,,,,,,,,,251,,,,,,722,,,,,,,,,,,,,,,,,,,,,,,,,,,,,,,,,,,786,,,53,716,,,,,,360,,,,129,,,,,,,,,312,124,,,241,260,,,,757,,,,,272,,,,,,,,,,,,,,,,,,,,,,,,,,,,,,,,,,,,,,,,,,,,,,,,,,,,,,,502,,357,,,,,,,,,,162,228,,,,,307,,,,,,,,,,,,,,,,,
2026-09-07T04:25:02+00:00,218,,,,,,,,,,,280,343,,,,,,,,,,401,,,,94,,,,989,24,99,,,,,,,,147,,,,,,,,,136,,366,,97,,45,,14,66,,,,,219,,234,,44,,,,,377,,,,216,352,,,,,,,,,393,,331,348,,246,597,,,,,508,,412,,131,,,352,443,,161,789,,,263,98,270,306,,327,964,,8,,,,,926,,,523,,,387,,,,,,,,,,,538,,,,,,215,,,,,,,,,,,,,,,,,,,332,476,,,,,,,347,615,,,,,1226,448,160,378,,75,,238,354,175,,,282,16,,901,,,,,,,,,,284,,,,,,490,,19,,,,,,,,,,,148,,,,,58,,,,,,,,,,,,586,257,180,,,423,,396,,,440,351,380,644,334,406,,123,,,,,,1349,,,,,,,,,,,,,,,,,,,,,,,,,,,,,,,,,,,,,,,,,,,,,,,,,,,,,,,,284,,39,,,,,255,536,,,,,183,,,,,,,186,283,,,248,,,,117,,717,,144,,,,,,,,,,,,,,,,,,,,,,,,,,,,,,,,,777,,,50,713,,309,,,,358,,,,128,,,,,,,,,310,122,311,,240,259,,31,,756,,185,,,,,,,102,,,,221,,347,417,,,,68,372,,202,,,,,,,,,,,,,,,,,,,,,,,,,,,,,,,,,,650,,,491,,,,,,208,,,,,,160,,,,,,,,,,,,,,,,,,,,,,,
2026-09-07T04:30:01+00:00,,,,,,,,261,,,,281,341,,,123,,,,,,,396,,,,,,,,985,23,98,,,,,,,,146,,,,,,,,,135,,363,,,,46,47,15,65,,,,,,,235,,,,,,,,,,,,,,,,,,,,,,,330,,305,,,,,,,506,,411,,,,276,,441,,,,,,,,266,,228,325,,,,,,,,,,,,,,,,,,,,,,,,,,,,,,,,,,,,,,,,,,,,,,,,,,,470,551,491,,,,,342,,,,,,,,,,,,,,,,,,,16,,900,,,,,,,,,,,,,,,,491,,,,,,,,,,,,,,,,,,57,,,,,,,,,,,,585,258,179,,247,,,394,,,,,378,,332,405,,124,,,,,,1344,,,,,,,,,,,,,,,,,,,,,,,,,,,,,,,,,,,,,,,,,,,,,,,,,,,,,,,,278,,38,,,,,,,,,39,317,182,,208,,,,86,,,,,247,,170,198,,,715,,,,96,313,532,,1148,,,,,217,,,,,,,,,,,,,,,,,,,,,,,,,,,,,,,,,,,,,,,,,,,,,,,,,,,,,136,755,,,,89,,,,,,,,,,,,,,,,,,,,,,,,,,,,,,,,,,,,,,,,,,,,,,,,,,,,,,,127,,,,,,,,,,,,,159,,,,,,,,,,,,,,,,,,,,,,,
2026-09-07T04:35:02+00:00,215,,,,,62,,,,,,280,,,,,,,,,,445,390,,,,,,,53,983,,97,,,,,,,,143,,,,34,,,,,133,,361,,,,44,48,,67,,,,124,,,,,,18,,,,,,,,213,349,,,,117,,,,,,,,,,,,,,,,,,,,,,,,,,,,,,,,,,,,,,,,,,,921,201,,522,,,388,,,,,,299,,,,,530,,,,,,214,,,,,,,,,,,,,,,,,,,,,,487,,,,990,340,,,,,,1221,,154,368,,74,193,237,356,174,208,,,16,,901,,,,,,,,,,283,,,,,,489,,20,,,,,,,,,,,,,,,,,,,,,,,,,,,199,,259,178,,246,422,,392,70,,,,376,640,,404,554,,,,467,98,,1337,,,,,,,,,,,,,,,,,,,,,,,,,,,,,,,,,,,,,,,,,,,,,,,,,,,,,,,,275,,36,,112,,,254,,430,37,,312,181,,207,,,,,,,,,245,,169,194,119,146,709,,,,92,311,529,,1144,389,,,201,,,,,,,,,,,,,,,,,,,,,,,775,,,,712,,,,,,357,,,163,,,,,,,,,,309,,,,239,257,,,,,256,,673,,273,,,,,,,,,,,,,,,,,,,,,,,,,,,,,,,,,,,,,,,,,,,,,,,,,,,,649,,,,86,356,,,566,207,361,335,98,,,158,,100,,,,,,,,,,,,125,,,,,50,,,369,
2026-09-07T04:40:01+00:00,212,,,,,,,,,,,,337,479,,122,,,,,,,,,,,,,,,977,,,64,,,,,,,144,,138,,33,,,,,131,,357,,,,,49,,68,,,,123,217,,,88,,,,,,,,,,215,,,,,,,,,,391,,328,340,,245,596,70,300,,22,503,,405,,,,273,346,438,153,159,787,,,256,97,261,300,227,319,955,,,,,,,,,,,,,,,,,,,,,,,,,,,,,,,,,,,,,,,,,,,,,,,,,333,467,552,486,,,,989,337,,,,,,,,,,,,,,,,181,,283,17,,900,,,,,,,,,,284,,,,,,487,,,,,,,,,,,,,144,,,,,,,,,,,,,,,,,583,257,,,,,,391,,,439,,374,636,328,402,,121,,,465,,,1331,,,,,,,,,,,,,,,,,,,,,,,,,,,,,,,,,,,,,,,,,,,,,,,,,,,,,,,,267,,,128,,,,249,534,429,,,307,182,,206,,,,,185,,,30,248,,167,189,120,147,698,,143,,,,,,,,,,,,,,,,,,,,,,,,,,,,,,,,,776,,,48,710,,,,,,355,,,,,,,,,,,,,,119,310,,237,,,30,,,,,672,,272,,163,398,98,,,,217,388,345,416,,,327,,375,,,,,,,,,,,,,,,,,,,,,,,,,,,,,,,,,,,,647,,,489,,,,,,,,,,,,157,,,,,,306,,,,,,,,,,,,,49,,,,
2026-09-07T04:45:01+00:00,,,,128,,,,,,,,278,335,477,,,,,,,,,377,,,,,,,,973,,92,,,,,,,135,,,137,,,,,,,135,,354,42,,,,,14,66,,,,122,216,,,,,17,,,,376,,,,216,344,228,295,,,,,,,,,,,,,,,,,,,,,,,,,,,,,,,,,,,,,,,,,,,,,912,,277,520,59,,387,,,,,,,,,,,528,,,,,,,,,,,,,,,,,,,,,,,,,,468,553,,,,,986,335,,,,,433,1214,450,151,361,,70,192,235,354,173,,,,15,,,,,,,,,,,,,,,,,,485,,,,,,,,,,,,,142,,,,,,,,,,,,,,,,,580,256,177,270,,,,,,,,,370,632,326,,553,119,,,464,99,,1319,,,,,,,,,,,,,,,,,,,,,,,,,,,,,,,,,,,,,,,,,,,,,,,,,,,,,,,,264,,,,,,,,,427,,,305,181,,205,,,,,,,,,,,,,,,695,,,51,,,,,,,,,,,,,,,,,,,,,,,,,,,,,,,,774,,,46,709,,308,,,,,,,,,,,,,,,,,307,116,,,236,,,,135,753,,,,90,270,,,,,,,,,,,,,,,,,,,,,,,,,,,,,,,,,,,,,,,,,,,,,,,,,,,,,,,,85,354,,,,,,,,,,155,,,,,476,,,,,,,,,,,,,250,,,,,
2026-09-07T04:50:01+00:00,209,,,,,61,,,,,,277,334,474,,121,,,,,,443,374,,,,,,,51,971,,87,,,,,,,,142,,,,32,,,,,136,,347,,,,47,48,,67,,,,,215,,,,43,,,,,374,,,,215,,,,,,,,,,,157,326,334,303,242,592,,,,18,501,216,399,200,130,,271,347,432,,158,786,,823,268,93,249,297,225,318,943,,,,,,,,,,,,,,,,,,,,,,,,,,,,,,,,,,,,,,,,,,,,,,,,,330,465,,483,,,,984,334,,,,,,,,,,,,,,,,180,,284,17,,901,,,,,,,,,,285,,,,,,,,19,,,,,,,,,,,141,,,,,,,,,,,,,,,,,,,,,,,,,,,,,365,627,322,398,549,118,,,465,,,1300,,,,,,,,,,,,,,,,,,,,,,,,,,,,,,,,,,,,,,,,,,,,,,,,,,,,,,,,,,,,,,,,,,,,,,,,,,,,,,,,,,,,,,,,,,,,,,,,,,,,,,,,,,,,,,,,,,,,,,,,,775,,,44,707,,307,280,,,353,,,162,,,,,,,75,,,303,113,306,,230,256,,28,,,,,,,,,,,,,,,,,,,,,,,,,,,,,,,,,,,,,,,,,,,,,,,,,,,,,,,,,,,645,,,487,,,,,,,,,,,,153,,,,,,,,,,,,526,592,,,553,,,,,,,
2026-09-07T04:50:02+00:00,,,,,,,,,,,,,,,,,,,,,,,,,,,,,,,,,,,,,,,,,,,,,,,,,,,,,,,,,,,,,,,,,,,,,,,,,,,,,,,,,,,,,,,,,,,,,,,,,,,,,,,,,,,,,,,,,,,,,,,,,,,,,,,,,,,,,,,,,,,,,,,,,,,,,,,,,,,,,,,,,,,,,,,,,,,,,,,,,,,,,,,,,,,,,,,,,,,,,,,,,,,,,,,,,,,,,,,,,,,,,,,,,,,,,,,,,,,,,,,,,,,249,,269,,,,390,71,,,,,,,,,,,,,,,,,,,,,,,,,,,,,,,,,,,,,,,,,,,,,,,,,,,,,,,,,,,,,,,,,,,,,,,261,,,,,140,,245,533,,36,,298,180,,,,,,,181,,,,250,,,183,119,,673,,,,80,310,527,,,,,,199,,,,,,,,,,,,,,,,,,,,,,,,,,,,,,,,,,,,,,,,,,,,,,,,,,,,,,134,751,254,,,130,269,,,,,,,,,,,,,,,,,,,,,,,,,,,,,,,,,,,,,,,,,,,,,,,,,,,,,,,,,,,,,,,,,,,,,,,,,,,,,,,,,,,,,,,,,,
2026-09-07T04:55:01+00:00,208,,,,,62,,,,,,,,473,,,,,,,,,368,,,,,,,,967,,89,63,,,,,,,140,,,,29,,,,,139,,343,41,,,49,46,13,61,,,,125,210,,,,,18,,,,372,,,,217,343,229,293,219,116,,,,,,,,329,,,591,,298,,15,499,,395,199,,,269,345,427,,,,67,820,265,,244,294,,316,942,,,,86,,,906,198,,,,,386,,,,,,,,,,,520,,,,,185,213,,,,,,,,,,,,,,,,,,,329,461,551,482,,,,982,,614,,404,,432,1211,,148,349,,67,191,,,,179,,286,17,154,,,,,,,,,,,286,,,,,,482,,20,118,,,,,,,,,,,,,,,,,,,,,,,,,,,579,,,268,,,,388,,,438,349,364,624,318,393,547,117,,233,462,,,1289,,,,,,,,,,,,,,,,,,,,,,,,,,,,,,,,,,,,,,,,,,,,,,,,,,,,,,,,257,,35,,,,,236,529,426,,38,290,179,,,,,,,,279,,29,243,,166,179,120,,662,38,,49,71,311,530,,1142,328,,148,197,,,,,,,,,,,,,,,,,,,,,,,,,,,,,,,,,,,,,,,,,,,,,,,,,,,,,,133,749,,184,670,,268,,162,,88,137,,,211,,344,413,,,,,374,,198,295,,,,,,,,,,,,,,,,,,,,,,,,,,,,,,,,,642,147,,485,,,,,,206,359,335,98,,,152,,100,,,,,,,69,,,,591,124,,552,,,,,,,
2026-09-07T05:00:02+00:00,207,,,,,,,,,,,276,333,472,,120,,,,,,442,360,,,,,,,,961,,84,,226,,,,,134,135,,,,27,,,,,140,,336,40,99,,48,43,,62,,177,,128,209,,,,,,,,,369,,,,216,,,,,,,,,,,,,,,,,,,,,,,,,,,,,,,,,,,,,,,,,,,,,,,,,,,,,,,,,,,,,,,,,,,,,,,,,,,,,,,,,,,,,,,,,,328,455,550,479,,,,975,332,,,,,,,,,,,,,,,,177,,287,17,,900,,,,,,,,,,,,,,,,,,18,,,,,,,,,,,139,,,,,,,,,,,,,,,,,577,248,176,,245,421,,,,,,,363,620,,388,,118,,232,459,,,1276,,,,,,,,,,,,,,,,,,,,,,,,,,,,,,,,,,,,,,,,,,,,,,,,,,,,,,,,248,143,34,,,,58,233,526,425,,,278,178,40,203,,,,88,179,278,180,28,238,162,,166,,,648,,144,48,,,,,,,,,,,,,,,,,,,,,,,,,,,,,,,,771,,,,706,,303,,,,352,,,161,,,,,,,,,,302,,304,,226,,,26,,748,255,183,667,,269,,,,,,,,,,,,,,,,,,,,,,,,,,,,,,,,,,,,,,,,,,,,,,,,,,,,640,148,126,484,,353,287,99,,,,,,,,,,,,,,,,,,,,,,,,550,,,,,,,
2026-09-07T05:05:02+00:00,206,297,,,634,61,,,295,344,,,331,469,,,,,,,,,347,,,,,,,49,958,22,83,,227,,,,,,134,,136,,,,,,,139,,,38,98,,,44,11,64,,175,,126,206,,,,42,,,,,366,,,174,215,342,228,291,216,,,,,,392,,320,322,301,239,587,,300,223,8,491,214,393,197,129,,260,,424,,157,784,66,817,260,91,225,283,224,314,919,,,,84,,,,,,,,,,,,,,,,,,,,515,,,,,,210,,,,,,,,,,,,,,,,,,,325,445,549,475,,,,971,,,,403,,433,1205,,142,339,,66,190,236,,171,178,,290,17,153,,,,,,,,,,,287,,,,,,477,,17,117,,,,,,,,,,135,,,,,,,,,,,,,,,,,573,245,,266,243,420,,387,70,,436,347,362,618,317,386,545,117,,,457,96,,1262,,,,,,,,,,,,,,,,,,,,,,,,,,,,,,,,,,,,,,,,,,,,,,,,,,,,,,,,247,,30,,,139,57,224,521,423,,37,273,174,,202,21,,17,87,,,,27,226,160,165,154,,,625,,,47,64,310,531,,1141,326,,147,195,,,,,,,,,,,,,,,,,,,,,,,767,,183,42,703,,301,278,,,348,,,160,,,,,,,,,,299,,303,,225,255,269,23,,744,,182,666,,,,,,,,,,,,,,,,,,,,,,,,,,,,,,,,,,,,,,,,,,,,,,,,,,,,,,637,,,483,,351,,98,,,,,,,,151,227,,,,473,305,,,,,,,589,,,,,,,,,368,
2026-09-07T05:10:01+00:00,,,,,633,60,,262,294,345,,,330,467,,,,,,,,,342,,,,,,,52,955,,81,,,,,,,,132,,,,,,,,,140,,330,35,,,,43,,63,,173,21,127,197,,234,,40,19,,,,364,,,172,213,,,,,,,,,,391,156,318,311,298,234,583,,,,3,485,,392,,,,252,339,420,152,154,683,,811,254,87,210,278,225,311,917,,7,494,,,,,,,,,,,,,,,,,,,,,,,,,,,,,,,,,,,,,,,,,,,,,,322,441,547,471,62,,,961,,613,,402,,,,,,,,,,,,,177,,289,17,,,,,,,,,,,,288,,,,,,473,,16,,,,,,,,,,,130,,,,,,,,,,,,,,,,,570,240,174,,,,,,69,,435,344,360,612,315,381,543,,,231,454,95,,1245,,,,,,,,,,,,,,,,,,,,,,,,,,,,,,,,,,,,,,,,,,,,,,,,,,,,,,,,240,,28,,111,138,56,218,515,421,,,,172,,200,,,,,,,,25,217,158,164,,118,146,601,39,143,46,,,,,,,,,,,,,,,,,,,,,,,,,,,,,,,,764,,,,,,,,,,,,,158,127,,,,,,,,,,112,,,223,,263,,,746,,178,656,,265,,160,,76,,,,206,349,346,412,,,326,67,,,196,,,,,,,,,,,,,,,,,,,,,,,,,,,,,,,,,,636,,,,83,350,,97,,,,,,,,,,,,,,,,,,,,,,,,549,,241,,,,,
2026-09-07T05:15:01+00:00,208,294,,,,,,,293,344,,,328,463,,,,,,,,441,334,,,,,,,54,954,19,80,,226,,,,,,135,,135,,24,,,,,,,325,33,,,,,10,62,,171,,125,195,,,,41,,,,,363,,,173,,344,229,290,218,115,,,,,,,,,,,,,,,,,,,,,,,,,,,,,,,,,,,,,,,,,118,214,880,197,277,519,59,,385,,,,,,297,,,,,509,,,,,,207,,,,,,,,,,,,,,,,,,,318,430,548,468,63,,,958,331,,,400,,434,1187,,140,332,,62,187,,353,170,175,,290,16,152,,,,,,,,,,,287,,,,,,,,17,,,,,,,,,,,129,,,,,56,,,,,,,,,,,,564,236,172,264,,419,,385,68,,,,355,611,313,375,541,108,,229,452,93,,1233,,,,,,,,,,,,,,,,,,,,,,,,,,,,,,,,,,,,,,,,,,,,,,,,,,,,,,,,235,,27,,110,137,58,211,510,422,,,270,171,,199,20,,16,86,177,,,,210,157,165,148,117,,588,,,44,56,303,,63,1138,324,,,194,,,,,,,,,,,,,,,,,,,,,,,763,,,,697,,300,277,,,350,,,156,125,,,,,,,,,296,110,301,,219,256,254,21,131,744,,,647,,264,,,,,,,,,,,,,,,,,,,,,,,,,,,,,,,,,,,,,,,,,,,,,,,,,,,,631,,,482,,349,,95,,,,,,,,150,,,,,,,,,,,,525,588,,,548,,239,51,,,,118
2026-09-07T05:20:02+00:00,206,,,,,58,,261,,345,,275,,461,,,,,,,164,439,331,,,,,,,,951,,74,64,,,,,,135,,,133,,22,,,,,,,,32,,,,42,,63,,,,,194,,,,42,,,,,360,,,,214,,,,,,,,,,389,,317,308,296,233,,,299,,1,484,,391,196,,,248,335,417,153,155,,,,,85,207,272,223,308,910,,,493,83,,,,,,,,,,,,,,,,,,,,,,,,,,,,,,,,,,,,,,,,,,,,,317,424,550,,,,,954,,,,398,,,,,,,,,,,,,173,,291,17,,898,,,,,,,,,,288,,,,,,468,,15,,154,,,,,,,,,125,,,,,55,,,,,,,,,,,,561,229,171,,,417,,,69,12,431,341,350,606,306,371,536,,,228,448,94,,1220,,,,353,,,,,,,,,,,,,275,69,37,34,,,,450,,,25,244,329,,,,,,,,,,,,,,,31,,,,,,,,,,,,230,,26,127,114,,,204,507,423,,36,264,167,,196,19,,15,85,,277,179,,202,,163,142,116,,564,,142,43,,,,62,,,,,,,,,,,,,,,,,,,,,,,,,,,,750,88,,39,680,,291,275,,,,,,,124,,,,,,,,,,109,299,,216,254,244,16,,737,254,175,641,129,263,,,,,,,,,,,,,,,,,,,,,,,,,,,,,,,,,,,,,,,,,,,,,,,,,,,,626,,,,,346,,,563,203,357,332,97,,,147,229,99,,199,,,,,,,,524,587,122,,,,238,,,,,
2026-09-07T05:25:02+00:00,204,292,,,634,,,,,,,273,325,456,,,,,,,163,438,320,,,,,,,55,948,20,77,63,225,,,,,,137,,,,,,,,,,,323,31,,,47,37,,58,,,,123,192,,,,,18,,,,358,,,172,,339,228,,217,111,,,197,,,154,316,306,293,232,579,69,298,,,481,,390,195,128,116,243,337,415,,154,682,,807,,84,201,274,224,,906,,6,,82,117,213,870,,276,517,,,386,,,,,,,,,,,507,,,,,184,205,,,,,,,,,,,,,,,,,,,314,419,549,464,62,,,949,330,,,396,282,433,1182,449,137,331,,,186,235,352,169,170,,292,17,,899,,,,,,,,,,,,,,,,,,,,,,,,,,,,,,,,,,,,,,,,,,,,,,552,223,167,261,242,414,,,65,,429,342,353,598,305,368,534,104,,,446,93,,1194,,,,,,125,,,,,,,,,,,,68,,,,,,,,,,245,330,,,341,,,,,,,,,,,,30,,,,,,,,,,,,221,142,,,109,135,57,198,499,420,,,250,161,,192,,,14,,175,,141,24,188,156,159,126,114,,538,,143,,49,300,529,,1135,321,,,190,,,,,,,,,,,,,,,,,,,,,,,745,,,35,674,,,273,,,348,,,157,,,,,,,,,,286,107,297,,206,253,233,15,133,734,251,173,626,,259,,,,,,,,,,,,,,,,,,,,,,,,,,,,,,,,,,,,,,,,,,,,,,,,,,,,621,147,,480,84,344,,94,,,355,329,,,,146,227,,,,471,,,,,,,523,584,,,546,,236,,,,,
2026-09-07T05:30:01+00:00,203,287,,126,631,57,,,292,346,,274,323,453,,119,,,,,162,434,311,,,,,,,54,944,,75,,,,,,,134,136,,,,,,,,,,,321,33,97,,49,38,9,56,,170,,124,187,,235,,,,106,,,354,,,170,213,,,,,,,,,,387,151,314,296,288,227,573,66,,222,30,467,213,389,191,,,235,338,410,,152,679,63,803,246,83,187,265,223,304,885,,7,491,78,,,,,,,,,,,,,,,,,,,,,,,,,,,,,,,,,,,,,,,,,,,,,310,405,548,458,,,,945,329,609,,393,,,,,,,,,,,,,168,,291,17,,,,,,,,,,,,289,,,,,,459,,13,115,,,,,,,,,,117,,,,,,,,,,,,,,,,,549,220,165,259,,412,,386,66,,428,337,345,592,298,355,529,101,,226,443,91,,1184,,,,,,124,,,,,,,,,,,276,65,39,,,,,,,,,244,,,,339,,,,,,,,,,,,29,,,,,,,,,,,,219,140,,,106,134,56,194,491,418,,34,247,157,,,17,,,84,174,275,140,22,174,154,153,121,113,145,512,,,41,,,,,,,,,,,,,,,,,,,,,,,,,,,,,,,,,,,,,,,,,,,,,153,,,,,,,,,,,106,,,,252,225,,132,730,249,170,620,,258,,158,397,71,,,55,210,347,,411,226,,325,,369,,194,294,,,,,,,,,,,,,,,,,,,,,,,,,,,,,,,,,620,,,477,,340,286,89,,201,354,328,,,,144,,,,,,,,,,,,524,582,,,542,,235,,,,,
2026-09-07T05:35:02+00:00,201,286,,,628,,71,,290,,,,,447,,114,,,,,,430,298,,,,,,,55,936,21,70,,,,,,,133,134,,132,,,,,,,139,,317,36,,,48,39,,,,,,,183,,,,,,,,,,,,,214,338,227,,215,,,,,,385,,313,293,284,226,567,65,,220,26,464,210,390,190,127,,230,333,407,,,678,,,245,82,179,251,,300,866,,,,77,,212,855,195,,516,,,385,,,,,,,,,,,497,,,,,,202,,,,,,,,,,,,,,,,,,,307,401,547,452,60,,,940,,610,,391,,432,1169,444,135,325,,61,184,236,351,166,167,,292,17,,898,,,,,,,,,,288,,,,,,455,,,,,,,,,,,,,114,,,,,,,,,,,,,,,,,541,213,163,255,240,411,,384,,,425,,341,589,291,345,524,99,,225,436,,,1167,,,,352,,,,,,,,,,,,,275,66,37,33,,,,,,,,,,,,336,,,,,,,,,,,,,,,,,,,,,,,,218,,,126,101,129,57,187,483,,33,,241,,39,188,,,13,87,172,,138,,164,153,148,107,114,,495,,142,40,39,295,522,,1133,317,,,186,215,,,,,,,,,,,,,,,,,,,,,,736,87,,30,678,,281,,,320,346,,,,121,,,,,,72,,,278,104,290,,205,247,211,,,728,245,167,615,,253,,,,,,,,,,,,,,,,,,,,,,,,,,,,,,,,,,,,,,,,,,,,,,,,,,,,614,146,,,85,338,314,,562,199,352,,96,,,141,226,,,,472,,,,,,,,580,,,541,,234,,,,,
2026-09-07T05:40:01+00:00,200,284,,,624,,,,,342,,272,322,445,,111,,,,,,427,290,379,,,,,,54,932,20,67,64,,,,,,132,132,,131,,,,,,,,,315,,,,49,36,10,54,,,22,121,180,,,,41,17,,,,,,,,212,,,,,,,,,,,,,,,,,,,,,,,,,,,,,,,,,,,,,,,,,,,,,,,,,,,,,,,,,,,,,,,,,,,,,,,,,,,,,,,,,,,,,,,,,,308,390,545,444,,,,935,,607,,389,,,,,,,,,,,,,166,,294,17,153,900,,,,,,,,,,289,,,,,,436,,12,112,153,,,,,,,,,107,,,,,,,,,,,,,,,,198,536,203,162,,239,410,,383,63,,419,331,333,582,290,338,521,96,,223,428,89,,1150,,,,,,123,,,,,,,,,,,277,65,35,32,,,,,,,,241,,,,334,,,,,,,,,,,,,,,,,,,,,,,,213,139,24,124,94,124,60,179,478,417,31,32,233,153,,182,15,,12,88,168,274,,18,152,151,147,102,113,146,477,,,,,,,,,,,,,,,,,,,,,,,,,,,,,,,,,,,,,,,676,,279,,,317,,,,,,,,,,,,,,,,283,,,,,,133,725,241,165,603,,251,,,,,,,,,,,,,,,,,,,,,,,,,,,,,,,,,,,,,,,,,,,,,,,,,,,,609,145,,,,334,,,560,198,351,329,,,,138,,,,198,,304,,,,,,,579,,,537,,232,,,,,117
2026-09-07T05:45:02+00:00,198,278,,125,625,,,260,,344,,,318,443,,108,,,,,,424,285,378,,,,,,55,,,63,,,,,,,130,133,,128,,20,,,,,140,,312,33,98,,47,,,51,,,,120,177,,234,,,19,103,,,348,,,,209,342,226,289,213,108,,,,,384,149,309,290,283,224,562,64,297,,18,461,206,389,186,,,228,332,406,,,676,62,799,242,81,174,245,224,294,842,,8,489,,,,,,,,,,,,,,,,299,,,,,493,,,,,183,200,,,,,,,,,,,,,,,,,,,305,371,,433,,,,932,328,,,382,280,430,1146,440,134,313,,60,182,235,347,164,165,,296,17,,,,,,,,,,,,,,,,,,427,,9,111,,,,,,,,,,106,,,,,,,,,,,,,,,,197,524,196,160,252,236,408,,380,59,11,415,323,326,573,286,324,516,93,,220,424,85,,1130,,,,351,,,,,,,,,,,,,,61,30,,,,,,,,,237,,,,332,,,,,,,,,,,,31,,,,,,,,,,,,211,,,,93,121,61,177,477,,30,33,230,152,,180,,,,85,167,,,17,149,149,145,97,110,,464,,,39,35,293,519,,1130,316,,,,212,,,,,,,,,,,,,,,,,,,,,,732,,177,21,,,,272,,,344,,,151,119,,,,,,71,,,273,,,,203,240,202,,132,722,236,164,601,,249,,157,394,59,,,54,208,348,344,,224,,324,66,363,,189,293,,,,,,,,,,,,,,,,,,,,,,,,,,,,,,,,,604,,,474,,,,85,558,,349,327,,166,,135,,,,197,,305,,,,,,,577,,,532,,231,,,,,
2026-09-07T05:50:01+00:00,194,274,,124,619,53,,261,,342,,269,316,434,,105,,,,,161,422,279,,,,,,,56,935,,60,,,,,,,127,132,,,,21,,,,,,,307,,,,48,34,8,46,,169,,,175,,235,89,,,,,,346,,,,,,,,,,,,,,380,146,306,286,280,,553,,296,219,12,459,204,388,,,,222,331,402,152,,674,,791,237,80,164,237,,292,837,,,486,76,,,,,,,,,,,,,,,,,,,,,,,,,,,,,,,,,,,,,,,,,,,,,,355,547,423,58,,,923,,604,,381,,,,,,,,,,,,,164,,300,17,150,,,,,,,,,,,291,,,,,,419,,8,,,,,,,,,,,103,,,,,,,,,,61,,,,,,196,517,190,159,246,237,406,,378,63,,410,316,320,560,281,313,494,86,,218,421,86,,1118,,,,352,,124,,,,,,,,,,,276,64,31,,,,,,,,26,233,,,,333,,,,,,,,,,,,29,,,,,,,,,,,,204,,25,,,117,,168,469,,21,,218,148,,182,,,10,84,166,269,,14,140,147,143,88,105,145,441,,141,36,,,,61,,,,,,,,,,,,,,,,,,,,,,,,,,,,716,,173,20,674,,274,271,,315,342,,,149,116,,,,,,70,,,269,99,278,,193,238,199,,130,710,229,161,597,128,245,,,,,,,,,,,,,,,,,,,,,,,,,,,,,,,,,,,,,,,,,,,,,,,,,,,,602,,,469,,330,313,83,,195,347,325,,,,134,227,,,195,469,303,,,,,,523,576,,,530,,230,,,,,
2026-09-07T05:55:02+00:00,191,271,,,614,,,260,288,,,267,,431,,98,,,,,,418,265,,,,,,,55,940,,62,,224,,,,,126,129,,129,,,,,,,,,,31,97,,49,31,9,44,,170,,118,171,85,234,88,,,,,,343,,,,208,340,228,286,208,,225,,,,377,138,295,280,276,221,545,60,292,218,,451,202,384,183,124,115,210,,401,151,,673,61,788,231,81,139,242,226,284,794,24,7,477,72,114,211,827,191,275,516,59,,384,,,,,,293,,,,,487,,,,,182,191,,,,,,,,,,,,,,,,,,,303,328,,413,59,,,913,,599,,378,279,426,1128,431,128,290,117,56,178,236,335,161,161,,305,17,149,899,,,,,,,,,,290,,,,,,410,,7,108,152,,,,,,,,,108,,,,,,,,,,60,,,,,,195,510,176,156,241,235,405,,,66,,407,315,316,554,276,294,483,80,,216,419,,,1113,,,,354,,,,,,,,,,,,,275,61,30,30,,,,,,,,231,,,,,,,,,,,,,,,,26,,,,,,,,,,,,201,137,,123,90,113,59,161,464,412,19,,211,143,40,178,14,,9,83,164,267,,12,129,146,138,82,,,428,,,34,,,,,,,,,,,,,,,,,,,,,,,,,,,,,,,,702,,,18,673,,265,268,,313,334,,,,115,,,,,,65,,,263,90,265,,182,227,189,,129,707,221,158,587,125,242,,,,,,,,,,,,,,,,,,,,,,,,,,,,,,,,,,,,,,,,,,,,,,,,,,,,599,143,124,467,83,328,311,84,556,193,343,,,,,131,230,98,,,468,302,,,,,,522,575,,,527,,228,50,,,,
2026-09-07T06:00:01+00:00,190,267,,123,613,,,258,287,340,,264,,422,,97,,,,,,414,259,377,,,95,,,56,937,,58,63,,,,,,124,128,,130,,,,,,,,,304,32,,,48,28,,38,,169,,,166,,,87,,,102,,,331,,,168,206,,,,,,,,,,,,,,,,,,,,,,,,,,,,,,,,,,,,,,,,,,,,,,,,,,,,,,,,,,,,,,,,,480,,,,,181,188,,,,,,,,,,,,,,,,,,,300,309,548,404,,,,907,,595,,372,,,,,,,,,,,,,162,,,16,147,898,,,,,,,,,,291,,,,,,392,,8,101,151,,,,,,,,,95,,,,,,,,,,,,,,,,194,506,168,154,237,232,404,,374,,10,402,312,309,547,270,287,476,79,,213,416,76,,1098,,,,,,125,,,,,,,,,,,273,59,32,29,,,,449,,,,,329,,,331,,,,,,,,,,,,23,,,,,,,,,,,,200,134,23,121,,111,58,154,459,411,16,,207,140,,171,,,8,81,160,266,137,8,114,145,135,77,104,,416,,,32,28,286,512,62,1120,312,,145,185,206,,,,,,,,,,,,,,,,,,,,,,,,,,,,,,,,,,,,,,,,,,,,,,,,,,,,,126,699,214,151,570,124,236,59,155,391,56,132,163,53,209,343,345,407,,,323,65,360,,187,290,,,,,,,,,,,,,,,,,,,,,,,,,,,,,,,,,592,144,,464,,325,309,83,,191,342,324,,165,,127,229,,,194,465,301,,,,,,,574,,,522,,227,,,,,
2026-09-07T06:05:02+00:00,,265,,122,605,,,260,284,338,,262,312,417,,94,,,,,,413,245,,399,,,,,,,21,54,,223,,,,,125,126,,128,,20,,,,,,,302,33,,,45,26,,37,,168,21,120,164,84,,,40,18,103,,,,,,,205,332,225,281,201,109,224,,,,376,136,293,277,271,214,540,58,291,216,35,445,203,380,179,121,,202,326,,,153,668,60,790,222,,131,235,,279,778,26,,475,71,112,208,813,190,,517,,,383,,,,,,,,,,,,,,,,,,,,,,,,,,,,,,,,,,,,301,289,544,397,56,,,903,,591,,368,277,420,1109,423,122,280,116,53,176,234,332,149,161,,302,16,141,897,,,,,,,,,39,292,,,,,,383,,9,,,,,,,,,,,96,,,,,56,,,,,,,,,,,,498,157,148,229,226,400,,373,65,,385,305,302,538,265,274,456,73,,209,407,71,,1088,,,,352,,,,,,,,,,,,,,55,33,27,,,,448,,,,232,328,,,328,,,,,,,,,,,,21,,,,,,,,,,,,196,133,17,120,91,108,55,141,450,410,15,32,200,142,,166,,,7,79,155,257,134,5,100,138,132,71,98,144,399,,140,28,21,284,496,,1119,301,,,183,198,,,,,,,,,,,,,,,,,,,,,,679,,168,10,,,257,264,472,310,327,,,151,113,,,,,,64,,,256,87,255,,165,218,174,,124,692,211,143,568,123,232,,,,,,,,,,,,,,,,,,,,,,,,,,,,,,,,,,,,,,,,,,,,,,,,,,,,583,143,,461,79,321,,,554,,,,,,,,,,,195,463,,,,,,,,573,,,520,,225,49,,,366,116
2026-09-07T06:10:01+00:00,189,264,,121,601,54,,258,,336,,256,,410,,91,,,,,159,411,235,,398,,,,,55,931,,48,64,,,,,,122,,,127,,,,,,,,,301,,,,43,27,6,40,,,22,118,161,,,,39,19,,,,325,,,166,,,,,,,,,,,375,135,289,270,265,208,530,59,290,215,36,443,202,377,177,119,,197,325,,150,,664,59,,221,80,115,227,223,273,770,,,474,65,108,207,807,189,272,516,58,,,,,,,,290,,,,,474,,,,,180,184,,,,,,,,,,,,,,,,,,,300,268,541,377,53,,,900,,589,,364,,,,,,,,,,,,,155,,303,16,,894,,,,,,,,,38,,,,,,,378,,,,,,,,,,,,,99,,,,,,,,,,,,,,,,,491,151,143,225,225,397,,371,62,,382,301,298,533,259,264,448,,,205,398,67,,1075,,,,353,,126,,,,,,,,,,,271,,32,,,,,450,,,25,,,,,325,,,,,,,,,,,,16,,,,,,,,,,,,190,,,119,90,107,56,136,448,408,12,30,195,140,,164,,,,80,150,,133,,97,133,,70,92,,385,,,,19,,489,,1115,,,,181,192,,,,,,,,,,,,,,,,,,,,,,677,,164,8,672,,252,260,467,,322,,,,111,,,,,,,,,249,,250,,160,213,161,,122,690,210,140,558,124,,,,,,,,,,,,,,,,,,,,,,,,,,,,,,,,,,,,,,,,,,,,,,,,,,,,,582,,,460,76,319,308,84,553,,,,,,,123,228,,,194,460,299,,,,,,,571,,,518,,222,50,,,362,
2026-09-07T06:15:01+00:00,188,262,,,597,,,,280,335,,250,310,405,,87,,,,,158,,223,374,371,,,,,56,925,,44,,224,,,,,118,125,,126,,19,,,,,,,,,,,47,,,37,,167,20,116,,,235,,,20,,,,320,,,164,200,328,219,277,194,104,220,,,,370,125,284,267,257,202,514,52,286,211,19,425,199,373,173,116,,182,318,396,,150,659,58,786,211,78,100,218,220,268,745,,,470,62,,,,,,,,,,,,,,,,,,,,,,,,,,,,,,,,,,,,,,,,,,,,,299,256,,372,50,,,885,327,581,,,276,421,1094,421,121,278,115,51,172,230,329,144,,,,,,,,,,,,,,,,293,,,,,,367,,7,,150,,,,,,,,,95,,,,,,,,,,,,,,,,,,,,,,,,,,,374,295,296,529,256,254,442,71,,203,390,63,,1072,,,,,,,,,,,,,,,,,,,,,,,,,,,,,,,,,,,,,,,,,,,,,,,,,,,,,,,,,,,,,,,,,,,,,,,,,,,,,,,,,,,,,,,,,,,,,,,,,,,,,,,,,,,,,,,,,,,,,,,,,,,,,,,,,,,,,,149,,,,,,,,,,,,,,,,,,,,,,,,,,,,,,,,,,,,,,,,,,,,,,,,,,,,,,,,,,,,,,,,,,,,,,,,,,,,574,141,123,,73,320,307,,550,190,338,324,94,164,,122,,,,193,456,300,,,,,,521,570,,,512,,220,52,,,360,115
2026-09-07T06:15:02+00:00,,,,,,,,,,,,,,,,,,,,,,,,,,,,,,,,,,,,,,,,,,,,,,,,,,,,,,,,,,,,,,,,,,,,,,,,,,,,,,,,,,,,,,,,,,,,,,,,,,,,,,,,,,,,,,,,,,,,,,,,,,,,,,,,,,,,,,,,,,,,,,,,,,,,,,,,,,,,,,,,,,,,,,,,,,,,,,,,,,,,,,,,,,,,,,,150,,302,16,140,893,,,,,,,,,,,,,,,,,,,,,,,,,,,,,,,,,,,,,,,,,,,,,193,480,142,138,224,220,392,,367,59,9,,,,,,,,,,,,,,,,,,352,,,,,,,,,,,,,269,49,,25,,,,,,,27,231,340,,,323,,,,,,,,,,,,14,,,,,,,,,,,,181,131,,116,84,106,55,117,440,407,11,31,,136,39,158,13,,6,79,148,254,132,6,90,131,130,67,87,142,348,,139,27,20,279,488,63,1111,299,,,174,188,,,,,,,,,,,,,,,,,,,,,,,,,,,,,,,,,,,,,,,,,,,,,,,,,,,,,119,681,,136,546,,230,57,151,390,44,130,162,51,203,342,,399,223,,321,64,345,,177,285,,,,,,,,,,,,,,,,,,,,,,,,,,,,,,,,,,,,,,,,,,,,,,,,,,,,,,,,,,,,,,,,,,,,,,,
2026-09-07T06:20:01+00:00,,259,,,591,53,,256,278,,,251,,397,,84,,,,,157,409,217,372,370,,,,,53,923,,38,,,,,,,,126,,123,,,,,,,,,295,,98,,48,24,7,33,,,23,,157,,234,,38,19,104,,,319,,,,198,,,,,,,,,,,,,,,,,,,,,,,,,,,,,,,,,,,,,,,,,,,,,,99,,795,183,271,515,,,381,,,,,,,,,,,466,,,,,178,179,,,,,,,,,,,,,,,,,,,297,241,536,369,46,,,880,,,,358,,,,,,,,,,,,,,,301,16,138,,,,,,,,,,,296,,,,,,347,,6,98,149,,,,,,,,,94,,,,,57,,,,,,,,,,,191,478,139,132,221,213,391,,,60,,363,288,291,524,254,243,427,70,,199,385,60,,1064,,,,353,,,,,,,,,,,,,267,50,33,,,,,,,,,233,,,,321,,,,,,,,,,,,13,,,,,,,,,,,,178,129,14,115,85,104,,102,435,405,,,191,133,37,156,,,,78,146,253,,5,87,128,128,63,79,,328,40,,24,,,,,,,,,,,,,,,,,,,,,,,,,,,,,,,,665,85,154,1,665,,235,,464,309,321,,,,109,,,,,,61,,,240,86,233,,144,202,132,,117,675,211,133,538,123,232,,,,,,,,,,,,,,,,,,,,,,,,,,,,,,,,,,,,,,,,,,,,,,,,,,,,571,,,452,,318,,,549,,,,,,,119,,,,,454,301,,,,,,520,566,,,509,,216,,,,,113
2026-09-07T06:25:01+00:00,,258,,120,586,52,,255,277,,,248,309,391,,81,,,,,,408,207,,368,,,,,,928,,37,65,,,,,,117,,,121,,,,,,,139,,292,,,,47,19,,30,,,24,,155,,,90,36,,,,,314,,,154,196,332,216,274,192,,215,,,,371,122,276,260,255,198,505,43,285,209,13,418,197,372,172,,117,169,,390,149,151,656,59,780,204,,91,213,218,262,723,,,467,58,,,,,,,,,,,,,,,,,,,,,,,,,,,,,,,,,,,,,,,,,,,,,298,231,531,359,41,,,868,329,577,,352,274,420,1067,412,119,272,111,48,169,233,326,139,151,,302,16,136,892,,,,,,,,,,,,,,,,345,,,,148,,,,,,,,,91,,,,,,,,,,,,,,,,,471,132,126,217,214,388,,361,61,,360,285,286,519,252,225,423,63,,197,,55,,,,,,354,,,,,,,,,,,,,261,49,32,24,,,,,,,,231,341,,,317,,,,,,,,,,,,14,,,,,,,,,,,,177,,,114,,101,56,89,426,403,,,186,131,35,157,,,5,,141,250,131,1,82,123,126,60,67,,301,,138,20,12,273,479,62,1105,297,,,173,182,,,,,,,,,,,,,,,,,,,,,,661,,,0,,,229,,461,304,,,,,,,,,,,59,,,233,,223,,145,,,,113,672,209,,535,,230,,,,,,,,,,,,,,,,,,,,,,,,,,,,,,,,,,,,,,,,,,,,,,,,,,,,565,142,,450,69,314,306,82,547,186,332,315,93,,,118,226,94,,,453,300,,,,,,516,565,120,,507,,,,,,358,112
2026-09-07T06:30:01+00:00,187,257,,,578,50,,254,,,,247,301,380,,79,,,,,156,,195,371,365,,,,,56,929,,39,66,223,,,,,118,125,,,,18,,,,,138,,293,,,,,,6,32,,,,113,151,83,,89,35,20,102,,,309,,,158,195,,,,,,,,,,,,,,,,,,,,,,,,,,,,,,,,,,,,,,,,,,,,,,97,204,769,,270,509,57,,378,,,,,,287,,,,,453,,,,,177,178,,,,,,,,,,,,,,,,,,,296,222,528,345,39,,,855,328,575,,340,,,,,,,,,,,,,146,,,16,,,,,,,,,,,,297,,,,,,342,,,,149,,,,,,,,,,,,,,,,,,,,,,,,,,464,130,123,214,211,,,359,,,358,282,280,508,247,220,421,62,,193,380,52,,1060,,,,353,,,,,,,,,,,,,,48,30,23,,,,,,,,229,340,,,314,,,,,,,,,,,,,,,,,,,,,,,,174,125,13,,83,100,55,79,419,,,,184,130,,,,,,77,135,,,2,78,122,124,55,63,140,275,,,17,9,272,475,,1102,295,,143,,180,,,,,,,,,,,,,,,,,,,,,,,,150,,,,,,,,,,,,108,,,,,,,,,,83,,,,196,120,,108,670,203,130,527,125,223,58,145,383,40,129,160,50,211,340,344,394,221,,319,,335,,174,282,,,,,,,,,,,,,,,,,,,,,,,,,,,,,,,,,559,143,,447,67,312,,,546,,,,,163,,116,227,,,192,,,,,,,,,563,,,505,,,51,,,,
2026-09-07T06:35:01+00:00,185,258,,121,574,49,,253,276,334,,246,302,377,,77,,,,,155,407,188,370,,,,,,54,930,,40,64,224,,,,,116,,,120,,16,,,,,137,,288,32,,,48,18,7,33,,,25,115,143,,235,,,21,103,,,,,,,,326,212,271,186,100,212,,198,,365,131,262,252,247,189,487,38,279,206,22,393,194,373,171,,,156,314,383,,147,649,57,768,194,80,80,200,220,254,684,,6,466,52,,,,,,,,,,,,,,,,,,,,,,,,,,,,,,,,,,,,,,,,,,,,,,208,524,337,40,,,843,327,572,,327,273,,1049,406,116,267,109,49,166,232,321,133,,,300,16,133,891,,,,,,,,,37,298,,,,,,330,,,97,148,,,,,,,,,90,,,,,,,,,,,,,,,,,456,121,120,210,206,382,,357,60,,348,271,269,494,242,215,416,,,185,375,50,,1058,,,,352,,125,,,,,,,,,,,259,46,28,21,,,,448,,,,,,,,,,,,,,,,,,,,17,,,,,,,,,,,,164,121,10,113,81,96,54,70,416,401,,,182,123,33,151,,,,75,133,,,3,74,123,122,48,59,141,254,,,13,6,270,383,63,1101,293,,142,170,,,,,,,,,,,,,,,,,,,,,,,648,,144,,657,,225,,448,301,315,,,,106,,,,,,53,,,227,80,200,145,153,183,114,,102,665,198,131,522,126,216,,,,,,,,,,,,,,,,,,,,,,,,,,,,,,,,,,,,,,,,,,,,,,,,,,,,551,,,445,66,310,307,83,545,,,,,,,114,,,,189,452,299,,,,,,515,557,,,499,,214,50,,,353,
2026-09-07T06:40:01+00:00,183,253,,,573,48,,251,273,333,,236,,367,,78,,,,,,406,181,369,363,,96,,,52,924,22,34,62,,,,,,113,,,121,,,,,,,,,287,,99,,47,,,23,,,24,116,138,,,,36,19,102,,,306,,,155,196,,,,,,,,,,361,119,257,234,230,180,477,35,274,205,6,377,191,369,162,,116,132,308,376,150,148,632,58,765,173,78,69,194,222,248,658,,7,467,47,94,,747,175,,507,,,377,,,,,,,,,,,442,,,,,,175,,,,,,,,,,,,,,,,,,,295,192,521,333,41,,,834,326,570,,321,,,,,,,,,,,,,145,,304,16,136,885,,,,,,,,,,,,,,,,325,,7,98,,,,,,,,,,89,,,,,56,,,,,,,,,,,192,453,120,116,207,203,381,,359,62,,338,273,268,480,237,204,405,60,,178,369,49,,1053,,,,,,,,,,,,,,,,,258,48,27,20,,,,,,,,,,,,310,,,,,,,,,,,,14,,,,,,,,,,,,163,,,,82,,53,65,415,399,,,177,119,32,152,,,,74,130,248,130,,73,124,119,46,53,,251,,137,11,,,,,,,,,,,,,,,,,,,,,,,,,,,,,,,,641,,133,,658,,222,,440,300,314,,,,105,,,,,,52,,,222,81,194,,148,174,109,,97,659,196,124,511,,214,,,,,,,,,,,,,,,,,,,,,,,,,,,,,,,,,,,,,,,,,,,,,,,,,,,,547,142,,,63,307,,,542,,,,,,,113,224,,,187,446,300,,,,,,,553,,,492,,212,49,,,354,
2026-09-07T06:45:02+00:00,178,247,,,571,39,,250,,331,,234,299,369,,74,,,,,153,403,174,364,365,,,,,51,919,,29,60,225,,,,,111,126,,123,,14,,,,,,,284,,100,,46,,,,,,23,,136,84,234,88,35,20,,,,305,,,,197,,208,265,187,95,211,,196,,,,,,,,,,,,,,,,,,,,,,,,,,,,,,,,,,,,,,,,,,,,,,,,,,,,,,,,,,,,,,,,,,,,,,,,,,,,,,,,,,293,182,518,326,39,,,820,,566,,313,,,1023,387,114,257,103,48,165,233,318,115,139,,305,16,134,879,,,,,,,,,36,,,,,,,313,,5,97,147,,,,,,,,,84,,,,,,,,,,61,,,,,,189,449,114,110,208,197,377,,355,,8,337,259,258,470,234,200,397,58,,174,363,47,,1050,,,,,,124,,,,,,,,,,,262,45,,18,,,,,,,,228,341,,,302,,,,,,,,,,,,,,,,,,,,,,,,153,114,9,112,80,93,51,53,405,394,,,174,116,,148,,,4,72,127,242,129,2,69,120,115,43,50,137,241,,,6,0,258,372,,1093,289,,,168,175,,,,,,,,,,,,,,,,,,,,,,,,,,,,,,,,,,,,,,,,,,,,,,,,,,,,,96,655,,121,508,125,212,,,,,,,,,,,,,,,,,,,,,,,,,,,,,,,,,,,,,,,,,,,,,,,,,,,,543,143,,,60,308,,,541,,,,,,,114,222,,,184,445,299,,,,,,513,552,,,486,,211,,,,355,111
2026-09-07T06:50:01+00:00,177,246,,,569,37,,246,268,,,236,297,365,,,,,,,,402,164,,366,,,,,,918,,30,,226,,,,,110,,,121,,15,,,,,139,,281,33,,,44,20,,20,,,,110,135,,233,,34,,103,,,303,7,,,198,,,,,,,,,,357,110,250,226,224,175,474,34,270,203,,364,188,366,159,,115,124,305,374,149,,628,,,169,,64,191,218,242,636,,,,45,,,,,,,,,,,,,,,280,,,,,431,,,,,175,170,,,,,,,,,,,,,,,,,,,285,175,516,325,34,,,815,,564,,308,,,,,,,,,,,,,136,,304,16,126,875,,,,,,,,,33,299,,,,,,311,,3,,146,,,,,,,,,83,,,,,,,,,,,,,,,,188,440,110,107,205,194,370,,353,63,,334,251,255,461,233,198,387,,,173,361,44,,1048,,,,351,,,,,,,,,,,,,259,40,24,17,,,,,,,,225,,,,298,,,,,,,,,,,,13,,,,,,,,,,,,154,113,8,111,81,92,,47,404,393,,,173,111,33,147,,,,70,125,239,,0,67,118,113,42,,,,,138,5,,250,,,1091,286,,,,169,,,,,,,,,,,,,,,,,,,,,,637,,124,1,655,,218,,436,298,310,,,145,,,,,,,50,,,216,80,186,,140,160,105,,94,642,195,116,499,,205,56,140,377,32,124,158,48,,336,342,387,218,,317,,328,,169,281,,,,,,,,,,,,,,,,,,,,,,,,,,,,,,,,,534,144,,443,59,304,308,82,534,161,317,,89,,,,223,91,,180,443,296,,,,,,,548,116,,481,,210,47,,,356,112
2026-09-07T06:55:02+00:00,174,240,,,568,36,,245,267,327,,233,292,356,,73,,,,,152,398,161,362,364,,95,,,50,913,,33,61,228,,,,,105,,,,,14,,,,,,,280,32,,,46,16,,22,,,21,109,134,,234,,,,105,,,296,,,156,199,324,195,257,177,93,208,,,,,,,,,,,,,,,,,,,,,,,,,,,,,,,,,,,,,,,,,,,,,,,,,,,,,,,,,,,,,,,,,,,,,,,,,,,,,,,,,,,,286,159,512,321,33,,,810,,554,,304,,417,1010,369,111,250,96,,162,230,313,104,131,,300,16,,873,,,,,,,,,,,,,,,,305,,2,95,,,,,,,,,,84,,,,,,,,,,,,,,,,186,435,108,100,199,190,371,,349,62,,328,243,251,456,230,190,384,,,163,353,,,1045,,,,,,,,,,,,,,,,,260,36,25,,,,,,,,,221,340,,,293,,,,,,,,,,,,,,,,,,,,,,,,147,112,6,106,75,91,48,35,393,385,,29,170,106,30,142,,,3,68,120,233,126,,66,111,107,39,31,136,228,,139,2,1,251,366,64,1090,285,,,169,164,,,,,,,,,,,,,,,,,,,,,,629,,118,0,650,,209,,429,295,306,,,141,104,,,,,,49,,,211,77,174,144,117,153,95,,91,636,190,110,486,124,203,,,,,,,,,,,,,,,,,,,,,,,,,,,,,,,,,,,,,,,,,,,,,,,,,,,,531,142,124,437,,299,,83,532,160,314,309,,161,,113,,,,174,437,294,,,,,,512,544,115,,,,,,,,355,111
2026-09-07T07:00:02+00:00,173,239,,,562,34,,,263,323,,226,285,344,,72,,,,,151,397,146,361,361,,94,,,,910,,27,,227,,,,,103,125,,120,,,,,,,140,,278,31,,,,,,26,,,,,129,,230,87,32,,104,,,,,,,,,,,,,,,,,349,97,238,210,213,158,462,33,263,201,26,354,,361,152,114,,104,298,368,,147,616,,745,148,81,55,182,,232,606,,,463,35,95,200,706,167,264,494,56,,375,,,,,,277,,,,,420,,,,,174,166,,,,,,,,,,,,,,,,,,,282,151,508,318,29,,,805,323,551,,301,,,,,,,,,,,,,,,305,16,125,869,,,,,,,,,32,300,,,,,,297,,,92,145,,,,,,,,,80,,,,,,,,,,,,,,,,184,428,106,97,200,191,367,,,60,,330,225,247,450,228,,374,,,155,341,43,,1042,,,,,,,,,,,,,,,,,,37,,16,,,,449,,,,218,342,,,290,,,,,,,,,,,,,,,,,,,,,,,,148,110,,,71,90,,33,385,379,,,169,105,27,138,,,,67,118,228,127,,65,113,103,,27,135,226,,,3,2,249,362,,1087,284,,,,161,,,,,,,,,,,,,,,,,,,,,,,,,,,,,,,,,,,,,,,,,,,,,,,,,,,,,89,632,192,111,478,126,195,,,,,,,,,,,,,,,,,,,,,,,,,,,,,,,,,,,,,,,,,,,,,,,,,,,,524,141,,429,53,297,,,533,157,315,307,88,160,,107,,,,172,436,289,,,,,,511,541,114,,480,,209,45,,,356,
2026-09-07T07:05:01+00:00,,235,,,559,35,,243,262,,,224,279,343,,,,,,,149,,140,358,358,,,,,52,906,21,,59,229,,202,,,101,126,,118,,13,,,,,139,,,,,,,,,25,,166,22,106,126,,,,29,,105,,,289,,,158,200,,194,251,168,90,,,,,345,95,235,193,195,154,452,30,252,199,9,336,187,356,144,,,88,291,358,148,146,604,55,742,157,79,51,178,214,222,564,,,458,29,,,,,,,,,,,,,,,,,,,,,,,,,,,,,,,,,,,,,,,,,,,,,281,144,505,309,25,,,797,,542,,295,,422,1005,362,,246,91,46,158,229,,97,129,,307,16,121,864,,,,,,,,,31,299,,,,,,300,,4,91,,,,,,,,,,79,,,,,,,,,,,,,,,,183,425,101,96,195,189,358,,347,57,,328,217,245,440,,186,363,,,149,336,44,,1039,,,,347,,,,,,,,,,,,,261,32,,18,,,,,,,,216,343,,,287,,,,,,,,,,,,,,,,,,,,,,,,145,108,5,103,66,89,,31,381,375,,,168,106,29,136,,,,69,116,224,126,,63,110,96,,23,132,223,,138,4,1,250,364,,1084,,,,167,157,,,,,,,,,,,,,,,,,,,,,,,,,,,,,,,,,,,,,,,,,,,,,,,,,,,,,,628,191,108,473,123,191,61,133,369,27,116,154,45,204,332,339,388,217,,310,63,316,,166,272,,,,,,,,,,,,,,,,,,,,,,,,,,,,,,,,,521,140,,,51,293,307,82,532,155,311,306,85,157,,105,221,,,167,434,,,,,,,510,537,,,479,,207,,,,355,110
2026-09-07T07:10:02+00:00,172,232,,,,34,,244,260,322,,225,277,339,,,,,,,148,,137,360,,,,,,55,898,,28,,227,,,,,,,,117,,,,,,,138,,,30,96,,51,17,,21,,164,,104,124,,228,,28,19,,,,285,,,,201,,,,,,,,,,,,,,,,,,,,,,,,,,,,,,,,,,,,,,,,,,,,,,,195,693,168,262,492,,,,,,,,,270,,,,,410,,,,,171,168,,,,,,,,,,,,,,,,,,,280,146,501,295,,,,,,538,,286,,,,,,,,,,,,,128,,310,16,118,854,,,,,,,,,30,,,,,,,293,,,90,144,,,,,,,,,78,,,,,,,,,,,,,,,,182,418,99,,192,190,355,,342,,7,325,205,243,435,,188,360,,,150,334,43,,,,,,,,,,,,,,,,,,,262,28,26,19,,,,,,,,212,345,,,,,,,,,,,,,,,,,,,,,,,,,,,,102,6,101,62,,47,22,382,373,,,165,107,28,133,,,,,112,219,124,,,107,90,,24,131,224,,139,1,,,,,,,,,,,,,,,,,,,,,,,,,,,,,,,,620,86,120,,642,,202,,420,293,301,,,,103,,,,,,46,,,206,75,164,141,101,147,88,,,625,189,104,463,,189,,,,,,,,,,,,,,,,,,,,,,,,,,,,,,,,,,,,,,,,,,,,,,,,,,,,515,,,424,49,287,304,,530,157,306,,,155,,103,220,,,165,432,287,,,,,,509,534,,,477,,206,,,,,109
2026-09-07T07:15:02+00:00,170,229,,,557,32,,242,259,321,,218,273,333,,,,,,,146,396,135,361,359,,95,,,,894,20,26,58,,,,,,97,123,,115,,15,,,,,,,276,,97,,50,18,,20,,,,102,121,83,,,25,18,106,,,286,8,,,,318,180,245,161,88,204,,,,343,91,227,181,189,153,449,27,246,198,50,327,,,142,,111,78,285,350,,,595,52,730,151,77,47,173,213,214,546,,,457,28,,,,,,,,,,,,,,,,,,,,,,,,,,,,,,,,,,,,,,,,,,,,,278,150,500,290,24,,,793,,535,,282,,424,993,351,110,247,92,45,154,231,310,98,123,,311,16,112,848,,,,,,,,,29,300,,,,,,287,,3,88,,,,,,,,,,79,,,,,,,,,,,,,,,,,414,96,95,185,188,349,,339,58,,322,,241,425,227,186,354,56,,151,332,39,,1037,,,,348,,126,,,,,,,,,,,263,27,28,18,,,,,,,,209,343,,,286,,,,,,,,,,,,14,,,,,,,,,,,,147,101,,97,60,90,48,18,376,371,,27,162,105,26,132,,,2,68,109,216,122,,,104,89,37,,134,225,,138,,0,242,355,61,1071,279,,143,158,150,,,,,,,,,,,,,,,,,,,,,,617,85,117,2,640,,198,,,291,300,,,,104,,,,,,42,,,205,76,156,,,,84,,88,621,,102,451,124,186,,,,,,,,,,,,,,,,,,,,,,,,,,,,,,,,,,,,,,,,,,,,,,,,,,,,508,,,421,,284,302,,529,156,302,,86,154,,101,,90,,163,431,285,,,,,,,533,,,475,,,40,,,352,
2026-09-07T07:20:01+00:00,,227,,,551,30,,235,260,315,,209,271,,,,,,,,145,393,132,362,357,,96,,,53,892,21,25,57,228,,,,,,124,,117,,14,,,,,,,275,,98,,49,16,5,23,,163,20,97,116,84,227,88,21,,,,,,9,,156,202,,,,,,,,,,340,87,218,160,182,148,439,23,236,192,43,308,184,345,134,111,109,68,277,335,143,147,579,48,718,182,81,44,162,205,204,527,27,6,454,24,96,194,683,165,264,488,57,,378,,,,,,,,,,,402,,,,,170,167,,,,,,,,,,,,,,,,,,,277,149,499,286,19,,,789,321,523,,279,,,,,,,,,,,,,120,,310,15,109,843,,,,,,,,,28,,,,,,,278,,4,,,,,,,,,,,,,,,,,,,,,,,,,,,,404,95,93,182,180,344,,341,,,318,202,240,,223,188,348,55,,146,330,38,,1036,,,,349,,,,,,,,,,,,,,28,,19,,,,,,,,208,344,,,285,,,,,,,,,,,,,,,,,,,,,,,,,95,,96,57,89,,7,372,360,,,160,,25,131,,,,,106,210,119,,,96,80,36,25,129,,,137,3,,241,357,,1064,275,,,,152,,,,,,,,,,,,,,,,,,,,,,614,,,,636,,197,,417,288,299,,,,105,,,,,,41,,,201,73,153,140,92,140,80,,87,608,188,100,444,122,189,53,125,365,22,112,152,43,201,325,334,387,216,,301,62,315,,167,261,,,,,,,,,,,,,,,,,,,,,,,,,,,,,,,,,502,,123,419,46,280,299,,528,158,300,,84,151,,97,218,89,,158,428,284,,,,,,,530,,,467,,203,38,,,349,111
2026-09-07T07:25:01+00:00,168,225,,120,548,26,,231,259,312,,201,,324,,68,,,,,142,,124,363,352,,97,,,,891,20,22,58,230,,,,,95,,,,,15,,,,,,,,,100,,47,15,,21,,162,21,96,113,,,87,18,,105,,,280,10,,154,203,316,170,241,156,85,200,,195,,,,,,,,,,,,,,,,,,,,,,,,,,,,,,,,,,,,,,,,,,,,,,,,,,,,,,,,,,,,,,,,,,,,,,,,,,,,,,,,,,,147,498,280,15,,,783,320,508,,273,274,423,989,353,109,,,46,,229,311,95,119,,309,16,105,838,,,,,,,,,25,,,,,,,276,,3,83,,,,,,,,,,,,,,,,,,,,,,,,,,,395,94,92,176,177,337,,336,56,6,314,194,236,416,218,185,342,54,,143,325,37,,1034,,,,,,127,,,,,,,,,,,262,30,29,15,,,,,,,,211,342,,,283,,,,,,,,,,,,,,,,,,,,,,,,,93,,,,,,,370,361,10,,158,106,21,130,,,,,105,208,118,,,94,78,,21,,,,,,,236,352,59,1057,271,,,160,149,,,,,,,,,,,,,,,,,,,,,,610,,116,0,631,,,,413,286,298,,,,104,,,,,,40,,,199,74,151,,85,137,81,,84,600,183,99,422,120,191,,,,,,,,,,,,,,,,,,,,,,,,,,,,,,,,,,,,,,,,,,,,,,,,,,,,492,141,124,414,,277,,,,155,298,,,148,,,,88,,,427,283,,,,,,507,524,,,460,,202,,,,346,
2026-09-07T07:30:01+00:00,165,221,,,543,28,,227,258,,,193,268,322,,66,,,,,140,391,119,357,348,,96,,,,,,23,,,,,,,,,,120,,,,,,,137,,274,,,,,,,17,,,,94,111,83,228,,19,19,104,,,278,12,,,199,,,,,,,,,,337,84,214,155,175,143,427,22,235,191,,294,,339,130,,,66,272,331,,144,572,47,,172,84,41,164,201,201,523,,,453,22,97,192,669,158,259,486,,,377,,,,,,262,,,,,393,,,,,,160,,,,,,,,,,,,,,,,,,,278,,,283,14,,,778,319,507,,272,,,,,,,,,,,,,115,,306,15,102,830,,,,,,,,,24,,,,,,,271,,,81,143,,,,,,,,,78,,,,,,,,,,62,,,,,,,390,92,,,179,334,,340,58,,316,185,,414,217,179,,,,142,320,28,,1035,,,,,,128,,,,,,,,,,,,29,,13,,,,,,,26,209,341,,,279,,,,,,,,,,,,,,,,,,,,,,,,143,91,,95,51,90,,2,365,354,,26,,105,19,126,,,,67,104,201,114,,62,89,77,35,18,,224,43,136,1,,,,,,,,,,,,,,,,,,,,,,,,,,,,,,,,605,84,,,,,196,,410,283,297,,,,103,,,,,,37,,,195,73,145,,84,138,80,,,591,179,92,415,119,186,,,,,,,,,,,,,,,,,,,,,,,,,,,,,,,,,,,,,,,,,,,,,,,,,,,,481,139,121,409,45,270,295,83,525,152,292,305,,147,,96,,85,,156,425,282,,,,,,506,520,,,451,,200,36,,,345,113
2026-09-07T07:35:02+00:00,160,218,,,536,,,224,254,310,,189,261,319,,64,,,,,139,388,116,358,344,,,,,,890,21,,57,231,,198,,,92,126,,,,,,,,,,,273,29,,,44,16,,14,,161,,90,106,,,,,,,,,,,,153,200,319,165,238,158,84,195,,194,,,75,202,140,168,138,420,20,228,190,41,276,182,334,119,,108,62,270,316,140,142,567,49,706,164,81,33,161,194,183,507,,,,17,,,,,,,,,,,,,,,,,,,,,,,,,,,,,,,,,,,,,,,,,,,,,,,,,,,,,,,,,273,428,988,348,108,242,,,153,227,312,97,,,305,17,100,824,,,,,,,,,20,,,,,,,270,,4,80,,,,,,,,,,77,,,,,,,,,,,,,,,,,381,83,89,175,177,329,,335,55,,312,178,233,397,215,182,336,,,138,319,29,,1033,,,,,,,,,,,,,,,,,265,,28,11,,,,448,,,25,201,339,,,274,,,,,,,,,,,,,,,,,,,,,,,,140,88,7,93,45,,46,0,357,353,,25,152,102,16,,12,,,,102,195,113,,61,83,,34,16,127,223,44,,2,,235,347,60,1051,256,,144,,145,,,,,,,,,,,,,,,,,,,,,,597,81,119,1,630,,190,,391,,296,,,,101,,,,,,,,,192,69,143,134,71,128,68,,81,579,173,82,402,,181,50,119,364,18,108,150,,203,317,324,381,,,292,,309,,161,252,,,,,,,,,,,,,,,,,,,,,,,,,,,,,,,,,476,,120,405,44,268,288,,524,151,289,304,85,146,,94,216,,,153,424,279,,,,,,,517,,,448,,198,37,,,339,111
2026-09-07T07:40:01+00:00,155,,54,,527,25,,,250,,,192,256,301,,67,,,,,140,,112,357,345,,,,,55,897,20,15,56,232,,,,,93,125,,,,16,,,,,,,,,,,43,,,9,,,,,102,,,,20,,,,,277,11,,,201,317,167,234,156,85,193,,,,336,76,193,134,164,135,416,17,231,,40,266,180,332,118,,,59,268,310,139,140,562,47,,162,82,30,160,191,179,502,,7,451,,,190,658,154,261,480,,,,,,,,,259,,,,,382,,,,,171,155,,,,,,,,,,,,,,,,,,,,,,,,,,,,,,,,,,,,,,,,,,,113,,303,16,97,822,,,,,,,,,18,,,,,,,251,,3,81,141,,,,,,,,,,,,,,,,,,,,,,,,,,373,86,88,,176,325,,331,54,,313,179,232,387,214,180,333,,,134,317,28,,1031,,,,,,127,,,,,,,,,,,264,32,,9,,,,,,,,,,,,272,,,,,,,,,,,,,,,,,,,,,,,,139,,,90,42,,47,1,,346,9,,150,100,14,128,,,,68,,188,114,,,,75,35,13,126,221,43,,1,,,,,,,,,,,,,,,,,,,,,,,,,,,,,,,,588,,,0,628,,188,,385,,,,,,,,,,,,33,,,189,,132,133,62,,,,79,561,171,76,394,120,170,,,,,,,,,,,,,,,,,,,,,,,,,,,,,,,,,,,,,,,,,,,,,,,,,,,,468,140,119,401,40,261,289,82,523,147,281,303,,143,,92,214,86,,148,420,277,,,,,,504,,113,,444,,,35,,,,
2026-09-07T07:45:01+00:00,154,,,,518,26,,218,244,309,,190,255,297,,65,,,,,139,,109,358,343,,95,,,54,896,,13,57,233,,189,,,90,,,,,15,,,,,138,,,31,,,44,17,4,5,,,,86,101,,229,85,19,18,103,,,273,,,155,206,,,,,,,,,,335,78,191,121,162,133,400,16,,188,41,253,181,328,107,109,,52,265,300,,,560,48,682,163,86,26,159,190,177,487,25,,450,13,,,,,,,,,,,,,,,,,,,,,,,,,,,,,,,,,,,,,,,,,,,,,,,,,,,,,,,,,,429,985,343,106,241,85,,152,225,310,,108,,298,16,98,815,,,,,,,,,17,,,,,,,243,,2,77,137,,,,,,,,,75,,,,,57,,,,,,,,,,,,358,84,,170,175,320,,328,51,,309,170,223,373,212,185,329,53,,127,315,,,1028,,,,,,129,,,,,,,,,,,266,29,,8,,,,446,,,24,197,341,,,271,,,,,,,,,,,,13,,,,,,,,,,,,140,85,,,41,89,46,,354,340,,,147,98,17,127,,,,67,,183,112,,,81,74,33,14,124,,,,,,233,351,62,1037,253,,,159,148,,,,,,,,,,,,,,,,,,,,,,,,116,,,,,,,,,,,,,,,,,,,,,,,,,,125,63,,75,543,168,70,388,121,168,,,,,,,,,,,,,,,,,,,,,,,,,,,,,,,,,,,,,,,,,,,,,,,,,,,,,139,117,399,41,259,288,,,149,276,,,142,,89,211,85,,145,414,274,,,,,,501,513,,,437,,196,36,,,338,110
2026-09-07T07:50:02+00:00,150,222,,,506,25,,214,239,304,,187,253,285,,67,,,,,134,386,,356,340,,,,,49,890,18,,,234,,186,,,,126,,121,,,,,,,,,271,,99,,40,,,0,,160,,84,98,,,,17,,,,,264,10,,,204,316,168,221,146,82,188,,,,,,,,,,,,,,,,,,,,,,,,,,,,,,,,,,,,,,,,,,,,,,,,,,,,,,255,,,,,376,,,,,166,152,,,,,,,,,,,,,,,,,,,,,,246,9,,,,,473,,248,,,,,,,,,,,,,105,,293,17,93,807,,,,,,,,,12,,,,,,,236,,,75,,,,,,,,,,71,,,,,,,,,,,,,,,,,349,87,,167,174,318,,,48,,307,163,220,366,211,186,324,52,,116,310,32,,1026,,,,347,,127,,,,,,,,,,,264,,29,7,,,,,,,,,340,,,265,,,,,,,,,,,,,,,,,,,,,,,,133,,,,37,88,,0,355,334,8,,,92,26,128,11,,,66,101,174,107,,58,,,,12,116,218,,137,,,222,333,,1025,242,,143,,144,,,,,,,,,,,,,,,,,,,,,,583,,111,,621,,187,,371,281,,,,,,,,,,,32,,,192,68,126,131,55,119,56,,70,529,167,61,364,,165,45,111,362,17,98,147,45,200,309,314,365,212,,279,60,294,,155,244,,,,,,,,,,,,,,,,,,,,,,,,,,,,,,,,,465,140,,,39,253,286,,521,140,,301,84,,,87,209,83,,144,410,,,,,,,,511,,,427,,194,35,,,333,107
2026-09-07T07:55:02+00:00,,221,,119,502,,,204,231,303,,182,250,280,,66,,,,,131,383,106,355,334,,96,,,48,881,19,12,58,233,,183,,,91,125,,120,,,,,,,,,270,32,100,,39,15,,,,161,,83,99,81,,,,,,,,261,,,152,,,,,,,,,,,333,81,185,109,159,129,391,10,229,183,,243,180,,96,106,105,48,264,292,,139,556,,671,157,84,24,161,189,174,470,,,448,12,89,182,624,144,261,481,57,,375,,,,,,254,,,,,,,,,,164,150,,,,,,,,,,,,,,,,,,,,,,,,,,,,,,,,431,980,334,107,228,83,,,222,307,89,102,,292,17,86,800,,,,,,,,,9,299,,,,,,222,,1,73,136,,,,,,,,,,,,,,,,,,,,,,,,,183,341,76,89,165,173,311,,322,43,,304,151,218,356,208,,325,,,112,304,31,,,,,,,,,,,,,,,,,,,260,26,27,,,,,,,,,,338,,,263,,,,,,,,,,,,14,,,,,,,,,,,,,82,6,,34,87,47,,352,323,7,,146,88,24,130,,,,67,100,163,101,,,83,67,,6,110,,,,0,,220,321,61,1018,236,,142,160,139,,,,,,,,,,,,,,,,,,,,,,579,80,106,,614,,184,,366,280,295,,,,98,,,,,,27,,,189,66,117,127,40,113,54,,68,509,,,354,117,156,,,,,,,,,,,,,,,,,,,,,,,,,,,,,,,,,,,,,,,,,,,,,,,,,,,,462,,,398,38,246,283,80,,134,270,,85,141,,,,81,,139,408,271,,,,,,500,510,,,418,,191,33,,,,
2026-09-07T08:00:01+00:00,149,220,53,,496,22,,197,225,299,,172,,268,,64,,,,,130,384,103,351,331,,95,,,47,,,15,57,234,,182,,,,126,,123,,,,,,,,,,,99,,40,,,,,,,79,95,,,84,16,20,,,,259,9,,151,207,320,152,206,151,76,185,,193,,330,76,176,92,150,126,378,9,230,177,,225,181,330,80,107,,40,256,278,137,140,548,,664,148,85,21,151,190,168,455,,,447,9,,,,,,,,,,,,,,,,,,,,,,,,,,,,,,,,,,,,,,,,,,,,,,,,,,,,,,,,,,,,,,,,,,,,,92,,289,17,78,783,,,,,,,,,8,,,,,,,215,,3,71,,,,,,,,,,68,,,,,,,,,,,,,,,,,338,78,,163,170,303,,319,42,,299,139,,339,,179,316,49,,110,301,30,,,,,,,,126,,,,,,,,,,,256,22,28,8,,,,444,,,,196,334,,,264,,,,,,,,,,,,13,,,,,,,,,,,,,83,,,33,88,48,,,317,6,,144,,,131,,,,66,,160,99,,57,85,,,8,,219,,,,,,,,,,,,,,,,,,,,,,,,,,,,,,,,,,,,,105,,,,,,,,,,,,97,,,,,,,,,,63,,,,106,44,,60,497,163,51,342,118,149,,,,,,,,,,,,,,,,,,,,,,,,,,,,,,,,,,,,,,,,,,,,,,,,,,,,461,139,,388,,237,281,,520,,264,,,,,86,210,80,,137,406,268,,,,,,498,508,,,402,,192,32,,,313,103
2026-09-07T08:05:02+00:00,144,219,,,490,,,194,220,298,,168,247,260,,65,,,,,127,386,101,348,314,,,,,42,875,,,,,,181,,,90,,,124,,,,,,,,,268,30,98,,41,16,5,,,,22,,,80,,85,15,,102,,,253,,,147,,,,,,,,,,,,,,,,,,,,,,,,,,,,,,,,,,,,,,,,,,,,,,,,,,,,,,,,,,,,,242,,,,,375,,,,,156,145,,,,,,,,,,,,,,,,,,,,,,,,,,,,,,,,435,,319,104,229,84,45,,220,302,82,94,,290,17,74,761,,,,,,,,,2,,,,,,,197,,2,65,132,,,,,,,,,,,,,,,,,,,,,,,,,184,323,76,87,158,162,291,,,41,,300,137,,340,207,178,309,,,112,298,26,,,,,,345,,125,,,,,,,,,,,,24,,10,,,,,,,,192,333,,,263,,,,,,,,,,,,14,,,,,,,,,,,,,80,4,,27,87,,2,348,308,,,141,91,,130,,,,,,141,92,,56,88,61,,10,113,220,42,138,2,,223,297,,998,226,,139,157,135,,,,,,,,,,,,,,,,,,,,,,567,78,101,,599,,179,,348,,293,,,,,,,,,,29,,,185,59,109,,39,94,36,,57,483,161,46,321,119,144,,,,,,,,,,,,,,,,,,,,,,,,,,,,,,,,,,,,,,,,,,,,,,,,,,,,458,138,97,386,,228,279,81,518,132,255,,,,,,212,78,,133,402,269,,,,,,494,505,,,398,,,33,,,310,101
2026-09-07T08:10:02+00:00,145,220,,,485,23,,192,213,296,,169,244,252,,63,,,,,,385,100,341,311,,94,,,43,869,,9,58,231,,179,,,,125,,126,,16,,,,,,,267,,,,42,,,,,,,77,97,79,,,16,21,103,,,252,8,,151,208,316,138,203,152,71,183,,,,,,,,,,,,,,,,,,,,,,,,,,,,,,,,,,,,,,,,,,,,,,,,,,,,,,,,,,,,,,,,,,,,,,,,,,,,,,,,,,,,,,,,,,,,,,,,,,,,,,,,,,,,90,,292,17,72,743,,,,,,,,,0,,,,,,,191,,,63,130,,,,,,,,,67,,,,,,,,,,,,,,,,,313,73,86,157,166,288,,317,37,,299,123,,336,205,180,307,,,108,301,33,,,,,,342,,,,,,,,,,,,,259,23,26,,,,,,,,,194,332,,,264,,,,,,,,,,,,15,,,,,,,,,,,,131,77,5,88,,86,47,0,344,302,,,,83,,125,,,,,,134,89,,57,86,59,,14,114,221,,,3,,222,298,,975,222,,137,,132,,,,,,,,,,,,,,,,,,,,,,556,77,93,,590,,,,338,279,,,,,98,,,,,,31,,,184,58,104,,33,85,33,,52,466,158,42,305,121,141,,105,364,12,89,145,43,196,310,312,355,213,,261,59,286,,151,233,,,,,,,,,,,,,,,,,,,,,,,,,,,,,,,,,455,139,,,,,280,77,515,119,256,300,84,,,85,209,,,136,401,,,,,,,488,504,,,391,,188,32,,,302,102
2026-09-07T08:15:01+00:00,144,219,,,482,22,,185,209,295,,,242,247,,62,,,,,126,382,96,340,298,,95,,,42,865,,7,57,229,,171,,,91,126,,,,,,,,,,,265,,97,,41,,4,,,160,21,74,96,80,228,84,13,22,,,,249,7,,153,207,,,,,,,,,,328,74,170,82,151,130,370,10,228,,42,204,182,331,69,,104,37,258,250,135,,544,46,649,138,87,18,134,186,160,445,,,443,11,87,170,594,131,256,477,56,,376,,,,,,228,,,,,374,,,,,154,141,,,,,,,,,,,,,,,,,,,,,,,,,,,,,,,,434,977,308,105,227,83,44,,216,295,75,91,,287,17,69,733,,,,,,,,,,,,,,,,188,,1,62,129,,,,,,,,,68,,,,,,,,,,,,,,,,182,304,69,85,158,164,278,,319,36,,295,,214,333,203,181,303,50,,107,293,29,,1025,,,,340,,,,,,,,,,,,,257,21,28,11,,,,,,,25,189,327,,,259,,,,,,,,,,,,,,,,,,,,,,,,135,76,,84,23,85,,,,299,,,139,82,23,126,,,,68,,127,88,,58,88,56,34,,113,220,,137,,,221,,,961,219,,,161,128,,,,,,,,,,,,,,,,,,,,,,,,,,,,,,,,,,,,,,,,,,,,,,,,,,,,,50,451,155,40,286,,142,,,,,,,,,,,,,,,,,,,,,,,,,,,,,,,,,,,,,,,,,,,,,,,,,,,,454,140,,384,39,224,277,76,514,114,247,,,138,,83,208,,,130,404,268,,,,,,,501,,,378,,186,30,,,295,103
2026-09-07T08:20:01+00:00,143,,54,,476,21,,178,203,294,,168,239,235,,,,,,,121,381,95,334,291,,,,,38,866,17,3,56,228,,168,,,92,,,,,,,,,,136,,263,,,,,,,,,161,,75,93,,,,16,,,,,251,,,152,205,,,,,,,,,,,,,,,,,,,,,,,,,,,,,,,,,,,,,,,,,,,,,,,,,,,,,,,,,,,,,,,,,,,,,,,,,,,,,,,,,,,,,,,,,,,,,,,,,,,,,,,,,,,,,,,,,,,,,,,,,,,,,,,,,,,,,,,,,,,,,,,,,,,,,,,,,,,,,,,,,,,,,,,,,,,,,,,,121,210,326,204,183,296,49,,99,286,31,,,,,,,,,,,,,,,,,,,,,,,,,,,,,,,,,,,,,,,,,,,,,,,,,,,,,,,,,,,,,,,,,,,,,,,,,,,,,,,,,,,,,,,,,,,,,,,,,,,,,,,,,,,,,,,,,,,,,,,,,,,551,,80,1,573,,176,,329,,292,,,,96,,,,,,30,,,182,56,98,133,20,70,21,,,,,,,,,,,,,,,,,,,,,,,,,,,,,,,,,,,,,,,,,,,,,,,,,,,,,,,,,,,,452,141,95,383,35,211,267,,513,107,239,301,82,,,,207,,,129,405,267,,,,,,,499,,,373,,185,29,,,291,99
2026-09-07T08:20:02+00:00,,,,,,,,,,,,,,,,,,,,,,,,,,,,,,,,,,,,,,,,,,,,,,,,,,,,,,,,,,,,,,,,,,,,,,,,,,,,,,319,125,194,144,70,179,,,,325,72,157,74,155,126,350,,226,176,44,182,183,,60,,,32,249,221,134,142,541,41,637,130,86,16,132,182,156,433,,,442,,,,,,,,,,,,,,,,,,,,,,,,,,,,,,,,,,,,,,,,,,,,,,275,130,497,234,3,,,720,312,413,,205,,,,,,,,,,,,,,,285,17,59,717,,,,,,,,,,,,,,,,,,4,58,128,,,,,,,,,69,,,,,,,,,,61,,,,,,,302,66,84,156,159,274,,315,39,5,,,,,,,,,,,,,,,,,,335,,124,,,,,,,,,,,,,25,12,,,,442,,,,,322,,,,,,,,,,,,,,,,,,,,,,,,,,,129,77,4,83,24,,,2,339,288,,,140,84,26,124,,,1,67,101,118,75,,57,87,54,33,13,108,221,,138,1,,219,,,948,213,,135,163,127,,,,,,,,,,,,,,,,,,,,,,,,,,,,,,,,,,,,,,,,,,,,,,,,,,,,,48,431,140,33,331,120,138,,,,,,,,,,,,,,,,,,,,,,,,,,,,,,,,,,,,,,,,,,,,,,,,,,,,,,,,,,,,,,,,,,,,,,,,,,,,,,,,,,,,,,,,,,
2026-09-07T08:25:01+00:00,141,,,,471,15,,176,200,293,,164,238,228,,,,,,,119,380,93,328,292,,93,,,,864,,2,,229,,166,,,93,125,,,,,,,,,,,260,,,,43,12,5,,,,,,91,79,,,13,,106,,,,9,,148,207,,,,,,,,,,,,,,,,,,,,,,,,,,,,,,,,,,,,,,,,,,,,,,83,163,575,125,253,476,,,375,,,,,,212,,,,,,,,,,146,139,,,,,,,,,,,,,,,,,,,272,129,,232,,,,715,311,403,,202,272,436,976,307,104,,79,,153,213,289,71,88,,281,17,,700,,,,,,,,,,,,,,,,192,,3,52,,,,,,,,,,68,,,,,,,,,,,,,,,,,291,70,,152,,265,,311,42,,293,99,209,320,206,186,295,,,96,284,30,,,,,,332,,,,,,,,,,,,,250,18,,13,,,,441,,,,188,320,,,260,,,,,,,,,,,,,,,,,,,,,,,,126,,3,84,20,84,45,1,335,,,,137,87,27,123,,,,68,,114,,,,92,53,31,12,105,222,,137,0,,,,,,,,,,,,,,,,,,,,,,,,,,,,,,,,,,,,571,,,,,280,,,,,,,,,,,,,,,,94,,,,,,43,418,138,30,330,,132,40,102,366,16,81,139,39,195,308,306,349,212,,252,58,270,,148,219,,,,,,,,,,,,,,,,,,,,,,,,,,,,,,,,,449,,,377,34,207,265,,509,,235,,81,,,,,,,125,404,,,,,,,486,497,,,374,,184,28,,,283,
2026-09-07T08:30:02+00:00,142,220,53,,,17,,164,198,292,,158,,227,,61,,,,,117,377,90,,281,,,,,,857,,0,55,,,163,,,94,124,,130,,,,,,,133,,255,,,,42,,,,,,,73,87,,,,11,,,,,,12,,149,205,314,109,188,149,65,174,,,,,64,153,69,156,125,346,7,,177,,166,,330,58,,,29,248,218,,,537,42,613,129,88,17,125,183,155,431,,,,12,,,,,,,,,,,,,,,,,,,,,,,,,,,,,,,,,,,,,,,,,,,,,271,128,498,231,,,,711,308,395,,194,,,,,,,,,,,,,83,,283,17,55,683,,,,,,,,,,300,,,,,,190,,5,54,125,,,,,,,,,,,,,,,,,,,,,,,,,,280,64,82,147,155,263,,308,41,,289,91,204,318,207,187,289,,,95,288,31,,1022,,,,329,,,,,,,,,,,,,,17,27,,,,,439,,,,187,319,,,252,,,,,,,,,,,,16,,,,,,,,,,,,121,,2,,22,,,2,334,281,7,,140,,25,120,,,,69,100,106,71,,56,91,51,,13,107,,,,1,,217,281,,934,210,,131,162,123,,,,,,,,,,,,,,,,,,,,,,546,,82,0,,,177,,318,,293,,,,,,,,,,29,,,,52,,129,14,,15,,44,406,136,21,329,118,128,,,,,,,,,,,,,,,,,,,,,,,,,,,,,,,,,,,,,,,,,,,,,,,,,,,,447,,,375,35,203,258,,507,99,230,300,,137,,82,205,76,,121,403,268,,,,,,480,494,,,354,,182,29,,,,
2026-09-07T08:35:02+00:00,140,221,,,467,15,,157,194,289,,155,236,226,,,,,,,115,,87,326,278,,,,,,854,,3,54,228,,161,,,93,125,,,,15,,,,,,,257,,,,45,14,,,,160,20,,85,,,,10,21,107,,,,11,,152,206,,105,187,152,66,176,,,,326,59,147,65,154,,338,6,,,45,,,331,52,,,28,241,201,135,,536,41,604,126,86,,126,186,152,,,,444,,82,161,553,123,248,472,55,,372,,,,,,199,,,,,371,,,,,140,136,,,,,,,,,,,,,,,,,,,,,,,,,,,,,,,,420,974,297,103,216,76,45,,211,280,66,75,,275,17,,669,,,,,,,,,,,,,,,,185,,,53,,,,,,,,,,,,,,,58,,,,,,,,,,,,278,70,78,142,157,258,,306,40,,291,88,203,310,,190,286,,,,290,32,,1023,,,,325,,122,,,,,,,,,,,251,,,12,,,,,,,,188,316,,,249,,,,,,,,,,,,,,,,,,,,,,,,114,76,,,21,83,,1,331,278,,26,137,86,30,118,,,,68,,109,69,,,86,49,,12,105,,,136,,,,277,,932,208,,,165,,,,,,,,,,,,,,,,,,,,,,,541,74,76,,567,,176,,303,279,292,,,,95,,,,,,,,,181,50,85,127,,65,12,,45,398,,11,318,,125,,,,,,,,,,,,,,,,,,,,,,,,,,,,,,,,,,,,,,,,,,,,,,,,,,,,446,140,94,370,33,200,260,,509,94,,,,,,81,204,,,120,406,270,,,,,,479,,,,353,,,28,,,276,
2026-09-07T08:40:01+00:00,138,222,,,464,14,,140,188,287,,152,237,215,,62,,,,,110,379,86,323,277,,,,,37,852,,9,53,,,163,,,,,,131,,,,,,,132,,,,,,46,16,,,,,,70,,80,,,8,,109,,,256,12,,148,211,,,,,,,,,,,,,,,,,,,,,,,,,,,,,,,,,,,,,,,,,,,,,,,,,,,,,,,,,,,,191,,,,,,,,,,138,134,,,,,,,,,,,,,,,,,,,,,,,,,,,,,,,,,,,,,,,,,,,79,,279,17,53,660,,,,,,,,,,298,,,,,,179,,6,55,,,,,,,,,,,,,,,57,,,,,,,,,,,,277,,77,144,152,256,,310,,,286,87,201,308,210,189,282,,,,293,26,,1021,,,,323,,121,,,,,,,,,,,,16,25,11,,,,,,,23,186,311,,,246,,,,,,,,,,,,14,,,,,,,,,,,,113,75,,80,23,82,,0,328,270,8,,,85,34,120,,,,,99,,64,,,87,,32,11,102,224,43,135,0,,,,,,,,,,,,,,,,,,,,,,,,,,,,,,,,537,,78,,,,,,,,291,,,,,,,,,,28,,,179,49,,124,,66,,,42,382,133,7,316,,126,,99,365,13,82,,41,185,293,294,329,208,,241,57,246,,150,214,,,,,,,,,,,,,,,,,,,,,,,,,,,,,,,,,445,139,,368,31,193,256,77,508,,,,,136,,80,,,,115,404,269,,,,,,,495,,,351,,178,30,,,273,98
2026-09-07T08:45:02+00:00,135,,,118,461,11,,137,185,288,,148,,212,,,,,,,109,374,85,322,271,,,,,38,845,,8,,226,,159,,,,123,,133,,,,,,,,,256,,,,47,14,,,,,,,84,,,83,,,110,,,252,,,143,212,315,108,180,141,67,173,,,,324,63,134,68,147,124,333,5,225,,46,134,,328,31,108,,24,235,185,136,143,533,39,592,125,,16,,187,145,412,,6,443,8,84,154,527,112,,468,54,,370,,,,,,,,,,,,,,,,,,,,,,,,,,,,,,,,,,,,,,,,,,,,,,,,,425,967,287,,212,69,44,,210,273,59,72,,276,17,,651,,,,,,,,,,299,,,,,,185,,5,52,,,,,,,,,,67,,,,,56,,,,,60,,,,,,,271,,79,143,149,249,,316,41,,290,90,202,301,209,192,,48,,91,291,28,,1019,,,,326,,120,,,,,,,,,,,,15,,9,,,,,,,21,,302,,,,,,,,,,,,,,,15,,,,,,,,,,,,110,76,,,19,83,44,,327,262,,27,136,87,33,,,,,,,106,58,,,85,46,31,9,100,225,,134,1,,212,264,62,913,191,,130,168,114,,,,,,,,,,,,,,,,,,,,,,531,72,73,,563,,,,294,,290,,,,97,,,,,,27,,,176,47,84,123,,60,,,43,373,,8,318,117,121,,,,,,,,,,,,,,,,,,,,,,,,,,,,,,,,,,,,,,,,,,,,,,,,,,,,444,,,369,27,191,255,,507,81,235,297,80,135,,81,,72,,112,403,267,,,,,,,494,111,,348,,,31,,,260,
2026-09-07T08:50:02+00:00,137,218,,,464,10,,135,181,291,,149,234,200,,61,,,,,102,,82,,265,,91,,,37,840,,6,54,227,,161,,,94,125,,135,,,,,,,131,,,,96,,49,15,,,,159,,75,78,,229,82,4,,,,,,,,142,,,,,,,,,,,325,60,124,65,,122,331,4,224,,45,115,,326,28,106,,,,173,,,,40,,,87,15,118,188,,411,,,442,6,,,,,,,,,,,,,,,188,,,,,,,,,,137,133,,,,,,,,,,,,,,,,,,,,,,,,,,,,,,,,427,956,278,,209,65,,152,209,267,51,70,,277,17,54,645,,,,,,,,,,,,,,,,181,,2,49,,,,,,,,,,68,,,,,55,,,,,,,,,,,181,262,71,81,136,144,245,,309,38,,288,84,200,302,210,190,280,,,,287,27,,1017,,,,325,,,,,,,,,,,,,249,14,27,8,,,,438,,,,183,301,,,244,,,,,,,,,,,,14,,,,,,,,,,,,113,81,3,77,22,82,45,,324,253,,,132,83,,,,,,,101,97,52,,54,80,45,30,7,99,221,44,,,,213,252,,899,182,,131,169,115,,,,,,,,,,,,,,,,,,,,,,518,69,63,2,558,,,,282,275,293,,,,99,,,,,,28,,,170,,75,122,10,44,51,,40,366,134,6,,,119,,,,,,,,,,,,,,,,,,,,,,,,,,,,,,,,,,,,,,,,,,,,,,,,,,,,,137,,370,,186,253,76,,,,,,134,,79,201,,,110,405,264,,,,,,474,,,,345,,177,32,,,261,
2026-09-07T08:55:02+00:00,138,214,,,461,9,,126,174,290,,150,229,190,,63,,,,,101,373,79,321,263,,92,,,38,833,,,57,228,,,,,92,,,136,,,,,,,132,,,28,97,,47,13,,,,157,21,74,,,228,,3,20,112,,,253,11,,140,213,308,99,,138,,163,,,,324,53,109,55,,,314,5,,,46,104,182,323,21,,102,11,228,157,135,145,530,39,581,126,,13,,183,139,418,,,,5,83,151,515,102,244,465,52,,367,,,,,,,,,,,,,,,,,,,,,,,,,,,,,,,,,,,,,,,,,,,,,,,,,,,,,,,,,,,,65,,275,17,51,632,,,,,,,,,,,,,,,,,,,46,123,,,,,,,,,,,,,,,,,,,,,,,,,179,257,73,80,132,146,240,,314,34,,290,72,201,299,,186,277,,,89,286,26,,1014,,,,323,,118,,,,,,,,,,,254,15,26,6,,,,435,,,20,185,294,,,242,,,,,,,,,,,,,,,,,,,,,,,,111,79,5,76,21,,,,322,247,,,128,,34,119,,,,,106,94,50,2,,,47,,8,,220,45,133,2,,,,,877,172,,,172,111,,,,,,,,,,,,,,,,,,,,,,516,70,64,4,559,,175,,274,274,290,,,,,,,,,,27,,,169,,70,,,43,,,39,355,129,1,311,115,114,,89,363,10,67,141,40,187,277,291,312,207,,234,,239,,147,206,,,,,,,,,,,,,,,,,,,,,,,,,,,,,,,,,442,138,93,366,23,180,250,77,505,70,230,293,77,,,78,,68,,,404,,,,,,,470,,,,335,,175,,,,,
2026-09-07T09:00:02+00:00,,215,,,452,,,118,169,288,,,230,182,,64,,,,,103,372,,317,256,,91,,,35,831,,3,58,229,,157,,,90,128,,138,,,,,,,131,,,27,,,,,,,,158,,69,79,,,,2,,110,,,250,12,,,210,,,,,,,,,,,,,,,,,,,,,,,,,,,,,,,,,,,,,,,,,,,,,,,,,,,,,,,,,,,,181,,,,,,,,,,133,134,,,,,,,,,,,,,,,,,,,,,,,,,,,,,,,,,,,,,,,,,,,66,,267,17,48,627,,,,,,,,,,,,,,,,178,,0,44,121,,,,,,,,,,,,,,,,,,,,,,,,,,260,70,77,130,,234,,315,35,,295,65,200,288,213,181,276,49,,,285,31,,1015,,,,322,,117,,,,,,,,,,,256,14,24,5,,,,434,,,,183,288,,,238,,,,,,,,,,,,,,,,,,,,,,,,116,,,77,16,77,41,1,320,245,10,,126,84,33,120,10,,,67,105,95,48,3,53,78,,27,11,,,,,,,,,,,,,,,,,,,,,,,,,,,,,,,,,,,,,,,,,,,,,,,,,,,,,,,,,,,,,,,,,,,,36,332,125,5,309,116,109,,,,,,,,,,,,,,,,,,,,,,,,,,,,,,,,,,,,,,,,,,,,,,,,,,,,441,,,360,20,174,243,,503,61,223,288,78,,,,200,67,,105,405,265,,,,,,469,492,,,324,,173,31,,,242,99
2026-09-07T09:05:01+00:00,137,,,,451,8,,117,165,285,,156,233,185,,66,,,,,104,373,78,316,255,,89,,,,832,16,0,,,,154,,,,,,,,,,,,,,,255,,,,48,14,,,,,20,67,78,,226,83,,17,,,,238,,,139,,305,86,169,130,73,159,,,,,,106,46,144,121,307,6,,176,48,101,,321,15,105,101,6,,146,133,144,,,584,123,88,12,121,181,140,414,,,,,81,144,511,101,241,471,51,,365,,,,,,,,,,,,,,,,,,,,,,,,,,,,,,,,,,,,,,,,,,,,,,,,,431,957,283,104,206,61,45,154,208,263,41,64,,,17,42,617,,,,,,,,,,,,,,,,183,,,,119,,,,,,,,,67,,,,,,,,,,,,,,,,181,252,73,75,125,150,228,,311,34,,300,,199,294,,179,274,,,83,279,32,,,,,,325,,118,,,,,,,,,,,258,13,25,6,,,,429,,,,178,290,,,237,,,,,,,,,,,,,,,,,,,,,,,,118,78,4,78,10,76,,3,315,244,,,123,82,,119,,,,,104,84,43,1,,,46,28,4,98,218,,132,1,1,209,247,,863,163,,130,168,108,,,,,,,,,,,,,,,,,,,,,,513,72,59,1,558,,172,,260,273,291,,,,101,,,,,,23,,,163,51,65,,,44,49,,34,321,126,6,311,,,,,,,,,,,,,,,,,,,,,,,,,,,,,,,,,,,,,,,,,,,,,,,,,,,,,,439,137,92,358,,168,241,,500,58,216,287,77,135,,,202,,,109,,263,,,,,,468,,,,313,,172,30,,,239,
2026-09-07T09:10:01+00:00,139,214,,,448,10,,109,164,288,,,232,,,67,,,,,99,374,80,318,244,,88,,,,,,,59,230,,155,,,89,129,,139,,16,,,,,,,,,,,47,,,,,,19,64,,81,,82,0,18,,,,235,,,138,211,,,,,,,,,,325,56,103,42,140,120,299,5,225,,45,93,180,,9,102,102,10,224,132,,143,528,35,565,141,91,,125,179,137,407,,,446,3,,,,,,,,,,,,,,,166,,,,,375,,,,,128,128,,,,,,,,,,,,,,,,,,,,,,,,,,,,,,,,,,,,,,,,,,,,,271,17,39,614,,,,,,,,,,,,,,,,185,,,43,,,,,,,,,,,,,,,,,,,,,,,,,,180,253,,74,124,143,223,,312,30,,298,73,198,291,211,178,270,,,81,277,30,,1016,,,,322,,,,,,,,,,,,,260,61,15,8,,,,428,,,19,181,291,,,232,,,,,,,,,,,,13,,,,,,,,,,,,116,,,,9,75,,2,314,239,,,124,83,32,116,,,,66,103,78,38,0,,,48,26,6,97,,,,,,,,61,,,,,,,,,,,,,,,,,,,,,,,,,,,,,,,,,,,,,,,,,,,,,,,,,,,,,,,,,,,31,307,125,1,301,,107,38,85,365,9,57,136,36,185,276,282,307,206,,243,55,229,,145,185,,,,,,,,,,,,,,,,,,,,,,,,,,,,,,,,,437,,91,362,21,171,236,78,,,,,,,,,204,,,111,401,261,,,,,,463,491,,,,,170,,,,,
2026-09-07T09:15:01+00:00,,215,,,443,9,,107,165,286,,154,230,187,,,,,,,96,372,82,316,243,,91,,,,825,15,,58,231,,154,,,,128,,140,,,,,,,130,,257,,96,,44,16,,,,,20,66,75,,,83,,19,,,,238,,,135,215,307,80,161,129,69,155,,,,,,,,,,,,,,,,,,,,,,,,,,,,,,,,,,,,,,,,80,135,502,93,235,469,,,364,,,,,,,,,,,,,,,,,,,,,,,,,,,,,,,,,,,,,,,,,,,,,,,,,434,952,287,,201,90,44,153,213,267,106,59,,267,17,33,596,,,,,,,,,,,,,,,,186,,,42,,,,,,,,,,68,,,,,53,,,,,,,,,,,,239,74,72,120,142,213,,314,26,,299,,194,290,210,177,266,48,,87,272,35,,,,,,319,,,,,,,,,,,,,225,60,12,6,,,,430,,,18,178,287,,,228,,,,,,,,,,,,,,,,,,,,,,,,118,77,2,77,10,,,5,309,248,,,125,89,,113,,,,,104,77,39,1,,76,42,25,12,101,215,,133,4,0,206,246,60,847,158,,,169,106,,,,,,,,,,,,,,,,,,,,,,511,,65,2,,,168,,257,277,,,,,99,,,,,,19,,,,,62,,,49,44,,50,300,117,,298,113,105,,,,,,,,,,,,,,,,,,,,,,,,,,,,,,,,,,,,,,,,,,,,,,,,,,,,,135,92,356,23,,235,75,,49,204,285,79,134,,,202,,,110,,260,,,,,,462,487,111,,307,,166,29,,,224,98
2026-09-07T09:20:02+00:00,137,216,,,439,7,,104,163,,,150,228,194,,70,,,,,,373,81,311,239,,90,,,36,815,17,,55,,,150,,,,,,,,,,,,,,,259,26,,,42,17,,,,157,,63,76,,,84,,,109,,,237,,,134,217,312,,,126,72,153,,,,,,99,,141,119,292,,223,174,44,,,319,6,103,,12,219,126,,142,525,31,,140,92,,121,177,131,405,,,445,4,83,130,498,91,233,466,,,,,,,,,160,,,,,374,,,,,123,126,,,,,,,,,,,,,,,,,,,,,,,,,,,,,,,,,,,,,,,,,,,54,,268,17,,579,,,,,,,,,,,,,,,,192,,,43,120,,,,,,,,,70,,,,,,,,,,,,,,,,179,,76,,121,139,212,,321,24,,293,79,197,295,211,180,268,49,,85,275,,,,,,,,,117,,,,,,,,,,,223,58,15,5,,,,429,,,,176,278,,,222,,,,,,,,,,,,,,,,,,,,,,,,119,,4,,9,76,44,4,307,242,,,126,87,,114,,,,64,,79,40,0,54,,45,24,11,102,214,,131,,,,247,,,159,,131,167,104,,,,,,,,,,,,,,,,,,,,,,506,,68,,557,,,,252,276,,,,,100,,,,,,20,,,160,52,64,121,,44,48,,49,295,114,,300,,106,,,,,,,,,,,,,,,,,,,,,,,,,,,,,,,,,,,,,,,,,,,,,,,,,,,,435,136,91,355,22,174,234,74,498,,205,,78,132,,76,200,70,,109,404,261,,,,,,464,484,,,302,,163,,,,222,99
2026-09-07T09:25:02+00:00,141,214,54,,436,9,,100,158,284,,146,229,191,,,,,,,,,80,308,234,,89,,,38,813,,,52,,,146,,,87,127,,,,17,,,,,126,,257,27,,,41,16,,,,,,,74,80,227,85,,18,,,,235,,,137,215,,,,,,,,,,,,,,,,,,,,,,,,,,,,,,,,,,,,,,,,,,,,,,,,,,,,,,,,,,,,,,,,,,,,,,,,,,,,,,,,,,,,,,,,,,265,123,497,221,5,,,660,306,321,,139,273,436,951,296,,206,93,43,154,,274,117,50,,266,17,36,573,,,,,,,,,,298,,,,,,195,,1,45,118,,,,,,,,,71,,,,,54,,,,,,,,,,,180,235,79,69,123,142,201,,324,21,,291,91,196,283,212,,267,51,,84,279,38,,1017,,,,316,,115,,,,,,,,,,,224,60,13,4,,,,430,,,,174,273,,,218,,,,,,,,,,,,14,,,,,,,,,,,,118,,,,6,78,45,3,305,245,,,128,86,31,,,,,,105,75,39,,55,74,47,,13,105,,,,,,,,,,,,,,,,,,,,,,,,,,,,,,,,,,,,504,75,65,,560,,164,,,,290,,,,98,,,,,,,,,,53,62,118,,41,47,,,290,108,2,291,111,100,,,,,,,,,,,,,,,,,,,,,,,,,,,,,,,,,,,,,,,,,,,,,,,,,,,,434,137,,348,,168,229,,500,45,,284,77,,,77,199,,,,403,260,,,,,,460,480,,,305,,,27,,,216,100
2026-09-07T09:30:02+00:00,142,215,,,434,8,,95,159,280,,143,227,194,,71,,,,,93,374,79,309,231,,88,,,,,,,54,230,,143,,,,,,139,,,,,,,124,,259,,,,39,13,4,,,,,62,71,,226,,,19,,,,240,11,,,220,311,84,,123,71,152,,,,324,,94,37,137,116,,6,224,171,41,69,181,320,,101,101,10,216,113,,141,524,,556,139,93,9,122,179,130,410,,,444,2,,,,,,,,,,,,,,,156,,,,,373,,,,,115,130,,,,,,,,,,,,,,,,,,,266,125,498,226,2,,,658,305,312,,136,,,,,,,,,,,,,46,,,17,39,555,,,,,,,,,,299,,,,,,194,,0,48,117,,,,,,,,,,,,,,,,,,,,,,,,,182,233,84,68,121,143,205,,320,23,,297,88,199,276,209,177,268,52,,88,274,40,,1016,,,,310,,,,,,,,,,,,,,58,10,,,,,428,,,,,274,,,223,,,,,,,,,,,,13,,,,,,,,,,,,121,76,2,76,,80,46,7,304,242,8,,129,84,30,113,,,,63,,72,40,,54,71,48,25,18,106,211,,135,5,,208,241,,849,150,,,164,106,,,,,,,,,,,,,,,,,,,,,,503,,60,3,561,,,,248,278,292,,,,96,,,,,,19,,,,49,59,117,,,49,,44,281,105,1,297,,102,41,86,367,10,,,35,186,267,274,292,203,,226,54,215,,144,,,,,,,,,,,,,,,,,,,,,,,,,,,,,,,,,,,136,90,344,23,170,222,72,499,,,,,131,,76,200,,,108,,261,,,,,,461,477,,,301,,,,,,211,
2026-09-07T09:35:02+00:00,139,214,,,435,7,,96,156,281,,146,226,195,,73,,,,,92,373,83,311,228,,86,,,37,805,19,,55,232,,139,,,89,128,,137,,,,,,,123,,261,,93,,38,14,,,,,,,69,81,227,,,,,,,239,,,,219,,,,,,,,,,,,,,,,,,,,,,,,,,,,,,,,,,,,,,,,,,,,,,,,,,,,,,,,,,,,,,,,,,,,,,,,,,,,,,,,,,,,,,,,,,268,,499,224,8,,,651,,310,,135,,435,954,298,,,102,,153,212,275,124,45,,267,17,44,551,,,,,,,,,,300,,,,,,189,,,0,116,,,,,,,,,72,,,,,0,,,,,,,,,,,183,234,88,70,114,145,206,,314,26,,303,90,,281,,181,266,51,,86,270,42,,,,,,306,,,,,,,,,,,,,225,,11,6,,,,426,,,19,176,258,,,218,,,,,,,,,,,,,,,,,,,,,,,,,73,,77,,81,,,,246,9,,132,83,32,,,,,,,,39,,53,70,45,,,107,210,,136,4,,209,236,58,836,146,,,163,107,,,,,,,,,,,,,,,,,,,,,,502,74,63,1,563,,165,,254,277,293,,,,98,,,,,,17,,,158,52,52,116,11,38,51,,41,276,102,3,295,110,97,,,,,,,,,,,,,,,,,,,,,,,,,,,,,,,,,,,,,,,,,,,,,,,,,,,,435,137,,341,26,166,225,70,498,,,,,133,,77,199,,,107,402,260,,,,,,462,478,,,300,,161,28,,,203,101
2026-09-07T09:40:02+00:00,140,215,,,431,8,,89,157,279,,148,225,196,,,,,,,91,371,92,,222,,85,,,35,804,20,,57,226,,137,,,,126,,,,16,,,,,122,,259,28,95,,36,15,,,,,,57,67,,,82,,18,,,,236,10,,135,221,313,77,160,122,75,145,,,,,47,86,34,140,118,279,5,,170,,51,179,321,,,,9,212,98,134,140,525,30,540,131,94,7,126,,133,415,,,446,,75,134,503,90,231,466,53,,362,,,,,,150,,,,,374,,,,,110,127,,,,,,,,,,,,,,,,,,,269,124,,228,,,,653,301,307,,141,,,,,,,,,,,,,41,,265,17,45,538,,,,,,,,,,,,,,,,193,,,47,117,,,,,,,,,73,,,,,54,,,,,,,,,,,,233,85,69,108,148,207,,315,27,,309,,200,271,208,,272,52,,84,271,40,,1014,,,,302,,,,,,,,,,,,,224,56,10,,,,,427,,,18,179,253,,,,,,,,,,,,,,,15,,,,,,,,,,,,117,72,,78,9,83,45,,303,256,,,138,,31,110,,,,62,,68,35,,54,75,44,27,16,,209,,,,,,,,,,,,,,,,,,,,,,,,,,,,,,,,,,,503,73,58,,564,,167,,250,,,,,,99,,,,,,,,,,50,51,,6,31,48,,39,265,97,1,286,108,87,,,,,,,,,,,,,,,,,,,,,,,,,,,,,,,,,,,,,,,,,,,,,,,,,,,,436,138,,338,25,161,222,68,500,28,,,75,,,,200,69,,104,404,261,,,,,,461,479,,,295,,160,,,,198,100
2026-09-07T09:45:02+00:00,142,213,,,,11,,82,,275,,147,227,198,,74,,,,,90,,91,312,,,84,,,36,800,21,,55,,,139,,,90,,,,,,,,,,,,,,,,37,13,5,,,156,18,,65,,225,83,,19,,,,233,11,,137,218,,,,,,,,,,326,46,76,30,,116,275,6,225,,38,56,178,,,102,102,7,220,97,,139,,,535,128,97,8,,180,130,410,,,448,4,,,,,,,,,,,,,,,,,,,,,,,,,,,,,,,,,,,,,,,,,,,,,268,,502,233,7,,,648,302,306,,139,,,959,312,105,207,,42,,214,279,,37,,,17,44,532,,,,,,,,,,,,,,,,200,,,49,116,,,,,,,,,76,,,,,53,,,,,,,,,,,184,224,83,71,109,154,203,,325,,,311,84,201,262,209,182,269,,,86,274,39,,1015,,,,,,113,,,,,,,,,,,226,,12,7,,,,428,,,17,177,246,,,216,,,,,,,,,,,,13,,,,,,,,,,,,115,76,3,,10,82,,10,300,249,,,142,84,33,111,,,,61,,74,,,52,77,,28,12,109,212,,,,,212,220,59,837,149,,129,165,101,,,,,,,,,,,,,,,,,,,,,,,,,,,,,,,,,,,,,,,,,,,,,,,,,,,,,,271,,0,294,,83,45,80,,11,60,134,39,184,263,265,283,,,220,,208,,,180,,,,,,,,,,,,,,,,,,,,,,,,,,,,,,,,,438,,,336,23,157,225,69,496,30,203,277,,,,,195,67,,107,,260,,,,,,462,477,111,,,,155,,,,199,97
2026-09-07T09:50:01+00:00,139,212,,117,432,,,79,,,,150,229,194,,73,,,,,,370,90,310,218,,87,,,,801,,,52,,,136,,,93,125,,,,17,,,,,120,,260,,93,,39,,,,,,17,54,,,,,,,,,,,,,141,217,316,91,159,119,70,150,,,,,,,,,,,,,,,,,,,,,,,,,,,,,,,,,,,,,,,,74,139,,86,238,471,54,,360,,,,,,146,,,,,,,,,,111,122,,,,,,,,,,,,,,,,,,,269,121,,231,,,,644,301,309,,138,,,,,,,,,,,,,36,,262,17,39,517,,,,,,,,,,,,,,,,201,,,51,115,,,,,,,,,77,,,,,52,,,,,61,,,,,,185,228,79,72,106,149,204,,321,,,310,79,202,259,208,,273,,,92,276,34,,1016,,,,300,,114,,,,,,,,,,,225,57,9,,,,,427,,,,176,242,,,211,,,,,,,,,,,,,,,,,,,,,,,,121,77,4,77,11,84,,11,297,251,,,144,87,37,113,,,,63,,,38,,55,81,43,,19,111,213,,,,,,,58,,,,,,,,,,,,,,,,,,,,,,,,,,,,500,,60,0,566,,168,,248,278,294,,,,100,,,,,,18,,,155,51,52,,,43,47,,34,264,93,,285,104,,,,,,,,,,,,,,,,,,,,,,,,,,,,,,,,,,,,,,,,,,,,,,,,,,,,,,137,88,330,22,154,220,70,,,,,74,132,,79,194,,,109,407,259,,,,,,465,473,,,292,,152,30,,,194,99
2026-09-07T09:55:01+00:00,,214,,,431,14,,,159,277,,,,197,,,,,,,87,367,89,305,217,,,,,37,794,,,,224,,131,,,,122,,,,,,,,,121,,,29,,,38,12,,,,,15,55,,,,86,,20,111,,,235,9,,142,214,,,,,,,,,,,45,62,32,139,115,262,4,224,,39,50,175,322,,101,103,8,215,93,,135,523,32,526,125,96,,121,177,127,416,,,449,3,,,,,,,,,,,,,,,,,,,,,,,,,,,,,,,,,,,,,,,,,,,,,267,,503,233,4,,,637,302,300,,139,,436,954,319,102,210,103,43,,219,,126,31,,255,17,33,513,,,,,,,,,,,,,,,,,,,49,,,,,,,,,,76,,,,,53,,,,,,,,,,,,222,76,75,108,148,195,,325,24,,,73,203,253,210,185,275,53,,94,277,,,1017,,,,295,,,,,,,,,,,,,228,54,8,8,,,,426,,,18,173,235,,,208,,,,,,,,,,,,,,,,,,,,,,,,123,,3,,6,86,,8,296,253,,,,89,38,114,,,2,62,104,72,37,,,88,44,,16,114,210,,,3,,213,222,57,828,144,,127,,103,,,,,,,,,,,,,,,,,,,,,,501,72,68,3,563,,,,244,,,,,,,,,,,,21,,,,53,53,,,,49,,32,257,91,,284,102,84,,,,,,,,,,,,,,,,,,,,,,,,,,,,,,,,,,,,,,,,,,,,,,,,,,,,,,87,328,19,142,217,68,497,22,,,73,131,,78,195,,,111,406,261,,,,,,466,472,,,290,,156,29,,,,100
2026-09-07T10:00:01+00:00,136,216,,118,427,12,,83,,275,,158,227,201,,72,,,,,,370,84,300,206,,83,,,36,790,,,54,222,,127,,,92,125,,138,,,,,,,123,,259,,92,,40,,,,,,14,48,64,,,,,19,,,,236,,,143,215,,89,149,112,64,,,194,,,,,,,,,,,,,,,,,,,,,,,,,,,,,,,,,,,,,,76,,496,83,,465,55,,358,,,,,,143,,,,,375,,,,,115,119,,,,,,,,,,,,,,,,,,,268,117,502,235,7,,,631,303,291,,137,,,,,,,,,,,,,34,,256,17,36,500,,,,,,,,,,297,,,,,,199,,,48,116,,,,,,,,,75,,,,,52,,,,,,,,,,,186,228,78,76,106,146,196,,327,28,,306,64,205,252,211,188,281,,,96,273,,,1016,,,,293,,,,,,,,,,,,,,55,,9,,,,,,,14,,229,,,209,,,,,,,,,,,,,,,,,,,,,,,,124,79,5,75,8,,47,7,295,250,,,150,87,37,111,,,,65,103,67,36,1,56,91,38,,20,119,211,44,137,6,,,219,,816,140,,128,164,95,,,,,,,,,,,,,,,,,,,,,,498,,,,565,,166,,242,,295,,,,101,,,,,,20,,,152,52,50,,11,46,47,,29,259,90,,303,104,79,46,71,360,17,56,128,40,188,260,262,273,201,,216,52,205,,146,171,,,,,,,,,,,,,,,,,,,,,,,,,,,,,,,,,439,,,327,17,140,219,,496,,,,74,,,,194,,,112,402,260,,,,,,463,471,,,284,,152,,,,183,97
2026-09-07T10:05:01+00:00,133,221,,,422,15,,78,157,,,160,230,202,,70,,,,,83,369,85,294,203,,82,,,37,,,,53,220,,125,,,,123,,139,,,,,,,,,,28,,,43,13,,,,,,46,66,,,87,,20,,,,237,7,,,218,,,,,,,,,,,,57,27,141,118,264,6,223,,,37,,319,,,,10,211,86,133,133,524,31,520,122,95,,120,174,125,423,24,,450,,,,,,,,,,,,,,,,,,,,,,,,,,,,,,,,,,,,,,,,,,,,,,267,116,503,238,6,,,,304,290,,145,,435,,317,,212,109,,152,220,280,130,37,,253,17,34,498,,,,,,,,,,298,,,,,,201,,1,49,113,,,,,,,,,78,,,,,53,,,,,,,,,,,,227,77,75,108,147,195,,324,,,297,71,,254,,187,280,52,,97,277,40,,1018,,,,294,,113,,,,,,,,,,,224,53,9,10,,,,424,,,15,169,225,,,205,,,,,,,,,,,,14,,,,,,,,,,,,120,,4,73,7,87,48,10,297,254,,,149,88,,112,,,,,,70,33,0,57,95,35,,21,120,220,,136,4,,214,212,,809,148,,,,90,,,,,,,,,,,,,,,,,,,,,,495,74,69,5,566,,167,,,,296,,,,104,,,,,,19,,,150,,,115,16,51,57,300,35,261,91,23,295,101,77,,,,,,,,,,,,,,,,,,,,,,,,,,,,,,,,,,,,,,,,,,,,,,,,,,,,440,136,88,320,14,131,216,,494,,,,,130,,,196,,,111,398,,,,,,,464,468,,,285,,153,27,,,170,
2026-09-07T10:10:01+00:00,,224,,,424,16,,,160,274,,157,227,204,,,,,,,86,368,,,198,,,,,36,,,,,,,124,,,,,,,,,,,,,,,,,91,,44,12,,,,158,,,,80,,85,,19,112,,,235,,,140,217,320,78,150,119,62,158,,,,325,,52,26,140,,250,8,222,171,37,28,177,320,,,,7,205,82,132,135,525,32,515,116,98,9,125,170,127,454,23,,,,73,136,511,84,236,,54,,355,,,,,,137,,,,,,,,,,113,116,,,,,,,,,,,,,,,,,,,,114,500,236,,,,632,303,297,,146,,,,,,,,,,,,,34,,255,17,35,491,,,,,,,,,,299,,,,,,202,,0,47,114,,,,,,,,,,,,,,,,,,,,,,,,,187,224,76,74,,149,196,,,,,302,81,,257,210,188,282,,,100,275,39,,1016,,,,292,,109,,,,,,,,,,,,52,,8,,,,418,,,,,215,,,197,,,,,,,,,,,,13,,,,,,,,,,,,121,80,5,76,5,90,47,8,,255,,,152,93,35,,,,,64,104,,,,55,94,,,24,121,230,45,,5,,215,,,801,142,,124,,88,,,,,,,,,,,,,,,,,,,,,,,,,,,,,,,,,,,,,,,,,,,,,,,,,,,,,37,262,,25,299,103,74,,,,,,,,,,,,,,,,,,,,,,,,,,,,,,,,,,,,,,,,,,,,,,,,,,,,439,138,89,322,15,,215,,493,16,204,277,,129,,77,198,63,,115,,259,,,,,,463,465,,,279,,151,28,,,165,98
2026-09-07T10:15:02+00:00,135,223,,119,,18,,79,159,272,,163,229,202,,,,,,,,,84,289,,,79,,,,793,,,52,,,121,,,,127,,,,16,,,,,,,,29,90,,,,4,,,,13,,65,,,88,3,17,,,,236,6,,136,,,,,,,,,,,,,,,,,,,,,,,,,,,,,,,,,,,,,,,,,,,,,,,,,,,,,,,,,,,,,,,,,,,,,,,,,,,,,,,,,,,,,,,,,,,266,118,502,,8,,,628,302,296,,,,436,960,319,,211,107,,,,284,129,37,,249,17,33,477,,,,,,,,,,300,,,,,,206,,,0,113,,,,,,,,,,,,,,0,,,,,,,,,,,188,233,79,77,114,148,193,,325,29,,,83,206,267,211,190,285,,,104,273,38,,1014,,,,286,,108,,,,,,,,,,,222,51,,9,,,,,,,14,163,209,,,195,,,,,,,,,,,,,,,,,,,,,,,,123,,8,75,6,92,48,10,296,258,,,155,98,,110,,,3,65,105,72,34,,58,95,32,29,25,122,240,,,8,,212,213,55,797,146,,126,163,92,,,,,,,,,,,,,,,,,,,,,,489,73,,,,,163,,233,,297,,,,,,,,,,16,,,151,53,45,113,17,58,58,,,253,90,32,301,101,72,47,66,353,18,,,36,190,253,258,271,199,,,50,194,,153,160,,,,,,,,,,,,,,,,,,,,,,,,,,,,,,,,,440,139,,321,11,125,,,495,,,281,,130,,,199,64,,113,394,258,,,,,,466,467,,,275,,150,30,,,155,97
2026-09-07T10:20:01+00:00,134,224,,,423,,,87,150,,,157,230,,,71,,,,,,,,,194,,77,,,35,790,,,50,,,120,,,90,,,138,,17,,,,,,,261,30,,,,13,,,,160,12,49,,,,,2,,,,,,,,,214,321,71,149,120,60,,,,,324,49,46,24,135,122,,,223,,41,30,,323,,102,,,,71,,132,524,,508,114,,3,128,173,132,466,,,449,,74,133,517,,231,466,53,,352,,,,,,134,,,,,,,,,,111,114,,,,,,,,,,,,,,,,,,,264,126,,239,6,,,631,,298,,150,,,,,,,,,,,,,,,245,16,37,464,,,,,,,,,,,,,,,,207,,,45,112,,,,,,,,,81,,,,,53,,,,,,,,,,,190,237,81,,112,150,197,,326,31,,304,78,204,275,,194,281,56,,,275,37,,1013,,,,278,,107,,,,,,,,,,,,52,11,7,,,,412,,,13,164,203,,,194,,,,,,,,,,,,,,,,,,,,,,,,124,77,10,,5,,49,11,297,257,,,,100,37,115,,,,,,75,36,,57,96,34,28,29,124,243,,,,,,,,,,,,,,,,,,,,,,,,,,,,,,,,,,,488,,,7,565,,,,232,,,,,142,103,,,,,,17,,,154,,49,114,19,52,64,,35,252,92,30,299,,76,,,,,,,,,,,,,,,,,,,,,,,,,,,,,,,,,,,,,,,,,,,,,,,,,,,,,,88,318,10,123,212,66,494,21,195,282,72,128,,78,197,65,,114,389,255,,,,,,463,,110,,276,,,33,,,149,
2026-09-07T10:25:01+00:00,132,225,,,419,,,88,148,273,,159,227,212,,73,,,,,84,369,86,292,193,,73,,,34,793,,,48,218,,118,,,,,,137,,,,,,,,,264,,89,,42,8,,,,161,,50,62,81,,89,,,,,,239,7,,135,212,,,,,,,,,,,,,,,,,,,,,,,,,,,,,,,,,,,,,,,,,,,,,,,,,,,,,,,,,,,,,,,,,,,,,,,,,,,,,,,,,,,,,,,,,,265,123,500,240,8,,,629,,294,,151,,440,969,336,101,210,109,,153,219,294,133,38,,241,16,36,467,,,,,,,,,,,,,,,,215,,,43,113,,,,,,,,,79,,,,,55,,,,,,,,,,,,239,82,79,116,146,200,,328,33,6,,77,207,271,,,282,,,,279,,,,,,,280,,108,,,,,,,,,,,,50,15,4,,,,411,,,14,159,199,,,190,,,,,,,,,,,,,,,,,,,,,,,,128,81,9,70,12,94,50,24,307,259,,,156,103,38,116,,,,,,87,42,2,56,99,32,31,38,125,235,,,7,,216,,,803,148,,124,165,91,,,,,,,,,,,,,,,,,,,,,,491,,68,9,564,,161,,,,298,,,143,105,,,,,,20,,,158,55,48,,20,51,,301,36,265,87,31,305,99,73,,,,,,,,,,,,,,,,,,,,,,,,,,,,,,,,,,,,,,,,,,,,,,,,,,,,441,,87,315,8,116,,65,493,,,,,125,,79,,,,,394,256,,,,,,,465,,,278,,153,32,,,141,
2026-09-07T10:30:01+00:00,136,,55,,421,17,,84,,272,,156,226,218,,,,,,,87,370,88,288,190,,71,,,,,,,,219,,120,,,,128,,,,,,,,,,,,,90,,41,6,3,,,,10,51,61,,,88,0,,,,,237,,,136,215,323,65,,126,61,156,,195,,325,42,35,22,136,121,,7,222,170,40,19,,322,1,100,,1,207,67,133,129,,33,505,,97,4,131,,143,472,,,448,,,130,518,88,236,474,54,,351,,,,,,124,,,,,377,,,,,108,116,,,,,,,,,,,,,,,,,,,266,121,,243,6,,,632,,,,148,,,,,,,,,,,,,37,,237,17,39,456,,,,,,,,,,,,,,,,221,,,45,,,,,,,,,,,,,,,,,,,,,,,,,,,,,85,,145,198,,326,35,,307,75,204,268,214,196,291,55,,106,269,34,,1009,,,,278,,107,,,,,,,,,,,226,48,11,3,,,,410,,,,163,194,,,195,,,,,,,,,,,,15,,,,,,,,,,,,127,83,,,14,,,26,309,258,,28,158,106,39,,,,2,67,,,41,1,53,100,30,,,124,236,,,8,,221,216,56,800,144,,,170,93,,,,,,,,,,,,,,,,,,,,,,484,72,69,8,,,,,238,,,,,,106,,,,,,22,,,155,52,,116,21,50,67,,37,272,85,35,310,101,70,48,65,352,21,59,123,,189,251,252,270,196,,215,49,186,,154,156,,,,,,,,,,,,,,,,,,,,,,,,,,,,,,,,,443,138,86,313,7,118,,63,492,21,189,282,73,,,,195,64,,116,395,258,,,,,,464,467,110,,,,148,31,,,139,98
2026-09-07T10:35:01+00:00,132,,,118,424,,,86,151,,,160,225,225,,74,,,,,92,372,87,286,191,,68,,,35,797,,,45,,,123,,,110,,,136,,,,,,,,,263,29,,,37,10,4,,,160,,48,58,80,,86,,16,,,,240,5,,,214,,,,,,,,,,,40,21,25,132,123,243,8,223,171,39,7,,321,,99,,,,56,,,527,34,500,104,92,5,134,178,145,480,24,,450,1,,,,,,,,,,,,,,,,,,,,,,,,,,,,,,,,,,,,,,,,,,,,,,123,499,,,,,631,303,289,,,,439,,333,100,205,110,42,152,220,296,137,36,,236,17,36,447,,,,,,,,,,,,,,,,224,,,,115,,,,,,,,,,,,,,,,,,,,,,,,,191,238,83,86,118,147,206,,327,36,,306,79,203,274,215,194,293,56,,,268,33,,1008,,,,279,,,,,,,,,,,,,225,49,,4,,,,,,,,165,191,,,193,,,,,,,,,,,,,,,,,,,,,,,,,85,,68,19,93,49,27,308,262,,29,,,41,115,,,,,106,89,40,,49,98,,30,41,121,228,,135,11,,216,211,58,804,,,123,169,96,,,,,,,,,,,,,,,,,,,,,,,73,72,,569,,160,,232,,300,,,140,105,,,,,,,,,,54,59,119,,69,78,,39,256,,40,318,100,69,,,,,,,,,,,,,,,,,,,,,,,,,,,,,,,,,,,,,,,,,,,,,,,,,,,,,137,84,311,6,111,211,,488,,,,,124,,80,194,,,113,,259,,,,,,465,464,,,276,,149,30,,,133,94
2026-09-07T10:40:01+00:00,,227,54,,427,,,,,271,,159,222,232,,,,,,,,373,88,285,192,,,,,33,799,,,43,217,,122,,,107,,,135,,,,,,,,,264,,89,,36,11,,,,159,,40,57,79,226,87,,,,,,239,,,140,211,319,69,156,124,67,158,,194,,326,,19,22,130,124,236,,,,38,1,,,1,98,102,2,209,54,134,,522,35,494,122,89,6,135,179,150,476,,5,452,,77,137,526,87,237,470,,,348,,,,,,121,,,,,379,,,,,109,118,,,,,,,,,,,,,,,,,,,267,125,500,,,,,633,304,284,,152,,,,,,,,,,,,,37,,,17,33,433,,,,,,,,,,,,,,,,225,,,47,112,,,,,,,,,78,,,,,,,,,,,,,,,,,242,84,87,117,,207,,330,38,,309,84,206,279,,197,296,58,,107,269,32,,1010,,,,276,,106,,,,,,,,,,,223,48,10,1,,,,408,,,,166,186,,,189,,,,,,,,,,,,,,,,,,,,,,,,124,,10,,20,91,,22,310,258,10,,161,107,42,116,,,,68,,91,37,0,41,,32,33,39,122,222,44,134,10,,,,,,,,,,,,,,,,,,,,,,,,,,,,,,,,,,,,,,,,,,,,,,,,,,,,,,,,,,,,,,,,258,83,,331,99,76,,,,,,,,,,,,,,,,,,,,,,,,,,,,,,,,,,,,,,,,,,,,,,,,,,,,442,,,308,5,104,212,,486,22,192,281,72,,,77,195,65,,115,393,258,,,,,,,458,,,275,,147,31,,,131,
2026-09-07T10:45:02+00:00,135,228,,,,20,,87,154,272,,164,220,234,,,,,,,95,,93,286,198,,70,,,,,,,,216,,,,,,,,133,,,,,,,124,,265,,90,,,13,3,,,161,12,39,55,,,,,,,,,,,,139,210,,,,,,,,,,,,,,,,,,,,,,,,,,,,,,,,,,,,,,,,,,,,,,,,,,,,,,,,,,,,,,,,,,,,,,,,,,,,,,,,,,,,,,,,,,269,,498,244,10,,,631,,286,,,,440,967,329,,201,113,,151,223,297,141,38,,235,17,32,419,,,,,,,,,,,,,,,,234,,,46,113,,,,,,,,,,,,,,54,,,,,,,,,,,,243,87,,115,150,211,,332,43,,,88,212,,216,198,294,,,106,272,,,1012,,,,267,,,,,,,,,,,,,,47,13,3,,,,,,,,165,177,,,186,,,,,,,,,,,,14,,,,,,,,,,,,117,88,,69,23,92,48,21,312,262,,,163,106,43,115,,,,67,,93,36,1,40,102,30,34,41,124,215,45,135,9,,219,223,59,808,,,124,170,100,,,,,,,,,,,,,,,,,,,,,,,72,71,9,568,,158,,223,,298,,,146,104,,,,,,21,,,,55,,,17,73,81,,,251,,46,341,101,79,,,,,,,,,,,,,,,,,,,,,,,,,,,,,,,,,,,,,,,,,,,,,,,,,,,,440,,83,305,,105,210,61,,27,190,278,71,125,,76,,,,114,,256,,,,,,462,454,,,277,,144,30,,,125,96
2026-09-07T10:50:02+00:00,136,227,,117,434,,,86,156,270,,158,224,226,,75,,,,,,377,99,288,,,69,,,32,794,,,,215,,,,,,,,132,,,,,,,125,,,,91,,37,12,,,,159,,32,53,78,,,,,,,,238,,,140,208,316,68,154,121,69,,,,,325,43,17,23,129,,231,,222,,34,8,179,320,2,96,,7,213,53,,,520,34,,,,9,133,177,155,477,,,453,2,83,134,529,96,234,473,,,346,,,,,,118,,,,,378,,,,,102,116,,,,,,,,,,,,,,,,,,,267,126,501,245,11,,,628,305,290,,155,,,,,,,,,,,,,41,,,17,29,414,,,,,,,,,,,,,,,,236,,,,,,,,,,,,,76,,,,,,,,,,,,,,,,,246,88,86,117,149,210,,334,44,,311,79,215,285,,200,295,,,102,269,34,,1014,,,,269,,105,,,,,,,,,,,222,45,11,,,,,407,,,,167,,,,187,,,,,,,,,,,,13,,,,,,,,,,,,121,86,11,71,24,,,26,313,269,,,160,,,118,,,,66,,97,33,3,42,99,24,33,44,123,207,,134,,,216,221,,803,142,,125,168,101,,,,,,,,,,,,,,,,,,,,,,480,73,72,,573,,,,227,,,,,147,,,,,,,25,,,157,,,,15,79,84,300,44,256,,43,345,102,77,49,55,353,24,53,,34,194,246,241,262,,,217,,182,,,93,,,,,,,,,,,,,,,,,,,,,,,,,,,,,,,,,435,138,,306,7,102,,60,481,37,187,276,72,,,73,192,62,,113,395,258,,,,,,,451,,,281,,150,28,,,128,
2026-09-07T10:55:02+00:00,137,228,,,432,19,,87,154,269,,162,221,229,,76,,,,,96,,105,,201,,67,,,34,793,,,42,211,,128,,,108,129,,131,,,,,,,124,,,,90,,38,11,4,,,,,30,51,76,,,,,,,,241,4,,137,,,,,,,,,,,,44,18,25,123,128,232,12,220,,33,16,177,,1,95,101,,214,51,133,,521,,488,136,85,8,135,181,,475,,6,,3,,,,,,,,,,,,,,,,,,,,,,,,,,,,,,,,,,,,,,,,,,,,,,124,502,252,14,,,625,,,,158,,441,971,335,99,199,114,44,,221,291,144,34,,231,17,25,411,,,,,,,,,,,,,,,,234,,1,47,117,,,,,,,,,75,,,,,,,,,,,,,,,,,254,92,84,121,157,200,,336,42,,316,93,217,291,218,203,299,,,105,271,38,,1015,,,,268,,,,,,,,,,,,,224,43,12,,,,,402,,,,165,175,,,188,,,,,,,,,,,,12,,,,,,,,,,,,120,87,9,69,25,,49,22,314,267,,28,161,105,,,,,,68,102,100,35,7,40,103,25,31,42,122,,,,,,214,220,58,807,136,,,,92,,,,,,,,,,,,,,,,,,,,,,479,74,,8,574,,161,,222,,296,,,148,,,,,,,27,,,,56,66,117,14,74,89,298,54,260,85,37,353,,80,,,,,,,,,,,,,,,,,,,,,,,,,,,,,,,,,,,,,,,,,,,,,,,,,,,,434,137,81,303,8,103,208,61,483,,183,275,73,124,,,193,,,117,391,260,,,,,,,,,,276,,147,25,,,127,
2026-09-07T11:00:01+00:00,141,231,,,431,17,,88,155,268,,167,,234,,77,,,,,97,378,,286,,,69,,,33,,23,,,210,,124,,,109,,,,,18,,,,,122,,266,,91,,42,9,,,,158,14,36,,77,,85,,,,,,240,3,,136,209,314,73,151,125,71,157,,,,,,,,,,,,,,,,,,,,,,,,,,,,,,,,,,,,,,,,87,135,545,105,232,,,,348,,,,,,117,,,,,379,,,,,105,115,,,,,,,,,,,,,,,,,,,,126,503,260,13,,,629,,289,,165,,,,,,,,,,,,,26,,227,17,31,406,,,,,,,,,,298,,,,,,,,0,48,118,,,,,,,,,76,,,,,,,,,,,,,,,,,252,,83,124,158,,,335,41,,324,101,221,299,219,,301,,,107,277,39,,1013,,,,265,,104,,,,,,,,,,,222,45,11,4,,,,398,,,,164,172,,,,,,,,,,,,,,,15,,,,,,,,,,,,118,88,8,70,28,94,,,315,273,,,159,107,,121,,,1,69,,108,38,6,42,106,,30,41,,204,,,,,,,,,,,,,,,,,,,,,,,,,,,,,,,,,,,473,,,9,,,,,,,297,,,150,102,,,,,,28,,,,,,116,18,75,88,,55,261,86,36,365,,84,,,,,,,,,,,,,,,,,,,,,,,,,,,,,,,,,,,,,,,,,,,,,,,,,,,,,,77,299,6,105,,58,482,47,179,,,123,,74,192,,,116,,,,,,,,461,452,,,283,,145,,,,123,94
2026-09-07T11:05:02+00:00,142,,,,434,16,,90,161,267,,173,225,241,,76,,,,,99,379,104,282,199,,68,,,31,791,,,,205,,126,,,108,,,,,,,,,,123,,,30,92,,41,11,3,,,157,15,37,52,76,227,,1,15,,,,241,,,135,211,,,,,,,,,,,36,15,,118,,243,,221,170,34,11,178,,,,,1,213,53,132,128,519,,,133,86,7,136,,153,482,,,454,,,,,,,,,,,,,,,,,,,,,,,,,,,,,,,,,,,,,,,,,,,,,,268,125,,266,9,,,,,284,,164,272,438,969,336,100,200,116,45,149,222,289,146,29,,226,17,26,415,,,,,,,,,,299,,,,,,237,,2,52,123,,,,,,,,,,,,,,55,,,,,,,,,,,,253,95,84,127,160,208,,334,30,,328,102,223,300,220,202,305,,,111,280,38,,1016,,,,269,,,,,,,,,,,,,223,48,13,,,,,401,,,13,166,169,,,185,,,,,,,,,,,,14,,,,,,,,,,,,122,93,7,68,24,93,,24,316,278,,,160,104,,120,,,,,,112,36,,,108,,34,42,125,208,,133,,,216,213,,801,129,,,169,90,,,,,,,,,,,,,,,,,,,,,,,75,77,10,609,,166,,223,,298,,,,,,,,,,26,,,155,57,70,114,,79,87,,53,254,87,32,361,,89,51,50,348,28,,121,36,191,241,231,260,194,,222,,184,,160,86,,,,,,,,,,,,,,,,,,,,,,,,,,,,,,,,,433,136,78,297,4,,211,,,50,181,273,78,121,,,40,64,,,394,261,,,,,,457,451,,,293,,139,24,,,122,
2026-09-07T11:10:02+00:00,143,,,,433,15,,95,163,,,171,226,239,,,,,,,100,381,107,284,197,,67,,,30,788,,,,203,,128,,,,130,,129,,17,,,,,,,267,,91,,39,9,,,,156,,42,55,,228,,2,16,,,,243,1,,,,311,77,162,122,70,156,,,,,38,11,23,120,129,240,14,222,172,33,14,177,,,93,100,,210,,,,520,32,489,,,,135,179,145,493,,,453,,,,,,,,,,,,,,,,,,,,,380,,,,,110,116,,,,,,,,,,,,,,,,,,,269,127,,,8,,,633,306,291,,159,,,,,,,,,,,,,31,,231,17,,412,,,,,,,,,,300,,,,,,,,3,51,,,,,,,,,,75,,,,,54,,,,,,,,,,,,257,96,82,124,161,210,,340,29,,,105,227,303,221,,,63,,112,284,39,,1018,,,,271,,107,,,,,,,,,,,224,,16,6,,,,398,,,16,167,168,,,,,,,,,,,,,,,,,,,,,,,,,,,121,94,6,66,26,,,25,318,281,,,162,99,42,123,,,,70,,114,39,7,,,24,33,41,126,210,,,10,,,,,,,,,,,,,,,,,,,,,,,,,,,,,,,,,,,,,,,,,,,,,,,,,,,,,,,,,,,,,,,54,241,90,35,364,104,99,,,,,,,,,,,,,,,,,,,,,,,,,,,,,,,,,,,,,,,,,,,,,,,,,,,,,135,79,295,9,112,214,,485,52,176,271,,123,,76,42,,,115,390,,,,,,,456,449,,,295,,141,23,,,128,
2026-09-07T11:15:01+00:00,,234,,115,428,17,,103,171,268,,175,225,243,,74,,,,,103,384,113,286,192,,,,,32,785,,,43,199,,129,,,109,128,,127,,,,,,,124,,,,90,,,10,4,,,,,,,,227,84,0,,,,,,,,130,213,,,,,,,,,,,,,,,,,,,,,,,,,,,,,,,,,,,,,,,,,,,,,,,,,,,,,,,,,,,,,,,,,,,,,,,,,,,,,,,,,,,,,,,,,,272,,504,271,12,,,635,307,288,,152,,440,968,338,,203,115,44,148,,290,144,33,,233,17,24,,,,,,,,,,,,,,,,,231,,,,121,,,,,,,,,73,,,,,,,,,,,,,,,,192,259,97,85,125,164,214,,341,19,,,110,230,,223,203,307,64,,111,288,,,1022,,,,274,,106,,,,,,,,,,,221,51,17,4,,,,,,,,169,161,,,186,,,,,,,,,,,,16,,,,,,,,,,,,120,96,5,67,32,91,,26,321,282,,,,97,,126,,,3,,103,122,40,,48,106,23,,44,127,213,,,9,,212,211,,806,134,,,170,92,,,,,,,,,,,,,,,,,,,,,,467,,80,11,623,,170,,224,,299,,,149,100,,,,,,28,,,158,,72,113,19,82,,296,57,237,91,32,363,,98,,,,,,,,,,,,,,,,,,,,,,,,,,,,,,,,,,,,,,,,,,,,,,,,,,,,434,137,78,296,,110,213,59,488,,,,,,,,46,,,113,,263,,,,,,457,448,,,294,,140,22,,,129,95
2026-09-07T11:20:02+00:00,142,235,,,429,15,,110,172,269,,177,224,248,,75,,,,,101,,120,287,194,,,,,,786,22,,45,197,,134,,,108,130,,125,,,,,,,123,,269,,,,37,12,,,,155,,,53,,,,,17,,,,148,,,,212,308,87,175,125,75,,,193,,,43,,24,122,133,235,15,224,,31,,176,318,,,98,2,,50,134,129,522,33,480,137,84,9,136,182,147,494,,7,,,,,,,,,,,,,,,,,127,,,,,,,,,,109,121,,,,,,,,,,,,,,,,,,,275,130,505,277,11,,,641,,294,,159,,,,,,,,,,,,,32,,232,17,20,401,,,,,,,,,,,,,,,,236,,4,59,,,,,,,,,,75,,,,,55,,,,,,,,,,,,262,98,89,127,165,210,,,,,326,119,233,312,,209,310,67,,109,287,36,,1029,,,,273,,,,,,,,,,,,,222,,20,6,,,,400,,,,168,156,,,189,,,,,,,,,,,,17,,,,,,,,,,,,118,100,7,66,39,,50,32,328,279,,,,96,,129,,,,,102,121,44,8,52,110,26,37,48,131,215,,132,8,,211,207,,811,,,124,169,89,,,,,,,,,,,,,,,,,,,,,,470,74,77,14,634,,174,,225,,302,,,150,98,,,,,,31,,,161,58,77,109,20,79,,294,59,233,96,,376,,,48,51,345,24,58,119,,189,249,236,261,,,220,,188,,162,82,,,,,,,,,,,,,,,,,,,,,,,,,,,,,,,,,,,,291,12,118,212,60,489,55,178,270,77,120,,,45,64,,112,391,265,,,,,,458,,,,296,,142,,,,,98
2026-09-07T11:25:02+00:00,144,,,116,432,11,,108,171,271,,175,223,245,,78,,,,,99,,126,286,199,,66,,,33,789,,,43,192,,133,,,,131,,,,19,,,,,122,,271,28,89,,,13,3,,,154,,41,51,,228,,,,113,,,,,,135,215,306,91,172,124,79,,,,,,41,4,23,121,130,234,12,,173,,29,177,317,2,92,99,,207,48,135,131,520,36,478,,85,8,141,184,143,502,,,454,,99,126,566,113,225,475,54,,346,,,,,,137,,,,,381,,,,,110,116,,,,,,,,,,,,,,,,,,,,133,506,275,,,,638,,310,,164,271,439,975,345,99,204,114,47,149,225,283,151,,,234,17,19,405,,,,,,,,,,,,,,,,,,1,63,,,,,,,,,,,,,,,,,,,,,,,,,,,259,103,94,129,170,211,,339,27,,,113,235,308,,211,312,,,114,290,,,1030,,,,,,105,,,,,,,,,,,220,,19,9,,,,,,,18,,151,,,185,,,,,,,,,,,,,,,,,,,,,,,,120,101,6,,,93,51,,332,,16,,164,97,,130,,,,,,122,48,,56,108,24,35,51,132,218,,131,,,207,199,,805,,,125,173,87,,,,,,,,,,,,,,,,,,,,,,468,77,76,13,635,,176,,229,,303,,,149,99,,,,,,33,,,165,61,76,107,21,73,86,,61,248,99,34,383,102,96,,,,,,,,,,,,,,,,,,,,,,,,,,,,,,,,,,,,,,,,,,,,,,,,,,,,432,138,77,294,11,112,211,,487,59,185,271,78,119,,77,,,,,392,266,,,,,,457,,110,,295,,,,,,129,
2026-09-07T11:30:01+00:00,141,236,,,434,,,113,175,273,,,227,,,76,,,,,97,386,127,285,,,,,,32,,,,42,189,,132,,,106,132,,,,,,,,,,,274,29,88,,36,,4,,,155,,44,50,,,82,,,111,,,152,0,,137,216,,,,,,,,,,,,,,,,,,,,,,,,,,,,,,,,,,,,,,,,,,,,,,,,,,,,,,,,,,,,,,,,,,,,,,,,,,,,,,,,,,,,,,,,,,277,138,,,15,,,641,308,327,,168,,,,,,,,,,,,,30,,231,17,20,414,,,,,,,,,,299,,,,,,237,,,,,,,,,,,,,,,,,,,,,,,,,,,,,,258,105,,,,212,,337,37,,323,117,237,312,225,209,309,68,,117,289,41,,1031,,,,270,,104,,,,,,,,,,,219,53,18,,,,,,,,17,169,146,,,,,,,,,,,,,,,16,,,,,,,,,,,,119,103,7,68,40,,52,36,331,282,,,162,98,43,131,,,2,69,,,49,6,58,109,23,36,50,133,214,44,,9,,,,,,,,,,,,,,,,,,,,,,,,,,,,,,,,,,,,,,,,,,,,,,,,,,,,,,,,,,,,,,,60,246,100,42,388,104,97,,,,,,,,,,,,,,,,,,,,,,,,,,,,,,,,,,,,,,,,,,,,,,,,,,,,434,139,78,,10,109,217,,485,57,188,273,77,118,,78,42,,,113,390,265,,,,,,453,,,,,,138,,,,,99
2026-09-07T11:35:02+00:00,142,,,,,,,118,180,275,,174,229,250,,79,,,,,,383,,284,204,,63,,,33,785,23,,41,188,,131,,,105,,,122,,,,,,,121,,,,89,,38,,,,,154,16,43,49,,,,,18,,,,,,,138,217,,95,181,122,74,154,,,,,39,12,24,,,236,13,225,177,,30,178,320,,,,3,203,31,136,132,,,471,136,,11,142,187,142,510,,,,,100,123,573,117,229,,53,,345,,,,,,142,,,,,383,,,,,,117,,,,,,,,,,,,,,,,,,,279,139,509,281,17,,,646,309,339,,167,272,440,978,349,,202,111,,151,,282,156,27,,237,17,21,415,,,,,,,,,,,,,,,,238,,0,65,122,,,,,,,,,,,,,,,,,,,,,,,,,,256,107,96,131,169,,,338,36,,325,123,236,311,227,210,311,,,121,287,39,,1036,,,,271,,103,,,,,,,,,,,220,55,24,,,,,398,,,18,172,139,,,190,,,,,,,,,,,,17,,,,,,,,,,,,,104,,71,45,92,,35,336,279,,31,164,95,,133,,,,68,104,127,43,5,65,105,21,,49,131,211,45,,8,,,205,,800,130,,,,86,,,,,,,,,,,,,,,,,,,,,,474,,79,14,,,180,,228,,305,,,,100,,,,,,,,,170,65,82,113,27,70,87,297,55,249,102,43,392,,103,49,59,346,21,62,117,35,186,248,228,263,195,,221,48,201,,165,81,,,,,,,,,,,,,,,,,,,,,,,,,,,,,,,,,,138,,295,5,105,221,61,484,54,184,272,76,,,75,43,65,,114,389,266,,,,,,454,452,,,,,139,23,,,,100
2026-09-07T11:40:01+00:00,144,238,,,430,,,120,182,276,,170,,255,,81,,,,,101,382,,287,209,,,,,31,793,,,,187,,134,,,107,130,,120,,,,,,,,,273,,88,,,,5,,,,,40,44,,227,81,,,,,,,,,,220,,,,,,,,,,324,38,14,15,123,128,,16,,178,29,38,,319,3,,,2,208,33,,134,518,37,460,130,86,13,144,189,,516,,8,,,,120,578,,231,472,,,,,,,,,140,,,,,,,,,,111,,,,,,,,,,,,,,,,,,,,277,,508,,,,,645,310,344,,173,,,,,,,,,,,,,25,,230,17,19,417,,,,,,,,,,,,,,,,237,,2,70,121,,,,,,,,,72,,,,,,,,,,,,,,,,,,114,98,135,170,217,,339,35,,324,122,,304,226,217,,66,,118,286,40,,1040,,,,272,,,,,,,,,,,,,,57,22,8,,,,400,,,17,167,143,,,194,,,,,,,,,,,,15,,,,,,,,,,,,122,105,,,47,,,33,335,274,,,,,,,,,,,105,133,41,7,68,106,19,38,,,212,,,9,,200,209,,794,132,,,171,,,,,,,,,,,,,,,,,,,,,,,473,,,,,,178,,,,306,,,,,,,,,,,,,174,,80,,28,,,294,57,246,104,44,390,103,,,,,,,,,,,,,,,,,,,,,,,,,,,,,,,,,,,,,,,,,,,,,,,,,,,,,435,140,79,289,7,108,218,62,,58,185,274,75,,,74,44,66,,111,393,268,,,,,,451,456,,,294,,132,,,,135,99
2026-09-07T11:45:02+00:00,142,,,115,429,13,,118,180,275,,,227,256,,,,,,,,377,,292,215,,62,,,30,799,,,40,186,,136,,,,126,,,,18,,,,,,,274,,,,40,14,,,,,,,42,,225,,,,110,,,147,1,,,222,301,89,183,119,77,158,,196,,322,37,17,21,121,127,233,32,,180,30,36,180,318,,93,97,,,19,135,132,519,35,451,132,85,22,149,192,145,525,,7,455,,,,,,,,,,,,,,,,,,,,,,,,,,,,,,,,,,,,,,,,,,,,,,279,141,509,287,20,,,647,312,345,,,274,441,987,341,98,198,108,48,150,,279,150,,,224,17,17,422,,,,,,,,,,,,,,,,235,,3,71,,,,,,,,,,74,,,,,54,,,,,,,,,,,,255,106,,140,169,219,,342,37,,325,120,233,303,,218,307,,,120,282,,,1041,,,,271,,,,,,,,,,,,,224,55,,,,,,399,,,,166,142,,,203,,,,,,,,,,,,,,,,,,,,,,,,125,104,,,48,93,51,32,337,273,,32,166,,,135,,,,,104,138,46,,69,102,,39,48,132,218,,129,,,195,210,,792,125,,124,169,83,,,,,,,,,,,,,,,,,,,,,,,,80,16,,,,,,,,,,147,,,,,,,32,,,,,,,,73,89,,63,252,107,41,,102,99,,,,,,,,,,,,,,,,,,,,,,,,,,,,,,,,,,,,,,,,,,,,,,,,,,,,434,,,287,8,114,222,63,483,57,,273,73,120,,,43,68,,,,265,,,,,,453,458,,,297,,133,24,,,143,101
2026-09-07T11:50:02+00:00,143,240,,,426,,,117,184,,,,224,263,,82,,,,,99,376,129,291,212,,61,,,29,802,,,38,185,,137,,,,127,,,,17,,,,,120,,,,89,,,13,4,,,155,17,41,32,,226,80,,,,,,149,0,,,229,,,,,,,,,,321,34,22,18,114,,234,36,,,31,,,319,,91,95,,202,20,,,520,34,455,130,86,23,147,188,148,,,8,456,,101,114,590,121,,473,54,,341,,,,,,141,,,,,385,,,,,107,119,,,,,,,,,,,,,,,,,,,283,142,508,289,19,,,,313,342,,172,,,,,,,,,,,,,22,,,17,18,427,,,,,,,,,,300,,,,,,237,,5,,,,,,,,,,,75,,,,,,,,,,,,,,,,193,253,112,,136,,223,,345,34,,324,119,236,306,,219,310,67,,,285,41,,1045,,,,273,,105,,,,,,,,,,,223,52,,,,,,400,,,,159,,,,,,,,,,,,,,,,,,,,,,,,,,,,130,102,,,,,,,,274,,31,,91,44,136,,,4,69,105,134,50,9,78,99,17,42,50,,222,,,,,196,217,,785,129,,123,168,86,,,,,,,,,,,,,,,,,,,,,,472,75,76,17,640,,176,,233,281,307,,,,99,,,,,,30,,,173,63,77,116,32,71,84,295,59,,,46,399,104,98,48,51,352,17,55,122,40,185,239,237,,197,,216,,198,,161,86,,,,,,,,,,,,,,,,,,,,,,,,,,,,,,,,,435,,,280,7,110,,,487,61,189,272,75,119,,71,,69,,109,396,264,,,,,,452,457,111,,296,,134,22,,,144,102
2026-09-07T11:55:02+00:00,140,,53,114,428,,,116,190,276,,168,227,,,,,,,,101,374,130,290,208,,60,,,,801,24,,40,180,,136,,,106,128,,117,,18,,,,,,,,,,,,,5,,,,,39,27,,227,79,,,,,,147,,,,230,303,79,173,125,74,152,,,,,,,,,,,,,,,,,,,,,,,,,,,,,,,,,,,,,,,,,,,,,,,,,,,,,,,,,,,,,,,,,,,,,,,,,,,,,,,,,,,,280,144,506,285,21,,,646,,345,,171,,,991,338,,196,105,,,226,285,152,23,,222,17,21,426,,,,,,,,,,,,,,,,240,,4,72,122,,,,,,,,,,,,,,,,,,,,,,,,,,247,,,137,170,221,,343,36,,322,106,238,308,229,218,309,68,,119,283,,,1046,,,,,,104,,,,,,,,,,,222,,18,11,,,,402,,,,158,139,,,209,,,,,,,,,,,,,,,,,,,,,,,,,,,74,50,94,,35,336,269,,,163,84,,135,,,,71,106,135,49,8,85,98,16,45,48,133,225,,128,8,,200,214,59,781,137,,,167,90,,,,,,,,,,,,,,,,,,,,,,477,74,75,18,643,,174,,230,280,,,,149,97,,,,,,31,,,174,62,78,117,29,73,90,,60,257,108,49,404,101,93,,,,,,,,,,,,,,,,,,,,,,,,,,,,,,,,,,,,,,,,,,,,,,,,,,,,437,,,281,,111,223,62,486,,184,,,118,,69,39,68,,112,394,263,,,,,,454,458,,,301,,132,46,,,145,100
2026-09-07T12:00:01+00:00,136,239,,,431,,,111,,,,167,226,265,,84,,,,,102,375,,294,215,,59,,,30,807,,,41,178,,137,,,107,127,,118,,,,,,,121,,273,30,,,41,14,,,,,,40,23,,228,77,,,,,,143,,,140,228,,,,,,,,,,320,33,,25,110,128,238,39,226,179,,39,,,,,94,,205,25,,130,,33,,,85,,143,189,150,519,25,,457,,100,109,585,113,230,471,,,339,,,,,,140,,,,,383,,,,,106,,,,,,,,,,,,,,,,,,,,279,145,504,290,22,,,649,312,331,,172,,,,,,,,,,,,,,,221,17,,417,,,,,,,,,,,,,,,,250,,3,74,121,,,,,,,,,76,,,,,,,,,,,,,,,,,249,108,97,132,173,219,,339,35,,321,105,,299,231,219,310,,,115,278,38,,1048,,,,276,,106,,,,,,,,,,,,54,16,10,,,,,,,,155,136,,,210,,,,,,,,,,,,,,,,,,,,,,,,131,101,,,48,,,,337,261,,,164,87,,,,,,73,,138,50,6,92,94,,48,47,134,241,,,7,,203,207,,786,131,,120,168,77,,,,,,,,,,,,,,,,,,,,,,,,,,,,,,,,,,,,,,,,,,,,,,,,,,,,,59,264,,53,406,103,,,,,,,,,,,,,,,,,,,,,,,,,,,,,,,,,,,,,,,,,,,,,,,,,,,,,,139,,279,6,103,221,,487,62,183,274,,117,,72,40,,,110,393,,,,,,,453,459,,,302,,131,48,,,146,101
2026-09-07T12:05:01+00:00,135,,,,430,11,,113,191,275,,163,,269,,83,,,,,103,379,136,,,,,,,,,,,,,,,,,,,,,,,,,,,,,,,,,,,,,,,,,,,,,,,,,,,,,,,,,,,,,,,,,,,,,,,,,,,,,,,,,,,,,,,,,,,,,,,,,,,,,,,,,,,,,,,,,,,,,,,,,,,,,,,,,,,,,,,,,,,,,,,,,,,,,,,,,,,,,,,,,,,,,,,,,,,,,,,,,,,,,,,,,,,,,,,,,,,,,,,,,,,,,,,,,,,,,,,,,,,,,,,,,,,,,,99,244,307,232,218,307,69,,118,276,,,1054,,,,,,,,,,,,,,,,,,,,,,,,,,,,,,,,,,,,,,,,,,,,,,,,,,,,,,,,,,,,,,,,,,,,,,,,,,,,,,,,,,,,,,,,,,,,,,,,,,,,,,,,,,,,,,,,,,,,,,,,,485,75,73,19,,,177,,222,,304,,,152,98,,,,,,29,,,176,63,85,119,37,72,92,297,,,,,,,,,,,,,,,,,,,,,,,,,,,,,,,,,,,,,,,,,,,,,,,,,,,,,,,,,,,,,,,,,,,,,,,,,,,,,,,,,,,,,,,,,,,,,,,,,
2026-09-07T12:05:02+00:00,,,,,,,,,,,,,,,,,,,,,,,,293,218,,60,,,29,812,,,40,175,,139,,,109,123,,116,,,,,,,129,,,31,,,47,,,,,,,,22,,,76,,19,,,,139,,,139,231,305,,,,72,151,,195,,,,,,,,,,,,,,,,,,,,,,,,,,,,,,,,,,,,,,,,,,,,,,,,,,,,,,,,,,,,,,,,,,,,,,,,,,,,,,,,,,278,144,501,,23,,,,313,330,,175,273,,995,340,,198,106,45,,220,283,,21,,223,17,13,414,,,,,,,,,,,,,,,,255,,1,,125,,,,,,,,,77,,,,,,,,,,,,,,,,194,248,105,95,134,175,222,,331,32,,,,,,,,,,,,,,,,,,,277,,107,,,,,,,,,,,219,59,14,8,,,,400,,,18,,134,,,213,,,,,,,,,,,,13,,,,,,,,,,,,,102,8,72,49,97,53,41,338,260,,32,161,89,,136,,,,74,103,139,52,12,91,91,15,53,45,136,269,,131,,,,,,,,,,,,,,,,,,,,,,,,,,,,,,,,,,,,,,,,,,,,,,,,,,,,,,,,,,,,,,,,58,259,107,56,407,,90,49,54,357,18,53,120,,179,240,246,266,,,202,49,,,163,84,,,,,,,,,,,,,,,,,,,,,,,,,,,,,,,,,,,77,274,8,99,220,64,,67,178,273,76,116,,74,,,,,388,,,,,,,455,462,,,298,,127,,,,142,
2026-09-07T12:10:01+00:00,136,236,,,436,12,,118,192,276,,165,,278,,,,,,,,,,294,227,,,,,30,813,,,42,170,,141,,,107,122,,114,,,,,,,131,,274,,,,46,13,,,,,,43,21,,,77,,18,111,,,134,,,,232,,,,,,,,,,321,29,27,21,,129,228,,223,,32,43,179,322,1,92,95,2,199,20,,129,519,34,456,127,86,25,138,191,154,528,,9,458,2,97,105,579,110,233,469,55,,343,,,,,,151,,,,,384,,,,,103,120,,,,,,,,,,,,,,,,,,,282,142,500,288,24,,,,314,332,,176,,,,,,,,,,,,,20,,224,17,4,415,,,,,,,,,,,,,,,,258,,,73,126,,,,,,,,,79,,,,,,,,,,,,,,,,193,255,104,,,176,219,,334,,,329,102,243,305,231,226,311,70,,120,281,36,,1066,,,,,,108,,,,,,,,,,,217,61,20,5,,,,401,,,,159,129,,,214,,,,,,,,,,,,14,,,,,,,,,,,,134,101,,71,51,98,,42,340,,,,162,,,137,,,,,102,,55,,93,,20,58,39,,285,,,,,201,215,,784,141,,122,171,76,,,,,,,,,,,,,,,,,,,,,,,,,,,,,,,,,,,,,,,,,,,,,,,,,,,,,54,263,106,49,410,105,93,,,,,,,,,,,,,,,,,,,,,,,,,,,,,,,,,,,,,,,,,,,,,,,,,,,,439,138,,268,5,97,217,63,485,64,,,,120,,,42,,,112,385,264,,,,,,457,,,,295,,128,47,,,143,102
2026-09-07T12:15:02+00:00,134,240,,,438,10,,113,190,275,,161,225,,,,,,,,102,382,142,291,,,,,,31,818,,,44,169,,142,,,108,,,,,,,,,,,,277,,90,,47,15,,,,,18,44,25,,227,,,19,,,,136,,,,231,306,78,170,122,74,153,,196,,,,,,,,,,,,,,,,,,,,,,,,,,,,,,,,,,,,,,,,,,,,,,,,,,,,,,,,,,,,,,,,,,,,,,,,,,,,,,,,,,,145,497,291,25,,,644,312,329,,168,274,442,1000,338,,200,105,46,151,221,290,150,22,,219,17,2,,,,,,,,,,,,,,,,,257,,,71,,,,,,,,,,,,,,,53,,,,,,,,,,,,247,105,96,131,180,,,336,35,,,104,245,300,234,228,313,71,,122,279,37,,1077,,,,279,,,,,,,,,,,,,219,63,18,,,,,403,,,,,132,,,218,,,,,,,,,,,,,,,,,,,,,,,,139,102,9,,52,100,,46,344,261,,,160,92,45,140,,,,75,103,135,59,14,95,93,142,63,37,137,307,,130,,,200,221,61,787,144,,,172,75,,,,,,,,,,,,,,,,,,,,,,488,76,74,,642,,175,,223,281,305,,,,99,,,,,,30,,,,64,84,116,36,77,91,299,55,260,105,46,408,,89,,,,,,,,,,,,,,,,,,,,,,,,,,,,,,,,,,,,,,,,,,,,,,,,,,,,,139,,269,3,99,212,64,487,,,,,,,,,,,114,,262,,,,,,456,465,,,298,,133,49,,,138,103
2026-09-07T12:20:02+00:00,135,238,,,,12,,118,198,273,,162,221,280,,,,,,,,384,,293,222,,61,,,32,821,23,,45,,,140,,,106,123,,115,,19,,,,,,,279,32,89,,45,14,,,,,,46,29,77,,78,,,,,,145,,,138,233,,,,,,,,,,323,19,38,28,116,128,231,40,,,33,53,180,327,,98,98,8,200,25,136,132,517,36,461,128,85,27,144,,,554,,,,1,96,98,589,114,231,463,56,,344,,,,,,143,,,,,,,,,,101,123,,,,,,,,,,,,,,,,,,,283,144,498,286,28,,,641,314,321,,169,,,,,,,,,,,,,16,,217,17,5,414,,,,,,,,,,,,,,,,256,,2,73,,,,,,,,,,,,,,,51,,,,,,,,,,,191,,115,95,,181,,,335,32,7,327,111,,298,,230,,,,121,281,40,,1080,,,,277,,107,,,,,,,,,,,220,60,20,,,,,402,,,,161,130,,,219,,,,,,,,,,,,,,,,,,,,,,,,138,,10,72,48,101,54,51,347,264,,33,,90,,,,,,77,107,130,58,12,101,91,145,67,,138,333,44,,8,,201,222,62,783,138,,,171,80,,,,,,,,,,,,,,,,,,,,,,493,,76,21,,,176,,225,,307,,,156,101,,,,,,31,,,177,61,89,119,37,80,,298,56,269,107,41,405,107,92,,,,,,,,,,,,,,,,,,,,,,,,,,,,,,,,,,,,,,,,,,,,,,,,,,,,440,,,272,7,105,213,66,,,,,75,119,,75,40,69,,113,,,,,,,,454,,,,294,,135,47,,,146,104
2026-09-07T12:25:02+00:00,136,240,,113,435,14,,123,,274,,161,226,279,,81,,,,,,,148,294,225,,60,,,,822,,,,168,,138,,,107,125,,,,,,,,,,,282,31,,,47,,,,,,,48,31,78,228,,,17,,,,148,,,,234,,88,174,125,78,155,,,,,,,,,,,,,,,,,,,,,,,,,,,,,,,,,,,,,,,,,,,,,,,,,,,,,,,,,,,,,,,,,,,,,,,,,,,,,,,,,,,,287,143,497,285,24,,,,,320,,164,,,998,336,,206,106,47,,222,285,148,17,,215,17,2,413,,,,,,,,,,,,,,,,258,,1,74,124,,,,,,,,,80,,,,,,,,,,,,,,,,,251,113,94,137,,220,,334,29,,329,117,246,303,237,235,310,73,,126,271,,,1092,,,,281,,105,,,,,,,,,,,222,61,18,,,,,401,,,,163,124,,,222,,,,,,,,,,,,,,,,,,,,,,,,,103,9,71,,,53,56,349,260,,,158,93,44,141,,,6,,109,131,60,8,106,89,146,70,38,,349,,129,7,,198,223,,,136,,123,173,77,,,,,,,,,,,,,,,,,,,,,,495,78,74,19,643,,175,,227,282,309,,,157,100,,,,,,27,,,178,63,,117,30,79,88,299,61,267,111,42,391,108,97,44,52,,17,61,,37,175,235,,265,,,199,48,203,,162,79,,,,,,,,,,,,,,,,,,,,,,,,,,,,,,,,,445,140,,,9,102,,65,490,,,,,117,,,,,,,,265,,,,,,453,468,,,295,,138,44,,,149,
2026-09-07T12:30:01+00:00,139,238,,,438,11,,124,196,276,,164,227,,,78,,,,,98,386,151,295,237,,61,,,33,824,,,,165,,142,,,105,127,,112,,20,,,,,132,,283,,88,,45,15,,,,156,17,46,,,,77,,,110,,,144,,,139,236,,,,,,,,,,325,18,49,41,118,130,237,38,222,178,35,58,,330,,99,97,13,198,34,,,518,38,462,134,84,30,143,190,159,565,,,460,,99,99,612,116,229,465,55,,345,,,,,,140,,,,,,,,,,107,128,,,,,,,,,,,,,,,,,,,291,140,499,,23,,,647,,323,,171,,,,,,,,,,,,,19,,,17,,412,,,,,,,,,,,,,,,,261,,,80,122,,,,,,,,,,,,,,,,,,,,,,,,,,249,112,92,132,182,224,,,22,,331,116,243,304,238,234,311,,,,275,37,,1096,,,,285,,106,,,,,,,,,,,227,64,19,,,,,402,,,,160,123,,,223,,,,,,,,,,,,15,,,,,,,,,,,,140,104,8,72,45,102,52,57,,,17,32,159,94,,139,,,,78,108,132,61,7,108,85,147,73,37,136,364,43,130,8,,,219,,779,130,,,172,72,,,,,,,,,,,,,,,,,,,,,,499,77,75,20,646,,180,,233,284,310,,,158,104,,,,,,26,,,179,64,95,118,24,81,93,298,68,276,108,36,398,109,102,,,,,,,,,,,,,,,,,,,,,,,,,,,,,,,,,,,,,,,,,,,,,,,,,,,,,,,271,10,110,214,66,,,,,,116,,,41,,,111,384,,,,,,,454,,,,,,139,45,,,,107
2026-09-07T12:35:01+00:00,141,237,,,436,13,,125,199,,,,224,,,,,,,,102,387,149,,,,60,,,39,830,,,,164,,143,,,104,130,,108,,,,,,,131,,284,,,,42,,,,,,,45,35,,227,,,,,,,,,,,232,308,94,175,122,80,,,,,,,,,,,,,,,,,,,,,,,,,,,,,,,,,,,,,,,,,,,,,,,,,,,,,,,,,,,,,,,,,,,,,,,,,,,,,,,,,,,,,293,142,501,286,24,,,644,316,320,,172,,440,1007,333,,207,103,,,221,281,137,14,,212,17,0,408,,,,,,,,,,,,,,,,,,,83,123,,,,,,,,,,,,,,,,,,,,,,,,,190,251,110,,128,190,232,,332,19,,330,120,244,308,,237,316,72,,122,276,38,,1101,,,,286,,107,,,,,,,,,,,221,65,18,,,,,,,,17,158,120,,,222,,,,,,,,,,,,16,,,,,,,,,,,,138,100,9,73,40,103,51,66,351,258,,33,161,101,,142,,,7,77,,129,64,6,112,78,148,75,41,135,371,42,128,7,,,,63,,,,,,,,,,,,,,,,,,,,,,,,,,,,502,,,19,,,184,,238,288,,,,157,,,,,,,24,,,182,68,104,,30,,88,295,69,275,110,38,399,,106,,,,,,,,,,,,,,,,,,,,,,,,,,,,,,,,,,,,,,,,,,,,,,,,,,,,444,139,78,272,7,121,216,68,492,53,178,282,76,,,76,43,72,,113,388,263,,,,,,453,469,111,,291,,141,44,,,159,108
2026-09-07T12:40:02+00:00,140,238,,,435,14,,128,197,,,166,221,282,,75,,,,,106,385,152,303,,,58,,,,,24,1,44,163,,142,,,105,131,,102,,,,,,,,,287,,89,,46,,,,,,,52,36,77,,76,,16,,,,150,,,,230,,,,,,,,,,,17,64,50,123,,241,37,221,180,,70,,333,,103,96,16,199,29,,135,521,37,460,142,85,35,,188,161,563,,,461,,97,90,622,,227,462,,,,,,,,,153,,,,,389,,,,,105,132,,,,,,,,,,,,,,,,,,,295,145,500,293,,,,643,,312,,175,,,,,,,,,,,,,13,,,17,3,405,,,,,,,,,,,,,,,,262,,5,80,120,,,,,,,,,79,,,,,52,,,,,,,,,,,188,253,106,,127,,235,,336,20,,326,115,245,306,239,236,315,73,,121,277,,,1106,,,,,,,,,,,,,,,,,223,67,15,6,,,,,,,16,159,,,,220,,,,,,,,,,,,17,,,,,,,,,,,,139,98,11,75,,104,52,69,,261,,34,,,,,,,,76,110,128,63,,115,73,147,77,38,134,378,,127,5,,197,208,,782,134,,124,171,78,,,,,,,,,,,,,,,,,,,,,,504,,76,,647,,186,,,287,308,,,156,105,,,,,,25,,,181,71,106,,35,77,95,296,71,273,111,51,389,,111,,56,356,20,59,121,,,241,248,268,196,,186,,211,,159,,,,,,,,,,,,,,,,,,,,,,,,,,,,,,,,,,,138,,265,5,117,217,,490,,179,281,,115,,79,45,,,112,,264,,,,,,455,468,,,284,,143,46,,,165,
2026-09-07T12:45:02+00:00,144,240,,114,432,10,,131,201,275,,165,223,278,,,,,,,107,387,155,304,246,,,,,38,837,25,0,42,160,,144,,,,130,,100,,,,,,,,,293,,,,47,14,,,,,,56,32,,228,,,17,109,,,,,,137,228,304,95,172,131,86,157,,,,323,18,69,54,126,132,246,36,,179,37,71,,,1,,94,25,207,18,,137,522,,470,144,89,37,146,191,156,560,,,462,2,96,87,,,228,,,,344,,,,,,148,,,,,392,,,,,106,131,,,,,,,,,,,,,,,,,,,294,146,503,291,,,,646,317,317,,179,314,439,1136,410,97,208,164,48,210,288,387,150,,,210,17,11,,,,,,,,,,,,,,,,,266,,6,82,122,,,,,,,,,80,,,,,,,,,,,,,,,,,257,109,95,128,193,231,,335,21,,,113,246,297,237,235,313,76,,,,35,,1115,,,,288,,,,,,,,,,,,,222,68,,,,,,,,,,162,123,,,218,,,,,,,,,,,,,,,,,,,,,,,,137,96,13,76,41,105,53,73,350,255,,,,,45,139,9,,,,112,121,67,2,117,68,,82,42,,384,,129,4,,201,198,64,774,135,,,168,,,,,,,,,,,,,,,,,,,,,,,502,,78,,,,,,,,310,,,159,107,,,,,,26,,,183,,,,,72,98,,72,278,110,54,392,108,105,,,,,,,,,,,,,,,,,,,,,,,,,,,,,,,,,,,,,,,,,,,,,,,,,,,,445,,,271,6,116,,69,493,,,,,114,,73,,,,114,395,266,,,,,,454,,,,276,,144,,,,,110
2026-09-07T12:50:02+00:00,146,244,,,426,,,132,204,274,,162,228,274,,76,,,,,106,,160,305,244,,61,,,,832,,,40,157,,148,,,,,,,,,,,,,129,,,30,90,,49,,,,,,,57,33,,230,,,,,,,,,,134,227,,,,,,,,,,,,,,,,,,,,,,,,,,,,,,,,,,,,,,,,,,,,,,,,,,,,,,,,,,,,,,,,,,,,,,,,,,,,,,,,,,,,,,,,,,,147,501,282,23,,,,,320,,173,,,,,,,,,,,,,,,205,17,10,404,,,,,,,,,,,,,,,,259,,5,83,123,,,,,,,,,87,,,,,,,,,,,,,,,,187,254,107,,123,,237,,332,,,323,111,249,295,,,314,75,,117,281,37,,,,,,293,,106,,,,,,,,,,,226,70,12,,,,,405,,,,166,129,,,215,,,,,,,,,,,,16,,,,,,,,,,,,138,,,75,39,106,,68,355,254,,,159,111,,137,,,,,,124,65,,120,70,148,,41,132,393,,130,2,,203,200,,773,,,,169,83,,,,,,,,,,,,,,,,,,,,,,514,,73,23,641,,187,,244,290,312,,,161,108,,,,,,30,,,187,73,108,121,31,,96,,78,276,112,53,391,,110,,,,,,,,,,,,,,,,,,,,,,,,,,,,,,,,,,,,,,,,,,,,,,,,,,,,451,139,76,272,,120,219,,492,,183,282,,113,,75,,,,112,389,265,,,,,,455,471,,,270,,142,,,,168,109
2026-09-07T12:55:02+00:00,148,,,,429,12,,128,205,,,160,225,276,,,,,,,107,,161,,253,,62,,,39,838,,5,39,156,,147,,,106,,,,,,,,,,128,,297,28,,,52,,6,,,,18,61,40,,231,77,,,,,,149,,,,229,308,94,171,,87,153,,,,,13,72,59,129,140,247,34,220,180,46,69,,335,4,100,95,22,208,13,,140,521,35,465,147,88,39,147,189,,572,,,464,,92,91,634,,238,,56,,343,,,,,,147,,,,,395,,,,,102,,,,,,,,,,,,,,,,,,,,296,151,503,,25,,,641,316,323,,172,313,438,,399,96,207,163,49,,290,392,146,11,,207,17,7,408,,,,,,,,,,,,,,,,,,2,84,,,,,,,,,,,,,,,,,,,,,,,,,,188,266,109,97,119,192,240,,339,16,,324,116,256,290,239,230,,,,114,282,35,,1118,,,,291,,105,,,,,,,,,,,,64,11,8,,,,,,,,167,130,,,212,,,,,,,,,,,,15,,,,,,,,,,,,134,,14,77,40,107,52,77,,251,19,,155,118,44,139,,,11,73,113,,62,1,,,145,87,43,,400,,129,3,,196,203,,779,131,,,171,,,,,,,,,,,,,,,,,,,,,,,518,79,71,,644,,190,,241,289,314,,,,,,,,,,32,,,184,71,109,120,37,69,93,,75,281,106,49,399,,109,47,63,352,23,60,122,,177,246,236,,194,,184,,215,,156,70,,,,,,,,,,,,,,,,,,,,,,,,,,,,,,,,,452,138,75,274,5,118,222,71,488,53,,,,114,,74,46,,,111,392,267,,,,,,452,474,,,269,,140,45,,,,110
2026-09-07T13:00:01+00:00,151,,,115,430,5,,126,206,277,,162,226,275,,79,,,,,106,384,163,311,255,,61,,,40,,,6,41,157,,144,,,,,,101,,19,,,,,127,,300,,,,53,15,,,,,,62,,78,,,,,,,,150,,,,225,,,,,,,,,,,,,,,,,,,,,,,,,,,,,,,,,,,,,,,,,,,,,,,,,,,,,,,,,,,,,,,,,,,,,,,,,,,,,,,,,,,,,,,,,,297,,502,,23,,,643,,324,,,,,,,,,,,,,,,8,,209,17,5,,,,,,,,,,,,,,,,,253,,3,83,124,,,,,,,,,,,,,,,,,,,,,,,,,187,256,114,102,121,194,244,,337,17,,322,,259,293,238,232,309,,,113,285,34,,1120,,,,293,,,,,,,,,,,,,225,68,14,9,,,,,,,17,169,131,,,210,,,,,,,,,,,,,,,,,,,,,,,,139,97,13,,36,,,74,353,252,26,,153,120,43,140,,,,72,115,127,67,2,123,,149,92,45,131,401,,130,6,,,,,,,,,,,,,,,,,,,,,,,,,,,,,,,,,,,,,,,,,,,,,,,,,,,,,,,,,,,,,,,78,288,105,47,392,110,106,,,,,,,,,,,,,,,,,,,,,,,,,,,,,,,,,,,,,,,,,,,,,,,,,,,,453,137,76,264,,119,223,73,487,52,182,282,78,113,,75,47,71,,112,387,266,,,,,,,476,111,,268,,138,47,,,167,111
2026-09-07T13:05:01+00:00,,,,,428,,,129,204,280,,164,230,268,,83,,,,,107,411,166,310,254,,63,,,39,837,23,13,,160,,,,,109,,,96,,20,,,,,,,303,29,89,,56,,7,,,,19,64,43,,,75,,,110,,,149,,,,226,309,95,158,129,86,152,,,,327,12,74,62,132,143,248,35,221,181,47,73,,338,,99,93,25,216,26,137,139,522,38,,158,89,40,141,190,158,575,,,466,1,,,,,,,,,,,,,,,146,,,,,,,,,,,134,,,,,,,,,,,,,,,,,,,,,503,279,22,,,641,314,317,,171,,440,1143,387,97,209,164,50,211,287,391,138,,,206,17,4,411,,,,,,,,,,,,,,,,258,,1,,123,,,,,,,,,88,,,,,,,,,,,,,,,,186,251,119,101,119,200,242,,338,18,,,119,256,294,241,238,301,76,,115,278,29,,1126,,,,294,,106,,,,,,,,,,,229,71,15,11,,,,406,,,,166,129,,,211,,,,,,,,,,,,,,,,,,,,,,,,147,98,,79,37,109,,76,355,,33,,150,122,40,143,,,,,117,130,65,1,127,68,,95,42,132,420,,129,7,,195,194,,780,137,,128,170,79,,,,,,,,,,,,,,,,,,,,,,519,,76,21,639,,192,,245,,315,,,162,106,,,,,,,,,186,,104,119,34,65,98,295,117,306,106,40,382,111,108,,,,,,,,,,,,,,,,,,,,,,,,,,,,,,,,,,,,,,,,,,,,,,,,,,,,456,138,75,,3,117,224,75,488,51,184,,,112,,76,51,,,114,389,267,,,,,,457,475,,,274,,137,,,,165,110
2026-09-07T13:10:01+00:00,147,247,54,,436,7,,127,211,281,,160,,270,,87,,,,,103,415,169,306,256,,,,,38,843,,11,42,159,,146,,,111,129,,,,,,,,,128,,304,,87,,,,5,,,155,,62,47,,,,,,112,,,153,1,,,223,,,,,,,,,,,,,,,,,,,,,,,,,,,,,,,,,,,,,,,,,,,,,,,,,,,,,,,,,,,,,,,,,,,,,,,,,,,,,,,,,,,,,,,,,,298,153,502,284,21,,,642,,311,,166,,,,,,,,,,,,,,,205,17,7,409,,,,,,,,,,299,,,,,,,,0,84,122,,,,,,,,,90,,,,,51,,,,,,,,,,,187,248,125,103,122,201,,,339,20,,320,114,259,293,240,237,,73,,,273,28,,1133,,,,295,,104,,,,,,,,,,,,,,,,,,408,,,16,,132,,,214,,,,,,,,,,,,,,,,,,,,,,,,,,,,,,,,,,,,,,,,,,,,,,,,,,,,,,,,,,,,,,,,,,,,,,,,,,,,,,,,,,,,,,,,,514,,,,644,,193,,237,288,318,,,164,,,,,,,33,,,187,70,100,117,27,60,101,299,,317,111,39,381,113,106,,71,345,27,61,126,,176,245,237,273,192,,,49,,,159,73,,,,,,,,,,,,,,,,,,,,,,,,,,,,,,,,,458,,74,268,5,112,,72,483,,181,,,111,,77,49,70,,115,,264,,,,,,459,476,,,272,,140,48,,,164,111
2026-09-07T13:15:02+00:00,145,248,,,445,9,,,212,285,,167,228,273,,,,,,,,414,176,305,252,,,,,39,851,22,14,41,158,,144,,,110,130,,,,19,,,,,,,306,,85,,58,,,,,157,,61,,,,,,,,,,156,2,,135,214,308,93,163,,,153,,,,330,8,77,76,134,147,256,32,220,187,45,72,,340,4,100,,31,219,33,,140,524,39,464,156,92,44,134,189,157,586,,,470,,93,90,647,114,245,464,56,77,341,,,,,,150,,,,,402,,,,,,,,,,,,,,,,,,,,,,,,,297,150,503,283,20,,,645,316,319,,153,314,447,1150,,99,213,165,52,209,285,400,136,5,,201,17,8,415,,,,,,,,,,298,,,,,,260,,,85,,,,,,,,,,89,,,,,53,,,,,,,,,,,186,255,128,104,118,,235,,343,22,,323,109,,298,244,238,308,74,,108,272,,,1138,,,,297,,103,,,,,,,,,,,223,,11,12,,,,409,,,17,165,138,,,219,,,,,,,,,,,,17,,,,,,,,,,,,150,97,,76,41,110,53,90,363,256,36,35,154,119,39,141,,,12,71,119,132,71,2,134,76,154,100,37,130,437,,,12,1,198,193,,704,143,,129,174,,,,,,,,,,,,,,,,,,,,,,,513,,78,23,643,,195,,238,290,320,,,163,107,,,,,,36,,,190,71,102,116,21,44,106,302,120,330,116,43,366,112,105,,,,,,,,,,,,,,,,,,,,,,,,,,,,,,,,,,,,,,,,,,,,,,,,,,,,464,,75,264,,108,226,,481,51,182,,,110,,92,52,,,119,391,263,,,,,,457,477,,,275,,145,50,,,163,112
2026-09-07T13:20:01+00:00,144,250,,,448,5,,132,,286,,170,231,278,,88,,,,,99,,177,306,258,,62,,,,856,24,17,40,159,,141,,,115,,,94,,21,,,,,126,,308,30,,,,14,7,,,158,20,62,,80,232,,,16,111,,,,,,137,218,,,,,,,,,,329,,86,83,,145,266,33,,189,44,79,181,342,3,102,92,33,221,34,,144,519,40,467,157,98,47,132,187,155,596,,10,471,3,,,,,,,,,,,,,,,,,,,,,,,,,,,,,,,,,,,,,,,,,,,,,295,156,507,287,21,,,647,,327,,144,,,,,,,,,,,,,7,,203,17,,422,,,,,,,,,,,,,,,,259,,1,,,,,,,,,,,,,,,,52,,,,,,,,,,,187,264,137,,,202,239,,340,20,,320,113,257,304,249,239,312,75,,106,271,26,,1141,,,,299,,102,,,,,,,,,,,227,69,7,14,,,,407,,,,167,137,,,221,,,,,,,,,,,,,,,,,,,,,,,,144,98,18,80,42,111,51,89,361,259,,,155,122,,146,8,,,,120,134,68,3,137,79,155,102,38,127,449,41,,11,3,,191,62,787,149,,131,172,81,,,,,,,,,,,,,,,,,,,,,,528,80,79,26,644,,,,237,,327,,,162,105,,,,,,35,,,,72,106,,23,42,123,301,121,343,124,46,370,,,,,,,,,,,,,,,,,,,,,,,,,,,,,,,,,,,,,,,,,,,,,,,,,,,,,,467,,78,263,7,115,224,,483,54,187,280,77,111,,93,,75,,120,394,264,,,,,,460,475,112,,273,,146,,,,164,113
2026-09-07T13:25:01+00:00,,,,,459,6,,130,209,,,167,233,271,,,,,,,98,412,188,,,,,,,,,,,,,,,,,,,,,,,,,,,,,,,,,,,,,,,,,,,,,,,,,,,,,,,,,,,,,,,,,,,,,,,,,,,,,,,,,,,,,,,,,,,,,,,,,,,,,,,,,,,,,,,,,,,,,,,,,,,,,,,,,,,,,,,,,,,,,,,,,,,,,,,,,,,,,,,,,,,,,,,,,,,,,,,,,,,,,,,,,,,,,,,,,,,,,,,,,,,,,,,,,,,,,,,,,,,,,,,,,,,,,321,114,258,,250,,314,80,,108,277,30,,1147,,,,,,,,,,,,,,,,,,,,,,,,,,,,,,,,,,,,,,,,,,,,,,,,,,,,,,,,,,,,,,,,,,,,,,,,,,,,,,,,,,,,,,,,,,,,,,,,,,,,,,,,,,,,,,,,,,,,,,,,,526,81,,,643,,197,,228,287,329,,,160,104,,,,,,36,,,192,74,110,,35,,131,303,,,,,,,,,,,,,,,,,,,,,,,,,,,,,,,,,,,,,,,,,,,,,,,,,,,,,,,,,,,,,,,,,,,,,,,,,,,,,,,,,,,,,,,,,,,,,,,,,
2026-09-07T13:25:02+00:00,,,,,,,,,,,,,,,,,,,,,,,,307,260,,61,,,,,,18,,158,,144,,,114,131,,93,,23,,,,,,,,,86,,59,15,,,,,,66,58,,,,,18,,,,154,,,134,216,307,87,164,122,82,156,,,,,,,,,,,,,,,,,,,,,,,,,,,,,,,,,,,,,,,,97,88,656,,,468,55,80,344,,,,,,,,,,,406,,,,,101,137,,,,,,,,,,,,,,,,,,,298,159,508,292,22,,,655,317,334,,141,,445,1157,,,217,164,54,211,286,402,,13,,,16,6,429,,,,,,,,,,,,,,,,261,,,82,123,,,,,,,,,90,,,,,,,,,,,,,,,,188,280,,105,126,204,235,,345,15,,,,,,,,,,,,,,,,,,,,,,,,,,,,,,,,229,65,11,16,,,,408,,,,,143,,,218,,,,,,,,,,,,,,,,,,,,,,,,149,,21,,43,,52,90,363,255,,,154,119,40,148,,,,,119,135,70,1,,76,,104,33,,456,,131,10,9,194,181,60,793,157,,130,170,79,,,,,,,,,,,,,,,,,,,,,,,,,,,,,,,,,,,,,,,,,,,,,,,,,,,,,122,338,127,,380,,109,50,70,341,34,63,129,36,172,,,263,191,,188,48,,,155,74,,,,,,,,,,,,,,,,,,,,,,,,,,,,,,,,,470,,76,257,5,121,227,69,485,,188,,,109,,,53,76,,121,399,263,,,,,,463,476,,,269,,144,49,,,157,114
2026-09-07T13:30:01+00:00,146,254,,,455,4,,,213,,,170,230,268,,86,,,,,99,415,189,,263,,63,,,38,855,25,27,38,,,145,,,118,134,,88,,,,,,,,,309,,87,,,16,9,,,160,,,59,79,,,,,109,,,149,,,135,,,,,,,,,,,331,13,91,97,139,149,283,,217,192,48,95,,345,9,103,91,,230,42,,146,,39,477,164,101,58,138,185,156,589,,,472,4,,,,,,,,,,,,,,,,,,,,,,,,,,,,,,,,,,,,,,,,,,,,,300,167,512,295,17,,,657,316,323,,143,,,,,,,,,,,,,14,,202,16,9,428,,,,,,,,,,,,,,,,254,,,79,,,,,,,,,,94,,,,,53,,,,,,,,,,,,,140,,123,205,233,,348,20,8,317,112,257,307,248,240,315,81,,110,280,32,,1150,,,,298,,103,,,,,,,,,,,232,66,10,,,,,409,,,18,166,144,,,216,,,,,,,,,,,,16,,,,,,,,,,,,152,96,,,38,112,53,88,362,268,35,36,152,120,,151,,,,72,,130,68,0,139,72,151,108,37,128,467,,,11,10,197,183,,802,159,,131,171,78,,,,,,,,,,,,,,,,,,,,,,,,,,,,,,,,,,,,,,,,,,,,,,,,,,,,,123,346,132,45,383,113,111,,,,,,,,,,,,,,,,,,,,,,,,,,,,,,,,,,,,,,,,,,,,,,,,,,,,471,141,75,253,,115,226,68,,49,,278,,,,94,55,75,,126,400,265,,,,,,,478,,,264,,146,,,,,112
2026-09-07T13:35:02+00:00,147,,,,,5,,137,206,288,,174,,265,,,,,,,,414,192,302,272,,67,,,41,,24,21,40,,,142,,,117,133,,93,,,,,,,125,,311,32,89,,58,,10,,,161,17,,54,80,231,,,17,110,,,147,,,137,,304,94,154,124,78,155,,,,,,,,,,,,,,,,,,,,,,,,,,,,,,,,,,,,,,,,98,79,673,111,237,470,57,78,343,,,,,,145,,,,,416,,,,,100,,,,,,,,,,,,,,,,,,,,301,168,516,297,15,,,,315,321,,138,,,1163,385,100,219,165,,,288,401,137,18,,196,16,12,433,,,,,,,,,,,,,,,,258,,2,,124,,,,,,,,,,,,,,50,,,,,60,,,,,,189,275,142,107,,,228,,,21,,,111,264,308,249,241,312,,,111,278,34,,1160,,,,299,,101,,,,,,,,,,,230,,9,17,,,,,,,20,165,,,,215,,,,,,,,,,,,,,,,,,,,,,,,155,97,,,,,52,97,361,266,,,154,121,,,,,,73,,132,63,,141,78,148,113,38,,485,40,130,,14,202,190,,806,161,,,169,74,,,,,,,,,,,,,,,,,,,,,,,79,75,25,,,201,,233,284,330,,,,,,,,,,38,,,190,76,111,115,98,50,138,304,,352,131,51,390,114,115,,,,,,,,,,,,,,,,,,,,,,,,,,,,,,,,,,,,,,,,,,,,,,,,,,,,473,,73,251,,124,223,65,,48,190,277,75,111,,95,,,,127,404,264,,,,,,460,481,,,267,,148,48,,,155,
2026-09-07T13:40:02+00:00,150,256,53,,,9,,138,208,290,,173,234,262,,,,,,,103,,194,304,,,,,,,859,25,25,43,159,,,,,118,135,,91,,,,,,,126,,,31,,,56,,,,,160,,,55,,,77,,,109,,,,,,,,,,,,,,,,,334,19,93,101,,152,,,216,196,,111,180,350,7,102,,,229,44,140,148,518,,482,173,104,61,141,,154,594,,,473,1,,,,,,,,,,,,,,,,,,,,,,,,,,,,,,,,,,,,,,,,,,,,,300,170,518,302,11,,,666,314,317,,135,,,,,,,,,,,,,,,204,16,,440,,,,,,,,,,299,,,,,,260,,0,78,125,,,,,,,,,99,,,,,49,,,,,,,,,,,188,276,144,109,121,206,223,,354,24,,313,108,269,321,250,,311,83,,116,271,35,,1168,,,,303,,103,,,,,,,,,,,,68,11,,,,,412,,,21,160,151,,,214,,,,,,,,,,,,17,,,,,,,,,,,,152,96,22,83,36,115,,,363,,,35,157,125,41,153,7,,,75,121,125,,,147,79,151,116,41,127,504,39,128,12,,204,193,,,162,,,,76,,,,,,,,,,,,,,,,,,,,,,529,78,74,26,649,,206,,240,286,,,,161,,,,,,,34,,,193,73,105,110,103,40,152,309,125,366,138,48,403,,112,,,,,,,,,,,,,,,,,,,,,,,,,,,,,,,,,,,,,,,,,,,,,,,,,,,,475,,70,250,8,128,,,,44,192,278,74,,,,57,77,,128,406,263,,,,,,463,486,,,263,,,49,,,,110
2026-09-07T13:45:02+00:00,152,254,,,461,8,,135,205,289,,,232,263,,87,,,,,,416,193,,274,,68,,,42,866,24,31,44,158,,,,,117,133,,90,,,,,,,128,,314,,91,,57,14,9,,,162,18,70,56,81,,76,1,18,,,,149,3,,,214,303,96,165,129,75,152,,,,,,,,,,,,,,,,,,,,,,,,,,,,,,,,,,,,,,,,102,85,672,112,233,466,56,76,342,,,,,,140,,,,,419,,,,,106,135,,,,,,,,,,,,,,,,,,,303,172,,301,9,,,672,315,320,,136,,444,1162,,99,,162,58,214,285,397,140,26,,206,16,11,451,,,,,,,,,,,,,,,,264,,,73,126,,,,,,,,,101,,,,,,,,,,,,,,,,,284,154,111,123,203,230,,353,20,,306,102,273,316,252,238,310,82,,114,270,32,,1179,,,,301,,101,,,,,,,,,,,232,69,10,15,,,,414,,,,161,,,,215,,,,,,,,,,,,19,,,,,,,,,,,,155,95,23,86,40,117,51,99,367,264,,,159,128,43,156,6,,14,,120,119,62,,150,78,152,,44,125,514,38,,13,,206,194,,800,166,,130,,78,,,,,,,,,,,,,,,,,,,,,,,,,,,,,,,,,,,,,,,,,,,,,,,,,,,,,124,368,,47,411,113,120,49,76,340,52,64,123,38,171,246,235,259,192,,193,45,210,,156,72,,,,,,,,,,,,,,,,,,,,,,,,,,,,,,,,,477,140,69,247,13,126,221,64,487,39,195,280,,,,99,54,78,,,404,262,,,,,,460,487,113,,,,152,,,,147,111
2026-09-07T13:50:02+00:00,151,256,,116,460,9,,131,211,287,,177,,264,,,,,,,97,417,196,303,,,,,,43,872,23,34,42,,,145,,,116,134,,92,,,,,,,127,,315,,,,59,17,10,,,161,19,68,66,,232,,,,,,,,,,136,216,,,,,,,,,,336,24,99,112,145,154,288,34,219,,,120,182,353,1,,90,34,233,48,,150,516,40,492,181,111,65,137,,147,607,,11,,3,,,,,,,,,,,,,,,,,,,,,,,,,,,,,,,,,,,,,,,,,,,,,300,179,522,308,6,,,686,314,317,,140,,,,,,,,,,,,,25,,,16,13,457,,,,,,,,,,,,,,,,274,,,72,125,,,,,,,,,102,,,,,,,,,,,,,,,,,,161,113,128,,235,,355,16,9,314,93,,321,257,241,,,,116,264,33,,1181,,,,302,,,,,,,,,,,,,233,65,9,18,,,,416,,,,160,154,,,216,,,,,,,,,,,,18,,,,,,,,,,,,161,94,21,88,39,118,52,105,,,,,162,130,,157,,,,76,,114,,,156,,153,126,45,123,543,,129,14,13,210,201,,805,163,,,173,80,,,,,,,,,,,,,,,,,,,,,,531,77,70,,646,,,,232,,331,,,164,,,,,,,28,,,194,75,110,111,101,39,159,312,125,372,136,50,413,116,126,,,,,,,,,,,,,,,,,,,,,,,,,,,,,,,,,,,,,,,,,,,,,,,,,,,,480,139,72,242,11,127,227,,488,35,192,,,,,,56,77,,127,,261,,,,,,,488,,,256,,151,50,,,142,112
2026-09-07T13:55:01+00:00,149,261,,,462,,,,212,285,,,,265,,88,,,,,96,,206,308,272,,69,,,45,879,,33,40,161,,143,,,113,,,89,,22,,,,,125,,319,,90,,61,18,9,,,162,,65,,,,79,2,,,,,152,,,138,213,306,88,168,123,84,149,,,,,,,,,,,,,,,,,,,,,,,,,,,,,,,,,,,,,,,,99,87,,114,239,462,,82,340,,,,,,138,,,,,427,,,,,108,133,,,,,,,,,,,,,,,,,,,297,194,527,309,8,,,690,313,318,,,,443,1166,374,98,220,,59,215,,,133,27,,207,16,18,467,,,,,,,,,,,,,,,,272,,2,75,123,,,,,,,,,,,,,,,,,,,,,,,,,189,281,165,114,131,201,230,,357,21,,316,95,277,326,259,242,305,84,,117,273,35,,1185,,,,297,,103,,,,,,,,,,,234,62,8,15,,,,415,,,24,,,,,219,,,,,,,,,,,,,,,,,,,,,,,,,,,,,,,,,,,,,,,,,,,,,,,,,,,,,,,,,,,,,,,,,,,,,,,,,,,,,,,,,,,,,,,,,546,80,63,25,645,,210,,233,287,333,,,160,102,,,,,,25,,,193,77,114,,95,36,171,313,,,,,,,,,,,,,,,,,,,,,,,,,,,,,,,,,,,,,,,,,,,,,,,,,,,,,,,,,,,483,,152,241,12,128,228,67,490,,195,,,113,,101,59,,,,406,,,,,,,458,486,114,,254,,153,49,,,150,110
2026-09-07T13:55:02+00:00,,,,,,,,,,,,,,,,,,,,,,,,,,,,,,,,,,,,,,,,,,,,,,,,,,,,,,,,,,,,,,,,,,,,,,,,,,,,,,,,,,,,,,,,,,,,,,,,,,,,,,,,,,,,,,,,,,,,,,,,,,,,,,,,,,,,,,,,,,,,,,,,,,,,,,,,,,,,,,,,,,,,,,,,,,,,,,,,,,,,,,,,,,,,,,,,,,,,,,,,,,,,,,,,,,,,,,,,,,,,,,,,,,,,,,,,,,,,,,,,,,,,,,,,,,,,,,,,,,,,,,,,,,,,,,,,,,,,,,,,,,,,,,,,,,,,,,,,,,,,,,,,,,,,,,,,,,,,,,,,,160,95,23,87,38,,,107,369,267,,34,160,132,44,158,,,,74,123,112,60,1,159,85,154,129,41,122,547,,132,15,,,,61,,,,,,,,,,,,,,,,,,,,,,,,,,,,,,,,,,,,,,,,,,,,,,,,,,,,,,,,,,,132,367,134,52,414,117,129,,,,,,,,,,,,,,,,,,,,,,,,,,,,,,,,,,,,,,,,,,,,,,,,,,,,,,,,,,,,,,,,,,,,,,,,,,,,,,,,,,,,,,,,,,
2026-09-07T14:00:02+00:00,145,266,,,471,10,,,213,287,,175,233,271,,89,,,,,91,418,208,310,269,,74,,,,886,24,29,,,,,,,117,137,,87,,24,,,,,127,,322,,,,59,16,10,,,,,66,72,,231,78,4,,,,,151,,,,214,,,,,,,,,,340,33,103,119,147,158,293,32,,,45,121,183,359,2,104,93,36,238,57,,,519,41,493,189,,69,,184,148,617,,,,2,,,,,,,,,,,,,,,,,,,,,,,,,,,,,,,,,,,,,,,,,,,,,298,200,530,312,4,,,692,315,321,,143,,,,,,,,,,,,,32,,206,16,11,472,,,,,,,,,,,,,,,,271,,1,74,125,,,,,,,,,101,,,,,51,,,,,59,,,,,,,280,167,118,134,200,229,,,19,,324,,282,328,263,238,303,86,,118,,38,,1192,,,,296,,104,,,,,,,,,,,237,58,13,17,,,,418,,,,163,161,,,221,,,,,,,,,,,,17,,,,,,,,,,,,162,97,22,93,37,,,110,373,259,,35,159,135,,159,,,15,73,122,119,59,0,163,92,157,133,39,,567,39,,18,17,212,202,,811,160,,127,168,79,,,,,,,,,,,,,,,,,,,,,,,,,,,,,,,,,,,,,,,,,,,,,,,,,,,,,137,387,140,47,416,116,126,48,73,337,54,60,124,40,174,,233,254,196,,,43,211,,165,74,,,,,,,,,,,,,,,,,,,,,,,,,,,,,,,,,488,140,151,,,,,66,487,42,,282,,112,,102,55,,,128,404,,,,,,,,487,,,,,162,50,,,146,111
2026-09-07T14:05:02+00:00,144,268,,,469,,,136,209,290,,,235,276,,90,,,,,,,209,311,274,,73,,,48,888,,31,39,162,,146,,,118,136,,84,,26,,,,,126,,324,32,,,57,,12,,,164,,69,76,82,,,3,,,,,,,,136,219,305,87,171,117,86,151,,197,,,,,,,,,,,,,,,,,,,,,,,,,,,,,,,,,,,,,,96,88,673,118,237,458,,87,341,,,,,,129,,,,,436,,,,,113,134,,,,,,,,,,,,,,,,,,,299,204,,311,8,,,693,316,307,,150,315,442,1175,359,99,222,167,63,216,290,398,127,38,,207,16,16,471,,,,,,,,,,,,,,,,269,,2,,123,,,,,,,,,103,,,,,50,,,,,,,,,,,188,277,173,119,,204,232,,355,21,8,325,100,279,336,265,,,87,,123,271,37,,1200,,,,298,,103,,,,,,,,,,,,57,14,15,,,,422,,,,164,164,,,227,,,,,,,,,,,,16,,,,,,,,,,,,,99,28,,36,,53,118,381,265,,,,,,,,,,75,128,115,58,,173,88,158,136,,,581,,130,19,18,215,205,,825,163,,125,170,80,,,,,,,,,,,,,,,,,,,,,,548,,65,26,643,,,,229,288,339,,,163,100,,,,,,26,,,192,80,,109,,33,179,311,134,400,,52,417,113,131,,,,,,,,,,,,,,,,,,,,,,,,,,,,,,,,,,,,,,,,,,,,,,,,,,,,490,,150,,10,126,233,65,486,44,196,281,75,113,,106,,,,130,406,,,,,,,459,488,,,252,,161,51,,,149,
2026-09-07T14:10:02+00:00,145,273,,,472,9,,138,211,,,,,274,,91,,,,,94,422,213,312,278,,74,,,47,889,,32,41,161,,148,,,120,,,86,,27,,,,,125,,325,,89,,56,17,13,,,,18,74,77,,,75,,,,,,157,4,,138,,,,,,,,,,,343,36,109,127,148,162,300,,218,,50,109,,365,5,106,97,41,242,62,141,153,520,,495,191,,75,143,185,151,633,,,,6,,,,,,,,,,,,,,,,,,,,,,,,,,,,,,,,,,,,,,,,,,,,,296,211,532,307,,,,700,315,,,160,,,,,,,,,,,,,48,,,16,17,481,,,,,,,,,,,,,,,,,,1,72,124,,,,,,,,,102,,,,,,,,,,,,,,,,,,180,120,135,,238,,359,17,9,329,104,282,342,270,240,309,90,,,276,33,,1214,,,,302,,106,,,,,,,,,,,238,58,10,13,,,,424,,,,172,168,,,231,,,,,,,,,,,,,,,,,,,,,,,,166,,,94,37,116,54,120,382,267,,37,161,141,45,,,,,76,131,111,54,,174,89,155,140,,124,591,38,,17,,221,203,,816,171,,127,171,82,,,,,,,,,,,,,,,,,,,,,,,,,,,,,,,,,,,,,,,,,,,,,,,,,,,,,139,404,149,45,416,114,136,,,,,,,,,,,,,,,,,,,,,,,,,,,,,,,,,,,,,,,,,,,,,,,,,,,,493,139,,237,9,122,236,,487,46,199,283,73,,,109,,78,,135,403,,,,,,,463,487,,,263,,163,52,,,151,
2026-09-07T14:15:02+00:00,146,271,,,479,8,,135,212,295,,177,233,262,,92,,,,,96,424,224,309,269,,75,,,46,886,,30,40,160,,,,,117,137,,,,28,,,,,124,,326,33,,,,20,14,,,,15,76,80,83,,,,19,,,,159,,,,215,296,93,173,119,,154,,,,344,40,113,134,149,165,,31,228,204,49,125,184,366,,104,96,52,246,74,,,635,,500,209,112,84,148,184,152,643,,12,475,7,94,94,674,114,235,,55,91,345,,,,,,123,,,,,443,,,,,117,,,,,,,,,,,,,,,,,,,,295,215,534,313,10,,,705,,312,,162,,441,1183,354,107,232,166,65,217,,403,130,50,,208,16,,494,,,,,,,,,,,,,,,,268,,,74,123,,,,,,,,,103,,,,,48,,,,,,,,,,,190,289,189,121,138,209,245,,354,20,,334,105,280,356,276,243,316,95,,127,280,38,,1240,,,,305,,,,,,,,,,,,,234,56,9,12,,,,428,,,,,167,,,235,,,,,,,,,,,,,,,,,,,,,,,,168,,30,96,35,115,,137,388,273,,38,160,146,,166,,,16,,133,104,51,2,181,88,161,148,,127,610,,,,17,222,198,59,814,,,128,,78,,,,,,,,,,,,,,,,,,,,,,551,,64,27,,,211,,225,289,341,,,161,,,,,,,27,,,201,83,118,,89,32,182,309,141,,151,43,418,,142,52,78,335,58,64,126,37,,245,220,263,197,,194,42,228,,,71,,,,,,,,,,,,,,,,,,,,,,,,,,,,,,,,,499,,153,243,7,128,238,64,489,48,,290,,114,,110,56,80,,133,404,,,,,,,465,488,,,266,,,,,,149,110
2026-09-07T14:20:01+00:00,143,273,,,,7,,136,,294,,176,235,261,,89,,,,,97,427,221,,267,,77,,,,885,,31,,157,,143,,,116,,,81,,30,,,,,122,,325,,91,,58,21,15,,,165,17,88,83,,,76,2,,108,,,161,5,,139,216,,,,,,,,,,343,44,118,145,151,,307,32,,206,,129,185,,2,,97,55,251,70,,155,646,40,507,214,111,89,154,183,155,636,,,476,10,,,,,,,,,,,,,,,,,,,,,,,,,,,,,,,,,,,,,,,,,,,,,298,219,535,316,11,,,717,,324,,170,,,,,,,,,,,,,54,,211,17,,502,,,,,,,,,,,,,,,,271,,,75,122,,,,,,,,,104,,,,,,,,,,,,,,,,191,290,195,123,136,211,244,,362,23,,340,102,286,363,279,,314,99,,,,35,,1251,,,,311,,,,,,,,,,,,,,53,10,11,,,,430,,,,169,,,,233,,,,,,,,,,,,19,,,,,,,,,,,,170,,31,,36,,55,,395,277,,,,148,,167,,,,,134,107,53,,182,89,,151,41,,627,,129,20,,,,,,,,,,,,,,,,,,,,,,,,,,,,,,,,553,79,65,29,642,,217,,217,290,342,,,164,102,,,,,,28,,,207,81,122,108,95,35,192,313,142,423,,39,426,111,146,,,,,,,,,,,,,,,,,,,,,,,,,,,,,,,,,,,,,,,,,,,,,,,,,,,,503,,,244,,127,239,,492,43,209,,73,116,,112,,,,141,407,262,,,,,,464,,114,,268,,165,49,,,152,
2026-09-07T14:25:01+00:00,145,275,,,480,6,,138,208,295,,168,237,255,,91,,,,,98,429,223,,265,,78,,,49,884,25,36,42,155,,142,,,120,,,80,,,,,,,123,,326,34,,,57,,13,,,,,91,,84,232,77,3,20,,,,,,,,219,299,89,172,123,95,150,,,,,,,,,,,,,,,,,,,,,,,,,,,,,,,,,,,,,,,,96,100,681,111,,456,56,92,348,,,,,,117,,,,,450,,,,,121,139,,,,,,,,,,,,,,,,,,,300,222,538,315,16,,,723,314,326,,176,,440,1197,361,106,239,,66,220,289,399,127,55,,214,17,23,516,,,,,,,,,,,,,,,,275,,,76,,,,,,,,,,105,,,,,47,,,,,,,,,,,,301,,124,137,212,,,,25,,345,104,289,369,280,249,311,102,,126,275,34,,1260,,,,312,,,,,,,,,,,,,230,,14,9,,,,435,,,,170,165,,,235,,,,,,,,,,,,20,,,,,,,,,,,,169,100,,98,37,,56,147,400,276,34,37,,152,46,,,,,,137,105,56,0,191,92,,157,38,,653,,,,21,223,229,58,818,175,,,173,81,,,,,,,,,,,,,,,,,,,,,,,80,66,33,644,,221,,216,288,343,,,,103,,,,,,29,,,212,80,119,107,90,33,201,314,141,427,155,42,421,,143,,,,,,,,,,,,,,,,,,,,,,,,,,,,,,,,,,,,,,,,,,,,,,,,,,,,505,,,248,10,123,,63,496,34,213,287,71,113,,,55,76,,140,413,263,,,,,,466,495,116,,277,,167,50,,,155,112
2026-09-07T14:30:01+00:00,147,277,,,479,3,,132,205,297,,,236,250,,87,,,,,100,431,230,,258,,,,,,881,,34,41,,,141,,,121,138,,77,,32,,,,,124,,331,,92,,56,22,14,,,166,,,85,,233,,4,21,106,,,160,,,,217,,,,,,,,,,348,,127,156,155,163,,,,210,52,147,186,370,,103,,59,256,,142,158,651,41,517,225,112,99,155,184,167,661,,,481,11,,,,,,,,,,,,,,,119,,,,,454,,,,,117,138,,,,,,,,,,,,,,,,,,,,232,539,318,13,,,724,316,328,,171,,,,,,,,,,,,,59,,211,17,26,525,,,,,,,,,,,,,,,,,,,78,120,,,,,,,,,103,,,,,44,,,,,,,,,,,,299,196,125,136,213,246,,363,23,8,346,,297,368,284,253,308,103,,131,277,33,,1268,,,,317,,,,,,,,,,,,,225,52,,12,,,,442,,,,168,163,,,236,,,,,,,,,,,,21,,,,,,,,,,,,167,101,,96,35,111,,,402,284,35,36,164,154,,168,,,17,77,139,101,55,,201,95,158,160,41,128,663,,,19,29,226,,55,828,180,,,177,80,,,,,,,,,,,,,,,,,,,,,,560,78,64,36,,,223,,220,,345,,,,102,,,,,,27,,,214,84,123,,80,36,203,318,139,426,159,47,424,112,142,53,77,347,60,68,122,34,168,252,,266,200,,189,40,229,,166,80,,,,,,,,,,,,,,,,,,,,,,,,,,,,,,,,,508,,,249,14,119,,60,,36,,291,72,115,,113,,,,142,415,261,,,,,,463,498,,,275,,162,47,,,159,111
2026-09-07T14:35:02+00:00,148,278,,117,487,7,,130,,,,171,243,256,,,,,,,106,430,231,305,,,,,,47,880,24,39,42,,,,,,122,143,,75,,,,,,,125,,332,33,91,,53,24,,,,,16,93,88,,,,,,,,,157,6,,138,216,292,87,177,126,90,158,,198,,,,,,,,,,,,,,,,,,,,,,,,,,,,,,,,,,,,,,,,,,,,,,,,,,,,,,,,,,,,,,,,,,,,,,,,,,,,,,,,,,299,234,538,,16,,,727,314,332,,164,,438,1205,366,107,235,169,67,224,291,398,,65,,,17,27,538,,,,,,,,,,,,,,,,280,,2,79,119,,,,,,,,,104,,,,,45,,,,,,,,,,,192,304,195,127,,209,248,,364,18,,350,100,300,375,287,,314,105,,135,,35,,1277,,,,,,,,,,,,,,,,,229,49,13,13,,,,444,,,25,171,168,,,,,,,,,,,,,,,26,,,,,,,,,,,,,103,,98,38,107,,152,404,,,,165,156,,171,,,16,79,137,107,54,,207,100,159,166,40,130,678,37,127,17,28,228,236,,831,181,,127,174,84,,,,,,,,,,,,,,,,,,,,,,559,77,62,34,646,,219,,219,287,344,,,,,,,,,,26,,,211,86,127,106,83,33,206,319,142,427,162,55,425,111,148,,,,,,,,,,,,,,,,,,,,,,,,,,,,,,,,,,,,,,,,,,,,,,,,,,,,513,140,,243,15,121,,,500,,218,,74,116,,115,54,75,,140,416,262,,,,,,462,,,,,,166,44,,,162,112
2026-09-07T14:40:01+00:00,151,279,,,494,5,,126,207,299,,175,246,264,,81,,,,,103,429,236,309,253,,79,,,48,884,,40,,154,,142,,,123,142,,73,,,,,,,,,335,35,,,51,,13,,,,,91,91,82,,79,7,,,,,159,,,134,,,,,,,,,,,,42,131,160,,166,312,33,229,,53,151,185,372,,104,96,,259,69,,,654,42,522,229,,,152,186,172,659,,,,14,,,,,,,,,,,,,,,118,,,,,459,,,,,118,134,,,,,,,,,,,,,,,,,,,,238,539,322,14,,,735,317,,,171,,,,,,,,,,,,,70,,,17,28,547,,,,,,,,,,,,,,,,,,0,77,118,,,,,,,,,106,,,,,44,,,,,,,,,,,,303,194,128,140,212,250,,356,20,,349,104,308,,289,257,323,104,,134,282,36,,1285,,,,321,,,,,,,,,,,,,,47,14,,,,,445,,,,172,171,,,,,,,,,,,,,,,28,,,,,,,,,,,,164,104,32,99,40,110,55,159,407,286,,,164,158,47,168,,,,77,,105,53,1,211,105,160,174,45,133,685,,,19,29,229,237,54,830,185,,126,177,85,,,,,,,,,,,,,,,,,,,,,,564,,61,33,645,,222,,214,,,,,163,103,,,,,,27,,,213,,131,107,86,,209,318,135,439,165,59,435,,150,,,,,,,,,,,,,,,,,,,,,,,,,,,,,,,,,,,,,,,,,,,,,,,,,,,,515,141,152,247,18,124,244,59,,41,219,289,76,,,,52,,,144,412,264,,,,,,,494,,,,,167,47,,,163,
2026-09-07T14:45:01+00:00,,281,54,,489,6,,128,,301,,178,245,,,76,,,,,105,427,235,310,255,,81,,,45,885,,39,43,152,,145,,,126,,,69,,,,,,,,,338,,90,,,25,,,,167,,93,96,,234,,8,,107,,,169,5,,,214,297,91,182,133,,156,,,,,,,,,,,,,,,,,,,,,,,,,,,,,,,,,,,,,,,,91,111,701,118,245,449,55,102,349,,,,,,,,,,,,,,,,,,,,,,,,,,,,,,,,,,,,301,237,541,327,18,,,729,316,339,,187,316,,1213,376,108,234,,68,228,287,400,141,,,212,17,27,550,,,,,,,,,,298,,,,,,,,1,76,120,,,,,,,,,105,,,,,,,,,,,,,,,,,309,192,133,141,214,251,,363,,,348,108,,383,293,258,328,,,143,277,,,1298,,,,320,,105,,,,,,,,,,,228,,,14,,,,444,,,,174,172,,,241,,,,,,,,,,,,26,,,,,,,,,,,,167,,33,102,41,112,54,158,,285,,35,166,161,,171,,,,,139,103,52,,215,,,178,,,691,39,125,,33,231,242,52,826,187,,124,178,84,,,,,,,,,,,,,,,,,,,,,,563,78,60,32,642,,221,,215,,,,,162,106,,,,,,26,,,215,85,134,106,90,28,217,319,134,444,169,61,449,112,153,52,73,348,59,59,116,35,172,259,219,281,203,,180,39,235,,167,89,,,,,,,,,,,,,,,,,,,,,,,,,,,,,,,,,518,140,150,249,16,127,,61,502,35,214,,77,,,117,53,74,,147,,267,,,,,,465,,,,282,,171,48,,,165,111
2026-09-07T14:50:01+00:00,149,282,,,490,8,,131,213,300,,,248,266,,70,,,,,101,425,246,313,253,,79,,,46,883,22,,,150,,147,,,131,,,,,,,,,,126,,,,91,,52,27,,,,166,15,96,,,,80,9,,108,,,172,6,,,210,,,,,,,,,,354,46,130,171,159,167,,34,236,211,56,153,187,374,,102,,63,264,63,,155,657,,532,236,,119,157,,180,671,,,482,12,,,,,,,,,,,,,,,,,,,,469,,,,,117,132,,,,,,,,,,,,,,,,,,,302,247,546,,22,,,738,,342,,191,,,,,,,,,,,,,,,,17,31,558,,,,,,,,,,,,,,,,286,,,73,119,,,,,,,,,,,,,,,,,,,,,,,,,195,315,191,134,142,215,250,,362,,,351,109,310,398,301,,336,,,147,278,41,,1302,,,,315,,107,,,,,,,,,,,,,17,15,,,,447,,,26,172,175,,,245,,,,,,,,,,,,,,,,,,,,,,,,,103,35,105,44,111,55,160,404,292,,34,167,164,,176,,,17,78,142,104,60,0,220,110,147,183,50,135,702,40,126,,35,230,246,53,822,183,,122,177,82,,,,,,,,,,,,,,,,,,,,,,561,,64,34,640,,225,,213,,345,,,160,104,,,,,,28,,,217,86,139,103,84,22,219,321,133,452,174,57,448,111,155,,,,,,,,,,,,,,,,,,,,,,,,,,,,,,,,,,,,,,,,,,,,,,,,,,,,519,,,248,,140,242,,501,34,213,290,78,117,,,52,73,,146,414,,,,,,,466,493,,,289,,174,47,,,157,
2026-09-07T14:55:02+00:00,146,283,,,500,,,,215,301,,179,,262,,63,,,,,,,250,319,254,,,,,47,885,20,42,41,149,,,,,132,,,73,,31,,,,,124,,340,,,,53,30,14,,,170,16,98,98,83,233,,,22,,,,,,,,209,300,94,187,138,94,160,,,,,,,,,,,,,,,,,,,,,,,,,,,,,,,,,,,,,,,,97,112,703,117,244,445,56,103,350,,,,,,,,,,,,,,,,,,,,,,,,,,,,,,,,,,,,303,248,547,331,25,,,747,317,348,,193,318,436,1222,375,110,239,167,70,,283,403,156,,,214,17,28,561,,,,,,,,,,,,,,,,288,,2,65,120,,,,,,,,,108,,,,,,,,,,,,,,,,193,317,194,136,145,216,253,,366,22,,355,134,313,399,302,265,342,,,149,279,38,,1309,,,,319,,108,,,,,,,,,,,227,51,20,16,,,,449,,,,176,177,,,248,,,,,,,,,,,,25,,,,,,,,,,,,170,102,36,103,,112,,162,403,,,,168,169,,,,,,,,105,62,,223,108,,181,52,,716,,,22,37,232,251,,825,182,,121,179,86,,,,,,,,,,,,,,,,,,,,,,575,77,71,36,643,,227,,201,,346,,,163,106,,,,,,32,,,221,,,98,76,36,226,322,,456,,50,451,,153,,,,,,,,,,,,,,,,,,,,,,,,,,,,,,,,,,,,,,,,,,,,,,,,,,,,,138,,249,,143,240,62,499,30,205,,77,116,,,,74,,144,,,,,,,,470,,,,295,,178,45,,,160,
2026-09-07T15:00:01+00:00,,,,,,,,,,,,,,264,,58,,,,,,,251,318,257,,81,,,48,887,18,,40,,,148,,,133,143,,71,,,,,,,,,341,34,,,52,32,,,,169,15,,99,,,,,,,,,174,,,139,213,,,,,,,,,,355,42,122,186,167,172,318,,239,,53,163,188,377,7,,97,68,267,66,145,156,665,43,544,243,111,127,167,185,,691,,,483,16,98,,714,,240,437,,,354,,,,,,109,,,,,472,,,,,116,137,,,,,,,,,,,,,,,,,,,307,249,548,335,23,,,761,,354,,204,,,,,,,,,,,,,75,,215,17,26,565,,,,,,,,,,,,,,,,290,,5,62,123,,,,,,,,,107,,,,,,,,,,,,,,,,194,324,,135,,218,250,,368,20,9,356,137,314,408,303,271,333,107,,158,274,43,,1312,,,,320,,107,,,,,,,,,,,225,50,,14,,,,450,,,,,184,,,249,,,,,,,,,,,,26,,,,,,,,,,,,172,104,,105,42,,53,163,405,295,,35,167,170,,,,,15,,141,107,64,4,227,111,143,182,55,138,724,,,23,40,231,253,55,831,184,,,181,83,,,,,,,,,,,,,,,,,,,,,,,,,,,,,,,,,,,,,,,,,,,,,,,,,,,,,127,,175,57,457,113,154,,,,,,,,,,,,,,,,,,,,,,,,,,,,,,,,,,,,,,,,,,,,,,,,,,,,521,140,149,250,13,148,239,61,500,27,204,,,117,,,51,,,,415,268,,,,,,472,489,,,293,,180,44,,,158,
2026-09-07T15:05:01+00:00,140,287,,118,499,5,,123,227,300,,178,,257,,56,,,,,103,,256,,250,,80,,,47,888,,44,38,,,154,,,135,144,,74,,33,,,,,,,339,,,,50,31,15,,,,,,100,,232,79,11,,,,,169,,,138,209,303,105,193,145,98,169,,,,,,,,,,,,,,,,,,,,,,,,,,,,,,,,,,,,,,,,,,,,,,,,,,,,,,,,,,,,,,,,,,,,,,,,,,,,,,,,,,,,305,272,547,343,24,,,768,318,363,,215,321,437,1233,380,113,247,173,,232,285,409,163,77,,220,17,25,567,,,,,,,,,,,,,,,,292,,,60,124,,,,,,,,,,,,,,,,,,,61,,,,,,195,338,197,136,146,220,248,,367,18,8,357,,313,404,306,273,337,110,,161,271,47,,1320,,,,,,,,,,,,,,,,,223,52,,12,,,,,,,28,180,191,,,,,,,,,,,,,,,,,,,,,,,,,,,171,,,104,,113,,164,,,,,168,172,,,,,,,142,111,66,6,230,110,142,185,56,139,726,37,124,,44,,259,,835,186,,,182,82,,,,,,,,,,,,,,,,,,,,,,570,,75,31,636,,229,,,289,347,,,159,,,,,,,34,,,226,85,144,97,69,49,235,323,123,461,172,,447,,157,53,75,344,64,62,118,30,174,260,230,294,204,,183,38,248,,171,87,,,,,,,,,,,,,,,,,,,,,,,,,,,,,,,,,522,,148,243,12,146,242,59,501,,,,,116,,116,49,,,143,414,,,,,,,471,526,,,292,,176,43,,,151,112
2026-09-07T15:10:01+00:00,146,286,,,,7,,122,229,301,,173,250,261,,55,,,,,102,426,257,319,255,,,,,,889,,,,147,,157,,,134,145,,,,,,,,,,,,33,90,,48,33,,,,,16,95,101,85,233,80,,,,,,,,,140,,300,107,,152,,174,,,,,47,124,195,168,174,,33,242,214,50,176,193,380,11,,98,76,272,77,,158,676,44,540,251,113,135,172,188,175,702,,,484,,99,115,716,,239,438,,100,353,,,,,,110,,,,,475,,,,,113,145,,,,,,,,,,,,,,,,,,,302,287,,342,17,,,786,,365,,219,,,,,,,,,,,,,,,216,17,31,573,,,,,,,,,,,,,,,,,,4,64,125,,,,,,,,,,,,,,42,,,,,,,,,,,196,335,,,152,,252,,365,21,,362,142,314,414,309,279,343,111,,166,276,49,,1330,,,,319,,109,,,,,,,,,,,,53,16,13,,,,,,,,181,194,,,251,,,,,,,,,,,,,,,,,,,,,,,,169,105,,,43,114,55,165,409,,34,36,167,171,,,,,16,75,145,116,65,5,233,114,,184,63,,729,,,,46,230,269,,840,188,,120,184,77,,,,,,,,,,,,,,,,,,,,,,,,,,,,,,,,,,,,,,,,,,,,,,,,,,,,,122,466,176,61,,112,166,,,,,,,,,,,,,,,,,,,,,,,,,,,,,,,,,,,,,,,,,,,,,,,,,,,,529,139,146,242,,145,244,63,503,28,207,288,,115,,,47,,,144,415,266,,,,,,469,533,116,,295,,174,,,,149,
2026-09-07T15:15:01+00:00,149,292,,,495,,,129,,304,,166,249,264,,54,,,,,103,425,263,318,259,,79,,,,891,19,47,37,148,,155,,,133,146,,80,,32,,,,,,,342,,89,,47,34,,,,170,17,94,99,,,,10,,,,,176,,,,206,,,,,,,,,,,,,,,,,,,,,,,,,,,,,,,,,,,,,,,,,,,,,,,,,,,,,,,,,,,,,,,,,,,,,,,,,,,,,,,,,,,,,,,,,,300,299,546,350,15,,,789,,366,,225,323,436,1246,389,114,258,172,72,237,,413,180,,,218,17,,576,,,,,,,,,,,,,,,,299,,,68,124,,,,,,,,,,,,,,41,,,,,,,,,,,,340,202,138,159,223,254,,,18,,369,143,,423,312,284,351,114,,171,278,48,,1332,,,,320,,110,,,,,,,,,,,227,54,17,,,,,,,,,179,196,,,255,,,,,,,,,,,,,,,,,,,,,,,,172,107,37,103,,,57,171,413,294,,,170,172,,178,,,18,76,146,115,70,4,235,122,138,185,,,731,,123,27,51,234,263,,843,187,,119,,78,,,,,,,,,,,,,,,,,,,,,,575,,80,,639,,,,200,,349,,,158,108,,,,,,,,,229,,148,96,74,50,239,326,123,474,179,64,446,110,169,,,,,,,,,,,,,,,,,,,,,,,,,,,,,,,,,,,,,,,,,,,,,,,,,,,,536,141,147,,15,147,246,65,508,33,208,,77,113,,114,,73,,145,419,264,,,,,,,,118,,,,171,44,,,153,
2026-09-07T15:20:01+00:00,153,297,,,496,10,,126,233,305,,164,247,256,,55,,,,,108,432,266,315,257,,,,,50,896,,43,36,,,156,,,134,148,,83,,,,,,,121,,344,35,90,,46,36,,,,171,16,90,98,86,,,,21,,,,169,5,,139,202,302,99,201,149,101,178,,,,354,54,122,198,172,178,329,36,245,215,49,197,196,384,7,103,99,88,280,74,146,164,679,43,551,264,114,141,179,192,181,708,,,486,17,101,118,724,121,240,431,57,96,,,,,,,107,,,,,478,,,,,118,146,,,,,,,,,,,,,,,,,,,294,307,,357,18,,,797,,378,,219,,,,,,,,,,,,,79,,220,16,35,582,,,,,,,,,,297,,,,,,294,,6,72,125,,,,,,,,,109,,,,,45,,,,,62,,,,,,195,347,,,162,225,256,,366,23,,371,151,316,,311,293,352,115,,177,277,47,,1335,,,,323,,,,,,,,,,,,,229,55,21,14,,,,449,,,,181,200,,,251,,,,,,,,,,,,29,,,,,,,,,,,,,108,39,105,44,116,55,174,417,,,,174,,,175,,,,79,149,,69,5,,126,139,186,61,138,738,,121,29,54,236,267,,838,189,,,186,86,,,,,,,,,,,,,,,,,,,,,,586,78,81,33,638,,249,,202,292,348,,,162,109,,,,,,33,,,234,87,165,94,78,62,248,,128,488,182,72,449,,170,57,77,,69,73,120,28,177,267,225,295,201,,186,37,252,,170,96,,,,,,,,,,,,,,,,,,,,,,,,,,,,,,,,,542,,148,240,14,149,248,68,510,39,210,287,79,114,,116,48,71,,,421,265,,,,,,472,536,,,303,,169,,,,158,111
2026-09-07T15:25:02+00:00,,302,,,491,1,,118,231,301,,,245,261,,53,,,,,109,433,276,322,253,,78,,,48,902,,41,32,147,,,,,138,149,,81,,34,,,,,,,341,,,,48,37,14,,,,19,89,100,,,81,,,,,,176,,,141,198,,,,,,,,,,,,,,,,,,,,,,,,,,,,,,,,,,,,,,,,,,,,,,,,,,,,,,,,,,,,,,,,,,,,,,,,,,,,,,,,,,,,,,,,,,289,329,542,370,20,,,809,,377,,224,,,1251,403,,261,177,78,240,290,416,179,82,,218,16,36,583,,,,,,,,,,,,,,,,307,,5,76,,,,,,,,,,108,,,,,,,,,,,,,,,,,359,208,135,163,229,,,361,24,,377,159,,434,313,298,347,116,,182,284,49,,1339,,,,326,,,,,,,,,,,,,228,59,,16,,,,450,,,,175,201,,,257,,,,,,,,,,,,,,,,,,,,,,,,174,109,40,,43,117,56,172,421,296,35,,176,173,,171,,,,,155,119,71,,237,,,,,137,746,,128,,56,237,276,54,841,184,,118,187,91,,,,,,,,,,,,,,,,,,,,,,598,,86,37,635,,253,,200,291,350,,,160,,,,,,,32,,,237,90,167,90,62,74,249,328,130,497,188,79,455,108,173,,,,,,,,,,,,,,,,,,,,,,,,,,,,,,,,,,,,,,,,,,,,,,,,,,,,546,142,146,238,15,151,250,69,514,45,214,285,82,,,115,47,72,,149,424,264,,,,,,470,540,,,311,,167,42,,,161,110
2026-09-07T15:30:01+00:00,150,303,,,489,5,,109,228,,,169,248,,,,,,,,,435,282,321,256,,77,,,50,916,,39,31,,,157,,,,,,84,,36,,,,,124,,344,,88,,,36,,,,173,,,105,,,80,11,20,,,,,,,142,196,297,106,213,157,107,184,,,,359,60,,203,184,184,337,32,,221,48,214,197,385,,105,100,95,,88,147,168,684,44,544,269,,147,183,191,187,717,,11,,20,100,110,747,126,246,427,56,98,358,,,,,,105,,,,,491,,,,,,153,,,,,,,,,,,,,,,,,,,288,335,541,377,21,,,812,319,391,,226,,,,,,,,,,,,,88,,,16,45,593,,,,,,,,,,,,,,,,312,,8,75,124,,,,,,,,,111,,,,,,,,,,,,,,,,196,353,213,,,228,257,,360,,7,375,160,,443,314,302,345,119,,183,287,51,,1344,,,,327,,,,,,,,,,,,,226,62,19,15,,,,449,,,,174,205,,,255,,,,,,,,,,,,27,,,,,,,,,,,,,,41,107,44,,,175,420,299,,,177,170,,172,,,,,156,,75,6,239,123,140,,64,136,,36,129,28,60,240,,,839,183,,120,193,95,,,,,,,,,,,,,,,,,,,,,,,,,,,,,,,,,,,,,,,,,,,,,,,,,,,,,133,506,192,78,448,105,,,,,,,,,,,,,,,,,,,,,,,,,,,,,,,,,,,,,,,,,,,,,,,,,,,,,551,,147,,18,157,,71,,,211,286,81,120,,,42,71,,150,425,265,,,,,,469,542,,,318,,,41,,,159,111
2026-09-07T15:35:02+00:00,152,305,,,486,3,,106,231,302,,167,249,272,,52,,,,,111,437,287,,,,76,,,48,925,20,34,,151,,158,,,140,,,81,,35,,,,,,,345,36,87,,46,39,,,,174,,80,104,,,,10,,109,,,177,,,144,192,,,,,,,,,,,,,,,,,,,,,,,,,,,,,,,,,,,,,,,,,,,,,,,,,,,,,,,,,,,,,,,,,,,,,,,,,,,,,,,,,,,,,,,,,,289,338,544,392,,,,813,321,398,,236,,431,1249,395,,268,175,79,242,294,414,178,94,,220,16,51,595,,,,,,,,,,,,,,,,313,,6,,123,,,,,,,,,112,,,,,47,,,,,,,,,,,197,357,223,136,169,231,260,,,,,379,162,322,447,317,,341,121,,185,289,50,,1351,,,,328,,111,,,,,,,,,,,220,,17,18,,,,,,,,178,208,,,260,,,,,,,,,,,,,,,,,,,,,,,,178,,42,102,40,,58,173,423,304,,35,176,171,46,170,,,,80,,130,78,7,,130,138,190,62,137,751,34,128,,,237,279,,844,188,,122,194,92,,,,,,,,,,,,,,,,,,,,,,606,79,91,39,627,,256,,218,290,352,,,157,107,,,,,,33,,,,89,172,86,56,84,250,327,137,516,195,82,456,103,174,55,,,70,74,122,25,182,266,,304,198,,189,36,254,,176,,,,,,,,,,,,,,,,,,,,,,,,,,,,,,,,,,558,140,146,240,19,162,245,70,517,,219,,,,,118,38,,,151,,264,,,,,,471,541,,,316,,168,44,,,,
2026-09-07T15:40:02+00:00,154,,,,,,,103,227,303,,168,247,270,,49,,,,,116,439,293,320,261,,77,,,47,946,22,35,26,149,,160,,,142,,,85,,36,,,,,,,346,37,86,,,41,,,,,,78,108,84,232,,,,110,,,171,,,143,193,295,105,212,159,108,183,,,,361,70,123,205,186,188,339,,,223,46,213,196,388,13,,104,108,,97,,170,688,45,563,,116,155,193,195,191,732,,,,27,101,112,765,,251,,55,94,364,,,,,,100,,,,,495,,,,,120,159,,,,,,,,,,,,,,,,,,,290,342,546,396,25,,,821,320,406,,237,,,,,,,,,,,,,92,,223,16,52,603,,,,,,,,,,,,,,,,321,,,77,121,,,,,,,,,,,,,,48,,,,,63,,,,,,196,355,224,137,177,,265,,359,26,,382,163,329,,318,310,347,123,,187,295,49,,1354,,,,,,110,,,,,,,,,,,215,,13,17,,,,450,,,,179,211,,,256,,,,,,,,,,,,29,,,,,,,,,,,,183,113,44,101,42,118,55,174,427,299,,36,,167,,175,,,19,82,157,129,84,9,242,134,141,192,64,,754,,126,26,59,,281,55,,196,,119,,87,,,,,,,,,,,,,,,,,,,,,,,78,,,624,,258,,221,291,,,,,,,,,,,,,,,,178,,,,,,135,526,197,83,464,,179,,,,,,,,,,,,,,,,,,,,,,,,,,,,,,,,,,,,,,,,,,,,,,,,,,,,566,,,244,18,171,247,72,,,,,,119,,117,39,,,153,428,262,,,,,,474,543,,,330,,169,43,,,166,112
2026-09-07T15:45:02+00:00,155,301,,,,2,,104,228,301,,,248,280,,51,,,,,,438,297,,265,,80,,,,950,,30,25,150,,159,,,144,,,87,,,,,,,118,,345,,87,,45,,15,,,,,76,107,82,231,,7,21,,,,,4,,144,198,,,,,,,,,,,,,,,,,,,,,,,,,,,,,,,,,,,,,,,,,,,,,,,,,,,,,,,,,,,,97,,,,,502,,,,,119,163,,,,,,,,,,,,,,,,,,,289,348,548,407,26,,,822,319,416,,245,,,1255,389,116,291,178,81,244,296,417,180,93,,220,17,49,606,,,,,,,,,,298,,,,,,330,,5,78,122,,,,,,,,,111,,,,,,,,,,64,,,,,,,361,227,135,181,234,276,,362,25,,379,,333,454,319,317,343,124,,192,299,52,,1357,,,,,,111,,,,,,,,,,,212,60,,15,,,,,,,27,176,215,,,,,,,,,,,,,,,28,,,,,,,,,,,,191,112,,104,,,53,180,435,,,,,,,179,,,20,85,159,121,87,10,245,,,193,59,135,762,33,129,27,58,239,277,,853,200,,121,196,86,,,,,,,,,,,,,,,,,,,,,,602,,93,,,,,,,,351,,,159,105,,,,,,34,,,239,,,,52,92,247,,138,541,202,86,473,104,178,,,,,,,,,,,,,,,,,,,,,,,,,,,,,,,,,,,,,,,,,,,,,,,,,,,,568,,,247,12,177,,71,519,35,224,295,80,,,116,,70,,,430,259,,,,,,478,,119,,335,,,42,,,171,111
2026-09-07T15:50:01+00:00,153,302,53,,491,3,,94,232,300,,171,,289,,54,,,,,114,439,302,318,272,,,,,48,962,23,,,148,,158,,,145,148,,,,35,,,,,114,,347,,86,,43,42,16,,,,,71,111,,230,81,8,,,,,175,,,143,202,,104,217,167,104,178,,,,366,72,122,222,196,,349,37,248,,43,226,199,387,15,106,105,122,279,105,150,168,693,,590,271,,175,206,198,200,738,,,487,32,102,108,779,130,256,435,54,92,365,,,,,,,,,,,,,,,,,,,,,,,,,,,,,,,,,,,,292,350,550,412,23,,,835,318,421,,252,,,,,,,,,,,,,94,,224,16,51,615,,,,,,,,,,,,,,,,338,,8,80,121,,,,,,,,,110,,,,,47,,,,,,,,,,,,369,230,134,179,,277,,363,,8,383,169,340,461,321,318,345,125,,194,303,55,,1361,,,,330,,,,,,,,,,,,,,62,,16,,,,,,,25,,218,,,259,,,,,,,,,,,,,,,,,,,,,,,,,114,45,99,43,,,183,,301,37,37,174,162,,188,,,,87,,120,86,14,247,133,144,,58,,769,,131,26,,237,,,859,,,,197,88,,,,,,,,,,,,,,,,,,,,,,607,76,95,40,623,,262,,219,,350,,,163,106,,,,,,30,,,241,88,191,85,54,102,249,330,140,542,203,90,478,,181,54,82,346,79,78,121,27,183,271,222,309,197,,187,35,268,,180,81,,,,,,,,,,,,,,,,,,,,,,,,,,,,,,,,,573,,147,245,11,181,,72,517,45,228,303,81,118,,,37,67,,154,429,,,,,,,481,,,,339,,,,,,169,
2026-09-07T15:55:02+00:00,157,306,,,490,1,,93,231,299,,177,250,291,,52,,,,,116,438,299,321,273,,79,,,46,966,24,27,22,147,,,,,146,,,,,36,,,,,116,,346,,,,,43,,,,,,66,112,,231,80,9,20,,,,173,5,,,206,,,,,,,,,,,,,,,,,,,,,,,,,,,,,,,,,,,,,,,,,,,,,,,,,,,,,,,,,,,,101,,,,,504,,,,,118,,,,,,,,,,,,,,,,,,,,290,,549,414,27,,,833,,417,,259,322,428,1271,393,114,294,,82,246,297,422,189,96,,226,16,53,609,,,,,,,,,,,,,,,,334,,9,79,122,,,,,,,,,114,,,,,44,,,,,,,,,,,,370,,131,181,233,280,,366,24,,384,172,341,464,322,322,328,126,,198,311,53,,1365,,,,328,,,,,,,,,,,,,211,60,11,,,,,,,,,175,222,,,251,,,,,,,,,,,,30,,,,,,,,,,,,197,116,42,102,,,,,434,304,,,177,160,,185,,,,85,157,113,83,17,250,131,145,195,64,,771,34,130,25,61,238,281,54,863,195,,,,91,,,,,,,,,,,,,,,,,,,,,,605,78,96,42,621,,263,,225,285,351,,,,108,,,,,,31,,,242,,198,88,45,103,250,332,139,549,,89,477,103,182,,,,,,,,,,,,,,,,,,,,,,,,,,,,,,,,,,,,,,,,,,,,,,,,,,,,579,141,146,248,10,183,,73,520,51,229,,,115,,,39,68,,153,425,257,,,,,,483,,,,342,,,41,,,170,
2026-09-07T16:00:01+00:00,158,307,,119,498,2,,95,230,300,,178,247,296,,271,,,,,,439,303,314,279,,78,,,44,972,26,22,18,,,161,,,143,150,,86,,,,,,,113,,347,38,,,41,41,,,,,,62,110,,232,,10,,,,,171,,,142,208,293,111,220,169,106,176,,,,368,74,119,230,204,195,353,36,,,42,236,,392,,107,106,124,283,112,149,167,699,,596,,,185,213,,206,753,,,488,35,104,112,798,138,252,442,55,88,368,,,,,,,,,,,508,,,,,120,164,,,,,,,,,,,,,,,,,,,284,360,550,419,28,,,834,,414,,267,,,,,,,,,,,,,94,,225,16,59,617,,,,,,,,,,,,,,,,339,,6,82,,,,,,,,,,111,,,,,,,,,,,,,,,,,375,234,132,185,235,279,,368,32,,388,179,,469,324,327,318,,,199,307,49,,1366,,,,329,,114,,,,,,,,,,,207,62,12,,,,,,,,,173,223,,,248,,,,,,,,,,,,28,,,,,,,,,,,,196,,,99,44,,,184,433,303,,,178,157,,188,,,,,159,110,84,19,251,132,143,,67,134,773,,,21,62,241,279,,871,193,,122,,95,,,,,,,,,,,,,,,,,,,,,,,,97,,,,,,,,,,,162,,,,,,,,,,,,,,,114,252,,144,555,204,90,472,104,183,,,,,,,,,,,,,,,,,,,,,,,,,,,,,,,,,,,,,,,,,,,,,,,,,,,,584,,,241,14,,,71,,54,232,304,78,,,115,,70,,,,258,,,,,,484,,,,,,173,,,,171,110
2026-09-07T16:05:01+00:00,159,,,,507,1,,,229,,,181,245,301,,269,,,,,117,440,,315,282,,,,,42,980,,30,,146,,162,,,142,149,,90,,,,,,,116,,346,,,,40,,14,,,175,20,61,147,,,,12,,,,,182,4,,144,209,,,,,,,,,,,,,,,,,,,,,,,,,,,,,,,,,,,,,,,,,,,,,,,,,,,,,,,,,,,,,,,,,,,,,,,,,,,,,,,,,,,,,,,,,,281,362,,427,31,,,833,,420,,269,,425,1274,390,,298,177,83,245,298,423,192,96,,222,16,55,616,,,,,,,,,,,,,,,,331,,5,,121,,,,,,,,,115,,,,,45,,,,,,,,,,,,376,236,137,187,236,287,,363,35,,390,,342,475,327,329,309,,,200,313,,,1367,,,,330,,113,,,,,,,,,,,208,59,,15,,,,,,,,166,229,,,250,,,,,,,,,,,,27,,,,,,,,,,,,199,118,,97,45,119,,187,,306,,,182,,,187,,,,87,161,113,88,20,,133,147,197,70,135,774,,132,22,,239,285,,877,191,,121,,,,,,,,,,,,,,,,,,,,,,,,606,,95,43,623,,268,,234,,,,,,,,,,,,33,,,239,,206,91,48,112,251,333,146,563,206,,474,,185,56,74,347,84,69,118,30,184,,224,306,199,,181,33,272,,187,91,,,,,,,,,,,,,,,,,,,,,,,,,,,,,,,,,593,143,144,245,17,181,248,72,523,50,,306,79,112,,116,41,,,151,428,257,,,,,,487,,,,350,,174,112,,,167,109
2026-09-07T16:10:02+00:00,,306,,,508,4,,94,219,,,184,,,,267,,,,,118,,311,318,288,,76,,,44,983,,33,19,,,166,,,,150,,,,,,,,,115,,,,85,,,42,17,,,,21,58,146,,231,84,13,,,,,185,,,,213,289,122,226,162,105,177,,,,372,80,120,234,209,196,370,37,250,,40,246,204,395,14,106,,129,282,126,,163,708,47,592,,,197,219,199,217,751,,,489,38,107,113,805,140,251,452,54,,369,,,,,,96,,,,,510,,,,,127,166,,,,,,,,,,,,,,,,,,,,364,552,425,29,,,,316,427,,274,,,,,,,,,,,,,97,,218,16,58,623,,,,,,,,,,,,,,,,332,,4,84,122,,,,,,,,,116,,,,,,,,,,,,,,,,197,381,242,138,191,237,,,361,34,7,394,188,347,480,,328,313,128,,205,320,,,1373,,,,,,,,,,,,,,,,,205,57,10,,,,,,,,21,161,224,,,241,,,,,,,,,,,,25,,,,,,,,,,,,197,117,43,91,46,,,195,,314,,,,154,,190,,,,,,,93,22,253,,151,200,71,136,776,,131,23,61,238,284,,878,194,,122,,102,,,,,,,,,,,,,,,,,,,,,,613,79,106,45,620,,269,,239,,,,,164,107,,,,,,34,,,,,211,97,58,118,255,,149,570,210,103,,102,197,,,,,,,,,,,,,,,,,,,,,,,,,,,,,,,,,,,,,,,,,,,,,,,,,,,,595,,141,233,16,182,249,73,522,51,233,,78,111,,,42,71,,154,430,256,,,,,,,,,,,,177,114,,,168,110
2026-09-07T16:15:02+00:00,,307,54,120,507,,,93,212,302,,186,248,305,,265,,,,,119,445,315,321,287,,77,,,49,995,27,30,,147,,170,,,146,152,,91,,,,,,,114,,345,39,,,41,43,18,,,,,57,136,,,82,11,,,,,,3,,146,215,,,,,,,,,,374,81,117,239,212,197,372,36,252,,37,245,,394,,,105,131,290,119,,162,712,,599,,,,228,,221,758,,,,,,,,,,,,,,,,,,,,,,,,,,,,,,,,,,,,,,,,,,,,,,,,,267,361,553,431,27,,,831,320,436,,273,,423,1287,383,126,319,178,85,247,,419,,101,,225,16,59,630,,,,,,,,,,297,,,,,,339,,5,82,123,,,,,,,,,,,,,,44,,,,,,,,,,,,392,251,140,197,239,293,,368,37,,403,200,,491,330,336,310,129,,,323,,,1379,,,,,,114,,,,,,,,,,,207,53,11,17,,,,449,,,,159,227,,,238,,,,,,,,,,,,23,,,,,,,,,,,,198,120,42,88,49,,,199,435,321,,36,184,156,45,191,,,,,162,123,,,254,134,150,,72,,782,35,,21,65,,294,55,884,196,,,198,104,,,,,,,,,,,,,,,,,,,,,,622,,114,49,621,,271,,242,287,352,,,162,106,,,,,,39,,,245,89,217,101,,126,261,334,152,574,213,106,490,101,200,,,,,,,,,,,,,,,,,,,,,,,,,,,,,,,,,,,,,,,,,,,,,,,,,,,,597,144,,234,15,181,250,74,523,,,,,,,,,,,155,432,259,,,,,,,538,,,345,,181,112,,,155,109
2026-09-07T16:20:01+00:00,161,,,,504,3,,,214,304,,188,246,311,,264,,,,,123,444,325,323,283,,75,,,51,999,26,33,20,149,,172,,,148,,,,,35,,,,,115,,343,,86,,40,45,,,,,,52,130,,,83,12,,,,,179,4,,,218,286,132,240,164,106,178,,,,,,,,,,,,,,,,,,,,,,,,,,,,,,,,,,,,,,,,108,115,823,142,254,459,53,89,368,,,,,,98,,,,,512,,,,,131,171,,,,,,,,,,,,,,,,,,,266,367,552,430,33,,,833,321,440,,275,,,,,,,,,,,,,103,,231,16,60,636,,,,,,,,,,,,,,,,350,,8,85,125,,,,,,,,,118,,,,,45,,,,,,,,,,,,403,253,,201,,296,,366,38,,404,204,,502,331,341,312,130,,206,325,46,,1383,,,,329,,115,,,,,,,,,,,,56,10,19,,,,450,,,20,156,228,,,236,,,,,,,,,,,,21,,,,,,,,,,,,,119,40,,51,120,54,201,438,325,,,,155,,198,,,,88,164,131,,21,257,135,151,,75,137,783,,130,23,,,,,,,,,,,,,,,,,,,,,,,,,,,,,,,,627,77,113,51,623,,279,,258,288,354,,,163,,,,,,,41,,,247,87,,102,61,138,258,332,154,581,217,111,512,100,205,,,,,,,,,,,,,,,,,,,,,,,,,,,,,,,,,,,,,,,,,,,,,,,,,,,,598,,137,231,,182,248,,521,42,235,,,110,,117,43,72,,158,430,260,,,,,,488,539,,,341,,184,110,,,,110
2026-09-07T16:25:01+00:00,163,,55,,500,,,95,212,301,,184,244,,,261,,,,,124,,327,320,287,,76,,,53,1002,28,36,19,150,,175,,,,,,,,36,,,,,,,341,40,87,,39,46,,,,,,53,123,,230,82,,,,,,183,,,,222,,,,,,,,,,380,92,128,242,214,206,371,38,253,,33,252,207,397,20,108,101,148,285,120,150,165,714,50,600,270,,205,238,,233,761,,,,43,,,,,,,,,,,,,,,89,,,,,513,,,,,135,173,,,,,,,,,,,,,,,,,,,265,370,554,433,,,,835,,450,,280,,422,1294,375,,325,176,84,248,300,,,104,,230,16,61,637,,,,,,,,,,,,,,,,351,,7,86,128,,,,,,,,,120,,,,,46,,,,,63,,,,,,,409,258,141,204,241,299,,365,34,,407,210,348,512,330,349,308,128,,210,327,48,,1388,,,,328,,,,,,,,,,,,,,55,,,,,,,,,19,152,232,,,231,,,,,,,,,,,,22,,,,,,,,,,,,199,,,82,50,,53,211,444,330,,35,185,153,,196,,,,,165,132,,22,259,139,155,,78,,787,34,,24,68,237,311,59,912,195,,123,199,116,,,,,,,,,,,,,,,,,,,,,,632,79,114,52,621,,280,,264,286,,,,164,104,,,,,,,,,246,90,224,104,62,139,,,155,580,220,117,515,102,210,57,75,346,88,72,117,35,174,272,,295,196,,188,32,270,,,83,,,,,,,,,,,,,,,,,,,,,,,,,,,,,,,,,607,,,228,,,250,75,524,43,,,,,,121,44,,,157,428,262,,,,,,,536,,,343,,187,,,,154,
2026-09-07T16:30:01+00:00,162,308,,,501,,,98,214,299,,,250,317,,260,,,,,129,446,,323,289,,,,,51,1017,,35,,151,,172,,,146,155,,92,,37,,,,,116,,344,,86,,37,47,,,,,,50,120,83,,80,11,19,,,,,,,141,227,279,155,247,,114,174,,,,382,93,139,248,221,,380,35,257,,32,263,208,400,31,106,,158,287,121,149,164,720,,604,,117,209,246,201,232,772,,,490,48,107,120,843,149,251,458,,88,369,,,,,,,,,,,,,,,,,,,,,,,,,,,,,,,,,,,,264,371,552,,34,,,834,322,455,,287,,,,,,,,,,,,,108,,236,16,63,644,,,,,,,,,,,,,,,,356,,8,87,129,,,,,,,,,125,,,,,,,,,,,,,,,,198,414,259,,205,242,305,,364,35,,415,209,349,519,329,352,304,,,211,328,51,,1393,,,,332,,,,,,,,,,,,,210,52,12,21,,,,,,,18,150,238,,,229,,,,,,,,,,,,20,,,,,,,,,,,,196,123,39,83,53,,,210,447,,,34,,,44,194,,,,89,166,131,96,,260,142,157,,77,,790,35,,,67,239,313,58,920,,,121,,119,,,,,,,,,,,,,,,,,,,,,,631,,118,53,619,,285,,278,285,,,,,105,,,,,,42,,,248,,225,105,60,145,262,,,584,221,121,513,,213,,,,,,,,,,,,,,,,,,,,,,,,,,,,,,,,,,,,,,,,,,,,,,,,,,,,614,,135,225,16,,252,,,,,,,106,,122,42,,,,431,261,,,,,,489,529,,,341,,188,109,,,153,
2026-09-07T16:35:02+00:00,165,307,,,499,,,102,216,301,,186,253,323,,257,,,,,134,,328,322,290,,,,,48,1030,,33,14,,,173,,,149,,,,,,,,,,113,,345,41,85,,35,,,,,174,,47,121,,,,13,,,,,186,,,143,232,,,,,,,,,,,,,,,,,,,,,,,,,,,,,,,,,,,,,,,,,,,,,,,,,,,,,,,,,,,,83,,,,,516,,,,,134,,,,,,,,,,,,,,,,,,,,265,373,,431,36,,,831,324,458,,289,,,,376,128,326,175,,250,,416,190,110,,,16,68,650,,,,,,,,,,296,,,,,,363,,,88,130,,,,,,,,,128,,,,,,,,,,,,,,,,,420,260,144,206,243,307,,368,34,,420,213,351,529,331,355,296,129,,212,324,52,,1400,,,,,,114,,,,,,,,,,,,54,14,20,,,,,,,17,140,241,,,231,,,,,,,,,,,,19,,,,,,,,,,,,194,125,,85,56,,,,,,,,187,154,,192,,,,88,168,133,97,21,,141,161,,74,139,791,37,128,26,66,240,316,,927,200,,120,200,121,,,,,,,,,,,,,,,,,,,,,,636,,123,52,612,,,,292,288,356,,,161,,,,,,,39,,,254,84,235,106,75,161,261,331,,590,220,123,515,101,217,,,,,,,,,,,,,,,,,,,,,,,,,,,,,,,,,,,,,,,,,,,,,,,,,,,,618,142,134,224,14,187,254,,,,,,,107,,125,43,,,,434,260,,,,,,,526,,,345,,189,107,,,152,
2026-09-07T16:40:01+00:00,170,306,,121,504,,,105,214,300,,,255,324,,,,,,,138,447,332,324,291,,,,,49,1036,,27,,150,,176,,,,,,91,,36,,,,,114,,,,86,,37,46,,,,,,46,120,,,,12,,,,,188,,,144,235,286,,252,161,115,,,,,383,89,138,249,223,205,375,38,256,,,269,210,,30,105,,160,284,124,,167,722,49,618,269,116,211,249,,236,774,,,,,,126,857,152,252,461,54,,374,,,,,,80,,,,,517,,,,,135,,,,,,,,,,,,,,,,,,,,264,,,433,39,,,833,326,469,,292,,,,,,,,,,,,,114,,237,16,72,654,,,,,,,,,,297,,,,,,376,,5,86,133,,,,,,,,,130,,,,,,,,,,,,,,,,,428,,146,205,244,312,,370,31,,425,220,352,532,,360,294,128,,213,329,53,,,,,,,,,,,,,,,,,,,209,,12,19,,,,,,,15,136,248,,,228,,,,,,,,,,,,17,,,,,,,,,,,,197,126,37,,59,,,209,446,329,,35,188,153,,193,,,,,,138,98,20,,143,160,,77,,792,39,127,,,,,,,,,,,,,,,,,,,,,,,,,,,,,,,,,,,,,,,,,,,,,,,,,,,,,,,,,,,,,,,,,598,223,127,518,102,222,58,77,347,93,80,116,38,173,276,219,299,193,,184,31,277,,188,77,,,,,,,,,,,,,,,,,,,,,,,,,,,,,,,,,625,,131,220,11,185,256,76,525,60,252,311,83,105,,129,40,74,,155,438,258,,,,,,488,532,121,,,,194,108,,,155,111
2026-09-07T16:45:01+00:00,174,,,122,503,5,,99,,299,,187,256,329,,,,,,,140,,331,,288,,77,,,47,1039,29,26,13,,,179,,,,153,,,,,,,,,113,,346,,85,,35,47,,,,,,40,117,,,79,14,20,,,,,,,,242,,,,,,,,,,385,,148,257,226,204,381,35,261,,31,272,211,402,27,108,,169,290,119,,165,724,46,627,273,,222,259,208,,776,,,491,55,,,,,,,,,,,,,,,,,,,,,,,,,,,,,,,,,,,,,,,,,,,,,263,,554,426,,,,,328,473,,296,,411,1305,372,131,334,169,85,,298,414,198,,,239,16,,661,,,,,,,,,,,,,,,,378,,6,85,132,,,,,,,,,,,,,,,,,,,,,,,,,197,435,259,145,206,,315,,372,33,,429,,353,541,333,362,,131,,,334,55,,,,,,333,,,,,,,,,,,,,205,,18,,,,,,,,14,132,256,,,218,,,,,,,,,,,,,,,,,,,,,,,,,,36,87,61,,,,445,,,,192,149,,194,,,21,89,169,143,101,21,261,147,168,,80,,795,,129,29,71,242,318,59,944,,,121,201,125,,,,,,,,,,,,,,,,,,,,,,634,,126,53,,,287,,300,289,354,,,162,106,,,,,,40,,,257,,234,108,79,168,267,,,609,222,124,521,105,,,,,,,,,,,,,,,,,,,,,,,,,,,,,,,,,,,,,,,,,,,,,,,,,,,,,632,,130,221,12,,260,,,69,249,310,84,,,131,38,75,,,,,,,,,,,528,,,356,,196,,,,152,
2026-09-07T16:50:01+00:00,173,304,,,512,8,,103,216,298,,189,253,,,,,,,,142,,340,321,287,,80,,,,1047,31,29,14,148,,181,,,,,,92,,,,,,,114,,347,,,,31,48,,,,,,36,,,,,16,,111,,,,,,145,246,293,163,255,163,116,,,,,,,,,,,,,,,,,,,,,,,,,,,,,,,,,,,,,,,,,,125,860,155,257,467,56,,377,,,,,,72,,,,,,,,,,131,,,,,,,,,,,,,,,,,,,,262,378,552,428,42,,,835,333,480,,298,,,,,,,,,,,,,112,,232,16,73,671,,,,,,,,,,,,,,,,382,,5,86,,,,,,,,,,131,,,,,,,,,,,,,,,,,436,258,,208,243,317,,370,31,6,431,225,354,550,,363,288,,,215,338,,,,,,,337,,,,,,,,,,,,,202,57,15,18,,,,,,,12,,255,,,205,,,,,,,,,,,,,,,,,,,,,,,,202,,35,,,,51,212,447,331,38,,,148,,193,,,,,168,147,105,20,262,148,,,,140,796,,128,,,,,,,,,,,,,,,,,,,,,,,,,,,,,,,,,636,,127,57,613,,,,309,,355,,,159,,,,,,,41,,,259,86,239,110,78,169,265,,,617,220,130,517,104,226,,,,,,,,,,,,,,,,,,,,,,,,,,,,,,,,,,,,,,,,,,,,,,,,,,,,636,,128,,10,181,259,77,528,72,250,308,,,,133,32,,,159,,259,,,,,,,,,,359,,197,107,,,156,
2026-09-07T16:55:02+00:00,,,,,,,,,,,,,,331,,260,,,,,146,446,339,319,288,,,,,49,1052,,30,15,147,,186,,,150,152,,,,35,,,,,113,,345,,,,,49,,,,175,,37,,,,,15,,,,,189,,,146,244,291,161,256,165,,171,,,,384,92,150,,,,384,34,260,,30,273,,403,29,107,,172,292,123,,166,727,47,629,272,,225,265,211,240,778,,10,,56,,,,,,,,,,,,,,,,,,,,,,,,,,,,,,,,,,,,,,,,,,,,,264,381,553,427,,,,833,335,483,,307,,408,1307,377,132,339,162,90,251,297,419,197,114,,237,16,76,674,,,,,,,,,,296,,,,,,380,,,87,,,,,,,,,,133,,,,,,,,,,,,,,,,,434,252,146,212,242,322,,368,25,,433,229,356,555,334,,281,,,220,341,58,,,,,,339,,115,,,,,,,,,,,198,56,,,,,,,,,10,129,264,,,187,,,,,,,,,,,,18,,,,,,,,,,,,203,127,37,,64,,52,215,444,330,,,193,144,,194,,,,,,151,111,18,261,154,172,,81,,,41,130,32,67,243,319,60,963,208,,120,202,,,,,,,,,,,,,,,,,,,,,,,648,,,,615,,292,,315,288,353,,,161,,,,,,,,,,262,84,243,113,87,176,260,,158,619,219,138,526,105,224,,79,,96,78,,,178,281,221,295,,,183,32,286,,189,79,,,,,,,,,,,,,,,,,,,,,,,,,,,,,,,,,637,145,125,216,12,174,,,,81,,,,106,,130,30,,,162,435,257,,,,,,490,530,,,365,,194,105,,,157,109
2026-09-07T17:00:01+00:00,175,308,,,517,10,,102,224,300,,193,252,334,,259,,,,,,447,341,317,292,,79,,,50,1053,,33,,,,,,,,,,,,,,,,,,,346,40,,,32,,19,,,,20,35,118,,,78,16,19,,,,190,,,147,241,,,,,,,,,,385,89,155,,224,,387,,262,,,270,212,,33,105,103,175,295,119,148,163,,46,,273,,231,262,212,244,784,,,,58,108,137,877,162,259,472,54,92,374,,,,,,69,,,,,519,,,,,134,177,,,,,,,,,,,,,,,,,,,,379,552,420,44,,,837,340,486,,310,,,,,,,,,,,,,112,,231,16,77,678,,,,,,,,,,,,,,,,379,,,90,,,,,,,,,,,,,,,,,,,,,,,,,,195,,250,,216,,327,,369,,,435,232,360,559,,362,271,132,,221,343,,,,,,,,,,,,,,,,,,,,193,55,14,15,,,,,,,,128,263,,,181,,,,,,,,,,,,17,,,,,,,,,,,,205,129,35,86,72,,,216,441,331,,,,142,,196,,,,,,155,0,19,259,,174,,,141,,,,34,,,,,,,,,,,,,,,,,,,,,,,,,,,,,,,,,,,,,,,,,,,,,,,,,,,,,,,,,,,,,,,159,625,220,135,536,104,,,,,,,,,,,,,,,,,,,,,,,,,,,,,,,,,,,,,,,,,,,,,,,,,,,,,634,144,124,221,7,178,260,78,529,90,,,,105,,,32,,,163,437,,,,,,,491,534,,,373,,195,,,,,
2026-09-07T17:05:02+00:00,174,306,,123,515,14,,98,228,299,,194,249,337,,,,,,,147,449,345,316,297,,,,,49,1050,32,,14,146,,188,,,,153,,,,36,,,,,115,,348,,86,,33,,,,,,,36,117,,231,77,15,,112,,,192,3,,149,,303,170,266,167,,173,,,,,,,,,,,,,,,,,,,,,,,,,,,,,,,,,,,,,,,,,,,,,,,,,,,,,,,,,,,,,,,,,,,,,,,,,,,,,,,,,,,,,383,553,419,43,,,841,347,487,,318,323,404,1309,379,130,342,155,,253,,422,199,114,,230,16,,680,,,,,,,,,,295,,,,,,378,,3,,133,,,,,,,,,,,,,,47,,,,,,,,,,,194,438,254,147,218,,333,,,,,437,239,364,564,336,363,262,,,220,,63,,,,,,341,,114,,,,,,,,,,,187,52,,14,,,,,,,,121,265,,,156,,,,,,,,,,,,16,,,,,,,,,,,,206,130,,90,74,,53,,433,325,,34,191,145,,199,,,,,171,163,,23,258,155,185,,79,142,800,42,,35,61,244,327,59,981,212,,121,203,126,,,,,,,,,,,,,,,,,,,,,,660,81,130,,616,,,,329,,352,,,163,105,,,,,,40,,,265,85,248,118,95,,262,,,632,219,134,540,,227,,,,,,,,,,,,,,,,,,,,,,,,,,,,,,,,,,,,,,,,,,,,,,,,,,,,635,,123,224,3,180,,,,92,252,313,83,,,132,34,74,,164,441,,,,,,,494,531,123,,374,,197,,,,153,
2026-09-07T17:10:02+00:00,175,305,,124,521,15,,,,300,,,254,340,,,,,,,150,452,351,317,303,,,,,48,1057,,,,,,189,,,153,154,,91,,,,,,,112,,346,39,,,34,,,,,,,31,120,,230,,16,,,,,193,,,151,242,,,,,,,,,,386,85,150,253,221,205,386,26,265,,28,285,,404,30,104,102,186,287,120,,,735,42,641,,,234,267,,253,799,,,,57,,151,886,169,,480,55,95,368,,,,,,73,,,,,522,,,,,131,178,,,,,,,,,,,,,,,,,,,265,400,554,418,,,,838,355,493,,322,,,,,,,,,,,,,117,,231,17,75,682,,,,,,,,,,,,,,,,379,,4,88,,,,,,,,,,132,,,,,46,,,,,,,,,,,,446,255,148,223,,341,,372,28,,,242,366,573,,368,260,130,,219,344,,,,,,,340,,113,,,,,,,,,,,182,54,15,13,,,,,,,,113,264,,,131,,,,,,,,,,,,18,,,,,,,,,,,,205,131,34,,,,,214,,328,,,,144,,198,,,,,,171,,,,156,186,,77,,801,,,,59,248,333,61,984,207,,,,127,,,,,,,,,,,,,,,,,,,,,,,,,,,,,,,,,,,,,,,,,,,,,,,,,,,,,161,645,218,137,546,106,230,56,84,346,100,80,121,39,177,278,232,307,189,,177,,295,,193,83,,,,,,,,,,,,,,,,,,,,,,,,,,,,,,,,,640,143,124,221,-100,179,263,,528,,251,312,,106,,,37,,,163,440,260,,,,,,496,535,,,383,,201,106,,,160,112
2026-09-07T17:15:02+00:00,178,,,,523,18,,102,232,301,,197,,343,,260,,,,,152,454,357,321,311,,80,,,50,1072,,37,13,,,,,,154,155,,90,,,,,,,111,,347,,87,,,,,,,,21,28,121,,229,76,,,113,,,,,,,241,298,177,270,168,173,174,,,,387,86,156,,219,202,392,27,267,,25,290,213,403,31,,106,189,283,126,147,165,742,39,650,274,118,242,281,214,261,810,,,,54,,,,,,,,,,,,,,,,,,,,,,,,,,,,,,,,,,,,,,,,,,,,,268,419,553,,,,,837,362,496,,332,324,403,1311,385,133,344,153,92,,296,,201,119,,230,17,79,686,,,,,,,,,,,,,,,,381,,,89,,,,,,,,,,,,,,,,,,,,64,,,,,,,463,258,146,227,244,345,,373,23,,444,247,370,582,,370,264,,,220,346,66,,,,,,342,,112,,,,,,,,,,,179,57,,12,,,,,,,,111,270,,,121,,,,,,,,,,,,17,,,,,,,,,,,,202,,33,,77,,,219,435,329,,33,,145,,197,,,,,,173,,24,,155,193,,75,141,800,,129,33,56,249,338,,989,208,,123,,,,,,,,,,,,,,,,,,,,,,,,663,,131,,619,,295,,338,287,351,,,,106,,,,,,44,,,266,84,,122,101,177,264,,,651,,140,549,,231,,,,,,,,,,,,,,,,,,,,,,,,,,,,,,,,,,,,,,,,,,,,,,,,,,,,641,146,121,219,,180,267,79,,102,258,,83,108,,,,75,,164,,263,,,,,,,,,,387,,202,107,,,162,
2026-09-07T17:20:01+00:00,179,306,,,527,20,,98,,305,,198,258,342,,,,,,,,455,360,323,309,,,,,51,1083,,40,12,,,190,,,,,,,,35,,,,,,,348,41,,,36,,,,,,,,122,,,,17,,,,,194,,,,,,,,,,,,,,,,,,,,,,,,,,,,,,,,,,,,,,,,,,,,,,,,,,110,163,888,170,260,,,96,369,,,,,,90,,,,,,,,,,138,177,,,,,,,,,,,,,,,,,,,270,426,,422,,,,831,371,501,,340,,,,,,,,,,,,,120,,236,17,80,692,,,,,,,,,,294,,,,,,383,,1,90,134,,,,,,,,,134,,,,,52,,,,,,,,,,,192,467,259,144,230,245,351,,374,25,,448,244,,588,,369,273,,,,353,68,,,,,,341,,114,,,,,,,,,,,175,55,13,,,,,,,,,104,,,,104,,,,,,,,,,,,,,,,,,,,,,,,204,133,34,91,83,121,52,221,439,331,,,193,144,,194,,,,,172,184,,,260,156,203,,77,,799,41,,,,,,,,,,,,,,,,,,,,,,,,,,,,,,,,,,664,83,138,59,620,,296,,342,,353,,,162,107,,,,,,42,,,268,,256,128,120,180,266,,163,654,219,,558,105,233,,,,,,,,,,,,,,,,,,,,,,,,,,,,,,,,,,,,,,,,,,,,,,,,,,,,643,,,220,,181,271,81,531,103,259,,,109,,,,,,166,,267,,,,,,,536,,,394,,204,105,,,172,109
2026-09-07T17:25:01+00:00,180,307,,,528,23,,,233,,,,256,347,,263,,,,,153,458,365,328,312,,,,,49,1091,,42,14,147,,,,,156,156,,,,37,,,,,,,,,86,,35,,,,,,,27,123,,230,,19,,,,,196,,,152,238,302,182,275,170,175,175,,,,388,87,,255,,205,391,29,,,24,296,212,402,30,,,191,,137,,,745,37,,273,,,284,215,265,,,,,55,,,,,,,,,,,,,,,,,,,,,,,,,,,,,,,,,,,,,,,,,,,,,266,432,551,415,40,,,830,379,504,,343,,402,1315,394,134,,149,96,,297,426,202,,,233,17,82,,,,,,,,,,,293,,,,,,386,,3,89,133,,,,,,,,,133,,,,,53,,,,,,,,,,,,475,260,142,234,,360,,373,24,,447,252,371,593,337,,272,129,,221,,69,,,,,,342,,,,,,,,,,,,,181,53,15,14,,,,,,,7,93,275,,,88,,,,,,,,,,,,18,,,,,,,,,,,,202,,,94,84,,53,222,440,335,,,,143,,,,,,88,,187,,,,,204,,80,142,800,,131,35,57,250,347,,991,216,,124,204,128,,,,,,,,,,,,,,,,,,,,,,674,82,139,61,621,,295,,359,288,,,,163,108,,,,,,,,,,82,259,,122,181,269,,161,665,,142,559,,236,,81,350,107,83,127,41,174,277,236,316,186,,173,,309,,190,85,,,,,,,,,,,,,,,,,,,,,,,,,,,,,,,,,,,125,223,,177,274,82,530,,,313,,112,,133,40,,,167,444,266,,,,,,498,537,,,405,,206,107,,,,108
2026-09-07T17:30:02+00:00,182,308,,125,534,25,,97,230,304,,196,257,354,,269,,,,,,457,,331,316,,78,,,,1099,,49,,146,,191,,,155,,,,,,,,,,,,,,,,31,51,,,,,22,22,,,231,,17,,,,,198,,,151,242,,,,,,,,,,,,,,,,,,,,,,,,,,,,,,,,,,,,,,,,,,,,,,112,167,897,172,258,485,56,98,368,,,,,,98,,,,,,,,,,139,181,,,,,,,,,,,,,,,,,,,263,435,,411,39,,,829,386,508,,345,,,,,,,,,,,,,122,,234,16,79,699,,,,,,,,,,,,,,,,390,,,,,,,,,,,,,134,,,,,,,,,,,,,,,,,480,,,236,,367,,372,,,449,260,374,595,,,,,,,354,73,,,,,,344,,116,,,,,,,,,,,,54,13,15,,,,,,,8,86,278,,,72,,,,,,,,,,,,,,,,,,,,,,,,,134,,,88,,,220,439,339,,32,192,,,,,,,,,198,,,255,158,207,,85,,,43,129,,59,248,346,,996,223,,123,,,,,,,,,,,,,,,,,,,,,,,,,,,,,,,,,,,,,,,,,,,,,,,,,,,,,,,160,668,,144,560,,238,,,,,,,,,,,,,,,,,,,,,,,,,,,,,,,,,,,,,,,,,,,,,,,,,,,,645,,,228,,179,275,86,,119,272,,,,,134,38,77,,170,445,,,,,,,500,,,,410,,209,,,,182,
2026-09-07T17:35:02+00:00,183,309,,,539,26,,102,233,,,197,260,353,,270,,,,,154,,369,334,319,,79,,,50,1102,,48,12,145,,190,,,,,,,,,,,,,,,347,42,,,32,50,,,,,,20,124,,232,75,,,,,,204,,,152,243,300,187,276,172,177,179,,,,389,92,164,252,215,200,411,31,,,22,304,211,403,37,105,107,199,279,153,,164,747,36,679,274,,247,294,216,277,815,,,,57,,,,,,,,,,,,,,,,,,,,,,,,,,,,,,,,,,,,,,,,,,,,,,434,,409,41,,,834,391,514,,347,325,,1321,403,139,346,145,97,,298,428,203,125,,,16,80,709,,,,,,,,,,294,,,,,,389,,,90,134,,,,,,,,,135,,,,,52,,,,,,,,,,,,486,263,143,240,246,374,,371,28,,,264,376,600,,370,273,,,223,356,,,,,,,346,,117,,,,,,,,,,,177,56,,16,,,,,,,6,83,,,,45,,,,,,,,,,,,,,,,,,,,,,,,203,133,,93,91,,,221,443,338,,,193,142,,197,,,,90,171,199,,26,,159,211,,89,141,,,128,,61,,353,,1010,,,124,,131,,,,,,,,,,,,,,,,,,,,,,678,83,143,,626,,,,382,291,,,,161,,,,,,,44,,,267,,266,129,130,187,271,,,,218,145,563,108,237,,,,,,,,,,,,,,,,,,,,,,,,,,,,,,,,,,,,,,,,,,,,,,,,,,,,,,124,232,1,187,,91,533,121,275,,82,113,,136,35,81,,171,447,267,,,,,,,540,,,413,,,108,,,189,
2026-09-07T17:40:01+00:00,,308,,,541,27,,,,301,,196,261,355,,267,,,,,156,459,370,337,325,,78,,,,1108,,,16,,,193,,,154,,,88,,,,,,,,,349,43,85,,29,,,,,,,,128,,233,,,21,,,,205,,,154,242,,,,,,,,,,,,,,,,,,,,,,,,,,,,,,,,,,,,,,,,,,,,,,113,171,903,174,259,484,,,371,,,,,,110,,,,,,,,,,142,185,,,,,,,,,,,,,,,,,,,260,440,553,,44,,,838,399,518,,350,,,,,,,,,,,,,126,,229,16,85,720,,,,,,,,,,295,,,,,,397,,,91,135,,,,,,,,,137,,,,,53,,,,,,,,,,,193,490,,150,241,,378,,366,32,,450,271,377,601,339,371,274,,,224,355,,,,,,,347,,118,,,,,,,,,,,174,58,,15,,,,,,,5,72,,,,44,,,,,,,,,,,,,,,,,,,,,,,,208,,,97,,,52,,442,340,,,195,,,196,,,,,170,200,,27,254,,212,,,,803,,,38,,,,62,,,,,,,,,,,,,,,,,,,,,,,,,,,,680,,141,62,,,,,,,,,,,,,,,,,46,,,268,80,,,,189,269,,,673,,144,565,,238,,,,,,,,,,,,,,,,,,,,,,,,,,,,,,,,,,,,,,,,,,,,,,,,,,,,,,126,238,4,193,277,95,532,125,282,315,83,,,135,38,80,,174,450,270,,,,,,501,543,,,415,,212,,,,190,
2026-09-07T17:45:01+00:00,185,307,,,540,26,,105,237,299,,195,263,359,,,,,,,158,460,375,338,,,,,,,1112,,,22,147,,,,,,,,,,,,,,,,,,,,,30,48,,,,,,21,129,84,234,74,18,,,,,206,,,,243,,201,281,177,176,180,,,,,91,168,255,216,199,417,32,264,,20,303,212,404,36,,106,203,283,164,,163,749,,681,,119,246,295,219,283,818,,,,61,,,,,,,,,,,,,,,,,,,,,,,,,,,,,,,,,,,,,,,,,,,,,263,441,554,,49,,,842,404,521,,355,,400,1326,406,,352,,,254,300,430,207,129,,228,16,90,727,,,,,,,,,,,,,,,,405,,4,,,,,,,,,,,,,,,,,,,,,,,,,,,192,491,260,156,244,247,383,,368,30,,457,270,384,609,338,,275,,,225,356,74,,,,,,350,,117,,,,,,,,,,,177,61,14,13,,,,,,,4,,283,,,37,,,,,,,,,,,,17,,,,,,,,,,,,211,,,98,95,,,,443,,,,194,140,43,197,,,,,,204,,29,252,,217,,88,139,802,,130,37,62,246,347,,1025,,,,,127,,,,,,,,,,,,,,,,,,,,,,678,,,,633,,296,,386,292,354,,,164,,,,,,,45,,,269,,268,132,,190,272,330,159,678,216,134,570,109,240,,83,352,109,86,135,,,281,252,318,189,,172,,319,,192,94,,,,,,,,,,,,,,,,,,,,,,,,,,,,,,,,,646,145,,235,7,196,280,,533,,284,313,82,115,,,35,82,,176,448,,,,,,,,545,,,422,,215,,,,195,
2026-09-07T17:50:02+00:00,186,,,,543,,,,236,300,,,,366,,265,,,,,,,378,342,328,,77,,,49,1113,,52,24,,,,,,,157,,,,,,,,,,,,,,,,49,,,,,,18,128,85,,,20,,,,,,,,155,241,,,,,,,,,,391,93,167,,215,201,419,31,265,,,308,,405,41,,,199,285,170,,164,751,,,273,,249,294,,284,819,,,,,,179,907,,261,486,57,95,373,,,,,,125,,,,,523,,,,,146,186,,,,,,,,,,,,,,,,,,,,442,553,,50,,,843,408,527,,361,,,,,,,,,,,,,130,,231,16,92,732,,,,,,,,,,,,,,,,410,,5,93,,,,,,,,,,136,,,,,52,,,,,,,,,,,193,492,,161,246,,385,,369,32,,,271,387,613,339,375,283,131,,228,357,75,,1399,,,,351,,116,,,,,,,,,,,180,60,15,14,,,,449,,,3,74,284,,,39,,,,,,,,,,,,,,,,,,,,,,,,206,,,99,94,122,,,,343,,31,196,,,,,,,91,169,205,,,250,158,220,,89,,803,42,,,60,241,348,,1037,225,,,,125,,,,,,,,,,,,,,,,,,,,,,686,,143,63,642,,,,402,291,,,,163,111,,,,,,42,,,272,78,275,135,141,196,271,,,684,217,138,577,110,241,,,,,,,,,,,,,,,,,,,,,,,,,,,,,,,,,,,,,,,,,,,,,,,,,,,,649,,127,240,10,197,281,96,535,,,315,,,,,,,,,451,271,,,,,,,549,,,431,,216,109,,,203,
2026-09-07T17:55:02+00:00,,,,,541,24,,106,241,297,,200,265,370,,264,,,,,159,459,380,,,,78,,,,1115,,49,,,,,,,153,,,,,,,,,,110,,,,,,29,50,,,,,,,,87,,75,,,,,,210,,,,240,299,210,282,184,,182,,,,,,,,,,,,,,,,,,,,,,,,,,,,,,,,,,,,,,,,,,,,,,,,,,,,,,,,,,,,,,,,,,,,,,,,,,,,,,,,,,,,264,,,411,51,,,846,412,528,,364,,396,1331,409,,357,148,98,255,299,432,212,134,,228,16,94,737,,,,,,,,,,,,,,,,415,,4,92,,,,,,,,,,,,,,,53,,,,,65,,,,,,,495,255,,248,,386,,367,33,,461,274,,617,,378,,,,,,76,,,,,,350,,117,,,,,,,,,,,182,63,17,15,,,,450,,,,75,286,,,41,,,,,,,,,,,,,,,,,,,,,,,,205,,35,,,,,223,445,345,,,198,142,,195,,,,90,170,208,,,252,,222,,90,,800,,131,38,,239,353,,1044,224,,125,,131,,,,,,,,,,,,,,,,,,,,,,693,84,142,64,640,,,,412,292,,,,162,115,,,,,,44,,,,81,276,138,149,201,275,,,688,216,,579,,242,,,,,,,,,,,,,,,,,,,,,,,,,,,,,,,,,,,,,,,,,,,,,,,,,,,,648,,126,241,11,,285,,538,125,,,,114,,137,37,,,,449,274,,,,,,503,551,,,432,,218,110,,,209,
2026-09-07T18:00:01+00:00,187,,,,548,23,,110,243,301,,204,266,374,,,,,,,,462,382,343,337,,,,,,1121,,51,,149,,198,,,154,,,89,,,,,,,108,,,,,,,52,,,,,,19,131,,,76,19,19,,,,215,,,156,238,,,,,,,,,,393,92,173,247,217,,428,26,264,,,320,,,45,104,110,195,291,189,149,,752,34,711,274,118,251,292,217,285,826,,,,63,114,193,912,176,,487,,99,374,,,,,,137,,,,,525,,,,,147,187,,,,,,,,,,,,,,,,,,,266,449,554,,,,,,415,537,,366,,,,,,,,,,,,,135,,224,16,96,750,,,,,,,,,,,,,,,,423,,3,,134,,,,,,,,,135,,,,,,,,,,,,,,,,192,497,252,,,246,387,,372,36,,464,277,390,620,,381,286,,,,359,77,,,,,,351,,118,,,,,,,,,,,,66,16,16,,,,,,,4,77,288,,,,,,,,,,,,,,,,,,,,,,,,,,,207,,36,97,95,,,,450,343,,,,,,,,,,,169,216,,,251,157,228,,,140,801,,,39,,,,,,,,,,,,,,,,,,,,,,,,,,,,,,,,,,,,,,,,,,,,,,,,,,,,,,,,,,,,,,,,,,,,,,,89,354,108,91,139,42,181,,257,325,188,,174,,333,,194,100,,,,,,,,,,,,,,,,,,,,,,,,,,,,,,,,,650,,56,252,9,201,287,97,542,146,292,317,80,116,,,40,81,,,,275,,,,,,505,555,124,,437,,219,112,,,216,
2026-09-07T18:00:02+00:00,,,,,,,,,,,,,,,,,,,,,,,,,,,,,,,,,,,,,,,,,,,,,,,,,,,,,,,,,,,,,,,,,,,,,,,,,,,,,,,,,,,,,,,,,,,,,,,,,,,,,,,,,,,,,,,,,,,,,,,,,,,,,,,,,,,,,,,,,,,,,,,,,,,,,,,,,,,,,,,,,,,,,,,,,,,,,,,,,,,,,,,,,,,,,,,,,,,,,,,,,,,,,,,,,,,,,,,,,,,,,,,,,,,,,,,,,,,,,,,,,,,,,,,,,,,,,,,,,,,,,,,,,,,,,,,,,,,,,,,,,,,,,,,,,,,,,,,,,,,,,,,,,,,,,,,,,,,,,,,,,,,,,,,,,,,,,,,,,,,,,,,,,,,,,,,,,,,62,,351,,1058,226,,126,,127,,,,,,,,,,,,,,,,,,,,,,,,,,,,,,,,,,,,,,,,,,,,,,,,,,,,,,689,,,582,109,241,,,,,,,,,,,,,,,,,,,,,,,,,,,,,,,,,,,,,,,,,,,,,,,,,,,,,,,,,,,,,,,,,,,,,,,,,,,,,,,,,,,,,,,,,,
2026-09-07T18:05:01+00:00,190,308,,,551,,,113,251,303,,203,269,377,,263,,,,,,,385,345,343,,82,,,,1122,,55,21,150,,,,,152,,,,,,,,,,,,,42,,,31,53,,,,,,20,133,,,77,20,20,,,,216,,,,236,296,214,283,188,177,,,,,,,,,,,,,,,,,,,,,,,,,,,,,,,,,,,,,,,,,,,,,,,,,,,,,,,145,,,,,526,,,,,150,185,,,,,,,,,,,,,,,,,,,265,450,,410,52,,,845,417,544,,370,,,1334,414,142,358,151,,,,436,213,,,229,16,,757,,,,,,,,,,,,,,,,427,,4,,,,,,,,,,,136,,,,,54,,,,,64,,,,,,190,501,241,163,249,247,391,,380,41,,462,279,391,625,,,295,,,229,357,78,,1400,,,,350,,119,,,,,,,,,,,184,67,14,,,,,,,,,79,291,,,44,,,,,,,,,,,,,,,,,,,,,,,,208,,,100,97,,,225,447,344,,29,200,144,,194,,,,,,219,,,,159,231,,89,138,802,,133,,,,,,,,,,,,,,,,,,,,,,,,,,,,,,,,,699,,,,646,,297,,422,290,357,,,,,,,,,,45,,,274,80,,139,161,,276,,160,692,214,,591,,,,,,,,,,,,,,,,,,,,,,,,,,,,,,,,,,,,,,,,,,,,,,,,,,,,,,,,57,255,12,204,290,,543,,,,79,115,,,,,,178,450,276,,,,,,504,559,,,452,,221,113,,,228,
2026-09-07T18:10:02+00:00,192,309,,,557,25,,117,253,304,,200,272,385,,259,,,,,161,463,389,351,352,,,,,51,1129,,59,23,,,,,,151,,,,,,,,,,107,,,,,,30,52,18,,,,,21,134,,233,78,,,,,,219,,,157,237,,,,,,,,,,394,,179,248,,199,435,27,,,19,327,,404,53,,111,199,295,214,,,753,35,716,,,255,298,212,286,830,,,,,,198,917,177,262,492,,,375,,,,,,,,,,,,,,,,,,,,,,,,,,,,,,,,,,,,264,447,552,408,55,,,848,420,549,,,,,,,,,,,,,,,140,,230,16,97,771,,,,,,,,,,,,,,,,430,,,,135,,,,,,,,,138,,,,,,,,,,,,,,,,192,,246,164,,,,,382,,,464,289,395,628,340,384,300,130,,231,362,81,,1399,,,,,,,,,,,,,,,,,185,69,13,,,,,,,,,82,294,,,49,,,,,,,,,,,,,,,,,,,,,,,,,,,101,,,,224,449,,,33,,146,,193,,,,,166,220,,,,160,,,90,,798,,,,63,,362,,1085,233,,128,,124,,,,,,,,,,,,,,,,,,,,,,704,85,,,648,,298,,440,289,,,,161,117,,,,,,44,,,276,,277,140,182,,,,163,699,213,143,,,245,,,,,,,,,,,,,,,,,,,,,,,,,,,,,,,,,,,,,,,,,,,,,,,,,,,,648,,,259,11,211,,99,544,162,296,319,80,116,,,42,,,181,,,,,,,,506,562,,,457,,,114,,,236,110
2026-09-07T18:15:02+00:00,193,308,,,560,23,,125,259,305,,201,278,389,,256,,,,,164,,393,352,357,,83,,,52,1139,,,24,151,,,,,,,,,,,,,,,108,,,43,,,31,,19,,,,,25,136,,,,19,21,,,,221,,,,239,299,219,,193,176,187,,,,,93,183,252,218,201,442,29,263,,,331,,406,55,105,,201,,228,150,,,37,723,,117,256,297,,285,833,,,,,115,203,923,180,261,494,,100,376,,,,,,151,,,,,528,,,,,154,184,,,,,,,,,,,,,,,,,,,,449,551,412,57,,,,421,561,,373,326,392,1336,426,146,371,,,254,302,442,219,141,,228,16,99,775,,,,,,,,,,293,,,,,,,,2,,,,,,,,,,,,,,,,,,,,,,,,,,,191,511,248,165,250,249,394,,383,44,,465,291,405,636,,386,311,,,,365,80,,1398,,,,351,,,,,,,,,,,,,183,70,15,,,,,,,,5,85,302,,,52,,,,,,,,,,,,16,,,,,,,,,,,,209,,37,,96,123,,223,451,345,,,,148,,192,,,,,,,,,258,159,233,,91,,797,,132,40,,,,,,,,,,,,,,,,,,,,,,,,,,,,,,,,705,,,65,657,,,,454,,,,,163,,,,,,,,,,279,,279,142,195,206,278,,164,703,215,145,609,,,,104,,111,103,143,41,176,285,277,326,192,,182,,351,,197,110,,,,,,,,,,,,,,,,,,,,,,,,,,,,,,,,,,,59,262,15,218,293,100,545,169,300,321,,,,138,43,83,,,451,277,,,,,,510,564,125,,461,,,115,,,248,
2026-09-07T18:20:01+00:00,195,,,,562,26,,127,258,307,,203,280,394,,252,,,,,166,465,392,354,359,,84,,,53,1146,,56,27,152,,,,,,,,,,,,,,,109,,,,86,,30,50,,,,,,,138,,,,,,,,,225,,,156,245,,,,,,,,,,,,,,,,,,,,,,,,,,,,,,,,,,,,,,,,,,,,,,,,,,,,,,,,,,,,,,,,,,,,,,,,,,,,,,,,,,,,,,,,,,266,450,552,411,58,,,851,422,565,,378,,,,,,,,,,,,,143,,232,16,102,785,,,,,,,,,,,,,,,,432,,3,,,,,,,,,,,139,,,,,,,,,,,,,,,,,513,251,,251,250,396,,380,46,,463,292,406,638,339,390,310,,,232,370,83,,,,,,354,,121,,,,,,,,,,,184,72,14,,,,,449,,,,88,305,,,,,,,,,,,,,,,17,,,,,,,,,,,,208,,,103,97,,,222,455,346,,,201,147,,193,,,,89,163,221,,,260,,240,,94,,,,133,,62,238,364,,1098,237,,,,126,,,,,,,,,,,,,,,,,,,,,,714,,145,,662,,299,,459,,,,,,119,,,,,,,,,,79,285,143,201,211,281,,166,707,214,,614,,,,,,,,,,,,,,,,,,,,,,,,,,,,,,,,,,,,,,,,,,,,,,,,,,,,,,647,,60,277,19,227,294,,546,,313,326,,,,,46,,,183,450,279,,,,,,511,565,126,,467,,222,,,,249,112
2026-09-07T18:25:01+00:00,196,,,127,564,27,,134,262,310,,,282,393,,249,,,,,,,,352,362,,83,,,52,1150,,58,29,,,,,,148,156,,,,,,,,,,,348,,,,32,53,,,,,21,,137,,234,80,,,,,,229,,,,246,295,225,286,192,181,186,,,,,100,184,260,,205,448,33,,,18,351,213,407,59,,112,202,296,254,151,,755,40,738,,116,259,300,,287,836,,,,62,117,205,929,182,260,492,58,102,375,,,,,,160,,,,,532,,,,,159,186,,,,,,,,,,,,,,,,,,,267,452,551,412,,,,854,423,566,,382,,391,1339,,,378,156,99,,303,446,221,146,,233,16,104,790,,,,,,,,,,294,,,,,,439,,2,93,137,,,,,,,,,,,,,,,,,,,,,,,,,,520,254,166,253,,,,,47,,464,291,,641,,389,314,,,,371,,,1397,,,,356,,,,,,,,,,,,,182,73,15,14,,,,,,,,89,306,,,54,,,,,,,,,,,,,,,,,,,,,,,,206,,,107,100,,,,458,352,,,,,,192,,,,,,224,,,265,158,244,,96,139,799,,135,,69,240,365,63,1111,244,,130,,128,,,,,,,,,,,,,,,,,,,,,,719,,146,66,665,,,,467,,,,,164,,,,,,,42,,,282,,284,145,221,,285,,,710,215,148,613,108,246,,,,,,,,,,,,,,,,,,,,,,,,,,,,,,,,,,,,,,,,,,,,,,,,,,,,648,,61,281,22,234,295,,548,180,317,328,81,118,,140,50,85,,184,449,,,,,,,513,566,,,472,,223,,,,257,
2026-09-07T18:30:01+00:00,198,,,,569,29,,141,261,,,202,285,400,,241,,,,,,467,391,356,,,84,,,51,1152,,63,,,,,,,147,,,,,,,,,,112,,,,,,35,,,,,,19,26,138,,,,20,,114,,,231,,,155,245,287,229,,194,182,,,,,,99,190,262,223,,459,35,266,,17,370,,409,,,111,209,303,278,,163,,39,741,,,257,303,209,292,,,,,,116,208,934,185,264,490,,103,377,,,,,,171,,,,,531,,,,,162,189,,,,,,,,,,,,,,,,,,,268,451,,,64,,,860,,571,,381,,,,,,,,,,,,,149,,234,16,106,795,,,,,,,,,,295,,,,,,445,,3,,138,,,,,,,,,140,,,,,,,,,,,,,,,,,524,,,254,,397,,384,45,,,293,407,,,,313,,,,,84,,1396,,,,358,,,,,,,,,,,,,186,74,16,,,,,,,,7,93,308,,,55,,,,,,,,,,,,18,,,,,,,,,,,,205,,,,102,,51,,457,354,,,202,148,,194,,,,,165,225,,,272,,247,,95,,802,,,,,,,,,,,,,,,,,,,,,,,,,,,,,,,,,,,,,,,,,,,,,,,,,,,,,,,,,,,80,,,,,,,165,714,216,149,614,,247,54,114,358,115,109,147,44,171,288,287,331,193,,184,,359,,196,126,,,,,,,,,,,,,,,,,,,,,,,,,,,,,,,,,649,,62,289,,237,296,,547,188,,,,119,,,,87,,,,,,,,,,516,568,,,477,,226,117,,,275,
2026-09-07T18:35:02+00:00,200,309,,,572,,,,264,,,203,287,406,,242,,,,,167,471,396,359,365,,,,,,1156,,65,31,151,,,,,149,,,,,,,,,,,,,,88,,34,52,18,2,,176,,30,140,,,,21,,,,,234,,,,,,,,,,,,,,,,,,,,,,,,,,,,,,,,,,,,,,,,,,,,,,,,,,,,,,,,,,,,,,,,,,,,,,,,,,,,,,,,,,,,,,,,,,,,,,,,550,411,65,,,864,425,575,,383,,390,1349,428,,,158,,,,448,228,,,232,16,109,796,,,,,,,,,,,,,,,,,,4,,139,,,,,,,,,141,,,,,,,,,,,,,,,,,,,,255,,,,385,,,463,295,,,338,392,321,,,,,85,,1397,,,,,,122,,,,,,,,,,,192,73,17,,,,,,,,,96,311,,,58,,,,,,,,,,,,,,,,,,,,,,,,201,,38,108,103,,,,458,359,,,,,,,,,,,166,236,,,274,,251,,98,140,805,43,137,41,,239,371,,1113,245,,129,,130,,,,,,,,,,,,,,,,,,,,,,723,,149,,669,,300,,469,290,358,,,,,,,,,,44,,,285,81,287,,231,216,,,,717,217,150,,,249,,,,,,,,,,,,,,,,,,,,,,,,,,,,,,,,,,,,,,,,,,,,,,,,,,,,650,,65,301,25,244,,,548,,,,,122,,144,56,,,185,448,,,100,69,,,,572,,,479,,227,118,,,278,
2026-09-07T18:40:02+00:00,,310,,,577,,,145,,308,,206,293,412,,239,,,,,,,398,363,363,,,,,49,,,,32,153,,,,,,157,,,,,,,,,113,,349,,,,36,,,7,,175,17,,141,,,,23,,,,,235,,,,249,281,228,287,197,,188,,,,,100,192,265,226,206,465,,,,16,376,214,,60,102,110,212,304,286,,,,,,,,260,302,211,291,840,,,,65,,,936,,263,491,59,102,374,,,,,,178,,,,,529,,,,,163,191,,,,,,,,,,,,,,,,,,,269,455,551,,,,,,427,577,,386,,,,,,,,,,,,,151,,,16,110,801,,,,,,,,,,,,,,,,453,,5,95,,,,,,,,,,142,,,,,55,,,,,,,,,,,,525,256,,,251,399,,387,51,,,301,408,640,337,,,129,,,370,,,1398,,,,,,,,,,,,,,,,,193,75,,18,,,,448,,,,98,312,,,59,,,,,,,,,,,,19,,,,,,,,,,,,,,,,105,124,,221,459,360,,,,,,,,,,,,239,,,280,160,,,99,141,,,,,74,241,380,,1114,250,,128,,131,,,,,,,,,,,,,,,,,,,,,,737,,150,68,672,,301,,,291,359,,,161,123,,,,,,46,,,286,83,291,,239,223,,,,720,,,,,,,,,,,,,,,,,,,,,,,,,,,,,,,,,,,,,,,,,,,,,,,,,,,,,,,,,651,,67,305,26,247,,,549,,,,,123,,,55,,,186,,,,,,,,517,577,,,482,,229,119,,,281,
2026-09-07T18:45:02+00:00,201,,,,576,,,154,,,,212,295,415,,238,,,,,,472,401,364,367,,,,,51,1157,,63,,154,,,,,151,,,,,,,,,,112,,,,,,,,19,9,,,,33,,,235,81,,,,,,,,,,,,,,,,,,,,,,,,,,,,,,,,,,,,,,,,,,,,,,,,,,,,,,,,,,,,,,,,,,,,,,,,,,,,,,,,,,,,,,,,,,,,,,,,,,,,270,458,,414,,,,869,428,578,,385,,387,1351,438,,382,160,100,253,304,447,,,,230,16,116,805,,,,,,,,,,296,,,,,,455,,,,,,,,,,,,,143,,,,,,,,,,,,,,,,,528,258,,256,,406,,388,54,7,462,306,,642,,393,,,,,368,,,,,,,,,,,,,,,,,,,,194,76,16,,,,,,,,,102,314,,,61,,,,,,,,,,,,18,,,,,,,,,,,,200,,,109,,,,222,460,365,,,,,,,,,,88,,242,,,282,,252,,101,142,806,44,,,77,242,382,,1117,253,,127,,135,,,,,,,,,,,,,,,,,,,,,,,,,,,,,,,,,,,,,,,,,,,,,,,,,,,,,,726,,154,621,,,53,123,357,114,111,148,48,173,293,295,343,194,,189,,361,,,135,,,,,,,,,,,,,,,,,,,,,,,,,,,,,,,,,,,,310,34,253,,,552,198,331,333,81,124,,146,59,87,,187,449,281,,,,,,518,,126,,493,,232,120,,,285,
2026-09-07T18:50:02+00:00,,312,,,578,30,,156,265,,,,298,,,,,,,,,471,402,367,371,,,,,54,1161,,65,,155,,,,,150,,,,,,,,,,111,,346,,,,38,,,12,,,,39,,,,82,25,22,113,,,245,,,156,251,282,230,288,198,181,194,,,,,104,199,269,232,208,468,36,,,,389,216,,69,101,112,215,309,296,,164,756,42,767,,115,261,301,212,294,842,,,,67,,210,939,,261,487,,107,376,,,,,,185,,,,,,,,,,,,,,,,,,,,,,,,,,,,,,,456,550,417,,,,879,,584,,386,,,,,,,,,,,,,152,,231,16,117,810,,,,,,,,,,297,,,,,,456,,6,,,,,,,,,,,144,,,,,,,,,,,,,,,,,529,260,,257,,411,,386,57,8,461,307,,646,336,394,326,,,,369,,,,,,,357,,123,,,,,,,,,,,197,,18,21,,,,449,,,,104,317,,,64,,,,,,,,,,,,,,,,,,,,,,,,206,,,111,104,125,48,224,462,368,,34,,149,,195,,,,,168,245,,,281,159,253,,,,811,,139,43,78,,387,,,254,,,,139,,,,,,,,,,,,,,,,,,,,,,744,,151,,680,,302,,,293,357,,,163,,,,,,,47,,,285,85,298,,253,229,,329,,731,218,156,628,,251,,,,,,,,,,,,,,,,,,,,,,,,,,,,,,,,,,,,,,,,,,,,,,,,,,,,,,71,320,39,258,,,,203,334,,86,,,147,61,88,,,450,282,,,,,,521,576,,,,,233,123,,,293,113
2026-09-07T18:55:02+00:00,,,,,,31,,159,,310,,,299,416,,,,,,,,,404,,372,,85,,,55,1162,,66,33,,,,,,,,,88,,,,,,,,,,,87,,40,51,,16,,,,48,144,,,,,,,,,244,,,,255,,,,,,,,,,,,,,,,,,,,,,,,,,,,,,,,,,,,,,,,,,,,,,,,,,,,,,,,,,,,,,,,,,,,,,,,,,,,,,,,,,,,,,,,,,272,458,,419,66,,,885,429,,,387,,388,,443,147,383,167,,,,448,233,153,,236,16,118,813,,,,,,,,,,296,,,,,,,,4,,,,,,,,,,,,,,,,,,,,,,,,,,,,535,268,,258,,418,,,60,10,462,309,,647,337,395,329,,,,371,86,,1399,,,,356,,124,,,,,,,,,,,199,77,16,,,,,450,,,8,105,323,,,66,,,,,,,,,,,,19,,,,,,,,,,,,204,135,40,,,,47,225,465,370,,,,,,,,,,,170,246,,,283,,255,,102,,819,,,45,,241,390,,1047,260,,130,,140,,,,,,,,,,,,,,,,,,,,,,748,,156,,682,,303,,472,294,,,,164,,,,,,,,,,286,,300,,262,231,,,166,733,219,158,631,,,,,,,,,,,,,,,,,,,,,,,,,,,,,,,,,,,,,,,,,,,,,,,,,,,,,,653,,72,326,43,261,,,,,,,,,,,62,90,,,449,284,,,,,,,577,,,499,,,121,,,295,
2026-09-07T19:00:02+00:00,202,,,,583,32,,166,268,312,,211,311,418,,,,,,,,470,406,369,,,,,,54,,,,36,154,,,,,152,,,87,,,,,,,,,,,86,,,,18,22,,,,47,147,,,,,,,,,249,,,,259,285,,,203,182,196,,,,395,111,208,276,238,209,478,38,265,,,402,215,411,72,,114,221,314,315,153,163,759,,770,275,,263,,213,292,843,,,,,117,211,943,187,264,486,,113,382,,,,,,196,,,,,531,,,,,164,195,,,,,,,,,,,,,,,,,,,273,456,548,418,,,,887,432,585,,388,,,,,,,,,,,,,,,237,16,125,818,,,,,,,,,,297,,,,,,459,,5,,,,,,,,,,,143,,,,,56,,,,,,,,,,,,545,270,,,249,,,,62,11,463,310,,649,,396,327,127,,233,372,,,1397,,,,354,,,,,,,,,,,,,201,78,17,,,,,,,,9,107,326,,,65,,,,,,,,,,,,20,,,,,,,,,,,,206,136,42,112,105,126,,226,469,373,,,,,,198,,,,87,173,248,,,285,158,258,,103,,823,,140,,,240,397,,1118,267,,131,,146,,,,,,,,,,,,,,,,,,,,,,,,,,,,,,,,,,,,,,,,,,,,,,,,,,,,,167,735,221,,639,,252,,,,,,,,,,,,,,,,,,,,,,,,,,,,,,,,,,,,,,,,,,,,,,,,,,,,652,,75,337,49,265,298,,,205,338,333,85,,,148,63,91,,,,283,,,,,,522,578,126,,502,,,,,,299,
2026-09-07T19:15:01+00:00,203,,,,584,35,,179,273,313,,217,317,431,,245,,,,,,472,409,373,376,,86,,,53,1170,,69,40,155,,,,,151,156,,,,,,,,,112,,,,,,,52,,32,,,,65,148,,,85,,,,,,252,,,155,263,282,,291,205,185,200,,,,397,116,234,287,244,214,496,49,267,,11,412,214,,90,103,115,234,328,352,,157,771,44,786,,,268,304,214,295,856,,,,,,214,950,188,,493,,115,384,,,,,,224,,,,,532,,,,,170,198,,,,,,,,,,,,,,,,,,,276,465,549,423,67,,,904,433,587,,389,,,1353,462,,,171,103,,305,456,243,154,,243,16,128,826,,,,,,,,,,,,,,,,466,,10,98,143,,,,,,,,,144,,,,,,,,,,,,,,,,192,561,276,168,259,,423,,387,69,,462,322,409,659,338,401,348,,,234,371,91,,1399,,,,358,,123,,,,,,,,,,,200,83,18,,,,,,,,11,113,329,,,69,,,,,,,,,,,,21,,,,,,,,,,,,207,141,43,116,,131,48,,475,378,,,203,162,,206,,,,,179,250,,,288,163,262,,110,,844,,142,46,80,239,406,64,1121,275,,135,205,151,,,,,,,,,,,,,,,,,,,,,,754,,161,69,691,,,,475,299,,,,163,,,,,,,50,,,287,86,299,,281,238,,328,183,741,,164,688,109,257,,127,356,,115,152,47,172,296,303,350,193,,194,,365,,,150,,,,,,,,,,,,,,,,,,,,,,,,,,,,,,,,,655,146,91,357,65,283,299,99,554,,,,,,,150,230,,,188,452,285,,,,,,,581,,,511,,238,122,,,314,115
2026-09-07T19:30:02+00:00,210,313,,,586,36,,181,280,314,,222,323,446,,248,,,,,,471,412,379,379,,90,,,,1190,,72,44,156,,,,,155,,,91,,36,,,,,114,,,,,,45,53,,34,,,,74,152,,234,90,27,,,,,254,2,,157,269,296,,292,212,,204,,,,398,124,254,295,248,218,509,50,,,8,423,215,,101,,118,242,329,366,,,774,49,798,,116,,305,,302,857,,,,71,,,952,190,,494,,119,,,,,,,227,,,,,,,,,,172,199,,,,,,,,,,,,,,,,,,,277,463,551,429,,,,920,435,595,,392,,390,1357,468,,382,178,,,307,458,242,158,,242,16,133,834,,,,,,,,,,298,,,,,,471,,12,,146,,,,,,,,,,,,,,,,,,,,,,,,,,571,,181,,,425,,392,74,,461,319,,663,340,,363,,,,373,93,,1400,,,,,,124,,,,,,,,,,,213,90,,,,,,,,,12,115,333,,,71,,,,,,,,,,,,22,,,,,,,,,,,,204,142,,120,108,132,52,,476,390,,35,202,169,,213,,,,86,182,255,,,287,164,267,,,143,858,45,,45,84,240,412,,1122,279,,,,160,,,,,,,,,,,,,,,,,,,,,,758,,166,,696,,305,,477,306,355,,,164,124,,,,,,52,,,293,89,300,,290,245,,,186,748,226,169,701,111,259,,138,358,113,118,156,50,174,305,310,355,194,,206,,369,,198,162,,,,,,,,,,,,,,,,,,,,,,,,,,,,,,,,,661,,94,371,69,308,,,555,208,349,333,87,127,,151,,96,,189,,288,,,,,,524,591,126,,512,,240,124,,,325,114
2026-09-07T19:45:01+00:00,211,315,,128,593,,,195,285,317,,231,327,456,,253,,,,,,472,,378,,,,,,54,1195,,74,53,160,,,,,162,,,,,37,,,,,113,,,,,,49,,19,32,,,18,81,157,,,,28,23,,,,264,,,,277,298,,293,215,188,208,,,,,128,260,296,250,219,516,56,268,,7,427,,,106,105,,244,331,377,,159,775,50,801,,115,269,306,215,305,859,,,,72,,,953,191,269,495,,120,,,,,,,236,,,,,535,,,,,,202,,,,,,,,,,,,,,,,,,,,,,431,,,,929,432,601,,,,,1361,484,150,385,184,,,,460,251,160,,253,16,134,844,,,,,,,,,,,,,,,,474,,14,100,147,,,,,,,,,145,,,,,,,,,,,,,,,,,,277,185,,,,,394,,14,458,330,404,665,,402,389,,,,374,95,,,,,,,,127,,,,,,,,,,,231,101,19,,,,,449,,,13,121,340,,,79,,,,,,,,,,,,,,,,,,,,,,,,216,,46,123,110,147,53,227,485,398,,34,203,172,44,216,,,,,187,256,,,286,162,271,,112,,862,,144,47,87,236,427,,1125,286,,,,162,,,,,,,,,,,,,,,,,,,,,,761,87,167,,700,,306,,,317,,,,163,,,,,,,54,,,298,,,,300,246,,,205,739,230,175,714,112,,54,141,363,,,157,,169,310,315,364,,,212,,371,,,175,,,,,,,,,,,,,,,,,,,,,,,,,,,,,,,,,663,,99,389,74,320,,98,554,,356,335,92,130,,156,229,97,,192,456,290,,,,,,528,604,,,519,,239,125,,,331,
2026-09-07T20:00:02+00:00,215,313,,,600,33,,211,288,323,,234,331,463,,,,,,,,,416,382,,,91,,,,1208,31,77,56,161,,,,,166,157,,93,,,,,,,117,,,42,85,,51,52,,36,,,,92,,,,,30,,,,,268,,,,288,310,,,217,189,213,,,,399,135,273,304,262,226,535,59,270,,6,444,,412,123,,119,248,338,394,,157,784,68,808,,,273,301,217,312,861,,,,74,,,954,,,503,,,385,,,,,,250,,,,,534,,,,,,204,,,,,,,,,,,,,,,,,,,281,466,552,437,,,,940,433,603,,394,,391,,490,151,395,,,,,462,253,162,,255,16,138,856,,,,,,,,,,,,,,,,477,,12,104,148,,,,,,,,,146,,,,,,,,,,,,,,,,195,573,280,186,258,250,,,397,,,461,348,,666,341,405,419,,,,375,96,,,,,,,,,,,,,,,,,,,233,,21,22,,,,,,,14,127,338,,,81,,,,,,,,,,,,21,,,,,,,,,,,,222,,,124,,,54,,500,406,,35,,176,,218,,,,,,261,,,288,165,277,,113,,861,,143,48,90,238,435,,1127,293,,137,,175,,,,,,,,,,,,,,,,,,,,,,766,88,171,,708,,,,,320,,,,,123,,,,,,61,,,301,90,301,,306,250,,,,742,231,182,729,114,261,55,149,364,115,124,,51,177,320,325,373,196,,213,,372,,,192,,,,,,,,,,,,,,,,,,,,,,,,,,,,,,,,,667,,102,410,78,331,,,557,,,336,95,132,,158,74,,,193,459,292,,,,,,529,611,,,529,,240,,,,336,118
2026-09-07T20:15:01+00:00,217,,,,605,,,218,291,326,,244,335,464,,261,,,,,,,418,386,,,,,,58,,,81,60,,,,,,168,,,,,,,,,,,,345,43,,,52,53,,37,,,,95,160,,,,31,,,,,272,,,159,321,317,,,218,190,217,,,,,141,281,311,272,230,547,63,,,4,450,214,413,139,,,250,340,392,,,785,70,816,,113,274,304,218,315,864,,9,,80,,,956,,266,505,,125,,,,,,,258,,,,,,,,,,176,203,,,,,,,,,,,,,,,,,,,283,,553,439,,,,945,436,610,,400,325,392,1366,498,153,405,190,,,309,466,255,164,,258,16,140,860,,,,,,,,,,,,,,,,,,14,105,,,,,,,,,,147,,,,,,,,,,,,,,,,200,575,,187,,251,426,,401,,,410,358,,668,,,438,,,,378,98,,,,,,,,,,,,,,,,,,,,,,,,,,,,,,,,,,,,,,,,,,,,,,,,,,,,,,,,,,223,,,125,111,,53,228,519,409,,36,,179,,220,,,,87,190,,,30,289,,281,,,144,865,,,,,0,442,,1130,300,,138,,176,,,,,,,,,,,,,,,,,,,,,,774,,175,,722,,307,,,321,356,,,,125,,,,,,66,,,303,93,,,324,252,,,207,743,232,186,743,115,262,,155,365,116,132,158,53,179,327,332,378,198,,233,,,,,206,,,,,,,,,,,,,,,,,,,,,,,,,,,,,,,,,672,,108,429,82,338,,,561,,358,,96,133,,163,75,,,194,465,293,,,,,,,618,127,,539,,,,,,344,
2026-09-07T20:30:01+00:00,,,,,,,,,,,,,,,,,,,,,,,,,,,,,,,,,,,,,,,,,,,,,,,,,,,,,,,,,,,,,,,,,,,,,,,,,,,,,,,,,,,,,,,,,,,,,,,,,,,,,,,,,,,,,,,,,,,,,,,,,,,,,,,,,,,,,,,,,,,,,,,,,,,,,,,,,,,,,,,,,,,,,,,,,,,,,,,,,,,,,,,,,,,,,,,,,,,,,,,,,,,,,,,,,,,,,,,,,,,,,,,,,,,,,,,,,,,,,,,,,,,,,,,,,,,,417,362,405,,,406,470,,,,377,,,,,,,,,,,,,,,,,,,,,,,,,,,,,,,,,,,,,,,,,,,,,,,,,,,,,,,,,,,,,,,,,,,,,,,,,,,,,,,,,,,,,,,,,,,,,,,,,,,,,,,,,,,,,,,,,,,,,,,,,,,,784,,178,,,,308,,,,357,,,164,124,,,,,,69,,,306,90,,,332,,,,,,,,,,,,,,,,,,,,,,,,,,,,,,,,,,,,,,,,,,,,,,,,,,,,,,,,,,,,,,,,,,,,,,,,,,,,,,,,,,,,,,,,,,,,,,,,,,,,
2026-09-07T20:30:02+00:00,218,312,,127,616,,,240,295,329,,247,339,473,,264,,,,,,,,387,,,92,,,57,1206,,88,61,,,,,,,159,,,,,,,,,119,,,,86,,53,,,39,,,,97,188,,,91,32,22,,,,270,,,160,326,326,,,215,,219,,,,400,148,295,313,278,231,557,,274,,,461,,,143,,120,253,345,396,,158,787,73,,,,276,300,217,316,869,,8,492,79,,,957,192,,506,,127,,,,,,,267,,,,,535,,,,,177,204,,,,,,,,,,,,,,,,,,,284,469,557,,,,,962,437,613,,401,326,390,,505,,415,193,,,310,467,257,169,,260,16,146,871,,,,,,,,,,,,,,,,476,,16,,149,,,,,,,,,146,,,,,,,,,,,,,,,,203,577,284,,,252,,,,,,,,,,,,,,,,,,,,,,,,,,,,,,,,,,,,,,,,,,,,,,,,,,,,,,,,,,,,,,,,,,,,,,,,,,,225,,48,,,,54,229,526,414,,,202,180,,221,,,,86,191,266,,,,166,284,,,,876,,,47,94,,452,,1134,316,,140,,187,,,,,,,,,,,,,,,,,,,,,,,,,,,,,,,,,,,,,,,,,,,,,,,,,,,,,209,745,238,187,748,,,56,160,,119,133,,,182,335,336,387,200,,242,,371,,,209,,,,,,,,,,,,,,,,,,,,,,,,,,,,,,,,,675,,110,449,88,344,,,,208,,337,,,,,78,97,,,466,295,,,,,,,624,,,543,,,124,,,351,119
2026-09-07T20:45:02+00:00,,313,,,619,,,242,297,333,,251,340,475,,291,,,,,,,419,389,,,90,,,56,1209,,,,160,,,,,169,,,94,,,,,,,,,344,,,,54,,,42,,,,101,238,,235,92,,,,,,275,,,,328,338,,,213,,220,,,,401,155,,317,283,233,565,64,,,2,476,,415,151,104,,257,344,398,,160,,74,820,,116,282,301,215,320,870,,7,,81,,,959,,268,509,,131,,,,,,,275,,,,,,,,,,179,205,,,,,,,,,,,,,,,,,,,288,471,558,447,,,,968,,614,,402,,,,510,155,421,200,104,,,,259,170,,265,16,149,874,,,,,,,,,,,,,,,,477,,,109,,,,,,,,,,147,,,,,,,,,,,,,,,,204,579,285,,,,,,,,,416,365,406,,,407,480,,,236,380,87,,,,,,,,,,,,,,,,,,,,,,,,,,,,,,,,,,,,,,,,,,,,,,,,,,,,,,,,,,240,,,126,112,148,53,228,527,416,,,,181,,,,,,,192,270,,,,,288,,114,145,880,,144,48,,,458,,1136,322,,141,,192,,,,,,,,,,,,,,,,,,,,,,788,,,,723,,,,,323,359,,,,125,,,,,,71,,,309,92,,,336,259,,,,750,,189,747,116,261,57,162,366,120,134,159,,179,340,342,394,210,,258,,,,,214,,,,,,,,,,,,,,,,,,,,,,,,,,,,,,,,,679,145,112,458,,345,,,562,,360,338,95,,,164,79,,,196,467,296,,,,,,530,628,,,,,,,,,353,120
2026-09-07T21:00:01+00:00,,,,,625,,,247,298,339,,258,343,477,,309,,,,,,473,,391,,,89,,,55,1210,30,87,63,,,,,,,,,,,,,,,,120,,,,85,,55,,18,46,,,,104,247,,,91,36,,,,,282,,,,,357,,,214,,223,,,,403,159,300,320,288,235,574,65,,,,481,212,,160,,,260,345,405,152,,788,76,823,,,284,302,216,323,871,,,,83,,,961,193,270,508,,133,,,,,,,276,,,,,537,,,,,181,207,,,,,,,,,,,,,,,,,,,292,472,560,446,,,,972,,615,,404,,389,1367,518,156,,201,,,,468,,172,,264,16,150,888,,,,,,,,,,,,,,,,478,,19,112,,,,,,,,,,151,,,,,,,,,,63,,,,,,205,,,,,,,,400,,,414,368,407,670,342,406,488,,,,383,88,,,,,,,,,,,,,,,,,,,,,,,,,,,,,,,,,,,,,,,,,,,,,,,,,,,,,,,,,,253,,,,,,,,528,418,,,,,,,,,,,196,,,29,291,167,294,,116,,884,,145,47,98,,461,65,1139,327,,,,199,,,,,,,,,,,,,,,,,,,,,,790,,,,721,,,,,,,,,,,,,,,,,,,311,91,,,343,260,,,,751,240,,,,,58,,364,119,135,,54,184,342,346,403,217,,269,,,,,222,,,,,,,,,,,,,,,,,,,,,,,,,,,,,,,,,681,147,113,466,,347,,,,,,,,,,,,98,,,468,,,,,,,,629,,,545,,241,,,,354,
2026-09-07T21:15:01+00:00,219,312,,,630,,,249,297,342,,,344,,,327,,,,,,,,393,,,90,,,,1213,,99,64,,,,,,,,,,,,,,,,118,,,,,,,,19,58,,,,107,,,,,38,,,,,286,,,166,329,369,,,,,,,,,,,306,,292,232,582,,,,,492,,,165,,,263,347,410,,,790,77,,,,286,308,,325,870,,,,84,,,962,194,273,510,,,,,,,,,280,,,,,,,,,,,206,,,,,,,,,,,,,,,,,,,293,473,,445,,,,975,438,616,,405,,388,,521,,425,206,,,,469,,174,,266,16,151,889,,,,,,,,,,,,,,,,,,,,,,,,,,,,,,,,,,,,,,,,,,,,,206,581,287,188,,,,,399,,,416,,409,,,,500,128,,,,,,,,,,,,,,,,,,,,,,,,,,,,,,,,,,,,,,,,,,,,,,,,,,,,,,,,,,,,,,259,143,,,113,,,226,531,425,,,,183,,222,,,,,198,273,,,292,,300,,,147,885,,,49,99,,459,64,,332,,,,202,,,,,,,,,,,,,,,,,,,,,,792,,180,,723,,,,,,,,,,126,,,,,,72,,,,,,,349,262,,,130,741,258,,698,76,262,,161,365,120,,,,185,344,348,405,218,,273,,,,,224,,,,,,,,,,,,,,,,,,,,,,,,,,,,,,,,,684,,114,469,89,349,301,,565,,,340,,132,,,78,,,,,,,,,,,,630,,,,,,,,,355,
2026-09-07T21:30:02+00:00,221,,,,631,,,253,298,,,259,345,,,342,,,,,,474,,396,,,89,,,57,1215,,,66,,,,,,,,,,,,,,,,120,,,,,,54,,,,,,,109,248,,,90,40,,,,,287,,,,331,373,,,215,,225,,,,,163,311,,294,234,592,66,277,,,495,,416,173,105,,266,346,414,,161,792,76,826,276,,288,307,217,,,,,,,,,,,275,511,,,,,,,,,284,,,,,,,,,,,,,,,,,,,,,,,,,,,,,,294,475,,444,,,,980,,615,,,,,,527,,,210,,,,,,,,272,16,,,,,,,,,,,,,,,,,,477,,20,,,,,,,,,,,,,,,,,,,,,,,,,,,,,,,,,,,400,72,,,361,,,,,506,,,,,,,,,,,,,,,,,,,,,,,,,,,,,,,,,,,,,,,,,,,,,,,,,,,,,,,,,,,,,,,262,144,,,,,,225,532,428,,,,184,,,,,,,,274,,,293,,,,117,,,,,48,104,,463,,1145,,,140,,206,,,,,,,,,,,,,,,,,,,,,,797,,182,,,,,,,,,,,,125,,,,,,73,,,313,,,,352,,,,,,260,191,699,,264,57,162,,121,,160,,181,,351,,219,,278,,372,,,227,,,,,,,,,,,,,,,,,,,,,,,,,,,,,,,,,685,,,475,,,,,,,,,,131,,,79,,,,469,295,,,,,,,631,,,,,,,,,357,
2026-09-07T21:45:01+00:00,222,314,,,635,31,,256,,,,264,,,,346,,,,,,475,418,,,,90,,,,,,,,,,,,,170,,,,,,,,,,,,,,,,50,,,60,,,,,249,,,,41,,,,,288,,,167,334,,,,,,,,,,404,167,,319,295,233,596,67,,,,500,,,179,,,,347,422,,162,,77,827,,,,309,,327,,,,,85,,,,,276,513,,,,,,,,,283,,,,,538,,,,,,208,,,,,,,,,,,,,,,,,,,295,473,,,,,,982,,,,407,,,1365,,,,,106,,,,,,,,16,153,890,,,,,,,,,,,,,,,,478,,19,,,,,,,,,,,,,,,,,,,,,64,,,,,,,582,288,,259,,,,,,,418,363,,,,,515,,,,385,,,,,,,,,,,,,,,,,,,,,,,,,,,,,,,,,,,,,,,,,,,,,,,,,,,,,,,,,,,263,,,,114,,,,530,429,,,,,,223,,,,,,,,,,169,,,118,,887,,,,,,,,,,,,,,,,,,,,,,,,,,,,,,,,,,,801,,184,,,,,,,,,,,,,,,,,,75,,,,,,,354,,,,,,,,,,,,,364,122,136,,,190,,,406,,,280,,374,,,230,,,,,,,,,,,,,,,,,,,,,,,,,,,,,,,,,674,,,478,,,,,,,,,,130,,163,81,,,,,,,,,,,,632,,,,,,126,,,358,
2026-09-07T21:45:02+00:00,,,,,,,,,,,,,,,,,,,,,,,,,,,,,,,,,,,,,,,,,,,,,,,,,,,,,,,,,,,,,,,,,,,,,,,,,,,,,,,,,,,,,,,,,,,,,,,,,,,,,,,,,,,,,,,,,,,,,,,,,,,,,,,,,,,,,,,,,,,,,,,,,,,,,,,,,,,,,,,,,,,,,,,,,,,,,,,,,,,,,,,,,,,,,,,,,,,,,,,,,,,,,,,,,,,,,,,,,,,,,,,,,,,,,,,,,,,,,,,,,,,,,,,,,,,,,,,,,,,,,,,,,,,,,,,,,,,,,,,,,,,,,,,,,,,,,,,,,,,,,,,,,,,,,,,,,,,,,,,,,,,,,,,,,,,,,,,,,,,,,,,,,,,,,,,,,,,105,,464,,1149,333,,,,,,,,,,,,,,,,,,,,,,,,,,,,,,,,,,,,,,,,,,,,,,,,,,,,,,,,,,742,261,,,77,266,,,,,,,,,,,,,,,,,,,,,,,,,,,,,,,,,,,,,,,,,,,,,,,,,,,,,,,,,,,,,,,,,,,,,,,,,,,,,,,,,,,,,,,,,,
2026-09-07T22:00:02+00:00,223,,,,636,32,,259,,344,,269,,,,347,,,,,,,,,,,,,,,1216,,,,161,,,,,171,161,,,,,,,,,,,,,,,49,,,59,,,,110,211,,,,,,,,,,,,,336,,,,,,,,,,,,316,,296,,,,,,333,501,,,183,,,268,351,426,,,793,,829,,,291,308,218,329,872,,,,86,,,961,,274,515,,135,386,,,,,,288,,,,,,,,,,182,,,,,,,,,,,,,,,,,,,,,471,,,,,,,,616,,406,,389,1366,528,,,,,252,,,,,,,16,,892,,,,,,,,,,,,,,,,477,,20,113,,,,,,,,,,,,,,,,,,,,,,,,,,,,290,,,,,,401,,,421,,,667,343,402,520,,,,386,,,,,,,,,,,,,,,,,,,,,,,,,,,,,,,,,,,,,,,,,,,,,,,,,,,,,,,,,,,,,,,,,,223,531,,,,,,,222,,,,,,,,,,,,,,,,,,,107,,,65,,336,,141,,211,,,,,,,,,,,,,,,,,,,,,,802,,185,,,,,,,,,,,,,,,,,,,,,315,92,,,358,,,327,,,260,,701,,,,,363,123,137,,,192,345,350,408,220,,284,,,,199,,,,,,,,,,,,,,,,,,,,,,,,,,,,,,,,,,,,,480,,350,,,,,,,,,,,,98,,,470,,,,,,,,,127,,,800,,125,,,359,
2026-09-07T22:15:01+00:00,,313,,,639,,,,,343,,268,346,478,,,,,,,,,419,397,,,,,,56,,,100,,,,,,,,160,,,,,,,,,,,,,,,,,,61,,,,111,,,,,,,,,,290,,,,,,,,,,,,,,,169,317,320,298,234,,68,278,,,,,415,,106,,,352,430,,,,,830,275,,,,,,,,6,,,,,,,,516,,,,,,,,,289,,,,,,,,,,,209,,,,,,,,,,,,,,,,,,,294,470,561,,,,,985,439,617,,,,387,1367,530,159,433,,,,240,,260,175,,273,16,153,893,,,,,,,,,,,,,,,,478,,,,,,,,,,,,,0,,,,,,,,,,,,,,,,,,,189,,247,,,,73,,,,,668,,404,523,,,,385,,,,,,,,,,,,,,,,,,,,,,,,,,,,,,,,,,,,,,,,,,,,,,,,,,,,,,,,,,,,,,,,,,,,431,,,,,,,,,,,,,,30,,171,,,,148,888,,,,109,,466,,1151,337,,,,,,,,,,,,,,,,,,,,,,,,,,,,,,,,,,,,,,,,,,,,,,76,,,317,,,,359,264,,,,,,,,,267,,165,362,124,138,,,,,351,410,,,286,,,,,,,,,,,,,,,,,,,,,,,,,,,,,,,,,,,,,,673,,,481,,,,,,209,360,340,,,,164,,,,,,293,,,,,,,633,,,,,,,,,361,
2026-09-07T22:30:02+00:00,222,314,,,,34,,,,,,267,347,,,,,,,,,,418,,,,,,,,,,,,,,,,,,,,,,,,,,,,,,,,,48,,,,,,,112,,,,,,,,,,,,,,337,,,,,,,,,,,171,318,322,300,,599,69,,,,,,,187,,,,351,432,,,,,834,277,,,305,,330,873,,,,,,,,,,517,,,,,,,,,293,,,,,,,,,,183,,,,,,,,,,,,,,,,,,,,295,469,560,,,,,,,,,407,,386,,,160,440,,107,,,,,,,,16,,895,,,,,,,,,,,,,,,,,,,,,,,,,,,,,154,,,,,,,,,,65,,,,,,,,,,,,,,,74,,,364,,,,,524,,,,,89,,,,,,,,,,,,,,,,,,,,,,,,,,,,,,,,,,,,,,,,,,,,,,,,,,,,,,,,,,,,,,,,,,,430,,,,185,,,,,,87,,,,,,,,,120,,,,,49,,,,,,,,,,,,,,,,,,,,,,,,,,,,,,,,804,,,,,,,,,,,,,,,,,,,,,,,,,,,,,,,,,262,192,,,,58,,,,,,,194,,,,222,,288,,,,,,,,,,,,,,,,,,,,,,,,,,,,,,,,,,,,,,,,,,,,,,,,,,,129,,165,,,,,,290,,,,,,,634,,,546,,,,,,360,
2026-09-07T22:45:01+00:00,,,,,,,,,,,,,,,,,,,,,,,,,,,89,,,,1219,,,,,,,,,,161,,,,,,,,,,,,,,,,,,63,,,,,,,,,,,,,,291,,,,338,,,,,,,,,,,172,319,,301,,602,,,,332,505,,,189,,,269,349,,,,,,835,,,,307,220,335,877,,,,,,,,,273,518,,134,,,,,,,,,,,,,,,,,,,,,,,,,,,,,,,,,,,,,,471,,,,,,,,,,,,384,1366,531,,441,212,,,,,,,,271,16,,894,,,,,,,,,,,,,,,,,,,,,,,,,,,,,,,,,,,,,,,,,,,,,,583,,190,,,,,,,,,,,,,,530,,,,,,,,,,,,,,,,,,,,,,,,,,,,,,,,,,,,,,,,,,,,,,,,,,,,,,,,,,,,,,,265,,,,,,,,,432,,,,,,,,,,,,,,,,,,,,,,,,,,,,,,,,,,,,,,,,,,,,,,,,,,,,,,,,805,,,,,,,,,,,,,,,,,,,,77,,,,91,,,360,,,,,,261,,,78,,,,,,139,,,,,353,,223,,,,,,,,,,,,,,,,,,,,,,,,,,,,,,,,,,,,,,,,,,,482,,,,,566,,,,94,,,,,,,,471,,,,,,,,633,,,,,,,,,,121
2026-09-07T23:00:01+00:00,,,,,,,,,,,,,,,,,,,,,,,,,,,,,,,,,98,,,,,,,,,,,,,,,,,,,,,,,,,,,,,,,,,,,,,,,,,,,,,,,,,,,,,,,,,,302,,601,,,,,506,,,191,,,,351,439,,,,,834,,,292,304,,336,879,,,,,,,,,,519,,,,,,,,,294,,,,,,,,,,,,,,,,,,,,,,,,,,,,,,,469,562,,,,,987,,,,,,385,,,,,,,,,,,,,,16,,895,,,,,,,,,,,,,,,,,,,,,,,,,,,,,,,,,,,,,,,,,,,,,,,,,,,427,,,,,423,,,,339,,535,,,,,,,,,,,,,,,,,,,,,,,,,,,,,,,,,,,,,,,,,,,,,,,,,,,,,,,,,,,,,,,267,,,,,,,,532,,,,,,,,,,,,,,,,295,,,,122,,889,,,,,,,,,,,,,,,,,,,,,,,,,,,,,,,,,,,806,,,,,,,,,,,,,,,,,,,,,,,,,,,361,,,,,743,,,,,,,,,,,,,,,,,,,,,,,,,,,,,,,,,,,,,,,,,,,,,,,,,,,,,,,,,,,,483,,,,,,,,,,130,,,,,,,,,,,,,,,,,,,,,,,,,
2026-09-07T23:15:01+00:00,223,,,,,,,,,,,268,,,,,,,,,,,419,398,,,,,,,,,,,,,,,,,,,95,,,,,,,,,,,,,,52,,62,,,,,212,,,,42,,,,,,,,,,,,,,,,,197,,403,,323,,,,602,,,,,,,,,,,,,441,,,,,,,115,,,,337,,,,,,,,,,274,,,,,,,,,,295,,,,,,,,,,184,,,,,,,,,,,,,,,,,,,,,470,563,,,,,989,,,,,,,1367,533,,,,,,,,,,,272,16,,,,,,,,,,,,,,,,,,,,,,,,,,,,,,,,,,,,,,,,,,,,,,,,,,,,,,,,,,,,,,,,537,,,,,,,,,,,,,,,,,,,,,,,,,,,,,,,,,,,,,,,,,,,,,,,,,,,,,,,,,,,,,,,268,,,,,,,,533,431,,,,,,,,,,,,276,,,296,,,,,,,,,,111,,468,,,340,,,,212,,,,,,,,,,,,,,,,,,,,,,,,,,,,,,,,,,,,,,,,,,,,,,,,,,,,,,744,,,703,79,,,,,,,,,172,,354,,,,289,,,,,,,,,,,,,,,,,,,,,,,,,,,,,,,,,,,,,,,,,486,,,,,,,,,,,,,,,,,,,,,,,,,,,,,,,,,,,
2026-09-07T23:30:01+00:00,224,,,,,,,,,,,269,,,,,,,,,,,,,,,,,,,,,,,,,,,,,,,96,,,,,,,,,,,,,,53,,63,,,,,,,,,43,,,,,,,,,339,372,,,,,,,198,,,,324,,,235,,,277,,,,,,192,,,,,442,,,,76,,,,,298,,,883,,,,,,,,,273,,,,,,,,,,,,,,,539,,,,,,,,,,,,,,,,,,,,,,,,,,468,564,,,,,,,,,,,,,,,,,,,,,,,,273,16,,896,,,,,,,,,,,,,,,,,,,,,,,,,,,,,,,,,,,,,,,,,,,,,,,,,,,,,,,,,,,,,,538,,,,,,,,,,,,,,,,,,,,,,,,,,,,,,,,,,,,,,,,,,,,,,,,,,,,,,,,,,,,,,,269,,,,,,,,,432,,,,,,220,,,,,,,,,,,,,,,,,,,,,,,,,,,,,,,,,,,,,,,,,,,,,,,,,,805,,,,,,,,,,360,,,,,,,,,,,,,,,,,,,,326,,745,,,,,,,,,,,,,,,,,,,,,,,,231,,,,,,,,,,,,,,,,,,,,,,,,,,,,,,,,,674,,,,,,,,,,,,,,,,,,,,,294,,,,,,,634,,,,,,,,,,
2026-09-07T23:45:02+00:00,,,,,,,,,,,,,,,,,,,,,,,,,,,,,,,,,,,162,,,,,,,,,,,,,,,,,,,,,,,,60,,,,,,,,,,,,,,,,,,,,,,,,,,,,,,,,,,603,,,,,,,,,,,,352,,,161,,,,,,,,,,885,,,,,,,,,,,,135,,,,,,,,,,,,,,,,,,,,,,,,,,,,,,,,,,,,,,471,565,,,,,990,440,,,,,,,,,440,,,,,,,,,,16,,,,,,,,,,,,,,,,,,,,,,,,,,,,,,,,,,,,,,,,,,,,,,,,585,,,,,,,,,,,,,,,,,,,,,,,,,,,,,,,,,,,,,,,,,,,,,,,,,,,,,,,,,,,,,,,,,,,,,,,,,,,,,,,,,,,,,,,,,,,,,,,,,,,,,,,,,,,,,,,,,,,,,,,,,,,,,,,,,,,,,,,,,,,,,,,,,,,,,,,,,,,,,,,,,,,,,,,,,,,,,,,,,260,,,78,268,,,,,,,,174,,,,,,,,,,,,,,,,,,,,,,,,,,,,,,,,,,,,,,,,,,,,,,,485,,,,,,209,360,340,,,,,,98,,,,,,,,,,,,127,,,,,,,,,
