timestamp,bonn-bcp-parken-Rabinstrasse,bonn-bcp-parken-beethoven,bonn-bcp-parken-beetplatz,bonn-bcp-parken-bike-ride,bonn-bcp-parken-friedensplatz,bonn-bcp-parken-hauptbahnhof,bonn-bcp-parken-karstadt,bonn-bcp-parken-markt,bonn-bcp-parken-muensterplatz,bonn-bcp-parken-operngarage,bonn-bcp-parken-rheinaue,bonn-bcp-parken-stadthaus,bonn-bcp-parken-stadthaus-unten,bonn-bcp-parken-unigarage,braunschweig-parken-Parkhaus-Eiermarkt,braunschweig-parken-Parkhaus-Forschungsflughafen,braunschweig-parken-Parkhaus-Lange-Str-Nord,braunschweig-parken-Parkhaus-Magni,braunschweig-parken-Parkhaus-Packhof,braunschweig-parken-Parkhaus-Ring-Center,braunschweig-parken-Parkhaus-Schloss,braunschweig-parken-Parkhaus-Schutzenstrasse,braunschweig-parken-Parkhaus-Wallstrasse,braunschweig-parken-Parkhaus-Wilhelmstrasse,dresden-parken-Altmarkt,dresden-parken-Altmarkt-Galerie,dresden-parken-Ammonstrasse-Bus,dresden-parken-An-der-Frauenkirche,dresden-parken-Bahnhof-Neustadt,dresden-parken-Bluherstrasse,dresden-parken-Budapester-Strasse,dresden-parken-Centrum-Galerie,dresden-parken-Cossebaude,dresden-parken-Ferdinandplatz,dresden-parken-Fidelio-F-Finke-Strasse,dresden-parken-Frauenkirche-Neumarkt,dresden-parken-Freiberger-Platz,dresden-parken-GALERIA-Karstadt-Kaufhof,dresden-parken-Gompitz,dresden-parken-Grenzstrasse,dresden-parken-Haus-am-Zwinger,dresden-parken-Kaditz,dresden-parken-Klotzsche,dresden-parken-Kongresszentrum,dresden-parken-Kraftwerk-Mitte,dresden-parken-Langebruck,dresden-parken-Lindengasse,dresden-parken-Lingnerallee,dresden-parken-MESSE-DRESDEN-Parkplatz-P7,dresden-parken-Ostra-Allee,dresden-parken-Ostra-Ufer,dresden-parken-Palaisplatz,dresden-parken-Parkhaus-Mitte,dresden-parken-Pennrich,dresden-parken-Pieschener-Allee-Bus,dresden-parken-Pirnaische-Strasse,dresden-parken-Pirnaischer-Platz,dresden-parken-Prohlis,dresden-parken-Reick,dresden-parken-Reitbahnstrasse,dresden-parken-SP1-Strassburger-Platz,dresden-parken-SachsenEnergie-Center,dresden-parken-Sarrasanistrasse,dresden-parken-Schiessgasse,dresden-parken-Semperoper,dresden-parken-Stadtforum-Dresden,dresden-parken-Strehlener-Strasse,dresden-parken-Taschenbergpalais,dresden-parken-Terrassenufer,dresden-parken-Terrassenufer-Bus,dresden-parken-Theresienstrasse,dresden-parken-Weissig,dresden-parken-Weixdorf-Bad,dresden-parken-Wiener-Platz-Hauptbahnhof,dresden-parken-Wiesentorstrasse,dresden-parken-Wigardstrasse,dresden-parken-Wohrl-Florentinum,dresden-parken-World-Trade-Center,ffh-parken-bad-homburg-Am-Bahnhof,ffh-parken-bad-homburg-Louisen-Arkaden,ffh-parken-bad-homburg-Parkgarage-Karstadt,ffh-parken-bad-homburg-Parkgarage-Kurhaus,ffh-parken-bad-homburg-Parkgarage-Rathaus,ffh-parken-bad-homburg-Parkgarage-Schloss,ffh-parken-bad-homburg-Parkhaus-La-Vie,ffh-parken-bad-homburg-Parkhaus-am-Guterbahnhof,ffh-parken-bad-homburg-Parkhaus-am-Markt,ffh-parken-frankfurt-Aculeum,ffh-parken-frankfurt-Alt-Sachsenhausen,ffh-parken-frankfurt-Alte-Oper,ffh-parken-frankfurt-Am-Gericht,ffh-parken-frankfurt-Am-Theater,ffh-parken-frankfurt-Baseler-Platz,ffh-parken-frankfurt-Borse,ffh-parken-frankfurt-Burgerhaus-Bornheim,ffh-parken-frankfurt-Congresscenter-Messe-Frankfurt-Maritim-Hotel,ffh-parken-frankfurt-Friedrichsheim,ffh-parken-frankfurt-Goetheplatz,ffh-parken-frankfurt-Hauptbahnhof-Sud,ffh-parken-frankfurt-Hauptwache,ffh-parken-frankfurt-Hotel-Intercontinental,ffh-parken-frankfurt-Hotel-Movenpick,ffh-parken-frankfurt-Junghofstrasse,ffh-parken-frankfurt-Konrad-Adenauer-Strasse,ffh-parken-frankfurt-Konstabler,ffh-parken-frankfurt-Mainzer-Landstrasse,ffh-parken-frankfurt-Messeturm,ffh-parken-frankfurt-Mousonturm,ffh-parken-frankfurt-MyZeil-PalaisQuartier,ffh-parken-frankfurt-Opernturm,ffh-parken-frankfurt-Ordnungsamt,ffh-parken-frankfurt-P-R-Haus-Borsigallee,ffh-parken-frankfurt-Schiller-Passage,ffh-parken-frankfurt-Universitatsklinikum-Innengelande,ffh-parken-frankfurt-Universitatsklinikum-P2,ffh-parken-frankfurt-Universitatsklinikum-P5,ffh-parken-frankfurt-Universitatsklinikum-Sandhofstrasse,ffh-parken-frankfurt-Untermainanlage,ffh-parken-kassel-Atrium,ffh-parken-kassel-City-Point,ffh-parken-kassel-Friedrichsplatz,ffh-parken-kassel-Galeria,ffh-parken-kassel-Herkules-Besucherzentrum,ffh-parken-kassel-Kurfursten-Galerie,ffh-parken-kassel-Martinskirche,ffh-parken-kassel-Rathaus,ffh-parken-kassel-Schloss-Wilhelmshohe,ffh-parken-kassel-Wilhelmsstrasse,ffh-parken-mannheim-C1-Hauptverwaltung-MPB-Parkhaus,ffh-parken-mannheim-Collini-Center-Mulde-Parkplatz,ffh-parken-mannheim-D3-Tiefgarage,ffh-parken-mannheim-D5-Reiss-Museum-Tiefgarage,ffh-parken-mannheim-G1-Marktplatz-Tiefgarage,ffh-parken-mannheim-H6-Tiefgarage,ffh-parken-mannheim-Hauptbahnhof-P1-Tiefgarage,ffh-parken-mannheim-Hauptbahnhof-P2-Parkhaus,ffh-parken-mannheim-Hauptbahnhof-P3-Parkhaus,ffh-parken-mannheim-Hauptbahnhof-P5-Parkhaus,ffh-parken-mannheim-Klinikum-P3-Parkplatz,ffh-parken-mannheim-Klinikum-Tiefgarage,ffh-parken-mannheim-M4a-Parkplatz,ffh-parken-mannheim-N1-N2-Stadthaus-Parkhaus,ffh-parken-mannheim-N6-Komforthaus,ffh-parken-mannheim-N6-Standardhaus,ffh-parken-mannheim-SAP-Arena-P1-Parkplatz,ffh-parken-mannheim-SAP-Arena-P2-Parkplatz,ffh-parken-mannheim-SAP-Arena-P3-Parkplatz,ffh-parken-mannheim-SAP-Arena-P6-P8-Parkplatz,ffh-parken-mannheim-U2-Tiefgarage,ffh-parken-wiesbaden-PH-City-II,ffh-parken-wiesbaden-PH-Coulinstr,ffh-parken-wiesbaden-PH-Galeria-Kaufhof,ffh-parken-wiesbaden-PH-Karstadt,ffh-parken-wiesbaden-PH-Kurhaus-Casino,ffh-parken-wiesbaden-PH-Lili,ffh-parken-wiesbaden-PH-Luisenforum,ffh-parken-wiesbaden-PH-Luisenplatz,ffh-parken-wiesbaden-PH-Markt,ffh-parken-wiesbaden-PH-Mauritius,ffh-parken-wiesbaden-PH-Theater,ffh-parken-wiesbaden-TG-Lili,ffh-parken-wiesbaden-TG-RMCC,heilbronn-parken-Am-Bollwerksturm,heilbronn-parken-Bildungscampus-Mitte,heilbronn-parken-E-Quartiersgarage-Neckarbogen,heilbronn-parken-Harmonie,heilbronn-parken-Kathchenhof,heilbronn-parken-Kiliansplatz,heilbronn-parken-P-R-Karlsruher-Strasse,heilbronn-parken-Parkhaus-Experimenta,heilbronn-parken-Parkplatz-Hauptbahnhof,heilbronn-parken-Stadtgalerie,heilbronn-parken-Theaterforum-K3,heilbronn-parken-Wollhaus,ingolstadt-parken-Arena,ingolstadt-parken-Congressgarage,ingolstadt-parken-Festplatz,ingolstadt-parken-Hallenbad,ingolstadt-parken-Hauptbahnhof-Ost,ingolstadt-parken-Hauptbahnhof-West,ingolstadt-parken-Munster,ingolstadt-parken-Nordbahnhof,ingolstadt-parken-Reduit-Tilly,ingolstadt-parken-Schloss,ingolstadt-parken-Theater-Ost,ingolstadt-parken-Theater-West,konstanz-parken-Altstadt,konstanz-parken-Augustiner,konstanz-parken-Dobele,konstanz-parken-Fernbusbahnhof,konstanz-parken-Fischmarkt,konstanz-parken-Lago,konstanz-parken-Seerheincenter,mobil-potsdam-parken-Am-Kanal,mobil-potsdam-parken-Bahnhofspassagen-1,mobil-potsdam-parken-Bahnhofspassagen-2,mobil-potsdam-parken-Biosphare-Potsdam-Volkspark,mobil-potsdam-parken-Hollandisches-Viertel-Klinikum,mobil-potsdam-parken-Industrie-und-Handelskammer,mobil-potsdam-parken-Karstadt-Zentrum,mobil-potsdam-parken-Krongut-Bornstedt,mobil-potsdam-parken-Luisenplatz,mobil-potsdam-parken-Lustgarten,mobil-potsdam-parken-Markt-Center,mobil-potsdam-parken-Neuer-Garten-Cecilienhof,mobil-potsdam-parken-P-R-Bahnhof-Golm,mobil-potsdam-parken-P-R-Bahnhof-Griebnitzsee,mobil-potsdam-parken-P-R-Bahnhof-Marquardt,mobil-potsdam-parken-P-R-Bahnhof-Pirschheide,mobil-potsdam-parken-P-R-Campus-Jungfernsee,mobil-potsdam-parken-P-R-Rehbrucke,mobil-potsdam-parken-P-R-Wetzlarer-Strasse,mobil-potsdam-parken-Park-Sanssouci-P1-Historische-Muhle,mobil-potsdam-parken-Park-Sanssouci-P2-Voltaireweg,mobil-potsdam-parken-Park-Sanssouci-P3-Am-Neuen-Palais,mobil-potsdam-parken-Parkplatz-Schloss-und-Park-Babelsberg,mobil-potsdam-parken-Schiffbauergasse-Hans-Otto-Theater,mobil-potsdam-parken-Sportpark-Luftschiffhafen,mobil-potsdam-parken-Weberpark,mobil-potsdam-parken-Wilhelmgalerie,mobilitaet-jena-Am-Anger,mobilitaet-jena-Am-Gries,mobilitaet-jena-Am-Planetarium,mobilitaet-jena-Am-Stadion,mobilitaet-jena-August-Bebel-Strasse,mobilitaet-jena-Bachstrasse,mobilitaet-jena-Busbahnhof,mobilitaet-jena-City-Carree,mobilitaet-jena-Eichplatz,mobilitaet-jena-Eisenbahndamm,mobilitaet-jena-Erbertstrasse,mobilitaet-jena-Ernst-Abbe-Strasse,mobilitaet-jena-Ernst-Haeckel-Strasse,mobilitaet-jena-Gartenstrasse,mobilitaet-jena-Goethe-Galerie,mobilitaet-jena-Grietgasse,mobilitaet-jena-Haeckelplatz,mobilitaet-jena-Holzmarkt,mobilitaet-jena-Krautgasse,mobilitaet-jena-Lassallestrasse,mobilitaet-jena-Lessingstrasse,mobilitaet-jena-Muhlenstrasse,mobilitaet-jena-Neue-Mitte,mobilitaet-jena-Paradiesbahnhof,mobilitaet-jena-Philosophenweg,mobilitaet-jena-Roland-Ducke-Weg,mobilitaet-jena-Schlossgasse,mobilitaet-jena-Seidelparkplatz,mobilitaet-jena-Seidelstrasse,mobilitaet-jena-Semmelweissstrasse,mobilitaet-jena-Sophienstrasse,mobilitaet-jena-Spitzweidenweg,mobilitaet-jena-Steinkreuz,mobilitaet-jena-Stoystrasse,mobilitaet-jena-Wagnergasse,mobilitaet-jena-Westbahnhof,mobilitaet-jena-Wiesenstrasse,mobilitaet-jena-Windberg,mobilitaet-jena-Wollnitzer-Strasse,mobilitaet-jena-Ziegelmuhlenweg,oldenburg-service-parken-Altes-Gymnasium,oldenburg-service-parken-CCO-Parkdeck-1,oldenburg-service-parken-CCO-Parkdeck-2,oldenburg-service-parken-Parkhaus-Alter-Stadthafen-Cinemaxx,oldenburg-service-parken-Parkhaus-Am-Waffenplatz,oldenburg-service-parken-Parkhaus-August-Carree,oldenburg-service-parken-Parkhaus-Bahnhof-ZOB,oldenburg-service-parken-Parkhaus-Galeria-Kaufhof,oldenburg-service-parken-Parkhaus-Heiligengeist-Hoefe,oldenburg-service-parken-Parkhaus-Schlosshoefe,oldenburg-service-parken-Parkhaus-Theatergarage,oldenburg-service-parken-Parkplatz-Pferdemarkt,oldenburg-service-parken-Parkplatz-Theaterwall,oldenburg-service-parken-Ratsherren,paderborn-parken-P1-Konigsplatz,paderborn-parken-P10-Westernmauer,paderborn-parken-P11-Westerntor,paderborn-parken-P12-Rathenaustrasse,paderborn-parken-P13-Hauptbahnhof,paderborn-parken-P2-Florianstrasse,paderborn-parken-P3-Neuhauser-Tor,paderborn-parken-P4-Paderhalle-Maspernplatz,paderborn-parken-P5-Rolandsweg,paderborn-parken-P6-Liborigalerie,paderborn-parken-P7-Liboriberg,paderborn-parken-P8-Volksbank-Theater,paderborn-parken-P9-Domplatz,parken-in-bochum-P1-Husemannplatz,parken-in-bochum-P2-Dr-Ruer-Platz,parken-in-bochum-P3-Rathaus-BVZ,parken-in-bochum-P5-Bruckstrasse,parken-in-bochum-P6-Hauptbahnhof-Buddenbergplatz,parken-in-bochum-P7-Kurt-Schumacher-Platz,parken-in-bochum-P8-Konrad-Adenauer-Platz-Bermuda3Eck,parken-in-bochum-P9-Schauspielhaus,parken-in-bochum-PH-Alter-Markt-Wattenscheid,parken-in-bochum-PH-Bochumer-Fenster,parken-in-bochum-PH-Husemann-Karree,parken-in-bochum-PH-Massenbergstrasse,parken-in-bochum-PH-Quartiersgarage-Ostpark,parken-in-bochum-PH-Stadionring,parken-in-bochum-PH-Westpark-Jahrhunderthalle,parken-luebeck-Am-Bahnhof-Handelshof-Parkplatz-Strassenrand-Am-Bahnhof-Handelshof-Parkplatz-Strassenrand-Lubeck,parken-luebeck-Am-Burgfeld-Parkplatz-Am-Burgfeld-Parkplatz-Lubeck,parken-luebeck-Am-Fischereihafen-Parkplatz-Am-Fischereihafen-Parkplatz-Travemunde,parken-luebeck-Am-Leuchtenfeld-Leuchtturm-Parkplatz-Am-Leuchtenfeld-Leuchtturm-Parkplatz-Travemunde,parken-luebeck-Backbord-Parkplatz-Backbord-Parkplatz-Travemunde,parken-luebeck-Bahnhof-Parkplatz-Strassenrand-Bahnhof-Parkplatz-Strassenrand-Lubeck,parken-luebeck-Bauhof-Parkplatz-Bauhof-Parkplatz-Lubeck,parken-luebeck-Beckergrube-Parkplatz-Beckergrube-Parkplatz-Lubeck,parken-luebeck-Bruckenweg-Parkplatz-Bruckenweg-Parkplatz-Lubeck,parken-luebeck-Burgstrasse-Parkplatz-Burgstrasse-Parkplatz-Lubeck,parken-luebeck-Fahrstrasse-Parkplatz-Fahrstrasse-Parkplatz-Lubeck,parken-luebeck-Fahrvorplatz-Parkplatz-Fahrvorplatz-Parkplatz-Travemunde,parken-luebeck-Hafenbahnhof-Parkplatz-Hafenbahnhof-Parkplatz-Travemunde,parken-luebeck-Hermann-Lange-Strasse-Parkplatz-Hermann-Lange-Strasse-Parkplatz-Lubeck,parken-luebeck-Huxterdamm-Parkplatz-Huxterdamm-Parkplatz-Lubeck,parken-luebeck-Kanalstrasse-P2-Parkplatz-Kanalstrasse-P2-Parkplatz-Lubeck,parken-luebeck-Kanalstrasse-P3-Parkplatz-Kanalstrasse-P3-Parkplatz-Lubeck,parken-luebeck-Kanalstrasse-P4-Parkplatz-Kanalstrasse-P4-Parkplatz-Lubeck,parken-luebeck-Kanalstrasse-P5-Parkplatz-Kanalstrasse-P5-Parkplatz-Lubeck,parken-luebeck-Kanalstrasse-Strassenrand-Parkplatz-Kanalstrasse-Strassenrand-Parkplatz-Lubeck,parken-luebeck-Kirchenstrasse-Parkplatz-Kirchenstrasse-Parkplatz-Travemunde,parken-luebeck-Konrad-Adenauer-IHK-Parkplatz-Strassenrand-Konrad-Adenauer-IHK-Parkplatz-Strassenrand-Lubeck,parken-luebeck-Kowitzberg-Parkplatz-Kowitzberg-Parkplatz-Travemunde,parken-luebeck-Kurgartenstrasse-Parkplatz-Kurgartenstrasse-Parkplatz-Travemunde,parken-luebeck-Lastadie-P1-Parkplatz-Lastadie-P1-Parkplatz-Lubeck,parken-luebeck-Lastadie-P3-Parkplatz-Lastadie-P3-Parkplatz-Lubeck,parken-luebeck-Lastadie-P5-Parkplatz-Lastadie-P5-Parkplatz-Lubeck,parken-luebeck-Leuchtenfeld-Parkplatz-Leuchtenfeld-Parkplatz-Travemunde,parken-luebeck-Marlesgrube-Parkplatz-Marlesgrube-Parkplatz-Lubeck,parken-luebeck-Mowenstein-Parkplatz-Mowenstein-Parkplatz-Travemunde,parken-luebeck-MuK-Parkplatz-MuK-Parkplatz-Lubeck,parken-luebeck-Muhlenbrucke-Parkplatz-Muhlenbrucke-Parkplatz-Lubeck,parken-luebeck-Muhlendamm-Parkplatz-Muhlendamm-Parkplatz-Lubeck,parken-luebeck-Muhlenstrasse-Parkplatz-Muhlenstrasse-Parkplatz-Lubeck,parken-luebeck-Mullergarten-Parkplatz-Mullergarten-Parkplatz-Lubeck,parken-luebeck-Musterbahn-Parkplatz-Musterbahn-Parkplatz-Lubeck,parken-luebeck-Nordliche-Wallhalbinsel-Parkplatz-Nordliche-Wallhalbinsel-Parkplatz-Lubeck,parken-luebeck-Obertrave-Parkplatz-Strassenrand-Obertrave-Parkplatz-Strassenrand-Lubeck,parken-luebeck-Parade-Parkplatz-Parade-Parkplatz-Lubeck,parken-luebeck-Parkplatz-vor-dem-PH-Burgtor-Parkplatz-Parkplatz-vor-dem-PH-Burgtor-Parkplatz-Lubeck,parken-luebeck-Paul-Brummer-Strasse-Parkplatz-Paul-Brummer-Strasse-Parkplatz-Travemunde,parken-luebeck-Priwall-Parkplatz-Priwall-Parkplatz-Travemunde,parken-luebeck-Radisson-Blu-Parkplatz-Radisson-Blu-Parkplatz-Lubeck,parken-luebeck-Retteich-Parkplatz-Retteich-Parkplatz-Lubeck,parken-luebeck-Roeckstrasse-Parkplatz-Roeckstrasse-Parkplatz-Lubeck,parken-luebeck-Rose-Parkplatz-Rose-Parkplatz-Travemunde,parken-luebeck-Strandbahnhof-Parkplatz-Strandbahnhof-Parkplatz-Travemunde,parken-luebeck-Trelleborgallee-Parkplatz-Trelleborgallee-Parkplatz-Travemunde,parken-luebeck-Untertrave-Flache-1-Parkplatz-Strassenrand-Untertrave-Flache-1-Parkplatz-Strassenrand-Lubeck,parken-luebeck-Untertrave-Parkplatz-Untertrave-Parkplatz-Lubeck,parken-luebeck-Verwaltungszentrum-Muhlentor-Parkplatz-Verwaltungszentrum-Muhlentor-Parkplatz-Lubeck,parken-luebeck-Vogteistrasse-Parkplatz-Vogteistrasse-Parkplatz-Travemunde,parken-luebeck-Wallstrasse-Parkplatz-Wallstrasse-Parkplatz-Lubeck,parken-luebeck-Werner-Kock-Strasse-Parkplatz-Strassenrand-Werner-Kock-Strasse-Parkplatz-Strassenrand-Lubeck,parken-osnabrueck-11,parken-osnabrueck-13,parken-osnabrueck-16,parken-osnabrueck-17,parken-osnabrueck-18,parken-osnabrueck-19,parken-osnabrueck-21,parken-osnabrueck-22,parken-osnabrueck-23,parken-osnabrueck-24,parken-osnabrueck-25,parken-osnabrueck-26,parken-osnabrueck-27,parken-osnabrueck-28,parken-osnabrueck-29,parken-osnabrueck-30,parken-osnabrueck-31,parken-osnabrueck-32,parken-osnabrueck-33,parken-osnabrueck-34,parken-osnabrueck-35,parken-osnabrueck-36,parken-osnabrueck-37,parken-osnabrueck-38,parken-osnabrueck-39,parken-osnabrueck-40,parken-osnabrueck-41,parken-osnabrueck-43,parken-osnabrueck-44,parken-osnabrueck-45,parken-osnabrueck-46,parken-osnabrueck-49,parken-osnabrueck-50,parken-osnabrueck-51,regensburg-parken-Park-Ride-Parkplatz-Unterer-Wohrd,regensburg-parken-Park-Ride-Parkplatz-West,regensburg-parken-Parkhaus-Dachauplatz,regensburg-parken-Parkhaus-Dallmeier,regensburg-parken-Parkhaus-Regensburg-Arcaden,regensburg-parken-Parkhaus-St-Peters-Weg,regensburg-parken-Parkplatz-Dultplatz,regensburg-parken-Tiefgarage-Arnulfsplatz,regensburg-parken-Tiefgarage-Hauptbahnhof-Castra-Regina-Center,regensburg-parken-Tiefgarage-am-Theater-Bismarckplatz,reutlingen-parken-Am-Bahnhof,reutlingen-parken-Bahnhof,reutlingen-parken-Echaz-Zentrum,reutlingen-parken-Galeria-Kaufhof,reutlingen-parken-Gartentor-C-A-Mode,reutlingen-parken-Gartenviertel,reutlingen-parken-Kaiserpassage,reutlingen-parken-Klinikum-I,reutlingen-parken-Klinikum-II,reutlingen-parken-Konrad-Adenauer-Strasse-Eberhardstrasse,reutlingen-parken-Kronprinzenbau,reutlingen-parken-Lederstrasse,reutlingen-parken-Nordstern,reutlingen-parken-Obere-Wassere,reutlingen-parken-Parkgarage-Leonhardsplatz,reutlingen-parken-Parkhaus-Pomologie,reutlingen-parken-Rathaus-Tubinger-Tor,reutlingen-parken-Stadthalle,reutlingen-parken-Stadtmitte,reutlingen-parken-Unter-den-Linden,reutlingen-parken-Volksbank,sw-bielefeld-parken-Parkhaus-Am-Hauptbahnhof,sw-bielefeld-parken-Parkhaus-Am-Jahnplatz,sw-bielefeld-parken-Parkhaus-Am-Zwinger,sw-bielefeld-parken-Parkhaus-Ankergarten,sw-bielefeld-parken-Parkhaus-Bahnhofsviertel-1,sw-bielefeld-parken-Parkhaus-Bahnhofsviertel-2,sw-bielefeld-parken-Parkhaus-Centrum,sw-bielefeld-parken-Parkhaus-Karstadt,sw-bielefeld-parken-Parkhaus-LOOM,sw-bielefeld-parken-Parkhaus-Ritterstrasse,sw-bielefeld-parken-Parkhaus-Stadthalle,sw-bielefeld-parken-Parkpalette-Hermann-Delius-Strasse,sw-bielefeld-parken-Parkplatz-Friedenstrasse,sw-bielefeld-parken-Parkplatz-Grosse-Kurfursten-Str,sw-bielefeld-parken-Parkplatz-Hbf,sw-bielefeld-parken-Parkplatz-Herforder-Str,sw-bielefeld-parken-Parkplatz-Kunsthalle,sw-bielefeld-parken-Parkplatz-Mercatorstr,sw-bielefeld-parken-Parkplatz-Niederwall,sw-bielefeld-parken-Parkplatz-Teutoburger-Strasse,sw-bielefeld-parken-Parkplatz-Zentrum,sw-bielefeld-parken-Parkplatze-Werner-Bock-Strasse,sw-bielefeld-parken-Seidenstickerhalle,sw-bielefeld-parken-Tiefgarage-Altstadt-Carre,sw-bielefeld-parken-Tiefgarage-Am-Theater,sw-bielefeld-parken-Tiefgarage-Kesselbrink,sw-bielefeld-parken-Tiefgarage-Marktpassage-nicht-fur-gasbetriebene-Fahrzeuge,sw-bielefeld-parken-Tiefgarage-Neues-Rathaus,sw-bielefeld-parken-Tiefgarage-Welle,sw-bielefeld-parken-Tiefgarage-Willy-Brandt-Platz,sw-bielefeld-parken-Tiefgarage-und-Parkpalette-CineStar,swt-trier-parken-Basi,swt-trier-parken-City,swt-trier-parken-Hauptm,swt-trier-parken-Kons,swt-trier-parken-Osta,swt-trier-parken-ParkPlaza,swt-trier-parken-Vieh,tiefbauamt-nuernberg-parken-ADCOM-Center,tiefbauamt-nuernberg-parken-Adlerstrasse,tiefbauamt-nuernberg-parken-City-Park-Center,tiefbauamt-nuernberg-parken-Erler-Klinik,tiefbauamt-nuernberg-parken-Findelgasse,tiefbauamt-nuernberg-parken-Galeria-Kaufhof,tiefbauamt-nuernberg-parken-Hans-Sachs-Platz,tiefbauamt-nuernberg-parken-Hauptbahnhof,tiefbauamt-nuernberg-parken-Hauptmarkt,tiefbauamt-nuernberg-parken-Jakobsmarkt,tiefbauamt-nuernberg-parken-Katharinenhof,tiefbauamt-nuernberg-parken-PH-Nurnberger-Akademie,tiefbauamt-nuernberg-parken-Parkhaus-City-Point,tiefbauamt-nuernberg-parken-Parkhaus-Karstadt,tiefbauamt-nuernberg-parken-Parkhaus-Maximum,tiefbauamt-nuernberg-parken-Parkhaus-Wohrl,tiefbauamt-nuernberg-parken-Parkhausname,tiefbauamt-nuernberg-parken-Sebalder-Hofe,tiefbauamt-nuernberg-parken-Sterntor,tiefbauamt-nuernberg-parken-Theater,vmz-bremen-parken-Am-Bahnhof,vmz-bremen-parken-Am-Brill,vmz-bremen-parken-Am-Dom,vmz-bremen-parken-Am-Kuhhirten,vmz-bremen-parken-Am-Sedanplatz,vmz-bremen-parken-Am-Vegesacker-Hafen,vmz-bremen-parken-Am-Wall,vmz-bremen-parken-Aumunder-Markplatz,vmz-bremen-parken-Beckersweide,vmz-bremen-parken-Burgerweide,vmz-bremen-parken-Burgerweide-Klangbogen,vmz-bremen-parken-City-Gate,vmz-bremen-parken-Fresenbergstrasse-P1,vmz-bremen-parken-Fresenbergstrasse-P2,vmz-bremen-parken-Herdentor-Rembertiring,vmz-bremen-parken-Hillmannplatz,vmz-bremen-parken-Im-Pohl,vmz-bremen-parken-Katharinenklosterhof,vmz-bremen-parken-Kunstlerhaus-Guterbahnhof,vmz-bremen-parken-Lubecker-Strasse,vmz-bremen-parken-Messe-Parkhaus,vmz-bremen-parken-Mitte,vmz-bremen-parken-Ortsamt-Blumenthal,vmz-bremen-parken-Ostertor-Kulturmeile,vmz-bremen-parken-Pressehaus,vmz-bremen-parken-Rowekamp-Metropol-Theater,vmz-bremen-parken-Sagerstr,vmz-bremen-parken-Silbermannstrasse,vmz-bremen-parken-Stephani,vmz-bremen-parken-Uberseestadt,vmz-bremen-parken-Weserstadion,vtmanager-duesseldorf-parken-FLOAT,vtmanager-duesseldorf-parken-Heerdt,vtmanager-duesseldorf-parken-PH-01,vtmanager-duesseldorf-parken-PH-02,vtmanager-duesseldorf-parken-PH-03,vtmanager-duesseldorf-parken-PH-04,vtmanager-duesseldorf-parken-PH-06,vtmanager-duesseldorf-parken-PH-08,vtmanager-duesseldorf-parken-PH-09,vtmanager-duesseldorf-parken-PH-10,vtmanager-duesseldorf-parken-PH-11,vtmanager-duesseldorf-parken-PH-12,vtmanager-duesseldorf-parken-PH-13,vtmanager-duesseldorf-parken-PH-16,vtmanager-duesseldorf-parken-PH-17,vtmanager-duesseldorf-parken-PH-18,vtmanager-duesseldorf-parken-PH-20,vtmanager-duesseldorf-parken-PH-22,vtmanager-duesseldorf-parken-PH-23,vtmanager-duesseldorf-parken-PH-24,vtmanager-duesseldorf-parken-PH-25,vtmanager-duesseldorf-parken-PH-26,vtmanager-duesseldorf-parken-PH-29,vtmanager-duesseldorf-parken-PH-33,vtmanager-duesseldorf-parken-PH-34,vtmanager-duesseldorf-parken-PH-35,vtmanager-duesseldorf-parken-PH-37,vtmanager-duesseldorf-parken-PH-39,vtmanager-duesseldorf-parken-PH-42,vtmanager-duesseldorf-parken-PH-43,vtmanager-duesseldorf-parken-PH-45,vtmanager-duesseldorf-parken-PH-46,vtmanager-duesseldorf-parken-PH-47,vtmanager-duesseldorf-parken-PH-48,vtmanager-duesseldorf-parken-PH-50,vtmanager-duesseldorf-parken-PH-51,vtmanager-duesseldorf-parken-PH-52,vtmanager-duesseldorf-parken-PH-53,vtmanager-duesseldorf-parken-PH-54
2026-07-24T00:00:01+00:00,199,,57,153,,56,,255,,,220,204,,324,,,356,,,,1245,167,481,439,434,,,94,,,0,1259,26,103,66,193,,,,2,146,148,0,120,0,40,,,,,106,,392,46,,,17,59,17,79,156,189,14,110,131,87,227,86,51,41,125,,,318,0,,147,250,385,230,246,200,190,183,21,198,63,417,190,317,452,287,240,587,75,311,223,497,295,214,119,120,285,371,528,177,803,86,787,289,114,332,341,702,24,8,452,81,,,,200,280,528,,147,389,,0,0,0,0,293,0,0,0,0,545,0,0,0,0,188,228,0,0,0,0,0,260,123,,10,293,370,608,292,250,181,100,150,320,297,464,574,429,68,230,,990,438,630,294,405,334,399,1384,511,192,499,252,204,315,249,569,307,,,208,17,161,903,,,,,,,,177,,166,,,,,,118,116,0,,52,,133,,,0,,,48,0,0,0,0,0,0,0,0,300,0,0,0,0,0,523,0,28,118,137,0,0,0,165,0,0,0,0,152,0,0,0,0,60,0,0,0,0,73,0,0,48,209,36,175,542,295,190,262,225,421,0,401,74,14,,,,,,,,,,,,,,304,342,409,665,337,401,538,128,,230,440,92,,1379,,,,173,,39,,,,,,,,6,,,131,87,54,27,,,,376,,,,,0,,,342,,,,,,,,,,,,5,,,,,,,,,,,,363,140,49,127,118,150,70,181,519,407,38,42,364,226,47,204,15,0,18,97,172,284,0,35,304,170,278,200,113,132,895,34,144,49,120,0,411,71,1143,294,2297,115,204,214,0,118,209,289,84,0,0,343,343,116,0,314,0,343,209,135,289,200,249,0,0,801,77,217,,703,,324,247,,289,382,,,137,113,,,,,,79,,,300,119,,,353,272,,214,144,732,256,191,696,56,165,62,158,291,168,130,144,55,429,182,285,262,238,0,293,62,376,,193,210,0,,,,,,,,,,,,,,,,,,,,,,,,,,,,,,,,618,144,113,416,78,353,303,95,515,205,369,329,97,331,,187,65,86,445,198,476,251,360,,,,200,440,605,126,,547,,195,138,160,641,370,
2026-07-24T00:15:02+00:00,,,,,,,,,,,,205,,,,,,,,,,,,,,,,,,,,,,104,,,,,,,,,,,,,,,,,,,,,,,,,,80,,,,109,,,,,,,,,,,,,,,,,,,,,,,,,191,,,,,589,,,,498,,,,,,,,,,,,,,,,701,,,,,,,,,,,,146,,,,,,,,,,,,,,,,,187,,,,,,,,,,,,,,,,,,,,,467,,430,,,,991,,,295,,,,1385,,,498,253,,,248,,,,,,,,,,,,,,,,,,,,,,,,,,,,,,,,,,,,,,,,,,,,,,,,,,,,,,,,,,,,,,,,,,,,,,,,,,,,,,,,,,296,,,,,,,,,,,,,,,,,,,,,,,,,,,,,,,,,,,,,,,,,,,,,,,,,,,,,,,,,,,,,,,,,,,,,,,,,,,,,,,,,,,,,,,,,,,364,,,,,,,,,,,,,228,,,,,,,,,,,,,,,,,,,,,123,,416,,,304,,117,,217,,,,,,,,,,,,,,,,,,,,,,,,,,,,,,,,,,,,,,,,,,,,,,,,,,,,,,,,,,,,,,,,,,,,181,,263,,,294,,,,,212,,,,,,,,,,,,,,,,,,,,,,,,,,,,,,,,,,,,,,,,,,,,,,,,186,,,,,,,,,,,,,606,,,,,,,,,,
2026-07-24T00:30:01+00:00,201,,,,,,,256,,,,206,,,,,,,,,,,,,,,,,,,,,,,,,,,,,,149,,,,,,,,,,,,,,,,,,,,,,,,,,,52,,,,,319,,,,,,,,,,,,,,,,,453,,,,,,,,,,,,,,,,,,,,,,,,,,454,,,,,,,,,147,,,,,,,,,,,,,,,,,188,,,,,,,,,,,,,,,,,,,,,465,,,,,,,,,,,,,,,,,,,,249,,,,,,,,,,,,,,,,,,,,,,,,,,,,,,,,,,,,,,,,,,,,,,,,,,,,,,,,,,,,,,,,,,,,,,,,,,,,,,,,,,,,,,,,,,,,,,,,,,,,,,,,,,408,,,,542,,,,,,,,,,,,,,,,,,,,,,,,,,,,,,,,,,,,,,,,,,,,,,,,,,,,,,,,,,,,,,,368,,,,,,,,,,,,,,,,,,,,,,,,,,,,,,,,,50,,,,,,,,,,,,,,,,,,,,,,,,,,,,,,,,,,,,704,,,248,,,,,,,,,,,,,,,,,,,,,,,,,733,,,,,,,,,,,,,,,,265,239,,298,,,,,213,,,,,,,,,,,,,,,,,,,,,,,,,,,,,,,,,,,,415,,,,,,,,,,,,187,,,,,,,,,,,,,,,,,,,,,,,
2026-07-24T00:45:02+00:00,,,,,,,,,,,,207,,,,,,,,,,,480,,435,,,,,,,1261,,,,,,,,,,,,,,,,,,,,,,,,,18,,,79,,,,110,,,,,,,,,,318,,,,,,,,,,,,,,,,318,454,,,588,,,,500,,,116,,,,529,,,,788,,,331,,704,,,,,,,,,,,,145,,,,,,,296,,,,,,,,,,,,,,,,,,,,,,,,,,,,,,,463,,,,,,,,,,,,,,514,,,,,,,,,,,,,,,,,,,,,,,,,,,,,,,,,,,,,,,,,,,,,,,,,,,299,,,,,,,,,,,,,,,,,,,,,,,,,,,,,,,,,,,,,,,,,,,400,,,,,,,,,,,,,,,,,,409,,,,543,,,,,,,,,,,,,,,,,,,,,,,,,,,,,,,,,,,,,,,,,,,,,,,,,,,,,,,,,,,,,,,369,,,,,,,,,,,,,,,,,,,,,,,,,,,,,,,,,,,,,,,,,,,,,,,,,,,,,,,,,,,,,,,,,,,,,,,,,,,,,,,,,,,,,,,,,,,,354,,,,,,257,,,57,,,,,,,,,,,,,,,,,,,,,,,,,,,,,,,,,,,,,,,,,,,,,,,,,,,,,619,,,416,,,,,,,,,,,,,,,,,475,,,,,,,,,,,551,,,,,,,
2026-07-24T01:00:01+00:00,,,,,,,,,,,,,,,,,,,,,,,,,,,,,,,,1263,,,,,,,,,,,,,,,,,,,,,,,,,,,,78,,,,111,,,,,,,,,,,,,,,,,,,,,,,,416,,319,452,,,,,,,,,,,,,,,,,,,,,,,,,,,,,,,,,,,,,,,,,,,,,,,,,,,,,227,,,,,,,,,,,,,,,,,,,,461,,429,,,,,439,,,,,,,,,,,,,,,,,,,,,,,,,,,,,,,,,,,,,,,,,,,,,,,,,,,,,,,,,,,,,,,,522,,,,,,,,,,,,,,,,,,,,,,,,,,,,,,,,,,,,,401,,,,,,,,,,,,,,,,,,,,,,544,,,,439,,,,,,,,,,,,,,,,,,,,,,,,,,,,,,,,,,,,,,,,,,,,,,,,,,,,,,,,,,,371,,,,,,,,,,,,,,,,,,,,,,,,,171,,,,,,,,,,,,,,,,,,,,,,,,,,,,,,,,,,,,,,,,,,,,,,,,,,,,,,,,,,,,,,,,,,,,,,,,,,,,,,,,,,,,,,,,,,,299,,,,,,,,,,,,,,,,,,,,,,,,,,,,,,,,,,,,,,,,,423,,,,,,,,,,330,,,,,,,,,,,,,,,,,,,,,,,,,
2026-07-24T01:15:02+00:00,,,,,,,,,,,,,,,,,,,,,,,481,,,,,,,,,1265,,,,,,,,,,148,,,,,,,,,104,,391,47,,,,,,,,,,,,,,,51,,,,,,,,,,,,,,,,,,,415,,320,453,,,589,,,,501,,,,,,367,530,,,,,,,,,705,,,,,,,,,,,,,,,,,,,,,,,,,,,,,,,,,,,,,,,,,,,,,,,,,,465,573,,,,,992,,,,,,,,515,,,,,,,,,,,212,17,,904,,,,,,,,,,,,,,,,,,,,,,,,,,,,,,,,,,,,,,,,,,,523,,,,,,,,,,,,,,,,,,,,,,,,,,,,,,,297,,,,,,,,,,,,,,,,,,,,,,303,,,,,,,,,,440,,,,,,,,,,,,,,,,,,,,,,,,,,,,,,,,,,,,,,,,,,,,,,,,,,,,,,,,,,,372,,,,,,,,,,,,,,,,,,,,,,,,,,,,,,,,,,,,,,,315,2298,118,,220,,,,,,,,,,,,,,,,,,,,,,802,,,,,,,,,,381,,,,,,,,,,,,,,,,,,,,,145,,,,,,,,,,,,,,,,286,,,,,61,,,,214,,,,,,,,,,,,,,,,,,,,,,,,,,,,,,,,,,,,426,,,,,516,,,,,,,188,,,,,,,,,,,,,611,,,,,,,,,,
2026-07-24T01:30:01+00:00,,,,,,,,,,,,,,,,,,,,,,,,,,,,,,,,,,,,,,,,,,,,,,,,,,,,,392,,,,,58,,,,,,,,,,,,,,,,,,,,,,,,,,,,,,,192,,,,,,,,,502,,,,,,,532,,,,,,,,,706,,,,,,,,,,,,,,,,,,,,,,,,,,,,,190,,,,,,,,,,,,,,,,,,,,,467,,428,,,,993,440,,,,,,,,191,,,,,,,,,,,17,,,,,,,,,,,,,,,,,,,,,,,,,,,,,,,,,,,,,,,297,,,,,,522,,29,,,,,,,,,,,,,,,,,,,,,,,,,,,,,,,,,,,,,,,,,,,,,,,,,,,,,,,,,546,,,,,,,1380,,,,,,,,,,,,,,,,,,,,,,,,,,,,,,,,,,,,,,,,,,,,,,,,,,,,,,,,,,,,,,,,518,,,,,,,,,,,,,,,,,170,,,,,,,,,,,,,,,,,,,,,,,,,,,,,,,,,,,,,,,,801,,,,,,,,,,,,,,,,,,,,,,,,,,,,,,,,,,,,,,,,,,,,,,182,287,266,,,,,,,,215,,,,,,,,,,,,,,,,,,,,,,,,,,,,,,,,,,,,432,,,,,,,,,,,,,,,,,,,,,,,,,612,,,552,,,,,,,
2026-07-24T01:45:01+00:00,200,,,,,,,255,,,,,,,,,,,,,,,,,,,,,,,,,,105,,,,,,,,147,,,,,,,,,,,,,,,,59,,,,,,110,,,,,52,,,,,317,,,,,,,,,,,,,,,193,,452,,,,,,,,,212,,,286,,,,,,,,,332,,707,,,,,,,,,,,,,,,,,,,,,,,,,,,,,,,,,,,,,,,,,,,,,,,,,,463,,,,,,,,,,,,,1386,,,,252,,,,,,,,,17,,,,,,,,,,,,,,,,,,,,,,,,132,,,,,,,,,,,,,,,,,,,,,,,,,,,,,,,,,,,,,,,,,,,,,,,,,,,,,,,,,,,,,,,,,,,,,,,,,,,,,,,,,,,,,,,,,,,,,,,,,,,,,,,,,,,,,,,,,,,,,,,,,,,,,,,,,,,,,,,,,,,,,,,371,,,,,,,,519,406,,,,,,,,,,,,,,,,,,,,,,,,,,,,,,,,,,,,,,,,,,,,,,,,,,,,,,,,,,,,,,323,,,,,,,,114,,,,,,,,,,,,,,,,,,,,,,,,,,,,,,,,,,,,,,,,,,216,,,,,,,,,,,,,,,,,,,,,,,,,,,,,,,,,,,,435,,,,,,,,,,,,,,,,,,,,,,,,,,,,,,,,,,,
2026-07-24T02:00:02+00:00,,,,,,,,,,,,,,323,,,,,,,,,,,,,,,,,,,,106,,,,,,,,150,,,,,,,,,,,,46,,,,,,,,,,111,,,,,,,,,,,,,,,,,,,,,,,,414,,,,,,,,,,,,,,,,,533,,,,,,,331,,708,,,,,,,,,,,,,,,,,,,,,,,,,,,,,191,,,,,,,,,,,,,,,,,,,,,467,,,,,,,,,,,,,,,,497,253,,,,,,,,,17,,,,,,,,,,,,,,,,,,,,,,,,,,,,,,,,,,,,,,,,,,,,,,,,,138,,,,,,,,,,,,,,,,,,,,,,,,,,,,,,,,,,,,,,,,,,,,,,,,,304,,,,,,,,,,,,,,,,,,,,,,,,,,,,,,,,,,,,,,,,,,,,,,,,,,,,,,,,,,,,,,,,,,,,,,,,,,,,180,,407,,,,,,,,,,,,,,,,,,,112,,893,,,,,,,,,,,,,,,,,,,,,,,,,,,,,,,,,,,,,,,,,,,,,,,,,115,,,,,,,,,,,,,,,,,,,,,,,,,,,,,,,,,286,,,,,,,,,217,,,,,,,,,,,,,,,,,,,,,,,,,,,,,,,,,,,,439,,,,,,,,,,,,,,,,,,250,,,,,,,,,,,,,,,,,
2026-07-24T02:15:02+00:00,197,,,,,,,,,,,205,,324,,,,,,,,,480,,,,,95,,,,,,,,,,,,,147,,,,,,,,,,,,,47,,,,57,,79,,,,,,,226,,,,,,,316,,,,219,,,,,,,,,,413,,,,,,,,,,,,,,,,366,,,,,,,,,,707,,,,,,,,,,,,,,,,,,,,,,,,,,,,,,,,,,,,,,,,,,,,,,,,,,,,,,,,,439,,,,,,,,,,,,,,,,,,,17,,903,,,,,,,,,,,,,,,,,,,,,,,,,,,,,,,,,,,,,,,,,,,,,,,,,,,,,,,,,,,,,,,,,,,,,,,,,541,296,,,,,,,70,,,,,,,,,,,,,,,,,,,336,,548,,,,,,,,,,,,,,,,,,,,,,,,,,,,,,,,,,,,,,,,,,,,,,,,,,,,,,,,,,,,,,,,,,,,,,,,,,,,,,,,,,,,,,,,,,,,,,,,,124,,417,,,319,,,,222,,,,,,,,,,,,,,,,,,,,,,800,,,,,,,,,,,,,136,116,,,,,,,,,,,,,,,,,,,,,,,,,,,,,,,,,,,,,,60,375,,,218,,,,,,,,,,,,,,,,,,,,,,,,,,,,,,,,,,,,443,,,,,567,,,,,,,,,,,,,251,,,,,,,,,,,,,,,,,
2026-07-24T02:30:01+00:00,,,,,,,,,,,,,,,,,,,,,,,,,,,,,,,,,,105,,,,,,,,,,,,,,,,,,,391,,,,,58,,,,,,,130,,227,,,,,,,,,,,218,,,,,,,,,,412,,,453,,,,,,,,296,,,,,371,,,,,,,,,,708,,,,,,,,201,280,528,,148,389,,,,,,,,,,,,,,,,,,,,,,,,,,,,,,,,,,,,,,,,,,,,438,,,,,,,,189,495,,203,,,,,,,,17,,904,,,,,,,,,,,,,,,,,114,,,,,,,,,,,,,,,,,,,,296,,,,,,519,,,,,,,,,,,,,,,,,,,,,,,,,,,,,,,297,,,,,,,,,,,,,,,,,,,,,,,,,,,,,,,,,,,,,,,,,,,,,,,,,,,,,,,,,,,,,,,,,,,,,,,,,,,,,,,,,,,,,,,,,,,,,,,,,,,,,,41,363,,,,,,,,,,,,303,171,,,,,,,,,,,,,,,,,,,,,,,,,,,,,,,,,,,,,,,,799,,,,,,,,,,380,,,137,,,,,,,,,,,,,,,,,,146,,258,,695,,,,,,,,,,,,,,,,,,,,,,,,,,,,,,,,,,,,,,,,,,,,,,,,,,,,,,,,,445,,,,,,,,,,,,187,,,,,,,,,,,,,,,,,,,,,,,
2026-07-24T02:45:01+00:00,195,,,,,,,254,,,,206,,,,,,,,,,,,,,,,,,,,,,104,,194,,,,,,,,,,,,,,,,,,,,,19,57,,80,,,,,131,,226,,51,,,,,314,,,,217,,,,,,,,,,411,,,,,,,,,,,,,,,,369,,,,,,,,,340,,,,,,,,,,,,,,,,,,,,,,,,,,,,,,,,,,,,,,,,,,,,,,,,,,296,465,574,,,,,994,437,,,,,,,,188,485,,,,,,,,,213,17,,,,,,,,,,,,,,,,,,,113,,,,,,,,,,,,,,,,,,,,,,,,,,,,,,,,,,,,,,,,,,,,,,,,,,,,,,,,,296,,,,,,,69,,,,,,,,,,,,,,,,,408,,334,,549,,,,,,,,,,,,,,,,,,,,,,,,,,,,,,,,,,,,,,,,,,,,,,,,,,,,,,,,,,,,,,,370,,,,,149,,,,,,,364,,,,,,,,,,,,,,,,113,,891,,,,,,,,,,,,,,,,,,,,,,,,,,,,,,,,,,,,,,,703,,,,,,,,,,,,,,,,,,,,,,,,,,,,,,,,,,,,292,,,,,,,,,,,,,,,,,,,,,,,,,,,,,,,,,,,,,,,,,,,,,,,,,618,,,446,,,,,,,,,,,,,,,,,,,,,,,,,,125,,,,,,,,,
2026-07-24T03:00:02+00:00,,,,,,,,,,,,205,,,,,,,,,,,,,,,,,,,,,25,,,,,,,,,,,,,,,,,,106,,390,46,,,18,,16,78,,,,,130,,,,,,,,,312,,,,215,,,,,,,,,,,,,451,,,,,,,,,,,,,,,,,,,,,330,,705,,,,,,,,,,,,,,,,,,,,,,,,,,,,,,,,,,,,,,,,,,,,,,,,,,463,,429,,,,,434,,,,,,,,,483,,,,,,,,,212,17,,903,,,,,,,,176,,,,,,,,,,,,,,131,,,,,,,,,,,,,,,,,,,,,,,,,,,,,,,,,,,,,,,,,,,,,,,,,,,,295,189,,,,,,70,,,,,,,,,,,,,,,,341,,664,,400,548,,,,439,,,1379,,,,,,,,,,,,,,,,,,,,,,,,,,,,,,,,,,,,,,,,,,,,,,,,,,,,,,,,,,,,117,148,,,,406,,,,226,46,203,,,,,,,,,302,,,,114,,,,,,,,,,,,,,,,,,,,,,,,,,,,,,,,,,,,,796,,,,,,322,,,,376,,,136,,,,,,,,,,299,118,,,,,,,,,,,,,,,157,294,,,,,,181,,,,,,,,,,,,,,,,,,,,,,,,,,,,,,,,,,,,,,,,,,,617,,,447,,,,,,,,,,331,,,,,,,,,,,,,,,577,,,,,,,,,,
2026-07-24T03:15:01+00:00,193,,,,,,,255,,,,206,,,,,,,,,,,479,,,,,,,,,,24,,,,,,,,,,,,,38,,,,,,,389,,,,,,,77,,,,109,,,,,,,,,,306,,,,,380,,,,,,,197,,410,,,,286,241,,,,,,295,206,,,,370,534,,802,,,288,113,,,,,,,,,,,,279,,,,390,,,,,,297,,,,,,,,,,,,,,,,,,,,,,,,,,,,,,,465,575,,,,,993,429,,,,284,,1236,374,187,478,143,201,184,,349,186,,,,17,,904,,,,,,,,,,,,,,,,,111,,,,,132,,,,,,,,,,,,,,40,299,,,,,,,,27,,,,,,,,,,,151,,,,,,,,,,,,,,,,,542,,,,,,,,,,,,,,,,,,,,,,,,,,,,,,,,,,,,,,,,,,,,,,,,,,,,,,,,,,,,,,,,,,,,,,,,,,,,,,,,,,,,,,,,,,,,366,,,,116,,,181,,405,,,,,,204,,,,,171,,,,,,,,,,889,,,,123,,,,1142,327,,,,,,,,,,,,,,,,,,,,,,,,,,,,,,,,323,,,,377,,,,,,,,,,,,,,,,,,,,,,,257,,,58,,,158,,,,,,,,,265,,,,59,,,,219,,,,,,,,,,,,,,,,,,,,,,,,,,,,,,,,,616,,,,,,,,,,,,,,,,,,,,,,,,,,,,576,,,,,,139,,,,
2026-07-24T03:30:01+00:00,194,,,,,57,,,,,,205,,323,,,,,,,,,,434,,,,,,,,1264,22,103,,,,,,,,146,,,,39,,,,,,,,,,,20,55,,,,,,107,,,,,50,,,,,303,,,,214,379,,,,,,,198,,,,,447,,,588,,,,503,296,209,,,,369,,,,,,,112,328,339,704,,10,,,,,,,,,,,,,,,,,296,,,,,544,,,,,,226,,,,,,,,,,,,,,,,,,,,,,,,,,992,420,,,,,,1235,,,469,,200,,,348,,,,,16,,,,,,,,,,,,,,,,,,,110,,,,,,,,,,,,,,,,,,,,296,,,,,,518,,,,,,,,,,,,,150,,,,,,,,,,,,,,,,,539,286,,,,,,,71,,,,,,,,,,,,,,,303,,407,662,,,547,,,,,,,1375,,,,,,,,,,,,,,,,,,,,,,,,,,,,,,,,,,,,,,,,,,,,,,,,,,,,,,,,362,,,,,,71,180,518,,,,362,227,,,,,17,96,,,,,300,,277,,,,875,,,,,,,,,,,,,,,,,,,,,,,,,,,,,,,,,,,,,,,,,,,,,,,,135,,,,,,,,,,,,,,204,,,,,,,,,,,,,,,,,,,,,,,,300,,,,,,,,,,,,,,,,,,,,,,,,,,,,,,,,,,,,,,,,,450,,,,,,,,,,330,,188,,,,,,,,,,,,,575,,,,,,135,,,,
2026-07-24T03:45:02+00:00,,,,154,,,,253,,,,203,,,,,,,,,,,,432,,,,,,,,1268,,,,,,,,,,,,118,,,,,,,,,385,,,,19,56,15,72,,,,101,,,,,,,,,,302,,,,,378,,,,,,,,,409,192,,443,,240,,,,,,293,,,,,,,,801,,,287,,321,,700,,,,,,,,,,,,,,,,,,,,,,,,543,,,,,,227,,,,,,,,,,,,,,,,,,,,464,577,428,,,,993,404,629,,,,,1231,375,184,459,,198,,248,,187,,,215,17,,,,,,,,,,177,,,,,,,,,108,,,,,129,,,,,,,,,,,,,,,298,,,,,,517,,,,,,,,,,,,,149,,,,,,,,,,,,,,,,,,270,,272,224,,,399,,,,,,,,,,,,,,,,,,403,654,332,,545,,,,,,,1348,,,,,,,,,,,,,,,,,,,,,,,,,,,,,,,,,,,,,,,,,,,,,,,,,,,,,,,,355,,,,,,72,178,,404,,,359,,,202,,,,95,169,,,,294,,274,,,,837,,,,,,,72,,,,,,,,,,,,,,,,,,,,,,,,,,,,794,,,,702,,,,,,,,,134,,,,,,,,,,,,,,203,,,,147,,,,,,,,,295,164,,,,,,,,,,,58,,,,218,,,,,,,,,,,,,,,,,,,,,,,,,,,,,,,,,,,,451,,,,,,,,330,96,,,186,66,,,,,,,,,,,,573,124,,,,,,,,,
2026-07-24T04:00:01+00:00,189,,,,,,,,,,,205,,,,,136,,,,,,,424,,,,,,,,1273,24,,,,,,,,144,,,,,38,,,,,104,,383,,,,,55,,70,,,,96,129,,,,48,,,,,298,,,,,374,,,,,,,,,406,,,,,239,586,,,,,288,208,,,287,364,533,,,,785,,109,317,338,693,,,,,,,,,,526,,,388,,,,,,,,,,,540,,,,,,226,,,,,,,,,,,,,,,,,,,297,,578,,,,,989,384,627,293,403,,,1230,,182,453,,197,,,,186,,,,16,,903,,,,,,,,176,,,,,,,,,107,,,,,,,,,,,,,,,,,,,,297,,,,,,514,,,,,,,,,,,,,150,,,,,,,,,,,,,,,,,540,263,,,223,420,,398,,13,,,,,,,,,,,,,,299,343,400,648,330,,543,129,,,438,,,1333,,,,,,,,,,,,,,,,,,,,,,,,,,,,,,,,,,,,,,,,,,,,,,,,,,,,,,,,353,139,,,,,70,172,514,403,,,351,224,,201,,,,,164,,,,272,,271,199,,131,780,,,,,,,,,,,,,,,,,,,,,,,,,,,,,,,,,,,792,,,,701,,,,,,,,,131,,,,,,,,,,,116,,,,,,,,,256,,,118,,,,294,160,,,,,,,,,,301,,374,,191,,,,,,,,,,,,,,,,,,,,,,,,,,,,,,,,,,612,142,,,,352,,,,,368,329,,,,187,,,,,,,,,,,,,574,,,,,,,,,,
2026-07-24T04:05:01+00:00,190,,,,,,,,,,,,,322,,,,,,,,,449,421,380,,,,,,50,1280,25,,65,,,,,,,150,,117,,37,,,,,,,381,,,,,57,13,69,,,,98,128,,227,,,18,,,,,,,,220,,,,,,,,,,,,,,,,,,,,,,,,,,,,,,,,,,,,,,,,,,,,,,,,,,,,,,,,,,,,,,,,,,,,,,,,,,,,,,,,,,,,,295,,,429,,,,988,376,,,,,,,,180,446,,195,,247,,,,,,16,,,,,,,,,,,,,,,,,,,106,,,,,,,,,,,,,,,,,,,,298,,,,,,515,,,,,,,,,,,,,,,,,,,,,,,,,,,,,,539,261,,,,419,,397,,,,,,,,,,,,,,,,300,,399,,,,542,,,,,91,,1331,,,,,,,,,,,,,,,,,,,,,,,,,,,,,,,,,,,,,,,,,,,,,,,,,,,,,,,,352,137,47,,115,147,,169,,,,,347,221,,200,,,,,,,,,262,,269,198,,,773,,,,,,,,,,,,,,,,,,,,,,,,,,,,,,,,,,,793,,,,702,,,,,,,,,130,114,,,,,,,,,,115,309,,199,,,,,,,,,,,,,,,,,,,,,,,,,,,,,,,,,,,,,,,,,,,,,,,,,,,,,,,,,,,,,,610,,,450,,351,,,,,318,,,,,,,,,,,,,,,,,,,,,,,,65,,,,
2026-07-24T04:10:02+00:00,,,,,,,,,,,,,,,,,,,,,,,,418,,,,,,,,1277,,,,,,,,,,,,,,,,,,,,,,,,,,56,,70,,,,97,127,,,,,,,,,,,,,219,,,,,,,,,,,,,,,,,,,,,,,,,,,,,,,,,,,,,,,,,,,,,,,,,,,,,,,,,,,,,,,,,,,,,,,,,,,,,,,,,,,,,,462,,430,,,,,369,,,,,,,,,,,,,,,,,,,16,,904,,,,,,,,,,,,,,,,,105,,,,,,,,,,,,,,,,,,,,297,,,,,,514,,,,,,,,,,,,,,,,,,,,,,,,,,,,,,,,,,,,,,,,,,,,,,,,,,,,,,,398,645,,401,,130,,,,,,1327,,,,,,,,,,,,,,,,,,,,,,,,,,,,,,,,,,,,,,,,,,,,,,,,,,,,,,,,,,,,,145,,164,,,,,345,220,,,,,,,,283,,,259,,,,,,772,,,,112,,416,,1139,,2365,,,218,,,,,,,,,,,,,,,,,,,,,,,,,,,,,,,,376,,,,,,,,,,,,,,116,,,198,,,210,146,734,,,,,164,,,,,,,,,,,,,,,,,,,,,,,,,,,,,,,,,,,,,,,,,,,,,,,,,,,,608,,,449,,350,,,,,,,,,,,,,,,,,,,,,,,,,,,,,,,,,
2026-07-24T04:15:01+00:00,,,,,,,,,,,,206,,323,,,,,,,,,448,417,378,,,,,,,1281,,,,,,,,,145,,,116,,,,,,,105,,,,,,20,54,,,,,,94,,,,,,,,,,295,,,,218,367,,281,201,135,,,,,,,319,438,,,585,76,301,,,287,,,,,363,532,,800,84,784,286,104,315,,688,,,,80,,,845,200,,523,,,389,,,,,,,,,,,539,,,,,,224,,,,,,,,,,,,,,,,,,,,458,,,,,,,363,,,,,,1229,376,179,441,,194,,248,,,,,216,15,,,,,,,,,,,,,,,,,,,102,,,,,,,,,,,,,,,,,,,,298,,,,,,512,,,,,,,,,,,,,147,,,,,,,,,,,,,,,,,,,,,,,,,,,,,,,,,,,,,,,,,342,395,643,328,,543,,,,437,90,,1325,,,,,,,,,,,,,,,,,,,,,,,,,,,,,,,,,,,,,,,,,,,,,,,,,,,,,,,,348,,45,,,,69,163,513,404,,,341,218,,199,,,16,,,,,,256,170,,,113,132,768,,,49,,,,,,,,,,,,,,,,,,,,,,,,,,,,,,,,,,,,,,,,,,,,,,,,,,,,,,,,,,,,,,,,,,190,694,,163,63,,,153,,146,,,180,288,,,,,57,372,,,,,,,,,,,,,,,,,,,,,,,,,,,,,,,,,,,,,,,,,,,,,,,,,,,185,,,,,,,,,,,,,,,,,,,,,,,
2026-07-24T04:20:02+00:00,,,,,,,,255,,,,270,,,,,,,,,,,,415,,,,,,,,1279,,101,,,,,,,,151,,,,,,,,,,,379,,,,19,,,71,,,,98,126,,,87,47,19,,,,,,,,,,,,,,,,,,,,,,,,,,,,,,,,,,,,,,,,,,,,,,,,,,,,,,,,,,,,,,,,,,,,,,,,,,,,,,,,,,,,,,,,,,,,,,460,577,,,,,,358,,292,,,,,,,,,,,,,,,,215,16,,903,,,,,,,,175,,165,,,,,,,103,,,,,,,,,,,,,,,,,,,,,,,,,,511,,,,,,,,164,,,,,146,,,,,,,,,,,,,,,,,,,,,,,,,,,,,,,,,,,,,,,,,340,391,638,327,400,541,,,,438,,,1320,,,,,,,,,,,,,,,,,,,,,,,,,,,,,,,,,,,,,,,,,,,,,,,,,,,,,,,,347,136,,,,144,,162,512,405,,,340,,,198,,,,,,,,,251,,,190,114,,759,33,,,,315,,,1137,,2362,,,201,,,,,,,,,,,,,,,,,,,,,,788,,,,,,,,,,375,,,,,,,,,,,,,296,113,,,194,271,,,147,,,191,,,,,,,,,,,,,,,,,,,,,,,,,,,,,,,,,,,,,,,,,,,,,,,,,,,,,,,607,,,448,,349,,,,,,,,,,,,,,,,,,,,,,,,,,,,194,,,,,
2026-07-24T04:25:02+00:00,191,,,,,58,,,,,,,,321,,,,,,,,,,,,,,,,,,1280,,100,,,,,,,146,150,,,,,,,,,,,378,,,,,,12,73,,,,,125,,226,,,,,,,294,,,,215,365,,,,134,,,,,405,,,434,283,,582,,,,502,282,,115,,285,,529,,,,,285,103,308,336,679,,9,,81,,,836,,280,520,,,,,,,,,,,,,,535,,,,,,223,,,,,,,,,,,,,,,,,,,292,459,,,,,,986,354,,,,,,1227,378,178,431,,191,180,,349,,,,,17,,,,,,,,,,174,,,,,,,,,101,,,,,128,,,,,,,,,,,,,,,296,,,,,,510,,28,,,,,,,,,,,147,,,,,,,,,,,,,,,,,,,,,,,,,,,,,,,,,,,,,,,,,339,387,635,326,,,,,,,91,,1316,,,,,,,,,,,,,,,,,,,,,,,,,,,,,,,,,,,,,,,,,,,,,,,,,,,,,,,,346,135,,,,,,161,,,,,,,,,,,,,,,,,,,,,113,133,756,,,,108,316,,70,1136,,2361,,,200,,,,,,,,,,,,,,,,,,,,,,787,,,,,,,,,,,,,,113,,,,,,,,,295,111,308,,192,,,208,,732,255,,,,161,,,,,,,,,,,,,,,,,,,,,,,,,,,,,,,,,,,,,,,,,,,,,,,,,,,,606,,,,,348,,,,,,,,329,,184,,,,,,,,,,,,,,,,,,,64,,,,
2026-07-24T04:30:01+00:00,,,,153,,,,,,,,,,317,,,,,,,,,,411,,,,,,,,1277,,97,,,,,,,,,,,,,,,,,,,375,,,,,,11,69,,,15,101,124,,,,46,18,,,,293,,,,216,,,,,,,,,,,,,,,,,,,,,,,,,,,,,,,,,,,,,,,,,,,,,,,,,,,,,,,,,,,,,,,,,,,,,,,,,,,,,,,,,,,,,291,,,429,,,,,350,,,402,,,,,,,,,,,,,,,218,16,,904,,,,,,,,,,,,,,,,,95,,,,,127,,,,,,,,,,,,,,,297,,,,,,509,,27,117,,,,,,,,,,,,,,,,,,,,,,,,,,,,,,,,,,,,,,,,,,,,,,,,,,299,337,,,325,398,540,,,,437,90,,1311,,,,,,,,,,,,,,,,,,,,,,,,,,,,,,,,,,,,,,,,,,,,,,,,,,,,,,,,338,136,,,,,,151,511,,,,,,,,21,,14,,,,,,249,169,268,189,112,135,751,,143,,,,,,,,,,,,,,,,,,,,,,,,,,,,,,,,,,,,,,,,,,,,,,,,,,,,,,,,,,,,,,,,146,730,254,,,,160,,,,151,,147,,,179,287,264,,,,56,370,,,,,,,,,,,,,,,,,,,,,,,,,,,,,,,,,,,,,,,447,,,,,,,,,,330,,183,,,,,,,,100,,,,,573,125,,,,,,,,,
2026-07-24T04:35:01+00:00,,,,,,,,,,,,269,,313,,,,,,,,,,408,,,,,,,49,1278,,,,,,,,,145,,,,,,,,,,,,374,,,,,53,10,,,,,100,,,,86,47,19,,,,294,,,,214,,,,,,,,,,,193,,429,,,,75,,,,284,,,,283,359,525,,798,83,783,289,,307,329,675,,,452,,,,831,201,,517,,,,,,,,,,,,,,532,,,,,,222,,,,,,,,,,,,,,,,,,,,457,,,,,,985,346,,,,,398,1218,376,176,424,,,179,247,,,146,,217,17,159,,,,,,,,,172,,,,,,,,,93,,,,,,,,,,,,,,,,,,,,299,,,,,,508,,,,,,,,,,,,,,,,,,,,,,,,,,,,,,537,,184,,222,417,,396,69,,,,,,,,,,,,,,,,335,385,,,399,539,,,,436,,,1303,,,,,,,,,,,,,,,,,,,,,,,,,,,,,,,,,,,,,,,,,,,,,,,,,,,,,,,,335,,,,,,68,,510,,,,338,,,,,,,,,,,34,,,267,187,111,136,746,,,,,,,,,,,,,,,,,,,,,,,,,,,,,,,,,,,785,,,,,,,,,,373,,,129,,,,,,,,,,,108,,,,270,,,145,,255,,,119,155,,,,,,,,,,,,,,,,,,,,,,,,,,,,,,,,,,,,,,,,,,,,,,,,,,,,,,,446,,347,,94,,,,,,,,,,,,,,252,,,,,,,572,,,,,,,,,,
2026-07-24T04:40:02+00:00,190,,,,,56,,,,,,,,311,,,,,,,,,,403,,,,,,,,,,96,,,,,,,146,,,115,,,,,,,104,,367,,,,20,55,13,67,,,,,122,,,,,,,,,293,,,,215,,,,,,,,,,,,,,,,,,,,,,,,,,,,,,,,,,,,,,,,,,,,,,,,,,,,,,,,,,,,,,,,,,,,,,,,,,,,,,,,,,,,,290,459,578,428,,,,984,345,,,,,,,,,,,,,,,,145,,216,17,158,,,,,,,,,,,,,,,,,,90,,,,,,,,,,,,,,,,,,,,298,,,,,,507,,,,,,,,,,,,,145,,,,,,,,,,,,,,,,,536,262,181,,221,418,,,,,,,,,,,,,,,,,,296,,382,634,,398,538,129,,229,433,,,1290,,,,,,,,,,,,,,,,,,,,,,,,,,,,,,,,,,,,,,,,,,,,,,,,,,,,,,,,,,,,,,,143,507,404,,,336,217,47,195,,,12,,,,,,248,,266,181,,,735,,,50,102,314,415,,1134,326,2360,,202,,,,,,,,,,,,,,,,,,,,,,,778,,,,700,,322,,,,374,,,,,,,,,,,,,,,306,,190,,,207,144,,253,,695,,,,,,,,,,,,,,,,,,,,,,,,,,,,,,,,,,,,,,,,,,,,,,,,,,,,,,,,,447,,345,,95,,,,330,,,,181,65,,,,,,,,,,,,,,,,,,62,,,,
2026-07-24T04:45:02+00:00,188,,,,,55,,,,,,268,,308,,,,,,,,,,400,,,,,,,50,1276,,95,64,,,,,,145,,,,,35,,,,,,,363,,,,,54,,65,,,,,120,,227,,,,,,,,,,,216,366,229,,199,,182,,,,404,192,318,423,,,580,,,,501,282,,114,,282,358,522,,797,,780,,100,304,327,665,,,,80,,,,,,,,,,,,,,,297,,,,,529,,,,,,,,,,,,,,,,,,,,,,,,,289,457,576,427,,,,,344,,,,,,1214,380,174,416,144,187,178,,,185,,,218,17,,,,,,,,,,171,,,,,,,,,86,,,,,126,,,,,,,,,,,,,,,300,,,,,,506,,,,,,,,163,,,,,,,,,,,,,,,,,,,,,,,264,,,219,,,395,70,,,,,,,,,,,,,,,,333,379,633,,396,,125,,228,431,,,1280,,,,,,,,,,,,,,,,,,,,,,,,,,,,,,,,,,,,,,,,,,,,,,,,,,,,,,,,332,,,126,,,,141,506,403,,,332,216,,,,,,96,161,,,,251,168,,175,113,137,725,,,,98,316,413,,1128,325,2359,,201,,,,,,,,,,,,,,,,,,,,,,,,,,,,,,,,,,,,,,,,,,,,,,,,,,,,,,143,,,,,,,,,,,,,,,,,,,,,,,,,,,,,,,,,,,,,,,,,,,,,,,,,,,,,,,,,,,,,448,,,,,,,,329,,,,180,,,,,474,,,,,,,,,,,,,,,,,,
2026-07-24T04:50:02+00:00,187,,,,,58,,,,,,,,307,,,,,,,,,447,395,377,,,97,,,,1272,,94,,,,,,,,,,114,,34,,,,,,,360,45,,,,,12,68,,,,101,114,,,,,,,,,288,,,,,,,,,,,,,,,,,,,,,,,,,,,,,,,,,,,,,,,,,,,,,,,,,,,,,,,,,,,,,,,,,,,,,,,,,,,,,,,,,,,,,,,,,,458,,426,,,,978,343,,,,,,,,,,,,,,,,143,,,17,,,,,,,,,,,,,,,,,,,87,,,,,,,,,,,,,,,,,,,,298,,,,,,498,,25,116,,,,,162,,,,,142,,,,,,,,,,,,,,,,,533,260,180,,,,,,,12,,,,,,,,,,,,,,,,378,630,324,395,536,,,,427,,,1265,,,,,,,,,,,,,,,,,,,,,,,,,,,,,,,,,,,,,,,,,,,,,,,,,,,,,,,,331,,46,125,,,67,139,504,404,,,323,215,48,194,,,,95,,282,,,246,167,265,170,114,,722,,,,,,,69,,,,,,,,,,,,,,,,,,,,,,,,,,,,773,,,,698,,317,247,,288,373,,,128,,,,,,,78,,,291,106,305,,185,269,,200,142,731,251,,693,,153,62,159,,,,,,,,285,,,,,,369,,189,,,,,,,,,,,,,,,,,,,,,,,,,,,,,,,,,,,141,,449,,,,,,,,328,,,,178,,,,,,,,,,,,,,,,,,193,,,,,
2026-07-24T04:55:01+00:00,186,,,,,57,,256,,,,267,,,,,,,,,,,446,391,,,,,,,,,,,,,,,,,,,,,,,,,,,,,,,,,,,,,,,,,,,,,,,,,,,,,,,,,,,,,,,,,,,,,,,,,,,,,,,,,,,,,,,,,,,,,,,,,,,,,,,,,,,,,,,,,,,,,,,,,,,,,,,,,,,,,,,,,,,,,,,,,,,,,,,,,,,,,,,,,,,,,,,,,,,,,,,,,,,,,,,,,,,,,,,,,,,,,,,,,,,,,,,,,,,,,,,,,,,,,,,,,,,,,,,,,,,,,,,,,,,,,,,,,,,,,,,,,,,,,,,,,,375,628,321,390,534,123,,227,424,91,,1251,,,,,,,,,,,,,,,,,,,,,,,,,,,,,,,,,,,,,,,,,,,,,,,,,,,,,,,,,,,,,,,,,,,,,,,,,,,,,,,,,,,,,,,,,,,,,,,,,,,,,,,,,,,,,,,,,,,,,,,,,771,,,,695,,,246,,,,,,127,,,,,,,,,,288,105,,,181,,,,,,,,,,,,,,,,,,,,,,,,,,,,,,,,,,,,,,,,,,,,,,,,,,,,,,,,,,,,,,,,,,,,,,,,,,,,,,,,,,,,,,,,,,,,,,,,,,,,
2026-07-24T04:55:02+00:00,,,,,,,,,,,,,,,,,,,,,,,,,,,,,,,,1268,,93,65,,,,,,144,,,113,,33,,,,,105,,359,44,,,,53,11,64,,187,,102,,,,,46,,,,,,,,,217,363,,280,,131,,,,,403,,314,412,282,240,577,74,,,495,279,,,,277,361,517,,796,,,288,99,300,323,652,,,451,,,,827,198,280,516,,,388,,,,,,296,,,,,524,,,,,,220,,,,,,,,,,,,,,,,,,,286,455,,424,,,,977,342,,,401,,400,1208,387,173,410,,185,176,,,,142,,220,17,,,,,,,,,,,,,,,,,,,,,,,,124,,,,,,,,,,,,,,,,,,,,,492,,27,,,,,,,,,,,141,,,,,,,,,,,,,,,,,530,259,178,271,218,417,,392,71,,,,,,,,,,,,,,,,,,,,,,,,,,,,,,,,,,,,,,,,,,,,,,,,,,,,,,,,,,,,,,,,,,,,,,,,,,,,,,,,,,,,329,,,,,142,,137,503,402,,,315,216,,,,,,,,,,,243,166,266,169,113,,711,,,,,,,,,,,,,,,,,,,,,,,,,,,,,,,,,,,,,,,,,,,,,,,,,,,,,,,,,,,,,,,,,,,,252,,692,,152,,,,,,,,,,,,,,,,,,,,,,,,,,,,,,,,,,,,,,,,,,,,,,,,,,,,605,142,,,,344,,,566,,317,,,,,177,,,,,472,,,,69,,,,,,,551,,,,,,,
2026-07-24T05:00:01+00:00,187,,,,,56,,,,,,,,,,,,,,,,,,388,,,,,,,49,,,,,,,,,,142,149,,,,,,,,,104,,356,,,,,52,,,,185,,101,,,226,,,,,,,279,,,,216,,,,,,,,,,,,,,,,,,,,,,,,,,,,,,,,,,,,,,,,,,,,,,,,,,,,,,,,,,,,,,,,,,,,,,,,,,,,,,,,,,,,,284,450,,428,,,,973,,,,400,,,,,,,,,,,,,140,,221,17,157,,,,,,,,,,,,,,,,,,91,,,,,123,,,,,,,,,,,,,,,296,,,,,,487,,26,,,,,,,,,,,,,,,,,,,,,,,,,,,,529,255,,270,,,,,70,11,,,,,,,,,,,,,,295,326,371,626,,384,533,,,226,423,,,1232,,,,,,,,,,,,,,,,,,,,,,,,,,,,,,,,,,,,,,,,,,,,,,,,,,,,,,,,325,,44,,,137,66,132,502,,,,308,212,,193,,,11,96,,,193,,231,165,,166,114,136,697,,,,88,315,410,,1125,327,2356,,198,,,,,,,,,,,,,,,,,,,,,,,,,,,,,,,,,,,,,,,,,,,,,,,,,,,,,,,730,251,190,687,,151,,,,,,,,,,,,,,,,,,,,,,,,,,,,,,,,,,,,,,,,,,,,,,,,,,,,604,,,450,79,343,,96,,204,316,329,,329,,,,85,,,,,,,,,,,571,,,550,,,,,,,
2026-07-24T05:05:02+00:00,184,268,,,625,,,,301,346,,265,,306,,,135,,,,,,445,381,,,,,,,,1263,,90,,,,,,1,141,,,115,,31,,,,,103,,353,,,,,51,10,65,,,,,112,,225,,,,,,,,,,147,214,357,,,197,,,,,,,191,309,406,,239,571,,,,488,276,,,,271,356,515,,,,781,284,88,293,320,635,,,,78,,,821,,,,,,,,,,,,,,,,,519,,,,,,216,,,,,,,,,,,,,,,,,,,280,446,,425,,,,971,,,291,,,399,1203,390,170,401,143,181,174,,348,181,141,,226,17,,,,,,,,,,,,,,,,,,,90,,,,,,,,,,,,,,,,,,,,290,,,,,,486,,25,115,,,,,,,,,,140,,,,,,,,,,,,,,,,,528,249,177,268,217,416,,391,68,,,,,,,,,,,,,,,,325,369,622,319,379,531,,,225,421,89,,1217,,,,,,,,,,,,,,,,,,,,,,,,,,,,,,,,,,,,,,,,,,,,,,,,,,,,,,,,321,,,,,135,,133,,401,,,302,209,,191,,,10,95,160,,,,227,,,157,112,,681,32,142,48,,,,,,,,,,,,,,,,,,,,,,,,,,,,,,,,769,,216,,694,,313,245,,,370,,,125,116,,,,,,,,,286,,302,,173,265,251,197,140,729,250,189,682,,149,61,,,138,,,,,177,284,,,,,55,366,,188,,,,,,,,,,,,,,,,,,,,,,,,,,,,,,,,,,603,,,447,,341,,95,,,,,,328,,179,,,,197,471,,,,,,,,,,,,,192,61,,,,
2026-07-24T05:10:02+00:00,183,,,,620,,,257,,347,,260,,305,,,,,,,,,,379,376,,,,,,,1262,,87,64,,,,,0,140,,,113,,32,,,,,,,,,,,,50,,64,,,,100,109,,226,,45,,,,,276,,,144,212,352,,279,196,130,,,197,,,190,,399,281,,568,,299,,486,273,207,,,269,355,511,,,,775,281,86,290,319,630,,,452,,60,209,809,197,,,,,,,,,,,295,,,,,,,,,,,214,,,,,,,,,,,,,,,,,,,279,440,577,,67,,,965,,,290,398,,,,,,,,,,,,,139,,227,17,158,,,,,,,,,,,,,,,,,,88,,,,,122,,,,,,,,,,,,,,,289,,,,,,480,,24,113,,,,,159,,,,,137,,,,,59,,,,,72,,,,,,,529,244,,267,,424,,389,,,,,,,,,,,,,,,,,323,368,620,311,374,527,121,,224,422,90,,1204,,,,,,,,,,,,,,,,,,,,,,,,,,,,,,,,,,,,,,,,,,,,,,,,,,,,,,,,318,,45,124,114,134,67,,501,399,,,301,205,,,,,,,159,,,33,218,164,,147,110,,661,,,47,84,313,408,70,1122,326,2352,,,197,,,,,,,,,,,,,,,,,,,,,,,,,,,,,,,,,,,,,,,,,,,,,,,,,,,,,,727,251,,674,,146,,,,,,,,,,,,,,,,,,,,,,,,,,,,,,,,,,,,,,,,,,,,,,,,,,,,602,,,446,,,,,,,,328,97,,,178,,,,,,,,,,,,,570,,,,,188,,,,368,
2026-07-24T05:15:02+00:00,,267,,,,58,,256,299,348,,255,,304,,,134,,,,,,,376,375,,,98,,,,1266,,86,,,,,,,,,,,,,,,,,,,352,45,,,,51,9,63,,,,,105,,,,,,,,,,,,145,,,,,,,,,,,,,,,,,,,,,,,,,,,,,,,,,,,,,,,,,,,,,,,,,,,,,,,,,,,,,,,,,,,,,,,,,,,,,,,,,,,,,,278,443,575,,,,,960,341,,291,395,,402,1188,388,169,397,144,179,173,,,180,,,228,17,157,,,,,,,,,170,,,,,,,,,89,,,,,120,,,,,,,,,,,,,,,292,,,,,,475,,,111,,,,,157,,,,,,,,,,,,,,,,,,,,,176,525,238,175,264,215,422,,,66,,,,,,,,,,,,,,,293,321,365,617,308,368,522,120,,223,,88,,1194,,,,,,,,,,,,,,,,,,,,,,,,,,,,,,,,,,,,,,,,,,,,,,,,,,,,,,,,314,134,,,,132,66,131,498,,,,296,202,,189,,,,96,158,278,,32,201,163,264,140,109,,645,33,,,71,310,406,,1121,,2348,117,,196,,,,,,,,,,,,,,,,,,,,,,764,,,,692,,312,,,,,,,,117,,,,,,,,,,106,298,,170,263,246,195,141,726,250,188,671,,143,,,,,,,,,,,,,,,,,,,,,,,,,,,,,,,,,,,,,,,,,,,,,,,,,,,,601,141,,445,,340,,94,,203,315,327,,327,,,,,,,470,,,,,,,,569,,,,,184,,,,,
2026-07-24T05:20:01+00:00,182,266,,,,,,255,,,,,,302,,,,,,,,,444,375,376,,,,,,50,1270,26,85,65,,,,,,,,,,,,,,,,,,347,,,,21,52,7,,,,,97,103,86,225,87,,,,,,,,,,211,351,228,,,127,,,,,,189,,392,274,240,567,,300,,478,274,204,,,263,349,508,,686,,772,279,87,284,318,619,,,450,75,59,,800,,,515,,,387,,,,,,293,,,,,516,,,,,,216,,,,,,,,,,,,,,,,,,,277,,572,421,,,,957,,624,292,393,,,,,,,,,,,,,137,,,17,,903,,,,,,,,169,,,,,,,,,,,,,,,,,,,,,,,,,,,,,,,,,,,476,,23,,,,,,155,,,,,,,,,,,,,,,,,,,,,,523,233,171,,213,,,386,,,,,,,,,,,,,,,,292,319,,609,305,367,521,121,,220,420,89,,1177,,,,328,,123,,,,,,,,42,,,,100,56,25,,,,449,,,,,142,,,340,,,,,,,,,,,,10,,,,,,,,,,,,310,,44,,112,130,64,128,495,,,,289,201,,,,,,95,157,,195,,194,,262,130,107,,620,,,45,,,,69,,,,,,,,,,,,,,,,,,,,,,,,,,,,761,,,,691,,310,,,,368,,,,,,,,,,,,,282,104,292,,168,262,,194,140,724,,186,663,,139,60,157,293,127,,,,,175,,263,238,,299,54,360,,184,220,,,,,,,,,,,,,,,,,,,,,,,,,,,,,,,,,,,,444,,336,,95,565,202,314,,,,,177,,,,,469,251,,,,,,,568,,,,,182,,,,,
2026-07-24T05:25:01+00:00,180,264,56,,618,,,,,,,252,,,,,133,,,,,164,,372,378,,,,,,,,25,,63,,,,,,138,,,112,,,,,,,102,,,,,,20,51,,60,,186,,,,,226,,,,,,,273,,,,,,,,,,,,,,,,,,,,,,,,,,,,,,,,,,,,,,,,,,,,,,,,,,,,,,,,,,,,,,,,,,,,,,,,,,,,,,,,,,,,,,,,,276,438,568,420,,,,951,,623,291,391,,403,1152,386,167,395,143,,169,245,,177,136,,231,17,,904,,,,,,,,,,,,,,,,,87,,,,,,,,,,,,,,,,,,,,290,,,,,,473,,22,,,,,,,,,,,136,,,,,,,,,,,,,,,,175,516,230,170,261,212,,,385,64,,,,,,,,,,,,,,,295,316,,605,303,363,516,118,,218,419,86,,1157,,,,329,,124,,,,,,,,,,,130,99,,,,,,,,,,,,,,339,,,,,,,,,,,,,,,,,,,,,,,,301,132,43,,,129,,125,496,397,,42,281,197,,186,,,,93,155,275,,31,179,161,258,120,105,137,597,32,141,44,,,,,,,,,,,,,,,,,,,,,,,,,,,,,,,,,,215,,,,,,,,,,,121,118,,,,,,79,,,279,107,,,166,,239,,,,249,185,657,,136,,,,,,,,,,,,,,,,,,,,,,,,,,,,,,,,,,,,,,,,,,,,,,,,,,,,600,,,445,,,,93,,201,313,324,96,326,,,,,,196,468,,,,,,,,569,,,549,,181,62,,,368,
2026-07-24T05:30:01+00:00,179,258,,,,57,,253,,347,,248,,301,,,,,,,,,443,363,,,,99,,,,1268,,86,,,,,,,137,,,,,,,,,,104,,346,44,,,,52,,,,,16,96,102,,,,44,,,,,272,,,,,350,,,194,126,,,,,402,,307,386,272,239,565,,301,,474,269,,,,261,343,506,,683,,770,,86,276,313,595,,,449,74,60,,796,195,279,516,,,,,,,,,292,,,,,511,,,,,,,,,,,,,,,,,,,,,,,,,277,437,566,419,,,,,,622,,,,,,,,,,,,,,,,,,,,,,,,,,,,,,,,,,,,,,,,,,,,,,,,,,,,,,,,,282,,,,,,471,,19,,137,,,,152,,,,,132,,,,,,,,,,,,,,,,,,,,,,,,,,,,,,,,,,,,,,,,291,314,360,590,298,353,,,,217,414,78,,1138,,,,,,,,,,,,,,,,,,,,,,,,,,,,,,,,,,,,,,,,,,,,,,,,,,,,,,,,,,,,,,,,,,,,,,,,,,,,,,,,,,,,,,,,,,,,,,,,,,,,,,,,,,,,,,,,,,,,,,,,,757,,214,,690,,307,243,,287,,,,118,,,,,,,,,,277,108,288,,163,260,236,192,,,,,,,,,,,,,,,,,,,,,,,,,,,,,,,,,,,,,,,,,,,,,,,,,,,,,,,,,,,599,,,443,80,334,,,,199,,323,,325,,175,,,,195,465,249,,,,,,,,124,,,,,,,,,
2026-07-24T05:30:02+00:00,,,,,,,,,,,,,,,,,,,,,,,,,,,,,,,,,,,,,,,,,,,,,,,,,,,,,,,,,,,,,,,,,,,,,,,,,,,,,,,,,,,,,,,,,,,,,,,,,,,,,,,,,,,,,,,,,,,,,,,,,,,,,,,,,,,,,,,,,,,,,,,,,,,,,,,,,,,,,,,,,,,,,,,,,,,,,,,,,,,,,,,,,,,132,,238,17,156,,,,,,,,,167,,,,,,,,,85,,,,,119,,,,,,,,,,,,,,,,,,,,,,,,,,,,,,,,,,,,,,,,,,,,,,,,,,,514,227,,262,209,,,387,66,10,,,,,,,,,,,,,,,,,,,,,,,,,,,,,,,330,,,,,,,,,,,,,,98,,,,,,450,,,,,,,,,,,,,,,,,,,,9,,,,,,,,,,,,,129,,,110,128,,124,493,396,,,278,195,,185,,,8,,154,,,29,177,160,257,116,,,575,,140,43,68,300,401,70,1119,325,2343,,193,194,,,,,,,,,,,,,,,,,,,,,,,,,,,,,,,,,,,,,,,,,,,,,,,,,,,,,,722,248,184,652,,130,,,,,,,,,,,,,,,,,,,,,,,,,,,,,,,,,,,,,,,,,,,,,,,,,,,,,,,,,,,,,,,,,,,,,,,,,,,,,,,,,,,,,,,,,,
2026-07-24T05:35:02+00:00,178,254,,,611,54,71,,,346,,247,,300,,,,,,,,,441,360,376,,,,,,49,1266,26,,,,,,,,138,148,,110,,,,,,,105,,343,42,,,19,,8,59,,185,,97,100,,227,86,,,,,,269,,,143,209,,,,,,,,,,399,188,306,382,,,562,73,,,473,270,202,,,258,341,,176,682,81,768,,,268,311,,,,448,,59,,794,192,,,,,386,,,,,,294,,,,,509,,,,,,,,,,,,,,,,,,,,,,,,,276,434,564,415,,,,949,,619,289,389,,405,1098,377,,391,,177,167,244,,174,131,,242,17,155,,,,,,,,,164,,166,,,,,,,84,,,,,118,,,,,,52,,,,,,,,,279,,,,,,467,,16,,,,,,149,,,,,130,,,,,,,,,,,,,,,,173,511,215,,257,208,421,,,,,,,,,,,,,,,,,,,310,357,586,292,348,507,117,,213,412,75,,1132,,,,332,,125,,,,,,,,41,,,131,95,55,,,,,,,,,,,,,337,,,,,,,,,,,,8,,,,,,,,,,,,295,,,,109,126,63,117,490,395,,,273,194,,182,,,,91,153,272,193,24,157,156,252,105,103,,551,,,42,,,,,,,,,,,,,,,,,,,,,,,,,,,,,,,,752,,212,,,,302,241,,,369,,,,,,,,,,78,,,269,107,279,,157,258,219,189,139,719,246,183,643,,128,,,294,123,,,,,168,280,,,,297,53,352,,180,218,,,,,,,,,,,,,,,,,,,,,,,,,,,,,,,,,597,,,441,79,332,,92,,198,312,324,,324,,,,84,,,463,250,,,,,,,,,,,,,,,,366,
2026-07-24T05:40:02+00:00,173,248,,,609,50,,,298,345,,249,,298,,,,,,,,163,440,355,375,,,,,,,1270,,,62,195,,,,,137,,,109,,,,,,,,,341,43,,,21,51,,,,,,,99,,,,,,124,,,267,,,,,351,227,276,195,,,,,,,,,,,,,,,,,,,,,,,,,,,,,,,,,,,,,,,,,,,,,,,,,,,,,,,,,,,,,,,,,,,,,,,,,,,,,,,,,275,428,562,409,,,,943,339,618,,386,,,,,,,,,,,,,127,,241,17,153,,,,,,,,,160,,,,,,,,,85,,,,,115,,,,,,51,,,,,,,,,,,,,,,464,,15,,,,,,146,,,,,129,,,,,58,,,,,,,,,,,,508,211,168,,,420,,385,68,,,,,,,,,,,,,,,288,307,355,576,287,342,501,115,,209,411,73,,1123,,,,334,,,,,,,,,,,,,130,,54,,,,,,,,,,143,,,339,,,,,,,,,,,,7,,,,,,,,,,,,297,127,,,,,,,487,394,,,272,193,,,20,,,,,270,,,151,155,249,103,104,135,545,33,,41,60,290,393,,1112,322,2334,118,,192,,,,,,,,,,,,,,,,,,,,,,,,,,,,297,,,286,,,,119,,,,,,,,,,,,276,,,,,188,138,717,245,181,636,,127,,,,,,,,,,,,,,,,,,,,,,,,,,,,,,,,,,,,,,,,,,,,,,,,,,,,596,,,438,,329,,93,564,,311,322,,326,,174,64,,,,462,249,,,,,,,568,,,545,,,,,,365,
2026-07-24T05:45:02+00:00,,244,,152,606,47,,,,341,,252,,297,,,132,,,,,,439,346,376,,,100,,,,1265,,83,61,,,,,,,145,,,,,,,,,,,339,,,,22,50,,62,,,,98,,,,88,43,,,,,265,,,141,211,,,,,,,,,,398,187,302,378,270,238,557,75,,,471,267,,113,,233,339,504,,681,82,765,276,87,258,303,568,,,444,68,57,208,780,190,,517,,,,,,,,,292,,,,,505,,,,,190,209,,,,,,,,,,,,,,,,,,,271,424,555,404,,,,938,,619,287,381,,410,987,369,166,389,142,176,159,242,347,175,126,,240,17,,900,,,,,,,,159,,,,,,,,,87,,,,,,,,,,,50,,,,,,,,,281,,,,,,458,,12,108,,,,,143,,,,,128,,,,,,,,,,,,,,,,,499,201,167,,204,418,,378,67,,,,,,,,,,,,,,,284,308,353,567,284,333,498,113,,202,410,66,,1118,,,,333,,124,,,,,,,,,,,132,93,53,,,,,,,,,,142,,,,,,,,,,,,,,,5,,,,,,,,,,,,291,,41,123,108,,65,110,,,,,271,192,47,181,,,,92,,269,,23,142,154,245,96,103,134,528,,141,,,,,,,,,,,,,,,,,,,,,,,,,,,,,,,,,749,,210,,,,,240,,,368,,,,117,,,,,,77,,,268,105,,,150,257,216,,,712,,180,632,,126,,,,,,,,,,,,,,,,,,,,,,,,,,,,,,,,,,,,,,,,,,,,,,,,,,,,595,,,436,78,328,,,,,310,320,97,325,,,63,,,194,460,,,,,,,,567,,,544,,180,,,,,
2026-07-24T05:50:01+00:00,172,241,,,598,46,,,,340,,,,293,,,,,,,,162,438,341,379,,,,,,48,1262,,82,,198,,,,,138,147,,108,,,,,,,,,335,,,,26,49,,,,,,99,96,,,84,,,,,,260,,,140,212,353,224,273,192,,,,,,,,,,,,,,,,,,,,,,,,,,,,,,,,,,,,,,,,,,,,,,,,,,,,,,,,,,,,,,,,,,,,,,,,,,,,,,,,,270,416,554,392,68,,,934,,617,285,,,,,,,,,,,,,,122,,239,17,148,898,,,,,,,,,,,,,,,,,86,,,,,114,,,,,,,,,,,,,,,276,,,,,,452,,9,106,,,,,139,,,,,127,,,,,,,,,,,,,,,,,498,198,166,254,,417,,,,,,,,,,,,,,,,,,282,294,349,558,281,326,485,111,,197,408,58,,1104,,,,334,,,,,,,,,,,,,130,94,52,24,,,,,,,,,141,,,341,,,,,,,,,,,,,,,,,,,,,,,,293,126,39,,107,125,66,103,486,392,,,265,189,,,,,,88,,268,,19,130,152,244,92,102,,509,,140,39,52,285,388,69,1103,317,2331,,189,189,,,,,,,,,,,,,,,,,,,,,,743,,208,,688,,292,233,,285,369,,,120,116,,,,,,,,,264,104,275,,143,252,212,187,137,707,,177,625,120,125,,154,,115,129,,,,165,281,,235,,295,52,349,,173,,,,,,,,,,,,,,,,,,,,,,,,,,,,,,,,,,590,,,434,,325,,,562,,311,318,96,,,173,,83,,,458,248,,,,,,,565,,,536,,178,61,,,,
2026-07-24T05:55:01+00:00,171,239,,,594,45,,,297,341,,247,,,,,131,,,,,161,434,327,380,,,,,,,1260,25,78,60,,,,,,137,,,107,,,,,,,,,336,44,,,,50,7,63,,186,,98,92,,,,42,18,,,,261,,,138,210,,,,,,,,,,396,180,297,372,265,240,555,74,300,222,467,,201,112,119,225,335,500,175,677,81,761,273,89,249,297,532,,,440,,55,207,771,186,,518,,,,,,,,,,,,,,501,,,,,,207,,,,,,,,,,,,,,,,,,,,405,552,386,66,,,927,,615,282,377,,408,919,356,,381,130,,154,240,341,167,,,241,17,143,896,,,,,,,,,,,,,,,,,84,,,,,111,,,,,,,,,,,,,,,272,,,,,,449,,8,105,,,,,136,,,,,,,,,,,,,,,,,,,,,172,491,188,163,251,199,415,,374,65,9,,,,,,,,,,,,,,280,289,344,550,275,317,479,,,190,398,52,,1097,,,,,,125,,,,,,,,,,,134,93,,25,,,,,,,,,140,,,,,,,,,,,,,,,6,,,,,,,,,,,,,,38,,,,65,97,,394,,,258,,,180,,,,86,,267,,18,129,151,,86,101,133,502,,,,,,,68,,,,,,,,,,,,,,,,,,,,,,,,,,,,740,,200,,687,,286,227,,283,370,,,116,115,,,,,,74,,,254,,265,,138,248,206,179,,706,,171,620,,127,,,,,,,,,,,,,,,,,,,,,,,,,,,,,,,,,,,,,,,,,,,,,,,,,,,,588,,,433,79,324,,,561,197,309,317,,,,171,,,,191,455,,,,,,,,564,,,535,,175,,,,,
2026-07-24T06:00:01+00:00,,235,,,590,,,252,296,340,,246,,,,,,,,,,160,432,323,378,,,,,,,1257,,75,61,199,,,,,,146,,106,,31,,,,,104,,334,,,,27,47,,60,,,,,86,,,,,,123,,,257,,,,211,359,221,271,188,120,180,,,,,,,,,,,,,,,,,,,,,,,,,,,,,,,,,,,53,206,769,185,,517,,,,,,,,,,,,,,,,,,,189,204,,,,,,,,,,,,,,,,,,,269,402,549,375,65,,,922,,611,279,374,,,,,,,,,,,,,118,,245,17,136,895,,,,,,,,158,,164,,,,,,,81,,,,,112,,,,,,49,,,,,,,,,263,,,,,,438,,,104,,,,,131,,,,,,,,,,,,,,,,,,,,,171,483,183,162,250,195,413,,372,64,,,,,,,,,,,,,,,275,282,339,542,274,311,462,,,186,390,50,,1090,,,,331,,,,,,,,,,,,,132,,53,26,,,,,,,,,139,,,340,,,,,,,,,,,,5,,,,,,,,,,,,287,125,,122,105,122,64,93,483,392,,,253,186,,178,,,7,83,151,264,192,16,123,147,240,84,95,132,484,,,37,44,265,373,,1095,312,2323,,186,185,,,,,,,,,,,,,,,,,,,,,,,,,,,,,,,,,,,,,,,,,,,,,,,,,,,,,135,703,244,170,611,121,129,,,,,,,,,,,,,,,,,,,,,,,,,,,,,,,,,,,,,,,,,,,,,,,,,,,,585,,,432,76,320,,94,560,193,308,,,324,,170,65,85,,,456,,,,,,,,561,123,,532,,174,,,,363,
2026-07-24T06:05:02+00:00,166,233,,,,42,,250,295,339,,241,,290,,,,,,,,,430,317,376,376,,101,,,,1256,24,,,200,,,,,132,145,,,,,,,,,,,333,,,,28,48,,61,,,17,99,81,,,,,,,,,,,,,212,,,,,,,,,,395,179,290,366,261,237,556,,299,,459,263,195,113,,215,328,494,173,675,80,757,267,91,240,288,485,,,438,65,,,,,,,,,,,,,,,,,,,,,,,,,,,,,,,,,,,,,,,,,,,,,264,403,548,367,64,,,917,337,609,277,373,,407,886,344,163,377,129,171,148,232,337,161,116,,,17,134,894,,,,,,,,157,,,,,,,,,76,,,,,110,,,,,,,,,,,,,,,260,,,,,,430,,5,102,,,,,128,,,,,125,,,,,,,,,,,,,,,,,477,176,161,247,196,412,,366,,,,,,,,,,,,,,,,273,271,336,535,272,300,455,108,,185,389,44,,1088,,,,,,124,,,,,,,,,,,133,92,,24,,,,,,,,,138,,,339,,,,,,,,,,,,7,,,,,,,,,,,,286,,37,121,104,120,,91,480,390,,,248,183,,175,,,,81,149,260,190,,119,,237,82,92,,477,,,36,,,,69,,,,,,,,,,,,,,,,,,,,,,,,,,,,730,76,189,,685,,280,225,479,281,367,,,,114,,,,,,73,,,245,101,257,,129,245,182,177,134,700,245,168,604,,126,,,,,,,,,,,,,,,,,,,,,,,,,,,,,,,,,,,,,,,,,,,,,,,,,,,,583,,,430,,,,,,,306,316,,,,168,,,,190,452,,,,,,,,560,,,526,,172,60,,,364,
2026-07-24T06:10:01+00:00,,232,,,588,41,,,293,,,239,,288,,,,,,,,159,429,315,379,,,,,,,,,76,,199,,,,,,143,,,,,,,,,,,332,,,,,,6,,,,,101,79,,,83,41,19,,,,249,,,139,210,356,217,269,175,116,178,,,,394,175,,365,259,,553,73,298,,453,261,,,,208,326,493,,671,,748,263,,233,286,478,,,437,63,51,205,752,177,277,,,,384,,,,,,,,,,,495,,,,,188,200,,,,,,,,,,,,,,,,,,,273,396,547,361,62,,,912,335,605,276,368,,,,,,,,,,,,,115,,244,17,131,895,,,,,,,,156,,,,,,,,,,,,,,109,,,,,,,,,,,,,,,254,,,,,,426,,1,,,,,,122,,,,,,,,,,,,,,,,,,,,,,475,171,157,243,194,410,,367,,,,,,,,,,,,,,,,,268,330,527,269,299,448,107,,183,386,,,1084,,,,334,,123,,,,,,,,40,,,134,,,,,,,,,,,,137,,,342,,,,,,,,,,,,4,,,,,,,,,,,,,124,,,102,119,,89,477,,,,242,,,174,,,,,148,258,189,,113,144,235,79,90,130,471,,,35,36,248,355,,1086,304,2314,119,180,175,,,,,,,,,,,,,,,,,,,,,,723,,,,,,277,223,476,,363,,,,,,,,,,,,,242,,250,,124,239,177,179,133,699,,,602,102,119,59,153,293,107,122,148,,,162,282,254,,,290,51,337,,166,206,,,,,,,,,,,,,,,,,,,,,,,,,,,,,,,,,579,,,427,,319,,93,559,192,300,315,,322,,166,,86,,189,451,,,,,,,,559,122,,522,,170,59,,,,
2026-07-24T06:15:01+00:00,165,228,,,584,39,,249,292,340,,240,,287,,,,,,,,,,311,,,,,,,,,25,73,,,,,,,133,,,104,,,,,,,,,,,,,30,49,,,,,16,99,76,,,,,,122,,,245,,,140,209,,,,,,,,,,,,,,,,,,,,,,,,,,,,,,,,,,,,,,,,,,,,,,,,,,,,,,,,,,,,,,,,,,,,,,,,,,,,,,,,,,,,,,389,548,351,61,,,908,,,275,364,,403,873,339,162,376,128,168,147,,334,158,112,,247,17,,894,,,,,,,,155,,,,,,,,,107,,,,,,,,,,,,,,,,,,,,250,,,,,,425,,2,99,,,,,116,,,,,,,,,,57,,,,,,,,,,,,472,174,150,,191,409,,365,,,,,,,,,,,,,,,,271,264,327,526,268,293,445,106,,182,382,41,,1081,,,,337,,,,,,,,,,,,,132,91,54,,,,,,,,,,,,,341,,,,,,,,,,,,5,,,,,,,,,,,,284,,36,120,100,117,62,88,474,,,,237,186,44,172,,,5,80,146,,,15,111,143,233,77,92,129,457,,,34,,,,68,,,,,,,,,,,,,,,,,,,,,,,,,,,,,,,,,,,,,,,,,,,,,,,,,,,,,,,,,,,130,701,,165,594,,120,,,,,,,,,,,,,,,,,,,,,,,,,,,,,,,,,,,,,,,,,,,,,,,,,,,,577,,112,423,77,317,,,,190,299,316,,323,,,64,,,187,452,,,,,,,,556,,,515,,169,,,,358,
2026-07-24T06:20:01+00:00,163,,,,577,41,,,291,338,,235,,283,,,,,,,,158,428,304,378,373,,102,,,47,1255,,70,60,200,,,,,,142,,103,,,,,,,,,334,,,,31,,4,63,,,,98,75,,,,40,,,,,,,,,210,355,213,265,173,118,174,,,,391,168,287,361,248,,546,71,,,446,,188,,,198,325,483,,667,,745,257,89,224,283,446,,,436,62,50,,745,175,,,,,383,,,,,,289,,,,,486,,,,,187,194,,,,,,,,,,,,,,,,,,,269,383,542,346,59,,,906,334,606,271,355,,,,,,,,,,,,,105,,242,17,,890,,,,,,,,156,,,,,,,,,,,,,,107,,,,,,48,,,,,,,,39,247,,,,,,415,,3,100,,,,,114,,,,,124,,,,,58,,,,,,,,,,,,468,175,149,,192,,,363,,,,,,,,,,,,,,,,273,263,325,523,267,284,443,102,,177,,38,,1077,,,,338,,121,,,,,,,,,,,133,,53,22,,,,,,,,,,,,339,,,,,,,,,,,,4,,,,,,,,,,,,281,123,,118,,116,61,86,471,,,,236,188,,,,,6,83,145,257,188,12,108,145,232,,89,125,445,,,31,37,242,348,,1082,303,2307,,174,167,,,,,,,,,,,,,,,,,,,,,,719,,188,,684,,276,220,474,279,360,,,115,113,,,,,,74,,,237,100,248,,123,234,174,178,128,702,244,169,595,103,111,,,,,,,,,,,,,,,,,,,,,,,,,,,,,,,,,,,,,,,,,,,,,,,,,,,,572,,,424,76,314,,,,189,296,315,95,321,,162,65,,,185,451,,,,,,,,555,,,,,170,58,,,,
2026-07-24T06:25:02+00:00,162,227,,,571,40,,246,290,337,,236,,279,,,129,,,,,,427,301,,371,,,,,,1258,,68,,199,,,,,132,139,,104,,,,,,,106,,331,45,,,32,47,5,62,,,18,97,71,,,,,,123,,,244,,,141,211,,,,,,,,,,387,167,284,359,245,236,537,70,,,435,256,186,112,,190,321,473,171,665,,763,249,87,215,278,425,,,430,59,,,,,,,,,,,,,,,,,,,,,,,,,,,,,,,,,,,,,,,,,,,,,268,380,547,337,,,,905,,603,270,351,283,404,859,332,161,362,117,166,,233,329,150,102,,247,17,128,887,,,,,,,,153,,163,,,,,,,103,,,,,106,,,,,,,,,,,,,,,243,,,,,,412,,4,101,,,,,,,,,,,,,,,57,,,,,71,,,,,,,463,161,148,242,185,408,,361,65,8,,,,,,,,,,,,,,266,258,321,513,266,279,436,,,171,381,37,,1074,,,,,,123,,,,,,,,,,,132,87,54,21,,,,449,,,,,136,,,337,,,,,,,,,,,,3,,,,,,,,,,,,,120,,117,98,115,60,77,465,391,,,233,187,41,171,,,,,,254,186,11,104,142,230,76,84,,437,,,,28,235,333,67,1072,298,2303,117,175,155,,,,,,,,,,,,,,,,,,,,,,715,74,184,,680,,270,,469,,358,,,113,112,,,,,,73,,,230,96,236,,114,227,167,177,,698,241,165,589,,110,58,147,294,100,121,145,51,,156,283,247,234,,288,50,334,,156,199,,,,,,,,,,,,,,,,,,,,,,,,,,,,,,,,,567,140,,425,74,313,302,,560,186,294,,94,322,,,,,,184,449,247,,,,,,,553,,,508,,169,60,,,358,
2026-07-24T06:30:02+00:00,,224,,,567,42,,243,,331,,235,,274,,,,,,,,,,296,381,,,,,,46,,23,66,,,,,,,131,143,,103,,,,,,,,,,,,,,,4,59,,185,19,96,66,,,,39,,,,,242,,,143,215,352,206,262,171,115,175,,,,,,,,,,,,,,,,,,,,,,,,,,,,,,,,,,,,204,733,173,276,,,,384,,,,,,283,,,,,478,,,,,188,189,,,,,,,,,,,,,,,,,,,,373,546,326,,,,896,333,598,268,347,,,,,,,,,,,,,101,,243,17,122,885,,,,,,,,,,162,,,,,,,101,,,,,105,,,,,,,,,,,,,,37,232,,,,,,406,,3,100,136,,,,110,,,,,123,,,,,58,,,,,70,,,,,,,460,,,,,407,,359,,,,,,,,,,,,,,,,265,249,316,502,263,276,433,,,167,371,36,,1072,,,,335,,122,,,,,,,,,,,131,88,52,,,,,450,,,,,135,,,333,,,,,,,,,,,,4,,,,,,,,,,,,277,,,115,,,,72,463,393,,,232,181,42,170,,,,82,,252,,6,103,144,228,74,82,,432,,,,,234,,,1067,293,2300,116,173,165,,,,,,,,,,,,,,,,,,,,,,,,,,,,,,,,,,,,,,,,,,,,,,,,,,,,,125,690,,163,585,105,107,,,,,,,,,,,,,,,,,,,,,,,,,,,,,,,,,,,,,,,,,,,,,,,,,,,,564,141,,421,,311,,94,559,183,288,313,96,321,,161,,85,,182,447,,,,,,,,,,,509,,166,,,,,
2026-07-24T06:35:01+00:00,160,,,151,554,44,,242,287,332,,,,269,,,,,,,,,426,293,383,,,,,,45,1261,,64,59,,,,,,129,144,,,,,,,,,,,330,44,,,,49,,58,,184,,,62,,,82,38,,,,,241,,,,217,,,,,,,,,,383,163,278,351,240,234,530,68,294,221,427,253,183,111,,183,316,472,170,662,79,755,237,90,205,268,378,,,427,55,,,,,,,,,,,,,,,,,,,,,,,,,,,,,,,,,,,,,,,,,,,,,269,369,542,324,56,,,886,,595,266,342,281,403,840,321,156,353,103,164,146,229,325,135,94,,244,17,114,882,,,,,,,,149,,161,,,,,,,97,,,,,103,,,,,,47,,,,,,,,,227,,,,,,402,,6,99,135,,,,109,,,,,,,,,,,,,,,,,,,,,,454,156,147,239,181,404,,360,67,7,,,,,,,,,,,,,,262,,306,496,260,266,428,,,164,369,,,1068,,,,336,,,,,,,,,,,,,130,89,49,,,,,,,,,,134,,,331,,,,,,,,,,,,,,,,,,,,,,,,,119,,114,,114,,69,459,392,,,228,179,43,168,,,7,80,143,250,185,5,101,142,,70,78,,424,,139,25,,,,,,,,,,,,,,,,,,,,,,,,,,,,,,,,707,,180,,,,264,218,463,276,356,,,110,110,,,,,,72,,,227,97,226,150,102,212,,175,,,,,,,,,,,,,,,,,,,,,,,,,,,,,,,,,,,,,,,,,,,,,,,,,,,,,,,,,,,561,142,111,,75,303,,,,181,285,312,97,322,,,64,84,,181,446,246,,,,,,,551,,,,,163,59,,,356,
2026-07-24T06:35:02+00:00,,,,,,,,,,,,,,,,,,,,,,,,,,,,,,,,,,,,,,,,,,,,,,,,,,,,,,,,,,,,,,,,,,,,,,,,,,,,,,,,,,,,,,,,,,,,,,,,,,,,,,,,,,,,,,,,,,,,,,,,,,,,,,,,,,,,,,,,,,,,,,,,,,,,,,,,,,,,,,,,,,,,,,,,,,,,,,,,,,,,,,,,,,,,,,,,,,,,,,,,,,,,,,,,,,,,,,,,,,,,,,,,,,,,,,,,,,,,,,,,,,,,,,,,,,,,,,,,,,,,,,,,,,,,,,,,,,,,,,,,,,,,,,,,,,,,,,,,,,,,,,,,,,,,,,,,,,,,,,,,,,,,,,,,,,,,,,,,,,,,,,,,,,,,,,,,,,,,,,,,,,,,,,,,,,,,,,,,,,,,,,,,,,,,,,,,,,,,,,,,,,,,,,,,,,,,,,,,,,,,,,,,,,,,,,,,,,,,,,,,,,,,,,,,,,,,,124,686,239,162,574,104,101,,,,,,,,,,,,,,,,,,,,,,,,,,,,,,,,,,,,,,,,,,,,,,,,,,,,,,,,,,,,,,,,,,,,,,,,,,,,,,,,,,,,,,,,,,
2026-07-24T06:40:02+00:00,158,,,,550,42,,239,285,330,,,,268,,,,,,,,,425,289,,,,,,,,1258,,65,,200,,,,,130,142,,,,,,,,,,,,,,,33,47,,60,,183,20,,64,,,,,,,,,,,,144,218,355,205,259,169,112,176,,,,382,159,,345,237,233,524,,293,,423,,182,,,181,314,468,,659,,,236,89,203,263,370,,,425,52,46,205,719,,274,518,,,385,,,,,,282,,,,,470,,,,,,182,,,,,,,,,,,,,,,,,,,263,364,545,320,,,,877,332,589,265,332,,,,,,,,,,,,,90,,243,17,110,875,,,,,,,,,,,,,,,,,94,,,,,,,,,,,,,,,,,,,,226,,,,,,406,,5,,,,,,,,,,,122,,,,,,,,,,,,,,,,,452,157,146,238,178,403,,357,66,,,,,,,,,,,,,,,258,247,304,491,257,260,427,,,159,,37,,1067,,,,,,,,,,,,,,,,,129,88,48,20,,,,449,,,,,,,,,,,,,,,,,,,,,,,,,,,,,,,,273,118,37,,96,,59,66,452,388,,,221,177,,166,,,,78,,247,183,2,100,140,227,69,76,123,418,,,,,228,319,,1057,285,2298,111,169,138,,,,,,,,,,,,,,,,,,,,,,705,73,,,678,,262,216,462,275,353,,,109,109,,,,,,71,,,222,95,218,149,96,199,165,171,,685,240,159,575,,96,59,143,285,96,117,,49,,152,281,236,233,,284,49,321,,152,195,,,,,,,,,,,,,,,,,,,,,,,,,,,,,,,,,553,140,,416,74,291,301,95,558,178,284,313,,321,,160,,,,180,447,245,,,,,,,,,,508,,164,,,,354,
2026-07-24T06:45:02+00:00,159,223,,,547,39,,237,283,328,,232,,264,,,127,,,,,156,424,286,,372,,103,,,44,1256,,66,60,,,,,6,126,,,102,,,,,,,105,,329,,,,,,,57,,182,,97,62,,,83,,,,,,239,,,145,219,,,,,,,,,,,,,,,,,,,,,,,,,,,,,,,,,,,,,,,,,,,,,,,,,,,,,,,,,,,,,,,,,,,,,,,,,,,,,,,,,,,,,260,360,542,313,55,,,866,,586,,329,278,400,817,304,154,344,76,163,145,225,321,134,84,,242,17,108,867,,,,,,,,148,,,,,,,,,90,,,,,102,,,,,,48,,,,,,,,,220,,,,,,401,,4,98,,,,,107,,,,,120,,,,,,,,,,68,,,,,,172,443,153,143,235,179,402,,,63,6,,,,,,,,,,,,,,253,238,299,484,254,252,418,103,,158,367,36,,1065,,,,,,121,,,,,,,,,,,130,,,,,,,450,,,,,,,,330,,,,,,,,,,,,,,,,,,,,,,,,,117,39,,,,,59,448,387,,,219,173,42,165,,,,,141,,182,3,,139,226,,72,120,417,32,138,24,23,226,313,66,1059,277,2293,107,171,134,,,,,,,,,,,,,,,,,,,,,,,,,,,,,,,,,,,,,,,,,,,,,,,,,,,,,123,681,,153,566,,91,,,,,,,,,,,,,,,,,,,,,,,,,,,,,,,,,,,,,,,,,,,,,,,,,,,,542,141,109,413,,288,,,556,173,280,312,96,320,,157,,81,,178,,,,,,,,,550,,,507,,162,58,,,353,
2026-07-24T06:50:01+00:00,163,221,,149,544,37,,,284,324,,228,,261,,,,,,,,,425,279,,367,,106,,,42,903,24,,,201,,,,,,144,,101,,30,,,,,104,,328,43,,,31,,,55,,,21,,60,,,84,,,,,,,,,146,,362,202,253,159,110,177,,196,,380,157,274,342,236,229,522,67,,,421,,,112,,179,,463,,655,,751,226,87,202,258,354,,,423,,,,,,,,,,,,,,,,279,,,,,467,,,,,185,,,,,,,,,,,,,,,,,,,,257,356,,302,56,,,860,,581,263,327,,,,,,,,,,,,,81,,241,17,103,864,,,,,,,,147,,159,,,,,,,89,,,,,101,,,,,,,,,,,,,,36,210,,,,,,391,,7,97,134,,,,97,,,,,118,,,,,,,,,,69,,,,,,,439,147,140,,171,400,,353,61,5,,,,,,,,,,,,,,246,230,300,479,253,250,414,,,157,365,30,,1062,,,,337,,119,,,,,,,,,,,,,,,,,,,,,,,,,,326,,,,,,,,,,,,,,,,,,,,,,,,274,116,38,113,95,,,58,444,383,,,218,171,43,164,,,,77,140,243,,0,99,135,223,66,71,115,414,,,,,,,,,,,,,,,,,,,,,,,,,,,,,,,,,,,701,,174,,680,,259,211,459,,352,,,107,110,,,,,,70,,,215,94,215,148,95,194,161,168,,673,,151,557,103,85,,,,,,,,,,,,,,,,,,,,,,,,,,,,,,,,,,,,,,,,,,,,,,,,,,,,538,,,,73,281,300,94,557,170,277,311,98,323,,154,,82,,,444,246,,,,,,,545,,,502,,,,,,,
2026-07-24T06:55:02+00:00,164,216,57,,,36,,232,282,320,,229,,259,,,126,,,,,,423,275,,,,,,,38,902,25,65,59,202,,,,,125,,,100,,29,,,,,,,327,42,,,30,46,,,,,22,94,61,,,85,39,,122,,,235,,,147,217,356,195,252,152,107,170,,195,,378,151,264,336,230,225,513,64,292,220,408,251,179,,,170,310,454,169,652,78,737,219,88,199,256,340,,,421,45,39,202,702,170,275,521,59,,382,,,,,,268,,,,,460,,,,,,175,,,,,,,,,,,,,,,,,,,255,353,,301,55,,,854,,572,265,326,277,390,789,291,152,338,40,,,221,305,126,74,,235,17,96,858,,,,,,,,140,,,,,,,,,90,,,,,97,,,,,,47,,,,,,,,,214,,,,,,379,,,96,,,,,89,,,,,,,,,,,,,,,,,,,,,,432,139,,231,168,398,,354,59,,,,,,,,,,,,,,,240,227,293,475,252,251,411,,,148,358,31,,1058,,,,336,,,,,,,,,,,,,129,,43,,,,,449,,,,,133,,,323,,,,,,,,,,,,,,,,,,,,,,,,271,,39,112,92,,58,51,441,376,,,220,168,,163,,,,,139,,181,1,98,131,212,,68,112,412,31,139,22,21,227,298,,1041,260,2287,,167,,,,,,,,,,,,,,,,,,,,,,,690,72,166,,677,,255,206,446,,351,,,105,109,,,,,,66,,,210,,208,,88,188,160,167,122,671,237,149,549,101,80,55,138,278,85,114,144,48,,140,273,232,230,,281,46,314,,147,183,,,,,,,,,,,,,,,,,,,,,,,,,,,,,,,,,532,,108,410,72,279,,,554,165,274,309,97,,,153,,81,,,437,,,,,,,,541,121,,500,,159,57,,,,
2026-07-24T07:00:01+00:00,,213,,148,540,41,,231,279,315,,,,258,,,,,,,,,422,270,381,363,,,,,,898,22,66,60,,,,,,123,,,99,,30,,,,,103,,326,,,,31,44,,53,,,,91,58,85,,84,,,,,,233,,,,219,,,,,,,,,,,,,,,,,,,,,,,,,,,,,,,,,,,,,,,,,,,,,,,,,,,,,,,,,,,,,,,,,,,,,,,,,,,,,,,,,,,,,256,352,539,289,,,,846,330,561,262,319,,,,,,,,,,,,,68,,231,17,88,852,,,,,,,,,,158,,,,,,,,,,,,96,,,,,,,,,,,,,,,203,,,,,,378,,8,97,,,,,83,,,,,,,,,,,,,,,,,,,,,,,137,,230,169,396,,352,,,,,,,,,,,,,,,,242,225,287,470,251,249,404,,,141,356,27,,1057,,,,,,120,,,,,,,,,,,189,108,25,18,,,,,,,,,132,,,318,,,,,,,,,,,,,,,,,,,,,,,,267,115,,,91,,,49,437,373,,,217,,45,,,,,78,,242,180,0,,128,211,65,,110,404,,,21,18,226,295,,1043,249,,,166,106,,,,,,,,,,,,,,,,,,,,,,,,,,,,,,,,,,,,,,,,,,,,,,,,,,,,,119,656,236,146,537,,74,,,,,,,,,,,,,,,,,,,,,,,,,,,,,,,,,,,,,,,,,,,,,,,,,,,,531,140,109,,70,273,299,,553,,275,,,,,152,,80,,176,435,245,,,,,,,542,,,496,,157,,,,352,
2026-07-24T07:05:01+00:00,162,211,,147,533,40,,230,276,,,225,,257,,,125,,,,,154,421,269,,359,,105,,,,897,,65,61,,,247,,,,142,,101,,,,,,,106,,325,41,,,30,45,3,54,,181,,92,56,,,,,,123,,,225,,,149,,,184,,,105,164,,,,,,265,330,228,221,510,63,290,,400,249,176,,,169,309,450,168,651,,,216,,197,252,335,,,,42,40,201,699,169,274,520,,,,,,,,,263,,,,,452,,,,,183,,,,,,,,,,,,,,,,,,,,254,349,538,282,53,,,839,331,553,260,315,275,389,783,282,151,333,30,161,143,218,299,,67,,229,17,82,847,,,,,,,,137,,,,,,,,,89,,,,,95,,,,,,48,,,,,,,,33,194,,,,,,375,,9,,,,,,84,,,,,,,,,,,,,,,,,,,,,,422,135,138,226,174,395,,347,57,,,,,,,,,,,,,,,237,211,286,468,249,250,401,,,135,,26,,1055,,,,337,,,,,,,,,,39,,,,107,,,,,,446,,,,,130,,,319,,,,,,,,,,,,,,,,,,,,,,,,,114,38,109,,,,46,431,369,,,219,169,46,162,,,,76,138,238,,2,96,125,205,66,64,105,402,30,140,,,218,282,65,1037,240,2285,104,,108,,,,,,,,,,,,,,,,,,,,,,687,,165,,676,,252,204,445,274,352,,,103,107,,,,,,,,,202,93,199,145,110,181,153,169,117,648,234,144,529,,72,,,,,,,,,,,,,,,,,,,,,,,,,,,,,,,,,,,,,,,,,,,,,,,,,,,,529,139,108,407,69,271,,,550,163,272,307,99,322,,150,62,,,171,434,246,,,,,,,539,,,492,,,59,,,350,
2026-07-24T07:10:02+00:00,160,212,,,528,41,,231,269,312,,223,,253,,,,,,,,150,,261,385,,,106,,,,895,,66,60,201,,246,,,121,,,102,,,,,,,,,327,,,,29,44,4,56,,180,,90,,,,85,,,124,,,221,,,150,221,,,,,,,,,,379,140,257,326,223,216,500,60,288,219,389,247,170,,,159,305,446,,644,76,723,215,89,195,248,323,,,419,41,,,,,,,,,,,,,,,,,,,,,,,,,,,,,,,,,,,,,,,,,,,,,253,346,534,275,54,,,830,,550,255,311,,,,,,,,,,,,,63,,228,17,79,837,,,,,,,,,,,,,,,,,90,,,,,94,,,,,,47,,,,,,,,31,191,,,,,,371,,,95,,,,,88,,,,,116,,,,,,,,,,,,,,,,,420,132,137,222,171,391,,349,56,,,,,,,,,,,,,,,,210,283,462,250,254,396,102,,130,357,24,,,,,,,,119,,,,,,,,,,,,,,17,,,,445,,,,,129,,,318,,,,,,,,,,,,,,,,,,,,,,,,264,113,,,,,,44,429,370,,,220,172,45,161,,,,,,240,,0,95,121,197,65,61,,398,,,20,15,220,275,,,233,,106,163,102,,,,,,,,,,,,,,,,,,,,,,684,71,161,,,,251,205,442,,353,,,102,106,,,,,,,,,200,,,,113,170,152,168,113,644,,142,,100,64,58,130,280,80,113,142,45,,123,265,218,226,,272,43,302,,148,178,,,,,,,,,,,,,,,,,,,,,,,,,,,,,,,,,525,,107,405,67,272,297,,548,161,269,305,98,,,149,63,79,,,429,245,,,,,,,,,,487,,,58,,,,
2026-07-24T07:15:01+00:00,,210,,,529,43,,,264,313,,220,,251,,,,,,,,149,419,258,,356,,,,,39,890,23,67,,202,,245,,,122,140,,,,,,,,,,,328,,,,30,45,,57,,,,,57,,226,,40,,,,,222,,,,223,355,165,246,144,104,159,,194,,,139,252,315,219,213,497,59,284,218,382,244,172,,,153,302,436,169,642,75,,203,,,246,317,,,,,39,197,689,166,270,517,,,377,,,,,,259,,,,,449,,,,,181,167,,,,,,,,,,,,,,,,,,,254,341,,268,,,,828,329,543,250,306,,390,769,277,150,331,28,162,141,215,289,115,60,,229,16,74,829,,,,,,,,138,,159,,,,,,,91,,,,,93,,,,,,45,,,,,,,,30,187,,,,,,378,,12,92,135,,,,81,,,,,114,,,,,,,,,,71,,,,,,171,416,130,138,220,167,384,,341,57,,,,,,,,,,,,,,,239,204,278,458,,252,390,,,132,358,,,1053,,,,335,,,,,,,,,,38,,,187,106,26,,,,,444,,,,,,,,319,,,,,,,,,,,,,,,,,,,,,,,,263,110,36,,89,,59,,430,371,,,217,173,,,,,,,136,238,178,1,,,192,64,56,,,,139,,,,,,,,,,,,,,,,,,,,,,,,,,,,,,,,,678,,157,,677,,249,204,440,,352,,,101,,,,,,,,,,201,,203,,108,162,155,,115,632,233,141,524,99,58,,,,,,,,,,,,,,,,,,,,,,,,,,,,,,,,,,,,,,,,,,,,,,,,,,,,522,140,,403,68,264,295,,546,157,268,,99,,,146,64,,,168,,,,,,,,,,120,,484,,168,59,,,348,
2026-07-24T07:20:02+00:00,159,,56,,524,41,,223,262,311,,,,246,,,,,,,,148,418,255,384,352,,105,,,40,,,65,,200,,244,,,,,,101,,,,,,,101,,,,,,32,44,3,56,,,,92,58,,227,,38,,123,,,214,,,153,224,,,,,,,,,,,,,,,,,,,,,,,,,,,,,,,,,,,,,,,,,,,,,,,,,,,,,,,,,,,,,,,,,,,,,,,,,,,,,,,,,,,,,,335,,263,53,,,820,330,534,248,297,,,,,,,,,,,,,53,,227,16,69,818,,,,,,,,136,,158,,,,,,,,,,,,,,,,,,43,,,,,,,,,181,,,,,,379,,,,,,,,,,,,,,,,,,,,,,,,,,,,,169,412,134,,218,,380,,339,,,,,,,,,,,,,,,,236,194,,453,,,388,,,130,,,,,,,,333,,,,,,,,,,,,,,104,22,,,,,441,,,,,,,,317,,,,,,,,,,,,5,,,,,,,,,,,,261,109,,110,88,113,,,429,366,,,216,169,,158,,,,77,,,,4,97,123,188,,49,101,397,,,16,13,214,263,64,1023,219,2274,103,,90,,,,,,,,,,,,,,,,,,,,,,668,,159,,678,,248,,431,,351,,,,104,,,,,,64,,,190,90,199,143,106,164,157,165,111,627,232,135,521,,56,,,,,,,,,,,,,,,,,,,,,,,,,,,,,,,,,,,,,,,,,,,,,,,,,,,,520,,,,67,259,293,95,,155,,304,,321,,145,63,78,,,427,244,,,,,,,,,,479,,166,,,,,
2026-07-24T07:25:02+00:00,156,209,,,521,42,,222,259,310,,216,,240,,,124,,,,,149,421,252,377,349,,,,,41,881,,64,,,,243,,,121,139,,102,,32,,,,,,,330,,,,33,43,,48,,,,90,55,84,229,84,35,,,,,216,1,,154,227,358,152,242,135,109,157,,,,380,140,248,309,,210,496,,,,380,,167,,,152,299,437,168,641,74,718,201,92,194,247,316,,,,40,42,194,681,165,268,515,,,370,,,,,,248,,,,,445,,,,,178,168,,,,,,,,,,,,,,,,,,,251,336,532,256,50,,,815,327,522,247,288,,392,742,273,148,,20,160,138,214,,111,50,,,15,59,801,,,,,,,,,,159,,,,,,,90,,,,,91,,,,,,42,,,,,,,,,188,,,,,,378,,11,91,,,,,79,,,,,,,,,,,,,,,70,,,,,,167,402,132,,217,166,378,,340,54,,,,,,,,,,,,,,,235,185,276,451,,250,,100,,129,349,23,,1052,,,,332,,117,,,,,,,,,,,,102,,18,,,,443,,,,,,,,,,,,,,,,,,,,,,,,,,,,,,,,254,108,35,107,86,114,58,,,364,,,219,170,44,156,,,,,135,235,177,5,,,184,65,46,99,396,,138,15,10,211,256,63,1013,215,2272,104,166,86,,,,,,,,,,,,,,,,,,,,,,665,,,,677,,245,206,429,272,,,,102,,,,,,,62,,,186,91,188,,103,152,,163,112,621,231,132,506,,51,,,,,,,,,,,,,,,,,,,,,,,,,,,,,,,,,,,,,,,,,,,,,,,,,,,,519,,106,400,,251,,94,,154,264,303,97,322,,144,66,77,,166,426,243,,,,,,,536,119,,477,,167,,,,348,
2026-07-24T07:30:01+00:00,155,208,,148,507,41,,217,258,307,,209,,239,,,123,,,,,148,,,375,344,,,,,38,874,22,61,,202,,239,,,,141,,,,,,,,,100,,,,,,34,,2,49,,,21,88,,,,,31,,,,,,,,,229,,,,,,,,,,,,,,,,,,,,,,,,,,,,,,,,,,,,,,,,,,,,,,,,,,,,,,,,,,,,,,,,,,,,,,,,,,,,,,,,,,,,,252,333,530,252,47,,,811,,510,243,283,,,,,,,,,,,,,46,,220,15,54,785,,,,,,,,131,,,,,,,,,87,,,,,89,,,,,,,,,,,,,,27,183,,,,,,371,,12,,,,,,75,,,,,113,,,,,59,,,,,,,,,,,166,396,130,,215,167,374,,339,52,,,,,,,,,,,,,,,229,179,,450,249,251,386,99,,131,348,22,,1051,,,,,,111,,,,,,,,,,,,103,21,,,,,,,,,,126,,,316,,,,,,,,,,,,,,,,,,,,,,,,249,,,104,,,,39,428,357,,,215,169,,154,19,,,,134,225,,4,95,121,181,64,44,98,395,,,14,,,,,,,,,,,,,,,,,,,,,,,,,,,,,,,,,,,,,,,,,,,,,,,,,,,,,,,,,,,,,,,109,610,229,129,507,,39,53,126,278,68,107,139,41,,114,260,207,224,,265,41,291,,145,174,,,,,,,,,,,,,,,,,,,,,,,,,,,,,,,,,,142,104,396,,246,289,,545,152,262,,98,,,142,,78,,,425,239,,,,,,,532,,,469,,168,60,,,,
2026-07-24T07:35:01+00:00,153,207,,,496,,,213,254,,,,,234,,,,,,,,147,,251,370,341,,100,,,,866,21,60,61,201,,237,,,120,142,,100,,,,,,,98,,329,,,,35,45,,48,,,20,90,57,,,85,30,,,,,212,0,,153,228,357,147,241,123,105,153,,,,377,133,241,299,217,,488,55,280,217,378,240,165,,120,149,290,429,,630,71,705,196,,189,242,293,,,418,38,,192,677,,265,512,,,371,,,,,,244,,,,,443,,,,,176,166,,,,,,,,,,,,,,,,,,,247,331,528,246,49,,,804,,497,244,273,274,395,726,268,147,,58,159,137,213,288,97,39,,215,16,57,772,,,,,,,,130,,158,,,,,,,,,,,,87,,,,,,41,,,,,,,,,182,,,,,,375,,9,90,,,,,68,,,,,111,,,,,58,,,,,,,,,,,,383,121,139,,163,370,,332,50,,,,,,,,,,,,,,,228,175,271,444,246,252,383,,,128,343,26,,1052,,,,330,,110,,,,,,,,39,,,193,,,14,,,,,,,,,123,,,315,,,,,,,,,,,,,,,,,,,,,,,,247,106,,102,84,,57,41,425,355,,,213,164,,153,18,,,,,218,172,,92,118,178,,43,99,396,,139,,9,204,244,62,993,165,2267,105,167,77,,,,,,,,,,,,,,,,,,,,,,654,69,149,,676,,240,203,409,273,350,,,,105,,,,,,56,,,183,89,185,141,95,139,,160,105,601,228,,500,,30,,,,,,,,,,,,,,,,,,,,,,,,,,,,,,,,,,,,,,,,,,,,,,,,,,,,517,,105,392,66,245,287,95,541,149,257,302,,,,143,68,79,,,424,238,,,,,,,527,,,468,,,,,,,
2026-07-24T07:40:01+00:00,151,208,,149,492,37,,199,252,305,,205,,232,,,124,,,,,146,418,246,371,336,,101,,,37,858,22,57,,203,,234,,,118,,,,,,,,,,99,,327,40,,,37,,,45,,,,86,56,,,,27,,124,,,215,,,,229,356,143,237,118,,151,,,,378,128,233,288,214,207,479,,278,,371,237,167,111,,147,282,411,,624,,698,189,95,184,241,275,,,419,34,,189,669,164,264,,58,,370,,,,,,237,,,,,446,,,,,172,168,,,,,,,,,,,,,,,,,,,,325,,,47,,,789,325,487,241,262,,,,,,,,,,,,,29,,,16,54,760,,,,,,,,128,,160,,,,,,,,,,,,86,,,,,,,,,,,,,,,174,,,,,,377,,8,92,,,,,65,,,,,110,,,,,57,,,,,,,,,,,,376,123,,,156,364,,322,,4,,,,,,,,,,,,,,229,161,270,437,244,244,382,,,,348,24,,1051,,,,327,,108,,,,,,,,,,,192,100,18,,,,,440,,,,,124,,,318,,,,,,,,,,,,,,,,,,,,,,,,250,104,,101,83,115,,37,422,343,,,,166,43,155,,,,78,135,210,168,3,91,117,173,63,39,91,389,,140,16,5,205,237,61,980,155,2265,106,168,70,,,,,,,,,,,,,,,,,,,,,,,,,,,,,,,,,,,,,,,,,,,,,,,,,,,,,106,587,225,121,493,,16,,,,,,,,,,,,,,,,,,,,,,,,,,,,,,,,,,,,,,,,,,,,,,,,,,,,518,,,384,64,236,286,94,540,150,256,300,97,320,,141,69,78,,,423,237,,,,,,,524,,,461,,,,,,,
2026-07-24T07:45:02+00:00,148,,,,484,35,,193,249,306,,200,,231,,,123,,,,,144,416,239,366,330,,100,,,,,24,59,,205,,233,,,,141,,,,31,,,,,96,,326,,,,36,,3,41,,,18,87,94,85,,,25,,123,,,217,1,,,226,,,,,,,,,,,,,,,,,,,,,,,,,,,,,,,,,,,,,,,,,,,,,,,,,,,,,,,,,,,,,,,,,,,,,,,,,,,,,,,,,,,,,249,330,529,241,46,,,781,,472,237,250,,396,728,252,,327,59,158,,212,283,100,25,,209,16,50,744,,,,,,,,129,,159,,,,,,,85,,,,,,,,,,,37,,,,,,,,25,166,,,,,,378,,7,93,,,,,61,,,,,,,,,,56,,,,,,,,,,,,364,121,,214,158,350,,324,49,,,,,,,,,,,,,,,,155,267,421,245,237,375,,,124,346,23,,,,,,326,,109,,,,,,,,,,,188,95,,11,,,,442,,,,,126,,,312,,,,,,,,,,,,4,,,,,,,,,,,,,103,,100,80,,56,34,,339,,,,163,41,156,,,,,136,205,165,1,88,119,171,,40,90,387,,,,2,204,220,60,972,145,2263,102,166,52,,,,,,,,,,,,,,,,,,,,,,647,71,145,,,,238,201,406,271,,,,104,,,,,,,,,,,90,184,139,89,125,155,,101,571,223,117,487,98,15,50,120,280,63,101,134,35,,101,254,196,220,,256,39,281,,142,158,,,,,,,,,,,,,,,,,,,,,,,,,,,,,,,,,517,,,,60,,284,95,539,146,251,299,96,,,,67,75,,167,,236,,,,,,,521,,,454,,165,,,,,
2026-07-24T07:50:02+00:00,144,207,55,,483,36,,187,244,304,,202,,225,,,,,,,,141,413,235,,324,,,,,,849,23,58,58,207,,227,,,117,142,,97,,,,,,,95,,325,,,,37,,,30,,179,,84,90,,230,83,,,,,,212,,,151,232,,131,226,113,103,149,,,,,,,,,,,,,,,,,,,,,,,,,,,,,,,,,,,38,184,660,163,262,510,,,367,,,,,,224,,,,,445,,,,,168,164,,,,,,,,,,,,,,,,,,,246,325,526,239,,,,775,323,467,236,242,,,,,,,,,,,,,22,,208,16,45,726,,,,,,,,126,,158,,,,,,,83,,,,,,,,,,,36,,,,,,,,,155,,,,,,374,,3,84,134,,,,51,,,,,107,,,,,55,,,,,71,,,,,,,356,,136,208,155,344,,323,48,,,,,,,,,,,,,,,,149,,415,246,233,369,98,,122,341,22,,,,,,323,,105,,,,,,,,38,,,185,94,15,,,,,,,,,,,,,,,,,,,,,,,,,,,,,,,,,,,,,254,102,,99,79,,,28,420,333,,,214,166,40,,,,,,135,197,163,0,86,115,,,39,,386,,,17,,,,,,,,,,,,,,,,,,,,,,,,,,,,,,,,643,,142,,677,,237,200,400,,,,,103,,,,,,,53,,,182,,176,135,81,109,153,157,100,554,221,108,477,,10,,,,,,,,,,,,,,,,,,,,,,,,,,,,,,,,,,,,,,,,,,,,,,,,,,,,516,,,379,61,234,281,,537,143,246,296,,318,,138,68,74,,169,424,235,,,,,,,519,,,448,,163,,,,332,
2026-07-24T07:55:02+00:00,141,205,,,479,32,,182,238,305,,200,,223,,,124,,,,,,,232,365,322,,98,,,,840,22,56,57,208,,224,,,118,141,,95,,,,,,,93,,326,38,,,38,44,,25,,178,,,87,87,,,22,,,,,,0,,,,,,,,,,,,,,134,234,281,210,,463,53,,,354,234,164,,119,,276,391,,626,70,693,181,93,183,242,249,23,8,,32,,,,,,,,,,,,,,,,,,,,,,,,,,,,,,,,,,,,,,,,,,,,,247,327,524,238,45,,,,,461,234,234,,397,722,245,145,322,54,157,136,213,265,95,13,,205,16,38,706,,,,,,,,128,,157,,,,,,,81,,,,,,,,,,,,,,,,,,,,141,,,,,,366,,6,,,,,,46,,,,,,,,,,,,,,,,,,,,,,345,122,131,204,153,336,,314,46,,,,,,,,,,,,,,,228,145,,409,243,,364,,,117,338,,,1047,,,,322,,106,,,,,,,,39,,,184,90,16,10,,,,,,,,,125,,,308,,,,,,,,,,,,6,,,,,,,,,,,,253,101,33,97,74,114,,31,416,322,,,209,163,36,154,,,,,134,188,154,,85,103,169,,35,88,383,,,,0,,212,,951,118,2258,103,167,36,,,,,,,,,,,,,,,,,,,,,,620,72,137,,676,,236,195,379,264,347,,,97,104,,,,,,51,,,175,87,171,134,68,99,152,155,189,543,219,102,462,,7,,,,,,,,,,,,,,,,,,,,,,,,,,,,,,,,,,,,,,,,,,,,,,,,,,,,,,104,,57,226,280,93,,140,239,,,317,,,67,,,165,423,234,,,,,,,515,,,438,,164,,,,,
2026-07-24T08:00:02+00:00,140,206,,,478,35,,173,231,304,,191,,219,,,,,,,,139,,230,360,321,,101,,,36,834,21,54,56,211,,220,,,,140,,,,,,,,,89,,324,,,,39,,,20,,,,81,84,,229,84,,,124,,,205,,,150,227,358,119,208,114,98,138,,,,,132,230,275,206,206,451,51,276,216,334,229,150,110,118,140,275,374,,625,68,683,174,,176,234,246,,,414,33,36,181,635,156,255,506,,,363,,,,,,217,,,,,444,,,,,165,158,,,,,,,,,,,,,,,,,,,249,320,523,237,44,,,772,,452,235,222,,,,,,,,,,,,,7,,192,16,29,691,,,,,,,,126,,154,,,,,,,84,,,,,84,,,,,,35,,,,,,,,,132,,,,,,363,,7,,135,,,,42,,,,,108,,,,,56,,,,,,,,,,,165,337,121,,,149,328,,316,44,,,,,,,,,,,,,,,,133,266,399,242,,357,,,109,328,25,,1045,,,,319,,103,,,,,,,,38,,,,85,,8,,,,441,,,,,121,,,307,,,,,,,,,,,,4,,,,,,,,,,,,252,99,31,,73,,,29,415,313,,,202,166,,152,,,,77,,184,153,,84,99,167,,,,380,,,18,,200,203,58,934,96,2250,104,,29,,,,,,,,,,,,,,,,,,,,,,,,,,,,,,,,,,,,,,,,,,,,,,,,,,,,,187,522,,99,456,,5,48,107,,61,88,131,31,,92,253,186,219,,251,38,270,,146,152,,,,,,,,,,,,,,,,,,,,,,,,,,,,,,,,,515,,,372,55,214,275,92,535,136,235,,,319,,137,69,72,,164,420,233,,,,,,,510,,,428,,163,58,,,316,
2026-07-24T08:05:01+00:00,138,205,,148,473,,,159,228,301,,185,,217,,,123,,,,,137,,223,359,316,,99,,,35,829,,51,52,,,210,,,117,143,,93,,32,,,1200,,,,323,37,,,35,,,16,,,,78,82,,,83,21,18,,,,,,,,225,,,,,,,,,,,,,,,,,,,,,,,,,,,,,,,,,,,,,,,,,,,,,,,,,,,,,,,,,,,,,,,,,,,,,,,,,,,,,,,,,,,,,250,321,522,233,43,,,765,321,442,230,219,275,399,716,236,,317,41,156,134,210,254,88,0,,188,16,27,669,,,,,,,,,,153,,,,,,,,,,,,83,,,,,,,,,,,,,,23,124,,,,,,354,,5,79,134,,,,41,,,,,,,,,,55,,,,,,,,,,,,329,118,130,198,144,325,,299,43,,,,,,,,,,,,,,,225,129,267,390,240,229,353,97,,106,327,24,,,,,,316,,,,,,,,,,37,,,180,,17,6,,,,,,,,,120,,,308,,,,,,,,,,,,5,,,,,,,,,,,,250,96,30,95,68,112,57,32,413,300,,,204,164,37,150,,,,76,,172,143,2,83,95,162,,31,87,378,,,16,,198,198,,920,81,2247,,170,15,,,,,,,,,,,,,,,,,,,,,,616,,133,,674,,232,196,371,259,344,,,,,,,,,,47,,,173,86,168,,55,89,153,,181,496,,92,448,,4,,,,,,,,,,,,,,,,,,,,,,,,,,,,,,,,,,,,,,,,,,,,,,,,,,,,,,105,368,53,203,270,93,532,131,228,295,97,317,,136,68,,,162,419,,,,,,,,507,,,422,,159,56,,,307,
2026-07-24T08:10:01+00:00,136,204,,,475,,,148,219,,,182,,214,,,,,,,,135,410,221,355,313,,96,,,,823,,49,,210,,208,,,116,141,,94,,,,,,,90,,321,39,,,34,,4,13,,179,17,80,,,,,19,19,,,,193,,,,,356,114,198,113,92,135,,,,379,134,222,273,204,205,446,49,,,335,226,144,109,,139,,367,,624,63,673,172,,174,228,240,,,413,32,32,174,623,149,254,502,57,,364,,,,,,215,,,,,,,,,,158,,,,,,,,,,,,,,,,,,,,251,316,,226,42,,,755,,430,,212,,,,,,,,,,,,,,,184,16,20,653,,,,,,,,122,,,,,,,,,81,,,,,,,,,,,36,,,,,,,,21,106,,,,,,344,,9,77,131,,,,43,,,,,,,,,,,,,,,70,,,,,,164,319,119,131,195,145,320,,293,39,,,,,,,,,,,,,,,223,128,266,389,,227,351,,,104,322,,,,,,,313,,,,,,,,,,,,,178,82,,4,,,,442,,,,,118,,,306,,,,,,,,,,,,,,,,,,,,,,,,251,95,,,65,,58,33,405,291,,,205,160,33,148,,,,74,,162,136,3,81,96,161,,30,86,377,31,139,15,,,,,,,,,,,,,,,,,,,,,,,,,,,,,,,,,,134,,,,,,,,,,,,105,,,,,,,,,,87,,132,,,,,174,475,216,85,434,,2,,,,,,,,,,,,,,,,,,,,,,,,,,,,,,,,,,,,,,,,,,,,,,,,,,,,513,138,,365,51,,267,92,530,126,223,293,,318,,134,67,69,,157,,230,,,,,,,505,,,410,,158,,,,,
2026-07-24T08:15:01+00:00,135,,,,469,34,,136,216,298,,170,,212,,,124,,,,,,408,218,353,307,,,,,,821,,51,,,,203,,,115,,,95,,,,,,,88,,,40,,,33,45,,7,,178,15,,77,,,84,16,18,,,,,1,,,223,,,,,,,,,,,121,216,266,199,,437,51,,,326,225,136,,,134,271,350,166,621,62,656,171,94,175,,232,,,,29,,,,,,,,,,,,,,,,,,,,,,,,,,,,,,,,,,,,,,,,,,,,,247,309,,230,41,,,747,320,423,227,203,,,707,224,144,316,42,155,,209,242,78,,,179,16,17,638,,,,,,,,,,151,,,,,,,,,,,,82,,,,,,35,,,,,,,,20,113,,,,,,340,,10,,130,,,,37,,,,,,,,,,,,,,,,,,,,,,312,118,128,191,142,314,,290,35,,,,,,,,,,,,,,,217,127,267,377,239,221,345,,,107,321,23,,1041,,,,310,,,,,,,,,,,,,180,79,20,,,,,443,,,,,116,,,303,,,,,,,,,,,,4,,,,,,,,,,,,250,,,94,,,,32,406,289,,,203,158,34,,,,,73,,160,135,2,82,95,158,,36,84,,,,13,,197,185,59,890,48,2239,102,168,1,,,,,,,,,,,,,,,,,,,,,,614,,131,,673,,233,197,360,258,343,,,94,103,,,,,,46,,,169,86,160,131,42,64,,154,169,450,208,86,417,97,,49,97,276,63,78,124,26,,83,240,169,215,,236,,260,,142,146,,,,,,,,,,,,,,,,,,,,,,,,,,,,,,,,,511,136,104,364,48,196,266,,531,119,218,,,,,135,,67,,156,416,231,,,,,,,502,,,391,,,54,,,288,
2026-07-24T08:20:02+00:00,134,203,,,462,29,,126,212,296,,162,,208,,,,,,,,131,407,221,355,299,,,,,33,813,,54,,213,,198,,,,,,97,,30,,,,,89,,,,,,36,,,4,,179,,75,76,,228,82,14,20,,,,186,2,,146,225,355,99,188,118,97,134,,,,,,,,,,,,,,,,,,,,,,,,,,,,,,,,,,,36,163,603,147,250,499,56,,,,,,,,206,,,,,,,,,,153,154,,,,,,,,,,,,,,,,,,,,303,523,232,37,,,744,319,,,201,,,,,,,,,,,,,,,174,16,10,621,,,,,,,,123,,,,,,,,,,,,,,,,,,,,33,,,,,,,,18,108,,,,,,338,,14,78,,,,,39,,,,,107,,,,,54,,,,,,,,,,,,306,114,,188,,305,,291,,,,,,,,,,,,,,,,204,130,265,367,236,217,,,,105,319,19,,1039,,,,305,,102,,,,,,,,,,,182,80,17,,,,,442,,,,,111,,,300,,,,,,,,,,,,,,,,,,,,,,,,249,,,,57,111,57,35,404,285,,,206,157,31,146,,,,,135,147,131,0,81,96,157,,37,,378,30,,12,,,190,60,879,37,2238,105,169,12,,,,,,,,,,,,,,,,,,,,,,608,70,128,,669,,235,196,346,257,342,,,90,,,,,,,41,,,,84,159,,36,59,154,153,162,425,201,78,397,95,3,,,,,,,,,,,,,,,,,,,,,,,,,,,,,,,,,,,,,,,,,,,,,,,,,,,,,137,103,366,,191,258,93,527,115,215,290,96,322,,,65,,,153,413,230,,,,,,,500,,,384,,156,55,,,,
2026-07-24T08:25:01+00:00,131,202,,,453,31,,,,294,,152,,204,,,123,,,,,126,405,216,356,294,,95,,,,812,,57,,212,,200,,,,140,,,,,,,,,88,,319,38,,,34,,,0,,,14,72,70,,,81,12,,,,,185,3,,145,,,,,,,,,,,,118,209,265,,206,434,,,,325,227,131,,,135,266,346,,,,,170,,177,,231,,,411,28,35,157,591,144,249,498,,,363,,,,,,200,,,,,,,,,,148,155,,,,,,,,,,,,,,,,,,,244,299,520,228,31,,,741,,420,230,198,,400,706,216,,314,36,,132,208,234,73,,,167,16,13,606,,,,,,,,,,149,,,,,,,80,,,,,,,,,,,32,,,,,,,,16,102,,,,,,333,,17,76,,,,,34,,,,,106,,,,,55,,,,,,,,,,,165,297,109,127,183,139,300,,294,37,,,,,,,,,,,,,,,208,121,263,359,233,215,341,,,100,,23,,,,,,303,,101,,,,,,,,36,,,,78,,5,,,,441,,,,,106,,,292,,,,,,,,,,,,,,,,,,,,,,,,246,93,,92,51,,,37,406,280,,,,156,30,147,,,,72,,141,130,,,,154,,31,,379,,,11,,,,,,,,,,,,,,,,,,,,,,,,,,,,,,,,597,,124,,,,,,,,,,,91,,,,,,,40,,,167,85,,,35,64,150,,157,399,197,74,389,96,5,,,,,,,,,,,,,,,,,,,,,,,,,,,,,,,,,,,,,,,,,,,,,,,,,,,,512,,104,362,44,182,256,,524,118,212,291,97,,,134,,66,,152,412,228,,,,,,,497,,,366,,150,,,,263,
2026-07-24T08:30:02+00:00,,,,,,,,,,,,,,,,,124,,,,,122,,213,354,291,,,,,,801,20,56,50,,,197,,,116,,,,,32,,,,,87,,,37,,,33,44,,,,,13,70,68,,229,,,,123,,,,,,143,,347,91,182,116,92,130,,193,,,,,,,,,,,,,,,,,,,,,,,,,,,,,,,,,,,,,,,,,,,,,,,,,,,,,,,,,,,,,,,,,,,,,,,,,,,,,241,296,,,32,,,732,317,412,227,194,,,,,,,,,,,,,,,162,16,11,583,,,,,,,,119,,,,,,,,,,,,,,,,,,,,35,,,,,,,,,100,,,,,,331,,12,73,131,,,,26,,,,,104,,,,,54,,,,,,,,,,,164,290,108,128,178,136,297,,298,34,,,,,,,,,,,,,,,207,109,262,352,,213,334,98,,97,317,26,,1037,,,,300,,,,,,,,,,,,,,77,16,,,,,,,,,,99,,,290,,,,,,,,,,,,5,,,,,,,,,,,,,94,32,,,,,41,403,278,,,,151,29,,,,,,,126,128,,82,94,151,62,26,82,380,,138,13,,190,171,59,858,19,2242,104,166,5,,,,,,,,,,,,,,,,,,,,,,589,69,125,,666,,,192,341,254,341,,,,107,,,,,,39,,,,80,148,130,23,54,149,154,151,372,192,70,384,95,4,48,80,284,62,67,123,24,,75,238,146,211,,227,,248,,140,135,,,,,,,,,,,,,,,,,,,,,,,,,,,,,,,,,,,105,360,,179,253,90,522,111,209,290,95,,,133,64,64,,149,409,226,,,,,,,,,,354,,148,,,,,
2026-07-24T08:35:01+00:00,129,206,,,428,34,,114,205,293,,146,,203,,,,,,,,119,404,216,352,288,,,,,32,796,,53,49,214,,195,,,115,,,98,,,,,,,,,320,,,,32,45,,,,,11,73,65,86,,80,11,,,,,184,,,141,,344,80,175,112,94,122,,,,377,110,198,263,196,208,425,,274,217,307,228,121,108,,132,263,329,165,618,59,641,165,92,,218,213,24,,410,29,,,,,,,,,,,,,,,197,,,,,443,,,,,145,149,,,,,,,,,,,,,,,,,,,239,290,,229,29,,,731,315,404,229,189,276,402,712,214,141,308,43,152,,205,229,58,,,160,16,,562,,,,,,,,111,,146,,,,,,,79,,,,,,,,,,,32,,,,,,,,,110,,,,,,,,14,72,,,,,27,,,,,103,,,,,,,,,,,,,,,,,283,111,130,174,134,291,,302,35,,,,,,,,,,,,,,,208,103,258,349,231,208,326,,,102,310,24,,,,,,299,,99,,,,,,,,33,,,181,76,12,4,,,,440,,,,,98,,,283,,,,,,,,,,,,,,,,,,,,,,,,249,93,,90,47,,,42,400,274,,,203,,,148,,,,,,120,127,,,92,153,,23,84,,29,140,,,,,,,,,,,,,,,,,,,,,,,,,,,,,,,,,578,68,123,,665,,234,,319,252,342,,,90,,,,,,,36,,,163,75,139,128,14,48,146,153,148,351,189,73,368,94,0,,,,,,,,,,,,,,,,,,,,,,,,,,,,,,,,,,,,,,,,,,,,,,,,,,,,511,,104,359,42,173,251,,518,109,204,289,94,324,,,63,65,,150,403,225,,,,,,,496,118,,350,,147,,,,252,
2026-07-24T08:40:01+00:00,127,,,,427,33,,103,202,290,,137,,205,,,121,,,,,117,405,208,,286,,97,,,30,,,,47,213,,193,,,,,,,,,,,,,86,,322,39,,,30,,,,,178,,72,,,230,,7,,124,,,190,,,140,227,,,,,,,,,,,,,,,,,,,,,,,,,,,,,,,,,,,,,,,,,,,,,,,,,,,,,,,,,,,,,,,,,,,,,,,,,,,,,,,,,,,,,240,,521,230,30,,,723,,390,232,186,,,,,,,,,,,,,2,,156,16,9,535,,,,,,,,110,,142,,,,,,,83,,,,,81,,,,,,30,,,,,,,,14,112,,,,,,328,,12,,,,,,26,,,,,102,,,,,,,,,,,,,,,,162,275,112,,175,135,284,,301,34,,,,,,,,,,,,,,,211,104,254,342,,202,329,,,103,309,23,,1036,,,,298,,100,,,,,,,,34,,,182,75,15,3,,,,,,,,,91,,,280,,,,,,,,,,,,6,,,,,,,,,,,,251,90,34,87,,,58,43,397,,37,,199,147,30,147,,,,,134,114,,,,87,152,63,26,86,,,139,12,,191,163,,850,18,2238,103,,6,,,,,,,,,,,,,,,,,,,,,,567,,120,,,,,,,,340,,,91,,,,,,,32,,,,72,,129,11,30,,,142,338,186,60,357,,,,,,,,,,,,,,,,,,,,,,,,,,,,,,,,,,,,,,,,,,,,,,,,,,,,,,512,138,101,,41,164,246,89,516,100,198,287,92,328,,135,62,64,,145,,224,,,,,,,493,,,345,,144,,,,,
2026-07-24T08:45:01+00:00,123,204,,,422,31,,95,194,289,,140,,200,,,120,,,,,,404,204,345,285,,,,,29,,,48,46,216,,192,,,113,138,,97,,,,,,,85,,,,,,32,42,3,,,,9,73,59,85,,79,5,22,,,,,2,,,229,342,64,161,100,87,121,,194,,,103,193,252,195,206,414,49,276,,296,230,111,,,127,262,311,164,617,,627,161,,174,212,207,,,403,30,33,145,565,133,240,494,56,,348,,,,,,181,,,,,444,,,,,135,148,,,,,,,,,,,,,,,,,,,237,,523,224,29,,,717,,389,226,185,,,702,211,140,305,42,,,198,225,56,1,,151,16,12,525,,,,,,,,111,,137,,,,,,,81,,,,,80,,,,,,29,,,,,,,,12,108,,,,,,325,,,74,,,,,21,,,,,,,,,,53,,,,,,,,,,,,261,110,,173,,274,,297,33,,,,,,,,,,,,,,,208,96,249,337,228,200,324,,,97,312,26,,1034,,,,296,,101,,,,,,,,32,,,184,82,,2,,,,439,,,,,82,,,274,,,,,,,,,,,,5,,,,,,,,,,,,250,,,,48,,,44,395,266,36,,198,144,,146,,,,,,111,126,,,85,153,64,,84,379,,140,,8,190,,61,848,14,2236,100,164,2,,,,,,,,,,,,,,,,,,,,,,563,,119,,,,229,,316,248,342,,,93,,,,,,,33,,,162,70,136,126,,21,143,,144,318,185,61,366,95,,,,,,,,,,,,,,,,,,,,,,,,,,,,,,,,,,,,,,,,,,,,,,,,,,,,,510,137,100,353,40,161,243,88,515,96,197,285,91,,,,,,,144,399,220,,,,,,,491,116,,343,,142,,,,,
2026-07-24T08:50:02+00:00,,202,,,420,33,,90,193,287,,134,,197,,,,,,,,112,403,205,347,279,,95,,,30,783,21,47,47,,,190,,,114,137,,,,,,,,,84,,323,,,,33,43,,,,177,8,69,53,,,80,4,,125,,,184,,,138,234,,68,157,93,88,114,,,,,,,,,,,,,,,,,,,,,,,,,,,,,,,,,,,,,,,,,,,,,,,,,,,,,,,,,,,,,,,,,,,,,,,,,,,,,,,,287,,216,28,,,713,314,385,,186,,,,,,,,,,,,,0,,147,16,7,501,,,,,,,,109,,136,,,,,,,77,,,,,79,,,,,,28,,,,,,,,11,109,,,,,,321,,10,71,132,,,,16,,,,,,,,,,54,,,,,,,,,,,,252,108,,170,139,271,,300,30,,,,,,,,,,,,,,,207,93,252,326,,197,316,,,89,311,23,,,,,,294,,,,,,,,,,30,,,,78,14,3,,,,437,,,,,79,,,266,,,,,,,,,,,,7,,,,,,,,,,,,245,89,31,,44,,59,42,397,257,,,202,148,35,145,,,,71,,109,116,1,85,83,155,,23,86,377,,,9,9,,154,60,835,15,2235,97,163,0,,,,,,,,,,,,,,,,,,,,,,554,67,114,,664,,231,194,309,245,345,,,92,111,,,,,,29,,,159,72,122,124,22,13,138,152,138,311,,53,357,97,,,75,,63,56,115,17,,68,227,138,205,,214,46,236,,142,132,,,,,,,,,,,,,,,,,,,,,,,,,,,,,,,,,508,136,99,347,38,157,239,84,512,93,195,283,93,322,,,61,,,142,401,,,,,,,,488,,,333,,140,58,,,240,
2026-07-24T08:55:02+00:00,124,,,,418,,,82,184,286,,132,,193,,,,,,,,107,405,200,349,273,,,,,31,777,,51,46,211,,183,,,112,,,,,,,,,,85,,324,,,,35,41,4,,,176,7,63,,,229,,1,,127,,,,,,137,235,,,,,,,,,,375,97,182,246,192,,397,48,278,,279,233,103,,,120,257,293,,615,55,622,,96,168,,187,23,,401,31,34,,560,130,225,492,57,,347,,,,,,169,,,,,443,,,,,128,145,,,,,,,,,,,,,,,,,,,235,284,,220,30,,,708,313,373,,179,277,399,706,205,139,302,41,150,,200,223,54,,,140,16,6,479,,,,,,,,104,,133,,,,,,,80,,,,,76,,,,,,,,,,,,,,,110,,,,,,319,,8,70,133,,,,18,,,,,101,,,,,,,,,,,,,,,,163,235,110,,167,136,258,,295,27,,,,,,,,,,,,,,,,89,251,318,227,196,313,99,,94,312,31,,1035,,,,292,,102,,,,,,,,31,,,,79,,1,,,,436,,,,,74,,,,,,,,,,,,,,,,,,,,,,,,,,,234,92,29,84,,,60,,391,253,,,200,145,36,,,,,,,101,114,,,84,152,,25,87,378,27,,10,0,193,147,61,839,11,2227,94,,1,,,,,,,,,,,,,,,,,,,,,,551,,113,,663,,,195,299,,347,,,91,,,,,,,28,,,,69,116,122,20,9,136,147,137,307,180,47,346,,,,,,,,,,,,,,,,,,,,,,,,,,,,,,,,,,,,,,,,,,,,,,,,,,,,,,507,137,,349,37,154,232,81,510,89,194,281,94,325,,,,65,,141,400,,,,,,,,486,,,326,,136,,,,,
2026-07-24T09:00:02+00:00,125,203,,147,407,37,,74,181,282,,122,,192,,,121,,,,,106,404,199,346,265,,97,,,,768,22,48,44,,,184,,,111,135,,98,,31,,,,,,,326,38,,,32,42,,,,,,,51,,,,,21,126,,,186,,,135,236,338,59,150,94,89,108,,193,,,88,175,240,187,,390,,,,260,,107,107,,119,250,279,,,53,615,158,,167,201,202,24,,403,30,,,,,,,,,,,,,,,,,,,,,,,,,,,,,,,,,,,,,,,,,,,,,,,522,224,26,,,706,,365,223,171,,,,,,,,,,,,,,,139,16,9,457,,,,,,,,100,,132,,,,,,,84,,,,,75,,,,,,,,,,,,,,10,107,,,,,,315,,,,,,,,15,,,,,99,,,,,,,,,,,,,,,,162,226,111,,164,134,254,,293,24,,,,,,,,,,,,,,,205,82,250,304,230,193,305,100,,92,307,29,,,,,,,,101,,,,,,,,28,,,182,77,12,2,,,,433,,,,,64,,,258,,,,,,,,,,,,5,,,,,,,,,,,,232,,28,85,46,,,41,,248,,,,142,,141,,,,72,,100,110,3,,86,153,63,22,88,380,,139,,,191,,,838,7,,86,,0,,,,,,,,,,,,,,,,,,,,,,,,,,,,,,,,,,,,,,,,,,,,,,,,,,,,,126,297,178,38,354,98,6,,,,,,,,,,,,,,,,,,,,,,,,,,,,,,,,,,,,,,,,,,,,,,,,,,,,508,,98,344,38,149,230,78,511,81,189,,93,324,,,60,64,,139,397,,,,,,,,,,,314,,135,,,,225,
2026-07-24T09:05:01+00:00,124,201,,146,400,36,,62,179,,,114,,189,,,,,,,,,,201,342,259,,,,,29,765,23,41,,214,,177,,,109,134,,,,,,,,,84,,,,,,,40,,,,,,61,44,84,228,82,0,23,127,,,187,3,,139,239,,,,,,,,,,,,,,,,,,,,,,,,,,,,,,,,,,,,,,,,,33,131,557,126,217,490,,,339,,,,,,160,,,,,444,,,,,126,,,,,,,,,,,,,,,,,,,,,286,,225,24,,,705,314,361,,176,276,,705,,,,42,,131,206,216,29,,,,16,0,436,,,,,,,,98,,,,,,,,,82,,,,,74,,,,,,,,,,,,,,9,,,,,,,321,,6,73,132,,,,14,,,,,,,,,,55,,,,,,,,,,,161,218,112,,,130,251,,291,,,,,,,,,,,,,,,,206,81,251,305,228,,303,,,98,303,36,,1036,,,,284,,99,,,,,,,,,,,179,74,11,4,,,,434,,,,,60,,,253,,,,,,,,,,,,6,,,,,,,,,,,,230,91,27,84,45,112,,50,,246,,,202,143,41,137,,,,,,,,0,84,84,152,,24,89,386,,140,13,,190,133,60,841,0,2220,78,,,,,,,,,,,,,,,,,,,,,,,,547,65,110,,662,,234,194,297,,,,,87,,,,,,,29,,,157,66,110,120,15,,133,,122,273,171,34,335,,4,42,64,,58,59,107,16,,62,213,124,197,,202,41,232,,143,122,,,,,,,,,,,,,,,,,,,,,,,,,,,,,,,,,507,,95,341,37,143,225,,510,88,183,,,326,,134,56,65,,134,,221,,,,,,,484,,,305,,134,60,,,219,
2026-07-24T09:10:02+00:00,122,203,,,399,32,,56,177,281,,109,,186,,,120,,,,,,401,197,339,,,98,,,,759,,,42,213,,164,,5,,,,,,30,,,,,86,,323,,,,31,41,,,,,,,42,83,,,,,,,,188,2,,140,,339,47,139,89,81,107,,,,374,87,167,237,,205,380,,280,218,255,232,104,106,,118,,271,,,,,161,98,165,204,,,,401,,,,,,,,,,,,,,,,,,,,,,,,,,,,,,,,,,,,,,,,,,,,,,236,284,,228,26,,,703,315,363,222,172,,,,,,,,,,,,,1,,124,16,,414,,,,,,,,,,,,,,,,,84,,,,,73,,,,,,24,,,,,,,,6,101,,,,,,326,,8,,131,,,,15,,,,,100,,,,,54,,,,,,,,,,,159,211,110,131,,132,247,,290,23,,,,,,,,,,,,,,,,78,252,308,229,197,,101,,97,294,37,,1034,,,,278,,96,,,,,,,,29,,,178,70,13,3,,,,430,,,,,52,,,251,,,,,,,,,,,,8,,,,,,,,,,,,,,28,87,44,,59,53,392,245,,43,203,141,42,,,,,73,,,107,,,86,158,,27,91,,,138,16,4,188,125,,,1,2219,,161,,,,,,,,,,,,,,,,,,,,,,,545,64,108,,660,,231,193,294,246,,,,85,112,,,,,,30,,,152,,105,,14,,131,,116,263,166,30,320,93,2,,,,,,,,,,,,,,,,,,,,,,,,,,,,,,,,,,,,,,,,,,,,,,,,,,,,,,94,338,34,135,222,,507,83,180,280,92,323,,135,52,66,,135,,,,,,,,,482,115,,304,,133,,,,,
2026-07-24T09:15:02+00:00,125,201,,,,31,,52,172,279,,102,,178,,,,,,,,107,,195,338,256,,97,,,28,755,,38,38,215,,165,,6,,135,,100,,29,,,,,83,,,,,,,42,2,,,,,,29,,,81,,,125,,,189,0,,134,,,51,138,97,83,100,,,,,79,,239,186,,376,47,,,250,231,107,,,120,245,263,165,,51,599,158,100,164,201,,,,399,31,32,130,544,122,209,488,58,,337,,,,,,162,,,,,445,,,,,,143,,,,,,,,,,,,,,,,,,,238,,521,226,29,,,699,,357,219,162,316,402,753,270,140,,59,149,190,296,321,69,0,,122,16,1,402,,,,,,,,101,,133,,,,,,,86,,,,,,,,,,,23,,,,,,,,,99,,,,,,320,,5,76,132,,,,14,,,,,,,,,,53,,,,,69,,,,,,154,209,109,,161,,246,,287,20,,,,,,,,,,,,,,,208,79,256,300,232,199,305,,,98,287,33,,,,,,273,,95,,,,,,,,30,,,174,67,,5,,,,,,,,,51,,,252,,,,,,,,,,,,6,,,,,,,,,,,,232,93,27,85,42,,60,50,,246,,,,149,,139,,,,74,,90,100,3,,85,159,64,28,90,,,137,,3,187,108,59,837,2,2217,72,,,,,,,,,,,,,,,,,,,,,,,,542,,,,659,,229,,292,247,348,,,81,111,,,,,,28,,,155,,107,119,13,,130,148,111,252,160,22,305,,4,,,,,,,,,,,,,,,,,,,,,,,,,,,,,,,,,,,,,,,,,,,,,,,,,,,,,136,92,330,31,128,217,77,506,77,175,282,94,,,136,53,64,,134,395,219,,,,,,,480,,,298,,132,57,,,206,
2026-07-24T09:20:02+00:00,123,203,,,,,,46,170,280,,101,,176,,,119,,,,,105,400,197,327,250,,95,,,29,745,,32,34,216,,167,,,,133,,,,,,,,,,,322,,,,30,,,,,,9,58,28,82,,,,,,,,188,,,135,241,,,,,,,,,,,,,,,,,,,,,,,,,,,,,,,,,,,,,,,,,,,,,,,,,,,,,,,,,,,,,,,,,,,,,,,,,,,,,,,,,,,,,241,282,522,229,30,,,700,,366,212,158,,,,,,,,,,,,,,,118,17,0,389,,,,,,,,99,,130,,,,,,,,,,,,,,,,,,24,,,,,,,,7,95,,,,,,316,,4,77,,,,,15,,,,,99,,,,,,,,,,,,,,,,152,210,111,130,158,130,243,,286,19,,,,,,,,,,,,,,,,78,254,299,,200,303,102,,100,283,31,,,,,,271,,93,,,,,,,,28,,,173,63,10,1,,,,429,,,,,44,,,249,,,,,,,,,,,,5,,,,,,,,,,,,227,94,,83,43,,59,53,388,242,,,204,147,,141,,,,,131,87,,5,85,86,,65,25,,,26,136,17,0,,98,,833,15,,69,165,,,,,,,,,,,,,,,,,,,,,,,530,61,105,,656,,230,190,283,244,349,,,83,109,,,,,,27,,,150,63,102,118,8,,127,,103,234,150,19,311,91,1,40,63,283,50,53,109,22,,47,203,107,193,,194,,212,,135,99,,,,,,,,,,,,,,,,,,,,,,,,,,,,,,,,,506,137,90,326,27,129,216,76,508,,176,283,95,324,,,,66,,,396,218,,,,,,,476,114,,292,,130,56,,,,
2026-07-24T09:25:02+00:00,122,205,,,,,,43,,281,,100,,172,,,,,,,,102,401,193,332,247,,94,,,,,24,33,35,219,,171,,,107,132,,101,,31,,,,,81,,,,,,,37,,,,,,,23,,226,80,,22,,,,187,,,133,246,337,48,126,79,86,89,,,,,74,169,241,,206,370,,281,,229,234,108,,,115,247,259,167,613,,592,153,98,,195,188,,9,403,28,31,128,525,118,,485,,,331,,,,,,153,,,,,446,,,,,127,142,,,,,,,,,,,,,,,,,,,,283,,,31,,,,,365,211,160,,403,747,265,,304,60,,192,302,328,68,,,121,17,1,375,,,,,,,,97,,,,,,,,,84,,,,,72,,,,,,25,,,,,,,,,92,,,,,,,,5,78,133,,,,,,,,,,,,,,,,,,,,,,,,,150,206,113,129,150,126,233,,291,17,,,,,,,,,,,,,,,204,74,,296,235,201,306,,,98,,36,,,,,,269,,94,,,,,,,,26,,,172,61,14,2,,,,426,,,,,37,,,243,,,,,,,,,,,,,,,,,,,,,,,,224,95,26,81,44,,,,384,240,,42,205,146,43,140,,,,,,,96,2,,87,162,66,28,93,388,,135,16,2,185,96,60,828,9,2216,66,166,,,,,,,,,,,,,,,,,,,,,,,529,62,103,,654,,227,189,277,245,350,,,78,108,,,,,,,,,148,,100,116,,,128,149,101,216,149,,315,94,3,,,,,,,,,,,,,,,,,,,,,,,,,,,,,,,,,,,,,,,,,,,,,,,,,,,,,136,117,324,29,127,213,72,507,76,178,284,,321,,137,,65,,131,395,221,,,,,,,473,,,290,,131,,,,197,
2026-07-24T09:30:02+00:00,120,,,,400,29,,36,163,280,,101,,175,,,,,,,,99,,189,330,249,,93,,,,744,,31,,220,,165,,,108,133,,,,,,,,,,,,,,,29,38,,,,175,,60,20,81,,79,,,126,,,186,,,,245,,,,,,,,,,375,70,165,242,183,208,354,45,,,228,235,98,,,111,241,247,,,49,,156,,157,191,214,,,405,29,,,,,,,,,,,,,,,,,,,,,,,,,,,,,,,,,,,,,,,,,,,,,244,282,,228,30,,,698,317,359,207,,,,,,,,,,,,,,,,120,17,5,359,,,,,,,,96,,133,,,,,,,86,,,,,,,,,,,26,,,,,,,,,89,,,,,,314,,4,80,,,,,12,,,,,,,,,,52,,,,,68,,,,,,147,205,112,130,148,,225,,293,20,,,,,,,,,,,,,,,201,73,256,292,236,200,,,,100,280,35,,1036,,,,263,,,,,,,,,,25,,,174,60,12,,,,,423,,,,,31,,,239,,,,,,,,,,,,4,,,,,,,,,,,,222,96,25,,43,110,56,57,382,241,,41,204,145,44,141,,,,73,,88,85,,,,161,64,29,92,,25,136,15,1,187,,61,832,,2211,62,167,,,,,,,,,,,,,,,,,,,,,,,,,,,,,,,,,,,,,,,,,,,,,,,,,,,,,,95,193,145,14,303,95,0,,,,,,,,,,,,,,,,,,,,,,,,,,,,,,,,,,,,,,,,,,,,,,,,,,,,,135,116,319,,125,211,71,505,75,167,282,96,319,,140,49,,,132,393,222,,,,,,,472,,,275,,130,,,,191,
2026-07-24T09:35:01+00:00,119,207,,,,31,,,164,279,,98,,171,,,,,,,,,,190,324,244,,92,,,28,732,23,30,37,221,,163,,,109,131,,100,,,,,,,,,323,,,,28,,,,,,,52,19,80,227,77,,,125,,,188,,,134,,338,,109,72,92,85,,,,374,69,162,245,184,209,352,,,,225,,95,,,110,242,246,169,612,48,569,159,97,156,192,222,,,404,30,30,123,512,,206,478,57,,330,,,,,,,,,,,,,,,,128,144,,,,,,,,,,,,,,,,,,,,,,227,29,,,700,320,362,206,162,,402,754,273,138,301,58,148,193,298,332,66,,,115,17,,346,,,,,,,,91,,130,,,,,,,,,,,,,,,,,,24,,,,,,,,,97,,,,,,317,,3,78,,,,,15,,,,,98,,,,,,,,,,67,,,,,,146,195,113,129,144,127,215,,,,,,,,,,,,,,,,,,203,75,,286,237,201,308,,,101,278,,,1035,,,,257,,93,,,,,,,,,,,175,58,13,4,,,,422,,,,,21,,,236,,,,,,,,,,,,,,,,,,,,,,,,223,95,24,80,41,,,,381,243,,,203,,,142,,,,,,86,82,3,,83,160,,30,95,391,24,139,14,,,,,,,,,,,,,,,,,,,,,,,,,,,,,,,,526,,100,,652,,226,188,266,,351,,,80,,,,,,,25,,,147,65,94,,,,129,146,90,178,136,8,294,,,44,55,287,54,48,106,19,,35,197,97,191,,183,,210,,140,89,,,,,,,,,,,,,,,,,,,,,,,,,,,,,,,,,505,136,115,,,119,208,72,502,74,171,278,95,318,,139,48,64,,130,394,221,,,,,,,468,113,,274,,,59,,,185,
2026-07-24T09:40:02+00:00,,208,57,,401,32,,31,160,278,,90,,,,,,,,,,96,398,193,327,239,,,,,,728,,,38,219,,160,,5,106,130,,,,30,,,,,79,,,,,,27,39,,,,,,54,18,,226,80,,,,,,190,,,130,242,,,,,,,,,,,,,,,,,,,,,,,,,,,,,,,,,,,,,,,,,,,,,,,,,,,,,,,,,,,,,,,,,,,,,,,,,,,,,,,,,,,,,247,,519,226,31,,,693,,360,205,,,,,,,,,,,,,,,,98,17,0,334,,,,,,,,87,,131,,,,,,,88,,,,,70,,,,,,22,,,,,,,,,98,,,,,,319,,6,77,,,,,11,,,,,97,,,,,,,,,,66,,,,,,,,110,130,143,129,210,,292,18,5,,,,,,,,,,,,,,207,71,259,283,241,202,,103,,102,280,30,,1037,,,,252,,91,,,,,,,,22,,,171,60,14,,,,,,,,,,18,,,232,,,,,,,,,,,,5,,,,,,,,,,,,221,97,23,78,39,,,,378,248,,,204,147,42,,,,,78,,85,76,2,86,87,155,,35,,390,,,15,0,183,97,60,825,13,2208,,164,4,,,,,,,,,,,,,,,,,,,,,,514,65,98,,653,,227,185,264,241,352,,,76,,,,,,,24,,,145,61,90,111,,,,,83,175,131,6,286,91,3,,,,,,,,,,,,,,,,,,,,,,,,,,,,,,,,,,,,,,,,,,,,,,,,,,,,507,,114,316,31,118,206,,,,167,,93,316,,137,47,,,126,393,219,,,,,,,463,,,271,,127,,,,,
2026-07-24T09:45:02+00:00,117,,,,415,31,,33,156,279,,92,,169,,,120,,,,,95,,194,318,232,,91,,,26,723,25,35,37,220,,,,6,,,,,,31,,,,,78,,324,,,,28,38,,,,176,10,,14,,,81,,,,,,192,,,129,244,337,42,119,75,87,84,,194,,373,66,157,242,183,208,,,,,224,238,96,,,111,,240,168,611,46,,160,,153,191,,,,405,,34,122,502,,199,476,,,,,,,,,,,,,,448,,,,,127,,,,,,,,,,,,,,,,,,,,250,284,521,227,,,,698,,358,,165,,401,764,272,,299,55,149,192,295,,65,,,105,17,1,324,,,,,,,,86,,130,,,,,,,86,,,,,69,,,,,,,,,,,,,,,88,,,,,,322,,,78,,,,,12,,,,,98,,,,,51,,,,,,,,,,,,189,113,127,142,128,199,,294,17,,,,,,,,,,,,,,,202,67,258,282,238,204,311,,,99,281,31,,1036,,,,244,,90,,,,,,,,23,,,174,,15,3,,,,418,,,,,17,,,230,,,,,,,,,,,,,,,,,,,,,,,,220,98,22,,41,,,59,377,247,,40,203,146,,143,,,,79,,,71,3,85,,153,63,30,96,391,,,14,,182,104,,814,12,2210,59,163,1,,,,,,,,,,,,,,,,,,,,,,,,,,,,,,,,,,,,,,,,,,,,,,,,,,,,,84,154,126,3,291,87,5,,,,,,,,,,,,,,,,,,,,,,,,,,,,,,,,,,,,,,,,,,,,,,,,,,,,505,,,314,29,114,198,74,497,66,164,279,92,315,,,46,,,,,221,,,,,,,462,,,256,,126,,,,,
2026-07-24T09:50:02+00:00,115,209,,145,414,30,,26,,272,,90,,172,,,,,,,,91,395,196,314,233,,90,,,24,719,,34,32,218,,163,,,108,,,101,,,,,,,77,,323,,,,30,39,,,,,,51,11,82,225,80,,,,,,191,,,131,243,,,,,,,,,,372,71,150,237,182,,344,50,,,220,237,94,,117,106,231,224,167,617,49,559,178,93,150,189,238,,,408,27,,,,,,,,,,,,,,,,,,,,,,,,,,,,,,,,,,,,,,,,,,,,,251,280,520,240,35,,,699,,354,207,160,,,,,,,,,,,,,,,99,17,,314,,,,,,,,89,,129,,,,,,,88,,,,,70,,,,,,18,,,,,,,,,86,,,,,,320,,8,,,,,,20,,,,,99,,,,,,,,,,,,,,,,145,179,111,,137,133,191,,293,16,,,,,,,,,,,,,,,205,68,261,273,236,207,308,104,,97,277,32,,,,,,242,,91,,,,,,,,,,,,58,12,,,,,415,,,,,8,,,226,,,,,,,,,,,,,,,,,,,,,,,,223,95,24,80,45,111,,63,372,248,,,208,147,,144,,,,,132,84,70,,87,86,155,,,103,389,25,,15,2,,101,58,813,,2206,57,165,0,,,,,,,,,,,,,,,,,,,,,,510,62,97,,656,,,,259,240,353,,,74,,,,,,,25,,,143,63,84,109,,,125,,82,144,,1,297,85,11,,57,,59,47,110,22,,31,199,85,194,,185,,205,,143,79,,,,,,,,,,,,,,,,,,,,,,,,,,,,,,,,,506,134,,309,32,112,195,76,495,57,158,277,,,,,,63,,125,401,220,,,,,,,456,,,257,,125,58,,,170,
2026-07-24T09:55:02+00:00,,212,,,409,,,24,152,271,,86,,173,,,116,,,,,86,396,195,,225,,,,,,714,26,27,28,216,,165,,,,127,,102,,30,,,,,,,325,37,,,29,38,,,,,8,,6,,224,,,,,,,187,,,132,246,336,45,115,68,84,82,,,,,,,,,,,,,,,,,,,,,,,,,,,,,,,,,,,36,123,485,109,198,473,,,328,,,,,,150,,,,,449,,,,,124,147,,,,,,,,,,,,,,,,,,,254,277,521,241,34,,,698,319,351,204,154,,408,788,265,137,291,53,150,193,300,336,74,,,93,17,0,304,,,,,,,,,,128,,,,,,,,,,,,69,,,,,,17,,,,,,,,9,88,,,,,,315,,12,79,,,,,13,,,,,,,,,,52,,,,,65,,,,,,,174,115,125,130,134,180,,300,15,,,,,,,,,,,,,,,208,54,262,270,235,206,312,,,96,274,34,,1037,,,,234,,89,,,,,,,,21,,,,53,13,2,,,,410,,,,,0,,,223,,,,,,,,,,,,4,,,,,,,,,,,,226,,,82,43,110,,,370,240,,,210,150,,148,,,,80,131,,65,1,86,,156,62,29,105,394,26,137,13,,185,97,59,801,13,,58,,1,,,,,,,,,,,,,,,,,,,,,,506,,,,654,,223,184,250,239,350,,,75,107,,,,,,24,,,142,61,77,103,7,,127,148,,130,127,4,304,,5,,,,,,,,,,,,,,,,,,,,,,,,,,,,,,,,,,,,,,,,,,,,,,,,,,,,,133,113,,29,109,190,,489,50,156,273,91,,,136,,,,122,398,221,,,,,,,449,,,251,,128,56,,,,
2026-07-24T10:00:02+00:00,114,,,,406,29,,28,154,269,,87,,,,,,,,,,84,395,,308,221,,87,,,,711,,26,29,,,162,,,109,126,,101,,31,,,,,,,326,36,,,30,37,,,,,,44,,,,81,,,,,,,,,,,,,,,,,,,,,,,,,,,,,,,,,,,,,,,,,,,,,,,,,,,,,,,,,,,,,,,,,,,,,,,,,,,,,,,,,,,,,,,,,,,,,,,252,275,,,35,,,699,320,365,205,155,,,,,,,,,,,,,36,,89,17,,293,,,,,,,,86,,126,,,,,,,86,,,,,68,,,,,,15,,,,,,,,,87,,,,,,309,,10,80,132,,,,20,,,,,98,,,,,54,,,,,63,,,,,,143,168,116,123,133,135,173,,303,,,,,,,,,,,,,,,,216,51,258,,,210,316,,,95,,36,,1038,,,,229,,85,,,,,,,,17,,,172,56,,3,,,,407,,,,,,,,218,,,,,,,,,,,,,,,,,,,,,,,,231,,25,81,40,,55,64,367,236,,,208,153,,147,,,,77,,88,62,3,87,93,153,,30,110,415,27,136,11,3,,95,,795,6,2203,59,166,,,,,,,,,,,,,,,,,,,,,,,,,,,,,,,,,,,,,,,,,,,,,,,,,,,,,,75,117,123,3,312,84,4,,,,,,,,,,,,,,,,,,,,,,,,,,,,,,,,,,,,,,,,,,,,,,,,,,,,503,134,112,305,30,103,193,72,484,47,151,,,313,,135,47,62,,,397,220,,,,,,,445,,,245,,127,54,,,167,
2026-07-24T10:05:01+00:00,117,214,,,413,32,,27,155,268,,88,,169,,,114,,,,,85,400,196,305,219,,85,,,22,707,,23,26,214,,160,,,110,121,,102,,,,,,,,,328,,,,29,36,,,,,7,42,0,83,,82,,23,,,,,,,128,242,329,40,108,66,86,80,,,,,66,145,234,,209,340,52,282,,207,,81,,,103,226,206,168,619,50,546,174,92,149,185,240,,,409,24,33,121,471,,194,472,56,,324,,,,,,149,,,,,450,,,,,112,142,,,,,,,218,,,367,,605,,207,,112,,365,253,278,,,34,,,698,321,369,204,158,,416,816,269,138,289,62,148,,304,335,64,38,,86,17,1,279,,,,,,,,87,,122,,,,,,,82,,,,,67,,,,,,18,,,,,,,,,89,,,,,,305,,12,78,,,,,25,,,,,99,,,,,,,,,,,,,,,,142,161,118,122,131,134,170,,315,,,,,,,,,,,,,,,,218,52,264,271,236,216,315,,,98,269,,,1037,,,,227,,88,,,,,,,,15,,,,53,16,5,,,,408,,,,,,,,212,,,,,,,,,,,,,,,,,,,,,,,,234,,,80,36,,54,66,366,235,,39,207,158,44,,,,6,78,132,89,65,,88,94,156,,28,111,420,26,135,12,,,,60,,,,,,,,,,,,,,,,,,,,,,,,,,,,499,63,100,,655,,220,182,239,240,347,,,76,105,,,,,,21,,,143,60,81,,15,,133,146,73,100,114,2,311,,7,,,,,,,,,,,,,,,,,,,,,,,,,,,,,,,,,,,,,,,,,,,,,,,,,,,,,133,110,306,29,91,,73,487,51,149,272,90,310,,134,,,,120,401,,,,,,,,,,,240,,126,,,,163,
2026-07-24T10:10:01+00:00,119,217,,,411,30,,29,154,267,,97,,171,,,115,,,,,84,398,,302,217,,84,,,,718,,19,25,,,156,,,111,,,,,,,,,,,,,,,,28,,,,,,8,39,,84,225,81,,22,,,,183,,,125,,,,,,,,,,,373,69,136,238,184,210,331,53,,,197,238,74,,,97,223,191,,615,47,533,170,94,151,184,246,,10,407,,,,,,,,,,,,,,,,,,,,,,,,,,,,,,,,,,,,,,,,,,,,,,250,280,520,239,31,,,697,320,,203,156,,,,,,,,,,,,,39,,77,17,,269,,,,,,,,88,,124,,,,,,,81,,,,,,,,,,,15,,,,,,,,8,105,,,,,,309,,,81,,,,,,,,,,100,,,,,55,,,,,65,,,,,,,160,,,126,135,159,,314,18,,,,,,,,,,,,,,,211,50,265,276,,215,319,105,,106,275,35,,1036,,,,213,,87,,,,,,,,14,,,171,47,,,,,,,,,,,,,,211,,,,,,,,,,,,,,,,,,,,,,,,231,96,24,78,37,,53,64,,230,,,212,162,46,144,,,7,,,87,62,7,95,98,154,,29,113,429,24,,10,0,192,106,,797,5,2201,58,167,0,,,,,,,,,,,,,,,,,,,,,,494,65,,,653,,,180,235,239,,,,79,103,,,,,,,,,145,62,,99,18,,135,147,93,91,,1,313,87,6,45,64,285,66,46,109,28,,24,191,78,196,,189,,194,,147,69,,,,,,,,,,,,,,,,,,,,,,,,,,,,,,,,,504,132,108,295,26,82,191,72,485,49,146,274,,309,,,44,63,,118,402,219,,,,,,,444,,,238,,118,55,,,,
2026-07-24T10:15:01+00:00,122,221,,,409,31,,25,152,268,,107,,168,,,,,,,,86,399,198,298,218,,83,,,,722,27,21,,212,,154,,,112,127,,103,,,,,,,74,,,,,,,,,,,177,7,36,,,226,75,,14,,,,181,,,,243,327,41,113,73,85,88,,,,,,,,,,,,,,,,,,,,,,,,,,,,,,,,,,,31,116,474,108,188,476,57,,315,,,,,,,,,,,448,,,,,,140,,,,,,,212,,,,,599,,204,,108,,362,249,282,522,,30,,,695,319,365,205,164,315,,861,274,,292,60,,198,305,,72,,,71,17,4,267,,,,,,,,90,,125,,,,,,,,,,,,70,,,,,,13,,,,,,,,10,104,,,,,,313,,13,,,,,,22,,,,,,,,,,54,,,,,64,,,,,,,158,117,,,137,154,,325,15,,,,,,,,,,,,,,,216,58,271,274,239,221,322,,,104,276,31,,1041,,,,207,,83,,,,,,,,12,,,169,,15,4,,,,406,,,,,,,,212,,,,,,,,,,,,,,,,,,,,,,,,234,97,26,81,36,111,,70,363,,,,217,164,,143,,,8,79,,,61,8,97,100,157,64,34,,433,,,,,,,,,,,,,,,,,,,,,,,,,,,,,,,,,,,,,,,,,,,,,,,,,,,,,,,,,,,,,,,,,,96,88,119,0,309,86,,,,,,,,,,,,,,,,,,,,,,,,,,,,,,,,,,,,,,,,,,,,,,,,,,,,,506,133,,,,71,188,,483,48,,,88,306,,135,45,65,,119,405,217,,,,,,,449,,,243,,116,,,,156,
2026-07-24T10:20:02+00:00,121,222,,,411,33,,23,154,,,110,,,,,113,,,,,87,400,201,299,211,,,,,,719,,20,23,213,,151,,7,110,,,101,,,,,,,,,,,,,30,,4,,,,,33,,,224,,,,,,,,,,122,,,,,,,,,,,372,73,134,242,,,330,55,280,219,193,237,71,,,96,220,185,,613,44,530,,,,182,266,,,410,23,,,,,,,,,,,,,,,,,,,,,,,,,,,,,,,,,,,,,,,,,,,,,253,284,525,242,,,,697,318,368,204,172,,,,,,,,,,,,,41,,,17,6,257,,,,,,,,91,,126,,,,,,,,,,,,73,,,,,,16,,,,,,,,,96,,,,,,,,10,,,,,,17,,,,,,,,,,,,,,,63,,,,,,,155,119,,122,,152,,329,14,,,,,,,,,,,,,,,220,71,272,278,,226,326,,,,282,33,,1044,,,,203,,82,,,,,,,,11,,,167,50,16,5,,,,404,,,,,,,,214,,,,,,,,,,,,,,,,,,,,,,,,227,99,,,38,112,54,79,365,234,,,223,170,,147,,,9,80,,91,58,12,99,107,160,65,37,,438,22,134,11,,193,105,,804,1,2202,54,,,,,,,,,,,,,,,,,,,,,,,,492,,106,,654,,221,,229,,,,,,105,,,,,,20,,,144,65,86,97,25,10,,148,,90,123,4,308,,5,,,,,,,,,,,,,,,,,,,,,,,,,,,,,,,,,,,,,,,,,,,,,,,,,,,,508,,,290,29,72,180,75,481,45,143,277,,305,,134,47,,,118,406,216,,,,,,,447,,,250,,117,56,,,,
2026-07-24T10:25:01+00:00,120,223,,,408,,,28,,267,,120,,171,,,,,,,,86,,204,293,212,,79,,,20,711,,22,,215,,,,,111,,,100,,32,,,,,73,,,35,,,25,37,,,,,8,25,,,227,74,,16,,,,184,,,,242,330,49,107,81,88,89,,,,373,69,126,236,183,207,326,53,,220,188,243,69,,,90,218,186,,,43,,167,95,148,184,284,,,,25,37,111,480,110,186,478,54,,312,,,,,,146,,,,,,,,,,105,,,,,,,,211,,,368,,603,,201,,106,,361,256,,524,240,32,,,700,316,365,202,175,314,,890,285,137,289,66,,220,306,344,92,43,,73,17,4,243,,,,,,,,,,,,,,,,,,,,,,78,,,,,,15,,,,,,,,12,94,,,,,,316,,,80,,,,,,,,,,,,,,,,,,,,62,,,,,,140,158,,123,120,136,156,,,17,4,,,,,,,,,,,,,,222,74,275,281,237,236,327,,,108,281,32,,1042,,,,201,,84,,,,,,,,10,,,168,47,15,,,,,403,,,,,,,,211,,,,,,,,,,,,3,,,,,,,,,,,,226,98,27,82,34,110,53,81,364,237,,40,226,171,,145,,,,,133,87,55,13,,111,164,69,34,115,,,,12,,,95,,800,11,2199,52,165,,,,,,,,,,,,,,,,,,,,,,,489,66,,,,,223,,225,238,,,,,,,,,,,22,,,145,,83,,29,,,149,100,77,124,0,316,84,6,47,61,291,74,58,106,31,,20,186,70,193,,185,35,188,,148,66,,,,,,,,,,,,,,,,,,,,,,,,,,,,,,,,,510,131,,287,27,65,181,74,478,46,151,278,89,304,,135,45,,,115,405,217,,,,,,,445,114,,244,,120,,,,145,
2026-07-24T10:30:02+00:00,,224,,,410,,,42,160,263,,122,,172,,,112,,,,,84,402,205,294,205,,80,,,,709,,,,212,,154,,,112,,,102,,,,,,,72,,327,,,,22,,,,,,6,26,,,,75,,15,,,,181,,,,239,,,,,,,,,,,,,,,,,,,,,,,,,,,,,,,,,,,,,,,,,,,,,,,,,,,,,,,,,,,,,,,,,,,,,,,,,,,,,,,,,,,,,257,,527,247,34,,,706,315,359,204,180,,,,,,,,,,,,,44,,,17,9,239,,,,,,,,92,,,,,,,,,82,,,,,76,,,,,,17,,,,,,,,11,87,,,,,,313,,14,76,,,,,13,,,,,102,,,,,52,,,,,,,,,,,,154,124,125,119,135,150,,333,16,5,,,,,,,,,,,,,,226,82,273,283,236,,330,106,,110,,35,,1043,,,,198,,86,,,,,,,,7,,,,49,16,,,,,399,,,,,,,,206,,,,,,,,,,,,,,,,,,,,,,,,,,26,80,,108,55,78,360,235,,,,177,,144,,,,81,134,82,56,,,110,162,71,33,,437,,135,16,,,,,,,,,,,,,,,,,,,,,,,,,,,,,,,,,,107,,,,,,,,,,,81,104,,,,,,,,,,,,95,,11,130,,,82,122,,311,85,0,,,,,,,,,,,,,,,,,,,,,,,,,,,,,,,,,,,,,,,,,,,,,,,,,,,,509,132,,277,26,,,75,474,41,148,276,90,,,,43,64,,117,397,219,,,,,,,443,,,243,,122,,,,138,
2026-07-24T10:35:01+00:00,118,223,,,406,32,,44,158,258,,121,,,,,113,,,,,81,404,208,287,204,,79,,,19,,26,23,19,213,,151,,,111,126,,,,,,,,,,,329,34,,,21,,,,,,5,21,5,85,,74,,14,,,,178,,,114,240,329,,110,75,84,88,,,,372,53,113,242,182,208,310,52,278,,183,248,76,107,116,88,210,170,,614,39,515,165,,,177,,,11,411,26,39,102,482,109,188,483,55,,311,,,,,,161,,,,,449,,,,,111,139,,,,,,,,,,372,,598,,199,,102,,362,,287,529,250,32,,,709,313,353,203,177,313,418,898,301,,287,67,,223,300,346,96,41,,60,17,,230,,,,,,,,94,,127,,,,,,,81,,,,,74,,,,,,18,,,,,,,,,89,,,,,,319,,13,79,,,,,11,,,,,104,,,,,53,,,,,,,,,,,139,155,129,123,120,131,,,336,,6,,,,,,,,,,,,,,224,83,276,287,237,237,337,108,,114,282,,,1042,,,,195,,,,,,,,,,5,,,162,,17,7,,,,398,,,,,,,,208,,,,,,,,,,,,4,,,,,,,,,,,,230,,,82,,109,53,79,361,236,,,228,178,,143,,,,,,81,,14,100,115,160,,37,116,436,,,18,,,85,,791,12,2198,51,164,,,,,,,,,,,,,,,,,,,,,,,490,67,108,,,,225,178,220,239,348,,,82,102,,,,,,,,,146,64,80,,56,12,135,,94,73,119,2,310,83,4,,,,,,,,,,,,,,,,,,,,,,,,,,,,,,,,,,,,,,,,,,,,,,,,,,,,,133,107,272,,61,176,,473,37,147,,89,303,,,,65,,,398,220,,,,,,,438,,,240,,123,,,,130,
2026-07-24T10:40:01+00:00,113,227,,,401,,,48,157,260,,127,,169,,,112,,,,,,403,209,282,209,,78,,,17,702,,26,,214,,148,,,,,,,,,,,,,70,,328,35,,,18,39,,,,,,23,0,84,,75,,,,,,177,,,,239,,,,,,,,,,,,,,,,,,,,,,,,,,,,,,,,,,,,,,,,,,,,,,,,,,,,,,,,,,,,,,,,,,,,,,,,,,,,,,,,,,,,,259,286,530,254,35,,,707,314,349,204,186,,,,,,,,,,,,,,,,,,,,,,,,,,,,,,,,,,,,,,,,,,,,,,,,,,,,,,,,,,,,,,,,,,,,,,,,,,,,,,,,,,,,,,,,,,,,,,,,,,,,,,,,,,,,,,,,,,228,84,278,286,,236,341,,,118,286,32,,1041,,,,,,,,,,,,,,,,,,,,,,,,,,,,,,,,,,,,,,,,,,,,,,,,,,,,,,,,,,,,,,,,,,,,,,,,,,,,,,,,,,,,,,,,,,,,,,,,,,,,,,,,,,,,,,,,,,,,,,,,,493,65,102,,653,,,176,207,240,349,,,85,,,,,,,,,,147,68,86,,51,,139,150,,,,,,,,,,,,,,,,,,,,,,,,,,,,,,,,,,,,,,,,,,,,,,,,,,,,,,,,,,,508,,108,,27,54,178,,471,42,142,273,88,301,,134,47,66,,,,219,,,,,,,435,,,242,,124,55,,,126,
2026-07-24T10:40:02+00:00,,,,,,,,,,,,,,,,,,,,,,,,,,,,,,,,,,,,,,,,,,,,,,,,,,,,,,,,,,,,,,,,,,,,,,,,,,,,,,,,,,,,,,,,,,,,,,,,,,,,,,,,,,,,,,,,,,,,,,,,,,,,,,,,,,,,,,,,,,,,,,,,,,,,,,,,,,,,,,,,,,,,,,,,,,,,,,,,,,,,,,,,,,,43,,61,17,7,222,,,,,,,,93,,125,,,,,,,85,,,,,73,,,,,,19,,,,,,,,,76,,,,,,323,,12,78,,,,,16,,,,,102,,,,,,,,,,,,,,,,,152,132,,116,132,152,,,15,,,,,,,,,,,,,,,,,,,,,,,,,,,,,,,,190,,87,,,,,,,,,,,165,,14,,,,,393,,,,,,,,203,,,,,,,,,,,,3,,,,,,,,,,,,227,96,,80,41,110,52,82,360,235,,,236,188,47,144,,,,,,80,58,16,102,120,162,72,41,120,432,18,133,,,190,92,59,792,,2197,50,163,,,,,,,,,,,,,,,,,,,,,,,,,,,,,,,,,,,,,,,,,,,,,,,,,,,,,,90,63,112,4,317,80,7,44,58,285,80,60,107,33,,91,185,69,205,,186,33,195,,151,58,,,,,,,,,,,,,,,,,,,,,,,,,,,,,,,,,,,,,,,,,,,,,,,,,,,,,,,,,,,,,,,,,,,,,,,
2026-07-24T10:45:02+00:00,115,229,,,411,,,52,156,,,137,,166,,,,,,,,78,,210,278,205,,77,,,,,,28,20,210,,152,,,110,,,103,,,,,,,72,,327,,,,,,,,,,,22,,,,73,,,123,,,,,,116,,332,,107,81,87,80,,,,373,60,110,253,185,210,,51,277,,178,247,74,106,115,97,202,167,169,613,,502,168,97,,176,296,23,,,,42,94,487,105,,485,52,,302,,,,,,155,,,,,451,,,,,109,,,,,,,,216,,,376,,597,,202,,101,,363,260,,,263,36,,,,,352,196,187,314,423,899,318,135,285,73,149,225,303,350,104,47,,71,17,,207,,,,,,,,94,,127,,,,,,,83,,,,,,,,,,,21,,,,,,,,,71,,,,,,324,,9,79,131,,,,17,,,,,100,,,,,52,,,,,,,,,,,138,155,137,,115,130,153,,339,17,,,,,,,,,,,,,,,224,82,279,284,,239,,,,116,287,37,,,,,,189,,86,,,,,,,,3,,,164,50,18,8,,,,390,,,,,,,,191,,,,,,,,,,,,2,,,,,,,,,,,,225,98,,79,42,,51,89,358,232,,39,235,189,,142,,,10,,133,81,57,15,105,122,161,,43,,433,,,19,,192,,60,780,15,2198,47,162,2,,,,,,,,,,,,,,,,,,,,,,,,,,,,,,,,,,,,,,,,,,,,,,,,,,,,,95,64,108,3,328,81,10,,,,,,,,,,,,,,,,,,,,,,,,,,,,,,,,,,,,,,,,,,,,,,,,,,,,,132,,273,,47,174,75,466,38,139,276,91,298,,,46,63,,115,399,217,,,,,,,427,,,245,,123,56,,,,
2026-07-24T10:50:02+00:00,116,234,,,413,26,,51,164,,,,,162,,,111,,,,,77,,217,282,204,,,,,14,701,,31,19,208,,151,,,109,124,,,,,,,,,73,,326,,,,20,,,,,179,,19,,,226,,,,122,,,176,,,,236,,,,,,,,,,,,,,,,,,,,,,,,,,,,,,,,,,,,,,,,,,,,,,,,,,,,,,,,,,,,,,,,,,,,,,,,,,,,,,,,,,,,,263,287,532,272,40,,,708,,349,198,197,,,,,,,,,,,,,54,,66,17,4,203,,,,,,,,,,,,,,,,,84,,,,,71,,,,,,,,,,,,,,,72,,,,,,330,,8,,130,,,,19,,,,,101,,,,,51,,,,,63,,,,,,137,153,136,125,112,131,,,,,,,,,,,,,,,,,,,228,75,284,288,,238,,,,117,284,38,,1042,,,,188,,84,,,,,,,,,,,165,,,5,,,,385,,,,,,,,181,,,,,,,,,,,,5,,,,,,,,,,,,224,95,25,,43,111,49,95,360,233,,,,188,,139,,,,85,134,77,59,,109,125,162,71,50,,427,16,132,18,,193,97,,776,19,2205,56,163,3,,,,,,,,,,,,,,,,,,,,,,489,66,103,,,,226,173,210,237,350,,,89,99,,,,,,18,,,150,,89,94,62,,138,,90,61,102,4,337,79,9,,,,,,,,,,,,,,,,,,,,,,,,,,,,,,,,,,,,,,,,,,,,,,,,,,,,507,130,,275,25,49,169,74,468,35,144,,,296,,136,43,65,,111,404,214,,,,,,,425,,,,,124,58,,,119,
2026-07-24T10:55:01+00:00,118,,,,415,22,,49,167,261,,144,,168,,,,,,,,78,404,221,,210,,78,,,,700,28,34,18,,,148,,,,121,,104,,,,,,,69,,322,,,,22,36,,,,178,3,21,,,,75,,13,,,,,,,117,239,333,50,108,85,88,,,195,,375,53,,258,182,212,302,53,276,,168,248,67,105,,92,193,158,,610,43,492,166,96,147,175,298,,12,,25,40,96,490,99,,484,,,301,,,,,,148,,,,,454,,,,,108,,,,,,,,214,,,370,,594,,200,,102,,367,266,282,,,39,,,712,,352,,194,,424,934,322,133,281,78,148,227,304,354,102,57,,64,17,7,199,,,,,,,,,,128,,,,,,,85,,,,,,,,,,,,,,,,,,,,73,,,,,,332,,6,81,,,,,24,,,,,102,,,,,,,,,,,,,,,,135,157,139,124,106,135,164,,342,14,7,,,,,,,,,,,,,,230,76,285,,236,241,345,107,,119,281,37,,1043,,,,186,,80,,,,,,,,2,,,163,48,,4,,,,382,,,,,,,,176,,,,,,,,,,,,6,,,,,,,,,,,,,96,23,78,44,,46,103,361,232,38,,233,191,46,142,,,11,,132,78,62,17,,131,161,72,,121,425,,131,,,,,59,,,,,,,,,,,,,,,,,,,,,,,,,,,,,,,,,,,,,,,,,,,,,,,,,,,,,,,,,,,,67,106,9,332,78,4,40,55,284,88,59,105,28,,70,191,67,202,,,35,192,,,50,,,,,,,,,,,,,,,,,,,,,,,,,,,,,,,,,506,,105,276,23,40,170,76,469,30,141,275,,297,,133,39,,,,407,215,,,,,,,423,,,251,,,60,,,,
2026-07-24T11:00:01+00:00,116,,,,418,25,,48,171,260,,147,,,,,,,,,,79,405,223,278,205,,77,,,,698,,35,19,,,,,,106,117,,,,,,,,,,,321,,,,20,33,2,,,,2,17,,83,225,73,,,123,,,,,,120,236,,,,,,,,,,,,,,,,,,,,,,,,,,,,,,,,,,,,,,,,,,,,,,,,,,,,,,,,,,,,,,,,,,,,,,,,,,,,,,,,,,,,,271,288,534,278,40,,,721,,358,,189,,,,,,,,,,,,,,,59,17,,196,,,,,,,,98,,129,,,,,,,89,,,,,,,,,,,20,,,,,,,,9,65,,,,,,334,,,,128,,,,29,,,,,,,,,,50,,,,,,,,,,,137,,143,,110,141,158,,343,16,,,,,,,,,,,,,,,235,73,287,292,237,,344,,,121,282,33,,1044,,,,183,,77,,,,,,,,1,,,164,49,14,5,,,,379,,,,,,,,172,,,,,,,,,,,,,,,,,,,,,,,,223,95,22,77,40,,,,363,233,,,237,192,,143,,,,,,80,61,,111,133,159,71,,,424,17,130,17,,,115,,781,26,2211,52,,,,,,,,,,,,,,,,,,,,,,,,,,,,,,,,,,,,,,,,,,,,,,,,,,,,,,,92,57,107,8,339,77,7,,,,,,,,,,,,,,,,,,,,,,,,,,,,,,,,,,,,,,,,,,,,,,,,,,,,,129,106,275,21,,169,78,466,,140,274,92,294,,,42,66,,109,411,214,,,,,,,416,,,257,,123,61,,,113,
2026-07-24T11:05:01+00:00,117,237,,,416,23,,,170,,,146,,169,,,,,,,,77,406,225,,210,,74,,,12,692,29,36,,209,,150,,,,115,,,,31,,,,,,,,,,,19,34,,,,177,,19,,,226,,,12,,,,175,,,,,330,55,109,88,87,87,,194,,,50,103,267,178,217,291,,277,,158,251,60,,116,90,,146,,,44,479,161,,148,171,313,,,409,23,38,98,493,97,190,,51,,294,,,,,,151,,,,,459,,,,,,142,,,,,,,209,,,,,592,,214,,101,,363,267,289,,283,41,,,727,,354,199,192,,,981,330,132,282,103,,231,309,355,111,54,,66,17,5,188,,,,,,,,97,,,,,,,,,91,,,,,72,,,,,,24,,,,,,,,11,70,,,,,,337,,5,82,,,,,38,,,,,103,,,,,,,,,,,,,,,,,159,152,,109,143,153,,347,17,,,,,,,,,,,,,,,232,,291,293,240,248,342,,,123,,29,,1046,,,,179,,78,,,,,,,,,,,,51,12,,,,,376,,,,,,,,167,,,,,,,,,,,,5,,,,,,,,,,,,226,99,25,,43,115,48,110,360,230,,,235,194,,145,,,13,86,,79,65,20,119,137,155,75,57,120,426,16,128,16,,,109,62,784,30,2212,53,164,,,,,,,,,,,,,,,,,,,,,,,,,,,,,,,,,,,,,,,,,,,,,,,,,,,,,,88,60,101,9,350,78,,,,,,,,,,,,,,,,,,,,,,,,,,,,,,,,,,,,,,,,,,,,,,,,,,,,,508,,104,280,18,36,164,81,464,39,136,275,,296,,131,40,67,,107,412,213,,,,,,,406,,,253,,124,62,,,104,
2026-07-24T11:10:01+00:00,116,244,,143,418,22,,41,,259,,151,,168,,,110,,,,,82,,228,272,206,,,,,9,695,30,40,18,,,148,,,,120,,,,,,,,,,,322,34,,,17,36,3,,,,3,11,5,84,225,74,,11,124,,,181,,,121,,,,,,,,,,,,,,,,,,,,,,,,,,,,,,,,,,,,,,,,,,,,,,,,,,,,,,,,,,,,,,,,,,,,,,,,,,210,,,365,,593,,220,,,,,265,286,529,279,38,,,726,,355,198,189,,,,,,,,,,,,,,,72,17,2,187,,,,,,,,,,,,,,,,,,,,,,,,,,,,,,,,,,,,,72,,,,,,346,,4,,129,,,,39,,,,,105,,,,,48,,,,,,,,,,,,153,154,122,114,145,150,,353,16,,,,,,,,,,,,,,,,74,293,301,241,251,344,,,128,,33,,1051,,,,178,,75,,,,,,,,,,,163,50,13,6,,,,372,,,,,,,,164,,,,,,,,,,,,,,,,,,,,,,,,224,100,24,78,40,116,,109,361,227,,,240,195,45,147,,,,87,,75,64,21,121,140,154,76,58,,425,14,129,,,197,98,64,786,43,2205,52,167,7,,,,,,,,,,,,,,,,,,,,,,,,,,,,,,,,,,,,,,,,,,,,,,,,,,,,,,,,,,,,42,50,,93,58,97,31,,68,188,66,206,,187,,188,,156,51,,,,,,,,,,,,,,,,,,,,,,,,,,,,,,,,,509,127,102,283,14,37,161,83,458,37,141,,,295,,134,34,,,106,413,212,,,,,,,404,,,255,,131,60,,,,
2026-07-24T11:10:02+00:00,,,,,,,,,,,,,,,,,,,,,,,,,,,,,,,,,,,,,,,,,,,,,,,,,,,,,,,,,,,,,,,,,,,,,,,,,,,,,,,,,,,,,,,,,,,,,,,,,,,,,,,,,,,,,,,,,,,,,,,,,,,,,,,,,,,,,,,,,,,,,,,,,,,,,,,,,,,,,,,,,,,,,,,,,,,,,,,,,,,,,,,,,,,,,,,,,,,,,,,,95,,128,,,,,,,92,,,,,68,,,,,,,,,,,,,,,,,,,,,,,,,,,,,,,,,,,,,,,,,,,,,,,,,,,,,,,,,,,,,,,,,,,,,,,,,,,,,,,,,,,,,,,,,,,,,,,,,,,,,,,,,,,,,,,,,,,,,,,,,,,,,,,,,,,,,,,,,,,,,,,,,,,,,,,,,,,,,,,,,,,,,,,,,,,,,,,,,,,,,,,,,,,,,,,,,,,,,,,,,,,,,,,,,,,,,,,,,,,,,,,,,,,,,,,,,,,,,,,90,70,100,15,356,77,10,,,,,,,,,,,,,,,,,,,,,,,,,,,,,,,,,,,,,,,,,,,,,,,,,,,,,,,,,,,,,,,,,,,,,,,,,,,,,,,,,,,,,,,,,,
2026-07-24T11:15:01+00:00,115,246,,,422,18,,,169,260,,156,,167,,,109,,,,,,408,232,271,205,,73,,,10,698,31,39,20,206,,153,,,104,121,,103,,,,,,,66,,323,,,,,38,4,,,,,8,6,,,70,,,125,,,182,,,122,235,328,54,122,102,90,,,195,,,55,,271,172,220,277,55,,219,153,256,50,,,,191,136,,607,42,469,159,,,168,315,24,,412,22,39,94,517,98,178,,52,,293,,,,,,149,,,,,460,,,,,,144,,,,,,,,,,,,,,,,,,,264,287,528,283,40,,,730,,,197,191,,428,1025,329,134,280,105,145,232,308,352,120,53,,64,17,3,180,,,,,,,,97,,130,,,,,,,,,,,,,,,,,,20,,,,,,,,,,,,,,,350,,5,,,,,,41,,,,,107,,,,,49,,,,,,,,,,,,149,162,,121,146,158,,354,,,,,,,,,,,,,,,,228,72,297,,240,256,345,108,,135,287,,,1054,,,,180,,74,,,,,,,,2,,,164,49,,5,,,,370,,,,,,,,163,,,,,,,,,,,,,,,,,,,,,,,,220,,25,81,39,,49,118,362,233,,,241,196,46,148,,,,88,,71,66,19,,139,,79,61,122,436,13,,15,,,,,,,,,,,,,,,,,,,,,,,,,,,,,,,,,,,,,,,,,,,,,,,,,,,,,,,,,,,,,,,88,66,101,18,361,80,9,,,,,,,,,,,,,,,,,,,,,,,,,,,,,,,,,,,,,,,,,,,,,,,,,,,,508,,104,282,,30,163,86,456,28,140,273,,294,,137,35,,,105,415,211,,,,,,,449,,,266,,,,,,92,
2026-07-24T11:20:01+00:00,,248,,,,,,38,166,259,,155,,168,,,110,,,,,83,407,236,,206,,72,,,11,693,,38,21,205,,149,,,,122,,,,,,,,,,,,,,,12,,5,,,178,,,10,,,71,,,,,,184,,,,234,,,,,,,,,,,,,,,,,,,,,,,,,,,,,,,,,,,,,,,,,,,,,,,,,,,,,,,,,,,,,,,,,,,,,,,,,207,,,,,589,,218,,102,,367,260,288,,280,,,,731,315,359,194,,,,,,,,,,,,,,56,,67,17,5,191,,,,,,,,96,,129,,,,,,,91,,,,,69,,,,,,21,,,,,,,,10,60,,,,,,348,,7,85,,,,,37,,,,,110,,,,,,,,,,,,,,,,139,155,166,,122,148,,,356,,,,,,,,,,,,,,,,,75,302,307,243,259,350,109,,137,292,32,,1060,,,,,,71,,,,,,,,3,,,162,47,15,4,,,,369,,,,,,,,158,,,,,,,,,,,,,,,,,,,,,,,,,,26,,40,117,,123,361,,,,239,200,,147,,,,89,133,68,65,18,124,135,153,84,59,124,441,,133,14,,200,99,62,782,55,2195,50,168,1,,,,,,,,,,,,,,,,,,,,,,,,,,,,,,,,,,,,,,,,,,,,,,,,,,,,,85,59,103,,355,79,,,,,,,,,,,,,,,,,,,,,,,,,,,,,,,,,,,,,,,,,,,,,,,,,,,,,511,,103,,,33,,87,459,32,,,,295,,136,34,,,106,416,,,,,,,,377,115,,264,,,59,,,,
2026-07-24T11:25:02+00:00,114,251,,,423,15,,,169,261,,160,,167,,,,,,,,79,408,248,266,203,,73,,,10,692,,39,19,203,,152,,,106,123,,104,,32,,,,,64,,322,33,,,13,,4,,,,,7,5,83,,,,,,,,187,,,,231,326,60,137,103,92,85,,193,,,56,99,272,173,222,270,56,,,162,254,43,108,,97,186,123,,610,43,461,,,147,167,319,23,,413,23,37,97,526,92,177,480,53,,292,,,,,,150,,,,,459,,,,,109,145,,,,,,,,,,,,,,231,,103,,369,261,287,521,282,41,,,,316,,192,189,,,1048,326,133,282,109,142,230,311,354,113,54,,,17,13,180,,,,,,,,94,,131,,,,,,,93,,,,,70,,,,,,20,,,,,,,,9,61,,,,,,350,,9,86,,,,,38,,,,,,,,,,,,,,,,,,,,,,153,169,124,,,,,,18,,,,,,,,,,,,,,,229,74,307,306,244,264,347,110,,142,297,31,,1068,,,,175,,69,,,,,,,,4,,,163,48,16,,,,,364,,,,,,,,155,,,,,,,,,,,,,,,,,,,,,,,,,,,80,39,,51,127,,236,,,,,,148,,,,,,66,66,,125,134,157,86,57,,444,,,15,,,102,,783,46,2192,49,172,3,,,,,,,,,,,,,,,,,,,,,,,,,,,,,,,,,,,,,,,,,,,,,,,,,,,,,,65,,21,,81,13,43,51,288,97,60,102,27,,69,184,79,,,185,,189,,157,52,,,,,,,,,,,,,,,,,,,,,,,,,,,,,,,,,512,,,280,12,39,164,,456,,142,274,91,296,,135,31,63,,108,418,212,,,,,,,368,,,269,,133,57,,,97,
2026-07-24T11:30:01+00:00,112,249,,,430,17,,34,,260,,159,,168,,,,,,,,82,406,,261,204,,72,,,,689,,38,21,202,,159,,8,105,120,,,,31,,,,,62,,326,,,,,37,5,,,,5,,0,,224,65,,,,,,188,,,,232,,,,,,,,,,,59,102,,170,220,271,,,,,255,42,,,93,188,128,,,,453,162,,146,169,320,,,416,,,,,,,,,,,,,,,,,,,,,,,,,,,,,,,,,,,,,,,,,,,,,,262,,517,285,42,,,734,318,363,195,185,,,,,,,,,,,,,56,,70,17,12,175,,,,,,,,90,,,,,,,,,91,,,,,73,,,,,,,,,,,,,,8,68,,,,,,363,,,,130,,,,,,,,,108,,,,,48,,,,,62,,,,,,,157,174,125,125,,159,,357,19,8,,,,,,,,,,,,,,231,70,,311,245,267,350,,,141,302,33,,1074,,,,173,,65,,,,,,,,5,,,159,,,3,,,,362,,,,,,,,152,,,,,,,,,,,,6,,,,,,,,,,,,223,,24,79,,,53,129,360,228,,,245,201,,149,,,15,,,62,63,,126,129,154,88,61,127,,12,135,14,,,,,,,,,,,,,,,,,,,,,,,,,,,,,,,,,,,,,,,,,,,,,,,,,,,,,,,,,,,,,,,86,67,102,17,368,79,11,,,,,,,,,,,,,,,,,,,,,,,,,,,,,,,,,,,,,,,,,,,,,,,,,,,,514,126,104,283,13,43,169,84,458,36,140,275,,300,,,32,,,107,423,210,,,,,,,,116,,265,,134,55,,,,
2026-07-24T11:35:02+00:00,111,254,,,427,18,,29,,,,164,,171,,,,,,,,84,405,251,264,206,,71,,,,684,,41,20,201,,161,,7,104,121,,103,,,,,,,64,,329,,,,18,38,,,,177,,8,,,223,,,,126,,,185,,,123,234,328,73,135,111,96,92,,191,,376,,98,,165,,279,55,,,166,258,36,106,,92,194,,,608,,458,164,93,152,163,,,,417,21,,,,,,,,,,,,,,,140,,,,,461,,,,,115,151,,,,,,,208,,,362,,586,,239,,101,,376,259,288,511,290,44,,,735,321,366,,184,313,430,1057,323,131,281,111,144,231,312,356,112,,,66,17,11,179,,,,,,,,91,,132,,,,,,,,,,,,,,,,,,18,,,,,,,,9,65,,,,,,367,,,85,,,,,44,,,,,111,,,,,,,,,,,,,,,,140,163,183,126,123,,158,,362,23,9,,,,,,,,,,,,,,233,76,314,319,246,268,352,109,,143,,34,,1077,,,,168,,64,,,,,,,,4,,,158,46,14,2,,,,361,,,,,,,,149,,,,,,,,,,,,,,,,,,,,,,,,,,27,78,35,,,130,363,227,,,251,205,,150,,,,,,59,,19,129,130,153,89,58,126,,10,136,,26,201,111,61,,38,2195,,175,10,,,,,,,,,,,,,,,,,,,,,,,,,,,,,,,,,,,,,,,,,,,,,,,,,,,,,114,104,99,26,374,88,15,,,,,,,,,,,,,,,,,,,,,,,,,,,,,,,,,,,,,,,,,,,,,,,,,,,,513,125,102,281,14,47,168,85,459,32,,276,,,,136,30,,,109,426,208,,,,,,,366,115,,264,,132,57,,,,
2026-07-24T11:40:01+00:00,112,255,,,426,22,,23,168,259,,163,,173,,,,,,,,86,,254,257,212,,72,,,11,679,,42,22,202,,160,,,103,,,101,,,,,,,,,330,32,,,,,6,,,178,,3,,,222,67,,,125,,,182,,,122,237,,,,,,,,,,,,,,,,,,,,,,,,,,,,,,,,,,,,,,,,,,,,,,,,,,,,,,,,,,,,,,,,,,,,,,,,,205,,,363,,587,,240,,,,378,257,289,497,293,40,,,,320,358,198,180,,,,,,,,,,,,,58,,69,17,10,174,,,,,,,,89,,128,,,,,,,,,,,,78,,,,,,17,,,,,,,,,71,,,,,,366,,,84,127,,,,46,,,,,109,,,,,,,,,,,,,,,,147,158,181,127,122,,155,,360,21,,,,,,,,,,,,,,,230,72,315,321,247,272,348,,,,305,32,,1075,,,,167,,61,,,,,,,,3,,,163,44,16,,,,,359,,,,,,,,152,,,,,,,,,,,,,,,,,,,,,,,,222,101,29,77,38,118,54,129,368,225,,38,252,207,,,,,,,131,57,,21,132,,157,90,56,119,443,7,,13,23,203,106,,781,30,2198,53,,12,,,,,,,,,,,,,,,,,,,,,,,,,,,,,,,,,,,,,,,,,,,,,,,,,,,,,,96,98,25,377,87,10,,,,,,,,,,,,,,,,,,,,,,,,,,,,,,,,,,,,,,,,,,,,,,,,,,,,514,126,104,277,16,51,167,84,460,31,138,277,90,301,,135,29,61,,,430,,,,,,,,362,,,257,,136,54,,,,
2026-07-24T11:45:02+00:00,113,257,,,436,20,,26,173,260,,162,,175,,,111,,,,,81,402,258,259,211,,,,,,687,32,38,24,,,163,,,105,120,,,,,,,,,63,,,33,,,14,,,,,,6,2,,,223,,,12,126,,,180,,,123,,326,74,134,105,100,90,,190,,377,,95,271,163,222,,56,278,,162,257,37,107,117,,192,,,605,45,,167,92,,161,331,,,416,23,40,102,551,91,173,470,52,,287,,,,,,132,,,,,460,,,,,120,149,,,,,,,,,,,,,,,,,,,254,,487,289,,,,731,,362,197,182,314,429,1066,328,132,284,122,145,232,,358,105,59,,75,16,,171,,,,,,,,93,,127,,,,,,,92,,,,,79,,,,,,20,,,,,,,,,79,,,,,,368,,,,128,,,,45,,,,,,,,,,49,,,,,,,,,,,152,151,,128,125,,162,,357,20,,,,,,,,,,,,,,,229,74,320,327,248,,352,110,,147,310,30,,1078,,,,163,,58,,,,,,,,,,,159,41,,3,,,,356,,,,,,,,148,,,,,,,,,,,,4,,,,,,,,,,,,223,,,,40,,57,135,373,221,,,257,206,45,148,,,,,129,54,64,20,141,,,98,58,117,451,6,,,26,205,103,,786,26,2196,52,177,17,,,,,,,,,,,,,,,,,,,,,,,,,,,,,,,,,,,,,,,,,,,,,,,,,,,,,111,97,96,30,372,88,9,,50,287,96,63,,31,,59,188,73,208,,193,,191,,159,57,,,,,,,,,,,,,,,,,,,,,,,,,,,,,,,,,512,127,,272,17,,168,82,459,30,139,,91,299,,134,,,,106,433,206,,,,,,,359,,,251,,137,53,,,,
2026-07-24T11:50:01+00:00,116,260,,,440,23,,25,176,259,,159,,180,,,110,,,,,84,403,260,256,209,,71,,,10,688,,39,,201,,162,,,108,,,100,,33,,,,,60,,,34,,,11,40,,,,175,5,1,,,,68,,,125,,,179,,,,234,,,,,,,,,,,63,106,269,162,221,284,,,,165,,,106,,90,194,130,,611,46,460,173,94,153,166,345,24,,,22,,,,,,,,,,,,,,,,,,,,459,,,,,122,150,,,,,,,209,,,365,,593,,251,,,,383,249,293,495,,38,,,722,317,366,198,174,,,,,,,,,,,,,58,,78,16,8,158,,,,,,,,98,,125,,,,,,,89,,,,,76,,,,,,,,,,,,,,8,85,,,,,,374,,12,85,129,,,,52,,,,,,,,,,50,,,,,64,,,,,,156,148,183,,128,147,157,,,21,,,,,,,,,,,,,,,224,75,324,340,,273,349,,,,314,,,1080,,,,160,,57,,,,,,,,,,,161,42,11,1,,,,354,,,,,,,,145,,,,,,,,,,,,5,,,,,,,,,,,,226,,30,80,41,117,,136,,227,,,260,,,,,,,,,55,66,18,144,129,156,,57,,,3,,,44,207,111,,,28,2198,51,179,19,,,,,,,,,,,,,,,,,,,,,,,,,,,,,,,,,,,,,,,,,,,,,,,,,,,,,115,95,93,,375,86,7,,,,,,,,,,,,,,,,,,,,,,,,,,,,,,,,,,,,,,,,,,,,,,,,,,,,,129,102,271,,58,,81,460,31,138,276,,296,,137,31,60,,,,203,,,,,,,355,,,254,,134,52,,,81,
2026-07-24T11:55:02+00:00,,262,,,446,,,33,180,258,,154,,,,,109,,,,,81,,263,259,210,,,,,11,686,,,22,202,,166,,,107,118,,,,32,,,,,,,329,32,,,15,,,,,,,,,82,,67,2,14,,,,181,,,126,,321,70,131,108,101,94,,189,,376,64,112,270,163,223,297,53,277,220,169,,,,119,83,196,136,170,614,48,461,178,95,152,,350,,,415,23,,99,545,93,166,471,53,,280,,,,,,,,,,,,,,,,,,,,,,,,,,,,,,,,,,,,247,292,510,287,,,,721,315,,195,168,,428,1073,332,131,277,127,147,,311,363,98,57,,,17,5,160,,,,,,,,100,,123,,,,,,,95,,,,,78,,,,,,22,,,,,,,,,92,,,,,,373,,11,,,,,,55,,,,,106,,,,,51,,,,,65,,,,,,157,150,,129,130,148,,,361,20,,,,,,,,,,,,,,,,83,327,342,251,277,354,109,,,316,27,,1087,,,,,,,,,,,,,,2,,,,39,13,,,,,352,,,,,,,,143,,,,,,,,,,,,6,,,,,,,,,,,,234,,28,82,42,118,56,141,376,223,,37,262,208,,153,,,16,87,130,50,60,,157,126,158,103,59,116,462,1,133,12,0,203,131,,782,36,2195,49,178,13,,,,,,,,,,,,,,,,,,,,,,,,,,,,,,,,,,,,,,,,,,,,,,,,,,,,,120,90,97,,377,87,,,,,,,,,,,,,,,,,,,,,,,,,,,,,,,,,,,,,,,,,,,,,,,,,,,,,515,,100,269,20,62,166,,458,33,134,,89,,,,29,,,107,,,,,,,,,354,,,256,,132,48,,,,
2026-07-24T12:00:01+00:00,114,261,,,447,25,,31,183,257,,149,,177,,,,,,,,,404,268,,208,,70,,,10,683,31,,24,205,,168,,,106,120,,102,,,,,,,61,,330,31,,,12,39,7,,,176,,3,,,,68,1,,,,,182,,,127,235,,,,,,,,,,,,,,,,,,,,,,,,,,,,,,,,,,,,,,,,,,,,,,,,,,,,,,,130,,,,,458,,,,,114,148,,,,,,,,,,363,,,,253,,103,,388,,300,523,291,41,,,716,313,364,189,171,,,,,,,,,,,,,58,,80,17,3,157,,,,,,,,99,,124,,,,,,,96,,,,,77,,,,,,21,,,,,,,,7,97,,,,,,,,12,84,130,,,,57,,,,,107,,,,,52,,,,,,,,,,,,151,186,128,126,147,152,,,21,,,,,,,,,,,,,,,232,86,331,346,,278,361,110,,145,,26,,1093,,,,156,,53,,,,,,,,3,,,159,40,11,,,,,349,,,,,,,,142,,,,,,,,,,,,,,,,,,,,,,,,236,,30,,,,,142,378,220,,,263,209,,,,,15,,,51,66,15,164,,159,106,,115,474,0,131,,1,,134,,784,26,2190,,177,11,,,,,,,,,,,,,,,,,,,,,,490,67,100,,654,,223,174,212,,351,,,92,103,,,,,,20,,,151,70,91,,67,,148,152,121,99,98,31,369,,5,40,64,289,81,61,110,34,,43,198,83,201,,196,34,187,,154,58,,,,,,,,,,,,,,,,,,,,,,,,,,,,,,,,,514,125,,259,18,70,168,80,459,31,135,,,295,,136,30,56,,110,432,202,,,,,,,353,,,265,,127,,,,70,
2026-07-24T12:05:02+00:00,,262,,145,445,22,,35,186,262,,153,,173,,,108,,,,,78,403,274,264,,,68,,,9,682,,40,27,204,,170,,,104,118,,,,,,,,,64,,331,,,,,40,,,,177,4,0,,83,,67,,,,,,181,,,124,236,318,77,,111,104,96,,,,377,63,115,273,166,222,294,52,,221,168,258,,107,118,79,,133,,,,,177,96,153,163,343,,,,22,42,105,551,96,167,470,,,285,,,,,,,,,,,,,,,,,,,,,,,,,,,,,,,,,,,,246,301,527,300,42,,,714,311,370,196,173,,431,1084,336,128,273,133,145,231,,369,97,59,,84,17,2,160,,,,,,,,98,,125,,,,,,,97,,,,,,,,,,,19,,,,,,,,,104,,,,,,378,,11,83,,,,,,,,,,109,,,,,,,,,,66,,,,,,158,148,195,129,132,144,147,,358,17,10,,,,,,,,,,,,,,,97,330,343,252,279,368,111,,142,311,21,,1100,,,,,,54,,,,,,,,2,,,155,38,12,0,,,,346,,,,,,,,137,,,,,,,,,,,,8,,,,,,,,,,,,235,100,28,86,38,,58,145,380,222,,38,264,211,,152,,,,86,131,53,72,13,167,,156,110,62,116,492,1,130,13,0,205,140,58,780,19,2188,52,178,14,,,,,,,,,,,,,,,,,,,,,,493,,117,,660,,239,181,179,242,349,,,102,105,,,,,,28,,,158,95,120,104,105,,189,161,125,104,96,30,378,84,1,,,,,,,,,,,,,,,,,,,,,,,,,,,,,,,,,,,,,,,,,,,,,,,,,,,,513,126,99,256,19,71,163,,,32,136,,90,296,,138,29,54,,113,431,,,,,,,,349,,,266,,129,47,,,80,
2026-07-24T12:10:02+00:00,116,264,,,447,24,,34,191,,,157,,,,,106,,,,,76,401,276,266,205,,,,,10,,,38,28,202,,172,,,103,117,,103,,31,,,,,61,,334,32,,,14,41,,,,178,5,1,,,,68,2,,,,,,,,125,234,,,,,,,,,,,59,114,271,167,221,292,50,279,,175,262,,,,80,,129,169,615,,,176,,152,165,344,,,418,21,,,,,,,,,,,,,,,125,,,,,460,,,,,113,150,,,,,,,206,,,365,,589,,251,,104,,391,,303,533,301,,,,716,312,368,194,170,,,,,,,,,,,,,58,,86,17,,162,,,,,,,,100,,123,,,,,,,98,,,,,,,,,,,17,,,,,,,,8,115,,,,,,383,,12,82,131,,,,60,,,,,108,,,,,53,,,,,,,,,,,,147,199,130,131,143,146,,360,14,11,,,,,,,,,,,,,,,103,334,349,255,286,,,,140,309,26,,1110,,,,153,,53,,,,,,,,0,,,153,37,14,2,,,,344,,,,,,,,131,,,,,,,,,,,,7,,,,,,,,,,,,234,,,88,,119,62,147,384,223,,,268,,46,,,,,88,132,48,71,15,176,127,157,117,,,507,4,,16,,,,,,,,,,,,,,,,,,,,,,,,,,,,,,,,495,66,119,,656,,240,182,178,243,350,,,101,106,,,,,,29,,,157,92,124,106,100,,190,,196,138,97,27,465,87,4,,,,,,,,,,,,,,,,,,,,,,,,,,,,,,,,,,,,,,,,,,,,,,,,,,,,515,128,97,254,15,69,,,461,36,,277,91,295,,140,27,53,,114,,201,,,,,,,345,114,,267,,131,49,,,,
2026-07-24T12:15:01+00:00,117,,,,451,27,,42,195,263,,,,179,,,104,,,,,,404,,268,209,,70,,,9,679,32,,30,,,167,,,102,116,,102,,33,,,1191,,64,,337,33,,,,42,,,,,6,3,,,,66,,,,,,,,,123,,314,90,129,116,109,101,,190,,,,,,,,,,,,,,,,,,,,,,,,,,,,,,,,,,,,,,,,,,,,,,,,,,,,,,,,,,,,,,,,,,,,,,,,,,,,,,305,534,302,43,,,723,313,374,193,166,,429,1088,331,129,274,134,147,234,308,368,108,65,,89,16,,173,,,,,,,,,,124,,,,,,,101,,,,,,,,,,,,,,,,,,,11,116,,,,,,395,,,79,132,,,,65,,,,,,,,,,50,,,,,,,,,,,156,144,201,133,135,145,148,,358,10,,,,,,,,,,,,,,,235,101,333,354,256,,366,,,142,310,29,,1119,,,,149,,,,,,,,,,3,,,151,,13,4,,,,,,,,,,,,133,,,,,,,,,,,,6,,,,,,,,,,,,233,,27,,37,120,63,149,385,221,,,272,210,,153,,,,,,49,73,14,179,,,119,60,,519,3,,,,207,138,57,783,24,,55,177,20,,,,,,,,,,,,,,,,,,,,,,,,,,,,,,,,,,,,,,,,,,,,,,,,,,,,,198,145,99,23,470,92,11,39,71,,78,60,106,37,,34,197,,202,,204,,199,,148,62,,,,,,,,,,,,,,,,,,,,,,,,,,,,,,,,,516,127,,,14,73,159,,464,37,141,275,,297,,142,25,52,,118,430,202,,,,,,,339,,,276,,130,48,,,78,
2026-07-24T12:20:01+00:00,,265,,,450,28,,44,189,264,,,,183,,,98,,,,,74,403,278,274,203,,69,,,10,684,,37,32,201,,162,,,103,120,,104,,34,,,1147,,,,,32,,,11,,8,,,,5,4,31,84,224,65,4,,,,,186,,,,,,,,,,,,,,,54,118,280,171,,299,47,280,,171,263,35,108,,81,193,122,,619,52,,182,97,,175,360,,,419,,45,95,568,104,161,464,54,121,283,,,,,,132,,,,,465,,,,,115,149,,,,,,,201,,,367,,,,242,,101,,392,244,307,535,303,44,,,728,314,376,198,171,,,,,,,,,,,,,,,90,16,1,179,,,,,,,,,,127,,,,,,,100,,,,,78,,,,,,19,,,,,,,,,103,,,,,,401,,11,77,133,,,,68,,,,,109,,,,,,,,,,,,,,,,,146,205,131,134,144,,,,,10,,,,,,,,,,,,,,236,106,332,359,,292,370,110,,,309,28,,1133,,,,152,,,,,,,,,,0,,,153,39,14,,,,,343,,,,,,,,138,,,,,,,,,,,,5,,,,,,,,,,,,228,,28,86,,124,64,154,383,223,,,281,211,,150,,,,89,131,46,76,13,180,128,155,125,63,,539,0,,18,,212,141,,786,26,2185,53,178,19,,,,,,,,,,,,,,,,,,,,,,498,,123,,657,,243,186,174,,349,,,102,105,,,,,,31,,,155,95,132,,101,,196,163,202,150,104,19,476,,7,,,,,,,,,,,,,,,,,,,,,,,,,,,,,,,,,,,,,,,,,,,,,,,,,,,,518,128,98,257,12,,161,,462,36,145,278,,300,,,24,,,119,429,,,,,,,,338,,,274,,135,51,,,,
2026-07-24T12:25:01+00:00,,,,,,27,,38,184,266,,155,,178,,,95,,,,,,406,276,276,206,,68,,,,,,36,30,199,,,,,102,122,,107,,,,,1142,,,,340,,,,9,,,,,179,6,1,,,223,64,2,,,,,189,,,122,235,,88,138,117,110,104,,192,,378,53,120,285,176,224,298,,279,222,173,261,28,,,85,191,114,170,621,51,460,181,95,153,176,362,,,420,22,,,,,,,,,,,,,,,,,,,,,,,,,,,,,,,,,204,,,371,,588,,251,,103,,401,238,,537,304,45,,,730,315,385,195,182,,426,1096,,128,273,138,146,230,313,371,110,62,,91,17,0,176,,,,,,,,102,,130,,,,,,,102,,,,,81,,,,,,18,,,,,,,,,105,,,,,,405,,12,,132,,,,,,,,,,,,,,,,,,,67,,,,,,155,147,208,130,136,147,145,,360,8,,,,,,,,,,,,,,,239,109,333,363,257,295,375,,,140,310,29,,1138,,,,154,,,,,,,,,,1,,,,,13,,,,,342,,,,,,,,137,,,,,,,,,,,,4,,,,,,,,,,,,225,99,31,85,34,125,65,157,379,217,,,291,212,,154,,,,90,,48,78,,183,125,156,128,64,117,557,1,131,19,,213,138,,785,32,2196,59,179,24,,,,,,,,,,,,,,,,,,,,,,505,,126,,655,,244,192,173,,348,,,101,106,,,,,,32,,,160,96,134,105,96,,198,,210,163,106,17,474,91,6,,,,,,,,,,,,,,,,,,,,,,,,,,,,,,,,,,,,,,,,,,,,,,,,,,,,519,,96,252,11,70,,,463,,142,279,93,296,,143,23,51,,121,428,205,,,,,,,339,,,270,,132,,,,87,
2026-07-24T12:30:02+00:00,121,,,,447,24,,44,185,265,,,,175,,,92,,,,,80,405,279,,208,,72,,,11,687,,35,32,201,,165,,,105,124,,,,,,,1138,,65,,344,,,,6,,9,,,,,0,30,,,63,,,124,,,188,,,124,233,,94,139,119,113,103,,194,,,,,,,,,,,,,,,,,,,,,,,,,,,,,,,,,43,93,572,107,158,469,,,284,,,,,,128,,,,,468,,,,,116,144,,,,,,,,,,,,,,,,,,,,310,,307,,,,729,316,386,,180,,,,,,,,,,,,,,,95,17,4,172,,,,,,,,104,,132,,,,,,,,,,,,,,,,,,19,,,,,,,,,108,,,,,,,,11,78,,,,,71,,,,,,,,,,49,,,,,,,,,,,156,,213,131,134,148,151,,359,7,9,,,,,,,,,,,,,,242,120,334,369,259,298,,,,,309,30,,1144,,,,161,,52,,,,,,,,0,,,151,43,17,3,,,,,,,,,,,,136,,,,,,,,,,,,6,,,,,,,,,,,,226,96,,90,36,126,,,380,218,,,296,214,,155,,,16,,132,46,80,14,185,121,153,132,62,114,574,0,,,,220,122,58,784,30,2192,,183,23,,,,,,,,,,,,,,,,,,,,,,501,,129,,654,,,194,171,,347,,,103,,,,,,,28,,,158,95,143,102,98,,202,164,212,174,105,28,480,90,4,41,67,288,89,62,99,34,,33,195,86,204,,201,35,209,,149,65,,,,,,,,,,,,,,,,,,,,,,,,,,,,,,,,,520,130,95,253,8,78,165,83,462,41,140,281,,297,,147,24,48,,,431,203,,,,,,,,,,279,,,,,,,
2026-07-24T12:35:02+00:00,124,,58,,450,22,,42,188,264,,160,,171,,,91,,,,,76,406,285,279,210,,,,,12,,,38,,,,167,,,106,125,,106,,,,,1134,,64,,345,,,,5,43,,,,,5,1,28,,,,3,,,,,192,,,,236,,,,,,,,,,,56,119,289,181,225,297,46,,,177,262,29,109,120,86,186,110,,622,,461,182,96,,,361,,,,19,41,90,581,103,156,467,53,120,282,,,,,,127,,,,,,,,,,113,,,,,,,,202,,,376,,591,,250,,107,,404,235,,535,306,,,,724,315,384,201,172,316,,1102,322,127,272,144,150,232,312,373,104,64,,106,17,5,175,,,,,,,,,,133,,,,,,,100,,,,,80,,,,,,20,,,,,,,,10,104,,,,,,410,,12,,131,,,,73,,,,,107,,,,,50,,,,,68,,,,,,,152,223,132,139,150,146,,357,6,,,,,,,,,,,,,,,244,125,,374,260,302,378,,,144,310,32,,1153,,,,159,,49,,,,,,,,,,,153,44,15,7,,,,343,,,,,,,,142,,,,,,,,,,,,,,,,,,,,,,,,229,94,,,38,,69,161,378,224,,,297,216,,,,,,,,47,81,16,186,116,155,136,60,115,583,1,132,20,,219,113,59,778,26,2190,62,182,18,,,,,,,,,,,,,,,,,,,,,,500,67,133,,657,,249,192,165,,350,,,102,102,,,,,,27,,,156,94,151,98,90,,,165,,191,106,24,476,,10,,,,,,,,,,,,,,,,,,,,,,,,,,,,,,,,,,,,,,,,,,,,,,,,,,,,524,127,93,251,5,,166,,460,46,,282,,298,,145,,47,,119,432,207,,,,,,,335,116,,277,,136,52,,,,
2026-07-24T12:40:02+00:00,,267,,,452,20,,47,190,265,,158,,172,,,87,,,,,78,407,286,277,207,,71,,,11,697,,39,31,198,,170,,,105,126,,,,,,,1123,,,,348,,,,1,45,8,,,,4,3,31,,,,1,15,125,,,,,,,234,311,89,140,131,114,97,,197,,,,,,,,,,,,,,,,,,,,,,,,,,,,,,,,,,,,,,,,,,,,,,,,,,,,,,,,,,,,,,,,,,,,,,,,,,,,,230,309,,310,44,,,725,316,389,198,169,,,,,,,,,,,,,61,,,16,2,190,,,,,,,,106,,131,,,,,,,104,,,,,81,,,,,,23,,,,,,,,,103,,,,,,415,,14,81,130,,,,70,,,,,108,,,,,,,,,,,,,,,,158,155,229,130,141,,145,,,8,8,,,,,,,,,,,,,,246,126,336,377,262,,377,111,,147,312,30,,1170,,,,158,,48,,,,,,,,,,,155,39,19,6,,,,344,,,,,,,,137,,,,,,,,,,,,,,,,,,,,,,,,226,,,92,35,,,162,,222,,,299,,,152,,,,,134,40,78,15,189,113,157,139,59,116,598,0,131,,,,110,,775,48,2192,63,181,23,,,,,,,,,,,,,,,,,,,,,,497,68,138,,660,,252,,,244,352,,,106,,,,,,,28,,,160,93,,99,83,10,204,167,223,195,104,28,,,,,,,,,,,,,,,,,,,,,,,,,,,,,,,,,,,,,,,,,,,,,,,,,,,,,,,526,129,91,247,3,72,164,80,455,45,135,281,94,295,,,25,45,,118,430,209,,,,,,,,117,,,,138,,,,,
2026-07-24T12:45:01+00:00,,268,,,449,24,,48,188,267,,170,,173,,,83,,,,,,405,289,278,213,,70,,,10,,,33,,,,172,,,104,127,,,,,,,1124,,63,,,33,,,4,46,9,,,,3,2,30,,,,4,16,124,,,198,,,123,236,,,,,,,,,,377,55,121,288,179,226,301,44,281,,188,267,30,,,93,192,113,,,52,469,186,93,,184,370,,,422,24,,82,582,106,151,469,,119,277,,,,,,124,,,,,474,,,,,114,153,,,,,,,205,,,375,,595,,251,,110,,408,228,311,533,308,,,,728,317,385,201,166,,420,1104,317,128,277,147,149,230,315,370,110,57,,109,16,3,194,,,,,,,,108,,129,,,,,,,103,,,,,,,,,,,,,,,,,,,,,,,,,,,,16,80,,,,,74,,,,,109,,,,,52,,,,,,,,,,,156,157,,131,138,146,,,361,10,7,,,,,,,,,,,,,,242,123,335,,263,303,374,112,,,311,,,1180,,,,156,,43,,,,,,,,1,,,,43,20,5,,,,343,,,,,,,,141,,,,,,,,,,,,,,,,,,,,,,,,219,93,30,93,31,129,,163,380,223,,,298,215,,,,,,91,137,36,81,16,192,114,156,143,62,118,609,,,22,,,,,,,,,,,,,,,,,,,,,,,,,,,,,,,,,,,,,,,,,,,,,,,,,,,,,,,,,,,,,,,222,202,106,,477,93,18,,71,287,90,64,100,32,,35,196,76,206,,200,36,218,,152,70,,,,,,,,,,,,,,,,,,,,,,,,,,,,,,,,,529,130,,242,5,75,167,,454,39,,,,,,144,29,,,117,429,211,,,,,,,336,,,265,,,51,,,,
2026-07-24T12:50:01+00:00,121,270,,,450,22,,46,185,269,,169,,171,,,81,,,,,77,406,285,280,211,,69,,,,696,,37,30,197,,171,,,,130,,107,,,,,1121,,,,349,,,,3,,,,,,,1,26,,224,64,3,15,123,,,200,,,,234,318,93,136,126,115,92,,,,378,48,120,298,176,228,300,42,279,221,183,269,,111,119,90,195,111,,620,53,463,188,94,158,186,364,,,423,23,,,,,,,,,,,,,,,,,,,,,,,,,,,,,,,,,,,,,,,,,,,,,,313,,,43,,,730,320,384,202,171,,,,,,,,,,,,,56,,113,16,7,197,,,,,,,,,,130,,,,,,,104,,,,,83,,,,,,22,,,,,,,,,105,,,,,,413,,,82,,,,,,,,,,110,,,,,,,,,,,,,,,,154,155,225,,144,147,146,,364,12,6,,,,,,,,,,,,,,238,129,337,384,265,305,378,,,,308,31,,1187,,,,151,,,,,,,,,,,,,,41,19,4,,,,340,,,,,,,,144,,,,,,,,,,,,,,,,,,,,,,,,224,92,31,,32,128,,164,381,217,,,299,,,154,,,,89,139,37,80,17,193,111,157,146,61,116,619,,129,23,,217,107,58,779,54,2190,66,,19,,,,,,,,,,,,,,,,,,,,,,495,66,136,,666,,254,195,158,243,,,,,99,,,,,,,,,163,94,147,96,67,12,208,168,220,205,,36,471,92,22,,,,,,,,,,,,,,,,,,,,,,,,,,,,,,,,,,,,,,,,,,,,,,,,,,,,532,,,237,8,70,166,,,35,136,282,,294,,145,28,41,,116,426,,,,,,,,335,,,256,,136,,,,94,
2026-07-24T12:55:02+00:00,118,269,,,,23,,43,186,270,,173,,174,,,78,,,,,80,,289,276,210,,,,,,699,31,39,33,,,169,,,102,129,,,,,,,1114,,61,,,32,,,,,,,,,4,,25,,,,6,,124,,,204,,,,236,,,,,,,,,,,,,,,,,,,,,,,,,,,,,,,,,,,,,,,,,,86,571,,145,471,,115,286,,,,,,120,,,,,477,,,,,113,154,,,,,,,201,,,370,,600,,,,112,,422,227,315,531,319,44,,,731,,388,200,167,317,422,1106,304,125,272,150,154,225,314,368,115,,,115,16,8,201,,,,,,,,107,,,,,,,,,105,,,,,88,,,,,,,,,,,,,,9,111,,,,,,416,,17,,129,,,,76,,,,,111,,,,,,,,,,,,,,,,,161,226,133,145,,149,,366,,4,,,,,,,,,,,,,,234,120,338,383,266,308,377,,,148,312,27,,1190,,,,154,,45,,,,,,,,,,,154,40,18,3,,,,339,,,,,,,,145,,,,,,,,,,,,7,,,,,,,,,,,,227,,,90,,129,68,165,380,216,,,,214,45,155,,,,,,31,76,19,,112,,,62,,627,,,21,,,93,55,785,70,2189,,182,23,,,,,,,,,,,,,,,,,,,,,,,67,139,,668,,,194,161,244,351,,,,100,,,,,,30,,,164,98,140,92,65,11,210,167,227,204,110,34,466,89,20,,,,,,,,,,,,,,,,,,,,,,,,,,,,,,,,,,,,,,,,,,,,,,,,,,,,533,,88,,,69,167,84,456,33,138,279,,297,,146,23,40,,113,425,210,,,,,,,,,,257,,138,52,,,,
2026-07-24T13:00:01+00:00,,,,,449,25,,,,274,,175,,179,,,77,,,,,82,405,288,275,,,,,,,700,30,,,195,,168,,,,128,,106,,33,,,1107,,60,,343,33,,,,45,,,,,,,26,,,63,4,16,,,,208,,,125,,315,82,144,125,111,,,,,,45,121,,178,,301,,,,193,268,,,120,92,199,105,,618,54,461,189,93,,,370,,,424,21,,,,,,,,,,,,,,,121,,,,,480,,,,,114,156,,,,,,,199,,,373,,602,,247,,111,,424,230,311,532,325,45,,,729,321,376,197,,,,,,,,,,,,,,55,,123,16,,,,,,,,,,105,,125,,,,,,,107,,,,,,,,,,,23,,,,,,,,,112,,,,,,415,,18,,,,,,71,,,,,113,,,,,51,,,,,,,,,,,,159,229,,143,,140,,363,11,,,,,,,,,,,,,,,242,121,342,385,267,310,380,,,,316,34,,1194,,,,150,,44,,,,,,,,4,,,156,43,17,6,,,,334,,,,,,,,148,,,,,,,,,,,,,,,,,,,,,,,,228,91,29,91,31,130,69,164,377,221,,,302,211,,154,,,,90,141,37,,18,197,,161,155,61,118,638,,,20,,213,94,,790,68,2190,64,183,25,,,,,,,,,,,,,,,,,,,,,,,,,,,,,,,,,,,,,,,,,,,,,,,,,,,,,,223,113,38,458,91,19,,,,,,,,,,,,,,,,,,,,,,,,,,,,,,,,,,,,,,,,,,,,,,,,,,,,536,131,89,243,11,67,,86,455,,140,,95,296,,145,,43,,,,212,,,,,,,329,,,255,,,50,,,91,
2026-07-24T13:05:02+00:00,,268,,,,26,,46,187,276,,174,196,182,,,,,,,,,444,287,278,,,,,,,,,41,35,196,,,,,103,129,,105,,32,,,1108,,54,,,34,,,4,,,,,178,,0,27,,,65,,,125,,,207,,,,,,,,,,,,,,377,46,129,300,,227,298,44,,,191,267,33,,,97,200,95,,620,56,458,193,94,157,188,384,,,428,22,42,93,559,,146,469,52,122,287,,,,,,,,,,,,,,,,,,,,,,,,,,,,,,,,,,,,232,,527,328,46,,,,320,378,198,165,316,423,1112,292,122,274,153,156,226,310,,122,57,,122,16,16,205,,,,,,,,102,,130,,,,,,,108,,,,,90,,,,,,,,,,,,,,10,107,,,,,,418,,,84,,,,,,,,,,111,,,,,,,,,,66,,,,,,153,161,228,,145,145,139,,364,,,,,,,,,,,,,,,,244,129,,391,,,376,115,,151,312,31,,1202,,,,,,41,,,,,,,,3,,,,41,14,5,,,,336,,,,,,,,144,,,,,,,,,,,,6,,,,,,,,,,,,231,,28,89,,,68,167,379,219,,40,301,207,,156,,,,89,142,43,79,,199,,160,156,57,119,644,,130,18,,212,95,,780,75,2192,,,24,,,,,,,,,,,,,,,,,,,,,,492,,145,,673,,249,196,,245,,,,107,97,,,,,,25,,,159,102,147,88,63,10,212,163,226,224,115,35,455,92,26,44,72,,91,57,102,29,,21,199,69,197,,201,59,229,,158,79,,,,,,,,,,,,,,,,,,,,,,,,,,,,,,,,,538,129,88,242,5,69,164,83,457,,141,280,94,,,143,22,41,,115,,,,,,,,,332,,,261,,137,51,,,89,
2026-07-24T13:10:02+00:00,116,267,,,448,22,,45,185,275,,173,,179,,,76,,,,,85,,288,272,205,,70,,,11,706,31,43,34,,,174,,,,125,,104,,33,,,1104,,53,,344,35,,,,44,,,,179,1,,,,,68,,,,,,,,,,232,317,85,147,126,110,86,,,,,,,,,,,,,,,,,,,,,,,,,,,,,,,,,,,,87,560,107,151,467,51,123,283,,,,,,117,,,,,482,,,,,109,158,,,,,,,195,,,372,,,,257,,116,,429,231,312,522,332,44,,,,321,380,193,161,,,,,,,,,,,,,58,,124,16,20,206,,,,,,,,,,129,,,,,,,109,,,,,89,,,,,,22,,,,,,,,,,,,,,,419,,,89,130,,,,76,,,,,112,,,,,50,,,,,67,,,,,,,168,232,,147,143,144,,366,10,,,,,,,,,,,,,,,247,132,346,401,266,313,371,116,,,308,27,,1211,,,,154,,,,,,,,,,,,,158,,17,4,,,,332,,,,,,,,149,,,,,,,,,,,,,,,,,,,,,,,,233,95,26,90,30,,,164,382,224,,,300,211,44,157,,,,87,141,36,78,17,,,155,166,56,115,657,,129,,,213,90,56,788,72,2188,59,,22,,,,,,,,,,,,,,,,,,,,,,,,,,,,,,,,,,,,,,,,,,,,,,,,,,,,,227,231,118,36,452,91,30,,,,,,,,,,,,,,,,,,,,,,,,,,,,,,,,,,,,,,,,,,,,,,,,,,,,,131,86,244,,68,168,85,453,32,147,281,95,295,,142,26,40,,111,,210,,,,,,,333,,,,,139,,,,,
2026-07-24T13:15:02+00:00,117,269,,,443,,,39,187,,,174,197,,,,74,,,,,,445,293,278,,,,,,12,712,,39,37,193,,170,,8,105,124,,,,,,,1095,,55,,,36,,,3,47,,,,180,0,1,,,,67,10,,126,,,208,,,131,228,,,,,,,,,,378,44,135,301,179,228,,47,277,222,190,268,28,,119,102,202,100,,619,57,,,95,158,190,381,,,430,23,,,,,,,,,,,,,,,,,,,,,,,,,,,,,,,,,,,,,,,,,,,,,,314,523,341,45,,,726,322,367,195,157,,420,1114,299,124,278,157,160,219,313,,120,57,,128,16,10,205,,,,,,,,100,,131,,,,,,,110,,,,,,,,,,,,,,,,,,,9,111,,,,,,424,,19,,,,,,74,,,,,113,,,,,51,,,,,,,,,,,155,,230,136,153,147,152,,365,15,6,,,,,,,,,,,,,,251,131,348,397,267,,377,,,,310,28,,1217,,,,151,,44,,,,,,,,,,,159,45,16,3,,,,330,,,,,,,,152,,,,,,,,,,,,,,,,,,,,,,,,,109,23,,27,,,166,385,226,,,,213,45,156,,,,,,35,80,15,203,104,158,172,,,667,1,128,16,,215,81,,785,74,2194,62,184,15,,,,,,,,,,,,,,,,,,,,,,497,65,,,,,247,198,163,248,352,,,106,,,,,,,,,,161,104,158,,64,18,,161,234,241,121,37,456,95,29,,,,,,,,,,,,,,,,,,,,,,,,,,,,,,,,,,,,,,,,,,,,,,,,,,,,539,130,,247,3,67,172,,452,34,150,280,,,,146,27,42,,,423,212,,,,,,,334,,,264,,,49,,,97,
2026-07-24T13:20:01+00:00,118,,,,442,,,44,188,278,,167,198,182,,,,,,,,90,,298,276,,,72,,,9,715,,45,,192,,169,,,100,127,,,,,,,1086,,54,,347,37,,,6,,,,,,,3,29,,223,,,,125,,,209,,,129,230,308,91,145,130,107,84,,,,,,,,,,,,,,,,,,,,,,,,,,,,,,,,,,,45,93,562,108,154,470,52,122,286,,,,,,101,,,,,485,,,,,108,157,,,,,,,199,,,371,,,,278,,114,,447,227,319,521,345,46,,,724,,359,199,158,,,,,,,,,,,,,,,124,16,2,217,,,,,,,,103,,132,,,,,,,113,,,,,,,,,,,,,,,,,,,8,118,,,,,,428,,17,88,,,,,77,,,,,114,,,,,,,,,,,,,,,,153,171,228,137,152,149,149,,,12,,,,,,,,,,,,,,,248,127,349,407,271,311,380,,,154,307,30,,1223,,,,150,,41,,,,,,,,5,,,160,46,,,,,,327,,,,,,,,153,,,,,,,,,,,,,,,,,,,,,,,,225,111,25,,28,,67,167,,222,,,305,212,,158,,,,88,,32,78,,,100,157,173,53,112,678,0,,,1,210,78,55,777,85,2198,61,185,,,,,,,,,,,,,,,,,,,,,,,499,,146,,670,,249,199,162,247,,,,103,98,,,,,,,,,163,103,162,87,56,,216,162,235,245,125,40,466,97,33,43,74,289,100,58,100,27,,20,191,68,199,,200,37,232,,160,69,,,,,,,,,,,,,,,,,,,,,,,,,,,,,,,,,542,132,80,242,4,64,171,84,,32,153,281,93,297,,147,,43,,109,422,211,,,,,,,337,,,261,,140,,,,,
2026-07-24T13:25:01+00:00,,,,,440,23,,42,187,279,,164,199,181,,,75,,,,,92,449,,271,208,,71,,,,716,,35,35,191,,166,,,,128,,105,,,,,1072,,,,349,,,,,,10,,,179,,,31,,222,64,12,,,,,,,,124,,312,96,141,136,108,80,,198,,379,36,134,308,184,,299,46,,,,,29,110,,108,194,95,,625,,464,,,164,195,392,,13,434,22,,,,,,,,,,,,,,,,,,,,,,,,,,,,,,,,,,,,,,,,,,,,,233,320,513,344,,,,731,,357,200,159,312,417,1122,287,128,283,167,161,210,312,355,122,55,,126,16,,211,,,,,,,,107,,,,,,,,,112,,,,,92,,,,,,21,,,,,,,,9,121,,,,,,433,,19,89,131,,,,72,,,,,117,,,,,,,,,,,,,,,,151,176,,,154,152,150,,374,,,,,,,,,,,,,,,,250,126,350,415,272,,385,,,157,308,34,,1227,,,,,,39,,,,,,,,,,,157,47,13,4,,,,324,,,,,,,,164,,,,,,,,,,,,,,,,,,,,,,,,220,110,27,86,,131,70,170,387,221,,,,211,46,,,,,,,36,80,16,210,105,152,175,48,115,687,1,,13,2,212,74,,772,93,2200,,,18,,,,,,,,,,,,,,,,,,,,,,497,,145,,,,253,197,163,243,350,,,104,99,,,,,,27,,,,102,163,85,,,214,,,243,124,38,476,,,,,,,,,,,,,,,,,,,,,,,,,,,,,,,,,,,,,,,,,,,,,,,,,,,,,,,134,81,239,2,,172,87,455,35,154,278,92,296,,,22,,,107,423,207,,,,,,,334,,,266,,143,48,,,88,
2026-07-24T13:30:01+00:00,122,271,,146,444,25,,47,188,282,,163,,182,,,73,,,,,89,,302,272,199,,,,,8,718,,34,34,189,,169,,,,127,,,,,,,1075,,,,356,,,,8,46,11,,,,1,5,30,85,223,61,9,17,,,,210,,,123,228,,,,,,,,,,,,,,,,,,,,,,,,,,,,,,,,,,,,,,,,,39,88,544,105,157,468,53,,287,,,,,,105,,,,,488,,,,,103,163,,,,,,,216,,,,,605,,275,,111,,454,234,317,515,346,45,,,734,320,,,161,,,,,,,,,,,,,56,,,16,4,216,,,,,,,,,,134,,,,,,,113,,,,,91,,,,,,24,,,,,,,,,109,,,,,,436,,22,,,,,,61,,,,,121,,,,,,,,,,66,,,,,,152,,,,155,,144,,377,13,,,,,,,,,,,,,,,255,124,346,413,,,390,,,160,310,29,,1234,,,,146,,38,,,,,,,,4,,,160,,14,,,,,328,,,,,,,,168,,,,,,,,,,,,,,,,,,,,,,,,218,108,26,83,27,,,171,388,227,,,307,,,,,,15,89,,38,,15,213,107,149,176,46,113,694,,126,14,29,211,66,,768,89,2201,63,186,17,,,,,,,,,,,,,,,,,,,,,,493,,150,,,,254,198,158,244,,,,107,98,,,,,,26,,,161,106,162,87,59,13,218,163,231,249,128,,468,,29,,,,,,,,,,,,,,,,,,,,,,,,,,,,,,,,,,,,,,,,,,,,,,,,,,,,545,135,83,242,4,67,171,89,452,39,151,276,91,295,,146,23,44,,105,420,208,,,,,,,332,,,268,,145,,,,81,
2026-07-24T13:35:02+00:00,119,273,,147,,27,,48,186,285,,161,200,185,,,69,,,,,90,447,304,271,,,72,,,6,728,32,27,32,191,,166,,7,101,129,,104,,,,,1074,,,,359,38,,,,47,,,,181,,4,27,86,,60,6,,,,,209,,,,225,316,98,,141,107,90,,,,,33,137,317,190,229,305,51,279,,193,270,31,113,,115,201,88,169,629,59,466,203,,166,194,395,,,435,23,,,,,,,,,,,,,,,98,,,,,489,,,,,102,164,,,,,,,214,,,368,,611,,283,,,,455,,321,510,347,47,,,733,,356,192,,305,414,1130,286,130,280,171,163,194,310,348,,61,,131,16,1,223,,,,,,,,,,135,,,,,,,114,,,,,,,,,,,26,,,,,,,,11,103,,,,,,,,,,,,,,60,,,,,122,,,,,,,,,,,,,,,,,171,,,159,150,141,,378,11,7,,,,,,,,,,,,,,252,127,,,274,312,388,118,,162,314,27,,1238,,,,147,,40,,,,,,,,3,,,161,,11,5,,,,325,,,,,,,,166,,,,,,,,,,,,,,,,,,,,,,,,214,109,29,84,24,133,71,,386,223,,,310,212,,159,,,,,,41,,12,214,103,,181,49,112,704,0,123,13,4,214,77,,763,96,2204,65,185,19,,,,,,,,,,,,,,,,,,,,,,482,67,155,,673,,252,196,162,247,349,,,106,96,,,,,,,,,,105,161,84,68,,216,162,239,257,,31,469,,25,46,71,298,109,54,96,23,,27,179,64,202,,190,,233,,157,70,,,,,,,,,,,,,,,,,,,,,,,,,,,,,,,,,548,134,,231,5,66,177,91,456,33,146,,92,296,,,20,45,,104,418,203,,,,,,,329,,,278,,146,47,,,80,
2026-07-24T13:40:02+00:00,111,274,,,452,30,,,183,,,166,199,186,,,68,,,,,97,,301,269,203,,71,,,,727,,23,29,192,,169,,,104,128,,107,,32,,,1073,,,,,,,,7,,,,,,,6,29,,,,7,,,,,218,,,117,227,,,,,,,,,,,35,141,319,,,310,50,,,198,,25,,,124,205,73,,630,,,202,96,165,192,417,,,,27,,,,,,,,,,,,,,,,,,,,,,,,,,,,,,,,,,,,,,,,,,,,,235,318,508,349,,,,734,318,357,190,153,,,,,,,,,,,,,62,,134,16,2,236,,,,,,,,105,,,,,,,,,112,,,,,92,,,,,,27,,,,,,,,,113,,,,,,443,,23,87,,,,,61,,,,,121,,,,,50,,,,,,,,,,,150,175,227,139,160,149,137,,377,,,,,,,,,,,,,,,,256,125,349,410,277,311,393,,,168,316,30,,1246,,,,144,,42,,,,,,,,,,,160,,10,,,,,,,,,,,,,171,,,,,,,,,,,,,,,,,,,,,,,,211,,30,83,21,,,,387,225,,,311,211,,,,,,90,,36,83,14,219,101,154,,47,113,707,,122,14,7,212,80,56,771,100,2200,62,184,,,,,,,,,,,,,,,,,,,,,,,478,,154,,672,,,,154,,,,,107,97,,,,,,,,,163,102,160,83,65,11,215,,235,265,126,37,459,96,27,,,,,,,,,,,,,,,,,,,,,,,,,,,,,,,,,,,,,,,,,,,,,,,,,,,,550,133,87,226,4,62,181,,458,32,151,275,,,,148,32,44,,,416,,,,,,,,,,,276,,144,,,,74,
2026-07-24T13:45:02+00:00,112,275,,148,451,31,,42,188,286,,168,200,189,,,67,,,,,96,448,298,265,204,,73,,,5,728,,19,,191,,172,,,105,127,,105,,,,,1067,,,,358,39,,,8,46,,,,,2,9,33,,,61,6,,,,,217,,,116,,311,,142,142,103,88,,,,,,,,,,,,,,,,,,,,,,,,,,,,,,,,,,,39,71,555,111,160,467,51,117,285,,,,,,88,,,,,491,,,,,104,167,,,,,,,215,,,367,,607,,292,,,,469,236,321,502,348,50,,,736,319,355,188,156,295,413,1127,271,132,281,174,162,183,308,341,129,61,,131,16,1,247,,,,,,,,108,,133,,,,,,,111,,,,,94,,,,,,28,,,,,,,,,110,,,,,,447,,,88,130,,,,56,,,,,120,,,,,51,,,,,,,,,,,149,177,,141,168,152,132,,378,15,,,,,,,,,,,,,,,255,127,,414,278,310,,119,,165,314,29,,1250,,,,146,,44,,,,,,,,4,,,,48,8,3,,,,327,,,,,,,,173,,,,,,,,,,,,5,,,,,,,,,,,,208,111,,,20,,70,177,,229,,,310,,,,,,,89,143,,78,16,218,102,149,182,,114,718,1,123,,55,211,78,,765,102,2198,63,185,24,,,,,,,,,,,,,,,,,,,,,,,,,,,,,,,,,,,,,,,,,,,,,,,,,,,,,227,264,127,32,463,95,,,,,,,,,,,,,,,,,,,,,,,,,,,,,,,,,,,,,,,,,,,,,,,,,,,,,552,,91,222,9,65,179,93,,25,,276,89,,,147,,42,,102,,202,,,,,,,331,,,270,,143,49,,,,
2026-07-24T13:50:02+00:00,109,276,,,454,27,,,180,287,,167,,190,,,64,,,,,95,450,296,266,200,,71,,,3,729,,12,,190,,,,,106,129,,,,,,,1061,,53,,,,,,12,47,,,,,,8,32,,,60,9,19,,,,210,,,,224,,,,,,,,,,,29,146,,195,232,315,53,,,193,271,27,115,118,131,207,49,,632,60,469,205,100,171,190,424,,,436,28,,,,,,,,,,,,,,,,,,,,,,,,,,,,,,,,,,,,,,,,,,,,,238,322,496,349,52,,,737,,356,187,161,,,,,,,,,,,,,62,,133,17,4,246,,,,,,,,106,,128,,,,,,,,,,,,95,,,,,,29,,,,,,,,10,125,,,,,,,,22,87,131,,,,65,,,,,116,,,,,,,,,,,,,,,,148,174,229,140,,149,138,,377,19,8,,,,,,,,,,,,,,250,132,,413,284,306,390,122,,161,310,28,,1256,,,,,,46,,,,,,,,6,,,159,45,13,4,,,,329,,,,,,,,168,,,,,,,,,,,,6,,,,,,,,,,,,204,109,,84,23,134,,178,390,230,,,309,210,,162,,,16,90,142,37,76,,219,104,,183,44,112,729,0,126,10,42,215,75,,758,107,2202,,186,28,,,,,,,,,,,,,,,,,,,,,,470,66,153,,670,,256,197,150,249,352,,,103,,,,,,,24,,,158,99,165,77,57,24,218,163,226,282,128,26,458,93,28,49,67,294,,55,,21,,,177,72,206,,184,35,232,,156,67,,,,,,,,,,,,,,,,,,,,,,,,,,,,,,,,,,,87,210,8,66,180,92,459,19,149,277,,298,,,,44,,104,412,204,,,,,,,335,,,266,,144,50,,,,
2026-07-24T13:55:01+00:00,106,277,,147,453,26,,38,177,288,,,201,192,,,,,,,,93,452,292,264,198,,,,,,728,,16,27,191,,173,,,103,126,,104,,31,,,1055,,,,,,,,11,,,,,,1,6,35,,,,,,,,,209,,,118,225,308,97,150,139,102,86,,,,,,,,,,,,,,,,,,,,,,,,,,,,,,,,,,,42,60,551,114,166,464,,116,287,,,,,,79,,,,,490,,,,,105,163,,,,,,,216,,,368,,609,,284,,114,,479,236,328,492,351,53,,,738,320,357,188,160,291,408,1121,243,130,,170,,177,310,343,124,61,,129,17,9,235,,,,,,,,105,,129,,,,,,,108,,,,,,,,,,,,,,,,,,,,133,,,,,,451,,,,,,,,68,,,,,120,,,,,,,,,,65,,,,,,,193,230,141,,150,126,,,14,9,,,,,,,,,,,,,,255,129,348,416,,305,387,,,162,314,30,,1259,,,,142,,,,,,,,,,,,,160,44,,3,,,,328,,,,,,,,162,,,,,,,,,,,,,,,,,,,,,,,,206,,29,83,22,,,176,394,233,,41,314,209,,,,,,88,,35,79,,225,99,151,185,,113,736,2,125,,,,,,,,,,,,,,,,,,,,,,,,,,,,,,,,,,,,,,,,,,,,,,,,,,,,,,,,,,,,,,,,235,291,129,24,452,92,,,,,,,,,,,,,,,,,,,,,,,,,,,,,,,,,,,,,,,,,,,,,,,,,,,,,557,134,85,202,6,75,182,91,,17,152,,90,,,,34,46,,,,202,,,,,,,334,,,263,,143,52,,,,
2026-07-24T14:00:02+00:00,104,,,,452,27,,46,174,294,,168,202,196,,,62,,,,,94,455,294,,193,,70,,,,727,,17,,,,172,,,,124,,103,,,,,1053,,50,,360,,,,12,45,,,,,2,3,,87,,59,11,20,123,,,204,,,117,222,,,,,,,,,,380,26,159,327,196,,308,50,,,203,274,26,,117,,216,39,,631,64,470,,105,175,187,426,,,,29,,,,,,,,,,,,,,,,,,,,,,,,,,,,,,,,,,,,,,,,,,,,,235,326,491,344,55,,,731,,353,185,159,,,,,,,,,,,,,58,,132,17,6,233,,,,,,,,,,128,,,,,,,,,,,,96,,,,,,31,,,,,,,,9,122,,,,,,444,,19,88,130,,,,70,,,,,122,,,,,,,,,,,,,,,,149,192,233,143,165,151,123,,,16,,,,,,,,,,,,,,,258,132,350,417,,302,383,125,,164,316,28,,1262,,,,145,,48,,,,,,,,,,,,42,16,4,,,,326,,,,,,,,161,,,,,,,,,,,,,,,,,,,,,,,,212,108,25,84,24,135,,179,401,229,,,315,210,,160,,,17,,140,36,80,20,230,,152,187,45,116,739,,124,12,43,216,97,,769,,2201,65,188,21,,,,,,,,,,,,,,,,,,,,,,471,65,151,,672,,258,196,,,,,,104,99,,,,,,25,,,156,,158,,58,23,,,239,295,133,22,453,93,27,,,,,,,,,,,,,,,,,,,,,,,,,,,,,,,,,,,,,,,,,,,,,,,,,,,,,135,80,201,5,82,,,457,19,148,278,,,,145,31,48,,105,411,200,,,,,,,332,,,265,,,51,,,65,
2026-07-24T14:05:01+00:00,106,,,,459,23,,49,173,296,,166,,200,,,60,,,,,98,454,296,265,194,,73,,,,724,31,19,26,193,,,,6,104,,,105,,,,,1040,,53,,,,,,13,,12,,,,,5,36,,222,57,14,,,,,207,,,118,219,297,90,155,142,103,,,,,381,28,156,329,200,,314,47,,,199,,,,,126,218,29,170,,62,477,204,,176,,427,,,,28,39,61,543,111,160,462,,110,286,,,,,,70,,,,,493,,,,,107,167,,,,,,,,,,372,,,,289,,112,,484,233,330,492,,54,,,736,323,352,179,161,290,,1119,215,129,277,168,163,166,,338,126,59,,,17,7,220,,,,,,,,106,,130,,,,,,,109,,,,,,,,,,,30,,,,,,,,8,123,,,,,,443,,20,90,,,,,67,,,,,,,,,,50,,,,,,,,,,,147,201,235,142,168,,120,,376,,,,,,,,,,,,,,,,261,128,352,416,286,303,384,,,165,313,30,,1268,,,,159,,,,,,,,,,7,,,,41,15,,,,,325,,,,,,,,165,,,,,,,,,,,,,,,,,,,,,,,,153,107,,83,25,134,71,178,404,228,,,,208,,161,,,,91,139,43,77,,232,100,,188,,114,742,1,120,,46,,101,,766,,2198,61,187,15,,,,,,,,,,,,,,,,,,,,,,462,66,148,,668,,257,194,148,248,351,,,,98,,,,,,22,,,154,96,156,78,,22,,161,237,314,142,24,460,94,26,50,66,290,112,51,,22,,36,,73,205,,187,33,219,,157,,,,,,,,,,,,,,,,,,,,,,,,,,,,,,,,,,560,136,79,196,-100,81,184,87,459,22,152,279,89,297,,,,,,102,,199,,,,,,,331,,,261,,,50,,,58,
2026-07-24T14:10:01+00:00,107,,,,465,28,,50,181,,,,,203,,,56,,,,,102,452,302,264,201,,71,,,4,747,,20,28,191,,176,,,105,131,,,,32,,,1041,,55,,,,,,10,46,13,,,,3,6,35,,,,10,,,,,204,,,120,221,,,,,,,,,,383,24,157,332,199,233,,46,290,221,198,278,17,113,,132,216,33,171,746,61,481,,106,182,194,429,,,,30,,,,,,,,,,,,,,,,,,,,,,,,,,,,,,,,,,,,,,,,,,,,,235,,,350,53,,,744,321,356,,163,,,,,,,,,,,,,62,,133,17,16,212,,,,,,,,108,,128,,,,,,,112,,,,,95,,,,,,29,,,,,,,,,115,,,,,,447,,,,131,,,,63,,,,,120,,,,,49,,,,,67,,,,,,,197,236,144,172,155,122,,377,14,,,,,,,,,,,,,,,,136,350,417,289,305,386,126,,169,315,35,,1271,,,,162,,,,,,,,,,2,,,161,,16,,,,,329,,,,,,,,161,,,,,,,,,,,,7,,,,,,,,,,,,154,106,26,,28,133,,,409,222,,,320,210,,164,,,,92,,52,80,18,234,104,148,191,44,,743,0,118,14,0,219,108,,759,106,2199,62,,2,,,,,,,,,,,,,,,,,,,,,,459,,,,666,,254,195,144,249,,,,105,95,,,,,,23,,,155,95,151,75,49,20,,,238,327,152,28,465,,25,,,,,,,,,,,,,,,,,,,,,,,,,,,,,,,,,,,,,,,,,,,,,,,,,,,,559,133,78,200,,71,187,84,460,17,147,278,88,298,,143,29,,,104,408,,,,,,,,329,,,,,145,,,,,
2026-07-24T14:15:01+00:00,103,273,,145,467,27,,46,185,,,164,205,206,,,54,,,,,103,451,304,267,207,,,,,2,769,,17,29,192,,178,,8,,,,102,,,,,1052,,,,361,38,,,8,47,11,,,183,,9,33,,,58,11,22,,,,202,,,,218,293,98,154,149,102,96,,,,,,,,,,,,,,,,,,,,,,,,,,,,,,,,,,,,67,,112,163,455,50,105,287,,,,,,67,,,,,496,,,,,111,164,,,,,,,210,,,367,,618,,304,,116,,487,,333,496,356,55,,,751,,349,,168,289,407,1125,197,,281,171,164,162,313,333,130,63,,138,17,13,221,,,,,,,,114,,,,,,,,,,,,,,,,,,,,30,,,,,,,,,112,,,,,,456,,,92,,,,,58,,,,,116,,,,,48,,,,,,,,,,,146,194,237,145,175,156,128,,380,,11,,,,,,,,,,,,,,263,133,349,419,290,306,384,127,,172,,32,,1275,,,,164,,,,,,,,,,3,,,162,42,14,,,,,,,,,,,,,166,,,,,,,,,,,,,,,,,,,,,,,,151,,,84,30,,,177,411,223,,,321,,,166,,,,,138,48,81,17,,,146,193,,115,747,1,117,15,2,215,109,57,748,108,2200,,186,4,,,,,,,,,,,,,,,,,,,,,,462,,149,,665,,,196,132,248,353,,,106,93,,,,,,30,,,,97,153,79,56,,213,,242,338,149,31,,95,23,,,,,,,,,,,,,,,,,,,,,,,,,,,,,,,,,,,,,,,,,,,,,,,,,,,,561,131,76,186,,63,192,82,,15,,,89,296,,,30,,,106,,202,,,,,,,314,,,257,,147,49,,,71,
2026-07-24T14:20:02+00:00,101,276,,,464,24,,49,188,297,,162,,211,,,51,,,,,,450,315,264,205,,69,,,3,793,,,27,191,,,,,106,129,,,,33,,,1061,,59,,363,39,,,10,49,14,,,,4,12,,,,60,10,,122,,,201,,,117,,,,,,,,,,,385,26,161,337,202,236,320,44,,,208,277,,,119,136,,39,172,750,,479,209,,183,195,434,,,,35,,,,,,,,,,,,,,,,,,,,,,,,,,,,,,,,,,,,,,,,,,,,,234,342,498,362,,,,747,,353,183,169,,,,,,,,,,,,,64,,139,17,7,235,,,,,,,,111,,127,,,,,,,,,,,,98,,,,,,29,,,,,,,,,115,,,,,,455,,,90,,,,,57,,,,,115,,,,,,,,,,,,,,,,142,197,240,144,181,158,136,,384,13,,,,,,,,,,,,,,,264,130,348,420,292,305,,126,,176,316,35,,1280,,,,157,,47,,,,,,,,2,,,163,43,12,,,,,334,,,,,,,,168,,,,,,,,,,,,8,,,,,,,,,,,,,105,27,86,26,134,72,178,410,226,,40,327,,,165,,,16,94,137,53,,,240,106,148,197,39,116,750,2,114,13,1,217,106,,743,103,,66,188,1,,,,,,,,,,,,,,,,,,,,,,460,,152,,658,,255,195,137,245,355,,,111,92,,,,,,31,,,162,94,151,84,40,23,217,162,244,355,,32,455,,28,,,,,,,,,,,,,,,,,,,,,,,,,,,,,,,,,,,,,,,,,,,,,,,,,,,,566,,,172,,64,193,80,,,145,277,88,297,,,,,,102,403,203,,,,,,,310,118,,259,,145,48,,,,
2026-07-24T14:25:02+00:00,99,277,,,470,21,,51,183,295,,163,,208,,,49,,,,,97,451,317,268,190,,,,,2,808,,19,,,,,,,109,130,,101,,,,,1055,,61,,,40,,,,48,,,,184,,15,39,,223,,11,,,,,202,,,,217,291,97,152,141,106,97,,,,386,25,160,329,204,237,326,46,,,,278,20,111,,140,212,44,173,754,,474,213,107,,197,433,,,,38,44,74,552,116,165,450,51,102,,,,,,,63,,,,,502,,,,,110,,,,,,,,204,,,365,,619,,325,,117,,496,237,343,496,369,56,,,746,320,,180,175,,404,1127,282,128,280,197,162,229,330,422,156,63,,144,17,12,230,,,,,,,,116,,,,,,,,,110,,,,,99,,,,,,28,,,,,,,,,120,,,,,,454,,,92,,,,,55,,,,,114,,,,,,,,,,,,,,,,139,195,239,145,182,161,138,,387,11,,,,,,,,,,,,,,,258,131,350,417,293,309,386,127,,185,324,36,,1286,,,,155,,48,,,,,,,,0,,,166,39,,5,,,,332,,,,,,,,174,,,,,,,,,,,,6,,,,,,,,,,,,146,107,29,88,,133,73,179,409,221,,39,330,,47,163,,,,95,,56,78,16,252,107,151,198,40,117,756,,115,18,6,219,108,56,740,106,2197,65,,2,,,,,,,,,,,,,,,,,,,,,,459,,153,,657,,253,192,142,248,,,,108,,,,,,,,,,167,95,155,86,22,18,218,161,243,353,147,38,447,97,,49,52,287,109,47,95,25,,19,171,83,207,,189,32,216,,155,65,,,,,,,,,,,,,,,,,,,,,,,,,,,,,,,,,574,130,75,173,,71,192,79,458,16,146,278,,298,,145,34,46,,103,397,198,,,,,,,313,,,257,,144,47,,,71,
2026-07-24T14:30:01+00:00,96,279,,,468,20,,,,,,156,,205,,,50,,,,,96,452,318,272,192,,,,,,837,30,18,31,190,,176,,,110,,,102,,,,,1050,,63,,366,,,,11,,15,,,,3,18,,86,,,9,23,121,,,199,,,,215,,,,,,,,,,,,,,,,,,,,,,,,,,,,,,,,,,,,,,,,,,,,,,,,,,,,,,,,,,,,,,,,,,,,,,,,,,,,,,,,,,,,,239,348,497,370,,,,750,321,354,174,177,,,,,,,,,,,,,67,,149,17,15,227,,,,,,,,117,,129,,,,,,,111,,,,,100,,,,,,27,,,,,,,,,118,,,,,,448,,,91,132,,,,,,,,,115,,,,,47,,,,,,,,,,,,202,241,,177,,142,,388,14,,,,,,,,,,,,,,,260,138,344,428,295,320,392,126,,183,322,35,,1287,,,,158,,46,,,,,,,,,,,162,36,15,3,,,,338,,,,,,,,175,,,,,,,,,,,,,,,,,,,,,,,,145,,30,87,,135,74,177,,224,,,332,,,,,,,,135,58,,17,254,111,150,,,118,763,,,19,,220,101,,742,102,2195,67,190,3,,,,,,,,,,,,,,,,,,,,,,,,,,,,,,,,,,,,,,,,,,,,,,,,,,,,,256,364,145,36,458,,40,,,,,,,,,,,,,,,,,,,,,,,,,,,,,,,,,,,,,,,,,,,,,,,,,,,,,129,71,162,,73,193,77,460,19,144,,89,296,,,30,,,,395,197,,,,,,,311,119,,256,,,46,,,,
2026-07-24T14:35:01+00:00,,,,,464,19,,50,178,297,,152,,206,,,44,,,,,94,450,320,269,193,,67,,,1,858,,15,29,193,,178,,,109,127,,,,,,,1043,,61,,367,39,,,,,,,,,4,15,,,,59,5,,,,,201,,,116,217,279,100,,136,109,,,,,,26,161,,,239,327,47,,222,202,276,29,112,,139,211,48,,753,,,218,109,187,198,438,,,435,39,48,70,556,114,170,449,,101,286,,,,,,57,,,,,505,,,,,112,,,,,,,,,,,362,,622,,326,,115,,504,243,351,498,368,,,,753,322,348,173,180,286,400,1134,269,127,281,,161,223,,413,155,66,,153,17,12,233,,,,,,,,,,128,,,,,,,113,,,,,,,,,,,25,,,,,,,,,,,,,,,,,,89,130,,,,50,,,,,117,,,,,50,,,,,64,,,,,,135,210,245,147,176,158,154,,,15,,,,,,,,,,,,,,,,,346,430,299,319,390,127,,,317,33,,1289,,,,163,,43,,,,,,,,,,,158,37,19,5,,,,340,,,,,,,,,,,,,,,,,,,,,,,,,,,,,,,,148,108,32,89,30,,,179,412,232,,37,335,209,,164,,,,94,,,79,16,259,115,148,199,,116,767,25,116,21,,,,,,,,,,,,,,,,,,,,,,,,,,,,,,,,460,65,154,,659,,252,188,144,246,358,,,105,94,,,,,,30,,,164,94,156,88,28,,220,162,257,361,147,30,457,98,42,,,,,,,,,,,,,,,,,,,,,,,,,,,,,,,,,,,,,,,,,,,,,,,,,,,,575,127,,166,,71,195,75,461,22,,274,91,299,,146,,45,,104,393,196,,,,,,,308,,,262,,146,42,,,,
2026-07-24T14:40:02+00:00,95,278,,,469,17,,44,179,301,,,206,203,,,43,,,,,,,,276,190,,66,,,0,861,,18,31,195,,175,,,,126,,104,,,,,1045,,62,,369,,,,,49,,,,,2,12,40,85,,58,,,,,,,,,,218,,,,,,,,,,,,,,,,,,,,,,,,,,,,,,,,,,,,,,,,,,,,,,,,,,,,,,,,,,,,,,,,,,,,,,,,,,,,,,,,,,,,,248,352,495,373,55,,,757,323,346,171,,,,,,,,,,,,,,68,,154,17,16,238,,,,,,,,115,,127,,,,,,,114,,,,,102,,,,,,,,,,,,,,,112,,,,,,446,,,,,,,,47,,,,,,,,,,48,,,,,,,,,,,134,211,248,,177,159,157,,389,16,10,,,,,,,,,,,,,,,141,342,434,300,323,393,126,,184,316,29,,1291,,,,164,,41,,,,,,,,,,,156,38,,,,,,345,,,,,,,,182,,,,,,,,,,,,7,,,,,,,,,,,,145,112,,90,35,,,180,413,234,,,333,,,163,,,,95,133,49,82,17,260,117,150,200,36,,770,23,113,,9,219,98,58,744,99,2192,66,191,5,,,,,,,,,,,,,,,,,,,,,,457,,152,,653,,,,150,,357,,,106,,,,,,,35,,,170,93,149,91,25,25,,164,260,378,148,32,451,97,43,48,47,289,,,93,19,,12,170,84,208,,185,,221,,151,55,,,,,,,,,,,,,,,,,,,,,,,,,,,,,,,,,577,126,74,163,,78,189,74,460,,147,,89,,,145,24,,,102,396,,,,,,,,305,118,,261,,,45,,,,
2026-07-24T14:45:01+00:00,98,279,,,468,13,,36,178,300,,,207,206,,,42,,,,,87,,322,281,191,,64,,,,862,,15,,194,,177,,9,,129,,105,,,,,1038,,61,,371,,,,9,,16,,,,,13,,,224,59,7,,,,,,,,115,221,277,102,158,142,115,104,,,,390,30,160,338,203,244,328,49,294,,206,,20,111,117,138,205,47,174,755,,477,220,110,193,202,446,,,,,50,77,565,116,175,444,,99,289,,,,,,54,,,,,506,,,,,113,165,,,,,,,210,,,289,,625,,320,,109,,511,,348,496,376,52,,,758,,345,168,173,284,,1137,258,128,,194,162,222,333,409,,72,,156,17,15,242,,,,,,,,116,,126,,,,,,,115,,,,,,,,,,,24,,,,,,,,,114,,,,,,447,,19,88,132,,,,51,,,,,116,,,,,47,,,,,65,,,,,,132,213,,148,176,160,167,,391,,8,,,,,,,,,,,,,,270,147,,438,302,320,391,128,,185,317,27,,1293,,,,161,,42,,,,,,,,,,,152,39,20,3,,,,346,,,,,,,,184,,,,,,,,,,,,6,,,,,,,,,,,,141,,,89,39,,,181,415,233,,,,208,,164,,,,,131,,,,263,118,151,,38,118,776,24,115,19,7,220,101,59,743,106,2193,,193,2,,,,,,,,,,,,,,,,,,,,,,,,146,,,,,,,,,,,104,93,,,,,,,,,,97,,,,,218,,264,383,157,,461,98,46,,,,,,,,,,,,,,,,,,,,,,,,,,,,,,,,,,,,,,,,,,,,,,,,,,,,578,127,,162,4,80,190,77,458,21,149,275,88,298,,147,19,47,,,,266,,,,,,,299,,,263,,149,,,,,
2026-07-24T14:50:02+00:00,100,276,,146,465,11,,43,,298,,154,208,200,,,37,,,,,83,449,325,279,189,,,,,,865,,12,30,195,,,,,108,130,,106,,,,,1020,,62,,364,40,,,8,52,,,,,,10,,,223,,5,,120,,,204,,,,218,,,,,,,,,,389,25,155,335,200,242,329,45,297,223,207,,17,113,,144,208,44,,757,63,481,229,,195,197,448,,,437,40,,,,,,,,,,,,,,,,,,,,,,,,,,,,,,,,,,,,,,,,,,,,,242,357,,,54,,,754,322,341,166,172,,,,,,,,,,,,,71,,158,17,16,253,,,,,,,,118,,124,,,,,,,113,,,,,104,,,,,,26,,,,,,,,6,113,,,,,,455,,18,,,,,,54,,,,,117,,,,,49,,,,,63,,,,,,,214,249,,174,163,166,,390,17,,,,,,,,,,,,,,,267,142,343,448,303,323,389,,,,313,33,,1290,,,,,,43,,,,,,,,,,,147,41,23,2,,,,347,,,,,,,,,,,,,,,,,,,,8,,,,,,,,,,,,146,114,30,88,,,,183,422,229,,,,206,46,163,17,,,96,130,51,83,,,122,,,,,778,21,,,6,,106,60,742,103,2192,64,,0,,,,,,,,,,,,,,,,,,,,,,462,,150,,645,,256,183,157,247,360,,,106,89,,,,,,29,,,171,,156,87,19,14,223,162,265,391,160,35,470,93,50,,,,,,,,,,,,,,,,,,,,,,,,,,,,,,,,,,,,,,,,,,,,,,,,,,,,581,129,73,151,,79,,76,460,22,143,276,87,,,146,,48,,105,398,,,,,,,,296,,,254,,152,44,,,56,
2026-07-24T14:55:02+00:00,101,277,,,463,12,,39,176,296,,157,209,206,,,31,,,,,84,446,,280,187,,65,,,,872,,,27,191,,179,,8,,,,,,,,,1019,,,,,,,,,,,,,,0,9,39,,224,55,,,,,,206,,,111,219,276,101,162,137,116,110,,,,,,,,,,,,,,,,,,,,,,,,,,,,,,,,,,,53,76,578,115,172,,,98,292,,,,,,48,,,,,,,,,,,170,,,,,,,207,,,290,,636,,329,,104,,516,237,359,499,377,,,,752,319,338,,179,283,405,1143,227,133,287,191,163,216,334,406,153,70,,161,17,14,,,,,,,,,116,,,,,,,,,,,,,,105,,,,,,27,,,,,,,,,117,,,,,,456,,,,,,,,55,,,,,,,,,,,,,,,,,,,,,,217,248,,173,,169,,391,18,,,,,,,,,,,,,,,266,141,347,442,305,,346,129,,184,320,35,,,,,,167,,,,,,,,,,,,,146,44,25,,,,,348,,,,,,,,182,,,,,,,,,,,,7,,,,,,,,,,,,155,113,,,35,137,73,187,424,233,,,,208,47,165,,,,,131,50,84,20,265,,148,,41,,781,,114,20,,221,102,61,731,106,2194,67,,3,,,,,,,,,,,,,,,,,,,,,,465,,,,635,,258,185,158,248,363,,,,88,,,,,,30,,,175,,152,89,20,20,225,159,271,401,167,37,474,92,47,46,51,288,110,48,91,,,0,164,85,,,180,37,220,,157,48,,,,,,,,,,,,,,,,,,,,,,,,,,,,,,,,,585,128,,141,3,77,194,74,459,24,146,279,88,297,,,17,51,,106,395,265,,,,,,,294,,,251,,153,43,,,,
2026-07-24T15:00:02+00:00,98,,,,,9,,38,179,297,,156,210,,,,38,,,,,,444,323,275,193,,64,,,,883,,10,23,189,,181,,9,110,,,107,,34,,,1014,,63,,366,42,,,9,51,15,,,,1,10,38,,226,,8,,,,,202,,,113,,,,,,,,,,,,24,150,336,198,,328,43,298,,204,278,,114,,142,,47,,761,64,479,232,111,,200,456,,,438,41,,,,,,,,,,,,,,,,,,,,,,,,,,,,,,,,,,,,,,,,,,,,,235,365,500,381,,,,750,,341,168,176,,,,,,,,,,,,,68,,160,17,,251,,,,,,,,121,,126,,,,,,,117,,,,,107,,,,,,26,,,,,,,,,109,,,,,,455,,17,86,,,,,58,,,,,,,,,,,,,,,,,,,,,135,222,249,,180,162,172,,392,,,,,,,,,,,,,,,,268,144,,444,304,328,340,,,183,,41,,,,,,171,,41,,,,,,,,1,,,,47,22,5,,,,351,,,,,,,,183,,,,,,,,,,,,6,,,,,,,,,,,,156,112,33,90,34,138,,186,427,234,,,335,209,,164,,,,95,132,,86,21,268,,149,,43,119,783,,113,18,5,220,,60,735,109,2196,66,192,4,,,,,,,,,,,,,,,,,,,,,,,,,,,,,,,,,,,,,,,,,,,,,,,,,,,,,274,405,168,40,479,87,42,,,,,,,,,,,,,,,,,,,,,,,,,,,,,,,,,,,,,,,,,,,,,,,,,,,,586,,,136,,,193,73,460,22,142,280,86,295,,144,16,52,,107,392,264,,,,,,,292,,,246,,151,42,,,59,
2026-07-24T15:05:01+00:00,95,275,,,465,6,,36,177,295,,155,211,210,,,37,,,,,82,,,277,195,,66,,,,898,,5,22,,,182,,,107,129,,,,35,,,1012,,,,369,,,,7,,,,,,,16,45,,,54,5,,,,,210,,,112,224,278,103,163,142,,108,,,,,,,,,,,,,,,,,,,,,,,,,,,,,,,,,,,54,83,590,113,180,453,,96,301,,,,,,,,,,,505,,,,,112,172,,,,,,,206,,,287,,637,,333,,99,,524,237,362,501,379,53,,,752,317,332,169,174,280,388,1147,213,134,292,,164,206,333,402,155,66,,149,17,,245,,,,,,,,,,,,,,,,,118,,,,,109,,,,,,,,,,,,,,,115,,,,,,,,,84,,,,,57,,,,,118,,,,,52,,,,,,,,,,,130,225,253,,184,164,171,,387,20,,,,,,,,,,,,,,,269,143,344,443,,329,339,128,,180,318,37,,1291,,,,176,,39,,,,,,,,4,,,143,,21,3,,,,350,,,,,,,,190,,,,,,,,,,,,,,,,,,,,,,,,151,,34,93,31,139,70,185,432,233,,,338,206,,165,,,,96,130,54,,,269,123,,,41,,785,20,115,19,6,,93,,738,,2199,67,193,0,,,,,,,,,,,,,,,,,,,,,,,68,,,636,,260,189,153,249,365,,,110,89,,,,,,28,,,174,96,,87,15,21,230,161,,410,165,44,487,,44,,,,,,,,,,,,,,,,,,,,,,,,,,,,,,,,,,,,,,,,,,,,,,,,,,,,588,129,69,144,,71,198,,459,16,137,282,88,293,,143,15,54,,104,389,267,,,,,,,317,119,,248,,153,41,,,61,
2026-07-24T15:10:02+00:00,96,,,144,466,,,30,,296,,154,,209,,,41,,,,,85,,327,267,,,65,,,,916,,8,,187,,180,,,108,,,108,,,,,,,62,,368,,,,8,50,16,,,183,0,17,41,,,57,7,22,,,,212,,,108,,,,,,,,,,,,28,154,333,,,336,,299,,202,280,18,,,144,209,51,175,765,66,480,236,,197,209,459,,,440,46,,,,,,,,,,,,,,,,,,,,,,,,,,,,,,,,,,,,,,,,,,,,,236,370,500,378,49,,,753,319,336,170,178,,,,,,,,,,,,,64,,143,17,23,252,,,,,,,,,,127,,,,,,,117,,,,,,,,,,,28,,,,,,,,,124,,,,,,450,,14,86,,,,,55,,,,,,,,,,51,,,,,62,,,,,,,228,,147,183,163,174,,,19,9,,,,,,,,,,,,,,268,153,347,442,305,332,337,,,182,313,39,,1290,,,,178,,41,,,,,,,,6,,,151,45,23,2,,,,352,,,,,,,,194,,,,,,,,,,,,,,,,,,,,,,,,147,110,32,,40,,71,183,437,239,,36,340,210,,,,,17,97,,61,95,22,273,127,,,45,120,789,17,,22,1,223,101,58,740,114,2201,63,195,3,,,,,,,,,,,,,,,,,,,,,,463,,,,631,,262,190,158,255,,,,113,90,,,,,,29,,,173,94,155,86,,19,229,158,,418,167,48,497,,46,42,47,,111,42,93,16,,,163,84,206,,177,34,222,,159,44,,,,,,,,,,,,,,,,,,,,,,,,,,,,,,,,,589,128,68,148,1,64,,,,12,139,279,89,292,,141,11,55,,103,388,265,,,,,,,313,,,240,,,39,,,,
2026-07-24T15:15:02+00:00,103,278,,,461,4,,,174,297,,,,,,,,,,,,88,445,,263,194,,,,,,926,,5,19,185,,,,,,130,,107,,34,,,996,,63,,367,43,,,7,51,,,,182,1,10,37,,224,56,6,23,118,,,211,,,,222,280,106,162,140,186,113,,,,388,,156,,200,241,339,44,298,,203,,19,,,148,214,46,176,,65,,240,,200,208,467,,,,,55,82,591,116,185,460,52,93,,,,,,,33,,,,,,,,,,118,174,,,,,,,204,,,285,,646,,328,,170,,528,232,366,504,,52,,,756,318,351,171,180,278,375,1151,196,136,296,190,162,196,330,382,158,59,,,17,22,,,,,,,,,126,,125,,,,,,,118,,,,,,,,,,,26,,,,,,,,,121,,,,,,448,,17,88,,,,,54,,,,,119,,,,,,,,,,,,,,,,128,234,254,150,,162,186,,388,22,,,,,,,,,,,,,,,273,157,349,451,307,,328,129,,,314,37,,1296,,,,181,,46,,,,,,,,5,,,154,48,27,,,,,355,,,,,,,,196,,,,,,,,,,,,8,,,,,,,,,,,,146,111,,95,39,138,,184,439,243,,,341,,,,,,,96,,57,98,21,,128,,,,,790,16,113,24,,,98,,735,124,2200,66,,7,,,,,,,,,,,,,,,,,,,,,,464,69,151,,634,,267,187,,256,364,,,115,89,,,,,,32,,,177,92,,87,13,18,,161,276,426,169,,507,86,48,,,,,,,,,,,,,,,,,,,,,,,,,,,,,,,,,,,,,,,,,,,,,,,,,,,,591,,64,144,3,65,,74,,11,135,282,,291,,140,10,52,,101,389,262,,,,,,,308,,,238,,156,35,,,50,
2026-07-24T15:20:01+00:00,101,,,,457,1,,,,,,,,207,,,42,,,,,89,446,331,265,200,,64,,,,928,,3,18,,,182,,,106,131,,106,,,,,994,,,,,,,,6,,14,,,179,3,0,36,,,57,4,24,,,,213,,,105,225,,,,,,,,,,390,25,162,330,207,244,337,47,301,,193,,,116,116,158,211,38,,769,66,482,241,,201,217,463,,,441,45,,,,,,,,,,,,,,,,,,,,,,,,,,,,,,,,,206,,,279,,649,,337,,169,,531,235,370,507,384,,,,757,315,356,173,,,,,,,,,,,,,,60,,139,17,25,261,,,,,,,,,,124,,,,,,,,,,,,110,,,,,,27,,,,,,,,,127,,,,,,446,,,87,,,,,55,,,,,,,,,,52,,,,,,,,,,,,238,253,151,184,163,189,,,23,,,,,,,,,,,,,,,274,154,350,,305,334,315,,,187,,36,,,,,,188,,49,,,,,,,,,,,153,,29,,,,,,,,,,,,,202,,,,,,,,,,,,11,,,,,,,,,,,,140,113,30,96,,139,70,,440,251,,,342,211,,169,,,,,128,63,100,22,,131,146,,48,,792,18,115,26,,,,,,,,,,,,,,,,,,,,,,,,,,,,,,,,470,66,155,,638,,,190,148,,363,,,119,90,,,,,,31,,,182,93,163,88,,15,237,165,278,435,170,44,,88,43,,,,,,,,,,,,,,,,,,,,,,,,,,,,,,,,,,,,,,,,,,,,,,,,,,,,594,129,63,134,-100,61,199,73,457,19,132,,88,288,,141,5,50,,103,,258,,,,,,,298,,,243,,,,,,,
2026-07-24T15:25:02+00:00,102,276,,,461,,,32,,296,,,,208,,,40,,,,,,445,332,259,199,,63,,,,924,,8,,187,,181,,,107,132,,,,,,,1001,,64,,368,42,,,4,52,15,,,,2,4,30,86,,,0,,120,,,214,,,103,,278,110,176,137,,112,,,,,,,,,,,,,,,,,,,,,,,,,,,,,,,,,,,52,86,592,119,197,458,53,95,312,,,,,,32,,,,,506,,,,,114,177,,,,,,,,,,,,,,,,,,,233,372,509,390,51,,,768,314,358,171,177,276,368,1162,200,135,291,191,164,193,333,374,164,,,141,17,30,256,,,,,,,,,,128,,,,,,,120,,,,,111,,,,,,29,,,,,,,,,130,,,,,,450,,16,,133,,,,58,,,,,117,,,,,,,,,,61,,,,,,127,241,254,,187,171,198,,389,26,,,,,,,,,,,,,,,,156,348,447,306,332,309,132,,,,39,,1299,,,,,,52,,,,,,,,2,,,152,50,27,4,,,,354,,,,,,,,205,,,,,,,,,,,,9,,,,,,,,,,,,136,116,29,97,40,,71,183,,252,,,344,209,,168,,,16,,130,74,102,21,274,130,144,,56,,793,,119,29,0,,109,60,733,,,,,4,,,,,,,,,,,,,,,,,,,,,,468,67,,,636,,271,,147,253,366,,,118,91,,,,,,30,,,185,91,,87,,16,242,164,280,439,167,46,515,90,47,41,45,283,112,50,97,17,,,162,83,200,,164,33,226,,160,33,,,,,,,,,,,,,,,,,,,,,,,,,,,,,,,,,595,130,64,131,,53,,72,459,25,133,280,87,286,,140,3,51,,,,259,,,,,,,301,,,241,,,37,,,,
2026-07-24T15:30:02+00:00,104,,,,458,2,,39,171,294,,153,,210,,,,,,,,90,448,336,262,198,,62,,,,928,,5,16,186,,180,,8,108,133,,108,,35,,,994,,59,,,,,,,,16,,,178,0,0,,,,54,1,,,,,,,,102,228,,,,,,,,,,,,,,,,,,,,,,,,,,,,,,,,,,,,,,,,,,,,,,,,,,,,,,,,,,,,,,,,,,,,,,,,,,,,,,,,,,,,,236,376,511,391,,,,770,316,355,168,186,,,,,,,,,,,,,61,,142,17,33,260,,,,,,,,,,,,,,,,,,,,,,112,,,,,,28,,,,,,,,5,125,,,,,,440,,15,84,,,,,62,,,,,116,,,,,,,,,,,,,,,,126,247,257,152,189,173,202,,388,29,,,,,,,,,,,,,,,271,,349,450,307,334,306,,,186,305,38,,1296,,,,187,,55,,,,,,,,,,,153,52,25,3,,,,,,,,,,,,208,,,,,,,,,,,,7,,,,,,,,,,,,130,,30,101,39,140,,182,,253,,,343,207,,170,,,,95,129,,101,22,,127,,,55,121,,,,28,,224,110,62,729,,2187,63,197,3,,,,,,,,,,,,,,,,,,,,,,,,,,,,,,,,,,,,,,,,,,,,,,,,,,,,,279,446,163,47,506,93,48,,,,,,,,,,,,,,,,,,,,,,,,,,,,,,,,,,,,,,,,,,,,,,,,,,,,596,131,58,129,,56,198,,460,20,129,,86,285,,138,2,,,106,387,257,,,,,,,,,,245,,159,,,,40,
2026-07-24T15:35:02+00:00,105,,,,452,5,,44,169,296,,156,,214,,,39,,,,,92,,339,269,197,,61,,,,936,31,2,13,185,,177,,,106,,,107,,,,,993,,56,,369,,,,6,,15,,,180,,,28,,,52,0,,,,,210,,,,229,276,116,178,135,188,109,,,,389,21,156,328,211,243,331,50,302,,188,285,20,117,117,159,213,44,177,773,68,475,242,112,207,,462,,,442,48,51,90,609,117,202,461,,92,311,,,,,,,,,,,502,,,,,115,178,,,,,,,,,,,,,,,,,,,230,378,508,397,53,,,772,,354,167,185,272,354,1163,195,134,286,189,165,182,329,358,160,65,,,17,34,267,,,,,,,,129,,130,,,,,,,121,,,,,,,,,,,,,,,,,,,,124,,,,,,444,,,,,,,,,,,,,118,,,,,,,,,,,,,,,,124,255,,154,187,171,207,,387,30,10,,,,,,,,,,,,,,272,159,350,454,,337,304,,,187,296,39,,1294,,,,182,,,,,,,,,,4,,,,49,,4,,,,353,,,,,,,,206,,,,,,,,,,,,6,,,,,,,,,,,,125,,,103,44,,,,442,252,,,344,205,,,,,,,130,81,104,24,278,128,,,57,122,799,,124,30,,,101,63,740,123,2190,,199,,,,,,,,,,,,,,,,,,,,,,,462,,150,,633,,275,,149,250,,,,122,90,,,,,,32,,,193,87,169,85,,19,249,162,,449,166,49,504,92,45,,,,,,,,,,,,,,,,,,,,,,,,,,,,,,,,,,,,,,,,,,,,,,,,,,,,,129,54,125,,51,202,71,459,15,131,,85,,,137,-230,50,,105,386,255,,,,,,,294,,,246,,,36,,,37,
2026-07-24T15:40:01+00:00,106,,,,448,6,,36,167,,,157,213,213,,,37,,,,,98,,,,,,,,,,,,,,,,,,,,,,,,,,,,,,,,,,,,,,,,,,,,,,,,,,,,,,,,,,,,,,,,,,,,,,,,,,,,,,,,,,,,,,,,,,,,,,,,,,,,,,,,,,,,,,,,,,,,,,,,,,,,,,,,,,,,,,,,,,,,,,,,,,,,,,,,,,,,,,,,,,,,,,,,,,,,,,,,,,,,,,,,,,,,,,,,,,,,,,,,,,,,,,,,,,,,,,,,,,,,,,,,,,,,,,,,,,,,,,,,,,,,,,,,,,,,,,,,,,,,,,,,,,269,158,349,453,306,335,298,130,,,298,42,,1293,,,,,,,,,,,,,,,,,,,,,,,,,,,,,,,,,,,,,,,,,,,,,,,,,,,,,,,,,,,,,,,,,,,,,,,,,,,,,,,,,,,,,,,,,,,,,,,,,,,,,,,,,,,,,,,,,,,,,,,,,453,68,151,,638,,280,,150,249,364,,,,91,,,,,,31,,,194,86,175,84,11,18,251,161,,,,,,,,,,,,,,,,,,,,,,,,,,,,,,,,,,,,,,,,,,,,,,,,,,,,,,,,,,,,,,,,,,,,,,,,,,,,,,,,,,,,,,,,,,,,,,,,,
2026-07-24T15:40:02+00:00,,,,,,,,,,,,,,,,,,,,,,,,,268,203,,59,,,,937,,0,,184,,174,,,108,,,108,,33,,,979,,,,,,,,7,,14,,,,1,,24,,,,,,,,,208,,,100,230,,,,,,,,,,391,24,152,330,217,246,324,54,,,189,284,32,,,169,209,51,176,775,71,479,241,,217,223,471,,,,50,,,,,,,,,,,,,,,,,,,,,,,,,,,,,,,,,,,,,,,,,,,,,233,382,513,399,,,,749,317,350,166,192,,,,,,,,,,,,,71,,141,17,33,272,,,,,,,,130,,128,,,,,,,119,,,,,113,,,,,,,,,,,,,,,,,,,,,447,,14,85,,,,,63,,,,,117,,,,,,,,,,,,,,,,,254,,155,,174,175,,386,28,,,,,,,,,,,,,,,,,,,,,,,,,,,,,,,,180,,56,,,,,,,,6,,,151,,23,3,,,,358,,,,,,,,213,,,,,,,,,,,,7,,,,,,,,,,,,123,,31,105,43,139,,184,441,255,,,345,208,,172,,,,,128,83,,26,279,131,145,,56,,801,19,,,,225,,,742,116,2181,64,,4,,,,,,,,,,,,,,,,,,,,,,,,,,,,,,,,,,,,,,,,,,,,,,,,,,,,,278,457,167,,497,96,42,,,,,,,,,,,,,,,,,,,,,,,,,,,,,,,,,,,,,,,,,,,,,,,,,,,,,126,52,117,,52,204,73,456,19,130,281,83,286,,,,45,,106,387,253,,,,,,,287,,,239,,156,30,,,39,
2026-07-24T15:45:02+00:00,115,278,,,,,,32,168,,,158,,,,,36,,,,,97,447,340,,200,,56,,,,936,32,1,,181,,,,,109,132,,105,,32,,,978,,55,,368,41,,,6,50,15,,,,0,,23,,,,,25,,,,210,,,,231,269,118,177,133,189,106,,,,,,,,,,,,,,,,,,,,,,,,,,,,,,,,,,,,,,,,,,,,,,,,,38,,,,,507,,,,,117,174,,,,,,,,,,,,,,,,,,,231,389,516,402,54,,,747,314,351,163,194,266,348,1158,172,135,289,187,169,170,,348,158,73,,136,17,36,276,,,,,,,,131,,127,,,,,,,118,,,,,115,,,,,,,,,,,,,,,130,,,,,,451,,12,86,,,,,61,,,,,115,,,,,,,,,,60,,,,,,,261,259,,190,179,187,,384,32,11,,,,,,,,,,,,,,,164,351,460,308,334,297,131,,189,301,,,1295,,,,185,,53,,,,,,,,1,,,,51,22,4,,,,359,,,,,,,,214,,,,,,,,,,,,,,,,,,,,,,,,112,117,32,106,46,140,,,445,259,,,346,210,,,,,17,,,84,105,27,,129,143,,,120,803,,122,32,,224,98,64,743,109,2191,62,,1,,,,,,,,,,,,,,,,,,,,,,,,,,,,,,,,,,,,,,,,,,,,,,,,,,,,,,464,172,51,507,,,40,46,281,110,57,100,19,,,156,79,193,,159,,,,163,15,,,,,,,,,,,,,,,,,,,,,,,,,,,,,,,,,594,125,54,118,,48,,74,,21,123,284,82,284,,136,,43,,107,,,,,,,,,284,120,,238,,157,,,,,
2026-07-24T15:50:01+00:00,113,279,,,455,5,,40,167,295,,162,,216,,,,,,,,95,446,344,267,204,,53,,,,939,31,5,8,180,,175,,,110,133,,106,,,,,976,,53,,367,,,,0,53,,,,,,,27,,226,51,,,,,,204,,,98,229,,,,,,,,,,,19,150,331,,245,329,52,301,,193,283,28,,,171,214,60,,777,68,,242,,220,220,465,,,443,,,,,,,,,,,,,,,,,,,,,,,,,,,,,,,,,,,,,,,,,,,,,,228,401,521,400,55,,,749,315,353,164,197,,,,,,,,,,,,,76,,137,17,,283,,,,,,,,133,,126,,,,,,,119,,,,,116,,,,,,30,,,,,,,,6,121,,,,,,,,13,85,134,,,,60,,,,,114,,,,,53,,,,,59,,,,,,,,262,154,191,,195,,382,,,,,,,,,,,,,,,,271,167,,459,,330,291,,,,299,45,,1294,,,,189,,,,,,,,,,,,,155,53,20,5,,,,360,,,,,,,,223,,,,,,,,,,,,,,,,,,,,,,,,114,115,33,104,51,141,,185,438,258,,,348,209,,171,,,,93,127,83,,28,280,130,146,,64,121,,22,,33,,223,97,,737,95,2181,60,,0,,,,,,,,,,,,,,,,,,,,,,455,67,,,636,,279,193,158,246,,,,125,,,,,,,32,,,196,84,179,85,12,17,253,162,275,,169,50,508,94,41,,,,,,,,,,,,,,,,,,,,,,,,,,,,,,,,,,,,,,,,,,,,,,,,,,,,596,121,51,120,,55,205,,455,28,121,285,81,280,,134,,40,,110,390,251,,,,,,,279,,,242,,160,,,,,
2026-07-24T15:55:02+00:00,111,280,,143,,6,,47,164,293,,,214,,,,,,,,,99,445,345,265,209,,63,,,,941,,2,10,178,,178,,,113,132,,107,,,,,973,,52,,366,42,,,1,,14,,,,,,22,,,49,,,,,,,,,97,,267,120,193,142,190,107,,,,,,,,,,,,,,,,,,,,,,,,,,,,,,,,,,,55,94,622,115,218,466,53,91,315,,,,,,33,,,,,508,,,,,121,180,,,,,,,,,,,,,,,,,,,224,404,525,,54,,,751,317,,,205,265,339,1160,150,133,285,184,170,155,327,334,159,80,,,17,35,295,,,,,,,,135,,127,,,,,,,,,,,,117,,,,,,29,,,,,,,,,117,,,,,,447,,,82,133,,,,,,,,,,,,,,55,,,,,61,,,,,,,270,264,,193,,202,,,33,,,,,,,,,,,,,,,272,169,355,460,307,334,271,132,,192,298,47,,1299,,,,,,52,,,,,,,,0,,,154,54,22,7,,,,,,,,,,,,228,,,,,,,,,,,,,,,,,,,,,,,,118,116,31,103,53,,,182,442,259,,,350,210,,169,,,,,123,85,111,27,281,,,,65,122,807,,121,32,,225,99,65,732,84,2183,62,,,,,,,,,,,,,,,,,,,,,,,,449,65,150,,628,,281,196,154,,362,,,123,,,,,,,,,,201,81,182,82,,29,255,157,271,473,166,52,513,95,34,,,,,,,,,,,,,,,,,,,,,,,,,,,,,,,,,,,,,,,,,,,,,,,,,,,,599,,54,111,3,54,208,74,457,32,122,288,77,274,,133,,,,,392,248,,,,,,,278,,,246,,159,27,,,,
2026-07-24T16:00:02+00:00,,281,,,458,7,,46,165,292,,164,215,214,,,252,,,,,101,448,348,267,211,,64,,,,956,32,0,7,177,,179,,,114,134,,108,,31,,,978,,49,,361,,,,2,,,,,,,,,,,50,,,,,,,,,,226,,,,,,,,,,,14,148,336,221,243,327,48,302,,,281,27,,116,169,213,69,175,783,65,474,247,,222,221,474,,,442,51,56,101,627,,226,463,,89,318,,,,,,34,,,,,512,,,,,123,,,,,,,,,,,,,,,,,,,,220,399,527,404,55,,,743,318,351,152,210,,,,,,,,,,,,,79,,138,17,37,306,,,,,,,,133,,129,,,,,,,126,,,,,119,,,,,,27,,,,,,,,,122,,,,,,452,,11,81,,,,,63,,,,,112,,,,,,,,,,,,,,,,,267,263,153,197,182,204,,383,36,,,,,,,,,,,,,,,271,170,357,468,306,333,262,,,194,299,,,1294,,,,185,,,,,,,,,,,,,,51,23,6,,,,359,,,,,,,,,,,,,,,,,,,,8,,,,,,,,,,,,121,,30,,52,142,72,180,441,257,,,,211,,,,,,,122,86,113,,282,133,,,64,,808,,123,,,224,94,66,,79,2182,60,,,,,,,,,,,,,,,,,,,,,,,,,,,,,,,,,,,,,,,,,,,,,,,,,,,,,,,270,490,168,54,518,94,36,41,37,274,123,48,,21,,,143,86,190,,144,,223,,162,0,,,,,,,,,,,,,,,,,,,,,,,,,,,,,,,,,,120,75,118,5,51,209,75,458,35,127,289,75,273,,132,,38,,113,396,246,,,,,,,270,,,251,,162,25,,,49,
2026-07-24T16:05:02+00:00,110,279,,,466,9,,54,163,289,,162,,216,,,250,,,,,100,446,351,262,209,,62,,,,964,,,5,174,,,,,113,,,109,,32,,,976,,46,,360,41,,,0,52,,,,,,,19,,,,1,,,,,211,,,95,227,272,122,200,150,,101,,,,,,,,,,,,,,,,,,,,,,,,,,,,,,,,,,,,,,,,,,,,,,,,,,,,,,,,,,,,,,,,,,,,,,,,,,,,,,,214,402,526,407,56,,,748,,346,150,217,261,328,1158,117,131,287,172,171,146,325,329,156,82,,143,17,,305,,,,,,,,135,,,,,,,,,124,,,,,118,,,,,,,,,,,,,,,125,,,,,,454,,8,84,,,,,71,,,,,,,,,,,,,,,62,,,,,,,277,,155,200,184,217,,385,30,,,,,,,,,,,,,,,277,168,365,469,,335,251,,,196,,50,,1286,,,,187,,54,,,,,,,,,,,150,52,16,,,,,358,,,,,,,,226,,,,,,,,,,,,7,,,,,,,,,,,,116,117,32,101,53,,73,184,442,250,,,348,210,,,,,,95,118,83,116,28,,,147,,68,,,,124,,,226,89,,746,68,2184,57,,,,,,,,,,,,,,,,,,,,,,,,451,67,149,,629,,283,195,148,244,364,,,122,89,,,,,,30,,,207,83,190,88,,32,260,,268,,170,48,521,92,40,,,,,,,,,,,,,,,,,,,,,,,,,,,,,,,,,,,,,,,,,,,,,,,,,,,,598,,72,112,6,48,,,456,37,124,292,,272,,131,,,,,400,244,,,,,,,258,121,,,,164,133,,,50,
2026-07-24T16:10:01+00:00,113,282,,144,465,15,,55,162,,,161,216,215,,,247,,,,,,,359,255,212,,60,,,,972,,,8,175,,185,,,,,,108,,,,,984,,45,,,,,,,51,,,,181,,,16,,,,0,,,,,212,,,93,,,,,,,,,,,,13,138,340,227,244,324,46,,,198,282,23,,,172,,83,,784,64,470,250,113,228,,478,,,,,55,112,641,120,217,464,51,91,320,,,,,,31,,,,,513,,,,,127,182,,,,,,,176,,,206,,676,,355,,78,,542,215,406,,408,55,,,732,,343,140,220,,,,,,,,,,,,,85,,135,17,,307,,,,,,,,,,128,,,,,,,,,,,,119,,,,,,,,,,,,,,7,122,,,,,,,,4,82,,,,,73,,,,,,,,,,56,,,,,,,,,,,122,285,,156,201,185,227,,382,31,,,,,,,,,,,,,,,158,164,372,479,,337,234,,,197,,51,,1275,,,,188,,51,,,,,,,,,,,152,53,15,,,,,356,,,,,,,,,,,,,,,,,,,,6,,,,,,,,,,,,117,,30,103,57,,74,180,,251,,37,347,211,,171,16,,,94,116,88,122,27,283,,,,69,125,810,23,130,34,,227,83,,751,62,2186,55,,,,,,,,,,,,,,,,,,,,,,,,,,,,,,,,,,,,,,,,,,,,,,,,,,,,,,,262,499,172,45,524,89,43,,,,,,,,,,,,,,,,,,,,,,,,,,,,,,,,,,,,,,,,,,,,,,,,,,,,597,119,69,93,,43,211,74,458,34,125,293,77,264,,127,,36,,114,403,242,,,,,,,250,,,254,,165,129,,,,
2026-07-24T16:15:01+00:00,117,284,,,470,13,,56,160,291,,166,,217,,,245,,,,,107,,362,252,207,,57,,,,971,,,,,,188,,,,,,106,,,,,989,,49,,359,,,,,53,,,,180,,,19,,,51,,,117,,,211,,,94,226,270,126,201,151,188,105,,,,,14,137,349,230,,328,43,298,224,206,,19,118,,,212,92,173,787,57,478,253,,233,229,487,,,,,,,,,,,,,,,,,,,,,,,,,,,,,,,,,,,,,,,,,,,,,,,,,211,410,528,413,58,,,727,,,130,223,255,320,1163,72,,288,166,170,136,327,318,154,83,,139,17,31,319,,,,,,,,136,,129,,,,,,,125,,,,,,,,,,,26,,,,,,,,8,,,,,,,457,,1,79,,,,,70,,,,,113,,,,,,,,,,63,,,,,,,288,264,158,207,187,237,,388,27,,,,,,,,,,,,,,,162,167,378,483,307,,226,133,,198,301,49,,1269,,,,184,,,,,,,,,,,,,156,,13,5,,,,357,,,,,,,,225,,,,,,,,,,,,8,,,,,,,,,,,,111,119,29,102,59,,,178,443,246,,,,207,,169,,,,96,115,98,125,28,,136,149,,70,,811,25,131,33,,229,,65,757,53,2182,53,200,,,,,,,,,,,,,,,,,,,,,,,446,,148,,625,,280,194,153,,366,,,123,90,,,,,,29,,,,,,84,,22,,158,252,505,178,46,533,91,46,33,31,275,122,42,94,23,,,131,70,186,,129,32,224,,164,1,,,,,,,,,,,,,,,,,,,,,,,,,,,,,,,,,595,120,70,84,2,52,215,,457,38,127,295,76,262,,124,,32,,117,400,239,,,,,,,242,,,258,,163,131,,,42,
2026-07-24T16:20:01+00:00,122,289,,,471,11,,64,163,292,,169,,221,,,244,,,,,,449,363,244,216,,56,,,,973,,,,172,,189,,,,,,105,,,,,988,,47,,,42,,,,52,13,,,,,,22,,,50,,,118,,,,,,91,222,,,,,,,,,,,,,,,,,,,,,,,,,,,,,,,,,,,,,,,,,,,,,,,,,,,,,,,35,,,,,511,,,,,128,180,,,,,,,180,,,199,,678,,359,,50,,546,207,419,,407,,,,718,319,342,123,233,,,,,,,,,,,,,84,,146,17,26,326,,,,,,,,139,,131,,,,,,,127,,,,,120,,,,,,,,,,,,,,10,125,,,,,,461,,,,,,,,64,,,,,112,,,,,55,,,,,64,,,,,,123,297,266,161,210,,239,,386,25,,,,,,,,,,,,,,,164,168,379,488,310,333,222,,,,297,51,,1264,,,,174,,49,,,,,,,,,,,160,54,16,4,,,,356,,,,,,,,228,,,,,,,,,,,,7,,,,,,,,,,,,,,28,101,,,75,,442,245,,,,,,170,,,,,116,106,130,29,,135,150,,71,126,,27,132,,,,,,,,,,,,,,,,,,,,,,,,,,,,,,,,,449,66,152,,629,,283,198,166,241,369,,,,92,,,,,,31,,,216,86,197,83,,33,266,157,,514,176,45,542,93,48,,,,,,,,,,,,,,,,,,,,,,,,,,,,,,,,,,,,,,,,,,,,,,,,,,,,594,121,68,74,4,58,220,,461,36,123,296,,,,123,,31,,,401,237,,,,,,,236,122,,254,,168,128,,,,
2026-07-24T16:25:01+00:00,,,,,,,,,,,,,,,,,242,,,,,109,450,367,240,,,55,,,,981,,,7,170,,191,,,109,135,,104,,,,,991,,45,,,,,,,53,12,,,181,,,16,,,,,,117,,,212,,,90,224,268,133,204,152,184,110,,,,392,18,140,347,,243,327,41,,225,207,284,17,,,173,218,84,,790,56,,256,,,227,482,,,443,50,,,,,,,,,,,,,,,,,,,,,,,,,,,,,,,,,176,,,191,,680,,364,,38,,550,206,420,529,409,,,,716,,,118,238,286,311,1159,46,133,297,154,,,322,309,150,83,,139,17,,329,,,,,,,,,,133,,,,,,,,,,,,,,,,,,27,,,,,,,,,111,,,,,,463,,0,,,,,,60,,,,,111,,,,,,,,,,,,,,,,122,307,268,162,211,191,246,,383,26,,,,,,,,,,,,,,,168,165,,498,311,334,217,,,202,295,54,,1253,,,,177,,51,,,,,,,,,,,164,55,18,,,,,360,,,,,,,,227,,,,,,,,,,,,6,,,,,,,,,,,,,,27,98,55,143,,177,441,242,,,348,205,46,173,,,,98,,108,135,,287,136,151,,,,813,28,133,35,,228,84,63,758,56,2173,,201,1,,,,,,,,,,,,,,,,,,,,,,,,,,,,,,,,,,,,,,,,,,,,,,,,,,,,,,519,181,44,553,94,51,,,,,,,,,,,,,,,,,,,,,,,,,,,,,,,,,,,,,,,,,,,,,,,,,,,,597,122,69,,2,62,221,75,459,34,122,295,77,259,,120,,28,,,399,235,,,,,,,224,,,259,,167,127,,,37,
2026-07-24T16:30:01+00:00,130,284,,145,481,10,,74,166,,,165,,223,,,238,,,,,110,451,370,237,212,,53,,,,988,,,5,166,,189,,,106,136,,,,,,,982,,40,,360,41,,,,,11,,,180,,,14,,,47,,,116,,,210,,,,220,,,,,,,,,,,,,,,,,,,,,,,,,,,,,,,,,,,,,,,,,55,118,657,111,221,471,51,87,324,,,,,,31,,,,,509,,,,,,178,,,,,,,,,,,,,,,,,,,210,419,530,411,60,,,712,,348,120,240,,,,,,,,,,,,,85,,144,17,22,335,,,,,,,,138,,134,,,,,,,129,,,,,119,,,,,,28,,,,,,,,9,100,,,,,,,,,81,,,,,,,,,,115,,,,,,,,,,,,,,,,,315,269,,,193,247,,384,22,12,,,,,,,,,,,,,,169,169,,497,312,337,210,,,206,296,57,,1243,,,,173,,53,,,,,,,,,,,165,,,,,,,357,,,,,,,,221,,,,,,,,,,,,,,,,,,,,,,,,113,,25,,56,,74,176,442,250,,,351,204,,,,,,,,118,,,289,,153,,73,,815,,,36,,,71,62,767,46,2177,50,,0,,,,,,,,,,,,,,,,,,,,,,447,,156,,624,,,199,167,243,368,,,122,93,,,,,,28,,,,87,196,84,,36,267,,254,530,178,41,558,,53,32,26,269,124,41,97,24,,,121,62,182,,118,31,235,,165,0,,,,,,,,,,,,,,,,,,,,,,,,,,,,,,,,,,,,63,-100,57,217,,,40,127,296,75,,,117,,26,,,396,238,,,,,,,231,,,258,,168,124,,,,
2026-07-24T16:35:02+00:00,135,283,,,483,,,79,165,289,,166,,220,,,236,,,,,112,452,371,238,214,,,,,,991,,2,3,163,,192,,,103,135,,106,,31,,,984,,39,,,42,,,,,12,,,179,,,0,,,,,,,,,,,,94,,264,140,216,,183,106,,,,390,,147,349,,246,329,38,,,208,,20,117,115,174,213,88,,792,,473,257,,,222,488,,,,47,,,,,,,,,,,,,,,,,,,,,,,,,,,,,,,,,168,,,171,,679,,366,,2,,557,201,,527,409,,,,698,321,358,115,243,281,296,1166,21,135,,140,171,120,321,285,147,88,,141,17,21,338,,,,,,,,137,,135,,,,,,,130,,,,,120,,,,,,29,,,,,,,,8,93,,,,,,467,,,77,131,,,,59,,,,,114,,,,,54,,,,,,,,,,,121,323,271,163,214,,253,,382,23,,,,,,,,,,,,,,,168,172,380,504,314,342,197,,,209,298,58,,1235,,,,168,,54,,,,,,,,,,,164,57,22,,,,,354,,,,,,,,226,,,,,,,,,,,,,,,,,,,,,,,,,121,,100,61,,,174,443,255,,36,,,,,,,,,,124,137,28,,137,154,,77,127,819,31,,,,227,59,63,776,37,2176,,,3,,,,,,,,,,,,,,,,,,,,,,453,,,,,,286,196,173,,,,,127,91,,,,,,27,,,213,88,204,88,,35,266,,247,538,175,35,559,95,54,,,,,,,,,,,,,,,,,,,,,,,,,,,,,,,,,,,,,,,,,,,,,,,,,,,,598,,63,55,,65,218,,461,45,128,300,,,,116,,22,,115,395,236,,,,,,,230,,,257,,167,121,,,,
2026-07-24T16:40:01+00:00,137,284,,,481,,,77,168,,,164,,219,,,,,,,,,455,370,230,,,52,,,,996,,0,2,158,,194,,,101,134,,,,28,,,985,,,,,,,,,52,,,,180,,,,,225,46,,,,,,,,,96,221,,148,217,156,182,102,,,,,16,148,,228,243,332,,,,217,,18,,,177,215,95,,791,,,259,,232,221,,,,444,48,53,124,664,116,220,475,50,86,328,,,,,,40,,,,,,,,,,125,174,,,,,,,,,,162,,680,,368,,4,,561,198,421,528,,59,,,689,320,361,108,251,,,,,,,,,,,,,94,,142,17,,345,,,,,,,,139,,,,,,,,,129,,,,,119,,,,,,30,,,,,,,,,87,,,,,,471,,,,,,,,,,,,,115,,,,,53,,,,,65,,,,,,120,334,,,,195,258,,383,,,,,,,,,,,,,,,,172,174,382,508,315,344,193,132,,211,301,56,,1223,,,,,,55,,,,,,,,,,,166,59,,,,,,356,,,,,,,,227,,,,,,,,,,,,5,,,,,,,,,,,,108,124,26,99,63,,,177,450,254,,,,207,45,,,,,97,115,,142,29,,140,153,,80,,,,,,,228,,,775,26,2175,44,202,2,,,,,,,,,,,,,,,,,,,,,,448,67,,,620,,288,197,183,240,367,,,125,92,,,,,,,,,212,87,202,89,,37,269,161,,543,176,36,551,,61,,,,,,,,,,,,,,,,,,,,,,,,,,,,,,,,,,,,,,,,,,,,,,,,,,,,,,59,45,1,63,219,72,458,,,303,77,262,,,,20,,117,393,235,,,,,,,219,123,,,,166,120,,,,
2026-07-24T16:45:01+00:00,138,282,,,487,13,,,172,297,,,,,,,233,,,,,116,456,372,225,219,,50,,,,1008,,,,155,,196,,10,102,135,,105,,,,,981,,36,,362,,,,,,13,,,182,,,,,,45,,,,,,,,,95,217,,,,,,,,,,,,,,,,,,,,,,,,,,,,,,,,,,,,,,,,,,,,,,,,,,,,,,,,,,,,,,,,,,,,,,,,,,,,,,,,,,,,,199,420,527,408,58,,,676,321,,109,254,,282,1163,,138,298,134,173,112,317,275,145,100,,148,17,20,359,,,,,,,,137,,,,,,,,,,,,,,121,,,,,,29,,,,,,,,7,90,,,,,,474,,,,,,,,,,,,,113,,,,,,,,,,,,,,,,,341,,164,217,197,271,,379,24,,,,,,,,,,,,,,,177,178,384,509,,347,183,,,212,298,57,,1202,,,,165,,,,,,,,,,,,,163,,24,7,,,,,,,,,,,,229,,,,,,,,,,,,6,,,,,,,,,,,,109,,27,96,64,,,176,452,249,,,,209,,172,,,,,114,121,144,,,139,152,,81,,,,134,37,,227,67,,781,24,2171,39,,0,,,,,,,,,,,,,,,,,,,,,,451,65,154,,,,,196,193,237,368,,,126,94,,,,,,29,,,213,85,207,90,,32,271,164,245,557,,,553,,60,29,11,263,121,37,96,19,,,117,39,165,,110,33,225,,161,5,,,,,,,,,,,,,,,,,,,,,,,,,,,,,,,,,594,120,56,37,2,58,218,71,457,46,123,,74,263,,,,17,,116,391,234,,,,,,,206,122,,263,,167,121,,,,
2026-07-24T16:50:01+00:00,140,284,,,494,,,,175,301,,163,,226,,,228,,,,,121,457,374,,224,,44,,,,1011,,,0,153,,195,,,100,134,,,,,,,979,,,,,41,,,,,,,,183,,,,,,,,,115,,,214,,,92,215,271,144,221,153,185,100,,,,,20,141,355,225,242,336,,,,223,,15,116,113,184,214,92,,795,52,480,265,114,228,217,494,,,,46,54,130,677,115,221,467,,83,330,,,,,,26,,,,,510,,,,,124,173,,,,,,,166,,,146,,684,,,,,,563,200,424,530,402,59,,,667,323,365,100,264,,,,,,,,,,,,,110,,147,17,32,363,,,,,,,,138,,137,,,,,,,128,,,,,120,,,,,,30,,,,,,,,9,82,,,,,,476,,,75,133,,,,65,,,,,111,,,,,51,,,,,66,,,,,,119,350,270,165,219,200,278,,380,,,,,,,,,,,,,,,,178,179,385,514,,349,179,133,,,300,55,,1193,,,,160,,51,,,,,,,,,,,,,27,9,,,,359,,,,,,,,,,,,,,,,,,,,5,,,,,,,,,,,,106,,,,61,,,178,457,254,,,357,,,173,,,,,,135,145,,,141,,,,128,820,39,135,39,,225,66,64,789,25,2161,32,203,,,,,,,,,,,,,,,,,,,,,,,452,,148,,619,,291,199,202,236,369,,,127,,,,,,,32,,,,83,202,96,,34,269,,241,574,,41,550,,65,,,,,,,,,,,,,,,,,,,,,,,,,,,,,,,,,,,,,,,,,,,,,,,,,,,,595,,51,20,1,48,,70,456,52,118,304,71,265,,117,,,,122,395,233,,,,,,,198,,,268,,,,,,6,
2026-07-24T16:55:01+00:00,139,287,,,491,15,,74,178,,,,,230,,,227,,,,,123,458,378,221,226,,39,,,2,1016,30,,,148,,196,,,98,,,104,,27,,,981,,27,,364,42,,,,53,,,,,,,,,226,,,,116,,,213,,,88,216,,,,,,,,,,,,,,,,,,,,,,,,,,,,,,,,,,,,,,,,,,,,,,,,,,,,,,,,,,,,,,,,,,,,,,,,,,,,,,,,,,,,,198,,,400,,,,651,328,367,92,269,280,274,1164,,,301,129,176,104,314,254,124,,,140,17,,368,,,,,,,,140,,135,,,,,,,129,,,,,123,,,,,,32,,,,,,,,,77,,,,,,475,,,74,132,,,,60,,,,,,,,,,,,,,,,,,,,,117,351,272,164,221,,283,,378,23,,,,,,,,,,,,,,,182,185,387,525,316,346,163,,,213,301,,,1178,,,,156,,,,,,,,,,,,,162,61,29,,,,,362,,,,,,,,228,,,,,,,,,,,,8,,,,,,,,,,,,104,126,,,,,,177,,256,,,355,207,,169,,,,96,,138,146,,288,,151,,82,,821,,136,38,,227,70,63,791,19,,,,,,,,,,,,,,,,,,,,,,,,,,456,,150,,615,,295,200,213,,368,,,126,,,,,,,35,,,216,85,206,102,15,35,268,,237,585,174,42,543,,64,,,,,,,,,,,,,,,,,,,,,,,,,,,,,,,,,,,,,,,,,,,,,,,,,,,,596,119,46,10,-100,43,224,,,56,122,305,70,,,114,,14,,125,391,232,,,,,,,191,,,269,,169,,,,,
2026-07-24T17:00:01+00:00,141,,,,,14,,76,181,302,,164,,231,,,222,,,,,125,463,380,217,229,,46,,,,1019,,1,,144,,203,,,99,,,105,,,,,985,,26,,363,,,,,54,,,,182,,,,,,43,,,114,,,,,,87,214,257,148,229,149,186,103,,,,388,16,137,358,223,244,332,36,301,,227,285,10,,115,180,,96,,797,51,481,,,232,216,505,,,,45,56,139,686,117,224,474,,74,332,,,,,,23,,,,,511,,,,,125,,,,,,,,,,,131,,688,,365,,,,566,,427,531,399,60,,,645,331,387,80,268,,,,,,,,,,,,,103,,138,17,37,378,,,,,,,,139,,136,,,,,,,,,,,,,,,,,,33,,,,,,,,,81,,,,,,477,,,76,131,,,,64,,,,,108,,,,,,,,,,,,,,,,,,276,,222,202,282,,377,22,10,,,,,,,,,,,,,,,186,,531,,349,153,134,,,,54,,1160,,,,152,,50,,,,,,,,,,,159,62,27,,,,,364,,,,,,,,229,,,,,,,,,,,,6,,,,,,,,,,,,103,127,29,,63,,75,176,,255,,35,353,,,168,,,,95,112,141,148,,,142,149,,,129,822,,,36,,,64,,795,18,2166,23,202,1,,,,,,,,,,,,,,,,,,,,,,454,66,152,,618,,292,206,,237,367,,,125,,,,,,,36,,,213,84,208,99,,36,272,,236,588,172,49,554,96,,,,,,,,,,,,,,,,,,,,,,,,,,,,,,,,,,,,,,,,,,,,,,,,,,,,,,121,40,,4,44,227,68,,57,128,306,69,264,,111,,11,,128,,231,,,,,,,178,,,273,,174,119,,,5,
2026-07-24T17:05:01+00:00,140,288,,,499,,,81,186,301,,163,,235,,,215,,,,,128,,379,214,,,41,,,0,1018,,2,,137,,206,,,98,136,,104,,,,,992,,24,,362,,,,,55,,,,,,,,,,,,,,,,225,,,89,213,255,151,236,151,187,100,,,,,,,,,,,,,,,,,,,,,,,,,,,,,,,,,,,55,138,693,118,223,476,51,73,331,,,,,,27,,,,,512,,,,,124,175,,,,,,,,,,114,,694,,366,,1,,564,193,428,532,395,61,,,635,335,388,71,274,283,253,1149,,,302,106,,92,311,217,81,102,,133,17,38,,,,,,,,,140,,,,,,,,,128,,,,,,,,,,,32,,,,,,,,0,74,,,,,,475,,,,132,,,,63,,,,,,,,,,50,,,,,,,,,,,115,353,277,163,227,205,293,,376,20,,,,,,,,,,,,,,,186,190,,533,319,,147,,,,299,53,,1151,,,,151,,46,,,,,,,,,,,158,64,24,10,,,,,,,,,,,,228,,,,,,,,,,,,8,,,,,,,,,,,,104,128,,94,,144,74,175,,247,,,355,204,,167,,,,,113,144,0,30,289,143,151,,,132,,,,37,,223,56,62,801,13,2158,18,,0,,,,,,,,,,,,,,,,,,,,,,459,68,153,,615,,290,,229,,,,,127,92,,,,,,32,,,,83,214,101,17,40,280,,230,596,169,,558,,65,27,17,,127,32,102,25,,,120,30,155,,96,36,226,,,3,,,,,,,,,,,,,,,,,,,,,,,,,,,,,,,,,593,,36,-535,-100,40,229,70,455,62,132,304,68,,,114,,9,,,,227,,,,,,,169,,,278,,175,120,,,8,
2026-07-24T17:10:01+00:00,143,,,,,16,,82,193,299,,160,217,236,,,210,,,,,130,464,381,212,238,,40,,,,1030,,0,,136,,211,,,97,137,,,,,,,993,,22,,,,,,,,,,,,,,,,,34,,24,112,,,227,,,93,214,,,,,,,,,,389,19,140,357,222,241,325,30,300,,234,283,15,115,,188,207,88,,,,476,273,113,237,222,524,,,,42,,,,,,,,,,,,,,,,,,,,,,,,,,,,,,,,,,,,,,,,,,,,,187,423,,393,,,,622,339,397,48,283,,,,,,,,,,,,,101,,130,17,44,389,,,,,,,,,,135,,,,,,,130,,,,,,,,,,,,,,,,,,,,67,,,,,,472,,,,,,,,67,,,,,106,,,,,49,,,,,65,,,,,,116,373,278,,233,207,298,,377,,,,,,,,,,,,,,,,190,201,,543,,352,134,,,215,302,56,,1149,,,,148,,44,,,,,,,,,,,160,62,23,9,,,,,,,,,,,,,,,,,,,,,,,,7,,,,,,,,,,,,101,,,93,64,,,173,458,248,,,358,,,168,,,,94,,143,,,,,148,,80,133,823,,,38,,225,59,,816,14,2159,6,,,,,,,,,,,,,,,,,,,,,,,,,,,,,,,,,,,,,130,93,,,,,,33,,,212,80,,102,,48,278,,227,606,171,47,559,97,66,,,,,,,,,,,,,,,,,,,,,,,,,,,,,,,,,,,,,,,,,,,,,,,,,,,,590,120,19,,,36,228,66,451,64,140,308,67,263,,112,,6,,129,389,226,,,,,,,166,,,283,,176,117,,,,
2026-07-24T17:15:01+00:00,146,291,,,503,15,,83,198,306,,157,,241,,,218,,,,,132,466,384,,,,37,,,,1036,,8,,131,,215,,,,136,,,,,,,991,,25,,,41,,,,,,,,181,,,,,,35,,,111,,,233,,,,213,250,159,247,146,185,,,,,,,,,,,,,,,,,,,,,,,,,,,,,,,,,,,,54,147,696,121,219,,,68,335,,,,,,40,,,,,513,,,,,129,,,,,,,,157,,,88,,,,374,,,,567,180,426,533,390,60,,,615,348,400,42,284,295,245,1145,,140,306,115,,81,306,190,55,105,,121,17,45,400,,,,,,,,142,,,,,,,,,131,,,,,,,,,,,,,,,,,,,,56,,,,,,469,,,75,,,,,77,,,,,105,,,,,,,,,,66,,,,,,117,379,281,,235,212,303,,,21,,,,,,,,,,,,,,,188,209,388,552,,,133,133,,216,303,54,,,,,,144,,43,,,,,,,,,,,,64,25,8,,,,366,,,,,,,,234,,,,,,,,,,,,8,,,,,,,,,,,,108,,30,,68,,75,171,459,246,,36,359,205,46,,,,16,93,112,144,,29,,146,152,,82,134,825,40,,39,,223,51,,814,11,2162,8,,1,,,,,,,,,,,,,,,,,,,,,,460,69,,,613,,291,,241,,368,,,128,94,,,,,,34,,,217,82,216,106,19,50,280,166,225,615,173,51,572,,,,,,,,,,,,,,,,,,,,,,,,,,,,,,,,,,,,,,,,,,,,,,,,,,,,,,589,118,10,,,34,,68,447,71,146,307,66,,,113,,7,,131,391,230,,,,,,,160,,,286,,178,112,,,19,
2026-07-24T17:20:01+00:00,,292,,,504,18,,86,201,307,,,,240,,,210,,,,,135,467,386,207,241,,33,,,,1040,,,,,,,,,96,135,,,,,,,996,,23,,,,,,,,,,,182,,,,,227,33,,23,,,,236,,,,215,,,,,,,,,,387,15,141,361,224,,320,34,299,,242,282,,112,,186,203,103,171,798,50,477,278,114,239,,541,,,,44,,,,,,,,,,,,,,,,,,,,,,,,,,,,,,,,,,,,,,,,,,,,,,427,534,387,62,,,601,355,398,30,287,,,,,,,,,,,,,103,,,17,39,404,,,,,,,,144,,134,,,,,,,,,,,,,,,,,,33,,,,,,,,,44,,,,,,471,,,,,,,,75,,,,,104,,,,,48,,,,,,,,,,,116,386,283,164,236,,304,,371,,,,,,,,,,,,,,,,190,207,391,559,320,353,120,,,219,300,57,,1150,,,,137,,35,,,,,,,,,,,166,65,28,,,,,363,,,,,,,,235,,,,,,,,,,,,7,,,,,,,,,,,,,,29,92,70,,,173,462,,,,,206,,170,,,,,111,148,,,,148,154,,,,,43,,,,,,,,,,,,,,,,,,,,,,,,,,,,,,,,,,465,,155,,618,,294,207,261,240,365,,,126,96,,,,,,32,,,222,78,219,108,25,55,282,163,226,627,175,57,577,98,67,25,8,256,129,29,,21,,,102,8,149,,78,38,229,,157,0,,,,,,,,,,,,,,,,,,,,,,,,,,,,,,,,,,117,4,,,29,230,67,449,74,153,309,65,254,,114,,10,,,395,229,,,,,,,145,,,295,,,110,,,,
2026-07-24T17:25:02+00:00,149,294,,147,511,,,91,203,308,,161,,237,,,202,,,,,139,468,387,,248,,28,,,,1044,,7,,,,217,,,97,134,,103,,,,,992,,26,,361,42,,,,,,,,181,,,,,,32,,22,,,,241,,,94,216,235,166,,151,186,94,,,,,,,,,,,,,,,,,,,,,,,,,,,,,,,,,,,55,157,701,126,225,472,52,54,339,,,,,,47,,,,,514,,,,,130,180,,,,,,,143,,,76,,708,,,,,,569,179,,535,386,63,,,597,362,400,14,296,302,287,1140,1,142,313,112,,79,303,177,44,,,114,17,42,411,,,,,,,,143,,135,,,,,,,129,,,,,,,,,,,,,,,,,,,,48,,,,,,477,,,77,,,,,78,,,,,103,,,,,,,,,,64,,,,,,111,397,282,,237,213,310,,374,20,9,,,,,,,,,,,,,,192,212,,564,,352,105,,,220,301,56,,1151,,,,141,,37,,,,,,,,,,,167,,29,,,,,364,,,,,,,,238,,,,,,,,,,,,8,,,,,,,,,,,,105,129,,89,74,,74,176,,251,,,,,,168,,,,94,110,150,,30,288,150,155,,85,136,826,44,135,,,,35,61,824,9,2163,3,,0,,,,,,,,,,,,,,,,,,,,,,473,68,,,620,,,209,277,235,,,,128,102,,,,,,38,,,223,77,227,115,23,62,281,166,229,630,177,58,588,,71,,,,,,,,,,,,,,,,,,,,,,,,,,,,,,,,,,,,,,,,,,,,,,,,,,,,585,115,,,,27,231,,,79,149,310,66,253,,112,,6,,130,392,230,,,,,,,135,,,301,,180,,,,21,
2026-07-24T17:30:02+00:00,147,296,,,513,,,98,204,309,,159,,236,,,201,,,,,143,,388,198,,,26,,,,,,6,,,,,,,,136,,102,,,,,993,,29,,360,,,,,54,,,,,,,,,,33,,,110,,,243,,,97,217,,171,249,150,187,93,,,,,9,142,363,225,236,318,26,,,249,,16,111,,192,211,114,173,799,54,480,,,240,214,550,,,445,43,,160,704,,224,475,,55,347,,,,,,46,,,,,513,,,,,133,181,,,,,,,140,,,71,,716,,376,,,,571,178,425,,390,64,,,599,371,408,15,297,,,,,,,,,,,,,105,,113,17,46,415,,,,,,,,146,,137,,,,,,,132,,,,,,,,,,,34,,,,,,,,,45,,,,,,478,,,,,,,,79,,,,,104,,,,,,,,,,,,,,,,109,394,283,165,239,214,312,,375,,,,,,,,,,,,,,,,193,,386,570,319,349,88,,,218,309,,,,,,,143,,30,,,,,,,,,,,,66,31,7,,,,361,,,,,,,,,,,,,,,,,,,,,,,,,,,,,,,,98,130,27,90,75,,,,461,,,34,361,208,,,,,15,,114,156,,31,284,151,,,89,,824,45,,,,,37,,829,4,,1,,,,,,,,,,,,,,,,,,,,,,,,,,,,,,,,,,,,,,,,,,,,,,,,,,,,,,,234,636,179,57,593,99,72,,,,,,,,,,,,,,,,,,,,,,,,,,,,,,,,,,,,,,,,,,,,,,,,,,,,586,116,2,,,21,235,66,445,84,150,,65,254,,108,,7,,127,390,229,,,,,,,126,,,310,,,107,,,,
2026-07-24T17:35:01+00:00,146,298,,,523,23,,99,205,310,,,218,234,,,194,,,,,144,470,389,192,260,,19,,,,1059,,5,,,,221,,,99,,,101,,28,,,992,,27,,361,43,,,,,12,,,,,,,,,34,,,111,,,248,,,,216,,,,,,,,,,,,143,365,,235,315,27,300,,257,,17,,116,193,219,132,172,801,52,499,,,237,211,552,,,446,44,,,,,,,,,,,,,,,,,,,,,,,,,,,,,,,,,,,,,,,,,,,,,179,432,536,386,66,,,590,375,422,17,307,303,268,1139,3,143,318,100,,81,298,152,30,104,,112,17,,421,,,,,,,,147,,,,,,,,,135,,,,,124,,,,,,,,,,,,,,,35,,,,,,480,,,76,,,,,83,,,,,106,,,,,49,,,,,,,,,,,105,399,286,170,,215,322,,366,23,,,,,,,,,,,,,,,195,215,,574,321,,76,,,217,311,53,,,,,,139,,22,,,,,,,,,,,166,65,28,,,,,,,,,,,,,244,,,,,,,,,,,,,,,,,,,,,,,,93,,28,91,73,,75,177,460,,,,359,,,167,15,,,,113,153,,30,279,152,154,,90,137,827,,136,,,,,,,,,,,,,,,,,,,,,,,,,,,,,,,,,476,67,157,,614,,298,211,289,236,366,,,129,104,,,,,,40,,,228,,233,117,26,60,284,167,233,642,177,53,601,98,67,19,18,254,131,31,98,24,,,107,0,135,,60,40,240,,163,,,,,,,,,,,,,,,,,,,,,,,,,,,,,,,,,,585,114,,,,15,238,65,444,91,157,309,66,253,,106,,9,,129,391,227,,,,,,,120,,,313,,183,105,,,29,
2026-07-24T17:40:01+00:00,,,,148,524,22,,98,206,309,,160,,235,,,190,,,,,146,471,393,184,263,,15,,,,1065,,4,,132,,222,,,98,137,,100,,27,,,995,,28,,359,,,,,,,,,182,,,,,,,,,110,,,251,,,101,219,245,186,250,146,184,85,,,,,,,,,,,,,,,,,,,,,,,,,,,,,,,,,,,,164,725,133,231,476,53,51,,,,,,,,,,,,512,,,,,134,179,,,,,,,129,,,66,,719,,383,,,,574,175,,537,383,,,,575,380,429,19,312,,,,,,,,,,,,,108,,,16,47,420,,,,,,,,149,,139,,,,,,,136,,,,,,,,,,,,,,,,,,,,36,,,,,,482,,,,,,,,86,,,,,107,,,,,50,,,,,,,,,,,,395,,171,,214,324,,361,22,,,,,,,,,,,,,,,196,217,389,577,,347,65,,,216,,,,,,,,135,,20,,,,,,,,,,,165,67,27,,,,,,,,,,,,,245,,,,,,,,,,,,7,,,,,,,,,,,,91,129,29,92,,,74,,453,252,,,358,207,,170,,,,,110,150,,,278,151,,,,,826,,,,,225,23,,840,5,2164,0,,,,,,,,,,,,,,,,,,,,,,,,473,,155,,603,,302,207,319,230,367,,,130,103,,,,,,42,,,230,76,243,118,,62,285,166,,650,179,55,606,,71,,,,,,,,,,,,,,,,,,,,,,,,,,,,,,,,,,,,,,,,,,,,,,,,,,,,584,113,3,,,18,235,66,440,95,164,,64,,,104,,,,128,387,,,,,,,,100,,,325,,185,107,,,,
2026-07-24T17:45:02+00:00,149,299,,,529,21,,102,205,311,,157,,233,,,189,,,,,147,472,395,188,266,,14,,,,1076,,8,,134,,224,,,,,,101,,28,,,997,,29,,358,,,,,,13,,,,,,7,,,35,,,,,,259,,,,,,,,,,,,,,,,142,,227,234,319,,302,,267,281,19,,,191,222,135,,800,53,,,,,212,550,,,447,,,,,,,,,,,,,,,,,,,,,,,,,,,,,,,,,,135,,,64,,721,,388,,1,,579,,427,540,381,65,,,573,388,435,22,319,304,257,1132,12,144,321,105,177,97,,142,16,106,,114,17,48,433,,,,,,,,151,,142,,,,,,,133,,,,,125,,,,,,37,,,,,,,,,30,,,,,,485,,,77,131,,,,87,,,,,106,,,,,51,,,,,,,,,,,100,396,,172,240,215,327,,355,24,,,,,,,,,,,,,,,200,221,,582,320,346,66,,,217,313,52,,1153,,,,131,,19,,,,,,,,,,,166,,28,,,,,359,,,,,,,,251,,,,,,,,,,,,9,,,,,,,,,,,,87,,,,74,,75,181,452,255,,,,,,169,,,,,109,153,,32,,153,152,,94,,824,44,,38,,,21,,846,,2162,,,2,,,,,,,,,,,,,,,,,,,,,,,,154,,,,,,,,,,,131,105,,,,,,,,,,77,,122,,58,289,,231,660,,58,619,,75,,,,,,,,,,,,,,,,,,,,,,,,,,,,,,,,,,,,,,,,,,,,,,,,,,,,581,111,,,,,237,68,435,101,169,310,,,,,,,,129,,226,,,,,,,82,,,329,,184,106,,,,
2026-07-24T17:50:02+00:00,,298,,,530,22,,99,210,310,,158,,234,,,185,,,,,152,473,400,190,269,,,,,,1083,,7,,132,,228,,,,,,103,,,,,995,,27,,,,,,,55,,,,,,,6,,,34,1,,109,,,256,,,,217,238,,254,144,180,86,,,,,7,143,366,228,,317,26,301,,,,23,,117,188,224,138,,799,,506,275,,,218,553,,,,,,171,730,142,229,483,55,54,349,,,,,,54,,,,,515,,,,,135,181,,,,,,,,,,,,,,,,,,,161,434,549,382,64,,,564,393,446,,,,,,,,,,,,,,,109,,109,17,49,448,,,,,,,,149,,145,,,,,,,132,,,,,,,,,,,,,,,,,,,,26,,,,,,489,,,75,132,,,,90,,,,,105,,,,,53,,,,,66,,,,,,94,397,285,,239,,331,,348,21,10,,,,,,,,,,,,,,203,223,391,588,321,350,59,,,,314,55,,,,,,136,,22,,,,,,,,,,,162,,,8,,,,358,,,,,,,,250,,,,,,,,,,,,,,,,,,,,,,,,85,,32,91,79,,,183,450,257,,,361,,47,,,,14,,106,152,,,277,150,154,,,139,825,45,,,,226,11,60,852,10,2159,,,,,,,,,,,,,,,,,,,,,,,,,477,66,156,,592,,301,211,359,225,366,,,129,101,,,,,,43,,,233,75,244,131,21,59,288,170,230,666,,63,626,96,77,18,12,,136,39,100,23,,,104,7,139,,50,44,253,,166,,,,,,,,,,,,,,,,,,,,,,,,,,,,,,,,,,574,106,2,,,8,241,,432,106,172,,63,248,,100,,10,,133,388,227,,,,,,,70,,,,,185,104,,,,
2026-07-24T17:55:02+00:00,150,297,,,537,,,102,213,,,157,,230,,,178,,,,,,,402,200,274,,10,,,1,1088,,13,,131,,230,,,,,,104,,,,,996,,23,,,,,,,,14,,,183,,,8,87,,33,,,108,,,259,,,103,220,,,,,,,,,,,,,,,,,,,,,,,,,,,,,,,,,,,,,,,,,,,,,,,,,,,,,,,,,,,,,,,,,,,,,,,,,134,,,,,726,,391,,,,,158,433,555,383,67,,,560,397,459,24,321,302,248,1134,45,145,325,,178,,299,124,17,112,,108,17,53,455,,,,,,,,,,,,,,,,,133,,,,,126,,,,,,39,,,,,,,,,25,,,,,,491,,,72,,,,,95,,,,,104,,,,,,,,,,65,,,,,,89,398,,,240,,336,,340,,9,,,,,,,,,,,,,,204,227,393,592,322,,65,132,,219,317,56,,1154,,,,133,,19,,,,,,,,,,,160,,25,9,,,,359,,,,,,,,252,,,,,,,,,,,,8,,,,,,,,,,,,72,,,87,76,,,181,446,254,,,360,208,,,,,,,99,159,,,,,153,,97,,,,138,,,225,10,59,868,17,2163,,,0,,,,,,,,,,,,,,,,,,,,,,489,,155,,586,,,,372,,,,,127,106,,,,,,41,,,237,74,246,136,29,68,293,172,228,669,176,65,632,94,81,,,,,,,,,,,,,,,,,,,,,,,,,,,,,,,,,,,,,,,,,,,,,,,,,,,,570,107,,,,14,244,69,429,118,175,312,61,249,,,,6,,136,,230,,,,,,,65,,,331,,190,102,,,,
2026-07-24T18:00:01+00:00,152,,,,542,25,,99,217,312,,158,,226,,,175,,,,,153,,405,204,275,,12,,,,1102,,12,,130,,236,,,100,135,,105,,,,,1000,,24,,,,,,,56,,,,,,,7,,,,0,,,,,262,,,,222,215,189,,146,,80,,,,386,2,146,364,227,229,,22,,224,273,283,25,112,118,192,221,144,,800,52,517,276,115,240,220,563,,,448,43,57,173,740,150,232,484,56,50,351,,,,,,61,,,,,517,,,,,134,188,,,,,,,,,,,,,,,,,,,166,432,559,,68,,,550,401,470,22,324,,,,,,,,,,,,,115,,101,17,58,475,,,,,,,,152,,147,,,,,,,138,,,,,,,,,,,41,,,,,,,,,21,,,,,,,,,73,,,,,97,,,,,102,,,,,,,,,,,,,,,,87,399,286,171,242,216,337,,335,22,8,,,,,,,,,,,,,,206,231,394,597,,349,58,133,,218,318,55,,,,,,134,,20,,,,,,,,,,,161,,28,12,,,,357,,,,,,,,254,,,,,,,,,,,,,,,,,,,,,,,,71,130,30,85,,,,178,448,253,,,,,,168,,,,,97,165,,,275,,152,,96,,820,43,,37,,,,,,,,,,,,,,,,,,,,,,,,,,,,,,,,,,,,,,,,,,,,,,,,,,,,,,,,,,,,,,,,680,178,70,638,,84,,,,,,,,,,,,,,,,,,,,,,,,,,,,,,,,,,,,,,,,,,,,,,,,,,,,568,110,,,,18,251,,428,130,178,313,62,,,,,5,,138,386,227,,,,,,,45,,,337,,188,,,,,
2026-07-24T18:05:01+00:00,154,,,,544,27,,103,223,,,159,,227,,,174,,,,,155,,403,205,285,,11,,,2,1115,,,,133,,,,,99,,,106,,,,,999,,23,,,42,,,,,,,,,,,6,,,27,,21,,,,,,,106,223,,,,,,,,,,,,,,,,,,,,,,,,,,,,,,,,,,,,,,,,,,183,751,157,236,488,,46,350,,,,,,,,,,,,,,,,,,,,,,,,139,,,57,,731,,395,,,,584,168,435,560,,,,,552,403,484,15,328,301,241,1129,57,143,328,101,,107,,111,26,,,98,17,61,493,,,,,,,,,,,,,,,,,,,,,,125,,,,,,,,,,,,,,,20,,,,,,493,,,72,,,,,100,,,,,,,,,,,,,,,66,,,,,,81,401,281,174,243,217,340,,,23,,,,,,,,,,,,,,,209,229,,605,,350,55,134,,,314,,,,,,,125,,21,,,,,,,,,,,160,,27,15,,,,,,,,,,,,258,,,,,,,,,,,,,,,,,,,,,,,,67,,,87,77,,74,180,446,251,,,359,209,,,,,15,,96,166,,,276,151,154,,97,,,45,,,,226,14,,882,12,2161,,201,1,,,,,,,,,,,,,,,,,,,,,,496,64,157,,585,,305,,397,227,365,,,126,107,,,,,,,,,240,75,250,141,34,,296,171,231,684,180,75,640,93,83,,23,258,,42,99,21,,,112,12,138,,38,48,261,,170,,,,,,,,,,,,,,,,,,,,,,,,,,,,,,,,,,560,111,3,,,11,256,,426,142,,,61,,,,,8,,136,,,,,,,,,26,,,343,,190,100,,,32,
2026-07-24T18:10:01+00:00,156,296,,,546,33,,108,227,311,,163,,230,,,181,,,,,158,,407,211,296,,5,,,1,1136,,16,,132,,,,,,136,,,,,,,1001,,25,,,,,,,,,,,,,,8,,,,,,107,,,269,,,107,222,198,192,257,,182,83,,,,,8,151,368,228,220,323,,302,225,277,284,31,113,117,193,220,164,,801,49,528,277,,244,216,568,,,,46,,,,,,,,,,,,,,,60,,,,,518,,,,,140,,,,,,,,,,,,,,,,,,,,,434,,387,,,,555,405,502,18,341,,,,,,,,,,,,,121,,100,17,57,517,,,,,,,,,,145,,,,,,,139,,,,,,,,,,,,,,,,,,,,21,,,,,,496,,,75,133,,,,105,,,,,101,,,,,52,,,,,67,,,,,,75,403,280,175,,218,342,,333,28,,,,,,,,,,,,,,,212,226,396,611,,346,53,,,217,317,53,,,,,,126,,18,,,,,,,,,,,159,,28,14,,,,352,,,,,,,,256,,,,,,,,,,,,9,,,,,,,,,,,,,,,86,79,,,179,444,257,,,,208,,,,,,95,92,174,,,281,153,159,,,,,,135,36,,223,19,,899,11,2163,1,200,,,,,,,,,,,,,,,,,,,,,,,499,,158,,587,,307,,415,,,,,125,108,,,,,,38,,,241,78,251,144,36,59,301,169,232,696,178,77,649,,88,,,,,,,,,,,,,,,,,,,,,,,,,,,,,,,,,,,,,,,,,,,,,,,,,,,,550,109,2,,,13,258,69,,151,181,314,60,,,101,,7,,137,383,226,,,,,,,12,123,,346,,192,,,,,
2026-07-24T18:15:01+00:00,162,295,,150,547,37,,114,230,,,164,,233,,,185,,,,,160,,409,216,302,,7,,,2,1150,,27,,133,,,,,,,,105,,27,,,1005,,23,,,,,,,57,,,,,,,11,,,,,,106,,,270,,,,224,,,,,,,,,,,,,,,,,,,,,,,,,,,,,,,,,,,,,,,,,58,196,756,,240,490,,44,353,,,,,,,,,,,,,,,,,,,,,,,,,,,,,736,,400,,,,582,169,433,,390,,,,554,407,515,22,344,299,,1130,60,145,331,88,,,301,113,23,122,,107,17,63,546,,,,,,,,,,147,,,,,,,,,,,,,,,,,,,,,,,,,,,25,,,,,,503,,,76,,,,,103,,,,,,,,,,,,,,,,,,,,,70,404,279,176,246,,346,,330,30,,,,,,,,,,,,,,,211,232,397,614,,345,40,,,,319,54,,,,,,,,,,,,,,,,,,,,,,,,,,,,,,,,,,,,,,,,,,,,,,,,,,,,,,,,,,64,,31,88,80,,,,443,256,,,358,209,,169,,,,,,180,,,284,154,164,,96,,822,,,,,225,33,,915,10,2159,0,,0,,,,,,,,,,,,,,,,,,,,,,507,,157,,584,,309,210,433,232,,,,128,,,,,,,40,,,243,,253,,41,62,,172,233,699,181,85,651,92,93,,,,,,,,,,,,,,,,,,,,,,,,,,,,,,,,,,,,,,,,,,,,,,,,,,,,543,108,,,,14,260,66,427,160,185,318,,250,,102,,9,,138,379,224,,,,,,,3,,,348,,193,,,,36,
2026-07-24T18:20:02+00:00,165,297,,,553,39,,118,235,310,,161,,,,,178,,,,,164,476,416,220,306,,9,,,,1153,29,31,,134,,,,,102,,,,,28,,,,,32,,360,,,,,,,,,184,,,,,,26,1,,103,,,,,,108,229,181,199,261,148,183,78,,,,,12,156,377,230,221,325,25,300,224,281,,,112,,203,229,182,,,47,544,,116,243,218,572,,,,48,,,,,,,,,,,,,,,71,,,,,519,,,,,142,191,,,,,,,133,,,56,,744,,404,,,,584,167,434,562,392,67,,,555,411,520,,352,,,,,,,,,,,,,123,,102,17,61,553,,,,,,,,153,,149,,,,,,,142,,,,,124,,,,,,42,,,,,,,,,29,,,,,,505,,,73,,,,,106,,,,,,,,,,,,,,,66,,,,,,65,403,278,,244,219,350,,329,34,,,,,,,,,,,,,,,215,238,,616,,,30,135,,219,322,57,,1155,,,,127,,20,,,,,,,,,,,,68,30,16,,,,350,,,,,,,,258,,,,,,,,,,,,7,,,,,,,,,,,,,131,,,79,,75,180,440,264,,35,355,,,,,,,,94,185,,,286,155,167,,,,820,,137,,,226,38,60,941,12,2157,1,,,,,,,,,,,,,,,,,,,,,,,,529,63,160,,577,,313,214,465,233,,,,129,,,,,,,45,,,248,77,264,152,52,78,299,177,235,703,183,87,650,,97,,,,,,,,,,,,,,,,,,,,,,,,,,,,,,,,,,,,,,,,,,,,,,,,,,,,528,105,13,,,25,262,67,431,164,192,320,58,248,,101,,7,,139,380,222,,,,,,,-642,124,,,,195,,,,,
2026-07-24T18:25:02+00:00,168,296,,,552,42,,121,238,311,,160,,234,,,173,,,,,166,477,419,,313,,11,,,,1158,,32,,135,,,,,100,137,,,,,,,1008,,34,,362,,,,,,,,,,,,12,,,,,,,,,276,,,110,230,175,203,260,152,185,,,,,,,155,379,,218,328,23,299,,287,286,37,,116,207,232,174,,,46,,278,115,244,215,575,,,,47,59,203,770,161,236,494,57,39,355,,,,,,64,,,,,522,,,,,147,,,,,,,,,,,,,,,,,,,,168,430,561,393,,,,554,413,526,21,358,,244,1128,61,,330,95,179,105,304,115,25,125,,103,17,63,564,,,,,,,,,,151,,,,,,,,,,,,,,,,,,,,,,,,,,,32,,,,,,506,,,,,,,,107,,,,,,,,,,,,,,,,,,,,,64,404,280,177,245,,351,,327,36,,,,,,,,,,,,,,,216,240,,620,,344,29,,,220,,58,,,,,,125,,,,,,,,,,,,,158,72,29,,,,,346,,,,,,,,256,,,,,,,,,,,,,,,,,,,,,,,,67,,,90,80,146,74,179,439,,,,354,207,,,,,,,95,184,,33,288,,172,,,,,,138,38,,225,,,947,,2169,,,,,,,,,,,,,,,,,,,,,,,,,532,64,,,575,,314,,469,234,364,,,130,109,,,,,,47,,,246,,267,153,60,84,301,182,237,710,,,654,,96,14,41,261,135,49,105,23,,,127,17,131,,44,56,279,,176,5,,,,,,,,,,,,,,,,,,,,,,,,,,,,,,,,,512,,8,,,26,264,,428,169,194,323,60,247,,103,,10,,141,381,223,,,,,,,3,,,349,,,98,,,34,
2026-07-24T18:30:01+00:00,171,,,,553,43,,127,239,,,161,,238,,,176,,,,,,,,,,,13,,,,1168,,36,1,,,,,,101,,,,,,,,1009,,40,,361,,,,,,,,,,,,13,,,25,0,,102,,,274,,,,229,,,,,,,,,,,,,,,,,,,,,,,,,,,,,,,,,,,,,,,,,,,,,,,,,,,,,,,,,,,,,,,,,,,,,,,,,142,,,59,,748,,407,,1,,586,171,435,560,391,,,,555,,530,,359,,,,,,,,,,,,,127,,104,17,67,566,,,,,,,,,,,,,,,,,,,,,,,,,,,,,,,,,,,,,31,,,,,,508,,,74,,,,,111,,,,,102,,,,,51,,,,,,,,,,,65,405,281,,,,352,,328,34,,,,,,,,,,,,,,,215,246,398,623,323,340,25,,,,324,57,,1153,,,,123,,21,,,,,,,,,,,161,75,30,,,,,,,,,,,,,255,,,,,,,,,,,,6,,,,,,,,,,,,66,,,,81,147,73,177,435,270,,36,353,,,167,,,,94,96,191,,34,,158,176,,98,,825,44,,37,,,,,,,,,,,,,,,,,,,,,,,,,,,,,,,,,,,,,,,,,,,,,,,,,,,,,,,,,,,,,,,,,,,,,,,,,,,,,,,,,,,,,,,,,,,,,,,,,,,,,,,,,,,,,,,,,,,,,,,,,499,,2,,,17,,66,426,171,200,324,61,246,,105,,,,143,379,222,,,,,,,6,,,348,,194,101,,,,
2026-07-24T18:30:02+00:00,,,,,,,,,,,,,,,,,,,,,,,,,,,,,,,,,,,,,,,,,,,,,,,,,,,,,,,,,,,,,,,,,,,,,,,,,,,,,,,,,,,,,,,,,,,,,,,,,,,,,,,,,,,,,,,,,,,,,,,,,,,,,,,,,,,,,,,,,,,,,,,,,,,,,,,,,,,,,,,,,,,,,,,,,,,,,,,,,,,,,,,,,,,,,,,,,,,,,,,,154,,152,,,,,,,,,,,,125,,,,,,43,,,,,,,,,,,,,,,,,,,,,,,,,,,,,,,,,,,,,,,,,,,,,,,,,,,,,,,,,,,,,,,,,,,,,,,,,,,,,,,,,,,,,,,,,,,,,,,,,,,,,,,,,,,,,,,,,,,,,,,,,,,,,,,,,,,,,,,,,,,,,,,,,,,,,,,,,,,,,,,,,,,,,,,,,,,,,43,58,953,22,2168,0,,,,,,,,,,,,,,,,,,,,,,,,,,,,,,,,,,,,,,,,,,,,,,,,,,,,,,,239,714,184,,660,,95,,,,,,,,,,,,,,,,,,,,,,,,,,,,,,,,,,,,,,,,,,,,,,,,,,,,,,,,,,,,,,,,,,,,,,,,,,,,,,,,,,,,,,,,,,
2026-07-24T18:35:01+00:00,,297,,,555,42,,131,241,313,,160,,242,,,178,,,,,,478,417,227,,,,,,3,1191,,38,2,,,,,,100,,,,,29,,,1012,,42,,,,,,,,,,,,,,14,86,,26,,20,,,,273,,,111,,,205,263,153,,80,,,,387,16,157,382,234,220,336,21,,,294,,42,110,117,204,241,189,174,,45,548,279,,246,214,574,,12,446,48,,206,779,164,235,496,,40,357,,,,,,82,,,,,527,,,,,150,195,,,,,,,138,,,60,,752,,406,,2,,585,170,433,561,395,,,,563,412,529,16,357,302,240,1132,56,147,335,98,,110,306,117,21,128,,105,17,72,572,,,,,,,,156,,151,,,,,,,,,,,,,,,,,,44,,,,,,,,,34,,,,,,509,,,73,,,,,113,,,,,,,,,,,,,,,,,,,,,,403,282,178,,,354,,326,31,9,,,,,,,,,,,,,,217,248,,624,324,339,28,136,,221,327,,,,,,,120,,22,,,,,,,,,,,166,76,27,,,,,342,,,,,,,,258,,,,,,,,,,,,,,,,,,,,,,,,64,130,32,,,,,175,439,273,,37,,,,166,,,,,,198,,,291,160,180,,,,828,,139,,,,,,,,,,,,,,,,,,,,,,,,,,,,,,,,,530,65,159,,571,,,217,474,235,,,,132,111,,,,,,48,,,248,,270,,,90,,184,238,717,185,90,653,91,98,,,,,,,,,,,,,,,,,,,,,,,,,,,,,,,,,,,,,,,,,,,,,,,,,,,,487,104,6,,,19,265,65,424,177,197,325,62,,,106,,,,142,,217,,,,,,,-642,,,347,,,99,,,,
2026-07-24T18:40:02+00:00,173,,,,,43,,134,240,314,,156,,244,,,180,,,,,167,,418,228,318,,10,,,4,1208,28,,3,,,,,,101,,,106,,,,,1013,,40,,,41,,,,56,,,,,,,13,,,25,,,,,,276,,,,230,,,,,,,,,,,13,163,380,239,218,339,24,298,,298,,40,111,116,,249,206,,,43,591,281,113,251,212,572,,,,47,,,,,,,,,,,,,,,,,,,,,,,,,,,,,,,,,,,,,,,,,,,,,169,429,560,396,68,,,564,414,535,15,356,,,,,,,,,,,,,,,104,16,73,580,,,,,,,,157,,153,,,,,,,141,,,,,,,,,,,,,,,,,,,,35,,,,,,510,,,,,,,,114,,,,,,,,,,,,,,,,,,,,,,408,,,,,355,,,30,,,,,,,,,,,,,,,218,250,,625,326,,29,,,,324,60,,1154,,,,116,,21,,,,,,,,,,,168,77,26,15,,,,344,,,,,,,,255,,,,,,,,,,,,7,,,,,,,,,,,,63,131,,,,,,176,440,272,,,354,208,,165,,,,,,201,,35,292,161,182,,,,831,45,,,,,45,61,957,19,2171,5,,,,,,,,,,,,,,,,,,,,,,,,538,,161,,573,,317,219,477,233,363,,,133,112,,,,,,51,,,246,81,274,,75,91,,185,239,721,189,91,656,,99,,35,260,137,57,107,25,,,136,25,124,,40,59,291,,179,11,,,,,,,,,,,,,,,,,,,,,,,,,,,,,,,,,473,,2,,,21,,64,417,180,205,327,61,,,,,,,,381,216,,,,,,,3,,,331,,195,96,,,15,
2026-07-24T18:45:01+00:00,175,299,,,560,,,131,241,,,,,247,,,183,,,,,,,420,231,,,15,,,3,1218,,41,4,,,,,,100,,,,,,,,1014,,36,,,,,,,,,,,,,,,,,,,,,,,278,,,112,231,181,207,264,154,182,83,,,,,,,,,,,,,,,,,,,,,,,,,,,,,,,,,,,,,784,166,,499,58,41,356,,,,,,86,,,,,530,,,,,152,193,,,,,,,,,,59,,755,,404,,,,587,173,433,558,395,,,,570,416,540,18,358,303,241,1131,60,149,342,109,180,115,307,115,16,133,,103,17,77,587,,,,,,,,,,154,,,,,,,,,,,,,,,,,,,,,,,,,,,32,,,,,,514,,,,,,,,116,,,,,100,,,,,52,,,,,68,,,,,,64,,,,,220,358,,329,32,,,,,,,,,,,,,,,217,249,399,627,327,,28,,,220,327,61,,1156,,,,117,,,,,,,,,,,,,167,,31,,,,,347,,,,,,,,262,,,,,,,,,,,,,,,,,,,,,,,,,132,31,91,80,,,175,441,273,,,355,,,168,,,,,,200,,,295,,184,,99,,835,44,,,,224,50,62,960,13,2176,2,,,,,,,,,,,,,,,,,,,,,,,,,,,,,,,,,,,,,,,,,,,,,,,,,,,,,,,240,726,193,90,661,,102,,,,,,,,,,,,,,,,,,,,,,,,,,,,,,,,,,,,,,,,,,,,,,,,,,,,461,,,,,19,267,62,416,187,,,59,244,,,,8,,,377,214,,,,,,,,123,,327,,197,93,,,,
2026-07-24T18:50:01+00:00,176,300,,,564,44,,132,246,315,,155,,249,,,185,,,,,,479,419,236,,,14,,,1,1226,,42,,134,,,,,98,136,,,,,,,1015,,,,,,,,,,,,,,,,10,,,24,,,101,,,280,,,,232,,,,,,,,,,,16,161,384,,217,346,19,297,223,302,,34,112,,201,250,205,,,,,,,253,216,577,,,,,,,,,,,,,,,,,,,,,,,,,,,,,,,,,,,,,,,,,,,,,,,,,172,,,397,,,,573,417,545,17,360,,,,,,,,,,,,,134,,107,17,75,591,,,,,,,,,,,,,,,,,,,,,,,,,,,,,,,,,,,,,,,,,,,,,,,,,,,,,,,,,,,,,,,,,,,,,,,,,,,,,,,,,,,,,,,,,,,,,,,,219,251,,633,328,336,19,135,,,325,,,1153,,,,,,,,,,,,,,,,,,,,,,,,,,,,,,,,,,,,,,,,,,,,,,,,,,,,,,,,,,,,,,,,,,,,,,,,,,,,,,,,,,,,,,,,,,,,,,,,,,,,,,,,,,,,,,,,,,,,,,,,,541,66,,,568,,319,,484,234,360,,,135,,,,,,,56,,,,82,278,,81,103,,,,,,,,,,,,,,,,,,,,,,,,,,,,,,,,,,,,,,,,,,,,,,,,,,,,,,,,,,,,,455,,,,,14,269,60,415,188,201,,58,247,,104,,11,,143,376,207,,,,,,,4,,,323,,,87,,,22,
2026-07-24T18:50:02+00:00,,,,,,,,,,,,,,,,,,,,,,,,,,,,,,,,,,,,,,,,,,,,,,,,,,,,,,,,,,,,,,,,,,,,,,,,,,,,,,,,,,,,,,,,,,,,,,,,,,,,,,,,,,,,,,,,,,,,,,,,,,,,,,,,,,,,,,,,,,,,,,,,,,,,,,,,,,,,,,,,,,,,,,,,,,,,,,,,,,,,,,,,,,,,,,,,,,,,,,,,158,,157,,,,,,,142,,,,,126,,,,,,45,,,,,,,,,41,,,,,,,,,74,,,,,117,,,,,,,,,,53,,,,,,,,,,,,406,284,,247,,359,,328,35,,,,,,,,,,,,,,,,,,,,,,,,,,,,,,,,118,,20,,,,,,,,,,,,,30,16,,,,348,,,,,,,,265,,,,,,,,,,,,,,,,,,,,,,,,67,131,32,,,,,,,,,,,,,167,,,,,97,203,,,296,,186,,,,837,,,38,,223,52,63,959,16,2178,3,,4,,,,,,,,,,,,,,,,,,,,,,,,,,,,,,,,,,,,,,,,,,,,,,,,,,,,,243,,191,91,663,,101,,,,,,,,,,,,,,,,,,,,,,,,,,,,,,,,,,,,,,,,,,,,,,,,,,,,,,,,,,,,,,,,,,,,,,,,,,,,,,,,,,,,,,,,,,
2026-07-24T18:55:02+00:00,178,301,,,563,,,131,,317,,157,220,248,,,,,,,,,,,242,324,,13,,,2,1232,,44,6,135,,,,,,135,,,,,,,1019,,33,,360,42,,,,54,,,,,,,,,,,,,,,,282,,,,231,176,215,265,160,184,85,,,,,23,165,392,242,,348,,,,309,287,33,114,,202,255,212,175,803,45,594,,114,254,217,578,,,,,58,209,796,168,241,501,,46,359,,,,,,92,,,,,531,,,,,153,194,,,,,,,140,,,63,,758,,413,,4,,588,173,435,560,398,,,,574,419,549,21,364,305,238,1127,51,150,351,110,,122,306,123,23,,,108,17,,598,,,,,,,,160,,158,,,,,,,,,,,,,,,,,,,,,,,,,,,42,,,,,,515,,,75,132,,,,116,,,,,102,,,,,,,,,,69,,,,,,,410,289,,248,,361,,327,37,,,,,,,,,,,,,,,218,259,,,,,,,,,322,64,,,,,,123,,19,,,,,,,,,,,165,,29,17,,,,349,,,,,,,,269,,,,,,,,,,,,6,,,,,,,,,,,,64,,33,93,78,,,177,438,272,,,,207,,166,,,,,99,197,,,298,162,187,,,,842,45,,39,,224,62,,960,20,2176,4,,5,,,,,,,,,,,,,,,,,,,,,,544,,164,,569,,,,486,235,359,,,,,,,,,,54,,,,84,280,,83,108,,,,728,194,93,671,90,102,18,46,261,136,63,113,31,,,143,37,130,,33,62,300,,183,28,,,,,,,,,,,,,,,,,,,,,,,,,,,,,,,,,447,,3,,,8,,61,413,192,202,,59,249,,108,,12,,,375,206,,,,,,,7,,,316,,198,84,,,,
2026-07-24T19:00:01+00:00,,300,,,566,46,,132,251,319,,160,,,,,,,,,,,480,,251,326,,,,,,1233,,49,5,134,,,,,100,136,,,,,,,1023,,,,,,,,,56,13,,,,,,11,,,23,,21,100,,,285,,,114,232,,,,,,,,,,,,169,394,241,,343,22,,,,288,32,113,,201,258,213,,,,609,283,,255,218,576,,,,,,,,,,,,,,,,,,,,,,,,,,,,,,,,,,,,,,,,,,,,,,,,,174,436,,399,,,,576,420,551,22,367,,,,,,,,,,,,,138,,113,17,79,609,,,,,,,,,,,,,,,,,143,,,,,125,,,,,,,,,,,,,,,51,,,,,,,,,,,,,,120,,,,,,,,,,,,,,,,,,,,,67,407,293,,,,362,,326,40,,,,,,,,,,,,,,,222,269,,635,,335,,134,,,319,,,1154,,,,128,,21,,,,,,,,,,,,78,30,,,,,350,,,,,,,,270,,,,,,,,,,,,7,,,,,,,,,,,,69,,34,94,,,,176,439,,,,354,209,,168,,,,,100,200,,,,161,188,,98,138,848,,,,,223,65,,964,16,2177,9,,11,,,,,,,,,,,,,,,,,,,,,,,,,,,,,,,,,,,,,,,,,,,,,,,,,,,,,244,731,195,94,674,,106,,,,,,,,,,,,,,,,,,,,,,,,,,,,,,,,,,,,,,,,,,,,,,,,,,,,435,,-300,,,6,271,,411,195,208,,61,255,,107,,13,,144,371,202,,,,,,,-642,124,,313,,,82,,,-370,
2026-07-24T19:15:01+00:00,182,299,,152,575,47,,146,253,324,,,221,246,,,186,,,,,,482,421,269,336,,15,,,,1243,29,45,12,130,,,,,,137,,108,,,,,1045,,41,,361,,,,,58,14,,,185,,,16,,226,24,1,20,,,,294,,,115,228,179,224,268,159,,93,,,,,22,171,395,240,216,349,26,,,314,,34,112,119,200,260,217,174,,47,620,284,116,257,217,582,,,,51,,213,801,169,251,500,,48,368,,,,,,96,,,,,533,,,,,154,195,,,,,,,138,,,,,760,,416,,5,,587,179,435,558,400,,,,589,424,565,24,369,308,239,1138,54,,361,116,182,129,305,120,26,144,,127,16,76,641,,,,,,,,161,,160,,,,,,,141,,,,,,,,,,,,,,,,,,,,66,,,,,,518,,,76,134,,,,123,,,,,,,,,,51,,,,,,,,,,,73,413,297,,251,221,365,,332,36,10,,,,,,,,,,,,,,224,276,401,641,329,333,,,,222,321,66,,1158,,,,132,,22,,,,,,,,,,,163,83,35,18,,,,351,,,,,,,,277,,,,,,,,,,,,8,,,,,,,,,,,,65,132,,98,85,148,,180,,280,,,360,210,,169,,,16,,105,198,,,301,163,201,,99,140,870,44,141,,,221,84,,967,23,2183,12,,14,,,,,,,,,,,,,,,,,,,,,,551,68,174,,564,,320,222,491,240,356,,,136,,,,,,,55,,,248,85,287,,94,116,,186,248,741,197,106,570,75,108,20,50,264,138,67,,,,13,155,49,132,,41,67,309,,,25,,,,,,,,,,,,,,,,,,,,,,,,,,,,,,,,,413,,2,,,1,273,60,389,199,212,330,,260,,112,,7,,145,368,198,,,,,,,,,,292,,201,64,,,,
2026-07-24T19:30:01+00:00,185,296,,,,49,,156,256,328,,157,,249,,,,,,,,,480,424,283,344,,17,,,4,1254,30,48,21,131,,,,,104,,,107,,,,,1059,,49,,362,44,,,,57,,,,,,,22,,,28,4,17,99,,,298,,,116,222,185,228,270,164,187,91,,,,384,35,184,401,245,220,353,30,298,,322,290,47,114,118,202,272,238,,804,50,639,,117,262,220,595,,,448,54,,,,,,,,,,,,,,,113,,,,,536,,,,,,193,,,,,,,150,,,69,,764,,424,,1,,,189,436,557,402,,,,598,428,573,32,371,312,240,1140,55,,365,113,185,142,311,128,34,150,,135,16,80,668,,,,,,,,,,163,,,,,,,142,,,,,,,,,,,,,,,,,,,,70,,,,,,521,,,77,,,,,127,,,,,107,,,,,52,,,,,73,,,,,,71,418,296,179,250,222,371,,334,35,,,,,,,,,,,,,,,226,282,,644,331,337,,135,,225,320,,,1159,,,,141,,19,,,,,,,,,,,167,93,38,,,,,353,,,,,,,,285,,,,,,,,,,,,5,,,,,,,,,,,,83,,38,,90,149,,179,445,297,,,,,,,,,,93,107,202,,,302,167,213,,101,139,877,45,,,,218,110,,970,30,2182,17,201,18,,,,,,,,,,,,,,,,,,,,,,558,69,182,,566,,321,225,,241,355,,,137,111,,,,,,61,,,247,84,292,,112,125,,188,250,,198,111,592,76,115,,58,,137,73,116,32,,102,169,59,129,,35,68,312,,,39,,,,,,,,,,,,,,,,,,,,,,,,,,,,,,,,,382,105,3,,,,274,65,370,,218,,57,264,,116,,6,,,357,191,,,,,,,,,,277,,197,54,,,,
2026-07-24T19:45:01+00:00,,293,,,587,45,,162,263,326,,148,,246,,,189,,,,,,479,427,296,,,19,,,6,1259,,57,29,140,,,,266,,139,,109,,,,,1078,,,,360,,,,,59,,,,,,,57,,,30,2,20,100,,,299,,,121,224,195,230,,170,189,98,,,,388,40,188,402,244,223,,34,299,,331,286,46,,119,208,,255,,,48,662,286,,266,219,599,,,,59,58,,805,173,256,506,58,56,377,,,,,,,,,,,541,,,,,156,196,,,,,,,178,,,75,,766,,434,,6,,591,198,443,559,405,,,,618,427,579,31,369,314,246,1151,76,151,367,122,,171,,143,44,154,,141,16,86,687,,,,,,,,166,,164,,,,,,,139,,,,,,,,,,,47,,,,,,,,,81,,,,,,523,,,76,133,,,,133,,,,,,,,,,55,,,,,,,,,,,74,422,297,182,251,220,375,,349,42,,,,,,,,,,,,,,,230,283,403,654,,336,,,,227,331,68,,1162,,,,145,,18,,,,,,,,,,,170,95,40,20,,,,354,,,,,,,,289,,,,,,,,,,,,,,,,,,,,,,,,73,133,,97,93,,72,175,443,307,,,365,209,,171,,,,92,,211,,,,,225,,,138,879,,,40,1,220,132,,985,38,2186,24,,15,,,,,,,,,,,,,,,,,,,,,,573,70,186,,565,,322,228,,249,357,,,,107,,,,,,64,,,250,91,299,,121,141,,189,251,746,201,119,612,73,121,19,59,263,139,76,121,37,,121,189,,,,34,69,318,,186,48,,,,,,,,,,,,,,,,,,,,,,,,,,,,,,,,,357,108,6,,,-384,277,,347,,,,59,265,,111,6,4,,,340,183,,,,,,,,,,251,,188,39,,,-370,
2026-07-24T20:00:02+00:00,188,295,,,590,42,,169,264,329,,146,220,252,,,192,,,,,,,430,304,,,32,,,,1273,29,60,39,144,,,,,107,141,,112,,,,,1095,,50,,359,,,,,,15,,,,,,79,,,36,9,24,101,,,305,,,124,225,198,,,173,191,106,,,,,49,187,411,252,226,355,39,,,333,287,45,113,,206,279,266,,805,52,678,,,273,216,600,,,,,59,,813,174,262,509,,58,382,,,,,,131,,,,,542,,,,,,198,,,,,,,179,,,88,,769,,,,31,,592,200,441,558,413,,,,652,426,592,38,376,326,265,1169,110,152,372,138,,201,317,173,66,159,,149,17,91,709,,,,,,,,168,,,,,,,,,142,,,,,,,,,,,49,,,,,,,,,106,,,,,,522,,,80,132,,,,140,,,,,,,,,,,,,,,,,,,,,76,429,298,,252,222,384,,355,48,,,,,,,,,,,,,,,234,286,404,657,,340,,136,,228,335,74,,1168,,,,156,,,,,,,,,,,,,175,98,41,,,,,363,,,,,,,,294,,,,,,,,,,,,6,,,,,,,,,,,,106,,,98,,,,171,445,316,,,,212,,173,,,,,112,212,,,303,,235,,102,,881,,143,,10,218,156,,988,43,2203,30,,23,,,,,,,,,,,,,,,,,,,,,,570,,187,,567,,,227,,255,,,,,108,,,,,,63,,,252,93,300,,129,159,,191,255,753,,129,630,77,127,,66,262,140,78,120,42,,157,193,78,126,,40,72,320,,187,50,,,,,,,,,,,,,,,,,,,,,,,,,,,,,,,,,333,107,7,,,1,279,64,330,200,212,,57,271,,110,8,-100,,142,330,182,,,,,,,4,,,235,,178,30,,,,
2026-07-24T20:15:01+00:00,,293,,,592,,,182,276,340,,148,221,255,,,,,,,,,,431,317,,,43,,,8,1286,,65,,147,,,,,112,140,,113,,30,,,1113,,54,,360,,,,,,17,,,186,,,89,,,,14,26,,,,308,,,126,229,206,,,176,196,119,,,,,55,194,416,256,228,365,44,300,,338,289,38,,,211,285,282,173,,55,685,,,277,217,604,,,449,62,58,,818,175,272,506,,61,,,,,,,136,,,,,541,,,,,157,199,,,,,,,195,,,178,,771,,453,,95,,593,215,445,559,421,,,,686,429,597,142,382,327,271,1175,137,,373,149,,213,320,192,81,162,,141,17,98,734,,,,,,,,169,,165,,,,,,,139,,,,,,,,,,,50,,,,,,,,,146,,,,,,523,,10,93,135,,,,148,,,,,116,,,,,,,,,,72,,,,,,78,434,,184,254,224,,,360,45,11,,,,,,,,,,,,,,236,293,,662,,347,12,134,,229,333,77,,1222,,,,,,,,,,,,,,,,,,,,,,,,,,,,,,,,,,,,,,,,,,,,,,,,,,,,,,,,104,,36,102,95,,71,169,452,323,,,366,208,,176,,,,,115,219,,,305,,245,,101,,883,,,42,18,0,176,65,995,,2211,36,,43,,,,,,,,,,,,,,,,,,,,,,593,71,189,,594,,324,233,,258,352,,,136,107,,,,,,61,,,256,97,,,143,169,,193,256,767,207,136,648,79,,21,67,264,147,,125,43,,166,201,84,125,,34,75,328,,186,61,,,,,,,,,,,,,,,,,,,,,,,,,,,,,,,,,303,108,9,,,-384,280,66,321,,207,,52,276,,,12,,,144,314,174,,,,,,,2,,,207,,179,23,,,,
2026-07-24T20:30:02+00:00,189,,,,,43,,194,280,348,,147,,262,,,215,,,,,,482,433,331,,,49,,,7,1292,,,47,154,,,,10,111,141,,,,32,,,1129,,61,,362,,,,,,,,,,,,97,,,,16,27,,,,,,,132,232,211,229,,183,197,132,,,,,69,202,422,262,231,379,47,298,,354,287,41,,,219,289,285,,,59,695,,116,,224,607,,,,63,57,,821,,276,505,,70,381,,,,,,,,,,,542,,,,,160,202,,,,,,,209,,,205,,772,,465,,159,,603,239,447,,422,,,,720,430,602,148,,329,278,1180,151,153,375,159,,226,323,214,93,166,,155,17,100,770,,,,,,,,170,,167,,,,,,,141,,,,,,,,,,,,,,,,,,,,164,,,,,,,,18,99,138,,,,159,,,,,123,,,,,57,,,,,73,,,,,,92,442,299,185,,225,386,,372,40,,,,,,,,,,,,,,,239,297,407,666,,343,,,,,335,81,,1358,,,,,,,,,,,,,,,,,,,,,,,,,,,,,,,,,,,,,,,,,,,,,,,,,,,,,,,,,,35,104,96,,,170,459,336,,36,,207,,178,,,14,,,224,,36,,169,252,,,139,889,,142,,23,,215,,1005,59,2216,50,202,61,,,,,,,,,,,,,,,,,,,,,,598,74,191,,602,,,232,,261,,,,,108,,,,,,,,,265,99,,,162,190,,195,258,772,211,139,657,,135,18,70,262,150,86,130,46,,175,206,93,128,,45,76,332,,,71,,,,,,,,,,,,,,,,,,,,,,,,,,,,,,,,,276,,13,,,,281,68,305,,209,,51,279,,113,21,,,151,307,171,,,,,,,-647,,,199,,181,11,,,,
2026-07-24T20:45:02+00:00,188,291,,,594,,,201,283,345,,141,,268,,,211,,,,,,485,438,355,,,64,,,,1298,,68,48,158,,,,,114,140,,112,,31,,,1140,,65,,360,,,,,58,16,,,,,,104,,,,14,29,,,,,,,136,233,247,,,186,200,142,,,,,72,209,431,266,230,381,50,,,358,286,40,114,120,220,293,289,,,65,699,,,284,232,609,,,,,,,825,176,271,508,,78,383,,,,,,151,,,,,,,,,,163,205,,,,,,,211,,,215,,,,476,,179,,606,251,449,554,423,,,,765,433,603,163,383,333,300,1189,182,156,377,166,184,262,331,235,113,173,,173,17,108,810,,,,,,,,,,,,,,,,,144,,,,,,,,,,,,,,,,,,,,175,,,,,,521,,22,102,,,,,160,,,,,127,,,,,,,,,,,,,,,,,441,300,186,256,,389,,375,48,12,,,,,,,,,,,,,,245,303,408,665,332,342,22,,,,331,,,1365,,,,,,,,,,,,,,,,,,,,,,,,,,,,,,,,,,,,,,,,,,,,,,,,,,,,,,,,109,,36,108,97,,,,462,348,,,367,,,180,,,,,119,240,,,,,260,,106,,890,,143,43,28,,242,68,1006,81,2229,57,,78,,,,,,,,,,,,,,,,,,,,,,605,,198,,,,,,,265,351,,,140,107,,,,,,60,,,271,102,,,169,211,,196,261,783,215,151,660,80,139,,73,260,152,88,132,49,,189,211,125,153,,79,79,338,,190,84,,,,,,,,,,,,,,,,,,,,,,,,,,,,,,,,,266,112,,,,,,72,302,,206,,55,277,,114,20,,,153,302,164,,,,,,,7,,,186,,184,6,,,,
2026-07-24T21:00:01+00:00,190,,,151,591,45,,212,286,344,,155,,280,,,239,,,,,,,440,365,,,67,,,5,1296,,63,52,,,,,,116,141,,111,,33,,,1159,,66,,359,,,,,59,17,,,,,4,112,,,37,20,,,,,315,,,135,235,257,,,190,,147,,,,,83,220,439,267,234,385,55,,,371,288,50,115,,234,303,295,,806,68,701,,,288,231,613,,11,,64,,,838,178,274,507,,101,,,,,,,168,,,,,,,,,,170,206,,,,,,,224,,,217,,,,481,,187,,610,258,452,557,433,,,,778,,616,173,386,,309,1196,206,,,176,,278,336,264,122,180,,184,17,116,839,,,,,,,,172,,165,,,,,,,,,,,,124,,,,,,,,,,,,,,,194,,,,,,522,,,107,140,,,,164,,,,,128,,,,,56,,,,,74,,,,,,90,444,,,257,,,,380,46,,,,,,,,,,,,,,,248,306,,666,331,340,50,133,,,333,82,,1368,,,,,,,,,,,,,,,,,,,,,,,,,,,,,,,,,,,,,,,,,,,,,,,,,,,,,,,,110,,,112,101,,70,,463,356,,,,,,,,,,,120,245,,,306,168,264,,107,,891,,141,44,36,,283,,1014,90,2248,66,204,103,,,,,,,,,,,,,,,,,,,,,,614,75,200,,593,,322,234,,276,,,,,105,,,,,,59,,,277,105,,,196,226,,198,270,793,216,159,662,,,,,,,,,,,,,,,,,,,,,,,,,,,,,,,,,,,,,,,,,,,,,,,,,,,,,,271,,28,,,,283,77,303,,207,,58,279,,115,24,,,159,296,163,,,,,,,5,,,185,,185,3,,,-370,
2026-07-24T21:15:02+00:00,192,,,,599,49,,223,291,346,,157,,301,,,273,,,,,,483,441,380,,,72,,,,1297,,64,53,159,,,,11,117,,,,,,,,,,76,,361,45,,,,,,,,,,14,116,,,39,24,,,,,320,,,,236,269,,,193,,164,,,,389,90,236,443,272,231,398,60,297,,382,286,,116,,243,309,308,,805,72,717,,113,292,247,611,,9,,,,,842,183,276,508,,100,384,,,,,,166,,,,,541,,,,,,201,,,,,,,232,,,228,,,,480,,195,,612,273,455,,436,,,,808,,615,177,389,335,325,1208,233,,381,182,186,291,342,298,130,183,,189,17,122,851,,,,,,,,173,,163,,,,,,,,,,,,,,,,,,,,,,,,,,,204,,,,,,521,,24,109,,,,,165,,,,,130,,,,,57,,,,,,,,,,,102,446,,187,259,,390,,401,44,,,,,,,,,,,,,,,249,312,,667,334,339,61,132,,,338,83,,1371,,,,,,,,,,,,,,,,,,,,,,,,,,,,,,,,,,,,,,,,,,,,,,,,,,,,,,,,119,134,41,116,102,,71,169,465,371,,,365,210,,,,,,,123,252,,,,,269,,110,,,,,,43,,308,,1018,100,2263,74,,117,,,,,,,,,,,,,,,,,,,,,,624,,203,,602,,,235,,279,,,,139,,,,,,,60,,,280,113,,,201,231,,,305,791,219,162,666,79,146,17,,,,93,137,,,205,212,142,165,,105,82,343,,189,96,,,,,,,,,,,,,,,,,,,,,,,,,,,,,,,,,278,,51,33,6,7,,80,319,,209,329,,280,,119,,,,164,299,166,,,,,,,62,,,186,,192,8,,,,
2026-07-24T21:30:01+00:00,193,290,,,606,51,,231,295,,,158,,305,,,283,,,,,,,,382,,,75,,,7,1302,,68,56,160,,,,12,120,,,112,,,,,,,79,,357,,,,,,,,,,,26,120,,,38,28,,,,,322,,,,239,305,,,,,169,,,,390,99,239,449,276,232,415,69,,,397,288,62,,,245,,305,,806,75,720,,109,297,251,610,,8,,69,,,,,280,511,,102,385,,,,,,173,,,,,,,,,,169,203,,,,,,,236,,,236,,,,489,,202,,613,281,459,556,439,,,,834,436,617,192,390,340,345,1220,250,,387,186,188,299,343,311,144,182,,193,17,,859,,,,,,,,,,,,,,,,,,,,,,,,,,,,,,,,,,,,,214,,,,,,,,,114,,,,,,,,,,131,,,,,56,,,,,,,,,,,106,455,299,,261,,,,,45,13,,,,,,,,,,,,,,250,317,,668,,343,76,,,230,343,86,,1372,,,,,,,,,,,,,,,,,,,,,,,,,,,,,,,,,,,,,,,,,,,,,,,,,,,,,,,,155,135,42,,107,,,170,469,378,,,364,211,,182,,,,93,157,261,,,,,,,,,892,,,,47,,345,67,1035,121,2271,80,,121,,,,,,,,,,,,,,,,,,,,,,632,,205,,608,,,,,,352,,,140,106,,,,,,61,,,287,114,,,213,244,,,364,800,226,175,682,81,159,21,86,264,155,97,139,50,,223,224,163,175,,125,85,344,,190,102,,,,,,,,,,,,,,,,,,,,,,,,,,,,,,,,,308,122,78,60,22,40,285,,348,201,218,,57,284,,120,26,10,,168,308,175,,,,,,,136,,,236,,196,33,,,,
2026-07-24T21:45:02+00:00,196,288,,,613,,,233,296,347,,162,,308,,,287,,,,,,484,,390,,,77,,,,1303,,69,57,161,,,,,123,,,111,,,,,,,80,,,,,,,,18,,,,,35,122,,,39,29,,102,,,324,,,134,241,354,,,195,,173,,,,391,104,253,452,,231,445,70,,,404,287,68,,,247,319,324,,805,,729,,,299,252,612,,,450,,,,845,185,,516,,111,386,,,,,,186,,,,,542,,,,,171,204,,,,,,,240,,,245,,773,,491,,201,,,291,458,558,442,,,,868,,618,200,388,344,363,1230,288,,390,203,,307,349,333,160,185,,197,17,126,868,,,,,,,,,,,,,,,,,,,,,,,,,,,,,,,,,,,,,226,,,,,,522,,,,,,,,,,,,,134,,,,,55,,,,,,,,,,,146,466,,189,262,,,,,48,,,,,,,,,,,,,,,,323,,,,352,111,,,228,347,,,1374,,,,,,,,,,,,,,,,,,,,,,,,,,,,,,,,,,,,,,,,,,,,,,,,,,,,,,,,160,,43,118,109,,70,169,473,385,,,363,214,,185,,,15,,158,267,,,,169,,,,,,,144,46,71,,382,,1062,125,2290,89,,136,,,,,,,,,,,,,,,,,,,,,,647,,207,,,,321,240,,281,353,,,139,107,,,,,,65,,,289,115,,,226,252,,,406,810,234,178,692,80,174,22,92,,158,103,141,51,,232,225,171,181,,136,50,348,,192,111,,,,,,,,,,,,,,,,,,,,,,,,,,,,,,,,,373,123,94,106,29,100,286,90,381,,232,,60,,,135,32,23,,175,336,198,,,,,,,221,125,,284,,198,59,,,26,
2026-07-24T22:00:01+00:00,,,,,620,52,,237,295,349,,172,,309,,,314,,,,,,486,,391,,,78,,,6,1304,,74,,163,,,,,125,,,112,,,,,,,78,,359,44,,,1,,,,,,,42,56,,,38,31,,104,,,323,,,,,362,,,,,177,,,,392,108,258,454,278,,465,74,,,401,,75,120,,252,320,337,,806,78,732,287,108,305,267,616,,,,70,,,846,,,518,,114,385,,,,,,199,,,,,541,,,,,172,,,,,,,,245,,,252,,776,,,,202,,614,297,462,559,444,,,,892,437,621,225,392,347,373,1243,309,159,398,204,190,313,350,358,174,,,,17,,869,,,,,,,,172,,,,,,,,,,,,,,125,,,,,,,,,,,,,,,232,,,,,,,,25,,,,,,,,,,,135,,,,,,,,,,,,,,,,151,468,,,264,,389,,,51,,,,,,,,,,,,,,,256,332,,669,335,355,131,,,229,350,79,,,,,,,,,,,,,,,,,,,,,,,,,,,,,,,,,,,,,,,,,,,,,,,,,,,,,,,,,,,,,119,112,,,171,492,389,,,364,215,,187,,,,,159,273,,,,,271,,109,,,,,,73,,394,,1066,126,2297,92,,143,,,,,,,,,,,,,,,,,,,,,,655,76,210,,626,,,243,,,354,,,138,105,,,,,,67,,,291,116,,,235,254,,,411,819,233,180,693,81,176,23,105,,159,112,144,,,240,237,184,187,,165,51,349,,,122,,,,,,,,,,,,,,,,,,,,,,,,,,,,,,,,,428,124,115,155,,142,287,88,398,,251,,66,287,,143,38,26,,181,353,214,,,,,,,272,,,308,,200,67,,,44,105
2026-07-24T22:15:02+00:00,198,287,,,623,53,,239,300,352,,176,220,312,,,321,,,,,,498,,396,,,82,,,7,1309,,79,58,165,,,,,127,,,111,,,,,,,84,,360,46,,,0,,,,,,,56,61,,,41,36,30,111,,,326,,,,240,363,,,,,178,,,,394,109,260,459,282,232,484,76,,,405,,81,,,253,326,356,,807,80,735,,112,306,274,617,,,,71,,,,,279,521,,116,384,,,,,,222,,,,,542,,,,,176,,,,,,,,255,,,254,,,,494,,209,,613,304,461,558,446,,,,916,439,,239,394,351,388,1251,355,,403,214,192,324,267,386,189,184,,205,17,132,877,,,,,,,,170,,173,,,,,,,145,,,,,,,,,,,,,,,,,,,,236,,,,,,523,,26,,,,,,,,,,,137,,,,,,,,,,,,,,,,155,473,248,,,,390,,,57,,,,,,,,,,,,,,,,339,,670,,361,154,,,,,80,,1376,,,,,,,,,,,,,,,,,,,,,,,,,,,,,,,,,,,,,,,,,,,,,,,,,,,,,,,,159,,44,,,,,173,512,392,,,,214,,,,,17,92,165,276,,,,170,,,,140,,,145,,75,,403,,1078,135,2302,96,,152,,,,,,,,,,,,,,,,,,,,,,684,77,211,,639,,,244,,282,356,,,140,108,,,,,,71,,,290,119,,,239,260,,,416,821,237,182,,,177,22,112,266,160,115,146,52,,246,247,193,192,,184,,350,,,123,,,,,,,,,,,,,,,,,,,,,,,,,,,,,,,,,461,129,128,197,32,165,288,90,409,202,262,,65,290,,146,44,34,,184,362,219,,,,,,,323,126,,341,,202,73,,,67,
2026-07-24T22:30:01+00:00,199,,,,630,54,,,302,353,,188,221,313,,,322,,,,,,,442,405,,,84,,,9,1310,,,,168,,,,,,,,,,34,,,,,,,362,,,,3,60,,,,,6,62,65,,,,40,,,,,,,,,241,365,,,197,,179,,,,,115,266,461,,,501,,,,412,,83,,,254,334,370,174,,81,750,288,113,305,281,616,,,,72,,,,,,522,,,,,,,,,245,,,,,,,,,,175,205,,,,,,,264,,,258,,,,495,,208,,,307,464,,447,,,,937,,625,244,396,,402,1255,372,,,221,193,329,,408,199,185,,207,17,134,878,,,,,,,,,,174,,,,,,,146,,,,,,,,,,,,,,,,,,,,239,,,,,,,,,,,,,,,,,,,140,,,,,,,,,,,,,,,,,476,,,,,,,,61,14,,,,,,,,,,,,,,257,340,,,,364,182,,,,351,,,,,,,,,,,,,,,,,,,,,,,,,,,,,,,,,,,,,,,,,,,,,,,,,,,,,,,,,,,160,136,45,121,,,69,172,515,,,,365,215,,189,,,,,167,278,,,,,,,110,,893,,,,,,,,,,,,,,,,,,,,,,,,,,,,,,,,,,,694,,212,,643,,,,,283,,,,141,109,,,,,,,,,292,121,,,252,261,,196,417,825,240,,,82,179,,119,268,,117,149,54,,256,253,207,209,,218,97,355,,247,137,,,,,,,,,,,,,,,,,,,,,,,,,,,,,,,,,485,131,150,240,39,187,,91,419,203,270,,,292,,150,48,38,,188,372,234,,,,,,,372,,,366,,205,88,,,,
2026-07-24T22:45:01+00:00,198,286,,,637,55,,244,,355,,193,,314,,,,,,,,,495,,407,,,85,,,10,1312,,,,,,,,,,142,,,,,,,,,,,,47,,,,,,,,,8,72,66,,,,42,,112,,,328,,,,242,366,,,,,181,,,,,119,267,462,283,233,508,78,,,425,288,97,,,258,341,381,175,,83,754,,,304,288,612,,,,,,,,200,280,,,118,,,,,,,256,,,,,,,,,,174,204,,,,,,,268,,,259,,,,,,213,,,310,462,557,448,,,,952,440,626,252,397,352,414,1263,400,,,227,,338,269,442,223,,,209,17,136,883,,,,,,,,,,175,,,,,,,,,,,,,,,,,,,,,,,,,,,247,,,,,,,,,,,,,,,,,,,141,,,,,,,,,,,,,,,,157,481,,,,,,,,62,,,,,,,,,,,,,,,,342,,,,378,229,,,,,,,1375,,,,,,,,,,,,,,,,,,,,,,,,,,,,,,,,,,,,,,,,,,,,,,,,,,,,,,,,158,,,122,,,,173,516,394,,,,,,190,,,,,,,,,,,,,,,,,,47,,,,68,,,,,,,,,,,,,,,,,,,,,,,,,,,,704,,,,648,,,245,,285,358,,,143,111,,,,,,,,,294,,,,264,264,,,,,243,183,,84,180,20,120,,161,118,150,,,259,261,217,218,,227,,,,,143,,,,,,,,,,,,,,,,,,,,,,,,,,,,,,,,,511,134,164,284,43,209,290,,425,,277,330,,294,,153,49,45,,193,382,239,,,,,,,404,,,376,,207,94,,,86,
2026-07-24T23:00:02+00:00,199,285,,,,54,,246,,,,203,,,,,334,,,,,,,,411,,,88,,,11,1315,,,,171,,,,,128,143,,,,,,,,,,,,,,,5,,,3,,,7,77,69,,225,42,,29,115,,,329,,,,,370,,,198,,182,,,,,134,280,465,284,234,528,,296,,440,290,107,,,261,347,387,,,,760,,,307,293,614,,,449,73,,,,,,,,122,386,,,,,,268,,,,,,,,,,,205,,,,,,,272,,,261,,777,,496,,217,,614,,,560,449,,,,960,,628,255,400,,416,,411,,,231,,342,270,453,229,,,212,17,,886,,,,,,,,,,,,,,,,,145,,,,,,,,,,,,,,,,,,,,252,,,,,,,,,,141,,,,,,,,,143,,,,,,,,,,,,,,,,160,489,,,,,391,,,69,,,,,,,,,,,,,,,,,,,,383,274,,,230,352,,,,,,,,,,,,,,,,,,,,,,,,,,,,,,,,,,,,,,,,,,,,,,,,,,,,,,,,,,,162,137,,,,,,,,397,,,,214,,,,,,,168,,,,,,,,,,894,,,,,,,69,,,,,,,,,,,,,,,,,,,,,,,,,,,,708,,214,,653,,,247,,,357,,,,113,,,,,,72,,,296,,,,275,,,197,,827,244,,,86,,19,124,271,,124,,55,,263,264,223,224,,237,98,361,,,147,,,,,,,,,,,,,,,,,,,,,,,,,,,,,,,,,528,135,170,288,,225,,,435,,285,,67,296,,154,52,48,,,398,245,,,,,,,433,,,398,,208,106,,,97,
2026-07-24T23:15:01+00:00,,,,,638,55,,,,,,208,,315,,,346,,,,,,,,,,,,,,,,,82,57,,,,,,129,,,,,,,,,,,,,,,,,,19,2,,,8,80,71,,226,,,,116,,,330,,,,,371,,,197,,,,,,,135,,466,285,,533,,,,,,109,,,263,348,385,,,,,,,,296,613,,,,,,,,,,,,125,,,,,,,279,,,,,,,,,,177,208,,,,,,,277,,,265,,778,,498,,218,,,312,466,562,448,,,,970,,629,259,402,353,421,1275,420,,406,236,,345,271,472,254,,,216,17,138,888,,,,,,,,,,,,,,,,,146,,,,,,,,,,,,,,,,,,,,253,,,,,,,,,,,,,,,,,,,145,,,,,,,,,,,,,,,,174,495,249,,,,,,,70,,,,,,,,,,,,,,,,344,,,336,385,302,,,,353,84,,,,,,,,,,,,,,,,,,,,,,,,,,,,,,,,,,,,,,,,,,,,,,,,,,,,,,,,,,,,,,,,70,172,,398,,,,,,,,,18,,,281,,,,169,,,111,,,,,,87,,435,,1089,149,2319,115,,190,,,,,,,,,,,,,,,,,,,,,,709,,215,,660,,,248,,,358,,,,111,,,,,,73,,,299,,,,281,267,,199,,829,247,185,,,182,,128,,162,125,151,56,,266,265,226,225,,248,,362,,,155,,,,,,,,,,,,,,,,,,,,,,,,,,,,,,,,,540,138,176,284,,243,,92,445,,291,,70,,,160,56,51,,195,410,253,,,,,,,465,,,417,,209,113,,,,
2026-07-24T23:30:01+00:00,,,,,640,,,247,,,,213,,314,,,350,,,,,,496,,413,,,90,,,,1316,,83,,172,,,,,,,,,,,,,,,83,,363,,,,4,,,,,,6,82,72,,,,43,,115,,,332,,,135,,380,,,,,,,,,,138,286,,286,233,551,,,,446,,131,,,267,352,397,,,,763,,112,308,304,615,,,,74,,,,,,,,,,,,,,,280,,,,,541,,,,,180,209,,,,,,,280,,,267,,,,,,219,,615,315,465,,,,,,974,,632,291,,,426,1278,428,,,,,346,,489,270,184,,,17,139,889,,,,,,,,,,,,,,,,,,,,,,,,,,,,,,,,,,,,,258,,,,,,,,,,,,,,,,,,,,,,,,,,,,,,,,,,,,,,,,,,,,,,,,,,,,,,,,,,,259,345,,669,,387,330,,,,354,,,,,,,,,,,,,,,,,,,,,,,,,,,,,,,,,,,,,,,,,,,,,,,,,,,,,,,,,,,,,,,,,,,,,,,,,,,,,,,,,,,,,,,,,,,,,,,,,,,,,,,,,,,,,,,,,,,,,,,,,,,,723,,216,,684,,,,,,,,,,112,,,,,,74,,,,,,,294,268,,,,,,,,,,,,,,,,,,,,,,,,,,,,,,,,,,,,,,,,,,,,,,,,,,,,,,,,,,,,,557,139,181,298,45,255,291,93,459,,,,,298,,163,61,54,,194,420,256,,,,,,,480,,,442,,211,116,,,158,
2026-07-24T23:30:02+00:00,,,,,,,,,,,,,,,,,,,,,,,,,,,,,,,,,,,,,,,,,,,,,,,,,,,,,,,,,,,,,,,,,,,,,,,,,,,,,,,,,,,,,,,,,,,,,,,,,,,,,,,,,,,,,,,,,,,,,,,,,,,,,,,,,,,,,,,,,,,,,,,,,,,,,,,,,,,,,,,,,,,,,,,,,,,,,,,,,,,,,,,,,,,,,,,,,,,,,,,,,,,,,,,,,,,,,,,,,,,,,,,,,,,,,,,,,,,,,,,,,,,,,,,,,,,,,,,,,,,,,,,,,499,250,,,,,,,71,,,,,,,,,,,,,,,,,,,,,,,,,,,,,,,,,,,,,,,,,,,,,,,,,,,,,,,,,,,,,,,,,,,,,,,,,,,,,,,,,,,,164,,,123,111,,,,519,,,,,213,,192,,,,,,283,,,,,,,,,895,,,,,,,,,,,,,,,,,,,,,,,,,,,,,,,,,,,,,,,,,,,,,,,,,,,,,,,,,,,,,,,,,,,,248,186,,,184,,131,,,126,,,,267,267,232,228,,256,,363,,,158,,,,,,,,,,,,,,,,,,,,,,,,,,,,,,,,,,,,,,,,,,,,,,,,,,,,,,,,,,,,,,,,,,,,,,,
2026-07-24T23:45:02+00:00,,,,,642,,,248,,,,218,,315,,,355,,,,,,497,,414,,,,,,13,,,84,58,,,,,,,,,,,35,,,,,,,,,,,,,,6,,,9,85,73,,,,45,,,,,331,,,134,,385,,,,,,,,,,143,290,468,287,,556,80,295,,447,,142,,,271,354,408,,808,,767,,,,309,619,,,450,75,,,,200,280,523,,127,389,,,,,,283,,,,,,,,,,,211,,,,,,,286,,,,,,,,,222,,,318,,,450,,,,975,,633,295,,,428,1277,441,160,,239,,347,,530,314,,,222,17,140,890,,,,,,,,,,,,,,,,,,,,,,126,,,,,,,,,,,,,,,264,,,,,,,,,,,,,,,,,,,146,,,,,,,,,,,,,,,,,506,,188,,227,392,,400,72,,,,,,,,,,,,,,,,,,,,391,351,,,,,85,,,,,,,,,,,,,,,,,,,,,,,,,,,,,,,,,,,,,,,,,,,,,,,,,,,,,,,,,,,136,46,124,,,,,,,,,,,,193,,,,,169,284,,,,170,,,,,,,,,,,,,,,,,,,,,,,,,,,,,,,,,,,,,,,,729,,,,692,,,,,,360,,,141,113,,,,,,,,,,,,,302,,,,,831,247,,,,,,137,,,127,,,,268,269,236,233,,273,,,,,164,,,,,,,,,,,,,,,,,,,,,,,,,,,,,,,,,571,,187,300,46,262,,,469,,295,,71,,,164,67,58,,195,426,259,,,,,,,498,,,456,,,119,,,211,
