timestamp,bonn-bcp-parken-Rabinstrasse,bonn-bcp-parken-beethoven,bonn-bcp-parken-beetplatz,bonn-bcp-parken-bike-ride,bonn-bcp-parken-friedensplatz,bonn-bcp-parken-hauptbahnhof,bonn-bcp-parken-karstadt,bonn-bcp-parken-markt,bonn-bcp-parken-muensterplatz,bonn-bcp-parken-operngarage,bonn-bcp-parken-rheinaue,bonn-bcp-parken-stadthaus,bonn-bcp-parken-unigarage,braunschweig-parken-Parkhaus-Eiermarkt,braunschweig-parken-Parkhaus-Forschungsflughafen,braunschweig-parken-Parkhaus-Lange-Str-Nord,braunschweig-parken-Parkhaus-Magni,braunschweig-parken-Parkhaus-Packhof,braunschweig-parken-Parkhaus-Ring-Center,braunschweig-parken-Parkhaus-Schloss,braunschweig-parken-Parkhaus-Schutzenstrasse,braunschweig-parken-Parkhaus-Wallstrasse,braunschweig-parken-Parkhaus-Wilhelmstrasse,dresden-parken-Altmarkt,dresden-parken-Altmarkt-Galerie,dresden-parken-Ammonstrasse-Bus,dresden-parken-An-der-Frauenkirche,dresden-parken-Bahnhof-Neustadt,dresden-parken-Bluherstrasse,dresden-parken-Budapester-Strasse,dresden-parken-Centrum-Galerie,dresden-parken-Cossebaude,dresden-parken-Ferdinandplatz,dresden-parken-Fidelio-F-Finke-Strasse,dresden-parken-Frauenkirche-Neumarkt,dresden-parken-Freiberger-Platz,dresden-parken-GALERIA-Karstadt-Kaufhof,dresden-parken-Gompitz,dresden-parken-Grenzstrasse,dresden-parken-Haus-am-Zwinger,dresden-parken-Kaditz,dresden-parken-Klotzsche,dresden-parken-Kongresszentrum,dresden-parken-Kraftwerk-Mitte,dresden-parken-Langebruck,dresden-parken-Lindengasse,dresden-parken-Lingnerallee,dresden-parken-MESSE-DRESDEN-Parkplatz-P7,dresden-parken-Ostra-Allee,dresden-parken-Ostra-Ufer,dresden-parken-Palaisplatz,dresden-parken-Parkhaus-Mitte,dresden-parken-Pennrich,dresden-parken-Pieschener-Allee-Bus,dresden-parken-Pirnaische-Strasse,dresden-parken-Pirnaischer-Platz,dresden-parken-Prohlis,dresden-parken-Reick,dresden-parken-Reitbahnstrasse,dresden-parken-SP1-Strassburger-Platz,dresden-parken-SachsenEnergie-Center,dresden-parken-Sarrasanistrasse,dresden-parken-Schiessgasse,dresden-parken-Semperoper,dresden-parken-Stadtforum-Dresden,dresden-parken-Strehlener-Strasse,dresden-parken-Taschenbergpalais,dresden-parken-Terrassenufer,dresden-parken-Terrassenufer-Bus,dresden-parken-Theresienstrasse,dresden-parken-Weissig,dresden-parken-Weixdorf-Bad,dresden-parken-Wiener-Platz-Hauptbahnhof,dresden-parken-Wiesentorstrasse,dresden-parken-Wigardstrasse,dresden-parken-Wohrl-Florentinum,dresden-parken-World-Trade-Center,ffh-parken-bad-homburg-Am-Bahnhof,ffh-parken-bad-homburg-Louisen-Arkaden,ffh-parken-bad-homburg-Parkgarage-Karstadt,ffh-parken-bad-homburg-Parkgarage-Kurhaus,ffh-parken-bad-homburg-Parkgarage-Rathaus,ffh-parken-bad-homburg-Parkgarage-Schloss,ffh-parken-bad-homburg-Parkhaus-La-Vie,ffh-parken-bad-homburg-Parkhaus-am-Guterbahnhof,ffh-parken-bad-homburg-Parkhaus-am-Markt,ffh-parken-frankfurt-Aculeum,ffh-parken-frankfurt-Alt-Sachsenhausen,ffh-parken-frankfurt-Alte-Oper,ffh-parken-frankfurt-Am-Gericht,ffh-parken-frankfurt-Am-Theater,ffh-parken-frankfurt-Baseler-Platz,ffh-parken-frankfurt-Borse,ffh-parken-frankfurt-Burgerhaus-Bornheim,ffh-parken-frankfurt-Congresscenter-Messe-Frankfurt-Maritim-Hotel,ffh-parken-frankfurt-Friedrichsheim,ffh-parken-frankfurt-Goetheplatz,ffh-parken-frankfurt-Hauptbahnhof-Sud,ffh-parken-frankfurt-Hauptwache,ffh-parken-frankfurt-Hotel-Intercontinental,ffh-parken-frankfurt-Hotel-Movenpick,ffh-parken-frankfurt-Junghofstrasse,ffh-parken-frankfurt-Konrad-Adenauer-Strasse,ffh-parken-frankfurt-Konstabler,ffh-parken-frankfurt-Mainzer-Landstrasse,ffh-parken-frankfurt-Messeturm,ffh-parken-frankfurt-Mousonturm,ffh-parken-frankfurt-MyZeil-PalaisQuartier,ffh-parken-frankfurt-Opernturm,ffh-parken-frankfurt-Ordnungsamt,ffh-parken-frankfurt-P-R-Haus-Borsigallee,ffh-parken-frankfurt-Schiller-Passage,ffh-parken-frankfurt-Universitatsklinikum-Innengelande,ffh-parken-frankfurt-Universitatsklinikum-P2,ffh-parken-frankfurt-Universitatsklinikum-P5,ffh-parken-frankfurt-Universitatsklinikum-Sandhofstrasse,ffh-parken-frankfurt-Untermainanlage,ffh-parken-kassel-Atrium,ffh-parken-kassel-City-Point,ffh-parken-kassel-Friedrichsplatz,ffh-parken-kassel-Galeria,ffh-parken-kassel-Herkules-Besucherzentrum,ffh-parken-kassel-Kurfursten-Galerie,ffh-parken-kassel-Martinskirche,ffh-parken-kassel-Rathaus,ffh-parken-kassel-Schloss-Wilhelmshohe,ffh-parken-kassel-Wilhelmsstrasse,ffh-parken-mannheim-C1-Hauptverwaltung-MPB-Parkhaus,ffh-parken-mannheim-Collini-Center-Mulde-Parkplatz,ffh-parken-mannheim-D3-Tiefgarage,ffh-parken-mannheim-D5-Reiss-Museum-Tiefgarage,ffh-parken-mannheim-G1-Marktplatz-Tiefgarage,ffh-parken-mannheim-H6-Tiefgarage,ffh-parken-mannheim-Hauptbahnhof-P1-Tiefgarage,ffh-parken-mannheim-Hauptbahnhof-P2-Parkhaus,ffh-parken-mannheim-Hauptbahnhof-P3-Parkhaus,ffh-parken-mannheim-Hauptbahnhof-P5-Parkhaus,ffh-parken-mannheim-Klinikum-P3-Parkplatz,ffh-parken-mannheim-Klinikum-Tiefgarage,ffh-parken-mannheim-M4a-Parkplatz,ffh-parken-mannheim-N1-N2-Stadthaus-Parkhaus,ffh-parken-mannheim-N6-Komforthaus,ffh-parken-mannheim-N6-Standardhaus,ffh-parken-mannheim-SAP-Arena-P1-Parkplatz,ffh-parken-mannheim-SAP-Arena-P2-Parkplatz,ffh-parken-mannheim-SAP-Arena-P3-Parkplatz,ffh-parken-mannheim-SAP-Arena-P6-P8-Parkplatz,ffh-parken-mannheim-U2-Tiefgarage,ffh-parken-wiesbaden-PH-City-II,ffh-parken-wiesbaden-PH-Coulinstr,ffh-parken-wiesbaden-PH-Galeria-Kaufhof,ffh-parken-wiesbaden-PH-Karstadt,ffh-parken-wiesbaden-PH-Kurhaus-Casino,ffh-parken-wiesbaden-PH-Lili,ffh-parken-wiesbaden-PH-Luisenforum,ffh-parken-wiesbaden-PH-Luisenplatz,ffh-parken-wiesbaden-PH-Markt,ffh-parken-wiesbaden-PH-Mauritius,ffh-parken-wiesbaden-PH-Theater,ffh-parken-wiesbaden-TG-Lili,ffh-parken-wiesbaden-TG-RMCC,heilbronn-parken-Am-Bollwerksturm,heilbronn-parken-Bildungscampus-Mitte,heilbronn-parken-E-Quartiersgarage-Neckarbogen,heilbronn-parken-Harmonie,heilbronn-parken-Kathchenhof,heilbronn-parken-Kiliansplatz,heilbronn-parken-P-R-Karlsruher-Strasse,heilbronn-parken-Parkhaus-Experimenta,heilbronn-parken-Parkplatz-Hauptbahnhof,heilbronn-parken-Stadtgalerie,heilbronn-parken-Theaterforum-K3,heilbronn-parken-Wollhaus,ingolstadt-parken-Arena,ingolstadt-parken-Congressgarage,ingolstadt-parken-Festplatz,ingolstadt-parken-Hallenbad,ingolstadt-parken-Hauptbahnhof-Ost,ingolstadt-parken-Hauptbahnhof-West,ingolstadt-parken-Munster,ingolstadt-parken-Nordbahnhof,ingolstadt-parken-Reduit-Tilly,ingolstadt-parken-Schloss,ingolstadt-parken-Theater-Ost,ingolstadt-parken-Theater-West,konstanz-parken-Altstadt,konstanz-parken-Augustiner,konstanz-parken-Dobele,konstanz-parken-Fernbusbahnhof,konstanz-parken-Fischmarkt,konstanz-parken-Lago,konstanz-parken-Seerheincenter,mobil-potsdam-parken-Am-Kanal,mobil-potsdam-parken-Bahnhofspassagen-1,mobil-potsdam-parken-Bahnhofspassagen-2,mobil-potsdam-parken-Biosphare-Potsdam-Volkspark,mobil-potsdam-parken-Hollandisches-Viertel-Klinikum,mobil-potsdam-parken-Industrie-und-Handelskammer,mobil-potsdam-parken-Karstadt-Zentrum,mobil-potsdam-parken-Krongut-Bornstedt,mobil-potsdam-parken-Luisenplatz,mobil-potsdam-parken-Lustgarten,mobil-potsdam-parken-Markt-Center,mobil-potsdam-parken-Neuer-Garten-Cecilienhof,mobil-potsdam-parken-P-R-Bahnhof-Golm,mobil-potsdam-parken-P-R-Bahnhof-Griebnitzsee,mobil-potsdam-parken-P-R-Bahnhof-Marquardt,mobil-potsdam-parken-P-R-Bahnhof-Pirschheide,mobil-potsdam-parken-P-R-Campus-Jungfernsee,mobil-potsdam-parken-P-R-Rehbrucke,mobil-potsdam-parken-P-R-Wetzlarer-Strasse,mobil-potsdam-parken-Park-Sanssouci-P1-Historische-Muhle,mobil-potsdam-parken-Park-Sanssouci-P2-Voltaireweg,mobil-potsdam-parken-Park-Sanssouci-P3-Am-Neuen-Palais,mobil-potsdam-parken-Parkplatz-Schloss-und-Park-Babelsberg,mobil-potsdam-parken-Schiffbauergasse-Hans-Otto-Theater,mobil-potsdam-parken-Sportpark-Luftschiffhafen,mobil-potsdam-parken-Weberpark,mobil-potsdam-parken-Wilhelmgalerie,mobilitaet-jena-Am-Anger,mobilitaet-jena-Am-Gries,mobilitaet-jena-Am-Planetarium,mobilitaet-jena-Am-Stadion,mobilitaet-jena-August-Bebel-Strasse,mobilitaet-jena-Bachstrasse,mobilitaet-jena-Busbahnhof,mobilitaet-jena-City-Carree,mobilitaet-jena-Eichplatz,mobilitaet-jena-Eisenbahndamm,mobilitaet-jena-Erbertstrasse,mobilitaet-jena-Ernst-Abbe-Strasse,mobilitaet-jena-Ernst-Haeckel-Strasse,mobilitaet-jena-Gartenstrasse,mobilitaet-jena-Goethe-Galerie,mobilitaet-jena-Grietgasse,mobilitaet-jena-Haeckelplatz,mobilitaet-jena-Holzmarkt,mobilitaet-jena-Krautgasse,mobilitaet-jena-Lassallestrasse,mobilitaet-jena-Lessingstrasse,mobilitaet-jena-Muhlenstrasse,mobilitaet-jena-Neue-Mitte,mobilitaet-jena-Paradiesbahnhof,mobilitaet-jena-Philosophenweg,mobilitaet-jena-Roland-Ducke-Weg,mobilitaet-jena-Schlossgasse,mobilitaet-jena-Seidelparkplatz,mobilitaet-jena-Seidelstrasse,mobilitaet-jena-Semmelweissstrasse,mobilitaet-jena-Sophienstrasse,mobilitaet-jena-Spitzweidenweg,mobilitaet-jena-Steinkreuz,mobilitaet-jena-Stoystrasse,mobilitaet-jena-Wagnergasse,mobilitaet-jena-Westbahnhof,mobilitaet-jena-Wiesenstrasse,mobilitaet-jena-Windberg,mobilitaet-jena-Wollnitzer-Strasse,mobilitaet-jena-Ziegelmuhlenweg,oldenburg-service-parken-Altes-Gymnasium,oldenburg-service-parken-CCO-Parkdeck-1,oldenburg-service-parken-CCO-Parkdeck-2,oldenburg-service-parken-Parkhaus-Alter-Stadthafen-Cinemaxx,oldenburg-service-parken-Parkhaus-Am-Waffenplatz,oldenburg-service-parken-Parkhaus-August-Carree,oldenburg-service-parken-Parkhaus-Bahnhof-ZOB,oldenburg-service-parken-Parkhaus-Galeria-Kaufhof,oldenburg-service-parken-Parkhaus-Heiligengeist-Hoefe,oldenburg-service-parken-Parkhaus-Schlosshoefe,oldenburg-service-parken-Parkhaus-Theatergarage,oldenburg-service-parken-Parkplatz-Pferdemarkt,oldenburg-service-parken-Parkplatz-Theaterwall,oldenburg-service-parken-Ratsherren,paderborn-parken-P1-Konigsplatz,paderborn-parken-P10-Westernmauer,paderborn-parken-P11-Westerntor,paderborn-parken-P12-Rathenaustrasse,paderborn-parken-P13-Hauptbahnhof,paderborn-parken-P2-Florianstrasse,paderborn-parken-P3-Neuhauser-Tor,paderborn-parken-P4-Paderhalle-Maspernplatz,paderborn-parken-P5-Rolandsweg,paderborn-parken-P6-Liborigalerie,paderborn-parken-P7-Liboriberg,paderborn-parken-P8-Volksbank-Theater,paderborn-parken-P9-Domplatz,parken-in-bochum-P1-Husemannplatz,parken-in-bochum-P2-Dr-Ruer-Platz,parken-in-bochum-P3-Rathaus-BVZ,parken-in-bochum-P5-Bruckstrasse,parken-in-bochum-P6-Hauptbahnhof-Buddenbergplatz,parken-in-bochum-P7-Kurt-Schumacher-Platz,parken-in-bochum-P8-Konrad-Adenauer-Platz-Bermuda3Eck,parken-in-bochum-P9-Schauspielhaus,parken-in-bochum-PH-Alter-Markt-Wattenscheid,parken-in-bochum-PH-Bochumer-Fenster,parken-in-bochum-PH-Husemann-Karree,parken-in-bochum-PH-Massenbergstrasse,parken-in-bochum-PH-Quartiersgarage-Ostpark,parken-in-bochum-PH-Stadionring,parken-in-bochum-PH-Westpark-Jahrhunderthalle,parken-luebeck-Am-Bahnhof-Handelshof-Parkplatz-Strassenrand-Am-Bahnhof-Handelshof-Parkplatz-Strassenrand-Lubeck,parken-luebeck-Am-Burgfeld-Parkplatz-Am-Burgfeld-Parkplatz-Lubeck,parken-luebeck-Am-Fischereihafen-Parkplatz-Am-Fischereihafen-Parkplatz-Travemunde,parken-luebeck-Am-Leuchtenfeld-Leuchtturm-Parkplatz-Am-Leuchtenfeld-Leuchtturm-Parkplatz-Travemunde,parken-luebeck-Backbord-Parkplatz-Backbord-Parkplatz-Travemunde,parken-luebeck-Bahnhof-Parkplatz-Strassenrand-Bahnhof-Parkplatz-Strassenrand-Lubeck,parken-luebeck-Bauhof-Parkplatz-Bauhof-Parkplatz-Lubeck,parken-luebeck-Beckergrube-Parkplatz-Beckergrube-Parkplatz-Lubeck,parken-luebeck-Bruckenweg-Parkplatz-Bruckenweg-Parkplatz-Lubeck,parken-luebeck-Burgstrasse-Parkplatz-Burgstrasse-Parkplatz-Lubeck,parken-luebeck-Fahrstrasse-Parkplatz-Fahrstrasse-Parkplatz-Lubeck,parken-luebeck-Fahrvorplatz-Parkplatz-Fahrvorplatz-Parkplatz-Travemunde,parken-luebeck-Hafenbahnhof-Parkplatz-Hafenbahnhof-Parkplatz-Travemunde,parken-luebeck-Hermann-Lange-Strasse-Parkplatz-Hermann-Lange-Strasse-Parkplatz-Lubeck,parken-luebeck-Huxterdamm-Parkplatz-Huxterdamm-Parkplatz-Lubeck,parken-luebeck-Kanalstrasse-P2-Parkplatz-Kanalstrasse-P2-Parkplatz-Lubeck,parken-luebeck-Kanalstrasse-P3-Parkplatz-Kanalstrasse-P3-Parkplatz-Lubeck,parken-luebeck-Kanalstrasse-P4-Parkplatz-Kanalstrasse-P4-Parkplatz-Lubeck,parken-luebeck-Kanalstrasse-P5-Parkplatz-Kanalstrasse-P5-Parkplatz-Lubeck,parken-luebeck-Kanalstrasse-Strassenrand-Parkplatz-Kanalstrasse-Strassenrand-Parkplatz-Lubeck,parken-luebeck-Kirchenstrasse-Parkplatz-Kirchenstrasse-Parkplatz-Travemunde,parken-luebeck-Konrad-Adenauer-IHK-Parkplatz-Strassenrand-Konrad-Adenauer-IHK-Parkplatz-Strassenrand-Lubeck,parken-luebeck-Kowitzberg-Parkplatz-Kowitzberg-Parkplatz-Travemunde,parken-luebeck-Kurgartenstrasse-Parkplatz-Kurgartenstrasse-Parkplatz-Travemunde,parken-luebeck-Lastadie-P1-Parkplatz-Lastadie-P1-Parkplatz-Lubeck,parken-luebeck-Lastadie-P3-Parkplatz-Lastadie-P3-Parkplatz-Lubeck,parken-luebeck-Lastadie-P5-Parkplatz-Lastadie-P5-Parkplatz-Lubeck,parken-luebeck-Leuchtenfeld-Parkplatz-Leuchtenfeld-Parkplatz-Travemunde,parken-luebeck-Marlesgrube-Parkplatz-Marlesgrube-Parkplatz-Lubeck,parken-luebeck-Mowenstein-Parkplatz-Mowenstein-Parkplatz-Travemunde,parken-luebeck-MuK-Parkplatz-MuK-Parkplatz-Lubeck,parken-luebeck-Muhlenbrucke-Parkplatz-Muhlenbrucke-Parkplatz-Lubeck,parken-luebeck-Muhlendamm-Parkplatz-Muhlendamm-Parkplatz-Lubeck,parken-luebeck-Muhlenstrasse-Parkplatz-Muhlenstrasse-Parkplatz-Lubeck,parken-luebeck-Mullergarten-Parkplatz-Mullergarten-Parkplatz-Lubeck,parken-luebeck-Musterbahn-Parkplatz-Musterbahn-Parkplatz-Lubeck,parken-luebeck-Nordliche-Wallhalbinsel-Parkplatz-Nordliche-Wallhalbinsel-Parkplatz-Lubeck,parken-luebeck-Obertrave-Parkplatz-Strassenrand-Obertrave-Parkplatz-Strassenrand-Lubeck,parken-luebeck-Parade-Parkplatz-Parade-Parkplatz-Lubeck,parken-luebeck-Parkplatz-vor-dem-PH-Burgtor-Parkplatz-Parkplatz-vor-dem-PH-Burgtor-Parkplatz-Lubeck,parken-luebeck-Paul-Brummer-Strasse-Parkplatz-Paul-Brummer-Strasse-Parkplatz-Travemunde,parken-luebeck-Priwall-Parkplatz-Priwall-Parkplatz-Travemunde,parken-luebeck-Radisson-Blu-Parkplatz-Radisson-Blu-Parkplatz-Lubeck,parken-luebeck-Retteich-Parkplatz-Retteich-Parkplatz-Lubeck,parken-luebeck-Roeckstrasse-Parkplatz-Roeckstrasse-Parkplatz-Lubeck,parken-luebeck-Rose-Parkplatz-Rose-Parkplatz-Travemunde,parken-luebeck-Strandbahnhof-Parkplatz-Strandbahnhof-Parkplatz-Travemunde,parken-luebeck-Trelleborgallee-Parkplatz-Trelleborgallee-Parkplatz-Travemunde,parken-luebeck-Untertrave-Flache-1-Parkplatz-Strassenrand-Untertrave-Flache-1-Parkplatz-Strassenrand-Lubeck,parken-luebeck-Untertrave-Parkplatz-Untertrave-Parkplatz-Lubeck,parken-luebeck-Verwaltungszentrum-Muhlentor-Parkplatz-Verwaltungszentrum-Muhlentor-Parkplatz-Lubeck,parken-luebeck-Vogteistrasse-Parkplatz-Vogteistrasse-Parkplatz-Travemunde,parken-luebeck-Wallstrasse-Parkplatz-Wallstrasse-Parkplatz-Lubeck,parken-luebeck-Werner-Kock-Strasse-Parkplatz-Strassenrand-Werner-Kock-Strasse-Parkplatz-Strassenrand-Lubeck,parken-osnabrueck-11,parken-osnabrueck-13,parken-osnabrueck-16,parken-osnabrueck-17,parken-osnabrueck-18,parken-osnabrueck-19,parken-osnabrueck-21,parken-osnabrueck-22,parken-osnabrueck-23,parken-osnabrueck-24,parken-osnabrueck-25,parken-osnabrueck-26,parken-osnabrueck-27,parken-osnabrueck-28,parken-osnabrueck-29,parken-osnabrueck-30,parken-osnabrueck-31,parken-osnabrueck-32,parken-osnabrueck-33,parken-osnabrueck-34,parken-osnabrueck-35,parken-osnabrueck-36,parken-osnabrueck-37,parken-osnabrueck-38,parken-osnabrueck-39,parken-osnabrueck-40,parken-osnabrueck-41,parken-osnabrueck-43,parken-osnabrueck-44,parken-osnabrueck-45,parken-osnabrueck-46,parken-osnabrueck-49,parken-osnabrueck-50,parken-osnabrueck-51,regensburg-parken-Park-Ride-Parkplatz-Unterer-Wohrd,regensburg-parken-Park-Ride-Parkplatz-West,regensburg-parken-Parkhaus-Dachauplatz,regensburg-parken-Parkhaus-Dallmeier,regensburg-parken-Parkhaus-Regensburg-Arcaden,regensburg-parken-Parkhaus-St-Peters-Weg,regensburg-parken-Parkplatz-Dultplatz,regensburg-parken-Tiefgarage-Arnulfsplatz,regensburg-parken-Tiefgarage-Hauptbahnhof-Castra-Regina-Center,regensburg-parken-Tiefgarage-am-Theater-Bismarckplatz,reutlingen-parken-Am-Bahnhof,reutlingen-parken-Bahnhof,reutlingen-parken-Echaz-Zentrum,reutlingen-parken-Galeria-Kaufhof,reutlingen-parken-Gartentor-C-A-Mode,reutlingen-parken-Gartenviertel,reutlingen-parken-Kaiserpassage,reutlingen-parken-Klinikum-I,reutlingen-parken-Klinikum-II,reutlingen-parken-Konrad-Adenauer-Strasse-Eberhardstrasse,reutlingen-parken-Kronprinzenbau,reutlingen-parken-Lederstrasse,reutlingen-parken-Nordstern,reutlingen-parken-Obere-Wassere,reutlingen-parken-Parkgarage-Leonhardsplatz,reutlingen-parken-Parkhaus-Pomologie,reutlingen-parken-Rathaus-Tubinger-Tor,reutlingen-parken-Stadthalle,reutlingen-parken-Stadtmitte,reutlingen-parken-Unter-den-Linden,reutlingen-parken-Volksbank,sw-bielefeld-parken-Parkhaus-Am-Hauptbahnhof,sw-bielefeld-parken-Parkhaus-Am-Jahnplatz,sw-bielefeld-parken-Parkhaus-Am-Zwinger,sw-bielefeld-parken-Parkhaus-Ankergarten,sw-bielefeld-parken-Parkhaus-Bahnhofsviertel-1,sw-bielefeld-parken-Parkhaus-Bahnhofsviertel-2,sw-bielefeld-parken-Parkhaus-Centrum,sw-bielefeld-parken-Parkhaus-Karstadt,sw-bielefeld-parken-Parkhaus-LOOM,sw-bielefeld-parken-Parkhaus-Ritterstrasse,sw-bielefeld-parken-Parkhaus-Stadthalle,sw-bielefeld-parken-Parkpalette-Hermann-Delius-Strasse,sw-bielefeld-parken-Parkplatz-Friedenstrasse,sw-bielefeld-parken-Parkplatz-Grosse-Kurfursten-Str,sw-bielefeld-parken-Parkplatz-Hbf,sw-bielefeld-parken-Parkplatz-Herforder-Str,sw-bielefeld-parken-Parkplatz-Kunsthalle,sw-bielefeld-parken-Parkplatz-Mercatorstr,sw-bielefeld-parken-Parkplatz-Niederwall,sw-bielefeld-parken-Parkplatz-Teutoburger-Strasse,sw-bielefeld-parken-Parkplatz-Zentrum,sw-bielefeld-parken-Parkplatze-Werner-Bock-Strasse,sw-bielefeld-parken-Seidenstickerhalle,sw-bielefeld-parken-Tiefgarage-Altstadt-Carre,sw-bielefeld-parken-Tiefgarage-Am-Theater,sw-bielefeld-parken-Tiefgarage-Kesselbrink,sw-bielefeld-parken-Tiefgarage-Marktpassage-nicht-fur-gasbetriebene-Fahrzeuge,sw-bielefeld-parken-Tiefgarage-Neues-Rathaus,sw-bielefeld-parken-Tiefgarage-Welle,sw-bielefeld-parken-Tiefgarage-Willy-Brandt-Platz,sw-bielefeld-parken-Tiefgarage-und-Parkpalette-CineStar,swt-trier-parken-Basi,swt-trier-parken-City,swt-trier-parken-Hauptm,swt-trier-parken-Kons,swt-trier-parken-Osta,swt-trier-parken-ParkPlaza,swt-trier-parken-Vieh,tiefbauamt-nuernberg-parken-ADCOM-Center,tiefbauamt-nuernberg-parken-Adlerstrasse,tiefbauamt-nuernberg-parken-City-Park-Center,tiefbauamt-nuernberg-parken-Erler-Klinik,tiefbauamt-nuernberg-parken-Findelgasse,tiefbauamt-nuernberg-parken-Galeria-Kaufhof,tiefbauamt-nuernberg-parken-Hans-Sachs-Platz,tiefbauamt-nuernberg-parken-Hauptbahnhof,tiefbauamt-nuernberg-parken-Hauptmarkt,tiefbauamt-nuernberg-parken-Jakobsmarkt,tiefbauamt-nuernberg-parken-Katharinenhof,tiefbauamt-nuernberg-parken-PH-Nurnberger-Akademie,tiefbauamt-nuernberg-parken-Parkhaus-City-Point,tiefbauamt-nuernberg-parken-Parkhaus-Karstadt,tiefbauamt-nuernberg-parken-Parkhaus-Maximum,tiefbauamt-nuernberg-parken-Parkhaus-Wohrl,tiefbauamt-nuernberg-parken-Parkhausname,tiefbauamt-nuernberg-parken-Sebalder-Hofe,tiefbauamt-nuernberg-parken-Sterntor,tiefbauamt-nuernberg-parken-Theater,vmz-bremen-parken-Am-Bahnhof,vmz-bremen-parken-Am-Brill,vmz-bremen-parken-Am-Dom,vmz-bremen-parken-Am-Kuhhirten,vmz-bremen-parken-Am-Sedanplatz,vmz-bremen-parken-Am-Vegesacker-Hafen,vmz-bremen-parken-Am-Wall,vmz-bremen-parken-Aumunder-Markplatz,vmz-bremen-parken-Beckersweide,vmz-bremen-parken-Burgerweide,vmz-bremen-parken-Burgerweide-Klangbogen,vmz-bremen-parken-City-Gate,vmz-bremen-parken-Fresenbergstrasse-P1,vmz-bremen-parken-Fresenbergstrasse-P2,vmz-bremen-parken-Herdentor-Rembertiring,vmz-bremen-parken-Hillmannplatz,vmz-bremen-parken-Im-Pohl,vmz-bremen-parken-Katharinenklosterhof,vmz-bremen-parken-Kunstlerhaus-Guterbahnhof,vmz-bremen-parken-Lubecker-Strasse,vmz-bremen-parken-Messe-Parkhaus,vmz-bremen-parken-Mitte,vmz-bremen-parken-Ortsamt-Blumenthal,vmz-bremen-parken-Ostertor-Kulturmeile,vmz-bremen-parken-Pressehaus,vmz-bremen-parken-Rowekamp-Metropol-Theater,vmz-bremen-parken-Sagerstr,vmz-bremen-parken-Silbermannstrasse,vmz-bremen-parken-Stephani,vmz-bremen-parken-Uberseestadt,vmz-bremen-parken-Weserstadion,vtmanager-duesseldorf-parken-FLOAT,vtmanager-duesseldorf-parken-Heerdt,vtmanager-duesseldorf-parken-PH-01,vtmanager-duesseldorf-parken-PH-02,vtmanager-duesseldorf-parken-PH-03,vtmanager-duesseldorf-parken-PH-04,vtmanager-duesseldorf-parken-PH-06,vtmanager-duesseldorf-parken-PH-08,vtmanager-duesseldorf-parken-PH-09,vtmanager-duesseldorf-parken-PH-10,vtmanager-duesseldorf-parken-PH-11,vtmanager-duesseldorf-parken-PH-12,vtmanager-duesseldorf-parken-PH-13,vtmanager-duesseldorf-parken-PH-16,vtmanager-duesseldorf-parken-PH-17,vtmanager-duesseldorf-parken-PH-18,vtmanager-duesseldorf-parken-PH-20,vtmanager-duesseldorf-parken-PH-22,vtmanager-duesseldorf-parken-PH-23,vtmanager-duesseldorf-parken-PH-24,vtmanager-duesseldorf-parken-PH-25,vtmanager-duesseldorf-parken-PH-26,vtmanager-duesseldorf-parken-PH-29,vtmanager-duesseldorf-parken-PH-33,vtmanager-duesseldorf-parken-PH-34,vtmanager-duesseldorf-parken-PH-35,vtmanager-duesseldorf-parken-PH-37,vtmanager-duesseldorf-parken-PH-39,vtmanager-duesseldorf-parken-PH-42,vtmanager-duesseldorf-parken-PH-43,vtmanager-duesseldorf-parken-PH-45,vtmanager-duesseldorf-parken-PH-46,vtmanager-duesseldorf-parken-PH-47,vtmanager-duesseldorf-parken-PH-48,vtmanager-duesseldorf-parken-PH-50,vtmanager-duesseldorf-parken-PH-51,vtmanager-duesseldorf-parken-PH-52,vtmanager-duesseldorf-parken-PH-53,vtmanager-duesseldorf-parken-PH-54
2026-07-27T00:00:02+00:00,208,,58,150,,74,,261,,,220,270,326,,,356,,,,1245,167,525,445,424,,,98,,,19,1389,28,62,65,237,,,,6,149,159,0,112,0,39,,,,,81,,426,46,,,13,52,19,95,156,187,6,108,131,86,233,82,49,61,130,,,406,0,,151,258,385,230,290,221,135,266,21,197,63,389,208,315,483,292,252,628,69,330,222,485,296,207,126,110,277,371,495,178,803,69,807,287,111,289,312,603,24,8,451,77,,,,200,280,542,,,390,,0,0,0,0,301,0,0,0,0,556,0,0,0,0,194,229,0,0,0,0,0,,276,,10,297,370,768,292,505,,217,150,542,345,465,563,485,67,230,,994,440,629,305,405,303,412,1287,535,203,548,257,219,353,251,563,298,,,230,17,149,909,,,,,,,,184,,192,,,,,,118,145,0,,52,,123,,,0,,,52,0,0,0,0,0,0,0,40,246,0,0,0,0,0,515,0,23,120,142,0,0,0,165,0,0,0,0,144,0,0,0,0,57,0,0,0,0,74,0,0,48,209,36,173,548,247,207,268,228,399,0,401,71,13,,,,,,,,,,,,,,301,351,410,672,340,410,548,132,,229,449,93,,1372,,,,289,,25,,,,,,,,0,,,204,106,52,27,,,,445,,,,,0,,,341,,,,,,,,,,,,5,,,,,,,,,,,,0,126,0,127,0,150,0,228,526,405,38,39,363,246,0,203,16,0,17,99,189,0,0,35,303,0,256,200,117,142,895,41,143,51,139,0,514,72,1130,284,2399,154,205,238,0,118,209,289,84,0,0,343,343,116,0,314,0,343,209,135,289,200,249,0,0,848,77,218,,709,,324,251,,289,391,,,132,136,,,,,,79,,,299,137,,,276,274,,168,156,736,266,189,692,78,168,48,154,326,164,131,154,55,429,344,365,371,239,0,335,81,360,,198,297,0,,,,,,,,,,,,,,,,,,,,,,,,,,,,,,,,620,148,195,484,76,334,153,99,564,200,297,335,97,336,,185,113,98,445,196,480,326,360,,,,200,440,590,126,,544,,201,188,160,641,370,
2026-07-27T00:15:01+00:00,,,,,,,,260,,,,,,,,,,,,,,,,,,,,,,18,,,61,,,,,,,,,,,,,,,,,,,,,,,16,,,96,,,,109,,,,,,,,,,,,,,,,,,,,,,,,387,,,482,,,,,,,,,208,,,,370,,,,,,288,,290,,604,,,,,,,,,,,,,,,,,,,303,,,,,,,,,,,,,,,,,,277,,,298,,,,,,216,,,,467,,,,,,,,,,,,,,,,,,,,,,,,,229,17,,911,,,,,,,,,,,,,,,,,,,,,,,,,,,,,,,,,,,,,245,,,,,,,,,,,,,,,,,,,,,,,,,,,,,,,,,,,,,248,,,,,,,,,,,,,,,,,,,,,,,,,,,,,,,,,,,,,,,,,,,,,,,,,,,,,,,,,,,,,,,,,,,,,,,,,,,,,,,,,,,,,,,,,,,,,,,,,,,,,,,,,,,,,,,190,,,,,,,,,,,,,,138,,513,,1131,286,2400,,,,,,,,,,,,,,,,,,,,,,,,,,,,,,,,,,,,,,,,,,,,,,,,,,,,277,,,,,737,,,,77,,,,327,,,,,,,,,,,,,,,,,,,,,,,,,,,,,,,,,,,,,,,,,,,,,,,,,621,,,,,,,,,,,,,,,,,,,,,,,,,,,,,,,,,,,,,,
2026-07-27T00:30:01+00:00,,,,,,,,,,,,,,,,,,,,,,,,,,,,,,,1390,,,,,,,,,,,,,,,,,,,,,,,,,,,,,,,,110,,,,,,,,,,407,,,,,,,,,,,,,,,,314,481,,,,,,,,,,,,,,496,,,,,,,,313,606,,,,,,,,,,543,,,,,,,,,,,,,,,,,,,193,231,,,,,,,,,,303,,,,,,217,,,,466,,,,,,,,,,398,,,,534,,,,,,,,296,,,230,17,,912,,,,,,,,,,,,,,,,,,,,,,,,,,,,,,,,,,,,,246,,,,,,,,,,,,,,,,,,,,,,,,,,,,,,,,,,,,,,,,,,,,,,,,,,,,,,,,,,,,,,,,,550,,,,,,,,,,,,,,,,,,,,,,,,,,,,,,,,,,,,,,,,,,,,,,,,,,,,,,,,,,,,,,,,,,,,,,,,,,,,,,,,,,,,,,,,,,,,,,,,,,,,,,,,,,,,,,,,,,,,,,,,,,,,,,,,,,,,,,,,,,,,,,,,,,,,,,,,,,,,273,,,,,,,,,,,,,,,,,,,,,,,,,,,,,,,,,,,,,,,,,,,,,,,,,,,,,,,,,,,,,,146,,486,,,,,,,,,,,,,,,,,,,,,,,,,591,,,,,,,,,,
2026-07-27T00:45:02+00:00,,,,,,75,,,,,,,,,,,,,,,,,,,,,,,,,1392,,,,,,,,,,,,,,40,,,,,,,427,,,,,,,,,,,,,,,,,,,,,,,,,,,,,,,,,,,,,,,,,,,,,,,,,,278,,497,,,,,,,,,607,,,,,,,,,,544,,,,,,,,,,,,,,,,,,,194,,,,,,,,,,,,,,,,,220,,,,469,,,,,,993,,,,,,413,,,,,,218,,,,,,,231,17,,,,,,,,,,,,,,,,,,,,,,,,,,,,,,,,,,,,,,,,,,,,,,,,,,,,,,,,,,,,,,,,,,,,,,,,,,,,,,,,,,,,,,,,,,,,,,,,,,,,,,,,549,,,,,,,,,,,,,,,,,,,,,,,,,,,,,,,,,,,,,,,,,,,,,,,,,,,,,,,,,,,,,,,,,,,,,,229,,,,,362,,,,,,,,,,,,,,,,,143,,,,,,,,,,,,,,,,,,,,,,,,,,,,,,,,,,,,846,,,,,,,,,,,,,,,,,,,,,,,,,,,,,,,,,,,,,,,,,,,,,,,,,,,,,,,,298,,,,,,,,,,,,,,,,,,,,,,,,,,,,,,,,,,148,,487,,,,,,,,,96,,,,,,,,,,,,,,,,,,,,,,,,,,
2026-07-27T01:00:01+00:00,,,,,,,,,,,,,,,,,,,,,,,,,,,,,,,,,60,,,,,,,,,,,,,,,,,,,,,,,,,,,,,,,,,,,,,,,,,,,,,,,,,,,,,,,,,,,,,,,,,,209,,,,369,496,,,,,,,,,606,,,,,,,,,,,,,,,,,,,,,,,,,,,,,,,,,,,,,,,,307,,,,,,221,,,,472,,,,,,995,,,,,,,,,,547,,216,,,,,,,,17,,,,,,,,,,,,,,,,,,,,,,,,,,,,,,,,,,,,,,,,,,,,,,,,,,,,,,,,,,,,,,,,,,,,,,,,,,,,,,,,,,,,,,,,,,,,,,,,,,,,,,,,,,,,,,,,,,,,,,,,,,,,,,,,,,,,,,,,,,,,,,,,,,,,,,,,,,,,,,,,,,,,,,,,,,,,,,,,,,,,,,,,,,,,,,,,,,,,,,,,,,,,,,,,,,,,,,,,,,,,,,,,,,,,,,,,,,,,,,,,,,,,,,,,,,,,,,,,,,,,,,,,,,,,,,,,,,,,,,,,,,,,,,,,,,,,,,,,,,,,,,,,,,,,,,,,,,,,,,,,,,,,,,,,,,,,,,,,,,,,,,,,,,,,,,,,,,,,,,,
2026-07-27T01:15:02+00:00,,,,,,,,,,,,,,,,,,,,,,,,,,,,,,,1393,,,,,,,,,,,,,,,,,,,,,,45,,,,57,,,,,,,,,235,,,,,,,,,,,,,,,,,,,,,386,210,,,,,,,,,,,,,,,368,,,802,,,,,,,,,,,,,,,,,,,,,,,,,,,,,,,,,,,,,,,,,,,,,,,309,,,,,,,,,,468,,486,,,,,,,,402,,,,,,,,215,,,,288,,,230,17,,,,,,,,,,,,,,,,,,,,,,,,,,,,,,,,,,,,,,,,,,,,,,,,,,,,,,,,,,,,,,,,,,,,,,,,,,,,,,,,,,,70,,,,,,,,,,,,,,,,,,,,,,,,,,,,,,,,,,,,,,,,,,,,,,,,,,,,,,,,,,,,,,,,,,,,,,,,,,,,,,,,,,,,,,,,,,,,,,,,,245,,,,,,,,,,,,,,,,,,,,,,,514,,1132,,2399,,,236,,,,,,,,,,,,,,,,,,,,,,,,219,,,,,,,,,,,,,,,,,,,,,,,,,,,,,157,,267,,,,,,,,,,,,,,,,,,,,,,,,,,,,,,,,,,,,,,,,,,,,,,,,,,,,,,,,,,,492,,,,,,,,,,,,,,,,,,,,,,,,,,,,,,,189,,,,
2026-07-27T01:30:01+00:00,,,,,,,,259,,,,,,,,,,,,,,,,,,,,,,,,,,,,,,,,,,,,,,,,,,,,,,,,,,,,,,,111,,,,,,,,,,,,,,,,,,,,,,,,,,,480,,,,,,,,,,,,,364,497,,,,,,,,,605,,,,,,,,,,,,,,,,,,,,,,,,,,,,,193,,,,,,,,,,,308,,,,,,,,,,471,,485,,,,994,,,,,,,,,,,,,,,,,,,231,17,,,,,,,,,,,,,,,,,,,,,,,,,,,,,,,,,,,,,,,,,,,,,,,,,,,,,,,,,,,,,,,,,,,,,,,,,,,,,,,,,,,,,,,,,,,,,,,,,,,,,,,,,,,,,,,,,,,,,,,,,,,,,,,,,,,,,,,,,,,,,,,,,,,,,,,,,,,,,,,,,,,,,,,,,,,,,,,,,,,,,,,,,,,,,,,,,,,,,,,,,,,,,,,,,,,,,,,,,,,,,,,,,,,,,,,,,,,,,,,,,,,,,,,,,,,,,,,,,,,,,,,,,,,691,,,,,,,,,,,,,,,,,,,,,,,,,,,,,,,,,,,,,,,,,,,,,,,,,,,,,,,145,,496,,,,,,,313,,,,,,,,,,,,,,,,,,,,,,,,,,,,
2026-07-27T01:45:02+00:00,,,,,,,,,,,,,,,,,,,,,,,,,,,,,,,,,59,,,,,,,,,,,,,,,,,,,,,,,,,,97,,,,,,,,,,,,,,406,,,,,,,,,,,,,,,,315,,,,,,,,,,,,,,,498,,,,,,,,,606,,,,,,,,,,,,,,,,,,,,,,,,555,,,,,,,,,,,,,278,,,309,,,,,,,,,,469,,,,,,995,,,,,,,,533,,546,,,,,,,,,,17,,,,,,,,,,,,,,,,,,,,,,,,,,,,,,,,,,,,,,,,,,,,,,,24,,,,,,,,,,,,,,,,,,,,,,,,,,,,,,,,,,,,,,,,,,,,,,,,,,,,,,,,,558,,,,,,,,,,,,,,,,,,,,,,,,,,,,,,,,,,,,,,,,,,,,,,,,,,,,,,,,,,,,,,,,,,,,,,,,,,,,,,,,,,,,,,,,,,,,,,,,52,,,,,,,,,,,,,,,,,,,,,,,,,,,,,,,,845,,,,,,,,,,,,,,,,,,,,,,,,,,,,,,,,,,,,,169,,,,,,,,,,,,,,,80,,,,,,,,,,,,,,,,,,,,,,,,,,,,,,,,,,,,,,147,,497,,,,,,,297,,,,,,,,,,,,,,,,,,,,,,,,,,,,
2026-07-27T02:00:01+00:00,207,,,,,,,,,,,,,,,,,,,,,,,,,,,,,,,,,,,,,,,,,,,,,,,,,,,,,,,,,,96,,,,,,,,,,,,,,,,,,,,,,,,,,,,,,,,,,,,,,,295,,,,,,497,,,,,,,,,607,,,,,,,,,,,,,,,,,,,,,,,,556,,,,,,,,,,,,,,,,311,,,,,,,,,,472,,,,,,996,,,,,,,,,,,,,,,,,,,,17,,911,,,,,,,,,,,,,,,,,,,,,,,,,,,,,,,,,,,,,,,,,,,514,,,,,,,,,,,,,,,,,,,,,,,,,,,,,,547,,,,,,,,,,,,,,,,,,,,,,,,,,,,,,,,,,,,,,,,,,,,,,,,,,,,,,,,,,,,,,,,,,,,,,,,,,,,,,,,,,,,,,,,,,,,,,,,,,,,,,,,,,,,,,,,,,,,,,,,,,893,,,,,,,,,,,,,,,,,,,,,,,,,,,,,,,,,,,844,,,,,,,,,,,,,,,,,,,,,,,,,,,,,,,,,,,,,,,,,,,,,,,366,,,,,,,,,,,,,,,,,,,,,,,,,,,,,,,,,,,,,,,,,,,,,498,,335,,,,,,,,,,,,,,,,325,,,,,,,,,,,,,,,,,
2026-07-27T02:15:01+00:00,204,,,,,,,260,,,,,325,,,,,,,,,,,,,,,,,,,,,,,,,,,,,,,,,,,,,,,,,,,,56,,,,,,,,,,,,,,,,405,,,,220,,,,,,,,,,,,,,,253,,,,,,,,,,,362,498,,,,,,,,,605,,,,,,,,,,,,,,,,,,,302,,,,,,,,,,,,,,,,,,,,,317,,,,,,223,,,,468,,,,,,995,439,,,,,,,,,545,,213,,,,289,,,,17,,912,,,,,,,,,,,,,,,,,,,,,,,,,,,,,,,,,,,,,245,,,,,,,,,,,,,,,,,,,,,,,,,,,,,,,,,,,,537,,,,,,,,69,14,,,,,,,,,,,,,,,,,,,,,,,,,,,,,,,,,,,,,,,,,,,,,,,,,,,,,,,,,,,,,,,,,,,,,,,,,,,,,,,,,,,,,49,,,,,,,,,,,,,,,,,,,,,,302,,,,,,,,,,139,,,,,,2395,,,237,,,,,,,,,,,,,,,,,,,,,,,,,,,,,,,,,,,131,,,,,,,,,,,,,,,,,,,,,,,,,,,,,,,,,,,,,,,,,,,,,,,,,,,,,,,,,,,,,,,,,,,,,,,,,,,,,,,,,,,,567,,,,,,,,,,,,,,,,,,,,,,,,,,,,,,
2026-07-27T02:30:01+00:00,198,,,,,,,263,,,,289,326,,,,,,,,,,,,,,,,,16,1394,,58,,,,,,,,,,,,,,,,,,,,,,,,57,,,,,,,,,,,50,,,,,,,,,219,,,,,,,,,,,,,,,,,,,,,,,,,,,499,,,,,,,289,,606,,,,,,,,,,,,,,,,,,,,,,,,,,,,,,,,,,,,,,,,318,,,,,,,,,,471,,484,,,,,438,,,403,,,,,202,544,,211,,,,,,,230,17,,913,,,,,,,,,,,,,,,,,144,,,,,,,,,,,,,,,,,,,,,,,,,,513,,,,,,,,,,,,,,,,,,,,,,,,,,,,,,,,,,,,,,70,,,,,,,,,,,,,,,,,,,,,,,,,,,,,,,,,,,,,,,,,,,,,,,,,,,,,,,,,,,,,,,,,,,,,,,,,,,,,,,,,,,,,,,,,,,,,,,,,,,,,,,,,,,,,,,,,,,,,,,,,,,,,,,,,,,,,,,,,,,,,,,,,,,,,,,,,,,,,,,390,,,132,,,,,,,,,,,136,,,,,,,,,,,,,,,,,,,,,,,365,,,,,,,,,,,,,,,,,,,,,,,,,,,,,,,,,,,,,,,,,,,,,,,,,,,,,,,,,,,97,,,,,,,,,,,,,,,,,,,,,
2026-07-27T02:45:01+00:00,196,,,,,,,,,,,,,,,,,,,,,,,,,,,,,,1395,,59,,,,,,,,,,,,,,,,,,,,,,,,,,,,,,,,,234,,49,,,,,402,,,,218,,,,,,,,,,,,,479,,,,,,,,,,,,,,500,,,,,,,287,312,605,,,,,,,,,,,,,,,,,,,,,,,,,,,,,,,,,,,,,277,,,325,,,,504,,,,,344,473,,483,,,,994,436,,,,,,,,,535,,,,,,,,,,,,,,,,,,,,,,,,,,,,,,,,,,,,,,,,,,,,,,,,,,,,,,,512,,,,,,,,,,,,,145,,,,,,,,,,,,,,,,,,,,,,,,,,,,,,,,,,,,,,,,,,,,,409,,,,,,,,,,,,,,,,,,,,,,,,,,,,,,,,,,,,,,,,,,,,,,,,,,,,,,,,,,,,,,,,,,,,,,,,,,,,,,,,,,,,,,,,,,,,,,,,,,,,,,,,,,,,,,,,,,,,,,,,,,,,,,,,,842,,,,,,,,,,,,,,,,,,,,,,,,,,,,,,,,,,,,,,,,,,,,,,,,,,,,,,,,,,,,,,,,,,,,,,,,,,,,,,,,,,,,,,,,,620,146,,,,,,,,,,,,,,,,,,,,,,,,,,,,,,,,,,,,,
2026-07-27T02:45:02+00:00,,,,,,,,,,,,,,,,,,,,,,,,,,,,,,,,,,,,,,,,,,,,,,,,,,,,,,,,,,,,,,,,,,,,,,,,,,,,,,,,,,,,,,,,,,,,,,,,,,,,,,,,,,,,,,,,,,,,,,,,,,,,,,,,,,,,,,,,,,,,,,,,,,,,,,,,,,,,,,,,,,,,,,,,,,,,,,,,,,,,,,,,,,,,,16,,,,,,,,,,,,,,,,,,,,,,,,,,,,,,,,,,,,,,,,,,,,,,,,,,,,,,,,,,,,,,,,,,,,,,,,,,,,247,,,,,,,,,,,,,,,,,,,,,,,,,,,,,,,,,,,,,,,,,,,,,,,,,,,,,,,,,,,,,,,,,,,,,,,,,,,,,,,,,,,,,,,,,,,,,,,,149,,,,,,,363,,,,,,,,,,,,300,,,,,,892,,,,,,,,,,,,,,,,,,,,,,,,,,,,,,,,,,,,,,,,,,,,,,,,,,,,,,,,,,,,,,,,,,,,,188,,,,,,,,,,,,,,,,,,,,,,,,,,,,,,,,,,,,,,,,,,,,,,,,,,,,,,,,,,,,,,,,,,,,,,,,,,,,,,,,,,,,,,,,,,,,,
2026-07-27T03:00:01+00:00,193,,,,,,,,,,,,,,,,,,,,,,,,,,,,,,1393,,,,,,,,,,,,,,,,,,,82,,426,44,,,,,,,,,,,130,,235,,,,,,,,,,,,,,,,,,,,,,,,478,,,,,,,,,,,,,361,,,,,,,,288,,604,,,,,,,,200,280,544,,,390,,,,,,,,,,,,,,,,,,,,,,,,,,,327,,765,,,,,,,,471,564,,,,,995,433,,,,,,,,200,533,,209,,,,,,,,16,,912,,,,,,,,185,,,,,,,,,143,,,,,122,,,,,,,,,,,,,,,,,,,,,,,,,,,,,163,,,,,,,,,,,,,,,,,,,,,,,,,,,,,,,,,,,,,,,,,,,,,,350,,671,339,,559,,,,448,,,1370,,,,,,,,,,,,,,,,,,,,,,,,,,,,,,,,,,,,,,,,,,,,,,,,,,,,,,,,,,,,,148,,,,,,,,243,,,,,,98,,,,,,,,,,,890,,,,,,,,,,,,,,,,,,,,,,,,,,,,,,,,,,,,,,,,,,,,,389,,,,,,,,,,,,,,,,,,,,,,,,,,,,47,,,,,,,,,,,,,,70,,,,,,,,,,,,,,,,,,,,,,,,,,,,,,,,,,,,,619,,,,,,,,,,,,,,,186,,,,,,,,,,,,,566,,,,,,,,,,
2026-07-27T03:15:01+00:00,194,,,,,,,,,,,288,,,,,,,,,,,439,,,,,,,,,27,,,,,,,,,157,,,,,,,,,136,,425,,,,,56,18,93,,,8,113,,,,,50,63,,,,397,,,,215,,,,,,,,196,,,,,,291,,,,,,484,,,,,277,,,,801,,,287,,,,603,,,,,,,,,,,,,,,,,,,,,,,,,,,,,,,,,,,,,,,,328,,,,,,,,,,473,,484,,,,,428,,,404,283,399,1237,364,199,526,147,206,183,,353,168,,,,17,,,,,,,,,,,,,,,,,,,140,,,,,,,,,,,,,,,,,,,,,,,,,,,,,,,,,,161,,,,,,,,,,,,,,,,,,,,,,,,,,,,,,,,,,,,,,,,,,,,,,,,,,,,,,,,,,1369,,,,,,,,,,,,,,,,,,,,,,,,,,,,,,,,,,,,,,,,,,,,,,,,,,,,,,,,,,,,,,,230,,403,,,,,,,,,,,,,,,,,,,,,885,,,,140,,,,1131,289,,155,,,,,,,,,,,,,,,,,,,,,,,,841,,,,,,325,,,,388,,,,,,,,,,,,,,,,,,,,,,,,,,,,,,,,,,,,,,,,,,,,,,,,,,,,,,,,,,,,,,,,,,,,,,,,,,,,,,,,147,,,,,,,,,,,95,,,,,,,,,,,,,,,,,,,,,,,,,,
2026-07-27T03:30:01+00:00,193,,,,,,,,,,,290,325,,,355,,,,,,524,434,,,,,,,,1392,26,,,,,,,,148,154,,111,,,,,,,,,,43,,,,55,19,,,,,111,129,,,,48,,,,,394,,,,214,381,,,,,,,,,384,,,,,,,68,,,,293,,,,,358,499,,800,,,,110,287,,601,,,,,,,,,,,,,,,,,,,,,,,,,,,,,,,,,,,,,,,,327,,,,505,,,,,343,471,,482,,,,993,419,628,,,,,1236,,,519,,205,,,,,,,231,14,148,,,,,,,,,184,,,,,,,,,139,,,,,121,,,,,,,,,,,,,,,246,,,,,,511,,23,,,,,,,,,,,144,,,,,,,,,,,,,,,,,,241,205,,227,,,,,,,,,,,,,,,,,,,,,408,666,,,,,,,,,,1363,,,,,,,,,,,,,,,,,,,,,,,,,,,,,,,,,,,,,,,,,,,,,,,,,,,,,,,,,,,,,,,,,402,,,362,,,,,,16,,,,,,298,,,,,,868,,,,,,,,,,,,,,,,,,,,,,,,,,,,,,,,,,,840,,,,708,,,,,,,,,130,,,,,,,,,,298,,,,202,,,,,,268,,,,,,,,,,,,,,,,,,,,359,,,,,,,,,,,,,,,,,,,,,,,,,,,,,,,,,,,,,,,499,,,,,,,,,,335,,,,,,,,,,,,,,,,,,,,,,,,,
2026-07-27T03:45:01+00:00,191,,,,,,,,,,,289,324,,,,,,,,,,433,,,,,,,,1395,,58,64,,,,,,147,152,,112,,,,,,,,,415,,,,,56,,85,,186,,110,128,,,83,47,,129,,,390,,,,,380,,,,,,,197,,,,,476,290,,,,,,,287,,,,,357,,,799,,,286,,277,,599,,,450,,,,,,,,,,,,,,,,,,,,,555,,,,,,232,,,,,,,,,,,,766,,,,,,,344,472,565,,,,,,405,,303,403,,,1233,,196,512,,204,,250,352,169,,,232,14,,,,,,,,,,,,,,,,,,,138,,,,,118,,,,,,,,,,,,,,,,,,,,,510,,,,,,,,,,,,,,,,,,,,,,,,,,,,,,,211,204,,,398,,,,,,,,,,,,,,,,,,,,405,659,337,,,,,,447,,,1344,,,,,,,,,,,,,,,,,,,,,,,,,,,,,,,,,,,,,,,,,,,,,,,,,,,,,,,,,,,,,,,,525,401,,,354,241,,201,,,,96,186,,,,294,,254,,116,,815,,,,,,,73,,,,,,,,,,,,,,,,,,,,,,,,,,,,838,,,,707,,,,,,,,,129,,,,,,,,,,,,,,,,,,156,,269,,692,78,,48,,,163,,,,,,364,,,,,,,,,,,,,,,,,,,,,,,,,,,,,,,,,,,,,,,,,,620,146,,498,,,,,,,,,94,,,184,,,,,,326,,,,,,,,,,543,,,190,,,,
2026-07-27T04:00:01+00:00,188,,,,,,,,,,,288,,,,134,,,,,,,425,,,,,,,,1392,28,,,236,,,,3,145,146,,110,,,,,,,,,410,,,,,54,17,81,,,,108,127,,,,46,,,,,,,,,210,375,,,,,,,,,,,,474,291,252,626,,,221,,277,208,,,,351,498,,,68,,282,103,273,310,591,,,,,,,,,279,542,,,389,,,,,,301,,,,,553,,,,,,229,,,,,,,273,,,328,,765,,504,,,,,342,465,,,,,,989,384,627,,401,,,1232,365,193,504,,202,,,,168,,,235,14,,913,,,,,,,,183,,,,,,,,,139,,,,,116,,,,,,,,,,,,,,,244,,,,,,,,,,,,,,,,,,,143,,,,,,,,,,,,,,,,,535,204,203,,,396,,399,,,,,,,,,,,,,,,,299,352,395,654,335,,,131,,,448,92,,1327,,,,,,,,,,,,,,,,,,,,,,,,,,,,,,,,,,,,,,,,,,,,,,,,,,,,,,,,,,48,,,,,222,524,400,,,347,238,,198,,,,,182,,,,276,,250,,115,,778,,,51,,,,,,,,,,,,,,,,,,,,,,,,,,,,,,,,833,,,,706,,323,,,,386,,,125,,,,,,,,,,297,135,,,201,,,,157,,268,189,,,168,47,,326,157,,,,,343,,,,,,,,,,297,,,,,,,,,,,,,,,,,,,,,,,,,,,,,,,,,613,,,499,,334,,,,,,332,,,,183,,96,,,,,,,,,,,565,125,,,,,189,,,,
2026-07-27T04:05:01+00:00,,,,,,,,,,,,,,,,,,,,,,453,421,379,,,,,,50,999,25,55,65,,,,,,,150,,,,,,,,,,,409,,,,,56,,82,,,20,107,125,,,,,19,,,,,,,,221,,,,,,,,,,,,,,,,,,,,,,,,,,,,,,,,,,,,,,,,,,,,,,,,,,,,,,,,,,,,,,,,,,,,,,,,,,,,,,,,,,,,,341,470,,481,,,,987,377,,301,,,,1229,,191,493,,198,,251,,167,,,236,14,,912,,,,,,,,,,,,,,,,,137,,,,,,,,,,,,,,,,,,,,243,,,,,,508,,,,,,,,,,,,,142,,,,,,,,,,,,,,,,,,201,,,,395,,398,,,,,,,,,,,,,,,,300,,392,652,,,558,,,,,,,1325,,,,,,,,,,,,,,,,,,,,,,,,,,,,,,,,,,,,,,,,,,,,,,,,,,,,,,,,396,,,,114,,,219,,,,,345,235,,197,,,,,181,284,,,270,,,,,,772,,,,,,,,,,,,,,,,,,,,,,,,,,,,,,,,,,,,,,,,,,249,,,,,,,,,,,,,,,,,,314,,200,,,,,738,267,,,,167,,,,,,,,,,,,,,,,,,,,,,,,,,,,,,,,,,,,,,,,,,,,,,,,,,,,612,,,498,,,,,,,377,,,,,180,,95,,,,,,,,,,,,,,,,,59,,,,
2026-07-27T04:10:01+00:00,,,,,,,,,,,,,323,,,,,,,,,,419,,,,,,,,1000,,54,,,,,,,,,,,,39,,,,,,,,,,,17,55,,,,,,106,,,,,,,,,,389,,,,,,,,,,,,,,382,,314,471,,251,625,,,,,,,,,,349,496,,,,,,101,270,,,,,,76,,,,,,,,,,,,,,,,,,,,,,,,,,,,,,,,,,,,,,,,,,,,,339,469,564,,,,,,370,,,,,,,,,,,,,,,,,,237,14,,,,,,,,,,,,,,,,,,,136,,,,,,,,,,,,,,,,,,,,242,,,,,,503,,,,,,,,,,,,,141,,,,,,,,,,,,,,,,,,,,,,,,,,,,,,,,,,,,,,,,301,351,386,650,,410,,130,,,,,,1323,,,,,,,,,,,,,,,,,,,,,,,,,,,,,,,,,,,,,,,,,,,,,,,,,,,,,,,,397,,46,,,146,,215,522,,,,344,233,,,,,15,,,283,,,261,,,,,,764,,,,126,,510,,1125,286,2360,,202,235,,,,,,,,,,,,,,,,,,,,,,830,,,,709,,,,,,,,,,135,,,,,,78,,,296,134,313,,,,,167,,737,,,,,166,46,,,151,,155,,,342,,,,,334,,,,,,,,,,,,,,,,,,,,,,,,,,,,,,,,,,,,,,610,145,,471,75,,,,,202,,,,,,,,,,,,,,,,,,,563,,,,,,,,,,
2026-07-27T04:15:02+00:00,,,,,,,,,,,,,322,,,,,,,,,,416,,,,,,,,997,23,,,,,,,2,,,,,,,,,,,,,404,,,,18,,,83,,,,103,,,,,,,,,,387,,,,,373,,293,201,133,,,198,,,,,,,,,,,,,,,,,,,,,,,,,,,,,,,,,,,831,,280,541,,,,,,,,,,,,,,552,,,,,,227,,,,,,,274,,,,,764,,,,158,,,337,,563,,,,,986,363,,,,,,1225,366,189,488,,,,,,,,,236,14,,,,,,,,,,,,191,,,,,,,135,,,,,115,,,,,,,,,,,,,,,243,,,,,,499,,,,,,,,,,,,,,,,,,,,,,,,,,,,,,,,,,,,,,,,,,,,,,,,,,,,,,350,380,646,332,408,559,,,,447,91,,,,,,,,,,,,,,,,,,,,,,,,,,,,,,,,,,,,,,,,,,,,,,,,,,,,,,,,,,393,,43,,,145,,211,521,401,,,339,231,,198,,,14,,,,,,259,,249,,,,755,,,,119,317,509,,1124,,2358,,,,,,,,,,,,,,,,,,,,,,,,,829,,,,,,,,,,,,,,,,,,,,,,,,132,311,,199,,,163,,,,188,,,,,,,,,,,,,,,,,,,,,,,,,,,,,,,,,,,,,,,,,,,,,,,,,,,,,,,,,,472,,333,,,,203,,,,,,179,112,,,,,325,,,,,,,,,,,,,,,,,
2026-07-27T04:20:02+00:00,187,,,,,,,,,,,,,,,,,,,,,,414,,,,,,,,996,,,,,,,,,,,,,,,,,,,,,403,,,,19,,,82,,,,104,123,,,,,,,,,386,,,,220,371,,292,,,,,,,,,312,467,290,249,622,,299,,480,281,207,125,,,348,493,,798,,806,280,99,265,309,578,,,,,,,824,,,540,,,,,,,,,,,,,,551,,,,,,225,,,,,,,,,,,,,,,,,,,336,468,564,480,,,,984,357,,,,,,,,,,,,,,,,,,,14,147,911,,,,,,,,,,,,,,,,,134,,,,,,,,,,,,,,,,,,,,241,,,,,,,,,,,,,,160,,,,,,,,,,,,,,,,,,,,,,,,,,,,,,,,,,,,,,,,,,,,,302,,378,643,,407,,,,,446,92,,1316,,,,,,,,,,,,,,,,,,,,,,,,,,,,,,,,,,,,,,,,,,,,,,,,,,,,,,,,390,,44,126,,143,,206,520,,,,340,229,,,,,13,,,,,,258,,,,116,,749,,,,,,,,,,,,,,,,,,,,,,,,,,,,,,,,,,,821,,,,,,,,,288,,,,,134,,,,,,,,,295,128,310,,197,272,,,,,266,189,691,,,,,,,,,,,,,,,,,,,,,,,,,,,,,,,,,,,,,,,,,,,,,,,,,,,,,,608,146,,,,,,,,,,,,,,,,,,,,,,,,,,,,,,,,,,,,,
2026-07-27T04:25:02+00:00,,,,,,,,,,,,,319,,,,,,,,,,412,,,,,,,49,992,,53,,,,,,,,,,,,40,,,,,,,398,42,,,18,,,83,,,,106,,,234,,,,,,,387,,,,,369,,,,134,,,,,,,,,,,,,,,,,,,,,,,,,,,,,,,,,,,,,,,,,,,,,,,,,,,,,,,,,,,,,,,,,,,,,,,,,,,,,,,,335,,565,478,66,,,983,353,,,,,,1221,362,184,468,,195,181,,353,166,,,,15,,913,,,,,,,,,,190,,,,,,,127,,,,,,,,,,,,,,,,,,,,242,,,,,,495,,,,,,,,,,,,,140,,,,,,,,,,,,,,,,,,,,,,,,,,,,,,,,,,,,,,,,,,376,640,329,406,,,,,445,,,1308,,,,,,,,,,,,,,,,,,,,,,,,,,,,,,,,,,,,,,,,,,,,,,,,,,,,,,,,388,125,,127,,144,,204,518,,,,336,226,,195,,,12,,,,,,256,,248,198,114,,746,,,,,,,,,,,,,,,,,,,,,,,,,,,,,,,,,,,818,,,,707,,322,,,,385,,,,,,,,,,,,,,,309,,,271,,,156,,,,,,,45,,,154,,,,,,362,372,,,333,,358,,,,,,,,,,,,,,,,,,,,,,,,,,,,,,,,,,,,607,,,471,,332,,98,,,,,,,,177,,,,,479,,,,,,,,562,,,,,,,,,,
2026-07-27T04:30:01+00:00,,,,149,,,,,,,,,318,,,,,,,,,,411,,,,,,,,,21,52,,,,,,,144,,,,,,,,,,,,397,43,,,19,,,79,,,,103,,,235,,,,,,,,,,,222,,,,,,,,,,380,,311,,289,251,619,,,,476,279,,,,272,346,491,,797,,,,97,261,304,571,,9,451,,,,815,,,,,,388,,,,,,300,,,,,542,,,,,,224,,,,,,,275,,,,,763,,,,,,,340,466,,477,,,,,349,,,,,,,,,,,,,,,,,,237,15,,,,,,,,,,,,,,,,,,,129,,,,,114,,,,,,,,,,,,,,,241,,,,,,493,,24,,,,,,,,,,,,,,,,,,,,,,,,,,,,,,,,,,,,,,,,,,,,,,,,,,,,,,,,404,558,129,,,442,,,1302,,,,,,,,,,,,,,,,,,,,,,,,,,,,,,,,,,,,,,,,,,,,,,,,,,,,,,,,,,,,,,,201,,402,,,,225,,,,,11,97,,282,,,254,,,195,113,,744,,142,,113,316,434,,1123,,2357,,,233,,,,,,,,,,,,,,,,,,,,,,,,,,,,,,,,,,,124,,,,,,,,,,,,,,,,,,,,,,,,,,,,,,,,,,,,,,,,,,,,,,,,,,,,,,,,,,,,,,,,,,,,,,,,,,,,,,,469,,,,,566,,,,,334,,,,,,,,326,,,,,,,,126,,544,,,,,,,
2026-07-27T04:35:02+00:00,186,,,,,,,,,,,,315,,,133,,,,,,452,406,,,,,,,,986,20,51,,,,,,,,,,109,,39,,,,,,,395,,,,18,56,16,80,,,,102,121,,,,,,,,,386,,,,220,368,,,,,,,,,,,,,,,,,,,,,,,,,,,,,,,,,,,,,,,,,,,,,,,,,,,,,,,,,,,,,,,,,,,,,,,,,,,,,,,,,,,,344,463,,476,,,,979,347,,300,400,,,1209,365,182,456,144,,,,,,156,,239,15,,912,,,,,,,,,,189,,,,,,,128,,,,,,,,,,,,,,,,,,,,244,,,,,,492,,,,,,,,159,,,,,139,,,,,,,,,,,,,,,,,529,207,195,272,225,,,395,69,13,,,,,,,,,,,,,,301,348,373,638,328,403,556,,,228,439,,,1297,,,,,,,,,,,,,,,,,,,,,,,,,,,,,,,,,,,,,,,,,,,,,,,,,,,,,,,,384,,,,,,,199,517,,,,335,224,,194,,,10,,,,,,,,,193,,,739,,,,106,314,432,,1122,285,2350,,201,201,,,,,,,,,,,,,,,,,,,,,,814,,,,704,,320,,,,384,,,,,,,,,,,,,293,127,307,,192,270,,162,,736,,,690,,,,,,,,,,,,,,,,,,,,,,,,,,,,,,,,,,,,,,,,,,,,,,,,,,,,,,,144,194,470,,,,99,,,,,,,,174,,,,,,,,,,,,,,,,,,,,,,,
2026-07-27T04:40:02+00:00,,,,,,,,264,,,,287,314,,,,,,,,,,400,378,,,,,,,985,,70,,,,,,15,,149,,,,40,,,,,,,391,,,,16,,17,81,,185,,,118,,,82,45,,,,,384,5,,,222,,,,,,,,,,379,,308,457,,,,69,,,474,276,,,,270,345,489,177,796,,,,94,255,297,563,,,,74,,,,,,,,,,,,,,,,,,,,536,,,,,,222,,,,,,,,,,,,761,,503,,157,,,343,466,,475,,,,,345,,,,,,,,,,,,,,,,155,,,17,146,911,,,,,,,,,,,,,,,,,122,,,,,,,,,,,,,,,,,,,,,,,,,,,,23,,,,,,158,,,,,136,,,,,,,,,,,,,,,,,527,205,,,226,,,,,,,,,,,,,,,,,,,,,371,635,326,400,555,128,,,,91,,1285,,,,,,,,,,,,,,,,,,,,,,,,,,,,,,,,,,,,,,,,,,,,,,,,,,,,,,,,382,,,126,,,,196,515,,37,,329,221,,193,,,,,179,281,,,,,246,187,111,144,732,,,,,,,,,,,,,,,,,,,,,,,,,,,,,,,,,,,813,,218,,,,,248,,,,,,,,,,,,,,,,292,126,,,190,,,,154,735,265,,,,,,,,,,,,,,,,,,,,,,,,,,,,,,,,,,,,,,,,,,,,,,,,,,,,,,,,606,,,,77,,,,,,376,,,335,,173,,,,,478,,,,,,,,,,,543,,,60,,,,
2026-07-27T04:45:02+00:00,185,,,,,,,,,,,,310,,,,,,,,,451,396,,,,,,,,984,,,,,,,,,,150,,110,,,,,,,,,387,,,,,54,16,,,,21,103,116,,,,,18,,,,340,,,,,363,229,,,133,,,,,,,,,,,,,,,,,,,,,,,,,,,,,,,,,,,,,,,,,,,,,,,,,,,,,,,,,,,,,,,,,,,,,,,,,,,,,,,,342,461,566,473,,,,978,344,,301,,,,1205,368,,449,,192,180,,352,,,,,16,147,912,,,,,,,,,,,,,,,,,119,,,,,,,,,,,,,,,,,,,,,,,,,,,,,,,,,,,,,,,135,,,,,,,,,,73,,,,,,,526,204,194,271,,,,394,,,,,,,,,,,,,,,,300,,367,630,,399,551,125,,227,438,90,,1276,,,,,,,,,,,,,,,,,,,,,,,,,,,,,,,,,,,,,,,,,,,,,,,,,,,,,,,,381,,,,,,,192,511,401,,,321,,,,,,,,,,,,261,,245,183,,,709,,,,99,315,,,1117,,2347,,199,,,,,,,,,,,,,,,,,,,,,,,,,,,,,,,,,,,,,,,,,,,,,,,,,,,,,,153,,,,,,167,46,155,,150,,,,,341,361,370,,,,67,357,,,,,,,,,,,,,,,,,,,,,,,,,,,,,,,,,,,,,146,,468,76,,,98,,202,,,,,,,,94,,,,,,,,,,,,,,542,,,,,,,
2026-07-27T04:50:01+00:00,184,,,,,73,,,,,,285,,,,,,,,,,450,386,,,,,,,50,979,19,66,,,,,,14,145,148,,109,,39,,,,,,,382,,,,17,,15,78,,184,,101,114,,,,,19,,,,335,,,,221,,,,,,,,,,377,207,305,449,286,249,617,,,,469,272,206,124,112,265,343,485,,794,,801,278,91,243,294,556,,,452,,,,797,199,280,538,58,,389,,,,,,,,,,,534,,,,,,,,,,,,,273,,,329,,759,,,,,,,,459,565,472,,,,977,343,,,,,,,,,,,,,,,,,,241,17,146,,,,,,,,,182,,,,,,,,,120,,,,,113,,,,,,,,,,,,,,,242,,,,,,490,,,,,,,,157,,,,,134,,,,,,,,,,,,,,,,,,199,,270,,,,393,68,,,,,,,,,,,,,,,,,361,624,324,396,,123,,226,436,89,,1258,,,,,,,,,,,,,,,,,,,,,,,,,,,,,,,,,,,,,,,,,,,,,,,,,,,,,,,,376,,43,125,,,,185,,400,,,317,220,,,,,12,98,177,280,,,,,244,174,113,,694,,,,,,,,,,,,,,,,,,,,,,,,,,,,,,,,,,,806,,217,,702,,319,247,,287,382,,,123,,,,,,,77,,,291,127,305,,188,268,,159,152,733,,,689,,166,,,,,,,,,,,,,,,,,,,,,,,,,,,,,,,,,,,,,,,,,,,,,,,,,,,,,145,,469,,331,,,,,,331,,,,172,111,,,,,325,,,,,,,,127,,543,,,59,,,,
2026-07-27T04:55:01+00:00,181,,,,,74,,,,,,284,,,,131,,,,,,,382,377,,,,,,49,977,17,,,,,,,,143,,,108,,,,,,,,,373,,,,18,55,,79,,,,,112,,,,,,,,,333,,,,219,362,227,,200,,,,,,375,,301,438,283,250,614,67,297,,460,270,205,,,260,336,482,,793,67,800,274,89,230,291,541,,,450,75,,,,,,,,,,,,,,,,,,,,,,,,,,,,,,,,,,,,,,,,,,,,,339,,,470,,,,972,,626,,,,398,1199,,180,433,,187,178,250,349,164,,,243,17,,,,,,,,,,,,,,,,,,,,,,,,,,,,,,,,,,,,,,,239,,,,,,486,,,,,,,,158,,,,,131,,,,,,,,,,,,,,,,,519,192,,269,225,426,,391,,,,,,,,,,,,,,,,298,346,358,619,321,393,550,,,227,434,87,,1243,,,,,,,,,,,,,,,,,,,,,,,,,,,,,,,,,,,,,,,,,,,,,,,,,,,,,,,,371,,,,,143,,179,508,399,36,,309,218,,191,,,,,,281,,,259,,243,170,,,684,,,,,,,,,,,,,,,,,,,,,,,,,,,,,,,,,,,747,,,,701,,315,248,,,,,,122,,,,,,,,,,290,126,303,,184,265,,157,,,,,,,,,,,,,,,,,,,,,,,,,,,,,,,,,,,,,,,,,,,,,,,,,,,,,,,,,,,602,146,,,,330,,,,,,,,,,170,,,,,477,,,,69,,,,560,,,,,,58,,,,
2026-07-27T04:55:02+00:00,,,,,,,,,,,,,,,,,,,,,,,,,,,,,,,,,,,,,,,,,,,,,,,,,,,,,,,,,,,,,,,,,,,,,,,,,,,,,,,,,,,,,,,,,,,,,,,,,,,,,,,,,,,,,,,,,,,,,,,,,,,,,,,,,,,,,,,,,,,,,,,,,,,,,,,,,,,,,,,,,,,,,,,,,,,,,,,,,,,,,,,,,,,,,,,,,,,,,,,181,,188,,,,,,,119,,,,,111,,,,,,,,,,,,,,,,,,,,,,,,,,,,,,,,,,,,,,,,,,,,,,,,,,,,,,,,,,,,,,,,,,,,,,,,,,,,,,,,,,,,,,,,,,,,,,,,,,,,,,,,,,,,,,,,,,,,,,,,,,,,,,,,,,,,,,,,,,,,,,,,,,,,,,,,,,,,,,,,,,,,,,,,,,,,,,,,,91,,431,,1116,284,2345,,197,200,,,,,,,,,,,,,,,,,,,,,,,,,,,,,,,,,,,,,,,,,,,,,,,,,,,,,,730,263,,686,,,,,,,,,,,,,,,,,,,,,,,,,,,,,,,,,,,,,,,,,,,,,,,,,,,,,,,,,,,,,,,,,,,,,,,,,,,,,,,,,,,,,,,,,,,,
2026-07-27T05:00:01+00:00,180,,,,,,,,,,,283,308,,,,,,,,,,377,,,,,,,,971,16,63,,,,,,,145,149,,111,,35,,,,,,,371,42,,,,53,,80,,183,,100,108,,,,44,,,,,327,,,,217,,,,,,,,,,,,,,,,,,,,,,,,,,,,,,,,,,,,,,,,,,,789,198,,537,,,,,,,,,299,,,,,522,,,,,,221,,,,,,,272,,,328,,757,,502,,155,,,336,455,564,468,,,,969,,624,299,397,,,,,,,,,,,,,154,,244,17,145,911,,,,,,,,,,,,,,,,,118,,,,,,,,,,,,,,,,,,,,241,,,,,,481,,21,118,,,,,157,,,,,130,,,,,,,,,,,,,,,,,516,190,193,,,,,,,,,,,,,,,,,,,,,,,356,617,318,391,,121,,,433,86,,1229,,,,,,,,,,,,,,,,,,,,,,,,,,,,,,,,,,,,,,,,,,,,,,,,,,,,,,,,370,124,41,,,142,,174,506,398,,,299,216,,189,,,,,,282,,33,249,,242,165,110,,670,,,50,,,,,,,,,,,,,,,,,,,,,,,,,,,,,,,,,,,,,,,,,,,,,,,,,,,,,,,,,,,,,,,151,,264,188,679,118,165,45,,,140,130,,,,340,362,,,,,66,,,,,,,,,,,,,,,,,,,,,,,,,,,,,,,,,,,,,600,144,,468,,,,,,201,,,,334,,169,109,,,,476,,,,,,,,562,,,,,,,,,,
2026-07-27T05:05:02+00:00,,268,,,632,,,263,299,360,,282,307,,,,,,,,,449,373,,,,,,,,968,,62,,237,,,,,,,,109,,34,,,,,138,,369,43,,,17,,,82,,,,101,107,,234,,43,,,,,328,6,,150,,357,,,199,132,,,,,,,299,433,,251,,,296,,458,,,,,259,332,481,,791,,,,88,221,289,537,,,,74,,,,,,,,,,,,,,,,,,,,,,,,,,,,,,,,,,,,,,,,,,,,,335,450,565,467,,,,967,342,,298,396,,,1194,369,174,422,142,186,177,,347,,153,,247,15,,912,,,,,,,,,,,,,,,,,117,,,,,109,,,,,,,,,,,,,,,238,,,,,,477,,20,,,,,,,,,,,129,,,,,,,,,,,,,,,,,515,187,192,266,,,,,,12,,,,,,,,,,,,,,296,,355,615,314,384,546,120,,,429,,,1212,,,,,,,,,,,,,,,,,,,,,,,,,,,,,,,,,,,,,,,,,,,,,,,,,,,,,,,,369,138,40,,,135,70,169,503,,,,296,215,50,188,,,,99,174,,177,,238,164,243,152,109,142,638,,141,49,80,,430,,1112,283,2340,154,,,,,,,,,,,,,,,,,,,,,,,,741,,215,,698,,313,,,,381,,,120,133,,,,,,,,,286,125,298,,182,262,264,153,152,725,262,187,678,,163,,,,,,,,,,,,,,,,,,,,,,,,,,,,,,,,,,,,,,,,,,,,,,,,,,,,598,,193,,75,,,99,,,375,,,,,165,,,,,,,,,,,,,,,,,,198,,,,,
2026-07-27T05:10:02+00:00,,264,,,630,72,,262,,363,,,306,,,,,,,,,,370,,,,,,,,965,,58,,,,,,13,144,146,,107,,,,,,,,,368,,,,16,,,,,,,,,,233,,,,,,,325,7,,148,216,,,,,,,,,,,205,297,425,,248,611,68,,218,457,266,,,,257,,478,,790,,797,273,87,218,288,533,,,449,73,117,208,778,195,279,535,,,,,,,,,,,,,,510,,,,,,218,,,,,,260,,,,327,,756,,501,181,,,,332,451,,466,,,,965,,623,295,,,,,,,,,,,,,,152,,249,16,,911,,,,,,,,,,189,,,,,,,120,,,,,106,,,,,,,,,,,,,,,233,,,,,,471,,21,115,,,,,156,,,,,126,,,,,,,,,,,,,,,,,513,181,191,265,224,,,389,,10,,,,,,,,,,,,,,,343,350,614,311,380,541,119,,226,426,85,,1199,,,,,,,,,,,,,,,,,,,,,,,,,,,,,,,,,,,,,,,,,,,,,,,,,,,,,,,,362,137,39,,113,,68,161,498,399,,,290,209,49,185,,,,,173,,189,32,228,163,242,145,108,,615,,,,,,,,,,,,,,,,,,,,,,,,,,,,,,,,,,,,,,,,,,,,,,,,,,,,,,,,,,,,,,,,,,151,722,261,,668,120,160,,,,,,,,,,,,,,,,,,,,,,,,,,,,,,,,,,,,,,,,,,,,,,,,,,,,597,,,465,,,,98,,,374,330,,,,164,108,,,,,,,,,,,,,,,,,194,59,,,369,
2026-07-27T05:15:01+00:00,179,260,,,629,,,261,298,,,,305,,,,,,,,,447,368,378,,,,,,,958,17,59,66,,,,,,143,,,,,,,,,,,,369,,,,,,,79,,,,,103,,232,,,,,,,328,,,,,355,228,290,197,131,,,,,,,,,,,,,,,,,,,,,,,,,,,,,,,,,,,,,,,,,,,,,,,,,,,,,,,,,,,,,,,,,,,,,,,,,,,,,,,,328,443,562,462,,,,960,,,294,395,282,,1170,365,173,414,,183,175,,345,163,146,,251,15,,,,,,,,,,,,190,,,,,,,118,,,,,,,,,,,,,,,,,,,,232,,,,,,468,,,,,,,,155,,,,,,,,,,,,,,,,,,,,,172,510,176,189,264,225,424,,390,,,,,,,,,,,,,,,,293,342,346,606,309,378,540,115,,224,425,84,,1182,,,,,,,,,,,,,,,,,,,,,,,,,,,,,,,,,,,,,,,,,,,,,,,,,,,,,,,,360,136,,,,,,159,,400,,,286,205,,184,,,,98,170,281,,,221,,241,140,,,605,,,,,,,,,,,,,,,,,,,,,,,,,,,,,,,,,,,739,,,,697,,,,,286,,,,122,,,,,,,78,,,283,124,295,,177,261,261,,150,718,,,663,119,159,,152,325,130,,,,,339,364,369,238,,332,63,355,,,294,,,,,,,,,,,,,,,,,,,,,,,,,,,,,,,,,591,,,,,329,,96,,200,,329,,333,,162,,,,,474,326,,,,,,,,,,,,191,,,,368,
2026-07-27T05:20:01+00:00,,257,,,626,,,260,,362,,280,304,,,129,,,,,164,443,357,,,,,,,,,,55,,,,,,12,141,,,,,33,,,,,,,368,,,,18,,,80,,,22,,101,85,,81,42,,,,,,,,,214,,,,,,,,,,372,203,296,416,282,,606,67,294,217,449,,202,,,252,330,473,,687,68,794,267,85,206,283,509,,,,72,,,768,,278,533,,,387,,,,,,,,,,,506,,,,,,214,,,,,,,,,,328,,751,,498,,154,,,324,441,,457,,,,953,,622,,,,,,,,,,,,,,,145,,252,16,146,912,,,,,,,,,,,,,,,,,,,,,,,,,,,,,,,,,,,,,233,,,,,,464,,22,113,,,,,,,,,,127,,,,,56,,,,,,,,,,,,505,174,,261,223,423,,388,69,,,,,,,,,,,,,,,294,,343,599,305,373,537,,,222,420,,,1161,,,,350,,135,,,,,,,,39,,,206,113,58,28,,,,450,,,,,11,,,340,,,,,,,,,,,,14,,,,,,,,,,,,354,,37,123,112,131,67,155,496,401,,,283,203,,,,,10,,169,277,188,,212,162,238,134,105,,575,,,,74,309,428,,1109,282,2336,,195,199,,,,,,,,,,,,,,,,,,,,,,737,,,,,,310,249,,,380,,,120,,,,,,,,,,280,,294,,173,262,256,150,149,716,,185,655,,157,,,,,,,,,,,,,,,,,,,,,,,,,,,,,,,,,,,,,,,,,,,,,,,,,,,,590,142,,,74,,152,,,,373,,,332,,161,106,,,,471,,,,,,,,561,,,,,189,60,,,367,
2026-07-27T05:25:02+00:00,177,251,,,620,71,,258,297,,,278,300,,,126,,,,,163,442,346,376,,,,,,,956,18,54,,236,,,,,142,144,,106,,,,,,,,,365,42,,,19,52,14,79,,,,99,99,,,,,,,,,321,,,149,213,354,,,195,,,,,,369,200,294,412,277,244,601,68,293,,446,262,,,,242,321,470,,686,,788,264,84,197,279,491,,8,,70,,,761,194,,,,,389,,,,,,,,,,,502,,,,,,212,,,,,,,274,,,329,,750,,,,,,,322,432,558,455,,,,951,,621,,391,,399,1144,366,170,404,,182,169,249,342,160,141,,250,15,,911,,,,,,,,,,,,,,,,,117,,,,,104,,,,,,,,,,,,,,,230,,,,,,462,,23,,,,,,154,,,,,125,,,,,,,,,,,,,,,,,499,166,186,260,,422,,387,68,,,,,,,,,,,,,,,290,339,337,595,301,364,535,113,,220,418,85,,1148,,,,351,,133,,,,,,,,,,,205,112,59,,,,,,,,,,12,,,341,,,,,,,,,,,,,,,,,,,,,,,,349,135,,124,116,128,,149,491,,,,281,199,,176,,,9,95,168,,,31,194,,235,119,104,141,546,,,47,,,,,,,,,,,,,,,,,,,,,,,,,,,,,,,,729,,212,,,,303,246,,,379,,,112,132,,,,,,79,,,276,,289,,162,255,240,145,146,,260,183,648,,154,,,,,,,,,,,,,,,,,,,,,,,,,,,,,,,,,,,,,,,,,,,,,,,,,,,,588,,,,73,326,,,,,,326,,,,,,,,,,325,,,,,,,,,,542,,188,,,,,
2026-07-27T05:30:02+00:00,,248,,,617,72,,257,296,360,,276,299,,,,,,,,,440,342,,,,,,,48,,15,53,,,,,,,140,143,,104,,,,,,,,,364,41,,,18,51,13,,,,,100,97,,,,,,,,,319,,,,212,355,,289,194,129,,,,,,,,,,,,,,,,,,,,,,,,,,,,,,,,,,,,,,,,,,,,,,,,,,,,,,,,,,,,,,,,,,,,,,,,,,,,,,,,319,430,554,448,,,,946,341,618,,,,,,,,,,,,,,,137,,252,15,,910,,,,,,,,,,,,,,,,,119,,,,,103,,,,,,,,,,,,,,,229,,,,,,459,,20,111,,,,,151,,,,,119,,,,,54,,,,,,,,,,,171,491,154,185,259,222,421,,385,,,,,,,,,,,,,,,,288,337,331,589,296,358,529,,,,,83,,1130,,,,352,,,,,,,,,,38,,,204,111,,,,,,,,,,,11,,,,,,,,,,,,,,,12,,,,,,,,,,,,347,,38,,,127,,,489,400,,,278,195,,175,,,,94,166,,,29,190,163,,117,103,,534,,140,,68,302,421,72,1108,275,2327,155,193,200,,,,,,,,,,,,,,,,,,,,,,,,,,,,,,,,,,,,,,,,,,,,,,,,,,,,,145,711,258,182,646,118,,44,150,,122,129,,,,337,362,366,237,,331,,349,,,292,,,,,,,,,,,,,,,,,,,,,,,,,,,,,,,,,587,141,,466,74,325,,,,,371,,,333,,,,93,,,,,,,,,,,560,126,,,,187,,,,,
2026-07-27T05:35:01+00:00,176,246,,,613,,71,256,,,,272,295,,,,,,,,,,336,374,,,97,,,,953,,47,,,,,,13,139,,,103,,32,,,,,139,,362,,,,17,50,11,76,,,,99,93,,,82,,,128,,,318,,,,,,,,,,,,,,367,199,293,409,275,239,598,67,,,445,263,201,,,235,317,468,,,67,,263,,189,276,483,,,,69,,,750,192,,,,,,,,,,,,,,,,493,,,,,,211,,,,,,,272,,,331,,747,,488,,,,,316,429,553,434,65,,,940,338,616,293,386,,393,1092,355,169,398,141,180,166,250,339,157,134,,255,16,,,,,,,,,,180,,188,,,,,,,118,,,,,,,,,,,51,,,,,,,,,231,,,,,,449,,,108,,,,,149,,,,,,,,,,,,,,,,,,,,,170,487,150,,258,221,,,384,65,,,,,,,,,,,,,,,285,334,328,584,292,344,523,109,,217,408,84,,1112,,,,,,,,,,,,,,37,,,203,112,,,,,,,,,,,,,,,,,,,,,,,,,,11,,,,,,,,,,,,,136,36,125,115,125,68,145,483,,,,276,188,,174,,,,95,165,275,187,28,173,160,229,103,100,140,499,,,45,,,,,,,,,,,,,,,,,,,,,,,,,,,,,,,,723,,,,,,300,245,,285,376,,,111,131,,,,,,,,,270,122,285,,156,256,229,,147,708,257,178,639,119,150,,,,,,,,,,,,,,,,,,,,,,,,,,,,,,,,,,,,,,,,,,,,,,,,,,,,,139,,460,75,322,150,94,,199,369,325,,,,160,104,92,,195,,,,,,,,,557,,,539,,,,,,,
2026-07-27T05:40:01+00:00,173,243,,,611,71,,,,357,,271,294,,,,,,,,,437,328,,,,,,,49,949,14,,,,,,,12,,,,,,33,,,,,140,,360,,,,19,,12,75,,,,102,90,,,,,,,,,316,,,150,210,354,,285,,126,,,,,,,,,,,,,,,,,,,,,,,,,,,,,,,,,,,,,,,,,,,,,,,,,,,,,,,,,,,,,,,,,,,,,,,,,,,,,,,,314,423,547,423,63,,,934,337,617,,387,,,,,,,,,,,,,,,257,15,145,909,,,,,,,,,,189,,,,,,,,,,,,99,,,,,,,,,,,,,,,228,,,,,,444,,18,104,,,,,147,,,,,,,,,,,,,,,,,,,,,168,476,142,,257,220,417,,383,66,,,,,,,,,,,,,,,286,330,321,574,288,335,515,110,,215,403,86,,1101,,,,353,,130,,,,,,,,,,,,109,,,,,,,,,,,344,,,342,,,,,,,,,,,,,,,,,,,,,,,,346,,37,124,114,123,70,137,478,398,,,,186,47,173,,,,96,164,,,,166,156,226,96,99,,496,,,44,49,297,407,,1106,271,2324,156,191,194,,,,,,,,,,,,,,,,,,,,,,717,,,,696,,296,244,,,,,,109,130,,,,,,77,,,265,120,276,,151,255,223,141,145,703,,177,631,,149,,,,,,,,,,,,,,,,,,,,,,,,,,,,,,,,,,,,,,,,,,,,,,,,,,,,583,141,192,458,,,,,,198,367,322,93,,,159,,91,,194,470,,,,,,,,558,125,,538,,186,,,,,
2026-07-27T05:45:02+00:00,170,239,,,606,69,,253,295,356,,,,,,,,,,,162,,321,,,,,,,,947,,43,,237,,,,11,138,,,,,32,,,,,,,358,40,,,18,49,,74,,,,101,86,,233,,37,,,,,315,,,151,211,,,,,,,,,,363,193,291,396,268,238,589,,291,218,438,258,197,122,,224,312,467,176,681,,785,258,83,170,271,453,,6,447,68,116,,744,,279,,,,388,,,,,,298,,,,,485,,,,,,205,,,,,,,271,,,333,,745,,485,,,,,310,413,,413,62,,,929,,613,292,386,,389,1035,351,,395,139,,159,248,,150,135,,,16,144,,,,,,,,,,,,,,,,,,117,,,,,97,,,,,,,,,,,,,,,223,,,,,,438,,17,,,,,,,,,,,117,,,,,,,,,,,,,,,,,465,129,184,251,214,416,,380,65,,,,,,,,,,,,,,,279,325,319,566,284,321,505,,,212,399,83,,1087,,,,,,131,,,,,,,,,,,202,107,60,,,,,,,,,,,,,,,,,,,,,,,,,6,,,,,,,,,,,,342,135,36,,113,,71,134,,,,,269,184,,169,,,8,,162,276,185,26,159,151,225,93,96,139,476,,139,42,41,289,401,73,1098,262,2315,,190,193,,,,,,,,,,,,,,,,,,,,,,711,,210,,,,290,239,,,,,,105,131,,,,,,76,,,262,114,271,,142,253,217,140,,699,255,175,626,,147,,148,324,112,,,54,,336,361,365,235,,325,62,345,,183,291,,,,,,,,,,,,,,,,,,,,,,,,,,,,,,,,,577,140,,457,74,320,,95,567,,363,,,,,,103,90,,193,471,323,,,,,,,,,,536,,183,,,,365,
2026-07-27T05:50:02+00:00,168,235,,,600,68,,252,,,,269,289,,,,,,,,160,434,305,375,,,,,,48,943,13,39,,,,,,,139,142,,102,,,,,,,,,357,,,,19,,,75,,,,96,82,,234,,,18,,,,312,,,,,,,284,188,123,265,,,,364,,289,394,265,232,584,,290,217,431,259,192,,,216,311,461,,677,,781,257,82,161,270,426,,7,445,67,115,,732,190,278,,,,,,,,,,300,,,,,482,,,,,192,206,,,,,,,272,,,334,,740,,479,,152,,,309,407,,402,,,,922,,612,291,383,,,,,,,,,,,,,131,,260,16,143,910,,,,,,,,,,,,,,,,,116,,,,,96,,,,,,50,,,,,,,,39,217,,,,,,428,,16,99,,,,,139,,,,,115,,,,,,,,,,,,,,,,,458,122,180,247,208,415,,378,64,,,,,,,,,,,,,,,273,315,314,559,279,309,491,107,,210,395,78,,1079,,,,,,,,,,,,,,38,,,,,58,29,,,,,,,,,341,,,338,,,,,,,,,,,,,,,,,,,,,,,,339,132,,123,,121,68,122,476,393,,,258,182,,168,,,7,,161,,,23,144,149,221,87,95,142,460,,,43,,,,,,,,,,,,,,,,,,,,,,,,,,,,,,,,698,,201,,697,,279,234,,284,375,,,102,127,,,,,,74,,,254,112,256,,127,243,202,132,142,,253,174,619,,149,,,,,,,,,,,,,,,,,,,,,,,,,,,,,,,,,,,,,,,,,,,,,,,,,,,,574,,,454,73,319,307,93,564,195,362,323,,334,,,104,89,,,469,,,,,,,,557,,,,,182,,,,,
2026-07-27T05:55:01+00:00,166,232,,,593,66,,251,294,,,266,284,,,121,,,,,159,433,300,372,,,,,,,934,12,38,65,,,,,,136,143,,101,,,,,,,,,355,,,,21,47,,74,,182,21,,,,,81,,,,,,,,,,209,,,,,,,,,,,,,,,,,,,,,,,,,,,,,,,,,,,,,,,,,,,,,,,,,,,,,,,,,,,,,,,,,,,,,,,,,,,,,,,,,,,,,305,400,543,394,60,,,916,,,,377,280,387,946,343,165,384,131,174,147,245,329,139,128,,262,15,139,909,,,,,,,,,,,,,,,,,,,,,,94,,,,,,,,,,,,,,38,211,,,,,,425,,12,95,,,,,136,,,,,114,,,,,,,,,,,,,,,,,445,111,179,243,204,414,,373,,,,,,,,,,,,,,,,269,306,308,554,276,302,478,103,,205,389,69,,1071,,,,352,,,,,,,,,,,,,201,,56,28,,,,,,,,,,,,333,,,,,,,,,,,,5,,,,,,,,,,,,338,,35,,,120,,114,473,391,,,254,180,,169,,,,94,160,274,182,,139,147,217,83,94,,455,,,41,28,275,389,,1094,,2302,,,189,,,,,,,,,,,,,,,,,,,,,,,,,,,,,,,,,,,,,,,,,,,,,,,,,,,,,141,698,252,171,611,120,148,,,,,,,,,,,,,,,,,,,,,,,,,,,,,,,,,,,,,,,,,,,,,,,,,,,,572,,191,456,,317,306,,,190,361,321,,,,158,,88,,190,467,,,,,,,,556,124,,534,,179,61,,,364,
2026-07-27T06:00:01+00:00,,228,,,586,64,,,,355,,264,283,,,120,,,,,,432,294,373,,,98,,,47,932,11,33,64,,,,,,134,144,,,,31,,,,,,,353,,,,,,,72,,,,95,78,,233,,,19,,,,311,6,,152,210,355,225,,181,114,,,,,362,189,283,392,263,228,580,,287,,423,252,191,119,,201,306,453,,,66,768,250,79,146,266,383,,,441,66,113,,721,189,275,534,,,387,,,,,,302,,,,,480,,,,,191,198,,,,,,,271,,,,,736,,459,,,,,302,391,540,387,61,,,909,336,611,287,370,,,,,,,,,,,,,123,,258,15,135,908,,,,,,,,,,,,,,,,,111,,,,,93,,,,,,49,,,,,,,,,210,,,,,,423,,14,,,,,,130,,,,,113,,,,,,,,,,72,,,,,,,440,104,178,241,201,410,,,,,,,,,,,,,,,,,,263,293,302,541,273,291,466,101,,196,383,68,,1062,,,,354,,134,,,,,,,,,,,202,108,,,,,,449,,,,,,,,326,,,,,,,,,,,,4,,,,,,,,,,,,335,,,122,111,118,67,107,,,,,249,178,44,167,,,,91,,272,,,125,143,218,77,85,,436,,140,40,,,,,,,,,,,,,,,,,,,,,,,,,,,,,,,,695,,199,,693,,277,,,281,,,,103,,,,,,,,,,251,111,246,,123,238,198,129,138,695,249,,606,,149,39,139,325,105,126,154,53,,332,363,361,231,,327,60,335,,174,286,,,,,,,,,,,,,,,,,,,,,,,,,,,,,,,,,567,,,455,71,313,,,,,357,320,94,333,,157,102,,,,466,321,,,,,,,555,,,532,,178,,,,,
2026-07-27T06:05:01+00:00,164,224,,,581,,,,296,354,,262,281,,,119,,,,,158,431,290,,381,,,,,46,927,12,32,65,,,,,,132,142,,,,,,,,,,,350,,,,,,,69,,,,96,77,,232,80,,20,,,,304,,,151,,,,,,,,,,,358,182,274,384,256,226,577,68,286,,414,255,188,117,,190,299,446,175,672,65,764,244,81,135,258,353,23,,439,58,,,,,,,,,,,,,,,,,,,,,,,,,,,,,,,,,,,,,,,,,,,,,299,379,535,372,57,,,897,335,606,284,367,277,,906,326,159,376,124,175,141,243,325,126,120,,262,15,132,909,,,,,,,,,,188,,,,,,,110,,,,,94,,,,,,,,,,,,,,,0,,,,,,417,,0,0,,,,,128,,,,,111,,,,,0,,,,,,,,,,,,429,100,176,239,199,409,,363,63,,,,,,,,,,,,,,,261,,299,531,263,289,455,98,,190,378,61,,1055,,,,355,,,,,,,,,,,,,203,107,55,27,,,,,,,,,340,,,323,,,,,,,,,,,,6,,,,,,,,,,,,333,131,33,,110,115,65,99,472,,,,243,175,45,163,,,6,90,156,271,181,19,120,138,214,75,81,,418,,,38,18,262,379,,1087,256,2288,,184,177,,,,,,,,,,,,,,,,,,,,,,681,,195,,,,269,233,479,279,372,,,102,128,,,,,,73,,,236,108,236,,114,230,183,124,137,691,248,170,,118,150,,,,,,,,,,,,,,,,,,,,,,,,,,,,,,,,,,,,,,,,,,,,,,,,,,,,564,138,190,454,69,312,,,,188,356,319,93,,,154,101,87,,186,465,,,,,,,,552,,,528,,177,,,,,
2026-07-27T06:10:02+00:00,162,218,,,575,63,,,295,,,259,279,,,118,,,,,,,286,372,380,,,,,44,920,,31,,238,,,,10,,141,,100,,,,,,,,,351,,,,20,,13,70,,,,95,73,,233,81,38,,,,,300,,,150,212,352,224,281,180,113,,,,,,,,,,,,,,,,,,,,,,,,,,,,,,,,,,,,110,206,706,186,,535,57,,,,,,,,300,,,,,469,,,,,,194,,,,,,,264,,,332,,733,,450,,148,,,296,375,528,365,,,,887,334,602,283,365,,,,,,,,,,,,,117,,,14,131,907,,,,,,,,,,187,,,,,,,109,,,,,93,,,,,,47,,,,,,,,,197,,,,,,408,,10,93,,,,,122,,,,,110,,,,,54,,,,,,,,,,,,427,99,173,240,198,406,,,65,,,,,,,,,,,,,,,258,285,296,520,261,277,449,96,,187,369,59,,1052,,,,,,,,,,,,,,,,,206,105,,26,,,,448,,,,,339,,,322,,,,,,,,,,,,5,,,,,,,,,,,,330,129,32,121,109,113,,96,468,390,,,237,170,43,162,15,,,89,152,270,182,18,118,,212,,78,141,406,,138,36,,,,72,,,,,,,,,,,,,,,,,,,,,,,,,,,,677,,194,,692,,265,231,473,,370,,,101,,,,,,,72,,,235,,231,,,222,178,122,138,688,,,597,,149,,,,,,,,,,,,,,,,,,,,,,,,,,,,,,,,,,,,,,,,,,,,,,,,,,,,562,,191,451,,310,305,,,187,353,,92,331,,153,98,,,,,,,,,,,,551,,,526,,175,60,,,,
2026-07-27T06:15:01+00:00,158,216,,,577,61,,,296,352,,263,275,,,116,,,,,,,277,373,379,,,,,43,918,11,29,,237,,,,9,130,142,,101,,,,,,,,,349,,,,18,48,,72,,,,92,71,,,,,,,,,299,,,151,216,,,,,,,,,,,180,270,380,250,223,572,,,,410,254,186,115,,185,296,442,,669,,,242,80,,257,337,,8,,55,,,,,,,,,,,,,,,,,,,,,,,,,,,,,,,,,,,,,,,,,,,,,292,368,525,346,54,,,881,333,601,282,363,274,386,858,313,,369,119,168,137,240,317,117,112,,263,15,132,908,,,,,,,,,,188,,,,,,,106,,,,,89,,,,,,46,,,,,,,,37,193,,,,,,403,,9,90,,,,,118,,,,,108,,,,,55,,,,,,,,,,,,421,95,171,235,193,404,,357,66,,,,,,,,,,,,,,,255,278,290,511,258,276,442,95,,184,370,57,,1050,,,,354,,,,,,,,,,37,,,205,106,,,,,,,,,,,340,,,,,,,,,,,,,,,6,,,,,,,,,,,,327,,,118,106,,64,87,465,389,,,234,168,40,163,,,5,88,149,,,16,115,,,74,76,139,401,,,35,16,258,371,,1084,249,2275,154,182,173,,,,,,,,,,,,,,,,,,,,,,,,,,,,,,,,,,,,,,,,,,,,,,,,,,,,,139,,247,172,593,119,147,,,,,,,,,,,,,,,,,,,,,,,,,,,,,,,,,,,,,,,,,,,,,,,,,,,,560,,190,,,307,,92,563,184,350,,93,,,152,97,86,,,,320,,,,,,,547,,,524,,,,,,363,
2026-07-27T06:20:01+00:00,159,217,,,,,,250,,351,,262,271,,,,,,,,156,429,274,,,,,,,,916,,27,66,,,,,8,,141,,100,,,,,,,,,347,39,,,,46,,71,,,,94,68,,,80,37,,,,,,,,,215,349,221,280,,112,,,197,,,,,,,,,,,,,,,,,,,,,,,,,,,,,,,,,107,205,693,183,273,534,,,,,,,,,296,,,,,455,,,,,,187,,,,,,,263,,,333,,722,,441,,147,,,293,360,521,329,52,,,872,332,593,,355,,,,,,,,,,,,,109,,264,15,129,905,,,,,,,,181,,,,,,,,,103,,,,,88,,,,,,,,,,,,,,,190,,,,,,396,,8,88,,,,,114,,,,,109,,,,,,,,,,,,,,,,,417,91,168,,192,402,,359,65,,,,,,,,,,,,,,,256,276,284,507,255,271,439,91,,183,364,52,,1047,,,,353,,133,,,,,,,,36,,,,,57,,,,,447,,,,,338,,,323,,,,,,,,,,,,7,,,,,,,,,,,,326,,,117,105,112,62,82,462,386,,,229,167,38,,,,,85,146,,181,14,113,136,,72,74,137,392,,,34,12,255,356,,1082,242,2269,153,180,169,,,,,,,,,,,,,,,,,,,,,,668,,,,691,,262,228,469,278,,,,100,129,,,,,,70,,,231,,226,,113,218,177,120,,687,244,,590,,148,40,127,323,97,121,151,51,,316,362,353,,,326,,326,,168,,,,,,,,,,,,,,,,,,,,,,,,,,,,,,,,,,555,,,450,,304,304,90,562,,349,,,,,150,96,,,185,464,,,,,,,,543,,,523,,,61,,,,
2026-07-27T06:25:02+00:00,156,,,,568,,,251,295,,,261,270,,,115,,,,,,430,269,,,,,,,,913,12,25,,,,,,9,128,,,99,,,,,,,,,,,,,21,,12,,,181,,,64,,,81,36,,,,,295,7,,,214,350,219,277,178,,,,198,,356,170,264,372,245,218,566,67,284,216,396,251,181,113,,181,285,430,,662,67,750,231,,111,252,293,22,,437,50,,204,681,,272,533,,,385,,,,,,,,,,,,,,,,,,,,,,,,,,,,,,,,,,,,,355,526,318,53,,,867,331,594,281,344,271,383,829,306,157,364,117,167,135,238,314,106,110,,263,15,121,904,,,,,,,,182,,,,,,,,,102,,,,,85,,,,,,45,,,,,,,,,185,,,,,,391,,,89,,,,,113,,,,,107,,,,,,,,,,,,,,,,,411,79,166,,191,401,,356,64,,,,,,,,,,,,,,,246,277,274,498,248,269,437,93,,181,358,49,,1039,,,,356,,,,,,,,,,,,,203,102,55,,,,,,,,,,,,,322,,,,,,,,,,,,5,,,,,,,,,,,,323,126,31,,104,111,,75,457,384,,,228,170,39,,,,6,86,,,180,11,112,135,209,70,69,,383,,,32,11,250,349,,1077,238,2267,151,179,162,,,,,,,,,,,,,,,,,,,,,,659,,192,,,,256,223,461,274,369,,,99,125,,,,,,69,,,228,107,214,,105,211,169,115,138,684,242,169,577,118,147,,,,,,,,,,,,,,,,,,,,,,,,,,,,,,,,,,,,,,,,,,,,,,,,,,,,551,139,,445,68,300,303,91,,183,348,318,,,,,94,84,,,465,318,,,,,,,542,,,520,,,,,,363,
2026-07-27T06:30:02+00:00,153,214,,,563,,,250,292,350,,259,263,,,114,,,,,155,428,265,,378,,,,,,911,14,26,,,,,,,125,,,,,30,,,,,,,345,,,,,,11,66,,,,,61,,234,,34,21,,,,,,,,,346,215,276,176,107,263,,,,353,162,260,368,241,215,565,,281,,389,250,,112,,180,,427,174,655,,746,224,,107,247,272,,9,436,,,,,,,,,,,,,,,,292,,,,,448,,,,,192,180,,,,,,,,,,332,,721,,430,,145,,,291,349,528,308,52,,,850,329,591,280,336,,,,,,,,,,,,,109,,262,15,,899,,,,,,,,181,,,,,,,,,,,,,,84,,,,,,46,,,,,,,,,189,,,,,,,,,,,,,,,,,,,106,,,,,,,,,,,,,,,,,406,,163,233,190,400,,353,63,,,,,,,,,,,,,,,242,271,272,490,245,263,432,94,,179,353,51,,1035,,,,355,,134,,,,,,,,,,,202,103,,24,,,,446,,,,,337,,,318,,,,,,,,,,,,6,,,,,,,,,,,,315,125,29,116,103,110,,72,456,,,,223,167,34,162,,,,85,142,271,179,8,111,133,205,66,66,,370,,,,8,247,348,71,1072,231,2257,152,176,159,,,,,,,,,,,,,,,,,,,,,,,,,,,,,,,,,,,,,,,,,,,,,,,,,,,,,,681,241,167,568,,146,,,,,,,,,,,,,,,,,,,,,,,,,,,,,,,,,,,,,,,,,,,,,,,,,,,,542,138,,443,,299,,89,561,181,,314,94,,,,92,85,,183,463,317,,,,,,,,,,516,,,,,,362,
2026-07-27T06:35:02+00:00,151,210,,,562,,,248,291,352,,256,260,,,113,,,,,154,,262,372,,,,,,44,905,13,22,,239,,,,,,142,,98,,,,,,,,,343,40,,,,48,,68,,,,,60,,,82,33,,129,,,,,,,,,,,,,,,,,,,,,,,,,,,,,,,,,,,,,,,,,,,,,,,,108,205,672,182,271,,,,387,,,,,,,,,,,,,,,,,,,,,,,,,,,,,,,,,,,,,343,529,302,,,,842,328,589,278,326,270,374,809,290,155,357,110,162,133,236,305,92,,,263,14,116,900,,,,,,,,,,187,,,,,,,104,,,,,81,,,,,,47,,,,,,,,35,179,,,,,,385,,,,140,,,,111,,,,,,,,,,56,,,,,,,,,,,,401,76,162,228,183,395,,357,61,,,,,,,,,,,,,,,240,267,271,481,243,258,428,90,,177,,44,,1032,,,,354,,133,,,,,,,,35,,,,,53,25,,,,,,,,,338,,,317,,,,,,,,,,,,8,,,,,,,,,,,,312,124,,,101,107,,70,454,380,,,220,164,35,,,,,83,141,266,,6,109,,203,,64,,366,,,30,2,238,327,70,1064,229,2250,153,171,148,,,,,,,,,,,,,,,,,,,,,,652,,190,,688,,251,,454,,,,,97,123,,,,,,,,,221,104,208,149,92,198,,114,136,674,238,165,570,,140,39,115,319,90,117,,50,,308,357,344,227,,325,,316,,163,280,,,,,,,,,,,,,,,,,,,,,,,,,,,,,,,,,533,139,191,441,67,295,304,88,560,180,346,309,,333,,,91,84,,182,466,318,,,,,,,540,,,,,173,60,,,360,
2026-07-27T06:40:02+00:00,152,204,,,,59,,249,290,,,249,259,,,,,,,,,,255,374,,,,,,43,903,12,,,,,,,,,140,,97,,29,,,,,,,338,,,,,,,64,,,,,58,,,81,34,,,,,291,10,,150,212,,214,275,,108,,,,,349,160,252,362,231,212,556,66,280,215,376,243,182,108,,170,281,428,,647,68,742,210,76,97,237,252,,,432,44,,,,,,,,,,,,,,,287,,,,,444,,,,,191,177,,,,,,,257,,,331,,713,,404,,146,,,289,340,,293,50,,,834,,582,274,319,,,,,,,,,,,,,108,,266,14,114,899,,,,,,,,,,189,,,,,,,102,,,,,80,,,,,,46,,,,,,,,,181,,,,,,379,,10,87,,,,,107,,,,,104,,,,,,,,,,,,,,,,167,397,70,,230,181,393,,,59,8,,,,,,,,,,,,,,235,263,264,477,240,247,425,89,,170,350,40,,1029,,,,,,,,,,,,,,36,,,199,102,52,24,,,,,,,,,337,,,318,,,,,,,,,,,,5,,,,,,,,,,,,311,,,115,100,,61,62,452,377,,,,161,34,159,,,,,139,,,4,,131,202,65,58,139,363,,,29,,,,,,,,,,,,,,,,,,,,,,,,,,,,,,,,,,,,,,,,,,,,,,,,,,,,,,,,,,,,,,,133,673,236,163,568,119,138,,,,,,,,,,,,,,,,,,,,,,,,,,,,,,,,,,,,,,,,,,,,,,,,,,,,528,140,,440,,292,301,,559,179,343,308,95,336,,151,92,82,,181,,316,,,,,,,536,,,510,,172,,,,,
2026-07-27T06:45:02+00:00,150,,,,559,60,,,289,353,,241,255,,,112,,,,,153,425,252,373,377,,99,,,42,902,,21,,238,,,,,124,141,,96,,,,,,,,,334,38,,,,,,60,,,,96,55,84,,,,,,,,286,11,,151,211,,,,,,,,,,342,151,249,352,222,209,550,65,276,,363,241,178,106,,153,279,422,173,634,66,733,187,79,88,233,232,,,428,42,,204,657,179,270,,,,385,,,,,,,,,,,,,,,,,,,,,,,,,,,,,,,,,,,,287,336,526,284,46,,,820,326,575,269,308,268,372,773,276,153,350,106,164,,232,302,84,103,,,14,109,894,,,,,,,,,,,,,,,,,,,,,,77,,,,,,45,,,,,,,,,183,,,,,,373,,9,86,,,,,105,,,,,,,,,,,,,,,,,,,,,,393,69,158,227,180,389,,359,58,,,,,,,,,,,,,,,229,254,257,470,239,246,419,86,,163,344,42,,1028,,,,,,,,,,,,,,,,,198,101,,,,,,,,,,,339,,,313,,,,,,,,,,,,4,,,,,,,,,,,,307,122,28,116,96,106,,50,441,371,,,217,155,32,158,,,,,137,,178,,107,128,201,64,52,138,361,,,28,0,231,303,69,1054,212,2245,152,168,136,,,,,,,,,,,,,,,,,,,,,,643,,188,,687,,,221,451,,370,,,98,122,,,,,,70,,,220,,201,147,90,196,165,112,130,663,234,165,562,120,135,,,,,,,,,,,,,,,,,,,,,,,,,,,,,,,,,,,,,,,,,,,,,,,,,,,,526,141,,436,68,288,,,558,177,340,306,93,335,,147,93,83,,179,463,315,,,,,,,534,123,,507,,170,61,,,,
2026-07-27T06:50:01+00:00,147,202,,,555,,,,287,352,,,254,,,,,,,,151,,,374,375,,,,,,895,13,22,,239,,,,,,139,,,,,,,,,,,329,,,,,47,,55,,,,,,,233,82,31,,,,,283,,,153,210,348,210,268,175,,259,,197,,,,,,,,,,,,,,,,,,,,,,,,,,,,,,,,,,,,,,,,,,,,,,,284,,,,,437,,,,,188,171,,,,,,,254,,,328,,703,,391,,143,,,285,333,523,277,44,,,814,324,571,267,301,,,,,,,,,,,,,98,,263,15,100,886,,,,,,,,180,,187,,,,,,,96,,,,,,,,,,,44,,,,,,,,,170,,,,,,364,,,87,,,,,98,,,,,101,,,,,,,,,,,,,,,,,389,68,157,,175,,,358,,,,,,,,,,,,,,,,224,248,258,466,238,243,407,,,154,335,36,,1019,,,,,,132,,,,,,,,,,,201,98,,,,,,,,,,,338,,,303,,,,,,,,,,,,,,,,,,,,,,,,310,120,,114,94,104,,44,436,367,,,,,35,159,,,,84,134,265,,5,105,125,197,62,47,135,359,,139,,,,,,,,,,,,,,,,,,,,,,,,,,,,,,,,,640,,185,,689,,248,216,450,273,369,,,99,123,,,,,,68,,,218,,196,,86,192,162,,,649,232,164,556,119,128,36,111,311,81,110,147,48,,295,350,335,223,,,61,312,,155,272,,,,,,,,,,,,,,,,,,,,,,,,,,,,,,,,,521,138,190,432,66,286,299,89,559,175,339,305,95,336,,146,,82,,177,459,,,,,,,,532,122,,506,,,58,,,,
2026-07-27T06:55:01+00:00,145,197,,148,548,61,,248,286,353,,240,,,,110,,,,,,424,239,376,374,,,,,,892,14,19,64,240,,,,,120,,,97,,27,,,,,,,,,,,17,46,,58,,,,93,51,,,,,,,,,285,15,,,,,,,,,,,,,339,148,247,349,220,204,543,64,275,214,353,,177,104,,151,273,419,,633,65,,180,,87,230,222,,,429,,107,202,643,177,267,532,,,,,,,,,,,,,,,,,,,,,,,,,,,,,,,,,,,,,,,,325,520,270,43,,,805,323,569,262,,264,369,746,268,152,343,100,159,,231,296,76,95,,,15,94,885,,,,,,,,,,185,,,,,,,95,,,,,75,,,,,,,,,,,,,,,168,,,,,,361,,6,,,,,,91,,,,,,,,,,,,,,,,,,,,,166,385,65,,225,172,386,,355,53,,,,,,,,,,,,,,,225,241,256,454,,235,401,85,,,330,34,,1014,,,,353,,133,,,,,,,,,,,202,,,22,,,,447,,,,,337,,,,,,,,,,,,,,,5,,,,,,,,,,,,308,118,,,92,103,,39,432,366,,,214,,30,160,,,,,132,261,176,2,104,123,191,61,39,133,357,,,26,,,273,,1047,196,2257,151,162,125,,,,,,,,,,,,,,,,,,,,,,634,76,179,,687,,247,213,443,271,366,,,98,120,,,,,,67,,,217,103,190,146,78,186,158,110,127,641,231,161,552,,127,,,,,,,,,,,,,,,,,,,,,,,,,,,,,,,,,,,,,,,,,,,,,,,,,,,,511,,189,429,64,282,,,558,171,338,,96,,,,94,81,,175,456,,,,,,,,529,121,,500,,168,,,,,
2026-07-27T07:00:02+00:00,,193,,,546,59,,,285,350,,237,,,,109,,,,,149,422,233,375,372,,,,,41,888,12,16,63,241,,,,,125,141,,,,29,,,,,,,328,,,,15,44,10,54,,,,94,48,,,,30,,,,,283,,,,211,352,206,266,171,107,256,,,,336,117,237,342,208,198,536,,326,,338,236,174,102,,138,261,411,,630,64,726,163,80,84,224,204,,,426,37,,,,,,,,,,,,,,,282,,,,,426,,,,,186,167,,,,,,,253,,,324,,699,,385,,141,,,283,324,518,260,45,,,794,324,564,258,296,,,,,,,,,,,,,90,,259,14,91,874,,,,,,,,179,,183,,,,,,,94,,,,,73,,,,,,43,,,,,,,,,159,,,,,,356,,,89,,,,,89,,,,,102,,,,,,,,,,,,,,,,,381,63,,226,169,387,,358,54,,,,,,,,,,,,,,,219,237,255,452,236,232,,,,150,327,36,,1013,,,,,,134,,,,,,,,35,,,201,97,51,,,,,446,,,,,,,,302,,,,,,,,,,,,,,,,,,,,,,,,303,115,26,113,,,62,34,428,363,,,210,153,,161,,,,,129,259,175,0,102,121,183,56,38,134,353,,,27,,226,267,,1037,188,2251,150,158,121,,,,,,,,,,,,,,,,,,,,,,628,,178,,685,,245,212,440,272,363,,,97,,,,,,,65,,,216,99,184,,79,184,151,108,,640,227,153,544,,121,,,,,,,,,,,,,,,,,,,,,,,,,,,,,,,,,,,,,,,,,,,,,,,,,,,,505,,188,424,65,276,298,,,169,335,304,,,,144,93,85,,171,457,314,,,,,,,527,,,498,,166,55,,,361,
2026-07-27T07:05:01+00:00,147,191,,,539,61,,,284,345,,231,251,,,108,,,,,148,421,227,376,369,,98,,,42,885,13,13,62,,,248,,8,,,,,,,,,,,,,329,,,,16,46,9,49,,,,93,47,,234,,32,,,,,,16,,,209,,,,,,,,,,,,,,,,,,,,,,,,,,,,,,,,,,,,,,,,,106,200,637,,265,533,,,386,,,,,,,,,,,,,,,,,,,,,,,,244,,,318,,694,,388,,139,,,279,316,515,253,44,,,787,321,553,251,291,262,363,725,260,151,334,99,157,132,228,293,68,86,,262,14,87,871,,,,,,,,,,181,,,,,,,,,,,,69,,,,,,42,,,,,,,,34,156,,,,,,355,,5,88,,,,,82,,,,,101,,,,,,,,,,,,,,,,167,375,56,156,223,170,384,,361,50,7,,,,,,,,,,,,,,214,231,253,442,232,230,396,83,,145,324,41,,1009,,,,,,135,,,,,,,,,,,202,,,,,,,,,,,,,,,301,,,,,,,,,,,,6,,,,,,,,,,,,304,114,,,91,,61,30,425,358,,,208,,28,164,14,,,,128,258,172,,,116,177,55,,132,351,,,28,,,,,,,,,,,,,,,,,,,,,,,,,,,,,,,,,,,,,,,,,,,,,,,,,,,,,,,,,,,,,,,124,631,223,154,542,,116,35,110,307,69,106,146,,,289,346,326,220,,,54,294,,,268,,,,,,,,,,,,,,,,,,,,,,,,,,,,,,,,,498,136,,422,64,273,296,,,167,333,,,,,,,86,,169,,311,,,,,,,525,,,497,,165,53,,,362,
2026-07-27T07:10:02+00:00,143,,,146,,60,,247,282,,,230,252,,,,,,,,147,419,223,377,,,,,,,879,12,6,63,,,,,,123,143,,98,,,,,,,,,,,,,12,47,10,,,,20,91,46,83,233,,31,,,,,,,,155,207,340,195,264,170,105,255,,,,335,113,236,337,206,195,533,65,322,,333,234,175,99,111,134,255,404,172,627,62,720,159,82,82,221,181,,,422,31,,,,,,,,,,,,,,,275,,,,,413,,,,,184,164,,,,,,,,,,,,,,,,,,,280,313,513,242,,,,778,322,538,248,283,,,,,,,,,,,,,87,,264,14,82,863,,,,,,,,,,179,,,,,,,92,,,,,66,,,,,,,,,,,,,,,140,,,,,,352,,3,85,141,,,,77,,,,,100,,,,,55,,,,,71,,,,,,,,55,153,220,171,381,,359,49,,,,,,,,,,,,,,,208,225,248,439,231,229,394,82,,141,320,42,,1008,,,,354,,133,,,,,,,,,,,204,95,49,21,,,,,,,,,335,,,299,,,,,,,,,,,,,,,,,,,,,,,,,111,,111,,,,26,424,,,,,,29,,,,,,127,253,,1,101,115,173,,36,131,,,141,27,,224,265,,1031,178,2246,,155,110,,,,,,,,,,,,,,,,,,,,,,623,,179,,682,,242,211,436,,358,,,96,119,,,,,,64,,,207,,176,144,81,174,145,107,119,621,219,153,538,118,,,,,,,,,,,,,,,,,,,,,,,,,,,,,,,,,,,,,,,,,,,,,,,,,,,,,491,,138,418,,270,295,90,557,166,332,,,334,,142,88,,,167,454,307,,,,,,,521,,,495,,,52,,,359,
2026-07-27T07:15:02+00:00,142,,,145,533,61,,242,274,346,,235,253,,,,,,,,146,414,220,376,370,,,,,,873,15,7,62,242,,,,,121,,,,,,,,,,,,,37,,,,48,,47,,,,90,45,82,,,34,,,,,279,17,,,,337,192,262,169,106,,,195,,334,112,227,333,199,192,530,64,323,,322,231,170,98,110,131,,400,,621,63,,151,85,77,219,182,,,421,,107,196,630,171,266,531,,,383,,,,,,,,,,,411,,,,,182,161,,,,,,,243,,,317,,689,,381,,,,,281,311,512,235,46,,,776,,528,247,269,259,357,718,255,,,,156,,231,292,62,79,,,14,81,850,,,,,,,,,,177,,,,,,,,,,,,,,,,,,,,,,,,,,,139,,,,,,344,,,83,,,,,72,,,,,,,,,,,,,,,,,,,,,,362,47,151,214,168,373,,365,48,,,,,,,,,,,,,,,203,218,245,430,230,225,391,,,,316,41,,,,,,,,134,,,,,,,,,,,201,94,47,19,,,,447,,,,,336,,,294,,,,,,,,,,,,7,,,,,,,,,,,,303,108,24,109,88,,,,420,355,,,,152,35,159,,,,83,123,250,170,0,,117,167,,32,127,350,,,26,,221,260,67,1022,175,2243,151,151,107,,,,,,,,,,,,,,,,,,,,,,619,75,,,680,,238,210,433,,357,,,97,,,,,,,,,,206,98,175,143,78,171,140,108,115,617,216,154,534,117,115,,,,,,,,,,,,,,,,,,,,,,,,,,,,,,,,,,,,,,,,,,,,,,,,,,,,483,,,,60,259,293,91,,161,,303,99,,,141,89,,,166,451,306,,,,,,,516,,,490,,,50,,,360,
2026-07-27T07:20:02+00:00,141,192,,,528,,,237,271,344,,229,250,,,,,,,,145,415,218,378,368,,,,,43,869,,9,,246,,,,,118,144,,100,,30,,,,,,,,,,,14,47,9,44,,180,,89,46,83,,81,35,,,,,278,,,,212,,,,,,,,,,,,,,,,,,,,,,,,,,,,,,,,,,,,,,,,,,,,,,,,,,,,,,,,,,,,,,,,,,,,,,,,,,,,,,,,,,,,,280,304,509,236,47,,,771,321,518,245,267,,,,,,,,,,,,,77,,259,14,79,843,,,,,,,,,,175,,,,,,,,,,,,65,,,,,,35,,,,,,,,,126,,,,,,342,,4,81,,,,,73,,,,,97,,,,,,,,,,,,,,,,,359,44,,212,163,367,,363,,,,,,,,,,,,,,,,208,213,,420,228,224,390,,,137,313,35,,,,,,,,,,,,,,,,,,,,,44,,,,,446,,,,,333,,,296,,,,,,,,,,,,6,,,,,,,,,,,,300,,25,,85,,,23,417,348,,,209,146,37,157,,,,,122,249,168,,102,115,166,,31,123,348,,140,23,,222,247,66,1001,,2245,,,97,,,,,,,,,,,,,,,,,,,,,,605,74,177,,677,,236,208,428,,355,,,95,118,,,,,,63,,,203,96,173,144,65,,136,102,114,612,211,148,522,119,113,34,104,304,61,99,145,47,,281,341,316,218,,326,50,282,,145,262,,,,,,,,,,,,,,,,,,,,,,,,,,,,,,,,,482,135,,414,59,256,,,558,159,328,302,,,,,88,87,,164,453,304,,,,,,,514,,,486,,162,52,,,,
2026-07-27T07:25:01+00:00,138,191,,,523,63,,231,262,342,,227,247,,,107,,,,,144,,215,375,,,99,,,,864,16,10,61,247,,245,,,,145,,,,,,,,,,,327,36,,,13,46,,39,,,,87,45,82,,,36,,,,,276,16,,,,326,185,256,,102,252,,,,330,105,224,327,190,187,521,61,317,215,327,227,160,97,,124,254,388,171,613,60,697,141,,73,212,173,,,420,28,108,193,625,,267,529,,,382,,,,,,270,,,,,405,,,,,181,158,,,,,,,233,,,320,,684,,373,,138,,,279,300,506,225,45,,,769,317,513,246,261,,,706,250,,333,94,154,,228,285,66,72,,262,14,80,828,,,,,,,,,,177,,,,,,,,,,,,64,,,,,,,,,,,,,,,125,,,,,,338,,3,78,,,,,66,,,,,,,,,,56,,,,,,,,,,,,353,45,150,210,158,365,,354,44,6,,,,,,,,,,,,,,,205,,416,,219,387,,,138,311,37,,1004,,,,,,,,,,,,,,,,,200,,,,,,,447,,,,,332,,,294,,,,,,,,,,,,,,,,,,,,,,,,306,106,,107,84,,62,22,415,,,38,210,147,38,153,,,,82,121,248,,,,116,163,54,28,,347,,,21,,221,250,,997,171,2248,,149,89,,,,,,,,,,,,,,,,,,,,,,,,174,,,,,,,,,,,94,117,,,,,,,,,201,95,,,,165,134,,112,600,206,150,515,118,108,,,,,,,,,,,,,,,,,,,,,,,,,,,,,,,,,,,,,,,,,,,,,,,,,,,,479,136,,416,,261,292,93,559,160,326,301,,,,138,89,86,,158,,305,,,,,,,513,,,479,,,51,,,356,
2026-07-27T07:30:01+00:00,,189,,,516,65,,,256,343,,225,241,,,,,,,,141,414,214,372,364,,,,,,857,17,8,59,246,,244,,9,117,144,,101,,,,,,,,,,,,,14,,,35,,,,,,,234,80,34,,,,,279,,,153,210,,,,,,,,,,,,,,,,,,,,,,,,,,,,,,,,,,,,,,,,,,,,,,,,,,,,,,,,,,,,,,,,,,,,,,,,,,,,,,,,,,,,,,295,505,224,46,,,766,,506,244,252,,,,,,,,,,,,,81,,260,15,77,813,,,,,,,,,,176,,,,,,,,,,,,,,,,,,34,,,,,,,,33,127,,,,,,,,7,81,139,,,,62,,,,,,,,,,,,,,,,,,,,,,348,44,152,,155,,,350,43,,,,,,,,,,,,,,,205,192,243,408,,,382,81,,139,305,40,,1002,,,,,,,,,,,,,,36,,,198,,43,20,,,,448,,,,,333,,,290,,,,,,,,,,,,,,,,,,,,,,,,307,103,24,105,,102,65,23,413,345,,,209,146,,151,,,,81,,238,165,,103,112,159,53,,122,345,,139,,,,,,,,,,,,,,,,,,,,,,,,,,,,,,,,,601,,170,,675,,233,210,425,273,,,,,118,,,,,,64,,,197,94,163,143,64,155,128,100,109,596,,158,511,,104,,,,,,,,,,,,,,,,,,,,,,,,,,,,,,,,,,,,,,,,,,,,,,,,,,,,475,,,,,259,290,91,558,159,322,299,,333,,137,,87,,,454,304,,,,,,,,,,474,,161,50,,,352,
2026-07-27T07:35:01+00:00,139,187,57,143,513,67,,225,254,,,222,239,,,108,,,,,140,,208,,361,,,,,44,847,,2,60,245,,239,,,120,,,104,,29,,,,,,,329,35,,,20,47,8,33,,,21,84,42,,,81,35,,,,,,,,,209,324,173,251,162,,250,,,,327,100,218,323,187,185,514,60,314,214,323,222,155,,109,109,251,379,170,604,,682,140,88,66,211,150,23,,416,27,104,189,615,168,266,525,,,381,,,,,,271,,,,,398,,,,,176,156,,,,,,,226,,,317,,674,,361,,135,,,280,,504,225,41,,,760,315,500,240,248,,354,693,246,,325,97,153,,,,60,75,,255,15,74,801,,,,,,,,,,178,,,,,,,94,,,,,63,,,,,,,,,,,,,,32,129,,,,,,331,,10,84,,,,,60,,,,,93,,,,,,,,,,,,,,,,,339,43,151,207,156,363,,342,40,5,,,,,,,,,,,,,,201,187,237,401,227,221,379,80,,145,298,28,,,,,,352,,133,,,,,,,,,,,200,93,41,22,,,,,,,,,334,,,,,,,,,,,,,,,,,,,,,,,,,,,306,104,25,102,82,101,,22,412,344,,,208,147,36,,,,,,,231,163,1,,110,157,,29,,,,138,20,,222,233,,976,164,2244,,144,83,,,,,,,,,,,,,,,,,,,,,,596,71,166,,676,,228,208,214,272,351,,,91,114,,,,,,60,,,191,91,164,141,55,145,,,106,579,202,157,500,119,100,,,,,,,,,,,,,,,,,,,,,,,,,,,,,,,,,,,,,,,,,,,,,,,,,,,,468,,139,412,,254,289,,,158,318,300,97,334,,135,,86,,157,455,303,,,,,,,512,,,470,,,,,,350,
2026-07-27T07:40:01+00:00,138,182,,,504,68,,219,252,341,,219,238,,,107,,,,,138,413,206,373,358,,,,,,838,15,0,61,,,237,,8,,,,105,,28,,,,,,,327,,,,17,46,9,29,,,,81,43,,,87,,,,,,,17,,148,,326,171,246,,101,247,,,,326,99,214,319,182,183,513,59,311,,316,219,156,96,,103,,374,168,600,59,669,136,87,65,210,133,,8,419,,,,,166,261,524,,,,,,,,,267,,,,,396,,,,,175,157,,,,,,,222,,,316,,669,,355,,132,,,277,292,502,215,42,,,757,313,488,242,243,,,,,,,,,,,,,74,,254,15,70,787,,,,,,,,,,176,,,,,,,93,,,,,64,,,,,,,,,,,,,,,125,,,,,,328,,12,,,,,,59,,,,,91,,,,,,,,,,,,,,,,,333,46,150,204,159,359,,339,36,,,,,,,,,,,,,,,204,176,236,388,225,215,378,79,,142,297,36,,1003,,,,353,,134,,,,,,,,,,,,,,19,,,,450,,,,,332,,,289,,,,,,,,,,,,5,,,,,,,,,,,,302,103,26,101,80,100,67,21,403,339,,,204,146,33,,,,,,,222,161,0,,106,,52,,120,343,,,21,,,,67,,,,,,,,,,,,,,,,,,,,,,,,,,,,587,70,164,,672,,227,201,209,,,,,90,115,,,,,,59,,,189,90,157,140,50,139,126,99,102,577,200,153,494,,97,33,101,306,51,93,144,38,,274,333,300,214,,,51,269,,141,257,,,,,,,,,,,,,,,,,,,,,,,,,,,,,,,,,465,135,,411,56,250,286,90,557,156,319,301,95,,,132,,,,158,453,298,,,,,,,509,,,468,,160,49,,,346,
2026-07-27T07:45:01+00:00,137,183,,,499,66,,211,247,339,,217,236,,,,,,,,134,,203,372,355,,,,,43,835,16,,,247,,232,,,117,143,,107,,,,,,,,,325,36,,,18,47,10,,,179,,79,40,,,,36,,128,,,,,,149,210,,,,,,,,,,,93,208,308,177,180,507,58,310,,311,216,147,95,,98,248,360,167,590,55,653,132,,61,205,136,,9,417,26,,,,,,,,,,,,,,,,,,,,,,,,,,,,,,,,,213,,,315,,661,,345,,130,,,278,290,501,214,41,,,758,312,479,,234,254,,680,243,149,322,,150,129,227,276,58,68,,249,15,66,773,,,,,,,,,,177,,,,,,,91,,,,,,,,,,,32,,,,,,,,31,116,,,,,,320,,,,,,,,53,,,,,90,,,,,,,,,,70,,,,,,168,323,50,151,,157,358,,332,32,,,,,,,,,,,,,,,205,161,,383,223,212,376,80,,139,298,34,,1000,,,,351,,,,,,,,,,,,,,92,39,,,,,,,,,,329,,,288,,,,,,,,,,,,,,,,,,,,,,,,,100,27,98,,104,,20,399,335,,,202,144,31,,,,,,,219,158,1,101,104,156,,30,121,341,,,19,,218,216,66,959,160,2239,150,146,69,,,,,,,,,,,,,,,,,,,,,,,,,,,,,,,,,,,,,,,,,,,,,,,,,,,,,100,562,196,152,483,120,91,,,,,,,,,,,,,,,,,,,,,,,,,,,,,,,,,,,,,,,,,,,,,,,,,,,,462,136,138,407,,248,285,88,,157,317,,94,335,,,,85,,,448,299,,,,,,,503,120,,458,,159,48,,,340,
2026-07-27T07:50:01+00:00,136,,,,498,61,,198,244,336,,209,228,,,105,,,,,131,,198,,350,,96,,,42,833,,,60,249,,230,,7,116,144,,108,,,,,,,,,,37,,,16,46,,28,,178,,,41,81,,,,,,,,260,,,148,,322,172,243,154,96,241,,,,,,,,,,,,,,,,,,,,,,,,,,,,,,,,,,,101,184,603,161,258,521,,,382,,,,,,255,,,,,393,,,,,174,154,,,,,,,,,,,,,,,,,,,276,295,500,210,40,,,757,309,472,241,230,,,,,,,,,,,,,60,,246,15,61,756,,,,,,,,180,,,,,,,,,89,,,,,,,,,,,,,,,,,,,30,93,,,,,,309,,13,82,,,,,40,,,,,88,,,,,55,,,,,,,,,,,,,42,,201,154,355,,330,28,,,,,,,,,,,,,,,206,152,234,380,220,207,370,,,138,300,28,,998,,,,353,,,,,,,,,,,,,198,93,36,,,,,,,,,,330,,,285,,,,,,,,,,,,6,,,,,,,,,,,,299,,25,96,74,102,,,397,327,,,197,142,30,,,,5,,120,216,154,0,,102,153,53,27,117,337,40,,21,,,,,,,,,,,,,,,,,,,,,,,,,,,,,,,,580,,,,,,223,202,182,270,350,,,88,114,,,,,,,,,187,89,141,138,47,131,124,95,98,549,194,147,477,119,81,,,,,,,,,,,,,,,,,,,,,,,,,,,,,,,,,,,,,,,,,,,,,,,,,,,,460,135,136,404,54,250,282,86,556,155,313,300,95,334,,,87,84,,156,444,298,,,,,,,502,118,,454,,156,,,,339,
2026-07-27T07:55:02+00:00,135,,,,495,,,193,237,338,,205,226,,,104,,,,,126,412,195,368,341,,95,,,41,824,,,58,248,,224,,8,,,,106,,,,,,,139,,,35,,,21,45,11,25,,,22,,38,,235,86,33,,,,,255,19,,149,211,,,,,,,,,,,92,203,297,174,178,498,57,309,,301,214,143,,,94,247,357,,,54,,128,88,60,199,134,,10,,24,,,,,,,,,,,,,,,,,,,,,,,,,,,,,,,,,209,,,314,,653,,334,,129,,,274,292,,207,41,,,,308,464,237,218,,355,670,235,150,321,98,,,224,270,45,58,,242,15,56,732,,,,,,,,,,171,,,,,,,90,,,,,,,,,,,31,,,,,,,,,82,,,,,,303,,12,,138,,,,37,,,,,,,,,,,,,,,,,,,,,167,312,41,150,190,,348,,333,26,,,,,,,,,,,,,,,203,138,228,375,,209,365,,,130,292,29,,997,,,,352,,135,,,,,,,,,,,197,94,,16,,,,448,,,,,,,,286,,,,,,,,,,,,,,,,,,,,,,,,,97,,,72,100,66,10,394,317,,,196,141,25,,,,,80,119,211,149,,97,101,149,52,24,113,334,41,139,,,212,206,67,950,150,2234,147,383,61,,,,,,,,,,,,,,,,,,,,,,561,68,160,,,,221,198,173,268,349,,,84,112,,,,,,55,,,181,81,133,135,33,124,115,90,95,528,191,141,460,,70,32,,307,,86,142,39,,268,325,281,212,,323,52,259,,138,245,,,,,,,,,,,,,,,,,,,,,,,,,,,,,,,,,455,138,135,400,53,,281,,554,145,310,299,,,,,,81,,153,447,299,,,,,,,498,,,448,,155,,,,,
2026-07-27T08:00:02+00:00,134,182,,,491,58,,188,232,,,202,,,,,,,,,125,408,188,367,335,,,,,,814,,,,247,,,,,115,143,,,,,,,,,,,323,36,,,,,12,23,,,,76,35,82,,,34,,127,,,250,,,150,212,320,154,232,148,89,231,,,,325,94,199,289,172,,486,54,,,294,,134,,,90,244,348,,588,53,647,127,89,,197,116,,,419,20,97,173,584,154,260,520,,,381,,,,,,246,,,,,391,,,,,171,147,,,,,,,204,,,312,,642,,317,,127,,,272,291,499,201,40,,,750,304,448,231,210,,,,,,,,,,,,,53,,233,15,47,708,,,,,,,,,,168,,,,,,,88,,,,,62,,,,,,28,,,,,,,,,71,,,,,,294,,11,83,,,,,34,,,,,,,,,,,,,,,,,,,,,166,303,39,,187,149,347,,328,25,,,,,,,,,,,,,,,198,127,223,364,,207,366,,,,283,28,,994,,,,349,,,,,,,,,,35,,,196,,,14,,,,449,,,,,,,,280,,,,,,,,,,,,5,,,,,,,,,,,,301,94,,,69,99,,8,389,303,,,200,138,,150,,,,66,118,197,145,,,98,143,,22,114,333,,,20,,204,172,,922,136,2226,146,153,52,,,,,,,,,,,,,,,,,,,,,,,,,,,,,,,,,,,,,,,,,,,,,,,,,,,,,,514,187,128,442,118,68,,,,,,,,,,,,,,,,,,,,,,,,,,,,,,,,,,,,,,,,,,,,,,,,,,,,453,137,137,396,,244,277,87,552,134,300,,,333,,,,80,,148,,300,,,,,,,495,,,435,,152,47,,,324,
2026-07-27T08:05:02+00:00,135,183,58,,485,57,,177,218,336,,199,221,,,,,,,,120,407,185,361,323,,,,,40,808,,,55,246,,220,,,116,144,,,,,,,,,,,322,35,,,,46,,25,,179,21,,30,81,,87,33,,,,,248,18,,151,209,,,,,,,,,,,,,,,,,,,,,,,,,,,,,,,,,,,,,,,,,,,,,,,,,,,,,,,,,,,,,,,,,,,,,,,,,206,,,309,,629,,300,,125,,,271,292,498,198,38,,,745,302,441,,203,,359,668,229,,316,117,149,158,259,328,64,47,,229,15,46,676,,,,,,,,179,,169,,,,,,,85,,,,,61,,,,,,27,,,,,,,,29,64,,,,,,289,,10,82,,,,,32,,,,,,,,,,,,,,,,,,,,,,294,36,152,177,147,332,,331,28,,,,,,,,,,,,,,,194,111,221,355,217,202,350,79,,126,285,26,,993,,,,350,,,,,,,,,,,,,,,34,13,,,,450,,,,,329,,,282,,,,,,,,,,,,,,,,,,,,,,,,302,92,,,65,98,65,7,387,298,,,201,,28,148,,,4,,,195,140,,,96,142,,23,115,329,,,19,,,164,66,,126,2225,145,,48,,,,,,,,,,,,,,,,,,,,,,547,69,155,,668,,218,193,147,262,347,,,83,,,,,,,52,,,175,84,125,129,23,112,114,93,92,509,180,117,433,,62,,,,,,,,,,,,,,,,,,,,,,,,,,,,,,,,,,,,,,,,,,,,,,,,,,,,450,136,134,391,51,239,273,85,550,130,292,298,,,,135,86,,,,446,299,,,,,,,490,,,425,,149,48,,,311,
2026-07-27T08:10:01+00:00,131,181,,,488,,,169,213,334,,191,220,,,103,,,,,119,408,181,357,312,,94,,,39,793,15,,,245,,218,,,115,,,107,,27,,,,,140,,324,36,,,24,,,15,,178,,79,26,,234,89,34,,,,,246,,,,,316,145,218,,86,,,,,322,88,191,281,166,177,473,52,308,,276,213,128,94,108,84,235,333,166,584,50,639,119,86,51,194,108,,,,22,92,167,562,150,257,518,56,,379,,,,,,236,,,,,389,,,,,162,142,,,,,,,,,,,,,,,,,,,,294,499,185,37,,,737,303,427,226,201,,,,,,,,,,,,,50,,226,13,42,652,,,,,,,,,,,,,,,,,84,,,,,58,,,,,,24,,,,,,,,28,47,,,,,,279,,7,78,137,,,,22,,,,,86,,,,,,,,,,,,,,,,,285,33,150,171,148,326,,326,,,,,,,,,,,,,,,,190,94,219,343,,200,,78,,130,279,29,,994,,,,347,,134,,,,,,,,,,,199,91,35,,,,,449,,,,,328,,,281,,,,,,,,,,,,,,,,,,,,,,,,301,90,24,95,62,99,60,5,385,286,,39,199,133,27,145,,,,65,,187,131,,96,88,139,,22,,327,40,137,18,,200,,,912,,,,,,,,,,,,,,,,,,,,,,,,,,,,,,,,,,,,,,,,,,,,,,,,,,,,121,,,,,,86,484,173,111,415,,57,,78,306,47,73,136,35,,256,320,267,209,,321,53,247,,134,241,,,,,,,,,,,,,,,,,,,,,,,,,,,,,,,,,448,,,387,50,238,270,86,,127,284,296,,,,,84,78,,146,437,296,,,,,,,487,,,415,,146,,,,302,
2026-07-27T08:15:01+00:00,127,,,,484,54,,167,203,332,,187,219,,,,,,,,116,409,175,352,310,,,,,,783,11,,,,,215,,,116,143,,110,,,,,,,,,323,,,,23,,11,13,,,,,23,,232,90,33,20,,,,237,,,,212,,,,,,,,,,323,83,186,267,161,178,469,53,310,,265,212,114,93,,70,,323,,,46,632,110,89,48,192,98,,,418,20,,,,,,,,,,,,,,,,,,,,,,,,,,,,,,,,,202,,,,,621,,279,,122,,,270,290,498,184,,,,734,,412,224,195,,362,662,224,151,314,114,148,159,257,325,57,47,,224,13,,625,,,,,,,,177,,,,,,,,,88,,,,,,,,,,,22,,,,,,,,,37,,,,,,277,,6,79,136,,,,18,,,,,85,,,,,,,,,,,,,,,,,269,31,149,165,147,319,,323,25,,,,,,,,,,,,,,,193,76,214,327,,198,344,,,128,271,28,,,,,,343,,133,,,,,,,,,,,197,90,34,11,,,,447,,,,,326,,,276,,,,,,,,,,,,,,,,,,,,,,,,295,88,23,93,61,98,,4,379,282,,,,,25,142,,,3,66,,182,128,,,87,138,53,18,112,326,39,,,,198,160,65,894,116,2223,146,149,45,,,,,,,,,,,,,,,,,,,,,,540,68,,,665,,214,,136,261,348,,,81,,,,,,,49,,,174,82,,,14,106,111,94,84,471,,100,405,,54,,,,,,,,,,,,,,,,,,,,,,,,,,,,,,,,,,,,,,,,,,,,,,,,,,,,447,,132,384,46,227,262,85,548,125,274,295,94,,,,,77,,144,433,295,,,,,,,,,,408,,147,,,,293,
2026-07-27T08:20:02+00:00,122,179,,,480,,,157,200,331,,190,220,,,101,,,,,114,410,168,345,302,,95,,,,771,,,54,247,,207,,,139,144,,,,28,,,,,,,325,35,,,24,,,6,,,,77,21,80,,,,,,,,233,,,147,213,320,130,202,145,89,229,,,,,,,,,,,,,,,,,,,,,,,,,,,,,,,,,,,93,157,549,146,258,517,52,,376,,,,,,225,,,,,387,,,,,153,,,,,,,,,,,,,,,,,,,,267,288,499,178,39,,,732,301,407,223,183,,,,,,,,,,,,,45,,213,13,39,602,,,,,,,,,,168,,,,,,,86,,,,,,,,,,,21,,,,,,,,26,33,,,,,,275,,,80,134,,,,17,,,,,,,,,,,,,,,,,,,,,165,262,35,147,163,145,311,,322,24,,,,,,,,,,,,,,,191,82,,316,216,197,340,,,125,267,29,,995,,,,,,132,,,,,,,,36,,,198,88,32,9,,,,446,,,,,321,,,275,,,,,,,,,,,,6,,,,,,,,,,,,,86,25,94,58,,61,3,378,274,,,202,139,28,139,,,,67,,167,114,,97,93,137,52,,111,,,136,16,,,,,,,,,,,,,,,,,,,,,,,,,,,,,,,,535,,154,,661,,213,192,128,,,,,80,111,,,,,,47,,,175,81,110,,38,102,113,,83,455,171,91,384,,48,,,,,,,,,,,,,,,,,,,,,,,,,,,,,,,,,,,,,,,,,,,,,,,,,,,,446,138,131,378,47,224,261,84,546,122,280,,95,332,,,82,75,,141,429,,,,,,,,486,,,393,,148,47,,,281,
2026-07-27T08:25:01+00:00,,,,,477,53,,150,194,,,189,218,,,98,,,,,110,408,166,,296,,94,,,,765,,,,,,206,,,138,,,111,,,,,,,139,,326,34,,,,45,,3,,177,20,79,18,79,,,30,,,,,,19,,145,206,,123,191,143,86,225,,194,,,79,185,268,,176,465,54,309,,258,210,,,,65,230,312,165,580,42,,105,92,49,,,,,420,,,,,,,,,,,,,,,,220,,,,,,,,,,147,140,,,,,,,,,,307,,613,,250,,120,,,265,286,500,181,,,,735,303,398,219,176,252,365,657,218,,,113,147,156,255,322,67,43,,217,13,33,578,,,,,,,,175,,165,,,,,,,84,,,,,57,,,,,,20,,,,,,,,25,22,,,,,,268,,,79,133,,,,19,,,,,87,,,,,56,,,,,69,,,,,,,252,34,146,164,140,298,,323,20,,,,,,,,,,,,,,,,73,213,307,213,195,331,,,,261,25,,994,,,,342,,,,,,,,,,37,,,197,89,34,8,,,,,,,,,320,,,269,,,,,,,,,,,,,,,,,,,,,,,,287,,27,93,56,,60,2,370,268,,,203,136,27,137,,,,,,151,110,,,92,130,,15,110,327,,137,,,195,155,,878,113,2219,,155,41,,,,,,,,,,,,,,,,,,,,,,530,66,149,,662,,215,188,109,260,,,,79,109,,,,,,46,,,174,80,100,127,37,100,,96,77,437,164,84,373,,46,39,73,301,34,69,129,31,,258,309,250,208,,322,48,226,,,231,,,,,,,,,,,,,,,,,,,,,,,,,,,,,,,,,444,137,,377,,225,257,83,542,113,275,293,94,333,,134,83,,,140,428,291,,,,,,,484,,,389,,144,48,,,273,
2026-07-27T08:30:01+00:00,121,,,,475,,,144,189,325,,191,213,,,,,,,,,407,,339,292,,93,,,,759,,,,246,,202,,,136,143,,115,,29,,,,,137,,,,,,,42,,0,,179,,83,16,,,,28,,126,,,239,18,,,,,113,183,133,83,222,,,,,,,,,,,,,,,,,,,,,,,,,,,,,,,,,,,,,,,,,,,,,,,,,,,,,,,,,,,,,,,,,,,,,,,,,,,,,,,263,288,502,180,40,,,726,,385,212,168,,,,,,,,,,,,,,,212,13,36,557,,,,,,,,171,,163,,,,,,,83,,,,,,,,,,,18,,,,,,,,,21,,,,,,265,,5,76,132,,,,21,,,,,,,,,,,,,,,68,,,,,,,246,32,145,159,,289,,321,19,,,,,,,,,,,,,,,190,,210,294,211,191,329,,,123,,26,,993,,,,337,,,,,,,,,,38,,,195,,31,4,,,,,,,,,312,,,264,,,,,,,,,,,,7,,,,,,,,,,,,286,87,,90,,,,0,366,265,,,200,,30,136,,,,,,141,109,,,88,127,,14,112,328,38,136,15,,187,148,,852,111,2221,145,156,32,,,,,,,,,,,,,,,,,,,,,,524,,145,,,,,,,,,,,81,108,,,,,,,,,172,78,,126,35,92,,,79,412,156,78,351,115,41,,,,,,,,,,,,,,,,,,,,,,,,,,,,,,,,,,,,,,,,,,,,,,,,,,,,,135,129,,46,219,252,,541,111,270,291,93,,,133,81,73,,136,427,289,,,,,,,481,,,379,,142,50,,,263,
2026-07-27T08:35:01+00:00,,182,,142,471,52,,137,184,322,,189,210,,,97,,,,,108,,,335,282,,89,,,41,742,12,,55,,,193,,,133,142,,117,,28,,,,,136,,,,,,22,43,,,,,,84,13,,,,23,,,,,,19,,,208,,,,,,,,,,321,75,177,261,154,178,445,53,,213,234,211,108,,,56,223,287,,577,37,622,99,,42,183,97,,,419,18,89,145,530,135,256,517,51,,370,,,,,,207,,,,,,,,,,143,139,,,,,,,194,,,,,607,,237,,119,,,,287,,183,,,,727,305,377,,162,,367,664,215,152,312,111,,,256,318,73,34,,210,13,,547,,,,,,,,167,,162,,,,,,,84,,,,,,,,,,,14,,,,,,,,24,33,,,,,,261,,,78,133,,,,18,,,,,86,,,,,,,,,,67,,,,,,164,237,34,,153,134,282,,322,,,,,,,,,,,,,,,,192,68,207,286,213,194,326,79,,,260,28,,,,,,336,,,,,,,,,,,,,194,87,30,1,,,,443,,,,,310,,,260,,,,,,,,,,,,6,,,,,,,,,,,,282,88,26,87,58,100,61,1,365,256,,,199,137,,133,,,,,119,138,107,,95,82,122,53,,107,329,,135,13,,185,144,,844,102,2224,144,161,25,,,,,,,,,,,,,,,,,,,,,,517,63,142,,661,,216,186,98,259,349,,,80,107,,,,,,44,,,171,77,88,122,25,88,,95,77,390,,72,342,113,39,,,,,,,,,,,,,,,,,,,,,,,,,,,,,,,,,,,,,,,,,,,,,,,,,,,,442,136,130,376,,211,251,84,,112,267,288,,,,130,,71,,,426,,,,,,,,479,117,,367,,141,,,,250,
2026-07-27T08:40:02+00:00,120,,,,468,50,,140,185,321,,184,209,,,96,,,,,105,405,163,333,275,,90,,,40,740,11,,,247,,190,,,131,140,,,,27,,,,,,,,33,,,24,42,,,,,,81,14,78,233,,22,,,,,231,20,,,206,313,112,172,130,80,223,,,,,,,,,,,,,,,,,,,,,,,,,,,,,,,,,,,88,142,521,133,248,,,,368,,,,,,,,,,,,,,,,,,,,,,,,,,,,,,,,,,,,264,288,500,182,,,,728,,363,,157,,,,,,,,,,,,,28,,206,14,33,519,,,,,,,,,,163,,,,,,,85,,,,,56,,,,,,16,,,,,,,,22,38,,,,,,,,4,,,,,,13,,,,,84,,,,,55,,,,,68,,,,,,,229,28,144,,128,276,,323,,,,,,,,,,,,,,,,,61,202,277,211,190,328,,,118,263,26,,,,,,329,,130,,,,,,,,37,,,192,82,28,,,,,,,,,,306,,,251,,,,,,,,,,,,5,,,,,,,,,,,,286,,,89,,101,,0,362,247,,,,134,31,130,13,,,68,118,126,103,,96,84,121,54,17,108,330,,134,12,,,,64,,,,,,,,,,,,,,,,,,,,,,,,,,,,503,61,140,,662,,214,187,72,261,,,,83,105,,,,,,42,,,172,78,85,118,6,83,,96,74,362,151,65,322,114,32,33,72,299,28,67,122,33,,244,307,244,204,,321,52,218,,132,221,,,,,,,,,,,,,,,,,,,,,,,,,,,,,,,,,,135,129,377,45,212,248,82,539,110,260,287,94,332,,,80,70,,133,425,287,,,,,,,478,,,,,138,49,,,237,
2026-07-27T08:45:01+00:00,119,178,,,465,44,,129,180,318,,181,208,,,95,,,,,,403,158,325,273,,89,,,,736,12,,,251,,186,,,,,,,,,,,,,,,,35,,,23,,,,,,19,75,12,,234,89,20,,,,,233,19,,138,213,,,,,,,,,,320,73,166,254,150,,428,,310,212,223,213,105,94,109,54,218,273,164,576,36,592,97,94,39,181,93,,,,19,,,,,,,,,,,,,,,199,,,,,388,,,,,138,133,,,,,,,198,,,304,,598,,227,,118,,,263,283,,184,39,,,721,304,,210,150,,371,716,210,,311,118,148,173,271,323,74,24,,201,13,27,501,,,,,,,,164,,162,,,,,,,80,,,,,58,,,,,,17,,,,,,,,21,32,,,,,,,,5,77,,,,,15,,,,,86,,,,,,,,,,,,,,,,,210,27,,148,130,265,,326,18,,,,,,,,,,,,,,,194,52,204,270,209,,325,,,,259,32,,,,,,326,,129,,,,,,,,38,,,185,,29,,,,,442,,,,,301,,,248,,,,,,,,,,,,4,,,,,,,,,,,,284,85,,90,,,,,358,,,,200,129,33,129,,,4,69,,121,101,,95,87,120,,14,106,329,,133,13,,184,131,65,826,105,2223,142,158,26,,,,,,,,,,,,,,,,,,,,,,,,,,,,,,,,,,,,,,,,,,,,,,,,,,,,,71,340,142,68,312,,25,,,,,,,,,,,,,,,,,,,,,,,,,,,,,,,,,,,,,,,,,,,,,,,,,,,,441,133,130,379,,211,239,81,538,108,254,,95,333,,131,79,69,,128,422,283,,,,,,,477,116,,370,,137,,,,233,
2026-07-27T08:50:02+00:00,121,177,,,461,,,,172,316,,179,199,,,,,,,,104,398,155,321,267,,86,,,41,731,11,1,54,,,179,,4,129,,,,,28,,,,,,,327,,,,21,41,,,,178,18,,11,,235,90,18,,,,,,,,,217,310,98,163,126,73,224,,193,,,,,,,,,,,,,,,,,,,,,,,,,,,,,,,,,87,132,509,130,246,520,,,369,,,,,,,,,,,,,,,,,,,,,,,,,,,,,,,,,,,,261,278,499,185,37,,,719,,351,209,139,,,,,,,,,,,,,15,,188,14,15,475,,,,,,,,159,,161,,,,,,,81,,,,,57,,,,,,14,,,,,,,,,24,,,,,,248,,1,75,132,,,,8,,,,,85,,,,,56,,,,,69,,,,,,165,208,,,147,127,262,,323,13,,,,,,,,,,,,,,,192,43,196,272,207,191,,80,,120,258,28,,991,,,,324,,128,,,,,,,,,,,186,77,23,,,,,443,,,,,296,,,241,,,,,,,,,,,,5,,,,,,,,,,,,291,88,27,91,55,,60,,355,242,,,199,,32,,,,,68,119,115,98,,,88,122,,19,107,328,,,10,,182,116,64,821,91,2218,,157,27,,,,,,,,,,,,,,,,,,,,,,488,59,123,,660,,213,181,50,258,350,,,,106,,,,,,39,,,166,76,76,115,,58,114,93,66,331,139,63,296,113,23,,,,,,,,,,,,,,,,,,,,,,,,,,,,,,,,,,,,,,,,,,,,,,,,,,,,,134,127,377,41,208,236,83,536,95,242,286,,,,132,,68,,122,424,282,,,,,,,480,,,367,,,50,,,227,
2026-07-27T08:55:01+00:00,120,175,,,455,43,,122,170,315,,180,195,,,,,,,,103,396,,317,258,,,,,40,723,,2,53,,,176,,,,141,,120,,27,,,,,138,,326,,,,24,40,,,,,17,64,5,,234,,17,,125,,,234,17,,134,218,,,,,,,,,,319,65,153,248,,174,413,54,311,,208,203,100,92,,55,207,257,,574,33,587,95,92,36,174,79,,,416,18,,,,,,,,,,,,,,,202,,,,,385,,,,,126,126,,,,,,,199,,,302,,596,,219,,,,,259,282,,181,36,,,723,303,348,208,137,,370,,207,151,309,116,,172,273,329,70,,,189,14,11,451,,,,,,,,158,,160,,,,,,,82,,,,,56,,,,,,11,,,,,,,,,21,,,,,,,,2,77,,,,,9,,,,,84,,,,,57,,,,,,,,,,,164,,33,,144,122,251,,320,16,,,,,,,,,,,,,,,185,44,,269,208,192,327,,,,266,30,,989,,,,321,,,,,,,,,,36,,,,74,24,,,,,442,,,,,293,,,238,,,,,,,,,,,,,,,,,,,,,,,,288,,,92,49,,59,,352,238,35,38,196,133,30,125,,,,,,107,93,,97,89,123,52,12,108,329,39,,9,,,,,,,,,,,,,,,,,,,,,,,,,,,,,,,,,,,,,,,,,,,,,,,,,,,,,,,,,,,,,,,64,307,134,53,288,111,15,,,,,,,,,,,,,,,,,,,,,,,,,,,,,,,,,,,,,,,,,,,,,,,,,,,,,135,,362,,203,233,,535,90,,,94,,,128,78,66,,121,422,280,,,,,,,,,,354,,136,,,,,
2026-07-27T09:00:02+00:00,117,,,,456,41,,118,166,313,,173,193,,,94,,,,,99,,156,314,240,,85,,,39,707,,,,250,,,,2,128,139,,,,,,,,,139,,,,,,23,39,,,,177,,60,46,,,,13,19,124,,,230,,,130,221,313,86,158,125,70,216,,,,,,,,,,,,,,,,,,,,,,,,,,,,,,,,,,,83,134,489,125,,516,,,,,,,,,,,,,,,,,,,,,,,,,,,,,,,,,,,,,,,256,279,,177,37,,,713,304,341,205,133,,,,,,,,,,,,,3,,184,13,,423,,,,,,,,156,,158,,,,,,,79,,,,,55,,,,,,14,,,,,,,,,20,,,,,,244,,3,75,131,,,,10,,,,,,,,,,,,,,,68,,,,,,163,204,28,143,142,127,243,,,15,,,,,,,,,,,,,,,182,46,195,272,,187,322,81,,119,267,31,,988,,,,322,,127,,,,,,,,35,,,182,66,29,,,,,,,,,,286,,,229,,,,,,,,,,,,6,,,,,,,,,,,,287,86,,,,102,,,351,240,,39,,,,123,,,,67,,101,91,,96,88,122,53,14,110,,,,8,,,109,,813,88,,,,18,,,,,,,,,,,,,,,,,,,,,,484,,118,,657,,212,184,36,,348,,,84,,,,,,,,,,164,73,75,113,,47,104,91,61,277,130,44,281,112,11,30,67,291,21,68,120,28,,240,295,229,200,,323,41,200,,127,205,,,,,,,,,,,,,,,,,,,,,,,,,,,,,,,,,440,136,126,364,,,227,82,536,88,238,284,,,,127,,67,,117,423,279,,,,,,,473,,,351,,134,,,,208,
2026-07-27T09:05:02+00:00,115,176,,139,451,37,,113,165,312,,168,191,,,95,,,,,95,,154,315,238,,84,,,,709,10,0,54,251,,173,,,,,,,,,,,,,,,,,,,20,40,10,,,,16,55,41,,,,11,18,,,,228,19,,125,222,315,82,,121,71,207,,,,317,60,146,240,145,172,410,56,312,211,201,204,94,,,51,193,248,163,572,29,584,167,,38,170,64,,,415,16,,,480,120,,514,,,,,,,,,191,,,,,384,,,,,116,124,,,,,,,191,,,299,,586,,223,,113,,,254,,500,178,31,,,709,307,339,,130,,372,715,212,152,,110,,171,275,331,60,0,,178,13,6,403,,,,,,,,153,,159,,,,,,,,,,,,51,,,,,,13,,,,,,,,,21,,,,,,242,,4,74,,,,,7,,,,,83,,,,,,,,,,,,,,,,,198,27,,135,123,244,,,13,,,,,,,,,,,,,,,177,41,,275,,190,325,80,,120,262,,,,,,,,,126,,,,,,,,,,,181,64,27,,,,,437,,,,,283,,,224,,,,,,,,,,,,,,,,,,,,,,,,291,,26,,47,,60,,353,235,,,192,135,35,122,,,3,,,85,84,,94,85,124,54,9,108,328,,,10,,187,104,61,798,92,2217,143,158,,,,,,,,,,,,,,,,,,,,,,,479,60,115,,654,,213,,22,256,347,,,79,108,,,,,,37,,,163,72,64,110,,37,105,,56,250,123,33,270,111,9,,,,,,,,,,,,,,,,,,,,,,,,,,,,,,,,,,,,,,,,,,,,,,,,,,,,441,137,125,360,42,202,228,80,534,82,233,,92,,,,,63,,116,427,276,,,,,,,470,,,350,,127,51,,,204,
2026-07-27T09:10:01+00:00,116,,,,446,34,,106,161,313,,166,193,,,,,,,,97,397,152,316,227,,83,,,,691,11,,53,254,,165,,,129,,,122,,,,,,,138,,327,,,,24,,,,,176,17,53,39,,233,91,5,,,,,231,,,128,,,,,,,,,,,,52,133,,143,171,399,55,,,194,207,89,89,108,44,182,242,,570,27,562,161,,36,169,62,22,,,,,,,,,,,,,,,,,,,,,,,,,,,,,,,,,,,,,,,,,,,,,,,,255,278,,177,33,,,,306,340,,129,,,,,,,,,,,,,,,176,13,9,382,,,,,,,,150,,155,,,,,,,78,,,,,53,,,,,,,,,,,,,,,9,,,,,,231,,2,75,,,,,9,,,,,,,,,,56,,,,,,,,,,,161,200,29,142,131,119,231,,319,14,,,,,,,,,,,,,,,178,42,196,279,207,192,321,,,116,259,26,,986,,,,319,,,,,,,,,,36,,,179,61,25,,,,,,,,,,278,,,219,,,,,,,,,,,,5,,,,,,,,,,,,288,,25,91,43,,,3,,230,,,,136,36,121,,,,,,74,,,93,84,128,,10,105,326,40,,11,,185,89,,793,82,2214,,156,,,,,,,,,,,,,,,,,,,,,,,473,,118,,,,212,,12,,,,,78,,,,,,,36,,,164,75,,106,,36,,,52,224,115,32,,107,5,,,,,,,,,,,,,,,,,,,,,,,,,,,,,,,,,,,,,,,,,,,,,,,,,,,,,,124,357,43,198,225,77,533,,226,281,100,332,,126,77,62,,,430,277,,,,,,,466,,,333,,121,49,,,,
2026-07-27T09:15:01+00:00,113,,,,441,33,,102,154,310,,164,190,,,,,,,,96,,151,321,223,,82,,,,680,12,,,253,,164,,,131,,,123,,25,,,,,,,,,,,22,41,,,,175,16,,33,77,,89,4,,,,,227,16,,,223,,73,151,108,72,202,,,,316,,128,241,,170,400,56,,,183,206,,88,,47,179,239,162,568,25,552,,,35,164,61,,,,,,,,,,,,,,,,,,,184,,,,,383,,,,,113,120,,,,,,,182,,,300,,583,,214,,108,,,256,,501,181,,,,708,307,338,198,132,251,375,717,217,153,,106,,172,274,330,50,,,162,13,11,364,,,,,,,,149,,154,,,,,,,80,,,,,,,,,,,,,,,,,,,,4,,,,,,229,,3,74,,,,,11,,,,,,,,,,,,,,,69,,,,,,157,195,26,141,133,110,219,,321,15,,,,,,,,,,,,,,,180,52,198,274,209,191,318,79,,111,261,27,,987,,,,315,,124,,,,,,,,,,,178,59,24,0,,,,434,,,,,277,,,216,,,,,,,,,,,,,,,,,,,,,,,,289,85,23,90,39,103,,1,351,225,,,191,135,37,120,,,,68,,72,83,,,,,,,,328,41,134,12,,183,82,60,788,76,2212,144,158,19,,,,,,,,,,,,,,,,,,,,,,472,58,119,,652,,214,186,9,254,348,,,,107,,,,,,,,,,77,60,105,,28,101,,44,195,108,33,248,105,1,27,52,288,18,59,118,27,,228,283,211,198,,,36,,,132,196,,,,,,,,,,,,,,,,,,,,,,,,,,,,,,,,,440,,125,356,42,195,222,78,532,72,225,,,327,,125,76,,,113,,280,,,,,,,,,,328,,122,48,,,185,
2026-07-27T09:20:01+00:00,109,179,,,431,,,99,152,306,,162,187,,,94,,,,,95,396,155,316,217,,79,,,38,673,,,52,252,,161,,,,138,,126,,26,,,,,135,,328,,,,,39,11,,,177,17,45,28,,232,91,0,,,,,222,17,,127,224,317,64,157,109,,197,,,,,,,,,,,,,,,,,,,,,,,,,,,,,,,,,,,83,129,463,116,250,509,49,,362,,,,,,178,,,,,,,,,,110,119,,,,,,,185,,,301,,585,,216,,110,,,257,,500,182,34,,,705,306,336,199,127,,,,,,,,,,,,,,,155,13,9,343,,,,,,,,150,,,,,,,,,78,,,,,,,,,,,10,,,,,,,,,5,,,,,,225,,,73,,,,,13,,,,,82,,,,,,,,,,,,,,,,156,194,,140,,106,207,,322,11,,,,,,,,,,,,,,,182,43,,280,208,,316,80,,,260,29,,,,,,312,,,,,,,,,,,,,179,56,26,,,,,431,,,,,273,,,209,,,,,,,,,,,,7,,,,,,,,,,,,287,,21,,40,102,,2,349,217,,,,134,38,119,,,,,,65,81,2,94,88,132,55,13,107,329,,133,,,,,,,,,,,,,,,,,,,,,,,,,,,,,,,,,469,60,114,,649,,212,188,2,255,347,,,80,,,,,,,31,,,,80,62,102,,25,100,92,41,162,96,25,239,102,,,,,,,,,,,,,,,,,,,,,,,,,,,,,,,,,,,,,,,,,,,,,,,,,,,,,439,,,350,41,188,220,77,531,70,219,,98,,,,77,60,,108,432,,,,,,,,,,,322,,124,47,,,180,
2026-07-27T09:25:01+00:00,107,178,,,429,34,,96,150,,,159,182,,,95,,,,,92,394,151,311,209,,80,,,,665,,,,,,159,,,129,135,,128,,,,,,,,,327,36,,,23,40,,,,,15,46,20,79,231,90,,17,125,,,219,,,123,223,314,65,145,105,73,195,,,,,45,126,244,,172,403,53,,,181,,83,87,,46,177,227,163,566,26,,158,94,,162,64,,,,15,78,124,449,107,243,508,48,,357,,,,,,,,,,,,,,,,,,,,,,,,,,,,,,,,,,,,263,279,499,188,,,,702,,333,196,130,252,377,718,,152,,105,,173,276,324,44,,,145,14,7,321,,,,,,,,148,,,,,,,,,79,,,,,52,,,,,,,,,,,,,,20,0,,,,,,226,,,74,130,,,,14,,,,,83,,,,,55,,,,,,,,,,,152,187,,136,126,108,187,,324,16,,,,,,,,,,,,,,,177,49,,271,,193,317,,,107,257,,,986,,,,311,,,,,,,,,,34,,,181,55,23,,,,,434,,,,,271,,,,,,,,,,,,,,,5,,,,,,,,,,,,289,,20,91,38,103,,4,,212,,,193,132,37,,,,,,,57,78,3,,86,134,54,18,108,330,,,11,,175,85,,776,64,2215,145,157,14,,,,,,,,,,,,,,,,,,,,,,463,59,111,,650,,,189,1,256,,,,77,106,,,,,,30,,,163,79,64,101,,24,99,89,35,133,89,19,240,103,7,,,,,,,,,,,,,,,,,,,,,,,,,,,,,,,,,,,,,,,,,,,,,,,,,,,,437,135,,351,39,185,218,,530,69,217,,99,328,,,75,58,,111,431,279,,,,,,,465,,,315,,127,,,,172,
2026-07-27T09:30:01+00:00,106,,,,,,,94,144,305,,166,,,,,,,,,91,393,150,306,206,,,,,,659,14,,47,,,155,,,131,139,,127,,,,,,,133,,328,34,,,22,38,,,,,14,48,,,232,88,,,126,,,,16,,122,229,,,,,,,,,,317,40,121,246,142,,393,56,,,173,,82,82,,45,179,213,,565,28,539,156,91,29,157,68,,,413,,,,,,,,,,,,,,,,167,,,,,384,,,,,,,,,,,,,183,,,302,,576,,197,,,,,,277,500,189,32,,,699,307,325,191,128,,,,,,,,,,,,,,,140,14,1,296,,,,,,,,143,,152,,,,,,,81,,,,,53,,,,,,8,,,,,,,,19,,,,,,,227,,1,,128,,,,17,,,,,82,,,,,54,,,,,,,,,,,150,185,,134,122,113,174,,317,14,,,,,,,,,,,,,,,175,59,196,276,206,190,313,81,,102,255,25,,987,,,,305,,,,,,,,,,,,,179,56,24,,,,,431,,,,,270,,,208,,,,,,,,,,,,4,,,,,,,,,,,,293,,21,89,,101,,5,348,,,,,131,36,117,,,,,118,49,72,5,95,87,,52,19,,329,,,9,,,,,,,,,,,,,,,,,,,,,,,,,,,,,,,,453,60,116,,649,,208,187,,255,346,,,78,,,,,,,,,,161,77,60,99,,20,97,85,34,104,85,18,254,104,5,28,,290,27,50,117,26,,212,277,198,195,,326,31,196,,130,192,,,,,,,,,,,,,,,,,,,,,,,,,,,,,,,,,435,136,,350,41,184,216,,529,66,210,282,98,326,,,71,57,,107,,278,,,,,,,463,,,,,,49,,,168,
2026-07-27T09:35:01+00:00,,179,,,424,28,,88,145,304,,161,183,,,,,,,,87,390,147,299,203,,,,,37,,15,,48,253,,156,,,125,137,,128,,,,,,,,,329,,,,21,44,,,,,,39,13,,233,,,16,,,,214,,,,231,316,56,147,106,79,199,,,,,,,,,,,,,,,,,,,,,,,,,,,,,,,,,,,81,126,441,106,241,509,,,355,,,,,,,,,,,,,,,,,,,,,,,,,,,,,,,,,,,,262,278,,187,31,,,697,308,328,194,129,,378,720,207,150,307,109,,,272,327,47,,,133,13,7,278,,,,,,,,144,,150,,,,,,,79,,,,,,,,,,,,,,,,,,,,,,,,,,229,,,71,127,,,,19,,,,,81,,,,,,,,,,,,,,,,,175,25,131,123,117,165,,314,13,,,,,,,,,,,,,,,176,58,198,279,204,186,317,83,,103,257,23,,986,,,,303,,123,,,,,,,,32,,,178,49,,,,,,432,,,,,,,,209,,,,,,,,,,,,7,,,,,,,,,,,,292,82,,,35,,59,,346,214,,,,136,37,118,,,4,,117,,67,1,,,136,53,26,105,330,,,,,183,80,59,774,66,2209,146,159,,,,,,,,,,,,,,,,,,,,,,,451,,114,,648,,207,182,0,252,,,,80,107,,,,,,31,,,159,79,62,94,,16,100,81,29,71,79,8,255,103,7,,,,,,,,,,,,,,,,,,,,,,,,,,,,,,,,,,,,,,,,,,,,,,,,,,,,436,135,123,347,39,,214,76,530,62,202,284,,325,,,70,58,,,429,,,,,,,,461,,,308,,130,50,,,159,
2026-07-27T09:40:01+00:00,,181,,,423,26,,78,147,303,,153,181,,,94,,,,,86,387,149,293,192,,78,,,,650,17,,46,251,,154,,,,,,,,25,,,,,,,327,,,,,,,,,,12,,6,,,89,,,,,,,,,120,235,,,,,,,,,,,37,120,243,143,,392,,313,,163,205,,,107,42,177,203,,,26,518,157,90,28,156,77,,9,412,,,,,,,,,,,,,,,,154,,,,,,,,,,109,121,,,,,,,184,,,304,,567,,194,,115,,,268,,501,195,33,,,688,309,320,198,131,,,,,,,,,,,,,,,130,13,0,249,,,,,,,,145,,149,,,,,,,78,,,,,,,,,,,7,,,,,,,,,,,,,,,228,,0,70,,,,,22,,,,,,,,,,52,,,,,,,,,,,147,169,29,,124,120,164,,311,11,,,,,,,,,,,,,,,177,59,206,,,187,,,,,254,22,,,,,,296,,,,,,,,,,31,,,179,51,20,4,,,,431,,,,,266,,,197,,,,,,,,,,,,5,,,,,,,,,,,,291,81,,,34,,60,2,,208,,,,135,39,117,,,,69,116,41,63,0,96,86,135,,31,104,331,42,130,,,,,,,,,,,,,,,,,,,,,,,,,,,,,,,,,446,61,108,,647,,206,177,1,251,,,,77,108,,,,,,,,,160,,57,89,,11,97,77,,60,76,6,249,102,8,,,,,,,,,,,,,,,,,,,,,,,,,,,,,,,,,,,,,,,,,,,,,,,,,,,,437,134,,344,,171,213,74,526,54,,,,326,,,69,,,,425,275,,,,,,,459,,,310,,128,48,,,152,
2026-07-27T09:45:01+00:00,105,179,,,,25,,73,148,300,,150,179,,,95,,,,,87,388,148,290,185,,76,,,,647,19,,44,250,,153,,,123,,,129,,22,,,,,,,325,32,,,22,42,,,,178,11,37,5,,,,,,,,,,17,,,232,319,53,143,104,83,198,,,,,35,117,241,140,173,379,57,,,155,201,69,78,,46,173,185,161,563,25,504,158,88,26,154,91,,10,411,,80,119,425,,235,506,,,352,,,,,,,,,,,,,,,,,,,,,,,,,,,,,,,,,,,,,276,502,196,31,,,685,311,324,200,,,381,722,212,151,306,113,,174,273,325,54,,,,13,,237,,,,,,,,147,,150,,,,,,,79,,,,,52,,,,,,,,,,,,,,,,,,,,,224,,,68,,,,,25,,,,,,,,,,,,,,,,,,,,,146,167,32,132,119,123,162,,313,12,,,,,,,,,,,,,,,175,57,209,278,203,188,309,84,,97,253,23,,,,,,282,,121,,,,,,,,32,,,177,47,,2,,,,430,,,,,261,,,191,,,,,,,,,,,,6,,,,,,,,,,,,,79,,88,,103,,9,347,209,,,,138,38,118,,,,,,42,,1,95,88,134,51,36,99,329,,131,11,,179,67,,780,64,2207,144,,22,,,,,,,,,,,,,,,,,,,,,,437,62,104,,644,,205,,,253,347,,,76,,,,,,,,,,,80,53,87,,9,,73,20,41,,0,250,101,4,31,55,287,29,40,119,22,,207,,188,194,,331,28,186,,126,187,,,,,,,,,,,,,,,,,,,,,,,,,,,,,,,,,436,,124,,35,168,215,72,524,50,,283,99,324,,124,,,,106,426,274,,,,,,,457,,,298,,127,,,,146,
2026-07-27T09:50:01+00:00,107,177,,,,,,69,,,,155,178,,,,,,,,86,387,140,285,181,,75,,,35,642,,,42,251,,149,,,122,135,,,,,,,,,,,322,,,,24,43,,,,179,12,28,0,,,,,,,,,208,18,,115,234,,,,,,,,,,,,,,,,,,,,,,,,,,,,,,,,,,,,,,,,,,,,,,,,,,,,,,,150,,,,,385,,,,,98,122,,,,,,,181,,,303,,561,,196,,114,,,269,280,504,199,28,,,687,309,322,201,126,,,,,,,,,,,,,,,120,12,2,228,,,,,,,,,,146,,,,,,,77,,,,,,,,,,,6,,,,,,,,18,,,,,,,228,,1,73,126,,,,17,,,,,82,,,,,53,,,,,,,,,,,145,168,34,133,122,124,,,,13,,,,,,,,,,,,,,,171,59,207,269,202,184,306,,,96,254,24,,,,,,273,,,,,,,,,,29,,,172,45,25,3,,,,428,,,,,256,,,182,,,,,,,,,,,,,,,,,,,,,,,,,80,20,85,33,,58,,345,206,,,,139,40,119,12,,5,,,36,60,5,94,,135,,45,96,327,,133,10,,183,63,56,770,56,2206,141,157,25,,,,,,,,,,,,,,,,,,,,,,426,63,,,647,,203,176,,,348,,,75,109,,,,,,,,,161,78,56,85,,,95,67,58,28,68,,242,98,6,,,,,,,,,,,,,,,,,,,,,,,,,,,,,,,,,,,,,,,,,,,,,,,,,,,,439,135,122,339,30,159,210,73,,48,198,284,,325,,,66,60,,105,,,,,,,,,454,,,294,,,,,,141,
2026-07-27T09:55:01+00:00,105,174,,,421,27,,64,,303,,145,180,,,93,,,,,87,386,136,282,178,,76,,,,631,18,,,252,,143,,,,,,128,,23,,,,,130,,,34,,,,42,,,,,11,25,,,,88,,15,,,,201,,,114,233,322,44,146,,84,197,,194,,315,36,112,242,139,,380,56,315,212,146,,71,79,,45,169,183,,565,24,,156,87,,151,104,,,412,,,,,,,,,,,,,,,,145,,,,,386,,,,,97,125,,,,,,,,,,,,560,,198,,111,,,266,279,505,200,,,,685,310,325,202,131,,,729,,,303,114,,177,274,329,,,,119,12,1,204,,,,,,,,,,144,,,,,,,,,,,,,,,,,,4,,,,,,,,,,,,,,,227,,0,72,,,,,,,,,,83,,,,,,,,,,,,,,,,143,161,41,134,119,125,153,,310,,,,,,,,,,,,,,,,169,50,206,,206,186,301,85,,97,262,27,,,,,,268,,,,,,,,,,26,,,,42,24,2,,,,,,,,,255,,,184,,,,,,,,,,,,7,,,,,,,,,,,,292,,17,,34,,,10,343,199,,,191,,,,,,,68,115,,58,3,,92,134,,47,98,329,,136,11,,,,,,,,,,,,,,,,,,,,,,,,,,,,,,,,420,64,107,,644,,,175,,252,,,,,108,,,,,,29,,,157,77,,82,,,,61,50,14,72,,248,91,4,,,,,,,,,,,,,,,,,,,,,,,,,,,,,,,,,,,,,,,,,,,,,,,,,,,,442,138,124,335,29,155,206,74,526,43,199,285,97,323,,123,64,,,101,430,271,,,,,,,452,115,,285,,125,47,,,,
2026-07-27T10:00:02+00:00,106,175,,,428,28,,,150,302,,143,173,,,92,,,,,89,384,,273,174,,75,,,37,624,,,43,249,,145,,,121,134,,129,,,,,,,,,319,,,,21,40,,,,,8,15,,,,89,,,,,,198,16,,,231,,,,,,,,,,,32,99,234,132,175,387,55,,,139,202,70,78,104,43,167,164,,563,,502,153,86,23,,99,,,413,14,,,,,,,,,,,,,,,,,,,,,,,,,,,,,,,,,,,,,,,,,,,,,269,277,506,202,31,,,686,311,326,,135,,,,,,,,,,,,,,,114,12,,178,,,,,,,,149,,142,,,,,,,,,,,,53,,,,,,3,,,,,,,,,,,,,,,230,,,73,,,,,16,,,,,,,,,,52,,,,,,,,,,,142,156,38,,116,127,158,,313,14,,,,,,,,,,,,,,,173,56,201,268,207,192,298,84,,99,263,23,,,,,,,,,,,,,,,,23,,,,,26,3,,,,426,,,,,251,,,178,,,,,,,,,,,,5,,,,,,,,,,,,289,75,18,82,32,,59,8,342,198,,38,193,136,41,,,,,,,29,57,2,,,137,49,,96,335,,,13,,188,67,,759,43,2203,136,387,24,,,,,,,,,,,,,,,,,,,,,,421,65,111,,643,,199,174,,248,350,,,78,104,,,,,,31,,,159,81,,80,,,,58,45,3,62,9,240,87,7,33,37,289,27,30,122,24,,200,278,183,192,,333,22,180,,127,179,,,,,,,,,,,,,,,,,,,,,,,,,,,,,,,,,441,,,333,28,151,,72,525,45,201,,99,322,,121,62,59,,100,433,270,,,,,,,448,,,288,,122,42,,,133,
2026-07-27T10:05:01+00:00,105,,,,432,30,,62,,304,,149,169,,,87,,,,,88,385,,269,167,,,,,,628,20,,42,248,,151,,0,,132,,132,,,,,,,,,320,,,,,,,,,,,12,14,80,,,,13,,,,,17,,111,233,320,53,147,102,83,195,,,,316,30,94,235,130,,360,56,,,134,197,61,,103,40,168,155,,565,25,490,147,88,22,148,107,,,,12,75,110,413,99,233,506,41,,349,,,,,,135,,,,,387,,,,,104,123,,,,,,,176,,,304,,556,,212,,109,,,,276,,213,30,,,683,,329,196,141,,383,730,215,149,302,117,149,175,276,333,49,,,111,13,0,165,,,,,,,,151,,143,,,,,,,73,,,,,54,,,,,,4,,,,,,,,16,,,,,,,237,,1,74,125,,,,13,,,,,81,,,,,,,,,,,,,,,,140,153,34,,113,129,146,,319,12,,,,,,,,,,,,,,,180,60,206,269,211,194,,,,95,257,25,,989,,,,264,,120,,,,,,,,21,,,171,39,28,4,,,,425,,,,,244,,,170,,,,,,,,,,,,4,,,,,,,,,,,,286,77,17,81,29,,,15,334,,,36,194,133,38,118,,,,70,,,53,1,95,96,,,,97,339,,,,,,,,,,,,,,,,,,,,,,,,,,,,,,,,,,,411,67,118,,642,,197,172,,249,,,,,,,,,,,30,,,,,61,,,,97,,37,7,61,7,232,86,6,,,,,,,,,,,,,,,,,,,,,,,,,,,,,,,,,,,,,,,,,,,,,,,,,,,,439,,,325,26,146,,71,522,43,,,,321,,,60,,,98,432,,,,,,,,451,,,285,,121,,,,136,
2026-07-27T10:10:01+00:00,106,,56,,428,33,,59,155,301,,145,173,,,86,,,,,85,382,133,271,159,,74,,,34,621,,,40,249,,158,,,120,134,,131,,,,,,,,,322,,,,20,,,,,,,5,11,83,,88,,,,,,195,18,,112,234,,,,,,,,,,,33,89,233,,174,358,,,,129,196,,,,39,164,151,,,23,,148,89,,146,109,,9,412,11,,,,,,,,,,,,,,,,,,,,,,,,,,,,,,,,,,,,,,,,,,,,,268,277,,222,31,,,,312,330,195,140,,,,,,,,,,,,,,,107,13,,147,,,,,,,,149,,,,,,,,,75,,,,,53,,,,,,5,,,,,,,,,,,,,,,,,,78,,,,,10,,,,,80,,,,,,,,,,,,,,,,141,145,32,,109,121,134,,320,13,6,,,,,,,,,,,,,,,64,204,281,212,,301,,,,,22,,988,,,,,,122,,,,,,,,23,,,173,35,30,,,,,423,,,,,240,,,164,,,,,,,,,,,,5,,,,,,,,,,,,282,78,19,80,,,58,,333,200,,37,199,136,39,121,,,6,,116,27,55,2,96,103,138,50,50,99,342,41,135,,,194,68,,751,54,2207,138,158,22,,,,,,,,,,,,,,,,,,,,,,409,,116,,641,,196,170,,,349,,,77,102,,,,,,,,,158,79,59,76,,19,95,54,35,0,55,0,237,73,5,,,,,,,,,,,,,,,,,,,,,,,,,,,,,,,,,,,,,,,,,,,,,,,,,,,,,136,123,323,24,149,205,69,,,198,283,100,320,,120,59,58,,99,,267,,,,,,,446,,,282,,,41,,,128,
2026-07-27T10:15:01+00:00,,,,,430,,,52,158,,,,176,,,83,,,,,88,379,139,265,157,,76,,,33,619,21,,39,246,,157,,,117,133,,,,24,,,,,129,,,,,,18,41,,,,178,,3,7,,232,86,,,,,,,19,,,235,,58,149,106,84,,,,,,,,,,,,,,,,,,,,,,,,,,,,,,,,,,,,76,104,418,95,231,503,,,347,,,,,,133,,,,,386,,,,,,121,,,,,,,,,,296,,550,,220,,108,,,269,276,,227,28,,,686,,333,,137,,,736,219,150,305,118,146,178,282,334,50,,,95,13,2,121,,,,,,,,152,,140,,,,,,,76,,,,,,,,,,,,,,,,,,,15,,,,,,,241,,5,,124,,,,9,,,,,75,,,,,51,,,,,,,,,,,140,135,33,,110,,133,,321,,7,,,,,,,,,,,,,,181,68,205,282,213,196,307,,,96,254,,,989,,,,262,,121,,,,,,,,,,,175,37,24,,,,,422,,,,,234,,,161,,,,,,,,,,,,6,,,,,,,,,,,,,80,,,31,,,19,329,197,,,201,144,41,,,,,,117,24,,,97,105,140,49,51,,341,,,,,,,,,,,,,,,,,,,,,,,,,,,,,,,,,,,411,66,,,,,194,172,2,,348,,,78,,,,,,,29,,,159,80,67,71,,25,102,55,30,3,44,,236,66,3,,,,,,,,,,,,,,,,,,,,,,,,,,,,,,,,,,,,,,,,,,,,,,,,,,,,,,122,320,,147,211,,,38,193,282,,318,,,60,54,,97,430,269,,,,,,,441,,,279,,118,42,,,125,
2026-07-27T10:20:01+00:00,,177,,,422,29,,50,,303,,,,,,80,,,,,84,381,134,266,149,,,,,,617,,,,,,153,,,115,,,,,,,,,,,,323,32,,,14,39,12,,,,7,,0,,,87,,,,,,199,18,,109,234,,,,,,,,,,315,34,88,234,128,,357,57,319,,128,199,58,,104,35,168,143,160,566,24,477,149,87,20,141,122,,,414,12,,,,,,,,,,,,,,,,,,,,,,,,,,,,,,,,,,,,,,,,,,,,,,,510,,26,,,689,,337,193,144,,,,,,,,,,,,,1,,80,14,4,117,,,,,,,,155,,142,,,,,,,75,,,,,54,,,,,,6,,,,,,,,,,,,,,,237,,7,83,123,,,,,,,,,76,,,,,,,,,,,,,,,,,141,34,133,111,122,128,,323,14,,,,,,,,,,,,,,,187,64,207,280,214,197,310,83,,102,251,23,,985,,,,256,,119,,,,,,,,,,,,40,,,,,,420,,,,,230,,,157,,,,,,,,,,,,4,,,,,,,,,,,,281,81,18,,29,100,57,18,324,198,36,,202,,42,122,,,,71,,25,60,,94,107,139,50,55,102,339,40,,15,,193,73,,740,46,2203,135,156,27,,,,,,,,,,,,,,,,,,,,,,412,,117,,643,,196,171,0,251,,,,,101,,,,,,28,,,158,79,68,72,,30,106,52,28,2,,9,244,57,2,34,34,284,38,22,115,22,,203,272,168,191,,196,23,178,,125,167,,,,,,,,,,,,,,,,,,,,,,,,,,,,,,,,,440,135,123,311,26,145,210,,519,40,196,281,99,319,,122,61,55,,96,429,,,,,,,,437,,,273,,,44,,,,
2026-07-27T10:25:02+00:00,109,,,,426,27,,,155,305,,153,179,,,78,,,,,79,379,132,260,146,,73,,,32,614,,,38,,,147,,,120,,,130,,23,,,,,,,,34,,,,,,,,,4,9,8,,,89,,,127,,,202,19,,113,233,313,62,154,,85,190,,,,313,38,85,237,127,173,351,58,321,,122,203,48,,,33,169,134,,,25,470,153,89,19,147,131,23,,415,11,80,100,412,93,224,499,,,342,,,,,,,,,,,,,,,,106,,,,,,,,170,,,291,,557,,215,,104,,,,283,,233,27,,,687,313,338,203,,,,741,220,,,122,145,,285,,56,4,,,14,1,106,,,,,,,,154,,144,,,,,,,77,,,,,,,,,,,4,,,,,,,,,,,,,,,240,,6,81,,,,,14,,,,,,,,,,,,,,,,,,,,,139,137,36,,115,121,127,,320,13,,,,,,,,,,,,,,,190,62,208,279,216,203,314,,,100,252,24,,984,,,,251,,118,,,,,,,,22,,,174,39,25,,,,,419,,,,,227,,,149,,,,,,,,,,,,,,,,,,,,,,,,,80,19,,34,,58,17,,190,,,203,145,43,124,,,,,116,30,54,1,88,,140,51,54,105,334,39,136,17,,197,82,,731,58,2202,136,162,25,,,,,,,,,,,,,,,,,,,,,,416,64,124,,644,,193,168,1,253,347,,,76,103,,,,,,34,,,163,77,75,67,,36,107,53,25,3,37,6,246,50,4,,,,,,,,,,,,,,,,,,,,,,,,,,,,,,,,,,,,,,,,,,,,,,,,,,,,441,,,310,27,144,211,70,,38,188,277,100,318,,123,60,52,,,432,270,,,,,,,431,,,265,,116,,,,120,
2026-07-27T10:30:02+00:00,112,,,,427,29,,52,150,306,,159,178,,,,,,,,77,383,137,259,140,,72,,,,612,,,41,,,146,,,,131,,,,24,,,,,124,,325,,,,10,40,,,,177,5,7,9,,,88,,,,,,201,,,109,229,310,66,156,102,88,189,,,,,,,,,,,,,,,,,,,,,,,,,,,,,,,,,,,83,96,418,94,223,501,40,,339,,,,,,132,,,,,390,,,,,103,,,,,,,,173,,,287,,552,,226,,103,,250,271,279,509,235,29,,,685,,331,199,147,,,,,,,,,,,,,1,,74,14,,93,,,,,,,,,,143,,,,,,,75,,,,,52,,,,,,0,,,,,,,,,,,,,,,246,,7,78,122,,,,12,,,,,78,,,,,,,,,,71,,,,,,,134,37,,113,124,120,,,,,,,,,,,,,,,,,,186,70,207,280,215,205,316,,,103,256,20,,983,,,,245,,117,,,,,,,,18,,,173,38,24,3,,,,416,,,,,226,,,145,,,,,,,,,,,,6,,,,,,,,,,,,271,81,,78,35,95,60,19,325,,,,202,148,,123,,,,70,115,29,55,0,89,108,139,48,53,107,,,,20,,,77,,,56,,133,165,20,,,,,,,,,,,,,,,,,,,,,,,,,,,,,,,,,,,,,,,,,,,,,,,,,,,,,24,0,34,13,252,40,6,,,,,,,,,,,,,,,,,,,,,,,,,,,,,,,,,,,,,,,,,,,,,,,,,,,,443,134,124,307,26,145,206,71,518,42,183,278,99,313,,,58,,,95,429,269,,,,,,,432,,,263,,117,43,,,,
2026-07-27T10:35:02+00:00,111,,,,,31,,55,,303,,158,181,,,,,,,,79,381,138,254,139,,69,,,31,610,,,,244,,142,,,,132,,128,,,,,,,,,,,,,9,41,,,,,,4,8,,,89,,12,,,,200,,,100,228,314,63,,114,90,185,,,,,42,82,240,126,177,,57,,,115,,42,,,29,,130,161,568,,,152,90,17,145,139,,,418,,86,92,417,91,217,499,38,,334,,,,,,137,,,,,,,,,,101,123,,,,,,,166,,,280,,553,,229,,98,,245,,282,,240,31,,,686,,324,203,151,,379,744,229,,302,123,,179,286,336,53,4,,72,14,,82,,,,,,,,,,145,,,,,,,76,,,,,53,,,,,,,,,,,,,,14,,,,,,,247,,6,79,,,,,11,,,,,77,,,,,52,,,,,,,,,,,137,132,36,134,109,127,113,,329,16,,,,,,,,,,,,,,,195,63,206,277,,207,313,,,105,257,25,,980,,,,243,,114,,,,,,,,34,,,,36,,6,,,,417,,,,,219,,,140,,,,,,,,,,,,5,,,,,,,,,,,,270,83,20,77,37,96,,17,,187,,,205,151,,125,,,,,,35,52,,79,106,,43,57,108,326,38,134,18,,202,78,,729,59,2199,132,166,,,,,,,,,,,,,,,,,,,,,,,413,65,126,,641,,191,173,,250,,,,74,106,,,,,,,,,161,76,86,69,,46,111,,25,2,32,10,266,38,5,31,,285,41,23,112,16,,199,,162,193,,198,24,181,,127,163,,,,,,,,,,,,,,,,,,,,,,,,,,,,,,,,,441,135,123,309,27,144,201,69,515,43,182,275,100,309,,,57,50,,100,432,267,,,,,,,431,,,252,,114,,,,113,
2026-07-27T10:40:01+00:00,,178,,,420,30,,,152,,,157,180,,,77,,,,,,,139,253,141,,66,,,32,612,22,,40,245,,140,,,,131,,131,,,,,,,126,,326,,,,,40,,,,,7,0,0,84,,88,1,11,,,,,18,,103,227,,,,,,,,,,,,,,,,,,,,,,,,,,,,,,,,,,,,,,,,,,,,,,,,,,,,,,,,,,,,,,,,,,,,,,,,,,,,,,,,,,,,,276,284,511,241,32,,,687,311,323,205,145,,,,,,,,,,,,,7,,75,14,0,64,,,,,,,,156,,142,,,,,,,,,,,,54,,,,,,2,,,,,,,,,,,,,,,245,,,76,,,,,,,,,,,,,,,,,,,,,,,,,,136,133,38,,116,126,105,,334,14,,,,,,,,,,,,,,,198,76,208,267,,,311,,,109,263,21,,979,,,,244,,,,,,,,,,,,,171,34,25,5,,,,419,,,,,211,,,133,,,,,,,,,,,,6,,,,,,,,,,,,267,82,22,78,41,93,59,21,,191,,38,,153,,127,,,,,113,33,45,2,78,110,137,42,56,109,325,37,135,17,,200,75,,734,,2194,131,168,22,,,,,,,,,,,,,,,,,,,,,,,,,,,,,,,,,,,,,,,,,,,,,,,,,,,,,22,1,33,12,267,35,7,,,,,,,,,,,,,,,,,,,,,,,,,,,,,,,,,,,,,,,,,,,,,,,,,,,,440,,,307,,140,196,72,512,35,181,272,,307,,,59,51,,102,430,265,,,,,,,433,,,,,116,,,,,
2026-07-27T10:45:01+00:00,113,177,,,416,32,,60,,,,161,178,,,,,,,,84,382,,,136,,64,,,,610,,,,,,148,,,,,,,,,,,,,,,,,,,,,,,,176,8,,,,,,,12,,,,,19,,102,229,,,,,,,,,,311,34,,241,127,181,345,55,,213,110,206,,77,,22,162,123,162,566,26,465,148,87,21,143,,,10,416,14,,,,,,,,,,,,,,,,,,,,,,,,,,,,,,,,,,,,,,,,,,,,,277,283,512,246,31,,,692,313,318,201,143,253,380,,234,149,300,128,,181,284,343,66,9,,70,14,1,58,,,,,,,,154,,145,,,,,,,75,,,,,55,,,,,,4,,,,,,,,,,,,,,,249,,7,,,,,,6,,,,,,,,,,53,,,,,,,,,,,134,136,112,,117,121,102,,,16,,,,,,,,,,,,,,,190,77,211,272,217,203,312,,,108,260,24,,981,,,,237,,115,,,,,,,,33,,,,,26,4,,,,,,,,,209,,,127,,,,,,,,,,,,5,,,,,,,,,,,,261,81,,77,40,95,60,22,324,198,,,206,157,42,123,11,,,,112,38,43,3,72,114,,,54,110,328,,,16,,,,,,,,,,,,,,,,,,,,,,,,,,,,,,,,407,66,,,638,,,174,,249,345,,,,,,,,,,,,,162,,85,74,,48,112,52,25,0,24,6,268,28,15,,,,,,,,,,,,,,,,,,,,,,,,,,,,,,,,,,,,,,,,,,,,,,,,,,,,,136,121,303,24,137,194,71,509,37,182,270,,305,,122,56,52,,97,432,266,,,,,,,432,,,,,117,41,,,114,
2026-07-27T10:50:01+00:00,,174,,,414,29,,51,156,,,162,177,,,76,,,,,86,,137,,,,60,,,,605,,,37,246,,,,,118,130,,130,,,,,,,,,,,,,6,41,,,,,7,,,,231,87,,,,,,202,,,104,226,312,68,155,117,,173,,,,,,,,,,,,,,,,,,,,,,,,,,,,,,,,,,,87,87,415,94,211,487,36,,,,,,,,134,,,,,,,,,,102,124,,,,,,,167,,,,,549,,227,,96,,248,278,281,514,244,34,,,697,314,315,200,155,,,,,,,,,,,,,6,,66,14,4,36,,,,,,,,150,,144,,,,,,,73,,,,,57,,,,,,,,,,,,,,10,,,,,,,252,,6,72,123,,,,8,,,,,79,,,,,52,,,,,,,,,,,132,132,113,133,118,,94,,336,20,,,,,,,,,,,,,,,198,74,,280,,204,315,,,111,261,25,,978,,,,232,,114,,,,,,,,31,,,,38,,3,,,,417,,,,,,,,121,,,,,,,,,,,,,,,,,,,,,,,,256,82,,76,,,,24,326,195,,,207,160,44,121,,,,,,36,46,4,69,118,131,38,56,,324,36,136,15,,203,80,53,730,57,2198,132,167,23,,,,,,,,,,,,,,,,,,,,,,404,,124,,,,190,179,,251,344,,,73,,,,,,,31,,,159,75,92,77,,40,115,53,24,1,,2,255,25,11,36,41,281,49,29,111,17,,197,265,,194,,,25,186,,,153,,,,,,,,,,,,,,,,,,,,,,,,,,,,,,,,,441,137,119,299,26,129,191,,508,29,183,272,99,303,,121,53,51,,94,430,268,,,,,,,431,,,259,,,37,,,110,
2026-07-27T10:55:01+00:00,111,176,,,416,30,,45,153,300,,158,176,,,78,,,,,87,383,,252,132,,,,,31,601,,,35,244,,146,,,,,,,,23,,,,,,,,32,,,,40,,,,174,6,,,,,88,0,11,,,,205,,,,224,,,,,,,,,,,37,74,244,128,177,337,,,212,92,,39,,,20,165,116,,,22,458,149,,20,149,135,,9,415,15,,,,,,,,,,,,,,,136,,,,,394,,,,,103,125,,,,,,,157,,,,,540,,223,,98,,250,282,278,515,246,36,,,701,317,324,199,157,254,376,752,245,150,298,123,147,188,286,346,,0,,65,14,,28,,,,,,,,151,,,,,,,,,77,,,,,58,,,,,,,,,,,,,,,,,,,,,256,,,67,,,,,11,,,,,81,,,,,53,,,,,,,,,,,128,131,116,129,115,119,95,,334,21,,,,,,,,,,,,,,,196,69,212,279,215,202,316,,,,256,24,,975,,,,227,,,,,,,,,,,,,167,36,,2,,,,416,,,,,,,,111,,,,,,,,,,,,3,,,,,,,,,,,,253,83,24,77,39,94,,25,322,197,,37,206,158,,,,,,,113,,52,5,70,116,128,36,52,112,319,35,,14,,,,,,,,,,,,,,,,,,,,,,,,,,,,,,,,406,67,125,,,,,182,2,250,343,,,72,102,,,,,,,,,158,76,86,76,,48,117,44,15,0,14,1,263,23,9,,,,,,,,,,,,,,,,,,,,,,,,,,,,,,,,,,,,,,,,,,,,,,,,,,,,440,136,120,295,28,126,190,73,506,31,178,269,,298,,122,51,49,,95,,269,,,,,,,428,,,255,,114,38,,,,
2026-07-27T11:00:02+00:00,108,179,,,,29,,44,,297,,166,175,,,75,,,,,86,,133,250,135,,,,,32,592,,,37,242,,149,,,,,,,,,,,,,,,325,33,,,3,38,,,,,5,2,5,,230,87,,10,,,,,20,,,227,316,73,158,115,95,177,,195,,,,,,,,,,,,,,,,,,,,,,,,,,,,,,,,,,,,,,,,,,,,,,,,,,,,,,,,,,,,,,,,,,,,,,,,,,,,,288,281,513,245,,,,706,,323,,168,,,,,,,,,,,,,,,61,15,0,22,,,,,,,,153,,145,,,,,,,78,,,,,60,,,,,,9,,,,,,,,,,,,,,,257,,7,70,124,,,,16,,,,,80,,,,,54,,,,,,,,,,,,132,118,130,116,116,89,,336,,,,,,,,,,,,,,,,,72,218,280,216,198,315,,,114,258,,,,,,,228,,113,,,,,,,,32,,,166,33,28,4,,,,,,,,,202,,,102,,,,,,,,,,,,,,,,,,,,,,,,254,,25,76,,92,58,,324,199,,,210,159,43,120,,,,,,34,51,6,69,117,122,34,51,113,318,36,,,,208,89,52,735,58,2204,135,159,30,,,,,,,,,,,,,,,,,,,,,,411,,127,,637,,,,,249,,,,,100,,,,,,,,,,,,74,,50,116,,12,3,11,5,267,18,,,,,,,,,,,,,,,,,,,,,,,,,,,,,,,,,,,,,,,,,,,,,,,,,,,,,437,,119,290,27,125,191,,,29,176,268,,293,,121,49,51,,,428,,,,,,,,432,,,258,,108,40,,,103,
2026-07-27T11:05:01+00:00,106,177,,,411,27,,47,,298,,172,172,,,74,,,,,84,386,135,,140,,61,,,29,593,,,38,241,,,,,,128,,129,,,,,,,127,,324,,,,5,,,,,,,1,0,,,88,,11,,,,208,19,,105,230,317,82,157,116,,176,,194,,312,41,70,237,129,175,330,53,322,211,84,209,33,,,16,162,107,161,564,21,455,151,86,19,151,144,,,,16,91,88,422,90,214,486,35,,334,,,,,,135,,,,,,,,,,100,123,,,,,,,161,,,,,532,,229,,97,,254,,279,514,246,35,,,710,,331,203,181,,379,798,247,,299,,,192,289,345,63,2,,52,15,4,24,,,,,,,,156,,142,,,,,,,77,,,,,57,,,,,,10,,,,,,,,,,,,,,,261,,,73,,,,,,,,,,81,,,,,53,,,,,,,,,,,,134,122,,117,118,86,,341,26,,,,,,,,,,,,,,,197,79,216,281,217,201,316,82,,116,263,26,,976,,,,225,,,,,,,,,,33,,,,31,24,3,,,,,,,,,,,,91,,,,,,,,,,,,2,,,,,,,,,,,,256,81,,,38,,,29,,202,35,,221,,44,123,,,,,,33,60,,71,114,125,32,49,116,313,,137,13,,,,,,,,,,,,,,,,,,,,,,,,,,,,,,,,405,,128,,636,,,183,1,,345,,,71,,,,,,,34,,,161,75,82,76,,62,111,42,8,10,5,4,264,7,3,40,43,283,48,31,105,24,,188,,164,193,,193,26,169,,,144,,,,,,,,,,,,,,,,,,,,,,,,,,,,,,,,,436,137,,292,,,197,,505,36,177,267,97,292,,122,47,53,,97,427,274,,,,,,,436,,,248,,102,39,,,101,
2026-07-27T11:10:01+00:00,108,179,,,416,26,,45,,,,,170,,,,,,,,77,383,138,240,139,,58,,,30,596,,,,240,,145,,,117,126,,130,,24,,,,,,,322,,,,1,,10,,,,3,0,5,,,,,,,,,204,18,,106,228,315,87,154,120,94,175,,,,,,,,,,,,,,,,,,,,,,,,,,,,,,,,,,,,,,,,,,,,,,,,,,,,,,,,,,,,,,,,,,,,,,,,,,,,,,,,282,515,252,,,,707,318,339,204,179,,,,,,,,,,,,,,,48,15,5,,,,,,,,,,,138,,,,,,,78,,,,,56,,,,,,8,,,,,,,,,,,,,,,258,,10,74,122,,,,15,,,,,79,,,,,52,,,,,70,,,,,,127,,121,133,120,116,87,,340,25,6,,,,,,,,,,,,,,198,97,218,284,218,200,323,84,,,272,24,,978,,,,226,,111,,,,,,,,,,,170,32,,4,,,,414,,,,,199,,,90,,,,,,,,,,,,3,,,,,,,,,,,,259,80,26,74,41,,59,,322,,,,,,,,,,,,112,37,59,,,115,123,33,50,120,314,,136,11,,211,78,51,751,49,2208,,161,40,,,,,,,,,,,,,,,,,,,,,,400,68,130,,,,193,,2,247,,,,72,,,,,,,35,,,163,76,84,77,,58,,41,27,9,,8,275,3,10,,,,,,,,,,,,,,,,,,,,,,,,,,,,,,,,,,,,,,,,,,,,,,,,,,,,435,135,,,28,119,196,72,502,33,179,268,,288,,123,49,,,,425,276,,,,,,,433,,,246,,104,38,,,96,
2026-07-27T11:15:02+00:00,110,181,,,413,30,,41,161,301,,163,164,,,76,,,,,76,385,,237,140,,55,,,,603,,,35,,,,,,116,125,,129,,,,,,,,,321,31,,,0,39,,,,,,,0,,,89,,10,125,,,202,17,,105,229,,,,,,,,,,,45,68,239,,176,322,51,,,77,210,30,75,,12,164,93,164,566,20,442,152,85,22,145,157,,8,417,15,94,76,428,89,218,,38,,328,,,,,,140,,,,,395,,,,,104,127,,,,,,,152,,,283,,539,,239,,94,,255,290,278,516,254,,,,714,316,342,206,181,255,380,819,257,151,302,126,145,194,288,,67,0,,50,15,7,25,,,,,,,,152,,,,,,,,,77,,,,,59,,,,,,9,,,,,,,,,,,,,,,261,,9,76,124,,,,13,,,,,,,,,,,,,,,69,,,,,,,130,,138,125,115,84,,342,,,,,,,,,,,,,,,,,101,227,295,221,202,,85,,115,281,25,,975,,,,225,,110,,,,,,,,32,,,169,35,21,,,,,416,,,,,196,,,89,,,,,,,,,,,,,,,,,,,,,,,,260,,,77,42,95,60,,319,208,36,,222,161,,125,,,7,,,42,,8,74,117,121,35,,122,316,,,,,208,74,49,757,50,2209,136,160,44,,,,,,,,,,,,,,,,,,,,,,404,67,131,,633,,,,3,,347,,,,,,,,,,34,,,,77,,,,61,,37,,1,,0,278,,8,,,,,,,,,,,,,,,,,,,,,,,,,,,,,,,,,,,,,,,,,,,,,,,,,,,,436,136,,295,29,116,197,75,498,34,,,96,287,,122,48,54,,96,426,,,,,,,,,,,242,,107,37,,,95,
2026-07-27T11:20:02+00:00,,184,,,407,32,,37,166,299,,161,162,,,,,,,,73,389,149,242,143,,53,,,29,612,23,,34,237,,148,,,,129,,,,,,,,,,,322,,,,,,11,,,,,,,,229,,,,,,,205,18,,107,235,318,102,156,118,91,177,,,,310,44,70,240,127,179,320,53,,,73,212,32,,103,16,165,104,,567,22,428,155,84,,141,154,,6,,16,,,,,,,,,,,,,,,,,,,,,,,,,,,,,,,,,,,,,,,,,,,,,,279,518,257,34,,,724,317,343,207,179,,,,,,,,,,,,,,,,15,6,,,,,,,,,154,,137,,,,,,,76,,,,,,,,,,,,,,,,,,,,,,,,,,259,,11,,,,,,14,,,,,81,,,,,53,,,,,,,,,,,126,131,123,,126,117,88,,341,22,,,,,,,,,,,,,,,202,96,226,294,223,209,,,,,277,24,,976,,,,226,,111,,,,,,,,,,,170,,24,3,,,,418,,,,,193,,,90,,,,,,,,,,,,,,,,,,,,,,,,257,81,24,76,40,96,,34,313,207,,,220,,43,,,,,,113,45,62,9,75,,122,36,54,123,317,,135,12,,212,75,,749,45,2210,,162,41,,,,,,,,,,,,,,,,,,,,,,398,,132,,632,,,184,,249,348,,,75,97,,,,,,33,,,159,,92,73,,55,105,,19,2,8,2,282,,5,,50,281,50,40,,27,,,256,157,191,,197,21,175,,133,,,,,,,,,,,,,,,,,,,,,,,,,,,,,,,,,,,,116,,27,120,196,73,500,30,180,269,98,,,120,,,,90,424,282,,,,,,,,,,246,,,36,,,88,
2026-07-27T11:25:01+00:00,111,185,,,405,31,,36,165,298,,163,158,,,,,,,,,390,153,,141,,47,,,,613,,,29,,,154,,,,131,,130,,,,,,,,,323,,,,,38,,,,,4,,,83,230,,,,,,,207,17,,106,237,,,,,,,,,,,,,,,,,,,,,,,,,,,,,,,,,,,,,,,,,95,79,429,93,217,484,39,,333,,,,,,138,,,,,400,,,,,100,126,,,,,,,159,,,281,,541,,241,,95,,263,292,281,519,260,,,,726,,345,209,177,274,383,896,302,,,134,146,204,294,,77,,,45,15,7,24,,,,,,,,155,,134,,,,,,,75,,,,,60,,,,,,11,,,,,,,,,1,,,,,,262,,,75,,,,,15,,,,,,,,,,,,,,,,,,,,,127,130,119,136,131,118,92,,344,19,,,,,,,,,,,,,,,201,98,229,299,224,208,324,,,113,274,27,,977,,,,224,,110,,,,,,,,33,,,168,,22,4,,,,417,,,,,192,,,87,,,,,,,,,,,,,,,,,,,,,,,,260,84,25,77,43,,61,40,315,205,,,218,160,44,,,,8,,112,47,60,12,79,,124,34,57,,318,35,134,11,,,74,,743,,2214,138,159,42,,,,,,,,,,,,,,,,,,,,,,,,133,,,,,,,,,,,,96,,,,,,34,,,,,,75,,58,111,,15,0,5,3,264,7,7,,,,,,,,,,,,,,,,,,,,,,,,,,,,,,,,,,,,,,,,,,,,,,,,,,,,,135,115,,26,,197,,502,27,183,,,286,,122,53,55,,88,,,,,,,,,,,,244,,,,,,,
2026-07-27T11:30:01+00:00,,188,,,,27,,29,,295,,165,160,,,77,,,,,75,387,156,244,139,,43,,,32,,22,,30,,,157,,,115,130,,129,,,,,,,,,,,,,,39,,,,,7,,,,,90,,,,,,208,,,105,,316,111,157,119,94,172,,,,,48,65,,123,180,309,51,321,,70,208,41,76,,18,164,100,,566,,434,161,83,21,128,149,,8,419,,,,,,,,,,,,,,,,,,,,,,,,,,,,,,,,,,,,,,,,,,,,,,,282,517,264,35,,,728,,342,205,176,,,,,,,,,,,,,4,,48,15,2,19,,,,,,,,154,,133,,,,,,,,,,,,58,,,,,,8,,,,,,,,,0,,,,,,271,,10,,,,,,16,,,,,79,,,,,52,,,,,70,,,,,,,135,,135,133,117,96,,345,,,,,,,,,,,,,,,,198,100,233,302,223,209,,84,,112,279,26,,980,,,,220,,109,,,,,,,,35,,,167,,23,5,,,,422,,,,,182,,,77,,,,,,,,,,,,4,,,,,,,,,,,,259,83,,78,38,98,,39,316,206,,,221,159,45,,,,9,69,111,41,61,13,80,,122,35,,124,322,,,,,,,,,,,,,,,,,,,,,,,,,,,,,,,,,,,404,,135,,631,,,,4,248,349,,,77,98,,,,,,,,,160,,93,78,,63,113,34,,2,6,8,273,,8,,,,,,,,,,,,,,,,,,,,,,,,,,,,,,,,,,,,,,,,,,,,,,,,,,,,434,133,114,,24,112,194,71,503,25,,270,99,283,,120,51,56,,89,423,280,,,,,,,432,,,237,,105,32,,,,
2026-07-27T11:35:01+00:00,112,,,,402,,,23,166,293,,163,161,,,76,,,,,71,386,162,,137,,40,,,,602,23,,32,235,,156,,,112,128,,,,23,,,,,126,,321,,,,1,,10,,,173,8,,,,,89,,,,,,,15,,107,,315,119,161,120,96,175,,,,,45,71,,122,181,306,53,,,60,,39,75,,23,163,98,,568,24,435,159,81,,,150,,9,421,14,97,83,422,95,212,,40,,334,,,,,,147,,,,,,,,,,99,127,,,,,,,160,,,275,,546,,245,,94,,266,290,,516,260,,,,730,,352,,177,,384,899,301,,,137,,202,293,,78,0,,44,15,4,,,,,,,,,158,,134,,,,,,,76,,,,,,,,,,,7,,,,,,,,,,,,,,,281,,,73,123,,,,18,,,,,,,,,,,,,,,,,,,,,128,134,118,136,,,,,344,22,,,,,,,,,,,,,,,199,101,235,303,225,217,325,85,,108,278,28,,986,,,,,,,,,,,,,,34,,,169,37,21,4,,,,421,,,,,186,,,75,,,,,,,,,,,,2,,,,,,,,,,,,257,84,23,80,,,,37,,207,,,,163,46,,,,10,70,,53,68,14,81,120,123,36,55,,321,36,133,,,211,67,47,742,52,2219,136,155,40,,,,,,,,,,,,,,,,,,,,,,402,66,136,,630,,192,,2,249,350,,,75,97,,,,,,36,,,162,78,94,77,14,67,108,36,14,13,7,6,271,9,7,,,,,,,,,,,,,,,,,,,,,,,,,,,,,,,,,,,,,,,,,,,,,,,,,,,,,132,,296,23,105,191,69,500,23,182,271,,,,,,59,,,420,,,,,,,,431,,,239,,100,,,,,
2026-07-27T11:40:01+00:00,111,189,,140,412,,,20,169,,,164,164,,,73,,,,,70,385,166,240,144,,37,,,30,599,,,33,239,,154,,,113,130,,128,,22,,,,,128,,319,,,,3,,,,,,,,,82,,,1,,,,,206,,,105,,,,,,,,,,,,,,,,,,,,,,,,,,,,,,,,,,,,,,,,,,98,76,421,98,,485,,,331,,,,,,,,,,,,,,,,,,,,,,,,,,,,,,,,,,,,,283,517,261,33,,,739,316,353,204,172,,,,,,,,,,,,,,,37,15,11,18,,,,,,,,,,130,,,,,,,,,,,,54,,,,,,9,,,,,,,,,,,,,,,287,,12,74,122,,,,11,,,,,81,,,,,51,,,,,,,,,,,134,133,117,138,131,113,88,,346,,,,,,,,,,,,,,,,197,107,236,301,223,216,326,,,107,282,29,,,,,,,,110,,,,,,,,33,,,168,36,22,,,,,420,,,,,185,,,,,,,,,,,,,,,3,,,,,,,,,,,,252,85,,79,32,,,39,315,208,,,222,,45,124,,,11,,110,49,62,12,82,117,124,,56,,322,,,,,,,48,,,,,,,,,,,,,,,,,,,,,,,,,,,,406,64,137,,637,,190,,4,251,,,,74,100,,,,,,,,,161,76,95,,9,71,110,40,13,12,,2,281,7,9,,40,290,53,41,107,30,,182,254,161,193,,208,23,183,,135,145,,,,,,,,,,,,,,,,,,,,,,,,,,,,,,,,,435,133,113,298,22,98,193,71,503,21,173,270,98,280,,118,52,60,,,421,281,,,,,,,433,,,240,,102,,,,74,
2026-07-27T11:45:02+00:00,108,,,,409,,,24,168,295,,162,,,,72,,,,,72,384,,,146,,,,,29,597,22,,,,,151,,,114,127,,125,,,,,,,,,321,32,,,5,,,,,172,9,,,83,,,,,124,,,205,,,106,240,309,110,163,118,97,177,,,,,41,78,235,121,179,301,55,320,,68,206,32,76,,,,82,,569,23,,,83,23,126,172,,,422,12,,,,,,,,,,,,,,,145,,,,,399,,,,,98,130,,,,,,,163,,,271,,543,,241,,93,,270,289,284,518,262,,,,738,315,346,,176,275,388,,,,301,139,148,203,297,344,75,,,35,15,10,14,,,,,,,,,,132,,,,,,,74,,,,,53,,,,,,10,,,,,,,,,,,,,,,292,,10,75,,,,,8,,,,,80,,,,,,,,,,,,,,,,135,137,113,134,126,112,90,,334,21,,,,,,,,,,,,,,,196,95,,297,225,210,,,,108,280,,,992,,,,222,,109,,,,,,,,,,,166,35,25,,,,,419,,,,,183,,,73,,,,,,,,,,,,,,,,,,,,,,,,253,87,24,80,30,101,62,38,312,205,,,225,162,,,,,,69,106,53,61,15,89,112,122,38,52,,323,35,132,10,,209,,50,750,53,2220,134,,41,,,,,,,,,,,,,,,,,,,,,,407,65,136,,,,,183,1,,,,,75,,,,,,,34,,,,,,74,,,105,,15,22,4,3,273,5,8,,,,,,,,,,,,,,,,,,,,,,,,,,,,,,,,,,,,,,,,,,,,,,,,,,,,432,132,123,301,20,104,195,,504,19,174,,99,279,,119,,62,,93,422,283,,,,,,,434,,,237,,,33,,,69,
2026-07-27T11:50:02+00:00,,,,,404,,,18,166,290,,163,165,,,69,,,,,73,387,164,234,155,,,,,28,592,23,,30,,,146,,,,126,,,,,,,,,129,,320,,,,8,,,,,,8,,,82,229,,0,,,,,207,,,104,241,,,,,,,,,,,,,,,,,,,,,,,,,,,,,,,,,,,,,,,,,97,74,427,94,220,,43,,334,,,,,,139,,,,,398,,,,,97,,,,,,,,,,,,,542,,,,91,,272,292,287,517,259,36,,,740,,340,201,174,,,,,,,,,,,,,,,29,14,8,23,,,,,,,,155,,,,,,,,,72,,,,,52,,,,,,11,,,,,,,,,,,,,,,299,,9,73,,,,,12,,,,,79,,,,,50,,,,,,,,,,,136,136,,133,121,,,,330,22,,,,,,,,,,,,,,,194,96,238,299,226,215,328,86,,109,283,34,,994,,,,213,,110,,,,,,,,,,,168,,22,,,,,422,,,,,182,,,74,,,,,,,,,,,,4,,,,,,,,,,,,245,86,,83,34,100,61,34,314,207,,,,163,44,,,,,,,56,59,12,92,110,121,,50,,328,34,,7,,,68,,753,47,2222,135,,40,,,,,,,,,,,,,,,,,,,,,,406,64,129,,647,,191,184,4,252,356,,,,102,,,,,,32,,,162,73,92,79,13,65,106,38,11,,2,14,263,4,5,,,,,,,,,,,,,,,,,,,,,,,,,,,,,,,,,,,,,,,,,,,,,,,,,,,,433,131,,296,17,103,196,70,503,,167,269,,280,,,54,,,,421,285,,,,,,,431,,,232,,99,,,,76,
2026-07-27T11:55:02+00:00,,187,,139,410,29,,19,164,288,,164,171,,,65,,,,,76,388,165,237,160,,,,,29,594,,,29,237,,147,,,113,127,,126,,23,,,,,128,,,34,,,7,38,11,,,,6,,,83,228,87,1,,,,,,,,103,,312,99,154,117,88,,,,,309,37,,236,124,177,303,56,,,61,209,31,,104,18,162,87,,,24,,156,82,19,129,175,,,423,11,,,,,,,,,,,,,,,,,,,,,,,,,,,,,,,,,,,,,,,,,,,,,291,291,516,266,35,,,743,,337,197,175,276,387,908,296,149,,136,,204,293,345,70,,,30,14,,16,,,,,,,,,,134,,,,,,,76,,,,,53,,,,,,14,,,,,,,,,5,,,,,,294,,8,74,121,,,,,,,,,78,,,,,,,,,,,,,,,,143,131,112,132,120,,98,,326,20,,,,,,,,,,,,,,,,95,,305,228,214,325,,,110,288,37,,996,,,,209,,114,,,,,,,,35,,,,36,23,3,,,,420,,,,,185,,,71,,,,,,,,,,,,,,,,,,,,,,,,244,,25,,32,101,,37,315,217,,,229,166,46,125,,,12,70,107,52,61,7,113,108,120,41,48,121,343,32,,,,208,72,51,734,48,2224,133,157,46,,,,,,,,,,,,,,,,,,,,,,413,,138,,648,,192,182,2,255,355,,,74,103,,,,,,29,,,163,,95,,14,59,107,40,,20,1,17,272,6,9,42,49,287,52,42,106,27,,187,251,172,194,,211,,179,,138,131,,,,,,,,,,,,,,,,,,,,,,,,,,,,,,,,,,130,,294,18,101,197,,504,13,171,,,279,,122,55,59,,92,,280,,,,,,,429,,,231,,95,32,,,,
2026-07-27T12:00:02+00:00,109,186,,,406,28,,23,162,291,,166,,,,64,,,,,78,385,173,236,167,,,,,28,597,24,,27,,,146,,,112,124,,,,25,,,,,127,,316,35,,,,37,10,,,,7,,,,229,86,0,,,,,204,,,,240,,,,,,,,,,310,36,80,224,126,173,307,53,,212,66,211,27,75,105,15,159,67,165,,25,438,159,81,22,120,181,,,424,10,,75,419,90,,,,,338,,,,,,136,,,,,400,,,,,,133,,,,,,,167,,,265,,537,,225,,88,,274,292,290,515,259,32,,,,,346,195,177,,,,,,,,,,,,,5,,18,15,,22,,,,,,,,158,,136,,,,,,,78,,,,,,,,,,,15,,,,,,,,9,19,,,,,,293,,,73,119,,,,9,,,,,,,,,,,,,,,69,,,,,,139,132,115,131,118,113,,,330,19,,,,,,,,,,,,,,,196,91,236,,229,215,,,,111,287,34,,999,,,,215,,112,,,,,,,,37,,,169,,,,,,,419,,,,,182,,,73,,,,,,,,,,,,,,,,,,,,,,,,,85,26,,36,,,40,317,216,35,,233,165,,127,,,11,69,106,51,60,8,119,105,,,47,120,350,,133,,,209,69,,744,56,2226,132,156,,,,,,,,,,,,,,,,,,,,,,,,,,,,,,,,,,,,,,,,,,,,,,,,,,,,,,12,10,,14,,,,,,,,,,,,,,,,,,,,,,,,,,,,,,,,,,,,,,,,,,,,,,,,,,,,,,,434,,125,292,16,100,203,71,,16,174,271,,280,,123,56,60,,95,423,279,,,,,,,433,,,233,,97,33,,,77,
2026-07-27T12:05:01+00:00,106,188,,,412,29,,24,160,290,,164,174,,,,,,,,77,,172,241,164,,,,,27,602,25,,28,239,,148,,,,120,,,,24,,,,,128,,319,,,,8,38,,,,173,,,,,,,1,,,,,201,14,,101,241,310,89,157,120,93,174,,,,,,,,,,,,,,,,,,,,,,,,,,,,,,,,,,,,,,,,,,,,,,,,,,,,,,,,,,,,,,,,,,,,,,,,,,,,,,,,291,,,,,,739,314,343,193,,,386,910,286,150,297,134,147,208,289,344,66,4,,11,14,,18,,,,,,,,,,,,,,,,,,,,,,,,,,,,,,,,,,,,,21,,,,,,294,,9,74,,,,,7,,,,,,,,,,,,,,,,,,,,,,,,,,,,,,,,,,,,,,,,,,,,,202,87,235,302,,216,327,88,,115,284,30,,1005,,,,226,,105,,,,,,,,36,,,,34,24,4,,,,,,,,,180,,,,,,,,,,,,,,,,,,,,,,,,,,,,,,,,,,,,,,,,,,,,,,,,,,,,,,,,,,,,,,,,,,,,,,,,,,,,,,,,,,,,,,,,,,,,417,,,,649,,197,183,4,253,358,,,71,100,,,,,,30,,,162,76,94,,13,52,112,44,,,,,,,,,,,,,,,,,,,,,,,,,,,,,,,,,,,,,,,,,,,,,,,,,,,,,,,,,,,,131,126,296,15,104,205,70,502,27,,269,,282,,124,,61,,96,,,,,,,,,,116,,230,,,37,,,,
2026-07-27T12:05:02+00:00,,,,,,,,,,,,,,,,,,,,,,,,,,,,,,,,,,,,,,,,,,,,,,,,,,,,,,,,,,,,,,,,,,,,,,,,,,,,,,,,,,,,,,,,,,,,,,,,,,,,,,,,,,,,,,,,,,,,,,,,,,,,,,,,,,,,,,,,,,,,,,,,,,,,,,,,,,,,,,,,,,,,,,,,,,,,,,,,,,,,,,,,,,,,,,,,,,,,,,,157,,137,,,,,,,,,,,,,,,,,,,,,,,,,,,,,,,,,,,,,,,,,,,,,,,,,,,,,,,,,,,,,,,135,,130,119,115,,,,18,,,,,,,,,,,,,,,,,,,,,,,,,,,,,,,,,,,,,,,,,,,,,,,,,,,,,,,,,,,,,,,,,,,,,,,,,,,,,,,,,,,,245,,,82,31,,62,41,,211,34,38,235,164,,128,,,,68,,52,58,,122,103,118,43,46,119,373,30,132,6,,,62,54,740,57,2227,129,155,41,,,,,,,,,,,,,,,,,,,,,,,,,,,,,,,,,,,,,,,,,,,,,,,,,,,,,11,12,4,13,266,5,15,,,,,,,,,,,,,,,,,,,,,,,,,,,,,,,,,,,,,,,,,,,,,,,,,,,,,,,,,,,,,,,,,,,,,,,,,,,,,,,,,,,,,,,,,,
2026-07-27T12:10:01+00:00,108,189,,,413,28,,30,165,,,163,172,,,57,,,,,79,386,173,246,153,,36,,,,606,26,,,,,147,,,108,123,,125,,25,,,,,,,,36,,,,,11,,,,,,5,,230,87,,,,,,207,,,99,242,,,,,,,,,,,35,82,228,125,174,309,,,,,212,,74,,16,163,77,,570,24,444,,78,,127,194,,8,425,8,96,65,425,91,216,,44,,343,,,,,,132,,,,,403,,,,,104,137,,,,,,,164,,,261,,541,,234,,89,,277,293,295,512,256,29,,,,313,339,194,179,,,,,,,,,,,,,1,,15,15,6,15,,,,,,,,156,,138,,,,,,,80,,,,,,,,,,,12,,,,,,,,,9,,,,,,288,,10,76,120,,,,8,,,,,76,,,,,49,,,,,,,,,,,137,132,122,129,120,114,99,,325,17,,,,,,,,,,,,,,,,88,236,304,,217,330,89,,113,278,29,,,,,,227,,104,,,,,,,,35,,,170,,26,3,,,,420,,,,,177,,,75,,,,,,,,,,,,5,,,,,,,,,,,,,82,28,84,30,,,44,318,212,,,,163,45,,,,10,67,105,,60,11,129,102,,46,,,392,28,133,8,,,,,,,,,,,,,,,,,,,,,,,,,,,,,,,,413,65,140,,648,,195,181,12,252,357,,,69,,,,,,,32,,,160,75,,78,8,54,111,46,27,11,0,14,264,8,4,,,286,60,46,102,25,,,258,174,190,,208,24,,,136,129,,,,,,,,,,,,,,,,,,,,,,,,,,,,,,,,,433,133,,,14,107,206,71,499,24,169,274,100,281,,125,57,62,,97,427,285,,,,,,,431,118,,234,,99,,,,,
2026-07-27T12:15:02+00:00,,,,,,33,,33,164,,,157,174,,,54,,,,,77,387,,253,163,,35,,,,609,27,,30,241,,145,,,,124,,122,,,,,,,,,323,37,,,6,39,,,,,,,0,,,86,,,,,,208,13,,100,239,314,83,166,114,96,170,,,,,,,,,,,,,,,,,,,,,,,,,,,,,,,,,,,,,,,,,,,,,,,,,,,,,,,,,,,,,,,,,,,165,,,265,,540,,222,,85,,284,294,296,,259,,,,,310,343,196,180,,387,906,287,151,300,132,,205,285,,62,0,,18,15,8,,,,,,,,,,,135,,,,,,,81,,,,,,,,,,,13,,,,,,,,8,11,,,,,,289,,11,,,,,,10,,,,,,,,,,,,,,,70,,,,,,138,126,126,130,123,115,85,,329,16,,,,,,,,,,,,,,,206,77,238,306,227,222,336,93,,115,276,30,,1022,,,,224,,,,,,,,,,34,,,171,,29,1,,,,419,,,,,,,,73,,,,,,,,,,,,,,,,,,,,,,,,249,80,,83,20,,,46,320,216,,,,161,,131,,,,,,51,59,10,130,97,,48,45,,404,,,7,,211,52,,744,42,2229,130,160,51,,,,,,,,,,,,,,,,,,,,,,410,66,,,649,,196,183,11,254,361,,,71,98,,,,,,34,,,161,76,97,,,57,108,44,28,10,4,6,259,10,7,,,,,,,,,,,,,,,,,,,,,,,,,,,,,,,,,,,,,,,,,,,,,,,,,,,,432,,,293,16,112,208,70,502,23,168,276,99,282,,,59,64,,99,426,287,,,,,,,428,,,235,,101,38,,,71,
2026-07-27T12:20:01+00:00,109,,,,412,,,39,167,292,,156,173,,,51,,,,,71,385,177,256,165,,,,,,612,28,,,240,,,,0,,122,,123,,,,,,,,,325,36,,,4,,,,,,6,,7,84,,85,0,,,,,214,14,,103,,,,,,,,,,,311,33,83,222,124,175,312,,321,,63,211,14,72,106,17,159,71,163,571,23,433,157,,21,126,209,,9,424,9,92,70,415,86,210,486,,,344,,,,,,127,,,,,405,,,,,111,140,,,,,,,,,,,,,,,,,,,295,295,508,258,,,,,,337,194,177,,,,,,,,,,,,,1,,17,15,2,24,,,,,,,,155,,134,,,,,,,78,,,,,,,,,,,14,,,,,,,,7,9,,,,,,290,,,77,118,,,,11,,,,,75,,,,,,,,,,,,,,,,136,128,128,131,128,112,86,,328,15,,,,,,,,,,,,,,,,78,239,305,226,224,335,,,112,273,29,,1028,,,,225,,105,,,,,,,,,,,,32,,0,,,,,,,,,184,,,,,,,,,,,,,,,4,,,,,,,,,,,,256,82,29,,19,102,63,52,,217,,,238,162,46,,,,,66,,53,63,8,133,94,112,51,,116,421,,132,6,,208,,,745,44,2236,131,162,54,,,,,,,,,,,,,,,,,,,,,,409,64,139,,,,203,,4,252,362,,,72,97,,,,,,32,,,162,75,95,,13,45,111,50,35,9,10,9,262,12,8,,,,,,,,,,,,,,,,,,,,,,,,,,,,,,,,,,,,,,,,,,,,,,,,,,,,433,,,296,15,117,205,71,503,26,169,,100,283,,,,65,,100,,288,,,,,,,429,,,239,,98,36,,,,
2026-07-27T12:25:01+00:00,111,190,,,414,35,,31,,291,,158,178,,,45,,,,,68,387,182,,167,,,,,26,619,27,,,,,142,,,112,,,,,28,,,,,127,,330,,,,1,38,12,,,174,,,9,,232,87,,9,,,,213,,,105,,307,87,164,118,99,163,,195,,,31,84,221,122,174,317,52,,211,72,215,6,73,107,21,157,66,162,572,28,426,,80,22,127,218,,,423,10,,,,,,,,,,,,,,,,,,,,,,,,,,,,,,,,,172,,,266,,542,,223,,82,,282,292,297,502,256,30,,,740,,339,189,173,,385,909,288,152,304,135,,,284,336,58,7,,19,15,0,20,,,,,,,,157,,129,,,,,,,,,,,,,,,,,,,,,,,,,,,12,,,,,,,,13,73,119,,,,,,,,,76,,,,,48,,,,,71,,,,,,138,127,130,,,113,88,,,14,,,,,,,,,,,,,,,208,86,,301,,227,333,,,113,258,,,1038,,,,228,,,,,,,,,,,,,165,36,33,,,,,,,,,,185,,,76,,,,,,,,,,,,6,,,,,,,,,,,,254,86,30,81,22,104,,,323,220,,,239,161,,133,,,,65,,51,68,9,,92,114,52,43,117,430,,,,,,,,,,,,,,,,,,,,,,,,,,,,,,,,,,,,,142,,,,,,,,,,,71,,,,,,,,,,,,,,,,,,25,12,3,,251,10,13,38,44,285,55,61,100,24,,190,251,175,194,,213,20,173,,134,124,,,,,,,,,,,,,,,,,,,,,,,,,,,,,,,,,435,134,127,291,12,111,,,,18,166,275,,284,,,,66,,95,420,289,,,,,,,426,,,236,,102,38,,,86,
2026-07-27T12:30:02+00:00,109,191,,,411,36,,30,169,,,154,179,,,42,,,,,67,386,181,,170,,38,,,27,620,29,,32,241,,143,,,110,123,,121,,,,,,,,,331,,,,2,,,,,175,,,8,,,,,10,,,,,,,102,,,,,,,,,,,,,,,,,,,,,,,,,,,,,,,,,,,,,,,,,,88,74,420,82,213,488,,,343,,,,,,122,,,,,409,,,,,112,139,,,,,,,169,,,269,,549,,225,,85,,286,290,,503,258,31,,,743,309,344,182,175,,,,,,,,,,,,,,,21,15,,21,,,,,,,,,,125,,,,,,,83,,,,,,,,,,,15,,,,,,,,,15,,,,,,289,,12,75,120,,,,13,,,,,74,,,,,46,,,,,,,,,,,141,128,132,,121,114,,,,10,,,,,,,,,,,,,,,212,84,242,303,225,232,340,,,111,,30,,1050,,,,227,,106,,,,,,,,,,,166,35,28,,,,,420,,,,,181,,,74,,,,,,,,,,,,4,,,,,,,,,,,,252,,,79,24,106,,,,223,,,241,163,47,,,,,66,,48,,6,,89,112,54,42,,443,,,7,,209,57,56,750,,2240,129,163,59,,,,,,,,,,,,,,,,,,,,,,410,63,140,,648,,201,184,5,,361,,,70,98,,,,,,,,,159,76,94,79,15,37,117,49,,14,9,11,248,11,12,,,,,,,,,,,,,,,,,,,,,,,,,,,,,,,,,,,,,,,,,,,,,,,,,,,,436,,125,287,15,112,,70,506,15,169,274,,,,,53,65,,96,421,288,,,,,,,428,,,231,,101,37,,,,
2026-07-27T12:35:01+00:00,110,192,,,414,33,,35,,290,,153,,,,37,,,,,71,384,183,253,173,,,,,26,627,28,,33,238,,144,,,111,,,120,,27,,,,,,,333,,,,1,39,,,,,,,9,,231,,1,,,,,212,12,,100,241,310,83,159,120,98,162,,,,,30,,225,126,,316,50,320,,76,217,4,,108,18,161,64,,574,31,,160,,21,128,217,,,425,11,87,73,423,81,211,,46,,,,,,,,124,,,,,407,,,,,111,138,,,,,,,,,,,,,,,,,,,291,299,502,261,34,,,741,306,353,183,176,277,386,921,287,,300,131,150,,,333,64,9,,23,14,2,16,,,,,,,,160,,,,,,,,,85,,,,,,,,,,,,,,,,,,,6,11,,,,,,283,,10,74,,,,,6,,,,,73,,,,,,,,,,72,,,,,,142,132,129,133,124,116,86,,330,9,,,,,,,,,,,,,,,,89,246,300,229,240,,,,107,253,27,,1054,,,,226,,104,,,,,,,,33,,,,36,30,3,,,,,,,,,185,,,73,,,,,,,,,,,,,,,,,,,,,,,,255,85,28,80,29,,62,56,318,220,,,240,162,45,132,,,,,108,45,,2,135,86,109,57,47,118,453,30,,,,,53,,757,52,,128,162,52,,,,,,,,,,,,,,,,,,,,,,,,141,,645,,202,,3,255,363,,,,99,,,,,,,,,158,77,,80,8,41,115,51,26,17,10,19,236,14,11,,,,,,,,,,,,,,,,,,,,,,,,,,,,,,,,,,,,,,,,,,,,,,,,,,,,,,,291,12,107,206,73,505,11,,275,99,286,,124,54,66,,,420,,,,,,,,431,,,236,,104,33,,,93,
2026-07-27T12:40:01+00:00,,,57,138,419,31,,43,168,289,,154,183,,,34,,,,,70,382,185,255,175,,41,,,27,630,27,,30,239,,140,,,110,,,,,,,,,,,,338,,,,,40,,,,174,8,,7,,,,2,,,,,210,,,99,240,,,,,,,,,,,,,,,,,,,,,,,,,,,,,,,,,,,,,,,,,,,,,,,,,,,,,,,,,,,,,,,,,,,,,,,,,163,,,274,,552,,220,,87,,284,289,300,500,259,32,,,748,307,355,181,178,,,,,,,,,,,,,8,,24,14,3,,,,,,,,,,,126,,,,,,,,,,,,,,,,,,16,,,,,,,,,16,,,,,,286,,9,76,,,,,12,,,,,72,,,,,,,,,,,,,,,,141,129,125,134,123,118,,,325,8,,,,,,,,,,,,,,,,86,249,,,249,344,,,105,254,26,,1062,,,,225,,105,,,,,,,,31,,,168,39,27,,,,,418,,,,,181,,,71,,,,,,,,,,,,,,,,,,,,,,,,256,87,,,,,63,50,317,213,,,239,161,,,,,12,67,111,50,66,0,136,88,,60,49,119,458,29,,9,,208,50,,748,49,2244,,161,53,,,,,,,,,,,,,,,,,,,,,,406,64,143,,,,203,186,2,,364,,,71,98,,,,,,,,,159,78,91,,7,35,114,49,30,31,11,24,220,17,7,,41,282,65,59,97,21,,189,,186,195,,214,27,180,,135,117,,,,,,,,,,,,,,,,,,,,,,,,,,,,,,,,,439,,123,287,13,98,204,75,,13,177,276,98,285,,123,53,,,95,424,289,,,,,,,430,,,238,,110,,,,,
2026-07-27T12:45:02+00:00,111,,,,414,,,50,178,288,,151,178,,,32,,,,,68,,184,256,181,,45,,,,639,28,,31,,,145,,,111,127,,118,,28,,,,,,,339,37,,,0,39,,,,171,,,6,,232,,3,12,125,,,211,11,,94,239,313,78,155,118,104,165,,,,,36,78,229,125,176,314,49,,,79,218,8,75,,15,156,68,163,572,30,419,158,82,23,124,219,,,426,10,92,77,422,84,207,487,47,,345,,,,,,122,,,,,408,,,,,109,140,,,,,,,,,,,,,,,,,,,291,301,499,260,30,,,751,310,347,175,177,275,388,924,279,153,303,128,151,204,282,334,,6,,23,15,0,30,,,,,,,,,,,,,,,,,81,,,,,,,,,,,,,,,,,,,,19,,,,,,284,,,75,119,,,,,,,,,73,,,,,,,,,,,,,,,,140,135,121,,127,116,97,,321,6,,,,,,,,,,,,,,,213,79,252,301,,246,337,,,104,255,27,,1066,,,,228,,104,,,,,,,,33,,,,41,,,,,,420,,,,,180,,,76,,,,,,,,,,,,,,,,,,,,,,,,252,88,27,,32,108,,,318,214,,,243,162,46,,,,,,112,51,67,,138,84,,65,47,117,466,30,133,,,,47,55,746,60,2241,,164,63,,,,,,,,,,,,,,,,,,,,,,413,63,,,,,205,188,,,361,,,73,,,,,,,31,,,158,79,84,84,,31,118,46,34,29,17,21,216,14,5,,,,,,,,,,,,,,,,,,,,,,,,,,,,,,,,,,,,,,,,,,,,,,,,,,,,443,,122,288,,96,201,76,504,15,179,,,286,,124,51,69,,94,423,,,,,,,,432,,,231,,107,30,,,107,
2026-07-27T12:50:02+00:00,110,194,,,419,,,52,,290,,153,182,,,31,,,,,,383,190,,182,,,,,29,645,,,29,241,,,,,110,131,,120,,,,,,,126,,341,36,,,2,,,,,170,,,0,,,86,4,13,,,,216,,,,,,76,152,,106,169,,,,,35,73,224,127,179,317,50,,,,217,11,74,,19,155,69,,573,,418,,83,24,126,226,,10,425,9,95,80,425,86,208,489,,,342,,,,,,,,,,,409,,,,,,141,,,,,,,164,,,268,,,,237,,89,,286,296,308,,262,32,,,749,309,344,177,185,,,,,,,,,,,,,2,,27,15,5,24,,,,,,,,,,127,,,,,,,,,,,,,,,,,,20,,,,,,,,,10,,,,,,286,,10,74,120,,,,17,,,,,,,,,,47,,,,,73,,,,,,138,137,124,,123,120,95,,318,3,,,,,,,,,,,,,,,212,,253,298,,240,332,,,105,,30,,,,,,232,,,,,,,,,,34,,,167,42,28,,,,,423,,,,,187,,,,,,,,,,,,,,,,,,,,,,,,,,,253,89,,79,31,109,64,52,317,219,33,37,248,161,,131,10,,,,113,56,68,,139,76,,70,49,120,468,,135,4,,206,50,,755,54,2239,127,163,61,,,,,,,,,,,,,,,,,,,,,,,,146,,641,,204,191,,261,,,,79,99,,,,,,26,,,,83,79,81,,27,119,48,43,46,19,20,233,26,4,,,,,,,,,,,,,,,,,,,,,,,,,,,,,,,,,,,,,,,,,,,,,,,,,,,,446,136,123,289,17,105,200,,,22,180,275,100,287,,125,52,68,,95,,288,,,,,,,,,,230,,106,32,,,102,
2026-07-27T12:55:02+00:00,,197,,,421,27,,55,176,287,,,178,,,,,,,,66,382,192,253,184,,46,,,30,652,,,31,242,,144,,,111,132,,123,,29,,,,,,,,,,,4,38,11,,,172,,,,,231,87,,12,,,,218,15,,97,237,,,,,,,,,,,,,,,,,,,,,,,,,,,,,,,,,,,,,,,,,,,,,,,,,,,,,,,,,,,,,,,,,,,,,,,,,,,,,,,,,,,,,300,311,,,33,,,744,308,348,174,182,,391,936,271,154,302,124,,203,,328,60,3,,35,15,0,,,,,,,,,,,124,,,,,,,83,,,,,,,,,,,22,,,,,,,,,1,,,,,,285,,9,73,121,,,,20,,,,,77,,,,,50,,,,,,,,,,,139,143,114,133,128,123,102,,320,7,,,,,,,,,,,,,,,206,78,256,303,230,239,333,94,,104,248,24,,1071,,,,231,,106,,,,,,,,,,,,44,24,2,,,,,,,,,189,,,75,,,,,,,,,,,,,,,,,,,,,,,,252,87,24,81,29,,,53,320,226,34,35,250,160,44,134,,,11,66,110,58,,,,73,110,76,51,121,474,,136,5,,209,,,756,47,2241,,160,59,,,,,,,,,,,,,,,,,,,,,,418,,144,,642,,207,193,3,260,359,,,81,,,,,,,25,,,,85,71,76,,21,118,,41,37,17,,226,29,9,,,,,,,,,,,,,,,,,,,,,,,,,,,,,,,,,,,,,,,,,,,,,,,,,,,,448,135,,292,14,101,202,73,501,,176,276,99,286,,,51,67,,96,424,287,,,,,,,434,,,226,,103,34,,,,
2026-07-27T13:00:02+00:00,111,201,,,419,,,62,178,290,,151,182,,,25,,,,,63,385,194,256,,,47,,,,647,,,30,241,,143,,,,134,,122,,,,,,,127,,343,35,,,,37,13,,,,,,7,,,86,,,,,,221,,,,238,315,72,153,112,,174,,,,312,38,71,229,129,176,321,48,,,91,220,22,76,,23,158,64,164,576,,417,,85,31,124,234,,,427,8,96,73,417,82,202,477,46,,346,,,,,,125,,,,,412,,,,,,,,,,,,,,,,266,,547,,242,,,,288,,,498,252,35,,,749,,349,,177,,,,,,,,,,,,,0,,39,14,1,31,,,,,,,,161,,123,,,,,,,86,,,,,56,,,,,,,,,,,,,,,5,,,,,,286,,,,123,,,,22,,,,,,,,,,,,,,,,,,,,,140,152,113,132,130,125,103,,315,5,7,,,,,,,,,,,,,,207,85,259,297,229,,338,95,,107,239,,,1075,,,,234,,108,,,,,,,,,,,,43,,3,,,,406,,,,,187,,,76,,,,,,,,,,,,,,,,,,,,,,,,254,86,23,82,30,110,,,,219,,,251,158,,135,,,,,111,57,69,,140,71,109,78,52,119,479,31,,7,,208,53,54,747,53,2239,125,158,53,,,,,,,,,,,,,,,,,,,,,,,,,,,,,,,,,,,,,,,,,,,,,,,,,,,,,42,47,16,18,227,30,8,40,40,,68,58,101,,,180,248,191,196,,213,24,184,,132,118,,,,,,,,,,,,,,,,,,,,,,,,,,,,,,,,,445,136,121,289,18,99,204,74,500,25,169,275,,,,124,52,,,97,426,,,,,,,,429,,,227,,,32,,,107,
2026-07-27T13:05:01+00:00,113,205,,139,420,28,,71,184,296,,149,,,,22,,,,,65,420,,254,,,50,,,,648,,,31,239,,,,,113,135,,123,,28,,,,,,,346,37,,,6,,,,,,,,13,,,87,5,,,,,,16,,96,,,,,,,,,,,313,,76,236,132,180,315,47,319,210,92,222,21,75,,25,154,63,,577,,,160,90,28,121,226,24,,425,9,,,,,,,,,,,,,,,,,,,,,,,,,,,,,,,,,,,,,,,,,,,,,298,309,500,,38,,,746,307,348,175,171,276,,945,267,,305,119,152,202,,324,84,2,,41,14,6,38,,,,,,,,159,,122,,,,,,,87,,,,,57,,,,,,,,,,,,,,,1,,,,,,288,,,74,122,,,,21,,,,,78,,,,,51,,,,,,,,,,,141,148,124,131,,,104,,319,,8,,,,,,,,,,,,,,206,84,258,293,232,240,339,94,,108,240,29,,1080,,,,238,,107,,,,,,,,,,,164,45,26,2,,,,407,,,,,184,,,78,,,,,,,,,,,,5,,,,,,,,,,,,256,,22,81,28,112,,55,318,,,,248,160,43,134,,,,67,109,51,66,2,142,72,,79,51,116,484,32,,8,,,,,,,,,,,,,,,,,,,,,,,,,,,,,,,,423,64,,,636,,,192,2,259,,,,85,,,,,,,29,,,160,86,64,75,,7,126,47,46,58,19,21,226,28,,,,,,,,,,,,,,,,,,,,,,,,,,,,,,,,,,,,,,,,,,,,,,,,,,,,,446,137,,294,17,102,200,,499,21,167,270,100,,,126,50,,,94,428,285,,,,,,,,,,226,,105,34,,,,
2026-07-27T13:10:01+00:00,112,207,,140,419,,,73,188,,,146,187,,,18,,,,,69,421,201,259,188,,52,,,,657,,,30,,,,,1,115,,,125,,,,,,,129,,,38,,,8,38,,,,,,,,85,,88,,,,,,219,17,,98,,307,64,,110,105,171,,,,,,,,,,,,,,,,,,,,,,,,,,,,,,,,,,,91,78,427,77,204,476,48,94,343,,,,,,120,,,,,416,,,,,105,145,,,,,,,,,,264,,554,,255,,84,,296,300,310,507,256,39,,,747,305,342,171,175,,,,,,,,,,,,,5,,44,14,1,39,,,,,,,,156,,,,,,,,,89,,,,,58,,,,,,21,,,,,,,,4,0,,,,,,291,,8,75,,,,,27,,,,,75,,,,,,,,,,,,,,,,139,162,127,130,127,,111,,322,6,,,,,,,,,,,,,,,207,86,262,292,233,242,340,93,,110,243,31,,1084,,,,237,,105,,,,,,,,35,,,,46,,3,,,,409,,,,,183,,,81,,,,,,,,,,,,4,,,,,,,,,,,,255,90,,83,20,113,65,60,,222,,,249,161,42,136,,,,66,107,46,,0,146,,,81,53,113,485,,137,,,207,55,55,,51,,124,,49,,,,,,,,,,,,,,,,,,,,,,,,145,,,,,,,,,,,83,98,,,,,,30,,,,85,,69,,16,,,47,67,24,23,244,30,10,,,,,,,,,,,,,,,,,,,,,,,,,,,,,,,,,,,,,,,,,,,,,,,,,,,,,136,119,,20,106,197,76,497,23,169,271,,288,,124,53,65,,,,286,,,,,,,431,119,,229,,100,32,,,108,
2026-07-27T13:15:01+00:00,114,209,,142,422,22,,79,195,297,,149,188,,,17,,,,,65,424,204,,190,,,,,28,660,27,,31,242,,141,,,,,,,,,,,,,131,,349,37,,,6,,,,,,,3,16,86,,89,4,,,,,223,,,96,236,308,72,152,111,104,169,,,,315,39,75,247,136,181,316,48,,,87,220,25,,107,27,157,69,,578,32,,,91,27,120,234,,,426,8,,,,,,,,,,,,,,,,,,,,,,,,,,,,,,,,,,,,,,,,,,,,,,314,509,254,41,,,753,304,336,174,171,,394,965,277,155,309,,153,,284,325,76,9,,46,14,4,55,,,,,,,,158,,125,,,,,,,90,,,,,59,,,,,,19,,,,,,,,,,,,,,,292,,,74,121,,,,29,,,,,73,,,,,52,,,,,74,,,,,,138,152,135,129,129,124,108,,324,14,,,,,,,,,,,,,,,206,90,266,296,236,239,337,94,,115,242,23,,1093,,,,236,,106,,,,,,,,33,,,165,45,25,5,,,,408,,,,,185,,,83,,,,,,,,,,,,5,,,,,,,,,,,,,89,21,85,19,,,59,,218,,34,,160,,137,,,12,65,,,64,,,68,108,83,49,112,494,33,,9,,208,70,56,745,102,2237,,156,45,,,,,,,,,,,,,,,,,,,,,,436,,147,,635,,211,193,4,261,360,,,80,99,,,,,,28,,,159,87,66,70,,18,120,50,48,80,29,21,246,33,11,37,38,287,69,55,104,22,,176,240,196,194,,207,21,,,140,113,,,,,,,,,,,,,,,,,,,,,,,,,,,,,,,,,449,137,116,292,23,109,194,,498,26,168,269,99,,,125,57,64,,95,429,,,,,,,,434,,,234,,107,34,,,,
2026-07-27T13:20:01+00:00,,208,,143,425,24,,84,199,296,,153,190,,,18,,,,,63,,211,260,188,,53,,,27,669,,,33,240,,148,,,113,136,,124,,,,,,,130,,358,,,,5,39,,,,,9,4,20,85,,,5,,,,,231,16,,99,235,,,,,,,,,,,38,78,254,142,182,320,50,,211,90,224,31,,,26,163,73,163,,33,424,166,95,31,118,243,23,,430,7,87,73,437,76,201,474,47,,342,,,,,,116,,,,,421,,,,,107,,,,,,,,160,,,263,,551,,269,,86,,301,296,313,514,255,44,,,755,307,331,173,174,,,,,,,,,,,,,12,,51,14,6,58,,,,,,,,,,130,,,,,,,,,,,,60,,,,,,20,,,,,,,,,1,,,,,,286,,,73,,,,,,,,,,75,,,,,51,,,,,73,,,,,,,160,137,130,124,126,109,,328,16,,,,,,,,,,,,,,,208,79,269,300,,,335,,,117,238,,,1096,,,,239,,,,,,,,,,,,,162,,27,7,,,,407,,,,,181,,,85,,,,,,,,,,,,,,,,,,,,,,,,252,86,,86,22,114,64,60,322,216,,33,254,163,43,139,,,13,,108,45,68,,,65,112,86,44,113,506,32,,8,,211,75,,752,,2239,126,160,,,,,,,,,,,,,,,,,,,,,,,437,,149,,640,,210,191,3,260,,,,81,102,,,,,,26,,,,88,64,72,,25,,52,52,93,41,18,247,37,12,,,,,,,,,,,,,,,,,,,,,,,,,,,,,,,,,,,,,,,,,,,,,,,,,,,,450,136,117,288,26,107,195,,499,23,164,271,98,,,127,55,,,93,431,285,,,,,,,433,,,232,,112,,,,103,
2026-07-27T13:25:01+00:00,112,,,,426,,,87,200,,,152,186,,,16,,,,,65,425,215,261,187,,54,,,,664,28,,32,,,149,,,114,135,,,,,,,,,131,,,36,,,4,,11,,,171,,0,21,84,,,4,,,,,,15,,100,233,303,79,150,113,106,177,,,,316,42,79,252,145,,322,49,321,212,93,225,35,,,23,162,72,,579,,430,,96,32,,247,,,,,,,,,,,,,,,,,,,,,,,,,,,,,,,,,,,,,,,,,,,,,,,,,,316,512,260,41,,,754,308,327,176,167,277,397,991,282,,308,118,,,288,316,74,,,50,13,7,66,,,,,,,,159,,128,,,,,,,91,,,,,62,,,,,,18,,,,,,,,,3,,,,,,287,,,74,123,,,,30,,,,,80,,,,,50,,,,,,,,,,,140,154,138,131,125,128,108,,333,15,,,,,,,,,,,,,,,,72,267,,237,237,332,,,116,235,20,,1103,,,,,,107,,,,,,,,31,,,164,47,24,,,,,408,,,,,183,,,,,,,,,,,,,,,3,,,,,,,,,,,,243,87,23,89,20,115,63,63,324,227,,,,167,44,141,,,,,110,41,,,147,66,111,89,43,117,516,31,,4,,215,81,58,755,105,2245,124,163,47,,,,,,,,,,,,,,,,,,,,,,440,63,148,,643,,212,189,1,259,359,,,,106,,,,,,28,,,163,92,73,70,,,131,,53,95,46,12,251,42,,,,,,,,,,,,,,,,,,,,,,,,,,,,,,,,,,,,,,,,,,,,,,,,,,,,,452,137,,286,29,108,194,,498,21,169,,97,290,,128,51,63,,,,289,,,,,,,431,,,233,,113,40,,,98,
2026-07-27T13:30:02+00:00,113,210,,,427,23,,90,199,299,,149,189,,,14,,,,,62,422,217,267,188,,55,,,26,668,27,,27,243,,147,,,118,,,,,,,,,,132,,361,37,,,,38,,,,,10,,22,,,,5,14,,,,234,,,102,231,,,,,,,,,,,,83,,146,185,327,,322,,99,227,40,76,,25,167,71,164,580,32,,168,97,35,122,255,24,11,429,5,89,69,446,74,207,473,49,96,343,,,,,,115,,,,,426,,,,,112,140,,,,,,,,,,258,,553,,276,,74,,308,293,314,507,258,,,,753,306,321,174,170,,,,,,,,,,,,,9,,53,13,17,77,,,,,,,,,,132,,,,,,,94,,,,,63,,,,,,17,,,,,,,,3,6,,,,,,294,,7,73,122,,,,28,,,,,79,,,,,,,,,,,,,,,,141,163,137,,123,125,110,,337,16,,,,,,,,,,,,,,,205,70,,311,238,,331,96,,114,,24,,1110,,,,244,,109,,,,,,,,,,,,53,22,10,,,,,,,,,185,,,93,,,,,,,,,,,,4,,,,,,,,,,,,250,86,24,91,,116,,,323,233,,34,256,169,,142,,,14,67,112,44,65,2,,71,107,91,40,115,544,34,138,5,,213,83,60,752,115,2248,,161,42,,,,,,,,,,,,,,,,,,,,,,436,,149,,640,,214,194,2,,,,,,107,,,,,,,,,165,94,,71,13,23,135,,55,109,45,15,250,44,11,41,47,288,78,51,102,25,,180,235,198,196,,210,10,175,,144,107,,,,,,,,,,,,,,,,,,,,,,,,,,,,,,,,,455,138,,283,30,107,192,77,499,24,174,270,98,291,,127,,,,94,,,,,,,,,437,,,241,,118,36,,,102,
2026-07-27T13:35:02+00:00,112,211,,,433,24,,92,198,297,,148,,,,9,,,,,,426,218,269,200,,54,,,,672,,6,28,,,149,,,,134,,123,,,,,,,130,,367,,,,3,39,,,,,9,5,25,,,91,,12,,,,231,14,,103,232,304,78,157,108,105,179,,,,,,,,,,,,,,,,,,,,,,,,,,,,,,,,,,,91,71,450,67,211,475,50,100,342,,,,,,116,,,,,428,,,,,116,142,,,,,,,150,,,254,,551,,272,,69,,312,290,316,491,259,42,,,752,307,323,178,171,,393,998,286,154,320,113,155,203,290,319,56,10,,59,12,,88,,,,,,,,161,,136,,,,,,,96,,,,,61,,,,,,21,,,,,,,,,,,,,,,291,,,74,120,,,,29,,,,,80,,,,,,,,,,,,,,,,142,164,142,133,,127,111,,338,19,,,,,,,,,,,,,,,207,66,268,313,240,240,327,97,,115,233,26,,1117,,,,252,,111,,,,,,,,33,,,,54,23,,,,,407,,,,,180,,,95,,,,,,,,,,,,5,,,,,,,,,,,,251,87,25,90,29,117,64,69,322,231,,,257,166,42,,,,,68,111,48,62,1,155,70,110,96,39,114,555,35,,7,,211,84,,754,117,2258,125,166,41,,,,,,,,,,,,,,,,,,,,,,431,,151,,,,219,193,3,,,,,82,,,,,,,27,,,,92,74,78,,25,138,54,58,107,,17,252,42,,,,,,,,,,,,,,,,,,,,,,,,,,,,,,,,,,,,,,,,,,,,,,,,,,,,,457,137,,285,28,105,195,76,500,19,177,271,97,290,,128,50,62,,,433,,,,,,,,435,,,,,120,,,,,
2026-07-27T13:40:02+00:00,109,,,,431,25,,93,196,298,,,191,,,5,,,,,68,421,228,268,206,,52,,,,679,26,1,29,242,,147,,,122,133,,,,,,,,,131,,369,38,,,5,40,12,,,173,,8,33,,232,,6,,123,,,233,13,,102,,,,,,,,,,,,43,95,262,151,191,329,48,320,213,,233,35,80,,28,171,65,,,34,434,176,102,42,126,,,,,,,,,,,,,,,,,,,,,,,,,,,,,,,,,,,,,,,,,,,,,,,,,,288,317,486,260,44,,,750,,330,182,167,,,,,,,,,,,,,11,,63,12,19,94,,,,,,,,159,,138,,,,,,,93,,,,,65,,,,,,,,,,,,,,,7,,,,,,301,,,72,123,,,,23,,,,,77,,,,,49,,,,,,,,,,,,170,147,134,122,126,108,,339,20,,,,,,,,,,,,,,,204,67,271,,243,242,328,,,113,227,,,1130,,,,254,,,,,,,,,,31,,,165,53,,,,,,409,,,,,184,,,97,,,,,,,,,,,,4,,,,,,,,,,,,254,,27,94,26,,63,75,324,235,,,258,163,,147,9,,,,112,49,60,3,158,68,109,100,40,,563,36,137,,,,89,63,,121,2260,124,,39,,,,,,,,,,,,,,,,,,,,,,447,,,,643,,220,191,1,260,360,,,,106,,,,,,26,,,169,91,81,73,,23,143,55,92,142,47,19,255,44,17,,,,,,,,,,,,,,,,,,,,,,,,,,,,,,,,,,,,,,,,,,,,,,,,,,,,,,116,290,27,109,191,73,501,17,174,274,,,,,51,,,97,434,287,,,,,,,438,120,,245,,124,40,,,101,
2026-07-27T13:45:01+00:00,112,212,,144,434,,,84,,299,,152,194,,,3,,,,,,,229,266,,,,,,,685,23,0,33,,,149,,3,124,132,,,,27,,,,,,,371,,,,2,41,,,,,,,36,,233,90,7,13,,,,229,,,103,231,305,67,152,97,,170,,,,,50,,266,152,192,331,,323,214,104,,33,,108,34,174,71,,583,33,437,175,105,48,129,268,,,431,6,93,74,472,65,214,,,102,341,,,,,,,,,,,440,,,,,111,144,,,,,,,152,,,253,,558,,278,,63,,315,,321,481,265,45,,,751,306,327,179,170,281,397,996,280,,327,,,,,314,66,15,,70,13,20,117,,,,,,,,160,,141,,,,,,,,,,,,69,,,,,,,,,,,,,,,4,,,,,,306,,8,73,,,,,26,,,,,76,,,,,47,,,,,,,,,,,,164,144,135,120,129,114,,340,27,,,,,,,,,,,,,,,207,70,273,317,,240,327,99,,112,221,25,,1141,,,,253,,113,,,,,,,,30,,,163,52,,11,,,,,,,,,188,,,99,,,,,,,,,,,,,,,,,,,,,,,,,89,,96,25,,,83,327,238,,35,262,170,,150,,,,,,44,62,4,163,71,,103,37,115,572,,,6,,213,114,62,751,127,2262,123,167,37,,,,,,,,,,,,,,,,,,,,,,,,,,,,,,,,,,,,,,,,,,,,,,,,,,,,,95,161,55,23,267,48,21,,49,285,84,49,104,26,,178,,,200,,206,5,181,,153,119,,,,,,,,,,,,,,,,,,,,,,,,,,,,,,,,,459,136,,291,24,107,,,,13,170,,,292,,131,,60,,99,433,286,,,,,,,442,121,,,,122,,,,,
2026-07-27T13:50:01+00:00,,213,58,,439,26,,83,193,301,,153,198,,,2,,,,,67,420,226,265,203,,51,,,27,698,22,,35,244,,,,,125,131,,122,,28,,,,,,,373,,,,,42,,,,,,11,39,,,88,10,,,,,225,,,,230,,,,,,,,,,,,,,,,,,,,,,,,,,,,,,,,,,,,,,,,,,,,,,,,,,,,,,,,,,,,,,,,,,,,,,,,,,,,,,,,,,,,,292,318,499,261,50,,,752,,322,178,171,,,,,,,,,,,,,9,,77,13,16,136,,,,,,,,,,142,,,,,,,95,,,,,,,,,,,23,,,,,,,,,13,,,,,,309,,9,76,,,,,25,,,,,78,,,,,46,,,,,,,,,,,138,172,149,134,121,134,116,,339,,,,,,,,,,,,,,,,214,76,275,323,246,241,320,,,109,220,26,,1146,,,,255,,,,,,,,,,29,,,164,53,24,10,,,,410,,,,,195,,,105,,,,,,,,,,,,,,,,,,,,,,,,263,91,29,94,26,118,64,86,331,237,,,263,177,45,152,,,,69,114,47,61,,173,77,107,105,39,,580,,135,,,,,,,,,,,,,,,,,,,,,,,,,,,,,,,,,450,61,145,,645,,223,,3,262,,,,83,107,,,,,,27,,,171,94,82,72,,25,146,49,112,170,58,22,,53,20,,,,,,,,,,,,,,,,,,,,,,,,,,,,,,,,,,,,,,,,,,,,,,,,,,,,464,,156,295,,104,189,72,503,,174,276,96,,,136,,57,,96,,285,,,,,,,443,,,241,,120,41,,,,
2026-07-27T13:55:02+00:00,116,219,,143,444,24,,89,196,,,,197,,,1,,,,,71,,232,268,210,,56,,,26,697,23,1,36,,,155,,,126,130,,120,,,,,,,,,,39,,,,40,,,,172,,12,38,85,,,11,,,,,221,12,,105,229,298,65,149,99,106,165,,194,,,51,103,270,151,191,329,49,,215,102,237,32,,,40,181,,165,,32,,,,51,130,272,,,,4,95,72,,77,219,477,,104,343,,,,,,118,,,,,448,,,,,105,146,,,,,,,,,,247,,555,,273,,,,318,294,325,509,252,,,,753,,324,176,174,282,,1005,,152,322,100,157,205,293,297,67,7,,,13,,149,,,,,,,,156,,,,,,,,,97,,,,,,,,,,,,,,,,,,,,9,,,,,,311,,10,77,,,,,20,,,,,77,,,,,,,,,,,,,,,,,173,146,133,117,136,119,,341,25,,,,,,,,,,,,,,,213,66,,328,248,243,318,100,,112,219,24,,1153,,,,254,,112,,,,,,,,32,,,165,54,23,9,,,,409,,,,,198,,,111,,,,,,,,,,,,,,,,,,,,,,,,268,90,31,93,,121,63,87,327,236,,,262,179,,151,,,,68,115,46,60,5,180,72,110,107,,113,596,37,136,,4,218,107,61,747,128,,127,171,36,,,,,,,,,,,,,,,,,,,,,,447,,141,,,,224,189,2,,361,,,,108,,,,,,26,,,174,,91,75,,31,140,53,116,184,66,20,283,56,25,,,,,,,,,,,,,,,,,,,,,,,,,,,,,,,,,,,,,,,,,,,,,,,,,,,,467,135,157,293,23,108,184,71,505,11,167,,95,,,139,48,55,,,432,287,,,,,,,445,,,247,,126,43,,,,
2026-07-27T14:00:02+00:00,114,220,,,448,21,,88,,300,,,200,,,0,,,,,67,423,237,,212,,58,,,25,708,22,,,242,,156,,,,131,,,,,,,,,130,,374,,,,5,39,11,,,173,,,41,84,,87,9,15,,,,224,,,,,,,,,,,,,,,,,,,,,,,,,,,,,,,,,,,,,,,,,,,,,,,,,,,,,,,,,,,,,,,,,,,,,,,,,,,,,158,,,244,,554,,,,59,,320,296,327,528,254,,,,754,307,323,180,169,,,,,,,,,,,,,3,,,13,15,156,,,,,,,,158,,144,,,,,,,,,,,,71,,,,,,22,,,,,,,,,,,,,,,307,,8,,,,,,23,,,,,79,,,,,47,,,,,74,,,,,,139,171,145,132,121,140,118,,339,26,,,,,,,,,,,,,,,214,70,,,250,245,309,103,,111,215,30,,1161,,,,251,,113,,,,,,,,33,,,166,52,22,,,,,,,,,,197,,,119,,,,,,,,,,,,2,,,,,,,,,,,,270,,,91,24,,,92,332,233,,,264,182,46,152,,,,67,,37,65,6,184,71,111,113,37,112,620,36,,8,,,,,,,,,,,,,,,,,,,,,,,,,,,,,,,,,,,,,,,,,,,,,,,,,,,,,,,,,,,,,,,120,189,74,19,298,59,26,39,50,286,100,51,105,27,,174,234,207,198,,209,4,199,,161,127,,,,,,,,,,,,,,,,,,,,,,,,,,,,,,,,,469,134,159,290,,110,,,506,14,170,275,94,293,,140,49,54,,,433,288,,,,,,,,,,252,,128,,,,104,
2026-07-27T14:05:02+00:00,107,224,,,449,24,,,195,306,,154,,,,,,,,,,422,240,270,217,,60,,,26,710,,4,,241,,158,,,128,134,,,,,,,,,,,,,,,3,,12,,,174,,14,44,,,,11,,,,,,,,109,227,295,62,152,102,104,,,,,314,49,95,272,153,190,337,48,322,,105,240,41,,,45,184,72,,585,,440,180,,62,132,278,,10,,5,89,78,482,78,,479,52,106,345,,,,,,113,,,,,451,,,,,109,149,,,,,,,,,,,,,,,,,,,293,333,533,258,,,,758,306,327,175,174,,396,1022,276,151,325,96,160,208,294,291,74,6,,87,13,20,170,,,,,,,,166,,,,,,,,,102,,,,,73,,,,,,25,,,,,,,,2,4,,,,,,309,,9,78,122,,,,24,,,,,82,,,,,,,,,,,,,,,,,181,156,137,119,144,,,344,27,,,,,,,,,,,,,,,218,74,277,332,253,246,308,108,,112,220,28,,1180,,,,255,,112,,,,,,,,,,,167,54,21,8,,,,411,,,,,199,,,128,,,,,,,,,,,,5,,,,,,,,,,,,268,93,,,23,122,,96,339,234,,34,277,185,48,155,,,,64,114,41,63,4,191,72,,125,36,,635,,135,10,11,216,118,62,744,127,2263,128,,35,,,,,,,,,,,,,,,,,,,,,,455,,139,,647,,226,186,3,261,359,,,80,,,,,,,29,,,177,98,87,78,,40,144,55,123,196,72,18,301,61,,,,,,,,,,,,,,,,,,,,,,,,,,,,,,,,,,,,,,,,,,,,,,,,,,,,,470,,161,295,19,113,186,,504,13,174,,93,,,142,47,56,,97,,287,,,,,,,450,,,250,,126,42,,,,
2026-07-27T14:10:01+00:00,103,229,57,,456,29,,85,193,304,,157,206,,,26,,,,,73,427,242,273,222,,61,,,,733,24,8,33,,,156,,,129,135,,,,29,,,,,,,376,,,,2,,11,,,173,10,18,49,,,88,10,16,,,,,,,,,,,,,,,,,,,,,,,,,,,,,,,,,,,,,,,,,,,,,,,,,,,,,,,,,,,,,,,,,,,,,,,,,,,,,,,,,161,,,245,,551,,285,,55,,331,292,338,534,264,,,,759,,336,178,173,,,,,,,,,,,,,5,,93,13,17,,,,,,,,,,,148,,,,,,,103,,,,,74,,,,,,26,,,,,,,,1,9,,,,,,312,,8,,123,,,,27,,,,,,,,,,46,,,,,,,,,,,141,186,158,136,122,149,120,,349,26,,,,,,,,,,,,,,,227,77,289,340,259,257,310,109,,111,222,27,,1199,,,,259,,110,,,,,,,,35,,,,52,23,,,,,413,,,,,203,,,130,,,,,,,,,,,,4,,,,,,,,,,,,269,,,92,22,125,61,106,343,239,35,,287,192,,156,,,15,,119,36,64,,193,79,114,130,31,111,669,34,,12,13,218,136,,751,134,2265,134,,33,,,,,,,,,,,,,,,,,,,,,,,62,,,,,225,185,2,263,361,,,,,,,,,,,,,,,89,,,,,60,147,225,74,20,391,72,34,,,,,,,,,,,,,,,,,,,,,,,,,,,,,,,,,,,,,,,,,,,,,,,,,,,,472,132,159,,18,112,188,72,,18,173,,92,294,,143,49,,,104,,289,,,,,,,452,,,257,,130,41,,,,
2026-07-27T14:15:01+00:00,101,234,,,458,32,,91,200,305,,156,212,,,24,,,,,74,425,252,,221,,63,,,23,756,,12,32,242,,161,,5,130,138,,,,,,,,,129,,,40,,,0,,,,,,11,21,51,,,86,11,,,,,,,,110,,291,79,154,110,110,168,,,,315,52,103,281,160,195,343,45,,216,113,244,,,107,48,189,86,,586,34,432,183,106,63,144,283,,11,,8,88,84,495,70,221,480,,110,,,,,,,123,,,,,453,,,,,113,,,,,,,,,,,,,,,,,,,,294,342,536,276,51,,,756,307,340,185,174,280,395,1039,,152,332,93,163,210,298,285,64,4,,100,13,18,171,,,,,,,,168,,149,,,,,,,102,,,,,72,,,,,,,,,,,,,,0,6,,,,,,311,,7,,125,,,,35,,,,,83,,,,,47,,,,,,,,,,,144,187,171,,125,,127,,357,28,,,,,,,,,,,,,,,232,78,294,350,266,254,319,113,,114,233,,,1209,,,,262,,109,,,,,,,,33,,,169,54,24,,,,,412,,,,,211,,,135,,,,,,,,,,,,,,,,,,,,,,,,275,94,33,94,20,,62,111,348,248,,,291,191,,160,,,17,,122,40,60,3,198,81,113,134,32,113,684,35,,,18,214,147,,,130,2272,137,170,48,,,,,,,,,,,,,,,,,,,,,,451,,143,,,,,,,,,,,83,106,,,,,,31,,,183,99,,81,,38,148,,151,241,76,23,397,73,33,,,,,,,,,,,,,,,,,,,,,,,,,,,,,,,,,,,,,,,,,,,,,,,,,,,,476,131,161,300,22,116,187,,505,22,172,276,,,,146,46,57,,103,436,,,,,,,,453,,,263,,,,,,101,
2026-07-27T14:20:01+00:00,104,235,,,469,33,,94,199,308,,155,210,,,21,,,,,76,,260,274,220,,61,,,24,770,22,5,33,245,,163,,,134,142,,,,31,,,,,,,380,,,,,40,,,,172,9,23,52,,,87,12,17,,,,221,11,,115,229,,,,,,,,,,,,,,,,,,,,,,,,,,,,,,,,,,,,,,,,,,,,,,,,,,,,,,,,,,,,,,,,,,,,,,,,,167,,,236,,562,,295,,53,,346,296,344,544,280,,,,759,306,334,188,170,,,,,,,,,,,,,10,,98,14,,185,,,,,,,,,,,,,,,,,,,,,,,,,,,,,,,,,,,,,10,,,,,,314,,8,77,127,,,,,,,,,85,,,,,48,,,,,,,,,,,,,,,,,,,,,,,,,,,,,,,,,,,240,87,297,352,267,259,318,112,,123,239,28,,1210,,,,267,,111,,,,,,,,,,,172,57,29,11,,,,411,,,,,215,,,145,,,,,,,,,,,,,,,,,,,,,,,,,,,,,,,,,,,,,,,,,,,,,,,,,,,,,,,,,,,,,,,,,,,,,,,,,,,,,,,,,,,,,,,,,465,61,147,,649,,231,189,1,264,363,,,85,107,,,,,,36,,,189,100,90,78,,54,155,56,,,,,,,,,,,,,,,,,,,,,,,,,,,,,,,,,,,,,,,,,,,,,,,,,,,,,,,,,,,478,125,,297,20,119,190,,,16,179,275,94,296,,147,47,56,,105,,288,,,,,,,454,,,257,,128,,,,,
2026-07-27T14:20:02+00:00,,,,,,,,,,,,,,,,,,,,,,,,,,,,,,,,,,,,,,,,,,,,,,,,,,,,,,,,,,,,,,,,,,,,,,,,,,,,,,,,,,,,,,,,,,,,,,,,,,,,,,,,,,,,,,,,,,,,,,,,,,,,,,,,,,,,,,,,,,,,,,,,,,,,,,,,,,,,,,,,,,,,,,,,,,,,,,,,,,,,,,,,,,,,,,,,,,,,,,,170,,148,,,,,,,104,,,,,,,,,,,28,,,,,,,,,,,,,,,,,,,,,,,,,,,,,,,,,,,,,,,,,,,,142,195,176,135,129,147,128,,361,27,9,,,,,,,,,,,,,,,,,,,,,,,,,,,,,,,,,,,,,,,,,,,,,,,,,,,,,,,,,,,,,,,,,,,,,,,,,,,,,,,,,,,274,95,34,91,19,126,,112,353,244,,,294,195,,163,8,,,,124,45,61,2,201,84,114,137,33,115,700,,137,14,23,218,158,,,132,2280,,171,,,,,,,,,,,,,,,,,,,,,,,,,,,,,,,,,,,,,,,,,,,,,,,,,,,,,,157,245,82,25,405,77,39,44,44,287,104,60,103,,,181,235,203,194,,213,1,194,,165,123,,,,,,,,,,,,,,,,,,,,,,,,,,,,,,,,,,,,,,,,,,,,,,,,,,,,,,,,,,,,,,,,,,,,,,,
2026-07-27T14:25:02+00:00,106,238,56,,470,34,,96,200,310,,,214,,,16,,,,,77,,261,267,216,,62,,,23,782,,10,32,,,,,,135,143,,122,,,,,,,,,379,,,,,,10,,,,7,26,57,83,,88,,19,,,,,12,,114,230,285,82,163,114,109,170,,,,317,56,110,291,168,196,355,44,332,,108,245,48,79,109,51,202,101,,704,37,435,191,108,70,148,301,,10,,13,96,73,519,74,225,479,,116,349,,,,,,120,,,,,456,,,,,,152,,,,,,,,,,,,,,,,,,,294,345,551,290,52,,,764,305,332,192,180,279,394,1065,277,,337,96,164,214,296,,62,,,96,14,16,206,,,,,,,,166,,145,,,,,,,,,,,,74,,,,,,29,,,,,,,,,12,,,,,,,,9,76,,,,,39,,,,,,,,,,47,,,,,,,,,,,140,194,185,134,131,152,135,,362,28,,,,,,,,,,,,,,,238,94,300,355,269,267,321,113,,124,245,,,1218,,,,,,110,,,,,,,,,,,171,58,,,,,,412,,,,,214,,,146,,,,,,,,,,,,5,,,,,,,,,,,,277,97,36,,20,128,61,115,359,248,36,33,296,198,,165,,,,,121,49,58,1,211,88,117,142,35,116,719,,,15,28,221,165,60,758,134,2282,136,,46,,,,,,,,,,,,,,,,,,,,,,,62,145,,651,,229,193,2,,362,,,,111,,,,,,,,,190,102,93,,,61,157,52,168,244,89,31,414,81,42,,,,,,,,,,,,,,,,,,,,,,,,,,,,,,,,,,,,,,,,,,,,,,,,,,,,483,123,,301,18,120,192,75,,8,183,,,,,146,49,51,,,,289,,,,,,,456,,,258,,126,,,,94,
2026-07-27T14:30:01+00:00,102,241,,,475,35,,95,202,,,,220,,,22,,,,,76,427,264,,226,,63,,,25,799,,7,28,244,,164,,,136,144,,,,33,,,,,130,,380,,,,,41,9,,,171,,32,56,,,,,,,,,218,11,,115,229,276,79,158,116,110,171,,,,,52,114,298,173,197,361,49,333,217,114,247,46,78,,60,204,99,166,711,41,433,199,109,78,159,311,,,436,16,,,,,,,,,,,,,,,,,,,,,,,,,,,,,,,,,170,,,228,,563,,294,,50,,362,293,353,550,297,53,,,768,306,342,194,178,,,,,,,,,,,,,15,,91,14,13,212,,,,,,,,170,,147,,,,,,,108,,,,,76,,,,,,30,,,,,,,,,10,,,,,,318,,11,78,128,,,,41,,,,,90,,,,,46,,,,,,,,,,,139,192,188,135,133,151,142,,360,26,,,,,,,,,,,,,,,240,99,301,362,272,268,319,117,,133,241,24,,1228,,,,,,111,,,,,,,,,,,173,,,12,,,,411,,,,,217,,,155,,,,,,,,,,,,6,,,,,,,,,,,,278,,,,25,129,62,118,363,249,,,299,203,,166,,,,66,118,52,62,,213,89,,145,,115,729,,,17,,,,,,,,,,,,,,,,,,,,,,,,,,,,,,,,,,,,,,,,,,,,,,,,,,,,,,,,,,,,,,,171,263,93,35,402,84,45,,,,,,,,,,,,,,,,,,,,,,,,,,,,,,,,,,,,,,,,,,,,,,,,,,,,488,119,160,290,16,122,,76,509,9,186,273,,,,149,48,,,107,437,288,,,,,,,457,,,260,,,,,,,
2026-07-27T14:35:01+00:00,103,242,,,480,33,,93,203,311,,158,215,,,21,,,,,78,428,265,264,225,,66,,,,806,21,10,29,245,,168,,,,143,,120,,32,,,,,,,383,39,,,,42,10,,,172,6,,60,,234,,16,,,,,216,12,,,228,,,,,,,,,,,,,,,,,,,,,,,,,,,,,,,,,,,,,,,,,98,76,532,78,233,475,,115,352,,,,,,110,,,,,462,,,,,,156,,,,,,,167,,,222,,561,,299,,44,,373,297,354,554,302,56,,,770,309,339,195,,,391,1089,276,,,97,,216,293,293,56,20,,95,14,14,224,,,,,,,,174,,153,,,,,,,111,,,,,78,,,,,,31,,,,,,,,,6,,,,,,319,,10,76,129,,,,42,,,,,95,,,,,45,,,,,,,,,,,138,,193,136,140,156,147,,364,22,,,,,,,,,,,,,,,241,100,303,372,275,273,322,,,134,239,25,,1233,,,,269,,,,,,,,,,34,,,174,,31,,,,,,,,,,221,,,159,,,,,,,,,,,,7,,,,,,,,,,,,276,99,38,95,26,130,63,124,366,,,,303,206,,169,,,,65,119,53,,0,215,92,114,146,36,,737,,135,19,31,224,178,,766,139,2283,137,173,48,,,,,,,,,,,,,,,,,,,,,,464,,144,,656,,233,194,1,,,,,87,113,,,,,,33,,,194,100,89,76,,64,161,50,175,282,,40,413,85,,49,,294,107,53,98,30,,189,233,209,201,,206,0,193,,169,125,,,,,,,,,,,,,,,,,,,,,,,,,,,,,,,,,490,,158,295,18,117,189,77,510,,192,275,,295,,150,,,,109,440,,,,,,,,455,,,271,,129,42,,,103,
2026-07-27T14:40:02+00:00,102,250,,,478,35,,99,204,314,,154,,,,22,,,,,82,432,269,,222,,67,,,24,815,,8,,248,,174,,,140,145,,,,31,,,,,131,,,,,,,43,,,,,4,37,64,,,87,17,,,,,215,,,111,229,281,89,165,117,111,173,,195,,,51,,303,,198,365,,334,,122,248,47,81,108,63,202,103,,,42,438,202,,79,160,322,,,,18,,74,536,,236,472,53,117,350,,,,,,,,,,,,,,,,,,,,,,,,166,,,,,563,,303,,39,,389,295,357,555,304,51,,,776,310,343,193,183,,,,,,,,,,,,,23,,103,14,13,242,,,,,,,,175,,154,,,,,,,110,,,,,77,,,,,,29,,,,,,,,,13,,,,,,321,,12,78,,,,,38,,,,,94,,,,,46,,,,,,,,,,,136,,201,,144,159,144,,363,,,,,,,,,,,,,,,,240,96,298,370,279,279,335,119,,138,244,30,,1247,,,,271,,110,,,,,,,,32,,,176,55,,11,,,,412,,,,,224,,,165,,,,,,,,,,,,,,,,,,,,,,,,273,100,39,96,,,65,131,367,,,,300,215,,168,,,,66,117,65,70,,217,95,115,154,33,,747,,134,22,35,223,184,58,763,144,2291,132,174,,,,,,,,,,,,,,,,,,,,,,,460,61,149,,659,,236,,,,365,,,86,114,,,,,,31,,,200,102,93,81,,74,162,54,183,298,103,39,420,84,49,,,,,,,,,,,,,,,,,,,,,,,,,,,,,,,,,,,,,,,,,,,,,,,,,,,,495,124,157,293,17,,192,80,511,11,194,274,95,300,,149,50,52,,112,,287,,,,,,,454,120,,275,,133,43,,,,
2026-07-27T14:45:02+00:00,104,257,,,474,32,,,205,316,,155,218,,,,,,,,87,433,274,269,216,,65,,,23,825,,12,31,,,175,,6,142,,,117,,,,,,,,,386,,,,,,,,,,,34,69,,,,18,,122,,,,,,115,,,,,,,,,,,319,49,,308,171,199,368,48,335,,,,50,,,67,208,97,,713,,,203,,84,163,321,,,,19,,,,,,,,,,,,,,,,,,,,468,,,,,119,155,,,,,,,,,,,,,,,,,,,294,358,557,309,,,,,312,352,,190,280,388,1094,273,154,341,102,165,217,292,296,53,29,,104,14,18,250,,,,,,,,176,,,,,,,,,,,,,,,,,,,,,,,,,,,,,16,,,,,,323,,,80,128,,,,35,,,,,,,,,,,,,,,,,,,,,131,206,209,138,148,161,152,,365,21,,,,,,,,,,,,,,,,110,300,381,284,284,341,120,,144,247,33,,1262,,,,270,,,,,,,,,,,,,180,52,,12,,,,410,,,,,,,,,,,,,,,,,,,,5,,,,,,,,,,,,275,,,,36,132,64,135,369,246,,,301,214,47,172,,,,,116,61,76,,231,104,121,155,38,,754,34,,,,228,189,60,764,148,2302,134,176,50,,,,,,,,,,,,,,,,,,,,,,,,148,,,,,,,,,,,84,115,,,,,,30,,,,,,83,,84,172,,189,296,109,31,428,,50,,,,,,,,,,,,,,,,,,,,,,,,,,,,,,,,,,,,,,,,,,,,,,,,,,,,498,125,156,297,15,,195,83,509,16,196,,,301,,147,49,54,,115,446,285,,,,,,,,,,276,,134,41,,,115,
2026-07-27T14:50:02+00:00,102,,,,472,30,,,201,318,,149,221,,,13,,,,,84,434,281,270,215,,,,,20,830,23,3,,,,176,,,143,144,,113,,32,,,,,130,,388,,,,,44,,,,174,,35,70,82,235,,17,,,,,219,11,,113,231,279,95,166,116,109,177,,,,,,,,,,,,,,,,,,,,,,,,,,,,,,,,,,,100,76,548,92,244,471,55,120,355,,,,,,,,,,,,,,,,,,,,,,,,169,,,223,,566,,310,,38,,394,295,367,558,313,48,,,779,,354,195,200,,,,,,,,,,,,,35,,109,14,,265,,,,,,,,,,,,,,,,,109,,,,,78,,,,,,27,,,,,,,,,8,,,,,,326,,,81,,,,,37,,,,,92,,,,,44,,,,,,,,,,,,213,216,,153,,,,364,,,,,,,,,,,,,,,,241,118,304,383,287,287,339,121,,149,248,31,,1268,,,,267,,112,,,,,,,,35,,,182,51,30,11,,,,414,,,,,,,,167,,,,,,,,,,,,6,,,,,,,,,,,,277,102,,97,35,133,65,140,370,247,,,303,218,,173,,,18,69,,65,74,1,241,107,119,163,34,119,764,33,,26,38,,191,59,766,158,2305,136,174,49,,,,,,,,,,,,,,,,,,,,,,476,60,150,,649,,240,192,2,,,,,86,,,,,,,27,,,202,105,107,82,,88,187,60,193,309,112,32,425,,51,54,39,300,111,54,95,29,,199,235,224,,,209,,208,,173,127,,,,,,,,,,,,,,,,,,,,,,,,,,,,,,,,,499,128,155,,16,127,,84,508,14,201,,96,298,,,46,55,,117,,286,,,,,,,,,,272,,136,42,,,121,
2026-07-27T14:55:01+00:00,104,258,,,464,29,,97,200,,,151,223,,,7,,,,,90,437,283,272,214,,66,,,19,836,,2,27,246,,180,,,,149,,112,,,,,,,,,391,38,,,,43,,,,175,3,36,72,,,85,,,121,,,218,12,,,229,,,,,,,,,,320,54,119,323,,202,361,49,337,,127,254,47,80,,77,207,95,,717,47,439,207,111,100,158,332,,,437,21,,,,,,,,,,,,,,,105,,,,,479,,,,,121,160,,,,,,,166,,,212,,569,,307,,33,,404,296,369,,315,49,,,786,,349,190,205,282,387,1112,267,156,347,106,169,218,295,286,51,30,,114,14,22,267,,,,,,,,,,153,,,,,,,,,,,,,,,,,,25,,,,,,,,,11,,,,,,334,,11,85,,,,,38,,,,,96,,,,,45,,,,,,,,,,,,220,220,140,156,160,158,,367,20,,,,,,,,,,,,,,,243,,307,386,290,289,338,,,148,,30,,1274,,,,274,,111,,,,,,,,,,,183,47,35,10,,,,416,,,,,223,,,170,,,,,,,,,,,,5,,,,,,,,,,,,279,103,,98,36,134,,145,375,,,,306,,,174,,,17,70,117,61,76,2,244,110,120,166,38,,770,31,133,24,,,,,,,,,,,,,,,,,,,,,,,,,,,,,,,,,,,,,,,,,,,,,,,,,,,,,,,,,,,,,,,199,325,113,29,436,87,58,,,,,,,,,,,,,,,,,,,,,,,,,,,,,,,,,,,,,,,,,,,,,,,,,,,,500,129,156,295,,125,196,85,507,,200,275,94,296,,145,,,,118,445,283,,,,,,,456,,,278,,137,,,,,
2026-07-27T15:00:01+00:00,105,260,,,468,28,,96,193,321,,148,221,,,5,,,,,88,440,285,279,218,,67,,,18,841,22,0,26,244,,179,,,,148,,111,,33,,,,,132,,,,,,,41,,,,176,,,74,83,,,,,,,,217,,,114,,283,88,,111,105,172,,,,324,58,121,334,173,203,366,47,,218,135,260,41,82,110,84,,,,719,48,434,212,,112,166,351,,,,22,,73,571,94,251,470,54,122,362,,,,,,99,,,,,485,,,,,114,162,,,,,,,,,,,,,,,,,,,303,372,559,323,47,,,785,313,353,192,206,,,,,,,,,,,,,39,,113,14,20,276,,,,,,,,174,,157,,,,,,,110,,,,,,,,,,,,,,,,,,,,,,,,,,338,,,86,,,,,39,,,,,,,,,,46,,,,,,,,,,,,227,223,139,158,164,163,,,21,10,,,,,,,,,,,,,,254,122,314,394,293,294,334,,,145,250,29,,1282,,,,280,,113,,,,,,,,,,,185,48,37,9,,,,414,,,,,228,,,176,,,,,,,,,,,,,,,,,,,,,,,,283,106,38,97,,135,66,147,377,250,,,309,222,48,175,,,,71,120,66,77,4,,113,117,167,,122,772,32,,23,41,226,194,,762,155,,135,173,45,,,,,,,,,,,,,,,,,,,,,,484,61,151,,,,238,,,,366,,,89,114,,,,,,,,,,107,117,80,,91,189,64,202,349,120,39,437,89,65,,,,,,,,,,,,,,,,,,,,,,,,,,,,,,,,,,,,,,,,,,,,,,,,,,,,504,132,157,292,12,133,197,,505,12,204,276,93,298,,148,,56,,117,,,,,,,,,489,,,283,,138,,,,119,
2026-07-27T15:05:01+00:00,103,262,,,473,25,,98,194,324,,146,224,,,,,,,,90,442,283,277,224,,,,,17,834,,,27,245,,182,,,144,151,,113,,,,,,,,,393,,,,,42,12,,,,,37,76,,,84,,,,,,214,11,,,225,,,,,,,,,,,,,,,,,,,,,,,,,,,,,,,,,,,,,,,,,,,,,,,,,,,,,,,,,,,,,,,,,,,,,,,,,,,,,,,,,,,,,304,376,,,,,,,314,350,185,209,283,385,1135,263,159,349,105,171,220,296,287,61,43,,114,14,28,281,,,,,,,,,,,,,,,,,,,,,,81,,,,,,24,,,,,,,,,13,,,,,,344,,,89,127,,,,40,,,,,100,,,,,,,,,,,,,,,,135,230,230,141,153,166,172,,370,22,11,,,,,,,,,,,,,,,131,319,405,295,300,328,,,149,258,33,,,,,,282,,112,,,,,,,,38,,,186,49,35,,,,,416,,,,,,,,182,,,,,,,,,,,,4,,,,,,,,,,,,291,107,,96,38,136,65,,380,260,,35,310,226,,176,,,,70,122,65,79,5,246,115,119,166,37,121,774,,132,24,51,,208,62,768,157,2303,,175,50,,,,,,,,,,,,,,,,,,,,,,505,60,153,,650,,242,196,10,,365,,,,113,,,,,,26,,,,108,132,84,,95,190,70,208,364,131,44,454,91,71,55,44,297,114,57,,27,,201,237,231,,,201,,209,,172,133,,,,,,,,,,,,,,,,,,,,,,,,,,,,,,,,,507,,154,296,10,,202,86,,8,209,,94,295,,149,45,52,,121,444,281,,,,,,,491,,,293,,140,,,,113,
2026-07-27T15:10:01+00:00,110,265,57,,477,23,,,193,327,,,227,,,1,,,,,91,443,289,275,219,,69,,,16,841,21,4,24,247,,180,,,142,,,111,,,,,,,,,398,39,,,,41,,,,175,,,,82,,83,20,,,,,,12,,120,224,280,92,169,122,,171,,196,,,59,127,,176,205,370,45,338,,145,262,42,,,87,,100,167,720,49,438,216,112,118,168,348,,,,,,74,590,91,253,462,52,127,367,,,,,,92,,,,,488,,,,,115,163,,,,,,,160,,,205,,575,,309,,96,,418,305,,560,328,46,,,792,318,361,181,218,,,,,,,,,,,,,41,,119,14,29,285,,,,,,,,,,156,,,,,,,111,,,,,80,,,,,,23,,,,,,,,,25,,,,,,345,,13,94,129,,,,41,,,,,99,,,,,48,,,,,,,,,,,133,239,234,144,156,169,,,368,26,,,,,,,,,,,,,,,261,139,322,415,297,305,331,123,,158,266,34,,1287,,,,284,,111,,,,,,,,40,,,,48,37,10,,,,418,,,,,231,,,187,,,,,,,,,,,,5,,,,,,,,,,,,,,37,99,37,138,66,151,382,261,,,313,228,,180,,,,72,124,71,82,,250,120,116,,39,123,777,,,22,52,229,219,,766,161,2306,,,48,,,,,,,,,,,,,,,,,,,,,,,,,,,,,,,,,,,,,,,,,,,,,,,,,,,,,211,378,136,48,460,93,74,,,,,,,,,,,,,,,,,,,,,,,,,,,,,,,,,,,,,,,,,,,,,,,,,,,,512,,156,291,8,130,208,88,507,7,208,,92,297,,148,49,,,122,445,280,,,,,,,493,121,,288,,,44,,,117,
2026-07-27T15:15:01+00:00,,268,,,480,24,,95,197,,,148,230,,,4,,,,,94,444,295,284,216,,73,,,15,844,20,3,25,244,,179,,,145,152,,114,,31,,,,,,,400,,,,,,,,,176,4,41,84,,,84,23,,,,,220,,,121,225,,,,,,,,,,330,58,144,343,182,209,367,,341,,150,265,55,83,,100,221,101,169,728,52,441,221,,131,171,358,,9,439,25,,,,,,,,,,,,,,,,,,,,,,,,,,,,,,,,,,,,,,,,,,,,,306,379,,339,43,,,799,319,360,177,212,285,384,1141,258,,353,104,175,221,295,289,69,48,,125,14,28,301,,,,,,,,179,,154,,,,,,,112,,,,,,,,,,,,,,,,,,,,21,,,,,,348,,14,93,,,,,43,,,,,,,,,,47,,,,,,,,,,,131,248,237,147,,173,,,369,,,,,,,,,,,,,,,,265,140,326,422,300,314,326,126,,164,274,37,,1291,,,,,,109,,,,,,,,41,,,190,54,42,9,,,,417,,,,,,,,194,,,,,,,,,,,,4,,,,,,,,,,,,289,109,38,100,35,139,,154,388,258,,,316,230,47,179,,,,73,127,76,86,,,121,,,,124,778,,130,23,,,,,,,,,,,,,,,,,,,,,,,,,,,,,,,,502,,,,652,,244,199,3,265,370,,,,111,,,,,,25,,,201,107,,82,,98,195,72,213,386,139,47,459,,78,,,,,,,,,,,,,,,,,,,,,,,,,,,,,,,,,,,,,,,,,,,,,,,,,,,,513,,159,293,9,137,,89,506,5,,278,91,,,,53,49,,123,447,,,,,,,,,,,291,,141,43,,,123,
2026-07-27T15:20:01+00:00,116,270,,145,479,27,,88,199,328,,153,,,,15,,,,,99,445,,285,217,,,,,,840,,6,26,243,,182,,,146,,,,,,,,,,,,403,,,,,,,,,,3,43,86,83,,,24,20,122,,,218,,,122,228,275,96,181,123,108,178,,,,,,,,,,,,,,,,,,,,,,,,,,,,,,,,,,,102,69,599,92,252,459,53,130,371,,,,,,,,,,,496,,,,,118,,,,,,,,157,,,190,,574,,321,,76,,437,,383,565,350,44,,,808,320,357,180,,,,,,,,,,,,,,43,,132,14,26,303,,,,,,,,180,,,,,,,,,,,,,,78,,,,,,,,,,,,,,,25,,,,,,354,,,95,,,,,45,,,,,100,,,,,48,,,,,,,,,,,130,249,239,148,154,175,177,,365,24,,,,,,,,,,,,,,,272,143,328,436,303,319,324,124,,,277,33,,1295,,,,286,,112,,,,,,,,,,,193,,43,10,,,,418,,,,,232,,,201,,,,,,,,,,,,7,,,,,,,,,,,,290,110,39,,39,,63,155,,263,,36,317,231,,,7,,,71,137,72,,8,,120,111,171,41,,782,,129,27,57,231,221,63,764,169,2311,134,176,38,,,,,,,,,,,,,,,,,,,,,,513,59,,,653,,247,201,1,,371,,,93,113,,,,,,27,,,204,108,139,,8,105,200,78,289,450,142,48,484,105,,54,46,300,116,60,89,,,194,236,223,205,,199,,217,,174,141,,,,,,,,,,,,,,,,,,,,,,,,,,,,,,,,,,133,158,,10,141,210,,,7,,279,89,296,,,,,,125,446,,,,,,,,495,,,296,,140,,,,124,
2026-07-27T15:25:01+00:00,118,,,,485,22,,89,200,329,,157,229,,,14,,,,,,447,298,286,216,,71,,,,845,23,4,27,244,,181,,7,,,,113,,,,,,,130,,,,,,,42,13,,,177,4,47,96,,,,25,,,,,225,,,124,224,,,,,,,,,,,64,146,347,186,212,364,43,342,220,158,268,57,82,,103,225,106,,732,54,,224,111,133,178,361,,,,27,,,,,,,,,,,,,,,,,,,,,,,,,,,,,,,,,161,,,173,,585,,330,,51,,451,308,381,566,357,,,,823,,373,182,215,286,386,1160,256,160,356,,180,222,294,296,78,46,,142,14,30,321,,,,,,,,181,,155,,,,,,,111,,,,,81,,,,,,24,,,,,,,,,21,,,,,,,,15,,131,,,,48,,,,,,,,,,,,,,,,,,,,,129,253,243,150,151,178,185,,364,,13,,,,,,,,,,,,,,271,157,330,448,307,320,321,126,,172,273,31,,1304,,,,293,,114,,,,,,,,,,,192,52,46,,,,,,,,,,234,,,208,,,,,,,,,,,,8,,,,,,,,,,,,289,112,,103,44,140,,160,391,261,,35,321,230,,181,,,18,72,,79,87,12,256,127,115,176,45,123,787,36,130,,62,235,226,64,797,182,2312,136,177,39,,,,,,,,,,,,,,,,,,,,,,516,60,150,,,,251,,2,267,,,,92,,,,,,,30,,,206,106,150,87,,100,203,81,291,451,145,53,491,,77,,,,,,,,,,,,,,,,,,,,,,,,,,,,,,,,,,,,,,,,,,,,,,,,,,,,517,,,,12,145,211,90,504,16,,282,88,,,147,55,50,,127,448,,,,,,,,,,,293,,143,42,,,130,
2026-07-27T15:30:01+00:00,119,271,,146,486,,,90,196,330,,164,228,,,12,,,,,102,,299,287,219,,,,,,846,24,0,28,243,,183,,8,147,154,,,,32,,,,,133,,405,,,,,44,12,,,178,3,45,95,,234,83,27,,121,,,228,,,126,220,273,104,188,127,110,183,,,,,,,,,,,,,,,,,,,,,,,,,,,,,,,,,,,,78,604,100,255,451,,126,,,,,,,90,,,,,501,,,,,117,171,,,,,,,,,,,,,,,,,,,314,389,565,355,,,,829,322,383,183,227,,,,,,,,,,,,,47,,143,14,35,331,,,,,,,,184,,154,,,,,,,109,,,,,82,,,,,,,,,,,,,,,,,,,,,367,,,98,,,,,43,,,,,105,,,,,49,,,,,,,,,,,128,255,239,152,157,181,191,,361,26,,,,,,,,,,,,,,,272,162,339,457,309,,317,128,,177,275,38,,1306,,,,292,,111,,,,,,,,,,,190,,48,,,,,419,,,,,237,,,218,,,,,,,,,,,,,,,,,,,,,,,,,113,40,,46,141,,163,397,264,,,322,233,,176,,,17,73,139,85,91,11,,128,112,182,,,,37,136,26,64,232,229,,776,176,2309,137,178,49,,,,,,,,,,,,,,,,,,,,,,521,61,151,,651,,255,200,5,269,372,,,,115,,,,,,27,,,,,155,88,15,105,213,86,295,461,152,59,499,107,79,,,,,,,,,,,,,,,,,,,,,,,,,,,,,,,,,,,,,,,,,,,,,,,,,,,,523,132,157,,17,155,217,91,505,17,212,,,295,,149,,49,,126,449,,,,,,,,496,,,296,,146,44,,,129,
2026-07-27T15:35:02+00:00,,273,56,,,,,98,201,,,160,231,,,11,,,,,103,449,,290,214,,72,,,16,852,26,4,27,240,,187,,,148,153,,111,,35,,,,,,,406,40,,,,45,,,,,5,,97,,,85,25,,,,,230,13,,,,,,,,,,,,,,69,150,349,192,217,374,45,346,,180,271,,83,,106,236,114,170,740,56,452,235,112,151,185,362,,,440,32,,,,,,,,,,,,,,,,,,,,,,,,,,,,,,,,,158,,,,,592,,337,,40,,460,316,395,564,371,45,,,831,320,375,190,228,287,380,1165,260,163,367,105,182,226,298,,72,46,,146,14,38,334,,,,,,,,186,,153,,,,,,,113,,,,,,,,,,,23,,,,,,,,,19,,,,,,370,,17,99,,,,,49,,,,,,,,,,,,,,,,,,,,,,268,241,154,161,184,206,,360,27,,,,,,,,,,,,,,,277,173,347,458,312,325,315,125,,180,274,41,,1313,,,,296,,112,,,,,,,,42,,,,49,49,,,,,421,,,,,238,,,229,,,,,,,,,,,,10,,,,,,,,,,,,291,114,42,104,52,,61,166,389,271,,,324,,,174,,,,72,140,87,97,12,257,130,115,,43,122,792,,,23,67,237,244,66,779,180,2312,138,180,53,,,,,,,,,,,,,,,,,,,,,,525,62,155,,653,,260,203,7,266,,,,93,111,,,,,,28,,,212,,162,92,14,113,223,87,300,456,154,65,497,106,80,,,,,,,,,,,,,,,,,,,,,,,,,,,,,,,,,,,,,,,,,,,,,,,,,,,,527,133,159,292,,159,215,92,,18,211,281,,292,,151,,50,,,,278,,,,,,,,,,285,,147,46,,,134,
2026-07-27T15:40:02+00:00,125,274,,,485,23,,,195,328,,158,,,,7,,,,,104,450,308,292,215,,73,,,,863,,0,29,,,186,,,149,,,108,,,,,,,134,,405,41,,,,,15,,,179,7,48,101,,,87,28,,122,,,,,,127,223,275,103,200,122,112,186,,,,341,75,158,350,202,,378,47,347,,190,268,59,87,,112,239,104,171,747,59,460,243,,155,193,,,,,36,101,87,624,103,251,452,,125,370,,,,,,88,,,,,506,,,,,,177,,,,,,,150,,,163,,593,,347,,27,,469,317,396,563,382,44,,,836,316,373,194,229,,,,,,,,,,,,,50,,144,14,35,346,,,,,,,,,,,,,,,,,,,,,,,,,,,,26,,,,,,,,,18,,,,,,371,,18,100,,,,,54,,,,,,,,,,50,,,,,,,,,,,129,270,242,155,164,182,214,,366,26,,,,,,,,,,,,,,,,176,348,471,313,329,309,,,182,277,42,,1316,,,,299,,,,,,,,,,,,,188,50,47,9,,,,420,,,,,240,,,233,,,,,,,,,,,,8,,,,,,,,,,,,289,,,103,51,,62,162,390,,,,325,232,,175,,,,73,141,91,99,,258,,,,42,124,794,,138,25,68,238,264,,794,186,2306,140,182,58,,,,,,,,,,,,,,,,,,,,,,524,60,,,,,,205,10,264,368,,,,110,,,,,,27,,,214,,166,94,20,123,226,86,307,461,157,69,505,109,82,,49,305,118,58,96,28,,189,231,224,198,,204,1,234,,175,147,,,,,,,,,,,,,,,,,,,,,,,,,,,,,,,,,529,,161,298,15,162,214,93,,21,214,282,87,296,,152,49,51,,129,452,,,,,,,,497,,,293,,,,,,,
2026-07-27T15:45:01+00:00,127,275,,,489,22,,99,207,329,,157,233,,,8,,,,,108,447,315,287,224,,,,,17,869,,,28,242,,,,,148,154,,,,,,,,,135,,,,,,,,,,,180,8,,107,,,88,26,22,,,,226,,,128,224,281,116,203,125,109,185,,,,,,,,,,,,,,,,,,,,,,,,,,,,,,,,,,,102,92,643,110,257,460,54,122,373,,,,,,80,,,,,510,,,,,121,183,,,,,,,154,,,147,,595,,340,,7,,478,313,405,566,390,48,,,834,,383,197,,289,383,1177,,,384,106,185,229,295,298,76,54,,150,14,37,360,,,,,,,,187,,155,,,,,,,,,,,,,,,,,,27,,,,,,,,,26,,,,,,375,,17,99,,,,,50,,,,,,,,,,53,,,,,,,,,,,130,273,245,157,165,183,221,,365,25,,,,,,,,,,,,,,,274,183,350,479,316,330,306,126,,184,273,44,,1317,,,,302,,111,,,,,,,,43,,,186,49,44,7,,,,,,,,,243,,,231,,,,,,,,,,,,6,,,,,,,,,,,,291,115,41,104,,142,61,163,393,,,,321,230,,,,,,74,143,94,100,15,,134,112,183,46,,795,,140,26,74,236,267,,788,187,2304,139,186,62,,,,,,,,,,,,,,,,,,,,,,,,,,,,,,,,,,,,,,,,,,,,,,,,,,,,,311,465,159,74,508,111,87,,,,,,,,,,,,,,,,,,,,,,,,,,,,,,,,,,,,,,,,,,,,,,,,,,,,531,,,300,13,163,217,94,,23,,,85,294,,150,50,,,130,448,,,,,,,,,120,,296,,,,,,,
2026-07-27T15:50:02+00:00,124,273,,,491,19,,96,205,328,,164,234,,,7,,,,,112,446,324,292,223,,72,,,,881,28,,26,239,,,,,146,155,,,,,,,,,134,,,,,,,,16,,,,,52,109,,,89,,,,,,,,,129,228,,,,,,,,,,342,73,162,356,201,222,387,48,350,,199,270,62,88,,120,240,113,172,750,61,472,248,,161,191,360,,10,441,37,,,,,,,,,,,,,,,,,,,,,,,,,,,,,,,,,157,,,174,,603,,343,,,,481,311,407,567,393,,,,837,,376,,231,,,,,,,,,,,,,59,,141,14,35,358,,,,,,,,188,,151,,,,,,,111,,,,,84,,,,,,,,,,,,,,,41,,,,,,379,,19,96,132,,,,47,,,,,106,,,,,54,,,,,,,,,,,,283,244,156,163,,224,,368,27,,,,,,,,,,,,,,,276,191,357,481,315,329,305,127,,189,276,47,,1319,,,,,,110,,,,,,,,44,,,185,46,46,6,,,,422,,,,,244,,,238,,,,,,,,,,,,5,,,,,,,,,,,,290,118,,,56,143,60,165,403,272,,,323,,,174,,,,76,144,90,107,16,259,133,115,184,,125,802,,141,28,77,237,270,,793,184,2298,141,187,65,,,,,,,,,,,,,,,,,,,,,,532,,,,652,,272,,19,,370,,,96,111,,,,,,28,,,,,174,93,,127,228,88,312,470,157,,505,113,89,,,,,,,,,,,,,,,,,,,,,,,,,,,,,,,,,,,,,,,,,,,,,,,,,,,,538,,163,302,11,161,220,,504,25,215,,86,292,,151,47,,,133,,,,,,,,,499,,,301,,,,,,142,
2026-07-27T15:55:01+00:00,120,269,,,,20,,99,206,327,,167,,,,4,,,,,111,449,323,,224,,,,,,885,29,,27,,,187,,,147,154,,,,,,,,,,,406,42,,,,47,,,,181,,48,110,,,,,23,123,,,227,12,,128,,283,126,204,126,,187,,,,344,81,175,360,203,227,393,41,351,,210,272,59,89,109,132,236,123,,756,,475,257,113,171,195,363,,,,38,103,97,650,117,,469,,126,375,,,,,,83,,,,,512,,,,,119,,,,,,,,,,,,,,,,,,,,,,,394,50,,,835,315,377,,240,,,1183,244,164,386,,186,231,297,303,78,,,,14,42,370,,,,,,,,187,,148,,,,,,,113,,,,,86,,,,,,28,,,,,,,,,,,,,,,,,,,133,,,,53,,,,,105,,,,,,,,,,,,,,,,,285,248,157,169,186,233,,369,28,,,,,,,,,,,,,,,,,359,494,,334,304,,,188,281,51,,1322,,,,305,,108,,,,,,,,,,,,,43,7,,,,423,,,,,247,,,245,,,,,,,,,,,,,,,,,,,,,,,,291,120,,,,,,166,406,273,,,328,231,48,176,,,,,,94,108,17,,130,118,,45,126,804,,142,,,,,,,,,,,,,,,,,,,,,,,,,,,,,,,,,535,,156,,,,271,204,,,368,,,100,112,,,,,,33,,,218,102,,96,17,132,237,,310,476,164,85,514,115,91,55,50,300,127,61,97,27,,188,227,,195,,206,4,237,,178,158,,,,,,,,,,,,,,,,,,,,,,,,,,,,,,,,,541,131,,299,10,159,,95,506,,218,286,85,,,,46,49,,136,,279,,,,,,,501,,,303,,150,,,,,
2026-07-27T16:00:01+00:00,119,270,,,495,,,95,208,329,,,,,,195,,,,,116,451,325,294,221,,,,,,884,30,,23,235,,188,,,,155,,109,,,,,,,135,,,41,,,,46,15,,,,,51,115,84,,,28,,,,,226,,,130,226,,,,,,,,,,,80,173,357,204,225,397,39,352,,209,274,66,90,,143,238,130,173,758,62,,199,,,197,362,,,,40,,,,,,,,,,,,,,,,,,,,,,,,,,,,,,,,,156,,,153,,,,348,,,,482,,413,566,406,49,,,836,314,381,202,245,,,,,,,,,,,,,64,,148,15,50,374,,,,,,,,188,,,,,,,,,117,,,,,87,,,,,,30,,,,,,,,,35,,,,,,385,,20,95,134,,,,54,,,,,104,,,,,55,,,,,,,,,,,,291,249,159,172,188,,,372,27,,,,,,,,,,,,,,,275,196,363,508,316,,,128,,191,271,52,,1327,,,,302,,,,,,,,,,43,,,183,45,42,5,,,,,,,,,251,,,249,,,,,,,,,,,,4,,,,,,,,,,,,285,121,,106,59,,,168,409,271,,,326,234,47,,,,,75,,101,111,19,,132,120,187,50,129,806,,143,29,79,240,277,,794,,2294,,188,71,,,,,,,,,,,,,,,,,,,,,,541,61,157,,653,,272,203,21,262,370,,,98,114,,,,,,36,,,217,104,180,95,22,128,235,90,309,482,168,83,515,116,,,,,,,,,,,,,,,,,,,,,,,,,,,,,,,,,,,,,,,,,,,,,,,,,,,,,547,132,,302,16,166,219,,510,23,221,,84,,,152,45,48,,139,454,,,,,,,,504,,,,,149,48,,,144,
2026-07-27T16:05:01+00:00,120,,,,500,,,99,207,326,,172,232,,,190,,,,,118,,329,292,236,,,,,,885,,,25,234,,191,,,149,156,,110,,,,,,,134,,407,42,,,,45,16,,,180,,53,107,,,90,27,24,,,,228,,,128,225,286,125,220,129,,,,,,,,,,,,,,,,,,,,,,,,,,,,,,,,,,,,,,105,656,125,256,473,56,,374,,,,,,81,,,,,518,,,,,121,185,,,,,,,,,,,,,,,,,,,312,411,567,409,50,,,835,,382,199,253,,380,1181,234,165,388,94,,232,293,301,72,66,,156,15,52,391,,,,,,,,189,,149,,,,,,,118,,,,,,,,,,,29,,,,,,,,,34,,,,,,382,,19,,136,,,,,,,,,108,,,,,54,,,,,,,,,,,129,306,252,,177,191,234,,,29,,,,,,,,,,,,,,,280,192,359,515,321,,302,,,195,272,56,,,,,,301,,110,,,,,,,,,,,180,41,,,,,,424,,,,,,,,258,,,,,,,,,,,,5,,,,,,,,,,,,287,122,40,108,65,,62,170,410,,,,,235,,174,,,,,143,106,114,22,262,135,,191,52,130,810,,145,,,239,276,65,793,187,2286,140,190,78,,,,,,,,,,,,,,,,,,,,,,546,63,159,,652,,275,204,23,263,,,,96,112,,,,,,,,,220,105,183,97,24,126,233,,308,493,171,80,524,115,93,,,,,,,,,,,,,,,,,,,,,,,,,,,,,,,,,,,,,,,,,,,,,,,,,,,,549,131,165,304,21,171,,96,512,25,222,287,,291,,154,44,47,,140,455,278,,,,,,,510,,,304,,147,138,,,146,
2026-07-27T16:10:01+00:00,123,271,,,507,,,96,205,328,,170,231,,,,,,,,119,454,337,294,237,,73,,,,890,31,2,,,,195,,,,154,,,,34,,,,,133,,408,,,,,,18,,,181,,56,108,,,92,28,,,,,229,,,125,228,,,,,,,,,,347,77,170,361,206,,,42,351,,223,,,,,,241,128,,760,,480,201,,176,,361,,,442,43,,,,,,,,,,,,,,,,,,,,,,,,,,,,,,,,,155,,,115,,610,,341,,,,490,313,414,568,417,,,,831,,390,203,255,,,,,,,,,,,,,68,,155,15,51,402,,,,,,,,192,,,,,,,,,119,,,,,,,,,,,32,,,,,,,,,35,,,,,,377,,22,96,,,,,62,,,,,113,,,,,55,,,,,,,,,,,,310,253,,,198,242,,375,31,,,,,,,,,,,,,,,287,196,360,525,322,337,295,129,,197,274,61,,1330,,,,,,109,,,,,,,,,,,182,46,43,6,,,,428,,,,,,,,253,,,,,,,,,,,,,,,,,,,,,,,,285,,43,110,69,,,174,,270,,,327,236,,175,,,,,,112,115,23,264,132,122,,54,131,813,,,30,76,234,,67,801,196,2285,,,77,,,,,,,,,,,,,,,,,,,,,,552,64,168,,647,,278,209,31,267,,,,104,113,,,,,,37,,,228,,188,105,22,138,246,96,312,508,176,81,528,116,95,51,51,,132,66,105,28,,192,225,227,194,,202,1,245,,181,159,,,,,,,,,,,,,,,,,,,,,,,,,,,,,,,,,554,134,164,307,22,181,224,98,511,30,226,288,83,293,,155,,44,,141,459,279,,,,,,,511,,,313,,149,137,,,151,
2026-07-27T16:15:02+00:00,125,269,,,509,,,98,210,330,,173,233,,,188,,,,,121,455,342,292,236,,75,,,,903,,0,24,235,,198,,,,155,,,,35,,,,,134,,405,,,,,46,,,,,9,,111,,,93,29,,124,,,240,,,130,229,284,144,223,132,115,191,,197,,,,,,,,,,,,,,,,,,,,,,,,,,,,,,,,,106,102,667,132,252,,,130,373,,,,,,78,,,,,521,,,,,123,187,,,,,,,,,,84,,616,,343,,,,495,299,421,570,420,51,,,828,315,393,202,266,,,1198,224,171,406,89,187,233,,310,101,67,,156,15,50,410,,,,,,,,195,,145,,,,,,,120,,,,,,,,,,,,,,,,,,,,36,,,,,,379,,,,,,,,60,,,,,,,,,,,,,,,,,,,,,,321,257,161,179,202,249,,374,33,,,,,,,,,,,,,,,292,197,362,529,,338,293,130,,202,273,58,,1334,,,,303,,108,,,,,,,,41,,,183,49,45,8,,,,429,,,,,255,,,254,,,,,,,,,,,,4,,,,,,,,,,,,280,123,42,112,72,,63,180,416,273,,,330,,46,174,,,16,,140,117,122,24,,135,130,,56,,819,,,,72,236,268,,810,193,2287,143,,71,,,,,,,,,,,,,,,,,,,,,,,,,,,,,,,,,,,,,,,,,,,,,,,,,,,,,314,532,,86,531,,100,,,,,,,,,,,,,,,,,,,,,,,,,,,,,,,,,,,,,,,,,,,,,,,,,,,,557,135,163,305,,184,225,,512,41,230,289,84,290,,154,43,,,143,458,283,,,,,,,508,,,308,,146,138,,,,
2026-07-27T16:20:02+00:00,127,270,,,516,24,,102,213,329,,169,231,,,187,,,,,125,457,346,296,239,,,,,,906,32,,22,231,,202,,,152,156,,109,,37,,,,,,,406,,,,,,,,,,,57,,,233,,,,125,,,,11,,132,,280,151,228,133,,196,,198,,348,76,173,377,,228,398,,353,,226,280,70,91,,160,245,139,174,764,61,491,215,,186,202,354,,,,42,,,,,,,,,,,,,,,,,,,,,,,,,,,,,,,,,147,,,43,,629,,358,,,,504,301,,,419,,,,831,,403,207,269,,,,,,,,,,,,,73,,159,15,51,419,,,,,,,,200,,144,,,,,,,123,,,,,,,,,,,,,,,,,,,,35,,,,,,381,,21,97,,,,,59,,,,,114,,,,,53,,,,,,,,,,,,328,259,,183,203,259,,375,30,,,,,,,,,,,,,,,296,195,,538,,,289,,,203,,63,,1335,,,,307,,,,,,,,,,42,,,188,,44,6,,,,430,,,,,256,,,263,,,,,,,,,,,,5,,,,,,,,,,,,,,,113,74,,,185,420,280,,,,239,,180,,,,77,,120,126,23,267,138,131,192,55,133,824,38,,,71,235,267,,815,191,2288,,,67,,,,,,,,,,,,,,,,,,,,,,559,67,169,,642,,287,210,46,268,368,,,,112,,,,,,39,,,237,,209,,33,148,253,97,315,552,182,94,534,115,101,,,,,,,,,,,,,,,,,,,,,,,,,,,,,,,,,,,,,,,,,,,,,,,,,,,,564,137,162,306,26,195,231,,514,51,231,293,79,289,,156,44,,,,,285,,,,,,,,,,312,,143,137,,,158,
2026-07-27T16:25:02+00:00,,273,,,519,29,,100,,326,,173,235,,,,,,,,126,459,353,297,238,,,,,,909,,1,24,230,,204,,,153,,,108,,,,,,,,,405,44,,,,45,17,,,,,64,113,,,94,31,,,,,245,10,,131,228,,,,,,,,,,347,,174,382,215,229,400,41,358,,235,282,65,93,,167,241,151,,769,59,490,213,,191,206,341,,,443,48,109,105,684,135,250,476,57,,377,,,,,,80,,,,,523,,,,,128,196,,,,,,,,,,,,,,,,,,,302,425,,420,,,,825,314,409,213,,290,384,1201,217,,408,90,188,234,294,322,107,77,,157,15,55,441,,,,,,,,202,,145,,,,,,,122,,,,,89,,,,,,36,,,,,,,,,29,,,,,,387,,20,100,,,,,,,,,,115,,,,,52,,,,,,,,,,,128,334,260,162,186,204,274,,376,,,,,,,,,,,,,,,,305,191,364,542,,342,,,,,280,62,,1338,,,,309,,110,,,,,,,,43,,,189,,46,7,,,,432,,,,,,,,265,,,,,,,,,,,,7,,,,,,,,,,,,281,125,43,114,,,64,183,424,,,,331,238,45,183,,,,78,141,127,128,24,270,140,136,,56,134,830,39,,31,69,237,258,68,830,190,2292,141,192,,,,,,,,,,,,,,,,,,,,,,,570,,,,,,,,,,367,,,103,111,,,,,,36,,,239,104,,109,40,153,254,,317,563,181,90,539,112,105,49,47,299,133,74,106,33,,190,222,229,186,,191,11,253,,180,146,,,,,,,,,,,,,,,,,,,,,,,,,,,,,,,,,565,,161,314,28,193,230,99,510,56,229,,78,,,,41,45,,140,459,286,,,,,,,512,,,317,,145,,,,,
2026-07-27T16:30:02+00:00,,,,,514,31,,99,208,324,,172,238,,,186,,,,,,457,358,298,240,,76,,,19,913,,2,,232,,,,9,152,158,,107,,38,,,,,133,,,43,,,,46,,,,,10,60,,,232,95,33,,,,,244,11,,129,233,273,,232,134,,201,,,,,,,,,,,,,,,,,,,,,,,,,,,,,,,,,,,,,,,,,,,,,,,,,,,,,,,,,,,,,,,,,,,148,,,15,,634,,354,,,,508,296,426,,,53,,,820,317,422,211,270,,,,,,,,,,,,,79,,154,15,56,448,,,,,,,,203,,,,,,,,,125,,,,,90,,,,,,37,,,,,,,,,24,,,,,,389,,18,,137,,,,58,,,,,117,,,,,51,,,,,,,,,,,,338,262,,193,205,277,,375,28,,,,,,,,,,,,,,,306,197,365,546,,344,288,,,204,,61,,1341,,,,311,,111,,,,,,,,42,,,191,,,5,,,,431,,,,,259,,,264,,,,,,,,,,,,5,,,,,,,,,,,,280,,44,,77,,,179,426,283,,,,237,,185,,,,79,,136,130,27,,142,137,,60,132,832,40,144,,,238,251,,831,192,2296,,,,,,,,,,,,,,,,,,,,,,,,,577,68,172,,638,,,213,47,269,366,,,102,110,,,,,,38,,,241,106,223,,42,156,,98,,570,184,97,546,,112,,,,,,,,,,,,,,,,,,,,,,,,,,,,,,,,,,,,,,,,,,,,,,,,,,,,,,,316,,191,234,100,,57,224,,80,290,,155,35,47,,144,,282,,,,,,,516,,,314,,146,,,,169,
2026-07-27T16:35:01+00:00,129,,,,,34,,101,211,322,,176,239,,,183,,,,,130,458,,294,242,,75,,,20,918,,10,23,,,207,,,,,,105,,,,,,,,,403,,,,,47,,,,182,,56,110,,,96,,,,,,239,10,,130,231,,,,,,,,,,,77,172,388,216,231,403,,360,,240,283,,97,,173,246,156,175,773,,,215,112,195,204,340,,,,,,,,,,,,,,,,,,,73,,,,,525,,,,,132,197,,,,,,,,,,8,,640,,350,,,,512,295,428,572,416,52,,,822,319,428,212,277,293,387,1214,206,174,419,92,192,,291,342,117,,,155,15,,452,,,,,,,,,,140,,,,,,,126,,,,,91,,,,,,39,,,,,,,,,26,,,,,,390,,19,101,,,,,,,,,,118,,,,,,,,,,,,,,,,126,353,270,,197,,284,,373,,,,,,,,,,,,,,,,304,208,367,547,,342,285,,,206,277,57,,1340,,,,,,110,,,,,,,,,,,189,53,45,7,,,,,,,,,260,,,266,,,,,,,,,,,,6,,,,,,,,,,,,274,127,,115,,,63,,432,281,,,332,236,,188,,,,,142,141,134,,271,143,,193,61,,833,,,32,,,,,,,,,,,,,,,,,,,,,,,,,,,,,,,,582,67,171,,,,283,217,53,267,364,,,101,,,,,,,34,,,246,,231,111,47,157,255,101,320,578,179,102,549,113,113,,,,,,,,,,,,,,,,,,,,,,,,,,,,,,,,,,,,,,,,,,,,,,,,,,,,567,,162,317,27,190,,,512,62,226,,78,291,,,,45,,145,461,283,,,,,,,519,,,325,,148,,,,174,
2026-07-27T16:40:01+00:00,130,272,,,,39,,107,221,324,,172,243,,,180,,,,,143,460,359,299,254,,78,,,,926,,11,,,,211,,,,159,,103,,,,,,,,,,,,,,48,,,,183,11,55,111,,,95,,,,,,233,,,131,232,270,160,239,130,113,203,,,,351,76,173,387,224,229,415,,359,,250,282,61,100,,184,244,158,,774,62,492,226,113,196,209,338,,,,44,,,,,,,,,,,,,,,,,,,,,,,,,,,,,,,,,,,,1,,645,,353,,,,518,291,,569,419,53,,,821,323,429,213,285,,,,,,,,,,,,,84,,153,15,61,461,,,,,,,,,,137,,,,,,,127,,,,,93,,,,,,40,,,,,,,,,40,,,,,,392,,,,,,,,,,,,,119,,,,,,,,,,,,,,,,127,361,,164,202,,289,,372,27,,,,,,,,,,,,,,,303,213,,566,321,348,286,128,,208,287,59,,1341,,,,315,,111,,,,,,,,45,,,,59,,10,,,,,,,,,262,,,268,,,,,,,,,,,,5,,,,,,,,,,,,272,128,,114,82,144,,177,437,288,,,336,,46,189,,,,,140,146,140,,,145,135,194,67,,,,,33,70,239,242,,841,195,2294,136,,73,,,,,,,,,,,,,,,,,,,,,,583,66,174,,,,,218,61,,,,,104,,,,,,,35,,,248,104,,117,53,162,,,322,592,180,105,556,,112,53,41,,134,80,111,34,,196,218,224,184,,181,15,262,,,133,,,,,,,,,,,,,,,,,,,,,,,,,,,,,,,,,570,136,160,313,24,192,235,99,509,61,228,295,,292,,,33,48,,146,463,281,,,,,,,518,,,329,,,,,,180,
2026-07-27T16:45:02+00:00,135,275,,,,44,,109,,321,,174,245,,,179,,,,,160,,362,296,257,,79,,,19,932,,7,25,230,,213,,,,158,,,,,,,,,,,,44,,,,,19,,,,,54,114,,,94,,23,,,,234,,,132,235,,,,,,,,,,355,75,179,,228,231,416,42,360,,,,63,,,185,245,162,,779,,494,,111,206,211,347,,,,43,109,111,705,145,254,479,56,131,377,,,,,,84,,,,,526,,,,,133,199,,,,,,,,,,,,,,,,,,,,435,571,420,54,,,819,325,432,209,287,,385,1220,208,178,427,82,,,290,,118,,,149,16,62,465,,,,,,,,204,,142,,,,,,,,,,,,94,,,,,,,,,,,,,,,37,,,,,,396,,20,,,,,,,,,,,118,,,,,50,,,,,,,,,,,124,373,274,,208,210,305,,371,26,,,,,,,,,,,,,,,311,212,369,569,,349,283,129,,209,,61,,,,,,312,,110,,,,,,,,44,,,190,55,43,9,,,,432,,,,,263,,,271,,,,,,,,,,,,,,,,,,,,,,,,,129,,113,83,,62,183,441,282,,,,235,45,,,,,80,138,147,146,29,,,140,193,62,,836,39,,32,68,241,240,,840,200,,135,193,82,,,,,,,,,,,,,,,,,,,,,,592,,175,,635,,282,,71,268,365,,,99,109,,,,,,37,,,251,,237,,56,164,259,100,324,607,178,113,560,,111,,,,,,,,,,,,,,,,,,,,,,,,,,,,,,,,,,,,,,,,,,,,,,,,,,,,574,,159,317,23,193,238,,507,69,237,,,293,,,31,49,,147,464,282,,,,,,,520,,,344,,149,138,,,,
2026-07-27T16:50:01+00:00,137,276,,,517,,,113,222,322,,176,246,,,178,,,,,167,461,367,297,261,,,,,20,940,,5,24,228,,210,,,153,,,102,,,,,,,132,,,43,,,,47,,,,,12,56,116,,,,,24,,,,235,11,,131,231,278,159,247,133,115,,,,,,,,,,,,,,,,,,,,,,,,,,,,,,,,,,,,108,118,718,148,257,485,,128,380,,,,,,86,,,,,,,,,,134,200,,,,,,,152,,,,,646,,348,,,,520,285,429,,425,55,,,813,330,433,,290,,,,,,,,,,,,,87,,156,16,64,476,,,,,,,,205,,143,,,,,,,124,,,,,,,,,,,38,,,,,,,,,,,,,,,398,,,102,136,,,,66,,,,,120,,,,,48,,,,,,,,,,,123,382,278,166,211,211,309,,372,,,,,,,,,,,,,,,,312,215,372,572,,350,271,,,211,290,62,,1343,,,,314,,111,,,,,,,,,,,187,56,42,8,,,,434,,,,,267,,,277,,,,,,,,,,,,4,,,,,,,,,,,,277,131,45,,84,,,182,,288,,36,,237,,,,,,82,140,,150,,,,145,195,69,131,838,,,,,,,69,,,,,,,,,,,,,,,,,,,,,,,,,,,,594,65,178,,629,,283,,81,267,,,,103,,,,,,,38,,,252,103,243,121,53,163,,101,328,629,177,116,566,111,112,,,,,,,,,,,,,,,,,,,,,,,,,,,,,,,,,,,,,,,,,,,,,,,,,,,,578,138,,314,25,194,,99,506,79,238,296,75,295,,157,32,50,,151,,,,,,,,,517,,,345,,155,137,,,,
2026-07-27T16:55:01+00:00,,280,,,519,43,,116,224,321,,181,,,,173,,,,,,460,,298,265,,81,,,21,945,,1,23,226,,211,,,,157,,101,,,,,,,,,,,,,,49,,,,,,55,121,,233,,34,,,,,238,,,129,232,,,,,,,,,,,73,183,385,230,230,423,41,,,257,283,,,,,249,168,,780,,496,230,110,209,213,355,,,,42,,,,,,,,,,,,,,,,,,,,,,,,,,,,,,,,,,,,,,,,,,,,,286,434,570,423,56,,,807,334,,211,301,,381,1216,206,176,434,76,194,237,293,344,125,89,,150,16,62,483,,,,,,,,204,,147,,,,,,,125,,,,,,,,,,,40,,,,,,,,,38,,,,,,405,,18,101,,,,,71,,,,,,,,,,49,,,,,,,,,,,121,390,282,167,214,210,325,,371,21,14,,,,,,,,,,,,,,313,217,,575,322,349,,130,,212,289,63,,,,,,315,,,,,,,,,,42,,,184,,44,7,,,,433,,,,,266,,,278,,,,,,,,,,,,,,,,,,,,,,,,279,,,114,85,,,179,443,284,,,,,,,,,17,,142,149,152,,,146,,,67,132,839,,,,71,242,244,,,,,,194,78,,,,,,,,,,,,,,,,,,,,,,598,67,,,626,,284,,87,270,364,,,104,,,,,,,39,,,,102,244,122,56,166,257,104,329,638,184,121,574,112,119,,,,,,,,,,,,,,,,,,,,,,,,,,,,,,,,,,,,,,,,,,,,,,,,,,,,580,139,157,,27,196,241,,508,78,241,295,73,297,,158,29,51,,152,462,,,,,,,,514,,,348,,157,,,,,
2026-07-27T17:00:01+00:00,,283,,,516,45,,117,225,323,,186,,,,174,,,,,,461,368,299,269,,82,,,20,948,31,2,21,,,,,8,155,158,,100,,,,,,,,,405,,,,,50,,,,,13,53,125,,232,,35,,,,,239,,,128,230,273,,253,124,,207,,,,,,,,,,,,,,,,,,,,,,,,,,,,,,,,,,,109,120,732,152,258,490,,124,381,,,,,,93,,,,,524,,,,,135,202,,,,,,,149,,,,,652,,351,,,,524,285,433,569,420,57,,,801,337,437,207,308,,,,,,,,,,,,,86,,143,16,63,496,,,,,,,,207,,146,,,,,,,128,,,,,95,,,,,,42,,,,,,,,,42,,,,,,408,,15,,137,,,,,,,,,119,,,,,,,,,,,,,,,,124,398,283,166,215,,331,,367,,,,,,,,,,,,,,,,,224,374,583,325,351,263,131,,213,290,59,,1345,,,,316,,110,,,,,,,,40,,,175,60,45,8,,,,,,,,,267,,,277,,,,,,,,,,,,5,,,,,,,,,,,,281,,,,86,,61,182,441,281,,,337,232,46,188,6,,,,145,162,159,30,,148,149,196,64,134,840,,,34,66,239,248,70,853,196,2300,,,75,,,,,,,,,,,,,,,,,,,,,,600,,,,625,,285,219,93,267,,,,,,,,,,,40,,,256,101,250,,58,174,259,107,330,646,186,124,567,116,118,50,44,,139,87,109,,,184,212,220,173,,179,5,267,,184,132,,,,,,,,,,,,,,,,,,,,,,,,,,,,,,,,,584,138,159,,29,202,239,97,509,83,,298,75,298,,,26,52,,157,,,,,,,,,517,,,357,,160,138,,,,
2026-07-27T17:05:02+00:00,141,282,,,520,46,,121,227,322,,187,250,,,175,,,,,,463,370,301,277,,,,,,955,,1,16,224,,,,,154,159,,99,,37,,,,,,,404,,,,,49,,,,,14,49,130,,233,93,34,,,,,242,,,127,233,,,,,,,,,,,68,195,388,233,227,444,42,361,,275,282,73,101,,196,255,185,,784,63,503,242,111,222,217,357,,,444,43,,,,,,,,,,,,,,,,,,,,,,,,,,,,,,,,,,,,,,,,,,,,,286,435,,,,,,795,341,445,208,320,292,375,1218,209,175,436,69,198,,296,348,128,85,,141,16,64,499,,,,,,,,209,,,,,,,,,129,,,,,,,,,,,,,,,,,,,,43,,,,,,415,,,102,,,,,72,,,,,118,,,,,51,,,,,,,,,,,121,410,286,,219,212,335,,364,20,,,,,,,,,,,,,,,318,229,376,588,,,264,,,,295,,,1346,,,,,,,,,,,,,,39,,,,61,44,,,,,434,,,,,271,,,278,,,,,,,,,,,,7,,,,,,,,,,,,277,133,44,,89,,60,181,442,287,,,,231,,191,,,,85,,165,0,31,,153,151,195,67,,843,41,,32,67,,243,,857,194,2301,137,,73,,,,,,,,,,,,,,,,,,,,,,614,66,180,,623,,291,218,114,266,366,,,107,110,,,,,,,,,258,104,258,123,69,187,264,110,334,655,190,123,580,,119,,,,,,,,,,,,,,,,,,,,,,,,,,,,,,,,,,,,,,,,,,,,,,,,,,,,589,139,157,316,,199,240,,512,87,244,299,,299,,,27,56,,,463,283,,,,,,,,119,,367,,162,,,,190,
2026-07-27T17:10:01+00:00,140,285,,,525,44,,126,232,,,188,252,,,183,,,,,,,372,304,,,,,,19,959,,2,14,225,,216,,,,160,,,,38,,,,,,,,42,,,,50,,,,,15,46,,,,,,,,,,246,13,,129,236,268,171,258,123,171,212,,,,357,67,201,391,231,226,451,,360,,279,283,77,,,198,259,182,,785,62,513,249,,223,219,365,,,,39,,,,,,,,,,,,,,,97,,,,,523,,,,,144,206,,,,,,,146,,,,,658,,346,,,,529,283,442,,418,58,,,794,350,452,209,324,,,,,,,,,,,,,91,,,16,63,514,,,,,,,,208,,144,,,,,,,131,,,,,94,,,,,,43,,,,,,,,,41,,,,,,424,,,,138,,,,76,,,,,121,,,,,,,,,,,,,,,,119,414,,,226,215,345,,363,,,,,,,,,,,,,,,,319,236,,597,,354,262,,,215,301,60,,1348,,,,319,,111,,,,,,,,38,,,179,60,46,11,,,,436,,,,,267,,,282,,,,,,,,,,,,8,,,,,,,,,,,,276,,47,113,88,,62,179,447,288,,,338,,47,192,,,,84,143,174,,32,,,153,198,70,135,844,,,31,,,,,,,,,,,,,,,,,,,,,,,,,,,,,,,,,,,,,,,,,,,,,,,,,,,,,,,,,,,,,,,336,672,194,124,596,118,121,,,,,,,,,,,,,,,,,,,,,,,,,,,,,,,,,,,,,,,,,,,,,,,,,,,,594,,156,,26,204,242,98,514,89,247,301,76,300,,,28,58,,160,465,,,,,,,,519,,,376,,166,,,,,
2026-07-27T17:15:01+00:00,,289,,,532,45,,129,231,323,,191,255,,,196,,,,,,466,375,312,280,,83,,,,966,32,0,16,222,,219,,,155,,,,,,,,,,134,,405,,,,,51,,,,182,,42,134,,,92,35,23,,,,249,,,128,238,,,,,,,,,,,,,,,,,,,,,,,,,,,,,,,,,,,,,,,,,,,,,,,,,,,,,,,,,,,,,,,,,,,,,,,,,,,,,,,,,,,,,280,443,568,421,59,,,789,358,457,207,330,293,373,1224,205,,443,70,,236,295,,130,93,,143,16,65,520,,,,,,,,209,,142,,,,,,,,,,,,95,,,,,,,,,,,,,,,,,,,,,427,,,100,,,,,75,,,,,122,,,,,,,,,,,,,,,,121,419,287,,230,214,354,,,17,,,,,,,,,,,,,,,318,238,381,601,,356,266,132,,217,299,66,,1351,,,,320,,,,,,,,,,39,,,,59,48,,,,,,,,,,275,,,286,,,,,,,,,,,,,,,,,,,,,,,,,,,,,,61,183,451,293,,,339,232,,193,,,,,144,186,,,,,156,,,136,,,145,,,240,247,,869,191,2300,138,195,75,,,,,,,,,,,,,,,,,,,,,,621,67,,,617,,296,220,122,265,367,,,110,109,,,,,,41,,,259,105,265,124,,188,263,112,340,680,193,127,,120,120,,50,300,140,84,,,,182,213,210,172,,161,6,271,,185,131,,,,,,,,,,,,,,,,,,,,,,,,,,,,,,,,,596,,160,315,25,205,245,,512,100,255,302,,301,,,,,,161,466,284,,,,,,,,120,,384,,,,,,195,
2026-07-27T17:20:01+00:00,141,290,,,533,43,,135,236,325,,192,258,,,188,,,,,,465,382,313,284,,84,,,20,994,,3,14,220,,223,,,158,,,,,,,,,,133,,,43,,,,,,,,,14,,135,,,93,,24,,,,,,,131,,262,185,266,124,174,218,,,,358,65,209,,235,,454,43,362,,282,285,79,102,,202,263,194,,789,61,527,257,112,231,218,381,,,,,111,138,749,153,250,495,57,118,382,,,,,,,,,,,527,,,,,149,209,,,,,,,150,,,,,668,,343,,,,530,,438,567,423,61,,,793,366,468,211,334,,,,,,,,,,,,,96,,142,16,,536,,,,,,,,210,,143,,,,,,,,,,,,94,,,,,,42,,,,,,,,,43,,,,,,429,,14,101,,,,,78,,,,,,,,,,49,,,,,,,,,,,116,425,288,,232,,360,,364,20,,,,,,,,,,,,,,,319,241,384,609,,364,271,,,218,297,68,,,,,,321,,,,,,,,,,38,,,,57,,,,,,,,,,,279,,,,,,,,,,,,,,,7,,,,,,,,,,,,278,,,,89,,,184,455,,,,342,231,,192,,,,86,145,192,,,,152,154,,73,137,843,40,,33,68,,,,876,195,,,,73,,,,,,,,,,,,,,,,,,,,,,624,,,,623,,298,224,128,262,366,,,112,108,,,,,,,,,258,103,267,128,72,189,266,113,342,690,,130,613,,122,,,,,,,,,,,,,,,,,,,,,,,,,,,,,,,,,,,,,,,,,,,,,,,,,,,,597,138,161,312,22,212,,,515,107,258,306,74,303,,160,31,60,,160,,,,,,,,,522,,,391,,,,,,,
2026-07-27T17:25:01+00:00,144,291,,147,540,44,,137,240,,,189,260,,,194,,,,,,,381,317,292,,83,,,,1004,,9,15,219,,,,,156,161,,,,,,,,,131,,406,,,,,,,,,,15,45,136,,,,36,,,,,256,11,,129,236,,,,,,,,,,,,,,,,,,,,,,,,,,,,,,,,,,,,,,,,,,,,,,,,,,,,,,,,,,,,,,,,,,,,,,,,,156,,,,,674,,349,,,,531,278,443,568,420,,,,,375,476,215,340,,374,1235,211,,445,72,200,,294,350,138,97,,139,16,68,548,,,,,,,,,,139,,,,,,,130,,,,,,,,,,,43,,,,,,,,,44,,,,,,432,,12,,136,,,,83,,,,,123,,,,,50,,,,,,,,,,,111,434,286,168,236,,367,,363,21,,,,,,,,,,,,,,,,244,,612,,369,266,,,,301,66,,,,,,323,,112,,,,,,,,,,,184,56,49,12,,,,437,,,,,282,,,292,,,,,,,,,,,,,,,,,,,,,,,,285,,,112,91,,,185,454,299,,,343,230,,191,,,,,143,195,,,270,150,155,197,74,138,844,,,32,66,242,246,,883,198,,141,196,77,,,,,,,,,,,,,,,,,,,,,,,66,177,,622,,,,135,,369,,,114,,,,,,,,,,261,105,269,129,77,,,114,345,704,195,135,624,,126,,,,,,,,,,,,,,,,,,,,,,,,,,,,,,,,,,,,,,,,,,,,,,,,,,,,598,137,162,313,21,211,248,99,,111,265,308,,304,,,,,,162,465,,,,,,,,529,121,,402,,168,,,,206,
2026-07-27T17:30:02+00:00,145,290,,,544,46,,139,,326,,192,263,,,189,,,,,,464,386,320,,,,,,21,1035,,15,18,221,,226,,,155,162,,,,,,,,,,,,,,,,52,,,,183,,42,138,,234,95,35,,,,,263,12,,128,232,256,188,269,127,176,220,,,,359,63,211,392,242,228,455,40,,,293,286,81,103,108,205,265,212,177,793,59,529,269,113,234,223,391,,,,38,,145,760,156,,497,,117,384,,,,,,104,,,,,529,,,,,152,211,,,,,,,,,,,,,,,,,,,273,444,567,424,63,,,,382,479,216,345,,,,,,,,,,,,,98,,140,16,66,567,,,,,,,,214,,140,,,,,,,,,,,,,,,,,,44,,,,,,,,,37,,,,,,436,,13,,,,,,82,,,,,,,,,,,,,,,,,,,,,107,435,287,,237,215,371,,361,22,,,,,,,,,,,,,,,,246,385,618,,370,260,,,220,305,67,,,,,,324,,113,,,,,,,,,,,187,58,53,14,,,,438,,,,,281,,,289,,,,,,,,,,,,6,,,,,,,,,,,,291,132,49,114,92,,60,187,453,295,,,344,,,193,,,,87,142,196,,30,268,148,158,198,75,,,41,,35,68,247,249,71,893,201,2304,140,,74,,,,,,,,,,,,,,,,,,,,,,635,67,178,,624,,,,140,263,,,,113,107,,,,,,42,,,263,106,273,131,84,188,265,117,344,706,196,138,626,,128,49,61,298,145,89,121,36,,176,,200,165,,163,16,289,,190,137,,,,,,,,,,,,,,,,,,,,,,,,,,,,,,,,,597,134,166,,19,208,254,,,112,271,309,75,305,,,30,61,,165,,283,,,,,,,528,,,406,,173,137,,,,
2026-07-27T17:35:02+00:00,148,,,,547,48,,146,241,,,190,266,,,183,,,,,,468,389,321,297,,,,,,1049,,17,,,,,,9,157,161,,,,,,,,,,,,44,,,,50,,,,,,,141,85,,,,,,,,269,11,,127,231,259,190,270,129,175,222,,,,360,65,214,395,,,460,37,,,301,287,,,,207,269,210,,794,58,,271,,237,224,,,,,37,,152,764,,249,,,,,,,,,,112,,,,,527,,,,,153,,,,,,,,159,,,,,676,,354,,,,534,270,446,,429,,,,798,389,489,219,350,294,369,1237,219,,,77,201,,296,357,142,101,,145,16,68,576,,,,,,,,,,139,,,,,,,,,,,,,,,,,,46,,,,,,,,,35,,,,,,440,,,103,,,,,88,,,,,,,,,,,,,,,,,,,,,102,440,288,171,240,219,380,,364,27,,,,,,,,,,,,,,,,249,,627,324,369,262,130,,,308,71,,,,,,,,,,,,,,,,40,,,,,52,,,,,439,,,,,283,,,286,,,,,,,,,,,,7,,,,,,,,,,,,292,,50,115,93,,,190,455,298,,,345,,,192,,,,86,,198,,,267,,,,,139,,,,,69,248,245,,902,,2305,,,68,,,,,,,,,,,,,,,,,,,,,,638,,181,,619,,301,225,160,262,,,,116,110,,,,,,47,,,266,108,276,136,88,189,,120,345,715,197,144,630,,,,,,,,,,,,,,,,,,,,,,,,,,,,,,,,,,,,,,,,,,,,,,,,,,,,,,598,135,167,315,22,211,255,,517,118,272,310,74,303,,,32,63,,,467,284,,,,,,,532,122,,416,,,135,,,222,
2026-07-27T17:40:01+00:00,149,292,,,544,51,,,248,327,,189,269,,,187,,,,,,467,,327,301,,,,,20,1065,,24,17,,,228,,8,156,,,98,,,,,,,,,405,,,,,49,,,,184,,41,143,,,96,32,,,,,277,,,128,232,,,,,,,,,,,,,,,,,,,,,,,,,,,,,,,,,,,,,,,,,,,,,,,,,,,,,,,,,,,,,,,,,,,,,,,,,,,,,,,,,,,,,269,445,571,432,64,,,799,394,499,221,354,,,,,,,,,,,,,107,,,16,73,590,,,,,,,,215,,141,,,,,,,131,,,,,95,,,,,,,,,,,,,,,32,,,,,,443,,12,,,,,,87,,,,,,,,,,51,,,,,,,,,,,104,446,,173,242,,381,,362,26,,,,,,,,,,,,,,,317,255,387,628,323,372,269,,,,307,,,1352,,,,,,114,,,,,,,,,,,184,,49,,,,,,,,,,282,,,291,,,,,,,,,,,,,,,,,,,,,,,,296,,,117,96,145,59,192,,302,,,346,232,,193,,,,85,141,201,,,263,147,155,,77,140,,,,,,,,,,,,,,,,,,,,,,,,,,,,,,,,,,,,,,,,,,,,,,,,,,,,,,,,,,,,,,,,,,,344,717,199,143,634,123,134,,,,,,,,,,,,,,,,,,,,,,,,,,,,,,,,,,,,,,,,,,,,,,,,,,,,597,,168,320,25,216,257,,516,125,274,309,71,305,,158,31,,,167,,285,,,,,,,,,,426,,175,,,,233,
2026-07-27T17:45:01+00:00,151,,,,548,53,,152,252,330,,188,272,,,184,,,,,166,468,393,332,311,,84,,,,1079,,17,20,223,,232,,,155,160,,,,,,,,,133,,,,,,,50,,,,,,39,149,,,95,34,,,,,278,,,129,231,261,193,271,123,,223,,,,,59,212,402,,,468,,363,,316,,83,,,214,272,221,,796,62,544,246,114,242,232,403,,,,38,112,163,776,160,253,495,,115,386,,,,,,118,,,,,526,,,,,154,210,,,,,,,156,,,,,687,,358,,,,541,270,444,,431,67,,,,398,511,220,356,295,367,1246,,176,447,80,,,297,365,148,,,147,16,,601,,,,,,,,,,,,,,,,,,,,,,,,,,,,,,,,,,,,,43,,,,,,444,,,105,,,,,93,,,,,124,,,,,52,,,,,,,,,,,109,449,,174,,220,384,,357,29,,,,,,,,,,,,,,,319,258,388,636,,373,265,,,,,74,,,,,,327,,,,,,,,,,,,,185,60,,13,,,,,,,,,279,,,296,,,,,,,,,,,,,,,,,,,,,,,,294,,51,116,,,58,193,454,305,,35,,231,,192,,,,,144,206,,29,,148,156,,76,141,841,,,36,68,,251,,925,200,2306,,197,69,,,,,,,,,,,,,,,,,,,,,,,68,,,,,,223,177,,,,,114,112,,,,,,50,,,270,,,137,95,191,268,,346,719,202,145,638,,137,,67,301,147,95,122,,,174,208,,,,168,21,301,,,150,,,,,,,,,,,,,,,,,,,,,,,,,,,,,,,,,,136,169,326,26,220,258,100,519,126,282,311,,,,162,35,64,,168,466,284,,,,,,,535,,,430,,,,,,,
2026-07-27T17:50:02+00:00,154,,,,552,54,,155,,331,,184,273,,,,,,,,,,395,336,315,,85,,,21,1084,,16,23,222,,234,,9,156,161,,,,,,,,,135,,,,,,,,,,,,13,35,148,,,94,35,,126,,,280,,,,,,,,,,,,,,,,,,,,,,,,,,,,,,,,,,,,,,,,,,,,,,,,,,,,,,,,,,,,,,,,,,,,,,,,,,,,,,,,,,,,,,,,,272,443,572,,66,,,804,402,517,221,361,,,,,,,,,,,,,111,,153,16,76,609,,,,,,,,,,143,,,,,,,128,,,,,,,,,,,,,,,,,,,,46,,,,,,445,,11,106,,,,,97,,,,,126,,,,,55,,,,,,,,,,,113,450,286,175,245,,386,,353,28,,,,,,,,,,,,,,,,259,392,637,,372,273,,,221,,77,,1353,,,,333,,,,,,,,,,,,,187,,,,,,,438,,,,,280,,,297,,,,,,,,,,,,,,,,,,,,,,,,293,130,50,114,98,,,195,453,315,,,,232,46,193,,,,,145,216,,,264,151,155,,,143,842,,,37,73,,259,,946,,,,200,67,,,,,,,,,,,,,,,,,,,,,,647,,,,608,,303,226,191,,370,,,113,,,,,,,,,,,,281,138,106,,269,,347,723,200,149,640,121,140,,,,,,,,,,,,,,,,,,,,,,,,,,,,,,,,,,,,,,,,,,,,,,,,,,,,598,134,168,331,27,,261,,520,130,287,313,72,306,,161,36,65,,169,468,286,,,,,,,,,,436,,177,,,,251,
2026-07-27T17:55:01+00:00,156,291,,,553,,,160,255,332,,,277,,,180,,,,,,467,,339,,,86,,,22,1087,,24,27,,,238,,,158,,,,,,,,,,,,406,,,,,51,,,,,11,36,149,,,,,,,,,282,12,,128,,256,198,,128,176,,,,,361,63,215,404,243,229,,34,365,,325,,86,,,217,280,243,,798,,555,251,,245,235,406,,,,37,113,174,779,167,251,494,,118,383,,,,,,140,,,,,,,,,,156,212,,,,,,,157,,,,,696,,357,,,,544,,445,,432,67,,,802,404,519,218,363,296,,1255,227,,446,91,202,,301,370,154,114,,152,16,77,620,,,,,,,,221,,,,,,,,,130,,,,,,,,,,,,,,,,,,,,45,,,,,,453,,,104,135,,,,109,,,,,128,,,,,56,,,,,,,,,,,110,453,284,176,,,387,,350,31,,,,,,,,,,,,,,,,264,,640,325,,279,,,224,309,76,,,,,,,,112,,,,,,,,,,,185,,51,,,,,,,,,,277,,,299,,,,,,,,,,,,,,,,,,,,,,,,292,,,,,,,194,,320,,,,,,,,,,,148,,,,262,154,158,,80,144,838,,,,,,,,,,,,,,,,,,,,,,,,,,,,,,,,,,,648,,183,,,,305,228,197,264,368,,,112,113,,,,,,52,,,271,110,,140,115,194,268,,,735,206,150,652,123,143,,,,,,,,,,,,,,,,,,,,,,,,,,,,,,,,,,,,,,,,,,,,,,,,,,,,,135,169,334,30,221,265,99,522,137,293,316,73,308,,,38,68,,170,469,285,,,,,,,538,,,438,,179,,,,,
2026-07-27T18:00:01+00:00,,289,,,560,55,,162,257,,,188,278,,,182,,,,,167,466,401,344,321,,,,,,1089,,25,29,223,,241,,,,,,97,,,,,,,,,,,,,,52,,,,,,39,147,,,95,34,,,,,284,,,133,233,,,,,,,,,,363,66,218,411,242,,481,36,,219,333,286,90,104,110,221,289,256,,,,572,,,247,240,408,,,445,38,,,,,,,,,,,,,,,,,,,,,,,,,,,,,,,,,,,,,,,,,,,,,271,444,573,431,,,,,411,526,215,367,,,,,,,,,,,,,116,,151,16,82,632,,,,,,,,,,146,,,,,,,134,,,,,,,,,,,,,,,,,,,,48,,,,,,456,,,105,,,,,111,,,,,127,,,,,,,,,,,,,,,,109,459,283,178,246,221,390,,352,,,,,,,,,,,,,,,,318,263,397,642,326,371,296,,,225,308,,,,,,,335,,110,,,,,,,,,,,187,59,,14,,,,,,,,,282,,,303,,,,,,,,,,,,8,,,,,,,,,,,,286,,,,99,,,,448,,,,345,,,192,,,18,,147,217,,,261,,156,,84,143,833,,,39,71,249,262,72,976,211,2310,,201,69,,,,,,,,,,,,,,,,,,,,,,656,67,,,,,307,230,210,263,369,,,114,111,,,,,,54,,,274,109,286,,125,196,270,121,349,743,210,152,657,125,142,48,76,302,148,99,124,38,,177,228,208,,,175,,312,,193,159,,,,,,,,,,,,,,,,,,,,,,,,,,,,,,,,,597,137,172,338,33,224,272,98,524,146,296,,,,,160,39,70,,171,471,,,,,,,,541,,,449,,182,136,,,261,
2026-07-27T18:05:01+00:00,160,,,,567,56,,169,265,333,,189,282,,,175,,,,,,468,405,347,327,,,,,,1098,,31,31,,,,,,,,,,,,,,,,134,,404,,,,,,,,,,12,43,149,,,,33,,127,,,288,11,,134,232,253,204,272,135,177,224,,,,,,,,,,,,,,,,,,,,,,,,,,,,,,,,,,,,178,791,172,259,495,,117,384,,,,,,148,,,,,527,,,,,164,215,,,,,,,161,,,,,703,,367,,1,,543,275,440,572,436,,,,804,415,538,216,371,,364,,233,,,92,,238,302,376,156,121,,154,16,86,650,,,,,,,,,,,,,,,,,132,,,,,,,,,,,,,,,,,,,,45,,,,,,462,,12,106,,,,,113,,,,,,,,,,,,,,,,,,,,,98,458,278,,,223,395,,350,34,,,,,,,,,,,,,,,319,,398,644,328,370,301,,,,311,77,,,,,,336,,,,,,,,,,41,,,,60,52,12,,,,,,,,,284,,,306,,,,,,,,,,,,11,,,,,,,,,,,,279,131,,116,,,,193,449,323,,,346,,,,,,19,,146,220,,,,,158,199,86,,829,,,40,,,,,,,,,,,,,,,,,,,,,,,,,,,,,,,,659,,184,,,,308,232,216,,371,,,116,113,,,,,,55,,,277,,288,142,131,202,271,125,350,751,215,159,660,,145,,,,,,,,,,,,,,,,,,,,,,,,,,,,,,,,,,,,,,,,,,,,,,,,,,,,,,,336,34,225,273,,526,157,304,317,,,,161,,71,,175,472,284,,,,,,,543,,,461,,,,,,276,
2026-07-27T18:10:01+00:00,161,291,,,572,,,177,274,334,,188,283,,,180,,,,,,469,407,353,337,,,,,23,1107,,34,,226,,,,,157,162,,96,,,,,,,,,,,,,,,,2,,,,46,,,233,,35,,,,,,10,,137,,,,,,,,,,,,70,221,414,243,,486,35,,,347,,92,,,223,291,271,,799,,585,255,,,243,412,,,,39,,,,,,,,,,,,,,,,,,,,,,,,,,,,,,,,,,,,,,,,,,,,,274,454,,437,,,,807,418,550,223,377,,,,,,,,,,,,,124,,158,16,90,667,,,,,,,,,,,,,,,,,,,,,,,,,,,,,,,,,,,,,54,,,,,,477,,10,110,,,,,121,,,,,,,,,,,,,,,,,,,,,99,462,275,,248,,396,,351,36,,,,,,,,,,,,,,,318,272,400,649,327,372,310,,,226,315,78,,,,,,338,,111,,,,,,,,42,,,186,64,54,13,,,,439,,,,,285,,,308,,,,,,,,,,,,9,,,,,,,,,,,,281,132,,,,,,,453,327,,,,233,,,,,,,145,226,,,264,157,160,,89,144,831,42,,41,,250,266,,991,213,2314,141,202,74,,,,,,,,,,,,,,,,,,,,,,665,,190,,613,,,233,232,262,372,,,114,114,,,,,,56,,,,108,290,148,138,205,272,,,760,214,168,661,,146,,,,,,,,,,,,,,,,,,,,,,,,,,,,,,,,,,,,,,,,,,,,,,,,,,,,,,,338,,227,274,,529,165,310,320,74,,,,,73,,,,283,,,,,,,542,,,476,,,,,,279,
2026-07-27T18:15:01+00:00,162,,,,576,58,,176,275,,,189,284,,,174,,,,,,471,410,,342,,,,,24,1111,,41,32,,,,,,159,,,,,,,,,,,,403,,,,,,,5,,185,14,43,150,,234,,37,,,,,292,9,,138,231,247,216,274,,179,,,,,,,,,,,,,,,,,,,,,,,,,,,,,,,,,,,,112,191,801,174,263,496,,113,,,,,,,169,,,,,530,,,,,168,214,,,,,,,165,,,1,,714,,372,,2,,542,272,452,573,435,,,,813,,564,218,384,298,366,1261,246,,449,96,,239,304,381,162,127,,159,16,92,686,,,,,,,,223,,145,,,,,,,,,,,,,,,,,,47,,,,,,,,,57,,,,,,481,,8,109,,,,,127,,,,,,,,,,57,,,,,,,,,,,98,464,277,179,,226,,,,,,,,,,,,,,,,,,,,277,401,648,,,317,,,,318,82,,,,,,,,109,,,,,,,,,,,,63,55,,,,,438,,,,,284,,,313,,,,,,,,,,,,8,,,,,,,,,,,,285,,,117,101,146,,194,451,334,,,347,235,,193,,,,,,227,,30,266,158,,,87,,832,,,,72,251,271,,1003,212,,,,76,,,,,,,,,,,,,,,,,,,,,,676,,,,617,,313,,250,,,,,112,,,,,,,57,,,278,,292,150,146,209,,,351,767,216,171,674,,,,,,,,,,,,,,,,,,,,,,,,,,,,,,,,,,,,,,,,,,,,,,,,,,,,,,,,173,337,35,228,,,530,170,324,321,73,,,,41,,,176,473,284,,,,,,,545,,,480,,,137,,,,
2026-07-27T18:20:01+00:00,164,292,,,579,57,,180,,335,,192,288,,,172,,,,,,,414,358,346,,85,,,,1122,,44,34,,,,,,160,163,,95,,,,,,,135,,405,,,,,,,15,,,16,47,153,,235,94,,,,,,296,,,137,237,244,217,276,134,178,,,,,,69,225,418,247,228,493,39,367,220,359,,93,,112,228,296,284,,802,64,590,258,115,250,247,420,,,,43,,196,806,179,269,494,,115,385,,,,,,171,,,,,531,,,,,170,215,,,,,,,162,,,,,717,,376,,,,,273,442,,,68,,,821,421,570,,385,,,,,,,,,,,,,129,,165,15,91,696,,,,,,,,227,,149,,,,,,,133,,,,,,,,,,,,,,,,,,,,,,,,,,482,,,111,,,,,130,,,,,128,,,,,,,,,,,,,,,,97,466,276,181,,225,397,,350,37,,,,,,,,,,,,,,,,283,402,,328,369,326,,,,315,,,1354,,,,339,,111,,,,,,,,43,,,187,65,,14,,,,,,,,,286,,,315,,,,,,,,,,,,7,,,,,,,,,,,,278,,,118,,,57,192,,338,,,,,,,,,,86,,234,,32,269,159,162,,,,831,,143,43,,,,73,,,,,,,,,,,,,,,,,,,,,,,,,,,,684,,,,624,,316,,260,264,,,,,113,,,,,,,,,279,110,293,,154,,280,127,350,772,,174,675,,148,,90,307,150,105,128,41,,194,243,220,166,,181,19,326,,196,169,,,,,,,,,,,,,,,,,,,,,,,,,,,,,,,,,599,,172,340,36,234,277,,,174,331,322,74,,,,,74,,180,,282,,,,,,,,124,,487,,,,,,296,
2026-07-27T18:25:01+00:00,167,,,,581,58,,186,276,,,,289,,,171,,,,,,474,423,361,353,,84,,,23,1137,,46,35,229,,,,,158,,,,,,,,,,134,,,,,,,,,21,,186,17,44,154,,234,95,38,23,,,,,7,,,240,,,,,,,,,,,,,,,,,,,,,,,,,,,,,,,,,,,,,,,,,,,,,,,,,,,,,,,,,,,,,,,,,,,,,,,,,,,,,,720,,380,,5,,545,275,449,,437,,,,823,423,574,221,387,299,365,1267,249,180,459,103,,,,384,170,,,,15,94,704,,,,,,,,,,,,,,,,,,,,,,,,,,,,,,,,,,,,,53,,,,,,480,,,,,,,,,,,,,129,,,,,,,,,,,,,,,,95,,281,182,250,226,405,,351,38,,,,,,,,,,,,,,,,287,403,646,,372,334,,,,318,81,,,,,,,,,,,,,,,,,,,,,,,,,,,,,,,,,,,,,,,,,,,,,,,,,,,,,,,,,,273,,,117,,,,196,454,344,,,348,,,196,,,,,,238,,,280,162,,,89,,832,,,,,,,,,,,,,,,,,,,,,,,,,,,,,,,,,,,690,66,,,626,,319,,272,265,,,,114,,,,,,,58,,,,111,,151,162,211,282,130,,,,,,,,,,,,,,,,,,,,,,,,,,,,,,,,,,,,,,,,,,,,,,,,,,,,,,,,,,,,,171,342,38,238,280,99,532,176,339,324,80,,,164,45,,,,475,281,,,,,,,547,,,496,,183,,,,302,
2026-07-27T18:25:02+00:00,,,,,,,,,,,,,,,,,,,,,,,,,,,,,,,,,,,,,,,,,,,,,,,,,,,,,,,,,,,,,,,,,,,,,,,,,,,,,,,,,,,,,,,,,,,,,,,,,,,,,,,,,,,,,,,,,,,,,,,,,,,,,,,,,,,,,,,,,,,,,,,,,,,,,,,,,,,,,,,,,,,,,,,,,,,,,,,,,,,,,,,,,,,,,,,,,,,,,,,228,,150,,,,,,,130,,,,,94,,,,,,,,,,,,,,,,,,,,,,,,,,,,,,,,,,,,,,,,,,,,,,,,,,,,,,,,,,,,,,,,,,,,,,,,,,,,,,,,,,,,,,,,,,,,,,,,,,,,,,,,,,,,,,,,,,,,,,,,,,,,,,,,,,,,,,,,,,,,,,,,,,,,,,,,,,,,,,,,,,,,,,,,,,,,,,,,,73,,276,,1016,213,2316,140,,78,,,,,,,,,,,,,,,,,,,,,,,,,,,,,,,,,,,,,,,,,,,,,,,,,,,,,352,779,223,173,682,124,147,,,,,,,,,,,,,,,,,,,,,,,,,,,,,,,,,,,,,,,,,,,,,,,,,,,,,,,,,,,,,,,,,,,,,,,,,,,,,,,,,,,,,,,,,,
2026-07-27T18:30:01+00:00,171,,,,582,60,,,,338,,196,290,,,170,,,,,,,427,362,356,,83,,,,1148,,52,,230,,,,,157,,,,,,,,,,140,,,,,,,,,24,,,,46,,,,94,39,25,,,,304,6,,,238,236,215,275,139,177,,,,,,71,232,427,252,231,501,40,366,,369,287,,,,232,301,290,,,63,610,261,,256,252,429,,,,44,,202,812,,273,501,,111,384,,,,,,177,,,,,533,,,,,173,217,,,,,,,,,,3,,722,,385,,4,,,274,448,570,443,,,,826,,581,222,388,,,,,,,,,,,,,130,,173,14,97,717,,,,,,,,,,153,,,,,,,132,,,,,,,,,,,,,,,,,,,,58,,,,,,483,,,113,137,,,,133,,,,,128,,,,,59,,,,,,,,,,,96,473,282,,,,,,,41,,,,,,,,,,,,,,,,285,,649,,,339,,,227,323,83,,1353,,,,340,,113,,,,,,,,,,,,70,,15,,,,,,,,,289,,,316,,,,,,,,,,,,,,,,,,,,,,,,267,,,115,,,,,455,345,,,,,,,,,,,,239,,,279,,168,200,92,,833,43,,44,72,250,282,,1021,217,2319,139,,,,,,,,,,,,,,,,,,,,,,,,,,,,,,,,,,,,,115,,,,,,,59,,,281,,,152,,213,283,,353,782,225,175,688,,148,,,,,,,,,,,,,,,,,,,,,,,,,,,,,,,,,,,,,,,,,,,,,,,,,,,,,139,170,346,37,240,283,,,178,341,326,83,310,,,49,,,181,,,,,,,,,,,,502,,,,,,303,
2026-07-27T18:35:02+00:00,170,,,,583,61,,185,281,339,,,,,,,,,,,,473,426,365,,,82,,,,1158,,,36,,,,,11,159,,,,,,,,,,,,,,,,,,,,,,,47,158,,,93,40,27,,,,309,,,136,237,,,,,,,,,,,,,,,,,,,,,,,,,,,,,,,,,,,,,,,,,,,,,,,,,,,,,,,,,,,,,,,,,,,,,,,,,,,,,,,,,,,,,275,452,,,,,,827,426,587,224,,302,,1274,258,182,467,109,204,,306,385,178,131,,174,14,100,723,,,,,,,,229,,,,,,,,,129,,,,,95,,,,,,,,,,,,,,,57,,,,,,484,,,,,,,,136,,,,,129,,,,,,,,,,,,,,,,97,475,,183,251,227,406,,350,43,,,,,,,,,,,,,,,319,286,,647,,,345,129,,,324,84,,,,,,341,,112,,,,,,,,46,,,189,67,,,,,,,,,,,290,,,320,,,,,,,,,,,,,,,,,,,,,,,,262,,51,116,,,58,199,454,344,,,349,237,,197,,,,,,247,,,284,166,173,,,,835,42,,45,71,249,284,,1023,221,2324,,,82,,,,,,,,,,,,,,,,,,,,,,696,65,,,621,,323,235,279,264,373,,,117,,,,,,,,,,,112,296,,164,,,132,354,789,226,174,696,,147,,99,313,152,104,130,43,,213,256,235,162,,184,25,328,,199,176,,,,,,,,,,,,,,,,,,,,,,,,,,,,,,,,,,,,351,38,244,,,533,179,344,,85,,,165,50,,,,,282,,100,69,,,,550,,,506,,,,,,310,
2026-07-27T18:40:01+00:00,172,,,,586,,,186,282,338,,195,291,,,171,,,,,,475,,366,354,,83,,,,1169,,53,,231,,,,,160,164,,,,,,,,,,,,,,,,,,25,,,16,,159,,,,41,,,,,,,,137,240,,219,276,140,178,225,,,,,81,235,436,254,229,509,43,,,379,288,95,,,237,308,311,,803,,629,263,,257,,437,,,,48,,,816,180,277,500,,,,,,,,,188,,,,,532,,,,,172,218,,,,,,,,,,2,,724,,386,,5,,546,276,453,,447,,,,832,427,588,,390,,,,,,,,,,,,,132,,177,14,104,729,,,,,,,,230,,,,,,,,,130,,,,,,,,,,,,,,,,,,,,56,,,,,,487,,,,,,,,139,,,,,130,,,,,58,,,,,,,,,,,98,477,,184,252,,407,,349,,,,,,,,,,,,,,,,,291,,649,,373,344,,,,327,86,,,,,,343,,,,,,,,,,,,,188,,57,17,,,,,,,,,292,,,323,,,,,,,,,,,,9,,,,,,,,,,,,263,131,,,102,,,,,351,,,,236,,195,,,,,,249,,,286,,,,,,,,142,,,,,,,,,,,,,,,,,,,,,,,,,,,,,,,,,697,,,,,,,,,,,,,118,114,,,,,,60,,,,,,,,217,,,355,799,,177,703,125,149,,,,,,,,,,,,,,,,,,,,,,,,,,,,,,,,,,,,,,,,,,,,,,,,,,,,600,,171,353,,245,,,534,186,345,327,,,,166,47,,,182,,286,,,,,,,551,125,,510,,,,,,314,
2026-07-27T18:45:02+00:00,174,293,,148,589,62,,189,283,339,,193,293,,,170,,,,,,476,,,356,,85,,,,1175,,54,37,,,,,,162,,,94,,,,,,,,,,,,,,53,,,,,15,56,161,,233,94,42,,,,,319,,,138,239,,,,,,,,,,,,,,,,,,,,,,,,,,,,,,,,,,,,,,,,,,,,,,,,,,,,,,,,,,,,,,,,,,,,,,,,,,,,,,,,,,,,,,456,,445,,,,836,429,593,222,394,303,366,1282,264,,469,112,205,240,305,395,183,136,,,13,102,740,,,,,,,,,,155,,,,,,,,,,,,,,,,,,49,,,,,,,,,57,,,,,,489,,5,115,,,,,140,,,,,129,,,,,,,,,,,,,,,,,482,286,,,,408,,353,44,,,,,,,,,,,,,,,318,295,,,327,377,352,,,229,,89,,1351,,,,,,113,,,,,,,,45,,,189,69,58,,,,,,,,,,294,,,,,,,,,,,,,,,,,,,,,,,,,,,271,,,117,,145,59,200,457,352,,,,237,45,,,,,,146,253,,,289,,178,,,,836,,,,74,,285,,1028,226,,,,84,,,,,,,,,,,,,,,,,,,,,,701,,191,,,,324,236,280,,374,,,119,,,,,,,59,,,282,114,,,166,218,,,357,802,,181,711,,150,,,,,,,,,,,,,,,,,,,,,,,,,,,,,,,,,,,,,,,,,,,,,,,,,,,,601,,,352,,247,,,535,189,348,328,,311,,,50,,,185,476,288,,,,,,,552,,,515,,184,138,,,,
2026-07-27T18:50:01+00:00,178,,,,591,63,,191,284,340,,192,296,,,169,,,,,,,,365,357,,,,,,1179,31,,39,,,,,,164,,,93,,,,,,,,,406,,,,,,,,,,16,55,163,,,,43,28,,,,325,,,,238,241,218,278,144,,227,,,,,86,242,443,256,230,516,42,,,389,289,105,105,,239,314,326,,,65,639,265,,259,255,438,,,,50,,204,819,179,,501,58,113,,,,,,,194,,,,,534,,,,,171,219,,,,,,,163,,,,,728,,,,,,,275,452,,,,,,838,427,594,226,396,,,,,,,,,,,,,135,,,14,107,741,,,,,,,,,,154,,,,,,,132,,,,,,,,,,,,,,,,,,,,63,,,,,,491,,4,,,,,,144,,,,,130,,,,,59,,,,,,,,,,,,487,290,,,,410,,,45,,,,,,,,,,,,,,,,297,404,653,,378,361,,,,,90,,,,,,344,,112,,,,,,,,44,,,,70,57,,,,,,,,,,300,,,326,,,,,,,,,,,,8,,,,,,,,,,,,,,50,116,,146,,201,459,,,,350,,,,,,,,,255,,,293,167,181,,93,,839,,,,77,,289,,1029,,2325,140,,87,,,,,,,,,,,,,,,,,,,,,,703,,,,,,325,,284,267,,,,118,115,,,,,,,,,284,,300,,,223,,,,809,225,182,716,,151,,107,314,,107,136,46,,217,270,244,,,,28,330,,198,189,,,,,,,,,,,,,,,,,,,,,,,,,,,,,,,,,,,,354,43,,,,,192,,,,312,,,53,73,,,,289,,,,,,,554,,,520,,185,,,,322,
2026-07-27T18:55:02+00:00,179,,,,600,,,194,282,,,200,295,,,172,,,,,,478,428,366,359,,86,,,22,1187,,52,41,,,,,,167,,,92,,,,,,,,,,,,,,52,,29,,,15,57,166,,,,44,27,,,,328,5,,141,239,,,,,,,,,,,,,,,,,,,,,,,,,,,,,,,,,,,,,,,,,,,,,,,,,,,,,,,,,,,,,,,,,,,,,,,,,,,,,,,,,,,,,276,455,571,447,,,,842,428,595,222,395,,370,1292,272,183,477,119,,241,304,398,184,,,181,14,,747,,,,,,,,231,,153,,,,,,,131,,,,,94,,,,,,,,,,,,,,,59,,,,,,,,3,,,,,,147,,,,,129,,,,,,,,,,,,,,,,,492,294,,,,411,,356,,,,,,,,,,,,,,,,,,,,,377,365,,,230,326,91,,1350,,,,345,,,,,,,,,,45,,,190,72,55,,,,,439,,,,,304,,,328,,,,,,,,,,,,9,,,,,,,,,,,,267,,,117,,,,,,355,,,352,,,,,,,,149,261,,,299,166,184,,95,,844,,,46,78,248,294,,1030,230,2331,139,,98,,,,,,,,,,,,,,,,,,,,,,706,,192,,622,,,237,288,268,,,,121,,,,,,,62,,,285,,,,174,222,,133,,812,226,181,722,124,152,,,,,,,,,,,,,,,,,,,,,,,,,,,,,,,,,,,,,,,,,,,,,,,,,,,,602,,173,360,46,248,,100,,195,,329,87,313,,168,54,,,186,,290,,,,,,,556,,,522,,,,,,,
2026-07-27T19:00:01+00:00,,,,,602,64,,193,283,,,204,298,,,173,,,,,,,,369,,,,,,,1188,,55,,230,,,,12,166,,,,,37,,,,,,,,,,,,,,30,,,,63,167,,,,43,,128,,,,,,143,242,240,221,281,148,,229,,,,365,90,247,446,259,231,523,41,365,,402,,116,104,,243,321,343,,804,,667,264,,263,257,435,,,,,114,208,823,180,273,504,,,,,,,,,201,,,,,,,,,,172,,,,,,,,166,,,11,,729,,391,,,,549,277,456,,,,,,851,,599,220,397,,,,,,,,,,,,,137,,179,14,109,755,,,,,,,,,,154,,,,,,,132,,,,,95,,,,,,50,,,,,,,,,54,,,,,,493,,1,,,,,,150,,,,,130,,,,,60,,,,,,,,,,,,493,296,185,,228,,,357,46,,,,,,,,,,,,,,,,303,406,,,378,366,,,,325,92,,1349,,,,347,,113,,,,,,,,47,,,191,71,53,,,,,,,,,,310,,,,,,,,,,,,,,,10,,,,,,,,,,,,,,,,103,,61,202,,359,,,353,238,,,,,,,,,,,,,185,,97,,853,,,,77,245,293,,,231,2332,140,,101,,,,,,,,,,,,,,,,,,,,,,710,66,193,,623,,,238,292,,,,,123,117,,,,,,63,,,,113,,,186,226,,134,359,815,227,184,721,123,151,,,,,,,,,,,,,,,,,,,,,,,,,,,,,,,,,,,,,,,,,,,,,,,,,,,,,,175,362,,253,284,,,197,350,,88,,,,55,74,,,,291,,,,,,,561,,,524,,186,135,,,332,
2026-07-27T19:15:01+00:00,185,,57,,606,65,,206,288,343,,,301,,,175,,,,,,479,434,379,364,,88,,,21,1193,,57,49,229,,,,,167,163,,,,,,,,,139,,407,43,,,,54,,36,,,14,68,169,,,,,28,,,,332,,,145,240,243,226,285,158,179,,,,,366,101,253,451,267,233,532,50,366,219,416,288,135,,113,247,327,355,,806,67,687,269,,267,258,434,,9,446,56,115,212,834,,275,507,,114,385,,,,,,218,,,,,,,,,,177,221,,,,,,,181,,,9,,741,,403,,8,,554,283,,570,448,,,,859,,603,221,398,,372,1294,294,185,482,132,208,,306,399,194,139,,180,14,116,775,,,,,,,,232,,156,,,,,,,,,,,,96,,,,,,,,,,,,,,,60,,,,,,,,,116,,,,,158,,,,,,,,,,,,,,,,,,,,,,500,300,,,232,414,,362,55,,,,,,,,,,,,,,,317,305,,657,331,382,388,130,,231,322,93,,1354,,,,348,,118,,,,,,,,,,,192,80,54,19,,,,440,,,,,309,,,,,,,,,,,,,,,7,,,,,,,,,,,,,133,49,118,105,152,64,207,468,364,,,356,237,,199,,,,,152,268,,,301,164,193,,101,143,875,41,143,49,,247,310,,1033,242,2337,143,203,113,,,,,,,,,,,,,,,,,,,,,,715,,194,,,,,240,295,274,376,,,126,119,,,,,,68,,,289,114,302,,195,234,,,362,828,232,185,732,125,158,,109,,153,110,141,48,,241,281,256,164,,194,37,337,,199,205,,,,,,,,,,,,,,,,,,,,,,,,,,,,,,,,,607,,117,370,50,274,285,,538,,356,,,314,,,60,75,,189,,294,,,,,,,568,,,534,,189,,,,343,
2026-07-27T19:30:02+00:00,189,,,,614,67,,215,,,,207,308,,,177,,,,,,477,,394,367,,89,,,,1195,32,,52,230,,,,,170,165,,,,38,,,,,,,408,,,,,,,43,,,13,75,172,,,,45,,,,,334,,,144,247,250,230,287,161,180,232,,,,367,107,259,454,273,,546,52,367,220,424,291,143,,,251,331,373,,,68,704,271,,269,263,437,,,,55,,,833,,,512,,115,387,,,,,,224,,,,,536,,,,,175,220,,,,,,,185,,,27,,744,,408,,20,,555,288,,568,454,,,,876,433,607,226,400,,,1298,304,,486,139,209,,309,404,196,142,,188,14,125,796,,,,,,,,,,,,,,,,,135,,,,,95,,,,,,,,,,,,,,,63,,,,,,495,,,,,,,,,,,,,131,,,,,,,,,,,,,,,,115,503,299,189,,,417,,,61,,,,,,,,,,,,,,,316,318,408,661,333,381,406,,,232,330,91,,1361,,,,,,121,,,,,,,,,,,195,86,57,18,,,,441,,,,,313,,,334,,,,,,,,,,,,6,,,,,,,,,,,,291,,,121,107,,66,,,368,,,,238,,198,,,,84,157,273,,,,165,204,,104,144,882,,,,84,244,330,,1034,252,2346,147,,127,,,,,,,,,,,,,,,,,,,,,,722,67,196,,633,,,,297,279,377,,,128,120,,,,,,71,,,290,,307,,210,243,,,368,831,236,189,,126,162,51,116,,151,111,144,50,,253,291,260,163,,197,40,341,,,211,,,,,,,,,,,,,,,,,,,,,,,,,,,,,,,,,608,140,120,382,56,285,,100,537,,360,,,316,,170,68,81,,190,475,298,,,,,,,574,,,536,,190,134,,,348,
2026-07-27T19:45:01+00:00,191,295,,,617,66,,217,292,344,,212,310,,,179,,,,,,479,437,396,,,,,,,1199,,64,57,229,,,,,174,164,,,,,,,,,140,,,,,,,,,49,,,15,77,,,,95,46,,,,,344,8,,143,251,256,,,168,183,241,,,,368,110,265,458,,231,551,55,365,,432,,147,105,,253,334,384,,,67,707,273,113,273,273,443,,,,61,,,835,181,272,517,,114,384,,,,,,230,,,,,538,,,,,180,,,,,,,,198,,,124,,746,,438,,71,,562,,458,569,456,,,,893,435,,231,401,,373,1305,326,188,490,154,,,312,407,205,147,,181,15,128,818,,,,,,,,235,,161,,,,,,,,,,,,94,,,,,,,,,,,,,,,70,,,,,,497,,2,,,,,,,,,,,132,,,,,,,,,,,,,,,,119,511,300,188,,,418,,376,68,,,,,,,,,,,,,,,318,323,409,662,,384,420,,,,332,96,,1371,,,,,,,,,,,,,,,,,,88,55,,,,,443,,,,,314,,,335,,,,,,,,,,,,7,,,,,,,,,,,,314,,50,124,109,,65,206,476,369,,,357,,,199,,,,,,279,,,302,163,210,,107,143,881,,,50,88,245,334,,1036,265,2355,148,,138,,,,,,,,,,,,,,,,,,,,,,733,69,199,,635,,324,242,,281,378,,,129,118,,,,,,,,,291,,,,222,250,,135,370,840,242,195,741,127,164,,119,313,152,114,,51,,264,298,274,165,,203,38,345,,200,223,,,,,,,,,,,,,,,,,,,,,,,,,,,,,,,,,607,,121,388,57,290,288,,539,,363,330,87,318,,173,76,83,,192,476,300,,,,,,,575,,,538,,191,,,,355,
2026-07-27T20:00:01+00:00,193,296,,,625,,,219,291,346,,219,313,,,194,,,,,,480,439,395,,,,,,,1201,31,,59,230,,,,,175,,,87,,,,,,,,,,,,,,53,,60,,,,82,,,,96,47,,,,,353,,,144,252,266,,290,176,185,242,,,,,116,268,463,277,,548,63,,,436,294,154,,,258,340,402,,807,,712,264,112,275,276,463,,10,447,,,,839,,275,514,,115,385,,,,,,237,,,,,537,,,,,,219,,,,,,,219,,,182,,750,,462,,160,,597,,457,568,461,67,,,910,437,609,237,404,,,1308,333,,499,156,210,,313,408,210,152,,186,17,132,833,,,,,,,,236,,164,,,,,,,,,,,,95,,,,,,,,,,,,,,,86,,,,,,,,3,,,,,,160,,,,,134,,,,,,,,,,,,,,,,126,517,,,,,417,,379,70,,,,,,,,,,,,,,,319,333,410,661,,388,436,,,,329,,,1376,,,,349,,,,,,,,,,49,,,194,96,,20,,,,442,,,,,319,,,337,,,,,,,,,,,,,,,,,,,,,,,,321,135,,125,111,,,207,479,376,,,360,237,,198,,,20,,159,283,,,,165,222,,,,879,40,,49,89,242,351,,1037,282,2358,150,204,148,,,,,,,,,,,,,,,,,,,,,,735,72,,,639,,,244,,284,377,,,,,,,,,,74,,,,,308,,235,258,,,372,846,244,,762,,167,,123,,153,115,146,53,,279,312,279,166,,212,41,349,,202,236,,,,,,,,,,,,,,,,,,,,,,,,,,,,,,,,,609,,,403,,299,,,541,,367,,88,317,,172,80,84,,193,475,301,,,,,,,577,,,,,,133,,,360,
2026-07-27T20:15:02+00:00,195,295,,,623,,,225,295,,,232,314,,,206,,,,,,481,441,402,,,91,,,,1202,,68,61,231,,,,,179,165,,,,,,,,,,,407,44,,,,54,,57,,,,83,171,,,97,48,,,,,355,,,145,257,278,,289,184,188,245,,,,369,122,276,464,,232,551,,,,440,296,159,,,,341,407,176,806,68,723,266,111,277,280,492,,9,,62,,,841,180,272,516,,120,387,,,,,,250,,,,,,,,,,181,217,,,,,,,227,,,216,,751,,473,,197,,605,292,463,566,463,,,,928,,614,250,,,379,1314,348,,503,164,211,,314,414,214,157,,184,17,138,850,,,,,,,,237,,165,,,,,,,137,,,,,,,,,,,,,,,,,,,,120,,,,,,,,4,,,,,,165,,,,,,,,,,,,,,,,,,,,,130,522,299,,253,,419,,386,72,,,,,,,,,,,,,,,,339,,662,,389,450,,,,334,,,1377,,,,,,,,,,,,,,,,,,,,,,,,,,,,,,,,,,,,,,,,,,,,,,,,,,,,,,,,325,,51,,114,,,,488,383,,36,359,236,,196,,,,85,163,285,,,303,,231,,,,884,41,145,50,95,0,372,,1038,291,2357,,,156,,,,,,,,,,,,,,,,,,,,,,744,73,203,,656,,,249,,286,376,,,,119,,,,,,,,,,,,,245,261,,136,,847,247,200,780,,170,,128,312,156,116,151,,,294,319,291,171,,217,47,351,,,246,,,,,,,,,,,,,,,,,,,,,,,,,,,,,,,,,611,,124,411,65,308,,,542,,369,,87,318,,175,84,86,,196,476,302,,,,,,,580,,,542,,192,134,,,361,
2026-07-27T20:30:01+00:00,,297,,,628,67,,232,296,347,,235,318,,,219,,,,,,,,403,,,,,,,1204,,71,62,,,,,,182,168,,,,,,,,,139,,,43,,,,,17,66,,,14,92,,,232,,,,,,,356,,,146,256,294,,,189,190,246,,,,,148,281,469,278,233,562,66,363,,445,,164,,111,264,346,416,,807,71,732,273,,280,281,496,,,,63,,,843,182,,521,,128,388,,,,,,256,,,,,,,,,,,219,,,,,,,238,,,223,,754,,482,,209,,612,302,464,564,467,,,,943,,619,252,405,,378,1315,351,191,506,167,212,,316,415,215,153,,,17,143,861,,,,,,,,,,,,,,,,,,,,,,94,,,,,,51,,,,,,,,,122,,,,,,,,,,,,,,,,,,,136,,,,,,,,,,,,,,,,140,527,300,189,254,,420,,394,74,,,,,,,,,,,,,,,320,342,,665,334,394,469,,,233,337,93,,1378,,,,,,,,,,,,,,,,,,,,,,,,,,,,,,,,,,,,,,,,,,,,,,,,,,,,,,,,327,,,127,115,,66,206,491,387,,,,,,,,,,84,164,,,,,,235,,109,,888,,144,,98,,384,,1051,297,2365,,,164,,,,,,,,,,,,,,,,,,,,,,749,74,206,,663,,,,,289,,,,,120,,,,,,76,,,,112,,,257,263,,,371,848,250,,784,,174,49,130,314,157,117,152,,,304,,304,177,,234,56,352,,,259,,,,,,,,,,,,,,,,,,,,,,,,,,,,,,,,,612,,,421,68,313,,,543,,372,,88,,,178,87,,,198,478,,,,,,,,582,,,544,,,135,,,,
2026-07-27T20:45:01+00:00,,,,,,68,,235,297,349,,238,320,,,235,,,,,,482,,402,,,,,,,1205,,72,64,232,,,,,183,167,,,,,,,,,137,,,,,,,,,67,,,,97,,,233,,,,,,,360,,,147,258,328,,,190,,247,,,,370,159,286,472,280,234,573,70,,,452,298,168,104,,265,353,432,175,808,72,737,271,113,284,285,495,,,,66,,,846,,273,524,,142,387,,,,,,258,,,,,,,,,,184,222,,,,,,,248,,,240,,755,,486,,215,,,304,463,563,,,,,950,,625,266,,,,1321,358,,508,172,,,317,,222,154,,193,17,146,883,,,,,,,,,,,,,,,,,138,,,,,95,,,,,,,,,,,,,,,140,,,,,,,,5,118,138,,,,,,,,,,,,,,,,,,,,,,,,,144,531,,193,,231,423,,396,,,,,,,,,,,,,,,,,349,411,666,336,,474,129,,,,94,,,,,,,,,,,,,,,,,,,,,,,,,,,,,,,,,,,,,,,,,,,,,,,,,,,,,,,,,,350,,,,,,65,208,493,390,,,,237,,197,,,,83,167,,,33,304,171,248,,110,,892,,,49,101,,391,,1059,302,2366,,,168,,,,,,,,,,,,,,,,,,,,,,759,,,,671,,,,,,,,,130,117,,,,,,75,,,292,111,,,270,268,,,,851,254,,786,128,177,53,132,315,,122,154,,,311,318,311,182,,246,61,354,,,267,,,,,,,,,,,,,,,,,,,,,,,,,,,,,,,,,614,141,125,426,69,316,,,542,,,331,89,,,179,86,,,,477,303,,,,,,,585,,,,,,137,,,366,
2026-07-27T21:00:02+00:00,,,,,631,69,,240,299,350,,247,322,,,269,,,,,,481,,407,,,,,,22,1207,,80,65,,,,,11,184,,,,,,,,,,,,,44,,,,,,77,,,,96,,,,,53,,,,,365,,,158,261,336,,,,,253,,,,,168,292,473,284,,578,72,,,453,299,175,,,,355,443,,,,,269,,286,288,497,,8,,,,,852,,274,528,,155,,,,,,,260,,,,,,,,,,187,223,,,,,,,,,,250,,758,,491,,220,,,,,,,,,,,,,,,,,1322,365,192,509,175,,,,417,230,159,,194,17,149,898,,,,,,,,,,,,,,,,,,,,,,94,,,,,,,,,,,,,,,159,,,,,,,,,,139,,,,,,,,,,,,,,,,,,,,,,,,,151,530,,,253,,424,,398,,,,,,,,,,,,,,,,,350,,669,,397,495,,,,339,95,,,,,,,,,,,,,,,,,,,,,,,,,,,,,,,,,,,,,,,,,,,,,,,,,,,,,,,,,,359,134,,,116,,,210,494,391,,,360,239,,,,,,82,168,,,,,170,249,,,,894,,,,,,400,,1076,313,2371,152,,171,,,,,,,,,,,,,,,,,,,,,,,,,,674,,325,248,,,377,,,128,118,,,,,,,,,,112,,,273,271,,,,855,257,,789,,178,,140,314,,123,155,,,317,320,331,199,,263,68,356,,,271,,,,,,,,,,,,,,,,,,,,,,,,,,,,,,,,,617,142,127,430,70,322,,,541,,373,,,,,,87,88,,,478,304,,,,,,,589,,,545,,,,,,367,
2026-07-27T21:15:01+00:00,196,,,,,68,,242,302,,,252,325,,,297,,,,,,,442,,,,90,,,,1210,,86,,,,,,,,,,,,,,,,,,,,,,,,55,,81,,,,99,,,,,52,,,,,370,,,160,259,346,,,,,256,,,,373,172,297,474,,232,595,73,,,458,,177,103,,266,,461,,,,745,273,114,287,297,499,,7,,68,,,854,186,273,531,,156,390,,,,,,270,,,,,,,,,,,224,,,,,,,,,,256,,760,,495,,223,,616,302,467,,465,,,,967,439,628,268,407,,382,1326,373,,,176,213,240,318,419,231,,,197,17,150,902,,,,,,,,,,,,,,,,,140,,,,,,,,,,,,,,,,,,,,174,,,,,,495,,,,,,,,,,,,,,,,,,,,,,,,,,,,,,,,,254,,425,,401,73,,,,,,,,,,,,,,,,,,,,,512,,,,345,94,,,,,,,,,,,,,,,,,,,,,,,,,,,,,,,,,,,,,,,,,,,,,,,,,,,,,,,,,,364,,,,,,66,,495,394,,,359,240,,,,,,,173,,,,306,,250,,113,,896,,,,104,,408,,1089,315,2373,153,,178,,,,,,,,,,,,,,,,,,,,,,763,,208,,682,,,,,,378,,,,120,,,,,,76,,,,,,,279,,,,157,733,,,685,58,170,,147,,,124,154,54,,321,323,345,202,,281,76,,,,277,,,,,,,,,,,,,,,,,,,,,,,,,,,,,,,,,618,144,128,433,71,327,,,540,,374,,100,,,181,89,89,,,479,305,,,,,,,593,126,,546,,,,,,,
2026-07-27T21:30:02+00:00,,,,,632,69,,244,303,351,,256,,,,308,,,,,,483,,409,,,91,,,,1213,,89,66,233,,,,,,166,,,,,,,,,139,,406,,,,,54,,84,,,13,98,,,,,,,,,,,,,,260,361,,,,,259,,,,,175,299,,285,,600,,,,,,182,102,,,358,470,,,,754,274,,289,300,,,,446,70,,,,,,534,,,,,,,,,278,,,,,,,,,,,,,,,,,,252,,,259,,,,497,,225,,619,301,468,,462,,,,972,,629,270,,,381,1327,375,,508,179,,,,420,232,161,,196,17,,904,,,,,,,,,,,,,,,,,,,,,,,,,,,,,,,,,,,,,214,,,,,,499,,21,120,,,,,,,,,,139,,,,,,,,,,,,,,,,154,529,,,,232,,,,74,,,,,,,,,,,,,,,,352,,,,398,519,,,,,,,,,,,,,,,,,,,,,,,,,,,,,,,,,,,,,,,,,,,,,,,,,,,,,,,,,,,,,,,407,136,,,,,,,497,393,,,,239,,201,,,,,187,,,34,308,171,251,,,144,,,,,112,,417,,1093,322,2376,,,184,,,,,,,,,,,,,,,,,,,,,,768,,212,,685,,,249,,,,,,,119,,,,,,78,,,296,111,,,282,273,,,,736,258,,,57,171,55,146,315,156,126,156,,,325,325,353,206,,290,78,358,,,280,,,,,,,,,,,,,,,,,,,,,,,,,,,,,,,,,,,130,438,,330,,,,,,,,,,183,88,,,,,,,,,,,,598,,,,,,135,,,370,
2026-07-27T21:45:01+00:00,,,,,637,70,,245,,352,,258,326,,,314,,,,,,482,,410,,,,,,,1214,,88,,,,,,,,168,,,,,,,,,,,,,,,,,,82,,187,,101,,,,,51,,,,,369,,,,265,385,,,192,,260,,,,,180,301,473,286,233,605,,,,466,,187,101,,,,480,,,,759,277,,,302,,,,,,,,,,,,,,,,,,,,,,,,,538,,,,,188,223,,,,,,,253,,,263,,759,,500,,230,,,303,466,,461,,,,973,440,,281,,,383,,383,193,511,181,,,,,234,162,,198,16,149,906,,,,,,,,,,164,,,,,,,,,,,,,,,,,,,,,,,,,,,220,,,,,,500,,23,,,,,,,,,,,140,,,,,,,,,,,,,,,,173,530,,,,,426,,,,,,,,,,,,,,,,,,,,,670,,,526,,,,,,,,,,,,,,,,,,,,,,,,,,,,,,,,,,,,,,,,,,,,,,,,,,,,,,,,,,,,,,,413,,,,,,,209,496,,,,360,,46,,,,,,,,,,,,,,,,,,,,124,,456,,1118,323,2378,155,205,189,,,,,,,,,,,,,,,,,,,,,,771,,216,,686,,,250,,,,,,,118,,,,,,,,,,,,,290,275,,137,,,,,686,58,172,,148,314,,127,,55,,,327,357,212,,295,82,,,,282,,,,,,,,,,,,,,,,,,,,,,,,,,,,,,,,,,,,444,,331,,,539,,,,,317,,184,89,,,,480,306,,,,,,,599,,,,,,,,,,
2026-07-27T22:00:01+00:00,197,295,,,640,,,,,,,261,,,,355,,,,,,483,,412,,,,,,,,,87,,234,,,,,185,167,,,,,,,,,,,407,45,,,,55,,,,,18,102,131,,,,52,,,,,370,,,,266,,,,,,265,,,,,182,303,,287,,607,,,,472,,195,,,267,359,487,,809,73,771,280,,290,305,498,,,,,,,854,186,270,535,,155,390,,,,,,284,,,,,539,,,,,189,224,,,,,,,254,,,264,,,,,,229,,,,468,,460,68,,,979,,,304,406,,,,382,,,,214,,,421,,,,,16,,909,,,,,,,,,,,,,,,,,141,,,,,,,,,,,,,,,,,,,,221,,,,,,,,25,,,,,,,,,,,,,,,,,,,,,,,,,,,,,,,255,233,,,400,,,,,,,,,,,,,,,,,353,,,339,400,537,,,,349,,,,,,,,,,,,,,,,,,,,,,,,,,,,,,,,,,,,,,,,,,,,,,,,,,,,,,,,,,,418,,,,,,,,500,,,,,,,199,,,,,188,,,,,172,,,,,,,145,,126,,462,,1124,324,2382,156,,190,,,,,,,,,,,,,,,,,,,,,,775,,,,697,,,,,,379,,,129,119,,,,,,79,,,,,,,294,,,,,739,259,,,,,,149,316,,128,,,,326,329,365,217,,306,83,,,,,,,,,,,,,,,,,,,,,,,,,,,,,,,,,,,,,,,,453,,333,,,,199,,,,,,,90,,,,,,,,,,,,,,,,800,,,,,,105
2026-07-27T22:15:02+00:00,,,,,641,,,,,,,263,327,,,,,,,,,,,,,,,,,,,,88,,,,,,,,168,,,,,,,,,,,,,,,,,18,85,,,,103,,,,,51,,,,,372,,,,267,,,,193,,,,,,372,183,305,,289,232,608,74,,,,,197,100,,,358,488,,,,778,,113,,306,501,,,,69,,,,,274,537,,,,,,,,,288,,,,,,,,,,,,,,,,,,,,,267,,,,,,230,,,,467,,,,,,984,,630,306,,,380,1329,388,194,512,,215,,248,422,,,,201,16,150,908,,,,,,,,,,,,,,,,,,,,,,,,,,,,,,,,,,,,,223,,,,,,,,,,,,,,,,,,,142,,,,,,,,,,,,,,,,,532,,192,,234,,,,,,,,,,,,,,,,,,,314,,,671,,401,543,,,,352,95,,1379,,,,,,,,,,,,,,,,,,,,,,,,,,,,,,,,,,,,,,,,,,,,,,,,,,,,,,,,419,137,,,,,65,,,,,,,,,201,,,,,190,,,,,,,,,,,,,,128,,464,,1125,323,2383,157,,,,,,,,,,,,,,,,,,,,,,,,779,,,,706,,,,,288,,,,130,,,,,,,,,,298,,,,296,,,,,740,258,,,,,,150,,157,,,,,,333,,225,,310,85,,,,283,,,,,,,,,,,,,,,,,,,,,,,,,,,,,,,,,620,,,456,,335,,,540,,,,,,,185,,,,,,,,,,,,,,,,547,,,136,,,,
2026-07-27T22:30:01+00:00,196,,,,642,,,244,,353,,262,326,,,356,,,,,,,,,,,,,,,1215,,,,,,,,,,,,,,,,,,,140,,,,,,,,,86,,,,104,,,,,52,,,,,373,,,,,,,,195,,,,,,373,184,306,,,,609,,,,473,,199,,,,,489,,,74,782,282,,292,311,504,,,,,,,,200,275,,,156,,,,,,,,,,,,,,,,,,,,,,,,,255,,,271,,,,501,,232,,620,302,465,,459,,,,986,,632,,,,381,,391,195,516,,,,,,,,,199,17,,909,,,,,,,,,,,,,,,,,,,,,,,,,,,,,,,,,,,,,226,,,,,,,,,,,,,,164,,,,,,,,,,,,,,,,,,,,,,,,,,,,,,,,,,,,,,,,,,,,,315,,,,338,,537,,,,,96,,,,,,,,,,,,,,,,,,,,,,,,,,,,,,,,,,,,,,,,,,,,,,,,,,,,,,,,,,416,,,,,,,,518,395,,,,,,,,,,,,,,,,,,,,,,,,,,,,,,,,,,,,,,,,,,,,,,,,,,,,,,,,781,,,,708,,,,,,,,,,,,,,,,80,,,,,,,,,,,,741,,,,59,,,,,,,,,,,,,,,,,,,,,,,,,,,,,,,,,,,,,,,,,,,,,,,,,,,,,621,143,,455,,,,,541,,,,,318,,,92,,,,,,,,,,,,,,,,,,,,,,
2026-07-27T22:45:02+00:00,,,,,641,,,245,,352,,263,,,,,,,,,,,,413,,,,,,,1217,,87,65,,,,,,184,,,,,,,,,,,,,,,,,,,88,,,,103,,,,,53,,,,,,7,,159,,,,,,,,,,,372,183,308,474,,231,610,,362,,475,,201,99,,,,487,,,,,,,,,505,,,447,,,,,201,277,,,155,,,,,,,293,,,,,,,,,,,,,,,,,,253,,,,,,,,,,,,,,,,,,,987,,,307,403,,380,,392,196,517,182,,,,,,,,,16,,910,,,,,,,,,,,,,,,,,,,,,,,,,,,,,,,,,,,,,,,,,,,,,26,,,,,,,,,,,,,,,,,,,,,,,,,,,,,,,,,427,,,,,,,,,,,,,,,,,,,354,,,,,536,,,,,,,,,,,,,,,,,,,,,,,,,,,,,,,,,,,,,,,,,,,,,,,,,,,,,,,,,,,,,,,,,,,,,,,,,,,,,,,,,,,,,,,,,,,,,,42,,,,,,,,,,,,,,,,,,,,,,,,,,,,,,,,,,783,,,,712,,324,,,,,,,,120,,,,,,,,,,,,,297,,,,,,,,,,,56,151,,,129,,,,,336,366,228,,317,,,,,286,,,,,,,,,,,,,,,,,,,,,,,,,,,,,,,,,,144,,458,,336,,,543,,,,,,,,,,,,,,,,,,,,,,,,,,,,,,
2026-07-27T23:00:01+00:00,,,,,,,,,,,,264,,,,,,,,,,,,,,,,,,,1218,,,,233,,,,,,,,,,,,,,,,,,,,,,,,,,,,,132,,,,52,,,,,374,,,,269,,,,,,,,,,,,,,,232,612,,363,,,,203,,,,,,,,,783,,,294,,,,,,,,,,,280,,,154,,,,,,,294,,,,,,,,,,,,,,,,,,,,,273,,,,,,231,,621,304,467,,,,,,988,,,,,,381,,393,,,,216,,,,,,,200,16,,,,,,,,,,,,,,,,,,,,,,,,,,,,,,,,,,,,,,,227,,,,,,,,,,,,,,,,,,,,,,,,,,,,,,,,,,,,,,,,,429,,,,,,,,,,,,,,,,,,,,,,,,539,,,,353,,,,,,,,,,,,,,,,,,,,,,,,,,,,,,,,,,,,,,,,,,,,,,,,,,,,,,,,,,,417,,,,,,,,517,,,,,,,,,,,,,,,,,,,,,,,,,,,,,,,,,,,,,,,,,,,,,,,,,,,,,,,,,,,,,,,,,,,378,,,,,,,,,,,,,,,,,,,,,,742,,,,,,,,315,,130,,,,327,,368,230,,320,,,,,,,,,,,,,,,,,,,,,,,,,,,,,,,,,,,,,,,,,462,,,,,,,,332,,319,,,,,,,,,,,,,,,,,,,,,,,,,
2026-07-27T23:15:01+00:00,,,,,,,,247,,,,266,327,,,,,,,,,,,,,,,,,,,,86,,,,,,,,,,,,,,,,,,,,,,,,,,,,,,102,133,,,,,,,,,,,,,270,,,,,,,,,,,,,473,,,,,,,,,204,,,,,,,,,,,,,,507,,,446,,,,,,,540,,,,,,,,,,,,,,,,,,,,,,,,,,,,,,274,,,,500,,,,,,,,458,,,,989,,,,,,,,394,,,,,,,,,,,201,16,,,,,,,,,,,,,,,,,,,,,,,,,,,,,,,,,,,,,,,228,,,,,,499,,,,,,,,,,,,,,,,,,,,,,,,,,,,,,,,,,,,,,,,,,,,,,,,,,,,,,,,,340,,543,,,,,,,,,,,,,,,,,,,,,,,,,,,,,,,,,,,,,,,,,,,,,,,,,,,,,,,,,,,,,,,,,,,,,,,518,,,,,,,,,,,,,,,,,,,,,,,,,,133,,466,,1126,322,,158,,195,,,,,,,,,,,,,,,,,,,,,,,,,,717,,,,,,,,,,121,,,,,,,,,,,,,,,,,,,259,,,,,,,,,,,54,,,337,,,,321,,,,,,,,,,,,,,,,,,,,,,,,,,,,,,,,,,,,,,,,,,,337,,,,,,,,,,186,,,,,,307,,,,,,,,,,,,,135,,,,
2026-07-27T23:30:02+00:00,,,,,,,,,,,,268,328,,,,,,,,,,,,,,,,,,,,85,,232,,,,,,,,,,37,,,,,,,,,,,,,,87,,,,,,,,,,,,,,,,,,,,,,,,,,,,,,309,,,,,,,,474,,,,,,,,,,,788,283,,,,,,,,,,,,,279,,,155,,,,,,,296,,,,,,,,,,,,,,,,,,255,,,276,,,,,,,,,,466,,,,,,,,,308,,,,,393,,519,,,,,,,,,200,16,,909,,,,,,,,,,,,,,,,,,,,,,,,,,,,,,,,,,,,,,,,,,,,,27,,,,,,,,,,,,,,,,,,,,,,,,,,,,,,193,,,430,,,,,,,,,,,,,,,,,,,,,,,,544,,,,,,,,,,,,,,,,,,,,,,,,,,,,,,,,,,,,,,,,,,,,,,,,,,,,,,,,,,,,,,,416,,,,,,,,519,,,,,,,,,,,,,,,,,,,,114,,,,,,,,,,,,,,,,,,,,,,,,,,,,,,,,,,,,,784,,,,723,,,,,,,,,,122,,,,,,,,,,,,,,,,,,,,,,,,,,314,,,,,,328,336,,,,316,,,,,287,,,,,,,,,,,,,,,,,,,,,,,,,,,,,,,,,623,,,465,,,,,,,,,,,,,,,,,,,,,,,,,,,,,,,,,,,
2026-07-27T23:45:01+00:00,197,,,150,,,,,,,,,,,,,,,,,,,,,,,,,,,1219,,,,,,,,,,,,,,38,,,,,,,,,,,,,,88,,,,101,,,,,,,,,,,,,,271,,,,,,,,,,,,,,,,,,,,,,206,,,268,,489,,,,,,,,313,,,,,,,,,,,,,,,,,,,,297,,,,,,,,,,,,,,,,,,,,,279,,,,,,,,,,462,,,,,,990,,,,,,,,394,,520,,218,,,,,,,,16,,,,,,,,,,,,,,,,,,,,,,,,,,,,,,,,,,,,,,,,,,,,,,,,,,,,,,,,,,,,,,,,,,,,,,,,,,,533,,,,,,,,,,,,,,,,,,,,,,,,,,,,,,,,,,,,,,,,,,,,,,,,,,,,,,,,,,,,,,,,,,,,,,,,,,,,,,,,,,,,,,,,,,,,,,,,,,,,,,,,,,,,,,,,,,,,,,,,,,,,,,,,,,,,,,,,,,,,,,,,,,,,,,,,,,,,,786,,,,,,,,,,,,,,,,,,,,,,,,,,,298,,,,,,,,,,,,,,,,,,,,,,,,322,,,,,,,,,,,,,,,,,,,,,,,,,,,,,,,,,,,,,,,,,466,,,,,,,,,,,,,,,,,,,,,,,,,,,,,,,,,,,
