timestamp,bonn-bcp-parken-Rabinstrasse,bonn-bcp-parken-beethoven,bonn-bcp-parken-beetplatz,bonn-bcp-parken-bike-ride,bonn-bcp-parken-friedensplatz,bonn-bcp-parken-hauptbahnhof,bonn-bcp-parken-markt,bonn-bcp-parken-muensterplatz,bonn-bcp-parken-operngarage,bonn-bcp-parken-rheinaue,bonn-bcp-parken-stadthaus,bonn-bcp-parken-unigarage,braunschweig-parken-Parkhaus-Eiermarkt,braunschweig-parken-Parkhaus-Forschungsflughafen,braunschweig-parken-Parkhaus-Lange-Str-Nord,braunschweig-parken-Parkhaus-Magni,braunschweig-parken-Parkhaus-Packhof,braunschweig-parken-Parkhaus-Ring-Center,braunschweig-parken-Parkhaus-Schloss,braunschweig-parken-Parkhaus-Schutzenstrasse,braunschweig-parken-Parkhaus-Wallstrasse,braunschweig-parken-Parkhaus-Wilhelmstrasse,dresden-parken-Altmarkt,dresden-parken-Altmarkt-Galerie,dresden-parken-Ammonstrasse-Bus,dresden-parken-An-der-Frauenkirche,dresden-parken-Bahnhof-Neustadt,dresden-parken-Bluherstrasse,dresden-parken-Budapester-Strasse,dresden-parken-Centrum-Galerie,dresden-parken-Cossebaude,dresden-parken-Ferdinandplatz,dresden-parken-Fidelio-F-Finke-Strasse,dresden-parken-Frauenkirche-Neumarkt,dresden-parken-Freiberger-Platz,dresden-parken-GALERIA-Karstadt-Kaufhof,dresden-parken-Gompitz,dresden-parken-Grenzstrasse,dresden-parken-Haus-am-Zwinger,dresden-parken-Kaditz,dresden-parken-Klotzsche,dresden-parken-Kongresszentrum,dresden-parken-Kraftwerk-Mitte,dresden-parken-Langebruck,dresden-parken-Lindengasse,dresden-parken-Lingnerallee,dresden-parken-MESSE-DRESDEN-Parkplatz-P7,dresden-parken-Ostra-Allee,dresden-parken-Ostra-Ufer,dresden-parken-Palaisplatz,dresden-parken-Parkhaus-Mitte,dresden-parken-Pennrich,dresden-parken-Pieschener-Allee-Bus,dresden-parken-Pirnaische-Strasse,dresden-parken-Pirnaischer-Platz,dresden-parken-Prohlis,dresden-parken-Reick,dresden-parken-Reitbahnstrasse,dresden-parken-SP1-Strassburger-Platz,dresden-parken-SachsenEnergie-Center,dresden-parken-Sarrasanistrasse,dresden-parken-Schiessgasse,dresden-parken-Semperoper,dresden-parken-Stadtforum-Dresden,dresden-parken-Strehlener-Strasse,dresden-parken-Taschenbergpalais,dresden-parken-Terrassenufer,dresden-parken-Terrassenufer-Bus,dresden-parken-Theresienstrasse,dresden-parken-Weissig,dresden-parken-Weixdorf-Bad,dresden-parken-Wiener-Platz-Hauptbahnhof,dresden-parken-Wiesentorstrasse,dresden-parken-Wigardstrasse,dresden-parken-Wohrl-Florentinum,dresden-parken-World-Trade-Center,ffh-parken-bad-homburg-Am-Bahnhof,ffh-parken-bad-homburg-Louisen-Arkaden,ffh-parken-bad-homburg-Parkgarage-Karstadt,ffh-parken-bad-homburg-Parkgarage-Kurhaus,ffh-parken-bad-homburg-Parkgarage-Rathaus,ffh-parken-bad-homburg-Parkgarage-Schloss,ffh-parken-bad-homburg-Parkhaus-La-Vie,ffh-parken-bad-homburg-Parkhaus-am-Guterbahnhof,ffh-parken-bad-homburg-Parkhaus-am-Markt,ffh-parken-frankfurt-Aculeum,ffh-parken-frankfurt-Alt-Sachsenhausen,ffh-parken-frankfurt-Alte-Oper,ffh-parken-frankfurt-Am-Gericht,ffh-parken-frankfurt-Am-Theater,ffh-parken-frankfurt-Baseler-Platz,ffh-parken-frankfurt-Borse,ffh-parken-frankfurt-Burgerhaus-Bornheim,ffh-parken-frankfurt-Congresscenter-Messe-Frankfurt-Maritim-Hotel,ffh-parken-frankfurt-Friedrichsheim,ffh-parken-frankfurt-Gateway-Garden-Goldbeck,ffh-parken-frankfurt-Goetheplatz,ffh-parken-frankfurt-Hafenpark-Quartier-NORD,ffh-parken-frankfurt-Hauptbahnhof-Sud,ffh-parken-frankfurt-Hauptwache,ffh-parken-frankfurt-Hotel-Intercontinental,ffh-parken-frankfurt-Hotel-Movenpick,ffh-parken-frankfurt-Junghofstrasse,ffh-parken-frankfurt-Konrad-Adenauer-Strasse,ffh-parken-frankfurt-Konstabler,ffh-parken-frankfurt-Mainzer-Landstrasse,ffh-parken-frankfurt-Mayfarth-Quartier,ffh-parken-frankfurt-Messeturm,ffh-parken-frankfurt-Mousonturm,ffh-parken-frankfurt-MyZeil-PalaisQuartier,ffh-parken-frankfurt-Opernturm,ffh-parken-frankfurt-Ordnungsamt,ffh-parken-frankfurt-P-R-Haus-Borsigallee,ffh-parken-frankfurt-P-R-Kalbach,ffh-parken-frankfurt-Parkhaus-Konigsteiner-Strasse,ffh-parken-frankfurt-Schiller-Passage,ffh-parken-frankfurt-Universitatsklinikum-Innengelande,ffh-parken-frankfurt-Universitatsklinikum-P2,ffh-parken-frankfurt-Universitatsklinikum-P5,ffh-parken-frankfurt-Universitatsklinikum-Sandhofstrasse,ffh-parken-frankfurt-Untermainanlage,ffh-parken-kassel-Atrium,ffh-parken-kassel-City-Point,ffh-parken-kassel-Friedrichsplatz,ffh-parken-kassel-Galeria,ffh-parken-kassel-Herkules-Besucherzentrum,ffh-parken-kassel-Kurfursten-Galerie,ffh-parken-kassel-Martinskirche,ffh-parken-kassel-Rathaus,ffh-parken-kassel-Schloss-Wilhelmshohe,ffh-parken-kassel-Wilhelmsstrasse,ffh-parken-mannheim-C1-Hauptverwaltung-MPB-Parkhaus,ffh-parken-mannheim-Collini-Center-Mulde-Parkplatz,ffh-parken-mannheim-D3-Tiefgarage,ffh-parken-mannheim-D5-Reiss-Museum-Tiefgarage,ffh-parken-mannheim-G1-Marktplatz-Tiefgarage,ffh-parken-mannheim-H6-Tiefgarage,ffh-parken-mannheim-Hauptbahnhof-P1-Tiefgarage,ffh-parken-mannheim-Hauptbahnhof-P2-Parkhaus,ffh-parken-mannheim-Hauptbahnhof-P3-Parkhaus,ffh-parken-mannheim-Hauptbahnhof-P5-Parkhaus,ffh-parken-mannheim-Klinikum-P3-Parkplatz,ffh-parken-mannheim-Klinikum-Tiefgarage,ffh-parken-mannheim-M4a-Parkplatz,ffh-parken-mannheim-N1-N2-Stadthaus-Parkhaus,ffh-parken-mannheim-N6-Komforthaus,ffh-parken-mannheim-N6-Standardhaus,ffh-parken-mannheim-SAP-Arena-P1-Parkplatz,ffh-parken-mannheim-SAP-Arena-P2-Parkplatz,ffh-parken-mannheim-SAP-Arena-P3-Parkplatz,ffh-parken-mannheim-SAP-Arena-P6-P8-Parkplatz,ffh-parken-mannheim-U2-Tiefgarage,ffh-parken-wiesbaden-PH-City-II,ffh-parken-wiesbaden-PH-Coulinstr,ffh-parken-wiesbaden-PH-Galeria-Kaufhof,ffh-parken-wiesbaden-PH-Karstadt,ffh-parken-wiesbaden-PH-Kurhaus-Casino,ffh-parken-wiesbaden-PH-Lili,ffh-parken-wiesbaden-PH-Luisenforum,ffh-parken-wiesbaden-PH-Luisenplatz,ffh-parken-wiesbaden-PH-Markt,ffh-parken-wiesbaden-PH-Mauritius,ffh-parken-wiesbaden-PH-Theater,ffh-parken-wiesbaden-TG-Lili,ffh-parken-wiesbaden-TG-RMCC,heilbronn-parken-Am-Bollwerksturm,heilbronn-parken-Bildungscampus-Mitte,heilbronn-parken-E-Quartiersgarage-Neckarbogen,heilbronn-parken-Harmonie,heilbronn-parken-Kathchenhof,heilbronn-parken-Kiliansplatz,heilbronn-parken-P-R-Karlsruher-Strasse,heilbronn-parken-Parkhaus-Experimenta,heilbronn-parken-Parkplatz-Hauptbahnhof,heilbronn-parken-Stadtgalerie,heilbronn-parken-Theaterforum-K3,heilbronn-parken-Wollhaus,ingolstadt-parken-Arena,ingolstadt-parken-Congressgarage,ingolstadt-parken-Festplatz,ingolstadt-parken-Hallenbad,ingolstadt-parken-Hauptbahnhof-Ost,ingolstadt-parken-Hauptbahnhof-West,ingolstadt-parken-Munster,ingolstadt-parken-Nordbahnhof,ingolstadt-parken-Reduit-Tilly,ingolstadt-parken-Schloss,ingolstadt-parken-Theater-Ost,ingolstadt-parken-Theater-West,konstanz-parken-Altstadt,konstanz-parken-Augustiner,konstanz-parken-Dobele,konstanz-parken-Fernbusbahnhof,konstanz-parken-Fischmarkt,konstanz-parken-Lago,konstanz-parken-Seerheincenter,mobil-potsdam-parken-Am-Kanal,mobil-potsdam-parken-Bahnhofspassagen-1,mobil-potsdam-parken-Bahnhofspassagen-2,mobil-potsdam-parken-Biosphare-Potsdam-Volkspark,mobil-potsdam-parken-Hollandisches-Viertel-Klinikum,mobil-potsdam-parken-Industrie-und-Handelskammer,mobil-potsdam-parken-Karstadt-Zentrum,mobil-potsdam-parken-Krongut-Bornstedt,mobil-potsdam-parken-Luisenplatz,mobil-potsdam-parken-Lustgarten,mobil-potsdam-parken-Markt-Center,mobil-potsdam-parken-Neuer-Garten-Cecilienhof,mobil-potsdam-parken-P-R-Bahnhof-Golm,mobil-potsdam-parken-P-R-Bahnhof-Griebnitzsee,mobil-potsdam-parken-P-R-Bahnhof-Marquardt,mobil-potsdam-parken-P-R-Bahnhof-Pirschheide,mobil-potsdam-parken-P-R-Campus-Jungfernsee,mobil-potsdam-parken-P-R-Rehbrucke,mobil-potsdam-parken-P-R-Wetzlarer-Strasse,mobil-potsdam-parken-Park-Sanssouci-P1-Historische-Muhle,mobil-potsdam-parken-Park-Sanssouci-P2-Voltaireweg,mobil-potsdam-parken-Park-Sanssouci-P3-Am-Neuen-Palais,mobil-potsdam-parken-Parkplatz-Schloss-und-Park-Babelsberg,mobil-potsdam-parken-Schiffbauergasse-Hans-Otto-Theater,mobil-potsdam-parken-Sportpark-Luftschiffhafen,mobil-potsdam-parken-Weberpark,mobil-potsdam-parken-Wilhelmgalerie,mobilitaet-jena-Am-Anger,mobilitaet-jena-Am-Gries,mobilitaet-jena-Am-Planetarium,mobilitaet-jena-Am-Stadion,mobilitaet-jena-August-Bebel-Strasse,mobilitaet-jena-Bachstrasse,mobilitaet-jena-Busbahnhof,mobilitaet-jena-City-Carree,mobilitaet-jena-Eichplatz,mobilitaet-jena-Eisenbahndamm,mobilitaet-jena-Erbertstrasse,mobilitaet-jena-Ernst-Abbe-Strasse,mobilitaet-jena-Ernst-Haeckel-Strasse,mobilitaet-jena-Gartenstrasse,mobilitaet-jena-Goethe-Galerie,mobilitaet-jena-Grietgasse,mobilitaet-jena-Haeckelplatz,mobilitaet-jena-Holzmarkt,mobilitaet-jena-Krautgasse,mobilitaet-jena-Lassallestrasse,mobilitaet-jena-Lessingstrasse,mobilitaet-jena-Muhlenstrasse,mobilitaet-jena-Neue-Mitte,mobilitaet-jena-Paradiesbahnhof,mobilitaet-jena-Philosophenweg,mobilitaet-jena-Roland-Ducke-Weg,mobilitaet-jena-Schlossgasse,mobilitaet-jena-Seidelparkplatz,mobilitaet-jena-Seidelstrasse,mobilitaet-jena-Semmelweissstrasse,mobilitaet-jena-Sophienstrasse,mobilitaet-jena-Spitzweidenweg,mobilitaet-jena-Steinkreuz,mobilitaet-jena-Stoystrasse,mobilitaet-jena-Wagnergasse,mobilitaet-jena-Westbahnhof,mobilitaet-jena-Wiesenstrasse,mobilitaet-jena-Windberg,mobilitaet-jena-Wollnitzer-Strasse,mobilitaet-jena-Ziegelmuhlenweg,oldenburg-service-parken-Altes-Gymnasium,oldenburg-service-parken-CCO-Parkdeck-1,oldenburg-service-parken-CCO-Parkdeck-2,oldenburg-service-parken-Parkhaus-Alter-Stadthafen-Cinemaxx,oldenburg-service-parken-Parkhaus-Am-Waffenplatz,oldenburg-service-parken-Parkhaus-August-Carree,oldenburg-service-parken-Parkhaus-Bahnhof-ZOB,oldenburg-service-parken-Parkhaus-Galeria-Kaufhof,oldenburg-service-parken-Parkhaus-Heiligengeist-Hoefe,oldenburg-service-parken-Parkhaus-Schlosshoefe,oldenburg-service-parken-Parkhaus-Theatergarage,oldenburg-service-parken-Parkplatz-Pferdemarkt,oldenburg-service-parken-Parkplatz-Theaterwall,oldenburg-service-parken-Ratsherren,parken-in-bochum-P1-Husemannplatz,parken-in-bochum-P2-Dr-Ruer-Platz,parken-in-bochum-P3-Rathaus-BVZ,parken-in-bochum-P5-Bruckstrasse,parken-in-bochum-P6-Hauptbahnhof-Buddenbergplatz,parken-in-bochum-P7-Kurt-Schumacher-Platz,parken-in-bochum-P8-Konrad-Adenauer-Platz-Bermuda3Eck,parken-in-bochum-P9-Schauspielhaus,parken-in-bochum-PH-Alter-Markt-Wattenscheid,parken-in-bochum-PH-Bochumer-Fenster,parken-in-bochum-PH-Husemann-Karree,parken-in-bochum-PH-Massenbergstrasse,parken-in-bochum-PH-Quartiersgarage-Ostpark,parken-in-bochum-PH-Stadionring,parken-in-bochum-PH-Westpark-Jahrhunderthalle,parken-luebeck-Am-Bahnhof-Handelshof-Parkplatz-Strassenrand-Am-Bahnhof-Handelshof-Parkplatz-Strassenrand-Lubeck,parken-luebeck-Am-Burgfeld-Parkplatz-Am-Burgfeld-Parkplatz-Lubeck,parken-luebeck-Am-Fischereihafen-Parkplatz-Am-Fischereihafen-Parkplatz-Travemunde,parken-luebeck-Am-Leuchtenfeld-Leuchtturm-Parkplatz-Am-Leuchtenfeld-Leuchtturm-Parkplatz-Travemunde,parken-luebeck-Backbord-Parkplatz-Backbord-Parkplatz-Travemunde,parken-luebeck-Bahnhof-Parkplatz-Strassenrand-Bahnhof-Parkplatz-Strassenrand-Lubeck,parken-luebeck-Bauhof-Parkplatz-Bauhof-Parkplatz-Lubeck,parken-luebeck-Beckergrube-Parkplatz-Beckergrube-Parkplatz-Lubeck,parken-luebeck-Bruckenweg-Parkplatz-Bruckenweg-Parkplatz-Lubeck,parken-luebeck-Burgstrasse-Parkplatz-Burgstrasse-Parkplatz-Lubeck,parken-luebeck-Fahrstrasse-Parkplatz-Fahrstrasse-Parkplatz-Lubeck,parken-luebeck-Fahrvorplatz-Parkplatz-Fahrvorplatz-Parkplatz-Travemunde,parken-luebeck-Hafenbahnhof-Parkplatz-Hafenbahnhof-Parkplatz-Travemunde,parken-luebeck-Hermann-Lange-Strasse-Parkplatz-Hermann-Lange-Strasse-Parkplatz-Lubeck,parken-luebeck-Huxterdamm-Parkplatz-Huxterdamm-Parkplatz-Lubeck,parken-luebeck-Kanalstrasse-P2-Parkplatz-Kanalstrasse-P2-Parkplatz-Lubeck,parken-luebeck-Kanalstrasse-P3-Parkplatz-Kanalstrasse-P3-Parkplatz-Lubeck,parken-luebeck-Kanalstrasse-P4-Parkplatz-Kanalstrasse-P4-Parkplatz-Lubeck,parken-luebeck-Kanalstrasse-P5-Parkplatz-Kanalstrasse-P5-Parkplatz-Lubeck,parken-luebeck-Kanalstrasse-Strassenrand-Parkplatz-Kanalstrasse-Strassenrand-Parkplatz-Lubeck,parken-luebeck-Kirchenstrasse-Parkplatz-Kirchenstrasse-Parkplatz-Travemunde,parken-luebeck-Konrad-Adenauer-IHK-Parkplatz-Strassenrand-Konrad-Adenauer-IHK-Parkplatz-Strassenrand-Lubeck,parken-luebeck-Kowitzberg-Parkplatz-Kowitzberg-Parkplatz-Travemunde,parken-luebeck-Kurgartenstrasse-Parkplatz-Kurgartenstrasse-Parkplatz-Travemunde,parken-luebeck-Lastadie-P1-Parkplatz-Lastadie-P1-Parkplatz-Lubeck,parken-luebeck-Lastadie-P3-Parkplatz-Lastadie-P3-Parkplatz-Lubeck,parken-luebeck-Lastadie-P5-Parkplatz-Lastadie-P5-Parkplatz-Lubeck,parken-luebeck-Leuchtenfeld-Parkplatz-Leuchtenfeld-Parkplatz-Travemunde,parken-luebeck-Marlesgrube-Parkplatz-Marlesgrube-Parkplatz-Lubeck,parken-luebeck-Mowenstein-Parkplatz-Mowenstein-Parkplatz-Travemunde,parken-luebeck-MuK-Parkplatz-MuK-Parkplatz-Lubeck,parken-luebeck-Muhlenbrucke-Parkplatz-Muhlenbrucke-Parkplatz-Lubeck,parken-luebeck-Muhlendamm-Parkplatz-Muhlendamm-Parkplatz-Lubeck,parken-luebeck-Muhlenstrasse-Parkplatz-Muhlenstrasse-Parkplatz-Lubeck,parken-luebeck-Mullergarten-Parkplatz-Mullergarten-Parkplatz-Lubeck,parken-luebeck-Musterbahn-Parkplatz-Musterbahn-Parkplatz-Lubeck,parken-luebeck-Nordliche-Wallhalbinsel-Parkplatz-Nordliche-Wallhalbinsel-Parkplatz-Lubeck,parken-luebeck-Obertrave-Parkplatz-Strassenrand-Obertrave-Parkplatz-Strassenrand-Lubeck,parken-luebeck-Parade-Parkplatz-Parade-Parkplatz-Lubeck,parken-luebeck-Parkplatz-vor-dem-PH-Burgtor-Parkplatz-Parkplatz-vor-dem-PH-Burgtor-Parkplatz-Lubeck,parken-luebeck-Paul-Brummer-Strasse-Parkplatz-Paul-Brummer-Strasse-Parkplatz-Travemunde,parken-luebeck-Priwall-Parkplatz-Priwall-Parkplatz-Travemunde,parken-luebeck-Radisson-Blu-Parkplatz-Radisson-Blu-Parkplatz-Lubeck,parken-luebeck-Retteich-Parkplatz-Retteich-Parkplatz-Lubeck,parken-luebeck-Roeckstrasse-Parkplatz-Roeckstrasse-Parkplatz-Lubeck,parken-luebeck-Rose-Parkplatz-Rose-Parkplatz-Travemunde,parken-luebeck-Strandbahnhof-Parkplatz-Strandbahnhof-Parkplatz-Travemunde,parken-luebeck-Trelleborgallee-Parkplatz-Trelleborgallee-Parkplatz-Travemunde,parken-luebeck-Untertrave-Flache-1-Parkplatz-Strassenrand-Untertrave-Flache-1-Parkplatz-Strassenrand-Lubeck,parken-luebeck-Untertrave-Parkplatz-Untertrave-Parkplatz-Lubeck,parken-luebeck-Verwaltungszentrum-Muhlentor-Parkplatz-Verwaltungszentrum-Muhlentor-Parkplatz-Lubeck,parken-luebeck-Vogteistrasse-Parkplatz-Vogteistrasse-Parkplatz-Travemunde,parken-luebeck-Wallstrasse-Parkplatz-Wallstrasse-Parkplatz-Lubeck,parken-luebeck-Werner-Kock-Strasse-Parkplatz-Strassenrand-Werner-Kock-Strasse-Parkplatz-Strassenrand-Lubeck,parken-osnabrueck-11,parken-osnabrueck-13,parken-osnabrueck-16,parken-osnabrueck-17,parken-osnabrueck-18,parken-osnabrueck-19,parken-osnabrueck-21,parken-osnabrueck-22,parken-osnabrueck-23,parken-osnabrueck-24,parken-osnabrueck-25,parken-osnabrueck-26,parken-osnabrueck-27,parken-osnabrueck-28,parken-osnabrueck-29,parken-osnabrueck-30,parken-osnabrueck-31,parken-osnabrueck-32,parken-osnabrueck-33,parken-osnabrueck-34,parken-osnabrueck-35,parken-osnabrueck-36,parken-osnabrueck-37,parken-osnabrueck-38,parken-osnabrueck-39,parken-osnabrueck-40,parken-osnabrueck-41,parken-osnabrueck-43,parken-osnabrueck-44,parken-osnabrueck-45,parken-osnabrueck-46,parken-osnabrueck-49,parken-osnabrueck-50,parken-osnabrueck-51,regensburg-parken-Park-Ride-Parkplatz-Unterer-Wohrd,regensburg-parken-Park-Ride-Parkplatz-West,regensburg-parken-Parkhaus-Dachauplatz,regensburg-parken-Parkhaus-Dallmeier,regensburg-parken-Parkhaus-Regensburg-Arcaden,regensburg-parken-Parkhaus-St-Peters-Weg,regensburg-parken-Parkplatz-Dultplatz,regensburg-parken-Tiefgarage-Arnulfsplatz,regensburg-parken-Tiefgarage-Hauptbahnhof-Castra-Regina-Center,regensburg-parken-Tiefgarage-am-Theater-Bismarckplatz,reutlingen-parken-Am-Bahnhof,reutlingen-parken-Bahnhof,reutlingen-parken-Echaz-Zentrum,reutlingen-parken-Galeria-Kaufhof,reutlingen-parken-Gartentor-C-A-Mode,reutlingen-parken-Gartenviertel,reutlingen-parken-Kaiserpassage,reutlingen-parken-Klinikum-I,reutlingen-parken-Klinikum-II,reutlingen-parken-Konrad-Adenauer-Strasse-Eberhardstrasse,reutlingen-parken-Kronprinzenbau,reutlingen-parken-Lederstrasse,reutlingen-parken-Nordstern,reutlingen-parken-Obere-Wassere,reutlingen-parken-Parkgarage-Leonhardsplatz,reutlingen-parken-Parkhaus-Pomologie,reutlingen-parken-Rathaus-Tubinger-Tor,reutlingen-parken-Stadthalle,reutlingen-parken-Stadtmitte,reutlingen-parken-Unter-den-Linden,reutlingen-parken-Volksbank,sw-bielefeld-parken-Parkhaus-Am-Hauptbahnhof,sw-bielefeld-parken-Parkhaus-Am-Jahnplatz,sw-bielefeld-parken-Parkhaus-Am-Zwinger,sw-bielefeld-parken-Parkhaus-Ankergarten,sw-bielefeld-parken-Parkhaus-Bahnhofsviertel-1,sw-bielefeld-parken-Parkhaus-Bahnhofsviertel-2,sw-bielefeld-parken-Parkhaus-Centrum,sw-bielefeld-parken-Parkhaus-Karstadt,sw-bielefeld-parken-Parkhaus-LOOM,sw-bielefeld-parken-Parkhaus-Ritterstrasse,sw-bielefeld-parken-Parkhaus-Stadthalle,sw-bielefeld-parken-Parkpalette-Hermann-Delius-Strasse,sw-bielefeld-parken-Parkplatz-Friedenstrasse,sw-bielefeld-parken-Parkplatz-Grosse-Kurfursten-Str,sw-bielefeld-parken-Parkplatz-Hbf,sw-bielefeld-parken-Parkplatz-Herforder-Str,sw-bielefeld-parken-Parkplatz-Kunsthalle,sw-bielefeld-parken-Parkplatz-Mercatorstr,sw-bielefeld-parken-Parkplatz-Niederwall,sw-bielefeld-parken-Parkplatz-Teutoburger-Strasse,sw-bielefeld-parken-Parkplatz-Zentrum,sw-bielefeld-parken-Parkplatze-Werner-Bock-Strasse,sw-bielefeld-parken-Seidenstickerhalle,sw-bielefeld-parken-Tiefgarage-Altstadt-Carre,sw-bielefeld-parken-Tiefgarage-Am-Theater,sw-bielefeld-parken-Tiefgarage-Kesselbrink,sw-bielefeld-parken-Tiefgarage-Marktpassage-nicht-fur-gasbetriebene-Fahrzeuge,sw-bielefeld-parken-Tiefgarage-Neues-Rathaus,sw-bielefeld-parken-Tiefgarage-Welle,sw-bielefeld-parken-Tiefgarage-Willy-Brandt-Platz,sw-bielefeld-parken-Tiefgarage-und-Parkpalette-CineStar,swt-trier-parken-Basi,swt-trier-parken-City,swt-trier-parken-Hauptm,swt-trier-parken-Kons,swt-trier-parken-Osta,swt-trier-parken-ParkPlaza,swt-trier-parken-Vieh,tiefbauamt-nuernberg-parken-ADCOM-Center,tiefbauamt-nuernberg-parken-Adlerstrasse,tiefbauamt-nuernberg-parken-City-Park-Center,tiefbauamt-nuernberg-parken-Erler-Klinik,tiefbauamt-nuernberg-parken-Findelgasse,tiefbauamt-nuernberg-parken-Galeria-Kaufhof,tiefbauamt-nuernberg-parken-Hans-Sachs-Platz,tiefbauamt-nuernberg-parken-Hauptbahnhof,tiefbauamt-nuernberg-parken-Hauptmarkt,tiefbauamt-nuernberg-parken-Jakobsmarkt,tiefbauamt-nuernberg-parken-Katharinenhof,tiefbauamt-nuernberg-parken-PH-Nurnberger-Akademie,tiefbauamt-nuernberg-parken-Parkhaus-City-Point,tiefbauamt-nuernberg-parken-Parkhaus-Karstadt,tiefbauamt-nuernberg-parken-Parkhaus-Maximum,tiefbauamt-nuernberg-parken-Parkhaus-Wohrl,tiefbauamt-nuernberg-parken-Parkhausname,tiefbauamt-nuernberg-parken-Sebalder-Hofe,tiefbauamt-nuernberg-parken-Sterntor,tiefbauamt-nuernberg-parken-Theater,vmz-bremen-parken-Am-Bahnhof,vmz-bremen-parken-Am-Brill,vmz-bremen-parken-Am-Dom,vmz-bremen-parken-Am-Kuhhirten,vmz-bremen-parken-Am-Sedanplatz,vmz-bremen-parken-Am-Vegesacker-Hafen,vmz-bremen-parken-Am-Wall,vmz-bremen-parken-Aumunder-Markplatz,vmz-bremen-parken-Beckersweide,vmz-bremen-parken-Burgerweide,vmz-bremen-parken-Burgerweide-Klangbogen,vmz-bremen-parken-City-Gate,vmz-bremen-parken-Fresenbergstrasse-P1,vmz-bremen-parken-Fresenbergstrasse-P2,vmz-bremen-parken-Herdentor-Rembertiring,vmz-bremen-parken-Hillmannplatz,vmz-bremen-parken-Im-Pohl,vmz-bremen-parken-Katharinenklosterhof,vmz-bremen-parken-Kunstlerhaus-Guterbahnhof,vmz-bremen-parken-Lubecker-Strasse,vmz-bremen-parken-Messe-Parkhaus,vmz-bremen-parken-Mitte,vmz-bremen-parken-Ortsamt-Blumenthal,vmz-bremen-parken-Ostertor-Kulturmeile,vmz-bremen-parken-Pressehaus,vmz-bremen-parken-Rowekamp-Metropol-Theater,vmz-bremen-parken-Sagerstr,vmz-bremen-parken-Silbermannstrasse,vmz-bremen-parken-Stephani,vmz-bremen-parken-Uberseestadt,vmz-bremen-parken-Weserstadion,vtmanager-duesseldorf-parken-FLOAT,vtmanager-duesseldorf-parken-Heerdt,vtmanager-duesseldorf-parken-PH-01,vtmanager-duesseldorf-parken-PH-02,vtmanager-duesseldorf-parken-PH-03,vtmanager-duesseldorf-parken-PH-04,vtmanager-duesseldorf-parken-PH-06,vtmanager-duesseldorf-parken-PH-08,vtmanager-duesseldorf-parken-PH-09,vtmanager-duesseldorf-parken-PH-10,vtmanager-duesseldorf-parken-PH-11,vtmanager-duesseldorf-parken-PH-12,vtmanager-duesseldorf-parken-PH-13,vtmanager-duesseldorf-parken-PH-16,vtmanager-duesseldorf-parken-PH-17,vtmanager-duesseldorf-parken-PH-18,vtmanager-duesseldorf-parken-PH-20,vtmanager-duesseldorf-parken-PH-22,vtmanager-duesseldorf-parken-PH-23,vtmanager-duesseldorf-parken-PH-24,vtmanager-duesseldorf-parken-PH-25,vtmanager-duesseldorf-parken-PH-26,vtmanager-duesseldorf-parken-PH-29,vtmanager-duesseldorf-parken-PH-33,vtmanager-duesseldorf-parken-PH-34,vtmanager-duesseldorf-parken-PH-35,vtmanager-duesseldorf-parken-PH-37,vtmanager-duesseldorf-parken-PH-39,vtmanager-duesseldorf-parken-PH-42,vtmanager-duesseldorf-parken-PH-43,vtmanager-duesseldorf-parken-PH-45,vtmanager-duesseldorf-parken-PH-46,vtmanager-duesseldorf-parken-PH-47,vtmanager-duesseldorf-parken-PH-48,vtmanager-duesseldorf-parken-PH-50,vtmanager-duesseldorf-parken-PH-51,vtmanager-duesseldorf-parken-PH-52,vtmanager-duesseldorf-parken-PH-53,vtmanager-duesseldorf-parken-PH-54
2026-08-23T00:00:02+00:00,154,272,56,147,650,55,256,301,,220,200,332,,,348,,,,1245,167,430,433,436,,,91,,,61,1167,31,105,73,151,,,,0,139,158,0,93,0,35,,,,,,,377,47,106,,6,58,15,59,156,180,0,77,135,82,234,6,33,0,108,,,413,9,,120,243,377,191,343,172,190,236,21,198,63,277,46,285,378,283,211,600,78,251,226,257,411,215,383,84,125,119,241,285,259,161,182,798,74,729,284,115,243,295,208,278,622,24,2,448,72,,,,203,280,527,,100,390,,0,0,0,0,277,0,0,0,0,532,0,0,0,0,160,201,0,0,0,0,0,,209,,10,231,370,614,292,464,,177,150,619,336,480,559,428,68,230,,992,440,628,354,405,305,388,1215,498,142,275,242,104,268,270,500,275,,,265,16,149,888,,,,,,,,67,,122,,,,,,118,60,0,,73,,107,,,0,,,52,0,0,0,0,0,0,0,0,277,0,0,0,0,0,523,0,2,106,137,0,0,0,0,0,0,0,0,147,0,0,0,0,55,0,0,0,0,71,0,0,48,209,36,211,472,267,183,257,230,286,0,338,38,-12,230,333,411,668,329,395,431,137,,233,252,94,,1375,,,,332,,112,,,,,,,,26,,,53,54,26,11,,,,449,,,,,252,,,236,,,,,,,,,,,,0,,,,,,,,,,,,0,142,41,118,114,153,0,208,0,409,38,34,383,173,40,236,5,0,18,92,185,285,0,32,293,0,300,200,114,149,895,38,138,52,130,0,389,68,1158,118,0,91,204,142,0,118,209,289,84,0,0,343,343,116,0,314,0,343,209,135,289,200,249,0,0,598,78,191,,623,,276,258,,322,320,,,164,90,,,,,,70,,,307,115,,,297,259,,292,439,826,254,193,702,119,246,42,138,370,147,125,165,52,111,218,321,373,239,0,329,64,363,,251,267,0,,,,,,,,,,,,,,,,,,,,,,,,,,,,,,,,487,147,160,50,70,316,278,99,562,205,243,334,,124,,150,62,69,350,188,421,245,360,,,,200,544,584,130,,517,,243,117,160,641,320,
2026-08-23T00:15:01+00:00,,271,,,652,,,,,,209,,,,,,,,,,,,437,,,,,,,1168,,106,,,,,,,138,,,,,,,,,,,,,,,,5,,,61,,,,80,,,,,,,,,,,,,121,244,,,,,,,,,,278,56,291,381,,212,618,,,,258,425,214,,107,,,243,289,278,,,,,733,,,,296,207,284,624,,,,,,,,205,,,,102,,,,,,,285,,,,,,,,,,161,203,,,,,,,210,,,232,,,,472,,181,,,,,,,,,,,,,,,,394,1218,504,,276,241,,,271,,276,,,264,16,150,890,,,,,,,,,,,,,,,,,,,,,,,,,,,,,,,,,,,,,278,,,,,,,,,,,,,,,,,,,,,,,,,,,,,,,,,,,,,,,,,,,,,,231,334,,669,330,397,453,,,,253,,,,,,,,,,,,,,,,,,,,,,,,,,,,,,,,,,,,,,,,,,,,,,,,,,,,,,,,,,,,,,,,,,,,,,,,,,,,,,,,,,,,,,,,,,,,,,,,,,,,,,,,,,,,,,,,,,,,,,,,,,,,603,,,,625,,275,259,,,,,,,92,,,,,,71,,,,,,,307,,,,,,,,,,,,,,,,,,,,,,,,,,,,,,,,,,,,,,,,,,,,,,,,,,,,,,,,,,,,,,,,165,66,69,318,,,,,,,,125,,151,,71,,189,,246,,,,,,,591,,,,,,,,,,
2026-08-23T00:15:02+00:00,,,,,,,,,,,,,,,,,,,,,,,,,,,,,,,,,,,,,,,,,,,,,,,,,,,,,,,,,,,,,,,,,,,,,,,,,,,,,,,,,,,,,,,,,,,,,,,,,,,,,,,,,,,,,,,,,,,,,,,,,,,,,,,,,,,,,,,,,,,,,,,,,,,,,,,,,,,,,,,,,,,,,,,,560,,,,,,,,358,,,,,,,,,,,,,,,,,,,,,,,,,,,,,,,,,,,,67,,,72,,,,,,,,,,,,,,,,,,,,,,,,,,,,,,,,,,,,,,,,,,,,,,,,,,,,212,,273,184,,234,306,,361,46,-9,,,,,,,,,,,,,,,,,,,,,,,,,,,,,,,,,,,,,,,,,,,,,,,,,,,,,,,,,,,,,,,,,,,,,,,,42,,,,,,,408,,,,174,,,,,,,186,,,,,,,,,150,896,,,,136,,403,,1198,136,,93,,170,,,,,,,,,,,,,,,,,,,,,,,,,,,,,,,,,,,,,,,,,,,,,,,,,,,,,,829,,,,,249,40,139,,,124,,,117,219,,378,242,,335,,364,,,269,,,,,,,,,,,,,,,,,,,,,,,,,,,,,,,,,,,,,,,,,,,,,,,,,,,,,,,,,,,,,,,,,,,,,,,
2026-08-23T00:30:01+00:00,,,,,,,,,,,211,,,,,,,,,,435,,,,,,,,60,,,109,,,,,,,,,,,,,,,,,,,,,,,,,,,,,,,136,,233,,,,,,,412,,,,,378,,,,,,,,,,62,293,383,285,214,626,,,,,434,,,120,,,246,291,293,,181,,,739,,114,244,,,294,622,,,,73,,,,,,,,104,,,,,,,286,,,,,,,,,,162,204,,,,,,,213,,,235,,,,475,,182,,,,,563,429,,,,,,,362,,304,395,1219,508,,,,,,,,,,,266,16,,889,,,,,,,,,,,,,,,,,,,,73,,,,,,,,,,,,,,,,,279,,,,,,521,,4,,,,,,,,,,,,,,,,,,,,,,,,,,,213,,281,185,255,238,322,,385,60,-8,295,335,,,,,466,136,,,414,,,,,,,,,,,,,,,,,,,,,,,,,,,,,,,,,,,,,,,,,,,,,,,,,,,,,,,,,,,,,,119,,,,,,410,,,384,,,,,,,,,,,,,,,,,,,,,,,,,,,,,,,,,,,,,,,,,,,,,,,,,,,,,611,,,,627,,276,,,323,,,,163,,,,,,,74,,,308,,,,312,,,293,,832,255,194,704,,,,140,374,,,,,,,323,380,,,,,,,,270,,,,,,,,,,,,,,,,,,,,,,,,,,,,,,,,,488,,167,87,71,324,,,,,,,,,,,64,,,191,423,247,,,,,,,593,,,,,,118,,,323,
2026-08-23T00:45:01+00:00,155,,,148,,,257,,,,218,333,,,,,,,,,436,,,,,92,,,61,1169,,108,,,,,,,,,,,,,,,,,,,,,,,,,,,,,,81,,,,,34,,,,,411,,,,,,,,,,,,,,,71,296,,,213,638,,,,,441,,,136,,,,296,306,,,,,,,,246,,,302,623,,,,,,,,209,,528,,109,,,,,,,290,,,,,,,,,,165,205,,,,,,,219,,,237,,,,476,,186,,621,,,,430,,,,,,,,404,305,403,1220,,,277,243,,,,502,,,,267,16,,890,,,,,,,,68,,,,,,,,,68,,,,,,,,,,,,,,,,,,,,283,,,,,,,,,,,,,,,,,,,,,,,,,,,,,,,,,,,214,,286,187,253,240,335,,401,61,-6,297,,,,,,478,,,,416,95,,,,,,,,,,,,,,,,,,,,,,,,,,,,,,,,,,,,,,,,,,,,,,,,,,,,,,,,,,,,,,,,,207,,411,,,,175,,237,,,,,,,,,,,,,,,,,,,,,,,,,,,,,,,,,,,,,,,,,,,,,,,,,,621,,192,,634,,,262,,,,,,,,,,,,,75,,,,,,,322,,,,,833,258,,702,,,,143,,,,,,119,,325,383,,,,,,,,272,,,,,,,,,,,,,,,,,,,,,,,,,,,,,,,,,490,,170,109,73,326,,,561,,,,,,,152,,,,,424,,,,,,,,594,,,519,,,120,,,,
2026-08-23T01:00:01+00:00,,,,149,,,,,,,221,,,,,,,,,,438,,,,,,,,,,,109,,,,,,,139,,,,,,,,,,,,,,,,,,,62,,,,,,,232,,35,,,,,412,,,,,,,,,,,,,,,81,298,,287,215,642,,,,,449,,,147,126,120,247,300,323,,,,,745,283,,250,,,315,,,,,,,,,210,,529,,113,,,,,,,292,,,,,,,,,,167,,,,,,,,221,,,244,,,,478,,,,,,,562,,,,,,,,,,,,1218,,,,,103,,,503,,,,,16,,,,,,,,,,69,,,,,,,,,,,,,,,,,,,,,,,,,,,,,287,,,,,,,,,,,,,,,,,,,,,,,,,,,,,,,,,,,,,287,190,,242,349,,,63,-5,,,,,,,490,,,,,,,,,,,,,,,,,,,,,,,,,,,,,,,,,,,,,,,,,,,,,,,,,,,,,,,,,,,,,,,,,,,,,,,,412,,,,176,,236,,,,91,,,,,,,,,,,,,,,,,,,,,,,,,,,,,,,,,,,,,,,,,,,,,,625,,,,640,,,264,,,,,,,93,,,,,,,,,,116,,,331,,,294,,834,259,,,,,,,,,,,,,,,,,,,,,,,,,,,,,,,,,,,,,,,,,,,,,,,,,,,,,,,,,,169,158,77,328,,,,,244,,,126,,,,,,193,425,248,,,,,,,596,,,521,,,,,,,
2026-08-23T01:15:01+00:00,,,,,,,,,,,226,,,,,,,,,,439,,,,,,,,,,,,,,,,,,,,,,,,,,,,,,,,,,,,,60,,,,,,,,,,,,,,,,,,,379,,,,,,,,,277,85,300,386,288,,645,,,,,452,,,157,,,248,,337,,,,,747,,,251,297,,323,,,,,74,,,,,,,,114,,,,,,,293,,,,,,,,,,168,,,,,,,,224,,,251,,,,,,192,,622,,,,429,,,,,439,,,,,,1221,509,,,,102,,,505,,,,272,16,,,,,,,,,,,,,,,,,,,69,,,72,,,,,,,,,,,,,,,,,289,,,,,,520,,,,,,,,,,,,,,,,,,54,,,,,,,,,,,215,479,,192,,243,360,,,74,,296,,,,,,504,,,,,,,,,,,,,,,,,,,,,,,,,,,,,,,,,,,,,,,,,,,,,,,,,,,,,,,,,,,,,,,,,43,,,,,,,413,,,,,,,,,,,188,,,,,,,,,,,,,,137,,418,,1201,183,,94,,189,,,,,,,,,,,,,,,,,,,,,,631,,,,650,,,,,,319,,,164,,,,,,,,,,,115,,,340,,,295,,837,260,196,703,120,250,41,,,,,,,118,221,326,,,,334,,365,,,278,,,,,,,,,,,,,,,,,,,,,,,,,,,,,,,,,491,,,201,84,333,,,,,,,,,,,67,,,,,,,,,,,,598,,,,,,,,,324,
2026-08-23T01:30:02+00:00,,,,,,,256,,,,228,,,,,,,,,,441,434,,,,,,,,,,,,,,,,,,,,,,37,,,,,,,376,,,,,,,62,,,,83,,,233,,34,,,,,,,,,,,,,,,,,,,,92,,,,216,650,,,,,457,,,167,,,249,301,351,,,,75,749,,,252,,,329,,,,,,,,,,,,,,,,,,,,296,,,,,,,,,,,,,,,,,,228,,,,,,,,,194,,,,,563,427,,,,,,,,405,,406,1220,,,,,,,,,,,,274,16,,891,,,,,,,,,,,,,,,,,70,,,71,,,,,,,,,,,,,,,,,288,,,,,,,,,,,,,,,,,,,,,,,,,,,,,,,,,,,,481,290,,252,,368,,400,,-4,297,,,,,,512,,,,415,,,,,,,,,,,,,,,,,,,,,,,,,,,,,,,,,,,,,,,,,,,,,,,,,,,,,,,,,,,,,,,115,,,206,,,,,,,,,,,19,,,,,,,,,,,,,,,,,,,,,,,,,,,,,,,,,,,,,,,,,,,,,,,,,,,,,,,,,,,,,,,,,,,,,,,,,,,,,,440,838,,,,,,42,,,,125,,53,120,225,,384,,,,,366,,,285,,,,,,,,,,,,,,,,,,,,,,,,,,,,,,,,,,,170,235,88,,,,,,,,,,,,,,,194,,,,,,,,,602,,,522,,,,,,,
2026-08-23T01:45:02+00:00,,,,,,,257,,,,232,335,,,,,,,,,444,,,,,,,,,1174,,,,,,,,,,,,,,,,,,,,,,,105,,3,,,61,,,,,137,,,,,,,,,,,,,,,,,,,,,,,,101,301,,,,656,,252,,259,462,,,174,,,,308,358,,,,,751,,,,296,,334,621,,,,,,,,,,,,,,,,,,,297,,,,,,,,,,169,204,,,,,,,233,,,258,,,,480,,196,,,,,562,,,,,,,,,406,,407,,,,,244,,,,,,,,,16,,892,,,,,,,,,,,,,,,,,71,,,,,,,,,,,,,,,,,,,,,,,,,,,,,,,,,,,,,,,,,,,,,,,,,,,,,,,,480,291,,,246,385,,401,72,,,,,,,,517,,,,,,,1376,,,,,,,,,,,,,,,,,,,,,,,,,,,,,,,,,,,,,,,,,,,,,,,,,,,,,,,,,,,,,,,,,,,,385,,,,,,,,,,,,,,,,113,,,,,,,,,,,,,,,,,,,,,,,,,,,,,,,,,,,,,644,,,,670,,,265,,,,,,,,,,,,,78,,,309,,,,353,,,296,,,,,,121,,,144,,148,,,,,,325,385,,,,,,,,288,,,,,,,,,,,,,,,,,,,,,,,,,,,,,,,,,,,171,253,93,,,,,,245,,,,,153,,,,195,426,250,,,,,,,605,,,525,,,,,,,
2026-08-23T02:00:01+00:00,,,,,,,256,,,,238,,,,,,,,,,447,,,,,,,,62,1177,,,,,,,,,,,,,,,,,,,,,,,107,,4,,,62,,,,84,136,,,7,33,,,,,,,,,,,,,,,,,,,,105,303,,,,658,,,,,467,,,178,127,,,313,373,,,,,752,284,,,,,336,,,,,,,,,,,,,,,,,,,,,,,,,,,,,,,206,,,,,,,240,,,264,,,,,,197,,,,,561,,,,,,440,,,,,,,511,,,,,,,,,,,,16,,,,,,,,,,,,,,,,,,,70,,,,,,,,,,,,,,,,,,,,,,,,,,,,,,,,,,,,,,,,,,,,,,,,,,,,,,,,483,293,,,250,393,,400,74,-2,,,,670,,,524,,,,,,,,,,,,,,,,,,,,,,,,,,,,,,,,,,,,,,,,,,,,,,,,,,,,,,,,,,,,,,,,,,,,,,205,,,,,,,,,,,,,189,,,,,,,,,,,,,,,,,,,,,,,,,,,,,,,,,,,,,,,,,,,,,652,,,,681,,,,,,,,,,,,,,,,,,,,,,,360,,,,,839,264,,705,,251,,147,,,,,,119,,327,,,,335,,,,,293,,,,,,,,,,,,,,,,,,,,,,,,,,,,,,,,,,,174,292,100,336,,,,,,,,,,,,,,,,,,,,,,,,,,,,,,,,,
2026-08-23T02:15:02+00:00,,,,,,,,,,,242,334,,,,,,,,,450,433,,,,,,,,1178,32,110,,,,,,,,,,,,,,,,,,,375,,,,5,,,,,,,83,137,,,,,,,,,410,,,,220,,,,,,,,,,,110,304,385,,,660,,,,,469,,,183,,,,311,372,,,,,,,,,,,339,,,,,,,,,,,,,,,,,,,,298,,,,,,,,,,,207,,,,,,,243,,,282,,,,483,,203,,,,,560,428,,,,,439,,,,,,1217,512,,,,100,,,504,,,,,16,,891,,,,,,,,,,,,,,,,,71,,,,,,,,,,,,,,,,,,,,287,,,,,,,,,,,,,,,,,,,,,,,,,,,,,,,,,,,,484,294,,,,396,,401,,14,,,,,,,,,,,,,,,,,,,,,,,,,,,,,,,,,,,,,,,,,,,,,,,,,,,,,,,,,,,,,,,,,,,,,,,,,,116,,,,,,,,,,,,,,,,,,,,,,,,114,,895,,,,,,424,,,234,,95,,208,,,,,,,,,,,,,,,,,,,,,,658,,,,690,,,266,,,320,,,,94,,,,,,,,,310,,,,371,,,,441,,,,,,,44,149,,,126,,,121,,,,243,,,,,,,297,,,,,,,,,,,,,,,,,,,,,,,,,,,,,,,,,,,175,309,,337,279,,567,,,,,,,152,,,,,,252,,,,,,,607,,,527,,,121,,,,
2026-08-23T02:30:01+00:00,,,,,,,,,,,244,,,,,,,,,,453,,,,,,,,,,,,,,,,,,,,,,,,,,,,,,,,,,,,,,,,,,,,,,32,,,,,409,11,,,,,,,,,,,,,,116,306,383,,217,661,,,,,476,,,191,,,,312,386,,,,76,753,,,,295,,,624,,,,,,,,,,,,,,,,,,,299,,,,,,,,,,172,,,,,,,,244,,,,,615,,,,206,,,,,559,,,,,,438,,,,,,1216,511,,,245,,,,505,,,,273,16,,893,,,,,,,,,,,,,,,,,,,,,,,,,,,,,,,,,,,,,,,,,,,,,,,,,,,,,,,,,,,,,,,,,,,,,,,,,483,,194,251,254,400,,,,,,,,669,,,525,,,,,,,,,,,,,,,,,,,,,,,,,,,,,,,,,,,,,,,,,,,,,,,,,,,,,,,,,,,,,,,,,,,,,,,,,,,,,,,,,,,,,,,,,,,,,,,,,,,,,,,,,,,,,,,,,,,,,,,,,,,,,,,,662,,,,695,,277,,,,,,,,,,,,,,,,,,,,,376,,,297,,838,265,,,,,,152,,,127,,,122,226,329,388,,,,,,,,,,,,,,,,,,,,,,,,,,,,,,,,,,,,,,,,,,,174,334,,340,,,,,,,,,,,66,,,194,,,,,,,,,608,,,528,,,120,,,,
2026-08-23T02:45:01+00:00,,,,,,,257,,,,246,,,,,,,,,,458,,,,,,,,63,,,,,,,,,,,,,,,,,,,,,,,,,,,,14,,,,,,,,,,,,,,,,,,,,,,,,,,,,,,124,,,,218,663,,,,,480,,,196,,,,313,402,,,,,756,,,,296,,342,,,,,,,,,,,527,,113,,,,,,,,,,,,,,,,,173,,,,,,,,246,,,,,,,,,207,,,,,,,,,,,437,,,,,,1212,,,,,,,,506,,,,274,16,,891,,,,,,,,,,,,,,,,,,,,70,,,,,,,,,,,,,,,,,286,,,,,,,,,,,,,,,,,,,,,,,,,,,,,,,,,,,,485,,193,,,404,,,,,,,,,329,,528,,,,,,,,,,,,,,,,,,,,,,,,,,,,,,,,,,,,,,,,,,,,,,,,,,,,,,,,,,,,,,,,,,,,,,,,,,,,,,,,,,,,,,,,,,,,,,,139,,,,,,,,,,,,,,,,,,,,,,,,,,,,,,,,,,,,,701,,,,,,,,,,,,,,,,79,,,,,,,389,,,299,,840,266,,,,,,154,,,,,,,,,,,,,,,,,,,,,,,,,,,,,,,,,,,,,,,,,,,,,,,,,,,,175,348,,339,,,,,,,,,,,68,,,,429,253,,,,,,,,,,529,,,,,,,
2026-08-23T03:00:01+00:00,,,,,,,258,,,,248,333,,,,,,,,,459,,,,,,,,,1182,,,,,,,,,,,,,,,,,,,,,,,,,,,,61,,,,,,,,,,,,,,408,,,,,,,,,,,,,,276,135,307,384,,,664,,,,,482,,,201,,,250,,409,,,,,,,,253,297,,348,,,,,,,,,,,,,,,,,,,,,,,,,,,,,,,,,,,,,,248,,,284,,,,,,208,,,,,,,,,,,435,,,,,,1211,,,,,99,,,,,,,275,16,,,,,,,,,,,,,,,,,,,,,,,,,,,,,,,,,,,,,,,,,,,,,519,,,,,,,,,,,,,,,,,,,,,,,,,,,,,,486,,,,255,408,,,,,,,,,,,531,,,,,,,1375,,,,,,,,,,,,,,,,,,,,,,,,,,,,,,,,,,,,,,,,,,,,,,,,,,,,,,,,,,,120,,,,,,,,,,,,,,,,,,,,,,,,,,,,,,,,,,,,,,,,,,,,,,,,,,,,,,,,,,,,,,,,,,705,,,,,,319,,,,,,,,,,,,,,,,,395,,,,,,,,,,,45,157,,,,,,,,,,,,,,,,,298,,,,,,,,,,,,,,,,,,,,,,,,,,,,,,,,,492,146,,362,,342,,,,,,,,,,153,,,,,,,,,,,,,,,,530,,,121,,,,
2026-08-23T03:15:01+00:00,,,,,,,,,,,249,,,,,,,,,,462,432,438,,,,,,,,,,,,,,,,,,,,,,,,,,,,,,,,,,,60,,179,,85,,,,,,,,,,407,,,,218,,,,,,,,,,,,,,,,,,,,,,,,,,,,,,,,,,,,,,,,,,,,,,,,,,,,,,,,,,,,,,,,,,,,,,,,,,,,,,,,,,,,,,,,,,,,,,,,,,,,,,,,,,,,,,,,,,,,,,,,,,,,,,,,,,,,,,,,,,,,,,,,,,,,,,,,,,,,,,,,,,,,,,,,,,,,,,,,,,,,,,,,,,,,,,,,,,,,,,,,,,,,,668,,,533,,,,,,,,,,,,,,,,,,,,,,,,,,,,,,,,,,,,,,,,,,,,,,,,,,,,,,,,,,,,,,,,,,,,,,,,,,,,,,,,,,,,,,,,,,,,,,,,,,,,,,,,,,,,,,,,,,,,,,,,,,,,,,,,,,,,708,,278,,,,318,,,,,,,,,,,,,,,,,401,,,,,,,,,,,,,,,,,,,,,,,,,,,,,,,,,,,,,,,,,,,,,,,,,,,,,,,,,,,,,,,,,376,,,,,,,,,,,,,,,,,,,,,,,,,,,,,,,,,,326,
2026-08-23T03:15:02+00:00,,,,,,,,,,,,,,,,,,,,,,,,,,,,,,,,,,,,,,,,,,,,,,,,,,,,,,,,,,,,,,,,,,,,,,,,,,,,,,,,,,,,,,,144,,383,,,666,,,,,484,,,,,,,314,420,,,,,,,,,293,,350,626,,,,,,,,,,,,,,,,,,,,,,,,,,,,,,,,,,,,,250,,,285,,,,,,,,,,,,429,,,,,433,,,,,,1258,612,141,276,255,97,,,566,246,,,272,16,,,,,,,,,,,,,,,,,,,,,,69,,,,,,,,,,,,,,,,40,285,,,,,,,,,,,,,,,,,,,,,,,,,,,,,,,,,,,,,,,,256,410,,,,,,,,,,,,,,,,,,,,,,,,,,,,,,,,,,,,,,,,,,,,,,,,,,,,,,,,,,,,,,,,,,,,,,,,,,,143,,,,,,,,412,,,386,,,,,,,,,,,,,,,,,,894,,,,136,,429,,1203,296,,,,215,,,,,,,,,,,,,,,,,,,,,,,,,,,,,,,,,,,,,,,,,,,,,,,,,,,,,,,,,,,,,,,,,,,121,,,,,,,,,,,301,,,,,,,,,,,,,,,,,,,,,,,,,,,,,,,,,,,,,,,,,,,,,,,,,,,,,,,,,,,,,,,,,,,,,,,
2026-08-23T03:30:02+00:00,,,,,,,,,,,250,,,,,,,,,,,,439,,,,,,,,,109,,,,,,,,159,,,,,,,,,,,376,,,,,,,,,,,81,,,,6,33,,,,,403,,,,,,,,,,,,,,,146,,386,,,,,,,261,489,215,382,,,,,315,430,,,,,755,,,,292,,,627,,,,,,,,,,,,,,,,,,,,,,,,,,,,,174,,,,,,,,252,,,284,,,,,,,,,,,,430,,,,,426,629,,,,,1249,,,275,,,,,,,,,,16,,892,,,,,,,,,,,,,,,,,,,,,,,,,,,,,,,,,,,,,,,,,,,517,,,,,,,,,,,,,,,,,,,,,,,70,,,,,,,,291,,,,,,,,,,,,,,,535,,,,,,,1373,,,,,,,,,,,,,,,,,,,,,,,,,,,,,,,,,,,,,,,,,,,,,,,,,,,,,,,,,,,,,,,,,413,,,,,,,,,,,,,,,,,,,,,881,,,,,,,,,,,,,,,,,,,,,,,,,,,,,,,,,,,,,,,710,,,,,,317,,,,,,,,,,,,,,,,,376,,,300,,,,,,,,,,,,,,54,120,,330,389,,,,,,,,303,,,,,,,,,,,,,,,,,,,,,,,,,,,,,,,,,,,,386,,,,,,,,,,,,,,,,,,,,,,,,,,,,532,,,,,,,
2026-08-23T03:45:01+00:00,154,,,,,,,,,,,332,,,,,,,,,,,,,,,,,,1183,,,,,,,,,,,,,,,,,,,,,375,,,,4,,,58,,,,77,,,234,,,,,,,,,,,,,,,,,,,,,275,151,308,385,289,,667,,253,,,,,,202,,,251,314,435,,,797,,,,,,287,,352,,,,,,,,,,,,,,,,,,,,,,,,,,,,,,175,,,,,,,,,,,,,,,,,,,,,,,,,,,,416,,,,304,,1228,614,,268,,,,,,,,,,16,,891,,,,,,,,,,,,,,,,,,,,68,,,,,,,,,,,,,,,,,286,,,,,,516,,,,,,,,,,,,,146,,,,,53,,,,,71,,,,,,,,255,,250,,,,,,,,,,669,328,,534,,,,,,,1366,,,,,,,,,,,,,,,,,,,,,,,,,,,,,,,,,,,,,,,,,,,,,,,,,,,,,,,,,,,,117,,,,,,,,382,,,,,,,,,,,,292,,,,115,,853,,,,,,,,,,,,,,,,,,,,,,,,,,,,,,,,,,,664,,,,711,,,,,,,,,,,,,,,,,,,,,,,382,,,,,,267,,,,,,161,,144,,,,121,,332,,,,,,,,,307,,,,,,,,,,,,,,,,,,,,,,,,,,,,,,,,,,145,,398,,,,,,,,,,,,,,72,,195,,,,,,,,,609,,,,,,,,,,
2026-08-23T04:00:02+00:00,,,,,,,,,,,251,,,,,,,,,,463,,438,,,,,,62,1182,,108,,,,,,,,156,,,,,,,,,,,,,,,,,,,,178,,76,136,,,,,,,,,401,,,,,,,,,,,,,,,155,,386,,,668,,,,,493,,,203,,,,,439,,,,,,283,,,,,,625,,,,75,,,,,,,,112,,,,,,,,,,,,,,,,,,,,,,,,,254,,,,,,,,,,,621,,,,,,,,,401,630,,,,,1216,,,,,,269,,565,,,,274,16,,892,,,,,,,,,,,,,,,,,,,,,,,,,,,,,,,,,,,,,285,,,,,,,,,,,,,,,,,,,147,,,,,,,,,,,,,,,,,,245,,,,411,,400,,,,,,,,,512,,,,,,,1352,,,,,,,,,,,,,,,,,,,,,,,,,,,,,,,,,,,,,,,,,,,,,,,,,,,,,,,,,,,,,,,203,,,,,378,,,,,,,,,,,,280,,299,,,,815,,,,,,,,,,,,,,,,,,,,,,,,,,,,,,,,,,,666,,,,713,,,,,,,,,,93,,,,,,,,,,,,,386,,,301,,841,268,,704,,,,162,,142,,,,120,,,,,,,63,367,,,308,,,,,,,,,,,,,,,,,,,,,,,,,,,,,,,,,,,,407,,,,,,,,,,,,154,,,,,,,,,,,,,,,,,,,,,,,
2026-08-23T04:05:01+00:00,,,,,,,,,,,,333,,,,,,,,,483,,,,,,,,,,,109,,,,,,,,157,,,,,,,,,,,,,,,,,,,,,,75,,,,,,,,,,,,,,220,,,,,,,,,,,,,,,,,,,,,,,,,,,,,,,,,,,,,,,,,,,,,,,,,,,,,,,,,,,,,,,,,,,,,,,,,,,,,,,,,,,,,,,,,,335,,560,431,,,,,396,,,,,,1206,,,264,,,,,,,,,,17,,890,,,,,,,,,,,,,,,,,,,,67,,,,,,,,,,,,,,,,,,,,,,,,,,,,,,,,,,,,,,,,,,,,,,,,,,,,,487,,,,,,,,,,,,,,,,,,,,,,,1351,,,,,,,,,,,,,,,,,,,,,,,,,,,,,,,,,,,,,,,,,,,,,,,,,,,,,,,,253,,,,,,,,547,,,,377,,,,,,,,,,,,275,,,,,,,,,,138,,434,,,337,,,,183,,,,,,,,,,,,,,,,,,,,,,,,,,715,,,,,,318,,,,,,,,,,,,,,,,,,,,,,,,,,,250,,,,,,,,,,,,,,,,,,,,,,,,,,,,,,,,,,,,,,,,,,,,,,,,,,,,491,,,408,,,,,,,,,,,,,,,,,,,,,,,,,,,,,,,,,,,
2026-08-23T04:10:01+00:00,,,,,,,261,,,,,,,,,,,,,,,,439,,,,,,,,,,,,,,,,,156,,,,,,,,,,,374,,,,,,,59,,,,76,,,,,,,,,,400,,,,,,,,,,,,,,,,,,,,,,,,,,,,,,,,,,,,,,,,,,,,,,,,,,,,,,,,,,,,,,,,,,,,,,,,,,,,,,,,,,,,,,,,,,,,,,,,,,,,,,391,,,,,,,,,,,,,,,,,,,17,,891,,,,,,,,,,,,,,,,,70,,,,,,,,,,,,,,,,,,,,286,,,,,,,,3,,,,,,,,,,,,,,,,,,,,,,,,,,,,,,,,,,,,,,,,,,,398,,,,,,,,1350,,,,,,,,,,,,,,,,,,,,,,,,,,,,,,,,,,,,,,,,,,,,,,,,,,,,,,,,252,142,,,,,,,546,414,,,,,,,,,,,,,,,267,,,,,,813,37,,,,,,,,,,,,,,,,,,,,,,,,,,,,,,,,,,,,,,,,,,,,,,,,,,,,,,,,,,,,,,,,,,,,,,,,,,,,,,,,,,,,,,,,,,,,,,,,,,,,,,,,,,,,,,,,,,,,,,,,,,,,,,409,,,,,,,,,,,,,,,,,,,,,,,,,,,,,,,,,,,
2026-08-23T04:15:02+00:00,,,,,,,,,,,,,,,,,,,,,,,,,,,,,,,,,,,,,,,,153,,,,,,,,,,,,,,,,,,,,,,,,,,,,,,,,,,,,,377,,346,174,,,,,,,156,,387,288,219,,,263,,,,,,,,,,315,,,,,,756,282,,,,,,623,,,,,,,,,,,,,,,,,,,,,,,,,,,,,,208,,,,,,,255,,,,,,,,,146,,622,,,,432,,,,,386,,,,,,1203,,140,262,,,,,566,,,,,17,,892,,,,,,,,,,,,,,,,,,,,,,,,,,,,,,,,,,,,,,,,,,,,,,,,,,,,,,,,,,,,,,,,,,,,,,,,,,247,192,,,415,,,,,,,,,,,,,,,,,,,,,,,,,,,,,,,,,,,,,,,,,,,,,,,,,,,,,,,,,,,,,,,,,,,,,,,,,,250,,,,,,,,,,,,,,,,,,,,,,,,265,,,,,,,,,,,320,437,,1202,340,,,,,,,,,,,,,,,,,,,,,,,,,,665,,,,716,,,,,,,,,,,,,,,,,,,,,,,,,,,,,,,,,,,,,,,,,119,,333,,,,,62,366,,,309,,,,,,,,,,,,,,,,,,,,,,,,,,,,,,,,,,,,413,,,,,,,,,,,,,,,,,430,,,,,,,,,,,,,,,,,,
2026-08-23T04:20:01+00:00,,,,,,,,,,,250,,,,,,,,,,,431,,,,,,,,,,,,,,,,,137,149,,,,,,,,,,,,,,,,,,,,,,78,,,,,,,,,,402,,,,,,,,,,,,,,,157,,,,218,669,,,,,,,381,,,,,,440,,182,,,,,,252,288,,,,,,,,,,,,,,,,,,,,,,,,,,,,,,,,,,,,,,,,,,,,,,,,,,,,,,,435,,,,,382,,,,,,,,,,,,,,,,,,,17,,891,,,,,,,,,,,,,,,,,,,,66,,,,,,,,,,,,,,,,,,,,,,,,,,,,,,,,,,,,,,,,,,,,,,,,,,,,,,250,,,,,,,,,,,,,,,,,,,,,,,,,,,,,,,,,,,,,,,,,,,,,,,,,,,,,,,,,,,,,,,,,,,,,,,,,,,,,,,,,,,,,,,,,,376,,,,,,,,,,,,264,,,,,151,814,38,,51,,,,,,,,,,,,,,,,,,,,,,,,,,,,,,,,,,,,,,,,,,,,,,,,,,,,,,,,116,,,,,,,,,270,,,,,,,,,,,,,,,,,,,,,,,,,,,,,,,,,,,,,,,,,,,,,,,,,,,,,,,,,146,,415,,,,,,,,,,127,,,67,,,196,,,,,,,,,,,,,,,,,,,
2026-08-23T04:25:02+00:00,153,,,,,,,,,,252,,,,,,,,,,,,,,,,,,61,,,,,,,,,,,147,,,,,,,,,,,,,106,,,57,,,,,,80,135,,,5,,,,,,,,,,,,,,,,,,,,,,,,,,,,,,,,,,,,,,,,,,,,,,,,,,,,,,,,,,,,278,,,,389,,,,,,298,,,,,,,,,,177,,,,,,,,256,,,,,,,,,,,,,,,,,,,,379,,,,,,1190,,,254,,96,,,,,,,,17,,892,,,,,,,,,,,,,,,,,,,,,,,,,,,,,,,,,,,,,,,,,,,,,,,,,,,,,,,,,,,,,,,,,,,,,,,,,488,254,,,,,,399,73,,,,,,327,,,,,,,,,,,,,,,,,,,,,,,,,,,,,,,,,,,,,,,,,,,,,,,,,,,,,,,,,,,,,,,,,246,,,,,,,,,,,,,,,,,,,,,,,,262,,,,116,153,815,,,,,,,67,,330,,,,,,,,,,,,,,,,,,,,,,,,,,664,,,,,,,,,,317,,,,,,,,,,,,,,,,,388,,,302,,,,,706,,,,,,,,,,,,,,,,,,,,,,,,,,,,,,,,,,,,,,,,,,,,,,,,,,,,,,,,,416,,343,,,,,,,,,,,,,,,,,,,,,,,,,,,,,,,,,
2026-08-23T04:30:01+00:00,,,,,,,260,,,,,,,,,,,,,,,,,,,,,,,,,,,,,,,,136,,,,,,,,,,,,,,,,5,,,,,,,,,,,,,,,,,401,,,,,,,,,,,,,,,158,,388,,,,,,,262,494,,,,,,,,,,,,,,,,,,,,,,,,,,,,,,,,,,,,,,,,,,,,,,,,,,207,,,,,,,,,,,,616,,,,,,,,,,,,,,,376,631,,,,,,,,,,,,,,,,,,17,,891,,,,,,,,,,,,,,,,,,,,64,,,,,,,,,,,,,,,,,,,,,,,,,4,,,,,,,,,,,,,,,,,,,,,,,,,,,,,259,,,,,,400,,,,,,,326,,,,,,,,,,,,,,,,,,,,,,,,,,,,,,,,,,,,,,,,,,,,,,,,,,,,,,,,,,,,,,,,,245,,,,,,,,,,,,,,,237,,,,,,,,,261,,,,,154,,,,,,,,,,,,,,,,,,,,,,,,,,,,,,,,,,,,,,,,,,,,,,,,,,,,,,,,,,,,,,,,,,,,842,,,,,,,,,144,128,,,120,,334,,,,,,367,,,310,,,,,,,,,,,,,,,,,,,,,,,,,,,,,,,,,,,,417,,,,,,,,,,,,,,,,,,,,,,,,,,,,,,,,,,,
2026-08-23T04:35:02+00:00,,,,,,,,,,,,,,,,,,,,,,,,,,,,,62,1185,,,,,,,,,135,148,,94,,,,,,,,,,,,,,,,,,,,,,,,,,,,,,400,,,,,376,,,,,,,,,,,,,,,,,,,,,,,,,,,,,,,,,,,,,,,,,,,,,,,,,,,,,,,,,,,,,,,,,,,,,,,,,,,,,,,,,,,,,,,,,,,,437,,,,,374,,,,,,1185,,,248,,,,,,,210,,,17,,,,,,,,,,,,,,,,,,,,,,,,,,,,,,,,,,,,,,,285,,,,,,,,,,,,,,,,,,,,,,,,,,,,,,,,,,,,489,263,,,,416,,399,,,,,,,,399,,,,,,,,,,,,,,,,,,,,,,,,,,,,,,,,,,,,,,,,,,,,,,,,,,,,,,,,,,,,,,,,,,,,,152,,204,,,,,,,,,,,,,,,,,262,,,,117,,822,,,,139,,,,,332,,,,,,,,,,,,,,,,,,,,,,,,,,,,,,717,,,,,,,,,,,,,,,,,,,,,,,,,,,,,,,,,,,,,,,,,,,,,,,,,,,,,,,,,,,,,,,,,,,,,,,,,,,,,,,,,,,,,,,,419,,,,,566,,,,,,,,,,,,,,,,,,,,,,,,,,,,,,
2026-08-23T04:40:02+00:00,,,,,,54,,,,,,,,,,,,,,,,,,,,,,,,,,,,,,,,,,147,,,,,,,,,,,,,,,,,,60,,,,,134,,,,,,,,,,,,,221,,,,,,,,,,,159,309,,289,,,,,,,,217,,,,,,314,442,,,,,,,,,286,210,,626,,,,,,,,210,278,529,,113,388,,,,,,,,,,,,,,,,,,,,,,,,,,,,,,,,,,,,,,,435,,,,,372,,,,,,,,,,,,,,,,,,,17,,892,,,,,,,,,,,,,,,,,,,,,,,,,,,,,,,,,,,,,,,,,,,515,,,,,,,,,,,,,,,,,,,,,,,,,,,,,,490,265,,,,,,398,,,,,,,,,,,,,,,,1349,,,,,,,,,,,,,,,,,,,,,,,,,,,,,,,,,,,,,,,,,,,,,,,,,,,,,,,,243,,,,,,,,,,,,,,,,,,,,,,,,264,,,,118,,,,,,,,,,,,,,,,,,,,,,,,,,,,,,,,,,,,,,,,,,,,,,,,,,,,,,,,,,,,,,,,,,,,,,,,,,,,,,,,,,,,,,,,,,,,,,,,,,,,,,,,,,,,,,,,,,,,,,,,,,,,,,,,,420,,,,,,,,,,,,,,,,,,,,,,,,,,,,533,,,122,,,,
2026-08-23T04:45:02+00:00,,,,,,,,,,,,,,,,,,,,,,,,,,,,,,1184,,108,,152,,,,,134,146,,,,36,,,,,,,,,,,,,,61,,,,,133,,233,,,,,,,401,,,,,,209,,,,,,,,,,,,,,,,,,,,,,,,,,,,,,,,,,,,,,,,,,,,,,,,,,,,,,,,,,,,,,,,,,,,,,,,,,,,,,,,,,,,,,,,,,,434,,,,,371,,,,,,1177,,,249,,95,,,,,,,275,17,,,,,,,,,,,,,,,,,,,,,,,,,,,,,,,,,,,,,,,,,,,,,,,,,,,,,,,,,,,,,,,,,,,,,,,,,,,,268,,,,417,,401,,,,,,,,400,,,,,,,,1348,,,,,,,,,,,,,,,,,,,,,,,,,,,,,,,,,,,,,,,,,,,,,,,,,,,,,,,,,,,,,,,,547,,,,,,,,,,,,,,,,270,,,,121,155,823,,,,,,,66,,,,,,,,,,,,,,,,,,,,,,,,,,,,,,,,,,,,,,,,,,,,,,,,,,,,,,,,,,,,,,,707,122,,,,,147,,,,117,,,390,,,,61,368,,,309,,,,,,,,,,,,,,,,,,,,,,,,,,,,,,,,,,,,421,,,,,,,,,,,,,,,,,,,,,,,,,,,,,,,,,,,
2026-08-23T04:50:02+00:00,,,,,,,,,,,,,,,,,,,,,,,438,,,,,,,,,,,,,,,,,145,,,,,,,,,,,,,107,,,,,,,,,,,,,,,,,,,,,,,,,,,,,,,,,274,160,,,,,670,,,,,,,380,,,,,315,443,,,,,,,113,,289,,,625,,,,,,,,,279,,,112,,,,,,,,,,,,,,,,,,208,,,,,,,,,,,,,,,,,,,,,562,,,,,,370,,,,,,,,,,,,,,,,,,276,17,,891,,,,,,,,,,,,,,,,,,,,,,106,,,,,,,,,,,,,,,,,,,,,,,,,,,,,,,,,,,,,,,,,,,,,,,,,,,491,,,,,,,,,,,,,,,,511,,,,,,,,,,,,,,,,,,,,,,,,,,,,,,,,,,,,,,,,,,,,,,,,,,,,,,,,,,,,,,,247,,,,,,,,,,,,,,,,,,,,,,,,274,,,,,,822,,,,,,,,,,,,,,,,,,,,,,,,,,,,,,,,,,,665,,,,,,,,,322,315,,,,,,,,,,,,,,,,,,,,,,,,,,,,,,,,,,,,,,,,,,,,,,,,,,,,,,,,,,,,,,,,,,,,,,,,,,,,,,,,,,420,,,,,,,,,,,,,,,,,,,,,,,,,,,,,,,,,,,
2026-08-23T04:55:02+00:00,,,,,,,,,,,,,,,,,,,,,,,,,,,,,,,,,74,,,,,,,146,,,,,,,,,,,,,,,6,,,,,,,,135,,,,,,,,,,,,,,374,,,,,,,,,,,,389,,,,,262,,263,,,,,,,,,445,,,,,,,,,,211,,626,,,,,,,,,,,,,,,,,,,,,,,,,,,,,,,,,,,,,,,,,,,,,,,,,,,,433,,,,,,,,,,,1171,602,139,248,,,,,,,211,,,17,,,,,,,,,,,,,,,,,,,,,,,,,,,,,,,,,,,,,,,286,,,,,,,,,,,,,,,,,,,,,,,,,,,,,,,,,,,,492,,,,,,,,,,,,,,,,512,,,,,,,1347,,,,,,,,,,,,,,,,,,,,,,,,,,,,,,,,,,,,,,,,,,,,,,,,,,,,,,,,246,,,,,,,,,,,,375,,,,,,,92,,,,,275,,,,120,,824,,,,,321,,68,1203,,,94,,,,,,,,,,,,,,,,,,,,,,,,664,,,,,,,,,,,,,,,,,,,,,,,,,,,391,,,,,,,,,,,,,,,,,,,,,,,,,,,,,,,,,,,,,,,,,,,,,,,,,,,,,,,,,,,,,,,,,423,99,,,,,,,,,128,,,,,,,,,,,,,,,,,,,,,,,,327,
2026-08-23T05:00:02+00:00,,,,,,,,,,,,,,,,,,,,,,,,,,,,,,,,,,,,,,,,,,,,,,,,,,,,,,,,,,,,,,,,,,6,,,,,,402,,,,,,,,,,,,,,,,,,,,,,,,,,,,,,,,,,,,,,,,,,,,,,,,,,,,,,,,,,,,,,,,,,,,,531,,,,,,,,,,,,,,,,,,,,482,,,,,,,,434,,,,,,,,,,,,,,,,,,,,,,,275,17,,892,,,,,,,,,,,,,,,,,,,,,,105,,,,,,,,,,,,,,,285,,,,,,,,,,,,,,,,,,,,,,,,,,,,,,,,,,,,491,269,,,,,,,74,,,,,,,,,,,,,,,1348,,,,,,,,,,,,,,,,,,,,,,,,,,,,,,,,,,,,,,,,,,,,,,,,,,,,,,,,,,,,,,,,,,,,,,,,,,,,,,,,274,,,,,,825,,,,,,,67,,,,,,,,,,,,,,,,,,,,,,,,,,,,,,,,,,,,,,,,,,,,,,,,,,,,,,,,,,,,,,195,,,,,,,,,,,,,,,,,,,,,,,,,,,,,,,,,,,,,,,,,,,,,,,,,,,,,,,,,,426,100,,,,,,,,,129,,,,,,,,,,,,,,,,,,,,,,,,,
2026-08-23T05:05:02+00:00,,,,,,,,,,,,,,,,,,,,,,,,,,,,,,,,,72,,,,,,132,,,,,,,,,,,,,,,,5,,,60,,,,81,,,,,,,,,,401,,,122,220,373,210,,,,,,,,273,,,388,,,,,,,264,,,,,,,,,446,,,,,,,,,,,,627,,,,,,,,,,,,,,,,,,,,,,,,,,,,,,,,,,,,,,,,,,,,,,,,,,,,433,,,,,,,,,,,1164,599,,244,,94,,,565,,210,,276,17,,891,,,,,,,,,,,,,,,,,69,,,,,106,,,,,,,,,,,,,,,284,,,,,,,,,,,,,,,,,,,,,,,,,,,,,,,,,,,,490,268,,,,,,,,,,,,,,,,,,,,,,,,,,,,,,,,,,,,,,,,,,,,,,,,,,,,,,,,,,,,,,,,,,,,,,,,,,,,,,244,,,,,,64,,,,,,,,,,,,,,,,,,275,183,300,,,,824,,,,138,322,438,,,336,,,,,,,,,,,,,,,,,,,,,,,,,,663,,,,716,,,267,,,317,,,,,,,,,,,,,,,,,,,,,,843,,,708,,,,,,,,,,113,225,333,,,,,,,,,,,,,,,,,,,,,,,,,,,,,,,,,,,,,,,,,,,,,427,,,,,,,,,,,,,,,,,,,,,,,,,,,,,,,,,,,
2026-08-23T05:10:02+00:00,,,,,,,,,,,253,,,,,,,,,,,,,,,,,,,,,,70,,,,,,,,,,,,,,,,,,,46,,,,58,,,,,,,,,,5,,,,,,,,,,,,,,,,,,,,,,,,,,,,,,,,,,,,,,,,,,,,,,,,,,,,,,,,,,,,,528,,,,,,,,,,,,,,,,,,,,,,,,,,,,,,,,,,,181,153,,,,,,,,,,,371,,,,,,,,,,,,,,,,,,,17,,892,,,,,,,,,,,,,,,,,,,,,,,,,,,,,,,,,,,,,282,,,,,,,,,,,,,,,,,,,146,,,,,,,,,,,,,,,,,491,270,191,,,,,,,,,,,,,,,,,,,,,1347,,,,,,,,,,,,,,,,,,,,,,,,,,,,,,,,,,,,,,,,,,,,,,,,,,,,,,,,,,,,,,65,205,,,,,,,,,,,,,,,,,,,,,,,,,140,,,,,,,,,,,,,,,,,,,,,,,,,,,,,,,,,,,,,,,,,,,,,,,,,,,,,,,,,,,,,,,,,844,,,,,,,,,,,,,,,,,,,,,,,,,,,,,,,,,,,,,,,,,,,,,,,,,,,,,,,,,,,,,,,,,,,,,,,,,,,,,,254,,,,,,,,,,,,,,,,,
2026-08-23T05:15:01+00:00,,,,,,55,261,,,,,,,,,,,,,,482,,439,,,,,,,,,,69,,,,,,,,,,,,,,,,,,,47,,,,,,,,,,,,,,,,,,,,400,,,,,374,,,,,,,,,274,,,,,219,,,263,,265,495,,,204,,,,,448,,181,,,,,,251,,,353,623,,,,,,,,,,,,,,,,,,,,,,,,,,,,,,,,,,,,,,,,,,,,,,,,,336,,561,434,,,,,370,,,,,408,1153,598,,245,,,,,,,,,,17,,,,,,,,,,,,,,,,,,,67,,,,,,,,,,,,,,,,,,,,283,,,,,,,,,,138,,,,,,,,,145,,,,,52,,,,,,,,,,,,,268,,,,,,,73,,,,,668,,,,,,,,,,1346,,,,,,,,,,,,,,,,,,,,,,,,,,,,,,,,,,,,,,,,,,,,,,,,,,,,,,,,242,,,,,,,208,,,,,374,,,,,,,,,,,,,,,,,,822,,,,139,321,,,,,,95,,184,,,,,,,,,,,,,,,,,,,,,,,,,,,,,,,,,,,,92,,,,,,,,,,,,,,,,,,,,,,,,,,,,,,,,,,,,,,,,,,,,,,,,,,,,,,,,,,,,,,,,,,,,,,,,,,,,,,,,,,,,,,,,,,,,,,,,,,,,,,,,,,,,,,,,,
2026-08-23T05:20:02+00:00,,,,,,54,,,,,,,,,,,,,,,,,,,,,,,,,,,64,,,,,,,,,,,,,,,,,,,,,,,,13,,,,,80,,,,,,,,,,,,,,,,,,,,,,,,,161,,387,,,,,,,,497,,,,,,,,449,,,,68,,283,,250,287,,,,,,,,,,,,,526,,,,,,,,,296,,,,,,,,,,,,,,,,,,,,,283,,,,,,,,,337,,,433,,,,,,,,,,,,,,,,,,,,,,,277,17,,,,,,,,,,,,,,,,,,,68,,,,,,,,,,,,,,,,,,,,282,,,,,,514,,,,,,,,,,,,,,,,,,,,,,,,,,,,,,,,188,,,,,400,,,,,,,,,,,,,,,,,,,,358,,115,,,,,,,,,,,95,108,55,29,,,,,,,,,328,,,329,,,,,,,,,,,,20,,,,,,,,,,,,,,,,,,,,,,,,,,,,,,,93,,,,,277,,,,,,821,,,,,,,,,,,,,,,,,,,,,,,,,,,,,,,,,,,662,,,,717,,,,,,316,,,,91,,,,,,,,,309,121,,,,,,,,,,,,,,,,,,,,,112,224,,,,,,,,,,310,,,,,,,,,,,,,,,,,,,,,,,,,,,,,,,,,,,,428,,,,,,,,,,,,,,,,,,,,,,,,,,,,,,,,,,,
2026-08-23T05:25:02+00:00,152,,,,,,,,,,,,,,,,,,,,,,,,,,,,,,,,63,,,,,,,,,95,,35,,,,,,,373,,106,,4,,12,61,,,,,,,,,,,,,,396,,,,222,,207,,175,,,,,,,,,,,,,,,,,,,,,,,,,,,,,,,,,,,,,,,,,,,,,,,,,,,,,,,,,,,,,,,,,,,,,,,,,,,,,,,,,,,,,,,,,432,,,,,,,,,,,1144,,,243,,,,,,,,,279,17,,,,,,,,,,,,,,,,,,,69,,,,,107,,,,,,,,,,,,,,,,,,,,,,,,,,,,,,,,,,146,,,,,,,,,,,,,,,,,,,186,,,,,398,,,,,,,,,,,,,,,,1345,,,,,,,,,,,,,,,,,,,,,,,,,,,,,,,,,,,,,,,,,,,,,,,,,,,,,,,,239,,,,,,,,,,,,,,,,,,,94,,,,,278,,,,,154,820,,139,,,,,,1202,,,,,185,,,,,,,,,,,,,,,,,,,,,,,,,,,,,,,,,,,,,,,,,,,,,,,,,,,,,,,,,,,,,,,,,,,,,,,,,,,,,,,,,,,,,,,,,,,,,,,,,,,,,,,,,,,,,,,,,,429,,,280,,,,,,,,,,,,,,,,,,,,,,,,,,,,,,,,
2026-08-23T05:30:01+00:00,,,,,,,,,,,,,,,,,,,,,,,,,,,,,,1185,,,,,,,,,,,,,,,,,,,,,,,,,,,,60,,,,,,,,,,,,,,,,,,,,,,,,,,,,,,,388,,,,68,,,,,,,,,,,314,,,,,,,,114,,,,,622,,,,,,,,,276,525,,114,,,,,,,298,,,,,532,,,,,,,,,,,,,,,,,,,,,,154,,,,,,433,,,,,369,,361,,,,,,,,,,,,,,,,278,17,,890,,,,,,,,,,,,,,,,,,,,,,,,,,,,,,,,,,,,,284,,,,,,,,,,,,,,,,,,,,,,,,,,,,,,,,,,,,,,,,,,,,72,,,,,,,399,,,,,,,,1344,,,,,,,,,,,,,,,,,96,,,,,,,,,,,,,,,,,,,,,,,,,,,,,,,,,,,,,,,238,,,,,,,,,,,35,373,,,,,,,,,,,,276,,,,,,817,,,,,,,,,,,,,,,,,,,,,,,,,,,,,,,,,,,,,,,,,,,,,,,,,,,,,,,,,,,,,,,,,,,,,,,,,,,,,,,,,,,,,,,,,,,,,,,,,,,,,,,,,,,,,,,,,,,,,,,,,,,,,,,,,,,,,,,,,,,,68,,,,,,,,,,,,,,,,,,,,,,
2026-08-23T05:35:01+00:00,151,,,,,55,,,,,,,,,,,,,,,,,440,,,,,,,,,,,,,,,,133,,,,,,,,,,,,,,,,5,,,,,,,81,134,,,4,32,,,,,397,,,,,,,,,,,,,,,,,,,,669,,,,,,,,,,,,315,,,182,,,,,,,285,212,,625,,1,,76,,,,,,,,,,,,,,,,,,,,,,,,,,,,,,,,,,,,,,,,,,,,,,,,434,,,,,,,,,,409,1134,,,237,,,,,,,,,279,16,,892,,,,,,,,,,,,,,,,,,,,,,,,,,,,,,,,,,,,,283,,,,,,,,,,,,,,,,,,,,,,,,,,,,,,,,,,,,,269,,,,,,396,73,,298,,,,,,513,,,,416,,,,,,,357,,114,,,,,,,,,,,95,,,,,,,448,,,,,,,,,,,,,,,,,,,,,,,,,,,,,,,,236,,,,,,,209,,,,,372,,,,,,,,,,,,,,,,,,816,,138,,,,,,,,,,,,,,,,,,,,,,,,,,,,,,,,,,,,,,,,,,,,,,,,,,,,,,,,,,,,,,,,,,,,,,,,,,,,,,115,225,,,,,,60,,,,,,,,,,,,,,,,,,,,,,,,,,,,,,,,,,,,,,,,430,,,,,,,,,,130,,,,,,,,,,,,,,,,,,,,,,,,,
2026-08-23T05:40:01+00:00,150,,,,,,,,,,,,,,,,,,,,,430,,,,,,,,1186,,,,153,,,,,131,,,,,,,,,,,,,,,,,,,61,,,,,,,232,,,,,,,396,,,123,,,,,,,,,,,,,,,,,,,,,,,,,,,,,,,,,,,,,,,,,,,,,,,,,,,,523,,,389,,,,,,297,,,,,,,,,,,,,,,,,,,,,,,,,,,,,,,,,435,,,,,368,,,,,,,,,,,,,,,,,,,16,,891,,,,,,,,,,,,,,,,,,,,,,,,,,,,,,,,,,,,,282,,,,,,513,,,,,,,,,,,,,,,,,,,,,,,,,,,,,,,267,,,,,,,,,,,,,,,,137,,,,,,,,,,,,,,,,,,,,,,,96,,53,,,,,,,,,,329,,,,,,,,,,,,,,,,,,,,,,,,,,,235,,,,,,,,,,,,,,,,,,,,,,,,275,,,,,,814,,137,,140,,,,,338,,,,,,,,,,,,,,,,,,,,,,,,,,,,,,,,,,,,,,,,,,,,,,,,,,,,,,,,,,,,,,121,,,,,,,,,,,,,,,,,,,,,,,,,,,,,,,,,,,,,,,,,,,,,,,,,,,,,,,,,,,,,,,,,,,,153,,,,,,,,,,,,,,,,,,,,,,,
2026-08-23T05:45:01+00:00,149,,,,,56,,,,,,,,,,,,,,,,,,,,93,,,64,1189,,,62,154,,,,,,,,,,,,,,,,,,,,,,57,,58,,,,,,,,,,,,,,,9,,,,375,206,,,,,,,,,,,389,,,670,,,,,,,,206,,,,,,,,,,,,,,284,,,624,,,,,,,,,,,,,,,,,,,,,,,,,,,,,,,,,,,,,,,,,,617,,,,,,,,,,436,,,,,,,,,,408,1120,,,236,,93,,,564,245,,,,16,,892,,,,,,,,,,,,,,,,,,,,,,,,,,,,,,,,,,,,,283,,,,,,,,,,,,,,,,,,,,,,,,,,,,,,,,,,,,,266,,,,418,,,,,,,,,,,,136,,,,,,1343,,,,,,,,,,,,,,,,,,,,,,,,449,,,,,,,,330,,,,,,,,,,,,19,,,,,,,,,,,,,,,,,,,,546,,,,,177,,,,,,,,,,,273,,,,,,,,,,,,,,,,,,,,,,,,,,,,,,,,,,,,,,,,,,,,,,,,,,,,,,,,,,,,,,,,,,,,,,,,,,,,,,,,,,,,,,,,,,,,,,,,,,,,,,,,,,,,,,,,,,,,,,,,,,,,,,,,,,,,,432,,,,,,,,,,,,,,,,,,,,,,,,,,,,,,,,,,,
2026-08-23T05:50:02+00:00,150,,,,,,,,,,,,,,,,,,,,,,441,,,,,,,,,,,,,,,,,145,,96,,,,,,,,,372,,,,4,56,,56,,,1,,,,,,,,,,,395,,,,,,,,,,,,,,,,310,,,,672,,,,,,,,207,,,250,,447,,,,,,,,,,,,620,,,,,,,,,274,,,,,,,,,,,,,,,,,,,,,209,,,,,,,,,,,,,,,,,,,336,,,,,,,,,632,,,,,,,,,,,,,,,209,,278,16,,890,,,,,,,,,,123,,,,,,,68,,,,,,,,,,,,,,,,,,,,281,,,,,,,,,,,,,,,,,,,,,,,,,,,,,,,,,,,,,264,,,,,,,,,,,,669,,,,,,,,,,,,,,,,,,,,,,,,,,,,,,30,,,,,,,,,,,,,,,,,,,,,,,,,,,,,,,,,,,,236,,,,,,,,,,,,,,,,,,,,,,,,,,,,,,815,,,,,,437,,,339,,,203,,,,,,,,,,,,,,,,,,,,,,,659,,,,,,,,,,,,,,92,,,,,,,,,,,,,,,,,,846,,,,,,,,375,,,,,114,224,335,389,,,,,,,,311,,,,,,,,,,,,,,,,,,,,,,,,,,,,,,,,,,,174,433,,,,,,,,,,,,154,,,,,429,,,,,,,,,,,,,,123,,,,
2026-08-23T05:55:01+00:00,,,,,,54,,,,,254,,,,,,,,,,,,,,,,,,,,,,,,,,,,,,,,,,,,,,,,,,,,3,54,,55,,,,,,,,,,,,,,393,,,,,376,,,174,,,,,,,,,,,,,,,,,,,,,,,,,,,,,,,,,,,,,,,,,,,,,,,,,,,,,,,,,,,,,,,,,,,,,,,,,,,,,,,,,,,,,,,,,,,,,,,,,,,409,1117,596,,230,,92,,,,,,,284,16,,891,,,,,,,,,,,,,,,,,,,,,,,,,,,,,,,,,,,,,277,,,,,,512,,,,,,,,,,,,,,,,,,,,,,,,,,,,,,,261,,,,,,,,,,,,,,,512,,,,,,,,,,,,,115,,,,,,,,,,,97,,,29,,,,,,,,,,,,329,,,,,,,,,,,,20,,,,,,,,,,,,237,,,,,,,,,,,,369,,,236,,,,,,,,,271,182,299,,119,,813,,138,,139,320,440,,1201,,,,,186,,,,,,,,,,,,,,,,,,,,,,657,,,,,,,,,,,,,,,,,,,,,,,,,,,,,,,,,,194,,,,,,,,,,,,,,,,,,,,,,,,,,,,,,,,,,,,,,,,,,,,,,,,,,,,,,,,,,,,344,,,,,,,,,,,,,,,,,,,,,,,,,,,,,,,,,
2026-08-23T06:00:01+00:00,,,,,,,,,,,,334,,,,,,,,,,431,440,,,94,,,,,,,,,,,,,132,142,,,,,,,,,,,,,,,4,52,,,,,,82,135,,,,,,,,,394,11,,,221,,,,,,,,,,273,,311,,,220,,,,,,496,,,,,,,,,,,,,,,,,286,,,621,,,,,,,,,276,,,,388,,,,,,299,,,,,533,,,,,,,,,,,,,,,,,,,,,,,,,,,,,,,,,367,,,,,,,,,,,,,,,,,,,15,,892,,,,,,,,,,,,,,,,,,,,,,,,,,,,,,,,,,,,,,,,,,,,,5,,,,,,,,,,,,,,,,,,,,,,,,,,,,,259,,,,,,395,,,,,,,,,,,,,,,,,,,,,,,,,,,,,,,,,96,107,50,,,,,,,,,,,,,330,,,,,,,,,,,,,,,,,,,,,,,,,,,,,,,,,,,,,,,,,,,,,,,,,,,,,,,,,,,,,,,,,,,,,,,,,,,,,,,,,,,,,,,,,,,,,,,,,,,,,,,,,,,,,,,,,,,,,,,,,,,,,,,,,,,,,,,,,,,,,,,,,,,,,,,,,,,,,,,,,,,,,,,,,,,,,,,,,,,,,448,,345,,,,,,,,,,155,67,,,,,,,,,,,,608,,,,,244,,,,,
2026-08-23T06:00:02+00:00,,,,,,,,,,,,,,,,,,,,,,,,,,,,,,,,,,,,,,,,,,,,,,,,,,,,,,,,,,,,,,,,,,,,,,,,,,,,,,,,,,,,,,,,,,,,,,,,,,,,,,,,,,,,,,,,,,,,,,,,,,,,,,,,,,,,,,,,,,,,,,,,,,,,,,,,,,,,,,,,,,,,,,,,,,,,,,,,,,,,,,,,,,,,,,,,,,,,,,,,,,,,,124,,,,,,,,,,,,,,,,,,,,,,,,,,,,,,,,,,,,,,,,,,,,,,,,,,,,,,,,,,,,,,,,,,,,,,,,,,,,,,,,,,,,,,,,,,,,,,,,,,,,,,,,,,,,,,,,,,,,,,,,,,,,,,,,,,,,,,,,,,,,,,236,,,,,,,210,,,,,368,,,,,,,,,,,,270,,298,,,,,,,,,,,,,,,,,,,,,,,,,,,,,,,,,,,,,,,,,,,,,,,,,,,,,,,,,,,,,,,,,,,,,,,845,,,,,,,,,,,,,,,,,,,,,,,,,,,,,,,,,,,,,,,,,,,,,,,,,,,,,,,,,,,,,,,,,,,,,,,,,,,,,,,,,,,,,,,,,,,,,,,
2026-08-23T06:05:01+00:00,,,,,,,,,,,255,,,,,,,,,,,,442,,,,,,65,1190,,,,153,,,,,,145,,,,,,,,,,,,,,,3,54,,57,,,,83,137,,,6,,,,,,392,14,,,,375,204,347,,,,,,,,,,,,,,,,,,,,,,,,,,448,,,,,,,,,,,,,,,,,,,,,,,,,,,,,,,,,,,,,,,,,,,,,,,,,257,,,,,618,,,,,,624,,,560,,,,,,366,,,,,411,1110,588,,227,,,,,,,210,,,16,,,,,,,,,,,,,,,,,,,65,,,,,,,,,,,,,,,,,,,,276,,,,,,,,,,,,,,,,,,,147,,,,,51,,,,,,,,,,,,,,185,,,,,394,72,,,,,,325,,,,,,417,,,,,,,356,,,,,,,,,,,,,,,49,28,,,,448,,,,,,,,,,,,,,,,,,,,,,,,,,,,,,,,,,,,,,,,,,,,364,,,,,,,,,,,31,,,297,,,,,,136,,,321,,,1200,338,,,,187,,,,,,,,,,,,,,,,,,,,,,,,,,716,,,,,,,,,,,,,,,,78,,,,,,,,,,,,,,195,,,,43,,376,145,,,,115,223,336,,,,,59,,,,312,,,,,,,,,,,,,,,,,,,,,,,,,,,,,,,,,,145,,450,,,,,,,,,,,,156,,,,,430,,,,,,,,,,,,,,,,,,
2026-08-23T06:10:01+00:00,,,,,,55,,,,,254,,,,,,,,,,,,,,,,,,,1191,,,,,,,,,133,,,,,,,,,,,,,,104,,4,,,56,,,,,,,,,31,,,,,394,,,,220,,,,,,,,,,,,,,,,,,,,,,,,,,,,,,,,,,,,,,,,,,,,,,,,,,273,520,,,,,,,,,,,,,,,,,,,,210,,,,,,,,,,,,,,,,,,,,,,,,,,,,,,,,,,,,,,,,,,,,,285,16,,891,,,,,,,,,,,,,,,,,,,,,,,,,,,,,,,,,,,,,272,,,,,,,,,,,,,,,,,,,148,,,,,52,,,,,,,,,,,,492,260,,,,,,,,,,,,,,,511,,,,,,,,,,,357,,114,,,,,,,,,,,95,,,,,,,,,,,,,,,331,,,,,,,,,,,,,,,,,,,,,,,,232,,,121,,,,212,,,,,363,178,,,,,,,,,,,,,,,118,,812,,,,,,,,,,,,,,,,,,,,,,,,,,,,,,,,,,,,,,,,,,,,,,,,,,,,,,,,,,,,,,,,,,,,,,,,,,,,,,,,,,,,,,,,,,,,,,,,,,,,,,,,,,,,,,,,,,,,,,,,,,,,,146,,,,,,,,,,,,,,,66,,,,,255,,,,,,,,,,,,,122,,,,
2026-08-23T06:15:01+00:00,,,,,,54,,,,,,,,,347,,,,,,,,443,,,95,,,,,,107,,154,,,,,,143,,,,,,,,,,,373,,,,,,,55,,,,85,,,,,,,,,,392,,,,221,372,203,,,,,,,,271,160,309,,,221,673,,,,266,,,379,205,,,,316,449,,,,70,,,,,288,,354,,,,,,,,,,,,,,,,,,,,,,,,,,,,,,,,,,,,,,,,,282,,,,481,,,,625,,,,,,,,,,,,,,410,1092,584,,226,,,,269,,,,,,16,148,893,,,,,,,,,,,,,,,,,66,,,,,,,,,,,,,,,,,,,,271,,,,,,,,,,,,,,,,,,,,,,,,53,,,,,,,,,,,,,261,,,,,,395,,,,,,,,,,,,,,,,1342,,,,358,,113,,,,,,,,,,,96,108,,,,,,,,,,,,,,332,,,,,,,,,,,,,,,,,,,,,,,,231,,,,,,,213,,412,,,,,,,,,,,,,,,,,,,,,,37,,,,,441,,,337,,,,,,,,,,,,,,,,,,,,,,,,,,655,,,,718,,,266,,,317,,,,,,,,,,,,,,,,,,,,,,,,,,,,,,,,,,,,,,,,,,,,,,,,,,,,,,,,,,,,,,,,,,,,,,,,,,,,,,,,,,,,,,,,,,,,,,,65,73,,,429,254,,,,,,,,,,534,,,,,,,
2026-08-23T06:20:01+00:00,,,,,,55,,,,,,,,,,,,,,,,,442,,,,,,63,,,108,,155,,,,,,144,,97,,,,,,,,,,,,,5,52,,56,,,,,,,,7,,,,,,395,,,,220,,,,,,,,,,,,,,,,,,,,,,,,,,,,,,,,,,,,,,,,,,,,,,,,,,271,519,,,387,,,,,,,,,,,,,,,,,211,,,,,,,,,,281,,617,,,,,,624,,,,,,,,,,,,,,,,,,,,,,,,,,,,16,147,891,,,,,,,,,,,,,,,,,,,,,,,,,,,,,,,,,,,,,274,,,,,,,,,,,,,,,,,,,,,,,,52,,,,,72,,,,,,,,,,,,,,390,,,,,,,,,,,,,,,,,,,,,,,,,,,,,,,,,,107,48,29,,,,,,,,,328,,,,,,,,,,,,,,,,,,,,,,,,,,,229,,,,,,66,,547,,,36,364,,,,,,,,,,,32,,,295,,117,,811,36,,,140,320,,,,336,,99,,,,,,,,,,,,,,,,,,,,,,,,,,,,719,,,,,,316,,,,,,,,,,,,,,,,,,,,,,,,194,,122,,,,,,,,,,,,,,,,,,,,,,,,,,,,,,,,,,,,,,,,,,,,,,,,,,,,,,,,,,,,,,,,,,,,,,,,,,,,,,,,,,,,,,,,,,,
2026-08-23T06:25:01+00:00,,,,,,,,,,,,333,,,,,,,,,,,,,,,,,,1193,31,107,61,,,,,0,,,,,,,,,,,,,,46,,,,,11,,,,,,,,,,,,,,,,16,,124,218,,204,,175,,,,,,272,,307,390,,,,,,,268,,,,,,,251,317,,,,,71,,,,249,289,,,619,,2,447,,,,,,,,,,,,,,,,,,,,,,,,,,,,,,,,,,,,,,,,,,,,,,,,,,,,,,,,,,,409,1079,585,,224,,,,268,563,,,,286,16,,,,,,,,,,,,,,,,,,,,,,,,105,,,,,,,,,,,,,,,276,,,,,,,,,,,,,,,,,,,,,,,,51,,,,,,,,,,,,,260,,,,,,386,,,,,,,,,,,,,,,,1343,,,,,,114,,,,,,,,,,,,,47,30,,,,447,,,,,,,,,,,,,,,,,,,,,,,,,,,,,,,,228,,,,,,,,,,,,,,,,,,,,,,,,,,,,,,813,34,135,,,,459,,,335,,,,188,,,,,,,,,,,,,,,,,,,,,,656,,,,,,,,,,315,,,,93,,,,,,,,,,,,,,,,,,,,,,,,44,161,,,,,,,222,,,,,334,56,,,,,,,,,,,,,,,,,,,,,,,,,,,,,,,,,,,,,,,,452,98,,,,,,,,,,,,,74,,,,,,,,,,,,,,,,,123,,,,
2026-08-23T06:30:01+00:00,151,,,,,56,,,,,255,,,,,,,,,,,,,,,,,,64,1192,,108,62,156,,,,,,,,,,,,,,,,,,44,,,3,55,,55,,,,,,,,,,,,,,394,,,126,,,,,,,,,,,,,,,,,,,,,,,,,,,,,,,,,,,,,,,,,,,,,,,,,,,268,517,,,,,,,,,,,,,,534,,,,,,213,,,,,,,256,,,,,615,,,,,,625,,,,,,,,,,631,,,,,,,,,,,,,,,,,,16,,890,,,,,,,,,,,,,,,,,67,,,,,,,,,,,,,,,,,,,,275,,,,,,513,,,,,,,,,,,,,,,,,,,,,,,,,,,,,,,259,184,,,,,382,,,,,,,326,,,,,,,,,,,,,,,113,,,,,,,,,,,,106,,,,,,,,,,,327,,,,,,,,,,,,,,,21,,,,,,,,,,,,,,,,,,,,,,,,,177,,,,,,,,,,,,181,,,115,,811,,134,,141,,,,1199,336,,,,,,,,,,,,,,,,,,,,,,,,,,,,,,718,,,,,,,,,,,,,,,,,,,,,,,,,,,,,,193,,,,,,,,,,,,,,,,,,,,,,,,,,,,,,,,,,,,,,,,,,,,,,,,,,,,,,,,,,453,97,,,,,,,,,,,,,,,,,,,,,,,,,,,,,,,,,,
2026-08-23T06:35:02+00:00,150,,,,,,,,,,,,,,,,,,,,483,,,,,,,,63,,,107,,157,,,,,134,,,99,,,,,,,,,374,45,,,2,,10,56,,,,,,,,6,,,,,,392,17,,,,371,203,376,177,,,,,,,,304,,290,,674,67,,,269,495,,,,,,,,,,181,,70,,,,248,288,,355,614,,,,,,,,,,,,,,,,,,,,,,,,,,,,,,,,,,,,,,,,,,,,,,,,,,,,,,,,,,,,,,407,1061,,137,223,,,,,,,,,287,16,,892,,,,,,,,,,,,,,,,,,,,,,,,,,,,,,,,,,,,,,,,,,,,,3,,137,,,,,,,,,146,,,,,,,,,,,,,,,,,,258,,,,,,376,71,,,,,,,,512,,,,,,,,,,,,,,,,,,,,,,,,97,107,,,,,,,,,,,328,,,331,,,,,,,,,,,,22,,,,,,,,,,,,224,,,122,,,,216,546,,,,,,,,,,,,,,,31,,,292,,,153,,,,52,140,321,461,,,,,98,,189,,,,,,,,,,,,,,,,,,,,,,654,,,,,,,,,,316,,,,94,,,,,,,,,,120,,,,,,303,,846,269,191,,121,,,,,,,,,,,,,,,,,,,,,,,,,,,,,,,,,,,,,,,,,,,,,,,,,,,,,,,,,98,346,,,,,,,,,,,,,,,,255,,,,,,,,,,,,,,,,,
2026-08-23T06:40:01+00:00,,,,,,,262,,,,,330,,,,,,,,,484,,446,,,,,,,1195,,,61,158,,,,,,,,100,,,,,,,,,,,,,3,54,,,,,,,,,,7,,,,,,390,,,128,220,370,,,,,235,,,,,159,303,,291,,,,,,,496,,380,,128,,,,,,182,,,,,,,285,,,615,,,,,100,,,,265,,,,384,,,,,,,,,,,,,,,,,214,,,,,,,257,,,280,,,,482,,155,,,,,,438,,,,,,,,,,,,,,,,,,,,,208,,288,16,,,,,,,,,,68,,,,,,,,,,,,,,106,,,,,,,,,,,,,,,273,,,,,,514,,2,,,,,,,,,,,,,,,,,,,,,,,,,,,,,257,,,,,,368,70,,,,,,,,,,,,,,,,,,,,,,,,,,,,,,,,,,,,,,,446,,,,,,,,,,,,,,,,,,,,20,,,,,,,,,,,,223,,,,,,67,,,413,,,,,,,,,,,,,,,272,,290,,112,,,,,,139,319,462,,1198,335,,,,188,,,,,,,,,,,,,,,,,,,,,,,,,,,,,,,,,,,,,,,,,,,,,,,,,,,,,,847,,190,,,,47,,377,,,,,119,223,,,,,,54,,,,,,,,,,,,,,,,,,,,,,,,,,,,,,,,,,,,,,,,,,,,,,,,,,132,,,64,,,,,,,,,,,,,,,,,,,,,,
2026-08-23T06:45:01+00:00,153,,,,,57,,,,,256,,,,,,,,,,,,447,,,,,,,,,,60,160,,,,,,,,,,,,,,,,,373,,102,,2,,8,,,,,,139,,231,,33,,,,,,16,,129,218,,,,,,,,,,,,,,,,,,,,,,,,,,,,,,,,,,,,,,,,,,,,,,,,,,,,,,,,,,,,,,,,,,,,,,,,,,,,,,,,,,,,,,,,,,,,,,,,,,,,,,,408,1052,,,222,,91,,269,562,244,207,,289,16,146,893,,,,,,,,,,,,,,,,,66,,,,,,,,,,,,,,,,,,,,0,,,,,,,,0,0,,,,,,,,,,,,,,,0,,,,,,,,,,,,,258,183,,,419,,369,69,,,,,668,,,511,,,,,,,1342,,,,357,,,,,,,,,,,,,95,,46,,,,,,,,,,,,,,,,,,,,,,,,,21,,,,,,,,,,,,221,,,,,153,,217,,,,,,175,,,,,,,,,,,273,178,,,110,,810,,,,138,,463,,1197,,,,,,,,,,,,,,,,,,,,,,,,,,,,,,,,,,,,,,,,,,,,,,,,,,,,,,,,,,,,,,,,,,,,,,,,,,,,,,,,,,,,,,,,,,,,,,,,,,,,,,,,,,,,,,,,,,,,,,,452,,,,,,,,,,,,,,,,195,430,,,,,,,,607,,,533,,,,,,,
2026-08-23T06:50:01+00:00,154,,,,,,263,,,,,329,,,,,,,,,,432,450,,,,,,,1197,,106,58,,,,,,,143,,101,,,,,,,,,,,101,,0,53,10,60,,,2,,140,,232,,,,,,,393,19,,,214,,,,,,,,,,,,,,,222,,,,,270,,,381,,,119,,,450,,183,,71,755,,,,292,,,610,,,,,,,,,,,,,383,,,,,,,,,,,,,,,,,215,,,,,,,,,,279,,,,481,,154,,,,,,,,,,,,,362,,,,,,,,,,,,,,208,,,16,,,,,,,,,,,,123,,,,,,,65,,,,,,,,,,,,,,,,,,,,268,,,,,,515,,1,107,,,,,,,,,,145,,,,,51,,,,,70,,,,,,,491,260,,,,,,367,67,,,,,,,,510,,,,,,,1340,,,,,,,,,,,,,,,,,94,,,28,,,,444,,,,,330,,,330,,,,,,,,,,,,,,,,,,,,,,,,216,,42,,,,,219,545,414,,37,363,173,,,,,,93,,,,,274,,,,108,152,,,,,137,,,68,1196,,,,,,,,,,,,,,,,,,,,,,,,,,,655,,,,717,,,,,,,,,,,,,,,,77,,,,,,,,,,,440,845,,188,707,122,,,,,,,,,,,,,,,,,,,,,,,,,,,,,,,,,,,,,,,,,,,,,,,,,,,,,,,,,97,,,,,,,,,,,,65,,,,429,257,,,,,,,,,,532,,,124,,,326,
2026-08-23T06:55:02+00:00,,,,,,56,,,,,,,,,,,,,,,,431,447,,,96,,,62,1202,,,,,,,,,136,,,,,,,,,,,,375,,,,,,,,,,,83,,,,8,,,,,,391,,,,212,367,202,,175,,,,,,,158,300,,289,225,675,66,,,271,,,,,,120,,320,449,,,,,,,,,293,,,612,,,,77,,,,,,,,,,,,,,,,,,,,,,,,,,,,,,,,,,,,,,,,,,,,,334,,,439,,,,,,,,,,,1033,582,136,,,,,,561,242,,,,16,,891,,,,,,,,,,,,,,,,,64,,,,,,,,,,,,,,,,,,,,,,,,,,,,0,,,,,,,,,,,,,,,,,,,,,,,,,,,,492,259,,,,,,365,63,,,,,,,,511,,,,418,,,,,,,,,,,,,,,,,,,,,106,47,27,,,,,,,,,328,,,331,,,,,,,,,,,,20,,,,,,,,,,,,215,,,121,116,,,,,412,,,,172,,,4,,,94,,,,,,,289,,107,,809,,133,,,,,,,,,99,,186,,,,,,,,,,,,,,,,,,,,,,653,,,,715,,,,,321,,,,,,,,,,,,,,,,,,390,,,302,441,,,,,,,48,,,,,,55,117,224,,388,,,,55,,,,,,,,,,,,,,,,,,,,,,,,,,,,,,,,,,,,,,,,453,,,,,565,,,,,133,,,,,,,,259,,,,,,,,,,,,,,,,,
2026-08-23T07:00:02+00:00,,,,,,,262,,,,,330,,,,,,,,,,430,449,,,95,,,,1205,,105,56,,,,,,135,,,103,,34,,,,,,,376,,98,,,,9,61,,,,84,,,,,29,,107,,,392,17,,130,210,,,,,,,,,,,,,,,,,,,,,,,,,,,,,,,,,,,,,,,,,,,,,,,,,,261,516,,,,,,,,,,,,,,,,,,,178,216,,,,,,,,,,278,,614,,480,,153,,626,,,,442,,,,,,,,,,,,,,,,,,,,,,,291,16,144,892,,,,,,,,,,,,,,,,,63,,,,,,,,,,,,,,,,,,,,263,,,,,,,,1,,,,,,,,,,,,,,,,49,,,,,69,,,,,,,,,182,,,,,,61,,,,,,,,,,,,,,,,,,,356,,114,,,,,,,,,,,93,,43,,,,,,,,,,327,,,,,,,,,,,,,,,19,,,,,,,,,,,,213,,,,,,,221,544,,,,,,,,,,,,,284,,,272,,284,,103,,805,31,132,,,320,461,,,,,,,185,,,,,,,,,,,,,,,,,,,,,,,,,,,,,,,,,,,,,,,,,,,,,,,,,,,,,,,268,,708,,,,,,,,,,,,,,,,,,,,,,,,,,,,,,,,,,,,,,,,,,,,,,,,,,,,,,490,,,,,345,,,,,,,,,,157,66,,,,430,,,,,,,,,,,,,,,,,,
2026-08-23T07:05:01+00:00,153,277,,,654,,,299,329,,,,,,,,,,,,,,447,,,96,,,,1208,,,55,162,,,,,,,,,,35,,,,,,,,,,,,51,,67,,,3,,220,,,7,26,,,,,390,20,,,211,368,,,178,,,,,,,157,299,391,,,676,,,,,497,,,,,,,321,448,,,,70,,,,249,291,,,615,,,,,,,,,,,,,,,,,,,,,,,,,,,,,,,,,,,,,,,,,,,,,,,,,333,,,,,,,,,,,,303,406,1006,579,,220,,,,,559,243,,,292,16,,893,,,,,,,,69,,124,,,,,,,59,,,,,,,,,,,51,,,,,,,,,262,,,,,,,,0,,,,,,,,,,,,,,,,,,,,,,,,,,,,,262,,,,,,,60,,,,,,,,,138,,,,,,,,,,,,112,,,,,,,,,,,89,,,,,,,443,,,,,328,,,330,,,,,,,,,,,,18,,,,,,,,,,,,214,,41,,,,,,545,408,,,,173,,,,,,92,,283,,,,177,,,97,,804,,133,51,,,,,,,,,,,,,,,,,,,,,,,,,,,,,,,,651,77,,,,,277,,,322,319,,,,96,,,,,,75,,,,121,,,389,,,,,844,269,186,706,123,251,,,,,,,,,,,,,,,,,,,,,,,,,,,,,,,,,,,,,,,,,,,,,,,,,,,,,,,,,,,,564,,,,,,,,,,,194,,260,,,,,,,606,,,,,,123,,,,
2026-08-23T07:10:02+00:00,,280,,,,55,260,298,330,,,,,,,,,,,,,,448,,,,,,63,1207,,,51,163,,,,,136,,,,,,,,,,,,,,,,,,,68,,,,,,,,,24,,,,,389,,,131,214,,,,,,,,,,,,,,,,,,,,,,,,,,,,,,,,,,,,,,,,,,,,,,,,967,,258,517,,,382,,,,,,298,,,,,535,,,,,,217,,,,,,,,,,273,,613,,479,,,,,,,559,443,,,,,367,629,,,,,,,,,,,,,,,206,,,16,,,,,,,,,,,,125,,,,,,,,,,,,,,,,,,,,,,,,,,,258,,,,,,,,,,,,,,,,,,,144,,,,,46,,,,,,,,,,,,,,181,,,,,364,64,,,,,,327,,512,,,,419,,,,,,,,,,,,,,,,,,,,,,42,,,,,442,,,,,330,,,331,,,,,,,,,,,,,,,,,,,,,,,,213,,,120,,,,222,544,,,,362,174,,237,,,,,,,,,273,176,281,199,96,,,27,134,,,319,464,,,333,,,,182,,,,,,,,,,,,,,,,,,,,,,,,,,,,,,,,,,,,,,,,,,,,,,122,,,,,,,,,268,,703,122,,50,,378,144,127,,54,126,,,384,,,331,51,369,,,,,,,,,,,,,,,,,,,,,,,,,,,,,,,,,,,,,,,456,96,344,,,,,246,,,,,,,,,,432,262,,,,,,,,,,,,245,,,,,
2026-08-23T07:15:01+00:00,154,282,,151,653,56,,,,,255,329,,,,,,,,,,,449,,,94,,,64,1212,,,,,,,,,135,,,,,,,,,,,,375,,,,,,,66,,,,86,223,,231,5,22,,,,,,,,132,215,364,,,173,,233,,,,273,,,392,,,,64,262,,272,,,,,,,250,322,447,,184,,,754,,,,292,,354,613,,,,,,,,,,,,,,,,,,,,,,,,,,,,,,,,,,,,,256,,,,,614,,,,,,,332,,558,444,,,,,,630,,,,405,1005,578,134,217,,89,,268,556,242,203,,293,16,142,,,,,,,,,,,126,,,,,,,57,,,,,107,,,,,,50,,,,,,,,,260,,,,,,,,,,,,,,,,,,,143,,,,,45,,,,,,,,,,,,490,263,179,,,,,361,63,,,,,,328,,,,,,421,,,1339,,,,,,,,,,,,,,,,,90,,,26,,,,,,,,,329,,,329,,,,,,,,,,,,,,,,,,,,,,,,208,,40,,,,,,545,,,36,360,,,236,,,,,,282,,,274,,280,,94,,805,26,133,,138,,463,,,335,,,,181,,,,,,,,,,,,,,,,,,,,,,650,,191,,712,,,,,,320,,,,,,,,,,,,,,123,,,,260,,,,845,266,,700,,250,,,,,,,,,,,,,,,,,,,,,,,,,,,,,,,,,,,,,,,,,,,,,,,,,,,,,,,,,,,,,,,,,,,,,,,,,263,,,,,,,,,,,,,124,,,,
2026-08-23T07:20:01+00:00,,281,,150,,,259,299,327,,253,,,,,,,,,,483,429,450,,,,,,66,1218,,106,,164,,,,,134,,,104,,,,,,,,,377,44,,,,,,70,,,,88,226,,,,20,,,,,,22,,,,,,,,,,,,,,,,,,,,,,,,,,,,,,,,,,,,,,,,,,,,,,,,,,,,,256,516,,,380,,,,,,297,,,,,,,,,,,218,,,,,,,,,,,,,,,,,,,,,,,,,,,,629,,,,,,,,,,,,,,,,,291,17,140,,,,,,,,,71,,,,,,,,,,,,,,,,,,,,,,,,,,,,,255,,,,,,516,,,,,,,,,,,,,,,,,,44,,,,,,,,,,,214,491,,,,,,,,64,,297,,,,,,511,,,,423,,,,,,,,,111,,,,,,,,,,,91,,41,25,,,,441,,,,,330,,,332,,,,,,,,,,,,19,,,,,,,,,,,,210,,,121,,,,225,544,409,,,,179,,,,,,,,,,,275,,273,,93,,,,,,,,460,,,338,,,,179,,,,,,,,,,,,,,,,,,,,,,652,,,,,,,,,,322,,,,95,,,,,,76,,,310,,,,,,,,,843,,183,699,123,248,,,,,,,,,,,,,,,,,,,,,,,,,,,,,,,,,,,,,,,,,,,,,,,,,,,,491,,173,,,346,,,,,247,,,,,158,,,,193,434,265,,,,,,,,,,,,,,,,,
2026-08-23T07:25:02+00:00,,,,,652,55,257,300,,,,328,,,,,,,,,484,,,,,95,,,67,1227,,,49,166,,,,,133,144,,107,,,,,,,,,380,,,,,50,,71,,,,86,227,,,6,17,,108,,,388,,,134,217,361,203,,195,214,231,,,,,155,298,393,,228,,,,,274,,218,378,202,,,,323,,,185,,,755,,,247,293,,353,609,,,,78,,,,,,,,,,,,,,,,,,,,,,,,,,,,,,,,,,,,,,,,477,,,,627,331,,,,,,,,,630,,,,406,998,575,,,,,,267,554,241,201,,292,17,,892,,,,,,,,,,,,,,,,,,,,,,,,,,,,49,,,,,,,,,254,,,,,,518,,,,,,,,,,,,,138,,,,,45,,,,,,,,,,,,488,267,178,,,,,357,62,,298,,,669,329,,509,,,,424,,,,,,,,,110,,,,,,,,,,,90,107,,,,,,,,,,,,,,331,,,,,,,,,,,,,,,,,,,,,,,,,,,,,,,226,543,408,,,361,,,,,,,91,,281,,,,,269,,91,,,25,132,,137,318,461,,1195,336,,98,,178,,,,,,,,,,,,,,,,,,,,,,650,,188,,704,,,,,,,,,,,,,,,,75,,,,,,,387,261,,,,,,,696,,245,52,160,,,,,53,123,223,334,382,,,324,,370,,252,,,,,,,,,,,,,,,,,,,,,,,,,,,,,,,,,,,,174,457,95,,281,,,,,335,,,,157,68,,,,436,,,,,,,,,,,529,,246,125,,,327,
2026-08-23T07:30:01+00:00,,,,,650,,,,325,,,,,,,,,,,,,,447,,,96,,,66,1241,29,107,50,170,,,,,130,145,,108,,,,,,,,,379,,97,,1,51,,73,,,5,87,228,,,7,14,,,,,387,,,,,,,,,,,,,,,,,,,,,,,,,,,,,,,,,,,,,,,,,,,,,,,,,,,,,,249,514,,,377,,,,,,294,,,,,,,,,,179,219,,,,,,,,,,274,,612,,,,,,,,,,,,,,,,,,,,,,,,,,,,,,,,,297,17,136,889,,,,,,,,70,,,,,,,,,,,,62,,105,,,,,,,,,,,,,,,,,,,,,519,,,,,,,,,,,,,137,,,,,,,,,,,,,,,,,,,,,,,,356,61,,299,,,,,398,,,,,,,,1337,,,,355,,,,,,,,,,,,,89,105,42,,,,,,,,,,326,,,332,,,,,,,,,,,,,,,,,,,,,,,,212,,,120,117,,,,,,,,,,,,,,,,,279,,,,,266,,88,151,,24,,,136,,,67,1194,338,,99,,179,,,,,,,,,,,,,,,,,,,,,,,,,,,,,,,,,,,,,,,,,,,,,,,,,,,,,,,,,,,,,,,,,,,,,,,,,,,,,,,,,,,,,,,,,,,,,,,,,,,,,,,,,,,,,,,,,,458,,347,,,,,,,,135,,,,75,,,,266,,,,,,,,,,528,,247,126,,,,
2026-08-23T07:30:02+00:00,,,,,,,,,,,,,,,,,,,,,,,,,,,,,,,,,,,,,,,,,,,,,,,,,,,,,,,,,,,,,,,,,,,,,,,,,,,,,,,,,,,,,,,,,,,,,,,,,,,,,,,,,,,,,,,,,,,,,,,,,,,,,,,,,,,,,,,,,,,,,,,,,,,,,,,,,,,,,,,,,,,,,,,,,,,,,,,,,,,,,,,,,,,,,,,,,,,,,,,,,,,,,,,,,,,,,,,,,,,,,,,,,,,,,,,,,,,,,,,,,,,,,,,,,,,,,,,,,,,,,,,,,,,,,,,,,,,,,,,,,,,,,,,,,,,,,,,,,,,,,,,,,,,,,,,,,,,,,,,,,,,,,,,,,,,,,,,,,,,,,,,,,,,,,,,,,,,,,,,,,,,,,,,,,,,,,,,,,,,,,,,,,,,,,,,,,,,,,,,,,,,,,,,,,,,,,,,,,,,,,,,,,,,,,,,,,,,,,,,,,,,440,839,265,179,693,,,,,,,,,,,,,,,,,,,,,,,,,,,,,,,,,,,,,,,,,,,,,,,,,,,,,,,,,,,,,,,,,,,,,,,,,,,,,,,,,,,,,,,,,,,,
2026-08-23T07:35:01+00:00,,284,,,648,56,253,299,324,,252,,,,,,,,,,,,,,,,,,65,1246,,105,48,171,,,,,,144,,109,,34,,,,,,,,,,,0,52,8,77,,,4,88,229,,,9,10,,,,,384,24,,,216,,,,,,,,,,,,,,,,,,,,,,,,,,,,,,,,,,,,,,,,,,,,,,,,,,,,,,,,,,,,,,,,,,,,,,,,,,,,,,,,,,,,,,,,,,,,,,,,,,,,,,,,,,,,,,,,,,,,,,,,,,,,,,,,,,,,,,,,,,,,,,,,,,,,,,,,,,,,,,,,,,,,,,,,,,,,,,,,,,,,,,,,,,,,,,,,,,,,,,,,,,300,,,,,,510,,,,,94,,,,,,,,,,,,,,,,,,,,,,,,,,,,,,,,,,,,,,,,,,,,,,,,,,,,,,,,,,,,,,,,,,,,,,,,,,,,,,,,,,,,,,,,,,,,,,,,,,,,,,,,,,,,,,,,,,,,,,,,,,,647,,187,,703,,,,,,,,,,96,,,,,,74,,,,124,,,386,260,,,,,,,,,,,,,,,,,,,,,,,,,,,,,,,,,,,,,,,,,,,,,,,,,,,,,,,,,,,,,,,,,,,,,,,,,,,,,,,,,,,,,,,,,,,,,,,,,,,
2026-08-23T07:35:02+00:00,,,,,,,,,,,,,,,,,,,,,,,,,,,,,,,,,,,,,,,,,,,,,,,,,,,,,,,,,,,,,,,,,,,,,,,,,,,,,,202,,197,,230,,,,,156,294,,,,677,65,,,,495,,,204,,,,,446,,186,796,67,753,,,,292,,,605,,,,,,,,,,,,,,,,,,,,,,,,,,,,,,,,,,,,,,,,,,,,,,,,,,,559,443,,,,,,631,,,,411,977,,133,216,254,,,266,553,,200,,298,17,134,890,,,,,,,,,,124,,,,,,,56,,,,,,,,,,,48,,,,,,,,,249,,,,,,,,,108,,,,,,,,,,135,,,,,42,,,,,,,,,,,,,,,,,,,350,,,,,,,,,,,,,,,,,,,,357,,,,,,,,,,,,,91,,41,24,,,,,,,,,,,,331,,,,,,,,,,,,,,,,,,,,,,,,211,,,,114,,,,,,,,362,178,39,,,,,,188,276,,,274,175,261,,86,,,18,,,134,317,460,66,1193,,,,,177,,,,,,,,,,,,,,,,,,,,,,,,,,,,,,,,,,,,,,,,,,,,,,,,,,,,,439,833,266,177,692,,238,,,,,,,,,,,,,,,,,,,,,,,,,,,,,,,,,,,,,,,,,,,,,,,,,,,,,,,,96,,,,,,,,,,,159,69,,,,,265,,,,,,,605,,,,,,,,,,
2026-08-23T07:40:01+00:00,,285,,,,57,248,,323,,250,329,,,,,,,,,485,428,444,,,,,,,,30,107,47,172,,,,,127,145,,111,,,,,,,,,,,,,,,9,79,,,,85,,,232,,8,,109,,,378,23,,135,214,,,,,,,,,,,,,,,,,,,,,,,,,,,,,,,,,,,,,,,,,,,,,,,,,,251,513,,116,371,,,,,,291,,,,,,,,,,,220,,,,,,,254,,,272,,611,,469,,152,,624,,,,444,,,,,365,633,,,,,,,,,,,,,,,199,,297,16,,,,,,,,,,73,,125,,,,,,,55,,,63,,106,,,,,,,,,,,,,,,248,,,,,,520,,,,,,,,,,,,,133,,,,,,,,,,68,,,,,,,,266,,,,,,345,59,,,,,,328,,511,,,,,,,,,,,,,112,,,,,,,,,,,,106,40,,,,,440,,,,,322,,,332,,,,,,,,,,,,,,,,,,,,,,,,,,,,,,,,,407,,,,180,,,,,,,,275,,,,,259,,87,,,17,134,50,,,,,,,,,,,,,,,,,,,,,,,,,,,,,,,,646,,,,701,,,267,,,,,,,,,,,,,,,,,125,,,384,,,,,832,265,175,688,124,234,,,,,,,,,,,,,,,,,,,,,,,,,,,,,,,,,,,,,,,,,,,,,,,,,,,,,,,,98,,,,,,,,,136,,,70,,,,,,,,,,,,,,,526,,,,,,,
2026-08-23T07:45:01+00:00,155,,,,646,,240,301,322,,249,327,,,,,,,,,487,427,443,,,,,,63,1248,,,,,,,,,,144,,113,,,,,,,,,377,43,98,,3,53,,82,,,,81,232,,233,10,5,,,,,375,,,136,213,357,201,,195,,228,,,,271,,295,394,,229,,66,263,,275,,,,203,,,249,324,447,,188,,,,,115,245,288,210,352,604,,,,,,,,,,,,,,,,,,,,,,,,,,,,,,,,,,,,,,,,,,,,,,,,,,,,446,,,,,364,,,,,412,966,,,214,253,,,,,240,196,,295,16,132,888,,,,,,,,74,,126,,,,,,,54,,,60,,105,,,,,,47,,,,,,,,,246,,,,,,,,,,,,,,,,,,,,,,,,40,,,,,,,,,,,,484,,179,,253,420,,342,54,,,,,,,399,,,,,425,,,,,,,356,,113,,,,,,,,,,,,105,38,23,,,,438,,,,,317,,,,,,,,,,,,,,,,,,,,,,,,,,,212,,,118,,,,227,,,,,361,178,,,,,,,,274,,,,176,256,,85,,,13,133,48,128,318,453,,,335,,100,,173,,,,,,,,,,,,,,,,,,,,,,645,,,,697,,279,,,321,323,,,,,,,,,,,,,,127,,,385,259,,,,831,,174,684,,,51,159,,,124,,,121,222,332,,,,319,48,371,,,311,,,,,,,,,,,,,,,,,,,,,,,,,,,,,,,,,,,,457,,,,,,,,336,,137,,160,,,,,,266,,,,,,,,,,525,,,125,,,,
2026-08-23T07:50:01+00:00,,,,,643,56,235,300,323,,,324,,,,,,,,,488,426,,,,97,,,,1255,,106,45,173,,,,,125,141,,116,,,,,,,,,379,,96,,,52,,86,,,3,78,233,,,,,,110,,,,24,,138,216,356,,375,194,,227,,,,,,,,,,,,,,,,,,,,,,,,,,,,,,,,,,,,,,,,,,,,240,,,,370,,,,,,287,,,,,533,,,,,,,,,,,,,255,,,268,,610,,461,,,,,,,,444,,,,,,632,,,,,,,,,,,,,,,193,,298,16,131,887,,,,,,,,77,,127,,,,,,,51,,,,,104,,,,,,44,,,,,,,,,238,,,,,,521,,,109,138,,,,,,,,,131,,,,,,,,,,69,,,,,,,,,,,,,,340,50,,299,,,,327,,508,,,,428,,,,,,,355,,,,,,,,,,,,,,107,,,,,,440,,,,,316,,,328,,,,,,,,,,,,,,,,,,,,,,,,215,,,117,112,,,229,542,408,,,360,,,,,,,92,,,,,,,251,,84,152,,9,132,47,125,,456,65,,332,,,,172,,,,,,,,,,,,,,,,,,,,,,,,186,,693,,278,266,,,,,,,95,,,,,,,,,,128,,,384,258,,301,438,,264,,678,125,230,,,,,,,,,,,,,,,,,,,,,,,,,,,,,,,,,,,,,,,,,,,,,,,,,,,,,,,458,,348,,,563,,,,,,,,,77,,,435,,,,,,,,603,,,524,,,126,,,,
2026-08-23T07:55:01+00:00,154,286,,,638,,226,299,322,,,321,,,,,,,,,,,444,,,,,,64,1260,29,107,,176,,,,,124,,,120,,33,,,,,,,378,41,,,2,51,,88,,,4,80,235,,231,11,0,,,,,373,25,,,217,,,,,,,,,,269,152,293,393,288,231,678,65,265,,,492,217,377,197,,,250,325,446,,189,,68,752,,114,,286,209,,597,,,,,,,,,,,,,,,,,,,,,,,,,,,,,,,,,,,,,,,,,,,,,,,,,,,560,446,,,,,,,,,304,414,951,564,130,209,252,,,265,,239,192,,297,16,128,884,,,,,,,,,,125,,,,,,,50,,,,,,,,,,,41,,,,,,,,,233,,,,,,,,,,,,,,,,,,,130,,,,,,,,,,,,,,,,,,264,178,248,251,421,,334,38,,300,333,,,326,401,506,,,,430,93,,1336,,,,352,,114,,,,,,,,,,,89,106,,,,,,439,,,,,308,,,,,,,,,,,,,,,21,,,,,,,,,,,,212,,,116,,,,230,543,404,,,362,181,,235,,,,,,272,,,,174,,,83,,,7,133,46,,,450,,,331,,,,171,,,,,,,,,,,,,,,,,,,,,,643,,185,,688,,,,,,324,,,,94,,,,,,73,,,,,,,383,,,,,,,,,,,,,,,,,,,,,,,,,,,,,,,,,,,,,,,,,,,,,,,,,,,,,,,,,,,,,,,,,,99,347,,,561,,,,,,,,,,,,,,,,,,,,602,,,522,,,128,,,326,
2026-08-23T07:55:02+00:00,,,,,,,,,,,,,,,,,,,,,,,,,,,,,,,,,,,,,,,,,,,,,,,,,,,,,,,,,,,,,,,,,,,,,,,,,,,,,,,,,,,,,,,,,,,,,,,,,,,,,,,,,,,,,,,,,,,,,,,,,,,,,,,,,,,,,,,,,,,,,,,,,,,,,,,,,,,,,,,,,,,,,,,,,,,,,,,,,,,,,,,,,,,,,,,,,,,,,,,,,,,,,,,,,,,,,,,,,,,,,,,,,,,,,,,,,,,,,,,,,,,,,,,,,,,,,,,,,,,,,,,,,,,,,,,,,,,,,,,,,,,,,,,,,,,,,,,,,,,,,,,,,,,,,,,,,,,,,,,,,,,,,,,,,,,,,,,,,,,,,,,,,,,,,,,,,,,,,,,,,,,,,,,,,,,,,,,,,,,,,,,,,,,,,,,,,,,,,,,,,,,,,,,,,,,,,,,,,,,,,,,,,,,,,,,,,,,,,,,,,,,437,830,260,172,667,,229,,,,,,,,,,,,,,,,,,,,,,,,,,,,,,,,,,,,,,,,,,,,,,,,,,,,,,,,,,,,,,,,,,,,,,,,,,,,,,,,,,,,,,,,,,
2026-08-23T08:00:02+00:00,,289,,,,,220,297,,,,,,,,,,,,,489,,443,,,96,,,,1262,30,108,44,,,,,,123,,,124,,34,,,,,,,379,42,,,,50,,,,,,75,234,,232,14,1,,,,,,26,,,218,352,200,374,191,213,220,,,,268,148,290,394,289,,,,267,,,491,215,376,196,,,249,326,445,,,,,,281,,,287,,351,595,,,,,,,,,,,,,,,,,,,284,,,,,532,,,,,,223,,,,,,,250,,,262,,611,,450,,149,,628,330,,,,,,,,,633,,,,,,,,,,,,,,,188,,298,17,,879,,,,,,,,78,,126,,,,,,,51,,,,,105,,,,,,40,,,,,,,,,230,,,,,,522,,,108,,,,,,,,,,129,,,,,39,,,,,,,,,,,,483,263,,,250,,,331,36,,299,331,,,,,504,,,234,428,,,,,,,347,,,,,,,,,,,,,84,103,37,22,,,,,,,,,305,,,325,,,,,,,,,,,,,,,,,,,,,,,,,,,114,,,,,,403,,,,,,,,,18,94,,270,,,,,250,198,84,,804,3,134,45,122,319,444,,,,,,,169,,,,,,,,,,,,,,,,,,,,,,,,,,684,,,,,,325,,,,,,,,,,72,,,,129,,,381,257,,300,433,831,259,169,665,,227,,158,380,,115,,51,126,213,335,373,,,315,47,372,,254,301,,,,,,,,,,,,,,,,,,,,,,,,,,,,,,,,,,,,,,346,,,559,,,,,139,,,71,78,,192,438,,,,,,,,,,,517,,248,129,,,327,
2026-08-23T08:05:01+00:00,156,,,,637,55,219,,318,,248,320,,,,,,,,,,,444,,,89,,,,1267,,111,40,178,,,,,125,140,,129,,35,,,,,,,384,,,,1,49,,84,,,3,70,236,,233,12,0,,111,,,,,,,,,,,,,,,,,,,,,,,,,,,,,,,,,,,,,,,,,,,,,,,,,,,,,,,,,,,,,,,,,,,,,,,,,,,,,,,,,,,,,,,,,,,,,,,,,,,559,447,,,,,,,,,,420,944,562,,207,,87,,263,550,,187,,302,17,126,877,,,,,,,,,,,,,,,,,,,,,,,,,,,,,,,,,,,,,224,,,,,,,,,,,,,,,,,,,130,,,,,,,,,,,,,,,,,,262,,,,,,317,30,,298,332,,,325,,503,,,,426,,,,,,,345,,,,,,,,,,,,,83,,,23,,,,437,,,,,302,,,322,,,,,,,,,,,,24,,,,,,,,,,,,,,,,,,,,,,,,,,,,,,,,,,,,,,,,,,,,,,,,,,,,,,,,,,,,,,,,,,,,,,,,,,,,,636,76,180,,669,,277,,,,328,,,,,,,,,,69,,,,132,,,383,253,,299,,,,,,,,,,,,,,,,,,,,,,,,,,,,,,,,,,,,,,,,,,,,,,,,,,,,,,,,,,,,,175,,100,,,,,,,,,140,,,72,79,,,439,268,,,,,,,601,,,516,,,128,,,328,
2026-08-23T08:05:02+00:00,,,,,,,,,,,,,,,,,,,,,,,,,,,,,,,,,,,,,,,,,,,,,,,,,,,,,,,,,,,,,,,,,,,,,,,,,,,,,,,,,,,,,,,,,,,,,,,,,,,,,,,,,,,,,,,,,,,,,,,,,,,,,,,,,,,,,,,,,,,,,,,,,,,,,,,,,,,,,,,,,,,,,,,,,,,,,,,,,,,,,,,,,,,,,,,,,,,,,,,,,,,,,,,,,,,,53,,,,,103,,,,,,39,,,,,,,,,,,,,,,,,,,,,,,,,,,,,,,,,,,,,,,,,,,,,,,,,,,,,,,,,,,,,,,,,,,,,,,,,,,,,,,,,,,,,,,,,,,,,,,,,,,,,,,,,,,,,,,,,,,,,,,,,,,,,141,,113,110,,,232,544,393,,37,,180,38,238,,,,,,266,,,,172,242,,77,151,,0,133,,121,318,440,,1194,328,,101,,167,,,,,,,,,,,,,,,,,,,,,,,,,,,,,,,,,,,,,,,,,,,,,,,,,,,,,,828,,167,661,127,226,,,,,,,,,,,,,,,,,,,,,,,,,,,,,,,,,,,,,,,,,,,,,,,,,,,,,,,,,,,,,,,,,,,,,,,,,,,,,,,,,,,,,,,,,,
2026-08-23T08:10:01+00:00,157,291,,,636,54,218,,317,,249,319,,,348,,,,,,,425,445,,,88,,,63,1270,29,108,39,181,,,,,,,,132,,,,,,,,,386,40,,,0,,,94,,,,69,238,,,14,,,,,,371,28,,140,220,347,199,373,,,214,,,,,144,289,,288,232,676,64,,,276,492,,,191,127,,248,325,444,,190,,65,749,,113,243,284,208,348,593,,,,79,100,,963,210,232,511,,114,353,,,,,,277,,,,,533,,,,,,225,,,,,,,252,,,261,,614,,435,,148,,629,,,560,,,,,,,,,,,,,,,,,,,,,,184,,,17,,875,,,,,,,,,,128,,,,,,,52,,,,,104,,,,,,38,,,,,,,,,216,,,,,,523,,,,,,,,,,,,,128,,,,,,,,,,,,,,,,,484,261,,,249,,,310,31,,299,330,,670,,,504,,,,427,,,1335,,,,342,,,,,,,,,,,,,79,,36,,,,,,,,,,299,,,,,,,,,,,,,,,,,,,,,,,,,,,211,,,,,,,233,,391,,,,182,,,,,,,,,,,,,240,,76,150,,,134,,120,317,441,64,1193,326,,102,,171,,,,,,,,,,,,,,,,,,,,,,,,,,,,,,,,,,,,,,,,,,,,,,,,,,,,,,823,261,164,656,,223,,,,,,,,,,,,,,,,,,,,,,,,,,,,,,,,,,,,,,,,,,,,,,,,,,,,,,,460,99,345,,100,,,248,,,141,,,74,,,,440,269,,,,,,,597,,,513,,,,,,329,
2026-08-23T08:15:02+00:00,155,,,,634,57,216,,315,,,316,,,,,,,,,490,,446,,,,,,62,1275,,105,34,,,,,,124,139,,134,,,,,,,,,,,97,,4,48,,97,,177,4,63,242,,,13,,,112,,,374,27,,141,,,,,,,,,,,,,,,,,,,,,,,,,,,,,,,,,,,,,,,,,,,,,,,,,,,,,,,,,,,,,,,,,,,,,,,,,,,,,,,,,,,,,,,,,,,,,561,448,,,,,,,,,,,939,558,131,,251,,,,,241,181,,301,17,124,873,,,,,,,,80,,127,,,,,,,55,,,,,103,,,,,,36,,,,,,,,,214,,,,,,,,,,137,,,,,,,,,125,,,,,38,,,,,,,,,,,,,262,,,247,,,304,30,,298,331,,,,,505,,,,426,94,,1334,,,,,,115,,,,,,,,,,,,,,,,,,436,,,,,292,,,321,,,,,,,,,,,,25,,,,,,,,,,,,209,,,112,,,,232,,390,,,364,183,,237,,,19,95,,263,,,,170,234,199,75,149,803,,133,,119,318,443,,1194,,,,,172,,,,,,,,,,,,,,,,,,,,,,635,,178,,657,,,,,,329,,,,,,,,,,,,,309,133,,,382,252,,,432,820,259,165,,126,222,47,155,,142,,,,125,202,337,372,241,,305,,371,,253,294,,,,,,,,,,,,,,,,,,,,,,,,,,,,,,,,,491,146,,,,344,,,560,,247,,,,,,,,,,439,268,,,,,,,,,,511,,,129,,,330,
2026-08-23T08:20:02+00:00,154,293,,151,632,,214,296,,,247,315,,,,,,,,,492,421,447,,,87,,,61,1281,,104,30,185,,,,,121,,,,,,,,,,,,384,41,,,5,47,,95,,,,,243,,,10,,,,,,,28,,144,222,346,194,,190,,210,,,,,135,288,,,231,677,61,269,,,,213,375,186,,,246,328,443,,,,63,746,,,241,271,207,344,589,,,448,78,99,,,,225,509,,,343,,,,,,274,,,,,534,,,,,,,,,,,,,249,,,255,,617,,424,,145,,,329,,,446,,,,,,631,,,,,,,,,,,,,,,178,,,17,121,869,,,,,,,,79,,128,,,,,,,54,,,,,104,,,,,,33,,,,,,,,,208,,,,,,,,,109,,,,,,,,,,124,,,,,37,,,,,,,,,,,,485,261,,,,420,,292,26,,,330,,,,402,,137,,235,425,,,1335,,,,,,113,,,,,,,,,,,82,102,32,,,,,437,,,,,289,,,319,,,,,,,,,,,,27,,,,,,,,,,,,212,,,111,,,,235,542,391,,,,184,,,,,,96,,,,,,169,226,,,148,,,131,,118,317,445,,1195,322,,,,173,,,,,,,,,,,,,,,,,,,,,,,77,176,,637,,,267,,323,333,,,,96,,,,,,,,,308,,,,380,251,,,431,819,260,163,653,127,221,,,,,,,,,,,,,,,,,,,,,,,,,,,,,,,,,,,,,,,,,,,,,,,,,,,,,145,,458,98,343,,,561,,,,,144,,,76,,,191,,,,,,,,,596,,,508,,,131,,,,
2026-08-23T08:25:01+00:00,151,,,,631,56,216,292,,,245,317,,,347,,,,,,493,420,449,,,85,,,58,1284,,,,190,,,,,120,,,139,,,,,,,,,381,,,,6,46,,105,,,3,57,242,,,12,,,,,,371,,,,220,,,,,,,,,,,,,,,,,,,,,,,,,,,,,,,,,,,,,,,,,,,,,,,,,,,,,,,,,,,,,,,,,,,,,,,,,,,,,,,,,,,,,,,,,,,,,447,,,,,,632,,,305,423,940,553,,205,252,88,,262,549,242,,,302,17,118,867,,,,,,,,78,,130,,,,,,,56,,,59,,,,,,,,32,,,,,,,,,203,,,,,,,,,110,136,,,,,,,,,123,,,,,34,,,,,,,,,,,,484,260,175,249,245,,,280,24,,297,,,,,403,504,,,,424,,,,,,,343,,114,,,,,,,,,,,83,,29,,,,,438,,,,,288,,,317,,,,,,,,,,,,25,,,,,,,,,,,,213,,39,110,,,,,,390,,,,,,238,,,,97,,262,,,273,,225,,74,,802,,,,117,316,449,63,,315,,103,,169,,,,,,,,,,,,,,,,,,,,,,636,,174,,,,,,,,,,,,,,,,,,68,,,,134,,,,248,,,428,820,253,161,651,130,215,,,,,,,,,,,,,,,,,,,,,,,,,,,,,,,,,,,,,,,,,,,,,,,,,,,,,,,459,,,,,,,246,,,,,161,77,81,,,441,,,,,,,,,,,507,,,,,,329,
2026-08-23T08:30:02+00:00,152,294,,,630,55,215,291,,,243,316,,,,,,,,,,421,453,,,82,,,57,1289,,,,192,,,,,118,138,,143,,,,,,,,,378,,,,,,8,108,,,,49,247,,,,,,,,,367,27,,149,,337,192,,193,206,203,,,,267,129,,,287,,,57,,,279,490,,376,182,,,244,329,446,,,,62,748,,,238,265,206,342,587,,,,,,,959,,220,506,,115,347,,,,,,264,,,,,,,,,,180,230,,,,,,,251,,,251,,618,,422,,,,,,,,448,,,,,,631,,,,,,,,,,,,,,,177,,,17,114,865,,,,,,,,,,127,,,,,,,,,,58,,102,,,,,,30,,,,,,,,,204,,,,,,,,,112,135,,,,,,,,,121,,,,,35,,,,,68,,,,,,,482,259,171,,,419,,274,25,,299,,,,,,506,138,,,422,95,,1334,,,,,,113,,,,,,,,,,,81,,,20,,,,439,,,,,290,,,315,,,,,,,,,,,,24,,,,,,,,,,,,205,,37,,,,,236,541,391,,,365,187,,237,,,,,,260,,,,170,226,,78,144,,,129,,116,317,445,,1194,317,,102,,171,,,,,,,,,,,,,,,,,,,,,,635,,172,,629,,,,,,334,,,,95,,,,,,67,,,,135,,,,249,,298,424,821,252,162,649,131,216,46,156,384,141,,,50,129,184,339,374,237,,297,49,372,,252,284,,,,,,,,,,,,,,,,,,,,,,,,,,,,,,,,,,,,,95,342,282,99,,,,,,147,,164,76,,,,442,269,,,,,,,597,,,508,,249,130,,,328,
2026-08-23T08:35:01+00:00,,,,,629,54,212,289,311,,241,,,,,,,,,,496,,452,,,81,,,56,1291,,,28,189,,,,,117,137,,146,,,,,,,,,376,40,,,5,,,114,,178,,47,248,83,,14,,,113,,,364,24,,,221,334,191,372,195,204,201,,,,265,125,286,393,288,233,676,56,271,,,489,,,177,,,245,,448,,189,795,56,746,,,,263,,340,,,,,,100,,,,218,,,114,338,,,,,,,,,,,,,,,,,,,,,,,,,,,,,,,,,,,,,,562,449,,,,,,,,,,426,932,,130,,251,,268,259,,241,,,303,17,112,863,,,,,,,,,,125,,,,,,,55,,,,,104,,,,,,,,,,,,,,,200,,,,,,,,,113,,,,,,,,,,119,,,,,34,,,,,,,,,,,,483,,170,,244,,,261,,,,,,,,401,,,,,,,,1333,,,,340,,,,,,,,,,,,,79,101,30,19,,,,440,,,,,,,,311,,,,,,,,,,,,25,,,,,,,,,,,,191,,,109,109,,,237,,390,,,366,188,39,,,,,,186,,,,,167,222,,77,,,,128,,114,316,436,,1192,313,,,202,169,,,,,,,,,,,,,,,,,,,,,,633,76,170,,612,,278,,,,335,,,,,,,,,,,,,,136,,,379,248,,,422,823,,160,647,,220,,,,,,,,,,,,,,,,,,,,,,,,,,,,,,,,,,,,,,,,,,,,,,,,,,,,490,146,,457,97,,,,,,245,,,,,,,,,,443,272,,,,,,,595,,,507,,250,126,,,324,
2026-08-23T08:40:01+00:00,,297,,,,52,,287,,,240,315,,,346,,,,,,497,,448,,,,,,55,1292,,,20,193,,,,,,136,,148,,,,,,,,,375,,,,3,47,,116,,,2,45,251,,231,15,,,,,,366,26,,150,219,,,,,,,,,,,,,,,,,,,,,,,,,,,,,,,,,,,,,,,,,,,,,,,,,,,,,,,,,,,,262,,,,,533,,,,,,234,,,,,,,246,,,250,,,,418,,147,,628,,,,,,,,,361,,,,,,,,,,,,,,,,,,,,,,,,,,,,,,,,,,,,,,,,,,,,,,,,,,,,,,,,,,193,,,,,,,,,,,,,,,,,,,114,,,,,,,,,,,,,,,,,,,,,,,,,,,301,331,,,326,,508,,,,,,,1329,,,,,,,,,,,,,,,,,,,,,,,,,,,,,,,,,,,,,,,,,,,,,,,,,,,,,,,,,,,,,,,,,,,,,,,,,,,,,,,,,,,,,,,,,,,,,,,,,,,,,,,,,,,,,,,,,,,,,,,,,632,,171,,600,,279,266,,322,339,,,,98,,,,,,70,,,,138,,,,247,,299,,,,,,,,,,,,,,,,,,,,,,,,,,,,,,,,,,,,,,,,,,,,,,,,,,,,,,,,,,,491,,,455,96,344,,,560,,246,,,151,,,77,,,,444,,,,,,,,,,,503,,,,,,,
2026-08-23T08:40:02+00:00,,,,,,,,,,,,,,,,,,,,,,,,,,,,,,,,,,,,,,,,,,,,,,,,,,,,,,,,,,,,,,,,,,,,,,,,,,,,,,,,,,,,,,,,,,,,,,,,,,,,,,,,,,,,,,,,,,,,,,,,,,,,,,,,,,,,,,,,,,,,,,,,,,,,,,,,,,,,,,,,,,,,,,,,,,,,,,,,,,,,,,,,,,,,,,174,,306,17,111,861,,,,,,,,79,,123,,,,,,,56,,,,,,,,,,,,,,,,,,,,,,,,,,,,,,,,,,,,,,,,,,,,,,,,,,,,,,,213,,,,,242,,,255,24,,,,,,,,,,,,,,,,,,,336,,114,,,,,,,,,,,78,99,28,17,,,,439,,,,,288,,,303,,,,,,,,,,,,23,,,,,,,,,,,,185,,36,,,,69,236,539,,,,,189,,,,,,,185,258,,,,168,218,,76,,,,127,,107,,437,60,1190,316,,,203,168,,,,,,,,,,,,,,,,,,,,,,,,,,,,,,,,,,,,,,,,,,,,,,,,,,,,,419,818,251,,646,,219,,,,,,,,,,,,,,,,,,,,,,,,,,,,,,,,,,,,,,,,,,,,,,,,,,,,,,,,,,,,,,,,,,,,,,,,,,,,,,,,,,,,,,,,,,
2026-08-23T08:45:01+00:00,149,294,,,627,,213,286,312,,239,312,,,,,,,,,498,420,,,,,,,,1295,30,105,19,191,,,,,120,135,,150,,,,,,,,,376,,,,4,45,,115,,,1,,255,,230,16,,,,,,365,28,,152,220,333,189,371,196,203,,,,,263,116,,392,284,232,674,54,,,,486,,,170,,,246,328,444,162,187,796,55,747,,,,264,207,337,586,,,,77,,,958,,206,,,113,327,,,,,,,,,,,,,,,,,,,,,,,,,,,,,,,,,,,,,,,,,,,,,,,,304,429,938,557,129,204,249,89,,,,243,171,,304,17,109,858,,,,,,,,80,,122,,,,,,,52,,,,,106,,,,,,31,,,,,,,,,188,,,,,,,,,,,,,,,,,,,111,,,,,35,,,,,,,,,,,212,,258,166,250,,,,249,21,,300,,,,327,,,,,,426,94,,1328,,,,335,,113,,,,,,,,,,,77,97,27,,,,,440,,,,,286,,,301,,,,,,,,,,,,,,,,,,,,,,,,176,,,108,,,,237,,,,,365,190,,236,,,,,,,,,,165,214,,77,142,803,,,44,103,315,434,59,1188,315,,,,167,,,,,,,,,,,,,,,,,,,,,,,,,,,,,,,,,,,,,,,,,,,,,,,,,,,,,417,812,250,158,644,132,220,44,153,385,,114,,,128,174,335,,233,,293,47,374,,251,,,,,,,,,,,,,,,,,,,,,,,,,,,,,,,,,,,,,451,92,343,,,561,,245,335,,153,,163,78,,,190,443,275,,,,,,,594,,,501,,252,,,,,
2026-08-23T08:50:01+00:00,150,293,,,625,51,205,284,310,,237,,,,,,,,,,,418,449,,,,,,53,,,110,18,198,,,,,,134,,154,,,,,,,,,,,,,,,7,123,,,,41,,,,17,,,114,,,359,26,,156,223,,,,,,,,,,262,119,285,390,281,,675,48,,,282,,214,377,165,126,,,329,440,,188,,52,742,,,,263,209,335,,,,,75,,,,,,,,,,,,,,,260,,,,,534,,,,,181,236,,,,,,,240,,,252,,620,,405,,146,,627,,,,451,,,,,360,632,,,,,,,,,,,,,,,167,,300,17,105,856,,,,,,,,,,,,,,,,,49,,,,,,,,,,,,,,,,,,,,182,,,,,,,,,,,,,,,,,,,95,,,,,,,,,,,,,,,,,482,259,164,,235,,,244,,,299,328,,,,400,504,,,,423,,,1326,,,,332,,111,,,,,,,,,,,,98,26,,,,,441,,,,,281,,,299,,,,,,,,,,,,,,,,,,,,,,,,178,,35,107,,,,236,538,391,,38,364,,,,,,,,183,257,,,272,164,213,,,,,,128,,,,,,,,,,,,,,,,,,,,,,,,,,,,,,,,,633,75,,,587,,280,,,,,,,,,,,,,,73,,,307,139,,,,,,,414,811,249,152,,129,218,,,,,,,,,,,,,,,,,,,,,,,,,,,,,,,,,,,,,,,,,,,,,,,,,,,,490,,174,450,89,345,283,,,,,,,156,,,79,,,188,,276,,,,,,,589,,,498,,251,,,,,
2026-08-23T08:55:02+00:00,,289,,,622,49,202,282,309,,,311,,,,,,,,,496,,450,,,82,,,,1296,29,112,15,199,,,,,,136,,156,,,,,,,,,374,,,,5,44,,121,,,,38,257,,,19,,,115,,,360,27,,155,224,327,187,367,198,202,199,,,,,,,,,,,,,,,,,,,,,,,,,,,,,,,,,,,,,,,,,,956,,187,,,114,323,,,,,,,,,,,,,,,,,,,,,,,,,,,,,,,,,,,,,,,452,,,,,,633,,,,433,932,552,127,201,241,88,,260,548,,166,,,17,101,848,,,,,,,,79,,120,,,,,,,,,,,,107,,,,,,30,,,,,,,,,174,,,,,,,,,112,,,,,,,,,,,,,,,36,,,,,,,,,,,,480,257,163,,231,,,241,15,,300,329,,669,,,500,139,,234,424,92,,1319,,,,330,,,,,,,,,,,,,,95,24,16,,,,440,,,,,279,,,290,,,,,,,,,,,,24,,,,,,,,,,,,180,,,,108,,,237,537,,,,,,,232,,,,98,182,,,,,165,209,,75,140,804,,130,43,98,310,433,58,1185,303,,,,165,,,,,,,,,,,,,,,,,,,,,,640,,170,,575,,,265,,321,344,,,,106,,,,,,,,,,140,,,377,245,,,407,809,247,149,641,131,216,,,,,,,,,,,,,,,,,,,,,,,,,,,,,,,,,,,,,,,,,,,,,,,,,,,,489,145,,446,82,343,,,,,247,,,157,,,80,,,185,446,,,,,,,,,,,495,,252,,,,323,
2026-08-23T09:00:01+00:00,,286,,,620,,197,279,308,,236,310,,,345,,,,,,498,419,,,,,,,52,1299,,111,12,,,,,,118,,,157,,34,,,,,,,375,,,,6,45,6,,,,2,42,260,,229,18,,,,,,362,,,,,,,,,,,,,,,118,,,280,231,674,44,,,286,483,,,159,,,244,328,435,,,798,50,738,,,237,,,331,587,,,447,,,,,,182,505,,112,316,,,,,,256,,,,,533,,,,,,,,,,,,,241,,,251,,618,,394,,,,629,327,,563,453,,,,,,,,,,,,,,,,,,,,,165,,301,17,,841,,,,,,,,78,,121,,,,,,,51,,,,,106,,,,,,,,,,,,,,,164,,,,,,,,,,,,,,,,,,,93,,,,,,,,,,,,,,,,,479,,,,225,417,,239,12,,298,326,,,328,396,497,138,,233,423,,,1318,,,,328,,110,,,,,,,,,,,74,93,23,,,,,441,,,,,270,,,289,,,,,,,,,,,,21,,,,,,,,,,,,171,142,33,,107,,,239,539,389,,39,,192,,233,,,,,,258,,,,164,201,,74,,,,129,44,89,,435,57,1184,292,,,,162,,,,,,,,,,,,,,,,,,,,,,,,,,,,,,,,,,,,,,,,,,,,,,,,,,,,,399,810,244,151,638,133,213,39,147,383,140,113,,,126,166,331,368,228,,283,45,376,,,282,,,,,,,,,,,,,,,,,,,,,,,,,,,,,,,,,,,,442,80,,,100,,,246,,,159,,162,79,,,183,447,280,,,,,,,586,,,492,,,125,,,321,
2026-08-23T09:05:01+00:00,151,288,,,616,52,204,278,311,,233,308,,,,,,,,,500,,453,,,83,,,,1301,,,13,203,,,,,117,135,,,,,,,,,,,377,41,96,,7,43,5,124,,,1,37,262,,230,,,,,,,363,28,,158,225,322,182,368,203,197,195,,,,,,,,,,,,,,,,,,,,,,,,,,,,,,,,,,,,,,,,,,,,,,,,,,,,,,,,,,,,,,,,,,,,,,,,,,,,,,,,,,,,326,,,,,,,,,631,,,384,438,998,553,125,198,231,86,267,329,,294,163,,300,17,97,837,,,,,,,,,,122,,,,,,,53,,,56,,108,,,,,,,,,,,,,,,155,,,,,,,,,,,,,,,,,,,85,,,,,34,,,,,67,,,,,,211,478,256,162,,216,416,,238,,,299,325,,,,,495,,,,424,,,1317,,,,324,,108,,,,,,,,,,,72,,,14,,,,442,,,,,260,,,285,,,,,,,,,,,,,,,,,,,,,,,,168,,34,108,,,,240,540,,,40,363,193,,231,,,,,180,,,,273,163,198,,70,139,,,127,45,90,309,434,58,1180,287,,103,,160,,,,,,,,,,,,,,,,,,,,,,639,,,,564,,279,,,,345,,,,107,,,,,,,,,,142,,,375,,,300,394,807,245,149,637,,212,,,,,,,,,,,,,,,,,,,,,,,,,,,,,,,,,,,,,,,,,,,,,,,,,,,,488,144,172,441,79,340,,,,,,,,162,,,81,,,182,,282,,,,,,,583,,,,,,123,,,319,
2026-08-23T09:10:02+00:00,152,287,,,614,55,209,273,310,,,,,,344,,,,,,,418,452,,,84,,,,1300,,110,12,202,,,,,114,,,,,,,,,,,,376,,,,8,44,4,123,,,,33,264,,228,21,,,,,,,26,,159,227,,,,,,,,,,259,115,283,,279,,671,37,272,,,481,,,147,125,,245,331,437,,186,796,45,733,,,236,271,208,330,,,,448,77,,,957,,173,,,111,305,,,,,,252,,,,,536,,,,,,237,,,,,,260,238,,,255,,619,,380,,,,636,,,564,,,,,,358,,,,,,,,,,,,,,,,162,,299,17,,832,,,,,,,,,,119,,,,,,,50,,,57,,,,,,,,,,,,,,,,,161,,,,,,,,,113,,,,,,,,,,80,,,,,,,,,,66,,,,,,206,480,255,,,212,,,242,,,,,,,,397,496,139,,,425,91,,1316,,,,317,,,,,,,,,,,,,,92,21,,,,,439,,,,,255,,,286,,,,,,,,,,,,19,,,,,,,,,,,,159,,33,,,,,241,,387,,41,,194,,230,,,,,179,,,,,,196,,72,136,803,,129,,87,308,427,59,1178,285,,,,158,,,,,,,,,,,,,,,,,,,,,,638,,171,,,,,,,,346,,,,109,,,,,,74,,,,143,,,,246,,,391,,246,147,635,134,214,,,,,,,,,,,,,,,,,,,,,,,,,,,,,,,,,,,,,,,,,,,,,,,,,,,,486,,171,436,75,337,,,560,,,,,164,,,83,82,,,446,283,,,,,,,582,,,493,,251,124,,,318,
2026-08-23T09:15:01+00:00,,288,,,615,51,211,270,,,231,307,,,343,,,,,,501,417,455,,,,,,51,1302,30,112,11,201,,,,,112,,,,,35,,,,,,,372,,95,,9,43,,124,,,2,25,267,,,24,,,,,,365,25,,160,228,316,180,,205,192,188,,,,,,,,,,,,,,,,,,,,,,,,,,,,,,,,,,,,,,,,,,,,,,,,,,,,,,,,,,,,,,,,,,,,,,,,,,,,,,,,,,,,,,565,454,,,,,,630,,,,446,1017,551,,204,226,,,327,550,,161,,300,17,95,825,,,,,,,,,,120,,,,,,,52,,,58,,,,,,,,29,,,,,,,,,159,,,,,,,,,112,133,,,,,,,,,78,,,,,33,,,,,,,,,,,204,479,,,248,203,,,239,9,,302,326,,,,,,,,,427,,,1314,,,,315,,106,,,,,,,,,,,73,91,20,12,,,,,,,,,245,,,283,,,,,,,,,,,,20,,,,,,,,,,,,152,,34,109,106,,,244,541,,,,362,,,,3,,,,177,255,,,,164,191,197,70,,802,,127,,83,307,420,,1173,284,,,,159,,,,,,,,,,,,,,,,,,,,,,637,,173,,560,,,,,320,349,,,,110,,,,,,,,,,142,,,377,247,,301,389,803,243,146,638,136,213,,,,,,,,,,,,,,,,,,,,,,,,,,,,,,,,,,,,,,,,,,,,,,,,,,,,487,143,167,434,74,339,,,,,241,,,,,,84,,,,447,284,,,,,,,580,,,,,250,122,,,,
2026-08-23T09:20:02+00:00,154,289,,,613,52,,,309,,232,303,,,,,,,,,,415,453,,,86,,,52,1305,,,8,203,,,,,109,,,158,,,,,,,,,369,,,,8,,3,127,,,,16,,,,26,,,,,,364,,,161,,,,,,,,,,,257,107,282,387,276,,670,33,275,,289,478,215,,140,,,242,330,434,,,,42,,284,,235,276,207,328,588,,,449,75,,,953,,165,504,,110,292,,,,,,233,,,,,,,,,,,239,,,,,,,237,,,254,,618,,369,,142,,637,,,,455,,,,,,,,,,,,,,,,,,,,,160,,296,17,94,820,,,,,,,,77,,121,,,,,,,,,,59,,,,,,,,,,,,,,,,,151,,,,,,,,,111,,,,,,,,,,70,,,,,34,,,,,,,,,,,,,254,,,202,413,,236,11,,303,323,,,327,,497,,,,432,,,1311,,,,316,,,,,,,,,,,,,79,88,,13,,,,440,,,,,236,,,278,,,,,,,,,,,,19,,,,,,,,,,,,151,,,108,104,,,246,,,,42,,,40,,,,,,175,254,,,,162,188,196,66,138,,,,,79,304,417,,1161,283,,,,155,,,,,,,,,,,,,,,,,,,,,,644,,,,558,,,,,,352,,,,111,,,,,,,,,308,141,,,376,245,,300,388,805,,143,634,,209,38,144,384,,112,,49,128,161,329,359,,,277,48,377,,,278,,,,,,,,,,,,,,,,,,,,,,,,,,,,,,,,,,141,,433,,338,,,556,,240,,,171,,164,85,,,181,451,285,,,,,,,,,,492,,248,123,,,310,
2026-08-23T09:25:01+00:00,156,,,,,51,208,269,308,,233,301,,,,,,,,,502,416,456,,,87,,,53,1306,,108,6,204,,,,,110,,,,,,,,,,,,366,,,,,42,,,,,,14,266,,,25,,,,,,,24,,162,229,315,179,366,207,191,190,,,,,,,,,,,,,,,,,,,,,,,,,,,,,,,,,,,,,,,,,,,,,,,,,,,,,,225,,,,,,,,,,,,,,,,,,236,,,,,,,364,,,,638,327,,,458,,,,,,629,,,,456,1038,549,124,207,224,85,265,328,551,291,159,,293,17,93,815,,,,,,,,,,122,,,,,,,53,,,,,107,,,,,,28,,,,,,,,,152,,,,,,,,,,,,,,,,,,,68,,,,,32,,,,,,,,,,,199,480,,161,,200,,,231,14,,,,,,,398,500,,,,,92,,1310,,,,314,,109,,,,,,,,,,,,,,12,,,,436,,,,,234,,,281,,,,,,,,,,,,18,,,,,,,,,,,,148,,33,111,,,70,,540,,,,,196,,231,,,,,172,255,,,274,163,179,,64,137,,1,126,,,,,,,,,,,,,,,,,,,,,,,,,,,,,,,,,,76,,,548,,,266,,319,,,,,,,,,,,,,,,,,,375,,,,386,803,244,146,638,137,208,,,,,,,,,,,,,,,,,,,,,,,,,,,,,,,,,,,,,,,,,,,,,,,,,,,,,139,165,,,,,,555,,241,,,176,,166,83,,,182,450,286,,,,,,,581,,,490,,,124,,,,
2026-08-23T09:30:01+00:00,,287,,,,,210,268,309,,232,300,,,,,,,,,503,415,457,,,84,,,,1307,,,5,,,,,,111,136,,159,,,,,,,,,362,40,,,9,40,,,,,1,15,,,,23,,,116,,,363,25,,163,228,,,,,,,,,,255,102,271,,273,,671,32,,,292,475,,,138,126,,,332,433,,185,,40,,282,,,,,329,584,,,,74,102,,948,,157,505,,109,282,,,,,,,,,,,,,,,,,,,,,,,,,,,,,,,,,,,,325,,,461,,,,,,628,,,,,,,,,,,,,,,,,289,17,89,808,,,,,,,,78,,120,,,,,,,54,,,,,105,,,,,,,,,,,,,,,144,,,,,,,,,109,132,,,,,,,,,60,,,,,30,,,,,65,,,,,,196,483,253,,,194,410,,228,16,,,322,,,,,499,,,,,93,,1308,,,,309,,106,,,,,,,,,,,,87,17,9,,,,,,,,,223,,,279,,,,,,,,,,,,,,,,,,,,,,,,151,,,110,106,,69,,539,385,,,,198,,233,,,,,168,,,,,161,177,,61,135,801,,,46,73,303,406,58,1138,278,,,,148,,,,,,,,,,,,,,,,,,,,,,645,,172,,,,,,,,,,,,,,,,,,,,,,142,,,,244,,,385,,240,151,639,139,209,,,,,,,,,,,,,,,,,,,,,,,,,,,,,,,,,,,,,,,,,,,,,,,,,,,,,138,163,,70,340,,,,,240,,,180,,167,,,,181,454,,,,,,,,578,,,488,,247,126,,,,
2026-08-23T09:35:01+00:00,154,288,,,610,50,,267,311,,233,297,,,342,,,,,,,418,455,,,83,,,,1308,,109,4,207,,,,,110,138,,,,33,,,,,,,,,93,,11,42,,129,,,,13,271,,,26,,,,,,362,26,,,224,310,181,365,208,189,196,,,,,100,267,385,272,237,668,29,278,,293,470,,376,137,127,,240,331,426,,186,795,34,732,280,110,234,275,,331,578,,,,71,,,,,150,510,,106,265,,,,,,220,,,,,,,,,,,,,,,,,,235,,,253,,,,354,,140,,,324,,,,,,,,359,,,,,461,1058,547,,206,223,86,,,548,290,,,281,17,85,804,,,,,,,,77,,,,,,,,,55,,,,,,,,,,,,,,,,,,,,142,,,,,,522,,,,131,,,,,,,,,54,,,,,29,,,,,62,,,,,,194,482,251,,,190,,,226,,,302,323,,,,397,500,,,,,94,,1305,,,,304,,,,,,,,,,,,,,82,18,,,,,431,,,,,214,,,275,,,,,,,,,,,,,,,,,,,,,,,,152,,34,,107,,,245,538,,,,361,,,,,,,,,253,,,,158,175,,58,134,,,,47,69,302,395,59,1121,,,104,202,150,,,,,,,,,,,,,,,,,,,,,,643,75,176,,542,,278,,,322,359,,,,110,,,,,,70,,,,143,,,374,245,,299,383,798,235,,642,138,210,39,142,385,,107,164,48,135,158,328,354,226,,270,,378,,252,274,,,,,,,,,,,,,,,,,,,,,,,,,,,,,,,,,488,,162,429,67,342,,,556,,238,,,,,169,80,,,,,288,,,,,,,573,,,484,,248,127,,,301,
2026-08-23T09:40:02+00:00,152,287,,,607,46,207,268,309,,232,299,,,,,,,,,,416,456,,,85,,,52,1309,29,106,2,210,,,,,111,137,,,,,,,,,,,,,92,,,43,,131,,177,0,9,276,,,28,,,,,,358,,,,223,,,,,,,,,,,,,,,,,,,,,,,,,,,,,,,,,,,,,,,,,,,,,,,,,,,,,,,,,,,,,,,,,,,,,,,,,,,,,,,,,,,,,,,,,,323,,,464,,,,,360,,,,,,,,,,,,,,,,157,,282,17,84,794,,,,,,,,,,119,,,,,,,,,,,,103,,,,,,29,,,,,,,,,139,,,,,,,,,,,,,,,,,,,49,,,,,31,,,,,61,,,,,,192,483,250,,249,187,,,229,17,,305,324,,,,396,499,,,,431,,,1303,,,,299,,104,,,,,,,,,,,,,,11,,,,429,,,,,216,,,,,,,,,,,,,,,17,,,,,,,,,,,,151,141,33,113,,,71,249,,382,,,362,200,,231,,,17,,166,251,,,,159,167,197,55,,,0,125,45,,303,389,,1111,,,105,201,151,,,,,,,,,,,,,,,,,,,,,,642,76,,,,,279,,,,361,,,,113,,,,,,69,,,307,144,,,375,246,,,381,799,237,153,645,135,211,,,,,,,,,,,,,,,,,,,,,,,,,,,,,,,,,,,,,,,,,,,,,,,,,,,,,,,428,,,,,,,236,,,182,,,83,,,,453,,,,,,,,572,,,478,,249,125,,,298,
2026-08-23T09:45:01+00:00,151,286,,,602,49,205,267,314,,230,,,,,,,,,,,,460,,,,,,51,1306,,99,0,,,,,,110,136,,,,,,,,,,,361,,,,,44,4,128,,,,6,277,,,31,,,,,,359,,,159,227,305,176,367,,,192,,,,,,263,384,270,240,,25,279,,294,467,,375,131,128,,243,,420,,187,796,35,735,279,,,276,,,579,,,,,,,947,,134,514,,105,249,,,,,,216,,,,,,,,,,,242,,,,,,,233,,,,,,,339,,135,,634,,,566,465,,,,,,627,,,,462,1075,537,,203,222,85,,329,,289,155,,279,17,82,789,,,,,,,,76,,,,,,,,,54,,,,,,,,,,,,,,,,,,,,138,,,,,,,,,,129,,,,,,,,,47,,,,,30,,,,,60,,,,,,189,,251,,,188,,,231,16,,,322,,670,326,,498,,,,433,93,,1297,,,,295,,102,,,,,,,,,,,78,,21,10,,,,,,,,,218,,,271,,,,,,,,,,,,,,,,,,,,,,,,150,,34,112,,,73,251,537,377,,,366,202,,229,,,,,165,250,,,275,160,168,,52,,802,1,121,,,,,,,,,,,,,,,,,,,,,,,,,,,,,,,,,,,,,,,,,,,,,,,,,,,,,,,,,,,,,,,,,790,236,,650,133,210,,,,,,,,,,,,,,,,,,,,,,,,,,,,,,,,,,,,,,,,,,,,,,,,,,,,,137,158,427,,,,,,,,334,,181,,,82,,,177,,291,,,,,,,566,,,472,,247,126,,,296,
2026-08-23T09:50:02+00:00,150,284,,,601,45,203,263,,,228,297,,,343,,,,,,502,,461,,,81,,,,1307,28,,,,,,,,113,138,,,,,,,,,,,360,41,91,,10,43,,126,,,,0,,,,33,,,115,,,361,,,157,230,,,,,,,,,,,,,,,,,,,,,,,,,,,,,,,,,,,,,,,,,,,,,,,,,,,,,,,,,,,,,,,,,,,,,,,,,,,,,,,,,,,,,,,,,,,,567,463,,,,,361,626,,,,,,,,,,,,,,,160,,277,17,81,785,,,,,,,,,,120,,,,,,,,,,,,101,,,,,,,,,,,,,,,127,,,,,,,,,108,128,,,,,,,,,,,,,,,,,,,58,,,,,,,481,248,160,,,407,,239,17,,,321,,,,,497,,,,434,,,1292,,,,296,,101,,,,,,,,,,,79,81,18,,,,,,,,,,214,,,273,,,,,,,,,,,,16,,,,,,,,,,,,146,140,33,113,106,,,250,538,,,,,205,,228,,,,97,,251,,,,,165,,,,801,,116,,68,301,379,57,1099,277,,101,200,142,,,,,,,,,,,,,,,,,,,,,,644,,175,,540,,280,267,,320,362,,,,,,,,,,67,,,306,146,,,371,,,300,,785,238,155,,136,207,44,,387,,105,,49,142,151,,349,218,,267,45,377,,,271,,,,,,,,,,,,,,,,,,,,,,,,,,,,,,,,,,135,156,424,68,345,,,555,,235,,,,,,83,,,,,,,,,,,,567,,,470,,248,125,,,290,
2026-08-23T09:55:02+00:00,,282,,,599,41,205,260,316,,227,296,,,342,,,,,,503,415,458,,,79,,,52,1309,,92,3,211,,,,,115,,,,,32,,,,,,,358,40,,,11,40,,125,,176,,,278,,227,34,,,116,,,363,24,,,232,,172,370,214,186,188,,,,256,98,262,385,269,244,666,23,281,,295,462,,378,124,,,239,330,404,,190,,29,733,277,,,,206,329,,,,,70,101,,,,135,511,,103,237,,,,,,212,,,,,537,,,,,183,245,,,,,,,227,,,249,,617,,329,,134,,635,,,,,,,,,360,627,,,,464,1089,529,123,202,221,,264,328,544,286,158,,,17,78,777,,,,,,,,77,,117,,,,,,,51,,,,,,,,,,,28,,,,,,,,,121,,,,,,,,,,,,,,,,,,,41,,,,,28,,,,,57,,,,,,188,477,247,,250,187,405,,232,16,,307,322,,,,397,499,138,,,,92,,1291,,,,284,,,,,,,,,,,,,78,78,17,,,,,,,,,,209,,,269,,,,,,,,,,,,18,,,,,,,,,,,,,,,,107,,74,251,,379,,,365,207,,226,,,,,164,250,,,,163,164,,50,135,802,2,,42,,,,,,,,,,,,,,,,,,,,,,,,,,,,,,,,641,75,174,,535,,,,,,363,,,,,,,,,,,,,,145,,,,242,,301,378,782,235,153,652,,204,,,,,,,,,,,,,,,,,,,,,,,,,,,,,,,,,,,,,,,,,,,,,,,,,,,,489,,153,422,66,344,,,,,236,,,,,168,,83,,176,,,,,,,,,564,,,468,,246,127,,,286,
2026-08-23T10:00:02+00:00,148,283,,,600,46,206,258,315,,228,291,,,341,,,,,,,417,,,,76,,,,1308,,,2,209,,,,,113,,,,,,,,,,,,356,41,90,,,39,3,123,,,,,280,,,37,,,115,,,,,,160,234,,,,,,,,,,,,,,,,,,,,,,,,,,,,,,,,,,,,,,,,,,,,,,,,,,,,,,,,,,,,,,,,,,,,,,,,,,,,,,,,,,,,,,,,,,322,,,462,,,,,,,,,,,,,,,,,,,,,,,266,17,75,771,,,,,,,,,,113,,,,,,,,,,,,102,,,,,,,,,,,,,,,,,,,,,,,,107,,,,,,,,,,39,,,,,27,,,,,55,,,,,,,478,244,,,186,404,,239,15,,306,,,,,398,497,,,,433,,,1283,,,,281,,,,,,,,,,,,,80,71,14,11,,,,427,,,,,190,,,270,,,,,,,,,,,,19,,,,,,,,,,,,147,137,,114,106,,,252,,376,,,364,,,224,,,,96,,252,,,,162,163,,54,132,,0,118,,40,297,360,56,1089,273,,100,,134,,,,,,,,,,,,,,,,,,,,,,,,,,,,,,,,,,,,,,,,,,,,,,,,,,,,,375,779,230,154,649,,200,,,,,,,,,,,,,,,,,,,,,,,,,,,,,,,,,,,,,,,,,,,,,,,,,,,,488,134,,417,64,341,,,,,,,,,,166,82,84,,174,,289,,,,,,,558,,,466,,244,126,,,284,
2026-08-23T10:05:01+00:00,,284,,153,,44,207,257,316,,229,,,,339,,,,,,502,415,453,,,,,,51,1306,,93,1,210,,,,,114,,,158,,33,,,,,,,354,,,,14,,,,,,,,281,,,35,,,,,,361,,,159,237,303,167,372,212,,182,,,,258,92,260,384,268,247,664,22,282,,296,455,213,379,122,,,241,331,390,,191,794,25,732,275,111,,281,,326,569,,,,72,,,946,,130,508,,95,221,,,,,,204,,,,,536,,,,,,242,,,,,,,,,,246,,618,,318,,,,,,,568,,,,,,,,,,,467,1099,517,,201,219,,263,326,540,284,154,,263,17,72,766,,,,,,,,76,,109,,,,,,,52,,,60,,105,,,,,,,,,,,,,,,116,,,,,,,,,105,,,,,,,,,,37,,,,,,,,,,54,,,,,,,475,240,,,188,403,,248,16,,,323,,,,,495,,,,435,91,,1271,,,,272,,99,,,,,,,,,,,78,67,17,,,,,428,,,,,179,,,266,,,,,,,,,,,,20,,,,,,,,,,,,143,135,,113,104,,73,253,,369,,,366,209,,222,,,,97,,254,,,,161,157,,55,133,,,116,41,35,,348,58,1087,267,,99,,132,,,,,,,,,,,,,,,,,,,,,,644,,175,,531,,,265,,,364,,,,114,,,,,,,,,304,,,,372,241,,300,373,776,231,,650,,196,,140,383,138,104,163,48,157,140,,339,215,,263,43,374,,,266,,,,,,,,,,,,,,,,,,,,,,,,,,,,,,,,,,,149,415,61,339,,,,,234,335,,,,167,80,,,,452,,,,,,,,556,,,464,,,128,,,280,
2026-08-23T10:10:01+00:00,146,,,,595,,206,,317,,,293,,,337,,,,,,503,416,449,,,77,,,52,1307,,,2,208,,,,,112,,,157,,34,,,,,,,,,,,,40,4,120,,,,,280,,,37,,,116,,,358,,,160,,,,,,,,,,,,,,,,,,,,,,,,,,,,,,,,,,,,,,,,,,,,,,,,,,,,,,,,,,,,,,,,,,,,,,,,,,,,,,,,,,,,,,,,,,,,,,,,,,,,,,,,,,,,,,,,,,,152,,261,17,73,765,,,,,,,,,,103,,,,,,,54,,,,,,,,,,,,,,,,,,,,104,,,,,,523,,,102,,,,,,,,,,25,,,,,26,,,,,53,,,,,,,,236,,251,189,402,,246,,,,320,,,324,399,,,,232,439,92,,1261,,,,264,,,,,,,,,,,,,,68,,10,,,,429,,,,,173,,,262,,,,,,,,,,,,,,,,,,,,,,,,144,134,,,,,,254,539,368,,,365,,,221,,,,96,,253,,,,,153,,52,,801,1,115,,,,,,,,,,,,,,,,,,,,,,,,,,,,,,,,,643,,176,,529,,279,,,319,366,,,,,,,,,,,,,,146,,,369,240,,,374,771,232,153,646,,193,,,,,,,,,,,,,,,,,,,,,,,,,,,,,,,,,,,,,,,,,,,,,,,,,,,,489,133,,412,62,335,,,,,232,,,179,,,82,85,,,450,,,,,,,,550,,,455,,243,126,,,,
2026-08-23T10:15:02+00:00,,287,,152,594,45,201,256,316,,228,292,,,334,,,,,,504,417,446,,,,,,54,1310,,,0,213,,,,,,137,,,,,,,,,,,352,,89,,15,,,114,,,,,283,,,35,,,,,,357,25,,161,240,297,165,,216,185,178,,,,,86,259,375,,250,665,19,285,,297,454,214,378,109,,,239,336,383,,,,,726,276,112,235,280,205,325,566,,,,68,,,944,,116,502,,91,203,,,,,,206,,,,,538,,,,,182,245,,,,,,,225,,,250,,620,,310,,135,,633,,,,463,,,,,,626,,,,471,1109,513,125,203,230,,262,323,541,281,149,,257,17,72,758,,,,,,,,,,98,,,,,,,52,,,,,103,,,,,,29,,,,,,,,,105,,,,,,,,,,,,,,,,,,,20,,,,,22,,,,,,,,,,,,,233,,,190,,,243,14,,307,321,,,325,397,496,,,233,435,,,1245,,,,262,,,,,,,,,,,,,76,69,,9,,,,430,,,,,168,,,261,,,,,,,,,,,,17,,,,,,,,,,,,142,130,,111,101,,,255,538,,,,366,212,,222,,,,,,,,,,,152,,50,134,,,114,,30,299,326,,1083,266,,97,199,131,,,,,,,,,,,,,,,,,,,,,,644,,177,,,,278,,,322,365,,,,116,,,,,,,,,,,,,368,236,,,381,767,233,,649,,194,,,,,,,,,,,,,,,,,,,,,,,,,,,,,,,,,,,,,,,,,,,,,,,,,,,,,,,410,65,331,,,,,231,336,,,,,81,,,175,449,,,,,,,,541,,,453,,239,129,,,,
2026-08-23T10:20:02+00:00,,291,,,592,46,204,,,,227,289,,,332,,,,,,,416,440,,,76,,,,1311,,94,,217,,,,,108,,,,,,,,,,,,348,,88,,14,,,110,,,,1,284,,226,34,,,,,,358,,,162,,293,,369,212,184,173,,,,259,78,257,,266,253,664,18,284,,298,446,215,376,,130,,238,339,374,,,,24,720,,113,231,274,206,324,565,,,,,,,,,,,,,,,,,,,,,,,,,,,,,,247,,,,,,,226,,,,,,,302,,134,,,321,,567,,,,,,358,,,,,,,,,,,,,,,,,,,17,71,751,,,,,,,,,,97,,,,,,,,,,61,,,,,,,,28,,,,,,,,,94,,,,,,,,,,,,,,,,,,,17,,,,,,,,,,52,,,,,,,,230,,,191,401,,246,16,,308,320,,,,398,492,,,,436,,,1229,,,,259,,98,,,,,,,,,,,74,68,16,,,,,,,,,,158,,,260,,,,,,,,,,,,11,,,,,,,,,,,,,129,,110,102,,,256,537,,,,365,,,,,,,,165,,,,274,163,153,196,52,,800,2,112,42,28,300,322,,1082,263,,92,197,129,,,,,,,,,,,,,,,,,,,,,,645,,176,,528,,277,267,,,366,,,163,117,,,,,,,,,,147,,,367,,,,,770,231,,,,190,45,139,,140,,,,166,136,324,334,212,,,,373,,253,259,,,,,,,,,,,,,,,,,,,,,,,,,,,,,,,,,488,,150,405,66,,,,556,,229,,,177,,166,82,,,,450,291,,,,,,,535,,,449,,236,130,,,,
2026-08-23T10:25:01+00:00,145,294,,,590,45,200,251,,,,290,,,,,,,,,503,412,441,,,75,,,,1312,27,92,,,,,,,,136,,,,,,,,,,,344,,87,,15,39,5,107,,175,,2,286,,,38,,,118,,,,24,,,237,,161,368,,183,170,,,,,,,,,,,,,,,,,,,,,,,,,,,,,,,,,,,,,,,,100,,941,,93,499,,90,180,,,,,,,,,,,,,,,,,,,,,,,,,,,,,,,,,,,,320,,566,,,,,,,625,,,,470,1124,506,,205,,86,,324,540,272,150,,254,17,67,749,,,,,,,,,,98,,,,,,,53,,,,,,,,,,,,,,,,,,,,90,,,,,,,,,101,129,,,,,,,,,14,,,,,23,,,,,54,,,,,,187,473,225,161,253,,402,,248,17,,,319,,669,326,399,487,,,234,,91,,1202,,,,250,,97,,,,,,,,,,,,65,18,10,,,,,,,,,152,,,,,,,,,,,,,,,8,,,,,,,,,,,,138,,34,,,152,,258,538,367,,,,216,,,,,,,164,251,,,268,164,157,,56,136,798,1,,41,30,,311,,1080,257,,91,,130,,,,,,,,,,,,,,,,,,,,,,644,,,,523,,,,,,,,,,118,,,,,,66,,,305,,,,,235,,,380,769,,155,645,134,189,,,,,,,,,,,,,,,,,,,,,,,,,,,,,,,,,,,,,,,,,,,,,,,,,,,,487,132,,400,,,,,,,225,337,,,,,80,,,173,,293,,,,,,,529,,,450,,235,133,,,271,
2026-08-23T10:30:01+00:00,,295,,,591,48,198,250,,,226,289,,,329,,,,,,504,,440,,,77,,,55,1313,,,1,218,,,,,107,,,,,,,,,,,,342,,85,,13,,,,,,,0,287,,,,,,,,,357,22,,163,238,,,,,,,,,,,77,254,373,265,254,,19,,,,443,216,378,110,,,239,338,365,,,,20,719,275,,232,275,,323,564,,,,,,,,,,,,,,,,,,,203,,,,,,,,,,,248,,,,,,,225,,,243,,618,,299,,130,,631,,,567,462,,,,,,627,,,,,,,,,,,,,,,,,,,,,,,,,,,,,,,,,,,,,,,,,,,,,,,,,,,,,,,,,85,,,,,,522,,,100,,,,,,,,,,10,,,,,,,,,,51,,,,,,,,,,,,,,,,,309,316,,670,,400,483,139,,,435,,,1186,,,,,,,,,,,,,,,,,,,,,,,,,,,,,,,,,,,,,,,,,,,,,,,,,,,,,,,,,,,,,,,,,,,,,,,,,,,,,,,,,,,,,,,,,,,,,,,,,,,,,,,,,,,,,,,,,,,,,,,,,646,,177,,525,,,,,321,367,,,162,119,,,,,,,,,304,146,,,,,,301,,,,,,,,,,,,,,,,,,,,,,,,,,,,,,,,,,,,,,,,,,,,,,,,,,,,,,,,,,,486,130,,398,64,329,,,558,,226,,,176,,,,,,171,449,,,,,,,,524,,,440,,233,129,,,,
2026-08-23T10:30:02+00:00,,,,,,,,,,,,,,,,,,,,,,,,,,,,,,,,,,,,,,,,,,,,,,,,,,,,,,,,,,,,,,,,,,,,,,,,,,,,,,,,,,,,,,,,,,,,,,,,,,,,,,,,,,,,,,,,,,,,,,,,,,,,,,,,,,,,,,,,,,,,,,,,,,,,,,,,,,,,,,,,,,,,,,,,,,,,,,,,,,,,,,,,,,,,,,149,,257,17,66,743,,,,,,,,75,,96,,,,,,,,,,,,102,,,,,,30,,,,,,,,,,,,,,,,,,,,,,,,,,,,,,,,,,,,,,,,,,,,189,472,219,162,,195,,,243,16,,,,,,,,,,,,,,,,,,,246,,,,,,,,,,,,,,64,17,,,,,432,,,,,144,,,254,,,,,,,,,,,,5,,,,,,,,,,,,137,,,,100,,72,,537,366,,,364,219,,223,,,,,,247,,,265,,154,195,55,138,,,113,,26,297,303,,1082,255,,90,,,,,,,,,,,,,,,,,,,,,,,,,,,,,,,,,,,,,,,,,,,,,,,,,,,,,,,,768,229,154,648,135,187,,,,,,,,,,,,,,,,,,,,,,,,,,,,,,,,,,,,,,,,,,,,,,,,,,,,,,,,,,,,,,,,,,,,,,,,,,,,,,,,,,,,,,,,,,
2026-08-23T10:35:01+00:00,144,298,,,590,49,196,251,317,,228,288,,,,,,,,,,,,,,76,,,56,,,,0,220,,,,,105,,,,,32,,,,,,,341,40,84,,,,,103,,,,1,289,,,45,,,,,,358,,,,243,291,155,,210,,168,,,,,,,,,,,,,,,,,,,,,,,,,,,,,,,,,,,,,,,,98,,,,79,500,,88,166,,,,,,,,,,,,,,,,,,,,,,,,227,,,244,,621,,,,128,,630,,,,461,,,,,,,,,,474,1140,509,124,204,231,,,,,270,,,253,17,63,731,,,,,,,,76,,92,,,,,,,52,,,,,,,,,,,,,,,,,,,,73,,,,,,,,,99,,,,,,,,,,0,,,,,22,,,,,50,,,,,,188,,212,,,197,400,,237,17,,310,314,,,325,,480,,,,434,,,1158,,,,242,,,,,,,,,,,,,71,66,18,,,,,429,,,,,139,,,250,,,,,,,,,,,,4,,,,,,,,,,,,135,,,,,,73,260,,361,,,363,220,41,222,,,,,163,246,,,263,163,153,,,,793,,,42,23,295,298,59,1080,253,,89,,,,,,,,,,,,,,,,,,,,,,,,645,76,180,,540,,278,266,,,368,,,164,,,,,,,,,,305,145,,,,233,,302,381,770,228,156,654,137,188,,,,,,,,,,,,,,,,,,,,,,,,,,,,,,,,,,,,,,,,,,,,,,,,,,,,,128,151,394,63,328,,,556,,229,,,177,,167,81,,,168,451,294,,,,,,,521,,,437,,,123,,,264,
2026-08-23T10:40:02+00:00,,295,,,,48,195,247,318,,224,290,,,,,,,,,503,411,435,,,,,,57,1312,28,,,219,,,,,101,137,,,,31,,,,,,,339,,,,15,38,4,,,176,,0,290,,,44,,,,,,360,21,,,247,,,,,,,,,,260,,,375,264,253,661,17,285,,,438,217,,111,,,,341,362,,,791,13,713,,,231,277,,321,563,,,,70,,,,,,,,,,,,,,,206,,,,,539,,,,,,247,,,,,,,,,,,,,,,,,,,321,,,,,,,,359,626,,,,,,,,,,,,,,,,,255,17,66,722,,,,,,,,75,,87,,,,,,,,,,,,,,,,,,,,,,,,,,,70,,,,,,,,,,,,,,,,,,,,,,,,19,,,,,,,,,,,,,211,,,202,402,,228,,,,311,,,,,469,,,,,,,1132,,,,232,,99,,,,,,,,,,,72,64,,,,,,,,,,,134,,,247,,,,,,,,,,,,3,,,,,,,,,,,,129,,,111,101,,,259,536,356,,,360,221,,226,,,,,,244,,,262,,155,193,57,,785,0,112,,24,292,291,,1077,245,,88,196,133,,,,,,,,,,,,,,,,,,,,,,642,77,,,546,,,,,,366,,,,,,,,,,,,,304,146,,,365,235,,303,,771,227,153,653,138,187,46,134,,139,105,162,,183,127,320,335,203,,247,45,371,,,253,,,,,,,,,,,,,,,,,,,,,,,,,,,,,,,,,,,149,390,62,329,,,555,,228,,,178,,168,,,,167,452,293,,,,,,,516,,,,,231,124,,,,
2026-08-23T10:45:02+00:00,143,296,,153,,,192,245,317,,221,293,,,328,,,,,,504,412,427,,,,,,55,,,93,,,,,,,97,136,,156,,,,,,,,,337,,,,16,,,100,,,,,292,,,42,,,,,,357,22,,,248,282,156,,209,180,167,,,,,,,,,,,,,,,,,,,,,,,,,,,,,,,,,,,,,,,,,,938,,61,,,87,151,,,,,,,,,,,,,,,,,,,,,,,,228,,,242,,,,296,,,,,319,,,,,,,,,628,,,385,475,1158,,125,,232,,,325,541,266,,,257,17,62,721,,,,,,,,74,,85,,,,,,,50,,,,,,,,,,,31,,,,,,,,,64,,,,,,,,,,,,,,,,,,,,,,,,18,,,,,48,,,,,,186,471,210,,,200,400,,235,,,,312,,,,399,462,,,,435,,,1109,,,,230,,,,,,,,,,,,,73,63,,12,,,,428,,,,,131,,,243,,,,,,,,,,,,2,,,,,,,,,,,,130,,35,,100,,,261,535,,,41,359,,,224,,,,97,165,241,,,260,,153,192,58,139,775,4,113,,25,291,293,,1074,244,,,,132,,,,,,,,,,,,,,,,,,,,,,,,,,,,,,,,,,,,,,,,,,,,,,,,,,,,,384,769,230,155,658,139,,,,,,,,,,,,,,,,,,,,,,,,,,,,,,,,,,,,,,,,,,,,,,,,,,,,,487,127,145,381,63,327,,,552,,224,,,174,,167,83,,,165,451,294,,,,,,,511,,,435,,230,118,,,257,
2026-08-23T10:50:01+00:00,142,300,,,591,47,,244,316,,219,292,,,330,,,,,,,411,426,,,72,,,57,,,90,,218,,,,,,,,,,30,,,,,,,334,,,,,37,,99,,,,,293,,,45,,,,,,,21,,,249,,,,,,,,,,259,73,,373,260,254,657,15,,,,441,218,,108,132,,240,343,361,,,,9,712,274,,230,278,207,,564,,,,,,,,,,,,,,,,,,,,,,,,537,,,,,,,,,,,,,,,,,,,,,,,,,,,,,,,,,358,626,,,,,,,,,,,,,,,152,,255,17,59,717,,,,,,,,75,,83,,,,,,,51,,,,,101,,,,,,32,,,,,,,,,40,,,,,,,,,98,128,,,,,,,,,,,,,,19,,,,,,,,,,,185,470,,164,254,199,,,241,21,,311,,,671,,400,464,,,,436,,,1093,,,,226,,98,,,,,,,,,,,69,61,19,,,,,431,,,,,127,,,238,,,,,,,,,,,,0,,,,,,,,,,,,138,,,,101,,72,,,,,,360,,,222,,,,,166,,,,258,162,149,191,56,138,766,2,112,,,,,,,,,,,,,,,,,,,,,,,,,,,,,,,,,640,,179,,548,,279,,,322,367,,,163,120,,,,,,,,,,,,,364,234,,,382,771,229,153,,,186,,,,,,,,,,,,,,,,,,,,,,,,,,,,,,,,,,,,,,,,,,,,,,,,,,,,,,144,377,64,324,,99,,,222,,,,,165,84,,,163,,293,,,,,,,509,,,,,,117,,,,
2026-08-23T10:55:02+00:00,144,303,,,,45,188,242,315,,217,294,,,331,,,,,,,410,422,,,,,,,1313,27,93,,,,,,,98,,,,,,,,,,,,329,,85,,14,35,3,98,,,,,294,,,47,,,,,,358,,,164,251,,155,,207,181,169,,,,258,71,255,,258,253,654,11,,,299,435,219,377,97,,,237,341,359,163,189,789,3,707,275,,,274,206,320,561,,,,,,,,,31,501,,88,133,,,,,,,,,,,,,,,,,,,,,,,,232,,,238,,620,,301,,124,,626,,,,,,,,,,627,,,,476,1172,512,,,231,,,326,542,262,153,,254,17,60,709,,,,,,,,,,84,,,,,,,48,,,,,,,,,,,31,,,,,,,,,33,,,,,,,,,,,,,,,,,,,,,,,,16,,,,,,,,,,,182,,,,,,401,,239,20,,310,310,,,,,462,,,,437,89,,1059,,,,228,,97,,,,,,,,,,,,60,21,11,,,,433,,,,,120,,,243,,,,,,,,,,,,,,,,,,,,,,,,160,128,33,113,99,,,262,536,354,,,357,220,,223,,,18,,,239,,,256,161,148,189,59,137,759,7,109,,27,293,291,58,1076,254,,87,195,135,,,,,,,,,,,,,,,,,,,,,,642,,181,,545,,,267,,,,,,161,,,,,,,69,,,,,,,367,226,,,,767,,154,656,,183,54,,385,,,161,49,180,116,,330,194,,235,,369,,,255,,,,,,,,,,,,,,,,,,,,,,,,,,,,,,,,,,125,143,369,61,321,,,551,,220,,,175,,166,,,,165,450,294,,,,,,,506,,,436,,228,118,,,,
2026-08-23T11:00:01+00:00,,307,,,,,,238,313,,215,,,,,,,,,,,413,421,,,,,,56,1312,,94,,220,,,,,96,,,,,29,,,,,,,326,41,,,15,36,1,96,,,,,,,,51,,,,,,,,,,253,,,,,,,,,,,,,,,,,,,,,,,,,,,,,,,,,,,,,,,,,,,,,,,,,,,,,,,,,,,,205,,,,,538,,,,,,248,,,,,,,225,,,,,621,,294,,118,,625,,,,462,,,,,359,,,,,,,,,,,,,,,,149,,251,17,57,701,,,,,,,,74,,83,,,,,,,47,,,,,,,,,,,,,,,,,,,,31,,,,,,,,,,,,,,,,,,,,,,,,14,,,,,45,,,,,,183,,,,253,205,,,238,18,,,311,,,,399,,,,,438,88,,1045,,,,229,,,,,,,,,,,,,,,20,9,,,,430,,,,,116,,,240,,,,,,,,,,,,,,,,,,,,,,,,165,,,,98,,71,263,,353,,,356,219,,,,,,,,,,,255,,147,,58,139,758,8,110,41,28,,286,,1074,253,,86,,136,,,,,,,,,,,,,,,,,,,,,,,,,,,,,,,,,,,,,,,,,,,,,,,,,,,,,,765,232,155,653,138,,,,,,,,,,,,,,,,,,,,,,,,,,,,,,,,,,,,,,,,,,,,,,,,,,,,,,118,141,365,58,317,,,548,,219,,,176,,163,81,,,,447,,,,,,,,500,,,,,,121,,,244,
2026-08-23T11:05:01+00:00,,,,,593,48,184,235,309,,214,295,,,,,,,,,505,412,420,,,73,,,,,,92,,225,,,,,92,137,,,,30,,,,,,,321,,84,,16,,2,95,,,,,293,,,52,,,,,,360,20,,,252,276,152,369,206,,165,,,,,73,257,372,257,254,651,6,,,300,,220,,94,,,236,344,353,,191,,,706,,,231,,205,319,557,,,,69,94,,934,,19,500,,86,115,,,,,,,,,,,,,,,,,,,,,,,,,,,,,,,,,,,,,,,,,,,,,,,,,477,1185,,124,200,230,,,325,544,260,150,,247,17,55,693,,,,,,,,,,79,,,,,,,48,,,60,,100,,,,,,32,,,,,,,,,36,,,,,,,,,,129,,,,,,,,,,,,,,15,,,,,44,,,,,,182,471,208,,,202,,,237,16,,311,,,,,,452,138,,,440,87,,1028,,,,224,,,,,,,,,,,,,71,59,19,7,,,,,,,,,107,,,236,,,,,,,,,,,,,,,,,,,,,,,,174,,34,112,97,,72,,537,356,,,,,,221,,,,,,,,,,162,141,188,55,,757,6,,,25,,288,56,1077,252,,85,,137,,,,,,,,,,,,,,,,,,,,,,,,183,,541,,,266,,,368,,,,,,,,,,68,,,,,,,366,222,,,381,,230,152,655,140,184,,,,,,,,,,,,,,,,,,,,,,,,,,,,,,,,,,,,,,,,,,,,,,,,,,,,,117,139,366,59,315,,,546,,216,,,175,,164,,,,162,,291,,,,,,,491,,,429,,226,,,,240,
2026-08-23T11:10:02+00:00,142,306,,,,46,,230,310,,215,294,,,330,,,,,,506,413,,,,69,,,55,,28,90,,226,,,,,93,136,,,,31,,,,,,,318,,,,19,37,,93,,,,,,,,,,,,,,358,21,,,251,274,153,367,208,179,164,,,,260,69,,,255,252,648,3,286,,302,431,218,379,93,,,238,341,354,,,,,,274,,229,278,204,320,558,,,,68,,,,,,,,,,,,,,,204,,,,,537,,,,,180,,,,,,,,224,,,236,,619,,288,,116,,,,,,,,,,,358,628,,,,,,,,,,,,,,,148,,248,17,51,687,,,,,,,,73,,,,,,,,,51,,,61,,103,,,,,,,,,,,,,,,32,,,,,,523,,,94,131,,,,,,,,,,,,,,16,,,,,46,,,,,,180,470,210,,,201,402,,234,,,309,313,,,,400,450,,,233,439,86,,1017,,,,222,,,,,,,,,,,,,73,58,18,9,,,,429,,,,,97,,,235,,,,,,,,,,,,,,,,,,,,,,,,173,,,111,96,151,71,264,535,357,,42,353,217,,219,,,,96,167,,,,,161,138,,61,140,759,7,111,40,23,292,285,57,1076,,,,194,141,,,,,,,,,,,,,,,,,,,,,,640,,184,,533,,,,,321,,,,163,119,,,,,,,,,,148,,,365,223,,,379,766,229,147,653,139,186,,126,384,138,104,,,,118,318,323,192,,226,41,368,,,253,,,,,,,,,,,,,,,,,,,,,,,,,,,,,,,,,488,,132,362,60,316,,,,,215,,,,,,80,,,,448,290,,,,,,,,,,421,,224,123,,,,
2026-08-23T11:15:01+00:00,,305,,,596,47,,232,309,,,292,,,,,,,,,,412,421,,,68,,,54,1310,,,,227,,,,,95,,,,,,,,,,,,315,,,,18,36,,95,,177,,,,,225,54,,,,,,,20,,,252,275,147,,210,180,,,,,261,,259,370,256,251,647,,,,,,,381,91,,,,340,351,,190,,,709,,,,279,202,,556,,,,,,,936,,7,,,85,94,,,,,,,,,,,,,,,,,,,,,,,,,,,,,,,,,,,,,,,461,,,,,359,624,,,383,,1207,509,123,201,233,87,261,326,542,258,147,,243,17,50,683,,,,,,,,74,,77,,,,,,,54,,,,,104,,,,,,,,,,,,,,,34,,,,,,522,,,93,,,,,,,,,,,,,,,14,,,,,43,,,,,,178,472,212,165,,200,403,,241,18,,310,310,,670,324,,446,,,,436,,,1009,,,,216,,95,,,,,,,,,,,76,56,17,4,,,,427,,,,,85,,,232,,,,,,,,,,,,,,,,,,,,,,,,,,,112,97,,72,,534,360,,,351,,,217,,,19,,170,240,,,257,,136,,59,141,757,,114,,,,,,,,,,,,,,,,,,,,,,,,,,,,,,,,,642,,,,530,,,265,,320,,,,,118,,,,,,69,,,303,147,,,364,224,,,377,760,230,,656,,187,,,,,,,,,,,,,,,,,,,,,,,,,,,,,,,,,,,,,,,,,,,,,,,,,,,,,116,131,350,59,312,,,,,213,,,173,,,,,,161,,287,,,,,,,490,,,417,,223,124,,,,
2026-08-23T11:20:02+00:00,143,,,,593,,186,231,305,,,293,,,329,,,,,,,,426,,,67,,,,1311,,89,,225,,,,,96,138,,,,,,,,,,,314,,86,,21,35,3,93,,,,,292,,,55,,,,,,360,,,163,,,,,,,,,,,,,,,,,,,,,,,,,,,,,,,,,,,,,,,,,,,,,,,,,,,,,,,,,,,,,215,,,,,538,,,,,179,247,,,,,,,219,,,232,,617,,282,,,,624,,,568,,,,,,360,,,,,,,,,,,,,,,,,,242,17,46,670,,,,,,,,,,75,,,,,,,55,,,,,102,,,,,,35,,,,,,,,,32,,,,,,,,,92,,,,,,,,,,,,,,,18,,,,,41,,,,,,177,473,214,,,204,402,,240,16,,309,309,,,,,445,,,,,,,1004,,,,212,,,,,,,,,,,,,78,55,18,5,,,,429,,,,,84,,,227,,,,,,,,,,,,,,,,,,,,,,,,169,,,,,,,,532,359,,,352,,,,,,,,,238,,,,160,134,186,60,140,760,,116,,26,290,284,58,1072,259,,83,,137,,,,,,,,,,,,,,,,,,,,,,641,78,,,534,,281,264,,,371,,,,,,,,,,70,,,304,149,,,366,225,,,,756,,146,655,140,189,,,,,,,,,,,,,,,,,,,,,,,,,,,,,,,,,,,,,,,,,,,,,,,,,,,,,114,132,344,55,307,,100,544,,212,,,171,,165,76,,,,445,,,,,,,,491,,,415,,220,121,,,,
2026-08-23T11:25:01+00:00,144,308,,,589,,,229,308,,213,296,,,327,,,,,,505,,,,,71,,,,1309,,90,,,,,,,95,139,,,,,,,,,,,,40,84,,23,,,96,,174,,,291,,224,53,,,,,,,18,,,,273,145,,207,179,161,,,,,67,261,369,255,252,645,,,,303,425,,,83,,,240,339,349,,188,,6,714,275,,228,275,199,,553,,,,69,95,,934,,10,498,,79,82,,,,,,218,,,,,,,,,,,248,,,,,,,223,,,228,,616,,277,,115,,622,,,569,459,,,,,,625,,,,478,1227,501,,206,235,88,259,327,537,259,142,,243,17,,660,,,,,,,,75,,74,,,,,,,57,,,,,,,,,,,34,,,,,,,,,28,,,,,,521,,,,,,,,,,,,,,,,,,14,,,,,,,,,,,174,470,219,164,,,401,,243,,,,308,,,325,,,,,,434,,,1003,,,,209,,,,,,,,,,,,,79,58,19,,,,,,,,,,75,,,226,,,,,,,,,,,,,,,,,,,,,,,,170,126,,113,96,,,265,533,361,,43,351,216,,218,,,,,167,,,30,260,161,131,185,65,142,757,6,119,39,27,288,285,,,258,,,,138,,,,,,,,,,,,,,,,,,,,,,,,,,531,,283,,,,369,,,,,,,,,,,,,,,,,,,,,375,754,229,144,,139,188,51,125,381,133,105,162,,182,106,314,313,190,,216,,367,,254,235,,,,,,,,,,,,,,,,,,,,,,,,,,,,,,,,,,,,343,53,305,,,,,,,,172,,164,72,,,160,,285,,,,,,,484,,,404,,,123,,,218,
2026-08-23T11:30:01+00:00,,309,,,585,45,182,226,,,,294,,,321,,,,,,,415,425,,,70,,,51,1308,,,,226,,,,,,138,,,,,,,,,,,308,,,,22,,,99,,,,,292,,,52,,,,,,,17,,162,,,,,,,,,,,262,59,260,368,256,,641,2,,,305,422,220,,79,,119,237,341,336,,189,,,716,274,,227,271,,322,552,,,,70,,,,,,,,,,,,,,,,,,,,,,,,,,,,,,,,,,,,,,,,,,,,,,,570,460,,,,,359,,,,,,,,,,,,,,,,141,,245,17,,656,,,,,,,,,,73,,,,,,,,,,,,104,,,,,,35,,,,,,,,,26,,,,,,522,,,88,,,,,,,,,,,,,,,15,,,,,,,,,,,171,,226,,,206,399,,248,17,,311,310,,,,,440,,,,435,,,1001,,,,202,,,,,,,,,,,,,82,56,,4,,,,,,,,,71,,,,,,,,,,,,,,,,,,,,,,,,,,,162,127,35,,,,,264,531,357,,41,349,215,,,,,,,166,,,,262,160,127,,71,,755,,117,,29,,,,1070,259,,,,137,,,,,,,,,,,,,,,,,,,,,,643,,185,,,,,,,,,,,164,,,,,,,71,,,305,,,,367,221,,,376,756,,143,,,184,,,,,,,,,,,,,,,,,,,,,,,,,,,,,,,,,,,,,,,,,,,,,,,,,,,,,112,133,,54,296,,,543,,,338,,173,,,,,,157,443,286,,,,,,,475,,,401,,221,124,,,,
2026-08-23T11:35:02+00:00,145,,,152,583,44,180,229,,,214,295,,,317,,,,,,504,,,,,68,,,53,1309,,87,3,227,,,,,93,,,,,30,,,,,,,305,,,,19,,,96,,173,,,,,,53,,,,,,363,18,,161,253,270,147,,204,178,,,,,263,58,262,,257,254,639,,,,,,,380,,133,,,340,330,,,,,711,273,114,226,270,,321,547,,,,,,,932,,21,497,,78,69,,,,,,217,,,,,541,,,,,180,250,,,,,,,221,,,,,,,273,,108,,620,,,,463,,,,,358,624,,,,477,1245,497,121,208,236,,,,539,262,139,,240,17,43,644,,,,,,,,,,74,,,,,,,56,,,,,,,,,,,,,,,,,,,,20,,,,,,,,,84,,,,,,,,,,,,,,,13,,,,,42,,,,,,168,473,228,165,254,210,396,,250,15,,,313,,,,399,444,,,,436,84,,998,,,,200,,97,,,,,,,,,,,,57,15,,,,,433,,,,,73,,,224,,,,,,,,,,,,,,,,,,,,,,,,159,,34,114,95,,71,266,532,364,,,,213,,,,,,97,167,,,,,,119,,68,,756,5,116,,,,288,,1069,263,,,193,136,,,,,,,,,,,,,,,,,,,,,,642,,183,,532,,,,,321,,,,163,,,,,,,68,,,,,,,369,219,,,375,755,230,141,656,140,183,,,,,,,,,,,,,,,,,,,,,,,,,,,,,,,,,,,,,,,,,,,,,,,,,,,,489,111,134,331,48,293,,,,,208,,,175,,,71,,,156,,287,,,,,,,466,,,,,,125,,,,
2026-08-23T11:40:01+00:00,144,310,,,580,45,179,228,306,,213,296,,,,,,,,,,,,,,67,,,52,1310,,83,6,228,,,,,,,,,,29,,,,,,,301,,,,18,,,95,,,,,,84,225,51,,,,,,362,16,,160,,,,,,,,,,,,,,,,,,,,,,,,,,,,,,,,,,,,,,,,,,,,,,,,,,,,,,,,,,,,,,,,,,,,,,,,,,,,,,,213,,,230,,,,270,,,,618,,,,465,,,,,,621,,,,,,,,,,,,,,,,,245,17,44,,,,,,,,,74,,75,,,,,,,,,,,,,,,,,,,,,,,,,,,28,,,,,,,,,83,129,,,,,,,,,,,,,,15,,,,,43,,,,,,167,475,227,167,,212,,,248,14,,,315,,,,,440,139,,234,433,,,997,,,,195,,96,,,,,,,,,,,86,54,17,5,,,,434,,,,,68,,,220,,,,,,,,,,,,1,,,,,,,,,,,,157,128,31,113,,,,265,,,,,351,,,,,,,98,,241,,,263,,113,,,143,759,2,115,38,,,,,,,,,,,,,,,,,,,,,,,,,,,,,,,,647,,,,537,,,263,,320,,,,,116,,,,,,69,,,,,,,,221,,304,,754,231,143,655,,,52,126,382,129,,163,,191,97,311,310,187,,213,38,368,,253,231,,,,,,,,,,,,,,,,,,,,,,,,,,,,,,,,,,109,,327,46,292,,,541,,,,,,,,,,,,441,288,,,,,,,464,,,404,,218,122,,,,
2026-08-23T11:45:01+00:00,142,311,,,578,43,177,229,305,,211,292,,,316,,,,,,,,427,,,68,,,51,,,81,10,227,,,,,,139,,,,,,,,,,,300,39,85,,15,,,,,,,,289,,224,,,,,,,360,17,,157,254,267,144,366,202,179,,,,,262,55,264,,,,,,285,,,425,,379,75,,,233,,327,,190,,,709,,,,275,,323,540,,,,71,94,,929,,,503,,70,46,,,,,,,,,,,540,,,,,,248,,,,,,,,,,,,,,,,,,,,,,,,,,,359,,,,,480,1252,,120,205,237,89,,,542,259,138,,247,17,41,642,,,,,,,,73,,74,,,,,,,,,,62,,102,,,,,,37,,,,,,,,,33,,,,,,523,,,82,128,,,,,,,,,,,,,,,,,,,,,,,,,162,469,229,,,217,395,,249,12,,309,314,,,326,400,439,,,,435,,,995,,,,193,,95,,,,,,,,,,,88,,16,6,,,,,,,,,55,,,218,,,,,,,,,,,,,,,,,,,,,,,,151,129,32,112,,,,,531,363,,,353,,,,,,,,,,,,265,158,115,,,,760,,116,,28,286,307,59,1071,259,,82,192,140,,,,,,,,,,,,,,,,,,,,,,651,,182,,536,,,262,,,370,,,,117,,,,,,68,,,306,151,,,,222,,,,,,,,,,,,,,,,,,,,,,,,,,,,,,,,,,,,,,,,,,,,,,,,,,,,,,,,,,,,,488,107,129,315,,291,,100,538,,209,,,178,,,74,,,150,439,284,,,,,,,,,,403,,214,124,,,196,
2026-08-23T11:45:02+00:00,,,,,,,,,,,,,,,,,,,,,,,,,,,,,,,,,,,,,,,,,,,,,,,,,,,,,,,,,,,,,,,,,,,,,,,,,,,,,,,,,,,,,,,,,,,,,,,,,,,,,,,,,,,,,,,,,,,,,,,,,,,,,,,,,,,,,,,,,,,,,,,,,,,,,,,,,,,,,,,,,,,,,,,,,,,,,,,,,,,,,,,,,,,,,,,,,,,,,,,,,,,,,,,,,,,,,,,,,,,,,,,,,,,,,,,,,,,,,,,,,,,,,,,,,,,,,,,,,,,,,,,,,,,,,,,,,,,,,,,,,,,,,,,,,,,,,,,,,,,,,,,,,,,,,,,,,,,,,,,,,,,,,,,,,,,,,,,,,,,,,,,,,,,,,,,,,,,,,,,,,,,,,,,,,,,,,,,,,,,,,,,,,,,,,,,,,,,,,,,,,,,,,,,,,,,,,,,,,,,,,,,,,,,,,,,,,,,,,,,,,,,376,749,,144,656,143,187,,,,,,,,,,,,,,,,,,,,,,,,,,,,,,,,,,,,,,,,,,,,,,,,,,,,,,,,,,,,,,,,,,,,,,,,,,,,,,,,,,,,,,,,,,
2026-08-23T11:50:01+00:00,139,,,,576,42,175,226,303,,,290,,,308,,,,,,,417,432,,,72,,,,1307,,82,11,,,,,,92,136,,,,30,,,,,,,297,,,,,34,,97,,,,,,85,,52,,,117,,,,,,155,253,,,,,,,,,,263,56,260,364,255,,637,3,,,,428,,,,,,,342,335,,191,,,,274,,225,276,,321,534,,,,,,,,,,,,,,,,,,,,,,,,,,,,,,,,,,,,,211,,,229,,612,,269,,105,,,357,,569,,,,,,360,620,,,,,,,,,,,,,,,137,,246,17,,633,,,,,,,,75,,72,,,,,,,54,,,,,103,,,,,,38,,,,,,,,,25,,,,,,,,,81,127,,,,,,,,,,,,,,,,,,,45,,,,,,163,471,227,170,,218,,,251,,,311,,,,,402,438,,,,434,83,,,,,,188,,94,,,,,,,,,,,90,52,14,,,,,436,,,,,45,,,214,,,,,,,,,,,,0,,,,,,,,,,,,147,133,33,,,,69,,,358,,,,210,,219,,,,,168,243,,,268,154,104,188,67,142,770,,,37,26,282,,60,1070,257,,,,135,,,,,,,,,,,,,,,,,,,,,,,,179,,533,,,263,,318,,,,164,,,,,,,66,,,307,152,,,,217,,303,,744,229,143,663,141,183,,,,,,,,,,,,,,,,,,,,,,,,,,,,,,,,,,,,,,,,,,,,,,,,,,,,,105,128,304,42,281,,,535,,208,,,179,,,,,,144,441,,,,,,,,458,,,402,,210,125,,,,
2026-08-23T11:55:02+00:00,137,313,,,577,,,228,304,,210,287,,,306,,,,,,502,415,436,,,71,,,50,1305,,83,12,225,,,,,,140,,,,29,,,,,,,299,38,,,14,33,,95,,,,,288,,227,,,,116,,,361,15,,154,251,262,147,,206,178,162,,,,,,,,,,,,,,,,,,,,,,,,,,,,,,,,,,,,,,,,95,,925,,23,506,,63,27,,,,,,,,,,,,,,,,177,,,,,,,,,,,,,,,,,,,,,,571,463,,,,,,,,,,479,1264,495,118,202,236,,,329,538,258,134,,240,17,40,627,,,,,,,,74,,67,,,,,,,51,,,,,104,,,,,,36,,,,,,,,,23,,,,,,522,,,,,,,,,,,,,,,,,,17,,,,,46,,,,,,162,469,225,,,221,396,,255,7,,,318,,,,401,436,,,,,82,,996,,,,185,,93,,,,,,,,,,,85,54,13,,,,,433,,,,,36,,,210,,,,,,,,,,,,,,,,,,,,,,,,151,135,34,111,96,,68,264,532,357,,,,209,,221,,,,,,,,,274,149,102,189,62,140,774,0,,,19,280,304,,1072,256,,,,133,,,,,,,,,,,,,,,,,,,,,,655,,178,,530,,282,264,,,,,,,114,,,,,,,,,308,,,,,,,304,,,230,144,661,,184,,,,,,,,,,,,,,,,,,,,,,,,,,,,,,,,,,,,,,,,,,,,,,,,,,,,,104,126,,,277,,,529,,,,,,,163,70,,,142,443,,,,,,,,452,,,400,,,124,,,188,
2026-08-23T12:00:01+00:00,135,,,,575,44,173,227,300,,211,285,,,299,,,,,,,,,,,69,,,,1302,29,78,10,,,,,,87,139,,,,28,,,,,,,,,,,12,31,,93,,,,,287,,,55,,,117,,,,,,,250,258,143,,205,177,160,,,,,60,256,361,250,252,631,2,,,,426,,380,,,,231,341,323,,,,,713,,,223,275,197,323,530,,,,69,,,,,,,,,,,,,,,,,,,,,,,,,,,,,,,,,210,,,225,,613,,262,,103,,619,,,570,467,,,,,359,619,,,,,,,,,,,,,,,136,,241,17,38,,,,,,,,,,,66,,,,,,,,,,63,,,,,,,,35,,,,,,,,,26,,,,,,,,,77,128,,,,,,,,,,,,,,19,,,,,47,,,,,,161,467,228,171,,219,397,,254,8,13,,319,,669,,402,435,,,,433,,,997,,,,180,,92,,,,,,,,,,,83,51,17,,,,,435,,,,,30,,,205,,,,,,,,,,,,,,,,,,,,,,,,157,,,113,95,,,,531,,,,,,,,,,,,,,,,276,147,101,,,139,784,,,,,,,,,,,,,,,,,,,,,,,,,,,,,,,,,,,,,,,,,,,,,,,,,,,,,,,,,,,,,,,,,,375,,227,,662,143,,51,121,383,123,103,,,197,88,310,299,177,,203,32,370,,252,226,,,,,,,,,,,,,,,,,,,,,,,,,,,,,,,,,489,100,122,290,46,273,,,526,,203,,,176,,162,67,,,141,441,285,,,,,,,449,,,399,,211,123,,,181,
2026-08-23T12:05:01+00:00,137,316,,,577,45,170,228,301,,212,,,,289,,,,,,,414,441,,,71,,,53,1304,,76,16,,,,,,88,137,,,,,,,,,,,295,37,,,13,30,,91,,,,,,,228,57,,,,,,370,,,,,256,141,367,201,,156,,,,265,,249,363,,,627,4,287,,,431,219,379,68,134,,228,,332,,,,,715,278,,,274,201,,533,,,,70,,,924,209,35,508,,60,22,,,,,,220,,,,,542,,,,,,249,,,,,,,207,,,217,,,,258,,97,,620,,,,468,,,,,,,,,,477,1278,486,,200,240,,258,331,537,261,135,,242,17,40,624,,,,,,,,,,68,,,,,,,52,,,64,,,,,,,,,,,,,,,,,27,,,,,,,,,75,,,,,,,,,,,,,,,20,,,,,46,,,,,,158,463,232,170,255,,,,256,10,,,318,,,,403,438,,,235,436,,,998,,,,183,,,,,,,,,,,,,86,48,18,2,,,,436,,,,,19,,,202,,,,,,,,,,,,,,,,,,,,,,,,153,136,,,,152,,263,,,,40,350,208,,225,,,,99,167,240,,,280,142,102,194,60,140,802,,117,39,17,,290,59,1085,257,,83,191,121,,,,,,,,,,,,,,,,,,,,,,656,79,179,,537,,,,,,371,,,163,117,,,,,,65,,,,,,,370,218,,302,378,,,146,,,177,,,,,,,,,,,,,,,,,,,,,,,,,,,,,,,,,,,,,,,,,,,,,,,,,,,,488,99,124,288,47,271,,,523,,199,,,173,,163,63,,,142,442,284,,,,,,,446,,,398,,210,,,,170,
2026-08-23T12:10:02+00:00,136,,,153,575,46,174,,299,,214,,,,278,,,,,,501,417,444,,,,,,55,1302,,78,19,,,,,,,139,,,,29,,,,,,,294,36,,,,31,,87,,174,,,,,229,54,,,,,,372,,,,246,,,,,,,,,,,,,,,,,,,,,,,,,,,,,,,,,,,,,,,,,,,,,,,,,,,,,,,,,,,,,,,,,,,,,,,,,,,,,,,,,,,,,,,,,,,,569,,,,,,358,,,,,,,,,,,,,,,,,,,17,38,,,,,,,,,73,,71,,,,,,,54,,,63,,103,,,,,,36,,,,,,,,,25,,,,,,521,,,71,126,,,,,,,,,,,,,,19,,,,,,,,,,,154,462,235,,,,398,,258,9,,,322,,,,402,440,,,,,81,,1003,,,,182,,,,,,,,,,,,,83,,,,,,,437,,,,,16,,,199,,,,,,,,,,,,,,,,,,,,,,,,140,,33,,,,,,528,359,,41,,209,,,,,,,,,,29,,140,100,195,,141,807,1,,40,18,276,293,,1086,254,,85,,122,,,,,,,,,,,,,,,,,,,,,,658,,177,,540,,281,265,,315,,,,,,,,,,,,,,,,,,367,217,,301,381,,225,147,659,142,175,,,,,,,,,,,,,,,,,,,,,,,,,,,,,,,,,,,,,,,,,,,,,,,,,,,,489,95,121,276,45,264,,,521,,200,,,171,,162,60,,,139,438,,,,,,,,447,,,399,,,129,,,,
2026-08-23T12:15:01+00:00,140,,,151,,44,,230,301,,218,,,,275,,,,,,502,418,441,,,72,,,,1301,,69,20,223,,,,,89,141,,,,,,,,,,,291,,,,,,,88,,175,,,286,,,53,,,118,,,,12,,,243,258,143,368,199,178,155,,,,,52,,358,251,,628,3,,,,429,,,65,135,,227,339,331,,192,,,711,,,224,275,203,322,531,,,,69,,,922,,36,511,,59,26,,,,,,221,,,,,541,,,,,178,248,,,,,,,201,,,212,,615,,253,,94,,,,,,470,,,,,357,,,,382,475,1286,476,120,204,241,88,257,328,,,133,,245,17,31,617,,,,,,,,,,75,,,,,,,53,,,,,,,,,,,37,,,,,,,,,22,,,,,,522,,,68,,,,,,,,,,,,,,,20,,,,,,,,,,,149,463,234,,,221,,,260,7,,,,,,,400,441,,,,434,82,,1007,,,,183,,90,,,,,,,,,,,82,46,16,,,,,440,,,,,13,,,189,,,,,,,,,,,,,,,,,,,,,,,,132,,,,,,,,530,362,,,351,,,228,,,,100,169,,,,281,133,101,,57,140,815,,119,39,,,,58,,,,,,,,,,,,,,,,,,,,,,,,,,,,,,,,,,,,,,,,,,,,,,,,,,,,,,,,,,,380,742,227,144,658,141,176,52,123,382,117,,,48,203,101,311,295,180,,198,,369,,,224,,,,,,,,,,,,,,,,,,,,,,,,,,,,,,,,,,,118,275,39,,,,518,,199,,,173,,159,58,,,140,440,285,,,,,,,445,,,398,,207,127,,,158,
2026-08-23T12:20:01+00:00,144,,,150,574,43,176,233,302,,219,282,,,270,,,,,,,417,443,,,70,,,54,1302,,,19,221,,,,,88,,,,,,,,,,,,289,37,,,10,29,,89,,,,,285,86,230,54,,,,,,376,11,,,241,,,,,,,,,,,,,,,,,,,,,,,,,,,,,,,,,,,,,,,,,,,,,,,,,,,,,,,,,,,,,,,,,,,,,,,,,,,,,,,,,210,,,,244,,87,,617,,,,469,,,,,355,620,,,,,,,,,,,,,,,132,,248,17,,616,,,,,,,,76,,76,,,,,,,54,,,64,,102,,,,,,36,,,,,,,,,18,,,,,,523,,,64,125,,,,,,,,,,,,,,18,,,,,,,,,,,,462,231,,256,219,397,,258,5,12,,,,,,401,442,138,,,433,79,,1008,,,,179,,91,,,,,,,,,,,81,,18,3,,,,439,,,,,14,,,191,,,,,,,,,,,,1,,,,,,,,,,,,126,,34,,,,,265,,360,,,352,210,40,230,,,,,,236,,,,131,99,197,52,,820,0,,,17,,292,59,1081,252,,,190,121,,,,,,,,,,,,,,,,,,,,,,,,179,,541,,,263,,316,372,,,162,119,,,,,,66,,,,154,,,,215,,,384,744,230,140,654,140,177,,,,,,,,,,,,,,,,,,,,,,,,,,,,,,,,,,,,,,,,,,,,,,,,,,,,,93,117,264,37,263,,,517,,197,,,171,,,59,,,137,,,,,,,,,442,,,396,,206,128,,,,
2026-08-23T12:25:01+00:00,,318,,,575,44,,238,,,217,284,,,,,,,,,500,416,441,,,,,,53,1301,,66,18,222,,,,,90,,,,,,,,,,,,290,,84,,,,,88,,174,,1,288,,,52,,,,,,372,12,,,236,253,141,366,202,179,154,,,,267,44,248,353,,253,627,1,,225,306,,218,377,68,136,,223,340,325,,190,,,707,,,228,269,205,321,522,,,,66,96,,923,210,32,510,,55,25,,,,,,231,,,,,540,,,,,177,249,,,,,,,,,,,,,,,,,,,,,,470,,,,,,619,,,381,474,1293,477,,203,243,91,,,535,264,,,244,17,34,,,,,,,,,75,,77,,,,,,,56,,,63,,104,,,,,,37,,,,,,,,,21,,,,,,,,,61,,,,,,,,,,,,,,,12,,,,,,,,,,,146,464,242,,254,221,,,266,,,,321,,670,,400,439,,,,,77,,1009,,,,181,,93,,,,,,,,,,,80,50,16,4,,,,440,,,,,8,,,192,,,,,,,,,,,,0,,,,,,,,,,,,125,,,,96,,,266,532,358,,,349,209,,228,,,,,168,,,,284,,96,198,47,141,825,2,117,38,19,272,294,58,,257,,86,189,124,,,,,,,,,,,,,,,,,,,,,,657,78,177,,536,,282,262,,314,,,,163,,,,,,,64,,,309,,,,365,214,,303,385,742,226,141,652,,176,,,,,,,,,,,,,,,,,,,,,,,,,,,,,,,,,,,,,,,,,,,,,,,,,,,,488,97,,258,34,260,,,519,,198,,,174,,158,58,,,134,439,283,,,,,,,,,,389,,205,125,,,163,
2026-08-23T12:30:02+00:00,,,,,577,43,178,236,301,,,283,,,262,,,,,,498,,431,,,71,,,,1300,,64,,,,,,,91,,,,,,,,,,,,288,,,,11,,,86,,175,,0,289,,,50,,,,,,370,14,,,232,251,143,364,199,,150,,,,,,,,,,,,,,,,,,,,,,,,,,,,,,,,,,,,,,,,,,,,22,511,,52,27,,,,,,224,,,,,,,,,,178,248,,,,,,,,,,203,,616,,248,,78,,,,,570,471,,,,,,618,,,,,,,,,,,,,,,,,,17,36,614,,,,,,,,,,,,,,,,,57,,,64,,105,,,,,,,,,,,,,,,15,,,,,,,,,56,124,,,,,,,,,,,,,,,,,,,47,,,,,,145,463,241,,255,219,395,,263,4,10,,326,,671,,398,437,,,,429,78,,1011,,,,182,,95,,,,,,,,,,,79,48,,,,,,441,,,,,7,,,193,,,,,,,,,,,,,,,,,,,,,,,,122,,35,115,,,,,533,356,,,,210,,,,,,,167,232,,28,,130,87,199,45,142,828,0,119,,15,271,286,,1085,254,,,190,126,,,,,,,,,,,,,,,,,,,,,,658,,,,,,281,,,,371,,,164,,,,,,,63,,,308,,,,,218,,,,740,,137,654,141,,53,121,384,119,102,,45,198,102,318,297,181,,180,,371,,,225,,,,,,,,,,,,,,,,,,,,,,,,,,,,,,,,,,,113,249,31,251,284,,520,,199,,,172,,156,60,,,132,441,284,,,,,,,441,,,384,,,126,,,,
2026-08-23T12:35:02+00:00,142,,,,574,42,179,237,294,,216,281,,,256,,,,,,,415,436,,,68,,,54,1299,30,66,16,225,,,,,88,,,,,28,,,,,,,289,,,,,,,82,,,,3,288,,229,49,,,,,,371,16,,155,229,,,,,,,,,,,40,250,346,249,254,622,3,,,,433,,376,67,137,,220,342,317,,,790,,704,,,227,266,204,319,517,,,448,65,,,,,,,,,,,,,,,,,,,,,,,,,,,,,,,,,202,,,204,,617,,252,,74,,615,,,,,,,,,357,,,,,475,1296,480,,204,242,,,329,,262,135,,248,17,43,616,,,,,,,,74,,75,,,,,,,58,,,,,,,,,,,,,,,,,,,,23,,,,,,522,,,52,125,,,,,,,,,,,,,,11,,,,,,,,,,,148,461,242,,,222,,,271,5,,310,,,,,399,432,,,,427,,,1012,,,,179,,97,,,,,,,,,,,77,50,20,5,,,,446,,,,,9,,,191,,,,,,,,,,,,4,,,,,,,,,,,,119,,36,116,,,69,267,534,,,,351,209,,,,,,,,234,,,,125,85,,,,835,1,116,39,20,269,282,,1089,260,,87,191,125,,,,,,,,,,,,,,,,,,,,,,659,,179,,542,,,261,,316,370,,,163,,,,,,,64,,,306,153,,,362,214,,,382,745,227,135,,143,177,,,,,,,,,,,,,,,,,,,,,,,,,,,,,,,,,,,,,,,,,,,,,,,,,,,,490,,112,246,33,246,,,518,,200,,,173,,159,,,,131,436,281,,,,,,,436,,,381,,207,122,,,156,
2026-08-23T12:40:01+00:00,145,319,,,576,44,184,238,296,,214,,,,245,,,,,,496,417,,,,,,,,,,,,,,,,,,,,,,,,,,,,,,,,,,,,,,,,,,,,,,,,,,,,,,,,,,,,,,,,,,,,,,,,,,,,,,,,,,,,,,,,,,,,,,,,,,,,,,,,,,,,,,,,,,,,,,,,,,,,,,,,,,,,,,,,,,,,,,,,,,,,,,,,,,,,,,,,,,,,,,,,,,,,,,,,,,,,,,,,,,,,,,,,,,,,,,,,,,,,,,,,,,,,,,,,,,,,,,,,,,,,,,,,,,,,,,,,,,,,,,,,,,,,,,,,309,324,,,,400,435,139,,,423,77,,,,,,,,,,,,,,,,,,,,,,,,,,,,,,,,,,,,,,,,,,,,,,,,,,,,,,,,,,,,,,,,,,,,,,,,,,,,,,,,,,,,,,,,,,,,,,,,,,,,,,,,,,,,,,,,,,,,,,,,,,,661,,,,540,,,260,,315,369,,,164,117,,,,,,63,,,305,152,,,359,208,,302,,,,,,,,,,,,,,,,,,,,,,,,,,,,,,,,,,,,,,,,,,,,,,,,,,,,,,,,,,,,,,,,,,,,,,,,,,,,,,,,,,,,,,,,,,,,,,,,,
2026-08-23T12:40:02+00:00,,,,,,,,,,,,,,,,,,,,,,,432,,,,,,55,,,67,14,224,,,,,94,,,,,27,,,,,,,292,,,,12,27,,83,,,,5,289,,230,50,,,,,,,15,,154,235,248,139,362,198,180,158,,197,,,,,,,,,,,,,,,,,,,,,,,,,,,,,,,,,,,,,,,,916,,21,509,,50,31,,,,,,220,,,,,541,,,,,,,,,,,,,,,,,,,,,,,,,,,,,,,,,,,,,,,,,,,,,,,,,137,,247,17,40,607,,,,,,,,,,77,,,,,,,56,,,65,,,,,,,,38,,,,,,,,,18,,,,,,,,,47,124,,,,,,,,,,,,,,9,,,,,,,,,,,147,456,241,,256,,,,272,,9,,,,,,,,,,,,,,,,,,185,,93,,,,,,,,,,,78,52,,4,,,,448,,,,,1,,,190,,,,,,,,,,,,7,,,,,,,,,,,,118,,38,,98,,,268,,355,,,352,,,227,,,,,,236,,,285,119,78,,40,,838,,115,,,267,283,,1092,,,,,,,,,,,,,,,,,,,,,,,,,,,,,,,,,,,,,,,,,,,,,,,,,,,,,,,,,,,,224,133,652,,175,,,,,,,,,,,,,,,,,,,,,,,,,,,,,,,,,,,,,,,,,,,,,,,,,,,,488,,108,244,26,243,,,520,,201,,,,,160,59,,,128,437,279,,,,,,,433,,,382,,205,119,,,,
2026-08-23T12:45:01+00:00,146,,,,582,46,183,235,297,,215,282,,,240,,,,,,497,,438,,,67,,,,,,66,16,226,,,,,,,,,,,,,,,,,287,,85,,9,30,,84,,176,,2,287,,,49,,,,,,377,14,,,,,,,,,,,,,266,37,254,,246,253,624,1,,,307,,217,,65,,,217,341,311,,189,,,703,277,,224,263,203,320,516,,,447,64,,,,,,,,,,,,,,,,,,,,,,,,,,,,,,,,,195,,,199,,618,,,,106,,614,,,,472,,,,,355,619,,,383,477,1302,467,,203,244,92,256,330,533,267,,,248,17,39,601,,,,,,,,73,,,,,,,,,57,,,63,,,,,,,,40,,,,,,,,,15,,,,,,,,,44,,,,,,,,,,,,,,,7,,,,,46,,,,,,142,,236,171,,221,393,,274,3,,310,323,,,,398,432,,,,417,78,,,,,,184,,,,,,,,,,,,,79,50,21,,,,,450,,,,,0,,,188,,,,,,,,,,,,11,,,,,,,,,,,,120,137,39,117,99,,,270,533,354,,,,,,,,,,,169,,,,284,114,73,,38,,837,0,114,38,,,,59,,,,,,,,,,,,,,,,,,,,,,,,,,,,659,,180,,543,,,259,,313,370,,,,116,,,,,,64,,,,,,,360,200,,,,748,228,135,653,144,,49,124,381,122,97,162,41,190,98,317,289,182,,177,34,375,,250,220,,,,,,,,,,,,,,,,,,,,,,,,,,,,,,,,,,95,105,237,24,238,,,,,199,,,176,,,60,,,124,432,278,,,,,,,427,,,379,,206,113,,,151,
2026-08-23T12:50:01+00:00,,320,,,585,48,184,237,298,,211,279,,,230,,,,,,498,,447,,,,,,57,1297,,65,,225,,,,,96,140,,,,26,,,,,,,,,,,10,,,82,,,,4,,,,51,,,120,,,376,,,152,233,245,135,363,199,181,151,,,,267,34,252,341,249,251,630,,,,,436,216,,64,,,219,342,309,,190,788,1,704,278,,,262,204,322,509,,,,65,,,911,,22,508,,45,22,,,,,,217,,,,,540,,,,,177,251,,,,,,,,,,,,,,,,,,,356,,572,474,,,,,,,,,,,,,,,,,,,,,136,,242,17,42,605,,,,,,,,72,,78,,,,,,,55,,,,,,,,,,,,,,,,,,,,9,,,,,,521,,,41,125,,,,,,,,,,,,,,1,,,,,43,,,,,,,455,235,,257,220,394,,275,,,311,322,,,,397,433,,,,415,76,,1016,,,,187,,,,,,,,,,,,,,51,,7,,,,,,,,,,,,184,,,,,,,,,,,,10,,,,,,,,,,,,,,38,119,98,,70,,527,352,,,353,,,229,,,,,170,235,,,,110,70,,35,,840,,111,37,21,,280,,1091,252,,,192,124,,,,,,,,,,,,,,,,,,,,,,662,,181,,539,,,260,,311,372,,,,117,,,,,,,,,306,150,,,356,193,,,,745,226,134,652,,172,,,,,,,,,,,,,,,,,,,,,,,,,,,,,,,,,,,,,,,,,,,,,,,,,,,,,98,108,226,,236,,,521,,198,,,179,,,59,,,119,431,273,,,,,,,429,,,,,205,114,,,,
2026-08-23T12:55:02+00:00,144,,,,587,47,,234,,,208,278,,,224,,,,,,,419,448,,,68,,,56,1296,,60,19,229,,,,,95,,,,,25,,,,,,,,36,,,7,29,,77,,,,,288,,,,,,,,,378,13,,,235,,,,,,,,,,,,,,,,,,,,,,,,,,,,,,,,,,,,,,,,,,,,,,,,,,,,,,,,,,,,,,,,,,,,,,,,,,,,,,188,,,196,,620,,254,,99,,611,354,,,475,,,,,357,,,,,,1304,463,119,202,,,254,329,530,268,135,,,17,36,600,,,,,,,,74,,,,,,,,,52,,,64,,,,,,,,,,,,,,,,,,,,,,,,,,,126,,,,,,,,,,,,,,,,,,,44,,,,,,144,457,234,,256,217,393,,283,8,,,321,,,327,,427,,,,,75,,1017,,,,188,,96,,,,,,,,,,,82,,22,,,,,449,,,,,,,,183,,,,,,,,,,,,11,,,,,,,,,,,,121,138,,120,,,69,,526,353,,,352,,,,,,,,,,,,285,,,,37,,,,112,,20,,272,,,251,,88,193,126,,,,,,,,,,,,,,,,,,,,,,658,,183,,533,,280,259,,313,370,,,,,,,,,,63,,,304,147,,,352,185,,300,381,748,227,131,654,,170,,,,,,,,,,,,,,,,,,,,,,,,,,,,,,,,,,,,,,,,,,,,,,,,,,,,487,95,,213,26,,,,517,,197,339,,,,162,,,,,,,,,,,,,433,,,378,,202,113,,,140,
2026-08-23T13:00:01+00:00,,321,,151,585,44,183,235,296,,,279,,,217,,,,,,,421,450,,,67,,,,1294,31,62,22,228,,,,,,,,,,,,,,,,,286,,86,,12,,,74,,177,,10,,,,50,,,,,,376,12,,,,,,362,196,182,143,,196,,,35,253,337,,252,,3,,,,435,,,66,,118,217,,308,,,,6,706,277,,225,263,,317,498,,,,66,,,903,209,29,506,,44,21,,,,,,208,,,,,,,,,,175,249,,,,,,,194,,,194,,622,,256,,94,,607,,,571,,,,,,358,617,363,,,,,,,,,,,,,,,,234,17,38,597,,,,,,,,76,,76,,,,,,,53,,,,,,,,,,,41,,,,,,,,,,,,,,,522,,,38,128,,,,,,,,,,,,,,0,,,,,45,,,,,,145,456,233,173,255,221,394,,284,11,,,317,,,,,431,,,,414,,,,,,,189,,94,,,,,,,,,,,81,53,20,6,,,,450,,,,,,,,179,,,,,,,,,,,,9,,,,,,,,,,,,127,137,37,,96,,72,,527,352,,,,,,230,2,,,,169,237,,,,112,74,,34,139,843,,111,38,,,,,,,,,,,,,,,,,,,,,,,,,,,,,,,,,,,,,,,,,,,,,,,,,,,,,,,,,,,,,,,,750,,130,655,145,174,52,126,,125,93,,42,192,97,311,282,180,,167,35,,,,,,,,,,,,,,,,,,,,,,,,,,,,,,,,,,,,,,,107,,33,,,,,,195,,,178,,,57,,,116,432,,,,,,,,,,,372,,204,114,,,,
2026-08-23T13:05:02+00:00,,,,,586,43,184,238,294,,203,280,,,214,,,,,,497,420,449,,,68,,,59,,30,63,21,,,,,,101,139,,,,26,,,,,,,281,35,85,,11,30,,73,,178,,,289,,229,49,,,118,,,379,11,,151,236,,,,,,,,,,,34,251,336,252,248,631,8,,,306,433,214,378,68,136,,220,343,305,,,787,3,704,279,,227,259,,,487,,,,68,,,,,,,,,,,,,,,,,,,,,,,,,,,,,,,,,,,,,,,,,,,,,,,572,,,,,,,621,362,,,,1307,457,118,201,242,,253,,529,,134,,,17,35,595,,,,,,,,77,,81,,,,,,,55,,,,,106,,,,,,,,,,,,,,,11,,,,,,,,,39,,,,,,,,,,,,,,,3,,,,,,,,,,,,454,,,,,,,283,7,8,310,318,,,,401,,,,,412,,,1018,,,,186,,,,,,,,,,,,,80,54,22,,,,,,,,,,,,,181,,,,,,,,,,,,6,,,,,,,,,,,,122,,,118,,,71,271,,353,,,353,208,,228,,,20,,168,238,,29,284,,70,198,31,,845,,,,17,266,265,,1090,249,,87,,127,,,,,,,,,,,,,,,,,,,,,,,77,185,,530,,,260,,312,367,,,,118,,,,,,65,,,,146,,,350,177,,,385,754,221,128,656,146,173,,,,,,,,,,,,,,,,,,,,,,,,,,,,,,,,,,,,,,,,,,,,,,,,,,,,486,96,109,216,30,240,,,520,,193,,,175,,163,56,,,,431,271,,,,,,,435,,,367,,201,112,,,138,
2026-08-23T13:10:01+00:00,145,,,,583,,181,237,293,,204,281,,,212,,,,,,,419,451,,,71,,,,1295,,62,24,226,,,,,102,,,,,27,,,,,,,279,37,,,9,35,2,67,,,,11,290,,,,,,,,,382,12,,,,240,130,358,194,,136,,,,,,,,,,,,,,,,,,,,,,,,,,,,,,,,,,,,,,,,,,898,206,42,502,,40,24,,,,,,213,,,,,539,,,,,176,250,,,,,,,186,,,187,,621,,246,,117,,606,352,,,,,,,,357,,,,,,,,,,,,,,,,,,,,,,,,,,,,,,,,,,,,,,,,,,,,,,,,,,,,,,,,,,,,,,,,,,,,,,,,,,,,,,,,,,,,,,,,,,,,,,,,,,,,,,,,,314,,,,402,435,,,,414,,,,,,,,,,,,,,,,,,,,,,,,,,,,,,,,,,,,,,,,,,,,,,,,,,,,,,,,,,,,,,,,,,,,,,,,,,,,,,,,,,,,,,,,,,,,,,,,,,,,,,,,,,,,,,,,,,,,,,,,,,,,,,,,,,,,,,,,,,,,,,,,,,,,,,,,,,,,,,,,,,,,,,,,,,,,,,,,,,,,,,,,,,,,,,,,,,,,,,,,,,,,,,,,,,,,,487,97,105,204,23,,,,519,,194,,,174,,162,58,,,110,433,270,,,,,,,431,,,361,,197,115,,,,
2026-08-23T13:10:02+00:00,,,,,,,,,,,,,,,,,,,,,,,,,,,,,,,,,,,,,,,,,,,,,,,,,,,,,,,,,,,,,,,,,,,,,,,,,,,,,,,,,,,,,,,,,,,,,,,,,,,,,,,,,,,,,,,,,,,,,,,,,,,,,,,,,,,,,,,,,,,,,,,,,,,,,,,,,,,,,,,,,,,,,,,,,,,,,,,,,,,,,,,,,,,,,,139,,231,17,32,584,,,,,,,,,,79,,,,,,,58,,,,,103,,,,,,,,,,,,,,,9,,,,,,,,,38,,,,,,,,,,,,,,,2,,,,,46,,,,,,146,,230,,,219,395,,286,9,7,,,,,,,,,,,,,,,,,,192,,95,,,,,,,,,,,79,,20,5,,,,,,,,,2,,,,,,,,,,,,,,,,,,,,,,,,,,,123,,,,,,,272,528,355,,,355,,,,,,,,169,239,,,283,111,65,197,30,138,842,,113,,16,,,58,1091,252,,86,,126,,,,,,,,,,,,,,,,,,,,,,,,,,,,,,,,,,,,,,,,,,,,,,,,,,,,,384,752,223,,,145,171,,,,,,,,,,,,,,,,,,,,,,,,,,,,,,,,,,,,,,,,,,,,,,,,,,,,,,,,,,,,,,,,,,,,,,,,,,,,,,,,,,,,,,,,,,
2026-08-23T13:15:01+00:00,148,320,,,581,,177,,291,,202,,,,,,,,,,,420,452,,,,,,58,1296,,63,23,229,,,,,104,,,,,29,,,,,,,280,,,,13,34,,69,,,,12,,,,50,,,,,,383,,,150,235,,,,,,,,,,269,33,247,331,249,249,624,,,,,430,213,376,66,,,219,341,306,,191,,,707,280,,,228,,,481,,,,,,,,,,,,,,,,,,,,,,,,,,,,,,,,,,,,,,,,,,,,,,,,,,,571,477,,,,,,619,,,,,1308,450,119,208,,,255,326,531,270,145,,236,17,34,587,,,,,,,,,,81,,,,,,,,,,,,,,,,,,42,,,,,,,,,13,,,,,,,,,,129,,,,,,,,,,,,,,4,,,,,49,,,,,,,452,,175,254,222,,,287,8,,,315,,,326,401,436,,,,413,,,,,,,194,,92,,,,,,,,,,,78,55,21,,,,,449,,,,,,,,,,,,,,,,,,,,2,,,,,,,,,,,,125,,38,117,,,,,,354,,,357,,,227,,,,101,168,238,,28,285,110,64,199,32,135,,,111,39,15,,,,1094,255,,,,127,,,,,,,,,,,,,,,,,,,,,,660,,184,,528,,,261,,313,,,,,119,,,,,,63,,,,,,,,179,,299,383,,221,,657,144,175,,,,,,,,,,,,,,,,,,,,,,,,,,,,,,,,,,,,,,,,,,,,,,,,,,,,,96,109,197,24,,,,520,,197,,,,,161,60,,,109,,,,,,,,,429,,,358,,,116,,,124,
2026-08-23T13:20:01+00:00,147,319,,,579,44,180,232,293,,201,283,,,,,,,,,496,421,,,,,,,57,1295,32,68,22,230,,,,,107,138,,,,,,,,,,,279,36,,,12,,,68,,,,17,289,,,54,,,,,,,13,,147,238,236,131,352,188,180,135,,,,,,,,,,,,,,,,,,,,,,,,,,,,,,,,,,,,,,,,,,892,,47,495,,33,17,,,,,,202,,,,,538,,,,,175,251,,,,,,,180,,,174,,,,242,,108,,,,,,,,,,,355,617,,,,,,,,,,,,,,,,,234,17,31,583,,,,,,,,78,,,,,,,,,57,,,,,105,,,,,,41,,,,,,,,,14,,,,,,,,,37,,,,,,,,,,,,,,,,,,,,,,,,,,,454,229,176,255,224,396,,291,7,,,,,670,,400,435,,,,411,,,,,,,192,,93,,,,,,,,,,,77,57,20,6,,,,,,,,,4,,,,,,,,,,,,,,,1,,,,,,,,,,,,128,136,39,,94,151,72,273,529,,,,358,,,228,,,,,167,239,,,,112,61,,33,134,,,110,,19,265,,,1097,263,,93,,129,,,,,,,,,,,,,,,,,,,,,,664,,187,,531,,279,,,312,369,,,,,,,,,,62,,,,144,,,348,172,,,384,759,220,131,653,142,174,54,130,383,,96,160,40,194,102,313,276,183,,152,36,376,,,209,,,,,,,,,,,,,,,,,,,,,,,,,,,,,,,,,,,,190,25,238,,,518,,,,,,,163,64,,,105,429,271,,,,,,,430,,,,,194,118,,,,
2026-08-23T13:25:02+00:00,144,,,150,583,46,178,235,295,,203,284,,,210,,,,,,,,453,,,70,,,56,1296,,77,20,228,,,,,106,139,,,,,,,,,,,281,38,,,,,4,66,,,,20,290,,228,55,,,,,,384,,,,239,,,,,,,,,,,,,324,253,250,619,3,288,224,307,,209,,68,,,220,339,301,,,788,4,703,281,,,223,203,313,464,,,,66,,,,,,,,,,,,,,,,,,,,,,,,,,,,,,,,,174,,,172,,620,,236,,97,,605,,,572,478,,,,,,616,,,,476,1311,445,,207,,94,256,324,532,271,146,,238,17,24,581,,,,,,,,80,,,,,,,,,58,,,,,106,,,,,,,,,,,,,,,10,,,,,,523,,,36,,,,,,,,,,,,,,,3,,,,,,,,,,,144,453,230,,256,225,393,,288,9,,309,313,,,,397,439,,,,,74,,1019,,,,196,,,,,,,,,,,,,,,,8,,,,450,,,,,9,,,183,,,,,,,,,,,,2,,,,,,,,,,,,138,135,,,91,,74,,,,,,359,,,,,,,,,237,,29,,,62,,30,132,841,1,,40,20,,260,,1095,265,,99,,133,,,,,,,,,,,,,,,,,,,,,,661,,,,535,,281,263,,313,,,,,,,,,,,,,,303,145,,,,173,,,386,,,129,655,143,173,,,,,,,,,,,,,,,,,,,,,,,,,,,,,,,,,,,,,,,,,,,,,,,,,,,,486,95,106,186,23,235,,,517,,199,,,173,,162,69,,,,428,,,,,,,,426,,,356,,192,123,,,107,
2026-08-23T13:30:02+00:00,146,,,,580,45,174,233,293,,201,289,,,209,,,,,,,,456,,,,,,55,1294,,75,19,,,,,,,138,,,,28,,,,,,,280,36,,,10,,,59,,,,13,289,,,57,,,,,,383,11,,152,238,240,127,351,182,186,133,,,,,29,249,,251,,624,2,287,,308,426,208,377,66,,117,223,336,290,,,,1,706,283,,,233,200,312,459,,,,67,,,889,204,64,,,28,20,,,,,,212,,,,,539,,,,,174,250,,,,,,,,,,,,,,,,,,,,,571,,,,,,358,617,,,,,,,,,,,,,,,141,,,17,20,582,,,,,,,,82,,82,,,,,,,60,,,66,,,,,,,,,,,,,,,,,14,,,,,,,,,34,130,,,,,,,,,,,,,,8,,,,,50,,,,,,145,454,232,,255,,394,,291,8,,310,311,,,325,,436,,,234,410,76,,,,,,202,,,,,,,,,,,,,79,59,18,,,,,449,,,,,15,,,190,,,,,,,,,,,,,,,,,,,,,,,,147,,41,119,90,152,75,,,355,,,,207,,,,,,100,165,234,,30,283,115,63,,32,,,,,38,15,267,259,,,264,,101,,128,,,,,,,,,,,,,,,,,,,,,,,,,,,,,,,,,,,,,,,,,,,,,,,,,,,,,385,758,221,130,654,144,175,,,,,,,,,,,,,,,,,,,,,,,,,,,,,,,,,,,,,,,,,,,,,,,,,,,,487,,101,179,24,232,,,,,201,,,,,,,,,106,426,269,,,,,,,427,,,357,,190,126,,,,
2026-08-23T13:35:02+00:00,145,318,,,578,47,170,236,,,200,291,,,,,,,,,494,,460,,,69,,,56,1293,,74,17,230,,,,,108,,,,,,,,,,,,281,38,,,14,32,,,,,,10,,,229,59,,,,,,385,13,,149,237,250,124,,181,,136,,,,,30,253,323,250,,627,,,,,427,,,63,,116,226,,286,,,,,705,,,232,232,199,313,453,,,,,,,,,,,,,,,,,,,,,,,,,,,,,,,,,,,,,167,,,169,,619,,218,,75,,599,,,,477,,,,,,616,,,,,1307,439,122,218,,95,,,525,270,142,,240,17,18,580,,,,,,,,,,81,,,,,,,58,,,,,,,,,,,,,,,,,,,,19,,,,,,,,,,,,,,,,,,,,,,,,,,,,,49,,,,,,,455,234,,,,393,,293,6,,309,306,,,,396,437,,,,409,77,,1020,,,,210,,94,,,,,,,,,,,,61,,6,,,,450,,,,,19,,,189,,,,,,,,,,,,,,,,,,,,,,,,151,,,,89,,,272,525,357,,42,,,,,,,19,,163,235,,29,284,,60,,,130,,0,,,13,265,254,59,,265,,,194,129,,,,,,,,,,,,,,,,,,,,,,658,76,184,,536,,280,262,,,,,,163,118,,,,,,60,,,302,143,,,346,,,,386,756,219,,652,,174,59,,386,,95,158,37,197,106,308,267,180,,143,34,370,,249,210,,,,,,,,,,,,,,,,,,,,,,,,,,,,,,,,,488,,99,174,26,233,,,514,,199,,,174,,160,68,,,104,427,275,,,,,,,429,,,352,,188,125,,,103,
2026-08-23T13:40:02+00:00,146,319,,152,577,49,168,233,294,,,285,,,206,,,,,,492,,459,,,,,,58,1295,,72,19,231,,,,,,140,,,,29,,,,,,,282,,,,,34,,60,,,,5,,,230,,,,,,,387,,,150,,,,,,,,,,,,,252,324,248,,626,,,,,426,207,376,61,,,225,337,277,,192,790,,702,,,233,234,197,314,449,,,,64,,,891,205,,494,,27,17,,,,,,202,,,,,,,,,,,251,,,,,,,,,,,,,,,,,,,,,,478,,,,,,613,,,,,,,,,,,,,,,,,239,17,20,582,,,,,,,,,,80,,,,,,,,,,65,,104,,,,,,,,,,,,,,,21,,,,,,,,,,,,,,,,,,,,,,,,7,,,,,,,,,,,153,459,235,,254,,394,,,4,,,304,,,,395,435,,,,407,78,,1022,,,,214,,96,,,,,,,,,,,81,62,20,5,,,,449,,,,,20,,,185,,,,,,,,,,,,3,,,,,,,,,,,,155,136,,,,,,,524,355,,,360,,,227,,,,,164,,,,,112,62,,,128,839,,108,39,12,,,,1097,260,,102,,130,,,,,,,,,,,,,,,,,,,,,,659,,,,544,,281,264,,,370,,,,119,,,,,,59,,,304,144,,,348,,,,,753,218,127,654,142,177,,,,,,,,,,,,,,,,,,,,,,,,,,,,,,,,,,,,,,,,,,,,,,,,,,,,486,94,96,167,24,231,,,513,,200,,,,,159,70,,,102,428,274,,,,,,,430,,,348,,185,126,,,,
2026-08-23T13:45:01+00:00,145,321,,,574,,164,237,291,,204,284,,,205,,,,,,,420,460,,,73,,,,1296,,74,18,,,,,,110,,,,,,,,,,,,285,39,,,16,,,,,179,,11,288,,,60,,,117,,,389,12,,149,238,257,,349,183,187,140,,,,,,,,,,,,,,,,,,,,,,,,,,,,,,,,,,,,,,,,,,,,,,,,,,,,,,,,,,,,,,,,,,,,,,,,168,,,163,,618,,211,,54,,598,350,,,,,,,,359,615,,,,474,1302,427,,220,,96,,327,526,,145,,236,17,17,592,,,,,,,,84,,,,,,,,,59,,,66,,102,,,,,,,,,,,,,,,16,,,,,,522,,,35,129,,,,,,,,,,,,,,4,,,,,48,,,,,,156,464,234,,255,226,,,296,3,6,306,300,,,,393,439,,,,408,77,,1021,,,,216,,97,,,,,,,,,,,80,,,6,,,,450,,,,,21,,,188,,,,,,,,,,,,4,,,,,,,,,,,,165,,42,,87,,,271,,354,,,359,210,,226,,,,,,237,,,283,113,65,,35,129,840,,,,,,,,,,,,,,,,,,,,,,,,,,,,,,,,,,,,,,,,,,,,,,,,,,,,,,,,,,,,,,,,,,387,754,219,128,,141,176,,,,,,,,,,,,,,,,,,,,,,,,,,,,,,,,,,,,,,,,,,,,,,,,,,,,,95,95,161,,222,,,511,,198,,,,,,,,,101,429,272,,,,,,,429,,,350,,183,125,,,,
2026-08-23T13:50:01+00:00,146,,,,577,,165,,292,,203,,,,204,,,,,,,,465,,,,,,60,1298,,75,19,,,,,,112,,,,,28,,,,,,,,38,84,,15,,,62,,,,,289,,,59,,,,,,392,9,,,239,,,,,,,,,,,26,254,314,246,249,625,1,288,225,,429,206,374,64,137,,227,,266,,194,789,,706,282,,235,,196,312,448,,,,,,,887,,57,492,,21,16,,,,,,205,,,,,538,,,,,176,252,,,,,,,,,,161,,617,,202,,23,,595,362,,,480,,,,,,617,,,,,,,,,,,,,,,146,,239,17,,599,,,,,,,,85,,,,,,,,,57,,,,,,,,,,,40,,,,,,,,,17,,,,,,521,,,38,,,,,,,,,,,,,,,5,,,,,51,,,,,,,463,238,,,228,,,294,6,,305,296,,,,396,440,,,,411,78,,1020,,,,222,,94,,,,,,,,,,,81,63,,,,,,449,,,,,,,,196,,,,,,,,,,,,5,,,,,,,,,,,,170,,,120,,,,,,358,,,360,,,220,,,,101,,236,,,281,118,62,198,34,130,,1,,40,15,267,258,60,1098,255,,103,193,128,,,,,,,,,,,,,,,,,,,,,,666,,,,,,,263,,,,,,,,,,,,,,,,,,,,346,175,,,,759,218,,656,,,,127,388,128,93,157,38,182,,315,261,182,,141,32,,,247,217,,,,,,,,,,,,,,,,,,,,,,,,,,,,,,,,,,,98,,23,217,,,510,,202,,,173,,158,68,,,102,431,270,,,,,,,433,,,354,,,124,,,,
2026-08-23T13:55:01+00:00,,,,,574,,166,236,294,,202,,,,203,,,,,,490,418,467,,,,,,59,1301,,70,,230,,,,,,141,,,,,,,,,,,284,37,83,,,33,,60,,,,12,290,,232,,,,,,,390,8,,150,241,244,117,350,182,190,142,,,,,,,,,,,,,,,,,,,,,,,,,,,,,,,,,,,,,,,,,,,,,,,,,,,,,,,,,,,,,,,,,,,,,,,,,,,,,,,,,,,,,,572,,,,,,,,,,,473,1301,429,121,,243,95,259,325,,271,147,,243,17,,597,,,,,,,,,,85,,,,,,,58,,,65,,103,,,,,,41,,,,,,,,,11,,,,,,,,,,,,,,,,,,,,,,,,2,,,,,,,,,,,,460,240,177,,229,393,,297,5,,307,292,,,,,437,140,,,409,,,1021,,,,229,,,,,,,,,,,,,82,62,22,5,,,,450,,,,,23,,,203,,,,,,,,,,,,3,,,,,,,,,,,,172,,,119,,,,272,523,,,,361,209,,219,,,,,162,,,,,115,65,,37,128,842,,105,39,,,,,,,,,,,,,,,,,,,,,,,,,,,,,,,,667,,182,,551,,280,,,,371,,,161,,,,,,,58,,,,,,,345,176,,,389,764,216,,658,142,,,,,,,,,,,,,,,,,,,,,,,,,,,,,,,,,,,,,,,,,,,,,,,,,,,,,,94,95,158,24,213,,,,,200,,,,,,73,,,105,,271,,,,,,,435,,,351,,182,119,,,102,
2026-08-23T14:00:01+00:00,142,322,,,575,46,157,237,295,,198,282,,,202,,,,,,487,,469,,,72,,,57,1302,,,15,229,,,,,111,140,,,,,,,,,,,,38,,,17,,,58,,,,9,,,,58,,,,,,392,7,,152,,,,,,,,,,,,19,251,308,243,248,,,,,,425,207,373,60,,,,335,263,,195,791,,,,,236,237,,311,442,,,,65,,,888,,55,494,,24,17,,,,,,195,,,,,,,,,,,,,,,,,,167,,,155,,616,,189,,15,,593,,,,,,,,,,618,,,,,,,,,,,,,,,,,241,17,22,602,,,,,,,,84,,84,,,,,,,56,,,66,,,,,,,,42,,,,,,,,,18,,,,,,,,,,,,,,,,,,,,,,,,0,,,,,55,,,,,,,461,238,,253,,395,,305,10,,305,291,,669,326,,433,,,,410,,,,,,,233,,,,,,,,,,,,,,63,21,,,,,,,,,,40,,,,,,,,,,,,,,,2,,,,,,,,,,,,171,135,,118,89,,74,271,522,352,,,362,207,,218,,,,102,160,233,,,,,67,,34,130,,0,106,,18,262,260,,1106,251,,105,,124,,,,,,,,,,,,,,,,,,,,,,,,181,,549,,279,,,,,,,,,,,,,,59,,,306,,,,344,178,,,390,770,217,,659,141,174,,,,,,,,,,,,,,,,,,,,,,,,,,,,,,,,,,,,,,,,,,,,,,,,,,,,,97,92,160,,212,,,,,196,,,174,,,72,,,101,429,270,,,,,,,437,,,346,,183,116,,,,
2026-08-23T14:05:01+00:00,141,323,57,,572,44,,244,292,,199,,,,,,,,,,486,419,470,,,,,,59,1303,,73,17,230,,,,,,139,,,,,,,,,,,281,,,,,34,6,57,,,,8,289,,,62,,,,,,391,9,,,,233,115,344,180,192,145,,,,,,,,,,,,,,,,,,,,,,,,,,,,,,,,,,,,,,,,,,,,,,,,,,,,,,,,,,,,,,,,,,,,,,,,171,,,152,,,,191,,17,,,,,,481,,,,,,617,,,381,472,1306,425,120,,245,,,326,522,274,151,,243,17,26,601,,,,,,,,83,,91,,,,,,,54,,,65,,,,,,,,43,,,,,,,,,7,,,,,,,,,41,130,,,,,,,,,,,,,,,,,,,57,,,,,,,462,239,,,230,397,,,9,,306,292,,,,,432,,,,409,80,,1020,,,,234,,93,,,,,,,,,,,80,64,,7,,,,,,,,,45,,,202,,,,,,,,,,,,0,,,,,,,,,,,,168,,40,117,90,151,,270,,347,,,364,206,,217,,,,103,157,236,,28,,114,68,,39,127,,1,104,37,,,,,,,,,,,,,,,,,,,,,,,,,,,,,,,,,77,,,547,,,,,,,,,162,,,,,,,,,,,145,,,349,180,,300,391,773,,,657,140,171,61,123,390,129,94,156,35,177,121,316,264,177,,132,31,,,,218,,,,,,,,,,,,,,,,,,,,,,,,,,,,,,,,,484,95,93,158,,214,,100,512,,198,340,,171,,155,73,,,96,430,271,,,,,,,,,,345,,182,119,,,95,
2026-08-23T14:10:02+00:00,140,,,,576,43,155,245,,,198,281,,,203,,,,,,485,,472,,,74,,,60,1305,,,19,231,,,,,,140,,,,,,,,,,,284,40,84,,16,,7,58,,,,12,293,,231,,,,,,,387,7,,,240,232,117,,181,,148,,,,271,11,253,310,238,247,618,2,,,,411,,372,64,138,,222,336,253,,194,,,707,281,,238,243,195,315,438,,,,64,,,889,203,69,,,22,19,,,,,,198,,,,,,,,,,175,,,,,,,,,,,,,,,,,,,,361,,,,,,,,360,,,,,,,,,,,,,,,,149,,244,17,,602,,,,,,,,85,,96,,,,,,,61,,,,,104,,,,,,,,,,,,,,,13,,,,,,,,,39,128,,,,,,,,,,,,,,,,,,,,,,,,,158,464,240,178,252,229,396,,307,,,,294,,,,,418,,,,413,82,,1025,,,,239,,92,,,,,,,,,,,79,,,8,,,,,,,,,61,,,205,,,,,,,,,,,,3,,,,,,,,,,,,165,134,,116,,,,,524,348,,,,207,,218,,,,,152,235,,,,,71,,40,128,845,2,,38,30,268,266,,1109,248,,,,128,,,,,,,,,,,,,,,,,,,,,,668,,,,546,,,264,,316,370,,,,117,,,,,,,,,303,146,,,344,186,,299,,776,,132,658,,174,,,,,,,,,,,,,,,,,,,,,,,,,,,,,,,,,,,,,,,,,,,,,,,,,,,,,90,95,151,23,211,,,,,199,,,,,154,71,,,95,427,,,,,,,,433,,,350,,183,118,,,98,
2026-08-23T14:15:01+00:00,,322,,,579,,,243,288,,195,,,,209,,,,,,487,418,476,,,75,,,62,,,76,20,230,,,,,112,,,,,,,,,,,,283,,,,17,35,,54,,,,13,290,,230,60,,,,,,383,10,,153,241,,,,,,,,,,270,4,249,304,239,246,614,6,,,,408,210,369,56,,,225,334,248,,,792,2,759,,,,247,197,314,431,,,,61,,,,,,,,,,,,,,,,,,,,,,,,,,,,,,,,,168,,,149,,,,181,,11,,595,,,,,,,,,359,,,,,469,1307,410,122,225,244,,261,327,523,276,147,,246,17,30,607,,,,,,,,,,95,,,,,,,60,,,66,,,,,,,,,,,,,,,,,8,,,,,,,,,41,127,,,,,,,,,,,,,,,,,,,,,,,,,,461,,179,,227,,,310,8,5,305,292,,,,,412,,,,414,,,1062,,,,241,,95,,,,,,,,,,,80,69,23,10,,,,,,,,,65,,,208,,,,,,,,,,,,,,,,,,,,,,,,156,135,,115,89,,,271,523,349,,,365,206,,,,,,,153,237,,29,,112,70,196,42,,847,6,101,39,,,,,,,,,,,,,,,,,,,,,,,,,,,,,,,,,,,,,,,,,,,,,,,,,,,,,,,,,,,,,,,392,781,219,135,,,176,,,,,,,,,,,,,,,,,,,,,,,,,,,,,,,,,,,,,,,,,,,,,,,,,,,,,92,91,149,,214,,,511,,,339,,170,,153,69,,,,425,273,,,,,,,435,,,347,,182,117,,,88,
2026-08-23T14:20:01+00:00,139,,,,,41,154,242,287,,196,282,,,216,,,,,,486,417,481,,,76,,,,1306,,,24,231,,,,,110,139,,,,,,,,,,,284,,,,16,34,,53,,,,,291,,,62,,,,,,382,9,,,243,238,109,342,186,194,147,,,,,,,,,,,,,,,,,,,,,,,,,,,,,,,,,,,,,,,,,,894,,83,,,18,64,,,,,,190,,,,,540,,,,,,253,,,,,,,,,,,,,,,,,,,,,,482,,,,,,618,,,,,,,,,,,,,,,145,,245,17,25,613,,,,,,,,84,,,,,,,,,62,,,,,,,,,,,,,,,,,,,,14,,,,,,520,,,42,,,,,,,,,,,,,,,,,,,,,,,,,,162,462,,180,253,228,,,313,9,,306,296,,668,,,409,,,235,416,85,,1123,,,,243,,,,,,,,,,,,,81,68,,,,,,449,,,,,66,,,212,,,,,,,,,,,,,,,,,,,,,,,,153,,,,88,,,,519,348,,,367,205,,215,,,,,154,235,,,,115,68,,47,130,848,1,105,,42,274,289,59,1108,255,,,,122,,,,,,,,,,,,,,,,,,,,,,672,,,,,,,265,,315,369,,,,,,,,,,60,,,302,142,,,343,187,,,393,780,,137,656,,179,60,124,395,131,96,152,,187,129,314,263,,,121,29,366,,,216,,,,,,,,,,,,,,,,,,,,,,,,,,,,,,,,,483,89,93,151,24,220,,,513,,197,,,169,,155,,,,96,423,276,,,,,,,436,,,342,,181,116,,,,
2026-08-23T14:25:01+00:00,138,,56,,578,42,,243,,,200,,,,224,,,,,,483,418,482,,,74,,,63,1307,31,,26,,,,,,111,141,,,,,,,,,,,290,,,,18,32,6,55,,,,,292,,,63,,,,,,,,,,,,,,,,,,,,,,248,303,236,247,612,4,,,309,405,,,55,,,224,332,254,,193,,,756,,,239,245,,315,434,,,,,,,,,,,,,,,,,,,,,,,,,,,,,,,,,,,,,164,,,148,,618,,172,,10,,593,,,,484,,,,,360,,,,382,470,1308,412,125,235,242,94,,328,524,278,150,,244,17,22,617,,,,,,,,,,94,,,,,,,65,,,65,,103,,,,,,,,,,,,,,,,,,,,,,,,44,126,,,,,,,,,,,,,,,,,,,56,,,,,,,463,243,,250,,397,,,10,,304,295,,,,395,403,,,,408,83,,1186,,,,253,,96,,,,,,,,,,,,,20,,,,,450,,,,,69,,,216,,,,,,,,,,,,,,,,,,,,,,,,155,,,,97,,,,,346,,,,204,,213,,,,,150,236,,28,280,,71,,,129,849,,,,47,271,292,60,,,,,,116,,,,,,,,,,,,,,,,,,,,,,,,182,,543,,,263,,,,,,,116,,,,,,63,,,303,143,,,342,188,,,394,781,226,139,,142,175,,,,,,,,,,,,,,,,,,,,,,,,,,,,,,,,,,,,,,,,,,,,,,,,,,,,486,91,94,152,27,223,,,,,,,,,,154,68,,,,422,,,,,,,,438,,,,,183,119,,,104,
2026-08-23T14:30:02+00:00,136,,,,581,41,155,244,286,,198,281,,,225,,,,,,,,,,,80,,,,1309,,77,,,,,,,,142,,,,,,,,,,,289,,85,,17,,,61,,177,,16,293,,229,65,,,,,,379,,,152,,234,,341,187,198,148,,193,,,,,,,,,,,,,,,,,,,,,,,,,,,,,,,,,,,,,,,,,201,84,491,,10,100,,,,,,185,,,,,539,,,,,174,254,,,,,,,167,,,147,,619,,168,,,,590,360,,,485,,,,,359,,,,,,,,,,,,,,,,148,,,17,,614,,,,,,,,,,,,,,,,,62,,,,,102,,,,,,,,,,,,,,,8,,,,,,,,,46,,,,,,,,,,,,,,,,,,,,53,,,,,,161,461,244,,,,,,320,13,,301,293,,,325,,400,,,236,407,82,,1226,,,,260,,,,,,,,,,,,,,64,,9,,,,448,,,,,82,,,,,,,,,,,,,,,4,,,,,,,,,,,,152,,,114,,,73,273,,339,,,366,202,,212,,,,,,235,,26,,117,72,,46,131,,,106,40,45,270,294,,,252,,,,,,,,,,,,,,,,,,,,,,,,,,670,76,183,,531,,,,,,,,,,,,,,,,64,,,,144,,,341,195,,298,395,780,229,143,,,169,,,,,,,,,,,,,,,,,,,,,,,,,,,,,,,,,,,,,,,,,,,,,,,,,,,,488,90,96,148,29,226,,,515,,194,,,163,,155,67,,,97,424,275,,,,,,,434,,,345,,184,121,,,,
2026-08-23T14:35:01+00:00,137,321,,,,39,156,242,284,,199,278,,,217,,,,,,,,484,,,82,,,64,1310,,78,22,229,,,,,113,,,,,,,,,,,,,,84,,,,7,,,,,20,,,,,,,,,,377,5,,,,,,,,,,,,,,5,255,302,232,246,615,2,289,,308,400,208,366,57,137,114,227,328,256,,,794,,749,,,237,,198,308,442,,,448,59,,,,,,,,,,,,,,,,,,,,,,,,,,,,,,,,,,,,,,,,,,,,,359,,,,,,,,,617,,,380,466,1309,418,132,,244,,,327,527,276,150,,247,17,23,613,,,,,,,,82,,93,,,,,,,63,,,,,101,,,,,,,,,,,,,,,15,,,,,,,,,48,127,,,,,,,,,,,,,,3,,,,,55,,,,,,159,462,243,181,251,229,399,,324,14,,302,296,,667,326,393,399,141,,,406,,,1260,,,,264,,95,,,,,,,,,,,82,,22,10,,,,450,,,,,88,,,211,,,,,,,,,,,,,,,,,,,,,,,,144,,42,,96,,,,521,338,,,,,39,209,,,,,149,232,,,,118,71,,44,130,850,,103,,50,272,292,61,1107,256,,108,194,113,,,,,,,,,,,,,,,,,,,,,,,,181,,528,,,,,314,,,,,,,,,,,,,,,145,,,339,202,,301,396,781,228,146,657,144,171,,,,,,,,,,,,,,,,,,,,,,,,,,,,,,,,,,,,,,,,,,,,,,,,,,,,,95,,156,,,,,517,,196,,,162,,,66,,,96,,,,,,,,,437,129,,346,,179,123,,,105,
2026-08-23T14:40:01+00:00,,322,,,580,40,151,243,,,202,,,,213,,,,,,480,,486,,,83,,,63,,32,80,24,228,,,,,117,,,,,,,,,,,,291,39,82,,16,33,6,,,178,,17,294,,230,68,,,,,,375,4,,,241,,122,342,192,202,151,,191,,,,,,,,,,,,,,,,,,,,,,,,,,,,,,,,,,,,,,,,897,197,98,496,,,138,,,,,,181,,,,,,,,,,173,253,,,,,,,,,,142,,618,,158,,5,,,358,,573,486,,,,,358,616,,,,,,,,,,,,,,,152,,244,17,25,620,,,,,,,,,,94,,,,,,,64,,,,,100,,,,,,,,,,,,,,,18,,,,,,,,,47,,,,,,,,,,,,,,,5,,,,,54,,,,,,156,467,240,184,250,230,397,,318,15,,301,294,,,,392,394,,,,,80,,1265,,,,270,,96,,,,,,,,,,,,,25,9,,,,,,,,,95,,,206,,,,,,,,,,,,,,,,,,,,,,,,134,,41,113,,,,,523,337,,,367,204,,208,,,,,,233,,,,115,70,197,49,134,,2,,,,,,,,,,,,,,,,,,,,,,,,,,,,,,,,,,669,,,,521,,280,264,,315,368,,,,115,,,,,,63,,,301,,,,338,204,,,394,783,229,147,659,143,170,62,121,399,130,92,153,32,193,140,313,271,179,,139,25,365,,248,227,,,,,,,,,,,,,,,,,,,,,,,,,,,,,,,,,487,97,95,160,31,227,,,519,,,,,163,,,67,,,94,,274,,,,,,,441,,,351,,184,129,,,,
2026-08-23T14:45:01+00:00,135,323,,,584,42,146,242,281,,199,280,,,212,,,,,,479,417,489,,,,,,65,,,81,22,229,,,,,118,,,,,,,,,,,,288,,,,15,,7,64,,177,,20,293,,,67,,,,,,378,3,,149,239,,,,,,,,,,271,,254,300,231,245,617,,,,,404,205,369,50,,115,229,,259,,,,3,748,280,,238,252,196,305,443,,,,,,,,,,,,,,,,,,,,,,,,,,,,,,,,,,,,,,,,,,,,,,,,,,,,485,,,,,,617,,,382,464,1310,434,134,,243,93,,328,525,277,155,,248,17,34,624,,,,,,,,,,96,,,,,,,63,,,64,,,,,,,,,,,,,,,,,14,,,,,,,,,48,,,,,,,,,,,,,,,6,,,,,55,,,,,,158,466,238,,252,232,,,315,18,6,,,,,,,392,,,,407,,,1278,,,,276,,97,,,,,,,,,,,85,,26,11,,,,449,,,,,100,,,209,,,,,,,,,,,,7,,,,,,,,,,,,126,,,112,,150,,,524,334,,,371,205,,206,,,,,,232,,,,117,71,,50,135,852,1,104,39,49,273,298,,1104,254,,,193,116,,,,,,,,,,,,,,,,,,,,,,,,,,,,,,,,,,,,,,,,,,,,,,,,,,,,,391,788,226,145,658,,182,,,,,,,,,,,,,,,,,,,,,,,,,,,,,,,,,,,,,,,,,,,,,,,,,,,,,98,99,159,32,229,,,,,191,,,162,,153,63,,,95,425,270,,,,,,,443,,,349,,,,,,103,
2026-08-23T14:50:01+00:00,138,322,,153,582,44,147,245,282,,196,278,,,206,,,,,,,,485,,,,,,64,1311,,79,20,234,,,,,116,143,,,,,,,,,,,,40,81,,,,5,62,,,,19,296,,,70,,,,,,,,,,240,237,,,193,203,154,,,,,,250,292,228,248,618,,288,,307,403,204,,55,138,,230,330,255,162,192,,,751,,,,249,195,306,448,,,449,56,,,901,195,115,494,,8,170,,,,,,179,,,,,538,,,,,174,252,,,,,,,169,,,138,,619,,164,,,,583,,,,486,,,,,,,,,,,,,,,,,,,,,157,,247,17,38,634,,,,,,,,,,,,,,,,,,,,,,,,,,,,,,,,,,,,,19,,,,,,,,,47,128,,,,,,,,,,,,,,8,,,,,56,,,,,,,,,,,,,,,,,302,295,,,,395,376,,,,402,78,,1281,,,,283,,,,,,,,,,,,,86,61,,14,,,,450,,,,,111,,,205,,,,,,,,,,,,5,,,,,,,,,,,,,,,,,,,,,,,,,,,,,,,,,,,,,,,,,,,,,,,,,,,,,,,,,,,,,,,,,,,,,,,,,,,,,668,,182,,525,,,,,314,,,,,116,,,,,,62,,,302,148,,,336,,,300,,,,,,,,,,,,,,,,,,,,,,,,,,,,,,,,,,,,,,,,,,,,,,,,,,,,,,,,,,,486,100,100,163,34,227,,,521,,192,,,161,,,61,,,,423,269,,,,,,,448,128,,,,182,127,,,,
2026-08-23T14:50:02+00:00,,,,,,,,,,,,,,,,,,,,,,,,,,,,,,,,,,,,,,,,,,,,,,,,,,,,,,,,,,,,,,,,,,,,,,,,,,,,,,,,,,,,,,,,,,,,,,,,,,,,,,,,,,,,,,,,,,,,,,,,,,,,,,,,,,,,,,,,,,,,,,,,,,,,,,,,,,,,,,,,,,,,,,,,,,,,,,,,,,,,,,,,,,,,,,,,,,,,,,,,,,,84,,101,,,,,,,61,,,65,,101,,,,,,,,,,,,,,,,,,,,,,,,,,,,,,,,,,,,,,,,,,,,,,,,,,160,464,241,,251,233,398,,311,23,7,,,,,,,,,,,,,,,,,,,,,,,,,,,,,,,,,,,,,,,,,,,,,,,,,,,,,,,,,,,,,,,,,,,,,,124,,,111,95,,,271,527,332,,,369,204,,205,,,,,,231,,27,,123,72,,,136,853,3,106,40,50,271,296,,1098,248,,107,194,122,,,,,,,,,,,,,,,,,,,,,,,,,,,,,,,,,,,,,,,,,,,,,,,,,,,,,390,789,,148,660,,183,,,,,,,,,,,,,,,,,,,,,,,,,,,,,,,,,,,,,,,,,,,,,,,,,,,,,,,,,,,,,,,,,,,,,,,,,,,,,,,,,,,,,,,,,,
2026-08-23T14:55:01+00:00,137,,,151,586,45,,,280,,195,280,,,208,,,,,,,,486,,,,,,62,1310,31,,19,235,,,,,118,142,,,,,,,,,,,289,,,,16,,6,51,,,,27,293,,,71,,,,,,377,2,,,242,,,,,,,,,,,,,,,,,,,,,,,,,,,,,,,,,,,,,,,,,,,,,,,,902,194,113,493,,12,172,,,,,,175,,,,,539,,,,,175,,,,,,,,170,,,133,,620,,,,2,,584,,,575,,,,,,,615,,,381,462,1314,438,136,234,,94,262,331,523,284,160,,249,17,36,641,,,,,,,,85,,105,,,,,,,60,,,,,100,,,,,,,,,,,,,,,16,,,,,,,,,50,,,,,,,,,,,,,,,7,,,,,,,,,,,165,466,,185,253,232,399,,312,20,8,300,296,,,,393,377,142,,,403,72,,1277,,,,288,,101,,,,,,,,,,,88,,30,18,,,,449,,,,,119,,,210,,,,,,,,,,,,4,,,,,,,,,,,,134,,39,109,,,,274,,331,,,373,202,,206,,,,104,147,228,,28,,127,75,,52,137,,,104,41,57,273,302,,1099,,,,195,118,,,,,,,,,,,,,,,,,,,,,,,,178,,,,279,263,,,,,,,115,,,,,,63,,,303,147,,,334,,,,389,786,225,,656,,177,66,120,398,132,89,152,35,198,146,301,263,177,,142,23,362,,,228,,,,,,,,,,,,,,,,,,,,,,,,,,,,,,,,,484,,95,166,,226,,,523,,195,,,,,151,60,,,89,422,270,,,,,,,455,,,358,,183,126,,,,
2026-08-23T15:00:02+00:00,,325,,,588,44,148,243,278,,198,,,,209,,,,,,478,,487,,,82,,,59,1309,,74,,,,,,,117,141,,,,29,,,,,,,291,,80,,18,,8,46,,178,,28,,,,,,,,,,,1,,,,229,132,344,192,,157,,,,272,,253,290,225,247,623,,,,,401,203,,53,,,,331,247,,193,,2,748,,112,240,252,,304,452,,,,,,,,,,,,,,,,,,,,,,,,,,,,,,,,,,,,,,,,,,,,,,,,,357,,,485,,,,,,610,360,,,,,,,,,,,,,,161,,248,17,,649,,,,,,,,84,,106,,,,,,,61,,,66,,98,,,,,,,,,,,,,,,14,,,,,,,,,53,,,,,,,,,,,,,,,9,,,,,57,,,,,,164,,244,187,,233,,,310,19,9,302,,,,,,375,,,,400,,,1273,,,,292,,,,,,,,,,,,,86,59,27,,,,,450,,,,,130,,,206,,,,,,,,,,,,3,,,,,,,,,,,,132,137,,,94,,,,526,325,,,,,,,,,,,,227,,,,131,74,,54,,854,2,109,42,56,274,305,,1098,253,,108,194,123,,,,,,,,,,,,,,,,,,,,,,,77,177,,523,,,264,,317,,,,,116,,,,,,61,,,304,,,,336,,,302,387,788,226,,659,142,176,,,,,,,,,,,,,,,,,,,,,,,,,,,,,,,,,,,,,,,,,,,,,,,,,,,,,,98,160,37,,,,524,,192,,,160,,,57,,,,421,,,,,,,,463,,,354,,181,125,,,,
2026-08-23T15:05:02+00:00,138,324,,,589,,144,242,279,,196,279,,,212,,,,,,480,421,491,,,84,,,,1307,32,,21,234,,,,,,143,,,,30,,,,,,,290,,,,15,35,,45,,,,32,,,,70,,,,,,375,0,,147,243,,,,,,,,,,271,5,251,291,213,,621,,287,,,407,204,368,54,139,,234,325,253,,194,,6,743,,111,241,,,299,456,,,,,,,901,,131,494,,14,214,,,,,,171,,,,,540,,,,,174,250,,,,,,,163,,,132,,,,152,,4,,586,,,574,483,,,,,,612,351,,382,458,1312,431,138,231,,95,,,,281,163,,,17,37,655,,,,,,,,,,108,,,,,,,63,,,,,97,,,,,,44,,,,,,,,,12,,,,,,,,,,,,,,,,,,,,,,,,7,,,,,58,,,,,,158,462,246,189,254,231,,,,16,,239,295,,668,,394,370,141,,,,74,,1271,,,,297,,,,,,,,,,,,,,60,25,17,,,,449,,,,,136,,,211,,,,,,,,,,,,,,,,,,,,,,,,131,,40,,,,75,275,528,328,,,374,,,203,,,20,,,228,,27,,135,76,,56,138,,,108,,55,,313,,,257,,106,,121,,,,,,,,,,,,,,,,,,,,,,664,,176,,516,,278,,,,369,,,,,,,,,,57,,,,148,,,331,210,,301,388,792,228,,655,143,183,,,,,,,,,,,,,,,,,,,,,,,,,,,,,,,,,,,,,,,,,,,,,,,,,,,,485,99,102,169,36,227,,100,,,193,,,159,,150,54,,,,423,,,,,,,,468,,,356,,,126,,,115,
2026-08-23T15:10:01+00:00,,,,152,588,42,,,278,,197,276,,,214,,,,,,481,419,495,,,,,,,,30,76,22,235,,,,,118,144,,,,,,,,,,,,,83,,17,36,,47,,,,34,294,,,,,,116,,,374,,,,,235,130,350,189,,165,,,,,,,,,,,,,,,,,,,,,,,,,,,,,,,,,,,,,,,,,,,,,,,,,,,,,,,,,,,,,,,,,,,,,,,,173,,,134,,619,,140,,2,,579,358,,,482,,,,,,,349,,,,,,,,,,,,,,,,251,17,45,654,,,,,,,,,,109,,,,,,,64,,,65,,,,,,,,,,,,,,,,,16,,,,,,,,,56,,,,,,,,,,,,,,,10,,,,,59,,,,,,152,459,243,,253,233,398,,,,10,241,297,,,,,367,,,,399,75,,1270,,,,303,,100,,,,,,,,,,,85,59,,16,,,,450,,,,,146,,,207,,,,,,,,,,,,4,,,,,,,,,,,,133,136,39,,93,,,274,526,326,,,,201,,,,,,103,148,227,,28,279,132,80,196,58,139,,,107,41,52,273,318,62,1095,258,,107,195,120,,,,,,,,,,,,,,,,,,,,,,,,,,,,,,,,,,,,,,,,,,,,,,,,,,,,,392,795,227,,659,142,185,,115,393,133,90,153,33,205,156,300,261,164,,123,,361,,,231,,,,,,,,,,,,,,,,,,,,,,,,,,,,,,,,,486,101,104,161,31,226,,,529,,195,,,158,,,52,,,90,422,268,,,,,,,472,,,360,,184,128,,,,
2026-08-23T15:15:02+00:00,140,326,,,,41,,243,280,,198,,,,216,,,,,,,418,488,,,83,,,60,1310,29,,23,234,,,,,123,145,,,,,,,,,,,,,,,15,37,,52,,,,36,290,,232,,,,117,,,375,,,148,242,,,,,,,,,,,6,254,295,205,,619,,,,,408,203,,,138,,233,327,254,,,,10,745,,110,,,,300,459,,,,53,,,902,193,157,496,,16,229,,,,,,177,,,,,541,,,,,,247,,,,,,,,,,,,,,,,,,,357,,,479,,,,,357,609,,401,379,457,1315,434,140,240,238,96,265,330,524,284,,,253,17,,655,,,,,,,,,,111,,,,,,,65,,,,,98,,,,,,,,,,,,,,,22,,,,,,,,,57,,,,,,,,,,,,,,,12,,,,,,,,,,,153,460,240,190,252,235,400,,312,18,,240,295,,,327,395,362,,,,,,,1257,,,,306,,,,,,,,,,,,,83,62,28,,,,,449,,,,,148,,,210,,,,,,,,,,,,3,,,,,,,,,,,,132,,,106,91,,,275,527,330,,,,,,197,,,,,,224,,,280,138,86,197,55,141,856,5,106,40,51,,324,,1099,257,,108,196,114,,,,,,,,,,,,,,,,,,,,,,665,,175,,523,,,262,,316,,,,,118,,,,,,55,,,305,147,,,329,,,302,395,798,224,149,657,,188,,,,,,,,,,,,,,,,,,,,,,,,,,,,,,,,,,,,,,,,,,,,,,,,,,,,485,103,106,157,33,228,,,530,,196,,,,,153,49,,,94,,266,,,,,,,476,,,363,,181,127,,,123,
2026-08-23T15:20:01+00:00,139,328,,,590,38,139,244,283,,,275,,,218,,,,,,,417,492,,,84,,,64,1311,,78,24,232,,,,,,144,,,,,,,,,,,293,,,,16,38,,47,,,,37,291,,,71,,,,,,,,,149,241,238,139,,190,,174,,,,272,3,255,298,201,246,620,,,,,410,206,367,58,,,,329,253,,192,,12,743,,,242,250,194,297,463,,,,,,,,,,,,,,,,,,,,,,,,,,,,,,,,,,,,,165,,,127,,,,126,,1,,582,,,,478,,,,,,608,347,398,,,,,,,,,,,,,,,,17,47,661,,,,,,,,82,,118,,,,,,,64,,,66,,99,,,,,,46,,,,,,,,,25,,,,,,,,,58,,,,,,,,,,,,,,,14,,,,,,,,,,,150,461,241,,253,,399,,317,,11,239,293,,,,396,356,,,,400,76,,1254,,,,308,,,,,,,,,,,,,82,61,,17,,,,450,,,,,146,,,214,,,,,,,,,,,,,,,,,,,,,,,,131,,,107,93,,74,,,329,,,375,,,193,,,,,146,223,,,,137,90,,56,,,,107,,,,,,,,,,,,,,,,,,,,,,,,,,,,,,,,,,76,174,,527,,280,261,,,368,,,,,,,,,,58,,,304,148,,,,211,,300,399,793,225,,,141,187,,,,,,,,,,,,,,,,,,,,,,,,,,,,,,,,,,,,,,,,,,,,,,,,,,,,484,104,105,165,34,233,,,532,,,,,157,,155,,,,93,424,268,,,,,,,481,,,364,,184,126,,,,
2026-08-23T15:25:01+00:00,,330,,,588,37,134,247,289,,199,276,,,219,,,,,,482,416,493,,,85,,,,1313,30,76,26,233,,,,,125,148,,,,31,,,,,,,295,,84,,17,40,,48,,,,40,293,,,68,,,120,,,372,,,,242,236,138,354,189,,,,192,,,,,,,,,,,,,,,,,,,,,,,,,,,,,,,,,,,,,,,,906,,176,493,,11,246,,,,,,171,,,,,,,,,,175,,,,,,,,,,,,,,,,,,,,358,,572,,67,,,,,607,342,395,,,1310,440,146,253,235,,266,,522,281,167,,258,17,51,665,,,,,,,,83,,117,,,,,,,66,,,,,,,,,,,,,,,,,,,,17,,,,,,518,,,,129,,,,,,,,,,,,,,15,,,,,58,,,,,,149,467,,191,,237,,,321,19,,240,291,,,328,395,341,139,,,,74,,1236,,,,315,,,,,,,,,,,,,93,62,31,20,,,,,,,,,153,,,215,,,,,,,,,,,,2,,,,,,,,,,,,125,138,36,,95,,73,,533,324,,,376,199,,184,,,,,145,218,,29,,140,96,,63,144,,3,112,,50,275,321,,,263,,107,,111,,,,,,,,,,,,,,,,,,,,,,661,,175,,529,,281,,,315,369,,,,117,,,,,,60,,,305,,,,326,210,,,403,799,226,153,659,,189,65,116,394,138,95,154,,209,175,298,267,163,,135,24,362,,249,238,,,,,,,,,,,,,,,,,,,,,,,,,,,,,,,,,,103,104,167,,235,,,533,,198,,,158,,153,45,,,96,423,267,,,,,,,,,,,,185,127,,,,
2026-08-23T15:30:01+00:00,140,332,,,,,128,248,284,,202,281,,,216,,,,,,483,418,494,,,83,,,,1315,,77,32,,,,,,,,,,,30,,,,,,,294,,87,,,,,49,,,,39,291,,,,,,,,,376,,,150,241,,,,,,,,,,,1,,293,172,243,617,1,,,306,414,208,372,55,,,,328,247,,,,10,,,109,243,,193,299,469,,,450,49,,,,,,,,,,,,,,,,,,,,,,,,,,,,,,,,,166,,,118,,,,115,,,,,359,,571,479,,,,,,608,340,,,,,,,,,,,,,,165,,265,17,53,667,,,,,,,,,,119,,,,,,,65,,,,,,,,,,,,,,,,,,,,,,,,,,,,,,130,,,,,,,,,,,,,,13,,,,,,,,,,,146,469,242,,,,402,,323,,,239,289,,,,393,335,,,,398,,,1227,,,,324,,101,,,,,,,,,,,92,61,29,18,,,,,,,,,161,,,218,,,,,,,,,,,,8,,,,,,,,,,,,131,,34,108,94,,,273,534,322,,,375,201,,181,,,,,144,217,,,281,,92,,65,,,,,,61,277,320,,1096,268,,,,110,,,,,,,,,,,,,,,,,,,,,,660,,178,,,,280,262,,313,,,,,115,,,,,,62,,,306,146,,,323,209,,,,800,228,152,662,,191,,,,,,,,,,,,,,,,,,,,,,,,,,,,,,,,,,,,,,,,,,,,,,,,,,,,,104,102,170,,,,,530,,197,,,159,,154,43,,,,425,270,,,,,,,477,,,365,,184,129,,,128,
2026-08-23T15:35:02+00:00,141,333,,,582,40,129,247,286,,205,,,,,,,,,,482,417,501,,,,,,,1331,,,38,232,,,,,126,,,,,31,,,,,,,295,,86,,19,37,10,45,,,,45,,,233,70,1,,,,,375,,,149,239,234,137,357,185,,177,,,,,,,,,,,,,,,,,,,,,,,,,,,,,,,,,,,,,,,,,,907,192,192,489,,14,261,,,,,,169,,,,,,,,,,,,,,,,,,155,,,111,,,,121,,,,581,,,,,,,,,359,609,,396,,458,,441,148,255,230,97,,332,523,278,166,,267,17,51,668,,,,,,,,,,118,,,,,,,,,,67,,100,,,,,,48,,,,,,,,,12,,,,,,519,,,59,,,,,,,,,,,,,,,17,,,,,,,,,,,147,,246,192,,238,403,,320,,,240,285,,,329,,332,,,,396,73,,1220,,,,327,,100,,,,,,,,,,,91,65,,,,,,,,,,,169,,,226,,,,,,,,,,,,9,,,,,,,,,,,,135,,,109,93,,,272,533,319,,,377,202,,179,,,,101,,214,,,282,143,95,198,69,,,4,114,42,64,,317,,,270,,105,,107,,,,,,,,,,,,,,,,,,,,,,652,,177,,534,,,264,,312,368,,,,,,,,,,65,,,307,144,,,321,216,,301,405,803,225,151,664,140,190,,,,,,,,,,,,,,,,,,,,,,,,,,,,,,,,,,,,,,,,,,,,,,,,,,,,483,106,,168,33,231,285,,533,,,,,158,,155,45,,,97,427,269,,,,,,,479,,,366,,182,130,,,132,
2026-08-23T15:40:02+00:00,140,,55,154,,42,127,249,287,,204,284,,,212,,,,,,480,419,500,,,85,,,,1335,,79,,231,,,,,127,147,,,,,,,,,,,,,85,,20,36,9,47,,,,47,292,,,72,4,,,,,,,,,237,,,,,,,,,,271,3,264,297,156,238,615,3,,,,409,206,373,56,,118,236,327,253,,,795,9,,279,112,,251,194,301,476,,,,47,,,,,,,,,,,,,,,,,,,,,,,,,,,,,,,,,,,,,,,,,,,,,,,569,476,,,,,361,608,338,398,,,,,,,,,,,,,167,,263,17,55,672,,,,,,,,,,119,,,,,,,66,,,,,101,,,,,,,,,,,,,,,,,,,,,518,,,,,,,,,,,,,,,,,,18,,,,,60,,,,,,,468,247,193,254,,405,,322,21,,241,283,,,,392,322,,,,394,,,1206,,,,328,,,,,,,,,,,,,92,,30,,,,,,,,,,176,,,224,,,,,,,,,,,,8,,,,,,,,,,,,134,,32,,94,,,,,321,,,378,201,,,,,,,,213,,30,,,104,,71,,,7,115,,67,,318,,1097,271,,,197,112,,,,,,,,,,,,,,,,,,,,,,648,,176,,533,,281,263,,313,,,,,114,,,,,,,,,306,,,,319,218,,300,401,805,,155,662,,,68,115,392,140,99,155,31,211,179,296,272,157,,122,25,360,,248,240,,,,,,,,,,,,,,,,,,,,,,,,,,,,,,,,,,108,108,169,29,234,,,532,,,,,,,153,46,,,99,431,270,,,,,,,,,,365,,,127,,,,
2026-08-23T15:45:01+00:00,,335,,,,43,125,248,,,198,282,,,,,,,,,479,420,,,,87,,,,1337,,77,,230,,,,,126,148,,,,,,,,,,,,41,,,21,,10,,,,,45,,,,,,,,,,376,,,148,,229,144,358,190,204,181,,,,,,,,,,,,,,,,,,,,,,,,,,,,,,,,,,,,,,,,,,908,191,207,484,,13,279,,,,,,165,,,,,542,,,,,,,,,,,,,,,,95,,,,120,,6,,580,,,568,475,,,,,,610,,392,,459,1311,443,,252,229,,,,520,,,,266,17,56,671,,,,,,,,82,,121,,,,,,,68,,,,,99,,,,,,49,,,,,,,,,15,,,,,,,,,,,,,,,,,,,,,,,,21,,,,,,,,,,,,466,250,,256,237,,,323,17,,240,279,,,,391,320,,,234,,72,,1194,,,,326,,102,,,,,,,,,,,,,28,17,,,,,,,,,183,,,225,,,,,,,,,,,,4,,,,,,,,,,,,136,,,,,149,,,534,324,,,,202,,,,,,,145,212,,,,,103,,,146,,,118,,71,274,,,1096,277,,,,108,,,,,,,,,,,,,,,,,,,,,,,,,,,,,,,,,,,,,,,,,,,,,,,,,,,,,403,802,,151,663,,195,,,,,,,,,,,,,,,,,,,,,,,,,,,,,,,,,,,,,,,,,,,,,,,,,,,,484,109,107,170,28,237,,,,,198,,,160,,154,43,,,,433,272,,,,,,,483,,,364,,184,129,,,137,
2026-08-23T15:50:01+00:00,,,,,581,45,124,243,286,,200,281,,,210,,,,,,481,,502,,,86,,,65,1350,,81,39,229,,,,,128,,,,,30,,,,,,,294,,,,,,,44,,,,44,290,,,,6,,,,,372,,,147,235,,,,,,,,,,,,265,298,133,237,614,,,,,412,205,375,49,137,,234,330,252,,,796,7,746,,,244,250,,,490,,,,43,,,,,,,,,,,,,,,,,,,,,,,,,,,,,,,,,156,,,81,,620,,113,,2,,582,355,,570,,,,,,,,339,391,,,,,,,,,,,,,166,,267,17,59,680,,,,,,,,84,,123,,,,,,,69,,,66,,100,,,,,,,,,,,,,,,18,,,,,,,,,57,131,,,,,,,,,,,,,,20,,,,,,,,,,,,470,,,,238,,,328,16,,,,,,,,316,138,,236,,68,,1183,,,,328,,,,,,,,,,,,,,,,,,,,,,,,,186,,,220,,,,,,,,,,,,1,,,,,,,,,,,,151,139,,106,88,150,,271,532,336,,41,379,201,,176,,,,,149,216,,29,283,145,111,200,76,147,,5,122,41,,,,61,,,,,,,,,,,,,,,,,,,,,,,,,,,,649,,180,,531,,,261,,315,,,,,112,,,,,,66,,,,,,,310,216,,299,404,803,226,146,661,,189,,,,,,,,,,,,,,,,,,,,,,,,,,,,,,,,,,,,,,,,,,,,,,,,,,,,485,110,108,168,,244,,,531,,201,,,,,153,38,86,,98,434,270,,,,,,,489,,,374,,182,,,,,
2026-08-23T15:55:01+00:00,142,336,,,575,,127,241,,,198,,,,,,,,,,483,421,501,,,,,,64,1366,,82,42,,,,,,127,,,,,28,,,,,,,296,,84,,16,37,,47,,,,43,,,,74,8,,,,,,1,,,239,223,143,357,194,,,,,,268,6,267,,122,235,608,3,,,307,407,203,374,,,116,239,328,257,,193,,9,745,281,,246,251,193,299,506,,,,35,,,911,190,223,487,,18,288,,,,,,163,,,,,541,,,,,173,244,,,,,,,,,,,,,,,,,,,352,,569,,,,,,,609,337,389,,457,,441,,250,224,,267,333,515,276,172,,266,17,60,,,,,,,,,85,,,,,,,,,71,,,,,101,,,,,,50,,,,,,,,,26,,,,,,,,,,,,,,,,,,,,,,,,24,,,,,61,,,,,,146,473,251,,,239,407,,330,11,,,285,,,,392,318,,,,,65,,1172,,,,333,,101,,,,,,,,,,,95,,27,,,,,,,,,,189,,,219,,,,,,,,,,,,0,,,,,,,,,,,,160,,33,,,,,,531,332,,,,199,,174,1,,,100,,213,,30,,147,114,,78,,857,4,121,,79,280,327,,,276,,102,,110,,,,,,,,,,,,,,,,,,,,,,,,,,,,,,,,,,,,,,,,,,,,,,,,,,,,,405,802,225,141,663,139,,,,,,,,,,,,,,,,,,,,,,,,,,,,,,,,,,,,,,,,,,,,,,,,,,,,,484,108,111,163,31,246,,,533,,200,,,163,,,39,,,97,433,271,,,,,,,488,,,377,,180,126,,,,
2026-08-23T16:00:01+00:00,141,335,,,573,41,131,243,287,,197,279,,,,,,,,,482,,496,,,85,,,63,,,80,44,,,,,,126,146,,,,29,,,,,,,294,,,,15,36,,,,,,47,,,232,73,9,,,,,370,,,,,,,,,,,,,,,5,266,294,119,236,609,5,286,,,413,202,,48,,,242,330,258,,,,,744,,,247,,194,297,509,,,,,,,912,189,224,486,,20,292,,,,,,156,,,,,540,,,,,170,,,,,,,,,,,101,,618,,,,1,,579,356,,570,468,,,,,,610,335,387,,,,,,,,,,,,,170,,270,16,64,682,,,,,,,,82,,122,,,,,,,73,,,67,,103,,,,,,,,,,,,,,,40,,,,,,,,,64,,,,,,,,,,,,,,,27,,,,,62,,,,,,145,,253,,,241,,,328,10,,242,287,,,,393,,,,,392,63,,1167,,,,334,,99,,,,,,,,,,,93,64,29,,,,,,,,,,194,,,215,,,,,,,,,,,,1,,,,,,,,,,,,163,138,32,,87,,,,532,,,,377,,,,,,,101,148,,,,,144,,,,,,6,119,42,80,,332,,1095,273,,101,,109,,,,,,,,,,,,,,,,,,,,,,645,75,178,,532,,280,262,,313,367,,,164,,,,,,,64,,,,142,,,305,205,,297,403,801,226,144,665,140,186,69,114,,139,98,154,29,220,187,,273,158,,116,26,359,,249,241,,,,,,,,,,,,,,,,,,,,,,,,,,,,,,,,,485,,106,158,29,249,,,534,,198,,,160,,,,,,98,,,,,,,,,487,,,386,,181,128,,,,
2026-08-23T16:05:01+00:00,142,338,,,563,44,132,242,,,195,282,,,213,,,,,,483,420,498,,,,,,62,1372,,82,43,,,,,,128,148,,,,,,,,,,,293,,,,11,,,48,,,,52,289,,,74,8,,118,,,373,2,,,250,228,150,359,188,202,184,,,,,,,,,,,,,,,,,,,,,,,,,,,,,,,,,,,,,,,,,,,,,,,,,,,,,,,,,,,,,,,,,,,,,,,,147,,,96,,616,,,,,,576,353,,,469,,,,,359,609,332,388,382,,,440,147,251,219,,265,332,513,270,,,269,15,63,691,,,,,,,,81,,119,,,,,,,,,,66,,105,,,,,,,,,,,,,,,53,,,,,,,,,71,132,,,,,,,,,13,,,,,28,,,,,65,,,,,,146,469,252,194,,242,,,331,7,,,284,,,330,,320,,,,391,60,,1161,,,,336,,98,,,,,,,,,,,89,62,27,16,,,,,,,,,200,,,218,,,,,,,,,,,,6,,,,,,,,,,,,151,,,107,88,151,,270,,333,,,,200,,168,,,,102,146,214,,,,147,119,,,146,858,5,118,41,,,,60,,,,,,,,,,,,,,,,,,,,,,,,,,,,,,174,,528,,281,,,,366,,,,113,,,,,,63,,,,140,,,310,204,,298,398,,224,143,664,139,182,,,,,,,,,,,,,,,,,,,,,,,,,,,,,,,,,,,,,,,,,,,,,,,,,,,,483,,107,159,30,247,,,532,,202,340,,162,,154,37,,,102,434,272,,,,,,,494,,,,,182,126,,,148,
2026-08-23T16:10:01+00:00,,337,,,567,42,126,,288,,198,,,,215,,,,,,486,422,499,,,86,,,,1375,,,45,,,,,,,147,,,,,,,,,,,294,,86,,9,35,9,,,177,,51,,,,76,9,,,,,,1,,,251,,,,,,,,,,,15,269,298,117,239,,,,,,414,201,,49,,,245,332,,,,797,7,,279,,246,,192,299,507,,,,36,,,916,191,241,490,,11,307,,,,,,148,,,,,,,,,,169,243,,,,,,,,,,,,,,,,,,,350,,569,470,,,,,358,611,,387,,,,,,,,,,,,,,,265,15,65,,,,,,,,,80,,118,,,,,,,,,,65,,106,,,,,,,,,,,,,,,74,,,,,,519,,,84,134,,,,,,,,,26,,,,,29,,,,,,,,,,,145,,253,195,,,,,335,9,,,283,,,,,318,137,,235,,,,1158,,,,335,,,,,,,,,,,,,90,,26,18,,,,,,,,,203,,,208,,,,,,,,,,,,3,,,,,,,,,,,,145,,31,,86,,,271,530,331,,,378,199,38,166,,,,101,147,,,29,284,153,123,,76,148,859,7,120,42,82,276,,,1090,272,,100,196,113,,,,,,,,,,,,,,,,,,,,,,,,,,,,,,,,,,,,,,,,,,,,,,,,,,,,,399,802,228,145,665,138,179,,,,,,,,,,,,,,,,,,,,,,,,,,,,,,,,,,,,,,,,,,,,,,,,,,,,,109,109,166,32,244,,,,,201,,,,,153,,,,101,,273,,,,,,,497,,,,,185,,,,158,
2026-08-23T16:15:01+00:00,,338,56,,572,43,,,289,,193,,,,214,,,,,,488,421,495,,,87,,,63,1376,,81,44,230,,,,,126,,,,,,,,,,,,298,,,,,40,8,53,,,,55,286,,233,75,6,,,,,377,3,,146,252,225,151,364,189,,187,,,,,,,,,,,,,,,,,,,,,,,,,,,,,,,,,,,,,,,,,,,,,,,,,,,,,,,,,,,,,,,,,,,,,,,,143,,,92,,611,,109,,1,,577,352,,,,,,,,362,610,,385,381,456,1309,437,148,257,217,,264,331,509,264,,,258,15,66,702,,,,,,,,79,,120,,,,,,,74,,,,,,,,,,,,,,,,,,,,73,,,,,,520,,,,,,,,,,,,,40,,,,,,,,,,,,,,,,,467,,,255,244,406,,334,,,,281,,,,394,314,,,,389,,,1154,,,,,,99,,,,,,,,,,,91,61,,15,,,,,,,,,213,,,204,,,,,,,,,,,,,,,,,,,,,,,,143,,30,105,,,,272,531,332,,,,198,,165,,,,,148,,,,,,,,,,,,119,43,,,,,,,,,,,,,,,,,,,,,,,,,,,,,,,,640,,173,,537,,280,261,,312,,,,163,114,,,,,,64,,,305,,,,,206,,,402,803,227,,666,139,171,67,118,393,143,105,,34,208,198,283,271,156,,98,,356,,,244,,,,,,,,,,,,,,,,,,,,,,,,,,,,,,,,,484,110,110,169,36,248,,100,535,,204,,,163,,151,36,,,105,435,,,,,,,,496,,,389,,,127,,,156,
2026-08-23T16:20:01+00:00,140,337,,,581,45,124,245,293,,194,284,,,211,,,,,,492,419,498,,,86,,,62,1375,,82,39,,,,,,,150,,,,,,,,,,,,42,85,,5,,11,50,,,,56,288,,,77,,,120,,,376,,,145,251,,,,,,,,,,269,17,266,296,114,244,604,14,287,,,,202,,52,135,,240,336,265,,,796,10,746,278,,247,253,191,293,504,,,,37,,,,192,,494,,13,319,,,,,,137,,,,,,,,,,,,,,,,,,137,,,100,,612,,110,,,,,351,,572,,,,,,,609,334,383,,,,,,,,,,,,,176,,257,15,71,705,,,,,,,,78,,123,,,,,,,,,,,,,,,,,,,,,,,,,,,74,,,,,,,,,86,,,,,,,,,,57,,,,,32,,,,,66,,,,,,,468,256,,254,243,,,,8,,,279,,,,,313,,,,388,61,,,,,,,,100,,,,,,,,,,,88,,27,16,,,,,,,,,216,,,202,,,,,,,,,,,,0,,,,,,,,,,,,137,,31,107,90,152,,,527,335,,42,377,195,,167,,,,,147,213,,,,158,126,,78,149,860,9,120,,84,277,343,,1095,274,,104,,,,,,,,,,,,,,,,,,,,,,,,641,74,172,,545,,,,,313,367,,,162,,,,,,,65,,,306,,,,311,,,,403,802,228,,,,164,,,,,,,,,,,,,,,,,,,,,,,,,,,,,,,,,,,,,,,,,,,,,,,,,,,,,112,112,173,34,252,,,536,,206,,,,,150,38,,,107,437,274,,,,,,,,,,396,,188,128,,,,
2026-08-23T16:25:01+00:00,,,,,579,46,125,246,296,,190,283,,,209,,,,,,496,417,495,,,89,,,,1376,,83,42,,,,,,127,,,,,28,,,,,,,299,,,,1,,12,51,,,,,286,,,,9,,,,,,,,146,,224,157,363,,,,,,,,,,,,,,,,,,,,,,,,,,,,,,,,,,,,,,,,,,,,,923,194,253,497,,11,325,,,,,,130,,,,,539,,,,,168,,,,,,,,,,,,,,,,,,,,350,,,469,,,,,,608,332,,,459,1303,433,152,277,213,99,,328,508,260,175,,260,15,72,713,,,,,,,,81,,124,,,,,,,,,,66,,108,,,,,,51,,,,,,,,,80,,,,,,,,,,,,,,,,,,,68,,,,,33,,,,,,,,,,,147,467,259,194,,242,407,,330,9,10,244,284,,,,,326,,,,,59,,1153,,,,337,,101,,,,,,,,,,,89,65,25,15,,,,,,,,,220,,,197,,,,,,,,,,,,,,,,,,,,,,,,131,,32,108,87,,72,273,528,333,,,376,,37,166,,,,99,145,212,,,286,161,125,,79,,861,10,,,,278,339,,,276,,101,197,108,,,,,,,,,,,,,,,,,,,,,,653,,,,548,,,262,,314,365,,,163,,,,,,,,,,307,,,,304,204,,,404,800,231,141,667,140,158,,,,,,,,,,,,,,,,,,,,,,,,,,,,,,,,,,,,,,,,,,,,,,,,,,,,483,114,,180,36,258,,,537,,,,,162,,148,39,,,,,273,,,,,,,495,,,399,,189,130,,,,
2026-08-23T16:30:01+00:00,143,339,,,580,45,128,250,302,,,281,,,207,,,,,,495,,494,,,,,,63,1377,,82,41,231,,,,,,,,,,,,,,,,,302,,,,4,41,11,50,,,,58,,,,76,8,,,,,,,,144,252,,158,364,191,203,,,,,268,18,268,292,117,243,603,22,,,306,426,199,,47,,117,241,,263,,192,795,13,749,277,114,250,255,189,288,512,,,449,,,,,,,,,,,,,,,,,,,,,,,,,,,,,,,,,,140,,,98,,611,,111,,,,578,348,,,470,,,,,,607,330,382,,,,,,,,,,,,,172,,258,15,71,716,,,,,,,,79,,120,,,,,,,77,,,,,109,,,,,,,,,,,,,,,87,,,,,,,,,,135,,,,,,,,,77,,,,,,,,,,67,,,,,,149,468,,,256,,,,329,8,,245,289,,,,392,,,,,386,58,,,,,,335,,102,,,,,,,,,,,87,66,,16,,,,,,,,,,,,191,,,,,,,,,,,,,,,,,,,,,,,,122,,33,107,,,71,272,525,330,,,375,,,,,,,,148,211,,28,,159,131,,,148,,11,122,44,,,,,,,,,,,,,,,,,,,,,,,,,,,,,,,,,,,,,,,,,,,,,,115,,,,,,63,,,308,139,,,,202,,,406,798,234,140,669,,152,68,114,395,142,101,153,40,215,193,277,272,155,,94,,358,,251,248,,,,,,,,,,,,,,,,,,,,,,,,,,,,,,,,,485,119,115,179,33,257,,,536,,210,,,161,,149,37,,,,439,,,,,,,,496,,,401,,,132,,,,
2026-08-23T16:35:02+00:00,144,342,,,578,48,130,253,306,,192,283,,,209,,,,,,496,412,496,,,90,,,,,29,83,43,,,,,,132,,,,,27,,,,,,,,43,86,,7,42,,51,,,,57,285,,,77,,,,,,378,2,,,,,,,,,,,,,,,,,,,,,,,,,,,,,,,,,,,,,,,,,,,,,,,,,,,921,,268,496,,14,338,,,,,,129,,,,,538,,,,,169,245,,,,,,,142,,,94,,612,,114,,1,,,343,,,469,,,,,363,609,329,380,382,458,1301,438,153,280,208,,265,329,502,,,,260,15,73,723,,,,,,,,,,122,,,,,,,,,,,,107,,,,,,,,,,,,,,,84,,,,,,519,,,84,134,,,,,,,,,81,,,,,,,,,,68,,,,,,,463,263,200,255,243,409,,,9,6,,290,,667,,391,324,,,,383,59,,,,,,343,,103,,,,,,,,,,,86,,24,,,,,,,,,,225,,,178,,,,,,,,,,,,,,,,,,,,,,,,111,,31,108,88,,,,527,,,,376,,,,,,,,,213,,,,158,140,,82,,863,,,45,87,276,338,61,1096,273,,98,198,104,,,,,,,,,,,,,,,,,,,,,,650,72,171,,552,,279,260,,311,364,,,161,114,,,,,,61,,,,135,,,303,199,,299,405,801,233,,668,,144,,,,,,,,,,,,,,,,,,,,,,,,,,,,,,,,,,,,,,,,,,,,,,,,,,,,486,120,112,182,37,263,,,535,,212,,,160,,148,36,,,109,437,274,,,,,,,495,,,407,,190,133,,,169,
2026-08-23T16:40:01+00:00,146,,,,576,49,137,255,305,,191,284,,,217,,,,,,,409,499,,,92,,,64,1378,30,81,41,,,,,,137,,,,,29,,,,,,,304,,,,5,,,47,,,,58,284,,,76,7,,,,,380,,,,,222,159,365,194,,190,,,,267,20,269,287,123,240,604,17,288,,307,419,,373,57,,,245,,274,,187,,16,752,276,,,,188,293,526,,,,38,,,,,,,,,,,,,,,,,,,,,,,,,,,,,,,,,,,,,,,,,,,,,341,,573,468,,,,,364,608,325,,,,,,,,,,,,,,169,,264,15,74,725,,,,,,,,,,123,,,,,,,,,,67,,106,,,,,,,,,,,,,,,81,,,,,,517,,,83,,,,,,,,,,91,,,,,35,,,,,,,,,,,148,464,,201,,244,,,,10,5,246,,,,,393,320,,,,385,,,,,,,345,,104,,,,,,,,,,,89,68,,,,,,,,,,,239,,,159,,,,,,,,,,,,,,,,,,,,,,,,105,,,106,89,,,271,530,331,,43,377,194,,168,,,,,,216,,,288,162,145,,81,,864,16,121,46,89,275,341,62,1097,272,,99,,115,,,,,,,,,,,,,,,,,,,,,,,,,,,,,,,,,,,,,,,,,,,,,,,,,,,,,407,,234,141,667,139,138,,,,,,,,,,,,,,,,,,,,,,,,,,,,,,,,,,,,,,,,,,,,,,,,,,,,485,,113,184,36,266,,,,,214,,,,,,38,,,,438,275,,,,,,,497,,,406,,189,,,,,
2026-08-23T16:45:01+00:00,147,344,,,573,50,140,254,,,194,273,,,219,,,,,,497,402,,,,,,,65,,,79,47,,,,,,,,,,,30,,,,,,,,44,89,,7,44,,43,,,,60,282,,,,9,,,,,379,3,,,251,,,,,,,,,,268,24,267,289,122,,,13,,,306,425,198,,64,,,243,332,278,,186,,19,749,277,,251,260,189,,537,,,,35,,,919,,276,495,,12,346,,,,,,121,,,,,537,,,,,167,248,,,,,,,135,,,93,,615,,115,,5,,577,340,,574,466,,,,,365,609,321,384,,457,1300,441,,279,,100,,,505,,170,,263,15,71,727,,,,,,,,,,,,,,,,,75,,,,,108,,,,,,,,,,,,,,,80,,,,,,,,,81,,,,,,,,,,99,,,,,,,,,,67,,,,,,,459,264,,,246,410,,327,7,2,244,,,,,391,324,,,,,58,,1155,,,,347,,102,,,,,,,,,,,,,25,15,,,,,,,,,241,,,143,,,,,,,,,,,,,,,,,,,,,,,,108,,,108,,,,272,,330,,,379,,,169,,,,,,220,,,287,163,143,,83,147,,15,122,47,91,274,335,,1095,265,,100,,,,,,,,,,,,,,,,,,,,,,,,645,73,170,,555,,,262,,314,,,,,115,,,,,,62,,,307,134,,,304,201,,297,406,798,236,140,668,140,128,67,111,,,102,151,42,211,192,281,270,,,,,354,,,,,,,,,,,,,,,,,,,,,,,,,,,,,,,,,,,,,122,,188,31,,286,,534,,217,,,162,,147,,,,108,,277,,,,,,,,,,410,,191,,,,170,
2026-08-23T16:50:02+00:00,149,343,,,,51,144,255,310,,,272,,,,,,,,,496,401,502,,,,,,,1377,,78,,230,,,,,,,,,,29,,,,,,,,,93,,,46,,,,176,,61,,,,75,,,,,,376,4,,143,253,226,160,367,195,,192,,,,,,,,,,,,,,,,,,,,,,,,,,,,,,,,,,,,,,,,,,920,193,,496,,14,348,,,,,,119,,,,,539,,,,,166,249,,,,,,,,,,,,,,,,,,,338,,576,464,,,,,367,606,318,382,,,,,,,,,,,,,168,,,15,73,731,,,,,,,,,,121,,,,,,,72,,,69,,,,,,,,,,,,,,,,,70,,,,,,516,,,,,,,,,,,,,102,,,,,,,,,,,,,,,,147,,263,,,247,409,,326,,0,245,292,,666,,390,316,,,234,388,60,,1156,,,,345,,,,,,,,,,,,,91,67,26,14,,,,,,,,,247,,,142,,,,,,,,,,,,,,,,,,,,,,,,126,,,107,91,,,,532,329,,,377,,,165,,,,98,149,218,,29,286,166,151,,85,148,863,17,124,,92,272,337,,1094,264,,97,,107,,,,,,,,,,,,,,,,,,,,,,643,,169,,560,,281,263,,315,363,,,,,,,,,,63,,,306,133,,,307,202,,,407,799,234,139,671,139,127,,,,,,,,,,,,,,,,,,,,,,,,,,,,,,,,,,,,,,,,,,,,,,,,,,,,,123,112,192,29,268,,,536,,215,,,159,,,34,,,113,439,274,,,,,,,502,,,412,,194,138,,,172,
2026-08-23T16:55:02+00:00,150,342,,,580,49,147,252,312,,195,,,,218,,,,,,497,397,500,,,94,,,64,1378,,77,,229,,,,,139,,,,,30,,,,,,,,,95,,4,45,,,,,,,283,,,76,7,,,,,,,,142,254,,,,,,,,,,269,25,266,286,,,606,15,,,305,428,197,374,69,,,242,331,281,,184,,,752,276,,,255,191,298,540,,,,36,,,,,,,,,,,,,,,,,,,,,,,,,,,,,,,,,130,,,85,,614,,110,,3,,579,335,,575,461,,,,,370,601,315,381,,455,,,,283,204,,,,506,258,,,259,15,,736,,,,,,,,80,,,,,,,,,75,,,70,,107,,,,,,52,,,,,,,,,64,,,,,,,,,78,,,,,,,,,,105,,,,,,,,,,,,,,,,149,454,264,,256,,,,329,6,1,,295,,,,389,317,,,,391,59,,1157,,,,347,,103,,,,,,,,,,,,65,25,15,,,,,,,,,255,,,124,,,,,,,,,,,,,,,,,,,,,,,,122,,,108,92,,,,534,332,,,,193,,160,,,,99,150,222,,,,165,154,,,,,,126,,,273,334,,1098,259,,94,,,,,,,,,,,,,,,,,,,,,,,,645,,170,,574,,280,,,312,,,,160,117,,,,,,62,,,304,,,,308,197,,294,408,801,232,141,672,,122,,,,,,,,,,,,,,,,,,,,,,,,,,,,,,,,,,,,,,,,,,,,,,,,,,,,483,124,114,190,30,273,,,542,,214,,,160,,148,32,,,115,438,275,,,,,,,506,,,415,,193,139,,,176,
2026-08-23T17:00:01+00:00,,341,,,576,48,148,253,317,,196,274,,,221,,,,,,,394,503,,,95,,,,,,70,,,,,,,143,,,157,,29,,,,,,,,,98,,0,44,,45,,177,,56,285,,234,77,9,,,,,377,3,,,255,239,165,369,,,190,,193,,,,,,,,,,,,,,,,,,,,,,,,,,,,,,,,,,,,,,,,927,,,497,,22,351,,,,,,115,,,,,,,,,,165,,,,,,,,,,,,,,,,,,,,334,,,462,,,,,372,595,,379,,,,,,,,,,,,,,,258,16,75,738,,,,,,,,81,,120,,,,,,,77,,,,,,,,,,,,,,,,,,,,57,,,,,,,,,81,,,,,,,,,,106,,,,,39,,,,,,,,,,,148,451,265,,257,248,410,,327,4,,,299,,,329,390,312,,,,394,58,,,,,,349,,102,,,,,,,,,,,,67,,16,,,,,,,,,261,,,111,,,,,,,,,,,,,,,,,,,,,,,,118,,30,105,91,,,274,,333,,,,,,158,,,,,151,223,,,285,,155,,86,,,27,129,48,91,275,336,,1105,258,,92,,104,,,,,,,,,,,,,,,,,,,,,,,,,,,,,,,,,,,,,,,,,,,,,,,,,,,,,411,804,,146,674,140,117,66,105,392,,99,149,40,217,195,283,,,,95,,357,,,244,,,,,,,,,,,,,,,,,,,,,,,,,,,,,,,,,,123,,208,29,274,,,543,,212,,,,,146,30,,,116,440,279,,,,,,,513,,,420,,194,140,,,178,
2026-08-23T17:05:01+00:00,149,342,,,578,51,149,254,316,,202,273,,,,,,,,,496,391,501,,,94,,,,1379,,76,50,,,,,,142,,,156,,,,,,,,,311,43,96,,,47,,49,,178,,53,286,,,76,8,,,,,376,5,,145,258,,,,,,,,,,,35,262,282,121,237,604,10,287,,,435,196,372,65,134,,243,332,284,,185,,18,760,,,253,257,193,297,548,,,,33,,,,,,,,,,,,,,,,,,,,,,,,,,,,,,,,,136,,,83,,613,,,,2,,,331,,,460,,,,,377,593,314,378,,453,,434,155,282,206,,,,504,,173,,,16,,737,,,,,,,,,,122,,,,,,,78,,,,,,,,,,,,,,,,,,,,,,,,,,,,,82,,,,,,,,,,108,,,,,,,,,,,,,,,,147,,267,203,,249,,,322,5,,243,293,,,330,,,,,,392,,,1159,,,,350,,107,,,,,,,,,,,92,,22,,,,,449,,,,,263,,,97,,,,,,,,,,,,,,,,,,,,,,,,121,137,,,,,,272,533,327,,,,192,,,,,,,152,227,,30,,170,158,,89,147,865,28,131,47,89,,338,,,254,,91,,103,,,,,,,,,,,,,,,,,,,,,,643,,168,,575,,,,,,362,,,,118,,,,,,63,,,,131,,,307,194,,,,810,235,,,,109,,,,,,,,,,,,,,,,,,,,,,,,,,,,,,,,,,,,,,,,,,,,,,,,,,,,,124,113,206,32,273,287,,,,210,,,161,,142,34,,,114,,282,,,,,,,516,,,428,,196,141,,,179,
2026-08-23T17:10:02+00:00,150,343,,,580,53,,255,317,,204,276,,,218,,,,,,495,,505,,,95,,,65,,,80,51,230,,,,,143,,,,,,,,,,,,319,,104,,,,,57,,,,54,287,,,77,9,,,,,375,6,,154,,242,172,373,197,201,195,,,,268,36,,278,123,234,603,5,286,,304,442,,,69,,,,327,287,,184,796,20,761,,115,,260,192,295,552,,,,38,,,940,199,275,496,,24,362,,,,,,112,,,,,541,,,,,166,,,,,,,,130,,,86,,614,,108,,,,582,,,,458,,,,,381,588,311,375,,,,,,,,,,,,,178,,257,17,77,744,,,,,,,,,,128,,,,,,,80,,,,,,,,,,,,,,,,,,,,61,,,,,,,,,84,,,,,,,,,,109,,,,,40,,,,,,,,,,,,,266,,,250,411,,323,4,0,,295,,,331,,313,136,,,393,56,,1161,,,,348,,108,,,,,,,,,,,91,66,,15,,,,450,,,,,267,,,79,,,,,,,,,,,,,,,,,,,,,,,,122,,31,104,94,,,,532,328,,,,,,161,,,19,,,228,,,,171,161,,91,,,,,,87,,340,,1106,259,,92,,,,,,,,,,,,,,,,,,,,,,,,,,167,,,,,261,,315,,,,,119,,,,,,,,,305,129,,,304,193,,,413,809,239,148,,141,100,,,,,,,,,,,,,,,,,,,,,,,,,,,,,,,,,,,,,,,,,,,,,,,,,,,,,,114,211,,274,,,544,,215,,,,,,35,,,,441,,,,,,,,520,,,425,,197,140,,,,
2026-08-23T17:15:01+00:00,,,,,579,56,158,258,316,,205,277,,,,,,,,,,,506,,,,,,,1381,29,84,52,,,,,,142,,,,,,,,,,,,331,42,106,,,44,,58,,,,59,289,,,,6,,,,,,,,159,257,,,,,,,,,,,,,,,,,,,,,,,,,,,,,,,,,,,,,,,,,,,,,,,,,,,,,,,,,,,,,,,,,,,,,,,,,,,,,,,,,,,,,,,,,,330,,,459,,,,,386,,309,,,452,,444,158,293,204,101,,328,502,260,177,,250,17,79,745,,,,,,,,,,,,,,,,,,,,,,,,,,,,,,,,,,,,,57,,,,,,,,,,,,,,,,,,,112,,,,,,,,,,69,,,,,,151,453,267,,255,252,,,336,,,245,294,,667,,391,315,135,,,,,,1160,,,,351,,107,,,,,,,,,,,,63,23,16,,,,,,,,,273,,,76,,,,,,,,,,,,,,,,,,,,,,,,,,,,,,,,,,,,,,,,,,,,,,,,,,,,,,,,,,89,,,,1104,263,,91,,,,,,,,,,,,,,,,,,,,,,,,641,,168,,568,,,262,,,,,,161,118,,,,,,,,,303,128,,,,192,,,,,,,,,,,,,,,,,,,,,,,,,,,,,,,,,,,,,,,,,,,,,,,,,,,,,,,,,,,,,,123,112,218,31,,,,546,,214,,,,,,31,,,118,443,281,,,,,,,519,,,428,,202,141,,,,
2026-08-23T17:15:02+00:00,,,,,,,,,,,,,,,,,,,,,,,,,,,,,,,,,,,,,,,,,,,,,,,,,,,,,,,,,,,,,,,,,,,,,,,,,,,,,,,,,,,,,,,,,,,,,,,,,,,,,,,,,,,,,,,,,,,,,,,,,,,,,,,,,,,,,,,,,,,,,,,,,,,,,,,,,,,,,,,,,,,,,,,,,,,,,,,,,,,,,,,,,,,,,,,,,,,,,,,,,,,,,129,,,,,,,,,,,,,,,,,,,,,,,,,,,,,,,,,,,,,,,,,,,,,,,,,,,,,,,,,,,,,,,,,,,,,,,,,,,,,,,,,,,,,,,,,,,,,,,,,,,,,,,,,,,,,,,,,,,,,,,,,,,,,,,,,,,,,,,,,,,,,,124,,,,,,,,530,326,,,,,,162,,,,,151,231,,,286,172,164,,92,148,,,,,,,,,,,,,,,,,,,,,,,,,,,,,,,,,,,,,,,,,,,,,,,,,,,,,,,,,,,,,,,,,,,415,,240,152,675,139,95,,,,,,,,,,,,,,,,,,,,,,,,,,,,,,,,,,,,,,,,,,,,,,,,,,,,,,,,,,,,,,,,,,,,,,,,,,,,,,,,,,,,,,,,,,
2026-08-23T17:20:02+00:00,,344,,,578,60,162,,315,,208,278,,,214,,,,,,499,,,,,,,,66,1380,,85,55,,,,,,144,151,,,,,,,,,,,340,,111,,,41,12,59,,177,,58,290,,,,4,,121,,,378,,,160,259,237,174,,,,197,,,,270,41,,281,126,235,606,8,,,,441,195,376,77,,,247,328,290,,185,,,,275,,,264,,296,,,,,39,,,,,276,493,,23,367,,,,,,108,,,,,,,,,,163,248,,,,,,,123,,,82,,615,,107,,14,,585,,,,458,,,,,391,587,305,374,,,,,,,,,,,,,178,,,17,76,750,,,,,,,,82,,131,,,,,,,82,,,,,,,,,,,,,,,,,,,,49,,,,,,518,,,85,135,,,,,,,,,119,,,,,42,,,,,,,,,,,153,452,270,204,,,413,,347,5,,246,297,,,332,388,314,134,,,395,,,1161,,,,,,,,,,,,,,,,,92,64,22,15,,,,,,,,,277,,,75,,,,,,,,,,,,,,,,,,,,,,,,,,32,,95,,70,271,527,330,,,378,,,163,,,17,,150,236,,29,287,173,167,,91,147,,,132,46,91,273,342,63,1099,269,,,,104,,,,,,,,,,,,,,,,,,,,,,644,72,169,,571,,279,261,,316,361,,,160,,,,,,,,,,301,127,,,298,194,,292,416,812,,,,,93,68,109,391,,96,151,,,194,286,268,157,,107,27,362,,250,242,,,,,,,,,,,,,,,,,,,,,,,,,,,,,,,,,482,128,119,,35,278,,,550,,218,,,,,143,,,,,,,,,,,,,521,,,437,,208,,,,,
2026-08-23T17:25:01+00:00,152,345,,155,579,59,166,261,313,,,279,,,,,,,,,,392,510,,,96,,,,1381,30,81,54,,,,,,145,,,155,,,,,,,,,352,,117,,,49,,58,,,,60,,,,,7,,122,,,377,7,,159,260,227,175,,201,202,203,,,,,,,,,,,,,,,,,,,,,,,,,,,,,,,,,,,,,,,,,,,,,,,,,,,,,,,,,,,,,,,,,,,,,,,,121,,,94,,614,,114,,42,,584,329,,,,,,,,398,590,302,,381,453,1301,453,159,309,206,,,330,,261,,,,15,82,,,,,,,,,,,132,,,,,,,81,,,,,,,,,,,,,,,,,,,,47,,,,,,,,,,136,,,,,,,,,,,,,,43,,,,,,,,,,,156,,269,,253,,415,,365,7,,,296,,,333,,316,133,,,,60,,,,,,352,,109,,,,,,,,,,,95,65,,,,,,449,,,,,276,,,76,,,,,,,,,,,,,,,,,,,,,,,,127,,31,,97,,71,269,526,331,,,377,190,,165,,,,98,155,,,,,172,171,,92,,,31,131,,,274,336,64,1094,275,,,,99,,,,,,,,,,,,,,,,,,,,,,,,,,,,,,,,,,,,,,,,,,,,,,,,,,197,,,,813,244,151,,141,89,,,,,,,,,,,,,,,,,,,,,,,,,,,,,,,,,,,,,,,,,,,,,,,,,,,,481,,122,223,38,281,,,549,,215,,,162,,145,32,,,,448,283,,,,,,,526,,,440,,211,140,,,203,
2026-08-23T17:30:01+00:00,153,344,,,578,58,170,258,,,209,280,,,215,,,,,,,391,511,,,,,,,,,83,53,,,,,,146,,,152,,,,,,,,,362,,120,,,50,,,,178,,58,291,,,,,,,,,378,4,,160,,,,,,,,,,,272,43,266,273,129,234,607,5,287,,303,,197,,76,,,249,330,284,,184,,23,760,276,114,254,263,,295,553,,,,,,,941,197,280,492,,25,366,,,,,,115,,,,,,,,,,165,247,,,,,,,,,,,,,,,,,,,327,,573,461,,,,,403,,294,375,,,,,,,,,,,,,,,249,15,,752,,,,,,,,83,,131,,,,,,,83,,,,,,,,,,,,,,,,,,,,37,,,,,,515,,,,,,,,,,,,,121,,,,,45,,,,,72,,,,,,152,454,267,203,,,,,,6,-1,245,300,,,,389,320,,,,397,63,,1162,,,,351,,111,,,,,,,,,,,93,62,,,,,,,,,,,,,,78,,,,,,,,,,,,2,,,,,,,,,,,,,138,33,107,,,,270,,333,,,378,189,,167,,,,,153,235,,30,285,,173,,96,148,864,29,,45,93,277,337,,,280,,90,199,102,,,,,,,,,,,,,,,,,,,,,,643,73,171,,570,,278,,,315,359,,,,,,,,,,,,,300,126,,,299,,,295,417,,242,152,679,142,85,,,,,,,,,,,,,,,,,,,,,,,,,,,,,,,,,,,,,,,,,,,,,,,,,,,,483,129,,242,36,285,,,,,216,,,164,,146,35,,,120,449,281,,,,,,,528,,,450,,215,142,,,,
2026-08-23T17:35:01+00:00,,,,,573,59,178,263,312,,212,279,,,221,,,,,,,392,,,,,,,68,1383,,84,54,231,,,,,145,,,148,,,,,,,,,371,,,,,51,,62,,,,57,290,,233,,,,123,,,377,6,,162,262,224,179,,199,,205,,,,,48,269,269,,230,606,4,,,,438,,375,74,,,,331,290,161,182,,24,759,277,,,262,191,,555,,,,,,,,,,,,,,,,,,,,,,,,,,,,,,,,,,,,,126,,,92,,615,,118,,56,,583,326,,572,,,,,,407,591,288,377,,452,1304,462,,314,208,102,266,329,500,262,,,251,15,80,755,,,,,,,,82,,,,,,,,,,,,,,,,,,,,,,,,,,,,,38,,,,,,,,,86,,,,,,,,,,123,,,,,44,,,,,,,,,,,144,455,266,205,254,253,,,367,7,0,246,,,,,388,322,,,,398,65,,1163,,,,355,,112,,,,,,,,,,,,63,23,16,,,,450,,,,,277,,,79,,,,,,,,,,,,,,,,,,,,,,,,128,137,,106,,153,,271,527,335,,,379,188,,,,,,,152,234,,,278,174,172,,98,,,30,,44,99,,345,,,283,,,201,106,,,,,,,,,,,,,,,,,,,,,,646,74,172,,572,,277,260,,319,,,,159,117,,,,,,62,,,,,,,293,199,,296,420,814,243,151,681,143,84,,113,389,143,94,150,,,199,289,271,158,,104,28,359,,251,248,,,,,,,,,,,,,,,,,,,,,,,,,,,,,,,,,481,,,244,37,281,,,552,,218,,,166,,147,,,,125,450,282,,,,,,,532,,,455,,218,144,,,228,
2026-08-23T17:40:01+00:00,155,,,,574,,180,266,315,,215,,,,234,,,,,,,393,512,,,97,,,69,,,79,57,,,,,,,152,,147,,30,,,,,,,375,,,,,,,60,,,,60,292,,,,8,,124,,,379,,,,264,,,,,,,,,,,,,,,,,,,,,,,,,,,,,,,,,,,,,,,,,,,,,,,,,,,,,,,,,,,,108,,,,,,,,,,164,248,,,,,,,,,,,,,,,,,,,325,,569,463,,,,,411,590,278,378,,,,,,,,,,,,,182,,,16,78,761,,,,,,,,,,,,,,,,,,,,,,,,,,,,,,,,,,,,,36,,,,,,,,,87,,,,,,,,,,122,,,,,,,,,,73,,,,,,,,,,,,,,,,,245,,,666,,,321,,,,401,,,,,,,354,,,,,,,,,,,,,,66,25,,,,,,,,,,278,,,83,,,,,,,,,,,,,,,,,,,,,,,,130,,,107,99,,,272,,339,,,,,,168,,,,97,155,,,,275,,171,,99,,,31,132,45,102,,349,,1093,285,,91,,108,,,,,,,,,,,,,,,,,,,,,,,,,,,,,,,,,,,,,,,,,,,,,,,,,,,,,422,815,239,152,683,,83,,,,,,,,,,,,,,,,,,,,,,,,,,,,,,,,,,,,,,,,,,,,,,,,,,,,483,,125,253,35,283,,,553,,219,,,168,,145,,,,127,451,283,,,,,,,531,,,460,,216,148,,,,
2026-08-23T17:40:02+00:00,,,,,,,,,,,,,,,,,,,,,,,,,,,,,,,,,,,,,,,,,,,,,,,,,,,,,,,,,,,,,,,,,,,,,,,,,,,,,,,,,,,,,,,,,,,,,,,,,,,,,,,,,,,,,,,,,,,,,,,,,,,,,,,,,,,,,,,,,,,,,,,,,,,,,,,,,,,,,,,,,,,,,,,,,,,,,,,,,,,,,,,,,,,,,,,,,,,,,,,,,,,83,,136,,,,,,,,,,,,,,,,,,,,,,,,,,,,,,,,,,,,,,,,,,,,,,,,,,,,,,,,,,,,,,143,456,,206,,,416,,365,8,,,,,,,,,,,,,,,,,,,,,,,,,,,,,,,,,,,,,,,,,,,,,,,,,,,,,,,,,,,,,,,,,,,,,,,,,,,,,,,,,,,,,,,,,,,,,,,,,,,,,,,,,,,,,,,,,,,,,,,,,,,,,,,,,,,,,,,,,,,,,,,,,,,,,,,,,,,,,,,,,,,,,,,,,,,,,,,,,,,,,,,,,,,,,,,,,,,,,,,,,,,,,,,,,,,,,,,,,,,,,,,,,,,,,,,,,,,,,,,,,,,,,,,,,,,,,,,,,,,,,,,
2026-08-23T17:45:01+00:00,156,,,,577,61,181,268,316,,220,,,,233,,,,,,,,515,,,100,,,,,31,80,56,230,,,,,,,,143,,,,,,,,,377,,119,,,,,58,,,,57,,,232,79,9,,,,,378,7,,,,226,178,372,231,203,203,,,,,53,270,271,,228,612,6,,,,,198,376,71,133,,255,334,289,,181,797,23,,276,,256,267,194,298,559,,,450,42,,,,,,,,,,,,,,,,,,,,,,,,,,,,,,,,,128,,,100,,,,117,,60,,589,326,,,,,,,,414,589,279,380,383,449,1306,470,,315,207,104,,330,501,259,,,,16,,770,,,,,,,,84,,138,,,,,,,81,,,,,108,,,,,,,,,,,,,,,,,,,,,,,,85,,,,,,,,,,,,,,,0,,,,,,,,,,,138,459,262,,,,,,,11,1,,301,,,334,,329,,,,400,63,,,,,,356,,,,,,,,,,,,,,62,27,,,,,,,,,,282,,,,,,,,,,,,,,,,,,,,,,,,,,,134,,34,106,101,,70,275,525,341,,,,189,,172,,,,,158,236,,,,176,174,,,149,859,30,133,46,,,,,,,,,,,,,,,,,,,,,,,,,,,,,,,,647,,174,,579,,,,,322,360,,,157,118,,,,,,63,,,,,,,294,203,,,,819,241,154,685,,86,,,,,,,,,,,,,,,,,,,,,,,,,,,,,,,,,,,,,,,,,,,,,,,,,,,,,131,124,258,34,287,,,,,221,,,,,144,33,,,129,454,286,,,,,,,532,,,466,,215,150,,,237,
2026-08-23T17:50:02+00:00,157,,,,,59,185,,318,,221,280,,,,,,,,,498,395,519,,,,,,,,32,81,55,,,,,,144,154,,141,,,,,,,,,378,,120,,,52,,60,,,,61,291,,,,11,,,,,374,5,,164,,,,,,,,,,,,,,,,,,,,,,,,,,,,,,,,,,,,,,,,,,,,,,,,,940,201,280,494,,38,378,,,,,,103,,,,,543,,,,,163,,,,,,,,,,,,,,,,,,,,321,,568,,,,,,417,592,277,,,,,,,,,,,,,,180,,253,16,76,776,,,,,,,,,,139,,,,,,,,,,,,,,,,,,,,,,,,,,,37,,,,,,,,,84,137,,,,,,,,,,,,,,46,,,,,,,,,,,140,461,263,,255,,,,357,10,,244,302,,667,,389,330,,,,,65,,,,,,355,,114,,,,,,,,,,,91,64,25,15,,,,,,,,,283,,,86,,,,,,,,,,,,,,,,,,,,,,,,139,136,36,,,,,274,524,345,,,,,,178,,,,,,,,,273,177,173,,102,,853,,,48,106,,,65,1083,280,,92,,111,,,,,,,,,,,,,,,,,,,,,,653,,175,,587,,279,259,,323,361,,,156,,,,,,,65,,,299,127,,,299,210,,,426,823,239,155,688,,,66,121,391,144,95,152,41,218,,297,275,157,,102,,362,,252,252,,,,,,,,,,,,,,,,,,,,,,,,,,,,,,,,,482,133,126,263,37,295,,,552,,222,,,169,,146,35,,,,455,289,,,,,,,539,,,473,,220,151,,,236,
2026-08-23T17:55:01+00:00,159,343,,154,574,,190,269,319,,,283,,,,,,,,,,396,522,,,103,,,,1382,,88,57,231,,,,,146,153,,140,,,,,,,,,380,41,119,,,51,11,61,,,,65,,,,80,,,,,,,4,,166,262,242,,,235,,205,,,,,66,274,275,136,229,,7,,,301,442,197,,81,,116,,,287,,,796,21,761,,113,,264,195,304,563,,,,46,,,,,,,,,,,,,,,,,,,,,,,,,,,,,,,,,139,,,93,,,,131,,61,,591,320,,,,,,,,419,593,,382,384,447,1304,477,,318,206,,,331,504,,178,,252,16,78,772,,,,,,,,,,,,,,,,,80,,,69,,,,,,,,,,,,,,,,,36,,,,,,514,,,82,,,,,,,,,,,,,,,,,,,,,,,,,,141,,259,,,255,,,365,13,2,245,301,,,335,391,341,,,,398,71,,,,,,356,,113,,,,,,,,,,,94,,28,16,,,,,,,,,281,,,87,,,,,,,,,,,,0,,,,,,,,,,,,149,,37,110,102,,,272,523,349,,,378,192,,183,,,,,,238,,,275,,176,,103,150,849,29,135,49,105,278,353,66,1079,286,,94,,114,,,,,,,,,,,,,,,,,,,,,,,,,,,,,,,,,,,,,,,,,,,,,,,,,,,,,,825,236,159,,142,87,,,,,,,,,,,,,,,,,,,,,,,,,,,,,,,,,,,,,,,,,,,,,,,,,,,,,132,127,269,40,298,,,555,,224,,,170,,,34,,,134,456,291,,,,,,,541,,,474,,,,,,,
2026-08-23T18:00:01+00:00,160,,,,577,58,195,272,318,,222,288,,,243,,,,,,,,526,,,,,,71,1383,,,56,,,,,,,152,,,,,,,,,,,,43,,,,,,,,,,66,290,85,,,12,,,,,,,,165,264,,,,,,,,,,,,,,,,,,,,,,,,,,,,,,,,,,,,,,,,,,,,,,,,941,204,,495,,44,381,,,,,,115,,,,,544,,,,,162,247,,,,,,,,,,119,,614,,136,,66,,594,318,,,466,,,,,420,594,278,383,,,,,,,,,,,,,,,,15,79,775,,,,,,,,85,,141,,,,,,,83,,,68,,,,,,,,,,,,,,,,,40,,,,,,,,,,,,,,,,,,,,,,,,,,,,,,,,,,,147,,256,,254,,,,369,15,,,297,,,334,,348,,,,399,75,,,,,,358,,116,,,,,,,,,,,,65,27,17,,,,,,,,,284,,,89,,,,,,,,,,,,,,,,,,,,,,,,150,,,111,103,,69,,526,352,,42,377,,,185,,,,,161,242,,,272,178,178,,,152,845,,,50,,,,,,,,,,,,,,,,,,,,,,,,,,,,,,,,656,,176,,592,,280,261,,,364,,,,119,,,,,,67,,,301,,,,301,213,,,,827,,164,690,141,88,,,,,,,,,,,,,,,,,,,,,,,,,,,,,,,,,,,,,,,,,,,,,,,,,,,,,136,126,277,43,303,,,,,226,,,169,,147,35,,,138,,294,,,,,,,545,,,479,,223,,,,247,
2026-08-23T18:05:01+00:00,,,,,578,60,200,,319,,223,287,,,252,,,,,,,395,527,,,106,,,72,,,85,57,232,,,,0,,,,138,,32,,,,,,,379,,120,,,,12,63,,,,,,,,,14,,,,,372,7,,,263,238,182,,238,,209,,,,273,75,,280,138,228,617,10,286,,300,439,,,84,134,117,254,333,301,,180,,22,764,,,258,269,,303,570,,,,,,,,,,,,,,,,,,,,,,,,,,,,,,,,,,,,,,,,,,,,,,,,,317,,,464,,,,,423,600,275,384,,446,1305,484,160,319,207,,,,508,258,180,,253,15,84,774,,,,,,,,,,,,,,,,,,,,,,,,,,,,,,,,,,,,,37,,,,,,,,,,,,,,,,,,,,,,,,,,,,,,,,,,,154,462,255,,253,,417,,368,,,247,300,,,,,353,132,,,,,,,,,,356,,,,,,,,,,,,,92,,28,18,,,,,,,,,285,,,94,,,,,,,,,,,,,,,,,,,,,,,,153,137,38,112,,,,273,525,,,,,193,,190,,,,,158,246,,,271,,179,199,,,842,,,,107,276,367,,1081,,,95,,121,,,,,,,,,,,,,,,,,,,,,,662,73,,,598,,,,,,,,,155,117,,,,,,71,,,299,133,,,305,,,298,428,829,237,167,694,,89,65,120,389,143,97,,,220,203,310,278,,,101,,,,,257,,,,,,,,,,,,,,,,,,,,,,,,,,,,,,,,,481,139,129,282,47,307,,,558,,230,341,,171,,148,36,,,142,458,295,,,,,,,555,,,487,,,,,,252,
2026-08-23T18:10:01+00:00,162,,,153,581,59,203,273,321,,225,289,,,261,,,,,,499,,528,,,105,,,75,1386,,87,,233,,,,,145,,,,,31,,,,,,,378,,,,,,,,,,,67,291,,,81,,,,,,375,,,164,266,,,,,,,,,,,,,,,,,,,,,,,,,,,,,,,,,,,,,,,,,,,,,,,,,,,,,,,,,,,,123,,,,,,,,,,163,,,,,,,,,,,129,,616,,143,,64,,596,,,567,465,,,,,425,611,,,,,,,,,,,,,,,182,,251,15,86,777,,,,,,,,84,,143,,,,,,,82,,,,,,,,,,,,,,,,,,,,50,,,,,,,,,83,138,,,,,,,,,125,,,,,,,,,,72,,,,,,153,465,,207,,,,,366,16,,248,304,,,,390,359,,,,400,73,,1164,,,,357,,111,,,,,,,,,,,,66,,20,,,,,,,,,286,,,96,,,,,,,,,,,,,,,,,,,,,,,,162,,,,,,,,526,354,,,,,,,,,,,159,,,,273,,183,,101,154,840,30,138,48,106,,377,,,289,,97,,122,,,,,,,,,,,,,,,,,,,,,,,,177,,610,,279,,,,,,,,118,,,,,,,,,,,,,,218,,,,830,,,698,,93,,,,,,,,,,,,,,,,,,,,,,,,,,,,,,,,,,,,,,,,,,,,,,,,,,,,482,,,279,53,312,,,559,,232,,,172,,149,38,,,144,459,,,,,,,,557,,,488,,226,154,,,,
2026-08-23T18:15:01+00:00,164,,57,,582,,,275,323,,230,292,,,,,,,,,500,394,529,,,,,,,1385,,,58,232,,,,,,,,,,,,,,,,,,,,,,,,58,,,,61,290,,233,,16,,,,,376,8,,165,269,232,185,371,241,,206,,,,,81,276,298,136,227,619,14,,,,441,198,377,88,,,251,337,307,,177,795,21,766,275,116,257,301,196,308,566,,,,48,,,,,,,,,,,,,,,,,,,,,,,,,,,,,,,,,,,,,,,,,,,,,,,565,463,,,,,427,,270,385,,449,1307,496,162,332,215,105,,334,509,257,184,,252,15,93,780,,,,,,,,83,,,,,,,,,,,,,,,,,,,,,,,,,,,,,57,,,,,,,,,,,,,,,,,,,,,,,,,,,,,,,,,,,152,467,256,,252,,419,,365,20,3,251,305,,,,,357,,,,398,,,,,,,358,,,,,,,,,,,,,89,67,,21,,,,,,,,,291,,,,,,,,,,,,,,,3,,,,,,,,,,,,166,,39,114,102,,68,,527,356,,,378,,,192,,,,,157,,,,274,179,182,200,102,,839,31,137,,,,,,,,,,,,,,,,,,,,,,,,,,,,,,,,,,,,,,,,,,,,,,,,,,,,,,,,,,,,,,,,429,,,,704,,97,,,,,,,,,,,,,,,,,,,,,,,,,,,,,,,,,,,,,,,,,,,,,,,,,,,,,140,131,292,54,316,,,,,234,,,170,,150,43,,,148,460,294,,,,,,,560,,,,,233,155,,,261,
2026-08-23T18:20:02+00:00,,,,,581,58,,,,,229,294,,,254,,,,,,499,396,535,,,106,,,,1384,,86,61,235,,,,,,,,,,,,,,,,,,,,,,53,,60,,,,62,,,,,,,,,,379,7,,164,,,,,,,,,,,,,,,,,,,,,,,,,,,,,,,,,,,,,,,,,,,,,,,,,945,209,280,503,,46,386,,,,,,144,,,,,545,,,,,161,245,,,,,,,145,,,131,,617,,158,,68,,598,316,,,464,,,,,429,,264,386,,,,,,,,,,,,,187,,250,15,98,784,,,,,,,,84,,144,,,,,,,,,,,,,,,,,,,,,,,,,,,70,,,,,,,,,,,,,,,,,,,,,,,,47,,,,,,,,,,,151,470,257,210,253,,,,367,,,,304,,,,,376,,,235,400,72,,1165,,,,,,110,,,,,,,,,,,,69,25,,,,,,,,,,292,,,102,,,,,,,,,,,,4,,,,,,,,,,,,170,,41,115,103,,,,528,359,,,379,195,,,,,,96,,248,,,,,181,,,,,,,47,112,,289,,1090,295,,98,,,,,,,,,,,,,,,,,,,,,,,,664,,181,,634,,,263,,,365,,,156,117,,,,,,,,,300,135,,,309,223,,299,,832,239,166,706,142,100,,122,390,146,101,150,,224,209,321,281,165,,112,30,364,,253,260,,,,,,,,,,,,,,,,,,,,,,,,,,,,,,,,,480,,132,293,61,318,,,,,235,,,172,,,48,,,149,462,,,,,,,,563,,,493,,237,153,,,,
2026-08-23T18:25:01+00:00,,,,,584,,206,,325,,227,295,,,253,,,,,,,397,538,,,107,,,,1385,,88,64,236,,,,,146,,,137,,,,,,,,,,,,,,,,62,,,,63,291,,,82,15,,125,,,384,,,,,227,189,,243,204,208,,194,,,95,277,301,137,226,621,20,285,,,452,,,94,,,254,334,306,160,178,,22,767,274,,260,294,197,307,569,,,,,,,947,,,506,,44,,,,,,,148,,,,,,,,,,162,244,,,,,,,151,,,137,,616,,163,,72,,599,,,566,462,,,,,430,613,258,390,385,,,505,164,334,219,108,265,335,516,264,,,,,,,,,,,,,,,,,,,,,,,,,,,,,,,,,,,,,,,,,,,0,,,,,,,,,0,,,,,,,,,,126,,,,,0,,,,,,,,,,,,,,,,,,,,,,253,307,,,335,391,380,,,,,73,,,,,,,,,,,,,,,,,,,,,,,,,,,,,,,,,,,,,,,,,,,,,,,,,,,,,,,,,,,,,,,,,,,,,,,,,,,,,,,,,,,,,,,,,,,,,,,,,,,,,,,,,,,,,,,,,,,,,,,,,,,668,,,,636,,280,262,,320,,,,157,118,,,,,,,,,301,137,,,321,229,,,,,,,,,,,,,,,,,,,,,,,,,,,,,,,,,,,,,,,,,,,,,,,,,,,,,,,,,,,,,,,135,291,,320,,,560,,237,,,173,,149,51,,,153,463,,,,,,,,566,,,496,,239,154,,,273,
2026-08-23T18:25:02+00:00,,,,,,,,,,,,,,,,,,,,,,,,,,,,,,,,,,,,,,,,,,,,,,,,,,,,,,,,,,,,,,,,,,,,,,,,,,,,,,,,,,,,,,,,,,,,,,,,,,,,,,,,,,,,,,,,,,,,,,,,,,,,,,,,,,,,,,,,,,,,,,,,,,,,,,,,,,,,,,,,,,,,,,,,,,,,,,,,,,,,,,,,,,,,,,188,,258,15,,786,,,,,,,,,,143,,,,,,,,,,,,109,,,,,,,,,,,,,,,,,,,,,,,,,,,,,,,,,,,,,,,,,,,,,,,,,,150,472,259,,,256,,,365,23,,,,,,,,,,,,,,,,,,,,,,,,,,,,,,,,,,,,,,,,,,,,,,,,,,,,,,,,,,,,,,,,,,,,,,,171,,,,102,,67,,529,362,,,378,196,38,194,,,,,158,249,,31,276,,,,104,152,840,,,,116,,297,65,1092,294,,99,,,,,,,,,,,,,,,,,,,,,,,,,,,,,,,,,,,,,,,,,,,,,,,,,,,,,,,430,833,240,167,708,,102,,,,,,,,,,,,,,,,,,,,,,,,,,,,,,,,,,,,,,,,,,,,,,,,,,,,,,,,,,,,,,,,,,,,,,,,,,,,,,,,,,,,,,,,,,
2026-08-23T18:30:02+00:00,165,342,,,583,,209,274,326,,228,296,,,252,,,,,,,,542,,,,,,76,1384,,89,65,237,,,,,,154,,133,,32,,,,,,,379,,,,5,,11,63,,,,67,,,,83,,,,,,385,,,,,,,,,,,,,,,,,,,,,,,,,,,,,,,,,,,,,,,,,,,,,,,,,,,,,,,,,,,,,,,,,,,,,,,,,,,,,,,,,,,,,,,,,,,,,,317,,564,,,,,,,,255,391,,,,,,,,,,,,,189,,262,15,,789,,,,,,,,,,,,,,,,,84,,,,,,,,,,,,,,,,,,,,73,,,,,,,,,83,,,,,,,,,,129,,,,,48,,,,,,,,,,,,473,262,,,257,,,367,25,,252,309,,,,,387,,,,403,,,1167,,,,,,111,,,,,,,,,,,,72,26,22,,,,,,,,,298,,,106,,,,,,,,,,,,,,,,,,,,,,,,174,,42,,103,,,272,530,,,,,,,196,,,,,161,251,,,278,,183,,107,,,,,48,,275,300,66,,298,,98,,124,,,,,,,,,,,,,,,,,,,,,,,,,,,,,,,,,,,,,,,,,,,,,,,,,,,,,432,,238,171,709,,104,,,,,,,,,,,,,,,,,,,,,,,,,,,,,,,,,,,,,,,,,,,,,,,,,,,,479,141,134,297,63,323,,,562,,240,,,,,152,55,,,157,466,298,,,,,,,571,,,499,,243,155,,,,
2026-08-23T18:35:01+00:00,166,,,,584,,212,276,,,227,,,,,,,,,,500,,543,,,108,,,77,,,,,,,,,,147,,,,,31,,,,,,,381,45,117,,7,,,62,,,,64,,,232,85,,,,,,,5,,,270,230,191,373,247,206,210,,,,,99,280,307,149,,625,23,286,,299,459,199,378,102,,116,257,335,312,,179,,,771,276,,,302,200,304,575,,,,49,,,951,210,,503,,48,389,,,,,,160,,,,,543,,,,,164,,,,,,,,156,,,148,,617,,166,,75,,601,318,,565,461,,,,,,614,252,392,384,448,1308,523,166,342,221,109,,337,521,272,191,,268,14,102,792,,,,,,,,,,,,,,,,,,,,,,,,,,,,,,,,,,,,,,,,,,,515,,,,,,,,,,,,,,,,,,49,,,,,,,,,,,,,,,,,,,,,,253,310,,666,,,395,,,,,77,,,,,,,,,,,,,,,,,,,,,,,,,,,,,,,,,,,,,,,,,,,,,,,,,,,,,,,,,,,,,,,,,,,,,,,,,,,,,,,,,,,,,,,,,,,,,,,,,,,,,,,,,,,,,,,,,,,,,,,,,,,672,,182,,631,,,263,,323,367,,,156,117,,,,,,72,,,303,135,,,329,236,,298,,,,,,,,,,,,,,,,,,,,,,,,,,,,,,,,,,,,,,,,,,,,,,,,,,,,,,,,,,,,,137,314,66,328,,,566,,242,,,176,,155,,,,160,468,299,,,,,,,578,,,500,,244,154,,,281,
2026-08-23T18:35:02+00:00,,,,,,,,,,,,,,,,,,,,,,,,,,,,,,,,,,,,,,,,,,,,,,,,,,,,,,,,,,,,,,,,,,,,,,,,,,,,,,,,,,,,,,,,,,,,,,,,,,,,,,,,,,,,,,,,,,,,,,,,,,,,,,,,,,,,,,,,,,,,,,,,,,,,,,,,,,,,,,,,,,,,,,,,,,,,,,,,,,,,,,,,,,,,,,,,,,,,,,,,,,,,,144,,,,,,,,,,,,,,,,,,,,,,,,,,,,,,,,,,,,,,,,,,,,,,,,,,,,,,,,,,,,,,149,476,266,212,,,,,374,,4,,,,,,,,,,,,,,,,,,,,,,,,,,,,,,,88,,28,,,,,449,,,,,300,,,114,,,,,,,,,,,,6,,,,,,,,,,,,181,138,43,117,105,,,,532,364,,,380,,,,,,,95,160,252,,,284,178,187,,108,,842,32,138,,118,,305,65,1090,300,,99,,123,,,,,,,,,,,,,,,,,,,,,,,,,,,,,,,,,,,,,,,,,,,,,,,,,,,,,433,,239,170,710,,105,64,130,391,145,102,153,44,221,218,324,285,167,,119,31,366,,,262,,,,,,,,,,,,,,,,,,,,,,,,,,,,,,,,,,,,,,,,,,,,,,,,,,,,,,,,,,,,,,,,,,,,,,,
2026-08-23T18:40:02+00:00,165,343,,,587,,,279,327,,228,294,,,253,,,,,,,398,,,,110,,,76,1382,,90,67,236,,,,,148,,,,,32,,,,,,,382,,119,,10,54,10,64,,,,63,,,,,19,,,,,389,,,,,,,,,,,,,,,,,,,,,,,,,,,,,,,,,,,,,,,,,,,,,,,,,,,,,,,,,,,,,,,,,,,,,,,,,,,,,,,,,,,,,,,,,,,,,,320,,,462,,,,,432,616,250,,,,,,,,,,,,,,,,269,15,101,795,,,,,,,,85,,146,,,,,,,82,,,67,,,,,,,,,,,,,,,,,76,,,,,,,,,,,,,,,,,,,131,,,,,,,,,,,,,,,,150,478,267,,,,,,378,26,,254,312,,,,,401,,,,404,,,,,,,,,,,,,,,,,,,,89,73,31,,,,,,,,,,,,,116,,,,,,,,,,,,,,,,,,,,,,,,178,139,,,,,,274,,366,,,,,39,197,,,,,,257,,,287,,,,,,,,,49,121,274,312,,1089,304,,100,,,,,,,,,,,,,,,,,,,,,,,,674,74,,,626,,,,,,368,,,,,,,,,,,,,,,,,332,,,,,836,,171,709,,,,,,,,,,,,,,,,,,,,,,,,,,,,,,,,,,,,,,,,,,,,,,,,,,,,,,481,140,,321,69,331,,,,,243,,,,,156,59,,,161,469,301,,,,,,,581,,,503,,245,,,,,
2026-08-23T18:45:01+00:00,,,,,591,61,,281,330,,,,,,254,,,,,,,,548,,,111,,,77,1383,,89,,238,,,,,147,152,,131,,,,,,,,,381,,,,15,53,12,67,,177,,66,,,,,,,,,,,4,,,267,234,193,374,,209,214,,,,274,101,284,302,165,228,631,,,,,467,201,,105,135,,259,337,324,161,178,,24,,275,,259,304,202,306,578,,,,58,,,953,,,502,,53,388,,,,,,167,,,,,545,,,,,,243,,,,,,,168,,,168,,,,175,,80,,603,317,,,463,,,,,,,248,,,444,1310,535,167,,227,,,336,532,275,190,,272,15,102,794,,,,,,,,,,,,,,,,,,,,,,,,,,,,,,,,,,,,,78,,,,,,,,,,137,,,,,,,,,130,,,,,,,,,,,,,,,,,,271,213,,,421,,382,25,5,,311,,,336,392,407,,,,405,,,1170,,,,,,,,,,,,,,,,,90,74,30,23,,,,,,,,,301,,,119,,,,,,,,,,,,7,,,,,,,,,,,,,,,,,,,,,,,,,,,,,,,,,,,,,,,,,,,,,,,,,,,,,,,,,,,,,,,,,,,,,,,,,,,,,,,183,,,,,,,,,,,,119,,,,,,,,,,,,,,237,,,,,,,,,,,,,,,,,,,,,,,,,,,,,,,,,,,,,,,,,,,,,,,,,,,,,,,,,,,,,480,141,141,334,70,334,,,567,,,342,,175,,155,62,,,162,468,305,,,,,,,583,,,,,247,153,,,290,
2026-08-23T18:45:02+00:00,,,,,,,,,,,,,,,,,,,,,,,,,,,,,,,,,,,,,,,,,,,,,,,,,,,,,,,,,,,,,,,,,,,,,,,,,,,,,,,,,,,,,,,,,,,,,,,,,,,,,,,,,,,,,,,,,,,,,,,,,,,,,,,,,,,,,,,,,,,,,,,,,,,,,,,,,,,,,,,,,,,,,,,,,,,,,,,,,,,,,,,,,,,,,,,,,,,,,,,,,,,,,,,,,,,,,,,,,,,,,,,,,,,,,,,,,,,,,,,,,,,,,,,,,,,,,,,,,,,,,,,,,,,,,,,,,,,,,,,,,,,,,,,,,,,,,,,,,,,,,,,,,,,,,,,,,,,,,,,,,,,,,,,,,,,,,,,,,,,,,,,,,,,184,140,44,119,,,,,534,371,,,,,,199,,,18,94,,259,,,,,194,,107,,849,33,,,123,,315,,,305,,101,202,124,,,,,,,,,,,,,,,,,,,,,,,,,,,,,,,,,,,,,,,,,,,,,,,,,,,,,,834,,170,,143,106,,,,,,,,,,,,,,,,,,,,,,,,,,,,,,,,,,,,,,,,,,,,,,,,,,,,,,,,,,,,,,,,,,,,,,,,,,,,,,,,,,,,,,,,,,
2026-08-23T18:50:01+00:00,163,342,,,593,62,216,284,332,,226,296,,,255,,,,,,501,,549,,,112,,,,,,,70,239,,,,,148,150,,,,,,,,,,,,,120,,16,54,,70,,,,70,290,,233,,,,,,,387,5,,165,,,,,,,,,,,,,,,,,,,,,,,,,,,,,,,,,,,,,,,,,,,,,,,,,,,,,,,,,,,,,,,,,,,,,,,,,,,,,,,,,,,,,,,,,,,319,,564,464,,,,,433,,,393,,,,,,,,,,,,,192,,276,14,101,797,,,,,,,,,,,,,,,,,,,,,,,,,,,,,,,,,,,,,85,,,,,,516,,,84,,,,,,,,,,,,,,,,,,,,,,,,,,,481,272,212,252,256,,,384,,,255,312,,667,,,414,133,,,406,,,1169,,,,,,110,,,,,,,,,,,,75,,,,,,450,,,,,303,,,127,,,,,,,,,,,,,,,,,,,,,,,,186,,45,,,,,275,536,375,,,,,,207,,,,,161,261,,,,,198,,,,852,34,139,,128,,327,,1090,306,,,,128,,,,,,,,,,,,,,,,,,,,,,679,72,185,,627,,281,,,,370,,,158,118,,,,,,,,,306,,,,336,,,,,,243,173,708,,109,,,,,,,,,,,,,,,,,,,,,,,,,,,,,,,,,,,,,,,,,,,,,,,,,,,,481,,143,343,,335,,,,,244,,,177,,153,68,,,164,471,306,,,,,,,585,,,,,250,156,,,291,
2026-08-23T18:55:01+00:00,,343,,,596,,219,285,334,,231,300,,,258,,,,,,502,399,551,,,113,,,76,1384,,92,71,,,,,,149,151,,129,,,,,,,,,380,43,,,18,53,11,73,,,,75,,,,,20,,,,,,6,,166,268,242,192,,,208,217,,,,275,107,288,307,172,230,636,24,,,298,470,204,380,109,,114,,339,339,,,,29,770,276,,,305,201,310,583,,,,59,,,952,,,503,,58,,,,,,,175,,,,,546,,,,,165,242,,,,,,,166,,,186,,618,,193,,89,,607,320,,,466,,,,,432,615,,,385,450,,550,,344,232,110,266,335,536,277,197,,278,15,106,802,,,,,,,,,,,,,,,,,84,,,,,,,,,,,,,,,,,,,,94,,,,,,,,,85,,,,,,,,,,129,,,,,,,,,,71,,,,,,,484,284,,,,422,,385,28,,256,,,,,393,,132,,,408,80,,,,,,,,109,,,,,,,,,,,92,,29,25,,,,,,,,,304,,,128,,,,,,,,,,,,,,,,,,,,,,,,185,,,120,,,66,,537,384,,,381,,,212,,,,,162,262,,,289,179,197,,,,855,,,50,129,273,330,,1093,310,,,,133,,,,,,,,,,,,,,,,,,,,,,682,,186,,624,,,264,,,369,,,,,,,,,,75,,,,,,,338,241,,,,838,,178,709,,111,65,131,390,143,103,154,46,224,217,331,301,181,,137,32,,,252,263,,,,,,,,,,,,,,,,,,,,,,,,,,,,,,,,,,,146,350,71,337,,,,,243,,,178,,,75,,,,473,309,,,,,,,,,,501,,,157,,,293,
2026-08-23T19:00:01+00:00,162,,,,605,63,224,,,,232,301,,,259,,,,,,,401,,,,,,,,,,93,73,,,,,,150,,,,,33,,,,,,,,45,,,17,52,12,72,,,,,,,235,,21,,,,,,,,,,,,,,,,,,,,119,,310,176,229,640,26,285,,297,477,206,,118,,,260,338,340,,,,,773,275,117,264,309,199,315,587,,,,60,,,,,,,,,,,,,,,,,,,,,,,,,,,,,,,,,,,,,,,,,,,,,321,,,468,,,,,,,252,396,,,,,,,,,,,,,200,,277,15,108,805,,,,,,,,,,,,,,,,,83,,,,,,,,,,,,,,,,,,,,106,,,,,,,,,86,,,,,,,,,,130,,,,,,,,,,,,,,,,151,486,287,,,,423,,384,29,,,313,,,,394,418,,,,407,82,,,,,,,,,,,,,,,,,,,91,77,,,,,,449,,,,,308,,,133,,,,,,,,,,,,9,,,,,,,,,,,,189,141,46,122,106,154,65,,,385,,,384,,,,,,,,,263,,,,,208,,108,,863,,,,,,,,,,,,,,,,,,,,,,,,,,,,,,,,,,,683,,,,,,283,,,,370,,,,,,,,,,76,,,308,136,,,263,242,,,,841,244,179,,145,113,,,,,,,,,,,,,,,,,,,,,,,,,,,,,,,,,,,,,,,,,,,,,,,,,,,,482,,147,353,75,,,,,,245,,,179,,155,80,,,165,,312,,,,,,,588,,,502,,251,160,,,299,
2026-08-23T19:15:02+00:00,,344,,154,612,,228,288,336,,,304,,,262,,,,,,,402,558,,,114,,,72,1387,,100,81,242,,,,,152,153,,125,,,,,,,,,384,,119,,16,56,,77,,,,76,293,,233,84,22,,,,,393,,,,266,269,197,,256,209,225,,,,,124,295,314,178,230,647,31,,,,481,209,,125,,115,265,340,345,,181,,,774,279,,,310,201,318,591,,,,64,,,956,,,510,,65,389,,,,,,190,,,,,,,,,,168,241,,,,,,,195,,,201,,617,,228,,111,,619,320,,563,469,,,,,434,621,255,398,,449,1319,560,,353,244,114,,336,538,285,202,,288,15,119,824,,,,,,,,,,147,,,,,,,82,,,68,,,,,,,,,,,,,,,,,114,,,,,,,,,87,,,,,,,,,,,,,,,50,,,,,72,,,,,,150,492,291,214,251,,,,,33,,257,315,,669,,396,437,,,,406,88,,1216,,,,,,110,,,,,,,,,,,95,80,,,,,,450,,,,,317,,,142,,,,,,,,,,,,,,,,,,,,,,,,206,142,,123,107,,62,276,542,394,,,388,198,,218,,,,,164,268,,,291,178,218,,110,153,884,35,141,,132,271,354,67,1095,324,,107,,151,,,,,,,,,,,,,,,,,,,,,,690,74,187,,626,,284,265,,,372,,,,119,,,,,,75,,,309,141,,,272,248,,,432,851,247,181,,146,119,66,,388,144,106,,50,223,225,330,315,187,,154,,368,,,269,,,,,,,,,,,,,,,,,,,,,,,,,,,,,,,,,483,,151,374,82,343,,,566,,247,,,181,,157,86,,,169,476,316,,,,,,,,,,507,,255,166,,,314,
2026-08-23T19:30:01+00:00,165,,,,617,62,239,289,338,,237,309,,,265,,,,,,501,403,563,,,113,,,73,,,101,82,244,,,,,,152,,122,,38,,,,,,,387,,120,,14,55,,74,,,,91,294,,234,85,23,,,,,398,4,,167,265,275,,376,257,,,,,,277,137,309,323,179,236,653,37,284,,296,488,210,381,138,,,272,341,359,162,184,796,33,786,282,116,,,200,316,,,,,69,,,958,,,512,,67,,,,,,,195,,,,,,,,,,172,,,,,,,,210,,,215,,618,,251,,123,,628,323,,566,468,,,,,,625,264,400,,,1316,565,,352,250,115,,338,543,287,207,,294,15,126,842,,,,,,,,86,,150,,,,,,,84,,,67,,110,,,,,,,,,,,,,,,140,,,,,,,,,90,138,,,,,,,,,132,,,,,53,,,,,,,,,,,,491,293,215,,,424,,389,37,6,260,321,,,335,397,458,,,,409,,,1345,,,,,,108,,,,,,,,,,,96,84,28,,,,,449,,,,,324,,,148,,,,,,,,,,,,8,,,,,,,,,,,,204,,,,105,,61,278,546,398,,,387,203,,222,,,,,,271,,,289,,232,,108,154,890,,,48,135,270,368,66,1099,332,,,,158,,,,,,,,,,,,,,,,,,,,,,698,75,190,,627,,283,266,,,371,,,157,121,,,,,,,,,310,,,,279,254,,,434,858,248,185,,,,67,133,390,,109,155,,233,230,334,322,193,,167,33,369,,,270,,,,,,,,,,,,,,,,,,,,,,,,,,,,,,,,,,,160,398,92,345,,,567,,251,,,184,,160,91,,,174,478,317,,,,,,,592,,,517,,257,167,,,320,
2026-08-23T19:45:02+00:00,167,,,,627,63,244,,341,,245,312,,,,,,,,,500,,566,,,112,,,71,1388,,105,84,243,,,,,153,,,120,,39,,,,,,,389,,,,17,,13,76,,,,93,293,,,84,25,,,,,405,,,,,290,199,,258,210,230,,,,,146,313,331,185,237,659,40,283,,297,492,212,,141,,,273,340,368,,,,34,,,,,,,321,597,,,,70,,,959,,,515,,68,390,,,,,,207,,,,,544,,,,,,,,,,,,,222,,,229,,617,,291,,134,,633,327,,565,473,,,,,,627,266,401,,451,1319,588,170,355,249,,,,550,,210,,295,15,133,851,,,,,,,,90,,154,,,,,,,83,,,,,,,,,,,,,,,,,,,,187,,,,,,515,,,100,,,,,,,,,,133,,,,,54,,,,,,,,,,,,,295,216,,257,,,390,41,,,326,,,337,,463,,,,407,87,,1361,,,,,,110,,,,,,,,,,,99,91,32,26,,,,450,,,,,332,,,152,,,,,,,,,,,,6,,,,,,,,,,,,221,,,127,,155,,276,548,401,,,386,204,,224,,,,93,166,277,,,290,,247,,110,,,,,,138,268,380,,1101,339,,110,,170,,,,,,,,,,,,,,,,,,,,,,717,,192,,632,,284,,,322,372,,,,125,,,,,,77,,,312,142,,,283,256,,302,437,861,251,189,,145,125,,141,,,112,160,51,229,241,335,334,199,,189,,368,,,288,,,,,,,,,,,,,,,,,,,,,,,,,,,,,,,,,485,140,167,416,96,356,,,,,,,,187,,163,94,,,177,,319,,,,,,,600,,,523,,258,168,,,328,
2026-08-23T20:00:01+00:00,168,,,,632,62,246,291,344,,246,314,,,273,,,,,,501,405,567,,,113,,,70,1393,,107,,244,,,,,,,,,,,,,,,,,,47,,,22,,,79,,,,95,,,232,85,,,,,,411,,,,270,298,200,375,261,,232,,,,,156,314,342,277,,,44,,,,494,,,148,136,,,,382,,,,35,789,283,115,265,305,,326,602,,,,78,,,,,,517,,71,,,,,,,214,,,,,545,,,,,174,,,,,,,,231,,,200,,618,,319,,164,,636,328,,,478,,,,,437,628,276,,384,,,,172,358,251,116,,337,553,,,,,15,139,856,,,,,,,,91,,,,,,,,,,,,68,,,,,,,,,,,,,,,,,237,,,,,,516,,,104,,,,,,,,,,137,,,,,56,,,,,73,,,,,,154,,294,,,,,,401,43,,262,329,,,,396,468,133,,,412,88,,1366,,,,,,111,,,,,,,,,,,98,,31,29,,,,,,,,,,,,153,,,,,,,,,,,,4,,,,,,,,,,,,257,,45,128,114,,62,279,549,403,,,,,,225,,,,91,168,281,,,291,,257,,111,151,889,,,,142,,394,,1104,347,,111,,178,,,,,,,,,,,,,,,,,,,,,,724,,195,,638,,285,267,,323,374,,,,,,,,,,79,,,313,147,,,287,259,,303,440,863,257,192,,146,128,,144,395,145,114,161,,226,243,337,344,,,193,34,369,,,296,,,,,,,,,,,,,,,,,,,,,,,,,,,,,,,,,486,,172,427,100,360,,,,,254,,,190,,162,96,,,184,479,,,,,,,,607,,,526,,259,166,,,334,
2026-08-23T20:15:02+00:00,169,342,,,635,63,251,292,,,245,318,,,274,,,,,,502,406,570,,,112,,,69,1395,,108,86,243,,,,,154,151,,,,,,,,,,,,,,,18,57,,80,,,,102,295,,234,,27,,,,,415,,,168,,310,206,,,208,,,,,,164,313,348,282,,666,56,,,,497,,380,158,,117,,342,391,,186,,41,794,,116,264,311,201,329,605,,,,80,,,961,,,520,,74,,,,,,,222,,,,,546,,,,,,240,,,,,,,250,,,216,,620,,339,,179,,640,332,,,,,,,,,630,,404,385,448,1323,599,173,360,254,118,,,557,289,211,,298,15,147,860,,,,,,,,,,157,,,,,,,84,,,,,,,,,,,,,,,,,,,,260,,,,,,,,,,139,,,,,,,,,141,,,,,,,,,,,,,,,,,500,295,217,,,,,,70,13,263,333,,668,,395,483,,,,413,89,,1370,,,,,,,,,,,,,,,,,,,,,,,,,,,,,,,,,,,,,,,,,,,,,,,,,,,,,,,,270,,46,129,115,,63,,,412,,,,207,,229,,,19,90,170,285,,,,177,277,,114,,890,,140,49,144,0,401,67,1114,357,,112,,188,,,,,,,,,,,,,,,,,,,,,,733,78,196,,657,,,268,,,377,,,,126,,,,,,,,,,,,,291,261,,,,869,261,193,710,145,200,,148,398,144,117,162,,232,245,341,351,201,,201,36,,,,301,,,,,,,,,,,,,,,,,,,,,,,,,,,,,,,,,488,,173,441,,364,,,,,258,343,,,,164,97,,,187,,322,,,,,,,609,,,532,,260,168,,,337,
2026-08-23T20:30:02+00:00,,341,,,638,,256,294,352,,249,319,,,283,,,,,,506,403,576,,,113,,,,1396,,107,,,,,,,158,150,,,,40,,,,,,,390,,119,,20,,,86,,,,112,296,,,,29,,,,,418,,,,272,324,,,,,,,,,,169,316,353,284,236,668,60,285,,291,500,215,382,166,,119,,345,402,,,,45,801,,,265,308,,332,599,,,449,,,,,,,,,75,,,,,,,232,,,,,,,,,,176,,,,,,,,252,,,222,,621,,358,,192,,646,336,,,481,,,,,438,631,282,,,450,1331,607,174,361,,119,,,558,293,214,,299,15,,872,,,,,,,,92,,,,,,,,,82,,,,,109,,,,,,,,,,,,,,,277,,,,,,517,,,105,,,,,,,,,,143,,,,,,,,,,,,,,,,166,502,299,,249,258,425,,,,,,337,,667,,400,499,,,,415,92,,1372,,,,,,,,,,,,,,,,,,,,,,,,,,,,,,,,,,,,,,,,,,,,,,,,,,,,,,,,272,143,,,116,,61,277,,414,,,,208,,234,,,,,178,,,,,,286,,,,892,34,141,52,146,,408,,1140,360,,114,203,193,,,,,,,,,,,,,,,,,,,,,,743,,,,673,,,271,,,378,,,158,129,,,,,,,,,,149,,,295,264,,,442,873,266,195,,144,242,,160,,145,124,,52,241,248,345,360,203,,221,37,374,,,311,,,,,,,,,,,,,,,,,,,,,,,,,,,,,,,,,493,,175,453,,365,,,,,,,,,,166,,,,189,480,321,,,,,,,612,,,535,,261,,,,338,
2026-08-23T20:45:01+00:00,170,,,,647,,259,,353,,,321,,,302,,,,,,507,412,578,,,112,,,70,1397,,,,,,,,,,152,,,,,,,,,,,,,120,,17,,,89,,178,,,294,,233,,,,,,,419,5,,169,274,345,,,262,,234,,,,278,174,,354,286,,674,65,283,,,501,,383,171,135,,274,347,411,,,,47,805,284,,267,310,199,337,,,,,,,,965,,,,,81,,,,,,,249,,,,,,,,,,177,,,,,,,,253,,,229,,619,,372,,199,,645,338,,,479,,,,,439,632,281,,,449,1334,613,175,375,253,,265,339,562,292,215,,304,15,,876,,,,,,,,,,156,,,,,,,84,,,,,,,,,,,,,,,,,,,,285,,,,,,,,,110,,,,,,,,,,,,,,,,,,,,,,,,,,187,,300,218,,,,,,69,,264,339,,,,,500,,,,416,94,,1375,,,,,,,,,,,,,,,,,,,,,,,,,,,,,,,,,,,,,,,,,,,,,,,,,,,,,,,,271,,,,,,62,,550,,,,384,,,,,,,,188,,,,,,292,,115,,894,35,,,,,421,,1151,363,,116,,201,,,,,,,,,,,,,,,,,,,,,,737,,198,,680,,284,,,,379,,,,128,,,,,,80,,,314,150,,,301,,,304,443,875,268,,,,246,,162,,,126,163,,242,252,352,375,202,,243,40,,,,312,,,,,,,,,,,,,,,,,,,,,,,,,,,,,,,,,492,141,,470,99,366,,,,,,,,,,168,98,,,190,,323,,,,,,,611,,,537,,263,171,,,340,
2026-08-23T21:00:02+00:00,171,,,,650,,264,296,355,,252,322,,,314,,,,,,511,431,577,,,,,,,,,113,,,,,,,,,,,,,,,,,,,,,,,16,,14,96,,,,118,,,,,,,,,,422,,,171,,373,,,,,235,,,,279,178,317,359,293,235,,66,,,288,,216,,184,,,,,418,,,797,50,812,,,268,309,200,347,,,,450,81,,,969,,,523,,98,,,,,,,260,,,,,,,,,,,239,,,,,,,261,,,231,,623,,399,,202,,,,,,,,,,,,,,,,450,,617,,,,,,,563,294,,,302,15,150,888,,,,,,,,,,,,,,,,,85,,,,,,,,,,,,,,,,,,,,300,,,,,,,,,114,,,,,,,,,,,,,,,,,,,,,,,,,,208,503,,,,,,,,70,,265,341,,,338,404,515,132,,,,95,,,,,,,,,,,,,,,,,,,,,,,,,,,,,,,,,,,,,,,,,,,,,,,,,,,,,,,,,,290,,,,,,,276,551,416,,,,,,233,,,,89,,,,,,176,296,,118,,,34,,,145,,425,,1173,366,,117,,207,,,,,,,,,,,,,,,,,,,,,,738,,,,,,285,,,,,,,,129,,,,,,,,,,,,,305,267,,306,,,269,,,,249,68,163,399,,,164,53,240,253,,383,209,,261,41,373,,,318,,,,,,,,,,,,,,,,,,,,,,,,,,,,,,,,,493,143,,475,100,367,,,,,,,,,,172,100,,,191,,,,,,,,,614,129,,539,,,169,,,342,
2026-08-23T21:15:02+00:00,173,,,,653,64,266,299,356,,259,323,,,329,,,,,,,434,580,,,113,,,,1403,,116,,,,,,,159,,,,,,,,,,,,391,,,,17,,,101,,179,,121,296,,,87,,,,,,421,4,,177,,375,,,,125,,,,,,181,,363,295,234,676,68,,,,503,217,,188,,,,348,430,,187,,54,817,,,270,310,,353,595,,,449,80,,,970,,,,,105,,,,,,,275,,,,,547,,,,,178,,,,,,,,267,,,234,,624,,425,,207,,,342,,567,478,,,,,,634,326,405,,,1336,618,177,382,,120,,,565,299,,,303,15,,891,,,,,,,,,,,,,,,,,,,,67,,,,,,,,,,,,,,,,,299,,,,,,,,,,,,,,,,,,,,,,,,,,,,,,,,,,,214,,,217,,,,,400,73,,,,,,,406,523,,,,,,,1376,,,,,,,,,,,,,,,,,,,,,,,,,,,,,,,,,,,,,,,,,,,,,,,,,,,,,,,,305,,47,,117,,,277,,418,,,,,,234,,,,,194,,,,,175,300,,,,,,,53,149,,429,,1182,370,,,,211,,,,,,,,,,,,,,,,,,,,,,740,,,,678,,,,,,378,,,,,,,,,,81,,,,,,,306,,,,174,751,270,,711,84,225,,,,,,165,54,241,254,353,389,213,,276,42,,,197,322,,,,,,,,,,,,,,,,,,,,,,,,,,,,,,,,,494,144,,484,,,,,,,259,,,191,,178,,,,192,475,324,,,,,,,616,,,,,,,,,347,
2026-08-23T21:30:01+00:00,,,,153,,,267,301,,,,324,,,344,,,,,,510,435,581,,,,,,69,1404,,115,87,,,,,,,,,,,,,,,,,,,,,,,,,103,,,,122,,,,,,,,,,424,,,178,275,380,,,,,,,,,281,183,319,365,298,233,679,,,,,505,,384,190,,,,,434,,,798,60,819,283,,271,,,356,600,,,450,,,,,,,,,108,,,,,,,281,,,,,546,,,,,180,238,,,,,,,273,,,233,,625,,462,,211,,646,,,568,479,,,,,,635,353,,,,1335,,178,383,,,,,,,216,,302,15,151,898,,,,,,,,,,,,,,,,,,,,66,,,,,,,,,,,,,,,,,300,,,,,,,,,,,,,,,,,,,144,,,,,,,,,,,,,,,,,,,216,,,,,399,,,,342,,,339,,528,,,,418,96,,,,,,,,,,,,,,,,,,,,,,,,,,,,,,,,,,,,,,,,,,,,,,,,,,,,,,,,,,317,,,,,,,,,,,,383,209,,237,,,,,,,,,292,,,,119,,,,,,,,432,,1194,372,,,,215,,,,,,,,,,,,,,,,,,,,,,742,,,,679,,284,272,,,,,,159,,,,,,,,,,,,,,,268,,307,175,,271,,,,226,,,,,,,,,,,,,,,,,,,,,,,,,,,,,,,,,,,,,,,,,,,,,,,,,,,,495,,,490,,368,,,,,,,,,,181,,,,193,476,,,,,,,,,,,541,,,170,,,,
2026-08-23T21:45:01+00:00,,,,,654,,,303,,,,325,,,346,,,,,,,,,,,,,,,,,,,,,,,,,,,,,,,,,,,,,,,,,,,,,,,,,,,,,,,,,,,,,,,,,,,,,,,,,,,,,,,,,,,,,,,,,,,,,,,,,,,,,,,,,,,,,,,,,,,,,,,,,,,,,,,,,,,,,,,,,,,,,,,,,,,,,,,,,,,,,,,,,,,,,,,,,,,,,,,,,,,,,,,,,,,,,,,,,,,,,,,,,,,,,,,,,,,,,,,,,,,,,,,,,,,,,,,,,,,,,,,,,,,,,,,,,,,,,,,,,,,,,,,267,344,,666,338,405,531,,,,,97,,,,,,,,,,,,,,,,,,,,,,,,,,,,,,,,,,,,,,,,,,,,,,,,,,,,,,,,,,,,,,,,,,,,,,,,,,,,,,,,,,,,,,,,,,,,,,,,,,,,,,,,,,,,,,,,,,,,,,,,,,,744,,,,687,,,,,322,,,,,130,,,,,,,,,,151,,,305,,,,,,,,,,,,,,,,,,,,,,,,,,,,,,,,,,,,,,,,,,,,,,,,,,,,,,,,,,,,,,,,,,,,,,,,,,,,,,,,,,,,,,,,,,,,,,,,,,,,
2026-08-23T21:45:02+00:00,,,,,,,,,,,,,,,,,,,,,,,583,,,,,,68,1405,,,,,,,,,,153,,,,,,,,,,,,,,,15,,15,,,,,120,,,,,,,,,,,11,,,276,381,,,264,,,,,,282,184,,364,,,681,,,,,506,218,385,192,,118,,,436,,,,,820,,,,,,358,602,,,,,,,969,,,,,109,,,,,,,289,,,,,,,,,,181,,,,,,,,,,,236,,,,480,,213,,647,,,,,,,,,,,360,,,,1337,621,179,399,,123,266,340,566,300,,,303,15,,899,,,,,,,,,,,,,,,,,86,,,,,,,,,,,,,,,,,,,,,,,,,,,,,,,,,,,,,,,,,,,,,,,,,,,,,,,,,,,,,,,,74,,,,,,,,,,,,,,,,,,,,,,,,,,,,,,,,,,,,,,,,,,,,,,,,,,,,,,,,,,,,,,,,,,,,,,,326,,,,,,,,552,,,,,208,,,,,,,,,,,,,,,,,,,,,151,,434,,1203,,,116,,216,,,,,,,,,,,,,,,,,,,,,,,,,,,,,,,,,,,,,,,,,,,,,,,,,,,,,,,,,,,227,,164,400,,,,,238,,355,390,211,,277,44,,,,,,,,,,,,,,,,,,,,,,,,,,,,,,,,,,,,,,145,170,495,,370,,,,,,,,,,,101,,,,,,,,,,,,,,,,,264,,,,346,
2026-08-23T22:00:02+00:00,174,,,,655,65,268,,,,260,,,,,,,,,,511,,585,,,,,,,1407,,,,,,,,,,152,,,,,,,,,,,392,,,,19,,,102,,,,122,216,,,,30,,,,,,,,,277,,,,,,,,,,285,186,,366,,,,,,,,508,219,,197,133,,,349,442,,,,65,821,,115,,307,,359,604,,,,82,,,,,,526,,,,,,,,,292,,,,,,,,,,182,,,,,,,,278,,,237,,624,,492,,215,,,,,,,,,,,,,362,404,,,,,,407,,,,,,301,217,,,15,,898,,,,,,,,,,,,,,,,,,,,67,,,,,,,,,,,,,,,,,,,,,,,,,,,,,,,,,,,,,,,,,,,,,,,,,,,,,504,,215,,,,,400,,,,,,,339,406,536,,,,,96,,,,,,,,,,,,,,,,,,,,,,,,,,,,,,,,,,,,,,,,,,,,,,,,,,,,,,,,,,328,,,,,,,,,,,,,,,,,,20,,,,,,,,,,,,,,,,155,,438,,1208,,,118,,,,,,,,,,,,,,,,,,,,,,,,749,,,,699,,,,,,,,,,131,,,,,,80,,,,,,,308,,,308,,,,,,85,,,165,,,127,,,,,356,391,212,,280,45,,,,323,,,,,,,,,,,,,,,,,,,,,,,,,,,,,,,,,496,,,498,,371,,,,,258,,,,,,102,,,,,,,,,,,,617,,,,800,,169,,,,105
2026-08-23T22:15:02+00:00,175,340,,,,66,,,357,,,,,,349,,,,,,,436,586,,,,,,,1408,,116,,,,,,,,159,,118,,,,,,,,,,,,,,,,103,,,,123,,,,,,,,,,423,,,,278,382,,,,,,,,,286,187,321,,,,680,,,,,509,,,200,,117,,,,,,,,820,,,,308,,,607,,,,,,,,,,,,,,,,,,,296,,,,,,,,,,,,,,,,,,279,,,241,,626,,494,,216,,648,342,,,477,,,,,,,,,,,,,,412,,125,,251,567,302,,,303,15,153,899,,,,,,,,,,146,,,,,,,,,,66,,,,,,,,,,,,,,,,,,,,,,,516,,,,,,,,,,,,,,,,,,,,,,,,,,,,,,,,,,,,,,,,,,,,,408,538,,,,,,,,,,,,,,,,,,,,,,,,,,,,,,,,,,,,,,,,,,,,,,,,,,,,,,,,,,,,,,,0,,0,,0,,0,,,,,,,209,0,236,,,,,,0,,,293,0,,,,,,,,,156,,439,,1209,,,,,218,,,,,,,,,,,,,,,,,,,,,,750,,,,702,,,,,,379,,,,,,,,,,,,,313,,,,,,,,,,270,,,,226,,,,,128,,,240,,358,393,216,,289,48,,,,,,,,,,,,,,,,,,,,,,,,,,,,,,,,,,,,,497,,172,500,,373,,,,,,,,,,179,,,,,,,,,,,,,,,,542,,,167,,,345,
2026-08-23T22:30:01+00:00,,,,,656,68,267,,,,261,,,,,,,,,,,,,,,,,,,1414,,,,,,,,,160,,,,,,,,,,,,,,119,,16,,,108,,180,,122,217,,,,31,,,,,,10,,,277,,,,,,,,,,287,,,368,299,232,681,,,,,,,,202,,,273,348,445,,,,,,284,,272,,,,,,,,83,,,,210,280,526,,,390,,,,,,,,,,,,,,,,,,,,,,,,280,,,240,,,,,,219,,,341,,,474,,,,,,,,,,,,,,413,254,126,,,,,,,305,15,,898,,,,,,,,,,,,,,,,,,,,68,,,,,,,,,,,,,,,,,299,,,,,,,,,,,,,,,,,,,145,,,,,,,,,,,,,,,,,,,,,,,,399,,,300,345,,,340,,539,,,,459,,,,,,,,,,,,,,,,,,,,,,,,,,,,,,,,,,,,,,,,,,,,,,,,,,,,,,,,,,,,,,,,,,276,553,,,,,210,,,,,,,,,,,,,,,,152,,,,54,,,,,,,,,,,,,,,,,,,,,,,,,,,,,,,,751,,,,711,,,,,,378,,,,,,,,,,,,,,,,,,,,,,,271,196,,,,,,,146,129,,,244,,359,396,226,,308,52,,,,,,,,,,,,,,,,,,,,,,,,,,,,,,,,,,,,,,,,,,374,,,,,,,,,,,,,,194,,323,,,,,,,,,,543,,,168,,,,
2026-08-23T22:45:02+00:00,,,,,,69,268,,,,262,,,,,,,,,,,,,,,,,,,1418,,115,,,,,,,,160,,,,,,,,,,,,,,,17,,,110,,,,,,,,,,,,,,424,,,,,,,,,,,,,,,,,,300,234,682,,,,,,,,203,,,,347,446,,,,,819,,,,306,,361,605,,,,,,,,,,,,,,,,,,,295,,,,,,,,,,,,,,,,,,,,,241,,,,,,,,,343,,,473,,,,,,,363,394,,449,,620,180,414,,,,,,,,,,15,,899,,,,,,,,,,,,,,,,,,,,,,,,,,,,,,,,,,,,,300,,,,,,,,,,,,,,,,,,,,,,,,,,,,,,,,,,,,,,,,,,,401,,,301,,,,,,542,,,,,97,,,,,,,,,,,,,,,,,,,,,,,,,,,,,,,,,,,,,,,,,,,,,,,,,,,,,,,,,,,,,,,,,,,,,,,,,,,,,,,,,,,,,,,,893,,,,,,,,,,,,,,,,,,,,,,,,,,,,,,,,,,,754,,,,709,,,,,,,,,,,,,,,,,,,,,,,,,,,,752,,,,84,,,,,,,,,,255,360,401,229,,321,,,,,326,,,,,,,,,,,,,,,,,,,,,,,,,,,,,,,,,,,,503,,,,,,,,,,192,,,,,,,,322,,,,,,,,,,,,265,166,,,347,
2026-08-23T23:00:02+00:00,176,,,154,,,,,,,,326,,,,,,,,,,,,,,,,,69,1420,,114,,,,,,,,162,,,,,,,,,,,,,,,18,,,111,,,,123,,,,,,,,,,,,,,,,,,,,,,,,,,,,,,683,,282,,,,,,,,118,,,447,,186,,,,,114,273,,,,606,,,,,,,,,,,,,,,,,,,,,,,,,,,,,,,,,,,,,281,,,244,,,,,,222,,,,,,471,,,,,,,364,404,,,,,,415,,,,250,,,,,303,15,,900,,,,,,,,,,,,,,,,,85,,,,,,,,,,,,,,,,,,,,,,,,,,,,,,,,,,,,,,,,,,,,,,,,,,,,,,,,,,214,,,,,,,,300,,,,,,,,,,,,,,,,,,,,,,,,,,,,,,,,,,,,,,,,,,,,,,,,,,,,,,,,,,,,,,,,,,,,,,,,,,,,275,,,,,,209,,,,,,,,,,,,,,,,,,35,,,,,,,,,,,,,,,,,,,,,,,,,,,,,,,,,,755,,,,,,,,,,,,,,132,,,,,,81,,,,,,,309,,,,,,272,,,,,,,,,,,,243,,,404,236,,332,,,,,,,,,,,,,,,,,,,,,,,,,,,,,,,,,,,,,,,,,506,,375,,,,,,,,,,180,,,,,,,,,,,,,,,,,,,165,,,,
2026-08-23T23:15:01+00:00,,,,,,,,,,,263,327,,,,,,,,,512,,,,,,,,,1426,,113,,,,,,,,163,,,,,,,,,,,,,,,,,,112,,,,,,,,,,,,,,425,,,,,,,,,,,,,,,,,,,,,,,,,,,,,,,,,449,,,,,,,,,307,,,,,,,,,,,,,,,,,,,,,,296,,,,,547,,,,,,,,,,,,,282,,,246,,,,,,223,,649,,,567,,,,,,,,,,,,,621,,420,,,,,,,,,304,15,,,,,,,,,,,,,,,,,,,87,,,,,,,,,,,,,,,,,,,,,,,,,,,,,,,,,,,,,,,,,,,,,,,,,,,,,,,,,,213,,,,,,,,,,,,,,543,,,,,,,,,,,,,,,,,,,,,,,,,,,,,,,,,,,,,,,,,,,,,,,,,,,,,,,,,,,,,,,,,,,,,,,,,,,,,,,,,,,,,,,,,,,,,,,,,157,,444,,,375,,117,,222,,,,,,,,,,,,,,,,,,,,,,754,77,,,710,,,,,,,,,,,,,,,,,,,,,,,,,,,,,,,,,,,,,,,,,,,,405,,,333,,,,,,,,,,,,,,,,,,,,,,,,,,,,,,,,,,,,,,,,,509,,,,,,,,,,,,,101,,,,,,,,,,,,,,,523,,,,,,,
2026-08-23T23:30:01+00:00,,,,,,,,,,,,326,,,,,,,,,,,,,,,,,,1431,,,,,,,,,,,,,,,,,,,,,,,,,,,,109,,,,,,,,,,,,,,426,9,,,,,,,,,,,,,,,,369,,,,,,,,510,,,,,,274,348,450,,,,,820,,,,,,362,,,,,,,,,210,280,526,,,390,,,,,,,,,,,,,,,,,,,,,,,,,,,251,,,,,,224,,,,,,,,,,,,,,,,,,,,421,,,,,,,,,305,15,,,,,,,,,,,,,,,,,,,,,,,,,,,,,,,,,,,,,,,,,,,,,,,,,,,,,,,,,,,,,,,,,,,,,,,,,,,,,,,,,,,,,,,,,,,544,,,,,,,,,,,,,,,,,,,,,,,,,,,,,,,,,,,,,,,,,,,,,,,,,,,,,,,,,,,,,,,,,,,,,,274,,,,,,,,,,,,,,,,,,,,,,,,,,,,,,,,,,,,,,,,,,,,,,,,,,,,,,,,,,759,,,,721,,,,,,,,,,,,,,,,,,,,,,,310,,,,,,273,,,,,,,,,,,,244,,,406,237,,334,,,,,,,,,,,,,,,,,,,,,,,,,,,,,,,,,,,,,,,,,513,,,,,,,,,,,,,,,,,,321,,,,,,,,,,,,,,,,,
2026-08-23T23:45:02+00:00,,,,,,68,,,,,,,,,,,,,,,,,,,,,,,,,,,,,,,,,,,,,,,,,,,,,,,,,,,,,,,,,,,,,,,,,,,,,,,,,,,,,,,,,,,,,,684,,,,,,,,,,,,,,,,,,821,,,,,,,607,,,,,,,,,,,,,,,,,,,,,,,,,,,,,181,,,,,,,,,,,255,,,,,,,,,,,,,,,,,,,,,,,,,,,,,,,,,,,304,15,,899,,,,,,,,,,,,,,,,,,,,,,,,,,,,,,,,,,,,,,,,,,,,,,,,,,,,,,,,,,,,,,,,,,,,,,,,,,,,,,,,,,,,,,,,,,,,,,,,,,,,,,,,,,,,,,,,,,,,,,,,,,,,,,,,,,,,,,,,,,,,,,,,,,,,,,,,,,,,,,,,,,,,,,,,,,,,,,,,,,,,,,,,,,,,,69,,,,,,,,,,,,,,,,,,,,,,,,,,,,762,,,,723,,,,,,,,,,,,,,,,,,,,150,,,,,,,,,,,,,,,,,147,,,,248,254,,,238,,335,,,,,327,,,,,,,,,,,,,,,,,,,,,,,,,,,,,,,,,,,,517,,,,,,,,,,,,,100,,,,,,,,,,,,618,,,,,,166,,,,
