timestamp,bonn-bcp-parken-Rabinstrasse,bonn-bcp-parken-beethoven,bonn-bcp-parken-beetplatz,bonn-bcp-parken-bike-ride,bonn-bcp-parken-friedensplatz,bonn-bcp-parken-hauptbahnhof,bonn-bcp-parken-karstadt,bonn-bcp-parken-markt,bonn-bcp-parken-muensterplatz,bonn-bcp-parken-operngarage,bonn-bcp-parken-rheinaue,bonn-bcp-parken-stadthaus,bonn-bcp-parken-stadthaus-unten,bonn-bcp-parken-unigarage,braunschweig-parken-Parkhaus-Eiermarkt,braunschweig-parken-Parkhaus-Forschungsflughafen,braunschweig-parken-Parkhaus-Lange-Str-Nord,braunschweig-parken-Parkhaus-Magni,braunschweig-parken-Parkhaus-Packhof,braunschweig-parken-Parkhaus-Ring-Center,braunschweig-parken-Parkhaus-Schloss,braunschweig-parken-Parkhaus-Schutzenstrasse,braunschweig-parken-Parkhaus-Wallstrasse,braunschweig-parken-Parkhaus-Wilhelmstrasse,dresden-parken-Altmarkt,dresden-parken-Altmarkt-Galerie,dresden-parken-Ammonstrasse-Bus,dresden-parken-An-der-Frauenkirche,dresden-parken-Bahnhof-Neustadt,dresden-parken-Bluherstrasse,dresden-parken-Budapester-Strasse,dresden-parken-Centrum-Galerie,dresden-parken-Cossebaude,dresden-parken-Ferdinandplatz,dresden-parken-Fidelio-F-Finke-Strasse,dresden-parken-Frauenkirche-Neumarkt,dresden-parken-Freiberger-Platz,dresden-parken-GALERIA-Karstadt-Kaufhof,dresden-parken-Gompitz,dresden-parken-Grenzstrasse,dresden-parken-Haus-am-Zwinger,dresden-parken-Kaditz,dresden-parken-Klotzsche,dresden-parken-Kongresszentrum,dresden-parken-Kraftwerk-Mitte,dresden-parken-Langebruck,dresden-parken-Lindengasse,dresden-parken-Lingnerallee,dresden-parken-MESSE-DRESDEN-Parkplatz-P7,dresden-parken-Ostra-Allee,dresden-parken-Ostra-Ufer,dresden-parken-Palaisplatz,dresden-parken-Parkhaus-Mitte,dresden-parken-Pennrich,dresden-parken-Pieschener-Allee-Bus,dresden-parken-Pirnaische-Strasse,dresden-parken-Pirnaischer-Platz,dresden-parken-Prohlis,dresden-parken-Reick,dresden-parken-Reitbahnstrasse,dresden-parken-SP1-Strassburger-Platz,dresden-parken-SachsenEnergie-Center,dresden-parken-Sarrasanistrasse,dresden-parken-Schiessgasse,dresden-parken-Semperoper,dresden-parken-Stadtforum-Dresden,dresden-parken-Strehlener-Strasse,dresden-parken-Taschenbergpalais,dresden-parken-Terrassenufer,dresden-parken-Terrassenufer-Bus,dresden-parken-Theresienstrasse,dresden-parken-Weissig,dresden-parken-Weixdorf-Bad,dresden-parken-Wiener-Platz-Hauptbahnhof,dresden-parken-Wiesentorstrasse,dresden-parken-Wigardstrasse,dresden-parken-Wohrl-Florentinum,dresden-parken-World-Trade-Center,ffh-parken-bad-homburg-Am-Bahnhof,ffh-parken-bad-homburg-Louisen-Arkaden,ffh-parken-bad-homburg-Parkgarage-Karstadt,ffh-parken-bad-homburg-Parkgarage-Kurhaus,ffh-parken-bad-homburg-Parkgarage-Rathaus,ffh-parken-bad-homburg-Parkgarage-Schloss,ffh-parken-bad-homburg-Parkhaus-La-Vie,ffh-parken-bad-homburg-Parkhaus-am-Guterbahnhof,ffh-parken-bad-homburg-Parkhaus-am-Markt,ffh-parken-frankfurt-Aculeum,ffh-parken-frankfurt-Alt-Sachsenhausen,ffh-parken-frankfurt-Alte-Oper,ffh-parken-frankfurt-Am-Gericht,ffh-parken-frankfurt-Am-Theater,ffh-parken-frankfurt-Baseler-Platz,ffh-parken-frankfurt-Borse,ffh-parken-frankfurt-Burgerhaus-Bornheim,ffh-parken-frankfurt-Congresscenter-Messe-Frankfurt-Maritim-Hotel,ffh-parken-frankfurt-Friedrichsheim,ffh-parken-frankfurt-Goetheplatz,ffh-parken-frankfurt-Hauptbahnhof-Sud,ffh-parken-frankfurt-Hauptwache,ffh-parken-frankfurt-Hotel-Intercontinental,ffh-parken-frankfurt-Hotel-Movenpick,ffh-parken-frankfurt-Junghofstrasse,ffh-parken-frankfurt-Konrad-Adenauer-Strasse,ffh-parken-frankfurt-Konstabler,ffh-parken-frankfurt-Mainzer-Landstrasse,ffh-parken-frankfurt-Messeturm,ffh-parken-frankfurt-Mousonturm,ffh-parken-frankfurt-MyZeil-PalaisQuartier,ffh-parken-frankfurt-Opernturm,ffh-parken-frankfurt-Ordnungsamt,ffh-parken-frankfurt-P-R-Haus-Borsigallee,ffh-parken-frankfurt-Schiller-Passage,ffh-parken-frankfurt-Universitatsklinikum-Innengelande,ffh-parken-frankfurt-Universitatsklinikum-P2,ffh-parken-frankfurt-Universitatsklinikum-P5,ffh-parken-frankfurt-Universitatsklinikum-Sandhofstrasse,ffh-parken-frankfurt-Untermainanlage,ffh-parken-kassel-Atrium,ffh-parken-kassel-City-Point,ffh-parken-kassel-Friedrichsplatz,ffh-parken-kassel-Galeria,ffh-parken-kassel-Herkules-Besucherzentrum,ffh-parken-kassel-Kurfursten-Galerie,ffh-parken-kassel-Martinskirche,ffh-parken-kassel-Rathaus,ffh-parken-kassel-Schloss-Wilhelmshohe,ffh-parken-kassel-Wilhelmsstrasse,ffh-parken-mannheim-C1-Hauptverwaltung-MPB-Parkhaus,ffh-parken-mannheim-Collini-Center-Mulde-Parkplatz,ffh-parken-mannheim-D3-Tiefgarage,ffh-parken-mannheim-D5-Reiss-Museum-Tiefgarage,ffh-parken-mannheim-G1-Marktplatz-Tiefgarage,ffh-parken-mannheim-H6-Tiefgarage,ffh-parken-mannheim-Hauptbahnhof-P1-Tiefgarage,ffh-parken-mannheim-Hauptbahnhof-P2-Parkhaus,ffh-parken-mannheim-Hauptbahnhof-P3-Parkhaus,ffh-parken-mannheim-Hauptbahnhof-P5-Parkhaus,ffh-parken-mannheim-Klinikum-P3-Parkplatz,ffh-parken-mannheim-Klinikum-Tiefgarage,ffh-parken-mannheim-M4a-Parkplatz,ffh-parken-mannheim-N1-N2-Stadthaus-Parkhaus,ffh-parken-mannheim-N6-Komforthaus,ffh-parken-mannheim-N6-Standardhaus,ffh-parken-mannheim-SAP-Arena-P1-Parkplatz,ffh-parken-mannheim-SAP-Arena-P2-Parkplatz,ffh-parken-mannheim-SAP-Arena-P3-Parkplatz,ffh-parken-mannheim-SAP-Arena-P6-P8-Parkplatz,ffh-parken-mannheim-U2-Tiefgarage,ffh-parken-wiesbaden-PH-City-II,ffh-parken-wiesbaden-PH-Coulinstr,ffh-parken-wiesbaden-PH-Galeria-Kaufhof,ffh-parken-wiesbaden-PH-Karstadt,ffh-parken-wiesbaden-PH-Kurhaus-Casino,ffh-parken-wiesbaden-PH-Lili,ffh-parken-wiesbaden-PH-Luisenforum,ffh-parken-wiesbaden-PH-Luisenplatz,ffh-parken-wiesbaden-PH-Markt,ffh-parken-wiesbaden-PH-Mauritius,ffh-parken-wiesbaden-PH-Theater,ffh-parken-wiesbaden-TG-Lili,ffh-parken-wiesbaden-TG-RMCC,heilbronn-parken-Am-Bollwerksturm,heilbronn-parken-Bildungscampus-Mitte,heilbronn-parken-E-Quartiersgarage-Neckarbogen,heilbronn-parken-Harmonie,heilbronn-parken-Kathchenhof,heilbronn-parken-Kiliansplatz,heilbronn-parken-P-R-Karlsruher-Strasse,heilbronn-parken-Parkhaus-Experimenta,heilbronn-parken-Parkplatz-Hauptbahnhof,heilbronn-parken-Stadtgalerie,heilbronn-parken-Theaterforum-K3,heilbronn-parken-Wollhaus,ingolstadt-parken-Arena,ingolstadt-parken-Congressgarage,ingolstadt-parken-Festplatz,ingolstadt-parken-Hallenbad,ingolstadt-parken-Hauptbahnhof-Ost,ingolstadt-parken-Hauptbahnhof-West,ingolstadt-parken-Munster,ingolstadt-parken-Nordbahnhof,ingolstadt-parken-Reduit-Tilly,ingolstadt-parken-Schloss,ingolstadt-parken-Theater-Ost,ingolstadt-parken-Theater-West,konstanz-parken-Altstadt,konstanz-parken-Augustiner,konstanz-parken-Dobele,konstanz-parken-Fernbusbahnhof,konstanz-parken-Fischmarkt,konstanz-parken-Lago,konstanz-parken-Seerheincenter,mobil-potsdam-parken-Am-Kanal,mobil-potsdam-parken-Bahnhofspassagen-1,mobil-potsdam-parken-Bahnhofspassagen-2,mobil-potsdam-parken-Biosphare-Potsdam-Volkspark,mobil-potsdam-parken-Hollandisches-Viertel-Klinikum,mobil-potsdam-parken-Industrie-und-Handelskammer,mobil-potsdam-parken-Karstadt-Zentrum,mobil-potsdam-parken-Krongut-Bornstedt,mobil-potsdam-parken-Luisenplatz,mobil-potsdam-parken-Lustgarten,mobil-potsdam-parken-Markt-Center,mobil-potsdam-parken-Neuer-Garten-Cecilienhof,mobil-potsdam-parken-P-R-Bahnhof-Golm,mobil-potsdam-parken-P-R-Bahnhof-Griebnitzsee,mobil-potsdam-parken-P-R-Bahnhof-Marquardt,mobil-potsdam-parken-P-R-Bahnhof-Pirschheide,mobil-potsdam-parken-P-R-Campus-Jungfernsee,mobil-potsdam-parken-P-R-Rehbrucke,mobil-potsdam-parken-P-R-Wetzlarer-Strasse,mobil-potsdam-parken-Park-Sanssouci-P1-Historische-Muhle,mobil-potsdam-parken-Park-Sanssouci-P2-Voltaireweg,mobil-potsdam-parken-Park-Sanssouci-P3-Am-Neuen-Palais,mobil-potsdam-parken-Parkplatz-Schloss-und-Park-Babelsberg,mobil-potsdam-parken-Schiffbauergasse-Hans-Otto-Theater,mobil-potsdam-parken-Sportpark-Luftschiffhafen,mobil-potsdam-parken-Weberpark,mobil-potsdam-parken-Wilhelmgalerie,mobilitaet-jena-Am-Anger,mobilitaet-jena-Am-Gries,mobilitaet-jena-Am-Planetarium,mobilitaet-jena-Am-Stadion,mobilitaet-jena-August-Bebel-Strasse,mobilitaet-jena-Bachstrasse,mobilitaet-jena-Busbahnhof,mobilitaet-jena-City-Carree,mobilitaet-jena-Eichplatz,mobilitaet-jena-Eisenbahndamm,mobilitaet-jena-Erbertstrasse,mobilitaet-jena-Ernst-Abbe-Strasse,mobilitaet-jena-Ernst-Haeckel-Strasse,mobilitaet-jena-Gartenstrasse,mobilitaet-jena-Goethe-Galerie,mobilitaet-jena-Grietgasse,mobilitaet-jena-Haeckelplatz,mobilitaet-jena-Holzmarkt,mobilitaet-jena-Krautgasse,mobilitaet-jena-Lassallestrasse,mobilitaet-jena-Lessingstrasse,mobilitaet-jena-Muhlenstrasse,mobilitaet-jena-Neue-Mitte,mobilitaet-jena-Paradiesbahnhof,mobilitaet-jena-Philosophenweg,mobilitaet-jena-Roland-Ducke-Weg,mobilitaet-jena-Schlossgasse,mobilitaet-jena-Seidelparkplatz,mobilitaet-jena-Seidelstrasse,mobilitaet-jena-Semmelweissstrasse,mobilitaet-jena-Sophienstrasse,mobilitaet-jena-Spitzweidenweg,mobilitaet-jena-Steinkreuz,mobilitaet-jena-Stoystrasse,mobilitaet-jena-Wagnergasse,mobilitaet-jena-Westbahnhof,mobilitaet-jena-Wiesenstrasse,mobilitaet-jena-Windberg,mobilitaet-jena-Wollnitzer-Strasse,mobilitaet-jena-Ziegelmuhlenweg,oldenburg-service-parken-Altes-Gymnasium,oldenburg-service-parken-CCO-Parkdeck-1,oldenburg-service-parken-CCO-Parkdeck-2,oldenburg-service-parken-Parkhaus-Alter-Stadthafen-Cinemaxx,oldenburg-service-parken-Parkhaus-Am-Waffenplatz,oldenburg-service-parken-Parkhaus-August-Carree,oldenburg-service-parken-Parkhaus-Bahnhof-ZOB,oldenburg-service-parken-Parkhaus-Galeria-Kaufhof,oldenburg-service-parken-Parkhaus-Heiligengeist-Hoefe,oldenburg-service-parken-Parkhaus-Schlosshoefe,oldenburg-service-parken-Parkhaus-Theatergarage,oldenburg-service-parken-Parkplatz-Pferdemarkt,oldenburg-service-parken-Parkplatz-Theaterwall,oldenburg-service-parken-Ratsherren,parken-in-bochum-P1-Husemannplatz,parken-in-bochum-P2-Dr-Ruer-Platz,parken-in-bochum-P3-Rathaus-BVZ,parken-in-bochum-P5-Bruckstrasse,parken-in-bochum-P6-Hauptbahnhof-Buddenbergplatz,parken-in-bochum-P7-Kurt-Schumacher-Platz,parken-in-bochum-P8-Konrad-Adenauer-Platz-Bermuda3Eck,parken-in-bochum-P9-Schauspielhaus,parken-in-bochum-PH-Alter-Markt-Wattenscheid,parken-in-bochum-PH-Bochumer-Fenster,parken-in-bochum-PH-Husemann-Karree,parken-in-bochum-PH-Massenbergstrasse,parken-in-bochum-PH-Quartiersgarage-Ostpark,parken-in-bochum-PH-Stadionring,parken-in-bochum-PH-Westpark-Jahrhunderthalle,parken-luebeck-Am-Bahnhof-Handelshof-Parkplatz-Strassenrand-Am-Bahnhof-Handelshof-Parkplatz-Strassenrand-Lubeck,parken-luebeck-Am-Burgfeld-Parkplatz-Am-Burgfeld-Parkplatz-Lubeck,parken-luebeck-Am-Fischereihafen-Parkplatz-Am-Fischereihafen-Parkplatz-Travemunde,parken-luebeck-Am-Leuchtenfeld-Leuchtturm-Parkplatz-Am-Leuchtenfeld-Leuchtturm-Parkplatz-Travemunde,parken-luebeck-Backbord-Parkplatz-Backbord-Parkplatz-Travemunde,parken-luebeck-Bahnhof-Parkplatz-Strassenrand-Bahnhof-Parkplatz-Strassenrand-Lubeck,parken-luebeck-Bauhof-Parkplatz-Bauhof-Parkplatz-Lubeck,parken-luebeck-Beckergrube-Parkplatz-Beckergrube-Parkplatz-Lubeck,parken-luebeck-Bruckenweg-Parkplatz-Bruckenweg-Parkplatz-Lubeck,parken-luebeck-Burgstrasse-Parkplatz-Burgstrasse-Parkplatz-Lubeck,parken-luebeck-Fahrstrasse-Parkplatz-Fahrstrasse-Parkplatz-Lubeck,parken-luebeck-Fahrvorplatz-Parkplatz-Fahrvorplatz-Parkplatz-Travemunde,parken-luebeck-Hafenbahnhof-Parkplatz-Hafenbahnhof-Parkplatz-Travemunde,parken-luebeck-Hermann-Lange-Strasse-Parkplatz-Hermann-Lange-Strasse-Parkplatz-Lubeck,parken-luebeck-Huxterdamm-Parkplatz-Huxterdamm-Parkplatz-Lubeck,parken-luebeck-Kanalstrasse-P2-Parkplatz-Kanalstrasse-P2-Parkplatz-Lubeck,parken-luebeck-Kanalstrasse-P3-Parkplatz-Kanalstrasse-P3-Parkplatz-Lubeck,parken-luebeck-Kanalstrasse-P4-Parkplatz-Kanalstrasse-P4-Parkplatz-Lubeck,parken-luebeck-Kanalstrasse-P5-Parkplatz-Kanalstrasse-P5-Parkplatz-Lubeck,parken-luebeck-Kanalstrasse-Strassenrand-Parkplatz-Kanalstrasse-Strassenrand-Parkplatz-Lubeck,parken-luebeck-Kirchenstrasse-Parkplatz-Kirchenstrasse-Parkplatz-Travemunde,parken-luebeck-Konrad-Adenauer-IHK-Parkplatz-Strassenrand-Konrad-Adenauer-IHK-Parkplatz-Strassenrand-Lubeck,parken-luebeck-Kowitzberg-Parkplatz-Kowitzberg-Parkplatz-Travemunde,parken-luebeck-Kurgartenstrasse-Parkplatz-Kurgartenstrasse-Parkplatz-Travemunde,parken-luebeck-Lastadie-P1-Parkplatz-Lastadie-P1-Parkplatz-Lubeck,parken-luebeck-Lastadie-P3-Parkplatz-Lastadie-P3-Parkplatz-Lubeck,parken-luebeck-Lastadie-P5-Parkplatz-Lastadie-P5-Parkplatz-Lubeck,parken-luebeck-Leuchtenfeld-Parkplatz-Leuchtenfeld-Parkplatz-Travemunde,parken-luebeck-Marlesgrube-Parkplatz-Marlesgrube-Parkplatz-Lubeck,parken-luebeck-Mowenstein-Parkplatz-Mowenstein-Parkplatz-Travemunde,parken-luebeck-MuK-Parkplatz-MuK-Parkplatz-Lubeck,parken-luebeck-Muhlenbrucke-Parkplatz-Muhlenbrucke-Parkplatz-Lubeck,parken-luebeck-Muhlendamm-Parkplatz-Muhlendamm-Parkplatz-Lubeck,parken-luebeck-Muhlenstrasse-Parkplatz-Muhlenstrasse-Parkplatz-Lubeck,parken-luebeck-Mullergarten-Parkplatz-Mullergarten-Parkplatz-Lubeck,parken-luebeck-Musterbahn-Parkplatz-Musterbahn-Parkplatz-Lubeck,parken-luebeck-Nordliche-Wallhalbinsel-Parkplatz-Nordliche-Wallhalbinsel-Parkplatz-Lubeck,parken-luebeck-Obertrave-Parkplatz-Strassenrand-Obertrave-Parkplatz-Strassenrand-Lubeck,parken-luebeck-Parade-Parkplatz-Parade-Parkplatz-Lubeck,parken-luebeck-Parkplatz-vor-dem-PH-Burgtor-Parkplatz-Parkplatz-vor-dem-PH-Burgtor-Parkplatz-Lubeck,parken-luebeck-Paul-Brummer-Strasse-Parkplatz-Paul-Brummer-Strasse-Parkplatz-Travemunde,parken-luebeck-Priwall-Parkplatz-Priwall-Parkplatz-Travemunde,parken-luebeck-Radisson-Blu-Parkplatz-Radisson-Blu-Parkplatz-Lubeck,parken-luebeck-Retteich-Parkplatz-Retteich-Parkplatz-Lubeck,parken-luebeck-Roeckstrasse-Parkplatz-Roeckstrasse-Parkplatz-Lubeck,parken-luebeck-Rose-Parkplatz-Rose-Parkplatz-Travemunde,parken-luebeck-Strandbahnhof-Parkplatz-Strandbahnhof-Parkplatz-Travemunde,parken-luebeck-Trelleborgallee-Parkplatz-Trelleborgallee-Parkplatz-Travemunde,parken-luebeck-Untertrave-Flache-1-Parkplatz-Strassenrand-Untertrave-Flache-1-Parkplatz-Strassenrand-Lubeck,parken-luebeck-Untertrave-Parkplatz-Untertrave-Parkplatz-Lubeck,parken-luebeck-Verwaltungszentrum-Muhlentor-Parkplatz-Verwaltungszentrum-Muhlentor-Parkplatz-Lubeck,parken-luebeck-Vogteistrasse-Parkplatz-Vogteistrasse-Parkplatz-Travemunde,parken-luebeck-Wallstrasse-Parkplatz-Wallstrasse-Parkplatz-Lubeck,parken-luebeck-Werner-Kock-Strasse-Parkplatz-Strassenrand-Werner-Kock-Strasse-Parkplatz-Strassenrand-Lubeck,parken-osnabrueck-11,parken-osnabrueck-13,parken-osnabrueck-16,parken-osnabrueck-17,parken-osnabrueck-18,parken-osnabrueck-19,parken-osnabrueck-21,parken-osnabrueck-22,parken-osnabrueck-23,parken-osnabrueck-24,parken-osnabrueck-25,parken-osnabrueck-26,parken-osnabrueck-27,parken-osnabrueck-28,parken-osnabrueck-29,parken-osnabrueck-30,parken-osnabrueck-31,parken-osnabrueck-32,parken-osnabrueck-33,parken-osnabrueck-34,parken-osnabrueck-35,parken-osnabrueck-36,parken-osnabrueck-37,parken-osnabrueck-38,parken-osnabrueck-39,parken-osnabrueck-40,parken-osnabrueck-41,parken-osnabrueck-43,parken-osnabrueck-44,parken-osnabrueck-45,parken-osnabrueck-46,parken-osnabrueck-49,parken-osnabrueck-50,parken-osnabrueck-51,regensburg-parken-Park-Ride-Parkplatz-Unterer-Wohrd,regensburg-parken-Park-Ride-Parkplatz-West,regensburg-parken-Parkhaus-Dachauplatz,regensburg-parken-Parkhaus-Dallmeier,regensburg-parken-Parkhaus-Regensburg-Arcaden,regensburg-parken-Parkhaus-St-Peters-Weg,regensburg-parken-Parkplatz-Dultplatz,regensburg-parken-Tiefgarage-Arnulfsplatz,regensburg-parken-Tiefgarage-Hauptbahnhof-Castra-Regina-Center,regensburg-parken-Tiefgarage-am-Theater-Bismarckplatz,reutlingen-parken-Am-Bahnhof,reutlingen-parken-Bahnhof,reutlingen-parken-Echaz-Zentrum,reutlingen-parken-Galeria-Kaufhof,reutlingen-parken-Gartentor-C-A-Mode,reutlingen-parken-Gartenviertel,reutlingen-parken-Kaiserpassage,reutlingen-parken-Klinikum-I,reutlingen-parken-Klinikum-II,reutlingen-parken-Konrad-Adenauer-Strasse-Eberhardstrasse,reutlingen-parken-Kronprinzenbau,reutlingen-parken-Lederstrasse,reutlingen-parken-Nordstern,reutlingen-parken-Obere-Wassere,reutlingen-parken-Parkgarage-Leonhardsplatz,reutlingen-parken-Parkhaus-Pomologie,reutlingen-parken-Rathaus-Tubinger-Tor,reutlingen-parken-Stadthalle,reutlingen-parken-Stadtmitte,reutlingen-parken-Unter-den-Linden,reutlingen-parken-Volksbank,sw-bielefeld-parken-Parkhaus-Am-Hauptbahnhof,sw-bielefeld-parken-Parkhaus-Am-Jahnplatz,sw-bielefeld-parken-Parkhaus-Am-Zwinger,sw-bielefeld-parken-Parkhaus-Ankergarten,sw-bielefeld-parken-Parkhaus-Bahnhofsviertel-1,sw-bielefeld-parken-Parkhaus-Bahnhofsviertel-2,sw-bielefeld-parken-Parkhaus-Centrum,sw-bielefeld-parken-Parkhaus-Karstadt,sw-bielefeld-parken-Parkhaus-LOOM,sw-bielefeld-parken-Parkhaus-Ritterstrasse,sw-bielefeld-parken-Parkhaus-Stadthalle,sw-bielefeld-parken-Parkpalette-Hermann-Delius-Strasse,sw-bielefeld-parken-Parkplatz-Friedenstrasse,sw-bielefeld-parken-Parkplatz-Grosse-Kurfursten-Str,sw-bielefeld-parken-Parkplatz-Hbf,sw-bielefeld-parken-Parkplatz-Herforder-Str,sw-bielefeld-parken-Parkplatz-Kunsthalle,sw-bielefeld-parken-Parkplatz-Mercatorstr,sw-bielefeld-parken-Parkplatz-Niederwall,sw-bielefeld-parken-Parkplatz-Teutoburger-Strasse,sw-bielefeld-parken-Parkplatz-Zentrum,sw-bielefeld-parken-Parkplatze-Werner-Bock-Strasse,sw-bielefeld-parken-Seidenstickerhalle,sw-bielefeld-parken-Tiefgarage-Altstadt-Carre,sw-bielefeld-parken-Tiefgarage-Am-Theater,sw-bielefeld-parken-Tiefgarage-Kesselbrink,sw-bielefeld-parken-Tiefgarage-Marktpassage-nicht-fur-gasbetriebene-Fahrzeuge,sw-bielefeld-parken-Tiefgarage-Neues-Rathaus,sw-bielefeld-parken-Tiefgarage-Welle,sw-bielefeld-parken-Tiefgarage-Willy-Brandt-Platz,sw-bielefeld-parken-Tiefgarage-und-Parkpalette-CineStar,swt-trier-parken-Basi,swt-trier-parken-City,swt-trier-parken-Hauptm,swt-trier-parken-Kons,swt-trier-parken-Osta,swt-trier-parken-ParkPlaza,swt-trier-parken-Vieh,tiefbauamt-nuernberg-parken-ADCOM-Center,tiefbauamt-nuernberg-parken-Adlerstrasse,tiefbauamt-nuernberg-parken-City-Park-Center,tiefbauamt-nuernberg-parken-Erler-Klinik,tiefbauamt-nuernberg-parken-Findelgasse,tiefbauamt-nuernberg-parken-Galeria-Kaufhof,tiefbauamt-nuernberg-parken-Hans-Sachs-Platz,tiefbauamt-nuernberg-parken-Hauptbahnhof,tiefbauamt-nuernberg-parken-Hauptmarkt,tiefbauamt-nuernberg-parken-Jakobsmarkt,tiefbauamt-nuernberg-parken-Katharinenhof,tiefbauamt-nuernberg-parken-PH-Nurnberger-Akademie,tiefbauamt-nuernberg-parken-Parkhaus-City-Point,tiefbauamt-nuernberg-parken-Parkhaus-Karstadt,tiefbauamt-nuernberg-parken-Parkhaus-Maximum,tiefbauamt-nuernberg-parken-Parkhaus-Wohrl,tiefbauamt-nuernberg-parken-Parkhausname,tiefbauamt-nuernberg-parken-Sebalder-Hofe,tiefbauamt-nuernberg-parken-Sterntor,tiefbauamt-nuernberg-parken-Theater,vmz-bremen-parken-Am-Bahnhof,vmz-bremen-parken-Am-Brill,vmz-bremen-parken-Am-Dom,vmz-bremen-parken-Am-Kuhhirten,vmz-bremen-parken-Am-Sedanplatz,vmz-bremen-parken-Am-Vegesacker-Hafen,vmz-bremen-parken-Am-Wall,vmz-bremen-parken-Aumunder-Markplatz,vmz-bremen-parken-Beckersweide,vmz-bremen-parken-Burgerweide,vmz-bremen-parken-Burgerweide-Klangbogen,vmz-bremen-parken-City-Gate,vmz-bremen-parken-Fresenbergstrasse-P1,vmz-bremen-parken-Fresenbergstrasse-P2,vmz-bremen-parken-Herdentor-Rembertiring,vmz-bremen-parken-Hillmannplatz,vmz-bremen-parken-Im-Pohl,vmz-bremen-parken-Katharinenklosterhof,vmz-bremen-parken-Kunstlerhaus-Guterbahnhof,vmz-bremen-parken-Lubecker-Strasse,vmz-bremen-parken-Messe-Parkhaus,vmz-bremen-parken-Mitte,vmz-bremen-parken-Ortsamt-Blumenthal,vmz-bremen-parken-Ostertor-Kulturmeile,vmz-bremen-parken-Pressehaus,vmz-bremen-parken-Rowekamp-Metropol-Theater,vmz-bremen-parken-Sagerstr,vmz-bremen-parken-Silbermannstrasse,vmz-bremen-parken-Stephani,vmz-bremen-parken-Uberseestadt,vmz-bremen-parken-Weserstadion,vtmanager-duesseldorf-parken-FLOAT,vtmanager-duesseldorf-parken-Heerdt,vtmanager-duesseldorf-parken-PH-01,vtmanager-duesseldorf-parken-PH-02,vtmanager-duesseldorf-parken-PH-03,vtmanager-duesseldorf-parken-PH-04,vtmanager-duesseldorf-parken-PH-06,vtmanager-duesseldorf-parken-PH-08,vtmanager-duesseldorf-parken-PH-09,vtmanager-duesseldorf-parken-PH-10,vtmanager-duesseldorf-parken-PH-11,vtmanager-duesseldorf-parken-PH-12,vtmanager-duesseldorf-parken-PH-13,vtmanager-duesseldorf-parken-PH-16,vtmanager-duesseldorf-parken-PH-17,vtmanager-duesseldorf-parken-PH-18,vtmanager-duesseldorf-parken-PH-20,vtmanager-duesseldorf-parken-PH-22,vtmanager-duesseldorf-parken-PH-23,vtmanager-duesseldorf-parken-PH-24,vtmanager-duesseldorf-parken-PH-25,vtmanager-duesseldorf-parken-PH-26,vtmanager-duesseldorf-parken-PH-29,vtmanager-duesseldorf-parken-PH-33,vtmanager-duesseldorf-parken-PH-34,vtmanager-duesseldorf-parken-PH-35,vtmanager-duesseldorf-parken-PH-37,vtmanager-duesseldorf-parken-PH-39,vtmanager-duesseldorf-parken-PH-42,vtmanager-duesseldorf-parken-PH-43,vtmanager-duesseldorf-parken-PH-45,vtmanager-duesseldorf-parken-PH-46,vtmanager-duesseldorf-parken-PH-47,vtmanager-duesseldorf-parken-PH-48,vtmanager-duesseldorf-parken-PH-50,vtmanager-duesseldorf-parken-PH-51,vtmanager-duesseldorf-parken-PH-52,vtmanager-duesseldorf-parken-PH-53,vtmanager-duesseldorf-parken-PH-54
2026-08-01T00:00:01+00:00,185,270,59,141,635,52,,250,297,,220,203,213,322,,,327,,,,1245,167,505,444,313,,,69,,,11,993,32,42,56,166,,,,38,145,151,0,42,0,39,,,,,0,,336,44,0,,6,57,18,0,156,182,8,61,80,87,234,26,35,53,82,,,321,0,,66,220,385,230,275,176,200,257,21,198,63,353,118,269,436,278,151,487,73,277,219,441,305,95,21,116,277,279,323,166,770,82,744,277,111,241,301,590,24,5,500,61,,,,201,270,517,,126,390,,0,0,0,0,275,0,0,0,0,540,0,0,0,0,183,221,0,0,0,0,0,,269,,10,266,370,740,292,475,,202,150,618,261,295,528,257,52,230,,832,333,594,266,328,279,331,1229,491,161,465,222,211,181,265,347,268,,,210,16,131,903,,,,,,,,239,,145,,,,,,118,105,0,,58,,133,,,0,,,49,0,0,0,0,0,0,0,0,266,0,0,0,0,0,520,0,28,113,133,0,0,0,165,0,0,0,0,148,0,0,0,0,60,0,0,0,0,75,0,0,48,209,36,211,501,300,186,271,237,410,0,398,64,14,321,356,408,662,335,394,404,130,,233,331,100,,1359,,,,318,,98,,,,,,,,47,,,132,71,24,11,,,,450,,,,,144,,,258,,,,,,,,,,,,10,,,,,,,,,,,,191,137,49,119,117,155,74,228,509,420,38,43,368,232,47,198,14,0,19,85,182,284,0,33,302,172,291,200,110,143,902,45,138,61,133,0,485,70,1070,184,1500,141,203,173,0,118,209,289,84,0,0,343,343,116,0,314,0,343,209,135,289,200,249,0,0,711,71,212,,692,,250,246,,287,375,,,143,127,,,,,,76,,,301,123,,,264,270,,209,415,842,254,200,684,79,176,14,123,281,163,129,161,0,101,295,256,326,206,0,276,82,358,,239,194,0,,,,,,,,,,,,,,,,,,,,,,,,,,,,,,,,606,142,155,241,41,304,264,100,567,198,302,328,,300,,184,90,79,,193,469,305,360,,,,200,544,590,127,,538,,212,155,160,641,322,
2026-08-01T00:15:02+00:00,,,,,,53,,,298,,,210,,,,,343,,,,,,503,,,,,,,,,,,41,,,,,,,,152,,,,,,,,,,,,,,,,,,,,,,62,,,,,36,,83,,,320,,,,,,,,,,,,,,355,129,275,438,279,,500,,276,,453,,107,,,,283,338,168,,,750,276,,240,304,592,,,,64,,,,,271,,,141,,,,,,,285,,,,,,,,,,,,,,,,,,271,,,268,,,,,,205,,,,,,,,,,,,,,,,,1230,500,,,223,,,266,349,,,,211,16,,,,,,,,,,,,,,,,,,,104,,,,,,,,,,,,,,,,,,,,272,,,,,,,,,,,,,,,,,,,,,,,,,,,,,,,,,,,,502,,,,236,413,,399,,,,,,,,395,422,,,,330,,,,,,,,,,,,,,,,,,,,,,,,,,,,,,,,,,,,,,,,,,,,,,,,,,,,,,,,,,,203,,,121,,,,,510,421,,,,,,,,,,,183,,,,,,,,,,903,,,,135,,505,,1115,207,,144,,180,,,,,,,,,,,,,,,,,,,,,,725,,213,,697,,251,,,288,,,,,126,,,,,,78,,,,,,,269,,,,,843,253,,,,,12,126,,164,131,,,,,267,337,210,,299,,,,240,199,,,,,,,,,,,,,,,,,,,,,,,,,,,,,,,,,,145,156,264,43,305,,,,,,,,,,185,92,,,,,,,,,,,,593,,,,,,,,,,
2026-08-01T00:30:02+00:00,,,,,,,,251,,,,216,,,,,,,,,,,,,314,,,,,,,1001,,49,,,,,,,146,,,,,,,,,,,,,,,,7,,,,,,,,,,235,,37,,,,,,,,71,,,,,,,,,,,,134,277,441,280,152,502,74,277,,460,,117,20,,278,288,356,,,,757,,,241,310,594,,,,65,,,,202,273,518,,142,,,,,,,286,,,,,,,,,,185,,,,,,,,276,,,269,,,,,,206,,,,,,,,,,,,,,,280,330,,503,,,224,,,,350,271,,,212,16,132,905,,,,,,,,,,,,,,,,,105,,,,,,,,,,,,,,,,,,,,273,,,,,,,,,,,,,,,,,,,,,,,,,,,,,,,,,,,,507,,,,,414,,,68,,310,,,,,,437,,,,453,,,1360,,,,,,,,,,,,,,,,,,,,,,,,,,,,,,,,,,,,,,,,,,,,,,,,,,,,,,,,218,,,,,,,,512,,,,,,,199,,,,,,,,,,,,,,,,,,,,,,,,,,,,,,,,,,,,,,,,,,,,,,,,,,727,,214,,699,,252,,,,,,,,,,,,,,,,,302,,,,275,271,,,,844,254,,,,,13,128,,,,,,103,296,269,342,215,,302,,359,,,209,,,,,,,,,,,,,,,,,,,,,,,,,,,,,,,,,607,144,157,271,49,306,,,,,,,,,,,,,,,470,304,,,,,,,,,,,,,,,,323,
2026-08-01T00:45:01+00:00,186,,,142,,,,,,,,222,,,,,,,,,,,504,,,,,,,,,1002,,51,,,,,,,148,,,,,,,,,,,,,,,,,,,,,,9,61,,,,,,,,,,321,,,,,,,,,,,,,,353,139,280,442,,,514,,,,464,,137,19,,279,291,380,,,,763,277,,242,314,595,,,,66,,,,,,,,,,,,,,,287,,,,,,,,,,187,,,,,,,,277,,,272,,,,,,208,,619,,,,,,,,,,,,,,332,,505,,,225,210,,267,,273,,,215,16,133,906,,,,,,,,,,,,,,,,,104,,,,,,,,,,,,,,,,,,,,,,,,,,,,29,,,,,,,,,,,,,,,,,,,,,,,,,,,,512,,,,,,,400,69,,,357,,,,,457,,,,,,,,,,,,,,,,,,,,,,,,,,,,,,,,,,,,,,,,,,,,,,,,,,,,,,,,,,,,,,,,,,,,,,,513,422,,,,,,198,,,,,,285,,,,,,,,,,,,,,,,,,,,,,,,,,,,,,,,,,,,,,,,,,,,732,,,,698,,253,,,,,,,,,,,,,,,,,,,,,276,,,210,416,,,,,,,,,,,,,,,,,,,,,,,,,,,,,,,,,,,,,,,,,,,,,,,,,,,,,,,,,,610,145,158,290,,308,,,,,303,,,,,,,,,,,,,,,,,,596,,,539,,,,,,324,
2026-08-01T01:00:01+00:00,187,,,,,,,,,,,225,,,,,344,,,,,,505,,,,,,,,,1004,,53,,,,,,,,,,,,,,,,,,,337,43,,,,,,,,,,,81,,,,,55,,,,322,,,,,,,,,,,,,,,144,284,,,,521,75,,,468,,148,,,278,294,400,,,,769,,,244,319,,,,,,,,,205,274,519,,143,390,,,,,,288,,,,,,,,,,,,,,,,,,,,,275,,,,,,211,,,,,,,,,,,,,,,,,,510,,,,,,,349,,,,216,16,135,907,,,,,,,,,,,,,,,,,105,,,,,,,,,,,,,,,,,,,,275,,,,,,,,,,,,,,,,,,,,,,,,,,,,,,,,,,,,514,,,,,,,401,72,,,,,,,,468,,,,,,,,,,,,,,,,,,,,,,,,,,,,,,,,,,,,,,,,,,,,,,,,,,,,,,,,,,,,,,,222,,,,,,,,,,,,369,,,,,,,,,,,34,,,,,,,,,,,,,,,,,,,,,,,,,,,,,,,,,,,,,,,,,,737,,,,701,,,,,,,,,,,,,,,,,,,,,,,286,,,,,,,,,,177,,131,,,132,,,104,297,,361,228,,321,,360,,,212,,,,,,,,,,,,,,,,,,,,,,,,,,,,,,,,,,146,159,302,52,,,,,,304,,,,,,,,,,,,,,,,,,598,,,538,,,156,,,325,
2026-08-01T01:15:02+00:00,188,,,,,54,,,,,,231,,323,,,,,,,,,,,,,,,,,,1005,,,,,,,,,,151,,,,,,,,,,,,,,,,,,,,,,,,,,,,,,,,321,,,,,,,,,,,,,,,152,285,444,,153,527,,,,471,304,153,,,,291,411,169,,,770,,,,322,597,,,,,,,,,273,521,,142,,,,,,,,,,,,541,,,,,,,,,,,,,,,,277,,,,,,214,,,,,,,,,,,,,,,,,,511,,466,,,,,,274,,,218,16,136,909,,,,,,,,,,,,,,,,,,,,,,,,,,,,,,,,,,,,,278,,,,,,519,,,,,,,,,,,,,,,,,,,,,,,,,,,,,,517,,,,237,415,,,,,,358,,,,,481,,,,,,,,,,,,,,,,,,,,,,,,,,,,,,,,,,,,,,,,,,,,,,,,,,,,,,,,,,,,,,,229,,50,,118,,,,,,,,,,,,,,,,,,,,,,,,,,,,,,134,,507,,1117,242,1498,146,202,185,,,,,,,,,,,,,,,,,,,,,,738,,,,709,,,,,,,,,,127,,,,,,,,,,,,,293,,,,417,,258,,,,,,133,279,,133,,,106,296,,362,232,,326,,,,,218,,,,,,,,,,,,,,,,,,,,,,,,,,,,,,,,,,,142,315,53,311,,,,,,,,,,,,,,,,,,,,,,,599,,,540,,,,,,,
2026-08-01T01:30:02+00:00,,,,143,,,,,,,,236,,,,,,,,,,,,,315,,,,,,,,,52,,,,,,,,,,,,,,,,,,,,,,,,,,,,,,62,,,,,,,,,,,,,,,,,,,,,,,,,154,286,,,,532,,,,474,,162,,,279,294,418,,,,774,,,245,323,598,,,,,,,,,,,,,,,,,,,290,,,,,,,,,,188,,,,,,,,279,,,283,,,,,,216,,,,,,,,,,,,,,,,,1231,,,,,,,269,350,,,,220,16,,,,,,,,,,,,,,,,,,,,,,,,,,,,,,,,,,,,,,,281,,,,,,,,,,,,,,,,,,,,,,,,,,,,,,,,,,,,519,,,,,417,,400,74,,,,,,,396,486,,,,,,,,,,,,,,,,,,,,,,,,,,,,,,,,,,,,,,,,,,,,,,,,,,,,,,,,,,,,,,,,,,,119,,,,,423,,,,,,,,,,,,,,,,,,,,,,,,,,,,,,,,,,,,,,,,,,,,,,,,,,,,,,,,740,,,,711,,,,,,376,,,,,,,,,,,,,,,,,304,,,211,,845,,,,,,15,136,,,,,,107,297,271,363,233,,327,,,,,,,,,,,,,,,,,,,,,,,,,,,,,,,,,,,,,,,,143,336,57,,,,,,,,,,,,,,,,,305,,,,,,,600,,,,,,,,,,
2026-08-01T01:45:02+00:00,,,,142,,,,250,,,,239,,,,,,,,,,,,,,,,,,,,1004,,,,,,,,37,,152,,,,,,,,,,,,,,,8,,,,,,,,,,,,,,,,,,,,,,,,,,,,,,,,159,289,,,,535,76,,,477,,169,20,,,297,428,,,,776,,,,324,596,,,,,,,,,274,522,,144,,,,,,,,,,,,,,,,,,,,,,,,,,,,290,,,,,,,,,,,,,,,,,,,,,279,,,517,,,226,,180,,,,,,221,16,,910,,,,,,,,,,,,,,,,,,,,,,,,,,,,,,,,,,,,,283,,,,,,,,30,,,,,,,,,,,,,,,,,,,,,,,,,,,,520,,,,,421,,397,,,,,,,,,496,,,,,,,,,,,,,,,,,,,,,,,,,,,,,,,,,,,,,,,,,,,,,,,,,,,,,,,,,,,,,,,,,,,,,,,,,,,,,,,,,,,184,,,,,,,,111,,,,,,,,,,,,,,,,,,,,,,,,,,,,,,,,,,,,,745,,,,712,,255,,,,377,,,,,,,,,,,,,,124,,,310,,,,,,259,,,,,17,137,278,,,,,,,274,,234,,,,,,,221,,,,,,,,,,,,,,,,,,,,,,,,,,,,,,,,,,,145,353,58,,,,,,,,,,,,,,,,,,,,,,,,,,,,,,,,,,
2026-08-01T02:00:02+00:00,,,,,,,,,,,,,,,,,,,,,,,,443,,,,,,,,,,,,,,,,,149,,,,,,,,,,,,,,,,,,,,,,,63,,,,,,,,,,,,,,,,,,,,,,,,,162,290,,,,537,,276,,,,175,,,,299,438,,,,,279,,,325,597,,,,67,,,,,275,,,145,,,,,,,292,,,,,539,,,,,189,,,,,,,,,,,291,,,,474,,217,,,,,,,,,,,,,,,,,,,,,,,,,,,,,220,16,,,,,,,,,,,,,,,,,,,,,,,,,,,,,,,,,,,,,,,286,,,,,,,,,,,,,,,,,,,,,,,,,,,,,,,,,,,,,,,,,422,,398,,,,,,,,,501,,,,,,,,,,,,,,,,,,,,,,,,,,,,,,,,,,,,,,,,,,,,,,,,,,,,,,,,,,,,,,,,,,,120,,,229,,,,,,,,,,,,,,,,,,,,,,144,,,,,,,,,,,,,,,,,,,,,,,,,,,,,,,,,,,,747,,,,714,,,,,,379,,,,,,,,,,,,,,,,,318,,,,,,,,,,,,138,,,,,,106,,270,365,,,329,,,,,225,,,,,,,,,,,,,,,,,,,,,,,,,,,,,,,,,,,147,360,,,,,,,,,,,,,,,,,,,,,,,,,603,,,,,,,,,,
2026-08-01T02:15:01+00:00,,,,,,,,,,,,241,,,,,,,,,,,,,,,,,,,,1003,,51,,,,,,,,,,,,,,,,,,,,,,,,,,,,,,,,,,,,,,,,322,,,,,,,,,,,,,,352,166,,445,281,154,540,75,,,,,180,,,,301,446,,,,777,,110,,326,595,,,,,,,,,,,,,,,,,,,,,,,,,,,,,,,,,,,,,,,,304,,,,,,218,,,,,,,,,,,,,,,,,,520,,,,208,,,,275,,,219,16,,,,,,,,,,,,,,,,,,,103,,,,,,,,,,,,,,,,,,,,,,,,,,,,,,,,,,,,,,,,,,,,,,,,,,,,,,,,531,,,,,,,400,69,,,,,,,,510,,,,,,,,,,,,,,,,,,,,,,,,,,,,,,,,,,,,,,,,,,,,,,,,,,,,,,,,,,,,,,,230,,,,,,73,,514,,,,,,,,,,,,,,,,,,,,,,,,,,135,,510,,1118,279,,,,187,,,,,,,,,,,,,,,,,,,,,,749,,,,715,,256,,,,380,,,,,,,,,,,,,,,,,320,,,,,,,,,,,16,,,,,,,,,267,,,,330,,,,,262,,,,,,,,,,,,,,,,,,,,,,,,,,,,,,,,,,,,370,,,,,,,,,,,,,,,,,,,,,,,,,,,,541,,,,,,,
2026-08-01T02:30:01+00:00,187,,,,,,,249,,,,242,,,,,,,,,,,,,,,,,,,9,1004,,,,,,,,,,,,,,,,,,,,,,,,,,,,,,,,,,,,,,,,,,321,,,,,,,,,,,,,,,,,447,,,544,,,,479,,184,19,,,302,458,,,,779,,,,,594,,,,,,,,,,,,144,,,,,,,,,,,,,,,,,,,,,,,,,281,,,,,,,,,,,,,,,,,,,,,,,,,,,519,,,,,,,,,,,221,16,137,,,,,,,,,,,,,,,,,,,,,,,,,,,,,,,,,,,,,,288,,,,,,,,,,,,,,,,,,,,,,,,,,,,,,,,,,,,533,,,,,426,,401,72,,,,,,,,515,,,,,,,,,,,,,,,,,,,,,,,,,,,,,,,,,,,,,,,,,,,,,,,,,,,,,,,,,,,,,,,229,,,,,,,,,,,,,,,,,,,,,,,,,,,,110,,,,,,,,,,,,,,,,,,,,,,,,,,,,,,,,,,,,,,,,,716,,,,,,,,,144,,,,,,,,,,,125,,,323,,,,,,,,,,,17,,,,,,,108,,266,,,,,,,,,266,,,,,,,,,,,,,,,,,,,,,,,,,,,,,,,,,,,,382,61,312,,,,,,,,,,,,,,,,,,,,,,,604,,,,,,,,,,
2026-08-01T02:45:01+00:00,,,,,,,,,,,,246,,,,,,,,,,,,,,,,,,,,1022,,,,,,,,,,,,41,,,,,,,,,,,,,,,,,,,,,82,,,,,,,,,320,,,,219,,,,,,,,,,,167,,448,,,,,,,480,,189,,,280,303,466,,,,780,,,246,,,,,,,,,,,274,,,145,,,,,,,,,,,,,,,,,,,,,,,,,282,,,305,,,,,,,,,,,,,,,,,,,,,,,,522,,,,,,,351,,,,,16,,,,,,,,,,,,,,,,,,,,,,,,,,,,,,,,,,,,,,,290,,,,,,518,,,,,,,,,,,,,,,,,,,,,,,,,,,,,,,,,,,,,394,74,,,,,,,,518,,,,,,,,,,,,,,,,,,,,,,,,,,,,,,,,,,,,,,,,,,,,,,,,,,,,,,,,,,,,,,,228,138,51,,,,,,,,,,,,,,,,,,,,,,,,,,109,,902,,,,,,,,,,,,,,,,,,,,,,,,,,,,,,,,,,,,,,,718,,257,,,,,,,,,,,,,,,,,,,,,329,,,,,,,,,,178,,140,,,,,,106,,290,366,,,,,361,,,267,,,,,,,,,,,,,,,,,,,,,,,,,,,,,,,,,,,,393,,313,,,,,,,,299,,,,,,,,,,,,,,,,126,,,,,,,,,
2026-08-01T03:00:01+00:00,,,,,,,,250,,,,249,,,,,,,,,,,,,,,,,,,,1030,,,,,,,,,148,,,,,,,,,,,,,,,,,56,,,,,,,,,,,38,,,,,317,,,,,,,,,,,,,,,170,,,,,,,,,484,,193,,,,,480,,,,781,278,,,,591,,,,,,,,,273,,,143,,,,,,,,,,,,,,,,,,,,,,,,,,,,306,,,,,,,,,,,,,,,,,,,,,,,,523,,465,,206,,,352,,,,,16,,,,,,,,,,,,,,,,,,,,,,,,,,,,,,,,,,,,,,,,,,,,,519,,,,,,,,,,,,,147,,,,,,,,,,,,,,,,,534,,,,,425,,387,,,,,,,,,524,,,,,,,,,,,,,,,,,,,,,,,,,,,,,,,,,,,,,,,,,,,,,,,,,,,,,,,,,,,,,,,,,,122,,,,,,,,,,,,,,,,,,,,,,,,,,,901,,,,,,,,,,,,,,,,,,,,,,,,,,,,,,,,,,,747,72,,,721,,,,,,379,,,143,,,,,,,,,,,,,,330,,,212,,,,,,80,,,143,,,,,,105,310,291,367,233,,,,,,,,,,,,,,,,,,,,,,,,,,,,,,,,,,,,,,,,,,,400,63,,,,,,,,,,,,,,,,,,,,,,,,605,,,,,,,,,,
2026-08-01T03:15:01+00:00,,,,,,,,249,,,,,,,,,,,,,,,,441,,,,,,,,1051,,50,,,,,,,,,,,,,,,,,,,336,41,,,,,,,,,,64,,,,,,,,,,315,,,,,,,,,,,,,,,177,291,,282,,547,,,,486,,197,,,,,488,,,,783,,,243,,596,,,,,,,,,280,,,144,,,,,,,,,,,,538,,,,,,,,,,,,,,,,305,,739,,,,,,,,,,,,,,,,,,,299,348,1230,443,160,461,196,,260,,462,225,,,222,16,,,,,,,,,,,,,,,,,,,,,,,,,,,,,,,,,,,,,,40,,,,,,,521,,,,,,,,,,,,,,,,,,,,,,,,,,,,,,,299,,,,,,384,,,,,,,,,531,,,,,,,,,,,,,,,,,,,,,,,,,,,,,,,,,,,,,,,,,,,,,,,,,,,,,,,,,,,,,,,229,,,,,,,,516,421,,,,,,,,,,,,,,,301,,,,,,900,,,,,,513,,1117,312,,,,190,,,,,,,,,,,,,,,,,,,,,,749,,,,723,,,,,,378,,,,,,,,,,,,,,,,,336,,,,,,,,,,,,144,,,,,,102,,288,368,234,,,,357,,,269,,,,,,,,,,,,,,,,,,,,,,,,,,,,,,,,,,,,409,65,312,,,,,,,,,,,,,,,,,,,,,,,,,,,,,126,,,,
2026-08-01T03:30:01+00:00,,,,,,,,250,,,,248,,322,,,,,,,,,,440,,,,,,,,1063,,,,167,,,,,,,,,,,,,,,,,335,40,,,9,57,17,,,,,63,81,,,,37,,,,,310,,,,218,,,,,,,,,,,179,292,,,,549,,,,487,,195,,,,302,494,,769,,,275,,242,,598,,,,,,,,,,,,,,,,,,,,,,,,537,,,,,,,,,,,,,285,,,304,,,,,,,,,,,,,,,,,,,,,,,,444,,458,,,,,,,,,,15,,909,,,,,,,,238,,,,,,,,,102,,,,,,,,,,,,,,,,,,,,289,,,,,,519,,,,,,,,,,,,,,,,,,,,,,,,,,,,,,,292,,,,,,377,,,,,,660,,397,532,,,,,,,1359,,,,,,,,,,,,,,,,,,,,,,,,,,,,,,,,,,,,,,,,,,,,,,,,,,,,,,,,227,,,,,,,,,420,,,368,,,,,,,,,,,,,,,,108,,892,,,,,,,,,,,,,,,,,,,,,,,,,,,,,,,,,,,,,,,722,,,,,,,,,,126,,,,,,,,,301,,,,351,,,,,844,,,,,179,16,,,,,,,106,,289,,,,329,,356,,,270,,,,,,,,,,,,,,,,,,,,,,,,,,,,,,,,,,145,,411,,,,,,,,,,,,,,,,,,,,,,,,,,,,,,,,,,,
2026-08-01T03:45:01+00:00,,,,,,,,251,,,,249,,,,,,,,,,,,,,,,,,,,1078,,49,55,,,,,,,,,,,,,,,,,,333,,,,10,,,,,,,56,80,,,25,,,,,,,,,,219,,,,,,,,,,,181,,,281,,548,,,,488,,201,,,,,498,,768,,,209,109,,325,,,,,,,,,,,,,,,,,,,,,,,,,536,,,,,,,,,,,,,,,,,,,,,,,,,,,,,,,,,,,,,,,1228,,,451,,,,,,222,,,,16,,910,,,,,,,,,,,,,,,,,,,,,,,,,,,,,,,,,,,,,,,,,,,,,,114,,,,,,,,,,,,,,,,,,,,,,,,,,,535,266,,,,,,372,,,,,,655,,398,530,,,,452,,,1348,,,,,,,,,,,,,,,,,,,,,,,,,,,,,,,,,,,,,,,,,,,,,,,,,,,,,,,,224,,,,,,,230,,419,,,365,,,197,,,,,,,,,,,,,,,866,,,,,,,69,,,,,,,,,,,,,,,,,,,,,,,,,,,,750,,,,721,,,,,,,,,141,,,,,,,,,,,,,,354,,,,,846,260,,683,,,15,,,162,,,,105,311,292,365,,,,81,355,,,271,,,,,,,,,,,,,,,,,,,,,,,,,,,,,,,,,611,,,419,67,,,,,,,,,,,184,,,,,,,,,,,,,,125,,,,,,,,,
2026-08-01T04:00:01+00:00,184,,,,,,,252,,,,247,,,,,,,,,,,,,,,,,,,,1097,,48,,166,,,,36,,,,,,,,,,,,,,,,,,56,,,,,,53,,,,,,,,,,308,,,,218,,,,,,,,197,,,186,,,283,153,549,,,,489,305,203,,,,303,506,,,81,,157,,,326,,,,,,,,,205,280,522,,142,390,,,,,,,,,,,,,,,,,,,,,,,,284,,,303,,,,,,,,,,,,,,,,,,,,,,,,,159,,,204,,,,219,,,,16,,,,,,,,,,,,,,,,,,,101,,,,,,,,,,,,,,,,,,,,288,,,,,,,,,,,,,,,,,,,,,,,,,,,,,,,,,,,,534,262,185,,236,424,,365,,,,,,649,339,,,,,,,99,,1336,,,,,,,,,,,,,,,,,,,,,,,,,,,,,,,,,,,,,,,,,,,,,,,,,,,,,,,,220,,,,119,,70,225,,,,,360,,,,21,,,,,,,33,287,,,,109,,831,,,58,,,,,,,,,,,,,,,,,,,,,,,,,,,,,,,,751,,,,723,,256,,,,377,,,140,,,,,,,,,,,,,,358,,,,,,261,,684,,,16,142,275,160,,,,101,,,,,,,80,,,,272,,,,,,,,,,,,,,,,,,,,,,,,,,,,,,,,,,,,421,,,,,,199,,326,,,,,,,,,,,,,,,,,,,,,,,,,,,
2026-08-01T04:05:02+00:00,,,,,,,,,,,,249,,,,,,,,,,,,,380,,,,,,50,950,,,,,,,,,,,,,,,,,,,,,,,,,,,,,,,,,,,,,,,,,,309,,,,220,,,,,,,,,,,,,,,,,,,,,,,,,,,,,,,,,,,,,,,,,,,,,,,,,,,,,,,,,,,,,,,,,,,,,,,,,,,,,,,,,,,,,,,,,,,,,,,,,,,,,,445,,202,,,,217,,,,17,,,,,,,,,,,,,,,,,,,99,,,,,,,,,,,,,,,,,,,,,,,,,,,,,,,,,,,,,,,,,,,,,,,,,,,,,,,,,,,,,,,81,,,,,,648,,,,,,,,,,1334,,,,,,,,,,,,,,,,,,,,,,,,,,,,,,,,,,,,,,,,,,,,,,,,,,,,,,,,219,,,,,,69,,,,,,,,,,,,,86,,,,,269,,,,108,,827,,,,129,,512,,1115,345,1473,147,,212,,,,,,,,,,,,,,,,,,,,,,748,,,,,,,,,,,,,139,125,,,,,,,,,,,,,359,,,213,,847,,,,,,,,,,,,,,,,,,,,,,,,,,,,,,,,,,,,,,,,,,,,,,,,,,,,,,,,,,,,422,,,,,,,254,,,,,,,,,,,,,,,,,,604,,,,,,127,,,,
2026-08-01T04:10:02+00:00,,,,,,,,,,,,250,,323,,,,,,,,,,,379,,,,,,,952,,49,,,,,,,147,,,40,,,,,,,,,,,,,,,,,,,,54,,,,26,,,,,,308,,,,,,,,,,,,,,,,,,,,,,,,,,,,,,,,,,,,,,,,,,,,,,,,,,,,,,,,,,,,,,,,,,,,,,,,,,,,,,,,,,,,,,,,,,,,,,,,,,,,,,,,,,,,,,,,,,,,17,,909,,,,,,,,,,144,,,,,,,100,,,,,,,,,,,,,,,,,,,,,,,,,,,,,,,,,,,,,,,,,,,,,,,,,,,,,,,,,,,,,,,,,,,,,,,,532,,,,,,,,,,,,,,,,,,,,,,,,,,,,,,,,,,,,,,,,,,,,,,,,,,,,,,,,,,,,,,,214,,,,,154,,,,,,,,,,,,,,,,,,,266,,,,,,,,,,,,,,,,,,,,,,,,,,,,,,,,,,,,,,,,,,,,,,,,,,,,,,,,,,,,,,,,,,,,,,,,,,,,,,,,,,,,,,,,,,,,,,,,,,,,,,,,,,,,,,,,,,,,,,,,,,,,,,,,,,,,,421,68,,,,,,,,,,,183,,,,,,,,,,,,,,,,,,,,,,,
2026-08-01T04:15:01+00:00,,,,,,,,,,,,,,,,,,,,,,,,438,,,,,,,,,31,50,56,,,,,,,,,,,,,,,,,,,,,,,,,,,,,53,,,,,,,,,,309,,,,,,,285,199,,,,,,,,,,,,548,,,,490,302,,,,282,301,511,168,,,784,269,,,325,589,,,,,,,846,,,,,,,,,,,,290,,,,,,,,,,,219,,,,,,,285,,,304,,,,475,,141,,618,,,,,,,,,,,,,,,1227,,157,441,,200,,,,,,,,17,,,,,,,,,,,,,,,,,,,101,,,,,,,,,,,,,,,,,,,,287,,,,,,,,,,,,,,,,,,,,,,,,,,,,,,,,,,,,,264,183,,,423,,75,,,,,,,,,,,,,,98,,1335,,,,,,,,,,,,,,,,,,,,,,,,,,,,,,,,,,,,,,,,,,,,,,,,,,,,,,,,211,,,,,153,,,,410,,,,,,,,,,,185,,,,,,,,,,,,,,,,,,,,,,,,,,,,,,,,,,,,,,,,,,,,,749,,,,,,,,,,,,,,,,,,,,,,,,,,,,,,,,,,,683,,,15,,,,,,,98,,289,,,,,,,,,,,,,,,,,,,,,,,,,,,,,,,,,,,,,,,,,,,,,,70,,,,,,,,,,,,,,,,,,,,,,,,,,,,,,,,,,
2026-08-01T04:20:01+00:00,183,,,,,,,,,,,,,,,,,,,,,,,437,,,,,,,,956,,,,,,,,37,,,,,,,,,,,,,,39,,,,,,,,,,55,,,,27,,,,,,310,,,,,,,,,,,,,,,,,,,,,,,,,,,,,,,,,,,,,,,,,,,,,,,,,,,,,,,,,,,,,,,,,,,,,,,,,,,,,,,,,,,,,,,,,,,,,,,,,,,,,,,,,,,,,,,,,,,,17,,,,,,,,,,,,143,,,,,,,,,,,,,,,,,,,,,,,,,,,,,,,,,,,29,,,,,,,,,,,,,,,,,,,,,,,,,,,,,265,,,,,,72,,,,357,,647,,,,,,,,99,,,,,,,,,,,,,,,,,,,,,,,,,,,,,,,,,,,,,,,,,,,,,,,,,,,,,,,,,,208,,50,121,,152,,,,411,,,359,,,196,,,,,,,,,265,,,,,,826,44,,,,317,,,1113,350,,,,,,,,,,,,,,,,,,,,,,,,,,750,,,,,,,,,,376,,,,,,,,,,,,,,,,,,,,,,,262,,,,,,,,,,,,,,,,,,,,,,,,,,,,,,,,,,,,,,,,,,,,,,,,,,,,,,,,,,,422,,,,,,,,,,,,,,,,,,,,,,,,,,,,,,,,,,,
2026-08-01T04:25:02+00:00,,,,,,,,,,,,,,,,,,,,,,,,,,,,,,,,962,,,,,,,,,146,,,,,,,,,,,,,,,,9,,,,,,,,,,,,,,,,,309,,,,,,,,,,,,198,,,187,,,,154,,,286,,,,204,,,281,300,514,,,,,259,,,324,590,,,,,,,,,,524,,,,,,,,,289,,,,,535,,,,,,,,,,,,,286,,,,,740,,,,,,617,,,,,,,,,,,,,,,,446,156,433,,,,,,216,,,,17,,,,,,,,,,,,,,,,,,,100,,,,,,,,,,,,,,,,,,,,,,,,,,,,,,,,,,,,,,,,,,,,,,,,,,,,,,,210,,270,,,,,,68,,,,,,,338,,,,,,,,,,,,,,,,,,,,,,,,,,,,,,,,,,,,,,,,,,,,,,,,,,,,,,,,,,,,,,,,,209,,,124,,,,,515,,,,,,,186,,,,,,,,,262,,,,,,827,,,,127,316,,,,351,1472,,,,,,,,,,,,,,,,,,,,,,,,,,,,,,,,,,,,,,,126,,,,,,,,,,,,,,,,,,,,,,,,,,,,,,,,,,,,,,,,,,,,,,,,,,,,,,,,,,,,,,,,,,,,,,,,,,,,,148,423,,,,,,,,,,,,182,,,,,,,,,,,,,,,,,,,,,,,
2026-08-01T04:30:01+00:00,,,,,,53,,,,,,,,,,,,,,,,,,,,,,,,,,964,,,,,,,,,,,,39,,,,,,,,,334,,,,10,,,,,,,59,,,,28,36,,,,,306,,,,221,,,,,,,,,,,,,,,,,,,,,,,,,,,,,,,,,,,,,,,,,,,,,,,,,,,,,,,,,,,,,,,,,,,,,,,,,,,,,,,,,,,,,,,,,,,,,,,,,,,,,,,,,,,,,,,221,17,,,,,,,,,,,,,,,,,,,98,,,,,,,,,,,,,,,,,,,,289,,,,,,,,,,,,,,,,,,,,,,,,,,,,,,,,,,,,,272,,,,,,65,,,,,,646,,,,,,,450,,,,,,,,,,,,,,,,,,,,,,,,,,,,,,,,,,,,,,,,,,,,,,,,,,,,,,,,,,,205,,,,,,,,,,,,,,,,,,,,,,,,,,,,109,,826,,,,,,,68,,,,,,,,,,,,,,,,,,,,,,,,,,,,749,,,,,,257,,,,,,,,125,,,,,,,,,,,,,,,,212,,,,,,,,17,141,,161,,,,96,310,,,,,328,79,,,,271,,,,,,,,,,,,,,,,,,,,,,,,,,,,,,,,,,,,424,,,,,,,,,,,,,,,,,,,,100,,,,,,,,,,,,,,,
2026-08-01T04:35:02+00:00,,,,,,54,,,,,,,,322,,,,,,,,,,,,,,,,,,968,32,,,,,,,,,,,38,,,,,,,,,,38,,,,,,,,,,60,,,,,37,,,,,,,,,,382,,,,,,,,,,,,449,284,155,,,,,,301,203,,,,,516,,767,82,785,,,,323,588,,,499,,,,,,,,,143,389,,,,,,,,,,,,,,,,,218,,,,,,,,,,,,,,474,,145,,,,,,,,,,,,,,,,,,448,,424,,,,,,,179,,,17,,,,,,,,,,,,,,,,,,,99,,,,,,,,,,,,,,,,,,,,290,,,,,,,,,,,,,,,,,,,,,,,,,,,,,,,,,,,,,271,182,,,,,63,,,,,,,337,,,,,,448,,,1336,,,,,,,,,,,,,,,,,,,,,,,,,,,,,,,,,,,,,,,,,,,,,,,,,,,,,,,,201,,,,,,70,,,412,,,362,,,184,,,,,,,,34,260,,290,,,145,824,,,,128,315,,,,,1470,,,,,,,,,,,,,,,,,,,,,,,,,751,,,,722,,,,,,377,,,,,,,,,,,,,,,,,360,,,,,,,,,,,,,,,,,,,,,,,,,,,,,,,,,,,,,,,,,,,,,,,,,,,,,,,,,,,,,,,144,149,,,,,,,,253,,,,,,,,,,,,,,,,,,,126,,,,,,,,,
2026-08-01T04:40:02+00:00,182,,,,,,,,,,,,,,,,,,,,,,,,380,,,,,,,970,,52,,167,,,,,,,,37,,,,,,,,,335,,,,,,,,,,,,,,,27,,,,,,,,,,,,,,,,,,,,,188,,,,156,,,,,,300,202,,,,299,518,,,,784,,,,,,,,,,,,,,,,,,,,,,,,,,,,,534,,,,,,,,,,,,,288,,,,,,,472,,149,,,,,,,,,,,,,,,,,,,,,,,,,,,,,222,17,138,,,,,,,,,,,,,,,,,,,,,52,,,,,,,,,,,,,,,,,291,,,,,,518,,,,,,,,,,,,,,,,,,,,,,,,,,,,,,,272,,,,,,55,,,,,,,336,399,,,,,,,,1337,,,,,,,,,,,,,,,,,,,,,,,,,,,,,,,,,,,,,,,,,,,,,,,,,,,,,,,,199,,,,,,,,,,,,361,,,183,,,,,,,,,259,173,,,,,825,,,,,,,,,,,,,,,,,,,,,,,,,,,,,,,,,,,749,,,,,,,,,,,,,,,,,,,,,,,,,,,,,,,,,,,682,,,,,,,,,,,,,,,,,,,,,,,,,,,,,,,,,,,,,,,,,,,,,,,,,,,,,,,,,428,69,,,,,,,327,,,,,,,,200,,,,,,,,,,,,540,,,126,,,,
2026-08-01T04:45:01+00:00,,,,,,,,,,,,,,,,,,,,,,,,436,379,,,,,,,971,,,,,,,,,,,,,,,,,,,,,,,,,,,,,,,,,79,,,26,,,,,,305,,,,,381,229,,198,199,,,,,351,189,,444,283,,,,,,489,299,,,,,,,,,,783,258,,240,322,587,,,,,,,,,,,58,,,,,,,,,,,,,,,,,,,,,,,,,,,,,,,,,,,,,,,,,,,,,,,,,,,,1226,449,155,418,,198,,268,459,214,,,,17,,,,,,,,,,,,,,,,,,,98,,,,,,,,,,,,,,,,,,,,292,,,,,,,,,,,,,,,,,,,,,,,,,,,,,,,,,,,,,275,,,,,,50,73,,,,,,335,400,,,,,,,,1336,,,,,,,,,,,,,,,,,,,,,,,,,,,,,,,,,,,,,,,,,,,,,,,,,,,,,,,,193,,,,,,,,,,,,360,,,,,,,,,278,,,262,,,,,,,,137,,,,,,,,,,,,,,,,,,,,,,,,,,,,,,,,,,,,,,,,,,,,,,140,126,,,,,,,,,,,,,,,,,,848,,,,,,,,,,,,,,,,,,,,,,,,,,,,,,,,,,,,,,,,,,,,,,,,,,,,,,,,,,,,427,,,,,,,,,,,,,,,,,471,,,,,,,,,,,,,,,,,,
2026-08-01T04:50:01+00:00,,,,,,,,251,,,,252,,,,,,,,,,,,437,,,,,,,51,981,,,,,,,,,145,,,38,,,,,,,,,,,,,,,,,,,,61,,,,,,,,,,303,,,,,,,,,,,,,,,,,,,,,,,,,,,,,,,,,,,,,,,,,,,,,,,,,,,,,,,,,,,,,,,,,,,,,,219,,,,,,,287,,,,,,,471,,148,,618,,,,,,,,,,,,,,,,,,,,,,,,,,,224,16,137,,,,,,,,,,,,,,,,,,97,,,,,,,,,,,,,,,,,,,,293,,,,,,,,,,,,,,,,,,,,,,,,,,,,,,,,,,,,,277,,,,,,46,,,,,,,334,399,530,,,,447,,,,,,,,,,,,,,,,,,,,,,,,,,,,,,,,,,,,,,,,,,,,,,,,,,,,,,,,,,,192,,,125,117,,69,,,411,,,,,,,,,,,,,,35,263,,,,112,146,828,,,,127,,,69,1112,,1471,,,,,,,,,,,,,,,,,,,,,,,,,748,,,,,,,,,287,,,,,,,,,,,,,,,,,,,,,,,,,,681,,,,140,276,,,,,92,,291,,,,,,,,,,,,,,,,,,,,,,,,,,,,,,,,,,,,,,,,,,,143,,,,310,,,,,,,,,,181,,,,,,,,,,,,,,,,,,,,,,,
2026-08-01T04:55:02+00:00,183,,,,,,,,,,,,,,,,,,,,,,,438,,,,,,,,989,,,,,,,,,144,,,,,,,,,,,,,,,,,,,,,,,,,,,,,,,,,304,,,,,,230,,,,,,,,,190,291,442,,,549,,287,,,,,,,280,300,517,,,,,,,241,,585,,,,,,,,,,,,,,,,,,,,,,,,,,,,,,220,,,,,,,285,,,,,,,467,,,,,,,,,,,,,,,,,,347,,450,,413,195,196,,,457,212,180,,225,16,,907,,,,,,,,,,,,,,,,,98,,,51,,134,,,,,,,,,,,,,,,,,,,,,517,,28,,,,,,164,,,,,,,,,,,,,,,,,,,,,,,279,,,,,,36,72,,311,,,,,,,,,,,,,,,,,,,,,,,,,,,,,,,,,,,,,,,,,,,,,,,,,,,,,,,,,,,,,,,,,,,,,193,137,49,,,,,,,,,,,,,184,,,,85,,277,,34,267,,,,113,,830,,,,126,318,510,,,350,1469,,,,,,,,,,,,,,,,,,,,,,,,,746,,,,,,,,,,376,,,,,,,,,,,,,,,,,361,,,,,,,,,,180,,,,,,,,,,,,,,,,,,,,,,,,,,,,,,,,,,,,,,,,,,,,,,,,,,,,,144,,428,,,,,,,,,93,,,,,,,,,,,,69,,,,,,,,,,,,,,
2026-08-01T05:00:01+00:00,,,,,,53,,252,,,,,,,,,,,,,,,,437,,,,,,,,999,,51,,,,,,,,,,,,,,,,,,,334,,,,,,,,,,,64,,,,,,,,,,,,,,220,,,,,,,,,,,,,,,,,,,,,,,,,,,,,,,,,,,,,,,,,,,,,,,,,,,,,,,,,,,,,,,,,,,,,,,,,,,,,,,,,,,,,,,,,,,,,,,,,,,,,,,,,,,,,,,,16,,908,,,,,,,,,,,,,,,,,99,,,,,,,,,,,,,,,,,,,,,,,,,,,,,,,,,,,,,,,146,,,,,,,,,,,,,,,,,,,179,,,,,28,73,,312,356,,647,,,532,,,,,,,,,,,,,,,,,,,,,,,,,,,,,,,,,,,,,,,,,,,,,,,,,,,,,,,,,,,,,,,191,,,124,,151,,,,410,,,,,,183,,,,86,,,,,268,,289,,,147,829,,,,,,,,,,,,,,,,,,,,,,,,,,,,,,,,,,,,,,,,,,,,,,,,,,,,,,,,,,,,,,,,,,,,,,679,,,,,,,,,,,,,,,,,,,,,,,,,,,,,,,,,,,,,,,,,,,,,,,,,,,,,,,,,430,70,311,,,,,,,,,,,,,,,,,,,,,,,,,,,,210,,,,,
2026-08-01T05:05:01+00:00,182,274,,,636,54,,,299,356,,251,,,,,,,,,,,,,360,,,,,,,1006,,,,,,,,,,,,,,,,,1200,,,,,,,,,55,,,,,,65,78,,,,,,,,,,,,71,218,380,229,,,,,,,,,,,441,,,551,,,,,,204,20,115,279,299,518,,,,782,,,,321,580,,,,,,,,,,525,,,,,,,,,287,,,,,,,,,,,219,,,,,,,286,,,303,,,,468,,,,,,,,,,,,,,,,,,,,,153,410,196,195,,,454,213,,,224,16,,,,,,,,,,,,,,,,,,,98,,,52,,,,,,,,,,,,,,,,,,,,,,,,,,,,,,,,,,,,,,,,,,,,,,,,,,,,,533,,,,,,,26,74,,,,,,333,,,,,,446,,,1334,,,,,,,,,,,,,,,,,,,,,,,,,,,,,,,,,,,,,,,,,,,,,,,,,,,,,,,,188,,,,,,,,532,,,,,,,181,,,,88,,,187,33,,172,,,,,826,,,,,,,,,,,,,,,,,,,,,,,,,,,,,,,,,,,744,,,,,,,,,,,,,,,,,,,,,,,,,,,,270,,,,,,,673,,,,141,277,,,,,85,311,290,366,,,,,354,,,272,,,,,,,,,,,,,,,,,,,,,,,,,,,,,,,,,,,,431,,309,,,566,,,,,,,,,,,,,,,,,,,,589,,,,,,,,,,
2026-08-01T05:10:01+00:00,,273,,,,,,,,,,,,,,,,,,,,,,,,,,,,,,1009,,,,,,,,,,,,39,,,,,,,,,,,,,,,,,,,,,,,,,,,82,,,303,,,,,376,,,,,,,,,,,,,,,,,,,,,,,,,,,,,,,,,,,,,,,,120,215,,,,,,,,,,,,,286,,,,,535,,,,,,,,,,,,260,,,,,,,,467,181,,,617,,,,,,,,,,,,,,,,,,,,,,,,,,,226,16,,,,,,,,,,,,,,,,,,,99,,,,,,,,,,,,,,,,,,,,292,,,,,,515,,,,,,,,,,,,,,,,,,,,,,,,,,,,,,534,278,178,,,421,,19,,,,,,,,,,,,,,,,,,,,,,,,,,,,,,,,,,,,,,,,,,,,,,,,,,,,,,,,,,,,,,,,,,,,,,,,186,,,,,150,,,,,,,,,,179,,,,,,,,,,173,,,114,,828,,,57,124,317,508,,,352,1464,,201,211,,,,,,,,,,,,,,,,,,,,,,,,,,,,,,,,,,,,,,,,,,,,,,,,,,,,,,,,,672,,,,,,,,,,,,,,,,,,,,,,,,,,,,,,,,,,,,,,,,,,,,,,,,,,,,,,,142,,,,307,,,,,,328,,,,,,,,,472,,,,,,,,,,,,,209,,,,,
2026-08-01T05:15:01+00:00,181,,,,,53,,,,,,252,,,,,,,,,,,,,,,,,,,,1015,,,,,,,,,,151,,,,38,,,1201,,,,333,,,,,,,,,,,67,,,,,,,,,,,,,,,,,,,,,,,,352,191,,439,282,157,552,74,,,,296,,,,,298,517,,,74,781,,,,320,577,,,,,,,,,,,,,,,,,,,,,,,,,,,,,,,,,,,,,,,,,,,,,,,,,,,,,,,,,,,,,,348,,451,154,411,,,261,,451,214,,,228,16,,,,,,,,,,,,,,,,,,,98,,,,,135,,,,,,,,,,,,,,,291,,,,,,,,,,,,,,,,,,,,,,,,59,,,,,,,,,,,,,,,,,,,14,,,,,,,331,,,,,,447,,,,,,,,,,,,,,,,,,,,,,,,,,,,,,,,,,,,,,,,,,,,,,,,,,,,,,,,,,,184,,,123,,,,,531,409,,,361,,,176,,,,,,278,,,269,,288,,116,,,,,,,,,,,,,,,,,,,,,,,,,,,,,,,,,,,,,742,,,,,,,,,,374,,,,,,,,,,,,,,,,,,,,,418,,,,669,,,,,,,,,,,,,,,,,,,,,,,,,,,,,,,,,,,,,,,,,,,,,,,,,,,,,,,144,,432,,,,,,,,,,,,,,,,,,,,,,,,,,,,,,,,,,,
2026-08-01T05:20:01+00:00,,,,,634,,,,298,,,253,,,,,,,,,,,,,,,,,,,,1016,,,,,,,,,143,,,38,,39,,,,,,,,,,,,,,,,,8,66,,,,,,,,,,,,,,,375,230,,,,,,,,,,,,,,,,,,,,,,,,,,,,,,,,,,,,,,,,,,,,523,,142,,,,,,,285,,,,,,,,,,,,,,,,,,,,,,,,,447,,,,616,,,,,,,,,,,,,,,,,,,,,,,,,,,,16,136,,,,,,,,,,,,,,,,,,99,,,,,,,,,,,,,,,,,,,,,,,,,,,,,,,,,,,,,,,145,,,,,,,,,,,,,,,,,,,177,,,,,13,,,,,,,330,,531,,,,448,,,1333,,,,328,,111,,,,,,,,49,,,136,86,77,29,,,,449,,,,,177,,,342,,,,,,,,,,,,19,,,,,,,,,,,,,,48,122,116,,,226,,407,,,360,,,173,,,,,,277,186,,272,,,,119,,831,43,,,,315,507,,1106,,1465,,,,,,,,,,,,,,,,,,,,,,,,,740,,,,,,,,,,,,,139,125,,,,,,,,,,,,,360,,,,,,,,663,,,,,,159,,,,84,,291,,,,327,,,,239,,,,,,,,,,,,,,,,,,,,,,,,,,,,,,,,,,,,,,,,,,,,,327,,,,,91,,,,,,,,,,,,,,,,,208,,,,,
2026-08-01T05:25:02+00:00,,,,,633,,,,,354,,,,321,,,,,,,,,,,,,,,,,,1019,,,,,,,,,,,,,,,,,1200,,,,,36,,,11,,,,,,,67,77,,,,,,,,,302,,,,,,,,,,,,,,,190,280,437,,156,553,73,,,,295,,,,,299,491,,758,,779,,,239,319,572,,,,,,,,,,,,,,,,,,,,,,,,,,,,,,,,,,,,,,,,,,,,,,,,,,,,,,,,,,,,,,353,1225,450,153,408,,,,,449,212,178,,227,16,,907,,,,,,,,,,,,,,,,,,,,,,,,,,,,,,,,,,,,,290,,,,,,,,,,,,,,,,,,,,,,,,,,,,,,,,,,,,533,277,176,,,,,5,,,,,,648,,,,,,,,,,1332,,,,327,,,,,,,,,,,,,135,87,,,,,,,,,,,176,,,,,,,,,,,,,,,20,,,,,,,,,,,,,,,,,,,227,530,405,,,,,,171,,,,,,275,,,271,,,,,150,832,,,,,,,,,,,,,,,,,,,,,,,,,,,,,,,,,,,,,,,721,,,,,,,,,,124,,,,,,,,,,,,,361,,,,,,,,662,,,,,,,,,,,,,,,,,,,,,,,,,,,,,,,,,,,,,,,,,,,,,,,,,,,,,,,,,,69,,,,,,,326,,,,,90,,,199,,,,,,,,,,,,,,,,,,,
2026-08-01T05:30:02+00:00,182,,,,,,,,,353,,254,,322,,,,,,,,,504,,362,,,,,,,1029,,,55,,,,,,,,,,,,,,,,,,332,,,,,,,,,,7,,76,,,,,,,,,300,,,,217,376,,,199,,,,,,,185,,,,,,,,,,,,,,,300,,,,,,259,,,,573,,,,,119,214,,,,,,140,,,,,,,283,,,,,,,,,,,,,,,,,,239,,,,,741,,440,,,,,,,,,,,,,,,,,,,,,,,,,,,,,,,,16,137,908,,,,,,,,,,,,,,,,,100,,,,,,,,,,,,,,,,,,,,288,,,,,,514,,,,,,,,163,,,,,,,,,,58,,,,,,,,,,,,,,175,,,,,2,,,,,,,,,,,,,,,,1331,,,,,,,,,,,,,,,,,,,,,,,,,,,,,,,,,,,,,,,,,,,,,,,,,,,,,,,,187,,,119,115,,,226,,,,,,,,168,,,,,,274,,,269,,,,,,830,44,,,123,317,502,,1105,349,1466,,,,,,,,,,,,,,,,,,,,,,,,,,,,,,,,,,,372,,,,,,,,,,,,,300,,,,,,,,,847,263,,656,,,,,,,,,,,,,,,,,,,,,,,,,,,,,,,,,,,,,,,,,,,,,,,,,,,,,,,145,,,,,,,,,,,,,,,89,,,,,,,,,,,,,,,,,,,,,,
2026-08-01T05:35:01+00:00,,,,,632,,71,,,351,,255,,320,,,,,,,,,,436,,,,,,,,1033,,,,,,,,,,,,,,,,,,,,,333,,,,,,,,,,,66,,,,,,,,,,299,,,,,,,,,,,,,,,,,,,,,,,,,,,,,,,,,,,,,,,,,,,,,,,,,,,,,,,,,,,,,,,,,,,,,,,,,,,,,,,,,,,,,,,,,,,,,,,,,,,,,,,,448,152,403,195,194,260,,445,206,177,,228,16,,,,,,,,,,,,,,,,,,,,,,,,,,,,,,,,,,,,,,,,,,,,,515,,,,,,,,,,,,,144,,,,,,,,,,,,,,,,,,,174,,,,,7,,,311,355,,,329,,,131,,,447,,,,,,,329,,110,,,,,,,,48,,,,,,,,,,448,,,,,171,,,,,,,,,,,,,,,,,,,,,,,,,,,,,,,,,,225,527,,,,,,,164,,,,,,275,,,267,,,,,,829,,,,122,318,498,,1103,348,1465,,200,,,,,,,,,,,,,,,,,,,,,,,738,,,,,,,245,,,,,,,,,,,,,77,,,,,,,,,,213,,,,,651,,179,,140,276,158,,,,83,310,297,,,,,78,,,238,,,,,,,,,,,,,,,,,,,,,,,,,,,,,,,,,,,,,,,,,,,,,,,300,,,,,,,,,,,,,,,,,,,,,,,,,
2026-08-01T05:40:02+00:00,181,,,,,,,250,,350,,257,212,,,,,,,,,,,437,363,,,,,,,1032,,52,56,,,,,,142,,,,,,,,,,,,,35,,,,54,,,,,,67,,,,,,,,,,297,,,,,372,,,,,,,,,,186,,435,,,554,,288,,,,,,,,,492,,,,778,,,238,318,577,,,,,,,,,,,,,,,,,,,284,,,,,,,,,,,,,,,,,,237,,,,,739,,437,,,,,,,,,,,,,,,,,,,,,,,,,,,,,,,229,16,,906,,,,,,,,,,,,,,,,,,,,,,,,,,,,,,,,,,,,,286,,,,,,,,,,,,,,,,,,,,,,,,,,,,,,,,,,,,,275,,,,,,2,73,,,,,646,328,,532,,,,,,,,,,,,,109,,,,,,,,47,,,,,76,,,,,447,,,,,170,,,341,,,,,,,,,,,,21,,,,,,,,,,,,189,136,49,118,,,,,526,403,,,,231,,167,,,,,,273,,,,,,,,,827,,,,,,,,,,,,,,,,,,,,,,,,,,,,,,,,,,,737,,,,,,256,244,,,370,,,140,123,,,,,,,,,298,126,,,,268,,,419,,262,,653,81,,,,,,,,,,,,,,,,,,,,,,,,,,,,,,,,,,,,,,,,,,,,,,,,,,,,,,,,,68,306,,,,200,254,,,301,,,,78,,,,,,,,,,,,,,,,,,,,,
2026-08-01T05:45:01+00:00,180,271,,,,52,,,,,,256,,,,,,,,,,,,,364,,,,,,,,,,,168,,,,76,,152,,,,,,,,,,,,,,,,,,,,,5,65,,,,27,,,,,,,,,,,,,,,,,,,,351,187,,,281,,553,,,,488,,,,,,301,491,,,,,,,237,,578,,,,,119,215,844,206,280,521,58,140,388,,,,,,280,,,,,,,,,,,,,,,,,,,,,,,738,,434,,,,,,,,,,,,,,,,,,,1224,445,,398,,193,,269,443,203,176,,,16,,907,,,,,,,,237,,,,,,,,,99,,,,,,,,,,,,,,,,,,,,287,,,,,,512,,,,,,,,162,,,,,,,,,,,,,,,,,,,,,,,,173,,235,420,,7,,,310,,,,,,,,,,,,,,,,,331,,,,,,,,,,48,,,136,86,,27,,,,,,,,,166,,,342,,,,,,,,,,,,20,,,,,,,,,,,,190,,,119,,,,227,525,400,,,,,,168,,,,,,272,,,265,,,,118,,824,,,,,,,,,,,,,,,,,,,,,,,,,,,,,,,,,,,,,,,,,,,,,,,,,,,,,,,,,,,,,,,,,,,,,,651,82,,,,,,,,,,,,,,,,,,,,,,,,,,,,,,,,,,,,,,,,,,,,,,,,,,,,,,,,433,,305,,,565,,,,,,,,,,,,,,,,,,,,,,,,,,,,,,
2026-08-01T05:50:01+00:00,,270,,,631,,,249,,348,,,211,319,,,,,,,,166,,,,,,,,,,1033,,51,55,169,,,,68,141,,,,,,,,,,,,,34,,,,,,,,,6,64,,,,,,,,,,294,,,,216,369,229,,,,256,,,,,,,,,,,,,,,,,,,,,,,,,,,,,,,,,,,,,,,,,,,,,,,,,,,,,,,,,,,,,,,,,,,,,,,,,,,,,,,,,,,,,,,,,,,,,,,,,,,,,,,175,,228,17,,903,,,,,,,,,,,,,,,,,98,,,,,,,,,,,,,,,,,,,,283,,,,,,510,,,,,,,,160,,,,,,,,,,57,,,,,,,,,,,,,274,172,,,,,,,,,356,,,325,400,,,,,451,,,,,,,330,,108,,,,,,,,,,,,,,24,,,,,,,,,163,,,,,,,,,,,,,,,,,,,,,,,,,,,193,,,118,114,,,228,,401,,,359,,,164,,,,,,270,185,,264,,,,117,,821,43,135,,121,320,496,,,,1460,,,,,,,,,,,,,,,,,,,,,,,,,734,,213,,,,,,,,369,,,138,122,,,,,,,,,,,,,360,266,,,,846,,,650,,,19,139,277,157,,,,87,311,296,,,,326,79,352,,,,,,,,,,,,,,,,,,,,,,,,,,,,,,,,,,,,612,,,432,66,304,307,,564,,253,,,,,,88,,,,470,,,,,,,,590,,,,,,127,,,,
2026-08-01T05:55:01+00:00,179,,,,,51,,250,,,,255,,,,,,,,,,,,435,,,,,,,,,,,,168,,,,100,,,,,,,,,1199,,,,,,,,,55,18,,,,8,66,75,,,,36,,83,,,291,,,,,,,,,,,,,,,184,277,,,155,550,,,,487,294,,21,,278,299,487,,,,,,,,317,575,,,,,,,845,204,278,520,,139,,,,,,,275,,,,,,,,,,190,218,,,,,,,236,,,302,,739,,425,,147,,,,,,,,,,,,,,,,351,1221,437,149,389,194,192,,268,442,197,177,,,17,136,901,,,,,,,,,,,,,,,,,96,,,,,,,,,,,,,,,,,,,,280,,,,,,509,,,,,,,,158,,,,,,,,,,,,,,,,,,,,,,532,273,170,,,,,6,74,,309,355,,644,324,401,530,,,,453,98,,1329,,,,,,,,,,,,,,,,,,,,,,,,,,,,,,,,,,,,,,,,,,,,,,,,,,,,,,,,,,,116,,,70,,,402,,,,,,162,,,,,,269,,,261,,287,,,,820,,,56,,,,,,,,,,,,,,,,,,,,,,,,,,,,,,,,732,,212,,,,,241,,,368,,,136,119,,,,,,76,,,297,,,,359,,,214,,,263,,644,,,,,,,,,,,,,,,,,,,,,,,,,,,,,,,,,,,,,,,,,,,,,,,,,,,,,,,,,431,,303,,,,,252,,,,,,,,,,,,,,,,,,,,,539,,207,,,,,
2026-08-01T06:00:01+00:00,178,,,,,,,249,,346,,257,,320,,,,,,,,,,434,365,,,,,,50,1031,,52,,,,,,36,142,,,,,,,,,,,,,,,,12,54,,,,,7,67,,,234,26,,,,,,289,,,,215,362,228,284,,,254,,,,350,182,,434,,156,551,74,,,486,,,,,,,,169,,73,,,,236,,573,,,,,,,,,,,,,,,,,,,272,,,,,534,,,,,,,,,,,,,,,,,,,,,,,,,,,,,,,,,,,,,,,,,,,,,,,,,178,,229,17,134,899,,,,,,,,236,,142,,,,,,,95,,,,,,,,,,,,,,,,,,,,278,,,,,,508,,,,,,,,157,,,,,,,,,,,,,,,,,,,,,,531,,169,,,418,,14,,,310,353,,,325,,529,,,,,,,1330,,,,,,104,,,,,,,,,,,138,85,,,,,,,,,,,152,,,,,,,,,,,,,,,19,,,,,,,,,,,,191,,,117,,,,229,524,,,,,230,,160,,,,,,268,184,,260,,,,118,,816,,133,,118,318,476,,1098,,1465,,199,212,,,,,,,,,,,,,,,,,,,,,,,,,,,,,,,,,,,,,,,,,,,,,,,,,,,,,,843,262,198,639,83,178,,,,,,,,,,,,,,,,,,,,,,,,,,,,,,,,,,,,,,,,,,,,,,,,,,,,,144,,432,,300,306,,,198,,,,,,182,,,,,,,,,,,,,,,,,,,,,,324,
2026-08-01T06:05:02+00:00,,,,,630,50,,248,,,,256,,,,,,,,,,,,,,400,,70,,,,1030,,,,167,,,,35,141,,,37,,,,,,,,,,,,,,53,17,,,,6,66,74,,,,,,,,,288,,,,,,,,,,,,,,,,,,,,,,,,,,,,,,,,,,,,,,,,,,,,,,,,,,,,,,,,,,,,,,,,,,,,,,,,,,,,,,,,,,,,,,,,,,,,,,,,,,,,,,352,1222,434,,383,191,191,259,267,444,193,179,,228,17,132,898,,,,,,,,,,,,,,,,,94,,,51,,,,,,,,52,,,,,,,,,275,,,,,,,,,,,,,,,,,,,,,,,,58,,,,,,,,,,,,528,272,168,,,,,21,73,,,352,,,,399,,,,,,,,1331,,,,331,,,,,,,,,,,,,140,86,74,,,,,,,,,,145,,,,,,,,,,,,,,,,,,,,,,,,,,,189,,47,115,113,,,,522,401,,,358,,,161,,,,,,267,183,,,,286,,,,814,,,,,,,,,,,,,,,,,,,,,,,,,,,,,,,,,,,727,71,,,,,,,486,,367,,,135,,,,,,,77,,,,,308,,358,,292,215,,845,,,635,,,,,,,,,,,,,,,,,,,,,,,,,,,,,,,,,,,,,,,,,,,,,,,,,,,,,,,,,,,298,,,,,,,,302,,183,,,,,,,,,,,,,,,,,,,,,,,
2026-08-01T06:10:01+00:00,,,,,,49,,,,348,,,,,,,,,,,,,,,364,399,,71,,,49,1028,,53,,,,,,36,,,,,,,,,1200,,,,,,,,,,,,,,,,,,233,,,,,,,,,,,,,224,283,197,,249,,,,352,,276,,,,,,,,480,,203,,,276,300,485,,,,,254,111,234,316,567,,,,,117,215,843,200,276,515,58,138,389,,,,,,269,,,,,533,,,,,,217,,,,,,,234,,,,,738,,419,,,,615,,,,,,,,,,,,,,,,,,,,,,,,,,,226,17,130,896,,,,,,,,,,,,,,,,,93,,,,,,,,,,,,,,,,,,,,271,,,,,,,,,,,,,,155,,,,,,,,,,,,,,,,,,,,,,527,,166,270,,,,24,,,,,,643,326,400,528,,,,452,,,,,,,,,102,,,,,,,,,,,,85,,,,,,448,,,,,136,,,,,,,,,,,,,,,,,,,,,,,,,,,185,,46,112,114,,,230,,402,,,,,,162,,,,,,265,182,,258,,285,,,,,,,,117,,472,,1092,343,1468,146,,211,,,,,,,,,,,,,,,,,,,,,,,,211,,,,,,,,,,,,,,,,,,,,,,,,,,,,,,,,,632,,,18,138,278,155,132,160,,90,312,298,,,,,,355,,240,,,,,,,,,,,,,,,,,,,,,,,,,,,,,,,,,,,,,431,,297,,,,,,,,303,,182,,,,,,,,,,,,,589,,,,,206,,,,323,
2026-08-01T06:15:02+00:00,177,,,,,48,,247,,,,258,,,,,,,,,,,,433,,,,72,,,,1029,,51,,180,,,,35,,,,,,,,,,,,,332,,,,11,,,,,,,68,73,,234,,,,,,,286,,,72,216,,,,,,,,,,353,181,271,435,280,,,75,,,479,293,200,22,,275,,,,,74,777,274,,232,314,566,,,,66,,,,,,,,,,,,,,,,,,,,,,,,,,,,,,,,,,,,,,,,,,,,,,,,,,,,,,,,,,351,1220,433,147,379,190,190,257,,439,189,178,,,17,,887,,,,,,,,,,,,,,,,,,,,,,134,,,,,,,,,,,,,,,269,,,,,,506,,29,113,,,,,154,,,,,143,,,,,59,,,,,,,,,,,,,269,165,267,234,417,,21,,,,,,640,325,,,,,,453,,,1332,,,,,,,,,,,,,,,,,,,,,,,,,,,,,,,,,,,,,,,,,,,,,,,,,,,,,,,,181,,,109,,,71,231,521,,,,,,,165,,,,,,264,,34,257,174,,,117,,816,,,,,,473,,1089,341,,,200,210,,,,,,,,,,,,,,,,,,,,,,723,,,,,,,,485,,,,,134,,,,,,,,,,296,,306,,357,,,,,,,196,627,84,,,,,,,,,,,,,,,,,,,,,,,,,,,,,,,,,,,,,,,,,,,,,,,,,,,,,,143,,,67,299,,,,,250,325,,,,181,,79,,,,306,,,,,,,588,,,,,,,,,,
2026-08-01T06:20:02+00:00,,269,,,,,,245,297,,,,,319,,,,,,,,,,430,,,,,,,,,,50,,,,,,,,,,,,,,,,,,,,,,,,52,,,,,,,74,,,25,,,,,,283,,,,,363,220,282,196,,248,,,,,,,,,,,,,,,,,,,,,,,,,,,,,,,,,,,116,213,841,,274,,,137,,,,,,,,,,,,,,,,,188,,,,,,,,,,,301,,,,408,,,,614,,,,,,,,,,,,,,,,,,,,,,,,,175,,225,17,129,883,,,,,,,,,,143,,,,,,,97,,,50,,135,,,,,,,,,,,,,,,268,,,,,,508,,,,,,,,153,,,,,142,,,,,,,,,,,,,,,,,,,163,,,415,,15,,,,354,,639,324,399,529,,,,454,,,1331,,,,333,,98,,,,,,,,,,,137,84,71,22,,,,446,,,,,122,,,341,,,,,,,,,,,,,,,,,,,,,,,,179,135,,106,115,,,232,,399,,,,229,48,164,,,,,,,181,,,173,282,,,,,,,,116,317,472,,1080,342,1472,145,199,211,,,,,,,,,,,,,,,,,,,,,,717,,,,720,,,,481,,365,,,132,118,,,,,,,,,,,307,,358,265,289,214,,844,261,195,624,,,,,,,,,,,,,,,,,,,,,,,,,,,,,,,,,,,,,,,,,,,,,,,,,,,,,,,,,430,66,296,,,,,,,,,,180,,,,,,,,,,,,,589,,,,,207,,,,322,
2026-08-01T06:25:02+00:00,,,,,628,47,,243,,,,257,,318,,,,,,,,,,,,398,,,,,50,1028,,48,,,,,,36,,151,,38,,38,,,,,,,,,,,12,53,,,,181,5,,,,,,,,,,,281,,,,,,,,,,,,,,,,,,,157,550,74,,,478,292,,,,,,482,,,,,,,231,315,561,,,498,,,,,,,,,,,,,,,,,,,,,,,,,,,,,,,,,,,,,,,,,,,,,,,,,,,,,,,,,,,350,1216,430,,378,,,256,266,435,191,171,,227,17,125,876,,,,,,,,,,,,,,,,,98,,,,,,,,,,,,,,,,,,,,,,,,,,510,,,,,,,,,,,,,143,,,,,58,,,,,,,,,,,,526,268,159,,232,414,,8,74,,311,352,,636,325,398,,,,,,,,,,,,,,,,,,,,,,,,,,,,,,,,,,,,,,,,,,,,,,,,,,,,,,,,,,,,,,,,174,,,105,,,,233,,398,,,,228,47,161,,,,,,265,,,,,281,,116,,817,,131,,114,316,469,,1079,,1471,144,,212,,,,,,,,,,,,,,,,,,,,,,715,,,,718,,,,,,,,,131,,,,,,,76,,,,,303,,357,264,288,213,,,,196,620,,,,,279,,130,,,91,,301,,,,,77,,,241,273,,,,,,,,,,,,,,,,,,,,,,,,,,,,,,,,,,144,150,429,65,,,,,,251,,,,,,,,,198,,305,,,,,,,,,,,,,,,,321,
2026-08-01T06:30:02+00:00,,,,,627,,,239,,350,,256,,317,,,,,,,,,503,429,,,,71,,,,1030,,50,,,,,,,,150,,,,,,,1199,,,,,,,,10,,15,,,,,67,,,,26,,,,,,277,,,,215,359,219,,195,,,,,,,,,,,,,,,,,,,,,,,,,,,,,,,,,,,,,,,,,,513,,136,390,,,,,,262,,,,,534,,,,,,215,,,,,,,231,,,302,,,,388,,,,612,,,,,,,,,,,,,,,,,,,,,,,,,,,226,17,124,871,,,,,,,,,,,,,,,,,,,,,,133,,,,,,,,,,,,,,,270,,,,,,512,,28,,,,,,,,,,,,,,,,,,,,,,,,,,,,525,267,,266,,413,,7,,,,,,635,,,528,,,,,,,,,,,331,,96,,,,,,,,,,,133,,67,,,,,444,,,,,117,,,,,,,,,,,,,,,18,,,,,,,,,,,,171,134,,103,116,,69,,520,,,,,227,,,,,,,,264,180,,258,172,,,113,,,,,55,116,317,464,68,1076,340,1472,,,211,,,,,,,,,,,,,,,,,,,,,,,,,,,,,,,,,,,,,,,,,,,,,,,,,,,,,,843,259,,617,,177,,,,,,,,,,,,,,,,,,,,,,,,,,,,,,,,,,,,,,,,,,,,,,,,,,,,,143,,430,,293,,,,,,,,,,,,78,,,,,,,,,,,586,,,,,,,,,,
2026-08-01T06:35:02+00:00,,,,,626,46,,238,296,349,,,,315,,,,,,,,,,,365,397,,,,,49,1035,,,53,,,,,35,140,151,,40,,,,,,,,,,,,,,51,,,,,,66,73,,,27,,,,,,,,,,216,,,,,,,,,,,179,270,436,,156,549,72,,,,,,,,276,295,480,,759,73,776,273,,230,,568,,,,67,,,,,,,,,,,,,,,,,,,,,,,,,,,,,,,,,,,,,,,,,,,,,,,,,,,,,,,,,,348,1208,429,146,374,,189,,265,433,186,172,,223,17,121,858,,,,,,,,,,142,,,,,,,,,,49,,134,,,,,,51,,,,,,,,39,272,,,,,,,,,112,,,,,149,,,,,,,,,,,,,,,,,,,,,,522,,158,265,230,412,,15,73,,,351,407,633,327,,526,,,,452,,,,,,,332,,,,,,,,,,,,,,,,,,,,,,,,,112,,,340,,,,,,,,,,,,19,,,,,,,,,,,,168,133,,104,115,,,234,519,395,,,,,,164,,,,86,,263,178,,259,171,280,,112,,,,,,115,,,,1075,338,1469,143,,210,,,,,,,,,,,,,,,,,,,,,,713,,,,717,,,242,480,286,366,,,,116,,,,,,,,,295,125,293,149,,262,,,,,258,194,621,,176,,,,,,,,,,,,,,,,,,,,,,,,,,,,,,,,,,,,,,,,,,,,,,,,,,,,,,,,,288,,,,,250,324,,,,,,,,,469,,,,,,,,585,,,,,,,,,,
2026-08-01T06:40:01+00:00,178,,,141,622,,,235,295,,,255,,314,,,,,,,,,,428,363,396,,72,,,50,1030,,51,,,,,,,141,150,,,,,,,1200,,,,331,,,,9,52,14,,,,,69,72,,,26,,,,,,274,,,,,356,216,281,194,,,,,,,174,268,435,,,547,73,289,,476,,194,23,,274,292,475,,,75,774,,,229,313,564,,,,,,,839,199,275,,57,131,,,,,,,,,,,,,,,,,187,214,,,,,,,230,,,301,,739,,394,,146,,,,,,,,,,,,,,,,,,,,,,,,,,,173,,219,17,117,842,,,,,,,,,,,,,,,,,96,,,48,,,,,,,,,,,,,,,,,,,,,,,510,,29,110,,,,,147,,,,,142,,,,,,,,,,,,,,,,,521,266,,,228,409,,6,72,,310,,,631,326,,,,,,,,,1332,,,,,,,,,,,,,,,,,,,,,,,,,,,,,,,,,,,,,,,,,,,,,,,,,,,,,,,,169,,,105,,,68,,518,392,,,359,229,,163,,,20,85,,261,177,,,,,,,,,,,,,,,,,,,,,,,,,,,,,,,,,,,,,,,,,,,711,,,,,,254,241,,285,,,,,,,,,,,,,,293,,,,356,,,,,842,256,,615,,175,17,136,,154,129,161,,98,308,303,361,,,324,75,,,239,271,,,,,,,,,,,,,,,,,,,,,,,,,,,,,,,,,,,,,,286,,,,,,323,,,,179,89,,,,468,306,,,,,,,,,,,,,,,,,
2026-08-01T06:45:02+00:00,177,270,,,619,47,,236,293,,,253,210,312,,,,,,,,164,,,365,,,73,,,49,,,,,177,,,,36,,,,41,,,,,1199,,,,332,,,,11,,,,,,,70,71,,,28,,,84,,,,,,,215,,,,,,,,,,,,,,,,,,,,,,,,,,,,,,,,,,,,,,,,,,,,,,,,,,,,,,,,,,,,,,,,,,,,,,,,,,,,,,,,,,,,,,,,,,,,,,,,,,350,1206,426,143,370,,188,,264,428,181,172,,216,17,115,831,,,,,,,,,,,,,,,,,,,,49,,136,,,,,,,,,,,,,,,268,,,,,,508,,28,,,,,,149,,,,,,,,,,57,,,,,,,,,,,,517,261,156,261,226,405,,12,71,,309,348,406,,,396,,130,,,,,,1330,,,,,,98,,,,,,,,47,,,,85,,19,,,,445,,,,,105,,,338,,,,,,,,,,,,20,,,,,,,,,,,,170,134,47,,,,,,517,391,,,,228,,,,,,,,257,178,,260,170,278,,,,816,,,54,112,,466,,1079,337,1465,,,206,,,,,,,,,,,,,,,,,,,,,,,,,,,,,,,,,,,130,115,,,,,,,,,,,,148,,261,287,,,841,257,193,611,,174,,,,,,,,,,,,,,,,,,,,,,,,,,,,,,,,,,,,,,,,,,,,,,,,,,,,,144,,429,62,,305,,,195,,322,,,,,,77,,197,,,,,,,,,,,,,,,,,,,
2026-08-01T06:50:01+00:00,175,,,,615,46,,232,292,347,,251,,,,,,,,,,163,,424,280,395,,,,,50,1027,,,,,,,,,,151,,42,,37,,,,,,,,,,,10,,15,,,,,72,,,,,35,,,,,272,,,71,214,354,214,280,189,198,,,,,352,173,267,433,279,,546,,,,474,293,195,22,,,291,470,,,74,,,,228,312,562,,,,,,211,837,201,273,509,,129,389,,,,,,258,,,,,,,,,,181,,,,,,,,227,,,,,736,,383,,145,,611,,,,,,,,,,,,,,,,,,,,,,,,,166,,208,17,112,818,,,,,,,,,,,,,,,,,97,,,47,,,,,,,,,,,,,,,,,258,,,,,,,,,109,,,,,,,,,,139,,,,,,,,,,,,,,,,,513,260,154,,,402,,2,,,307,342,,623,,393,525,,,,451,95,,1331,,,,,,,,,,,,,,,,,,,,,,,,,,,,,,,,,,,,,,,,,,,,,,,,,,,,,,,,169,,,102,,149,,,516,389,,,358,227,,160,,,,,,,177,,,,275,,113,,815,42,129,,113,315,462,,1072,335,1461,,,202,,,,,,,,,,,,,,,,,,,,,,708,,209,,718,,,,479,,,,,,114,,,,,,,,,,124,290,,352,,285,,,837,,189,612,,172,,,,,,,,,,,,,,,,,,,,,,,,,,,,,,,,,,,,,,,,,,,,,,,,,,,,,,,426,,283,,,563,193,249,,,,,,90,78,,196,467,,,,,,,,586,,,537,,208,,,,,
2026-08-01T06:55:01+00:00,,,,,614,,,230,288,,,249,,310,,,,,,,,162,,420,281,,,72,,,,1023,,53,52,180,,,,,142,,,41,,,,,,,,,333,,,,8,,,,,,,66,70,,,,,,,,,271,,,73,,,,,,,,,,,,170,263,,278,159,544,72,290,,468,,193,,,,288,462,,,73,772,272,,227,311,560,,,,,,,,,,,,,,,,,,,,,,,,,,,,,,,,,,,,,,,,,,,,,,,,,,,,,,,,,,,,,,348,1200,414,139,364,,,,,420,174,165,,201,17,103,812,,,,,,,,,,143,,,,,,,98,,,48,,134,,,,,,49,,,,,,,,,245,,,,,,,,,,,,,,,,,,,138,,,,,,,,,,,,,,,,,503,254,,260,225,396,,6,70,,306,340,405,620,322,,523,,,,448,94,,,,,,329,,95,,,,,,,,,,,131,83,63,17,,,,,,,,,100,,,335,,,,,,,,,,,,19,,,,,,,,,,,,162,,46,97,113,,,235,513,384,,,357,221,,,,,,,,251,,33,259,,274,,111,,814,,,,110,316,449,69,1063,323,1454,,196,195,,,,,,,,,,,,,,,,,,,,,,703,,207,,715,,,,476,283,365,,,,111,,,,,,,,,292,,278,147,350,,284,211,420,835,256,185,610,83,169,,,275,151,,,,96,300,304,356,232,,320,,352,,233,267,,,,,,,,,,,,,,,,,,,,,,,,,,,,,,,,,,,,425,,279,304,99,562,,248,,,,,178,87,77,,,,307,,,,,,,584,,,534,,206,,,,319,
2026-08-01T07:00:02+00:00,173,,,,607,,,229,284,345,,248,209,309,,,,,,,,161,502,417,,,,,,,,,,52,50,181,,,,,141,,,42,,,,,1197,,,,337,,,,,51,14,,,,4,65,67,,235,,34,,,,,,,,72,215,358,209,272,188,,245,,,,,167,261,,,160,542,,,,465,,189,23,,,285,456,,,,770,271,,226,310,562,,,,,117,,833,,267,507,,128,,,,,,,248,,,,,533,,,,,180,,,,,,,,222,,,300,,733,,374,,,,608,,,,,,,,,,,,,,,,,,,,,,,,,159,,203,17,96,801,,,,,,,,235,,,,,,,,,97,,,,,,,,,,,44,,,,,,,,,246,,,,,,,,,,,,,,147,,,,,,,,,,56,,,,,,,,,,,,501,253,,255,,392,,,69,,304,339,,617,320,395,522,,,,447,93,,1332,,,,,,93,,,,,,,,,,,,84,62,16,,,,,,,,,101,,,333,,,,,,,,,,,,,,,,,,,,,,,,,,45,98,,,,236,,376,,,358,218,46,159,,,,,,245,176,,258,169,,,109,149,,41,,53,,314,,,1056,316,1456,,195,191,,,,,,,,,,,,,,,,,,,,,,702,,,,,,253,,475,,364,,,129,114,,,,,,75,,,291,125,,,344,258,285,,421,826,254,182,600,,167,,,,,,,,,,,,,,,,,,,,,,,,,,,,,,,,,,,,,,,,,,,,,,,,,,,,,,149,424,,,,,,192,,323,,305,,,86,76,,,,306,,,,,,,,,,532,,,128,,,,
2026-08-01T07:05:01+00:00,172,269,,,605,,,228,283,343,,245,,306,,,,,,,,,,414,279,392,,,,,,1019,31,,48,,,253,,35,,149,,,,,,,,,,,,,,,,,,,,,3,64,136,,,,33,,85,,,,,,71,212,,,,,,,,,,,,,,,,,,,,,,,,,,,,,,,,,,,,,,,,,,,,,,,,,,,,,,,,,,,,,,,,,,,,,,,,,,,,,,,,,,,,,,,,,,,,,,,,,,349,1198,406,138,361,189,,,263,414,166,157,,,17,93,775,,,,,,,,234,,,,,,,,,99,,,47,,135,,,,,,43,,,,,,,,,,,,,,,,,27,,,,,,,,,,,137,,,,,,,,,,,,,,,,,494,252,155,252,,383,,13,68,,,336,,616,319,,519,129,,,443,,,1333,,,,327,,92,,,,,,,,,,,,82,60,15,,,,,,,,,98,,,334,,,,,,,,,,,,,,,,,,,,,,,,157,133,41,,110,,69,,512,372,,,356,216,,,,,,,184,230,177,,254,,272,,108,148,,,130,,109,,448,,1050,314,,142,,189,,,,,,,,,,,,,,,,,,,,,,700,,206,,714,,252,238,469,285,363,,,128,,,,,,,,,,290,126,277,145,343,255,284,,,815,,183,594,,159,,,,,,,,,,,,,,,,,,,,,,,,,,,,,,,,,,,,,,,,,,,,,,,,,,,,611,143,,,61,274,303,,,191,247,,,,,177,84,,,,,304,,,,,,,,,,530,,204,,,,316,
2026-08-01T07:10:02+00:00,173,,,,602,,,226,279,345,,241,,307,,,,,,,,160,,412,278,,,,,,,1017,32,53,49,,,252,,,139,148,,44,,,,,1198,,,,340,,,,,,,,,,2,63,134,,,27,,,86,,,272,,,,213,356,,268,183,197,237,,,,,165,,430,279,161,540,71,,,457,292,188,,,273,283,445,,760,,,268,,223,306,566,,,,,115,210,826,,264,508,,,387,,,,,,245,,,,,,,,,,178,213,,,,,,,219,,,304,,732,,373,,144,,,,,,,,,,,,,,,,,,,,,,,,,,,154,,,17,91,755,,,,,,,,232,,144,,,,,,,,,,,,136,,,,,,41,,,,,,,,,234,,,,,,503,,26,111,132,,,,149,,,,,,,,,,,,,,,74,,,,,,,488,250,,,,379,,,67,,,334,,615,317,392,,,,232,441,88,,1334,,,,326,,,,,,,,,,45,,,130,81,,14,,,,447,,,,,96,,,332,,,,,,,,,,,,20,,,,,,,,,,,,154,,39,96,,,,,,369,,,355,215,,157,,,,,,225,173,32,256,,268,,107,147,813,,,,,,,,,,,,,,,,,,,,,,,,,,,,,,,,,,,698,,,,713,,,,467,,,,,130,112,,,,,,,,,289,125,273,144,340,254,286,209,418,808,,179,591,82,154,13,133,278,148,124,159,,93,294,299,347,,,314,72,353,,231,266,,,,,,,,,,,,,,,,,,,,,,,,,,,,,,,,,,144,,423,62,270,,,561,,245,,,,,176,83,74,,195,466,,,,,,,,585,,,528,,,,,,314,
2026-08-01T07:15:01+00:00,174,267,,,595,45,,221,272,346,,239,,305,,,,,,,,158,,,277,386,,,,,,1007,,52,52,180,,,,,,,,,,,,,1196,,,,341,,,,7,,15,,,,,,133,,,,29,,,,,,,,,211,353,207,266,,,,,,,,163,,428,,163,538,,,,452,,,,116,271,282,439,,,,766,269,109,222,305,565,,,,,,208,824,200,,507,,127,386,,,,,,237,,,,,,,,,,176,,,,,,,,216,,,,,730,,359,,,,606,,,,,,,,,,,,,,,1195,,137,356,190,186,,,,161,148,,201,17,80,730,,,,,,,,,,,,,,,,,100,,,44,,,,,,,,,,,,,,,,,223,,,,,,,,,110,131,,,,,,,,,,,,,,55,,,,,73,,,,,,,481,251,153,246,227,370,,23,,,301,,403,,315,393,,,,233,,86,,1333,,,,,,,,,,,,,,46,,,,82,58,13,,,,445,,,,,,,,,,,,,,,,,,,,,,,,,,,,,,,,150,,,95,106,,70,233,507,365,,,354,,,150,,,,,,220,168,,,168,262,,105,,,,131,,,316,442,68,1041,305,1451,,,184,,,,,,,,,,,,,,,,,,,,,,694,,205,,712,,251,,466,,,,,129,,,,,,,,,,288,,,,336,252,285,,,803,252,,584,81,153,,,,,,,,,,,,,,,,,,,,,,,,,,,,,,,,,,,,,,,,,,,,,,,,,,,,,,148,,63,269,302,,560,189,243,324,,306,,,84,73,,193,,,,,,,,,584,,,527,,,,,,313,
2026-08-01T07:20:02+00:00,,,,,588,,,220,269,343,,238,,,,,343,,,,,157,,407,275,382,,,,,,1000,,,49,,,251,,,138,149,,46,,,,,1195,,,,342,,,,6,,,,,,,59,132,,,,,,,,,270,,,,210,,,,,,,,,,,,,,,,,,,,,,,,,,,,,,,,,,,,,,,,,,,,,,,,,,,,,,,,,,,,,,,,,,,,,,,,,,,,,,,,,,,,,,,,,,,,,,,,,,,,,,,,,,,,,144,,198,17,69,702,,,,,,,,231,,,,,,,,,,,,,,,,,,,,40,,,,,,,,,225,,,,,,501,,,,132,,,,143,,,,,,,,,,57,,,,,,,,,,,,474,250,152,,,365,,24,64,,304,330,402,613,317,392,518,,,,438,85,,1332,,,,324,,,,,,,,,,45,,,132,83,59,12,,,,,,,,,95,,,333,,,,,,,,,,,,19,,,,,,,,,,,,147,,,92,103,,,,,364,,,355,213,,147,,,,,,214,165,,,,263,,103,,,,,51,110,,432,,1030,290,1440,143,193,169,,,,,,,,,,,,,,,,,,,,,,688,,202,,711,,249,239,453,284,,,,130,111,,,,,,,,,285,124,268,,331,248,280,210,417,798,,175,580,,150,,,,,,,,,,,,,,,,,,,,,,,,,,,,,,,,,,,,,,,,,,,,,,,,,,,,,143,146,419,,264,,98,558,185,241,,,305,,175,,,,192,,,,,,,,,583,,,523,,,,,,310,
2026-08-01T07:25:01+00:00,169,268,,,582,44,,211,263,340,,,,302,,,,,,,,156,,404,274,377,,68,,,,996,,48,,179,,250,,,139,148,,47,,36,,,1194,,,,341,,,,5,,,,,,,60,,,,,,,87,,,271,,,72,213,,208,263,185,195,235,,,,,164,257,,,164,,,291,,448,293,184,,,,277,434,,,,,,,215,303,564,,,,,,203,815,201,265,503,56,125,,,,,,,223,,,,,,,,,,175,210,,,,,,,203,,,303,,725,,353,,,,604,,,,,,,,,,,,,,,1191,404,138,,,,257,262,407,159,137,,195,17,57,674,,,,,,,,230,,142,,,,,,,99,,,,,,,,,,,37,,,,,,,,,223,,,,,,499,,,107,,,,,136,,,,,,,,,,,,,,,72,,,,,,,464,249,151,242,224,356,,23,63,,302,326,,608,315,,516,,,232,435,,,1331,,,,321,,94,,,,,,,,46,,,135,,,,,,,447,,,,,92,,,332,,,,,,,,,,,,18,,,,,,,,,,,,146,132,37,91,100,,71,,504,361,,,354,209,,144,,,,,,204,162,31,,169,260,,101,,,40,,,,,,,,,,,,,,,,,,,,,,,,,,,,,,,,,,,,,,,,,,,,,,,,,,,,,,,,,,,,,,,,,415,790,250,171,571,80,145,,,,,,,,,,,,,,,,,,,,,,,,,,,,,,,,,,,,,,,,,,,,,,,,,,,,,,,417,61,262,,,557,183,,322,,,,,,,,190,468,,,,,,,,581,,,521,,,,,,308,
2026-08-01T07:30:01+00:00,165,270,,138,576,,,208,261,338,,235,,301,,,,,,,,155,,403,270,372,,67,,,49,990,,46,48,,,247,,,,,,46,,37,,,1192,,,,,33,,,,52,,,,,1,62,129,,,,26,,88,,,267,,,73,,,,,,,,,,,,,,,,,,,,,,,,,,,,,,,,,,,,,,,,,,,,,,,,,,,,,,,,,,,,,,,,,,,,,,,,,,,,,,,,,,,,,,,,,,,,,,,,,,,,,,,,,,,,,,131,,193,17,55,651,,,,,,,,,,,,,,,,,100,,,,,135,,,,,,36,,,,,,,,,218,,,,,,,,,108,,,,,133,,,,,136,,,,,,,,,,,,,,,,,462,,,235,221,348,,18,62,,301,320,401,606,312,391,513,,,,433,,,,,,,322,,,,,,,,,,,,,134,,,11,,,,444,,,,,,,,330,,,,,,,,,,,,,,,,,,,,,,,,145,130,36,,99,,70,237,499,353,37,,353,207,,143,,,,,183,186,156,,255,168,258,,102,146,,,,,106,315,425,,1025,289,1442,,,158,,,,,,,,,,,,,,,,,,,,,,683,,200,,709,,248,238,450,283,,,,128,,,,,,,,,,281,,266,142,324,247,279,,,774,245,169,566,,143,17,127,282,147,114,,,90,288,297,334,,,306,68,351,,228,262,,,,,,,,,,,,,,,,,,,,,,,,,,,,,,,,,,142,,413,62,257,,96,558,180,238,319,,304,,,80,,,,,,,,,,,,580,125,,515,,,,,,306,
2026-08-01T07:35:02+00:00,162,266,,,571,43,,194,255,336,,233,,299,,,,,,,,154,498,399,,370,,68,,,,972,,44,46,,,243,,,138,147,,47,,35,,,1187,,,,,32,,,,,,,,,2,56,,86,,,,,,,,,,,72,214,350,201,251,184,,231,,,,350,158,252,425,280,165,533,69,,,441,,180,22,117,270,,419,,,,761,268,,208,,,,,,68,116,194,799,199,261,495,55,,382,,,,,,211,,,,,,,,,,174,208,,,,,,,201,,,,,719,,350,,,,598,,,,,,,,,,,,,,353,1190,401,,357,188,185,,261,399,143,126,,189,17,48,611,,,,,,,,229,,,,,,,,,,,,,,,,,,,,35,,,,,,,,,210,,,,,,496,,25,106,,,,,127,,,,,137,,,,,,,,,,71,,,,,,,451,248,150,231,218,339,,9,60,,300,313,,600,310,388,509,,,,427,83,,1330,,,,319,,96,,,,,,,,45,,,132,79,58,10,,,,445,,,,,91,,,328,,,,,,,,,,,,,,,,,,,,,,,,144,129,34,90,92,,71,238,495,346,38,,,205,,138,,,,86,,174,154,,256,167,260,,100,145,,,,50,105,,422,,1013,281,1438,144,,,,,,,,,,,,,,,,,,,,,,,,665,70,196,,705,,247,234,432,278,,,,,112,,,,,,73,,,274,125,262,136,311,242,,,413,766,242,161,562,84,,,,,,,,,,,,,,,,,,,,,,,,,,,,,,,,,,,,,,,,,,,,,,,,,,,,,,141,145,412,58,253,,,557,177,234,317,,303,,171,77,74,,188,466,302,,,,,,,578,,,510,,203,127,,,,
2026-08-01T07:40:02+00:00,161,267,,,568,,,186,252,334,,,,298,,,342,,,,,149,497,395,264,361,,67,,,48,957,,42,45,180,,240,,,139,146,,48,,34,,,1185,,,,340,,,,6,50,,,,,,55,128,,233,,25,56,,,,261,,,71,211,,,,,,,,,,,155,247,424,278,166,530,,,,438,292,,,,269,275,406,,,72,756,266,,206,304,560,,,,,118,192,796,,260,496,,,380,,,,,,207,,,,,532,,,,,172,204,,,,,,,194,,,,,715,,330,,142,,599,,,,,,,,,,,,,,,,,,,,,,,,,119,,185,17,40,578,,,,,,,,226,,,,,,,,,,,,45,,136,,,,,,33,,,,,,,,,207,,,,,,492,,24,,,,,,123,,,,,,,,,,,,,,,72,,,,,,,438,247,149,228,216,333,,13,59,,299,310,400,590,307,387,507,,,,424,,,1329,,,,322,,,,,,,,,,44,,,130,80,57,11,,,,,,,,,88,,,325,,,,,,,,,,,,,,,,,,,,,,,,143,,33,87,90,,,240,491,345,,,352,204,45,139,,,,,,160,149,32,,166,258,,98,144,,39,,,96,316,402,,1007,266,1437,143,192,145,,,,,,,,,,,,,,,,,,,,,,656,69,192,,701,,245,233,422,277,,,,124,,,,,,,72,,,272,123,255,135,305,238,277,,412,749,239,151,549,90,136,,,,,,,,,,,,,,,,,,,,,,,,,,,,,,,,,,,,,,,,,,,,,,,,,,,,,140,144,408,,245,298,95,,,233,316,,301,,,78,,,184,,304,,,,,,,574,,,507,,202,129,,,295,
2026-08-01T07:45:01+00:00,160,,,,561,,,176,245,328,,228,,295,,,,,,,,148,495,391,,362,,66,,,,955,,,,,,238,,,,,,50,,35,,,1183,,,,,,,,7,,,,,180,,50,124,,232,26,,,,,,258,,,70,212,348,192,244,181,192,229,,197,,349,146,245,,279,168,523,70,292,,427,291,173,23,,267,271,385,,,,738,260,,204,299,556,,,,69,,,,,,,,,,,,,,,,,,,,,,,,,,,,,,,,,,,,,,,,,,,,,,,,,,,,,,,,,,357,1182,394,135,352,187,,,255,393,130,111,,184,17,31,553,,,,,,,,224,,140,,,,,,,,,,,,,,,,,,32,,,,,,,,,200,,,,,,489,,,103,,,,,119,,,,,136,,,,,,,,,,,,,,,,,425,,148,223,215,321,,2,55,,296,297,399,589,308,384,503,130,,,419,,,1327,,,,319,,99,,,,,,,,43,,,131,,56,,,,,446,,,,,89,,,323,,,,,,,,,,,,,,,,,,,,,,,,148,128,,,89,,72,242,489,342,,,,203,44,136,,,,,,,147,,,167,256,,,143,,,,,,,,,,,,,,,,,,,,,,,,,,,,,,,,,,,,,,,,,,,,,,,,,,,,,,,,,,,,,,,,,,,410,732,236,149,540,93,127,20,125,280,143,107,157,,78,280,,318,,,297,64,339,,224,254,,,,,,,,,,,,,,,,,,,,,,,,,,,,,,,,,,139,,400,59,237,,,556,,226,314,,300,,170,77,72,,183,,301,,,,,,,570,124,,501,,201,,,,280,
2026-08-01T07:50:01+00:00,158,265,,,551,,,158,236,323,,227,,285,,,,,,,,145,494,392,258,355,,67,,,,949,,38,43,179,,232,,,,,,52,,36,,,1182,,,,341,,,,,49,,,,,,44,122,,231,27,22,55,,,,254,,,,211,,,,,,,,,,,150,243,423,280,169,515,68,,,424,,162,,,264,269,375,,759,,,,,203,296,557,,,,,117,185,780,,257,493,53,126,,,,,,,201,,,,,,,,,,167,199,,,,,,,189,,,,,712,,325,,140,,592,,,,,,,,,,,,,,,,,,,,,,,,,104,,181,17,26,523,,,,,,,,222,,139,,,,,,,99,,,,,,,,,,,,,,,,,,,,198,,,,,,,,,102,,,,,110,,,,,132,,,,,,,,,,,,,,,,209,417,246,,217,212,306,,-11,52,,294,287,,581,303,,500,,,231,414,79,,,,,,317,,,,,,,,,,44,,,133,75,54,13,,,,445,,,,,90,,,318,,,,,,,,,,,,19,,,,,,,,,,,,153,127,32,83,83,,,245,486,329,,,351,198,,127,,,,,,140,137,31,,,252,,96,,,,124,47,94,315,398,65,1005,260,1435,,191,141,,,,,,,,,,,,,,,,,,,,,,650,,189,,696,,246,232,413,276,,,,123,111,,,,,,70,,,270,121,245,132,293,232,274,205,409,716,234,143,521,96,125,,,,,,,,,,,,,,,,,,,,,,,,,,,,,,,,,,,,,,,,,,,,,,,,,,,,610,,,399,55,229,296,94,552,168,220,313,,301,,169,74,,,180,,302,,,,,,,566,,,492,,197,,,,274,
2026-08-01T07:55:01+00:00,155,266,,,539,39,,149,224,320,,216,,282,,,,,,,,142,493,391,251,351,,66,,,,939,,34,41,178,,228,,,137,144,,53,,,,,1179,,,,,,,,6,50,,,,179,,42,,,,26,21,,,,,248,,,72,213,339,179,240,177,191,222,,198,,,,,,,,,,,,,,,,,,,,,,,,,,,,,,,,,,178,773,,258,489,52,127,377,,,,,,197,,,,,,,,,,165,200,,,,,,,186,,,302,,699,,303,,137,,589,,,,,,,,,,,,,,361,1176,,133,347,185,,256,253,391,111,97,,174,17,19,492,,,,,,,,,,138,,,,,,,,,,,,134,,,,,,,,,,,,,,,195,,,,,,483,,,,,,,,108,,,,,,,,,,,,,,,71,,,,,,208,396,247,,212,211,293,,-5,49,,288,281,,576,300,,495,,,230,412,77,,,,,,,,97,,,,,,,,,,,134,73,53,11,,,,444,,,,,81,,,,,,,,,,,,,,,,,,,,,,,,,,,155,125,33,82,82,,,,484,325,,,,195,,128,,,,,,122,130,,255,168,249,,94,,812,37,,,88,316,386,,994,242,1434,144,,133,,,,,,,,,,,,,,,,,,,,,,646,,185,,694,,245,230,397,,361,,,121,,,,,,,,,,267,,243,129,281,221,272,204,406,693,229,130,509,97,120,,,,,,,,,,,,,,,,,,,,,,,,,,,,,,,,,,,,,,,,,,,,,,,,,,,,,141,143,,50,222,294,93,551,166,,309,,299,,167,71,71,,178,467,301,,,,,,,556,,,481,,195,,,,,
2026-08-01T08:00:01+00:00,154,,,,532,37,,141,214,316,,212,,275,,,,,,,,141,492,388,,349,,65,,,47,935,,31,,176,,217,,,135,140,,54,,35,,,,,,,344,31,,,,49,,,,,,41,120,,232,27,20,58,,,,247,,,70,211,,,,,,,,,,,147,238,424,279,170,509,69,,,413,292,152,,,265,265,364,,760,70,725,261,,198,293,555,,,,70,,,,,,,,,,,,,,,,,,,,,,,,,,,,,,,,,,,,,,,,,,,,,,,,,,,,,,,,,,,,,,,,,,,,,88,,169,17,8,454,,,,,,,,,,137,,,,,,,98,,,,,,,,,,,27,,,,,,,,,189,,,,,,484,,25,99,,,,,102,,,,,,,,,,,,,,,,,,,,,,394,246,147,208,209,274,,-11,41,,279,265,397,563,298,383,488,131,,229,,69,,1328,,,,314,,96,,,,,,,,43,,,135,72,55,10,,,,443,,,,,79,,,314,,,,,,,,,,,,,,,,,,,,,,,,156,123,,73,79,,,241,481,315,,,350,186,,127,,,,,182,105,122,,,167,239,,92,141,,,,46,75,319,366,64,973,224,1421,142,,115,,,,,,,,,,,,,,,,,,,,,,636,,182,,692,,244,227,383,275,,,,120,110,,,,,,68,,,265,123,238,125,267,211,274,203,401,662,227,126,495,96,108,21,115,276,144,101,156,,75,271,285,306,230,,282,59,324,,221,247,,,,,,,,,,,,,,,,,,,,,,,,,,,,,,,,,612,143,142,390,47,208,286,92,549,164,213,308,,301,,166,69,70,,177,,302,,,,,,,550,,,466,,,,,,251,
2026-08-01T08:05:01+00:00,148,264,,,519,35,,124,193,315,,210,,270,,,339,,,,,135,489,389,247,343,,66,,,,923,,28,,174,,207,,,,137,,,,,,,1176,,,,341,,,,,46,,,,,,34,110,,230,25,15,56,87,,,242,,,,,331,170,222,173,188,215,,,,348,142,228,420,277,171,498,70,,,391,291,134,,,264,260,323,,,,699,255,110,192,285,546,,,,71,113,167,760,197,248,488,53,125,375,,,,,,182,,,,,530,,,,,157,198,,,,,,,170,,,300,,686,,272,,,,584,,,,,,,,,,,,,,365,1173,381,132,338,180,,255,247,383,93,81,,165,17,4,429,,,,,,,,,,135,,,,,,,95,,,44,,,,,,,,23,,,,,,,,,182,,,,,,481,,,,,,,,,,,,,131,,,,,,,,,,72,,,,,,,368,242,,194,202,254,,-14,30,13,271,242,395,551,295,379,481,,,225,404,65,,1327,,,,,,95,,,,,,,,41,,,133,69,50,7,,,,442,,,,,71,,,312,,,,,,,,,,,,,,,,,,,,,,,,151,121,32,69,75,,73,239,,290,,,351,184,43,119,,,,87,,83,106,,,163,232,,88,139,813,,125,,,,,63,,,,,,,,,,,,,,,,,,,,,,,,,,,,614,,172,,687,,245,226,347,274,360,,,122,111,,,,,,62,,,262,121,225,120,245,189,277,,,645,224,118,479,95,100,,,,,,,,,,,,,,,,,,,,,,,,,,,,,,,,,,,,,,,,,,,,,,,,,,,,,,139,385,46,196,281,89,545,153,199,304,,302,,165,67,71,,175,464,303,,,,,,,547,123,,445,,192,127,,,224,
2026-08-01T08:10:01+00:00,145,,,,504,32,,114,184,310,,206,,267,,,,,,,,134,488,388,239,326,,,,,45,919,,,42,173,,201,,,136,136,,,,,,,1172,,,,342,29,,,7,47,,,,,4,26,106,,228,26,6,,,,,237,,,69,210,323,166,216,169,187,211,,,,,,,,,,,,,,,,,,,,,,,,,,,,,,,,,,,,,,,,,,,,,,,,,,,,,,,,,,,,,,,,,,,,,,,,,,,,,,,,,,,,,,,,,,,,,,,,,,,,,,,73,,158,17,7,402,,,,,,,,223,,,,,,,,,,,,47,,,,,,,,22,,,,,,,,38,170,,,,,,,,23,98,131,,,,93,,,,,127,,,,,55,,,,,,,,,,,207,360,240,146,189,197,237,,-5,28,,268,236,392,547,291,,477,,,220,402,61,,,,,,,,,,,,,,,,,,,,,,,,,,,,,,,,,,,,,,,,,,,,,,,,,,,,,,,,,,150,115,29,67,67,,,238,476,283,,42,,178,44,114,,,,88,,67,96,,,161,228,,87,138,,,126,,67,,348,64,958,213,1422,,190,108,,,,,,,,,,,,,,,,,,,,,,,,,,682,,243,,,273,,,,,,,,,,,,,,,,216,,,,,202,397,599,223,109,452,94,94,,,,,,,,,,,,,,,,,,,,,,,,,,,,,,,,,,,,,,,,,,,,,,,,,,,,611,142,134,379,42,183,277,88,542,146,189,301,,,,,63,72,,167,462,,,,,,,,546,,,434,,190,124,,,,
2026-08-01T08:15:01+00:00,149,265,,,500,,,101,171,307,,200,,264,,,,,,,,132,,,234,316,,67,,,44,918,,23,43,171,,193,,,133,135,,55,,,,,1165,,,,,27,,,9,46,14,,,180,,22,102,,,27,4,,,,,227,,,,212,,,,,,,,,,,141,,416,273,170,494,68,,,381,,129,,,,254,301,,,69,,254,,191,282,544,,,,70,,,,,,,,,,,,,,,171,,,,,529,,,,,148,195,,,,,,,165,,,296,,681,,247,,133,,581,,,,,,,,,,,,,,368,1170,374,134,336,175,184,251,244,371,76,66,,151,17,10,377,,,,,,,,,,,,,,,,,94,,,,,,,,,,,21,,,,,,,,,163,,,,,,475,,,,,,,,92,,,,,,,,,,56,,,,,,,,,,,206,347,238,143,178,193,221,,-4,23,,263,229,391,534,289,372,472,132,,216,,55,,,,,,310,,,,,,,,,,42,,,127,63,46,6,,,,438,,,,,65,,,307,,,,,,,,,,,,20,,,,,,,,,,,,149,,,64,63,,,235,,273,,,,179,,,,,,,,62,90,,256,160,225,,85,,812,,127,,66,316,333,65,942,199,1419,,191,105,,,,,,,,,,,,,,,,,,,,,,610,68,169,,,,,,324,,358,,,119,,,,,,,,,,261,,,116,231,185,,,391,581,217,105,441,91,93,,103,271,141,84,153,,82,242,268,275,223,,264,54,304,,220,231,,,,,,,,,,,,,,,,,,,,,,,,,,,,,,,,,,141,133,373,40,175,271,86,541,136,181,299,,300,,,64,71,,163,461,301,,,,,,,543,,,419,,186,,,,188,
2026-08-01T08:20:01+00:00,,263,,,492,29,,94,157,306,,194,,258,,,,,,,,123,,385,225,305,,,,,43,909,,,,172,,183,,,,136,,56,,,,,1163,,,,343,,,,8,45,,,,179,5,20,97,,227,28,3,,86,,,225,,,,211,318,156,203,164,181,202,,,,345,130,220,412,271,,484,67,,,361,293,114,,116,260,253,268,,,68,681,251,,187,275,538,,,,69,112,151,733,189,238,488,52,123,371,,,,,,,,,,,,,,,,,,,,,,,,,,,,,,,,,,,,,,,,,,,,,,,,,,,,,,,,,,,,58,,153,17,5,349,,,,,,,,,,,,,,,,,95,,,45,,135,,,,,,20,,,,,,,,,161,,,,,,472,,24,99,,,,,90,,,,,126,,,,,,,,,,,,,,,,,333,237,142,172,194,204,,-10,20,,267,222,390,530,288,369,470,,,,394,53,,,,,,305,,93,,,,,,,,,,,122,,39,4,,,,436,,,,,56,,,,,,,,,,,,,,,21,,,,,,,,,,,,143,114,25,62,58,,,234,473,266,36,,,177,,111,,,,,,50,81,32,257,158,226,,83,,,40,128,,60,312,303,,907,191,1406,,189,101,,,,,,,,,,,,,,,,,,,,,,591,,166,,677,,239,228,284,272,359,,,120,109,,,,,,58,,,257,116,201,107,209,166,273,199,383,554,212,100,431,,89,,,,,,,,,,,,,,,,,,,,,,,,,,,,,,,,,,,,,,,,,,,,,,,,,,,,,,,364,,167,266,84,538,127,175,,,,,,63,70,,160,,,,,,,,,540,,,408,,184,,,,,
2026-08-01T08:25:02+00:00,,,,136,485,27,,88,152,307,,188,,256,,,,,,,,115,487,383,214,297,,65,,,42,901,31,20,42,169,,176,,,129,138,,60,,,,,1159,,,,342,,,,9,46,,,,,4,14,93,,,29,5,,87,,,215,,,70,212,,,,,,,,,,,126,212,411,270,172,480,,291,,354,292,110,,,258,251,250,168,,67,,246,,184,269,535,,,497,,113,144,724,185,235,487,51,124,367,,,,,,153,,,,,528,,,,,138,193,,,,,,,167,,,,,671,,234,,132,,580,,,,,,,,,,,,,,370,1165,364,135,,171,183,,242,355,70,52,,144,16,4,325,,,,,,,,,,137,,,,,,,,,,46,,,,,,,,18,,,,,,,,,157,,,,,,465,,25,98,,,,,85,,,,,122,,,,,,,,,,,,,,,,207,318,233,138,166,189,186,,-7,11,,264,211,386,523,285,,468,,,,388,49,,1325,,,,302,,92,,,,,,,,41,,,125,64,,,,,,434,,,,,48,,,,,,,,,,,,,,,22,,,,,,,,,,,,138,111,26,57,48,,,232,471,257,,,348,175,,109,,,,89,,38,74,,,,225,,86,137,,,127,,,310,294,,892,185,1396,,188,89,,,,,,,,,,,,,,,,,,,,,,578,,163,,674,,240,226,265,270,357,,,,108,,,,,,55,,,256,113,199,,207,163,,200,380,520,202,92,423,92,82,,,,,,,,,,,,,,,,,,,,,,,,,,,,,,,,,,,,,,,,,,,,,,,,,,,,,,132,361,37,154,257,,535,124,173,296,,299,,,61,68,,156,460,302,,,,,,,534,,,389,,183,,,,144,
2026-08-01T08:30:01+00:00,146,260,,,475,24,,80,142,303,,183,,255,,,,,,,,112,486,379,208,288,,64,,,41,878,,22,40,,,173,,,127,135,,64,,36,,,1155,,,,,26,,,11,45,,,,178,,15,91,,226,,4,,88,,,210,,,,210,297,140,185,159,176,199,,,,,,,,,,,,,,,,,,,,,,,,,,,,,,,,,,,,,,,,,,,,,,,,,155,,,,,,,,,,132,189,,,,,,,157,,,293,,665,,206,,128,,578,,,,,,,,,,,,,,,,,,,,,,,,,46,,137,16,5,300,,,,,,,,,,132,,,,,,,,,,,,134,,,,,,20,,,,,,,,,150,,,,,,462,,,99,,,,,80,,,,,123,,,,,,,,,,,,,,,,,308,234,,165,187,179,,,10,,260,206,,515,286,370,461,,,215,,45,,,,,,303,,91,,,,,,,,40,,,124,60,36,3,,,,435,,,,,44,,,,,,,,,,,,,,,23,,,,,,,,,,,,136,,,58,46,,,,,251,,,347,176,,108,,,,,,29,70,,,,222,,83,136,,39,,47,,,,,,,,,,,,,,,,,,,,,,,,,,,,,,,,,,,,,,,,,,,,,,,,,,,,,,,,,,,,,,,373,494,194,88,406,91,73,,92,263,139,70,148,,93,224,246,265,217,,256,56,292,,218,209,,,,,,,,,,,,,,,,,,,,,,,,,,,,,,,,,,,133,356,36,142,253,,531,113,165,,,298,,,60,,,154,459,,,,,,,,529,122,,378,,182,126,,,,
2026-08-01T08:35:01+00:00,140,262,,,470,22,,68,140,,,181,,251,,,,,,,,110,487,376,206,281,,66,,,,868,,18,41,,,168,,,125,133,,65,,34,,,,,,,343,21,,,12,,15,,,177,,,86,,225,31,0,,,,,208,,,,209,289,132,187,150,175,195,,,,,125,207,409,269,173,479,68,,,338,,102,24,,252,243,234,,,65,662,247,,182,267,536,,,,68,112,136,704,180,226,482,49,123,368,,,,,,,,,,,,,,,,,,,,,,,,,,,,,,,,,,,,,,,,,,,,,,,,,,1158,347,133,337,167,,252,239,350,56,40,,132,15,4,271,,,,,,,,,,,,,,,,,,,,,,,,,,,,21,,,,,,,,,136,,,,,,442,,,96,130,,,,72,,,,,122,,,,,,,,,,,,,,,,205,291,,136,158,184,144,,-3,8,,257,201,385,514,288,366,,,,212,381,44,,1323,,,,300,,,,,,,,,,,,,126,61,35,,,,,432,,,,,41,,,304,,,,,,,,,,,,21,,,,,,,,,,,,132,107,28,55,40,,72,229,466,240,37,,346,175,,,,,,,,17,65,,,156,,,78,134,,38,128,,52,308,281,,889,176,1394,144,,80,,,,,,,,,,,,,,,,,,,,,,569,,152,,673,,237,,247,269,355,,,121,,,,,,,53,,,255,114,192,104,198,156,271,199,370,484,185,82,400,93,62,,,,,,,,,,,,,,,,,,,,,,,,,,,,,,,,,,,,,,,,,,,,,,,,,,,,,140,,352,,136,,83,522,110,161,293,,297,,166,64,,,152,457,298,,,,,,,526,,,366,,181,,,,114,
2026-08-01T08:40:01+00:00,139,260,,,461,21,,57,132,302,,177,,255,,,,,,,,109,,374,203,264,,,,,,852,32,13,38,,,160,,,123,130,,64,,,,,1152,,,,,19,,,13,44,,,,,3,9,80,,224,30,,57,,,,204,,,,211,,,,,,,,,,,123,202,403,,177,474,67,293,,306,295,,23,115,246,238,212,169,759,64,621,240,,177,261,534,,,,69,,,,,,,,,,,,,,,132,,,,,,,,,,126,,,,,,,,146,,,292,,660,,167,,126,,576,,,,,,,,,,,,,,,,,,,,,,,,,33,,126,16,,247,,,,,,,,,,,,,,,,,,,,,,,,,,,,,,,,,,,,37,132,,,,,,440,,24,95,,,,,69,,,,,121,,,,,55,,,,,71,,,,,,,,,,,,,,,,,256,195,384,508,294,365,456,,,210,380,41,,1321,,,,296,,92,,,,,,,,37,,,121,60,32,4,,,,433,,,,,33,,,299,,,,,,,,,,,,,,,,,,,,,,,,,,,,,,,,,,,,,,,,,,,,,,,,,,,,,,,,,,,,,,,,,,,,,,,,,,,,,,,,,,,,,,,,,561,67,151,,666,,,223,235,,354,,,120,,,,,,,48,,,252,111,181,,188,154,270,,,,,,,,,,,,,,,,,,,,,,,,,,,,,,,,,,,,,,,,,,,,,,,,,,,,,,,,,,,,,139,131,344,33,130,250,84,519,104,153,292,,296,,167,62,67,,147,456,299,,,,,,,522,,,358,,179,125,,,102,
2026-08-01T08:40:02+00:00,,,,,,,,,,,,,,,,,,,,,,,,,,,,,,,,,,,,,,,,,,,,,,,,,,,,,,,,,,,,,,,,,,,,,,,,,,,,,,,,,,,,,,,,,,,,,,,,,,,,,,,,,,,,,,,,,,,,,,,,,,,,,,,,,,,,,,,,,,,,,,,,,,,,,,,,,,,,,,,,,,,,,,,,,,,,,,,,,,,,,,,,,,,,,,,,,,,,,,,,,,133,,,,,,,93,,,,,,,,,,,,,,,,,,,,,,,,,,,,,,,,,,,,,,,,,,,,,,,,,,,,,,,204,283,233,135,154,182,132,,-5,4,,,,,,,,,,,,,,,,,,,,,,,,,,,,,,,,,,,,,,,,,,,,,,,,,,,,,,,,,,,,,,,,,,,,,,,121,105,24,53,36,148,,224,461,230,,,347,171,,96,,,,88,,7,59,31,,153,218,,75,,,37,127,48,,,274,,884,172,1391,,189,,,,,,,,,,,,,,,,,,,,,,,,,,,,,,,,,,,,,,,,,,,,,,,,,,,,,,361,460,181,74,388,92,50,,,,,,,,,,,,,,,,,,,,,,,,,,,,,,,,,,,,,,,,,,,,,,,,,,,,,,,,,,,,,,,,,,,,,,,,,,,,,,,,,,,,,,,,,,
2026-08-01T08:45:02+00:00,135,261,,,456,22,,50,124,304,,171,,251,,,,,,,,103,485,370,191,255,,61,,,38,826,,9,,166,,152,,,122,131,,67,,,,,1144,,,,342,18,,,11,42,,,,178,4,4,79,,222,28,,58,,,,199,,,68,209,286,126,,147,,192,,,,,,,,,,,,,,,,,,,,,,,,,,,,,,,,,,,111,129,687,177,218,480,45,122,365,,,,,,,,,,,,,,,,,,,,,,,,136,,,290,,657,,162,,123,,575,,,,,,,,,,,,,,374,1155,340,,334,164,182,,238,343,47,26,,114,15,,217,,,,,,,,222,,129,,,,,,,92,,,44,,,,,,,,18,,,,,,,,,121,,,,,,432,,20,97,,,,,68,,,,,,,,,,,,,,,,,,,,,203,273,232,,145,183,109,,0,-1,,258,192,381,489,288,361,446,133,,206,376,35,,1318,,,,,,,,,,,,,,,,,,,,,,,,,,,,,,,,,,,,,,,,,,,,,,,,,,,,,,,,114,104,26,49,30,,70,222,457,217,36,,346,,,86,,,,,,3,48,,258,154,216,,72,133,813,,126,47,53,,263,,862,165,1386,145,,68,,,,,,,,,,,,,,,,,,,,,,545,,139,,660,,234,222,216,267,351,,,,109,,,,,,45,,,,112,,102,179,141,264,,347,440,177,67,377,95,47,,,,,,,,,,,,,,,,,,,,,,,,,,,,,,,,,,,,,,,,,,,,,,,,,,,,610,137,130,339,34,125,243,83,513,98,148,,,295,,165,56,68,,143,454,298,,,,,,,515,,,355,,175,126,,,,
2026-08-01T08:50:01+00:00,133,262,,135,458,20,,48,118,306,,165,,247,,,,,,,,99,483,368,189,249,,,,,,823,,7,,164,,144,,,120,129,,73,,,,,1137,,,,344,,,,12,41,,,,179,,0,75,,220,31,,60,86,,,201,,,65,,,,,,,,,,,,124,200,404,268,,468,64,,220,292,297,95,,,241,241,193,,,63,,241,,174,259,,,,,,,,,,,,,,,,,,,,127,,,,,527,,,,,123,185,,,,,,,,,,,,,,,,,,,,,,,,,,,,,,,,,,,,,,,,,,,19,,112,15,,193,,,,,,,,221,,127,,,,,,,,,,46,,,,,,,,16,,,,,,,,36,112,,,,,,424,,18,96,129,,,,66,,,,,118,,,,,56,,,,,70,,,,,,,269,,134,140,182,93,,3,0,11,255,184,,480,290,359,445,132,,198,375,,,1316,,,,292,,88,,,,,,,,36,,,123,59,29,2,,,,432,,,,,14,,,291,,,,,,,,,,,,19,,,,,,,,,,,,113,102,27,46,25,,68,220,450,204,,,343,167,,83,20,,,89,181,0,30,,,155,213,,69,132,814,36,125,45,50,309,255,64,852,159,1380,142,,58,,,,,,,,,,,,,,,,,,,,,,530,,135,,658,,,221,203,264,349,,,124,,,,,,,42,,,251,,161,101,178,134,261,196,344,414,170,60,378,94,44,22,75,262,142,61,145,,79,207,234,249,212,,234,51,271,,,176,,,,,,,,,,,,,,,,,,,,,,,,,,,,,,,,,,138,125,329,33,114,240,,510,91,141,288,,,,,51,67,,141,450,,,,,,,,505,121,,345,,,123,,,,
2026-08-01T08:55:01+00:00,132,260,58,132,453,16,,40,111,303,,162,,241,,,,,,,,97,481,363,179,235,,59,,,37,802,,3,37,163,,137,,36,121,126,,74,,,,,1131,,,,342,,,,,42,,,,,,,73,,217,32,,61,87,,,,,,60,,276,120,180,136,171,184,,,,344,123,185,396,265,,456,62,,,273,299,69,24,,237,230,167,,758,,587,234,,171,252,536,,,498,70,112,116,669,163,213,478,47,121,358,,,,,,,,,,,,,,,,,,,,,,,,126,,,288,,650,,153,,120,,573,,,,,,,,,,,,,300,376,1144,342,,,159,181,250,236,336,35,14,,107,15,,178,,,,,,,,,,126,,,,,,,89,,,47,,133,,,,,,15,,,,,,,,,109,,,,,,,,16,95,,,,,64,,,,,119,,,,,55,,,,,,,,,,,,253,233,135,132,180,74,,-2,1,10,251,168,384,478,293,356,444,,,,379,31,,1315,,,,293,,84,,,,,,,,37,,,119,55,22,3,,,,,,,,,8,,,289,,,,,,,,,,,,20,,,,,,,,,,,,112,101,28,47,24,147,,218,445,199,,,,164,,77,,,,,,1,15,30,,,210,,68,,,,,,,,234,,841,143,1376,141,187,47,,,,,,,,,,,,,,,,,,,,,,514,65,131,,,,230,,173,263,348,,,122,108,,,,,,37,,,250,109,162,98,161,120,258,194,340,388,169,48,370,,41,,,,,,,,,,,,,,,,,,,,,,,,,,,,,,,,,,,,,,,,,,,,,,,,,,,,611,136,123,325,32,104,234,77,505,85,136,290,,,,,,,,140,448,,,,,,,,502,,,335,,171,,,,54,
2026-08-01T09:00:01+00:00,134,,,134,447,14,,,105,300,,157,,236,,,,,,,,94,,362,174,232,,57,,,36,792,,0,33,162,,131,,,117,129,,77,,33,,,1125,,,,,17,,,9,,,,,178,2,,71,85,216,29,,,86,,,204,,,57,212,278,111,175,135,170,186,,,,,121,180,390,264,179,452,60,292,,259,301,61,,,234,220,152,,,62,,229,,169,245,534,,,,,113,110,657,161,208,477,46,119,352,,,,,,120,,,,,528,,,,,112,179,,,,,,,114,,,,,642,,141,,113,,569,,,,,,,,,,,,,,,,,,,,,,,,,11,,98,15,,148,,,,,,,,222,,124,,,,,,,91,,,46,,,,,,,,12,,,,,,,,,111,,,,,,423,,,94,,,,,58,,,,,118,,,,,53,,,,,,,,,,,202,247,232,133,124,174,63,,-5,0,,,171,387,,291,358,441,,,192,375,27,,1314,,,,291,,81,,,,,,,,,,,120,52,30,,,,,,,,,,2,,,290,,,,,,,,,,,,19,,,,,,,,,,,,111,100,,45,18,,70,,442,180,,,,162,45,76,,,,90,,,2,27,,,211,,67,133,813,35,126,,48,,227,63,830,134,1369,142,185,39,,,,,,,,,,,,,,,,,,,,,,,,,,,,,,,,,,,,,,,,,,,,,,,,,,,,,336,363,161,37,359,96,32,,,,,,,,,,,,,,,,,,,,,,,,,,,,,,,,,,,,,,,,,,,,,,,,,,,,,134,,307,29,98,230,76,498,81,127,287,,290,,163,48,65,,138,447,296,,,,,,,496,,,327,,185,,,,43,
2026-08-01T09:05:02+00:00,132,258,,,446,,,31,96,298,,155,,230,,,338,,,,,86,,361,167,227,,56,,,37,779,31,,34,160,,123,,60,118,130,,78,,,,,1122,,,,,,,,8,41,,,,177,1,,67,,213,30,,,,,,200,,,52,211,,,,,,,,,,,,,,,,,,,,,,,,,,,,,,,,,,,,,,,,,,,,,,,,,,,,,,,110,,,,,,,,,,106,176,,,,,,,,,,,,,,,,,,,,,,,,,,,,,,,,380,1138,346,,333,156,182,248,234,338,16,2,,91,15,,135,,,,,,,,,,121,,,,,,,,,,,,,,,,,,8,,,,,,,,35,107,,,,,,,,15,,,,,,54,,,,,,,,,,51,,,,,,,,,,,201,228,230,131,121,173,47,,-8,-2,7,246,164,386,468,285,,438,,,186,376,30,,1311,,,,289,,82,,,,,,,,,,,119,,29,2,,,,430,,,,,0,,,286,,,,,,,,,,,,18,,,,,,,,,,,,106,99,26,46,6,146,,,438,165,,,344,160,,73,,,,,,0,1,26,260,154,208,,66,131,,34,,42,43,308,206,,802,128,1364,,184,31,,,,,,,,,,,,,,,,,,,,,,512,64,127,,660,,227,219,161,,350,,,120,106,,,,,,34,,,249,110,155,97,159,114,252,195,325,338,157,32,344,94,27,24,66,259,143,49,138,,73,190,232,222,206,,215,47,255,,217,146,,,,,,,,,,,,,,,,,,,,,,,,,,,,,,,,,,,122,292,26,90,220,74,490,78,122,286,,288,,164,45,64,,134,445,,,,,,,,489,,,318,,181,,,,30,
2026-08-01T09:10:01+00:00,,,,,,11,,35,98,300,,148,,229,,,,,,,,84,479,358,153,208,,54,,,,762,,,35,161,,121,,36,113,134,,79,,32,,,1121,,,,341,,,,7,40,14,,,178,0,,59,,204,29,,,87,,,195,,,43,213,275,103,154,128,169,175,,197,,,120,172,389,259,,444,55,,,254,303,56,25,,229,215,138,,,61,547,225,,167,241,531,,,,69,112,103,642,152,198,471,45,116,344,,,,,,,,,,,,,,,,,,,,,,,,106,,,283,,639,,129,,104,,567,,,,,,,,,,,,,,,,,,,,,,,,,0,,81,15,,113,,,,,,,,223,,,,,,,,,,,,47,,,,,,,,11,,,,,,,,34,108,,,,,,416,,,90,127,,,,48,,,,,113,,,,,49,,,,,,,,,,,200,220,,130,118,174,28,,,,,244,160,384,466,288,,437,,,187,377,,,1310,,,,,,,,,,,,,,,,,,,,,,,,,,,,,,,,,,,,,,,,,,,,,,,,,,,,,,,,108,98,25,48,1,,,214,437,161,,,,159,,,19,,,,,,0,24,,,,,,132,,,,,49,306,192,,779,113,1360,139,,21,,,,,,,,,,,,,,,,,,,,,,498,62,125,,659,,228,,143,258,351,,,,104,,,,,,33,,,248,108,150,93,148,101,,,313,312,152,30,339,93,18,,,,,,,,,,,,,,,,,,,,,,,,,,,,,,,,,,,,,,,,,,,,,,,,,,,,609,135,121,288,23,73,218,,488,72,108,285,,286,,163,38,62,,131,443,294,,,,,,,484,,,307,,179,121,,,,
2026-08-01T09:15:01+00:00,130,,,,437,9,,34,97,299,,141,,221,,,337,,,,,83,480,,141,195,,,,,35,749,30,,32,164,,122,,100,110,135,,85,,33,,,1120,,,,,15,,,5,38,,,,177,,,45,,194,,,,85,,,190,,,40,215,,,,,,,,,,342,115,157,385,,181,429,51,295,,235,305,45,26,,215,209,99,,757,58,519,223,,,,534,,,,70,,,,,,,,,,,,,,,93,,,,,530,,,,,97,,,,,,,,,,,,,,,,,,,,,,,,,,,,,,,,,382,,333,,334,152,181,247,230,341,12,,,75,15,,99,,,,,,,,,,,,,,,,,94,,,,,134,,,,,,12,,,,,,,,,99,,,,,,410,,16,88,,,,,46,,,,,,,,,,,,,,,,,,,,,197,206,227,128,107,175,13,,-1,-5,4,240,153,382,460,287,357,428,,,180,379,26,,,,,,288,,75,,,,,,,,34,,,116,48,28,0,,,,428,,,,,,,,271,,,,,,,,,,,,22,,,,,,,,,,,,104,97,23,47,3,,69,211,434,150,,41,,157,46,64,,,,,180,1,,23,258,153,203,,69,131,811,32,,43,39,,179,62,745,96,1357,136,183,16,,,,,,,,,,,,,,,,,,,,,,487,,123,,660,,226,,134,259,,,,115,102,,,,,,34,,,246,,139,92,139,99,251,193,304,307,142,27,335,90,7,,,,,,,,,,,,,,,,,,,,,,,,,,,,,,,,,,,,,,,,,,,,,,,,,,,,608,133,120,279,,67,212,74,485,,96,280,,283,,164,37,58,,128,444,292,,,,,,,479,,,300,,180,119,,,9,
2026-08-01T09:20:02+00:00,125,257,,,431,6,,31,100,292,,143,,215,,,,,,,,82,477,,,191,,55,,,33,733,,,30,165,,121,,36,108,134,,87,,,,,,,,,343,14,,,,37,,,,,,,46,,192,,,,87,,,188,,,34,217,279,95,147,126,171,170,,196,,,111,153,390,257,,424,,296,,221,,40,,,209,210,78,,,59,,220,,165,239,,,,,,,99,614,144,185,473,43,115,336,,,,,,92,,,,,,,,,,93,173,,,,,,,98,,,281,,632,,127,,96,,561,,,,,,,,,,,,,,,,,,,,,,,,,,,70,15,,86,,,,,,,,222,,119,,,,,,,95,,,46,,135,,,,,,14,,,,,,,,,100,,,,,,405,,,87,,,,,43,,,,,110,,,,,,,,,,,,,,,,196,189,,,89,174,18,,-3,-6,,242,148,383,453,286,355,432,133,,177,374,28,,1308,,,,283,,74,,,,,,,,,,,,42,27,,,,,427,,,,,,,,258,,,,,,,,,,,,20,,,,,,,,,,,,101,93,20,46,0,,68,208,429,141,,,343,159,45,56,,,19,,,,1,,257,,206,,73,134,,31,125,42,34,307,164,,726,93,1358,133,182,17,,,,,,,,,,,,,,,,,,,,,,477,64,121,,653,,224,217,108,256,349,,,116,100,,,,,,,,,245,110,121,88,122,92,253,,302,284,138,24,,91,10,23,58,244,141,45,130,,77,167,222,188,196,,212,41,230,,216,111,,,,,,,,,,,,,,,,,,,,,,,,,,,,,,,,,,130,116,273,22,57,207,71,,65,90,277,,280,,163,36,56,,124,441,290,,,,,,,473,,,285,,179,,,,-370,
2026-08-01T09:25:01+00:00,,255,,,424,5,,29,96,,,135,,211,,,338,,,,,80,476,,129,186,,52,,,32,726,,,26,161,,124,,,106,132,,91,,,,,1116,,,,344,,,,2,,15,,,,,,37,84,182,28,,60,88,,,185,,,35,,,,,,,,,,,,,148,386,254,182,420,,,,213,,30,25,,207,205,57,,,,476,217,,164,233,537,,,497,68,,,,,,,,,,,,,,,,,,,,,,,,,,,,,,,,,,,,,,,,,,,,,,,,,,,,,,,,,,387,1134,320,135,333,150,,246,231,,17,,,60,15,5,69,,,,,,,,,,116,,,,,,,96,,,,,,,,,,,,,,,,,,,,,,,,,,401,,,84,129,,,,35,,,,,111,,,,,,,,,,,,,,,,195,182,,125,70,175,19,,2,0,1,238,140,381,451,285,,427,135,,175,375,,,1304,,,,282,,75,,,,,,,,,,,,40,28,,,,,428,,,,,,,,250,,,,,,,,,,,,21,,,,,,,,,,,,98,92,17,45,,,,204,427,132,35,,344,,,51,,,,,,,,24,,156,202,,71,,,,,40,,,,60,,,,,,,,,,,,,,,,,,,,,,,,,,,,,,123,,,,,,,,,,,114,97,,,,,,31,,,,109,,83,,87,249,,292,262,127,18,330,,9,,,,,,,,,,,,,,,,,,,,,,,,,,,,,,,,,,,,,,,,,,,,,,,,,,,,,129,113,263,,52,203,70,480,59,82,274,,276,,,31,55,,123,436,286,,,,,,,466,,,274,,174,121,,,,
2026-08-01T09:30:01+00:00,,251,,,,2,,25,100,289,,132,,,,,335,,,,,77,,357,123,172,,51,,,,721,,,21,160,,,,37,,130,,94,,,,,1111,,,,343,13,,,5,,14,,,178,,,35,,178,25,,,,,,,,,33,219,281,96,130,124,168,163,,,,,,,,,,,,,,,,,,,,,,,,,,,,,,,,,,,,95,599,137,178,467,,113,332,,,,,,79,,,,,529,,,,,91,169,,,,,,,77,,,280,,617,,95,,93,,554,,,,,,,,,,,,,,,,,,,,,,,,,,,57,16,4,50,,,,,,,,,,117,,,,,,,97,,,44,,,,,,,,15,,,,,,,,33,,,,,,,394,,17,85,127,,,,19,,,,,113,,,,,,,,,,,,,,,,194,171,,124,55,,17,,-1,-1,,236,136,380,448,290,354,428,,,169,374,27,,1298,,,,,,72,,,,,,,,33,,,119,33,30,,,,,,,,,,,,,246,,,,,,,,,,,,19,,,,,,,,,,,,93,,,38,1,148,,198,416,122,,,343,157,46,50,,,,88,,0,4,25,259,,204,,66,,,29,126,39,2,305,144,,705,96,1362,132,180,22,,,,,,,,,,,,,,,,,,,,,,469,,119,,650,,221,215,115,255,350,,,117,99,,,,,,29,,,244,108,114,80,108,81,252,192,285,235,122,17,324,88,0,,,,,,,,,,,,,,,,,,,,,,,,,,,,,,,,,,,,,,,,,,,,,,,,,,,,607,126,111,259,18,44,189,,472,55,72,272,,277,,162,,49,,119,435,283,,,,,,,458,120,,267,,170,119,,,,
2026-08-01T09:35:02+00:00,122,250,,,415,1,,16,,287,,133,,204,,,,,,,,73,475,355,113,158,,48,,,29,710,31,,20,159,,116,,,105,131,,,,31,,,1110,,,,339,11,,,4,,,,,,,,31,,173,28,,,89,,,180,,,36,220,,,,,,,,,,340,110,140,380,,184,411,50,,,207,,17,,,206,202,37,,758,,,215,,159,228,539,,,,,,,,,,,,,,,,,,,62,,,,,,,,,,83,163,,,,,,,,,,,,,,,,,,,,,,,,,,,,,,,,385,,318,134,,151,180,243,229,333,18,,,41,16,,37,,,,,,,,,,115,,,,,,,,,,42,,,,,,,,14,,,,,,,,,90,,,,,,390,,18,84,,,,,9,,,,,114,,,,,,,,,,,,,,,,190,149,226,121,31,171,,,2,,,235,127,375,444,289,353,424,136,,172,372,26,,1296,,,,,,71,,,,,,,,30,,,117,28,26,,,,,425,,,,,,,,237,,,,,,,,,,,,14,,,,,,,,,,,,89,90,16,33,0,,,196,414,118,,,344,,,46,,,,89,,1,0,,,,,,63,135,,,125,43,23,,101,,672,87,1351,,181,14,,,,,,,,,,,,,,,,,,,,,,456,62,111,,647,,212,214,125,254,,,,118,96,,,,,,26,,,243,107,102,70,95,69,245,179,279,208,110,12,322,,2,24,47,,,40,124,,82,146,206,173,188,,200,35,213,,219,93,,,,,,,,,,,,,,,,,,,,,,,,,,,,,,,,,,118,109,251,,32,185,68,466,54,69,269,,273,,161,29,46,,115,434,282,,,,,,,447,,,249,,167,,,,,
2026-08-01T09:40:01+00:00,121,248,,,414,2,,21,90,285,,125,210,201,,,333,,,,,70,473,356,103,152,,,,,,695,,,,158,,115,,,101,130,,,,32,,,1111,,,,,8,,,,,,,,177,,,29,,163,29,,,,,,,,,37,,278,84,114,115,,160,,195,,339,101,130,374,248,188,401,48,,,190,301,8,,116,198,185,,,759,,449,213,109,155,224,533,,,498,66,111,83,584,131,170,466,44,111,321,,,,,,,,,,,,,,,,,,,,,,,,69,,,277,,606,,80,,87,,546,,,,,,,,,,,,,,,,,,,,,,,,,,,30,16,,30,,,,,,,,,,114,,,,,,,96,,,41,,134,,,,,,15,,,,,,,,,86,,,,,,385,,,,,,,,8,,,,,113,,,,,50,,,,,67,,,,,,186,143,,,18,172,19,,3,-4,,230,115,374,443,291,350,421,,,169,376,27,,1290,,,,277,,,,,,,,,,31,,,114,24,25,,,,,,,,,,,,,229,,,,,,,,,,,,13,,,,,,,,,,,,88,96,15,31,,,,193,411,120,,,346,154,,41,,,,,179,0,,,,,202,,59,134,812,,,39,,,,,,,,,,,,,,,,,,,,,,,,,,,,,,,,,,,,,,,,,,,,,,,,,,,,,,,,,,,,,,,274,187,101,8,318,86,0,,,,,,,,,,,,,,,,,,,,,,,,,,,,,,,,,,,,,,,,,,,,,,,,,,,,606,116,107,238,17,23,174,,462,47,70,270,,269,,158,30,47,,108,433,281,,,,,,,440,,,230,,164,120,,,,
2026-08-01T09:45:02+00:00,120,246,,,413,3,,13,89,283,,123,,198,,,,,,,,68,472,352,98,145,,42,,,27,684,,,,155,,108,,,100,132,,,,31,,,1105,,,,338,6,,,2,38,,,,176,,,22,80,153,31,,,88,,,,,,,221,,,,,,,,,,,,,,,,,,,,,,,,,,,,,,,,,,,,,,,,,,,,,,,,,,,,,,,58,,,,,,,,,,79,160,,,,,,,,,,,,,,,,,,,,,,,,,,,,,,,,384,1132,312,,332,152,,244,227,332,23,,,25,16,5,23,,,,,,,,223,,109,,,,,,,94,,,42,,132,,,,,,14,,,,,,,,32,79,,,,,,375,,16,82,123,,,,,,,,,111,,,,,49,,,,,,,,,,,184,118,,120,-2,165,,,12,-3,,,106,,437,289,352,,,,163,375,28,,1288,,,,,,,,,,,,,,,,,,,,,,,,,,,,,,,,,,,,,,,,,,,,,,,,,,,,,,,,90,94,13,25,1,,,188,395,113,36,,343,151,,40,18,,18,,,1,,23,258,,197,,60,136,,30,,41,0,306,90,61,658,79,1344,131,,10,,,,,,,,,,,,,,,,,,,,,,441,,109,,645,,206,216,140,,,,,121,94,,,,,,27,,,240,106,95,,78,67,246,167,271,169,98,4,311,,1,,,,,,,,,,,,,,,,,,,,,,,,,,,,,,,,,,,,,,,,,,,,,,,,,,,,,117,104,223,18,11,170,,457,39,60,269,,266,,154,28,46,,102,434,280,,,,,,,431,,,215,,161,119,,,-370,
2026-08-01T09:50:01+00:00,,245,,,409,2,,14,90,,,,,192,,,328,,,,,67,470,,93,137,,39,,,25,688,,,,152,,104,,,,130,,,,,,,1102,,,,336,5,,,4,39,,,,175,,,12,,147,29,,,90,,,173,,,24,,279,80,111,111,164,150,,,,340,98,118,373,243,187,396,,,,178,,1,,,194,176,,,,58,,214,,156,217,528,,,499,,108,70,576,129,162,472,41,107,316,,,,,,45,,,,,,,,,,73,159,,,,,,,70,,,276,,599,,61,,83,,540,,,,,,,,,,,,,,,,,,,,,,,,,2,,17,16,4,24,,,,,,,,,,,,,,,,,93,,,41,,,,,,,,13,,,,,,,,,77,,,,,,372,,17,,124,,,,,,,,,,,,,,50,,,,,64,,,,,,181,110,,119,-9,167,15,,3,-2,,231,103,371,432,285,351,420,,,164,382,25,,1287,,,,273,,64,,,,,,,,29,,,145,54,19,5,,,,424,,,,,,,,227,,,,,,,,,,,,11,,,,,,,,,,,,94,96,11,23,0,,,183,392,109,,40,,150,,,,,,,180,2,,,,158,,,59,137,,,126,,21,303,79,,642,73,1345,130,,22,,,,,,,,,,,,,,,,,,,,,,434,,107,,646,,197,214,151,252,348,,,120,92,,,,,,,,,239,,90,67,68,59,237,160,260,139,92,0,297,84,,27,,241,142,34,121,,79,129,200,148,184,,184,30,205,,214,84,,,,,,,,,,,,,,,,,,,,,,,,,,,,,,,,,605,119,,216,15,7,158,63,451,33,51,268,,263,,149,25,,,96,435,276,,,,,,,430,,,208,,157,116,,,,
2026-08-01T09:55:02+00:00,114,240,,,411,,,4,87,280,,121,,184,,,,,,,,61,471,,96,131,,38,,,,671,32,,18,148,,108,,,,129,,,,,,,1105,,,,334,,,,,37,,,,,,,,,143,,,,91,,,166,,,,224,,,,,,,,,,,,,,,,,,,,,,,,,,,,,,,,,,,,,,,,,,,,,,,,,,,,,,,,,,,,,,,,,,,,,,,,,,,,,,,,,,,,,,,,,,,,,,,,,,386,1125,306,133,330,141,,242,225,334,,3,,5,15,,19,,,,,,,,,,108,,,,,,,94,,,43,,,,,,,,9,,,,,,,,,69,,,,,,367,,,83,,,,,,,,,,112,,,,,,,,,,63,,,,,,178,85,224,118,-25,160,16,,0,-6,,225,100,370,424,,349,421,,,,380,27,,1279,,,,267,,65,,,,,,,,31,,,,,,6,,,,425,,,,,,,,223,,,,,,,,,,,,,,,,,,,,,,,,109,91,9,17,,,,182,381,102,,,,146,45,,,,,,177,0,1,,,,194,,,136,,31,125,42,10,297,55,59,614,48,1336,132,180,18,,,,,,,,,,,,,,,,,,,,,,411,61,99,,647,,190,208,,,,,,113,89,,,,,,21,,,237,,84,54,59,42,232,133,248,110,86,,298,79,3,,,,,,,,,,,,,,,,,,,,,,,,,,,,,,,,,,,,,,,,,,,,,,,,,,,,,,103,206,9,-384,152,62,445,29,44,265,,262,,148,22,44,,94,433,273,,,,,,,423,,,192,,154,112,,,-370,
2026-08-01T10:00:01+00:00,109,241,,,409,1,,,83,,,125,,178,,,327,,,,,58,,354,89,114,,35,,,,645,,,13,150,,103,,,98,128,,93,,30,,,1107,,,,337,,,,5,,,,,,,,5,79,137,32,,,,,,164,,,,227,278,59,102,101,163,148,,,,,90,105,366,241,191,390,44,,,147,,,27,117,180,168,,,,,422,269,,153,212,525,,,,62,109,69,567,121,156,467,45,100,309,,,,,,35,,,,,530,,,,,65,154,,,,,,,57,,,275,,592,,47,,81,,534,,,,,,,,,,,,,,,,,,,,,,,,,0,,7,15,,,,,,,,,,,,102,,,,,,,93,,,44,,,,,,,,10,,,,,,,,,,,,,,,359,,15,,,,,,10,,,,,,,,,,51,,,,,62,,,,,,,79,222,119,-42,156,24,,6,-5,,224,98,371,425,284,,410,,,166,376,28,,1278,,,,,,64,,,,,,,,32,,,143,53,18,5,,,,422,,,,,,,,211,,,,,,,,,,,,,,,,,,,,,,,,,,7,19,,,67,176,375,95,,,,141,,43,,,,90,,,2,22,,157,193,,60,138,813,,123,41,6,300,38,60,595,38,1330,129,,13,,,,,,,,,,,,,,,,,,,,,,,,,,,,,,,,,,,,,,,,,,,,,,,,,,,,,237,91,84,,296,78,7,,,,,,,,,,,,,,,,,,,,,,,,,,,,,,,,,,,,,,,,,,,,,,,,,,,,,123,102,189,7,,149,,446,26,38,264,,257,,146,23,42,,88,434,275,,,,,,,418,,,178,,151,,,,,
2026-08-01T10:05:01+00:00,100,240,,133,413,,,,78,277,,122,,179,,,,,,,,56,468,356,84,108,,33,,,22,632,,,,,,102,,,99,,,92,,29,,,1102,,,,333,,,,4,36,,,,,,,0,,133,31,,,90,,,160,,,19,224,,,,,,,,,,337,85,100,359,235,193,375,39,299,,126,,,28,118,167,147,,,758,56,394,267,,148,197,515,,,498,61,,,,,,,,,,,,,,,,,,,,,,,,,,,,,,,,,,,,,,,,,,,,,,,,,,,,,,,,,,389,1116,295,132,,132,,,223,319,15,2,,0,16,,,,,,,,,,222,,,,,,,,,,,,,,,,,,,,9,,,,,,,,30,67,,,,,,350,,,,,,,,12,,,,,111,,,,,,,,,,,,,,,,175,62,219,118,-35,,18,,5,-9,,223,95,370,426,,348,406,137,,162,373,27,,1270,,,,265,,,,,,,,,,31,,,,52,19,3,,,,421,,,,,,,,198,,,,,,,,,,,,9,,,,,,,,,,,,108,,10,16,1,,65,175,372,90,,,341,140,,48,,,,,,,0,21,259,156,194,,,139,,28,125,,,,,,,,,,,,,,,,,,,,,,,,,,,,,,,,,404,,,,648,,187,207,,,347,,,114,87,,,,,,,,,235,104,80,56,55,43,233,117,229,52,80,1,288,76,9,,,,,,,,,,,,,,,,,,,,,,,,,,,,,,,,,,,,,,,,,,,,,,,,,,,,606,125,99,178,,,134,62,450,24,39,265,,255,,,15,38,,84,431,270,,,,,,,411,,,169,,148,,,,,
2026-08-01T10:10:02+00:00,101,238,,130,407,,,1,73,275,,121,,170,,,,,,,,,,355,87,95,,29,,,21,612,,,16,,,91,,,98,126,,89,,,,,1107,,,,,,,,1,,,,,177,,,,78,125,30,,59,88,,,151,,,,222,274,54,98,98,161,141,,,,,,,,,,,,,,,,,,,,,,,,,,,,,,,,,,,105,71,557,113,149,462,44,96,299,,,,,,25,,,,,,,,,,59,149,,,,,,,49,,,273,,580,,33,,71,,529,,,,,,,,,,,,,,,,,,,,,,,,,,,1,16,,18,,,,,,,,223,,103,,,,,,,92,,,43,,,,,,,,6,,,,,,,,,64,,,,,,334,,12,81,,,,,14,,,,,115,,,,,,,,,,61,,,,,,174,45,213,117,-22,154,16,,3,-5,2,220,,372,425,285,345,405,,,,371,24,,,,,,263,,,,,,,,,,,,,139,45,20,4,,,,,,,,,,,,196,,,,,,,,,,,,,,,,,,,,,,,,104,89,9,15,0,146,,174,366,89,,,339,137,41,49,,,19,91,,,1,,260,155,,,64,,,25,127,,2,301,23,59,579,47,1325,,,14,,,,,,,,,,,,,,,,,,,,,,398,,97,,642,,182,205,,250,346,,,116,,,,,,,,,,,105,76,47,60,35,226,108,220,30,77,0,286,,4,,34,228,139,28,115,,73,100,173,114,173,,166,21,190,,212,53,,,,,,,,,,,,,,,,,,,,,,,,,,,,,,,,,,,,171,3,,120,,448,18,36,266,,248,,,,39,,83,,268,,,,,,,405,,,162,,144,110,,,,
2026-08-01T10:15:01+00:00,94,240,,131,400,,,5,65,273,,,,167,,,328,,,,,,469,354,83,87,,23,,,,596,31,,13,149,,88,,,97,127,,88,,,,,1103,,,,332,,,,3,,,,,,,,,,118,,,,90,,,139,,,17,,,,,,,,,,,338,80,89,355,236,196,366,38,300,,108,300,,31,,162,140,,,,55,,,,144,191,512,,,,59,,,,,,,,,,,,,,,,,,,,,,,,,,,,,,,,,,,,,,,,,,,,,,,,,,,,,,,,,,385,,294,134,329,126,,245,215,309,,1,,0,16,,14,,,,,,,,,,101,,,,,,,,,,,,,,,,,,4,,,,,,,,29,65,,,,,,332,,15,,,,,,,,,,,117,,,,,,,,,,,,,,,,172,31,205,116,,,19,,-1,,1,222,,373,423,287,347,407,,,159,369,27,,,,,,262,,,,,,,,,,,,,133,47,22,5,,,,419,,,,,,,,193,,,,,,,,,,,,,,,,,,,,,,,,103,88,11,13,,,,173,360,93,,,337,134,,51,,,,,,1,0,19,,157,,,,137,,,125,,,,,60,566,,,,,,,,,,,,,,,,,,,,,,,,,,,388,,96,,645,,176,,,249,345,,,115,,,,,,,19,,,232,103,74,39,52,28,228,96,208,31,69,2,281,73,8,,,,,,,,,,,,,,,,,,,,,,,,,,,,,,,,,,,,,,,,,,,,,,,,,,,,,126,97,166,,1,119,58,444,17,31,268,,244,,145,14,37,,78,430,269,,,,,,,396,,,148,,,109,,,,
2026-08-01T10:20:01+00:00,88,237,,132,394,,,,70,270,,110,,157,,,,,,,,54,,348,81,73,,19,,,22,582,30,,15,147,,86,,36,96,125,,,,28,,,1099,,,,331,,,,1,35,,,,178,,,,77,107,,,,,,,137,,,,218,278,38,81,91,,143,,,,335,65,74,345,234,203,356,36,,,87,298,,29,119,156,117,2,,,57,376,269,,140,181,511,,,496,54,106,,545,109,139,,41,97,290,,,,,,15,,,,,,,,,,51,147,,,,,,,,,,272,,576,,35,,61,,519,,,,,,,,,,,,,,,,,,,,,,,,,0,,,16,,23,,,,,,,,,,97,,,,,,,,,,44,,,,,,,,3,,,,,,,,28,66,,,,,,326,,14,82,,,,,16,,,,,,,,,,53,,,,,56,,,,,,168,17,201,115,-19,152,,,5,-7,,221,,372,419,,,410,,,157,,26,,1262,,,,,,,,,,,,,,,,,,,,,,,,,,,,,,,,,,,,,,,,,,,,,,,,,,,,,,,,99,91,8,12,,,66,171,355,91,,,336,131,,55,,,,90,,0,1,,258,158,195,,63,138,811,23,,40,0,299,17,59,549,37,1319,126,179,16,,,,,,,,,,,,,,,,,,,,,,375,60,92,,643,,178,201,,,344,,,110,,,,,,,17,,,231,100,66,,47,,225,79,198,27,61,1,280,62,3,,,,,,,,,,,,,,,,,,,,,,,,,,,,,,,,,,,,,,,,,,,,,,,,,,,,,127,96,151,1,-384,112,,440,,37,,,242,,,10,34,,74,,268,,,,,,,386,,,143,,139,,,,,
2026-08-01T10:25:02+00:00,83,236,,131,400,,,2,71,269,,108,,146,,,,,,,,52,,,74,69,,15,,,21,554,,,16,148,,87,,37,99,123,,,,,,,1100,,,,329,,,,0,,,,,179,,,,,100,,,60,,,,133,,,20,219,284,,77,,162,133,,,,,,,,,,,,,,,,,,,,,,,,,,,,,,,,,,,105,65,534,102,138,461,40,,284,,,,,,18,,,,,531,,,,,50,137,,,,,,,,,,,,,,,,,,,,,,,,,,,,,,,,388,1114,300,,,121,,246,216,302,18,,,,16,,16,,,,,,,,,,95,,,,,,,,,,45,,,,,,,,2,,,,,,,,,65,,,,,,322,,13,80,,,,,14,,,,,118,,,,,,,,,,,,,,,,167,2,199,113,-16,151,18,,1,-5,,217,97,371,417,289,,,138,,156,363,30,,1249,,,,258,,60,,,,,,,,29,,,131,44,,,,,,417,,,,,,,,169,,,,,,,,,,,,12,,,,,,,,,,,,92,89,5,9,,,65,169,342,79,,,334,138,,57,,,,,175,,0,20,250,161,194,,56,137,809,22,123,41,,297,19,60,551,41,1313,121,,14,,,,,,,,,,,,,,,,,,,,,,363,,90,,642,,182,199,,248,342,,,,,,,,,,,,,223,,53,40,42,,224,56,189,,56,,,59,4,28,18,229,138,25,113,,68,86,164,115,168,,155,14,178,,,29,,,,,,,,,,,,,,,,,,,,,,,,,,,,,,,,,,129,91,139,-100,,108,,437,1,,,,234,,142,,31,,71,431,264,,,,,,,374,,,125,,136,111,,,,
2026-08-01T10:30:01+00:00,75,234,,,392,,,5,73,262,,111,,144,,,,,,,,50,470,,73,56,,9,,,,545,,,,146,,78,,,100,121,,90,,30,,,,,,,328,,,,,34,,,,178,,,,,95,27,,59,,,,124,,,22,216,,,,,,,,,,334,62,66,342,231,205,352,34,,,84,,,,117,154,107,,,759,,,270,,,180,509,,,495,50,,,,,,,,,,,,,,,,,,,,,,,,,,,,,,,,,33,,,265,,574,,32,,62,,,,,,,,,,,,,,,,,,,,,,,,,,,,,1,16,,19,,,,,,,,,,92,,,,,,,93,,,,,,,,,,,4,,,,,,,,27,57,,,,,,312,,,78,122,,,,18,,,,,117,,,,,49,,,,,,,,,,,164,0,,112,-12,145,20,,5,-7,,218,91,370,415,292,346,404,,,,357,26,,1241,,,,,,,,,,,,,,,,,,,,,,,,,,,,,,,,,,,,,,,,,,,,,,,,,,,,,,,,89,,,7,,147,,167,339,75,,,333,139,,58,,,,,174,,1,19,249,162,,,,,806,21,,,,,,,,,,,,,,,,,,,,,,,,,,,,,,,,,,,,,,,,,,,,,,,,,,,,,,,,,,,,,,,,,179,17,55,2,276,52,1,,,,,,,,,,,,,,,,,,,,,,,,,,,,,,,,,,,,,,,,,,,,,,,,,,,,604,130,89,127,1,,110,,431,-209,50,266,,229,,138,7,30,,70,429,263,,,,,,,368,119,,123,,131,110,,,,
2026-08-01T10:35:01+00:00,72,232,,,391,,,8,76,265,,109,,141,,,325,,,,,53,,,66,48,,6,,,,534,,,,143,,76,,,96,123,,,,29,,,1098,,,,,,,,,33,,,,176,,,,76,84,28,,58,89,,,125,,,20,214,288,46,,87,161,130,,,,436,51,57,338,226,206,328,30,303,,56,,,30,118,148,95,3,168,,56,354,277,110,134,176,,,,494,47,104,64,498,96,141,,38,95,276,,,,,,16,,,,,,,,,,42,131,,,,,,,,,,,,,,,,,,,,,,,,,,,,,,,,391,1116,297,,327,117,178,245,221,304,,,,4,16,,25,,,,,,,,,,89,,,,,,,,,,,,131,,,,,,5,,,,,,,,26,50,,,,,,322,,14,76,123,,,,14,,,,,,,,,,47,,,,,57,,,,,,161,4,196,108,-9,143,15,,10,-9,,220,90,368,409,291,348,402,139,,153,356,,,1233,,,,262,,56,,,,,,,,27,,,129,46,21,6,,,,,,,,,,,,158,,,,,,,,,,,,11,,,,,,,,,,,,83,86,6,11,,,,165,332,65,,,,145,,61,,,,,173,,,18,247,165,195,,57,136,804,19,,39,,296,10,,548,16,,118,180,26,,,,,,,,,,,,,,,,,,,,,,361,,93,,634,,166,198,,250,343,,,,,,,,,,13,,,221,99,60,44,,,219,34,176,18,48,0,272,40,3,,,,,,,,,,,,,,,,,,,,,,,,,,,,,,,,,,,,,,,,,,,,,,,,,,,,,127,84,119,,,105,,428,,51,265,,227,,139,,,,67,428,262,,,,,,,357,,,119,,128,108,,,,
2026-08-01T10:40:01+00:00,,,,,387,,,4,77,262,,,,138,,,323,,,,,,469,347,53,41,,2,,,22,519,,,17,135,,,,,91,,,89,,28,,,,,,,326,4,,,,,,,,177,,,,,77,27,,,,,,117,,,,216,291,56,75,89,,131,,,,,,,,,,,,,,,,,,,,,,,,,,,,,,,,,,,,62,487,94,139,459,,93,270,,,,,,19,,,,,,,,,,41,132,,,,,,,27,,,259,,572,,40,,58,,518,,,,,,,,,,,,,,,,,,,,,,,,,,,1,16,5,31,,,,,,,,,,,,,,,,,,,,,,,,,,,,,,,,,,,,,49,,,,,,315,,16,77,,,,,16,,,,,,,,,,,,,,,,,,,,,,2,195,110,-6,142,24,,,-3,,217,101,367,407,292,,404,,,,360,,,1222,,,,255,,55,,,,,,,,29,,,,43,22,,,,,414,,,,,,,,150,,,,,,,,,,,,10,,,,,,,,,,,,77,85,,10,5,,64,159,311,61,,,329,143,42,67,,,,89,171,,0,,244,164,191,,56,135,803,18,,40,,294,11,59,539,12,1309,116,181,21,,,,,,,,,,,,,,,,,,,,,,356,,95,,633,,165,197,,,342,,,113,,,,,,,12,,,219,98,57,35,30,,214,25,,,,,,,,29,11,223,133,19,103,,66,79,150,89,159,,154,5,169,,206,12,,,,,,,,,,,,,,,,,,,,,,,,,,,,,,,,,602,129,83,102,-100,,106,58,426,,,,,221,,137,4,,,71,429,260,,,,,,,354,,,106,,122,107,,,-370,
2026-08-01T10:40:02+00:00,,,,,,,,,,,,,,,,,,,,,,,,,,,,,,,,,,,,,,,,,,,,,,,,,,,,,,,,,,,,,,,,,,,,,,,,,,,,,,,,,,,,,,,,,,,,,,,,,,,,,,,,,,,,,,,,,,,,,,,,,,,,,,,,,,,,,,,,,,,,,,,,,,,,,,,,,,,,,,,,,,,,,,,,,,,,,,,,,,,,,,,,,,,,,,,,,,,,,,,,,,90,,,,,,,,,,,,129,,,,,,4,,,,,,,,,,,,,,,,,,,,,,,,,,,,,,,,,,,,,,,,,,,,,,,,,,,,,,,,,,,,,,,,,,,,,,,,,,,,,,,,,,,,,,,,,,,,,,,,,,,,,,,,,,,,,,,,,,,,,,,,,,,,,,,,,,,,,,,,,,,,,,,,,,,,,,,,,,,,,,,,,,,,,,,,,,,,,,,,,,,,,,,,,,,,,,,,,,,,,,,,,,,,,,,,,,,,,,,,,,,,170,3,51,1,264,32,5,,,,,,,,,,,,,,,,,,,,,,,,,,,,,,,,,,,,,,,,,,,,,,,,,,,,,,,,,,,,,,,,,,,,,,,,,,,,,,,,,,,,,,,,,,
2026-08-01T10:45:01+00:00,65,229,,130,388,,,2,76,263,,110,,132,,,319,,,,,54,464,344,45,31,,0,,,21,508,,,,134,,69,,,90,124,,91,,,,,,,,,323,3,,,,29,,,,178,,,,,69,26,,,88,,,116,,,,214,,,,,,,,,,,48,52,335,220,205,323,28,304,,48,299,,,,144,89,,,,53,325,,,131,171,503,,,493,46,,,,,,,,,,,,,,,,,,,,,,,,,,,,,,,,,,,,,,,,,,,,,,,,,,,,,,,,,,,1113,301,132,324,,177,243,,307,27,,,8,16,4,24,,,,,,,,224,,92,,,,,,,92,,,,,128,,,,,,5,,,,,,,,,52,,,,,,317,,15,74,,,,,17,,,,,116,,,,,48,,,,,56,,,,,,160,0,190,,-7,139,19,,8,-6,,215,92,366,404,293,347,399,,,147,,25,,1217,,,,260,,56,,,,,,,,28,,,,39,24,5,,,,415,,,,,,,,143,,,,,,,,,,,,11,,,,,,,,,,,,72,,7,,8,,65,161,302,65,,,328,142,,64,,,,,,,1,19,243,163,189,,58,,797,15,122,41,,,,,,,,,,,,,,,,,,,,,,,,,,,,,,,,352,,,,,,,,,,,,,108,88,,,,,,11,,,,96,,32,,,,,168,0,54,0,258,20,10,,,,,,,,,,,,,,,,,,,,,,,,,,,,,,,,,,,,,,,,,,,,,,,,,,,,,128,80,94,,,97,,422,-209,58,264,,,,134,1,22,,68,425,259,,,,,,,346,119,,95,,113,106,,,,
2026-08-01T10:50:01+00:00,63,230,,,379,,,1,74,261,,113,,127,,,314,,,,,58,463,,39,26,,,,,20,492,,,18,131,,67,,,86,121,,,,,,,1101,,,,319,,,,,28,15,,,,,,,,54,24,,,,,,114,,,,215,296,59,72,,160,120,,,,435,27,32,322,215,202,311,33,303,,31,300,,,,134,81,1,,760,51,,278,,126,168,497,,,491,43,107,50,470,91,136,454,37,90,261,,,,,,,,,,,530,,,,,38,127,,,,,,,12,,,256,,568,,36,,59,,,,,,,,,,,,,,,,,,,,,,,,,,,,,12,16,,23,,,,,,,,,,87,,,,,,,,,,,,129,,,,,,7,,,,,,,,,58,,,,,,,,17,78,121,,,,12,,,,,117,,,,,,,,,,,,,,,,159,,187,109,-5,136,18,,15,-7,2,216,88,,400,296,,396,,,,356,28,,1200,,,,253,,54,,,,,,,,26,,,128,40,22,,,,,413,,,,,,,,128,,,,,,,,,,,,12,,,,,,,,,,,,70,82,,12,2,,,158,296,66,35,,324,139,,69,17,,,90,172,2,0,20,245,161,190,,57,,781,14,123,39,,291,4,58,538,0,,117,,15,,,,,,,,,,,,,,,,,,,,,,353,59,94,,632,,168,194,,251,,,,104,90,,,,,,13,,,216,,54,26,23,,212,98,156,1,50,3,262,17,5,,,,,,,,,,,,,,,,,,,,,,,,,,,,,,,,,,,,,,,,,,,,,,,,,,,,,129,77,75,,,,60,413,,,,,215,,133,-230,14,,66,424,258,,,,,,,339,,,78,,111,103,,,,
2026-08-01T10:55:01+00:00,61,234,,131,,,,,75,266,,108,,125,,,312,,,,,57,460,343,40,23,,,,,19,491,,,20,130,,65,,,85,122,,89,,,,,1103,,,,,,,,,25,14,,,,,,,74,46,21,,,,,,111,,,22,214,,,,,,,,,,434,23,21,316,213,201,306,,,,18,299,,29,119,133,63,,,761,,303,277,,128,163,500,,,490,41,,,,,,,,,,,,,,,,,,,,,,,,,,,,,,,,,,,,,,,,,,,,,,,,,,,,,,,,,,392,1114,310,129,320,119,,,227,313,17,,,20,16,,20,,,,,,,,,,84,,,,,,,93,,,44,,,,,,,,,,,,,,,,,55,,,,,,318,,15,79,120,,,,10,,,,,116,,,,,,,,,,,,,,,,,,186,105,-1,132,21,,22,-2,,217,92,,395,297,345,397,138,,148,352,27,,1185,,,,,,,,,,,,,,,,,,,,,,,,,,,,,,,,,,,,,,,,,,,,,,,,,,,,,,,,64,,5,14,0,,,155,281,68,,,321,,,68,,,18,,,0,,21,243,160,188,,60,134,780,,,37,,290,5,57,534,,1307,114,180,8,,,,,,,,,,,,,,,,,,,,,,349,60,92,,631,,166,193,,,341,,,103,91,,,,,,7,,,212,,51,24,20,,207,84,148,13,47,0,254,20,2,23,1,,135,22,91,,61,62,124,67,144,,149,1,156,,204,2,,,,,,,,,,,,,,,,,,,,,,,,,,,,,,,,,,130,75,65,,,93,58,409,,69,,,208,,128,,,,63,425,256,,,,,,,328,,,67,,113,104,,,,
2026-08-01T11:00:01+00:00,66,233,,,378,,,,71,267,,110,,119,,,310,,,,,64,459,340,31,,,4,,,20,480,,,21,126,,52,,,86,121,,87,,,,,1104,,,,320,,,,,23,,,,,,,,76,36,,,,,,,,,,20,216,284,,65,,,112,,,,,,,,,,,,,,,,,,,,,,,,,,,,,,,,,,,109,31,451,89,132,455,,85,253,,,,,,14,,,,,531,,,,,32,,,,,,,,5,,,251,,566,,29,,50,,,,,,,,,,,,,,,,,,,,,,,,,,,,,18,16,,22,,,,,,,,,,80,,,,,,,,,,,,128,,,,,,8,,,,,,,,,52,,,,,,315,,12,78,118,,,,11,,,,,,,,,,,,,,,,,,,,,153,,185,104,1,123,23,,21,-1,,215,94,370,385,298,344,396,,,,350,25,,1175,,,,247,,48,,,,,,,,23,,,125,38,20,7,,,,412,,,,,,,,111,,,,,,,,,,,,11,,,,,,,,,,,,54,77,3,13,1,146,,,266,73,,,,136,,69,,,,89,168,1,,,244,158,,,65,131,775,12,119,36,,287,7,56,509,,1308,,178,6,,,,,,,,,,,,,,,,,,,,,,347,,89,,633,,164,190,,,340,,,100,90,,,,,,2,,,210,,47,25,17,,201,72,146,14,42,,252,12,1,,,,,,,,,,,,,,,,,,,,,,,,,,,,,,,,,,,,,,,,,,,,,,,,,,,,,126,72,57,,,91,59,400,,,,,,,122,,,,,,252,,,,,,,325,,,61,,110,,,,,
2026-08-01T11:05:02+00:00,65,232,,,377,,,,65,266,,111,209,120,,,306,,,,,62,458,337,35,,,2,,,17,472,,,22,,,56,,,84,122,,85,,,,,,,,,319,2,,,,,,,,177,,,,,30,18,,,,,,116,,,,213,,,,,,,,,,,20,6,312,210,,,32,,,8,,,30,117,132,70,3,,763,50,,274,112,120,158,,,,,36,,,,,,,,,,,,,,,20,,,,,530,,,,,26,128,,,,,,,,,,,,,,,,,,,,,,,,,,,,,,,,393,1120,308,125,319,120,173,245,225,321,25,,,21,16,5,20,,,,,,,,,,79,,,,,,,94,,,,,127,,,,,,9,,,,,,,,,60,,,,,,312,,10,76,117,,,,13,,,,,117,,,,,,,,,,,,,,,,152,2,182,101,0,124,17,,18,-6,,218,90,371,392,299,346,,,,150,348,27,,1160,,,,249,,47,,,,,,,,22,,,118,,23,,,,,414,,,,,,,,108,,,,,,,,,,,,10,,,,,,,,,,,,50,76,,11,3,,,154,260,67,36,,318,138,,67,,,17,,166,0,,20,243,159,192,,68,,773,13,117,,,286,8,54,483,9,1312,107,175,1,,,,,,,,,,,,,,,,,,,,,,334,,92,,639,,159,187,,248,338,,,103,89,,,,,,,,,207,91,49,22,6,,203,55,,16,41,1,250,,6,,,,,,,,,,,,,,,,,,,,,,,,,,,,,,,,,,,,,,,,,,,,,,,,,,,,,130,,55,,1,,58,394,-209,71,,,204,,117,,10,,,426,254,,,,,,,326,119,,55,,,,,,-370,
2026-08-01T11:10:02+00:00,63,,,,369,,,,60,265,,109,,114,,,,,,,,63,457,335,30,22,,,,,,456,,,21,130,,55,,,,121,,86,,,,,1105,,,,316,,,,,,,,,176,,,,74,19,,,,,,,104,,,,,279,58,64,86,159,109,,,,433,14,2,308,209,200,297,31,,221,2,298,,29,116,127,64,2,,,48,298,272,,119,,505,,,491,,107,,435,84,124,448,35,82,243,,,,,,,,,,,,,,,,,,,,,,,,,,,244,,,,30,,41,,520,,,,,,,,,,,,,,,,,,,,,,,,,,,12,16,4,16,,,,,,,,,,78,,,,,,,,,,43,,,,,,,,8,,,,,,,,,61,,,,,,,,13,71,116,,,,12,,,,,116,,,,,,,,,,,,,,,,151,0,186,,2,125,19,,12,-11,,210,87,373,391,300,,397,,,151,350,29,,1148,,,,246,,46,,,,,,,,,,,117,,20,6,,,,412,,,,,,,,102,,,,,,,,,,,,11,,,,,,,,,,,,42,75,2,13,1,,63,152,259,71,,,320,140,,69,,,,90,164,,1,21,,,195,,69,,775,10,116,35,,,,,473,6,1313,105,176,3,,,,,,,,,,,,,,,,,,,,,,,,,,,,,,,,,,,101,,,,,,,,,,,,,,,,,,139,13,40,,,8,,20,8,216,133,17,80,,60,60,113,43,138,,143,0,142,,,0,,,,,,,,,,,,,,,,,,,,,,,,,,,,,,,,,601,,68,35,,,87,,396,,77,,,199,,116,,9,,62,,,,,,,,,318,,,48,,109,,,,,
2026-08-01T11:15:02+00:00,60,228,,,375,,,,58,261,,105,,,,,303,,,,,65,455,337,21,23,,0,,,15,444,,,19,122,,49,,,82,122,,,,,,,1103,,,,,,,,,21,,,,,,,,72,12,17,,,86,,,107,,,,211,,,,,,,,,,432,4,,300,203,198,282,25,301,,1,296,,28,,109,54,3,167,762,46,,267,,116,137,,,,489,30,,,,,,,,,,,,,,,21,,,,,,,,,,29,126,,,,,,,,,,,,,,,,,,,,,,,,,,,,,,,,394,1118,,124,,117,171,,226,329,32,,,21,16,,,,,,,,,,,,75,,,,,,,,,,45,,126,,,,,,,,,,,,,,,54,,,,,,311,,14,70,,,,,17,,,,,115,,,,,,,,,,,,,,,,146,,189,100,1,,23,,22,-6,3,,85,374,396,301,349,391,,,156,347,,,1139,,,,240,,43,,,,,,,,21,,,,37,21,,,,,411,,,,,,,,99,,,,,,,,,,,,12,,,,,,,,,,,,37,,,11,2,,62,,256,,,,321,138,,70,,,16,,163,,,20,,,189,,,,776,11,115,,,,,,,,,,,,,,,,,,,,,,,,,,,,,,,,,330,,,,638,,156,181,,,,,,99,90,,,,,,,,,209,89,53,18,,,,43,133,11,34,,247,,7,,,,,,,,,,,,,,,,,,,,,,,,,,,,,,,,,,,,,,,,,,,,,,,,,,,,,129,63,21,,,82,59,390,,80,264,,192,,113,,8,,,,,,,,,,,312,,,34,,108,103,,,,
2026-08-01T11:20:02+00:00,58,230,,129,369,,,,62,258,,107,,110,,,304,,,,,67,458,338,22,24,,,,,,446,,,21,124,,45,,,81,120,,85,,29,,,1102,,,,318,0,,,,22,,,,173,,,,71,8,11,,,,,,,,,19,,276,62,69,72,156,107,,,,,,,298,200,196,273,23,300,,3,295,2,,,96,49,,166,763,45,264,265,,117,135,508,,,,27,108,17,417,81,120,452,36,81,230,,,,,,,,,,,,,,,,,,,,,,,,,,,241,,564,,23,,43,,516,,,,,,,,,,,,,,,,,,,,,,,,,1,,25,16,,18,,,,,,,,225,,73,,,,,,,92,,,44,,127,,,,,,10,,,,,,,,,50,,,,,,303,,16,67,115,,,,14,,,,,,,,,,,,,,,,,,,,,143,,,99,0,129,20,,28,,2,206,82,373,400,,350,393,,,153,343,23,,1123,,,,,,,,,,,,,,,,,,,,,,,,,,,,,,,,,,,,,,,,,,,,,,,,,,,,,,,,36,,4,8,,,61,153,247,,,39,318,137,,66,,,,,,1,,17,242,,190,,,130,775,,,33,,284,21,53,465,5,1306,102,,5,,,,,,,,,,,,,,,,,,,,,,322,61,87,,,,157,178,,247,,,,101,91,,,,,,4,,,206,,49,17,,6,197,33,135,5,35,0,255,6,5,,,,,,,,,,,,,,,,,,,,,,,,,,,,,,,,,,,,,,,,,,,,,,,,,,,,,,62,6,,-384,74,,383,,83,,,187,,,,7,,57,425,252,,,,,,,307,,,22,,107,100,,,,
2026-08-01T11:25:02+00:00,61,225,,,367,,,2,61,254,,,,109,,,303,,,,,68,459,337,21,23,,,,,17,438,,,19,120,,42,,,78,122,,81,,,,,1104,,,,,,,,,24,,,,172,,,,,6,8,,60,85,,,106,,,17,213,,,,,,,,,,,,,,,,,,,,,,,,,,,,,,,,,,,,,,,,,,,,,,,,,,,,,,,26,,,,,,,,,,26,119,,,,,,,,,,,,,,,,,,,,,,,,,,,,,,,,391,1117,306,,322,119,169,246,235,330,41,0,,31,16,,,,,,,,,,226,,,,,,,,,,,,45,,,,,,,,12,,,,,,,,25,53,,,,,,302,,18,65,113,,,,12,,,,,,,,,,,,,,,,,,,,,,3,187,97,,127,17,,29,-4,,208,81,370,393,303,353,392,,,160,339,21,,1107,,,,224,,42,,,,,,,,19,,,120,,,5,,,,413,,,,,,,,93,,,,,,,,,,,,10,,,,,,,,,,,,37,76,,10,0,,,148,,75,,38,321,135,,67,,,,89,162,,0,,244,160,188,,70,131,,12,114,34,,280,14,,455,9,1308,,177,6,,,,,,,,,,,,,,,,,,,,,,317,,86,,634,,153,177,,248,334,,,100,90,,,,,,3,,,205,,53,15,,,195,20,138,0,33,,262,,4,,,,,,,,,,,,,,,,,,,,,,,,,,,,,,,,,,,,,,,,,,,,,,,,,,,,,,60,1,,2,70,,378,,,,,186,,109,,,,54,421,,,,,,,,302,,,14,,,99,,,-370,
2026-08-01T11:30:01+00:00,60,227,,,358,,,1,62,249,,103,,103,,,298,,,,,69,461,338,26,22,,,,,13,,,,20,116,,,,,79,123,,80,,,,,1106,,,,,,,,,23,,,,171,,,,70,2,,,59,,,,105,,,16,211,,70,77,,155,,,,,431,,,296,198,197,264,,299,222,,292,1,,,89,32,,,,43,,,,,130,510,,,,29,107,18,411,78,101,445,39,77,222,,,,,,,,,,,,,,,,,,,,,,,,,,,240,,570,,22,,41,,517,,,,,,,,,,,,,,,,,,,,,,,,,,,30,16,,19,,,,,,,,227,,72,,,,,,,91,,,,,126,,,,,,9,,,,,,,,,55,,,,,,299,,19,,,,,,14,,,,,116,,,,,49,,,,,,,,,,,140,6,188,,-1,130,19,,31,-6,,203,90,,391,305,354,390,,,158,338,23,,1077,,,,221,,,,,,,,,,17,,,122,42,,7,,,,414,,,,,,,,88,,,,,,,,,,,,,,,,,,,,,,,,,,5,11,1,,59,147,238,78,,,322,140,,69,,,,,161,0,,,247,,186,,69,132,777,,115,,,,,,,,,,,,,,,,,,,,,,,,,,,,,,,,,313,,,,632,,152,173,,249,335,,,,96,,,,,,4,,,203,87,49,,,,,,133,1,31,3,266,,3,19,4,217,130,13,73,,57,51,102,37,131,,125,,131,,207,,,,,,,,,,,,,,,,,,,,,,,,,,,,,,,,,,,130,50,2,,,64,,371,-209,,,,,,107,,,,53,416,,,,,,,,298,,,-560,,103,97,,,,
2026-08-01T11:35:02+00:00,59,225,,,362,,,,67,245,,107,,104,,,293,,,,,70,462,336,24,,,,,,11,429,,,19,112,,47,,,78,,,79,,28,,,1104,,,,320,,,,,,,,,,,,,,0,,,60,,,,103,,,18,210,,,,,,,,,,429,,,278,197,194,241,22,298,,,288,,25,115,74,21,1,165,765,44,226,260,,114,129,515,,,,19,,,,,,,,,,,,,,,20,,,,,,,,,,25,114,,,,,,,,,,,,,,,,,,,,,,,,,,,,,,,,392,,302,122,,121,,245,234,343,50,,,33,16,,22,,,,,,,,,,68,,,,,,,,,,,,,,,,,,8,,,,,,,,23,49,,,,,,297,,17,64,,,,,19,,,,,114,,,,,50,,,,,55,,,,,,129,1,192,96,3,129,23,,36,,3,,92,368,378,307,357,389,,,157,342,,,1061,,,,219,,41,,,,,,,,16,,,,41,,6,,,,,,,,,,,,84,,,,,,,,,,,,,,,,,,,,,,,,46,74,6,8,,,,144,230,77,,39,318,133,43,66,,,,91,157,,,19,251,,188,,66,,776,14,,31,,,17,,432,13,1311,97,178,13,,,,,,,,,,,,,,,,,,,,,,301,60,88,,629,,156,168,,250,332,,,99,95,,,,,,7,,,201,85,51,13,,,191,40,129,10,33,10,255,4,5,,,,,,,,,,,,,,,,,,,,,,,,,,,,,,,,,,,,,,,,,,,,,,,,,,,,,131,69,-535,,-384,59,64,365,,,,,177,,105,,,,55,414,254,,,,,,,293,,,,,102,96,,,,
2026-08-01T11:40:02+00:00,57,224,,,374,,,2,57,243,,109,,102,,,286,,,,,,461,333,27,,,,,,13,413,,,18,107,,38,,,75,124,,78,,29,,,1100,,,,319,,,,,25,,,,170,,,,,,9,,,,,,108,,,,213,282,63,78,74,160,108,,,,,1,,275,193,190,239,16,297,,1,287,,,113,63,16,,,,,,258,,113,124,513,,,,17,109,6,394,76,,439,37,73,218,,,,,,17,,,,,,,,,,13,115,,,,,,,5,,,239,,575,,32,,45,,519,,,,,,,,,,,,,,,,,,,,,,,,,,,18,16,,30,,,,,,,,,,,,,,,,,,,,47,,128,,,,,,10,,,,,,,,22,,,,,,,308,,,65,114,,,,15,,,,,115,,,,,,,,,,,,,,,,,4,196,,2,131,18,,42,,,206,94,371,381,308,353,391,137,,,341,,,1028,,,,223,,39,,,,,,,,14,,,,43,20,5,,,,,,,,,,,,76,,,,,,,,,,,,11,,,,,,,,,,,,45,,,,0,,60,,227,79,,38,319,,,63,,,,,,,,18,253,,183,,68,,777,15,114,29,,,,,,,,,,,,,,,,,,,,,,,,,,,,,,,,295,58,,,624,,158,,,,,,,97,96,,,,,,9,,,198,84,44,12,,,186,33,135,12,26,2,253,1,8,,,,,,,,,,,,,,,,,,,,,,,,,,,,,,,,,,,,,,,,,,,,,,,,,,,,600,132,62,,,1,51,63,364,,,,,172,,102,,,,51,410,252,,,,,,,298,,,,,94,95,,,-370,
2026-08-01T11:45:01+00:00,55,220,,,379,,,6,55,241,,103,,105,,,277,,,,,72,454,336,25,21,,,,,,422,,,,103,,41,,,71,,,75,,,,,1102,,,,,,,,,23,,,,168,,,,68,,7,,,86,,,110,,,,,,,,,,,,,,428,,1,271,191,191,233,18,296,,,,,24,112,60,13,,,,45,201,254,,110,112,509,,,491,15,,,,,,,,,,,,,,,,,,,,,,,,,,,,,,,,,,,,,,,,,,,,,,,,,,,,,,,,,,,,309,123,,123,170,246,235,351,56,,,15,16,5,24,,,,,,,,,,,,,,,,,,,,48,,,,,,,,,,,,,,,,,53,,,,,,305,,,64,113,,,,11,,,,,116,,,,,48,,,,,56,,,,,,117,10,197,94,1,129,19,,44,-5,,,95,367,383,309,,392,,,156,338,21,,1003,,,,211,,,,,,,,,,15,,,123,42,,,,,,416,,,,,,,,,,,,,,,,,,,,10,,,,,,,,,,,,46,75,,5,,,62,145,224,77,,,322,136,,65,,,,,,,1,,254,156,185,,70,,780,,115,30,,,22,56,427,10,1306,,,14,,,,,,,,,,,,,,,,,,,,,,,,,,,,,,,,,,,,,,,,,,,,,,,,,,,,,134,15,27,0,249,2,4,16,0,215,123,6,65,,,40,91,20,125,,126,2,118,,205,,,,,,,,,,,,,,,,,,,,,,,,,,,,,,,,,,,133,59,,,-384,35,61,360,,97,,,166,,103,,,,52,409,,,,,,,,295,119,,,,91,94,,,,
2026-08-01T11:50:01+00:00,51,,,,374,,,3,49,240,,104,,104,,,263,,,,,,452,337,22,23,,,,,11,425,,,20,,,37,,,72,123,,74,,30,,,1103,,,,318,,,,,,,,,165,,,,,,5,,,87,,,109,,,17,210,285,60,73,76,158,103,,,,,,,,,,,,,,,,,,,,,,,,,,,,,,,,,,,111,1,385,78,85,433,36,,212,,,,,,16,,,,,,,,,,7,119,,,,,,,3,,,244,,574,,36,,46,,520,,,,,,,,,,,,,,,,,,,,,,,,,,,12,16,4,30,,,,,,,,,,,,,,,,,90,,,,,,,,,,,11,,,,,,,,,41,,,,,,,,16,65,110,,,,12,,,,,113,,,,,47,,,,,,,,,,,115,15,198,93,,130,,,54,-8,,203,94,366,385,310,355,397,,,159,337,,,978,,,,210,,40,,,,,,,,16,,,127,,19,4,,,,,,,,,,,,75,,,,,,,,,,,,11,,,,,,,,,,,,50,77,,8,,,61,144,228,89,,,,137,,68,,,,,156,,0,17,259,154,186,,,,784,14,114,32,,278,21,,433,5,1309,,,16,,,,,,,,,,,,,,,,,,,,,,288,,85,,625,,149,169,,248,333,,,,93,,,,,,,,,200,80,53,,,,184,20,130,12,25,,252,6,6,,,,,,,,,,,,,,,,,,,,,,,,,,,,,,,,,,,,,,,,,,,,,,,,,,,,,134,54,,,2,34,,361,-209,,,,162,,105,,,,53,408,250,,,,,,,292,,,,,87,96,,,,
2026-08-01T11:55:01+00:00,48,221,,130,361,,,2,46,,,102,,99,,,260,,,,,74,,,25,,,5,,,10,,29,,18,97,,39,,,71,,,72,,29,,,1100,,,,,,,,,22,,,,,,,,,,3,,,88,,,110,,,15,209,,,,,,,,,,431,1,,264,188,188,232,19,,,,,,23,,46,9,11,,764,46,,251,,111,113,506,,,,10,,,,,,,,,,,,,,,,,,,,,,,,,,,,,,,,,,,,,,,,,,,,,,,,,,,,,,,,,301,393,1120,,121,319,124,,,238,341,62,,,0,16,,24,,,,,,,,228,,61,,,,,,,89,,,,,129,,,,,,12,,,,,,,,21,49,,,,,,312,,14,69,108,,,,8,,,,,112,,,,,,,,,,57,,,,,,114,1,202,94,-1,,20,,57,-6,4,205,99,365,383,311,357,393,,,,338,,,962,,,,209,,41,,,,,,,,17,,,126,44,22,3,,,,417,,,,,,,,71,,,,,,,,,,,,,,,,,,,,,,,,51,78,7,,1,,,,223,85,,,,140,,65,,,,92,157,,,,263,155,182,,69,131,786,12,,33,,274,32,55,415,2,1310,100,,26,,,,,,,,,,,,,,,,,,,,,,297,59,,,620,,146,,363,247,332,,,99,92,,,,,,,,,,79,61,,,,182,9,,8,22,1,255,7,,,,,,,,,,,,,,,,,,,,,,,,,,,,,,,,,,,,,,,,,,,,,,,,,,,,,597,,48,,,-384,,60,,,104,258,,161,,102,,-100,,52,407,249,,,,,,,290,120,,,,82,,,,,
2026-08-01T12:00:01+00:00,47,222,,,357,,,1,49,239,,100,,102,,,248,,,,,75,450,336,15,26,,9,,,5,429,,,,,,41,,,70,121,,71,,28,,,1098,,,,,,,,,,,,,,,,,,,2,,,,,,,,,,207,268,54,76,81,153,94,,,,430,,,259,177,189,229,18,297,,1,286,,,107,28,3,1,166,765,,172,247,,107,110,496,,4,499,9,,,,,,,,,,,,,,,15,,,,,529,,,,,0,115,,,,,,,13,,,246,,573,,50,,50,,523,,,,,,,,,,,,,,,,,,,,,,,,,,,,16,5,20,,,,,,,,,,60,,,,,,,90,,,46,,130,,,,,,9,,,,,,,,,51,,,,,,319,,17,68,,,,,10,,,,,111,,,,,,,,,,,,,,,,113,3,197,92,0,,21,,62,-3,,206,102,364,394,,356,,,,157,339,19,,948,,,,210,,42,,,,,,,,18,,,123,45,21,5,,,,,,,,,,,,,,,,,,,,,,,,13,,,,,,,,,,,,54,77,6,11,0,,60,141,212,,37,39,321,141,,64,,,,91,158,,,16,273,154,181,,67,,801,,,32,,,,,,,,,,,,,,,,,,,,,,,,,,,,,,,,294,60,88,,623,,140,167,346,246,,,,100,93,,,,,,10,,,199,80,70,14,,,,18,127,18,27,0,259,8,,17,1,216,118,0,66,,52,34,80,2,120,,110,,94,,192,,,,,,,,,,,,,,,,,,,,,,,,,,,,,,,,,,,132,47,,,2,32,,353,,111,,,,,,,,,,404,247,,,,,,,284,,,,,75,95,,,,
2026-08-01T12:05:02+00:00,42,224,,,,,,,47,243,,103,,100,,,241,,,,,78,449,334,17,22,,7,,,2,437,,,16,92,,37,,,73,120,,72,,29,,,1101,,,,315,,,,,,,,,,,,,,,,,61,,,,108,,,18,209,,,,,,,,,,,,,253,176,,219,,,221,,287,,,106,21,,,167,764,47,,243,114,105,105,494,,,498,6,,,,,,,,,,,,,,,,,,,,,,,,,,,,,,,,,,,,,,,,,,,,,,,,,,,,,,,,,,391,1116,312,117,318,128,,,235,344,65,,,3,16,4,19,,,,,,,,,,59,,,,,,,91,,,48,,131,,,,,,10,,,,,,,,20,48,,,,,,321,,,69,107,,,,11,,,,,110,,,,,,,,,,,,,,,,112,,199,87,1,127,22,,64,-4,2,205,101,367,400,312,352,388,,,,345,22,,930,,,,211,,40,,,,,,,,,,,121,44,19,7,,,,418,,,,,,,,69,,,,,,,,,,,,,,,,,,,,,,,,50,76,5,13,,,,142,206,80,,,324,140,42,70,,,,,157,1,,14,,151,,,65,,804,,115,33,,271,42,57,379,0,1304,104,177,35,,,,,,,,,,,,,,,,,,,,,,290,59,,,621,,138,165,313,243,335,,,94,92,,,,,,12,,,196,79,80,,,24,184,21,122,21,18,,263,5,9,,,,,,,,,,,,,,,,,,,,,,,,,,,,,,,,,,,,,,,,,,,,,,,,,,,,,131,45,,,-384,22,,350,,,,,156,,,,,,49,403,245,,,,,,,285,,,,,77,,,,-370,
2026-08-01T12:10:02+00:00,34,229,,,350,,,,49,241,,100,,98,,,235,,,,,79,454,333,20,23,,,,,5,447,,,,93,,32,,,72,122,,70,,,,,1105,,,,314,,,,,20,,,,164,,,,,,3,,,,,,110,,,,205,270,49,80,82,154,93,,196,,,,,238,178,187,213,19,,,1,,,,105,14,2,,,763,46,,245,,,104,488,,,,5,111,,355,66,75,417,34,78,215,,,,,,,,,,,530,,,,,,106,,,,,,,16,,,245,,566,,72,,,,522,,,,,,,,,,,,,,,,,,,,,,,,,,,8,17,,22,,,,,,,,,,58,,,,,,,90,,,47,,,,,,,,,,,,,,,,,51,,,,,,314,,18,74,104,,,,7,,,,,,,,,,,,,,,59,,,,,,115,7,,,,129,25,,70,-5,3,206,106,365,396,314,348,384,136,,159,347,,,925,,,,,,,,,,,,,,,,,,,,,,,,,,,,,,,,,,,,,,,,,,,,,,,,,,,,,,,,53,74,4,16,,,,144,200,86,,,325,143,,74,,,,92,156,0,,,277,147,179,,67,,817,,114,34,,272,44,56,371,5,,105,175,,,,,,,,,,,,,,,,,,,,,,,289,58,91,,617,,137,167,306,241,334,,,96,,,,,,,15,,,,,78,12,,29,,29,118,3,25,1,,,6,,,,,,,,,,,,,,,,,,,,,,,,,,,,,,,,,,,,,,,,,,,,,,,,,,,,,,43,,,,17,61,351,,,,,149,,,,,,51,396,244,,,,,,,275,,,,,68,96,,,,
2026-08-01T12:15:01+00:00,,230,,,344,,,,55,243,,96,210,,,,230,,,,,,,331,25,22,,4,,,8,460,,,20,91,,28,,,70,120,,,,,,,1103,,,,312,,,,,21,,,,,,,,67,,4,,60,87,,,109,,,20,,,,,,,,,,,,,,,,,,,,,,,,,,,,,,,,,,,,,,,,,,,,,,,,,,,,,,,,,,,,,,,,,,,,,,,,,,20,,,244,,568,,83,,49,,525,,,,,,,,,,,,,,389,1120,304,116,317,135,169,,241,353,70,,,6,17,,26,,,,,,,,,,57,,,,,,,89,,,,,130,,,,,,14,,,,,,,,19,48,,,,,,313,,,72,,,,,6,,,,,109,,,,,,,,,,63,,,,,,118,9,197,85,0,127,19,,79,-4,2,,101,371,395,315,346,386,135,,158,345,26,,923,,,,215,,39,,,,,,,,17,,,123,43,20,5,,,,417,,,,,,,,71,,,,,,,,,,,,11,,,,,,,,,,,,47,78,6,18,1,,61,,194,87,,,326,144,,76,,,,,,1,1,,278,140,175,,64,132,821,14,,33,,,,,,,,,,,,,,,,,,,,,,,,,,,,,,,,,,,,,,,,,,,,,,,,,,,,,,,,,,,,,,,114,6,19,4,264,4,5,16,0,212,109,,57,,44,16,77,,109,,109,3,82,,189,,,,,,,,,,,,,,,,,,,,,,,,,,,,,,,,,,596,,41,,,5,,60,349,,,,,145,,,,,,54,393,,,,,,,,274,,,,,66,95,,,,
2026-08-01T12:20:02+00:00,,232,,,,,,6,51,,,,211,,,,229,,,,,,453,336,,23,,3,,,7,464,,,22,89,,23,,,73,,,68,,,,,1104,,,,,,,,,22,,,,162,,,,,,5,,,,,,107,,,16,,,50,93,74,149,88,,,,340,,2,237,174,186,210,24,296,,,288,,24,,,1,1,165,762,45,164,242,,103,102,481,,,494,,110,1,341,60,77,409,37,75,210,,,,,,23,,,,,,,,,,2,102,,,,,,,,,,,,,,,,,,,,,,,,,,,,,,,,,,,,,,,,,,,,,3,17,,33,,,,,,,,,,55,,,,,,,,,,,,,,,,,,,,,,,,,,18,50,,,,,,308,,17,73,106,,,,8,,,,,108,,,,,48,,,,,62,,,,,,120,15,195,83,,126,18,,83,-6,,208,,368,385,317,,392,,,155,343,28,,910,,,,219,,40,,,,,,,,15,,,125,46,,7,,,,410,,,,,,,,74,,,,,,,,,,,,12,,,,,,,,,,,,40,76,7,25,,,62,133,181,88,,,,,40,75,,,,,,,0,,,136,174,,61,131,822,13,115,,,271,37,,365,8,1300,103,,38,,,,,,,,,,,,,,,,,,,,,,282,56,93,,616,,142,166,275,,333,,,100,,,,,,,14,,,197,,85,14,,24,188,33,111,4,20,8,263,6,8,,,,,,,,,,,,,,,,,,,,,,,,,,,,,,,,,,,,,,,,,,,,,,,,,,,,595,130,38,,,1,4,,348,-209,129,256,,139,,101,,-100,,51,395,241,,,,,,,273,121,,,,63,91,,,,
2026-08-01T12:25:01+00:00,,231,,133,343,,,5,53,244,,89,,100,,,226,,,,,82,,334,,24,,5,,,9,467,,,25,,,22,,,74,,,67,,,,,1105,,,,310,,,,,21,,,,,,,,,,2,,,,,,111,,,,207,,49,,81,150,86,,,,,,10,230,173,187,207,,,220,,285,,23,,,,,,759,44,178,232,,98,104,480,,,493,,111,,332,59,70,406,36,71,207,,,,,,33,,,,,,,,,,0,100,,,,,,,21,,,245,,569,,78,,43,,526,,,,,,,,,,,,,,390,1113,297,,314,140,167,,233,362,75,,,0,17,,24,,,,,,,,,,52,,,,,,,90,,,49,,,,,,,,16,,,,,,,,,52,,,,,,305,,15,76,107,,,,,,,,,109,,,,,50,,,,,,,,,,,121,20,188,80,,128,20,,87,0,1,215,105,367,386,,344,393,,,154,,29,,899,,,,,,,,,,,,,,,,,,,,,,,,,,,,,,,,,,,,,,,,,,,,,,,,,,,,,,,,39,73,6,35,0,,,131,186,87,,38,321,147,,78,,,,,,0,1,15,,137,170,,55,130,830,9,117,,,270,42,,360,9,1299,106,,45,,,,,,,,,,,,,,,,,,,,,,,,,,,,,,,,,,,101,90,,,,,,12,,,198,78,,15,,18,191,,110,14,10,10,270,12,,,,,,,,,,,,,,,,,,,,,,,,,,,,,,,,,,,,,,,,,,,,,,,,,,,,,,132,39,,,,-322,62,,,135,259,,135,,100,,,,,396,236,,,,,,,269,,,,,61,90,,,,
2026-08-01T12:30:01+00:00,35,229,,,338,,,,56,243,,87,,97,,,224,,,,,83,454,,30,27,,7,,,6,472,,,,80,,17,,,,,,68,,,,,1110,,,,,,,,,23,,,,163,,,,65,,4,,,,,,104,,,,211,,,,,,,,,,,,15,219,164,186,199,22,297,,,286,,21,106,,,1,,,42,,228,,96,105,476,,,489,,,,,,,,,,,,,,,,,,,,,,,,,,,,,,,,,,,,,,,,,,,,,,,,,,,,,,,,,,,,,,,,,,,,,,,,,17,,22,,,,,,,,,,53,,,,,,,91,,,,,,,,,,,19,,,,,,,,17,51,,,,,,299,,14,81,105,,,,,,,,,110,,,,,51,,,,,,,,,,,122,21,187,79,,126,18,,89,-2,,217,114,366,,318,349,387,134,,159,342,30,,891,,,,222,,41,,,,,,,,,,,124,44,22,6,,,,408,,,,,,,,64,,,,,,,,,,,,11,,,,,,,,,,,,42,,7,36,,,,136,179,96,,,322,,,80,,,,,155,,0,,,130,166,,51,,835,10,115,34,,,26,,361,13,1296,,176,49,,,,,,,,,,,,,,,,,,,,,,283,57,98,,617,,144,160,265,245,334,,,97,94,,,,,,11,,,196,79,90,14,,23,190,38,107,20,14,11,269,13,10,15,1,210,101,,56,,24,10,88,1,103,,89,2,70,,187,,,,,,,,,,,,,,,,,,,,,,,,,,,,,,,,,,,,36,,,-384,1,61,344,,142,257,,129,,97,,,,49,,237,,,,,,,271,,,,,56,91,,,,
2026-08-01T12:35:02+00:00,39,226,,,341,,,3,62,237,,86,,95,,,222,,,,,86,455,330,35,24,,8,,,3,476,28,,27,79,,12,,,78,,,69,,,,,,,,,,,,,,,,,,162,,,,64,,2,,,,,,,,,,212,262,48,100,75,154,96,,195,,,,,,,,,,,,,,,,,,,,,,,,,,,,,,,,,112,,319,56,62,393,32,61,205,,,,,,25,,,,,529,,,,,,95,,,,,,,17,,,246,,,,101,,42,,529,,,,,,,,,,,,,,392,1114,350,113,313,142,165,,234,,121,2,,10,17,,24,,,,,,,,,,48,,,,,,,,,,,,131,,,,,,18,,,,,,,,,57,,,,,,301,,13,80,,,,,7,,,,,111,,,,,,,,,,64,,,,,,123,,,80,-4,128,23,,98,,,,121,367,388,,,383,,,,340,31,,887,,,,226,,38,,,,,,,,19,,,125,43,20,7,,,,,,,,,,,,63,,,,,,,,,,,,,,,,,,,,,,,,,72,9,35,,,63,135,178,101,,,320,146,,83,,,,,157,,1,16,,126,162,,48,,837,9,113,,,268,24,57,364,12,1294,104,177,54,,,,,,,,,,,,,,,,,,,,,,268,,,,614,,143,159,242,,,,,101,91,,,,,,,,,199,80,106,15,,31,197,42,109,26,,13,265,15,7,,,,,,,,,,,,,,,,,,,,,,,,,,,,,,,,,,,,,,,,,,,,,,,,,,,,597,134,,,,1,-322,63,339,,137,,,121,,95,,,,50,395,236,,,,,,,267,,,,,51,89,,,-370,
2026-08-01T12:40:02+00:00,41,224,,,338,,,5,68,235,,90,,93,,,220,,,,,87,453,329,36,23,,6,,,0,473,,,28,71,,6,,,80,121,,,,,,,,,,,306,,,,,,,,,,,,,63,,0,,,,,,,,,,210,,,,,,,,,,,,14,214,157,184,191,23,,,,284,,20,,5,,2,,,38,,231,,92,104,,,,484,,,,,,,,,,,,,,,,,,,,,,,,,,,,,,,,,,,,,,,,,,,,,,,,,,,,,,,,,,,,,,,,,,,,,,0,,18,17,,19,,,,,,,,,,49,,,,,,,,,,47,,130,,,,,,22,,,,,,,,,49,,,,,,,,11,81,106,,,,10,,,,,,,,,,,,,,,,,,,,,,19,190,,0,129,,,102,-1,,222,122,368,390,,350,377,,,161,343,,,871,,,,228,,,,,,,,,,20,,,124,,18,,,,,,,,,,,,,70,,,,,,,,,,,,13,,,,,,,,,,,,,74,8,,,,65,133,,105,,,,147,,84,,,,,156,1,2,14,,125,159,,,,841,10,,35,,263,33,,379,4,1290,107,178,53,,,,,,,,,,,,,,,,,,,,,,267,,96,,615,,,158,226,243,336,,,105,87,,,,,,13,,,198,81,109,19,,35,199,43,118,31,18,11,263,13,8,,,,,,,,,,,,,,,,,,,,,,,,,,,,,,,,,,,,,,,,,,,,,,,,,,,,,133,33,,,-384,,62,338,,134,,,117,,92,,,,47,392,237,,,,,,,273,,,,,45,,,,,
2026-08-01T12:45:01+00:00,,225,,,330,,,6,59,234,,,,90,,,,,,,,,455,326,28,,,5,,,,471,,,30,65,,7,,36,,,,70,,,,,1109,,,,,,,,,24,,,,,,,,61,,,,61,86,,,93,,,,209,264,39,98,70,155,,,,,341,,26,201,145,181,188,25,,219,,285,,,108,,,,,,40,162,222,,93,100,457,,,482,,,9,301,,60,396,,60,208,,,,,,21,,,,,526,,,,,2,92,,,,,,,13,,,242,,564,,104,,41,,528,,,,,,,,,,,,,,396,1112,343,112,310,145,163,,237,366,124,,,26,17,5,22,,,,,,,,,,47,,,,,,,89,,,48,,,,,,,,,,,,,,,,,44,,,,,,296,,8,,107,,,,6,,,,,109,,,,,50,,,,,,,,,,,121,13,192,81,3,128,21,,107,,2,229,111,,385,,352,376,,,162,348,29,,865,,,,232,,35,,,,,,,,,,,127,42,20,4,,,,412,,,,,,,,74,,,,,,,,,,,,12,,,,,,,,,,,,46,72,11,,,,64,135,181,102,,37,,151,,91,,,,,155,2,0,,,121,,,47,129,845,8,114,,,,,,,,,,,,,,,,,,,,,,,,,,,,,,,,,,,,,,,,,,,,,,,,,,,,,,,,,,,,,,,,122,47,21,5,257,11,12,,,,,,,,,,,,,,,,,,,,,,,,,,,,,,,,,,,,,,,,,,,,,,,,,,,,596,131,28,,,,3,61,336,,133,256,,111,,,,,,45,396,235,,,,,,,266,,,,,42,87,,,,
2026-08-01T12:50:01+00:00,49,224,,,325,,,8,63,232,,94,210,100,,,219,,,,,90,,322,32,24,,,,,,470,,,34,62,,1,,,79,,,71,,,,,,,,,304,,,,,23,13,,,,,,,60,,,,60,85,,,105,,,,205,267,36,97,72,,97,,,,335,,15,189,139,180,180,26,296,217,3,287,1,17,,,1,,166,,37,,215,,,95,453,,,481,1,,,,,,,,,,,,,,,,,,,,,,,,,,,,,,,,,,,,241,,568,,127,,48,,527,,,,,,,,,,,,,,,,,,,,,,,,,,,29,17,,28,,,,,,,,,,48,,,,,,,,,,,,,,,,,,26,,,,,,,,,41,,,,,,305,,6,80,,,,,,,,,,,,,,,49,,,,,68,,,,,,119,15,191,83,5,132,27,,112,2,,238,122,369,,317,351,372,,,166,,30,,858,,,,229,,36,,,,,,,,21,,,126,47,,6,,,,413,,,,,,,,72,,,,,,,,,,,,11,,,,,,,,,,,,48,,,38,3,,66,138,175,108,,,,153,42,89,,,,,154,0,3,,,120,163,,,128,,,113,33,,265,42,59,372,11,1292,110,180,,,,,,,,,,,,,,,,,,,,,,,258,58,94,,614,,146,157,207,,335,,,107,83,,,,,,16,,,199,80,113,20,,39,,45,127,43,,3,,10,,13,,198,94,,53,,29,0,96,3,94,,,7,56,,184,,,,,,,,,,,,,,,,,,,,,,,,,,,,,,,,,,,,22,,,,10,,329,,,,,110,,93,,,,43,394,233,,,,,,,261,,,,,41,86,,,,
2026-08-01T12:55:01+00:00,47,225,,,320,,,11,61,238,,91,,99,,,,,,,,89,453,324,24,,,6,,,,474,27,,36,68,,,,,,120,,70,,28,,,,,,,303,,,,,26,12,,,,,,5,59,,,,59,,,,107,,,,207,,,,,,,,,,,,,,,,,,,,,,,,,,,,,,,,,,,,,,,,,113,1,302,51,57,394,33,68,203,,,,,,13,,,,,529,,,,,1,87,,,,,,,,,,,,,,,,,,,,,,,,,,,,,,,,395,,338,111,312,143,164,245,238,372,122,,,32,17,4,24,,,,,,,,,,50,,,,,,,86,,,,,,,,,,,23,,,,,,,,,32,,,,,,300,,7,81,,,,,,,,,,108,,,,,50,,,,,,,,,,,116,21,183,,7,133,,,109,0,3,242,120,,383,319,350,370,,,163,349,28,,847,,,,232,,33,,,,,,,,20,,,127,46,21,7,,,,417,,,,,,,,70,,,,,,,,,,,,,,,,,,,,,,,,51,70,12,40,0,,65,139,185,110,,36,317,155,43,87,,,,91,,1,1,15,277,119,161,,44,127,846,11,,32,,267,38,,358,13,1290,106,181,46,,,,,,,,,,,,,,,,,,,,,,246,,98,,,,147,,184,244,329,,,104,85,,,,,,15,,,203,,123,,,37,196,54,,50,,1,246,9,17,,,,,,,,,,,,,,,,,,,,,,,,,,,,,,,,,,,,,,,,,,,,,,,,,,,,597,132,14,,,4,4,,319,-209,130,258,,109,,94,,,,38,,235,,,,,,,256,,,,,37,,,,,
2026-08-01T13:00:02+00:00,52,227,,134,326,,,3,63,240,,89,,95,,,216,,,,,90,450,328,31,25,,7,,,,473,,,37,71,,0,,,,121,,69,,27,,,1107,,,,300,,,,,25,13,,,,,,9,53,,,,58,83,,,,,,20,208,271,32,94,,,102,,,,319,,25,176,134,165,175,29,294,,15,,,16,109,,,,165,,38,157,211,,91,94,444,23,,470,,,,,,,,,,,,,,,,9,,,,,528,,,,,0,88,,,,,,,11,,,238,,566,,140,,,,,,,,,,,,,,,,,,,,,,,,,,,,,,,16,17,5,21,,,,,,,,,,48,,,,,,,85,,,,,129,,,,,,22,,,,,,,,,29,,,,,,305,,,82,,,,,7,,,,,,,,,,,,,,,,,,,,,114,18,180,84,11,135,23,,111,3,4,243,128,370,384,321,349,367,,,,346,29,,833,,,,229,,,,,,,,,,19,,,124,47,20,6,,,,418,,,,,,,,,,,,,,,,,,,,,,,,,,,,,,,,52,69,,39,1,,,138,182,116,,,,157,44,90,,,,,,,,14,,116,160,,48,125,848,13,,31,,263,52,,361,9,1288,105,,45,,,,,,,,,,,,,,,,,,,,,,234,,99,,616,,,153,175,243,,,,106,84,,,,,,18,,,,81,124,15,14,39,198,57,128,52,19,0,243,11,18,,,,,,,,,,,,,,,,,,,,,,,,,,,,,,,,,,,,,,,,,,,,,,,,,,,,596,131,17,,,-384,-322,,314,,119,,,113,,93,,,,40,392,234,,,,,,,251,121,,,,32,84,,,,
2026-08-01T13:05:01+00:00,48,230,,,327,,,,67,,,83,,89,,,217,,,,,91,452,331,29,26,,0,,,,471,,,34,72,,1,,,81,,,,,,,,1105,,,,295,,,,,,14,,,161,,,23,,,2,,60,,,,101,,,23,,269,26,97,68,156,100,,,,,,,,,,,,,,,,,,,,,,,,,,,,,,,,,,,115,,268,46,,395,37,,201,,,,,,,,,,,,,,,,,,,,,,,,,,,,,,,,,,,,,,,,,,,,,,,,,391,1118,341,113,309,141,163,246,237,377,126,,,3,16,4,20,,,,,,,,,,43,,,,,,,89,,,46,,128,,,,,,20,,,,,,,,,23,,,,,,306,,8,,,,,,10,,,,,110,,,,,,,,,,,,,,,,,22,182,86,10,,18,,395,2,,245,135,369,390,322,,362,,,164,349,33,,831,,,,233,,32,,,,,,,,18,,,123,45,25,4,,,,421,,,,,,,,66,,,,,,,,,,,,10,,,,,,,,,,,,45,68,11,38,0,,64,140,183,112,,,,158,45,89,,,,92,155,,2,13,,115,154,,,124,849,10,115,30,,265,71,,348,6,,106,180,52,,,,,,,,,,,,,,,,,,,,,,227,57,105,,615,,143,157,163,,327,,,110,83,,,,,,16,,,,84,131,12,9,43,197,65,130,55,20,,252,10,15,12,0,196,90,,55,,36,,92,10,84,,67,6,62,,181,,,,,,,,,,,,,,,,,,,,,,,,,,,,,,,,,,595,130,10,,,,,,309,,114,261,,114,,88,,,,38,390,233,,,,,,,254,,,,,31,82,,,-370,
2026-08-01T13:10:01+00:00,,229,,135,326,,,,68,237,,81,211,92,,,216,,,,,,451,,30,24,,4,,,,,,,33,68,,,,,82,120,,66,,,,,,,,,292,,,,,,,,,,,,20,51,,,2,,84,,,100,,,14,206,270,29,94,80,157,104,,,,311,,32,173,133,164,167,28,296,,11,285,2,15,110,,,,,760,35,156,,,88,102,437,24,,462,,,,,,,,,,,,,,,,12,,,,,,,,,,3,86,,,,,,,,,,,,568,,148,,123,,531,,,,,,,,,,,,,,,,,,,,,,,,,,,0,16,,25,,,,,,,,,,49,,,,,,,88,,,,,127,,,,,,22,,,,,,,,16,31,,,,,,314,,6,79,,,,,22,,,,,109,,,,,,,,,,,,,,,,113,32,183,87,12,133,17,,397,3,,247,134,368,410,324,,363,,,167,353,32,,823,,,,235,,,,,,,,,,,,,124,49,,7,,,,423,,,,,,,,64,,,,,,,,,,,,,,,,,,,,,,,,54,73,,37,,,65,141,184,114,,,313,159,,87,,,,,,0,0,,276,110,153,,49,,850,2,114,32,,260,66,,350,4,1291,105,181,49,,,,,,,,,,,,,,,,,,,,,,225,,108,,612,,142,159,158,,328,,,108,85,,,,,,14,,,207,82,126,16,10,45,200,69,128,52,22,,266,11,10,,,,,,,,,,,,,,,,,,,,,,,,,,,,,,,,,,,,,,,,,,,,,,,,,,,,594,127,7,,,1,2,,307,,109,258,,108,,,,,,44,394,231,,,,,,,261,,,,,30,,,,,
2026-08-01T13:15:01+00:00,46,231,,,329,,,4,64,236,,85,,94,,,217,,,,,87,449,336,,,,3,,,,,,,32,67,,5,,,,,,65,,,,,1110,,,,289,,,,,,,,,162,,,22,,,4,0,,82,,,101,,,,204,,,,,,,,,,283,,43,169,127,162,170,32,299,,6,,,17,109,1,,,,759,36,150,194,,90,94,429,,,439,1,117,11,255,49,67,387,33,66,202,,,,,,9,,,,,526,,,,,0,87,,,,,,,,,,,,,,,,,,,,,,,,,,,,,,,,,,347,112,308,144,,247,236,376,133,,,,16,5,24,,,,,,,,,,48,,,,,,,,,,47,,130,,,,,,21,,,,,,,,,35,,,,,,308,,,81,108,,,,,,,,,110,,,,,,,,,,,,,,,,116,38,185,,6,,25,,,8,,251,132,370,412,,347,362,,,,347,28,,817,,,,234,,33,,,,,,,,17,,,,50,22,8,,,,421,,,,,,,,,,,,,,,,,,,,12,,,,,,,,,,,,,72,10,36,,,66,140,195,119,,,316,161,,88,,,,91,,,,,,111,155,,47,,,1,113,,,257,55,,344,3,1288,,180,44,,,,,,,,,,,,,,,,,,,,,,223,58,,,613,,144,163,143,242,327,,,107,84,,,,,,12,,,206,84,129,14,9,48,197,82,126,66,23,,271,,,,,,,,,,,,,,,,,,,,,,,,,,,,,,,,,,,,,,,,,,,,,,,,,,,,,,,128,6,,,,-322,62,297,,101,259,,98,,87,,,,40,397,230,,,,,,,256,,,,,26,83,,,,
2026-08-01T13:20:01+00:00,,,,,325,,,10,69,239,,83,,100,,,214,,,,,84,450,339,32,25,,0,,,,475,,,33,65,,6,,34,83,,,64,,,,,1106,,,,283,,,,,26,15,,,160,,,,50,,2,,,83,,,98,,,,205,273,,85,78,156,110,,,,277,,46,165,120,155,163,,,,4,,,,,,,,167,760,38,145,,,88,96,426,,,428,,116,10,239,41,76,388,34,68,199,,,,,,,,,,,,,,,,,,,,,,,,16,,,236,,563,,164,,124,,536,,,,,,,,,,,,,,,,,,,,,,,,,,,,16,,26,,,,,,,,,,51,,,,,,,,,,,,,,,,,,24,,,,,,,,,31,,,,,,306,,,80,109,,,,21,,,,,108,,,,,,,,,,,,,,,,118,43,187,,12,137,26,,396,10,,252,139,,414,325,346,355,,,,352,29,,810,,,,,,30,,,,,,,,13,,,,,26,6,,,,423,,,,,,,,,,,,,,,,,,,,11,,,,,,,,,,,,43,70,8,39,,,67,139,203,,,,,163,,86,,,,92,,,3,15,,108,150,,50,,,6,114,,,,,,,,,,,,,,,,,,,,,,,,,,,,,,,,,227,,104,,614,,,165,129,243,326,,,108,83,,,,,,10,,,209,80,133,15,,56,198,89,123,60,37,1,277,16,2,5,,190,80,,41,,33,,83,0,75,,61,7,72,,186,,,,,,,,,,,,,,,,,,,,,,,,,,,,,,,,,,,127,8,,,-384,,64,,,,,,102,,86,,,,39,399,232,,,,,,,254,,,,,24,81,,,-370,
2026-08-01T13:25:01+00:00,41,234,,136,328,,,,67,237,,85,,,,,215,,,,,86,451,345,,24,,,,,,477,,,,61,,15,,35,81,121,,65,,,,,1102,,,,278,,,,,27,,,,162,,,21,51,,3,,,,,,,,,,207,,,,,,,,,,,,,,,,,,,,,,,,,,,,,,,,,,,,,,,,,,,,,,,,,,,,,,,6,,,,,,,,,,4,,,,,,,,,,,,,,,,,,,,,,,,,,,,,,,,,386,1125,340,114,314,148,166,246,238,385,139,,,11,16,4,29,,,,,,,,,,44,,,,,,,89,,,48,,,,,,,,23,,,,,,,,,25,,,,,,305,,,78,,,,,17,,,,,,,,,,51,,,,,69,,,,,,119,48,190,90,18,,41,,394,4,5,255,140,371,,,344,,135,,171,350,26,,799,,,,233,,,,,,,,,,12,,,125,52,31,,,,,425,,,,,,,,72,,,,,,,,,,,,14,,,,,,,,,,,,38,72,12,41,2,,69,138,205,114,,,319,164,,96,,,,,154,,2,13,,105,149,,51,,,7,,,,253,56,,387,0,1289,,,41,,,,,,,,,,,,,,,,,,,,,,224,59,109,,613,,141,162,119,242,324,,,,84,,,,,,11,,,210,79,131,18,,53,199,93,124,61,40,0,283,15,4,,,,,,,,,,,,,,,,,,,,,,,,,,,,,,,,,,,,,,,,,,,,,,,,,,,,,,6,,,,,,,-209,96,259,,104,,87,,-100,,40,403,235,,,,,,,250,,,,,20,82,,,,
2026-08-01T13:30:02+00:00,40,,,,336,3,,9,79,236,,88,,103,,,211,,,,,88,,343,33,,,4,,,,493,,,34,58,,17,,,,,,63,,26,,,,,,,269,,,,,,,,,,,,17,49,,4,,,,,,93,,,,204,268,36,83,77,155,106,,196,,271,,47,155,116,151,156,35,300,,,282,,14,111,1,,3,,759,37,,191,,84,94,422,,,427,,,5,233,36,69,,36,71,,,,,,,,,,,,,,,,,,,,,,,,,18,,,238,,560,,185,,,,535,,,,,,,,,,,,,,,,,,,,,,,,,,,0,15,5,20,,,,,,,,229,,41,,,,,,,90,,,,,131,,,,,,25,,,,,,,,,27,,,,,,310,,,,110,,,,15,,,,,109,,,,,48,,,,,70,,,,,,120,47,192,86,20,141,43,,396,2,6,258,138,,419,,,352,,,169,347,33,,798,,,,236,,29,,,,,,,,11,,,124,50,30,5,,,,426,,,,,,,,69,,,,,,,,,,,,12,,,,,,,,,,,,36,75,,42,4,,,139,,111,,,322,167,,98,,,,,,3,4,,274,,146,,,,,5,,30,,254,60,,371,6,1296,,179,38,,,,,,,,,,,,,,,,,,,,,,219,,116,,615,,142,164,107,241,,,,107,85,,,,,,14,,,209,,128,20,,50,197,99,131,71,38,,279,16,3,,,,,,,,,,,,,,,,,,,,,,,,,,,,,,,,,,,,,,,,,,,,,,,,,,,,,,3,,,2,,62,,,95,261,,107,,88,,,,39,404,236,,,,,,,252,,,,,13,80,,,,
2026-08-01T13:35:01+00:00,48,233,,,332,2,,,80,240,,85,,105,,,210,,,,,85,452,342,36,,,3,,,,510,,,,55,,26,,,86,118,,62,,,,,1103,,,,259,,,,,26,16,,,164,,,,51,,,,,,,,97,,,,203,,,,,,,,,,,,54,146,,150,154,34,299,,,280,,13,,,,,166,,36,137,182,113,85,96,417,,,422,,,,,,,,,,,,,,,,9,,,,,527,,,,,5,,,,,,,,16,,,236,,559,,197,,122,,533,,,,,,,,,,,,,,382,,346,113,316,152,,248,245,,136,,,,15,4,29,,,,,,,,,,42,,,,,,,,,,,,,,,,,,,,,,,,,,,20,,,,,,316,,,80,,,,,18,,,,,108,,,,,49,,,,,,,,,,,123,44,194,89,28,,37,,394,1,,257,135,369,422,,345,353,,,170,345,31,,794,,,,231,,,,,,,,,,,,,125,52,27,7,,,,424,,,,,,,,71,,,,,,,,,,,,15,,,,,,,,,,,,28,74,13,44,7,,70,135,207,116,,,323,171,,,,,,91,155,0,,14,275,102,143,,49,123,851,3,115,29,,253,64,,384,5,1295,104,178,36,,,,,,,,,,,,,,,,,,,,,,,,,,620,,140,166,91,,326,,,105,81,,,,,,15,,,208,,124,17,,,204,102,142,66,39,1,278,23,5,0,2,182,75,,34,,35,,73,,68,,53,9,67,,,,,,,,,,,,,,,,,,,,,,,,,,,,,,,,,,,,,128,,,,1,,,299,,81,263,,111,,,,,,41,403,241,,,,,,,249,,,,,12,75,,,,
2026-08-01T13:40:01+00:00,,232,,135,336,1,,15,76,245,,87,,106,,,207,,,,,84,456,345,39,32,,,,,,503,,,32,51,,29,,,87,,,63,,,,,1098,,,,257,,,,,25,,,,165,,,14,,,5,,,,,,92,,,,206,252,38,77,85,159,104,,,,257,,51,122,117,144,155,32,298,,1,279,,11,110,3,,,,,,121,180,,,84,397,,,404,,,,,,,,,,,,,,,,,,,,,,,,,,,,,,,,,,,,,,,,,,,,,,,,,,,,,,,,,,,,,,,,,,,,,,,,,16,,30,,,,,,,,228,,44,,,,,,,,,,46,,,,,,,,26,,,,,,,,,12,,,,,,318,,,76,114,,,,15,,,,,,,,,,,,,,,,,,,,,122,51,196,88,27,142,29,,395,0,5,260,137,367,,326,,350,137,,173,344,30,,793,,,,,,,,,,,,,,,,,,,,,,,,,,,,,,,,,,,,,,,,,,,,,,,,,,,,,,,,26,77,15,50,10,,,,224,122,,,325,176,46,106,,,,,156,,1,11,,104,148,,48,122,853,4,113,28,,,,,366,7,,108,,32,,,,,,,,,,,,,,,,,,,,,,221,57,,,625,,145,163,87,245,327,,,104,,,,,,,13,,,213,80,122,12,,44,203,112,145,74,35,0,274,24,6,,,,,,,,,,,,,,,,,,,,,,,,,,,,,,,,,,,,,,,,,,,,,,,,,,,,595,,4,,,-384,,,294,,,,,105,,82,,,,,407,240,,,,,,,244,,,,,,74,,,,
2026-08-01T13:45:01+00:00,50,231,,133,337,2,,20,,244,,82,,,,,205,,,,,87,457,343,41,25,,0,,,,,,,,45,,31,,,,115,,,,,,,,,,,254,,,,,,,,,163,,,13,52,,4,,,82,,,89,,,16,,,,,,,,,,,238,,55,116,118,142,145,31,,,,,,12,111,,,4,165,760,38,127,184,,82,80,395,,,400,,115,,218,28,74,396,37,56,193,,,,,,6,,,,,528,,,,,1,92,,,,,,,14,,,228,,562,,205,,121,,536,,,,,,,,,,,,,,378,1127,349,,,151,163,250,246,380,141,,,,16,5,24,,,,,,,,,,43,,,,,,,,,,47,,,,,,,,,,,,,,,,15,16,,,,,,315,,7,75,113,,,,,,,,,107,,,,,,,,,,,,,,,,121,48,197,,29,147,27,,393,4,4,259,132,369,426,,,,,,172,347,34,,,,,,232,,36,,,,,,,,,,,127,58,28,,,,,431,,,,,,,,76,,,,,,,,,,,,13,,,,,,,,,,,,25,,17,49,,,,137,227,123,,,322,175,,108,,,,,154,,,12,,103,149,,50,,855,5,,,,256,73,60,379,15,1302,106,,39,,,,,,,,,,,,,,,,,,,,,,,60,121,,621,,151,164,76,249,,,,105,80,,,,,,9,,,216,,121,18,,47,208,116,149,81,38,,264,25,11,,,,,,,,,,,,,,,,,,,,,,,,,,,,,,,,,,,,,,,,,,,,,,,,,,,,594,126,3,,,1,,,287,,,265,,104,,83,,,,43,409,241,,,,,,,246,121,,,,,75,,,,
2026-08-01T13:50:01+00:00,51,229,,,339,3,,17,74,247,,83,,113,,,206,,,,,86,459,342,43,34,,,,,,505,,,,,,33,,,86,114,,,,25,,,1099,,,,253,,,,,,,,,,,,11,53,,3,,,80,,,92,,,19,207,242,43,81,90,160,105,,,,232,,57,111,117,137,144,29,299,,,,,13,,2,6,1,,761,40,126,183,,85,81,397,,,392,,,,,,,,,,,,,,,,,,,,,,,,,,,,,,,,,,,,,,,,,,,,,,,,,,,,,,,,,,,,,,,,,,,,,,,,6,16,4,27,,,,,,,,,,42,,,,,,,,,,,,,,,,,,25,,,,,,,,,9,,,,,,324,,,70,,,,,,,,,,103,,,,,48,,,,,,,,,,,119,,199,86,33,149,20,,,,,263,133,368,428,,342,354,,,173,341,36,,797,,,,,,,,,,,,,,,,,,,,,,,,,,,,,,,,,,,,,,,,,,,,,,,,,,,,,,,,34,,18,52,14,,71,134,237,131,,,320,176,48,,16,,17,,153,,3,13,,99,148,,48,120,852,6,112,31,,,,,,,,,,,,,,,,,,,,,,,,,,,,,,,,219,59,119,,618,,,165,,250,326,,,107,76,,,,,,11,,,,78,123,20,,56,210,121,161,100,42,,269,27,13,,0,168,,,28,,33,,56,2,43,,58,6,56,,181,,,,,,,,,,,,,,,,,,,,,,,,,,,,,,,,,,593,125,,,,-384,,,282,-209,63,258,,101,,82,,,,38,407,240,,,,,,,250,,,,,14,74,,,-370,
2026-08-01T13:55:01+00:00,53,230,,,338,1,,15,67,250,,84,,114,,,205,,,,,89,460,347,48,40,,,,,,502,,,33,,,35,,,85,116,,61,,,,,1100,,,,252,,,,,26,,,,,,,8,,,2,,,79,,,95,,,20,205,,,,,,,,,,220,,55,107,113,136,147,28,300,,,280,,,,3,,,164,,39,130,176,,84,76,395,,,382,1,116,3,209,25,75,397,38,51,196,,,,,,5,,,,,527,,,,,3,89,,,,,,,22,,,215,,558,,217,,122,,538,,,,,,,,,,,,,,376,1130,358,,315,155,,249,248,379,147,,,7,16,,33,,,,,,,,,,43,,,,,,,,,,46,,,,,,,,24,,,,,,,,,11,,,,,,323,,9,,115,,,,12,,,,,104,,,,,47,,,,,,,,,,,118,59,201,88,34,148,31,,395,3,5,,146,373,427,327,344,355,,,177,340,34,,791,,,,234,,35,,,,,,,,13,,,128,60,,6,,,,435,,,,,,,,77,,,,,,,,,,,,12,,,,,,,,,,,,31,78,19,54,,,,135,240,139,,35,318,,,111,,,,,154,,4,15,,102,149,,50,,,,110,,,257,74,,390,24,1292,107,,42,,,,,,,,,,,,,,,,,,,,,,,58,120,,,,155,,69,253,327,,,110,77,,,,,,10,,,215,79,119,,11,60,211,122,156,105,46,,277,29,14,,,,,,,,,,,,,,,,,,,,,,,,,,,,,,,,,,,,,,,,,,,,,,,,,,,,,126,6,,,1,,,283,,50,259,,99,,80,,,,36,405,238,,,,,,,247,,,,,18,71,,,,
2026-08-01T14:00:01+00:00,61,231,,134,336,,,17,65,253,,88,,115,,,206,,,,,83,461,348,49,45,,,,,,505,,,,49,,38,,,,115,,60,,,,,1104,,,,251,,,,,,,,,,,,9,54,1,3,1,59,,,,,,,16,206,236,50,86,92,163,117,,,,,,,,,,,,,,,,,,,,,,,,,,,,,,,,,,,117,10,201,16,,,39,46,193,,,,,,,,,,,,,,,,,,,,,,,,,,,,,,,,,,,,,,,,,,,,,,,,,,,,,,,,,,,,,,17,16,,25,,,,,,,,,,46,,,,,,,89,,,45,,,,,,,,,,,,,,,,,16,,,,,,329,,,,116,,,,14,,,,,,,,,,48,,,,,,,,,,,116,64,203,89,39,,24,,394,,4,264,140,,426,,342,350,138,,175,343,35,,,,,,237,,36,,,,,,,,,,,126,62,22,8,,,,433,,,,,,,,82,,,,,,,,,,,,11,,,,,,,,,,,,36,76,20,56,13,,69,134,246,143,36,,,179,,113,,,,,153,2,3,14,276,108,151,,48,,853,5,111,,,258,79,,396,30,1290,108,,43,,,,,,,,,,,,,,,,,,,,,,210,59,122,,610,,158,170,50,256,,,,104,78,,,,,,5,,,218,80,115,14,,58,,127,151,108,,1,291,27,11,,,,,,,,,,,,,,,,,,,,,,,,,,,,,,,,,,,,,,,,,,,,,,,,,,,,,,4,,,-384,,,288,,36,260,,100,,73,,,,32,403,235,,,,,,,256,,,,,23,70,,,,
2026-08-01T14:05:01+00:00,67,230,,,332,3,,20,62,251,,87,212,118,,,204,,,,,84,458,352,,43,,,,,,501,,,,52,,39,,,86,116,,59,,26,,,1110,,,,249,,,,,,17,,,162,,,6,56,4,2,,,80,,,,,,,204,233,63,93,94,164,119,,,,214,,54,101,109,134,140,24,,,,281,,,112,1,7,,,762,,133,173,112,86,73,396,,,375,,,,,,,,,,,,,,,,6,,,,,529,,,,,6,88,,,,,,,29,,,208,,,,216,,127,,540,,,,,,,,,,,,,,374,1129,360,112,313,152,,250,245,373,140,,,,16,,35,,,,,,,,,,,,,,,,,,,,47,,130,,,,,,26,,,,,,,,,23,,,,,,335,,7,,,,,,19,,,,,106,,,,,47,,,,,,,,,,,112,65,209,88,42,,26,,392,4,,265,136,375,425,326,,344,137,,178,,31,,,,,,,,,,,,,,,,,,,,,,,,,,,,,,,,,,,,,,,,,,,,,,,,,,,,,,,,,,52,77,19,61,,,68,135,257,141,,34,317,178,,,,,,,,0,0,15,,105,152,,51,119,854,,110,,,257,,,400,32,1287,106,,,,,,,,,,,,,,,,,,,,,,,,205,,126,,,,,171,47,,329,,,106,76,,,,,,6,,,,,128,16,,,213,,153,122,49,,280,28,15,2,1,163,74,,21,,24,,54,0,18,,35,2,38,,176,,,,,,,,,,,,,,,,,,,,,,,,,,,,,,,,,,,128,2,,,,,,290,,32,262,,,,,,,,28,,237,,,,,,,261,,,,,21,72,,,-370,
2026-08-01T14:10:01+00:00,,229,,136,336,6,,29,67,253,,92,,115,,,198,,,,,88,457,354,51,55,,2,,,,504,,,34,,,,,,87,114,,61,,,,,1104,,,,247,,,,,25,,,,,,,0,,7,3,0,,79,,,100,,,,203,,,,,,,,,,198,,59,82,107,132,131,,297,216,,282,1,14,109,9,,,166,763,36,127,177,111,81,65,390,,,357,,,6,207,20,,400,41,44,196,,,,,,,,,,,,,,,,,,,,,,,,,,,,,,,,,,,,,,,,,,,,,,,,,,,,,,,,,,,,,,0,16,,36,,,,,,,,229,,48,,,,,,,90,,,,,,,,,,,32,,,,,,,,,22,,,,,,332,,,69,,,,,12,,,,,104,,,,,48,,,,,,,,,,,,62,,87,46,147,27,,393,5,,270,133,,427,,,338,136,,181,345,,,,,,,234,,33,,,,,,,,15,,,119,60,25,7,,,,438,,,,,,,,,,,,,,,,,,,,10,,,,,,,,,,,,44,76,17,66,19,147,,138,260,149,,,315,,,112,,,,,143,,1,18,,107,155,,53,118,,3,112,30,,,78,,398,,1296,108,179,42,,,,,,,,,,,,,,,,,,,,,,204,,121,,605,,156,,38,254,,,,105,79,,,,,,4,,,220,,130,17,,56,,133,152,114,53,0,291,31,22,,,,,,,,,,,,,,,,,,,,,,,,,,,,,,,,,,,,,,,,,,,,,,,,,,,,,125,3,,,,,,284,,,257,,,,,,,,31,401,235,,,,,,,257,,,,,23,67,,,,
2026-08-01T14:15:01+00:00,70,231,,,341,1,,,68,,,89,,119,,,195,,,,,86,456,353,53,40,,0,,,,509,,,,49,,40,,,88,116,,59,,,,,1103,,,,249,,,,,26,16,,,163,,,,54,30,,,,,,,104,,,,205,230,64,100,95,163,129,,,,185,,71,79,105,128,133,22,,,7,280,,13,108,8,1,,,,37,126,174,,79,,394,,,339,,,,,,,,,,,,,,,,5,,,,,530,,,,,10,92,,,,,,,27,,,206,,553,,232,,125,,541,,,,,,,,,,,,,,372,1132,353,114,316,,,,,374,150,,,4,16,5,,,,,,,,,230,,,,,,,,,,,,46,,,,,,,,33,,,,,,,,14,19,,,,,,336,,,68,,,,,,,,,,,,,,,47,,,,,,,,,,,106,67,214,86,50,150,37,,392,-1,7,271,134,374,426,,345,334,135,,183,344,34,,792,,,,241,,32,,,,,,,,,,,122,,27,8,,,,443,,,,,,,,87,,,,,,,,,,,,,,,,,,,,,,,,41,75,20,69,22,,,142,266,,35,,314,182,,116,,,16,,141,1,2,19,277,,154,,54,,,5,107,33,,255,76,,,37,1294,110,181,46,,,,,,,,,,,,,,,,,,,,,,199,60,123,,601,,159,165,26,253,331,,,108,84,,,,,,,,,224,82,128,19,,49,215,137,155,118,57,,288,36,24,,,,,,,,,,,,,,,,,,,,,,,,,,,,,,,,,,,,,,,,,,,,,,,,,,,,,,,,,5,,66,280,,29,258,,98,,74,,,,32,398,237,,,,,,,253,,,,,19,70,,,-370,
2026-08-01T14:20:01+00:00,72,229,,,337,,,28,65,252,,94,,125,,,192,,,,,82,459,,55,44,,,,,,506,,,33,48,,37,,34,87,115,,60,,,,,1101,,,,250,,,,,28,,,,164,,,,57,57,8,,,78,,,105,,,,206,,,102,,,128,,,,179,,77,73,107,121,140,23,,,6,282,,14,,,,,,,39,111,,113,78,62,385,,,332,,116,5,214,28,72,402,44,,,,,,,,10,,,,,531,,,,,11,89,,,,,,,31,,,208,,548,,231,,127,,543,,,,,,,,,,,,,,,,,,,,,,,,,,,,,,,,,,,,,,,,,,,,,,,,,,,,,,,,,,,,,,,,,,,15,,,,,,338,,6,65,,,,,,,,,,,,,,,,,,,,,,,,,,,,,,,,,,,,,,140,373,432,,,340,,,180,337,36,,,,,,,,,,,,,,,,,,,,,,,,,,,,,,,,,,,,,,,,,,,,,,,,,,,,,,,,,,,,,,,,,,,,,,,,,,,,,,,,,,,,,,,,,,,,,,,,,,,,,,,,,,,,,,,,,,,,,,,,,,,195,,121,,591,,161,161,,,,,,111,,,,,,,8,,,231,86,130,24,16,39,223,146,,,,,,,,,,,,,,,,,,,,,,,,,,,,,,,,,,,,,,,,,,,,,,,,,,,,,,,,,,,,,4,,,-384,,65,276,,26,,,101,,72,,,,29,397,240,,,,,,,251,,,,,,67,,,,
2026-08-01T14:20:02+00:00,,,,,,,,,,,,,,,,,,,,,,,,,,,,,,,,,,,,,,,,,,,,,,,,,,,,,,,,,,,,,,,,,,,,,,,,,,,,,,,,,,,,,,,,,,,,,,,,,,,,,,,,,,,,,,,,,,,,,,,,,,,,,,,,,,,,,,,,,,,,,,,,,,,,,,,,,,,,,,,,,,,,,,,,,,,,,,,,,,,,,,,,,,,,,0,16,4,33,,,,,,,,231,,51,,,,,,,,,,,,129,,,,,,,,,,,,,,,,,,,,,,,,,,,,,,,,,,,,,,,,,,,,,,,,,,,74,212,88,57,156,43,,395,1,,,,,,,,,,,,,,,,,,,246,,33,,,,,,,,16,,,124,62,25,11,,,,447,,,,,,,,93,,,,,,,,,,,,9,,,,,,,,,,,,31,77,,,16,,69,146,272,145,36,,315,184,,,,,,,136,0,1,18,,109,157,,55,,858,,109,35,,,87,,391,36,1290,106,180,45,,,,,,,,,,,,,,,,,,,,,,,,,,,,,,,,,,,,,,,,,,,,,,,,,,,,,160,136,56,3,300,37,23,,,,,,,,,,,,,,,,,,,,,,,,,,,,,,,,,,,,,,,,,,,,,,,,,,,,,,,,,,,,,,,,,,,,,,,,,,,,,,,,,,,,,,,,,,
2026-08-01T14:25:01+00:00,73,231,,,336,,,25,68,254,,96,,128,,,187,,,,,,460,350,53,56,,,,,,509,,,31,,,48,,35,,,,59,,,,,1107,,,,,,,,,30,17,,,165,,,,58,100,6,,,,,,112,,,18,204,,,,,,,,,,,,,,,,,,,,,,,,,,,,,,,,,,,,,,,,,117,,239,32,74,406,43,46,200,,,,,,,,,,,,,,,,,,,,,,,,,,,,,,,,,,,,,,,,,,,,,,,,,374,1137,352,,,154,,251,,375,146,,,,16,,27,,,,,,,,,,,,,,,,,,,,45,,,,,,,,,,,,,,,,,,,,,,,339,,7,64,,,,,14,,,,,105,,,,,44,,,,,,,,,,,108,83,,89,63,160,44,,394,2,6,267,138,374,436,327,344,347,136,,182,,35,,793,,,,249,,32,,,,,,,,,,,127,60,,,,,,450,,,,,,,,98,,,,,,,,,,,,12,,,,,,,,,,,,29,76,21,70,,,,144,280,144,,,,187,49,118,,,,,138,,0,16,,112,,,56,,,8,108,34,,253,,,402,45,1288,105,,44,,,,,,,,,,,,,,,,,,,,,,,,,,,,,,,,,,,,,,,,,,,,,,,,,,,,,154,146,59,0,299,,24,9,,161,72,,18,,22,,41,,1,,14,0,35,,172,,,,,,,,,,,,,,,,,,,,,,,,,,,,,,,,,,590,124,7,,,,,,272,,35,256,,98,,66,,,,25,396,241,,,,,,,257,,,,,17,60,,,,
2026-08-01T14:30:01+00:00,74,233,,,331,,,19,79,258,,93,,127,,,182,,,,,81,459,,58,67,,3,,,,513,,,30,42,,54,,,89,111,,57,,27,,,1106,,,,249,,,,,32,,,,,,,6,56,119,5,,,77,,,123,,,17,203,226,68,107,91,167,136,,195,,158,,89,76,100,120,138,22,295,,4,278,1,9,110,5,1,,,764,38,109,178,,74,64,386,,,317,,,,,,,,,,,,,,,,5,,,,,,,,,,18,86,,,,,,,35,,,205,,546,,257,,130,,541,,,,,,,,,,,,,,,,,,,,,,,,,,,,16,,22,,,,,,,,,,53,,,,,,,91,,,46,,,,,,,,34,,,,,,,,13,6,,,,,,342,,,63,115,,,,17,,,,,103,,,,,48,,,,,,,,,,,,89,215,,73,163,51,,395,-2,4,266,142,378,443,328,348,,,,,331,39,,791,,,,252,,35,,,,,,,,15,,,129,62,22,10,,,,,,,,,,,,,,,,,,,,,,,,13,,,,,,,,,,,,27,77,19,,15,,,141,287,151,,,314,191,,121,,,,,136,,,17,,114,,,49,119,857,7,107,,,254,93,62,398,46,1291,,181,,,,,,,,,,,,,,,,,,,,,,,198,58,123,,584,,164,159,,253,333,,,106,85,,,,,,10,,,233,88,133,,13,49,230,153,160,152,60,,293,,14,,,,,,,,,,,,,,,,,,,,,,,,,,,,,,,,,,,,,,,,,,,,,,,,,,,,,,5,,,4,,66,270,,24,258,,100,,63,,,,24,393,,,,,,,,256,,,,,12,59,,,,
2026-08-01T14:35:01+00:00,75,232,,,337,,,,80,260,,98,,,,,179,,,,,,458,,60,70,,0,,,,521,,,31,38,,,,,,110,,,,,,,,,,,251,,,,,,,,,166,,,5,,159,6,,61,,,,130,,,16,205,,,,,,,,,,,,,,,,,,,,,,,,,,,,,,,,,,,,,,,,,,,,,,,,,,,,,,,,,,,,530,,,,,17,88,,,,,,,,,,,,,,,,,,,,,,,,,,,,,,,,363,1132,358,,319,156,,,249,379,152,4,,,16,,26,,,,,,,,,,,,,,,,,,,,,,,,,,,,,,,,,,,,,9,,,,,,346,,8,,,,,,,,,,,,,,,,,,,,,,,,,,,109,,222,88,81,168,55,,397,-1,6,260,151,377,458,330,350,346,,,183,326,36,,787,,,,,,,,,,,,,,,,,,,,,,,,,,,,,,,,,,,,,,,,,,,,,,,,,,,,,,,,23,,20,71,5,,,144,294,157,,,,194,,127,,,15,,135,5,5,16,,112,156,,51,,858,10,108,35,,,,,,,,,,,,,,,,,,,,,,,,,,,,,,,,204,56,126,,587,,161,156,,,336,,,108,84,,,,,,,,,,89,136,21,11,63,235,158,,,,,,,,,,,,,,,,,,,,,,,,,,,,,,,,,,,,,,,,,,,,,,,,,,,,,,,,,,,591,,4,,,2,,68,272,,16,260,,104,,62,,,,23,391,240,,,,,,,257,,,,,14,53,,,,
2026-08-01T14:35:02+00:00,,,,,,,,,,,,,,,,,,,,,,,,,,,,,,,,,,,,,,,,,,,,,,,,,,,,,,,,,,,,,,,,,,,,,,,,,,,,,,,,,,,,,,,,,,,,,,,,,,,,,,,,,,,,,,,,,,,,,,,,,,,,,,,,,,,,,,,,,,,,,,,,,,,,,,,,,,,,,,,,,,,,,,,,,,,,,,,,,,,,,,,,,,,,,,,,,,,,,,,,,,54,,,,,,,90,,,47,,,,,,,,32,,,,,,,,,,,,,,,,,,,,,,,,,,,,,,,,,,,,,,,,,,,,,,,,,,,,,,,,,,,,,,,,,,,,,,,,,,,,,,,,,,,,,,,,,,,,,,,,,,,,,,,,,,,,,,,,,,,,,,,,,,,,,,,,,,,,,,,,,,,,,,,,,,,,,,,,,,,,,,,255,94,61,402,49,1292,102,182,40,,,,,,,,,,,,,,,,,,,,,,,,,,,,,,,,,,,,,,,,,,,,,,,,,,,,,161,161,62,,315,,15,,,,,,,,,,,,,,,,,,,,,,,,,,,,,,,,,,,,,,,,,,,,,,,,,,,,,,,,,,,,,,,,,,,,,,,,,,,,,,,,,,,,,,,,,,
2026-08-01T14:40:01+00:00,72,233,,,342,,,,77,258,,101,,125,,,189,,,,,82,457,,66,64,,4,,,,523,,,,45,,60,,,92,111,,58,,26,,,1105,,,,249,,,,,37,,,,167,,,0,,190,5,1,,,,,137,,,,,213,85,110,98,169,132,,,,144,,94,67,99,118,129,17,297,,,276,,,,,,,,,39,103,174,,76,59,390,,,315,,,,,,,,,,,,,,,,,,,,,,,,,,,,,,,,,,39,,,202,,550,,263,,132,,545,,,,,,,,,,,,,,,,,,,,,,,,,,,2,16,,25,,,,,,,,,,56,,,,,,,87,,,46,,130,,,,,,,,,,,,,,,8,,,,,,350,,7,66,112,,,,23,,,,,104,,,,,,,,,,,,,,,,106,101,224,,83,,59,,401,,,258,145,,473,,,344,,,,,35,,,,,,253,,39,,,,,,,,13,,,135,64,23,12,,,,449,,,,,,,,91,,,,,,,,,,,,11,,,,,,,,,,,,25,76,22,70,8,,,147,306,168,,,315,,50,128,,,,,,12,10,,,115,164,,49,,857,,106,36,,,,,,,,,,,,,,,,,,,,,,,,,,,,,,,,216,,,,590,,165,151,,,335,,,,83,,,,,,15,,,238,90,135,12,,66,241,165,163,162,61,3,,39,16,6,6,147,61,,16,,10,,,,3,,1,,32,,167,,,,,,,,,,,,,,,,,,,,,,,,,,,,,,,,,,590,119,,,,,,,268,,6,257,,110,,60,,,,25,,234,,,,,,,255,,,,,15,50,,,,
2026-08-01T14:45:02+00:00,73,232,,,350,2,,15,,260,,102,,133,,,187,,,,,83,459,349,62,60,,9,,,,521,,,,43,,65,,,94,112,,59,,,,,1113,,,,247,,,,,38,,,,166,,,5,59,203,11,3,,75,,,,,,,206,,,,,,,,,,122,,100,55,105,,128,18,295,,2,274,,,112,4,2,,167,762,43,93,186,,81,56,400,,,290,1,114,13,260,41,87,404,42,44,206,,,,,,13,,,,,532,,,,,22,96,,,,,,,,,,,,,,,,,,,,,,,,,,,,,,,,364,1134,353,115,318,159,,,250,386,159,5,,0,17,5,22,,,,,,,,,,58,,,,,,,86,,,47,,131,,,,,,,,,,,,,,,10,,,,,,358,,8,64,,,,,30,,,,,103,,,,,,,,,,,,,,,,102,104,226,,89,173,61,,398,3,,,147,,472,331,353,343,,,186,329,32,,,,,,256,,35,,,,,,,,,,,,,25,,,,,448,,,,,,,,92,,,,,,,,,,,,12,,,,,,,,,,,,26,,23,73,11,,74,,303,169,,35,,195,,132,,,,92,137,8,13,18,,117,163,,,118,856,,,38,,256,108,,414,56,1296,106,184,53,,,,,,,,,,,,,,,,,,,,,,,,,,,,,,,,,,,,,,,,,,,,,,,,,,,,,169,164,66,7,,43,20,,,,,,,,,,,,,,,,,,,,,,,,,,,,,,,,,,,,,,,,,,,,,,,,,,,,589,120,3,,,6,,67,269,,7,,,111,,61,,,,24,,232,,,,,,,,,,,,13,49,,,,
2026-08-01T14:50:01+00:00,74,,,,353,,,16,,257,,103,,140,,,178,,,,,82,458,351,59,51,,12,,,,519,,,30,,,68,,,95,111,,,,,,,,,,,245,,,,,43,,,,164,,,8,61,207,7,0,63,71,,,,,,,204,208,94,117,103,167,137,,,,117,,85,57,104,110,124,21,294,,10,275,,8,111,,,2,,761,,81,183,112,83,53,402,,,280,,,,,,,,,,,,,,,,,,,,,,,,,,,,,,,,,,44,,,203,,548,,277,,139,,550,,,,,,,,,,,,,,,,,,,,,,,,,1,,,17,4,24,,,,,,,,,,60,,,,,,,,,,,,132,,,,,,34,,,,,,,,,16,,,,,,363,,7,65,,,,,38,,,,,98,,,,,,,,,,,,,,,,97,107,227,,95,175,67,,397,4,,265,,,468,,356,342,,,185,331,37,,,,,,,,,,,,,,,,,,,,,,,,,,,,,,,,,,,,,,,,,,,,,,,,,,,,,,,,,,19,,,74,15,,,146,309,172,,36,318,194,,134,,,,91,139,14,8,17,278,118,167,,52,120,858,12,104,39,,,,,,,,,,,,,,,,,,,,,,,,,,,,,,,,230,55,130,,583,,169,152,,251,,,,106,82,,,,,,11,,,239,,138,15,12,69,245,163,176,188,69,1,334,48,28,,,,,,,,,,,,,,,,,,,,,,,,,,,,,,,,,,,,,,,,,,,,,,,,,,,,587,122,4,,,8,4,66,,,1,260,,108,,,,,,25,,,,,,,,,250,,,,,18,51,,,,
2026-08-01T14:55:01+00:00,75,236,,,359,,,23,78,254,,102,,142,,,177,,,,,,457,353,68,52,,13,,,,516,,,27,46,,71,,,94,,,57,,25,,,1116,,,,,,,,,42,16,,,165,,,10,60,,6,3,64,68,,,149,,,,205,,,,,,,,,,105,,93,55,102,107,127,23,296,,2,,,7,,5,2,3,,,44,86,178,,80,57,400,,,268,2,113,14,267,47,94,401,44,49,193,,,,,,9,,,,,531,,,,,13,95,,,,,,,,,,,,,,,,,,,,,,,,,,,,,,,,361,1137,361,,315,161,164,250,255,390,156,3,,,17,,28,,,,,,,,,,,,,,,,,,,,,,,,,,,,,,,,,,,,,14,,,,,,365,,8,66,,,,,35,,,,,99,,,,,,,,,,,,,,,,,,,,,,,,,,,,150,,471,,358,336,,,184,333,35,,788,,,,,,,,,,,,,,,,,,,,,,,,,,,,,,,,,,,,,,,,,,,,,,,,,,,,,,,,,,,,,,,,,,,,,,,,,,,,,,,,,,,,,,,,,,,,,,,,,,,,,,,,,,,,,,,,,,,,,,,,,227,,125,,578,,,150,,249,337,,,,81,,,,,,12,,,242,94,131,14,8,72,246,162,,,,,,,,,,,,,,,,,,,,,,,,,,,,,,,,,,,,,,,,,,,,,,,,,,,,,,,,,,,,121,6,,,,,,272,,,259,,110,,56,,,,23,,233,,,,,,,252,,,,,24,53,,,-370,
2026-08-01T14:55:02+00:00,,,,,,,,,,,,,,,,,,,,,,,,,,,,,,,,,,,,,,,,,,,,,,,,,,,,,,,,,,,,,,,,,,,,,,,,,,,,,,,,,,,,,,,,,,,,,,,,,,,,,,,,,,,,,,,,,,,,,,,,,,,,,,,,,,,,,,,,,,,,,,,,,,,,,,,,,,,,,,,,,,,,,,,,,,,,,,,,,,,,,,,,,,,,,,,,,,,,,,,,,,,,,,,,,,,,,,131,,,,,,,,,,,,,,,,,,,,,,,,,,,,,,,,,,,,,,,,,,,,,,,,,,90,108,228,90,101,178,65,,399,9,7,,,,,,,,,,,,,,,,,,254,,,,,,,,,,,,,,63,,,,,,450,,,,,,,,91,,,,,,,,,,,,13,,,,,,,,,,,,12,77,24,73,12,,75,151,315,173,,,319,196,,131,,,,,142,18,14,16,279,120,165,,,,,,102,41,,257,103,,410,,,105,185,50,,,,,,,,,,,,,,,,,,,,,,,,,,,,,,,,,,,,,,,,,,,,,,,,,,,,,175,202,73,0,332,52,32,10,1,144,55,,19,,0,,45,,0,,0,,24,,166,,,,,,,,,,,,,,,,,,,,,,,,,,,,,,,,,,,,,,,,,,,,,,,,,,,,,,,,,,,,,,,,,,,,,,,,
2026-08-01T15:00:01+00:00,76,,,,356,,,24,91,,,103,,141,,,172,,,,,84,459,358,71,54,,16,,,,526,29,,26,50,,,,,,112,,56,,26,,,1118,,,,244,,,,,46,,,,166,,,7,,210,4,2,,66,,,153,,,,206,201,89,132,106,164,132,,197,,,,,,,,,,,,,,,,,,,,,,,,,,,,,,,,,110,22,262,41,98,406,43,,196,,,,,,5,,,,,,,,,,8,97,,,,,,,49,,,196,,536,,284,,147,,554,,,,,,,,,,,,,,,,,,,,,,,,,1,,,17,,22,,,,,,,,,,63,,,,,,,88,,,,,,,,,,,35,,,,,,,,,13,,,,,,367,,,62,113,,,,40,,,,,102,,,,,,,,,,,,,,,,89,118,229,91,104,179,77,,397,,,264,149,376,,333,357,337,,,185,335,34,,787,,,,,,30,,,,,,,,14,,,137,62,26,13,,,,449,,,,,,,,87,,,,,,,,,,,,14,,,,,,,,,,,,10,78,22,76,14,,,,,174,,,320,195,,137,,,,,,23,24,,278,121,,,50,,,14,,43,,,,,,,,,,,,,,,,,,,,,,,,,,,,,,,,,,,,,,,,,,,,,,,,,,,,,,,,,,,,,,,185,213,75,6,335,51,,,,,,,,,,,,,,,,,,,,,,,,,,,,,,,,,,,,,,,,,,,,,,,,,,,,,,120,2,,,7,7,65,276,,,260,,,,57,,,,25,,,,,,,,,,,,,,,,,,,
2026-08-01T15:00:02+00:00,,,,,,,,,,,,,,,,,,,,,,,,,,,,,,,,,,,,,,,,,,,,,,,,,,,,,,,,,,,,,,,,,,,,,,,,,,,,,,,,,,,,,,,,,,,,,,,,,,,,,,,,,,,,,,,,,,,,,,,,,,,,,,,,,,,,,,,,,,,,,,,,,,,,,,,,,,,,,,,,,,,,,,,,,,,,,,,,,,,,,,,,,,,,,,,,,,,,,,,,,,,,,,,,,,,,,,,,,,,,,,,,,,,,,,,,,,,,,,,,,,,,,,,,,,,,,,,,,,,,,,,,,,,,,,,,,,,,,,,,,,,,,,,,,,,,,,,,,,,,,,,,,,,,,,,,,,,,,,,,,,,,,,,,,,,,,,,,,,,,,,,,,,,,,,,,,,,,,,,,,,,,,,,,,,,,,,,,,,,261,98,59,423,,1303,106,,,,,,,,,,,,,,,,,,,,,,,,,,,,,,,,,,,,,,,,,,,,,,,,,,,,,,,,,,,,,,,,,,,,,,,,,,,,,,,,,,,,,,,,,,,,,,,,,,,,,,,,,,,,,,,,,,,,,,,,,,,,,,,,,,,,,,,,,,,,,,,,,,,,,,,
2026-08-01T15:05:01+00:00,78,240,,137,358,,,20,94,253,,109,,143,,,167,,,,,85,460,361,68,61,,13,,,,537,,,,51,,78,,,96,,,51,,27,,,1120,,,,247,,,,,47,,,,,,,5,,213,3,0,65,65,,,157,,,,208,,,,,,,,,,98,,94,49,97,111,120,19,295,,17,,,6,110,2,5,2,166,760,43,,176,,77,53,399,,,257,,,,,,,,,,,,,,,,,,,,,,,,,,,,,,,,,,,,,,,,,,,,,,,,,,,,,,,,,,,365,,359,113,316,,,,,389,158,0,,,17,,18,,,,,,,,,,65,,,,,,,86,,,45,,132,,,,,,,,,,,,,,,7,,,,,,369,,9,61,112,,,,41,,,,,103,,,,,,,,,,,,,,,,97,,233,93,110,180,81,,398,13,,261,,375,476,332,359,332,,,,336,32,,,,,,,,,,,,,,,,13,,,135,61,25,11,,,,450,,,,,,,,,,,,,,,,,,,,,,,,,,,,,,,,13,79,,80,17,,76,153,313,175,,,323,,,143,,,,,141,26,31,15,,127,166,,51,121,859,13,103,,,,,,,,,,,,,,,,,,,,,,,,,,,,,,,,,226,56,127,,,,174,,,247,340,,,109,84,,,,,,13,,,241,91,132,17,,75,244,166,190,221,86,9,347,55,31,,,,,,,,,,,,,,,,,,,,,,,,,,,,,,,,,,,,,,,,,,,,,,,,,,,,585,121,4,,,11,16,,278,,,263,,106,,53,,,,24,388,,,,,,,,256,,,,,19,54,,,-370,
2026-08-01T15:10:01+00:00,76,241,,,367,,,16,92,255,,114,,145,,,179,,,,,87,461,,70,64,,10,,,,542,,,24,52,,85,,,95,121,,,,26,,,,,,,246,,,,,,,,,167,,,,61,217,4,,66,64,,,159,,,,209,209,96,135,111,167,133,,,,78,,106,36,95,113,118,22,,,1,276,,,109,7,17,,,,45,,175,,75,55,405,,,229,4,112,10,253,50,105,412,42,41,204,,,,,,3,,,,,530,,,,,10,95,,,,,,,48,,,194,,543,,292,,150,,,,,,,,,,,,,,,,,,,,,,,,,,,2,,,16,5,24,,,,,,,,,,66,,,,,,,88,,,46,,,,,,,,34,,,,,,,,,2,,,,,,375,,11,58,,,,,45,,,,,101,,,,,49,,,,,,,,,,,98,121,235,95,115,182,85,,399,15,,260,153,374,474,,360,331,,,186,342,31,,786,,,,,,,,,,,,,,,,,133,63,,10,,,,,,,,,,,,84,,,,,,,,,,,,15,,,,,,,,,,,,,80,,,18,148,,154,,177,,,324,,,144,,,,,,28,37,16,,,,,,122,858,,,,,262,102,60,436,60,1304,107,,39,,,,,,,,,,,,,,,,,,,,,,232,55,126,,,,176,151,,246,339,,,108,85,,,,,,8,,,243,90,136,13,,74,243,,198,229,92,15,365,51,,3,,135,45,,17,,,,46,1,,,,,13,,163,,,,,,,,,,,,,,,,,,,,,,,,,,,,,,,,,,,120,5,,,7,17,62,287,,-293,260,,110,,55,,,,21,392,235,,,,,,,264,,,,,24,,,,,
2026-08-01T15:15:02+00:00,80,,,,375,,,15,93,258,,119,,146,,,183,,,,,88,,364,75,60,,9,,,1,548,,,28,53,,93,,,,122,,,,27,,,1118,,,,,,,,,,,,,,,,0,60,218,,,67,,,,164,,,,,222,99,142,117,,140,,,,67,,108,,91,116,117,23,,,6,278,,5,110,13,21,,,,,90,173,,77,50,407,,,212,1,111,11,,52,102,413,,36,212,,,,,,,,,,,,,,,,,,,,,,,,,,,,,,,,,,,,,,,,,,,,,,,,,363,1144,353,,321,162,163,251,258,393,163,0,,,16,1,26,,,,,,,,,,67,,,,,,,,,,47,,,,,,,,36,,,,,,,,,6,,,,,,380,,9,57,,,,,46,,,,,,,,,,51,,,,,,,,,,,101,133,240,96,,183,91,,401,,,263,157,,472,,363,326,,,185,345,,,811,,,,258,,,,,,,,,,12,,,137,60,24,13,,,,,,,,,,,,78,,,,,,,,,,,,,,,,,,,,,,,,7,79,23,81,23,,77,,315,175,,,326,198,,143,,,,,,29,40,17,279,130,170,,58,124,,12,105,45,,261,110,,435,57,1303,,,36,,,,,,,,,,,,,,,,,,,,,,240,54,128,,576,,178,148,,247,338,,,110,86,,,,,,,,,245,,139,14,,77,244,170,201,243,89,23,374,57,30,,,,,,,,,,,,,,,,,,,,,,,,,,,,,,,,,,,,,,,,,,,,,,,,,,,,586,,,,,4,20,,291,,3,266,,115,,52,,,,20,391,236,,,,,,,266,,,,,26,52,,,,
2026-08-01T15:20:02+00:00,78,242,,,382,,,17,92,,,117,,150,,,179,,,,,91,463,,73,40,,,,,2,561,,,29,,,99,,,96,120,,48,,,,,1120,,,,245,,,,,46,,,,,,,,62,,,,,62,,,170,,,,207,,,,,,,,,,,,,,,,,,,,,,,,,,,,,,,,,,,,,,,,,115,9,243,58,114,409,43,37,226,,,,,,6,,,,,,,,,,5,100,,,,,,,,,,187,,545,,303,,149,,556,,,,,,,,,,,,,,,,,,,,,,,,,3,,,16,,29,,,,,,,,,,,,,,,,,,,,,,131,,,,,,,,,,,,,,,9,,,,,,381,,10,,114,,,,45,,,,,100,,,,,,,,,,,,,,,,102,146,241,,114,189,95,,,13,,265,156,,476,331,365,320,,,183,349,30,,861,,,,,,,,,,,,,,,,,,,,,,,,,,,,,,,,,,,,,,,,,,,,,,,,,,,,,,,,8,80,,82,26,,76,161,322,187,,,329,,,144,15,,16,90,142,22,45,,,132,169,,59,125,,14,,,,258,,,433,60,1308,108,187,37,,,,,,,,,,,,,,,,,,,,,,237,55,133,,571,,183,152,,241,,,,114,90,,,,,,12,,,249,93,143,19,22,87,238,177,209,257,95,,,,35,,,,,,,,,,,,,,,,,,,,,,,,,,,,,,,,,,,,,,,,,,,,,,,,,,,,587,117,,,,2,19,61,289,,5,268,,120,,51,,,,19,393,238,,,,,,,274,122,,,,28,53,,,-370,
2026-08-01T15:25:01+00:00,79,,,,384,,,,87,257,,111,,,,,178,,,,,92,465,363,79,45,,,,,4,574,,,27,54,,,,,98,122,,,,28,,,1125,,,,244,,,,,45,17,,,168,,,,,221,3,,66,58,,,173,,,,206,220,102,153,122,171,147,,,,64,1,113,33,95,114,109,26,,215,11,280,,6,,15,27,,,,46,92,175,,73,61,415,,,194,,,,,,,,,,,,,,,,,,,,,,,,,,,,,,,,,,50,,,227,,544,,308,,150,,555,,,,,,,,,,,,,,361,1147,346,,320,160,162,250,256,391,160,,,,16,0,35,,,,,,,,,,,,,,,,,87,,,46,,,,,,,,,,,,,,,,,6,,,,,,387,,9,,,,,,42,,,,,,,,,,,,,,,,,,,,,104,143,243,97,116,193,99,,397,,,267,159,378,478,,367,323,,,186,348,,,902,,,,257,,32,,,,,,,,19,,,139,,27,11,,,,447,,,,,,,,73,,,,,,,,,,,,12,,,,,,,,,,,,5,82,20,83,,149,75,162,327,192,,,,199,,,,,17,,141,25,48,15,,133,168,,61,126,859,15,106,,,,,61,,,,,,,,,,,,,,,,,,,,,,,,,,,,,56,,,567,,189,,,,,,,,,,,,,,,,,,,140,,,,,187,217,275,105,22,371,,33,,,,,,,,,,,,,,,,,,,,,,,,,,,,,,,,,,,,,,,,,,,,,,,,,,,,586,118,4,,,1,12,,297,,6,267,,122,,,,,,23,396,241,,,,,,,275,,,2,,23,48,,,,
2026-08-01T15:30:01+00:00,78,241,,,391,,,16,88,262,,110,250,149,,,183,,,,,95,,362,75,40,,2,,,,579,,,26,56,,97,,,97,129,,46,,,,,1124,,,,,,,,,47,,,,,,,,,223,1,,67,55,,,168,,,15,,,,,,,,,,,52,,112,35,102,115,116,21,293,,4,282,,5,108,9,20,,,,52,86,182,,74,57,,,,159,,114,14,234,61,124,410,41,38,239,,,,,,8,,,,,529,,,,,6,96,,,,,,,,,,,,,,,,,,,,,,,,,,,,,,,,,,,,,,,,,,,0,,,15,,44,,,,,,,,,,71,,,,,,,90,,,47,,132,,,,,,37,,,,,,,,,7,,,,,,396,,6,54,115,,,,55,,,,,,,,,,48,,,,,68,,,,,,105,147,242,98,120,196,104,,399,,,264,163,380,483,333,365,322,,,187,350,29,,961,,,,,,,,,,,,,,,,,,,,,,,,,,,,,,,,,,,,,,,,,,,,,,,,,,,,,,,,7,,,,24,,74,165,,195,,,331,197,,143,,,18,,140,27,50,18,,,,,62,,,,107,,,,108,,440,66,1303,107,,,,,,,,,,,,,,,,,,,,,,,,247,,,,,,,150,,,,,,115,89,,,,,,13,,,247,,,27,32,91,243,,223,292,109,28,374,59,32,0,2,116,48,,,,1,,,0,,,,4,15,,149,,,,,,,,,,,,,,,,,,,,,,,,,,,,,,,,,,585,117,6,,,2,19,62,296,,1,,,123,,,,,,28,393,,,,,,,,272,,,,,25,49,,,,
2026-08-01T15:35:01+00:00,81,243,,,399,4,,21,84,,,117,,150,,,185,,,,,100,,364,83,44,,6,,,,583,28,,,58,,99,,,99,128,,,,,,,1128,,,,242,,,,,46,,,,169,,,6,61,,,,,54,,,,,,16,208,225,98,156,124,173,150,,,,,,,,,,,,,,,,,,,,,,,,,,,,,,,,,,,,,,,,,,,,,,,,,,,,,,,,,,,,,,,,,,,48,,,229,,547,,310,,149,,559,,,,,,,,,,,,,,360,1150,335,112,322,159,161,251,257,397,159,,,1,15,,28,,,,,,,,,,72,,,,,,,89,,,,,,,,,,,,,,,,,,,12,10,,,,,,391,,,,,,,,56,,,,,103,,,,,,,,,,,,,,,,,152,244,101,126,,103,,400,16,8,268,164,377,485,,367,320,,,,351,31,,996,,,,,,31,,,,,,,,20,,,140,64,32,12,,,,450,,,,,,,,75,,,,,,,,,,,,,,,,,,,,,,,,,84,19,,26,,75,,338,194,,,333,198,,145,,,,,138,33,59,19,,136,172,,60,127,860,16,105,,,,106,63,449,67,1294,106,185,38,,,,,,,,,,,,,,,,,,,,,,241,,135,,565,,185,152,,242,,,,,,,,,,,,,,,94,142,25,34,95,247,191,233,305,112,32,382,58,37,,,,,,,,,,,,,,,,,,,,,,,,,,,,,,,,,,,,,,,,,,,,,,,,,,,,583,116,3,,,-384,23,,305,,-293,264,,,,55,,,,29,,240,,,,,,,276,,,1,,24,48,,,-370,
2026-08-01T15:40:01+00:00,80,244,,,407,1,,27,80,263,,115,,147,,,184,,,,,101,466,365,76,49,,5,,,6,595,,,27,63,,95,,34,101,127,,45,,27,,,1139,,,,,,,,,47,18,,,168,,,5,,224,2,,,52,,,166,,,,,,,,,,,,,,41,,111,38,106,117,117,22,,,2,,,6,106,12,24,1,,,53,93,184,,76,64,428,,,143,1,115,15,238,63,129,418,39,33,264,,,,,,6,,,,,,,,,,15,94,,,,,,,,,,,,,,,,,,,,,,,,,,,,,,,,,,,,,,,,,,,1,,7,15,,32,,,,,,,,,,75,,,,,,,,,,,,131,,,,,,38,,,,,,,,,14,,,,,,392,,5,,,,,,57,,,,,,,,,,46,,,,,,,,,,,103,161,,102,128,198,107,,397,15,,271,170,379,489,,,312,,,186,352,32,,1018,,,,,,,,,,,,,,,,,,,,,,,,,,,,,,,,,,,,,,,,,,,,,,,,,,,,,,,,4,85,,84,25,,74,166,341,202,,,335,199,,,,,19,,,43,64,,,139,,,61,129,,17,,46,,257,113,,467,64,1288,108,,35,,,,,,,,,,,,,,,,,,,,,,250,55,137,,561,,191,153,,243,,,,118,88,,,,,,14,,,249,,148,27,22,94,253,194,239,324,111,30,388,,43,,,,,,,,,,,,,,,,,,,,,,,,,,,,,,,,,,,,,,,,,,,,,,,,,,,,584,113,,,,1,29,,,,1,265,,124,,59,,,,31,394,239,,,,,,,280,,,12,,25,51,,,,
2026-08-01T15:45:01+00:00,81,246,,136,405,7,,22,,261,,112,,142,,,186,,,,,103,,,70,57,,7,,,,602,27,,,,,99,,,98,,,44,,28,,,1145,,,,243,,,,,,,,,,,,11,60,225,,,69,50,,,171,,,18,209,226,,162,127,,151,,,,21,1,121,44,,118,121,27,,,5,281,,7,,2,14,,164,761,54,94,183,,78,77,440,23,,112,3,,,,,,,,,,,,,,,,,,,,,,,,,,,,,,,,,45,,,228,,560,,320,,150,,562,,,,,,,,,,,,,,358,1155,324,111,,156,,248,255,392,150,,,4,16,,30,,,,,,,,,,,,,,,,,,,,,,,,,,,,,,,,,,,,,15,,,,,,389,,6,55,,,,,53,,,,,104,,,,,,,,,,67,,,,,,104,172,245,,130,201,114,,,9,7,,177,376,495,,,307,,,188,355,31,,1026,,,,256,,32,,,,,,,,19,,,,65,30,13,,,,,,,,,,,,72,,,,,,,,,,,,13,,,,,,,,,,,,1,86,18,86,26,,,172,349,205,,,340,201,,146,,,,,,38,80,20,280,141,176,,,128,,,107,,,256,116,62,489,62,,106,188,27,,,,,,,,,,,,,,,,,,,,,,254,,138,,562,,192,157,,242,339,,,120,,,,,,,16,,,250,95,152,29,19,,,196,,,,,,,,,11,95,36,,11,,3,,48,,,,,1,9,,136,,,,,,,,,,,,,,,,,,,,,,,,,,,,,,,,,,583,112,6,,,-384,35,,316,,3,266,,125,,58,,,,35,393,237,,,,,,,277,,,74,,35,47,,,-370,
2026-08-01T15:45:02+00:00,,,,,,,,,,,,,,,,,,,,,,,,,,,,,,,,,,,,,,,,,,,,,,,,,,,,,,,,,,,,,,,,,,,,,,,,,,,,,,,,,,,,,,,,,,,,,,,,,,,,,,,,,,,,,,,,,,,,,,,,,,,,,,,,,,,,,,,,,,,,,,,,,,,,,,,,,,,,,,,,,,,,,,,,,,,,,,,,,,,,,,,,,,,,,,,,,,,,,,,,,,74,,,,,,,86,,,,,,,,,,,39,,,,,,,,,,,,,,,,,,,,,,,,,,,,,,,,,,,,,,,,,,,,,,,,,,,,,,,,,,,,,,,,,,,,,,,,,,,,,,,,,,,,,,,,,,,,,,,,,,,,,,,,,,,,,,,,,,,,,,,,,,,,,,,,,,,,,,,,,,,,,,,,,,,,,,,,,,,,,,,,,,,,,,,,,,,,,,,,,,,,,,,,,,,,,,,,,,,,,,,,,,,,,,,,,,,,,,,,,,,,249,334,108,28,402,61,42,,,,,,,,,,,,,,,,,,,,,,,,,,,,,,,,,,,,,,,,,,,,,,,,,,,,,,,,,,,,,,,,,,,,,,,,,,,,,,,,,,,,,,,,,,
2026-08-01T15:50:02+00:00,80,248,,,408,6,,25,79,263,,119,,145,,,178,,,,,106,467,363,61,65,,6,,,,612,,,23,62,,106,,,97,128,,,,,,,1147,,,,242,,,,,46,,,,,,,14,61,,4,,70,51,,,170,,,19,207,,103,171,123,,154,,,,,,,,,,,,,,,,,,,,,,,,,,,,,,,,,,,116,22,244,66,128,419,34,31,283,,,,,,8,,,,,528,,,,,20,99,,,,,,,52,,,224,,568,,318,,144,,563,,,,,,,,,,,,,,,,,,,,,,,,,0,,9,16,,34,,,,,,,,,,73,,,,,,,84,,,,,,,,,,,,,,,,,,,,14,,,,,,397,,,,116,,,,54,,,,,98,,,,,47,,,,,,,,,,,103,,247,,131,204,121,,398,11,8,,187,,499,,368,294,137,,190,,30,,1034,,,,253,,34,,,,,,,,17,,,143,62,32,17,,,,,,,,,,,,76,,,,,,,,,,,,10,,,,,,,,,,,,,88,,,27,,73,175,,206,,,,204,,145,,,18,,137,41,84,,281,142,,,,129,,16,110,,,,117,59,483,,1290,107,,19,,,,,,,,,,,,,,,,,,,,,,258,52,140,,557,,193,153,37,244,,,,123,89,,,,,,19,,,248,93,155,28,14,96,256,202,255,367,115,31,407,60,,,,,,,,,,,,,,,,,,,,,,,,,,,,,,,,,,,,,,,,,,,,,,,,,,,,,582,,11,,,1,36,,322,,5,265,,126,,57,,,,32,394,235,,,,,,,278,,,78,,33,46,,,,
2026-08-01T15:55:01+00:00,81,247,,,412,4,,,81,266,,118,,143,,,175,,,,,108,466,364,62,77,,9,,,5,625,,,21,56,,110,,,96,,,42,,,,,1150,,,,,,,,,47,,,,170,,,13,63,227,5,,,50,,,174,,,21,206,,,,,,,,,,1,,123,35,,,137,,294,,,282,,9,107,4,5,,,760,,90,195,111,81,94,451,,,74,,115,25,250,65,,,30,28,289,,,,,,5,,,,,,,,,,26,,,,,,,,,,,,,,,,,,,,,,,,,,,,,,,,300,355,1156,309,112,325,152,162,245,256,391,146,,,13,15,1,48,,,,,,,,,,75,,,,,,,,,,,,133,,,,,,40,,,,,,,,,7,,,,,,398,,5,,,,,,60,,,,,100,,,,,,,,,,,,,,,,106,183,248,104,140,206,126,,395,8,,269,190,377,504,,369,290,,,189,354,29,,,,,,252,,36,,,,,,,,18,,,147,59,38,,,,,,,,,,,,,,,,,,,,,,,,,13,,,,,,,,,,,,,,19,85,28,,72,,356,209,37,,341,206,,144,,,,,,44,86,22,,143,177,,57,,,,,,,,,,,,,,,,,,,,,,,,,,,,,,,,,,,,,,,142,,,,,,,,,,,125,93,,,,,,21,,,249,,,30,,101,255,,267,371,,35,,58,44,,,,,,,,,,,,,,,,,,,,,,,,,,,,,,,,,,,,,,,,,,,,,,,,,,,,583,109,6,,,,40,,331,,7,267,,131,,,,,,,401,,,,,,,,273,,,82,,30,47,,,,
2026-08-01T16:00:01+00:00,84,,,,411,,,26,78,268,,121,,145,,,171,,,,,107,469,366,57,75,,,,,3,639,,,18,58,,114,,,94,126,,43,,,,,1151,,,,243,,,,,48,19,,,,,,14,,229,4,,,49,,,177,,,19,204,223,112,177,127,171,163,,196,,,,128,30,104,112,143,,293,,1,281,1,8,106,5,1,,,,,88,,110,82,100,447,,,58,,,,,,,,,,,,,,,,,,,,,,,,,,,,,,,,,,43,,,220,,580,,324,,139,,559,,,,,,,,,,,,,,,,,,,,,,,,,6,,6,15,3,55,,,,,,,,,,78,,,,,,,88,,,,,,,,,,,41,,,,,,,,,1,,,,,,399,,4,56,,,,,,,,,,,,,,,,,,,,,,,,,,107,198,249,106,146,205,136,,397,10,9,272,196,378,507,,,276,,,,355,33,,1036,,,,255,,38,,,,,,,,17,,,146,57,40,19,,,,,,,,,,,,67,,,,,,,,,,,,11,,,,,,,,,,,,6,91,17,,26,,,174,354,211,,,,203,,147,,,,91,139,38,90,,,,,,56,,,17,114,,,257,114,61,486,65,1288,108,,6,,,,,,,,,,,,,,,,,,,,,,263,53,140,,560,,190,,39,248,342,,,126,96,,,,,,18,,,250,94,164,38,16,,,204,278,377,119,36,411,60,46,,18,66,31,,24,,0,,47,1,1,,,6,24,,131,,,,,,,,,,,,,,,,,,,,,,,,,,,,,,,,,,581,110,3,,,-384,38,,335,,4,270,,130,,61,,,,39,402,236,,,,,,,276,,,76,,,46,,,,
2026-08-01T16:05:02+00:00,83,243,,,406,,,29,84,270,,125,,146,,,169,,,,,108,470,369,51,74,,7,,,,653,,,,62,,117,,,92,128,,,,29,,,,,,,,,,,,,,,,,,,,,,3,,,,,,174,,,20,,224,124,181,130,173,170,,,,,,,,,,,,,,,,,,,,,,,,,,,,,,,,,,,,,,,,,,,,,,,,,10,,,,,,,,,,31,,,,,,,,,,,,,,,,,,,,,,,,,,,,,,,,,348,1158,301,,324,138,,243,255,382,144,4,,8,15,2,,,,,,,,,,,76,,,,,,,,,,46,,135,,,,,,43,,,,,,,,0,,,,,,,402,,,57,,,,,56,,,,,99,,,,,,,,,,66,,,,,,,208,252,109,151,,147,,398,8,,,202,377,509,334,372,270,,,192,356,30,,1043,,,,256,,39,,,,,,,,18,,,145,61,42,,,,,,,,,,,,,63,,,,,,,,,,,,,,,,,,,,,,,,8,93,18,84,25,,70,172,364,,,,340,206,,148,,,,,137,33,95,,280,144,181,,,,,15,115,50,,255,104,62,480,59,,104,,0,,,,,,,,,,,,,,,,,,,,,,270,,143,,559,,193,159,40,246,341,,,123,97,,,,,,7,,,248,95,172,51,,102,262,84,280,394,121,35,416,59,49,,,,,,,,,,,,,,,,,,,,,,,,,,,,,,,,,,,,,,,,,,,,,,,,,,,,579,109,,,,2,50,65,333,,6,272,,128,,59,,,,44,401,234,,,,,,,277,,,79,,32,75,,,,
2026-08-01T16:10:01+00:00,86,245,,,412,3,,23,86,267,,130,,150,,,170,,,,,107,472,368,48,84,,4,,,2,662,,,17,65,,123,,,93,,,42,,,,,1154,,,,242,,,,,,,,,171,,,13,65,,0,,69,44,,,173,,,,206,,,,,,,,,,,,137,15,107,116,157,25,,,14,279,,9,,10,5,,163,761,,,190,109,80,113,458,,,32,2,114,30,249,65,133,422,29,28,300,,,,,,8,,,,,530,,,,,35,98,,,,,,,51,,,210,,585,,327,,137,,562,,,,,,,,,,,,,,,,,,,,,,,,,6,,11,15,0,54,,,,,,,,,,77,,,,,,,,,,,,134,,,,,,,,,,,,,,,2,,,,,,396,,5,53,,,,,62,,,,,96,,,,,48,,,,,,,,,,,105,216,253,110,157,207,152,,399,,,275,210,380,506,,376,261,,,,354,29,,1057,,,,,,,,,,,,,,,,,,,,,,,,,,,,,,,,,,,,,,,,,,,,,,,,,,,,,,,,108,97,,,,150,,175,371,220,,,,,,153,,,,90,136,38,97,20,,149,180,,60,130,,14,,,,,,63,,,,,,,,,,,,,,,,,,,,,,,,,,,,,,,,,,,,,,,,,,,,,,,,,,,,,,,,,,,285,407,122,43,417,,45,,,,,,,,,,,,,,,,,,,,,,,,,,,,,,,,,,,,,,,,,,,,,,,,,,,,578,,4,,,,53,,343,,7,271,,131,,58,,,,47,,,,,,,,,278,,,92,,36,,,,,
2026-08-01T16:15:01+00:00,89,242,57,,413,2,,21,98,273,,127,,,,,,,,,,110,475,370,49,82,,,,,1,671,,,13,70,,130,,,91,131,,,,30,,,1156,,,,241,,,,,,,,,,,,10,,230,,,70,,,,175,,,21,205,,127,187,132,171,168,,,,,,138,17,103,115,166,23,,,25,278,,6,,12,7,,161,762,,90,187,,91,117,461,,,19,3,113,36,244,,139,426,,26,302,,,,,,,,,,,,,,,,,,,,,,,,55,,,202,,586,,326,,,,563,,,,,,,,,,,,,,,,285,,322,131,,236,251,377,142,4,,18,15,,44,,,,,,,,232,,76,,,,,,,86,,,47,,133,,,,,,44,,,,,,,,,5,,,,,,395,,,54,114,,,,58,,,,,94,,,,,51,,,,,65,,,,,,107,228,256,112,158,208,169,,396,10,,155,,378,510,,373,260,,,,,32,,1074,,,,263,,47,,,,,,,,,,,144,57,36,18,,,,,,,,,,,,68,,,,,,,,,,,,12,,,,,,,,,,,,,98,19,,26,,,176,375,226,,,339,207,,154,,,,91,135,44,102,,,151,179,,63,,,15,114,,,252,89,64,493,51,1289,102,,,,,,,,,,,,,,,,,,,,,,,,283,52,147,,555,,194,157,55,,340,,,125,95,,,,,,11,,,249,92,,56,14,108,,87,288,421,124,41,414,58,49,,13,47,13,,22,,,,50,0,0,,,4,33,,123,,,,,,,,,,,,,,,,,,,,,,,,,,,,,,,,,,,,5,,,-384,59,,352,,5,267,,139,,59,,,,52,400,,,,,,,,284,,,85,,37,77,,,,
2026-08-01T16:20:01+00:00,,241,,,419,5,,22,105,271,,125,251,153,,,168,,,,,116,476,375,52,85,,3,,,3,680,,,11,73,,136,,,93,,,,,,,,1159,,,,,,,,,,,,,170,,,13,,,,,71,43,,,174,,,20,,,,,,,,,,,,,137,,105,118,173,21,,,44,276,,,104,14,11,,,,,89,189,,94,121,468,,3,6,4,,,,,,,,,,,,,,,9,,,,,531,,,,,46,100,,,,,,,,,,,,,,,,,,,,,,,,,,,,,,,,,,,,,,,,,,,6,,19,15,4,42,,,,,,,,,,,,,,,,,,,,,,,,,,,,,,,,,,,,,10,,,,,,396,,,,,,,,57,,,,,93,,,,,50,,,,,,,,,,,106,234,258,113,160,,176,,397,,8,159,218,380,511,,374,256,,,,359,34,,1116,,,,267,,50,,,,,,,,20,,,,54,,17,,,,,,,,,,,,60,,,,,,,,,,,,11,,,,,,,,,,,,106,,,85,33,,69,180,380,230,,,340,209,,155,,,,,136,45,104,18,,,181,,69,131,,16,120,53,,251,80,,495,44,1296,87,189,,,,,,,,,,,,,,,,,,,,,,,303,54,140,,554,,195,155,77,251,,,,,,,,,,,12,,,252,91,176,64,15,109,264,91,,,,,,,,,,,,,,,,,,,,,,,,,,,,,,,,,,,,,,,,,,,,,,,,,,,,,,,,,,,577,110,,,,9,62,,354,,6,266,,141,,,,,,53,402,,,,,,,,289,,,92,,45,78,,,,
2026-08-01T16:20:02+00:00,,,,,,,,,,,,,,,,,,,,,,,,,,,,,,,,,,,,,,,,,,,,,,,,,,,,,,,,,,,,,,,,,,,,,,,,,,,,,,,,,,,,,,,,,,,,,,,,,,,,,,,,,,,,,,,,,,,,,,,,,,,,,,,,,,,,,,,,,,,,,,,,,,,,,,,,,,,,,,,,,,,,,,,,,,,,,,,,,,,,,,,,,,,,,,,,,,,,,,,,,,77,,,,,,,,,,,,135,,,,,,45,,,,,,,,,,,,,,,,,,,,,,,,,,,,,,,,,,,,,,,,,,,,,,,,,,,,,,,,,,,,,,,,,,,,,,,,,,,,,,,,,,,,,,,,,,,,,,,,,,,,,,,,,,,,,,,,,,,,,,,,,,,,,,,,,,,,,,,,,,,,,,,,,,,,,,,,,,,,,,,,,,,,,,,,,,,,,,,,,,,,,,,,,,,,,,,,,,,,,,,,,,,,,,,,,,,,,,,,,,,,293,435,123,46,421,56,51,,,,,,,,,,,,,,,,,,,,,,,,,,,,,,,,,,,,,,,,,,,,,,,,,,,,,,,,,,,,,,,,,,,,,,,,,,,,,,,,,,,,,,,,,,
2026-08-01T16:25:02+00:00,92,245,,,421,4,,31,107,268,,129,,152,,,166,,,,,119,477,376,,89,,,,,,710,,,,75,,141,,,94,130,,,,,,,1162,,,,240,,,,,49,,,,,,,12,66,,,1,,,,,170,,,19,206,219,134,191,135,170,174,,,,,,,,,,,,,,,,,,,,,,,,,,,,,,,,,,,112,,,,149,433,27,,300,,,,,,8,,,,,,,,,,48,103,,,,,,,61,,,198,,585,,331,,135,,566,,,,,,,,,,,,,,345,1157,278,,320,126,163,232,247,378,146,11,,18,15,6,37,,,,,,,,233,,80,,,,,,,87,,,,,,,,,,,46,,,,,,,,,2,,,,,,401,,4,,,,,,55,,,,,,,,,,49,,,,,64,,,,,,107,249,259,,164,210,187,,393,11,9,162,232,382,519,333,375,243,,,,356,,,1146,,,,263,,,,,,,,,,,,,145,53,30,15,,,,,,,,,,,,67,,,,,,,,,,,,12,,,,,,,,,,,,,100,20,86,,,70,182,385,227,,,,213,,154,14,,,92,,50,107,,,153,183,,,132,,18,118,52,,246,81,63,504,45,1292,81,190,,,,,,,,,,,,,,,,,,,,,,,307,55,143,,,,199,153,83,249,342,,,129,,,,,,,10,,,249,93,179,69,21,111,269,99,303,458,127,,417,54,48,,,,,,,,,,,,,,,,,,,,,,,,,,,,,,,,,,,,,,,,,,,,,,,,,,,,,,2,,,4,60,64,358,,2,269,,140,,60,,,,56,399,232,,,,,,,296,,,89,,49,,,,-370,
2026-08-01T16:30:02+00:00,94,,,,,7,,37,103,,,131,,156,,,162,,,,,121,476,378,64,,,0,,,4,712,,,10,80,,139,,,90,129,,41,,,,,1165,,,,,,,,,,,,,,,,10,67,231,,0,,40,,,172,,,,,,,,,,,,,,,,139,19,101,119,177,,295,,37,277,,,102,,8,2,160,761,52,91,193,,93,127,469,,4,,6,,,,,,,,,,,,,,,,,,,,,,,,,,,,,,,,,,,,,,,,,,,,,,,,,,,,,,,,,,,,,,,,,,,,,10,,24,15,5,34,,,,,,,,234,,82,,,,,,,88,,,,,,,,,,,,,,,,,,,,6,,,,,,400,,5,,,,,,51,,,,,,,,,,,,,,,,,,,,,106,252,261,115,165,212,196,,,10,,165,231,,525,334,374,236,,,196,361,,,1174,,,,267,,54,,,,,,,,,,,144,55,,14,,,,449,,,,,,,,53,,,,,,,,,,,,10,,,,,,,,,,,,101,102,21,84,32,,,180,386,223,,,339,,,155,,,,,133,58,110,19,,,189,,70,134,861,17,,54,,,,,,,,,,,,,,,,,,,,,,,,,,,,,,,,,,,,,,,,,,,,,,,,,,,,,,,,,,,,,,,309,464,130,45,424,58,49,,25,38,,,11,,1,,49,,,,,0,18,,95,,,,,,,,,,,,,,,,,,,,,,,,,,,,,,,,,,576,109,,,,1,69,65,362,,3,270,,146,,58,,,,57,400,233,,,,,,,301,,,83,,54,76,,,,
2026-08-01T16:35:01+00:00,95,246,,,418,8,,42,106,267,,134,,159,,,160,,,,,,474,379,74,93,,,,,5,730,,,,74,,140,,,,130,,40,,,,,1167,,,,243,,,,,48,,,,,,,13,,232,,,72,37,,,,,,18,205,,135,203,136,163,180,,,,,,142,3,100,121,,16,,,61,,,5,103,16,12,1,,759,55,89,189,110,101,137,474,,,,8,117,45,238,71,154,426,28,22,306,,,,,,5,,,,,529,,,,,51,107,,,,,,,68,,,186,,597,,332,,125,,570,,,,,,,,,,,,,,342,1166,266,,321,116,,229,244,,,,,28,15,9,45,,,,,,,,,,83,,,,,,,,,,,,136,,,,,,47,,,,,,,,,9,,,,,,404,,4,53,,,,,47,,,,,87,,,,,,,,,,62,,,,,,104,267,262,,172,213,209,,,12,10,,232,,532,,377,228,136,,200,364,37,,1183,,,,,,56,,,,,,,,19,,,145,52,31,,,,,,,,,,,,,52,,,,,,,,,,,,11,,,,,,,,,,,,102,105,18,82,35,,,184,392,229,,,342,,,153,,,17,,,59,112,18,281,155,196,,73,135,,21,117,,,248,70,62,513,46,1293,48,192,,,,,,,,,,,,,,,,,,,,,,,314,56,142,,552,,207,156,88,251,,,,131,96,,,,,,11,,,248,96,182,73,18,113,273,105,312,479,132,47,427,59,53,,,,,,,,,,,,,,,,,,,,,,,,,,,,,,,,,,,,,,,,,,,,,,,,,,,,577,,3,,,3,,64,364,,6,271,,150,,59,,,,63,399,234,,,,,,,300,,,95,,57,74,,,,
2026-08-01T16:40:01+00:00,93,247,,,426,9,,51,110,,,132,,158,,,161,,,,,124,476,380,71,106,,,,,,736,,,8,76,,141,,,,,,,,,,,1166,,,,249,,,,,,,,,171,,,11,69,,,,,35,,,174,,,19,,,,,,,,,,,,,139,2,104,119,174,15,,,69,,,3,,22,11,4,,758,54,85,185,,102,131,478,,,,5,,,,,,,,,,,,,,,,,,,,,,,,,,,,,,,,,,,,,,,,,,,,,,,,,,,,,,,,,,,,,,,,,,,,,11,,,16,13,52,,,,,,,,,,81,,,,,,,,,,,,137,,,,,,48,,,,,,,,,12,,,,,,413,,3,,115,,,,49,,,,,86,,,,,,,,,,,,,,,,,273,264,116,175,,216,,,14,,164,237,383,534,,376,227,135,,199,362,35,,1187,,,,,,,,,,,,,,,,,,,,,,,,,,,,,,,,,,,,,,,,,,,,,,,,,,,,,,,,96,,19,84,31,,,183,401,,,,343,214,,151,,,,,131,70,119,19,,156,197,,75,138,,17,120,,,247,80,,518,56,1291,46,,,,,,,,,,,,,,,,,,,,,,,,322,,141,,549,,205,160,96,250,343,,,133,,,,,,,13,,,247,97,187,75,31,110,270,108,315,496,136,52,425,60,56,,,,,,,,,,,,,,,,,,,,,,,,,,,,,,,,,,,,,,,,,,,,,,,,,,,,576,,4,,,4,68,,,,-293,273,,155,,60,,,,68,,235,,,,,,,304,,,101,,60,78,,,,
2026-08-01T16:45:01+00:00,96,,,,439,8,,54,112,266,,135,,164,,,,,,,,126,475,382,,117,,,,,6,742,,,,,,143,,,91,128,,39,,,,,1172,,,,263,,,,,,,,,170,,,,,,,,,33,,,,,,20,206,217,142,208,,162,183,,,,,,138,4,105,120,173,,294,,84,,,,100,25,10,,,759,53,73,191,,,133,483,,,,4,,,,,,,,,,,,,,,3,,,,,,,,,,54,109,,,,,,,72,,,169,,601,,336,,120,,573,,,,,,,,,,,,,,338,1162,241,,320,112,166,227,242,,,14,,31,16,14,60,,,,,,,,,,82,,,,,,,86,,,,,136,,,,,,,,,,,,,,,,,,,,,417,,0,52,116,,,,46,,,,,85,,,,,50,,,,,,,,,,,102,,269,117,180,214,229,,389,12,,167,236,,536,335,,216,,,198,363,36,,1188,,,,,,,,,,,,,,,,,,,,,,,,,,,,,,,,,,,,,,,,,,,,,,,,,,,,,,,,90,,,,36,,69,186,406,,,37,341,,,152,,,,,,77,125,,,158,198,,73,,,19,121,55,,,,,,,,,,,,,,,,,,,,,,,,,,,,,,,,331,54,144,,548,,203,166,108,,342,,,135,97,,,,,,,,,246,,186,77,35,,,111,320,509,137,61,440,65,58,,15,26,,,10,,2,,51,,,,,,12,,78,,,,,,,,,,,,,,,,,,,,,,,,,,,,,,,,,,,,3,,,3,72,,371,,8,275,,156,,65,,,,69,402,234,,,,,,,308,,,111,,67,81,,,,
2026-08-01T16:50:01+00:00,93,244,,,441,15,,61,114,270,,131,,166,,,160,,,,,131,476,384,73,123,,,,,5,758,,,,74,,148,,33,89,129,,38,,,,,1175,,,,284,,,,,,,,,,,,13,,,,,,32,,,176,,,18,208,,,,,,,,,,,,,,,,,,,,,,,,,,,,,,,,,,,,,,,,,,,,,,,,,,,,,,,12,,,,,,,,,,53,114,,,,,,,,,,,,,,,,,,,,,,,,,,,,,,,,,,,,,,,,,,,17,,25,15,19,62,,,,,,,,,,81,,,,,,,85,,,46,,,,,,,,49,,,,,,,,,,,,,,,419,,2,,115,,,,45,,,,,83,,,,,48,,,,,,,,,,,99,282,,119,184,216,243,,386,,11,169,237,384,545,,377,209,136,,200,360,38,,1179,,,,273,,55,,,,,,,,25,,,150,53,24,15,,,,450,,,,,,,,33,,,,,,,,,,,,14,,,,,,,,,,,,82,107,,85,39,,68,187,405,228,,,342,217,,155,,,,,130,83,128,18,282,157,,,,139,,,119,57,,245,83,,535,53,1290,38,193,,,,,,,,,,,,,,,,,,,,,,,339,56,140,,547,,206,157,121,254,343,,,132,96,,,,,,15,,,244,96,187,83,43,106,268,117,328,520,138,68,447,,59,,,,,,,,,,,,,,,,,,,,,,,,,,,,,,,,,,,,,,,,,,,,,,,,,,,,575,111,,,,7,74,,370,,13,274,,160,,66,,,,66,403,235,,,,,,,305,,,116,,70,85,,,,
2026-08-01T16:55:02+00:00,92,245,,,444,14,,65,115,277,,130,,168,,,,,,,,132,,383,69,122,,,,,,777,,,,75,,,,35,,127,,39,,,,,1177,,,,297,,,,,47,,,,171,,,12,,233,,,,,,,172,,,17,209,211,149,220,137,,187,,197,,,,135,8,104,117,196,14,295,,113,272,,,101,20,,,159,760,52,84,179,108,,149,487,,1,,3,116,54,219,74,164,430,37,19,322,,,,,,,,,,,,,,,,,,,,,,,,86,,,162,,606,,344,,117,,576,,,,,,,,,,,,,,333,1163,223,113,324,105,169,223,237,370,150,,,27,15,14,69,,,,,,,,,,83,,,,,,,83,,,48,,,,,,,,50,,,,,,,,,10,,,,,,416,,1,,,,,,48,,,,,79,,,,,47,,,,,,,,,,,97,288,,,190,217,256,,389,6,10,173,239,,546,,378,198,,,202,361,35,,1177,,,,276,,56,,,,,,,,24,,,152,48,27,,,,,,,,,,,,,,,,,,,,,,,,,11,,,,,,,,,,,,77,,18,86,40,,67,186,406,,,,343,,,153,,,,91,129,87,132,19,,156,199,,75,,,,,58,,241,81,,569,48,1289,20,,,,,,,,,,,,,,,,,,,,,,,,341,57,142,,540,,,158,140,252,348,,,,94,,,,,,17,,,245,94,191,85,53,102,269,120,332,529,137,,461,66,61,,,,,,,,,,,,,,,,,,,,,,,,,,,,,,,,,,,,,,,,,,,,,,,,,,,,576,108,5,,,12,79,,377,,20,276,,165,,,,2,,69,405,236,,,,,,,310,,,123,,75,87,,,,
2026-08-01T17:00:02+00:00,94,242,58,,445,15,,74,124,278,,126,,172,,,157,,,,,136,,385,63,137,,,,,,797,,,9,70,,158,,,90,,,38,,,,,1179,,,,298,,,,,48,18,,,,,,11,,,,,73,31,,,173,,,16,208,,,,,,,,,,,,,,,,,,,,,,,,,,,,,,,,,,,,,,,,,115,59,206,71,170,434,39,23,320,,,,,,11,,,,,,,,,,56,,,,,,,,,,,153,,614,,346,,115,,,,,,,,,,,,,,,,,,,,,,,,,,,22,,26,15,13,95,,,,,,,,235,,,,,,,,,85,,,49,,135,,,,,,,,,,,,,,,8,,,,,,417,,2,50,,,,,47,,,,,,,,,,,,,,,,,,,,,87,295,270,,196,220,259,,387,4,9,171,241,383,553,,380,180,,,205,357,36,,1168,,,,,,,,,,,,,,,,,,,,,,,,,,,,,,,,,,,,,,,,,,,,,,,,,,,,,,,,74,109,17,84,43,,,,405,225,,,,211,,,,,,,,97,135,20,,157,203,,82,140,,17,118,,,,,,,,,,,,,,,,,,,,,,,,,,,,,,,,,,,,,,,,,,,,,,,,,,,,,,,,,,,,,,,,337,541,139,73,478,67,65,,,,,,,,,,,,,,,,,,,,,,,,,,,,,,,,,,,,,,,,,,,,,,,,,,,,577,,6,,,14,84,63,382,,17,277,,170,,71,,6,,74,404,239,,,,,,,307,,,131,,83,89,,,,
2026-08-01T17:05:01+00:00,,245,,,450,12,,78,127,,,127,,175,,,159,,,,,140,475,,69,142,,,,,,800,,,10,67,,164,,,87,129,,,,,,,,,,,302,,,,,,,,,,,,9,,,,,,30,,,,,,,207,208,148,227,,158,,,,,,,131,,102,,,12,,,106,,1,,100,18,,2,,761,,,177,,100,151,490,,,,2,,,,,,,,,,,,,,,,,,,,,,,,,,,,,,,,,,,,,,,,,,,,,,,,,,,,,,,,,,330,1166,218,114,326,97,171,211,,367,,25,,34,16,10,104,,,,,,,,,,82,,,,,,,87,,,,,,,,,,,51,,,,,,,,,0,,,,,,416,,0,0,,,,,0,,,,,,,,,,0,,,,,,,,,,,91,302,,122,200,221,275,,386,8,6,176,245,385,559,,376,174,,,206,353,43,,1169,,,,,,,,,,,,,,,,,,,,,,,,,,,,,,,,,,,,,,,,,,,,,,,,,,,,,,,,69,110,19,83,,,66,189,415,226,,,345,210,,,,,,92,126,107,0,22,281,156,204,,81,141,,20,,,,,72,61,581,45,1290,13,,,,,,,,,,,,,,,,,,,,,,,,,,139,,546,,208,157,150,253,349,,,,96,,,,,,16,,,246,96,,90,54,,272,,338,548,142,76,480,,70,,,9,17,,12,,414,,50,,,,,,23,,59,,,,,,,,,,,,,,,,,,,,,,,,,,,,,,,,,,574,105,2,,,7,83,,384,,15,281,,172,,,,12,,73,403,243,,,,,,,306,,,138,,89,91,,,-370,
2026-08-01T17:10:01+00:00,95,246,,,452,13,,81,135,280,,128,,174,,,163,,,,,141,,387,65,144,,3,,,6,811,,,9,64,,167,,,89,130,,,,,,,,,,,303,,,,,50,,,,,,,6,,,,,,26,,,172,,,,205,,,,,,,,,,,,127,1,103,,195,13,,,98,271,,2,102,29,4,,,,49,74,172,,102,154,493,,,,,113,66,205,77,172,442,,18,326,,,,,,14,,,,,530,,,,,63,116,,,,,,,79,,,148,,619,,348,,116,,578,,,,,,,,,,,,,,,,,,,,,,,,,24,,,16,15,114,,,,,,,,,,84,,,,,,,89,,,50,,134,,,,,,,,,,,,,,,3,,,,,,408,,2,49,114,,,,53,,,,,74,,,,,45,,,,,63,,,,,,78,326,,123,,223,279,,390,,,175,,,563,334,375,167,135,,,,42,,1172,,,,281,,55,,,,,,,,26,,,142,51,24,13,,,,,,,,,,,,22,,,,,,,,,,,,12,,,,,,,,,,,,67,112,17,,46,,64,187,,228,,,346,211,,155,,,,,125,117,,,283,,,,,,,22,,59,,242,66,62,594,32,,7,195,,,,,,,,,,,,,,,,,,,,,,,344,56,138,,551,,209,155,159,249,351,,,134,98,,,,,,15,,,245,97,,91,48,104,275,122,341,568,147,79,495,68,77,,,,,,,,,,,,,,,,,,,,,,,,,,,,,,,,,,,,,,,,,,,,,,,,,,,,571,104,4,,,8,86,,386,,11,,,178,,72,,16,,75,404,,,,,,,,308,,,153,,88,94,,,,
2026-08-01T17:15:01+00:00,100,247,,,455,14,,79,140,279,,132,,179,,,158,,,,,143,,388,69,156,,4,,,7,834,28,,,62,,178,,,87,131,,,,29,,,,,,,,,,,,49,,,,,,,0,,,,,72,24,,,179,,,18,,198,158,232,134,155,192,,198,,,,,,,,,,,,,,,,,,,,,,,,,,,,,,,,,114,79,203,78,173,443,37,16,334,,,,,,,,,,,,,,,,,,,,,,,,,,,,,,,,,,,,,,,,,,,,,,,,,327,1168,208,120,332,99,,209,235,364,141,27,,42,16,14,135,,,,,,,,,,87,,,,,,,,,,,,,,,,,,,,,,,,,,,4,,,,,,405,,3,53,,,,,54,,,,,73,,,,,46,,,,,,,,,,,64,339,272,124,205,224,296,,389,6,5,,244,386,570,,376,160,,,205,355,44,,1170,,,,283,,,,,,,,,,,,,144,,25,,,,,,,,,,,,,26,,,,,,,,,,,,,,,,,,,,,,,,68,113,18,84,48,,65,189,422,224,38,,345,,,,,,,,122,,,23,,,203,,84,142,,24,117,,,241,58,61,601,27,1289,0,196,,,,,,,,,,,,,,,,,,,,,,,353,57,143,,554,,211,156,179,248,350,,,132,100,,,,,,14,,,247,96,,93,45,103,277,123,343,583,152,81,504,69,76,,,,,,,,,,,,,,,,,,,,,,,,,,,,,,,,,,,,,,,,,,,,,,,,,,,,,102,2,,,5,87,,389,,28,284,,176,,76,,18,,80,405,245,,,,,,,301,,,162,,69,,,,,
2026-08-01T17:20:01+00:00,102,248,,,,17,,86,151,282,,135,,185,,,156,,,,,145,476,,73,157,,0,,,,844,27,,,60,,182,,,85,,,37,,30,,,,,,,,,,,,,,,,172,,,,,234,,,,21,,,181,,,16,,200,159,234,132,156,191,,,,,,129,3,96,120,192,,,,102,273,,1,,32,,,,,51,82,178,,103,152,501,,,,,,,,,,,,,,,,,,,11,,,,,531,,,,,66,119,,,,,,,73,,,143,,631,,367,,110,,,,,,,,,,,,,,,,,,,,,,,,,,,28,,38,15,16,146,,,,,,,,,,89,,,,,,,88,,,51,,,,,,,,,,,,,,,,,0,,,,,,407,,,,,,,,50,,,,,74,,,,,,,,,,,,,,,,59,352,,123,209,225,299,,386,7,2,178,253,387,574,336,,149,,,206,,43,,1173,,,,,,,,,,,,,,,,,142,50,24,,,,,,,,,,,,,27,,,,,,,,,,,,11,,,,,,,,,,,,54,,,,53,,61,,426,230,,,348,210,,158,13,,,,118,126,,,,155,207,,85,143,,25,,60,,233,33,62,611,21,1288,,,,,,,,,,,,,,,,,,,,,,,,,359,60,142,,553,,212,158,192,252,352,,,134,99,,,,,,15,,,250,99,,94,50,106,281,121,348,604,154,84,519,74,82,,4,0,13,3,8,,,,,,,,,,35,,49,,,,,,,,,,,,,,,,,,,,,,,,,,,,,,,,,,562,,3,,,-384,95,,396,,23,283,,180,,74,,20,,84,408,247,,,,,,,303,,,178,,80,96,,,,
2026-08-01T17:25:02+00:00,108,,,137,464,20,,91,160,281,,,,187,,,152,,,,,148,475,393,75,165,,,,,6,854,,,8,59,,188,,,84,,,38,,34,,,,,,,304,,,,,,,,,,,,,,,,,,20,,,185,,,,208,,,,,,,,,,,,127,18,99,112,198,,296,,93,271,,,99,37,8,4,160,762,48,83,,,106,150,507,22,,,,115,98,201,,176,449,38,14,342,,,,,,,,,,,,,,,,,,,,,,,,,,,,,,,,,,,,,,,,,,,,,,,,,323,1163,211,,335,,,206,232,369,138,27,,44,15,19,154,,,,,,,,236,,90,,,,,,,89,,,,,135,,,,,,,,,,,,,,,,,,,,,406,,,51,113,,,,49,,,,,73,,,,,48,,,,,,,,,,,50,361,273,,210,,309,,390,10,3,181,258,,576,,,143,,,211,357,44,,,,,,282,,58,,,,,,,,25,,,141,48,25,14,,,,,,,,,,,,26,,,,,,,,,,,,,,,,,,,,,,,,50,114,19,83,57,,62,190,429,232,,36,349,,,159,,,,91,114,,,,,156,208,,86,142,860,,121,,,231,24,63,624,16,1283,,,,,,,,,,,,,,,,,,,,,,,,,364,,,,552,,215,162,199,249,,,,136,,,,,,,19,,,,,,97,54,107,279,123,349,618,152,83,530,75,85,,,,,,,,,,,,,,,,,,,,,,,,,,,,,,,,,,,,,,,,,,,,,,,,,,,,,103,2,,,7,,62,399,,28,285,,184,,73,,,,88,,249,,,,,,,308,,,176,,85,97,,,,
2026-08-01T17:30:02+00:00,110,246,,,470,22,,93,,282,,134,250,189,,,142,,,,,151,476,395,74,169,,,,,,859,,,,58,,198,,,82,129,,37,,,,,,,,,305,,,,,,,,,173,,,,,,,,,17,,,188,,,15,209,204,160,242,127,150,195,,,,,,,,,,,,,,,,,,,,,,,,,,,,,,,,,,,117,106,195,76,177,450,39,16,343,,,,,,17,,,,,529,,,,,68,121,,,,,,,77,,,146,,636,,371,,109,,581,,,,,,,,,,,,,,,,,,,,,,,,,,,47,15,21,177,,,,,,,,,,92,,,,,,,88,,,53,,136,,,,,,50,,,,,,,,,,,,,,,409,,2,,,,,,53,,,,,74,,,,,,,,,,,,,,,,41,363,271,,211,227,317,,393,,,188,259,388,581,,377,148,,,214,361,42,,1178,,,,288,,57,,,,,,,,26,,,139,51,23,13,,,,,,,,,,,,31,,,,,,,,,,,,13,,,,,,,,,,,,42,113,20,84,,,63,193,433,237,,,,208,,158,,,,,117,131,,24,281,157,209,,84,144,861,26,123,58,,229,19,62,633,20,1286,,,,,,,,,,,,,,,,,,,,,,,,,374,59,145,,547,,217,166,218,,353,,,138,97,,,,,,,,,248,98,,106,67,112,280,125,351,624,153,87,537,74,86,,,,,,,,,,,,,,,,,,,,,,,,,,,,,,,,,,,,,,,,,,,,,,,,,,,,,100,-300,,,3,,,406,,33,289,,181,,77,,,,,,250,,,,,,,311,,,184,,,103,,,,
2026-08-01T17:35:01+00:00,112,248,,,468,23,,,162,283,,,,195,,,141,,,,,150,,399,73,,,4,,,7,875,,,7,59,,204,,,79,,,36,,,,,,,,,,,,,,,,,,174,,,7,70,233,,,73,18,,,193,,,18,211,,,,,,,,,,,,126,13,100,109,190,7,,,95,272,,,,33,13,1,,761,44,81,179,,,147,506,23,,,,,,,,,,,,,,,,,,,,,,,,,,,,,,,,,,,,,,,,,,,,,,,,,,,,,,,,,,,,301,316,1162,212,121,337,102,,203,230,363,140,28,,34,15,,186,,,,,,,,,,,,,,,,,87,,,,,,,,,,,,,,,,,,,,,,,,,,,,,52,,,,,51,,,,,75,,,,,49,,,,,,,,,,,27,367,,127,213,,324,,,11,1,190,256,389,580,,375,135,,,221,357,,,1180,,,,,,,,,,,,,,27,,,136,49,,12,,,,,,,,,,,,,,,,,,,,,,,,,,,,,,,,,,,,38,118,22,,56,,,192,,239,,,351,207,,157,,,,,120,134,,23,279,159,212,,86,142,860,27,124,,,,,,,,,,,,,,,,,,,,,,,,,,,,,,,,,382,,143,,545,,,170,232,246,,,,136,96,,,,,,21,,,249,99,,111,70,111,282,,356,628,158,92,533,76,,,0,,,0,10,,,,49,,1,,,,33,,37,,,,,,,,,,,,,,,,,,,,,,,,,,,,,,,,,,,102,2,,,2,102,,404,,39,294,,,,80,,21,,,409,248,,,,,,,,,,198,,90,104,,,-370,
2026-08-01T17:40:01+00:00,113,,,,471,24,,94,168,,,,,201,,,137,,,,,152,,401,71,179,,0,,,6,884,,,3,58,,217,,,80,131,,37,,,,,,,,,,,,,,50,,,,,,,,,234,,,,16,,,199,,,14,213,,162,244,119,140,196,,,,,,,,,,,,,,,,,,,,,,,,,,,,,,,,,,,,113,185,91,179,454,41,17,344,,,,,,18,,,,,,,,,,66,123,,,,,,,59,,,143,,651,,374,,106,,,,,,,,,,,,,,,,,,,,,,,,,,,27,,39,15,19,194,,,,,,,,,,94,,,,,,,86,,,,,,,,,,,51,,,,,,,,,,,,,,,413,,,51,,,,,45,,,,,77,,,,,50,,,,,,,,,,,18,374,269,,216,,331,,,10,,191,254,388,586,,371,127,,,223,356,43,,1181,,,,287,,59,,,,,,,,26,,,,50,24,,,,,,,,,,,,,32,,,,,,,,,,,,15,,,,,,,,,,,,31,,21,86,59,,,191,436,238,,,350,208,,,,,,,114,137,,,274,,214,,84,,859,28,125,59,,224,17,60,652,0,1287,,,,,,,,,,,,,,,,,,,,,,,,,391,57,145,,543,,218,174,252,247,354,,,,97,,,,,,18,,,,98,,119,68,,280,,360,635,164,95,541,77,92,,,,,,,,,,,,,,,,,,,,,,,,,,,,,,,,,,,,,,,,,,,,,,,,,,,,559,98,3,,,,108,64,408,,47,295,,185,,86,,19,,94,410,247,,,,,,,315,,,208,,94,,,,,
2026-08-01T17:45:01+00:00,116,249,,,480,26,,98,183,289,,139,251,203,,,128,,,,,,477,403,76,191,,,,,4,898,25,,5,60,,218,,36,78,,,,,,,,,,,,,,,,,,,,,175,,,9,,,,,,15,,,206,,,15,,,,,,,,,,,,,130,16,94,103,173,6,,,101,271,,,102,30,10,,159,762,46,94,186,109,113,144,511,,20,43,,,,,,,,,,,,,,,,,,,,,,,,,,,,,,,,,,,,,,,,,,,,,,,,,,,,,,,,,,,311,1164,207,,,,172,202,231,361,142,33,,45,14,15,206,,,,,,,,,,95,,,,,,,84,,,,,,,,,,,,,,,,,,,,,,,,,,415,,1,43,112,,,,41,,,,,,,,,,,,,,,,,,,,,10,,268,128,218,228,338,,388,12,0,193,251,389,591,,,126,,,,355,45,,1183,,,,292,,57,,,,,,,,27,,,,,26,13,,,,,,,,,,,,33,,,,,,,,,,,,,,,,,,,,,,,,15,117,22,85,65,,,192,444,237,,,352,209,,159,,,,92,111,141,,22,272,160,216,,83,140,855,30,127,56,,221,16,,665,,1280,,,,,,,,,,,,,,,,,,,,,,,,,,,148,,551,,219,178,259,,360,,,,98,,,,,,20,,,248,99,,120,75,109,279,127,362,650,162,,550,81,95,,,,,,,,,,,,,,,,,,,,,,,,,,,,,,,,,,,,,,,,,,,,,,,,,,,,554,94,4,,,1,120,65,422,1,55,296,,193,,87,,24,,97,412,,,,,,,,316,,,220,,96,103,,,,
2026-08-01T17:50:01+00:00,118,250,,,484,25,,107,187,291,,144,,205,,,113,,,,,153,478,406,,208,,3,,,6,929,26,,,57,,227,,37,76,,,,,,,,,,,,306,,,,,,,,,,,,8,,,,,,16,,,211,,,18,,200,166,248,107,135,199,,,,,,133,20,91,97,174,,,,98,269,,1,103,31,9,2,,,44,115,190,108,112,143,522,,,35,,,,,,,,,,,,,,,,24,,,,,531,,,,,68,126,,,,,,,47,,,139,,664,,,,111,,,,,,,,,,,,,,,,,,,,,,,,,,,,,,14,13,230,,,,,,,,,,99,,,,,,,85,,,,,135,,,,,,,,,,,,,,,,,,,,,423,,0,42,113,,,,40,,,,,76,,,,,,,,,,,,,,,,6,372,265,,221,,342,,380,11,1,194,252,388,600,337,372,111,,,225,357,50,,1184,,,,294,,58,,,,,,,,29,,,137,54,,10,,,,,,,,,,,,28,,,,,,,,,,,,16,,,,,,,,,,,,14,,21,84,70,,,,443,246,,,354,210,,160,,,,,107,143,,23,270,,219,,87,,854,32,,,,,,58,,,,,,,,,,,,,,,,,,,,,,,,,,,,400,,150,,550,,220,,272,249,,,,135,99,,,,,,,,,249,101,,122,78,114,281,,367,662,164,93,556,,98,,5,,14,,3,,,,50,,0,,,,,,32,,,,,,,,,,,,,,,,,,,,,,,,,,,,,,,,,,551,89,5,,,5,132,66,427,14,60,,,195,,83,,26,,101,414,248,,,,,,,319,,,240,,102,104,,,,
2026-08-01T17:55:01+00:00,121,,,,490,26,,112,190,288,,,,208,,,106,,,,,156,479,407,,218,,,,,5,945,,,,58,,228,,,75,133,,,,,,,,,,,,,,,,49,,,,,,,11,,235,,,72,,,,220,,,17,210,,,,,,,,,,,,,,,,,,,,,,,,,,,,,,,,,,,,,,,,,,,,,,,,,,,,,,,,,,,,,,,,,,,,,,,,,,,,,,,,,,,,,,,,,,,,,,,,,,309,1162,200,122,338,101,176,199,226,357,151,34,,,14,15,242,,,,,,,,,,,,,,,,,,,,,,136,,,,,,,,,,,,,,,,,,,,,424,,,43,114,,,,41,,,,,75,,,,,49,,,,,,,,,,,1,375,266,129,222,229,351,,375,9,,198,254,386,608,338,,103,,,226,354,49,,,,,,292,,61,,,,,,,,,,,138,,,,,,,,,,,,,,,29,,,,,,,,,,,,14,,,,,,,,,,,,11,118,19,88,,,64,,447,,,,352,209,,,,,,,103,147,,24,268,162,224,,,139,848,,,55,,220,12,60,678,1,1283,,,,,,,,,,,,,,,,,,,,,,,,,409,58,152,,549,,223,,289,,,,,,102,,,,,,19,,,253,100,,124,,116,,129,368,671,168,98,566,,103,,,,,,,,,,,,,,,,,,,,,,,,,,,,,,,,,,,,,,,,,,,,,,,,,,,,550,94,9,,,7,140,,433,28,65,299,,197,,80,,28,,104,,249,,,,,,,320,,,250,,105,102,,,,
2026-08-01T18:00:01+00:00,122,,,,496,25,,119,199,,,143,,211,,,109,,,,,157,,409,80,224,,4,,,6,955,,,6,60,,231,,,78,131,,38,,,,,,,,,,,,,,50,,,,,,,,,234,,,,14,,,221,,,,211,183,176,251,104,130,198,,,,,,131,22,,95,172,3,,,108,,,,105,34,8,,,761,42,120,194,,110,145,520,,,31,,120,148,183,107,182,467,42,7,347,,,,,,22,,,,,,,,,,77,124,,,,,,,53,,,136,,675,,383,,106,,587,,,,,,,,,,,,,,,,,,,,,,,,,,,44,14,17,274,,,,,,,,,,100,,,,,,,86,,,,,135,,,,,,50,,,,,,,,,,,,,,,430,,1,41,,,,,43,,,,,,,,,,48,,,,,,,,,,,12,373,,,223,230,354,,366,8,0,197,256,387,611,,373,89,134,,,355,51,,1187,,,,298,,60,,,,,,,,,,,,55,25,9,,,,,,,,,,,,33,,,,,,,,,,,,12,,,,,,,,,,,,10,117,17,91,69,,65,195,448,244,,,356,,,,,,,,97,148,,,265,163,,,85,140,,30,,56,,224,6,,697,,1280,,,,,,,,,,,,,,,,,,,,,,,,,417,,151,,546,,228,183,315,,359,,,131,,,,,,,22,,,252,,,128,81,117,283,133,367,684,166,100,573,80,105,,,,,,,,,,,,,,,,,,,,,,,,,,,,,,,,,,,,,,,,,,,,,,,,,,,,543,96,11,,,9,149,68,439,43,73,300,,201,,81,,29,,107,419,252,,,,,,,,,,265,,107,103,,,,
2026-08-01T18:05:02+00:00,127,248,,,497,28,,126,210,290,,146,,215,,,102,,,,,159,480,411,77,239,,,,,7,982,,,7,,,,,,,,,,,35,,,,,,,,,,,,51,,,,176,,,7,,,,,71,13,,,224,,,,210,,,,,,,,,,,,140,33,94,90,176,,,,103,268,7,,103,37,11,,,,,158,198,,111,149,517,,,26,1,,,,,,,,,,,,,,,,,,,,,,,,,,,,,,,,,,,,,,,,,,,,,,,,,,,,,,,,,300,306,1161,203,125,344,100,,,,352,144,41,,50,14,21,311,,,,,,,,,,99,,,,,,,,,,54,,,,,,,,51,,,,,,,,,,,,,,,436,,0,,,,,,45,,,,,76,,,,,51,,,,,,,,,,,16,370,267,130,225,229,367,,360,7,1,199,250,389,619,,370,80,,,,360,56,,1188,,,,300,,58,,,,,,,,30,,,137,54,,8,,,,,,,,,,,,36,,,,,,,,,,,,,,,,,,,,,,,,20,,18,89,73,,63,193,446,250,,,,,,,,,16,,96,147,,28,,162,225,,86,138,844,31,129,58,,222,8,59,746,0,1283,,195,,,,,,,,,,,,,,,,,,,,,,,425,60,,,558,,234,188,358,251,361,,,133,103,,,,,,18,,,254,103,,139,89,124,,139,370,690,164,109,581,,,1,4,,,2,19,,,,,,,,,,37,,28,,,,,,,,,,,,,,,,,,,,,,,,,,,,,,,,,,537,93,12,,,8,166,70,441,60,83,304,,205,,82,,32,,111,,255,,,,,,,327,,,292,,112,,,,48,
2026-08-01T18:10:02+00:00,129,247,,,502,30,,135,219,292,,150,,224,,,90,,,,,167,481,412,78,253,,0,,,8,1003,,,10,61,,,,,79,,,37,,,,,,,,,,,,,,52,,,,,,,6,71,235,,,,14,,,225,,,18,209,174,175,249,105,123,,,,,,,,,,,,,,,,,,,,,,,,,,,,,,,,,,,,,164,172,113,190,471,,8,352,,,,,,28,,,,,532,,,,,79,127,,,,,,,48,,,127,,676,,385,,110,,589,,,,,,,,,,,,,,,,,,,,,,,,,43,,53,14,22,346,,,,,,,,,,,,,,,,,87,,,,,,,,,,,,,,,,,,,,,,,,,,440,,,34,116,,,,49,,,,,75,,,,,53,,,,,66,,,,,,,373,264,133,227,230,370,,359,5,,201,256,390,621,,,74,,,,,,,1189,,,,298,,60,,,,,,,,,,,,,,9,,,,448,,,,,,,,37,,,,,,,,,,,,13,,,,,,,,,,,,22,118,19,92,72,,62,194,451,,,,352,210,,,,,,,93,152,,,266,164,226,,,137,843,,,,,220,,,791,,1286,,197,,,,,,,,,,,,,,,,,,,,,,,437,,152,,570,,238,193,387,,360,,,135,106,,,,,,21,,,252,102,,142,97,,,143,369,701,167,,586,81,108,,,,,,,,,,,,,,,,,,,,,,,,,,,,,,,,,,,,,,,,,,,,,,,,,,,,533,89,,,,16,172,71,450,71,93,307,,209,,83,,,,115,420,,,,,,,,334,,,314,,119,104,,,,
2026-08-01T18:15:01+00:00,131,248,,,508,32,,140,224,,,152,,233,,,89,,,,,,485,413,,266,,,,,,1030,,,,60,,,,,78,,,,,,,,,,,,,,,,,,,,,,,,5,72,234,,,72,,,,228,,,17,210,,,,,,,,,,,,139,25,92,92,173,,295,,107,272,13,,104,41,19,,,,,172,202,110,114,148,513,,,23,,,,,,,,,,,,,,,,,,,,,,,,,,,,,,,,,,,,,,,,,,,,,,,,,,,,,,,,,,,305,1156,188,126,346,99,,198,222,353,152,51,,52,14,,376,,,,,,,,,,100,,,,,,,85,,,,,,,,,,,52,,,,,,,,,,,,,,,441,,1,,,,,,47,,,,,77,,,,,54,,,,,68,,,,,,11,377,265,,228,231,372,,360,7,,205,257,391,624,,,69,133,,228,363,58,,,,,,299,,61,,,,,,,,29,,,,55,24,,,,,450,,,,,,,,45,,,,,,,,,,,,,,,,,,,,,,,,30,121,,91,73,,,196,448,257,,,,211,,164,,,17,,97,151,,29,267,165,227,,,140,844,32,,,,,7,58,813,3,1281,,,,,,,,,,,,,,,,,,,,,,,,,,,,,,,,,,,,,,,,,,,,,,,,,,,,,,,,374,716,168,114,590,82,114,,,,,,,,,,,,,,,,,,,,,,,,,,,,,,,,,,,,,,,,,,,,,,,,,,,,527,90,10,,,18,183,73,452,87,100,308,,213,,84,,35,,119,419,257,,,,,,,341,,,324,,124,110,,,,
2026-08-01T18:20:02+00:00,135,249,,,513,,,144,229,293,,155,,,,,104,,,,,,,415,84,278,,,,,9,1043,,,11,61,,,,,,,,36,,,,,,,,,,,,,,,,,,,,,0,73,,,,73,11,,,233,,,,,,179,250,104,111,199,,,,,,,,,,,,,,,,,,,,,,,,,,,,,,,,,,,,179,160,119,197,,44,,353,,,,,,26,,,,,,,,,,83,125,,,,,,,57,,,125,,690,,390,,114,,590,,,,,,,,,,,,,,,,,,,,,,,,,57,,,14,25,399,,,,,,,,,,104,,,,,,,87,,,55,,136,,,,,,,,,,,,,,,,,,,,,447,,,,,,,,49,,,,,79,,,,,,,,,,,,,,,,8,,266,135,,,376,,361,5,2,,256,,626,,369,74,,,,362,60,,1191,,,,303,,,,,,,,,,,,,138,53,,,,,,449,,,,,,,,49,,,,,,,,,,,,,,,,,,,,,,,,,122,,,75,,,197,444,261,,,,208,,,,,,,96,156,,,273,167,225,,,,,,,,,,,,,,,,,,,,,,,,,,,,,,,,,,,,,,,448,57,,,565,,,199,424,250,,,,136,105,,,,,,26,,,255,,,149,119,133,,146,373,729,171,119,595,81,115,,,,,,,,,,,,,,,,,,,,,,,,,,,,,,,,,,,,,,,,,,,,,,,,,,,,523,89,11,,,24,189,,453,104,111,309,,215,,87,,37,,127,420,258,,,,,,,347,123,,345,,128,114,,,,
2026-08-01T18:25:01+00:00,138,248,,,516,33,,150,234,295,,152,,232,,,112,,,,,,,420,86,282,,5,,,6,1050,,,13,63,,,,,80,132,,,,,,,,,,,,,,,,51,17,,,,,,,,235,,,,12,,,234,,,20,,175,178,249,105,110,200,,,,,,146,44,98,83,179,,294,,113,,4,,105,,34,7,,,,204,209,,117,150,515,,,22,2,121,190,169,120,206,,45,12,352,,,,,,34,,,,,,,,,,85,126,,,,,,,63,,,128,,695,,392,,110,,592,,,,,,,,,,,,,,295,1153,185,124,345,96,179,197,226,351,159,58,,,14,26,407,,,,,,,,,,107,,,,,,,,,,56,,137,,,,,,,,,,,,,,,,,,,,,451,,,36,,,,,50,,,,,,,,,,55,,,,,,,,,,,6,378,,136,230,,381,,363,6,,204,258,,629,,367,77,,,,363,,,1192,,,,,,,,,,,,,,,,,,,,,,,,,,,,,,,,,,,,,,,,,,,,,,,,,,,,,,,,26,,18,,74,,,199,,260,,,,209,,166,,,18,,97,157,,,,168,226,,87,141,,34,130,59,,222,5,,828,2,,,196,,,,,,,,,,,,,,,,,,,,,,,,,,,,,,,,,,,,,,,,,,,,,,,,,,,,,,375,739,172,123,602,,117,0,,,18,3,34,,,,51,,2,,,,50,,27,,,,,,,,,,,,,,,,,,,,,,,,,,,,,,,,,,518,80,14,,,27,192,74,455,122,124,310,,218,,86,,36,,134,418,262,,,,,,,354,,,364,,132,113,,,,
2026-08-01T18:30:01+00:00,,250,,135,521,35,,,238,,,,,235,,,116,,,,,,482,419,89,292,,2,,,8,1061,,,14,64,,,,,77,,,,,,,,,,,,,,,,,50,,,,,,,6,,,,,,,,,236,,,,209,,,,,,,,,,,,,,,,,,,,,,,,,,,,,,,,,,,,,,,,,,,,,,,,,,,,,,,,,,,,,,,,,,,,,,,,,,,,,,,,,,,,,,,,,,,,,,,,,,,,,,,,,,,,,65,,55,14,30,413,,,,,,,,,,111,,,,,,,86,,,,,136,,,,,,,,,,,,,,,,,,,,,453,,0,,,,,,52,,,,,83,,,,,,,,,,69,,,,,,2,381,,,,,382,,,1,,,,390,630,,366,,,,,,61,,,,,,,,,,,,,,,,,,,,,,,,,,,,,,,,,,,,,,,,,,,,,,,,,,,,,,,,,,25,120,15,,75,,64,,,261,,,349,208,,,,,17,,99,163,,,281,167,227,,,,845,,129,,,223,13,,852,8,1286,,,,,,,,,,,,,,,,,,,,,,,,,458,56,151,,555,,240,202,435,249,362,,,,106,,,,,,28,,,261,100,,152,122,139,,,376,746,174,129,610,82,118,,,,,,,,,,,,,,,,,,,,,,,,,,,,,,,,,,,,,,,,,,,,,,,,,,,,515,77,6,,,39,199,75,458,137,131,312,,221,,91,3,38,,142,421,,,,,,,,,,,375,,136,115,,,107,
2026-08-01T18:35:01+00:00,139,253,,136,527,40,,,246,290,,155,,237,,,122,,,,,,483,420,91,297,,,,,9,1067,,,15,65,,,,,79,,,35,,,,,,,,,,,,,,,,,,,,,7,,,,,,,,,240,,,,210,161,177,,103,108,204,,,,8,,148,49,,81,173,1,293,,117,,,,,53,35,,,,44,228,213,,122,,513,,,20,,120,197,156,124,208,,46,11,354,,,,,,31,,,,,533,,,,,91,135,,,,,,,69,,,123,,702,,393,,,,596,,,,,,,,,,,,,,288,1150,173,126,349,91,182,196,224,346,155,69,,54,15,29,419,,,,,,,,,,,,,,,,,85,,,,,,,,,,,,,,,,,,,,,,,,,,,,1,0,,,,,54,,,,,,,,,,0,,,,,71,,,,,,0,387,269,,234,,384,,358,3,3,203,255,389,634,,363,75,132,,,364,,,1190,,,,313,,,,,,,,,,31,,,142,64,26,10,,,,450,,,,,,,,51,,,,,,,,,,,,,,,,,,,,,,,,16,,17,92,79,,,201,446,263,,,348,207,,168,,,,,101,169,,,,168,,,88,,847,,,,,,8,,848,13,1284,,,,,,,,,,,,,,,,,,,,,,,,,465,55,150,,548,,239,204,447,250,363,,,137,,,,,,,,,,264,101,,,120,148,,,379,756,176,131,617,,123,,,,,,,,,,,,,,,,,,,,,,,,,,,,,,,,,,,,,,,,,,,,,,,,,,,,514,76,5,,,46,205,74,469,147,143,313,,222,,93,4,39,,144,422,263,,100,,,,,363,124,,384,,138,,,,114,
2026-08-01T18:40:01+00:00,137,255,,,526,43,,155,247,289,,,,241,,,121,,,,,,485,424,95,299,,3,,,8,1070,,,19,66,,,,,82,130,,,,,,,,,,,305,,,,,,,,,,,,9,,,1,,,11,,,241,,,21,207,155,176,248,,107,205,,,,9,,155,57,92,,169,4,291,,122,270,,,106,72,38,2,160,,,243,,,125,156,515,,,,,121,200,152,,218,474,48,,353,,,,,,25,,,,,,,,,,95,142,,,,,,,68,,,,,704,,394,,109,,,,,,,,,,,,,,,,,,,,,,,,,,,78,,45,15,31,430,,,,,,,,,,113,,,,,,,,,,,,,,,,,,,,,,,,,,,,,,,,,,,,38,,,,,55,,,,,,,,,,55,,,,,,,,,,,,390,,137,235,232,383,,,,2,202,261,392,637,339,,67,131,,,365,64,,1191,,,,318,,60,,,,,,,,34,,,141,66,27,,,,,,,,,,,,,56,,,,,,,,,,,,,,,,,,,,,,,,13,119,,,78,,,205,448,267,,,350,210,,,,,,93,,174,,,283,,226,,,,,33,128,60,,,,,,,,,,,,,,,,,,,,,,,,,,,,,,,,470,56,151,,546,,240,205,453,248,,,,138,107,,,,,,26,,,,,,,115,153,,,381,763,177,136,615,,126,,0,,16,5,38,,,,,,1,,,,67,,,,,,,,,,,,,,,,,,,,,,,,,,,,,,,,,,,,510,74,12,,,53,207,75,471,155,146,314,,227,,103,2,37,,147,424,266,,,,,,,362,,,398,,142,118,,,115,
2026-08-01T18:45:02+00:00,138,,,,530,,,158,251,,,156,,245,,,119,,,,,,486,423,103,304,,4,,,9,1079,,,,68,,,,,86,,,36,,,,,,,,,306,,,,,,18,,,,,,8,,234,0,,,13,,,240,,,,,,,,,,,,,,,,,,,,,,,,,,,,,,,,,,,,,,,,,,,,,,,,,,,,,,,,,,,,,,,,,,,,,,,,,,,,,,,,,,,,,,,,,,,,,,,,,,,,,,284,1152,174,128,350,88,181,197,225,339,154,82,,40,15,33,446,,,,,,,,,,,,,,,,,84,,,,,135,,,,,,,,,,,,,,,2,,,,,,454,,,,,,,,56,,,,,84,,,,,56,,,,,73,,,,,,,395,271,136,238,,388,,359,,,201,258,393,641,,366,65,,,,,65,,1190,,,,319,,59,,,,,,,,36,,,142,70,29,,,,,,,,,,,,,59,,,,,,,,,,,,,,,,,,,,,,,,3,,,93,83,,,207,447,269,,,351,,,,,,,,102,177,,,,169,230,,92,,851,,,,,222,22,59,851,26,1288,,,,,,,,,,,,,,,,,,,,,,,,,471,,152,,547,,241,206,461,246,362,,,,108,,,,,,27,,,263,,,,119,157,,148,382,770,179,140,620,81,127,,,,,,,,,,,,,,,,,,,,,,,,,,,,,,,,,,,,,,,,,,,,,,,,,,,,505,75,16,,,59,210,,,168,154,316,,226,,,1,38,,149,423,268,,,,,,,,,,400,,146,122,,,121,
2026-08-01T18:50:01+00:00,139,256,,,,42,,156,257,291,,157,,248,,,123,,,,,,,,113,307,,5,,,,1086,,1,20,70,,,,,85,129,,,,,,,,,,,,,,,,49,,,,,,,11,,,,,,12,,,245,,,,206,144,178,251,105,106,206,,,,10,2,157,59,91,,171,3,290,,117,,3,,105,70,43,3,,,45,251,215,,128,160,513,,,,,122,208,163,129,,478,,12,352,,,,,,22,,,,,532,,,,,96,144,,,,,,,,,,128,,708,,395,,111,,597,,,,,,,,,,,,,,,,,,,,,,,,,85,,38,15,32,462,,,,,,,,,,115,,,,,,,82,,,55,,,,,,,,,,,,,,,,,0,,,,,,,,,,,,,,60,,,,,86,,,,,,,,,,,,,,,,1,390,273,,,,391,,361,,,204,,,644,338,364,49,,,,366,67,,,,,,320,,61,,,,,,,,38,,,,71,27,,,,,,,,,,,,,58,,,,,,,,,,,,,,,,,,,,,,,,2,,15,92,,,,208,446,270,,35,,,49,,12,,,,103,179,,,286,,233,,94,,853,35,129,59,,223,20,,855,22,1292,,,,,,,,,,,,,,,,,,,,,,,,,476,55,151,,544,,,207,467,,361,,,,109,,,,,,28,,,,100,,,118,159,,149,384,776,183,141,624,,133,,,,,,,,,,,,,,,,,,,,,,,,,,,,,,,,,,,,,,,,,,,,,,,,,,,,504,73,,,,65,211,76,,177,160,317,,230,,,3,,,151,424,271,,,,,,,365,,,405,,148,127,,,129,
2026-08-01T18:55:01+00:00,,257,,,,,,157,259,,,155,,252,,,,,,,,,485,,116,309,,7,,,,1093,27,4,,71,,,,,,,,,,,,,,,,,,,,,,,,,,,,,12,,,,,,13,,,247,,,23,,,,,,,,,,,8,,162,66,89,77,173,8,,,119,267,,1,106,67,51,2,,,,278,221,112,131,171,520,,,19,8,,,,,,,,,,,,,,,,,,,,,,,,,,,,,,,,,,,,,,,,,,,,,,,,,,,,,,,,,,277,1146,178,131,351,89,,,223,344,160,83,,40,14,40,470,,,,,,,,,,116,,,,,,,80,,,56,,,,,,,,,,,,,,,,,14,,,,,,457,,,40,118,,,,61,,,,,87,,,,,59,,,,,,,,,,,,393,279,137,236,,394,,359,1,1,207,261,,649,,360,46,,,,368,68,,1191,,,,,,62,,,,,,,,39,,,,75,26,13,,,,,,,,,,,,,,,,,,,,,,,,,,,,,,,,,,,,0,,18,93,,,,210,450,,,,352,212,,,,,,,,188,,,292,170,235,,92,142,858,36,128,,,,,,,,,,,,,,,,,,,,,,,,,,,,,,,,,483,56,154,,543,,242,210,471,245,,,,142,108,,,,,,26,,,,,,,81,166,,151,385,779,184,146,628,,,,1,9,22,0,39,,,,50,,2,,,,69,,29,,,,,,,,,,,,,,,,,,,,,,,,,,,,,,,,,,499,72,,,,67,213,,478,186,165,,,232,,105,,39,,153,425,272,,,,,,,372,,,414,,149,129,,,,
2026-08-01T19:00:01+00:00,144,,,,536,43,,160,260,292,,150,,253,,,125,,,,,,484,425,118,,,,,,,1097,,3,22,,,,,,,131,,,,,,,,,,,,,,,,,17,,,,,,,,233,,,,,,,249,,,,207,138,179,255,109,,208,,,,,,,,,,,,,,,,,,,,,,,,,,,,,,,,,,,123,210,174,131,217,484,50,10,358,,,,,,34,,,,,,,,,,100,145,,,,,,,70,,,135,,714,,,,,,600,,,,,,,,,,,,,,,,,,,,,,,,,87,,,14,41,483,,,,,,,,,,117,,,,,,,84,,,,,136,,,,,,,,,,,,,,,,,,,,,458,,0,,,,,,60,,,,,86,,,,,60,,,,,74,,,,,,,,280,,235,,395,,361,4,,210,264,394,653,,357,41,,,229,371,69,,1194,,,,321,,61,,,,,,,,,,,145,77,28,14,,,,,,,,,,,,62,,,,,,,,,,,,,,,,,,,,,,,,,,19,92,,,,211,449,272,,,353,214,,166,,,,92,102,186,,,293,,236,,93,,862,37,127,60,,224,19,,854,25,1284,4,,,,,,,,,,,,,,,,,,,,,,,,492,,153,,538,,244,209,475,246,363,,,140,110,,,,,,28,,,,99,,,83,169,,,386,781,186,145,633,80,138,,,,,,,,,,,,,,,,,,,,,,,,,,,,,,,,,,,,,,,,,,,,,,,,,,,,500,75,,,,69,216,,480,192,167,,,233,,106,6,40,,156,429,274,,,,,,,381,,,421,,155,131,,,,
2026-08-01T19:15:01+00:00,146,253,,,542,47,,171,265,293,,153,,260,,,129,,,,,,,427,139,314,,11,,,12,1104,,13,25,81,,,,,90,132,,35,,,,,,,,,307,,,,,50,18,,,178,,,14,,234,3,,,12,,,253,,,,208,134,178,257,111,107,210,,,,,,167,90,86,80,163,4,288,,129,268,,,110,83,64,,,762,46,319,225,,138,177,525,,,22,6,,216,157,134,225,489,53,9,363,,,,,,31,,,,,530,,,,,106,154,,,,,,,74,,,138,,716,,398,,116,,599,,,,,,,,,,,,,,268,1150,186,133,352,95,183,196,226,345,167,,,,,,,,,,,,,,,,,,,,,,,,,,,,,,,,,,,,,,,,,,,22,,,,,,461,,2,42,120,,,,70,,,,,88,,,,,59,,,,,75,,,,,,,,,,,,,,,,,,275,395,660,,355,29,,,228,378,72,,1200,,,,,,,,,,,,,,,,,,,,,,,,,,,,,,,,,,,,,,,,,,,,,,,,,,,,,,,,,,,,,,,,,,,,,,,,,,,,,,,,,,,,,,,,,,,,,,,,,,,,,,,,,,,,,,,,,,,,,,,,,498,57,155,,543,,247,211,481,,364,,,,,,,,,,32,,,264,101,,,94,179,,153,,,,,,,,,,,,,,,,,,,,,,,,,,,,,,,,,,,,,,,,,,,,,,,,,,,,,,,,,,,501,77,23,,,81,222,77,479,194,193,319,,236,,110,15,44,,163,430,276,,,,,,,392,125,,440,,167,135,,,161,
2026-08-01T19:15:02+00:00,,,,,,,,,,,,,,,,,,,,,,,,,,,,,,,,,,,,,,,,,,,,,,,,,,,,,,,,,,,,,,,,,,,,,,,,,,,,,,,,,,,,,,,,,,,,,,,,,,,,,,,,,,,,,,,,,,,,,,,,,,,,,,,,,,,,,,,,,,,,,,,,,,,,,,,,,,,,,,,,,,,,,,,,,,,,,,,,,,,,,,,,,,,88,,46,14,42,517,,,,,,,,,,120,,,,,,,77,,,,,,,,,,,,,,,,,,,,,,,,,,,,,,,,,,,,,,,,,,,,,,,,,,,,,,,5,405,283,142,237,233,398,,362,11,,,,,,,,,,,,,,,,,,,322,,72,,,,,,,,41,,,143,80,,16,,,,,,,,,,,,69,,,,,,,,,,,,,,,,,,,,,,,,13,,,91,88,,63,212,451,289,,,358,218,,169,,,,90,100,195,,,292,172,242,,96,140,878,39,128,,,222,29,,851,33,1292,9,198,1,,,,,,,,,,,,,,,,,,,,,,,,,,,,,,,,,,,,,,,,,,,,,,,,,,,,,385,791,196,153,634,81,139,,2,22,24,5,46,,,,53,1,0,,,,77,,33,,,,,,,,,,,,,,,,,,,,,,,,,,,,,,,,,,,,,,,,,,,,,,,,,,,,,,,,,,,,,,,,,,,,,,,,
2026-08-01T19:30:01+00:00,152,252,,,548,46,,181,271,296,,145,,266,,,130,,,,,,486,,155,320,,12,,,15,1119,,10,36,86,,,,,92,133,,,,,,,,,,,305,,,,,,17,,,,,,18,76,,4,,,14,,,266,,,24,210,142,185,258,113,111,213,,,,,,170,95,90,81,161,7,,,125,271,2,,111,81,73,2,,,,348,228,,146,175,527,,,23,,,,170,139,228,491,55,7,371,,,,,,38,,,,,534,,,,,103,151,,,,,,,84,,,142,,712,,411,,118,,601,,,,,,,,,,,,,,269,1151,196,134,361,96,,198,229,341,171,102,,51,14,44,551,,,,,,,,,,129,,,,,,,79,,,57,,,,,,,,,,,,,,,,,27,,,,,,462,,1,44,119,,,,75,,,,,93,,,,,,,,,,,,,,,,4,417,286,146,236,,400,,360,12,2,213,280,399,665,,350,31,,,,380,68,,1203,,,,329,,73,,,,,,,,44,,,146,88,29,,,,,,,,,,,,,73,,,,,,,,,,,,,,,,,,,,,,,,10,,25,92,91,,65,221,455,299,,,361,225,,174,,,,,104,205,,27,,173,247,,99,141,885,37,129,,,221,48,60,857,35,1295,12,,7,,,,,,,,,,,,,,,,,,,,,,508,,160,,544,,,216,484,252,365,,,142,111,,,,,,35,,,269,,,,100,195,,154,383,806,,161,636,80,147,,9,38,33,3,53,,,,50,7,2,,,,84,,44,,,,,,,,,,,,,,,,,,,,,,,,,,,,,,,,,,,78,34,,,91,231,81,489,196,202,321,,242,,122,24,,,172,431,,,,,,,,403,,,451,,170,136,,,167,
2026-08-01T19:45:02+00:00,155,254,,,557,49,,185,275,299,,140,,271,,,132,,,,,,480,429,177,,,14,,,16,1135,29,14,44,95,,,,,94,,,32,,,,,,,,,307,,,,,,,,,,,,23,,235,3,,,15,,,271,,,23,,143,189,260,121,,221,,,,10,,172,108,98,85,156,15,287,,118,273,1,2,110,79,86,,,763,44,356,234,,155,186,528,,,,4,,,182,142,227,492,57,6,373,,,,,,33,,,,,532,,,,,109,149,,,,,,,95,,,145,,710,,421,,117,,604,,,,,,,,,,,,,,266,1155,221,135,364,103,185,206,234,348,178,110,,59,16,56,581,,,,,,,,235,,132,,,,,,,76,,,,,138,,,,,,,,,,,,,,,34,,,,,,467,,3,47,,,,,81,,,,,95,,,,,,,,,,,,,,,,2,421,289,148,237,,402,,364,8,5,218,282,402,662,,345,25,,,229,386,75,,1208,,,,330,,75,,,,,,,,,,,150,90,28,,,,,,,,,,,,,,,,,,,,,,,,,,,,,,,,,,,,,7,120,,97,93,,,225,457,311,,,363,229,,175,,,,,106,213,,28,294,174,254,,100,,887,40,128,61,,219,74,62,870,57,1307,25,,23,,,,,,,,,,,,,,,,,,,,,,522,60,161,,540,,246,222,,253,,,,144,,,,,,,36,,,272,103,,,105,209,,152,389,810,198,164,641,,150,,12,61,43,5,60,,,,57,0,1,,,,98,,52,,,,,,,,,,,,,,,,,,,,,,,,,,,,,,,,,,505,81,41,,,94,237,84,496,197,215,325,,248,,128,31,45,,176,436,280,,,,,,,411,,,475,,175,139,,,,
2026-08-01T20:00:02+00:00,158,255,,,559,50,,190,277,311,,145,,275,,,134,,,,,,481,432,206,,,,,,19,1148,,17,,103,,,,,98,,,,,,,,,,,,309,,,,,51,18,,,,,,28,,,,,72,16,,,276,,,26,213,149,205,263,124,120,225,,,,14,,178,135,106,,163,16,,,106,274,,,112,96,103,1,,762,48,411,239,111,156,192,531,,,24,5,122,,211,144,230,494,58,4,371,,,,,,43,,,,,534,,,,,,148,,,,,,,102,,,151,,715,,426,,123,,606,,,,,,,,,,,,,,259,1162,234,137,,,,211,233,356,184,121,,71,16,60,605,,,,,,,,,,,,,,,,,77,,,,,139,,,,,,,,,,,,,,,33,,,,,,469,,4,49,121,,,,85,,,,,100,,,,,,,,,,,,,,,,1,429,290,,239,234,407,,366,14,,220,285,403,663,,,30,130,,,,76,,1211,,,,336,,78,,,,,,,,47,,,152,96,35,19,,,,,,,,,,,,100,,,,,,,,,,,,12,,,,,,,,,,,,17,123,30,105,98,,66,224,458,324,,,364,228,,177,,,,89,108,217,,,296,175,259,,101,,,43,131,,1,,88,64,895,76,1331,33,,29,,,,,,,,,,,,,,,,,,,,,,529,62,165,,530,,245,221,,250,368,,,143,115,,,,,,38,,,277,107,,,,221,,154,391,816,207,167,652,79,152,3,17,73,49,8,65,,,2,65,7,5,,,1,112,,62,,,,,,,,,,,,,,,,,,,,,,,,,,,,,,,,,,507,87,46,,,121,241,85,509,,224,,,253,,134,33,51,,179,,284,,,,,,,424,,,485,,182,140,,,188,
2026-08-01T20:15:02+00:00,161,259,,,566,51,,194,279,314,,157,,284,,,135,,,,,,485,435,226,,,18,,,,1159,,16,45,109,,,,,101,,,,,,,,,,,,310,,,,,52,17,3,,,,4,35,,,4,,74,18,,,284,,,29,211,164,228,262,130,128,227,,196,,,,187,154,119,86,172,19,286,,121,277,1,1,113,107,119,,,,51,430,248,,159,190,533,,,25,6,123,,245,146,238,496,,3,376,,,,,,45,,,,,,,,,,112,156,,,,,,,104,,,153,,717,,440,,128,,607,,,,,,,,,,,,,,253,1170,255,139,372,107,186,220,238,371,193,122,,79,16,69,643,,,,,,,,234,,133,,,,,,,73,,,58,,,,,,,,,,,,,,,,,43,,,,,,471,,2,47,122,,,,87,,,,,101,,,,,,,,,,,,,,,,0,430,291,149,241,235,410,,376,6,8,222,290,,664,,348,60,,,,388,80,,1271,,,,,,,,,,,,,,,,,,,,,,,,,,,,,,,,,,,,,,,,,,,,,,,,,,,,,,,,4,,34,109,,,,225,,334,,,366,231,,176,,,,,,225,,27,,172,263,,105,142,892,42,133,60,7,0,129,66,897,37,1348,42,,38,,,,,,,,,,,,,,,,,,,,,,539,61,170,,551,,,225,,251,366,,,144,117,,,,,,41,,,,109,,,113,232,,,396,818,209,172,667,,157,2,12,90,59,16,73,,,10,78,5,,,,6,128,,75,6,,,,,,,,,,,,,,,,,,,,,,,,,,,,,,,,,,89,52,,1,133,243,92,516,200,229,327,,261,,141,40,52,,178,435,290,,,,,,,439,,,489,,189,145,,,,
2026-08-01T20:30:01+00:00,164,258,,,571,48,,192,280,,,158,,289,,,132,,,,,,489,,246,,,25,,,,1174,30,23,47,118,,,,,104,,,33,,,,,,,,,311,,,,,,19,0,,,,11,46,,234,5,,79,24,,,287,,,40,208,187,230,,144,155,226,,,,16,,197,176,131,92,,30,,,147,279,3,,114,114,131,3,161,761,57,448,260,,163,175,538,,,,3,122,,286,149,254,497,,15,384,,,,,,47,,,,,537,,,,,,162,,,,,,,114,,,154,,720,,451,,130,,606,,,,,,,,,,,,,,245,1177,266,,,109,187,226,242,370,196,131,,86,17,75,677,,,,,,,,,,135,,,,,,,71,,,57,,,,,,,,,,,,,,,,,75,,,,,,486,,19,58,124,,,,98,,,,,107,,,,,,,,,,,,,,,,4,441,292,147,244,,413,,379,9,,,305,,667,,338,71,129,,,,82,,1348,,,,,,,,,,,,,,,,,,,,,,,,,,,,,,,,,,,,,,,,,,,,,,,,,,,,,,,,12,124,36,111,101,,,223,466,344,,,,230,,181,,,16,,111,232,,,,,270,,108,,894,,,59,26,,144,,903,45,1359,48,,54,,,,,,,,,,,,,,,,,,,,,,560,,176,,538,,247,230,,253,364,,,147,121,,,,,,39,,,288,112,,,120,242,,155,397,820,212,175,670,,162,0,21,102,71,29,80,,,41,98,16,10,,,14,151,,90,9,,,,,,,,,,,,,,,,,,,,,,,,,,,,,,,,,517,90,68,,4,152,250,96,523,,240,,,267,,144,45,53,,182,,294,,,,,,,457,,,504,,191,146,,,,
2026-08-01T20:45:02+00:00,166,256,,,578,,,194,284,316,,,,291,,,128,,,,,,490,440,259,,,27,,,21,1190,,31,49,126,,,,,105,132,,34,,,,,,,,,312,,,,,,18,7,,,,14,52,77,,,11,80,28,,,291,,,46,,185,,,156,174,234,,,,18,,207,185,137,97,191,36,285,,151,278,1,3,112,128,124,,,762,59,465,271,,175,169,541,,,26,10,123,,342,155,,,,26,390,,,,,,56,,,,,539,,,,,124,164,,,,,,,122,,,158,,722,,,,,,608,,,,,,,,,,,,,301,242,1183,286,141,376,115,190,240,244,372,207,138,,100,17,83,708,,,,,,,,,,138,,,,,,,66,,,,,,,,,,,,,,,,,,,,117,,,,,,514,,23,74,129,,,,115,,,,,121,,,,,60,,,,,,,,,,,40,,293,,245,,419,,380,14,,223,310,406,669,,340,59,,,,389,84,,1359,,,,,,,,,,,,,,,,,,,,,,,,,,,,,,,,,,,,,,,,,,,,,,,,,,,,,,,,18,,37,,106,,,222,470,357,,,367,231,,183,,,,,126,235,,,297,171,278,,111,,896,,,60,45,,189,,923,56,1375,73,199,67,,,,,,,,,,,,,,,,,,,,,,565,,180,,525,,,234,,258,363,,,,122,,,,,,45,,,286,,,,126,247,,,401,831,,179,671,80,164,,27,125,84,36,92,,,67,113,46,25,,,22,172,,101,19,,,,,,,,,,,,,,,,,,,,,,,,,,,,,,,,,523,97,87,,16,168,254,100,531,202,249,,,271,,145,48,56,,183,438,,,,,,,,469,,,516,,193,149,,,225,
2026-08-01T21:00:02+00:00,170,255,,137,588,49,,202,285,317,,164,,297,,,158,,,,,,491,,279,,,38,,,24,1198,31,36,50,134,,,,,112,133,,36,,,,,,,,,,,,,2,,,,,,,32,78,,,,15,81,34,,,293,,,49,209,182,,,166,182,239,,,,,1,218,205,151,100,193,42,,,154,277,,,,141,135,,,761,65,482,278,112,186,171,540,,,28,15,,,399,158,259,500,,45,,,,,,,66,,,,,540,,,,,123,167,,,,,,,132,,,169,,723,,460,,143,,610,,,,,,,,,,,,,,,1189,290,,378,118,189,244,248,378,212,141,,110,17,89,726,,,,,,,,,,137,,,,,,,63,,,56,,,,,,,,,,,,,,,,,156,,,,,,520,,22,90,130,,,,131,,,,,131,,,,,,,,,,,,,,,,94,440,295,150,244,,420,,386,13,,224,317,410,,,,86,,,,388,85,,1364,,,,,,,,,,,,,,,,,,,,,,,,,,,,,,,,,,,,,,,,,,,,,,,,,,,,,,,,22,129,39,115,108,,,224,,368,,,366,233,,,,,15,,159,244,,,298,,286,,,,,41,134,,50,,209,68,929,58,1386,84,,71,,,,,,,,,,,,,,,,,,,,,,570,60,184,,530,,250,238,,262,362,,,,123,,,,,,47,,,287,115,,,125,251,,157,404,837,216,181,670,79,171,,,,,,,,,,,,,,,,,,,,,,,,,,,,,,,,,,,,,,,,,,,,,,,,,,,,532,93,84,,12,177,258,,536,,250,,,273,,149,49,58,,,440,297,,,,,,,474,126,,532,,,151,,,,
2026-08-01T21:15:02+00:00,,,,,595,50,,208,290,320,,168,,303,,,185,,,,,,492,442,297,,,44,,,,1221,,46,53,142,,,,,118,132,,37,,36,,,,,,,314,,,,4,,,10,,,,33,109,80,,10,27,,51,,,296,,,61,213,193,,,165,194,240,,,,17,,220,217,159,105,199,51,,,159,,,,,149,139,1,,762,66,503,,,192,182,541,,,30,,,,490,164,256,501,,41,,,,,,,72,,,,,541,,,,,133,177,,,,,,,134,,,175,,724,,466,,145,,612,,,,,,,,,,,,,,247,1200,319,142,379,133,196,251,252,385,221,146,,116,17,100,738,,,,,,,,,,138,,,,,,,62,,,58,,,,,,,,,,,,,,,,,178,,,,,,,,,99,131,,,,136,,,,,136,,,,,,,,,,,,,,,,112,448,,,247,,,,401,22,,226,319,,670,339,344,116,,,230,393,86,,1361,,,,,,,,,,,,,,,,,,,,,,,,,,,,,,,,,,,,,,,,,,,,,,,,,,,,,,,,64,130,40,,111,,67,223,471,380,,,,,,184,,,,88,171,248,,29,300,,288,,110,,,42,136,61,61,,235,,946,75,1412,91,,89,,,,,,,,,,,,,,,,,,,,,,588,,191,,541,,254,234,,270,364,,,,124,,,,,,46,,,290,118,,,132,252,,156,403,841,226,183,,,175,,28,149,97,49,107,,,84,129,73,34,,19,27,198,,126,37,,,,,,,,,,,,,,,,,,,,,,,,,,,,,,,,,535,101,81,8,11,197,260,,543,,256,328,,275,,150,54,59,,184,441,,,,,,,,482,,,542,,194,,,,248,
2026-08-01T21:30:01+00:00,168,,,,601,52,,215,291,327,,167,,309,,,243,,,,,,494,,311,,,51,,,,1229,,51,54,149,,,,38,125,136,,39,,,,,,,,,316,,,,11,51,,16,,,,42,136,,,12,34,83,59,,,300,,,60,,226,,,171,,244,,,,21,2,225,236,169,108,202,54,284,,165,,6,,114,162,144,2,,763,,522,,,196,189,545,,,38,20,,,547,167,262,,,42,,,,,,,92,,,,,,,,,,151,186,,,,,,,139,,,183,,722,,,,151,,,,,,,,,,,,,,,,248,,335,,,146,,,253,393,228,150,,132,17,104,763,,,,,,,,,,,,,,,,,59,,,,,,,,,,,,,,,,,,,,196,,,,,,,,23,,,,,,137,,,,,,,,,,,,,,,,,,,,,129,445,294,152,246,,419,,400,25,9,229,324,,672,,352,139,,,229,394,87,,,,,,,,,,,,,,,,,,,,,,,,,,,,,,,,,,,,,,,,,,,,,,,,,,,,,,,,,,81,131,43,116,113,,,220,474,384,,,,,,187,,,,,178,253,,,,,289,,111,,,,,60,80,,279,,991,69,1429,99,,99,,,,,,,,,,,,,,,,,,,,,,607,64,198,,564,,253,235,,272,365,,,,121,,,,,,,,,293,,,,139,255,,,408,855,230,,671,,,,35,165,106,62,121,,,117,143,111,47,,53,30,222,,149,55,,,,,,,,,,,,,,,,,,,,,,,,,,,,,,,,,555,112,85,20,9,207,262,,548,,259,330,,277,,158,56,61,,187,446,298,,,,,,,491,,,551,,195,150,,,258,
2026-08-01T21:45:01+00:00,169,254,,135,603,,,,293,332,,166,,314,,,293,,,,,,492,,318,,,54,,,,1240,,50,53,159,,,,,127,139,,,,38,,,,,,,318,,,,10,52,17,17,,,,51,156,,,,39,,66,,,304,,,62,,292,,,179,195,246,,,,47,3,236,260,182,109,214,62,,,180,,5,5,,175,160,20,,,67,548,276,111,202,206,549,,,115,26,,,,,,,,,,,,,,,106,,,,,542,,,,,152,187,,,,,,,149,,,187,,728,,474,,159,,615,,,,,,,,,,,,,,264,1205,361,143,381,149,200,255,257,402,234,157,,140,17,107,786,,,,,,,,,,139,,,,,,,56,,,59,,,,,,,,,,,,,,,,,199,,,,,,522,,24,100,,,,,140,,,,,138,,,,,,,,,,,,,,,,138,447,293,,,,,,401,31,,228,327,,,338,355,161,,,231,398,89,,1362,,,,,,,,,,,,,,,,,,,,,,,,,,,,,,,,,,,,,,,,,,,,,,,,,,,,,,,,112,,46,118,114,,68,218,481,391,,,365,236,,190,,,,,179,262,,,,172,,,,,897,,,,86,,289,,1015,75,1436,106,200,111,,,,,,,,,,,,,,,,,,,,,,611,63,200,,571,,254,236,,275,,,,148,122,,,,,,50,,,,119,,,,257,,155,410,860,232,185,672,80,176,1,47,183,122,80,129,,,144,168,147,57,,77,35,241,,176,78,,,,,,,,,,,,,,,,,,,,,,,,,,,,,,,,,569,122,99,5,13,220,263,,550,203,261,,,279,,169,62,63,,188,,,,,,,,,502,,,557,,,151,,,268,
2026-08-01T22:00:01+00:00,171,255,,,614,,,220,295,,,169,,,,,298,,,,,,491,443,321,,,57,,,,1241,,51,55,161,,,,,128,145,,38,,,,,,,,,319,,,,,53,18,18,,,,53,78,,,,,,70,,,305,,,,,313,,,,,,,,,51,8,243,284,201,112,257,65,283,,215,279,7,7,117,180,181,29,,,69,573,277,,208,220,551,,,212,31,123,,663,173,258,503,,60,390,,,,,,131,,,,,,,,,,153,195,,,,,,,162,,,194,,,,475,,166,,616,,,,,,,,,,,,,,266,1207,369,,383,151,201,,258,410,237,163,,,17,,792,,,,,,,,,,,,,,,,,55,,,,,,,,,,,,,,,,,,,,214,,,,,,523,,25,,,,,,144,,,,,,,,,,,,,,,,,,,,,139,456,,158,,234,418,,,32,11,230,330,,673,,352,181,,,,402,92,,1363,,,,,,,,,,,,,,,,,,,,,,,,,,,,,,,,,,,,,,,,,,,,,,,,,,,,,,,,126,133,47,,115,,,213,483,395,,,364,237,,191,,,14,,,267,,31,299,174,,,113,,,,,59,101,,330,,1029,62,1449,115,201,134,,,,,,,,,,,,,,,,,,,,,,633,,201,,572,,,,,279,366,,,,120,,,,,,52,,,297,,,,148,260,,152,413,,233,186,,79,179,3,59,208,132,87,134,,,170,191,170,69,,95,46,271,,193,85,,,,,,,,,,,,,,,,,,,,,,,,,,,,,,,,,582,121,112,23,15,231,264,,,,264,,,281,,172,65,66,,189,,300,,,,,,,506,,,560,800,197,,,,276,105
2026-08-01T22:15:01+00:00,170,,,137,625,53,,224,,334,,172,,315,,,300,,,,,,492,,323,,,58,,,,1245,,53,,162,,,,,131,146,,,,,,,,,,,320,,,,9,54,17,23,,,,59,85,,,,,84,,,,306,,,,215,332,,,180,207,248,,,,30,23,250,302,210,119,281,66,,218,246,284,3,6,119,189,197,51,,765,,593,279,,212,230,555,,,285,41,,,,201,261,504,,69,,,,,,,150,,,,,543,,,,,161,197,,,,,,,167,,,189,,,,479,,169,,618,,,,,,,,,,,,,,274,1218,384,145,392,155,200,257,262,418,240,165,,160,16,108,801,,,,,,,,235,,140,,,,,,,58,,,,,,,,,,,,,,,,,,,,218,,,,,,,,,102,,,,,149,,,,,145,,,,,,,,,,,,,,,,140,467,,160,272,,419,,399,,13,,337,,,,358,210,,,232,404,,,,,,,,,,,,,,,,,,,,,,,,,,,,,,,,,,,,,,,,,,,,,,,,,,,,,,,,,,,0,,48,122,116,,0,215,0,398,,,365,,,192,,,13,,,271,,,,0,,,112,,,43,137,,103,,331,69,1034,58,1451,,,143,,,,,,,,,,,,,,,,,,,,,,,64,,,566,,,240,,280,,,,,121,,,,,,56,,,298,121,,,157,265,,153,415,,,,,82,180,2,76,227,143,94,143,,,198,207,208,99,,129,61,295,,203,114,,,,,,,,,,,,,,,,,,,,,,,,,,,,,,,,,586,128,119,26,11,247,265,,552,,265,,,,,177,66,67,,190,,,,,,,,,516,,,559,,198,152,,,281,
2026-08-01T22:30:01+00:00,174,,,,626,51,,225,,335,,179,,317,,,303,,,,,,495,,328,,,,,,,1246,,59,56,,,,,,,,,,,,,,,,,,,,,,,56,19,26,,,,63,88,,,,38,88,,,,307,,,63,,334,,,179,208,,,,,34,33,254,333,223,123,320,69,,219,273,285,9,,,200,212,55,,,70,612,,,222,233,559,,,360,45,,,,,,,,,,,,,,,177,,,,,,,,,,164,203,,,,,,,181,,,197,,729,,481,,173,,,,,,,,,,,,,,,,288,1221,395,,,164,201,258,263,420,243,167,,174,17,115,818,,,,,,,,,,,,,,,,,60,,,,,,,,,,,,,,,,,,,,229,,,,,,522,,,,,,,,150,,,,,,,,,,,,,,,,,,,,,153,480,,161,,,418,,401,37,,232,344,,,332,362,241,,,,405,,,,,,,,,,,,,,,,,,,,,,,,,,,,,,,,,,,,,,,,,,,,,,,,,,,,,,,,,,,,134,,123,,,,,,401,,,,238,,193,,,14,,,274,,,,,,,113,143,898,,,61,,,,,,,,,,,,,,,,,,,,,,,,,,,,,,,,,62,205,,556,,,239,,,,,,,120,,,,,,58,,,297,,,,162,266,,154,,858,236,188,675,84,,8,83,234,146,102,145,,,222,220,248,121,,175,64,311,,211,129,,,,,,,,,,,,,,,,,,,,,,,,,,,,,,,,,588,130,131,19,5,261,,,,,267,,,,,180,67,68,,191,449,,,,,,,,524,,,560,,199,151,,,290,
2026-08-01T22:45:02+00:00,176,,,,629,52,,226,296,336,,181,,320,,,,,,,,,500,,,,,61,,,23,1251,,57,57,167,,,,,,147,,,,,,,,,,,,,,,,,,25,,,,69,92,,,,37,,72,,,309,,,64,216,336,,,181,,,,,,19,31,260,353,236,130,352,,280,220,288,287,13,,,203,218,69,160,763,72,631,,,228,241,,,,446,48,,,,,,,,,,,,,,,191,,,,,544,,,,,167,200,,,,,,,191,,,200,,731,,,,179,,,,,,,,,,,,,,,302,296,1224,414,146,394,172,205,259,266,425,246,170,,187,17,119,827,,,,,,,,,,,,,,,,,61,,,,,138,,,,,,,,,,,,,,,234,,,,,,523,,26,,,,,,,,,,,144,,,,,,,,,,,,,,,,,491,294,,,235,417,,,41,14,233,345,,,,365,276,,,,404,,,,,,,,,,,,,,,,,,,,,,,,,,,,,,,,,,,,,,,,,,,,,,,,,,,,,,,,,,,,,49,124,,,,217,,402,,36,366,,,192,,,,89,180,278,,,,,,,,,,,136,,,,,,,,,,,,,,,,,,,,,,,,,,,,,,,,,631,63,207,,546,,253,241,,281,,,,147,121,,,,,,,,,298,122,,,,267,,155,,865,235,190,677,86,186,10,99,240,148,108,149,,,232,236,271,140,,196,,324,,216,147,,,,,,,,,,,,,,,,,,,,,,,,,,,,,,,,,594,,135,34,8,268,268,,555,,268,,,282,,,,,,192,,301,,,,,,,533,,,,,200,150,,,296,
2026-08-01T23:00:01+00:00,,256,,,632,53,,228,,,,196,,318,,,304,,,,,,,,329,,,62,,,25,,,,,,,,,,133,,,39,,,,,,,,,319,,,,,,,31,,,,72,95,,,,,,73,,,,,,,,,,,,,250,,197,,20,38,266,363,238,132,379,73,279,,303,,23,5,,207,223,77,161,765,73,634,278,110,232,245,560,,,500,53,,,,201,268,505,,84,390,,,,,,203,,,,,,,,,,172,202,,,,,,,200,,,209,,,,,,180,,,,,,,,,,,,,,,,301,1225,417,,396,174,,,267,434,248,179,,195,16,122,836,,,,,,,,,,,,,,,,,,,,,,,,,,,,,,,,,,,,,237,,,,,,522,,27,,,,,,,,,,,,,,,,,,,,,,,,,,,,492,,160,,,416,,,46,,235,351,,672,333,366,300,,,233,403,94,,,,,,,,,,,,,,,,,,,,,,,,,,,,,,,,,,,,,,,,,,,,,,,,,,,,,,,,,,,,,126,120,,,,,406,,,368,,,,,,,88,,280,,32,298,,,,,,899,42,,,,,,,,,,,,,,,,,,,,,,,,,,,,,,,,,,638,,209,,537,,254,242,,287,,,,,122,,,,,,63,,,297,,,,166,,,156,416,870,241,188,679,87,185,7,110,247,151,113,,,,244,250,288,149,,222,,335,,222,156,,,,,,,,,,,,,,,,,,,,,,,,,,,,,,,,,,,142,39,11,273,,,556,,,,,,,,68,,,194,,,,,,,,,537,,,,,,,,,299,
2026-08-01T23:15:01+00:00,177,255,,136,634,52,,230,,,,202,,319,,,307,,,,,,,,,,,,,,,1255,,56,,169,,,,,134,,,,,,,,,,,,,,,,11,,,32,,,,80,97,,,,38,,75,,,,,,,,341,,,,,,,,,27,60,269,373,243,138,413,76,275,,314,289,32,6,,,233,118,,,,643,279,111,238,262,562,24,,,56,,,,202,270,,,88,,,,,,,221,,,,,545,,,,,174,204,,,,,,,203,,,215,,,,,,182,,,,,,,,,,,,,,,,308,1232,433,147,397,177,,260,269,441,258,182,,202,17,125,840,,,,,,,,,,,,,,,,,64,,,,,,,,,,,,,,,,,,,,246,,,,,,523,,,103,,,,,152,,,,,,,,,,,,,,,,,,,,,161,494,295,,,,,,,49,,236,353,,671,,369,313,,,,404,95,,,,,,,,,,,,,,,,,,,,,,,,,,,,,,,,,,,,,,,,,,,,,,,,,,,,,,,,,,,135,,125,,,,218,,409,,,,,,191,,,,,,281,,,,,,,112,,,41,,,123,,423,70,1067,17,1477,125,,182,,,,,,,,,,,,,,,,,,,,,,641,65,211,,532,,253,244,,,,,,,,,,,,,64,,,,,,,187,268,,154,,,243,189,680,89,,,114,250,155,118,151,,,258,263,296,155,,234,,343,,227,163,,,,,,,,,,,,,,,,,,,,,,,,,,,,,,,,,595,132,,42,8,274,,99,,,269,,,,,,69,69,,,450,,,,,,,,541,127,,559,,,151,,,300,
2026-08-01T23:30:01+00:00,,,,,639,,,231,,,,206,,320,,,309,,,,,,501,,330,,,,,,,1258,,57,58,170,,,,,,,,,,,,,,,,,,,,,,,,30,,,,83,,,,,40,,76,,,314,,,,,354,,,,209,251,,,,38,83,274,390,255,145,428,,273,,331,290,53,,120,217,243,155,,,74,663,278,,243,277,561,,,,59,,,,203,273,504,,94,,,,,,,240,,,,,,,,,,178,208,,,,,,,215,,,217,,733,,483,,184,,,,,,,,,,,,,,,,316,1231,440,146,398,178,,,270,448,262,,,208,17,127,848,,,,,,,,,,,,,,,,,,,,60,,,,,,,,,,,,,,,,,253,,,,,,,,28,107,,,,,,,,,,145,,,,,,,,,,,,,,,,162,497,,,271,,415,,400,,,,357,,,332,375,344,130,,,405,,,,,,,,,,,,,,,,,,,,,,,,,,,,,,,,,,,,,,,,,,,,,,,,,,,,,,,,,,,,,,,,,,,,410,,,,,,,,,15,,,283,,33,,,,,113,144,,,,,,,,71,,,,,,,,,,,,,,,,,,,,,,,,,,,,651,67,,,531,,,245,,288,,,,146,124,,,,,,67,,,300,,,,198,270,,,,,244,190,683,,,6,119,251,157,120,154,,,262,266,300,162,,245,80,350,,230,174,,,,,,,,,,,,,,,,,,,,,,,,,,,,,,,,,596,,147,46,16,280,,,,,,,,281,,181,,,,,451,,,,,,,,540,,,560,,,150,,,301,
2026-08-01T23:45:01+00:00,,257,,,638,53,,232,295,,,208,,321,,,321,,,,,,502,,331,,,,,,26,1260,,63,,,,,,,,,,,,,,,,,,,,,,,12,,,31,,,,,100,,,,41,,,,,,,,66,,381,,,,,,,,,41,94,276,405,262,147,443,77,272,,358,,70,4,,219,256,179,162,,,674,,,,281,563,,,,62,,,,,272,505,,97,,,,,,,257,,,,,546,,,,,183,214,,,,,,,222,,,223,,,,,,189,,,,,,,,,,,,,,,,324,1234,446,147,401,181,,,,453,265,,,219,17,129,875,,,,,,,,,,,,,,,,,66,,,,,,,,,,,,,,,,,,,,263,,,,,,,,29,108,,,,,,,,,,146,,,,,,,,,,,,,,,,189,500,,161,,,414,,401,53,,238,358,,,333,381,375,,,,406,,,,,,,,,,,,,,,,,,,,,,,,,,,,,,,,,,,,,,,,,,,,,,,,,,,,,,,,,,,,,,,,,,217,,409,,,,,,192,,,16,,,,,,,,,,,146,,,137,,,,,,,,,,,,,,,,,,,,,,,,,,,,,,,,,659,,212,,553,,,246,,,367,,,145,125,,,,,,70,,,,,,,203,,,153,418,871,245,,682,,186,5,126,255,158,121,155,,,268,269,309,166,,251,,354,,231,186,,,,,,,,,,,,,,,,,,,,,,,,,,,,,,,,,598,134,150,53,14,,,,557,,,,,282,,180,70,,,,,302,,,,,,,544,,,,,,151,,,304,
