timestamp,bonn-bcp-parken-Rabinstrasse,bonn-bcp-parken-beethoven,bonn-bcp-parken-beetplatz,bonn-bcp-parken-bike-ride,bonn-bcp-parken-friedensplatz,bonn-bcp-parken-hauptbahnhof,bonn-bcp-parken-karstadt,bonn-bcp-parken-markt,bonn-bcp-parken-muensterplatz,bonn-bcp-parken-operngarage,bonn-bcp-parken-rheinaue,bonn-bcp-parken-stadthaus,bonn-bcp-parken-stadthaus-unten,bonn-bcp-parken-unigarage,braunschweig-parken-Parkhaus-Eiermarkt,braunschweig-parken-Parkhaus-Forschungsflughafen,braunschweig-parken-Parkhaus-Lange-Str-Nord,braunschweig-parken-Parkhaus-Magni,braunschweig-parken-Parkhaus-Packhof,braunschweig-parken-Parkhaus-Ring-Center,braunschweig-parken-Parkhaus-Schloss,braunschweig-parken-Parkhaus-Schutzenstrasse,braunschweig-parken-Parkhaus-Wallstrasse,braunschweig-parken-Parkhaus-Wilhelmstrasse,dresden-parken-Altmarkt,dresden-parken-Altmarkt-Galerie,dresden-parken-Ammonstrasse-Bus,dresden-parken-An-der-Frauenkirche,dresden-parken-Bahnhof-Neustadt,dresden-parken-Bluherstrasse,dresden-parken-Budapester-Strasse,dresden-parken-Centrum-Galerie,dresden-parken-Cossebaude,dresden-parken-Ferdinandplatz,dresden-parken-Fidelio-F-Finke-Strasse,dresden-parken-Frauenkirche-Neumarkt,dresden-parken-Freiberger-Platz,dresden-parken-GALERIA-Karstadt-Kaufhof,dresden-parken-Gompitz,dresden-parken-Grenzstrasse,dresden-parken-Haus-am-Zwinger,dresden-parken-Kaditz,dresden-parken-Klotzsche,dresden-parken-Kongresszentrum,dresden-parken-Kraftwerk-Mitte,dresden-parken-Langebruck,dresden-parken-Lindengasse,dresden-parken-Lingnerallee,dresden-parken-MESSE-DRESDEN-Parkplatz-P7,dresden-parken-Ostra-Allee,dresden-parken-Ostra-Ufer,dresden-parken-Palaisplatz,dresden-parken-Parkhaus-Mitte,dresden-parken-Pennrich,dresden-parken-Pieschener-Allee-Bus,dresden-parken-Pirnaische-Strasse,dresden-parken-Pirnaischer-Platz,dresden-parken-Prohlis,dresden-parken-Reick,dresden-parken-Reitbahnstrasse,dresden-parken-SP1-Strassburger-Platz,dresden-parken-SachsenEnergie-Center,dresden-parken-Sarrasanistrasse,dresden-parken-Schiessgasse,dresden-parken-Semperoper,dresden-parken-Stadtforum-Dresden,dresden-parken-Strehlener-Strasse,dresden-parken-Taschenbergpalais,dresden-parken-Terrassenufer,dresden-parken-Terrassenufer-Bus,dresden-parken-Theresienstrasse,dresden-parken-Weissig,dresden-parken-Weixdorf-Bad,dresden-parken-Wiener-Platz-Hauptbahnhof,dresden-parken-Wiesentorstrasse,dresden-parken-Wigardstrasse,dresden-parken-Wohrl-Florentinum,dresden-parken-World-Trade-Center,ffh-parken-bad-homburg-Am-Bahnhof,ffh-parken-bad-homburg-Louisen-Arkaden,ffh-parken-bad-homburg-Parkgarage-Karstadt,ffh-parken-bad-homburg-Parkgarage-Kurhaus,ffh-parken-bad-homburg-Parkgarage-Rathaus,ffh-parken-bad-homburg-Parkgarage-Schloss,ffh-parken-bad-homburg-Parkhaus-La-Vie,ffh-parken-bad-homburg-Parkhaus-am-Guterbahnhof,ffh-parken-bad-homburg-Parkhaus-am-Markt,ffh-parken-frankfurt-Aculeum,ffh-parken-frankfurt-Alt-Sachsenhausen,ffh-parken-frankfurt-Alte-Oper,ffh-parken-frankfurt-Am-Gericht,ffh-parken-frankfurt-Am-Theater,ffh-parken-frankfurt-Baseler-Platz,ffh-parken-frankfurt-Borse,ffh-parken-frankfurt-Burgerhaus-Bornheim,ffh-parken-frankfurt-Congresscenter-Messe-Frankfurt-Maritim-Hotel,ffh-parken-frankfurt-Friedrichsheim,ffh-parken-frankfurt-Goetheplatz,ffh-parken-frankfurt-Hauptbahnhof-Sud,ffh-parken-frankfurt-Hauptwache,ffh-parken-frankfurt-Hotel-Intercontinental,ffh-parken-frankfurt-Hotel-Movenpick,ffh-parken-frankfurt-Junghofstrasse,ffh-parken-frankfurt-Konrad-Adenauer-Strasse,ffh-parken-frankfurt-Konstabler,ffh-parken-frankfurt-Mainzer-Landstrasse,ffh-parken-frankfurt-Messeturm,ffh-parken-frankfurt-Mousonturm,ffh-parken-frankfurt-MyZeil-PalaisQuartier,ffh-parken-frankfurt-Opernturm,ffh-parken-frankfurt-Ordnungsamt,ffh-parken-frankfurt-P-R-Haus-Borsigallee,ffh-parken-frankfurt-Schiller-Passage,ffh-parken-frankfurt-Universitatsklinikum-Innengelande,ffh-parken-frankfurt-Universitatsklinikum-P2,ffh-parken-frankfurt-Universitatsklinikum-P5,ffh-parken-frankfurt-Universitatsklinikum-Sandhofstrasse,ffh-parken-frankfurt-Untermainanlage,ffh-parken-kassel-Atrium,ffh-parken-kassel-City-Point,ffh-parken-kassel-Friedrichsplatz,ffh-parken-kassel-Galeria,ffh-parken-kassel-Herkules-Besucherzentrum,ffh-parken-kassel-Kurfursten-Galerie,ffh-parken-kassel-Martinskirche,ffh-parken-kassel-Rathaus,ffh-parken-kassel-Schloss-Wilhelmshohe,ffh-parken-kassel-Wilhelmsstrasse,ffh-parken-mannheim-C1-Hauptverwaltung-MPB-Parkhaus,ffh-parken-mannheim-Collini-Center-Mulde-Parkplatz,ffh-parken-mannheim-D3-Tiefgarage,ffh-parken-mannheim-D5-Reiss-Museum-Tiefgarage,ffh-parken-mannheim-G1-Marktplatz-Tiefgarage,ffh-parken-mannheim-H6-Tiefgarage,ffh-parken-mannheim-Hauptbahnhof-P1-Tiefgarage,ffh-parken-mannheim-Hauptbahnhof-P2-Parkhaus,ffh-parken-mannheim-Hauptbahnhof-P3-Parkhaus,ffh-parken-mannheim-Hauptbahnhof-P5-Parkhaus,ffh-parken-mannheim-Klinikum-P3-Parkplatz,ffh-parken-mannheim-Klinikum-Tiefgarage,ffh-parken-mannheim-M4a-Parkplatz,ffh-parken-mannheim-N1-N2-Stadthaus-Parkhaus,ffh-parken-mannheim-N6-Komforthaus,ffh-parken-mannheim-N6-Standardhaus,ffh-parken-mannheim-SAP-Arena-P1-Parkplatz,ffh-parken-mannheim-SAP-Arena-P2-Parkplatz,ffh-parken-mannheim-SAP-Arena-P3-Parkplatz,ffh-parken-mannheim-SAP-Arena-P6-P8-Parkplatz,ffh-parken-mannheim-U2-Tiefgarage,ffh-parken-wiesbaden-PH-City-II,ffh-parken-wiesbaden-PH-Coulinstr,ffh-parken-wiesbaden-PH-Galeria-Kaufhof,ffh-parken-wiesbaden-PH-Karstadt,ffh-parken-wiesbaden-PH-Kurhaus-Casino,ffh-parken-wiesbaden-PH-Lili,ffh-parken-wiesbaden-PH-Luisenforum,ffh-parken-wiesbaden-PH-Luisenplatz,ffh-parken-wiesbaden-PH-Markt,ffh-parken-wiesbaden-PH-Mauritius,ffh-parken-wiesbaden-PH-Theater,ffh-parken-wiesbaden-TG-Lili,ffh-parken-wiesbaden-TG-RMCC,heilbronn-parken-Am-Bollwerksturm,heilbronn-parken-Bildungscampus-Mitte,heilbronn-parken-E-Quartiersgarage-Neckarbogen,heilbronn-parken-Harmonie,heilbronn-parken-Kathchenhof,heilbronn-parken-Kiliansplatz,heilbronn-parken-P-R-Karlsruher-Strasse,heilbronn-parken-Parkhaus-Experimenta,heilbronn-parken-Parkplatz-Hauptbahnhof,heilbronn-parken-Stadtgalerie,heilbronn-parken-Theaterforum-K3,heilbronn-parken-Wollhaus,ingolstadt-parken-Arena,ingolstadt-parken-Congressgarage,ingolstadt-parken-Festplatz,ingolstadt-parken-Hallenbad,ingolstadt-parken-Hauptbahnhof-Ost,ingolstadt-parken-Hauptbahnhof-West,ingolstadt-parken-Munster,ingolstadt-parken-Nordbahnhof,ingolstadt-parken-Reduit-Tilly,ingolstadt-parken-Schloss,ingolstadt-parken-Theater-Ost,ingolstadt-parken-Theater-West,konstanz-parken-Altstadt,konstanz-parken-Augustiner,konstanz-parken-Dobele,konstanz-parken-Fernbusbahnhof,konstanz-parken-Fischmarkt,konstanz-parken-Lago,konstanz-parken-Seerheincenter,mobil-potsdam-parken-Am-Kanal,mobil-potsdam-parken-Bahnhofspassagen-1,mobil-potsdam-parken-Bahnhofspassagen-2,mobil-potsdam-parken-Biosphare-Potsdam-Volkspark,mobil-potsdam-parken-Hollandisches-Viertel-Klinikum,mobil-potsdam-parken-Industrie-und-Handelskammer,mobil-potsdam-parken-Karstadt-Zentrum,mobil-potsdam-parken-Krongut-Bornstedt,mobil-potsdam-parken-Luisenplatz,mobil-potsdam-parken-Lustgarten,mobil-potsdam-parken-Markt-Center,mobil-potsdam-parken-Neuer-Garten-Cecilienhof,mobil-potsdam-parken-P-R-Bahnhof-Golm,mobil-potsdam-parken-P-R-Bahnhof-Griebnitzsee,mobil-potsdam-parken-P-R-Bahnhof-Marquardt,mobil-potsdam-parken-P-R-Bahnhof-Pirschheide,mobil-potsdam-parken-P-R-Campus-Jungfernsee,mobil-potsdam-parken-P-R-Rehbrucke,mobil-potsdam-parken-P-R-Wetzlarer-Strasse,mobil-potsdam-parken-Park-Sanssouci-P1-Historische-Muhle,mobil-potsdam-parken-Park-Sanssouci-P2-Voltaireweg,mobil-potsdam-parken-Park-Sanssouci-P3-Am-Neuen-Palais,mobil-potsdam-parken-Parkplatz-Schloss-und-Park-Babelsberg,mobil-potsdam-parken-Schiffbauergasse-Hans-Otto-Theater,mobil-potsdam-parken-Sportpark-Luftschiffhafen,mobil-potsdam-parken-Weberpark,mobil-potsdam-parken-Wilhelmgalerie,mobilitaet-jena-Am-Anger,mobilitaet-jena-Am-Gries,mobilitaet-jena-Am-Planetarium,mobilitaet-jena-Am-Stadion,mobilitaet-jena-August-Bebel-Strasse,mobilitaet-jena-Bachstrasse,mobilitaet-jena-Busbahnhof,mobilitaet-jena-City-Carree,mobilitaet-jena-Eichplatz,mobilitaet-jena-Eisenbahndamm,mobilitaet-jena-Erbertstrasse,mobilitaet-jena-Ernst-Abbe-Strasse,mobilitaet-jena-Ernst-Haeckel-Strasse,mobilitaet-jena-Gartenstrasse,mobilitaet-jena-Goethe-Galerie,mobilitaet-jena-Grietgasse,mobilitaet-jena-Haeckelplatz,mobilitaet-jena-Holzmarkt,mobilitaet-jena-Krautgasse,mobilitaet-jena-Lassallestrasse,mobilitaet-jena-Lessingstrasse,mobilitaet-jena-Muhlenstrasse,mobilitaet-jena-Neue-Mitte,mobilitaet-jena-Paradiesbahnhof,mobilitaet-jena-Philosophenweg,mobilitaet-jena-Roland-Ducke-Weg,mobilitaet-jena-Schlossgasse,mobilitaet-jena-Seidelparkplatz,mobilitaet-jena-Seidelstrasse,mobilitaet-jena-Semmelweissstrasse,mobilitaet-jena-Sophienstrasse,mobilitaet-jena-Spitzweidenweg,mobilitaet-jena-Steinkreuz,mobilitaet-jena-Stoystrasse,mobilitaet-jena-Wagnergasse,mobilitaet-jena-Westbahnhof,mobilitaet-jena-Wiesenstrasse,mobilitaet-jena-Windberg,mobilitaet-jena-Wollnitzer-Strasse,mobilitaet-jena-Ziegelmuhlenweg,oldenburg-service-parken-Altes-Gymnasium,oldenburg-service-parken-CCO-Parkdeck-1,oldenburg-service-parken-CCO-Parkdeck-2,oldenburg-service-parken-Parkhaus-Alter-Stadthafen-Cinemaxx,oldenburg-service-parken-Parkhaus-Am-Waffenplatz,oldenburg-service-parken-Parkhaus-August-Carree,oldenburg-service-parken-Parkhaus-Bahnhof-ZOB,oldenburg-service-parken-Parkhaus-Galeria-Kaufhof,oldenburg-service-parken-Parkhaus-Heiligengeist-Hoefe,oldenburg-service-parken-Parkhaus-Schlosshoefe,oldenburg-service-parken-Parkhaus-Theatergarage,oldenburg-service-parken-Parkplatz-Pferdemarkt,oldenburg-service-parken-Parkplatz-Theaterwall,oldenburg-service-parken-Ratsherren,parken-in-bochum-P1-Husemannplatz,parken-in-bochum-P2-Dr-Ruer-Platz,parken-in-bochum-P3-Rathaus-BVZ,parken-in-bochum-P5-Bruckstrasse,parken-in-bochum-P6-Hauptbahnhof-Buddenbergplatz,parken-in-bochum-P7-Kurt-Schumacher-Platz,parken-in-bochum-P8-Konrad-Adenauer-Platz-Bermuda3Eck,parken-in-bochum-P9-Schauspielhaus,parken-in-bochum-PH-Alter-Markt-Wattenscheid,parken-in-bochum-PH-Bochumer-Fenster,parken-in-bochum-PH-Husemann-Karree,parken-in-bochum-PH-Massenbergstrasse,parken-in-bochum-PH-Quartiersgarage-Ostpark,parken-in-bochum-PH-Stadionring,parken-in-bochum-PH-Westpark-Jahrhunderthalle,parken-luebeck-Am-Bahnhof-Handelshof-Parkplatz-Strassenrand-Am-Bahnhof-Handelshof-Parkplatz-Strassenrand-Lubeck,parken-luebeck-Am-Burgfeld-Parkplatz-Am-Burgfeld-Parkplatz-Lubeck,parken-luebeck-Am-Fischereihafen-Parkplatz-Am-Fischereihafen-Parkplatz-Travemunde,parken-luebeck-Am-Leuchtenfeld-Leuchtturm-Parkplatz-Am-Leuchtenfeld-Leuchtturm-Parkplatz-Travemunde,parken-luebeck-Backbord-Parkplatz-Backbord-Parkplatz-Travemunde,parken-luebeck-Bahnhof-Parkplatz-Strassenrand-Bahnhof-Parkplatz-Strassenrand-Lubeck,parken-luebeck-Bauhof-Parkplatz-Bauhof-Parkplatz-Lubeck,parken-luebeck-Beckergrube-Parkplatz-Beckergrube-Parkplatz-Lubeck,parken-luebeck-Bruckenweg-Parkplatz-Bruckenweg-Parkplatz-Lubeck,parken-luebeck-Burgstrasse-Parkplatz-Burgstrasse-Parkplatz-Lubeck,parken-luebeck-Fahrstrasse-Parkplatz-Fahrstrasse-Parkplatz-Lubeck,parken-luebeck-Fahrvorplatz-Parkplatz-Fahrvorplatz-Parkplatz-Travemunde,parken-luebeck-Hafenbahnhof-Parkplatz-Hafenbahnhof-Parkplatz-Travemunde,parken-luebeck-Hermann-Lange-Strasse-Parkplatz-Hermann-Lange-Strasse-Parkplatz-Lubeck,parken-luebeck-Huxterdamm-Parkplatz-Huxterdamm-Parkplatz-Lubeck,parken-luebeck-Kanalstrasse-P2-Parkplatz-Kanalstrasse-P2-Parkplatz-Lubeck,parken-luebeck-Kanalstrasse-P3-Parkplatz-Kanalstrasse-P3-Parkplatz-Lubeck,parken-luebeck-Kanalstrasse-P4-Parkplatz-Kanalstrasse-P4-Parkplatz-Lubeck,parken-luebeck-Kanalstrasse-P5-Parkplatz-Kanalstrasse-P5-Parkplatz-Lubeck,parken-luebeck-Kanalstrasse-Strassenrand-Parkplatz-Kanalstrasse-Strassenrand-Parkplatz-Lubeck,parken-luebeck-Kirchenstrasse-Parkplatz-Kirchenstrasse-Parkplatz-Travemunde,parken-luebeck-Konrad-Adenauer-IHK-Parkplatz-Strassenrand-Konrad-Adenauer-IHK-Parkplatz-Strassenrand-Lubeck,parken-luebeck-Kowitzberg-Parkplatz-Kowitzberg-Parkplatz-Travemunde,parken-luebeck-Kurgartenstrasse-Parkplatz-Kurgartenstrasse-Parkplatz-Travemunde,parken-luebeck-Lastadie-P1-Parkplatz-Lastadie-P1-Parkplatz-Lubeck,parken-luebeck-Lastadie-P3-Parkplatz-Lastadie-P3-Parkplatz-Lubeck,parken-luebeck-Lastadie-P5-Parkplatz-Lastadie-P5-Parkplatz-Lubeck,parken-luebeck-Leuchtenfeld-Parkplatz-Leuchtenfeld-Parkplatz-Travemunde,parken-luebeck-Marlesgrube-Parkplatz-Marlesgrube-Parkplatz-Lubeck,parken-luebeck-Mowenstein-Parkplatz-Mowenstein-Parkplatz-Travemunde,parken-luebeck-MuK-Parkplatz-MuK-Parkplatz-Lubeck,parken-luebeck-Muhlenbrucke-Parkplatz-Muhlenbrucke-Parkplatz-Lubeck,parken-luebeck-Muhlendamm-Parkplatz-Muhlendamm-Parkplatz-Lubeck,parken-luebeck-Muhlenstrasse-Parkplatz-Muhlenstrasse-Parkplatz-Lubeck,parken-luebeck-Mullergarten-Parkplatz-Mullergarten-Parkplatz-Lubeck,parken-luebeck-Musterbahn-Parkplatz-Musterbahn-Parkplatz-Lubeck,parken-luebeck-Nordliche-Wallhalbinsel-Parkplatz-Nordliche-Wallhalbinsel-Parkplatz-Lubeck,parken-luebeck-Obertrave-Parkplatz-Strassenrand-Obertrave-Parkplatz-Strassenrand-Lubeck,parken-luebeck-Parade-Parkplatz-Parade-Parkplatz-Lubeck,parken-luebeck-Parkplatz-vor-dem-PH-Burgtor-Parkplatz-Parkplatz-vor-dem-PH-Burgtor-Parkplatz-Lubeck,parken-luebeck-Paul-Brummer-Strasse-Parkplatz-Paul-Brummer-Strasse-Parkplatz-Travemunde,parken-luebeck-Priwall-Parkplatz-Priwall-Parkplatz-Travemunde,parken-luebeck-Radisson-Blu-Parkplatz-Radisson-Blu-Parkplatz-Lubeck,parken-luebeck-Retteich-Parkplatz-Retteich-Parkplatz-Lubeck,parken-luebeck-Roeckstrasse-Parkplatz-Roeckstrasse-Parkplatz-Lubeck,parken-luebeck-Rose-Parkplatz-Rose-Parkplatz-Travemunde,parken-luebeck-Strandbahnhof-Parkplatz-Strandbahnhof-Parkplatz-Travemunde,parken-luebeck-Trelleborgallee-Parkplatz-Trelleborgallee-Parkplatz-Travemunde,parken-luebeck-Untertrave-Flache-1-Parkplatz-Strassenrand-Untertrave-Flache-1-Parkplatz-Strassenrand-Lubeck,parken-luebeck-Untertrave-Parkplatz-Untertrave-Parkplatz-Lubeck,parken-luebeck-Verwaltungszentrum-Muhlentor-Parkplatz-Verwaltungszentrum-Muhlentor-Parkplatz-Lubeck,parken-luebeck-Vogteistrasse-Parkplatz-Vogteistrasse-Parkplatz-Travemunde,parken-luebeck-Wallstrasse-Parkplatz-Wallstrasse-Parkplatz-Lubeck,parken-luebeck-Werner-Kock-Strasse-Parkplatz-Strassenrand-Werner-Kock-Strasse-Parkplatz-Strassenrand-Lubeck,parken-osnabrueck-11,parken-osnabrueck-13,parken-osnabrueck-16,parken-osnabrueck-17,parken-osnabrueck-18,parken-osnabrueck-19,parken-osnabrueck-21,parken-osnabrueck-22,parken-osnabrueck-23,parken-osnabrueck-24,parken-osnabrueck-25,parken-osnabrueck-26,parken-osnabrueck-27,parken-osnabrueck-28,parken-osnabrueck-29,parken-osnabrueck-30,parken-osnabrueck-31,parken-osnabrueck-32,parken-osnabrueck-33,parken-osnabrueck-34,parken-osnabrueck-35,parken-osnabrueck-36,parken-osnabrueck-37,parken-osnabrueck-38,parken-osnabrueck-39,parken-osnabrueck-40,parken-osnabrueck-41,parken-osnabrueck-43,parken-osnabrueck-44,parken-osnabrueck-45,parken-osnabrueck-46,parken-osnabrueck-49,parken-osnabrueck-50,parken-osnabrueck-51,regensburg-parken-Park-Ride-Parkplatz-Unterer-Wohrd,regensburg-parken-Park-Ride-Parkplatz-West,regensburg-parken-Parkhaus-Dachauplatz,regensburg-parken-Parkhaus-Dallmeier,regensburg-parken-Parkhaus-Regensburg-Arcaden,regensburg-parken-Parkhaus-St-Peters-Weg,regensburg-parken-Parkplatz-Dultplatz,regensburg-parken-Tiefgarage-Arnulfsplatz,regensburg-parken-Tiefgarage-Hauptbahnhof-Castra-Regina-Center,regensburg-parken-Tiefgarage-am-Theater-Bismarckplatz,reutlingen-parken-Am-Bahnhof,reutlingen-parken-Bahnhof,reutlingen-parken-Echaz-Zentrum,reutlingen-parken-Galeria-Kaufhof,reutlingen-parken-Gartentor-C-A-Mode,reutlingen-parken-Gartenviertel,reutlingen-parken-Kaiserpassage,reutlingen-parken-Klinikum-I,reutlingen-parken-Klinikum-II,reutlingen-parken-Konrad-Adenauer-Strasse-Eberhardstrasse,reutlingen-parken-Kronprinzenbau,reutlingen-parken-Lederstrasse,reutlingen-parken-Nordstern,reutlingen-parken-Obere-Wassere,reutlingen-parken-Parkgarage-Leonhardsplatz,reutlingen-parken-Parkhaus-Pomologie,reutlingen-parken-Rathaus-Tubinger-Tor,reutlingen-parken-Stadthalle,reutlingen-parken-Stadtmitte,reutlingen-parken-Unter-den-Linden,reutlingen-parken-Volksbank,sw-bielefeld-parken-Parkhaus-Am-Hauptbahnhof,sw-bielefeld-parken-Parkhaus-Am-Jahnplatz,sw-bielefeld-parken-Parkhaus-Am-Zwinger,sw-bielefeld-parken-Parkhaus-Ankergarten,sw-bielefeld-parken-Parkhaus-Bahnhofsviertel-1,sw-bielefeld-parken-Parkhaus-Bahnhofsviertel-2,sw-bielefeld-parken-Parkhaus-Centrum,sw-bielefeld-parken-Parkhaus-Karstadt,sw-bielefeld-parken-Parkhaus-LOOM,sw-bielefeld-parken-Parkhaus-Ritterstrasse,sw-bielefeld-parken-Parkhaus-Stadthalle,sw-bielefeld-parken-Parkpalette-Hermann-Delius-Strasse,sw-bielefeld-parken-Parkplatz-Friedenstrasse,sw-bielefeld-parken-Parkplatz-Grosse-Kurfursten-Str,sw-bielefeld-parken-Parkplatz-Hbf,sw-bielefeld-parken-Parkplatz-Herforder-Str,sw-bielefeld-parken-Parkplatz-Kunsthalle,sw-bielefeld-parken-Parkplatz-Mercatorstr,sw-bielefeld-parken-Parkplatz-Niederwall,sw-bielefeld-parken-Parkplatz-Teutoburger-Strasse,sw-bielefeld-parken-Parkplatz-Zentrum,sw-bielefeld-parken-Parkplatze-Werner-Bock-Strasse,sw-bielefeld-parken-Seidenstickerhalle,sw-bielefeld-parken-Tiefgarage-Altstadt-Carre,sw-bielefeld-parken-Tiefgarage-Am-Theater,sw-bielefeld-parken-Tiefgarage-Kesselbrink,sw-bielefeld-parken-Tiefgarage-Marktpassage-nicht-fur-gasbetriebene-Fahrzeuge,sw-bielefeld-parken-Tiefgarage-Neues-Rathaus,sw-bielefeld-parken-Tiefgarage-Welle,sw-bielefeld-parken-Tiefgarage-Willy-Brandt-Platz,sw-bielefeld-parken-Tiefgarage-und-Parkpalette-CineStar,swt-trier-parken-Basi,swt-trier-parken-City,swt-trier-parken-Hauptm,swt-trier-parken-Kons,swt-trier-parken-Osta,swt-trier-parken-ParkPlaza,swt-trier-parken-Vieh,tiefbauamt-nuernberg-parken-ADCOM-Center,tiefbauamt-nuernberg-parken-Adlerstrasse,tiefbauamt-nuernberg-parken-City-Park-Center,tiefbauamt-nuernberg-parken-Erler-Klinik,tiefbauamt-nuernberg-parken-Findelgasse,tiefbauamt-nuernberg-parken-Galeria-Kaufhof,tiefbauamt-nuernberg-parken-Hans-Sachs-Platz,tiefbauamt-nuernberg-parken-Hauptbahnhof,tiefbauamt-nuernberg-parken-Hauptmarkt,tiefbauamt-nuernberg-parken-Jakobsmarkt,tiefbauamt-nuernberg-parken-Katharinenhof,tiefbauamt-nuernberg-parken-PH-Nurnberger-Akademie,tiefbauamt-nuernberg-parken-Parkhaus-City-Point,tiefbauamt-nuernberg-parken-Parkhaus-Karstadt,tiefbauamt-nuernberg-parken-Parkhaus-Maximum,tiefbauamt-nuernberg-parken-Parkhaus-Wohrl,tiefbauamt-nuernberg-parken-Parkhausname,tiefbauamt-nuernberg-parken-Sebalder-Hofe,tiefbauamt-nuernberg-parken-Sterntor,tiefbauamt-nuernberg-parken-Theater,vmz-bremen-parken-Am-Bahnhof,vmz-bremen-parken-Am-Brill,vmz-bremen-parken-Am-Dom,vmz-bremen-parken-Am-Kuhhirten,vmz-bremen-parken-Am-Sedanplatz,vmz-bremen-parken-Am-Vegesacker-Hafen,vmz-bremen-parken-Am-Wall,vmz-bremen-parken-Aumunder-Markplatz,vmz-bremen-parken-Beckersweide,vmz-bremen-parken-Burgerweide,vmz-bremen-parken-Burgerweide-Klangbogen,vmz-bremen-parken-City-Gate,vmz-bremen-parken-Fresenbergstrasse-P1,vmz-bremen-parken-Fresenbergstrasse-P2,vmz-bremen-parken-Herdentor-Rembertiring,vmz-bremen-parken-Hillmannplatz,vmz-bremen-parken-Im-Pohl,vmz-bremen-parken-Katharinenklosterhof,vmz-bremen-parken-Kunstlerhaus-Guterbahnhof,vmz-bremen-parken-Lubecker-Strasse,vmz-bremen-parken-Messe-Parkhaus,vmz-bremen-parken-Mitte,vmz-bremen-parken-Ortsamt-Blumenthal,vmz-bremen-parken-Ostertor-Kulturmeile,vmz-bremen-parken-Pressehaus,vmz-bremen-parken-Rowekamp-Metropol-Theater,vmz-bremen-parken-Sagerstr,vmz-bremen-parken-Silbermannstrasse,vmz-bremen-parken-Stephani,vmz-bremen-parken-Uberseestadt,vmz-bremen-parken-Weserstadion,vtmanager-duesseldorf-parken-FLOAT,vtmanager-duesseldorf-parken-Heerdt,vtmanager-duesseldorf-parken-PH-01,vtmanager-duesseldorf-parken-PH-02,vtmanager-duesseldorf-parken-PH-03,vtmanager-duesseldorf-parken-PH-04,vtmanager-duesseldorf-parken-PH-06,vtmanager-duesseldorf-parken-PH-08,vtmanager-duesseldorf-parken-PH-09,vtmanager-duesseldorf-parken-PH-10,vtmanager-duesseldorf-parken-PH-11,vtmanager-duesseldorf-parken-PH-12,vtmanager-duesseldorf-parken-PH-13,vtmanager-duesseldorf-parken-PH-16,vtmanager-duesseldorf-parken-PH-17,vtmanager-duesseldorf-parken-PH-18,vtmanager-duesseldorf-parken-PH-20,vtmanager-duesseldorf-parken-PH-22,vtmanager-duesseldorf-parken-PH-23,vtmanager-duesseldorf-parken-PH-24,vtmanager-duesseldorf-parken-PH-25,vtmanager-duesseldorf-parken-PH-26,vtmanager-duesseldorf-parken-PH-29,vtmanager-duesseldorf-parken-PH-33,vtmanager-duesseldorf-parken-PH-34,vtmanager-duesseldorf-parken-PH-35,vtmanager-duesseldorf-parken-PH-37,vtmanager-duesseldorf-parken-PH-39,vtmanager-duesseldorf-parken-PH-42,vtmanager-duesseldorf-parken-PH-43,vtmanager-duesseldorf-parken-PH-45,vtmanager-duesseldorf-parken-PH-46,vtmanager-duesseldorf-parken-PH-47,vtmanager-duesseldorf-parken-PH-48,vtmanager-duesseldorf-parken-PH-50,vtmanager-duesseldorf-parken-PH-51,vtmanager-duesseldorf-parken-PH-52,vtmanager-duesseldorf-parken-PH-53,vtmanager-duesseldorf-parken-PH-54
2026-08-15T00:00:01+00:00,176,268,57,144,668,51,,251,308,,220,190,252,338,,,346,,,,1245,167,492,432,336,,,50,,,116,1114,26,65,64,189,,,,37,162,146,0,87,0,36,,,,,,,350,51,,,0,55,19,31,156,176,,,122,83,232,27,,,107,,,353,5,,108,231,385,230,223,160,200,235,21,198,63,375,114,302,451,290,215,487,76,280,213,468,359,117,57,120,271,317,352,171,804,66,731,286,121,280,287,624,24,7,468,67,,,,203,263,523,,122,390,,0,0,0,0,288,0,0,0,0,545,0,0,0,0,174,222,0,0,0,0,0,,209,,10,247,370,660,292,442,,196,150,548,261,295,528,257,52,230,,832,333,594,266,328,150,357,1378,546,134,261,217,75,296,268,549,266,,,252,17,129,876,,,,,,,,74,,127,,,,,,118,106,0,,61,,128,,,0,,,51,0,0,0,0,0,0,0,0,259,0,0,0,0,0,523,0,20,46,145,0,0,0,165,0,0,0,0,153,0,0,0,0,58,0,0,0,0,75,0,0,48,209,36,189,506,299,120,259,235,427,0,401,74,11,254,348,408,669,340,397,475,133,,231,399,93,,1371,,,,279,,64,,,,,,,,26,,,164,63,24,8,,,,450,,,,,165,,,219,,,,,,,,,,,,11,,,,,,,,,,,,282,137,46,119,111,154,71,152,376,360,38,39,392,188,49,205,7,0,18,91,191,277,0,29,292,178,308,200,107,143,897,45,144,54,143,0,472,67,1223,254,362,98,197,192,0,118,209,289,84,0,0,343,343,116,0,314,0,343,209,135,289,200,249,0,0,735,84,205,,723,,273,264,,333,378,,,141,122,,,,,,82,,,309,135,,,232,257,,296,423,838,249,188,708,40,171,30,124,296,151,126,158,54,153,255,311,311,240,0,287,53,328,,255,31,0,,,,,,,,,,,,,,,,,,,,,,,,,,,,,,,,468,146,150,289,35,348,303,98,567,209,319,333,,214,,168,74,78,350,198,446,297,360,,,,200,544,608,128,,541,,154,139,160,641,347,
2026-08-15T00:15:01+00:00,177,,,,669,,,,,,,197,,340,,,354,,,,,,,,,,,51,,,,1125,27,67,63,,,,,,164,,,88,,,,,,,,,351,,,,,,,33,,,,,127,,,,,,,,,,,,,230,,,,,,,,,,,119,303,452,,216,501,,,,477,,134,,,273,322,365,,,,741,,120,,292,,,,,,,,,,262,,,127,,,,,,,290,,,,,,,,,,175,223,,,,,,,211,,,254,,,,444,,202,,549,,,,,,,,,,,,,,358,1377,553,,,218,,,,,267,,,253,17,,877,,,,,,,,,,,,,,,,,,,,,,,,,,,,,,,,,,,,,262,,,,,,,,,,,,,,,,,,,,,,,,59,,,,,,,,,,,,508,,145,,,428,,399,72,,,,,,,398,498,,,,,,,,,,,,,,,,,,,,,,,,,,,,,,,,,,,,,,,,,,,,,,,,,,,,,,,,,,,,,,,286,,45,,,,,,,,,,,,,,,,,,192,280,,,,,,,,,,,,,,,480,,1235,264,365,103,,201,,,,,,,,,,,,,,,,,,,,,,737,,,,,,,265,,,,,,,,,,,,,,,,,,,,241,262,,298,,839,,189,,42,,,125,,,,,,157,256,313,315,243,,293,,,,256,36,,,,,,,,,,,,,,,,,,,,,,,,,,,,,,,,,,,151,295,34,,,,,,,,,215,,167,75,,,,,,,,,,,,610,,,,,,138,,,,
2026-08-15T00:30:02+00:00,,,,145,,,,,,,,207,,341,,,,,,,,,491,,338,,,,,,,1132,,73,,190,,,,,,147,,,,37,,,,,,,353,52,,,,58,,42,,,,,132,,,,,,,,,,,,117,231,,,,,,,,,,,120,309,455,,,509,,,,485,,153,,,274,323,385,,,67,742,,,,296,625,,,,,,,,,266,524,,124,,,,,,,294,,,,,,,,,,177,,,,,,,,219,,,260,,659,,452,,205,,548,,,,,,,,,,,,,,,1381,557,,262,219,,,,,,,,258,17,,880,,,,,,,,75,,,,,,,,,,,,,,,,,,,,,,,,,,,,,263,,,,,,,,,,,,,,,,,,,,,,,,,,,,,,,,,,,,,300,149,,,,,397,71,,300,349,,,,401,507,,,,451,94,,,,,,,,,,,,,,,,,,,,,,,,,,,,,,,,,,,,,,,,,,,,,,,,,,,,,,,,,,295,,46,,,,,,,,,,,,,,,,,,,,,,,,,,109,,898,,,,,,,,,,,,,,,,,,,,,,,,,,,,,,,,,,,740,85,,,722,,,,,,377,,,143,,,,,,,,,,,,,,246,263,,299,,,252,191,,44,172,31,127,,152,,,,158,,,316,,,295,,,,,42,,,,,,,,,,,,,,,,,,,,,,,,,,,,,,,,,,,153,320,35,349,,,,,,,,,,,,,,,447,298,,,,,,,611,,,542,,,137,,,348,
2026-08-15T00:45:02+00:00,,,,144,,,,252,,,,217,,,,,,,,,,,,,,,,52,,,,1137,,75,,,,,,,165,,,,,38,,,,,,,,,,,,,,44,,,,,135,84,233,,,,108,,,354,,,,,,,,,,,,,,,124,312,456,291,217,516,,,,491,,160,,,,324,400,,,,745,285,,,298,626,,,,68,,,,,264,,,125,,,,,,,295,,,,,,,,,,,,,,,,,,220,,,266,,660,,453,,210,,549,,,,,,,,,,,,,,,,559,,,223,,,269,,269,,,259,17,130,881,,,,,,,,,,,,,,,,,,,,,,,,,,,,,,,,,,,,,,,,,,,,,,,,,,,,,,,,,,,,,,,,,,,,,,,,,515,,151,,,,,398,,12,301,,,,,,511,,,,,,,,,,,,,,,,,,,,,,,,,,,,,,,,,,,,,,,,,,,,,,,,,,,,,,,,,,,,,,,296,,,120,112,,,,,,,,,,,,,,,,,279,,,,,,,,,,,143,53,,,,,,,,,,,,,,,,,,,,,,,,,,,,,,,,,84,,,723,,,,,,,,,,,,,,,,,,,,,,,247,,,300,,,254,,,,,32,,,,,,,,,,318,,,300,,,,,47,,,,,,,,,,,,,,,,,,,,,,,,,,,,,,,,,471,,,337,37,350,,,,,,,,,,,,,,,449,,,,,,,,613,,,,,,,,,,
2026-08-15T01:00:01+00:00,179,,,,,,,,,,,221,,,,,355,,,,,,,,,,,53,,,,1138,28,76,,,,,,,,,,,,,,,,,,,,,,,,57,,46,,,,,136,,,,,,,,,,,,,232,,,,,,,,,,,125,313,457,,218,521,,,,495,,171,,,,326,408,,,,747,,,,309,625,,,,,,,,,,528,,126,,,,,,,296,,,,,,,,,,178,224,,,,,,,227,,,268,,,,457,,213,,,,,,,,,,,,,,,,,1382,,,,,74,,270,,,,,261,17,133,,,,,,,,,,,,,,,,,,,,,,,,,,,,,,,,,,,,,,266,,,,,,522,,21,,,,,,,,,,,154,,,,,,,,,,,,,,,,,517,,,,,,,396,74,,,,,,,,512,,,,,,,,,,,,,,,,,,,,,,,,,,,,,,,,,,,,,,,,,,,,,,,,,,,,,,,,,,,,,,,300,,,121,,,,,,,,,,,,,,,,,,,,,,,,,,,,,,,,,,,,,,,,,,,,,,,,,,,,,,,,,,,,,,,,,,722,,,,,,,,,,121,,,,,,,,,,,,,250,,,,,,253,,,,,,128,,,,,55,,255,314,320,,,301,,327,,,49,,,,,,,,,,,,,,,,,,,,,,,,,,,,,,,,,,,154,350,41,,304,,,,,,,,,168,,,,,,,,,,,,,614,,,,,,,,,,
2026-08-15T01:15:01+00:00,,,,,,,,,,,,225,,,,,,,,,,,,,,,,54,,,,1139,,,,,,,,,167,,,,,,,,,,,,,,,,,56,,,,,,,138,,235,,,,,,,,,,,,,,,,,,,,,373,127,,456,,219,524,,,,499,,178,,,276,327,422,,,,748,286,,282,312,627,,,,,,,,,267,531,,,,,,,,,,,,,,,,,,,,,,,,,,,230,,,269,,,,458,,,,,,,,,,,,,,,,,,,,,,,226,73,,,,,,,263,17,,884,,,,,,,,,,,,,,,,,,,,62,,,,,,,,,,,,,,,,,264,,,,,,,,22,,,,,,,,,,,,,,,,,,,,,,,,,,,190,519,,157,,,,,398,,,300,,,,,402,517,,,,,,,,,,,,,,,,,,,,,,,,,,,,,,,,,,,,,,,,,,,,,,,,,,,,,,,,,,,,,,,307,,,120,,,,,,,,,,,,,,,,,,,,,,,,,108,,,,,,146,,488,,1236,292,367,105,,206,,,,,,,,,,,,,,,,,,,,,,741,,,,723,,,266,,,,,,,,,,,,,,,,,,,,255,,,,424,841,254,,,,,,130,,,,,,,,315,321,,,,,,,,51,,,,,,,,,,,,,,,,,,,,,,,,,,,,,,,,,,,,360,43,,,,,,,,,214,,,,,,,,,,,,,,,,,,544,,,136,,,,
2026-08-15T01:30:02+00:00,,,,,,,,,,,,228,,,,,,,,,,,492,,,,,56,,,,,,77,,,,,,36,,146,,,,,,,,,,,,,,,,58,,47,,,,,,,,,,,,,,,,,,,,,,,,,,,,,128,,457,,,527,,,,502,360,180,,,,326,433,,,,747,,,283,313,628,,,,,,,,,,,,,,,,,,,297,,,,,,,,,,,225,,,,,,,,,,273,,,,,,216,,,,,,,,,,,,,,,,,,560,,,,,,,,,,,264,17,,,,,,,,,,,,,,,,,,,,,,61,,,,,,,,,,,,,,,,,262,,,,,,,,,,,,,,,,,,,,,,,,,,,,,,,,,,,191,520,,,,,,,401,,,301,,,,,,516,,,,,,,1372,,,,,,,,,,,,,,,,,,,,,,,,,,,,,,,,,,,,,,,,,,,,,,,,,,,,,,,,,,,,,,,,,,,,,,,207,,,,,,280,,,,,,,107,,,,144,,,,,,,,,,,,,,,,,,,,,,,,,,,,,,,,,,,,,,,,,,,,,,,,,,,,,,,,,,,,,,,,,842,,,,,,,134,,,,,,,,,324,,,303,,,,,55,,,,,,,,,,,,,,,,,,,,,,,,,,,,,,,,,,,155,376,47,351,,,,,,,,,,,74,,,,,,,,,,,,615,,,,,,,,,,
2026-08-15T01:45:01+00:00,,,,,,50,,,,,,229,,,,,,,,,,,494,,,,,,,,,1147,,78,,,,,,,,144,,,,,,,,,,,,,,,,,,49,,,,,139,,,,,,,,,355,,,,,,,,,,,,,,,133,314,,,,529,,,,503,361,185,,,,327,441,,,68,,,,,314,627,,,,69,,,,,,,,,,,,,,,296,,,,,,,,,,,,,,,,,,232,,,276,,,,,,217,,,,,,,,,,,,,,,,,,561,,,,,,,,,,,263,17,,,,,,,,,,,,,,,,,,,,,,60,,,,,,,,,,,,,,,,,261,,,,,,,,,,,,,,,,,,,,,,,,,,,,,,,,,,,,521,,,,,,,399,,,,,,,,403,522,,,,,93,,,,,,,,,,,,,,,,,,,,,,,,,,,,,,,,,,,,,,,,,,,,,,,,,,,,,,,,,,312,,,,,,,153,377,,,38,,,,208,,,,,,,,,,179,,,,,,,,,,,,,,,,,,,,,,,,,,,,,,,,,,,,,,,,751,,206,,,,,267,,,,,,,123,,,,,,,,,310,,,,265,,,,,843,,,,,,,137,,,127,,,159,,317,,,,,,,,,58,,,,,,,,,,,,,,,,,,,,,,,,,,,,,,,,,,,,390,48,353,,,,,,,,,,,,,,,,,,,,,,,,,,545,,,,,,,
2026-08-15T02:00:01+00:00,178,,,,,51,,,,,,230,,,,,,,,,,,,,,,,,,,,1154,,79,,,,,,,,,,,,,,,,,,,,,,,,,,50,,,,,,,,,,,,,,,,,,,,,,,,,,,,372,136,315,,,218,531,,,,504,,187,,,277,,450,,,69,749,,,,315,629,,,,,,,,203,269,531,,130,390,,,,,,297,,,,,,,,,,,,,,,,,,,,,280,,,,459,,218,,,,,,,,,,,,,,,,,,,,,,,,,,,,,,17,,,,,,,,,,,,,,,,,,,,,,58,,,,,,,,,,,,,,,,,259,,,,,,,,,,,,,,,,,,,,,,,,,,,,,,,,,,,,,,,,,,,396,,,,348,,,,,528,,,,,94,,,,,,,,,,,,,,,,,,,,,,,,,,,,,,,,,,,,,,,,,,,,,,,,,,,,,,,,,,314,,,,,,,,,,,,,,,,,,,,,,,,,,,,106,,,,,,,,,,,,,,,,,,,,,,,,,,,,,,,,,,,,,752,,,,722,,,,,,,,,,,,,,,,,,,311,,,,267,,,,,845,,,,,,33,136,,,128,,,158,180,,,,,305,,,,,61,,,,,,,,,,,,,,,,,,,,,,,,,,,,,,,,,,,,403,51,,,,,,,,,,,,,,,,,,,,,,,,616,,,546,,,,,,,
2026-08-15T02:15:01+00:00,,,,,,,,251,,,,231,,343,,,,,,,,,,,,,,,,,,,30,,,192,,,,35,,147,,,,,,,,,,,,,,,,,,47,,,,,,,,,,,,,,,,,,220,,,,,,,,,,373,139,316,456,,219,534,,,,506,,195,,,,326,455,,,,750,287,,,,628,,,,,,,,,,,,,,,,,,,,,,,,,,,,,,226,,,,,,,236,,,287,,,,460,,220,,,,,,,,,,,,,,,,359,,560,,,,71,,,,270,,,,17,,883,,,,,,,,,,,,,,,,,,,,56,,,,,,,,,,,,,,,,,257,,,,,,,,,,,,,,,,,,,,,,,,,,,,,,,,,,,,534,,156,,,,,400,70,14,300,349,,668,,404,530,,,,,,,,,,,,,,,,,,,,,,,,,,,,,,,,,,,,,,,,,,,,,,,,,,,,,,,,,,,,,,,315,,,,,,,,,,,,,,,,,,,,,,,,,,,,,,,,,52,149,,490,,1237,314,,,,216,,,,,,,,,,,,,,,,,,,,,,753,,,,723,,,,,,,,,,,,,,,,,,,,,,,272,,,,,847,255,192,,,,,138,,,127,,,,,,,,,,,,,,,,,,,,,,,,,,,,,,,,,,,,,,,,,,,,,,,,,156,412,49,352,,,,,,,,,,,,,,,,,,,,,,,617,,,,,,,,,,
2026-08-15T02:30:01+00:00,,,,,,,,,,,,234,,,,,,,,,,,,,,,,,,,,,,78,,,,,,,,148,,,,,,,,,,,,,,,,57,,,,,,,,,,,,,,,,354,,,,,,,,,,,,,,,140,317,454,,,536,,,,507,,197,,,278,324,464,,,,,,,,317,,,,,,,,,,,,,,,,,,,,,,,,,,,,,,,,,,,,,,238,,,288,,,,,,,,,,,,,,,,,,,,,,,,561,,,,,,,,,,,262,17,,884,,,,,,,,,,,,,,,,,107,,,54,,,,,,,,,,,,,,,,,252,,,,,,,,,,,,,,,,,,,,,,,,,,,,,,,,,,,,536,,,,,,,396,71,,302,,,,,,532,,,,450,,,,,,,,,,,,,,,,,,,,,,,,,,,,,,,,,,,,,,,,,,,,,,,,,,,,,,,,,,,,,,,113,,,,,,,,393,,,,,,,,,,,,,,,,107,,,,143,,,,,,,,,,,,,,,,,,,,,,,,,,,,,,,,,,,207,,,,,,,,,,,144,,,,,,,,,,,133,,,275,,,,,,,,,,173,,140,,,,,,,181,326,325,,,,,,,,69,,,,,,,,,,,,,,,,,,,,,,,,,,,,,,,,,472,,,425,51,,,,,,,,,215,,167,,,,,,,,,,,,,,,,,,,,,,,
2026-08-15T02:45:02+00:00,,,,,,,,250,,,,235,,,,,,,,,,,,,,,,,,,,1155,31,79,,,,,,,,,,87,,,,,,,,,,,,,,58,,44,,,,,140,,,,,,,,,,,,,,,,,,,,,,,,142,,455,,,537,,,,,,,,,,325,472,,,70,,,,,318,627,,,,,,,,,,,,,,,,,,,,,,,,,,,,,,,,,,,,,239,,,289,,,,461,,,,550,,,,,,,,,,,,,,,,562,,261,,70,,,,271,,,265,17,,883,,,,,,,,,,,,,,,,,,,,53,,127,,,,,,,,,,,,,,,,,,,,,521,,,,,,,,,,,,,,,,,,,,,,,,,,,,,,537,,,,,,,393,72,,,,,,,,537,,,,,,,,,,,,,,,,,,,,,,,,,,,,,,,,,,,,,,,,,,,,,,,,,,,,,,,,,,,,,,,,,,,,,,,,,,,,,,,,,,,,281,,,,,,,,,,,,,,,,,,,,,,,,,,,,,,,,,,,,,,,,,,,,754,,,,,,,,,,376,,,,,,,,,,,,,,,,,280,,,,,846,256,,,,,,141,,,,,,157,,327,,,,,,,,,71,,,,,,,,,,,,,,,,,,,,,,,,,,,,,,,,,,147,,433,52,,,,,,,,,,,168,,,,,,,,,,,,,618,,,547,,,,,,,
2026-08-15T03:00:02+00:00,,,,,,,,,,,,236,,,,,,,,,,,,,,,,,,,,1165,,78,,,,,,,,,,,,,,,,,,,,,,,,57,,43,,,,,,,,,,,,,,353,,,,,,,,,,,,,,,144,,456,,,538,,,,508,,,,,,324,474,,,,751,,,282,319,628,,,,,,,,203,269,531,,127,390,,,,,,298,,,,,,,,,,,,,,,,,,240,,,,,,,,,,,,,,,,,,,,,,,,,,,,,260,,69,297,,,,,,,17,,882,,,,,,,,,,,,,,,,,,,,,,,,,,,,,,,,,,,,,242,,,,,,519,,,,,,,,,,,,,,,,,,,,,,,,,,,,,,,,155,,,,,387,,,,,,,,,536,,,,449,,,,,,,,,,,,,,,,,,,,,,,,,,,,,,,,,,,,,,,,,,,,,,,,,,,,,,,,,,,,,,,,,,,,359,,,,,,,,,,,,,,,,,,,,,,,,,,,,,,,,,,,,,,,,,,,,,,,,,,,,,,,,,,206,,,,,,,,,,,143,,,,,,,,,,,,,,283,,,,,845,,,,,,,143,297,,126,,,,182,,,,,,,,,,72,,,,,,,,,,,,,,,,,,,,,,,,,,,,,,,,,,,,441,55,,,,,,,,,,,,,,,,,,,,,,,,620,127,,,,,,,,,
2026-08-15T03:15:01+00:00,,,,,,,,251,,,,235,,,,,,,,,,,,431,,,,,,,,1183,,,,,,,,,166,149,,,,,,,,,,,,,,,,,,,,,,,,,,,,,,,,351,,,,,,,,,,,,,,,146,,457,,,541,,,,,,198,,,,,479,,,,,,121,281,320,,,,,,,,,,280,,,,,,,,,,297,,,,,544,,,,,,,,,,,,,242,,,288,,659,,,,,,,,,,,,,,,,,,,170,373,1232,505,,259,186,68,267,,469,221,,,,,,,,,,,,,,,,,,,,,,,,,,,,,,,,,,,,,,,,,,40,237,,,,,,520,,,,,,,,,,,,,,,,,,,,,,,,,,,,,,,,,,,,,,,,,,,667,,,533,,,,,,,,,,,,,,,,,,,,,,,,,,,,,,,,,,,,,,,,,,,,,,,,,,,,,,,,,,,,,,,,,,,,,,,,,,,,,,,,,,,,,,,,,,,,,,,,,,,,,,,,,,,,,,,,,,,,,,,,,,,,,,,,753,85,,,,,,,,,375,,,,,,,,,,,,,,,,,302,,,,,,,,,,,,,,,,,,,,,,,,,,,,,,,,,,,,,,,,,,,,,,,,,,,,,,,,,,,,,,,,,447,56,351,,,,,,,,,,169,,,,,,,,,,,,,619,,,548,,,106,,,,
2026-08-15T03:15:02+00:00,,,,,,,,,,,,,,,,,,,,,,,,,,,,,,,,,,,,,,,,,,,,,,,,,,,,,,,,,,,,,,,,,,,,,,,,,,,,,,,,,,,,,,,,,,,,,,,,,,,,,,,,,,,,,,,,,,,,,,,,,,,,,,,,,,,,,,,,,,,,,,,,,,,,,,,,,,,,,,,,,,,,,,,,,,,,,,,,,,,,,,,,,,,,,,17,,884,,,,,,,,73,,,,,,,,,,,,,,,,,,,,,,,,,,,,,,,,,,,,,,,,,,,,,,,,,,,,,,,,,,,,,,,,,,,156,,,,,382,,,,,,,,,,,,,,,,,,,,,,,,,,,,,,,,,,,,,,,,,,,,,,,,,,,,,,,,,,,,,,,,,,,,,,,,314,,,,,,,,,,,,,,,,,,,,,,,,,,,,,,897,,,,,,491,,,336,,,,220,,,,,,,,,,,,,,,,,,,,,,,,,,,,,,,,,,,,,,,,,,,,,,,,,,,,,,848,,,,,172,,,,,,,,,,,,,,,,,,,73,,,,,,,,,,,,,,,,,,,,,,,,,,,,,,,,,,,,,,,,,,,,,,,,,,,,,,,,,,,,,,,,,,,,,,,
2026-08-15T03:30:01+00:00,,,,,,,,,,,,,,,,,,,,,,,,429,,,,,,,,1193,,,,,,,,,,,,,,,,,,,,,,,,,,56,,42,,,,,139,,,,,,,,,350,,,,219,,,,,,,,,,372,,,458,,220,,,,,,,201,,,,323,484,,,,752,,,,321,629,,,,70,,,,,,,,126,,,,,,,,,,,,,,,,,,,,,,,,,243,,,287,,,,,,,,549,,,,,,,,,,,,,,,,,,255,,67,,,,,,,,17,,883,,,,,,,,72,,,,,,,,,108,,,,,,,,,,,,,,,,,,,,232,,,,,,519,,,,,,,,164,,,,,153,,,,,,,,,,,,,,,,,,288,153,,,,,374,,,,,,666,,406,535,,,,,,,1371,,,,,,,,,,,,,,,,,,,,,,,,,,,,,,,,,,,,,,,,,,,,,,,,,,,,,,,,313,,,,,,,,,358,,,391,187,,,,,,90,,,,,,,,,106,144,886,,,,,,,,,,,,,,,,,,,,,,,,,,,,,,,,,,,750,,,,,,,,,332,374,,,,,,,,,,,,,,,,,,,,301,,,257,,,,,34,145,,151,,,,156,180,,371,,,306,,,,,74,,,,,,,,,,,,,,,,,,,,,,,,,,,,,,,,,,,,451,,352,,,,,,,,,,,,,,,,,,,,,,,,,,,,,,,,349,
2026-08-15T03:45:01+00:00,,,,,,,,,,,,236,,342,,,,,,,,,,428,,,,55,,,,1194,,,,,,,,34,165,,,,,,,,,,,,,50,,,,55,18,40,,,,,140,,,,,,,,,349,,,,,,,,,,,,,,371,147,,459,,,542,77,,,,,202,,,,325,488,,,,,,,,,626,,,,,,,,,279,,,,,,,,,,298,,,,,543,,,,,,,,,,,,,244,,,,,660,,460,,,,550,,,,,,,,,,,,,,,,,133,246,,,,,,,,,,17,132,882,,,,,,,,,,,,,,,,,,,,,,126,,,,,,,,,,,,,,,,,,,,,,,,,,,,,,,,,,,,,,,,,,,,,,,,,,,536,266,152,272,,427,,369,,,,,,663,339,405,,,,,,,,1365,,,,,,,,,,,,,,,,,,,,,,,,,,,,,,,,,,,,,,,,,,,,,,,,,,,,,,,,310,,,,,,70,152,,,,,389,188,,,,,,89,,,,,,,,,108,,850,,,,,,,65,,,,,,,,,,,,,,,,,,,,,,,,,,,,749,,205,,720,,,,,328,373,,,,,,,,,,,,,,,,,305,262,,,,849,,,,,,33,,,149,125,,,153,181,328,,,,307,,,,,77,,,,,,,,,,,,,,,,,,,,,,,,,,,,,,,,,,,,,,,,,,,,,,,,,75,,,,,299,,,,,,,620,128,,,,,,,,,
2026-08-15T04:00:01+00:00,176,,,,,,,,,,,235,,,,,,,,,,,,,339,,,,,,,1201,,79,,,,,,33,,,,,,,,,,,,,352,52,,,,,17,35,,,,,141,,,,,,,,,348,,,,217,384,,,,,,,,,,148,,,292,,,,,,,360,203,,,277,324,490,,,67,,,,,,620,,,,,,,,,,,,,,,,,,,296,,,,,,,,,,177,224,,,,,,,243,,,286,,,,458,,219,,549,,,,,,,,,,,,,,,,,132,242,,66,,,,,,,,17,,884,,,,,,,,,,,,,,,,,,,,,,127,,,,,,,,,,,,,,,224,,,,,,,,,47,,,,,,,,,,,,,,,,,,,,,,,,,,,535,262,,,,,,362,71,,,348,,662,337,,534,,,,,93,,1354,,,,,,,,,,,,,,,,,,,,,,,,,,,,,,,,,,,,,,,,,,,,,,,,,,,,,,,,,,,,,,,148,,357,,,384,,,207,,,,90,,,,,272,,,,109,,820,,,50,,,,,,,,,,,,,,,,,,,,,,,,,,,,,,,,746,,204,,,,,,,323,,,,141,,,,,,,,,,309,,,,308,261,,,,,258,,,,,,146,,147,126,,,155,,,,,,,75,,,,,,,,,,,,,,,,,,,,,,,,,,,,,,,,,,,,,,146,,454,,350,,,,,,331,,,,,,,,,,,,,,,,,,,,,,,,,,,
2026-08-15T04:05:01+00:00,,,,,,,,,,,,236,,,,,,,,,,,,429,380,,,56,,,,951,,,,,,,,,,,,,,,,,,,,,,,,,,54,18,,,,,,142,,,,,,,,,347,,,,220,,,,,,,,,,,,,,,,,,,,,,,,,,,,,,,,,,,,,,,,,,,,,,,,,,,,,,,,,,,,,,,,,,,,,,,,,,,,,,,,,,,,,,,,,,,,,,,,,,,,,131,236,187,,,,,,,,,17,,885,,,,,,,,,,,,,,,,,,,,,,,,,,,,,,,,,,,,,223,,,,,,518,,,,,,,,,,,,,,,,,,58,,,,,,,,,,,,,,,,,,,79,,,,,,660,,,,,,,,,,1353,,,,,,,,,,,,,,,,,,,,,,,,,,,,,,,,,,,,,,,,,,,,,,,,,,,,,,,,,,,,,,69,,,,,,382,,,,,,,,,,,,261,,,,107,,816,,,,,,,,,,,,,,,,,,,,,,,,,,,,,,,,,,,742,,201,,721,,,,,320,372,,,139,122,,,,,,,,,307,,,,,257,,,,,,,707,,,,,,145,125,,,,182,,,,,,,326,,,,,,,,,,,,,,,,,,,,,,,,,,,,,,,,,,,,,,157,455,57,,,,,,269,,,,,,,,,,,,,,,,,,,,,,,,,,,,
2026-08-15T04:10:01+00:00,175,,,,,,,,,,,,,,,,,,,,,,,428,,,,,,,,,,,,,,,,,,,,,,,,,,,,,,,,,,,,,,,,,,,,,,,,,,,,,,,,,,,,,,,,,,,,,,,,,,,,,,,,,,,,,,,,,,,,,,,,,,,,,,,,,,,,,,,,,,,,,,,,,,,,,,,,,,,,,,,,,,,,,,,,,,,,,,,,,,,,,,,,,,,,,,17,,,,,,,,,,,,,,,,,,,,,,,,,,,,,,,,,,,,,,,216,,,,,,,,21,,,,,,163,,,,,,,,,,,,,,,,,,,,,,,,,,,,,,,,,,,,339,,,134,,,,,,1354,,,,,,,,,,,,,,,,,,,,,,,,,,,,,,,,,,,,,,,,,,,,,,,,,,,,,,,,308,,,,,,,,,,,,,,,,,,,,,,,,258,,,,,,814,,,,148,,,,1235,366,372,,,192,,,,,,,,,,,,,,,,,,,,,,,,,,,,,,,,,,,,,,,,,,,,,,,,,,,,,,,,,,,171,,,,,,,,,,,,,,,,,,,,,,,,,,,,,,,,,,,,,,,,,,,,,,,,,,,,,,,456,,,,,,,,,,,,,76,,,,450,,,,,,,,,,,,,,,,,,
2026-08-15T04:15:01+00:00,,,,,,,,,,,,,,341,,,,,,,,,,427,,,,,,,,,,,,,,,,,,,,,,,,,,,,,,,,,,,,,,,,,,,,,,,,,,,,,,,,,230,179,,234,,197,,,,,461,,,,76,,,,359,,58,,,,494,,,66,,286,,280,320,614,,,,,,,947,,278,532,,,,,,,,,297,,,,,,,,,,178,223,,,,,,,244,,,,,,,457,,153,,550,,,,,,,,,,,,,,,,506,,233,,,,,,,,,,17,,,,,,,,,,,,,,,,,,,,,,,,,,,,,,,,,,,,,,,214,,,,,,516,,,,,,,,,,,,,,,,,,57,,,,,,,,,,,,,,,,,,,,,,,,,,,,,,,,,,,,,,,,,,,,,,,,,,,,,,,,,,,,,,,,,,,,,,,,,,,,,,,,,,,,,,,,,,,305,,,,,153,,,,,,,381,,,,,,,,,280,,,256,,,,,,,,,,,,,,,,,,,,,,,,,,,,,,,,,,,,,,,,,741,,198,,,,,,,,373,,,,,,,,,,81,,,306,,,,,256,,,,,,,,,,,,,,,,,154,,,,,,,,,,,,,,,,,,,,,,,,,,,,,,,,,,,,,,,,,,,,,,,,,,,,,,,,,,,,,,,,,,,,,,,,,,,,,,,,,,
2026-08-15T04:20:01+00:00,174,,,,,,,,,,,,,,,,,,,,,,,425,,,,55,,,,954,,80,,,,,,,164,,,,,,,,,,,,353,,,,,55,,38,,,,,143,,,,,,,,,345,,,,219,,,,,,,,,,,,,,,,,,,,,,,,,,,,,,,,,,,,,,,,,,,,,,,,,,,,,,,,,,,,,,,,,,,,,,,,,,,,,,,,,,,,,,,,,,,,,,,,,,,,,,,,,,,,,,,266,17,,884,,,,,,,,,,,,,,,,,107,,,,,,,,,,,,,,,,,,,,211,,,,,,,,,,,,,,,,,,,152,,,,,,,,,,,,,,,,,,,,,,,,,,,,,,659,338,,,,,,,,,,,,,,,,,,,,,,,,,,,,,,,,,,,,,,,,,,,,,,,,,,,,,,,,,,,,,,,,,303,,,,,152,,,,,,,382,,,,,,,,,,,,,,,,,,813,,,,,314,,,,368,,,,193,,,,,,,,,,,,,,,,,,,,,,740,,197,,,,,,,319,,,,138,,,,,,,,,,305,,,,307,,,300,,,259,,,,,,,,,,,,,,,,,,,,,,,,,,,,,,,,,,,,,,,,,,,,,,,,,,,,,,,,472,145,,,,,,,,,,,,,,,,,,,,,,,,,,,,,,,,,,,,,
2026-08-15T04:25:01+00:00,173,,,,,,,,,,,,,,,,,,,,,,,,,,,,,,,955,,,,,,,,34,,,,88,,,,,,,,,,,,,,,,37,,,,,,,,,,,,,,,,,,,383,,,,,,,,,,149,,464,,,540,,290,,,,205,,,276,323,,,,,751,,,277,,613,,,,,,,,,277,,,,,,,,,,,,,,,,,,,,,,,,,,,,243,,,,,,,456,,155,,,,,,,,,,,,,,,,,,507,130,231,,67,,,,,,,,17,,885,,,,,,,,,,,,,,,,,,,,,,,,,,,,,,,,,,,,,204,,,,,,,,,,,,,,,,,,,,,,,,,,,,,,,,,,,,,,,,,,,,,,,,,,,,,,,,,,,,,,,,,,,,,,,,,,,,,,,,,,,,,,,,,,,,,,,,,,,,,,,,,,,,,,,,,,,301,,,119,,,,,,,,,381,189,,,,,,,,,,,255,,306,,,,810,,,,,,,,,,,,,,,,,,,,,,,,,,,,,,,,,,,,,195,,,,,,,314,374,,,,,,,,,,,,,303,,,,305,253,,,,,,,,45,,35,,,,,,,155,,,,,,,,,,,,,,,,,,,,,,,,,,,,,,,,,,,,,,,,,,,,,146,,,,,,,,,,,,,,,77,79,,,,298,,,,,,,,,,,,,,,,,
2026-08-15T04:30:01+00:00,,,,,,,,,,,,,,,,,,,,,,,,,,,,,,,,965,,,62,,,,,,,,,86,,,,,,,,,,,,,,,19,36,,,,,,,,,,,,,,344,,,,,,,,,,,,,,,,,,,,,,,,,,,,,,,,,,,,,,,,,,,,,,,,,,,,,,,,,,,,,,,,,,,,,,,,,,,,,,,,,,,,,,,,,,,,,,,,,,,,,,,,,,,,,,,,,,,268,17,,884,,,,,,,,,,,,,,,,,108,,,,,128,,,,,,,,,,,,,,,206,,,,,,,,,,,,,,162,,,,,,,,,,,,,,,,,,,,,,,268,150,,,,,65,,,,,,,,404,535,,,,450,,,,,,,,,,,,,,,,,,,,,,,,,,,,,,,,,,,,,,,,,,,,,,,,,,,,,,,,,,,302,,,120,,,68,,,,,,,,,205,,,,,,279,,,253,,,,,,811,,,,147,313,,,1236,370,373,,,,,,,,,,,,,,,,,,,,,,,,,739,,,,,,,,,309,,,,,121,,,,,,,,,,,,,304,252,,,,,,,,,,,,298,,,,,157,,329,,,,,,,,,,,,,,,,,,,,,,,,,,,,,,,,,,,,,,,,,,471,,,457,,,,,,,,,,,,,,,,,,,,100,,,,,,,,,,,,,,,
2026-08-15T04:35:02+00:00,171,,,143,,,,,,,,,,,,,,,,,,,,,,,,,,,,969,,,,,,,,,,,,85,,,,,,,,,,,,,,,,,,,,,,,,,,,,,,,,,,,382,,,,,,,198,,370,,,467,,,,,,,,,,,,275,,,,,67,,285,120,,,617,,,,,,,946,204,276,533,,,,,,,,,298,,,,,,,,,,,222,,,,,,,,,,287,,,,,,,,,,,,,,,,,,,,,,,,508,127,228,,,,,,,186,,,17,,,,,,,,,,,,,,,,,,,,,,,,,,,,,,,,,,,,,,,207,,,,,,515,,,,,,,,161,,,,,,,,,,,,,,,,,,,,,,534,269,,,236,,,60,,,,,,,339,,,,,,447,,,1355,,,,,,,,,,,,,,,,,,,,,,,,,,,,,,,,,,,,,,,,,,,,,,,,,,,,,,,,300,,,,,,69,,,394,,,,,,203,,,,,,,,,254,,,,,146,,,,,,,,66,,,,,,,,,,,,,,,,,,,,,,,,,,,,,,192,,718,,,266,,298,373,,,,120,,,,,,,,,301,,,,,249,,,,,,,,,,,,,,,,,,,,,,,,,,,,,,,,,,,,,,,,,,,,,,,,,,,,,,,,,,,,,,,,,58,,,,,,,,,,,,76,,,,,,,,,,,,,,,,,,105,,,,
2026-08-15T04:40:02+00:00,,,,,,,,,,,,237,,,,,,,,,,,,,,,,,,,,971,,,,,,,,,,,,,,,,,,,,,,,,,,,,39,,,,,,,,28,,,,,,,,,,,381,225,,,,,,,,,,,,,,,,,,,,,,,,,,,,,,,,,,,,,,,,,,,,,59,,,,,,,,,,,,,,,,,,,223,,,,,,,,,,,,,,452,,,,,,,,,,,,,,,,,,,,,,,,,,,,,,,,17,,885,,,,,,,,,,,,,,,,,,,,52,,,,,,,,,,,,,,,,,204,,,,,,,,,,,,,,,,,,,,,,,,,,,,,,,,,,,,,271,,,,,,59,,,,,,,338,,536,,,,448,,,,,,,,,,,,,,,,,,,,,,,,,,,,,,,,,,,,,,,,,,,,,,,,,,,,,,,,,,,297,,,,,,70,,,,,,,,,,,,,,,,,,256,,,,,147,813,,,,146,312,,65,1235,372,374,,,,,,,,,,,,,,,,,,,,,,,,,,,190,,,,,265,,295,,,,,,,,,,,,,,,,,,303,248,,,,,,,,,,,,,,,,,,183,,,,,,,,,,,,,,,,,,,,,,,,,,,,,,,,,,,,,,,,,,,,,,,,349,,,,,,,,,,,,,,,,,,,,,,,,,,,,,,,,,
2026-08-15T04:45:01+00:00,170,,,,,52,,,,,,,,,,,,,,,,,,424,295,,,,,,,974,,,,,,,,,,,,,,,,,,,,,352,,,,,,,38,,,,,142,,,27,,,,,,,,,,,,,,,,,,,,372,148,,466,,,541,,,,506,358,,,,274,,493,,,,750,284,,276,319,616,,,,,,,,,,,,,,,,,,,,,,,,,,,,,,,,,,,,,,,,,,,,,,,,,,,,,,,,,,,,,,,1231,509,,221,,66,,269,,,187,,,17,,,,,,,,,,,,,,,,,,,,,,,,,,,,,,,,,,,,,,,198,,,,,,,,,,,,,,,,,,,,,,,,,,,,,,,,,,,,535,272,,,,,,52,,,,,,,339,405,,,,,,,,1354,,,,,,,,,,,,,,,,,,,,,,,,,,,,,,,,,,,,,,,,,,,,,,,,,,,,,,,,296,,,119,,,,,376,392,,,382,,,200,,,,,,278,,,260,,,,109,148,816,,,,,314,490,,1234,,375,,196,,,,,,,,,,,,,,,,,,,,,,,,,,,,,,,,,,,,,,,,,,,,,,,,,,,,,,,,,191,,,,36,145,,,,159,,156,182,,,,,,,,,,,,,,,,,,,,,,,,,,,,,,,,,,,,,,,,,,,,,,458,59,,,,,,,,,,,,,,,,,,,,,,,,619,,,,,,,,,,
2026-08-15T04:50:02+00:00,,,,,,,,250,,,,,,,,,,,,,,,,,,,,,,,,977,30,,,,,,,,165,,,84,,,,,,,,,,,,,,,,36,,,,,,,,,,,,,,,,,,,380,226,,,,,,,,,,,,,,,,,,,,,,,,,,,,,,,,,,,,,,,,,,,277,,,,,,,,,,,,,,,,,,,,,,,,,,,,,,,,,,,448,,156,,,,,,,,,,,,,,,,,,,,,,,,,,,,,,17,133,884,,,,,,,,,,,,,,,,,107,,,,,,,,,,,,,,,,,,,,201,,,,,,,,,,,,,,160,,,,,,,,,,58,,,,,74,,,,,,,,275,,,,,,47,,,,,,,,,,,,,447,,,1356,,,,,,,,,,,,,,,,,,,,,,,,,,,,,,,,,,,,,,,,,,,,,,,,,,,,,,,,294,,45,120,,,,149,,391,,,381,,,,,,,91,,,,,265,,,,,149,821,,,,,,,66,,,,,,,,,,,,,,,,,,,,,,,,,,,,738,,,,,,,,,291,372,,,,119,,,,,,79,,,299,,,,,247,,,,,,190,706,,,,,,,,,,,,,,,,,,,,,,,,,,,,,,,,,,,,,,,,,,,,,,,,,,,,,,,,,,,348,,,,,,,,,,,,,,,,,,,,,,,,,,,,,,,,348,
2026-08-15T04:55:01+00:00,,,,,,,,,,,,238,,,,,,,,,,,,,,,,56,,,,982,,,,,,,,,164,,,,,,,,,,,,,,,,,,,,,,,,143,,,,,,,,,343,,,,,379,,,,199,,,,,371,150,,461,,,543,,,,504,,,,,,324,492,,802,,749,,,,318,,,,467,,,,,,278,,,,,,,,,,,,,,,,,,,,,222,,,,,,,242,,,,,,,446,,,,551,,,,,,,,,,,,,172,375,1229,510,,223,,,,,,,186,,269,17,,885,,,,,,,,,,,,,,,,,,,,,,,,,,,,,,,,,,,,,199,,,,,,,,,,,,,,158,,,,,,,,,,,,,,,,,,,,,,,276,149,,,425,,35,,,301,,,,,,,,,,,,,,,,,,,,,,,,,,,,,,,,,,,,,,,,,,,,,,,,,,,,,,,,,,,,,,,,,,,,,295,,,,,,,151,375,390,,,,,,199,,,,,,,,,267,,,,,,820,,,49,,,,,,,,,,,,,,,,,,,,,,,,,,,,,,,,,,,,,,,,,290,,,,,,,,,,,,,,,,,,,,,,,848,,,705,,,,,,,,,,157,,,,,,,,,,,,,,,,,,,,,,,,,,,,,,,,,,,,,,,,,,,,,,,,60,,,,,,,,93,,,,,,,,,,,,69,,,,,,,,,,,,,,
2026-08-15T05:00:01+00:00,,,,,,,,,,,,,,,,,,,,,,,,425,,,,,,,,992,,,,,,,,,162,,,85,,,,,,,,,,,,,,,,37,,,,,,,,,,,,,,,,,,,,,,,,,,,,,,,,,,,,,,,,,,,,,,,,,,,,,,,,,,,,,,,,,,,,,,,,,,,,,,,,,,,,,,,,,,,,,,,,,,,,,,,,,,,,,,,,,,,,,,,,,,,,,,,,,268,17,,,,,,,,,,,,,,,,,,,108,,,,,,,,,,,,,,,,,,,,201,,,,,,,,,,,,,,156,,,,,,,,,,,,,,,,,,,,,,534,,147,,,,,25,,,300,,,,,,537,,,,,,,1355,,,,,,,,,,,,,,,,,,,,,,,,,,,,,,,,,,,,,,,,,,,,,,,,,,,,,,,,296,,,118,,,,,,,,,,,,,,,,,,,,,265,,307,,108,,823,,142,,143,316,489,,1232,373,374,,,,,,,,,,,,,,,,,,,,,,,,,,,188,,,,,,,,,,,,,,,,,,,,,,,,,302,,,,,,,191,700,,,,,,,,,,,,,,,,,,,,,,,,,,,,,,,,,,,,,,,,,,,,,,,,,,,,,,,145,,459,59,347,,,,,,332,,,,,,,,,,,,,,,,,618,,,,,151,,,,,
2026-08-15T05:05:01+00:00,,266,,,,,,,,362,,,,343,,,,,,,,,,426,,,,,,,,,,,,193,,,,,,,,,,,,,,,,,,,,,,54,,,,,,,,,,,,,,,,,,,121,,375,,,,,233,,,,,,,459,,,,,,,503,,204,,,259,323,467,,,63,748,,,,316,612,,,468,,,,,,,,,125,,,,,,,297,,,,,542,,,,,,,,,,,,,240,,,288,,,,439,,,,552,,,,,,,,,,,,,171,376,,512,126,,,,,,468,,,,270,17,,886,,,,,,,,,,,,,,,,,,,,,,,,,,,,,,,,,,,,,199,,,,,,516,,,,,,,,,,,,,,,,,,,,,,,,,,,,,,533,277,144,,,,,8,,,301,,,,338,,536,,,,446,,,,,,,,,,,,,,,,,,,,,,,,,,,,,,,,,,,,,,,,,,,,,,,,,,,,,,,,,,,295,,,,,150,,,,,,,,,,193,,,,,,276,195,,,178,,,,150,,,141,,,,,,,,,,,,,,,,,,,,,,,,,,,,,,,,,,,187,,,,,264,,287,371,,,,,,,,,,,,,298,,,,,245,,,,,,,696,,172,37,,,146,,,,153,181,,,,,,,325,,,,,,,,,,,,,,,,,,,,,,,,,,,,,,,,,,,,,,,,,,303,,,,,,,,,,75,,,,,,,,,,,,602,,,,,,,,,,
2026-08-15T05:10:01+00:00,169,,,,,,,,307,,,,,,,,,,,,,,,,,,,,,,,,31,,,,,,,,,,,,,37,,,,,,,353,51,,,,,,38,,,,,,,,,,,,,,,,,,218,,,,,,,,,,,,,,,,,,,,,,,,,,,,,,,,,,,,,,,,,,,,,,,,,,,,,,,,,,,,,,,,,,,,,,,,,,,,,,,,,,,,,,,,,,,,,,,,,,,,,,,,,,,,,185,,272,17,,885,,,,,,,,,,126,,,,,,,,,,,,,,,,,,,,,,,,,,,198,,,,,,515,,,46,,,,,153,,,,,153,,,,,57,,,,,,,,,,,,532,,,,235,,,6,,,302,,,,337,,,,,,,,,1353,,,,,,,,,,,,,,,,,,,,,,,,,,,,,,,,,,,,,,,,,,,,,,,,,,,,,,,,296,,,116,,,,,,391,,,380,,,189,21,,,,,274,,,,,,,,,824,,,,,315,,,,,375,,,,,,,,,,,,,,,,,,,,,,,,,,,189,,,,,,,286,,,,,118,,,,,,,,,296,,,,,,,,,,258,,693,46,,36,,,,,,,149,,330,,,,,,,,254,,,,,,,,,,,,,,,,,,,,,,,,,,,,,,,,,,,,,,60,,,99,,,,331,,,,170,,,,,,,,,,,,,,,,,,,,,,,
2026-08-15T05:15:02+00:00,,,,,,,,,306,361,,,,,,,,,,,,,,,,,,,,,,994,,,,,,,,,,148,,86,,,,,,,,,354,52,,,,,,37,,,,,,,,,,,,,,,,,,219,371,,,,200,,,,,370,,307,424,,222,544,69,,,485,360,203,,,258,,464,,,,747,,,275,,,,6,,,117,211,,203,,529,,,,,,,,,295,,,,,541,,,,,,,,,,,,260,,,,287,,,,432,181,,,551,,,,,,,,,,,,,,,,,125,,,,,,,,,,,17,,883,,,,,,,,71,,,,,,,,,,,,,,,,,,,,,,,,,,,,,195,,,,,,516,,,,,,,,154,,,,,,,,,,,,,,,73,,,,,,,,278,,,,,,0,,,,,,658,,404,,,,,,,,,,,,357,,107,,,,,,,,,,,190,104,54,23,,,,,,,,,322,,,336,,,,,,,,,,,,19,,,,,,,,,,,,286,,44,112,112,,,,,390,,,,,,188,,,,,,273,,,266,,306,,107,152,822,,,,,314,,,,374,,,,,,,,,,,,,,,,,,,,,,,,,,,,,,719,,272,,,285,,,,137,,,,,,,78,,,294,,,,300,244,,,,,259,,685,,,,,,,,,,,,,,,,,,,,,,,,,,,,,,,,,,,,,,,,,,,,,,,,,,,,,,,,,,,,,,,,,,,,,,,,,,,,,,,,,,,,,,,,,,,349,
2026-08-15T05:20:02+00:00,168,267,,,668,,,,,,,239,,342,,,,,,,,164,,,,,,,,,,996,,,,,,,,,,,,,,,,,,,,,,51,,,,,,,,,,,,,234,28,,,,,,341,,,,218,370,,229,180,,,,,,,,306,,,223,,,,,,359,,,,,,463,,792,,,285,121,,315,608,,7,,,,,,,,,,,,,,,,,292,,,,,,,,,,,,,,,,,,213,,,,,661,,426,,,,552,,,,,,,,,,,,,,,,,,,,,,,,,,,,17,,884,,,,,,,,,,127,,,,,,,,,,,,,,,,,,,,,,,,,,,197,,,,,,,,,,,,,,153,,,,,,,,,,56,,,,,,,,,,,,531,277,143,,,,,-3,,,,,,,334,,,,,,,,,1352,,,,,,,,,,,,,,,,,,,,,,,,,,,,,,,,,,,,,,,,,,,,,,,,,,,,,,,,285,,45,109,,,71,,373,388,,,,,,185,,,,,,271,,,,,,,,,,,,,,,,,,,,,,,,,,,,,,,,,,,,,,,,,,,,,,187,,,,,,,284,374,,,136,,,,,,,,,,,,,,295,241,,,,,,,676,,,,,,147,,,,146,,331,,,,,,326,,,,,,,,,,,,,,,,,,,,,,,,,,,,,,,,,,,,471,,,,,348,,,,,,330,,,,,,78,,200,,,,,,,,,,,,,,,,,,,
2026-08-15T05:25:01+00:00,,268,,,,,,,,,,,,343,,,,,,,,,,,,,,,,,,999,,81,,,,,,,,,,,,,,,,,,,,52,,,,,,35,,,,,142,,,29,,,,,,339,,,,,,,,,,,,,,,,,,,,,,,,,,,,,,,,,,,,,,,,,,,,,,,947,,,530,,123,,,,,,,,,,,,,,,,,,,,,,,,,,,,,,,,,,,,,,,,,,,,,,,,,,,,513,124,222,,65,,,,,,,271,17,134,,,,,,,,,,,,,,,,,,109,,,,,,,,,,,,,,,,,,,,191,,,,,,,,,,,,,,,,,,,,,,,,,,,,,,,,,,,,,,141,,,,,-11,,,,,,,,,,135,,,445,,,,,,,358,,,,,,,,,,,,,,103,,22,,,,449,,,,,,,,337,,,,,,,,,,,,18,,,,,,,,,,,,,,,107,,,,,,,,,,,,182,,,,,,269,196,,265,,,,,,821,,,,,,,,,,,,,,,,,,,,,,,,,,,,,,,,,,,736,,,,720,,,263,,282,,,,137,119,,,,,,,,,,,,,293,240,,301,,,,,673,,171,35,,,,,,,,182,332,,,,,,327,,,76,,,,,,,,,,,,,,,,,,,,,,,,,,,,,,,,,,146,,,59,,,,,,,,,,,,,,,,,,,,,,,,,,,,,,,,,,
2026-08-15T05:30:01+00:00,,,,,667,,,,,358,,,,,,,,,,,,,,,294,,,,,,,1001,,,,,,,,,,,,88,,,,,,,,,,,,,,,,,,177,,,141,,,,,,,,,,,,122,214,367,,228,,,,,,,369,,,423,,,545,68,291,,,,,,,257,,464,,793,64,,284,,274,,605,,,,,,,,,,,,,,,,,,,293,,,,,540,,,,,177,221,,,,,,,214,,,,,,,416,,157,,553,,,,,,,,,,,,,,,,,,,,,,,,,,,,17,,885,,,,,,,,,,,,,,,,,,,,,,,,,,,,,,,,,,,,,187,,,,,,,,,,,,,,151,,,,,152,,,,,54,,,,,74,,,,,,,530,,140,,,,,-12,,,301,,,,333,,535,,,,444,,,,,,,,,,,,,,,,,,,,,,,,,,,,,,,,,,,,,,,,,,,,,,,,,,,,,,,,,,,286,,46,,111,149,,152,,386,,,379,190,,180,,,,,,268,,,,,305,,,,818,,142,,,,488,,1231,,,,,,,,,,,,,,,,,,,,,,,,,,,,,,,,,,,,,,,,,,,,,,,,,,,,,,,,,,,,,,669,,,,,,,,,,,,,,,,,,,,,,,,,,,,,,,,,,,,,,,,,,,,,,,,,,,,,,470,,,460,58,344,,,,,270,329,,214,,,74,,,,,,,,,,,,603,,,,,,,,,,
2026-08-15T05:35:02+00:00,,,,,666,,71,,,,,238,,,,,,,,,,,,425,293,,,,,,,,,,,194,,,,,,146,,87,,,,,,,,,,51,,,,,,34,,,,,,,233,30,,,,,,,,,,217,,,,,,,,,,,,,,,,,,,,,,,,,,,,,,,,,,,,,,,,,,,,,,529,,122,,,,,,,,,,,,,,,,,,,,,,,,,,,,,,,,,,,,,,,,,,,,,,,,,,374,,,,218,,,,,467,,,,,17,133,884,,,,,,,,,,,,,,,,,,,,,,,,,,,,,,,,,,,,,,,,,,,515,,22,,,,,,,,,,,151,,,,,53,,,,,73,,,,,,,527,276,,,,426,,-18,72,,302,,407,656,332,403,,,,,443,,,,,,,,,105,,,,,,,,,,,188,,53,,,,,450,,,,,320,,,338,,,,,,,,,,,,19,,,,,,,,,,,,283,,,,,148,,,,383,,,,189,,181,,,,92,,265,,,,,303,,,,,,,,144,,,,,375,,,,,,,,,,,,,,,,,,,,,,,,,,,,185,,,,271,,,281,,,,138,,,,,,,,,,293,,,,292,238,,,,,258,,663,45,,,144,,,,160,,,184,330,,,,,,,,,,,,,,,,,,,,,,,,,,,,,,,,,,,,,,,,,,471,,,,,345,,,,,,,,,,,,,,,,,,,,,,,,,,,,,,,,351,
2026-08-15T05:40:02+00:00,,,,,,,,249,,357,,239,,342,,,,,,,,,,,,,,,,,,1002,30,,,196,,,,,,,,,,36,,,,,,,,,,,,,,36,,,,,,,,,,,,,,,,,,218,365,,,,,,,,,,,,,291,,,,,,484,358,,,,,,465,,,,744,,,273,313,606,,,,,,,,,,528,,121,,,,,,,288,,,,,,,,,,176,,,,,,,,213,,,,,660,,415,,,,552,,,,,,,,,,,,,,,,,,,,,,,,,,,269,17,134,883,,,,,,,,,,,,,,,,,,,,,,,,,,,,,,,,,,,,,185,,,,,,,,,,,,,,,,,,,149,,,,,,,,,,,,,,,,,523,,,,,,,-14,,,,,,,330,401,,,,,,92,,1350,,,,,,,,,,,,,,,,,189,,,,,,,,,,,,,,,339,,,,,,,,,,,,,,,,,,,,,,,,,,,108,,147,,153,,381,,,,,,182,,,,,,264,195,,262,,302,,106,,819,,,,,,,,,,,,,,,,,,,,,,,,,,,,,,,,,,,735,,183,,,,270,,,,373,,,137,,,,,,,,,,,,,,291,237,,,,,259,190,661,,,,,,,,,,,,,,,,,,,,,,,,,,,,,,,,,,,,,,,,,,,,,,,,,,,,,,,,,,,,,,,,,,,,,,,79,,,,,,,,,,,,127,,,,,,,,,
2026-08-15T05:45:02+00:00,,,,,665,,,248,,358,,,,,,,,,,,,,,424,292,,,,,,,1015,,,63,197,,,,,161,,,88,,37,,,,,,,353,,,,,,,33,,,,,,,,,,,,,,337,,,,,,,,,,,,,,,,,,,,,,,,,,,,,,,,,,,,,,,,,,,,,,,,,,,,,,,,,,,,,,,,,,,,,,,,,,,,,,,,,,,,,,,,,,,,,,,,,,,,,,375,1230,511,123,215,,64,,,,,,,271,17,,884,,,,,,,,,,,,,,,,,,,,51,,,,,,,,,,,,,,,,,186,,,,,,513,,,,,,,,146,,,,,,,,,,,,,,,,,,,,,,518,272,141,,,,,-27,,,,347,,655,331,,,,,,442,,,,,,,,,,,,,,,,,,,,,,,,,,,,,,,,,,,,,,,,,,,,,,,,,,,,,,,,,,,,,,107,,145,,,,,,,,188,,180,,,,,,265,194,,263,,,,,,817,,141,,,,,,,,,,,,,,,,,,,,,,,,,,,,,,,,,734,,182,,,,,,,,,,,,118,,,,,,,,,,,,,,238,,,,,258,,662,44,172,34,,299,,,159,,147,,331,,,,,,326,,255,,,,,,,,,,,,,,,,,,,,,,,,,,,,,,,,,,,,,,,343,307,,,,,,,,,,,,,,,,,,,,,,602,,,,,,,,,,
2026-08-15T05:50:02+00:00,,269,,,,51,,247,305,353,,,,340,,,,,,,,,,,293,,,,,,,1021,,,62,,,,,,160,147,,,,,,,,,,,352,,,,,,,32,,,,,,,,31,,,,,,336,,,,217,364,224,,,,,,,,,151,305,424,,,542,,,,483,357,,57,,256,322,462,,,65,,,,,,604,,,,,,,,,,,,,,,,,,,284,,,,,541,,,,,,222,,,,,,,212,,,288,,,,405,,156,,,,,,,,,,,,,,,,,,,,,,,,,,,,,,17,133,880,,,,,,,,,,,,,,,,,108,,,,,,,,,,,,,,,,,,,,174,,,,,,,,,,,,,,143,,,,,146,,,,,52,,,,,,,,,,,,516,271,,,,425,,-22,,,,,,,329,,,,,,,,,,,,,,,,,,,,,,,,,,190,104,52,21,,,,,,,,,319,,,338,,,,,,,,,,,,18,,,,,,,,,,,,284,,45,,,144,,,371,,,,378,190,,182,,,,,191,266,,,262,,,,,,816,,,,145,313,,,,,376,,,,,,,,,,,,,,,,,,,,,,,,,,,181,,,,271,,,282,371,,,,,,,,,,,,,294,132,,,289,236,,,,849,,188,658,,171,33,145,,,126,,,144,185,330,,,,,,,,254,,,,,,,,,,,,,,,,,,,,,,,,,,,,,,,,,,,,,,,341,,,,,,,,,,,72,,,,,,,,,,,,,,,,,150,,,,352,
2026-08-15T05:55:01+00:00,,270,,,664,,,,,352,,,,339,,,,,,,,,,426,295,,,,,,,1025,,79,,211,,,,,158,148,,,,,,,,,,,,,,,,55,,33,,,,,,,234,33,,,,,,334,,,,215,,,,,,,,,,,,,,,,,,,,,,,,,,,,,,,,,,,,,,,,,,,,,,,,,,,,,,,,,,,,,,,,,,,,,,,,,,,,,,,,,,,,,,,,,,,,,,,,,,,,509,119,212,,62,,,,,183,,270,17,,,,,,,,,,,,,,,,,,,,,,,,,,,,,,,,,,,,,,,,,,,,,512,,,43,,,,,141,,,,,145,,,,,,,,,,,,,,,,,511,269,139,,,424,,-8,73,,,,,654,,,534,,,,441,,,1348,,,,,,,,,,,,,,,,,,103,51,,,,,,,,,,318,,,339,,,,,,,,,,,,,,,,,,,,,,,,282,,44,108,,,,155,520,,,,,,,180,,,,,,,,,,,,,,,,,,,,,,,,,,,,,,,,,,,,,,,,,,,,,,,,,,,,180,,,,,,,,,,,,,,,,,,,,,,131,,,,231,,,423,848,,,657,,170,,,,,,,,,,,,,,,,,,,,,,,,,,,,,,,,,,,,,,,,,,,,,,,,,,,,,,,,57,340,,,,,,,,,,,,78,,,,,,,,,,,,,,,,,106,,,,
2026-08-15T06:00:01+00:00,,,,,,,,,304,353,,,251,,,,,,,,,,,,294,,,,,,,1024,,,,,,,,,,,,,,,,,,,,,,52,,,,54,,35,,,,,,,,,,,,,,333,,,,,361,222,226,179,,232,,,,368,,,,,,540,,,,482,,,,,,319,,,,,,,,272,312,602,,,,,116,211,946,201,273,525,59,122,390,,,,,,283,,,,,542,,,,,,221,,,,,,,211,,,,,659,,401,,,,551,,,,,,,,,,,,,,,,,,,,,,,,,184,,268,17,,,,,,,,,,,,,,,,,,,107,,,,,,,,,,,,,,,,,,,,166,,,,,,511,,,,,,,,137,,,,,144,,,,,,,,,,,,,,,,,,,138,271,234,,,,72,,,,,,,,,,,,440,,,1349,,,,,,103,,,,,,,,,,,,,,,,,,,,,,,313,,,,,,,,,,,,,,,,,,,,,,,,,,,279,,43,,110,,70,,519,,,,376,,,,,,,,,,,,260,,300,,,,814,,140,,147,312,,,1229,,375,,,194,,,,,,,,,,,,,,,,,,,,,,735,,179,,719,,,262,,281,,,,,,,,,,,,,,,,,,288,233,,,424,845,,187,656,,,,146,,146,,,,142,,331,,,,306,,325,,253,74,,,,,,,,,,,,,,,,,,,,,,,,,,,,,,,,,,,,,,339,,,,,271,,,212,,171,73,,,199,,,,,,,,,601,,,,,,,,,,
2026-08-15T06:05:01+00:00,,271,,,,50,,,,352,,,,338,,,,,,,,163,,422,,398,,,,,,1028,,77,,,,,,,,,,,,,,,,,,,,,,,,51,,32,,,,,140,,,,,,,,,,,,123,213,,,,,,,,,,,,,,,,,,,,,,,,,,,,,,,,,,,,,,,,,,,,,,,,,,,,,,,,,,,,,,,,,,,,,,,,,,,,,,,,,,,,,,,,,,,,,,,,,,374,,507,,211,,63,,,468,,,,271,17,132,879,,,,,,,,,,,,,,,,,,,,,,,,,,,,52,,,,,,,,,163,,,,,,510,,21,42,144,,,,,,,,,,,,,,,,,,,,,,,,,,512,,,,,,,-1,,,301,,406,653,322,,,,,230,439,,,1348,,,,,,,,,,,,,,,,,,,,,,,,,,,,,,,,,,,,,,,,,,,,,,,,,,,,,,,,276,136,42,110,111,,,156,520,380,,,374,,,178,,,,,,265,,,259,,299,,105,,813,,139,48,,,,,,,,,,,,,,,,,,,,,,,,,,,,,,,,734,,177,,718,,,261,499,,,,,136,,,,,,,,,,,129,293,,286,232,308,,422,,,,650,,,,,,,125,,,,,332,,,,,,324,,,,,,,,,,,,,,,,,,,,,,,,,,,,,,,,,,,,,,,,,,,,,,,,,211,,,,,,198,,,,,,,,,,,,,,,,,,353,
2026-08-15T06:10:01+00:00,,,,,,,,246,,351,,240,,,,,,,,,,,,,,397,,58,,,,1031,29,,,212,,,,33,157,147,,,,,,,,,,,,,,,,53,,,,,,,,,,32,,,,,,,,,,212,360,220,,178,,230,,,,,152,,422,,,541,,292,,481,358,200,56,,255,,457,,,64,,,,,,600,,,,,,,943,200,,,,121,389,,,,,,284,,,,,,,,,,177,222,,,,,,,209,,,290,,657,,386,,,,552,,,,,,,,,,,,,,,,,,,,,,,,,,,272,17,,874,,,,,,,,,,,,,,,,,,,,,,,,,,,,,,,,,,,,,161,,,,,,509,,,41,,,,,,,,,,143,,,,,,,,,,,,,,,,,,,137,,,,,0,,,,,,652,319,,,,,,,,,,,,,357,,100,,,,,,,,,,,189,,52,20,,,,449,,,,,312,,,,,,,,,,,,,,,19,,,,,,,,,,,,275,135,41,107,110,,,158,,377,,39,373,,,180,,,,,,264,,,261,,298,,103,,,,,,,311,490,,1226,,,107,,,,,,,,,,,,,,,,,,,,,,,,,,178,,,,,,498,283,,,,134,,,,,,,,,,,,289,,285,231,307,,,,,,647,43,171,,,,,,,,,,,,,,,,,,,,,,,,,,,,,,,,,,,,,,,,,,,,,,,,,,,,,,,,,336,,,,,270,,,210,,,74,,,,,,,,,,,,,,,,,,,,,352,
2026-08-15T06:15:02+00:00,,270,,,,51,,,,,,,,337,,,,,,,,,,421,,,,,,,,1030,28,74,,213,,,,,,146,,86,,,,,,,,,353,,,,,,,29,,,,,,,,33,,,109,,,334,,,,211,,,,,,,,,,,,,,,,,,,,,,,,,,,,,,,,,,,,,,,,,,,,,,,,,,,,,,,,,,,,,,,,,,,,,,,,,,,,,,,,,,,,,,,,,,,,,,,,,,373,1229,510,118,207,186,,,268,469,224,,,,17,131,873,,,,,,,,70,,,,,,,,,,,,,,,,,,,,51,,,,,,,,,155,,,,,,506,,,42,,,,,130,,,,,,,,,,51,,,,,,,,,,,,510,266,136,269,,,,11,,,302,,,650,,400,,134,,229,438,,,,,,,,,,,,,,,,,,,,,,,,,,,,,,,,,,,,,,,,,,,,,,,,,,,,,,,,,,,272,,40,105,111,145,,159,519,,,,376,191,,178,,,,91,,,193,,260,,,,99,151,815,,,,,312,491,,1227,,374,,,193,,,,,,,,,,,,,,,,,,,,,,733,,180,,717,,,,496,285,,,,132,,,,,,,,,,,128,285,,283,229,309,,,,257,188,648,,169,,147,298,,124,,,143,184,,,,,,,323,,254,,,,,,,,,,,,,,,,,,,,,,,,,,,,,,,,,,471,145,,461,,,306,,,208,269,,,211,,172,,,,,449,,,,,,,,,,,,,149,,,,,
2026-08-15T06:20:01+00:00,167,,,,662,,,,,,,,,,,,,,,,,,,,293,,,,,,,1029,,,,214,,,,34,,,,87,,,,,,,,,354,,,,,,18,30,,,,,,,,32,,,,,,,,,,213,356,219,,,,,,197,,367,153,299,425,,,540,,291,,482,,,,,,315,455,,,,743,,,,,596,,,,,115,210,942,199,272,520,,120,,,,,,,282,,,,,541,,,,,,226,,,,,,,207,,,289,,,,372,,,,,,,,,,,,,,,,,,,,,,,,,,,,,,,271,17,130,871,,,,,,,,71,,,,,,,,,106,,,,,,,,,,,,,,,,,,,,154,,,,,,504,,,,,,,,128,,,,,,,,,,,,,,,,,,,,,190,508,265,,,,421,,,,,,346,405,649,321,,,,,,437,,,,,,,,,,,,,,,,,,,,,,,,,,,,,,,,,,,,,,,,,,,,,,,,,,,,,,,,,,,,,,104,,,,,,376,,,,188,,,,,,,,265,,,259,,296,,,,816,,140,47,146,310,492,,,373,375,,,,,,,,,,,,,,,,,,,,,,,,,732,,178,,716,,,,495,290,372,,,,,,,,,,,,,,,280,,277,231,307,,,,256,,639,,168,0,,,145,,,,140,0,334,,0,,0,0,0,,,0,,,,,,,,,,,,,,,,,,,,,,,,,,,,,,,,,,146,,460,,334,,,,,,,,,,,,,,197,,,,,,,,,,126,,547,,,,,,351,
2026-08-15T06:25:02+00:00,,,,,661,,,244,303,352,,,,336,,,,,,,,162,,419,295,398,,,,,,1028,26,77,61,,,,,,158,,,88,,,,,,,,,,51,,,,,,,,176,,,139,,,33,,,,,,336,,,124,212,,,,,,,,,,,,,,,,,,,,,,,,,,,,,,,,,,,,,,,,,,,,,,,,,,,,,,,,,,,,540,,,,,,224,,,,,,,,,,,,,,,,,,,,,,,,,,,,,,,,,,507,119,205,,,,267,468,,185,,268,17,132,,,,,,,,,72,,,,,,,,,105,,,,,127,,,,,,50,,,,,,,,,152,,,,,,505,,,,,,,,,,,,,,,,,,,,,,,,,,,,,,507,264,132,,,419,,7,,,,345,406,,326,,,,,227,,,,,,,,353,,96,,,,,,,,,,,188,102,51,,,,,450,,,,,315,,,337,,,,,,,,,,,,20,,,,,,,,,,,,271,,,100,110,,71,161,,374,,,375,,,181,,,,,,,,,258,176,293,,,150,815,,,48,145,,493,,,374,376,,,194,,,,,,,,,,,,,,,,,,,,,,,,,,,,,,,,,,,,,,,,,,,,,,,,,,,,,,844,,185,627,44,164,31,,298,,,,,,185,,,243,,306,75,323,,254,73,,,,,,,,,,,,,,,,,,,,,,,,,,,,,,,,,,,,458,58,,,,,,,,,210,,,,,,196,448,,,,,,,,,,,,,,,,,,
2026-08-15T06:30:02+00:00,166,269,,,,,,243,301,,,239,,335,,,,,,,,,493,,,395,,,,,,1027,,,62,,,,,,,,,89,,,,,,,,,,,,,,52,,28,,,,,,,,32,,,,,,337,,,,209,357,221,223,177,,231,,196,,366,150,297,424,292,224,538,,,,483,357,199,,,,316,451,,,,742,,,270,,592,,,467,,114,,940,,270,,,117,,,,,,,,,,,,,,,,,,,,,,,,,,,,291,,656,,351,,,,553,,,,,,,,,,,,,,,,,,,,,,,,,184,,270,17,131,868,,,,,,,,73,,128,,,,,,,106,,,,,,,,,,,,,,,,,,,,143,,,,,,,,22,,,,,,116,,,,,,,,,,49,,,,,72,,,,,,,,,131,,,418,,16,,,301,344,,647,327,399,533,,,,,,,,,,,351,,94,,,,,,,,,,,186,,50,,,,,449,,,,,314,,,,,,,,,,,,,,,,,,,,,,,,,,,270,,41,101,,,,163,520,373,,,,184,,180,,,,92,,264,191,,257,175,288,,98,,,,141,,146,307,492,,,376,,,,195,,,,,,,,,,,,,,,,,,,,,,730,,,,,,,260,,288,371,,,133,,,,,,,,,,293,126,281,,276,229,,,,843,252,,632,45,,33,,299,,,158,,144,,,,,,,,324,,253,72,,,,,,,,,,,,,,,,,,,,,,,,,,,,,,,,,470,,,,,335,,,,,,,,208,,,,,,195,,,,,,,,,,,,,,148,107,,,,
2026-08-15T06:35:01+00:00,,,,,660,52,,238,,,,238,,334,,,,,,,,,,418,,397,,,,,115,1025,27,,63,,,,,,157,,,,,,,,,,,,356,52,,,,,,26,,,,,,,233,33,,,,,,,,,126,,,,,,,,,,,365,151,295,,293,226,532,66,,,481,355,197,,,,318,444,,794,,741,,,267,311,594,,,,,,,,,,,,,,,,,,,276,,,,,,,,,,,,,,,,,,,,,,,,,,,,,,,,,,,,,,,,,,,370,,505,,200,187,62,,266,467,,183,,271,17,130,865,,,,,,,,75,,130,,,,,,,107,,,50,,,,,,,,49,,,,,,,,,138,,,,,,,,21,41,,,,,110,,,,,,,,,,47,,,,,,,,,,,,505,262,130,268,233,417,,18,,,302,343,,646,326,398,,,,,436,91,,,,,,,,95,,,,,,,,,,,184,,,,,,,448,,,,,311,,,,,,,,,,,,,,,,,,,,,,,,,,,272,,40,100,109,,,164,519,371,,,,181,,179,,,,,,260,,,258,,287,,,149,814,,140,47,,,,,,,,,,,,,,,,,,,,,,,,,,,,,,,,727,,179,,,,,259,,285,,,,135,,,,,,,79,,,,,277,144,277,,308,,,844,251,,622,43,,,,,,,,,,,,,,,,,,,,,,,,,,,,,,,,,,,,,,,,,,,,,,,,,,,,,471,,,457,57,334,,,,,,,,207,,,75,,,,447,,,,,,,,600,,,546,,,108,,,349,
2026-08-15T06:40:02+00:00,167,268,,,656,,,236,298,351,,237,,333,,,,,,,,163,,416,,398,,57,,,113,1026,23,,,215,,,,,156,,,,,,,,,,,,355,,,,,,17,24,,,,,,,,,,,,,,,,,124,210,354,219,220,176,,230,,,,,,,,,,,,,,,,,,,,,,,,,,,,,,,,,,,113,,938,,,518,,114,,,,,,,,,,,,,,,,,,,,,,,,,205,,,,,652,,347,,,,552,,,,,,,,,,,,,,,,,,,,,,,,,182,,269,17,127,859,,,,,,,,,,132,,,,,,,,,,,,,,,,,,,,,,,,,,,128,,,,,,503,,,,,,,,106,,,,,,,,,,49,,,,,,,,,,,,501,,,267,,416,,27,71,,,341,,,325,399,,,,226,435,,,1349,,,,,,,,,,,,,,,,,,,,,,,,,,,,,,,,,,,,,,,,,,,,,,,,,,,,,,,,273,134,,99,108,,,,520,,,38,376,176,,174,,,,91,,257,,,259,176,286,,,,,,139,46,145,,,,,377,,,,190,,,,,,,,,,,,,,,,,,,,,,719,,180,,715,,268,,494,,369,,,136,117,,,,,,,,,289,128,,,271,,310,300,421,842,249,184,618,42,161,32,146,,,123,,,142,184,332,,,,305,,,,254,70,,,,,,,,,,,,,,,,,,,,,,,,,,,,,,,,,,144,,455,,333,,,,207,,328,,206,,,,77,,,446,297,,,,,,,,,,545,,,107,,,,
2026-08-15T06:45:01+00:00,168,,,,655,53,,235,,,,,,,,,,,,,,162,,413,296,395,,,,,,1032,,79,,216,,,,,155,,,90,,,,,,,,,354,,,,,50,18,22,,,,,,,,31,,,,,,349,,,,209,,,,,,,,,,,,294,423,292,,531,,,,478,354,196,,,,316,437,,,,,,,265,308,592,,,,,,,,,,,,,,,,,,,281,,,,,,,,,,,225,,,,,,,,,,,,,,,,,,,,,,,,,,,,,,,,369,1230,500,117,194,185,61,,265,,,181,,268,17,125,846,,,,,,,,,,,,,,,,,,,,,,,,,,,,,,,,,,,,,134,,,,,,504,,22,40,,,,,101,,,,,144,,,,,50,,,,,,,,,,,,499,260,127,,,,,24,70,,301,338,405,645,322,397,,133,,225,434,,,,,,,352,,93,,,,,,,,,,,182,100,,,,,,449,,,,,307,,,336,,,,,,,,,,,,,,,,,,,,,,,,,,42,100,106,,,,519,368,,,,174,,176,,,,90,,251,,,,175,284,,,,813,,,,,,491,,1228,378,377,,,189,,,,,,,,,,,,,,,,,,,,,,,,,,,,,,,,,,,,,,,,,,,,,,,,,,,,,,838,,182,614,,159,33,147,301,146,122,159,,139,178,329,372,242,,302,,323,,256,67,,,,,,,,,,,,,,,,,,,,,,,,,,,,,,,,,,,156,,56,,305,,566,,268,,,202,,,,75,,,,,,,,,,,,,,,,147,108,,,350,
2026-08-15T06:45:02+00:00,,,,,,,,,,,,,,,,,,,,,,,,,,,,,,,,,,,,,,,,,,,,,,,,,,,,,,,,,,,,,,,,,,,,,,,,,,,,,,,,,,,,,,,,,,,,,,,,,,,,,,,,,,,,,,,,,,,,,,,,,,,,,,,,,,,,,,,,,,,,,,,,,,,,,,,,,,,,,,,,,,,,,,,,,,,,,,,,,,,,,,,,,,,,,,,,,,,,,,,,73,,131,,,,,,,,,,,,,,,,,,,,,,,,,,,,,,,,,,,,,,,,,,,,,,,,,,,,,,,,,,,,,,,,,,,,,,,,,,,,,,,,,,,,,,,,,,,,,,,,,,,,,,,,,,,,,,,,,,,,,,,,,,,,,,,,,,,,,,,,,,,,,,,,,,,,,,,,,,,,,,,,,,,,,,,,,,,,,,,,,,,,,,,,,,,,,,,,,,,,,,,,,,,,,,,,,,,,,,,,,,,,,,,,,,,,,,,,,,,,,,,,,,,,,,,,,,,,,,,,,,,,,,,,,,,,,,,,,,,,,,,,,,,,,,,,,,,,,,,,,,,,,,,,,,,,,,,,,,,,,,,,,,,,,,,,,,,,,,
2026-08-15T06:50:02+00:00,169,269,,,652,,,229,297,349,,238,,335,,,354,,,,,,,,295,,,,,,112,1028,,,62,215,,,,,,144,,89,,36,,,,,,,357,,,,,49,,17,,,,,,,232,32,,,,,,,,,,211,353,218,217,178,199,229,,,,,,,,,,,,,,,,,,,,,,,,,,,,,,,,,,,112,209,934,,,,,111,387,,,,,,273,,,,,541,,,,,176,223,,,,,,,203,,,290,,650,,335,,152,,550,,,,,,,,,,,,,,,,,,,,,,,,,178,,263,17,121,838,,,,,,,,71,,130,,,,,,,106,,,,,,,,,,,48,,,,,,,,39,127,,,,,,497,,21,,,,,,94,,,,,141,,,,,51,,,,,,,,,,,191,493,,126,,232,413,,19,,,,,403,643,320,396,528,,,,,89,,,,,,,,91,,,,,,,,,,,184,97,48,18,,,,448,,,,,300,,,338,,,,,,,,,,,,,,,,,,,,,,,,,135,41,99,,,70,165,,,,,373,171,48,177,,,,,,247,190,,,174,282,,93,,812,44,138,47,143,306,488,,1227,,381,,197,,,,,,,,,,,,,,,,,,,,,,,716,,,25,712,,267,258,485,283,368,,,138,113,,,,,,,,,287,127,275,,260,230,307,299,419,832,,178,606,,156,,,,,,,,,,,,,,,,,,,,,,,,,,,,,,,,,,,,,,,,,,,,,,,,,,,,,,,,55,334,,,,205,269,327,,200,,,,,,193,447,298,,,,,,,,,,544,,,,,,348,
2026-08-15T06:55:01+00:00,,,,,646,54,,225,296,350,,235,,333,,,353,,,,,161,,411,293,392,,56,,,113,1027,24,78,61,216,,,,35,154,145,,90,,,,,,,,,358,,,,,50,,18,,,,,,,,31,,,,,,345,,,,210,349,214,214,175,198,224,,,,364,150,292,422,291,227,527,64,,,476,356,191,57,,,,426,,793,65,737,281,,262,307,587,,,,71,,,,,,,,,,,,,,,,,,,,,,,,,,,,,,,,,201,,,291,,649,,325,,151,,546,,,,,,,,,,,,,,375,1229,494,115,186,,60,,266,466,,173,,262,17,116,827,,,,,,,,70,,,,,,,,,,,,,,,,,,,,,,,,,,,,,,,,,,,,,,,,,,,88,,,,,,,,,,52,,,,,,,,,,,,487,261,124,265,,409,,18,,,300,332,,640,322,,529,,,224,432,88,,,,,,,,,,,,,,,,,,,,,,,,,,,,,,,,,,,,,,,,,,,,,,,,,,,,,,,,,,271,,,96,105,,71,,518,363,,,374,169,,172,,,,,,239,188,27,,172,281,,89,,,41,135,48,,,,,,,,,,,,,,,,,,,,,,,,,,,,,,,,711,,178,24,710,,,,484,282,,,,137,112,,,,,,77,,,288,,270,,258,228,305,,418,830,248,175,597,40,152,32,145,300,,121,,54,138,177,327,369,,,298,,,,,66,,,,,,,,,,,,,,,,,,,,,,,,,,,,,,,,,,143,,456,54,330,,,565,,268,326,,198,,,76,,,192,,,,,,,,,599,,,542,,,109,,,347,
2026-08-15T07:00:02+00:00,,268,,145,643,55,,222,293,,,236,,331,,,,,,,,159,,410,284,389,,55,,,,,,,,,,,,,153,144,,,,,,,,,,,357,51,,,,,,20,,,,,137,,233,30,,,,,,,,,125,207,,,,,,,,,,,,,,,,,,,,,,,,,,,,,,,,,,,,,,,,,115,205,925,,269,,,108,,,,,,,259,,,,,,,,,,177,224,,,,,,,,,,,,,,,,,,,,,,,,,,,,,,,,,,,,,,,,,,,170,,263,17,109,817,,,,,,,,,,,,,,,,,,,,,,128,,,,,,47,,,,,,,,38,121,,,,,,493,,,39,143,,,,80,,,,,139,,,,,,,,,,,,,,,,,481,260,123,,,,,13,,,299,330,,638,321,395,528,,,,431,,,,,,,,,,,,,,,,,,,,,,,,,,,,,,,,,,,,,,,,,,,,,,,,,,,,,,,,,,,270,,,95,104,,,168,515,362,,,371,167,,169,,,19,,,227,187,,,170,278,,86,150,811,39,,47,140,304,486,,1226,379,377,109,,,,,,,,,,,,,,,,,,,,,,,,,,,,,,,,,,,,,,,,,,,,,,,,,,,,,,,,816,,173,594,,146,,,,,,,,,,,,,,,,,,,,,,,,,,,,,,,,,,,,,,,,,,,,,,,,,,,,,141,,453,,331,,,,203,267,,,194,,171,75,,,191,,,,,,,,,598,,,539,,146,108,,,344,
2026-08-15T07:05:02+00:00,168,271,,,641,,,218,290,352,,,,330,,,,,,,,,491,408,281,385,,57,,,115,1024,,77,59,,,246,,,152,,,92,,35,,,,,,,359,,,,,,,16,,,,,207,83,234,31,,,,,,,,,123,,346,209,,174,,216,,,,362,146,290,421,,229,521,63,,,471,,186,58,,254,313,419,,791,64,736,279,,261,304,588,,,,,,,,,,,,,,,,,,,,,,,,,,,,,,,,,,,,,196,,,290,,646,,314,,150,,544,,,,,,,,,,,,,,379,,487,,184,,,,265,464,222,166,,264,17,102,804,,,,,,,,68,,,,,,,,,104,,,,,127,,,,,,,,,,,,,,37,113,,,,,,491,,,38,,,,,73,,,,,138,,,,,51,,,,,,,,,,,190,474,259,,262,,407,,,,,,325,402,633,,394,,,,,,85,,,,,,350,,90,,,,,,,,,,,188,93,45,15,,,,447,,,,,289,,,337,,,,,,,,,,,,,,,,,,,,,,,,269,,40,91,,,,169,,356,,,,,,170,,,,,,223,,,,,274,,87,,,,136,46,141,301,484,,1225,377,374,107,,190,,,,,,,,,,,,,,,,,,,,,,710,84,176,23,706,,266,,480,,369,,,133,113,,,,,,76,,,282,126,263,,254,224,303,298,414,808,247,172,579,,143,33,144,301,145,120,,,,176,326,364,,,,,320,,255,65,,,,,,,,,,,,,,,,,,,,,,,,,,,,,,,,,,142,155,451,52,327,,98,,,265,,,192,,169,76,,,,,,,,,,,,596,,,536,,145,107,,,341,
2026-08-15T07:10:01+00:00,,,,,637,,,209,289,351,,234,,328,,,352,,,,,158,490,405,268,378,,55,,,,1021,,74,60,215,,,,,153,146,,94,,34,,,,,,,361,,,,,,,,,,,,205,,,,,,,,,340,,,,205,,,,,,,,,,,136,288,,288,232,517,60,,,469,357,176,57,,255,,407,,788,63,733,276,,257,303,587,,,,,113,204,917,198,268,516,58,109,388,,,,,,244,,,,,542,,,,,178,,,,,,,,,,,,,,,,,,,,,,,,,,,,,,,,,,,,,,,,,,,,164,,257,17,99,792,,,,,,,,65,,,,,,,,,105,,,49,,,,,,,,,,,,,,,,35,102,,,,,,490,,,37,,,,,62,,,,,,,,,,52,,,,,,,,,,,189,470,,122,256,,406,,9,69,,,,,630,320,392,526,,,223,430,84,,,,,,,,,,,,,,,,,,,,,,,,,,,,,,,,,,,,,,,,,,,,,,,,,,,,,,,,,,263,133,,90,,,,170,511,352,,,368,165,47,,,,,,,219,185,26,,169,270,,86,,,,,43,84,303,,,1226,373,378,108,196,188,,,,,,,,,,,,,,,,,,,,,,,,,,,,,,,,,,,,,,,,,,,,,,,,,,,,,,801,244,168,569,42,138,32,139,,144,115,,53,140,171,329,360,241,,297,,316,,254,64,,,,,,,,,,,,,,,,,,,,,,,,,,,,,,,,,,,,447,51,322,,97,,,264,,,187,,,75,,,189,444,,,,,,,,,,,534,,144,106,,,339,
2026-08-15T07:15:02+00:00,167,,,,,,,206,287,349,,232,,,,,,,,,,157,489,403,260,370,,56,,,116,1016,,76,61,,,,,34,154,145,,95,,,,,,,,,,50,,,,,,,,,,,202,,,,,,,,,339,,,,204,343,202,208,169,197,210,,,,,,,,,,,,,,,,,,,,,,,,,,,,,,,,,,,,,,,,,,,,,,,,,,,,,,,,,,,,,,,,,,,,,,291,,,,287,,148,,540,,,,,,,,,,,,,,,1228,481,,183,186,,,264,462,220,163,,260,17,98,777,,,,,,,,64,,128,,,,,,,,,,47,,128,,,,,,45,,,,,,,,,98,,,,,,488,,,36,142,,,,56,,,,,,,,,,50,,,,,71,,,,,,,458,,121,254,,403,,6,66,,298,322,401,626,315,394,524,134,,,429,82,,1350,,,,347,,88,,,,,,,,,,,,94,,14,,,,446,,,,,288,,,334,,,,,,,,,,,,19,,,,,,,,,,,,261,,39,88,,,72,,509,349,,,367,163,,168,,,,91,,213,182,,,,269,,,,,38,,,83,301,481,,1224,371,377,107,,,,,,,,,,,,,,,,,,,,,,,,707,,175,21,704,,265,,479,,368,,,,,,,,,,,,,278,125,260,143,247,226,300,296,413,793,241,166,561,45,132,,,,,,,,,,,,,,,,,,,,,,,,,,,,,,,,,,,,,,,,,,,,,,,,,,,,,143,,448,50,,,96,,,,,,182,,170,77,,,,443,297,,,,,,,,,,531,,143,107,,,335,
2026-08-15T07:20:01+00:00,166,,,,634,52,,201,288,342,,230,,325,,,,,,,,,488,402,240,369,,,,,,1015,,73,62,214,,244,,,152,,,96,,,,,,,,,362,49,,,,,,17,,,,,199,,,,,,,,,335,,,122,202,,,,,,,,,,,135,281,418,,,514,56,290,,464,,170,58,,253,312,391,,787,64,726,275,120,247,301,583,,,,70,111,203,916,,269,511,57,108,383,,,,,,237,,,,,,,,,,,225,,,,,,,188,,,292,,643,,278,,,,,,,,,,,,,,,,,,,,,,,,,,,,,160,,254,17,95,763,,,,,,,,,,127,,,,,,,104,,,,,129,,,,,,43,,,,,,,,,97,,,,,,483,,,34,,,,,55,,,,,,,,,,51,,,,,,,,,,,,455,257,119,252,,401,,4,,,296,320,,622,314,393,525,,,222,430,,,,,,,,,,,,,,,,,,,,,,,,,,,,,,,,,,,,,,,,,,,,,,,,,,,,,,,,,,,259,132,38,87,102,,73,169,507,346,,37,365,161,,159,,,,,,207,179,,,168,264,,87,149,,37,137,,84,,476,,1225,370,378,108,,187,,,,,,,,,,,,,,,,,,,,,,702,82,,,698,,,256,473,283,,,,,112,,,,,,,,,280,,249,142,246,220,299,295,411,789,240,164,554,48,127,31,140,299,,111,158,,,169,,358,239,,296,,314,,253,62,,,,,,,,,,,,,,,,,,,,,,,,,,,,,,,,,470,,156,449,48,320,,,,201,261,,,180,,171,78,74,,186,,,,,,,,,595,124,,529,,,,,,332,
2026-08-15T07:25:02+00:00,,270,,,632,55,,192,286,338,,229,,323,,,,,,,,155,486,398,225,367,,53,,,,,,71,,,,242,,,,141,,97,,,,,,,,,361,,,,,49,,12,,,,,200,,,30,,,,,,332,,,125,193,337,197,203,163,196,199,,,,,,,,,,,,,,,,,,,,,,,,,,,,,,,,,,,,,,,,,,,,,,,,,,,,,,,,,,,,,,,,,,,,,,,,,,,,,,,,,,,,,,,,,,,,381,,478,116,181,184,59,,263,461,219,157,,255,17,87,748,,,,,,,,,,128,,,,,,,105,,,,,,,,,,,41,,,,,,,,33,94,,,,,,480,,22,32,140,,,,51,,,,,137,,,,,,,,,,,,,,,,,449,255,117,249,231,397,,1,63,,297,321,,620,311,392,524,,,,427,81,,,,,,348,,86,,,,,,,,,,,187,89,,13,,,,,,,,,258,,,329,,,,,,,,,,,,17,,,,,,,,,,,,256,133,36,86,,,,171,505,336,,39,,163,46,153,,,,,,197,174,27,,167,260,,84,148,,,,,140,300,471,67,1226,367,377,,,182,,,,,,,,,,,,,,,,,,,,,,692,,170,,699,,264,255,468,282,,,,134,,,,,,,72,,,274,122,243,,235,212,,,409,771,237,152,552,54,123,26,,298,143,108,155,,142,163,330,353,238,,292,,310,,250,57,,,,,,,,,,,,,,,,,,,,,,,,,,,,,,,,,,144,,448,49,315,303,95,564,,260,,,176,,,80,,,,,,,,,,,,591,,,525,,,109,,,331,
2026-08-15T07:30:01+00:00,,,,,627,54,,189,281,339,,,,318,,,,,,,,154,487,,213,349,,51,,,,1008,,67,60,215,,238,,,,139,,96,,,,,,,,,360,48,,,,50,,9,,,,,199,,235,,,,,,,,,,,181,,,,,,,,,,,,277,416,,,510,46,,,460,,167,,,252,,382,,786,63,723,273,,241,300,586,,,,,,198,905,197,260,512,56,,379,,,,,,232,,,,,,,,,,176,224,,,,,,,186,,,291,,636,,264,,147,,537,,,,,,,,,,,,,,,,,,,,,,,,,154,,252,17,76,725,,,,,,,,61,,127,,,,,,,106,,,46,,,,,,,,40,,,,,,,,,82,,,,,,473,,21,33,139,,,,48,,,,,136,,,,,52,,,,,72,,,,,,,444,,,,229,390,,6,62,,294,313,,618,312,391,523,135,,221,429,77,,1349,,,,,,,,,,,,,,,,,,,,,,,,,,,,,,,,,,,,,,,,,,,,,,,,,,,,,,,,255,,33,88,100,,72,,504,335,,,,161,,152,,,,,,199,,,260,168,259,,,,812,,136,44,,,,,,,,,,,,,,,,,,,,,,,,,,,,,,,,,,,,,,,,,,,,,,,,,,,,,,,,,,,,,,,406,750,,151,536,61,114,,,,,,,,,,,,,,,,,,,,,,,,,,,,,,,,,,,,,,,,,,,,,,,,,,,,470,140,,447,50,316,301,,,,259,,,175,,,,73,,184,442,296,,,,,,,588,,,524,,,,,,,
2026-08-15T07:35:01+00:00,162,272,,,622,50,,179,279,340,,226,250,314,,,353,,,,,150,485,392,199,345,,48,,,,1004,23,65,59,213,,234,,,150,137,,97,,,,,,,,,362,,,,,,17,3,,,,,196,,234,,,,,,,326,,,124,178,336,193,197,160,195,193,,,,,,,,,,,,,,,,,,,,,,,,,,,,,,,,,,,,,,,,,,,,,,,,,,,,,,,,,,,,,,,,,,,,,,,,,,,,,,,,,,,,,,,,,,,,,,,,,,,,,,,,,,,,,,,,,,,,,,,,,,,,,,,,,,,,,,,,,,,,,,,,,,,,,,,,,,,,,,,,,,,,,,,,,,,,,,,,,,,,,,,,,,,,,,,297,310,400,615,,392,520,,,,427,76,,1350,,,,,,,,,,,,,,,,,,,,,,,,,,,,,,,,,,,,,,,,,,,,,,,,,,,,,,,,,,,,,,,,,,,,,,,,,,,,,,,,,,,,,,,,,,,,,,,,,,,,,,,,,,,,,,,,,,,,,,,,,683,83,,,695,,259,251,449,280,367,,,133,113,,,,,,70,,,,,238,141,228,208,300,,,,,,,,,,,,,,,,,,,,,,,,,,,,,,,,,,,,,,,,,,,,,,,,,,,,,,,,,,,,,139,155,445,,313,299,93,,199,254,325,,,,172,,,,,443,,,,,,,,584,123,,520,,141,108,,,319,
2026-08-15T07:35:02+00:00,,,,,,,,,,,,,,,,,,,,,,,,,,,,,,,,,,,,,,,,,,,,,,,,,,,,,,,,,,,,,,,,,,,,,,,,,,,,,,,,,,,,,,,,,,,,,,,,,,,,,,,,,,,,,,,,,,,,,,,,,,,,,,,,,,,,,,,,,,,,,,,,,,,,,,,,,,,,,,,,,,,,,,,,,,,,,,,,387,,470,,179,180,60,,,,217,153,,255,16,72,701,,,,,,,,60,,129,,,,,,,,,,,,128,,,,,,38,,,,,,,,,84,,,,,,470,,20,34,,,,,42,,,,,,,,,,54,,,,,,,,,,,,428,250,,,227,383,,1,61,,,,,,,,,,,,,,,,,,,351,,87,,,,,,,,,,,185,,42,12,,,,443,,,,,241,,,332,,,,,,,,,,,,18,,,,,,,,,,,,257,132,30,86,98,,73,170,502,328,,40,,163,,149,,,,90,,190,168,28,261,,256,,,,,,,,,301,469,,1223,,375,109,195,181,,,,,,,,,,,,,,,,,,,,,,,,,,,,,,,,,,,,,,,,,,,,,,,,,,,,,403,739,234,146,529,63,109,25,135,296,142,106,153,52,144,159,328,341,237,,286,,307,,249,53,,,,,,,,,,,,,,,,,,,,,,,,,,,,,,,,,,,,,,,,,,,,,,,,,,,,,,,,,,,,,,,,,,,,,,,
2026-08-15T07:40:01+00:00,159,273,,,613,,,168,,338,,227,,309,,,,,,,,148,482,389,195,338,,46,,,,999,,66,57,,,231,,,,138,,95,,,,,,,,,,,,,,49,,1,,,,,,,,,,,108,,,321,,,122,,,,,,,,,,,,137,267,409,,233,503,29,289,,450,358,154,57,,249,310,367,,785,64,719,271,,238,296,584,,,,69,,193,898,198,258,,,,378,,,,,,213,,,,,541,,,,,174,226,,,,,,,177,,,288,,628,,235,,141,,534,,,,,,,,,,,,,,,,,,,,,,,,,146,,252,16,65,685,,,,,,,,,,128,,,,,,,107,,,,,,,,,,,36,,,,,,,,,75,,,,,,467,,18,,137,,,,39,,,,,137,,,,,,,,,,71,,,,,,,415,247,,248,226,,,6,,,294,309,398,608,308,391,519,,,220,,,,,,,,,,,,,,,,,,,,,,,,,,,,,,,,,,,,,,,,,,,,,,,,,,,,,,,,,,,,253,,29,81,94,,74,172,498,313,,41,364,158,,145,,,,,,176,164,27,262,169,253,,83,,,36,135,,138,,466,,1221,,,108,,180,,,,,,,,,,,,,,,,,,,,,,,,169,,,,,,,,,,,,112,,,,,,,,,,,,,,204,303,,399,715,229,137,524,73,104,,,,,,,,,,,,,,,,,,,,,,,,,,,,,,,,,,,,,,,,,,,,,,,,,,,,472,137,,441,,309,295,90,563,197,253,,,167,,,81,72,,183,,294,,,,,,,583,122,,509,,139,109,,,313,
2026-08-15T07:45:02+00:00,156,274,,,608,51,,155,272,334,,224,,304,,,,,,,,145,,385,191,334,,44,,,115,992,25,,,214,,,,,148,136,,,,32,,,,,,,363,,,,,,,0,,175,,,193,,,31,,,,,,,,,124,174,340,186,180,154,196,186,,,,,,,,,,,,,,,,,,,,,,,,,,,,,,,,,,,,,,,,,,,,,,,,,,,,,,,,,,,,,,,,,,,167,,,,,620,,204,,134,,532,,,,,,,,,,,,,,390,1227,462,115,177,166,,,261,459,,143,,250,17,66,666,,,,,,,,57,,126,,,,,,,,,,,,,,,,,,34,,,,,,,,31,76,,,,,,465,,,32,,,,,31,,,,,136,,,,,,,,,,,,,,,,,409,242,,245,224,375,,16,60,13,291,300,,602,304,390,517,,,219,420,72,,1351,,,,,,,,,,,,,,,,,182,86,,,,,,437,,,,,226,,,324,,,,,,,,,,,,19,,,,,,,,,,,,,,28,77,93,,73,171,495,306,,,366,,,146,,,,91,,165,161,,263,168,252,,81,,,,136,42,136,,,,1220,364,373,106,,178,,,,,,,,,,,,,,,,,,,,,,670,,167,,694,,257,248,440,279,,,,132,,,,,,,71,,,270,121,240,140,224,203,299,293,394,686,224,130,510,75,96,,125,298,,105,152,51,140,153,324,335,236,,280,,303,,247,46,,,,,,,,,,,,,,,,,,,,,,,,,,,,,,,,,,136,,438,,,289,88,561,196,248,,,166,,174,,70,,182,442,292,,,,,,,578,,,503,,,110,,,305,
2026-08-15T07:50:01+00:00,153,273,,149,600,,,135,,333,,221,,298,,,,,,,,139,,382,183,325,,,,,114,983,24,63,,216,,228,,,,,,96,,,,,,,,,,47,,,,48,16,,,174,,,190,,,,,,106,,,317,,,122,173,337,175,173,155,197,184,,,,,130,259,405,287,,490,21,290,,432,,143,,119,246,304,338,,782,61,704,,,235,284,581,,,466,70,,,,,,,,,,,,,,,206,,,,,,,,,,171,224,,,,,,,,,,,,617,,185,,,,529,,,,,,,,,,,,,,,,,,,,,,,,,133,,237,17,60,649,,,,,,,,54,,124,,,,,,,103,,,,,,,,,,,32,,,,,,,,29,67,,,,,,456,,17,,138,,,,28,,,,,133,,,,,,,,,,70,,,,,,,397,240,,242,223,370,,26,,,288,296,,601,298,389,515,,,217,417,67,,,,,,349,,84,,,,,,,,26,,,,,39,11,,,,,,,,,,,,,,,,,,,,,,,,,,,,,,,,,,,,257,128,27,75,89,,72,172,489,305,,,364,,,140,,,,90,,159,159,26,,169,248,,80,149,,38,,40,128,298,455,,1217,356,372,104,,171,,,,,,,,,,,,,,,,,,,,,,662,,,20,690,,255,247,408,274,366,,,133,,,,,,,,,,265,,226,137,209,194,300,,391,666,221,122,494,84,92,26,121,,143,97,151,50,134,140,,324,,,271,,292,,248,33,,,,,,,,,,,,,,,,,,,,,,,,,,,,,,,,,,,,434,,302,285,,559,192,244,321,,163,,171,,69,,179,440,293,,,,,,,576,,,493,,137,109,,,293,
2026-08-15T07:55:01+00:00,152,275,,,590,,,116,267,332,,218,,297,,,,,,,,138,481,380,177,318,,39,,,112,969,,62,56,,,224,,,147,133,,,,33,,,,,,,362,,,,,,15,,,,,,186,,,,,,107,,,,,,121,170,,,,,,,,,,,,,,,,,,,,,,,,,,,,,,,,,,,,,,,,,,,,,,,,,,,,,,,,,,,,,,,,,,,,,,,,,,,,,,,,,,,,,,,,,,,,,,,,,,392,1225,442,117,175,137,59,,260,457,215,127,,232,17,54,622,,,,,,,,50,,122,,,,,,,104,,,44,,,,,,,,,,,,,,,,27,,,,,,,448,,12,30,,,,,27,,,,,130,,,,,,,,,,,,,,,,,383,239,,236,238,360,,24,57,,286,283,399,595,302,388,511,,,215,,63,,1352,,,,,,85,,,,,,,,,,,,,,10,,,,436,,,,,208,,,323,,,,,,,,,,,,20,,,,,,,,,,,,256,125,25,68,78,,,174,483,297,,,362,153,,141,,,,89,,142,152,25,,167,245,,79,148,,37,137,,129,297,451,,,,375,103,,167,,,,,,,,,,,,,,,,,,,,,,644,82,163,18,685,,,245,392,275,367,,,130,111,,,,,,67,,,259,118,222,130,194,170,,,388,642,219,116,483,90,81,,,,,,,,,,,,,,,,,,,,,,,,,,,,,,,,,,,,,,,,,,,,,,,,,,,,,137,,432,47,298,278,,554,186,242,,,162,,,79,68,,,436,,,,,,,,572,121,,483,,219,,,,,
2026-08-15T08:00:02+00:00,,,,,575,48,,104,260,327,,213,,292,,,,,,,,131,477,375,168,309,,38,,,,960,,58,54,215,,222,,,,,,97,,34,,,,,,,,46,,,,46,,,,,,,185,82,,32,,,106,,,313,,,,,326,163,159,147,195,171,,,,359,135,249,401,284,238,480,14,287,,417,357,138,56,118,241,297,316,,780,59,695,,,229,282,577,,,,,113,172,877,191,251,510,55,105,372,,,,,,198,,,,,,,,,,169,220,,,,,,,155,,,286,,608,,190,,131,,,,,,,,,,,,,,,,,,,,,,,,,,,114,,228,17,49,598,,,,,,,,47,,123,,,,,,,,,,46,,126,,,,,,33,,,,,,,,,61,,,,,,444,,13,29,,,,,23,,,,,,,,,,53,,,,,,,,,,,,374,235,115,235,235,348,,31,52,,284,277,398,588,292,387,509,136,,,412,56,,,,,,346,,82,,,,,,,,,,,184,,,,,,,440,,,,,194,,,320,,,,,,,,,,,,18,,,,,,,,,,,,251,124,28,62,79,,,,479,285,,,363,149,,136,,,,,,119,142,,262,166,239,,77,147,,38,141,41,,,,,,,,,,,,,,,,,,,,,,,,,,,,,,,,,,158,,,,,,,,,,,,,,,,,,,,,,,,,,,,,387,610,217,106,479,91,71,,117,300,142,91,148,49,131,132,320,310,235,,263,,283,,249,23,,,,,,,,,,,,,,,,,,,,,,,,,,,,,,,,,470,138,154,428,46,289,273,,552,177,235,,,158,,,77,,,176,433,292,,,,,,,566,,,470,,216,107,,,269,
2026-08-15T08:05:01+00:00,150,276,,,567,,,91,247,325,,207,249,286,,,,,,,,127,471,374,160,299,,35,,,,952,,57,52,217,,221,,,145,132,,,,,,,,,,,364,48,,,,,,,,,,,180,81,,,,,,,,305,,,,169,319,145,147,137,193,164,,,,357,123,242,390,280,239,466,9,285,,403,,122,,,237,291,269,,775,58,657,270,,220,276,569,,,465,,112,170,869,188,246,508,53,103,370,,,,,,191,,,,,,,,,,,,,,,,,,136,,,,,605,,182,,,,528,,,,,,,,,,,,,,393,1226,431,,174,120,,266,,458,,108,,227,17,45,579,,,,,,,,43,,,,,,,,,106,,,,,127,,,,,,,,,,,,,,26,55,,,,,,442,,,25,136,,,,18,,,,,129,,,,,52,,,,,,,,,,,188,361,233,114,231,227,333,,22,53,,279,263,397,583,290,386,506,,,214,413,54,,,,,,,,,,,,,,,,,,,,,,,,,,,,,,,,,,,,,,,,,,,,,,,,,,,,,,,,,,246,123,29,,76,,73,175,476,271,,,361,,,133,,,17,88,,101,136,,,163,235,,,146,,37,,40,131,296,447,66,1216,,374,104,,166,,,,,,,,,,,,,,,,,,,,,,637,,156,17,678,,,242,376,272,366,,,129,112,,,,,,66,,,257,116,215,126,185,160,301,288,383,585,208,103,461,96,65,,118,298,141,86,,48,133,124,313,305,233,,255,,276,,,10,,,,,,,,,,,,,,,,,,,,,,,,,,,,,,,,,471,141,,421,47,276,269,,549,169,220,319,,157,,,76,65,,172,431,291,,,,,,,563,,,460,,212,106,,,248,
2026-08-15T08:10:02+00:00,146,277,,,568,47,,80,239,319,,202,,285,,,,,,,,117,469,370,159,294,,37,,,113,939,26,56,51,215,,211,,,,133,,99,,,,,,,,,365,47,,,,47,,,,,,,177,,,34,,,,,,,,,117,173,,,,,,,,,,,,,,,,,,,,,,,,,,,,,,,,,,,,,,,,,,,,,,,,,,,,,,,,,,,,,,,,,,,,,,,,,120,,,281,,599,,148,,124,,526,,,,,,,,,,,,,,,,,,,,,,,,,104,,221,17,42,552,,,,,,,,42,,122,,,,,,,105,,,,,126,,,,,,32,,,,,,,,25,47,,,,,,426,,11,22,134,,,,13,,,,,127,,,,,48,,,,,,,,,,,,348,234,113,228,223,327,,18,51,,275,251,398,577,282,,,,,212,,51,,,,,,340,,80,,,,,,,,,,,185,85,38,7,,,,,,,,,180,,,316,,,,,,,,,,,,22,,,,,,,,,,,,247,,25,60,71,,,,470,259,,40,,148,,132,,,,87,190,81,126,23,,159,232,,73,147,,,142,,127,,437,65,1214,347,373,102,,164,,,,,,,,,,,,,,,,,,,,,,623,78,146,,661,,250,,347,270,368,,,,108,,,,,,60,,,,,207,122,166,147,299,287,379,559,200,,446,100,56,,,,,,,,,,,,,,,,,,,,,,,,,,,,,,,,,,,,,,,,,,,,,,,,,,,,472,,152,417,41,263,262,87,544,164,212,318,,155,,,75,64,,170,430,290,,,,,,,558,,,437,,,107,,,,
2026-08-15T08:15:02+00:00,144,279,,,562,,,72,231,,,197,,282,,,,,,,,110,467,368,156,289,,30,,,115,928,,47,48,218,,205,,,146,,,,,,,,,,,,,45,,,,48,,,,,,,174,80,,32,,,,,,297,,,118,172,313,130,125,136,192,157,,,,,120,241,391,278,,459,11,,,394,,107,58,115,239,285,248,170,774,,656,267,,219,270,571,,,466,,,,,,,,,,,,,,,,179,,,,,,,,,,157,218,,,,,,,,,,,,,,,,,,,,,,,,,,,,,,,,392,,418,,,117,,,258,457,,91,,220,17,,515,,,,,,,,39,,,,,,,,,102,,,,,122,,,,,,28,,,,,,,,,44,,,,,,422,,8,25,132,,,,11,,,,,126,,,,,49,,,,,68,,,,,,189,338,,114,226,217,310,,9,49,,276,249,397,565,279,385,503,137,,,410,48,,1350,,,,,,,,,,,,,,,,,,,,,,,,,,,,,,,,,,,,,,,,,,,,,,,,,,,,,,,,245,,23,58,70,146,,177,467,242,,39,358,147,45,127,,,,,,71,119,,261,,229,,71,,,,143,39,126,,435,,1215,341,371,100,,160,,,,,,,,,,,,,,,,,,,,,,,,,,,,,,,,,,,,,,,,,,,,,,,,,,,,,371,532,197,91,429,99,48,,112,289,,78,147,45,136,114,305,288,232,,244,,265,,246,1,,,,,,,,,,,,,,,,,,,,,,,,,,,,,,,,,,140,151,411,39,253,257,85,537,160,211,,,154,,169,,60,,,428,288,,,,,,,555,,,425,,207,106,,,213,
2026-08-15T08:20:01+00:00,142,278,,148,557,44,,59,226,318,,192,,281,,,,,,,,108,464,365,148,274,,29,,,,903,30,44,,217,,199,,,145,,,98,,33,,,,,,,366,46,,,,,,,,,,,175,,235,,,,,,,,,,114,170,,,,,,,,,,,116,228,385,276,240,450,3,,,368,358,81,56,,236,282,209,,768,55,642,266,,211,264,559,,,,,,,,,,,,,,,,,,,,,,,,,,,,,,,,,,,,,111,,,280,,589,,130,,121,,527,,,,,,,,,,,,,,,,,,,,,,,,,,,216,17,32,494,,,,,,,,36,,,,,,,,,103,,,,,,,,,,,25,,,,,,,,21,45,,,,,,416,,9,24,,,,,,,,,,125,,,,,48,,,,,69,,,,,,,331,232,111,224,213,301,,8,,,274,245,,562,275,382,501,,,,409,45,,1351,,,,336,,79,,,,,,,,,,,188,82,42,6,,,,435,,,,,160,,,307,,,,,,,,,,,,20,,,,,,,,,,,,243,121,24,57,67,,,174,462,231,36,,357,,,128,,,,,,55,107,26,262,,224,,66,146,811,38,,40,,,,,,,,,,,,,,,,,,,,,,,,,,,,,,,,608,76,132,,656,,248,239,316,268,367,,,,,,,,,,,,,255,115,196,119,155,131,296,284,369,507,192,73,424,96,39,,,,,,,,,,,,,,,,,,,,,,,,,,,,,,,,,,,,,,,,,,,,,,,,,,,,,141,,401,35,249,251,83,533,154,206,,,152,,167,74,,,171,425,287,,,,,,,550,120,,414,,202,,,,,
2026-08-15T08:25:02+00:00,138,280,,,553,47,,48,223,317,,189,,276,,,352,,,,,104,,364,134,264,,23,,,113,899,26,41,,218,,197,,,146,132,,101,,,,,,,,,,45,,,,49,,,,,,,172,,,31,,,,,,289,,,,169,318,120,106,128,190,149,,,,,,,,,,,,,,,,,,,,,,,,,,,,,,,,,,,105,146,817,174,237,502,49,101,335,,,,,,172,,,,,542,,,,,151,214,,,,,,,,,,,,,,,,,,,,,,,,,,,,,,,,396,1224,406,115,173,113,,265,259,456,,85,,206,17,30,472,,,,,,,,,,,,,,,,,105,,,,,123,,,,,,23,,,,,,,,20,35,,,,,,404,,8,23,129,,,,,,,,,124,,,,,,,,,,,,,,,,188,311,,109,221,215,291,,10,51,,272,244,398,555,,381,500,,,213,407,44,,,,,,332,,77,,,,,,,,,,,174,88,26,7,,,,,,,,,154,,,308,,,,,,,,,,,,17,,,,,,,,,,,,246,120,17,53,59,,,172,456,214,,,359,144,46,121,,,,,,35,101,,,161,216,,67,,,40,,39,,295,429,,1211,331,361,102,,156,,,,,,,,,,,,,,,,,,,,,,,,,,654,,,,,260,,,,,,,,,,,,,,,,,,,,,,363,480,188,66,419,93,35,27,106,285,140,67,141,46,133,105,286,272,230,,233,,250,,242,,,,,,,,,,,,,,,,,,,,,,,,,,,,,,,,,,,140,,392,,237,245,,530,147,203,317,,148,,165,,57,,169,,285,,,,,,,548,,,402,,203,,,,181,
2026-08-15T08:30:01+00:00,135,283,,,545,45,,,216,316,,182,,273,,,,,,,,100,465,354,132,253,,21,,,,885,,39,,,,195,,,145,,,102,,,,,,,,,,,,,,48,,,,,,,176,79,,,,,,,,287,,,,168,,,,,,,,,,,112,224,384,275,241,442,2,286,,357,357,71,,,233,280,204,169,764,50,617,264,,207,257,557,,,,71,,,,,,,,,,,,,,,153,,,,,541,,,,,143,212,,,,,,,92,,,273,,583,,101,,113,,521,,,,,,,,,,,,,,,,,,,,,,,,,80,,201,17,20,453,,,,,,,,29,,120,,,,,,,,,,45,,122,,,,,,22,,,,,,,,19,36,,,,,,393,,7,16,127,,,,,,,,,118,,,,,50,,,,,68,,,,,,,308,,110,,217,283,,9,52,,267,232,396,550,,379,,,,,405,40,,1349,,,,,,,,,,,,,,,,,,,,,,,,,,,,,,,,,,,,,,,,,,,,,,,,,,,,,,,,244,,,50,58,,,174,454,212,,40,357,141,,119,,,,,,31,99,28,,,214,,59,,,,141,37,,,,,,,,,,,,,,,,,,,,,,,,,,,,,,,,601,77,131,,,,242,234,301,,,,,128,109,,,,,,59,,,254,117,,117,156,126,292,285,359,448,186,62,400,,31,,104,281,138,64,136,45,130,97,277,266,225,,226,,243,,241,,,,,,,,,,,,,,,,,,,,,,,,,,,,,,,,,,,,150,383,30,222,243,,528,141,202,,,,,,75,56,,165,424,283,,,,,,,541,,,398,,,107,,,,
2026-08-15T08:35:01+00:00,136,,,,537,43,,43,214,314,,179,,264,,,,,,,,99,461,352,129,247,,14,,,114,868,27,33,46,,,187,,,144,,,100,,32,,,,,,,,46,,,,45,,,,,,,171,,,30,,,,,,,,,112,166,299,111,96,124,189,136,,,,358,104,206,374,273,,429,,288,,336,355,58,,,230,275,172,,754,48,611,261,,202,246,553,,,,,106,134,809,165,234,498,47,100,330,,,,,,,,,,,,,,,,,,,,,,,,,,,,,,,,,,,,,,,,,,,,,,,,,400,1225,394,114,174,112,,263,260,452,211,75,,207,17,21,432,,,,,,,,24,,118,,,,,,,104,,,46,,,,,,,,23,,,,,,,,18,32,,,,,,389,,,17,,,,,,,,,,120,,,,,51,,,,,,,,,,,,300,,108,217,216,268,,4,50,12,,225,395,552,278,,491,,,212,403,39,,1347,,,,335,,74,,,,,,,,,,,175,83,24,5,,,,429,,,,,123,,,303,,,,,,,,,,,,16,,,,,,,,,,,,238,,19,54,54,,,,457,199,,,,138,,116,,,,88,189,17,89,27,263,,210,,54,,,41,,34,,297,418,66,1212,329,353,,,149,,,,,,,,,,,,,,,,,,,,,,590,,125,,,,241,232,297,257,,,,127,110,,,,,,55,,,,,191,115,149,118,291,286,355,415,184,49,384,90,25,,,,,,,,,,,,,,,,,,,,,,,,,,,,,,,,,,,,,,,,,,,,,,,,,,,,,141,149,379,31,219,237,,526,139,198,,,149,,164,72,54,,164,423,280,,,,,,,533,,,388,,,104,,,,
2026-08-15T08:40:01+00:00,133,288,56,,530,40,,32,206,316,,173,,254,,,,,,,,97,460,348,,244,,13,,,116,857,,30,47,216,,179,,,142,,,99,,,,,,,,,367,,,,,44,,,,,,,167,,,31,,,,,,281,,,,,298,107,94,123,187,130,,,,359,100,204,,274,,426,3,,,324,,50,55,,227,279,160,,752,,,,,201,241,552,,,,73,,,,,,,,,,,,,,,150,,,,,,,,,,134,,,,,,,,87,,,271,,577,,94,,107,,,,,,,,,,,,,,,,,,,,,,,,,,,69,,205,17,16,421,,,,,,,,25,,,,,,,,,103,,,,,,,,,,,26,,,,,,,,16,20,,,,,,380,,,15,,,,,,,,,,,,,,,,,,,,,,,,,,,292,,,,213,261,,7,,,265,218,394,549,279,377,488,,,210,399,34,,1348,,,,,,,,,,,,,,,,,,,,,,,,,,,,,,,,,,,,,,,,,,,,,,,,,,,,,,,,235,121,21,,53,,,173,,184,,,356,134,,113,,,,,188,8,80,,,162,205,,,,,,,,,,,65,,,,,,,,,,,,,,,,,,,,,,,,,,,,583,76,120,,655,,240,231,279,258,366,,,124,109,,,,,,,,,252,116,188,114,137,116,290,287,350,394,176,41,389,88,19,29,95,271,136,60,129,,,71,272,251,219,,213,,226,,237,,,,,,,,,,,,,,,,,,,,,,,,,,,,,,,,,,,,146,370,30,203,233,,523,133,189,315,,146,,163,71,,,157,421,281,,,,,,,528,,,377,,195,,,,151,
2026-08-15T08:45:02+00:00,127,291,,150,522,38,,17,200,315,,171,,253,,,,,,,,,459,347,120,234,,12,,,,850,,28,46,215,,173,,,,133,,,,31,,,,,,,369,45,,,,46,,,,,,,164,,,33,,,105,,,280,,,108,,,,,,,,,,,,,,,,,,,,,,,,,,,,,,,,,,,,,,,,,,110,126,792,162,223,494,46,98,324,,,,,,,,,,,,,,,,,,,,,,,,70,,,269,,565,,86,,105,,519,,,,,,,,,,,,,,404,1223,382,,172,,57,,,451,210,64,,202,17,18,397,,,,,,,,23,,,,,,,,,104,,,45,,120,,,,,,,,,,,,,,14,17,,,,,,374,,8,10,126,,,,12,,,,,,,,,,49,,,,,,,,,,,187,284,231,,211,210,252,,17,46,,267,208,,539,282,378,486,,,205,397,,,1346,,,,334,,68,,,,,,,,,,,170,81,21,2,,,,428,,,,,111,,,300,,,,,,,,,,,,15,,,,,,,,,,,,229,118,20,56,52,,72,176,450,177,,,355,,,110,,,,,,5,74,28,,,203,,52,147,,40,140,35,120,296,,63,1211,319,349,100,193,151,,,,,,,,,,,,,,,,,,,,,,577,77,116,,657,,242,230,267,257,,,,121,,,,,,,53,,,248,115,,116,133,109,288,,340,366,171,43,387,86,12,30,93,265,,54,122,44,128,60,260,235,216,,211,,217,,233,,,,,,,,,,,,,,,,,,,,,,,,,,,,,,,,,,471,142,,,28,195,228,82,516,125,183,,,144,,161,70,,,155,422,282,,,,,,,526,,,367,,189,105,,,134,
2026-08-15T08:50:01+00:00,125,292,,151,511,,,14,191,310,,167,,,,,,,,,,93,456,346,109,228,,13,,,,845,,,,213,,170,,,140,131,,100,,32,,,,,,,371,,,,,47,0,,,,,,163,78,,32,,,,,,,,,103,,296,104,78,,186,128,,,,360,90,200,373,267,242,409,4,,,291,,22,54,,225,274,128,,746,46,590,254,,197,230,545,,,,,,,,,,,,,,,,,,,145,,,,,542,,,,,126,207,,,,,,,,,,,,,,,,,,,,,,,,,,,,,,,,,,,,,,,,,,,53,,194,17,15,379,,,,,,,,22,,114,,,,,,,105,,,43,,,,,,,,23,,,,,,,,,9,,,,,,380,,,6,125,,,,11,,,,,,,,,,50,,,,,,,,,,,186,275,,104,210,207,246,,19,44,,266,198,395,540,283,,484,,,203,395,37,,,,,,,,,,,,,,,,,,,,,,,,,,,,,,,,,,,,,,,,,,,,,,,,,,,,,,,,,,226,117,19,52,48,,,177,452,171,,,356,133,,111,,,,,,4,68,,264,160,204,,51,149,812,39,,,,,,,,,,,,,,,,,,,,,,,,,,,,,,,,,,567,,111,16,651,,,,260,256,,,,120,108,,,,,,50,,,247,116,170,115,122,103,,285,325,353,170,37,386,102,10,,,,,,,,,,,,,,,,,,,,,,,,,,,,,,,,,,,,,,,,,,,,,,,,,,,,,,144,361,24,187,226,,512,116,175,,,142,,,69,53,,152,418,,,,,,,,522,,,361,,,,,,128,
2026-08-15T08:55:01+00:00,121,,,,,35,,5,187,306,,161,,251,,,,,,,,,453,344,103,220,,11,,,,843,,20,45,,,164,,,137,,,,,,,,,,,,,,,,,,,,,,,,164,77,,34,,,104,,,277,,,102,164,,,,,,,,,,,,,,,,,,,,,,,,,,,,,,,,,,,,,,,,,109,114,767,155,215,492,,90,318,,,,,,,,,,,,,,,,,,,,,,,,60,,,265,,560,,68,,,,514,,,,,,,,,,,,,,407,1222,365,113,168,110,,262,,452,,46,,183,17,12,357,,,,,,,,20,,115,,,,,,,,,,,,,,,,,,,,,,,,,,9,3,,,,,,374,,7,8,,,,,,,,,,117,,,,,,,,,,67,,,,,,,261,232,103,205,204,231,,24,40,,262,192,391,526,288,377,483,,,200,392,29,,1344,,,,325,,65,,,,,,,,,,,165,79,15,3,,,,418,,,,,92,,,286,,,,,,,,,,,,13,,,,,,,,,,,,225,116,17,50,42,,,181,446,161,,41,355,137,,107,,,,90,,2,58,27,,156,202,,,150,,,,34,116,294,406,62,1210,317,342,101,,155,,,,,,,,,,,,,,,,,,,,,,555,75,107,13,641,,241,227,249,246,367,,,124,105,,,,,,48,,,237,,164,108,181,88,287,284,315,339,163,28,395,,4,29,85,264,,52,120,43,120,50,247,221,212,,198,,206,,230,,,,,,,,,,,,,,,,,,,,,,,,,,,,,,,,,,,140,,352,22,172,,79,508,113,,314,,,,159,68,51,,150,415,278,,,,,,,515,,,350,,186,102,,,,
2026-08-15T09:00:01+00:00,119,,,,,34,,,175,304,,156,,243,,,351,,,,,,451,343,94,202,,8,,,,825,28,17,,214,,154,,,132,130,,,,33,,,,,,,,44,,,,,19,,,173,,,160,76,,32,,,,,,275,,,100,163,291,96,68,119,184,123,,195,,,87,198,369,,241,402,1,289,,278,,18,55,,223,269,119,,743,44,582,252,,196,226,540,,,,,108,113,764,154,211,491,47,91,,,,,,,132,,,,,,,,,,120,200,,,,,,,55,,,263,,546,,38,,104,,510,,,,,,,,,,,,,,,,,,,,,,,,,41,,178,17,15,342,,,,,,,,18,,114,,,,,,,104,,,41,,121,,,,,,25,,,,,,,,8,5,,,,,,378,,9,6,124,,,,12,,,,,116,,,,,,,,,,66,,,,,,,257,231,100,201,202,224,,18,41,,257,187,,524,286,,482,,,199,388,24,,1342,,,,324,,67,,,,,,,,,,,167,75,17,2,,,,,,,,,85,,,277,,,,,,,,,,,,14,,,,,,,,,,,,224,,,51,,,,179,,157,,42,354,,47,106,,,,,186,3,54,,,157,200,,47,,,,,,,,,,,,,,,,,,,,,,,,,,,,,,,,,,,,,,,,,,,,,,,,,,,,,,,,,,,,,,,,,,,,309,312,155,20,369,96,0,30,79,261,135,48,119,42,121,43,235,209,213,,195,,194,,,,,,,,,,,,,,,,,,,,,,,,,,,,,,,,,,,,471,137,142,344,19,161,221,77,501,108,171,315,,143,,158,65,47,,149,414,277,,,,,,,516,,,342,,184,101,,,103,
2026-08-15T09:05:01+00:00,118,,,,496,30,,,167,300,,147,,237,,,352,,,,,94,447,342,85,200,,9,,,0,821,,14,41,212,,151,,,131,126,,102,,,,,,,,,370,,,,,46,,,,,,,,,,,,,,,,,,,93,162,,,,,,,,,,,,,,,,,,,,,,,,,,,,,,,,,,,,,,,,,,,,,,,,,,,,,,,,,,,,,,,,,,,,,,,,,,,,,,,,,,,,,,,,,,,,,,,,,,408,1219,349,,167,111,,,261,451,206,36,,172,17,12,327,,,,,,,,,,,,,,,,,,,,,,,,,,,,,,,,,,,,7,9,,,,,,370,,8,7,,,,,,,,,,117,,,,,,,,,,,,,,,,,,,,,,,,,,,249,176,,518,283,379,481,136,,196,,31,,1341,,,,,,,,,,,,,,,,,,,,,,,,,,,,,,,,,,,,,,,,,,,,,,,,,,,,,,,,,,,,,,,,,,,,,,,,,,,,,,,,,,,,,,,,,,,,,,,,,,,,,,,,,,,,,,,,,,,,,,,,,547,,104,,631,,239,226,223,245,365,,,125,101,,,,,,46,,,236,,,107,176,85,286,283,,,,,,,,,,,,,,,,,,,,,,,,,,,,,,,,,,,,,,,,,,,,,,,,,,,,,,,,,,,,138,140,339,18,151,215,,493,103,168,,,139,,157,63,,,146,415,276,,,,,,,511,,,333,,182,,,,94,
2026-08-15T09:05:02+00:00,,,,,,,,,,,,,,,,,,,,,,,,,,,,,,,,,,,,,,,,,,,,,,,,,,,,,,,,,,,,,,,,,,,,,,,,,,,,,,,,,,,,,,,,,,,,,,,,,,,,,,,,,,,,,,,,,,,,,,,,,,,,,,,,,,,,,,,,,,,,,,,,,,,,,,,,,,,,,,,,,,,,,,,,,,,,,,,,,,,,,,,,,,,,,,,,,,,,,,,,19,,,,,,,,,105,,,42,,120,,,,,,24,,,,,,,,,,,,,,,,,,,,,,,,,,,,,,,,,,,,,,,,,,,,183,247,230,,199,197,218,,7,38,,,,,,,,,,,,,,,,,,,,,,,,,,,,,,,,,,,,,,,,,,,,,,,,,,,,,,,,,,,,,,,,,,,,,,,221,115,16,,38,,73,175,440,155,,,,142,,105,,,16,,,2,46,28,266,159,,,43,,,37,138,32,112,,400,61,,316,345,100,,151,,,,,,,,,,,,,,,,,,,,,,,,,,,,,,,,,,,,,,,,,,,,,,,,,,,,,306,289,146,18,358,,,,,,,,,,,,,,,,,,,,,,,,,,,,,,,,,,,,,,,,,,,,,,,,,,,,,,,,,,,,,,,,,,,,,,,,,,,,,,,,,,,,,,,,,,,,
2026-08-15T09:10:01+00:00,119,284,,152,489,29,,,161,296,,142,,231,,,,,,,,90,,340,81,187,,6,,,,808,,13,,,,150,,35,130,129,,103,,32,,,,,,,371,,,,,44,,,,171,,,155,,,34,,,103,,,,,,92,157,296,90,46,116,180,117,,,,359,75,185,365,266,238,389,,,,246,356,9,56,113,215,270,104,,,39,560,,,195,210,533,,,,,,96,751,150,197,483,44,90,311,,,,,,123,,,,,,,,,,113,196,,,,,,,49,,,258,,542,,8,,97,,506,,,,,,,,,,,,,,,,,,,,,,,,,27,,164,17,9,311,,,,,,,,,,,,,,,,,,,,,,,,,,,,,,,,,,,,,6,,,,,,352,,9,3,120,,,,14,,,,,120,,,,,,,,,,65,,,,,,182,243,,99,197,,212,,-3,34,,252,166,,,285,,480,,,,384,32,,1340,,,,317,,64,,,,,,,,,,,162,76,14,3,,,,419,,,,,70,,,265,,,,,,,,,,,,11,,,,,,,,,,,,218,114,,49,37,,,174,439,,,,,141,,108,,,,,185,,42,,267,158,,,,,,,,,,,,,,,,,,,,,,,,,,,,,,,,,,,,,,,,541,,102,12,,,,,,,,,,126,100,,,,,,45,,,237,115,,,,79,,,,,,,,,,,70,258,132,,108,40,118,21,217,188,212,,178,,182,,231,,,,,,,,,,,,,,,,,,,,,,,,,,,,,,,,,,,141,139,336,17,142,213,78,489,102,167,312,,,,152,,,,147,413,275,,,,,,,508,,,316,,181,102,,,,
2026-08-15T09:10:02+00:00,,,,,,,,,,,,,,,,,,,,,,,,,,,,,,,,,,,,,,,,,,,,,,,,,,,,,,,,,,,,,,,,,,,,,,,,,,,,,,,,,,,,,,,,,,,,,,,,,,,,,,,,,,,,,,,,,,,,,,,,,,,,,,,,,,,,,,,,,,,,,,,,,,,,,,,,,,,,,,,,,,,,,,,,,,,,,,,,,,,,,,,,,,,,,,,,,,,,,,,,16,,108,,,,,,,,,,40,,,,,,,,25,,,,,,,,,,,,,,,,,,,,,,,,,,,,,,,,,,,,,,,,,,,,,,,,,,,,,,,,,,,,,,,,,,,,,,,,,,,,,,,,,,,,,,,,,,,,,,,,,,,,,,,,,,,,,,,,,,,,,,,,,,,,,,,,,,,,,,,,,,,,,,,,,,,,,,,,,,,,,,106,295,395,,1201,315,339,99,,146,,,,,,,,,,,,,,,,,,,,,,,,,,,,,,,,,,,,,,,,,,,,,,,,,,,,,301,258,140,13,356,,,,,,,,,,,,,,,,,,,,,,,,,,,,,,,,,,,,,,,,,,,,,,,,,,,,,,,,,,,,,,,,,,,,,,,,,,,,,,,,,,,,,,,,,,,,
2026-08-15T09:15:01+00:00,117,285,,155,,27,,,158,297,,136,,225,,,350,,,,,87,445,338,74,182,,2,,,,797,,12,,211,,153,,38,131,131,,104,,33,,,,,,,372,43,,,,45,,,,,,,150,,,,,,,,,277,,,91,158,,,,,,,,,,,,,,,,,,,,,,,,,,,,,,,,,,,,,,,,,,,,,,,,,,,,,,,,,,,,,,,,,,,,,,,,,43,,,257,,538,,1,,100,,500,,,,,,,,,,,,,,410,1218,340,114,,108,,,260,450,207,21,,163,17,8,301,,,,,,,,17,,109,,,,,,,106,,,,,119,,,,,,,,,,,,,,,9,,,,,,347,,7,,118,,,,19,,,,,,,,,,,,,,,,,,,,,181,233,229,100,194,,204,,11,30,,248,,,510,287,376,478,137,,194,381,31,,,,,,,,,,,,,,,,,,,,,,,,,,,,,,,,,,,,,,,,,,,,,,,,,,,,,,,,,,223,115,18,50,33,,,175,436,147,,,352,142,,110,20,,,,,9,36,26,,,199,,44,147,,35,137,,,,,,,,,,,,,,,,,,,,,,,,,,,,,,,,,532,,101,11,624,,236,224,213,248,364,,,,101,,,,,,44,,,239,117,150,,164,75,284,284,295,228,137,6,339,95,,,,,,,,,,,,,,,,,,,,,,,,,,,,,,,,,,,,,,,,,,,,,,,,,,,,,472,,,335,13,127,210,,488,86,164,307,,138,,148,62,45,,144,409,274,,,,,,,,,,309,,180,103,,,73,
2026-08-15T09:20:01+00:00,115,,,,485,23,,,149,295,,129,,221,,,,,,,,86,,339,75,181,,,,,,794,,10,40,209,,150,,,133,129,,105,,,,,,,,,371,44,,,,44,,,,172,,,,75,,,,,102,,,265,,,89,157,293,89,41,113,178,114,,,,360,72,176,364,265,239,375,2,288,,227,357,,,112,202,,92,,742,,552,247,,188,209,900,,,,,103,88,732,144,206,479,46,86,305,,,,,,112,,,,,541,,,,,110,190,,,,,,,,,,,,,,,,,,,,,,,,,,,,,,,,,,,,,,,,,,,18,,156,17,4,291,,,,,,,,,,,,,,,,,,,,38,,120,,,,,,23,,,,,,,,,12,,,,,,343,,,1,,,,,18,,,,,118,,,,,51,,,,,66,,,,,,178,234,225,99,192,198,191,,23,32,,249,162,386,505,291,374,476,138,,,376,34,,1339,,,,314,,63,,,,,,,,,,,164,,16,2,,,,,,,,,65,,,257,,,,,,,,,,,,10,,,,,,,,,,,,222,114,20,,32,,72,174,433,148,,,351,,,,,,,91,183,7,32,,,157,201,,,146,813,33,,31,102,294,391,60,1191,,337,,,145,,,,,,,,,,,,,,,,,,,,,,523,74,104,,611,,,228,197,,367,,,122,100,,,,,,42,,,234,113,144,104,163,67,281,283,288,201,135,3,330,91,,32,57,253,,45,,,114,1,205,178,207,,174,,170,,230,,,,,,,,,,,,,,,,,,,,,,,,,,,,,,,,,,,139,138,329,12,108,211,,482,79,158,305,,133,,147,,41,,141,411,273,,,,,,,,119,,300,,179,107,,,65,
2026-08-15T09:25:02+00:00,,,,,475,22,,,,290,,,,214,,,349,,,,,85,446,338,70,,,4,,,,791,27,9,38,,,154,,,130,130,,106,,,,,,,,,370,43,,,,,,,,,,,147,,,,,,,,,263,,,90,154,,,,,,,,,,358,68,170,360,259,,366,,287,,211,355,,,,192,,66,,735,37,517,249,119,183,206,896,,,,75,101,82,717,138,,,47,82,304,,,,,,104,,,,,540,,,,,108,189,,,,,,,39,,,255,,,,,,95,,499,,,,,,,,,,,,,,,1217,321,,168,103,,,259,445,208,14,,154,17,6,281,,,,,,,,,,108,,,,,,,,,,42,,,,,,,,27,,,,,,,,6,16,,,,,,338,,8,2,,,,,16,,,,,,,,,,52,,,,,,,,,,,,224,224,,189,195,177,,26,35,13,248,157,380,494,288,372,475,140,,,377,33,,1336,,,,311,,58,,,,,,,,,,,159,73,8,,,,,421,,,,,55,,,252,,,,,,,,,,,,11,,,,,,,,,,,,216,113,24,54,41,,70,171,431,139,,40,349,136,48,115,,,17,92,182,,28,27,266,156,,,42,145,,29,,30,99,,385,,1183,314,,101,,143,,,,,,,,,,,,,,,,,,,,,,508,73,,,602,,234,227,191,244,366,,,117,,,,,,,39,,,229,,141,99,157,58,282,284,281,176,132,2,338,92,,31,,245,133,36,101,,117,0,196,164,203,,173,,164,,229,,,,,,,,,,,,,,,,,,,,,,,,,,,,,,,,,,,138,134,321,11,106,208,,,74,163,303,,132,,145,59,,,140,408,,,,,,,,506,,,294,,,,,,57,
2026-08-15T09:30:01+00:00,113,286,,,462,15,,,144,291,,124,,207,,,348,,,,,80,445,336,71,180,,0,,,,779,,10,39,,,157,,,,,,104,,,,,,,,,,,,,,43,,,,,,,145,74,234,33,,,100,,,261,,,,153,291,86,33,105,177,113,,,,,,,,,,,,,,,,,,,,,,,,,,,,,,,,,,,,,,,,,,,,,,,,,,,,,,,,,,,,,,,,,,,,,,,,,,,,,,,,,,,,,,,,,,,,,,,,,,,,,,,12,,150,17,2,263,,,,,,,,15,,107,,,,,,,,,,41,,119,,,,,,28,,,,,,,,4,,,,,,,333,,9,0,120,,,,18,,,,,117,,,,,53,,,,,64,,,,,,174,217,223,96,,192,,,19,34,,249,,379,485,286,370,470,,,193,373,34,,,,,,,,,,,,,,,,,,,,,,,,,,,,,,,,,,,,,,,,,,,,,,,,,,,,,,,,,,209,112,25,,43,,72,172,433,140,,,,134,47,111,,,,93,,,32,29,,157,197,,41,,812,28,,31,94,293,372,,1180,,332,102,,,,,,,,,,,,,,,,,,,,,,,,,,,,,,,,,,,,,,,,,,,,,,,,,,,,,,,277,160,130,0,336,93,,,,,,,,,,,,,,,,,,,,,,,,,,,,,,,,,,,,,,,,,,,,,,,,,,,,,471,136,,309,10,99,207,77,,69,164,299,,128,,142,53,,,141,407,,,,,,,,498,,,279,,177,106,,,47,
2026-08-15T09:35:01+00:00,111,,,,454,,,,143,288,,119,,204,,,,,,,,79,446,333,81,178,,2,,,,766,,,37,203,,151,,37,,131,,103,,,,,,,,,,,,,,,,,,173,,,139,,,34,,,,,,260,,,85,151,,,,,,,,,,,65,169,357,256,,358,,,,207,,,57,,185,,54,,,38,,,,181,202,892,,,,73,102,77,698,134,201,481,44,84,298,,,,,,,,,,,537,,,,,102,188,,,,,,,28,,,249,,524,,,,94,,496,,,,,,,,,,,,,,414,1218,317,115,166,,55,263,260,,205,10,,142,17,7,240,,,,,,,,10,,,,,,,,,105,,,,,,,,,,,26,,,,,,,,,19,,,,,,330,,,3,,,,,16,,,,,,,,,,,,,,,,,,,,,173,206,,,188,,166,,24,28,,246,158,,482,290,,469,,,,367,32,,,,,,310,,,,,,,,,,,,,,65,9,,,,,416,,,,,47,,,256,,,,,,,,,,,,,,,,,,,,,,,,207,113,,48,39,,,178,430,134,,,351,131,,110,,,16,92,181,,31,27,267,158,198,,40,,813,,,29,92,292,367,59,1176,311,331,,194,142,,,,,,,,,,,,,,,,,,,,,,506,,108,,591,,,226,180,245,365,,,116,99,,,,,,,,,226,111,134,101,153,48,273,,269,145,127,,316,90,1,,48,238,132,28,92,,113,,183,147,199,,166,,157,,226,,,,,,,,,,,,,,,,,,,,,,,,,,,,,,,,,,,,,303,9,95,209,,477,67,161,,,123,,140,46,40,,139,409,271,,,,,,,492,120,,273,,174,107,,,32,
2026-08-15T09:40:01+00:00,,285,,156,456,16,,1,145,280,,114,,195,,,347,,,,,78,,330,83,185,,0,,,,750,,7,35,201,,,,38,,135,,104,,,,,,,,,,,,,,44,,,,172,,,138,75,,35,,,101,,,262,,,87,153,292,74,26,96,174,114,,,,,,,,,,,,,,,,,,,,,,,,,,,,,,,,,,,,,,,,,,,,,,,,,,,,,,,,,,,,,,,,,,,21,,,250,,517,,4,,92,,492,,,,,,,,,,,,,,,,,,,,,,,,,1,,,17,3,219,,,,,,,,14,,106,,,,,,,,,,42,,,,,,,,,,,,,,,,,,,,,,,333,,10,,119,,,,14,,,,,116,,,,,,,,,,,,,,,,171,205,224,97,187,193,155,,28,29,,249,147,380,,292,,468,,,,,28,,1333,,,,305,,55,,,,,,,,,,,161,62,7,4,,,,415,,,,,40,,,257,,,,,,,,,,,,,,,,,,,,,,,,202,112,22,49,38,,71,180,429,135,,,,129,46,,,,,,,,25,26,268,159,199,,41,144,812,29,,,87,291,350,,1159,303,326,,192,137,,,,,,,,,,,,,,,,,,,,,,498,,110,,,,232,222,171,249,366,,,,98,,,,,,,,,223,,,96,144,49,266,285,265,134,119,2,301,,,,37,236,133,,89,39,111,,172,136,195,,162,,151,,224,,,,,,,,,,,,,,,,,,,,,,,,,,,,,,,,,,470,,,296,7,89,202,75,478,65,158,296,,118,,137,45,39,,138,407,273,,,,,,,488,,,262,,172,,,,,
2026-08-15T09:45:01+00:00,,,,,450,17,,3,143,281,,109,,189,,,348,,,,,,,331,,179,,,,,,740,28,4,33,205,,148,,,127,134,,103,,,,,,,,,,,,,,,,,,,,,,76,233,37,,,100,,,,,,90,160,286,73,24,99,176,110,,,,359,62,163,353,255,238,351,,,,191,354,,,,183,267,36,,732,37,506,248,,175,199,891,,,,70,101,65,701,122,196,476,43,81,288,,,,,,99,,,,,,,,,,105,,,,,,,,,,,,,,,,,,,,,,,,,,,,,,,,,424,1215,300,114,161,114,,262,262,446,203,0,,135,17,5,201,,,,,,,,12,,103,,,,,,,107,,,,,118,,,,,,,,,,,,,,,14,,,,,,329,,,,118,,,,11,,,,,115,,,,,,,,,,63,,,,,,170,202,220,,175,191,140,,21,25,,244,143,381,487,293,367,466,,,194,363,,,,,,,301,,50,,,,,,,,,,,,61,,6,,,,417,,,,,37,,,259,,,,,,,,,,,,,,,,,,,,,,,,201,111,20,46,33,,70,179,423,128,,39,,125,,105,,,,89,180,5,18,,270,157,204,,,142,813,26,136,32,83,292,348,,1150,299,,101,,,,,,,,,,,,,,,,,,,,,,,,492,,109,10,589,,228,220,163,,367,,,113,99,,,,,,38,,,224,,131,92,140,46,268,282,261,114,112,1,302,88,0,,41,233,,26,88,,110,,169,,194,,,,150,,221,,,,,,,,,,,,,,,,,,,,,,,,,,,,,,,,,,,134,135,300,4,73,201,74,474,61,154,293,,,,,43,,,137,412,270,,,,,,,486,,,259,,168,,,,,
2026-08-15T09:50:01+00:00,108,284,,,455,18,,1,142,278,,102,,187,,,345,,,,,74,448,,80,173,,,,,,728,32,2,35,200,,147,,,130,133,,,,,,,,,,,371,44,,,,42,,,,,,,139,,232,43,,,,,,256,,,88,164,,,,,,,,,,,,,,,,,,,,,,,,,,,,,,,,,,,,,,,,,103,,697,120,183,475,,78,287,,,,,,93,,,,,,,,,,104,189,,,,,,,24,,,246,,,,,,88,,491,,,,,,,,,,,,,,,,,,,,,,,,,,,130,16,2,189,,,,,,,,9,,102,,,,,,,,,,40,,119,,,,,,28,,,,,,,,0,20,,,,,,307,,9,0,116,,,,15,,,,,,,,,,51,,,,,60,,,,,,169,191,221,96,171,,131,,28,23,,242,144,382,485,288,368,467,,,193,,,,1331,,,,297,,40,,,,,,,,,,,160,54,4,2,,,,,,,,,21,,,256,,,,,,,,,,,,13,,,,,,,,,,,,199,108,21,43,34,,,182,424,114,,,,,,104,,,,,,10,22,25,,156,205,,38,,,,,28,,,,,,,,,,,,,,,,,,,,,,,,,,,,,,,,483,74,,,,,226,221,154,248,,,,112,,,,,,,37,,,,110,128,90,,44,266,281,250,93,101,0,309,,,30,40,228,132,21,85,38,107,,157,121,191,,156,,141,,223,,,,,,,,,,,,,,,,,,,,,,,,,,,,,,,,,,,,132,291,5,68,194,73,473,58,149,,,115,,134,42,40,,138,,,,,,,,,482,,,260,,169,105,,,,
2026-08-15T09:55:01+00:00,105,285,,,461,13,,,137,277,,96,,185,,,342,,,,,75,,328,89,174,,,,,,721,,0,,198,,148,,,131,132,,,,,,,,,,,370,,,,,43,,,,,,,129,75,,45,,,,,,246,,,90,167,287,61,7,97,173,109,,,,,54,151,351,254,233,341,,,,172,,,,,180,259,10,,733,36,470,244,,171,197,,,,467,67,,,,,,,,,,,,,,,,,,,,,,,,,,,,,,,,,18,,,243,,516,,2,,86,,492,,,,,,,,,,,,,,431,1213,283,113,159,128,53,,,443,206,,,127,17,0,160,,,,,,,,5,,,,,,,,,105,,,41,,118,,,,,,29,,,,,,,,,21,,,,,,308,,,,,,,,19,,,,,116,,,,,,,,,,59,,,,,,164,182,222,95,167,189,115,,27,17,,,140,,483,286,367,465,,,190,,25,,1326,,,,,,,,,,,,,,,,,,,,,,,,,,,,,,,,,,,,,,,,,,,,,,,,,,,,,,,,193,107,,49,36,147,69,179,430,98,35,,350,123,,,,,,,179,11,20,24,,,209,,42,140,814,27,132,30,77,293,343,,1151,,324,100,,135,,,,,,,,,,,,,,,,,,,,,,474,,108,,588,,225,219,142,,,,,107,100,,,,,,35,,,221,107,130,91,136,38,262,284,249,76,96,,313,90,,,,,,,,,,,,,,,,,,,,,,,,,,,,,,,,,,,,,,,,,,,,,,,,,,,,,,132,130,285,4,57,,72,471,53,142,292,,116,,133,39,38,,137,411,266,,,,,,,479,,,253,,168,104,,,15,
2026-08-15T10:00:01+00:00,,284,,,454,11,,,128,276,,95,,183,,,340,,,,,72,445,327,99,168,,3,,,,716,,,31,199,,149,,,130,134,,104,,,,,,,,,,41,,,,45,,,,173,,,128,,,61,,,,,,239,,,87,166,,,,,,,,,,358,51,143,338,252,235,334,,288,,158,353,,,,179,247,,,,38,455,243,,169,,902,,,,64,104,61,685,117,178,,38,76,283,,,,,,81,,,,,,,,,,97,,,,,,,,14,,,,,514,,1,,84,,,,,,,,,,,,,,,,,,,,,,,,,,,1,,121,17,2,138,,,,,,,,2,,101,,,,,,,,,,42,,119,,,,,,28,,,,,,,,,26,,,,,,,,,,,,,,24,,,,,,,,,,49,,,,,,,,,,,,174,218,93,165,187,104,,24,,,239,133,380,472,284,364,460,,,,,24,,1322,,,,293,,39,,,,,,,,,,,159,49,6,3,,,,420,,,,,16,,,259,,,,,,,,,,,,15,,,,,,,,,,,,190,109,22,48,37,,68,,433,97,,,351,122,,106,,,,88,,8,11,,,158,210,,40,,815,,,,76,,336,60,1148,293,325,,191,132,,,,,,,,,,,,,,,,,,,,,,462,,,,591,,220,218,139,251,,,,,99,,,,,,37,,,218,104,131,89,138,26,256,,237,56,90,,304,89,,,34,223,130,24,75,,105,,142,111,190,,158,,137,,219,,,,,,,,,,,,,,,,,,,,,,,,,,,,,,,,,,471,130,124,281,-100,56,196,73,465,55,136,291,,109,,134,34,37,,136,412,261,,,,,,,470,,,246,,,102,,,,
2026-08-15T10:05:01+00:00,103,287,,,447,9,,,132,273,,,,,,,337,,,,,69,444,326,95,161,,0,,,,707,31,,33,198,,,,,129,135,,,,,,,,,,,371,42,,,,,,,,,,,,,231,,,,,,,234,,,,186,293,57,6,94,172,111,,,,,,,,,,,,,,,,,,,,,,,,,,,,,,,,,,,,58,683,116,170,469,39,74,281,,,,,,74,,,,,,,,,,95,190,,,,,,,13,,,237,,513,,,,76,,487,,,,,,,,,,,,,,430,1214,270,112,155,139,52,261,259,,200,,,112,17,1,130,,,,,,,,,,,,,,,,,,,,,,,,,,,,,,,,,,,,,28,,,,,,,,8,,118,,,,20,,,,,118,,,,,51,,,,,,,,,,,,,,,,,,,,,,234,129,377,465,286,,457,,,191,361,25,,1315,,,,,,,,,,,,,,,,,,,,,,,,,,,,,,,,,,,,,,,,,,,,,,,,,,,,,,,,,,,,,,,,,,,,,,,,,,,,,,,,,,,,,,,,,,,,,,,,,,,,,,,,,,,,,,,,,,,,,,,,,451,75,104,8,590,,,219,130,249,365,,,110,98,,,,,,,,,219,,134,,132,20,253,,,,,,,,,,,,,,,,,,,,,,,,,,,,,,,,,,,,,,,,,,,,,,,,,,,,,,,,,,,,,129,122,275,,60,190,71,459,54,134,288,,,,136,31,35,,,413,260,,,,,,,464,,,239,,,100,,,3,
2026-08-15T10:05:02+00:00,,,,,,,,,,,,,,,,,,,,,,,,,,,,,,,,,,,,,,,,,,,,,,,,,,,,,,,,,,,,,,,,,,,,,,,,,,,,,,,,,,,,,,,,,,,,,,,,,,,,,,,,,,,,,,,,,,,,,,,,,,,,,,,,,,,,,,,,,,,,,,,,,,,,,,,,,,,,,,,,,,,,,,,,,,,,,,,,,,,,,,,,,,,,,,,,,,,,,,,,1,,99,,,,,,,,,,,,,,,,,,,,,,,,,,,,,,,,,,,,,,,,,,,,,,,,,,,,,,,,,,,,,,160,164,210,98,159,186,101,,30,18,,,,,,,,,,,,,,,,,,,,,,,,,,,,,,,,,,,,,,,,,,,,,,,,,,,,,,,,,,,,,,,,,,,,,,,198,,21,46,35,,,178,437,92,,38,352,119,,107,,,,,,9,15,,,161,208,,37,138,817,25,,29,68,292,324,62,1144,291,323,99,189,125,,,,,,,,,,,,,,,,,,,,,,,,,,,,,,,,,,,,,,,,,,,,,,,,,,,,,223,47,88,2,305,,,27,33,216,,20,73,39,100,,136,103,186,,152,,126,,217,,,,,,,,,,,,,,,,,,,,,,,,,,,,,,,,,,,,,,,,,,,,,,,,,,,,,,,,,,,,,,,,,,,,,,,,
2026-08-15T10:10:02+00:00,101,288,,,446,6,,,140,270,,94,,180,,,336,,,,,,,327,94,165,,2,,,,701,,,35,196,,146,,,127,,,105,,,,,,,,,,43,,,,,18,,,172,,,,,,,,,,,,231,,,83,203,,,,,,,,,,359,50,135,336,249,,330,,287,,152,354,,58,111,,244,,170,,,440,,118,170,191,900,,,,,,,,,,,,,,,,,,,,,,,,,,,,,,,,,,,,,,,,,,,,,,,,,,,,,,,,,,,,,,,,,,,,,,,,,3,,115,17,0,132,,,,,,,,5,,,,,,,,,103,,,,,120,,,,,,,,,,,,,,,21,,,,,,304,,9,,115,,,,13,,,,,119,,,,,,,,,,58,,,,,,,161,205,,155,185,92,,29,,,,119,375,461,285,,455,,,189,358,24,,1307,,,,,,,,,,,,,,,,,,,,,,,,,,,,,,,,,,,,,,,,,,,,,,,,,,,,,,,,195,,25,47,34,,69,181,439,82,,,351,114,,108,,,,90,180,8,18,,268,164,209,,,137,815,18,131,31,71,293,323,63,1146,288,,100,190,123,,,,,,,,,,,,,,,,,,,,,,438,,97,,593,,219,,128,248,364,,,109,100,,,,,,34,,,222,107,128,,125,14,250,282,210,60,81,0,300,,,,,,,,,,,,,,,,,,,,,,,,,,,,,,,,,,,,,,,,,,,,,,,,,,,,,,,133,,268,,47,187,73,454,46,127,,,105,,133,33,,,129,414,,,,,,,,457,,,230,,169,98,,,,
2026-08-15T10:15:01+00:00,95,287,,,,4,,,141,,,99,,,,,,,,,,70,,325,88,158,,0,,,,687,,,34,192,,148,,,128,,,107,,,,,,,,,364,,,,,46,19,,,,,,129,,,60,,,,,,232,,,82,231,290,46,3,91,171,109,,194,,,43,132,339,,233,331,,283,,135,355,,59,,173,242,1,,,,429,242,,168,181,901,,,,,107,52,670,118,166,464,37,80,278,,,,,,63,,,,,538,,,,,93,191,,,,,,,1,,,229,,523,,5,,75,,,,,,,,,,,,,,,,431,,256,113,154,,,,260,442,198,1,,107,17,,129,,,,,,,,3,,96,,,,,,,,,,43,,118,,,,,,27,,,,,,,,,13,,,,,,307,,12,,116,,,,12,,,,,120,,,,,52,,,,,,,,,,,158,162,197,97,152,,81,,,15,,232,118,373,462,,363,453,,,187,351,23,,1306,,,,286,,36,,,,,,,,26,,,156,38,4,4,,,,419,,,,,1,,,259,,,,,,,,,,,,17,,,,,,,,,,,,189,108,26,49,31,,,183,437,80,,,350,116,,106,19,,,91,,7,17,23,267,163,206,,40,,,17,129,,,,,,,,,,,,,,,,,,,,,,,,,,,,,,,,,,,,,,,,,,,,,,108,,,,,,,,,,,,,,,,,,198,45,75,,302,,,28,30,215,129,17,68,37,103,,135,90,185,,150,,124,,215,,,,,,,,,,,,,,,,,,,,,,,,,,,,,,,,,,,135,120,261,,37,181,69,458,45,123,287,,102,,129,31,34,,128,413,,,,,,,,451,,,227,,165,97,,,1,
2026-08-15T10:20:01+00:00,93,290,,,,2,,,142,271,,94,,177,,,331,,,,,67,441,322,,153,,,,,,675,,,32,190,,147,,37,,134,,109,,,,,,,,,,,,,,45,,,,171,,,127,74,,,,,,,,233,,,84,238,,,,,,,,,,,,,,,,,,,,,,,,,,,,,,,,,,,,,,,,,,,,,,,,,,,,,,,,,,,,,,,,,,,,,,,,,,,,222,,522,,7,,72,,,,,,,,,,,,,,,,,,,,,,,,,,,0,,98,17,,124,,,,,,,,4,,93,,,,,,,,,,,,117,,,,,,,,,,,,,,,12,,,,,,,,11,,,,,,14,,,,,118,,,,,,,,,,55,,,,,,157,156,200,96,149,184,73,,,11,12,229,116,372,459,287,362,450,,,190,352,24,,1303,,,,285,,33,,,,,,,,,,,152,37,5,,,,,423,,,,,0,,,260,,,,,,,,,,,,18,,,,,,,,,,,,188,,25,48,,,70,187,439,79,,,348,115,45,105,,,,,,3,14,,265,164,204,,45,,812,16,,,70,291,324,,1149,289,321,99,,120,,,,,,,,,,,,,,,,,,,,,,431,74,102,,589,,217,223,107,253,365,,,109,99,,,,,,35,,,221,108,129,86,115,,247,,190,35,77,,294,,4,27,25,212,,20,67,,100,,129,80,181,,151,,117,,214,,,,,,,,,,,,,,,,,,,,,,,,,,,,,,,,,,,132,117,248,,,174,,454,40,110,286,,98,,125,29,33,,126,412,259,,,,,,,448,,,215,,160,93,,,,
2026-08-15T10:25:01+00:00,88,289,,,441,,,,138,272,,91,,176,,,329,,,,,68,443,326,92,149,,4,,,,667,,,,188,,,,38,130,,,110,,35,,,,,,,,,,,,46,18,,,170,,,,,232,58,,,,,,230,,,80,251,293,48,,100,168,105,,,,357,34,122,332,243,,,16,,,127,357,,,114,165,241,,,732,36,409,246,119,,177,905,,,466,,108,47,662,112,167,,38,82,273,,,,,,54,,,,,,,,,,95,194,,,,,,,,,,,,,,,,,,,,,,,,,,,,,,,,432,1216,243,,,,,262,,440,199,,,87,17,,116,,,,,,,,3,,,,,,,,,102,,,44,,,,,,,,28,,,,,,,,,16,,,,,,308,,,,,,,,16,,,,,116,,,,,,,,,,,,,,,,158,149,197,95,150,180,59,,27,10,11,225,115,,460,285,,446,141,,186,351,28,,1298,,,,284,,32,,,,,,,,,,,149,36,4,,,,,418,,,,,,,,259,,,,,,,,,,,,,,,,,,,,,,,,186,107,27,44,30,,67,184,431,71,36,37,,116,,100,,,17,,,9,12,,263,167,206,,48,136,815,10,,30,65,288,317,,1146,277,315,96,,114,,,,,,,,,,,,,,,,,,,,,,430,76,,,,,,221,95,,366,,,,,,,,,,34,,,219,,130,82,113,,,284,182,27,75,,290,84,3,,21,211,,,66,36,98,,,78,180,,146,,115,,,,,,,,,,,,,,,,,,,,,,,,,,,,,,,,,,,,472,133,126,245,,32,168,68,453,30,103,285,,97,,123,26,32,,121,,,,,,,,,445,,,217,,158,91,,,,
2026-08-15T10:30:02+00:00,85,,,,443,,,8,125,270,,,,172,,,328,,,,,67,446,325,89,148,,,,,,655,,,30,190,,144,,,128,,,108,,,,,,,,,365,,,,,,,,,,,,124,73,,,,,101,,,,,,72,256,,,,,,,,,,,,,,,,,,,,,,,,,,,,,,,,,,,,,,,,,,,,,,,,,,,,,,,,,,,,,,,,,,,,,,,,,3,,,,,519,,,,71,,,,,,,,,,,,,,,,,,,,,,,,,,,,,90,17,,105,,,,,,,,0,,97,,,,,,,103,,,,,118,,,,,,32,,,,,,,,,23,,,,,,316,,10,1,114,,,,,,,,,120,,,,,,,,,,53,,,,,,,136,195,,147,,56,,24,13,,227,105,,453,286,364,440,,,184,358,27,,1294,,,,278,,,,,,,,,,,,,154,35,,3,,,,,,,,,,,,255,,,,,,,,,,,,19,,,,,,,,,,,,185,106,26,,26,,,185,425,67,,,349,,,,,,,,,2,11,,260,165,207,,50,134,813,7,,,,,,,,,,,,,,,,,,,,,,,,,,,,,,,,,,,,106,,,,,,,,,,,110,98,,,,,,,,,,106,,,,,250,,170,22,73,1,298,78,4,,14,205,,15,63,,103,,117,62,172,,142,,113,,218,,,,,,,,,,,,,,,,,,,,,,,,,,,,,,,,,,,,123,239,,28,155,,455,25,97,284,,95,,122,20,,,118,413,,,,,,,,,,,206,,157,89,,,,
2026-08-15T10:35:02+00:00,86,287,,,439,1,,1,124,269,,89,,167,,,329,,,,,,,326,88,142,,0,,,,648,30,,28,,,145,,,127,,,110,,,,,,,,,,42,,,,45,,,,171,,,123,75,,,,,,,,224,,,71,259,287,50,,103,164,104,,193,,,37,119,327,,,324,20,,,115,360,,,,167,238,1,,733,37,,244,121,,179,,,,,61,107,33,667,110,149,458,39,84,271,,,,,,50,,,,,,,,,,88,,,,,,,,1,,,218,,514,,,,72,,488,,,,,,,,,,,,,,438,1215,333,,149,137,,261,,443,192,,,89,17,,94,,,,,,,,,,100,,,,,,,,,,,,,,,,,,33,,,,,,,,,21,,,,,,321,,,3,115,,,,14,,,,,122,,,,,,,,,,47,,,,,,156,129,194,93,143,178,47,,33,12,9,231,104,369,450,288,,438,,,183,359,28,,1287,,,,,,,,,,,,,,,,,,,,,,,,,,,,,,,,,,,,,,,,,,,,,,,,,,,,,,,,180,,25,39,29,,66,187,421,61,,36,353,118,,102,,,,90,,1,10,,255,164,,,52,,804,,130,31,61,,312,,1145,275,310,100,189,115,,,,,,,,,,,,,,,,,,,,,,426,75,109,7,586,,216,222,85,258,364,,,108,96,,,,,,35,,,218,103,133,79,108,,265,281,156,12,,0,294,74,,,,,,,,,,,,,,,,,,,,,,,,,,,,,,,,,,,,,,,,,,,,,,,,,,,,,473,,124,233,,21,,69,457,,,286,,91,,120,14,29,,115,411,,,,,,,,441,,,205,,156,,,,2,
2026-08-15T10:40:01+00:00,84,288,,,441,,,,121,,,85,,157,,,,,,,,66,445,323,87,147,,,,,,652,31,,26,187,,146,,,128,,,111,,,,,,,,,366,43,,,,44,,,,,,,120,,,,,,,,,229,,,70,,,,,,,,,,,,,,,,,,,,,,,,,,,,,,,,,,,,,,,,,,,,,,,,,,,,,,,,,,,,,,,,,,,,,,,,,,,,,,,,,,,,,,,,,,,,,,,,,,,,,,,,,,,,,,,,84,17,,92,,,,,,,,,,98,,,,,,,,,,,,117,,,,,,32,,,,,,,,,20,,,,,,326,,11,2,,,,,18,,,,,121,,,,,,,,,,45,,,,,,154,,,92,138,175,46,,36,11,8,229,103,368,443,292,362,,,,181,355,27,,1277,,,,273,,33,,,,,,,,26,,,148,35,5,3,,,,419,,,,,0,,,261,,,,,,,,,,,,20,,,,,,,,,,,,185,102,23,42,19,,65,183,407,60,,,351,112,,,,,,89,179,6,3,24,248,,,,50,,791,3,131,33,,,,,,,,,,,,,,,,,,,,,,,,,,,,,,,,,76,,,581,,211,223,84,,,,,,,,,,,,,,,,,135,,,,,279,150,3,67,,288,71,6,26,10,202,127,,57,35,93,,110,57,,,143,,108,,219,,,,,,,,,,,,,,,,,,,,,,,,,,,,,,,,,,,132,119,223,,12,150,71,456,19,92,284,,89,,,7,27,,118,409,,,,,,,,437,,,192,,152,88,,,,
2026-08-15T10:45:02+00:00,76,286,,,442,,,5,130,266,,87,,153,,,328,,,,,69,443,324,84,146,,,,,,647,,,,180,,144,,,127,135,,,,,,,,,,,365,,,,,,,,,170,,,121,,,,,,102,,,230,,,69,,291,48,13,98,162,100,,,,,34,121,324,238,231,322,27,,,110,359,,,,157,231,,169,732,38,412,243,,166,173,903,,,467,60,,,,,,,,,,,,,,,46,,,,,,,,,,,190,,,,,,,9,,,214,,504,,1,,65,,485,,,,,,,,,,,,,170,437,1217,328,111,147,,50,259,261,445,193,,,73,17,,89,,,,,,,,,,100,,,,,,,102,,,,,116,,,,,,31,,,,,,,,,,,,,,,330,,10,6,116,,,,21,,,,,122,,,,,,,,,,40,,,,,,,116,,94,131,178,45,,39,9,7,230,105,365,448,,,437,,,179,353,28,,1271,,,,267,,29,,,,,,,,,,,145,36,4,5,,,,420,,,,,,,,265,,,,,,,,,,,,18,,,,,,,,,,,,187,,24,41,17,,,,399,63,,,349,110,,101,,,,88,,7,1,,247,,208,,,,784,1,,32,60,286,311,,1139,264,306,98,187,,,,,,,,,,,,,,,,,,,,,,,,,110,,,,,,,,,,,111,95,,,,,,33,,,219,105,,75,106,,272,,147,2,64,1,283,65,7,27,9,199,125,13,49,34,87,,95,55,168,,139,,103,,216,,,,,,,,,,,,,,,,,,,,,,,,,,,,,,,,,,472,130,117,218,,13,145,72,455,12,86,283,,88,,,10,,,116,411,261,,,,,,,436,,,183,,149,86,,,-370,
2026-08-15T10:50:01+00:00,74,283,,,426,,,,124,262,,82,,156,,,329,,,,,70,444,320,89,137,,2,,,,,,,19,178,,146,,,,,,112,,,,,,,,,366,,,,,42,,,,169,,,115,,,,,,,,,227,,,71,256,,,,,,,,,,356,28,123,325,240,,340,28,,,109,,,,112,153,230,2,168,731,39,409,,,167,174,896,,,,58,109,26,670,107,139,464,33,81,276,,,,,,43,,,,,,,,,,87,188,,,,,,,10,,,220,,500,,10,,66,,486,,,,,,,,,,,,,,,,,,,,,,,,,2,,71,17,,75,,,,,,,,,,96,,,,,,,98,,,,,117,,,,,,30,,,,,,,,,17,,,,,,341,,8,4,118,,,,,,,,,127,,,,,,,,,,39,,,,,,,115,,,130,175,39,,42,11,,,108,364,446,295,363,430,142,,178,350,26,,1265,,,,,,,,,,,,,,,,,,,,,,,,,,,,,,,,,,,,,,,,,,,,,,,,,,,,,,,,185,100,,42,19,,,184,394,55,,,,111,,106,,,,89,,2,3,,246,165,211,,44,132,775,0,,,,,,,,,,,,,,,,,,,,,,,,,,,,,,,,,,415,77,106,6,576,,209,224,70,253,363,,,105,94,,,,,,28,,,221,,139,71,104,,268,278,146,6,61,,280,60,6,,,,,,,,,,,,,,,,,,,,,,,,,,,,,,,,,,,,,,,,,,,,,,,,,,,,,131,113,206,,12,147,,454,14,85,281,,,,121,11,26,,112,410,260,,,,,,,426,,,177,,147,84,,,,
2026-08-15T10:55:01+00:00,,282,,,424,2,,2,,264,,84,,,,,,,,,,67,,315,87,143,,0,,,,635,32,,17,,,,,,126,136,,,,,,,,,,,,,,,,40,19,,,,,,114,74,,57,,,,,,,,,73,,283,49,19,93,161,103,,192,,,,,,,,,,,,,,,,,,,,,,,,,,,,,,,,,,,,,,,,,,,,,,,,,,,,,,,,,,,,,,,,,,,,,,,,,,,,,,,,,,,,,,,,,,436,,317,,144,,48,,260,448,195,0,,64,17,,,,,,,,,,,,,,,,,,,96,,,45,,,,,,,,29,,,,,,,,,10,,,,,,345,,,5,,,,,25,,,,,,,,,,,,,,,,,,,,,155,106,191,91,124,174,43,,45,12,,233,106,365,440,297,366,427,,,,351,,,1256,,,,,,26,,,,,,,,,,,141,,5,4,,,,422,,,,,,,,258,,,,,,,,,,,,,,,,,,,,,,,,179,99,21,45,14,,64,181,,49,,35,350,102,44,107,,,,,177,1,4,22,244,163,,,45,133,770,,,,58,282,316,,,263,301,97,186,112,,,,,,,,,,,,,,,,,,,,,,416,,101,,571,,208,226,61,259,364,,,106,93,,,,,,30,,,218,106,140,,98,,,277,147,9,59,,282,58,5,,10,207,122,15,52,33,77,,90,52,167,,130,,110,,213,,,,,,,,,,,,,,,,,,,,,,,,,,,,,,,,,,,133,,199,,10,148,73,452,12,83,278,,84,,119,10,27,,105,411,259,,,,,,,419,119,,169,,148,82,,,-370,
2026-08-15T11:00:02+00:00,,280,,,419,1,,,123,,,,,,,,328,,,,,62,,,89,145,,,,,,634,,,15,,,144,,,125,,,,,,,,,,,,364,,,,,41,,,,,,,115,,,58,,,104,,,226,,,74,255,277,52,35,95,,110,,,,,21,120,323,239,232,327,30,282,,102,358,,60,111,148,220,,,,37,404,239,,163,176,899,,,,59,106,18,676,102,135,468,,84,271,,,,,,,,,,,,,,,,82,186,,,,,,,,,,219,,495,,24,,65,,485,,,,,,,,,,,,,,,,,,,,,,,,,,,59,17,,61,,,,,,,,,,94,,,,,,,95,,,46,,,,,,,,31,,,,,,,,,23,,,,,,351,,,4,117,,,,28,,,,,129,,,,,,,,,,,,,,,,154,104,,90,120,175,45,,48,10,,237,101,366,438,301,365,422,,,176,350,25,,1249,,,,264,,23,,,,,,,,,,,140,,6,3,,,,,,,,,,,,,,,,,,,,,,,,17,,,,,,,,,,,,182,100,,47,12,,,,391,47,,,351,,,106,,,,,176,0,3,21,,164,,,48,,766,,,29,56,278,318,62,,267,303,,187,110,,,,,,,,,,,,,,,,,,,,,,,,,,,,,,,,,,,,,,,,,,,,,,,,,,,,,144,14,56,0,278,52,8,26,12,,120,13,54,34,71,,,49,164,,127,,105,,210,,,,,,,,,,,,,,,,,,,,,,,,,,,,,,,,,,,135,,195,,12,147,72,451,1,72,275,,80,,117,9,25,,103,,258,,,,,,,424,,,,,147,79,,,,
2026-08-15T11:05:01+00:00,73,281,,,417,,,1,132,262,,78,,155,,,,,,,,59,,316,86,,,4,,,,628,,,,180,,146,,,,,,,,34,,,,,,,363,44,,,,42,18,,,,,,112,,233,59,,,,,,228,,,73,253,280,58,,89,162,112,,,,354,14,117,329,237,230,321,31,280,,96,359,,,112,141,,1,169,730,36,380,236,,160,173,898,,,,57,,,,,,,,,,,,,,,,,,,,,,,,,,,,,,,,,,,,,,,,,,,,,,,,,,,,,,,,,,435,1215,304,110,143,140,47,261,262,443,198,1,,52,17,,59,,,,,,,,,,93,,,,,,,98,,,,,,,,,,,30,,,,,,,,,27,,,,,,353,,5,,118,,,,30,,,,,,,,,,53,,,,,,,,,,,152,94,,89,118,170,33,,51,,,235,97,367,442,,364,421,,,173,346,24,,1242,,,,,,,,,,,,,,,,,,,,,,,,,,,,,,,,,,,,,,,,,,,,,,,,,,,,,,,,183,103,,44,4,,,179,389,58,,33,,98,43,,,,,90,,1,0,,245,163,209,,52,132,764,,128,30,,,315,,1140,,301,96,,106,,,,,,,,,,,,,,,,,,,,,,407,,102,,568,,207,223,54,258,,,,107,92,,,,,,25,,,215,,148,68,99,13,270,,136,13,54,1,280,42,1,,,,,,,,,,,,,,,,,,,,,,,,,,,,,,,,,,,,,,,,,,,,,,,,,,,,,,115,196,,16,146,74,448,-209,70,274,,74,,118,10,,,104,,259,,,,,,,421,,,166,,146,80,,,-370,
2026-08-15T11:10:02+00:00,67,282,,,416,,,,134,265,,77,,159,,,,,,,,58,,311,,144,,3,,,,630,,,11,,,145,,,,138,,111,,33,,,,,,,,,,,,41,19,,,170,,,111,,,,,,,,,238,,,,257,,,,,,,,,,355,,119,327,,229,324,32,,,97,,,,111,134,219,4,,729,34,,,,158,,897,,,,55,103,12,663,101,129,464,34,,278,,,,,,42,,,,,,,,,,87,185,,,,,,,19,,,218,,492,,27,,69,,487,,,,,,,,,,,,,,,,,,,,,,,,,0,,45,17,,63,,,,,,,,,,94,,,,,,,,,,48,,115,,,,,,31,,,,,,,,,33,,,,,,361,,,,119,,,,24,,,,,,,,,,,,,,,,,,,,,153,90,,88,115,168,25,,52,9,,236,99,368,444,302,363,422,,,,,26,,1234,,,,260,,17,,,,,,,,,,,135,33,4,2,,,,,,,,,,,,257,,,,,,,,,,,,,,,,,,,,,,,,184,100,18,43,0,148,62,177,382,48,,,350,99,,103,,,,91,172,0,1,,244,165,207,,53,133,763,,127,31,59,,307,,1136,269,297,,189,107,,,,,,,,,,,,,,,,,,,,,,400,,100,,569,,210,221,,259,363,,,106,93,,,,,,,,,216,,146,65,105,,267,275,135,15,53,0,277,36,6,27,11,205,,5,56,33,66,,80,,157,,124,,104,,213,,,,,,,,,,,,,,,,,,,,,,,,,,,,,,,,,,,134,114,186,,1,147,72,,,63,273,,71,,117,5,23,,102,409,,,,,,,,417,,,161,,143,81,,,,
2026-08-15T11:15:01+00:00,68,,,,415,,,7,138,267,,79,,158,,,,,,,,59,443,,78,149,,2,,,,624,,,12,,,149,,,,136,,110,,,,,,,,,,,,,,,,,,,,,113,77,,58,,,,,,235,,,75,,283,63,,92,,106,,,,,,,,,,,,,,,,,,,,,,,,,,,,,,,,,,,,,,,,,,,,,,,,,,,,,,537,,,,,90,187,,,,,,,16,,,217,,495,,33,,72,,485,,,,,,,,,,,,,168,432,1214,291,,149,145,,259,261,445,204,,,46,17,,54,,,,,,,,,,96,,,,,,,,,,47,,,,,,,,30,,,,,,,,,45,,,,,,360,,,,120,,,,22,,,,,,,,,,54,,,,,38,,,,,,152,76,192,86,116,,18,,,10,5,237,98,366,438,307,,,,,171,351,25,,1220,,,,257,,,,,,,,,,,,,133,31,3,,,,,,,,,,,,,260,,,,,,,,,,,,15,,,,,,,,,,,,183,,17,41,,,,175,379,44,,,,,,,,,,,171,1,,22,,,206,,52,136,761,,126,30,,,,,,,,,,,,,,,,,,,,,,,,,,,,,,,,398,78,101,,568,,209,216,53,260,,,,109,,,,,,,24,,,215,,137,61,97,,266,273,139,12,56,2,272,32,9,,,,,,,,,,,,,,,,,,,,,,,,,,,,,,,,,,,,,,,,,,,,,,,,,,,,,135,111,177,,,144,73,447,,,,,,,116,4,,,96,412,260,,,,,,,416,,,149,,146,82,,,,
2026-08-15T11:20:01+00:00,67,284,,,417,2,,5,141,266,,80,,154,,,326,,,,,,444,314,80,139,,3,,,,610,31,,,182,,151,,,,135,,107,,34,,,,,,,,,,,,42,,,,171,,,111,,,59,,,,,,232,,,74,258,,,,,,,,,,354,,118,326,239,226,321,,,,103,,,,112,138,220,2,170,728,33,373,,,159,,898,23,,,54,106,5,662,,123,463,35,86,280,,,,,,,,,,,,,,,,,,,,,,,,23,,,220,,490,,38,,74,,483,,,,,,,,,,,,,,,,,,,,,,,,,4,,41,17,,31,,,,,,,,2,,,,,,,,,99,,,,,114,,,,,,28,,,,,,,,,50,,,,,,365,,6,5,121,,,,21,,,,,128,,,,,,,,,,37,,,,,,,68,191,89,110,169,19,,46,7,,,104,364,445,,361,420,,,170,,,,1207,,,,,,,,,,,,,,,,,,,,,,,,,,,,,,,,,,,,,,,,,,,,,,,,,,,,,,,,170,99,19,40,3,,61,,368,55,,32,351,97,,,,,18,93,168,0,,20,246,164,209,,56,135,758,1,123,29,62,277,312,,,270,299,95,190,108,,,,,,,,,,,,,,,,,,,,,,396,,102,,569,,,217,49,,365,,,111,94,,,,,,25,,,220,105,138,63,96,,268,271,138,22,54,,260,28,4,26,15,,117,6,50,30,63,,74,51,156,,115,,95,,,0,,,,,,,,,,,,,,,,,,,,,,,,,,,,,,,,,473,133,110,171,,-384,,,445,,50,273,,70,,,3,18,,93,414,258,,,,,,,406,,,142,,143,83,,,,
2026-08-15T11:25:02+00:00,71,,,,415,,,4,136,263,,84,,155,,,322,,,,,60,448,310,85,142,,5,,,,612,,,13,183,,153,,,128,132,,106,,,,,,,,,362,,,,,43,18,,,172,,,,,,58,,,,,,,,,73,262,276,66,39,96,159,117,,,,,15,114,321,233,227,314,30,278,,85,358,1,,,133,211,,,724,37,362,235,,154,175,897,24,,466,53,,,,,,,,,,,,,,,43,,,,,536,,,,,94,182,,,,,,,,,,,,,,,,,,,,,,,,,,,,,,,,434,1215,289,,,151,48,,260,,201,3,,40,17,,20,,,,,,,,5,,95,,,,,,,,,,48,,115,,,,,,26,,,,,,,,,49,,,,,,369,,,4,,,,,22,,,,,131,,,,,,,,,,36,,,,,,155,64,190,,106,,20,,50,10,,239,98,362,449,308,360,425,141,,171,355,26,,1185,,,,252,,13,,,,,,,,,,,135,28,5,3,,,,420,,,,,,,,259,,,,,,,,,,,,,,,,,,,,,,,,168,97,18,39,5,147,,174,366,,,,,98,,101,,,,,,,,19,248,,207,,57,,,2,,30,,276,317,61,1137,264,302,94,,109,,,,,,,,,,,,,,,,,,,,,,397,80,104,,562,,207,216,58,,364,,,,100,,,,,,23,,,219,104,,62,99,,,272,137,28,55,6,261,22,6,25,14,199,115,5,54,28,68,,71,54,154,,117,,88,,210,,,,,,,,,,,,,,,,,,,,,,,,,,,,,,,,,,,,108,166,,,143,70,444,,45,276,,66,,113,-230,17,,91,412,260,,,,,,,400,,,134,,135,82,,,,
2026-08-15T11:30:01+00:00,68,,,,413,4,,1,139,262,,,,153,,,319,,,,,59,446,313,93,147,,4,,,,604,32,,16,187,,150,,,130,134,,107,,,,,,,,,,,,,,,,,,,,,115,,,57,,,,,,234,,,79,264,,,,,,,,,,,14,117,320,231,,312,26,,,84,,,59,,136,212,1,,725,42,348,233,,156,177,895,,,,54,104,8,659,98,124,465,36,89,287,,,,,,44,,,,,537,,,,,,184,,,,,,,9,,,225,,492,,49,,72,,,,,,,,,,,,,,,,,,,,,,,,,,,0,,32,17,,11,,,,,,,,8,,90,,,,,,,98,,,,,116,,,,,,28,,,,,,,,,55,,,,,,374,,7,3,122,,,,20,,,,,130,,,,,,,,,,,,,,,,,62,193,86,96,168,23,,51,9,,241,100,365,446,311,,421,,,,352,27,,1163,,,,,,,,,,,,,,,,,,,,,,,,,,,,,,,,,,,,,,,,,,,,,,,,,,,,,,,,166,95,17,41,3,,,169,,54,,,,100,44,105,,,,94,169,,6,,,163,204,,58,133,757,1,,28,61,275,313,60,1138,259,305,91,,106,,,,,,,,,,,,,,,,,,,,,,,,,,,,,,,,,,,,,,,,,,,,,,,,,,,,,139,32,57,2,255,23,9,,,,,,,,,,,,,,,,,,,,,,,,,,,,,,,,,,,,,,,,,,,,,,,,,,,,,134,107,159,,2,141,,438,,,,,61,,111,,,,,411,255,,,,,,,,,,126,,134,,,,,
2026-08-15T11:35:02+00:00,67,285,,,419,,,3,138,263,,90,,149,,,,,,,,62,449,316,96,138,,0,,,,601,29,,17,186,,151,,,131,135,,,,33,,,,,,,363,,,,,,,,,173,,,117,,234,,,,,,,,,,,265,277,61,43,98,158,116,,193,,,12,110,,230,,306,27,,,80,359,,58,111,131,211,,169,,,342,232,,155,181,898,,,,52,,,,,,,,,,,,,,,46,,,,,,,,,,,,,,,,,,,,,,,,,,,,,,,,,,,,,,,,,,,430,1217,284,111,,155,,,,,203,,,29,17,,7,,,,,,,,13,,,,,,,,,99,,,,,,,,,,,,,,,,,,,,73,,,,,,380,,9,5,123,,,,18,,,,,,,,,,,,,,,,,,,,,154,51,171,,99,172,17,,59,6,,246,97,,444,,364,429,,,,351,23,,1144,,,,246,,12,,,,,,,,,,,134,33,6,6,,,,,,,,,,,,,,,,,,,,,,,,16,,,,,,,,,,,,160,94,,42,1,146,59,166,365,56,,,349,99,,106,,,,,168,,1,21,251,,206,,57,134,760,,,29,62,,314,,1137,256,306,,,109,,,,,,,,,,,,,,,,,,,,,,390,79,94,5,567,,209,215,50,258,366,,,112,,,,,,,20,,,226,105,130,64,89,,266,271,144,31,55,4,262,26,,23,18,196,114,8,52,26,,,,57,158,,,,94,,211,,,,,,,,,,,,,,,,,,,,,,,,,,,,,,,,,,472,132,102,147,,4,138,68,439,,,,,58,,,1,,,90,407,252,,,,,,,394,,,115,,133,81,,,-370,
2026-08-15T11:40:02+00:00,70,283,,155,422,1,,,136,,,93,,148,,,312,,,,,,448,317,98,,,8,,,1,602,31,,15,185,,148,,,133,,,,,32,,,,,,,,,,,,41,,,,172,,,120,,233,,,,,,,233,,,80,267,,,,,,,,,,,,,,,,,,,,,,,,,,,,,,,,,,,,,,,,,,7,655,101,120,462,34,90,291,,,,,,39,,,,,,,,,,95,185,,,,,,,11,,,219,,498,,60,,75,,484,,,,,,,,,,,,,,,,,,,,,,,,,1,,20,17,,19,,,,,,,,14,,,,,,,,,98,,,46,,,,,,,,29,,,,,,,,,77,,,,,,379,,10,6,124,,,,17,,,,,,,,,,,,,,,34,,,,,,,47,175,87,95,171,22,,56,,,249,101,367,452,312,365,424,,,170,347,24,,1130,,,,,,,,,,,,,,,,,,,,,,,,,,,,,,,,,,,,,,,,,,,,,,,,,,,,,,,,154,97,14,45,,145,60,164,356,58,,30,351,,,108,,,,96,167,1,2,,256,165,205,,55,135,763,0,,28,66,274,310,58,1136,247,303,,189,118,,,,,,,,,,,,,,,,,,,,,,,,,,,,,,,,,,,,,,,,,,,,,,,,,,,,,153,21,56,5,259,25,5,,,,115,10,53,23,60,,75,53,154,,116,,91,,210,,,,,,,,,,,,,,,,,,,,,,,,,,,,,,,,,,,133,99,136,,1,135,67,437,,,,,49,,109,-230,,,,406,250,,,,,,,381,,,111,,134,80,,,,
2026-08-15T11:45:01+00:00,69,281,,,414,,,1,135,259,,94,,145,,,310,,,,,58,446,,,140,,9,,,,599,,,17,186,,145,,,131,133,,,,31,,,,,,,,45,,,,40,,,,,,,121,78,,58,,,,,,,,,,,271,57,49,90,156,122,,,,,11,109,318,226,228,296,26,,,76,,,,,128,209,5,168,,39,,234,,153,182,894,,,,,,,,,,,,,,,,,,,38,,,,,,,,,,91,186,,,,,,,,,,,,,,,,,,,,,,,,,,,,,,,167,429,1216,273,110,147,156,,260,258,450,202,0,,15,16,,24,,,,,,,,12,,93,,,,,,,97,,,49,,,,,,,,,,,,,,,,,71,,,,,,380,,9,,126,,,,20,,,,,129,,,,,,,,,,,,,,,,,42,177,86,93,164,26,,63,,4,248,99,370,456,313,,,,,,348,23,,1118,,,,238,,9,,,,,,,,,,,133,36,4,9,,,,417,,,,,,,,,,,,,,,,,,,,17,,,,,,,,,,,,152,98,15,46,,,,,352,60,,,349,97,,106,,,,,166,11,3,22,258,164,206,,,,765,1,124,29,,,,,,,,,,,,,,,,,,,,,,,,,,,,,,,,394,,89,,,,,217,58,259,,,,109,,,,,,,21,,,224,104,129,62,90,12,268,273,152,11,54,0,265,23,7,,,,,2,48,22,59,,78,51,153,,117,,,,211,,,,,,,,,,,,,,,,,,,,,,,,,,,,,,,,,,,132,95,130,,7,122,68,,-209,35,275,,46,,110,1,11,,86,404,249,,,,,,,378,120,,100,,129,77,,,-370,
2026-08-15T11:50:02+00:00,65,,,,411,,,,134,258,,99,,143,,,308,,,,,62,444,,96,146,,,,,2,597,,,15,185,,144,,,132,,,106,,,,,,,,,,,,,,41,19,,,170,,,120,79,234,59,,,,,,234,,,79,,,,,,,,,,,,20,,316,230,,284,31,277,,75,360,,,112,131,208,,,726,40,347,229,,150,181,892,,,465,48,108,6,654,100,,457,,93,295,,,,,,,,,,,,,,,,,,,,,,,,,,,214,,,,61,,73,,485,,,,,,,,,,,,,,,,,,,,,,,,,,,3,16,,22,,,,,,,,13,,94,,,,,,,98,,,48,,117,,,,,,32,,,,,,,,,75,,,,,,387,,,,,,,,,,,,,,,,,,,,,,,32,,,,,,152,,180,,,165,24,,70,7,3,252,102,369,450,,368,429,,,171,346,22,,1101,,,,239,,7,,,,,,,,,,,131,33,5,7,,,,416,,,,,,,,,,,,,,,,,,,,,,,,,,,,,,,,156,96,14,51,0,,58,163,351,59,,,,101,,107,,,,95,165,13,8,24,264,,204,,51,133,769,2,,30,65,,,,1139,253,305,90,191,,,,,,,,,,,,,,,,,,,,,,,389,78,83,,571,,208,212,48,258,367,,,114,98,,,,,,25,,,,105,132,61,,15,262,,150,19,55,,274,25,10,24,13,195,113,0,,21,,,75,,154,,118,,88,,214,,,,,,,,,,,,,,,,,,,,,,,,,,,,,,,,,,,,93,119,,5,120,,439,,32,274,,48,,107,-230,8,,84,401,248,,,,,,,376,,,102,,131,76,,,,
2026-08-15T11:55:02+00:00,67,,,,,2,,4,129,,,95,,145,,,,,,,,65,442,320,91,153,,8,,,3,603,,,,184,,,,37,131,134,,107,,30,,,,,,,358,,,,,40,,,,,,,123,,233,60,,,,,,232,,,81,,266,73,52,88,160,130,,195,,,,106,311,229,,283,,276,,77,361,,,,135,204,,,725,,324,230,,149,175,890,,,,46,,,,,,,,,,,,,,,36,,,,,,,,,,92,190,,,,,,,18,,,213,,501,,62,,69,,486,,,,,,,,,,,,,166,425,1215,255,109,146,160,,,257,,204,,,6,16,,26,,,,,,,,10,,95,,,,,,,,,,,,116,,,,,,31,,,,,,,,,82,,,,,,392,,,5,125,,,,23,,,,,130,,,,,51,,,,,33,,,,,,150,37,185,,88,,20,,80,5,1,255,114,368,453,314,,434,,,174,349,18,,1084,,,,237,,6,,,,,,,,,,,126,35,3,4,,,,423,,,,,,,,253,,,,,,,,,,,,21,,,,,,,,,,,,159,94,,50,,,,165,,62,,,,103,,111,,,,,164,14,,23,268,161,205,,52,,773,0,125,,67,275,309,57,1134,256,299,91,190,117,,,,,,,,,,,,,,,,,,,,,,,,86,,569,,207,215,46,255,366,,,113,96,,,,,,24,,,225,106,137,59,86,16,264,274,153,15,50,,262,21,6,,,,,,,,,,,,,,,,,,,,,,,,,,,,,,,,,,,,,,,,,,,,,,,,,,,,469,131,,112,,8,116,67,,,28,275,,44,,106,,,,81,399,249,,,,,,,377,,,104,,,73,,,,
2026-08-15T12:00:02+00:00,71,280,,,407,,,5,133,256,,89,,142,,,309,,,,,,440,321,96,164,,7,,,4,601,,,13,183,,,,,130,133,,106,,31,,,,,,,,,,,,41,18,,,,,,,80,,59,,,103,,,,,,,,,,,,,,,,,,22,104,,230,225,286,,277,,70,359,1,,,133,209,3,,,37,,231,,148,177,882,,,,47,,15,640,103,110,462,,90,291,,,,,,,,,,,,,,,,,,,,,,,,,,,,,,,,,,,,,,,,,,,,,,,,,,,,,,,,,,,,4,,4,16,,19,,,,,,,,12,,,,,,,,,96,,,50,,,,,,,,,,,,,,,,,88,,,,,,388,,,7,124,,,,,,,,,128,,,,,,,,,,35,,,,,,146,29,187,83,82,164,16,,83,9,,,112,367,,317,369,438,,,170,,20,,1072,,,,234,,3,,,,,,,,,,,129,32,4,3,,,,,,,,,,,,251,,,,,,,,,,,,22,,,,,,,,,,,,158,92,15,55,7,,60,163,347,60,,29,347,97,,114,,,,96,161,1,10,22,272,163,204,,50,132,791,2,126,31,,,314,56,1136,257,292,93,,,,,,,,,,,,,,,,,,,,,,,,,,,,,,,,,,,,,,,,,,,,,,,,,,,,,,,148,16,49,,266,19,8,23,14,193,108,,45,19,65,,71,57,153,,116,,84,,218,,,,,,,,,,,,,,,,,,,,,,,,,,,,,,,,,,,132,89,103,,2,106,,,,24,276,,42,,107,,5,,80,400,252,,,,,,,373,,,101,,130,74,,,,
2026-08-15T12:05:01+00:00,70,279,,,402,,,6,131,,,98,,139,,,310,,,,,,,323,90,167,,6,,,6,604,,,12,182,,142,,,127,131,,,,,,,,,,,360,,,,,40,16,,,,,,121,,,60,,,104,,,234,,,,,269,64,55,90,,127,,,,355,14,106,304,227,,285,33,275,,,360,,,113,131,204,,,,35,318,229,,,182,874,,,,,,,,,,,,,,,,,,,30,,,,,538,,,,,94,194,,,,,,,15,,,211,,494,,82,,76,,481,,,,,,,,,,,,,165,422,1217,249,108,147,164,,259,255,,207,0,,7,16,,24,,,,,,,,14,,,,,,,,,97,,,49,,117,,,,,,33,,,,,,,,,100,,,,,,387,,,,125,,,,31,,,,,,,,,,50,,,,,38,,,,,,,23,,82,83,166,26,,89,6,,258,119,,,316,372,,,,171,,21,,1055,,,,236,,6,,,,,,,,,,,128,,,2,,,,424,,,,,,,,,,,,,,,,,,,,23,,,,,,,,,,,,160,91,,53,8,,59,,,61,,,352,102,46,116,,,,,160,0,12,20,275,158,206,,48,134,795,3,124,30,,,312,,1133,261,290,95,,121,,,,,,,,,,,,,,,,,,,,,,390,79,88,,567,,208,,41,256,364,,,,,,,,,,23,,,,,147,57,,24,265,273,144,20,44,,271,,6,22,10,191,99,8,40,,,,69,60,154,,115,,93,,213,,,,,,,,,,,,,,,,,,,,,,,,,,,,,,,,,,468,130,90,97,,8,104,,436,,,,,,,,,,,81,402,,,,,,,,372,,,94,,128,70,,,-370,
2026-08-15T12:10:01+00:00,68,281,,,398,,,12,134,257,,100,,148,,,,,,,,62,441,327,,,,,,,,,,,,,,,,,,,,,,,,,,,,,,,,,,,,,,,,,,,,,,,,,,,,,,,,,,,,,,,,,,,,,,,,,,,,,,,,,,,,,,,,,,,,,,,,,,,,,,,,,,,,,,,,,,,,,,,,,,,,,,,,,,,,,,,,,,,,,,,,,,,,,,,,,,,,,,,,,,,,,,,,,,,,,,,,,,,,,,,,,,,,,,,,,,,,,,,,,,,,,,,,,,,,,,,,,,,,,,,,,,,,,,,,,,,,,,,,,,,,,,,,,,,262,,364,462,318,374,442,,,,,20,,1054,,,,,,,,,,,,,,,,,,,,,,,,,,,,,,,,,,,,,,,,,,,,,,,,,,,,,,,,,,,,,,,,,,,,,,,,,,,,,,,,,,,,,,,,,,,,,,,,,,,,,,,,,,,,,,,,,,,,,,,,,385,77,97,,564,,206,214,28,255,,,,111,92,,,,,,21,,,227,107,152,49,69,35,263,271,,,,,,,,,,,,,,,,,,,,,,,,,,,,,,,,,,,,,,,,,,,,,,,,,,,,,,,,,,,,,,,,,,,,,,,,,,,,,,,,,,,,,,,,,,,,,,,,,
2026-08-15T12:10:02+00:00,,,,,,,,,,,,,,,,,,,,,,,,,98,170,,12,,,7,618,32,,11,,,147,,,129,130,,107,,32,,,,,,,,46,,,,42,18,,,,,,,79,234,59,,,,,,237,,,79,264,,,,,,,,,,,,,,,,,,,,,,,,,,,,,,,,,,,,,,,,,107,10,648,102,117,463,39,88,,,,,,,22,,,,,,,,,,99,195,,,,,,,18,,,213,,488,,88,,75,,483,,,,,,,,,,,,,,,,,,,,,,,,,2,,10,16,,19,,,,,,,,20,,99,,,,,,,95,,,47,,,,,,,,,,,,,,,,,114,,,,,,386,,8,10,126,,,,27,,,,,120,,,,,52,,,,,39,,,,,,142,30,189,,85,168,22,,97,9,,,,,,,,,,,,,,,,,,,,,,,,,,,,,,,,,,,,,,,,,,,,,,,,,,,,,,,,,,,,,,,,,,,,,,,154,92,,54,7,,61,164,343,55,,,354,,,,,,,95,161,6,13,19,276,157,202,,46,135,797,,125,33,64,277,311,,1130,262,294,96,,122,,,,,,,,,,,,,,,,,,,,,,,,,,,,,,,,,,,,,,,,,,,,,,,,,,,,,,28,48,1,272,18,7,,,,,,,,,,,,,,,,,,,,,,,,,,,,,,,,,,,,,,,,,,,,,,,,,,,,,128,88,87,,7,109,,,,28,269,,39,,101,,7,,79,,,,,,,,,373,,,90,,125,69,,,,
2026-08-15T12:15:01+00:00,66,,,,396,,,6,140,256,,94,,,,,,,,,,,442,328,106,173,,13,,,,622,,,,183,,,,,128,,,,,31,,,,,,,357,,,,,40,19,,,168,,,,80,,60,,,103,,,238,,,77,,266,76,,92,162,124,,,,,9,,,,229,281,38,,,73,,,,,127,206,,,727,,309,227,,147,,869,,,,49,,,,,,,,,,,,,,,,,,,,,,,,,,,,,,,,,17,,,210,,491,,101,,73,,,,,,,,,,,,,,,,,,,,,,,,,,,,,,,,,,,,,,,,,,,,,,,,,,,,,,,,,,,,,,,,,,,,,,,,,,,,,,,,,,,,,,,,,,,,,,,,,,,,,,,,,,,,,,,,,,,,118,,460,319,372,445,,,,352,21,,1051,,,,,,,,,,,,,,,,,,,,,,,,,,,,,,,,,,,,,,,,,,,,,,,,,,,,,,,,,,,,,,,,,,,,,,,,,,,,,,,,,,,,,,,,,,,,,,,,,,,,,,,,,,,,,,,,,,,,,,,,,,,,,,,,,,,,,,,,,,,,,,,,,,,,,,,,,,,,,,,,,,,,,,,,,,,,,,,,,,,,,,,,,,,,,,,,,,,,,,,,,,,,,,,,,,467,123,86,86,,4,104,68,430,,20,267,,38,,99,,12,,78,401,253,,,,,,,371,,,84,,,71,,,,
2026-08-15T12:15:02+00:00,,,,,,,,,,,,,,,,,,,,,,,,,,,,,,,,,,,,,,,,,,,,,,,,,,,,,,,,,,,,,,,,,,,,,,,,,,,,,,,,,,,,,,,,,,,,,,,,,,,,,,,,,,,,,,,,,,,,,,,,,,,,,,,,,,,,,,,,,,,,,,,,,,,,,,,,,,,,,,,,,,,,,,,,,,,,,,,,419,1212,242,106,150,165,49,258,,449,206,0,,14,16,,15,,,,,,,,21,,100,,,,,,,94,,,48,,,,,,,,31,,,,,,,,,126,,,,,,,,,12,,,,,29,,,,,122,,,,,,,,,,42,,,,,,138,29,194,81,80,,,,102,6,2,,,,,,,,,,,,,,,,,,232,,,,,,,,,,,,,131,31,3,3,,,,431,,,,,,,,255,,,,,,,,,,,,26,,,,,,,,,,,,150,89,,,,,,165,337,65,,27,352,,,123,,,,,160,3,17,,,151,,,43,,807,,,32,,,,,,,,,,,,,,,,,,,,,,,,,,,,,,,,,,,,,,,,,,,,,,,,,,,,,,,,,,,,,,,145,34,,,283,13,10,21,,187,92,,,22,63,,72,57,155,,,,88,,215,,,,,,,,,,,,,,,,,,,,,,,,,,,,,,,,,,,,,,,,,,,,,,,,,,,,,,,,,,,,,,,,,,,,,,,,
2026-08-15T12:20:02+00:00,67,278,,,393,,,10,135,,,93,,151,,,308,,,,,67,441,332,109,172,,15,,,8,625,,,10,186,,148,,,127,129,,,,,,,,,,,,,,,,,,,,,,,124,,,59,,,,,,244,,,,266,,,,,,,,,,,,,,,,,,,,,,,,,,,,,,,,,,,,,,,,,105,9,636,109,123,459,43,89,295,,,,,,25,,,,,,,,,,103,,,,,,,,,,,,,,,,,,,,,,,,,,,,,,,,,,,,,,,,,,,,,,13,16,,12,,,,,,,,22,,102,,,,,,,93,,,,,,,,,,,32,,,,,,,,,121,,,,,,384,,,14,,,,,35,,,,,118,,,,,51,,,,,,,,,,,137,28,196,80,81,,29,,108,8,,,119,361,453,320,,444,142,,174,349,,,1050,,,,235,,,,,,,,,,,,,129,28,5,2,,,,433,,,,,,,,252,,,,,,,,,,,,,,,,,,,,,,,,149,87,17,57,4,,,167,329,70,,,353,103,,121,,,,94,158,11,24,22,279,145,201,,42,134,814,4,124,31,67,275,312,53,1121,267,,94,,124,,,,,,,,,,,,,,,,,,,,,,382,78,93,4,562,,203,215,,258,365,,,112,93,,,,,,24,,,228,106,159,51,59,45,267,268,154,31,,,278,,11,22,9,186,,5,,23,64,,67,56,152,,,,78,,210,,,,,,,,,,,,,,,,,,,,,,,,,,,,,,,,,,466,126,87,80,,1,107,65,427,,16,266,,36,,,,10,,77,398,251,,,,,,,368,,,77,,124,70,,,,
2026-08-15T12:25:01+00:00,64,,,,397,,,13,,258,,95,,160,,,305,,,,,66,,337,110,177,,6,,,11,628,,,12,188,,144,,,128,128,,106,,32,,,,,,,358,,,,,,,,,,,,,,233,60,,,,,,240,,,75,,260,72,61,,163,115,,,,,7,101,297,219,,276,41,273,,90,,,,111,129,216,1,,728,37,295,205,,146,179,,,,,47,,,,,,,,,,,,,,,,,,,,,,,,,,,,,,,,,20,,,212,,490,,102,,72,,484,,,,,,,,,,,,,,415,1216,235,,151,169,50,260,257,453,,,,12,16,,17,,,,,,,,24,,,,,,,,,96,,,,,119,,,,,,35,,,,,,,,,134,,,,,,391,,,,,,,,,,,,,117,,,,,,,,,,41,,,,,,136,13,195,82,78,,25,,116,,,264,,363,449,322,373,,,,175,,24,,1051,,,,,,,,,,,,,,,,,,,,,,,,,,,,,,,,,,,,,,,,,,,,,,,,,,,,,,,,145,,,,2,,,,,67,,,354,104,,,,,,,,12,26,20,278,,202,,41,133,818,2,,,,,,,,,,,,,,,,,,,,,,,,,,,,,,,,,,,,,,568,,201,,,256,,,,,,,,,,,,,,,,,,,,,264,152,46,,2,282,11,8,23,11,,91,4,,24,67,,69,54,,,119,,75,,,,,,,,,,,,,,,,,,,,,,,,,,,,,,,,,,,,463,,86,79,,,104,63,424,,17,265,,35,,100,,9,,,400,250,,,,,,,369,,,76,,122,,,,,
2026-08-15T12:30:01+00:00,,277,,156,398,,,15,136,260,,102,250,163,,,301,,,,,,,339,107,184,,,,,12,626,,,10,187,,147,,,129,,,,,,,,,,,,,,,,,41,,,,,,,,,,,,,,,,245,,,73,264,,,,,,,,,,,,,,,,,,,,,,,,,,,,,,,,,,,,,,,,,,,,,,,,,,,,,,,19,,,,,537,,,,,100,197,,,,,,,,,,,,,,,,,,,,,,,,,,,,,,,,,,,,,,,,,,,,,5,16,,29,,,,,,,,28,,105,,,,,,,97,,,51,,,,,,,,37,,,,,,,,,141,,,,,,388,,4,,127,,,,36,,,,,115,,,,,,,,,,40,,,,,,134,,,,82,167,22,,118,12,,265,121,,458,,374,439,,,177,347,23,,1056,,,,234,,3,,,,,,,,,,,134,27,4,3,,,,437,,,,,,,,253,,,,,,,,,,,,29,,,,,,,,,,,,142,86,,55,0,,60,161,332,66,37,,355,108,,128,,,,,157,2,30,19,277,138,199,,38,128,824,3,,,63,274,315,,1118,269,297,93,,125,,,,,,,,,,,,,,,,,,,,,,372,77,91,,,,,210,,,364,,,117,92,,,,,,25,,,226,107,,,66,44,268,,153,53,49,1,289,13,10,22,,189,93,,43,26,65,,71,53,149,,,,68,,208,,,,,,,,,,,,,,,,,,,,,,,,,,,,,,,,,,,127,,76,,-384,102,62,420,,5,266,,,,99,,,,78,,251,,,,,,,374,,,82,,127,,,,-370,
2026-08-15T12:35:01+00:00,63,275,57,,396,,,9,131,261,,106,,167,,,303,,,,,68,443,341,111,183,,7,,,14,635,,,,188,,,,,,,,,,,,,,,,,,47,,,,,,,,170,,,123,79,232,59,,,,,,,,,72,265,259,68,67,87,162,113,,,,354,8,94,293,217,230,275,36,,,87,,1,57,112,134,224,,,,39,291,207,,147,170,871,,,,46,,,,,,,,,,,,,,,,,,,,,,,,,,,,,,,,,21,,,208,,492,,120,,73,,487,,,,,,,,,,,,,,410,1215,221,105,153,172,,,,450,,,,,,,,,,,,,,,,,,,,,,,,,,,,,,,,,,,,,,,,,,,,142,,,,,,387,,,16,126,,,,40,,,,,,,,,,52,,,,,43,,,,,,,,,,,,,,,,,266,119,,459,324,376,438,,,178,346,28,,1058,,,,,,,,,,,,,,,,,,,,,,,,,,,,,,,,,,,,,,,,,,,,,,,,,,,,,,,,,,,,,,,,,,,,,,,,,,,,,,,,,,,,,,,,,,,,,,,,,,,,,,,,,,,,,,,,,,,,,,,,,376,75,93,,578,,202,211,,262,366,,,126,,,,,,,21,,,227,,158,55,69,46,266,259,,,,,,,,,,,,,,,,,,,,,,,,,,,,,,,,,,,,,,,,,,,,,,,,,,,,,,,,,,,,126,87,66,,1,104,60,410,,7,262,,44,,102,,10,,,399,249,,,,,,,373,,,84,,128,67,,,,
2026-08-15T12:35:02+00:00,,,,,,,,,,,,,,,,,,,,,,,,,,,,,,,,,,,,,,,,,,,,,,,,,,,,,,,,,,,,,,,,,,,,,,,,,,,,,,,,,,,,,,,,,,,,,,,,,,,,,,,,,,,,,,,,,,,,,,,,,,,,,,,,,,,,,,,,,,,,,,,,,,,,,,,,,,,,,,,,,,,,,,,,,,,,,,,,,,,,,,,,,,,,,6,16,,24,,,,,,,,25,,106,,,,,,,98,,,,,118,,,,,,,,,,,,,,,,,,,,,,,,,,,,,,,,,,,,,,,,,,,,,,,,,,131,5,194,83,,173,17,,117,13,3,,,,,,,,,,,,,,,,,,232,,5,,,,,,,,,,,133,26,,5,,,,434,,,,,,,,255,,,,,,,,,,,,31,,,,,,,,,,,,138,,16,58,4,,,158,324,79,,,356,111,,129,,,,95,,1,31,18,,136,203,,37,130,827,2,126,,61,277,321,55,1119,270,293,96,,128,,,,,,,,,,,,,,,,,,,,,,,,,,,,,,,,,,,,,,,,,,,,,,,,,,,,,157,67,52,4,292,17,9,,,187,94,14,37,,66,,,52,,,118,,69,,206,,,,,,,,,,,,,,,,,,,,,,,,,,,,,,,,,,,,,,,,,,,,,,,,,,,,,,,,,,,,,,,,,,,,,,,,
2026-08-15T12:40:02+00:00,,269,,,389,,,15,128,265,,,,165,,,301,,,,,76,,339,113,185,,6,,,19,624,31,,6,185,,148,,,,127,,,,,,,,,,,,,,,,,,,,,,,,80,,60,,,102,,,238,,,74,263,254,,65,88,,116,,,,355,6,93,292,216,232,274,38,,,86,,,,111,131,228,,169,,44,284,209,,142,185,865,,,,47,107,,648,110,122,463,44,85,290,,,,,,28,,,,,,,,,,,195,,,,,,,28,,,209,,490,,132,,75,,488,,,,,,,,,,,,,,,,,,,,,,,,,,,3,16,,29,,,,,,,,26,,105,,,,,,,,,,,,,,,,,,36,,,,,,,,,137,,,,,,,,5,,127,,,,47,,,,,116,,,,,,,,,,,,,,,,129,15,,82,83,174,29,,118,8,5,270,128,369,463,326,377,437,,,182,343,31,,1060,,,,242,,4,,,,,,,,,,,141,32,,7,,,,446,,,,,,,,247,,,,,,,,,,,,27,,,,,,,,,,,,130,,,57,6,146,61,154,330,75,,24,351,110,,130,,,,,,2,36,16,,134,205,,35,,832,0,,33,58,281,319,56,1127,277,,97,,130,,,,,,,,,,,,,,,,,,,,,,,,,,575,,201,,,264,,,,,,,,,,,,,,,,,,,,,257,,71,54,1,299,15,5,,,,,,,,,,,,,,,,,,,,,,,,,,,,,,,,,,,,,,,,,,,,,,,,,,,,464,,86,63,,2,107,,409,,2,,,45,,100,,,,76,400,247,,,,,,,371,,,81,,127,65,,,,
2026-08-15T12:45:02+00:00,68,270,,,390,,,,126,267,,103,,170,,,,,,,,80,445,344,110,184,,0,,,,625,,,5,184,,145,,,130,,,105,,,,,,,,,,,,,,43,,,,171,,,122,,,,,,101,,,237,,,,264,,,,,,,,,,,,,,,,,,,,,,,,,,,,,,,,,,,,,,,,,,,,,,,,,,,,,,,,,,,,,,,,,,,,,,,,,,,,,,,,,,,,,,,,,,,,,,,,,,409,1212,205,,,176,,,259,447,208,,,8,15,,26,,,,,,,,29,,103,,,,,,,97,,,,,,,,,,,,,,,,,,,,140,,,,,,390,,6,17,128,,,,49,,,,,115,,,,,51,,,,,,,,,,,124,13,195,85,80,,30,,115,,,274,137,370,472,,379,433,143,,187,344,28,,,,,,,,5,,,,,,,,,,,139,31,5,5,,,,447,,,,,,,,246,,,,,,,,,,,,28,,,,,,,,,,,,127,89,18,60,7,150,,152,335,76,,,,109,45,135,,,,,158,8,32,14,278,131,,,34,,835,,,34,,,,,,,,,,,,,,,,,,,,,,,,,,,,,,,,,,,,,,,210,,,369,,,124,93,,,,,,24,,,228,106,,51,66,51,269,,162,56,62,0,303,19,6,19,,192,98,17,34,25,63,,73,51,148,,113,,72,,205,,,,,,,,,,,,,,,,,,,,,,,,,,,,,,,,,,,125,79,53,,-384,103,56,,,-293,259,,44,,99,,4,,74,398,248,,,,,,,374,,,68,,128,67,,,,
2026-08-15T12:50:01+00:00,67,268,,,394,,,,119,270,,,,177,,,299,,,,,,446,,114,189,,4,,,21,632,,,1,186,,144,,,,,,,,,,,,,,,355,,,,,41,,,,,,,120,,,59,,,102,,,234,,,76,262,,71,71,87,166,,,,,354,,89,291,214,,269,37,,,70,362,,,,128,232,,,,,276,,,141,182,858,,,,46,,7,,102,117,464,,,289,,,,,,22,,,,,,,,,,101,200,,,,,,,30,,,212,,486,,138,,73,,486,,,,,,,,,,,,,,,,,,,,,,,,,10,,5,16,,29,,,,,,,,30,,102,,,,,,,96,,,,,,,,,,,35,,,,,,,,,133,,,,,,401,,5,14,130,,,,54,,,,,114,,,,,,,,,,42,,,,,,,14,192,84,79,175,26,,118,13,,272,140,368,465,,380,437,,,188,342,27,,1059,,,,,,,,,,,,,,,,,,,,,,,,,,,,,,,,,,,,,,,,,,,,,,,,,,,,,,,,131,,17,58,,,,148,334,87,36,,350,108,,132,,,,,,3,36,,,125,203,,33,128,,,124,35,,282,318,57,1126,276,295,98,,129,,,,,,,,,,,,,,,,,,,,,,369,74,96,,572,,205,209,,265,,,,129,89,,,,,,21,,,233,,159,45,77,61,257,254,163,,67,2,312,,5,,,,,,,,,,,,,,,,,,,,,,,,,,,,,,,,,,,,,,,,,,,,,,,,,,,,,124,78,40,,,96,,411,,,260,,45,,96,,,,76,395,247,,,,,,,371,,,51,,126,66,,,,
2026-08-15T12:55:02+00:00,71,,,,391,,,16,113,268,,105,,180,,,294,,,,,82,448,340,113,198,,3,,,22,630,30,,,188,,147,,,129,128,,106,,,,,,,,,,,,,,42,,,,172,,,117,81,,58,,,,,,236,,,73,261,260,65,77,98,,115,,,,,,91,288,213,230,275,33,,,,361,,55,112,131,246,1,,,45,275,210,,144,183,852,,15,,52,,,,,,,,,,,,,,,,,,,,,,,,,,,,,,,,,,,,,,,,,,,,,,,,,,,,,,,,,162,405,,192,,155,180,,259,,448,,5,,10,16,,21,,,,,,,,34,,104,,,,,,,95,,,,,,,,,,,,,,,,,,,,139,,,,,,404,,,15,,,,,52,,,,,115,,,,,,,,,,41,,,,,,121,23,195,,82,178,29,,115,11,4,267,142,370,470,325,,436,144,,186,341,31,,1058,,,,244,,4,,,,,,,,,,,147,33,7,,,,,448,,,,,,,,,,,,,,,,,,,,24,,,,,,,,,,,,,,15,62,3,,60,151,337,89,,,351,104,,134,,,,,155,4,,15,280,119,202,,,129,840,,,36,67,280,320,,1128,279,291,,189,,,,,,,,,,,,,,,,,,,,,,,,,,,569,,206,,,266,,,,,,,,,,,,,,,,,,,,,256,160,63,66,3,317,,8,,12,197,95,20,32,26,67,,74,55,141,,116,,80,,209,,,,,,,,,,,,,,,,,,,,,,,,,,,,,,,,,,,123,,39,,3,94,54,,,5,261,,43,,98,,3,,72,394,248,,,,,,,,,,47,,,67,,,-370,
2026-08-15T13:00:02+00:00,70,266,,,398,1,,19,112,266,,,,183,,,293,,,,,,449,341,,197,,5,,,23,635,,,0,186,,140,,,,,,104,,31,,,,,,,353,,,,,,,,,,,,118,80,231,61,,,,,,234,,,72,,,,,,,,,,,,,,,,,,,,,,,,,,,,,,,,,,,,,,,,,,110,5,,93,112,460,42,80,283,,,,,,17,,,,,536,,,,,97,197,,,,,,,34,,,216,,497,,151,,65,,485,,,,,,,,,,,,,,,,,,,,,,,,,0,,8,16,,17,,,,,,,,35,,106,,,,,,,94,,,,,,,,,,,36,,,,,,,,,146,,,,,,408,,,,131,,,,50,,,,,,,,,,52,,,,,,,,,,,,32,194,,,177,34,,,14,,263,146,371,475,,,430,143,,187,339,32,,1057,,,,,,,,,,,,,,,,,,,,,,,,,,,,,,,,,,,,,,,,,,,,,,,,,,,,,,,,134,88,17,63,6,,58,150,340,91,,,,102,,135,,,,,157,6,32,,,115,,,28,,842,3,,,,,,,,,,,,,,,,,,,,,,,,,,,,,,,,,,363,73,95,,,,,210,,,367,,,,90,,,,,,19,,,236,,,46,73,62,258,,161,70,74,0,326,,9,,11,199,94,23,33,,61,,79,57,140,,113,,76,,208,,,,,,,,,,,,,,,,,,,,,,,,,,,,,,,,,,,,77,33,,-384,,53,409,,2,263,,42,,,,-100,,70,397,,,,,,,,370,,,44,,123,65,,,,
2026-08-15T13:05:01+00:00,,265,,,396,,,25,116,269,,109,,186,,,,,,,,,446,343,115,195,,6,,,25,638,,,4,185,,,,,130,,,105,,,,,,,,,,,,,,40,,,,171,,,,,,62,,,,,,237,,,74,260,256,73,81,102,165,120,,,,355,7,93,285,211,233,273,30,,,72,360,,54,,,241,,,729,48,281,,,141,182,1093,26,,,53,,,,,,,,,,,,,,,,,,,,,,,,,,,,,,,,,,,,,,,,,,,,,,,,,,,,,,,,,,404,,184,,153,178,51,,260,450,,,,11,16,,13,,,,,,,,36,,107,,,,,,,,,,50,,,,,,,,,,,,,,,,,144,,,,,,411,,,,130,,,,51,,,,,,,,,,,,,,,,,,,,,120,37,193,85,77,182,43,,391,,,264,138,,479,326,379,427,,,186,338,31,,1058,,,,242,,2,,,,,,,,,,,149,36,11,4,,,,449,,,,,,,,243,,,,,,,,,,,,21,,,,,,,,,,,,130,,16,61,12,,,,338,93,,,352,106,,136,,,,,156,1,28,16,,111,201,,27,,,,125,,73,,318,,1126,280,285,,187,132,,,,,,,,,,,,,,,,,,,,,,360,75,103,,570,,204,208,,270,368,,,,94,,,,,,,,,238,108,165,48,69,71,259,253,171,76,80,2,336,23,7,,,,,,,,,,,,,,,,,,,,,,,,,,,,,,,,,,,,,,,,,,,,,,,,,,,,463,127,78,28,,1,,,403,,-293,264,,35,,95,,,,,394,245,,,,,,,369,,,29,,,66,,,,
2026-08-15T13:10:01+00:00,71,,,,394,2,,22,126,280,,107,,190,,,294,,,,,87,447,342,121,200,,2,,,,635,,,2,184,,143,,,,127,,103,,32,,,,,,,,48,,,,41,,,,,,,,,232,61,,,,,,243,,,73,261,,,,,,,,,,,,,,,,,,,,,,,,,,,,,,,,,,,,,,,,,109,4,643,92,111,464,,79,285,,,,,,13,,,,,,,,,,93,,,,,,,,30,,,212,,498,,163,,141,,486,,,,,,,,,,,,,,,,,,,,,,,,,2,,18,16,,19,,,,,,,,40,,106,,,,,,,,,,51,,117,,,,,,,,,,,,,,,150,,,,,,426,,7,18,,,,,58,,,,,116,,,,,,,,,,47,,,,,,125,42,192,,74,180,46,,394,13,,259,142,370,486,,382,422,144,,187,336,28,,1059,,,,245,,4,,,,,,,,,,,,41,12,5,,,,450,,,,,,,,251,,,,,,,,,,,,23,,,,,,,,,,,,,89,17,59,9,,,152,337,94,,23,353,105,,,,,,,155,3,25,17,,108,,,25,,844,,,,77,,313,59,1130,285,274,100,188,131,,,,,,,,,,,,,,,,,,,,,,,,,,,,,,,,,,,,,,,,,,,,,,,,,,,,,180,87,83,0,341,31,2,18,10,,,22,38,,58,,80,65,141,,,,80,,209,,,,,,,,,,,,,,,,,,,,,,,,,,,,,,,,,,,129,73,33,,2,92,55,405,,,265,,34,,94,,,,75,392,,,,,,,,370,,,26,,,,,,,
2026-08-15T13:15:02+00:00,76,262,,,396,1,,19,131,282,,110,,196,,,293,,,,,93,449,345,120,197,,,,,,629,,,3,183,,,,,129,,,100,,,,,,,,,352,,,,,,,,,,,,120,,,,,,,,,,,,75,259,268,72,83,106,,116,,,,,2,91,279,212,,270,23,272,,65,363,1,,110,127,250,,170,728,51,,209,,136,181,1081,,,,,110,,638,83,116,,44,78,284,,,,,,,,,,,,,,,,,,,,,,,,,,,,,,,,,,,,,,,,,,,,,,,,,400,,175,,,181,,,262,453,206,0,,26,16,,20,,,,,,,,42,,109,,,,,,,95,,,,,119,,,,,,,,,,,,,,,154,,,,,,,,,17,132,,,,61,,,,,,,,,,53,,,,,49,,,,,,126,51,195,87,73,,39,,396,12,,256,145,372,484,,381,423,,,185,335,33,,,,,,244,,5,,,,,,,,,,,150,42,10,6,,,,449,,,,,,,,,,,,,,,,,,,,22,,,,,,,,,,,,131,87,,65,2,149,,147,335,102,,,,107,,140,,,,96,154,2,22,18,279,110,199,,,130,,0,,35,76,,314,,1132,,272,101,,135,,,,,,,,,,,,,,,,,,,,,,361,,,,,,199,209,,271,370,,,128,92,,,,,,21,,,242,,162,43,71,74,257,252,181,92,90,1,333,34,10,16,12,202,,,40,,,,74,59,,,111,,91,,210,,,,,,,,,,,,,,,,,,,,,,,,,,,,,,,,,,,127,75,36,,4,,,406,,,259,,,,90,,,,79,393,249,,,,,,,367,,,17,,,64,,,,
2026-08-15T13:20:01+00:00,,263,56,157,395,,,,127,284,,111,,201,,,,,,,,99,448,346,118,199,,0,,,,635,,,4,185,,,,,128,126,,,,,,,,,,,,47,,,,40,,,,,,,,,233,,,,,,,250,,,76,,,,,,,,,,,,,92,284,,232,277,22,,,79,364,,53,,,256,3,,726,,278,208,,137,,1084,,,,50,,,,,,,,,,,,,,,14,,,,,535,,,,,94,195,,,,,,,37,,,216,,496,,183,,140,,482,,,,,,,,,,,,,,,,,,,,,,,,,1,,31,16,,24,,,,,,,,,,104,,,,,,,92,,,49,,,,,,,,,,,,,,,,,149,,,,,,,,,18,,,,,63,,,,,118,,,,,,,,,,,,,,,,129,41,196,86,77,182,,,399,11,,,152,,485,327,,418,,,188,337,31,,1060,,,,,,,,,,,,,,,,,,,,,,,,,,,,,,,,,,,,,,,,,,,,,,,,,,,,,,,,,86,16,64,0,,,,334,99,,,,106,,141,,,,,157,10,17,17,280,109,198,,,129,,2,126,34,81,281,317,,1131,288,269,102,,136,,,,,,,,,,,,,,,,,,,,,,363,74,106,,569,,203,,,273,371,,,124,90,,,,,,23,,,239,105,165,47,72,78,261,249,185,103,95,,338,31,8,,,201,96,23,41,,59,,76,60,137,,106,,93,,211,,,,,,,,,,,,,,,,,,,,,,,,,,,,,,,,,,,125,76,41,,2,96,,409,,1,260,,30,,93,,,,81,389,,,,,,,,,,,23,,127,,,,,
2026-08-15T13:25:01+00:00,77,265,,158,393,4,,,129,281,,103,,204,,,,,,,,101,451,349,124,202,,,,,24,626,,,3,,,144,,,,,,101,,,,,,,,,350,,,,,41,18,,,,,,,,,,,,,,,252,,,72,255,269,80,87,108,162,120,,197,,356,1,105,279,211,228,287,29,271,,69,,,49,,120,,1,169,729,50,286,235,,139,180,1078,,,,51,114,5,648,82,115,458,46,77,,,,,,,,,,,,,,,,,,,,,,,,,,,,,,,,,,,,,,,,,,,,,,,,,161,399,1211,162,104,154,,,257,261,452,204,5,,29,16,,22,,,,,,,,40,,105,,,,,,,93,,,50,,,,,,,,35,,,,,,,,,144,,,,,,431,,6,16,,,,,65,,,,,116,,,,,55,,,,,,,,,,,127,42,,87,70,181,46,,400,16,,255,155,375,489,328,380,416,,,,342,32,,,,,,,,,,,,,,,,,,,,,,,,,,,,,,,,,,,,,,,,,,,,,,,,,,,,,,,,,,,89,17,65,1,,57,145,330,106,35,22,354,,,142,,,,97,156,9,16,18,279,,194,,22,130,848,,127,,78,283,323,60,1134,290,268,101,190,137,,,,,,,,,,,,,,,,,,,,,,361,,111,,565,,,214,,270,,,,,91,,,,,,26,,,241,103,173,49,65,91,258,239,,112,99,0,344,35,11,17,11,,100,18,37,24,64,120,77,54,132,,103,,98,,213,,,,,,,,,,,,,,,,,,,,,,,,,,,,,,,,,,,127,74,38,,3,104,54,412,,-293,,,34,,94,,,,84,385,,,,,,,,368,,,21,,125,62,,,,
2026-08-15T13:30:02+00:00,,263,,156,390,2,,16,132,282,,108,,,,,292,,,,,102,450,351,120,204,,,,,26,,,,4,,,142,,,125,125,,,,,,,,,,,349,,,,,42,,,,170,,,116,,,60,,,103,,,262,,,,,272,83,93,111,161,121,,,,,,,,,,,,,,,,,,,,,,,,,,,,,,,,,,,113,,644,88,108,,45,72,283,,,,,,16,,,,,534,,,,,95,200,,,,,,,48,,,221,,499,,189,,145,,480,,,,,,,,,,,,,,,,,,,,,,,,,3,,34,16,,14,,,,,,,,,,104,,,,,,,96,,,,,,,,,,,36,,,,,,,,,142,,,,,,428,,5,,,,,,66,,,,,,,,,,,,,,,,,,,,,126,52,197,86,71,180,,,,20,,256,152,377,494,329,376,,,,186,347,25,,,,,,252,,4,,,,,,,,,,,154,43,7,5,,,,448,,,,,,,,255,,,,,,,,,,,,,,,,,,,,,,,,132,94,,62,,,58,137,333,98,34,,356,108,,141,,,,98,155,7,14,,,110,195,,24,133,,3,128,35,,,,,,,,,,,,,,,,,,,,,,,,,,,,,,,,,,,,,,,,,,,,,,,,,,,,,,,,,,,,,,,189,,97,1,339,38,17,,,,,,,,,,,,,,,,,,,,,,,,,,,,,,,,,,,,,,,,,,,,,,,,,,,,,129,,,,,100,55,416,,,,,29,,92,,1,,83,,,,,,,,,371,119,,19,,,63,,,,
2026-08-15T13:35:01+00:00,81,,,,401,,,15,130,283,,106,,206,,,291,,,,,103,451,353,121,201,,,,,28,623,,,,186,,,,,124,,,,,,,,,,,,,,,,,41,,,,,,,,,,62,,,,,,,,,,254,,,,,,,,,,357,,104,,213,,284,30,,,70,,,,,119,260,,,,51,,236,,143,187,1074,,,466,53,,,,,,,,,,,,,,,,,,,,,,,,,,,,,,,,,,,,219,,503,,200,,150,,477,,,,,,,,,,,,,,396,,151,103,151,182,,,,,205,0,,42,16,,25,,,,,,,,41,,102,,,,,,,,,,51,,118,,,,,,,,,,,,,,,138,,,,,,434,,6,12,130,,,,,,,,,117,,,,,56,,,,,48,,,,,,128,,195,87,75,,44,,401,19,,258,155,378,493,,375,413,,,,344,28,,,,,,254,,1,,,,,,,,,,,152,47,,4,,,,450,,,,,,,,261,,,,,,,,,,,,21,,,,,,,,,,,,130,93,16,65,2,,,139,332,97,,,355,111,,,,,,100,156,6,,,278,108,196,,23,135,849,,127,38,,284,329,,1129,294,272,100,,135,,,,,,,,,,,,,,,,,,,,,,,73,110,,563,,204,,,269,370,,,125,89,,,,,,27,,,242,104,169,43,64,,261,,188,120,102,0,335,39,8,15,,202,,17,43,26,67,125,74,55,133,,98,,104,,211,,,,,,,,,,,,,,,,,,,,,,,,,,,,,,,,,,,131,,35,,1,96,,413,,,263,,26,,90,,-100,,84,382,248,,,,,,,376,120,,10,,122,,,,,
2026-08-15T13:40:02+00:00,76,266,57,,403,,,21,131,285,,,,204,,,289,,,,,100,,354,116,206,,,,,,,,,5,187,,144,,,125,124,,103,,30,,,,,,,,,,,,40,,,,168,,,117,,232,,,,102,,,263,,,81,252,276,96,96,110,162,131,,,,,1,116,282,,,286,27,,,75,359,,50,,116,251,,168,730,52,283,239,,142,,1070,,14,,56,111,7,636,85,114,455,,76,285,,,,,,22,,,,,,,,,,107,195,,,,,,,,,,,,,,,,,,,,,,,,,,,,,,,,,,,,,,,,,,,,,43,16,,20,,,,,,,,44,,98,,,,,,,,,,,,117,,,,,,38,,,,,,,,,135,,,,,,431,,,13,,,,,68,,,,,118,,,,,,,,,,49,,,,,,127,58,,,,182,48,,400,16,,255,167,,,328,374,,143,,185,345,26,,,,,,252,,4,,,,,,,,,,,156,49,10,,,,,448,,,,,,,,266,,,,,,,,,,,,23,,,,,,,,,,,,127,97,14,68,0,,57,142,324,89,,20,352,,44,147,,,,,,4,,,279,107,194,,22,,852,0,128,,,288,332,59,1127,297,,101,,139,,,,,,,,,,,,,,,,,,,,,,353,75,114,,561,,206,213,,274,367,,,127,90,,,,,,30,,,244,106,170,41,56,92,259,238,187,138,98,1,344,41,7,14,15,204,,24,42,25,72,127,78,54,128,,,,111,,213,,,,,,,,,,,,,,,,,,,,,,,,,,,,,,,,,,464,132,75,37,,2,95,57,406,,1,264,,28,,,,,,82,380,250,,,,,,,371,,,12,,119,61,,,,
2026-08-15T13:45:01+00:00,77,263,,,409,4,,12,129,,,104,,207,,,,,,,,101,452,359,110,210,,3,,,,632,,,7,185,,146,,,123,,,102,,,,,,,,,,,,,,41,,,,,,,,,233,61,,,,,,266,,,80,254,,,,,,,,,,,,,,,,,,,,,,,,,,,,,,,,,,,,,,,,,110,4,642,87,111,458,,75,286,,,,,,,,,,,,,,,,,,,,,,,,49,,,218,,506,,201,,,,479,,,,,,,,,,,,,,393,,147,105,150,181,53,258,260,453,,,,36,16,,24,,,,,,,,47,,100,,,,,,,97,,,,,116,,,,,,,,,,,,,,,139,,,,,,436,,7,,,,,,71,,,,,117,,,,,55,,,,,,,,,,,128,66,202,88,83,,43,,399,19,3,,163,379,500,,,415,,,186,,,,,,,,,,,,,,,,,,,,,,,,,,,,,,,,,,,,,,,,,,,,,,,,,,,,,,,,,,,,125,96,15,69,1,,55,,319,99,,,,108,,148,,,,,155,6,15,,278,108,192,,20,134,,1,127,,,,,,,,,,,,,,,,,,,,,,,,,,,,,,,,,,,,,,,,,,,,,,,,,,,,,,,,,,,,,,,,193,159,95,0,338,40,5,13,14,,101,27,41,,69,132,76,57,125,,105,,109,,214,,,,,,,,,,,,,,,,,,,,,,,,,,,,,,,,,,465,134,,30,,-384,94,53,410,,13,,,23,,91,,,,78,381,251,,,,,,,374,,,23,,116,58,,,-370,
2026-08-15T13:50:01+00:00,74,261,,,417,3,,11,,282,,106,,206,,,290,,,,,103,453,356,111,206,,4,,,27,638,,,5,182,,150,,,124,,,100,,,,,,,,,,,,,,,,,,167,,,,,,,,,,,,262,,,,,282,97,111,111,166,133,,,,,,118,288,212,230,284,25,272,,73,,,48,108,119,250,2,167,,,281,,,141,185,1062,,15,,,,,,,,,,,,,,,,,14,,,,,536,,,,,108,194,,,,,,,,,,,,,,,,,,,,,,,,,,,,,,,,,,,,,,,,,,,2,,39,16,,25,,,,,,,,,,98,,,,,,,94,,,49,,,,,,,,,,,,,,,,,142,,,,,,430,,9,15,132,,,,,,,,,,,,,,54,,,,,50,,,,,,129,71,203,,86,,,,397,20,,,164,381,495,330,369,422,,,,347,27,,1059,,,,249,,5,,,,,,,,,,,159,48,7,5,,,,450,,,,,,,,268,,,,,,,,,,,,,,,,,,,,,,,,131,,,70,5,,,141,318,,,,355,107,,146,,,19,,158,11,17,16,,109,189,,21,133,,0,124,,84,286,323,,1119,294,269,100,,135,,,,,,,,,,,,,,,,,,,,,,,74,116,,557,,,212,,275,366,,,,89,,,,,,28,,,248,104,177,43,,93,257,233,197,163,,2,332,49,11,,16,206,99,29,43,,70,133,79,60,126,,102,,114,,215,,,,,,,,,,,,,,,,,,,,,,,,,,,,,,,,,,,135,72,23,,3,87,54,407,,3,,,24,,92,,,,77,382,252,,,,,,,376,,,21,,117,56,,,,
2026-08-15T13:55:01+00:00,73,,,,422,,,13,130,281,,104,,204,,,,,,,,106,459,358,115,203,,5,,,25,637,,,8,178,,152,,,121,,,101,,31,,,,,,,,,,,,39,,,,169,,,120,,,62,,,,,,261,,,79,256,,,,,,,,,,,,119,284,213,229,279,29,271,,77,357,,47,106,124,247,1,,731,53,270,243,119,137,189,,,,,55,,8,640,85,108,457,47,79,287,,,,,,,,,,,,,,,,,,,,,,,,50,,,217,,510,,199,,149,,482,,,,,,,,,,,,,,391,,142,106,154,,52,259,257,450,206,3,,40,16,,34,,,,,,,,,,100,,,,,,,,,,48,,118,,,,,,41,,,,,,,,,145,,,,,,,,7,14,133,,,,70,,,,,116,,,,,,,,,,49,,,,,,,80,,89,84,185,49,,394,21,4,256,167,383,492,,,423,142,,189,,,,1060,,,,248,,,,,,,,,,,,,160,,9,6,,,,,,,,,,,,271,,,,,,,,,,,,,,,,,,,,,,,,132,95,16,,4,,54,140,321,100,,21,,108,,147,,,18,,159,8,14,15,277,,187,,22,134,851,1,123,39,,,,60,,,,,,,,,,,,,,,,,,,,,,,,,,,,358,72,120,,555,,205,215,,280,,,,126,,,,,,,,,,251,105,183,45,63,96,261,230,202,150,,3,342,51,12,14,21,205,100,34,42,28,62,136,83,57,128,,104,,116,,,,,,,,,,,,,,,,,,,,,,,,,,,,,,,,,,,,466,136,,24,,5,91,,409,,-293,261,,21,,91,,,,78,,,,,,,,,373,,,20,,113,57,,,,
2026-08-15T14:00:01+00:00,,255,,,427,5,,19,132,279,,99,,,,,288,,,,,104,,361,117,202,,6,,,28,638,,,,177,,153,,,,,,103,,,,,,,,,,,,,,38,,,,168,,,,,232,64,,,,,,,,,75,255,270,101,114,118,165,135,,,,,,,,,,,,,,,,,,,,,,,,,,,,,,,,,,,,,,,,,,,,,,,,,10,,,,,537,,,,,106,192,,,,,,,,,,,,,,,,,,,,,,,,,,,,,,,,,,,,,,,,,,,2,,41,16,,36,,,,,,,,48,,101,,,,,,,,,,,,119,,,,,,44,,,,,,,,,146,,,,,,432,,4,15,134,,,,69,,,,,114,,,,,,,,,,,,,,,,127,81,,87,86,,52,,393,20,5,262,164,381,,,367,,,,195,343,32,,,,,,,,,,,,,,,,,,,,,,,,,,,,,,,,,,,,,,,,,,,,,,,,,,,,,,,,,,133,93,15,,0,,53,138,307,102,,,354,103,,150,,,17,,157,10,13,18,278,110,185,,25,133,849,3,,40,83,,324,56,1118,297,270,,,137,,,,,,,,,,,,,,,,,,,,,,356,71,123,,560,,,213,,286,364,,,125,,,,,,,,,,255,,,40,,101,259,229,206,161,,4,351,54,11,15,22,208,101,31,38,29,61,138,86,61,127,,,,118,,214,,,,,,,,,,,,,,,,,,,,,,,,,,,,,,,,,,,135,70,,,10,86,56,416,,,259,,22,,88,,,,,383,253,,,,,,,376,,,8,,109,53,,,-370,
2026-08-15T14:05:01+00:00,69,253,,,421,3,,,131,280,,,,212,,,286,,,,,,460,363,125,211,,3,,,32,642,31,,9,178,,151,,,122,,,102,,32,,,,,,,,,,,,39,,,,167,,,116,,,66,,,101,,,260,,,,254,,,,,,,,,,,,121,280,,226,281,31,270,,88,356,,,104,122,246,,,,,,240,,,186,1054,,,465,54,,,,,,,,,,,,,,,,,,,,,,,,,,,,,,,,,59,,,,,507,,205,,,,483,,,,,,,,,,,,,,390,1212,130,105,,183,,257,259,448,203,3,,48,16,,39,,,,,,,,50,,,,,,,,,95,,,,,,,,,,,43,,,,,,,,,140,,,,,,,,,16,,,,,70,,,,,,,,,,,,,,,48,,,,,,126,91,205,86,91,187,53,,392,19,7,,162,383,,331,,,,,197,,27,,,,,,257,,4,,,,,,,,,,,163,47,8,5,,,,,,,,,,,,274,,,,,,,,,,,,21,,,,,,,,,,,,135,91,,69,9,,51,136,305,107,,,,107,,149,,,,,154,1,10,,,,,,26,132,851,,124,39,82,284,329,,1119,,271,101,,136,,,,,,,,,,,,,,,,,,,,,,360,73,,,552,,203,212,,294,365,,,123,87,,,,,,29,,,254,,188,38,57,107,,227,207,175,98,8,357,58,13,13,26,206,104,34,49,30,63,134,89,66,121,,106,,123,,215,,,,,,,,,,,,,,,,,,,,,,,,,,,,,,,,,,467,,66,16,,7,89,59,418,,,,,,,91,,,,,385,252,,,,,,,378,,,-560,,111,,,,,
2026-08-15T14:10:01+00:00,71,250,,155,423,1,,25,136,283,,102,,210,,,280,,,,,105,458,364,132,,,5,,,33,644,,,,180,,152,,,121,125,,103,,,,,,,,,347,45,,,,40,,,,,,,114,,233,65,,,99,,,262,,,78,252,254,92,,117,166,134,,,,,,,,,,,,,,,,,,,,,,,,,,,,,,,,,,,,,,,,,,,,,,,,,15,,,,,,,,,,,189,,,,,,,,,,,,,,,,,,,,,,,,,,,,,,,,,,,,,,,,,,,6,,53,16,,40,,,,,,,,,,104,,,,,,,96,,,50,,,,,,,,44,,,,,,,,,144,,,,,,430,,3,14,,,,,74,,,,,113,,,,,53,,,,,50,,,,,,,104,206,,92,189,52,,390,22,,266,167,,493,,368,426,,,,345,30,,1059,,,,261,,6,,,,,,,,,,,,51,,4,,,,,,,,,,,,276,,,,,,,,,,,,20,,,,,,,,,,,,134,92,16,68,12,,,,306,105,,20,357,112,,150,,,,,153,6,8,19,279,109,,,23,,852,4,123,40,79,283,327,,1126,303,269,102,191,133,,,,,,,,,,,,,,,,,,,,,,351,75,129,,554,,202,,,305,362,,,,,,,,,,31,,,255,103,185,34,56,,258,222,212,178,99,6,360,62,10,,,,,,,,,,,,,,,,,,,,,,,,,,,,,,,,,,,,,,,,,,,,,,,,,,,,468,132,65,15,,9,79,,417,,1,,,18,,90,,,,75,383,249,,,,,,,382,,,,,104,54,,,,
2026-08-15T14:15:01+00:00,68,249,,,427,2,,31,132,286,,101,,209,,,278,,,,,104,,362,130,216,,3,,,34,652,,,,179,,153,,,123,122,,,,,,,,,,,346,,,,,42,,,,168,,,,,,,,,,,,261,,,74,251,262,95,116,120,171,138,,,,358,2,129,274,220,228,292,32,,,85,359,,49,101,,251,3,,,50,260,239,,138,180,1055,,,,,109,3,642,94,126,455,51,74,292,,,,,,,,,,,,,,,,,,,,,,,,65,,,214,,517,,218,,,,485,,,,,,,,,,,,,,,1213,119,108,152,184,,,258,447,201,7,,61,16,,35,,,,,,,,48,,101,,,,,,,95,,,,,120,,,,,,,,,,,,,,,,,,,,,432,,2,13,133,,,,70,,,,,114,,,,,55,,,,,49,,,,,,125,121,208,89,98,192,62,,396,24,,265,166,382,495,332,370,422,,,196,343,29,,1057,,,,265,,3,,,,,,,,,,,167,49,9,2,,,,,,,,,,,,279,,,,,,,,,,,,23,,,,,,,,,,,,130,96,14,69,15,,48,129,305,115,,19,354,121,45,151,,,,101,152,10,11,,,108,183,,26,130,853,2,124,41,,,,,,,,,,,,,,,,,,,,,,,,,,,,,,,,,,,,,,,,,,,,,122,86,,,,,,33,,,258,102,,35,58,110,256,,213,194,,5,355,59,7,,25,208,105,,50,,59,141,85,,119,,105,,127,,219,,,,,,,,,,,,,,,,,,,,,,,,,,,,,,,,,,467,131,67,21,,14,76,60,419,,-293,,,19,,91,,,,76,,,,,,,,,383,,,,,,56,,,,
2026-08-15T14:20:01+00:00,70,250,,,426,,,37,138,,,107,,208,,,279,,,,,106,459,359,132,217,,2,,,35,653,30,,12,,,152,,,125,121,,104,,33,,,,,,,348,,,,,,,,,171,,,,,232,,,,,,,259,,,73,,,,,,,,,,,,,,,,,,,,,,,,,,,,,,,,,,,,,,,,,,,,,,,,,,,,,,,,7,,,,,,,,,,109,188,,,,,,,68,,,213,,519,,221,,152,,487,,,,,,,,,,,,,,,,,,,,,,,,,10,,60,16,,31,,,,,,,,46,,99,,,,,,,,,,49,,119,,,,,,,,,,,,,,,,,,,,,433,,3,12,135,,,,71,,,,,,,,,,54,,,,,,,,,,,,131,209,,96,193,64,,397,25,,269,172,,498,,366,421,,,197,,30,,,,,,,,,,,,,,,,,,,,,,,,,,,,,,,,,,,,,,,,,,,,,,,,,,,,,,,,,,127,97,17,70,18,,46,122,306,122,35,18,355,123,,149,,,,,150,7,12,,,112,185,,25,131,,8,125,40,86,280,331,57,1130,298,273,104,,139,,,,,,,,,,,,,,,,,,,,,,359,76,130,,552,,,211,,307,,,,,,,,,,,32,,,259,105,190,,51,116,252,216,218,199,95,6,354,57,6,14,26,205,,37,51,,66,143,88,63,120,,102,,131,,220,,,,,,,,,,,,,,,,,,,,,,,,,,,,,,,,,,,132,68,16,,16,83,64,416,,,262,,21,,,,,,,381,250,,,,,,,382,,,1,,109,57,,,-370,
2026-08-15T14:25:02+00:00,74,252,,,430,,,41,130,287,,,251,211,,,276,,,,,108,462,361,131,,,0,,,,665,,,9,184,,153,,,127,118,,,,,,,,,,,344,,,,,,,,,170,,,113,,,63,,,,,,256,,,74,250,260,103,126,121,,145,,,,,6,130,270,226,,297,27,268,,88,,2,48,99,110,252,6,,,48,236,243,118,135,184,1050,,,466,55,,,,93,125,456,52,78,293,,,,,,,,,,,,,,,,,,,,,,,,,,,214,,521,,238,,153,,490,,,,,,,,,,,,,,,,123,,151,,51,,259,,200,7,,,16,,26,,,,,,,,47,,102,,,,,,,96,,,,,,,,,,,,,,,,,,,,147,,,,,,440,,,,134,,,,68,,,,,113,,,,,55,,,,,,,,,,,126,138,210,92,107,192,,,398,24,6,268,179,384,502,,369,,,,,342,31,,,,,,262,,5,,,,,,,,,,,169,56,17,4,,,,,,,,,,,,280,,,,,,,,,,,,21,,,,,,,,,,,,122,96,18,72,16,,,,310,127,,16,359,126,44,152,18,,,100,149,2,18,,,114,184,,31,130,855,,,39,88,281,333,,1133,300,270,103,190,138,,,,,,,,,,,,,,,,,,,,,,362,74,133,,548,,199,210,,309,360,,,121,,,,,,,,,,260,103,,39,46,122,255,214,,212,98,4,345,56,15,13,25,202,106,40,54,31,,145,,57,121,,,,127,,223,,,,,,,,,,,,,,,,,,,,,,,,,,,,,,,,,,,134,67,14,,27,87,65,,,,263,,,,92,,2,,79,380,249,,,,,,,384,,,6,,110,58,,,,
2026-08-15T14:30:01+00:00,75,,,,,,,35,131,290,,,,214,,,270,,,,,109,465,362,124,209,,5,,,,671,,,5,186,,156,,,,,,105,,,,,,,,,,46,,,,41,,,,,,,115,,,64,,,,,,,,,75,249,,,,,,,,,,,,134,268,224,,296,25,267,,92,,,,98,113,254,14,,732,,231,238,,132,186,1055,,,,56,111,17,644,91,126,457,,77,295,,,,,,10,,,,,,,,,,112,186,,,,,,,,,,,,,,,,,,,,,,,,,,,,,,,,,,,,,,,,,,,13,,65,16,,30,,,,,,,,51,,,,,,,,,,,,,,118,,,,,,,,,,,,,,,148,,,,,,453,,7,,,,,,71,,,,,112,,,,,57,,,,,,,,,,,127,,212,,109,,61,,397,28,7,,181,,,,,420,143,,196,339,,,,,,,,,,,,,,,,,,,,,,,,,,,,,,,,,,,,,,,,,,,,,,,,,,,,,,,,,,,123,95,21,,14,,45,126,304,126,,,360,127,,,,,,,151,7,17,,278,,186,,33,,,9,,,,,,,,,,,,,,,,,,,,,,,,,,,,,,,,,,,,,,,,,,,,,,,,,,,,,,,,,,,,,,,,,219,224,103,3,360,53,17,15,24,203,107,43,60,32,72,,90,74,114,,101,,125,,225,,,,,,,,,,,,,,,,,,,,,,,,,,,,,,,,,,,133,70,18,,32,96,,418,,2,,,,,91,,1,,80,381,247,,,,,,,386,,,10,,111,55,,,,
2026-08-15T14:35:01+00:00,73,254,,,423,1,,,132,292,,111,,218,,,262,,,,,110,464,363,125,206,,,,,,673,31,,6,185,,159,,,128,121,,103,,,,,,,,,340,,,,,40,,,,,,,112,,,66,,,,,,,,,74,248,251,107,130,126,170,151,,,,,4,131,269,,230,304,24,271,212,107,360,4,49,100,105,250,15,166,735,49,243,,116,128,193,1052,,,,54,110,8,647,86,129,,51,74,297,,,,,,,,,,,,,,,,,,,,,,,,59,,,211,,,,228,,152,,492,,,,,,,,,,,,,,391,1209,129,,155,178,50,258,258,446,202,19,,72,16,,33,,,,,,,,53,,105,,,,,,,97,,,,,,,,,,,,,,,,,,,,142,,,,,,456,,6,16,133,,,,,,,,,113,,,,,,,,,,,,,,,,,145,211,,110,200,71,,393,25,,272,185,383,496,333,370,423,,,195,341,29,,1056,,,,263,,6,,,,,,,,,,,170,58,,6,,,,,,,,,,,,278,,,,,,,,,,,,,,,,,,,,,,,,119,,22,75,6,,44,,302,124,,15,361,128,,149,,,,99,153,,24,15,279,120,,,,132,856,,,40,93,277,332,58,1136,299,265,102,188,137,,,,,,,,,,,,,,,,,,,,,,349,,135,,550,,,208,,,358,,,118,,,,,,,30,,,261,104,194,36,45,116,257,215,223,242,101,6,364,56,15,17,23,,,42,63,34,76,148,87,83,113,,98,,122,,,,,,,,,,,,,,,,,,,,,,,,,,,,,,,,,,,,468,130,72,8,,34,,64,,,-293,,,20,,94,,4,,83,382,,,,69,,,,391,,,18,,74,56,,,,
2026-08-15T14:40:02+00:00,74,253,,151,425,,,40,134,294,,112,,223,,,255,,,,,109,465,367,130,,,,,,,,,,,,,,,,130,,,101,,,,,,,,,,,,,,42,17,,,169,,,,,,65,,,97,,,257,,,72,249,253,102,129,124,,153,,,,,,,,,,,,,,,,,,,,,,,,,,,,,,,,,,,,,,,,,,,,,,,,,12,,,,,,,,,,118,189,,,,,,,53,,,206,,516,,227,,153,,493,,,,,,,,,,,,,,,,,,,,,,,,,22,,80,16,,,,,,,,,,,,107,,,,,,,,,,,,119,,,,,,46,,,,,,,,,153,,,,,,459,,5,15,,,,,69,,,,,111,,,,,,,,,,,,,,,,130,147,,93,113,201,78,,392,,,,193,,,334,368,420,,,191,343,30,,,,,,266,,5,,,,,,,,,,,,60,16,,,,,449,,,,,,,,281,,,,,,,,,,,,22,,,,,,,,,,,,112,97,23,,3,,43,122,292,118,,13,363,134,,150,,,16,,154,3,19,14,280,124,183,,34,130,857,10,126,39,92,,337,,1138,300,261,,,,,,,,,,,,,,,,,,,,,,,,,355,75,133,,543,,197,,,308,357,,,,85,,,,,,27,,,262,101,196,33,52,122,256,211,,250,105,13,365,,12,,,,,,,,,,,,,,,,,,,,,,,,,,,,,,,,,,,,,,,,,,,,,,,,,,,,467,129,76,3,,33,86,,420,,,265,,21,,97,,3,,84,380,,,,,,,,385,,,22,,80,,,,,
2026-08-15T14:45:01+00:00,79,,,,426,3,,42,130,292,,116,,219,,,252,,,,,107,464,370,129,,,,,,,,,,11,186,,,,,,120,,,,32,,,,,,,339,,,,,41,18,,,,,,,,231,,,,96,,,255,,,,,,,,,,,,,,,,130,266,,,298,,,213,108,359,,51,,104,255,8,,,,,241,,126,194,1045,,,,55,109,19,650,85,135,,,69,299,,,,,,15,,,,,538,,,,,119,,,,,,,,,,,,,,,,,,,,,,,,,,,,,,,,160,387,1210,132,,,175,,257,259,444,,24,,81,17,,34,,,,,,,,56,,113,,,,,,,93,,,50,,118,,,,,,,,,,,,,,,150,,,,,,462,,4,13,,,,,68,,,,,109,,,,,,,,,,48,,,,,,126,161,212,94,114,203,90,,395,,8,,190,,500,,367,421,,,192,341,27,,1054,,,,268,,2,,,,,,,,,,,171,62,15,,,,,450,,,,,,,,284,,,,,,,,,,,,23,,,,,,,,,,,,113,101,21,76,2,,44,,293,116,,,,137,,,,,,,153,,23,13,,123,182,,32,129,,11,,,,,,,,,,,,,,,,,,,,,,,,,,,,,,,,,,,,,,,,,,,,,,,,,,,,,,,,,,,,,,,,,227,246,101,21,369,55,13,16,26,204,109,40,61,33,78,152,91,79,117,,90,,130,,226,,,,,,,,,,,,,,,,,,,,,,,,,,,,,,,,,,,130,72,-535,,44,87,,425,,,,,24,,96,,4,,85,,,,,,,,,395,,,17,,82,,,,,
2026-08-15T14:50:01+00:00,81,254,,149,433,1,,39,129,294,,117,,220,,,255,,,,,106,,369,123,202,,0,,,37,688,,,14,185,,166,,,,,,,,,,,,,,,338,,,,,,,,,,,,114,,,63,,,95,,,257,,,70,250,256,100,131,133,172,,,,,356,8,145,258,227,229,304,21,272,,105,358,1,50,,108,,,167,740,46,255,,,122,197,1052,,,,57,110,29,643,89,139,461,,62,302,,,,,,,,,,,,,,,,,,,,,,,,52,,,208,,,,228,,155,,,,,,,,,,,,,,,,,,,,,,,,,,,28,,95,17,,35,,,,,,,,55,,114,,,,,,,90,,,49,,,,,,,,,,,,,,,,,140,,,,,,456,,5,,134,,,,,,,,,,,,,,,,,,,47,,,,,,129,170,213,,111,205,98,,396,28,,273,196,382,,,368,414,,,194,342,,,,,,,270,,1,,,,,,,,,,,,61,18,7,,,,,,,,,,,,,,,,,,,,,,,,19,,,,,,,,,,,,121,102,22,78,27,,42,117,291,118,,11,361,135,,,,,,97,149,1,27,15,281,127,188,,41,,859,12,,,89,278,342,60,1142,298,257,,,136,,,,,,,,,,,,,,,,,,,,,,351,74,132,,540,,200,212,,307,359,,,119,,,,,,,28,,,,99,,36,47,119,,210,236,249,109,26,385,,,,,,,,,,,,,,,,,,,,,,,,,,,,,,,,,,,,,,,,,,,,,,,,,,,,,,,129,,,,40,86,,427,,,266,,26,,97,,5,,87,381,248,,,,,,,385,,,15,,,,,,,
2026-08-15T14:55:01+00:00,,253,,,438,,,42,135,295,,113,,221,,,,,,,,107,463,370,,,,3,,,,682,,,17,182,,170,,,131,121,,102,,,,,,,,,337,45,,,,40,17,,,170,,,110,,,62,,,,,,253,,,68,249,,,,,,,,,,,,,,,,,,,,,,,,,,,,,,,,,,,,,,,,,109,36,641,91,147,460,,63,,,,,,,9,,,,,539,,,,,,191,,,,,,,,,,,,,,,,,,,,,,,,,,,,,,,159,385,1209,128,107,154,171,52,,,445,207,31,,,17,,40,,,,,,,,57,,113,,,,,,,,,,,,119,,,,,,,,,,,,,,,130,,,,,,,,,12,,,,,73,,,,,,,,,,,,,,,,,,,,,130,181,211,,,207,104,,397,26,9,,194,,505,335,,,,,198,340,23,,1053,,,,272,,4,,,,,,,,,,,172,64,14,4,,,,,,,,,,,,285,,,,,,,,,,,,,,,,,,,,,,,,127,99,23,76,29,,38,114,275,120,,10,359,138,43,152,,,,,147,5,31,16,,124,191,,44,131,,13,127,,,,346,,1133,295,252,101,189,133,,,,,,,,,,,,,,,,,,,,,,354,75,,,542,,205,213,,304,,,,,84,,,,,,,,,260,98,198,42,43,120,252,209,238,250,115,23,391,,,15,22,205,107,38,53,34,79,142,92,74,106,,89,,140,,,,,,,,,,,,,,,,,,,,,,,,,,,,,,,,,,,,,128,75,,,,87,66,431,,3,261,,24,,96,,8,,83,382,,,,,,,,390,,,13,,,59,,,,
2026-08-15T15:00:01+00:00,,,,,440,,,45,146,297,,119,,223,,,256,,,,,106,,373,124,205,,2,,,41,678,,,,184,,171,,,134,122,,100,,,,,,,,,336,44,,,,39,,,,172,,,108,,,,,,94,,,,,,67,,243,102,132,129,171,162,,198,,,13,144,261,228,,302,,,,106,,,,99,106,252,3,,741,45,249,239,,123,195,1058,,,,56,,,,,,,,,,,,,,,17,,,,,,,,,,116,193,,,,,,,56,,,196,,511,,221,,153,,492,,,,,,,,,,,,,,,,,,,,,,,,,27,,96,17,,29,,,,,,,,58,,114,,,,,,,92,,,,,118,,,,,,47,,,,,,,,,118,,,,,,,,,,132,,,,,,,,,108,,,,,,,,,,45,,,,,,126,190,,95,113,208,114,,398,27,8,,202,379,508,334,,413,142,,199,338,28,,,,,,271,,6,,,,,,,,,,,167,66,11,6,,,,448,,,,,,,,287,,,,,,,,,,,,20,,,,,,,,,,,,125,100,22,77,33,,34,111,279,115,,9,362,136,,154,,,,98,146,1,29,17,282,123,196,,47,132,,14,128,,91,277,345,59,1130,291,,102,,132,,,,,,,,,,,,,,,,,,,,,,,,,,,,,,,,,,,,,,,,,,,,,,,,,,,,,242,260,119,25,408,54,10,,21,209,110,,,37,84,145,94,72,105,,80,,148,,227,,,,,,,,,,,,,,,,,,,,,,,,,,,,,,,,,,466,125,,,,,83,69,432,,-293,262,,25,,97,,,,84,,251,,,,,,,386,,,17,,85,61,,,,
2026-08-15T15:05:02+00:00,,,56,,444,,,48,144,296,,122,,228,,,255,,,,,,467,370,120,204,,4,,,43,,32,,21,185,,,,,,121,,93,,30,,,,,,,,45,,,,42,,,,,,,,,,60,,,,,,247,,,,251,239,,140,136,175,166,,,,355,7,143,259,231,,308,20,,,107,357,,49,101,107,250,,166,742,50,251,242,117,125,199,1061,,,,55,110,31,633,90,148,464,52,,306,,,,,,,,,,,,,,,,,,,,,,,,,,,,,,,,,,,,,,,,,,,,,,,,,387,1210,131,,155,172,51,256,261,,209,31,,100,17,,24,,,,,,,,,,116,,,,,,,94,,,50,,,,,,,,,,,,,,,,,113,,,,,,457,,4,11,133,,,,75,,,,,109,,,,,,,,,,,,,,,,127,201,213,98,122,209,122,,394,31,,271,204,376,506,333,370,412,,,,337,24,,1052,,,,,,3,,,,,,,,,,,168,65,,,,,,449,,,,,,,,288,,,,,,,,,,,,18,,,,,,,,,,,,124,101,21,80,,,32,106,268,127,,,,135,,157,,,,97,138,16,40,19,,128,194,,46,,858,,,35,86,276,351,60,1129,289,250,101,,129,,,,,,,,,,,,,,,,,,,,,,358,76,134,,544,,202,,,305,363,,,120,86,,,,,,32,,,262,,202,52,56,124,254,213,249,265,120,32,420,,13,,,,,,,,,,,,,,,,,,,,,,,,,,,,,,,,,,,,,,,,,,,,,,,,,,,,465,126,,,,43,81,70,429,,2,,,27,,94,,,,,,249,,,,,,,384,,,27,,90,,,,-370,
2026-08-15T15:10:01+00:00,84,252,,150,451,,,50,139,297,,120,,230,,,252,,,,,109,,368,123,208,,8,,,,680,,,,186,,174,,36,133,,,92,,29,,,,,,,337,,,,,40,,,,,,,112,,,57,,,,,,,,,69,,,,,,,,,,,,8,145,262,232,,311,21,,,111,358,,,,119,252,1,,,,,,,127,200,1064,,,,56,,43,632,,150,463,,62,,,,,,,21,,,,,,,,,,118,194,,,,,,,63,,,201,,,,215,,152,,495,,,,,,,,,,,,,,,,,,,,,,,,,,,103,17,,26,,,,,,,,60,,119,,,,,,,95,,,49,,119,,,,,,,,,,,,,,,104,,,,,,461,,0,14,132,,,,80,,,,,108,,,,,,,,,,46,,,,,,124,204,214,103,124,210,130,,,27,9,273,210,377,512,,373,413,,,200,,22,,1062,,,,272,,5,,,,,,,,,,,167,61,13,,,,,450,,,,,,,,285,,,,,,,,,,,,17,,,,,,,,,,,,,100,,84,36,148,28,103,263,130,,,361,134,,,,,,98,137,,46,,,133,196,,49,,857,,131,34,,,,,,,,,,,,,,,,,,,,,,,,,,,,,,,,,,138,,,,,,,,,,,119,,,,,,,,,,,99,,,,126,259,,254,139,122,26,422,51,9,17,15,,112,37,54,,81,151,101,71,99,,71,,146,,,,,,,,,,,,,,,,,,,,,,,,,,,,,,,,,,,,,125,73,,,47,82,69,436,,5,,,28,,91,,9,,,389,,,,,,,,381,121,,25,,92,62,,,,
2026-08-15T15:15:02+00:00,85,253,,149,454,,,48,,,,121,,232,,,250,,,,,110,,371,,201,,9,,,42,676,,,20,185,,175,,,135,122,,94,,,,,,,,,,,,,,39,,,,,,,109,,,,,,,,,,,,,250,233,101,146,132,173,170,,,,,11,147,260,230,230,315,19,,,104,,1,48,100,120,251,13,165,740,53,242,243,118,125,204,1066,,,467,,109,50,635,88,158,464,,61,310,,,,,,22,,,,,,,,,,121,193,,,,,,,65,,,193,,514,,216,,153,,494,,,,,,,,,,,,,,386,1216,150,,157,168,53,258,,,211,36,,107,17,,29,,,,,,,,64,,,,,,,,,94,,,50,,118,,,,,,46,,,,,,,,,105,,,,,,,,,15,,,,,83,,,,,109,,,,,56,,,,,47,,,,,,123,207,217,104,134,214,146,,391,28,,279,214,376,514,,,402,,,,340,27,,1091,,,,,,,,,,,,,,,,,,,,,,,,,,,,,,,,,,,,,,,,,,,,,,,,,,,,,,,,119,102,22,87,35,,27,,259,,,7,364,,,158,,,,97,134,12,56,20,281,,198,,,134,859,,132,,85,278,355,,1127,285,247,100,191,,,,,,,,,,,,,,,,,,,,,,,355,74,143,,546,,,,,309,,,,121,90,,,,,,29,,,261,97,200,,55,130,264,216,255,147,121,28,413,,7,,14,208,,39,56,,76,152,103,68,,,70,,151,,,,,,,,,,,,,,,,,,,,,,,,,,,,,,,,,,,,463,124,,,,42,84,67,439,,-293,,,35,,92,,,,88,,250,,,,,,,379,122,,22,,91,63,,,,
2026-08-15T15:20:02+00:00,92,,57,,455,,,44,149,301,,128,,240,,,245,,,,,111,466,374,125,205,,10,,,44,,,,,,,176,,,136,,,92,,,,,,,,,,,,,,,,,,,,,110,,,58,,,93,,,,,,68,,,,,,,,,,,,,,,,,,,,,,,,,,,,,,,,,,,,,,,,,,,,,,,,,,,,,,,,,,,,,,,,,,,,,,,,,,,,,,,,,,,,,,,,,,,,,,,,,,,,,,,,,,,,,,37,,,17,,38,,,,,,,,65,,,,,,,,,96,,,,,,,,,,,47,,,,,,,,,100,,,,,,466,,,17,,,,,82,,,,,,,,,,,,,,,48,,,,,,127,,,,138,216,150,,394,29,,280,215,,515,,,399,,,201,339,30,,1116,,,,,,,,,,,,,,,,,168,65,15,5,,,,,,,,,,,,286,,,,,,,,,,,,14,,,,,,,,,,,,124,101,,,34,,25,101,253,129,36,,362,135,,160,,,,95,136,10,55,22,,137,200,,,135,858,,133,32,84,,347,,1125,289,243,,,132,,,,,,,,,,,,,,,,,,,,,,375,71,144,,550,,208,218,,314,361,,,122,89,,,,,,35,,,267,98,202,56,59,137,269,212,257,163,124,,423,49,,,12,207,113,41,,36,74,153,108,66,98,,68,,152,,229,,,,,,,,,,,,,,,,,,,,,,,,,,,,,,,,,,462,125,74,,,39,90,68,437,,,263,,37,,,,13,,91,390,251,,,,,,,378,,,23,,93,62,,,-370,
2026-08-15T15:25:01+00:00,93,252,,,456,3,,43,150,302,,126,,236,,,240,,,,,114,465,375,129,207,,11,,,42,673,,,25,,,,,,138,123,,93,,28,,,,,,,336,44,,,,40,,,,,,,112,81,,,,,,,,243,,,66,,235,110,156,,174,175,,,,,8,150,258,229,229,317,,,,97,,,,99,119,253,10,166,741,52,,244,,123,207,1068,,,,54,108,58,640,85,172,467,,54,316,,,,,,28,,,,,540,,,,,122,191,,,,,,,68,,,194,,519,,215,,156,,498,,,,,,,,,,,,,211,388,1217,157,,158,167,52,259,,444,,41,,112,17,,52,,,,,,,,64,,120,,,,,,,,,,,,119,,,,,,46,,,,,,,,,94,,,,,,468,,,,,,,,80,,,,,107,,,,,55,,,,,,,,,,,129,215,223,,143,218,160,,392,31,8,287,219,375,519,,372,372,,,,340,,,1164,,,,,,,,,,,,,,,,,,,,,,,,,,,,,,,,,,,,,,,,,,,,,,,,,,,,,,,,119,,21,89,33,,24,96,238,122,,8,364,134,,161,,,,94,137,,54,,,142,205,,53,136,860,,134,30,,279,340,,1121,292,244,,,131,,,,,,,,,,,,,,,,,,,,,,,,,,,,,,,,,,,,,,,,,,,,,,,,,,,,,260,170,128,30,427,41,12,18,10,206,115,42,55,,73,150,107,64,95,,60,,160,,,,,,,,,,,,,,,,,,,,,,,,,,,,,,,,,,,,461,128,71,,,36,99,67,438,,,261,,42,,93,,15,,89,,252,,,,,,,379,,,,,94,63,,,,
2026-08-15T15:30:01+00:00,98,251,,,464,,,40,152,301,,128,,235,,,235,,,,,116,464,378,,208,,,,,43,675,,,22,,,175,,37,,,,94,,27,,,,,,,,43,,,,41,,,,171,,,109,,,55,,,,,,244,,,67,249,,,,,,,,,,,,,,,,,,,,,,,,,,,,,,,,,,,,,,,,,,,,,,,,,,,,,,,,,,,,,,,,,,,,,,,,,,,,,,,,,,,,,,,,,,,,,,,,,,,,,,,,,,,,,,,,,,,,,,,,,,,,,,,,,,,,,,,,,,,,,,,,,,,,,,,,,,,,,,,,,,,,,,,,,,,,,,,,,,,,,,,,,,,,,,,,,,,,,285,222,377,526,335,368,371,,,205,336,32,,1238,,,,,,,,,,,,,,,,,,,,,,,,,,,,,,,,,,,,,,,,,,,,,,,,,,,,,,,,,,,,,,,,,,,,,,,,,,,,,,,,,,,,,,,,,,,,,,,,,,,,,,,,,,,,,,,,,,,,,,,,,381,70,148,,555,,209,,,311,359,,,118,90,,,,,,,,,265,100,,59,62,,268,214,,,,,,,,,,,,,,,,,,,,,,,,,,,,,,,,,,,,,,,,,,,,,,,,,,,,,,,,,,,,132,68,,,40,101,69,440,,,263,,46,,95,,18,,88,389,251,,,,,,,385,,,30,,,62,,,,
2026-08-15T15:30:02+00:00,,,,,,,,,,,,,,,,,,,,,,,,,,,,,,,,,,,,,,,,,,,,,,,,,,,,,,,,,,,,,,,,,,,,,,,,,,,,,,,,,,,,,,,,,,,,,,,,,,,,,,,,,,,,,,,,,,,,,,,,,,,,,,,,,,,,,,,,,,,,,,,,,,,,,,,,,,,,,,,,,,,,,,,,,,,,,,,,,,,,,,,,,,,45,,113,17,3,,,,,,,,,63,,,,,,,,,97,,,,,,,,,,,,,,,,,,,,87,,,,,,,,,,,,,,82,,,,,,,,,,,,,,,50,,,,,,,229,225,106,,219,172,,394,34,9,,,,,,,,,,,,,,,,,,274,,8,,,,,,,,,,,,,13,6,,,,449,,,,,,,,284,,,,,,,,,,,,11,,,,,,,,,,,,114,102,,,32,,22,94,231,129,,7,361,136,,162,,,,,136,12,56,21,,,211,,54,,861,17,,31,0,,343,,1122,284,238,98,,130,,,,,,,,,,,,,,,,,,,,,,,,,,,,,,,,,,,,,,,,,,,,,,,,,,,,,264,169,132,32,426,38,20,,,,,,,,,,,,,,,,,,,,,,,,,,,,,,,,,,,,,,,,,,,,,,,,,,,,,,,,,,,,,,,,,,,,,,,,,,,,,,,,,,,,,,,,,,
2026-08-15T15:35:01+00:00,95,248,,150,466,1,,42,,298,,130,,236,,,232,,,,,118,462,379,136,209,,10,,,40,674,,,20,183,,176,,,,,,,,,,,,,,,337,,,,,,,,,,,,,,,,,,,,,243,,,66,252,240,116,164,130,177,174,,,,,,152,263,232,228,314,23,271,,108,360,,,98,127,,1,,,53,236,247,,127,210,1078,,,,51,109,55,634,93,179,469,,50,328,,,,,,23,,,,,541,,,,,120,197,,,,,,,73,,,192,,,,203,,146,,503,,,,,,,,,,,,,,393,1215,186,,163,166,53,258,262,442,209,50,,116,17,0,54,,,,,,,,,,,,,,,,,,,,,,118,,,,,,47,,,,,,,,,78,,,,,,465,,1,16,,,,,84,,,,,,,,,,53,,,,,52,,,,,,124,237,228,105,147,222,178,,389,30,,287,223,381,529,,,367,,,206,339,,,1275,,,,272,,7,,,,,,,,,,,167,67,12,,,,,450,,,,,,,,279,,,,,,,,,,,,12,,,,,,,,,,,,113,,19,86,,,17,89,221,125,,5,,,,167,,,,,139,13,62,,280,141,212,,,,,,,33,,,,61,,,,,,,,,,,,,,,,,,,,,,,,,,,,383,68,150,,557,,211,217,,,,,,,89,,,,,,37,,,266,101,196,,65,134,269,,271,179,133,33,429,39,23,16,8,212,117,38,54,35,74,151,105,58,97,,66,,165,,231,,,,,,,,,,,,,,,,,,,,,,,,,,,,,,,,,,462,131,69,,,38,,,,,1,262,,50,,,,19,,89,387,248,,,,,,,379,,,,,95,63,,,,
2026-08-15T15:40:01+00:00,97,247,,,464,5,,48,150,,,132,,235,,,231,,,,,120,461,380,142,214,,12,,,41,670,,,19,182,,174,,,,,,93,,,,,,,,,339,,,,,42,,,,,,,,,,56,,,90,,,248,,,67,250,,,,,,,,,,,6,159,260,231,224,316,22,272,,111,358,,49,,131,255,2,,739,55,244,248,120,133,209,,,,,,,,,,,,,,,,,,,,,,,,,,,,,,,,,,,,,,81,,,182,,520,,200,,145,,500,,,,,,,,,,,,,,,,,,,,,,,,,49,,117,17,,64,,,,,,,,64,,119,,,,,,,,,,51,,119,,,,,,,,,,,,,,,62,,,,,,469,,0,,133,,,,86,,,,,,,,,,,,,,,,,,,,,,239,231,,149,,177,,392,29,,,226,382,,,,354,143,,211,334,33,,1285,,,,273,,10,,,,,,,,,,,169,70,17,,,,,,,,,,,,,280,,,,,,,,,,,,,,,,,,,,,,,,112,,18,,31,,,86,225,121,,,357,,,168,,,,,141,8,67,25,,142,210,,,,,,,34,,277,,,1127,278,239,97,,,,,,,,,,,,,,,,,,,,,,,,382,67,147,,552,,217,,,306,361,,,117,90,,,,,,32,,,,97,203,64,57,137,272,215,276,190,,27,442,41,18,17,,,118,42,56,34,78,144,113,53,,,63,,171,,,,,,,,,,,,,,,,,,,,,,,,,,,,,,,,,,,,459,130,70,,,42,115,,443,,,,,53,,96,,20,,93,389,247,,,,,,,,,,55,,97,67,,,-370,
2026-08-15T15:45:02+00:00,96,244,,,466,4,,51,149,,,,,232,,,234,,,,,122,460,,141,218,,10,,,43,667,,,,179,,176,,,,,,90,,28,,,,,,,,,,,,41,,,,,,,115,,,54,,,,,,244,,,,245,242,120,163,135,,170,,,,,5,157,255,229,225,315,,271,,112,360,1,48,99,128,257,10,,741,,245,249,,132,211,1079,,,468,48,,59,636,94,187,466,53,47,336,,,,,,9,,,,,,,,,,116,,,,,,,,,,,,,,,,,,,,,,,,,,,,,,,,,390,1211,201,108,167,162,,259,258,443,208,50,,,17,3,77,,,,,,,,,,118,,,,,,,,,,,,120,,,,,,,,,,,,,,,54,,,,,,468,,1,,,,,,84,,,,,106,,,,,,,,,,,,,,,,123,247,233,106,148,223,183,,388,26,,288,230,380,533,333,370,347,,,213,335,32,,,,,,271,,7,,,,,,,,,,,167,71,18,8,,,,,,,,,,,,279,,,,,,,,,,,,,,,,,,,,,,,,,106,20,85,33,,14,85,220,120,,,356,135,,167,,,,95,146,16,70,24,,141,214,,55,137,858,16,135,37,,,344,,1128,275,,94,,124,,,,,,,,,,,,,,,,,,,,,,,,,,,,,,,,,,,,,,,,,,,,,,,,,,,,,280,200,134,34,447,,16,,12,213,119,43,59,32,84,148,118,52,96,,61,,177,,,,,,,,,,,,,,,,,,,,,,,,,,,,,,,,,,,,,129,67,,,40,114,68,445,,3,263,,,,92,,17,,91,390,249,,,,,,,374,,,62,,101,66,,,,
2026-08-15T15:50:01+00:00,99,242,,,461,5,,53,154,,,133,,233,,,231,,,,,123,,,137,217,,9,,,45,677,,,18,178,,177,,,,122,,89,,,,,,,,,,42,,,,,,,,170,,,117,,,53,,,,,,,,,,249,,,,,,,,,,,,,,,,,,,,,,,,,,,,,,,,,,,,,,,,,111,63,632,98,192,469,54,41,342,,,,,,4,,,,,539,,,,,119,198,,,,,,,68,,,176,,522,,199,,147,,503,,,,,,,,,,,,,,,,,,,,,,,,,55,,125,17,0,95,,,,,,,,65,,119,,,,,,,96,,,50,,,,,,,,,,,,,,,,,37,,,,,,472,,,14,132,,,,74,,,,,101,,,,,51,,,,,48,,,,,,122,,235,,154,227,195,,389,31,7,284,,381,537,,368,334,,,214,337,,,1284,,,,265,,10,,,,,,,,,,,165,72,12,,,,,,,,,,,,,277,,,,,,,,,,,,13,,,,,,,,,,,,107,108,21,84,38,,,,221,111,,4,354,137,,169,,,,93,145,24,81,,281,146,,,56,,859,,,,87,278,335,60,1127,269,,92,,126,,,,,,,,,,,,,,,,,,,,,,387,,144,,548,,220,,,304,363,,,118,91,,,,,,30,,,,96,205,62,71,136,270,,282,210,133,37,,38,20,16,7,214,121,39,58,33,91,154,115,56,,,55,,179,,233,,,,,,,,,,,,,,,,,,,,,,,,,,,,,,,,,,460,128,61,,,47,119,,451,,-293,262,,54,,,,20,,95,,250,,,,,,,,,,,,102,67,,,-370,
2026-08-15T15:55:01+00:00,101,241,,,460,,,49,157,296,,134,,235,,,230,,,,,122,461,384,140,221,,6,,,46,687,,,16,173,,183,,,139,124,,,,,,,,,,,,41,,,,39,,,,,,,114,,,,,,,,,243,,,66,253,235,139,,137,180,174,,,,,,,,,,,,,,,,,,,,,,,,,,,,,,,,,,,113,61,631,101,186,473,55,,344,,,,,,,,,,,,,,,,,,,,,,,,,,,,,,,,,,,,,,,,,,,,,,,,209,391,1209,212,106,166,156,,,,440,202,60,,122,17,3,93,,,,,,,,66,,120,,,,,,,94,,,,,121,,,,,,48,,,,,,,,,29,,,,,,475,,0,12,,,,,78,,,,,100,,,,,,,,,,47,,,,,,121,258,234,108,160,231,208,,,32,10,282,232,382,,334,370,323,,,,340,35,,,,,,262,,9,,,,,,,,,,,168,70,11,7,,,,,,,,,,,,272,,,,,,,,,,,,14,,,,,,,,,,,,106,109,,,,,,,218,108,,5,,139,,170,,,,,144,29,82,25,,,213,,57,,,17,,,82,279,334,,,264,242,91,,117,,,,,,,,,,,,,,,,,,,,,,394,,,,554,,219,213,,297,364,,,121,92,,,,,,32,,,,,208,68,67,138,,219,281,226,135,39,445,37,21,18,6,212,123,,,30,92,157,117,58,95,,44,,180,,232,,,,,,,,,,,,,,,,,,,,,,,,,,,,,,,,,,458,126,60,,,46,123,69,452,,1,264,,55,,90,,22,,96,391,252,,,,,,,375,,,64,,,71,,,,
2026-08-15T16:00:01+00:00,102,240,56,,461,4,,,162,295,,127,,234,,,228,,,,,124,460,385,,224,,10,,,47,689,,,17,171,,182,,,140,,,90,,,,,,,,,338,42,,,,,,,,,,,,,230,55,,,88,,,240,,,65,252,238,,165,,181,169,,,,,6,158,261,,227,319,24,270,,122,,,50,100,,259,18,,743,51,250,251,,134,213,1087,,,,41,,,,,,,,,,,,,,,,,,,,540,,,,,117,197,,,,,,,80,,,178,,526,,176,,144,,,,,,,,,,,,,,,,,,,,,,,,,,,56,,120,17,8,97,,,,,,,,,,116,,,,,,,,,,,,,,,,,,47,,,,,,,,,26,,,,,,468,,1,8,,,,,80,,,,,,,,,,,,,,,48,,,,,,123,257,236,107,165,232,216,,,28,,182,236,383,536,,,317,142,,213,341,38,,1282,,,,,,,,,,,,,,,,,,,,,,,,,,,,,,,,,,,,,,,,,,,,,,,,,,,,,,,,103,,22,83,39,,7,79,210,111,,3,353,135,,173,,,,,141,28,90,27,282,148,215,,63,138,858,,136,,0,280,338,59,1129,253,237,,,114,,,,,,,,,,,,,,,,,,,,,,,,,,,,,,,,,,,,,,,,,,,,,,,,,,,,,283,236,133,,441,,,,9,211,,,61,33,91,156,116,57,94,,45,,183,,231,,,,,,,,,,,,,,,,,,,,,,,,,,,,,,,,,,,,62,,,49,127,72,453,,-293,267,93,57,,87,,20,,99,389,251,,,,,,,378,,,77,,104,74,,,-370,
2026-08-15T16:05:02+00:00,108,236,,,463,6,,47,163,296,,131,,238,,,225,,,,,126,,,136,226,,6,,,48,686,,,13,,,181,,,,123,,,,,,,,,,,337,41,,,,37,,,,169,,,115,,,,,,87,,,245,,,,251,,,,,,,,,,353,5,159,249,230,229,325,23,268,,133,356,,49,106,120,255,2,,,43,263,254,121,140,212,1098,,,,40,112,66,623,100,192,,54,49,348,,,,,,6,,,,,539,,,,,,198,,,,,,,75,,,170,,523,,165,,134,,505,,,,,,,,,,,,,,390,1207,230,107,,155,,258,257,,197,54,,118,17,9,100,,,,,,,,,,,,,,,,,95,,,49,,122,,,,,,,,,,,,,,,24,,,,,,,,,7,,,,,,,,,,99,,,,,50,,,,,51,,,,,,126,266,,110,,229,226,,,30,9,184,238,385,540,,372,304,,,,344,39,,1276,,,,256,,18,,,,,,,,,,,169,63,9,,,,,,,,,,,,,267,,,,,,,,,,,,13,,,,,,,,,,,,104,111,,82,38,,6,78,197,115,,2,352,132,,175,,,,,140,36,101,26,283,152,218,,66,,,16,,38,79,281,335,,1127,250,241,87,,104,,,,,,,,,,,,,,,,,,,,,,398,65,142,,556,,220,203,,290,365,,,122,91,,,,,,34,,,,92,211,79,58,144,275,223,285,237,,45,438,42,23,20,,210,126,,,34,93,148,118,60,90,,31,,184,,229,,,,,,,,,,,,,,,,,,,,,,,,,,,,,,,,,,455,124,64,,,48,136,74,456,,4,271,,61,,88,,,,105,390,250,,,,,,,377,,,88,,109,104,,,,
2026-08-15T16:10:02+00:00,112,235,,,466,8,,45,168,295,,133,,243,,,220,,,,,125,462,387,141,228,,4,,,,691,,,14,,,183,,,,122,,91,,,,,,,,,,42,,,,,,,,170,,,114,,,53,,,,,,249,,,62,247,233,144,169,134,182,168,,,,,,,,,,,,,,,,,,,,,,,,,,,,,,,,,,,,,,,,,,,,,,,,,,,,,,,,,,,,,,,,,,,70,,,167,,518,,152,,126,,506,,,,,,,,,,,,,,,,,,,,,,,,,64,,,17,6,106,,,,,,,,67,,114,,,,,,,,,,,,,,,,,,,,,,,,,,,3,,,,,,470,,,6,,,,,,,,,,97,,,,,52,,,,,,,,,,,,269,237,112,168,232,231,,390,29,,169,231,,543,,369,298,,,215,341,36,,1279,,,,259,,21,,,,,,,,,,,167,62,,6,,,,,,,,,,,,268,,,,,,,,,,,,14,,,,,,,,,,,,100,112,26,,39,147,2,77,186,116,,,,134,41,173,,,,92,,41,106,25,284,,221,,69,139,859,,135,39,78,,332,60,1129,242,244,85,,100,,,,,,,,,,,,,,,,,,,,,,,,,,557,,,,,289,,,,,,,,,,,,,,,,212,,,,,,,247,134,44,440,43,24,,,,,,,,,,,,,,,,,,,,,,,,,,,,,,,,,,,,,,,,,,,,,,,,,,,,454,123,61,,,56,142,,457,,9,,,74,,87,,21,,109,392,252,,,,,,,376,,,94,,114,,,,,
2026-08-15T16:15:01+00:00,,236,,,471,6,,46,172,,,129,,237,,,,,,,,127,,388,137,231,,0,,,,690,,,12,,,182,,,,,,92,,,,,,,,,335,,,,,,18,,,171,,,111,,,49,,,,,,248,,,61,245,,,,,,,,,,,9,165,251,231,,315,22,266,,130,,,50,105,118,256,,,744,,275,255,,141,,1106,,,,38,,69,608,99,197,478,,44,350,,,,,,7,,,,,540,,,,,,196,,,,,,,,,,,,,,,,,,,,,,,,,,,,,,,,391,1206,247,,,,54,259,,435,200,65,,116,17,5,113,,,,,,,,66,,113,,,,,,,,,,,,123,,,,,,48,,,,,,,,,2,,,,,,467,,0,5,,,,,74,,,,,,,,,,,,,,,49,,,,,,,272,238,113,174,234,240,,,31,10,170,227,387,551,,371,290,,,,344,38,,1276,,,,260,,18,,,,,,,,,,,168,61,7,7,,,,448,,,,,,,,271,,,,,,,,,,,,13,,,,,,,,,,,,,110,,84,45,,0,72,182,113,,1,,136,,,,,,93,139,48,107,,,,226,,67,140,,,,,76,,330,,,240,241,79,,91,,,,,,,,,,,,,,,,,,,,,,399,,144,,,,222,199,,,366,,,,,,,,,,,,,,90,,81,,150,278,228,295,254,133,34,452,45,25,,0,208,128,41,66,36,92,149,122,,89,,32,,185,,230,,,,,,,,,,,,,,,,,,,,,,,,,,,,,,,,,,452,120,60,,,58,147,73,461,,8,272,,77,,91,,23,,116,393,,,,,,,,377,,,108,,115,105,,,-370,
2026-08-15T16:20:02+00:00,113,238,,149,475,4,,48,174,293,,128,252,238,,,221,,,,,128,463,389,136,228,,,,,47,699,31,,10,173,,183,,,138,123,,,,27,,,,,,,334,40,,,,36,,,,172,,,109,,,48,,,86,,,244,,,60,244,232,155,176,,181,172,,,,,8,163,254,230,226,309,,265,,137,354,,,106,117,254,4,,743,44,279,248,,144,208,1121,,,469,39,,,,,,,,,,,,,,,,,,,,,,,,,,,,,,,,,64,,,171,,,,147,,,,505,,,,,,,,,,,,,,,,,,,,,,,,,,,114,17,12,123,,,,,,,,65,,115,,,,,,,96,,,,,124,,,,,,,,,,,,,,,3,,,,,,463,,,4,131,,,,72,,,,,,,,,,,,,,,50,,,,,,123,284,,,177,233,243,,389,34,,180,233,390,557,,370,285,,,214,346,39,,1275,,,,264,,,,,,,,,,,,,167,57,11,6,,,,450,,,,,,,,275,,,,,,,,,,,,,,,,,,,,,,,,99,,27,83,43,,,70,171,121,,0,349,137,,,,,,,136,43,106,,,155,,,68,,,,,,71,282,323,61,1126,227,237,,192,80,,,,,,,,,,,,,,,,,,,,,,404,64,143,,562,,232,197,39,285,,,,121,97,,,,,,31,,,265,94,,86,49,154,272,231,301,265,137,40,460,47,30,21,,207,,46,70,34,93,144,115,55,87,,25,,190,,229,,,,,,,,,,,,,,,,,,,,,,,,,,,,,,,,,,,121,56,,,62,150,72,460,,2,274,,80,,93,,24,,114,392,251,,,,,,,368,,,111,,118,107,,,,
2026-08-15T16:25:02+00:00,115,239,,,478,,,51,179,291,,133,,239,,,219,,,,,129,,392,,227,,,,,49,703,,,11,169,,186,,36,137,122,,,,28,,,,,,,331,,,,,,,,,,,,,82,,,,,,,,241,,,,243,231,158,179,133,182,174,,,,,2,,252,,,312,19,264,,130,353,,,105,118,,,,,,272,249,,146,,1127,,,,38,111,73,589,100,202,479,53,38,355,,,,,,15,,,,,,,,,,112,199,,,,,,,70,,,165,,527,,141,,121,,508,,,,,,,,,,,,,,388,1207,250,,169,150,,,253,433,201,67,,112,17,13,127,,,,,,,,,,,,,,,,,97,,,50,,123,,,,,,,,,,,,,,,6,,,,,,458,,,,,,,,68,,,,,95,,,,,,,,,,,,,,,,119,299,237,,181,235,253,,388,36,,182,237,,559,333,,280,,,,343,42,,1268,,,,263,,20,,,,,,,,,,,,56,8,8,,,,,,,,,,,,276,,,,,,,,,,,,12,,,,,,,,,,,,90,,28,,45,145,,67,150,129,,,348,138,,172,,,,,134,40,116,26,,154,225,,70,,858,15,,40,,,,,,,,,,,,,,,,,,,,,,,,,,,,,,,,415,,145,,558,,233,,57,284,,,,120,,,,,,,28,,,263,,215,91,53,153,,,306,285,144,46,467,,33,22,,206,129,45,69,,91,141,111,56,,,21,,194,,230,,,,,,,,,,,,,,,,,,,,,,,,,,,,,,,,,,453,122,55,,,,151,,461,,8,271,,82,,95,,,,118,,252,,,,,,,365,123,,118,,117,,,,,
2026-08-15T16:30:02+00:00,116,241,,150,482,5,,45,186,,,135,,243,,,217,,,,,132,,397,124,223,,,,,,704,,,,165,,,,37,136,123,,91,,,,,,,,,328,,,,,37,,,,171,,,105,81,,47,,,85,,,242,,,62,244,229,,184,136,183,,,,,352,,161,255,229,225,315,14,,,136,354,1,,,121,256,,167,,,,250,,,209,,,,,,,,,,,,,,,,,,,,,,,,,,,,,,,,,,,,,,75,,,163,,532,,142,,114,,514,,,,,,,,,,,,,,,,,,,,,,,,,73,,111,17,18,137,,,,,,,,,,114,,,,,,,98,,,51,,,,,,,,47,,,,,,,,,0,,,,,,459,,,,132,,,,67,,,,,94,,,,,,,,,,49,,,,,,115,301,238,115,185,236,263,,386,37,11,185,242,,561,,369,284,141,,215,345,43,,1261,,,,,,,,,,,,,,,,,,,,,,,,,,,,,,,,,,,,,,,,,,,,,,,,,,,,,,,,88,,,82,,,,69,142,119,,,342,134,,174,,,17,91,132,45,118,,,153,,,,143,,17,136,,59,281,312,62,1130,216,238,73,,68,,,,,,,,,,,,,,,,,,,,,,,,,,,,,,,,,,,,,,,,,,,,,,,,,,,,,312,298,147,52,480,,37,,2,208,131,48,74,33,87,127,121,58,86,,20,,198,,234,,,,,,,,,,,,,,,,,,,,,,,,,,,,,,,,,,450,,57,,,60,165,,465,,-293,272,,,,93,,27,,121,,250,,,,,,,362,,,128,,122,108,,,3,
2026-08-15T16:35:02+00:00,115,240,,151,487,6,,48,,290,,136,,246,,,216,,,,,133,465,396,123,215,,3,,,50,709,30,,9,163,,188,,,,124,,90,,27,,,,,,,,39,,,,,,,,,,,104,,229,48,,,81,,,239,,,56,240,,,,,,,,,,,,,,,,,,,,,,,,,,,,,,,,,,,,,,,,,113,83,567,105,,480,,,363,,,,,,17,,,,,,,,,,113,196,,,,,,,,,,,,,,,,,,,,,,,,,,,,,,,208,,1206,265,,170,151,,260,250,427,200,78,,109,17,16,146,,,,,,,,64,,115,,,,,,,,,,,,122,,,,,,48,,,,,,,,,,,,,,,,,,3,131,,,,60,,,,,88,,,,,51,,,,,,,,,,,114,313,240,117,189,,273,,385,39,,187,244,391,567,,367,281,142,,214,348,45,,1256,,,,258,,,,,,,,,,,,,164,53,10,11,,,,449,,,,,,,,272,,,,,,,,,,,,15,,,,,,,,,,,,82,,26,,50,,,67,122,121,,,,,,173,,,18,92,131,48,120,,,154,228,,71,144,859,18,,,,282,307,,1133,215,233,72,,60,,,,,,,,,,,,,,,,,,,,,,421,65,148,,562,,,,68,281,369,,,121,99,,,,,,32,,,,96,219,92,58,149,271,234,317,315,,,489,,,20,1,211,,49,77,,86,126,123,56,83,,21,,199,,235,,,,,,,,,,,,,,,,,,,,,,,,,,,,,,,,,,449,123,55,,,62,172,,,,1,274,,86,,,,28,,124,,,,,,,,,365,,,135,,127,,,,,
2026-08-15T16:40:02+00:00,114,,,,486,,,50,189,287,,134,,244,,,215,,,,,137,466,395,116,216,,4,,,51,708,,,,,,189,,,,123,,,,28,,,,,,,325,,,,,36,,,,,,,102,80,,49,,,79,,,242,,,59,,224,165,191,132,181,175,,,,,,157,250,,226,319,,,,140,,,51,106,119,250,6,,,42,265,248,,151,208,1126,,,468,,,,,,,,,,,,,,,,,,,,,,,,,,,,,,,,,,80,,,162,,528,,135,,111,,,,,,,,,,,,,,,,,,,,,,,,,,,79,,110,17,15,168,,,,,,,,63,,114,,,,,,,,,,52,,,,,,,,,,,,,,,,,,,,,,,456,,,0,132,,,,57,,,,,86,,,,,,,,,,,,,,,,118,320,,119,193,237,283,,,38,,189,245,390,570,,370,273,,,216,342,47,,1245,,,,260,,22,,,,,,,,,,,163,51,14,9,,,,450,,,,,,,,275,,,,,,,,,,,,13,,,,,,,,,,,,67,,,79,47,,,68,102,122,,,343,,,168,,,,,,55,128,25,283,153,227,,74,142,,17,,42,55,,304,60,1128,212,,71,193,54,,,,,,,,,,,,,,,,,,,,,,422,62,149,,564,,235,198,83,285,,,,122,100,,,,,,,,,,95,227,89,65,154,279,241,320,327,149,53,493,45,41,,3,215,,50,,,83,122,122,45,80,,,,,,233,,,,,,,,,,,,,,,,,,,,,,,,,,,,,,,,,,,124,54,,,63,175,74,468,,7,277,,87,,,,,,126,,252,,,,,,,362,,,139,,126,110,,,,
2026-08-15T16:45:01+00:00,116,238,,,490,4,,48,197,286,,133,,242,,,216,,,,,,,396,110,,,,,,53,711,,,10,162,,191,,,138,124,,89,,27,,,,,,,326,,,,,,19,,,,,,99,79,,47,,,78,,,243,,,61,236,,,,,,,,,,,,,,,,,,,,,,,,,,,,,,,,,,,,,,,,,114,94,547,102,205,484,,32,354,,,,,,23,,,,,,,,,,120,194,,,,,,,,,,,,,,,,,,,,,,,,,,,,,,,207,387,1203,270,,172,148,56,,,,191,80,,,17,,169,,,,,,,,,,,,,,,,,97,,,,,121,,,,,,49,,,,,,,,,,,,,,,454,,,,,,,,47,,,,,82,,,,,,,,,,,,,,,,114,329,,122,,,294,,386,36,,,249,389,567,,369,266,,,,338,44,,1239,,,,,,,,,,,,,,,,,,,,,,,,,,,,,,,,,,,,,,,,,,,,,,,,,,,,,,,,62,,,77,48,,,66,92,118,,,340,,,167,17,,,,130,,132,26,,151,228,,78,143,,18,137,,,,,,,,,,,,,,,,,,,,,,,,,,,,,,,,,,,153,,,,,,,,,,,123,,,,,,,,,,,,,,,,,,,349,148,55,492,,47,22,8,219,132,47,85,34,89,115,118,39,73,,20,,,,232,,,,,,,,,,,,,,,,,,,,,,,,,,,,,,,,,,444,,52,,,65,179,,470,,10,279,,90,,96,,29,,130,394,,,,,,,,364,,,162,,129,111,,,,
2026-08-15T16:50:01+00:00,115,,,,491,2,,,,285,,134,,241,,,213,,,,,,468,399,107,221,,3,,,55,717,31,,4,,,197,,38,139,,,,,,,,,,,,,,,,,34,,,,170,,,97,,,46,,,77,,,240,,,,233,232,166,192,129,174,174,,,,351,,152,235,225,220,315,8,,,153,,,,105,126,243,,,741,,296,249,119,154,200,1124,,,,36,113,99,526,,201,479,54,38,,,,,,,,,,,,,,,,,,,,,,,,,73,,,164,,529,,125,,106,,516,,,,,,,,,,,,,,,,,,,,,,,,,,,112,17,,166,,,,,,,,64,,117,,,,,,,95,,,,,,,,,,,,,,,,,,,,,,,,,,,,,,129,,,,35,,,,,80,,,,,54,,,,,,,,,,,112,333,,,200,,303,,384,28,,,,390,568,,371,261,,,,,,,1225,,,,254,,25,,,,,,,,,,,166,,11,,,,,,,,,,,,,278,,,,,,,,,,,,,,,,,,,,,,,,58,,,76,,,,63,84,108,,,338,133,,,,,,91,,53,135,,282,152,230,,79,145,860,19,138,,49,279,294,61,,206,229,64,,38,,,,,,,,,,,,,,,,,,,,,,427,,,,557,,236,203,103,284,366,,,125,102,,,,,,33,,,262,92,234,93,71,,277,,325,365,147,61,500,,,,,,,,,,,,,,,,,,,,,,,,,,,,,,,,,,,,,,,,,,,,,,,,,,,,,,,122,53,,,63,180,,473,,8,280,,86,,95,,25,,131,393,250,,,,,,,361,,,169,,136,115,,,25,
2026-08-15T16:55:01+00:00,111,239,,,485,3,,52,201,294,,130,,242,,,210,,,,,139,465,404,103,216,,5,,,54,,,,3,,,200,,,137,123,,,,26,,,,,,,325,,,,,,,,,,,,95,78,,47,,,,,,242,,,54,232,228,160,193,130,173,,,,,350,,147,236,221,215,305,,269,,164,356,,52,100,129,238,,,737,43,303,250,120,155,205,1127,,14,,34,,,,,,,,,,,,,,,11,,,,,541,,,,,116,196,,,,,,,,,,,,,,,,,,,,,,,,,,,,,,,,385,1198,,106,,144,,261,248,424,185,85,,113,17,18,181,,,,,,,,63,,116,,,,,,,,,,53,,122,,,,,,,,,,,,,,,,,,,,,,,,,,,,,33,,,,,,,,,,,,,,,51,,,,,,109,339,,123,203,239,309,,382,27,10,,,391,565,334,370,253,,,,335,46,,1223,,,,,,,,,,,,,,,,,,,,,,,,,,,,,,,,,,,,,,,,,,,,,,,,,,,,,,,,53,,25,73,51,,,60,68,109,,,332,131,,166,,,,90,131,49,141,27,,154,232,,80,,,,,44,,,,,,,,,,,,,,,,,,,,,,,,,,,,,,,,426,61,,,556,,,205,119,281,364,,,129,,,,,,,30,,,263,89,232,92,72,150,280,245,,385,153,67,509,46,50,,0,220,133,42,86,30,95,89,,18,63,,22,,201,,228,,,,,,,,,,,,,,,,,,,,,,,,,,,,,,,,,,441,120,51,,,67,182,78,466,,13,282,,90,,93,,27,,137,,252,,,,,,,364,,,178,,141,,,,,
2026-08-15T17:00:02+00:00,110,,,,487,,,51,204,295,,127,,239,,,211,,,,,138,464,405,101,223,,6,,,55,719,,,0,163,,199,,,,122,,88,,25,,,,,,,324,,,,,,18,,,169,,,94,,,48,,,75,,,238,,,52,,,,,,,,,,,,,,,,,,,,,,,,,,,,,,,,,,,,,,,,,,,103,527,99,204,477,,40,349,,,,,,12,,,,,540,,,,,120,195,,,,,,,66,,,158,,531,,117,,90,,512,,,,,,,,,,,,,,,,,,,,,,,,,89,,119,17,14,185,,,,,,,,,,,,,,,,,,,,54,,,,,,,,,,,,,,,,,,,,,,,452,,,,,,,,32,,,,,,,,,,53,,,,,53,,,,,,104,344,,,206,,316,,379,25,,,246,392,572,,365,246,140,,218,336,44,,1217,,,,,,,,,,,,,,,,,,,,,,,,,,,,,,,,275,,,,,,,,,,,,,,,,,,,,,,,,54,,,74,53,,,,60,112,,,329,127,,160,,,,88,132,53,144,,,156,230,,78,146,861,,,43,46,,288,62,1126,200,222,60,,25,,,,,,,,,,,,,,,,,,,,,,423,,151,,557,,238,,134,278,,,,132,,,,,,,29,,,,88,234,96,71,149,279,,324,395,152,70,507,48,51,,,221,,43,87,,93,87,122,13,58,,21,,207,,,,,,,,,,,,,,,,,,,,,,,,,,,,,,,,,,,,437,116,50,,,71,186,,469,,20,284,,91,,92,,28,,135,,254,,,,,,,359,,,179,,142,,,,27,
2026-08-15T17:05:02+00:00,116,237,,,491,2,,48,214,292,,,,,,,206,,,,,139,462,404,94,225,,7,,,54,723,,,,158,,202,,,138,,,87,,,,,,,,,320,38,,,,,,,,171,,,93,79,230,49,,,,,,,,,51,228,222,163,195,128,168,177,,,,349,1,,234,219,213,311,2,,,174,354,,51,101,136,,,,740,,,251,,152,,1132,,15,,35,112,102,530,100,205,480,,41,351,,,,,,,,,,,,,,,,,,,,,,,,53,,,151,,540,,108,,78,,510,,,,,,,,,,,,,,378,1195,274,,176,132,,259,245,423,174,,,118,17,15,203,,,,,,,,65,,115,,,,,,,92,,,,,125,,,,,,,,,,,,,,,,,,,,,,,,,,,,,,,,,,79,,,,,,,,,,,,,,,,101,339,239,,209,238,324,,375,24,,188,241,393,581,,363,232,,,219,340,47,,1211,,,,245,,26,,,,,,,,26,,,158,43,9,10,,,,449,,,,,0,,,271,,,,,,,,,,,,,,,,,,,,,,,,52,109,24,73,52,,,53,58,107,,,327,124,,158,,,,,125,57,0,26,281,157,227,,80,,862,20,,44,45,277,280,,,194,,58,,15,,,,,,,,,,,,,,,,,,,,,,420,62,149,,553,,239,,148,285,,,,131,106,,,,,,26,,,265,86,,100,81,147,281,247,326,397,154,,521,,59,,,220,,44,85,29,,82,125,12,57,,,,,,,,,,,,,,,,,,,,,,,,,,,,,,,,,,,,,,,,433,115,49,,,73,190,,465,,27,286,,,,90,,29,,137,394,257,,,,,,,358,124,,193,,145,117,,,37,
2026-08-15T17:10:01+00:00,117,238,,,490,3,,51,216,289,,,,237,,,201,,,,,141,,408,,,,4,,,,,30,,,157,,,,,139,,,,,,,,,,,,,,,,,,,,,,,,,,,48,,,74,,,235,,,50,,,,,,,,,,,,,,,,,,,,,,,,,,,,,,,,,,,,,,,,,,,,,,,,,,,,,,,,15,,,,,,,,,,123,194,,,,,,,45,,,146,,545,,93,,67,,509,,,,,,,,,,,,,,,,,,,,,,,,,93,,121,17,10,206,,,,,,,,64,,,,,,,,,96,,,55,,126,,,,,,,,,,,,,,,,,,,,,450,,,,134,,,,34,,,,,80,,,,,,,,,,52,,,,,,98,346,240,124,214,,329,,374,23,,190,,,585,,,231,,,,338,43,,1213,,,,,,,,,,,,,,,,,,,,,,,,,,,,,,,,,,,,,,,,,,,,,,,,,,,,,,,,49,108,23,72,56,,,51,47,99,,,328,123,,159,,,,,122,56,,,,160,229,,,,,,139,43,43,,278,,1124,190,225,,,,,,,,,,,,,,,,,,,,,,,,,424,61,147,,,,,204,164,,,,,128,107,,,,,,29,,,,87,,106,70,152,282,249,330,405,159,69,537,47,68,,,221,136,51,76,,90,67,,2,56,,,,,,233,,,,,,,,,,,,,,,,,,,,,,,,,,,,,,,,,,430,113,43,,,71,194,,470,,29,290,,,,,,32,,139,395,259,,,,,,,362,,,197,,147,118,,,,
2026-08-15T17:15:01+00:00,121,236,,,491,4,,56,221,290,,128,,236,,,199,,,,,142,461,409,102,227,,0,,,56,732,,,,,,208,,,,121,,86,,24,,,,,,,319,37,,,,,19,,,,,,94,,229,,,,72,,,,,,49,227,223,165,199,126,169,176,,,,350,,145,231,210,208,317,,264,,172,,,50,,121,,,168,739,,315,252,118,155,204,1135,,,,29,,111,514,102,207,481,,36,344,,,,,,,,,,,,,,,,,,,,,,,,,,,,,,,,,,,,,,,,,,,,,,,,,377,1191,280,109,184,126,,258,244,420,169,92,,124,17,8,207,,,,,,,,,,,,,,,,,95,,,,,127,,,,,,,,,,,,,,,3,,,,,,,,,2,,,,,36,,,,,,,,,,,,,,,,,,,,,95,355,241,125,221,239,341,,377,28,11,195,243,392,588,,365,226,,,220,339,42,,1214,,,,249,,25,,,,,,,,,,,157,41,10,8,,,,450,,,,,,,,264,,,,,,,,,,,,12,,,,,,,,,,,,47,113,22,71,,,,49,41,98,,,,,,,,,,87,124,60,,25,282,,,,82,147,863,,,,,,,,,,,,,,,,,,,,,,,,,,,,,,,,,,,431,,149,,552,,240,200,172,284,363,,,125,106,,,,,,30,,,264,85,,108,76,153,283,254,332,423,160,70,,49,71,24,1,220,135,43,75,27,83,61,124,0,53,,19,,209,,234,,,,,,,,,,,,,,,,,,,,,,,,,,,,,,,,,,429,112,41,,,69,201,80,,,32,293,,93,,,,31,,142,396,,,,,,,,358,,,208,,148,119,,,37,
2026-08-15T17:20:02+00:00,,234,,,493,6,,61,220,289,,120,,,,,202,,,,,,464,408,101,226,,,,,57,730,,,,,,214,,,138,122,,85,,25,,,,,,,316,,,,,,17,,,170,,,,78,,46,,,71,,,236,,,48,228,,,,,,,,,,,1,142,223,203,203,299,,266,,181,,1,49,99,119,232,,,,44,317,249,,158,193,1140,,,,25,,,,,,,,,,,,,,,26,,,,,538,,,,,122,191,,,,,,,,,,,,,,,,,,,,,,,,,,,,,,,,,,,,,,,,,,,94,,125,17,15,231,,,,,,,,63,,116,,,,,,,96,,,56,,126,,,,,,50,,,,,,,,,0,,,,,,446,,,,,,,,34,,,,,81,,,,,,,,,,,,,,,,93,365,243,,223,240,345,,,31,,197,,,591,,367,214,139,,219,340,39,,1215,,,,244,,,,,,,,,,,,,158,38,9,6,,,,,,,,,,,,255,,,,,,,,,,,,13,,,,,,,,,,,,40,114,,69,62,,,46,24,96,,,327,120,42,162,16,,,88,127,66,,,,,228,,88,148,,,,44,33,276,270,61,1122,184,220,56,,34,,,,,,,,,,,,,,,,,,,,,,435,63,147,,542,,244,199,217,285,,,,,107,,,,,,28,,,267,88,,114,77,151,,255,337,432,165,73,542,47,,,2,,,41,78,,84,,125,,,,21,,210,,235,,,,,,,,,,,,,,,,,,,,,,,,,,,,,,,,,,430,110,43,,,72,204,,,15,33,294,,100,,,,30,,144,,256,,,,,,,357,125,,230,,149,123,,,,
2026-08-15T17:25:01+00:00,123,237,,,496,4,,64,,290,,123,,230,,,198,,,,,141,463,405,102,232,,,,,61,,29,,,158,,217,,,,121,,,,,,,,,,,,38,,,,35,,,,172,,,,,,,,,65,,,239,,,,,214,174,205,131,168,179,,,,348,,141,221,200,199,293,,263,,188,357,,48,100,120,,2,,736,,329,250,,160,189,1143,,,,26,111,121,517,104,211,484,,30,348,,,,,,29,,,,,537,,,,,124,195,,,,,,,34,,,138,,549,,75,,43,,501,,,,,,,,,,,,,,373,1185,295,,195,127,,255,242,415,164,92,,129,17,18,252,,,,,,,,,,,,,,,,,98,,,,,127,,,,,,,,,,,,,,,,,,,,,445,,,,133,,,,35,,,,,,,,,,54,,,,,53,,,,,,89,373,246,126,226,241,353,,374,29,,198,240,,590,,369,201,,,,341,38,,1213,,,,246,,29,,,,,,,,,,,,40,,7,,,,,,,,,,,,251,,,,,,,,,,,,,,,,,,,,,,,,,113,,66,64,,,,13,89,,,325,,,160,,,,87,126,68,,26,280,161,232,,87,,862,,,41,,,,,,,,,,,,,,,,,,,,,,,,,,,,,,,,,64,146,,551,,,204,226,,,,,126,108,,,,,,25,,,265,86,,115,83,146,287,254,339,445,168,78,546,48,75,25,7,222,136,37,77,24,87,57,130,2,43,,23,,211,,236,,,,,,,,,,,,,,,,,,,,,,,,,,,,,,,,,,423,109,42,,,75,206,79,471,21,41,295,,103,,,,31,,148,397,,,,,,,,355,,,236,,151,124,,,,
2026-08-15T17:30:02+00:00,126,241,,,497,,,69,226,288,,121,,231,,,188,,,,,143,462,404,92,236,,,,,,743,,,,154,,218,,,139,120,,86,,,,,,,,,317,37,,,,34,16,,,,,,,,,,,,63,,,237,,,47,,,,,,,,,,,,,,,,,,,,,,,,,,,,,,,,,,,,,,,,,,,,,,,,,,,,,,,,,,,,,,,,,,,,,,,,,,,,,,,,,,,,,,,,,,,,,,,,,,,,,,,,,,,,,,95,,,17,17,278,,,,,,,,64,,115,,,,,,,,,,54,,,,,,,,,,,,,,,,,,,,,,,447,,,0,132,,,,,,,,,84,,,,,55,,,,,,,,,,,87,380,245,129,228,,363,,373,28,12,199,236,391,588,,370,192,137,,,,44,,1214,,,,245,,,,,,,,,,,,,159,,,,,,,,,,,,3,,,254,,,,,,,,,,,,,,,,,,,,,,,,42,,21,67,65,,,48,11,86,,,326,117,,159,,,,,124,72,,,278,163,231,,86,,861,21,,,34,277,268,,1119,,215,57,,29,,,,,,,,,,,,,,,,,,,,,,,,,,,,,,,,,,,,,,,,,,,,,,,,,,,,,341,462,167,80,555,,77,,,,,,,,,,,,,,,,,,,,,,,,,,,,,,,,,,,,,,,,,,,,,,,,,,,,420,108,,,,85,210,80,474,26,45,297,,112,,93,,32,,153,396,254,,,,,,,356,126,,249,,155,,,,47,
2026-08-15T17:35:01+00:00,127,242,,,498,,,75,227,,,120,,226,,,182,,,,,142,463,,88,239,,,,,64,749,,,,,,222,,,138,121,,87,,24,,,,,,,316,,,,,35,,,,,,,84,,,,,,62,,,238,,,,229,209,188,210,129,169,,,,,,,146,223,,198,282,,264,,179,355,1,46,,122,234,3,,734,43,328,249,119,,,1141,,,,,,,,,,,,,,,,,,,36,,,,,536,,,,,126,197,,,,,,,27,,,133,,553,,55,,33,,494,,,,,,,,,,,,,,371,1184,298,110,,123,58,254,,,161,97,,127,17,27,295,,,,,,,,65,,114,,,,,,,97,,,,,,,,,,,,,,,,,,,,,,,,,,445,,,,133,,,,33,,,,,82,,,,,,,,,,56,,,,,,86,383,246,130,,242,367,,374,29,,200,238,390,587,,,,,,,343,46,,1217,,,,248,,26,,,,,,,,,,,160,38,11,6,,,,449,,,,,10,,,255,,,,,,,,,,,,,,,,,,,,,,,,39,112,,,66,,,47,16,81,,,325,118,,158,,,,,118,65,,,276,,230,,,,859,,,,36,276,265,,1117,181,213,54,,22,,,,,,,,,,,,,,,,,,,,,,434,65,148,,546,,247,211,272,,365,,,127,109,,,,,,36,,,,84,,128,86,151,291,250,346,469,169,82,563,,82,24,8,229,135,29,81,25,88,,135,3,24,,21,,221,,,,,,,,,,,,,,,,,,,,,,,,,,,,,,,,,,,,415,109,40,,,79,214,79,481,31,52,299,,121,,96,,,,,395,255,,,,,,,355,,,261,,157,127,,,,
2026-08-15T17:40:01+00:00,,,,152,504,3,,,228,286,,116,,228,,,165,,,,,143,,405,89,,,,,,,,,,,153,,,,,139,,,86,,23,,,,,,,315,,,,,32,,,,,,,,,,,,,59,,,,,,46,230,,,,,,,,,,,,,,,,,,,,,,,,,,,,,,,,,,,,,,,,,,,,,,,,,,,,,,,,,,,,,,,,,,,,,,,,,,,,,,,,,,,,,,,,,,,,,,,,,,,,,,,,,,,,,101,,124,17,25,311,,,,,,,,,,113,,,,,,,,,,53,,,,,,,,,,,,,,,,,,,,,,,446,,,,,,,,34,,,,,,,,,,,,,,,,,,,,,84,384,243,132,230,,370,,370,32,,202,243,,591,,371,193,,,220,,48,,1219,,,,249,,27,,,,,,,,,,,159,40,12,4,,,,,,,,,22,,,250,,,,,,,,,,,,,,,,,,,,,,,,37,114,19,68,65,,,,23,76,,,320,112,,160,,,,,116,,,25,273,165,228,,,,,,138,40,,274,261,,1110,186,214,51,,17,,,,,,,,,,,,,,,,,,,,,,438,,149,,535,,,214,292,287,366,,,130,,,,,,,35,,,,,,131,85,152,293,,,479,168,83,569,49,,25,11,,134,28,83,24,85,50,138,1,21,,22,,222,,238,,,,,,,,,,,,,,,,,,,,,,,,,,,,,,,,,,411,107,34,,,80,219,,483,39,63,,,128,,98,,33,,155,394,,,,,,,,363,,,275,,,128,,,53,
2026-08-15T17:45:02+00:00,,,,,,9,,81,230,,,117,,,,,161,,,,,144,462,404,87,245,,,,,68,757,,,,152,,227,,,138,122,,84,,22,,,,,,,,,,,,,,,,,,,86,,,,,,58,,,241,,,45,231,202,194,217,128,,182,,,,,2,144,224,203,200,283,4,262,,194,356,,45,98,131,245,,,733,40,331,247,118,,191,1147,,,,,113,144,493,104,206,483,54,13,349,,,,,,32,,,,,537,,,,,129,,,,,,,,15,,,127,,558,,36,,16,,490,,,,,,,,,,,,,208,369,1181,314,,201,120,59,251,241,419,157,103,,125,17,,335,,,,,,,,67,,111,,,,,,,96,,,54,,126,,,,,,,,,,,,,,,,,,,,,,,,,134,,,,,,,,,81,,,,,56,,,,,,,,,,,87,393,,,232,243,379,,358,33,,205,250,392,595,,,,,,221,,49,,1220,,,,245,,30,,,,,,,,,,,160,41,13,8,,,,450,,,,,53,,,244,,,,,,,,,,,,14,,,,,,,,,,,,36,,17,67,62,,1,45,24,73,,,319,110,,161,15,,,,114,68,,,271,163,231,,85,,856,22,139,,,275,,62,1102,187,210,,194,6,,,,,,,,,,,,,,,,,,,,,,,,,,,,,,,,,,,,,,,,,,,,,,,,,,,,,349,491,169,85,579,47,,,17,228,,26,81,23,84,,142,2,20,,,,,,,,,,,,,,,,,,,,,,,,,,,,,,,,,,,,,,,,407,105,33,,,,227,81,482,48,71,303,,133,,96,,,,,,258,,,,,,,365,,,283,,,131,,,,
2026-08-15T17:50:02+00:00,130,240,,,508,,,,235,282,,120,,229,,,153,,,,,145,463,,82,248,,3,,,71,755,,,,149,,,,,141,,,85,,,,,,,,,316,38,,,,,,,,,,,,,,,,,54,,,,,,,,,,,,,,,,,347,7,142,231,204,,285,,261,,206,358,,,97,132,247,12,,731,,332,244,,161,193,1154,,,,27,,,,,,,,,,,,,,,,,,,,,,,,,,,,,,,,,,,,,,,,,,,,,,,,,,,,,,,,,,,,,,,,,,,,,102,,,17,23,342,,,,,,,,,,110,,,,,,,94,,,,,,,,,,,,,,,,,,,,,,,,,,448,,,,,,,,,,,,,,,,,,55,,,,,57,,,,,,88,394,242,,236,,382,,354,30,,,251,393,604,,373,186,,,,344,51,,1222,,,,247,,,,,,,,,,,,,162,,,9,,,,,,,,,61,,,,,,,,,,,,,,,13,,,,,,,,,,,,37,113,16,,64,,0,43,27,67,,,,108,,162,,,19,,,67,,26,270,,,,,147,,23,140,,39,274,253,,1096,184,208,52,,4,,,,,,,,,,,,,,,,,,,,,,444,68,151,,530,,248,213,332,,,,,,110,,,,,,37,,,262,85,,135,81,157,294,253,353,505,173,84,576,,87,26,19,232,,27,83,22,,47,153,0,11,,,,226,,240,,,,,,,,,,,,,,,,,,,,,,,,,,,,,,,,,,404,106,26,,,76,230,82,,57,73,307,,135,,100,,,,160,,257,,,,,,,366,,,285,,160,,,,76,
2026-08-15T17:55:01+00:00,133,242,,,511,8,,89,237,283,,,,230,,,151,,,,,146,461,407,74,251,,0,,,74,757,,,,145,,233,,,,,,83,,21,,,,,,,,,,,,30,17,,,,,,,,230,,,,53,,,244,,,43,,207,198,216,131,168,185,,,,346,1,144,235,201,198,271,5,262,,230,357,,,94,133,241,32,,729,39,348,241,119,159,194,1157,,,,24,114,154,487,108,211,490,,10,350,,,,,,37,,,,,536,,,,,127,198,,,,,,,8,,,118,,563,,18,,1,,486,,,,,,,,,,,,,,365,1183,341,109,202,126,,250,242,411,148,105,,131,17,21,348,,,,,,,,,,111,,,,,,,,,,,,125,,,,,,,,,,,,,,,,,,,,,452,,,,,,,,31,,,,,80,,,,,,,,,,59,,,,,,85,396,238,133,238,241,388,,358,32,,209,256,,606,,375,187,,,222,347,52,,1225,,,,242,,29,,,,,,,,,,,164,39,14,12,,,,,,,,,69,,,246,,,,,,,,,,,,12,,,,,,,,,,,,32,114,,68,,,,,29,76,,,318,105,,,,,,,117,65,,25,269,164,232,,,144,853,24,,42,,,,,,,,,,,,,,,,,,,,,,,,,,,,,,,,445,69,,,527,,247,215,350,288,,,,,,,,,,,38,,,264,84,,136,77,159,,257,356,515,175,89,580,,86,,22,231,135,24,86,23,82,36,159,,0,,23,,,,,,,,,,,,,,,,,,,,,,,,,,,,,,,,,,,,,,,,30,,,80,239,84,486,68,78,308,,141,,102,,32,,,,258,,,,,,,364,,,298,,161,132,,,87,
2026-08-15T18:00:01+00:00,134,244,,,514,10,,96,245,281,,115,,228,,,140,,,,,149,,408,73,,,,,,,,,,,143,,,,37,140,,,84,,22,,,,,,,318,,,,,29,,,,,,,,77,,44,,,52,,,248,,,46,226,,,,,,,,,,,,,,,,,,,,,,,,,,,,,,,,,,,,,,,,,,,,,,,,,,,,,,,,,,,,,,,,,,,,,,,,,,,,,,,,,,,,,,,,,,,,,,,,,,,,,,,,,,,,,106,,130,17,15,352,,,,,,,,69,,,,,,,,,96,,,,,126,,,,,,,,,,,,,,,,,,,,,454,,,,,,,,26,,,,,,,,,,,,,,,60,,,,,,86,397,,,,242,390,,359,33,,211,254,,607,335,372,178,,,,350,56,,,,,,247,,32,,,,,,,,,,,162,40,,,,,,,,,,,75,,,242,,,,,,,,,,,,14,,,,,,,,,,,,30,115,12,69,62,,,46,25,70,,,316,106,,,14,,,88,111,62,,24,267,167,236,,86,145,850,,,43,35,272,241,63,1084,185,,56,,3,,,,,,,,,,,,,,,,,,,,,,,,153,,,,,,,,,,,,111,,,,,,,,,,,,,,,,,357,527,177,92,585,46,91,25,23,,,22,88,,,33,163,,3,,,,231,,,,,,,,,,,,,,,,,,,,,,,,,,,,,,,,,,,,402,107,29,,,79,246,,493,80,82,307,,146,,103,,31,,,395,259,,,,,,,366,,,314,,,131,,,98,
2026-08-15T18:05:02+00:00,,,,,515,,,99,248,283,,117,,226,,,136,,,,,150,462,409,67,,,7,,,,,,,,141,,,,38,,,,,,23,,,,,,,317,,,,,30,,,,,,,,,,,,,,,,252,,,44,,201,204,217,130,166,187,,,,348,,136,241,203,196,266,,263,,229,356,,,,129,238,31,,728,38,371,,,164,196,,,,,,,170,486,112,210,488,,,351,,,,,,41,,,,,535,,,,,123,200,,,,,,,1,,,107,,572,,1,,2,,,,,,,,,,,,,,,207,363,1182,364,110,201,,,246,,410,151,,,131,17,24,367,,,,,,,,,,113,,,,,,,97,,,53,,127,,,,,,,,,,,,,,,,,,,,,455,,,,,,,,28,,,,,,,,,,54,,,,,61,,,,,,84,401,234,134,241,,395,,363,34,,,257,,608,,369,,,,223,,57,,,,,,250,,33,,,,,,,,,,,158,,,10,,,,,,,,,78,,,244,,,,,,,,,,,,,,,,,,,,,,,,24,116,,67,,,1,45,28,66,,,,103,41,161,13,,,,108,69,,,273,,234,,84,,,,143,44,36,,,62,1079,178,207,,,0,,,,,,,,,,,,,,,,,,,,,,468,72,155,,,,248,213,400,287,365,,,128,,,,,,,33,,,265,83,,137,78,153,,263,358,535,176,98,597,45,93,28,,234,134,19,91,22,,,175,,2,,22,,237,,242,,,,,,,,,,,,,,,,,,,,,,,,,,,,,,,,,,399,104,24,,,85,252,85,497,93,92,309,,149,,104,,33,,162,,260,,,,,,,365,,,329,,163,133,,,108,
2026-08-15T18:10:02+00:00,136,,,,517,12,,104,252,286,,115,,229,,,149,,,,,155,,410,72,255,,5,,,,784,,,,142,,,,,137,121,,,,,,,,,,,,,,,,31,,,,,,,48,,,47,,,51,,,255,,,41,224,,,,,,,,,,,,137,237,202,195,264,,,,228,352,,,96,132,245,27,,,47,,,,166,198,1156,,,,,,,,,,,,,,,,,,,,,,,,,,,,,,,,,,,,,,,,,,576,,,,,,483,,,,,,,,,,,,,,,,,,,,,,,,,107,,132,17,21,400,,,,,,,,,,114,,,,,,,98,,,,,,,,,,,,,,,,,,,,,,,,,,462,,,,,,,,24,,,,,75,,,,,,,,,,,,,,,,86,400,230,136,242,,396,,365,33,,212,256,,611,,366,176,,,224,,56,,,,,,256,,,,,,,,,,,,,157,43,13,11,,,,,,,,,88,,,245,,,,,,,,,,,,,,,,,,,,,,,,26,,,68,63,,,46,30,70,,,317,102,,,12,,18,,,72,,25,274,,237,,86,,849,,,,,,,,,,,,,,,,,,,,,,,,,,,,,,,,,,,466,,156,,530,,,216,422,,366,,,129,110,,,,,,31,,,267,86,,140,98,148,,266,,545,182,101,598,44,91,,19,236,,16,92,21,80,34,176,,0,,21,,240,,,,,,,,,,,,,,,,,,,,,,,,,,,,,,,,,,,,397,,,,,,256,83,500,106,105,316,,154,,106,,35,,163,,,,,,,,,369,,,338,,165,134,,,121,
2026-08-15T18:15:02+00:00,142,,,,525,14,,101,257,288,,118,,,,,,,,,,156,463,413,70,261,,0,,,87,792,,,,,,,,,,122,,83,,,,,,,,,316,,,,,33,,,,173,,,79,,,48,,,49,,,258,,,42,225,199,215,218,131,169,185,,,,,,,,,,,,,,,,,,,,,,,,,,,,,,,,,,,115,185,477,124,216,485,53,11,,,,,,,42,,,,,537,,,,,128,207,,,,,,,,,,,,,,,,,,,,,,,,,,,,,,,,362,1178,369,,205,,61,247,244,409,145,108,,137,17,27,415,,,,,,,,70,,113,,,,,,,,,,54,,,,,,,,,,,,,,,,,,,,,,,466,,,,,,,,23,,,,,77,,,,,57,,,,,60,,,,,,90,406,229,138,239,244,401,,,36,,216,255,397,619,334,361,178,,,,351,57,,1224,,,,,,,,,,,,,,,,,,,,,,,,,,,,,,,,,,,,,,,,,,,,,,,,,,,,,,,,27,,11,,,,,45,,71,,,316,,,163,,,,,105,75,,,276,,,,88,,,,,,32,273,,63,1076,,204,53,,2,,,,,,,,,,,,,,,,,,,,,,,,,,,,,,,,,,,,,,,,,,,,,,,,,,,,,360,551,184,105,603,45,88,26,14,238,,18,96,22,,32,180,,,,,,241,,241,,,,,,,,,,,,,,,,,,,,,,,,,,,,,,,,,,392,102,26,,,,262,84,503,118,111,317,,159,,108,2,37,,166,397,259,,,,,,,,,,348,,166,136,,,,
2026-08-15T18:20:02+00:00,145,248,,,529,13,,,256,290,,,,226,,,143,,,,,159,464,416,63,,,,,,88,801,,,,138,,,,,135,,,81,,,,,,,,,315,,,,,30,,,,,,,,78,,,,,46,,,260,,,40,224,202,221,220,132,168,184,,,,,1,128,240,199,192,249,4,,,223,351,1,44,94,,,29,,729,44,395,239,120,164,190,1159,,,,22,,,,,,,,,,,,,,,,,,,,,,,,,,,,,,,,,,,,94,,583,,,,2,,,,,,,,,,,,,,,,,,,,,,,,,,,106,,134,17,,440,,,,,,,,,,,,,,,,,97,,,,,,,,,,,,,,,,,,,,,,,,,,468,,,,133,,,,26,,,,,,,,,,56,,,,,,,,,,,88,409,,140,242,,,,,34,,217,256,,622,,,170,,,,,58,,,,,,259,,37,,,,,,,,,,,160,42,10,,,,,,,,,,101,,,239,,,,,,,,,,,,,,,,,,,,,,,,16,,,,62,147,2,47,0,80,,,317,105,,165,11,,,,,78,,,278,168,238,,,,,26,,,,,,,,,,,,,,,,,,,,,,,,,,,,,,,,,,482,70,157,,528,,254,218,455,290,368,,,134,,,,,,,35,,,,88,,143,101,155,,268,,555,188,106,608,49,91,,16,239,,21,97,,75,34,188,,2,,22,,250,,242,,,,,,,,,,,,,,,,,,,,,,,,,,,,,,,,,,,103,29,,,86,267,,504,127,116,321,,160,,109,1,38,,,400,258,,,,,,,371,,,354,,,,,,147,
2026-08-15T18:25:01+00:00,144,,,,535,,,102,258,289,,116,,225,,,139,,,,,161,463,,62,265,,,,,,803,,,,137,,,,,,,,80,,,,,,,,,,37,,,,,16,,,172,,,75,79,,49,,,,,,263,,,39,226,,,,,,,,,,,,,,,,,,,,,,,,,,,,,,,,,,,,,,,,,,,,,,,,,,,,,,,,,,,,538,,,,,130,214,,,,,,,,,,,,,,,,,,,,,,,,,,,,,,,,354,1175,370,,,124,,233,242,407,,111,,132,17,,458,,,,,,,,71,,114,,,,,,,100,,,,,,,,,,,51,,,,,,,,,,,,,,,470,,,,,,,,28,,,,,,,,,,,,,,,,,,,,,90,410,230,,,245,402,,367,35,,218,257,,624,,359,166,,,,354,55,,,,,,265,,39,,,,,,,,,,,158,45,14,10,,,,,,,,,115,,,238,,,,,,,,,,,,,,,,,,,,,,,,0,,,,61,,3,46,,76,,,316,,,,9,,,,102,82,,26,281,172,237,,89,146,851,,,,34,,233,64,1073,179,200,52,,1,,,,,,,,,,,,,,,,,,,,,,,,,,,,,,,,,,,,,,,,,,,,,,,,,,,,,362,568,184,107,609,52,93,,17,241,,20,99,23,74,33,187,,0,,23,,,,244,,,,,,,,,,,,,,,,,,,,,,,,,,,,,,,,,,388,104,27,,,83,271,,506,136,127,,,161,,111,-230,40,,169,399,259,,,,,,,373,,,364,,169,,,,159,
2026-08-15T18:30:01+00:00,146,,,,537,17,,107,259,290,,114,,221,,,,,,,,164,462,417,65,267,,,,,94,806,,,,138,,,,,136,123,,,,,,,,,,,,,,,,,17,,,173,,,,,,48,,,43,,,264,,,41,227,204,,222,133,171,187,,,,350,,126,252,194,189,240,,,,229,350,,,97,,244,25,,730,41,422,236,,163,192,1158,,,,23,115,197,473,135,220,490,54,9,354,,,,,,,,,,,,,,,,,,,,,,,,,,,86,,593,,,,,,479,,,,,,,,,,,,,,,,,,,,,,,,,118,,128,17,24,476,,,,,,,,70,,113,,,,,,,101,,,55,,128,,,,,,,,,,,,,,,,,,,,,,,,,,,,,29,,,,,,,,,,55,,,,,61,,,,,,88,411,229,141,,,403,,373,38,,217,261,,,,361,160,,,225,353,,,1223,,,,273,,41,,,,,,,,,,,157,47,,7,,,,,,,,,137,,,235,,,,,,,,,,,,13,,,,,,,,,,,,1,,,69,60,,,47,,,,,,104,,163,7,,,,106,87,,,283,173,236,,91,147,,29,,42,,,231,,1068,180,201,53,195,,,,,,,,,,,,,,,,,,,,,,,494,,159,,525,,256,223,471,287,,,,133,111,,,,,,33,,,,90,,144,104,156,,270,363,572,186,111,612,,96,,16,248,135,16,103,24,71,36,196,,,,22,,255,,243,,,,,,,,,,,,,,,,,,,,,,,,,,,,,,,,,,387,105,24,,,95,,,510,144,130,319,,169,,115,,42,,171,,260,,,,,,,380,,,371,,172,137,,,165,
2026-08-15T18:35:01+00:00,,246,,,540,16,,108,261,293,,112,,222,,,137,,,,,,,,61,266,,,,,96,809,,,,139,,,,,,,,79,,,,,,,,,316,,,,,,,,,,,,77,,,44,,,40,,,265,,,,228,,,,,,,,,,,,,,,,,,,,,,,,,,,,,,,,,,,,,,,,,,,,,,,,,,,,,,,45,,,,,537,,,,,131,212,,,,,,,,,,82,,595,,1,,1,,477,,,,,,,,,,,,,206,351,,356,111,,125,,218,245,403,,,,,,,,,,,,,,,,,,,,,,,,,,,,,,,,,,,,,,,,,,,,,,,,,,474,,,,134,,,,,,,,,,,,,,,,,,,62,,,,,,,,,,,,,,,,,218,264,,628,335,,153,,,,349,,,,,,,,,,,,,,,,,,,,,,,,,,,,,,,,,,,,,,,,,,,,,,,,,,,,,,,,,,,,,,,,,,,,,,,,,,,,,,,,,,,,,,,,,,,,,,,,,,,,,,,,,,,,,,,,,,,,,,,,,,,,,72,162,,506,,,227,479,284,366,,,,110,,,,,,30,,,268,89,,,116,158,,271,,,,,,,,,,,,,,,,,,,,,,,,,,,,,,,,,,,,,,,,,,,,,,,,,,,,,,,,,,,386,107,21,,,99,275,,511,153,138,321,,172,,117,,43,,,,259,,100,,,,,386,,,378,,174,,,,173,
2026-08-15T18:35:02+00:00,,,,,,,,,,,,,,,,,,,,,,,,,,,,,,,,,,,,,,,,,,,,,,,,,,,,,,,,,,,,,,,,,,,,,,,,,,,,,,,,,,,,,,,,,,,,,,,,,,,,,,,,,,,,,,,,,,,,,,,,,,,,,,,,,,,,,,,,,,,,,,,,,,,,,,,,,,,,,,,,,,,,,,,,,,,,,,,,,,,,,,,,,,,120,,131,17,,486,,,,,,,,,,,,,,,,,,,,,,,,,,,,,,,,,,,,,,,,,,,,,,,,,,,,,,,,,,,,,,,,,,,,,,,,86,420,233,,,246,404,,374,,11,,,,,,,,,,,,,,,,,,276,,45,,,,,,,,,,,159,,,,,,,,,,,,142,,,236,,,,,,,,,,,,14,,,,,,,,,,,,3,,,,61,,4,48,,78,,,317,105,,165,,,,,105,89,,,289,172,239,,94,,856,,,41,,,,,1065,181,202,56,196,7,,,,,,,,,,,,,,,,,,,,,,,,,,,,,,,,,,,,,,,,,,,,,,,,,,,,,364,579,184,,610,53,97,25,18,249,134,18,105,23,,,197,,,,21,,,,244,,,,,,,,,,,,,,,,,,,,,,,,,,,,,,,,,,,,,,,,,,,,,,,,,,,,,,,,,,,,,,,,,,,,,,,,
2026-08-15T18:40:01+00:00,,,,,,19,,111,263,,,,,223,,,131,,,,,,460,419,59,260,,,,,98,808,,,,135,,,,,135,122,,80,,,,,,,,,314,,,,,,,,,174,,,74,80,,,,,39,,,274,,,45,226,200,223,221,131,174,189,,,,353,,121,254,192,190,226,1,262,,235,351,,41,98,130,245,17,167,,40,442,238,121,164,,1159,,,469,,117,199,470,136,226,,,,357,,,,,,53,,,,,,,,,,132,213,,,,,,,1,,,77,,596,,,,2,,,,,,,,,,,,,,,,,,,,,,,,,,,121,,130,17,26,499,,,,,,,,71,,115,,,,,,,100,,,56,,129,,,,,,,,,,,,,,,,,,,,,,,,,133,,,,32,,,,,,,,,,,,,,,,,,,,,87,424,238,143,,,408,,375,,,,268,,626,336,362,150,,,227,350,57,,1222,,,,280,,48,,,,,,,,,,,,,16,,,,,,,,,,141,,,,,,,,,,,,,,,,,,,,,,,,,,,2,,14,70,63,,3,,,79,,,,104,,,4,,17,,106,92,,25,290,173,,,,,857,,,,40,272,218,,1064,178,206,57,197,5,,,,,,,,,,,,,,,,,,,,,,488,,,,501,,258,230,488,283,365,,,134,111,,,,,,27,,,,,,,115,159,,274,,581,188,112,614,,99,,19,251,,13,106,22,,35,195,,1,,,,256,,,,,,,,,,,,,,,,,,,,,,,,,,,,,,,,,,,,387,108,20,,,96,277,,513,160,144,,,171,,120,1,41,,170,400,258,,,,,,,390,,,386,,175,,,,178,
2026-08-15T18:45:02+00:00,,,,,543,,,113,266,294,,110,,224,,,129,,,,,,459,420,64,262,,3,,,100,,,,,,,,,,139,121,,,,,,,,,,,315,,,,,,16,,,,,,,,229,,,,,,,,,,,,,,,,,,,,,,,,,,,,,,,,,,,,,,,,,,,,,,,,,,,,,,,,,,,,,,,,,,,,,,,,,,,,,,,,,,,,,,,,,,,,,,,,,,,,,,,,,,,,205,,1180,353,112,209,126,,211,244,407,149,122,,128,17,,501,,,,,,,,,,,,,,,,,,,,,,,,,,,,,,,,,,,,,,,,,,,472,,,,,,,,34,,,,,,,,,,,,,,,,,,,,,88,426,242,,,247,,,,42,,,,,,,361,149,,,,,59,,1221,,,,281,,51,,,,,,,,,,,160,50,17,5,,,,,,,,,150,,,237,,,,,,,,,,,,,,,,,,,,,,,,9,,,,,,,,,81,,,318,,,164,3,,,,105,,,24,292,174,241,,,,860,,144,44,37,,213,,1066,182,209,56,,1,,,,,,,,,,,,,,,,,,,,,,,,,,,,,,,,,,,,,,,,,,,,,,,,,,,,,365,,190,115,619,,95,26,23,249,132,12,108,20,68,40,197,5,0,,29,,263,,,,,,,,,,,,,,,,,,,,,,,,,,,,,,,,,,,,386,,22,,,,282,84,514,172,145,,,174,,119,-230,,,,401,,,,,,,,393,127,,396,,,,,,182,
2026-08-15T18:50:01+00:00,145,245,,,546,21,,116,,,,109,,225,,,130,,,,,,461,421,67,259,,6,,,104,,,,,132,,,,,135,120,,79,,,,,,,,,316,,,,,,17,,,,,,73,,,43,,,41,,,276,,,42,,198,227,223,,176,190,,,,,,123,259,191,194,215,,,,248,352,,,97,138,250,8,,731,39,457,239,,167,195,1161,,,,19,118,202,478,140,227,,55,10,,,,,,,59,,,,,,,,,,135,210,,,,,,,,,,75,,,,,,,,478,,,,,,,,,,,,,,,,,,,,,,,,,123,,132,17,32,511,,,,,,,,,,,,,,,,,101,,,,,,,,,,,,,,,,,,,,,,,,,,,,,,134,,,,38,,,,,,,,,,54,,,,,61,,,,,,87,428,243,,,246,410,,372,43,,219,269,,627,335,359,,,,228,,62,,,,,,282,,58,,,,,,,,,,,,,21,6,,,,,,,,,159,,,241,,,,,,,,,,,,,,,,,,,,,,,,6,,,69,67,,1,,,85,,,320,106,,165,,,,,,93,,,293,,243,,95,,863,,,43,,,,,,,,,,,,,,,,,,,,,,,,,,,,,,,,494,73,166,,494,,262,232,493,286,364,,,135,110,,,,,,,,,271,91,,,44,161,,,367,582,191,118,616,54,96,27,24,246,,14,111,,79,,205,0,2,,20,,266,,,,,,,,,,,,,,,,,,,,,,,,,,,,,,,,,,,,387,,30,,,97,283,,515,185,152,322,,,,121,1,,,171,404,260,,,,,,,,,,406,,177,133,,,190,
2026-08-15T18:55:02+00:00,147,246,,,548,,,,263,295,,105,,224,,,131,,,,,,460,,,262,,2,,,105,809,28,,,,,,,,,121,,77,,24,,,,,,,,,,,,,16,,,,,,71,,230,44,,,38,,,277,,,43,224,,,,,,,,,,,,,,,,,,,,,,,,,,,,,,,,,,,,,,,,,,,,,,,,,,,,,,,,,,,,,,,,,,,,,,,,,,,,,,,,,,,,,,,,,,,,,,,,,,355,1182,350,114,211,124,,210,242,404,,,,139,17,,517,,,,,,,,,,,,,,,,,99,,,57,,128,,,,,,,,,,,,,,,,,,,,,474,,,,133,,,,39,,,,,,,,,,,,,,,60,,,,,,86,427,249,,245,,412,,371,45,,220,272,398,628,,,150,136,,,353,63,,1222,,,,285,,63,,,,,,,,,,,162,52,,8,,,,,,,,,166,,,243,,,,,,,,,,,,,,,,,,,,,,,,2,,13,,68,,,,1,93,,,321,107,,167,2,,,87,,96,,,294,,245,,97,,867,,143,44,40,273,218,63,1065,177,211,,,3,,,,,,,,,,,,,,,,,,,,,,497,75,167,,486,,263,231,494,289,363,,,,,,,,,,29,,,269,,,,48,162,,279,370,585,,120,619,53,98,,21,245,131,15,112,,81,41,,,1,,15,,267,,,,,,,,,,,,,,,,,,,,,,,,,,,,,,,,,,,,,109,36,,,105,284,,516,194,,,,177,,124,5,43,,170,405,,,,,,,,398,,,414,,179,132,,,,
2026-08-15T19:00:01+00:00,,,,,561,23,,115,,294,,109,,229,,,129,,,,,,,420,72,260,,3,,,110,,27,,2,134,,,,,133,,,78,,25,,,,,,,317,40,,,,,17,,,,,,72,,,43,,,,,,280,,,41,,202,226,224,,175,192,,,,356,,118,258,188,192,206,2,,,246,350,,40,101,141,254,21,,,,463,,,,193,1156,,,,,116,206,485,139,226,494,56,13,,,,,,,60,,,,,,,,,,,,,,,,,,,,,69,,599,,,,6,,475,,,,,,,,,,,,,,,,,,,,,,,,,124,,143,17,,527,,,,,,,,,,117,,,,,,,100,,,,,,,,,,,,,,,,,,,,,,,,,,473,,,,,,,,38,,,,,,,,,,,,,,,,,,,,,85,428,252,,248,248,413,,372,46,,222,275,400,631,,360,153,,,,352,65,,1223,,,,,,,,,,,,,,,,,,,,,,,,,,,,,,,,,,,,,,,,,,,,,,,,,,,,,,,,0,,,70,,,,49,2,99,,,322,,,171,,,,,,98,,23,,,,,,,873,,,,42,272,220,,,175,210,,,5,,,,,,,,,,,,,,,,,,,,,,,,,,,,,,,,,,,,,,,,,,,,,,,,,,,,,,591,193,124,,,104,,19,,130,17,111,,,40,209,,0,,13,,266,,,,,,,,,,,,,,,,,,,,,,,,,,,,,,,,,,,,,110,40,,,109,,,,200,155,,,179,,129,8,45,,,,258,,,,,,,400,,,420,,180,131,,,,
2026-08-15T19:15:01+00:00,149,245,,,573,26,,127,265,295,,111,,231,,,131,,,,,,462,,88,270,,6,,,116,807,28,,15,128,,,,,129,123,,76,,,,,,,,,315,,,,,34,16,,,175,,,,,231,40,,,,,,281,,,40,227,199,229,,137,177,200,,,,355,1,120,269,193,182,186,4,,,251,349,,,103,142,261,31,,735,36,492,241,,173,188,1164,,14,,26,118,211,494,144,235,497,,17,358,,,,,,58,,,,,538,,,,,134,209,,,,,,,1,,,63,,608,,,,4,,477,,,,,,,,,,,,,,353,1180,346,,214,130,62,,247,395,159,126,,149,16,35,561,,,,,,,,72,,116,,,,,,,,,,56,,125,,,,,,,,,,,,,,,,,,,,,,,,,132,,,,42,,,,,78,,,,,55,,,,,63,,,,,,86,439,259,,249,,414,,369,,,221,285,,640,336,361,157,135,,229,354,68,,1232,,,,301,,68,,,,,,,,,,,158,62,,14,,,,,,,,,188,,,,,,,,,,,,,,,13,,,,,,,,,,,,7,115,16,,,149,3,50,5,101,,,327,113,,173,0,,16,,106,114,,22,295,173,249,,95,,889,32,,,45,271,215,,1066,179,219,60,,18,,,,,,,,,,,,,,,,,,,,,,500,74,171,,475,,264,234,500,295,357,,,134,109,,,,,,30,,,270,93,,,40,174,,281,378,608,198,134,623,57,105,26,22,242,129,18,120,19,87,37,212,4,5,,1,,275,,,,,,,,,,,,,,,,,,,,,,,,,,,,,,,,,,,,386,111,42,,,117,287,88,518,203,166,327,,182,,135,9,46,,168,406,263,,,,,,,409,,,433,,189,,,,206,
2026-08-15T19:30:02+00:00,151,244,,,581,28,,130,270,304,,122,,237,,,133,,,,,,465,423,79,276,,3,,,,808,,,20,129,,,,,130,,,75,,,,,,,,,,,,,,,,,,176,,,64,79,229,43,,,40,,,291,,,41,233,202,,227,139,179,205,,,,359,9,123,277,194,186,190,6,,,245,,,,106,144,262,17,,737,31,521,244,,175,186,,,,,28,,,504,143,241,498,,15,359,,,,,,44,,,,,,,,,,131,210,,,,,,,2,,,69,,,,,,2,,,,,,,,,,,,,,,,,1181,359,,,133,,209,,,163,141,,150,17,46,595,,,,,,,,,,118,,,,,,,101,,,,,,,,,,,52,,,,,,,,,,,,,,,477,,,,134,,,,55,,,,,75,,,,,56,,,,,64,,,,,,,447,262,145,251,251,419,,368,49,,226,287,401,647,,360,162,,,,349,70,,1235,,,,307,,75,,,,,,,,,,,160,69,,15,,,,449,,,,,219,,,241,,,,,,,,,,,,14,,,,,,,,,,,,,,18,74,70,150,2,54,6,114,,,330,110,,175,,,15,88,,126,,,294,174,255,,94,146,895,,,,48,270,230,,1070,187,230,65,196,30,,,,,,,,,,,,,,,,,,,,,,507,76,172,,452,,266,235,502,297,359,,,135,,,,,,,36,,,273,95,,,50,180,,283,,623,200,137,627,59,110,24,25,246,130,22,121,,92,41,214,12,19,,0,,281,,246,,,,,,,,,,,,,,,,,,,,,,,,,,,,,,,,,,389,,43,,,125,292,87,522,,180,325,,188,,141,22,49,,172,411,264,,,,,,,419,,,447,,192,133,,,230,
2026-08-15T19:45:02+00:00,152,245,,,586,30,,137,272,312,,118,,242,,,,,,,,,466,426,90,,,0,,,,812,,,26,133,,,,37,129,121,,77,,24,,,,,,,311,,,,,33,,,,,,,58,,230,42,,,41,,,294,,,44,234,229,230,,142,180,211,,,,,8,120,286,197,187,182,9,,,242,351,,41,108,148,259,6,168,,30,532,,,177,183,1168,,,,27,,,514,141,239,500,57,16,360,,,,,,40,,,,,540,,,,,134,213,,,,,,,,,,66,,621,,2,,17,,478,,,,,,,,,,,,,,352,1180,360,115,217,140,63,212,250,398,167,150,,154,17,56,626,,,,,,,,,,120,,,,,,,103,,,,,126,,,,,,,,,,,,,,,,,,,,,482,,,,136,,,,65,,,,,,,,,,,,,,,70,,,,,,97,456,263,149,254,,422,,372,56,,228,293,405,650,337,358,165,,,230,348,72,,1243,,,,,,,,,,,,,,,,,,,,,,,,450,,,,,,,,240,,,,,,,,,,,,,,,,,,,,,,,,1,,24,77,74,,,61,13,128,,,335,114,,,,,,,109,,,25,295,,260,,,144,897,38,,43,62,,252,,1072,201,239,70,,37,,,,,,,,,,,,,,,,,,,,,,510,77,177,,435,,269,239,,301,358,,,,104,,,,,,40,,,279,101,,,75,190,,288,,627,203,146,644,64,117,,29,250,134,24,126,21,91,52,224,27,28,,9,,,,,,,,,,,,,,,,,,,,,,,,,,,,,,,,,,,,,,394,113,41,,,142,296,91,528,205,196,,,195,,142,25,53,,173,413,271,,,,,,,432,,,458,,196,,,,,
2026-08-15T20:00:01+00:00,153,246,,,596,31,,148,271,322,,126,,255,,,146,,,,,,469,428,101,,,3,,,,819,,,35,138,,,,,126,120,,79,,,,,,,,,,42,,,,36,,,,175,,,59,,,,,,,,,298,,,,236,239,229,226,145,183,214,,,,,19,128,283,218,190,177,16,263,,252,,,44,110,151,254,11,169,738,35,541,247,,190,182,1164,,,,35,,,528,,243,506,,20,362,,,,,,48,,,,,,,,,,136,207,,,,,,,3,,,83,,625,,17,,14,,477,,,,,,,,,,,,,,349,1176,365,,219,142,,213,,,170,156,,165,17,74,649,,,,,,,,,,122,,,,,,,104,,,58,,,,,,,,,,,,,,,,,,,,,,,483,,,,137,,,,74,,,,,82,,,,,54,,,,,71,,,,,,123,,,148,255,,423,,385,55,,232,296,406,656,,360,172,,,,350,70,,1244,,,,314,,83,,,,,,,,26,,,162,85,20,16,,,,,,,,,243,,,251,,,,,,,,,,,,,,,,,,,,,,,,25,,,80,73,,,,17,141,,,,121,,176,,,13,,110,133,,,,,266,,95,143,898,41,,42,67,,257,64,,209,250,,,47,,,,,,,,,,,,,,,,,,,,,,512,78,,,428,,,243,,305,,,,134,102,,,,,,42,,,285,102,,,77,200,,292,,632,208,155,657,65,122,25,35,252,136,27,133,22,105,65,225,44,39,,14,,284,,245,,,,,,,,,,,,,,,,,,,,,,,,,,,,,,,,,,401,112,45,,,163,,93,532,,206,326,,200,,147,39,58,,180,415,277,,,,,,,440,,,471,,200,132,,,256,
2026-08-15T20:15:01+00:00,154,247,57,,,33,,155,273,324,,121,,263,,,150,,,,,,473,430,106,,,0,,,,833,27,,43,139,,,,,,123,,75,,25,,,,,,,305,41,,,,,,,,,,,61,,,43,,,47,,,302,,,55,,263,230,,148,191,218,,,,361,22,131,289,236,192,172,14,265,,255,350,,,115,159,255,19,,747,30,558,245,,207,175,1162,,,,39,,,620,145,244,505,,34,364,,,,,,49,,,,,542,,,,,138,204,,,,,,,7,,,95,,630,,37,,28,,480,,,,,,,,,,,,,,355,1183,385,116,224,147,,,247,403,180,163,,172,17,92,673,,,,,,,,74,,124,,,,,,,105,,,,,,,,,,,,,,,,,,,,,,,,,,500,,3,11,141,,,,96,,,,,97,,,,,55,,,,,70,,,,,,137,467,,151,256,,,,396,59,,,305,407,657,336,353,190,,,233,349,73,,1300,,,,,,,,,,,,,,,,,,,,,,,,,,,,,,,,,,,,,,,,,,,,,,,,,,,,,,,,32,114,26,83,74,,3,62,23,145,37,1,337,124,,178,,,12,,113,141,,26,296,,280,,,,,,144,43,76,0,301,,1077,215,264,80,,63,,,,,,,,,,,,,,,,,,,,,,510,76,,,421,,,248,,306,355,,,,97,,,,,,45,,,288,105,,,82,204,,,387,645,207,164,688,67,127,24,36,255,137,34,137,27,109,83,234,58,46,,21,,285,,,,,,,,,,,,,,,,,,,,,,,,,,,,,,,,,,,,408,111,53,,,183,298,95,537,,213,,,202,,151,42,59,,184,418,276,,,,,,,464,,,481,,,133,,,,
2026-08-15T20:30:01+00:00,156,249,,153,605,35,,159,275,325,,123,,268,,,152,,,,,,,431,,,,,,,115,840,31,,47,141,,,,,133,124,,76,,29,,,,,,,,42,,,,35,,,,,,,,81,231,35,,,52,,,303,,,,235,269,,,160,193,222,,,,362,28,,296,246,199,171,19,279,,256,352,1,45,118,164,259,38,,776,33,570,,,209,,1161,,,468,,,,740,156,249,,,52,363,,,,,,45,,,,,544,,,,,141,,,,,,,,1,,,97,,633,,55,,42,,488,,,,,,,,,,,,,,357,1185,397,,,146,,,251,405,184,169,,,17,101,704,,,,,,,,,,125,,,,,,,,,,,,,,,,,,,,,,,,,,,,,,,,,516,,7,28,143,,,,121,,,,,125,,,,,,,,,,74,,,,,,131,473,,150,,252,425,,401,62,,235,307,410,659,337,350,204,,,,,77,,1353,,,,,,,,,,,,,,,,,,,,,,,,,,,,,,,,,,,,,,,,,,,,,,,,,,,,,,,,47,,28,84,75,,2,65,29,156,,,,126,,179,,,,87,137,151,,27,,175,289,,96,,901,,,,82,,319,66,1122,223,269,82,,70,,,,,,,,,,,,,,,,,,,,,,502,79,181,,408,,,247,,309,354,,,133,91,,,,,,49,,,292,107,,,83,213,,290,393,647,206,,693,,137,28,43,,138,45,141,29,118,115,238,97,69,,30,,289,,,,,,,,,,,,,,,,,,,,,,,,,,,,,,,,,,,,412,118,58,,,206,300,96,539,,225,,,203,,156,45,60,,188,,277,,,,,,,484,,,492,,201,134,,,279,
2026-08-15T20:45:02+00:00,158,248,,,603,36,,162,281,327,,,,273,,,163,,,,,,474,,122,,,11,,,116,848,,,54,142,,,,,135,126,,,,30,,,,,,,307,43,,,,37,,,,,,,64,,,30,,,59,,,304,,,71,237,268,,,162,195,223,,,,363,38,145,305,252,202,167,22,282,,263,,,,119,180,258,25,168,779,35,580,251,,221,180,1160,,,,41,,,847,160,256,507,,56,,,,,,,56,,,,,545,,,,,142,205,,,,,,,,,,124,,642,,78,,48,,491,,,,,,,,,,,,,,362,1193,426,118,228,148,,214,253,412,191,172,,181,17,104,733,,,,,,,,75,,,,,,,,,,,,,,,,,,,,,,,,,,,,,,,,,,,520,,,32,,,,,125,,,,,134,,,,,56,,,,,,,,,,,,477,264,151,,253,423,,397,58,,236,310,411,661,338,353,209,,,,351,78,,1362,,,,,,,,,,,,,,,,,,,,,,,,,,,,,,,,,,,,,,,,,,,,,,,,,,,,,,,,62,,31,86,77,,3,69,55,178,,3,,129,,184,,,11,,168,160,,,,,300,,98,142,902,,,42,93,,354,,1151,232,285,84,,97,,,,,,,,,,,,,,,,,,,,,,,81,188,,401,,,249,,315,355,,,134,85,,,,,,53,,,296,113,,,98,223,,,396,657,,169,696,,144,27,46,257,139,52,143,28,115,140,243,122,83,,55,,297,,246,,,,,,,,,,,,,,,,,,,,,,,,,,,,,,,,,,425,129,72,15,3,226,,98,547,,229,327,,204,,160,48,63,,189,419,280,,,,,,,498,128,,498,,,133,,,,
2026-08-15T21:00:01+00:00,,249,,,612,37,,182,286,334,,127,,292,,,173,,,,,,482,434,144,,,,,,,860,30,,59,145,,,,,140,,,73,,31,,,,,,,308,,,,,,,,,,,,69,,,29,,,62,,,307,,,76,239,277,,,,196,224,,,,368,42,156,320,258,,173,32,285,,269,354,,,118,189,260,31,,782,47,601,253,,226,185,1166,,,,42,,,,,,,,,,,,,,,67,,,,,,,,,,135,,,,,,,,3,,,131,,644,,97,,66,,496,,,,,,,,,,,,,,360,1194,434,,231,150,,216,259,415,192,,,,,,,,,,,,,,,,,,,,,,,,,,,,,,,,,,,,,,,,,,,,,,,,,519,,,38,144,,,,133,,,,,136,,,,,,,,,,75,,,,,,,,,,,,,,,,,239,318,,,,359,240,,,,355,77,,1369,,,,,,,,,,,,,,,,,,,,,,,,,,,,,,,,,,,,,,,,,,,,,,,,,,,,,,,,,,,,,,,,,,,,,,,,,,,,,,,,,,,,,,,,,,,,,,,,,,,,,,,,,,,,,,,,,,,,,,,,,511,,195,,418,,,252,,319,356,,,,87,,,,,,58,,,297,,,,105,231,,,,,,,,,,,,,,,,,,,,,,,,,,,,,,,,,,,,,,,,,,,,,,,,,,,,,,,,,,,,,,135,81,27,11,239,,100,551,,230,,,205,,164,54,66,,191,420,,,,,,,,518,,,500,,202,,,,,
2026-08-15T21:00:02+00:00,,,,,,,,,,,,,,,,,,,,,,,,,,,,,,,,,,,,,,,,,,,,,,,,,,,,,,,,,,,,,,,,,,,,,,,,,,,,,,,,,,,,,,,,,,,,,,,,,,,,,,,,,,,,,,,,,,,,,,,,,,,,,,,,,,,,,,,,,,,,,,,,,,,,,,,,,,,,,,,,,,,,,,,,,,,,,,,,,,,,,,,,,,,173,,194,17,110,754,,,,,,,,76,,124,,,,,,,,,,,,,,,,,,,,,,,,,,,,,,,,,,,,,,,,,,,,,,,,,,,,,,,,,,,,,,133,,265,153,,,,,398,60,,,,,,,,,,,,,,,,,,,,,,,,,,,,,,,,,,,,,,,,,,,,,,,,,,,,,,,,,,,,,,,,,,,,,,,68,113,33,88,80,,9,78,77,192,,5,338,135,,187,,,,,182,168,,,297,177,305,,,143,903,,,43,96,,366,,1146,229,296,91,,116,,,,,,,,,,,,,,,,,,,,,,,,,,,,,,,,,,,,,,,,,,,,,,,,,,,,,400,663,214,176,698,72,147,,57,259,140,64,140,31,117,162,246,143,104,,84,,300,,,,,,,,,,,,,,,,,,,,,,,,,,,,,,,,,,,,,,,,,,,,,,,,,,,,,,,,,,,,,,,,,,,,,,,,,,
2026-08-15T21:15:01+00:00,,251,,,621,,,189,289,339,,131,,302,,,191,,,,,,484,436,169,,,13,,,,878,,,62,153,,,,,144,,,72,,30,,,,,,,309,44,,,,40,17,,,178,,,78,,,30,,,69,,,309,,,81,241,285,,,164,210,226,,,,,50,166,,261,201,186,,,,273,,,,,192,,29,,783,51,609,256,122,234,181,1167,,,,44,118,,893,173,249,512,,76,367,,,,,,93,,,,,,,,,,138,210,,,,,,,6,,,142,,651,,132,,84,,504,,,,,,,,,,,,,203,364,1204,466,120,236,157,,,260,420,200,176,,201,17,120,781,,,,,,,,78,,123,,,,,,,,,,,,,,,,,,,,,,,,,,,,,,,,,,,12,42,,,,,143,,,,,142,,,,,57,,,,,,,,,,,136,474,,154,255,,424,,400,61,,240,325,,662,,362,258,,,,356,,,1370,,,,,,,,,,,,,,,,,,,,,,,,,,,,,,,,,,,,,,,,,,,,,,,,,,,,,,,,76,,,91,81,,15,81,136,216,,11,341,140,42,193,,,,,183,179,,28,298,178,307,,,,,,143,45,100,,372,,1141,239,300,,,126,,,,,,,,,,,,,,,,,,,,,,518,79,201,,424,,,251,,,350,,,,90,,,,,,54,,,299,114,,,104,242,,,404,667,216,177,700,,151,,64,262,143,71,142,37,116,191,248,181,115,,103,,304,,247,,,,,,,,,,,,,,,,,,,,,,,,,,,,,,,,,,428,140,77,-535,9,250,301,,,,238,,,206,,166,,67,,193,423,,,,,,,,529,,,504,,,134,,,,
2026-08-15T21:30:01+00:00,162,,,,626,,,198,292,340,,134,,308,,,235,,,,,,486,437,187,,,16,,,,888,32,,63,155,,,,38,147,129,,74,,,,,,,,,312,43,,,,39,,,,179,,,83,,,,,,73,,,314,,,83,239,298,,,165,,,,,,369,54,182,331,264,204,215,47,,,293,,,44,119,199,263,21,169,,58,621,260,,236,178,1168,,,,55,,,916,176,247,,,81,370,,,,,,103,,,,,544,,,,,,206,,,,,,,15,,,153,,652,,166,,97,,512,,,,,,,,,,,,,,368,,474,,235,159,,,,429,205,179,,210,17,135,800,,,,,,,,79,,122,,,,,,,103,,,,,125,,,,,,,,,,,,,,,,,,,,,518,,,43,145,,,,145,,,,,144,,,,,,,,,,,,,,,,141,476,264,156,,,423,,399,63,,241,324,,666,,364,266,134,,,357,80,,1371,,,,,,,,,,,,,,,,,,,,,,,,,,,,,,,,,,,,,,,,,,,,,,,,,,,,,,,,124,,34,93,82,,38,107,161,257,,19,352,150,,195,,,,86,,201,,30,,179,309,,99,,,,,46,117,,400,,1154,245,314,95,197,143,,,,,,,,,,,,,,,,,,,,,,529,80,,,420,,270,250,,320,352,,,136,,,,,,,51,,,301,117,,,112,248,,288,405,675,222,179,,,159,26,70,268,144,80,145,41,118,202,253,200,129,,126,,306,,249,,,,,,,,,,,,,,,,,,,,,,,,,,,,,,,,,,439,142,80,,11,261,,,,,239,328,,205,,167,55,68,,,426,,,,,,,,539,,,511,,203,,,,311,
2026-08-15T21:45:01+00:00,163,252,,,638,,,203,294,345,,137,,312,,,298,,,,,,483,,203,,,15,,,115,902,,,62,161,,,,,,132,,75,,,,,,,,,315,46,,,,40,,,,180,,,91,,,,,,79,,,316,,,86,242,334,,,168,,227,,,,372,52,192,338,266,201,218,55,,,304,355,,46,120,202,269,29,,,62,637,269,121,238,189,1171,,,,56,,,935,178,252,513,,86,,,,,,,134,,,,,543,,,,,142,207,,,,,,,34,,,160,,654,,203,,103,,517,,,,,,,,,,,,,,369,1209,498,122,237,160,64,217,262,437,209,181,,208,17,138,808,,,,,,,,,,123,,,,,,,106,,,,,126,,,,,,,,,,,,,,,,,,,,,,,13,44,,,,,151,,,,,148,,,,,58,,,,,74,,,,,,,474,,157,,252,424,,400,68,,242,326,,668,339,370,275,135,,,359,86,,1377,,,,,,,,,,,,,,,,,,,,,,,,,,,,,,,,,,,,,,,,,,,,,,,,,,,,,,,,171,,36,100,88,151,58,139,194,316,,26,382,164,43,201,,,,89,189,242,,33,,,,,100,,904,,,48,128,,416,,1161,238,321,96,,155,,,,,,,,,,,,,,,,,,,,,,539,,,,441,,,252,,326,349,,,,94,,,,,,55,,,303,116,,,113,250,,287,406,681,,,,73,158,,76,270,,82,,,117,211,258,208,136,,133,,,,,,,,,,,,,,,,,,,,,,,,,,,,,,,,,,,,,,449,141,71,8,7,271,,,,,,,,206,,168,59,69,,,427,282,,,,,,,546,,,517,,204,133,,,320,
2026-08-15T22:00:02+00:00,162,255,,,646,,,205,,348,,145,,318,,,314,,,,,,485,,223,,,18,,,116,916,,,65,166,,,,,149,,,74,,29,,,,,,,316,,,,,,,,,,,,27,,,,,,81,,,319,,,90,244,335,,,170,,228,,,,,60,205,344,268,204,240,61,,,318,357,,48,,210,273,70,168,787,,663,275,,241,192,1176,,,,58,,,940,,262,515,,87,373,,,,,,157,,,,,542,,,,,143,202,,,,,,,41,,,176,,655,,213,,115,,526,,,,,,,,,,,,,,371,1210,514,123,239,163,65,228,263,441,,182,,,17,,824,,,,,,,,,,124,,,,,,,107,,,57,,127,,,,,,,,,,,,,,,,,,,,,517,,,,,,,,155,,,,,150,,,,,,,,,,,,,,,,160,467,,,257,250,423,,401,69,,245,330,,,,372,290,,,,360,88,,,,,,,,,,,,,,,,,,,,,,,,,,,,,,,,,,,,,,,,,,,,,,,,,,,,,,,,,,0,,39,105,98,152,0,150,0,341,,29,383,166,,203,,,,87,190,248,,,,0,,,102,,,,144,50,140,,429,65,1173,236,329,101,,178,,,,,,,,,,,,,,,,,,,,,,551,79,,,448,,269,253,,329,350,,,,96,,,,,,59,,,307,115,,,126,254,,285,409,684,224,183,,72,160,29,88,272,145,92,148,42,119,235,261,234,153,,151,,309,,251,,,,,,,,,,,,,,,,,,,,,,,,,,,,,,,,,,452,,81,-535,-100,282,,,554,,241,,,,,169,62,,,194,428,,,,,,,,556,,,518,800,,134,,,323,105
2026-08-15T22:15:01+00:00,166,,,,650,38,,211,296,347,,160,,320,,,315,,,,,,483,,243,,,24,,,,935,,2,,169,,,,,151,135,,75,,31,,,,,,,318,47,,,,44,,,,,,,31,,,32,,,82,,,321,,,92,,336,,,168,220,,,,,374,65,215,355,271,203,262,62,,,336,,,,,218,276,93,,788,64,672,277,,242,203,1179,,,,59,,,,,264,517,,88,372,,,,,,169,,,,,543,,,,,147,204,,,,,,,42,,,181,,,,246,,127,,529,,,,,,,,,,,,,204,378,1219,534,125,253,169,67,264,267,443,217,183,,221,17,139,836,,,,,,,,,,,,,,,,,108,,,,,,,,,,,,,,,,,,,,,,,,,,,,,46,,,,,159,,,,,151,,,,,,,,,,,,,,,,162,465,,159,,251,,,398,71,,,331,,667,,380,311,,,,365,,,,,,,,,,,,,,,,,,,,,,,,,,,,,,,,,,,,,,,,,,,,,,,,,,,,,,,,,,,,,41,108,,153,,153,,348,,30,388,169,,204,,,,,191,255,,,,,,,103,,,,,51,141,,432,,1178,230,,,,182,,,,,,,,,,,,,,,,,,,,,,554,,,,453,,,,,331,,,,,98,,,,,,64,,,,,,,137,257,,284,410,686,227,184,,73,159,,89,275,,99,152,47,,244,267,253,170,,164,52,311,,,9,,,,,,,,,,,,,,,,,,,,,,,,,,,,,,,,,455,142,90,,,293,,,557,,,,,205,,,63,,,195,427,283,,,,,,,562,,,524,,,135,,,332,
2026-08-15T22:30:01+00:00,,254,,,656,39,,213,,348,,161,,321,,,,,,,,,480,,256,,,25,,,,953,,10,66,177,,,,,154,,,,,33,,,,,,,325,,,,,46,19,,,,,,36,,,,,,85,,,333,,,96,247,340,,,169,,229,,,,375,63,228,365,273,207,305,64,,,351,,1,49,,221,281,119,,,67,688,278,,246,213,1183,,,,64,,,,,,,,,,,,,,,191,,,,,542,,,,,145,205,,,,,,,63,,,191,,657,,289,,140,,541,,,,,,,,,,,,,205,377,1220,548,,,171,69,,268,449,,184,,230,17,140,842,,,,,,,,,,125,,,,,,,107,,,,,,,,,,,,,,,,,,,,,,,,,,516,,16,,,,,,162,,,,,,,,,,,,,,,,,,,,,165,471,,,,,422,,401,74,,,336,,,,381,348,,,,366,,,,,,,,,,,,,,,,,,,,,,,,,,,,,,,,,,,,,,,,,,,,,,,,,,,,,,,,,,,,,,110,99,154,,,,352,,,,173,,,,,13,88,,256,,,,,,,,142,,,,52,,,,66,,,,,,,,,,,,,,,,,,,,,,,,,,,,565,,203,,484,,,254,,333,351,,,138,99,,,,,,65,,,,118,,,139,258,,285,409,685,228,,701,,160,,96,280,147,110,153,48,,262,283,286,192,,201,53,312,,,19,,,,,,,,,,,,,,,,,,,,,,,,,,,,,,,,,456,,99,,2,299,,,558,,242,329,,,,170,62,,,196,429,282,,,,,,,568,,,526,,,,,,333,
2026-08-15T22:45:02+00:00,165,,,,661,,,222,300,351,,171,,330,,,,,,,,,478,438,274,,,27,,,,971,,20,,183,,,,,,138,,,,34,,,,,,,329,48,,,,48,,,,,,,45,,232,,,,88,,,335,,,98,,366,,,170,,230,,,,376,64,238,376,276,208,349,69,,,365,,7,48,,234,283,146,,,68,698,283,,252,216,1184,,,,66,,,,200,268,520,,95,375,,,,,,208,,,,,,,,,,147,207,,,,,,,77,,,207,,658,,348,,154,,551,,,,,,,,,,,,,,,1222,559,126,255,176,,265,,455,221,,,239,17,142,848,,,,,,,,,,126,,,,,,,,,,58,,126,,,,,,,,,,,,,,,,,,,,,,,15,,146,,,,164,,,,,152,,,,,,,,,,,,,,,,,478,,160,,252,421,,,,,246,334,,,,379,369,,,,368,,,,,,,,,,,,,,,,,,,,,,,,,,,,,,,,,,,,,,,,,,,,,,,,,,,,,,,,,,,,,,112,101,,,154,,353,,32,,179,44,205,,,,,,262,,,,,,,,141,,,,,,,,68,,,,,,,,,,,,,,,,,,,,,,,,,,,,577,,205,,485,,270,255,,,355,,,,103,,,,,,66,,,,120,,,143,,,286,410,688,,186,,,161,,98,282,,112,,49,118,273,289,293,198,,216,,,,,13,,,,,,,,,,,,,,,,,,,,,,,,,,,,,,,,,,,98,15,-100,307,,,,206,244,,,,,172,65,70,,195,428,,,,,,,,575,,,,,,,,,335,
2026-08-15T23:00:02+00:00,168,253,,,664,,,223,304,,,175,,335,,,334,,,,,,479,,283,,,,,,,982,,28,,,,,,,156,139,,77,,,,,,,,,334,,,,,49,,,,,,,51,83,,,,,89,,,339,,,100,249,373,,,171,,232,,,,,63,244,387,281,206,379,71,,,376,358,11,,119,239,284,167,,,71,699,284,,253,222,1185,,,469,67,,,,,266,521,,97,377,,,,,,238,,,,,,,,,,149,210,,,,,,,93,,,222,,659,,384,,168,,,,,,,,,,,,,,,,379,,564,128,258,179,,,,461,,185,,247,17,144,860,,,,,,,,,,125,,,,,,,108,,,,,,,,,,,,,,,,,,,,,,,,,,,,17,,,,,,165,,,,,,,,,,,,,,,,,,,,,,485,,,,,,,,,,,335,,,,385,388,,,,370,87,,,,,,,,,,,,,,,,,,,,,,,,,,,,,,,,,,,,,,,,,,,,,,,,,,,,,,,,,,,,42,115,100,,,,,,,,,178,,206,,,15,,,265,,,,,,,,142,,,,53,,,,,,,,,,,,,,,,,,,,,,,,,,,,,,,,582,80,206,,496,,,256,,,356,,,140,105,,,,,,69,,,,121,,,148,262,,287,,687,229,,703,,165,27,111,,148,123,156,52,125,286,297,317,213,,252,,318,,,17,,,,,,,,,,,,,,,,,,,,,,,,,,,,,,,,,459,143,103,53,5,310,,,,,243,,,206,,,67,,,,429,,,,,,,,577,,,528,,,,,,,
2026-08-15T23:15:02+00:00,167,,,,667,,,227,306,,,176,,337,,,336,,,,,,476,,291,,,28,,,,994,,32,,184,,,,,,,,78,,38,,,,,,,335,49,,,,52,,,,,,,60,,,,,,,,,341,,,102,,376,,,,,,,,,,60,257,390,282,,407,74,,,380,,24,47,,240,,184,,,,,283,,255,231,1188,,,,,,,,201,263,522,,101,378,,,,,,252,,,,,,,,,,152,214,,,,,,,112,,,220,,,,405,,179,,552,,,,,,,,,,,,,,380,1226,568,,,183,70,266,269,463,225,,,253,17,,861,,,,,,,,81,,,,,,,,,109,,,,,125,,,,,,,,,,,,,,,,,,,,,,,,,,,,,,,,,,,,,,,,,,,,,,,,,,171,493,,,272,,423,,,,,248,339,,,,390,413,134,,,,,,1376,,,,,,,,,,,,,,,,,,,,,,,,,,,,,,,,,,,,,,,,,,,,,,,,,,,,,,,,,,,,,,,155,,,,,,,,207,,,14,,,266,,,,,,,,143,,,,,148,,463,,1199,223,347,102,,210,,,,,,,,,,,,,,,,,,,,,,603,79,,,511,,,255,,,355,,,,106,,,,,,71,,,,,,,154,263,,289,,,232,,,,167,,118,284,,124,,53,120,291,301,327,216,,264,,320,,,18,,,,,,,,,,,,,,,,,,,,,,,,,,,,,,,,,458,,107,70,3,313,,,559,,,,,205,,,69,72,,,,,,,,,,,578,,,529,,,137,,,336,
2026-08-15T23:30:02+00:00,,,,152,666,,,226,,,,190,,338,,,338,,,,,,478,,315,,,32,,,,1011,,41,,189,,,,,158,,,80,,,,,,,,,,50,,,,51,,,,,,,68,84,,,,,94,,,344,,,104,,385,,,173,,233,,,,375,64,271,399,283,209,435,75,,,391,,38,,120,245,293,206,,,,701,,,258,235,,,,,68,,,,202,275,524,,107,383,,,,,,269,,,,,,,,,,154,215,,,,,,,133,,,224,,,,422,,188,,554,,,,,,,,,,,,,,,1227,567,,,184,,,,465,,,,254,17,,868,,,,,,,,,,,,,,,,,,,,57,,,,,,,,,,,,,,,,,,,,,,,,,,47,,,,,,,,,,,,,,,,,,,,,,,,,,189,491,,,,,,,,,,,340,,,,393,425,,,,367,,,1377,,,,,,,,,,,,,,,,,,,,,,,,,,,,,,,,,,,,,,,,,,,,,,,,,,,,,,,,,,43,116,,,,,,,,,,177,,,,,13,,,267,,34,,,,,,,,,,,,,,,,,,,,,,,,,,,,,,,,,,,,,,,,,,611,80,205,,517,,,257,,,356,,,,107,,,,,,73,,,,,,,170,,,290,,689,235,,,,170,28,121,,,123,157,,123,293,302,332,217,,268,55,321,,252,23,,,,,,,,,,,,,,,,,,,,,,,,,,,,,,,,,461,144,108,87,4,314,,,560,,244,,,204,,,,,,,430,281,,,,,,,581,,,530,,,,,,338,
2026-08-15T23:45:02+00:00,168,,,,667,,,227,,,,194,,341,,,347,,,,,,475,,332,,,39,,,,1031,,50,65,191,,,,,167,140,,79,,,,,,,,,336,51,,,,53,,3,,,,,75,85,,33,,,95,,,345,,,105,250,,,,,,,,,,,63,276,405,,210,441,,284,,397,357,44,48,,,,215,,,78,703,284,,,244,1187,,,,,,,,,274,525,,108,382,,,,,,274,,,,,,,,,,156,216,,,,,,,161,,,227,,,,430,,197,,556,,,,,,,,,,,,,,,,579,,263,185,73,,268,,228,,,256,17,,872,,,,,,,,,,,,,,,,,,,,,,,,,,,,,,,,,,,,,,,,,,,,,,49,,,,,,,,,,153,,,,,,,,,,,,,,,,190,494,,161,,,424,,,,,249,341,,,338,397,452,135,,,368,,,,,,,,,,,,,,,,,,,,,,,,,,,,,,,,,,,,,,,,,,,,,,,,,,,,,,,,,,,,,,,,,,,,355,,,,,,,,,14,,,,,,,,,,104,144,905,,,,,,,,,,,,,,,,,,,,,,,,,,,,,,,,,,,,81,,,534,,272,258,,,,,,141,111,,,,,,78,,,309,,,,178,,,289,,,237,,,,,,124,,,128,,,125,296,307,338,221,,274,,322,,,24,,,,,,,,,,,,,,,,,,,,,,,,,,,,,,,,,,145,112,91,-100,320,,,,,246,,,205,,,70,,,,,282,,,,,,,587,,,532,,,,,,339,
