timestamp,bonn-bcp-parken-Rabinstrasse,bonn-bcp-parken-beethoven,bonn-bcp-parken-beetplatz,bonn-bcp-parken-bike-ride,bonn-bcp-parken-friedensplatz,bonn-bcp-parken-hauptbahnhof,bonn-bcp-parken-karstadt,bonn-bcp-parken-markt,bonn-bcp-parken-muensterplatz,bonn-bcp-parken-operngarage,bonn-bcp-parken-rheinaue,bonn-bcp-parken-stadthaus,bonn-bcp-parken-unigarage,braunschweig-parken-Parkhaus-Eiermarkt,braunschweig-parken-Parkhaus-Forschungsflughafen,braunschweig-parken-Parkhaus-Lange-Str-Nord,braunschweig-parken-Parkhaus-Magni,braunschweig-parken-Parkhaus-Packhof,braunschweig-parken-Parkhaus-Ring-Center,braunschweig-parken-Parkhaus-Schloss,braunschweig-parken-Parkhaus-Schutzenstrasse,braunschweig-parken-Parkhaus-Wallstrasse,braunschweig-parken-Parkhaus-Wilhelmstrasse,dresden-parken-Altmarkt,dresden-parken-Altmarkt-Galerie,dresden-parken-Ammonstrasse-Bus,dresden-parken-An-der-Frauenkirche,dresden-parken-Bahnhof-Neustadt,dresden-parken-Bluherstrasse,dresden-parken-Budapester-Strasse,dresden-parken-Centrum-Galerie,dresden-parken-Cossebaude,dresden-parken-Ferdinandplatz,dresden-parken-Fidelio-F-Finke-Strasse,dresden-parken-Frauenkirche-Neumarkt,dresden-parken-Freiberger-Platz,dresden-parken-GALERIA-Karstadt-Kaufhof,dresden-parken-Gompitz,dresden-parken-Grenzstrasse,dresden-parken-Haus-am-Zwinger,dresden-parken-Kaditz,dresden-parken-Klotzsche,dresden-parken-Kongresszentrum,dresden-parken-Kraftwerk-Mitte,dresden-parken-Langebruck,dresden-parken-Lindengasse,dresden-parken-Lingnerallee,dresden-parken-MESSE-DRESDEN-Parkplatz-P7,dresden-parken-Ostra-Allee,dresden-parken-Ostra-Ufer,dresden-parken-Palaisplatz,dresden-parken-Parkhaus-Mitte,dresden-parken-Pennrich,dresden-parken-Pieschener-Allee-Bus,dresden-parken-Pirnaische-Strasse,dresden-parken-Pirnaischer-Platz,dresden-parken-Prohlis,dresden-parken-Reick,dresden-parken-Reitbahnstrasse,dresden-parken-SP1-Strassburger-Platz,dresden-parken-SachsenEnergie-Center,dresden-parken-Sarrasanistrasse,dresden-parken-Schiessgasse,dresden-parken-Semperoper,dresden-parken-Stadtforum-Dresden,dresden-parken-Strehlener-Strasse,dresden-parken-Taschenbergpalais,dresden-parken-Terrassenufer,dresden-parken-Terrassenufer-Bus,dresden-parken-Theresienstrasse,dresden-parken-Weissig,dresden-parken-Weixdorf-Bad,dresden-parken-Wiener-Platz-Hauptbahnhof,dresden-parken-Wiesentorstrasse,dresden-parken-Wigardstrasse,dresden-parken-Wohrl-Florentinum,dresden-parken-World-Trade-Center,ffh-parken-bad-homburg-Am-Bahnhof,ffh-parken-bad-homburg-Louisen-Arkaden,ffh-parken-bad-homburg-Parkgarage-Karstadt,ffh-parken-bad-homburg-Parkgarage-Kurhaus,ffh-parken-bad-homburg-Parkgarage-Rathaus,ffh-parken-bad-homburg-Parkgarage-Schloss,ffh-parken-bad-homburg-Parkhaus-La-Vie,ffh-parken-bad-homburg-Parkhaus-am-Guterbahnhof,ffh-parken-bad-homburg-Parkhaus-am-Markt,ffh-parken-frankfurt-Aculeum,ffh-parken-frankfurt-Alt-Sachsenhausen,ffh-parken-frankfurt-Alte-Oper,ffh-parken-frankfurt-Am-Gericht,ffh-parken-frankfurt-Am-Theater,ffh-parken-frankfurt-Baseler-Platz,ffh-parken-frankfurt-Borse,ffh-parken-frankfurt-Burgerhaus-Bornheim,ffh-parken-frankfurt-Congresscenter-Messe-Frankfurt-Maritim-Hotel,ffh-parken-frankfurt-Friedrichsheim,ffh-parken-frankfurt-Goetheplatz,ffh-parken-frankfurt-Hauptbahnhof-Sud,ffh-parken-frankfurt-Hauptwache,ffh-parken-frankfurt-Hotel-Intercontinental,ffh-parken-frankfurt-Hotel-Movenpick,ffh-parken-frankfurt-Junghofstrasse,ffh-parken-frankfurt-Konrad-Adenauer-Strasse,ffh-parken-frankfurt-Konstabler,ffh-parken-frankfurt-Mainzer-Landstrasse,ffh-parken-frankfurt-Messeturm,ffh-parken-frankfurt-Mousonturm,ffh-parken-frankfurt-MyZeil-PalaisQuartier,ffh-parken-frankfurt-Opernturm,ffh-parken-frankfurt-Ordnungsamt,ffh-parken-frankfurt-P-R-Haus-Borsigallee,ffh-parken-frankfurt-Schiller-Passage,ffh-parken-frankfurt-Universitatsklinikum-Innengelande,ffh-parken-frankfurt-Universitatsklinikum-P2,ffh-parken-frankfurt-Universitatsklinikum-P5,ffh-parken-frankfurt-Universitatsklinikum-Sandhofstrasse,ffh-parken-frankfurt-Untermainanlage,ffh-parken-kassel-Atrium,ffh-parken-kassel-City-Point,ffh-parken-kassel-Friedrichsplatz,ffh-parken-kassel-Galeria,ffh-parken-kassel-Herkules-Besucherzentrum,ffh-parken-kassel-Kurfursten-Galerie,ffh-parken-kassel-Martinskirche,ffh-parken-kassel-Rathaus,ffh-parken-kassel-Schloss-Wilhelmshohe,ffh-parken-kassel-Wilhelmsstrasse,ffh-parken-mannheim-C1-Hauptverwaltung-MPB-Parkhaus,ffh-parken-mannheim-Collini-Center-Mulde-Parkplatz,ffh-parken-mannheim-D3-Tiefgarage,ffh-parken-mannheim-D5-Reiss-Museum-Tiefgarage,ffh-parken-mannheim-G1-Marktplatz-Tiefgarage,ffh-parken-mannheim-H6-Tiefgarage,ffh-parken-mannheim-Hauptbahnhof-P1-Tiefgarage,ffh-parken-mannheim-Hauptbahnhof-P2-Parkhaus,ffh-parken-mannheim-Hauptbahnhof-P3-Parkhaus,ffh-parken-mannheim-Hauptbahnhof-P5-Parkhaus,ffh-parken-mannheim-Klinikum-P3-Parkplatz,ffh-parken-mannheim-Klinikum-Tiefgarage,ffh-parken-mannheim-M4a-Parkplatz,ffh-parken-mannheim-N1-N2-Stadthaus-Parkhaus,ffh-parken-mannheim-N6-Komforthaus,ffh-parken-mannheim-N6-Standardhaus,ffh-parken-mannheim-SAP-Arena-P1-Parkplatz,ffh-parken-mannheim-SAP-Arena-P2-Parkplatz,ffh-parken-mannheim-SAP-Arena-P3-Parkplatz,ffh-parken-mannheim-SAP-Arena-P6-P8-Parkplatz,ffh-parken-mannheim-U2-Tiefgarage,ffh-parken-wiesbaden-PH-City-II,ffh-parken-wiesbaden-PH-Coulinstr,ffh-parken-wiesbaden-PH-Galeria-Kaufhof,ffh-parken-wiesbaden-PH-Karstadt,ffh-parken-wiesbaden-PH-Kurhaus-Casino,ffh-parken-wiesbaden-PH-Lili,ffh-parken-wiesbaden-PH-Luisenforum,ffh-parken-wiesbaden-PH-Luisenplatz,ffh-parken-wiesbaden-PH-Markt,ffh-parken-wiesbaden-PH-Mauritius,ffh-parken-wiesbaden-PH-Theater,ffh-parken-wiesbaden-TG-Lili,ffh-parken-wiesbaden-TG-RMCC,heilbronn-parken-Am-Bollwerksturm,heilbronn-parken-Bildungscampus-Mitte,heilbronn-parken-E-Quartiersgarage-Neckarbogen,heilbronn-parken-Harmonie,heilbronn-parken-Kathchenhof,heilbronn-parken-Kiliansplatz,heilbronn-parken-P-R-Karlsruher-Strasse,heilbronn-parken-Parkhaus-Experimenta,heilbronn-parken-Parkplatz-Hauptbahnhof,heilbronn-parken-Stadtgalerie,heilbronn-parken-Theaterforum-K3,heilbronn-parken-Wollhaus,ingolstadt-parken-Arena,ingolstadt-parken-Congressgarage,ingolstadt-parken-Festplatz,ingolstadt-parken-Hallenbad,ingolstadt-parken-Hauptbahnhof-Ost,ingolstadt-parken-Hauptbahnhof-West,ingolstadt-parken-Munster,ingolstadt-parken-Nordbahnhof,ingolstadt-parken-Reduit-Tilly,ingolstadt-parken-Schloss,ingolstadt-parken-Theater-Ost,ingolstadt-parken-Theater-West,konstanz-parken-Altstadt,konstanz-parken-Augustiner,konstanz-parken-Dobele,konstanz-parken-Fernbusbahnhof,konstanz-parken-Fischmarkt,konstanz-parken-Lago,konstanz-parken-Seerheincenter,mobil-potsdam-parken-Am-Kanal,mobil-potsdam-parken-Bahnhofspassagen-1,mobil-potsdam-parken-Bahnhofspassagen-2,mobil-potsdam-parken-Biosphare-Potsdam-Volkspark,mobil-potsdam-parken-Hollandisches-Viertel-Klinikum,mobil-potsdam-parken-Industrie-und-Handelskammer,mobil-potsdam-parken-Karstadt-Zentrum,mobil-potsdam-parken-Krongut-Bornstedt,mobil-potsdam-parken-Luisenplatz,mobil-potsdam-parken-Lustgarten,mobil-potsdam-parken-Markt-Center,mobil-potsdam-parken-Neuer-Garten-Cecilienhof,mobil-potsdam-parken-P-R-Bahnhof-Golm,mobil-potsdam-parken-P-R-Bahnhof-Griebnitzsee,mobil-potsdam-parken-P-R-Bahnhof-Marquardt,mobil-potsdam-parken-P-R-Bahnhof-Pirschheide,mobil-potsdam-parken-P-R-Campus-Jungfernsee,mobil-potsdam-parken-P-R-Rehbrucke,mobil-potsdam-parken-P-R-Wetzlarer-Strasse,mobil-potsdam-parken-Park-Sanssouci-P1-Historische-Muhle,mobil-potsdam-parken-Park-Sanssouci-P2-Voltaireweg,mobil-potsdam-parken-Park-Sanssouci-P3-Am-Neuen-Palais,mobil-potsdam-parken-Parkplatz-Schloss-und-Park-Babelsberg,mobil-potsdam-parken-Schiffbauergasse-Hans-Otto-Theater,mobil-potsdam-parken-Sportpark-Luftschiffhafen,mobil-potsdam-parken-Weberpark,mobil-potsdam-parken-Wilhelmgalerie,mobilitaet-jena-Am-Anger,mobilitaet-jena-Am-Gries,mobilitaet-jena-Am-Planetarium,mobilitaet-jena-Am-Stadion,mobilitaet-jena-August-Bebel-Strasse,mobilitaet-jena-Bachstrasse,mobilitaet-jena-Busbahnhof,mobilitaet-jena-City-Carree,mobilitaet-jena-Eichplatz,mobilitaet-jena-Eisenbahndamm,mobilitaet-jena-Erbertstrasse,mobilitaet-jena-Ernst-Abbe-Strasse,mobilitaet-jena-Ernst-Haeckel-Strasse,mobilitaet-jena-Gartenstrasse,mobilitaet-jena-Goethe-Galerie,mobilitaet-jena-Grietgasse,mobilitaet-jena-Haeckelplatz,mobilitaet-jena-Holzmarkt,mobilitaet-jena-Krautgasse,mobilitaet-jena-Lassallestrasse,mobilitaet-jena-Lessingstrasse,mobilitaet-jena-Muhlenstrasse,mobilitaet-jena-Neue-Mitte,mobilitaet-jena-Paradiesbahnhof,mobilitaet-jena-Philosophenweg,mobilitaet-jena-Roland-Ducke-Weg,mobilitaet-jena-Schlossgasse,mobilitaet-jena-Seidelparkplatz,mobilitaet-jena-Seidelstrasse,mobilitaet-jena-Semmelweissstrasse,mobilitaet-jena-Sophienstrasse,mobilitaet-jena-Spitzweidenweg,mobilitaet-jena-Steinkreuz,mobilitaet-jena-Stoystrasse,mobilitaet-jena-Wagnergasse,mobilitaet-jena-Westbahnhof,mobilitaet-jena-Wiesenstrasse,mobilitaet-jena-Windberg,mobilitaet-jena-Wollnitzer-Strasse,mobilitaet-jena-Ziegelmuhlenweg,oldenburg-service-parken-Altes-Gymnasium,oldenburg-service-parken-CCO-Parkdeck-1,oldenburg-service-parken-CCO-Parkdeck-2,oldenburg-service-parken-Parkhaus-Alter-Stadthafen-Cinemaxx,oldenburg-service-parken-Parkhaus-Am-Waffenplatz,oldenburg-service-parken-Parkhaus-August-Carree,oldenburg-service-parken-Parkhaus-Bahnhof-ZOB,oldenburg-service-parken-Parkhaus-Galeria-Kaufhof,oldenburg-service-parken-Parkhaus-Heiligengeist-Hoefe,oldenburg-service-parken-Parkhaus-Schlosshoefe,oldenburg-service-parken-Parkhaus-Theatergarage,oldenburg-service-parken-Parkplatz-Pferdemarkt,oldenburg-service-parken-Parkplatz-Theaterwall,oldenburg-service-parken-Ratsherren,parken-in-bochum-P1-Husemannplatz,parken-in-bochum-P2-Dr-Ruer-Platz,parken-in-bochum-P3-Rathaus-BVZ,parken-in-bochum-P5-Bruckstrasse,parken-in-bochum-P6-Hauptbahnhof-Buddenbergplatz,parken-in-bochum-P7-Kurt-Schumacher-Platz,parken-in-bochum-P8-Konrad-Adenauer-Platz-Bermuda3Eck,parken-in-bochum-P9-Schauspielhaus,parken-in-bochum-PH-Alter-Markt-Wattenscheid,parken-in-bochum-PH-Bochumer-Fenster,parken-in-bochum-PH-Husemann-Karree,parken-in-bochum-PH-Massenbergstrasse,parken-in-bochum-PH-Quartiersgarage-Ostpark,parken-in-bochum-PH-Stadionring,parken-in-bochum-PH-Westpark-Jahrhunderthalle,parken-luebeck-Am-Bahnhof-Handelshof-Parkplatz-Strassenrand-Am-Bahnhof-Handelshof-Parkplatz-Strassenrand-Lubeck,parken-luebeck-Am-Burgfeld-Parkplatz-Am-Burgfeld-Parkplatz-Lubeck,parken-luebeck-Am-Fischereihafen-Parkplatz-Am-Fischereihafen-Parkplatz-Travemunde,parken-luebeck-Am-Leuchtenfeld-Leuchtturm-Parkplatz-Am-Leuchtenfeld-Leuchtturm-Parkplatz-Travemunde,parken-luebeck-Backbord-Parkplatz-Backbord-Parkplatz-Travemunde,parken-luebeck-Bahnhof-Parkplatz-Strassenrand-Bahnhof-Parkplatz-Strassenrand-Lubeck,parken-luebeck-Bauhof-Parkplatz-Bauhof-Parkplatz-Lubeck,parken-luebeck-Beckergrube-Parkplatz-Beckergrube-Parkplatz-Lubeck,parken-luebeck-Bruckenweg-Parkplatz-Bruckenweg-Parkplatz-Lubeck,parken-luebeck-Burgstrasse-Parkplatz-Burgstrasse-Parkplatz-Lubeck,parken-luebeck-Fahrstrasse-Parkplatz-Fahrstrasse-Parkplatz-Lubeck,parken-luebeck-Fahrvorplatz-Parkplatz-Fahrvorplatz-Parkplatz-Travemunde,parken-luebeck-Hafenbahnhof-Parkplatz-Hafenbahnhof-Parkplatz-Travemunde,parken-luebeck-Hermann-Lange-Strasse-Parkplatz-Hermann-Lange-Strasse-Parkplatz-Lubeck,parken-luebeck-Huxterdamm-Parkplatz-Huxterdamm-Parkplatz-Lubeck,parken-luebeck-Kanalstrasse-P2-Parkplatz-Kanalstrasse-P2-Parkplatz-Lubeck,parken-luebeck-Kanalstrasse-P3-Parkplatz-Kanalstrasse-P3-Parkplatz-Lubeck,parken-luebeck-Kanalstrasse-P4-Parkplatz-Kanalstrasse-P4-Parkplatz-Lubeck,parken-luebeck-Kanalstrasse-P5-Parkplatz-Kanalstrasse-P5-Parkplatz-Lubeck,parken-luebeck-Kanalstrasse-Strassenrand-Parkplatz-Kanalstrasse-Strassenrand-Parkplatz-Lubeck,parken-luebeck-Kirchenstrasse-Parkplatz-Kirchenstrasse-Parkplatz-Travemunde,parken-luebeck-Konrad-Adenauer-IHK-Parkplatz-Strassenrand-Konrad-Adenauer-IHK-Parkplatz-Strassenrand-Lubeck,parken-luebeck-Kowitzberg-Parkplatz-Kowitzberg-Parkplatz-Travemunde,parken-luebeck-Kurgartenstrasse-Parkplatz-Kurgartenstrasse-Parkplatz-Travemunde,parken-luebeck-Lastadie-P1-Parkplatz-Lastadie-P1-Parkplatz-Lubeck,parken-luebeck-Lastadie-P3-Parkplatz-Lastadie-P3-Parkplatz-Lubeck,parken-luebeck-Lastadie-P5-Parkplatz-Lastadie-P5-Parkplatz-Lubeck,parken-luebeck-Leuchtenfeld-Parkplatz-Leuchtenfeld-Parkplatz-Travemunde,parken-luebeck-Marlesgrube-Parkplatz-Marlesgrube-Parkplatz-Lubeck,parken-luebeck-Mowenstein-Parkplatz-Mowenstein-Parkplatz-Travemunde,parken-luebeck-MuK-Parkplatz-MuK-Parkplatz-Lubeck,parken-luebeck-Muhlenbrucke-Parkplatz-Muhlenbrucke-Parkplatz-Lubeck,parken-luebeck-Muhlendamm-Parkplatz-Muhlendamm-Parkplatz-Lubeck,parken-luebeck-Muhlenstrasse-Parkplatz-Muhlenstrasse-Parkplatz-Lubeck,parken-luebeck-Mullergarten-Parkplatz-Mullergarten-Parkplatz-Lubeck,parken-luebeck-Musterbahn-Parkplatz-Musterbahn-Parkplatz-Lubeck,parken-luebeck-Nordliche-Wallhalbinsel-Parkplatz-Nordliche-Wallhalbinsel-Parkplatz-Lubeck,parken-luebeck-Obertrave-Parkplatz-Strassenrand-Obertrave-Parkplatz-Strassenrand-Lubeck,parken-luebeck-Parade-Parkplatz-Parade-Parkplatz-Lubeck,parken-luebeck-Parkplatz-vor-dem-PH-Burgtor-Parkplatz-Parkplatz-vor-dem-PH-Burgtor-Parkplatz-Lubeck,parken-luebeck-Paul-Brummer-Strasse-Parkplatz-Paul-Brummer-Strasse-Parkplatz-Travemunde,parken-luebeck-Priwall-Parkplatz-Priwall-Parkplatz-Travemunde,parken-luebeck-Radisson-Blu-Parkplatz-Radisson-Blu-Parkplatz-Lubeck,parken-luebeck-Retteich-Parkplatz-Retteich-Parkplatz-Lubeck,parken-luebeck-Roeckstrasse-Parkplatz-Roeckstrasse-Parkplatz-Lubeck,parken-luebeck-Rose-Parkplatz-Rose-Parkplatz-Travemunde,parken-luebeck-Strandbahnhof-Parkplatz-Strandbahnhof-Parkplatz-Travemunde,parken-luebeck-Trelleborgallee-Parkplatz-Trelleborgallee-Parkplatz-Travemunde,parken-luebeck-Untertrave-Flache-1-Parkplatz-Strassenrand-Untertrave-Flache-1-Parkplatz-Strassenrand-Lubeck,parken-luebeck-Untertrave-Parkplatz-Untertrave-Parkplatz-Lubeck,parken-luebeck-Verwaltungszentrum-Muhlentor-Parkplatz-Verwaltungszentrum-Muhlentor-Parkplatz-Lubeck,parken-luebeck-Vogteistrasse-Parkplatz-Vogteistrasse-Parkplatz-Travemunde,parken-luebeck-Wallstrasse-Parkplatz-Wallstrasse-Parkplatz-Lubeck,parken-luebeck-Werner-Kock-Strasse-Parkplatz-Strassenrand-Werner-Kock-Strasse-Parkplatz-Strassenrand-Lubeck,parken-osnabrueck-11,parken-osnabrueck-13,parken-osnabrueck-16,parken-osnabrueck-17,parken-osnabrueck-18,parken-osnabrueck-19,parken-osnabrueck-21,parken-osnabrueck-22,parken-osnabrueck-23,parken-osnabrueck-24,parken-osnabrueck-25,parken-osnabrueck-26,parken-osnabrueck-27,parken-osnabrueck-28,parken-osnabrueck-29,parken-osnabrueck-30,parken-osnabrueck-31,parken-osnabrueck-32,parken-osnabrueck-33,parken-osnabrueck-34,parken-osnabrueck-35,parken-osnabrueck-36,parken-osnabrueck-37,parken-osnabrueck-38,parken-osnabrueck-39,parken-osnabrueck-40,parken-osnabrueck-41,parken-osnabrueck-43,parken-osnabrueck-44,parken-osnabrueck-45,parken-osnabrueck-46,parken-osnabrueck-49,parken-osnabrueck-50,parken-osnabrueck-51,regensburg-parken-Park-Ride-Parkplatz-Unterer-Wohrd,regensburg-parken-Park-Ride-Parkplatz-West,regensburg-parken-Parkhaus-Dachauplatz,regensburg-parken-Parkhaus-Dallmeier,regensburg-parken-Parkhaus-Regensburg-Arcaden,regensburg-parken-Parkhaus-St-Peters-Weg,regensburg-parken-Parkplatz-Dultplatz,regensburg-parken-Tiefgarage-Arnulfsplatz,regensburg-parken-Tiefgarage-Hauptbahnhof-Castra-Regina-Center,regensburg-parken-Tiefgarage-am-Theater-Bismarckplatz,reutlingen-parken-Am-Bahnhof,reutlingen-parken-Bahnhof,reutlingen-parken-Echaz-Zentrum,reutlingen-parken-Galeria-Kaufhof,reutlingen-parken-Gartentor-C-A-Mode,reutlingen-parken-Gartenviertel,reutlingen-parken-Kaiserpassage,reutlingen-parken-Klinikum-I,reutlingen-parken-Klinikum-II,reutlingen-parken-Konrad-Adenauer-Strasse-Eberhardstrasse,reutlingen-parken-Kronprinzenbau,reutlingen-parken-Lederstrasse,reutlingen-parken-Nordstern,reutlingen-parken-Obere-Wassere,reutlingen-parken-Parkgarage-Leonhardsplatz,reutlingen-parken-Parkhaus-Pomologie,reutlingen-parken-Rathaus-Tubinger-Tor,reutlingen-parken-Stadthalle,reutlingen-parken-Stadtmitte,reutlingen-parken-Unter-den-Linden,reutlingen-parken-Volksbank,sw-bielefeld-parken-Parkhaus-Am-Hauptbahnhof,sw-bielefeld-parken-Parkhaus-Am-Jahnplatz,sw-bielefeld-parken-Parkhaus-Am-Zwinger,sw-bielefeld-parken-Parkhaus-Ankergarten,sw-bielefeld-parken-Parkhaus-Bahnhofsviertel-1,sw-bielefeld-parken-Parkhaus-Bahnhofsviertel-2,sw-bielefeld-parken-Parkhaus-Centrum,sw-bielefeld-parken-Parkhaus-Karstadt,sw-bielefeld-parken-Parkhaus-LOOM,sw-bielefeld-parken-Parkhaus-Ritterstrasse,sw-bielefeld-parken-Parkhaus-Stadthalle,sw-bielefeld-parken-Parkpalette-Hermann-Delius-Strasse,sw-bielefeld-parken-Parkplatz-Friedenstrasse,sw-bielefeld-parken-Parkplatz-Grosse-Kurfursten-Str,sw-bielefeld-parken-Parkplatz-Hbf,sw-bielefeld-parken-Parkplatz-Herforder-Str,sw-bielefeld-parken-Parkplatz-Kunsthalle,sw-bielefeld-parken-Parkplatz-Mercatorstr,sw-bielefeld-parken-Parkplatz-Niederwall,sw-bielefeld-parken-Parkplatz-Teutoburger-Strasse,sw-bielefeld-parken-Parkplatz-Zentrum,sw-bielefeld-parken-Parkplatze-Werner-Bock-Strasse,sw-bielefeld-parken-Seidenstickerhalle,sw-bielefeld-parken-Tiefgarage-Altstadt-Carre,sw-bielefeld-parken-Tiefgarage-Am-Theater,sw-bielefeld-parken-Tiefgarage-Kesselbrink,sw-bielefeld-parken-Tiefgarage-Marktpassage-nicht-fur-gasbetriebene-Fahrzeuge,sw-bielefeld-parken-Tiefgarage-Neues-Rathaus,sw-bielefeld-parken-Tiefgarage-Welle,sw-bielefeld-parken-Tiefgarage-Willy-Brandt-Platz,sw-bielefeld-parken-Tiefgarage-und-Parkpalette-CineStar,swt-trier-parken-Basi,swt-trier-parken-City,swt-trier-parken-Hauptm,swt-trier-parken-Kons,swt-trier-parken-Osta,swt-trier-parken-ParkPlaza,swt-trier-parken-Vieh,tiefbauamt-nuernberg-parken-ADCOM-Center,tiefbauamt-nuernberg-parken-Adlerstrasse,tiefbauamt-nuernberg-parken-City-Park-Center,tiefbauamt-nuernberg-parken-Erler-Klinik,tiefbauamt-nuernberg-parken-Findelgasse,tiefbauamt-nuernberg-parken-Galeria-Kaufhof,tiefbauamt-nuernberg-parken-Hans-Sachs-Platz,tiefbauamt-nuernberg-parken-Hauptbahnhof,tiefbauamt-nuernberg-parken-Hauptmarkt,tiefbauamt-nuernberg-parken-Jakobsmarkt,tiefbauamt-nuernberg-parken-Katharinenhof,tiefbauamt-nuernberg-parken-PH-Nurnberger-Akademie,tiefbauamt-nuernberg-parken-Parkhaus-City-Point,tiefbauamt-nuernberg-parken-Parkhaus-Karstadt,tiefbauamt-nuernberg-parken-Parkhaus-Maximum,tiefbauamt-nuernberg-parken-Parkhaus-Wohrl,tiefbauamt-nuernberg-parken-Parkhausname,tiefbauamt-nuernberg-parken-Sebalder-Hofe,tiefbauamt-nuernberg-parken-Sterntor,tiefbauamt-nuernberg-parken-Theater,vmz-bremen-parken-Am-Bahnhof,vmz-bremen-parken-Am-Brill,vmz-bremen-parken-Am-Dom,vmz-bremen-parken-Am-Kuhhirten,vmz-bremen-parken-Am-Sedanplatz,vmz-bremen-parken-Am-Vegesacker-Hafen,vmz-bremen-parken-Am-Wall,vmz-bremen-parken-Aumunder-Markplatz,vmz-bremen-parken-Beckersweide,vmz-bremen-parken-Burgerweide,vmz-bremen-parken-Burgerweide-Klangbogen,vmz-bremen-parken-City-Gate,vmz-bremen-parken-Fresenbergstrasse-P1,vmz-bremen-parken-Fresenbergstrasse-P2,vmz-bremen-parken-Herdentor-Rembertiring,vmz-bremen-parken-Hillmannplatz,vmz-bremen-parken-Im-Pohl,vmz-bremen-parken-Katharinenklosterhof,vmz-bremen-parken-Kunstlerhaus-Guterbahnhof,vmz-bremen-parken-Lubecker-Strasse,vmz-bremen-parken-Messe-Parkhaus,vmz-bremen-parken-Mitte,vmz-bremen-parken-Ortsamt-Blumenthal,vmz-bremen-parken-Ostertor-Kulturmeile,vmz-bremen-parken-Pressehaus,vmz-bremen-parken-Rowekamp-Metropol-Theater,vmz-bremen-parken-Sagerstr,vmz-bremen-parken-Silbermannstrasse,vmz-bremen-parken-Stephani,vmz-bremen-parken-Uberseestadt,vmz-bremen-parken-Weserstadion,vtmanager-duesseldorf-parken-FLOAT,vtmanager-duesseldorf-parken-Heerdt,vtmanager-duesseldorf-parken-PH-01,vtmanager-duesseldorf-parken-PH-02,vtmanager-duesseldorf-parken-PH-03,vtmanager-duesseldorf-parken-PH-04,vtmanager-duesseldorf-parken-PH-06,vtmanager-duesseldorf-parken-PH-08,vtmanager-duesseldorf-parken-PH-09,vtmanager-duesseldorf-parken-PH-10,vtmanager-duesseldorf-parken-PH-11,vtmanager-duesseldorf-parken-PH-12,vtmanager-duesseldorf-parken-PH-13,vtmanager-duesseldorf-parken-PH-16,vtmanager-duesseldorf-parken-PH-17,vtmanager-duesseldorf-parken-PH-18,vtmanager-duesseldorf-parken-PH-20,vtmanager-duesseldorf-parken-PH-22,vtmanager-duesseldorf-parken-PH-23,vtmanager-duesseldorf-parken-PH-24,vtmanager-duesseldorf-parken-PH-25,vtmanager-duesseldorf-parken-PH-26,vtmanager-duesseldorf-parken-PH-29,vtmanager-duesseldorf-parken-PH-33,vtmanager-duesseldorf-parken-PH-34,vtmanager-duesseldorf-parken-PH-35,vtmanager-duesseldorf-parken-PH-37,vtmanager-duesseldorf-parken-PH-39,vtmanager-duesseldorf-parken-PH-42,vtmanager-duesseldorf-parken-PH-43,vtmanager-duesseldorf-parken-PH-45,vtmanager-duesseldorf-parken-PH-46,vtmanager-duesseldorf-parken-PH-47,vtmanager-duesseldorf-parken-PH-48,vtmanager-duesseldorf-parken-PH-50,vtmanager-duesseldorf-parken-PH-51,vtmanager-duesseldorf-parken-PH-52,vtmanager-duesseldorf-parken-PH-53,vtmanager-duesseldorf-parken-PH-54
2026-08-06T00:00:01+00:00,191,,57,179,,57,,261,,,220,276,319,,,361,,,,1245,167,479,433,452,,,98,,,4,1055,25,99,76,233,,,,0,171,162,0,93,0,34,,,,,135,,416,11,107,,6,50,15,70,156,185,9,128,227,86,233,92,46,35,133,,,379,5,,132,249,385,212,277,193,190,237,21,198,63,376,181,309,439,296,237,618,68,290,221,497,323,208,63,120,287,348,500,172,827,78,753,255,107,304,345,927,24,,495,83,,,,199,280,527,,134,378,,0,0,0,0,297,0,0,0,0,541,0,0,0,0,198,209,0,0,0,0,0,,273,,10,290,370,729,292,485,,231,150,614,261,295,528,257,52,230,,832,333,594,266,328,307,492,1325,585,187,444,177,180,280,251,519,285,,,257,16,135,899,,,,,,,,268,,209,,,,,,118,110,0,,55,,133,,,0,,,37,0,0,0,0,0,0,0,0,291,0,0,0,0,0,513,0,24,114,126,0,0,0,165,0,0,0,0,148,0,0,0,0,57,0,0,0,0,64,0,0,48,209,36,206,478,294,197,258,238,430,0,401,74,14,314,350,408,672,340,403,542,133,,233,319,93,,1364,,,,358,,83,,,,,,,,49,,,177,101,42,22,,,,450,,,,,295,,,331,,,,,,,,,,,,21,,,,,,,,,,,,358,142,50,129,114,113,64,244,532,400,38,38,401,230,44,206,6,0,18,86,196,285,0,34,303,173,263,200,113,141,900,39,140,60,143,0,493,72,1263,314,0,137,193,222,0,118,209,289,84,0,0,343,343,116,0,314,0,343,209,135,289,200,249,0,0,780,80,217,,723,,253,251,,333,353,,,140,123,,,,,,79,,,305,128,,,286,269,,233,157,725,256,184,700,41,162,,164,,152,,161,,,,,294,,,,,389,,199,,,,,,,,,,,,,,,,,,,,,,,,,,,,,,,,,,485,144,132,449,66,352,302,99,567,205,381,334,,287,,190,79,85,,200,481,304,360,,,,200,544,605,127,,548,,191,144,160,641,324,
2026-08-06T00:15:02+00:00,,,,,,59,,262,,,,,,,,,,,,,,,,,,,,,,,1056,,,,,,,,,,,,,,,,,,,,,,,,,,,,,,,,127,228,,,,47,,,,,,,,,,,,,,,,,,,,,,440,,236,619,,,,,,206,,,,,503,,,,,,,,,929,,,,,,,,,,,,,,,,,,,,,,,,,,,,,197,,,,,,,,275,,,,,728,,,,,,,,,,,,,,,,,,,,,,586,,443,,,,,,,,,258,16,,901,,,,,,,,,,,,,,,,,,,,,,,,,,,,,,,,,,,,,292,,,,,,,,25,,,,,,,,,,,,,,,,,,,,,,,,,,,,479,,,,,,,,,,,,409,,,,546,,,,318,,,,,,,,,,,,,,,,,,,,,,,,,,,,,,,,,,,,,,,,,,,,,,,,,,,,,,,,,,,360,,,,115,,,,,,,,402,,,,,,,,,,,,,,,,,,901,,,,,,494,,,315,,,,224,,,,,,,,,,,,,,,,,,,,,,784,,,,,,,,,,354,,,,,,,,,,,,,,,,,287,,,,,,,,,40,,,,,,,,,,,,,,,,,,,,,,,,,,,,,,,,,,,,,,,,,,,,,,,,,,,,,,,,450,,,,,,,382,,,,,189,,,,,,,,,,,,,,,,,,,143,,,,
2026-08-06T00:30:01+00:00,,,,,,60,,,,,,277,,,,,,,,,,,,,,,,,,,,,,,,,,,,,,,,,,,,,,,,,,,,,,,,,,,,,,,,,,,,,,,,,,,,,,,,,,,,182,311,439,297,,,,,,,324,207,64,,288,,506,,,,,,,,,931,,,,,,,,,,,,,,,,,,,,,,,,,,,,,198,,,,,,,,,,,297,,,,,,232,,,,,,,,,,,,,,,,,,,,,,,,,,,,,,16,,,,,,,,,,267,,,,,,,,,,,,,,,,,,,,,,,,,,,,,293,,,,,,,,,,,,,,,,,,,,,,,,,,,,,,,,,,,,,,,,,,,,,,,,,,,,547,,,,,,,,,,,,,,,,,,,,,,,,,,,,,,,,,,,,,,,,,,,,,,,,,,,,,,,,,,,,,,,362,,,,,,,,,,,,,,,,,,,,,,,,,174,,,,,,,,,,,,,,,,,,,,,,,,,,,,,,,,,,,,,,,,,,,,,,,,,,,,,,,,,,,,,,,,,,,290,,,,,,,185,,,,,,,,,,,,,,,,,,,,,,,,,,,,,,,,,,,,,,,,,,,,,,,,,,,,,,,490,,,451,,,,,,,,,,,,,,,,,,,,,,,,,,,,549,,,,,,,
2026-08-06T00:45:01+00:00,,,,,,63,,263,,,,278,,,,,,,,,,,,,,,,,,,,,,,,,,,,,,,,,,,,,,,,,9,,,,,,71,,,,,,,,,,,,,,380,,,,,,,,,,,,,,374,,,,,,,,,,502,,,,,,347,507,,,,,,,,,,,,,,,,,,,,,133,,,,,,,,,,,,,,,,,,,,,,,,,,,,302,,,,,,233,,,,,,,,,,,,,,,,,,,,,,178,,,,,,,,16,,,,,,,,,,,,,,,,,,,111,,,,,,,,,,,,,,,,,,,,294,,,,,,,,,,,,,,,,,,,,,,,,,,,,,,,,,,,,,295,,,,,,400,,,,,,,,,548,,,,,,,,,,,,,,,,,,,,,,,,,,,,,,,,,,,,,,,,,,,,,,,,,,,,,,,,,,,,,,,,,,,,,,,,,,,401,,,,,,,,,,,,,,,,,,,,141,,,,,,,,,,,,,,,,,,,,,,,,,,,,,,,,,,81,,,,,,,,,,,,,,,,,,,,,,,,,,,270,,,,,,,,,,,,,,,,,,,,296,,,,,,,,,,,,,,,,,,,,,,,,,,,,,,,,,,,,,,,,,,,,452,,,,,,,,,,,,,,,,,,,,,,,,,,,,548,,,,,,,
2026-08-06T01:00:02+00:00,,,,,,69,,,,,,,,,,,,,,,,,,,,,,,,,,,,,,,,,,,,,,,,,,,,,,,,,,,,,70,,,,126,,,,,,,,,,,,,,,,,,,,,,,,,,312,438,,,,,,,503,,,,,,,,,,,,,,303,,933,,,,,,,,,,,,,,,,,,,,,,,,,,,,,,,,,,,,,,,,303,,,,,,234,,,,,,,,,,,,,,,,,,,,,,177,,,,,,,,16,,,,,,,,,,,,,,,,,,,,,,,,,,,,,,,,,,,,,,,,,,,,,,,,,,,,,,,,,,149,,,,,,,,,,,,,,,,,480,,,,,,,401,,,315,,,,,402,,,,,,,,,,,,,,,,,,,,,,,,,,,,,,,,,,,,,,,,,,,,,,,,,,,,,,,,,,,,,,,,365,,,,,,,,,,,,,,,,,,,,,,,,,175,,,,,,,,,,,,,,,,,,,,,,,,,,,,,,,,,,,,,,,,,,,,,,,,,,355,,,,124,,,,,,,,,,,,,293,272,,,,,,,,,,,,,,,,,,,,297,,,,,,,,,,,,,,,,,,,,,,,,,,,,,,,,,,,,,,,,,,,,455,,,,,,,,,,,,190,,,,,,,,,,,,,606,,,,,,,,,,
2026-08-06T01:15:02+00:00,,,,,,,,,,,,,,,,,,,,,,,,,,,,,,,,,,,,,,,,,,,,,40,,,,,,,,45,,,,57,,72,,,,,,,235,93,,,,,,,,,,,,,,,,,,,,,,,,,,,,,,,,208,,,,343,,,,80,,,,302,,934,,,,,,,,,,,,,,,,,,,,,,,,,,,,,,208,,,,,,,,,,304,,,,,,236,,,,,,,,,,,,,,,,,,587,,,,174,,,,,,,,16,,900,,,,,,,,,,,,,,,,,,,,54,,,,,,,,,,,,,,,,,295,,,,,,512,,,,,,,,,,,,,,,,,,,,,,,,,,,,,,,,,,,,,,,,,,,,,,,,,,,,,,,,,,,,,,,,,,,,,,,,,,,,,,,,,,,,,,,,,,,,,,,,,,,,,,,,,,,,,,,,,,,,,,,,,,,,,,,,,,,,,,,,,,,,,,,,,,,,314,,,,226,,,,,,,,,,,,,,,,,,,,,,,,,,,,,,,,,,,,,,,,,,,,,,,,,,,,,,,,,,,,,,,,,,,,,,,,,,,,,,,,,,,,,,,,,,,,,,,,,,,,,,,,,,,,,,,,145,,456,,,,,,,,,,,,,,,,,,,,,,,,,607,128,,549,,,,,,,
2026-08-06T01:30:01+00:00,,,,,,67,,,,,,,,,,,,,,,,478,,,,,,,,,,,,,,,,,,,161,,,,,,,,,,,,,,,5,,,,,,,,,,,,,,,,,,,,,,,,,,,,,,,,183,,,,,,,,,,,,,,,342,506,,,81,,,,,,933,,,,,,,,199,280,527,,132,378,,,,,,,,,,,,,,,,,,,,,,,,,,,306,,,,,,237,,,,,,,,,,,,,,,,,,588,,,,,,,,,,,257,16,,901,,,,,,,,,,,,,,,,,,,,53,,,,,,,,,,,,,,,,,,,,,,,,,,,,,,,,,,,,,,,,,,,,,,,,,,,,,,,,,,,,,,,,,,,,,,,,,,,,,,,,,,,,,,,,,,,,,,,,,,,,,,,,,,,,,,,,,,,,,,,,,,,,,,,,,,,,,,,,,,,,,,,,,,,,,,,,,,,,,,,,,,,,,61,,,,,,,,,,,,,,,,,,,,,,,,,,,,,,,,783,,,,,,,252,,,356,,,,,,,,,,80,,,,,,,295,,,,,,257,,,,,,,,,,,,,,,,,,,,390,,,,,,,,,,,,,,,,,,,,,,,,,,,,,,,,,,,,,,,457,,,,,,,,,,,,,80,,,,,,,,,,,,,,,,,,,,,,
2026-08-06T01:45:02+00:00,,,,,,66,,,,,,,,,,,,,,,,,,,,,,,,,,,,,,,,,,,159,,,,,,,,,,,,,,,6,,,,,,,125,,,,,,,,,,,,,,,,,,,,,,,,,,,,,,,,,,,,,,,,343,508,,,83,,,,,,934,,,,,,,,,,,,133,,,,,,,,,,,,,,,,,,,,,,,,,,,,307,,,,,,,,,,,,,,,,,,,,,,,,587,,,,,,,,,,,,16,,,,,,,,,,,,,,,,,,,,,,51,,,,,,,,,,,,,,,,,,,,,,,,,,,,,,,,,,,,,,,,,,,,,,,,,,,,,,,,,,,,400,,,,,,,,,,,,,,,,,,,,,,,,,,,,,,,,,,,,,,,,,,,,,,,,,,,,,,,,,,,,,,,,,,,,,,,,,,,,,,,,,,,,,,,,,,,,,,,,,,,,,,,,,,,,,,,,,,,,,,,,,,,,,,,,,,,,,,,,,,,,,,,,,,,355,,,,,,,,,,,,,,,,,300,,,,,,,,,,,,,,,,,,,,,,,,,,,,,,,,,,,,,,,,,,,,,,,,,,,,,,,,,,,,,,,143,,460,,,,,,,,,,,,,,,,,,,,,,,,,,,,,,,,,,,
2026-08-06T02:00:02+00:00,190,,,,,64,,,,,,,,,,,,,,,,,,,,,,,,,,,,,,,,,,,162,,,,,,,,,,,,,,,,56,,74,,,,126,,,,,,,,,,377,,,,,,,,,,,,,,373,,,,,,,,,,504,,210,,,,344,,,,,,,,,,935,,,,,,,,,,,,,377,,,,,,,,,,,,,,,,,,,,,,,,,,,311,,,,,,,,,,,,,,,,,,,,,,,,,,441,,,,,,,,,258,16,,,,,,,,,,,,,,,,,,,,,,48,,,,,,,,,,,,,,,,,,,,,,,,,,,,,,,,,,,,,,,,,,,,,,,,,,,,,482,,,,,,,401,,,,,,,,,,,,,,,,,,,,,,,,,,,,,,,,,,,,,,,,,,,,,,,,,,,,,,,,,,,,,,,,,,,,,,,,,141,,,,,,243,,,,,,,,,,,,,,,,,,174,,,,,900,,,,,,,,,,,,,,,,,,,,,,,,,,,,,,,,,,,,82,,,722,,,,,,,,,139,,,,,,,,,,,,,,304,,,,,,,186,,,,,,,,,,,,,,,,,,,,,,,,,,,,,,,,,,,,,,,,,,,,,,,,,,,,,,,489,144,,,,,,,,,,,,,,,,,,,,,,,,,,,,,,,,,,,,,
2026-08-06T02:15:02+00:00,188,,,,,61,,,,,,,,,,,,,,,,479,,,,,,,,,,,,,,,,,,,,,,,,,,,,,,,,,,5,,,,,,,127,229,,,,,,,,,,,,,220,,,,,,,,,,,,,437,,,,,,,,,,,,,343,,,,,,,,,,,,,,,,,,,,,,,,,,,,,,,,,,,,,,,197,,,,,,,,,,,319,,,,,,240,,,,,,,,,,,,,,,,,,588,,438,,171,,,,,,,,16,,,,,,,,,,,,,,,,,,,108,,,46,,,,,,,,,,,,,,,,,294,,,,,,,,,,,,,,,,,,,,,,,,,,,,,,,,,,,,,,,,,,,400,69,,,,,,,,,,,,,,,,,,,,,,,,,,,,,,,,,,,,,,,,,,,,,,,,,,,,,,,,,,,,,,,,,,,,,,,363,,,,,,,,,,,,,,,,,,,,,,,,,,,,,,899,,,,,,,,,315,,,,227,,,,,,,,,,,,,,,,,,,,,,784,,,,723,,,,,,,,,,,,,,,,79,,,,,,,306,,,,,723,,,,,,,,,,,,,,,,,,,,,,,,,,,,,,,,,,,,,,,,,,,,,,,,,,,,,,,,,,145,,461,,,,,,,,,,,,,,,,,,303,,,,,,,,,,,,,,,,,
2026-08-06T02:30:01+00:00,189,,,,,,,262,,,,,,,,,,,,,,,,,,,,,,2,,,100,,,,,,,,,,,,,,,,,,,,,,,6,57,,72,,,,129,,,,,46,,,,,375,,,,219,,,,,,,,,,,,,438,,,,,,,,325,,,,,341,509,,,,,,,,,,,,,,,,,199,280,527,,134,377,,,,,,,,,,,,,,,,,,,,,,,,,,,,,,,,,,,,,,,,,,,,,,,,,,,,,437,,,,,,,,,,16,,,,,,,,,,,,,,,,,,,105,,,45,,,,,,,,,,,,,,,,,,,,,,,,,,,,,,,,,,,,,,,,,,,,,,,,,,,,,,,,,,,,,,,,,,,,,,,,,319,,,,,,,,,,,,,,,,,,,,,,,,,,,,,,,,,,,,,,,,,,,,,,,,,,,,,,,,,,,,,,,,,,,,,,,,,,,,,,,,,,,,,,,,,,,,,,,,,,,,,,,,,,,,,,,,,,,,,,,,,,,,,,,,,,,,,,354,,,,,,,,,,,,,,,,,307,,,,,,,,,,,,,,,,,,,,,,,,,,,,,,,,,,,,,,,,,,,,,,,,,,,,,,,,,,,,,,,,,,,,,,,,,,,,,,81,,,,,304,,,,,,,,,,,,,,,,,
2026-08-06T02:45:01+00:00,188,,,,,57,,,,,,279,,,,,,,,,,,,,,,,,,,1054,,99,,,,,,,,,,92,,,,,,,,,,44,,,,55,,71,,,8,,,,,,47,,,,,,,,,218,,,,,,,,,,371,,,,,,620,,,,,,,,,,343,,,,,754,,,,344,933,,,,,,,,,,,,133,378,,,,,,,,,,,,,,,,,,,,,,,,,,,322,,,,,,,,,,,,,,,,,,,,,,,,,186,427,,,,,,,,,,16,,900,,,,,,,,,,,,,,,,,,,,44,,,,,,,,,,,,,,,,,,,,,,,511,,,,,,,,,,,,,,,,,,,,,,,,,,,,,,,,196,,,,,398,,,,,,,339,,,,,,,92,,1363,,,,,,,,,,,,,,,,,,,,,,,,,,,,,,,,,,,,,,,,,,,,,,,,,,,,,,,,362,,,,,,,,,,,,,,,,,,,,,,,,301,,,,,,,,,,,,,,,,,,,,,,,,,,,,,,,,,,,,,,,,,,,,,,,,,,,,,,140,,,,,,,,,,,,,,311,,,,,,,,,,,,,,,,,,,,,,,,,,,,,,,,,,,,,,,,,,,,,,,,,,,,,,,,,,,,,,488,,,464,,,,,,,,,,,,189,,,,,,,,,,,,,,,,548,,,,,,,
2026-08-06T03:00:02+00:00,185,,,,,53,,,,,,278,,,,,,,,,,,,453,,,,,,1,1055,,,,,,,,,,,,,,,,,,,,,415,,,,,56,,72,,,,128,,,,,,,,,,373,,,,217,,,,,,,,,,370,,,436,,,,,,,,,,,,,,,,,,,256,,299,,,,,,,,,,,,,,,,,,,,,,,,,,,,,,,,,,,,,,,,,,323,,726,,,,,,,,,,,,,,,,,,,,,1326,587,185,426,,170,,,,,,,,16,,,,,,,,,,,,,,,,,,,104,,,41,,,,,,,,,,,,,,,,,,,,,,,,,,,,,,,,,,,,,,,,,,,,,,,,,,,,,483,,195,,,,,396,,,,,408,,,,,,,,320,,,1362,,,,,,,,,,,,,,,,,,,,,,,,,,,,,,,,,,,,,,,,,,,,,,,,,,,,,,,,358,,,,,112,,,,,,,,,,,,,,85,,,,,,173,,,112,,897,,,,,,,,,,,,,,,,,,,,,,,,,,,,,,,,,,,780,,,,,,,,,,352,,,,,,,,,,,,,,,,,312,,,,,,,,,,,,,,,,,,,,,,,,,,,,,,,,,,,,,,,,,,,,,,,,,,,,,,,,,,,,,,,,,,,,,,,,,,,,,,,,,,,,,,,,,,572,,,,,,,,,,
2026-08-06T03:15:02+00:00,184,,,,,52,,,,,,,320,,,,,,,,,478,431,,,,99,,,,,,100,,,,,,,,,,,,,,,,,,,414,,,,5,,,71,,,,127,230,,,,,,,,,371,,,,216,384,,,,,,,,,,,,435,,,618,,,,,323,,,,,344,,,825,,,254,,297,,930,,,,,,,,200,,,,,390,,,,,,,,,,,,,,,,,,,,,,,,276,,,,,,,,,,,,,,,,,,,,,,,,282,362,1225,447,182,419,147,169,180,,359,165,,,,16,,901,,,,,,,,,,,,,,,,,102,,,,,,,,,,,,,,,,,,,40,,,,,,,510,,,,,,,,,,,,,,,,,,,,,,,,,,,,,,,293,,,,,,395,,,,,,671,,,,,,,,,,1361,,,,,,,,,,,,,,,,,,,,,,,,,,,,,,,,,,,,,,,,,,,,,,,,,,,,,,,,,,,,,,,,,399,,,,,,,,,,,,,,,302,,,,,,893,,,,,,,,1262,317,,,,228,,,,,,,,,,,,,,,,,,,,,,,,,,,,254,,,,,,,,123,,,,,,,,,,,,,,,,,,,256,,,,,,,,,,,,,,,400,,,,,,,,,,,,,,,,,,,,,,,,,,,,,,,,,,,,,,,,,,,,,,,,,,,,,,,,,,,,,,,,,,,,,,,,,,,53,,,,
2026-08-06T03:30:02+00:00,,,,,,,,,,,,279,319,,,,,,,,,,,,,,,,,,1054,,,,,,,,,170,159,,91,,,,,,,,,408,,,,,55,,70,,,,122,,,,,,,,,,370,,,,217,,,,,,,,197,,369,,,433,,237,,69,,,503,322,,,,,,,,,,,,106,294,,928,,,,,,,,,,,,,,,,,,,,,,,,539,,,,,,,,,,,,,,,,322,,725,,484,,,,,,,,,,,,,,,,,,,,,179,413,,167,,,,166,,,,16,,900,,,,,,,,,,,,,,,,,101,,,,,132,,,,,,,,,,,,,,,293,,,,,,509,,24,,,,,,,,,,,147,,,,,,,,,,,,,,,,,,287,194,,,,,389,,,,349,,667,338,,549,,,,,,,1357,,,,,,,,,,,,,,,,,,,,,,,,,,,,,,,,,,,,,,,,,,,,,,,,,,,,,,,,357,140,,,,,65,242,,,,,399,,,207,,,17,84,195,,,,,,,,,,879,,,,,,,73,,,,,,,,,,,,,,,,,,,,,,,,,,,,779,,,,,,,,,,,,,138,,,,,,,,,,,,,,,,,,,,,,,,163,,,,,,,,,,,,,,,,,,,,,,,,,,,,,,,,,,,,,,,,,,,,,,,,,,,,,,,,,,,,,,,,,286,,,,,,,,303,,,,,,,,,,,,,51,,,,
2026-08-06T03:45:01+00:00,,,,178,,53,,,,,,,318,,,,,,,,,,,,,,,,,,,,,,,,,,,,,,,,,,,,,,,,,,,,,,,,,,,,,,,,,,,,,,,,,,,,,,,,,,,,,,,,,,,,,,,,,,,,,,,,,,,,,,,,,,,,,,,,,,,,,,,,,,,,,,,,,,,,,,,,,,,,,,,,,,,,,,,,,,,,,,,,,,,,,,,,,,,,,,,,,,,,,,,,,,,,,,,,,,,,,,,,,,,,,,,,,,,,,,,,,,,,,,,,,,,,,,,,,,,,,,,,,,,,,,,,,,,,,,,,,,,,,,,404,657,337,,,132,,,319,,,1338,,,,,,,,,,,,,,,,,,,,,,,,,,,,,,,,,,,,,,,,,,,,,,,,,,,,,,,,,,,,,,,,,,,,,,,,,,,,,,,,,,,,,,,,,,,,,,,,,,,,,,,,,,,,,,,,,,,,,,,,,778,,,,722,,,,,,351,,,,,,,,,,,,,,,,,207,,,,,,,,,,,,,,,,,,,,,,,,,,,,,,,,,,,,,,,,,,,,,,,,,,,,,,,,,,,,,,,,,,,,,,,,,,,,,,,,,,,,,,,,,,,,,,,,,,,,
2026-08-06T03:45:02+00:00,,,,,,,,,,,,,,,,,,,,,,,430,,,,,,,2,1053,24,99,,,,,,,,157,,89,,39,,,,,,,401,41,,,,,,67,,,,116,228,,,,44,,,,,364,,,,,381,,,,,,,198,,368,182,,430,,,617,,,,,,,,,,343,,,,,,,105,285,343,924,,,,,,,,,,,,,,,,,,,296,,,,,538,,,,,198,209,,,,,,,,,,323,,724,,,,,,615,,,,,,,,,,,,,,,1224,448,177,408,,164,,,358,165,,,,16,,901,,,,,,,,,,,,,,,,,103,,,,,130,,,,,,,,,,,,,,,294,,,,,,,,,,,,,,,,,,,,,,,,,,,,,,,,,,,205,,257,,,,429,,381,,,,,,,,,,,,,,,,,,,,,,,,,,,,,,,,,,,,,,,,,,,,,,,,,,,,,,,,,,,,,,,,,,,,,,,,354,,,,,,,241,531,397,,,395,229,,206,,,,83,191,,,,298,,261,,,142,835,,,,,,,,,,,,,,,,,,,,,,,,,,,,,,,,,,,,,,,,,,,,,,,,,,,,,,,,,,,,,,,,,,,,,,,,,,,,151,,,,,,,,,,,,,,,,,,,,,,,,,,,,,,,,,,,,,,,,,,,,,,,,,,,,,,,,,,,,,,,,80,,,,,,,,,,,,,,,,,,,,,,
2026-08-06T04:00:02+00:00,182,,,,,,,,,,,280,316,,,140,,,,,,,424,,,,,,,,1050,23,97,,232,,,,,169,154,,88,,38,,,,,,,395,38,,,6,50,,69,,,6,114,222,,,,,,,,,362,,,,215,375,,,,,,,,,366,183,,422,,,614,,,220,,310,,,,287,342,,,824,81,752,250,100,272,342,916,,,,,,,,199,277,525,,,,,,,,,,,,,,,,,,,,208,,,,,,,275,,,,,723,,,,,,610,,,,,,,,,,,,,,,,446,172,396,,161,,250,,164,,,261,16,,,,,,,,,,265,,,,,,,,,99,,,40,,127,,,,,,,,,,,,,,,296,,,,,,508,,26,,,,,,,,,,,146,,,,,,,,,,,,,,,,,480,246,192,,,428,,378,,,,346,401,654,,,548,,,,,91,,1317,,,,,,,,,,,,,,,,,,,,,,,,,,,,,,,,,,,,,,,,,,,,,,,,,,,,,,,,348,,,,,111,,234,,398,,,380,227,,205,5,,15,,189,,,,278,,259,,,,778,,,,,,,,,,,,,,,,,,,,,,,,,,,,,,,,,,,775,,,,719,,253,,,,350,,,136,122,,,,,,,,,304,,,,206,,,232,156,,,,,,,,,,144,,,,,,,,,,,,389,,197,,,,,,,,,,,,,,,,,,,,,,,,,,,,,,,,,,483,,,,,349,,,,,,333,,,,186,,,,,,,,,,,,,571,,,547,,,71,,,,
2026-08-06T04:05:01+00:00,,,,,,,,,,,,,315,,,139,,,,,,448,419,390,,,,,,,999,,,75,,,,,,168,150,,87,,37,,,,,,,392,,,,5,53,14,68,,184,20,112,221,,,94,41,,,,,360,,,,219,,,,,,,,,,,,,,,,,,,,,,,,,,,,,,,,,,,,,,,,,,,,,,,,,,,,,,,,,,,,,,,,,,,,,,,,,,,,,,,,,,,,,,,,,,,,,,,,,,,1222,445,167,386,,155,,,357,163,,,,16,,,,,,,,,,263,,,,,,,,,97,,,,,126,,,,,,,,,,,,,,,,,,,,,506,,,,,,,,,,,,,,,,,,,,,,,,,,,,,,,244,,,,,,91,,13,,,397,652,,,,,,,,,,,,,,,,,,,,,,,,,,,,,,,,,,,,,,,,,,,,,,,,,,,,,,,,,,,,,,,,,,349,,,,,110,,230,,,,,378,226,,204,,,,84,,,,,271,,258,,111,,769,,,,130,,493,,1261,314,,138,192,197,,,,,,,,,,,,,,,,,,,,,,770,,,,722,,,,,,351,,,134,121,,,,,,78,,,303,,301,,205,,,,,,,,,,162,,,,,,,,,,,,,,,,,,,,,,,,,,,,,,,,,,,,,,,,,,,,,,,,,,,,481,,,,68,,,,,,381,,,,,185,,,,,,,,,,,,,570,,,,,,,,,,
2026-08-06T04:10:01+00:00,,,,,,54,,,,,,281,,,,138,,,,,,,416,389,,,,,,,998,,,,,,,,,,,,,,,,,,,,,,,,,,52,13,,,,,109,220,,,,,,,,,359,,,,,,,,,,,,,,,,,,,,,,,,,,,,,,,,,,,,,,,,,,,,,,,,,,,,,,,,,,,,,,,,,,,,,,,,,,,,,,,,,,,,,,,,,,,,,,,,,,,,,,,,,,,,,,,,,,,,16,,900,,,,,,,,,,,,,,,,,,,,,,,,,,,,,,,,,,,,,,,,,,,501,,,,,,,,,,,,,,,,,,,,,,,,,,,,,,,,,,,,,,,,,,392,651,336,,,130,,,,,,1310,,,,,,,,,,,,,,,,,,,,,,,,,,,,,,,,,,,,,,,,,,,,,,,,,,,,,,,,347,,49,,,,,227,,,,,377,224,,202,,,,,,,,,266,,257,,109,,767,,,,,,,,,,,,,,,,,,,,,,,,,,,,,,,,,,,,,,,,,,,,,,,,,,,,,,,,,,,,,,,,,,,,,,,,,,,,140,,,,,,,,,,,,388,,,,,,,,,,,,,,,,,,,,,,,,,,,,,,,,,,,,,,,,,,,,,,380,331,,,,183,,,,,,,,,,,,,,,,,,,,,,,
2026-08-06T04:10:02+00:00,,,,,,,,,,,,,,,,,,,,,,,,,,,,,,,,,,,,,,,,,,,,,,,,,,,,,,,,,,,,,,,,,,,,,,,,,,,,,,,,,,,,,,,,,,,,,,,,,,,,,,,,,,,,,,,,,,,,,,,,,,,,,,,,,,,,,,,,,,,,,,,,,,,,,,,,,,,,,,,,,,,,,,,,,,,,,,,,,,,,,,,,,,,,,,,,,,,,,,,,,,,,,,,,93,,,,,,,,,,,,,,,,,,,,,,,,,,,,,,,,,,,,,,,,,,,,,,,,,,,,,,,,,,,,,,,,,,,,,,,,,,,,,,,,,,,,,,,,,,,,,,,,,,,,,,,,,,,,,,,,,,,,,,,,,,,,,,,,,,,,,,,,,,,,,,,,,,,,,,,,,,,,,,,,,,,,,,,,,,,,,,,,,,,,,,,,,,,,,,,,,,,,,,,,,,,,,,,,,,,,,,,,,,,,,,,,,,,,,,,,,255,,,,161,,,,,,,,,,,,,,,,,,,,,,,,,,,,,,,,,,,,,,,,,,,,,,,,,,,,,,,,,,,,,,,,,,,,,,,,,,,,,,,,,,,,,,,,,,
2026-08-06T04:15:02+00:00,,,,,,,,,,,,,,,,,,,,,,,412,,,,,,,,,,95,,,,,,,,,,,,,,,,,,,391,36,,,4,53,,66,,,,107,214,,,95,,,,,,,,,,218,371,,281,,134,,,,,361,,310,420,,238,,,,,502,308,209,,,286,339,506,171,,,751,,99,269,341,911,,,,,,,949,198,,524,,,,,,,,,297,,,,,534,,,,,,205,,,,,,,,,,325,,,,485,,158,,605,,,,,,,,,,,,,,,1220,443,166,385,,154,,,358,,,,263,16,,901,,,,,,,,,,,,,,,,,90,,,,,125,,,,,,,,,,,,,,,,,,,,,500,,,,,,,,164,,,,,144,,,,,,,,,,,,,,,,,,,,,,,,,,,,,385,650,334,,547,,,,318,90,,1309,,,,,,,,,,,,,,,,,,,,,,,,,,,,,,,,,,,,,,,,,,,,,,,,,,,,,,,,344,,46,128,,108,,221,530,399,,,376,222,,200,20,,,,,,,,259,,,197,,143,760,,,,127,314,491,,,315,,,191,198,,,,,,,,,,,,,,,,,,,,,,769,,,,,,,,,,,,,,119,,,,,,,,,302,,300,,206,,,,,,256,,,,158,,165,,,,,,,,,,,,,,,,,,,,,,,,,,,,,,,,,,,,,,,,,,,,,,,,,,480,,,,,348,,,,,,,,,,179,,,,,,,,,,,,,,,,,,,,,,,
2026-08-06T04:20:01+00:00,181,,,,,,,,,,,,314,,,,,,,,,,406,,,,,,,,995,24,94,,,,,,,,,,,,,,,,,,,388,,,,5,52,12,65,,,,,212,,,,,,,,,358,,,,,,,,,,,,,,,,,,,,,,,,,,,,,,,,,,,,,,,,,,,,,,,,,,,,,,,,,,,,,,,,,,,,,,,,,,,,,,,,,,,,,,,,,,,,,,,,,,,,,,,,,,,,,,,,,,,264,16,,,,,,,,,,,,,,,,,,,,,,39,,126,,,,,,,,,,,,,,,297,,,,,,499,,,,,,,,,,,,,,,,,,,,,,,,,,,,,,,,,,,,,,,,,,383,646,,401,546,129,,,319,,,1306,,,,,,,,,,,,,,,,,,,,,,,,,,,,,,,,,,,,,,,,,,,,,,,,,,,,,,,,341,,44,130,,,,218,,,,,372,220,,198,,,,,188,,,,256,,256,,110,145,757,,,,,,,,,,,,,,,,,,,,,,,,,,,,,,,,,,,767,,,,719,,,,,,,,,,,,,,,,,,,,127,,,204,,,230,155,,,,,,,,,,,,,,,,,,,,,,,,,,,,,,,,,,,,,,,,,,,,,,,,,,,,,,,,,,479,,,,,347,,,,,,,,,,,,,,,,,,,,,,,,,,,,,,,,,
2026-08-06T04:25:02+00:00,180,,,,,,,261,,,,,313,,,,,,,,,,401,,,,100,,,,994,,,,,,,,,,,,86,,,,,,,,,387,,,,6,50,,63,,,,108,,,,,,,,,,357,,,,217,367,,,,135,236,,,,359,182,,415,,237,608,,280,,500,304,,,,284,332,504,,823,82,750,,90,262,339,907,,,494,,,,,,,,,,,,,,,,296,,,,,531,,,,,,204,,,,,,,277,,,,,722,,,,,,603,,,,,,,,,,,,,,361,1217,446,164,376,,152,,251,355,161,,,266,16,,,,,,,,,,262,,207,,,,,,,86,,,,,125,,,,,,,,,,,,,,,,,,,,,,,,,,,,,,,,,,,,,,,,,,,,,,,,,,204,471,248,187,272,235,426,,79,68,,314,345,379,645,,400,,130,,,,91,,1302,,,,,,,,,,,,,,,,,,,,,,,,,,,,,,,,,,,,,,,,,,,,,,,,,,,,,,,,339,,41,,,,,,527,,,,369,219,,,,,,,,,,,254,,254,192,,,748,,,,123,311,,,1259,314,,,,,,,,,,,,,,,,,,,,,,,,,,756,,,,,,252,,,,,,,,118,,,,,,,,,300,124,295,,201,271,,,154,,,185,698,,,,,,137,,,,,,,,,,,,386,,,,,,,,,,,,,,,,,,,,,,,,,,,,,,,,,,,,,,,,,,,,,,379,,,,,175,,,,,,,,,,,,,569,,,,,,72,,,,
2026-08-06T04:30:01+00:00,179,,,,,,,264,,,,,310,,,137,,,,,,,396,388,,,,,,,990,,93,,,,,,,167,,,,,,,,,,,,385,35,,,,51,,64,,,,109,211,,,93,,,,,,356,,,,213,365,,,,,,,,,,,309,412,296,,607,,,,497,302,,,,282,331,502,,,,803,249,,260,334,903,,,,,,,939,198,277,520,,,389,,,,,,,,,,,528,,,,,,202,,,,,,,276,,,326,,,,,,,,601,,,,,,,,,,,,,,,,,,,,,,,,,,,,16,,,,,,,,,,,,,,,,,,,85,,,,,,,,,,,,,,,,,,,,299,,,,,,498,,,,,,,,163,,,,,142,,,,,,,,,,,,,,,,,470,251,186,,,,,,,,315,344,376,642,333,396,545,,,,318,92,,1297,,,,,,,,,,,,,,,,,,,,,,,,,,,,,,,,,,,,,,,,,,,,,,,,,,,,,,,,337,,,,,,,214,526,,,,368,,,,,,14,,,,,32,253,172,253,187,111,,740,,,,,,,,,,,,,,,,,,,,,,,,,,,,,,,,,,,,,,,,,,,,,,,,,,,,,,,,,,,,,,,,,,,725,,184,,,,,166,,136,,,,,,,,,,,,,,196,,,,,,,,,,,,,,,,,,,,,,,,,,,,,,,,,,477,144,,462,,,,,,,,,,,,,,,,,,,,100,,,,,,,,,,,,,,325,
2026-08-06T04:35:01+00:00,178,,,177,,,,,,,,,307,,,,,,,,,,394,,,,,,,33,987,,90,,,,,,15,,,,83,,35,,,,,136,,383,,,,,53,11,67,,183,,,210,,,,,14,,,,,,,,210,,,,,,,,,,,,,,,,,,,,,,,,,,,,,,,,,,,,,,,,,,,,,,,,,,,,,,,,,,,,,,,,,,,,,,,,,,,,,,,,,,,,,,,,,,,,,,,,,,,,,,,,,,,,,,,,,,,,,,,,,,,,,,,,,,,,,,,,,,,,,,,,,,,,,,,,,,,,,,,,,,,,,,,,,,,,,,,,,,,,,,,,,,,,,,,,,,,,,314,,375,641,332,394,544,129,,,317,,,1287,,,,,,,,,,,,,,,,,,,,,,,,,,,,,,,,,,,,,,,,,,,,,,,,,,,,,,,,,,,,,,,,,,,,,,,,,,,,,,,,,,,,,,,,,,,,,,,,,,,,,,,,,,,,,,,,,,,,,,,,,751,,,,,,,,,,349,,,,,,,,,,,,,,123,,,,,,,,,,,,,,,,,,,,,,,,,,,,,,,,,,,,,,,,,,,,,,,,,,,,,,,,,,,,,,,,,476,145,,461,,346,,100,,,,,,,,,,,,,,,,,,,,,,,,546,,,,,,,
2026-08-06T04:35:02+00:00,,,,,,,,,,,,,,,,,,,,,,,,,,,,,,,,,,,,,,,,,,,,,,,,,,,,,,,,,,,,,,,,,,,,,,,,,,,,,,,,,,,,,,,,,,,,,,,,,,,,,,,,,,,,,,,,,,,,,,,,,,,,,,,,,,,,,,,,,,,,,,,,,,,,,,,,,,,,,,,,,,,,,,,,,,,,,,,,1212,444,162,369,,153,179,,357,158,142,,,16,,,,,,,,,,261,,,,,,,,,84,,,,,123,,,,,,,,,,,,,,,,,,,,,,,,,,,,,,,,,,141,,,,,,,,,,,,,,,,,469,254,185,271,234,,,76,,,,,,,,,,,,,,,,,,,,,,,,,,,,,,,,,,,,,,,,,,,,,,,,,,,,,,,,,,,,,,,,,,,,,,,,334,,,,,,,209,525,,37,,,216,,200,,,13,86,187,,,31,,,252,186,110,,735,,140,,,,,,,,,,,,,,,,,,,,,,,,,,,,,,,,,,,,,,,,,,,,,,,,,,,,,,,,,,,,,,,,153,723,257,185,,39,159,,,,,,,,,,,,,,,,,,,,,,,,,,,,,,,,,,,,,,,,,,,,,,,,,,,,,,,,,,,,,,,,,,,,,,,,,,,,,,,,,,,,,,,,,,
2026-08-06T04:40:02+00:00,,,,,,,,,,,,,303,,,,,,,,,,390,,,,,,,32,983,,80,76,,,,,14,168,,,,,36,,,,,138,,381,,,,,52,,75,,,,110,209,,,,40,,,,,337,,,,,364,223,,194,134,,,,,357,,306,406,295,236,605,68,279,,495,,,,119,281,325,498,,820,81,800,246,87,251,330,897,,,493,82,,,936,,276,519,57,,390,,,,,,295,,,,,523,,,,,,,,,,,,,278,,,327,,721,,484,,157,,588,,,,,,,,,,,,,,,,,,,,,,,,,140,,267,16,,899,,,,,,,,,,,,,,,,,83,,,38,,,,,,,,,,,,,,,,,,,,,,,495,,27,,,,,,,,,,,,,,,,,,,,,,,,,,,,468,,184,,,,,74,,,,343,373,636,,,543,128,,,316,,,1281,,,,,,,,,,,,,,,,,,,,,,,,,,,,,,,,,,,,,,,,,,,,,,,,,,,,,,,,331,139,40,129,,,,205,523,,,,367,214,,,21,,,,185,,,,252,171,,183,112,,724,,141,,116,309,490,72,1258,315,,,,,,,,,,,,,,,,,,,,,,,,,,750,,216,,717,,251,,,,347,,,,119,,,,,,,,,299,,,,198,270,,,151,722,,,697,40,,,,,133,,,,,,,,,,,,385,,,,,,,,,,,,,,,,,,,,,,,,,,,,,,,,,,,,474,,,467,,,,,,,,,,,,174,81,,,,,,,,,,,,,,,,,,71,,,326,
2026-08-06T04:45:02+00:00,,,,,,55,,,,,,,,,,136,,,,,,,386,,,,,,,,980,,77,,,,,,12,,149,,81,,,,,,,,,379,,106,,5,53,10,71,,,,111,206,,,,,,,,,336,,,,209,,,,,,,,,,356,,,395,292,234,601,,,,494,300,,63,,280,324,495,,818,80,797,244,,242,328,886,,,,,,,,,,,,,,,,,,,,,,,,,,,,,,,,,,,,,,,,,,,,,,,,,,,,,,,,,,,,,,,1207,440,160,367,,150,,250,,,139,,,16,,,,,,,,,,,,,,,,,,,82,,,,,120,,,,,,,,,,,,,,,,,,,,,494,,,,,,,,,,,,,,,,,,,,,,,,,,,,,,,253,,,,,,70,67,,313,,369,635,329,389,542,125,,,,91,,1266,,,,,,,,,,,,,,,,,,,,,,,,,,,,,,,,,,,,,,,,,,,,,,,,,,,,,,,,330,,37,128,117,107,64,204,521,398,,,366,213,,199,,,12,,183,,,32,254,170,251,175,117,,709,,,,,,,,,,,,,,,,,,,,,,,,,,,,,,,,,,,,,,,,,,,,,,,,,,,,,,,,,,,,,,,,,,152,721,,,695,,158,,,,132,,,,,,,,,,,,384,,195,,,,,,,,,,,,,,,,,,,,,,,,,,,,,,,,,,473,,,466,,,,,,,378,,,,,173,,,,,,,,,,,,,,,,,,189,,,,,
2026-08-06T04:50:01+00:00,177,,,,,54,,,,,,,302,,,,,,,,,,384,,,,,,,,978,,,,,,,,,,,,,,35,,,,,,,369,,,,6,52,,70,,182,,110,202,,,,38,13,,,,,,,,206,362,224,280,,132,,,,,,,,,,,,,,,,,,,,,,,,,,,,,,,,,,,,,,922,197,275,517,,,,,,,,,,,,,,518,,,,,,,,,,,,,,,,,,720,,481,,156,,,,,,,,,,,,,,,,,,,,,,,,,,,,,269,16,,898,,,,,,,,259,,208,,,,,,,81,,,36,,119,,,,,,,,,,,,,,,269,,,,,,484,,,113,,,,,162,,,,,138,,,,,,,,,,,,,,,,,,250,,269,,,,65,68,12,,341,,634,,,540,124,,232,315,90,,,,,,,,,,,,,,,,,,,,,,,,,,,,,,,,,,,,,,,,,,,,,,,,,,,,,,,,,,325,138,35,,,,63,201,519,397,,,349,212,,200,,,,,182,281,,31,253,169,250,170,116,,703,,,,111,310,,,1257,,,,,199,,,,,,,,,,,,,,,,,,,,,,748,,,,716,,244,,,,346,,,133,118,,,,,,,,,298,,289,,193,,,225,153,,255,,690,41,,,,,,,,,,,,,,,,,,,,,,,,,,,,,,,,,,,,,,,,,,,,,,,,,,,,,,,,465,67,,,,,204,,,,,,,,,,,480,304,,,,,,,567,,,,,,,,,325,
2026-08-06T04:55:01+00:00,175,,,,,,,,,,,,301,,,,,,,,,,380,386,,,,,,,975,,72,75,,,,,,,,,,,34,,,,,137,,367,34,,,,50,,69,,,,109,199,,,92,,14,,,,331,,,,,,,,,,,,,,355,181,305,393,,,598,,,,491,297,,,,277,322,,,817,81,796,242,86,228,,885,,,,,,,,,,,,,,,,,,,,,,,,,,,,,,,,,,,,,,,,,,,,,,,,,,,,,,,,,,,,,,362,1197,442,153,336,146,144,180,249,356,,,,270,16,,,,,,,,,,,,207,,,,,,,79,,,,,,,,,,,,,,,,,,,,272,,,,,,482,,,112,,,,,,,,,,137,,,,,,,,,,,,,,,,,463,242,182,268,233,,,51,,,310,339,367,629,324,385,538,122,,231,317,86,,1249,,,,,,,,,,,,,,,,,,,,,,,,,,,,,,,,,,,,,,,,,,,,,,,,,,,,,,,,319,,,,116,106,,196,517,,,,348,,,198,,,11,,181,,,30,248,167,249,162,,148,688,,,59,,,,,,,,,,,,,,,,,,,,,,,,,,,,,,,,746,,,,,,,251,,,345,,,,117,,,,,,,,,296,120,,,191,269,,,,720,253,183,689,42,,,,,121,,,,,,,,,,,,378,,192,,,,,,,,,,,,,,,,,,,,,,,,,,,,,,,,,,467,144,,,68,345,,,,,,329,93,287,,,,,,,479,,,,,,,,,,,,,,70,,,,
2026-08-06T05:00:01+00:00,173,,,,,,,,,,,279,300,,,135,,,,,,,378,,,,,,,,973,,69,76,,,,,,,,,80,,,,,,,139,,366,33,,,,49,,,,,,108,197,,,93,37,,,,,330,,,,204,352,,281,192,130,,,,,,,,,,,,,,,,,,,,,,,,,,,,,,,,,,,,,,918,,,516,,,388,,,,,,,,,,,509,,,,,,201,,,,,,,,,,,,718,,478,,,,572,,,,,,,,,,,,,,,,,,,,,,,,,140,,,16,,897,,,,,,,,,,,,,,,,,78,,,,,116,,,,,,,,,,,,,,,269,,,,,,479,,,111,,,,,,,,,,133,,,,,,,,,,,,,,,,,460,241,180,267,231,,,50,,,,337,,626,322,381,,121,,229,314,87,,1234,,,,,,,,,,,,,,,,,,,,,,,,,,,,,,,,,,,,,,,,,,,,,,,,,,,,,,,,315,,,,,104,64,193,515,,,,340,211,,197,,,,,177,280,,31,238,165,,148,115,,665,,,58,105,,491,,,,,,,197,,,,,,,,,,,,,,,,,,,,,,745,,,,715,,241,,,,346,,,131,,,,,,,,,,295,119,288,,,268,,,,718,,,684,,157,,165,,118,,,,,,,399,,,,,377,,190,,,,,,,,,,,,,,,,,,,,,,,,,,,,,,,,,,465,,,,,,,99,,,,,,,,170,,,,,,,,,,,,,566,,,545,,,,,,324,
2026-08-06T05:05:01+00:00,172,237,,,621,,,,301,367,,278,,,,,,,,,,447,370,,,,,,,33,965,,,,231,,,,,,,,81,,,,,,,138,,364,31,,,,50,,,,,,,194,,,,36,,132,,,,,,132,200,,,,,,,,,,354,179,303,384,290,232,593,69,,219,485,294,205,,,271,315,489,,816,,793,236,85,210,327,872,,1,492,80,,,,,,,,,,,,,,,,,,,,,,,,,,,,,,,,,,,,,,,,,,,,,,,,,,,,,,,,,,361,1191,,143,327,,145,179,247,,,,,,16,,896,,,,,,,,258,,,,,,,,,75,,,,,114,,,,,,,,,,,,,,,,,,,,,475,,,,,,,,161,,,,,,,,,,,,,,,,,,,,,203,455,,178,266,,425,,48,,,309,336,364,620,316,377,532,120,,,313,86,,1219,,,,,,,,,,,,,,,,,,,,,,,,,,,,,,,,,,,,,,,,,,,,,,,,,,,,,,,,313,,34,,,102,,188,512,398,,,337,,,,,,,85,176,,186,,236,163,248,141,112,,646,,140,57,,,,,,,,,,,,,,,,,,,,,,,,,,,,,,,,739,,215,,714,,238,,,,345,,,129,118,,,,,,,,,290,,278,,186,264,246,221,151,716,250,184,675,,,,,,,,,,,,,,,,,,,,,,,,,,,,,,,,,,,,,,,,,,,,,,,,,,,,,,463,,,,,344,,,,,377,328,,284,,168,79,,,,,,,,,,,,565,,,543,,,,,,322,
2026-08-06T05:10:01+00:00,,236,,,619,51,,,,,,277,,,,,,,,,,,363,387,,,,,,,,,68,,,,,,,,148,,,,,,,,,,,362,,,,7,,,66,,,21,,193,,,,,,,,,326,,,131,197,347,225,,189,,,,,,,,,,,,,,,,,,,,,,,,,,,,,,,,,,,,,119,212,911,,272,,,,,,,,,,293,,,,,500,,,,,197,203,,,,,,260,275,,,325,,717,,471,181,,,556,,,,,,,,,,,,,,,,,,,,,,,,,138,,271,16,,897,,,,,,,,,,,,,,,,,72,,,35,,115,,,,,,,,,,,,,,,,,,,,,,,26,109,,,,,159,,,,,132,,,,,56,,,,,63,,,,,,,452,237,177,265,,422,,44,,,308,337,361,617,314,373,530,119,,226,311,84,,1209,,,,,,,,,,,,,,,,,,,,,,,,,,,,,,,,,,,,,,,,,,,,,,,,,,,,,,,,308,137,33,127,,101,63,183,509,,,39,329,208,,,,,,87,,,,30,224,162,,136,111,147,628,,,,94,308,489,,1254,314,,,,195,,,,,,,,,,,,,,,,,,,,,,,,,,,,,,,,,,,,,,,,,,,,,,,,,,,,,152,717,249,183,669,,156,,,,113,,,,,,,,,,,,375,,188,,,,,,,,,,,,,,,,,,,,,,,,,,,,,,,,,,457,,,,,,,,,,376,,,,,,78,,,,,305,,,,,,,564,,,542,,186,,,,321,
2026-08-06T05:15:01+00:00,170,234,,,618,,,,,,,276,298,,,134,,,,,,,357,,,,,,,32,963,,65,77,230,,,,,167,149,,80,,33,,,,,139,,,29,,,,,11,69,,,,,,,,,,,,,,,,,,200,346,,282,190,,237,,,,349,176,301,369,286,,590,68,280,218,478,289,203,61,118,262,311,487,,815,82,783,226,79,197,323,862,,,,,,,,,,,,,,,,,,,,,,,,,,,,,,,,,,,,,,,,,,,,,,,,,,,,,,,,,,,,,,364,1181,440,141,324,144,141,177,,,156,135,,276,16,,896,,,,,,,,257,,,,,,,,,76,,,,,114,,,,,,,,,,,,,,,268,,,,,,468,,24,,,,,,,,,,,137,,,,,,,,,,64,,,,,,202,447,233,175,266,229,421,,45,,,309,,357,611,306,365,524,116,,224,308,85,,1190,,,,,,,,,,,,,,,,,,,,,,,,,,,,,,,,,,,,,,,,,,,,,,,,,,,,,,,,302,136,31,,,99,,181,503,397,,,327,205,,196,,,,,175,279,,,212,163,246,130,110,,613,,,56,,,,,,,,,,,,,,,,,,,,,,,,,,,,,,,,735,,,,,,236,,,331,344,,,128,119,,,,,,77,,,,,273,,183,262,240,220,151,714,250,182,663,,154,,,,,,,,,,,,,,,,,,,,,,,,,,,,,,,,,,,,,,,,,,,,,,,,,,,,455,143,131,,,,,100,566,202,374,327,,285,,,77,,,,,,,,,,,,563,129,,,,,69,,,,
2026-08-06T05:20:02+00:00,169,233,,,616,50,,265,300,366,,275,296,,,,,,,,164,445,354,386,,,,,,31,961,23,62,76,232,,,,,,148,,81,,34,,,,,,,364,28,,,8,,,68,,181,,109,190,,,,34,,,,,325,,,,198,,,,,,,,,,344,178,298,359,281,230,585,,279,217,469,287,202,58,,249,304,486,170,701,,782,221,76,179,319,844,,,491,79,120,211,895,198,274,513,,,387,,,,,,292,,,,,493,,,,,,202,,,,,,,276,,,323,,714,,463,,155,,527,,,,,,,,,,,,,,,,,,,,,,,,,136,,,16,,,,,,,,,,,,206,,,,,,,75,,,33,,,,,,,,,,,,,,,,,266,,,,,,463,,21,108,,,,,,,,,,136,,,,,,,,,,,,,,,,,443,227,173,265,,,,36,69,,307,336,349,609,302,360,522,114,,223,304,81,,1173,,,,350,,110,,,,,,,,50,,,193,112,58,28,,,,448,,,,,357,,,339,,,,,,,,,,,,30,,,,,,,,,,,,297,134,,125,,97,61,180,502,396,,,321,203,,194,,,,85,,278,,28,208,,244,122,,,574,,139,,86,305,488,,1253,312,,,189,193,,,,,,,,,,,,,,,,,,,,,,731,,214,,713,,231,252,,330,,,,126,117,,,,,,76,,,286,115,268,,175,256,232,218,,712,,181,656,81,152,,164,,110,,,,,,,,,,,,374,,,,,,,,,,,,,,,,,,,,,,,,,,,,,,,,,,,,450,,,,,343,,,565,199,,326,,284,,,,86,,,478,306,,,,,,,559,128,,,,184,,,,,
2026-08-06T05:25:01+00:00,166,232,,176,,,,,299,,,276,294,,,,,,,,,444,343,385,,,,,,,954,,61,,233,,,,,164,,,,,,,,,,,,329,,,,9,49,10,70,,,,107,189,,234,,,,,,,,,,130,197,344,,283,189,,,,,,,,,,,,,,,,,,,,,,,,,,,,,,,,,,,,,,,,,,,,,,,,,,,,,,,,492,,,,,196,201,,,,,,,275,,,,,712,,459,,,,519,,,,,,,,,,,,,281,365,1168,437,140,316,140,139,176,246,,155,134,,278,16,134,893,,,,,,,,,,,,,,,,,77,,,34,,111,,,,,,,,,,,,,,,264,,,,,,458,,19,107,,,,,157,,,,,,,,,,,,,,,,,,,,,,435,220,170,263,225,,,37,68,,311,334,344,596,296,353,520,113,,,298,80,,1154,,,,,,,,,,,,,,,,,194,,,,,,,,,,,,,,,340,,,,,,,,,,,,29,,,,,,,,,,,,289,,28,,,95,,175,497,391,,,316,,,192,,,9,82,172,277,183,25,192,162,242,109,106,146,546,,,,,,,,,,,,,,,,,,,,,,,,,,,,,,,,,,,,,,,,,,,,,,,,,,,,,,,,,,,,,,,,,,,709,249,180,648,,151,,,,,,,,,,,,,,,,,,,,,,,,,,,,,,,,,,,,,,,,,,,,,,,,,,,,445,142,130,,,339,,,563,197,375,,,283,,165,,,,,,,,,,,,,557,127,,541,,,68,,,320,
2026-08-06T05:30:02+00:00,165,,,,,52,,264,,367,,275,291,,,132,,,,,,442,337,386,,,101,,,29,949,22,59,75,,,,,,166,,,80,,33,,,,,,,,26,,,11,,8,68,,,22,104,186,,233,92,,,,,,,,,129,194,,,,,,,,,,342,,297,353,,228,582,67,278,,468,284,200,,,227,303,482,,698,81,775,,,172,317,839,,,,76,,,,,,,,,,,,,,,,,,,,,,,,,,,,,,,,,,,,,,,,,,,,,,,,,,,,,,,,,,,,,,,,,,,,,131,,282,16,133,,,,,,,,,256,,,,,,,,,,,,33,,109,,,,,,,,,,,,,,,263,,,,,,455,,20,106,,,,,152,,,,,135,,,,,,,,,,,,,,,,,429,213,169,,,420,,,,,308,333,338,590,291,347,517,112,,221,294,79,,1141,,,,,,109,,,,,,,,,,,193,110,59,27,,,,447,,,,,356,,,341,,,,,,,,,,,,28,,,,,,,,,,,,,,27,,115,,,174,496,,,,313,,45,189,,,8,81,,276,,,190,160,241,103,,147,529,,,,76,298,487,,1252,311,,,187,192,,,,,,,,,,,,,,,,,,,,,,727,,,,712,,230,,,329,,,,120,,,,,,,,,,285,113,263,,170,254,229,217,,706,247,177,649,80,149,,161,,106,,,,,,,,,,,,372,,185,,,,,,,,,,,,,,,,,,,,,,,,,,,,,,,,,,441,143,,462,,337,,99,562,,374,327,,,,,78,84,,,,,,,,,,,,,,539,,182,,,,318,
2026-08-06T05:35:02+00:00,163,230,,,615,53,71,262,297,366,,273,289,,,130,,,,,166,441,326,,,,,,,,945,,55,,,,,,,165,147,,81,,31,,,,,138,,326,,,,12,50,,,,179,,105,183,,,,,,131,,,322,,,,,339,,281,184,,235,,197,,340,177,296,352,277,225,579,66,,,464,285,199,,,224,299,479,,,80,773,219,,161,316,836,,,,75,,,,,,,,,,,,,,,,,,,,481,,,,,195,198,,,,,,,277,,,,,711,,455,,154,,509,,,,,,,,,,,,,,366,1156,433,,310,138,138,172,245,357,153,,,,16,134,,,,,,,,,257,,208,,,,,,,,,,,,106,,,,,,52,,,,,,,,,262,,,,,,450,,,,,,,,149,,,,,,,,,,,,,,,,,,,,,201,419,200,168,259,222,417,,33,67,,305,330,334,580,289,343,509,109,,216,,74,,1126,,,,,,110,,,,,,,,49,,,194,,,,,,,,,,,,355,,,,,,,,,,,,,,,,,,,,,,,,,,,280,132,26,,114,89,62,166,490,392,,,307,202,,,,,7,,170,275,182,24,169,158,233,96,103,146,499,,138,51,67,294,484,71,1247,308,,,186,195,,,,,,,,,,,,,,,,,,,,,,716,,212,,711,,220,250,,327,343,,,116,119,,,,,,72,,,282,111,250,,162,252,213,213,148,703,,175,642,82,146,,160,,105,,,,,,,,,,,,367,,183,,,,,,,,,,,,,,,,,,,,,,,,,,,,,,,,,,434,141,,,,336,,98,,196,373,328,,282,,164,77,,,,474,,,,,,,,556,125,,,,181,,,,317,
2026-08-06T05:40:01+00:00,161,228,,,612,,,,296,364,,271,287,,,128,,,,,167,442,319,,,,102,,,,940,21,54,,234,,,,,,145,,,,32,,,,,139,,320,,,,,,,,,178,,104,178,,,,33,,,,,323,,,128,188,,,,,,,,,,333,174,301,349,273,220,569,,277,,452,283,197,55,,211,296,474,,695,81,770,208,73,133,312,809,,,489,68,119,210,870,195,272,513,57,,387,,,,,,,,,,,,,,,,,,,,,,,,,,,,,,,,,,,,,,,,,,,,,,,,,,,,,,,,,,,,,,286,16,,892,,,,,,,,255,,,,,,,,,75,,,,,103,,,,,,,,,,,,,,39,257,,,,,,448,,,104,,,,,150,,,,,,,,,,,,,,,,,,,,,,416,191,167,257,221,414,,34,,11,302,327,333,576,288,337,500,110,,215,290,73,,1123,,,,349,,109,,,,,,,,48,,,193,,60,,,,,,,,,,,,,340,,,,,,,,,,,,30,,,,,,,,,,,,278,,,,,87,63,162,486,391,,,305,199,,186,,,,83,169,274,,25,155,155,230,90,102,147,496,,,,,,,,,,,,,,,,,,,,,,,,,,,,,,,,,,,,,,,,,,,,,,,,,,,,,,,,,,,,,,,,,,,700,,173,635,84,142,,,,,,,,,,,,,,,,,,,,,,,,,,,,,,,,,,,,,,,,,,,,,,,,,,,,427,142,,460,,339,,99,,193,371,326,,,,,76,85,,199,472,307,,,,,,,,,,537,,180,,,,,
2026-08-06T05:45:02+00:00,160,222,,,602,,,263,297,362,,267,286,,,125,,,,,,439,309,385,,,103,,,30,929,20,49,,236,,,,11,164,,,,,,,,,,140,,318,,,,,49,,66,,177,23,102,176,,,93,32,,,,,316,,,,185,338,222,279,185,126,234,,,,,,,,,,,,,,,,,,,,,,,,,,,,,,,,,,,,,,,,,,,,,,,,,294,,,,,474,,,,,,197,,,,,,,279,,,322,,707,,,,153,,485,,,,,,,,,,,,,280,368,1137,435,138,302,136,135,171,244,354,146,129,,,16,,,,,,,,,,250,,207,,,,,,,74,,,31,,99,,,,,,,,,,,,,,38,254,,,,,,446,,19,103,,,,,,,,,,,,,,,,,,,,,,,,,,,409,186,164,253,218,411,,31,65,,294,324,321,566,278,322,489,108,,211,286,66,,1101,,,,350,,108,,,,,,,,,,,192,,,26,,,,449,,,,,356,,,,,,,,,,,,,,,,,,,,,,,,,,,274,,24,124,112,86,,156,484,390,,40,303,197,46,183,,,,82,167,,,22,146,156,227,85,,146,460,,,49,,,,70,,,,,,,,,,,,,,,,,,,,,,,,,,,,706,,213,,,,212,249,,,,,,118,,,,,,,71,,,279,109,245,,160,,207,209,149,697,,171,627,86,,,,,97,,163,,,,,397,,,,,364,,180,,,,,,,,,,,,,,,,,,,,,,,,,,,,,,,,,,424,141,,458,67,338,312,,561,191,369,325,,,,163,75,,,198,471,308,,,,,,,554,,,534,,,,,,,
2026-08-06T05:50:02+00:00,158,,,,595,50,,262,298,360,,,284,,,122,,,,,,437,297,,,,,,,,923,,45,,,,,,,163,147,,,,,,,,,,,316,,107,,,48,,62,,,,103,173,,235,92,,,,,,,,,,182,,220,278,183,125,230,,,,325,171,306,341,268,218,568,64,274,216,446,279,196,53,,205,293,472,,693,82,766,203,74,124,305,790,,,487,66,118,209,851,193,,,,,,,,,,,295,,,,,470,,,,,,193,,,,,,,278,,,321,,702,,451,,150,,470,,,,,,,,,,,,,,,,,,,,,,,,,126,,288,16,132,889,,,,,,,,244,,,,,,,,,75,,,29,,96,,,,,,,,,,,,,,37,244,,,,,,441,,17,102,,,,,146,,,,,133,,,,,59,,,,,63,,,,,,,395,179,162,252,217,409,,28,,,291,310,317,556,271,317,479,104,,205,281,65,,1084,,,,,,109,,,,,,,,47,,,,109,61,25,,,,,,,,,,,,,,,,,,,,,,,,,,,,,,,,,,,,270,129,21,123,109,84,62,149,480,391,,,296,189,,179,,,,81,166,273,183,17,133,151,224,81,100,,438,,,47,58,287,490,,1240,321,,,185,191,,,,,,,,,,,,,,,,,,,,,,701,,211,,709,,210,248,,,,,,116,117,,,,,,70,,,275,,237,,148,250,203,204,147,692,246,170,626,87,141,,,,94,,,,,,,396,,,,,363,,,,,,,,,,,,,,,,,,,,,,,,,,,,,,,,,,,,419,,,,66,,310,,560,190,,323,,283,,162,,86,,,,306,,,,,,,,,,530,,178,66,,,,
2026-08-06T05:55:01+00:00,157,219,,,590,51,,258,295,,,263,281,,,120,,,,,,433,294,383,,,104,,,,,,41,,,,,,,161,,,79,,31,,,,,,,313,,,,13,46,,64,,174,,102,169,,234,,30,13,,,,310,,,,183,,,,,,,,,,,,,,,,,,,,,,,,,,,,,,,,,,,,,,,,,,,,,,,,,,,,,,,,,,,,,,,,,,,,,,,,,,,,,,,,,,,,,,,,,,,,,,,,,,370,1128,433,,300,135,134,169,242,348,138,127,,289,16,127,891,,,,,,,,242,,205,,,,,,,,,,28,,95,,,,,,,,,,,,,,,240,,,,,,440,,15,97,,,,,142,,,,,132,,,,,60,,,,,75,,,,,,,381,175,161,250,213,406,,24,64,,288,304,311,552,268,305,469,103,,201,280,63,,1081,,,,351,,110,,,,,,,,46,,,189,111,59,24,,,,448,,,,,355,,,339,,,,,,,,,,,,29,,,,,,,,,,,,267,128,22,,108,83,,144,479,,,,290,185,45,178,,,,80,165,275,181,16,,145,221,75,96,,425,,,45,,,,,,,,,,,,,,,,,,,,,,,,,,,,,,,,689,,209,,,,,,,,344,,,115,,,,,,,,,,268,108,,,141,248,205,,148,,236,167,618,86,138,,,,,,,,,,,,,,,,,,,,,,,,,,,,,,,,,,,,,,,,,,,,,,,,,,,,411,,,,64,337,309,,558,189,,,,284,,,,,,197,469,305,,,,,,,553,,,527,,177,,,,316,
2026-08-06T06:00:01+00:00,156,217,56,175,586,52,,257,,359,,260,279,,,118,,,,,166,431,287,384,,,103,,,29,918,18,37,76,235,,,,,,145,,78,,,,,,,,,316,,109,,12,47,,58,,,,103,165,,,91,29,,,,,,,,129,182,334,219,,179,124,,,,,319,167,303,340,260,215,558,59,,,433,276,191,46,117,184,284,471,168,690,80,759,192,76,102,295,734,,,483,63,117,208,837,192,,514,,,389,,,,,,293,,,,,463,,,,,194,185,,,,,,,276,,,,,,,440,,,,443,,,,,,,,,,,,,,,,,,,,,,,,,125,,287,16,121,,,,,,,,,239,,204,,,,,,,,,,29,,94,,,,,,,,,,,,,,,236,,,,,,433,,14,95,,,,,138,,,,,,,,,,,,,,,,,,,,,,377,166,160,247,212,404,,27,63,,283,299,306,546,262,294,458,102,,200,272,62,,1072,,,,,,111,,,,,,,,47,,,187,110,,23,,,,447,,,,,,,,336,,,,,,,,,,,,27,,,,,,,,,,,,257,,21,121,106,79,57,129,476,385,,,285,183,44,172,,,,76,164,273,179,,121,140,214,67,88,,406,,,,53,280,479,69,1231,314,,137,181,186,,,,,,,,,,,,,,,,,,,,,,687,,207,,708,,206,246,,326,349,,,114,,,,,,,68,,,265,106,226,,134,245,201,203,147,686,232,162,612,,137,,157,,89,,,,,,,393,,,,,362,,179,,,,,,,,,,,,,,,,,,,,,,,,,,,,,,,,,,402,,,457,,338,,,555,186,368,,,286,,159,,85,,196,468,,,,,,,,551,126,,522,,175,65,,,,
2026-08-06T06:05:01+00:00,157,210,,,578,,,258,,357,,257,277,,,117,,,,,167,430,286,383,371,,101,,,28,916,17,36,,234,,,,,159,146,,,,32,,,,,138,,317,,,,,,,60,,173,,102,162,,235,92,28,14,,,,298,,,130,183,337,216,,175,122,228,,,,,,,,,,,,,,,,,,,,,,,,,,,,,,,,,,,116,207,833,,271,513,,,,,,,,,296,,,,,460,,,,,193,181,,,,,,,275,,,319,,698,,432,,149,,434,,,,,,,,,,,,,276,371,1109,420,134,285,,132,166,239,340,129,121,,288,16,119,890,,,,,,,,237,,,,,,,,,74,,,28,,93,,,,,,,,,,,,,,,232,,,,,,426,,15,96,,,,,136,,,,,,,,,,,,,,,,,,,,,,367,158,157,243,210,,,20,62,,281,298,299,539,257,284,452,96,,197,263,58,,1058,,,,349,,109,,,,,,,,,,,185,108,60,24,,,,,,,,,,,,334,,,,,,,,,,,,,,,,,,,,,,,,256,127,20,120,104,76,,124,473,383,,,280,182,,170,,,,,163,272,,15,118,,213,65,82,145,403,,,,,,,,,,,,,,,,,,,,,,,,,,,,,,,,,,,685,81,203,,,,201,245,472,324,350,,,113,,,,,,,,,,263,,219,,127,,196,202,145,683,229,161,599,89,136,,155,,85,,,,,,,,,,,,358,,177,,,,,,,,,,,,,,,,,,,,,,,,,,,,,,,,,,392,,,455,,336,,,553,181,366,,,287,,157,,84,,,469,,,,,,,,548,,,521,,174,64,,,314,
2026-08-06T06:10:01+00:00,153,208,,,577,,,259,,356,,259,274,,,113,,,,,,428,282,,370,,,,,,914,,32,74,,,,,,158,,,77,,30,,,,,140,,314,,,,14,46,,61,,171,,100,157,,,91,,,130,,,294,,,,179,,,,,,,,,,313,161,292,336,256,213,551,58,272,,418,281,190,42,,169,282,464,164,683,78,750,180,80,85,290,691,,,479,56,,,,,,,,,,,,,,,,,,,,,,,,,,,,,,,,,268,,,317,,690,,422,,148,,414,,,,,,,,,,,,,,,,,,,,,,,,,119,,286,16,,888,,,,,,,,236,,,,,,,,,72,,,24,,91,,,,,,,,,,,,,,36,228,,,,,,420,,10,,,,,,132,,,,,131,,,,,,,,,,,,,,,,,360,156,154,241,208,400,,22,63,,279,,297,534,255,276,449,92,,194,260,55,,,,,,,,,,,,,,,,,,,,106,,,,,,446,,,,,354,,,332,,,,,,,,,,,,25,,,,,,,,,,,,253,,,119,103,75,56,123,467,387,,,275,178,43,168,,,,75,162,,,14,110,139,211,63,,143,383,,,43,43,278,460,,1223,312,,136,170,185,,,,,,,,,,,,,,,,,,,,,,681,,201,,709,,194,243,,323,353,,,112,118,,,,,,65,,,,105,217,,124,242,185,199,143,678,228,158,591,,,,,,,,,,,,,,,,,,,,,,,,,,,,,,,,,,,,,,,,,,,,,,,,,,,,,,382,139,,,63,334,308,96,551,,360,,,289,,156,,,,195,467,306,,,,,,,546,125,,519,,173,65,,,,
2026-08-06T06:15:01+00:00,,210,,,576,51,,258,,,,260,270,,,,,,,,,425,276,384,372,,,,,27,911,16,31,73,235,,,,,157,147,,76,,32,,,,,,,,,,,15,47,,60,,170,,,,,,90,29,,,,,,,,,181,342,214,273,170,120,227,,,,306,156,285,324,243,203,544,56,270,214,401,279,188,39,,150,274,454,162,678,,740,178,81,68,285,667,,2,,48,114,208,821,191,272,,,,387,,,,,,295,,,,,455,,,,,191,177,,,,,,,,,,,,,,,,,,,,,,,,,,,,,,,274,375,1096,411,133,280,134,128,165,235,338,127,116,,289,16,,,,,,,,,,235,,205,,,,,,,71,,,25,,87,,,,,,,,,,,,,,,227,,,,,,424,,9,95,,,,,131,,,,,,,,,,,,,,,,,,,,,,355,151,153,238,205,395,,,,,278,296,293,530,253,268,442,90,,192,253,,,1054,,,,,,,,,,,,,,,,,183,108,57,,,,,,,,,,,,,330,,,,,,,,,,,,23,,,,,,,,,,,,250,126,19,116,,73,,116,459,,,,271,176,39,166,,,5,,158,,,,102,138,,,80,139,367,,,,40,,455,68,1214,313,,,,183,,,,,,,,,,,,,,,,,,,,,,679,,198,,,,193,241,471,,351,,,,117,,,,,,,,,259,104,212,,121,,186,,142,672,227,156,573,,137,,153,,79,,162,,,,,392,,,,,357,,174,,,,,,,,,,,,,,,,,,,,,,,,,,,,,,,,,,372,,,,62,332,,95,550,180,,322,,290,,,72,82,,196,466,305,,,,,,,545,124,,517,,170,66,,,,
2026-08-06T06:20:01+00:00,,,,,567,50,,,296,354,,,,,,110,,,,,,,267,383,370,,,,,26,907,,,74,,,,,,158,145,,77,,,,,,,,,,25,108,,16,,7,62,,,,98,152,,,91,30,,,,,293,,,129,,344,213,272,173,119,,,196,,,,,,,,,,,,,,,,,,,,,,,,,,,,,,,,,113,,807,189,271,514,,,,,,,,,292,,,,,450,,,,,190,174,,,,,,,267,,,314,,687,,420,,146,,390,,,,,,,,,,,,,,,,,,,,,,,,,114,,288,16,118,887,,,,,,,,234,,,,,,,,,72,,,24,,90,,,,,,,,,,,,,,33,,,,,,,418,,10,96,,,,,123,,,,,130,,,,,,,,,,,,,,,,,347,146,150,236,198,391,,19,,,276,290,288,521,250,264,436,89,,190,248,56,,1052,,,,,,,,,,,,,,,,,182,106,58,,,,,,,,,,353,,,328,,,,,,,,,,,,24,,,,,,,,,,,,247,,18,117,102,72,,112,458,386,,,267,174,37,163,,,,76,157,271,,13,99,136,208,62,79,,358,,,42,,275,447,,1212,311,,,167,180,,,,,,,,,,,,,,,,,,,,,,673,,197,,708,,192,239,469,,,,,113,,,,,,,64,,,253,,208,,118,243,182,,,669,,157,562,91,132,,151,,77,,161,,,,,391,,,,,356,,173,,,,,,,,,,,,,,,,,,,,,,,,,,,,,,,,,,358,,,453,,,,94,552,177,357,320,,,,,73,81,,194,464,304,,,,,,,543,,,515,,,65,,,313,
2026-08-06T06:25:02+00:00,155,208,,,,51,,,,357,,255,268,,,109,,,,,165,423,262,387,371,,,,,25,904,15,30,73,,,,,,157,144,,78,,,,,,,,,309,,,,17,44,,58,,,22,,,85,,,,,,,,291,,,128,182,,,,,,,,,,301,154,279,322,240,200,543,55,269,,397,278,,38,,149,272,455,,677,,739,173,82,63,280,660,,,,41,,,,,,,,,,,,,,,,,,,,,,,,,,,,,,,,,,,,,,,,,,,,,,,,,,,,,,,,,273,376,1082,408,132,277,133,127,,,335,116,112,,283,16,,884,,,,,,,,,,,,,,,,,73,,,23,,,,,,,,,,,,,,,,,226,,,,,,,,,95,,,,,124,,,,,,,,,,,,,,,,,,,,,,340,143,146,235,,386,,25,,,272,286,282,512,246,255,430,88,,186,,55,,1047,,,,348,,108,,,,,,,,,,,,105,57,,,,,444,,,,,352,,,326,,,,,,,,,,,,,,,,,,,,,,,,239,124,19,116,100,71,55,110,453,,36,,265,173,38,161,20,,,77,153,270,,,97,134,206,61,77,137,339,,137,39,37,273,444,,1207,307,,135,166,,,,,,,,,,,,,,,,,,,,,,,663,,186,,707,,187,237,466,321,350,,,111,115,,,,,,62,,,249,102,198,,113,234,173,198,,660,225,155,550,92,129,,,,,,,,,,,,,,,,,,,,,,,,,,,,,,,,,,,,,,,,,,,,,,,,,,,,348,138,,,,329,307,,,172,355,319,,292,,155,,,,191,462,,,,,,,,540,,,509,,,64,,,,
2026-08-06T06:30:02+00:00,,211,,,564,52,,254,297,,,251,263,,,105,,,,,163,421,263,385,370,,100,,,24,899,16,28,,237,,,,,156,,,76,,31,,,,,,,307,,,,19,,6,60,,169,,97,151,,,92,29,,,,,289,,,,184,347,208,271,171,114,226,,193,,300,151,269,320,237,201,538,54,268,212,389,275,186,35,,144,273,452,161,675,,733,166,83,56,276,648,,,,36,109,204,791,188,270,,,,386,,,,,,288,,,,,445,,,,,189,171,,,,,,,270,,,315,,681,,400,,145,,375,,,,,,,,,,,,,,,,,,,,,,,,,111,,281,16,115,882,,,,,,,,233,,203,,,,,,,74,,,,,,,,,,,,,,,,,,,,223,,,,,,411,,11,94,122,,,,116,,,,,127,,,,,,,,,,,,,,,,199,335,141,,231,195,384,,19,66,10,267,281,279,508,243,251,424,,,185,241,48,,1038,,,,347,,,,,,,,,,,,,183,106,59,23,,,,443,,,,,350,,,320,,,,,,,,,,,,22,,,,,,,,,,,,236,122,20,114,97,70,54,106,444,384,,,264,174,39,156,19,,,73,151,267,178,10,93,133,201,60,76,136,333,,,38,33,271,436,66,1201,308,,134,164,,,,,,,,,,,,,,,,,,,,,,,,,,,,,,,,,,,,,,,,,,,,,,,,,,,,,,139,654,223,157,539,,126,,147,,75,,,,,,,385,,,,,348,,167,,,,,,,,,,,,,,,,,,,,,,,,,,,,,,,,,,336,,,,61,321,305,95,,171,353,,,293,,154,71,80,,192,458,302,,,,,,,538,123,,505,,169,63,,,312,
2026-08-06T06:35:01+00:00,,214,,,561,51,,255,,359,,247,258,,,104,,,,,,,260,384,,,,,,,,17,24,74,,,,,,152,143,,,,29,,,,,,,306,,109,,20,45,7,59,,168,21,,150,,,,,,,,,283,,,,186,,,,,,,,,,,,,,,,,,,,,,,,,,,,,,,,,,,,,,,,,,,,,,,,,,,,,,,,,,,,,,,,,,,,,,,,,,,,,,,,,,,,,,,,,,,,,,,,,271,378,1067,400,130,274,128,128,,,327,113,108,,282,16,111,875,,,,,,,,,,,,,,,,,,,,,,,,,,,,,,,,,,,,32,220,,,,,,,,8,93,,,,,111,,,,,126,,,,,59,,,,,73,,,,,,,,,,,,,,,,,,273,273,496,238,243,422,87,,182,232,47,,1036,,,,348,,107,,,,,,,,,,,184,104,60,22,,,,444,,,,,348,,,311,,,,,,,,,,,,21,,,,,,,,,,,,,,,,,,,,,,,,,,,,,,,,,,,,,,,,,,,,,,,,,,,,,,,,,,,,,,,,,,,,,,,,,,,,,658,80,,,,,184,,464,,349,,,109,,,,,,,60,,,,103,187,148,111,228,166,,,,,,,,,,145,,73,,,,,,,380,,,,,346,,165,,,,,,,,,,,,,,,,,,,,,,,,,,,,,,,,,,328,,,,58,316,304,94,550,165,351,318,,292,,153,,79,,190,459,,,,,,,,536,122,,500,,,61,,,,
2026-08-06T06:35:02+00:00,,,,,,,,,,,,,,,,,,,,,,,,,,,,,,,,,,,,,,,,,,,,,,,,,,,,,,,,,,,,,,,,,,,,,,,,,,,,,,,,,,,,,,,,,,,,,,,,,,,,,,,,,,,,,,,,,,,,,,,,,,,,,,,,,,,,,,,,,,,,,,,,,,,,,,,,,,,,,,,,,,,,,,,,,,,,,,,,,,,,,,,,,,,,,,,,,,,,,,,,,205,,,,,,,,,,21,,86,,,,,,,,,,,,,,,,,,,,,,,,,,,,,,,,,,,,,,,,,,,,,,,,,,198,332,137,142,230,190,380,,,,,,,,,,,,,,,,,,,,,,,,,,,,,,,,,,,,,,,,,,,,,,,,,,,,,,,,,,,,,,,,,,,,,,,,,,234,121,18,113,,69,55,103,442,381,,,,,38,155,18,,,72,148,266,177,9,,131,200,58,75,135,325,,,,30,266,428,,1200,301,,,163,172,,,,,,,,,,,,,,,,,,,,,,,,,,,,,,,,,,,,,,,,,,,,,,,,,,,,,135,649,,154,524,93,125,,,,,,,,,,,,,,,,,,,,,,,,,,,,,,,,,,,,,,,,,,,,,,,,,,,,,,,,,,,,,,,,,,,,,,,,,,,,,,,,,,,,,,,,,,
2026-08-06T06:40:01+00:00,153,213,,,558,50,,253,,,,242,256,,,102,,,,,,,258,386,,,,,,,898,,22,73,241,,,,9,151,,,,,27,,,,,,,307,,108,,19,,,54,,,,98,148,,,91,28,,129,,,280,,,129,188,,201,268,166,112,225,,191,,293,147,266,303,229,193,529,44,266,211,374,271,179,31,,131,266,443,159,670,,723,155,82,45,272,630,,,473,32,108,203,771,187,269,510,,,385,,,,,,283,,,,,429,,,,,187,173,,,,,,,267,,,312,,674,,392,,142,,348,,,,,,,,,,,,,,,,,,,,,,,,,102,,284,16,105,867,,,,,,,,231,,,,,,,,,72,,,,,,,,,,,,,,,,,,,31,212,,,,,,412,,9,91,,,,,106,,,,,,,,,,,,,,,,,,,,,,327,136,139,223,183,375,,,67,,266,272,269,490,237,237,421,85,,176,230,48,,1032,,,,345,,,,,,,,,,,,,186,,59,19,,,,,,,,,347,,,307,,,,,,,,,,,,20,,,,,,,,,,,,237,119,19,110,94,65,56,99,435,379,,,260,173,39,156,,,,70,144,260,176,8,91,129,201,57,76,,315,,,,,263,406,,1194,291,,,162,160,,,,,,,,,,,,,,,,,,,,,,645,,185,,706,,182,235,458,319,348,,,104,,,,,,,59,,,247,,182,146,109,224,159,196,,642,219,153,508,,122,,,,,,,,,,,,,,,,,,,,,,,,,,,,,,,,,,,,,,,,,,,,,,,,,,,,317,137,,450,,311,302,93,,163,350,315,,291,,154,72,,,188,458,303,,,,,,,532,,,499,,165,62,,,,
2026-08-06T06:45:01+00:00,152,214,,174,553,,,252,293,357,,244,254,,,,,,,,162,419,252,382,372,,,,,22,896,,,72,242,,,,,149,,,75,,,,,,,,,308,24,109,,21,,,56,,,20,,144,,,90,27,,130,,,278,,,,,,,,,,,,,,,,,,,,,,,,,,,,,,,,,,,,,,,,,,,,,,,,,,,,,,,,,,,,,,,,,,,,,,,,,,,,,,,,,,,,,,,,,,,,,,,,,,,,,,374,1051,402,128,267,125,127,164,234,324,111,99,,,16,102,865,,,,,,,,226,,206,,,,,,,,,,,,85,,,,,,,,,,,,,,30,204,,,,,,401,,8,90,,,,,98,,,,,125,,,,,,,,,,,,,,,,197,318,141,,222,176,367,,22,65,,265,270,262,480,236,234,413,82,,171,231,43,,1027,,,,344,,,,,,,,,,48,,,187,102,58,18,,,,,,,,,,,,305,,,,,,,,,,,,21,,,,,,,,,,,,236,118,,111,92,,,90,431,376,,,259,172,,154,,,,69,,258,,7,,128,200,53,66,133,309,,,36,,,,,,,,,,,,,,,,,,,,,,,,,,,,,,,,646,79,186,,704,,177,234,453,317,347,,,102,,,,,,,57,,,246,,176,147,104,217,155,193,133,634,,,500,90,118,,,,,,,,,,,,,,,,,,,,,,,,,,,,,,,,,,,,,,,,,,,,,,,,,,,,305,,,448,,304,300,92,549,160,,313,,292,,153,71,78,,,460,,,,,,,,529,,,500,,166,,,,311,
2026-08-06T06:50:01+00:00,148,217,,,548,48,,250,294,354,,241,250,,,98,,,,,161,418,242,381,369,,102,,,,891,16,20,,243,,,,,,142,,,,28,,,,,,,,23,,,18,,,57,,,,99,145,,,88,25,15,,,,271,,,,187,343,193,263,162,107,224,,,,290,135,256,291,218,191,515,35,263,210,358,269,173,29,,122,263,434,,662,79,715,147,84,38,268,597,,,,31,105,198,757,183,,,,,382,,,,,,278,,,,,422,,,,,,174,,,,,,,262,,,308,,667,,384,,139,,323,,,,,,,,,,,,,,,,,,,,,,,,,97,,280,16,100,863,,,,,,,,,,207,,,,,,,71,,,20,,82,,,,,,,,,,,,,,28,199,,,,,,390,,6,86,,,,,90,,,,,121,,,,,,,,,,72,,,,,,196,311,133,136,,168,363,,19,,9,261,260,261,482,234,227,409,,,168,226,41,,1026,,,,,,110,,,,,,,,,,,189,,,,,,,445,,,,,348,,,299,,,,,,,,,,,,22,,,,,,,,,,,,231,117,,110,90,,55,81,426,377,,,255,169,37,151,,,,68,143,,175,6,,124,199,52,65,,307,,136,,29,260,398,,1191,286,,133,,155,,,,,,,,,,,,,,,,,,,,,,642,,181,,703,,175,232,449,314,,,,101,113,,,,,,55,,,244,,159,,101,207,,,130,622,218,151,491,,114,,141,,64,,160,,,,,377,,,,,341,,164,,,,,,,,,,,,,,,,,,,,,,,,,,,,,,,,,,290,,,446,57,302,297,95,548,159,348,310,,291,,152,,77,,,461,,,,,,,,527,,,,,165,,,,,
2026-08-06T06:55:02+00:00,149,216,,,543,47,,246,291,353,,242,246,,,99,,,,,160,416,231,376,364,,,,,21,885,17,17,73,,,,,,148,141,,,,27,,,,,,,307,22,107,,16,44,,62,,,18,100,142,,,,27,,,,,267,,,,184,,,,,,,,,,283,124,245,275,202,179,505,25,254,,346,267,,28,116,110,253,424,,653,77,701,132,87,33,259,572,,1,,,,,,,,,,,,,,,,,,,,,,,,,,,,,,,,,,,,,,,,,,,,,,,,,,,,,,,,,,,270,378,1040,388,127,266,120,126,163,229,315,105,93,,281,16,94,857,,,,,,,,223,,205,,,,,,,70,,,,,79,,,,,,,,,,,,,,27,194,,,,,,383,,7,85,,,,,89,,,,,120,,,,,,,,,,,,,,,,193,295,,130,221,160,357,,14,64,,259,246,254,475,231,222,401,,,166,222,42,,1024,,,,342,,,,,,,,,,,,,,101,54,17,,,,444,,,,,346,,,296,,,,,,,,,,,,,,,,,,,,,,,,236,,,108,89,63,54,70,416,365,35,,249,163,36,144,16,,,,142,254,,1,88,127,193,51,66,134,303,,,33,23,251,370,64,1173,270,,132,158,148,,,,,,,,,,,,,,,,,,,,,,637,77,177,,700,,169,227,441,,345,,,102,112,,,,,,56,,,233,101,153,146,100,192,149,190,128,610,216,147,484,89,112,,140,,60,,,,,,,374,,,,,336,,161,,,,,,,,,,,,,,,,,,,,,,,,,,,,,,,,,,275,135,,440,,297,,,545,157,341,309,,292,,,66,75,,187,,302,,,,,,,523,121,,493,,164,61,,,306,
2026-08-06T07:00:01+00:00,148,215,,,537,44,,,288,,,240,245,,,97,,,,,159,412,223,373,360,,,,,,881,,16,74,,,,,8,146,142,,78,,26,,,,,,,308,,,,19,43,,63,,,,97,138,,,91,26,14,129,,,,,,,183,334,181,256,155,108,220,,,,,,,,,,,,,,,,,,,,,,,,,,,,,,,,,,,100,197,748,178,270,,,,383,,,,,,271,,,,,412,,,,,185,173,,,,,,,261,,,310,,662,,380,,137,,307,,,,,,,,,,,,,,,,,,,,,,,,,92,,,16,93,853,,,,,,,,220,,,,,,,,,,,,18,,77,,,,,,,,,,,,,,25,184,,,,,,380,,6,,,,,,88,,,,,,,,,,,,,,,,,,,,,,292,132,129,216,161,351,,15,59,,256,236,251,468,,221,397,81,,161,216,37,,1022,,,,341,,111,,,,,,,,47,,,191,102,47,15,,,,445,,,,,347,,,292,,,,,,,,,,,,20,,,,,,,,,,,,237,115,,105,87,62,,67,414,366,,,246,158,34,143,,,,,138,252,174,,87,125,189,49,63,132,300,,137,32,,,,,,,,,,,,,,,,,,,,,,,,,,,,,,,,,,,,,,,,,,,,,,,,,,,,,,,,,,,,,,,127,595,213,138,473,87,108,,,,,,,,,,,,,,,,,,,,,,,,,,,,,,,,,,,,,,,,,,,,,,,,,,,,262,,,434,55,289,298,97,,154,339,308,,290,,,,73,,184,459,301,,,,,,,522,,,492,,,62,,,,
2026-08-06T07:05:01+00:00,145,211,,,,,,237,286,352,,241,244,,,96,,,,,156,407,218,370,357,,101,,,,879,18,,,244,,250,,9,,140,,82,,27,,,,,139,,309,,,,16,,,60,,,,,133,,,90,,13,,,,,,,,178,,,,,,,,,,278,120,241,273,194,176,500,24,252,,337,268,171,26,,105,250,420,158,651,,699,122,,32,258,561,,,470,30,,,,,,,,,,,,,,,,,,,,,,,,,,,,,,,,,,,,,,,,,,,,,,,,,,,,,,,,,,377,1024,366,128,264,118,124,164,224,310,90,89,,276,16,88,845,,,,,,,,218,,,,,,,,,69,,,17,,,,,,,,,,,,,,,,,182,,,,,,375,,7,82,156,,,,84,,,,,118,,,,,,,,,,,,,,,,,289,125,,214,159,347,,10,58,,,225,244,457,,220,,80,,155,212,34,,1020,,,,344,,,,,,,,,,48,,,190,101,45,14,,,,446,,,,,346,,,290,,,,,,,,,,,,18,,,,,,,,,,,,235,110,12,103,79,,,63,407,359,,,250,,31,140,,,,69,132,242,172,3,85,122,185,46,58,131,296,,,34,22,249,357,63,1167,264,,131,,138,,,,,,,,,,,,,,,,,,,,,,636,,175,,,,168,,443,313,343,,,99,111,,,,,,54,,,230,100,149,145,94,187,147,188,123,578,,137,460,88,98,,138,,54,,158,,,,,366,,,,,327,,155,,,,,,,,,,,,,,,,,,,,,,,,,,,,,,,,,,253,136,129,432,53,286,,99,542,152,338,,,291,,151,65,,,182,460,302,,,,,,,520,120,,491,,162,60,,,302,
2026-08-06T07:10:01+00:00,142,212,,173,531,,,228,282,,,237,238,,,,,,,,153,405,216,372,354,,102,,,,,17,13,,245,,249,,,145,139,,83,,,,,,,138,,,,,,,44,,59,,,16,94,129,,,,25,15,,,,268,,,130,,,177,250,145,104,215,,189,,275,113,239,262,184,170,489,,244,209,315,255,167,22,117,90,240,411,157,641,76,673,112,89,31,250,548,,,466,25,96,195,731,174,269,508,,,380,,,,,,265,,,,,397,,,,,186,164,,,,,,,,,,308,,658,,354,,136,,294,,,,,,,,,,,,,,,,,,,,,,,,,87,,277,16,86,839,,,,,,,,219,,204,,,,,,,68,,,18,,,,,,,,,,,,,,,,24,168,,,,,,366,,6,79,,,,,74,,,,,113,,,,,,,,,,,,,,,,,284,,128,212,154,346,,13,,,254,224,246,445,229,218,390,79,,153,211,36,,,,,,343,,,,,,,,,,,,,189,98,46,12,,,,445,,,,,,,,286,,,,,,,,,,,,19,,,,,,,,,,,,232,107,10,102,76,60,,60,403,356,,,249,157,33,141,,,,68,131,,170,1,,121,182,45,55,,294,,,,20,250,352,,1162,258,,,152,139,,,,,,,,,,,,,,,,,,,,,,634,76,174,,701,,166,224,444,312,,,,101,109,,,,,,53,,,228,99,147,144,89,180,,190,124,570,214,124,452,,90,,137,,,,157,,,,,362,,,,,322,,152,,,,,,,,,,,,,,,,,,,,,,,,,,,,,,,,,,243,,,429,51,,297,,541,156,,307,,290,,148,,,,,461,,,,,,,,518,119,,487,,163,59,,,299,
2026-08-06T07:15:02+00:00,140,209,,,522,45,,226,281,351,,236,234,,,94,,,,,150,404,210,369,352,,101,,,,877,16,15,73,,,248,,,143,138,,,,,,,,,,,307,,,,,45,,62,,,,92,130,,,89,24,,130,,,274,,,131,176,,,,,,,,,,,,,,,,,,,,,,,,,,,,,,,,,,,,,,,,,,,,,,,,,,,,,,,,,,,,,,,,,,,,,,,,,,,,,,,,,,,,,,,,,,,,,,,,,269,374,1015,371,127,260,114,123,,225,300,,86,,279,16,77,830,,,,,,,,216,,201,,,,,,,,,,17,,76,,,,,,,,,,,,,,,159,,,,,,363,,7,74,,,,,66,,,,,,,,,,,,,,,,,,,,,,269,123,126,213,151,336,,9,59,8,,214,244,443,233,213,385,77,,149,209,,,1018,,,,341,,,,,,,,,,,,,190,97,,,,,,,,,,,344,,,282,,,,,,,,,,,,,,,,,,,,,,,,231,105,7,100,67,61,,54,398,350,36,,246,155,36,,,,,67,129,231,168,0,80,116,173,,45,128,293,,,,19,251,347,64,1157,255,,130,151,132,,,,,,,,,,,,,,,,,,,,,,632,75,176,,697,,162,,442,,341,,,100,,,,,,,,,,223,97,142,143,88,176,148,188,122,550,212,117,434,86,84,,,,,,,,,,,,,,,,,,,,,,,,,,,,,,,,,,,,,,,,,,,,,,,,,,,,238,135,,430,48,284,298,,540,150,336,308,,289,,,64,,,180,,303,,,,,,,515,118,,488,,162,60,,,,
2026-08-06T07:20:02+00:00,138,206,,,514,,,219,280,,,229,231,,,,,,,,,401,207,367,349,,98,,,,870,,14,74,246,,,,,,,,84,,,,,,,,,,,,,17,46,6,,,166,17,88,131,,233,90,,,,,,,,,130,175,333,165,245,132,,211,,188,,267,109,229,246,177,,487,,243,207,306,253,162,23,,79,236,400,156,633,73,664,97,91,28,242,513,23,,,22,,191,720,170,270,506,,,382,,,,,,262,,,,,393,,,,,182,163,,,,,,,260,,,310,,656,,350,,132,,278,,,,,,,,,,,,,,,,,,,,,,,,,82,,276,16,73,821,,,,,,,,211,,,,,,,,,66,,,20,,,,,,,,,,,,,,,,,154,,,,,,360,,6,,155,,,,65,,,,,111,,,,,,,,,,,,,,,,,267,122,125,210,,335,,,58,,,205,241,436,231,210,384,,,145,203,34,,1016,,,,342,,112,,,,,,,,47,,,191,,,9,,,,444,,,,,343,,,280,,,,,,,,,,,,,,,,,,,,,,,,230,103,6,97,65,62,53,49,396,344,,,,153,34,,,,,69,,227,169,1,81,117,169,,43,126,289,,,36,,245,340,,1151,245,,129,155,128,,,,,,,,,,,,,,,,,,,,,,622,,171,,694,,157,223,431,,340,,,98,108,,,,,,52,,,224,95,138,142,79,162,140,187,120,538,209,113,426,85,77,,133,,50,,155,,,,,354,,,,,318,,153,,,,,,,,,,,,,,,,,,,,,,,,,,,,,,,,,,234,,127,429,,283,297,,538,148,334,306,,,,147,65,72,,178,,304,,,,,,,513,,,,,160,,,,294,
2026-08-06T07:25:01+00:00,134,202,,,510,,,216,279,348,,221,232,,,93,,,,,,400,201,368,,,,,,,867,17,13,72,248,,,,,,,,87,,,,,,,,,,,,,,,7,61,,165,18,87,127,84,,,22,,,,,273,,,131,173,331,161,241,135,105,208,,,,,,,,,,,,,,,,,,,,,,,,,,,,,,,,,,,,,,,,,,,,,,,,,,,,,,,,,,,,,,,,,,,,,,,,,,,,,,,,,,,,,,,,,,,,379,1001,365,125,256,,121,163,224,295,83,84,,273,16,72,820,,,,,,,,209,,203,,,,,,,63,,,19,,77,,,,,,,,,,,,,,23,148,,,,,,361,,,76,154,,,,64,,,,,110,,,,,,,,,,,,,,,,191,256,119,122,,152,328,,14,54,,251,194,234,427,230,203,381,,,139,206,,,1014,,,,339,,111,,,,,,,,46,,,194,95,43,7,,,,445,,,,,341,,,278,,,,,,,,,,,,,,,,,,,,,,,,229,102,5,,,,,,394,341,,,,154,,140,,,,68,125,222,,,80,115,167,44,39,121,288,,,34,14,,327,,1133,243,,126,149,115,,,,,,,,,,,,,,,,,,,,,,,,,,,,,,,,,,,,,,,,,,,,,,,,,,,,,118,526,210,106,419,87,68,,134,,49,,154,,,,,358,,,,,316,,,,,,,,,,,,,,,,,,,,,,,,,,,,,,,,,,,,226,136,,427,47,280,294,98,,150,325,303,,,,,67,71,,179,457,306,,,,,,,509,,,484,,,,,,292,
2026-08-06T07:30:02+00:00,,203,,,504,39,,213,278,345,,217,231,,,94,,,,,149,399,198,366,343,,,,,,865,16,10,71,247,,246,,,144,139,,89,,28,,,,,,,306,,,,,43,,56,,,,83,122,,234,,,,,,,265,,,132,171,,,,,,,,,,262,104,217,238,175,164,478,,244,,301,252,159,22,,72,231,398,155,621,71,647,92,94,26,234,498,,1,464,20,94,188,707,167,266,507,56,,380,,,,,,260,,,,,388,,,,,,160,,,,,,,258,,,307,,647,,326,,131,,264,,,,,,,,,,,,,,,,,,,,,,,,,79,,276,16,65,802,,,,,,,,210,,202,,,,,,,,,,,,76,,,,,,,,,,,,,,22,133,,,,,,355,,9,79,151,,,,56,,,,,,,,,,,,,,,71,,,,,,,248,117,119,,151,325,,5,50,,245,,232,423,231,200,376,,,135,203,33,,,,,,338,,110,,,,,,,,,,,196,92,42,,,,,444,,,,,338,,,275,,,,,,,,,,,,20,,,,,,,,,,,,227,100,3,96,62,,54,40,395,335,,,241,151,,,,,,,123,217,167,0,,114,161,43,37,120,287,,,,12,,281,,1121,238,,125,147,118,,,,,,,,,,,,,,,,,,,,,,615,74,,,693,,156,221,428,,,,,,106,,,,,,47,,,223,,132,,68,150,142,186,115,523,207,88,412,86,59,,,,,,,,,,,,,,,,,,,,,,,,,,,,,,,,,,,,,,,,,,,,,,,,,,,,222,135,,425,45,279,290,97,536,149,324,,,288,,146,,,,178,456,,,,,,,,506,,,482,,155,,,,,
2026-08-06T07:35:01+00:00,132,198,,,492,37,,205,275,342,,213,230,,,92,,,,,147,397,194,365,,,,,,22,860,17,12,69,246,,243,,,145,138,,91,,,,,,,,,305,,109,,,44,,51,,,,79,123,,,,21,,,,,266,,,130,169,332,150,236,138,107,207,,187,,,102,207,232,170,162,475,21,,,296,,157,,,67,230,390,,,,644,89,93,24,227,497,,,,19,,,,,,,,,,,,,,,,,,,,,,,,,,,,,,,,,,,,,,,,,,,,,,,,,,,,,,,,,,385,1000,358,122,253,111,122,161,223,288,81,75,,270,16,60,789,,,,,,,,206,,205,,,,,,,,,,20,,74,,,,,,,,,,,,,,,134,,,,,,347,,8,78,,,,,49,,,,,109,,,,,,,,,,,,,,,,,234,113,,,150,320,,,49,,240,196,229,419,229,196,377,,,134,,31,,1013,,,,,,108,,,,,,,,45,,,195,94,41,10,,,,,,,,,342,,,271,,,,,,,,,,,,,,,,,,,,,,,,226,97,,95,59,,,36,393,328,,,239,,,139,,,,67,,210,166,1,81,,156,,30,118,,,138,,,,,,,,,,,,,,,,,,,,,,,,,,,,,,,,,611,72,,,696,,152,218,406,311,,,,,105,,,,,,48,,,217,,127,138,50,145,143,180,110,520,202,87,402,89,61,,124,,44,,153,,,,,349,,,,,308,,154,,,,,,,,,,,,,,,,,,,,,,,,,,,,,,,,,,219,134,128,424,42,275,,,535,,323,301,,,,144,66,70,,177,455,307,,,,,,,502,,,470,,154,59,,,,
2026-08-06T07:40:01+00:00,131,196,,,489,41,,197,274,338,,206,226,,,,,,,,145,395,191,,338,,,,,,855,19,8,,245,,241,,,,,,92,,,,,,,135,,304,21,108,,16,43,,47,,167,17,80,120,,,89,,,129,,,265,,,129,164,,,,,,,,,,258,96,188,227,158,156,457,17,239,206,271,249,148,20,,53,228,375,,613,69,637,177,98,19,222,467,,,460,16,91,187,700,164,264,506,55,,377,,,,,,256,,,,,381,,,,,183,157,,,,,,,247,,,303,,637,,319,,125,,256,,,,,,,,,,,,,,,,,,,,,,,,,69,,263,16,,777,,,,,,,,202,,203,,,,,,,60,,,,,75,,,,,,,,,,,,,,19,129,,,,,,341,,9,80,,,,,45,,,,,106,,,,,,,,,,72,,,,,,190,225,110,,209,146,314,,12,45,,233,189,226,408,225,203,372,76,,131,197,29,,1010,,,,336,,,,,,,,,,44,,,194,95,40,11,,,,443,,,,,336,,,268,,,,,,,,,,,,,,,,,,,,,,,,223,96,,,57,61,56,32,383,322,,,232,149,,138,,,,,122,204,162,0,80,110,152,,28,,282,,,35,10,,267,62,1110,233,,124,145,108,,,,,,,,,,,,,,,,,,,,,,,,166,,,,,,,,,,,95,,,,,,,46,,,,97,,,,141,142,,106,512,197,86,387,90,58,,123,,42,,152,,,,,339,,,,,305,,153,,,,,,,,,,,,,,,,,,,,,,,,,,,,,,,,,,215,,126,422,41,270,289,96,,148,319,297,,287,,,67,69,,175,453,302,,,,,,,503,,,464,,152,,,,283,
2026-08-06T07:45:01+00:00,,,,,486,38,,189,271,335,,205,221,,,91,,,,,142,391,189,369,329,,99,,,,851,21,9,70,244,,237,,,143,,,91,,27,,,,,136,,307,19,,,15,44,,45,,165,16,81,114,,,88,,16,130,,,,,,,,322,141,230,132,102,202,,186,,,,,,,,,,,,,,,,,,,,,,,,,,,,,,,,,92,185,689,161,263,,,,,,,,,,,,,,,,,,,,,,,,,,,,240,,,302,,633,,313,,123,,254,,,,,,,,,,,,,267,380,994,348,118,250,109,121,,214,278,71,62,,258,16,56,763,,,,,,,,,,,,,,,,,,,,19,,72,,,,,,,,,,,,,,,118,,,,,,338,,,81,,,,,39,,,,,,,,,,,,,,,71,,,,,,189,214,108,117,204,140,311,,6,44,7,230,180,,400,,201,367,,,133,193,,,1009,,,,335,,,,,,,,,,45,,,,94,36,10,,,,445,,,,,335,,,264,,,,,,,,,,,,21,,,,,,,,,,,,220,94,2,94,56,,57,28,381,314,,,236,,35,,,,,68,,196,161,,,106,151,44,24,,279,,,33,,241,263,60,1105,229,,122,144,99,,,,,,,,,,,,,,,,,,,,,,603,,164,,695,,151,217,401,,339,,,,104,,,,,,45,,,214,,126,139,48,136,138,177,104,504,193,75,378,91,53,,,,,,,,,,,,,,,,,,,,,,,,,,,,,,,,,,,,,,,,,,,,,,,,,,,,211,133,124,416,,268,288,95,533,147,314,,,290,,,65,67,,171,452,300,,,,,,,500,,,455,,153,,,,278,
2026-08-06T07:50:02+00:00,129,194,,,480,36,,180,262,334,,199,214,,,89,,,,,135,,183,367,325,,100,,,21,848,20,10,68,245,,233,,,,139,,,,,,,,,135,,308,,,,,,,40,,,15,,110,83,233,89,19,,,,,262,,,,166,,,,,,,,,,254,91,182,219,155,155,452,,237,,264,246,145,19,,45,226,362,,608,67,625,173,96,16,218,450,,,,,,,,,,,,,,,,,,,243,,,,,378,,,,,181,151,,,,,,,,,,,,,,,,,,,,,,,,,,,,,,,,,,,,,,,,,,,58,,249,16,52,746,,,,,,,,200,,,,,,,,,58,,,,,71,,,,,,,,,,,,,,18,110,,,,,,335,,7,79,,,,,31,,,,,105,,,,,,,,,,,,,,,,,199,99,116,202,135,301,,,43,,226,164,223,393,,195,359,75,,125,185,26,,1010,,,,334,,,,,,,,,,,,,,96,,9,,,,444,,,,,330,,,263,,,,,,,,,,,,22,,,,,,,,,,,,,,4,93,,,,25,379,313,,,231,146,37,136,,,,67,121,187,159,1,78,107,,45,23,116,277,,137,,,240,258,,1099,219,,,,93,,,,,,,,,,,,,,,,,,,,,,592,75,158,,697,,146,215,393,308,338,,,94,103,,,,,,42,,,209,,124,137,49,123,136,171,102,488,189,70,369,,45,,115,,43,,148,,,,,329,,,,,299,,152,,,,,,,,,,,,,,,,,,,,,,,,,,,,,,,,,,208,134,123,413,43,254,287,,532,146,311,299,,288,,,,65,,168,450,301,,,,,,,497,119,,448,,150,57,,,,
2026-08-06T07:55:01+00:00,124,,,,481,35,,173,252,331,,191,207,,,,,,,,132,392,179,361,319,,98,,,,849,,9,67,247,,231,,8,142,,,93,,,,,,,,,307,,,,20,,,38,,164,14,106,104,,232,,18,,,,,255,,,125,168,315,127,212,124,,195,,185,,,87,174,209,,153,445,16,,207,250,244,142,18,,43,225,350,,607,65,619,169,99,,219,449,,,,15,95,178,673,157,259,,51,,374,,,,,,,,,,,,,,,,,,,,,,,,234,,,301,,619,,301,,120,,240,,,,,,,,,,,,,,383,990,342,117,247,107,,159,212,270,66,53,,248,16,47,732,,,,,,,,198,,201,,,,,,,56,,,21,,70,,,,,,,,,,,,,,17,106,,,,,,337,,6,,,,,,21,,,,,106,,,,,58,,,,,72,,,,,,,184,,,196,129,295,,5,,,225,152,221,379,,196,358,73,,121,,28,,1011,,,,331,,,,,,,,,,,,,191,97,33,10,,,,443,,,,,323,,,257,,,,,,,,,,,,,,,,,,,,,,,,215,92,5,94,53,,59,,375,302,,,228,148,35,133,15,,4,66,117,178,156,0,77,105,147,44,18,115,272,38,135,34,3,232,249,59,1086,213,,120,141,74,,,,,,,,,,,,,,,,,,,,,,588,,,,699,,144,216,386,309,,,,95,101,,,,,,43,,,208,,118,134,42,117,130,172,96,481,184,61,359,87,29,,112,,42,,145,,,,,317,,,,,292,,148,,,,,,,,,,,,,,,,,,,,,,,,,,,,,,,,,,205,133,122,409,41,247,284,93,530,143,309,,,,,143,67,,,167,,299,,,,,,,493,,,442,,,56,,,,
2026-08-06T08:00:01+00:00,122,193,,,467,34,,162,241,329,,189,202,,,88,,,,,128,,177,358,309,,96,,,18,839,21,10,68,,,224,,,141,142,,95,,26,,,,,134,,308,18,107,,,,,33,,165,13,99,100,,,87,16,,131,,,,,,124,169,,,,,,,,,,,,,,,,,,,,,,,,,,,,,,,,,,,,,,,,,,,,,,,,,,,,,,,232,,,,,379,,,,,171,148,,,,,,,,,,,,,,,,,,,,,,,,,,,,,,,,,,,,,,,,,,,47,,240,16,48,711,,,,,,,,196,,200,,,,,,,55,,,,,69,,,,,,,,,,,,,,,99,,,,,,330,,7,78,153,,,,14,,,,,107,,,,,57,,,,,71,,,,,,187,175,95,,195,125,288,,3,42,,221,140,218,366,,194,353,,,119,181,,,1009,,,,332,,,,,,,,,,43,,,193,95,30,,,,,441,,,,,317,,,259,,,,,,,,,,,,21,,,,,,,,,,,,217,94,3,93,48,59,60,30,372,284,,,226,141,36,131,,,,64,,163,149,,,103,,45,19,117,270,,134,,,,,60,,,,,,,,,,,,,,,,,,,,,,,,,,,,578,,154,,,,142,215,380,,335,,,96,100,,,,,,41,,,199,99,117,131,28,116,,174,95,469,177,57,328,,23,,,,,,,,,,,,,,,,,,,,,,,,,,,,,,,,,,,,,,,,,,,,,,,,,,,,203,,118,401,40,231,278,92,529,142,300,,,287,,142,,,,165,449,,,,,,,,488,,,436,,148,54,,,258,
2026-08-06T08:05:01+00:00,121,191,,,458,32,,146,227,,,183,195,,,,,,,,127,389,173,357,308,,,,,19,831,,9,69,,,218,,,,141,,96,,,,,,,,,306,16,,,22,42,,28,,,,96,98,,,89,14,,130,,,,,,,168,314,115,195,120,93,191,,,,256,72,163,199,152,154,429,13,,206,234,242,124,,116,41,221,328,154,602,63,605,156,,14,215,427,,,459,12,93,167,660,148,254,498,,,368,,,,,,,,,,,,,,,,,,,,,,,,225,,,298,,603,,267,,114,,231,,,,,,,,,,,,,266,384,978,333,115,236,105,117,,203,254,57,46,,237,16,45,693,,,,,,,,192,,199,,,,,,,58,,,20,,67,,,,,,,,,,,,,,16,90,,,,,,324,,0,0,,,,,9,,,,,106,,,,,0,,,,,,,,,,,,157,,,191,121,277,,-8,36,,212,132,219,369,,193,345,71,,114,177,24,,1008,,,,331,,109,,,,,,,,,,,192,94,28,,,,,,,,,,,,,258,,,,,,,,,,,,,,,,,,,,,,,,216,92,,92,42,,57,33,371,282,,,225,146,35,,,,,63,118,156,147,,,102,,44,18,116,268,,,30,0,225,232,,1062,193,,,140,67,,,,,,,,,,,,,,,,,,,,,,574,76,150,,693,,,213,371,308,,,,94,,,,,,,45,,,195,,114,129,18,106,132,177,91,454,175,48,315,86,16,,105,,38,,142,,,,,302,,,,,279,,143,,,,,,,,,,,,,,,,,,,,,,,,,,,,,,,,,,199,,116,393,39,221,274,91,530,131,290,295,,,,,,,,164,447,300,,,,,,,,,,431,,145,53,,,255,
2026-08-06T08:10:01+00:00,119,192,55,,454,31,,129,222,325,,179,194,,,86,,,,,125,390,168,351,301,,97,,,18,820,,8,68,248,,208,,,140,,,98,,,,,,,,,307,,,,,,,18,,,,98,95,,,,13,,,,,254,,,,169,,,,,,,,,,257,64,153,,150,151,420,9,,,214,241,105,16,,32,208,293,,596,64,594,148,95,13,207,402,,,455,10,,,,,,,,,,,,,,,227,,,,,377,,,,,166,145,,,,,,,,,,,,,,,,,,,,,,,,,,,,,,,,,,,,,,,,,,,38,,235,16,40,671,,,,,,,,191,,195,,,,,,,59,,,19,,,,,,,,,,,,,,,,14,70,,,,,,319,,4,77,151,,,,8,,,,,,,,,,56,,,,,,,,,,,,154,91,,188,116,271,,2,35,,213,113,214,353,224,,337,,,109,172,26,,,,,,328,,108,,,,,,,,42,,,191,92,29,8,,,,,,,,,313,,,249,,,,,,,,,,,,20,,,,,,,,,,,,203,87,4,93,37,,,30,365,266,,,228,145,34,129,,,,64,,142,132,,,105,139,42,15,119,269,,133,29,,,,,,,,,,,,,,,,,,,,,,,,,,,,,,,,564,74,142,,692,,140,212,365,,333,,,,99,,,,,,44,,,196,100,115,128,9,102,,176,85,437,169,41,298,87,10,,,,,,,,,,,,,,,,,,,,,,,,,,,,,,,,,,,,,,,,,,,,,,,,,,,,195,,114,383,35,217,271,90,528,122,282,293,,,,,68,62,,,,301,,,,,,,484,,,422,,139,,,,,
2026-08-06T08:15:01+00:00,115,190,,,445,30,,124,214,324,,175,186,,,85,,,,,122,388,165,352,294,,,,,,815,,5,,249,,204,,7,,,,99,,27,,,,,133,,308,,108,,21,,,8,,166,12,99,93,84,233,88,14,,,,,256,,,121,168,312,103,173,112,90,185,,186,,,,,,,,,,,,,,,,,,,,,,,,,,,,,,,,,100,158,638,143,250,497,50,,362,,,,,,225,,,,,374,,,,,164,,,,,,,,206,,,293,,589,,235,,111,,227,,,,,,,,,,,,,,,975,330,114,,107,,,201,246,49,31,,224,16,39,651,,,,,,,,187,,198,,,,,,,55,,,18,,66,,,,,,,,,,,,,,13,72,,,,,,312,,,,149,,,,,,,,,,,,,,,,,,,70,,,,,,,143,,115,186,,260,,-4,32,,201,108,213,350,223,192,339,,,,173,24,,,,,,323,,,,,,,,,,43,,,193,90,27,,,,,,,,,,309,,,246,,,,,,,,,,,,21,,,,,,,,,,,,208,,,,35,58,,29,362,262,,,229,142,32,128,,,,65,,141,128,,,102,140,,14,,,,,,,224,225,,1050,185,,119,137,61,,,,,,,,,,,,,,,,,,,,,,556,,140,,,,135,208,354,310,335,,,93,,,,,,,43,,,193,,107,,,98,133,177,83,415,165,35,281,89,8,,102,,35,,141,,,,,296,,,,,274,,147,,,,,,,,,,,,,,,,,,,,,,,,,,,,,,,,,,,,115,382,36,211,265,,526,116,273,,,285,,141,67,61,,159,441,300,,,,,,,482,,,413,,,52,,,237,
2026-08-06T08:20:01+00:00,111,191,,,437,32,,119,210,,,179,182,,,,,,,,112,390,161,347,285,,,,,,811,,0,69,250,,199,,8,139,,,101,,,,,,,,,306,,109,,22,,,5,,,11,98,92,,,,13,,131,,,,,,120,170,,,,,,,,,,254,62,147,198,145,,413,,,,205,,98,17,,30,209,282,,,62,583,146,,12,,398,,,456,7,,,,,,,,,,,,,,,,,,,,,,,,,,,,,,,,,192,,,295,,576,,216,,112,,215,,,,,,,,,,,,,,,,,,,,,,,,,26,,225,16,35,632,,,,,,,,,,195,,,,,,,54,,,,,,,,,,,,,,,,,,,,70,,,,,,304,,6,76,148,,,,9,,,,,105,,,,,,,,,,,,,,,,,133,93,112,181,114,251,,-3,28,,196,91,209,343,222,194,334,,,106,172,21,,1006,,,,315,,,,,,,,,,,,,,82,29,7,,,,447,,,,,303,,,243,,,,,,,,,,,,20,,,,,,,,,,,,,86,6,92,36,,,28,352,246,,,231,,31,123,,,,66,,132,116,,,101,138,41,11,,267,37,135,,,221,213,61,1042,180,,118,136,51,,,,,,,,,,,,,,,,,,,,,,549,75,,,689,,133,210,334,308,336,,,90,,,,,,,37,,,189,97,103,,21,88,134,176,80,399,162,27,271,,7,,,,,,,,,,,,,,,,,,,,,,,,,,,,,,,,,,,,,,,,,,,,,,,,,,,,193,,114,377,,208,259,88,524,114,270,292,,284,,139,65,60,,,438,297,,,,,,,,,,401,,135,,,,,
2026-08-06T08:25:02+00:00,112,187,,,435,34,,113,205,321,,166,176,,,84,,,,,109,389,156,,278,,,,,,808,,,67,,,198,,,137,,,102,,,,,,,131,,304,,110,,21,,,8,,167,,94,91,,,87,6,,130,,,252,,,118,169,309,84,165,99,86,178,,,,,,,,,,,,,,,,,,,,,,,,,,,,,,,,,,,97,145,614,128,248,499,49,,358,,,,,,223,,,,,375,,,,,158,136,,,,,,,,,,,,,,,,,,,,,,,,,,,,,,,267,383,971,320,115,,98,,158,199,248,41,19,,222,16,33,604,,,,,,,,188,,,,,,,,,55,,,,,65,,,,,,,,,,,,,,11,69,,,,,,290,,5,70,149,,,,8,,,,,103,,,,,,,,,,69,,,,,,184,130,92,111,173,112,243,,-1,,,194,88,206,338,220,197,330,,,105,168,22,,,,,,,,106,,,,,,,,40,,,194,83,27,9,,,,442,,,,,299,,,,,,,,,,,,,,,,,,,,,,,,,,,203,85,5,93,34,,56,24,346,239,,,229,,32,119,,,,,117,124,104,,76,102,132,42,13,,,,,27,,219,202,59,1013,157,,117,,44,,,,,,,,,,,,,,,,,,,,,,540,,134,,688,,132,211,327,306,,,,88,97,,,,,,,,,,95,98,124,17,69,136,,75,373,159,21,267,87,6,,97,,36,,138,,,,,281,,,,,262,,148,,,,,,,,,,,,,,,,,,,,,,,,,,,,,,,,,,192,131,113,375,,201,255,87,520,107,269,289,,,,,64,59,,156,,296,,,,,,,479,,,393,,132,,,,225,
2026-08-06T08:30:01+00:00,106,186,,172,427,32,,106,195,318,,156,171,,,82,,,,,108,,150,346,275,,98,,,,800,,,,252,,194,,,136,,,104,,,,,,,128,,301,,,,24,,,4,,166,,97,88,,,86,5,,,,,248,,,,171,,,,,,,,,,,49,136,187,143,152,401,,236,,185,244,88,16,114,25,210,256,,592,61,555,143,94,11,205,388,,,458,9,,,,,,,,,,,,,,,226,,,,,,,,,,,134,,,,,,,188,,,296,,571,,209,,111,,213,,,,,,,,,,,,,,,,,,,,,,,,,11,,215,16,29,582,,,,,,,,183,,194,,,,,,,54,,,16,,64,,,,,,,,,,,,,,,58,,,,,,271,,3,64,150,,,,12,,,,,102,,,,,,,,,,,,,,,,185,125,93,,168,113,241,,,26,,192,82,203,341,,,,,,98,163,,,1004,,,,314,,107,,,,,,,,,,,196,80,29,7,,,,443,,,,,291,,,237,,,,,,,,,,,,21,,,,,,,,,,,,204,86,6,91,32,56,,18,343,241,37,41,230,141,,116,,,,67,,119,97,,77,,130,43,8,120,268,,,26,,,,,,,,,,,,,,,,,,,,,,,,,,,,,,,,,,,,,,,,,,,,,,,,,,,,,,,,,,,,,,,71,347,156,19,250,89,8,35,94,288,34,65,135,33,164,120,285,282,186,0,229,59,258,,,171,0,,,,,,,,,,,,,,,,,,,,,,,,,,,,,,,,187,132,112,373,,205,249,84,518,102,264,287,,282,,,63,58,,153,434,291,,,,,,,478,,,380,,129,,,,,
2026-08-06T08:35:02+00:00,107,181,,,418,,,94,196,314,,150,167,,,81,,,,,99,,144,341,265,,97,,,,797,20,,66,,,189,,,134,142,,105,,,,,,,127,,300,15,108,,23,,,2,,,,95,87,,,85,,15,,,,,,,117,169,,77,148,102,,171,,,,,,,,,,,,,,,,,,,,,,,,,,,,,,,,,,,,,,,,,,,,,,,,,,,,,,,,,,,,,,,,,,,,,,,,,,,,,,,,,,,,,,,,,,,268,389,958,307,,233,,,157,,244,35,10,,216,16,21,564,,,,,,,,181,,193,,,,,,,,,,17,,,,,,,,,,,,,,,,,54,,,,,,,,5,,149,,,,8,,,,,104,,,,,55,,,,,,,,,,,184,113,94,109,166,109,228,,0,24,6,194,68,200,331,221,200,,72,,96,159,,,1005,,,,308,,106,,,,,,,,39,,,195,78,30,,,,,438,,,,,287,,,,,,,,,,,,,,,20,,,,,,,,,,,,202,,3,,28,,,17,339,235,,,229,142,,115,14,,,65,,104,89,,,98,126,,4,115,267,36,,25,,221,180,60,1002,144,,,137,37,,,,,,,,,,,,,,,,,,,,,,527,,132,,689,,131,208,312,,337,,,86,96,,,,,,39,,,187,96,91,120,9,63,135,177,70,330,155,9,252,91,10,,,,,,,,,,,,,,,,,,,,,,,,,,,,,,,,,,,,,,,,,,,,,,,,,,,,184,,,369,35,198,247,85,514,97,,285,,,,,,57,,154,429,288,,,,,,,476,118,,373,,,50,,,213,
2026-08-06T08:40:01+00:00,108,180,,,407,,,,192,310,,142,162,,,82,,,,,,392,143,343,264,,,,,,791,,,,249,,183,,,133,139,,107,,26,,,,,128,,,14,109,,24,41,,0,,,,,90,83,,,2,,,,,251,,,,172,,,,,,,,,,250,38,124,178,138,151,380,,,,166,241,74,18,,21,206,232,153,583,59,540,127,,7,202,380,,,456,8,,,,,,,,,,,,,,,211,,,,,374,,,,,153,137,,,,,,,181,,,298,,564,,191,,105,,209,,,,,,,,,,,,,,,,,,,,,,,,,9,,208,16,17,549,,,,,,,,183,,189,,,,,,,53,,,16,,63,,,,,,,,,,,,,,10,44,,,,,,269,,8,65,,,,,10,,,,,,,,,,54,,,,,68,,,,,,,104,89,108,162,107,224,,1,21,,192,63,194,314,219,197,327,,,99,151,,,,,,,305,,104,,,,,,,,37,,,191,76,,8,,,,436,,,,,284,,,232,,,,,,,,,,,,21,,,,,,,,,,,,197,85,5,90,25,,,15,338,233,,,228,141,,,,,,66,,101,83,,,99,125,45,6,,,,,27,,219,172,,983,140,,116,138,18,,,,,,,,,,,,,,,,,,,,,,524,,131,,,,,,,,,,,87,94,,,,,,36,,,184,95,,119,,53,131,,61,302,154,3,247,93,0,34,91,287,33,56,,34,167,106,281,276,185,,217,56,251,,142,155,,,,,,,,,,,,,,,,,,,,,,,,,,,,,,,,,182,133,110,364,33,190,239,83,511,93,258,,,283,,140,62,,,152,423,285,,,,,,,473,117,,361,,128,49,,,,
2026-08-06T08:45:02+00:00,105,179,56,,397,33,,,188,306,,137,155,,,,,,,,101,391,,341,258,,94,,,,,19,,63,250,,181,,,,140,,109,,,,,,,,,,,,,25,,,,,167,,98,91,82,,,0,,,,,253,,,113,173,301,66,129,,87,167,,,,249,33,103,168,131,152,352,7,234,203,148,,61,,,20,207,206,154,579,58,527,131,93,4,201,373,,,458,,96,132,564,112,236,492,46,,356,,,,,,,,,,,,,,,,,,,,,,,,,,,,,,,,,,,,,,,,,,,,,,,,,390,947,301,,,100,116,,192,243,23,5,,197,16,9,535,,,,,,,,184,,191,,,,,,,54,,,,,62,,,,,,,,,,,,,,,49,,,,,,261,,9,62,,,,,13,,,,,105,,,,,,,,,,,,,,,,,93,90,110,153,100,205,,-2,15,,186,51,,312,218,195,321,73,,100,147,23,,,,,,306,,102,,,,,,,,38,,,193,72,28,,,,,438,,,,,281,,,229,,,,,,,,,,,,23,,,,,,,,,,,,,86,,86,19,55,,14,,220,,,227,135,34,,,,,65,,89,74,1,,103,122,44,11,,266,,134,,,215,166,,980,138,,114,139,14,,,,,,,,,,,,,,,,,,,,,,519,72,132,,688,,130,205,295,307,,,,,93,,,,,,33,,,181,,,115,,52,119,,56,276,143,0,246,91,2,36,87,284,34,52,133,35,169,99,280,272,184,,208,,248,,141,148,,,,,,,,,,,,,,,,,,,,,,,,,,,,,,,,,181,,109,361,31,188,233,,508,94,252,282,,,,139,60,56,,150,422,,,,,,,,467,,,358,,124,47,,,198,
2026-08-06T08:50:01+00:00,101,178,,171,386,31,,,179,304,,127,142,,,81,,,,,102,389,140,340,245,,,,,17,790,20,,61,251,,176,,,130,139,,,,25,,,,,125,,297,,,,24,38,,,,165,9,96,86,,,,,14,,,,250,,,114,,299,61,130,100,82,168,,,,,,,,,,,,,,,,,,,,,,,,,,,,,,,,,,,94,129,557,111,228,489,48,,353,,,,,,207,,,,,,,,,,146,138,,,,,,,171,,,292,,547,,179,,100,,202,,,,,,,,,,,,,,,,,,,,,,,,,0,,190,16,8,511,,,,,,,,185,,188,,,,,,,,,,14,,63,,,,,,,,,,,,,,9,48,,,,,,251,,11,63,148,,,,11,,,,,,,,,,52,,,,,,,,,,,186,83,85,111,148,101,195,,5,13,,185,45,191,303,,194,316,74,,90,145,21,,,,,,304,,101,,,,,,,,37,,,,71,,,,,,437,,,,,275,,,,,,,,,,,,,,,,,,,,,,,,,,,,85,,,20,,,12,337,216,,,226,130,33,111,13,,,64,116,82,69,0,78,107,120,,12,114,265,,133,26,,,,58,,,,,,,,,,,,,,,,,,,,,,,,,,,,513,,122,,,,,198,280,306,,,,89,92,,,,,,,,,180,96,86,116,,39,112,173,,,,,,,,,,,,,,,,,,,,,,,,,,,,,,,,,,,,,,,,,,,,,,,,,,,,,,,,,,,179,134,107,359,30,185,230,78,507,86,242,280,,282,,138,58,51,,149,420,281,,,,,,,464,,,353,,,45,,,,
2026-08-06T08:50:02+00:00,,,,,,,,,,,,,,,,,,,,,,,,,,,,,,,,,,,,,,,,,,,,,,,,,,,,,,,,,,,,,,,,,,,,,,,,,,,,,,,,,,,,,,,,,,,,,,,,,,,,,,,,,,,,,,,,,,,,,,,,,,,,,,,,,,,,,,,,,,,,,,,,,,,,,,,,,,,,,,,,,,,,,,,,,,,,,,,,,,,,,,,,,,,,,,,,,,,,,,,,,,,,,,,,,,,,,,,,,,,,,,,,,,,,,,,,,,,,,,,,,,,,,,,,,,,,,,,,,,,,,,,,,,,,,,,,,,,,,,,,,,,,,,,,,,,,,,,,,,,,,,,,,,,,,,,,,,,,,,,,,,,,,,,,,,,,,,,,,,,,,,,,,,,,,,,,,,,,,,,,,,,,,,,,,,,,,,,,,,,,,,,,,,,,,,,,,,,,,,,,,,,,,,,,,,,,,,,,,,,,,,,,,,,,,,,,,,,,,,,46,247,139,,236,88,9,,,,,,,,,,,,,,,,,,,,,,,,,,,,,,,,,,,,,,,,,,,,,,,,,,,,,,,,,,,,,,,,,,,,,,,,,,,,,,,,,,,,,,,,,,
2026-08-06T08:55:01+00:00,103,177,,,387,30,,,177,,,122,139,,,,,,,,103,392,,332,247,,92,,,,787,,,62,250,,166,,,128,137,,,,,,,,,,,298,,108,,25,,,,,164,8,91,105,,,86,,,128,,,249,,,113,174,297,50,125,102,83,165,,,,,31,,160,130,,345,,233,202,144,242,57,19,,16,201,194,,,56,522,128,92,1,195,375,,,457,,,,,,,,,,,,,,,,,,,,,,,,,,,,,,,,,,,,,,,,,,,,,,,,,,,,,,,,,,269,392,950,286,,232,,117,,,252,16,,,189,16,6,485,,,,,,,,182,,185,,,,,,,53,,,15,,62,,,,,,,,,,,,,,8,,,,,,,250,,10,59,147,,,,10,,,,,104,,,,,53,,,,,67,,,,,,184,76,80,109,,98,180,,7,3,,183,46,,298,217,189,314,75,,85,143,19,,,,,,303,,99,,,,,,,,35,,,192,70,30,,,,,436,,,,,267,,,225,,,,,,,,,,,,22,,,,,,,,,,,,195,,4,,21,53,55,14,336,217,,,228,128,31,,,,,,115,79,,2,,105,,,9,,,37,,23,,,153,57,966,120,,113,142,1,,,,,,,,,,,,,,,,,,,,,,,,120,,,,,,,,,,,86,91,,,,,,,,,179,97,,114,,,111,,40,228,131,1,228,89,7,39,85,278,28,45,127,31,177,94,274,261,183,,201,55,246,,134,132,,,,,,,,,,,,,,,,,,,,,,,,,,,,,,,,,177,,106,348,,179,228,,510,,240,278,,281,,139,54,,,143,419,279,,,,,,,460,,,345,,123,,,,185,
2026-08-06T09:00:02+00:00,98,,,,382,29,,91,178,303,,113,132,,,82,,,,,,389,132,333,233,,,,,,779,,,65,252,,163,,,126,136,,,,24,,,,,,,300,,107,,26,36,,,,165,7,86,103,,,89,,13,127,,,,,,,173,,,,,,,,,,248,29,93,157,,158,333,9,236,204,130,243,55,18,115,11,197,177,,580,54,507,120,90,,193,360,,,460,,95,124,545,105,224,,50,,352,,,,,,194,,,,,373,,,,,140,,,,,,,,,,,,,536,,174,,89,,199,,,,,,,,,,,,,,,,,,,,,,,,,,,182,16,,470,,,,,,,,181,,183,,,,,,,54,,,,,,,,,,,,,,,,,,,7,46,,,,,,260,,,60,,,,,9,,,,,105,,,,,54,,,,,,,,,,,183,60,76,108,,99,168,,6,2,,188,47,,290,219,186,310,74,,,137,22,,1008,,,,300,,98,,,,,,,,,,,191,67,26,5,,,,437,,,,,263,,,223,,,,,,,,,,,,20,,,,,,,,,,,,197,84,5,82,,50,56,19,332,215,,,226,127,33,112,12,,5,63,,73,71,0,77,106,121,,,112,267,,,19,,214,143,58,948,107,,111,144,0,,,,,,,,,,,,,,,,,,,,,,505,,112,,,,131,196,274,304,,,,85,92,,,,,,34,,,178,98,80,,,38,113,172,30,187,124,0,220,87,3,38,80,277,26,39,,,173,87,267,257,181,,197,,243,,130,128,,,,,,,,,,,,,,,,,,,,,,,,,,,,,,,,,175,,105,343,25,172,223,79,507,76,242,,,280,,140,55,,,137,422,280,,,,,,,453,,,334,,122,43,,,,
2026-08-06T09:05:01+00:00,95,175,,,380,27,,88,177,298,,106,126,,,80,,,,,105,384,,,230,,,,,18,769,,,,253,,158,,,127,137,,110,,25,,,,,,,,13,,,27,37,,,,166,,82,101,,,91,,11,,,,,,,115,,294,46,121,,84,158,,,,246,31,87,,,159,327,,234,,125,244,49,17,,5,196,171,155,582,50,497,119,91,,191,358,,,459,,96,113,547,100,221,,,,350,,,,,,196,,,,,372,,,,,,137,,,,,,,154,,,289,,535,,169,,,,195,,,,,,,,,,,,,,394,949,273,116,230,97,115,156,195,257,93,,,181,16,1,453,,,,,,,,183,,181,,,,,,,58,,,,,61,,,,,,,,,,,,,,6,45,,,,,,254,,7,57,145,,,,,,,,,104,,,,,,,,,,66,,,,,,182,54,79,106,138,,161,,9,4,,,42,194,292,220,182,303,,,83,135,21,,1007,,,,301,,99,,,,,,,,34,,,188,66,25,,,,,436,,,,,255,,,222,,,,,,,,,,,,19,,,,,,,,,,,,196,83,,79,16,52,,17,327,210,,,224,119,34,111,,,,62,,60,69,1,76,110,120,42,3,113,265,,,20,,211,139,57,941,100,,109,142,,,,,,,,,,,,,,,,,,,,,,,501,,114,,687,,129,,257,299,336,,,81,90,,,,,,36,,,176,,76,113,,35,114,173,26,153,112,,206,,7,,,,,,,,,,,,,,,,,,,,,,,,,,,,,,,,,,,,,,,,,,,,,,,,,,,,172,135,103,337,24,171,220,,505,69,235,275,,278,,138,53,52,,136,425,279,,,,,,,448,,,329,,120,42,,,,
2026-08-06T09:10:01+00:00,,176,,,384,23,,90,175,299,,103,124,,,74,,,,,100,382,130,327,222,,93,,,,758,,,,252,,154,,,126,135,,112,,,,,,,,,298,,108,,26,,,,,,,76,100,83,232,92,,,128,,,247,,,114,,,,,,,,,,,,,,,,,,,,,,,,,,,,,,,,,,,,,,,,,,,,,,,,,,,,,,,,,,,,,,,,,,,,,,,,,,,,,,,,,,,,,,,,,,,,,,,,,,,,,,,,,,,,,,,,178,16,0,428,,,,,,,,184,,180,,,,,,,,,,,,,,,,,,,,,,,,,,,40,,,,,,,,,61,144,,,,,,,,,105,,,,,55,,,,,65,,,,,,,39,80,104,,101,149,,3,2,,187,40,,297,217,183,,75,,85,137,19,,1008,,,,299,,100,,,,,,,,,,,,62,28,6,,,,432,,,,,251,,,218,,,,,,,,,,,,,,,,,,,,,,,,194,82,8,82,14,,55,15,326,208,,,,116,,113,,,,,116,55,67,0,77,109,115,,,,263,34,,,,,,,,,,,,,,,,,,,,,,,,,,,,,,,,,,499,71,111,,,,,,,,,,,77,,,,,,,,,,178,,,109,,30,108,,10,122,102,1,204,90,5,39,75,274,30,42,128,29,168,85,258,243,178,,187,54,229,,131,114,,,,,,,,,,,,,,,,,,,,,,,,,,,,,,,,,168,,102,333,22,160,223,78,501,67,223,274,,276,,137,52,54,,126,426,276,,,,,,,446,,,322,,119,41,,,170,
2026-08-06T09:15:02+00:00,92,177,,,380,22,,92,168,303,,107,120,,,71,,,,,98,,131,325,214,,92,,,15,750,19,,64,248,,,,,,138,,111,,,,,,,,,,,,,,,,,,167,6,72,97,84,,93,,,,,,,,,,171,295,41,120,93,89,152,,,,,34,83,156,129,,326,,,,112,242,36,18,,3,194,161,,,,494,113,96,,190,354,,1,,7,94,104,528,98,215,487,49,,341,,,,,,192,,,,,370,,,,,142,135,,,,,,,158,,,293,,537,,143,,86,,194,,,,,,,,,,,,,,397,950,269,,231,92,114,154,194,252,95,5,,181,16,,413,,,,,,,,183,,177,,,,,,,59,,,16,,60,,,,,,,,,,,,,,,39,,,,,,263,,,64,145,,,,17,,,,,,,,,,54,,,,,64,,,,,,180,35,79,102,135,102,144,,0,-1,,190,41,197,303,,184,306,,,87,134,21,,,,,,294,,98,,,,,,,,33,,,187,,27,4,,,,431,,,,,246,,,215,,,,,,,,,,,,,,,,,,,,,,,,192,78,7,81,18,54,,22,321,190,,,225,114,33,111,11,,,,,48,,,79,,114,41,,110,,33,,21,,,147,55,915,91,,104,145,2,,,,,,,,,,,,,,,,,,,,,,495,,107,,685,,126,197,251,,334,,,,,,,,,,,,,177,100,67,108,,17,104,170,2,93,84,0,200,89,14,36,,270,,41,127,26,169,78,260,235,172,,177,,225,,134,113,,,,,,,,,,,,,,,,,,,,,,,,,,,,,,,,,166,,101,329,19,151,,,499,60,220,,,277,,,51,,,125,425,275,,,,,,,438,,,320,,116,,,,,
2026-08-06T09:20:01+00:00,91,179,,,378,23,,91,158,,,110,114,,,,,,,,96,381,130,324,210,,90,,,16,745,20,,,,,151,,,128,,,114,,,,,,,,,297,,,,,,,,,,,70,87,,,,,,129,,,,,,113,172,,,,,,,,,,,,,,,,,,,,,,,,,,,,,,,,,,,,,,,,,,,,,,,,,,,,,,,,,,,,,,,,,,,,,,,,,,,,,,,,,,,,,,,,,,,,,,,,,,,,,,,,,,,,,,,,,,,,,,,,,,,,,,,,,,,,,,,,,,,,,,,,,,,,,,,,,,,,,,,,,,,,,,,,,,,,,,,,,,,,,,,,,,,,,,,,,,,,,194,,200,301,,179,303,76,,80,127,20,,1009,,,,,,,,,,,,,,,,,,,,,,,,,,,,,,,,,,,,,,,,,,,,,,,,,,,,,,,,,,,,,,,,,,,,,,,,,,,,,,,,,,,,,,,,,,,,,,,,,,,,,,,,,,,,,,,,,,,,,,,,,493,72,102,,682,,124,195,234,300,335,,,75,,,,,,,,,,175,103,54,103,,22,107,173,,,,,,,,,,,,,,,,,,,,,,,,,,,,,,,,,,,,,,,,,,,,,,,,,,,,,,,,,,,167,134,,327,18,145,217,,,56,221,272,,273,,136,50,55,,123,429,276,,,,,,,,,,312,,114,42,,,151,
2026-08-06T09:20:02+00:00,,,,,,,,,,,,,,,,,,,,,,,,,,,,,,,,,,,,,,,,,,,,,,,,,,,,,,,,,,,,,,,,,,,,,,,,,,,,,,,,,,,,,,,245,36,82,154,127,158,329,,233,205,103,241,29,20,,7,196,147,154,580,47,489,108,97,,191,365,,,461,,93,97,517,93,214,484,50,,333,,,,,,191,,,,,371,,,,,141,138,,,,,,,159,,,,,533,,138,,82,,191,,,,,,,,,,,,,,,,,,,,,,,,,0,,175,16,2,388,,,,,,,,184,,180,,,,,,,58,,,14,,59,,,,,,,,,,,,,,,31,,,,,,259,,8,65,,,,,14,,,,,,,,,,52,,,,,65,,,,,,173,26,74,,133,101,139,,9,0,,,,,,,,,,,,,,,,,,,284,,,,,,,,,,,,,184,60,,,,,,429,,,,,236,,,213,,,,,,,,,,,,,,,,,,,,,,,,193,80,8,82,16,,,27,320,188,,,224,113,34,110,,,,63,,44,63,,,108,116,40,,105,,32,132,22,,209,156,56,898,94,,98,148,4,,,,,,,,,,,,,,,,,,,,,,,,,,,,,,,,,,,,,,,,,,,,,,,,,,,,,0,64,79,,179,87,6,,,,,,,,,,,,,,,,,,,,,,,,,,,,,,,,,,,,,,,,,,,,,,,,,,,,,,,,,,,,,,,,,,,,,,,,,,,,,,,,,,,,,,,,,,
2026-08-06T09:25:01+00:00,,,,,372,27,,76,157,296,,117,115,,,,,,,,95,379,134,322,207,,89,,,,746,19,,60,247,,150,,,127,140,,,,,,,,,,,296,12,109,,28,36,,,,165,,65,,,,92,,10,,,,242,,,,171,289,43,115,88,92,151,,,,,35,75,156,125,,325,11,234,,96,,21,19,,,200,136,,577,46,466,106,98,,189,360,,,460,8,94,,518,94,212,,,,330,,,,,,188,,,,,372,,,,,,137,,,,,,,,,,289,,530,,127,,84,,192,,,,,,,,,,,,,270,401,955,,115,233,93,112,152,200,255,,1,,166,16,,368,,,,,,,,181,,182,,,,,,,54,,,15,,60,,,,,,,,,,,,,,5,,,,,,,258,,,,144,,,,,,,,,,,,,,53,,,,,64,,,,,,164,18,71,,128,99,126,,17,,,199,48,202,303,,177,302,,,,128,21,,,,,,280,,95,,,,,,,,,,,183,56,,,,,,430,,,,,223,,,207,,,,,,,,,,,,20,,,,,,,,,,,,189,,6,84,14,52,,36,321,192,,,222,118,33,106,,,,64,117,35,59,1,,106,117,42,7,,264,31,133,23,,,155,54,884,,,97,146,0,,,,,,,,,,,,,,,,,,,,,,484,,,,675,,,,230,299,336,,,79,93,,,,,,38,,,177,105,47,104,,,110,172,,32,73,1,172,82,,38,68,,32,40,128,25,167,,261,233,166,,166,53,217,,132,106,,,,,,,,,,,,,,,,,,,,,,,,,,,,,,,,,166,,102,324,,146,214,79,,59,216,270,,271,,135,,54,,124,426,277,,,,,,,433,,,308,,112,,,,140,
2026-08-06T09:30:02+00:00,90,180,,,375,25,,82,,295,,121,116,,,73,,,,,94,378,136,318,201,,87,,,,738,,,58,246,,146,,,128,139,,115,,,,,,,,,295,,107,,26,34,,,,,,,82,,,,,,128,,,,,,,172,,,,,,,,,,,,,,,,,,,,,,,,,,,,,,,,,,,,,,,,,,,,,,,,,,,,,,,,,,,,,,,,,,,,,,,,,,,,,,,,,,,,,,,,,,,,,,,,,,,,,,,,,,,,,0,,,16,1,345,,,,,,,,178,,181,,,,,,,57,,,16,,59,,,,,,,,,,,,,,4,28,,,,,,261,,9,61,143,,,,17,,,,,,,,,,,,,,,,,,,,,161,16,73,,122,100,121,,,2,,200,45,198,296,,176,303,77,,78,129,20,,1011,,,,274,,91,,,,,,,,31,,,184,55,28,,,,,432,,,,,217,,,201,,,,,,,,,,,,19,,,,,,,,,,,,192,,,86,11,50,56,37,317,188,36,,223,,35,105,,,,,116,27,56,0,80,107,119,44,,102,263,29,134,24,,212,144,53,870,97,,99,149,,,,,,,,,,,,,,,,,,,,,,,,,,,,,,,,,,,,,,,,,,,,,,,,,,,,,,28,7,64,0,165,78,3,,,,,,,,,,,,,,,,,,,,,,,,,,,,,,,,,,,,,,,,,,,,,,,,,,,,,136,100,320,17,141,206,77,500,54,215,271,,273,,134,,53,,125,428,275,,,,,,,430,116,,302,,108,40,,,137,
2026-08-06T09:35:01+00:00,88,181,,,372,23,,77,152,,,,112,,,,,,,,91,377,133,316,206,,81,,,17,736,21,,56,247,,139,,,126,138,,118,,,,,,,,,294,11,108,,25,,,,,164,7,64,84,,,,,9,,,,244,,,,175,290,48,,79,90,145,,,,,41,63,,126,157,311,10,235,,81,,15,,,5,,122,,574,44,447,,99,,187,371,,,,,96,87,507,95,211,485,51,,,,,,,,184,,,,,370,,,,,139,,,,,,,,153,,,283,,523,,129,,83,,190,,,,,,,,,,,,,271,402,965,266,114,229,90,,,201,251,102,1,,159,16,5,326,,,,,,,,171,,179,,,,,,,55,,,19,,58,,,,,,,,,,,,,,,18,,,,,,265,,,63,,,,,19,,,,,,,,,,52,,,,,67,,,,,,150,8,71,106,117,101,119,,16,0,,,38,200,298,218,178,301,78,,77,128,17,,1009,,,,271,,92,,,,,,,,30,,,180,53,27,,,,,433,,,,,214,,,199,,,,,,,,,,,,,,,,,,,,,,,,195,,,,9,47,,39,322,,,,222,122,37,107,,,,62,115,23,51,,82,109,117,,8,,262,28,,25,,,,,,,,,,,,,,,,,,,,,,,,,,,,,,,,479,,,,671,,122,193,,297,,,,83,92,,,,,,35,,,179,104,48,107,,17,107,174,20,11,58,,167,68,1,,62,271,34,42,122,24,166,70,256,230,163,,163,,215,,134,97,,,,,,,,,,,,,,,,,,,,,,,,,,,,,,,,,,,101,318,16,140,205,,499,52,212,272,,271,,,47,,,122,427,,,,,,,,426,115,,305,,,38,,,131,
2026-08-06T09:40:02+00:00,87,182,,,375,,,78,149,296,,126,109,,,75,,,,,87,374,129,314,209,,75,,,,721,,,51,244,,135,,,,136,,120,,,,,,,124,,293,10,,,24,35,,,,165,5,61,80,,231,91,,8,127,,,246,,,,,298,52,110,73,87,141,,,,246,37,,157,121,154,302,9,236,206,79,238,14,18,,3,205,84,155,,43,430,111,97,,190,372,,,461,6,,,,,,,,,,,,,,,,,,,,,,,,,,,,,,,,,,,,,,,,,,,,,,,,,,,,,,,,,,,,,,,,,,,,,0,,158,16,0,307,,,,,,,,164,,,,,,,,,54,,,,,55,,,,,,,,,,,,,,,19,,,,,,261,,10,62,,,,,21,,,,,104,,,,,,,,,,,,,,,,142,7,73,105,116,,115,,21,-1,,201,40,199,296,220,176,302,80,,80,127,16,,1011,,,,274,,91,,,,,,,,,,,179,,28,3,,,,432,,,,,208,,,195,,,,,,,,,,,,,,,,,,,,,,,,189,,9,84,12,,54,36,320,190,,,220,127,,,,,,63,114,26,52,3,84,108,113,,11,,259,29,135,27,,213,132,52,848,84,,91,148,2,,,,,,,,,,,,,,,,,,,,,,468,73,,,664,,121,,225,292,335,,,86,90,,,,,,32,,,,100,45,101,,10,115,172,7,0,51,1,177,54,,,,,,,,,,,,,,,,,,,,,,,,,,,,,,,,,,,,,,,,,,,,,,,,,,,,,164,135,99,314,15,136,209,80,498,47,209,271,,270,,,45,51,,121,,276,,,,,,,417,,,300,,105,37,,,,
2026-08-06T09:45:01+00:00,88,,57,,,20,,76,144,293,,118,107,,,76,,,,,85,375,125,,206,,72,,,,715,20,,50,240,,131,,,125,134,,,,,,,,,126,,294,9,,,,,,,,166,,60,,,,92,,6,,,,248,,,112,178,,,,,,,,,,,,,,,,,,,,,,,,,,,,,,,,,,,,,,,,,95,86,496,100,203,480,50,,323,,,,,,169,,,,,372,,,,,138,134,,,,,,,148,,,282,,528,,142,,78,,181,,,,,,,,,,,,,270,406,962,270,,227,113,,,204,255,93,,,153,16,2,279,,,,,,,,,,176,,,,,,,,,,18,,54,,,,,,,,,,,,,,,29,,,,,,263,,12,,,,,,19,,,,,,,,,,,,,,,68,,,,,,129,1,79,,113,105,109,,23,-4,,,44,200,288,,177,,,,79,122,,,1012,,,,264,,89,,,,,,,,,,,176,52,,4,,,,,,,,,202,,,194,,,,,,,,,,,,,,,,,,,,,,,,190,,8,79,10,,,37,319,189,,,219,129,,106,,,,,,31,51,1,85,110,114,45,,101,,25,136,,,212,126,,,87,,89,150,0,,,,,,,,,,,,,,,,,,,,,,,,,,,,,,,,,,,,,,,,,,,,,,,,,,,,,10,6,42,,185,45,,,56,267,35,39,,25,167,61,249,218,,,159,52,216,,131,82,,,,,,,,,,,,,,,,,,,,,,,,,,,,,,,,,,,98,307,14,138,210,81,496,46,210,272,,,,136,43,,,112,424,277,,,,,,,410,,,,,104,40,,,,
2026-08-06T09:50:01+00:00,86,185,,,367,15,,73,145,291,,119,104,,,73,,,,,84,372,123,315,198,,67,,,,707,19,,,236,,134,,,124,133,,,,,,,,,,,,5,,,20,,,,,,,57,,,,93,,8,128,,,,,,108,182,292,47,96,70,84,,,,,244,36,60,162,116,156,306,6,237,,72,236,16,,,1,196,68,156,572,44,426,107,,,185,388,,,,8,,,,,,,,,,,,,,,,,,,,,,,,,,,,,,,,,,,,,,,,,,,,,,,,,,,,,,,,,,,,,,,,,,,,,,,138,16,0,250,,,,,,,,165,,171,,,,,,,52,,,,,,,,,,,,,,,,,,,3,22,,,,,,262,,10,63,,,,,12,,,,,105,,,,,51,,,,,,,,,,,115,4,80,104,110,110,101,,17,-2,,204,50,,284,,,299,79,,,129,19,,1009,,,,267,,87,,,,,,,,28,,,,53,26,,,,,433,,,,,198,,,191,,,,,,,,,,,,18,,,,,,,,,,,,191,79,,78,9,44,52,35,316,183,,,,126,36,107,,,,65,,27,48,0,87,111,111,47,12,102,254,23,135,30,,,,49,837,,,,,,,,,,,,,,,,,,,,,,,,,,,464,75,99,,659,,120,,221,293,334,,,87,91,,,,,,28,,,,99,39,,,11,117,169,1,0,36,0,177,40,,37,55,263,,41,,26,,57,244,210,162,,161,,210,,129,77,,,,,,,,,,,,,,,,,,,,,,,,,,,,,,,,,,,97,295,12,132,207,,,44,,,,271,,,42,,,113,422,,,,,,,,403,,,289,,100,39,,,,
2026-08-06T09:55:01+00:00,83,184,56,,361,,,67,144,290,,111,99,,,69,,,,,85,369,122,317,197,,,,,16,705,,,49,,,,,,,134,,121,,,,,,,127,,,,106,,,33,,,,,3,58,78,,,94,,,,,,252,,,,,,,,,,,,,,,34,54,163,113,155,299,5,238,,79,237,13,,,,197,60,,,45,423,105,,,181,390,,2,,7,93,80,485,97,198,475,52,,318,,,,,,165,,,,,371,,,,,128,135,,,,,,,138,,,285,,512,,125,,73,,175,,,,,,,,,,,,,,405,969,272,112,224,111,,151,207,259,97,,,130,16,,233,,,,,,,,161,,170,,,,,,,51,,,19,,52,,,,,,,,,,,,,,2,13,,,,,,263,,9,62,,,,,19,,,,,,,,,,50,,,,,67,,,,,,109,2,86,106,109,111,91,,18,-6,7,208,45,201,278,219,172,296,,,81,128,15,,1008,,,,256,,86,,,,,,,,27,,,175,52,,5,,,,431,,,,,186,,,188,,,,,,,,,,,,19,,,,,,,,,,,,193,80,7,75,10,43,,,318,178,35,40,220,129,,106,,,6,66,,,47,,83,110,108,,14,104,255,20,134,29,,215,119,50,840,80,,84,153,,,,,,,,,,,,,,,,,,,,,,,457,,105,,,,122,194,212,,,,,86,,,,,,,32,,,178,,,99,,,122,170,4,,27,,168,27,0,,,,,,,,,,,,,,,,,,,,,,,,,,,,,,,,,,,,,,,,,,,,,,,,,,,,,134,95,286,8,126,205,78,498,42,206,274,,268,,135,40,48,,114,421,,,,,,,,397,,,284,,97,42,,,108,
2026-08-06T10:00:01+00:00,80,,,,358,10,,64,140,,,108,100,,,68,,,,,83,368,121,309,194,,,,,,699,,,50,235,,,,,123,132,,120,,24,,,,,,,292,4,,,23,,6,,,,4,57,75,,232,92,,7,127,,,253,,,104,180,294,45,82,67,86,133,,,,,,,,,,,,,,,,,,,,,,,,,,,,,,,,,,,,,,,,,,,,,,,,,,,,,,,,,,,,,,,,,,,,,,,,,,,,,,,,,,,,,,,,,,,,,,,,,,,,,,,,,123,16,,214,,,,,,,,162,,166,,,,,,,,,,18,,53,,,,,,,,,,,,,,,16,,,,,,267,,10,65,,,,,11,,,,,104,,,,,,,,,,,,,,,,104,0,92,105,107,108,85,,14,-5,,211,44,197,270,,171,301,80,,77,127,13,,1007,,,,254,,87,,,,,,,,25,,,,50,24,,,,,,,,,,183,,,182,,,,,,,,,,,,21,,,,,,,,,,,,187,77,6,74,12,41,51,34,316,177,,,227,131,35,107,,,,67,,34,,,84,114,110,,23,106,258,21,132,31,,214,111,,841,77,,85,155,1,,,,,,,,,,,,,,,,,,,,,,453,,106,,662,,119,190,210,,333,,,,88,,,,,,30,,,175,98,40,101,,,129,168,0,1,19,1,173,13,,,46,265,39,38,112,27,163,52,235,204,157,,159,51,202,,131,61,,,,,,,,,,,,,,,,,,,,,,,,,,,,,,,,,165,,91,280,7,122,203,77,493,,201,,,265,,,39,46,,112,423,275,,,,,,,391,,,269,,96,44,,,,
2026-08-06T10:05:02+00:00,72,,,,354,6,,62,138,,,114,97,,,66,,,,,86,369,116,310,180,,,,,15,697,21,,51,230,,133,,0,122,130,,121,,,,,,,,,,3,104,,19,35,,,,167,,56,,,,94,,6,,,,252,,,103,179,,,,,,,,,,,22,47,166,107,,285,4,,,64,239,6,,114,4,,36,157,568,43,416,101,95,,176,401,,,,9,89,71,490,92,196,470,53,,312,,,,,,154,,,,,,,,,,121,137,,,,,,,139,,,283,,507,,110,,74,,169,,,,,,,,,,,,,,407,971,,,223,108,111,,205,260,109,,,113,16,4,200,,,,,,,,164,,165,,,,,,,50,,,16,,52,,,,,,,,,,,,,,,,,,,,,266,,9,,142,,,,13,,,,,103,,,,,,,,,,,,,,,,98,,,101,102,110,80,,18,-6,,219,43,200,274,218,,303,,,76,128,20,,1006,,,,249,,84,,,,,,,,24,,,173,53,23,3,,,,430,,,,,180,,,179,,,,,,,,,,,,20,,,,,,,,,,,,,76,3,72,11,40,,39,320,173,,,,136,38,108,,,,68,,32,55,,82,119,107,48,32,108,263,20,,33,,215,98,51,827,68,,79,153,,,,,,,,,,,,,,,,,,,,,,,448,,,,655,,,188,212,292,331,,,83,90,,,,,,,,,,94,42,100,,9,125,171,5,0,7,0,183,1,,,42,263,46,,109,29,165,47,234,203,156,,157,52,199,,132,59,,,,,,,,,,,,,,,,,,,,,,,,,,,,,,,,,161,133,90,276,6,113,,,489,,,275,,263,,134,37,44,,113,,,,,,,,,386,,,254,,,40,,,94,
2026-08-06T10:10:01+00:00,67,186,,172,,7,,56,,292,,110,99,,,,,,,,87,370,115,305,178,,65,,,18,689,22,,,228,,134,,,123,134,,,,,,,,,126,,,,,,20,,,,,168,3,50,74,,233,,,5,,,,251,,,101,178,297,36,87,69,87,125,,187,,243,25,42,161,103,,279,3,,,55,242,1,19,,3,196,31,,570,44,404,100,93,,173,399,,,463,6,,,,,,,,,,,,,,,,,,,,,,,,,,,,,,,,,,,,,,,,,,,,,,,,,,,,,,,,,,,,,,,,,,,,,2,,108,16,0,181,,,,,,,,161,,163,,,,,,,48,,,,,51,,,,,,,,,,,,,,,15,,,,,,270,,,67,140,,,,10,,,,,104,,,,,51,,,,,,,,,,,,,93,99,98,105,74,,17,,,221,48,199,269,220,175,310,81,,81,131,21,,1004,,,,246,,83,,,,,,,,22,,,172,51,,,,,,429,,,,,173,,,178,,,,,,,,,,,,21,,,,,,,,,,,,183,72,4,,13,41,,41,321,168,,,230,,,112,,,,69,,33,53,1,80,120,108,,33,109,262,,131,34,,,,50,,,,,,,,,,,,,,,,,,,,,,,,,,,,,76,,,654,,118,187,214,,,,,,,,,,,,,,,,,,,,,,172,2,,0,,172,2,,,,,,,,,,,,,,,,,,,,,,,,,,,,,,,,,,,,,,,,,,,,,,,,,,,,,160,135,89,,5,115,195,78,490,41,,,,261,,135,36,,,115,422,274,,,,,,,385,,,257,,94,41,,,91,
2026-08-06T10:15:01+00:00,,,,,350,6,,54,135,290,,112,100,,,,,,,,,372,116,311,177,,63,,,,687,,,50,,,135,,,120,130,,,,,,,,,124,,,2,106,,23,,,,,,5,45,73,,,92,,6,125,,,250,,,99,179,,,,,,,,,,245,22,33,154,98,153,,1,,,44,245,2,,,,195,11,,573,43,391,101,97,2,166,421,,,466,3,92,64,492,81,187,466,54,,307,,,,,,146,,,,,,,,,,115,134,,,,,,,133,,,278,,505,,117,,73,,166,,,,,,,,,,,,,271,408,973,279,110,,107,,,,263,105,0,,105,16,3,157,,,,,,,,167,,160,,,,,,,47,,,,,50,,,,,,,,,,,,,,,19,,,,,,271,,8,66,142,,,,12,,,,,,,,,,,,,,,,,,,,,97,,,100,96,,69,,20,,,224,47,200,264,221,,309,80,,83,133,25,,,,,,247,,82,,,,,,,,23,,,167,,24,2,,,,428,,,,,171,,,179,,,,,,,,,,,,19,,,,,,,,,,,,189,,,70,15,38,,40,322,159,,,235,138,41,114,,,,70,,39,51,2,78,123,109,49,40,112,267,22,,33,,211,89,49,818,70,,78,156,,,,,,,,,,,,,,,,,,,,,,,440,,,,,,,,,,,,,82,,,,,,,28,,,178,95,,,,,126,,15,9,6,,171,4,3,36,43,,50,39,99,27,166,43,,202,158,,,,198,,135,54,,,,,,,,,,,,,,,,,,,,,,,,,,,,,,,,,,134,88,274,6,105,194,,488,36,203,274,,260,,133,38,43,,114,423,272,,,,,,,383,,,242,,93,39,,,,
2026-08-06T10:20:02+00:00,72,191,,173,347,9,,60,137,,,109,101,,,,,,,,90,,120,309,,,61,,,17,678,,,48,227,,133,,,117,,,,,25,,,,,,,293,1,,,20,,,,,169,7,52,65,,,91,,,127,,,,,,100,182,301,34,84,65,88,126,,,,244,25,17,156,96,,275,2,239,,39,244,,,,2,192,,,571,,392,100,98,,169,432,,,467,,,,,,,,,,,,,,,,,,,,,,,,,,,,,,,,,,,,,,,,,,,,,,,,,,,,,,,,,,,,,,,,,,,,,,,,99,16,0,150,,,,,,,,170,,157,,,,,,,48,,,14,,49,,,,,,,,,,,,,,0,17,,,,,,275,,9,65,143,,,,14,,,,,107,,,,,,,,,,,,,,,,,,,99,94,107,64,,12,-4,,222,44,201,270,220,178,312,,,88,134,23,,1003,,,,244,,83,,,,,,,,24,,,,47,23,,,,,425,,,,,165,,,176,,,,,,,,,,,,,,,,,,,,,,,,188,,5,,16,37,52,,325,,,,234,140,42,117,,,,,115,35,,0,77,119,,,36,114,271,,,30,,213,77,48,805,61,,74,160,3,,,,,,,,,,,,,,,,,,,,,,442,75,103,,655,,120,190,207,293,330,,,,89,,,,,,30,,,179,92,40,99,15,10,125,173,11,3,0,1,113,18,0,37,39,264,52,32,104,,171,37,233,201,159,,,,193,,137,56,,,,,,,,,,,,,,,,,,,,,,,,,,,,,,,,,,,87,268,,96,,80,487,35,204,273,,258,,132,35,42,,112,421,,,,,,,,380,,,237,,97,,,,75,
2026-08-06T10:25:01+00:00,77,,,,344,11,,62,135,286,,110,103,,,67,,,,,89,370,122,304,174,,60,,,,676,,,47,222,,132,,,118,,,,,,,,,,125,,292,0,,,21,34,,,,171,6,51,60,,,94,1,7,,,,253,,,97,183,302,33,86,72,87,123,,,,,,,,,,,,,,,,,,,,,,,,,,,,,,,,,,,93,53,501,82,,467,,,302,,,,,,135,,,,,374,,,,,113,136,,,,,,,136,,,,,500,,112,,70,,168,,,,,,,,,,,,,272,414,974,274,,,108,,152,204,266,100,,,92,16,1,128,,,,,,,,167,,158,,,,,,,49,,,15,,51,,,,,,,,,,,,,,,12,,,,,,274,,8,66,142,,,,,,,,,108,,,,,,,,,,66,,,,,,,,86,98,101,115,58,,23,-2,,224,51,204,265,222,,313,,,,129,16,,1004,,,,247,,79,,,,,,,,,,,166,,25,,,,,424,,,,,161,,,170,,,,,,,,,,,,,,,,,,,,,,,,190,75,,68,14,34,,42,,154,36,,232,139,41,118,,,,69,116,,50,,73,120,,,40,115,270,21,130,,,,75,53,807,55,,72,,14,,,,,,,,,,,,,,,,,,,,,,439,73,99,,,,117,195,206,290,328,,,84,,,,,,,,,,185,,37,101,14,14,132,174,6,0,,0,111,13,,,,,,,,,,,,,,,,,,,,,,,,,,,,,,,,,,,,,,,,,,,,,,,,,,,,,159,132,86,264,5,92,190,78,484,30,205,272,,259,,,36,41,,,425,271,,,,,,,377,,,231,,95,,,,,
2026-08-06T10:30:02+00:00,73,192,,,338,9,,59,,285,,111,105,,,,,,,,90,372,125,305,169,,59,,,18,673,23,,,,,130,,,116,128,,,,24,,,,,,,291,,,,23,33,,,,170,7,49,56,,232,92,0,,126,,,259,,,95,,,,,,,,,,,245,33,6,155,93,155,273,3,238,,44,241,,17,115,,193,2,,570,41,385,102,97,,170,436,,,468,1,,,,,,,,,,,,,,,,,,,,,,,,,,,,,,,,,,,,,,,,,,,,,,,,,,,,,,,,,,,,,,,,,,,,,1,,85,16,0,102,,,,,,,,166,,160,,,,,,,47,,,,,49,,,,,,,,,,,,,,,23,,,,,,279,,9,64,141,,,,,,,,,107,,,,,,,,,,67,,,,,,98,3,88,97,103,117,50,,22,-4,6,223,62,,268,218,175,,,,89,128,19,,1005,,,,242,,77,,,,,,,,25,,,168,48,28,,,,,425,,,,,152,,,169,,,,,,,,,,,,18,,,,,,,,,,,,193,77,6,71,12,31,54,37,323,158,,41,234,137,,119,,,,,113,38,,1,72,122,107,48,37,117,263,22,,29,,217,72,52,804,51,,71,159,11,,,,,,,,,,,,,,,,,,,,,,438,74,96,,,,119,196,203,287,329,,,81,90,,,,,,,,,187,93,35,103,18,13,126,171,,,2,2,120,5,1,36,33,263,53,37,106,28,173,29,232,198,162,,158,,187,,140,52,,,,,,,,,,,,,,,,,,,,,,,,,,,,,,,,,,,85,265,3,80,193,80,489,27,203,270,,258,,134,39,42,,110,,274,,,,,,,373,,,223,,98,40,,,68,
2026-08-06T10:35:01+00:00,79,193,,,342,,,60,133,286,,117,111,,,68,,,,,91,375,,299,172,,58,,,17,668,24,,49,221,,127,,,115,130,,122,,26,,,,,,,,,,,24,34,,,,,,50,53,85,,,,,,,,261,,,96,180,304,32,80,,85,126,,,,244,34,,153,92,156,265,8,,,43,240,,,,,192,,,,42,,100,96,,165,437,,,469,,91,55,494,76,182,463,53,,299,,,,,,127,,,,,373,,,,,115,133,,,,,,,129,,,280,,505,,115,,72,,162,,,,,,,,,,,,,,,,268,111,221,109,,,210,264,94,,,81,16,,87,,,,,,,,,,162,,,,,,,49,,,16,,48,,,,,,,,,,,,,,,,,,,,,286,,11,65,142,,,,18,,,,,106,,,,,,,,,,68,,,,,,99,6,90,101,106,121,43,,30,-2,,,56,,270,219,178,315,81,,92,129,,,1004,,,,,,76,,,,,,,,24,,,169,47,26,3,,,,426,,,,,148,,,166,,,,,,,,,,,,,,,,,,,,,,,,187,78,2,70,11,30,56,39,322,162,,,236,133,40,122,,,,68,,,47,3,67,124,108,,41,,261,21,,28,,,,54,,,,,,,,,,,,,,,,,,,,,,,,,,,,436,75,,,653,,118,198,195,289,,,,,93,,,,,,29,,,186,92,36,101,15,21,122,175,7,1,4,0,112,2,0,38,32,262,56,44,108,,178,,228,196,160,,152,51,181,,142,53,,,,,,,,,,,,,,,,,,,,,,,,,,,,,,,,,158,130,,264,,77,190,,,24,200,269,,,,132,41,40,,108,424,273,,,,,,,371,,,215,,95,41,,,62,
2026-08-06T10:40:02+00:00,80,194,,,333,8,,53,131,284,,120,115,,,69,,,,,92,370,128,298,171,,,,,16,,,,47,222,,129,,,,,,121,,,,,,,,,,,,,22,35,7,,,171,,,54,86,,,,6,,,,,,,,183,,,,,,,,,,,,,,,,,,,,,,,,,,,,,,,,,,,,,,,,,,,,,,,,,,,,,,,,,,,,,,,,,,,,,,,,,,,,,,,,,,,,,,,,,,,,,,,,,,,,,,,,,,,,,0,,80,16,,77,,,,,,,,163,,,,,,,,,46,,,14,,46,,,,,,,,,,,,,,,31,,,,,,,,10,,143,,,,,,,,,107,,,,,,,,,,,,,,,,100,7,89,,103,122,37,,32,-1,7,,75,205,271,216,179,310,,,94,128,16,,1005,,,,241,,,,,,,,,,,,,171,46,27,4,,,,425,,,,,138,,,164,,,,,,,,,,,,20,,,,,,,,,,,,186,,,67,12,28,,38,321,167,,40,,,42,123,,,,69,112,40,46,4,66,126,113,43,43,119,252,,129,,,215,75,53,801,53,,68,160,7,,,,,,,,,,,,,,,,,,,,,,435,,94,,649,,,203,181,292,332,,,77,,,,,,,30,,,188,94,38,102,12,24,,177,2,0,1,1,108,,,,,,,,,,,,,,,,,,,,,,,,,,,,,,,,,,,,,,,,,,,,,,,,,,,,,,157,,80,258,2,68,191,81,487,20,194,267,,255,,133,,38,,105,,,,,,,,,372,,,213,,100,45,,,,
2026-08-06T10:45:02+00:00,74,,,,336,10,,57,123,282,,126,117,,,71,,,,,93,368,129,,173,,56,,,15,665,,,48,223,,132,,,114,133,,120,,25,,,,,123,,292,,108,,26,,6,,,,6,51,,85,,94,,,,,,264,,,,182,300,30,76,73,83,125,,,,251,32,,154,87,,260,10,,208,45,238,1,19,114,1,186,1,156,571,,379,96,95,1,164,449,,3,,,89,61,503,78,176,460,52,,294,,,,,,122,,,,,,,,,,114,,,,,,,,144,,,282,,508,,129,,81,,161,,,,,,,,,,,,,,,976,266,,217,114,112,150,209,262,96,3,,77,16,,66,,,,,,,,161,,160,,,,,,,44,,,,,44,,,,,,,,,,,,,,,36,,,,,,289,,9,63,144,,,,20,,,,,106,,,,,53,,,,,,,,,,,101,2,92,103,106,118,33,,37,-2,,225,70,204,272,217,183,309,82,,98,127,19,,1007,,,,240,,78,,,,,,,,,,,170,42,25,6,,,,,,,,,136,,,157,,,,,,,,,,,,18,,,,,,,,,,,,177,80,,,11,27,55,36,323,172,,,233,131,43,125,10,,,,110,34,44,3,64,127,110,44,44,118,,20,,27,,218,68,52,802,,,70,163,29,,,,,,,,,,,,,,,,,,,,,,,,97,,,,,,,,,,,80,,,,,,,,,,,,,,,,,,0,1,2,,114,,,42,36,263,,45,103,25,181,22,225,201,164,,158,,179,,141,,,,,,,,,,,,,,,,,,,,,,,,,,,,,,,,,,158,,81,252,,69,193,,489,,191,,,254,,131,,40,,,423,270,,,,,,,373,,,203,,78,44,,,,
2026-08-06T10:50:01+00:00,,196,,,341,12,,,,281,,130,120,,,74,,,,,95,369,130,295,169,,52,,,16,668,25,,45,222,,129,,,113,,,118,,,,,,,125,,293,,,,24,,,,,170,5,,50,86,,93,,,,,,,,,95,,,,,,,,,,,,30,,155,88,157,256,23,,207,16,234,,20,,3,,,,569,43,375,173,92,,162,458,,,464,,,,,,,,,,,,,,,,,,,,,,,,,,,,,,,,,,138,,,284,,505,,137,,,,164,,,,,,,,,,,,,,,,,,,,,,,,,6,,71,16,,51,,,,,,,,162,,162,,,,,,,42,,,13,,,,,,,,,,,,,,,,,33,,,,,,299,,8,66,145,,,,19,,,,,104,,,,,54,,,,,67,,,,,,,24,98,105,102,120,37,,,0,,,68,202,271,219,185,310,,,101,130,24,,1005,,,,,,77,,,,,,,,,,,169,43,26,4,,,,,,,,,128,,,151,,,,,,,,,,,,19,,,,,,,,,,,,178,82,1,64,,,56,41,324,,,,231,132,42,,,,,,112,36,43,2,63,126,109,45,47,121,249,18,,,,,,,,,,,,,,,,,,,,,,,,,,,,,,,,,,430,,101,,,,120,205,,,,,,82,92,,,,,,26,,,186,92,39,100,14,25,121,175,,0,,0,107,3,,,,,,,,,,,,,,,,,,,,,,,,,,,,,,,,,,,,,,,,,,,,,,,,,,,,,157,128,76,254,-100,67,188,82,486,22,189,263,,252,,130,40,39,,101,422,266,,,,,,,370,116,,198,,76,43,,,,
2026-08-06T10:55:02+00:00,75,,,,340,10,,58,120,278,,132,119,,,72,,,,,98,,129,292,,,51,,,15,666,,,,220,,135,,,,134,,,,,,,,,124,,,,,,26,34,,,,169,6,47,49,,,,,7,,,,,,,96,184,291,27,77,72,81,123,,186,,,,,,,,,,,,,,,,,,,,,,,,,,,,,,,,,91,,505,70,175,462,51,,288,,,,,,117,,,,,375,,,,,,132,,,,,,,,,,,,,,,,,,,,,,,,,,,,,,,273,415,,269,,,112,,147,208,,94,0,,70,16,3,37,,,,,,,,161,,159,,,,,,,44,,,14,,,,,,,,,,,,,,,,,32,,,,,,,,,,144,,,,13,,,,,103,,,,,53,,,,,,,,,,,,19,101,104,97,,40,,40,-3,,,77,205,262,220,,307,81,,96,134,18,,1002,,,,238,,75,,,,,,,,,,,167,40,27,,,,,,,,,,124,,,143,,,,,,,,,,,,,,,,,,,,,,,,,80,0,,10,28,,36,321,174,,,,137,43,126,,,,,110,29,47,3,66,127,112,,49,123,245,,,28,,213,81,54,803,61,,72,157,42,,,,,,,,,,,,,,,,,,,,,,422,,100,,644,,122,,184,293,,,,85,91,,,,,,23,,,190,91,38,,,21,128,172,,1,1,1,,7,,41,31,262,57,42,102,22,183,28,229,206,163,,159,52,178,,136,74,,,,,,,,,,,,,,,,,,,,,,,,,,,,,,,,,159,,71,248,,,191,81,487,20,186,264,,250,,126,36,,,103,,,,,,,,,367,,,201,,70,40,,,41,
2026-08-06T11:00:01+00:00,73,195,,174,342,8,,52,121,280,,131,127,,,,,,,,102,,123,291,170,,,,,13,663,,,49,221,,,,,112,,,117,,24,,,,,122,,,,,,28,33,7,,,,,45,48,,233,,,,,,,,,,,181,,,,,,,,,,,31,1,162,,155,257,,,,12,236,1,,115,,180,,,568,42,366,174,,3,160,455,,2,463,,,,,,,,,,,,,,,,108,,,,,376,,,,,113,131,,,,,,,141,,,283,,502,,146,,,,167,,,,,,,,,,,,,,,,,,,,,,,,,2,,64,16,0,27,,,,,,,,,,,,,,,,,,,,,,,,,,,,,,,,,,,,,35,,,,,,304,,10,64,,,,,15,,,,,,,,,,,,,,,66,,,,,,,,100,105,99,122,44,,39,-4,,226,78,208,266,221,188,313,,,100,141,17,,999,,,,232,,70,,,,,,,,23,,,165,44,25,,,,,424,,,,,122,,,137,,,,,,,,,,,,,,,,,,,,,,,,182,82,,63,,,,,320,176,,,229,139,44,129,,,7,70,109,35,,2,,126,113,46,,119,,20,,,,,,,,,,,,,,,,,,,,,,,,,,,,,,,,,,,,,,,,,,,,,,,,,,,,,,,,,,,,,,,,,8,0,,0,112,6,,,,,,,,,,,,,,,,,,,,,,,,,,,,,,,,,,,,,,,,,,,,,,,,,,,,,162,127,,240,,66,192,82,486,25,192,263,,248,,125,35,37,,,420,,,,,,,,365,,,203,,66,42,,,,
2026-08-06T11:05:01+00:00,69,197,,,341,5,,55,120,,,,130,,,71,,,,,103,371,124,288,169,,50,,,12,665,,,52,222,,127,,,111,132,,,,25,,,,,121,,292,,,,30,,6,,,168,,44,,,,,,,125,,,260,,,97,183,299,29,75,69,84,129,,,,253,28,,161,81,154,245,28,239,208,3,237,,,,2,178,2,154,,40,363,170,91,,161,449,,,465,,96,63,510,75,174,463,,,290,,,,,,113,,,,,383,,,,,122,129,,,,,,,,,,,,,,,,,,,,,,,,,,,,,,,271,,980,273,112,215,110,,148,214,261,93,0,,67,16,,28,,,,,,,,157,,,,,,,,,50,,,15,,48,,,,,,,,,,,,,,,36,,,,,,305,,9,,145,,,,16,,,,,102,,,,,52,,,,,,,,,,,,15,103,103,102,125,43,,50,-2,6,228,79,201,,,189,315,82,,101,140,16,,997,,,,234,,,,,,,,,,,,,162,43,28,5,,,,,,,,,116,,,131,,,,,,,,,,,,20,,,,,,,,,,,,178,83,1,61,11,,,33,,174,,,232,138,,128,,,,,,29,44,,,,,47,50,120,,,,26,,,77,,,58,,75,,47,,,,,,,,,,,,,,,,,,,,,,428,76,97,,639,,,210,187,294,329,,,92,92,,,,,,20,,,191,89,42,102,,,134,171,7,3,,,124,8,,,35,266,52,44,99,18,178,25,230,202,161,,,,179,,135,78,,,,,,,,,,,,,,,,,,,,,,,,,,,,,,,,,,129,,231,,63,195,81,,,186,261,,245,,126,,38,,104,,,,,,,,,359,,,200,,65,44,,,31,
2026-08-06T11:10:01+00:00,72,198,,,344,8,,48,117,282,,129,132,,,72,,,,,104,375,129,286,164,,49,,,,666,,,,220,,120,,,112,129,,118,,26,,,,,,,,46,,,32,,,,,169,3,47,,,,92,,8,,,,259,,,95,181,,,,,,,,,,,23,1,162,79,153,247,31,,,,,1,21,,1,181,1,,,42,,172,,30,162,457,,,,,,,,,,,,,,,,,,,,,,,,,,,,,,,,,,,,,139,,,280,,504,,164,,86,,170,,,,,,,,,,,,,,,,,,,,,,,,,,,,16,1,21,,,,,,,,158,,,,,,,,,51,,,20,,,,,,,,,,,,,,,,,41,,,,,,308,,8,61,144,,,,9,,,,,101,,,,,50,,,,,65,,,,,,100,20,101,,101,126,37,,48,-3,,231,,202,262,,188,319,,,,145,,,,,,,236,,68,,,,,,,,,,,,44,,,,,,426,,,,,110,,,124,,,,,,,,,,,,,,,,,,,,,,,,175,84,2,62,12,,,31,322,,,,234,,43,129,,,,,108,28,46,1,69,125,111,48,54,119,246,,130,,,218,73,,794,50,,76,151,,,,,,,,,,,,,,,,,,,,,,,,,,,,,,,,,,,,,,,,,,,,,,,,,,,,,,6,0,0,1,127,9,,43,37,263,49,43,100,19,,19,,204,159,,155,,183,,,80,,,,,,,,,,,,,,,,,,,,,,,,,,,,,,,,,161,130,70,,,57,193,83,,27,189,260,,242,,,31,35,,103,422,268,,,,,,,361,,,204,,63,,,,30,
2026-08-06T11:15:02+00:00,,197,,,,,,50,121,280,,124,,,,,,,,,106,,137,284,167,,45,,,,670,,,,216,,,,,111,133,,117,,27,,,,,117,,290,,,,,34,,,,,,46,43,,232,93,2,,124,,,262,,,96,182,297,36,81,63,87,132,,,,,,,,,,,,,,,,,,,,,,,,,,,,,,,,,,,98,62,,78,168,465,,,286,,,,,,121,,,,,385,,,,,123,127,,,,,,,,,,,,,,,,,,,,,,,,,,,,,,,270,416,983,295,113,212,106,111,152,218,266,97,,,60,16,0,14,,,,,,,,159,,162,,,,,,,54,,,19,,,,,,,,,,,,,,,,,39,,,,,,,,,60,,,,,,,,,,103,,,,,49,,,,,,,,,,,98,19,,104,94,125,38,,45,-4,,234,73,204,266,,,321,85,,,148,18,,1001,,,,233,,67,,,,,,,,21,,,160,,33,3,,,,,,,,,114,,,128,,,,,,,,,,,,,,,,,,,,,,,,170,83,3,60,16,27,,35,321,181,,,235,,,131,8,,,,107,31,49,0,72,122,113,50,,118,249,,129,25,,219,70,53,793,41,,78,,55,,,,,,,,,,,,,,,,,,,,,,419,,94,,637,,123,212,183,297,333,,,94,90,,,,,,19,,,189,90,48,103,,,130,170,0,,,0,123,,,,,,,,,,,,,,,,,,,,,,,,,,,,,,,,,,,,,,,,,,,,,,,,,,,,,,164,,71,234,,65,189,84,485,21,190,,,239,,127,32,37,,104,423,269,,,,,,,,,,200,,61,45,,,,
2026-08-06T11:20:01+00:00,76,199,,,336,10,,48,117,278,,125,,,,71,,,,,105,374,140,283,171,,47,,,10,667,,,55,214,,122,,,112,,,,,,,,,,,,288,,110,,30,,,,,,2,48,41,,231,,4,,,,,260,,,97,,301,38,87,64,91,131,,,,,16,7,158,,154,250,37,,,,,,22,,,182,3,,572,43,366,173,92,,164,,,,466,,99,68,517,79,,459,,,287,,,,,,128,,,,,386,,,,,125,128,,,,,,,135,,,274,,511,,166,,82,,,,,,,,,,,,,,,,,,,,,,,,,,,3,,63,16,,11,,,,,,,,,,,,,,,,,,,,,,,,,,,,,,,,,,,,,43,,,,,,314,,9,,,,,,14,,,,,105,,,,,50,,,,,64,,,,,,95,27,99,,,124,37,,46,-5,,231,75,208,270,,191,328,86,,109,151,20,,1002,,,,230,,69,,,,,,,,24,,,159,46,34,1,,,,425,,,,,118,,,126,,,,,,,,,,,,18,,,,,,,,,,,,,,,,,,,,,,,,,,,,,,,,,,,,,,,,,,,,,,,,,,,,,,,,,,,,,,,,,,,,,,,,,,,,,420,,99,,639,,120,210,167,294,,,,,91,,,,,,,,,188,93,50,104,,,128,171,,,,,,,,,39,262,42,45,99,23,172,11,231,202,163,,159,,184,,128,78,,,,,,,,,,,,,,,,,,,,,,,,,,,,,,,,,166,131,72,236,,69,193,85,484,20,188,258,,,,,33,36,,105,425,270,,,,,,,,,,197,,60,46,,,,
2026-08-06T11:20:02+00:00,,,,,,,,,,,,,,,,,,,,,,,,,,,,,,,,,,,,,,,,,,,,,,,,,,,,,,,,,,,,,,,,,,,,,,,,,,,,,,,,,,,,,,,,,,,,,,,,,,,,,,,,,,,,,,,,,,,,,,,,,,,,,,,,,,,,,,,,,,,,,,,,,,,,,,,,,,,,,,,,,,,,,,,,,,,,,,,,,,,,,,,,,,,,,,,,,,,,,,,155,,164,,,,,,,53,,,20,,50,,,,,,,,,,,,,,,,,,,,,,,,,,,,,,,,,,,,,,,,,,,,,,,,,,,,,,,,,,,,,,,,,,,,,,,,,,,,,,,,,,,,,,,,,,,,,,,,,,,,,,,,,,,,,,,,,,,,,,,,,,,,,,,,,,162,,4,59,18,,,37,324,184,,41,237,136,44,130,,,,71,108,27,50,1,75,120,112,53,56,117,252,19,,,,218,76,,791,42,,80,150,56,,,,,,,,,,,,,,,,,,,,,,,,,,,,,,,,,,,,,,,,,,,,,,,,,,,,,4,1,,1,125,12,,,,,,,,,,,,,,,,,,,,,,,,,,,,,,,,,,,,,,,,,,,,,,,,,,,,,,,,,,,,,,,,,,,,,,,,,,,,,,,,,,,,,,,,,,,
2026-08-06T11:25:01+00:00,,204,,,345,11,,51,,277,,129,130,,,70,,,,,108,376,145,,172,,49,,,11,669,,,56,215,,126,,,,,,,,28,,,,,,,287,,,,,,,,,171,,46,40,,230,94,5,,,,,,,,,185,,,,,,,,,,,,,,,,,,,,,,,,,,,,,,,,,,,,,,,,,,,,,,,,,,,,,,,122,,,,,388,,,,,121,131,,,,,,,,,,,,,,,,,,,,,,,,,,,,,,,,413,986,306,,213,108,112,153,222,267,105,0,,58,16,,,,,,,,,,156,,,,,,,,,54,,,,,,,,,,,,,,,,,,,,32,,,,,,,,11,63,143,,,,18,,,,,103,,,,,51,,,,,65,,,,,,96,25,94,,87,,39,,53,-3,,,81,209,265,223,195,329,,,111,153,23,,,,,,,,68,,,,,,,,22,,,161,,28,3,,,,426,,,,,115,,,118,,,,,,,,,,,,,,,,,,,,,,,,163,,5,61,19,28,,40,322,185,,,,137,,131,,,,72,,25,49,,77,119,114,55,59,118,,,,,,,,,,,,,,,,,,,,,,,,,,,,,,,,,,,,424,77,100,,,,122,,168,295,,,,93,,,,,,,20,,,186,94,48,102,,,131,167,10,3,1,0,121,,1,,45,264,41,49,100,21,173,,228,210,158,,156,,192,,123,81,,,,,,,,,,,,,,,,,,,,,,,,,,,,,,,,,167,,,237,,67,194,84,480,23,191,,,240,,124,32,35,,103,,,,,,,,,358,,,191,,59,,,,,
2026-08-06T11:30:02+00:00,75,206,,,344,10,,53,119,,,134,134,,,67,,,,,,379,144,287,165,,50,,,,671,,,55,212,,127,,,110,134,,,,,,,,,116,,,,,,28,,5,,,170,,,41,,229,93,4,,,,,257,,,,,297,50,81,61,97,139,,187,,,21,14,153,84,,244,36,238,,,239,,23,,,181,15,155,578,,369,177,,28,,469,,1,467,,,,,,,,,,,,,,,,,,,,,,,,,,,,,,,,,,129,,,271,,508,,185,,83,,178,,,,,,,,,,,,,,,,,,,,,,,,,,,53,16,,19,,,,,,,,157,,162,,,,,,,51,,,22,,,,,,,,,,,,,,,,,28,,,,,,316,,12,56,142,,,,22,,,,,,,,,,,,,,,66,,,,,,,31,96,106,85,127,36,,54,,,232,76,211,,,197,335,87,,109,155,22,,1007,,,,229,,69,,,,,,,,,,,,47,,4,,,,,,,,,113,,,116,,,,,,,,,,,,19,,,,,,,,,,,,168,85,7,62,20,29,,43,323,191,,,,138,,134,,,9,75,,27,51,0,80,120,112,,65,117,253,,,27,,216,81,52,790,45,,,154,67,,,,,,,,,,,,,,,,,,,,,,416,,99,,643,,,,170,292,331,,,94,,,,,,,,,,182,95,47,,,,132,165,3,2,4,1,123,,,,,,,,,,,,,,,,,,,,,,,,,,,,,,,,,,,,,,,,,,,,,,,,,,,,,,165,,74,233,,69,192,,479,,184,259,,,,123,,,,104,424,269,,,,,,,361,,,183,,62,44,,,,
2026-08-06T11:35:01+00:00,74,207,,173,,8,,58,115,278,,127,132,,,65,,,,,,,143,,169,,51,,,12,667,,,54,213,,131,,,107,133,,118,,,,,,,,,289,43,109,,30,36,6,,,,,44,,,230,92,,10,,,,258,,,101,186,,,,,,,,,,,23,21,156,85,153,240,,237,,,237,,,,,179,12,154,580,42,373,173,88,,163,468,22,,468,,,,,,,,,,,,,,,,121,,,,,389,,,,,115,133,,,,,,,135,,,269,,506,,191,,87,,183,,,,,,,,,,,,,268,,984,308,111,,106,,152,218,270,93,,,50,16,,,,,,,,,,156,,160,,,,,,,52,,,,,51,,,,,,,,,,,,,,,25,,,,,,317,,9,,,,,,27,,,,,102,,,,,52,,,,,65,,,,,,97,29,98,,82,126,37,,63,-2,,237,81,214,267,,195,330,,,107,,23,,,,,,226,,70,,,,,,,,21,,,160,49,26,,,,,,,,,,110,,,119,,,,,,,,,,,,18,,,,,,,,,,,,173,83,,67,18,27,,48,320,193,,40,236,134,45,133,,,,,109,29,50,1,81,126,113,56,,118,257,17,,28,,,,,,,,,,,,,,,,,,,,,,,,,,,,,,,,421,78,98,,645,,125,211,172,291,330,,,,90,,,,,,16,,,,94,50,100,,,128,163,1,9,0,0,134,8,0,,42,,39,46,103,18,171,13,230,213,,,,,190,,119,83,,,,,,,,,,,,,,,,,,,,,,,,,,,,,,,,,164,132,,235,,63,191,85,478,27,187,258,,235,,,31,37,,100,,270,,,,,,,363,,,184,,63,43,,,28,
2026-08-06T11:40:02+00:00,73,208,,,345,5,,57,117,281,,129,130,,,56,,,,,111,380,146,285,167,,,,,14,665,26,,52,214,,,,,105,137,,116,,27,,,,,,,291,,,,25,37,,,,,1,,44,,231,91,3,,,,,252,,,103,185,287,61,95,53,96,142,,,,255,12,19,158,81,152,250,38,236,209,,239,,22,,2,171,14,,,44,375,172,85,25,165,466,,,469,3,96,74,524,83,162,464,50,,282,,,,,,,,,,,,,,,,,,,,,,,,128,,,267,,504,,192,,92,,188,,,,,,,,,,,,,,,,,,,,,,,,,,,47,16,,,,,,,,,,155,,158,,,,,,,49,,,,,,,,,,,,,,,,,,,,22,,,,,,325,,10,53,141,,,,25,,,,,,,,,,51,,,,,,,,,,,98,35,102,107,84,128,39,,74,3,5,243,89,217,265,,196,325,,,110,156,27,,,,,,225,,,,,,,,,,,,,161,50,28,3,,,,424,,,,,105,,,116,,,,,,,,,,,,19,,,,,,,,,,,,175,,9,,16,,,42,323,191,,38,239,129,44,134,,,,,111,34,55,2,84,123,114,60,,117,259,,130,,,215,97,,791,52,,87,152,64,,,,,,,,,,,,,,,,,,,,,,430,,104,,648,,124,214,,294,331,,,96,91,,,,,,19,,,179,,52,,,12,125,164,3,6,2,1,147,6,2,42,39,,40,,105,15,170,9,234,216,159,,150,,184,,117,86,,,,,,,,,,,,,,,,,,,,,,,,,,,,,,,,,161,,75,238,,,192,84,479,30,189,257,,231,,124,30,36,,99,425,,,,,,,,,,,180,,65,42,,,27,
2026-08-06T11:45:01+00:00,,206,,,343,1,,56,118,282,,136,126,,,52,,,,,113,,,287,177,,52,,,13,667,,,48,213,,135,,,106,,,117,,26,,,,,,,,,110,,,,7,,,,2,41,43,85,,,,,,,,253,,,,184,,59,103,55,93,145,,188,,256,11,16,156,80,,247,37,,210,2,238,,,,1,,2,,583,,369,175,82,22,164,469,,,468,1,,,,,,,,,,,,,,,119,,,,,391,,,,,120,134,,,,,,,,,,,,,,,,,,,,,,,,,,,,,,,263,411,985,304,113,,105,114,151,217,273,99,,,40,16,5,26,,,,,,,,151,,156,,,,,,,50,,,23,,,,,,,,,,,,,,,,,25,,,,,,326,,,,,,,,26,,,,,101,,,,,50,,,,,,,,,,,99,24,100,108,83,129,41,,81,2,6,234,87,220,261,224,194,323,88,,108,154,26,,1008,,,,226,,69,,,,,,,,22,,,,48,26,,,,,423,,,,,98,,,112,,,,,,,,,,,,,,,,,,,,,,,,173,86,6,,18,,58,49,326,187,,39,240,130,42,132,,,10,,,37,,1,87,,113,63,70,110,265,15,132,,,216,96,53,798,53,,,,59,,,,,,,,,,,,,,,,,,,,,,,,,,,,,,,,,,,,,,,,,,,,,,,,,,,,,0,2,1,0,,5,6,,,,,,,,,,,,,,,,,,,,,,,,,,,,,,,,,,,,,,,,,,,,,,,,,,,,,130,,242,,62,189,82,478,26,193,256,,230,,123,,35,,98,423,268,,,,,,,365,,,183,,64,41,,,,
2026-08-06T11:50:01+00:00,,203,55,172,341,4,,53,127,279,,138,123,,,45,,,,,117,,147,289,182,,51,,,,671,,,49,216,,139,,,107,136,,116,,25,,,,,,,289,,,,,35,,,,171,1,42,47,84,232,90,4,,,,,250,,,102,,,,,,,,,,,,,,,,,,,,,,,,,,,,,,,,,,,,,,,,,,,,,,,,,,,,,,,,122,,,,,390,,,,,122,133,,,,,,,133,,,270,,506,,197,,94,,193,,,,,,,,,,,,,,,,,,,,,,,,,1,,34,16,6,,,,,,,,,154,,155,,,,,,,48,,,24,,53,,,,,,,,,,,,,,,30,,,,,,330,,11,52,,,,,29,,,,,,,,,,48,,,,,,,,,,,100,27,,109,79,126,39,,82,,,227,90,,268,225,195,,,,109,,,,1009,,,,220,,68,,,,,,,,21,,,160,49,27,4,,,,422,,,,,102,,,115,,,,,,,,,,,,20,,,,,,,,,,,,171,85,9,65,17,,59,53,328,186,,38,239,,,128,,,,,109,33,57,,95,,112,62,74,109,274,,,,,215,102,,791,50,,89,,55,,,,,,,,,,,,,,,,,,,,,,427,79,107,,647,,,212,,293,,,,,89,,,,,,24,,,177,93,46,98,,13,129,165,7,0,3,4,144,7,8,43,37,,44,52,103,13,173,,233,222,165,,152,,179,,118,80,,,,,,,,,,,,,,,,,,,,,,,,,,,,,,,,,,131,74,238,,53,184,83,,24,189,257,,234,,,,36,,97,424,266,,,,,,,368,,,,,,,,,,
2026-08-06T11:55:01+00:00,74,202,,173,339,3,,55,130,277,,134,122,,,38,,,,,,383,146,,183,,49,,,14,668,,,51,212,,136,,,106,,,112,,,,,,,117,,288,41,,,,36,6,,,,2,37,50,83,,,6,9,,,,251,,,99,185,283,55,100,59,96,,,189,,,,,,,,,,,,,,,,,,,,,,,,,,,,,,,,,100,73,531,85,166,467,52,,281,,,,,,,,,,,,,,,,,,,,,,,,,,,,,,,,,,,,,,,,,,,,,,,,259,,986,295,112,216,100,111,,214,264,108,4,,33,16,5,9,,,,,,,,152,,156,,,,,,,49,,,,,54,,,,,,,,,,,,,,,,,,,,,335,,,50,140,,,,28,,,,,103,,,,,,,,,,66,,,,,,105,14,102,,78,127,37,,84,0,,222,85,216,271,,196,324,,,108,153,,,1010,,,,223,,67,,,,,,,,,,,159,51,25,5,,,,423,,,,,97,,,113,,,,,,,,,,,,17,,,,,,,,,,,,168,86,7,,21,28,,50,324,190,35,,241,128,39,126,7,,,74,106,29,,,96,125,111,,75,104,276,,133,29,,217,96,,798,56,,92,,60,,,,,,,,,,,,,,,,,,,,,,422,78,106,,650,,125,211,,291,332,,,,,,,,,,,,,179,,47,97,,15,130,,0,,0,1,139,6,4,41,35,,42,49,110,,170,14,228,224,166,,148,,171,,117,79,,,,,,,,,,,,,,,,,,,,,,,,,,,,,,,,,159,,73,234,,48,177,,476,,191,258,,235,,122,29,,,,419,264,,,,,,,365,,,184,,67,40,,,34,
2026-08-06T12:00:02+00:00,70,205,,,343,,,50,137,278,,132,124,,,39,,,,,118,380,151,288,177,,,,,,666,,,49,,,137,,,,133,,,,,,,,,118,,286,40,,,23,34,7,,,,,42,49,,,92,4,11,,,,,,,,,282,50,101,65,94,,,190,,259,9,,152,81,153,239,40,233,,,236,,23,,,178,4,,585,45,354,178,75,24,159,476,,,,,,71,,87,164,470,51,,,,,,,,125,,,,,,,,,,119,134,,,,,,,134,,,272,,503,,187,,,,195,,,,,,,,,,,,,,,,,,,,,,,,,0,,29,16,8,13,,,,,,,,151,,154,,,,,,,51,,,25,,,,,,,,,,,,,,,,,37,,,,,,339,,,,139,,,,29,,,,,102,,,,,49,,,,,,,,,,,119,19,105,,,128,36,,88,5,,,89,214,280,227,193,325,,,106,156,23,,1014,,,,221,,63,,,,,,,,23,,,,53,29,4,,,,426,,,,,103,,,112,,,,,,,,,,,,20,,,,,,,,,,,,171,,6,,23,,,48,329,,,,237,127,36,125,,,,75,104,28,49,3,97,121,107,63,76,100,290,14,,28,,214,99,,801,57,,,153,59,,,,,,,,,,,,,,,,,,,,,,427,,104,,651,,121,209,170,288,,,,97,90,,,,,,20,,,177,92,48,93,,21,131,163,,6,1,3,138,3,3,,,,,,,,,,,,,,,,,,,,,,,,,,,,,,,,,,,,,,,,,,,,,,,,,,,,161,132,,233,,50,181,,471,19,184,,,233,,120,30,37,,98,417,,,,,,,,367,,,180,,66,,,,,
2026-08-06T12:05:01+00:00,72,206,54,,349,1,,44,133,274,,,126,,,43,,,,,119,381,,290,,,,,,13,667,27,,47,211,,140,,,104,135,,,,,,,,,117,,287,,,,24,35,,,,,,43,47,,234,91,0,,125,,,247,,,,187,,,,,,,,,,260,12,10,153,80,154,240,39,,,,237,,22,,,172,,,584,44,357,,,27,,478,,,,1,98,75,537,91,158,471,,,,,,,,,,,,,,,,,,,,,,,,,,,,,,,,,,,,,,,,,,,,,,,,,,,257,409,980,302,111,212,,,,211,271,106,1,,27,16,6,15,,,,,,,,154,,152,,,,,,,50,,,24,,56,,,,,,,,,,,,,,,38,,,,,,340,,,48,,,,,,,,,,,,,,,,,,,,65,,,,,,127,13,112,107,74,133,37,,94,7,,,87,211,287,,192,327,89,,107,154,,,1022,,,,,,64,,,,,,,,,,,160,58,,6,,,,,,,,,104,,,115,,,,,,,,,,,,,,,,,,,,,,,,177,85,,,22,29,60,49,331,192,36,,239,129,33,122,,,,,102,25,,,,118,,65,72,101,307,15,,29,,,104,54,806,54,,94,154,,,,,,,,,,,,,,,,,,,,,,,,,101,,653,,123,206,168,289,,,,95,91,,,,,,21,,,176,90,,,,25,,165,,16,4,0,142,4,5,39,31,,44,50,117,16,171,13,227,218,163,,152,51,177,,116,82,,,,,,,,,,,,,,,,,,,,,,,,,,,,,,,,,162,131,71,232,,42,,,468,20,182,,,232,,121,,36,,101,418,265,,,,,,,370,,,183,,70,39,,,39,
2026-08-06T12:10:01+00:00,74,,,,345,6,,43,139,272,,125,131,,,45,,,,,120,382,,291,175,,,,,12,663,,,,214,,139,,,102,140,,111,,,,,,,119,,292,,112,,,34,6,,,,,42,,,,,,,124,,,,,,96,189,274,,93,59,93,150,,,,,,,,,,,,,,,,,,,,,,,,,,,,,,,,,,,,,,,,,,,,,,,,,123,,,,,,,,,,,136,,,,,,,128,,,273,,498,,191,,91,,196,,,,,,,,,,,,,,,,,,,,,,,,,,,25,16,2,21,,,,,,,,153,,,,,,,,,49,,,,,57,,,,,,,,,,,,,,,36,,,,,,351,,12,,,,,,24,,,,,105,,,,,,,,,,,,,,,,128,,119,,72,136,41,,100,6,,218,84,208,290,226,191,332,,,108,155,,,1037,,,,222,,67,,,,,,,,,,,161,,27,7,,,,428,,,,,105,,,114,,,,,,,,,,,,,,,,,,,,,,,,178,88,,68,23,31,,52,,,,,241,130,34,123,,,,,104,20,50,0,104,113,,67,71,100,324,14,132,31,,,,,,,,,,,,,,,,,,,,,,,,,,,,,,,,,,97,,654,,126,,160,290,331,,,92,89,,,,,,23,,,177,87,49,91,,,132,163,2,13,0,,149,8,4,,,,,,,,,,,,,,,,,,,,,,,,,,,,,,,,,,,,,,,,,,,,,,,,,,,,163,132,69,224,,48,182,,,,174,260,,234,,,29,41,,,,,,,,,,,371,,,186,,,,,,44,
2026-08-06T12:15:01+00:00,73,204,,,349,5,,39,141,274,,126,,,,42,,,,,,383,150,290,180,,48,,,,662,,,46,,,141,,,99,141,,,,24,,,,,,,293,39,,,22,37,5,,,,3,,46,,,93,,,,,,,,,95,191,,,,,,,,,,259,7,15,160,85,150,247,38,231,211,5,238,1,,117,,174,,155,583,45,364,179,73,,164,495,,,469,,95,74,548,92,152,468,,,,,,,,,,,,,,,,,,,,,,,,,,,129,,,271,,501,,204,,93,,203,,,,,,,,,,,,,258,412,988,306,113,215,101,,150,212,268,108,2,,29,16,,,,,,,,,,152,,153,,,,,,,50,,,,,,,,,,,,,,,,,,,,34,,,,,,352,,13,52,140,,,,21,,,,,,,,,,,,,,,64,,,,,,133,28,,106,73,,40,,108,,,216,77,209,283,227,189,336,90,,,157,25,,1043,,,,220,,66,,,,,,,,22,,,159,60,30,6,,,,427,,,,,,,,117,,,,,,,,,,,,,,,,,,,,,,,,179,89,,,19,32,,56,,195,37,,248,132,32,124,,,9,76,,17,47,1,108,110,105,72,67,101,347,13,,32,,210,94,56,811,,,92,151,,,,,,,,,,,,,,,,,,,,,,,432,,95,,656,,125,204,162,287,330,,,94,86,,,,,,,,,182,86,51,87,,24,133,164,,17,3,,145,9,7,42,35,263,46,52,114,11,169,22,225,221,162,,149,,183,,118,78,,,,,,,,,,,,,,,,,,,,,,,,,,,,,,,,,165,,67,216,,43,184,84,471,24,179,261,,233,,,33,43,,,419,262,,,,,,,375,,,185,,73,,,,45,
2026-08-06T12:20:01+00:00,74,,,,347,6,,37,146,276,,132,136,,,,,,,,122,380,156,289,184,,51,,,14,669,28,,49,,,145,,,100,142,,,,25,,,,,,,294,38,113,,21,38,,,,169,,41,51,,,,1,,,,,252,,,,190,265,48,100,64,,151,,189,,263,11,13,167,90,155,,36,229,,6,241,,,,3,175,21,,587,44,363,186,76,,163,507,,,470,2,96,,546,85,151,467,50,,283,,,,,,117,,,,,389,,,,,117,142,,,,,,,,,,,,,,,,,,,,,,,,,,,,,,,,,,,,,,,,,,,0,,30,16,0,,,,,,,,,155,,151,,,,,,,,,,,,60,,,,,,,,,,,,,,,,,,,,,347,,14,54,142,,,,,,,,,,,,,,,,,,,,,,,,,132,29,117,,79,,44,,113,,,215,79,216,289,226,183,335,91,,111,150,26,,1048,,,,,,,,,,,,,,,,,,,28,4,,,,,,,,,,,,118,,,,,,,,,,,,19,,,,,,,,,,,,,91,9,71,17,,62,59,332,193,,,254,134,31,132,,,7,,,20,42,5,113,108,109,76,73,102,357,11,130,33,,211,88,,816,60,,,153,58,,,,,,,,,,,,,,,,,,,,,,443,76,99,,654,,124,,161,288,,,,96,90,,,,,,,,,186,85,55,90,,31,138,165,3,14,5,3,134,,8,43,34,264,47,51,115,16,165,20,219,220,164,,151,,188,,122,80,,,,,,,,,,,,,,,,,,,,,,,,,,,,,,,,,162,,70,213,,46,,85,467,,,266,,235,,122,35,44,,103,418,,,,,,,,374,,,190,,72,38,,,,
2026-08-06T12:25:01+00:00,76,201,,,351,7,,39,142,274,,133,138,,,39,,,,,,383,154,285,186,,50,,,15,668,27,,47,215,,142,,,99,141,,109,,26,,,,,121,,291,,,,19,37,7,,,170,2,46,50,,235,94,,12,,,,254,,,92,194,264,,102,65,94,154,,,,,,,,,,,,,,,,,,,,,,,,,,,,,,,,,,,,,,,,,,,,,,,,,116,,,,,,,,,,,143,,,,,,,130,,,268,,505,,206,,92,,202,,,,,,,,,,,,,260,411,994,296,114,,106,112,,210,265,98,,,31,16,7,16,,,,,,,,160,,152,,,,,,,51,,,23,,63,,,,,,,,,,,,,,,36,,,,,,348,,11,55,,,,,25,,,,,103,,,,,,,,,,65,,,,,,129,37,119,107,77,132,40,,114,7,,220,78,221,294,224,182,339,,,118,,,,1051,,,,225,,65,,,,,,,,,,,165,57,27,3,,,,426,,,,,111,,,114,,,,,,,,,,,,,,,,,,,,,,,,181,,,,16,,,63,330,201,,,,139,26,,,,,,,21,43,6,118,107,110,77,71,101,382,12,129,32,,212,93,57,814,,,94,,59,,,,,,,,,,,,,,,,,,,,,,447,,102,,656,,,206,164,,331,,,95,87,,,,,,,,,184,86,57,91,,29,142,,7,15,7,5,122,11,4,,,,,,,,,,,,,,,,,,,,,,,,,,,,,,,,,,,,,,,,,,,,,,,,,,,,165,,68,218,,42,182,86,468,18,178,268,,237,,123,34,45,,102,416,263,,,,,,,375,,,188,,71,39,,,51,
2026-08-06T12:30:01+00:00,75,202,,,347,8,,40,144,272,,132,140,,,40,,,,,,,160,286,188,,51,,,13,669,,,48,,,143,,,98,140,,107,,,,,,,119,,296,37,,,21,36,,,,169,,44,52,,,,5,,,,,258,,,93,192,,,,,,,,,,264,7,15,168,94,154,240,,,,11,,1,21,,1,178,23,,588,46,,185,77,28,165,508,,,471,,,,,,,,,,,,,,,,,,,,,,,,,,,,,,,,,,,,,270,,506,,205,,90,,204,,,,,,,,,,,,,,,,,,,,,,,,,,,34,16,6,17,,,,,,,,,,154,,,,,,,49,,,,,,,,,,,,,,,,,,,,35,,,,,,343,,,54,,,,,,,,,,104,,,,,50,,,,,,,,,,,,38,115,106,,130,34,,118,6,,219,83,222,297,,,340,,,120,152,24,,1061,,,,227,,64,,,,,,,,21,,,164,56,28,4,,,,425,,,,,109,,,111,,,,,,,,,,,,20,,,,,,,,,,,,,92,10,70,13,33,,,334,204,,,251,140,27,135,,,,,103,26,44,4,120,106,111,85,73,99,392,11,,33,,213,100,56,817,55,,95,155,66,,,,,,,,,,,,,,,,,,,,,,445,,112,,658,,126,204,159,289,330,,,97,85,,,,,,24,,,185,83,56,88,,32,,167,11,26,14,0,114,10,6,,29,267,,50,112,14,161,21,224,217,163,,155,,,,121,81,,,,,,,,,,,,,,,,,,,,,,,,,,,,,,,,,169,,69,221,1,41,184,89,472,11,176,267,,,,124,32,46,,101,413,264,,,,,,,371,115,,196,,,37,,,55,
2026-08-06T12:35:02+00:00,79,205,,,360,10,,43,142,273,,136,143,,,39,,,,,123,384,159,,186,,52,,,15,675,,,50,,,144,,,100,135,,105,,25,,,,,121,,298,,,,19,37,6,,,,1,46,54,,,97,6,,,,,260,85,,,189,258,45,111,,100,153,,,,265,14,26,173,98,,243,35,,,17,246,,,,7,180,24,,593,45,365,191,78,33,171,535,,2,,5,,,,,,,,,,,,,,,118,,,,,390,,,,,120,144,,,,,,,,,,,,,,,,,,,,,,,,,,,,,,,,410,996,299,,216,104,,152,207,270,95,4,,,16,7,13,,,,,,,,159,,153,,,,,,,50,,,,,64,,,,,,,,,,,,,,,17,,,,,,352,,10,59,143,,,,22,,,,,103,,,,,53,,,,,,,,,,,137,46,120,108,76,129,36,,111,11,,221,78,227,304,226,184,342,,,121,154,22,,1064,,,,228,,63,,,,,,,,22,,,160,58,29,7,,,,,,,,,113,,,,,,,,,,,,,,,,,,,,,,,,,,,185,93,15,,9,,61,71,338,205,,,257,138,,,,,,75,102,20,51,0,122,104,107,95,68,98,401,,128,31,,216,98,58,826,53,,96,153,81,,,,,,,,,,,,,,,,,,,,,,448,75,,,656,,131,,165,,331,,,,87,,,,,,23,,,188,80,,85,,23,147,170,14,30,,,96,2,7,,,,,,,,,,,,,,,,,,,,,,,,,,,,,,,,,,,,,,,,,,,,,,,,,,,,171,131,68,227,-100,48,185,,,,,268,,,,,30,,,100,414,262,,,,,,,368,,,201,,,38,,,,
2026-08-06T12:40:02+00:00,80,207,,,365,9,,47,140,274,,132,141,,,38,,,,,125,,164,288,,,,,,,685,,,49,212,,147,,,,136,,104,,26,,,,,122,,299,36,,,18,38,,,,,,,53,,,,5,13,123,,,,5,,94,187,,,,,,,,,,,,,,,,,,,,,,,,,,,,,,,,,,,,,,,,,90,82,558,87,154,469,51,,280,,,,,,,,,,,,,,,,,,,,,,,,133,,,271,,512,,207,,92,,207,,,,,,,,,,,,,,,,,,,,,,,,,5,,30,16,4,24,,,,,,,,160,,155,,,,,,,,,,24,,66,,,,,,,,,,,,,,,14,,,,,,,,9,60,144,,,,23,,,,,105,,,,,52,,,,,,,,,,,141,45,114,,75,127,38,,117,12,,226,75,230,311,224,181,344,,,119,159,21,,1069,,,,226,,64,,,,,,,,,,,163,59,30,,,,,424,,,,,,,,110,,,,,,,,,,,,,,,,,,,,,,,,189,,13,68,,,62,79,340,207,,,259,139,,133,,,,74,100,23,,,,100,108,96,70,,408,,127,30,,,,,,,,,,,,,,,,,,,,,,,,,,,,,,,,,76,116,,655,,,202,162,288,,,,,,,,,,,,,,,,,,,24,,169,10,32,17,7,84,6,,44,34,271,48,47,116,13,,29,221,218,162,,164,50,190,,124,78,,,,,,,,,,,,,,,,,,,,,,,,,,,,,,,,,172,133,,226,,54,186,90,471,7,,,,232,,,,47,,97,416,260,,,,,,,,,,203,,70,40,,,53,
2026-08-06T12:45:01+00:00,83,214,,,371,7,,46,142,272,,,144,,,37,,,,,,380,,291,187,,53,,,16,684,,,,213,,,,,99,137,,106,,,,,,,,,303,,114,,20,37,,,,170,2,,,,,98,7,,,,,262,,,93,186,257,29,106,75,98,155,,190,,266,15,,171,101,153,,36,231,,14,249,1,22,118,,182,22,,,,366,193,80,31,169,532,,,,3,,,,,,,,,,,,,,,117,,,,,392,,,,,125,146,,,,,,,,,,,,,,,,,,,,,,,,,,,,,,,,407,992,296,,220,102,113,151,214,275,90,2,,31,16,0,32,,,,,,,,162,,156,,,,,,,47,,,25,,67,,,,,,,,,,,,,,,19,,,,,,353,,8,59,,,,,24,,,,,103,,,,,54,,,,,66,,,,,,147,51,119,107,80,130,42,,118,10,,,66,231,315,226,,343,89,,112,158,23,,1073,,,,230,,,,,,,,,,,,,166,57,31,2,,,,,,,,,116,,,111,,,,,,,,,,,,,,,,,,,,,,,,180,94,15,74,8,,,83,341,204,,40,261,140,30,135,,,,73,106,26,47,,128,97,111,99,65,,414,14,125,31,,,105,,835,60,,,152,78,,,,,,,,,,,,,,,,,,,,,,449,,,,,,,,,,,,,98,,,,,,,21,,,190,79,,86,,27,143,,11,41,20,0,77,14,1,45,33,,51,49,115,15,165,30,228,225,163,,168,,186,,126,79,,,,,,,,,,,,,,,,,,,,,,,,,,,,,,,,,,132,67,222,,53,,,,2,174,,,,,123,31,49,,98,417,,,,,,,,372,,,202,,71,39,,,,
2026-08-06T12:50:01+00:00,85,213,,,375,,,54,145,275,,,146,,,,,,,,126,,163,289,182,,56,,,,683,29,5,,215,,145,,,,136,,108,,27,,,,,,,306,,,,,38,7,,,171,5,48,51,,,96,8,,122,,,264,,,,190,,,,,,,,,,267,12,29,169,98,154,245,,233,,9,251,,25,117,3,181,16,,597,44,367,196,81,33,170,536,,,,,,,,,,,,,,,,,,,,,,,,,,,,,,,,,,,,,121,,,263,,502,,216,,94,,204,,,,,,,,,,,,,,,,,,,,,,,,,1,,30,16,4,40,,,,,,,,,,154,,,,,,,45,,,26,,69,,,,,,,,,,,,,,,,,,,,,346,,,60,,,,,17,,,,,105,,,,,53,,,,,67,,,,,,,,118,108,83,127,35,,112,12,,,,234,322,227,186,340,90,,111,151,26,,1079,,,,229,,62,,,,,,,,23,,,,59,27,3,,,,423,,,,,114,,,113,,,,,,,,,,,,,,,,,,,,,,,,178,95,14,75,4,,,85,,202,,,264,142,28,134,,,8,,109,23,51,,132,96,112,100,,99,418,13,124,,,218,108,59,832,58,,,153,84,,,,,,,,,,,,,,,,,,,,,,446,,,,656,,132,204,161,291,330,,,97,90,,,,,,,,,186,78,,,,32,144,171,10,,22,,75,,,,,,,,,,,,,,,,,,,,,,,,,,,,,,,,,,,,,,,,,,,,,,,,,,,,,,173,,66,226,,52,,90,,8,165,267,,230,,125,33,51,,100,419,257,,,,,,,377,,,193,,70,42,,,,
2026-08-06T12:55:01+00:00,84,,,172,381,9,,51,147,,,,148,,,,,,,,,379,168,292,188,,58,,,,689,,4,47,214,,146,,,104,139,,109,,,,,,,,,305,,,,18,,,,,172,,53,,,234,95,10,,124,,,,,,96,188,,27,110,78,97,156,,,,,,,,,,,,,,,,,,,,,,,,,,,,,,,,,,,,,,,,,,,,,,,,,109,,,,,391,,,,,120,,,,,,,,,,,,,,,,,,,,,,,,,,,,,,,,259,408,1001,288,112,,100,114,149,216,284,99,0,,,16,0,34,,,,,,,,165,,156,,,,,,,46,,,24,,,,,,,,,,,,,,,,,18,,,,,,344,,9,,145,,,,20,,,,,,,,,,,,,,,,,,,,,145,61,,,86,125,44,,110,,7,225,57,233,327,226,185,339,91,,112,145,27,,1087,,,,232,,61,,,,,,,,,,,169,60,26,,,,,425,,,,,112,,,115,,,,,,,,,,,,,,,,,,,,,,,,,94,16,,5,,,,342,199,,,,,26,,,,7,74,111,19,52,,137,90,110,101,64,98,428,,123,30,,,,,,,,,,,,,,,,,,,,,,,,,,,,,,,,441,,118,,654,,,,156,289,332,,,96,88,,,,,,,,,185,74,54,85,,29,,169,14,43,27,,79,16,8,47,29,274,50,42,,17,168,25,230,220,165,,170,,195,,127,84,,,,,,,,,,,,,,,,,,,,,,,,,,,,,,,,,,,69,231,4,51,188,91,469,13,177,,,232,,126,32,50,,99,416,258,,,,,,,,,,,,71,,,,57,
2026-08-06T13:00:01+00:00,85,214,,,387,10,,53,,277,,124,153,,,,,,,,127,377,172,298,191,,,,,20,692,28,5,46,213,,,,,106,140,,111,,25,,,,,124,,309,,,,17,,,,,171,,57,54,,,96,,15,125,,,265,,,95,187,,,,,,,,,,265,2,,175,104,156,244,37,234,212,25,250,,,118,1,195,28,,,48,366,204,,,168,557,,,,5,92,84,563,83,154,468,52,,277,,,,,,,,,,,,,,,,,,,,,,,,123,,,257,,507,,215,,,,212,,,,,,,,,,,,,,,,,,,,,,,,,,,26,16,,31,,,,,,,,,,158,,,,,,,52,,,25,,70,,,,,,,,,,,,,,,11,,,,,,349,,8,58,,,,,15,,,,,104,,,,,54,,,,,,,,,,,,,121,109,85,122,46,,112,14,8,223,44,,329,231,184,,,,115,142,20,,1092,,,,235,,,,,,,,,,22,,,168,59,23,4,,,,422,,,,,107,,,118,,,,,,,,,,,,19,,,,,,,,,,,,180,95,15,74,9,32,,81,337,197,,,262,143,27,135,,,,75,113,,55,,139,,,104,63,97,441,,124,,,,113,,827,57,,94,151,81,,,,,,,,,,,,,,,,,,,,,,439,77,116,,,,,205,157,290,334,,,95,,,,,,,20,,,,,55,86,,24,,166,18,56,32,1,78,19,,,31,275,52,46,,,166,29,231,224,164,,175,,194,,130,87,,,,,,,,,,,,,,,,,,,,,,,,,,,,,,,,,176,,68,232,5,53,186,93,471,14,172,264,,234,,127,31,51,,98,417,,,,,,,,,,,184,,74,43,,,,
2026-08-06T13:05:02+00:00,81,215,,171,389,8,,54,152,,,116,158,,,40,,,,,,408,173,296,184,,60,,,,691,,0,,,,151,,,105,,,110,,24,,,,,121,,313,35,113,,20,39,,,,172,,61,,,,,12,,,,,271,,,97,184,259,33,117,83,,150,,,,264,,28,173,105,158,245,35,,,23,251,,24,,2,190,26,154,,47,367,,80,35,166,555,,,470,,,,,,,,,,,,,,,,103,,,,,,,,,,124,,,,,,,,119,,,,,508,,206,,91,,216,,,,,,,,,,,,,260,407,1010,,113,226,107,115,148,217,,102,,,33,16,,34,,,,,,,,166,,,,,,,,,55,,,26,,75,,,,,,,,,,,,,,,,,,,,,,,7,,146,,,,8,,,,,103,,,,,,,,,,68,,,,,,144,64,130,112,86,123,47,,389,,,,45,236,326,233,186,,92,,113,143,21,,1095,,,,236,,,,,,,,,,23,,,166,57,22,3,,,,426,,,,,108,,,,,,,,,,,,,,,18,,,,,,,,,,,,178,,17,73,8,,,,336,198,,,263,141,29,137,,,,74,114,23,57,,144,84,115,106,64,95,443,12,,29,,217,118,,829,59,,98,154,79,,,,,,,,,,,,,,,,,,,,,,446,79,117,,651,,136,204,165,291,336,,,96,90,,,,,,27,,,183,75,49,87,,35,146,168,17,68,29,0,80,22,4,,,,,,,,,,,,,,,,,,,,,,,,,,,,,,,,,,,,,,,,,,,,,,,,,,,,177,131,,230,,52,184,,472,12,170,265,,233,,129,30,52,,97,416,260,,,,,,,379,,,189,,75,46,,,48,
2026-08-06T13:10:01+00:00,85,216,,,,,,53,151,,,117,160,,,38,,,,,,407,,297,185,,,,,21,695,27,5,45,,,150,,,111,,,,,25,,,,,122,,315,,114,,21,,,,,171,4,,61,,,95,14,,126,,,270,,,96,186,,,,,,,,,,,,,,,,,,,,,,,,,,,,,,,,,,,,,,,,,94,94,562,80,160,473,,62,280,,,,,,,,,,,,,,,,,,,,,,,,,,,,,,,,,,,,,,,,,,,,,,,,,,,,,,,,,,,,1,,35,16,,31,,,,,,,,173,,159,,,,,,,57,,,24,,82,,,,,,,,,,,,,,,6,,,,,,344,,9,56,147,,,,7,,,,,100,,,,,,,,,,,,,,,,,58,128,111,87,124,55,,387,,,225,53,242,330,,190,340,91,,116,140,20,,1099,,,,235,,62,,,,,,,,,,,,54,23,,,,,425,,,,,113,,,119,,,,,,,,,,,,19,,,,,,,,,,,,,96,,72,7,,63,75,329,193,36,,267,,33,,,,8,,,27,56,,148,82,123,,66,94,449,11,123,28,,,,,,,,,,,,,,,,,,,,,,,,,,,,,,,,,,118,,,,,,,,,,,97,,,,,,,,,,,,,,,,,,,56,36,,76,23,7,45,34,276,57,48,119,20,167,39,227,222,165,,185,49,195,,132,,,,,,,,,,,,,,,,,,,,,,,,,,,,,,,,,,182,132,,231,6,58,,90,475,15,169,266,,,,127,32,53,,95,417,,,,,,,,382,,,190,,77,44,,,49,
2026-08-06T13:15:02+00:00,83,218,55,,388,,,55,147,279,,115,164,,,,,,,,,406,177,289,184,,,,,,703,,2,46,215,,149,,,113,142,,,,,,,,,,,316,,,,20,41,,,,,5,60,64,86,,94,16,,124,,,275,,,97,,258,45,121,86,95,141,,,,265,3,37,180,110,160,239,31,236,213,27,255,,25,,12,,34,153,600,45,361,208,82,33,159,563,,3,471,7,,,,,,,,,,,,,,,105,,,,,394,,,,,125,141,,,,,,,120,,,258,,505,,215,,95,,226,,,,,,,,,,,,,261,405,1017,287,,229,106,116,149,218,278,106,0,,40,16,5,36,,,,,,,,177,,,,,,,,,58,,,25,,84,,,,,,,,,,,,,,,,,,,,,345,,11,55,146,,,,13,,,,,99,,,,,,,,,,,,,,,,,63,132,110,88,122,61,,388,13,,222,51,247,333,235,196,336,92,,117,141,21,,1101,,,,241,,61,,,,,,,,24,,,167,,26,,,,,424,,,,,112,,,123,,,,,,,,,,,,,,,,,,,,,,,,177,,22,,13,31,,82,,,,41,269,142,30,142,,,,,115,26,54,,149,81,130,115,61,92,463,12,,30,,220,120,,819,65,,96,153,89,,,,,,,,,,,,,,,,,,,,,,445,,,,649,,134,206,164,,334,,,99,92,,,,,,29,,,186,72,53,90,,39,153,170,20,63,37,,103,25,12,44,31,275,64,50,,19,174,37,225,230,163,,,,201,,134,91,,,,,,,,,,,,,,,,,,,,,,,,,,,,,,,,,187,133,70,,4,54,179,91,472,19,176,267,,,,,33,,,94,418,259,,,,,,,380,,,189,,,45,,,,
2026-08-06T13:20:01+00:00,85,225,,,386,6,,54,,278,,117,170,,,39,,,,,,407,182,287,190,,,,,,704,,0,47,,,,,,115,,,109,,,,,,,124,,321,33,115,,19,40,6,,,172,,,65,,235,,18,,,,,274,,,,188,257,57,127,92,96,145,,,,269,,36,185,113,161,244,32,,215,24,,1,26,117,,195,47,154,601,,358,213,85,36,156,565,,,,,98,89,557,88,168,474,,63,279,,,,,,112,,,,,397,,,,,,140,,,,,,,118,,,253,,508,,228,,93,,236,,,,,,,,,,,,,,,,,,,,,,,,,2,,52,16,,43,,,,,,,,180,,160,,,,,,,55,,,26,,86,,,,,,,,,,,,,,,9,,,,,,342,,,53,,,,,16,,,,,98,,,,,53,,,,,,,,,,,,66,131,,90,119,62,,389,14,9,,42,252,337,237,,343,,,118,143,,,1111,,,,244,,63,,,,,,,,25,,,170,51,,4,,,,426,,,,,117,,,129,,,,,,,,,,,,,,,,,,,,,,,,172,,,74,11,,64,,323,196,,,270,140,28,145,,,7,,116,28,55,,,,129,,62,,477,11,122,29,,,,,,,,,,,,,,,,,,,,,,,,,,,,,,,,449,,122,,,,135,,169,290,,,,104,93,,,,,,31,,,187,,52,88,,38,158,172,46,61,39,,201,29,11,,,,,,,,,,,,,,,,,,,,,,,,,,,,,,,,,,,,,,,,,,,,,,,,,,,,190,,,230,-100,62,181,,474,,,270,,238,,,35,54,,96,416,258,,,,,,,377,,,199,,81,43,,,43,
2026-08-06T13:25:01+00:00,86,230,56,,380,5,,,,280,,123,,,,40,,,,,,405,187,285,195,,61,,,22,707,28,,,214,,146,,,118,143,,108,,27,,,,,126,,325,,,,18,,,,,,6,,66,,,95,,14,,,,271,,,100,186,,,,,,,,,,,,,,,,,,,,,,,,,,,,,,,,,,,,,,,,,,,,,,,,,,,,,,,,,,,,,,,,,,,,,,,,,,,,,,,,,,,,,,,,,,,,,,,,,262,401,1020,285,114,227,103,118,,217,277,105,0,,50,16,,49,,,,,,,,,,162,,,,,,,,,,,,87,,,,,,,,,,,,,,,,,,,,,340,,12,,,,,,20,,,,,100,,,,,,,,,,,,,,,,143,70,141,107,,123,63,,391,13,,223,45,,339,238,200,346,,,115,144,20,,1119,,,,245,,61,,,,,,,,24,,,168,52,,3,,,,423,,,,,116,,,142,,,,,,,,,,,,,,,,,,,,,,,,174,,,72,16,,66,80,328,194,,,271,141,31,,,,,,,,61,,152,80,126,116,63,94,491,12,121,28,,,113,,812,61,,,,85,,,,,,,,,,,,,,,,,,,,,,453,78,123,,,,133,,,292,,,,102,94,,,,,,29,,,188,73,47,87,,30,161,173,49,50,42,,220,33,14,46,33,277,66,48,117,22,172,39,231,231,165,,182,47,197,,135,94,,,,,,,,,,,,,,,,,,,,,,,,,,,,,,,,,192,,72,225,1,,180,90,,13,183,269,,240,,131,31,55,,97,417,261,,,,,,,,,,,,80,39,,,,
2026-08-06T13:30:02+00:00,81,229,,,381,4,,56,143,278,,,175,,,,,,,,129,406,188,290,201,,60,,,,714,27,2,48,213,,144,,,117,144,,,,,,,,,,,,,,,,39,,,,,8,64,63,,,94,20,,125,,,,,,99,187,260,41,128,96,,142,,,,271,6,38,187,117,,253,33,238,217,31,259,,,,13,196,44,155,602,43,368,218,87,44,154,596,23,,470,,102,,,91,164,463,50,65,284,,,,,,102,,,,,406,,,,,124,139,,,,,,,117,,,257,,,,224,,90,,246,,,,,,,,,,,,,,,,,,,,,,,,,5,,56,16,,62,,,,,,,,183,,160,,,,,,,57,,,29,,,,,,,,,,,,,,,,,12,,,,,,350,,,54,145,,,,23,,,,,97,,,,,,,,,,,,,,,,142,69,138,106,,128,72,,393,12,,230,47,251,347,,,350,,,116,142,18,,,,,,249,,66,,,,,,,,,,,,,,,,,,425,,,,,120,,,146,,,,,,,,,,,,18,,,,,,,,,,,,175,97,21,75,10,30,,,318,198,,40,273,142,34,144,,,,72,,25,59,,156,88,128,118,64,92,500,11,,29,,222,103,60,813,65,,92,152,90,,,,,,,,,,,,,,,,,,,,,,456,79,128,,650,,135,209,166,291,341,,,103,96,,,,,,,,,189,74,58,89,,29,162,175,56,44,52,,227,37,6,45,39,276,73,46,120,24,,42,226,233,163,,187,,198,,,97,,,,,,,,,,,,,,,,,,,,,,,,,,,,,,,,,196,134,70,219,-100,66,184,91,478,4,189,266,,241,,132,32,54,,,415,259,,,,,,,374,,,198,,82,,,,,
2026-08-06T13:35:01+00:00,80,234,,,387,1,,55,145,277,,131,173,,,41,,,,,132,407,194,,205,,,,,,715,28,4,47,214,,145,,,118,143,,,,,,,,,,,327,,,,20,40,5,,,,,61,61,,,,27,15,,,,,,,100,185,,,,,,,,,,272,,39,,120,163,257,,,,32,260,1,,,10,198,34,,,42,371,221,88,48,,601,,,,9,,,,,,,,,,,,,,,,,,,,,,,,,,,,,,,,,,,,255,,517,,,,84,,247,,,,,,,,,,,,,310,553,1123,406,113,225,163,,229,316,383,117,6,,64,16,3,,,,,,,,,187,,,,,,,,,55,,,31,,92,,,,,,,,,,,,,,,22,,,,,,352,,11,56,144,,,,32,,,,,98,,,,,,,,,,70,,,,,,143,82,139,109,94,132,74,,389,,,232,41,252,346,237,198,351,95,,117,137,14,,1120,,,,246,,67,,,,,,,,25,,,167,51,24,4,,,,426,,,,,114,,,144,,,,,,,,,,,,17,,,,,,,,,,,,176,98,22,73,9,,,82,320,196,,39,271,,32,146,,,,,115,29,,,,91,129,122,67,98,505,,119,28,,,102,,812,67,,,153,,,,,,,,,,,,,,,,,,,,,,,461,78,127,,,,134,208,162,292,340,,,100,,,,,,,33,,,192,75,55,90,,27,168,176,61,52,56,2,231,38,8,,,,,,,,,,,,,,,,,,,,,,,,,,,,,,,,,,,,,,,,,,,,,,,,,,,,198,,68,212,2,65,181,,476,3,190,267,,,,131,30,,,101,,258,,,,,,,,,,205,,,38,,,,
2026-08-06T13:40:01+00:00,78,237,,172,390,,,57,,279,,133,176,,,45,,,,,,403,198,294,210,,63,,,,713,,7,49,,,146,,,120,142,,,,,,,,,125,,,31,,,,38,6,,,173,,68,67,,,95,29,,,,,270,,,97,184,275,36,141,102,102,141,,191,,277,5,50,189,123,167,271,29,242,,34,266,,28,,15,206,19,,604,43,373,231,93,54,157,603,,,472,8,100,84,570,85,156,467,51,68,280,,,,,,96,,,,,408,,,,,127,142,,,,,,,,,,,,,,,,,,,,,,,,,,,,,,,,,,,,,,,,,,,5,,68,16,9,72,,,,,,,,190,,161,,,,,,,,,,33,,94,,,,,,,,,,,,,,,14,,,,,,351,,13,58,,,,,31,,,,,100,,,,,52,,,,,71,,,,,,,76,145,,96,135,78,,388,15,,230,,254,347,,195,347,97,,112,,21,,1127,,,,254,,65,,,,,,,,28,,,165,52,26,6,,,,429,,,,,109,,,140,,,,,,,,,,,,18,,,,,,,,,,,,180,100,25,74,10,,64,95,321,198,,38,277,138,33,,,,,73,116,37,57,1,164,,,130,59,103,530,10,,29,,,,,,,,,,,,,,,,,,,,,,,,,,,,,,,,457,,,,,,139,210,161,291,,,,99,95,,,,,,32,,,193,74,,93,,29,,,67,65,,5,240,45,,44,48,275,74,47,117,22,171,,228,236,,,186,,204,,133,105,,,,,,,,,,,,,,,,,,,,,,,,,,,,,,,,,203,133,,205,4,69,177,,475,8,191,266,,245,,133,32,53,,104,414,254,,,,,,,375,116,,198,,81,41,,,,
2026-08-06T13:45:01+00:00,71,238,,,393,,,59,140,281,,131,178,,,48,,,,,,,202,297,216,,65,,,21,712,,9,48,215,,147,,,118,,,,,,,,,,,,328,,,,,40,,,,,,71,70,,,,30,18,,,,,,,,186,,,,,,,,,,,,,,,,,,,,,,,,,,,,,,,,,,,,,,,,,99,86,573,90,154,471,49,72,283,,,,,,102,,,,,413,,,,,,143,,,,,,,,,,252,,527,,226,,83,,253,,,,,,,,,,,,,,557,1118,417,116,232,161,121,230,315,385,124,8,,65,16,15,84,,,,,,,,189,,160,,,,,,,61,,,,,,,,,,,,,,,,,,,,17,,,,,,358,,,59,143,,,,34,,,,,102,,,,,53,,,,,,,,,,,140,80,153,110,,133,82,,397,17,10,236,42,253,355,242,193,349,98,,114,,22,,1135,,,,251,,66,,,,,,,,27,,,164,53,25,7,,,,430,,,,,110,,,142,,,,,,,,,,,,,,,,,,,,,,,,183,101,26,71,6,,,99,323,204,,,284,141,30,142,6,,,,,31,55,0,166,96,131,131,57,,539,,120,,,223,91,63,811,74,,96,151,86,,,,,,,,,,,,,,,,,,,,,,463,,126,,652,,142,211,158,292,341,,,101,94,,,,,,,,,196,75,,,,34,163,175,78,,63,1,250,,9,,,,,,,,,,,,,,,,,,,,,,,,,,,,,,,,,,,,,,,,,,,,,,,,,,,,206,132,69,,1,74,180,90,476,7,197,264,,248,,136,33,50,,103,415,253,,,,,,,379,,,203,,80,,,,,
2026-08-06T13:50:01+00:00,72,239,,,389,,,62,146,284,,130,181,,,52,,,,,133,399,201,291,221,,66,,,,715,27,11,47,213,,148,,,120,141,,109,,26,,,,,123,,,,116,,,37,7,,,174,10,73,67,,,,,19,,,,,,,99,182,266,,143,,99,,,193,,276,1,48,199,125,169,,,,,33,271,1,,,18,204,9,156,606,44,381,229,98,58,159,620,,,471,,,,,,,,,,,,,,,,,,,,,,,,,,,,,,,,,,,,,,,,,,,,,,,,,,,,,,,,,,,,,,,,,,,,,,7,,64,16,11,94,,,,,,,,193,,158,,,,,,,62,,,32,,95,,,,,,,,,,,,,,,34,,,,,,368,,12,56,,,,,45,,,,,104,,,,,52,,,,,72,,,,,,142,78,156,108,101,136,81,,400,,,234,38,250,351,244,198,345,101,,103,132,20,,1146,,,,256,,,,,,,,,,28,,,159,52,24,6,,,,431,,,,,116,,,141,,,,,,,,,,,,,,,,,,,,,,,,,,,,,,,,,,,,,,,,,,,,,,,,,,,,,,,,,,,,89,64,812,77,,101,,95,,,,,,,,,,,,,,,,,,,,,,461,,124,,651,,149,207,154,291,,,,,,,,,,,,,,,79,52,91,,32,169,174,77,68,64,,257,,10,45,,276,78,44,,25,173,46,229,238,,,187,,205,,132,104,,,,,,,,,,,,,,,,,,,,,,,,,,,,,,,,,207,133,,200,-100,75,177,,475,6,,267,,246,,,30,51,,,419,,,,,,,,,,,211,,82,42,,,,
2026-08-06T13:50:02+00:00,,,,,,,,,,,,,,,,,,,,,,,,,,,,,,,,,,,,,,,,,,,,,,,,,,,,,,,,,,,,,,,,,,,,,,,,,,,,,,,,,,,,,,,,,,,,,,,,,,,,,,,,,,,,,,,,,,,,,,,,,,,,,,,,,,,,,,,,,,,,,,,,,,,,,,,,,,,,,,,,,,,,,,,,,,,,,,,,,,,,,,,,,,,,,,,,,,,,,,,,,,,,,,,,,,,,,,,,,,,,,,,,,,,,,,,,,,,,,,,,,,,,,,,,,,,,,,,,,,,,,,,,,,,,,,,,,,,,,,,,,,,,,,,,,,,,,,,,,,,,,,,,,,,,,,,,,,,,,,,,,,,,,,,,,,,,,,,,,,,,,,,189,102,25,,14,,65,101,321,201,,,290,,33,146,,,6,72,118,28,52,,170,99,,136,56,107,548,8,118,28,,,,,,,,,,,,,,,,,,,,,,,,,,,,,,,,,,,,,,,,,,,,,,,,,,,,,,,,,,,,,,,,,,,,,,,,,,,,,,,,,,,,,,,,,,,,,,,,,,,,,,,,,,,,,,,,,,,,,,,,,,,,,,,,,,,,,,,,,,,,,,,,,,,,,,,,,,,,,,,
2026-08-06T13:55:01+00:00,70,241,,,396,2,,67,144,287,,128,,,,,,,,,136,,206,285,226,,65,,,,723,,9,51,214,,150,,,,,,108,,27,,,,,122,,,30,,,15,,,,,173,,70,72,,,94,29,,,,,266,,,,178,263,40,141,,98,138,,,,,,,,,,,,,,,,,,,,,,,,,,,,,,,,,,,100,80,579,93,166,467,50,77,284,,,,,,99,,,,,420,,,,,130,146,,,,,,,113,,,250,,522,,236,,85,,261,,,,,,,,,,,,,309,554,1124,423,115,237,,,235,317,379,131,2,,63,16,,89,,,,,,,,192,,160,,,,,,,61,,,31,,97,,,,,,,,,,,,,,,31,,,,,,370,,,,142,,,,44,,,,,,,,,,,,,,,73,,,,,,143,74,160,107,107,139,89,,393,15,,228,33,251,354,,197,339,102,,,127,25,,1149,,,,261,,67,,,,,,,,29,,,157,53,,,,,,,,,,,117,,,144,,,,,,,,,,,,,,,,,,,,,,,,193,100,24,70,,29,64,106,324,,,,292,,30,,,,,73,117,,,,172,98,,141,52,108,569,11,119,,,224,93,,816,86,,99,150,93,,,,,,,,,,,,,,,,,,,,,,465,79,,,646,,148,,146,290,342,,,102,,,,,,,34,,,197,80,68,85,10,33,178,171,79,72,,7,253,44,7,,,,,,,,,,,,,,,,,,,,,,,,,,,,,,,,,,,,,,,,,,,,,,,,,,,,214,,68,198,1,76,179,88,,-209,196,268,,,,138,31,54,,106,,254,,,,,,,,,,202,,,,,,,
2026-08-06T14:00:02+00:00,,240,,,401,3,,65,150,285,,129,,,,54,,,,,,401,214,284,225,,,,,,725,,4,54,220,,153,,,,136,,,,29,,,,,,,331,28,,,16,,,,,,9,71,75,,,,27,,124,,,267,,,95,181,,,,,,,,,,279,13,42,210,126,167,280,27,281,218,,,,29,,22,208,5,,610,46,386,227,102,60,160,627,,,473,5,,,,,,,,,,,,,,,,,,,,,,,,,,,,,,,,,,,,,,,,,,,,,,,,,,,,,,,,,,,,,,,,,,,,,4,,70,16,9,96,,,,,,,,196,,156,,,,,,,63,,,32,,98,,,,,,,,,,,,,,,41,,,,,,367,,11,,,,,,43,,,,,,,,,,53,,,,,,,,,,,142,75,166,106,113,143,96,,392,20,,229,31,,361,247,203,340,,,101,123,23,,1157,,,,268,,69,,,,,,,,30,,,158,52,,3,,,,436,,,,,124,,,150,,,,,,,,,,,,,,,,,,,,,,,,188,,23,,15,28,63,111,319,200,,,295,142,28,147,,,9,72,118,25,,,179,102,,145,51,106,591,8,,29,2,225,85,65,813,90,,,154,89,,,,,,,,,,,,,,,,,,,,,,466,,121,,648,,152,205,141,289,344,,,103,95,,,,,,33,,,199,,,,,30,177,168,81,83,72,6,259,,13,47,60,274,,49,113,27,170,53,223,247,165,,193,,216,,147,98,,,,,,,,,,,,,,,,,,,,,,,,,,,,,,,,,220,132,70,194,5,81,178,,473,,194,,,245,,,32,52,,103,417,253,,,,,,,,,,201,,85,41,,,,
2026-08-06T14:05:01+00:00,73,,,,403,2,,67,153,284,,137,184,,,52,,,,,137,400,215,,,,63,,,,735,,2,55,218,,,,,116,140,,110,,31,,,,,,,332,26,,,20,38,,,,,10,72,77,,,92,,,125,,,,,,92,176,259,38,148,107,,134,,,,280,12,40,212,125,171,277,26,,219,43,277,3,,,23,211,,157,611,47,389,232,104,76,163,631,,,,6,98,84,584,99,167,464,,80,292,,,,,,120,,,,,432,,,,,128,148,,,,,,,125,,,249,,525,,239,,86,,274,,,,,,,,,,,,,310,555,1133,425,,239,166,125,236,320,383,135,11,,76,16,16,106,,,,,,,,197,,155,,,,,,,66,,,34,,100,,,,,,,,,,,,,,,40,,,,,,371,,13,55,,,,,,,,,,105,,,,,52,,,,,74,,,,,,,88,174,109,117,145,98,,388,22,11,230,38,256,364,249,210,338,,,105,119,20,,1159,,,,270,,70,,,,,,,,31,,,,54,29,4,,,,,,,,,,,,149,,,,,,,,,,,,17,,,,,,,,,,,,190,99,22,,13,,61,112,,,,,297,,,150,,,,73,117,,56,,185,106,,151,,107,625,9,120,31,,,,,,,,,,,,,,,,,,,,,,,,,,,,,,,,460,,123,,647,,149,,143,290,345,,,102,94,,,,,,,,,195,81,66,,,29,172,166,,86,78,5,272,42,8,48,54,273,81,46,112,26,173,49,227,246,164,,198,45,221,,152,99,,,,,,,,,,,,,,,,,,,,,,,,,,,,,,,,,222,,71,186,7,85,179,,474,,190,269,,244,,,30,51,,104,414,256,,,,,,,384,,,205,,88,,,,41,
2026-08-06T14:10:02+00:00,65,244,,173,402,5,,74,163,283,,136,185,,,50,,,,,,,223,279,227,,64,,,,724,,,,216,,150,,,115,142,,,,,,,,,124,,333,,,,16,,,,,,,74,82,,,,28,,,,,259,,,,,,,,,,,,,,,,,,,,,,,,,,,,,,,,,,,,,,,,,,,,,,,,,,,,,,,,,,,,,,,,,,,,,,,,,,,,,,,,,,,,,,,,,,,,,,,,,,,,,,,,,,,,,,,,,8,,84,16,,119,,,,,,,,200,,154,,,,,,,,,,,,99,,,,,,,,,,,,,,,44,,,,,,376,,12,,,,,,46,,,,,104,,,,,51,,,,,,,,,,,,92,184,111,123,,101,,390,27,,233,42,263,375,253,219,337,101,,111,125,24,,1168,,,,273,,,,,,,,,,33,,,159,55,,5,,,,439,,,,,131,,,152,,,,,,,,,,,,22,,,,,,,,,,,,189,98,24,68,11,,62,114,317,193,,,,143,27,,,,10,,118,19,61,,198,105,130,155,50,109,640,8,,30,8,227,118,,833,98,,100,156,85,,,,,,,,,,,,,,,,,,,,,,463,77,122,,646,,153,207,141,291,344,,,101,92,,,,,,34,,,197,85,75,84,,26,170,163,85,94,79,6,282,47,11,,,,,,,,,,,,,,,,,,,,,,,,,,,,,,,,,,,,,,,,,,,,,,,,,,,,224,,70,183,5,86,180,87,477,3,188,268,,243,,,,,,103,415,260,,,,,,,391,,,215,,89,42,,,47,
2026-08-06T14:15:01+00:00,,245,,,407,4,,73,164,285,,,186,,,,,,,,139,396,228,278,224,,65,,,,731,,6,,214,,149,,,116,,,,,,,,,,,,335,25,117,,14,40,,,,174,,72,85,,,94,26,20,,,,257,,,95,182,265,41,,111,106,136,,,,281,17,45,217,133,173,291,,282,,55,283,,,116,,,17,158,614,48,388,237,,79,168,639,,,474,7,97,80,591,98,163,461,,85,300,,,,,,112,,,,,437,,,,,132,145,,,,,,,119,,,244,,528,,252,,83,,280,,,,,,,,,,,,,311,553,1142,426,,,162,126,237,324,392,,11,,77,16,20,134,,,,,,,,198,,152,,,,,,,69,,,,,,,,,,,,,,,,,,,,50,,,,,,378,,14,,,,,,45,,,,,103,,,,,,,,,,,,,,,,139,101,191,,129,148,104,,396,24,,,43,267,379,256,,342,102,,110,128,22,,1181,,,,272,,69,,,,,,,,34,,,163,52,33,,,,,441,,,,,133,,,155,,,,,,,,,,,,24,,,,,,,,,,,,,,,,12,27,,119,315,195,,,304,154,25,151,,,,74,121,,63,1,201,107,128,159,51,,661,9,123,31,,,,,,,,,,,,,,,,,,,,,,,,,,,,,,,,,,,,,,,,,,,,,,,,,,,,,,,,,,,,,,,84,93,84,9,290,45,12,53,,274,82,52,109,23,169,44,225,244,165,,203,,223,,151,93,,,,,,,,,,,,,,,,,,,,,,,,,,,,,,,,,226,133,72,176,10,87,177,88,479,-209,190,270,,,,,31,,,102,,257,,,,,,,393,,,223,,92,43,,,,
2026-08-06T14:20:01+00:00,,247,,174,409,9,,72,161,288,,131,188,,,49,,,,,137,394,229,284,220,,62,,,,742,,1,58,,,151,,,120,143,,,,,,,,,,,337,24,,,13,,8,,,,,,92,,,93,27,,,,,,,,87,181,,,,,,,,,,283,26,62,227,138,176,299,23,293,,60,285,,28,,32,214,11,,729,44,385,235,105,88,174,660,,,,8,,,,,,,,,,,,,,,,,,,,,,,,,,,,,,,,,,,,,,,,,,,,,,,,,,,,,,,,,,,,,,,,,,,,,17,,80,16,21,153,,,,,,,,,,,,,,,,,,,,,,,,,,,,,,,,,,,,,45,,,,,,387,,15,54,141,,,,43,,,,,,,,,,,,,,,,,,,,,143,110,203,113,127,152,105,,393,,,,47,268,382,261,223,336,105,,112,129,19,,1188,,,,270,,71,,,,,,,,,,,162,54,29,10,,,,442,,,,,,,,162,,,,,,,,,,,,25,,,,,,,,,,,,184,101,23,71,7,,59,125,324,194,35,,312,163,26,154,,,,72,126,22,,,216,108,134,167,43,108,677,7,122,30,14,233,131,,842,92,,98,159,80,,,,,,,,,,,,,,,,,,,,,,466,,124,,642,,160,210,154,,345,,,104,91,,,,,,36,,,201,87,72,78,,30,172,168,,,,,,,,49,56,271,83,53,110,26,168,51,223,239,,,208,44,,,,100,,,,,,,,,,,,,,,,,,,,,,,,,,,,,,,,,230,131,71,179,13,85,176,86,480,,193,269,,245,,139,30,49,,104,418,260,,,,,,,394,,,238,,88,44,,,45,
2026-08-06T14:20:02+00:00,,,,,,,,,,,,,,,,,,,,,,,,,,,,,,,,,,,,,,,,,,,,,,,,,,,,,,,,,,,,,,,,,,,,,,,,,,,,,,,,,,,,,,,,,,,,,,,,,,,,,,,,,,,,,,,,,,,,,,,,,,,,,,,,,,,,,,,,,,,,,,,,,,,,,,,,,,,,,,,,,,,,,,,,,,,,,,,,,,,,,,,,,,,,,,,,,,,,,,,202,,154,,,,,,,,,,,,102,,,,,,,,,,,,,,,,,,,,,,,,,,,,,,,,,,,,,,,,,,,,,,,,,,,,,,,,,,,,,,,,,,,,,,,,,,,,,,,,,,,,,,,,,,,,,,,,,,,,,,,,,,,,,,,,,,,,,,,,,,,,,,,,,,,,,,,,,,,,,,,,,,,,,,,,,,,,,,,,,,,,,,,,,,,,,,,,,,,,,,,,,,,,,,,,,,,,,,,,,,,,,,,,,,,,,,,,,,,,,,,,,,90,98,88,15,308,43,11,,,,,,,,,,,,,,,,,,,,,,,,,,,,,,,,,,,,,,,,,,,,,,,,,,,,,,,,,,,,,,,,,,,,,,,,,,,,,,,,,,,,,,,,,,
2026-08-06T14:25:01+00:00,64,244,,,,5,,,,,,124,186,,,48,,,,,136,398,234,283,217,,,,,,746,26,4,60,213,,152,,,123,142,,107,,30,,,,,125,,336,,,,11,42,7,,,,,75,91,,,92,,,126,,,265,,,,182,268,50,163,107,107,134,,192,,,,,,,,,,,,,,,,,,,,,,,,,,,,,,,,,99,70,595,106,164,462,,83,306,,,,,,107,,,,,446,,,,,133,148,,,,,,,122,,,,,537,,256,,,,300,,,,,,,,,,,,,,551,1145,,118,243,161,125,241,319,393,,19,,90,16,18,179,,,,,,,,203,,155,,,,,,,71,,,33,,104,,,,,,,,,,,,,,,46,,,,,,389,,,53,,,,,42,,,,,102,,,,,52,,,,,,,,,,,151,114,205,114,130,156,111,,394,27,,238,58,,379,264,,338,107,,114,130,18,,1192,,,,276,,,,,,,,,,32,,,,56,31,12,,,,,,,,,141,,,167,,,,,,,,,,,,,,,,,,,,,,,,187,,26,70,13,,60,130,329,,36,37,316,166,29,160,,,,73,125,20,65,5,225,111,135,172,46,,679,8,,,17,231,146,,851,85,,103,,81,,,,,,,,,,,,,,,,,,,,,,458,,,,636,,165,211,149,288,347,,,103,93,,,,,,,,,203,90,,81,,33,175,167,92,103,94,14,306,46,13,,,,,,,,,,,,,,,,,,,,,,,,,,,,,,,,,,,,,,,,,,,,,,,,,,,,238,,69,183,,89,177,85,478,,196,271,,246,,,29,50,,108,419,262,,,,,,,391,,,241,,89,,,,,
2026-08-06T14:30:02+00:00,65,,,,,,,70,164,287,,111,,,,50,,,,,133,399,239,287,213,,64,,,20,750,,,62,,,,,,,,,104,,32,,,,,,,337,,,,10,41,8,,,,,74,96,,234,91,24,,,,,258,,,84,180,,,,,,,,,,284,27,,232,143,181,313,,292,,65,286,,27,115,34,216,2,,736,45,391,237,,92,175,666,,,475,9,,,,,,,,,,,,,,,,,,,,,,,,,,,,,,,,,,,,,,,,,,,,,,,,,,,,,,,,,,,,,,,,,,,,,16,,89,16,21,193,,,,,,,,201,,154,,,,,,,,,,31,,107,,,,,,,,,,,,,,,50,,,,,,390,,12,52,143,,,,46,,,,,105,,,,,53,,,,,75,,,,,,153,115,204,117,133,157,114,,395,28,,,49,272,382,267,228,333,109,,118,121,25,,1207,,,,280,,72,,,,,,,,,,,164,54,,11,,,,,,,,,145,,,169,,,,,,,,,,,,27,,,,,,,,,,,,188,102,,74,12,,62,128,,196,,,,168,27,159,,,,75,124,23,67,7,226,115,136,174,49,109,701,7,121,29,,,,,,,,,,,,,,,,,,,,,,,,,,,,,,,,,,,,,,,,,,,,,,,,,,,,,,,,,,,,,,,96,121,93,,298,48,,,61,275,85,51,,,,56,,,166,,209,,,,157,97,,,,,,,,,,,,,,,,,,,,,,,,,,,,,,,,,246,130,73,181,,88,178,,,,198,,,244,,,25,51,,107,418,,,,,,,,396,117,,249,,93,45,,,,
2026-08-06T14:35:02+00:00,,241,,,415,,,77,167,,,105,,,,,,,,,132,401,241,,212,,65,,,,751,25,9,61,211,,,,,122,,,,,,,,,,122,,341,,,,,42,,,,176,,73,103,,235,,,,,,,257,,,,181,261,56,152,108,,129,,193,,285,28,71,236,144,185,324,24,,,69,288,1,28,,36,219,8,159,737,,384,175,104,91,180,669,,,,8,100,71,619,100,,463,49,,313,,,,,,103,,,,,452,,,,,136,145,,,,,,,124,,,248,,535,,264,,85,,311,,,,,,,,,,,,,,552,1153,432,,246,166,126,,320,396,137,20,,92,16,18,199,,,,,,,,202,,153,,,,,,,73,,,,,108,,,,,,,,,,,,,,,51,,,,,,396,,9,53,145,,,,,,,,,,,,,,54,,,,,,,,,,,152,116,206,119,139,160,116,,396,25,,239,58,275,377,271,230,336,,,119,117,26,,1217,,,,,,71,,,,,,,,33,,,162,57,26,,,,,444,,,,,,,,173,,,,,,,,,,,,26,,,,,,,,,,,,,,,,,,,,,,,,,,,,,,,,,,,,,,,,,,,,,,21,232,150,67,,,,106,157,82,,,,,,,,,,,,,,,,,,,,,,459,78,125,,623,,166,,158,293,346,,,105,96,,,,,,33,,,205,92,77,80,,37,183,170,98,135,95,10,310,47,14,48,62,276,89,,,25,173,58,225,,164,,205,43,224,,161,98,,,,,,,,,,,,,,,,,,,,,,,,,,,,,,,,,254,,74,179,11,91,182,84,480,,200,,,243,,141,26,48,,105,415,259,,,,,,,398,,,246,,94,47,,,,
2026-08-06T14:40:01+00:00,66,236,,,,,,,175,286,,108,190,,,51,,,,,131,402,248,292,216,,66,,,,749,,6,63,212,,149,,,123,145,,,,,,,,,121,,345,21,118,,8,39,9,,,177,9,70,107,,,,,18,,,,,,,,178,,,,,,,,,,288,25,75,237,148,,325,,298,,81,290,,29,,51,222,3,160,743,44,381,182,106,106,184,667,,,477,,,,,,,,,,,,,,,,,,,,,,,,,,,,,,,,,,,,,,,,,,,,,,,,,,,,,,,,,,,,,,,,,,,,,,,,99,16,,212,,,,,,,,203,,154,,,,,,,74,,,32,,,,,,,,,,,,,,,,,39,,,,,,400,,10,54,142,,,,42,,,,,106,,,,,,,,,,,,,,,,,108,205,121,138,162,118,,399,23,,,,280,378,274,232,330,110,,127,120,30,,1222,,,,284,,72,,,,,,,,,,,159,59,27,12,,,,445,,,,,148,,,177,,,,,,,,,,,,24,,,,,,,,,,,,181,,24,75,21,,61,133,337,207,,,328,165,37,163,5,,,,,28,71,9,237,116,135,176,48,110,715,5,120,33,23,235,162,,849,,,107,,77,,,,,,,,,,,,,,,,,,,,,,,,,,,,,,,,,,,,,,,,,,,,,,,,,,,,,101,153,97,7,316,48,19,,,,,,,,,,,,,,,,,,,,,,,,,,,,,,,,,,,,,,,,,,,,,,,,,,,,261,129,77,178,9,92,185,83,479,3,,,,246,,142,24,46,,,419,,,,,,,,399,,,244,,96,48,,,,
2026-08-06T14:45:01+00:00,67,234,,,417,6,,72,173,290,,110,189,,,52,,,,,134,406,253,294,225,,,,,18,752,26,7,60,213,,152,,,124,147,,105,,,,,,,,,350,20,,,9,40,,,,176,7,,109,,,88,25,19,125,,,259,,,83,177,258,48,155,111,104,135,,194,,289,30,76,236,,187,,,299,,89,291,,,,49,223,1,161,747,45,373,,,111,186,668,,,,10,103,74,626,98,170,467,45,86,314,,,,,,105,,,,,461,,,,,131,148,,,,,,,128,,,245,,544,,259,,80,,320,,,,,,,,,,,,,310,546,1150,427,117,249,168,127,242,315,391,136,29,,102,16,12,223,,,,,,,,,,151,,,,,,,,,,,,,,,,,,,,,,,,,,,38,,,,,,397,,6,52,,,,,39,,,,,108,,,,,,,,,,,,,,,,151,120,210,123,148,166,123,,396,21,,,54,283,386,278,233,319,108,,,112,34,,1230,,,,285,,,,,,,,,,,,,,60,,11,,,,447,,,,,152,,,178,,,,,,,,,,,,,,,,,,,,,,,,173,,,73,22,,62,134,344,204,37,,332,,40,165,,,11,74,123,30,77,10,239,118,132,182,46,111,725,6,121,37,27,,166,68,854,,,108,152,71,,,,,,,,,,,,,,,,,,,,,,463,77,124,,626,,164,210,157,,,,,107,94,,,,,,,,,204,98,78,82,,35,188,169,109,166,100,10,322,53,24,49,68,286,97,53,105,27,177,57,223,244,170,,199,,225,,,105,,,,,,,,,,,,,,,,,,,,,,,,,,,,,,,,,269,,,189,5,91,190,,,-209,206,273,,,,,,47,,101,421,260,,,,,,,,,,245,,99,50,,,32,
2026-08-06T14:50:02+00:00,65,230,,173,418,8,,69,176,287,,117,,,,43,,,,,133,408,252,297,218,,,,,,751,25,14,59,210,,156,,,,,,,,,,,,,,,351,18,117,,11,42,10,,,,6,65,112,,,87,24,20,126,,,252,,,78,180,251,47,157,114,,131,,,,,33,78,239,145,190,332,25,,,97,295,,,,52,229,6,,749,46,374,185,107,114,189,672,,,,9,,,,,,,,,,,,,,,,,,,,,,,,,,,,,,,,,,,,,,,,,,,,,,,,,,,,,,,,,,,,,,,,,,,,,,,106,16,11,231,,,,,,,,208,,156,,,,,,,75,,,,,107,,,,,,,,,,,,,,,56,,,,,,403,,4,54,,,,,43,,,,,112,,,,,53,,,,,,,,,,,152,125,209,126,147,,127,,398,22,,240,55,290,389,280,234,315,109,,134,109,32,,1238,,,,,,75,,,,,,,,34,,,155,59,,,,,,449,,,,,155,,,180,,,,,,,,,,,,25,,,,,,,,,,,,177,101,22,72,25,,61,139,345,201,,,335,159,39,166,,,12,73,122,32,72,,243,119,137,183,47,114,732,,,38,,,,,,,,,,,,,,,,,,,,,,,,,,,,,,,,458,76,123,,630,,174,204,152,292,347,,,108,98,,,,,,35,,,208,104,,86,,,194,173,111,169,102,9,337,55,27,48,66,,100,57,106,28,179,61,221,,163,,194,42,227,,159,110,,,,,,,,,,,,,,,,,,,,,,,,,,,,,,,,,274,,78,195,10,94,195,,477,1,204,271,,245,,141,,49,,,420,,,,,,,,400,118,,243,,100,49,,,,
2026-08-06T14:55:02+00:00,64,,,,421,2,,74,172,286,,118,187,,,45,,,,,134,410,,294,221,,69,,,17,756,24,13,,213,,157,,,125,146,,104,,,,,,,119,,,,116,,10,,11,,,177,,70,,,,88,26,,,,,,,,,178,,,,,,,,,,,,,,,,,,,,,,,,,,,,,,,,,,,,,,,,,99,70,634,99,169,464,44,88,,,,,,,102,,,,,468,,,,,133,147,,,,,,,134,,,240,,542,,263,,81,,328,,,,,,,,,,,,,,,1155,434,120,257,165,129,,316,385,131,24,,111,16,,215,,,,,,,,211,,159,,,,,,,72,,,,,110,,,,,,,,,,,,,,,57,,,,,,407,,,55,141,,,,,,,,,114,,,,,,,,,,,,,,,,155,134,208,125,,,131,,392,26,12,241,56,294,392,286,238,314,113,,138,108,30,,1237,,,,290,,,,,,,,,,35,,,158,,25,10,,,,,,,,,157,,,184,,,,,,,,,,,,24,,,,,,,,,,,,183,100,21,71,27,,,144,344,204,,,,157,40,164,,,,,121,,74,7,250,112,133,185,49,,740,5,118,,35,241,181,,861,91,,106,151,68,,,,,,,,,,,,,,,,,,,,,,459,,126,,626,,172,202,142,291,348,,,,99,,,,,,32,,,205,,81,82,,28,196,176,115,174,110,,349,57,26,,,,,,,,,,,,,,,,,,,,,,,,,,,,,,,,,,,,,,,,,,,,,,,,,,,,278,128,76,203,,95,,,478,6,205,276,,244,,142,25,51,,103,415,261,,,,,,,404,,,241,,126,,,,42,
2026-08-06T15:00:01+00:00,62,229,,172,427,,,73,178,285,,127,188,,,37,,,,,135,,253,296,219,,68,,,16,759,,10,57,214,,169,,,123,,,105,,33,,,,,,,356,,115,,,39,,,,,5,69,115,85,,,25,,,,,,,,75,179,239,50,162,112,103,130,,,,293,32,83,243,149,,336,23,300,,105,,,,114,56,235,13,,,,383,187,,118,190,677,,4,478,13,,,,,,,,,,,,,,,,,,,,,,,,,,,,,,,,,,,,,,,,,,,,,,,,,,,,,,,,,,,,,,,,,,,,,22,,110,16,9,223,,,,,,,,,,162,,,,,,,76,,,34,,111,,,,,,,,,,,,,,,64,,,,,,410,,,57,142,,,,41,,,,,115,,,,,52,,,,,74,,,,,,156,136,210,128,142,168,142,,394,24,,245,59,296,399,287,236,316,,,139,110,27,,1241,,,,288,,77,,,,,,,,37,,,155,,23,11,,,,450,,,,,156,,,188,,,,,,,,,,,,20,,,,,,,,,,,,188,,,72,28,,63,142,346,203,,,336,161,38,163,,,13,74,124,34,73,8,,115,135,,,113,750,3,117,37,,,,,,,,,,,,,,,,,,,,,,,,,,,,,,,,,,,,,,,,,,,,,109,,,,,,,,,,,,,,,,,,119,184,112,8,360,,32,46,67,285,107,55,103,30,177,72,219,251,155,,181,,231,,160,101,,,,,,,,,,,,,,,,,,,,,,,,,,,,,,,,,284,,106,,,90,198,84,475,4,210,278,,243,,143,24,46,,108,417,258,,,,,,,407,,,243,,124,50,,,,
2026-08-06T15:05:01+00:00,58,230,,,437,,,70,177,290,,122,191,,,43,,,,,134,415,254,301,221,,,,,,754,26,11,54,,,171,,,124,,,107,,34,,,,,118,,355,,,,11,40,9,,,,4,68,116,,,,24,,,,,250,,,,181,238,44,163,113,97,135,,196,,296,41,,249,152,194,331,27,301,221,108,,,28,116,53,236,19,163,751,,388,192,108,126,185,679,,,479,14,103,71,,100,,465,47,87,319,,,,,,101,,,,,478,,,,,138,146,,,,,,,133,,,236,,546,,270,,80,,346,,,,,,,,,,,,,312,541,1160,439,,259,164,131,243,314,380,122,21,,111,16,11,229,,,,,,,,210,,,,,,,,,79,,,32,,112,,,,,,,,,,,,,,,66,,,,,,412,,3,58,143,,,,42,,,,,,,,,,,,,,,,,,,,,157,143,217,130,,169,152,,396,26,,252,57,301,404,288,247,314,115,,142,108,28,,1244,,,,287,,78,,,,,,,,,,,,58,,13,,,,449,,,,,160,,,,,,,,,,,,,,,,,,,,,,,,,,,194,101,19,75,27,,62,149,357,208,,,337,164,40,164,,,,76,125,35,74,9,255,120,,188,53,116,753,2,116,38,45,243,187,,872,88,,107,,62,,,,,,,,,,,,,,,,,,,,,,456,,125,,624,,171,,138,290,349,,,108,,,,,,,,,,208,103,88,83,,38,195,181,117,191,111,2,358,60,35,,,,,,,,,,,,,,,,,,,,,,,,,,,,,,,,,,,,,,,,,,,,,,,,,,,,291,130,105,191,11,91,,83,481,5,209,279,,,,142,19,45,,109,419,259,,,,,,,446,119,,244,,125,48,,,,
2026-08-06T15:10:01+00:00,61,,,,442,1,,,186,292,,121,190,,,40,,,,,132,416,264,304,217,,70,,,,756,,12,,211,,170,,,127,147,,110,,35,,,,,120,,356,17,,,13,42,,,,176,,69,,,,87,,,,,,249,,,79,179,,,,,,,,,,,,,,,,,,,,,,,,,,,,,,,,,,,,,,,,,,,,,,,,,,,,,,,103,,,,,480,,,,,139,152,,,,,,,132,,,235,,548,,274,,158,,357,,,,,,,,,,,,,,,,,,,,,,,,,26,,112,16,15,232,,,,,,,,213,,,,,,,,,77,,,34,,113,,,,,,,,,,,,,,,71,,,,,,,,2,61,,,,,,,,,,114,,,,,,,,,,,,,,,,158,148,221,,146,173,154,,395,,,258,53,304,414,290,260,309,117,,144,106,32,,1246,,,,290,,81,,,,,,,,35,,,,54,27,12,,,,448,,,,,162,,,197,,,,,,,,,,,,21,,,,,,,,,,,,195,102,22,74,,29,,151,361,217,,,338,167,41,168,,,,79,126,44,76,11,258,115,,193,51,114,755,3,115,,46,242,194,69,866,87,,106,152,57,,,,,,,,,,,,,,,,,,,,,,458,77,121,,,,172,203,,288,351,,,,98,,,,,,31,,,212,,100,82,,,197,,118,202,115,0,367,62,39,45,69,284,112,52,106,31,184,81,216,,150,,182,,236,,163,105,,,,,,,,,,,,,,,,,,,,,,,,,,,,,,,,,300,129,106,197,12,95,199,82,,-209,211,283,,244,,,16,46,,,425,263,,,,,,,447,120,,242,,120,52,,,48,
2026-08-06T15:15:02+00:00,62,229,55,,451,3,,69,185,297,,125,196,,,37,,,,,131,419,273,311,214,,69,,,,758,28,10,,210,,173,,,129,145,,113,,,,,,,,,357,16,,,11,43,10,,,179,2,64,120,,,86,25,21,,,,253,,,78,177,228,43,157,,98,137,,,,,42,80,259,154,198,332,,300,,110,299,,29,,60,239,15,,754,45,394,,,131,,680,,,481,,109,78,652,102,174,460,49,92,321,,,,,,,,,,,,,,,,,,,,,,,,,,,,,,,,,,,,,,,,,,,,,,,,317,538,1169,432,122,262,169,,242,321,,130,28,,113,16,11,254,,,,,,,,215,,,,,,,,,80,,,36,,,,,,,,,,,,,,,,,70,,,,,,414,,,62,144,,,,48,,,,,112,,,,,,,,,,,,,,,,160,147,218,,147,177,160,,396,22,,262,56,,423,297,264,312,118,,147,110,33,,,,,,296,,84,,,,,,,,36,,,158,51,,10,,,,449,,,,,168,,,200,,,,,,,,,,,,18,,,,,,,,,,,,194,104,,79,31,32,64,155,365,220,,,335,168,,170,,,15,84,,41,77,10,,118,133,194,53,118,762,4,116,37,47,246,205,70,859,102,,104,,,,,,,,,,,,,,,,,,,,,,,,464,79,,,621,,173,205,128,,353,,,112,102,,,,,,30,,,211,105,115,,,48,206,,117,217,118,,381,65,42,,,,,,,,,,,,,,,,,,,,,,,,,,,,,,,,,,,,,,,,,,,,,,,,,,,,307,,107,194,11,,202,81,,,214,285,,245,,139,17,50,,107,,260,,,,,,,442,,,,,125,55,,,,
2026-08-06T15:20:01+00:00,59,227,,171,455,5,,,180,300,,,202,,,32,,,,,,,274,,,,70,,,14,759,27,9,52,213,,175,,,,,,112,,,,,,,,,359,,,,12,44,,,,,4,69,,,,88,,,,,,255,,,81,,,,,,,,,,,298,60,92,261,160,203,339,28,302,,134,303,,34,117,68,240,16,,764,44,393,201,,141,,695,,,482,20,,,,,,,,,,,,,,,99,,,,,484,,,,,136,154,,,,,,,133,,,224,,551,,284,,150,,378,,,,,,,,,,,,,,,,,,,,,,,,,25,,118,16,,272,,,,,,,,218,,161,,,,,,,,,,37,,,,,,,,,,,,,,,,,75,,,,,,416,,,63,,,,,52,,,,,113,,,,,54,,,,,,,,,,,,151,,129,151,179,167,,401,21,13,261,64,313,431,304,270,308,122,,151,114,31,,1254,,,,303,,86,,,,,,,,38,,,159,,25,11,,,,450,,,,,171,,,201,,,,,,,,,,,,20,,,,,,,,,,,,199,106,21,82,30,35,60,158,372,226,,,337,172,,168,,,,85,127,42,78,12,264,119,129,196,57,119,769,5,119,40,,,,,,,,,,,,,,,,,,,,,,,,,,,,,,,,465,,122,,620,,176,204,132,283,352,,,,101,,,,,,28,,,209,107,117,,,47,211,,118,230,121,4,395,,40,44,,285,,53,,,180,75,206,250,149,,181,,242,,165,110,,,,,,,,,,,,,,,,,,,,,,,,,,,,,,,,,310,,105,192,,98,205,79,483,,,284,,248,,141,18,,,110,424,259,,,,,,,454,,,235,,127,56,,,46,
2026-08-06T15:25:01+00:00,,,,172,459,2,,71,184,303,,129,203,,,26,,,,,129,422,280,316,216,,71,,,15,761,,11,47,214,,174,,1,130,146,,111,,36,,,,,119,,362,14,,,11,45,,,,180,8,72,127,,,,26,22,,,,254,,,80,178,,,,,,,,,,,,,,,,,,,,,,,,,,,,,,,,,,,,,,,,,,,,,,,,,,,,,,,,,,,,,,,,,,,,,,,,,,,,,,,,,,,,,,,,,,,,,,,,,,,,,,,,,,,,,,,,,,,,,,,,,,,,,,,,,,,,,,,,,,,,,,,,,,,,,,,,,,,,,,,,,,,,,,,,,,,,,,,,,,,,,,,,,,,,,,,,,,,,,271,73,317,433,,274,303,,,155,116,34,,1252,,,,,,,,,,,,,,,,,,,,,,,,,,,,,,,,,,,,,,,,,,,,,,,,,,,,,,,,,,,,,,,,,,,,,,,,,,,,,,,,,,,,,,,,,,,,,,,,,,,,,,,,,,,,,,,,,,,,,,,,,473,80,,,618,,186,203,139,277,,,,114,100,,,,,,30,,,211,,126,81,,48,219,187,,,,,,,,,,,,,,,,,,,,,,,,,,,,,,,,,,,,,,,,,,,,,,,,,,,,,,,,,,,,,,,,,,,,,,,,,,,,,,,,,,,,,,,,,,,,,,,,,
2026-08-06T15:25:02+00:00,,,,,,,,,,,,,,,,,,,,,,,,,,,,,,,,,,,,,,,,,,,,,,,,,,,,,,,,,,,,,,,,,,,,,,,,,,,,,,227,47,169,110,102,132,,,,,,,,,,,,,,,,,,,,,,,,,,,,,,,,,,,,73,668,106,192,456,,86,324,,,,,,,,,,,,,,,,,,,,,,,,,,,,,,,,,,,,,,,,,,,,,,,,321,536,1173,424,,270,171,133,,326,382,126,30,,121,16,9,276,,,,,,,,220,,164,,,,,,,,,,,,112,,,,,,,,,,,,,,,79,,,,,,419,,5,64,145,,,,,,,,,114,,,,,,,,,,,,,,,,159,159,223,126,155,180,176,,398,,,,,,,,,,,,,,,,,,,,306,,89,,,,,,,,37,,,160,54,,,,,,,,,,,178,,,,,,,,,,,,,,,22,,,,,,,,,,,,207,105,22,,31,36,,164,380,221,,,341,171,44,169,,,,84,128,41,70,11,265,121,131,,,120,773,,116,42,57,247,233,,864,,,,158,53,,,,,,,,,,,,,,,,,,,,,,,,,,,,,,,,,,,,,,,,,,,,,,,,,,,,,124,239,124,0,400,66,42,43,66,290,,,104,32,177,70,197,246,148,,,,244,,167,109,,,,,,,,,,,,,,,,,,,,,,,,,,,,,,,,,314,131,,189,15,108,213,78,482,,216,283,,247,,143,,52,,113,,262,,,,,,,456,,,234,,125,55,,,,
2026-08-06T15:30:02+00:00,,,,,462,3,,74,186,,,134,,,,22,,,,,126,424,285,317,213,,70,,,,765,,17,45,213,,,,,128,147,,,,,,,,,118,,363,,,,10,50,11,,,,7,64,132,,,90,25,,,,,,,,78,177,229,51,167,,103,137,,,,300,58,91,,166,,347,30,303,,139,304,,35,,71,,15,,765,,414,203,,148,,,,,484,22,110,67,675,110,200,462,48,83,330,,,,,,100,,,,,492,,,,,143,161,,,,,,,137,,,213,,556,,278,,142,,397,,,,,,,,,,,,,,,,,,,,,,,,,33,,123,16,11,293,,,,,,,,222,,165,,,,,,,79,,,,,,,,,,,,,,,,,,,,84,,,,,,420,,9,66,146,,,,51,,,,,115,,,,,,,,,,,,,,,,,172,225,127,154,184,184,,401,19,,275,78,320,439,,280,296,123,,157,119,32,,1250,,,,311,,87,,,,,,,,39,,,158,50,28,,,,,,,,,,180,,,204,,,,,,,,,,,,20,,,,,,,,,,,,210,,,83,34,37,61,174,386,225,,38,340,170,,171,,,14,,131,46,75,12,,,137,198,,121,776,,,41,58,248,242,,868,107,,,163,48,,,,,,,,,,,,,,,,,,,,,,,,,,,,,,,,,,,,,,,,,,,,,,,,,,,,,128,251,,1,398,68,43,,,,,,,,,,,,,,,,,,,,,,,,,,,,,,,,,,,,,,,,,,,,,,,,,,,,324,132,106,181,9,112,218,82,,2,220,,,250,,145,17,,,121,427,264,,,,,,,460,121,,236,,130,56,,,53,
2026-08-06T15:35:02+00:00,58,224,56,,461,4,,78,189,306,,129,207,,,21,,,,,125,,287,,215,,,,,13,776,28,14,41,212,,178,,0,129,149,,112,,,,,,,,,,,,,4,,10,,,,,67,136,84,,93,24,,,,,252,,,,176,,,,,,,,,,,,,,,,,,,,,,,,,,,,,,,,,,,,,,,,,,,,,,,,,,,,,,,,,,,,,,,,,,,,,,,,,,,,,,,,,,,,,,,,,,,,,,,,,323,533,1185,417,126,291,174,135,,327,380,132,34,,135,16,15,290,,,,,,,,223,,169,,,,,,,76,,,38,,114,,,,,,,,,,,,,,,89,,,,,,429,,7,68,,,,,,,,,,,,,,,51,,,,,,,,,,,158,178,228,129,153,190,189,,398,20,,281,86,321,,306,278,291,,,160,120,,,,,,,,,89,,,,,,,,40,,,160,52,,10,,,,449,,,,,185,,,207,,,,,,,,,,,,,,,,,,,,,,,,205,107,,86,,40,,169,389,227,,,,174,45,170,,,,85,133,,78,15,,125,142,200,,120,780,,122,44,,,,,,,,,,,,,,,,,,,,,,,,,,,,,,,,475,78,116,,615,,,201,141,276,355,,,115,,,,,,,,,,,104,,80,,,228,,134,265,129,2,407,71,42,45,64,292,,55,107,31,174,65,195,247,145,,179,,243,,170,,,,,,,,,,,,,,,,,,,,,,,,,,,,,,,,,,330,,105,185,8,,220,84,,8,223,282,,,,142,,50,,120,429,263,,,,,,,463,,,248,,133,57,,,,
2026-08-06T15:40:01+00:00,,228,,,469,6,,77,191,307,,132,204,,,19,,,,,128,423,291,319,213,,,,,,774,,15,46,209,,179,,,131,,,,,35,,,,,120,,,,,,2,,11,,,179,6,68,142,85,,95,,,,,,248,,,,175,226,56,175,105,107,147,,,,305,60,89,269,165,206,345,31,,,150,309,,40,,83,242,19,164,767,,417,213,,157,192,708,,,486,27,107,63,688,109,206,465,46,79,337,,,,,,98,,,,,498,,,,,149,164,,,,,,,,,,208,,,,285,,138,,404,,,,,,,,,,,,,,,,,,,,,,,,,29,,142,16,11,296,,,,,,,,222,,175,,,,,,,72,,,,,,,,,,,,,,,,,,,,90,,,,,,432,,,71,149,,,,56,,,,,117,,,,,,,,,,,,,,,,157,184,231,133,156,191,196,,399,23,,280,93,326,443,,280,277,124,,163,126,30,,1251,,,,315,,91,,,,,,,,41,,,155,55,29,11,,,,450,,,,,190,,,212,,,,,,,,,,,,22,,,,,,,,,,,,198,111,23,,36,,63,170,395,229,,,339,176,46,167,,,,,,54,83,13,266,126,139,,56,,790,,123,,53,247,240,,864,109,,98,165,41,,,,,,,,,,,,,,,,,,,,,,,,118,,613,,188,202,148,274,356,,,,102,,,,,,35,,,212,103,130,81,,50,232,189,140,287,136,0,414,72,47,44,,290,111,,105,32,178,63,189,252,142,,172,,,,174,111,,,,,,,,,,,,,,,,,,,,,,,,,,,,,,,,,334,129,,179,9,108,,83,485,15,228,280,,251,,140,14,,,117,430,262,,,,,,,,,,,,131,,,,,
2026-08-06T15:45:01+00:00,54,231,,,470,4,,76,187,310,,,209,,,18,,,,,130,426,296,321,214,,72,,,14,776,27,17,42,211,,181,,,132,,,,,,,,,,,,,,,,1,49,,,,,3,69,143,,,99,22,21,125,,,251,,,79,,,,,,,,,,,,,,,,,,,,,,,,,,,,,,,,,,,,,,,,,,,,,,,,,,,,,,,,,,,,,,,,,,,,,,,,,,138,,,211,,567,,292,,133,,416,,,,,,,,,,,,,324,529,1190,403,127,298,166,,,326,381,140,30,,135,16,7,302,,,,,,,,221,,174,,,,,,,73,,,37,,116,,,,,,,,,,,,,,,91,,,,,,441,,,70,150,,,,54,,,,,,,,,,52,,,,,73,,,,,,153,189,234,,159,194,207,,401,21,,284,104,333,441,310,285,268,126,,165,130,,,1249,,,,316,,,,,,,,,,,,,157,54,32,9,,,,449,,,,,196,,,215,,,,,,,,,,,,24,,,,,,,,,,,,197,,,84,,42,65,166,,225,,,342,178,,168,,,,89,135,52,87,18,267,,,,54,,794,6,,,54,245,243,69,856,105,,97,167,35,,,,,,,,,,,,,,,,,,,,,,467,,116,,612,,190,201,151,265,,,,116,,,,,,,,,,209,,140,83,,42,240,190,143,296,139,,430,75,,,,,,,,,,,,,,,,,,,,,,,,,,,,,,,,,,,,,,,,,,,,,,,,,,,,,339,,107,187,,106,219,84,482,20,233,279,,,,139,13,51,,,431,263,,,,,,,464,,,250,,134,59,,,45,
2026-08-06T15:50:02+00:00,,234,,,467,7,,75,188,309,,139,212,,,,,,,,131,425,299,324,212,,74,,,13,779,,22,38,210,,186,,,,148,,109,,36,,,,,,,364,13,,,0,48,,,,,,68,149,,234,,23,,124,,,250,,,78,,214,53,,107,104,150,,,,313,55,96,286,178,207,347,33,,,153,,,43,116,84,243,14,166,774,45,,224,109,168,203,721,,,487,33,101,58,696,114,212,469,,75,343,,,,,,96,,,,,502,,,,,153,158,,,,,,,,,,,,,,,,,,,,,,,,,,,,,,,,,,,,,,,,,,,35,,139,16,5,315,,,,,,,,219,,,,,,,,,72,,,38,,,,,,,,,,,,,,,,,75,,,,,,453,,,68,151,,,,58,,,,,119,,,,,51,,,,,74,,,,,,149,187,237,,160,195,217,,397,20,,290,106,336,442,,292,270,,,168,,27,,1246,,,,324,,92,,,,,,,,,,,159,,33,8,,,,450,,,,,198,,,216,,,,,,,,,,,,26,,,,,,,,,,,,193,,24,83,38,43,,173,405,226,,39,,191,,170,,,,90,,58,86,22,266,133,146,,56,122,797,2,124,,53,,284,70,869,98,,95,170,12,,,,,,,,,,,,,,,,,,,,,,471,,115,,609,,191,203,155,262,,,,115,105,,,,,,,,,207,107,151,84,,45,242,189,149,305,137,2,439,76,46,43,58,287,117,54,113,,179,66,187,249,141,,154,,248,,175,115,,,,,,,,,,,,,,,,,,,,,,,,,,,,,,,,,349,126,109,181,14,114,221,85,487,18,232,282,,254,,138,10,,,116,432,,,,,,,,463,,,,,,60,,,,
2026-08-06T15:55:01+00:00,51,237,,,462,,,74,192,308,,144,214,,,15,,,,,133,427,,319,213,,,,,,791,,19,,,,187,,,133,149,,110,,,,,,,119,,367,11,,,,49,,,,,1,72,153,,,98,,,125,,,253,,,,179,,,,,,,,,,315,49,,295,,212,355,27,305,,145,315,,47,119,95,246,21,167,778,46,424,230,108,179,206,741,,,,,,,,,,,,,,,,,,,,,,,,,,,,,,,,,,,,,139,,,210,,569,,285,,132,,423,,,,,,,,,,,,,,527,1195,,129,305,160,,243,320,379,147,32,,133,16,7,324,,,,,,,,220,,171,,,,,,,75,,,,,117,,,,,,,,,,,,,,,72,,,,,,456,,6,69,,,,,60,,,,,,,,,,,,,,,73,,,,,,146,204,240,135,164,199,221,,394,19,,177,113,338,452,311,293,265,125,,171,132,28,,1242,,,,,,91,,,,,,,,42,,,162,52,32,7,,,,,,,,,203,,,218,,,,,,,,,,,,24,,,,,,,,,,,,195,112,25,81,43,,66,174,406,229,,,,193,,171,,,,89,137,56,87,25,,132,145,,57,124,799,3,126,,,,,,,,,,,,,,,,,,,,,,,,,,,,,,,,,473,,114,,,,194,204,154,260,357,,,118,103,,,,,,31,,,206,103,,83,,48,252,190,158,316,142,0,443,78,55,42,54,,,56,114,,176,68,,247,,,150,,250,,,116,,,,,,,,,,,,,,,,,,,,,,,,,,,,,,,,,352,128,110,177,13,112,,86,492,21,234,286,,256,,139,11,53,,113,436,261,,,,,,,461,,,251,,139,,,,,
2026-08-06T16:00:01+00:00,,240,,,459,9,,77,,,,140,218,,,236,,,,,,426,302,321,214,,76,,,14,788,,,34,211,,192,,,,147,,,,,,,,,,,368,,,,,,,,,,0,71,,,,,22,22,,,,250,,,79,,204,67,184,112,112,161,,,,317,40,95,302,181,214,353,20,307,222,148,320,,49,,100,249,,,,,,227,109,186,205,743,,,,,102,62,710,117,211,467,,67,351,,,,,,98,,,,,506,,,,,154,156,,,,,,,,,,,,,,,,,,,,,,,,,,,,,,,,,,,,,,,,,,,30,,137,16,,332,,,,,,,,221,,170,,,,,,,76,,,37,,119,,,,,,,,,,,,,,,73,,,,,,460,,4,,,,,,56,,,,,121,,,,,50,,,,,72,,,,,,145,206,244,,,200,225,,395,18,,181,,346,450,317,296,258,126,,176,139,38,,,,,,,,90,,,,,,,,,,,163,54,27,4,,,,,,,,,206,,,219,,,,,,,,,,,,,,,,,,,,,,,,205,114,29,,44,,69,179,414,231,,,349,197,,172,,,15,90,140,,96,26,268,131,147,,63,125,804,,128,43,60,247,285,,,95,,,,3,,,,,,,,,,,,,,,,,,,,,,475,,112,,611,,196,,156,,359,,,,105,,,,,,33,,,204,102,153,86,,44,257,191,155,324,146,4,450,81,57,,,,,,,,,,,,,,,,,,,,,,,,,,,,,,,,,,,,,,,,,,,,,,,,,,,,356,127,111,179,11,117,223,84,494,17,242,287,,255,,138,9,54,,119,438,,,,,,,,458,,,249,,156,59,,,,
2026-08-06T16:05:01+00:00,53,239,,,458,10,,80,195,305,,141,216,,,,,,,,134,428,305,324,205,,77,,,13,785,,16,31,,,191,,,,145,,109,,,,,,,,,365,,114,,,,,,,180,,68,172,84,,101,23,,,,,255,,,78,182,207,65,191,109,108,164,,,,,,,,,,,,,,,,,,,,,,,,,,,,,,,,,,,104,64,,121,208,468,47,69,350,,,,,,97,,,,,,,,,,155,150,,,,,,,128,,,249,,573,,295,,121,,428,,,,,,,,,,,,,325,519,1205,388,135,316,155,136,245,318,380,142,27,,135,16,2,341,,,,,,,,222,,169,,,,,,,,,,,,120,,,,,,,,,,,,,,,71,,,,,,463,,,74,,,,,59,,,,,122,,,,,48,,,,,71,,,,,,143,215,,138,173,201,232,,401,23,,183,117,350,457,,298,253,,,182,142,,,1240,,,,325,,89,,,,,,,,,,,165,51,26,,,,,449,,,,,212,,,220,,,,,,,,,,,,22,,,,,,,,,,,,202,,30,,46,,,183,415,228,,,,198,47,174,,,,,143,59,101,,,,145,,65,124,,4,,,55,246,284,71,862,88,,93,172,6,,,,,,,,,,,,,,,,,,,,,,480,,111,,607,,198,,171,252,360,,,117,104,,,,,,35,,,200,103,157,89,,34,258,190,157,330,151,7,446,,61,41,53,,119,,116,31,172,62,,251,,,144,,255,,178,104,,,,,,,,,,,,,,,,,,,,,,,,,,,,,,,,,364,130,110,183,12,121,225,82,499,16,,285,,256,,136,7,52,,121,439,,,,,,,,462,,,254,,159,131,,,,
2026-08-06T16:10:02+00:00,60,242,,,463,8,,81,,,,146,224,,,231,,,,,136,,310,,214,,,,,14,786,28,18,27,210,,195,,1,139,147,,110,,,,,,,,,,10,,,,,,,,,,65,,,233,102,21,,,,,259,,,,,,,,,,,,,,320,35,94,305,184,,350,11,308,,153,,,50,,,246,17,168,782,48,426,,,195,207,759,,,,38,,,,,,,,,,,,,,,,,,,,,,,,,,,,,,,,,126,,,246,,,,309,,104,,437,,,,,,,,,,,,,,,,,,,,,,,,,26,,128,16,1,354,,,,,,,,,,172,,,,,,,74,,,35,,119,,,,,,,,,,,,,,,79,,,,,,465,,7,78,,,,,65,,,,,,,,,,49,,,,,70,,,,,,142,,251,,176,204,243,,399,25,,,126,353,472,322,301,242,128,,187,146,37,,1237,,,,328,,,,,,,,,,41,,,164,52,,7,,,,,,,,,210,,,231,,,,,,,,,,,,19,,,,,,,,,,,,209,116,31,82,47,46,73,185,414,230,,,352,199,,173,,,,91,,64,105,27,,129,146,,68,126,809,9,126,42,,245,,,874,89,,91,175,7,,,,,,,,,,,,,,,,,,,,,,484,,110,,602,,201,208,186,243,358,,,114,103,,,,,,37,,,201,104,167,84,,39,265,193,166,344,157,8,456,,,,52,285,121,,,30,174,61,185,249,,,146,,252,,182,102,,,,,,,,,,,,,,,,,,,,,,,,,,,,,,,,,371,129,111,191,13,113,226,85,501,20,,284,,259,,137,3,48,,129,441,,,,,,,,461,123,,,,164,,,,57,
2026-08-06T16:15:02+00:00,63,243,,,459,9,,87,194,304,,142,226,,,230,,,,,,429,317,326,223,,74,,,13,793,29,15,26,209,,197,,,143,,,109,,37,,,,,,,366,7,,,,51,,,,181,,62,171,,,105,18,,,,,260,,,,184,210,77,199,117,,166,,197,,321,31,98,312,179,218,355,7,,,158,322,1,,,104,248,6,169,786,47,433,231,,200,202,763,,,,41,108,77,720,122,197,,46,,355,,,,,,103,,,,,508,,,,,148,147,,,,,,,,,,,,,,,,,,,,,,,,,,,,,,,,504,1206,361,136,328,157,138,246,310,381,140,29,,132,16,2,363,,,,,,,,224,,173,,,,,,,78,,,36,,,,,,,,,,,,,,,,,80,,,,,,470,,4,79,,,,,69,,,,,123,,,,,,,,,,,,,,,,140,229,252,139,178,205,256,,397,24,,188,,357,487,,302,245,,,186,148,40,,1231,,,,322,,88,,,,,,,,,,,169,51,,6,,,,450,,,,,215,,,233,,,,,,,,,,,,20,,,,,,,,,,,,203,,,83,45,48,74,190,418,237,,40,354,198,46,,,,,89,145,66,109,26,270,133,147,,70,124,814,,,,57,243,303,70,869,87,,,,8,,,,,,,,,,,,,,,,,,,,,,,,,,,,,,,,,,,,,,,,,,,,,,,,,,,,,175,354,161,15,466,,58,,,,,,,,,,,,,,,,,,,,,,,,,,,,,,,,,,,,,,,,,,,,,,,,,,,,378,,112,192,15,115,229,,507,24,240,286,,260,,138,2,,,128,442,,,,,,,,469,,,255,,,,,,,
2026-08-06T16:20:01+00:00,65,,,,455,12,,84,,305,,145,227,,,229,,,,,137,,322,322,234,,,,,14,805,,12,23,210,,200,,0,146,,,110,,36,,,,,,,364,6,115,,,50,12,,,180,,61,172,,,106,17,,124,,,271,,,80,181,,,,,,,,,,325,25,102,314,178,219,361,,309,,164,325,,49,,115,242,29,171,795,48,429,236,111,212,207,762,,,,44,,,,,,,,,,,,,,,,,,,,,,,,,,,,,,,,,127,,,238,,574,,308,,86,,450,,,,,,,,,,,,,,,,,,,,,,,,,38,,,16,3,372,,,,,,,,227,,175,,,,,,,76,,,37,,121,,,,,,,,,,,,,,,79,,,,,,,,3,78,152,,,,,,,,,124,,,,,,,,,,,,,,,,137,241,254,,183,206,260,,399,23,,189,130,361,495,323,310,242,129,,189,,39,,1225,,,,321,,,,,,,,,,,,,167,54,28,,,,,,,,,,221,,,232,,,,,,,,,,,,21,,,,,,,,,,,,201,117,32,84,43,50,,192,421,234,,,357,197,,175,,,,88,147,67,113,,,134,148,,71,,817,10,,43,,,,,,,,,,,,,,,,,,,,,,,,,,,,,,,,483,77,106,,600,,200,209,194,240,356,,,118,102,,,,,,39,,,208,103,177,88,,36,271,192,181,364,164,14,,82,60,40,,284,122,51,117,28,181,65,184,248,137,,147,41,260,,184,99,,,,,,,,,,,,,,,,,,,,,,,,,,,,,,,,,,,111,,,117,231,83,511,33,237,287,,259,,140,1,,,131,444,258,,,,,,,470,,,259,,166,132,,,50,
2026-08-06T16:25:02+00:00,67,242,,,,,,,196,310,,148,229,,,,,,,,140,431,,325,238,,73,,,,811,,10,22,213,,,,,,146,,109,,37,,,,,,,,,,,,,,,,179,,65,174,,,,16,,,,,270,,,,177,217,82,210,122,111,156,,,,,,,,,,,,,,,,,,,,,,,,,,,,,,,,,,,110,87,726,126,203,467,,,353,,,,,,100,,,,,509,,,,,144,151,,,,,,,,,,,,,,,,,,,,,,,,,,,,,,,326,501,1214,343,,335,149,,245,307,387,,41,,134,16,1,385,,,,,,,,230,,177,,,,,,,77,,,38,,122,,,,,,,,,,,,,,,82,,,,,,469,,2,76,153,,,,75,,,,,125,,,,,,,,,,,,,,,,134,252,257,,188,203,268,,396,20,,,137,366,505,,312,234,132,,,154,43,,1216,,,,,,,,,,,,,,39,,,169,56,,7,,,,,,,,,220,,,236,,,,,,,,,,,,19,,,,,,,,,,,,196,,31,83,46,,,195,425,230,,,359,195,,176,,,16,89,146,,117,25,272,137,147,,75,127,819,,125,45,55,247,308,71,870,96,,83,176,1,,,,,,,,,,,,,,,,,,,,,,487,75,,,602,,202,211,219,238,358,,,117,,,,,,,37,,,212,,185,95,22,,277,193,187,382,162,13,470,85,59,,,,,,,,,,,,,,,,,,,,,,,,,,,,,,,,,,,,,,,,,,,,,,,,,,,,396,125,112,,17,,,,516,36,240,,,256,,139,-230,,,134,445,263,,,,,,,473,124,,255,,162,133,,,,
2026-08-06T16:30:01+00:00,70,,,,,,,81,194,308,,144,228,,,228,,,,,141,,324,321,,,,,,13,812,30,14,10,212,,203,,,144,147,,107,,,,,,,118,,363,,,,,49,,,,180,,70,179,83,,107,15,,,,,269,,,,175,211,,214,125,113,159,,,,327,23,,316,179,220,363,1,310,,166,326,1,50,118,125,243,31,,798,50,432,240,,223,212,767,24,,,46,,94,737,127,206,466,44,68,351,,,,,,104,,,,,513,,,,,145,155,,,,,,,125,,,226,,584,,316,,79,,462,,,,,,,,,,,,,,,,,,,,,,,,,40,,140,16,2,397,,,,,,,,229,,178,,,,,,,76,,,39,,124,,,,,,,,,,,,,,,72,,,,,,472,,1,75,154,,,,80,,,,,130,,,,,50,,,,,69,,,,,,130,260,,140,190,204,275,,397,23,,195,143,372,519,,310,235,,,191,155,46,,1209,,,,320,,85,,,,,,,,,,,167,,27,8,,,,,,,,,223,,,239,,,,,,,,,,,,17,,,,,,,,,,,,,,30,82,48,,,196,427,226,,,,199,,175,,,,,145,,118,24,273,,146,,74,128,822,,126,,53,,,70,885,92,,79,,0,,,,,,,,,,,,,,,,,,,,,,,,,,,,,,,,,,,,,,,,,,,,,,,,,,,,,189,391,163,19,465,86,64,39,57,285,124,49,,26,178,66,187,244,136,,146,,261,,186,89,,,,,,,,,,,,,,,,,,,,,,,,,,,,,,,,,400,126,114,187,,120,234,85,518,43,239,291,,,,140,,51,,135,448,264,,,,,,,476,,,257,,161,,,,62,
2026-08-06T16:35:01+00:00,72,241,,173,460,,,78,198,310,,141,,,,224,,,,,143,434,328,323,245,,72,,,12,823,,16,11,211,,,,,142,148,,106,,,,,,,,,362,,,,,,11,,,,,64,180,84,232,106,19,,,,,271,,,,178,,,,,,,,,,,,,,,,,,,,,,,,,,,,,,,,,,,,,,,,,,,,,,,,,,,,,,,,,,,,,,,,,,,,,,,,,,,,,,,,,,,,,,,,,,,,,,,,,325,496,1213,332,139,342,150,140,244,309,390,137,38,,141,16,,406,,,,,,,,230,,,,,,,,,77,,,41,,,,,,,,,,,,,,,,,83,,,,,,475,,,,,,,,76,,,,,,,,,,,,,,,,,,,,,136,266,262,141,192,202,282,,399,28,,199,149,375,525,327,312,236,,,194,157,47,,1195,,,,,,81,,,,,,,,43,,,168,59,,,,,,,,,,,227,,,237,,,,,,,,,,,,18,,,,,,,,,,,,188,118,31,80,49,51,,199,432,231,,,,201,,177,,,,91,144,69,123,25,,140,148,,,127,827,11,125,,,,,,,,,,,,,,,,,,,,,,,,,,,,,,,,,495,,103,,,,203,,217,231,,,,,105,,,,,,35,,,,105,190,98,12,,281,190,193,403,,20,473,87,69,,,,,,,,,,,,,,,,,,,,,,,,,,,,,,,,,,,,,,,,,,,,,,,,,,,,405,127,113,189,,125,237,,516,41,238,294,,257,,,,50,,140,447,263,,,,,,,,,,263,,167,131,,,,
2026-08-06T16:40:02+00:00,74,243,,,459,10,,82,199,,,145,229,,,221,,,,,,436,332,324,249,,,,,10,827,,19,10,,,205,,,,,,,,,,,,,114,,,,,,,48,12,,,179,,60,186,,,,21,,,,,,,,78,,209,95,220,,112,162,,,,331,15,106,328,190,,369,,314,,198,,2,,,,247,38,172,805,52,445,246,109,235,216,772,,,489,48,115,99,745,128,203,471,45,66,358,,,,,,103,,,,,518,,,,,149,154,,,,,,,124,,,222,,595,,317,,65,,468,,,,,,,,,,,,,,,,,,,,,,,,,40,,,16,0,413,,,,,,,,228,,180,,,,,,,78,,,,,125,,,,,,,,,,,,,,,76,,,,,,474,,3,76,,,,,79,,,,,,,,,,,,,,,68,,,,,,140,275,,143,195,203,,,,26,,200,158,377,530,328,320,237,134,,199,168,48,,1182,,,,324,,,,,,,,,,,,,,63,,,,,,,,,,,232,,,243,,,,,,,,,,,,19,,,,,,,,,,,,178,124,,,56,53,,,433,224,,,363,202,47,,,,15,,149,93,129,26,274,143,146,,,128,,13,123,47,46,249,287,,903,,,64,179,13,,,,,,,,,,,,,,,,,,,,,,500,,108,,604,,202,212,238,227,362,,,119,,,,,,,36,,,211,102,206,102,,28,287,,201,414,162,25,,86,70,41,56,288,128,,120,27,173,58,184,241,139,,142,42,267,,184,86,,,,,,,,,,,,,,,,,,,,,,,,,,,,,,,,,409,126,,184,,117,239,,518,51,242,,,,,,,51,,,449,265,,,,,,,473,,,271,,168,133,,,,
2026-08-06T16:45:01+00:00,81,,,,457,9,,80,197,314,,,234,,,,,,,,141,438,336,323,250,,73,,,11,832,,20,9,,,208,,,140,149,,,,,,,,,,,,,,,,50,11,,,,,55,191,,,107,,,,,,,,,80,,,,,,,,,,,,13,109,326,192,217,371,,,,204,,,51,,126,246,32,,806,51,447,250,,,218,771,,,,51,,,,,,,,,,,,,,,97,,,,,521,,,,,151,,,,,,,,122,,,215,,600,,323,,48,,477,,,,,,,,,,,,,328,492,1214,331,,344,,,243,,389,135,47,,145,16,3,424,,,,,,,,230,,184,,,,,,,79,,,,,127,,,,,,,,,,,,,,,74,,,,,,476,,2,,,,,,82,,,,,127,,,,,,,,,,,,,,,,135,286,264,144,,207,297,,397,31,,206,,379,536,329,321,238,135,,200,171,53,,1171,,,,,,,,,,,,,,44,,,166,65,26,10,,,,,,,,,237,,,245,,,,,,,,,,,,,,,,,,,,,,,,177,125,,,57,54,72,,438,225,,,,204,,,,,,,150,98,130,24,,,,,75,129,830,15,124,50,,,,,,,,,,,,,,,,,,,,,,,,,,,,,,,,,,,,,,,,,,,,,,,,,,,,,,,,,,,,,,,205,426,166,31,480,87,71,40,53,289,125,53,112,28,175,52,181,237,138,,144,,272,,183,85,,,,,,,,,,,,,,,,,,,,,,,,,,,,,,,,,413,128,112,181,,118,243,86,520,57,240,295,,258,,,,,,139,448,266,,,,,,,474,,,273,,171,131,,,,
2026-08-06T16:50:02+00:00,88,247,,,459,11,,85,,313,,147,235,,,219,,,,,,441,335,,252,,74,,,,845,29,19,10,,,207,,,141,,,105,,,,,,,112,,361,,,,,49,,,,,,,192,85,,,25,,,,,269,,,,177,206,104,226,130,116,173,,,,330,9,118,337,189,211,364,,315,,210,327,5,54,,137,248,45,,808,53,461,261,108,236,217,785,,,,46,113,107,753,,202,469,47,64,360,,,,,,,,,,,,,,,,,,,,,,,,,,,,,,,,,,,,,,,,,,,,,,,,,,,,,,,,,,,,53,,148,16,6,423,,,,,,,,229,,187,,,,,,,,,,43,,126,,,,,,,,,,,,,,,64,,,,,,480,,,72,,,,,83,,,,,125,,,,,51,,,,,,,,,,,131,292,265,,198,,302,,,,,,,378,546,331,323,239,137,,204,177,51,,1164,,,,321,,82,,,,,,,,,,,167,60,29,13,,,,,,,,,241,,,247,,,,,,,,,,,,,,,,,,,,,,,,,130,28,78,58,,,201,,229,,,364,205,,176,,,,,155,106,135,26,,146,150,,,130,,16,,,42,251,,71,919,100,,59,180,1,,,,,,,,,,,,,,,,,,,,,,510,76,104,,601,,205,215,253,229,363,,,118,106,,,,,,,,,213,101,215,104,,17,283,192,210,448,165,29,491,,76,,,,,,,,,,,,,,,,,,,,,,,,,,,,,,,,,,,,,,,,,,,,,,,,,,,,417,,110,180,,122,245,,525,65,241,299,,259,,,,,,,447,265,,,,,,,480,,,277,,169,128,,,,
2026-08-06T16:55:01+00:00,85,248,,,462,,,84,200,315,,153,237,,,216,,,,,143,444,336,326,261,,,,,12,853,28,22,,,,205,,,145,,,,,,,,,,110,,,,,,,52,13,,,,,54,191,,,,26,,,,,273,,,82,178,,,,,,,,,,,,,,,,,,,,,,,,,,,,,,,,,,,,,,,,,,,,,,,,,,,,,,,106,,,,,,,,,,148,158,,,,,,,124,,,207,,610,,334,,26,,487,,,,,,,,,,,,,,491,,322,143,352,147,142,239,306,384,125,52,,144,16,13,427,,,,,,,,230,,,,,,,,,,,,,,,,,,,,,,,,,,,,,,,,,,,482,,1,71,,,,,88,,,,,,,,,,,,,,,67,,,,,,,297,266,,199,209,310,,395,32,,216,171,,,332,330,228,139,,210,178,54,,1151,,,,322,,85,,,,,,,,42,,,165,62,33,15,,,,,,,,,,,,256,,,,,,,,,,,,18,,,,,,,,,,,,178,129,26,,60,55,,,436,228,,,366,206,,175,,,,89,154,114,142,,,,148,,74,134,829,15,,48,,,,,,,,,,,,,,,,,,,,,,,,,,,,,,,,512,,97,,598,,207,,264,227,361,,,,,,,,,,35,,,,102,218,106,,14,,189,211,463,,33,509,92,79,,56,,128,54,113,,174,50,,231,134,,139,,276,,,,,,,,,,,,,,,,,,,,,,,,,,,,,,,,,,,,419,127,140,183,21,121,251,88,,72,245,300,,260,,139,,52,,140,449,,,,,,,,478,,,288,,,129,,,90,
2026-08-06T17:00:01+00:00,88,251,,,473,14,,89,,312,,159,239,,,215,,,,,145,443,339,330,259,,77,,,,856,,18,7,209,,208,,,144,,,104,,36,,,,,,,,4,,,,,,,,180,,50,190,,231,,28,,,,,279,,,81,181,201,115,235,127,120,172,,,,331,2,,338,,215,370,1,317,,215,,2,55,,134,,44,173,809,,474,266,107,238,222,788,,,,43,116,122,760,132,205,471,49,63,355,,,,,,,,,,,,,,,,,,,,,,,,,,,,,,,,,,,,,,,,,,,,,,,,,,,,,,,,,,,,53,,138,16,15,437,,,,,,,,,,189,,,,,,,81,,,45,,127,,,,,,,,,,,,,,,,,,,,,486,,,68,,,,,,,,,,124,,,,,,,,,,,,,,,,123,306,268,,204,,315,,394,31,,219,173,380,549,,,224,,,208,181,,,1146,,,,,,,,,,,,,,43,,,164,63,30,,,,,,,,,,242,,,260,,,,,,,,,,,,,,,,,,,,,,,,,130,25,80,,56,73,204,442,224,,,367,,,174,,,,88,152,118,147,25,273,145,,,,135,,17,,,41,249,284,,917,90,,54,182,,,,,,,,,,,,,,,,,,,,,,,,,,,,,,,,,,,,,,,,,,,,,,,,,,,,,,213,478,167,37,514,,85,42,61,288,129,,112,31,171,45,183,234,132,,136,,274,,185,84,,,,,,,,,,,,,,,,,,,,,,,,,,,,,,,,,423,128,137,177,22,126,256,,523,,250,302,,262,,137,,55,,141,450,266,,,,,,,480,,,293,,174,128,,,,
2026-08-06T17:05:01+00:00,89,,,,478,13,,97,,,,160,,,,210,,,,,144,442,338,331,263,,,,,,865,,16,6,210,,210,,,145,151,,102,,39,,,,,104,,363,,114,,,,,,,181,,51,188,,232,,30,,,,,,,,79,180,,,,,,,,,,,,,,,,,,,,,,,,,,,,,,,,,,,,,,,,,,,,,,,,,,,,,,,103,,,,,522,,,,,151,165,,,,,,,116,,,193,,611,,338,,1,,497,,,,,,,,,,,,,327,480,1211,309,145,363,142,145,233,303,,127,54,,133,16,,441,,,,,,,,,,191,,,,,,,,,,44,,128,,,,,,,,,,,,,,,63,,,,,,487,,,67,,,,,90,,,,,125,,,,,,,,,,,,,,,,117,311,272,148,207,210,332,,393,,,220,179,382,556,,337,221,,,210,185,53,,1142,,,,,,84,,,,,,,,,,,161,65,28,14,,,,,,,,,239,,,266,,,,,,,,,,,,16,,,,,,,,,,,,174,131,21,78,63,,75,210,444,229,,,,,,175,,,,,148,136,0,26,272,146,,,,136,833,,128,49,43,,,,924,94,,51,,,,,,,,,,,,,,,,,,,,,,,,514,73,95,,600,,208,217,266,223,360,,,119,107,,,,,,,,,211,101,223,108,,8,288,190,,490,168,,524,95,86,,,,,,,,,,,,,,,,,,,,,,,,,,,,,,,,,,,,,,,,,,,,,,,,,,,,428,126,,,20,131,260,,525,77,249,,,263,,140,,56,,143,452,264,,,,,,,483,,,303,,184,126,,,,
2026-08-06T17:10:01+00:00,88,254,,,473,,,100,202,,,161,241,,,,,,,,145,445,341,335,270,,76,,,11,871,29,17,9,206,,211,,,144,,,,,,,,,,100,,362,2,115,,,,11,,,182,,54,187,84,,104,,,,,,286,,,81,,200,120,246,129,116,179,,,,,,115,344,188,,365,,318,,229,328,,58,117,143,251,53,,810,56,480,274,106,240,227,794,,,488,,115,133,772,,206,472,,59,361,,,,,,,,,,,,,,,,,,,,,,,,,,,,,,,,,,,,,,,,,,,,,,,,,,,,,,,,,,,,,,,,,,,,,,,,,,,,,,,,,,,,,,,,,,,,,,,,,,,,,,49,,,,,,,,0,68,,,,,97,,,,,,,,,,53,,,,,,,,,,,,,,,,,,,,,,219,181,384,568,333,340,217,140,,212,192,59,,,,,,,,,,,,,,,,,,,,,,,,,,,,,,,,,,,,,,,,,,,,,,,,,,,,,,,,,,,,,,,,,,,,,,,,,,,,,,,,,,,,,,,,,,,,,,,,,,,,,,,,,,,,,,,,,,,,,,,,,,,524,,93,,602,,211,213,276,228,359,,,,109,,,,,,33,,,209,,,114,,,287,191,,,,,,,,,,,,,,,,,,,,,,,,,,,,,,,,,,,,,,,,,,,,,,,,,,,,,,,,,,,434,125,136,181,24,132,,90,,80,252,304,,262,,143,,58,,146,454,265,,,,,,,480,,,318,,185,127,,,105,
2026-08-06T17:10:02+00:00,,,,,,,,,,,,,,,,,,,,,,,,,,,,,,,,,,,,,,,,,,,,,,,,,,,,,,,,,,,,,,,,,,,,,,,,,,,,,,,,,,,,,,,,,,,,,,,,,,,,,,,,,,,,,,,,,,,,,,,,,,,,,,,,,,,,,,,,,,,,,,,,,,,,,,,,,,,,,,,,,,,,,,,,,,,,,,,,,,,,,,,,,,58,,138,16,12,448,,,,,,,,229,,190,,,,,,,80,,,46,,,,,,,,,,,,,,,,,,,,,,,,,,,,,,,,,,,,,,,,,,,,,,,,,,,,,313,274,149,213,211,340,,390,32,,,,,,,,,,,,,,,,,,,324,,85,,,,,,,,,,,,64,30,13,,,,,,,,,,,,,,,,,,,,,,,,17,,,,,,,,,,,,181,132,,79,,,76,,443,227,,,369,,,174,,,,,,139,,25,271,147,153,,78,137,834,,,,46,251,302,,919,86,,41,,0,,,,,,,,,,,,,,,,,,,,,,,,,,,,,,,,,,,,,,,,,,,,,,,,,,,,,214,501,167,46,538,97,84,,58,290,127,58,110,,168,39,188,236,127,,126,,281,,186,88,,,,,,,,,,,,,,,,,,,,,,,,,,,,,,,,,,,,,,,,,,,,,,,,,,,,,,,,,,,,,,,,,,,,,,,
2026-08-06T17:15:01+00:00,94,255,,,479,12,,107,,311,,163,245,,,217,,,,,149,446,346,333,276,,,,,,874,,16,12,203,,213,,,145,,,101,,41,,,,,,,361,1,,,,,,,,,,61,191,,,105,29,,,,,288,,,82,181,,,,,,,,,,332,,118,342,191,217,377,3,321,,238,329,5,,116,156,254,69,174,814,,500,279,107,244,222,809,,3,489,45,116,131,779,134,209,473,,58,360,,,,,,110,,,,,,,,,,155,,,,,,,,112,,,177,,620,,352,,,,506,,,,,,,,,,,,,328,476,1212,308,,366,143,,214,299,379,121,67,,,16,11,455,,,,,,,,231,,,,,,,,,83,,,45,,,,,,,,,,,,,,,,,,,,,,,,,,,,,,,102,,,,,124,,,,,54,,,,,,,,,,,115,321,280,151,218,,355,,388,30,,223,,386,576,,341,215,141,,213,191,57,,1140,,,,323,,,,,,,,,,42,,,,65,31,,,,,,,,,,242,,,268,,,,,,,,,,,,,,,,,,,,,,,,191,135,,81,,,75,215,441,235,38,39,371,209,,175,,,,90,,143,,,,149,156,,76,,,16,,,,,,,,,,,,,,,,,,,,,,,,,,,,,,,,,,528,72,89,,605,,,211,290,225,,,,120,110,,,,,,34,,,208,,225,119,,,289,192,217,516,166,49,549,99,91,43,60,288,129,,109,30,171,40,192,243,,,124,,283,,183,87,,,,,,,,,,,,,,,,,,,,,,,,,,,,,,,,,438,124,,180,,140,261,,526,90,253,305,,,,142,,57,,145,456,267,,,,,,,481,,,323,,187,126,,,,
2026-08-06T17:20:01+00:00,99,256,,,482,11,,115,209,,,162,247,,,216,,,,,153,447,350,331,282,,75,,,10,881,28,21,11,,,215,,0,146,,,100,,,,,,,94,,360,,,,,,13,,,183,,60,194,,,,30,21,,,,289,,,81,180,192,136,249,131,119,186,,198,,,,,,,,,,,,,,,,,,,,,,,,,,,,,,,,,,,,,,,,,,,,,,,,,,,,,,,,,,,,,,,,,,,,,,,,,,,,,,,,,,,,,,,,,,,,,,,,,,,,,70,,140,16,8,465,,,,,,,,232,,193,,,,,,,,,,49,,129,,,,,,,,,,,,,,,47,,,,,,,,,64,156,,,,104,,,,,,,,,,,,,,,68,,,,,,116,328,,,219,213,363,,,31,,230,186,387,595,,346,211,144,,215,198,59,,1138,,,,326,,,,,,,,,,,,,163,63,30,9,,,,,,,,,247,,,270,,,,,,,,,,,,19,,,,,,,,,,,,182,136,19,,67,,76,212,445,240,,,375,210,,177,,,,,150,152,,26,,150,159,,77,,,17,129,50,45,252,313,70,925,88,,37,,1,,,,,,,,,,,,,,,,,,,,,,540,,86,,609,,214,208,316,226,360,,,121,,,,,,,39,,,202,104,233,126,,,291,197,,522,170,53,557,,97,,,,,,,,,,,,,,,,,,,,,,,,,,,,,,,,,,,,,,,,,,,,,,,,,,,,439,,135,184,22,143,,,,94,256,308,,263,,141,,,,148,,268,,,,,,,479,,,335,,,,,,115,
2026-08-06T17:25:01+00:00,100,,,,478,,,116,211,309,,164,,,,208,,,,,155,448,351,330,292,,,,,8,890,29,20,7,205,,216,,,148,,,99,,,,,,,83,,359,,113,,,51,14,,,,,57,198,,,,29,,,,,294,,,86,179,198,150,256,136,,185,,,,334,,120,338,193,218,,1,,,237,,9,59,,158,257,75,,816,57,505,284,,247,220,810,,,,44,,140,803,135,216,476,48,52,366,,,,,,115,,,,,523,,,,,159,171,,,,,,,109,,,159,,627,,356,,,,519,,,,,,,,,,,,,,475,1210,312,149,368,,149,198,298,371,127,74,,147,16,4,471,,,,,,,,,,,,,,,,,86,,,48,,,,,,,,,,,,,,,,,45,,,,,,489,,,66,,,,,103,,,,,,,,,,,,,,,,,,,,,115,337,277,152,223,215,367,,387,35,12,234,192,,598,335,348,209,143,,217,199,58,,1137,,,,329,,86,,,,,,,,,,,166,62,29,8,,,,,,,,,250,,,274,,,,,,,,,,,,21,,,,,,,,,,,,180,,,,69,,77,213,447,239,,,,,,178,,,,89,,154,,,272,151,161,,80,138,,,,51,,,,71,,,,,,,,,,,,,,,,,,,,,,,,,,,,,,,,,,,,,,,,,,,,,,,,,,,,,,,,,,,220,536,176,60,563,,102,42,67,286,130,62,110,,170,,193,246,130,,120,43,288,,178,86,,,,,,,,,,,,,,,,,,,,,,,,,,,,,,,,,444,123,138,185,24,146,260,89,529,99,259,,,265,,142,,55,,151,,,,,,,,,482,,,349,,,,,,,
2026-08-06T17:30:01+00:00,103,255,,,484,,,117,,310,,159,248,,,205,,,,,158,449,352,,,,74,,,,891,30,25,8,206,,221,,,,,,100,,,,,,,74,,,,109,,,52,,,,,,55,201,,,,30,,,,,,,,85,180,,,,,,,,,,336,,122,342,194,,391,,323,,251,327,10,60,118,159,265,91,,,54,512,285,110,252,,820,,,,43,,,,,,,,,,,,,,,,,,,,,,,,,,,,,,,,,,,,,,,,,,,,,,,,,,,,,,,,,,,,,,,,,,,,,75,,148,16,8,491,,,,,,,,,,192,,,,,,,85,,,49,,131,,,,,,,,,,,,,,,28,,,,,,495,,,70,,,,,107,,,,,,,,,,,,,,,,,,,,,118,343,278,153,225,217,373,,383,32,,238,199,390,602,334,351,213,,,,204,,,1136,,,,,,89,,,,,,,,,,,,64,32,9,,,,,,,,,260,,,275,,,,,,,,,,,,,,,,,,,,,,,,170,138,20,79,73,,,218,443,242,,38,376,,,175,,,,90,146,162,,28,271,154,162,,78,,,20,,53,46,,314,,937,84,,36,,4,,,,,,,,,,,,,,,,,,,,,,536,,,,618,,216,207,325,224,361,,,122,,,,,,,38,,,200,103,238,128,,,290,198,221,545,,64,572,97,104,,,,131,59,112,,165,44,198,250,128,,,,290,,181,83,,,,,,,,,,,,,,,,,,,,,,,,,,,,,,,,,446,121,141,191,30,147,262,,527,104,261,310,,267,,,,56,,153,457,266,,,,,,,485,,,351,,188,,,,122,
2026-08-06T17:35:02+00:00,,256,,174,489,7,,121,215,308,,164,249,,,204,,,,,160,,355,332,294,,73,,,,901,,24,9,,,226,,,,152,,97,,,,,,,72,,358,0,110,,,51,13,,,,,51,203,,,,28,,,,,293,,,86,181,196,152,260,133,116,186,,,,,1,,349,197,,394,2,324,,256,,8,59,119,161,,,,817,55,517,,,254,225,826,,,,42,117,150,812,140,212,480,49,48,369,,,,,,124,,,,,525,,,,,156,173,,,,,,,101,,,136,,632,,,,5,,525,,,,,,,,,,,,,,474,1215,308,153,375,142,,195,293,372,125,74,,152,16,6,508,,,,,,,,,,194,,,,,,,,,,,,,,,,,,,,,,,,,,,23,,,,,,490,,,69,,,,,104,,,,,121,,,,,52,,,,,,,,,,,122,345,279,,229,218,384,,377,33,,241,205,391,604,,350,,141,,,,64,,,,,,332,,88,,,,,,,,44,,,165,,34,,,,,,,,,,261,,,277,,,,,,,,,,,,,,,,,,,,,,,,167,,,80,79,,,222,444,240,,,378,207,,177,,,,91,,169,,,264,156,165,,79,,831,22,131,,49,,,,950,89,,39,,0,,,,,,,,,,,,,,,,,,,,,,537,71,85,,614,,220,212,346,226,363,,,123,,,,,,,39,,,202,107,243,132,12,,294,199,220,558,179,73,582,,101,,,,,,,,,,,,,,,,,,,,,,,,,,,,,,,,,,,,,,,,,,,,,,,,,,,,445,122,,,27,150,266,,528,109,268,,,269,,143,,58,,156,459,268,,,,,,,488,,,358,,,127,,,,
2026-08-06T17:40:01+00:00,105,,,,498,10,,125,,,,165,247,,,200,,,,,161,,358,338,299,,,,,,910,,25,10,208,,227,,,147,150,,96,,,,,,,66,,,,108,,,50,14,,,,,50,,,,,,,,,,297,,,84,,,,,,,,,,,,,,,,,,,,,,,,,,,,,,,,,,,,,,,,,,118,158,826,147,219,483,51,45,367,,,,,,,,,,,,,,,,,,,,,,,,,,,,,,,,,,,,,,,,,,,,,,,,,,,,,,,,,,,,75,,155,16,14,529,,,,,,,,235,,193,,,,,,,86,,,,,,,,,,,,,,,,,,,,,,,,,,491,,,,,,,,109,,,,,118,,,,,,,,,,,,,,,,118,348,278,,230,,388,,374,31,,,207,,609,,352,217,,,220,203,67,,,,,,333,,84,,,,,,,,43,,,163,70,36,10,,,,,,,,,259,,,282,,,,,,,,,,,,,,,,,,,,,,,,164,,21,77,78,,,223,443,242,,,377,206,,179,,,,,142,,,29,262,158,,,83,139,829,25,133,,47,,317,,969,95,,38,183,,,,,,,,,,,,,,,,,,,,,,,545,,,,611,,,211,353,223,362,,,,113,,,,,,,,,205,108,244,134,15,12,295,198,222,568,182,83,589,99,104,41,65,,132,,117,34,167,48,203,251,127,,117,44,295,,182,86,,,,,,,,,,,,,,,,,,,,,,,,,,,,,,,,,,,142,185,29,143,269,,529,117,272,311,,,,145,,,,160,460,269,,,,,,,487,,,372,,,,,,138,
2026-08-06T17:45:02+00:00,108,257,,,503,,,135,214,,,170,,,,199,,,,,164,453,361,336,303,,75,,,,915,,27,9,,,230,,,151,151,,,,,,,,,65,,,,,,,,,,,,,,201,,231,,,,125,,,298,,,82,184,188,159,261,135,,190,,,,,,128,,196,217,395,1,,,269,,14,,,163,263,96,,,,523,286,109,256,228,828,,,,43,,,,,,,,,,,,,,,,,,,,528,,,,,,174,,,,,,,100,,,130,,639,,363,,4,,537,,,,,,,,,,,,,,475,1220,304,,377,,,192,294,382,126,78,,156,16,17,547,,,,,,,,,,,,,,,,,84,,,50,,,,,,,,,,,,,,,,,19,,,,,,499,,,67,,,,,111,,,,,115,,,,,,,,,,69,,,,,,105,355,273,152,233,220,394,,371,,,245,206,,616,335,355,216,,,222,211,66,,1140,,,,334,,,,,,,,,,44,,,162,71,37,11,,,,,,,,,263,,,279,,,,,,,,,,,,20,,,,,,,,,,,,169,,23,,80,,,225,442,246,,,,209,,,,,,,139,178,,30,261,157,161,,86,,,,132,,44,,314,,984,99,,34,,,,,,,,,,,,,,,,,,,,,,,,,,,,,,,,,,,,,,,,,,,,,,,,,,,,,,,,570,185,,594,,106,,,,,,,,,,,,,,,,,,,,,,,,,,,,,,,,,,,,,,,,,,,,,,,,,,,,,121,141,184,,165,,90,530,122,276,317,,273,,,,59,,163,,273,,,,,,,491,,,377,,189,128,,,147,
2026-08-06T17:50:01+00:00,111,,,,508,12,,137,219,,,171,250,,,194,,,,,,457,362,340,305,,,,,9,923,,26,6,209,,234,,,152,152,,95,,,,,,,62,,,,,,,,,,,,,,,85,,,29,,,,,305,,,85,,,,,,,,,,,338,3,126,346,,219,399,,,,273,,8,58,118,161,266,103,,819,54,530,,,259,226,833,,,,44,117,160,832,151,,484,52,47,364,,,,,,127,,,,,,,,,,155,176,,,,,,,102,,,129,,642,,364,,,,540,,,,,,,,,,,,,,,,,,,,,,,,,,,154,16,19,559,,,,,,,,237,,195,,,,,,,82,,,,,,,,,,,,,,,,,,,,16,,,,,,500,,,,155,,,,113,,,,,117,,,,,51,,,,,70,,,,,,101,354,272,,,,,,368,32,,247,208,392,617,336,354,209,140,,,212,70,,1141,,,,333,,86,,,,,,,,42,,,,70,35,12,,,,448,,,,,270,,,282,,,,,,,,,,,,21,,,,,,,,,,,,179,,24,80,,,76,,443,247,,,,,,,,,,,,181,,,260,158,,,87,,826,,,,,,,,,,,,,,,,,,,,,,,,,,,,,,,,,,,554,72,84,,605,,223,,362,227,364,,,126,114,,,,,,41,,,,,250,136,29,17,,200,,576,,89,601,,109,40,61,290,,,119,33,172,52,211,,125,,112,,300,,,88,,,,,,,,,,,,,,,,,,,,,,,,,,,,,,,,,448,120,,186,31,166,272,,,125,284,,,274,,146,,60,,165,461,272,,,,,,,492,,,388,,188,,,,152,
2026-08-06T17:55:02+00:00,112,,,,512,15,,139,225,,,177,249,,,192,,,,,165,456,368,,313,,76,,,,933,,29,3,211,,238,,,151,,,,,,,,,,,,,,107,,,51,15,,,,,53,202,,,106,28,,124,,,310,,,87,,192,175,264,138,,195,,,,,,,,,,,,,,,,,,,,,,,,,,,,,,,,,,,,,,,,,,,,,,,,,,,,,,,,,,,,,,,,,,,,,,,,,,,,,,,,,,,,,,,,,,,,478,1222,308,154,382,144,,193,297,,,77,,156,16,18,575,,,,,,,,238,,197,,,,,,,83,,,,,,,,,,,,,,,,,,,,12,,,,,,501,,,68,,,,,115,,,,,,,,,,50,,,,,,,,,,,90,349,269,154,,223,398,,366,31,,246,214,393,620,337,356,213,,,223,216,69,,1142,,,,335,,84,,,,,,,,,,,166,72,37,,,,,450,,,,,276,,,285,,,,,,,,,,,,22,,,,,,,,,,,,177,137,26,82,86,,,228,442,250,,36,376,206,,178,,,,90,131,194,,29,261,156,163,,86,138,822,,,54,,249,317,,1022,100,,30,,,,,,,,,,,,,,,,,,,,,,,,572,73,90,,613,,226,212,376,228,367,,,,112,,,,,,40,,,209,107,257,142,47,36,299,207,,587,186,92,609,,,,62,291,131,62,122,,,49,217,,127,,111,45,304,,184,85,,,,,,,,,,,,,,,,,,,,,,,,,,,,,,,,,450,,142,190,,173,275,,533,132,287,,,275,,147,,61,,169,463,275,,,,,,,494,,,400,,191,,,,163,
2026-08-06T18:00:01+00:00,117,256,,,520,17,,150,229,310,,179,251,,,188,,,,,,455,365,344,321,,77,,,,943,,34,7,,,242,,,153,154,,,,,,,,,58,,,,106,,,52,,,,,,55,201,,,,30,,,,,314,,,88,190,186,182,265,,118,197,,,,,1,130,343,200,,400,2,323,,291,326,18,59,117,166,272,132,,820,51,540,287,,267,225,836,,,,40,,167,847,154,217,487,53,48,367,,,,,,128,,,,,530,,,,,157,183,,,,,,,101,,,134,,655,,368,,5,,544,,,,,,,,,,,,,,,,,,,,,,,,,,,,,,,,,,,,,,,,,,,,,,,,,,,,,,,,,,,,,,,,,,,5,,,,,,503,,,67,154,,,,,,,,,116,,,,,,,,,,,,,,,,,,,,,,,,,,,249,215,396,626,,357,,,,225,218,66,,,,,,,,,,,,,,,,,,,,,,,,,,,,,,,,,,,,,,,,,,,,,,,,,,,,,,,,,,,,,,,,,,,,,,,,,,,,,,,,,,,,,,,,,,,,,,,,,,,,,,,,,,,,,,,,,,,,,,,,,,,,,,,,,,,,,,,,,,,,,,,,,,,,,,,,,,,,,,,,,,,,,,,,,,,,,,,,,,,,,,,,,,,,,,,,,,,,,,,,,,,,,,,,,,,,452,,,198,35,176,280,,,136,285,321,,274,,149,,62,,,464,277,,,,,,,,,,413,,193,129,,,,
2026-08-06T18:00:02+00:00,,,,,,,,,,,,,,,,,,,,,,,,,,,,,,,,,,,,,,,,,,,,,,,,,,,,,,,,,,,,,,,,,,,,,,,,,,,,,,,,,,,,,,,,,,,,,,,,,,,,,,,,,,,,,,,,,,,,,,,,,,,,,,,,,,,,,,,,,,,,,,,,,,,,,,,,,,,,,,,,,,,,,,,,,,,,,,,,,,,,,,,,,,,,,,,,,,,,,,,244,,199,,,,,,,82,,,,,,,,,,,,,,,,,,,,,,,,,,,,,,,,,,,,,,,,,,,,,,,,,,,,,,,86,354,271,155,234,225,401,,367,33,,,,,,,,,,,,,,,,,,,332,,,,,,,,,,43,,,165,,35,,,,,,,,,,277,,,287,,,,,,,,,,,,,,,,,,,,,,,,179,136,,,87,,,230,,252,,,,,,175,,,,,132,,,,260,,165,,85,,819,,130,53,47,250,316,,1036,104,,29,,,,,,,,,,,,,,,,,,,,,,,,,,,,,,,,,,,,,,,,,,,,,,,,,,,,,,,224,590,187,91,622,,112,,,,,,,,,,,,,,,,,,,,,,,,,,,,,,,,,,,,,,,,,,,,,,,,,,,,,,,,,,,,,,,,,,,,,,,,,,,,,,,,,,,,,,,,,,
2026-08-06T18:05:01+00:00,118,257,,173,527,19,,153,233,,,,254,,,184,,,,,167,,367,345,326,,76,,,11,948,,32,,,,,,,,,,,,40,,,,,,,357,,105,,,,,,,,,,200,,,105,31,,,,,313,,,92,192,,,,,,,,,,,,,,,,,,,,,,,,,,,,,,,,,,,,,,,,,,,,,,,,,,,,,,,,,,,,,,,,,,,,,,,,,,,,,,,,,,,,,,,,,,,,,,,,,,479,1226,322,156,385,,151,195,295,383,132,81,,159,16,,604,,,,,,,,245,,200,,,,,,,84,,,,,,,,,,,,,,,,,,,,1,,,,,,508,,,,,,,,,,,,,118,,,,,,,,,,72,,,,,,83,361,272,158,237,227,,,370,34,,247,222,397,627,,,209,141,,,219,67,,1143,,,,334,,91,,,,,,,,44,,,169,74,,11,,,,,,,,,280,,,289,,,,,,,,,,,,,,,,,,,,,,,,,134,,83,90,,75,231,,258,,34,375,,,,,,,,131,197,,,,,168,,83,,818,27,128,,,,,,,,,,,,,,,,,,,,,,,,,,,,,,,,,582,,,,,,230,213,387,235,371,,,,113,,,,,,41,,,208,,262,145,52,38,298,214,222,597,189,99,620,,114,39,63,292,,64,123,34,174,55,223,252,128,,104,,302,,185,81,,,,,,,,,,,,,,,,,,,,,,,,,,,,,,,,,453,124,141,201,37,181,286,89,536,145,287,320,,275,,,,66,,170,462,,,,,,,,499,,,418,,198,130,,,190,
2026-08-06T18:10:02+00:00,122,255,,,531,27,,163,234,318,,185,255,,,172,,,,,,,369,346,335,,,,,10,958,,36,8,212,,,,,,,,,,,,,,,,,,,,,,,,,,184,,56,,,,,,,,,,,,,93,,169,189,268,146,176,199,,,,339,10,128,348,201,,403,,,,308,,26,60,118,171,276,143,,,,556,288,,269,231,839,,,490,41,118,180,856,155,221,490,,51,370,,,,,,125,,,,,531,,,,,158,187,,,,,,,106,,,132,,665,,381,,2,,545,,,,,,,,,,,,,,,,,,,,,,,,,82,,157,16,19,631,,,,,,,,247,,,,,,,,,85,,,,,,,,,,,,,,,,,,,,4,,,,,,511,,,68,,,,,116,,,,,,,,,,49,,,,,73,,,,,,78,362,273,,,228,405,,371,33,,246,230,,641,336,358,211,,,,223,70,,,,,,337,,93,,,,,,,,,,,171,75,,10,,,,,,,,,283,,,294,,,,,,,,,,,,21,,,,,,,,,,,,175,133,,82,91,,,233,440,272,,,374,208,,,,,,89,,199,,,,157,170,,81,140,,28,130,54,,248,317,,1052,109,,28,184,,,,,,,,,,,,,,,,,,,,,,,585,,94,,,,,214,402,,370,,,124,,,,,,,42,,,209,106,,149,59,40,,,223,610,192,101,627,,119,,,,,,,,,,,,,,,,,,,,,,,,,,,,,,,,,,,,,,,,,,,,,,,,,,,,454,,143,211,39,185,291,,537,152,291,323,,277,,,4,,,173,,,,,,,,,503,,,431,,,131,,,,
2026-08-06T18:15:01+00:00,127,256,,,535,32,,166,241,321,,187,259,,,173,,,,,,457,,347,339,,,,,12,977,,,11,,,,,,155,,,,,41,,,,,60,,,,,,,51,,,,,,59,201,,,,30,,,,,320,,,92,194,,195,269,148,,201,,,,,17,126,350,203,218,406,1,,,319,,35,59,,173,274,161,,822,,564,,,273,232,836,,,,40,,188,867,157,,489,,39,371,,,,,,133,,,,,532,,,,,160,193,,,,,,,110,,,133,,666,,391,,,,547,,,,,,,,,,,,,,480,1229,331,157,386,143,150,192,293,384,135,83,,158,16,20,642,,,,,,,,248,,,,,,,,,,,,,,130,,,,,,,,,,,,,,,,,,,,,519,,,,,,,,117,,,,,,,,,,52,,,,,74,,,,,,76,369,274,,,,404,,372,32,13,247,234,398,645,,,215,,,,217,74,,1147,,,,339,,96,,,,,,,,,,,,,,,,,,,,,,,285,,,297,,,,,,,,,,,,22,,,,,,,,,,,,,134,27,83,,,,,439,277,,,,,,177,,,,,132,202,,,,156,174,,,,819,,,,54,,316,72,1084,113,,,,1,,,,,,,,,,,,,,,,,,,,,,596,75,95,,615,,235,211,420,,371,,,123,112,,,,,,43,,,211,,266,,65,45,301,217,225,620,193,107,632,102,118,40,69,296,129,69,127,33,167,53,229,251,130,,107,47,313,,186,91,,,,,,,,,,,,,,,,,,,,,,,,,,,,,,,,,456,126,144,223,,190,292,89,538,163,294,325,,,,,9,,,177,465,278,,,,,,,508,,,438,,197,132,,,,
2026-08-06T18:20:01+00:00,131,,,,541,33,,173,244,,,192,257,,,181,,,,,,,375,349,344,,74,,,,982,,,9,214,,,,,,,,94,,42,,,,,,,356,,,,,50,,,,,,58,,,,,,,,,,327,,,97,,,,,,,,,,,,,,,,,,,,,,,,,,,,,,,,,,,,,,,,,,,,,,,,,,,,,,,,,,,,,,,,,,,,,,,,,,,,,,,,,,,,,,,,,,,,,,,,,,,,,,,,,,,,,,89,,156,16,17,651,,,,,,,,249,,201,,,,,,,86,,,49,,,,,,,,,,,,,,,,,8,,,,,,,,,69,,,,,118,,,,,117,,,,,,,,,,,,,,,,,375,272,159,,,406,,370,30,,251,239,,646,,,220,,,,221,77,,,,,,341,,97,,,,,,,,,,,175,76,36,,,,,448,,,,,286,,,,,,,,,,,,,,,23,,,,,,,,,,,,173,136,,88,95,,,236,441,290,,,,209,,175,,,17,,133,210,,,269,158,177,,82,139,821,,,,,,,,,,,,,,,,,,,,,,,,,,,,,,,,,,,603,,97,,607,,241,215,441,236,,,,124,114,,,,,,45,,,217,,275,150,87,63,,218,223,626,195,112,634,103,117,39,71,297,,,129,,168,58,238,258,133,,108,,324,,187,94,,,,,,,,,,,,,,,,,,,,,,,,,,,,,,,,,458,127,,226,,196,294,,,172,300,326,,278,,,12,67,,178,,281,,,,,,,506,126,,445,,,,,,229,
2026-08-06T18:25:01+00:00,133,,,,544,,,,247,323,,193,260,,,189,,,,,,459,380,354,347,,,,,,985,,37,12,215,,,,,154,,,,,,,,,,58,,355,,103,,,52,,,,,,61,205,86,,106,,,,,,326,,,,196,168,202,272,150,,,,,,340,20,123,355,205,219,414,4,322,,337,328,40,60,,175,280,190,,823,53,582,,,278,237,840,,,489,43,119,196,875,166,222,495,,41,368,,,,,,141,,,,,533,,,,,167,,,,,,,,109,,,134,,674,,398,,3,,551,,,,,,,,,,,,,329,483,1235,337,159,390,138,152,,294,387,140,94,,,16,20,664,,,,,,,,250,,204,,,,,,,87,,,50,,,,,,,,,,,,,,,,,17,,,,,,521,,,70,,,,,120,,,,,,,,,,,,,,,75,,,,,,,387,273,,238,,408,,371,29,,252,242,399,650,337,362,235,140,,227,223,79,,,,,,342,,99,,,,,,,,,,,176,,38,,,,,,,,,,288,,,301,,,,,,,,,,,,,,,,,,,,,,,,170,,28,,93,,,,,294,,,375,210,,,,,,,134,213,,31,270,159,,,,,822,27,131,,55,251,319,,1086,119,,30,185,0,,,,,,,,,,,,,,,,,,,,,,606,,96,,610,,242,,446,238,370,,,,,,,,,,48,,,223,108,276,,90,67,300,219,222,638,,111,647,,120,,,,,,,,,,,,,,,,,,,,,,,,,,,,,,,,,,,,,,,,,,,,,,,,,,,,,,,229,36,201,296,90,,173,307,328,,,,150,15,68,,179,466,282,,,,,,,508,,,456,,199,133,,,230,
2026-08-06T18:30:02+00:00,134,258,,174,547,,,,251,,,,263,,,191,,,,,,,383,,352,,,,,11,993,,39,15,216,,,,,153,153,,,,,,,,,61,,356,,102,,,54,,,,,,64,206,,,,31,,126,,,338,,,96,197,,,,,,,,,,,,,,,,,,,,,,,,,,,,,,,,,,,,,,,,,,,,,,,,,,,,,,,,,,,,,,,,,,,,,,,,,,,,,,,,,,,,,,,,,,,,,,,,,,,,,,,,,,,,,96,,160,16,21,670,,,,,,,,252,,203,,,,,,,,,,,,,,,,,,,,,,,,,,,12,,,,,,522,,,,,,,,126,,,,,,,,,,53,,,,,74,,,,,,,396,274,,240,229,407,,370,31,,255,246,400,652,338,,233,141,,228,224,,,1146,,,,343,,,,,,,,,,,,,181,75,,,,,,,,,,,287,,,303,,,,,,,,,,,,,,,,,,,,,,,,169,135,,89,,,76,234,438,295,,,376,211,,176,4,,,,133,216,,,276,161,182,,80,138,825,29,,,58,249,323,,1089,127,,31,186,,,,,,,,,,,,,,,,,,,,,,,,,,,,,,,,,,,,,,,,,,,,,,,,,,,,,,217,641,199,114,649,105,128,38,78,298,130,76,,34,160,,249,261,131,,103,,330,,189,100,,,,,,,,,,,,,,,,,,,,,,,,,,,,,,,,,463,126,145,233,37,203,299,92,539,180,311,329,,,,149,19,,,,,283,,,,,,,511,,,468,,,132,,,,
2026-08-06T18:35:02+00:00,135,259,,,552,34,,179,254,325,,196,,,,190,,,,,,461,384,355,353,,,,,,997,,35,14,,,,,,154,155,,,,,,,,,65,,355,,103,,,,16,,,,,65,205,,,,30,20,,,,336,,,95,200,159,203,275,155,,202,,,,,26,134,357,206,216,420,6,,,346,,51,,,,287,206,175,827,54,605,,,281,241,843,,,,46,,,,,,,,,,,,,,,150,,,,,534,,,,,168,197,,,,,,,116,,,137,,679,,407,,7,,561,,,,,,,,,,,,,,481,1244,339,161,,140,154,,295,390,141,,,161,16,22,681,,,,,,,,250,,207,,,,,,,,,,,,129,,,,,,,,,,,,,,,19,,,,,,523,,,,,,,,129,,,,,,,,,,,,,,,,,,,,,75,408,,,241,230,408,,371,34,14,254,247,402,656,340,363,239,140,,,222,80,,,,,,345,,101,,,,,,,,,,,183,79,39,,,,,450,,,,,289,,,,,,,,,,,,,,,,,,,,,,,,,,,166,,,91,,,,,436,302,,,377,212,,,,,,,134,,,,280,163,188,,,139,826,,130,55,56,252,327,,1096,139,,30,,2,,,,,,,,,,,,,,,,,,,,,,618,76,100,,612,,243,220,452,,369,,,125,,,,,,,,,,226,109,281,,98,74,,220,216,650,198,117,648,107,,,80,299,,78,132,,158,60,255,267,133,,109,,339,,,104,,,,,,,,,,,,,,,,,,,,,,,,,,,,,,,,,,,147,239,38,205,,,,186,314,331,,279,,,23,69,,,467,,,,,,,,515,,,477,,200,,,,,
2026-08-06T18:40:02+00:00,139,,,,548,33,,,258,324,,195,266,,,187,,,,,,462,388,357,,,,,,,999,,37,15,215,,,,,156,,,93,,,,,,,,,,,102,,,55,17,,,,,68,,,,,27,,,,,,,,96,201,,,,,,,,,,,,,,,,,,,,,,,,,,,,,,,,,,,,,,,,,,,,,,,,,,,,,,,,,,,,,,,,,,,,,,,,,,,,,,,,,,,,,,,,,,,,,,,,,,,,,,,,,,,,,100,,163,16,30,688,,,,,,,,251,,208,,,,,,,,,,,,,,,,,,,,,,,,,,,16,,,,,,,,,69,,,,,134,,,,,119,,,,,55,,,,,,,,,,,,410,,,242,231,410,,,35,,255,255,404,657,,365,243,,,229,225,83,,1144,,,,,,100,,,,,,,,,,,184,,41,,,,,,,,,,290,,,305,,,,,,,,,,,,21,,,,,,,,,,,,162,,,,95,,75,,434,307,,,379,,,177,,,,,139,219,,,282,,,,,,829,,131,,55,251,330,,1101,,,35,187,7,,,,,,,,,,,,,,,,,,,,,,623,,107,,614,,,222,456,243,368,,,,,,,,,,,,,229,110,282,,100,80,,221,215,657,199,120,652,,130,,,,,,,,,,,,,,,,,,,,,,,,,,,,,,,,,,,,,,,,,,,,,,,,,,,,,,146,251,,210,,,540,190,320,,,,,,26,71,,,468,,,,,,,,519,,,479,,201,,,,,
2026-08-06T18:45:02+00:00,138,258,,,551,34,,180,259,,,199,268,,,184,,,,,,463,389,360,,,,,,10,1000,,39,19,216,,,,,,154,,,,,,,,,63,,356,,103,,,,,,,,,67,,,,105,28,19,,,,335,,,,200,165,202,,160,175,204,,,,,35,136,356,209,,422,5,,,365,,56,,,178,290,218,,828,51,613,287,,286,,844,,,,,120,207,891,171,223,492,55,41,372,,,,,,147,,,,,,,,,,174,,,,,,,,121,,,139,,682,,411,,,,562,,,,,,,,,,,,,,480,1248,335,162,393,,,,296,397,142,103,,,16,34,699,,,,,,,,252,,,,,,,,,89,,,52,,,,,,,,,,,,,,,,,14,,,,,,522,,,,,,,,136,,,,,,,,,,,,,,,,,,,,,,414,276,,244,,411,,372,34,,,258,,659,341,,248,139,,230,226,84,,,,,,347,,,,,,,,,,43,,,,78,,11,,,,,,,,,294,,,306,,,,,,,,,,,,23,,,,,,,,,,,,157,,30,,,,,235,435,312,,,380,213,,,,,,,,220,,,285,164,195,,81,,836,,,56,54,250,338,73,1100,136,,36,,9,,,,,,,,,,,,,,,,,,,,,,,,,,,,,,,,,,,,,,,,,,,,,,,,,,,,,214,660,203,121,655,108,128,37,84,300,,79,139,,,62,264,276,145,,111,49,,,,110,,,,,,,,,,,,,,,,,,,,,,,,,,,,,,,,,465,127,147,258,40,216,,94,544,193,323,,,275,,151,32,75,,182,469,284,,,,,,,524,,,484,,202,,,,252,
2026-08-06T18:50:01+00:00,140,259,,,556,35,,181,262,327,,200,270,,,183,,,,,,462,391,364,354,,77,,,,1001,,41,,214,,,,,,,,,,,,,,,66,,,,102,,,,,,,,,69,204,,230,,,21,,,,336,,,98,,,,,,,,,,,,,,,,,,,,,,,,,,,,,,,,,,,,,,,,,,121,208,895,172,228,,,,374,,,,,,,,,,,,,,,,,,,,,,,,,,,,,,,,,,,,,,,,,,,,,,,,,,,,,,,,,,,,107,,,16,35,704,,,,,,,,253,,,,,,,,,88,,,,,,,,,,,,,,,,,,,,0,,,,,,523,,,0,155,,,,0,,,,,120,,,,,0,,,,,0,,,,,,74,,280,,,,412,,374,41,,254,260,,661,,,254,,,,227,,,1147,,,,346,,103,,,,,,,,44,,,183,,42,12,,,,449,,,,,298,,,,,,,,,,,,,,,,,,,,,,,,,,,156,,,92,,,,234,434,,,,381,,,178,,,,,141,221,,,288,168,,,83,,844,,,,,,,,,,,,,,,,,,,,,,,,,,,,,,,,,,,633,78,113,,,,,224,457,242,,,,122,113,,,,,,51,,,232,,,,109,91,,222,215,665,205,122,657,107,130,,88,,,78,142,33,164,61,270,275,,,112,,341,,190,115,,,,,,,,,,,,,,,,,,,,,,,,,,,,,,,,,,,148,268,,218,,,545,194,327,330,,,,152,39,,,181,468,285,,,,,,,525,,,490,,,131,,,,
2026-08-06T18:55:02+00:00,144,,,,559,34,,187,,328,,202,271,,,182,,,,,,463,392,368,359,,,,,11,,31,40,22,213,,,,,,,,,,,,,,,69,,,,101,,,54,,,,,,68,205,,229,,,,,,,338,,,99,,178,204,276,164,176,208,,,,,42,135,,210,217,425,8,323,,376,329,62,,117,181,296,239,176,830,49,615,243,,289,247,842,,,,,,,,,,,,,,,,,,,162,,,,,537,,,,,,201,,,,,,,146,,,,,684,,421,,10,,564,,,,,,,,,,,,,330,,1253,352,,394,149,,193,298,401,146,111,,,16,39,713,,,,,,,,,,,,,,,,,86,,,,,,,,,,,,,,,,,,,,19,,,,,,,,,71,,,,,139,,,,,119,,,,,55,,,,,75,,,,,,,417,284,160,,,410,,376,46,,255,261,405,663,,366,260,,,,225,85,,,,,,347,,106,,,,,,,,43,,,,80,43,13,,,,,,,,,,,,304,,,,,,,,,,,,,,,,,,,,,,,,,,,,97,,,233,438,315,,,386,214,,180,,,,,,227,,,292,,197,,84,,849,28,132,,58,247,345,,1105,143,,40,,16,,,,,,,,,,,,,,,,,,,,,,641,,125,,,,246,230,462,245,365,,,128,116,,,,,,54,,,238,114,284,,121,108,,,,666,204,125,655,109,128,,,,,,,,,,,,,,,,,,,,,,,,,,,,,,,,,,,,,,,,,,,,,,,,,,,,467,,150,272,41,226,,,546,,329,,,278,,,41,,,183,469,287,,,,,,,527,,,492,,203,,,,259,
2026-08-06T19:00:01+00:00,,260,,,562,35,,190,263,329,,201,272,,,181,,,,,,,394,371,361,,,,,10,1002,,41,25,212,,,,0,157,,,,,,,,,,74,,354,,,,,,,3,,,,66,206,,230,,,22,,,,339,,,,201,177,208,277,163,178,209,,,,,47,,358,216,216,432,9,,221,378,,66,,,183,295,247,,,,622,245,,290,249,843,,,490,48,120,209,898,,234,496,56,,375,,,,,,160,,,,,,,,,,173,,,,,,,,145,,,141,,689,,424,,13,,,,,,,,,,,,,,,,,,,,,,,,,,,113,,,16,42,716,,,,,,,,,,,,,,,,,89,,,,,,,,,,,,,,,,,,,,25,,,,,,,,,72,,,,,140,,,,,,,,,,,,,,,74,,,,,,75,422,285,,,,411,,,47,,,268,,,340,368,270,,,,227,,,,,,,348,,105,,,,,,,,44,,,,85,42,14,,,,448,,,,,305,,,308,,,,,,,,,,,,22,,,,,,,,,,,,153,,,,100,,,234,437,320,,,390,,,,,,,90,144,233,,,,,199,,83,,851,29,133,,,,,,,,,,,,,,,,,,,,,,,,,,,,,,,,,,,,,,,,,,,,,,,,,,,,,,,,,,,,,,,,216,672,205,128,657,110,130,,89,299,129,84,146,,165,71,280,277,142,,109,51,344,,,124,,,,,,,,,,,,,,,,,,,,,,,,,,,,,,,,,469,,152,276,40,228,,95,,,333,331,93,279,,156,44,77,,,,286,,,,,,,531,,,497,,204,133,,,,
2026-08-06T19:15:02+00:00,151,,,177,569,39,,202,270,331,,,279,,,187,,,,,,468,401,383,367,,81,,,9,1006,,42,39,217,,,,,158,,,90,,,,,,,88,,352,,,,,56,,4,,,,71,213,,,106,26,,,,,343,,,,211,178,225,279,164,181,214,,,,341,54,147,373,224,224,454,17,,220,397,330,78,61,120,190,313,279,,,52,645,,105,292,270,856,,,,51,,212,907,,250,498,,48,378,,,,,,174,,,,,542,,,,,175,203,,,,,,,154,,,147,,698,,429,,23,,568,,,,,,,,,,,,,,485,1257,382,,,158,,,308,408,153,120,,169,16,52,732,,,,,,,,256,,,,,,,,,,,,,,130,,,,,,,,,,,,,,,47,,,,,,,,,73,154,,,,145,,,,,121,,,,,56,,,,,73,,,,,,77,434,287,167,245,233,414,,377,52,,259,286,406,667,,369,299,138,,233,229,84,,1153,,,,356,,108,,,,,,,,45,,,184,89,39,15,,,,,,,,,313,,,312,,,,,,,,,,,,23,,,,,,,,,,,,159,136,32,93,104,58,73,236,441,331,,33,392,218,,185,,,,,145,245,,32,291,,209,,86,140,863,32,131,,61,,372,74,1109,170,,43,188,34,,,,,,,,,,,,,,,,,,,,,,649,79,133,,622,,247,231,474,258,367,,,,123,,,,,,55,,,247,117,290,,153,126,,225,219,688,210,130,676,107,140,36,93,305,130,90,145,31,172,78,286,287,135,,104,53,352,,,145,,,,,,,,,,,,,,,,,,,,,,,,,,,,,,,,,473,,158,287,48,244,303,96,551,,350,330,,278,,162,52,80,,186,472,289,,,,,,,547,,,510,,208,,,,,
2026-08-06T19:30:02+00:00,152,,57,,570,40,,215,282,335,,205,287,,,,,,,,,469,411,390,376,,83,,,7,1012,,47,43,218,,,,,,,,87,,,,,,,103,,354,,104,,,,,9,,,,73,214,,,,29,,,,,348,,,102,210,183,230,281,167,189,217,,,,,64,151,377,230,225,461,22,,221,406,329,92,,,193,310,300,,,54,654,254,,297,281,862,,,,54,,,912,174,257,500,,47,379,,,,,,192,,,,,545,,,,,179,205,,,,,,,165,,,152,,,,431,,25,,569,,,,,,,,,,,,,331,,1261,395,163,399,166,155,,,412,160,129,,175,16,54,750,,,,,,,,257,,212,,,,,,,93,,,51,,129,,,,,,,,,,,,,,,53,,,,,,,,,,,,,,148,,,,,122,,,,,58,,,,,75,,,,,,79,439,286,171,,237,416,,378,54,,260,294,407,676,,370,324,,,,234,87,,1156,,,,,,111,,,,,,,,,,,188,90,41,14,,,,449,,,,,319,,,320,,,,,,,,,,,,24,,,,,,,,,,,,182,,38,97,106,60,70,242,443,343,,34,395,,,186,,,,89,149,250,,31,293,167,212,,90,139,878,35,135,,66,244,384,,1117,179,,47,,52,,,,,,,,,,,,,,,,,,,,,,668,,143,,626,,248,235,475,272,366,,,131,121,,,,,,60,,,259,122,297,,184,147,,226,225,702,205,140,686,108,148,,94,306,,91,,32,168,84,290,290,,,,54,353,,,154,,,,,,,,,,,,,,,,,,,,,,,,,,,,,,,,,475,,165,302,52,266,,98,555,,361,331,,281,,166,56,81,,189,473,290,,,,,,,551,127,,521,,210,,,,,
2026-08-06T19:45:01+00:00,154,258,56,,577,39,,227,290,337,,209,291,,,188,,,,,,474,415,397,,,86,,,6,1022,,52,50,219,,,,,161,156,,,,,,,,,105,,355,,106,,,57,,13,,,,80,215,85,,105,33,,,,,351,,,104,212,196,,284,170,190,220,,,,,82,169,386,236,226,478,26,324,,419,330,102,62,,206,315,310,,,57,668,258,,299,287,863,,,491,61,,,920,176,259,,,50,381,,,,,,205,,,,,546,,,,,181,206,,,,,,,170,,,150,,702,,434,,,,571,,,,,,,,,,,,,,490,1274,431,165,406,174,,,313,420,174,137,,177,16,64,765,,,,,,,,259,,213,,,,,,,92,,,52,,130,,,,,,,,,,,,,,,66,,,,,,,,1,74,,,,,149,,,,,126,,,,,,,,,,,,,,,,,441,288,176,247,236,417,,377,60,,264,305,410,679,341,372,339,137,,,,89,,1155,,,,358,,112,,,,,,,,46,,,185,93,49,16,,,,450,,,,,322,,,325,,,,,,,,,,,,26,,,,,,,,,,,,214,137,39,100,108,,,243,450,353,,,,219,,187,,,,,150,255,,,,169,219,,97,,879,,137,,70,243,398,,1119,194,,52,,60,,,,,,,,,,,,,,,,,,,,,,680,,157,,,,251,238,,280,,,,134,,,,,,,,,,264,123,299,,216,173,,,227,718,210,146,706,,156,35,100,308,131,,147,34,170,94,299,300,134,,111,56,362,,191,168,,,,,,,,,,,,,,,,,,,,,,,,,,,,,,,,,476,129,170,324,55,284,304,,556,,368,332,,283,,169,62,83,,,,295,,,,,,,559,,,525,,211,132,,,285,
2026-08-06T20:00:01+00:00,157,259,,,584,44,,238,291,342,,220,296,,,196,,,,,,475,424,410,,,88,,,7,1025,,,55,221,,,,,160,,,85,,,,,,,,,354,,107,,,58,,15,,185,,85,218,,229,,36,24,127,,,352,,,105,209,214,,285,174,,226,,,,,94,178,401,251,229,488,33,,,430,,112,64,,214,319,323,,829,60,678,261,104,301,288,868,,,493,64,121,,925,,260,,57,56,382,,,,,,216,,,,,,,,,,,207,,,,,,,198,,,162,,711,,447,,34,,586,,,,,,,,,,,,,,492,1283,444,163,404,178,156,194,318,425,182,143,,190,16,78,781,,,,,,,,,,,,,,,,,,,,,,,,,,,,,,,,,,,,,114,,,,,,,,11,82,157,,,,162,,,,,,,,,,,,,,,74,,,,,,90,449,290,177,249,,420,,385,63,,,316,411,,342,373,359,136,,234,235,91,,1163,,,,,,,,,,,,,,47,,,189,97,54,,,,,,,,,,326,,,337,,,,,,,,,,,,25,,,,,,,,,,,,232,,41,104,110,,69,244,,364,,,394,,,188,,,,,151,260,,,,,225,,98,,881,36,,,79,244,422,,1127,216,,66,189,83,,,,,,,,,,,,,,,,,,,,,,693,,175,,628,,252,240,,291,,,,136,,,,,,,66,,,278,124,,,252,209,,224,231,728,217,155,718,109,160,,111,310,135,95,154,37,,108,311,309,132,,115,58,365,,,173,,,,,,,,,,,,,,,,,,,,,,,,,,,,,,,,,479,,174,335,60,289,305,,,,371,331,,285,,171,67,,,,474,297,,,,,,,563,,,527,,,134,,,289,
2026-08-06T20:15:01+00:00,161,260,,178,600,47,,244,294,344,,223,302,,,200,,,,,,478,430,416,,,86,,,8,1026,32,57,61,,,,,,161,157,,82,,,,,,,111,,353,,106,,1,59,,16,,,,92,220,,230,104,37,,,,,356,,,104,208,220,,,179,,230,,,,343,104,185,409,265,228,508,41,325,,444,332,124,,,220,325,360,,,68,691,266,106,304,290,870,,2,,70,,,932,178,268,508,,57,385,,,,,,225,,,,,,,,,,186,204,,,,,,,214,,,213,,714,,456,,94,,591,,,,,,,,,,,,,,,1294,460,168,409,187,158,195,325,432,198,148,,198,16,88,810,,,,,,,,261,,,,,,,,,93,,,,,,,,,,,,,,,,,,,,166,,,,,,522,,17,91,158,,,,165,,,,,133,,,,,,,,,,,,,,,,111,458,,,251,,425,,395,71,,269,321,,,,,381,,,,240,94,,1168,,,,,,,,,,,,,,,,,,,,,,,,,,,,,,,,,,,,,,,,,,,,,,,,,,,,,,,,248,,44,108,111,,,247,455,370,,,393,221,,190,,,,88,152,264,,,,170,233,,102,141,883,,,58,86,0,440,,1138,230,,78,,92,,,,,,,,,,,,,,,,,,,,,,702,,189,,633,,251,242,,302,365,,,,123,,,,,,71,,,287,125,,,282,222,,225,240,741,219,167,738,,167,33,117,308,138,100,158,39,172,121,315,314,134,,126,60,369,,,187,,,,,,,,,,,,,,,,,,,,,,,,,,,,,,,,,482,132,177,357,65,298,,,559,,372,,,286,,175,68,84,,191,,302,,,,,,,571,,,528,,212,138,,,298,
2026-08-06T20:30:01+00:00,162,261,,,604,50,,251,295,347,,236,305,,,,,,,,,477,433,423,,,84,,,,1029,,61,67,224,,,,,162,158,,,,,,,,,109,,,,105,,2,,16,13,,,,103,222,,,103,42,,128,,,363,,,108,,231,,,182,,234,,,,345,120,203,413,269,233,537,47,,,456,,139,67,,226,331,382,,,70,695,272,,308,297,871,,1,,73,,,936,,274,,,60,,,,,,,231,,,,,547,,,,,187,203,,,,,,,226,,,252,,715,,463,,170,,597,,,,,,,,,,,,,,493,1300,473,169,408,190,,204,326,434,204,150,,206,16,96,821,,,,,,,,262,,212,,,,,,,96,,,,,,,,,,,,,,,,,,,,182,,,,,,523,,18,92,,,,,,,,,,135,,,,,59,,,,,,,,,,,117,466,293,,253,,,,401,74,,270,325,410,,,376,411,,,,,,,1272,,,,,,,,,,,,,,,,,,,,,,,,,,,,,,,,,,,,,,,,,,,,,,,,,,,,,,,,258,136,49,112,,,68,246,458,384,,33,,224,,195,,,,89,156,270,,,294,,244,,,142,888,,,,96,,471,73,1139,246,,96,,124,,,,,,,,,,,,,,,,,,,,,,704,,199,,634,,252,243,,309,366,,,135,125,,,,,,74,,,290,127,,,308,237,,224,242,747,226,171,741,111,170,31,123,311,140,103,159,44,171,140,319,323,139,,147,61,374,,,196,,,,,,,,,,,,,,,,,,,,,,,,,,,,,,,,,,135,180,373,67,313,,,,,374,,,,,,71,85,,196,,304,,,,,,,583,,,533,,213,,,,303,
2026-08-06T20:45:01+00:00,164,,,,601,49,,257,,349,,241,307,,,205,,,,,,,435,425,,,87,,,9,,,63,69,225,,,,,164,,,,,,,,,,,,352,,,,3,,,14,,,,108,227,,,106,45,,,,,369,,,110,,237,,,,,235,,,,,133,210,414,272,231,543,50,,,460,333,145,,,233,333,394,,,73,699,273,110,310,301,873,,,,,,,939,179,279,507,,69,384,,,,,,241,,,,,,,,,,189,206,,,,,,,233,,,245,,718,,472,,207,,601,,,,,,,,,,,,,,503,1308,498,168,410,197,,246,329,452,223,155,,207,16,101,838,,,,,,,,260,,,,,,,,,97,,,,,,,,,,,,,,,,,,,,206,,,,,,,,17,101,,,,,,,,,,137,,,,,,,,,,,,,,,,133,475,294,179,256,,427,,,,,272,331,,,,378,436,134,,,246,93,,1349,,,,,,,,,,,,,,,,,,,,,,,,,,,,,,,,,,,,,,,,,,,,,,,,,,,,,,,,263,,50,114,112,,67,247,462,386,,35,,,,196,,,,,170,274,,32,,171,247,,,,891,35,136,,108,,491,,1140,269,,102,,154,,,,,,,,,,,,,,,,,,,,,,716,81,201,,639,,,,,315,,,,136,,,,,,,,,,292,128,,,324,248,,,261,757,229,177,745,110,173,,136,309,141,113,164,49,177,156,323,342,154,,174,62,376,,,205,,,,,,,,,,,,,,,,,,,,,,,,,,,,,,,,,486,138,179,384,,317,306,,562,196,377,,,287,,177,73,86,,198,476,,,,,,,,587,128,,539,,,142,,,306,
2026-08-06T21:00:01+00:00,,,,,608,,,261,298,353,,247,310,,,246,,,,,,479,436,427,,,,,,,1031,,69,71,,,,,,,,,,,,,,,,,,351,,,,2,60,,15,,186,,110,229,,,105,44,,,,,372,,,116,210,,,,,,,,,,,,,,,,,,,,,,,,,,,,,,,,,,,,,,,,,,,,,,,,,,,,,,,,,,,,,,,,,,,,,,,,,,,,,,,,,,,,,,,,,,,,,,,,,,,,,,,,,,,,,,,,,,,,,,,,,,,,,,,,,,,,,,,,,,,,,,,,,,,,,,,,,,,,,,,,,,,,,,,,,,,,,,,,,,,,,,,,,,,,,,,,,,,,,273,336,,678,,382,455,,,,249,,,1358,,,,,,,,,,,,,,,,,,,,,,,,,,,,,,,,,,,,,,,,,,,,,,,,,,,,,,,,,,,,,,,,,,,,,,,,,,,,,,,,,,,,,,,,,,,,,,,,,,,,,,,,,,,,,,,,,,,,,,,,,730,,208,,660,,,244,,323,367,,,137,128,,,,,,77,,,295,129,,,335,259,,,,,,,,,,,,,,,,,,,,,,,,,,,,,,,,,,,,,,,,,,,,,,,,,,,,,,,,,,,,,484,141,181,391,69,322,,,564,,378,,,286,,179,74,,,199,478,,,,,,,,588,,,540,,,,,,308,
2026-08-06T21:00:02+00:00,,,,,,,,,,,,,,,,,,,,,,,,,,,,,,,,,,,,,,,,,,,,,,,,,,,,,,,,,,,,,,,,,,,,,,,,,,,,,,271,,,,,,,,,,154,228,425,284,234,564,55,323,,470,334,158,,,241,336,414,,,77,705,278,111,318,315,877,,,,77,,,953,182,276,512,,100,385,,,,,,250,,,,,548,,,,,191,207,,,,,,,241,,,248,,721,,,,211,,603,,,,,,,,,,,,,,512,1313,511,167,409,199,159,250,331,456,225,157,,208,16,,852,,,,,,,,,,,,,,,,,101,,,,,,,,,,,,,,,,,,,,223,,,,,,522,,19,106,,,,,,,,,,142,,,,,,,,,,,,,,,,151,484,,,257,,,,,,,,,,,,,,,,,,,,,,,,,,,,,,,,,,,,,,,,,,,,,,,,,,,,,,,,,,,,,,,,,,,,,,,,,,,,276,,,,115,,65,246,466,390,,,394,223,45,,,,,87,182,276,,33,295,,253,,103,,894,,138,,116,,508,,1163,271,,110,,170,,,,,,,,,,,,,,,,,,,,,,,,,,,,,,,,,,,,,,,,,,,,,,,,,,,,,264,763,233,180,746,,,29,144,308,143,118,165,51,182,168,329,350,160,,196,64,,,,213,,,,,,,,,,,,,,,,,,,,,,,,,,,,,,,,,,,,,,,,,,,,,,,,,,,,,,,,,,,,,,,,,,,,,,,
2026-08-06T21:15:02+00:00,166,262,,,620,,,250,299,356,,248,311,,,258,,,,,,480,,428,,,,,,,1037,,89,74,,,,,,165,,,,,41,,,,,111,,350,,,,1,,15,35,,,1,116,,,,106,,,,,,379,,,128,212,309,,,,,,,,,,169,238,428,286,,571,62,,220,476,333,160,,,244,338,443,,,78,713,281,,,320,,,,,76,,,955,185,273,515,,111,383,,,,,,256,,,,,551,,,,,192,209,,,,,,,247,,,252,,,,476,,217,,605,,,,,,,,,,,,,,521,1317,538,169,414,202,,252,336,466,232,158,,214,16,109,867,,,,,,,,,,,,,,,,,100,,,,,,,,,,,,,,,,,,,,235,,,,,,523,,,112,,,,,,,,,,143,,,,,,,,,,75,,,,,,196,490,293,,,,428,,,,,274,337,,,343,384,464,,,,254,,,1361,,,,,,,,,,,,,,,,,,,,,,,,,,,,,,,,,,,,,,,,,,,,,,,,,,,,,,,,306,138,51,115,117,,,247,516,397,,39,,224,,198,,,,,196,280,,,,173,259,,,,895,,140,,122,,516,,1204,275,,114,,193,,,,,,,,,,,,,,,,,,,,,,746,,209,,659,,253,246,,331,368,,,139,129,,,,,,78,,,296,130,,,341,265,,225,148,742,237,182,698,56,160,28,152,,147,119,,54,,171,332,360,165,,206,66,,,,220,,,,,,,,,,,,,,,,,,,,,,,,,,,,,,,,,486,143,182,388,,325,,,566,,380,,,285,,180,75,,,,,305,,,,,,,591,,,544,,,143,,,,
2026-08-06T21:30:01+00:00,,263,,,622,50,,254,,360,,251,312,,,304,,,,,,,,430,,,86,,,10,,,,75,,,,,,166,,,,,40,,,,,112,,351,,,,3,,,39,,,11,117,234,,,,47,,,,,381,,,133,213,339,,,,,236,,,,,172,256,429,287,,573,,,,481,,165,66,,245,,455,,,80,723,284,,319,327,879,,,,77,,,964,,276,,,122,,,,,,,265,,,,,,,,,,191,214,,,,,,,254,,,255,,,,,,223,,,,,,,,,,,,,,,,524,,545,,415,205,160,254,339,469,236,,,220,16,111,879,,,,,,,,261,,211,,,,,,,99,,,,,,,,,,,,,,,,,,,,247,,,,,,,,20,113,,,,,,,,,,144,,,,,,,,,,,,,,,,198,492,,,,237,427,,400,,,276,,,,,,476,,,,257,,,1366,,,,,,,,,,,,,,,,,,,,,,,,,,,,,,,,,,,,,,,,,,,,,,,,,,,,,,,,319,139,,116,,,66,248,526,400,,40,,225,,202,,,,,197,283,,34,296,174,260,,104,141,,36,,,130,,525,,1232,278,,117,,198,,,,,,,,,,,,,,,,,,,,,,,82,210,,663,,,248,,333,371,,,140,,,,,,,,,,298,,,,348,268,,,149,746,241,184,699,,163,29,155,,148,122,,55,187,176,,369,168,,221,67,,,,226,,,,,,,,,,,,,,,,,,,,,,,,,,,,,,,,,490,144,183,400,,330,,,,197,,,,284,,183,73,,,,,,,,,,,,593,,,547,,,145,,,311,
2026-08-06T21:45:02+00:00,167,,,,626,51,,253,,,,255,,,,351,,,,,,481,,432,,,87,,,12,1039,,88,74,226,,,,,168,,,83,,41,,,,,115,,,,,,,,16,41,,,14,120,238,,229,105,52,,,,,383,,,,216,379,,,,,,,,,,178,268,430,289,235,579,67,,,493,332,176,,,256,337,479,,,,737,289,,322,332,877,,,,79,,,969,187,274,518,,127,,,,,,,278,,,,,550,,,,,,,,,,,,,255,,,265,,722,,478,,227,,,,,,,,,,,,,,,,527,1321,553,,,207,,,342,,239,159,,224,16,113,883,,,,,,,,,,,,,,,,,,,,51,,,,,,,,,,,,,,,,,255,,,,,,,,21,,,,,,,,,,,145,,,,,,,,,,,,,,,,201,494,,180,,236,,,,,,,338,,677,344,386,485,,,,,,,1367,,,,,,,,,,,,,,,,,,,,,,,,,,,,,,,,,,,,,,,,,,,,,,,,,,,,,,,,342,,50,122,,,,,528,401,,,,,,204,,,,,198,285,,,,173,,,105,,,,139,59,137,,532,,1254,284,,121,,216,,,,,,,,,,,,,,,,,,,,,,757,83,212,,684,,,,,,372,,,,,,,,,,80,,,300,,,,350,270,,,152,749,242,188,700,59,165,,159,309,,124,,57,189,182,334,375,171,,230,69,,,,233,,,,,,,,,,,,,,,,,,,,,,,,,,,,,,,,,485,,186,407,,334,,,567,,,,,,,,75,,,,,306,,,,,,,595,,,548,,,146,,,313,
2026-08-06T22:00:01+00:00,168,,,,630,53,,254,300,359,,,,,,355,,,,,,,,435,,,,,,,1042,,89,76,,,,,,,,,,,,,,,,118,,,,,,,,,39,,,15,117,200,,,,53,,,,,384,,,,217,383,,,,,,,,,347,180,285,432,290,234,589,69,324,,495,,178,,,258,338,487,,,81,751,291,110,324,335,,,,,80,,,,,276,520,,,384,,,,,,285,,,,,,,,,,192,,,,,,,,259,,,266,,723,,479,,,,,,,,,,,,,,,,,,532,1323,568,,,,,256,,,241,,,,16,,886,,,,,,,,,,,,,,,,,100,,,,,,,,,,,,,,,,,,,,268,,,,,,,,22,,,,,,,,,,,147,,,,,,,,,,,,,,,,,497,292,181,,,,,401,73,,277,344,,672,341,389,491,,,,,96,,1369,,,,,,,,,,,,,,,,,,,,,,,,,,,,,,,,,,,,,,,,,,,,,,,,,,,,,,,,345,,,123,,,67,,,403,,,,,,206,,,18,,,,,,,174,,,106,,,,,,140,,533,,,280,,,190,,,,,,,,,,,,,,,,,,,,,,,767,,,,700,,254,249,,,,,,,,,,,,,,,,303,132,,,354,,,,,748,,,,60,166,,,,,125,,,,185,338,377,,,235,70,,,,235,,,,,,,,,,,,,,,,,,,,,,,,,,,,,,,,,484,142,188,410,,340,,,,198,379,332,,,,,,,,,,,,,,,,,594,,,,800,,,,,315,105
2026-08-06T22:15:01+00:00,170,262,,,634,,,,301,360,,,,,,356,,,,,,482,,436,,,,,,,1041,,,,,,,,,170,159,,,,42,,,,,,,350,,,,1,,,,,,,118,,,,,,,,,,,,,,,385,,,183,,,,,,348,186,305,433,291,235,601,70,,221,496,,181,,,,340,494,,830,,757,,109,325,343,881,,,,,,,,,277,,,128,385,,,,,,289,,,,,,,,,,,,,,,,,,261,,,269,,,,481,,,,,,,,,,,,,,,,,332,533,1324,576,,,208,,,244,,242,,,227,16,126,887,,,,,,,,,,,,,,,,,101,,,,,,,,,,,,,,,,,,,,275,,,,,,,,,,,,,,,,,,,148,,,,,,,,,,,,,,,,,500,295,182,,,,,,,,278,345,,,342,399,495,,,,258,,,,,,,,,,,,,,,,,,,,,,,,,,,,,,,,,,,,,,,,,,,,,,,,,,,,,,,,,,,343,,,,,,,,529,,,,,,,205,,,,,,,,,,,,,107,,,37,140,60,,,536,,1257,277,,123,,217,,,,,,,,,,,,,,,,,,,,,,769,,,,701,,255,,,332,373,,,,,,,,,,,,,,,,,370,272,,224,155,750,,,,,,,,,,126,,,,188,339,386,175,,251,79,,,,237,,,,,,,,,,,,,,,,,,,,,,,,,,,,,,,,,,144,,414,,343,,,,,,,,,,,,,,,479,307,,,,,,,597,,,,,,,,,319,
2026-08-06T22:30:02+00:00,173,,,,635,54,,260,,359,,257,313,,,,,,,,,481,,,,,,,,,1043,,88,,,,,,,,,,,,,,,,,,,,,107,,0,,,,,,,120,,,,,54,,,,,,,,,218,,,,,,237,,,,351,190,314,,,,606,,,,498,335,183,,,262,343,495,,,82,760,,,326,348,,,,,,,,,,278,521,,,386,,,,,,290,,,,,,,,,,,,,,,,,,264,,,272,,,,,,228,,606,,,,,,,,,,,,,,,,,,,,,,245,,,160,,228,16,131,889,,,,,,,,,,,,,,,,,,,,50,,,,,,,,,,,,,,,,,279,,,,,,,,,,,,,,,,,,,149,,,,,,,,,,,,,,,,,502,296,,,,,,,,,303,,,,,400,505,,,,459,,,1370,,,,,,,,,,,,,,,,,,,,,,,,,,,,,,,,,,,,,,,,,,,,,,,,,,,,,,,,347,,,126,,,66,,530,,,,,,,207,,,17,86,,,,,,,,,108,,,,,,,,,,,,,,,,,,,,,,,,,,,,,,,,,,,,,774,,,,,,,,,,,,,,128,,,,,,79,,,,133,,,373,273,,,,,244,,,,,,161,311,150,127,,,190,193,341,392,184,,270,,377,,193,241,,,,,,,,,,,,,,,,,,,,,,,,,,,,,,,,,485,143,189,411,,345,,,,,380,,,,,,,,,200,,,,,,,,,599,,,,,,,,,320,
2026-08-06T22:45:01+00:00,175,,,,637,,,,,358,,259,315,,,,,,,,,,435,,,,,,,,1048,,91,,,,,,,,,,84,,,,,,,,,,,,,,,,,,,,,,,,,,26,,,,,,,,,,,,,,,,,,352,,316,434,,236,,69,323,,,334,,,,263,344,498,,,,766,,,,,878,,,,,,,,,280,523,,,,,,,,,292,,,,,,,,,,191,216,,,,,,,267,,,274,,,,482,,230,,,,,,,,,,,,,,,,536,,,,,215,,,247,,244,163,,231,16,132,891,,,,,,,,,,,,,,,,,,,,51,,,,,,,,,,,,,,,,,278,,,,,,,,23,,,,,,,,,,,,,,,,,,,,,,,,,,,202,506,,,,,,,,,,304,346,,,,,509,,,,,,,,,,,,,,,,,,,,,,,,,,,,,,,,,,,,,,,,,,,,,,,,,,,,,,,,,,,,,,,346,,,,,,,247,,402,,,393,,,208,,,,87,,,,,,,,,107,,,,141,,,,,,,,,,,,,,,,,,,,,,,,,,,,,,,,,,,,,700,,,,,333,,,,,,,,,,,,,,,,,,377,,,223,156,,246,,,61,,,,,,,,,189,,345,401,197,,289,,,,,,,,,,,,,,,,,,,,,,,,,,,,,,,,,,,,,,,144,129,416,,346,,,,,381,,,,,,,,,,,308,,,,,,,600,,,549,,,,,,,
2026-08-06T23:00:01+00:00,,,,,,,,,,,,261,314,,,,,,,,,482,,,,,,,,,1049,,,,,,,,,,,,,,,,,,,,,,,106,,,,,40,,,,121,,,,,52,,,,,385,,,,,,,,184,,,,,,353,,317,435,,,611,,322,,,335,188,67,,266,347,504,,,83,770,,,,,877,,,492,,,,,200,,524,,129,,,,,,,,,,,,,,,,,,,,,,,,,,,,,,,,,,231,,,,,,,,,,,,,,,,,,575,,419,,,,,,,,,,16,133,893,,,,,,,,,,,,,,,,,,,,,,,,,,,,,,,,,,,,,279,,,,,,,,,,,,,,,,,,,151,,,,,,,,,,,,,,,,,,,,,237,,,,,,,,,,,,516,,,,,,,,,,,,,,,,,,,,,,,,,,,,,,,,,,,,,,,,,,,,,,,,,,,,,,,,,,,,,,,347,,,,,,,,529,,,,,,,,,,16,,,,,,295,,,,109,142,,,,61,,,,,,,,,,,,,,,,,,,,,,,,,,,,,,,,775,,,,702,,,,,,374,,,,130,,,,,,80,,,304,,,,,,,,157,751,247,,,63,,,,,,,,,,,344,402,198,,298,,,,,243,,,,,,,,,,,,,,,,,,,,,,,,,,,,,,,,,,,,418,,347,,,,,,333,,,,184,,,,,,,,,,,,,601,,,,,,,,,322,
2026-08-06T23:15:02+00:00,,,,,,,,,,,,263,,,,,,,,,,,,,,,88,,,,,,92,,,,,,,171,,,,,,,,,,,,,,,,,,,39,,,,,,,,,,,,,,387,,,,,,,,185,,,,,,,193,309,436,,,612,,,,,,192,,,267,348,509,,,82,773,,,,,878,,,,,,,,,,525,,,,,,,,,,,,,,,,,,,,215,,,,,,,266,,,276,,,,,,,,,,,,,,,,,,,,,,,1326,576,,,216,,,248,,,162,,232,16,134,894,,,,,,,,,,,,,,,,,102,,,,,,,,,,,,,,,,,,,,281,,,,,,,,,,,,,,,,,,,,,,,,,,,,,,,,,,,,507,297,183,,,,,,,,,,,,343,,521,,,,,,,,,,,,,,,,,,,,,,,,,,,,,,,,,,,,,,,,,,,,,,,,,,,,,,,,,,,,,,,353,,,,,,,,533,403,,,,,,,,,,,,,,,,,,,110,143,896,,,,145,,544,,1259,282,,126,191,228,,,,,,,,,,,,,,,,,,,,,,776,85,,,706,,,,,,,,,,131,,,,,,,,,305,,,,,,,224,,,246,189,,,,,163,,,128,,,,,,403,201,,302,,,,,,,,,,,,,,,,,,,,,,,,,,,,,,,,,,,,,,,,130,424,,,,,,,,,,,,185,77,,,,480,,,,,,,,,,,,,,,,,,
2026-08-06T23:30:01+00:00,176,,,,,,,,,,,,,,,357,,,,,,483,,,,,87,,,,1048,,,,,,,,,,,,,,,,,,,,,,,,,,59,,41,,,,124,,,,,,,,,,390,,,,,,,,,,,,,,,194,310,437,,,,,,,500,,194,,,,,511,,,,775,,,,350,880,,,,,,,,,,,,,,,,,,,,,,,,,,,,,,,,,,,,,269,,,280,,,,,,,,,,,,,,,,,,,,,,,,575,,,,,,,,,,,233,16,,896,,,,,,,,,,,,,,,,,,,,,,,,,,,,,,,,,,,,,,,,,,,,,,,,,,,,,,,,152,,,,,,,,,,,,,,,,,,,,,,429,,,,,,,,,,,526,,,,,,,,,,,,,,,,,,,,,,,,,,,,,,,,,,,,,,,,,,,,,,,,,,,,,,,,,,,,,,,358,,,,,,67,,534,,,,394,,,,,,,,,,,,,,,,,142,,,,,,,,,,,,,,,,,,,,,,,,,,,,,,,,,,,,777,86,,,708,,,,,,,,,,,,,,,,,,,,,,,,,,225,,,,,,,,,,312,,,,,190,194,,404,203,,303,,,,,244,,,,,,,,,,,,,,,,,,,,,,,,,,,,,,,,,,,131,429,,,,,,,,,,,,,,,,,,307,,,,,,,602,,,,,,,,,,
2026-08-06T23:45:02+00:00,,,,,,,,261,,,,267,,,,,,,,,,,,,,,86,,,,1049,,91,,,,,,,172,,,86,,,,,,,,,,,,,2,60,,38,,,,127,,,,,,,,,,,,,,,,,,,,,,,,,196,311,,,,,70,,,501,,197,,,285,,510,,,,777,,,,,877,,,,,,,,,,526,,,,,,,,,293,,,,,,,,,,192,,,,,,,,,,,281,,,,,,232,,,,,,,,,,,,,,,,,1327,576,,421,217,,,,,,,,234,16,135,897,,,,,,,,,,,,,,,,,,,,52,,,,,,,,,,,,,,,,,285,,,,,,,,,,,,,,,,,,,,,,,,,,,,,,,,,,,,,,,,,,,400,74,,,,,,,401,529,,,,,,,,,,,,,,,,,,,,,,,,,,,,,,,,,,,,,,,,,,,,,,,,,,,,,,,,,,,,,,,359,,,,,,,,,,,,,,,,,,,,,,,,,,,,,,,,,,,,,,,,,,,,,,,,,,,,,,,,,,,,,,,,,778,,,,717,,,,,,373,,,,,,,,,,,,,304,,,,,,,,,,247,,,,,,,,,,,,191,,,,204,,304,,,,,246,,,,,,,,,,,,,,,,,,,,,,,,,,,,,,,,,,,,432,,,,,,,,,,,,,,,,,,,,,,,,,,,,,,,,,,,
