timestamp,bonn-bcp-parken-Rabinstrasse,bonn-bcp-parken-beethoven,bonn-bcp-parken-beetplatz,bonn-bcp-parken-bike-ride,bonn-bcp-parken-friedensplatz,bonn-bcp-parken-hauptbahnhof,bonn-bcp-parken-karstadt,bonn-bcp-parken-markt,bonn-bcp-parken-muensterplatz,bonn-bcp-parken-operngarage,bonn-bcp-parken-rheinaue,bonn-bcp-parken-stadthaus,bonn-bcp-parken-unigarage,braunschweig-parken-Parkhaus-Eiermarkt,braunschweig-parken-Parkhaus-Forschungsflughafen,braunschweig-parken-Parkhaus-Lange-Str-Nord,braunschweig-parken-Parkhaus-Magni,braunschweig-parken-Parkhaus-Packhof,braunschweig-parken-Parkhaus-Ring-Center,braunschweig-parken-Parkhaus-Schloss,braunschweig-parken-Parkhaus-Schutzenstrasse,braunschweig-parken-Parkhaus-Wallstrasse,braunschweig-parken-Parkhaus-Wilhelmstrasse,dresden-parken-Altmarkt,dresden-parken-Altmarkt-Galerie,dresden-parken-Ammonstrasse-Bus,dresden-parken-An-der-Frauenkirche,dresden-parken-Bahnhof-Neustadt,dresden-parken-Bluherstrasse,dresden-parken-Budapester-Strasse,dresden-parken-Centrum-Galerie,dresden-parken-Cossebaude,dresden-parken-Ferdinandplatz,dresden-parken-Fidelio-F-Finke-Strasse,dresden-parken-Frauenkirche-Neumarkt,dresden-parken-Freiberger-Platz,dresden-parken-GALERIA-Karstadt-Kaufhof,dresden-parken-Gompitz,dresden-parken-Grenzstrasse,dresden-parken-Haus-am-Zwinger,dresden-parken-Kaditz,dresden-parken-Klotzsche,dresden-parken-Kongresszentrum,dresden-parken-Kraftwerk-Mitte,dresden-parken-Langebruck,dresden-parken-Lindengasse,dresden-parken-Lingnerallee,dresden-parken-MESSE-DRESDEN-Parkplatz-P7,dresden-parken-Ostra-Allee,dresden-parken-Ostra-Ufer,dresden-parken-Palaisplatz,dresden-parken-Parkhaus-Mitte,dresden-parken-Pennrich,dresden-parken-Pieschener-Allee-Bus,dresden-parken-Pirnaische-Strasse,dresden-parken-Pirnaischer-Platz,dresden-parken-Prohlis,dresden-parken-Reick,dresden-parken-Reitbahnstrasse,dresden-parken-SP1-Strassburger-Platz,dresden-parken-SachsenEnergie-Center,dresden-parken-Sarrasanistrasse,dresden-parken-Schiessgasse,dresden-parken-Semperoper,dresden-parken-Stadtforum-Dresden,dresden-parken-Strehlener-Strasse,dresden-parken-Taschenbergpalais,dresden-parken-Terrassenufer,dresden-parken-Terrassenufer-Bus,dresden-parken-Theresienstrasse,dresden-parken-Weissig,dresden-parken-Weixdorf-Bad,dresden-parken-Wiener-Platz-Hauptbahnhof,dresden-parken-Wiesentorstrasse,dresden-parken-Wigardstrasse,dresden-parken-Wohrl-Florentinum,dresden-parken-World-Trade-Center,ffh-parken-bad-homburg-Am-Bahnhof,ffh-parken-bad-homburg-Louisen-Arkaden,ffh-parken-bad-homburg-Parkgarage-Karstadt,ffh-parken-bad-homburg-Parkgarage-Kurhaus,ffh-parken-bad-homburg-Parkgarage-Rathaus,ffh-parken-bad-homburg-Parkgarage-Schloss,ffh-parken-bad-homburg-Parkhaus-La-Vie,ffh-parken-bad-homburg-Parkhaus-am-Guterbahnhof,ffh-parken-bad-homburg-Parkhaus-am-Markt,ffh-parken-frankfurt-Aculeum,ffh-parken-frankfurt-Alt-Sachsenhausen,ffh-parken-frankfurt-Alte-Oper,ffh-parken-frankfurt-Am-Gericht,ffh-parken-frankfurt-Am-Theater,ffh-parken-frankfurt-Baseler-Platz,ffh-parken-frankfurt-Borse,ffh-parken-frankfurt-Burgerhaus-Bornheim,ffh-parken-frankfurt-Congresscenter-Messe-Frankfurt-Maritim-Hotel,ffh-parken-frankfurt-Friedrichsheim,ffh-parken-frankfurt-Gateway-Garden-Goldbeck,ffh-parken-frankfurt-Goetheplatz,ffh-parken-frankfurt-Hafenpark-Quartier-NORD,ffh-parken-frankfurt-Hauptbahnhof-Sud,ffh-parken-frankfurt-Hauptwache,ffh-parken-frankfurt-Hotel-Intercontinental,ffh-parken-frankfurt-Hotel-Movenpick,ffh-parken-frankfurt-Junghofstrasse,ffh-parken-frankfurt-Konrad-Adenauer-Strasse,ffh-parken-frankfurt-Konstabler,ffh-parken-frankfurt-Mainzer-Landstrasse,ffh-parken-frankfurt-Mayfarth-Quartier,ffh-parken-frankfurt-Messeturm,ffh-parken-frankfurt-Mousonturm,ffh-parken-frankfurt-MyZeil-PalaisQuartier,ffh-parken-frankfurt-Opernturm,ffh-parken-frankfurt-Ordnungsamt,ffh-parken-frankfurt-P-R-Haus-Borsigallee,ffh-parken-frankfurt-P-R-Kalbach,ffh-parken-frankfurt-Parkhaus-Konigsteiner-Strasse,ffh-parken-frankfurt-Schiller-Passage,ffh-parken-frankfurt-Universitatsklinikum-Innengelande,ffh-parken-frankfurt-Universitatsklinikum-P2,ffh-parken-frankfurt-Universitatsklinikum-P5,ffh-parken-frankfurt-Universitatsklinikum-Sandhofstrasse,ffh-parken-frankfurt-Untermainanlage,ffh-parken-kassel-Atrium,ffh-parken-kassel-City-Point,ffh-parken-kassel-Friedrichsplatz,ffh-parken-kassel-Galeria,ffh-parken-kassel-Herkules-Besucherzentrum,ffh-parken-kassel-Kurfursten-Galerie,ffh-parken-kassel-Martinskirche,ffh-parken-kassel-Rathaus,ffh-parken-kassel-Schloss-Wilhelmshohe,ffh-parken-kassel-Wilhelmsstrasse,ffh-parken-mannheim-C1-Hauptverwaltung-MPB-Parkhaus,ffh-parken-mannheim-Collini-Center-Mulde-Parkplatz,ffh-parken-mannheim-D3-Tiefgarage,ffh-parken-mannheim-D5-Reiss-Museum-Tiefgarage,ffh-parken-mannheim-G1-Marktplatz-Tiefgarage,ffh-parken-mannheim-H6-Tiefgarage,ffh-parken-mannheim-Hauptbahnhof-P1-Tiefgarage,ffh-parken-mannheim-Hauptbahnhof-P2-Parkhaus,ffh-parken-mannheim-Hauptbahnhof-P3-Parkhaus,ffh-parken-mannheim-Hauptbahnhof-P5-Parkhaus,ffh-parken-mannheim-Klinikum-P3-Parkplatz,ffh-parken-mannheim-Klinikum-Tiefgarage,ffh-parken-mannheim-M4a-Parkplatz,ffh-parken-mannheim-N1-N2-Stadthaus-Parkhaus,ffh-parken-mannheim-N6-Komforthaus,ffh-parken-mannheim-N6-Standardhaus,ffh-parken-mannheim-SAP-Arena-P1-Parkplatz,ffh-parken-mannheim-SAP-Arena-P2-Parkplatz,ffh-parken-mannheim-SAP-Arena-P3-Parkplatz,ffh-parken-mannheim-SAP-Arena-P6-P8-Parkplatz,ffh-parken-mannheim-U2-Tiefgarage,ffh-parken-wiesbaden-PH-City-II,ffh-parken-wiesbaden-PH-Coulinstr,ffh-parken-wiesbaden-PH-Galeria-Kaufhof,ffh-parken-wiesbaden-PH-Karstadt,ffh-parken-wiesbaden-PH-Kurhaus-Casino,ffh-parken-wiesbaden-PH-Lili,ffh-parken-wiesbaden-PH-Luisenforum,ffh-parken-wiesbaden-PH-Luisenplatz,ffh-parken-wiesbaden-PH-Markt,ffh-parken-wiesbaden-PH-Mauritius,ffh-parken-wiesbaden-PH-Theater,ffh-parken-wiesbaden-TG-Lili,ffh-parken-wiesbaden-TG-RMCC,heilbronn-parken-Am-Bollwerksturm,heilbronn-parken-Bildungscampus-Mitte,heilbronn-parken-E-Quartiersgarage-Neckarbogen,heilbronn-parken-Harmonie,heilbronn-parken-Kathchenhof,heilbronn-parken-Kiliansplatz,heilbronn-parken-P-R-Karlsruher-Strasse,heilbronn-parken-Parkhaus-Experimenta,heilbronn-parken-Parkplatz-Hauptbahnhof,heilbronn-parken-Stadtgalerie,heilbronn-parken-Theaterforum-K3,heilbronn-parken-Wollhaus,ingolstadt-parken-Arena,ingolstadt-parken-Congressgarage,ingolstadt-parken-Festplatz,ingolstadt-parken-Hallenbad,ingolstadt-parken-Hauptbahnhof-Ost,ingolstadt-parken-Hauptbahnhof-West,ingolstadt-parken-Munster,ingolstadt-parken-Nordbahnhof,ingolstadt-parken-Reduit-Tilly,ingolstadt-parken-Schloss,ingolstadt-parken-Theater-Ost,ingolstadt-parken-Theater-West,konstanz-parken-Altstadt,konstanz-parken-Augustiner,konstanz-parken-Dobele,konstanz-parken-Fernbusbahnhof,konstanz-parken-Fischmarkt,konstanz-parken-Lago,konstanz-parken-Seerheincenter,mobil-potsdam-parken-Am-Kanal,mobil-potsdam-parken-Bahnhofspassagen-1,mobil-potsdam-parken-Bahnhofspassagen-2,mobil-potsdam-parken-Biosphare-Potsdam-Volkspark,mobil-potsdam-parken-Hollandisches-Viertel-Klinikum,mobil-potsdam-parken-Industrie-und-Handelskammer,mobil-potsdam-parken-Karstadt-Zentrum,mobil-potsdam-parken-Krongut-Bornstedt,mobil-potsdam-parken-Luisenplatz,mobil-potsdam-parken-Lustgarten,mobil-potsdam-parken-Markt-Center,mobil-potsdam-parken-Neuer-Garten-Cecilienhof,mobil-potsdam-parken-P-R-Bahnhof-Golm,mobil-potsdam-parken-P-R-Bahnhof-Griebnitzsee,mobil-potsdam-parken-P-R-Bahnhof-Marquardt,mobil-potsdam-parken-P-R-Bahnhof-Pirschheide,mobil-potsdam-parken-P-R-Campus-Jungfernsee,mobil-potsdam-parken-P-R-Rehbrucke,mobil-potsdam-parken-P-R-Wetzlarer-Strasse,mobil-potsdam-parken-Park-Sanssouci-P1-Historische-Muhle,mobil-potsdam-parken-Park-Sanssouci-P2-Voltaireweg,mobil-potsdam-parken-Park-Sanssouci-P3-Am-Neuen-Palais,mobil-potsdam-parken-Parkplatz-Schloss-und-Park-Babelsberg,mobil-potsdam-parken-Schiffbauergasse-Hans-Otto-Theater,mobil-potsdam-parken-Sportpark-Luftschiffhafen,mobil-potsdam-parken-Weberpark,mobil-potsdam-parken-Wilhelmgalerie,mobilitaet-jena-Am-Anger,mobilitaet-jena-Am-Gries,mobilitaet-jena-Am-Planetarium,mobilitaet-jena-Am-Stadion,mobilitaet-jena-August-Bebel-Strasse,mobilitaet-jena-Bachstrasse,mobilitaet-jena-Busbahnhof,mobilitaet-jena-City-Carree,mobilitaet-jena-Eichplatz,mobilitaet-jena-Eisenbahndamm,mobilitaet-jena-Erbertstrasse,mobilitaet-jena-Ernst-Abbe-Strasse,mobilitaet-jena-Ernst-Haeckel-Strasse,mobilitaet-jena-Gartenstrasse,mobilitaet-jena-Goethe-Galerie,mobilitaet-jena-Grietgasse,mobilitaet-jena-Haeckelplatz,mobilitaet-jena-Holzmarkt,mobilitaet-jena-Krautgasse,mobilitaet-jena-Lassallestrasse,mobilitaet-jena-Lessingstrasse,mobilitaet-jena-Muhlenstrasse,mobilitaet-jena-Neue-Mitte,mobilitaet-jena-Paradiesbahnhof,mobilitaet-jena-Philosophenweg,mobilitaet-jena-Roland-Ducke-Weg,mobilitaet-jena-Schlossgasse,mobilitaet-jena-Seidelparkplatz,mobilitaet-jena-Seidelstrasse,mobilitaet-jena-Semmelweissstrasse,mobilitaet-jena-Sophienstrasse,mobilitaet-jena-Spitzweidenweg,mobilitaet-jena-Steinkreuz,mobilitaet-jena-Stoystrasse,mobilitaet-jena-Wagnergasse,mobilitaet-jena-Westbahnhof,mobilitaet-jena-Wiesenstrasse,mobilitaet-jena-Windberg,mobilitaet-jena-Wollnitzer-Strasse,mobilitaet-jena-Ziegelmuhlenweg,oldenburg-service-parken-Altes-Gymnasium,oldenburg-service-parken-CCO-Parkdeck-1,oldenburg-service-parken-CCO-Parkdeck-2,oldenburg-service-parken-Parkhaus-Alter-Stadthafen-Cinemaxx,oldenburg-service-parken-Parkhaus-Am-Waffenplatz,oldenburg-service-parken-Parkhaus-August-Carree,oldenburg-service-parken-Parkhaus-Bahnhof-ZOB,oldenburg-service-parken-Parkhaus-Galeria-Kaufhof,oldenburg-service-parken-Parkhaus-Heiligengeist-Hoefe,oldenburg-service-parken-Parkhaus-Schlosshoefe,oldenburg-service-parken-Parkhaus-Theatergarage,oldenburg-service-parken-Parkplatz-Pferdemarkt,oldenburg-service-parken-Parkplatz-Theaterwall,oldenburg-service-parken-Ratsherren,parken-in-bochum-P1-Husemannplatz,parken-in-bochum-P2-Dr-Ruer-Platz,parken-in-bochum-P3-Rathaus-BVZ,parken-in-bochum-P5-Bruckstrasse,parken-in-bochum-P6-Hauptbahnhof-Buddenbergplatz,parken-in-bochum-P7-Kurt-Schumacher-Platz,parken-in-bochum-P8-Konrad-Adenauer-Platz-Bermuda3Eck,parken-in-bochum-P9-Schauspielhaus,parken-in-bochum-PH-Alter-Markt-Wattenscheid,parken-in-bochum-PH-Bochumer-Fenster,parken-in-bochum-PH-Husemann-Karree,parken-in-bochum-PH-Massenbergstrasse,parken-in-bochum-PH-Quartiersgarage-Ostpark,parken-in-bochum-PH-Stadionring,parken-in-bochum-PH-Westpark-Jahrhunderthalle,parken-luebeck-Am-Bahnhof-Handelshof-Parkplatz-Strassenrand-Am-Bahnhof-Handelshof-Parkplatz-Strassenrand-Lubeck,parken-luebeck-Am-Burgfeld-Parkplatz-Am-Burgfeld-Parkplatz-Lubeck,parken-luebeck-Am-Fischereihafen-Parkplatz-Am-Fischereihafen-Parkplatz-Travemunde,parken-luebeck-Am-Leuchtenfeld-Leuchtturm-Parkplatz-Am-Leuchtenfeld-Leuchtturm-Parkplatz-Travemunde,parken-luebeck-Backbord-Parkplatz-Backbord-Parkplatz-Travemunde,parken-luebeck-Bahnhof-Parkplatz-Strassenrand-Bahnhof-Parkplatz-Strassenrand-Lubeck,parken-luebeck-Bauhof-Parkplatz-Bauhof-Parkplatz-Lubeck,parken-luebeck-Beckergrube-Parkplatz-Beckergrube-Parkplatz-Lubeck,parken-luebeck-Bruckenweg-Parkplatz-Bruckenweg-Parkplatz-Lubeck,parken-luebeck-Burgstrasse-Parkplatz-Burgstrasse-Parkplatz-Lubeck,parken-luebeck-Fahrstrasse-Parkplatz-Fahrstrasse-Parkplatz-Lubeck,parken-luebeck-Fahrvorplatz-Parkplatz-Fahrvorplatz-Parkplatz-Travemunde,parken-luebeck-Hafenbahnhof-Parkplatz-Hafenbahnhof-Parkplatz-Travemunde,parken-luebeck-Hermann-Lange-Strasse-Parkplatz-Hermann-Lange-Strasse-Parkplatz-Lubeck,parken-luebeck-Huxterdamm-Parkplatz-Huxterdamm-Parkplatz-Lubeck,parken-luebeck-Kanalstrasse-P2-Parkplatz-Kanalstrasse-P2-Parkplatz-Lubeck,parken-luebeck-Kanalstrasse-P3-Parkplatz-Kanalstrasse-P3-Parkplatz-Lubeck,parken-luebeck-Kanalstrasse-P4-Parkplatz-Kanalstrasse-P4-Parkplatz-Lubeck,parken-luebeck-Kanalstrasse-P5-Parkplatz-Kanalstrasse-P5-Parkplatz-Lubeck,parken-luebeck-Kanalstrasse-Strassenrand-Parkplatz-Kanalstrasse-Strassenrand-Parkplatz-Lubeck,parken-luebeck-Kirchenstrasse-Parkplatz-Kirchenstrasse-Parkplatz-Travemunde,parken-luebeck-Konrad-Adenauer-IHK-Parkplatz-Strassenrand-Konrad-Adenauer-IHK-Parkplatz-Strassenrand-Lubeck,parken-luebeck-Kowitzberg-Parkplatz-Kowitzberg-Parkplatz-Travemunde,parken-luebeck-Kurgartenstrasse-Parkplatz-Kurgartenstrasse-Parkplatz-Travemunde,parken-luebeck-Lastadie-P1-Parkplatz-Lastadie-P1-Parkplatz-Lubeck,parken-luebeck-Lastadie-P3-Parkplatz-Lastadie-P3-Parkplatz-Lubeck,parken-luebeck-Lastadie-P5-Parkplatz-Lastadie-P5-Parkplatz-Lubeck,parken-luebeck-Leuchtenfeld-Parkplatz-Leuchtenfeld-Parkplatz-Travemunde,parken-luebeck-Marlesgrube-Parkplatz-Marlesgrube-Parkplatz-Lubeck,parken-luebeck-Mowenstein-Parkplatz-Mowenstein-Parkplatz-Travemunde,parken-luebeck-MuK-Parkplatz-MuK-Parkplatz-Lubeck,parken-luebeck-Muhlenbrucke-Parkplatz-Muhlenbrucke-Parkplatz-Lubeck,parken-luebeck-Muhlendamm-Parkplatz-Muhlendamm-Parkplatz-Lubeck,parken-luebeck-Muhlenstrasse-Parkplatz-Muhlenstrasse-Parkplatz-Lubeck,parken-luebeck-Mullergarten-Parkplatz-Mullergarten-Parkplatz-Lubeck,parken-luebeck-Musterbahn-Parkplatz-Musterbahn-Parkplatz-Lubeck,parken-luebeck-Nordliche-Wallhalbinsel-Parkplatz-Nordliche-Wallhalbinsel-Parkplatz-Lubeck,parken-luebeck-Obertrave-Parkplatz-Strassenrand-Obertrave-Parkplatz-Strassenrand-Lubeck,parken-luebeck-Parade-Parkplatz-Parade-Parkplatz-Lubeck,parken-luebeck-Parkplatz-vor-dem-PH-Burgtor-Parkplatz-Parkplatz-vor-dem-PH-Burgtor-Parkplatz-Lubeck,parken-luebeck-Paul-Brummer-Strasse-Parkplatz-Paul-Brummer-Strasse-Parkplatz-Travemunde,parken-luebeck-Priwall-Parkplatz-Priwall-Parkplatz-Travemunde,parken-luebeck-Radisson-Blu-Parkplatz-Radisson-Blu-Parkplatz-Lubeck,parken-luebeck-Retteich-Parkplatz-Retteich-Parkplatz-Lubeck,parken-luebeck-Roeckstrasse-Parkplatz-Roeckstrasse-Parkplatz-Lubeck,parken-luebeck-Rose-Parkplatz-Rose-Parkplatz-Travemunde,parken-luebeck-Strandbahnhof-Parkplatz-Strandbahnhof-Parkplatz-Travemunde,parken-luebeck-Trelleborgallee-Parkplatz-Trelleborgallee-Parkplatz-Travemunde,parken-luebeck-Untertrave-Flache-1-Parkplatz-Strassenrand-Untertrave-Flache-1-Parkplatz-Strassenrand-Lubeck,parken-luebeck-Untertrave-Parkplatz-Untertrave-Parkplatz-Lubeck,parken-luebeck-Verwaltungszentrum-Muhlentor-Parkplatz-Verwaltungszentrum-Muhlentor-Parkplatz-Lubeck,parken-luebeck-Vogteistrasse-Parkplatz-Vogteistrasse-Parkplatz-Travemunde,parken-luebeck-Wallstrasse-Parkplatz-Wallstrasse-Parkplatz-Lubeck,parken-luebeck-Werner-Kock-Strasse-Parkplatz-Strassenrand-Werner-Kock-Strasse-Parkplatz-Strassenrand-Lubeck,parken-osnabrueck-11,parken-osnabrueck-13,parken-osnabrueck-16,parken-osnabrueck-17,parken-osnabrueck-18,parken-osnabrueck-19,parken-osnabrueck-21,parken-osnabrueck-22,parken-osnabrueck-23,parken-osnabrueck-24,parken-osnabrueck-25,parken-osnabrueck-26,parken-osnabrueck-27,parken-osnabrueck-28,parken-osnabrueck-29,parken-osnabrueck-30,parken-osnabrueck-31,parken-osnabrueck-32,parken-osnabrueck-33,parken-osnabrueck-34,parken-osnabrueck-35,parken-osnabrueck-36,parken-osnabrueck-37,parken-osnabrueck-38,parken-osnabrueck-39,parken-osnabrueck-40,parken-osnabrueck-41,parken-osnabrueck-43,parken-osnabrueck-44,parken-osnabrueck-45,parken-osnabrueck-46,parken-osnabrueck-49,parken-osnabrueck-50,parken-osnabrueck-51,regensburg-parken-Park-Ride-Parkplatz-Unterer-Wohrd,regensburg-parken-Park-Ride-Parkplatz-West,regensburg-parken-Parkhaus-Dachauplatz,regensburg-parken-Parkhaus-Dallmeier,regensburg-parken-Parkhaus-Regensburg-Arcaden,regensburg-parken-Parkhaus-St-Peters-Weg,regensburg-parken-Parkplatz-Dultplatz,regensburg-parken-Tiefgarage-Arnulfsplatz,regensburg-parken-Tiefgarage-Hauptbahnhof-Castra-Regina-Center,regensburg-parken-Tiefgarage-am-Theater-Bismarckplatz,reutlingen-parken-Am-Bahnhof,reutlingen-parken-Bahnhof,reutlingen-parken-Echaz-Zentrum,reutlingen-parken-Galeria-Kaufhof,reutlingen-parken-Gartentor-C-A-Mode,reutlingen-parken-Gartenviertel,reutlingen-parken-Kaiserpassage,reutlingen-parken-Klinikum-I,reutlingen-parken-Klinikum-II,reutlingen-parken-Konrad-Adenauer-Strasse-Eberhardstrasse,reutlingen-parken-Kronprinzenbau,reutlingen-parken-Lederstrasse,reutlingen-parken-Nordstern,reutlingen-parken-Obere-Wassere,reutlingen-parken-Parkgarage-Leonhardsplatz,reutlingen-parken-Parkhaus-Pomologie,reutlingen-parken-Rathaus-Tubinger-Tor,reutlingen-parken-Stadthalle,reutlingen-parken-Stadtmitte,reutlingen-parken-Unter-den-Linden,reutlingen-parken-Volksbank,sw-bielefeld-parken-Parkhaus-Am-Hauptbahnhof,sw-bielefeld-parken-Parkhaus-Am-Jahnplatz,sw-bielefeld-parken-Parkhaus-Am-Zwinger,sw-bielefeld-parken-Parkhaus-Ankergarten,sw-bielefeld-parken-Parkhaus-Bahnhofsviertel-1,sw-bielefeld-parken-Parkhaus-Bahnhofsviertel-2,sw-bielefeld-parken-Parkhaus-Centrum,sw-bielefeld-parken-Parkhaus-Karstadt,sw-bielefeld-parken-Parkhaus-LOOM,sw-bielefeld-parken-Parkhaus-Ritterstrasse,sw-bielefeld-parken-Parkhaus-Stadthalle,sw-bielefeld-parken-Parkpalette-Hermann-Delius-Strasse,sw-bielefeld-parken-Parkplatz-Friedenstrasse,sw-bielefeld-parken-Parkplatz-Grosse-Kurfursten-Str,sw-bielefeld-parken-Parkplatz-Hbf,sw-bielefeld-parken-Parkplatz-Herforder-Str,sw-bielefeld-parken-Parkplatz-Kunsthalle,sw-bielefeld-parken-Parkplatz-Mercatorstr,sw-bielefeld-parken-Parkplatz-Niederwall,sw-bielefeld-parken-Parkplatz-Teutoburger-Strasse,sw-bielefeld-parken-Parkplatz-Zentrum,sw-bielefeld-parken-Parkplatze-Werner-Bock-Strasse,sw-bielefeld-parken-Seidenstickerhalle,sw-bielefeld-parken-Tiefgarage-Altstadt-Carre,sw-bielefeld-parken-Tiefgarage-Am-Theater,sw-bielefeld-parken-Tiefgarage-Kesselbrink,sw-bielefeld-parken-Tiefgarage-Marktpassage-nicht-fur-gasbetriebene-Fahrzeuge,sw-bielefeld-parken-Tiefgarage-Neues-Rathaus,sw-bielefeld-parken-Tiefgarage-Welle,sw-bielefeld-parken-Tiefgarage-Willy-Brandt-Platz,sw-bielefeld-parken-Tiefgarage-und-Parkpalette-CineStar,swt-trier-parken-Basi,swt-trier-parken-City,swt-trier-parken-Hauptm,swt-trier-parken-Kons,swt-trier-parken-Osta,swt-trier-parken-ParkPlaza,swt-trier-parken-Vieh,tiefbauamt-nuernberg-parken-ADCOM-Center,tiefbauamt-nuernberg-parken-Adlerstrasse,tiefbauamt-nuernberg-parken-City-Park-Center,tiefbauamt-nuernberg-parken-Erler-Klinik,tiefbauamt-nuernberg-parken-Findelgasse,tiefbauamt-nuernberg-parken-Galeria-Kaufhof,tiefbauamt-nuernberg-parken-Hans-Sachs-Platz,tiefbauamt-nuernberg-parken-Hauptbahnhof,tiefbauamt-nuernberg-parken-Hauptmarkt,tiefbauamt-nuernberg-parken-Jakobsmarkt,tiefbauamt-nuernberg-parken-Katharinenhof,tiefbauamt-nuernberg-parken-PH-Nurnberger-Akademie,tiefbauamt-nuernberg-parken-Parkhaus-City-Point,tiefbauamt-nuernberg-parken-Parkhaus-Karstadt,tiefbauamt-nuernberg-parken-Parkhaus-Maximum,tiefbauamt-nuernberg-parken-Parkhaus-Wohrl,tiefbauamt-nuernberg-parken-Parkhausname,tiefbauamt-nuernberg-parken-Sebalder-Hofe,tiefbauamt-nuernberg-parken-Sterntor,tiefbauamt-nuernberg-parken-Theater,vmz-bremen-parken-Am-Bahnhof,vmz-bremen-parken-Am-Brill,vmz-bremen-parken-Am-Dom,vmz-bremen-parken-Am-Kuhhirten,vmz-bremen-parken-Am-Sedanplatz,vmz-bremen-parken-Am-Vegesacker-Hafen,vmz-bremen-parken-Am-Wall,vmz-bremen-parken-Aumunder-Markplatz,vmz-bremen-parken-Beckersweide,vmz-bremen-parken-Burgerweide,vmz-bremen-parken-Burgerweide-Klangbogen,vmz-bremen-parken-City-Gate,vmz-bremen-parken-Fresenbergstrasse-P1,vmz-bremen-parken-Fresenbergstrasse-P2,vmz-bremen-parken-Herdentor-Rembertiring,vmz-bremen-parken-Hillmannplatz,vmz-bremen-parken-Im-Pohl,vmz-bremen-parken-Katharinenklosterhof,vmz-bremen-parken-Kunstlerhaus-Guterbahnhof,vmz-bremen-parken-Lubecker-Strasse,vmz-bremen-parken-Messe-Parkhaus,vmz-bremen-parken-Mitte,vmz-bremen-parken-Ortsamt-Blumenthal,vmz-bremen-parken-Ostertor-Kulturmeile,vmz-bremen-parken-Pressehaus,vmz-bremen-parken-Rowekamp-Metropol-Theater,vmz-bremen-parken-Sagerstr,vmz-bremen-parken-Silbermannstrasse,vmz-bremen-parken-Stephani,vmz-bremen-parken-Uberseestadt,vmz-bremen-parken-Weserstadion,vtmanager-duesseldorf-parken-FLOAT,vtmanager-duesseldorf-parken-Heerdt,vtmanager-duesseldorf-parken-PH-01,vtmanager-duesseldorf-parken-PH-02,vtmanager-duesseldorf-parken-PH-03,vtmanager-duesseldorf-parken-PH-04,vtmanager-duesseldorf-parken-PH-06,vtmanager-duesseldorf-parken-PH-08,vtmanager-duesseldorf-parken-PH-09,vtmanager-duesseldorf-parken-PH-10,vtmanager-duesseldorf-parken-PH-11,vtmanager-duesseldorf-parken-PH-12,vtmanager-duesseldorf-parken-PH-13,vtmanager-duesseldorf-parken-PH-16,vtmanager-duesseldorf-parken-PH-17,vtmanager-duesseldorf-parken-PH-18,vtmanager-duesseldorf-parken-PH-20,vtmanager-duesseldorf-parken-PH-22,vtmanager-duesseldorf-parken-PH-23,vtmanager-duesseldorf-parken-PH-24,vtmanager-duesseldorf-parken-PH-25,vtmanager-duesseldorf-parken-PH-26,vtmanager-duesseldorf-parken-PH-29,vtmanager-duesseldorf-parken-PH-33,vtmanager-duesseldorf-parken-PH-34,vtmanager-duesseldorf-parken-PH-35,vtmanager-duesseldorf-parken-PH-37,vtmanager-duesseldorf-parken-PH-39,vtmanager-duesseldorf-parken-PH-42,vtmanager-duesseldorf-parken-PH-43,vtmanager-duesseldorf-parken-PH-45,vtmanager-duesseldorf-parken-PH-46,vtmanager-duesseldorf-parken-PH-47,vtmanager-duesseldorf-parken-PH-48,vtmanager-duesseldorf-parken-PH-50,vtmanager-duesseldorf-parken-PH-51,vtmanager-duesseldorf-parken-PH-52,vtmanager-duesseldorf-parken-PH-53,vtmanager-duesseldorf-parken-PH-54
2026-08-24T00:00:01+00:00,176,,57,154,,68,,268,,,220,263,326,,,349,,,,1245,167,512,436,586,,,113,,,69,1431,32,113,87,243,,,,,160,163,0,118,0,40,,,,,,,392,47,119,,18,57,15,109,156,180,0,123,217,85,233,87,31,0,125,,,426,9,,178,277,382,206,375,264,125,235,21,194,63,287,187,321,369,300,234,684,68,282,225,288,510,219,385,203,133,119,274,349,453,162,186,798,65,821,284,114,273,307,200,362,607,24,2,450,83,,,,210,280,526,,,390,,0,0,0,0,297,0,0,0,0,546,0,0,0,0,181,238,0,0,0,0,0,,282,,10,258,370,626,292,494,,224,150,649,343,480,568,471,67,230,,992,439,635,364,404,385,449,1337,621,180,421,254,126,266,250,567,302,,,304,15,153,899,,,,,,,,92,,146,,,,,,118,87,0,,68,,109,,,0,,,52,0,0,0,0,0,0,0,40,300,0,0,0,0,0,516,0,0,114,139,0,0,0,0,0,0,0,0,145,0,0,0,0,56,0,0,0,0,73,0,0,48,209,36,214,504,300,213,249,258,425,0,401,74,13,300,345,411,666,340,409,548,132,,235,459,97,,1376,,,,358,,111,,,,,,,,26,,,98,91,31,29,,,,450,,,,,332,,,153,,,,,,,,,,,,4,,,,,,,,,,,,0,143,0,129,0,155,0,274,553,418,38,42,382,209,0,236,1,0,20,89,194,0,0,31,293,0,300,200,117,152,893,35,141,54,157,0,444,69,1209,375,0,117,203,222,0,118,209,289,84,0,0,343,343,116,0,314,0,343,209,135,289,200,249,0,0,763,77,198,,723,,284,272,,322,378,,,159,132,,,,,,81,,,313,150,,,311,268,,308,175,752,273,196,711,84,226,68,165,400,147,129,165,54,249,254,360,407,238,0,335,52,373,,197,327,0,,,,,,,,,,,,,,,,,,,,,,,,,,,,,,,,497,145,172,519,100,375,287,100,567,205,258,343,,192,,180,100,86,350,194,476,321,360,,,,200,544,618,129,,523,,265,166,160,641,347,
2026-08-24T00:15:02+00:00,,,,,,69,,267,,,,,327,,,,,,,,,,,,,,,,,,,,114,,,,,,,,,,117,,,,,,,,,,,,,19,,,110,,,,,,,,,,,,,,,,,,,,,,,,,,,,,,,370,,,685,,,,,,,,,,,,,452,,,,,,,,,,,,,,,,,,,,,,,,,,,,,,,,,,,,,,,,,,,,,,,,,,,,,,,,,,226,,,,,569,473,,,,,,,365,,,,,,,,,,,,,,,,305,15,,901,,,,,,,,,,,,,,,,,86,,,,,,,,,,,,,,,,,,,,,,,,,,,,,,,,,,,,,,,,,,,,,,,,,,,,,,,,,,,,,,,,,,,,,,,,,,,,,,,,,,,,,,,,,,,,,,,,,,,,,,,,,,,,,,,,,,,,,,,,,,,,,,,,,,,,,,,,,,,,,,,,,,,,,,,,,,,,,,,,,,,,,,,,55,158,,,,1208,,,,,223,,,,,,,,,,,,,,,,,,,,,,,,,,,,,,,,379,,,,,,,,,,,,,,,,,,,,,,,,,,,,,,,,,,,250,,,,241,,,,,,,,,,,,,,,,,,,,,,,,,,,,,,,,,,,,,,,,,,,520,,,,,,,,,,,,179,,,,,,,,,,,,,,,,,,,,,,,
2026-08-24T00:30:01+00:00,,,,,,,,,,,,,,,,,,,,,,,,,,,,,,,,,,,,,,,,,164,,,,,,,,,,,,,,,,,,109,,,,,,,,,,,,,,,,,,278,,,,,,,,,,286,,,,,,,,,,,,,,,,,,,,,,,,,,,,,,363,609,,,,,,,,,,528,,,,,,,,,,,,,,,,,,,,,,,,,,,283,,,262,,,,,,,,,,,570,,,,,,438,,,,,,,,,,,,,,,,,,,15,,899,,,,,,,,,,,,,,,,,87,,,,,,,,,,,,,,,,,,,,,,,,,,,,,,,,,,,,,,,,,,,,,,,,,,,,,,,,,299,,,,,,,,,,,,,,,,,,,,,,,,,,,,,,,,,,,,,,,,,,,,,,,,,,,,,,,,,,,,,,,,,,,,,,,,,,,,,,,,,,,,,,,,,,,,,,,,,,,,,,,,,,,,,,,,,,,,,,,,,,,,,,,,,,,,,,,,,,,,,,,,,,,,,,,,,,,,,,,,,,,,,,,,,,,,,,,753,,,,,,,164,,,,,,249,,,,,,,,,,,,,,,,,,,,,,,,,,,,,,,,,,,,,,,,,,,,,,,521,,,,,,,,,,,,,,,,,,,,,,,,,,,,,,,,,,,
2026-08-24T00:45:01+00:00,,,,,,,,,,,,,,,,,,,,,,,,,,,,,,,,,,,,,,,,,,,,,,,,,,,,,,,,,,,110,,,,124,,,,,,,,,,,,,,,,,,,,,,,,284,,322,,,,,,,,,,,,,,,,,,,,,,,283,,,,,,,,,,,,,,,,,,,,,,,,,,,,,,,,,,,,,,,,,,,,,,267,,,,,,,,,,,571,472,,,,,,,,,,,,,,420,,125,,,,,,,,15,,900,,,,,,,,,,,,,,,,,,,,,,,,,,,,,,,,,,,,,,,,,,,,,,,,,,,,,,,,,,,,,,,,,,,,,,,,,,,,,,,,,,,,,,,,,547,,,,460,,,,,,,,,,,,,,,,,,,,,,,,,,,,,,,,,,,,,,,,,,,,,,,,,,,,,,,,,,,,,,,,,,,,,,,,,,,,,,,,,,,,,,,,,,,,,,,,,,,,,,,,,,,,,,,,,,,,,,,,,,,,765,,,,,,,,,,,,,,,,,,,,,,,,,,,,,,,,,,,,,,,,,,,,,,,,,,,,,,,,,,,,,,,,,,,,,,,,,,,,,,,,,,,,,,,,,499,144,,522,,,,,,,,,,,,,,,,,,,,,,,,,,,,,,,,,,,
2026-08-24T01:00:01+00:00,,,,,,,,268,,,,,,,,,,,,,,,,,,,,,,,,,,,,,,,,,,,,,,,,,,,,,,,,,,,,,,,,,,,,,,,,,,,,,,,,,,,,,,,283,,,369,,,,,,,,,,,,,,,,450,,,,,,,,,,,,610,,,,,,,,,,,,,,,,,,,296,,,,,,,,,,,,,,,,,,,,,270,,,,,,,,,,,569,,,,,,,,,,,,,,,,,123,,,,,,,,15,,901,,,,,,,,,,,,,,,,,,,,,,,,,,,,,,,,,,,,,,,,,,,,,,,,,,,,,,,,,,,,,,,,,,,,,,,,,,,,,,,,,,,,,,,,,548,,,,,,,,,,,,,,,,,,,,,,,,,,,,,,,,,,,,,,,,,,,,,,,,,,,,,,,,,,,,,,,,,,,,,,,,,,,,,,,,,,,,,,,,,,,116,,,,,,,,,,,,,,,,,,,,,,,,,,,,,,,,,,,,,,,,,,,,,,,,,,,,,,,,,,,,,,,,312,,,,,,,,,,,,,,,,,,248,,,,,,,,,,,,,,,,,,,,,,,,,,,,,,,,,,,,,,,,,,,,,145,,524,,,,,,,,,,,,,,,,,,,,,,,,,,,,,,,,,,,
2026-08-24T01:15:01+00:00,,,,,,68,,,,,,,,,,,,,,,,,,,,,,,,,,,,,,,,,,,165,,,,,,,,,,,,45,,,,,,,,,,,,,234,88,,,,,,,,,,,,,,,,,,,,,,,,,,,,,,,,,,,,,,348,,,,,,,,,,,,,,,,,,,,,,,529,,,,,,,,,,,,,,,,,,,,,,,,,,,,,,273,,,,,,228,,,,,,,,,,,437,,,403,,,,,,,,122,,,,,,,,15,,900,,,,,,,,,,,,,,,,,,,,66,,,,,,,,,,,,,,,,,,,,,,,517,,,,,,,,,,,,,,,,,,,,,,,,,,,,,,,,,272,,,,,,,,,,,,,549,,,,,,,,,,,,,,,,,,,,,,,,,,,,,,,,,,,,,,,,,,,,,,,,,,,,,,,,,,,,,,,,,,,,,,,,,,,,,,,,,,,,,,,,,,,,,,,,,159,,,,1210,374,,,,,,,,,,,,,,,,,,,,,,,,,,,,,,,,,,,,,,,,,,,,,,,,,,,,,,,,,,,,,,,,,,,,,,,,,359,,,,,66,372,,,,,,,,,,,,,,,,,,,,,,,,,,,,,,,,,,,,,144,,,,,,,,,,,,,,,,,,,,,,,,,,,,,,,,,,,,,
2026-08-24T01:30:02+00:00,,,,,,,,263,,,,,,,,,,,,,,,,,,,,,,,,,,,,,,,,,,,,,,,,,,,,,,,,,,,,,,,125,218,,,,,,,,,,,,,,,,,,,,,,,,,,368,,,,,,,,,,,,,,273,346,,,,,,822,,,,308,199,,,,,,,,,,,,,,,,,,,,,,,,,,,,,,,,,,,,,,,,,,274,,,,,,229,,,,,568,,,,,,,,,,,,,,,419,,,,,,,,,,15,,,,,,,,,,,,,,,,,,,,,,64,,,,,,,,,,,,,,,,,299,,,,,,,,,,,,,,,,,,,,,,,,,,,,,,,,,,,,,,,,,,,,,,,,,,339,,,,,,,,,,,,,,,,,,,,,,,,,,,,,,,,,,,,,,,,,,,,,,,,,,,,,,,,,,,,,,,,,,,,,,,,,,,,,,,,,,,,,,,,,,,,,,,,,,,,,,,,,,,,,,,,,,,,,,,,,,,,,,,,,,,,,,,,,,,,,,,,,,,,,,,,,,,,,,,,,,,,,,,,,,,,,,,,,,,,,,,,,,,,,,,,,,,,,,,,,,,,,,,,,,,,,,,,,,,,143,,,,,,,,,,,,,,180,,,,,,322,,,,,,,,,,,,,,,,,
2026-08-24T01:45:02+00:00,,,,,,,,,,,,264,,,,,,,,,,,,,,,,,,,1432,,,,,,,,,,164,,,,,,,,,,,,,,,,56,14,,,,,,,,,,,,,,,425,,,,,,,,,,,,,,,,,367,,,,,,,,,,,,,,272,351,451,,,,,,,,,307,,,611,,,,,,,,,,,,,,,,,,,,,,,,,,,,,,,,,,,,,284,,,,,,,,,,,,,,,,,,,,,,,,,,,,,,,121,,,,,,,,15,,901,,,,,,,,,,,,,,,,,,,,,,108,,,,,,,,,,,,,,,,,,,,,,,,,,,,,,,,,,,,,,,,,,,,,,,,,,,,,,,,,,,,,,,,,,,,,,,,,,,,,,,,,,,,,,,,,,,,,,,,,,,,,,,,,,,,,,,,,,,,,,,,,,,,,,,,,,,,,,,,,,,,,,,,,,,,,,,,,,,,,,,,,,,,,,,,,,,,,,,,,,,,,,,,,,,,,,,,,,,766,78,,,,,,,,,,,,,,,,,,,,,,,,,,,,,,,,274,,,,,,,,,,,,247,,360,,,,,,,,,,,,,,,,,,,,,,,,,,,,,,,,,,,,,,,,,,,144,,,,,,,,,,,,,,,,,,,,,,,,,,,,,,,,,,,,,
2026-08-24T02:00:02+00:00,174,,,,,,,,,,,,,,,,,,,,,,,,,,,,,,,,,,,,,,,,,,,,,,,,,,,,,,,,54,,109,,,,,,,,,,,,,,,,,,,,,,,,,,,,,,,,,,,,,,,,,384,209,,,271,,450,,,,,,284,,,,,364,612,,,,,,,,,,,,,,,,,,,,,,,,,,,,,,,,,,,,,,,,277,,,,,,,,,,,567,471,,,,,,,,,,,,,,,,,,,,,,,,15,,900,,,,,,,,,,,,,,,,,,,,63,,107,,,,,,,,,,,,,,,,,,,,,,,,,,,,,,,,,,,,,,,,,,,,,,,,,,,,,,,,,,,,,,,,,,,,,,,,,,,,,,,,,,,,,,,,,,,,,,,,,,,,,,,,,,,,,,,,,,,,,,,,,,,,,,,,,,,,,,,,,273,,,,,,,,,,,,,,,,,,,,,,,891,,,,,,,,,,,,,,,,,,,,,,,,,,,,,,,,,,,767,,,,,,,,,,,,,,131,,,,,,,,,,,,,,,,,,,,,,,,,,,,,,,248,,,,,,,,,,,,,,,,,,,,,,,,,,,,,,,,,,,,,,,,,,,,,,,525,,,,,,,293,,,,,,,,,,,,,,,,,,,,,,,,,,,,
2026-08-24T02:15:02+00:00,170,,,153,,,,,,,,,,,,,,,,,,,,,,,,,,70,1433,,,,,,,,,,165,,,,,,,,,,,,,,,,53,13,107,,,,126,,,,,,,,,,424,,,,220,,,,,,,,,,,,,366,,,,,280,,,,,,,,,,,451,,,,,,,,,,,,611,,,,,,,,,,,,,,,,,,,295,,,,,,,,,,,,,,,,,,,,,282,,,,,,230,,,,,566,,,,,,438,,,,,,,,179,413,,118,,,,,,,304,15,,,,,,,,,,93,,,,,,,,,86,,,59,,,,,,,,,,,,,,,,,,,,,,,,,,,,,,,,,,,,,,,,,,,,,,,,,,,,,494,,,,,,,,69,14,,,,,338,,,,,,,,,,,,,,,,,,,,,,,,,,,,,,,,,,,,,,,,,,,,,,,,,,,,,,,,,,,,,,,,,,,47,,,,,,,,,,,,,,,,,,,,,,,,,,117,,,,,,,,,,,386,,,,,,,,,,,,,,,,,,,,,,,,,,,,,,,,,,,322,,,,,,,,,,,,,,,,,,,,,,,,,,,,,,,,,,,,,253,,,,,,,,,,,,,,,,,,,,,,,,,,,,,,,,,,,,,,,,,,,,143,,,,,,,,,258,,,,,,,,,,,,,,,,,,,,,,,,,,,,
2026-08-24T02:30:01+00:00,171,,,,,,,,,,,263,,,,,,,,,,,,,,,,,,,1442,,115,,,,,,,,,,,,,,,,,,,,,,,,56,12,,,,,127,,,,,,,,,,,,,,218,,,,,,,,,,,,,365,,,,,,,,509,,,,,,,352,,,,,,,,,272,305,,,608,,,,,,,,,,,,,,,,,,,,,,,,,,,,,,,,,,,,,,,,,,,,,,,,,,,565,470,,,,,437,634,,404,,,,,,412,,117,,,,,,,,,,,,,,,,,,,,,,,,,,,,,,,,,,,,,,,,,,,,,,,,,,,,,515,,,,,,,,,,,,,,,,,,,,,,,,,,,,,,,,,,,,,,,,301,,,,,,,,,,,,,,,,,,,,,,,,,,,,,,,,,,,,,,,,,,,,,,,,,,,,,,,,,,,,,,,,,,,,,,,,,,,,,,,,,,,,,,,,,,,,,,,,,,,,,,,,,,,,,,,,,,,,,,,,,,,,,,,,,,,,,,766,,,,,,,,,,378,,,,,,,,,,,,,,,,,,,,,,,,,,,,,,,,,,,,,,,,,,,,,,,,,,,,,,,,,,,,,,,,,,,,,,,,,,,,,,,,144,,524,,,,,,,,,,,,,,,,,,,,,,,,,,,,,,,,,,,
2026-08-24T02:30:02+00:00,,,,,,,,,,,,,,,,,,,,,,,,,,,,,,,,,,,,,,,,,,,,,,,,,,,,,,,,,,,,,,,,,,,,,,,,,,,,,,,,,,,,,,,,,,,,,,,,,,,,,,,,,,,,,,,,,,,,,,,,,,,,,,,,,,,,,,,,,,,,,,,,,,,,,,,,,,,,,,,,,,,,,,,,,,,,,,,,,,,,,,,,,,,,,,,,,,15,,901,,,,,,,,,,,,,,,,,83,,,,,,,,,,,,,,,,,,,,,,,,,,,,,,,,,,,,,,,,,,,,,,,,,,,,,,,,,,214,,,,,,,,,,,,,,,,,,,,,,,,,,,,,,,,,,,,,,,,,,,,,,,,,,,,,,,,,,,,,,,,,,,,,,,,,,,,,,144,,,,,,,,,,,,,,,,,,,,,,,,,,,,,,,,,,,,,,,,,,,,,,,,,,,,,,,,,,,,,,,,,,,,,,,,,,,,,,,,,,,,,,,,,,,,,,,,,,,,,,,,,,,,,,,361,,,,,,,,,,,,,,,,,,,,,,,,,,,,,,,,,,,,,,,,,,,,,,,,,,,,,,,,,,,,,,,,,,,,,,,,,,,,,,,,
2026-08-24T02:45:02+00:00,,,,,,69,,,,,,,,,,,,,,,,,,,,,,,,,1441,,116,,,,,,,,,,116,,,,,,,,,391,,,,,,,101,,,,,217,,,,,,,,,421,,,,,,,,,,,,,,282,,,,,,,,,,287,,,,,,,,353,,,,,,,,,,303,,363,,,,,,,,,,,,,,,,,,,,296,,,,,,,,,,,,,,,,,,285,,,,,,,,,,,,,,,471,,,,,435,,,,,,,,,410,,,,,,,,,303,15,,902,,,,,,,,,,,,,,,,,84,,,57,,,,,,,,,,,,,,,,,,,,,,,516,,,,,,,,,,,,,,,,,,,,,,,,,,,,,,,297,,,,,,,70,,,,410,,337,,,,,,,,,1375,,,,,,,,,,,,,,,,,,,,,,,,,,,,,,,,,,,,,,,,,,,,,,,,,,,,,,,,,,,,,154,,,,,,,,,,,,,,,,,,,290,,,,,,890,,,,,,,,,,,,,,,,,,,,,,,,,,,,,,,,,,,764,,,,,,,,,,377,,,160,,,,,,,,,,,,,,,,,,,,,,,,,,,,,,,,,,,,,,,,,,,,,,,,,,,,,,,,,,,,,,,,,,,,,,,,,,,,498,143,,,,,,,,,,,,,,179,,,,,,,,,,,,,,,,522,,,,,,,
2026-08-24T03:00:01+00:00,169,,,,,,,,,,,,,,,,,,,,,,435,,,,,,,71,,,,,,,,,,,164,,115,,,,,,,,,392,44,,,,,,98,,,,129,216,,,,30,,,,,416,,,,217,381,,,,,,,,,,,,,,,686,,,,,,,,,,,,352,,,,,,,,,271,,,,607,,3,,,,,,,,,,,,,,,,,,,,,,,,,,,,,,,,,,,,,,286,,625,,,,,,,,,562,470,,,,,432,,,,383,,1336,620,178,408,,116,,,,,,,304,15,152,901,,,,,,,,92,,,,,,,,,,,,,,,,,,,,,,,,,,,,,,,,,,,,,,,,,,,,,,,,,,,,,,,,,,,,,,,,,,296,215,,,,,,,,,,,665,,408,550,,,,459,,,,,,,,,,,,,,,,,,,,,,,,,,,,,,,,,,,,,,,,,,,,,,,,,,,,,,,,,,,,,,,,,,,,,,,,,,,,,,,,,,,,,299,,,,888,,,,,,,,,,,,,,,,,,,,,,,,,,,,,,,,,,,763,,,,,,,,,,375,,,,,,,,,,,,,312,,,,,,,,,,,,,,,,,,,,,,,,360,,,,,,,,,,,,,,,,,,,,,,,,,,,,,,,,,,,,,,,,,,497,144,,522,,,,,,,,,,,,,,,,,,,,,,,,,593,127,,554,,,,,,,
2026-08-24T03:15:01+00:00,168,,,,,70,,,,,,,,,,,,,,,,,432,,,,,,,72,,31,,,,,,,,,,,,,39,,,,,,,391,,,,,55,,95,,,,126,217,,,,,,,,,413,,,,216,379,,,,,,,,,,,,364,,,,,279,,,,,,,,,,,452,,,797,,,283,,269,,,,606,,4,,,,,,,,,,,,,,,,,,,,,,,,,,,,,,,,,,,,,,287,,,,,,,,,,,,,,,,,428,,,,283,435,1236,450,,405,144,115,186,,357,181,,,303,15,,,,,,,,,,,,,,,,,,,82,,,,,104,,,,,,,,,,,,,,,,,,,,,,,,,,,,,,,,,,,,,,,,,,,,,,,,,,,,,,,,,,400,,,,,,664,,,,,,,458,,,1374,,,,,,,,,,,,,,,,,,,,,,,,,,,,,,,,,,,,,,,,,,,,,,,,,,,,,,,,,,,,,,,,,415,,,381,,,237,,,,,,,,,,,,,,,884,,,,160,,443,,1209,,,,,,,,,,,,,,,,,,,,,,,,,,,,,,,,,285,,,,,,,,,,,,,,,,,,,,,,,,307,,,,,710,83,,69,,,,,,,247,,,406,,,,,,,,,,,,,,,,,,,,,,,,,,,,,,,,,,,,,,,,,,145,,524,,,,,,,,,,,,,,,,,,,,,,,,,594,,,,,,36,,,,
2026-08-24T03:30:01+00:00,167,,,,,,,,,,,262,326,,,,,,,,,,428,,,,,,,,1452,32,,,,,,,,,160,,,,,,,,,,,389,43,,,20,54,,96,,,,123,216,,,,,,,,,409,,,,,377,,,,,,,,,,188,,363,,,,,,,,508,,,,,,,353,,,,796,,,282,112,268,300,,,603,,,,,,,,,,,,,,,,,,,,,,,,545,,,,,,236,,,,,,,,,,286,,,,,,,,648,,,561,,,,,,420,633,364,,,,,,174,402,,113,,,,,,,,15,,899,,,,,,,,,,,,,,,,,83,,,56,,103,,,,,,,,,,,,,,,298,,,,,,514,,,,,,,,,,,,,144,,,,,,,,,,,,,,,,,,287,217,,257,,,401,,,299,,409,662,335,,,,,,,,,1368,,,,,,,,,,,,,,,,,,,,,,,,,,,,,,,,,,,,,,,,,,,,,,,,,,,,,,,,,143,,,,,,,551,,,,380,208,,,,,19,,193,,,,289,,,,,,874,,,,,,,,,,,,,,,,,,,,,,,,,,,,,,,,,,,,,,,722,,,,,,,,,159,,,,,,,,,,,,,,,,,,,,273,195,,,227,,,,,,,,246,,,,,,,,373,,,,,,,,,,,,,,,,,,,,,,,,,,,,,,,,,,,,,,,,,,,,,,,,,191,,,,,,,,,,,,,,,,,,553,,,,,,,
2026-08-24T03:45:02+00:00,166,,,,,,,,,,,259,324,,,,,,,,,510,426,,,,,,,73,1461,,,,,,,,,,162,,,,38,,,,,,,379,,,,,55,,87,,,,,,,,,28,,,,,407,,,,,373,,,,,,,,,,,,362,,,,,,,,,,380,,,120,270,351,,,,,,821,280,110,265,301,198,,597,,,,,,,,,,,,,,,,,,,,,,,,,,,,,,237,,,,,,,,,,287,,626,,493,,229,,647,341,,,,,,,,408,,,,,,1232,,172,391,,110,,,356,182,,,,15,,901,,,,,,,,91,,145,,,,,,,79,,,54,,98,,,,,,,,,,,,,,,,,,,,,,,,,,,,,,,,,,142,,,,,,,,,,,,,,,,213,,264,,,256,,,,,,301,,403,653,334,,546,129,,,457,,,1353,,,,,,,,,,,,,,,,,,,,,,,,,,,,,,,,,,,,,,,,,,,,,,,,,,,,,,,,,,,,,,,,550,,,,372,,,235,,,,,191,,,,287,,296,,,,827,,,,,,,,,,,,,,,,,,,,,,,,,,,,,,,,,,,759,,,,721,,,,,,374,,,157,,,,,,,,,,,,,,311,,,,,,272,,,84,,,,,143,,,,244,,359,,240,,,65,,,,,,,,,,,,,,,,,,,,,,,,,,,,,,,,,,,,,496,,,523,,374,,,,,,,,,,178,,,,,,,,,,,,,591,126,,,,,37,,,,
2026-08-24T04:00:01+00:00,162,,,,,,,,,,,261,325,,,129,,,,,,509,416,,,,,,,,1454,31,115,,242,,,,,157,159,,,,,,,,,,,374,,,,,52,11,86,,,,121,211,,235,,24,,,,,404,,,,213,371,,,,,,,,,280,189,321,361,299,232,682,,,224,,507,,376,,,,268,350,450,,,,,819,278,105,259,298,194,360,593,,,,,,,,,,528,,,,,,,,,,,,,,544,,,,,,235,,,,,,,283,,,,,624,,494,,230,,637,339,,,,,,,,388,632,365,403,,436,1228,,167,386,,,,249,,,,,302,16,,,,,,,,,,,,,,,,,,,78,,,53,,97,,,,,,,,,,,,,,,296,,,,,,510,,,,,,,,,,,,,141,,,,,,,,,,,,,,,,212,492,249,,,,423,,398,,13,303,344,398,648,331,407,543,128,,,,,,1331,,,,,,,,,,,,,,,,,,,,,,,,,,,,,,,,,,,,,,,,,,,,,,,,,,,,,,,,,,45,,,,,267,,,,,367,200,,233,0,,18,,185,,,,267,,294,188,,,758,,,54,,,,,,,,,,,,,,,,,,,,,,,,,,,,,,,,752,,,,723,,,271,,321,,,,,,,,,,,80,,,,,,,310,,,,,,,,709,,,,,,135,,,,245,252,357,,241,,,64,372,,195,326,,,,,,,,,,,,,,,,,,,,,,,,,,,,,,,,,494,143,152,524,,373,,,,,,347,,,,174,99,,,,475,,,,,,,,,,,,,,57,,,,
2026-08-24T04:05:01+00:00,,,,,,,,261,,,,,,,,,,,,,,439,414,379,,,,,,50,998,25,117,65,,,,,,156,150,,,,36,,,,,,,,,,,,54,,87,,,20,122,,,,,,19,,,,403,,,,219,,,,,,,,,,,,,,,,,,,,,,,,,,,,,,,,,,,,,,,,,,,,,,,,,,,,,,,,,,,,,,,,,,,,,,,,,,,,,,,,,,,,,,,,,,335,,,469,,,,,382,,,,,,1227,,165,378,,105,,,355,,,,,15,,,,,,,,,,,,144,,,,,,,80,,,52,,,,,,,,,,,,,,,,,,,,,,,,,,,,,,,,,,,,140,,,,,,,,,,,,,,,,,,,,,,,,397,,,302,,392,647,329,,,,,,458,,,1330,,,,,,,,,,,,,,,,,,,,,,,,,,,,,,,,,,,,,,,,,,,,,,,,,,,,,,,,328,,44,,117,,,263,,,,,364,198,,,,,,,184,285,,,257,,,185,,,749,,,,147,,441,,1207,319,,,200,224,,,,,,,,,,,,,,,,,,,,,,751,,,,,,,,,,375,,,,,,,,,,,,,,149,297,,,,,,,,270,,708,,,,,,,,,,,,,,,,,,,,,,,,,,,,,,,,,,,,,,,,,,,,,,,,,,,,,,,144,,525,,,,99,,,358,,,,,173,,,,,,,,,,,,,,,,,,,,,,,
2026-08-24T04:10:02+00:00,,,,,,,,,,,,,,,,128,,,,,,,411,,,,,,,,,,115,,,,,,,,149,,114,,,,,,,,,371,,,,,52,,,,179,,120,,,,,23,,,,,,,,,216,,,,,,,,,,,,,,,,,,,,,,,,,,,,,,,,,,,,,,,,,,,,,,,,,,,,,,,,,,,,,,,,,,,,,,,,,,,,,,,,,,,,,,,,,,333,,,,,,,,376,,,,,,,,,,,,,,,,,,303,15,,900,,,,,,,,,,,,,,,,,78,,,,,95,,,,,,,,,,,,,,,295,,,,,,507,,,,,,,,,,,,,139,,,,,,,,,,,,,,,,,,,,,,,,,,,301,,389,645,328,406,,127,,,455,96,,1328,,,,,,,,,,,,,,,,,,,,,,,,,,,,,,,,,,,,,,,,,,,,,,,,,,,,,,,,325,,42,,,151,,257,549,,,,359,195,,231,,,17,,,284,,,248,,,,,,746,,,53,,,,,,,,,,,,,,,,,,,,,,,,,,,,,,,,748,,,,,,,,,,376,,,,,,,,,,,,,,,295,,305,267,,303,163,751,269,,,,226,,,,,,,,,,,,,,,,,,,,,,,,,,,,,,,,,,,,,,,,,,,,,,,,,,,,492,,,524,,370,,,,,,,,,,,98,,,,,,,,,,,,,,,,,,,,,,
2026-08-24T04:15:01+00:00,,,,,,,,,,,,262,324,,,,,,,,,,410,,,,,,,,997,,,,,,,,,154,,,,,,,,,,,,370,42,,,21,51,10,88,,,,121,206,,,,,,,,,404,,,,215,370,,376,210,,,,,,,188,319,358,298,233,681,,249,,288,503,,,,,,266,345,448,,,,,818,,97,251,296,195,358,587,,3,,82,,,945,,,526,,,,,,,,,295,,,,,541,,,,,180,233,,,,,,,282,,,,,,,,,158,,636,334,,,468,,,,,369,,,,,,,,162,376,,101,,,356,,,,,15,,901,,,,,,,,,,,,,,,,,,,,,,,,,,,,,,,,,,,,,296,,,,,,500,,,,,,,,,,,,,,,,,,,,,,,,,,,,,213,489,246,215,,255,422,,,,,300,,388,643,326,405,,,,,,,,1325,,,,,,,,,,,,,,,,,,,,,,,,,,,,,,,,,,,,,,,,,,,,,,,,,,,,,,,,323,,40,,,,,256,550,,,,,193,,,,,,,,285,,,247,,,184,,,737,,,,145,314,,,1205,,,,,,,,,,,,,,,,,,,,,,,,,,,,,,,,,,,,,,,,,,,,,,,,,,,,,,,,,,,753,,194,,,,,,399,131,,,,243,,,,,,,63,370,,,,,,,,,,,,,,,,,,,,,,,,,,,,,,,,,,,,491,,,,,,,100,,,,,,,,,,,,,474,,,,,,,,,,,,,,,,,,
2026-08-24T04:20:01+00:00,,,,,,69,,,,,,,323,,,,,,,,,,409,378,,,,,,,996,,112,,,,,,,,,,,,,,,,,,,368,43,,,,52,,,,,,120,,,,,,,,,,,,,,214,,,,,,,,,,,,,,,,,,,,,,,,,,,,,,,,,,,,,,,,,,,,,,,,,,,,,,,,,,,,,,,,,,,,,,,,,,,,,,281,,,,,,,495,,,,630,333,,559,,,,,,364,,,,,,,,,,,,,,,,,,,15,,,,,,,,,,90,,,,,,,,,77,,,50,,94,,,,,,,,,,,,,,,,,,,,,499,,,,,,,,,,,,,,,,,,,,,,,,,,,,,,488,244,214,,,,,,,,,,383,638,324,,,,,,454,97,,1322,,,,,,,,,,,,,,,,,,,,,,,,,,,,,,,,,,,,,,,,,,,,,,,,,,,,,,,,319,,43,132,,149,,253,549,,,,354,189,,229,18,,16,90,183,,,,244,,293,183,116,,733,,,,,,,,,,,,,,,,,,,,,,,,,,,,,,,,,,,744,,,,,,284,,,,375,,,,,,,,,,,,,311,148,294,,201,,,,,,,,707,,225,,,,,,,,,,,,,,,,,,,,,,,,,,,,,,,,,,,,,,,,,,,,,,,,,,,,488,,,,,,,,,204,,,,,,171,,,,,,,,,,,,,592,,,,,,58,,,,
2026-08-24T04:25:01+00:00,161,,,,,68,,,,,,263,,,,127,,,,,,,406,370,,,,,,49,994,,111,,,,,,,153,148,,,,,,,,,,,367,,,,22,,,85,,,,122,203,,234,,,,,,,400,,,,213,367,,374,,,,,,,279,,318,354,,,678,,,,285,498,,372,,130,,264,344,447,,,,,817,277,91,241,295,197,356,585,,2,,81,,,936,,,524,,,,,,,,,,,,,,538,,,,,,231,,,,,,,,,,,,,,,,,,,,,,467,66,,,,360,,,,,,1225,451,160,362,,100,,250,,,,,,15,,,,,,,,,,,,,,,,,,,74,,,49,,,,,,,,,,,,,,,,,,,,,,,498,,,,,,,,,,,,,138,,,,,,,,,,,,,,,,,485,246,212,271,,,,395,,,,343,381,637,,403,,126,,,,,,1319,,,,,,,,,,,,,,,,,,,,,,,,,,,,,,,,,,,,,,,,,,,,,,,,,,,,,,,,317,,42,,,,,251,546,416,,,352,,,228,,,,,,,,32,241,,291,180,,153,729,,,,,,,,,,,,,,,,,,,,,,,,,,,,,,,,,,,740,,,,,,,,,,374,,,,,,,,,,,,,309,,,,199,,,,,,,,,,247,,,,,,,,,,,,,,,,,,,,,,,,,,,,,,,,,,,,,,,,,,,,,,,,,,,,,,,,,,,99,,,,,,,,,,,,,,,,,,,,,,,,,,,,,,,
2026-08-24T04:30:01+00:00,160,,,,,,,258,,,,264,322,,,126,,,,,,,404,,,,,,,50,,,,,,,,,,,147,,,,,,,,,,,365,,,,21,50,9,82,,,,121,,,,,24,,,,,397,,,,212,,,,,,,,,,,,,,,,,,,,,,,,,,,,,,,,,,,,,,,,,,,,,,,,,,,,,,,,,,,,,,,,,,,,,,,,,,,,,,283,,,,,623,,,,157,,625,,,,465,,,,,357,631,,,,,,,,,,,,,,,,,,15,,900,,,,,,,,89,,,,,,,,,71,,,,,,,,,,,,,,,,,,,,,,,,,,495,,,,,,,,,,,,,136,,,,,,,,,,,,,,,,,,,,,,,,,,,299,,374,636,322,402,542,124,,,453,,,1309,,,,,,,,,,,,,,,,,,,,,,,,,,,,,,,,,,,,,,,,,,,,,,,,,,,,,,,,316,,,,,,,250,545,417,,41,349,188,,210,,,,91,,,,,240,,,174,,,721,,,,141,312,440,,1202,,,,,225,,,,,,,,,,,,,,,,,,,,,,735,,,,,,,270,,,,,,,,,,,,,,,,307,145,292,,198,,,,,752,,,,85,246,,162,,129,,,,241,253,356,,,,,58,371,,,,,,,,,,,,,,,,,,,,,,,,,,,,,,,,,,,,,,,493,,,286,,566,,,,,,,170,,,,,,,,100,,,,,,,,,,,,,,,
2026-08-24T04:35:02+00:00,158,,,,,,,,,,,,,,,,,,,,,,402,,,,114,,,,993,,109,66,,,,,,,145,,,,35,,,,,,,364,,,,,51,,,,178,,122,201,,,87,,,,,,395,10,,,,,,,,,,,,,278,,317,351,296,,674,,,,,497,220,,,,,261,342,444,,184,794,63,816,275,89,239,288,198,349,576,,3,449,,,,931,200,,522,,,389,,,,,,293,,,,,527,,,,,,226,,,,,,,,,,,,,,,,,,623,,,560,464,,,,,355,630,,404,,,1223,448,158,344,,99,185,,355,181,208,,304,15,,901,,,,,,,,87,,143,,,,,,,70,,,,,,,,,,,,,,,,,,,,298,,,,,,496,,,,,,,,,,,,,137,,,,,,,,,,,,,,,,,,251,209,,254,421,,393,69,,298,,372,635,319,,,,,,447,,,1303,,,,,,,,,,,,,,,,,,,,,,,,,,,,,,,,,,,,,,,,,,,,,,,,,,,,,,,,302,,,,,147,,247,542,416,,,348,186,,211,,,14,,,,,,243,,,170,,,709,,,,132,311,439,,,320,,,,226,,,,,,,,,,,,,,,,,,,,,,,79,,,720,,283,,,,372,,,,,,,,,,,,,306,143,290,,196,265,,302,164,,268,,,,,,,,,,,,,,,,,,,,,,,,,,,,,,,,,,,,,,,,,,,,,,,,,,,,,,,,483,143,,492,,369,,,565,,,,,,,167,,,,,,,,,,,,,,127,,,,,,,,,
2026-08-24T04:40:01+00:00,,,,,,67,,259,,,,263,321,,,125,,,,,,437,396,,,,,,,51,990,24,,,,,,,,,,,112,,34,,,,,,,356,,,,,,10,,,,21,121,,,,,,,,,,393,,,,,,,,,,,,,,277,187,,349,295,231,673,69,,,284,495,,370,,,,258,340,441,,182,790,,814,273,88,232,281,,346,570,,,,,,,,,,,,,,,,,,,,,,,,,,,,,,,,,,,,,,,,,,,,,,,,,,,559,,,,,,353,,,403,,,,,,,,,,,,,,,,15,,900,,,,,,,,86,,140,,,,,,,66,,,,,,,,,,,,,,,,,,,,,,,,,,494,,1,,,,,,,,,,,,,,,,,,,,,,,,,,,,,253,208,270,,,,,,,297,342,370,631,317,400,539,122,,,444,96,,1293,,,,,,,,,,,,,,,,,,,,,,,,,,,,,,,,,,,,,,,,,,,,,,,,,,,,,,,,300,,41,131,,,,245,538,,,,349,185,,,,,,,182,,,,246,,289,,118,152,703,,,,,,,,,,,,,,,,,,,,,,,,,,,,,,,,,,,729,,,,719,,282,,,,371,,,,,,,,,,,,,,141,289,,,,,,,751,267,193,,84,,,,,,,,,,,,,,,,,,,,,,,,,,,,,,,,,,,,,,,,,,,,,,,,,,,,,,144,,491,,,,98,,,,,,,,165,,,,193,,,,,,,,,591,,,,,,,,,,
2026-08-24T04:45:02+00:00,157,,,,,66,,,,,,262,,,,124,,,,,,,391,,,,,,,52,986,,107,,,,,,,152,146,,,,,,,,,,,354,42,,,,52,8,80,,177,,122,198,,,,,,,,,,,,,,362,213,373,,,,,193,,,,313,344,294,229,,,,,280,492,219,366,,129,,257,341,437,,183,791,,811,268,87,223,280,197,345,565,,,,,,,918,198,,521,58,,388,,,,,,,,,,,523,,,,,,224,,,,,,,284,,,289,,622,,492,,,,617,,,,461,,,,,351,,,,,,1219,449,,333,,96,,,356,180,,,,15,153,,,,,,,,,85,,139,,,,,,,67,,,48,,,,,,,,,,,,,,,,,,,,,,,491,,,,,,,,,,,,,135,,,,,,,,,,,,,,,,,484,255,207,,252,,,392,68,,,341,364,624,315,398,537,120,,,443,95,,1282,,,,,,,,,,,,,,,,,,,,,,,,,,,,,,,,,,,,,,,,,,,,,,,,,,,,,,,,292,142,,130,,,,241,537,,37,,344,,,209,,,,,,283,,,247,,,167,,153,681,,,54,126,,,,,322,,118,198,,,,,,,,,,,,,,,,,,,,,,,,,,,,,,,,,,,,,,,,,,,,,,,,,,,,,,161,,266,194,,,,,,,131,,,,,251,355,405,,,,57,,,191,,,,,,,,,,,,,,,,,,,,,,,,,,,,,,,,,,480,143,,,,,,,,206,,,,,,,,,,,,321,,,,,,,590,,,,,,,,,,
2026-08-24T04:50:02+00:00,156,,,,,,,,,,,264,320,,,123,,,,,,436,387,,,,,,,51,983,23,87,,,,,,,150,143,,111,,32,,,,,,,348,43,120,,23,48,,79,,176,,,194,,,,30,,,,,340,,,,,,,,,,,,,,,,,,,,,,,,,,,,,,,,,,,,,,,,,,,,,,,,,,,,,,,,,,,,,,,,,,,,,,,,,,,,,,,,,,,,,,,,,,,,,,331,,561,460,,,,,,629,364,,,,,,,,,,,,,,207,,,15,,901,,,,,,,,,,137,,,,,,,61,,,47,,92,,,,,,,,,,,,,,,,,,,,,489,,0,112,,,,,,,,,,130,,,,,,,,,,72,,,,,,,,252,,,251,,,393,,,296,342,360,622,313,396,536,119,,234,439,,,1264,,,,,,,,,,,,,,,,,,,,,,,,,,,,,,,,,,,,,,,,,,,,,,,,,,,,,,,,284,,37,129,,,,238,535,414,,,335,183,,,,,13,92,178,,,35,251,,287,161,119,,671,,140,53,,,,,,,,,,,,,,,,,,,,,,,,,,,,,,,,723,,,,717,,277,271,,,368,,,,,,,,,,,,,,138,287,,195,261,,299,162,749,265,,705,,,,,,,,,,,,,,,,,,,,,,,,,,,,,,,,,,,,,,,,,,,,,,,,,,,,,,479,,,492,,368,,,,,357,348,,,,,,,,,,,,,,,,,,128,,,,,,,,,
2026-08-24T04:55:01+00:00,,,,,,67,,,,,,,319,,,122,,,,,,,380,369,,,,,,52,980,,88,,,,,,,,142,,,,31,,,,,,,346,,,,24,49,9,83,,175,,121,188,,233,,,18,,,,335,,,,,358,,,208,124,,,194,,278,,312,338,293,230,671,,,,281,490,217,365,208,,,252,339,,,,789,,809,,85,209,281,196,342,559,,,,,,,906,196,,,,,386,,,,,,292,,,,,516,,,,,,223,,,,,,,,,,,,618,,,,156,,611,332,,559,456,,,,,349,,,402,,435,1209,450,153,313,142,91,184,249,355,177,,,,15,,900,,,,,,,,,,138,,,,,,,62,,,,,91,,,,,,,,,,,,,,,299,,,,,,480,,,111,,,,,,,,,,128,,,,,,,,,,,,,,,,,481,250,203,,,419,,,,,,340,359,615,312,393,535,,,,438,,,1256,,,,,,,,,,,,,,,,,,,,,,,,,,,,,,,,,,,,,,,,,,,,,,,,,,,,,,,,,,35,,,,,234,,415,,,330,181,,207,,,,,,282,,,245,,285,157,,,664,,,52,124,306,438,,1200,319,,119,196,227,,,,,,,,,,,,,,,,,,,,,,,,,,,,,,,,,,,,,,,,,,,,,,,,,,,,,161,748,263,193,703,,245,,,,,,,,,,,,,,,,,,,,,,,,,,,,,,,,,,,,,,,,,,,,,,,,,,,,477,,,,99,366,,,,,,347,93,,,164,97,,,,472,,,,69,,,,,,,,,,,,,,
2026-08-24T05:00:02+00:00,155,,,,,,,,,,,263,317,,,121,,,,,,435,375,,,,116,,,,974,,84,,,,,,,,143,,,,29,,,,,,,341,42,,,,48,,82,,,,,187,,,,,19,,,,334,,,,,,,,,,,,,,277,185,305,328,290,228,666,,247,,279,481,216,359,,,,246,334,433,,182,784,64,804,266,82,199,275,199,339,543,,,450,,,,,,,,,,,,,,,,,,,,,,,,,,,,,,,,,,,,,,,,,,,,,,329,,,,,,,,,628,,401,,,,,,,,,,,,,204,,,15,,901,,,,,,,,84,,,,,,,,,61,,,,,89,,,,,,,,,,,,,,,298,,,,,,,,,,138,,,,,,,,,127,,,,,,,,,,,,,,,,,476,244,202,,,,,,,,294,337,357,,308,391,,116,,233,437,,,1236,,,,,,,,,,,,,,,,,,,,,,,,,,,,,,,,,,,,,,,,,,,,,,,,,,,,,,,,276,,36,,,,,229,534,,,40,325,178,,,,,,93,,279,,33,242,,284,144,116,,646,,,,,,,,,,,,,,,,,,,,,,,,,,,,,,,,,,,714,,,,,,278,269,,,,,,,,,,,,,,,,305,136,284,,193,258,,300,,746,,191,695,,243,,160,,118,,,,238,274,,404,,,,,369,,189,,,,,,,,,,,,,,,,,,,,,,,,,,,,,,,,,,475,,,491,,365,,99,,,,345,,,,163,,,,,471,320,,,,,,,589,,,552,,,,,,,
2026-08-24T05:05:01+00:00,154,293,,,644,,,258,301,356,,,,,,120,,,,,,,367,,,,,,,51,972,20,82,,243,,,,,,142,,109,,28,,,,,,,339,40,,,25,,8,83,,,,120,181,,231,,,,,,,333,,,177,,354,212,372,205,,,,,,,,,,,,,,,,,,,,,,,,,,,,,,,,,,,,,,,,,,,,900,,,520,,,387,,,,,,,,,,,508,,,,,,221,,,,,,,283,,,288,,615,,490,,,,594,328,,560,452,,,,,348,,,,,,1207,451,149,304,141,90,,,354,,203,,307,15,,,,,,,,,,,,137,,,,,,,62,,,,,88,,,,,,,,,,,,,,,295,,,,,,478,,,,,,,,,,,,,126,,,,,55,,,,,,,,,,,,,240,201,268,252,417,,392,,,,,352,607,,385,,,,,433,93,,1222,,,,,,,,,,,,,,,,,,,,,,,,,,,,,,,,,,,,,,,,,,,,,,,,,,,,,,,,268,140,,,,146,63,220,527,414,,39,314,171,38,,,,12,92,176,,180,31,232,170,,138,117,,608,,,50,115,305,435,,,315,,118,194,,,,,,,,,,,,,,,,,,,,,,,712,,197,,715,,275,268,,,365,,,,,,,,,,,,,303,135,282,,192,,265,297,162,744,,188,687,,242,,,,,,,,,,,,,,,,,,,,,,,,,,,,,,,,,,,,,,,,,,,,,,,,,,,,473,142,153,490,,,,98,,,356,,,,,162,98,,,,,319,,,,,,,,,,,,,59,,,346,
2026-08-24T05:10:01+00:00,152,,,,639,65,,,,357,,,316,,,119,,,,,,,359,368,,,,,,,969,,,65,,,,,,,141,,108,,27,,,,,,,,,,,,,,82,,,22,,178,,232,,31,,,,,331,,,,208,,,,,,,,,,276,183,303,319,288,226,661,70,,223,274,479,,358,,,,242,332,431,,,782,65,800,265,79,188,268,200,,531,,2,448,80,,,,,,,,,,,,,,,,,,,,503,,,,,,220,,,,,,,,,,,,,,,,,,,327,,559,451,,,,,,,363,402,,,,,,,,,,,,,202,,,15,154,900,,,,,,,,,,135,,,,,,,,,,45,,87,,,,,,,,,,,,,,,291,,,,,,468,,,108,,,,,,,,,,117,,,,,,,,,,,,,,,,215,474,234,200,,251,,,,,,293,336,351,602,304,378,531,115,,230,426,96,,1208,,,,,,,,,,,,,,,,,,,,,,,,,,,,,,,,,,,,,,,,,,,,,,,,,,,,,,,,262,,33,,113,144,,217,521,413,,,312,168,,204,,,,,174,278,,,229,171,283,131,116,,596,,,49,,,,,,,,,,,,,,,,,,,,,,,,,,,,,,,,709,,195,,713,,273,,,320,362,,,,130,,,,,,,,,302,,277,,190,257,259,294,160,741,261,186,678,,227,,,,,,,,,,,,,,,,,,,,,,,,,,,,,,,,,,,,,,,,,,,,,,,,,,,,472,,,,98,363,,95,,,355,,,,,161,,,,,,,,,,,,,,,,551,,258,,,,,
2026-08-24T05:15:02+00:00,151,,,,633,,,257,,358,,262,315,,,118,,,,,,,352,,,,114,,,,966,19,79,,242,,,,,149,139,,107,,26,,,,,,,337,41,,,,50,6,83,,,23,117,175,,,,30,,,,,329,,,176,209,350,,370,204,123,236,,,,,,,,,,,,,,,,,,,,,,,,,,,,,,,,,,,,,,,,115,212,888,,,517,,,385,,,,,,,,,,,,,,,,,,,,,,,260,286,,,,,613,,487,181,,,581,,,,448,65,,,,,,,,282,,1197,443,147,298,,88,185,247,350,,,,309,15,,901,,,,,,,,83,,,,,,,,,63,,,44,,85,,,,,,,,,,,,,,,290,,,,,,466,,,,,,,,,,,,,114,,,,,,,,,,,,,,,,,465,224,,266,250,,,393,69,,291,,349,597,300,372,525,112,,224,425,95,,1188,,,,,,,,,,,,,,,,,,,,,,,,,,,,,,,,,,,,,,,,,,,,,,,,,,,,,,,,261,,30,,112,141,61,210,516,,,,308,,37,202,17,,,,172,276,,25,220,,281,122,115,,576,,,48,107,302,432,,1196,313,,,193,229,,,,,,,,,,,,,,,,,,,,,,705,,,,712,,271,,,,,,,,131,,,,,,,,,301,134,,,189,256,254,291,159,739,260,,676,,228,70,159,,107,,,,233,,354,403,,,333,,364,,187,,,,,,,,,,,,,,,,,,,,,,,,,,,,,,,,,,,,,489,,360,,94,564,,354,344,,190,,160,96,,,199,,,,,,,,,586,,,550,,,60,,,,
2026-08-24T05:20:02+00:00,,288,,,632,63,,258,,,,261,311,,,,,,,,165,432,345,,,,98,,,50,,18,74,66,,,,,,150,142,,106,,,,,,,,,,40,119,,24,47,,81,,174,24,116,176,,,,31,,,,,326,,,,,,,,,,,,,,274,181,300,313,283,,662,68,,222,271,469,212,357,205,128,,236,329,428,161,180,679,,795,262,78,174,261,199,337,516,,,445,,,,,,,,,,,,,,,,291,,,,,502,,,,,,,,,,,,,,,,,,,,,,,,,323,,,443,,,,,,627,364,400,,,,,,,,,,,,,,,311,15,,899,,,,,,,,79,,134,,,,,,,,,,,,,,,,,,,,,,,,,,,288,,,,,,461,,,,,,,,,,,,,112,,,,,,,,,,,,,,,,,461,220,195,265,,416,,392,66,12,292,335,347,589,298,364,524,109,,223,424,96,,1176,,,,352,,115,,,,,,,,,,,94,96,24,21,,,,,,,,,347,,,337,,,,,,,,,,,,25,,,,,,,,,,,,256,138,29,,111,,60,197,507,414,,,296,160,,,16,,11,89,171,,,23,204,169,280,111,114,,556,,,,,,,,,,,,,,,,,,,,,,,,,,,,,,,,,,,698,,194,,707,,263,267,,318,359,,,,,,,,,,79,,,297,132,269,,175,248,247,290,,736,259,,671,,223,,,,,,,,,,,,,,,,,,,,,,,,,,,,,,,,,,,,,,,,,,,,,,,,,,,,468,,,,,359,,91,563,205,,343,,,,158,95,,,,470,,,,,,,,582,,,549,,254,61,,,345,
2026-08-24T05:25:02+00:00,152,285,,152,631,,,257,,,,,308,,,117,,,,,,431,335,,,,,,,,979,15,71,,,,,,,149,140,,105,,,,,,,,,335,39,120,,,46,7,79,,175,,115,173,,,86,,18,,,,324,,,175,,,211,369,,121,235,,,,,,,,,,,,,,,,,,,,,,,,,,,,,,,,,,,,,,,,,,868,194,279,,,,387,,,,,,,,,,,,,,,,,,,,,,,,285,,,286,,612,,478,,158,,561,321,,560,440,64,,,,,626,362,397,,434,1185,,,294,140,,,248,348,,201,,310,15,153,898,,,,,,,,,,133,,,,,,,61,,,42,,83,,,,,,,,,,,,,,,286,,,,,,453,,,107,,,,,,,,,,108,,,,,,,,,,,,,,,,216,452,205,191,264,247,415,,391,68,,289,334,340,581,295,357,517,110,,221,418,,,1161,,,,351,,,,,,,,,,,,,91,97,21,,,,,,,,,,,,,336,,,,,,,,,,,,23,,,,,,,,,,,,263,136,28,128,,140,,193,501,413,36,36,287,156,,203,,,,87,169,275,,22,188,168,277,103,113,,520,,,,95,296,429,,,310,,,,226,,,,,,,,,,,,,,,,,,,,,,697,,195,,,,259,262,,,357,,,,,,,,,,78,,,294,130,265,,170,245,243,285,160,731,257,,662,,221,,,,,,,,,,,,,,,,,,,,,,,,,,,,,,,,,,,,,,,,,,,,,,,,,,,,467,,,,99,,285,90,,,351,341,,189,,155,96,,,197,471,320,,,,,,,581,127,,,,252,62,,,,
2026-08-24T05:30:02+00:00,151,,,,633,64,,256,,357,,,303,,,114,,,,,,,329,369,,,99,,,,993,19,69,,243,,,,,148,139,,106,,,,,,,,,332,,,,25,43,5,82,,174,,116,172,84,,,,19,,,,325,,,174,208,,,,,,,,,,271,177,298,306,281,221,657,,246,,263,467,209,352,206,,,221,327,422,,179,676,66,790,259,81,157,258,,334,497,,,,74,,,,,,,,,,,,,,,290,,,,,497,,,,,,218,,,,,,,,,,,,,,,,,,,,,,436,,,,,347,,361,394,,,,,,,,,,,,,199,,311,15,,899,,,,,,,,,,132,,,,,,,59,,,,,80,,,,,,,,,,,,,,,278,,,,,,444,,,,,,,,,,,,,102,,,,,,,,,,,,,,,,,446,206,187,262,246,,,,,,287,331,337,574,291,350,513,108,,,417,95,,1145,,,,352,,,,,,,,,,,,,92,96,22,,,,,,,,,,346,,,337,,,,,,,,,,,,21,,,,,,,,,,,,262,134,,,106,,,189,499,411,,34,282,152,36,201,15,,,85,168,,,20,179,167,271,99,111,,507,,,,,,,,,,,,,,,,,,,,,,,,,,,,,,,,,,,,,,,,,,,,,,,,,,,,,,,,,,,,,,,,,,158,727,256,185,652,,217,,,,,,,,,,,,,,,,,,,,,,,,,,,,,,,,,,,,,,,,,,,,,,,,,,,,464,,,488,,358,,89,560,,349,,,188,,153,,,,,470,,,,,,,,580,,,548,,251,,,,345,
2026-08-24T05:35:01+00:00,148,284,,,630,,71,254,,356,,262,,,,111,,,,,164,427,323,,,,,,,49,1014,,67,,,,,,,147,140,,104,,25,,,,,,,329,,,,26,42,4,79,,,25,,162,,233,,,,,,,319,11,,,209,344,,,201,119,,,193,,,,,,,,,,,,,,,,,,,,,,,,,,,,,,,,,,,,,,114,211,860,192,277,516,,,389,,,,,,,,,,,,,,,,,,,,,,,,284,,,285,,610,,469,,156,,545,,,558,430,,,,,,623,358,392,,,,,,,,,,,,,,,,,,,,,,,,,,,,,,,,,,,,,,,,,,,,,,,,,,,,,,,,,,,,,,,,,,,,,,,,,,,,,,,,,,,,,,,,,,,,,,,,,,,,,285,329,333,565,287,345,508,109,,220,415,93,,1132,,,,,,,,,,,,,,,,,,,,,,,,,,,,,,,,,,,,,,,,,,,,,,,,,,,,,,,,,,,,,,,,,,,,,,,,,,,,,,,,,,,,,,,,,,,,,,,,,,,,,,,,,,,,,,,,,,,,,,,,,687,,191,,704,,247,259,,316,352,,,,129,,,,,,,,,282,127,259,,161,,227,276,,,,,,,,,,,,,,,,,,,,,,,,,,,,,,,,,,,,,,,,,,,,,,,,,,,,,,,,,,,463,,,486,,354,,,,204,347,339,,,,,95,,,,468,,,,,,,,,,,546,,249,61,,,,
2026-08-24T05:35:02+00:00,,,,,,,,,,,,,,,,,,,,,,,,,,,,,,,,,,,,,,,,,,,,,,,,,,,,,,,,,,,,,,,,,,,,,,,,,,,,,,,,,,,,,,,,,,,,,,,,,,,,,,,,,,,,,,,,,,,,,,,,,,,,,,,,,,,,,,,,,,,,,,,,,,,,,,,,,,,,,,,,,,,,,,,,,,,,,,,,,,,281,436,1173,434,146,285,136,,184,,,175,163,,313,15,,898,,,,,,,,,,,,,,,,,54,,,43,,67,,,,,,51,,,,,,,,,276,,,,,,443,,,,,,,,,,,,,98,,,,,,,,,,,,,,,,215,435,190,182,258,245,414,,389,67,,,,,,,,,,,,,,,,,,,351,,,,,,,,,,,,,,95,,,,,,,,,,,,,,333,,,,,,,,,,,,,,,,,,,,,,,,261,133,27,,103,137,62,181,489,,31,,277,147,35,198,14,,,,163,273,179,,171,166,265,92,110,,496,,,,92,288,425,,1192,307,,117,191,228,,,,,,,,,,,,,,,,,,,,,,,,,,,,,,,,,,,,,,,,,,,,,,,,,,,,,156,726,251,184,647,,213,69,158,,77,128,,,231,273,,,,,332,59,363,,188,324,,,,,,,,,,,,,,,,,,,,,,,,,,,,,,,,,,,,,,,,,,,,,,,,,,,,,,,,,,,,,,,,,,,,,,,
2026-08-24T05:40:02+00:00,,280,,,627,63,,252,,355,,260,302,,,110,,,,,,424,314,368,,,,,,48,1026,,,,244,,,,,148,,,,,24,,,,,,,326,38,,,,,5,,,173,,115,159,,,85,30,18,,,,320,,,,,,,,,,,,,,267,172,297,296,274,216,646,66,245,,260,460,,350,204,,,209,325,421,160,178,674,65,785,255,79,145,254,198,325,467,,1,442,70,,,,,,,,,,,,,,,289,,,,,492,,,,,,216,,,,,,,,,,,,,,,,,,,320,,,423,,,,,346,,357,390,,,,,,,,,,,,,162,,311,17,152,899,,,,,,,,76,,,,,,,,,50,,,42,,61,,,,,,,,,,,,,,,273,,,,,,438,,,106,,,,,,,,,,96,,,,,,,,,,,,,,,,214,429,188,180,259,242,413,,388,65,,281,326,330,558,282,340,498,107,,215,410,89,,1119,,,,,,,,,,,,,,,,,91,92,,,,,,,,,,,345,,,330,,,,,,,,,,,,20,,,,,,,,,,,,258,131,24,126,102,134,63,175,485,409,30,,274,144,34,199,11,,,,161,272,,19,163,,263,82,108,152,474,,,45,,,,,,,,,,,,,,,,,,,,,,,,,,,,,,,,675,,188,,703,,243,256,,314,349,,,,,,,,,,75,,,276,126,258,,157,242,223,274,154,724,248,,637,,208,,,,,,,,,,,,,,,,,,,,,,,,,,,,,,,,,,,,,,,,,,,,,,,,,,,,458,,,485,98,351,,,558,205,,338,,189,,,,,,,466,,,,,,,,578,125,,542,,,60,,,,
2026-08-24T05:45:01+00:00,,279,,,623,65,,250,300,353,,,298,,,106,,,,,,423,304,,,,,,,47,1025,,62,,,,,,,147,,,,,,,,,,,,327,37,,,27,,,77,,172,,,157,,232,84,,,,,,317,12,,173,,341,210,368,202,114,231,,194,,,,,,,,,,,,,,,,,,,,,,,,,,,,,,,,,,,,,,,,,,,,,,,,,,,,,,,,,,,,,,,,,,,,,,283,,,,,607,,465,,155,,523,318,,,418,,,,,,621,356,391,,435,1162,432,145,281,,87,180,,340,172,159,,,17,150,897,,,,,,,,73,,131,,,,,,,49,,,43,,54,,,,,,,,,,,,,,39,266,,,,,,430,,,107,,,,,,,,,,93,,,,,,,,,,,,,,,,211,421,176,173,257,241,411,,385,67,10,275,325,324,548,277,335,496,105,,211,405,,,1103,,,,,,,,,,,,,,,,,88,,,,,,,,,,,,,,,329,,,,,,,,,,,,19,,,,,,,,,,,,,,22,127,97,133,64,167,481,406,,,264,145,36,190,,,9,84,159,270,,,148,164,261,71,,150,452,,139,44,81,287,422,,1184,303,,,186,225,,,,,,,,,,,,,,,,,,,,,,,,,,,,,,,,,,,,,,,,,,,,,,,,,,,,,155,720,245,183,634,,205,,,,,,,,,,,,,,,,,,,,,,,,,,,,,,,,,,,,,,,,,,,,,,,,,,,,453,,,482,97,347,,88,,,346,337,,,,151,94,85,,195,465,318,,,,,,,577,,,539,,248,,,,,
2026-08-24T05:50:01+00:00,146,274,,,620,,,249,301,352,,256,,,,104,,,,,,422,295,365,,,,,,,1020,,59,,,,,,,145,138,,,,,,,,,,,,38,,,28,41,4,72,,170,,117,152,,231,,29,17,,,,314,,,,206,,,,,,,,,,266,163,292,291,269,211,638,64,243,221,249,446,206,351,202,123,,201,320,408,,176,669,64,778,246,78,127,249,199,320,425,,,438,69,,,,,,,,,,,,,,,284,,,,,484,,,,,,211,,,,,,,,,,,,,,,,,,,315,,559,407,,,,,344,620,352,389,,,,,,,,,,,,,157,,308,17,148,,,,,,,,,68,,130,,,,,,,42,,,42,,45,,,,,,50,,,,,,,,38,254,,,,,,412,,,104,,,,,,,,,,90,,,,,,,,,,,,,,,,209,417,168,169,254,238,409,,,66,,269,322,320,540,269,325,477,102,,207,400,85,,1089,,,,,,114,,,,,,,,,,,87,89,20,20,,,,,,,,,,,,332,,,,,,,,,,,,16,,,,,,,,,,,,255,129,21,,96,126,,156,477,405,21,,258,,,185,10,,8,,156,267,,,141,162,257,68,106,,437,,140,42,,,,,,,,,,,,,,,,,,,,,,,,,,,,,,,,667,,187,,699,,238,254,,,,,,,,,,,,,74,,,272,122,244,,148,,218,268,152,718,240,,627,,206,68,157,395,67,126,,,228,272,355,402,238,,329,,354,,184,322,,,,,,,,,,,,,,,,,,,,,,,,,,,,,,,,,447,,,480,,345,311,87,557,202,343,336,,,,,95,,,,461,319,,,,,,,574,,,535,,,56,,,,
2026-08-24T05:55:01+00:00,142,268,,151,616,63,,246,300,351,,253,297,,,102,,,,,163,417,289,366,,,,,,,1007,,63,,,,,,,143,,,,,,,,,,,,321,37,118,,29,38,,,,169,26,116,148,,234,,,,,,,315,,,169,204,344,206,362,200,,228,,,,,,,,,,,,,,,,,,,,,,,,,,,,,,,,,,,,,,,,109,206,834,188,274,518,57,,389,,,,,,,,,,,,,,,,,,,,,,,,284,,,284,,602,,450,,152,,490,310,,561,401,63,,,,,617,350,385,279,437,1146,425,141,265,133,85,177,247,334,170,153,,310,17,,,,,,,,,,65,,131,,,,,,,32,,,,,32,,,,,,49,,,,,,,,,250,,,,,,402,,,103,,,,,,,,,,86,,,,,,,,,,,,,,,,207,398,151,163,252,233,,,,64,,268,315,,532,264,315,460,100,,206,395,79,,1081,,,,349,,,,,,,,,,,,,82,94,21,19,,,,,,,,,344,,,331,,,,,,,,,,,,13,,,,,,,,,,,,251,127,,,97,125,61,146,469,403,16,,247,139,35,180,,,,82,152,264,,16,128,161,253,56,102,149,423,,,38,77,280,415,68,1180,299,,116,,222,,,,,,,,,,,,,,,,,,,,,,649,,182,,700,,237,247,,,345,,,,,,,,,,73,,,264,120,238,,139,236,199,,151,712,234,179,618,82,203,,,,,,,,,,,,,,,,,,,,,,,,,,,,,,,,,,,,,,,,,,,,,,,,,,,,445,,,475,90,340,,,,200,339,334,,188,,150,,,,,458,318,,,,,,,572,124,,533,,246,54,,,343,
2026-08-24T06:00:02+00:00,139,264,,,614,62,,,299,349,,247,295,,,96,,,,,,413,278,,,,,,,48,1005,,60,,,,,,,142,137,,101,,25,,,,,,,319,,117,,,34,,69,,167,,115,142,83,,83,28,18,,,,308,,,,203,,,,,,,,,,263,151,286,285,256,208,635,63,239,220,237,434,205,348,201,121,,188,319,400,,172,,62,771,237,79,100,242,196,315,380,,2,426,65,108,,828,,,,,,,,,,,,285,,,,,478,,,,,179,207,,,,,,,,,,,,,,,,,,,306,,563,399,62,,,,343,613,348,381,,,,,,,,,,,,,151,,312,17,145,896,,,,,,,,60,,128,,,,,,,30,,,,,28,,,,,,,,,,,,,,,246,,,,,,391,,,98,,,,,,,,,,82,,,,,,,,,,,,,,,,,391,148,156,245,234,407,,382,,,264,305,313,522,261,301,444,95,,199,393,75,,1074,,,,352,,,,,,,,,,,,,83,95,23,,,,,449,,,,,336,,,333,,,,,,,,,,,,10,,,,,,,,,,,,243,125,20,128,98,122,60,133,467,402,13,,243,138,37,175,,,7,,151,266,178,15,117,157,249,51,96,,410,34,,36,,,,67,,,,,,,,,,,,,,,,,,,,,,,,,,,,,,,,,,,,,,,,,,,,,,,,,,,,,,,,,,,146,704,230,173,610,,201,,,,,,,,,,,,,,,,,,,,,,,,,,,,,,,,,,,,,,,,,,,,,,,,,,,,440,141,,474,89,339,,,556,195,338,332,,,,148,94,,,,,,,,,,,,570,,,526,,,51,,,,
2026-08-24T06:05:01+00:00,138,258,,,612,63,,245,300,348,,246,291,,,93,,,,,,411,268,365,377,,98,,,44,997,20,58,65,243,,,,,140,,,100,,,,,,,,,314,,116,,27,32,,70,,,,113,,,,82,,,,,,296,,,168,201,341,201,360,193,112,229,,,,262,147,284,282,251,,628,60,236,216,233,429,,,200,118,,179,317,399,,171,667,59,765,234,,89,236,195,312,370,,,425,66,,,,,,,,,,,,,,,,,,,,,,,,,,,,,,,,,280,,,283,,592,,438,,150,,474,,,562,397,63,,,,,611,346,378,278,435,1143,419,137,258,132,84,174,245,328,163,149,,313,17,143,895,,,,,,,,58,,127,,,,,,,25,,,39,,22,,,,,,,,,,,,,,,238,,,,,,381,,,97,,,,,,,,,,79,,,,,,,,,,,,,,,,206,383,135,154,236,230,402,,379,66,,263,295,307,520,257,294,435,,,193,391,72,,1068,,,,351,,115,,,,,,,,,,,82,96,22,,,,,450,,,,,,,,332,,,,,,,,,,,,8,,,,,,,,,,,,229,121,,125,95,118,58,126,462,397,10,,235,136,34,171,,,,81,147,264,185,14,102,153,246,45,89,,387,,,33,70,,404,,1040,295,,,179,217,,,,,,,,,,,,,,,,,,,,,,639,,181,,698,,233,245,490,313,344,,,,125,,,,,,72,,,259,118,236,,125,233,189,269,143,700,226,172,596,81,191,65,156,394,58,123,163,,,266,,398,237,,323,57,346,,181,320,,,,,,,,,,,,,,,,,,,,,,,,,,,,,,,,,432,140,,471,88,333,,86,,192,334,,,187,,,,,,194,,,,,,,,,567,,,523,,243,,,,342,
2026-08-24T06:10:01+00:00,,253,,,605,62,,,298,,,242,290,,,89,,,,,,407,258,,,,,,,43,992,19,50,,,,,,,138,,,99,,,,,,,,,,36,115,,,33,,69,,166,,111,139,,235,,29,,124,,,293,13,,169,200,,,,,,,,,,,,,,,,,,,,,,,,,,,,,,,,,,,,,,,,,,,,,,105,204,813,181,,516,,,387,,,,,,281,,,,,469,,,,,176,204,,,,,,,,,,,,,,,,,,,304,,560,388,62,,,,,608,,376,,,,,,,,,,,,,,,,,,,,,,,,,,,,,,,,,,,,,,,,,,,,,,,,,,,,,,36,224,,,,,,360,,,89,,,,,,,,,,77,,,,,,,,,,,,,,,,,,,,,,,,,,,256,286,304,518,255,286,430,91,,190,388,73,,1063,,,,,,,,,,,,,,,,,,,,,,,,,,,,,,,,,,,,,,,,,,,,,,,,,,,,,,,,,,,,,,,,,,,,,,,,,,,,,,,,,,,,,,,,,,,,,,,,,,,,,,,,,,,,,,,,,,,,,,,,,632,78,178,,699,,229,244,485,312,,,,,126,,,,,,70,,,252,116,230,,118,225,188,268,,,,,,,,,,,,,,,,,,,,,,,,,,,,,,,,,,,,,,,,,,,,,,,,,,,,,,,,,,,430,,,469,87,331,,85,555,191,325,331,,186,,,93,,,193,457,,,,,,,,564,123,,522,,241,,,,343,
2026-08-24T06:10:02+00:00,,,,,,,,,,,,,,,,,,,,,,,,,,,,,,,,,,,,,,,,,,,,,,,,,,,,,,,,,,,,,,,,,,,,,,,,,,,,,,,,,,,,,,,,,,,,,,,,,,,,,,,,,,,,,,,,,,,,,,,,,,,,,,,,,,,,,,,,,,,,,,,,,,,,,,,,,,,,,,,,,,,,,,,,,,,,,,,,,,,,,,,,,,,,,,,,,314,17,142,,,,,,,,,56,,126,,,,,,,21,,,36,,18,,,,,,,,,,,,,,,,,,,,,,,,,,,,,,,,,,,,,,,,,,,,,,,,,,204,370,130,152,232,224,397,,377,65,,,,,,,,,,,,,,,,,,,,,116,,,,,,,,,,,80,94,,18,,,,,,,,,,,,331,,,,,,,,,,,,5,,,,,,,,,,,,225,,19,124,92,,,120,458,396,11,33,229,130,,168,9,,,,144,260,183,11,96,151,243,,85,147,378,,139,32,66,275,401,65,1037,293,,,177,213,,,,,,,,,,,,,,,,,,,,,,,,,,,,,,,,,,,,,,,,,,,,,,,,,,,,,141,694,223,169,579,78,190,,,,,,,,,,,,,,,,,,,,,,,,,,,,,,,,,,,,,,,,,,,,,,,,,,,,,,,,,,,,,,,,,,,,,,,,,,,,,,,,,,,,,,,,,,
2026-08-24T06:15:01+00:00,135,252,,,600,63,,241,297,,,245,287,,,87,,,,,162,,248,363,,,,,,,991,20,45,,,,,,,134,135,,97,,,,,,,,,315,34,,,26,34,3,67,,,23,108,134,,,,,,,,,,,,,201,344,198,358,187,107,227,,190,,257,143,279,273,238,198,617,51,234,211,211,420,202,345,195,114,119,165,308,395,159,170,660,57,761,228,78,77,222,194,310,330,,,421,62,,,,,,,,,,,,,,,,,,,,,,,,,,,,,,,,,274,,,277,,583,,425,,145,,444,,,,385,61,,,,341,603,344,370,274,437,1126,418,,256,,81,173,244,320,157,147,,313,17,139,894,,,,,,,,54,,,,,,,,,17,,,38,,17,,,,,,,,,,,,,,35,216,,,,,,351,,,88,,,,,,,,,,74,,,,,,,,,,,,,,,,195,359,128,147,228,216,390,,371,64,,253,280,300,513,249,280,426,,,187,386,72,,1059,,,,352,,114,,,,,,,,,,,79,92,21,,,,,,,,,,335,,,328,,,,,,,,,,,,3,,,,,,,,,,,,216,119,15,123,90,113,56,109,451,392,9,32,214,126,30,161,8,,,80,137,259,184,12,94,148,242,41,80,,353,,137,30,,,,,,,,,,,,,,,,,,,,,,,,,,,,,,,,629,,177,,,,223,245,482,311,341,,,,122,,,,,,69,,,249,115,219,,113,217,181,266,136,691,216,165,567,,178,,,,,,,,,,,,,,,,,,,,,,,,,,,,,,,,,,,,,,,,,,,,,,,,,,,,426,139,152,470,86,328,309,,554,189,322,329,,188,,147,92,,,190,455,,,,,,,,563,122,,513,,238,,,,,
2026-08-24T06:20:01+00:00,,253,,,598,62,,,296,,,240,,,,85,,,,,161,406,235,361,378,,,,,,976,21,,,,,,,,132,132,,,,,,,,,,,314,,,,,31,,60,,,,,131,,,81,28,,123,,,279,12,,,200,,,,,,,,,,256,141,270,256,229,195,606,41,231,210,193,407,197,339,191,113,120,150,301,388,157,,658,56,746,213,,61,210,193,302,307,,,414,54,101,202,797,179,276,515,,,385,,,,,,280,,,,,464,,,,,,202,,,,,,,,,,,,,,,,,,,303,,,384,,,,,,,343,367,,,,,,,,,,,,,145,,314,17,137,893,,,,,,,,50,,124,,,,,,,13,,,,,15,,,,,,,,,,,,,,,203,,,,,,342,,,87,,,,,,,,,,73,,,,,,,,,,,,,,,,189,355,120,145,225,210,389,,370,,,251,272,297,508,248,269,420,89,,188,384,70,,1054,,,,354,,,,,,,,,,,,,,89,24,17,,,,449,,,,,334,,,325,,,,,,,,,,,,2,,,,,,,,,,,,219,,14,,87,112,,98,446,391,,,211,123,,162,,,,79,132,255,,11,89,,241,39,77,,349,35,,,65,270,397,,1036,294,,114,,210,,,,,,,,,,,,,,,,,,,,,,623,,,,698,,221,244,480,,339,,,,,,,,,,71,,,,,212,,99,211,165,268,134,,215,164,557,77,172,64,155,393,52,122,,,226,263,351,397,,,321,,343,,182,314,,,,,,,,,,,,,,,,,,,,,,,,,,,,,,,,,422,,,469,85,323,308,84,553,187,320,327,,,,145,91,,,189,453,,,,,,,,560,,,509,,235,52,,,340,
2026-08-24T06:25:02+00:00,132,,,,588,60,,240,295,347,,236,286,,,83,,,,,160,403,229,363,379,,,,,,967,20,49,,,,,,,126,131,,95,,24,,,,,,,313,35,119,,29,30,,,,,24,109,128,,,80,27,,,,,278,13,,,198,343,191,351,179,106,226,,,,252,,265,250,223,192,601,40,230,208,178,398,196,334,189,112,,136,298,386,,171,655,54,742,207,79,53,207,,294,290,,,413,51,96,,792,178,272,,,,384,,,,,,,,,,,,,,,,,,,,,,,,262,,,275,,575,,413,,146,,416,,,561,377,58,,,,,602,340,362,271,442,1118,396,136,255,130,80,170,245,315,151,139,,313,17,136,,,,,,,,,49,,121,,,,,,,12,,,,,10,,,,,,,,,,,,,,,198,,,,,,340,,,86,137,,,,,,,,,,,,,,,,,,,,,,,,,188,339,113,143,222,205,,,369,,,,263,290,498,247,261,414,88,,183,382,73,,1047,,,,,,,,,,,,,,,,,76,84,,15,,,,,,,,,333,,,320,,,,,,,,,,,,0,,,,,,,,,,,,218,118,12,,88,111,,85,445,389,10,,205,,33,159,,,,76,,253,182,9,82,145,239,32,68,146,314,,138,29,63,263,389,64,1034,290,,113,176,208,,,,,,,,,,,,,,,,,,,,,,611,,176,,696,,213,243,476,310,337,,,,120,,,,,,65,,,245,111,205,,91,203,,,131,688,212,162,548,78,168,,,,,,,,,,,,,,,,,,,,,,,,,,,,,,,,,,,,,,,,,,,,,,,,,,,,415,,,468,84,321,306,86,,182,,324,,189,,141,89,,,187,,317,,,,,,,558,,,507,,234,51,,,,
2026-08-24T06:30:02+00:00,131,252,,,578,58,,236,294,348,,232,284,,,81,,,,,159,406,219,360,378,,,,,42,963,,46,,,,,,,123,129,,,,23,,,,,,,314,34,,,,29,,58,,165,,110,126,,234,79,26,,,,,276,,,171,197,,,,,,,,,,,,,,,,,,,,,,,,,,,,,,,,,,,,,,,,,,,,,,,,,,,,,,,,,,,,281,,,,,452,,,,,175,200,,,,,,,,,,,,,,,,,,,301,,560,365,,,,,,601,,359,,,,,,,,,,,,,137,,315,17,134,891,,,,,,,,47,,122,,,,,,,,,,36,,6,,,,,,48,,,,,,,,34,188,,,,,,335,,,85,135,,,,,,,,,69,,,,,,,,,,,,,,,,187,332,107,141,219,,382,,363,63,9,252,249,287,490,238,256,406,,,178,381,71,,1041,,,,,,,,,,,,,,,,,73,82,27,14,,,,,,,,,,,,315,,,,,,,,,,,,,,,,,,,,,,,,222,115,11,121,87,,,82,438,390,,31,199,118,32,156,,,,,128,252,180,10,79,144,238,31,61,145,306,,137,27,60,258,383,65,1030,287,,,177,206,,,,,,,,,,,,,,,,,,,,,,,,,,,,,,,,,,,,,,,,,,,,,,,,,,,,,128,682,210,158,536,79,166,,,,,,,,,,,,,,,,,,,,,,,,,,,,,,,,,,,,,,,,,,,,,,,,,,,,409,140,,466,83,320,,85,,177,315,323,,188,,140,88,,,184,451,,,,,,,,554,,,502,,235,55,,,338,
2026-08-24T06:35:01+00:00,130,249,,150,576,57,,,291,350,,228,281,,,80,,,,,156,402,209,359,,,,,,43,958,21,,64,244,,,,,122,126,,94,,,,,,,,,312,,,,30,27,,52,,,,111,122,,,,25,,,,,272,12,,170,199,334,185,349,174,104,225,,,,249,140,262,245,219,190,591,38,228,,169,388,197,,,110,,130,296,382,,167,651,,738,203,,47,201,192,288,270,,,410,,93,200,766,176,267,510,,,381,,,,,,280,,,,,447,,,,,173,199,,,,,,,255,,,269,,566,,399,,145,,381,299,,562,354,57,,,,,598,,351,269,,1110,381,132,248,,,,246,313,147,133,,314,17,129,889,,,,,,,,48,,121,,,,,,,11,,,37,,3,,,,,,47,,,,,,,,,180,,,,,,334,,,86,134,,,,,,,,,67,,,,,,,,,,,,,,,,,324,110,139,216,200,380,,360,65,,248,246,280,487,237,250,400,86,,177,,67,,1035,,,,,,113,,,,,,,,,,,72,79,,13,,,,448,,,,,332,,,306,,,,,,,,,,,,,,,,,,,,,,,,221,114,10,120,83,110,57,68,432,386,,,195,114,,154,,,,,124,250,,,,,235,30,56,144,300,,,25,,,381,,1029,285,,112,173,205,,,,,,,,,,,,,,,,,,,,,,604,,179,,,,208,236,469,,336,,,,121,,,,,,63,,,237,112,198,139,89,195,163,266,,,,,,,,62,146,391,46,118,,,,260,353,393,234,,,,335,,183,310,,,,,,,,,,,,,,,,,,,,,,,,,,,,,,,,,403,139,153,464,82,318,,87,554,,310,320,,187,,,89,83,,,,315,,,,,,,551,,,,,230,,,,,
2026-08-24T06:35:02+00:00,,,,,,,,,,,,,,,,,,,,,,,,,,,,,,,,,,,,,,,,,,,,,,,,,,,,,,,,,,,,,,,,,,,,,,,,,,,,,,,,,,,,,,,,,,,,,,,,,,,,,,,,,,,,,,,,,,,,,,,,,,,,,,,,,,,,,,,,,,,,,,,,,,,,,,,,,,,,,,,,,,,,,,,,,,,,,,,,,,,,,,,,,,,,,,,,,,,,,,,,,,,,,,,,,,,,,,,,,,,,,,,,,,,,,,,,,,,,,,,,,,,,,,,,,,,,,,,,,,,,,,,,,,,,,,,,,,,,,,,,,,,,,,,,,,,,,,,,,,,,,,,,,,,,,,,,,,,,,,,,,,,,,,,,,,,,,,,,,,,,,,,,,,,,,,,,,,,,,,,,,,,,,,,,,,,,,,,,,,,,,,,,,,,,,,,,,,,,,,,,,,,,,,,,,,,,,,,,,,,,,,,,,,,,,,,,,,,,,,,,,,,,126,681,205,154,519,76,158,,,,,,,,,,,,,,,,,,,,,,,,,,,,,,,,,,,,,,,,,,,,,,,,,,,,,,,,,,,,,,,,,,,,,,,,,,,,,,,,,,,,,,,,,,
2026-08-24T06:40:02+00:00,127,242,,,568,56,,237,290,348,,220,279,,,,,,,,,401,202,361,379,,,,,42,953,20,45,65,,,,,,123,127,,93,,22,,,,,,,311,35,118,,29,29,4,50,,163,22,110,118,82,,77,,,,,,,,,,,,,,,,,,,,243,128,252,240,215,178,581,37,225,,167,373,195,325,184,108,,114,288,376,158,161,645,56,721,189,78,29,192,189,280,235,,1,411,44,,,,,,,,,,,,,,,,,,,,,,,,,,,,,,,,,,,,,,,,,,,,,,,,345,54,,,,,,338,346,,,,,,,,,,,,,128,,315,17,127,,,,,,,,,47,,,,,,,,,,,,34,,1,,,,,,46,,,,,,,,,173,,,,,,329,,,85,,,,,,,,,,65,,,,,54,,,,,,,,,,,186,316,106,135,215,197,376,,,61,,246,235,275,484,233,249,392,,,172,382,66,,1031,,,,352,,,,,,,,,,,,,,77,24,14,,,,447,,,,,330,,,,,,,,,,,,,,,,,,,,,,,,,,,208,113,7,118,81,108,,48,428,378,,,193,109,31,150,7,,,73,120,242,178,3,78,140,230,26,51,,301,,,23,61,257,,,1020,282,,,174,199,,,,,,,,,,,,,,,,,,,,,,598,,175,,695,,206,235,462,308,,,,156,,,,,,,61,,,236,111,188,,85,191,160,268,121,671,202,152,518,,151,,,,,,,,,,,,,,,,,,,,,,,,,,,,,,,,,,,,,,,,,,,,,,,,,,,,397,138,152,,83,311,,,555,175,308,319,,,,139,90,82,,181,450,312,,,,,,,547,,,494,,224,,,,335,
2026-08-24T06:45:01+00:00,125,240,,,563,55,,239,287,347,,216,280,,,77,,,,,155,399,195,360,377,,,,,41,949,21,41,,243,,,,,122,126,,94,,,,,,,,,304,,119,,32,30,,45,,161,,107,117,,233,76,23,,122,,,273,11,,,197,,176,341,164,100,222,,,,,,,,,,,,,,,,,,,,,,,,,,,,,,,,,,,,,,,,90,197,745,172,,508,56,,379,,,,,,275,,,,,435,,,,,174,197,,,,,,,248,,,265,,558,,381,,139,,351,300,,563,342,52,,,,343,,339,347,270,444,1103,371,,244,126,,,,311,145,129,,317,17,124,881,,,,,,,,,,,,,,,,,,,,,,,,,,,,,,,,,,,,,163,,,,,,327,,,84,,,,,,,,,,,,,,,,,,,,,,,,,,,,,,,,,,,,,244,221,270,480,231,246,386,87,,167,384,60,,1030,,,,351,,114,,,,,,,,,,,73,74,26,11,,,,448,,,,,,,,300,,,,,,,,,,,,,,,,,,,,,,,,,,,,,,,,,,,,,,,,,,,,,,,,,,,,,,,,,,,,,,,,,,,,,,,,,,,,,,,,,,,,,,,,,,,,,,,,,,,,,,,,,,,,,,,,,,,,,,,,,,,,,,,,,,,,,,,,,,,,,,,,,,,,,,,,,,,,,,,,,,,,,,,,,,,,,,,,,,390,139,,463,82,309,,86,,174,305,316,,,,,,83,,179,,311,,,,,,,546,121,,493,,221,57,,,332,
2026-08-24T06:45:02+00:00,,,,,,,,,,,,,,,,,,,,,,,,,,,,,,,,,,,,,,,,,,,,,,,,,,,,,,,,,,,,,,,,,,,,,,,,,,,,,,,,,,,,,,,,,,,,,,,,,,,,,,,,,,,,,,,,,,,,,,,,,,,,,,,,,,,,,,,,,,,,,,,,,,,,,,,,,,,,,,,,,,,,,,,,,,,,,,,,,,,,,,,,,,,,,,,,,,,,,,,,,,,,43,,118,,,,,,,9,,,35,,3,,,,,,45,,,,,,,,,,,,,,,,,,,,,,,,,,,,,,,,,,,,,,,,,,,,,312,105,126,211,188,372,,364,,,,,,,,,,,,,,,,,,,,,,,,,,,,,,,,,,,,,,,,,,,,,,,,,,,,,,,,,,,,,,,,,,,,,,,,205,,8,115,76,107,,40,421,377,,30,194,106,30,149,,,,,118,238,177,6,75,138,226,23,43,142,300,,,22,,,,,,,,,,,,,,,,,,,,,,,,,,,,,,,,,,,,,,,,,,,,,,,,,,,,,,,,,,,,,,,115,661,201,150,506,,,,,,,,,,,,,,,,,,,,,,,,,,,,,,,,,,,,,,,,,,,,,,,,,,,,,,,,,,,,,,,,,,,,,,,,,,,,,,,,,,,,,,,,,,,,
2026-08-24T06:50:01+00:00,,239,,148,561,56,,237,284,346,,217,276,,,73,,,,,156,397,179,356,376,,97,,,,944,,42,,,,,,,120,123,,93,,,,,,,,,303,34,120,,31,,,42,,159,21,106,115,,,,,17,120,,,269,,,171,,,,,,,,,,,242,115,247,234,208,173,576,36,222,,158,365,196,321,183,105,119,109,,368,,,640,59,718,178,77,27,189,188,273,222,,,,38,,,,,,,,,,,,,,,,,,,,,,,,,,,,,,,,,,,,,,,,,,,,,298,,559,336,50,,,,341,591,338,338,,,,,,,,,,,,,123,,313,17,119,875,,,,,,,,42,,119,,,,,,,10,,,,,2,,,,,,44,,,,,,,,33,141,,,,,,313,,,80,132,,,,,,,,,,,,,,,,,,,,,,,,,,305,98,120,208,185,366,,,58,,241,205,261,470,229,240,384,,,160,,56,,1026,,,,,,,,,,,,,,,,,72,75,25,10,,,,447,,,,,329,,,,,,,,,,,,,,,,,,,,,,,,,,,204,111,9,,71,108,56,27,420,371,,,193,104,,,,,,,114,237,178,5,74,129,,17,36,141,,,,20,,,,,,,,,,,,,,,,,,,,,,,,,,,,,,,,591,77,170,,,,198,227,455,302,335,,,157,,,,,,,59,,,230,109,179,138,76,171,149,,111,653,196,144,502,,147,,,,,,,,,,,,,,,,,,,,,,,,,,,,,,,,,,,,,,,,,,,,,,,,,,,,377,138,150,460,81,305,305,85,554,173,300,312,,,,137,89,84,,,449,307,,,,,,,544,,,,,220,55,,,,
2026-08-24T06:50:02+00:00,,,,,,,,,,,,,,,,,,,,,,,,,,,,,,,,,,,,,,,,,,,,,,,,,,,,,,,,,,,,,,,,,,,,,,,,,,,,,,,,,,,,,,,,,,,,,,,,,,,,,,,,,,,,,,,,,,,,,,,,,,,,,,,,,,,,,,,,,,,,,,,,,,,,,,,,,,,,,,,,,,,,,,,,,,,,,,,,,,,,,,,,,,,,,,,,,,,,,,,,,,,,,,,,,,,,,,,,,,,,,,,,,,,,,,,,,,,,,,,,,,,,,,,,,,,,,,,,,,,,,,,,,,,,,,,,,,,,,,,,,,,,,,,,,,,,,,,,,,,,,,,,,,,,,,,,,,,,,,,,,,,,,,,,,,,,,,,,,,,,,,,,,,,,,,,,,,,,,,,,,,,,,,,,,,,,,,,,,,,,,,56,256,368,66,1013,271,,110,172,197,,,,,,,,,,,,,,,,,,,,,,,,,,,,,,,,,,,,,,,,,,,,,,,,,,,,,,,,,,,,,,,,,,,,,,,,,,,,,,,,,,,,,,,,,,,,,,,,,,,,,,,,,,,,,,,,,,,,,,,,,,,,,,,,,,,,,,,,,,,,,,,,,,,,,
2026-08-24T06:55:02+00:00,121,234,,,558,,,238,279,344,,212,275,,,70,,,,,154,390,172,358,375,,98,,,,940,,36,64,241,,,,,118,122,,,,,,,,,,,,33,,,29,,,43,,157,,103,112,,232,,22,18,118,,,267,12,,,193,331,165,338,158,99,220,,,,,,,,,,,,,,,,,,,,,,,,,,,,,,,,,,,,,,,,88,187,720,166,271,503,,,380,,,,,,269,,,,,428,,,,,175,195,,,,,,,236,,,,,549,,375,,135,,316,,,557,322,53,,,,,587,,334,267,439,1090,366,131,238,125,,169,242,307,135,119,,311,17,116,871,,,,,,,,38,,118,,,,,,,5,,,,,0,,,,,,43,,,,,,,,32,134,,,,,,310,,,,130,,,,,,,,,63,,,,,,,,,,,,,,,,,302,100,115,205,178,362,,357,56,,237,193,255,460,228,233,377,84,,158,381,51,,1023,,,,352,,,,,,,,,,,,,69,73,22,11,,,,,,,,,,,,298,,,,,,,,,,,,,,,,,,,,,,,,212,110,8,112,70,,55,21,416,365,,,190,101,28,148,,,6,72,111,231,,4,70,125,223,16,33,140,293,,,15,59,251,364,65,1011,266,,,,194,,,,,,,,,,,,,,,,,,,,,,,,,,,,,,,,,,,,,,,,,,,,,,,,,,,,,109,643,194,140,499,,142,60,143,388,39,113,162,52,228,262,350,384,232,,315,,329,,179,305,,,,,,,,,,,,,,,,,,,,,,,,,,,,,,,,,371,137,149,457,82,,304,84,553,172,296,308,,,,136,88,82,,177,,303,,,,,,,542,120,,492,,222,54,,,333,
2026-08-24T07:00:01+00:00,117,,,,555,57,,,277,343,,208,272,,,67,,,,,153,388,161,356,,,,,,44,930,,35,62,243,,,,,,121,,94,,21,,,,,,,,,,,27,,,,,156,20,104,111,,,75,21,,115,,,,,,174,194,,,,,,,,,,238,102,242,224,187,158,573,33,217,207,151,342,193,318,179,103,117,88,282,361,156,162,627,62,704,165,,23,176,184,264,189,,,409,27,,,,,,,,,,,,,,,,,,,,,,,,,,,,,,,,,,,,,,,,,,,,,,,558,314,54,,,,,583,,329,,,,,,,,,,,,,113,,,17,112,867,,,,,,,,,,112,,,,,,,4,,,36,,,,,,,,,,,,,,,,31,127,,,,,,303,,,,129,,,,,,,,,,,,,,,,,,,,,,,,,184,296,97,111,201,179,354,,356,53,,236,185,253,457,224,227,372,85,,153,377,49,,1020,,,,351,,116,,,,,,,,,,,67,67,27,8,,,,449,,,,,328,,,292,,,,,,,,,,,,,,,,,,,,,,,,,106,9,,66,105,54,16,414,362,,29,184,96,,145,,,,71,110,227,177,0,66,122,218,15,29,,291,36,136,16,,,,,,,,,,,,,,,,,,,,,,,,,,,,,,,,589,,166,,,,195,,447,300,,,,,120,,,,,,58,,,227,,173,,73,160,154,265,,625,,135,490,74,141,,,,,,,,,,,,,,,,,,,,,,,,,,,,,,,,,,,,,,,,,,,,,,,,,,,,362,136,,,83,297,300,86,552,,290,307,,,,134,,81,,174,450,302,,,,,,,539,,,487,,221,55,,,,
2026-08-24T07:05:01+00:00,118,233,,,,,,236,275,341,,,269,,,63,,,,,151,,159,352,373,,96,,,,927,20,33,,,,244,,,116,122,,91,,20,,,,,,,301,32,,,23,31,2,39,,155,21,102,107,,230,74,20,,,,,256,10,,175,192,328,159,330,148,100,212,,,,,,,,,,,,,,,,,,,,,,,,,,,,,,,,,,,,,,,,,188,696,165,270,501,,,379,,,,,,258,,,,,418,,,,,,192,,,,,,,229,,,259,,536,,345,,132,,299,295,,557,308,50,,,,,576,335,322,264,441,1083,383,128,235,122,79,165,241,310,,,,308,17,111,861,,,,,,,,37,,113,,,,,,,2,,,37,,,,,,,,42,,,,,,,,,125,,,,,,293,,,78,,,,,,,,,,,,,,,55,,,,,,,,,,,,289,94,109,199,175,352,,357,50,,234,183,,455,223,225,371,84,,152,378,,,1017,,,,,,,,,,,,,,,,,66,65,26,,,,,447,,,,,326,,,290,,,,,,,,,,,,,,,,,,,,,,,,207,104,,108,,,,12,406,359,,,181,92,29,143,,,,,107,219,,,63,120,212,16,,139,284,35,137,17,,250,354,,1008,260,,109,176,192,,,,,,,,,,,,,,,,,,,,,,,,,,,,,,,,,,,,,,,,,,,,,,,,,,,,,106,616,192,134,485,,132,,,,,,,,,,,,,,,,,,,,,,,,,,,,,,,,,,,,,,,,,,,,,,,,,,,,359,137,150,452,82,,,85,551,173,,,,,,133,87,80,,175,453,,,,,,,,538,,,486,,223,,,,331,
2026-08-24T07:10:01+00:00,,226,,,552,60,,229,271,342,,205,,,,62,,,,,,386,153,350,371,,,,,47,916,21,,,,,,,,113,123,,90,,,,,,,,,302,,119,,21,,,36,,,,103,105,,,73,19,17,,,,254,9,,174,191,,,,,,,,,,230,,232,213,171,146,559,26,203,,143,322,191,316,171,100,,70,270,342,,157,610,60,693,143,75,19,171,182,250,154,23,1,404,25,,,,,,,,,,,,,,,,,,,,,,,,,,,,,,,,,,,,,,,,,,,,,291,,558,297,49,,,,339,575,334,320,,,,,,,,,,,,,,,,,,,,,,,,,,,,,,,,,,,,,,,,,,,,,,,,,,,,,,,117,,,,,,282,,,77,,,,,,,,,,61,,,,,,,,,,,,,,,,,,,,,,,,,,,239,185,251,445,222,222,368,83,,151,377,47,,,,,,,,,,,,,,,,,,,,,,,,,,,,,,,,,,,,,,,,,,,,,,,,,,,,,,,,,,,,,,,,,,,,,,,,,,,,,,,,,,,,,,,,,,,,,,,,,,,,,,,,,,,,,,,,,,,,,,,,,,,583,76,161,,694,,190,229,439,297,333,,,,117,,,,,,56,,,221,103,163,136,58,148,143,,,,,,,,,,,,,,,,,,,,,,,,,,,,,,,,,,,,,,,,,,,,,,,,,,,,,,,,,,,,352,,,449,,288,298,86,552,171,285,306,,186,,,86,77,,171,,299,,,,,,,,,,482,,221,52,,,324,
2026-08-24T07:10:02+00:00,,,,,,,,,,,,,,,,,,,,,,,,,,,,,,,,,,,,,,,,,,,,,,,,,,,,,,,,,,,,,,,,,,,,,,,,,,,,,,,,,,,,,,,,,,,,,,,,,,,,,,,,,,,,,,,,,,,,,,,,,,,,,,,,,,,,,,,,,,,,,,,,,,,,,,,,,,,,,,,,,,,,,,,,,,,,,,,,,,,,,,,,,,,,,,,112,,307,17,112,859,,,,,,,,36,,112,,,,,,,0,,,,,,,,,,,41,,,,,,,,,,,,,,,,,,,,,,,,,,,,,,,,,,,,,,,,,,,,,279,92,107,197,172,350,,358,49,,,,,,,,,,,,,,,,,,,350,,,,,,,,,,,,,67,62,27,6,,,,,,,,,325,,,291,,,,,,,,,,,,,,,,,,,,,,,,208,98,10,107,65,,52,11,396,352,,28,179,87,30,139,,,,70,105,207,176,,,115,207,,27,136,281,34,136,15,56,247,345,,1001,249,,107,174,184,,,,,,,,,,,,,,,,,,,,,,,,,,,,,,,,,,,,,,,,,,,,,,,,,,,,,102,606,193,129,475,73,131,61,139,390,34,112,160,,231,259,347,382,231,,311,55,324,,174,300,,,,,,,,,,,,,,,,,,,,,,,,,,,,,,,,,,,,,,,,,,,,,,,,,,,,,,,,,,,,,,,,,,,,,,,
2026-08-24T07:15:02+00:00,,225,,147,546,,,221,,341,,199,262,,,60,,,,,,380,142,347,369,,98,,,48,913,,32,,,,,,,111,124,,,,,,,,,,,,31,120,,19,,,30,,154,,106,102,,231,,,,114,,,251,7,,,189,326,156,325,143,98,210,,189,,,96,224,206,170,144,557,25,200,,142,310,192,314,168,98,116,65,267,334,,153,605,59,688,139,77,17,,178,246,150,,,403,20,,182,677,160,269,499,,,381,,,,,,253,,,,,414,,,,,172,187,,,,,,,221,,,254,,522,,323,,129,,285,290,,559,301,,,,,337,568,333,313,263,440,,387,,232,,,,245,308,133,110,,308,17,110,856,,,,,,,,32,,116,,,,,,,1,,,,,,,,,,,39,,,,,,,,30,113,,,,,,277,,,76,126,,,,,,,,,60,,,,,,,,,,,,,,,,182,274,87,103,195,166,346,,357,51,,238,172,249,440,221,219,367,82,,149,375,46,,,,,,,,118,,,,,,,,,,,69,53,25,,,,,446,,,,,328,,,289,,,,,,,,,,,,,,,,,,,,,,,,,97,11,,64,,,5,390,350,,,,85,,140,,,,,103,201,174,,61,116,204,14,23,135,,,,,57,249,,,996,252,,,,185,,,,,,,,,,,,,,,,,,,,,,578,,160,,695,,187,226,436,,334,,,,,,,,,,55,,,217,,159,133,50,,133,264,100,602,189,126,467,75,125,,,,,,,,,,,,,,,,,,,,,,,,,,,,,,,,,,,,,,,,,,,,,,,,,,,,348,,,447,,286,,,,169,,,,185,,131,89,76,,168,451,298,,,,,,,,,,483,,220,49,,,325,
2026-08-24T07:20:02+00:00,117,222,,,540,57,,219,269,,,,259,,,,,,,,,378,136,344,366,,99,,,47,906,,29,60,244,,,,,110,125,,92,,18,,,,,,,305,34,,,22,29,,31,,155,,107,101,,,81,18,,,,,252,8,,177,,,,,,,,,,,228,92,214,185,156,132,543,24,196,205,136,285,191,311,161,97,115,47,261,326,155,149,591,57,681,167,75,15,168,,232,118,,,395,12,,,,,,,,,,,,,,,,,,,,,,,,,,,,,,,,,,,,,,,,,,,,,292,,558,302,48,,,,,563,332,306,,,,,,,,,,,,,108,,311,17,107,849,,,,,,,,31,,,,,,,,,0,,,,,,,,,,,,,,,,,,,29,107,,,,,,273,,,75,,,,,,,,,,,,,,,,,,,,,,,,,,,270,85,102,192,164,342,,358,49,,236,157,250,439,219,217,,83,,,376,38,,,,,,,,,,,,,,,,,,,68,52,28,5,,,,,,,,,329,,,287,,,,,,,,,,,,,,,,,,,,,,,,204,96,10,105,61,104,53,0,385,346,,,175,80,,,,,5,68,102,200,173,1,59,115,201,,15,136,283,,138,13,,248,338,,988,251,,,170,184,,,,,,,,,,,,,,,,,,,,,,571,74,156,,697,,184,223,430,298,335,,,,116,,,,,,56,,,212,101,154,132,43,143,131,259,,591,183,123,455,,126,,,,,,,,,,,,,,,,,,,,,,,,,,,,,,,,,,,,,,,,,,,,,,,,,,,,343,135,,446,80,285,,85,551,171,281,305,,,,,88,,,,450,,,,,,,,537,,,477,,,48,,,324,
2026-08-24T07:25:01+00:00,,220,,,537,55,,217,268,339,,196,255,,,,,,,,148,377,130,346,363,,,,,50,904,,24,59,,,241,,,,121,,,,17,,,,,,,304,,,,19,,,34,,154,,108,98,,230,,15,16,113,,,243,,,,186,321,144,318,134,96,208,,,,224,85,203,173,151,126,532,,,203,134,277,192,309,150,,,43,258,320,,146,585,53,677,155,76,12,170,172,224,104,,,,11,87,179,663,,266,495,,,382,,,,,,250,,,,,410,,,,,168,185,,,,,,,208,,,252,,508,,321,,125,,269,291,,554,299,46,,,,336,557,,305,264,,1064,393,126,226,119,78,,244,305,132,,,310,17,101,846,,,,,,,,30,,117,,,,,,,1,,,38,,,,,,,,40,,,,,,,,,106,,,,,,275,,,76,,,,,,,,,,,,,,,,,,,,,,,,,,,265,83,100,189,159,339,,352,50,,238,149,245,431,,215,365,,,,374,39,,1016,,,,349,,117,,,,,,,,,,,67,53,29,4,,,,445,,,,,330,,,286,,,,,,,,,,,,,,,,,,,,,,,,200,94,9,104,51,,,,384,340,,,,,27,138,,,,,100,195,172,0,,113,196,12,,134,,,,12,56,,326,64,987,246,,,166,183,,,,,,,,,,,,,,,,,,,,,,,73,,,694,,182,,428,297,,,,,,,,,,,,,,,,,,,,,257,97,574,180,119,453,76,120,62,138,389,28,108,159,51,,258,348,380,230,,308,53,323,,176,295,,,,,,,,,,,,,,,,,,,,,,,,,,,,,,,,,335,134,,445,77,282,,,550,,282,306,,184,,,,,,169,449,296,,,,,,,534,119,,476,,214,49,,,323,
2026-08-24T07:30:02+00:00,119,222,,,527,54,,214,266,340,,185,249,,,59,,,,,,,125,348,362,,97,,,53,897,22,20,56,242,,239,,,108,122,,93,,16,,,,,,,305,,119,,15,28,,27,,155,,107,99,,,,,17,,,,235,5,,175,189,,,,,,,,,,,80,193,165,144,121,527,23,,202,,267,191,308,147,,,39,253,316,,144,582,51,670,152,74,10,169,171,217,96,,,396,10,,,,,,,,,,,,,,,,,,,,,,,,,,,,,,,,,209,,,249,,495,,319,,129,,250,290,,,294,,,,,,555,333,303,,,,,,,,,,,,,105,,312,17,105,836,,,,,,,,27,,,,,,,,,0,,,,,,,,,,,37,,,,,,,,,105,,,,,,267,,,,125,,,,,,,,,56,,,,,,,,,,,,,,,,,255,82,97,187,157,336,,346,49,,,140,241,424,,211,361,82,,145,,36,,1014,,,,350,,116,,,,,,,,,,,64,54,30,6,,,,446,,,,,328,,,282,,,,,,,,,,,,,,,,,,,,,,,,,95,,,45,,,,377,345,,,176,77,26,136,,,,66,,187,171,,,110,194,,21,133,280,,136,9,,,,,,,,,,,,,,,,,,,,,,,,,,,,,,,,564,,153,,,,,,,,,,,,,,,,,,55,,,209,,,134,42,138,133,,94,569,176,115,443,77,115,,,,,,,,,,,,,,,,,,,,,,,,,,,,,,,,,,,,,,,,,,,,,,,,,,,,332,,,442,,281,292,84,,167,276,304,,,,129,87,75,,170,,293,,,,,,,533,,,472,,210,,,,322,
2026-08-24T07:35:02+00:00,116,,,,526,50,,215,261,337,,183,,,,,,,,,145,376,119,347,358,,98,,,,892,21,18,57,240,,237,,,105,,,94,,,,,,,,,,,116,,17,,,24,,,,106,98,,,80,16,,,,,,7,,176,,313,138,316,135,95,205,,187,,,,,,,,,,,,,,,,,,,,,,,,,,,,,,,,,,,,,,,175,649,154,267,,57,,381,,,,,,249,,,,,406,,,,,164,182,,,,,,,,,,,,,,,,,,,292,,,286,47,,,,,548,330,296,261,441,1057,,125,225,118,77,164,243,302,134,,,309,17,102,822,,,,,,,,22,,115,,,,,,,,,,37,,,,,,,,36,,,,,,,,27,94,,,,,,269,,,74,124,,,,,,,,,,,,,,,,,,,,,,,,,,249,81,95,186,152,333,,354,,,234,128,239,414,,212,355,83,,,372,38,,1013,,,,349,,115,,,,,,,,,,,63,52,28,5,,,,448,,,,,,,,277,,,,,,,,,,,,,,,,,,,,,,,,201,,8,101,40,103,,,376,336,,27,173,,19,134,,,6,,97,181,,,58,107,192,11,20,130,278,,,8,53,246,315,65,965,,,,168,180,,,,,,,,,,,,,,,,,,,,,,553,72,150,,688,,178,220,412,292,334,,,,114,,,,,,54,,,204,100,144,,38,119,127,252,93,560,167,109,428,76,111,,,,,,,,,,,,,,,,,,,,,,,,,,,,,,,,,,,,,,,,,,,,,,,,,,,,326,,149,440,76,274,287,,,165,273,303,,,,,,73,,167,448,,,,,,,,,,,466,,,,,,319,
2026-08-24T07:40:01+00:00,112,221,56,,520,51,,211,260,333,,181,245,,,,,,,,142,373,117,346,360,,,,,52,884,,17,56,,,236,,,103,,,95,,17,,,,,,,308,,,,18,27,,25,,154,,105,,,,79,15,,,,,233,,,,,,,,,,,,,,225,76,185,152,140,122,523,20,194,201,132,252,,306,143,,114,34,,311,,,576,48,659,163,,8,167,170,,76,,,397,11,,,,,,,,,,,,,,,,,,,,,,,,,,,,,,,,,210,,,248,,483,,308,,,,241,295,,553,285,44,,,,334,545,334,286,,,,,,,,,,,,,101,,302,16,99,813,,,,,,,,19,,,,,,,,,,,,,,,,,,,,,,,,,,,,26,93,,,,,,262,,,67,,,,,,,,,,57,,,,,,,,,,71,,,,,,,240,83,96,183,145,,,353,46,,231,131,234,,218,211,349,,,147,,,,1012,,,,350,,116,,,,,,,,,,,67,,,4,,,,447,,,,,,,,271,,,,,,,,,,,,,,,,,,,,,,,,199,91,,,35,102,,,,325,11,,168,78,,133,,,,,,,169,,59,104,,,22,129,277,,,,56,,312,,959,241,,106,169,177,,,,,,,,,,,,,,,,,,,,,,,,,,687,,,221,402,290,335,,,,,,,,,,,,,,,137,,32,,,250,92,556,164,108,424,74,99,,131,388,26,105,157,,222,256,343,373,229,,306,54,317,,175,282,,,,,,,,,,,,,,,,,,,,,,,,,,,,,,,,,323,133,,438,75,273,284,,547,164,271,302,,,,128,86,72,,,,291,,,,,,,532,118,,463,,208,50,,,,
2026-08-24T07:45:02+00:00,111,218,,,511,,,206,252,330,,171,243,,,57,,,,,139,375,111,,,,,,,50,879,,15,55,241,,235,,,101,,,96,,18,,,,,,,309,,118,,,,,17,,156,,,94,,,78,,18,,,,230,8,,175,187,305,125,309,127,93,198,,186,,,,,,,,,,,,,,,,,,,,,,,,,,,,,,,,,,,,,,83,173,635,152,,498,58,,382,,,,,,248,,,,,405,,,,,162,181,,,,,,,,,,,,,,,,,,,296,,,281,45,,,,,541,,276,259,443,1094,399,,220,168,74,193,284,357,150,98,,301,16,,804,,,,,,,,15,,,,,,,,,,,,,,,,,,,,34,,,,,,,,24,84,,,,,,254,,,70,,,,,,,,,,,,,,,,,,,,,,,,,,181,230,81,90,178,141,326,,349,49,8,234,116,225,410,215,208,345,,,144,369,35,,,,,,349,,115,,,,,,,,,,,64,49,25,,,,,446,,,,,326,,,,,,,,,,,,,,,,,,,,,,,,,,,195,88,7,99,36,,52,3,,320,,,,72,18,129,6,,,,96,179,163,,,109,186,10,12,128,273,,,7,51,245,309,66,954,235,,,167,171,,,,,,,,,,,,,,,,,,,,,,543,,148,,,,,,,,,,,,,,,,,,49,,,202,101,,133,,114,,,,544,163,,409,73,91,,,,,,,,,,,,,,,,,,,,,,,,,,,,,,,,,,,,,,,,,,,,,,,,,,,,319,134,146,434,74,271,283,,,161,265,299,,,,,83,,,162,443,289,,,,,,,530,,,464,,203,48,,,307,
2026-08-24T07:50:01+00:00,112,213,,,504,50,,199,250,328,,,241,,,58,,,,,136,376,105,343,358,,97,,,51,866,20,7,,,,234,,,97,,,97,,,,,,,,,,,,,19,,,11,,,19,104,91,,,,16,,114,,,227,7,,,,310,116,303,124,89,188,,,,220,61,175,146,137,114,511,17,191,200,131,212,187,303,133,,,26,250,282,152,142,563,45,654,145,,4,166,167,216,58,,1,395,10,78,165,,148,262,495,,,,,,,,,240,,,,,403,,,,,160,179,,,,,,,200,,,244,,474,,314,,130,,232,298,,,,,,,,,538,332,270,,,,,,,,,,,,,93,,,16,95,792,,,,,,,,14,,117,,,,,,,,,,,,,,,,,,33,,,,,,,,23,78,,,,,,255,,,68,,,,,,,,,,58,,,,,54,,,,,,,,,,,179,225,78,88,175,137,325,,347,47,,232,101,,403,,209,344,,,142,,32,,1013,,,,347,,116,,,,,,,,,,,63,43,,,,,,444,,,,,,,,263,,,,,,,,,,,,,,,,,,,,,,,,197,87,6,,42,103,,5,,308,,,166,70,17,127,,,,,,172,158,,60,106,181,,9,,274,,,6,48,244,297,,952,232,,,165,172,,,,,,,,,,,,,,,,,,,,,,536,,144,,685,,176,222,396,289,334,,,,,,,,,,45,,,200,99,131,131,21,111,129,252,93,528,160,104,391,72,81,,,,,,,,,,,,,,,,,,,,,,,,,,,,,,,,,,,,,,,,,,,,,,,,,,,,317,,145,429,73,267,279,,545,,260,297,,,,,81,70,,161,440,290,,,,,,,524,,,458,,201,,,,,
2026-08-24T07:55:01+00:00,110,211,,146,496,48,,194,,326,,165,234,,,,,,,,134,371,103,339,352,,,,,54,861,18,3,,244,,232,,,95,120,,,,,,,,,,,308,,,,21,25,3,8,,157,,101,90,,228,,15,,,,,,,,173,186,,,,,,,,,,,,,,,,,,,,,,,,,,,,,,,,,,,,,,,,,,,,,,73,154,619,144,263,491,54,,381,,,,,,,,,,,,,,,,,,,,,,,,,,,,,,,,,,,,297,,552,279,43,,,,333,532,331,264,260,,1085,395,124,215,165,72,,,352,135,89,,302,16,89,783,,,,,,,,13,,119,,,,,,,1,,,,,,,,,,,,,,,,,,,,72,,,,,,250,,,69,123,,,,,,,,,57,,,,,,,,,,,,,,,,178,209,66,,163,140,316,,344,39,,226,86,223,398,214,204,339,,,140,,35,,1012,,,,346,,117,,,,,,,,,,,59,39,24,5,,,,443,,,,,325,,,259,,,,,,,,,,,,,,,,,,,,,,,,,85,,98,40,102,51,6,375,303,10,26,,69,14,125,,,5,,,167,151,1,58,,178,,11,127,271,,137,8,,243,294,,944,229,,105,,170,,,,,,,,,,,,,,,,,,,,,,535,71,143,,,,174,221,388,,,,,,113,,,,,,,,,192,100,,,12,105,131,250,88,520,150,97,380,74,69,60,126,384,24,97,159,50,223,245,286,371,226,,295,,313,,170,275,,,,,,,,,,,,,,,,,,,,,,,,,,,,,,,,,312,133,,,72,259,277,81,543,155,258,,,183,,,80,69,,164,437,288,,,,,,,522,,,450,,200,,,,286,
2026-08-24T08:00:01+00:00,107,210,,148,488,50,,189,237,321,,167,237,,,57,,,,,131,367,97,334,347,,,,,,853,17,1,,,,228,,0,118,,,96,,,,,,,,,311,,,,23,23,,5,,159,,100,89,80,,77,13,17,113,,,224,,,,194,314,96,285,118,84,179,,,,222,49,160,137,133,109,498,18,190,199,129,188,,,123,94,113,16,249,275,,141,556,43,639,136,72,2,158,170,212,22,,,392,6,,,,,,,,,,,,,,,238,,,,,402,,,,,155,176,,,,,,,198,,,243,,464,,297,,125,,221,296,,553,272,40,,,,,527,332,251,,,,,,,,,,,,,88,,298,16,83,769,,,,,,,,,,,,,,,,,,,,,,,,,,,,,,,,,,,,22,64,,,,,,245,,,,,,,,,,,,,54,,,,,52,,,,,70,,,,,,179,201,64,85,160,139,312,,341,34,,220,79,219,390,,205,337,,,139,367,34,,1008,,,,348,,116,,,,,,,,,,,58,38,,4,,,,444,,,,,,,,255,,,,,,,,,,,,,,,,,,,,,,,,,84,7,97,42,,50,3,371,299,9,,162,67,13,123,,,,65,97,165,146,0,,100,174,11,10,128,270,,136,7,,,,,,,,,,,,,,,,,,,,,,,,,,,,,,,,533,70,141,,684,,,219,377,288,,,,,112,,,,,,42,,,,101,130,129,,94,127,246,,,,,,,,,,,,,,,,,,,,,,,,,,,,,,,,,,,,,,,,,,,,,,,,,,,,,,,,,,,311,,,427,69,251,273,82,,,251,295,,,,126,79,,,160,432,,,,,,,,521,,,444,,196,50,,,274,
2026-08-24T08:00:02+00:00,,,,,,,,,,,,,,,,,,,,,,,,,,,,,,,,,,,,,,,,,,,,,,,,,,,,,,,,,,,,,,,,,,,,,,,,,,,,,,,,,,,,,,,,,,,,,,,,,,,,,,,,,,,,,,,,,,,,,,,,,,,,,,,,,,,,,,,,,,,,,,,,,,,,,,,,,,,,,,,,,,,,,,,,,,,,,,,,,,,,,,,,,,,,,,,,,,,,,,,,,,,,11,,118,,,,,,,0,,,,,,,,,,,32,,,,,,,,,,,,,,,,,,,,,,,,,,,,,,,,,,,,,,,,,,,,,,,,,,,,,,,,,,,,,,,,,,,,,,,,,,,,,,,,,,,,,,,,,,,,,,,,,,,,,,,,,,,,,,,,,,,,,,,,,,,,,,,,,,,,,,,,,,,,,,,,,,,,,,,,,,,,,,,,,,,,,,,,,,,,,,,,,,,,,,,,,,,,,,,,,,,,,,,,,,,,,,,,,,,,,,,,,,,,87,498,148,81,375,73,59,,,,,,,,,,,,,,,,,,,,,,,,,,,,,,,,,,,,,,,,,,,,,,,,,,,,,,,,,,,,,,,,,,,,,,,,,,,,,,,,,,,,,,,,,,
2026-08-24T08:05:02+00:00,105,208,,,478,47,,181,224,320,,162,233,,,54,,,,,127,366,92,329,339,,,,,56,846,18,0,,243,,221,,,120,,,97,,17,,,,,,,,,,,22,24,,0,,161,18,101,86,,,,11,18,114,,,223,,,169,199,,,,,,,,,,221,46,153,130,,107,478,19,188,196,,177,,301,115,95,,9,245,253,151,142,550,42,621,126,77,,164,167,207,5,24,,387,2,71,144,606,140,261,,,,,,,,,,,,,,,,,,,,,,,,,,,,189,,,241,,451,,288,,124,,216,295,,554,262,41,,,,,521,329,244,259,,1086,387,122,213,161,71,194,283,,130,87,,296,17,73,760,,,,,,,,10,,114,,,,,,,1,,,,,,,,,,,30,,,,,,,,21,58,,,,,,238,,,,121,,,,,,,,,52,,,,,,,,,,,,,,,,176,187,59,83,157,133,300,,343,31,,218,74,217,373,,204,336,84,,141,359,32,,1007,,,,347,,,,,,,,,,,,,60,36,23,3,,,,445,,,,,323,,,,,,,,,,,,,,,,,,,,,,,,,,,,81,,96,,,49,4,369,293,,27,160,65,,122,,,,66,,153,139,,,96,164,10,7,127,269,,,,45,239,280,64,906,225,,103,164,154,,,,,,,,,,,,,,,,,,,,,,531,69,137,,675,,171,217,361,286,335,,,,111,,,,,,41,,,188,100,115,127,11,85,122,244,86,471,150,76,362,72,48,,,,,,,,,,,,,,,,,,,,,,,,,,,,,,,,,,,,,,,,,,,,,,,,,,,,,131,,,68,250,269,,542,149,243,297,,184,,,78,68,,155,430,287,,,,,,,519,117,,436,,194,48,,,267,
2026-08-24T08:10:01+00:00,104,210,,,475,44,,174,215,,,,231,,,,,,,,125,365,87,326,336,,96,,,,842,17,,54,,,216,,,122,,,99,,16,,,,,,,312,33,117,,23,,,,,,,98,84,,,,10,,,,,,,,168,200,310,87,283,112,78,178,,188,,,,,,,,,,,,,,,,,,,,,,,,,,,,,,,,,,,,,,,,,,,,,,,,,,,,236,,,,,404,,,,,152,177,,,,,,,186,,,238,,442,,273,,120,,215,,,,,,,,,334,511,328,237,,,,,,,,,,,,,67,,292,17,70,745,,,,,,,,,,,,,,,,,0,,,,,,,,,,,28,,,,,,,,,52,,,,,,234,,,67,124,,,,,,,,,50,,,,,53,,,,,,,,,,,175,177,58,82,154,131,295,,337,30,,206,70,210,369,216,209,343,,,140,355,28,,,,,,344,,117,,,,,,,,,,,,35,26,,,,,,,,,,319,,,252,,,,,,,,,,,,,,,,,,,,,,,,193,82,6,95,39,,,1,368,287,,26,162,67,15,119,,,,,96,139,129,,57,99,161,,,126,268,35,,6,,,,,,,,,,,,,,,,,,,,,,,,,,,,,,,,524,,133,,,,,215,,,334,,,,,,,,,,40,,,187,101,,126,10,78,123,,85,451,146,,342,69,45,59,119,382,22,94,155,46,217,242,275,352,224,,289,49,295,,165,259,,,,,,,,,,,,,,,,,,,,,,,,,,,,,,,,,308,,,424,65,248,265,81,541,143,237,,,183,,,77,67,,154,431,285,,,,,,,517,,,430,,191,47,,,263,
2026-08-24T08:15:02+00:00,,207,,,471,,,165,207,321,,157,228,,,52,,,,,122,362,85,323,326,,94,,,,835,,1,,,,211,,,121,,,101,,,,,,,,,311,,,,25,25,4,,,163,,91,78,79,,,9,,,,,219,6,,166,199,,,,,,,,,,220,49,147,124,,105,466,20,,195,128,165,186,300,109,,,4,244,244,150,143,,41,613,124,,1,131,162,204,7,,,,,74,133,581,129,257,486,53,,377,,,,,,,,,,,,,,,,,,,,,,,,,,,,,,,,,,,,298,,551,261,39,,,,,508,327,230,,,1077,392,123,,160,,,281,354,121,61,,288,17,66,724,,,,,,,,5,,113,,,,,,,,,,34,,,,,,,,27,,,,,,,,20,59,,,,,,229,,,,,,,,,,,,,,,,,,51,,,,,,,,,,,,167,55,81,155,130,281,,343,32,,200,66,206,364,,211,340,,,134,348,32,,1003,,,,343,,118,,,,,,,,,,,58,34,25,2,,,,446,,,,,,,,255,,,,,,,,,,,,,,,,,,,,,,,,,81,7,92,41,101,50,3,365,278,,,160,69,17,118,,,,67,,131,125,,,,160,,4,125,267,,135,,46,235,266,,885,209,,102,166,144,,,,,,,,,,,,,,,,,,,,,,523,,126,,672,,172,213,349,,,,,,112,,,,,,37,,,184,102,112,125,,74,120,242,82,432,143,65,336,67,37,,,,,,,,,,,,,,,,,,,,,,,,,,,,,,,,,,,,,,,,,,,,,,,,,,,,307,130,,417,64,239,263,,540,135,239,298,,,,125,76,,,151,428,283,,,,,,,516,,,422,,189,,,,,
2026-08-24T08:20:02+00:00,103,,,,461,39,,152,201,320,,159,226,,,,,,,,117,,,,321,,96,,,58,824,,0,,244,,206,,,120,118,,102,,17,,,,,,,,,118,,24,,,,,161,,,76,,229,80,7,,113,,,218,,,167,198,308,77,273,107,,172,,,,216,43,134,118,,104,463,21,,,,156,185,296,100,94,,,243,225,149,,547,39,610,120,76,,130,159,,6,,,385,,73,,571,119,258,476,,,378,,,,,,231,,,,,,,,,,149,176,,,,,,,184,,,240,,438,,248,,114,,210,301,,,262,37,,,,332,498,326,229,,,,,,,,,,,,,57,,282,17,62,704,,,,,,,,0,,,,,,,,,,,,31,,,,,,,,28,,,,,,,,,49,,,,,,221,,,,,,,,,,,,,49,,,,,,,,,,,,,,,,174,163,57,82,152,127,274,,342,30,,188,63,202,358,217,204,337,,,,342,34,,1002,,,,,,117,,,,,,,,,,,61,29,26,,,,,447,,,,,317,,,256,,,,,,,,,,,,2,,,,,,,,,,,,188,82,,,38,100,49,0,,267,,25,,,18,119,,,,65,,117,117,,58,95,163,12,1,119,,34,131,7,,234,275,,874,210,,,164,140,,,,,,,,,,,,,,,,,,,,,,514,70,120,,665,,171,,329,283,335,,,155,109,,,,,,,,,181,101,108,,,67,118,,,419,140,56,326,68,36,,,,,,,,,,,,,,,,,,,,,,,,,,,,,,,,,,,,,,,,,,,,,,,,,,,,306,129,144,412,65,236,261,80,537,129,230,,,181,,124,74,68,,,,,,,,,,,,,,416,,185,,,,254,
2026-08-24T08:25:02+00:00,105,209,,,,35,,148,198,318,,,225,,,54,,,,,,359,82,324,317,,95,,,57,810,,,,,,201,,,,,,104,,,,,,,,,314,,117,,27,24,3,,,,19,,77,78,,,6,,112,,,216,8,,,202,,,,,,,,,,218,39,120,114,130,102,440,18,189,194,130,132,186,291,91,88,,1,235,201,,139,,37,590,119,77,,,157,202,15,,,,,,,,,,,,,,,,,,,,,,,,,,,,,,,,,,,,,,,,,,,,,,,,,300,,,260,36,,,,,486,322,220,,445,1073,384,124,208,,72,192,278,355,114,54,,279,17,55,678,,,,,,,,,,112,,,,,,,,,,30,,,,,,,,27,,,,,,,,,53,,,,,,218,,,65,123,,,,,,,,,,,,,,52,,,,,,,,,,,,157,52,80,151,120,266,,,,,185,56,199,352,216,,334,,,137,337,28,,1001,,,,,,115,,,,,,,,,,,58,,25,0,,,,446,,,,,,,,254,,,,,,,,,,,,,,,,,,,,,,,,183,80,6,,40,99,,1,363,,,,162,72,20,,,,4,,,,114,,59,96,160,,5,118,268,,,8,47,236,267,,861,205,,,,135,,,,,,,,,,,,,,,,,,,,,,509,69,,,662,,170,214,327,,,,,,,,,,,,35,,,182,,110,122,,,,240,,405,137,57,315,,33,,,,,,,,,,,,,,,,,,,,,,,,,,,,,,,,,,,,,,,,,,,,,,,,,,,,304,,,410,61,234,259,81,535,121,228,296,,180,,,72,67,,150,424,282,,,,,,,510,,,407,,182,45,,,248,
2026-08-24T08:30:01+00:00,100,,57,,449,33,,141,192,,,161,219,,,,,,,,118,362,,322,307,,,,,58,811,16,1,55,242,,197,,,122,120,,107,,16,,,,,,,315,,119,,28,,,,,160,,90,,,,,5,19,,,,,6,,163,200,306,67,253,,68,163,,187,,,,,,,,,,,,,,,,,,,,,,,,,,,,,,,,,,,,,,,,,,,,,,,,,,,,214,,,,,403,,,,,148,177,,,,,,,177,,,238,,430,,234,,,,207,299,,552,261,34,,,,330,476,319,209,,,,,,,,,,,,,53,,273,17,53,668,,,,,,,,,,113,,,,,,,,,,31,,,,,,,,26,,,,,,,,,51,,,,,,203,,,67,,,,,,,,,,50,,,,,,,,,,,,,,,,,,53,78,152,113,265,,341,29,,178,48,198,341,,201,335,,,133,329,30,,,,,,340,,114,,,,,,,,,,,57,33,26,1,,,,447,,,,,318,,,252,,,,,,,,,,,,,,,,,,,,,,,,181,78,5,91,35,,,0,362,255,,,159,73,18,110,,,3,66,,106,108,,,91,158,13,4,117,,,,6,,233,258,,847,193,,101,162,126,,,,,,,,,,,,,,,,,,,,,,,,116,,,,,,,,,,,,106,,,,,,,,,,,,,,59,123,,79,381,136,47,,67,36,64,112,379,21,93,153,45,226,230,267,337,221,,275,43,282,,161,250,,,,,,,,,,,,,,,,,,,,,,,,,,,,,,,,,303,130,143,406,59,233,251,,533,119,227,291,,179,,123,71,,,147,,280,,,,,,,508,,,395,,177,,,,,
2026-08-24T08:35:02+00:00,98,208,,,440,32,,136,185,,,162,212,,,57,,,,,117,359,79,320,303,,,,,,806,,0,54,,,194,,,123,,,102,,17,,,,,,,,,120,,29,25,,,,,18,85,76,,,,,18,113,,,,7,,162,,,,,,,,,,,,35,112,110,126,,435,,,,131,119,185,292,81,86,112,,,190,,138,548,,584,116,78,,,,,8,,,387,,,,,,,,,,,,,,,,,,,,,,,,,,,,,,,,,,,,,,,,,,,,,,300,,,258,32,,,,329,471,314,,,,1071,377,,205,,,,277,348,115,55,,271,17,43,650,,,,,,,,,,112,,,,,,,,,,,,,,,,,,20,,,,,,,,,58,,,,,,,,,66,,,,,,,,,,,,,,,,,,,,,,,,,,172,,55,,145,115,254,,338,26,,180,39,,339,215,,332,,,,321,26,,1000,,,,341,,112,,,,,,,,,,,59,34,25,2,,,,443,,,,,311,,,250,,,,,,,,,,,,,,,,,,,,,,,,178,,6,90,34,,,,358,253,,,161,70,24,109,,,,67,,,104,1,,93,157,16,9,116,269,,130,,46,234,250,,834,184,,97,159,123,,,,,,,,,,,,,,,,,,,,,,500,,111,,,,,,318,,,,,153,105,,,,,,,,,177,102,,121,,51,122,242,76,361,131,39,311,68,38,,,,,,,,,,,,,,,,,,,,,,,,,,,,,,,,,,,,,,,,,,,,,,,,,,,,304,,142,402,57,229,250,80,529,113,223,290,,,,,72,66,,146,420,278,,,,,,,506,,,390,,179,48,,,241,
2026-08-24T08:40:01+00:00,93,209,,,437,31,,133,186,315,,158,210,,,,,,,,,,76,314,296,,94,,,57,805,,,,241,,188,,,,,,106,,16,,,,,,,313,,,,34,,,,,,16,81,74,,,81,,,,,,217,,,,201,314,58,,106,71,159,,,,215,33,110,111,124,,430,15,,195,,98,184,,78,84,114,2,234,184,147,136,546,36,572,178,75,1,133,,198,12,,,,,77,122,559,100,254,476,55,,370,,,,,,212,,,,,401,,,,,143,174,,,,,,,171,,,237,,417,,230,,109,,205,299,,553,259,31,,,,328,464,310,206,,,,,,,,,,,,,,,264,17,37,631,,,,,,,,,,110,,,,,,,,,,30,,,,,,,,18,,,,,,,,19,61,,,,,,,,,67,,,,,,,,,,,,,,,,,,,,,,,,,,,154,,76,142,110,248,,337,,,171,33,197,,213,203,333,,,,,27,,998,,,,340,,111,,,,,,,,,,,60,33,26,0,,,,444,,,,,307,,,244,,,,,,,,,,,,1,,,,,,,,,,,,179,,,89,30,100,,,354,251,,,158,73,25,110,,,,,,102,106,0,,92,153,,,113,,,,8,,233,245,,816,181,,100,158,119,,,,,,,,,,,,,,,,,,,,,,491,,116,,664,,169,211,310,,,,,152,106,,,,,,32,,,,,108,,,36,120,243,71,346,,,310,67,42,,,,,,,,,,,,,,,,,,,,,,,,,,,,,,,,,,,,,,,,,,,,,,,,,,,,302,129,141,401,56,227,245,81,528,111,219,287,,,,120,73,64,,145,,279,,,,,,,,,,381,,175,47,,,,
2026-08-24T08:45:01+00:00,95,,,,427,30,,131,176,311,,155,208,,,59,,,,,115,,71,310,290,,,,,58,799,14,,,243,,186,,,,,,108,,15,,,,,,,,32,118,,33,,2,,,159,,75,,81,228,,4,17,,,,219,,,164,200,,,,,,,,,,212,36,95,100,119,,420,17,191,,130,85,183,291,75,80,,,228,169,148,135,,35,564,175,77,,131,154,190,1,,,384,,,,,,,,,,,,,,,,,,,,,,,,,,,,,,,,,,,,,,,,,,,,,,,,,,30,,,,329,454,309,207,260,448,1067,367,123,204,155,,194,279,345,103,50,,265,17,35,612,,,,,,,,,,,,,,,,,,,,,,,,,,,,,,,,,,,,17,62,,,,,,204,,,68,,,,,,,,,,,,,,,,,,,,,,,,,,,148,58,,141,107,240,,331,25,7,167,28,,332,211,200,328,,,132,322,26,,995,,,,339,,113,,,,,,,,,,,61,,25,1,,,,443,,,,,308,,,238,,,,,,,,,,,,2,,,,,,,,,,,,176,80,10,88,27,102,48,,351,244,,,157,75,23,111,,,4,,95,99,99,,,93,152,15,7,109,270,,,,,,,,,,,,,,,,,,,,,,,,,,,,,,,,,,,488,,118,,659,,,214,304,282,,,,,105,,,,,,31,,,178,101,107,119,,31,117,244,70,344,128,34,307,63,36,62,102,,14,89,147,44,,221,250,319,215,,267,41,266,,,240,,,,,,,,,,,,,,,,,,,,,,,,,,,,,,,,,301,130,,,57,218,240,79,527,106,217,289,,180,,119,72,60,,144,,,,,,,,,,,,373,,173,,,,231,
2026-08-24T08:50:02+00:00,92,,,,425,28,,123,178,,,151,203,,,58,,,,,112,358,76,302,285,,91,,,60,797,15,,50,,,184,,,122,,,109,,,,,,,,,315,,117,,29,,1,,,158,,78,73,,,80,2,16,112,,,217,,,,195,,53,246,107,72,154,,,,213,34,89,102,116,101,421,15,192,193,,71,,290,71,79,,,225,161,,,547,34,561,171,81,,129,155,193,,,,,,74,113,554,94,255,473,,,368,,,,,,206,,,,,399,,,,,137,173,,,,,,,174,,,231,,403,,219,,108,,198,298,,552,262,,,,,327,451,307,210,,,,,,,,,,,,,51,,259,17,,597,,,,,,,,,,,,,,,,,,,,,,,,,,,,,,,,,,,,15,68,,,,,,197,,,72,122,,,,,,,,,48,,,,,50,,,,,,,,,,,,145,,71,137,105,234,,326,23,,165,30,193,324,209,197,321,,,127,315,,,994,,,,337,,,,,,,,,,,,,62,34,,,,,,,,,,,310,,,233,,,,,,,,,,,,3,,,,,,,,,,,,174,78,,86,,101,50,2,344,242,,,154,77,24,110,,,,,,93,95,,58,,150,14,2,107,273,,131,,44,234,238,,814,172,,97,155,108,,,,,,,,,,,,,,,,,,,,,,483,70,116,,653,,,213,293,283,334,,,148,,,,,,,32,,,177,100,93,,,,114,241,66,315,126,25,314,61,26,,,,,,,,,,,,,,,,,,,,,,,,,,,,,,,,,,,,,,,,,,,,,,,,,,,,,131,142,391,56,213,236,78,521,99,215,288,,179,,,71,56,,141,417,278,,,,,,,,,,362,,172,45,,,225,
2026-08-24T08:55:01+00:00,91,205,,,423,29,,118,166,312,,149,196,,,,,,,,107,357,,289,279,,92,,,62,790,,,,244,,171,,,123,,,110,,16,,,,,,,,,120,,27,24,,,,156,,73,71,82,,,0,17,113,,,214,,,163,,,,,,,,,,,,,,,,,,,,,,,,,,,,,,,,,,,,,,,,,,,,,,,75,104,547,92,254,471,54,,369,,,,,,204,,,,,401,,,,,133,167,,,,,,,,,,,,,,,,,,,296,,,267,29,,,,,442,309,219,,,1057,368,124,203,152,,195,275,349,92,46,,251,17,33,583,,,,,,,,,,,,,,,,,,,,,,,,,,,,,,,,,,,,13,56,,,,,,185,,,71,121,,,,,,,,,,,,,,49,,,,,,,,,,,170,137,,70,129,107,229,,327,24,,157,31,192,312,208,,324,,,125,307,27,,,,,,330,,,,,,,,,,,,,,27,22,,,,,,,,,,,,,230,,,,,,,,,,,,4,,,,,,,,,,,,176,77,11,88,35,102,,1,342,231,,,150,78,20,111,,,,64,,79,93,,61,87,149,12,8,110,269,,,5,10,228,221,61,795,162,,94,153,111,,,,,,,,,,,,,,,,,,,,,,476,,117,,,,167,211,285,,,,,,104,,,,,,30,,,176,101,,118,,27,112,,64,294,120,26,308,62,22,,,,,,,,,,,,,,,,,,,,,,,,,,,,,,,,,,,,,,,,,,,,,,,,,,,,,132,141,387,57,209,232,74,520,95,211,,,,,,72,53,,,414,280,,,,,,,504,,,356,,173,46,,,218,
2026-08-24T09:00:02+00:00,89,206,,,417,25,,,162,313,,,192,,,59,,,,,109,,,283,271,,,,,,,,,48,243,,168,,,125,121,,,,,,,,,,,,33,119,,,,,,,,15,,66,,229,83,,15,112,,,211,,,165,196,313,59,237,110,68,147,,185,,,29,85,92,111,99,418,,,,132,66,,287,85,,,,227,155,,134,545,33,560,167,84,,126,154,,,,,382,,,,,,,,,,,,,,,,,,,,,,,,,,,,,,,,,,178,,,227,,390,,200,,103,,197,295,,554,265,27,,,,,439,310,222,,,,,,,,,,,,,43,,244,17,,569,,,,,,,,,,,,,,,,,,,,,,,,,,,,,,,,,,,,12,59,,,,,,186,,,,122,,,,,,,,,47,,,,,48,,,,,,,,,,,,130,56,,122,108,223,,328,20,,159,34,189,305,207,198,320,,,121,304,25,,995,,,,324,,111,,,,,,,,,,,61,23,24,,,,,442,,,,,308,,,221,,,,,,,,,,,,,,,,,,,,,,,,174,74,,84,33,100,49,0,337,221,,,149,77,21,,,,,63,,76,,,,89,148,,9,109,,35,129,4,,,,,,,,,,,,,,,,,,,,,,,,,,,,,,,,471,71,110,,649,,165,209,282,,,,,147,103,,,,,,26,,,178,99,90,114,,15,108,242,59,270,118,21,322,63,21,59,98,374,,86,144,39,,217,232,303,210,,246,39,244,,169,213,,,,,,,,,,,,,,,,,,,,,,,,,,,,,,,,,302,,,385,54,208,231,,518,94,208,282,,,,,,54,,142,409,279,,,,,,,498,,,341,,167,43,,,,
2026-08-24T09:05:01+00:00,88,,,,,19,,107,163,312,,140,188,,,,,,,,,359,78,,267,,90,,,63,785,16,,47,,,165,,,,,,111,,,,,,,,,,32,118,,30,21,,,,154,,75,62,,,81,,16,113,,,201,,,161,,,,,,,,,,,215,24,76,84,110,97,412,16,190,,131,60,182,285,74,78,,2,225,146,,133,544,31,559,164,82,,125,153,188,2,,,,,72,101,538,83,250,470,,,367,,,,,,194,,,,,399,,,,,132,165,,,,,,,,,,,,,,,,,,,,,,264,26,,,,322,430,309,226,262,450,1059,366,,201,151,71,196,271,345,91,,,243,17,32,567,,,,,,,,,,,,,,,,,,,,,,,,,,,,,,,,,,,,11,60,,,,,,188,,,72,123,,,,,,,,,48,,,,,47,,,,,,,,,,,171,175,,69,114,110,216,,323,18,,160,24,192,304,206,,313,,,120,297,27,,994,,,,325,,109,,,,,,,,,,,57,22,25,,,,,,,,,,305,,,223,,,,,,,,,,,,3,,,,,,,,,,,,,72,10,83,29,,,,335,219,,,150,75,23,110,,,,65,,69,94,,,87,,,6,,,,128,,,225,212,62,783,160,,97,152,106,,,,,,,,,,,,,,,,,,,,,,,,109,,,,,,270,284,333,,,150,101,,,,,,25,,,175,,83,,,7,107,241,57,256,116,20,316,,16,,,,,,,,,,,,,,,,,,,,,,,,,,,,,,,,,,,,,,,,,,,,,,,,,,,,,,139,384,55,202,225,,519,88,207,,,,,,69,,,,405,277,,,,,,,497,,,328,,,42,,,,
2026-08-24T09:10:01+00:00,87,208,,,410,18,,97,151,,,134,182,,,60,,,,,,361,79,277,263,,,,,,,,,,244,,163,,,123,,,112,,,,,,,,,,31,,,33,,,,,,,70,60,81,,,,,,,,202,,,,194,312,,232,103,61,142,,,,,,,,,,,,,,,,,,,,,,,,,,,,,,,,,,,,,,,,,,,,,,,,,,,,,,,,,,,,,,,,,,,,,,,,168,,,222,,394,,187,,95,,191,,,,260,29,,,,321,428,322,222,,,,,,,,,,,,,,,,17,,,,,,,,,,,,108,,,,,,,,,,31,,,,,,,,,,,,,,,,7,68,,,,,,190,,,75,,,,,,,,,,50,,,,,,,,,,,,,,,,,172,58,68,,103,210,,321,17,,166,27,193,302,203,196,315,,,117,300,28,,995,,,,321,,110,,,,,,,,,,,,18,26,2,,,,443,,,,,298,,,219,,,,,,,,,,,,2,,,,,,,,,,,,167,71,12,85,28,99,50,,331,221,,23,151,78,21,,,,,,96,64,88,,,89,149,10,1,108,270,34,129,,15,221,200,,757,141,,92,156,96,,,,,,,,,,,,,,,,,,,,,,467,69,106,,,,163,,262,,,,,152,100,,,,,,23,,,176,100,,,,,105,,58,238,110,23,313,62,19,,,,,,,,,,,,,,,,,,,,,,,,,,,,,,,,,,,,,,,,,,,,,,,,,,,,301,131,,377,52,196,,71,520,85,205,281,,176,,117,,,,139,404,276,,,,,,,493,,,319,,165,,,,194,
2026-08-24T09:15:02+00:00,,209,,,409,,,92,146,311,,,,,,,,,,,108,359,,266,258,,89,,,61,777,15,,45,245,,166,,,,120,,115,,,,,,,,,316,,,,32,24,,,,,14,69,58,,,,,17,116,,,204,,,157,191,,,,,,,,,,214,21,69,76,99,98,385,15,189,191,128,39,183,281,54,75,,1,222,137,149,136,,28,529,159,80,,130,,181,1,,,381,,71,97,534,80,248,467,53,,362,,,,,,191,,,,,,,,,,129,163,,,,,,,,,,219,,396,,186,,97,,190,296,,553,255,24,,,,322,411,320,221,,452,1051,361,125,203,,70,195,,348,89,,,,17,,,,,,,,,,,,,,,,,,,,,,,,,,,,,,,,,,,,,,4,74,,,,,,192,,,76,,,,,,,,,,,,,,,48,,,,,,,,,,,170,173,57,64,,101,211,,323,20,,163,32,197,293,,,314,,,119,301,27,,997,,,,324,,109,,,,,,,,,,,60,20,25,,,,,442,,,,,290,,,217,,,,,,,,,,,,,,,,,,,,,,,,171,70,11,,32,,49,,330,219,,,153,,17,106,,,5,64,95,58,85,,60,90,152,8,5,107,275,35,,6,,,,,,,,,,,,,,,,,,,,,,,,,,,,,,,,460,70,104,,652,,166,,251,282,332,,,151,,,,,,,24,,,,101,81,112,,,102,243,57,232,106,16,308,59,21,62,94,372,10,79,141,35,232,211,212,289,208,,228,34,241,,,199,,,,,,,,,,,,,,,,,,,,,,,,,,,,,,,,,300,130,138,375,53,197,219,70,518,82,,277,,177,,,,,,137,402,,,,,,,,491,,,308,,,40,,,,
2026-08-24T09:20:02+00:00,85,206,,147,416,17,,90,145,306,,130,177,,,61,,,,,109,360,,260,255,,88,,,66,770,,,44,,,161,,,122,,,117,,,,,,,,,314,,,,35,,,,,157,13,70,57,82,,80,,,117,,,201,8,,156,,315,56,231,108,,146,,,,,,,,,,,,,,,,,,,,,,,,,,,,,,,,,,,,,,,,70,96,527,89,246,,54,,357,,,,,,,,,,,,,,,,,,,,,,,,,,,,,,,,,,,,297,,551,259,22,,,,324,407,314,216,,,,,,,,,,,,,,,,17,,,,,,,,,,,,,,,,,,,,,,,,,,,,,,,,,,,,,,3,68,,,,,,197,,,,,,,,,,,,,51,,,,,,,,,,,,,,,,172,167,60,60,,,209,,325,17,,158,34,201,290,202,194,309,86,,120,293,30,,996,,,,320,,108,,,,,,,,,,,56,18,24,3,,,,444,,,,,289,,,216,,,,,,,,,,,,3,,,,,,,,,,,,167,71,12,,26,,50,,329,,,24,151,77,19,107,,,,63,,61,83,,61,,156,7,8,108,,,,8,7,224,195,63,749,133,,89,155,87,,,,,,,,,,,,,,,,,,,,,,449,69,100,,650,,163,208,238,,,,,147,102,,,,,,23,,,172,99,72,,,,96,242,56,214,105,14,303,,15,,,,,,,,,,,,,,,,,,,,,,,,,,,,,,,,,,,,,,,,,,,,,,,,,,,,297,,139,367,50,193,217,,,81,203,276,,176,,116,71,,,138,396,275,,,,,,,489,118,,305,,167,41,,,180,
2026-08-24T09:25:02+00:00,86,,,146,414,20,,87,144,303,,125,181,,,60,,,,,,358,76,255,252,,,,,67,766,14,,,244,,156,,,120,,,,,,,,,,,,313,,119,,36,23,,,,,12,67,52,,228,,,18,,,,199,,,155,,316,57,226,99,63,149,,184,,213,,64,75,,,379,,188,192,130,37,,283,46,74,,,219,133,,,543,29,525,162,84,1,,156,178,585,,,380,,,,,,,,,,,,,,,,186,,,,,400,,,,,128,,,,,,,,,,,211,,397,,181,,101,,184,296,,549,255,24,,,,,400,311,213,265,454,1048,357,,205,148,,194,272,352,79,,,,17,,,,,,,,,,,,,,,,,,,,,,,,,,,,,,,,,,,,,,,70,,,,,,195,,,75,,,,,,,,,,50,,,,,,,,,,,,,,,,173,160,56,62,111,106,202,,321,14,,154,32,,286,201,196,304,87,,119,,31,,995,,,,318,,107,,,,,,,,,,,58,22,22,4,,,,446,,,,,283,,,213,,,,,,,,,,,,4,,,,,,,,,,,,170,70,14,84,23,98,,2,327,218,,,150,76,23,109,,,6,64,,56,84,,62,93,152,,,110,276,,125,6,12,223,190,,744,132,,87,157,88,,,,,,,,,,,,,,,,,,,,,,436,70,99,,646,,162,206,234,281,331,,,149,101,,,,,,26,,,173,98,69,114,,,92,241,55,209,102,11,297,60,16,,,,,,,,,,,,,,,,,,,,,,,,,,,,,,,,,,,,,,,,,,,,,,,,,,,,296,131,,364,49,187,214,69,515,77,208,275,38,175,,117,70,52,,135,395,272,,,,,,,488,,,300,,166,43,,,,
2026-08-24T09:30:02+00:00,81,,56,,407,22,,81,,302,,126,177,,,,,,,,106,357,73,246,238,,87,,,65,761,15,,43,242,,152,,,117,,,,,15,,,,,,,314,30,,,,22,,,,,,62,51,83,,,,,118,,,201,7,,,188,,,,,,,,,,,,,,,,,,,,,,,,,,,,,,,,,,,,,,,,,,,,,,69,95,523,81,245,468,53,,354,,,,,,,,,,,,,,,,,,,,,,,,,,,,,,,,,,,,298,,,257,25,,,,326,404,312,,,,,,,,,,,,,,,,,17,,,,,,,,,,,,,,,,,,,,,,,,,,,,,,,,,,,,,,,,,,,,,197,,,74,124,,,,,,,,,51,,,,,46,,,,,69,,,,,,172,162,54,63,113,,200,,322,15,6,151,33,200,288,199,194,302,,,118,,21,,993,,,,313,,,,,,,,,,,,,57,,23,,,,,444,,,,,279,,,212,,,,,,,,,,,,3,,,,,,,,,,,,168,,,,26,97,,,320,212,,23,149,81,22,110,,,,66,,57,,,,97,154,,7,109,274,,127,9,10,221,195,,728,120,,85,161,89,,,,,,,,,,,,,,,,,,,,,,,,,,,,,,,,,,,,,,,,,,,,,,,,,,,,,,201,103,12,293,,13,60,91,370,12,75,140,31,222,207,,277,210,,223,33,232,,166,183,,,,,,,,,,,,,,,,,,,,,,,,,,,,,,,,,,132,,359,48,180,210,67,513,71,203,,39,174,,,67,51,,,396,271,,,,,,,485,119,,297,,165,40,,,169,
2026-08-24T09:35:01+00:00,78,204,57,,405,,,82,138,299,,128,,,,58,,,,,,358,,243,231,,86,,,68,759,,,,,,149,,,115,,,,,,,,,,,,315,31,120,,32,23,,,,156,11,64,49,,,,,,,,,,8,,148,,317,59,227,95,66,148,,185,,214,15,63,68,95,101,367,16,189,193,131,21,181,285,36,,,,212,119,150,135,542,,516,161,86,,125,155,163,602,,,382,,,,,,,,,,,,,,,,180,,,,,401,,,,,,158,,,,,,,161,,,209,,403,,191,,102,,181,301,,,,22,,,,327,391,311,201,,,1051,368,124,201,150,69,192,269,349,84,,,,17,,,,,,,,,,,,,,,,,,,,,,,,,,,,,,,,,,,,,,,,,,,,,200,,,70,,,,,,,,,,52,,,,,47,,,,,,,,,,,174,157,58,66,117,103,192,,319,,,148,26,201,294,,189,304,88,,,292,26,,,,,,310,,106,,,,,,,,,,,56,28,25,3,,,,442,,,,,274,,,208,,,,,,,,,,,,2,,,,,,,,,,,,165,71,,,,,,,319,209,10,24,151,,23,,,,,65,,,81,,,98,,5,9,108,276,,129,8,12,224,194,,722,,,84,,83,,,,,,,,,,,,,,,,,,,,,,429,,98,,642,,,205,224,283,330,,,151,99,,,,,,22,,,174,,64,110,,,88,239,48,183,105,,305,,10,,,,,,,,,,,,,,,,,,,,,,,,,,,,,,,,,,,,,,,,,,,,,,,,,,,,,,140,355,47,178,208,68,,72,200,277,40,173,,,66,52,,137,397,269,,,,,,,,,,293,,162,37,,,165,
2026-08-24T09:40:02+00:00,,205,,,398,23,,83,142,300,,122,176,,,,,,,,102,355,70,241,229,,,,,63,761,16,,44,240,,145,,,,118,,,,14,,,,,,,314,29,119,,31,,,,,157,,60,47,,,83,,,,,,202,9,,,,,,,,,,,,,,11,60,64,94,100,355,15,187,194,133,12,182,282,25,,,,205,114,151,,541,30,514,156,85,,134,156,164,620,,,380,,77,,515,73,237,467,,,355,,,,,,,,,,,,,,,,,,,,,,,,165,,,203,,399,,181,,100,,176,300,,,,23,,,,326,390,307,194,,452,1053,377,123,195,147,,191,266,,81,,,,17,,,,,,,,,,,,,,,,,,,,,,,,,,,,,,,,,,,,,,2,71,,,,,,,,,66,123,,,,,,,,,,,,,,46,,,,,,,,,,,,152,56,67,120,105,185,,,13,,159,23,200,293,,,307,87,,115,287,22,,,,,,305,,105,,,,,,,,,,,55,27,23,1,,,,,,,,,266,,,201,,,,,,,,,,,,1,,,,,,,,,,,,171,,,86,28,,49,1,,200,9,,148,83,24,112,,,4,,96,50,80,1,63,,157,6,10,109,275,36,128,9,9,223,183,64,719,116,,86,162,85,,,,,,,,,,,,,,,,,,,,,,424,71,96,,633,,163,203,222,282,333,,,150,100,,,,,,26,,,173,100,58,108,,,,,,185,102,,304,59,8,,,,,,,,,,,,,,,,,,,,,,,,,,,,,,,,,,,,,,,,,,,,,,,,,,,,,,139,353,45,173,197,,510,66,198,280,37,,,118,68,49,,134,398,,,,,,,,482,,,289,,164,36,,,162,
2026-08-24T09:45:01+00:00,74,206,,,399,27,,84,141,298,,117,179,,,,,,,,,,75,239,224,,,,,62,755,,,43,,,,,,116,116,,,,,,,,,,,315,28,,,30,,,,,156,,56,50,82,227,,,,120,,,198,10,,,186,,56,226,98,67,149,,187,,212,5,58,62,,97,353,14,,,134,4,181,,17,,,,203,110,150,,539,31,507,155,,,133,157,167,622,,,381,,,,,,,,,,,,,,,,178,,,,,,,,,,129,160,,,,,,,,,,,,,,,,,,,,,,256,28,,,,,385,302,196,,,1050,375,,197,146,,,265,352,79,,,,17,,,,,,,,,,,,,,,,,,,,,,,,,,,,,,,,,,,,,,1,,,,,,,203,,,0,,,,,,,,,,51,,,,,0,,,,,,,,,,,,,59,68,122,98,182,,320,,,164,24,,285,,190,309,,,117,285,20,,,,,,304,,104,,,,,,,,,,,52,30,22,2,,,,,,,,,264,,,198,,,,,,,,,,,,,,,,,,,,,,,,172,73,,87,26,,,,317,199,,,151,81,27,113,,,,66,,58,76,0,62,100,,,11,111,271,,,,4,222,177,,709,118,,88,163,82,,,,,,,,,,,,,,,,,,,,,,,,,,,,,,,,,,,,,,,,,,,,,,,,,,,,,43,182,99,15,294,60,15,,,,,,,,,,,,,,,,,,,,,,,,,,,,,,,,,,,,,,,,,,,,,,,,,,,,295,131,138,350,44,165,199,70,511,62,192,,36,,,,,48,,135,399,,,,,,,,476,,,284,,168,37,,,158,
2026-08-24T09:50:01+00:00,,,,,394,24,,83,,297,,115,174,,,,,,,,,,80,236,214,,,,,,751,,1,42,,,143,,,,118,,,,,,,,,,,314,,,,31,21,2,,,157,10,52,49,,,,,,,,,,,,146,187,,,,,,,,,,,,,,,,,,,,,,,,,,,,,,,,,,,,,,,,,,,,,,76,89,514,68,240,472,,,352,,,,,,,,,,,,,,,,,,,,,,,,164,,,198,,403,,178,,106,,171,299,,550,261,,,,,327,,295,201,,,,,,,,,,,,,,,,17,,,,,,,,,,,,,,,,,,,,,,,,,,,,,,,,,,,,,,,81,,,,,,204,,,67,,,,,,,,,,52,,,,,45,,,,,70,,,,,,,145,55,70,121,,180,,322,,,166,25,,291,200,191,308,88,,113,287,24,,,,,,302,,106,,,,,,,,,,,10,29,3,11,,,,,,,,,259,,,193,,,,,,,,,,,,2,,,,,,,,,,,,169,,,90,27,98,50,5,,198,,25,157,80,31,111,,,,65,94,62,74,,,99,,7,17,109,,35,129,10,,,,62,,,,,,,,,,,,,,,,,,,,,,,,,,,,423,70,94,,628,,,202,208,280,,,,,,,,,,,29,,,175,98,51,105,,,86,237,35,175,100,8,298,61,18,58,92,371,,71,133,30,216,206,207,267,,,,35,229,,168,182,,,,,,,,,,,,,,,,,,,,,,,,,,,,,,,,,294,130,137,348,42,162,202,,512,61,195,,,172,,117,67,47,,132,403,268,,,,,,,472,,,283,,167,35,,,,
2026-08-24T09:55:01+00:00,69,208,,,385,26,,78,136,296,,118,175,,,60,,,,,103,354,82,229,207,,87,,,,745,17,0,41,,,142,,,114,116,,116,,,,,,,,,315,29,118,,32,,,,,158,,53,47,,,79,,17,,,,194,,,145,189,316,43,219,92,69,145,,,,213,8,,64,89,100,352,15,189,,137,,180,281,24,73,,1,202,113,,134,537,29,503,153,,,,156,165,623,,,,,,,,,,,,,,,,,,,169,,,,,,,,,,128,157,,,,,,,,,,,,,,,,,,,303,,551,264,29,,,,326,391,,198,266,454,1056,368,,198,150,67,189,266,347,74,,,,17,,,,,,,,,,,,,,,,,,,,,,,,,,,,,,,,,,,,,,,66,,,,,,217,,,65,125,,,,,,,,,,,,,,44,,,,,,,,,,,176,153,,73,,102,179,,331,8,,,17,197,285,201,188,301,,,114,284,,,996,,,,300,,108,,,,,,,,,,,6,31,4,7,,,,,,,,,,,,188,,,,,,,,,,,,,,,,,,,,,,,,172,,13,92,31,102,,,318,193,10,24,158,82,32,,,,3,66,,61,72,,59,103,155,,24,108,273,,,12,34,224,175,61,691,113,,,,83,,,,,,,,,,,,,,,,,,,,,,421,68,95,,,,161,203,211,,332,,,,102,,,,,,,,,174,97,,104,,,,238,34,176,98,9,302,,16,,,,,,,,,,,,,,,,,,,,,,,,,,,,,,,,,,,,,,,,,,,,,,,,,,,,295,131,135,343,41,159,194,71,510,53,197,281,,,,114,,46,,134,,267,,,,,,,473,,,275,,173,37,,,,
2026-08-24T10:00:01+00:00,67,209,,,,27,,75,131,292,,121,,,,,,,,,100,357,84,228,203,,,,,59,,18,,39,241,,143,,,115,,,115,,,,,,,,,316,28,117,,,20,,,,159,11,51,,,,80,,,,,,190,,,144,193,315,48,209,,68,141,,188,,,,,,,,,,,,,,,,,,,,,,,,,,,,,,,,,,,,,,68,87,,71,,470,54,,350,,,,,,,,,,,,,,,,,,,,,,,,166,,,197,,409,,193,,103,,170,,,550,261,30,,,,327,388,293,196,,,,,,,,,,,,,,,,17,,,,,,,,,,,,,,,,,,,,,,,,,,,,,,,,,,,,,,0,67,,,,,,216,,,66,,,,,,,,,,,,,,,42,,,,,,,,,,,178,149,51,74,127,108,177,,329,11,,158,14,,283,204,189,302,,,113,282,22,,997,,,,295,,105,,,,,,,,,,,,29,5,5,,,,444,,,,,254,,,182,,,,,,,,,,,,1,,,,,,,,,,,,,,,91,30,,,11,319,198,,,156,85,33,,,,,65,,64,73,,60,102,154,,26,107,,,,,38,225,164,,685,102,,87,167,88,,,,,,,,,,,,,,,,,,,,,,416,66,91,,627,,164,199,202,278,333,,,,103,,,,,,28,,,172,98,55,101,,,87,240,35,,97,5,310,63,20,,,,,,,,,,,,,,,,,,,,,,,,,,,,,,,,,,,,,,,,,,,,,,,,,,,,293,,,340,,153,186,,508,,195,,35,170,,116,65,44,,130,,,,,,,,,,,,272,,171,,,,,
2026-08-24T10:05:01+00:00,61,212,,,383,35,,,130,293,,,177,,,,,,,,96,354,86,222,199,,86,,,62,747,,,40,243,,144,,,112,114,,114,,11,,,,,,,317,27,,,30,19,,,,,,,50,,,79,,,,,,,9,,143,192,313,45,,98,,151,,,,212,18,56,74,85,102,342,17,,195,138,,,283,15,,,,195,95,152,133,538,28,495,148,86,1,131,155,157,650,,,383,,67,91,517,,238,468,,,349,,,,,,162,,,,,399,,,,,120,154,,,,,,,,,,,,,,,,,,,304,,,258,31,,,,325,389,297,193,,452,1061,397,,197,169,,208,289,372,95,,,,17,,,,,,,,,,,,,,,,,,,,,,,,,,,,,,,,,,,,,,,61,,,,,,229,,,69,,,,,,,,,,,,,,,43,,,,,,,,,,,181,142,53,73,125,115,176,,343,,,304,13,195,286,,188,,,,110,275,,,,,,,294,,106,,,,,,,,,,,3,31,6,3,,,,445,,,,,247,,,176,,,,,,,,,,,,,,,,,,,,,,,,173,76,,,29,,,10,314,196,,,159,89,34,112,,,,,95,62,71,,,100,151,6,31,,,,130,11,39,226,156,,678,94,,84,,90,,,,,,,,,,,,,,,,,,,,,,411,64,94,,626,,162,198,201,281,,,,,102,,,,,,27,,,170,99,58,102,,,85,242,34,183,89,9,308,64,14,62,90,375,18,66,127,,213,203,203,266,207,,222,31,216,,166,178,,,,,,,,,,,,,,,,,,,,,,,,,,,,,,,,,,,133,334,42,143,189,70,509,52,191,282,36,169,,,66,,,126,405,,,,,,,,469,118,,270,,168,35,,,,
2026-08-24T10:10:01+00:00,60,215,56,147,381,,,69,127,291,,124,184,,,59,,,,,95,353,,216,191,,82,,,64,736,,,35,242,,145,,,,113,,,,15,,,,,,,318,,118,,32,21,1,,,,,50,48,,,77,,,,,,188,8,,141,,,,,,,,,,,,11,49,81,81,98,338,15,188,196,141,2,179,287,1,,,3,194,83,,132,536,26,487,145,87,,,,150,654,,,,,,,,,,,,,,,,,,,155,,,,,398,,,,,116,,,,,,,,163,,,,,414,,,,106,,171,300,,549,259,30,,,,326,382,293,190,,,,,,,,,,,,,,,,17,,,,,,,,,,,,,,,,,,,,,,,,,,,,,,,,,,,,,,,58,,,,,,240,,,,126,,,,,,,,,54,,,,,,,,,,,,,,,,182,141,54,76,131,111,172,,340,12,5,308,,201,284,,191,301,87,,113,276,31,,998,,,,291,,,,,,,,,,,,,5,29,4,4,,,,444,,,,,238,,,173,,,,,,,,,,,,0,,,,,,,,,,,,176,74,,,30,105,,18,309,207,,25,162,90,35,114,,,,66,96,71,,,63,104,148,9,32,109,,36,,13,41,229,142,,680,91,,85,169,87,,,,,,,,,,,,,,,,,,,,,,408,63,95,,624,,,195,197,282,,,,,103,,,,,,26,,,166,95,,100,,,86,,,182,,8,315,67,11,,,,,,,,,,,,,,,,,,,,,,,,,,,,,,,,,,,,,,,,,,,,,,,,,,,,290,132,134,331,,132,183,68,,44,181,281,35,168,,114,67,43,,120,403,265,,,,,,,468,117,,265,,171,36,,,124,
2026-08-24T10:15:01+00:00,63,216,,,375,,,71,124,290,,129,186,,,,,,,,96,354,83,213,194,,,,,61,731,,,34,241,,147,,,,115,,,,,,,,,,,317,,,,31,22,,,,158,12,47,46,,226,,,,121,,,190,,,142,193,306,39,,97,72,153,,,,,9,45,78,,99,335,16,189,197,140,5,,,2,74,,,195,68,,133,,24,,141,,1,,156,153,660,,,,,71,94,516,69,236,473,55,,348,,,,,,,,,,,,,,,,,,,,,,,,,,,,,,,,,,,,301,,550,260,,,,,325,372,291,194,,,1065,404,121,202,167,66,209,291,376,100,,,,17,,,,,,,,,,,,,,,,,,,,,,,,,,,,,,,,,,,,,,,59,,,,,,243,,,,125,,,,,,,,,56,,,,,44,,,,,,,,,,,184,145,56,,130,125,174,,338,15,,299,23,202,289,,194,296,,,,275,28,,999,,,,289,,107,,,,,,,,,,,8,30,6,,,,,443,,,,,235,,,170,,,,,,,,,,,,2,,,,,,,,,,,,174,,12,90,31,,51,,311,210,,,164,91,36,116,,,,67,95,74,73,1,62,108,147,12,29,111,272,,132,15,40,232,143,60,671,90,,86,170,81,,,,,,,,,,,,,,,,,,,,,,,,,,625,,,194,204,280,,,,,104,,,,,,28,,,,94,61,101,,,,241,35,185,86,10,313,,6,,,,,,,,,,,,,,,,,,,,,,,,,,,,,,,,,,,,,,,,,,,,,,,,,,,,,133,133,332,43,130,180,70,507,40,177,280,38,164,,113,66,42,,117,404,,,,,,,,464,,,272,,169,37,,,,
2026-08-24T10:20:02+00:00,64,218,,146,377,,,68,123,294,,127,,,,,,,,,,356,85,203,191,,81,,,,733,19,3,39,243,,149,,,,116,,,,,,,,,,,,25,,,32,,0,,,,,44,47,83,,,,15,122,,,193,7,,141,191,,,,,,,,,,,,,,,,,,,,,,,,,,,,,,,,,,,,,,,,,,,,,,73,100,515,67,235,475,,,349,,,,,,149,,,,,,,,,,,,,,,,,,158,,,193,,406,,187,,103,,172,302,,548,262,31,,,,,365,287,,,,,,,,,,,,,,,,,17,,,,,,,,,,,,,,,,,,,,,,,,,,,,,,,,,,,,,,,49,,,,,,,,,71,,,,,,,,,,,,,,,,,,,,,,,,,,186,149,52,77,131,127,,,340,17,,309,17,205,291,206,195,287,85,,117,274,27,,1001,,,,284,,,,,,,,,,,,,14,,4,,,,,442,,,,,236,,,163,,,,,,,,,,,,1,,,,,,,,,,,,177,73,8,91,29,108,,25,309,212,,,165,93,37,119,,,4,69,,73,74,2,61,112,,13,31,113,270,,,,38,231,142,,667,91,,82,166,79,,,,,,,,,,,,,,,,,,,,,,394,62,92,,,,159,,209,277,335,,,,105,,,,,,,,,167,,57,,11,,91,238,33,177,87,12,306,,7,,94,372,20,65,124,32,223,195,201,253,206,,216,25,211,,163,174,,,,,,,,,,,,,,,,,,,,,,,,,,,,,,,,,288,128,132,323,45,125,176,68,506,,176,,37,163,,111,65,43,,113,405,266,,,,,,,458,,,251,,174,,,,123,
2026-08-24T10:25:01+00:00,69,217,,,380,31,,71,124,290,,124,190,,,60,,,,,94,,90,200,188,,,,,62,735,,0,37,241,,148,,,113,,,113,,,,,,,,,318,27,,,,,,,,159,,41,,,228,75,,,121,,,188,6,,,189,311,41,214,105,,157,,,,213,14,40,82,80,,326,,,195,141,6,,288,,,,2,196,66,,,535,,485,142,88,,,,155,663,,,,,,,,,,,,,,,,,,,,,,,,,,,,,,,,,,,,,160,,,189,,403,,199,,108,,176,303,,,265,33,,,,324,366,293,189,,450,1063,410,,,166,65,,292,373,105,,,,17,,,,,,,,,,,,,,,,,,,,,,,,,,,,,,,,,,,,,,,52,,,,,,246,,,74,126,,,,,,,,,57,,,,,46,,,,,,,,,,,190,158,53,83,132,128,173,,334,16,7,308,20,203,295,208,197,,,,122,279,28,,,,,,285,,106,,,,,,,,,,,,,3,5,,,,440,,,,,231,,,158,,,,,,,,,,,,2,,,,,,,,,,,,247,,10,92,25,107,,30,310,213,,,167,98,38,121,,,,,,67,,,60,111,150,14,,114,269,,134,17,,,135,,664,89,,85,168,74,,,,,,,,,,,,,,,,,,,,,,,,,,,,,,,,,,,,,,,,,,,,,,,,,,,,,35,167,86,10,,,10,,,,,,,,,,,,,,,,,,,,,,,,,,,,,,,,,,,,,,,,,,,,,,,,,,,,287,127,110,321,,121,177,66,504,41,173,,,160,,114,64,42,,114,407,265,,,,,,,455,116,,243,,172,36,,,,
2026-08-24T10:30:01+00:00,71,,,,384,34,,72,118,287,,133,187,,,59,,,,,99,355,92,203,186,,,,,61,727,,,34,239,,,,,114,113,,,,,,,,,,,320,,,,30,24,,,,156,,38,48,,,77,,14,,,,185,,,142,188,,,,,,,,,,,,,,,,,,,,,,,,,,,,,,,,,,,,,,,,,,,,,,79,105,517,76,237,466,,,350,,,,,,136,,,,,,,,,,,153,,,,,,,,,,,,,,,,,,,,,549,272,34,,,,322,365,297,195,,451,1060,413,122,201,167,,208,291,376,106,,,,17,,,,,,,,,,,,,,,,,,,,,,,,,,,,,,,,,,,,,,,58,,,,,,,,,73,123,,,,,,,,,53,,,,,,,,,,,,,,,,192,161,55,86,,127,169,,338,19,,,25,208,288,209,198,,,,123,276,30,,999,,,,276,,,,,,,,,,,,,,27,4,4,,,,,,,,,225,,,157,,,,,,,,,,,,,,,,,,,,,,,,246,75,11,91,,105,,29,,209,,,,,,,,,,68,,69,73,1,61,113,145,13,32,116,266,,,,,,,,,,,,,,,,,,,,,,,,,,,,,,,,,,,397,,91,,624,,,,203,276,334,,,,,,,,,,29,,,166,,56,99,,17,88,241,32,156,89,11,315,66,7,,,,,,,,,,,,,,,,,,,,,,,,,,,,,,,,,,,,,,,,,,,,,,,,,,,,,126,109,,42,113,,65,,42,169,277,,159,,113,65,40,,,,266,,,,,,,452,117,,239,,168,37,,,,
2026-08-24T10:35:01+00:00,72,220,,,389,33,,64,122,,,134,188,,,61,,,,,,357,,196,185,,80,,,57,722,,,32,237,,147,,,,,,,,,,,,,,,322,,,,27,25,1,,,,13,,46,,,,,,,,,187,,,,185,308,43,219,97,77,155,,,,,15,26,80,,,321,14,188,197,,,180,286,16,75,,,197,47,153,,533,20,478,143,89,,129,160,152,678,,,384,,78,106,521,74,,,,,,,,,,,,,,,,,,,,,,,,,,,,,159,,,,,,,197,,,,178,301,,550,274,35,,,,323,364,298,193,,452,1062,,,,,,,,377,108,,,,17,,,,,,,,,,,,98,,,,,,,,,,39,,,,,,,,14,,,,,,,,,53,,,,,,244,,,72,122,,,,,,,,,54,,,,,,,,,,,,,,,,198,164,62,89,134,133,177,,344,16,,306,22,211,284,,199,,,,,280,34,,1000,,,,281,,,,,,,,,,,,,,28,6,5,,,,441,,,,,223,,,149,,,,,,,,,,,,,,,,,,,,,,,,242,,,,33,101,,22,314,216,,24,169,101,39,122,,,,69,94,72,72,,55,120,143,12,38,121,264,,,19,37,232,127,59,,90,,82,169,73,,,,,,,,,,,,,,,,,,,,,,390,63,,,623,,158,196,196,,,,,,102,,,,,,28,,,,93,58,,,20,87,242,29,130,88,13,302,,9,63,,369,26,59,114,31,226,194,199,241,207,,,19,,,167,162,,,,,,,,,,,,,,,,,,,,,,,,,,,,,,,,,289,128,108,318,40,108,180,64,501,41,164,,,156,,,63,37,,112,408,267,,,,,,,446,,,233,,163,40,,,111,
2026-08-24T10:40:01+00:00,,221,,,386,35,,59,126,288,,136,,,,,,,,,98,,91,193,190,,79,,,,720,,,34,239,,,,,,,,,,,,,,,,,324,,,,30,24,,,,155,14,37,43,82,,,,13,120,,,,4,,144,190,,,,,,,,,,,,,,,,,,,,,,,,,,,,,,,,,,,,,,,,,,,,,,,,,,,,,,,,,,,,137,,,,,400,,,,,117,,,,,,,,,,,,,,,,,,,,300,,,272,33,,,,325,371,301,192,,,,,,,,,,,,,,,,17,,,,,,,,,,,,97,,,,,,,,,,,,,,,,,,16,,,,,,,,,60,,,,,,248,,,73,123,,,,,,,,,55,,,,,,,,,,,,,,,,,167,69,91,136,,,,355,,,308,26,214,287,210,201,,87,,126,,31,,1003,,,,280,,105,,,,,,,,,,,13,32,4,3,,,,440,,,,,224,,,147,,,,,,,,,,,,4,,,,,,,,,,,,237,,,92,37,,,25,317,212,,25,166,102,,123,,,,,95,,74,2,51,121,144,11,40,125,261,,136,,,235,130,58,668,82,,,168,,,,,,,,,,,,,,,,,,,,,,,,62,,,,,,200,190,,333,,,,100,,,,,,26,,,165,92,55,101,,21,89,,,,82,11,308,62,,,,,,,,,,,,,,,,,,,,,,,,,,,,,,,,,,,,,,,,,,,,,,,,,,,,,287,,109,320,37,,176,65,498,40,161,278,,157,,,60,,,,412,,,,,,,,442,,,235,,160,39,,,104,
2026-08-24T10:45:02+00:00,71,220,,,384,37,,57,130,292,,140,190,,,63,,,,,99,362,90,197,193,,80,,,56,718,20,,33,235,,150,,2,115,109,,112,,,,,,,,,323,29,,,29,25,3,,,,,33,44,,,,,,,,,188,6,,,187,306,,225,,72,157,,,,214,19,12,72,78,101,239,12,,199,142,,178,284,11,74,112,1,196,29,,134,,19,465,147,,21,133,164,155,702,,,388,,80,112,522,71,234,,56,,345,,,,,,,,,,,,,,,,,,,,,,,,164,,,,,402,,196,,103,,188,301,,551,274,,,,,324,,300,200,265,450,1058,414,123,202,168,,209,293,376,105,,,,17,,,,,,,,,,,,93,,,,,,,,,,40,,,,,,,,,,,,,,,,,59,,,,,,250,,,71,,,,,,,,,,,,,,,,,,,,,,,,,,,,73,93,134,132,173,,353,17,,315,35,213,293,211,202,290,,,122,284,32,,999,,,,272,,104,,,,,,,,,,,15,31,6,0,,,,441,,,,,215,,,140,,,,,,,,,,,,2,,,,,,,,,,,,240,,,91,40,,52,21,318,216,,,172,103,,128,,,3,,,71,76,3,49,122,,12,43,128,253,,137,18,39,,127,,665,79,,83,166,71,,,,,,,,,,,,,,,,,,,,,,391,63,92,,,,159,202,,278,331,,,,102,,,,,,24,,,164,91,53,102,,23,93,243,,125,78,13,,61,8,,,,,,,,,,,,,,,,,,,,,,,,,,,,,,,,,,,,,,,,,,,,,,,,,,,,286,129,,315,38,111,,,,41,160,277,36,155,,114,56,38,,110,414,263,,,,,,,437,,,232,,,,,,100,
2026-08-24T10:50:01+00:00,72,223,,,387,33,,64,134,291,,136,,,,62,,,,,97,360,89,193,188,,,,,54,706,,,32,232,,148,,,,,,,,14,,,,,,,,,119,,30,26,,,,,,36,43,,,,,12,,,,,7,,141,184,,,,,,,,,,213,18,7,71,75,104,241,10,,200,141,,,287,10,,,,191,23,,135,,,462,145,,22,130,163,,696,23,,387,,,,,,,,,,,,,,,,133,,,,,399,,,,,123,155,,,,,,,165,,,190,,399,,197,,,,190,302,,552,270,31,,,,,368,301,196,,,,,,,,,,,,,,,,17,,,,,,,,,,,,87,,,,,,,,,,41,,,,,,,,15,,,,,,,,,58,,,,,,253,,,73,124,,,,,,,,,56,,,,,,,,,,,,,,,,,,74,91,135,136,169,,354,19,,,39,214,295,213,,294,,,121,281,,,997,,,,271,,106,,,,,,,,,,,,,4,,,,,,,,,,212,,,133,,,,,,,,,,,,3,,,,,,,,,,,,238,73,12,90,41,102,50,22,316,219,11,23,173,105,,129,,,4,67,,75,70,5,50,125,,11,41,,251,,138,16,,,,,,,,,,,,,,,,,,,,,,,,,,,,,,,,384,65,99,,626,,162,205,193,279,,,,,101,,,,,,32,,,165,93,55,105,,27,100,236,,117,74,19,309,58,9,62,90,,28,52,108,29,225,196,212,232,205,,214,16,,,166,157,,,,,,,,,,,,,,,,,,,,,,,,,,,,,,,,,285,130,110,310,,112,175,62,499,46,158,276,,153,,115,54,37,,107,415,262,,,,,,,435,,,228,,,40,,,,
2026-08-24T10:55:02+00:00,67,,,,391,34,,58,132,,,140,194,,,59,,,,,94,359,,192,187,,81,,,56,,19,,34,,,147,,,118,108,,,,12,,,,,,,,28,,,28,25,,,,,15,31,44,,227,76,,13,,,,190,6,,142,186,314,36,233,103,66,150,,189,,,,,,,,,,,,,,,,,,,,,,,,,,,,,,,,,,,,,,82,111,521,74,233,467,,,,,,,,,,,,,,,,,,,,,,,,,,,164,,,194,,396,,205,,98,,193,304,,,273,32,,,,325,371,297,194,266,452,1062,,122,200,170,,210,291,378,110,,,,17,,,,,,,,,,,,84,,,,,,,,,,42,,,,,,,,17,,,,,,,,,59,,,,,,251,,,76,,,,,,,,,,58,,,,,47,,,,,,,,,,,197,173,76,93,136,138,167,,,22,,317,44,213,288,214,,295,86,,125,285,,,996,,,,274,,108,,,,,,,,,,,11,27,3,,,,,443,,,,,209,,,137,,,,,,,,,,,,2,,,,,,,,,,,,237,74,11,91,39,104,48,27,318,226,,,,106,,,,,5,,96,81,69,3,51,128,142,,38,129,247,,,,38,236,125,59,659,64,,87,,68,,,,,,,,,,,,,,,,,,,,,,379,66,96,,622,,160,,197,281,,,,,97,,,,,,34,,,166,94,60,106,,35,105,235,28,116,72,23,318,63,11,,,,,,,,,,,,,,,,,,,,,,,,,,,,,,,,,,,,,,,,,,,,,,,,,,,,281,,111,313,35,109,170,63,,45,159,274,35,,,114,51,34,,104,,264,,,,,,,434,,,227,,166,38,,,88,
2026-08-24T11:00:02+00:00,69,222,,,388,31,,68,133,289,,,195,,,,,,,,95,358,88,193,181,,80,,,53,703,20,,36,,,145,,,114,,,114,,13,,,,,,,322,30,117,,,23,,,,154,,29,40,,,,,,118,,,189,,,,183,,,,,,,,,,212,19,4,65,,,239,8,,201,140,2,176,291,12,,,,193,11,,133,535,,451,147,86,23,127,166,,703,,1,388,,84,114,,78,231,466,55,,,,,,,,131,,,,,397,,,,,124,152,,,,,,,,,,,,,,,,,,,,,553,269,30,,,,,376,295,192,269,,1061,416,121,199,169,64,,,380,112,,,,17,,,,,,,,,,,,81,,,,,,,,,,40,,,,,,,,19,,,,,,,,,,,,,,,250,,,74,,,,,,,,,,61,,,,,46,,,,,,,,,,,,177,81,96,134,141,173,,352,,,316,52,217,283,,,300,,,124,288,34,,992,,,,272,,106,,,,,,,,,,,,24,,,,,,444,,,,,200,,,136,,,,,,,,,,,,1,,,,,,,,,,,,236,,10,90,41,,,26,319,232,,,,104,,128,,,,,,82,71,2,,129,140,10,43,131,243,,,15,,,126,58,654,60,,89,165,64,,,,,,,,,,,,,,,,,,,,,,,,,,,,,,,,,,,,,,,,,,,,,,,,,,,,,26,121,71,28,326,64,15,,,,,,,,,,,,,,,,,,,,,,,,,,,,,,,,,,,,,,,,,,,,,,,,,,,,280,129,110,312,36,105,173,60,500,,154,272,,,,,48,37,,100,416,266,,,,,,,433,,,218,,,,,,79,
2026-08-24T11:05:02+00:00,70,225,,,389,29,,71,129,286,,141,191,,,61,,,,,97,357,91,196,185,,81,,,,700,,,37,233,,147,,1,,,,,,14,,,,,,,,31,,,26,24,,,,,,26,34,,,,,,,,,187,5,,147,181,311,41,232,102,71,148,,190,,,,,,,,,,,,,,,,,,,,,,,,,,,,,,,,,,,,,,,,,,,,,,,,,,,,,,,,,,,,,,,,,,,,,,162,,,189,,398,,,,,,195,305,,554,275,,,,,327,383,,195,,,,,,,,,,,,,,,,17,,,,,,,,,,,,80,,,,,,,,,,41,,,,,,,,20,,,,,,,,,71,,,,,,253,,,,126,,,,,,,,,60,,,,,,,,,,,,,,,,199,,82,101,138,145,178,,355,,,319,55,220,294,215,206,298,87,,125,295,32,,991,,,,271,,,,,,,,,,,,,9,28,2,,,,,442,,,,,196,,,137,,,,,,,,,,,,,,,,,,,,,,,,242,,11,93,,105,,35,321,240,12,24,180,100,,129,,,,69,,91,74,1,53,127,143,11,40,134,246,35,,14,,240,124,,659,54,,,167,65,,,,,,,,,,,,,,,,,,,,,,381,,98,,,,158,206,192,280,,,,,95,,,,,,35,,,170,95,64,98,,31,104,,,115,69,23,324,65,16,,,,,,,,,,,,,,,,,,,,,,,,,,,,,,,,,,,,,,,,,,,,,,,,,,,,278,,109,314,37,107,171,57,497,37,155,274,,154,,,44,,,104,,265,,,,,,,434,,,219,,167,36,,,82,
2026-08-24T11:10:02+00:00,71,227,,,391,,,67,128,285,,134,194,,,62,,,,,100,356,94,,181,,80,,,54,698,21,,,232,,143,,,,109,,,,16,,,,,,,323,,118,,24,,,,,,14,23,33,81,,77,,,,,,190,,,146,177,,50,236,,72,147,,,,213,,,64,73,,238,13,187,,,,,290,3,,110,,198,9,154,132,536,18,447,,83,24,134,165,149,718,,,,,89,109,531,80,230,467,,,351,,,,,,130,,,,,399,,,,,123,,,,,,,,,,,,,,,,,,,,307,,,277,27,,,,,379,296,198,,,,,,,,,,,,,,,,17,,,,,,,,,,,,82,,,,,,,,,,43,,,,,,,,19,,,,,,,,,76,,,,,,257,,,75,127,,,,,,,,,62,,,,,,,,,,,,,,,,,180,83,100,141,144,187,,357,21,,,59,222,295,217,208,303,86,,124,302,35,,994,,,,270,,107,,,,,,,,,,,6,30,3,,,,,444,,,,,195,,,133,,,,,,,,,,,,2,,,,,,,,,,,,,76,12,,,,,38,,241,,23,186,95,,130,,,,,,93,78,3,58,,136,,,,247,34,137,,,242,129,,652,59,,87,,63,,,,,,,,,,,,,,,,,,,,,,,,,,,,,,,,,,,,,,,,,,,,,,,,,,,,,68,119,73,24,331,64,17,63,84,367,33,53,113,28,220,197,215,230,203,,207,,,,160,153,,,,,,,,,,,,,,,,,,,,,,,,,,,,,,,,,277,,106,311,36,90,168,58,,36,,,38,155,,,46,38,,108,415,267,,,,,,,432,,,220,,170,39,,,77,
2026-08-24T11:15:02+00:00,72,,,,393,31,,,134,286,,138,193,,,66,,,,,98,,99,,182,,78,,,53,701,,,36,,,137,,,116,108,,113,,,,,,,,,324,,117,,,25,,,,153,,26,34,80,226,,,12,,,,191,6,,147,180,,,,,,,,,,216,31,3,,82,,237,15,,,139,9,177,288,1,73,,,206,19,,,537,17,453,143,81,26,145,164,147,730,,,391,,87,108,547,82,233,469,54,,348,,,,,,,,,,,,,,,,,,,,,,,,158,,,180,,395,,220,,100,,204,306,,555,278,29,,,,328,380,294,194,,454,1067,422,120,,170,,212,293,383,,,,,17,,,,,,,,,,,,,,,,,,,,,,44,,,,,,,,23,,,,,,,,,79,,,,,,259,,,,128,,,,,,,,,63,,,,,47,,,,,,,,,,,201,186,85,103,146,152,186,,,,,320,67,,298,216,207,304,88,,125,311,37,,997,,,,265,,106,,,,,,,,,,,3,29,4,,,,,445,,,,,194,,,135,,,,,,,,,,,,3,,,,,,,,,,,,237,77,15,,42,106,,43,325,245,13,,188,88,36,132,,,7,,,90,79,5,60,126,133,14,42,,251,36,136,,0,243,127,60,,65,,88,168,59,,,,,,,,,,,,,,,,,,,,,,385,,100,,621,,,204,190,283,333,,,,96,,,,,,,,,172,,68,,,37,100,233,69,117,,,339,,18,,,,,,,,,,,,,,,,,,,,,,,,,,,,,,,,,,,,,,,,,,,,,,,,,,,,279,,,307,,92,166,59,502,37,158,275,39,152,,115,45,37,,111,419,265,,,,,,,433,,,214,,173,,,,,
2026-08-24T11:20:01+00:00,76,225,,,390,27,,68,140,282,,137,191,,,69,,,,,101,,103,197,180,,,,,,,20,,37,229,,136,,2,,107,,,,,,,,,,,323,,113,,21,,2,,,,,25,33,81,227,78,,,,,,,,,144,182,310,57,243,103,,150,,192,,217,,1,70,83,,233,16,,200,,,178,,,74,,,205,17,,133,536,12,450,,80,22,146,161,150,728,,2,392,2,,,,,,,,,,,,,,,123,,,,,404,,,,,127,153,,,,,,,,,,,,,,,,,,,,,,282,28,,,,,375,293,192,,453,1069,423,123,204,172,63,,296,382,114,,,,17,,,,,,,,,,,,79,,,,,,,,,,,,,,,,,,24,,,,,,,,,91,,,,,,,,,76,,,,,,,,,,62,,,,,,,,,,,,,,,,202,185,86,107,150,151,188,,352,19,,,76,227,301,,208,307,89,,127,312,40,,,,,,267,,,,,,,,,,,,,6,30,5,,,,,446,,,,,193,,,137,,,,,,,,,,,,,,,,,,,,,,,,240,80,,95,,108,47,42,331,237,18,,189,90,35,137,,,,70,95,87,78,6,,125,127,11,,132,254,35,,11,1,,132,,648,64,,90,169,62,,,,,,,,,,,,,,,,,,,,,,396,67,101,,626,,160,,181,281,336,,,,97,,,,,,,,,170,97,70,95,,38,105,232,73,124,69,23,345,65,21,,,,,,,,,,,,,,,,,,,,,,,,,,,,,,,,,,,,,,,,,,,,,,,,,,,,277,,104,298,31,84,168,60,500,34,159,,,151,,,43,35,,113,,266,,,,,,,431,,,213,,172,,,,73,
2026-08-24T11:25:02+00:00,,223,,147,392,28,,69,,,,138,189,,,75,,,,,108,,100,201,182,,,,,,709,,,,230,,133,,,118,111,,112,,17,,,,,,,,,,,25,23,,,,152,,26,32,,,,,11,,,,,,,145,,,,,,,,,,,,,,,,,,,,,,,,,,,,,,,,,,,,,,,,,,,,,,,91,105,550,78,235,473,,,345,,,,,,,,,,,,,,,,,,,,,,,,157,,,181,,398,,223,,97,,202,305,,556,283,,,,,329,378,289,198,,,,,,,,,,,,,,,,17,,,,,,,,,,,,,,,,,,,,,,45,,,,,,,,22,,,,,,,,,92,,,,,,262,,,,,,,,,,,,,,,,,,48,,,,,,,,,,,203,183,87,112,149,157,186,,350,26,,322,79,230,305,,215,308,,,125,,43,,,,,,265,,,,,,,,,,,,,7,26,4,,,,,,,,,,191,,,136,,,,,,,,,,,,1,,,,,,,,,,,,241,,,,39,,48,43,332,238,21,,,87,,,,,,,,84,77,5,,124,128,14,40,131,255,,,10,,,,59,,,,,,,,,,,,,,,,,,,,,,,,,,,,,,,,,,,,,,,,,,,,,,,,,,,,,,,,,,,74,123,68,18,361,66,22,64,86,362,30,51,112,,208,196,210,226,198,,203,,207,,,162,,,,,,,,,,,,,,,,,,,,,,,,,,,,,,,,,279,,102,294,28,85,172,61,499,32,161,269,38,,,114,44,36,,108,416,265,,,,,,,430,,,214,,167,,,,75,
2026-08-24T11:30:02+00:00,,,,148,394,20,,73,139,284,,137,188,,,78,,,,,106,359,98,207,179,,77,,,52,710,,,35,229,,136,,,,,,,,,,,,,,,321,,,,24,22,3,,,155,,25,35,80,228,,2,10,,,,201,4,,144,184,312,53,239,107,75,144,,,,,,,69,84,102,231,,,,138,,,289,,,,,199,18,,134,537,11,445,141,78,23,145,160,153,,,,,,,,,,,,,,,,,,,,118,,,,,407,,,,,129,154,,,,,,,161,,,183,,396,,220,,92,,210,304,,,281,29,,,,330,376,288,194,,,,,,,,,,,,,42,,242,17,0,292,,,,,,,,,,78,,,,,,,,,,44,,,,,,,,,,,,,,,,,87,,,,,,251,,,75,129,,,,,,,,,63,,,,,,,,,,,,,,,,202,179,,114,151,155,179,,351,29,,320,77,231,316,,212,307,,,126,,44,,1000,,,,263,,105,,,,,,,,,,,6,28,3,,,,,447,,,,,187,,,134,,,,,,,,,,,,2,,,,,,,,,,,,244,,17,,40,,,41,338,239,,,190,86,33,141,,,,,,90,76,2,63,123,129,12,41,128,256,,134,7,0,239,138,,639,52,,88,171,,,,,,,,,,,,,,,,,,,,,,,401,,104,,625,,161,,177,,,,,,98,,,,,,,,,171,101,75,93,,37,109,231,,115,63,16,,,25,,,,,,,,,,,,,,,,,,,,,,,,,,,,,,,,,,,,,,,,,,,,,,,,,,,,,,104,290,,83,168,62,,34,153,268,42,149,,115,,38,,110,,268,,,,,,,429,,,216,,166,,,,68,
2026-08-24T11:35:01+00:00,70,,,146,396,22,,79,138,281,,140,185,,,79,,,,,,,103,206,183,,,,,53,717,,,,230,,,,3,120,112,,111,,,,,,,,,,,114,,23,24,4,,,,,28,36,,,79,,12,,,,202,2,,,186,,,,,,,,,,,,,,,,,,,,,,,,,,,,,,,,,,,,,,,,,,,,,,,106,562,76,238,467,,,343,,,,,,,,,,,,,,,,,,,,,,,,,,,,,,,,,,,,305,,557,,30,,,,331,374,291,193,270,452,1116,472,124,205,192,,271,323,397,136,4,,154,15,5,290,,,,,,,,,,79,,,,,,,,,,,,,,,,,,23,,,,,,,,,79,,,,,,253,,,73,,,,,,,,,,64,,,,,,,,,,,,,,,,,177,,116,147,,185,,354,31,,319,,229,315,,215,309,,,125,310,43,,,,,,261,,,,,,,,,,,,,4,25,,1,,,,,,,,,,,,128,,,,,,,,,,,,1,,,,,,,,,,,,243,82,,96,,,47,38,339,238,,,193,84,,143,,,,,,91,75,,69,120,130,,42,130,253,,,8,,,,,,,,,,,,,,,,,,,,,,,,,,,,,,,,410,66,109,,626,,163,205,,280,337,,,,97,,,,,,34,,,174,106,,,,41,112,229,76,120,65,13,364,,26,,,,,,,,,,,,,,,,,,,,,,,,,,,,,,,,,,,,,,,,,,,,,,,,,,,,278,,103,287,30,90,167,,502,31,,269,44,,,,43,,,111,414,267,,,,,,,427,,,211,,162,38,,,64,
2026-08-24T11:40:02+00:00,,220,,,394,20,,81,144,283,,141,,,,80,,,,,103,,104,208,191,,75,,,56,713,,,33,,,139,,,,113,,112,,,,,,,,,322,,,,25,,,,,154,16,26,35,81,,81,0,13,120,,,203,3,,,190,307,52,243,101,81,147,,,,219,33,9,68,78,,233,24,185,201,139,9,179,,,75,,2,201,15,,136,536,12,436,139,77,22,148,156,,744,,,394,1,,,,,,,,,,,,,,,119,,,,,406,,,,,130,156,,,,,,,165,,,186,,,,225,,95,,214,306,,558,284,28,,,,,378,290,187,,,,,,,,,,,,,2,,157,15,3,299,,,,,,,,,,82,,,,,,,,,,45,,,,,,,,25,,,,,,,,,78,,,,,,254,,,75,130,,,,,,,,,63,,,,,,,,,,,,,,,,,179,85,,146,,,,360,32,,312,78,227,,219,214,310,91,,123,314,42,,1003,,,,262,,,,,,,,,,,,,10,,4,,,,,,,,,,190,,,126,,,,,,,,,,,,3,,,,,,,,,,,,247,83,15,93,,,48,,342,239,,25,,85,,141,,,8,,,83,73,1,71,121,128,15,46,131,252,,135,7,40,238,132,,636,58,,,170,64,,,,,,,,,,,,,,,,,,,,,,409,65,107,,623,,,200,185,283,340,,,,94,,,,,,31,,,172,108,74,,,40,115,228,78,126,68,12,360,67,28,63,95,363,28,50,116,29,197,191,212,230,197,,208,14,208,,158,158,,,,,,,,,,,,,,,,,,,,,,,,,,,,,,,,,,131,100,286,33,86,168,63,503,32,151,268,45,151,,116,45,37,,108,,265,,,,,,,428,,,210,,159,,,,,
2026-08-24T11:45:01+00:00,67,216,,,,23,,78,,282,,144,186,,,81,,,,,100,361,103,204,187,,,,,61,717,,,35,234,,141,,,,,,,,,,,,,,,320,,118,,28,21,,,,155,,24,,,230,80,,,,,,205,,,,194,,,,,,,,,,,37,,61,81,103,230,30,184,,138,3,,290,,,,,202,13,,,534,9,424,138,76,,154,,,,,,,3,,112,574,82,233,462,53,,346,,,,,,,,,,,,,,,,,,,,,,,,164,,,185,,,,224,,97,,220,308,,559,287,27,,,,333,,295,191,,451,1115,470,,204,189,64,,,393,134,,,156,15,,,,,,,,,,,,83,,,,,,,,,,,,,,,,,,27,,,,,,,,,,,,,,,255,,,,129,,,,,,,,,,,,,,,,,,,69,,,,,,199,181,90,,,153,175,,356,31,8,316,71,228,314,220,212,312,,,128,318,,,1004,,,,260,,104,,,,,,,,,,,8,30,3,0,,,,446,,,,,194,,,123,,,,,,,,,,,,4,,,,,,,,,,,,254,80,17,97,36,110,46,36,,242,,26,197,84,,150,,,,69,96,85,,5,74,117,131,,43,132,256,34,,8,,,,,,,,,,,,,,,,,,,,,,,,,,,,,,,,,,,,,,,,,,,,,,,,,,,,,,,,109,,,,42,117,,75,128,65,16,356,64,18,,,,,,,,,,,,,,,,,,,,,,,,,,,,,,,,,,,,,,,,,,,,,,,,,,,,277,,,287,32,83,166,,504,,145,269,43,,,117,,,,107,410,266,,,,,,,429,119,,208,,163,37,,,58,
2026-08-24T11:50:02+00:00,68,217,,145,388,24,,83,148,281,,147,188,,,76,,,,,96,360,102,200,194,,,,,,714,,,38,,,143,,,,111,,113,,,,,,,,,,,,,25,23,,,,154,,25,53,,,79,,14,,,,,,,,196,302,64,236,94,74,146,,,,,,,,,,,,,,,,,,,,,,,,,,,,,,,,,,,,,,,,,,,,,,,,,,,,,,118,,,,,407,,,,,129,157,,,,,,,,,,,,,,,,,,,307,,560,290,26,,,,,377,293,197,,,,,,,,,,,,,,,158,15,,311,,,,,,,,,,82,,,,,,,,,,48,,,,,,,,,,,,,,,,,72,,,,,,260,,,,128,,,,,,,,,62,,,,,49,,,,,70,,,,,,,182,95,,145,,170,,362,28,,318,76,227,307,,210,313,90,,,320,43,,1010,,,,262,,103,,,,,,,,,,,,,4,1,,,,443,,,,,193,,,125,,,,,,,,,,,,,,,,,,,,,,,,255,82,20,,35,111,,31,347,251,,,194,82,34,156,,,,,93,87,,6,82,,128,16,45,,263,33,134,6,,235,120,60,772,59,,87,168,58,,,,,,,,,,,,,,,,,,,,,,418,66,110,,625,,166,,180,284,,,,,93,,,,,,29,,,171,111,75,96,,38,115,229,70,108,63,11,351,65,13,,,,,,,,,,,,,,,,,,,,,,,,,,,,,,,,,,,,,,,,,,,,,,,,,,,,276,130,97,282,30,85,170,61,503,33,147,268,42,,,,43,40,,,412,263,,,,,,,,118,,210,,161,,,,,
2026-08-24T11:55:01+00:00,71,,,,393,18,,81,149,,,152,190,,,74,,,,,97,355,103,205,201,,73,,,62,718,,,,233,,145,,4,118,109,,,,,,,,,,,321,30,,,23,22,,,,156,,29,51,80,,,,,118,,,208,4,,143,192,304,67,234,97,,145,,,,,,15,52,78,109,229,41,183,,137,,,,,,,5,200,6,156,138,537,8,429,139,,23,152,155,154,742,,,393,2,,113,577,84,231,463,,,,,,,,,,,,,,,,,,,,,,,,,,,176,,,183,,402,,214,,95,,226,309,,559,292,25,,,,,375,,195,271,449,1120,464,,202,186,,272,325,396,137,3,,159,15,2,314,,,,,,,,,,80,,,,,,,,,,52,,,,,,,,29,,,,,,,,,76,,,,,,262,,,78,,,,,,,,,,64,,,,,51,,,,,,,,,,,,188,93,,,152,156,,,30,7,320,77,229,302,,208,314,91,,,318,40,,1012,,,,257,,102,,,,,,,,,,,,27,3,,,,,444,,,,,194,,,127,,,,,,,,,,,,3,,,,,,,,,,,,258,80,,99,36,,,18,343,,,,199,84,35,,,,9,,92,79,74,3,90,113,131,21,47,,268,32,135,8,42,234,112,,776,60,,85,170,60,,,,,,,,,,,,,,,,,,,,,,416,,111,,,,,199,171,,338,,,,90,,,,,,28,,,173,,,,,43,112,,66,105,64,6,343,67,,64,94,364,31,51,118,31,205,181,201,,198,,206,,203,,161,151,,,,,,,,,,,,,,,,,,,,,,,,,,,,,,,,,277,131,98,285,27,84,166,62,501,29,150,269,39,150,,,44,,,106,,260,,,,,,,,,,202,,162,,,,57,
2026-08-24T12:00:02+00:00,70,219,,,396,17,,79,152,284,,,191,,,,,,,,98,356,108,203,204,,72,,,61,721,19,,,231,,144,,,,108,,,,18,,,,,,,325,31,116,,22,,5,,,154,,33,,81,,80,,,,,,206,,,142,194,,,,,,,,,,,,,,,,,,,,,,,,,,,,,,,,,,,,,,,,,,,,,,,,,,,,,,,,,,,,122,,,,,406,,,,,125,160,,,,,,,177,,,181,,,,206,,94,,227,310,,,,,,,,331,378,290,191,,,,,,,,,,,,,5,,158,15,1,323,,,,,,,,,,78,,,,,,,,,,,,,,,,,,28,,,,,,,,,80,,,,,,259,,,77,,,,,,,,,,66,,,,,,,,,,,,,,,,,194,88,115,141,151,152,,360,29,,319,76,230,,219,209,316,,,126,319,36,,1014,,,,259,,,,,,,,,,,,,,29,1,3,,,,442,,,,,193,,,124,,,,,,,,,,,,2,,,,,,,,,,,,,,19,98,39,,,17,342,243,,,202,,,,,,,,,78,,2,98,109,132,29,43,131,284,,,9,,,,,,,,,,,,,,,,,,,,,,,,,,,,,,,,420,65,,,626,,167,200,179,285,,,,,91,,,,,,26,,,174,109,74,98,,49,113,,69,108,67,4,,65,10,,,,,,,,,,,,,,,,,,,,,,,,,,,,,,,,,,,,,,,,,,,,,,,,,,,,,,,,28,,163,,,26,145,270,37,149,,119,42,,,105,411,261,,,,,,,428,,,199,,,,,,,
2026-08-24T12:05:01+00:00,72,220,,,400,16,,81,,283,,153,,,,72,,,,,,358,111,201,206,,,,,62,718,20,,,230,,148,,3,117,109,,,,,,,,,134,,327,,,,,25,,1,,155,,,52,,,,,13,,,,209,,,139,195,305,60,,92,73,142,,191,,220,34,21,47,77,110,232,43,,202,141,15,180,291,,,,,194,1,,136,538,9,424,140,72,32,150,160,,744,,,396,,85,109,,80,234,462,52,,345,,,,,,,,,,,,,,,,,,,,,,,,,,,,,,,,,,,,,,,,,,,,,,,,,,,,,,,,,,,,,,,,,,,,,,,,,,,,,,,,,,,,,,,,,,,,,,,,,,,,,,,,,,,,,,,,,,,,,,,,,,,,,,,,,,,,,,,,,,,,,,,,,,,,321,83,231,312,,206,,93,,127,317,33,,1020,,,,,,,,,,,,,,,,,,,,,,,,,,,,,,,,,,,,,,,,,,,,,,,,,,,,,,,,,,,,,,,,,,,,,,,,,,,,,,,,,,,,,,,,,,,,,,,,,,,,,,,,,,,,,,,,,,,,,,,,,418,64,110,,627,,,199,,289,,,,,90,,,,,,,,,176,108,65,94,,56,112,,,,,,,,,,,,,,,,,,,,,,,,,,,,,,,,,,,,,,,,,,,,,,,,,,,,,,,,,,,,278,130,96,283,,80,169,60,504,20,,272,38,151,,118,,,,108,409,260,,,,,,,433,119,,197,,167,38,,,58,
2026-08-24T12:05:02+00:00,,,,,,,,,,,,,,,,,,,,,,,,,,,,,,,,,,,,,,,,,,,,,,,,,,,,,,,,,,,,,,,,,,,,,,,,,,,,,,,,,,,,,,,,,,,,,,,,,,,,,,,,,,,,,,,,,,,,,,,,,,,,,,,,,,,,,,,,,,,,,,,,,,,,,,,,,,,,,,,,,,,,,,,308,,558,295,24,,,,330,382,289,189,272,452,1121,465,,,185,,271,318,393,,1,,,15,,324,,,,,,,,,,83,,,,,,,,,,,,,,,,,,,,,,,,,,,76,,,,,,,,,74,127,,,,,,,,,68,,,,,50,,,,,,,,,,,200,192,90,,142,,163,,359,,,,,,,,,,,,,,,,,,,,258,,103,,,,,,,,,,,7,25,2,4,,,,,,,,,,,,,,,,,,,,,,,,3,,,,,,,,,,,,260,81,18,102,37,113,45,19,344,240,,27,205,83,34,,,,,,,79,83,,101,106,130,30,,,307,,136,,,236,114,,772,65,,86,169,61,,,,,,,,,,,,,,,,,,,,,,,,,,,,,,,,,,,,,,,,,,,,,,,,,,,,,,116,66,7,339,67,8,,,,,,,,,,,,,,,,,,,,,,,,,,,,,,,,,,,,,,,,,,,,,,,,,,,,,,,,,,,,,,,,,,,,,,,,,,,,,,,,,,,,,,,,,,
2026-08-24T12:10:02+00:00,76,221,,,398,12,,80,156,286,,151,185,,,71,,,,,93,,113,,198,,71,,,61,,19,,,228,,145,,,118,,,,,,,,,,,,,30,,,,24,,,,,15,34,57,82,,81,,14,120,,,,,,,194,,,,,,,,,,,,,,,,,,,,,,,,,,,,,,,,,,,,,,,,,,,,,,,,,,,,,,,,,,,,119,,,,,408,,,,,121,158,,,,,,,179,,,178,,409,,210,,92,,231,310,,556,294,26,,,,329,379,296,191,,,,,,,,,,,,,0,,163,15,3,322,,,,,,,,,,86,,,,,,,,,,54,,,,,,,,27,,,,,,,,,79,,,,,,258,,,75,,,,,,,,,,67,,,,,,,,,,,,,,,,199,195,93,114,145,149,168,,360,30,,324,88,228,315,218,209,319,94,,132,315,29,,1035,,,,,,104,,,,,,,,,,,9,,4,5,,,,440,,,,,188,,,,,,,,,,,,,,,,,,,,,,,,,,,259,83,19,,38,,,22,345,239,,,207,,33,157,,,,70,,77,82,4,106,103,131,34,41,132,330,31,,,39,235,129,59,769,66,,87,170,58,,,,,,,,,,,,,,,,,,,,,,415,65,108,,,,170,200,,290,339,,,146,91,,,,,,,,,178,103,,95,,53,110,230,67,113,65,0,341,66,11,61,93,361,26,49,121,,204,171,203,,195,,203,15,,,162,143,,,,,,,,,,,,,,,,,,,,,,,,,,,,,,,,,280,129,98,284,27,86,175,61,,16,146,,39,150,,,,39,,,407,261,,,,,,,434,,,195,,163,35,,,54,
2026-08-24T12:15:01+00:00,74,219,,,402,13,,84,151,289,,149,188,,,66,,,,,95,360,115,200,201,,,,,60,715,22,2,35,,,144,,,,106,,114,,,,,,,,,326,31,117,,26,26,,0,,158,16,35,60,,,,,,,,,211,,,135,195,310,67,232,86,77,144,,192,,222,25,23,46,84,112,,40,182,204,,6,179,292,,,,9,195,7,,137,539,10,426,141,70,39,157,158,155,752,,,397,1,83,110,572,79,236,463,,,,,,,,,,,,,,,,,,,,,,,,,,,,,,,,,,,,,,,308,,557,293,27,,,,,378,295,186,,451,1124,466,,203,187,,270,317,,139,3,,162,15,,318,,,,,,,,,,,,,,,,,,,,53,,,,,,,,26,,,,,,,,,85,,,,,,260,,,76,126,,,,,,,,,65,,,,,47,,,,,,,,,,,,194,99,116,144,153,167,,355,33,,326,86,230,316,219,207,318,95,,134,313,32,,1041,,,,259,,,,,,,,,,,,,,29,2,4,,,,,,,,,184,,,123,,,,,,,,,,,,4,,,,,,,,,,,,263,,23,99,39,115,46,27,347,241,20,,212,,,159,,,8,,93,82,80,3,108,101,134,41,35,130,345,,,10,,,,58,,,,,,,,,,,,,,,,,,,,,,,,,,,,,,,,,,,,,,,,,,,,,,,,,,,,,,,,,,,86,134,,4,399,106,9,,,,,,,,,,,,,,,,,,,,,,,,,,,,,,,,,,,,,,,,,,,,,,,,,,,,282,,99,285,25,,178,62,502,15,,274,38,151,,123,39,41,,,,260,,,,,,,442,,,194,,161,36,,,,
2026-08-24T12:20:01+00:00,72,220,,,404,,,86,160,,,151,193,,,65,,,,,96,363,117,198,200,,,,,62,721,,3,,230,,146,,,,107,,115,,19,,,,,,,327,,,,25,25,4,,,,,38,,,,80,,,,,,215,3,,,,,,,,,,,,,,,,,,,,,,,,,,,,,,,,,,,,,,,,,,,,,,,,,,,,,,,,,,,,,,,123,,,,,410,,,,,122,161,,,,,,,171,,,,,411,,212,,91,,242,306,,556,296,25,,,,,,296,185,,,,,,,,,,,,,4,,165,15,6,313,,,,,,,,,,79,,,,,,,,,,50,,,,,,,,,,,,,,,,,77,,,,,,264,,,78,,,,,,,,,,64,,,,,46,,,,,,,,,,,198,191,106,,139,150,,,359,29,,328,80,233,317,215,208,320,96,,135,318,31,,1049,,,,262,,103,,,,,,,,,,,11,27,,5,,,,441,,,,,185,,,127,,,,,,,,,,,,3,,,,,,,,,,,,265,82,,101,40,118,47,28,348,236,,,214,84,,160,,,,,95,75,82,,112,99,135,47,39,128,361,,,9,45,239,,57,771,70,,85,167,47,,,,,,,,,,,,,,,,,,,,,,416,67,110,,635,,166,199,181,,340,,,,89,,,,,,29,,,176,107,66,96,14,44,108,233,,132,69,8,387,105,12,,,,,,,,,,,,,,,,,,,,,,,,,,,,,,,,,,,,,,,,,,,,,,,,,,,,285,,100,277,22,84,174,64,501,18,140,277,,152,,122,40,,,110,408,259,,,,,,,447,,,,,159,,,,,
2026-08-24T12:25:01+00:00,69,,,146,403,12,,83,171,291,,150,197,,,63,,,,,97,368,120,203,194,,,,,63,724,21,1,37,231,,,,,,109,,114,,18,,,,,,,,29,,,26,26,,,,163,15,43,61,,231,,,,,,,220,,,,196,311,70,229,88,,150,,,,221,30,35,52,87,111,226,38,183,205,143,7,178,300,,,109,10,192,9,,,542,11,428,169,71,42,150,159,156,761,24,,398,,84,114,573,81,238,,,,344,,,,,,,,,,,,,,,,,,,,,,,,,,,,,,,,,,,,,,557,294,28,,,,,376,298,184,,,1125,470,,201,191,65,,318,,,0,,166,16,14,314,,,,,,,,,,78,,,,,,,1,,,,,,,,,,,,,,,,,,,,75,,,,,,262,,,79,,,,,,,,,,65,,,,,,,,,,69,,,,,,195,187,108,,137,151,166,,361,30,,324,81,236,,217,210,316,,,134,316,,,1060,,,,260,,,,,,,,,,,,,16,31,7,4,,,,443,,,,,189,,,128,,,,,,,,,,,,,,,,,,,,,,,,264,,24,102,36,,,33,350,245,,,216,87,34,159,,,,69,96,68,87,8,117,101,140,,40,129,379,29,,6,46,238,135,,,67,,,168,,,,,,,,,,,,,,,,,,,,,,,420,66,107,,636,,169,198,176,,341,,,144,93,,,,,,,,,175,,64,98,16,38,106,235,85,130,73,,366,106,13,,,,,,,,,,,,,,,,,,,,,,,,,,,,,,,,,,,,,,,,,,,,,,,,,,,,287,128,99,276,,80,172,63,505,13,143,278,,,,121,,43,,,,263,,,,,,,450,,,203,,158,,,,48,
2026-08-24T12:30:02+00:00,,222,,,398,11,,80,168,294,,152,198,,,61,,,,,99,369,121,204,192,,,,,65,729,,0,38,,,147,,,117,110,,113,,,,,,,135,,325,,,,27,27,5,,,164,,50,67,,,81,,13,118,,,221,4,,,194,,,,,,,,,,222,25,47,59,,112,243,40,,,141,19,176,,,77,,8,,,155,,540,14,430,168,74,45,149,,163,770,,,397,,,,,,,,,,,,,,,,117,,,,,411,,,,,123,158,,,,,,,163,,,179,,413,,202,,90,,246,308,,,297,27,,,,,,297,176,,,,,,,,,,,,,3,,,17,11,313,,,,,,,,,,75,,,,,,,2,,,51,,,,,,,,,,,,,,,,,72,,,,,,265,,,80,127,,,,,,,,,,,,,,48,,,,,,,,,,,,,111,,135,152,165,,360,35,,320,93,,324,215,215,315,97,,135,318,32,,1061,,,,,,106,,,,,,,,,,,18,30,5,,,,,446,,,,,187,,,126,,,,,,,,,,,,5,,,,,,,,,,,,266,,25,,35,119,46,32,351,250,,30,213,86,,,,,,,98,67,88,9,120,98,,51,41,130,384,,,9,,,,,777,,,,,,,,,,,,,,,,,,,,,,,,,,,,,,,,,,,,,,,,,,,,,,,,,,,,,,,,,,89,142,74,,361,105,21,,96,362,35,44,118,32,209,173,205,225,190,,207,16,202,,,145,,,,,,,,,,,,,,,,,,,,,,,,,,,,,,,,,288,129,101,,23,75,176,61,501,15,147,,37,,,119,,42,,,404,262,,,,,,,449,,,199,,155,35,,,50,
2026-08-24T12:35:02+00:00,,224,,,401,13,,76,164,292,,153,196,,,59,,,,,103,370,123,207,199,,72,,,68,734,,9,37,,,144,,,118,,,112,,19,,,,,,,,30,,,26,29,4,1,,165,,49,,,,,,14,117,,,216,,,136,196,316,69,218,85,79,156,,,,,,,,,,,,,,,,,,,,,,,,,,,,,,,,,,,,,,,,,116,582,84,235,,53,,343,,,,,,,,,,,,,,,,,,,,,,,,,,,,,,,,,,,,,,556,301,26,,,,,373,301,174,,,1120,471,123,198,193,67,,319,389,134,,,161,17,5,315,,,,,,,,,,78,,,,,,,5,,,52,,,,,,,,,,,,,,,,,78,,,,,,,,,83,125,,,,,,,,,,,,,,47,,,,,,,,,,,,188,110,118,137,156,164,,358,37,,323,91,240,329,214,213,317,,,137,314,,,1065,,,,262,,,,,,,,,,,,,17,31,6,6,,,,443,,,,,,,,123,,,,,,,,,,,,4,,,,,,,,,,,,267,,,101,40,,45,34,346,247,,,,83,33,158,5,,,68,,76,85,11,122,,139,52,,,395,,134,,43,,144,56,776,72,,81,166,46,,,,,,,,,,,,,,,,,,,,,,427,64,108,,640,,170,200,187,291,340,,,145,94,,,,,,30,,,174,106,56,100,,25,107,236,,155,78,17,364,,20,,,,,,,,,,,,,,,,,,,,,,,,,,,,,,,,,,,,,,,,,,,,,,,,,,,,290,131,102,277,,,180,,506,22,,276,,,,,39,,,114,405,,,,,,,,448,,,,,157,37,,,57,
2026-08-24T12:40:01+00:00,71,226,,,405,17,,77,167,290,,151,200,,,,,,,,101,374,125,210,202,,,,,,740,23,5,,,,147,,4,,,,,,,,,,,,,326,,,,27,30,,0,,166,,47,,,,,,,,,,221,,,137,199,,,,,,,,,,221,,50,,92,111,246,38,,,142,24,177,303,1,,108,5,198,,,139,539,,428,169,,49,,,162,769,,,,1,,,,,,,,,,,,,,,123,,,,,,,,,,,155,,,,,,,169,,,182,,419,,193,,,,251,309,,,305,27,,,,328,379,303,,,,,,,,,,,,,,0,,165,17,9,,,,,,,,,,,79,,,,,,,10,,,,,2,,,,,,29,,,,,,,,,81,,,,,,272,,,86,126,,,,,,,,,,,,,,48,,,,,,,,,,,194,187,107,117,,157,166,,359,39,,318,88,243,317,215,214,319,,,135,316,31,,1067,,,,266,,,,,,,,,,,,,22,29,7,4,,,,444,,,,,,,,128,,,,,,,,,,,,3,,,,,,,,,,,,,83,26,,39,118,46,39,348,251,,31,214,82,32,159,,,9,,100,77,86,,123,,141,53,,132,404,,135,8,,,,,,,,,,,,,,,,,,,,,,,,,,,,,,,,425,,109,,,,,,,,,,,148,93,,,,,,31,,,177,105,,98,,23,105,,85,161,84,28,360,104,27,,,,,,,,,,,,,,,,,,,,,,,,,,,,,,,,,,,,,,,,,,,,,,,,,,,,289,,,278,-100,79,,60,512,,142,275,38,,,,,40,,111,407,263,,,,,,,447,,,191,,160,35,,,60,
2026-08-24T12:45:01+00:00,75,228,,,410,14,,74,175,,,152,203,,,,,,,,100,377,128,211,208,,,,,69,749,,4,36,230,,145,,,120,109,,,,,,,,,136,,329,28,,,29,,5,,,,,,,,,,,,118,,,225,,,140,196,311,70,216,86,78,159,,,,222,27,56,56,97,117,248,37,,,145,34,178,306,,78,,4,201,19,,142,543,13,435,173,73,57,154,157,159,777,,,399,,83,117,574,86,233,466,54,,,,,,,,,,,,,,,,,,,,,,,,,,,,,,,,,,,,,,310,,557,306,,,,,330,,,168,,450,1118,460,,194,191,,,315,392,133,,,166,17,7,316,,,,,,,,,,,,,,,,,17,,,,,5,,,,,,26,,,,,,,,,,,,,,,274,,,85,,,,,,,,,,68,,,,,,,,,,,,,,,,,185,106,120,144,158,157,,,40,,327,89,242,316,214,209,,96,,134,313,30,,1069,,,,270,,,,,,,,,,,,,24,28,6,2,,,,448,,,,,188,,,135,,,,,,,,,,,,4,,,,,,,,,,,,264,85,27,102,38,,47,,350,247,,,222,87,33,,,,,,106,76,82,10,125,97,136,54,39,131,412,,,10,44,234,141,,782,89,,84,167,37,,,,,,,,,,,,,,,,,,,,,,429,63,108,,,,173,205,188,,,,,151,94,,,,,,33,,,175,109,64,102,,20,109,,90,167,,27,356,101,31,59,93,363,41,,116,29,195,182,203,139,191,,212,18,208,,,148,,,,,,,,,,,,,,,,,,,,,,,,,,,,,,,,,,,104,279,,77,179,62,,19,148,276,36,154,,,43,39,,,410,,,,,,,,449,,,188,,157,36,,,55,
2026-08-24T12:50:01+00:00,74,227,,,415,19,,73,181,,,144,202,,,56,,,,,,378,133,207,209,,,,,67,755,24,8,34,228,,148,,5,115,110,,111,,,,,,,,,331,29,118,,26,29,,,,,,44,68,,234,80,,,,,,229,,,141,200,,,,,,,,,,,28,61,52,98,118,243,36,,207,147,35,177,308,,,107,11,198,12,,141,547,12,436,,75,58,160,155,160,785,,,,,,,,,,,,,,,,,,,127,,,,,415,,,,,121,156,,,,,,,174,,,185,,416,,199,,94,,257,309,,556,307,,,,,327,375,,173,,,,,,,,,,,,,2,,168,17,8,324,,,,,,,,,,77,,,,,,,24,,,51,,10,,,,,,,,,,,,,,,80,,,,,,277,,,88,,,,,,,,,,77,,,,,47,,,,,,,,,,,,181,110,121,141,155,,,363,41,,329,83,243,317,,203,320,97,,,311,31,,1078,,,,,,,,,,,,,,,,,29,,3,3,,,,,,,,,193,,,136,,,,,,,,,,,,5,,,,,,,,,,,,262,84,,,39,,,41,348,245,,,,95,34,158,,,8,,,73,80,,,,139,55,38,129,415,30,134,11,42,237,144,,786,97,,83,164,40,,,,,,,,,,,,,,,,,,,,,,427,,110,,641,,174,207,196,289,,,,145,95,,,,,,34,,,174,108,65,103,,25,106,237,87,173,85,28,354,103,35,,,,,,,,,,,,,,,,,,,,,,,,,,,,,,,,,,,,,,,,,,,,,,,,,,,,,,105,268,,74,181,63,,15,153,275,38,152,,,42,41,,114,412,266,,,,,,,448,,,190,,79,37,,,,
2026-08-24T12:55:01+00:00,79,224,,,407,16,,78,180,288,,143,196,,,57,,,,,99,,136,,217,,71,,,69,765,25,10,35,226,,152,,,116,,,,,18,,,,,,,,,117,,,,4,1,,167,16,46,69,83,235,,,,120,,,231,5,,142,195,308,77,214,91,72,161,,,,,,,,,,,,,,,,,,,,,,,,,,,,,,,,,,,,,,,,82,115,578,87,,,52,,347,,,,,,,,,,,,,,,,,,,,,,,,,,,,,,,,,,,,313,,557,,23,,,,,378,305,171,,447,1120,448,124,196,196,,,317,388,124,10,,172,17,13,330,,,,,,,,,,,,,,,,,30,,,52,,9,,,,,,28,,,,,,,,,75,,,,,,280,,,,,,,,,,,,,,,,,,,,,,,,,,,,,197,187,113,124,138,,150,,361,,,326,68,245,310,217,,321,99,,132,308,37,,1081,,,,268,,,,,,,,,,,,,26,,4,4,,,,449,,,,,196,,,131,,,,,,,,,,,,2,,,,,,,,,,,,270,83,28,103,36,119,45,34,,,21,,225,101,33,155,,,10,67,109,,,6,,104,140,59,31,128,422,,,14,44,238,135,,792,95,,82,168,32,,,,,,,,,,,,,,,,,,,,,,430,,109,,644,,175,206,190,291,,,,146,94,,,,,,32,,,178,109,,,,23,104,241,,181,86,24,345,,34,,,,,,,,,,,,,,,,,,,,,,,,,,,,,,,,,,,,,,,,,,,,,,,,,,,,291,130,101,267,,,182,62,515,18,149,274,,149,,120,,37,,109,414,265,,,,,,,,,,183,,77,40,,,,
2026-08-24T13:00:01+00:00,,223,55,,408,14,,74,176,286,,140,,,,,,,,,96,,138,,216,,70,,,,758,,14,,228,,154,,,,109,,,,,,,,,,,333,,,,,27,5,0,,,15,,68,,,,1,13,,,,233,,,140,198,,,,,,,,,,,,,,,,,,,,,,,,,,,,,,,,,,,,,,,,,,,,,,,,,,,,,,,,,,,,122,,,,,419,,,,,119,159,,,,,,,173,,,190,,,,,,91,,265,310,,,305,27,,,,328,376,302,175,,,,,,,,,,,,,16,,,17,8,334,,,,,,,,,,80,,,,,,,34,,,,,7,,,,,,26,,,,,,,,,79,,,,,,279,,,89,127,,,,,,,,,,,,,,48,,,,,68,,,,,,196,199,,122,,157,156,,357,39,,329,64,249,313,,199,324,,,135,301,,,1086,,,,269,,105,,,,,,,,,,,21,31,3,6,,,,450,,,,,198,,,130,,,,,,,,,,,,0,,,,,,,,,,,,273,82,26,102,40,,,35,345,246,,,,,,158,,,12,,110,67,79,3,127,,142,61,29,129,428,31,,15,,,,57,,,,,,,,,,,,,,,,,,,,,,,,,,,,433,,104,,645,,,203,188,292,,,,,,,,,,,27,,,,,66,104,,17,107,239,84,184,85,,350,104,44,60,95,366,47,40,,,199,,194,141,196,,208,19,210,,161,145,,,,,,,,,,,,,,,,,,,,,,,,,,,,,,,,,294,,102,265,,78,,65,,19,148,272,,146,,122,40,,,110,416,262,,,,,,,445,,,189,,76,42,,,,
2026-08-24T13:05:01+00:00,77,226,,,413,,,84,178,290,,134,199,,,56,,,,,97,405,142,202,217,,68,,,,,24,18,,,,152,,4,118,111,,110,,19,,,,,134,,336,30,116,,23,28,,,,168,,47,67,81,,,2,,,,,229,6,,141,197,314,75,215,90,74,164,,,,223,,67,53,92,120,266,37,184,,,27,,310,,77,,14,203,20,,142,,13,431,179,80,65,161,,164,786,,,403,,87,114,579,,234,462,50,,350,,,,,,116,,,,,421,,,,,120,161,,,,,,,174,,,193,,419,,195,,93,,271,,,,,,,,,,,,,,,,,,,,,,,,,,,,,,,,,,,,,,,,,,,,,,,,,,,,,,,,,,,,,,,,,,,,,,,,,,,,,,,,,,,,,,,,,,,,,,,,,,,,,,,,,,,,,,,,,331,74,253,308,220,,320,,,134,306,31,,1094,,,,,,,,,,,,,,,,,,,,,,,,,,,,,,,,,,,,,,,,,,,,,,,,,,,,,,,,,,,,,,,,,,,,,,,,,,,,,,,,,,,,,,,,,,,,,,,,,,,,,,,,,,,,,,,,,,,,,,,,,442,64,108,,643,,178,204,184,291,343,,,,,,,,,,28,,,181,,67,103,,25,110,238,,,,,,,,,,,,,,,,,,,,,,,,,,,,,,,,,,,,,,,,,,,,,,,,,,,,,,,,,,,,,,266,,74,181,,,21,151,,,143,,123,38,38,,112,419,264,,,,,,,,,,187,,77,43,,,64,
2026-08-24T13:05:02+00:00,,,,,,,,,,,,,,,,,,,,,,,,,,,,,,,,,,,,,,,,,,,,,,,,,,,,,,,,,,,,,,,,,,,,,,,,,,,,,,,,,,,,,,,,,,,,,,,,,,,,,,,,,,,,,,,,,,,,,,,,,,,,,,,,,,,,,,,,,,,,,,,,,,,,,,,,,,,,,,,,,,,,,,,311,,,311,,,,,333,382,304,172,,449,1125,442,126,198,207,66,,319,390,127,19,,177,17,9,336,,,,,,,,,,84,,,,,,,33,,,,,11,,,,,,27,,,,,,,,,86,,,,,,277,,,90,128,,,,,,,,,82,,,,,49,,,,,69,,,,,,,200,127,128,,,161,,358,,8,,,,,,,,,,,,,,,,,,,,104,,,,,,,,,,,16,34,6,8,,,,,,,,,,,,127,,,,,,,,,,,,1,,,,,,,,,,,,281,84,28,103,,121,46,37,344,247,26,33,,108,34,157,,,,69,113,73,76,2,128,98,143,67,30,,438,30,133,13,43,,134,56,788,,,81,171,28,,,,,,,,,,,,,,,,,,,,,,,,,,,,,,,,,,,,,,,,,,,,,,,,,,,,,85,187,84,25,351,,42,,,,,,,,,,,,,,,,,,,,,,,,,,,,,,,,,,,,,,,,,,,,,,,,,,,,,,,,,,,,,,,,,,,,,,,,,,,,,,,,,,,,,,,,,,
2026-08-24T13:10:02+00:00,78,229,,,414,15,,81,173,,,136,201,,,61,,,,,96,404,139,205,219,,,,,70,769,23,20,,226,,157,,,122,113,,109,,,,,,,,,339,,,,,27,,,,,,48,,,,,4,,,,,228,,,140,195,,,,,,,,,,225,,74,57,,123,273,,,,,36,178,314,,,,10,,26,154,,549,17,429,182,81,66,165,153,165,793,,,404,3,,,,,,,,,,,,,,,,,,,,,,,,,,,,,,,,,,,,,,,,,,,,,310,,,,,,,,,386,300,170,,,,,,,,,,,,,17,,,17,13,343,,,,,,,,,,,,,,,,,32,,,,,19,,,,,,28,,,,,,,,,88,,,,,,280,,,92,129,,,,,,,,,88,,,,,50,,,,,70,,,,,,195,,129,131,139,160,163,,356,,7,325,72,256,325,221,201,325,,,133,302,30,,1103,,,,270,,103,,,,,,,,,,,18,31,4,9,,,,448,,,,,197,,,130,,,,,,,,,,,,0,,,,,,,,,,,,280,83,30,104,43,,47,39,341,246,33,37,237,,33,159,,,,,114,78,75,1,133,96,139,72,31,,451,,134,12,,244,131,57,793,91,,79,174,,,,,,,,,,,,,,,,,,,,,,,,,106,,,,,,,,,,,,96,,,,,,,,,,110,,102,,24,,,104,208,82,,355,105,48,,,,,,,,,,,,,,,,,,,,,,,,,,,,,,,,,,,,,,,,,,,,,,,,,,,,296,132,100,261,,81,,,520,22,156,271,40,141,,,39,36,,113,423,262,,,,,,,447,120,,186,,78,47,,,75,
2026-08-24T13:15:02+00:00,77,232,,,412,,,80,175,289,,134,196,,,,,,,,,,,200,224,,67,,,,776,,,34,225,,153,,5,124,,,,,,,,,,133,,,,,,26,30,,,,170,13,49,73,,,79,2,14,,,,229,,,141,197,308,76,216,85,85,161,,193,,,,,,,,,,,,,,,,,,,,,,,,,,,,,,,,,,,,,,92,112,584,,231,466,,40,358,,,,,,111,,,,,427,,,,,125,162,,,,,,,175,,,190,,424,,198,,97,,275,312,,560,312,29,,,,332,380,,181,271,448,1131,431,125,200,206,69,271,313,394,136,11,,178,17,12,346,,,,,,,,,,85,,,,,,,34,,,55,,22,,,,,,29,,,,,,,,,90,,,,,,288,,,91,,,,,,,,,,87,,,,,49,,,,,,,,,,,197,208,133,141,143,,162,,359,38,,321,73,257,323,,203,323,101,,131,301,35,,1106,,,,269,,101,,,,,,,,,,,20,30,5,7,,,,447,,,,,,,,,,,,,,,,,,,,1,,,,,,,,,,,,,85,,,,,46,42,344,248,36,38,242,105,32,162,4,,,,,88,,0,136,94,140,75,32,,449,,,,,246,132,,800,93,,80,172,30,,,,,,,,,,,,,,,,,,,,,,,,105,,,,177,,182,290,345,,,,95,,,,,,30,,,183,109,78,101,,28,115,237,108,211,93,29,363,109,55,63,88,367,,34,117,28,,184,193,144,194,,210,,207,,164,141,,,,,,,,,,,,,,,,,,,,,,,,,,,,,,,,,302,,99,262,,79,184,67,,,155,275,43,146,,,40,,,117,425,264,,,,,,,446,,,190,,81,48,,,,
2026-08-24T13:20:01+00:00,78,236,,,414,18,,68,176,290,,129,192,,,,,,,,,,,,217,,65,,,68,785,24,,35,227,,156,,,,116,,111,,,,,,,,,337,31,,,22,,6,,,171,,54,76,,,80,4,,,,,230,7,,,201,,,,,,,,,,228,30,77,63,97,124,277,35,182,209,151,44,,317,,,108,13,199,32,,,554,13,426,184,87,69,136,,166,802,,,408,2,,,,,,,,,,,,,,,,,,,,,,,,,,,,,,,,,,,,,,,,,,,,,311,,559,310,30,,,,329,388,301,187,,,,,,,,,,,,,15,,180,16,9,348,,,,,,,,,,,,,,,,,35,,,58,,24,,,,,,,,,,,,,,,93,,,,,,287,,,89,,,,,,,,,,85,,,,,,,,,,69,,,,,,,207,138,,147,164,156,,360,36,,318,72,255,322,,204,329,103,,,299,,,1115,,,,272,,100,,,,,,,,,,,17,32,6,9,,,,449,,,,,200,,,,,,,,,,,,,,,,,,,,,,,,,,,282,87,31,103,44,,48,51,345,246,,,246,108,31,164,,,,,116,84,74,1,135,93,139,,27,128,459,,,10,47,242,130,,814,97,,83,174,44,,,,,,,,,,,,,,,,,,,,,,453,68,104,,640,,180,203,187,292,344,,,,98,,,,,,27,,,184,113,82,105,32,23,122,242,106,209,101,30,365,107,63,,,,,,,,,,,,,,,,,,,,,,,,,,,,,,,,,,,,,,,,,,,,,,,,,,,,306,,96,257,,77,183,68,521,21,158,273,,,,125,39,37,,119,,263,,,,,,,447,,,204,,78,49,,,,
2026-08-24T13:25:02+00:00,82,237,,,413,19,,,177,291,,136,193,,,,,,,,,,,203,219,,63,,,69,786,23,21,33,231,,154,,,125,115,,112,,,,,,,,,336,,115,,20,,5,,,,12,,77,,234,81,,,,,,,1,,137,196,306,67,208,87,90,164,,,,232,28,74,82,102,127,273,,184,,157,55,179,320,2,81,,18,204,49,156,,556,18,,181,88,68,134,156,170,806,,3,,9,94,,597,,232,465,,42,359,,,,,,106,,,,,434,,,,,127,,,,,,,,174,,,187,,434,,211,,102,,285,,,,314,28,,,,,395,,190,,449,1143,416,126,205,204,,,,398,138,14,,,17,10,,,,,,,,,,,,,,,,,,37,,,59,,17,,,,,,32,,,,,,,,,92,,,,,,291,,,,,,,,,,,,,87,,,,,,,,,,71,,,,,,,208,135,143,142,167,158,,362,34,,319,67,261,330,,206,324,105,,128,295,36,,1118,,,,275,,101,,,,,,,,,,,18,30,8,,,,,450,,,,,205,,,133,,,,,,,,,,,,,,,,,,,,,,,,,85,30,102,,120,,57,346,252,,37,247,109,,161,,,,66,,92,73,2,,91,136,80,25,127,481,,135,11,,,128,58,825,102,,,,43,,,,,,,,,,,,,,,,,,,,,,454,67,,,643,,177,202,189,,345,,,,101,,,,,,28,,,186,110,88,104,38,31,124,243,107,211,108,29,367,106,,,,,,,,,,,,,,,,,,,,,,,,,,,,,,,,,,,,,,,,,,,,,,,,,,,,,309,,93,251,,80,185,,518,22,156,275,,145,,126,40,38,,120,423,264,,,,,,,451,,,211,,82,51,,,78,
2026-08-24T13:30:02+00:00,85,240,,147,418,23,,71,184,290,,129,191,,,,,,,,,,,204,215,,,,,74,784,,20,32,,,158,,,127,117,,111,,20,,,,,,,340,30,114,,19,29,4,,,172,11,50,80,82,,,,15,,,,,0,,139,194,,,,,,,,,,,,,,,,,,,,,,,,,,,,,,,,,,,,,,,,,,,,,,,,,,,,,,,,,,,,,,,,,,,,,,,,,,,,,,,,,,,,,,,,,,314,,560,313,32,,,,328,,302,183,,,,,,,,,,,,,17,,182,16,13,349,,,,,,,,,,83,,,,,,,,,,60,,18,,,,,,,,,,,,,,,86,,,,,,293,,,85,,,,,,,,,,85,,,,,48,,,,,,,,,,,,205,136,142,,168,163,,366,31,,323,74,266,338,225,205,325,107,,,300,41,,1125,,,,282,,100,,,,,,,,,,,14,29,6,11,,,,,,,,,204,,,127,,,,,,,,,,,,2,,,,,,,,,,,,279,84,31,103,46,119,,61,349,251,,38,244,105,32,162,,,,,,93,74,,136,90,134,81,26,128,493,32,,12,45,243,121,,824,104,,,,41,,,,,,,,,,,,,,,,,,,,,,,,,,,,,,,,,,,,,,,,,,,,,,,,,,,,,,217,106,32,376,,,65,82,366,53,35,113,30,,195,184,137,,,211,16,204,,168,146,,,,,,,,,,,,,,,,,,,,,,,,,,,,,,,,,310,131,91,247,,,188,67,519,21,153,273,42,142,,131,42,37,,117,422,265,,,,,,,453,,,215,,,48,,,,
2026-08-24T13:35:01+00:00,,243,,,420,22,,74,186,293,,,194,,,,,,,,,,,207,221,,64,,,75,791,,24,31,230,,159,,4,126,,,,,19,,,,,,,337,32,111,,,30,,1,,173,8,48,83,81,235,,,,,,,233,2,,142,,301,74,214,91,95,163,,,,233,,78,89,,134,270,33,,,158,56,,322,3,,109,20,200,53,,143,557,17,425,,,,136,155,173,820,,2,410,8,96,116,607,85,223,463,51,40,358,,,,,,96,,,,,438,,,,,128,160,,,,,,,177,,,190,,430,,215,,104,,292,317,,,,31,,,,327,400,301,180,,447,1146,404,,209,199,70,,,,,20,,187,17,,357,,,,,,,,,,78,,,,,,,36,,,,,17,,,,,,31,,,,,,,,,82,,,,,,290,,,80,,,,,,,,,,86,,,,,47,,,,,,,,,,,,206,142,144,141,,,,367,30,,321,75,267,343,227,209,332,108,,131,303,35,,1130,,,,284,,,,,,,,,,,,,9,30,,,,,,,,,,,205,,,130,,,,,,,,,,,,0,,,,,,,,,,,,276,,32,105,50,,,69,,248,,,243,109,31,164,,,,67,115,88,73,0,140,,142,84,25,129,501,,,,,,,,,,,,,,,,,,,,,,,,,,,,,,,,,,,452,66,106,,644,,176,205,181,,,,,,100,,,,,,29,,,191,,90,100,36,41,131,245,103,224,111,36,382,108,58,,,,,,,,,,,,,,,,,,,,,,,,,,,,,,,,,,,,,,,,,,,,,,,,,,,,314,,,249,,82,187,70,518,18,157,,44,145,,,40,,,120,421,,,,,,,,,,,211,,110,47,,,76,
2026-08-24T13:40:01+00:00,82,245,,,418,27,,75,190,291,,131,193,,,,,,,,,,,,219,,,,,76,797,,32,32,229,,162,,3,,118,,,,20,,,,,132,,341,,116,,22,31,7,0,,,,53,87,82,,,3,,,,,234,0,,143,193,,,,,,,,,,,,,,,,,,,,,,,,,,,,,,,,,,,,,,,,,,,,,,,,,,,,,,,,,,,,,,,,,,,,,,,,,,,,,,,,,,,,,,,,,,318,,559,311,33,,,,,398,297,,,,,,,,,,,,,,22,,188,16,,,,,,,,,,,,71,,,,,,,,,,,,18,,,,,,,,,,,,,,,77,,,,,,293,,,79,,,,,,,,,,87,,,,,,,,,,,,,,,,,209,146,145,145,172,170,,372,32,,322,74,265,346,228,214,333,,,132,298,,,1140,,,,285,,,,,,,,,,,,,11,33,5,12,,,,,,,,,208,,,133,,,,,,,,,,,,,,,,,,,,,,,,271,81,,106,46,120,,72,346,244,,,251,117,32,163,,,13,,119,,70,,142,91,144,85,31,,517,31,,16,46,,130,,830,106,,84,173,44,,,,,,,,,,,,,,,,,,,,,,455,65,104,,638,,174,209,173,,,,,,,,,,,,27,,,193,109,92,97,,37,135,244,,230,115,39,,106,,,,,,,,,,,,,,,,,,,,,,,,,,,,,,,,,,,,,,,,,,,,,,,,,,,,,319,,89,243,,85,188,,519,19,160,274,45,,,133,37,,,116,,264,,,,,,,,,,212,,108,46,,,73,
2026-08-24T13:45:01+00:00,81,,,,420,26,,80,186,292,,127,199,,,,,,,,,,,,221,,,,,77,802,22,28,,,,169,,6,129,,,109,,19,,,,,,,345,,,,25,,5,,,172,5,52,90,80,233,82,2,,,,,236,,,144,190,297,62,221,97,98,158,,,,,,79,98,107,136,264,34,,211,162,74,176,324,,,110,21,195,58,,145,559,20,436,190,96,69,133,158,174,835,,3,411,10,,113,624,92,231,466,52,,357,,,,,,91,,,,,441,,,,,129,161,,,,,,,176,,,189,,431,,221,,106,,296,,,558,,,,,,,407,296,182,,446,1144,399,129,,197,72,,314,401,143,24,,194,16,16,359,,,,,,,,,,67,,,,,,,,,,,,19,,,,,,,,,,,,,,,67,,,,,,295,,,76,,,,,,,,,,92,,,,,48,,,,,,,,,,,,208,149,147,143,179,171,,,38,8,319,83,271,340,232,212,328,110,,128,304,38,,1149,,,,,,99,,,,,,,,,,,15,32,4,,,,,,,,,,210,,,138,,,,,,,,,,,,1,,,,,,,,,,,,275,79,,107,40,122,,83,350,249,,,253,119,33,165,,,,68,,90,66,,144,93,,89,34,,531,,,17,,241,139,,827,103,,85,174,47,,,,,,,,,,,,,,,,,,,,,,456,,103,,641,,177,,,294,347,,,,101,,,,,,25,,,,110,102,100,39,33,139,247,102,239,114,40,377,105,59,,,,,,,,,,,,,,,,,,,,,,,,,,,,,,,,,,,,,,,,,,,,,,,,,,,,322,132,,245,,90,186,68,520,12,162,,,,,137,41,35,,113,422,262,,,,,,,,,,215,,105,48,,,78,
2026-08-24T13:50:01+00:00,77,248,,148,421,24,,,190,291,,129,194,,,,,,,,,,,,,,65,,,78,805,,29,29,231,,171,,,132,120,,,,20,,,,,,,,31,,,26,,,,,,3,,,82,,81,,,,,,231,,,142,188,,,,,,,,,,,,,,,,,,,,,,,,,,,,,,,,,,,,,,,,,,,,,,,,,,,,,,,,,,,,,,,,,,,,,,,,,,,,,,,,,,,,,,,,,,321,,559,314,32,,,,328,405,,188,,,,,,,,,,,,,27,,193,16,19,365,,,,,,,,,,71,,,,,,,39,,,59,,24,,,,,,30,,,,,,,,,,,,,,,303,,,73,,,,,,,,,,96,,,,,,,,,,,,,,,,,213,152,,,181,173,,374,39,,318,86,272,,235,208,323,,,130,311,32,,1162,,,,292,,,,,,,,,,,,,17,30,5,14,,,,,,,,,211,,,143,,,,,,,,,,,,0,,,,,,,,,,,,283,,33,,42,123,,89,356,247,,39,260,120,35,161,,,14,66,121,91,69,,148,92,148,97,32,127,560,,,19,44,246,136,,831,108,,83,175,44,,,,,,,,,,,,,,,,,,,,,,461,,106,,638,,179,,178,291,350,,,,102,,,,,,23,,,,107,105,99,37,30,143,249,122,228,119,36,395,106,58,61,75,,57,28,112,28,201,202,174,,195,,213,13,217,,167,147,,,,,,,,,,,,,,,,,,,,,,,,,,,,,,,,,321,131,,250,,97,,66,519,,168,,,143,,139,42,38,,118,423,264,,,,,,,452,,,213,,102,46,,,,
2026-08-24T13:55:01+00:00,74,251,,,416,26,,74,188,293,,134,192,,,,,,,,,,,206,219,,66,,,76,810,23,24,30,227,,172,,,133,,,110,,,,,,,,,351,,,,,32,7,,,171,,54,95,81,,,3,14,,,,230,,,137,185,296,46,226,77,101,160,,,,234,29,78,103,106,137,279,37,183,210,164,76,,327,7,85,111,,202,53,157,146,563,21,440,193,97,74,136,155,176,827,,,415,13,,111,631,89,236,,53,39,363,,,,,,90,,,,,442,,,,,,164,,,,,,,179,,,191,,435,,234,,100,,308,319,,,309,34,,,,330,,294,191,269,449,1151,398,,,194,74,,318,396,152,,,190,16,,370,,,,,,,,,,70,,,,,,,41,,,,,,,,,,,,,,,,,,,,,,,,,,306,,,75,127,,,,,,,,,,,,,,45,,,,,,,,,,,198,210,,145,142,184,172,,,38,,324,91,275,339,,211,320,111,,132,310,34,,1168,,,,295,,102,,,,,,,,,,,18,31,6,13,,,,,,,,,210,,,145,,,,,,,,,,,,5,,,,,,,,,,,,287,,35,108,38,,50,,358,243,,,258,123,37,,3,,,65,120,,76,,156,,149,103,34,,571,,,20,42,249,134,,828,105,,84,,,,,,,,,,,,,,,,,,,,,,,,460,66,109,,631,,183,,179,289,351,,,,,,,,,,22,,,195,,110,93,,33,146,245,123,229,,40,404,104,56,,,,,,,,,,,,,,,,,,,,,,,,,,,,,,,,,,,,,,,,,,,,,,,,,,,,322,,90,249,,94,184,68,,15,172,,,,,138,37,,,114,424,261,,,,,,,453,,,215,,98,,,,80,
2026-08-24T14:00:01+00:00,73,254,,147,426,29,,80,189,297,,138,199,,,,,,,,,,,215,221,,65,,,78,815,,28,29,226,,174,,5,134,,,109,,,,,,,131,,352,,,,23,31,6,,,173,4,58,96,,232,80,2,,121,,,,,,,186,,,,,,,,,,235,25,87,117,111,138,284,43,185,,,75,175,334,12,92,,28,201,45,,142,564,24,451,200,101,79,138,,,849,,,419,14,,,,,,,,,,,,,,,,,,,,,,,,,,,,,,,,,,,,,,,,,,,,,318,,560,308,35,,,,,,295,,,,,,,,,,,,,,33,,191,16,,,,,,,,,,,,66,,,,,,,,,,60,,,,,,,,29,,,,,,,,,64,,,,,,317,,,77,,,,,,,,,,95,,,,,44,,,,,,,,,,,,214,155,,144,187,171,,,36,,323,81,284,336,236,213,,114,,130,316,39,,1177,,,,297,,104,,,,,,,,,,,19,30,10,15,,,,449,,,,,215,,,,,,,,,,,,,,,6,,,,,,,,,,,,288,80,34,106,36,,51,92,357,247,,,256,124,38,,,,15,,119,92,78,,162,93,152,110,36,129,586,,,,,,137,,835,110,,85,,50,,,,,,,,,,,,,,,,,,,,,,,,111,,,,,,,,,,,,,,,,,,24,,,194,108,,91,39,24,150,,127,235,124,49,415,103,50,,,,,,,,,,,,,,,,,,,,,,,,,,,,,,,,,,,,,,,,,,,,,,,,,,,,323,130,155,248,,96,177,72,,14,185,,,144,,137,,,,117,422,260,,,,,,,451,,,220,,,44,,,,
2026-08-24T14:05:02+00:00,70,257,,,429,31,,79,190,301,,146,,,,,,,,,,,,,218,,64,,,,,,27,,224,,175,,,135,,,111,,19,,,,,,,354,,,,26,,9,1,,,3,60,98,80,,,4,,122,,,,,,135,191,302,41,225,76,,161,,195,,,,,,,,,,,,,,,,,,,,,,,,,,,,,,,,,,,,,,94,110,638,87,233,459,,32,,,,,,,81,,,,,444,,,,,133,167,,,,,,,169,,,197,,434,,243,,105,,313,317,,,311,38,,,,329,404,292,194,,,1154,412,128,,200,78,,,399,147,38,,195,16,23,378,,,,,,,,2,,,,,,,,,39,,,57,,,,,,,,28,,,,,,,,,74,,,,,,313,,,79,,,,,,,,,,97,,,,,43,,,,,,,,,,,,222,158,152,143,,176,,373,34,,325,76,283,347,238,,327,115,,,315,37,,1188,,,,300,,,,,,,,,,,,,16,29,9,,,,,450,,,,,,,,154,,,,,,,,,,,,7,,,,,,,,,,,,284,79,32,,33,,52,97,362,245,35,40,260,127,39,165,,,,66,120,88,,,171,98,151,119,34,130,612,32,,16,46,247,136,59,829,115,,84,176,52,,,,,,,,,,,,,,,,,,,,,,468,64,116,,632,,,215,165,286,350,,,,101,,,,,,23,,,192,109,119,88,31,20,152,248,134,240,125,54,406,105,49,56,71,369,60,32,111,27,207,203,179,156,196,,214,12,224,,168,146,,,,,,,,,,,,,,,,,,,,,,,,,,,,,,,,,324,,154,251,1,92,175,71,,12,191,277,,146,,138,36,39,,,424,261,,,,,,,457,,,224,,102,45,,,,
2026-08-24T14:10:02+00:00,71,260,,,428,34,,81,188,,,152,201,,,,,,,,,,,212,216,,63,,,,822,,30,31,,,174,,,137,124,,114,,18,,,,,,,356,,,,25,,,3,,,,65,102,,233,,5,13,,,,227,,,,194,,,,,,,,,,237,18,86,118,112,140,288,46,,211,163,88,,,14,93,,31,200,49,,144,566,,453,,,80,135,156,173,854,,2,420,,,,,,,,,,,,,,,,,,,,,,,,,,,,,,,,,,174,,,199,,441,,255,,109,,317,316,,562,312,39,,,,328,407,291,196,,,,,,,,,,,,,41,,194,16,27,385,,,,,,,,,,65,,,,,,,41,,,,,,,,,,,27,,,,,,,,,79,,,,,,323,,,81,,,,,,,,,,96,,,,,42,,,,,70,,,,,,,223,165,154,,188,173,,376,31,,329,87,285,357,241,222,,116,,135,318,32,,1193,,,,303,,105,,,,,,,,,,,15,30,5,12,,,,,,,,,220,,,160,,,,,,,,,,,,5,,,,,,,,,,,,277,82,,,36,122,53,102,363,247,,41,267,135,,166,,,,68,122,95,80,,178,101,154,124,32,,627,,133,19,50,248,151,60,824,116,,86,,,,,,,,,,,,,,,,,,,,,,,,471,65,117,,635,,184,216,171,,352,,,,104,,,,,,24,,,195,113,118,89,,23,163,251,132,245,126,51,419,,62,,,,,,,,,,,,,,,,,,,,,,,,,,,,,,,,,,,,,,,,,,,,,,,,,,,,326,131,155,248,-100,94,172,70,518,10,195,,44,144,,141,34,40,,118,426,,,,,,,,460,,,225,,103,47,,,87,
2026-08-24T14:15:01+00:00,70,263,,,430,,,87,190,,,154,203,,,,,,,,,,,214,220,,61,,,80,824,,36,32,226,,177,,8,138,125,,116,,,,,,,,,360,33,,,26,33,10,7,,172,1,64,110,78,234,82,,,,,,219,,,136,189,293,39,,77,94,160,,197,,210,26,94,130,121,144,307,,196,,167,95,174,337,11,,,35,202,44,,146,686,23,463,203,106,87,148,157,183,861,,,423,17,,105,644,92,234,460,,43,,,,,,,86,,,,,450,,,,,132,170,,,,,,,,,,,,,,,,,,,317,,,315,40,,,,,415,297,201,272,446,1161,425,,211,204,,,317,402,146,42,,197,16,28,394,,,,,,,,7,,,,,,,,,38,,,59,,25,,,,,,24,,,,,,,,,71,,,,,,324,,,83,,,,,,,,,,100,,,,,,,,,,,,,,,,196,216,178,,146,191,178,,,30,,337,100,288,359,,223,325,,,140,322,33,,1207,,,,305,,106,,,,,,,,,,,16,,4,,,,,,,,,,224,,,163,,,,,,,,,,,,4,,,,,,,,,,,,,,,105,35,,,106,365,253,,,268,137,,165,,,,67,123,,83,,183,102,156,128,29,131,640,33,,18,52,246,158,59,828,,,87,177,54,,,,,,,,,,,,,,,,,,,,,,,,,,,,,,,,,,,,,,,,,,,,,,,,,,,,,138,249,128,50,,104,66,,,,,,,,,,,,,,,,,,,,,,,,,,,,,,,,,,,,,,,,,,,,,,,,,,,,327,132,,253,1,101,176,68,522,17,192,278,,143,,142,36,42,,,424,,,,,,,,,,,227,,106,51,,,,
2026-08-24T14:20:02+00:00,68,269,,,,37,,89,,304,,150,205,,,,,,,,,,,213,225,,60,,,78,825,24,39,33,227,,179,,,,,,118,,21,,,,,130,,364,34,,,24,,,4,,173,0,66,114,77,,81,,14,123,,,218,,,135,185,,,,,,,,,,,,,,,,,,,,,,,,,,,,,,,,,,,,,,,,,,,,,,,,,,,,,,,,,,,,,,,,,,,,,,,,,,,,,,176,,,200,,442,,,,,,321,320,,,320,39,,,,329,412,296,,,,,,,,,,,,,,40,,,17,35,404,,,,,,,,,,63,,,,,,,41,,,,,23,,,,,,,,,,,,,,,69,,,,,,323,,,,,,,,,,,,,101,,,,,40,,,,,,,,,,,,214,183,,151,193,181,,,29,,340,107,292,365,249,227,327,121,,144,325,32,,1215,,,,307,,105,,,,,,,,,,,15,32,9,,,,,,,,,,228,,,166,,,,,,,,,,,,3,,,,,,,,,,,,281,84,35,110,43,124,55,115,378,256,,42,271,140,40,164,,,14,68,127,99,85,,200,104,159,137,37,132,663,32,132,21,53,249,165,,831,112,,88,175,59,,,,,,,,,,,,,,,,,,,,,,476,64,120,,631,,190,206,167,284,355,,,,105,,,,,,29,,,200,114,126,92,53,27,169,248,145,261,126,53,414,105,73,58,84,370,76,38,113,28,210,198,185,161,202,,217,10,229,,174,142,,,,,,,,,,,,,,,,,,,,,,,,,,,,,,,,,331,,158,261,-100,102,179,69,526,22,,283,,,,,39,41,,122,,,,,,,,,461,,,234,,103,50,,,85,
2026-08-24T14:25:02+00:00,,271,,,435,31,,87,191,306,,153,206,,,,,,,,,,,216,220,,,,,75,822,,43,36,228,,181,,,140,126,,,,24,,,,,131,,363,,,,23,,,5,,171,,,116,78,,82,4,,124,,,217,,,136,,289,45,224,86,99,,,,,211,33,99,136,126,,312,43,197,210,168,96,173,342,13,95,110,37,,,,,687,26,466,204,108,89,147,159,186,865,,,424,,92,99,662,95,230,464,54,47,365,,,,,,87,,,,,457,,,,,134,171,,,,,,,175,,,201,,,,275,,108,,337,322,,561,323,40,,,,328,,298,199,273,445,1170,431,,220,,,274,316,406,153,42,,202,17,43,409,,,,,,,,8,,67,,,,,,,43,,,60,,,,,,,,25,,,,,,,,,74,,,,,,327,,,82,,,,,,,,,,,,,,,,,,,,,,,,,,198,209,193,155,152,196,183,,377,,,339,,298,374,251,224,330,124,,149,,29,,1223,,,,310,,106,,,,,,,,,,,19,27,,,,,,,,,,,229,,,175,,,,,,,,,,,,4,,,,,,,,,,,,283,87,,,44,125,54,118,381,259,36,40,273,138,,163,,,,,,94,,,207,103,157,144,,134,667,33,133,20,,,,,,,,,,,,,,,,,,,,,,,,,,,,,,,,,65,,,633,,194,,169,,,,,,,,,,,,,,,,,127,,,,,247,148,275,133,56,430,106,72,,,,,,,,,,,,,,,,,,,,,,,,,,,,,,,,,,,,,,,,,,,,,,,,,,,,333,,,264,,,186,68,523,25,193,285,,142,,139,36,42,,124,427,262,,,,,,,463,,,247,,,54,,,92,
2026-08-24T14:30:02+00:00,70,273,,,438,28,,96,,310,,148,208,,,,,,,,,,,223,,,,,,,829,26,44,,229,,183,,7,141,,,117,,27,,,,,135,,365,35,,,24,37,,0,,,,64,117,76,233,84,7,,123,,,,,,138,187,,,,,,,,,,,,,,,,,,,,,,,,,,,,,,,,,,,,,,,,,,,,,,,,,,,,,,,,,,,,,,,,,,,,,,,,,,,,,,,,,,,,,,,,,,,,,,,,,,327,414,,195,,,,,,,,,,,,,43,,207,17,,415,,,,,,,,13,,68,,,,,,,42,,,59,,,,,,,,24,,,,,,,,,81,,,,,,328,,,83,126,,,,,,,,,102,,,,,41,,,,,,,,,,,200,212,198,156,150,195,184,,374,32,,349,96,302,381,254,226,336,128,,150,318,34,,1232,,,,309,,104,,,,,,,,,,,,,,10,,,,,,,,,232,,,,,,,,,,,,,,,7,,,,,,,,,,,,277,88,,106,47,123,,121,,262,37,,274,139,,,,,,67,133,98,83,,215,,155,146,38,,685,,136,,61,250,173,58,833,117,,91,179,66,,,,,,,,,,,,,,,,,,,,,,,,127,,,,,207,,,,,,,106,,,,,,32,,,202,116,,93,45,30,176,,145,291,135,52,425,,,,,,,,,,,,,,,,,,,,,,,,,,,,,,,,,,,,,,,,,,,,,,,,,,,,,,338,,157,267,,108,190,70,,31,194,286,45,143,,137,,43,,125,,261,,,,,,,464,121,,249,,102,55,,,98,
2026-08-24T14:35:01+00:00,67,272,,,433,29,,91,184,313,,152,211,,,66,,,,,72,418,218,235,216,,58,,,76,,,46,38,228,,185,,,142,,,120,,26,,,,,136,,366,,,,27,38,11,3,,172,,67,120,74,235,,8,15,122,,,212,,,,189,277,,230,87,100,162,,198,,213,38,100,146,134,148,316,45,199,212,167,111,,348,14,97,,48,214,47,158,147,692,25,470,211,109,94,151,,189,881,,,428,18,94,,673,98,243,469,,48,359,,,,,,80,,,,,460,,,,,137,174,,,,,,,166,,,205,,439,,283,,113,,349,323,,560,329,,,,,326,417,299,197,277,444,1171,432,129,217,203,79,275,317,404,,47,,206,17,34,428,,,,,,,,17,,77,,,,,,,45,,,60,,22,,,,,,,,,,,,,,,95,,,,,,330,,,86,127,,,,,,,,,99,,,,,,,,,,69,,,,,,201,,207,161,153,197,188,,373,,,351,97,312,382,261,234,333,,,,319,36,,1240,,,,311,,106,,,,,,,,,,,17,,7,13,,,,449,,,,,233,,,178,,,,,,,,,,,,5,,,,,,,,,,,,271,89,,105,48,,,125,385,260,,,282,142,,162,,,13,70,134,104,,,223,108,161,148,,135,691,32,134,19,,,,,,,,,,,,,,,,,,,,,,,,,,,,,,,,474,66,130,,,,198,208,167,,354,,,,105,,,,,,31,,,206,117,129,,67,25,175,248,149,305,132,50,429,,79,57,81,375,81,46,118,31,207,199,182,156,208,,221,9,,,172,134,,,,,,,,,,,,,,,,,,,,,,,,,,,,,,,,,341,131,156,265,,105,189,71,518,28,196,285,47,142,,,35,44,,,426,262,,,,,,,463,,,253,,104,57,,,,
2026-08-24T14:40:01+00:00,64,276,,,438,25,,90,181,316,,149,215,,,59,,,,,85,,225,241,229,,,,,78,828,25,44,35,229,,184,,,144,128,,122,,27,,,,,135,,369,34,,,25,,,0,,,,68,123,71,234,87,11,,,,,214,,,,188,,,,,,,,,,,,,,,,,,,,,,,,,,,,,,,,,,,,,,,,,,,,,,,,,,,,,,,,,,,,,,,,,,,,,,,,,,,,,,,,,,,,,,,,,,322,,,335,41,,,,327,410,301,200,,,,,,,,,,,,,,,211,17,30,434,,,,,,,,16,,82,,,,,,,46,,,61,,25,,,,,,25,,,,,,,,,106,,,,,,335,,,88,,,,,,,,,,101,,,,,42,,,,,68,,,,,,200,223,208,165,155,205,191,,374,34,,355,94,310,390,265,245,336,129,,152,322,33,,1250,,,,313,,105,,,,,,,,,,,21,29,8,12,,,,448,,,,,234,,,184,,,,,,,,,,,,,,,,,,,,,,,,273,90,38,,46,,,131,391,258,,,287,146,,166,,,,71,137,101,86,1,225,109,163,150,39,,694,,133,,62,252,175,59,828,128,,93,178,69,,,,,,,,,,,,,,,,,,,,,,469,,131,,628,,201,,166,288,,,,,,,,,,,32,,,208,119,138,,,33,,,152,323,134,51,437,108,86,,,,,,,,,,,,,,,,,,,,,,,,,,,,,,,,,,,,,,,,,,,,,,,,,,,,345,133,157,269,,110,196,75,522,,197,286,,140,,138,33,43,,129,425,265,,,,,,,465,,,258,,105,55,,,,
2026-08-24T14:45:02+00:00,66,277,,,448,26,,92,,315,,148,216,,,51,,,,,95,415,237,245,227,,60,,,80,838,,43,,228,,185,,9,,,,,,,,,,,,,,33,115,,23,37,,2,,,,66,125,66,233,89,10,14,,,,220,,,,189,276,47,243,101,98,168,,,,216,44,103,150,135,152,332,43,198,213,173,120,176,350,11,98,111,52,221,57,,,695,,,214,112,107,156,163,190,888,,,,,95,89,669,105,247,468,55,49,361,,,,,,79,,,,,466,,,,,140,175,,,,,,,160,,,207,,440,,293,,118,,362,,,,339,43,,,,,,299,203,278,443,1187,440,130,222,204,,,319,402,152,,,212,17,31,437,,,,,,,,19,,84,,,,,,,49,,,,,27,,,,,,27,,,,,,,,,111,,,,,,341,,,,,,,,,,,,,105,,,,,,,,,,,,,,,,201,230,206,167,160,209,198,,377,,9,356,99,311,393,266,250,347,130,,156,319,31,,1263,,,,316,,106,,,,,,,,,,,20,31,7,,,,,,,,,,231,,,186,,,,,,,,,,,,,,,,,,,,,,,,259,,39,104,,120,53,130,393,256,,,286,145,,169,,,,69,141,102,85,2,233,115,161,158,36,134,707,,131,20,63,256,187,57,820,126,,,183,82,,,,,,,,,,,,,,,,,,,,,,466,,132,,,,198,209,162,289,353,,,,,,,,,,34,,,,120,139,95,,30,180,251,159,333,135,55,451,107,,,,,,,,,,,,,,,,,,,,,,,,,,,,,,,,,,,,,,,,,,,,,,,,,,,,,347,131,158,272,4,116,191,76,523,25,194,,,137,,139,31,,,131,,266,,,,,,,466,,,251,,109,,,,92,
2026-08-24T14:50:01+00:00,67,280,,,,30,,,180,316,,,214,,,46,,,,,97,412,246,247,233,,62,,,79,841,26,46,37,225,,179,,,143,129,,121,,28,,,,,,,370,34,116,,,38,12,10,,,,,123,62,234,86,12,13,121,,,218,,,137,188,282,43,242,,99,170,,,,218,47,110,156,137,154,338,41,,,172,116,177,353,12,,,53,224,62,,,696,24,478,221,114,110,177,165,186,887,,,,17,,,,,,,,,,,,,,,,,,,,,,,,,,,,,,,,,,,,206,,,,297,,120,,367,321,,562,341,42,,,,326,406,301,204,,,,,,,,,,,,,54,,217,17,,448,,,,,,,,,,,,,,,,,50,,,60,,28,,,,,,,,,,,,,,,117,,,,,,334,,,90,128,,,,,,,,,107,,,,,43,,,,,,,,,,,,237,208,,161,213,204,,379,36,,363,106,314,392,267,,350,,,,316,32,,1266,,,,314,,107,,,,,,,,,,,24,,6,,,,,449,,,,,229,,,190,,,,,,,,,,,,,,,,,,,,,,,,266,93,40,,49,121,54,137,396,262,,,292,148,,171,,,14,70,146,101,,3,237,117,,162,37,133,713,33,,22,,,,,,,,,,,,,,,,,,,,,,,,,,,,,,,,473,65,137,,,,199,207,165,,,,,,,,,,,,35,,,209,,147,93,68,35,186,254,161,351,131,54,457,105,90,56,84,373,82,53,121,32,203,198,179,157,204,,220,8,235,,170,144,,,,,,,,,,,,,,,,,,,,,,,,,,,,,,,,,350,,159,278,,117,197,77,526,30,196,287,48,139,,140,34,44,,129,428,265,,,,,,,,,,,,,50,,,,
2026-08-24T14:55:02+00:00,,,,,,31,,96,178,,,150,217,,,41,,,,,107,410,251,249,231,,61,,,78,839,28,49,35,,,,,,,130,,120,,27,,,,,,,371,35,,,,39,,5,,171,,63,124,58,,85,14,14,,,,222,,,136,,,,,,,,,,,,,,,,,,,,,,,,,,,,,,,,,,,,,,,,,,,,,,,99,81,682,106,250,464,,55,,,,,,,83,,,,,465,,,,,136,176,,,,,,,,,,,,,,,,,,,322,,563,348,,,,,329,402,305,203,279,448,1198,435,,221,203,82,,317,,148,,,218,17,28,462,,,,,,,,18,,83,,,,,,,51,,,,,31,,,,,,28,,,,,,,,,114,,,,,,337,,,88,,,,,,,,,,109,,,,,42,,,,,,,,,,,200,247,209,164,169,215,207,,381,34,8,362,109,317,395,272,265,355,131,,163,321,40,,1278,,,,315,,,,,,,,,,,,,25,,8,,,,,447,,,,,230,,,194,,,,,,,,,,,,6,,,,,,,,,,,,270,,41,102,46,122,,138,398,261,,39,295,149,,174,,,,,149,,88,2,239,,162,167,38,135,720,,,25,70,259,216,60,821,140,,87,187,88,,,,,,,,,,,,,,,,,,,,,,474,64,141,,634,,,216,172,291,358,,,,107,,,,,,36,,,212,121,151,94,57,44,188,,165,365,133,60,461,,92,,,,,,,,,,,,,,,,,,,,,,,,,,,,,,,,,,,,,,,,,,,,,,,,,,,,353,132,,,3,122,,78,524,26,200,292,47,,,,37,45,,134,,262,,,,,,,468,,,247,,116,49,,,86,
2026-08-24T15:00:01+00:00,68,281,,149,444,,,99,174,,,149,216,,,34,,,,,120,411,259,257,233,,62,,,,846,,50,36,224,,183,,,141,135,,,,,,,,,,,370,37,,,21,38,13,0,,,,62,123,57,,,16,,122,,,223,,,139,,286,38,,98,102,174,,,,222,46,124,172,143,164,344,44,200,,177,128,178,352,,101,112,60,235,58,157,151,700,25,470,,,116,175,,183,895,,1,,15,,,,,,,,,,,,,,,,,,,,,,,,,,,,,,,,,,,,201,,442,,301,,,,391,321,,564,352,45,,,,,397,300,207,,,,,,,,,,,,,57,,224,17,27,476,,,,,,,,20,,,,,,,,,52,,,63,,32,,,,,,27,,,,,,,,,106,,,,,,343,,,91,,,,,,,,,,,,,,,43,,,,,69,,,,,,202,248,212,,173,212,213,,,35,,363,111,321,402,277,271,353,,,167,319,36,,1283,,,,317,,108,,,,,,,,,,,,,6,11,,,,450,,,,,,,,,,,,,,,,,,,,4,,,,,,,,,,,,269,97,39,,50,121,,140,406,267,,,298,159,,,,,,,,102,87,3,246,118,166,169,39,,729,32,,26,,,,,,,,,,,,,,,,,,,,,,,,,,,,,,,,,,,,,,,,,,,,,,,,,,,,,,,,,,,,,,,172,379,138,63,471,107,93,,,,,,,,,,,,,,,,,,,,,,,,,,,,,,,,,,,,,,,,,,,,,,,,,,,,357,,160,275,4,120,202,,526,18,202,,,,,,38,43,,,429,,,,,,,,505,,,254,,119,50,,,,
2026-08-24T15:05:02+00:00,72,282,,150,453,,,91,,318,,,221,,,26,,,,,,412,263,270,231,,63,,,,852,,44,,225,,184,,8,143,,,,,32,,,,,,,376,,117,,,,,,,173,,66,125,,,83,19,,,,,226,,,138,182,,,,,,,,,,223,51,132,182,148,167,348,43,201,214,182,138,179,353,25,104,113,72,238,73,158,153,704,26,481,227,,129,183,164,,900,,,430,,96,80,703,112,240,462,56,52,363,,,,,,73,,,,,470,,,,,,183,,,,,,,,,,,,,,,,,,,320,424,563,356,49,,,713,,388,301,211,280,447,1205,432,136,230,197,83,276,318,403,153,65,,229,17,26,491,,,,,,,,21,,87,,,,,,,54,,,,,,,,,,,,,,,,,,,,96,,,,,,342,,,,,,,,,,,,,111,,,,,,,,,,,,,,,,,255,217,166,,214,221,,378,32,,368,121,324,415,284,274,,130,,173,,39,,1287,,,,318,,107,,,,,,,,,,,36,32,,,,,,449,,,,,231,,,198,,,,,,,,,,,,2,,,,,,,,,,,,266,99,,103,45,122,55,151,,270,,,301,161,,,,,,,,,93,10,250,125,163,170,34,,737,,128,28,75,260,218,,829,141,,89,,87,,,,,,,,,,,,,,,,,,,,,,482,66,144,,629,,205,,186,292,,,,,111,,,,,,35,,,215,122,164,95,78,53,192,257,178,393,149,67,480,,96,,,,,,,,,,,,,,,,,,,,,,,,,,,,,,,,,,,,,,,,,,,,,,,,,,,,359,,,274,,125,206,79,,13,201,293,48,,,139,37,44,,132,,,,,,,,,510,,,261,,124,52,,,84,
2026-08-24T15:10:01+00:00,70,285,,,460,30,,98,178,322,,146,226,,,19,,,,,126,411,264,277,234,,,,,81,851,25,43,,226,,183,,,,136,,,,,,,,,,,375,,,,,,,3,,174,,,124,,232,,,,,,,,,,140,180,289,,247,100,103,173,,196,,,,,,,,,,,,,,,,,,,,,,,,,,,,,,,,,,,,,,100,86,720,,237,461,,54,366,,,,,,80,,,,,472,,,,,137,182,,,,,,,,,,,,448,,305,,206,,406,,428,565,360,,,,728,,394,296,212,,,,,,,,,,,,,64,,,17,30,496,,,,,,,,24,,83,,,,,,,,,,,,,,,,,,31,,,,,,,,,,,,,,,346,,,96,130,,,,,,,,,114,,,,,,,,,,67,,,,,,204,262,223,165,179,215,222,,,33,,372,130,329,418,288,277,359,132,,172,,37,,1288,,,,319,,106,,,,,,,,,,,,30,7,12,,,,450,,,,,232,,,196,,,,,,,,,,,,,,,,,,,,,,,,274,,37,,47,,,152,409,273,,38,303,163,,175,,,16,71,150,104,96,11,,126,160,,33,136,742,,,27,,259,225,,833,147,,88,186,95,,,,,,,,,,,,,,,,,,,,,,,,,,,,,,,,,,,,,,,,,,,,,,,,,,,,,177,396,152,,483,,93,59,75,378,90,60,116,34,202,204,172,152,203,,219,7,234,,168,150,,,,,,,,,,,,,,,,,,,,,,,,,,,,,,,,,361,133,162,,5,131,207,78,527,11,206,294,46,,,138,34,,,133,430,260,,,,,,,513,123,,,,129,50,,,,
2026-08-24T15:15:02+00:00,69,286,,,463,33,,100,177,323,,143,230,,,17,,,,,127,419,266,281,230,,,,,82,863,26,31,34,229,,184,,,145,137,,,,,,,,,133,,376,40,,,20,39,,0,,,,63,133,,234,,,,,,,228,,,142,179,,,,,,,,,,,,,186,149,,,,202,215,187,143,182,355,,107,,75,,70,,154,705,27,488,229,116,135,191,169,186,908,,,,16,,,,,,,,,,,,,,,72,,,,,479,,,,,133,,,,,,,,,,,,,,,,,,,,,434,566,362,,,,741,332,,302,207,279,442,1209,429,139,236,196,86,278,316,,150,70,,237,17,31,501,,,,,,,,27,,,,,,,,,,,,62,,34,,,,,,34,,,,,,,,,99,,,,,,352,,,97,132,,,,,,,,,,,,,,,,,,,,,,,,,203,268,226,167,182,212,229,,377,39,,370,139,336,422,292,283,363,,,177,313,43,,1300,,,,322,,,,,,,,,,,,,38,33,5,13,,,,449,,,,,235,,,200,,,,,,,,,,,,6,,,,,,,,,,,,271,100,39,104,51,,54,162,418,277,,,307,,,179,,,,73,153,100,98,15,253,129,154,173,34,133,747,31,127,29,78,261,237,61,844,148,,,189,92,,,,,,,,,,,,,,,,,,,,,,486,65,148,,630,,210,,194,294,361,,,,110,,,,,,34,,,221,121,158,98,77,57,201,258,182,401,155,69,484,105,98,,,,,,,,,,,,,,,,,,,,,,,,,,,,,,,,,,,,,,,,,,,,,,,,,,,,367,,163,278,,135,209,,524,8,204,,48,,,,33,46,,,,,,,,,,,520,,,270,,130,52,,,81,
2026-08-24T15:20:01+00:00,71,290,56,,470,36,,96,179,324,,142,229,,,22,,,,,130,417,274,282,237,,65,,,83,,24,33,33,228,,185,,9,147,138,,117,,33,,,,,134,,,,116,,17,40,,,,175,,65,136,56,,,21,,,,,,,,144,177,292,48,265,97,109,178,,195,,224,54,136,193,154,170,346,,205,,190,150,,356,21,,114,79,237,77,157,155,708,28,489,231,,133,193,173,188,910,,,431,18,101,90,731,113,239,,,49,367,,,,,,,,,,,,,,,,,,,,,,,,168,,,204,,449,,309,,207,,427,319,435,568,376,47,,,769,333,396,300,203,,,,,,,,,,,,,69,,228,17,30,507,,,,,,,,26,,,,,,,,,,,,63,,36,,,,,,,,,,,,,,,101,,,,,,358,,,96,,,,,,,,,,,,,,,44,,,,,,,,,,,204,270,230,168,185,216,226,,378,,,376,145,335,428,294,289,,,,,317,,,1301,,,,,,107,,,,,,,,,,,43,,,12,,,,450,,,,,237,,,,,,,,,,,,,,,7,,,,,,,,,,,,275,101,41,,50,123,,165,421,290,,,309,,,177,,,18,77,,99,104,17,259,131,155,,35,,755,,125,28,80,264,,65,,,,,,95,,,,,,,,,,,,,,,,,,,,,,490,,146,,629,,216,219,186,,,,,,109,,,,,,36,,,225,,162,97,73,60,205,259,,,159,72,496,,,,,,,,,,,,,,,,,,,,,,,,,,,,,,,,,,,,,,,,,,,,,,,,,,,,,,,134,161,275,8,158,212,79,525,10,205,293,,141,,137,34,48,,132,435,261,,,,,,,523,,,269,,134,,,,87,
2026-08-24T15:25:02+00:00,69,292,,,473,34,,100,186,,,,231,,,,,,,,134,420,279,284,236,,63,,,82,871,25,35,,227,,184,,,148,139,,120,,34,,,,,,,375,41,,,,39,,,,,,61,138,,233,,19,,121,,,233,,,,178,,,,,,,,,,,,,,,,,,,,,,,,,,,,,,,,,,,,,,,,,,,,,,,,,,,,,,,,,,,,71,,,,,480,,,,,129,183,,,,,,,,,,,,,,,,,,,317,439,566,381,,,,789,334,392,301,216,278,439,1215,426,146,247,197,88,,317,406,147,72,,230,17,40,517,,,,,,,,,,,,,,,,,58,,,,,37,,,,,,,,,,,,,,,99,,,,,,362,,,92,133,,,,,,,,,,,,,,,,,,,,,,,,,203,281,238,167,183,,234,,374,38,,378,144,338,434,296,294,355,,,178,,41,,1302,,,,323,,,,,,,,,,,,,46,37,6,,,,,,,,,,234,,,210,,,,,,,,,,,,8,,,,,,,,,,,,273,104,42,105,53,,,168,420,289,,39,,166,,176,,,19,76,,100,106,19,261,,156,177,40,,762,,,,84,266,242,,839,152,,87,191,97,,,,,,,,,,,,,,,,,,,,,,506,67,148,,632,,227,222,181,295,,,,150,110,,,,,,38,,,228,123,180,109,71,74,209,261,183,416,,71,498,104,101,,82,372,95,66,117,33,199,202,165,146,204,,215,8,239,,170,152,,,,,,,,,,,,,,,,,,,,,,,,,,,,,,,,,373,133,162,276,10,162,210,80,524,13,201,294,,142,,138,28,51,,134,437,258,,,,,,,532,124,,277,,136,53,,,83,
2026-08-24T15:30:02+00:00,,294,,,481,33,,101,192,323,,146,236,,,17,,,,,133,423,,287,235,,62,,,,875,,38,,,,188,,,147,140,,,,,,,,,,,,,,,19,41,12,,,176,,58,141,,234,84,20,,,,,229,,,145,173,287,56,266,104,,,,196,,227,56,148,200,168,180,360,42,207,216,199,161,188,358,23,,116,84,243,95,,158,711,33,,235,115,144,198,174,197,920,,,432,21,,92,746,114,243,453,55,43,369,,,,,,69,,,,,486,,,,,,185,,,,,,,170,,,207,,448,,317,,208,,442,323,442,564,384,51,,,812,335,394,305,218,,,,,,,,,,,,,73,,228,17,42,527,,,,,,,,28,,,,,,,,,56,,,,,39,,,,,,35,,,,,,,,,105,,,,,,363,,,90,,,,,,,,,,,,,,,43,,,,,,,,,,,202,286,240,,,219,238,,375,43,,382,,337,441,300,293,353,133,,179,319,,,1305,,,,325,,106,,,,,,,,,,,47,38,8,11,,,,449,,,,,230,,,214,,,,,,,,,,,,12,,,,,,,,,,,,272,103,41,,,,55,171,,,,,311,170,,,,,,79,154,93,108,,262,135,,179,45,131,771,32,124,,86,270,238,66,850,149,,86,192,98,,,,,,,,,,,,,,,,,,,,,,,,,,,,,,,,,,,,,,,,,,,,,,,,,,,,,187,427,161,75,502,103,107,,,,,,,,,,,,,,,,,,,,,,,,,,,,,,,,,,,,,,,,,,,,,,,,,,,,378,,161,278,13,,211,,520,18,202,,49,144,,137,26,52,,137,438,292,,,,,,,,123,,287,,137,,,,,
2026-08-24T15:35:02+00:00,70,295,,,488,32,,96,,325,,152,240,,,13,,,,,136,425,284,291,,,60,,,83,,,36,29,226,,192,,,145,139,,,,35,,,,,,,374,,,,21,40,11,,,175,,59,145,,233,85,23,,120,,,230,,,146,175,,,,,,,,,,,,,,,,,,,,,,,,,,,,,,,,,,,,,,,,,,,,,,,,,,,,,,,,,,,,,,,,,,,,,,,,,,,,,,,,,,,,,,,,,,325,441,562,386,50,,,819,338,396,304,223,,436,1226,,147,260,198,89,279,321,407,138,71,,231,17,40,544,,,,,,,,34,,,,,,,,,57,,,,,,,,,,,33,,,,,,,,,104,,,,,,366,,,91,,,,,,,,,,115,,,,,,,,,,,,,,,,201,300,241,165,,217,243,,377,42,,378,151,342,446,303,300,340,,,184,320,40,,,,,,329,,,,,,,,,,,,,44,36,10,13,,,,,,,,,,,,224,,,,,,,,,,,,13,,,,,,,,,,,,268,104,42,104,49,124,57,173,426,290,,,313,172,39,177,,,,81,155,96,109,21,268,140,155,,47,136,775,,123,,,,246,,861,150,,85,193,96,,,,,,,,,,,,,,,,,,,,,,514,68,147,,630,,230,223,186,,,,,,112,,,,,,37,,,232,120,177,,74,88,214,,189,434,166,76,511,102,116,,,,,,,,,,,,,,,,,,,,,,,,,,,,,,,,,,,,,,,,,,,,,,,,,,,,388,134,,280,14,165,214,85,518,21,205,297,,141,,135,28,,,138,439,294,,,,,,,531,,,290,,140,51,,,87,
2026-08-24T15:40:01+00:00,75,297,,151,490,,,92,191,327,,153,242,,,12,,,,,142,423,283,293,240,,58,,,82,891,26,31,31,228,,193,,,147,138,,122,,,,,,,,,372,,115,,20,42,13,,,,,49,,,,,24,,,,,235,,,,174,278,71,280,107,112,179,,197,,,70,154,218,173,,372,44,,,201,175,187,360,24,110,,91,242,119,,163,717,,486,241,114,158,205,178,207,922,,,434,27,,,,,,,,,,,,,,,83,,,,,491,,,,,120,189,,,,,,,172,,,206,,452,,330,,210,,475,326,444,563,389,49,,,,337,395,302,,,,,,,,,,,,,,72,,229,17,44,545,,,,,,,,36,,,,,,,,,,,,62,,,,,,,,32,,,,,,,,,102,,,,,,365,,,93,,,,,,,,,,,,,,,,,,,,,,,,,,,301,245,166,,218,250,,375,40,,386,152,344,450,306,301,341,136,,,322,42,,1308,,,,331,,,,,,,,,,,,,45,35,9,,,,,,,,,,234,,,230,,,,,,,,,,,,16,,,,,,,,,,,,272,106,,,54,,55,,,291,,,,175,,,,,18,,157,97,111,23,269,142,,,46,137,785,,128,27,,,,,,,,,,,,,,,,,,,,,,,,,,,,,,,,,,,,,,,,,,,,,,,,,,,,,,,,,,,,,,,192,442,173,78,510,101,125,61,,373,100,68,122,31,194,203,162,144,203,,212,9,248,,177,147,,,,,,,,,,,,,,,,,,,,,,,,,,,,,,,,,389,136,,275,19,,,,,24,207,,,144,,136,30,53,,135,440,293,,,,,,,525,,,293,,156,52,,,,
2026-08-24T15:45:02+00:00,81,299,,,502,34,,98,192,328,,154,244,,,14,,,,,144,422,287,298,246,,55,,,78,929,,29,28,229,,,,,,140,,123,,,,,,,,,374,42,116,,18,43,,1,,,,50,146,54,232,,23,13,,,,230,,,148,173,,,,,,,,,,229,69,160,225,182,183,379,41,210,218,209,182,,366,25,112,118,104,250,124,,164,720,38,,250,115,173,211,,215,929,,,436,29,,,,,,,,,,,,,,,,,,,,,,,,,,,,,,,,,164,,,209,,465,,340,,212,,490,325,,,394,47,,,816,,394,301,232,277,431,1234,423,149,269,199,91,281,326,405,131,74,,226,17,47,557,,,,,,,,39,,86,,,,,,,,,,,,40,,,,,,33,,,,,,,,,101,,,,,,370,,,91,134,,,,,,,,,114,,,,,44,,,,,,,,,,,,308,250,168,190,223,258,,372,45,9,387,161,346,464,309,309,340,137,,181,315,47,,1313,,,,333,,105,,,,,,,,,,,41,41,10,,,,,450,,,,,238,,,234,,,,,,,,,,,,14,,,,,,,,,,,,271,107,44,108,50,,56,180,428,293,,37,316,173,,,,,,83,158,91,117,26,271,139,156,180,47,138,,33,,,90,,243,67,868,156,,86,194,93,,,,,,,,,,,,,,,,,,,,,,516,69,146,,627,,232,225,190,291,,,,151,113,,,,,,36,,,233,,178,,66,98,,,,463,177,80,512,102,131,,,,,,,,,,,,,,,,,,,,,,,,,,,,,,,,,,,,,,,,,,,,,,,,,,,,391,137,159,,17,177,215,86,517,23,206,299,50,,,140,28,51,,,442,,,,,,,,523,124,,300,,160,53,,,85,
2026-08-24T15:50:01+00:00,85,303,,152,508,27,,99,196,,,,243,,,17,,,,,149,420,296,299,250,,57,,,80,936,,32,24,226,,192,,,149,142,,,,34,,,,,,,368,,115,,21,,12,0,,,,56,,,233,,22,,121,,,227,3,,,175,277,77,283,,110,180,,196,,231,,162,231,188,184,382,40,,,215,192,188,,19,,117,109,258,137,,166,723,34,,255,,175,215,181,217,933,,,437,31,103,93,781,110,253,455,54,35,368,,,,,,,,,,,495,,,,,119,190,,,,,,,,,,,,,,,,,,,323,450,565,395,46,,,,338,397,305,243,,,,,,,,,,,,,,,230,17,44,565,,,,,,,,41,,,,,,,,,54,,,64,,41,,,,,,35,,,,,,,,,92,,,,,,375,,,94,132,,,,,,,,,109,,,,,,,,,,,,,,,,,307,251,169,196,224,264,,373,44,,391,166,344,475,311,314,335,136,,186,313,,,1316,,,,335,,,,,,,,,,,,,39,40,9,14,,,,,,,,,235,,,236,,,,,,,,,,,,15,,,,,,,,,,,,273,110,45,106,51,,,,,292,,,317,,,172,,,,,,86,120,25,273,141,159,181,49,139,784,,,28,,,,,,,,,,,,,,,,,,,,,,,,,,,,,,,,521,,147,,,,231,224,200,297,362,,,152,112,,,,,,34,,,238,119,184,114,77,101,218,265,,476,179,85,,,132,,,,,,,,,,,,,,,,,,,,,,,,,,,,,,,,,,,,,,,,,,,,,,,,,,,,401,136,,272,14,178,216,,516,33,,298,,143,,137,25,52,,134,,292,,,,,,,526,,,296,,161,,,,,
2026-08-24T15:55:01+00:00,87,304,,151,516,26,,102,202,329,,160,245,,,,,,,,153,423,304,298,248,,58,,,78,938,,28,21,225,,,,,146,143,,,,,,,,,132,,366,,116,,18,44,,,,176,2,54,150,53,,86,21,,,,,226,9,,,174,,,,,,,,,,232,73,,,190,190,395,,213,,,203,,,17,113,,110,260,143,,167,726,32,,261,,179,219,180,218,940,,,438,33,,,,,,,,,,,,,,,,,,,,,,,,,,,,,,,,,162,,,208,,474,,335,,215,,499,325,451,567,394,47,,,825,,404,303,247,278,433,1238,425,,273,197,,283,325,412,137,76,,231,17,49,566,,,,,,,,42,,85,,,,,,,,,,,,,,,,,,36,,,,,,,,,98,,,,,,378,,,,133,,,,,,,,,106,,,,,47,,,,,,,,,,,,317,256,168,199,229,267,,378,46,,269,162,346,476,314,,331,,,187,311,,,1319,,,,337,,106,,,,,,,,,,,38,37,6,,,,,,,,,,237,,,238,,,,,,,,,,,,14,,,,,,,,,,,,277,113,46,109,,,,,437,297,,,320,175,,173,,,,,,,122,23,271,,158,,52,140,786,,129,,93,271,238,,884,148,,87,195,96,,,,,,,,,,,,,,,,,,,,,,,,,,,,,,,,,,,,,,,,,,,,,,,,,,,,,335,482,182,86,511,103,146,62,,369,105,75,,30,198,210,,146,,,205,11,250,,183,,,,,,,,,,,,,,,,,,,,,,,,,,,,,,,,,,405,132,,276,15,190,,,515,41,209,297,51,142,,,26,50,,,444,290,,,,,,,,,,297,,162,54,,,88,
2026-08-24T16:00:01+00:00,83,308,,,521,30,,99,204,330,,164,,,,238,,,,,,424,305,300,253,,60,,,80,947,,,19,224,,190,,,147,145,,,,,,,,,,,369,,,,20,43,,,,,3,56,151,52,,87,20,,122,,,229,10,,144,177,283,81,290,116,117,179,,,,,,,,,,,,,,,,,,,,,,,,,,,,,,,,,,,,,,,,,97,789,118,252,,,36,367,,,,,,87,,,,,502,,,,,116,191,,,,,,,153,,,211,,476,,341,,213,,508,323,,568,398,49,,,823,340,406,,249,,,,,,,,,,,,,77,,235,17,54,574,,,,,,,,46,,87,,,,,,,57,,,65,,,,,,,,,,,,,,,,,97,,,,,,379,,,,134,,,,,,,,,105,,,,,,,,,,,,,,,,202,322,,,201,,268,,,48,,268,165,351,482,,318,326,137,,191,312,51,,1320,,,,335,,104,,,,,,,,,,,36,33,5,12,,,,,,,,,241,,,243,,,,,,,,,,,,17,,,,,,,,,,,,279,116,47,107,47,,57,181,,295,,36,325,174,38,171,,,,85,159,85,120,,273,145,159,180,53,139,789,32,128,,,,,,,,,,,,,,,,,,,,,,,,,,,,,,,,,533,,,,621,,230,226,206,295,,,,156,113,,,,,,38,,,243,120,183,112,76,112,221,268,336,498,186,91,517,,145,,,,,,,,,,,,,,,,,,,,,,,,,,,,,,,,,,,,,,,,,,,,,,,,,,,,409,131,161,280,14,186,217,,,42,,295,47,,,138,,,,135,440,288,,,,,,,530,,,291,,170,55,,,89,
2026-08-24T16:05:02+00:00,86,310,,152,523,,,104,208,,,169,,,,234,,,,,,425,311,301,250,,,,,81,951,30,22,15,225,,192,,,150,,,124,,35,,,,,,,370,,,,21,,,,,,,51,172,,231,,,,,,,228,11,,142,175,,,,,,,,,,235,74,161,242,198,195,397,29,221,,220,225,187,365,,,118,124,264,148,158,168,736,30,479,267,116,189,235,184,231,941,,,437,38,,,,,,,,,,,,,,,,,,,,,,,,,,,,,,,,,,,,,,,,,,,,,322,454,569,400,51,,,819,342,409,304,257,277,430,,419,154,279,199,,286,324,,135,86,,239,17,56,581,,,,,,,,47,,84,,,,,,,56,,,66,,42,,,,,,,,,,,,,,,107,,,,,,381,,,97,136,,,,,,,,,108,,,,,48,,,,,68,,,,,,,330,,169,,231,282,,,51,,267,168,355,494,,323,,138,,194,310,57,,1322,,,,338,,106,,,,,,,,,,,,,8,9,,,,,,,,,,,,245,,,,,,,,,,,,19,,,,,,,,,,,,280,,,106,44,,56,179,444,288,,,332,176,,168,,,,,160,87,125,,275,146,160,,,140,791,44,,,96,272,237,,886,145,,86,194,93,,,,,,,,,,,,,,,,,,,,,,540,,143,,615,,232,227,211,297,364,,,162,115,,,,,,42,,,254,121,189,111,86,120,226,270,350,512,185,92,522,,,,,,,,,,,,,,,,,,,,,,,,,,,,,,,,,,,,,,,,,,,,,,,,,,,,,,415,132,163,281,13,187,219,85,516,,,297,,140,,139,24,48,,,441,289,,,,,,,532,,,,,169,125,,,96,
2026-08-24T16:10:01+00:00,90,312,,154,533,28,,106,212,328,,,246,,,,,,,,156,427,310,297,244,,61,,,80,953,28,32,14,222,,193,,,152,,,,,,,,,,,,369,,,,,,13,,,177,4,45,173,,,,,,,,,,,,,,284,94,306,121,121,184,,,,236,75,162,249,197,199,398,31,223,,224,228,189,367,24,114,116,130,267,140,,170,738,31,490,269,,197,233,,234,945,,,,39,105,100,794,122,250,,55,38,370,,,,,,84,,,,,504,,,,,122,192,,,,,,,157,,,207,,478,,343,,214,,523,323,,,399,50,,,821,341,,299,258,,,,,,,,,,,,,92,,240,17,61,586,,,,,,,,49,,83,,,,,,,,,,,,41,,,,,,,,,,,,,,,116,,,,,,379,,,98,,,,,,,,,,109,,,,,,,,,,,,,,,,200,340,258,173,202,232,286,,381,50,11,268,171,361,498,315,329,327,139,,196,312,59,,1325,,,,339,,,,,,,,,,,,,41,34,7,,,,,449,,,,,243,,,246,,,,,,,,,,,,18,,,,,,,,,,,,276,114,46,109,46,123,58,183,455,287,,39,,175,,178,,,,86,164,91,133,26,,,167,181,54,,795,43,130,30,,,,,,,,,,,,,,,,,,,,,,,,,,,,,,,,,,,,613,,,,,295,,,,,,,,,,,,,,,,193,,,,,,356,520,186,98,531,102,149,60,87,365,110,88,,35,197,215,172,137,202,,200,9,258,,,152,,,,,,,,,,,,,,,,,,,,,,,,,,,,,,,,,420,,164,,7,180,224,,519,47,212,300,,139,,140,21,47,,139,442,,,,,,,,534,,,295,,170,122,,,,
2026-08-24T16:15:02+00:00,93,310,,,536,,,104,218,,,176,250,,,235,,,,,161,430,319,304,241,,,,,,961,27,36,13,220,,195,,,,146,,125,,,,,,,,,370,,117,,18,44,,,,,6,,174,,,88,,14,120,,,,10,,,,,,,,,,,,,,,,,,,,,,,,,,,,,,,,,,,,,,,,,,,,,,,,,,,,,,,,,,,,,,,,,,,,,,,,,,,,,,,,,,,,,,,,,,,,,307,459,570,401,,,,820,,406,,267,281,427,1243,407,157,290,,94,287,,410,142,98,,234,17,60,601,,,,,,,,48,,85,,,,,,,,,,,,42,,,,,,,,,,,,,,,114,,,,,,392,,,100,137,,,,,,,,,111,,,,,47,,,,,,,,,,,201,349,260,,207,233,294,,384,52,,279,192,363,507,317,333,326,,,197,311,53,,1333,,,,,,105,,,,,,,,,,,40,32,4,7,,,,450,,,,,244,,,244,,,,,,,,,,,,,,,,,,,,,,,,274,115,47,110,47,,,185,459,288,,,333,177,,179,,,,,,90,138,28,,151,,182,53,139,798,,129,31,93,,241,68,924,148,,83,,98,,,,,,,,,,,,,,,,,,,,,,546,,,,,,233,229,214,,363,,,161,,,,,,,45,,,256,122,,110,88,127,230,,358,531,187,104,537,103,148,,,,,,,,,,,,,,,,,,,,,,,,,,,,,,,,,,,,,,,,,,,,,,,,,,,,425,,163,274,6,177,231,,517,50,,,48,,,142,,48,,141,,290,,,,,,,535,,,303,,169,,,,93,
2026-08-24T16:20:01+00:00,,311,,,535,31,,108,220,333,,175,252,,,233,,,,,164,432,321,305,245,,60,,,78,973,,34,12,218,,196,,,154,145,,124,,,,,,,,,367,,118,,14,42,12,,,178,,47,173,,232,85,23,,,,,225,,,139,173,286,104,316,127,,187,,,,235,,164,256,203,201,408,30,,,229,247,190,,27,115,,131,266,154,,173,745,29,,270,,198,238,181,238,947,,,,42,106,110,806,129,253,454,56,37,374,,,,,,89,,,,,510,,,,,127,,,,,,,,166,,,208,,477,,355,,215,,547,302,458,571,405,53,,,,340,415,304,274,,,,,,,,,,,,,97,,233,17,59,608,,,,,,,,50,,86,,,,,,,55,,,65,,41,,,,,,41,,,,,,,,,116,,,,,,395,,,99,,,,,,,,,,112,,,,,46,,,,,,,,,,,202,363,,,206,235,298,,,53,,278,193,365,515,,336,337,,,,312,56,,1335,,,,338,,101,,,,,,,,,,,,,6,5,,,,,,,,,247,,,248,,,,,,,,,,,,16,,,,,,,,,,,,270,114,,,50,,,195,462,292,,38,335,,,180,,,,87,165,,140,30,,152,165,,57,142,803,42,130,30,91,267,239,69,931,149,,,,94,,,,,,,,,,,,,,,,,,,,,,554,70,147,,612,,237,230,231,,,,,,112,,,,,,48,,,258,,206,109,89,137,233,269,357,541,194,102,533,,151,,,,,,,,,,,,,,,,,,,,,,,,,,,,,,,,,,,,,,,,,,,,,,,,,,,,428,136,165,276,7,176,230,87,521,59,216,,47,142,,143,20,,,143,443,291,,,,,,,537,,,306,,171,123,,,,
2026-08-24T16:25:02+00:00,96,,,,536,32,,,221,337,,178,255,,,,,,,,167,435,324,303,246,,59,,,76,989,,,10,,,197,,,156,,,123,,,,,,,,,366,,,,16,44,11,,,,,48,175,,231,,24,,118,,,226,9,,,,,,,,,,,,,,,,,,,,,,,,,,,,,,,,,,,,,,,,,,,,,,,,,,,,,,,,,,,,,,,,,,,,,,,,,,,,,,,,,,,,,,,,,,,,,303,,572,408,,,,822,,417,302,282,282,422,1245,393,158,294,197,96,,325,415,137,102,,235,17,64,614,,,,,,,,55,,87,,,,,,,58,,,,,,,,,,,,,,,,,,,,,,,,,,396,,,100,,,,,,,,,,115,,,,,45,,,,,,,,,,,,367,267,174,205,237,304,,380,54,12,280,199,369,520,,,336,141,,199,313,55,,1337,,,,339,,102,,,,,,,,,,,42,34,5,,,,,,,,,,,,,247,,,,,,,,,,,,14,,,,,,,,,,,,268,117,,,49,,,200,469,294,,,338,179,37,,,,,,163,93,141,,276,158,162,,61,141,811,,128,31,,,,,,,,,,,,,,,,,,,,,,,,,,,,,,,,,,,,,,,,,,,,,,,,,,,,,,,,,,,,,,,364,612,196,111,534,104,157,61,91,371,111,90,125,37,198,216,175,147,,,196,8,266,,181,153,,,,,,,,,,,,,,,,,,,,,,,,,,,,,,,,,430,137,163,273,6,179,,,523,64,,304,45,,,,19,47,,146,442,294,,,,,,,,123,,309,,172,122,,,108,
2026-08-24T16:30:01+00:00,97,312,,,543,31,,109,227,,,179,258,,,234,,,,,,436,328,308,249,,58,,,75,996,28,32,7,217,,201,,,155,146,,121,,,,,,,133,,367,,117,,,45,13,1,,177,8,43,177,53,,,22,,120,,,230,10,,140,171,278,114,327,133,124,184,,,,237,74,175,257,210,207,417,29,228,,232,260,,370,17,117,,141,269,159,,174,750,30,511,271,117,204,239,183,241,945,,,,47,,,,,,,,,,,,,,,92,,,,,509,,,,,124,195,,,,,,,167,,,210,,492,,360,,216,,557,306,,,414,55,,,821,,421,303,283,,,,,,,,,,,,,103,,239,17,65,,,,,,,,,59,,86,,,,,,,62,,,,,40,,,,,,,,,,,,,,,126,,,,,,401,,,,,,,,,,,,,118,,,,,44,,,,,,,,,,,201,374,266,175,202,238,310,,379,56,,283,204,368,525,319,335,338,,,201,,56,,1340,,,,340,,,,,,,,,,,,,45,,4,7,,,,,,,,,246,,,246,,,,,,,,,,,,15,,,,,,,,,,,,262,119,48,,45,,,206,471,299,,,340,180,,182,,,,,164,103,143,31,,157,166,184,,145,813,40,130,33,96,271,241,,943,153,,84,195,98,,,,,,,,,,,,,,,,,,,,,,558,71,149,,611,,239,228,249,293,364,,,162,110,,,,,,50,,,261,121,210,,92,143,234,,366,622,198,110,529,,160,,,,,,,,,,,,,,,,,,,,,,,,,,,,,,,,,,,,,,,,,,,,,,,,,,,,438,136,162,268,11,187,231,,521,65,,306,44,143,,145,14,,,149,443,297,,,,,,,542,,,306,,174,123,,,,
2026-08-24T16:35:01+00:00,99,,,,551,37,,110,229,339,,182,257,,,235,,,,,,437,,309,253,,,,,,1003,,28,3,,,205,,,152,,,,,,,,,,,,366,,118,,15,44,,7,,,9,36,,,,86,,13,,,,241,11,,144,170,,,,,,,,,,,,,,,,,,,,,,,,,,,,,,,,,,,,,,,,,,,,,,,,,,,,,,,,,,,,97,,,,,505,,,,,126,196,,,,,,,,,,,,,,,,,,,309,459,571,,,,,827,342,425,302,292,,416,1248,387,157,295,192,,285,328,414,131,,,243,17,71,621,,,,,,,,61,,90,,,,,,,61,,,66,,39,,,,,,,,,,,,,,,129,,,,,,405,,,,,,,,,,,,,,,,,,41,,,,,,,,,,,,370,267,178,,240,315,,375,58,,288,201,372,534,,337,,143,,202,317,58,,1339,,,,342,,103,,,,,,,,,,,46,37,7,6,,,,,,,,,247,,,252,,,,,,,,,,,,10,,,,,,,,,,,,259,121,,109,47,,,,473,304,,37,341,178,,178,,,,,166,,142,30,277,,172,187,63,146,815,39,131,34,,268,248,70,952,156,,,,,,,,,,,,,,,,,,,,,,,,,,563,,150,,612,,243,229,257,290,365,,,163,109,,,,,,49,,,263,,214,,96,142,239,,368,635,,117,532,,169,,,,,,,,,,,,,,,,,,,,,,,,,,,,,,,,,,,,,,,,,,,,,,,,,,,,443,135,,265,15,,235,88,,69,218,309,42,144,,,10,49,,152,441,300,,,,,,,540,124,,,,177,124,,,,
2026-08-24T16:40:01+00:00,101,,,,549,,,111,231,338,,187,255,,,236,,,,,164,436,331,308,255,,57,,,74,1011,29,23,2,,,207,,,157,,,122,,,,,,,,,367,,,,17,46,12,10,,176,11,38,176,,232,,23,14,,,,238,13,,145,169,277,122,333,141,125,188,,,,238,73,178,270,217,208,432,28,233,,236,275,194,374,26,121,,146,273,162,,173,757,31,527,,115,210,236,184,243,956,,,438,,104,121,827,141,259,455,56,40,381,,,,,,,,,,,,,,,,,,,,,,,,165,,,206,,507,,355,,213,,570,310,461,,412,56,,,824,,427,301,301,,,,,,,,,,,,,102,,245,17,72,619,,,,,,,,60,,89,,,,,,,62,,,,,,,,,,,,,,,,,,,,128,,,,,,,,,,,,,,,,,,,120,,,,,43,,,,,,,,,,,,373,269,180,204,,323,,366,,13,291,205,376,539,320,338,339,,,205,324,57,,1340,,,,344,,102,,,,,,,,,,,48,40,9,8,,,,,,,,,249,,,254,,,,,,,,,,,,12,,,,,,,,,,,,252,120,,112,48,,60,213,476,308,,36,344,177,,179,,,,88,,104,148,,276,158,178,186,65,145,820,,,37,99,,251,71,955,157,,,,,,,,,,,,,,,,,,,,,,,,,,569,,151,,610,,244,230,269,288,364,,,162,108,,,,,,50,,,265,119,,110,102,145,247,270,367,648,204,,531,105,160,,,,,,,,,,,,,,,,,,,,,,,,,,,,,,,,,,,,,,,,,,,,,,,,,,,,450,137,,266,18,190,237,87,,68,224,308,39,140,,146,,47,,,440,,,,,,,,541,,,309,,176,125,,,,
2026-08-24T16:45:01+00:00,,,,,550,39,,112,234,335,,186,257,,,237,,,,,167,437,333,306,258,,59,,,,1020,30,25,0,214,,205,,,,147,,,,,,,,,,,368,,119,,,,13,12,,175,,36,,,,,,,,,,237,15,,,165,,,,,,,,,,,,,,,,,,,,,,,,,,,,,,,,,,,,,,,,,,,,,,107,119,828,,257,456,,,,,,,,,106,,,,,508,,,,,129,200,,,,,,,164,,,,,511,,357,,211,,575,308,463,572,,,,,828,344,438,302,309,,414,1246,396,158,299,190,,,,415,132,105,,239,17,76,624,,,,,,,,,,,,,,,,,,,,,,,,,,,,,,,,,,,,,129,,,,,,411,,,,,,,,,,,,,121,,,,,,,,,,69,,,,,,,,,,,,,,,,,299,213,,555,,339,345,141,,,326,58,,,,,,,,101,,,,,,,,,,,43,41,7,11,,,,,,,,,254,,,251,,,,,,,,,,,,,,,,,,,,,,,,,,,,,,,,,,,,,,,,,,,,,,,,,,,,,,,,,,,,,,,,,,,,,,,,,,,,,,,,,,,,,,,,,572,70,153,,601,,247,233,277,289,362,,,,,,,,,,52,,,270,120,,111,108,147,252,,,,,,,,,,,,,,,,,,,,,,,,,,,,,,,,,,,,,,,,,,,,,,,,,,,,,,,,,,,,452,140,,,15,,240,,523,72,230,309,38,139,,,11,46,,154,441,299,,,,,,,540,,,318,,177,,,,125,
2026-08-24T16:45:02+00:00,,,,,,,,,,,,,,,,,,,,,,,,,,,,,,,,,,,,,,,,,,,,,,,,,,,,,,,,,,,,,,,,,,,,,,,,,,,,,,,,,,,,,,,,,,,,,,,,,,,,,,,,,,,,,,,,,,,,,,,,,,,,,,,,,,,,,,,,,,,,,,,,,,,,,,,,,,,,,,,,,,,,,,,,,,,,,,,,,,,,,,,,,,,,,,,,,,,,,,,,,,,,61,,90,,,,,,,,,,65,,,,,,,,,,,,,,,,,,,,,,,,,,,,,,,,,,,,,,,,,,,,,,,,,,,,,383,270,,205,241,329,,357,57,,,,,,,,,,,,,,,,,,,,,,,,,,,,,,,,,,,,,,,,,,,,,,,,,,,,,,,,,,,,,,,,,,,,,,,251,122,,,50,,59,214,483,309,,,,176,,,,,,,,103,151,31,,,182,185,,,822,,132,36,98,265,252,,967,158,,85,,92,,,,,,,,,,,,,,,,,,,,,,,,,,,,,,,,,,,,,,,,,,,,,,,,,,,,,,657,203,118,534,106,159,,93,366,,92,121,38,190,217,156,152,,,190,7,276,,,151,,,,,,,,,,,,,,,,,,,,,,,,,,,,,,,,,,,,,,,,,,,,,,,,,,,,,,,,,,,,,,,,,,,,,,,
2026-08-24T16:50:02+00:00,104,,57,,,36,,113,236,336,,182,262,,,235,,,,,166,438,334,305,264,,58,,,73,,,23,,213,,211,,,153,146,,121,,,,,,,,,,,,,16,,12,,,,,,174,,233,,,,,,,236,14,,143,,273,135,339,147,123,,,,,243,71,182,272,224,212,439,26,,219,238,296,196,375,31,123,115,159,269,160,159,180,760,,537,273,114,218,247,185,247,953,,,437,48,108,122,832,,254,458,,39,379,,,,,,,,,,,,,,,,,,,,,,,,,,,,,,,,,,,,,460,571,416,55,,,831,347,441,303,317,,,,,,,,,,,,,110,,240,17,80,632,,,,,,,,63,,93,,,,,,,60,,,,,,,,,,,40,,,,,,,,,132,,,,,,416,,,99,136,,,,,,,,,,,,,,45,,,,,,,,,,,199,388,273,181,210,,332,,353,54,,304,220,374,560,321,338,344,,,207,,60,,,,,,,,102,,,,,,,,,,,41,40,,10,,,,,,,,,260,,,248,,,,,,,,,,,,,,,,,,,,,,,,,,,111,,,,215,,310,,,,,,180,,,,89,168,108,,,,,180,,66,,823,,,39,95,264,255,,986,160,,87,198,86,,,,,,,,,,,,,,,,,,,,,,583,69,155,,597,,,237,295,290,363,,,164,,,,,,,,,,271,122,210,116,110,151,258,271,,664,206,125,530,107,157,,,,,,,,,,,,,,,,,,,,,,,,,,,,,,,,,,,,,,,,,,,,,,,,,,,,453,141,164,271,10,194,243,,524,74,239,311,,,,147,7,49,,157,445,,,,,,,,541,,,322,,178,,,,,
2026-08-24T16:55:01+00:00,107,313,,,553,39,,122,,335,,,,,,230,,,,,165,,337,303,268,,,,,75,1028,,27,,212,,214,,,152,,,120,,,,,,,,,,,118,,17,47,13,11,,,,33,176,,,87,24,,,,,237,,,141,161,,,,,,,,,,248,69,188,276,222,,443,25,234,,241,310,198,376,34,122,,163,274,165,158,181,761,29,548,,112,220,258,188,252,958,,,438,49,,,,,,,,,,,,,,,117,,,,,509,,,,,,199,,,,,,,167,,,202,,517,,359,,208,,587,309,462,570,418,56,,,828,351,450,306,321,283,408,1250,392,,303,189,97,286,330,411,139,,,239,16,79,639,,,,,,,,65,,91,,,,,,,59,,,67,,38,,,,,,41,,,,,,,,,130,,,,,,418,,,,,,,,,,,,,120,,,,,,,,,,,,,,,,197,395,274,,213,242,343,,347,52,,307,223,377,567,,337,333,,,210,,62,,1344,,,,,,101,,,,,,,,,,,39,,5,5,,,,,,,,,259,,,246,,,,,,,,,,,,11,,,,,,,,,,,,,124,47,112,48,,58,219,485,312,,,343,173,38,183,,,,,165,126,155,29,,161,185,186,74,,,38,,38,,,,,,,,,,,,,,,,,,,,,,,,,,,,,,,,586,,,,598,,249,239,299,289,366,,,,,,,,,,53,,,,120,215,118,,,,274,,671,205,127,527,,154,,,,,,,,,,,,,,,,,,,,,,,,,,,,,,,,,,,,,,,,,,,,,,,,,,,,457,,165,269,,201,246,,525,81,246,313,,141,,,10,,,158,446,298,,,,,,,539,,,329,,179,126,,,133,
2026-08-24T17:00:02+00:00,108,,,,557,42,,126,233,,,,261,,,228,,,,,167,441,344,306,271,,,,,77,1033,,33,,,,213,,,151,,,,,,,,,,136,,370,,,,15,,,12,,,14,37,178,55,,,23,,,,,242,12,,142,159,283,144,346,151,,186,,,,,,,,,,,,,,,,,,,,,,,,,,,,,,,,,,,,,,,,,129,842,146,252,459,,40,,,,,,,,,,,,,,,,,,,,,,,,,,,,,,,,,,,,,308,458,571,424,57,,,825,355,451,305,327,,,,,,,,,,,,,115,,237,16,,646,,,,,,,,,,92,,,,,,,60,,,68,,,,,,,,42,,,,,,,,,137,,,,,,419,,,100,,,,,,,,,,119,,,,,,,,,,,,,,,,194,398,276,,222,244,345,,345,54,,315,235,382,573,,339,329,,,213,330,65,,,,,,345,,103,,,,,,,,,,,33,37,6,6,,,,,,,,,262,,,249,,,,,,,,,,,,10,,,,,,,,,,,,,125,46,111,51,,57,221,483,,,,342,172,,184,,,,,,130,158,,,163,,,75,146,,,133,,96,262,263,70,1015,165,,85,197,87,,,,,,,,,,,,,,,,,,,,,,,,157,,,,,,,,,,,163,107,,,,,,,,,,,,,,152,256,,,683,207,124,525,,151,60,98,363,109,95,119,40,182,220,160,166,199,,188,,288,,187,145,,,,,,,,,,,,,,,,,,,,,,,,,,,,,,,,,460,140,164,264,12,200,253,86,524,90,245,,36,140,,,11,53,,162,448,299,,,,,,,,,,338,,178,,,,,
2026-08-24T17:05:02+00:00,114,315,,155,558,43,,128,237,336,,183,264,,,221,,,,,,443,346,307,281,,59,,,75,1037,,39,,213,,214,,,150,,,,,,,,,,,,,,,,14,46,,18,,,13,34,181,,,84,25,,,,,,,,140,154,,,,,,,,,,,66,,275,224,210,447,,235,,244,318,,377,,125,,165,,167,157,182,759,32,554,,110,221,259,,254,953,,,,53,,,,,,,,,,,,,,,122,,,,,512,,,,,131,200,,,,,,,166,,,200,,525,,361,,204,,595,309,461,,,,,,,360,458,,337,,401,1248,,,305,,96,288,,414,143,120,,241,16,78,649,,,,,,,,67,,,,,,,,,62,,,70,,42,,,,,,,,,,,,,,,132,,,,,,423,,,101,,,,,,,,,,,,,,,,,,,,,,,,,,192,404,280,,221,,354,,346,51,,318,243,386,579,322,340,315,142,,215,336,63,,1345,,,,,,100,,,,,,,,,,,25,29,4,,,,,,,,,,267,,,253,,,,,,,,,,,,9,,,,,,,,,,,,,,,,49,,58,220,486,,,,,,,,,,,,166,,0,30,,164,186,,,,,40,132,,94,,267,,,166,,,,,,,,,,,,,,,,,,,,,,,,,,590,,158,,595,,254,237,317,,365,,,,,,,,,,,,,276,118,,120,122,156,254,275,366,687,209,126,529,,154,,,,,,,,,,,,,,,,,,,,,,,,,,,,,,,,,,,,,,,,,,,,,,,,,,,,461,139,165,271,,197,254,,527,95,244,,,139,,150,10,52,,164,449,301,,,,,,,543,,,346,,176,,,,136,
2026-08-24T17:10:02+00:00,119,316,,,,,,135,239,334,,184,268,,,,,,,,,447,349,305,288,,60,,,74,1041,29,41,,,,217,,,148,,,121,,34,,,,,,,372,,,,11,47,,14,,176,,38,183,,232,,26,,,,,243,11,,,,279,142,351,154,183,,,,,,,,,,,,,,,,,,,,,,,,,,,,,,,,,,,,,,,,,109,135,857,150,253,468,,35,378,,,,,,,,,,,,,,,,,,,,,,,,,,,,,,,,,,,,311,462,,428,58,,,820,367,469,309,347,,,,,,,,,,,,,119,,240,16,82,665,,,,,,,,,,,,,,,,,63,,,,,,,,,,,43,,,,,,,,,135,,,,,,427,,,100,,,,,,,,,,122,,,,,44,,,,,,,,,,,191,410,,,222,245,359,,,,,320,246,390,586,,341,310,141,,218,338,66,,1344,,,,347,,,,,,,,,,,,,,,7,,,,,,,,,,271,,,256,,,,,,,,,,,,11,,,,,,,,,,,,258,127,,109,54,122,57,224,492,319,,,346,173,37,187,,,,91,,145,,31,,161,188,191,74,,825,42,137,39,,257,271,,1019,170,,90,,88,,,,,,,,,,,,,,,,,,,,,,,,,,,,,,,,,,,,,,,,,,,,,,,,,,,,,370,694,214,127,538,106,155,,,,,,,,,,,,,,,,,,,,,,,,,,,,,,,,,,,,,,,,,,,,,,,,,,,,,,167,263,16,214,255,87,525,102,241,,37,141,,151,11,53,,166,452,303,,,,,,,542,,,352,,181,,,,140,
2026-08-24T17:15:01+00:00,121,318,,156,570,,,145,,,,186,270,,,,,,,,,449,354,,292,,59,,,73,1046,,44,,211,,,,,,,,,,,,,,,137,,373,,,,,,,16,,,,42,,56,,,25,,,,,245,12,,139,155,,,,,,,,,,250,65,,277,227,212,456,23,237,220,243,321,199,376,41,124,112,175,273,182,,179,762,34,,272,111,228,270,186,250,956,,,,54,,,,,,,,,,,,,,,128,,,,,516,,,,,136,201,,,,,,,162,,,198,,528,,365,,,,603,312,463,,430,59,,,814,374,478,306,353,,396,1249,387,160,308,191,95,289,,,147,117,,244,16,81,674,,,,,,,,,,93,,,,,,,,,,69,,,,,,,,44,,,,,,,,,,,,,,,433,,,102,,,,,,,,,,123,,,,,45,,,,,,,,,,,185,419,282,182,228,247,363,,344,,,321,252,,593,,342,311,140,,,340,69,,,,,,350,,,,,,,,,,,,,19,27,8,,,,,,,,,,,,,255,,,,,,,,,,,,,,,,,,,,,,,,,,,110,56,,,225,,321,,37,348,172,,186,,,,,164,150,,,,163,191,,73,,,,136,40,93,,277,,,169,,,200,,,,,,,,,,,,,,,,,,,,,,,593,68,157,,596,,258,236,326,,,,,161,108,,,,,,57,,,,119,220,121,129,160,249,278,371,701,218,135,545,107,159,59,99,360,111,98,116,,186,222,165,,195,,184,8,300,,184,143,,,,,,,,,,,,,,,,,,,,,,,,,,,,,,,,,,,168,,17,217,259,,526,107,245,,36,140,,,16,56,,167,,304,,,,,,,547,125,,353,,182,,,,,
2026-08-24T17:20:01+00:00,,320,,,569,,,147,242,335,,190,272,,,215,,,,,,453,357,307,296,,60,,,78,1053,,43,,,,219,,,150,145,,,,33,,,,,,,,,,,10,,,20,,177,15,45,185,59,,,27,,,,,,13,,141,154,280,151,356,158,182,192,,,,,,,,,,,,,,,,,,,,,,,,,,,,,,,,,,,,,,,,,,,,,,,,,,,,,,,,,,,,,,,,,,,,,,,,,,,,,,,,,,,,,461,,432,,,,816,380,482,308,356,,,,,,,,,,,,,119,,245,16,79,682,,,,,,,,70,,95,,,,,,,66,,,70,,,,,,,,45,,,,,,,,,140,,,,,,438,,,104,,,,,,,,,,,,,,,48,,,,,,,,,,,184,423,284,,229,248,369,,,50,,322,249,392,595,,343,312,,,219,342,68,,1347,,,,351,,96,,,,,,,,,,,21,31,5,7,,,,,,,,,272,,,251,,,,,,,,,,,,8,,,,,,,,,,,,,,47,111,60,,,227,493,322,,,349,173,,187,,,,94,160,,,32,277,165,193,192,77,,,,,42,,,,,,,,,,,,,,,,,,,,,,,,,,,,,,,,602,,159,,601,,260,234,340,288,364,,,160,,,,,,,,,,277,121,222,124,137,164,247,277,375,708,,137,558,,,,,,,,,,,,,,,,,,,,,,,,,,,,,,,,,,,,,,,,,,,,,,,,,,,,,,463,,,262,18,218,266,88,527,117,250,317,37,,,153,15,57,,170,451,307,,,,,,,552,,,361,,,125,,,,
2026-08-24T17:25:02+00:00,124,,,154,573,,,152,,331,,188,276,,,210,,,,,,454,361,308,297,,,,,77,1061,,,,210,,220,,,149,146,,,,37,,,,,134,,,,117,,9,46,,21,,,,41,188,67,233,85,,,,,,246,11,,142,,277,158,358,161,,194,,,,251,,197,278,234,213,470,24,,,,331,200,375,47,125,111,184,274,197,156,,761,36,575,274,,232,274,,251,968,,,,56,110,159,868,156,258,467,57,35,377,,,,,,142,,,,,,,,,,139,205,,,,,,,169,,,193,,527,,376,,206,,611,311,466,,438,,,,814,387,488,307,362,,393,1248,,161,,189,96,,,417,151,122,,247,16,73,686,,,,,,,,,,97,,,,,,,69,,,71,,,,,,,,,,,,,,,,,143,,,,,,446,,,,,,,,,,,,,125,,,,,,,,,,,,,,,,,424,283,184,231,,373,,,45,12,323,250,395,601,325,,314,,,222,341,67,,,,,,352,,95,,,,,,,,,,,19,28,,9,,,,,,,,,270,,,256,,,,,,,,,,,,7,,,,,,,,,,,,255,,,110,61,,,228,494,327,,,,172,,184,,,,93,159,158,,,273,164,197,,79,,,,,41,95,259,287,,1023,170,,86,,87,,,,,,,,,,,,,,,,,,,,,,607,69,161,,609,,261,237,363,291,363,,,163,105,,,,,,53,,,282,122,227,128,134,168,255,279,376,718,216,,556,,162,,,,,,,,,,,,,,,,,,,,,,,,,,,,,,,,,,,,,,,,,,,,,,,,,,,,465,,169,270,19,220,267,,528,122,255,,,141,,156,17,58,,,452,309,,,,,,,555,,,367,,185,,,,167,
2026-08-24T17:30:02+00:00,,,,,569,45,,155,244,,,,280,,,212,,,,,,,365,310,296,,,,,76,1067,,37,1,209,,222,,,,149,,,,,,,,,,,,,116,,10,47,,20,,,,39,,70,,,,,,,,,,,,,,,,,,,,,,250,62,204,279,240,214,468,26,239,,,336,,376,51,124,,,279,206,,181,759,37,579,275,,238,270,184,257,969,,,,57,,,,,,,,,,,,,,,,,,,,,,,,,,,,,,,,,,,,,,,,,,,,,312,,572,437,58,,,,396,493,303,367,,,,,,,,,,,,,125,,251,16,74,693,,,,,,,,73,,,,,,,,,68,,,,,,,,,,,,,,,,,,,,139,,,,,,448,,,,135,,,,,,,,,127,,,,,,,,,,,,,,,,180,428,,,234,,377,,,,11,325,265,,604,327,348,,,,223,347,72,,1349,,,,351,,96,,,,,,,,,,,15,30,6,,,,,,,,,,271,,,259,,,,,,,,,,,,,,,,,,,,,,,,254,128,,109,64,,56,,495,329,,,,170,,185,,,,,,156,,31,,,196,194,,,824,,,40,,,,,,,,,,,,,,,,,,,,,,,,,,,,,,,,,,,,,,,,,,,,,,,,,,,,,,,,,,,,,,,,720,221,136,554,111,159,61,102,363,114,,122,42,188,220,175,167,193,,182,9,307,,183,154,,,,,,,,,,,,,,,,,,,,,,,,,,,,,,,,,466,136,171,268,18,227,272,90,527,123,256,,36,140,,157,16,57,,,,310,,,,,,,557,126,,373,,188,123,,,166,
2026-08-24T17:35:01+00:00,126,,,,571,47,,159,247,330,,184,282,,,206,,,,,,457,367,317,300,,61,,,78,1074,31,34,6,207,,225,,,146,,,120,,,,,,,133,,374,,,,,46,14,27,,,,,,72,,86,,,,,,254,,,,,273,166,361,164,183,,,,,,,,,,,,,,,,,,,,,,,,,,,,,,,,,,,,,,,,,109,165,877,158,261,,,,380,,,,,,159,,,,,517,,,,,141,208,,,,,,,171,,,190,,540,,382,,205,,615,313,,571,,60,,,805,402,503,301,372,,388,1252,379,,,,,,,421,157,124,,250,16,77,701,,,,,,,,74,,96,,,,,,,,,,,,,,,,,,,,,,,,,,,133,,,,,,452,,,,,,,,,,,,,128,,,,,,,,,,,,,,,,183,432,281,185,,,382,,342,48,,327,269,396,608,328,350,312,,,,,73,,,,,,,,97,,,,,,,,,,,14,,,,,,,449,,,,,274,,,264,,,,,,,,,,,,,,,,,,,,,,,,253,,,,66,,53,226,493,332,,,347,171,,187,,,,,,160,,,271,166,198,192,,145,,,,,98,255,294,,1022,169,,88,,88,,,,,,,,,,,,,,,,,,,,,,612,71,160,,610,,263,239,376,288,364,,,,106,,,,,,54,,,283,,232,130,138,170,258,,375,722,224,137,553,113,160,,,,,,,,,,,,,,,,,,,,,,,,,,,,,,,,,,,,,,,,,,,,,,,,,,,,,134,172,273,22,228,,92,530,129,262,,,141,,,15,56,,172,453,,,,,,,,563,,,384,,190,122,,,,
2026-08-24T17:40:01+00:00,,324,,,568,45,,164,250,331,,183,284,,,203,,,,,,,,320,299,,,,,77,1080,30,35,8,,,229,,,148,148,,,,,,,,,,,,41,,,9,,,30,,,14,,,,,,,,,,,,,,140,155,,,,,,,,,,251,69,203,282,239,217,469,,240,,241,352,201,377,63,,110,187,282,225,,180,764,35,595,276,,,,183,,972,,,,59,,,,,,,,,,,,,,,,,,,,,,,,,,,,,,,,,,,,,,,,,,,,,311,462,,439,,,,806,408,508,306,374,,,,,,,,,,,,,128,,248,16,74,706,,,,,,,,,,,,,,,,,,,,,,,,,,,,,,,,,,,,,134,,,,,,,,,,,,,,,,,,,,,,,,,,,,,,,,,,,,,,,,,,,,,,329,270,,614,,355,313,,,,350,75,,1348,,,,,,,,,,,,,,,,,11,34,5,,,,,,,,,,,,,267,,,,,,,,,,,,6,,,,,,,,,,,,,,,,,,,,,,,,,,,,,,,,,,,,,,,,,,,,,,,,,,,,,,,,,,,,,,,,,,,,,,,,,,,,,621,70,159,,622,,268,240,397,,367,,,,107,,,,,,,,,284,120,239,131,155,178,261,282,,,,,,,,,,,,,,,,,,,,,,,,,,,,,,,,,,,,,,,,,,,,,,,,,,,,,,,,,,,470,135,169,282,21,226,275,,534,136,265,319,37,,,158,11,,,175,451,,,,,,,,564,,,387,,194,,,,,
2026-08-24T17:40:02+00:00,,,,,,,,,,,,,,,,,,,,,,,,,,,,,,,,,,,,,,,,,,,,,,,,,,,,,,,,,,,,,,,,,,,,,,,,,,,,,,,,,,,,,,,,,,,,,,,,,,,,,,,,,,,,,,,,,,,,,,,,,,,,,,,,,,,,,,,,,,,,,,,,,,,,,,,,,,,,,,,,,,,,,,,,,,,,,,,,,,,,,,,,,,,,,,,,,,,,,,,,,,,,75,,,,,,,,,,,,,,43,,,,,,,,,,,,,,,,,,,,,,,,,,,,,,,,,,,,,,,,,,,,,,,,,,180,436,282,186,,,385,,337,47,,,,,,,,,,,,,,,,,,,,,,,,,,,,,,,,,,,,,,,,,,,,,,,,,,,,,,,,,,,,,,,,,,,,,,,258,,,,70,,,227,,,,,348,173,,194,,,,,,159,,32,268,169,199,,80,,821,,,,100,252,296,,1023,176,,91,,97,,,,,,,,,,,,,,,,,,,,,,,,,,,,,,,,,,,,,,,,,,,,,,,,,,,,,,727,,,564,,161,,,,,,,,,,,,,,,,,,,,,,,,,,,,,,,,,,,,,,,,,,,,,,,,,,,,,,,,,,,,,,,,,,,,,,,,,,,,,,,,,,,,,,,,,,
2026-08-24T17:45:01+00:00,129,,,,571,46,,165,251,,,180,283,,,205,,,,,,,372,321,305,,59,,,,1088,29,38,11,208,,231,,,,149,,,,,,,,,134,,375,40,117,,8,,,43,,178,,36,187,73,,88,,,,,,253,12,,137,157,266,168,365,165,181,199,,,,,72,,284,240,,470,,,,242,353,202,376,67,127,,189,,233,,179,,37,601,,,244,277,182,259,978,,,,60,108,174,882,161,263,468,,34,378,,,,,,165,,,,,518,,,,,143,213,,,,,,,165,,,187,,550,,388,,203,,624,313,466,570,440,63,,,802,412,518,,375,,385,1257,383,,311,192,97,,,426,161,,,250,16,77,712,,,,,,,,76,,100,,,,,,,66,,,,,,,,,,,,,,,,,,,,,,,,,,453,,,,,,,,,,,,,130,,,,,,,,,,,,,,,,177,440,279,188,237,249,391,,338,49,12,333,278,,618,327,356,314,139,,224,348,74,,,,,,350,,96,,,,,,,,,,,9,36,6,10,,,,450,,,,,276,,,,,,,,,,,,,,,7,,,,,,,,,,,,266,,,,75,,55,,495,333,,,,177,,,,,,94,158,165,,,266,,,,,,818,,,39,,,,,,,,,,,,,,,,,,,,,,,,,,,,,,,,,,,,,,,,,,,,,,,,,,,,,,,,,,,,,,,376,730,225,140,573,,164,62,112,364,116,102,124,40,191,221,187,176,188,,177,10,314,,185,172,,,,,,,,,,,,,,,,,,,,,,,,,,,,,,,,,,,,285,20,229,276,97,533,145,271,318,,142,,159,13,,,179,,311,,,,,,,565,,,394,,195,121,,,185,
2026-08-24T17:50:02+00:00,,,,155,578,47,,171,253,330,,181,284,,,198,,,,,,461,379,325,309,,61,,,76,1096,28,,,209,,233,,,,,,,,,,,,,135,,376,,,,7,,,,,179,13,39,189,76,,,,15,,,,257,,,,158,,,,,,,,,,,,,,,,,,,,,,,,,,,,,,,,,,,,,,,,,,,,,,,,,,,,,,,,,,,,,,,,,,,,,,,,,,,,,,,,,,,,,,,,,,311,467,,,,,,803,417,521,302,377,,,,,,,,,,,,,,,245,16,,717,,,,,,,,78,,,,,,,,,64,,,70,,44,,,,,,46,,,,,,,,,141,,,,,,463,,,105,,,,,,,,,,131,,,,,,,,,,,,,,,,,444,278,189,240,250,392,,337,53,,335,279,398,623,,358,304,,,226,346,73,,1349,,,,,,97,,,,,,,,,,,8,37,7,12,,,,,,,,,,,,270,,,,,,,,,,,,6,,,,,,,,,,,,268,,,,76,,,228,496,338,,35,349,,,193,,,,95,,169,,,264,168,203,,,,817,43,135,,104,253,305,,1044,177,,94,,100,,,,,,,,,,,,,,,,,,,,,,624,69,157,,632,,271,241,420,287,369,,,164,109,,,,,,58,,,286,119,244,133,183,185,269,285,,736,,,579,112,166,,,,,,,,,,,,,,,,,,,,,,,,,,,,,,,,,,,,,,,,,,,,,,,,,,,,472,,170,288,22,242,,99,536,148,277,319,,140,,160,12,55,,182,,310,,,,,,,567,,,402,,,,,,,
2026-08-24T17:55:02+00:00,132,,,,579,,,173,255,331,,178,283,,,195,,,,,,462,,327,314,,62,,,,1098,,40,9,213,,,,,,148,,117,,,,,,,,,377,,,,9,,,45,,,11,38,190,77,,,,,118,,,261,,,136,159,269,178,366,168,,200,,,,252,73,,291,,214,474,,241,,244,358,204,377,74,,112,196,287,257,,,768,39,610,277,112,245,282,183,263,980,,,,61,,184,893,163,262,476,,32,377,,,,,,177,,,,,520,,,,,,212,,,,,,,173,,,186,,557,,403,,200,,623,310,,569,441,,,,805,421,529,305,381,,386,1262,390,164,326,191,,291,331,430,169,127,,244,16,80,727,,,,,,,,79,,,,,,,,,65,,,71,,46,,,,,,,,,,,,,,,147,,,,,,465,,,106,134,,,,,,,,,,,,,,,,,,,68,,,,,,172,443,274,,242,251,393,,,,,339,,,626,328,,308,,,,350,74,,1350,,,,,,,,,,,,,,,,,,38,,,,,,,,,,,278,,,269,,,,,,,,,,,,,,,,,,,,,,,,270,,48,,77,,,229,495,341,,,,,,191,,,,96,157,183,,,262,,206,,87,,813,,137,,,,,,,,,,,,,,,,,,,,,,,,,,,,,,,,,,,,,,,,,,,,,,,,,,,,,,,,,,,,,,,,377,748,224,141,577,,169,,,,,,,,,,,,,,,,,,,,,,,,,,,,,,,,,,,,,,,,,,,,,,,,,,,,473,,171,293,21,253,280,100,537,155,276,320,,144,,,14,56,,,453,313,,,,,,,,127,,411,,199,122,,,208,
2026-08-24T18:00:01+00:00,133,321,,,,50,,175,261,333,,177,284,,,206,,,,,,463,384,,326,,64,,,74,1107,29,42,8,,,237,,,149,149,,,,,,,,,,,378,,,,7,49,,52,,,10,36,191,81,,,28,,,,,262,,,137,160,,,,,,,,,,,,,,,,,,,,,,,,,,,,,,,,,,,,,,,,,,,,,,,,,,,,,,,,,,,,,,,,,,,,,,,,,,,,,,,,,,,,,,,,,,309,469,,438,,,,811,423,534,309,382,,,,,,,,,,,,,129,,242,16,81,733,,,,,,,,,,104,,,,,,,68,,,,,44,,,,,,,,,,,,,,,155,,,,,,468,,,,,,,,,,,,,,,,,,,,,,,,,,,,,168,446,270,,,,395,,338,56,,341,282,401,,,364,310,,,,352,,,,,,,,,,,,,,,,,,,,9,40,5,13,,,,,,,,,280,,,273,,,,,,,,,,,,8,,,,,,,,,,,,269,129,49,108,79,,,,497,343,,,,,,189,,,,,154,198,,,263,,,,86,,811,,,38,,254,316,,1072,179,,98,,106,,,,,,,,,,,,,,,,,,,,,,632,70,158,,644,,272,,428,,,,,,,,,,,,,,,288,117,246,134,189,192,268,286,378,752,226,142,580,,172,,,,,,,,,,,,,,,,,,,,,,,,,,,,,,,,,,,,,,,,,,,,,,,,,,,,475,134,,300,29,,282,,542,159,281,,35,145,,162,,55,,187,456,315,,,,,,,,,,424,,200,,,,217,
2026-08-24T18:05:01+00:00,135,,,,580,49,,174,264,332,,175,283,,,210,,,,,,465,385,330,332,,62,,,73,1115,,48,9,,,,,,147,,,,,,,,,,,,,,,,11,,13,51,,,9,39,193,,,89,31,,,,,272,11,,139,161,262,185,370,170,183,201,,,,,,211,297,243,,478,,,,,368,,378,85,,113,198,290,274,,,770,40,615,278,,250,281,191,264,987,,,,64,,,,,,,,,,,,,,,181,,,,,523,,,,,148,215,,,,,,,179,,,184,,565,,400,,203,,629,,468,571,,65,,,815,424,545,314,384,282,381,1268,393,,327,193,,290,,,177,128,,243,16,79,752,,,,,,,,,,,,,,,,,,,,,,,,,,,,,,,,,,,,,151,,,,,,471,,,107,,,,,,,,,,132,,,,,53,,,,,,,,,,,163,450,264,,243,252,396,,339,,11,345,283,397,627,,,309,,,227,354,76,,,,,,,,98,,,,,,,,,,,,,4,12,,,,,,,,,286,,,279,,,,,,,,,,,,,,,,,,,,,,,,268,130,,107,82,,,227,496,,,33,347,,,188,,,,,,202,,,264,169,205,,87,,808,,138,,102,253,318,,1079,181,,,,109,,,,,,,,,,,,,,,,,,,,,,640,,157,,645,,273,243,444,286,370,,,,110,,,,,,,,,,118,248,,197,195,269,288,,,,,,,,63,121,365,119,,129,42,186,224,205,183,187,,175,12,328,,189,183,,,,,,,,,,,,,,,,,,,,,,,,,,,,,,,,,474,,170,299,26,259,287,,546,166,294,322,37,148,,161,18,56,,188,460,316,,,,,,,570,,,435,,201,,,,227,
2026-08-24T18:05:02+00:00,,,,,,,,,,,,,,,,,,,,,,,,,,,,,,,,,,,,,,,,,,,,,,,,,,,,,,,,,,,,,,,,,,,,,,,,,,,,,,,,,,,,,,,,,,,,,,,,,,,,,,,,,,,,,,,,,,,,,,,,,,,,,,,,,,,,,,,,,,,,,,,,,,,,,,,,,,,,,,,,,,,,,,,,,,,,,,,,,,,,,,,,,,,,,,,,,,,,,,,,,,,,80,,105,,,,,,,,,,72,,,,,,,,47,,,,,,,,,,,,,,,,,,,,,,,,,,,,,,,,,,,,,,,,,,,,,,,,,,,,,,,,,,,,,,,,,,,,,,,,,,,,,,,,,,,,,,,,,,,,,,,,,,,,,,,,,,,,,,,,,,,,,,,,,,,,,,,,,,,,,,,,,,,,,,,,,,,,,,,,,,,,,,,,,,,,,,,,,,,,,,,,,,,,,,,,,,,,,,,,,,,,,,,,,,,,,,,,,,,,,,,,,,,,379,757,228,146,585,,173,,,,,,,,,,,,,,,,,,,,,,,,,,,,,,,,,,,,,,,,,,,,,,,,,,,,,,,,,,,,,,,,,,,,,,,,,,,,,,,,,,,,,,,,,,
2026-08-24T18:10:02+00:00,137,322,,,587,50,,180,269,,,170,,,,221,,,,,,,389,332,335,,,,,77,1129,,49,,,,,,,151,,,,,,,,,,,,379,41,,,12,48,14,63,,,8,38,195,,234,,32,,,,,,,,,160,,,,,,,,,,,,,,,,,,,,,,,,,,,,,,,,,,,,,,,,,,,,,,,,,,,,,,,,,,,,183,,,,,524,,,,,150,219,,,,,,,176,,,,,564,,404,,202,,,304,,572,441,66,,,826,,558,308,385,,,,,,,,,,,,,129,,245,16,80,762,,,,,,,,,,109,,,,,,,71,,,71,,,,,,,,,,,,,,,,,164,,,,,,479,,,109,,,,,,,,,,131,,,,,,,,,,,,,,,,162,454,263,191,,253,398,,338,55,,352,285,399,632,,365,313,,,228,355,80,,1351,,,,,,99,,,,,,,,,,,12,41,3,13,,,,,,,,,284,,,287,,,,,,,,,,,,,,,,,,,,,,,,,131,,112,81,,,226,,344,,38,345,178,,,,,20,,153,210,,,267,170,208,191,85,,810,,139,36,107,252,319,,1090,182,,,199,110,,,,,,,,,,,,,,,,,,,,,,644,,159,,649,,276,244,460,,369,,,,,,,,,,56,,,291,,252,138,212,196,,,,761,231,150,592,,177,,,,,,,,,,,,,,,,,,,,,,,,,,,,,,,,,,,,,,,,,,,,,,,,,,,,477,,,300,25,260,289,,549,169,299,,38,149,,,24,57,,189,,,,,,,,,569,,,442,,204,,,,234,
2026-08-24T18:15:01+00:00,,324,,,590,51,,182,271,333,,173,286,,,223,,,,,,466,391,334,339,,,,,82,1133,,53,,,,,,,153,,,,,,,,,,,,,,116,,10,50,,70,,,9,,196,,,91,34,16,120,,,274,10,,140,164,261,190,372,172,186,206,,,,,76,214,304,244,212,480,21,,,245,380,203,379,92,,,202,294,295,,,771,41,634,277,113,,301,193,271,1000,,,,62,110,195,910,167,265,481,57,34,380,,,,,,,,,,,,,,,,,,,,,,,,,,,,,,,,,,,,302,473,573,,,,,830,425,574,310,389,281,380,1275,399,165,340,190,98,,,435,188,131,,247,16,86,772,,,,,,,,81,,110,,,,,,,72,,,,,46,,,,,,,,,,,,,,,170,,,,,,482,,,,,,,,,,,,,133,,,,,,,,,,,,,,,,160,461,265,193,241,254,402,,337,59,,,,400,633,,367,311,,,,,82,,,,,,,,101,,,,,,,,,,,15,42,4,,,,,,,,,,290,,,289,,,,,,,,,,,,7,,,,,,,,,,,,267,,,111,82,,54,,,345,,39,,180,36,189,,,,,152,217,,,271,,,193,,148,811,,,37,,,,,,,,,,,,,,,,,,,,,,,,,,,,,,,,,,160,,,,,,,,,,,163,,,,,,,,,,,,,,,199,270,,378,766,234,153,601,113,179,,,,,,,,,,,,,,,,,,,,,,,,,,,,,,,,,,,,,,,,,,,,,,,,,,,,,136,172,302,,263,,,,182,305,325,,150,,160,,,,190,459,318,,,,,,,,,,449,,,123,,,,
2026-08-24T18:20:01+00:00,140,,,,,53,,186,273,335,,,288,,,221,,,,,,467,,337,345,,63,,,86,1142,,54,8,214,,,,,,150,,,,,,,,,,,380,,,,,,13,72,,,,41,,82,,90,,,,,,278,,,142,,,,,,,,,,,,,,,,,,,,,,,,,,,,,,,,,,,,,,,,,,,,,,,,,,,,,,,,,,,,,188,,,,,523,,,,,154,223,,,,,,,180,,,187,,571,,409,,205,,632,301,472,572,,,,,833,427,578,311,392,,,,,,,,,,,,,133,,248,16,89,778,,,,,,,,,,114,,,,,,,74,,,,,,,,,,,,,,,,,,,,168,,,,,,,,,,135,,,,,,,,,134,,,,,52,,,,,,,,,,,,467,,,,,,,,,,,288,,639,329,371,320,,,230,356,85,,,,,,352,,99,,,,,,,,,,,17,43,3,16,,,,,,,,,292,,,293,,,,,,,,,,,,,,,,,,,,,,,,265,132,,,86,,,227,499,347,,,343,,,,,,,,,,,33,,,211,,87,,809,,138,,,251,330,,1096,,,,,109,,,,,,,,,,,,,,,,,,,,,,652,,161,,645,,,248,468,288,368,,,,,,,,,,,,,292,120,256,139,227,201,271,,379,769,235,155,622,114,184,65,130,,,105,146,,188,230,218,197,186,,179,15,338,,,208,,,,,,,,,,,,,,,,,,,,,,,,,,,,,,,,,476,,,305,26,266,290,,551,189,316,328,37,148,,162,22,58,,191,,320,,,,,,,570,128,,462,,206,,,,248,
2026-08-24T18:25:01+00:00,145,323,,154,,56,,189,275,336,,175,289,,,218,,,,,,468,393,340,351,,,,,89,1152,,59,12,216,,,,,154,151,,116,,38,,,,,,,,,,,,,,77,,,8,45,195,,233,91,36,15,,,,284,,,141,163,,192,,171,,209,,,,,77,,311,243,214,489,24,239,,243,391,,380,97,,112,208,296,313,157,177,773,43,653,278,112,253,302,192,276,1004,,,,63,112,204,921,169,,482,58,31,381,,,,,,,,,,,,,,,,,,,,,,,,,,,,,,,,,,,,303,471,,,,,,835,,584,307,,282,379,1279,401,,341,189,,,336,438,192,134,,,16,93,790,,,,,,,,,,,,,,,,,,,,,,,,,,,,,,,,,,,,,,,,,,,481,,,,,,,,,,,,,132,,,,,,,,,,,,,,,,,,,,,,,,,,,355,292,401,644,330,373,317,,,232,361,89,,1350,,,,354,,,,,,,,,,,,,19,,4,,,,,449,,,,,293,,,296,,,,,,,,,,,,,,,,,,,,,,,,,,,,,,,,,,,,,,,,,,,,,,,,,,,,,,,,,,,,,,,,,,,,,,,,,,,,,,,,,,,,,,,,,663,71,164,,642,,278,250,480,292,,,,164,112,,,,,,,,,296,121,262,140,237,208,272,289,,,,,,,,,,,,,,,,,,,,,,,,,,,,,,,,,,,,,,,,,,,,,,,,,,,,,,,,,,,,,173,308,31,270,291,,,192,321,330,36,149,,163,26,59,,194,,,,,,,,,,,,465,,,124,,,,
2026-08-24T18:25:02+00:00,,,,,,,,,,,,,,,,,,,,,,,,,,,,,,,,,,,,,,,,,,,,,,,,,,,,,,,,,,,,,,,,,,,,,,,,,,,,,,,,,,,,,,,,,,,,,,,,,,,,,,,,,,,,,,,,,,,,,,,,,,,,,,,,,,,,,,,,,,,,,,,,,,,,,,,,,,,,,,,,,,,,,,,,,,,,,,,,,,,,,,,,,,,,,,,,,,,,,,,,,,,,,,112,,,,,,,,,,72,,,,,,,,,,,,,,,,,,,,,,,,,,,,,,,,,,,,,,,,,,,,,,,,,,,,,471,266,192,,,,,336,62,,,,,,,,,,,,,,,,,,,,,,,,,,,,,,,,,,,,,,,,,,,,,,,,,,,,,,,,,,,,,,,,,,,,,,,261,,,,88,,,228,502,348,,,,,,,,,,,151,220,,,272,,216,196,90,,811,,,38,109,,336,,1107,183,,99,,113,,,,,,,,,,,,,,,,,,,,,,,,,,,,,,,,,,,,,,,,,,,,,,,,,,,,,,768,234,,630,115,187,,,,,,,,,,,,,,,,,,,,,,,,,,,,,,,,,,,,,,,,,,,,,,,,,,,,,,,,,,,,,,,,,,,,,,,,,,,,,,,,,,,,,,,,,,
2026-08-24T18:30:02+00:00,,322,,155,594,54,,190,276,337,,,,,,215,,,,,,,399,341,353,,,,,,1155,28,60,15,217,,,,,155,,,,,,,,,,134,,379,42,117,,11,,12,80,,,,46,196,83,,92,37,,,,,287,,,,160,258,194,,175,,211,,197,,,80,215,313,244,,498,,,,248,394,205,379,105,,113,210,295,319,,176,774,45,663,277,,252,303,,279,1008,,,,64,,205,922,170,264,483,59,32,384,,,,,,185,,,,,524,,,,,158,224,,,,,,,186,,,,,576,,416,,,,633,304,472,,440,67,,,834,428,586,304,394,,,,,,,,,,,,,,,,16,98,801,,,,,,,,,,113,,,,,,,76,,,,,,,,,,,,,,,,,,,,167,,,,,,488,,,112,,,,,,,,,,134,,,,,53,,,,,,,,,,,158,477,267,,242,,403,,338,64,,358,293,402,643,331,374,328,138,,,,,,1351,,,,353,,100,,,,,,,,,,,21,45,1,15,,,,,,,,,294,,,299,,,,,,,,,,,,,,,,,,,,,,,,260,,48,,90,,,231,507,354,,40,,179,,190,,,,97,152,226,,,276,,218,,91,,813,45,,39,116,253,,,1117,188,,100,200,117,,,,,,,,,,,,,,,,,,,,,,,,,,,,,,,,,,,,,,,,,,,,,,,,,,,,,,773,,,639,,190,,,,,,,,,,,,,,,,,,,,,,,,,,,,,,,,,,,,,,,,,,,,,,,,,,,,479,,,311,32,274,292,,553,194,322,333,37,150,,,29,,,195,460,318,,,,,,,572,,,466,,,,,,257,
2026-08-24T18:35:02+00:00,146,323,,,595,57,,192,278,340,,176,,,,213,,,,,,,402,347,355,,,,,90,1157,29,58,21,,,,,,,150,,114,,,,,,,,,,,,,9,49,,86,,,7,52,198,,,,34,,,,,291,,,,161,,,,,,,,,,,,,,,,,,,,,,,,,,,,,,,,,,,,,,,,,,,,,,,,,,,,,,,,,,,,,,,,,,,,,,,,,,,,,,,,,,,,,,,,,,308,474,571,439,,,,836,429,,296,393,281,378,1282,405,,344,,,,,441,198,137,,252,16,99,802,,,,,,,,,,115,,,,,,,77,,,,,,,,,,,,,,,,,,,,164,,,,,,489,,,111,,,,,,,,,,132,,,,,54,,,,,69,,,,,,,479,271,194,,,405,,340,67,,359,291,403,644,333,376,331,,,,362,,,,,,,352,,,,,,,,,,,,,,,0,14,,,,,,,,,296,,,300,,,,,,,,,,,,,,,,,,,,,,,,263,133,47,112,94,121,53,234,510,357,,,,180,,,,,,96,151,231,,,280,,225,,93,147,818,,139,,,,,,,,,,,,,,,,,,,,,,,,,,,,,,,,,665,,,,645,,279,,483,294,,,,162,113,,,,,,55,,,297,120,264,,244,212,,291,394,776,236,156,646,,195,,131,368,,108,149,43,190,233,239,215,184,,189,18,347,,190,222,,,,,,,,,,,,,,,,,,,,,,,,,,,,,,,,,,,117,316,37,277,,,556,198,326,,38,153,,,30,,,,461,,,100,,,,,577,,,472,,208,,,,,
2026-08-24T18:40:02+00:00,148,324,,,599,60,,195,279,338,,,292,,,,,,,,,469,407,,359,,,,,,1160,,61,25,,,,,,,149,,115,,,,,,,135,,,,,,,,10,,,,8,54,196,85,234,,33,,,,,292,,,140,164,259,198,373,176,185,210,,,,,88,221,320,249,213,500,27,,,249,405,206,381,110,,118,215,300,329,158,,776,46,676,278,,256,301,191,281,1007,,,439,,,207,928,171,267,487,,34,382,,,,,,199,,,,,525,,,,,161,,,,,,,,192,,,191,,581,,420,,208,,632,,472,,440,,,,840,430,591,292,,,,,,,,,,,,,,,,,16,102,800,,,,,,,,83,,,,,,,,,76,,,,,,,,,,,48,,,,,,,,,,,,,,,,,,,,,,,,,,,,,,,,,,,,,,,,,,,,,,272,196,243,255,408,,344,68,,361,295,,645,332,378,337,,,,363,90,,1350,,,,350,,,,,,,,,,,,,26,,,15,,,,,,,,,298,,,302,,,,,,,,,,,,6,,,,,,,,,,,,260,,,115,97,,52,,509,363,,,342,181,,192,,,,,152,233,,32,281,,233,197,,,822,,140,41,124,255,343,,1121,194,,102,,120,,,,,,,,,,,,,,,,,,,,,,,,,,644,,283,,485,,,,,161,114,,,,,,,,,301,,267,,248,216,,292,395,781,239,157,660,,199,,,,,,,,,,,,,,,,,,,,,,,,,,,,,,,,,,,,,,,,,,,,,,,,,,,,,,118,323,,282,,,,202,327,,,157,,,31,,,,,,,,,,,,578,,,476,,,123,,,268,
2026-08-24T18:45:01+00:00,,,,,,63,,196,280,,,177,,,,,,,,,,,409,351,,,65,,,,1162,,,26,218,,,,,,,,,,37,,,,,,,,,,,11,,12,88,,,7,58,198,,,93,,16,,,,294,,,,,,,,,,,,,,,,,,,,,,,,,,,,,,,,,,,,,,,,,,,,,,,,,,,,,,,,,,,,,,,,,,,,,,,,,,,,,,,,,,,,,,,,,,,,,,307,471,,439,,,,846,,600,290,392,,382,1291,416,,348,195,99,,,,200,139,,257,15,106,811,,,,,,,,,,116,,,,,,,,,,,,,,,,,,,,,,,,,,,168,,,,,,490,,,,,,,,,,,,,135,,,,,,,,,,,,,,,,,484,273,198,244,,411,,345,71,,,,404,646,,379,335,,,,,88,,,,,,351,,98,,,,,,,,,,,28,44,1,16,,,,,,,,,305,,,305,,,,,,,,,,,,7,,,,,,,,,,,,,134,,114,99,,,240,512,364,,,343,183,,,,,,95,151,234,,33,282,,235,198,94,148,824,,141,,127,254,349,69,1123,200,,,,102,,,,,,,,,,,,,,,,,,,,,,,,,,,,,,,,,,,,,,,,,,,,,,,,,,,,,396,783,,158,671,,202,,,,,,,,,,,,,,,,,,,,,,,,,,,,,,,,,,,,,,,,,,,,,,,,,,,,,,119,331,,,293,,,203,329,,,159,,,30,60,,,462,319,,,,,,,584,,,482,,210,124,,,,
2026-08-24T18:50:01+00:00,149,,,,603,,,195,281,,,178,,,,,,,,,,,412,352,361,,66,,,87,1165,,,27,,,,,,,,,,,38,,,,,,,,,,,,,,86,,,,62,,,235,,34,,,,,,,,,,264,199,374,183,,212,,,,253,92,225,323,251,,506,29,240,,250,411,,,116,128,,218,304,346,,177,,,684,,111,259,304,,283,,,,440,65,113,208,935,172,266,486,,32,,,,,,,,,,,,526,,,,,160,226,,,,,,,199,,,,,582,,425,,209,,,,,572,442,,,,848,431,602,294,,,,,,,,,,,,,,142,,261,15,107,818,,,,,,,,,,118,,,,,,,,,,73,,,,,,,,49,,,,,,,,,176,,,,,,492,,,,,,,,,,,,,136,,,,,,,,,,,,,,,,,487,277,,245,,,,,,,,303,,,331,382,336,,,,362,,,,,,,,,,,,,,,,,,,,30,,,17,,,,,,,,,308,,,308,,,,,,,,,,,,8,,,,,,,,,,,,266,135,,115,,,,,,369,,,345,,,193,,,,94,150,239,,34,286,171,238,,95,,831,,,,128,253,356,70,1126,206,,103,,104,,,,,,,,,,,,,,,,,,,,,,676,,,,645,,284,254,490,296,,,,163,113,,,,,,56,,,303,121,269,,261,220,,,397,786,240,160,684,,204,66,133,,,109,154,44,188,238,247,220,191,,196,19,353,,191,239,,,,,,,,,,,,,,,,,,,,,,,,,,,,,,,,,480,,,338,41,286,294,,558,204,333,,39,158,,,31,,,196,,322,,,,,,,589,,,484,,211,126,,,,
2026-08-24T18:55:02+00:00,,325,,,604,,,197,,337,,181,293,,,211,,,,,,470,415,354,,,65,,,88,1164,,64,34,,,,,,157,148,,114,,,,,,,,,,,,,,48,11,84,,,,64,201,,,,,15,,,,301,,,,162,,,,,,,,,,,,,,,,,,,,,,,,,,,,,,,,,,,,,,,,,,,,,,,,,,,,,,,,,,,,,,,,,,,,,,,,,,,,,,,,,,,,,,,,,,308,472,,441,,,,852,,603,293,393,,380,1298,422,167,351,,100,,337,444,201,,,262,16,108,822,,,,,,,,,,,,,,,,,,,,,,48,,,,,,,,,,,,,,,178,,,,,,,,,,,,,,,,,,,,,,,,,,,,,,,,,,,,493,279,,246,256,413,,,72,,,307,406,,332,,349,,,,364,,,,,,,353,,99,,,,,,,,,,,32,49,,18,,,,448,,,,,310,,,306,,,,,,,,,,,,,,,,,,,,,,,,270,136,,116,100,,,242,513,376,,,348,182,,195,,,,,,240,,,290,,239,200,,149,841,,,,,,365,,1128,209,,,201,,,,,,,,,,,,,,,,,,,,,,,,72,,,647,,,255,494,,369,,,,112,,,,,,55,,,305,122,271,,262,222,,294,398,791,239,162,686,,206,,,,,,,,,,,,,,,,,,,,,,,,,,,,,,,,,,,,,,,,,,,,,,,,,,,,479,,120,342,44,291,,,,206,337,334,,162,,164,33,63,,,,323,,,,,,,591,,,491,,212,127,,,269,
2026-08-24T19:00:01+00:00,152,326,,,,65,,201,282,336,,187,294,,,,,,,,,,417,358,,,,,,,1167,,66,35,,,,,,160,147,,,,,,,,,,,,,,,,51,12,,,,,66,,,,,36,,,,,303,,,141,,268,203,,,186,213,,,,254,100,231,325,255,214,511,31,,221,,417,205,,126,127,119,226,306,362,,178,778,48,701,,,260,299,192,288,1006,,,,,,211,939,173,267,487,,33,,,,,,,208,,,,,,,,,,163,,,,,,,,201,,,192,,585,,423,,206,,,,471,573,,68,,,860,,,,,,,,,,,,,,,,,143,,260,16,110,827,,,,,,,,,,119,,,,,,,,,,,,,,,,,,,,,,,,,,,187,,,,,,494,,,110,,,,,,,,,,137,,,,,,,,,,,,,,,,161,499,280,,,,,,346,,,362,313,408,649,,,355,,,233,,87,,1351,,,,,,,,,,,,,,,,,31,51,,20,,,,449,,,,,312,,,309,,,,,,,,,,,,6,,,,,,,,,,,,,138,,117,103,,54,244,,,,,355,,,194,,,,93,,245,,,291,172,241,,97,,846,,,42,,,,,,,,,,,,,,,,,,,,,,,,,,,,,,,,,,,,,,,,,,,,,164,,,,,,,,,,,,,,,,,,399,,243,,706,,211,,,,,,,,,,,,,,,,,,,,,,,,,,,,,,,,,,,,,,,,,,,,,,,,,,,,480,,,347,45,295,,,559,207,339,336,,,,167,35,64,,,461,,,,,,,,593,,,,,,131,,,,
2026-08-24T19:15:01+00:00,,,,,606,,,213,290,337,,,305,,,215,,,,,,471,420,371,367,,,,,91,,30,67,42,220,,,,,162,150,,113,,37,,,,,,,,,116,,,52,11,90,,,6,65,202,,,,39,,,,,304,8,,142,166,281,211,,190,187,219,,,,297,116,252,333,259,218,527,39,,,253,434,204,383,151,126,,236,319,390,160,179,779,53,716,,,266,302,196,290,1021,,,,67,,,,,,,,,,,,,,,212,,,,,527,,,,,165,227,,,,,,,208,,,202,,590,,436,,208,,633,311,473,571,444,,,,882,434,609,296,399,,391,1304,434,169,357,202,103,289,338,446,209,144,,268,16,119,841,,,,,,,,,,125,,,,,,,75,,,,,,,,,,,,,,,,,,,,204,,,,,,496,,,,137,,,,,,,,,,,,,,,,,,,,,,,,,,513,285,199,,,420,,353,74,12,364,315,,659,,383,372,,,,362,92,,1353,,,,355,,100,,,,,,,,,,,32,54,,17,,,,450,,,,,322,,,317,,,,,,,,,,,,,,,,,,,,,,,,287,139,,,105,,57,245,516,381,,,359,184,,201,,,,92,154,249,,,290,171,250,,101,151,862,,143,44,133,252,377,,1129,223,,105,202,122,,,,,,,,,,,,,,,,,,,,,,682,,168,,653,,,259,498,301,367,,,,,,,,,,59,,,308,125,280,,274,228,,295,402,801,247,169,705,,219,62,134,369,118,114,156,42,189,243,260,229,190,,203,21,361,,190,251,,,,,,,,,,,,,,,,,,,,,,,,,,,,,,,,,483,,126,366,47,310,295,99,562,208,343,338,41,163,,168,46,,,,464,324,,,,,,,600,,,505,,,130,,,,
2026-08-24T19:30:02+00:00,157,324,,,614,66,,218,293,,,192,306,,,221,,,,,,472,426,376,371,,,,,,1168,,68,51,,,,,,165,149,,,,38,,,,,,,378,,117,,12,,12,103,,,7,73,199,,,92,38,17,,,,307,,,,171,282,212,,193,188,222,,,,,124,262,337,262,219,539,37,,,254,445,,384,162,125,,240,322,408,,180,781,66,729,,109,273,303,197,291,1022,,,,70,114,,947,174,274,505,59,64,386,,,,,,220,,,,,528,,,,,166,,,,,,,,218,,,209,,594,,442,,213,,636,305,475,572,446,,,,904,435,614,299,400,,397,1305,440,,355,203,104,,,448,218,148,,274,17,,856,,,,,,,,84,,128,,,,,,,77,,,72,,,,,,,,50,,,,,,,,,219,,,,,,498,,,,138,,,,,,,,,140,,,,,55,,,,,,,,,,,167,519,289,201,248,257,,,358,,14,365,328,,,333,387,382,,,,365,93,,1360,,,,357,,107,,,,,,,,,,,50,62,2,19,,,,,,,,,323,,,328,,,,,,,,,,,,7,,,,,,,,,,,,292,,49,120,110,122,59,246,527,391,,,365,186,37,207,,,,,156,255,,35,,173,255,,102,149,871,,,47,139,254,393,,1133,230,,,,133,,,,,,,,,,,,,,,,,,,,,,695,74,172,,662,,,265,500,303,368,,,162,113,,,,,,,,,,130,283,,288,235,,,404,806,251,178,713,113,226,64,140,370,119,116,158,45,201,246,265,235,191,,208,22,365,,,263,,,,,,,,,,,,,,,,,,,,,,,,,,,,,,,,,484,137,129,380,,316,296,,564,,354,,42,167,,172,49,66,,197,,,,,,,,,608,,,517,,213,128,,,296,
2026-08-24T19:45:02+00:00,159,323,,154,619,68,,223,297,339,,203,308,,,227,,,,,,471,427,382,,,68,,,94,1169,31,70,59,221,,,,,173,147,,112,,,,,,,,,,,,,13,,,105,,,8,80,203,,234,93,41,,,,,309,,,,172,300,213,373,198,190,225,,,,298,133,270,344,268,218,551,51,238,,256,452,,386,173,,120,247,324,417,,181,782,67,739,277,108,274,305,199,298,1024,,,441,,,,952,,273,510,,,388,,,,,,232,,,,,,,,,,168,228,,,,,,,235,,,220,,,,462,,220,,640,307,472,573,443,,,,914,,615,300,,,396,1316,462,170,358,207,,291,339,453,228,149,,272,17,125,864,,,,,,,,86,,132,,,,,,,,,,73,,,,,,,,51,,,,,,,,,226,,,,,,499,,,,,,,,,,,,,,,,,,,,,,,,,,,,,177,527,290,202,250,,421,,391,,,367,336,,661,,388,404,137,,232,371,94,,1368,,,,358,,,,,,,,,,,,,53,67,,21,,,,,,,,,325,,,337,,,,,,,,,,,,,,,,,,,,,,,,308,,,125,112,135,58,247,531,396,,39,369,189,,214,,,,91,157,267,,,292,,261,,103,148,873,,142,48,144,255,407,71,1135,247,,,,141,,,,,,,,,,,,,,,,,,,,,,706,76,176,,665,,285,266,,307,372,,,164,115,,,,,,64,,,309,131,289,,298,242,,,412,811,253,183,725,115,229,65,143,374,122,118,159,48,,248,272,255,193,,220,23,366,,,277,,,,,,,,,,,,,,,,,,,,,,,,,,,,,,,,,,,134,394,51,326,298,,563,,355,339,,169,,173,50,,,198,465,,,,,,,,612,,,524,,214,130,,,310,
2026-08-24T20:00:02+00:00,161,321,,155,627,,,234,298,347,,211,316,,,232,,,,,,472,429,381,,,69,,,,1173,,,61,,,,,,,148,,,,36,,,,,,,,43,116,,,53,13,106,,,,82,205,,,,43,,,,,314,,,140,178,311,217,374,,,229,,,,,139,279,348,271,217,560,60,,,262,454,208,,176,,,249,329,426,,180,783,69,750,,,279,306,196,304,1023,,,,71,,,954,175,275,512,,70,389,,,,,,243,,,,,,,,,,170,230,,,,,,,238,,,218,,598,,466,,223,,645,,,570,445,,,,927,434,618,304,401,,,1317,471,,361,213,105,,340,455,229,152,,268,16,130,870,,,,,,,,87,,133,,,,,,,76,,,,,49,,,,,,,,,,,,,,,238,,,,,,,,,111,,,,,,,,,,,,,,,,,,,,,,,,,,180,531,291,,251,,422,,401,,,372,341,,664,,392,422,136,,234,372,97,,1372,,,,355,,109,,,,,,,,,,,64,74,,22,,,,,,,,,330,,,,,,,,,,,,,,,10,,,,,,,,,,,,328,138,50,129,115,142,59,249,532,402,,40,370,190,,215,,,,,163,272,,,293,174,268,,102,147,874,,,47,148,,420,,1136,256,,,203,149,,,,,,,,,,,,,,,,,,,,,,712,77,179,,671,,,271,,309,,,,162,117,,,,,,67,,,310,,290,,305,248,,,416,819,256,187,747,,234,,144,375,123,120,161,47,203,256,274,258,196,,228,24,368,,,283,,,,,,,,,,,,,,,,,,,,,,,,,,,,,,,,,486,,137,418,55,337,,,564,,360,340,,170,,174,54,70,,,467,327,,,,,,,619,,,530,,215,135,,,320,
2026-08-24T20:15:02+00:00,162,319,,,632,67,,,,351,,222,319,,,237,,,,,,471,428,387,,,,,,97,1175,,72,63,220,,,,,175,,,,,38,,,,,,,,,,,16,,12,108,,,10,89,207,,,,45,,,,,324,7,,141,181,320,,,200,,233,,,,299,138,285,351,276,218,573,65,237,,261,469,207,387,185,,,251,330,435,161,,784,70,759,,107,280,,,312,1065,,,,70,,,,,277,514,,77,388,,,,,,246,,,,,527,,,,,,,,,,,,,249,,,222,,599,,468,,227,,648,308,473,,446,,,,941,435,621,308,400,,,1323,478,172,365,218,106,,,456,237,153,,273,17,136,874,,,,,,,,88,,137,,,,,,,77,,,,,,,,,,,52,,,,,,,,,249,,,,,,501,,,,,,,,,,,,,,,,,,56,,,,,,,,,,,184,536,292,203,252,258,423,,,,,,349,409,,,394,443,,,,376,,,1376,,,,,,,,,,,,,,,,,,,,,,,,,,,,,,,,,,,,,,,,,,,,,,,,,,,,,,,,332,,51,131,117,,57,,533,408,,,372,192,,219,,,,,165,275,,,,,277,,,,876,,143,48,147,0,434,,1147,272,,109,,162,,,,,,,,,,,,,,,,,,,,,,722,78,182,,687,,286,,,312,371,,,163,118,,,,,,69,,,311,132,,,315,251,,,,822,257,,766,117,236,,147,381,122,123,162,48,201,266,291,266,,,236,26,369,,191,290,,,,,,,,,,,,,,,,,,,,,,,,,,,,,,,,,,139,,435,59,344,,,565,,363,,44,,,,57,71,,,470,,,,,,,,620,,,536,,216,,,,324,
2026-08-24T20:30:02+00:00,161,,,154,638,69,,239,301,349,,225,,,,248,,,,,,472,429,389,,,,,,99,1180,,,,222,,,,,176,147,,114,,,,,,,,,,,,,21,52,13,111,,,,94,209,,235,,46,,,,,328,,,142,221,325,221,,,,234,,,,300,145,290,359,280,217,587,66,,,,472,208,390,187,,119,257,331,444,,,788,72,763,,,283,304,195,321,1076,,,,71,,,956,,274,515,,80,389,,,,,,260,,,,,,,,,,171,231,,,,,,,256,,,218,,601,,478,,231,,647,305,470,571,455,,,,949,437,625,314,398,,397,1324,483,,364,221,108,,,,240,155,,,16,139,879,,,,,,,,,,,,,,,,,,,,,,,,,,,,,,,,,,,,,257,,,,,,,,,,,,,,,,,,,141,,,,,,,,,,,,,,,,192,539,297,206,,,,,,,,375,352,,,334,393,467,,,,375,,,1377,,,,,,,,,,,,,,,,,,,,,,,,,,,,,,,,,,,,,,,,,,,,,,,,,,,,,,,,348,,52,,,,,,539,411,,,370,195,,,,,,90,169,276,,,,173,286,,101,149,889,,,50,150,,443,,1162,282,,110,,173,,,,,,,,,,,,,,,,,,,,,,731,,183,,697,,285,272,,313,,,,,,,,,,,,,,312,134,,,326,254,,,,826,261,188,,116,237,64,,378,,125,163,50,199,267,,270,200,,247,28,370,,,297,,,,,,,,,,,,,,,,,,,,,,,,,,,,,,,,,,140,138,443,66,348,,,567,,,341,46,171,,175,58,,,,468,328,,,,,,,623,,,540,,,133,,,329,
2026-08-24T20:45:02+00:00,162,320,,,643,,,245,303,351,,232,320,,,276,,,,,,,,390,,,71,,,97,1179,,,61,223,,,,,179,,,,,,,,,,136,,377,,,,,,,113,,,11,92,,,,,,,,,,335,8,,143,229,344,,,,,,,,,,154,299,364,281,,592,73,236,,259,482,,388,,124,,261,333,445,,178,,,773,278,111,288,,193,326,1078,,,443,74,,,957,,275,516,,87,390,,,,,,262,,,,,,,,,,,,,,,,,,270,,,226,,602,,489,,235,,650,307,476,,441,,,,957,,628,322,399,,396,1327,494,174,370,227,110,293,339,458,249,157,,276,17,145,888,,,,,,,,,,,,,,,,,79,,,72,,50,,,,,,,,,,,,,,,268,,,,,,,,,114,,,,,,,,,,,,,,,,,,,,,,,,,,196,542,,207,,,,,,73,,378,354,410,665,,395,490,,,,373,98,,1378,,,,,,,,,,,,,,,,,,,,,,,,,,,,,,,,,,,,,,,,,,,,,,,,,,,,,,,,354,,53,,,,,248,540,414,,,,197,,,,,,,178,280,,,294,175,289,,,,894,,,51,,,447,,1175,295,,,,179,,,,,,,,,,,,,,,,,,,,,,737,,186,,705,,,,,314,370,,,162,,,,,,,74,,,313,,,,334,259,,,,,262,190,767,,240,,150,,123,126,,51,,269,301,274,201,,258,31,,,,300,,,,,,,,,,,,,,,,,,,,,,,,,,,,,,,,,,143,141,455,72,352,299,,,,,342,47,173,,176,62,73,,200,471,333,,,,,,,625,129,,543,,217,134,,,332,
2026-08-24T21:00:01+00:00,161,319,,,,70,,246,304,,,235,324,,,293,,,,,,,,393,,,72,,,98,1180,,80,62,,,,,,,150,,,,,,,,,,,378,,,,,53,,117,,,12,,211,,234,,,,,,,,,,144,232,357,,,,,235,,,,303,159,306,368,282,,594,74,,,258,495,207,387,193,,120,,335,450,,,789,,777,277,112,,303,,332,1077,,,,76,,,961,176,276,517,,108,,,,,,,266,,,,,,,,,,,,,,,,,,,,,227,,604,,491,,238,,654,,,569,436,,,,961,439,631,332,402,,398,,501,175,373,,,,,460,251,158,,277,17,147,891,,,,,,,,,,136,,,,,,,,,,,,,,,,,,,,,,,,,,,291,,,,,,500,,,115,,,,,,,,,,142,,,,,,,,,,,,,,,,199,543,298,,253,259,,,,74,,380,,,,,,511,,,,370,99,,,,,,,,,,,,,,,,,,,,,,,,,,,,,,,,,,,,,,,,,,,,,,,,,,,,,,,,,,367,,,133,118,,,246,541,417,,,,,,221,,,,,181,,,,295,,293,,,,895,,,,152,,449,,1184,294,,,,183,,,,,,,,,,,,,,,,,,,,,,741,,189,,,,,,,315,369,,,,119,,,,,,75,,,,,,,338,,,,,828,263,191,,115,,,154,379,,130,,52,204,273,303,293,214,,280,33,371,,195,304,,,,,,,,,,,,,,,,,,,,,,,,,,,,,,,,,489,144,,465,,353,,,,,,,,,,,63,,,,470,330,,,,,,,,,,545,,,135,,,334,
2026-08-24T21:15:02+00:00,,318,,153,646,72,,249,,352,,239,323,,,313,,,,,,,427,396,,,,,,,1183,,98,63,,,,,,181,,,,,,,,,,,,379,,,,22,,,126,,,,95,,86,235,,,,,,,340,,,156,236,367,,,203,,,,,,,160,309,369,285,,597,,237,,,497,,,197,,,262,336,451,,,790,,779,278,,289,304,194,334,1078,,,,77,,,966,180,,,,111,,,,,,,276,,,,,,,,,,172,232,,,,,,,276,,,233,,605,,492,,239,,656,,,568,437,,,,963,,,339,403,,400,1328,510,,376,236,111,296,340,465,253,,,282,16,,,,,,,,,,,,,,,,,,,77,,,,,49,,,,,,,,,,,,,,,297,,,,,,,,,,,,,,,,,,,143,,,,,,,,,,,,,,,,212,545,299,,254,,,,,,,,,,,,398,519,,,,372,100,,,,,,,,,,,,,,,,,,,,,,,,,,,,,,,,,,,,,,,,,,,,,,,,,,,,,,,,,,370,,,,,,,,543,421,,,371,198,38,222,,,,,184,,,,,,298,,,,898,,,52,,,454,,1201,296,,,,192,,,,,,,,,,,,,,,,,,,,,,744,,191,,,,,,,317,370,,,,120,,,,,,,,,,,,,342,262,,296,156,751,264,192,707,70,230,,155,,124,131,,,205,274,305,302,216,,289,35,,,196,308,,,,,,,,,,,,,,,,,,,,,,,,,,,,,,,,,490,145,,470,73,354,,,,,,341,48,,,177,64,,,,471,,,,,,,,626,,,549,,,134,,,337,
2026-08-24T21:30:01+00:00,165,,,,648,71,,254,305,353,,244,326,,,343,,,,,,471,428,397,,,,,,97,1184,,,64,,,,,10,,,,,,,,,,,,,,,,,20,55,,128,,,13,96,212,,,,,,,,,341,9,,,234,375,,,,,,,,,304,164,311,370,290,,604,75,,,,503,,,198,,,263,340,457,,177,,,785,,,291,,196,337,1076,,,,78,,,967,,,519,,113,,,,,,,,,,,,526,,,,,,,,,,,,,278,,,240,,,,494,,240,,,308,,569,,,,,968,,632,350,,,399,,512,,,237,112,297,,,,160,,,17,,894,,,,,,,,,,,,,,,,,,,,,,,,,,,,,,,,,,,,,300,,,,,,499,,,,,,,,,,,,,144,,,,,,,,,,,,,,,,213,546,300,208,,,,,,,,381,359,,,335,,529,,,,373,,,,,,,,,,,,,,,,,,,,,,,,,,,,,,,,,,,,,,,,,,,,,,,,,,,,,,,,,,,373,139,,,,,,245,544,,,,372,199,,,,,,,192,281,,,,,,,,,899,,,,,,,,1204,297,,,,194,,,,,,,,,,,,,,,,,,,,,,,,196,,710,,,,,322,369,,,163,,,,,,,,,,315,,,,344,,,,,,263,,,,232,,156,380,,,,,206,277,310,,215,,292,36,,,,,,,,,,,,,,,,,,,,,,,,,,,,,,,,,,,,,491,,132,475,,356,,,,,364,,49,172,,,62,,,,,,,,,,,,628,,,,,,,,,342,
2026-08-24T21:45:02+00:00,,316,,,651,,,,,354,,246,,,,344,,,,,,,,398,,,,,,96,,,,,,,,,12,182,149,,,,39,,,,,,,,,,,,,,126,,,21,97,215,,,,47,,,,,,13,,157,236,385,,,202,,,,,,305,165,313,369,,,606,76,236,,259,504,206,,205,,,266,344,460,,178,791,,790,,,292,305,,338,1077,,,,,,,968,,278,520,,114,,,,,,,278,,,,,,,,,,,,,,,,,,282,,,,,,,,,,,657,,475,570,,,,,971,,,378,,,400,1329,517,178,379,,114,296,,466,254,,,285,16,,893,,,,,,,,,,,,,,,,,78,,,,,,,,,,,,,,,,,,,,299,,,,,,500,,,,,,,,,,,,,,,,,,,,,,,,,,,,,,,,,255,,,,,,,,366,,,,399,537,,,,377,,,,,,,,,,,,,,,,,,,,,,,,,,,,,,,,,,,,,,,,,,,,,,,,,,,,,,,,,,,374,,54,,,,,246,,,,,,,,221,,,,,193,282,,,296,176,,,103,,,,,,153,,456,,,300,,,,196,,,,,,,,,,,,,,,,,,,,,,,,,,723,,,271,,323,370,,,,,,,,,,76,,,,,,,,264,,,,,,,,,,,,,,,,,209,,312,303,216,,293,37,,,,,,,,,,,,,,,,,,,,,,,,,,,,,,,,,,,,,,,,479,,358,,,,,,,48,,,,63,,,,472,,,,,,,,627,,,,,,133,,,344,
2026-08-24T22:00:01+00:00,166,,,,,,,,,,,245,,,,,,,,,,,427,400,,,,,,97,,,99,,,,,,,,150,,,,,,,,,,,,,,,21,,,,,,,100,175,,,,,,121,,,343,,,,237,,,,,,,,,,306,,315,371,291,218,607,77,,,,,,,209,,,,345,462,,,,,795,,111,295,302,195,,1083,,,,,,,967,,277,521,,,,,,,,,,,,,,,,,,,,,,,,,,,283,,,246,,604,,,,,,658,307,472,571,436,,,,976,,,380,401,,,1331,519,,382,,,,,469,255,,,,16,,894,,,,,,,,,,,,,,,,,79,,,,,,,,,,,,,,,,,,,,0,,,,,,,,,0,,,,,,,,,,,,,,,0,,,,,,,,,,,,545,,,,,424,,,,,382,,,666,,398,538,,,,379,95,,1379,,,,,,,,,,,,,,,,,,,,,,,,,,,,,,,,,,,,,,,,,,,,,,,,,,,,,,,,375,,,,,,58,245,,,,,373,,,,,,,,194,,,,,,,,105,,,,,,152,,457,70,,,,,,,,,,,,,,,,,,,,,,,,,,,,750,,,,,,,272,,,371,,,,,,,,,,,,,,133,,,,,,297,,,,,,,234,,,,,,,,,,,,,,,,,,,,,,,,,,,,,,,,,,,,,,,,,,,,,,,,,,,,492,,,482,,,,,,,,,,,,178,,,,,473,332,,,,,,,,,,,800,,,,,345,105
2026-08-24T22:15:01+00:00,,,,,652,72,,255,306,353,,,325,,,345,,,,,,,428,,,,,,,,,,98,,224,,,,,,,,,,,,,,,,,,,,,23,,,,,,,101,,,,92,,,,,,344,,,,,,,,,,,,,,305,167,314,,289,,609,,,,260,506,204,,213,,,,346,463,,,,,797,,,,306,,339,1084,,,,,,,,,276,522,,115,,,,,,,281,,,,,,,,,,174,,,,,,,,284,,,248,,,,,,239,,660,308,475,572,,,,,981,,633,,,,399,,,,381,,,,250,,256,,,284,16,147,897,,,,,,,,,,,,,,,,,80,,,,,,,,,,,,,,,,,,,,300,,,,,,,,,115,,,,,,,,,,,,,,,56,,,,,,,,,,,,,,,,,,,,,,383,,,,,405,540,,,235,,,,,,,,,,,,,,,,,,,,,,,,,,,,,,,,,,,,,,,,,,,,,,,,,,,,,,,,,,,,,,,,,,57,,545,420,,,372,200,,,,,,,195,,,,,,,,106,,,,,53,,,456,,1205,299,,,,195,,,,,,,,,,,,,,,,,,,,,,,,,,,,,273,,,370,,,,,,,,,,78,,,,132,,,347,,,,,,,,,,,,,,,,,53,213,,311,,217,,298,40,372,,,,,,,,,,,,,,,,,,,,,,,,,,,,,,,,,,,,496,,,484,,,,,,,,,,,,177,65,,,,,,,,,,,,,,,,,,,,,347,
2026-08-24T22:30:02+00:00,,,,,,73,,,307,,,249,324,,,,,,,,,,,,,,,,,,,,,,,,,,,,,,,,,,,,,,,,,,,24,56,,125,,,,,,,,,,,,,,343,,,,238,,,,,,,,,,306,,,,290,217,610,,,,261,,,,215,,,,347,468,,,,,,279,,296,305,196,340,1086,,,,,,,,200,275,523,,,,,,,,,286,,,,,,,,,,176,,,,,,,,,,,249,,,,,,240,,,,472,,,,,,986,,,,,,397,,,,384,,,,,,,,,,17,,,,,,,,,,,,,,,,,,,,,,71,,,,,,,,,,,,,,,,,298,,,,,,499,,,,,,,,,,,,,,,,,,,,,,,,,,,,,,,299,,,,,,,,,439,367,,,,406,542,,,,433,96,,1380,,,,,,,,,,,,,,,,,,,,,,,,,,,,,,,,,,,,,,,,,,,,,,,,,,,,,,,,374,,,,,,56,,546,421,,,,,,,,,,,,,,,,,,,105,,,,,,,,,71,,,,,,,,,,,,,,,,,,,,,,,,,,,,,,,,,,,,,,371,,,,,,,,,,,,,,,,,349,,,,,,,,,69,,,,384,,,,,212,,,310,226,,307,41,371,,,,,,,,,,,,,,,,,,,,,,,,,,,,,,,,,,,,,144,,485,,359,,,,,,,49,,,,,,,,,,,,,,,,,,,,,,,,,,
2026-08-24T22:45:01+00:00,167,,,,654,,,,,354,,,,,,,,,,,,,,,,,,,,,1185,,,,,,,,,,,,,,,,,,,,,,,,,,,,126,,,,100,,,,,,,,,,,,,,,,,,,,,,,,,168,315,,,,612,79,,,,507,,,217,,,267,,474,,,,,801,,,,308,,348,,,,,,,,,,,524,,,,,,,,,290,,,,,525,,,,,,233,,,,,,,286,,,254,,,,,,,,,,,,,,,,988,,634,,,,,,520,181,385,,,,,,,,,283,17,,,,,,,,,,,,137,,,,,,,,,,72,,,,,,,,,,,,,,,,,,,,,,,,,,,,,,,,,,,,,,,,,,,,,,,,,,,,,,,,,,,,,,,440,,,,334,,544,,,,,,,,,,,,,,,,,,,,,,,,,,,,,,,,,,,,,,,,,,,,,,,,,,,,,,,,,,,,,,,,,,,,,,244,,,,,,,,,,,,,,,,,,,,,,,,,,,,,,,,,,,,,,,,,,,,,,,,,,,,,,,,,,,,,,,,,,,,,,,,,,,,,,,,,,,,,,265,,,,,,,,,,66,,,,,,,211,,312,313,232,,312,,,,,309,,,,,,,,,,,,,,,,,,,,,,,,,,,,,,,,,,145,,487,,,,,,,,,,,,,,,,,474,331,,,,,,,,,,,,,132,,,,
2026-08-24T23:00:01+00:00,,,,,,,,256,,,,250,,,,,,,,,,,,,,,,,,,1186,,,,,,,,,,,,,,,,,,,,,,,,,,,,,,,,99,,,,,,,,,,345,,,,237,,,,,,,,,,307,,,370,291,,,,,,,508,,,,,,,346,478,,,,,800,,,,,,,,,,,,,,,,277,525,,,,,,,,,,,,,,,,,,,,,,,,,,,,,,255,,,,,,,,,312,470,,,,,,989,,,,,,398,,519,,386,,115,,,,,,,284,16,,898,,,,,,,,,,,,,,,,,,,,,,,,,,,,,,,,,,,,,299,,,,,,,,,,,,,,,,,,,,,,,,,,,,,,,,,,,,546,,,,,,,399,,,,,,,335,,545,,,,,,,,,,,,,,,,,,,,,,,,,,,,,,,,,,,,,,,,,,,,,,,,,,,,,,,,,,,,,,,,,,,,,,,,,,,373,,,,,,,,,,,,,,,,,,,,,,,,,,,,,,,,,,,,,,,,,,,,,,,,,,,,,751,,,,,,,,,,,,,,,,,,,,,,,,,,,,,,,,,262,,,,,,157,,125,,,,212,276,,315,236,,317,,,,,310,,,,,,,,,,,,,,,,,,,,,,,,,,,,,,,,,,,,,,,,,,,,340,,,,178,,,,,,,,,,,,,628,,,,,,,,,349,
2026-08-24T23:15:02+00:00,,,,,,,,,,,,252,,,,,,,,,,,,401,,,,,,,,,,,,,,,,,,,,,,,,,,,,,,,,,,,124,,,20,100,176,,,,48,,,,,344,,,,240,,,,,,,,,,,,,,,,,,,,262,507,,,219,,,,,,,,,,801,,112,,,,,,,,,,,,,,,526,,,,,,,,,292,,,,,,,,,,,232,,,,,,,289,,,256,,,,,,,,,,472,,,,,,990,440,633,,,,400,1332,,182,389,,,,,,,,,285,16,,,,,,,,,,,,,,,,,,,,,,73,,,,,,,,,,,,,,,,,300,,,,,,,,,,,,,,,,,,,,,,,,,,,,,,,,,,,,,298,,,,,,,,,439,,,,,,,,,,,,,,,,,,,,,,,,,,,,,,,,,,,,,,,,,,,,,,,,,,,,,,,,,,,,,,,,,,,,,375,,,,,,,,547,,,,,,,,,,,,,,,,297,,,,,,898,,,,154,,458,,1201,303,,111,,202,,,,,,,,,,,,,,,,,,,,,,,,,,,,,,,,,,,,,,,,,,,,,,,,,348,,,,,,,,,,235,64,,,,,,,,277,313,316,237,,319,,,,,311,,,,,,,,,,,,,,,,,,,,,,,,,,,,,,,,,,,,,,,,,,,,,,,,,66,,,,,,,,,,,,,,,,,,,,,,
2026-08-24T23:30:02+00:00,168,,,,,,,,,,,,325,,,,,,,,,,,,,,,,,,,,,,,,,,,,,,,,,,,,,,,,,,,,55,,,,,,,,,,,,,,,,,,,,242,,,,,,,,,,,,316,372,,216,611,,,,,508,,,221,,,,345,480,,,,,,282,111,,,,,1088,,,,,,,,,,,,,,,,,,,,,,,,,,,,,,,,,,,,,,,,,,,,,,,,,,474,575,,,,,,,,,,,,,520,,,,,,,,,,,,16,148,899,,,,,,,,,,,,,,,,,,,,,,,,,,,,,,,,,,,,,,,,,,,,,,,,,,,,,,,,,,,,,,,,,,,,,,,,,,,,,,,,,,,,,,,336,,546,,,,,,,,,,,,,,,,,,,,,,,,,,,,,,,,,,,,,,,,,,,,,,,,,,,,,,,,,,,,,,,,,,,,,,,,,,,,,,,,,,,,,,,,,,,,150,,,,,,,,,,,,,,,,,,,,,,,,,,,,,,,,,,,,,,,,,,,,,,372,,,,,,,,,,,,,,,,,350,,,,,,,,,,236,,,,,,,,213,,,318,238,,320,,,,,312,,,,,,,,,,,,,,,,,,,,,,,,,,,,,,,,,,,,488,,,,,,,,,,,,,230,,,,,,,,,,,,,,,,,,,,,,
2026-08-24T23:45:01+00:00,,,,,,,,255,,,,254,,,,,,,,,,472,,,,,,,,,,,97,,,,,,11,,,,,,,,,,,,,,,,,,56,,,,,,,,,,,47,,,,,,,,,,,,,,,,,,,,170,,,,217,,,,,,,,,223,,,,,479,,,,,,,,,310,,,1086,,,,,,,,,,,,,,,,,,,293,,,,,,,,,,,,,,,,,,290,,,259,,,,,,,,,,475,,,,,,,,,,,,,,521,,,,116,,,,,,,,16,,,,,,,,,,,,,,,,,,,,,,,,,,,,,,,,,,,,,,,,,,,,,,,,,,,,,,,,,,,,,,,,,,,,,,,,,,,,,,,,,,397,,,,,,,,,,,,,,,,,,,,,,,,,,,,,,,,,,,,,,,,,,,,,,,,,,,,,,,,,,,,,,,,,,,,,,,,,,,,,,,,,420,,,,,,,,,,,,,,,,,,,108,,,,,,,,,,,,,,,,,,,,,,,,,,,,,,,,,,,,,752,,,,,,,,,,,,,,,,,,,,,,,,,,,,,,,,,,,,,,,,,,,,,211,,,321,239,,,,,,,,,,,,,,,,,,,,,,,,,,,,,,,,,,,,,,,,,,,489,,,,,,,,,,,,,,,,,,,,,,,,,,,,,,,,,,,
