timestamp,bonn-bcp-parken-Rabinstrasse,bonn-bcp-parken-beethoven,bonn-bcp-parken-beetplatz,bonn-bcp-parken-bike-ride,bonn-bcp-parken-friedensplatz,bonn-bcp-parken-hauptbahnhof,bonn-bcp-parken-karstadt,bonn-bcp-parken-markt,bonn-bcp-parken-muensterplatz,bonn-bcp-parken-operngarage,bonn-bcp-parken-rheinaue,bonn-bcp-parken-stadthaus,bonn-bcp-parken-unigarage,braunschweig-parken-Parkhaus-Eiermarkt,braunschweig-parken-Parkhaus-Forschungsflughafen,braunschweig-parken-Parkhaus-Lange-Str-Nord,braunschweig-parken-Parkhaus-Magni,braunschweig-parken-Parkhaus-Packhof,braunschweig-parken-Parkhaus-Ring-Center,braunschweig-parken-Parkhaus-Schloss,braunschweig-parken-Parkhaus-Schutzenstrasse,braunschweig-parken-Parkhaus-Wallstrasse,braunschweig-parken-Parkhaus-Wilhelmstrasse,dresden-parken-Altmarkt,dresden-parken-Altmarkt-Galerie,dresden-parken-Ammonstrasse-Bus,dresden-parken-An-der-Frauenkirche,dresden-parken-Bahnhof-Neustadt,dresden-parken-Bluherstrasse,dresden-parken-Budapester-Strasse,dresden-parken-Centrum-Galerie,dresden-parken-Cossebaude,dresden-parken-Ferdinandplatz,dresden-parken-Fidelio-F-Finke-Strasse,dresden-parken-Frauenkirche-Neumarkt,dresden-parken-Freiberger-Platz,dresden-parken-GALERIA-Karstadt-Kaufhof,dresden-parken-Gompitz,dresden-parken-Grenzstrasse,dresden-parken-Haus-am-Zwinger,dresden-parken-Kaditz,dresden-parken-Klotzsche,dresden-parken-Kongresszentrum,dresden-parken-Kraftwerk-Mitte,dresden-parken-Langebruck,dresden-parken-Lindengasse,dresden-parken-Lingnerallee,dresden-parken-MESSE-DRESDEN-Parkplatz-P7,dresden-parken-Ostra-Allee,dresden-parken-Ostra-Ufer,dresden-parken-Palaisplatz,dresden-parken-Parkhaus-Mitte,dresden-parken-Pennrich,dresden-parken-Pieschener-Allee-Bus,dresden-parken-Pirnaische-Strasse,dresden-parken-Pirnaischer-Platz,dresden-parken-Prohlis,dresden-parken-Reick,dresden-parken-Reitbahnstrasse,dresden-parken-SP1-Strassburger-Platz,dresden-parken-SachsenEnergie-Center,dresden-parken-Sarrasanistrasse,dresden-parken-Schiessgasse,dresden-parken-Semperoper,dresden-parken-Stadtforum-Dresden,dresden-parken-Strehlener-Strasse,dresden-parken-Taschenbergpalais,dresden-parken-Terrassenufer,dresden-parken-Terrassenufer-Bus,dresden-parken-Theresienstrasse,dresden-parken-Weissig,dresden-parken-Weixdorf-Bad,dresden-parken-Wiener-Platz-Hauptbahnhof,dresden-parken-Wiesentorstrasse,dresden-parken-Wigardstrasse,dresden-parken-Wohrl-Florentinum,dresden-parken-World-Trade-Center,ffh-parken-bad-homburg-Am-Bahnhof,ffh-parken-bad-homburg-Louisen-Arkaden,ffh-parken-bad-homburg-Parkgarage-Karstadt,ffh-parken-bad-homburg-Parkgarage-Kurhaus,ffh-parken-bad-homburg-Parkgarage-Rathaus,ffh-parken-bad-homburg-Parkgarage-Schloss,ffh-parken-bad-homburg-Parkhaus-La-Vie,ffh-parken-bad-homburg-Parkhaus-am-Guterbahnhof,ffh-parken-bad-homburg-Parkhaus-am-Markt,ffh-parken-frankfurt-Aculeum,ffh-parken-frankfurt-Alt-Sachsenhausen,ffh-parken-frankfurt-Alte-Oper,ffh-parken-frankfurt-Am-Gericht,ffh-parken-frankfurt-Am-Theater,ffh-parken-frankfurt-Baseler-Platz,ffh-parken-frankfurt-Borse,ffh-parken-frankfurt-Burgerhaus-Bornheim,ffh-parken-frankfurt-Congresscenter-Messe-Frankfurt-Maritim-Hotel,ffh-parken-frankfurt-Friedrichsheim,ffh-parken-frankfurt-Gateway-Garden-Goldbeck,ffh-parken-frankfurt-Goetheplatz,ffh-parken-frankfurt-Hafenpark-Quartier-NORD,ffh-parken-frankfurt-Hauptbahnhof-Sud,ffh-parken-frankfurt-Hauptwache,ffh-parken-frankfurt-Hotel-Intercontinental,ffh-parken-frankfurt-Hotel-Movenpick,ffh-parken-frankfurt-Junghofstrasse,ffh-parken-frankfurt-Konrad-Adenauer-Strasse,ffh-parken-frankfurt-Konstabler,ffh-parken-frankfurt-Mainzer-Landstrasse,ffh-parken-frankfurt-Mayfarth-Quartier,ffh-parken-frankfurt-Messeturm,ffh-parken-frankfurt-Mousonturm,ffh-parken-frankfurt-MyZeil-PalaisQuartier,ffh-parken-frankfurt-Opernturm,ffh-parken-frankfurt-Ordnungsamt,ffh-parken-frankfurt-P-R-Haus-Borsigallee,ffh-parken-frankfurt-P-R-Kalbach,ffh-parken-frankfurt-Parkhaus-Konigsteiner-Strasse,ffh-parken-frankfurt-Schiller-Passage,ffh-parken-frankfurt-Universitatsklinikum-Innengelande,ffh-parken-frankfurt-Universitatsklinikum-P2,ffh-parken-frankfurt-Universitatsklinikum-P5,ffh-parken-frankfurt-Universitatsklinikum-Sandhofstrasse,ffh-parken-frankfurt-Untermainanlage,ffh-parken-kassel-Atrium,ffh-parken-kassel-City-Point,ffh-parken-kassel-Friedrichsplatz,ffh-parken-kassel-Galeria,ffh-parken-kassel-Herkules-Besucherzentrum,ffh-parken-kassel-Kurfursten-Galerie,ffh-parken-kassel-Martinskirche,ffh-parken-kassel-Rathaus,ffh-parken-kassel-Schloss-Wilhelmshohe,ffh-parken-kassel-Wilhelmsstrasse,ffh-parken-mannheim-C1-Hauptverwaltung-MPB-Parkhaus,ffh-parken-mannheim-Collini-Center-Mulde-Parkplatz,ffh-parken-mannheim-D3-Tiefgarage,ffh-parken-mannheim-D5-Reiss-Museum-Tiefgarage,ffh-parken-mannheim-G1-Marktplatz-Tiefgarage,ffh-parken-mannheim-H6-Tiefgarage,ffh-parken-mannheim-Hauptbahnhof-P1-Tiefgarage,ffh-parken-mannheim-Hauptbahnhof-P2-Parkhaus,ffh-parken-mannheim-Hauptbahnhof-P3-Parkhaus,ffh-parken-mannheim-Hauptbahnhof-P5-Parkhaus,ffh-parken-mannheim-Klinikum-P3-Parkplatz,ffh-parken-mannheim-Klinikum-Tiefgarage,ffh-parken-mannheim-M4a-Parkplatz,ffh-parken-mannheim-N1-N2-Stadthaus-Parkhaus,ffh-parken-mannheim-N6-Komforthaus,ffh-parken-mannheim-N6-Standardhaus,ffh-parken-mannheim-SAP-Arena-P1-Parkplatz,ffh-parken-mannheim-SAP-Arena-P2-Parkplatz,ffh-parken-mannheim-SAP-Arena-P3-Parkplatz,ffh-parken-mannheim-SAP-Arena-P6-P8-Parkplatz,ffh-parken-mannheim-U2-Tiefgarage,ffh-parken-wiesbaden-PH-City-II,ffh-parken-wiesbaden-PH-Coulinstr,ffh-parken-wiesbaden-PH-Galeria-Kaufhof,ffh-parken-wiesbaden-PH-Karstadt,ffh-parken-wiesbaden-PH-Kurhaus-Casino,ffh-parken-wiesbaden-PH-Lili,ffh-parken-wiesbaden-PH-Luisenforum,ffh-parken-wiesbaden-PH-Luisenplatz,ffh-parken-wiesbaden-PH-Markt,ffh-parken-wiesbaden-PH-Mauritius,ffh-parken-wiesbaden-PH-Theater,ffh-parken-wiesbaden-TG-Lili,ffh-parken-wiesbaden-TG-RMCC,heilbronn-parken-Am-Bollwerksturm,heilbronn-parken-Bildungscampus-Mitte,heilbronn-parken-E-Quartiersgarage-Neckarbogen,heilbronn-parken-Harmonie,heilbronn-parken-Kathchenhof,heilbronn-parken-Kiliansplatz,heilbronn-parken-P-R-Karlsruher-Strasse,heilbronn-parken-Parkhaus-Experimenta,heilbronn-parken-Parkplatz-Hauptbahnhof,heilbronn-parken-Stadtgalerie,heilbronn-parken-Theaterforum-K3,heilbronn-parken-Wollhaus,ingolstadt-parken-Arena,ingolstadt-parken-Congressgarage,ingolstadt-parken-Festplatz,ingolstadt-parken-Hallenbad,ingolstadt-parken-Hauptbahnhof-Ost,ingolstadt-parken-Hauptbahnhof-West,ingolstadt-parken-Munster,ingolstadt-parken-Nordbahnhof,ingolstadt-parken-Reduit-Tilly,ingolstadt-parken-Schloss,ingolstadt-parken-Theater-Ost,ingolstadt-parken-Theater-West,konstanz-parken-Altstadt,konstanz-parken-Augustiner,konstanz-parken-Dobele,konstanz-parken-Fernbusbahnhof,konstanz-parken-Fischmarkt,konstanz-parken-Lago,konstanz-parken-Seerheincenter,mobilitaet-jena-Am-Anger,mobilitaet-jena-Am-Gries,mobilitaet-jena-Am-Planetarium,mobilitaet-jena-Am-Stadion,mobilitaet-jena-August-Bebel-Strasse,mobilitaet-jena-Bachstrasse,mobilitaet-jena-Busbahnhof,mobilitaet-jena-City-Carree,mobilitaet-jena-Eichplatz,mobilitaet-jena-Eisenbahndamm,mobilitaet-jena-Erbertstrasse,mobilitaet-jena-Ernst-Abbe-Strasse,mobilitaet-jena-Ernst-Haeckel-Strasse,mobilitaet-jena-Gartenstrasse,mobilitaet-jena-Goethe-Galerie,mobilitaet-jena-Grietgasse,mobilitaet-jena-Haeckelplatz,mobilitaet-jena-Holzmarkt,mobilitaet-jena-Krautgasse,mobilitaet-jena-Lassallestrasse,mobilitaet-jena-Lessingstrasse,mobilitaet-jena-Muhlenstrasse,mobilitaet-jena-Neue-Mitte,mobilitaet-jena-Paradiesbahnhof,mobilitaet-jena-Philosophenweg,mobilitaet-jena-Roland-Ducke-Weg,mobilitaet-jena-Schlossgasse,mobilitaet-jena-Seidelparkplatz,mobilitaet-jena-Seidelstrasse,mobilitaet-jena-Semmelweissstrasse,mobilitaet-jena-Sophienstrasse,mobilitaet-jena-Spitzweidenweg,mobilitaet-jena-Steinkreuz,mobilitaet-jena-Stoystrasse,mobilitaet-jena-Wagnergasse,mobilitaet-jena-Westbahnhof,mobilitaet-jena-Wiesenstrasse,mobilitaet-jena-Windberg,mobilitaet-jena-Wollnitzer-Strasse,mobilitaet-jena-Ziegelmuhlenweg,oldenburg-service-parken-Altes-Gymnasium,oldenburg-service-parken-CCO-Parkdeck-1,oldenburg-service-parken-CCO-Parkdeck-2,oldenburg-service-parken-Parkhaus-Alter-Stadthafen-Cinemaxx,oldenburg-service-parken-Parkhaus-Am-Waffenplatz,oldenburg-service-parken-Parkhaus-August-Carree,oldenburg-service-parken-Parkhaus-Bahnhof-ZOB,oldenburg-service-parken-Parkhaus-Galeria-Kaufhof,oldenburg-service-parken-Parkhaus-Heiligengeist-Hoefe,oldenburg-service-parken-Parkhaus-Schlosshoefe,oldenburg-service-parken-Parkhaus-Theatergarage,oldenburg-service-parken-Parkplatz-Pferdemarkt,oldenburg-service-parken-Parkplatz-Theaterwall,oldenburg-service-parken-Ratsherren,parken-in-bochum-P1-Husemannplatz,parken-in-bochum-P2-Dr-Ruer-Platz,parken-in-bochum-P3-Rathaus-BVZ,parken-in-bochum-P5-Bruckstrasse,parken-in-bochum-P6-Hauptbahnhof-Buddenbergplatz,parken-in-bochum-P7-Kurt-Schumacher-Platz,parken-in-bochum-P8-Konrad-Adenauer-Platz-Bermuda3Eck,parken-in-bochum-P9-Schauspielhaus,parken-in-bochum-PH-Alter-Markt-Wattenscheid,parken-in-bochum-PH-Bochumer-Fenster,parken-in-bochum-PH-Husemann-Karree,parken-in-bochum-PH-Massenbergstrasse,parken-in-bochum-PH-Quartiersgarage-Ostpark,parken-in-bochum-PH-Stadionring,parken-in-bochum-PH-Westpark-Jahrhunderthalle,parken-luebeck-Am-Bahnhof-Handelshof-Parkplatz-Strassenrand-Am-Bahnhof-Handelshof-Parkplatz-Strassenrand-Lubeck,parken-luebeck-Am-Burgfeld-Parkplatz-Am-Burgfeld-Parkplatz-Lubeck,parken-luebeck-Am-Fischereihafen-Parkplatz-Am-Fischereihafen-Parkplatz-Travemunde,parken-luebeck-Am-Leuchtenfeld-Leuchtturm-Parkplatz-Am-Leuchtenfeld-Leuchtturm-Parkplatz-Travemunde,parken-luebeck-Backbord-Parkplatz-Backbord-Parkplatz-Travemunde,parken-luebeck-Bahnhof-Parkplatz-Strassenrand-Bahnhof-Parkplatz-Strassenrand-Lubeck,parken-luebeck-Bauhof-Parkplatz-Bauhof-Parkplatz-Lubeck,parken-luebeck-Beckergrube-Parkplatz-Beckergrube-Parkplatz-Lubeck,parken-luebeck-Bruckenweg-Parkplatz-Bruckenweg-Parkplatz-Lubeck,parken-luebeck-Burgstrasse-Parkplatz-Burgstrasse-Parkplatz-Lubeck,parken-luebeck-Fahrstrasse-Parkplatz-Fahrstrasse-Parkplatz-Lubeck,parken-luebeck-Fahrvorplatz-Parkplatz-Fahrvorplatz-Parkplatz-Travemunde,parken-luebeck-Hafenbahnhof-Parkplatz-Hafenbahnhof-Parkplatz-Travemunde,parken-luebeck-Hermann-Lange-Strasse-Parkplatz-Hermann-Lange-Strasse-Parkplatz-Lubeck,parken-luebeck-Huxterdamm-Parkplatz-Huxterdamm-Parkplatz-Lubeck,parken-luebeck-Kanalstrasse-P2-Parkplatz-Kanalstrasse-P2-Parkplatz-Lubeck,parken-luebeck-Kanalstrasse-P3-Parkplatz-Kanalstrasse-P3-Parkplatz-Lubeck,parken-luebeck-Kanalstrasse-P4-Parkplatz-Kanalstrasse-P4-Parkplatz-Lubeck,parken-luebeck-Kanalstrasse-P5-Parkplatz-Kanalstrasse-P5-Parkplatz-Lubeck,parken-luebeck-Kanalstrasse-Strassenrand-Parkplatz-Kanalstrasse-Strassenrand-Parkplatz-Lubeck,parken-luebeck-Kirchenstrasse-Parkplatz-Kirchenstrasse-Parkplatz-Travemunde,parken-luebeck-Konrad-Adenauer-IHK-Parkplatz-Strassenrand-Konrad-Adenauer-IHK-Parkplatz-Strassenrand-Lubeck,parken-luebeck-Kowitzberg-Parkplatz-Kowitzberg-Parkplatz-Travemunde,parken-luebeck-Kurgartenstrasse-Parkplatz-Kurgartenstrasse-Parkplatz-Travemunde,parken-luebeck-Lastadie-P1-Parkplatz-Lastadie-P1-Parkplatz-Lubeck,parken-luebeck-Lastadie-P3-Parkplatz-Lastadie-P3-Parkplatz-Lubeck,parken-luebeck-Lastadie-P5-Parkplatz-Lastadie-P5-Parkplatz-Lubeck,parken-luebeck-Leuchtenfeld-Parkplatz-Leuchtenfeld-Parkplatz-Travemunde,parken-luebeck-Marlesgrube-Parkplatz-Marlesgrube-Parkplatz-Lubeck,parken-luebeck-Mowenstein-Parkplatz-Mowenstein-Parkplatz-Travemunde,parken-luebeck-MuK-Parkplatz-MuK-Parkplatz-Lubeck,parken-luebeck-Muhlenbrucke-Parkplatz-Muhlenbrucke-Parkplatz-Lubeck,parken-luebeck-Muhlendamm-Parkplatz-Muhlendamm-Parkplatz-Lubeck,parken-luebeck-Muhlenstrasse-Parkplatz-Muhlenstrasse-Parkplatz-Lubeck,parken-luebeck-Mullergarten-Parkplatz-Mullergarten-Parkplatz-Lubeck,parken-luebeck-Musterbahn-Parkplatz-Musterbahn-Parkplatz-Lubeck,parken-luebeck-Nordliche-Wallhalbinsel-Parkplatz-Nordliche-Wallhalbinsel-Parkplatz-Lubeck,parken-luebeck-Obertrave-Parkplatz-Strassenrand-Obertrave-Parkplatz-Strassenrand-Lubeck,parken-luebeck-Parade-Parkplatz-Parade-Parkplatz-Lubeck,parken-luebeck-Parkplatz-vor-dem-PH-Burgtor-Parkplatz-Parkplatz-vor-dem-PH-Burgtor-Parkplatz-Lubeck,parken-luebeck-Paul-Brummer-Strasse-Parkplatz-Paul-Brummer-Strasse-Parkplatz-Travemunde,parken-luebeck-Priwall-Parkplatz-Priwall-Parkplatz-Travemunde,parken-luebeck-Radisson-Blu-Parkplatz-Radisson-Blu-Parkplatz-Lubeck,parken-luebeck-Retteich-Parkplatz-Retteich-Parkplatz-Lubeck,parken-luebeck-Roeckstrasse-Parkplatz-Roeckstrasse-Parkplatz-Lubeck,parken-luebeck-Rose-Parkplatz-Rose-Parkplatz-Travemunde,parken-luebeck-Strandbahnhof-Parkplatz-Strandbahnhof-Parkplatz-Travemunde,parken-luebeck-Trelleborgallee-Parkplatz-Trelleborgallee-Parkplatz-Travemunde,parken-luebeck-Untertrave-Flache-1-Parkplatz-Strassenrand-Untertrave-Flache-1-Parkplatz-Strassenrand-Lubeck,parken-luebeck-Untertrave-Parkplatz-Untertrave-Parkplatz-Lubeck,parken-luebeck-Verwaltungszentrum-Muhlentor-Parkplatz-Verwaltungszentrum-Muhlentor-Parkplatz-Lubeck,parken-luebeck-Vogteistrasse-Parkplatz-Vogteistrasse-Parkplatz-Travemunde,parken-luebeck-Wallstrasse-Parkplatz-Wallstrasse-Parkplatz-Lubeck,parken-luebeck-Werner-Kock-Strasse-Parkplatz-Strassenrand-Werner-Kock-Strasse-Parkplatz-Strassenrand-Lubeck,parken-osnabrueck-11,parken-osnabrueck-13,parken-osnabrueck-16,parken-osnabrueck-17,parken-osnabrueck-18,parken-osnabrueck-19,parken-osnabrueck-21,parken-osnabrueck-22,parken-osnabrueck-23,parken-osnabrueck-24,parken-osnabrueck-25,parken-osnabrueck-26,parken-osnabrueck-27,parken-osnabrueck-28,parken-osnabrueck-29,parken-osnabrueck-30,parken-osnabrueck-31,parken-osnabrueck-32,parken-osnabrueck-33,parken-osnabrueck-34,parken-osnabrueck-35,parken-osnabrueck-36,parken-osnabrueck-37,parken-osnabrueck-38,parken-osnabrueck-39,parken-osnabrueck-40,parken-osnabrueck-41,parken-osnabrueck-43,parken-osnabrueck-44,parken-osnabrueck-45,parken-osnabrueck-46,parken-osnabrueck-49,parken-osnabrueck-50,parken-osnabrueck-51,regensburg-parken-Park-Ride-Parkplatz-Unterer-Wohrd,regensburg-parken-Park-Ride-Parkplatz-West,regensburg-parken-Parkhaus-Dachauplatz,regensburg-parken-Parkhaus-Dallmeier,regensburg-parken-Parkhaus-Regensburg-Arcaden,regensburg-parken-Parkhaus-St-Peters-Weg,regensburg-parken-Parkplatz-Dultplatz,regensburg-parken-Tiefgarage-Arnulfsplatz,regensburg-parken-Tiefgarage-Hauptbahnhof-Castra-Regina-Center,regensburg-parken-Tiefgarage-am-Theater-Bismarckplatz,reutlingen-parken-Am-Bahnhof,reutlingen-parken-Bahnhof,reutlingen-parken-Echaz-Zentrum,reutlingen-parken-Galeria-Kaufhof,reutlingen-parken-Gartentor-C-A-Mode,reutlingen-parken-Gartenviertel,reutlingen-parken-Kaiserpassage,reutlingen-parken-Klinikum-I,reutlingen-parken-Klinikum-II,reutlingen-parken-Konrad-Adenauer-Strasse-Eberhardstrasse,reutlingen-parken-Kronprinzenbau,reutlingen-parken-Lederstrasse,reutlingen-parken-Nordstern,reutlingen-parken-Obere-Wassere,reutlingen-parken-Parkgarage-Leonhardsplatz,reutlingen-parken-Parkhaus-Pomologie,reutlingen-parken-Rathaus-Tubinger-Tor,reutlingen-parken-Stadthalle,reutlingen-parken-Stadtmitte,reutlingen-parken-Unter-den-Linden,reutlingen-parken-Volksbank,sw-bielefeld-parken-Parkhaus-Am-Hauptbahnhof,sw-bielefeld-parken-Parkhaus-Am-Jahnplatz,sw-bielefeld-parken-Parkhaus-Am-Zwinger,sw-bielefeld-parken-Parkhaus-Ankergarten,sw-bielefeld-parken-Parkhaus-Bahnhofsviertel-1,sw-bielefeld-parken-Parkhaus-Bahnhofsviertel-2,sw-bielefeld-parken-Parkhaus-Centrum,sw-bielefeld-parken-Parkhaus-Karstadt,sw-bielefeld-parken-Parkhaus-LOOM,sw-bielefeld-parken-Parkhaus-Ritterstrasse,sw-bielefeld-parken-Parkhaus-Stadthalle,sw-bielefeld-parken-Parkpalette-Hermann-Delius-Strasse,sw-bielefeld-parken-Parkplatz-Friedenstrasse,sw-bielefeld-parken-Parkplatz-Grosse-Kurfursten-Str,sw-bielefeld-parken-Parkplatz-Hbf,sw-bielefeld-parken-Parkplatz-Herforder-Str,sw-bielefeld-parken-Parkplatz-Kunsthalle,sw-bielefeld-parken-Parkplatz-Mercatorstr,sw-bielefeld-parken-Parkplatz-Niederwall,sw-bielefeld-parken-Parkplatz-Teutoburger-Strasse,sw-bielefeld-parken-Parkplatz-Zentrum,sw-bielefeld-parken-Parkplatze-Werner-Bock-Strasse,sw-bielefeld-parken-Seidenstickerhalle,sw-bielefeld-parken-Tiefgarage-Altstadt-Carre,sw-bielefeld-parken-Tiefgarage-Am-Theater,sw-bielefeld-parken-Tiefgarage-Kesselbrink,sw-bielefeld-parken-Tiefgarage-Marktpassage-nicht-fur-gasbetriebene-Fahrzeuge,sw-bielefeld-parken-Tiefgarage-Neues-Rathaus,sw-bielefeld-parken-Tiefgarage-Welle,sw-bielefeld-parken-Tiefgarage-Willy-Brandt-Platz,sw-bielefeld-parken-Tiefgarage-und-Parkpalette-CineStar,swt-trier-parken-Basi,swt-trier-parken-City,swt-trier-parken-Hauptm,swt-trier-parken-Kons,swt-trier-parken-Osta,swt-trier-parken-ParkPlaza,swt-trier-parken-Vieh,tiefbauamt-nuernberg-parken-ADCOM-Center,tiefbauamt-nuernberg-parken-Adlerstrasse,tiefbauamt-nuernberg-parken-City-Park-Center,tiefbauamt-nuernberg-parken-Erler-Klinik,tiefbauamt-nuernberg-parken-Findelgasse,tiefbauamt-nuernberg-parken-Galeria-Kaufhof,tiefbauamt-nuernberg-parken-Hans-Sachs-Platz,tiefbauamt-nuernberg-parken-Hauptbahnhof,tiefbauamt-nuernberg-parken-Hauptmarkt,tiefbauamt-nuernberg-parken-Jakobsmarkt,tiefbauamt-nuernberg-parken-Katharinenhof,tiefbauamt-nuernberg-parken-PH-Nurnberger-Akademie,tiefbauamt-nuernberg-parken-Parkhaus-City-Point,tiefbauamt-nuernberg-parken-Parkhaus-Karstadt,tiefbauamt-nuernberg-parken-Parkhaus-Maximum,tiefbauamt-nuernberg-parken-Parkhaus-Wohrl,tiefbauamt-nuernberg-parken-Parkhausname,tiefbauamt-nuernberg-parken-Sebalder-Hofe,tiefbauamt-nuernberg-parken-Sterntor,tiefbauamt-nuernberg-parken-Theater,vmz-bremen-parken-Am-Bahnhof,vmz-bremen-parken-Am-Brill,vmz-bremen-parken-Am-Dom,vmz-bremen-parken-Am-Kuhhirten,vmz-bremen-parken-Am-Sedanplatz,vmz-bremen-parken-Am-Vegesacker-Hafen,vmz-bremen-parken-Am-Wall,vmz-bremen-parken-Aumunder-Markplatz,vmz-bremen-parken-Beckersweide,vmz-bremen-parken-Burgerweide,vmz-bremen-parken-Burgerweide-Klangbogen,vmz-bremen-parken-City-Gate,vmz-bremen-parken-Fresenbergstrasse-P1,vmz-bremen-parken-Fresenbergstrasse-P2,vmz-bremen-parken-Herdentor-Rembertiring,vmz-bremen-parken-Hillmannplatz,vmz-bremen-parken-Im-Pohl,vmz-bremen-parken-Katharinenklosterhof,vmz-bremen-parken-Kunstlerhaus-Guterbahnhof,vmz-bremen-parken-Lubecker-Strasse,vmz-bremen-parken-Messe-Parkhaus,vmz-bremen-parken-Mitte,vmz-bremen-parken-Ortsamt-Blumenthal,vmz-bremen-parken-Ostertor-Kulturmeile,vmz-bremen-parken-Pressehaus,vmz-bremen-parken-Rowekamp-Metropol-Theater,vmz-bremen-parken-Sagerstr,vmz-bremen-parken-Silbermannstrasse,vmz-bremen-parken-Stephani,vmz-bremen-parken-Uberseestadt,vmz-bremen-parken-Weserstadion,vtmanager-duesseldorf-parken-FLOAT,vtmanager-duesseldorf-parken-Heerdt,vtmanager-duesseldorf-parken-PH-01,vtmanager-duesseldorf-parken-PH-02,vtmanager-duesseldorf-parken-PH-03,vtmanager-duesseldorf-parken-PH-04,vtmanager-duesseldorf-parken-PH-06,vtmanager-duesseldorf-parken-PH-08,vtmanager-duesseldorf-parken-PH-09,vtmanager-duesseldorf-parken-PH-10,vtmanager-duesseldorf-parken-PH-11,vtmanager-duesseldorf-parken-PH-12,vtmanager-duesseldorf-parken-PH-13,vtmanager-duesseldorf-parken-PH-16,vtmanager-duesseldorf-parken-PH-17,vtmanager-duesseldorf-parken-PH-18,vtmanager-duesseldorf-parken-PH-20,vtmanager-duesseldorf-parken-PH-22,vtmanager-duesseldorf-parken-PH-23,vtmanager-duesseldorf-parken-PH-24,vtmanager-duesseldorf-parken-PH-25,vtmanager-duesseldorf-parken-PH-26,vtmanager-duesseldorf-parken-PH-29,vtmanager-duesseldorf-parken-PH-33,vtmanager-duesseldorf-parken-PH-34,vtmanager-duesseldorf-parken-PH-35,vtmanager-duesseldorf-parken-PH-37,vtmanager-duesseldorf-parken-PH-39,vtmanager-duesseldorf-parken-PH-42,vtmanager-duesseldorf-parken-PH-43,vtmanager-duesseldorf-parken-PH-45,vtmanager-duesseldorf-parken-PH-46,vtmanager-duesseldorf-parken-PH-47,vtmanager-duesseldorf-parken-PH-48,vtmanager-duesseldorf-parken-PH-50,vtmanager-duesseldorf-parken-PH-51,vtmanager-duesseldorf-parken-PH-52,vtmanager-duesseldorf-parken-PH-53,vtmanager-duesseldorf-parken-PH-54
2026-08-26T00:00:01+00:00,169,,57,152,,50,,239,,,220,239,327,,,344,,,,1245,167,471,424,435,,,99,,,33,1296,32,113,66,230,,,,5,178,147,0,65,0,38,,,,,136,,418,43,116,,23,55,14,73,156,132,18,90,171,85,229,76,51,16,118,,,360,15,,143,276,385,212,363,204,161,235,21,198,63,320,155,321,385,291,207,592,86,209,220,325,506,217,395,220,119,119,291,331,485,159,169,792,74,786,282,112,286,307,256,337,982,24,,443,78,,,,191,279,531,,130,390,,0,0,0,0,292,0,0,0,0,520,0,0,0,0,179,226,0,0,0,0,0,,286,,10,273,370,587,292,495,,236,150,662,308,476,568,439,67,230,,983,439,630,357,406,284,393,1279,489,168,380,197,116,267,250,469,257,,,283,16,154,898,,0,0,0,0,0,0,0,0,291,0,0,0,0,0,489,0,1,117,138,0,0,0,0,0,0,0,0,145,0,0,0,0,56,0,0,0,0,69,0,0,,,,,,,,,,,,,,,452,343,410,667,331,403,541,133,,234,425,90,,1379,,,,,,,,,,,,,,,,,,,,,,,,,,,,,,,,,,,,,,,,,,,,,,,,,,,,,,,,,,,,,,,,,,,,,,,,,,,,,,,,,,,,,,,,,,,,,,,,,,,,,,,,,,,,,,,,,,,,,,,,,750,80,196,1,723,,289,266,,323,357,,,163,112,,,,,,79,,,313,116,,,367,262,,293,,,,,,,,,,,,,,,,,,,,,,,,,,,,,,,,,,,,,,,,,,,,,,,,,,,,,,,,,,,490,146,134,476,61,354,303,95,538,206,359,343,96,158,,171,230,79,350,196,463,315,360,,,,200,544,631,129,,549,,218,115,160,641,341,
2026-08-26T00:00:02+00:00,,,,,,,,,,,,,,,,,,,,,,,,,,,,,,,,,,,,,,,,,,,,,,,,,,,,,,,,,,,,,,,,,,,,,,,,,,,,,,,,,,,,,,,,,,,,,,,,,,,,,,,,,,,,,,,,,,,,,,,,,,,,,,,,,,,,,,,,,,,,,,,,,,,,,,,,,,,,,,,,,,,,,,,,,,,,,,,,,,,,,,,,,,,,,,,,,,,,,,,,,,,,,,,,,,,,,,,,,,,,,,,,,,,,,,,,,,,,,,48,209,36,211,543,289,200,262,258,424,0,401,74,14,,,,,,,,,,,,,,,,,,356,,110,,,,,,,,26,,,20,86,18,21,,,,450,,,,,342,,,339,,,,,,,,,,,,3,,,,,,,,,,,,358,141,50,130,117,156,56,242,546,419,37,39,376,188,32,220,2,0,20,93,192,279,0,34,296,173,295,200,105,146,890,45,144,51,150,0,448,68,1195,353,0,99,424,214,0,118,209,289,84,0,0,343,343,116,0,314,0,343,209,135,289,200,249,0,0,,,,,,,,,,,,,,,,,,,,,,,,,,,,,,,,155,743,266,193,702,63,241,50,157,388,123,132,165,52,180,276,294,311,243,0,326,67,372,,196,298,0,,,,,,,,,,,,,,,,,,,,,,,,,,,,,,,,,,,,,,,,,,,,,,,,,,,,,,,,,,,,,,,,,,,,,,
2026-08-26T00:15:02+00:00,,,,,,,,,,,,238,,,,,,,,,,,,,,,,,,32,,,,,,,,,,,,,,,,,,,,,,,,115,,,54,,72,,,,91,,,,,,,,,,,,,,,,,,,,,,,,,,,,,,,,,,,503,,,,,,,,484,,,,,,,,,,,,984,,,,,,,,,,,,131,,,,,,,,,,,,,,,,,,,,,,,,,287,,,276,,,,,,237,,663,,477,,440,,,,,,,,,,,,,169,379,,,,,,,,,,16,,899,,,,,,,,,,,,,,,,490,,,,,,,,,,,,,,,,,,,,,,,68,,,,,,,545,,,,,,,,,,,,,,,,542,,,,,,,,,,,,,,,,,,,,,,,,,,,,,,,,,,,,,,,,,,,,,,,,,,,,,,,,,,,,,,,361,,,,,,,,,,,,,,,221,,,,,,,,,,,,,,,,,,,,,,,,354,,,,,,,,,,,,,,,,,,,,,,,,,,,,,,,,,,,,358,,,,,,,,,,,,,,,,,,,,294,,,,192,,,,,,,,,,,,,295,,,,327,,,,,,,,,,,,,,,,,,,,,,,,,,,,,,,,,,,,,,,,,477,,,,,,,,,,,,,,,,,,,,,,,,,,,,,,,,,,,
2026-08-26T00:30:01+00:00,,,,,,,,,,,,,,,,,,,,,,,,,,,,,,,,,,,,,,,,,146,,,,,,,,,,,,,,,,,,,,,,,,,,,,,,,,,,,,,,,,,,,,,,,,,,,209,,,,,,,,,,,,,,,,,,,,,,,,,,985,,,,,,,,,,532,,132,,,,,,,294,,,,,,,,,,,,,,,,,,,,,277,,,,,,,,,,476,569,,,,,,,,,,,,,,,,,,,,,,,,,16,,,,,,,,,,,,,,,,,,,,,,,,,,,,,,,,,,,,,,,,,,,,,,,,,,,,,,,,,,,,,,,,,,,,,,,1380,,,,,,,,,,,,,,,,,,,,,,,,,,,,,,,,,,,,,,,,,,,,,,,,,,,,,,,,,,,,,,,,,,,,,187,,,,,,,,,,,,,,,,,,,,,,,,,,,,,,,,,,,,,,,,,,,,,,,,,,,,749,,,,,,,,,,,,,,,,,,,,,,,,,,,,,,,,,,,,,,,,387,,,,,,,,,242,,,,,,,,,,,,,,,,,,,,,,,,,,,,,,,,,,,,,,,,,,,478,,,,,,,,,,,,,,,,,,,,,,,,,632,,,,,,,,,,
2026-08-26T00:45:02+00:00,,,,,,,,238,,,,241,,,,,,,,,,,,,,,,,,,,,,,,,,,,,147,,,,,,,,,,,,,,,,,,73,,,,,,,,,,,,,,,,,,,,,,,,,,,,,,,,,,593,,,,,,,,,,,,,,,,,,787,,,,,,,983,,,,,,,,,,,,131,,,,,,,,,,,,,,,,,,,,,,,,,,,,281,,,,,,238,,,,477,570,,,,,981,,,,,,,,490,,381,,,,,,,,,,16,,,,,,,,,,,,,,,,,,,,,,,,,,,,,,,,,,,,,,,,,69,,,,,,,,,,,,,,,,,,,,,,,543,,,,,,,,,,,,,,,,,,,,,,,,,,,,,,,,,,,,,,,,,,,,,,,,,,,,,,,,,,,,,,,366,,,,,,,,,,,,377,188,,,,,,92,,,,,,174,,,,,,,,50,,,,,,,,,,,,,,,,,,,,,,,,,,,,,,,,,,,,,,,,,,,,,,,,,,,,,,,,,,,368,,,,,,,,,,,,,,,,,,178,,,,,,,,,,,299,,,,,,,,,,,,,,,,,,,,,,,,,,,,,,,,,,,,,,,,,,,,,,,,,,,,,,,,,,,,,,,,,,,,,,,
2026-08-26T01:00:01+00:00,,,,,,,,,,,,,,,,,,,,,,,,,,,,,,33,1295,,,,,,,,,,,,,,,,,,,,,,,,,,,,,,,,90,173,,,,,,,,,,,,,,,,,,,,,,,,,,,,208,,,,,,,,,,,,,,485,,,,,,,,,,,,985,,,,,,,,,,,,132,,,,,,,,,,,,,,,,,,,,,,,,,,,,282,,,,,,239,,,,,,,,,,,,,,,,,,491,,,,112,,,,,,,,16,,898,,,,,,,,,,,,,,,,,,,,,,,,,,,,,,,,,,,,,,,,,,,,,,,,,,,,,,,,,,,,,,547,,,,,,,,,,,,,,,,,,,,,,,,,,,,,,,,,,,,,,,,,,,,,,,,,,,,,,,,,,,,,,,365,,,,,,,,,,,,,,,,,,,93,,,,,,,,,,,,,,,,,,,,,,,,,,,,,,,,,,,,,,,,,,,,,,748,,,,,,,,,,,,,,,,,,,,,,,,,,,,,,,,,,,,,,,156,,124,,,,179,,,,,,328,,,,,,,,,,,,,,,,,,,,,,,,,,,,,,,,,,,,,,,144,,,,,,,,,,,,,,172,,,,,,,,,,,,,,,,,,,,,,,
2026-08-26T01:15:01+00:00,,,,,,,,,,,,,,,,,,,,,,,,,,,,,,,,,,,,,,,,,,,,,,,,,,,,,,,,22,,,,,,,91,,,235,,,,,,,,,,,277,,,,,,,,,,,156,,,,,592,85,,,,,,,,,,,328,,,,,,,283,,,,,338,983,,,,,,,,,,,,,,,,,,,295,,,,,,,,,,,,,,,,,,,,,286,,,,,,,,,,476,,441,,,,,,,,405,,,,492,,,,,,,,,,,,,,,,,,,,,,,,,,,,,,,,,,,,,,,,,,,,,,,,,,,,,,,,,,,,,,,,,,,,,,,,409,,,,,,,,,,,,,,,,,,,,,,,,,,,,,,,,,,,,,,,,,,,,,,,,,,,,,,,,,,,,,,,,,,,,,,,,,,,,,,,,,,,,,,,,,,,,,,,,,,,,,,,,,,,,,,,,,,,,,,,,,,,,,,,,,,,,,,,,,,,,,,,,,,,,,,,,,,,,,,,,,,,,,,,,,,,,,,,,,,,,,,,,,,,,,,,,,,,,,,,,,,,,,,,,,,,,,,,,,,,,,,146,,480,,,,,,,360,,,,,171,,,,,,,,,,,,,633,,,,,,,,,,
2026-08-26T01:15:02+00:00,,,,,,,,,,,,,,,,,,,,,,,,,,,,,,,,,,,,,,,,,,,,,,,,,,,,,,,,,,,,,,,,,,,,,,,,,,,,,,,,,,,,,,,,,,,,,,,,,,,,,,,,,,,,,,,,,,,,,,,,,,,,,,,,,,,,,,,,,,,,,,,,,,,,,,,,,,,,,,,,,,,,,,,,,,,,,,,,,,,,,,,,,,,,,,,,,,16,,899,,,,,,,,,,,,,,,,,,,,,,,,,,,,,,,,,,,,,,,,,,,,,,,,,,,,,,,,,,,,,,,,,,,,,,,,,,,,,,,,,,,,,,,,,,,,,,,,,,,,,,,,,,,,,,,,,,,,,,,,,,,,,367,,,,,,,,,,,,376,,,,,,,,,,,,,,,,,,,,,,,,,,,,,,,,,,,,,,,,,,,,,,,,,,,,,,,,,,,,,,,,,,,,,,,,,,,,,,,,,,,,156,,,,,,,,157,,,,,,,,,,,,,,,,,300,,,,,,,,,,,,,,,,,,,,,,,,,,,,,,,,,,,,,,,,,,,,,,,,,,,,,,,,,,,,,,,,,,,,,,,
2026-08-26T01:30:01+00:00,,,,,,,,,,,,,,,,,,,,,,,,,,,,,,,,,,,,,,,,,,,,,,,,,,,,,,116,,,,,,,,,,,,,,,,,,,,,,,,,,,,,,,,,,,,,,,,,,,,,,,,,,292,329,,,,,,,,,,308,,,984,,,,,,,,,,,,,,,,,,,,,,,,,,,,,,,,,,,,,,,,289,,,,,,,,,,477,,,,,,,,,,,,,,,,,,,,,,,,,,16,,,,,,,,,,,,,,,,,,489,,,,,,,,,,,,,,,,,,,,,,,,,,,,,,,,,,,,,,,,,,410,,,,,,,,424,,,,,,,,,,,,,,,,,,,,,,,,,,,,,,,,,,,,,,,,,,,,,,,,,,,,,,,,,,,,,,,,,,,,,,,377,,,,,,,,,,,,,,,,106,,,,,,,,,,,,,,,,,,,,,,,,,,,,,,,,,,,,,749,,,,,,,,,,359,,,,,,,,,,,,,,,,,,,,,,,,,,,,,,,,,,,,,,,,,329,,,,,301,,,,,,,,,,,,,,,,,,,,,,,,,,,,,,,,,,,,,,,,,,,,,,,,,,,,,,,,,,,,,,,,,,,,,,,
2026-08-26T01:45:02+00:00,,,,,,,,,,,,240,,,,,,,,,,,,,,,,,,,,,,,,,,,,,,,,,,,,,,,,,,,,,,,,,,,,,,,,,,,,,359,,,,,384,,,,,,,,,,,,,,,,,208,,,,,,,,,,330,487,,,,,789,,,,,,,983,,,,,,,,,,,,133,,,,,,,,,,,,521,,,,,,,,,,,,,,,,290,,,,,,,,,,,569,440,,,,,,,,,,,,,,380,,,,,,,,,284,16,,,,,,,,,,,,,,,,,,,,,,,,,,,,,,,,,,,,,,,,,,,,,,,,,,,,,,,,,,,,,,,,,,,,,,,,,,,,,,,,,,,,,,,,,,,,,,,,,,,,,,,,,,,,,,,,,,,,,,,,,,,,,,,,,,,,,57,241,,,,,,,,,,,,,,,,,,,,,,,,,,,,,,,,,,,,,,,,,,,,,,,,,,,,,,,,,,,,,,,,,,,,,,,,,,,,,,,,,,,,,369,,,,,,,,,,,,,,,,,,,,296,312,,,,,,,,303,,,,,,,,,,,,,,,,,,,,,,,,,,,,,,,,,,,,,,,,,,,359,,,,,,,,,,,,,,,,,,,,,,,,,,,,
2026-08-26T02:00:02+00:00,168,,,,,,,,,,,,,,,,,,,,,,,,,,,,,,1296,,,,,,,,,,,,,,,,,,,,,419,,,,,,,74,,,,92,,,,,,,,,,,,,,,,,,,,,,,,,,,384,,,,,,,,,,394,,,,,,486,,,,,,,,285,,,,985,,,,,,,,,,,,,,,,,,,296,,,,,,,,,,,,,,,,,,,,,293,,,,,,240,,,,,564,439,,,,980,,,,,,,,,,379,,,,,,,,,,16,,,,,,,,,,,,,,,,,,,,,,,,,,,,,,,,,,,,,,,,,,,,,,,,,,,,,,,,,,,,,,330,,,,,,,,,,,,,,,,,,,,,,,,,,,,,,,,,,,,,,,,,,,,,,,,,,,,,,,,,,,,,,,,,,,,,,,,240,,,,,,,,,,,,,,,,,,,,,,,889,,,,,,,,,,,,,,,,,,,,,,,,,,,,,,,,,,,748,,,,,,,,,,,,,,,,,,,,,,,,,,,,,,,,,,,,,,,,,,,,,,,,,,,,,,,,,,,,,,,,,,,,,,,,,,,,,,,,,,,,,,,,,,,,,,,,,,,,,,,,,,,,,,,,,,,,,,,,,,,,,,,
2026-08-26T02:15:01+00:00,164,,,,,,,,,,,,,,,,,,,,,,,,,,,,,,,,,,,,,,,,,,,,,,,,,,,,,,,,53,13,73,,,,,,,,,,,,,,,,,,220,,,,,,,,,,,,,385,,,,,,,,,,,,,,,329,,,,,,,,,,309,,,,,,,,,,,,,,,,,,,,,,295,,,,,,,,,,,,,,,,,,,,,296,,588,,,,,,,,475,563,438,,,,979,438,,,406,,,,,,374,,,,,,,,,,16,,,,,,,,,,,,,,,,,,,,,,,,,,,,,,,,,,,,,,,,,,,,,,,,,,,,,,,,69,,,,,,,,,,,,425,,,,,,,,,,,,,,,,,,,,,,,,,,,,,,,,,,,,,,,,,,,,,,,,,,,,,,,,,,,,,,,,,,,,,,,,,,,,,,,,,,,,,,,,,888,,,,,,,,,357,,100,,,,,,,,,,,,,,,,,,,,,,,,,,,,,,,,,,,,,,,,,,,,,,,,,,,,,,,,,,,,,,,,,,,,,,,,,,,,,,,,,,,,,,,,,,,,,,,,,,,,,,,,,,,,,,,,,,,,481,,,,,567,,,,,,,,,,,,,,,,,,,,,,,,,,,,,,
2026-08-26T02:30:01+00:00,165,,,153,,,,,,,,,,,,,,,,,,,,,,,,,,34,,,,,,,,,,,,,,,,,,,,,,,,,,,54,,71,,,,93,,,,,,,,,,358,,,,219,,,,,,,,,,,,,,,,,,,,,,216,,,,,,,487,,,,,,,,284,310,,337,981,,,,,,,,,,,,,,,,,,,,,,,,,,,,,,,,,,,,,,,,,,587,,,,,,,,473,562,,,,,,437,,,,,392,,,168,,,111,,,,,,,,16,,,,,,,,,,,,290,,,,,,487,,,,,,,,,,,,,,,,,,,,,,,,,,,,,,,,198,,,,,,,,,,,,,,,,,,,,,,,,,,,,,,,,,,,,,,,,,,,,,,,,,,,,,,,,,,,,,,,,,,,,,,,,,,,,,,142,,,,,58,,,,,,,,,,,,,,,,,,295,,,,,,,,,,,,,,,,,,,,,,,,,,,,,,,,,,,,,,,,,749,,,,,,,,,,358,,,,,,,,,,,,,,,,,,,,,,,,,,,,,,,,,,,180,,,313,,,,,,,,,,,,,,,,,,,,,,,,,,,,,,,,,,,,,,,,,,,,,,,,,,,,,,,,170,,,,,,,,,,,,,,,,,,,,,,,
2026-08-26T02:45:02+00:00,163,,,,,,,,,,,241,,,,,,,,,,,,,,,,,,,1297,,112,,,,,,,,,,64,,,,,,,,,418,42,,,,53,,,,,17,,172,,,,50,,,,,357,,,,218,,,,,,,,,,,,,,,,,,,,323,,,,,,,,327,485,,,,,,,,,307,,,982,,,,,,,,191,279,532,,133,390,,,,,,,,,,,,,,,,,,,,,,,,,,,,,586,,,,,,,,477,,,,,,978,435,,,,,,1280,,,373,,110,,,,,,,,16,,,,,,,,,,,,291,,,,,,,,,,,,,,,,,,,,,,,,,,,,,,,,,,,,,,,,,,,,,,,,409,,329,402,546,,,,426,,,,,,,,,,,,,,,,,,,,,,,,,,,,,,,,,,,,,,,,,,,,,,,,,,,,,,,,,,,366,,,,,155,,,,,,,,,,,,,,,,,,,293,,,,,,887,,,,,,,,,,,,,,,,,,,,,,,,,,,,,,,,,,,748,,,,,,,,,,,,,164,,,,,,,,,,,,,,213,,,,,,,,,,,,,,,,,,,,,,,,,,,,,,,,,,,,,,,,,,,,,,,,,,,,,,,,,,,,,,489,,,,,,,,,,,,,,,,,,,,,,,,,,,,,128,,,,,,,,,
2026-08-26T03:00:02+00:00,161,,,,,,,,,,,,,,,,,,,,,,,,,,,,,,1298,,,,,,,,,,145,,,,,,,,,,,417,,115,,,,12,69,,,,94,,,,,,,,,,352,,,,,,,,,,,,,,,,,382,,,,,,,,,,,,,,,,,,,,,,,,,308,,336,981,,,,,,,,,,,,,,,,,,,,,,,,,,,,,,,,,,,,,,,,300,,,,494,,,,,,476,561,439,,,,,433,,358,,,,,,,372,,108,,,,,,,,16,,898,,,,,,,,,,290,,,,,,,,,,,,,,,,,,,,,,,,,,,,,,,,,,,,,,,,,,,,,,,,,,,,548,,,,425,,,1379,,,,,,,,,,,,,,,,,,,,,,,,,,,,,,,,,,,,,,,,,,,,,,,,,,,,,,,,363,,,,,,,,,,,,376,,,,,,,,,,,,292,,,,,,886,,,,,,,,,,,,,,,,,,,,,,,,,,,,,,,,,,,747,,,,,,,,,,355,,,,111,,,,,,,,,,,,,,,,,,,265,,,,,49,,,,,,,,,,,,,,,,,,,,,,,,,,,,,,,,,,,,,,,,,,,,,,,,,,,,,,480,,,,,,,,,,,,,,,,,,,,,,,,,,127,,,,,,,,,
2026-08-26T03:15:02+00:00,160,,,,,,,239,,,,,,,,,,,,,,,419,,,,,,,35,1300,31,,,,,,,,,144,,,,37,,,,,,,,,113,,21,52,11,67,,,,,173,,,,,,,,,347,,,,211,383,,,,,,,,,,,,380,,,593,,,,,502,,,,,,,326,,,,,,,,,,307,,,978,,,,,,,,,280,,,,,,,,,,,,,,,,,,,,,,,,,,,,289,,,299,,584,,,,,,,,477,559,,,,,977,429,629,357,407,,,1230,421,164,368,147,107,187,,359,187,,,283,16,,899,,,,,,,,,40,291,,,,,,,,,,,,,,,,,,,,,,,,,,,,,,,,,,,,,296,197,,,,,399,,,,,,,327,,,,,,,,,1378,,,,,,,,,,,,,,,,,,,,,,,,,,,,,,,,,,,,,,,,,,,,,,,,,,,,,,,,358,,,,,,,,,416,,,374,,,,,,,,,,,,,,,,,,880,,,,,,447,,,358,,,,215,,,,,,,,,,,,,,,,,,,,,,,,,,,,,,,,,,,,,,,,,,,,,,,,,,,,293,157,,,,,64,,48,,,,131,,,,275,295,,,,,,,,,,,,,,,,,,,,,,,,,,,,,,,,,,,,,,,,,,,,,479,,,,,,,360,,,,,169,,,,,,,,,,,,,598,,,,,,25,,,,
2026-08-26T03:30:01+00:00,,,,,,,,,,,,240,326,,,,,,,,,,418,,,,,,,37,,,,,,,,,,,143,,,,,,,,,,,415,,114,,20,50,9,,,131,,88,,,,,47,,,,,342,,,,210,,,,,,,,,,,,,378,,,592,,,,,503,,,,,,,325,,,,,,,282,111,283,303,,,980,,,,,,,,,,,,,,,,,,,,,,,,,,,,,,224,,,,,,,,,,298,,,,495,,,,,,,,,,,,979,422,,,,,,,,162,365,,,,,,186,,,285,16,,,,,,,,,,,,289,,,,,,486,,,,,,,,,,,,,143,,,,,,,,,,,,,,,,,,290,194,,257,,,398,,,,,408,661,326,,,132,,,,,,1373,,,,,,,,,,,,,,,,,,,,,,,,,,,,,,,,,,,,,,,,,,,,,,,,,,,,,,,,359,,,,,,59,,545,,,,,187,,222,,,,,190,,,,293,,293,,,,868,,,,,,,,,,,,,,,,,,,,,,,,,,,,,,,,,,,748,,,,,,288,,,,,,,163,,,,,,,,,,312,,,,,,,,,,266,191,,,243,49,,,,,,,177,,294,,,,330,,,,,,,,,,,,,,,,,,,,,,,,,,,,,,,,,,,,,,488,,,,,,,,,,359,,,157,,170,229,,,,464,,,,,,,,597,,,,,,44,,,,
2026-08-26T03:45:01+00:00,159,,,,,51,,,,,,236,,,,,,,,,,,417,,,,,,,,,,,,,,,,,176,,,63,,35,,,,,,,409,,,,21,53,11,57,,,,84,172,,,,43,,,,,339,,,,208,379,,,,,,,,,,,,,292,,,,,,322,,,391,,,,,324,,,,791,,811,280,110,270,302,255,,973,,,,,,,,,,,,,,,,,,,,,,,,520,,,,,,226,,,,,,,,,,,,583,,,,,,662,307,476,,,,,,981,408,628,,,,393,1227,420,160,357,,103,,,358,,,,284,16,,,,,,,,,,,,291,,,,,,485,,,,,,,,,,,,,142,,,,,,,,,,,,,,,,210,,265,,272,256,,,,,,,,407,657,325,401,544,131,,,,,,1354,,,,,,,,,,,,,,,,,,,,,,,,,,,,,,,,,,,,,,,,,,,,,,,,,,,,,,,,352,,49,,,,57,,544,415,,,368,184,,220,,,19,,187,,,,290,,290,,,145,824,,,,,,,,,,,,,,,,,,,,,,,,,,,,,,,,,,,744,,,,721,,,,,,354,,,,,,,,,,,,,,,,,,,,292,,,,,701,65,,,,,122,,,,174,,295,,,,,,,,,,,,,,,,,,,,,,,,,,,,,,,,,,,,,,,,,,485,,,,,,,,,,,342,95,,,167,,,,,,,,,,,,,598,,,,,,,,,,
2026-08-26T04:00:02+00:00,155,,,,,,,,,,,239,,,,124,,,,,,,410,433,,,,,,38,1297,,109,,,,,,,172,142,,,,,,,,,137,,398,,115,,22,49,,58,,130,,80,166,,,,40,,,,,336,,,,206,371,,,,,,,,,319,,320,377,,207,590,84,,,321,501,217,386,,,,,323,484,,168,789,,809,277,103,264,300,254,334,969,,,,77,,,,,,530,,,,,,,,,,,,,,517,,,,,,221,,,,,,,286,,,297,,582,,494,,,,656,305,475,,438,,,,,389,627,358,405,,394,1225,419,152,351,,100,,,,,,,,16,,,,,,,,,,,,290,,,,,,483,,2,,,,,,,,,,,139,,,,,,,,,,,,,,,,209,543,245,193,271,,,,393,,,,,402,653,,,543,,,,,,,1335,,,,,,,,,,,,,,,,,,,,,,,,,,,,,,,,,,,,,,,,,,,,,,,,,,,,,,,,345,,47,,,,55,230,543,416,,,355,179,,217,,,18,,183,277,,,266,,288,192,108,,761,,,,,,,,,,,,,,,,,,,,,,,,,,,,,,,,,,,740,,,,,,,,,,353,,,160,,,,,,,,,,313,115,,,211,,,,158,,265,,,,,,,,119,,,,172,274,293,312,,,,66,,,,,,,,,,,,,,,,,,,,,,,,,,,,,,,,,,,,,482,144,,478,,352,,,,,,,,,,163,,,,,,,,,,,,,597,,,,,,43,,,,
2026-08-26T04:05:01+00:00,156,,,,,,,,,,,240,324,,,,,,,,,441,408,390,,,,,,50,1295,25,,,,,,,,,150,,,,34,,,,,,,,,,,,50,,57,,,,79,164,,,,,,,,,,,,,219,,,,,,,,,,,,,,,,,,,,,,,,,,,,,,,,,,,,,,,,,,,,,,,,,,,,,,,,,,,,,,,,,,,,,,,,,,,,,,,,,,,,,,,,,,303,476,,,,,,980,381,,,,,395,1224,420,148,337,,99,,,357,185,,,,16,,,,,,,,,,,,,,,,,,482,,,,,,,,,,,,,138,,,,,,,,,,,,,,,,,541,,,,,,,394,,,453,,400,,326,402,541,,,,,,,1331,,,,,,,,,,,,,,,,,,,,,,,,,,,,,,,,,,,,,,,,,,,,,,,,,,,,,,,,344,,46,,116,,,221,542,,,,352,177,,,,,17,94,,,,,254,173,286,189,109,,754,,,,141,,444,,1187,316,,,199,213,,,,,,,,,,,,,,,,,,,,,,739,,,,723,,,,,,,,,,110,,,,,,,,,,116,293,,208,,,,157,,264,,700,,,,,,,,,,,,,,,,,,,,,,,,,,,,,,,,,,,,,,,,,,,,,,,,,,,,,,481,,135,,62,,,,,,,,,,,161,,,,,,,,,,,,,,,,,,,,,,,
2026-08-26T04:10:01+00:00,,,,,,,,,,,,241,,,,,,,,,,,407,388,,,,,,,1294,,106,,,,,,,171,,,,,,,,,,138,,396,41,,,,,,56,,129,,77,163,,,,,,,,,330,,,,218,,,,,,,,,,,,,,,,,,,,,,,,,,,,,,,,,,,,,,,,,,,,,,,,,,,,,,,,,,,,,,,,,,,,,,,,,,,,,,,,,,,,,,,,,,300,474,558,,,,,,374,,,,,,,,,,,,,,,,,,285,16,,,,,,,,,,,,288,,,,,,481,,,,,,,,,,,,,,,,,,,,,,,,,,,,,,,,,,,,,,,,,,397,652,325,401,542,,,,,,,,,,,,,,,,,,,,,,,,,,,,,,,,,,,,,,,,,,,,,,,,,,,,,,,,,,,,,,,342,143,45,,,153,,220,,,,,351,176,,214,,,16,,,,,,249,,,188,,,753,,,,,,,,,,,,,,,,,,,,,,,,,,,,,,,,,,,738,,,,,,,,,,354,,,159,,,,,,,,,,,115,,,207,,,,156,742,,,,,,,,,115,,,,168,,292,,,,,65,369,,,,,,,,,,,,,,,,,,,,,,,,,,,,,,,,,,,,479,,,476,63,,,,,205,,,,,,159,,,,,,316,,,,,,,,,,,,,42,,,,
2026-08-26T04:15:01+00:00,,,,,,,,,,,,,323,,,123,,,,,,,404,,,,,,,52,1293,24,104,,,,,,,,,,,,,,,,,,,395,40,,,,,,55,,,,,,,,,,,,,,,,,,219,370,,368,,116,,,,,,,319,375,290,208,589,83,,,,500,,384,215,,,291,319,483,,,,,805,279,99,259,299,,331,960,,,442,,,,941,200,,526,,,389,,,,,,,,,,,514,,,,,,219,,,,,,,287,,,299,,581,,495,,157,,651,,473,,436,,,,979,367,,,,,,1223,421,146,324,,100,,,358,,,,286,15,,,,,,,,,,,,290,,,,,,480,,3,,,,,,,,,,,,,,,,,,,,,,,,,,,210,539,243,,,,423,,393,68,,,,395,647,322,,,130,,,,,,1326,,,,,,,,,,,,,,,,,,,,,,,,,,,,,,,,,,,,,,,,,,,,,,,,,,,,,,,,337,142,,,,152,,,,,,,350,,,,,,,,,276,,,246,172,,187,,,747,,,,,,,,,,,,,,,,,,,,,,,,,,,,,,,,,,,736,,,,722,,,,,,,,,,109,,,,,,78,,,,,292,,,,,291,159,,,,,,,,,,,,,,,,,,,,,,,,,,,,,,,,,,,,,,,,,,,,,,,,,,,,,,,,,,478,,,,,351,,,,,,,,,,156,,,,,,,,,,,,,596,,,,,,,,,,
2026-08-26T04:20:01+00:00,,,,,,,,,,,,,,,,,,,,,,,403,386,,,,,,,1292,,102,,,,,,,,149,,,,,,,,,,,394,41,,,,,10,54,,,,79,160,,,77,,,,,,,,,,218,368,,,,,,,,,,,,,,,,,,,,,,,,,,,,,,,,,,,,,,,,,,,,,,,938,,,523,,,,,,,,,,,,,,,,,,,,,,,,,,,,,,,,,,,,,,644,298,,559,,,,,,361,,,,,,,,,,,,,,,,,,,15,,,,,,,,,,,,291,,,,,,476,,2,116,,,,,,,,,,,,,,,,,,,,,,,,,,209,,240,,,257,,,394,,,,,390,643,,,540,129,,,,89,,1322,,,,,,,,,,,,,,,,,,,,,,,,,,,,,,,,,,,,,,,,,,,,,,,,,,,,,,,,335,,44,,,151,,216,541,,,,,173,,,,,,,,,,,245,,,183,108,147,745,,,,132,313,443,,1186,,,,,,,,,,,,,,,,,,,,,,,,,,,735,,,,,,,,,,,,,160,,,,,,,,,,311,114,291,,204,,,290,,743,,,699,,,,,,,,,,,,,,,,,,,,,,,,,,,,,,,,,,,,,,,,,,,,,,,,,,,,,,,,,,,350,302,,,204,,,,156,,155,,,,,463,,,,,,,,,,,,,,43,,,,
2026-08-26T04:25:01+00:00,155,,,,,,,244,,,,261,,,,121,,,,,,,401,384,,,,,,,,,,,,,,,,,148,,,,,,,,,,,392,,,,24,49,,52,,,18,78,156,,,,,,,,,,,,,217,,,,,,,,,,316,,,374,,209,586,84,198,,319,498,,381,,,,290,317,482,,169,,,,,95,251,295,253,328,,,,,,,,,,,,,,,,,,,,,,,,,,,,,,,,,,,,,,,,,,,,,,,,,,296,470,,435,,,,977,358,,357,,,393,1219,,144,300,,98,185,251,,,,,287,15,153,,,,,,,,,,,292,,,,,,,,1,,,,,,,,,,,137,,,,,,,,,,,,,,,,,,243,190,,256,422,,,67,,454,342,387,,321,400,,,,,,88,,1317,,,,,,,,,,,,,,,,,,,,,,,,,,,,,,,,,,,,,,,,,,,,,,,,,,,,,,,,331,,,129,,150,,213,540,417,,,347,172,,,,,,,,275,,,236,,285,178,,151,740,,,,,,,,,,,,,,,,,,,,,,,,,,,,,,,,,,,732,,,,,,286,,,,353,,,,,,,,,,,,,309,113,289,,201,,,,,,262,190,,66,,,,,,132,,,165,,293,,,,,63,368,,,,,,,,,,,,,,,,,,,,,,,,,,,,,,,,,,,,,143,,475,,,,,,,,,,,,150,,,,195,,,,,,,,,595,,,,,,,,,,
2026-08-26T04:30:02+00:00,,,,,,,,245,,,,260,322,,,120,,,,,,,398,382,,,,,,53,989,23,86,,,,,,,,149,,61,,,,,,,,,390,,,,25,48,9,84,,,,76,,,,78,,,,,,329,,,,,366,,,,,,,,,,,,,,,,,,,,,,,,,,,,,,,,,,,,,,,,,,,,,,,930,,,518,,,388,,,,,,294,,,,,509,,,,,,216,,,,,,,,,,,,579,,496,,158,,639,295,,,433,,,,974,355,625,,,,,,,,,,,,,,,,,,15,,,,,,,,,,,,294,,,,,,478,,2,,,,,,,,,,,135,,,,,,,,,,,,,,,,,,250,188,,255,421,,393,,,,343,384,642,317,398,,,,,423,89,,1313,,,,,,,,,,,,,,,,,,,,,,,,,,,,,,,,,,,,,,,,,,,,,,,,,,,,,,,,326,,,,,,54,211,537,,,38,,171,,212,,,15,,182,,,,234,,,172,,152,731,,,,127,311,441,,1185,,,,,214,,,,,,,,,,,,,,,,,,,,,,729,,,,720,,,,,322,352,,,159,,,,,,,,,,307,,287,,199,261,,,,,261,,,,240,,,,,,,,,,,,,,,,,,,,,,,,,,,,,,,,,,,,,,,,,,,,,,,,,,,,,144,,,,,,94,,,360,,,,,149,,,,,,,,100,,,,,,128,,,,,,,,,
2026-08-26T04:35:01+00:00,154,,,152,,,,,,,,259,321,,,119,,,,,,,395,381,,,,,,52,983,,85,,,,,,,169,,,,,32,,,,,,,389,,,,22,49,10,85,,,,74,155,,,,39,,117,,,327,,,,219,,,,,,,,,,313,,317,370,288,210,580,,,,317,496,,378,,117,,285,316,478,158,,788,,801,275,88,244,296,255,325,949,,,,76,,,,,,,,,,,,,,,,,,,,507,,,,,,215,,,,,,,,,,300,,,,,,,,631,293,,,,,,,,352,,356,,,391,1214,422,141,292,,92,184,250,,,161,,288,15,152,,,,,,,,,,,,,,,,,477,,,,,,,,,,,,,134,,,,,,,,,,,,,,,,,536,256,,,,419,,392,,,,,383,640,,396,539,,,233,424,,,1306,,,,,,,,,,,,,,,,,,,,,,,,,,,,,,,,,,,,,,,,,,,,,,,,,,,,,,,,324,,,,115,,,207,536,416,,,346,170,,210,20,,,,,,,33,235,173,,170,107,,728,,,,124,308,442,,1183,315,,,,,,,,,,,,,,,,,,,,,,,,,,725,,,,717,,285,,,,349,,,,,,,,,,,,,306,114,286,,196,260,,,,742,260,,,,242,,,,,,,,,,,,,,,,,,,,,,,,,,,,,,,,,,,,,,,,,,,,,,,,,,,,477,,,,,,,,,,,,,,,147,,,,,,315,,,,,,,,,,,,,44,,,,
2026-08-26T04:40:02+00:00,153,,,,,,,243,,,,,319,,,118,,,,,,440,393,,,,,,,,980,24,82,67,,,,,2,,,,,,31,,,,,,,385,,,,,48,,84,,,,76,154,,,77,,,,,,,,,,,363,210,,,113,,,,,,,,,,,,,,,,,,,,,,,,,,,,,,,,,,,,,,,,,,,926,,278,,59,,387,,,,,,,,,,,,,,,,,,,,,,,,,,,,,,,,,,,,294,464,560,432,,,,971,350,624,,406,,,,,,,,,,,,,160,,,15,,,,,,,,,,,,288,,,,,,473,,1,115,,,,,,,,,,,,,,,,,,,,,,,,,,,,258,186,270,254,,,,,,,,379,,312,,,128,,,421,88,,1296,,,,,,,,,,,,,,,,,,,,,,,,,,,,,,,,,,,,,,,,,,,,,,,,,,,,,,,,323,,42,130,,149,55,202,534,414,,,347,166,,,19,,,93,183,,,34,236,,,166,108,,717,,143,,,,,67,,,,,,,,,,,,,,,,,,,,,,,,,,,,721,,,,713,,284,265,,,347,,,,108,,,,,,,,,,113,285,,190,258,,289,158,,259,,698,,,48,156,,113,,,,161,,,311,,,,61,367,,,,,,,,,,,,,,,,,,,,,,,,,,,,,,,,,,,,475,,,473,,,,,,,,341,,,,146,,,,,,,,,,,,,594,,,,,,43,,,,
2026-08-26T04:45:02+00:00,152,,,,,52,,,,,,,,,,117,,,,,,,389,,,,,,,53,976,,80,,,,,,,168,147,,59,,30,,,,,139,,380,,,,,,6,83,,,,78,151,,,76,,15,,,,323,,,,218,,,,,,,,,,312,,314,362,286,,579,,,,314,495,216,373,214,115,,283,313,477,,166,787,72,,,,234,294,,320,936,,,,,,,922,,,,,,,,,,,,,,,,,504,,,,,,214,,,,,,,290,,,299,,574,,493,,,,622,,465,,430,,,,970,349,,,,,,1210,423,142,290,,90,,251,,,157,,287,15,,,,,,,,,,,,292,,,,,,470,,0,,,,,,,,,,,,,,,,55,,,,,,,,,,,,,261,185,,,417,,,,,453,,375,635,310,397,534,127,,,419,86,,1279,,,,,,,,,,,,,,,,,,,,,,,,,,,,,,,,,,,,,,,,,,,,,,,,,,,,,,,,311,,,,,,54,201,532,,36,,341,,,209,,,,,182,,,33,237,170,283,162,109,,708,,144,,117,312,441,,1182,,,101,198,218,,,,,,,,,,,,,,,,,,,,,,,,,,,,,,,,,,,,,,,,,,,,,,,,,,,,,,741,258,,696,,,,,,,,,,,,,,,,,,,,,,,,,,,,,,,,,,,,,,,,,,,,,,,,,,,,,,474,,134,472,,,,,,,,,,,,,,78,,,,,,,,,,,,129,,,,,,,,,
2026-08-26T04:50:02+00:00,,,,151,,51,,242,,,,258,318,,,,,,,,,439,384,,,,,,,51,973,,79,,,,,,,166,143,,,,28,,,,,,,373,39,,,23,44,,84,,128,,,147,,,,37,16,,,,319,,,,219,361,,367,203,,,,,,311,158,311,353,285,208,574,83,197,,312,487,215,370,,113,,280,306,473,,,784,71,800,272,82,220,289,,315,923,,,440,75,,,,,,,,,,,,,,,,,,,,,,,,,,,,,,,,,,,,,,,,,,,,,293,463,,421,,,,969,348,,,,,,,,,,,,,,,,155,,,15,,,,,,,,,,,,291,,,,,,,,,,,,,,,,,,,132,,,,,,,,,,,,,,,,,535,,184,,251,,,,66,,452,,374,632,304,396,533,124,,232,417,85,,1266,,,,,,,,,,,,,,,,,,,,,,,,,,,,,,,,,,,,,,,,,,,,,,,,,,,,,,,,307,141,40,129,113,,,,530,413,,,330,,,206,,,,96,177,,,32,239,169,281,152,,,697,,,,,,,,,,,,,,,,,,,,,,,,,,,,,,,,,,,718,,,,708,,282,266,,,345,,,,,,,,,,,,,,,279,,,257,,286,156,740,257,,695,,241,,,,,,,,,,,,,,,,,,,,,,,,,,,,,,,,,,,,,,,,,,,,,,,,,,,,472,,,,62,,,,,,,342,,,,144,228,,,,462,313,,,,,,,,,,,,,44,,,,
2026-08-26T04:55:01+00:00,151,,,,,50,,,,,,257,,,,116,,,,,,,382,380,,,,,,52,963,22,68,,,,,,,163,144,,58,,27,,,,,140,,365,38,,,24,,,79,,127,,80,143,,,75,,,,,,316,,,,220,,,,,,,,,,,,,,,,,,,,,,,,,,,,,,,,,,,,,,,,,,,,,,,,920,198,275,516,,,390,,,,,,292,,,,,500,,,,,,213,,,,,,,,,,298,,570,,494,,157,,602,,,,,,,,,,,,,,,,,,,,,,,,,,,,,,,,,,,,,,,,,,,,,,,,,,,,,,,,,,,,,,,,,,,,,,,,,,,,,,,,,,,,,,448,340,368,621,299,389,532,123,,,414,,,1245,,,,,,,,,,,,,,,,,,,,,,,,,,,,,,,,,,,,,,,,,,,,,,,,,,,,,,,,,,,,,,,,,,,,,,,,,,,,,,,,,,,,,,,,,,,,,,,,,,,,,,,,,,,,,,,,,,,,,,,,,,,195,,707,,,,,,,,,,,,,,,,,,,305,109,277,,189,255,,,,,,,,,,,,,,,,,,,,,,,,,,,,,,,,,,,,,,,,,,,,,,,,,,,,,,,,,,,,,,,,,,,,,,,,,,,,,,,,,,,,,,,,,,,,,,,,,,,
2026-08-26T04:55:02+00:00,,,,,,,,,,,,,,,,,,,,,,,,,,,,,,,,,,,,,,,,,,,,,,,,,,,,,,,,,,,,,,,,,,,,,,,,,,,,,,,,,,,,,,,,,,,,,,,,,,,,,,,,,,,,,,,,,,,,,,,,,,,,,,,,,,,,,,,,,,,,,,,,,,,,,,,,,,,,,,,,,,,,,,,290,460,557,419,,,,966,,,,,,388,1201,424,138,269,146,86,,249,355,181,154,,286,15,,897,,,,,,,,,,288,,,,,,468,,,114,,,,,,,,,,131,,,,,,,,,,,,,,,,210,533,260,181,,249,,,389,65,,,,,,,,,,,,,,,,,,,,,,,,,,,,,,,,,,,,,,,,,,,,,,,,,,,,,,,,,,,,,,,,,,,,,,,,139,39,,,,,196,529,,,,320,164,,205,,,,,,274,,,236,167,282,149,,,685,,,49,112,306,439,,1179,313,,102,196,217,,,,,,,,,,,,,,,,,,,,,,,,,,,,,,,,,,,,,,,,,,,,,,,,,,,,,157,739,256,,691,,238,,155,,105,,,,166,273,292,310,,,,57,363,,,,,,,,,,,,,,,,,,,,,,,,,,,,,,,,,,,,470,,,,,,,,,203,,341,,,,142,,79,,,460,,,,,,,,,,,,,,,,,,
2026-08-26T05:00:02+00:00,149,259,,150,550,51,,,305,350,,,317,,,115,,,,,,437,377,381,,,,,,53,957,,65,68,,,,,,162,143,,,,23,,,,,,,366,37,116,,22,40,4,77,,,,,141,,233,76,,,,,,,,,,221,358,209,366,202,111,,,,,313,,307,344,283,,,,196,,309,485,,367,,,,277,,469,,165,779,,796,271,79,211,285,,313,917,,,439,,,,,,,,,,,,,,,,,,,,,,,,,,,,,,,,,,,,,,,,,,,,,,289,455,558,416,,,,962,347,,,405,,,,,,,,,,,,,,,287,16,,898,,,,,,,,,,287,,,,,,465,,,113,,,,,,,,,,132,,,,,,,,,,,,,,,,211,531,,179,268,,,,,,13,,338,365,618,296,384,531,,,230,409,84,,1228,,,,,,,,,,,,,,,,,,,,,,,,,,,,,,,,,,,,,,,,,,,,,,,,,,,,,,,,304,,,,,146,,191,,411,,36,314,163,,206,,,11,95,175,,,31,229,165,278,140,108,,658,,,,,,,,,,,,,,,,,,,,,,,,,,,,,,,,,,,716,,,,,,280,,,,344,,,,,,,,,,,,,304,104,,,187,,,284,,736,,,688,,236,,,,,,,,,,,,,,,,,,,,,,,,,,,,,,,,,,,,,,,,,,,,,,,,,,,,464,,133,,,349,,,,202,359,340,,,,141,,,,,,314,,,,,,,,,,548,,,,,,,
2026-08-26T05:05:01+00:00,148,257,,,546,,,,304,353,,,316,,,114,,,,,,,370,,,,,,,,953,20,61,,,,,,,,145,,,,22,,,,,,,364,35,,,,42,,78,,125,19,82,137,,,,,,,,,313,,,145,,,,,,,,,,,,,,,,,,,,,,,,,,,,,,,,,,,,,,,,,,,,,,,,,906,,274,514,,,,,,,,,291,,,,,488,,,,,180,216,,,,,,,,,,,,567,,488,,,,593,285,448,,415,,,,958,,,,,,389,1197,429,130,257,145,83,182,,354,177,152,,289,15,151,,,,,,,,,,,285,,,,,,461,,,111,,,,,,,,,,130,,,,,,,,,,,,,,,,213,529,,178,266,,,,,,,446,,361,616,290,380,529,122,,229,410,,,1215,,,,,,,,,,,,,,,,,,,,,,,,,,,,,,,,,,,,,,,,,,,,,,,,,,,,,,,,,,,,,,,,,,,,,,,,,,,,,,,,,,,,,,,,,,109,,,,1178,312,,103,194,,,,,,,,,,,,,,,,,,,,,,,711,,,,706,,,265,,,343,,,,109,,,,,,,,,303,,276,,183,253,231,282,,,,188,683,,232,,,,,,,,,,,,,,,,,,,,,,,,,,,,,,,,,,,,,,,,,,,,,,,,,,,,456,143,,471,,348,,,,,,,94,157,,140,,78,,194,,,,,,,,,592,,,547,,,43,,,,
2026-08-26T05:05:02+00:00,,,,,,,,,,,,,,,,,,,,,,,,,,,,,,,,,,,,,,,,,,,,,,,,,,,,,,,,,,,,,,,,,,,,,,,,,,,,,,,,,,,,,,,,,,,,,,,,,,,,,,,,,,,,,,,,,,,,,,,,,,,,,,,,,,,,,,,,,,,,,,,,,,,,,,,,,,,,,,,,,,,,,,,,,,,,,,,,,,,,,,,,,,,,,,,,,,,,,,,,,,,,,,,,,,,,,,,,,,,,,,,,,,,,,,,,,,,,,,,,,,,,,,,,,,,,,,,,,,,,,,,,,,,,,,,,,,,,,,,,,,,,,,,,,,,,,,,,,,,,,,,,,,,,,,,,,,,,,,,,,300,138,37,,,,55,187,524,412,,,309,159,,202,18,,,,,,195,,221,163,,134,107,,641,,,,,,,,,,,,,,,,,,,,,,,,,,,,,,,,,,,,,,,,,,,,,,,,,,,,,,,,,,,,,,,,,,,,,,,,,,,,,,,,,,,,,,,,,,,,,,,,,,,,,,,,,,,,,,,,,,,,,,,,,,,,,,,,,,,,,,,,,,,,,,,,,,,,,,,,,,,,,,,,,,
2026-08-26T05:10:02+00:00,149,258,,,544,,,,303,356,,255,315,,,,,,,,,,360,379,,,,,,,954,18,57,69,,,,,,163,148,,57,,20,,,,,,,363,34,,,,,,,,123,,80,134,,232,,,,,,,,,,,219,352,,364,198,110,236,,,,310,,302,331,280,,573,82,195,219,307,479,216,364,211,,,272,301,467,,164,774,,793,260,70,195,277,253,311,905,,,440,73,,,,,,,,,,,,,,,,,,,,,,,,,,,,,,,,,,,,,,,,,,,,,284,443,559,413,66,,,956,,,,404,,,,,,,,,,,,,153,,,15,,,,,,,,,,,,286,,,,,,452,,,,137,,,,,,,,,126,,,,,,,,,,,,,,,,212,525,,176,,,,,387,,,447,336,359,612,281,377,525,118,,,406,,,1204,,,,,,,,,,,,,,,,,,,,,,,,,,,,,,,,,,,,,,,,,,,,,,,,,,,,,,,,292,,35,,112,145,52,182,520,413,,,307,157,,199,,,,94,,273,,,213,162,279,122,106,,616,,,48,,,,,,,,,,,,,,,,,,,,,,,,,,,,,,,,707,79,,,705,,,,,,342,,,,110,,,,,,,,,301,105,272,,182,251,,,,735,257,187,679,,229,,,,,,,,,,,,,,,,,,,,,,,,,,,,,,,,,,,,,,,,,,,,,,,,,,,,448,,132,,,346,,92,566,200,358,,93,,,139,,,,,,,,,,,,,,,,,,211,42,,,,
2026-08-26T05:15:01+00:00,,260,,,541,50,,,302,353,,253,310,,,113,,,,,,436,354,,,,,,,,950,16,51,,,,,,,164,147,,56,,18,,,,,,,,35,,,24,43,3,80,,,,76,131,,,,35,,,,,311,,,,,,,,,,,,,,311,157,301,328,279,204,571,,,,305,474,215,,,112,,269,300,465,,,,72,789,259,,183,275,254,308,896,,,,,116,208,897,,,515,,,,,,,,,,,,,,482,,,,,181,,,,,,,260,287,,,296,,,,481,181,,,576,283,,,411,,,,951,346,623,,403,,,1184,427,128,258,144,80,,,353,,,,293,15,,,,,,,,,,,,,,,,,,449,,,110,,,,,,,,,,124,,,,,,,,,,,,,,,,211,520,257,174,265,,415,,384,64,12,446,335,355,608,275,370,520,115,,227,405,83,,1187,,,,,,,,,,,,,,,,,,,,,,,,,,,,,,,,,,,,,,,,,,,,,,,,,,,,,,,,289,,34,,110,,51,180,,,,35,300,155,,200,,,,,173,,,,205,161,278,111,,,606,,,,,,,,,,,,,,,,,,,,,,,,,,,,,,,,,,,700,,,,,,,,,,341,,,,111,,,,,,,,,300,107,269,,178,250,228,280,156,734,258,186,671,,220,46,,,94,130,,,164,275,,309,,,329,,359,,,302,,,,,,,,,,,,,,,,,,,,,,,,,,,,,,,,,442,,,470,61,348,,,565,,,339,,,,136,,,,,459,315,,,,,,,591,,,546,,209,,,,,
2026-08-26T05:20:01+00:00,147,255,,,,,,,,354,,250,308,,,110,,,,,165,,346,381,,,,,,49,946,13,50,,231,,,,,,146,,55,,,,,,,,,359,33,117,,23,41,,81,,122,20,77,129,,,77,,,,,,313,,,,,350,,363,,111,,,,,,,,,,,,,,,,,,,,,,,,,,,,,,,,,,,,,,,,,,,,,,,,,,,,,,,,,,,,,,,,,,,,,,,,,,,,,,,,,,,,,,430,,408,,,,952,347,622,357,402,,,,,,,,,,,,,152,,296,15,152,,,,,,,,,,,278,,,,,,442,,,,,,,,,,,,,121,,,,,,,,,,,,,,,,,516,254,173,262,,,,383,,,443,334,353,603,268,362,516,112,,225,400,84,,1168,,,,355,,113,,,,,,,,,,,54,116,25,31,,,,,,,,,345,,,338,,,,,,,,,,,,17,,,,,,,,,,,,279,136,33,,,142,52,175,514,412,35,34,295,153,,201,17,,9,,172,,193,30,191,160,276,105,,,572,,143,,101,300,436,,1177,,,,193,219,,,,,,,,,,,,,,,,,,,,,,691,,,,701,,272,262,,,340,,,,112,,,,,,77,,,296,108,264,,171,248,222,278,,732,256,185,664,,217,,,,,,,,,,,,,,,,,,,,,,,,,,,,,,,,,,,,,,,,,,,,,,,,,,,,441,,130,469,62,,,90,,199,357,,,,,135,230,,,,456,,,,,,,,590,,,,,205,41,,,,
2026-08-26T05:25:01+00:00,,256,,,539,,,241,,,,,305,,,107,,,,,,433,343,382,,,,,,51,943,12,43,,,,,,,,144,,,,19,,,,,,,360,32,118,,,,,80,,,,,123,,,,,,116,,,315,,,,222,,,,,,,,,,310,155,298,319,275,203,569,81,,,300,467,210,362,210,111,,262,295,466,,162,660,74,786,254,72,167,265,252,,877,,,439,,,,886,197,,516,,,,,,,,,,,,,,477,,,,,,214,,,,,,,,,,295,,561,,480,,,,557,281,427,558,402,64,,,948,,,,400,,,1167,426,127,256,142,79,179,250,350,170,149,,298,15,,,,,,,,,,,,277,,,,,,436,,,108,,,,,,,,,,119,,,,,,,,,,,,,,,,210,506,250,170,261,247,414,,380,61,11,442,329,348,599,265,358,512,109,,,397,81,,1148,,,,,,,,,,,,,,,,,,117,27,30,,,,,,,,,,,,,,,,,,,,,,,,,,,,,,,,,,,,276,135,31,128,108,141,53,171,511,410,34,,285,150,,,,,,93,170,272,,27,182,158,275,97,107,,551,,,47,89,297,433,,1175,309,,102,192,190,,,,,,,,,,,,,,,,,,,,,,,,194,,,,271,,,321,,,,,110,,,,,,,,,,109,262,,,247,,274,,731,255,184,661,,214,,,,,,,,,,,,,,,,,,,,,,,,,,,,,,,,,,,,,,,,,,,,,,,,,,,,435,,,466,63,,,88,564,198,356,337,94,,,136,229,,,193,,314,,,,,,,588,128,,,,204,,,,,
2026-08-26T05:30:01+00:00,145,252,,,538,,,239,301,355,,253,301,,,105,,,,,164,429,330,,,,,,,50,940,15,41,68,,,,,,163,,,,,,,,,,,,359,,,,24,40,0,81,,120,21,,,,,,,,,,,316,,,,,343,,361,197,112,,,197,,309,153,297,310,269,200,564,80,197,,297,460,208,360,206,,,249,292,461,,,655,75,777,248,73,147,258,,297,855,,,,68,,,,,,,,,,,,,,,,,,,,,,,,,,,,,,,,,,,,,,,,,,,,,,423,,401,63,,,944,,620,354,397,,,,,,,,,,,,,,,299,15,153,,,,,,,,,,,276,,,,,,433,,,107,,,,,,,,,,117,,,,,,,,,,,,,,,,209,500,251,166,258,,413,,378,,,441,326,340,593,262,348,509,,,222,396,82,,1135,,,,354,,,,,,,,,,,,,52,114,,,,,,,,,,,344,,,334,,,,,,,,,,,,,,,,,,,,,,,,273,133,28,,105,138,52,162,503,409,,33,282,143,,200,16,,8,90,168,276,192,25,165,157,271,88,106,151,523,,,,,,,66,,,,,,,,,,,,,,,,,,,,,,,,,,,,690,,,,,,,,,,339,,,,108,,,,,,,,,292,,,,168,244,218,,154,,251,,651,,,,154,,87,,,,159,349,291,308,,,328,,357,,,300,,,,,,,,,,,,,,,,,,,,,,,,,,,,,,,,,428,,,465,,347,,84,,,355,338,,,,,228,,,192,454,,,,,,,,586,127,,545,,203,,,,,
2026-08-26T05:35:01+00:00,143,248,,,,49,71,237,,352,,251,299,,,102,,,,,,428,318,380,,,,,,,933,17,35,67,,,,,,164,143,,53,,,,,,,,,358,,,,23,,,84,,119,,75,120,,,,,,,,,318,,,144,220,341,,360,195,,,,,,,,,,,,,,,,,,,,,,,,,,,,,,,,,,,,,,,,,,115,,872,196,272,518,,,,,,,,,289,,,,,470,,,,,,209,,,,,,,,,,296,,556,,472,,156,,532,277,414,556,396,,,,942,,,352,394,283,,1150,424,,253,137,,,251,347,167,147,,300,15,151,897,,,,,,,,,,274,,,,,,427,,,104,,,,,,,,,,115,,,,,,,,,,,,,,,,208,495,241,164,255,242,410,,379,60,,438,,333,584,254,342,502,102,,220,391,81,,1118,,,,353,,112,,,,,,,,,,,56,112,24,32,,,,,,,,,,,,,,,,,,,,,,,,,,,,,,,,,,,,271,132,,127,103,135,50,159,496,408,,,275,141,30,196,15,,7,89,166,,,22,161,,264,83,,150,506,,,45,,,,,,,,,,,,,,,,,,,,,,,,,,,,,,,,686,,,,700,,264,261,,320,341,,,,,,,,,,76,,,289,108,261,,158,243,204,270,152,724,,183,644,67,207,,,,,,,,,,,,,,,,,,,,,,,,,,,,,,,,,,,,,,,,,,,,,,,,,,,,421,,,466,,345,,82,563,,,339,,,,133,,77,,,455,,,,,,,,584,,,544,,200,,,,,
2026-08-26T05:40:02+00:00,,246,,149,535,51,,238,298,351,,250,296,,,100,,,,,,427,314,382,,,,,,51,931,18,31,,,,,,0,165,144,,51,,15,,,,,,,354,,,,20,38,,86,,117,22,76,115,,,,,,117,,,321,,,,218,,,,,,,,,,307,152,296,302,267,,560,,198,218,287,455,204,,205,109,,244,,,,163,653,,774,245,70,135,257,251,295,844,,,437,67,,,,,,,,,,,,,,,,,,,,,,,,,,,,,,,,,,,,,,,,,,,,,273,409,555,391,64,,,937,,,,,,,,,,,,,,,,,146,,,16,,899,,,,,,,,,,,,,,,,417,,,,,,,,,,,,,113,,,,,,,,,,,,,,,,207,484,227,161,252,239,,,376,59,10,437,323,329,577,253,334,490,100,,218,389,80,,1110,,,,352,,,,,,,,,,,,,,111,,31,,,,,,,,,,,,332,,,,,,,,,,,,16,,,,,,,,,,,,270,131,26,126,100,131,,157,491,407,,,272,143,31,193,,,,90,164,275,191,21,156,156,263,81,105,149,489,,,,81,293,430,68,1174,306,,101,191,191,,,,,,,,,,,,,,,,,,,,,,667,,190,,,,250,260,,318,337,,,,110,,,,,,75,,,283,106,248,,149,239,190,265,151,719,248,,637,64,204,,,,,,,,,,,,,,,,,,,,,,,,,,,,,,,,,,,,,,,,,,,,,,,,,,,,416,141,129,463,,344,,,564,197,,338,95,160,,,229,,,,,,,,,,,,,,,538,,199,,,,,
2026-08-26T05:45:02+00:00,139,241,,148,530,,,,,,,249,294,,,97,,,,,,425,301,384,,,100,,,53,927,,26,,,,,,,162,,,50,,14,,,,,,,352,,116,,17,,,83,,113,,75,114,,230,,34,,,,,,,,142,217,339,207,359,194,108,,,196,,305,149,294,300,260,198,550,79,,,283,448,203,357,203,,118,235,287,459,,,652,74,767,244,72,125,258,,294,817,,,,,,,860,195,273,519,,,388,,,,,,290,,,,,462,,,,,178,210,,,,,,,289,,,295,,547,,461,,155,,499,272,400,554,390,65,,,934,,619,351,,281,392,1132,418,124,243,,78,176,,345,165,142,,,16,148,895,,,,,,,,,,263,,,,,,406,,,103,136,,,,,,,,,105,,,,,54,,,,,67,,,,,,206,476,223,154,250,234,,,375,62,,430,314,325,572,250,323,482,97,,210,386,79,,1098,,,,347,,111,,,,,,,,,,,57,113,23,30,,,,,,,,,345,,,331,,,,,,,,,,,,15,,,,,,,,,,,,262,127,25,123,102,129,52,149,483,,,,263,132,32,189,13,,,88,160,273,185,20,139,154,260,70,99,147,466,,,,70,287,423,,1167,301,,,190,190,,,,,,,,,,,,,,,,,,,,,,,,,,,,,,,,,,,,,,,,,,,,,,,,,,,,,150,710,243,179,633,62,202,49,,388,75,129,164,51,158,343,289,307,240,,324,55,353,,,297,,,,,,,,,,,,,,,,,,,,,,,,,,,,,,,,,409,140,128,459,,342,303,,562,196,353,336,,,,132,,,,190,453,313,,,,,,,,,,537,,197,40,,,340,
2026-08-26T05:50:02+00:00,138,240,,,525,,,236,297,352,,248,,,,95,,,,,161,421,292,386,,,,,,50,922,,14,,233,,,,,,142,,49,,,,,,,,,,31,,,18,36,,76,,112,,77,109,,231,,,17,,,,316,,,143,218,,,,,,,,,,297,143,293,299,255,194,541,73,195,217,271,440,199,354,201,107,,221,284,455,156,162,651,,763,236,,91,252,,288,784,,,435,63,,,,,,,,,,,,,,,,,,,,,,,,,,,,,,,,,,,,,,,,,,,,,273,399,555,386,,,,929,,616,349,392,,,,,,,,,,,,,141,,301,16,,897,,,,,,,,,,254,,,,,,397,,,101,,,,,,,,,,104,,,,,,,,,,66,,,,,,,466,213,149,249,233,408,,376,60,,428,311,320,562,246,318,464,96,,206,383,80,,1085,,,,350,,,,,,,,,,,,,55,110,22,29,,,,,,,,,,,,329,,,,,,,,,,,,16,,,,,,,,,,,,,124,26,,98,126,,133,475,,32,,252,125,33,183,11,,6,,159,266,184,16,125,150,255,64,96,146,446,,,42,,,,,,,,,,,,,,,,,,,,,,,,,,,,,,,,657,,187,,696,,241,257,,316,333,,,,,,,,,,74,,,274,104,240,,142,228,183,262,,704,244,173,621,,199,,,,,,,,,,,,,,,,,,,,,,,,,,,,,,,,,,,,,,,,,,,,,,,,,,,,400,139,129,460,,336,302,,561,,,335,,,,130,228,76,,189,452,312,,,,,,,,,,533,,195,42,,,,
2026-08-26T05:55:01+00:00,,238,,,524,52,,,,353,,250,289,,,94,,,,,159,417,280,384,,,99,,,51,915,17,10,66,234,,,,,158,,,48,,,,,,,,,350,,115,,19,37,,77,,111,,,106,,,76,33,,,,,312,,,144,217,347,204,357,193,107,,,,,,,,,,,,,,,,,,,,,,,,,,,,,,,,,,,,,,,,,112,,850,191,274,521,,,,,,,,,287,,,,,455,,,,,,206,,,,,,,287,,,292,,543,,458,,,,473,272,393,,384,64,,,920,346,615,347,388,279,399,1125,412,122,233,135,76,175,249,336,159,138,,300,16,144,,,,,,,,,,,245,,,,,,392,,,100,,,,,,,,,,102,,,,,53,,,,,,,,,,,,452,194,146,247,230,406,,374,66,7,416,308,317,554,239,302,449,95,,,378,76,,1072,,,,351,,110,,,,,,,,,,,,111,24,28,,,,449,,,,,344,,,326,,,,,,,,,,,,17,,,,,,,,,,,,260,,,122,99,125,51,130,474,406,31,,249,127,,181,,,,,155,264,183,13,115,147,253,60,,147,433,,,,,,,,,,,,,,,,,,,,,,,,,,,,,,,,,,,644,,184,,692,,238,255,,314,330,,,,,,,,,,72,,,272,101,234,,138,,176,261,,698,239,167,613,102,197,,,,,,,,,,,,,,,,,,,,,,,,,,,,,,,,,,,,,,,,,,,,,,,,,,,,391,,130,457,64,337,,80,,195,351,333,94,,,129,,,,,453,,,,,,,,583,,,,,194,40,,,,
2026-08-26T06:00:01+00:00,137,237,,,523,53,,237,296,,,247,,,,95,,,,,158,415,270,383,,,100,,,50,908,,9,67,235,,,,,154,141,,46,,13,,,,,,,345,32,,,,34,1,70,,112,,75,104,,,,,16,114,,,306,,,,214,341,198,352,186,102,,,,,292,,290,292,246,193,540,71,192,216,266,433,,352,200,103,,212,282,452,155,160,649,,759,229,70,73,243,253,282,769,,,432,57,,,,,,,,,,,,,,,,,,,,,,,,,,,,,,,,,,,,,,,,,,,,,270,391,556,380,63,,,915,344,609,344,383,,,,,,,,,,,,,135,,301,16,142,,,,,,,,,,38,237,,,,,,380,,,98,135,,,,,,,,,99,,,,,,,,,,,,,,,,205,447,188,143,245,227,404,,369,67,,412,300,313,541,237,286,437,91,,203,375,72,,1061,,,,,,111,,,,,,,,,,,50,109,,27,,,,,,,,,345,,,324,,,,,,,,,,,,13,,,,,,,,,,,,253,,24,120,96,117,50,120,467,405,29,,243,124,31,172,,,,89,154,261,182,,101,143,250,47,89,145,404,,,39,65,276,416,67,1163,297,,100,188,186,,,,,,,,,,,,,,,,,,,,,,,,,,,,,,,,,,,,,,,,,,,,,,,,,,,,,149,690,232,162,600,103,,50,148,387,68,130,,49,163,342,,302,237,,321,,343,,,293,,,,,,,,,,,,,,,,,,,,,,,,,,,,,,,,,376,,,,63,335,,78,560,193,350,,96,,,128,229,74,,,451,311,,,,,,,580,,,,,,,,,338,
2026-08-26T06:05:01+00:00,,238,,,524,55,,234,,350,,246,286,,,92,,,,,157,412,251,380,419,,,,,54,900,18,4,,234,,,,,,139,,41,,12,,,,,,,341,,116,,21,,,69,,113,,,103,,,77,,,,,,,,,145,216,,,,,,,,,,289,133,284,279,235,189,528,61,190,210,250,423,194,344,196,101,,192,279,447,152,155,645,,752,218,,55,235,248,277,727,,,427,51,,209,833,190,272,524,,,387,,,,,,288,,,,,449,,,,,175,202,,,,,,,285,,,293,,540,,443,,153,,444,,386,555,383,62,,,907,,608,343,379,276,404,1117,403,114,216,136,72,173,246,331,150,132,,,16,140,,,,,,,,,,,231,,,,,,374,,,,,,,,,,,,,98,,,,,,,,,,67,,,,,,204,433,176,140,,,402,,,66,,411,292,312,538,234,276,431,90,,197,368,73,,1056,,,,349,,,,,,,,,,,,,48,,19,26,,,,450,,,,,344,,,,,,,,,,,,,,,11,,,,,,,,,,,,251,123,21,115,93,113,,106,462,404,22,,241,116,29,170,,,5,87,145,258,181,9,88,135,247,44,87,,392,,,37,62,273,,,1160,293,,101,189,,,,,,,,,,,,,,,,,,,,,,,638,,,,691,,232,252,488,,329,,,,,,,,,,,,,266,105,229,,134,222,171,260,148,684,226,158,581,102,192,,,,,,,,,,,,,,,,,,,,,,,,,,,,,,,,,,,,,,,,,,,,,,,,,,,,371,138,,453,61,334,301,77,,192,349,,94,161,,126,,,,,450,312,,,,,,,576,,,531,,,,,,,
2026-08-26T06:10:02+00:00,,239,,147,,54,,,293,349,,245,283,,,89,,,,,155,409,241,381,,,101,,,52,896,,1,63,235,,,,,150,140,,40,,14,,,,,,,340,31,115,,20,33,,,,,,68,98,,230,75,31,,113,,,300,,,,215,,194,344,178,,,,198,,,,,,,,,,,,,,,,,,,,,,,,,,,,,,,,,,,,,,,,,,,,,,,,,,,,,,,,,,,,,,,,,,,,,,281,,,290,,533,,425,,150,,420,268,376,,377,59,,,906,,606,340,376,,,,,,,,,,,,,130,,303,16,138,899,,,,,,,,,,228,,,,,,364,,,,,,,,,,,,,97,,,,,52,,,,,,,,,,,,430,167,137,243,223,400,,365,65,,407,281,309,530,229,272,424,87,,195,363,71,,1051,,,,347,,,,,,,,,,,,,,102,,23,,,,,,,,,345,,,319,,,,,,,,,,,,10,,,,,,,,,,,,240,122,19,,92,,49,104,459,403,21,,230,115,27,167,10,,,,142,254,180,8,84,130,243,36,81,143,368,,,35,61,,413,66,1158,,,100,188,184,,,,,,,,,,,,,,,,,,,,,,629,,179,,692,,228,249,483,313,330,,,,112,,,,,,70,,,259,110,218,,127,211,159,256,147,682,221,155,567,101,190,,,,,,,,,,,,,,,,,,,,,,,,,,,,,,,,,,,,,,,,,,,,,,,,,,,,354,137,,452,60,327,,76,559,189,343,332,93,162,,122,,,,186,448,311,,,,,,,,,,527,,,,,,337,
2026-08-26T06:15:02+00:00,136,238,,,522,55,,232,295,348,,243,280,,,85,,,,,154,408,226,382,372,,,,,51,890,19,0,62,,,,,,149,141,,36,,,,,,,138,,341,,,,21,34,,68,,112,,66,91,,229,74,,17,,,,296,,,144,213,,,,,,,,,,288,131,280,272,230,180,522,52,,209,244,412,193,342,192,100,,180,275,443,,154,641,,750,215,72,48,231,247,274,721,,,423,48,108,,812,187,,522,,,385,,,,,,287,,,,,442,,,,,,194,,,,,,,,,,,,,,,,,,,279,370,,376,,,,899,,605,339,,,412,1109,409,,211,,71,,,330,145,126,,301,16,136,897,,,,,,,,,,222,,,,,,355,,,95,,,,,,,,,,93,,,,,,,,,,,,,,,,200,421,144,131,238,219,398,,364,64,,,276,305,520,223,267,415,86,,193,357,66,,1047,,,,348,,110,,,,,,,,,,,47,101,18,22,,,,448,,,,,344,,,316,,,,,,,,,,,,7,,,,,,,,,,,,235,,18,116,88,,47,100,456,400,20,,225,,23,163,,,,86,139,251,,6,75,129,,,80,142,355,,,34,60,272,409,,1155,290,,,187,183,,,,,,,,,,,,,,,,,,,,,,,,,,,,,,,,,,,,,,,,,,,,,,,,,,,,,143,673,217,153,553,102,189,52,144,,57,128,,47,162,338,287,301,236,,319,54,339,,,289,,,,,,,,,,,,,,,,,,,,,,,,,,,,,,,,,347,,,,59,324,,75,557,188,338,333,,166,,119,228,,,,447,312,,,,,,,572,,,523,,,,,,,
2026-08-26T06:20:01+00:00,134,239,,,516,,,233,294,,,244,278,,,84,,,,,,404,221,381,369,,102,,,53,885,,,61,,,,,,,139,,32,,,,,,,137,,,,117,,18,35,,73,,,23,63,90,,228,,,,,,,293,16,,146,211,338,192,339,173,100,,,197,,,,,,,,,,,,,,,,,,,,,,,,,,,,,,,,,,,,,,,,,,,,,,,,,,,,,,,,,,,,,,,,,,,,,,279,,,292,,524,,407,,147,,405,,366,556,368,58,,,896,,604,,373,,,,,,,,,,,,,124,,,16,,896,,,,,,,,,,219,,,,,,340,,,92,,,,,,,,,,89,,,,,,,,,,,,,,,,196,416,142,127,236,217,394,,362,66,,408,274,302,514,220,260,408,85,,,359,68,,1045,,,,347,,,,,,,,,,,,,,98,19,23,,,,449,,,,,,,,314,,,,,,,,,,,,,,,,,,,,,,,,234,119,,115,85,110,45,94,450,395,19,34,214,114,24,161,9,,,84,138,247,179,1,69,128,241,32,,,336,,,,59,273,406,,1148,287,,,,,,,,,,,,,,,,,,,,,,,,,,621,,177,,693,,226,247,480,312,329,,,,111,,,,,,,,,,112,214,,120,207,155,,140,667,213,,547,103,185,,,,,,,,,,,,,,,,,,,,,,,,,,,,,,,,,,,,,,,,,,,,,,,,,,,,338,,,450,57,319,,73,555,187,336,331,94,,,,227,73,,,444,314,,,,,,,,,,519,,,39,,,338,
2026-08-26T06:25:02+00:00,131,234,,,515,53,,232,293,,,241,277,,,,,,,,155,399,208,383,365,,101,,,51,876,,,,237,,,,,143,137,,27,,13,,,,,135,,335,28,113,,19,33,,70,,111,21,64,83,,227,73,30,,114,,,291,,,,212,,,,,,,,,,285,126,271,268,221,170,511,33,316,207,233,401,189,338,189,96,119,155,270,437,150,156,632,76,746,203,,32,218,,261,688,,,416,44,106,207,785,184,,520,,,384,,,,,,285,,,,,438,,,,,174,,,,,,,,,,,,,,,,,,,,283,363,,365,59,,,894,341,602,340,369,278,426,1101,397,113,,,,171,244,328,142,,,,16,,892,,,,,,,,,37,206,,,,,,338,,,,,,,,,,,,,88,,,,,53,,,,,,,,,,,192,410,138,123,232,211,387,,366,64,,402,269,293,501,217,250,403,,,189,351,64,,1043,,,,346,,,,,,,,,,,,,46,95,17,21,,,,450,,,,,343,,,307,,,,,,,,,,,,8,,,,,,,,,,,,231,118,,,,109,43,89,445,,,,204,112,21,156,,,,82,135,243,,0,68,,238,30,71,140,311,,,,52,271,402,63,1143,288,,99,186,181,,,,,,,,,,,,,,,,,,,,,,,77,175,,696,,221,242,478,308,326,,,,,,,,,,69,,,250,109,207,,113,195,148,257,136,660,208,149,546,,182,,,,,,,,,,,,,,,,,,,,,,,,,,,,,,,,,,,,,,,,,,,,,,,,,,,,321,,,448,56,315,,74,554,186,330,328,,,,117,,71,,185,445,,,,,,,,569,126,,517,,,38,,,337,
2026-08-26T06:30:01+00:00,130,,,146,510,,,231,294,347,,239,276,,,83,,,,,152,397,203,380,,,99,,,52,874,,,62,,,,,,140,,,,,12,,,,,118,,333,30,111,,16,28,0,69,,,20,65,77,,,,,16,,,,,,,,211,336,188,333,172,103,,,198,,282,124,269,,216,166,509,28,315,206,228,391,187,336,182,95,,151,266,433,149,153,626,74,735,195,,19,208,248,258,674,,,412,41,,,,,,,,,,,,,,,283,,,,,434,,,,,173,191,,,,,,,274,,,290,,513,,390,,144,,375,,361,555,357,,,,890,,600,,367,,,,,,,,,,,,,,,,,,,,,,,,,,,,,,,,,,,,,,,,,,,,,,,,,,,,,,,,,,,,,,,,,,,,,,,,,,404,266,292,493,215,247,397,84,,,353,61,,1038,,,,,,,,,,,,,,,,,,,,,,,,,,,,,,,,,,,,,,,,,,,,,,,,,,,,,,,,,,,,,,,,,,,,,,,,,,,,,,,,,,,,,,,,,,,,,,,,,,,,,,,,,,,,,,,,,,,,,,,,,,,,,,,,,,,,,,,,,,,,,,,,,,,,,,,,,,,,,,,,,,,,,,,,,,,,,,,,,,,,,,,,,,,,,,,,,,,,,,,,,,,,,,,,,,309,136,131,447,,,300,75,553,182,328,326,,165,,114,226,70,,186,,312,,,,,,,565,,,513,,193,40,,,,
2026-08-26T06:30:02+00:00,,,,,,,,,,,,,,,,,,,,,,,,,,,,,,,,,,,,,,,,,,,,,,,,,,,,,,,,,,,,,,,,,,,,,,,,,,,,,,,,,,,,,,,,,,,,,,,,,,,,,,,,,,,,,,,,,,,,,,,,,,,,,,,,,,,,,,,,,,,,,,,,,,,,,,,,,,,,,,,,,,,,,,,,,,,,,,,,,,,,,,,,,,,,,,,123,,305,16,,891,,,,,,,,,,,,,,,,329,,,93,,,,,,,,,,86,,,,,,,,,,,,,,,,191,407,137,117,,208,383,,364,,,,,,,,,,,,,,,,,,,,344,,111,,,,,,,,,,,43,,18,,,,,,,,,,,,,303,,,,,,,,,,,,7,,,,,,,,,,,,,111,16,111,83,106,42,77,439,392,,,196,110,,150,,,,79,133,239,178,,62,119,233,27,63,141,297,,142,32,51,274,398,,1139,283,,100,,177,,,,,,,,,,,,,,,,,,,,,,,,,,,,,,,,,,,,,,,,,,,,,,,,,,,,,182,652,202,141,537,113,187,50,137,384,45,122,,45,172,330,289,294,,,314,51,334,,,284,,,,,,,,,,,,,,,,,,,,,,,,,,,,,,,,,,,,,,,,,,,,,,,,,,,,,,,,,,,,,,,,,,,,,,,
2026-08-26T06:35:01+00:00,,233,,,506,54,,,292,,,241,270,,,79,,,,,,395,200,379,367,,100,,,54,870,,,59,241,,,,,138,136,,23,,11,,,,,123,,335,,110,,,30,,71,,109,19,63,72,84,228,,26,,,,,281,,,143,212,,,,,,,,,,274,118,261,257,203,158,494,22,316,205,210,368,183,332,177,94,,130,261,422,147,151,615,,721,180,68,,195,244,249,636,,,410,35,101,203,757,179,268,,,,382,,,,,,,,,,,,,,,,,,,,,,,,,,,,,,,,,,,,,,554,355,,,,879,340,599,339,363,,422,1089,383,115,209,132,70,170,246,380,165,120,,,17,134,890,,,,,,,,,36,0,,,,,,324,,,0,,,,,,,,,,,,,,,0,,,,,,,,,,,190,402,132,108,230,203,380,,366,65,,405,264,290,491,214,240,385,,,185,352,62,,1033,,,,346,,,,,,,,,,,,,42,91,,18,,,,,,,,,339,,,298,,,,,,,,,,,,,,,,,,,,,,,,228,,,110,81,105,,71,430,383,,,191,106,22,146,,,,,,234,,,,115,232,,62,139,291,,,,52,272,397,62,1138,282,,,185,175,,,,,,,,,,,,,,,,,,,,,,612,,172,,698,,213,244,475,302,327,,,,109,,,,,,67,,,241,108,205,138,110,189,151,,177,647,195,139,,,182,,,,,,,,,,,,,,,,,,,,,,,,,,,,,,,,,,,,,,,,,,,,,,,,,,,,300,,,446,,307,299,74,551,177,326,324,,164,,111,,71,,185,441,310,,,,,,,563,,,512,,191,39,,,336,
2026-08-26T06:40:01+00:00,131,231,,,503,,,229,,348,,238,266,,,76,,,,,,396,192,378,368,,101,,,55,863,17,,58,,,,,,,135,,20,,,,,,,127,,331,,106,,15,29,,69,,108,18,62,,,227,74,25,,,,,282,,,,209,335,182,326,165,,237,,197,,,,,,,,,,,,,,,,,,,,,,,,,,,,,,,,,,,,,,,,,,,,,,,,,,,,280,,,,,423,,,,,171,,,,,,,,266,,,289,,503,,380,,141,,352,280,358,,348,,,,872,,598,340,357,,,,,,,,,,,,,115,,,17,131,885,,,,,,,,,,189,,,,,,318,,,92,133,,,,,,,,,84,,,,,53,,,,,64,,,,,,,395,131,103,227,199,373,,363,62,6,404,261,286,480,208,237,380,83,,179,351,60,,1030,,,,345,,,,,,,,,,,,,41,90,20,16,,,,,,,,,342,,,296,,,,,,,,,,,,,,,,,,,,,,,,224,110,,,82,,41,67,420,384,,,187,105,,144,,,,77,131,229,180,,61,116,229,24,58,140,284,,,30,,270,395,,1136,281,,,,173,,,,,,,,,,,,,,,,,,,,,,609,,169,,699,,210,243,473,299,,,,,108,,,,,,66,,,238,106,200,136,,176,145,,174,646,191,140,521,,179,,,,,,,,,,,,,,,,,,,,,,,,,,,,,,,,,,,,,,,,,,,,,,,,,,,,278,,130,445,55,309,298,,549,175,322,,92,,,109,,70,,,440,,,,,,,,560,125,,508,,190,38,,,337,
2026-08-26T06:45:02+00:00,130,228,,,497,53,,,290,345,,,264,,,71,,,,,,391,179,,367,,,,,54,860,,,57,243,,,,,136,137,,15,,10,,,,,128,,,28,104,,17,27,,67,,105,,60,66,83,,71,,,,,,278,,,,205,,,,,,,,,,264,108,252,240,187,152,478,20,310,200,203,342,178,327,173,,,115,255,415,,144,599,70,705,163,67,,183,243,237,610,,,406,32,,200,738,173,267,,,,380,,,,,,,,,,,,,,,,,,,,,,,,,,,,,,,,,,,,,351,553,340,55,,,866,338,594,,354,,424,1069,374,,206,131,,168,243,375,155,112,,304,17,128,,,,,,,,,,35,,,,,,,311,,,90,,,,,,,,,,83,,,,,,,,,,,,,,,,,382,123,95,225,195,366,,360,58,,403,254,280,474,205,235,372,,,166,352,53,,1028,,,,346,,,,,,,,,,,,,40,89,18,15,,,,449,,,,,,,,285,,,,,,,,,,,,,,,,,,,,,,,,221,106,15,109,78,104,40,59,406,379,,,175,99,23,142,,,,,126,224,179,,58,111,226,23,53,134,279,44,,28,50,,388,,1135,284,,99,,172,,,,,,,,,,,,,,,,,,,,,,607,,167,,,,209,242,471,295,,,,,110,,,,,,65,,,233,107,193,137,102,167,143,255,173,633,190,138,513,114,171,,,,,,,,,,,,,,,,,,,,,,,,,,,,,,,,,,,,,,,,,,,,,,,,,,,,268,,,446,57,302,296,73,548,173,321,322,93,165,,108,,68,,182,,307,,,,,,,555,,,501,,189,36,,,,
2026-08-26T06:50:01+00:00,127,,,,492,52,,228,289,343,,,263,,,70,,,,,150,392,173,379,364,,,,,51,,,,,242,,,,,131,,,10,,12,,,,,125,,327,,105,,20,26,,64,,104,17,59,62,,226,75,24,17,115,,,275,,,,203,339,178,311,157,100,,,198,,,,,,,,,,,,,,,,,,,,,,,,,,,,,,,,,,,,,,97,197,711,170,,516,,,379,,,,,,276,,,,,413,,,,,170,,,,,,,,259,,,280,,485,,361,,138,,316,281,348,554,330,56,,,860,339,589,,351,,,,,,,,,,,,,104,,302,17,129,883,,,,,,,,,,186,,,,,,303,,,89,,,,,,,,,,82,,,,,,,,,,,,,,,,,375,120,91,223,192,362,,357,57,,395,252,277,473,204,,371,,,164,350,48,,,,,,344,,,,,,,,,,,,,41,91,17,16,,,,,,,,,343,,,,,,,,,,,,,,,,,,,,,,,,,,,218,104,14,,,,38,48,397,373,,,174,97,22,140,,,,75,124,223,178,,51,108,225,21,51,136,,,,24,47,269,381,,1131,278,,,184,170,,,,,,,,,,,,,,,,,,,,,,601,,160,,700,,206,237,457,296,,,,,109,,,,,,64,,,229,109,181,136,96,159,,253,,625,186,133,496,,166,,134,377,37,120,161,,177,328,290,287,235,,,47,330,,,280,,,,,,,,,,,,,,,,,,,,,,,,,,,,,,,,,261,,,444,55,300,294,74,545,168,318,317,,166,,102,222,65,,180,438,303,,,,,,,,,,498,,185,37,,,335,
2026-08-26T06:55:01+00:00,125,223,,,490,,,224,285,339,,236,260,,,63,,,,,146,391,162,378,363,,,,,52,858,16,,56,,,,,,127,,,8,,11,,,,,126,,326,,106,,19,23,,56,,,18,58,53,,,74,23,,114,,,268,,,140,205,,,,,,,,,,260,104,248,233,180,150,474,18,308,197,199,335,175,325,168,93,118,110,251,410,,143,595,,691,156,69,,,239,232,594,,,403,30,,,,,,,,,,,,,,,,,,,,,,,,,,,,,,,,,,,,,,,,,,,,,282,346,555,,53,,,848,,584,336,348,,420,1060,373,,203,130,69,167,242,369,151,97,,301,17,125,876,,,,,,,,,,181,,,,,,290,,,87,,,,,,,,,,,,,,,,,,,,,,,,,,,374,,85,214,185,355,,354,54,,388,241,267,454,203,,367,82,,159,346,,,1024,,,,345,,,,,,,,,,,,,39,89,,15,,,,,,,,,,,,280,,,,,,,,,,,,,,,,,,,,,,,,219,103,,106,75,102,37,44,387,371,,35,173,93,23,138,,,,73,122,218,177,,49,106,219,15,48,135,276,45,,20,,,,,,,,,,,,,,,,,,,,,,,,,,,,,,,,,,,,699,,205,,454,292,,,,,,,,,,,,,,,,179,,,,,,170,616,187,123,488,113,165,,,,,,,,,,,,,,,,,,,,,,,,,,,,,,,,,,,,,,,,,,,,,,,,,,,,249,,,443,54,295,290,73,541,167,316,,91,163,,100,,64,,176,434,299,,,,,,,554,,,496,,179,38,,,334,
2026-08-26T07:00:01+00:00,,220,,,489,55,,220,,335,,237,,,,,,,,,145,392,153,380,360,,,,,55,855,,,55,,,,,,128,136,,1,,12,,,,,122,,325,,,,18,22,,55,,102,19,55,51,,,,19,,,,,263,17,,138,202,334,162,304,150,92,,,197,,256,94,238,224,169,140,453,17,297,193,193,308,173,317,160,92,117,99,257,392,144,142,582,69,673,144,70,,171,,224,567,,,402,21,94,196,698,168,268,514,58,,382,,,,,,277,,,,,405,,,,,168,190,,,,,,,255,,,277,,472,,339,,132,,300,,343,554,320,,,,840,337,579,333,344,,,,,,,,,,,,,89,,303,17,120,870,,,,,,,,,34,164,,,,,,280,,,88,,,,,,,,,,78,,,,,51,,,,,61,,,,,,,371,118,81,,184,352,,353,53,,389,230,269,451,201,233,365,,,158,340,49,,1022,,,,346,,112,,,,,,,,,,,35,85,16,14,,,,,,,,,340,,,273,,,,,,,,,,,,6,,,,,,,,,,,,215,102,13,104,73,101,36,45,381,364,,,169,94,24,134,,,,72,,,,,44,100,207,13,42,136,,,,18,48,266,355,63,1122,269,,,178,160,,,,,,,,,,,,,,,,,,,,,,594,,155,,,,,236,,,325,,,,106,,,,,,59,,,224,107,,,91,153,149,,167,609,,120,482,114,134,,,,,,,,,,,,,,,,,,,,,,,,,,,,,,,,,,,,,,,,,,,,,,,,,,,,239,,,436,53,289,,74,540,165,313,,,161,,99,,62,,174,428,297,,,,,,,549,,,492,,177,,,,,
2026-08-26T07:05:01+00:00,124,218,,,483,54,,,281,334,,232,258,,,62,,,,,,390,149,378,356,,,,,,854,,,54,244,,143,,,113,137,,0,,,,,,,120,,326,,105,,14,24,,58,,100,16,,46,,224,73,18,16,,,,258,16,,,208,,,,,,,,,,,,,,,,,,,,,,,,,,,,,,,,,,,,,,,,,,,,,,,,,,,,,,,,,,,,272,,,,,403,,,,,,186,,,,,,,,,,,,,,,,,,,280,337,553,311,54,,,838,,574,332,339,,421,1049,,114,194,129,67,,241,362,150,88,,,17,115,865,,,,,,,,,33,156,,,,,,276,,,85,,,,,,,,,,77,,,,,53,,,,,62,,,,,,,362,,80,213,174,349,,,,,379,223,264,437,200,234,358,,,156,335,48,,1020,,,,,,110,,,,,,,,,,,36,,13,13,,,,,,,,,342,,,270,,,,,,,,,,,,,,,,,,,,,,,,213,99,12,103,74,,,42,376,357,,,,96,21,131,,,,71,118,214,175,,41,99,205,11,39,,,,141,17,46,263,351,62,1115,261,,,177,,,,,,,,,,,,,,,,,,,,,,,586,75,151,,698,,197,231,450,,322,,,,104,,,,,,,,,222,,170,134,89,147,146,252,,604,185,111,477,115,126,,130,,33,116,157,,179,323,302,281,233,,311,44,319,,,278,,,,,,,,,,,,,,,,,,,,,,,,,,,,,,,,,229,135,128,431,52,291,,,,162,306,,,,,97,223,60,,173,424,292,,,,,,,546,,,487,,,35,,,,
2026-08-26T07:10:02+00:00,,217,,,477,52,,219,280,331,,228,,,,59,,,,,,389,147,376,357,,,,,54,848,,,,245,,,,,111,136,,,,,,,,,118,,329,29,,,12,,,57,,99,,54,42,,,74,19,,,,,255,,,,210,331,153,296,129,84,,,196,,254,90,233,218,164,136,446,,296,191,190,295,,314,153,,116,90,256,381,,136,579,68,666,136,72,,172,236,219,554,,,399,19,90,191,685,,266,513,57,,,,,,,,,,,,,,,,,,,,,,,,,,245,,,274,,457,,315,,127,,269,281,332,,310,53,,,832,334,568,333,336,,,,,,,,,,,,,86,,306,17,113,858,,,,,,,,,,151,,,,,,272,,,83,,,,,,,,,,76,,,,,,,,,,,,,,,,189,363,117,79,212,,348,,350,50,,376,215,262,433,199,232,356,,,153,331,50,,,,,,343,,,,,,,,,,,,,33,79,16,12,,,,,,,,,340,,,262,,,,,,,,,,,,,,,,,,,,,,,,208,97,,,,,,41,370,353,,,167,93,,130,,,,69,117,207,,,38,100,194,10,37,134,275,,,16,43,,,,,,,,176,,,,,,,,,,,,,,,,,,,,,,,582,74,150,,696,,,228,444,290,323,,,,105,,,,,,60,,,214,,163,,82,140,137,251,166,595,,106,476,114,121,,,,,,,,,,,,,,,,,,,,,,,,,,,,,,,,,,,,,,,,,,,,,,,,,,,,214,134,,,,288,288,72,,161,299,315,90,,,99,,57,,172,428,,,,,,,,543,,,480,,176,,,,331,
2026-08-26T07:15:02+00:00,,,,,470,51,,217,279,327,,225,255,,,,,,,,143,387,142,372,356,,100,,,53,,,,,244,,,,,110,,,,,,,,,,117,,328,,,,13,,,56,,98,14,53,35,,225,73,,,,,,254,,,139,207,327,148,283,122,81,,,,,250,87,229,212,150,134,432,18,294,190,186,283,175,309,147,,,85,255,376,,,572,67,663,129,73,,171,235,217,537,,,398,18,,,,,,,,,,,,,,,266,,,,,392,,,,,166,182,,,,,,,,,,,,,,,,,,,,333,,306,,,,820,333,561,332,331,277,426,1047,376,113,186,127,,164,245,357,144,85,,304,17,108,852,,,,,,,,,,145,,,,,,274,,,,,,,,,,,,,75,,,,,,,,,,,,,,,,,352,114,75,,168,340,,345,52,,374,216,257,423,,228,354,81,,151,,49,,1018,,,,,,,,,,,,,,,,,34,77,15,,,,,447,,,,,338,,,,,,,,,,,,,,,,,,,,,,,,,,,,94,11,102,72,100,,34,369,347,,,,91,22,128,8,,3,67,113,208,173,,37,101,184,,36,,271,,,13,41,253,347,61,1104,253,,98,178,150,,,,,,,,,,,,,,,,,,,,,,576,73,146,,697,,191,227,440,289,322,,,,104,,,,,,59,,,,106,164,133,75,142,134,248,164,590,,,464,102,116,,,,,,,,,,,,,,,,,,,,,,,,,,,,,,,,,,,,,,,,,,,,,,,,,,,,201,133,,428,53,283,,71,536,157,,,,,,,221,56,,174,424,291,,,,,,,541,,,477,,173,37,,,330,
2026-08-26T07:20:01+00:00,123,216,,,462,50,,215,274,,,226,250,,,,,,,,142,386,136,,354,,101,,,48,843,,,52,,,,,,107,,,,,,,,,,106,,,,104,,,25,,53,,100,,52,36,,224,72,16,,,,,252,17,,,204,,,,,,,,,,,,,,,,,,,,,,,,,,,,,,,,,,,,,,,,,,,,,,89,185,666,160,264,507,,,,,,,,,,,,,,,,,,,,,,,,,,,240,,,,,447,,283,,124,,261,280,,,,51,,,817,332,556,329,329,,,,,,,,,,,,,80,,,17,110,851,,,,,,,,,,131,,,,,,,,,79,,,,,,,,,,,,,,,,,,,,61,,,,,,,346,120,72,209,164,,,347,53,,366,213,258,416,200,226,351,80,,152,324,46,,1017,,,,345,,,,,,,,,,,,,35,75,16,14,,,,,,,,,337,,,260,,,,,,,,,,,,7,,,,,,,,,,,,207,,10,101,71,,,29,367,343,,34,165,90,25,127,,,,66,,204,,,36,100,,9,31,133,270,,,15,43,,343,62,1099,250,,,,147,,,,,,,,,,,,,,,,,,,,,,565,74,,,698,,188,223,430,286,320,,,,103,,,,,,57,,,203,,152,,66,134,133,247,159,579,159,,450,104,115,,123,370,30,107,156,44,175,317,,270,231,,310,,312,,,275,,,,,,,,,,,,,,,,,,,,,,,,,,,,,,,,,185,,127,425,52,277,,,535,153,292,314,89,,,,222,55,,171,425,290,,,,,,,539,123,,468,,170,58,,,,
2026-08-26T07:25:01+00:00,121,214,,,456,45,,214,273,326,,224,,,,,,,,,143,,134,373,353,,,,,,841,,,,248,,,,,103,,,,,,,,,,107,,327,30,,,12,23,,51,,99,13,50,29,84,,71,15,15,115,,,250,16,,136,200,324,145,279,114,78,,,,,244,81,212,189,132,125,423,15,290,188,177,254,173,303,139,90,,68,253,370,142,134,562,66,649,112,74,,161,230,214,522,,,395,11,,,,,,,,,,,,,,,262,,,,,388,,,,,165,179,,,,,,,,,,,,,,,,,,,276,328,552,303,50,,,812,,549,,327,,424,1035,,112,183,125,66,162,244,353,143,,,301,16,99,845,,,,,,,,,32,127,,,,,,265,,,78,,,,,,,,,,76,,,,,,,,,,,,,,,,,339,119,69,,,335,,346,47,,358,214,253,408,,227,346,79,,150,,44,,1016,,,,343,,,,,,,,,,,,,,70,15,12,,,,,,,,,338,,,254,,,,,,,,,,,,,,,,,,,,,,,,205,,,96,,99,,25,362,338,,33,166,85,23,128,,,,,110,207,169,1,35,103,181,8,,132,269,,,13,,,,,,,,,,,,,,,,,,,,,,,,,,,,,,,,,,,,,,,,,,,,,,,,,,,,,,,,,,,,,,,156,568,153,97,440,,108,,,,,,,,,,,,,,,,,,,,,,,,,,,,,,,,,,,,,,,,,,,,,,,,,,,,167,,,422,49,270,,69,533,151,282,315,90,,,96,,,,169,426,,,,,,,,537,122,,467,,166,59,,,327,
2026-08-26T07:30:02+00:00,116,213,,,443,44,,209,270,323,,223,247,,,58,,,,,140,384,131,370,345,,,,,45,833,15,,,,,141,,,100,131,,,,,,,,,102,,,,,,13,25,,49,,97,11,47,26,,,69,14,,114,,,243,15,,,,321,134,269,117,74,,,,,,,,,,,,,,,,,,,,,,,,,,,,,,,,,,,,,,,,,84,182,657,155,262,511,,,378,,,,,,,,,,,,,,,,,,,,,,,,237,,,272,,438,,242,,123,,239,275,329,551,298,48,,,804,,537,326,324,,,,,,,,,,,,,76,,,16,95,834,,,,,,,,,,117,,,,,,258,,,,,,,,,,,,,74,,,,,,,,,,,,,,,,,331,116,68,207,162,333,,347,49,5,357,204,251,407,,225,347,,,148,321,43,,,,,,344,,109,,,,,,,,,,,,71,16,,,,,,,,,,,,,251,,,,,,,,,,,,,,,,,,,,,,,,202,95,11,94,64,100,35,22,355,335,18,34,167,86,19,125,,,,64,,203,167,0,34,,178,,,131,268,,,,39,254,324,63,1084,239,,96,175,137,,,,,,,,,,,,,,,,,,,,,,562,,141,,696,,187,222,424,283,319,,,,100,,,,,,56,,,198,108,145,,53,121,128,246,154,555,154,86,434,,103,,,,,,,,,,,,,,,,,,,,,,,,,,,,,,,,,,,,,,,,,,,,,,,,,,,,161,,,416,45,263,284,68,531,145,280,313,87,160,,95,,54,,,425,291,,,,,,,534,,,463,,162,,,,321,
2026-08-26T07:35:01+00:00,,214,,145,439,43,,204,264,322,,220,243,,,,,,,,138,386,126,368,344,,100,,,48,829,,,53,253,,140,,,101,132,,,,11,,,,,101,,325,,,,15,26,,46,,98,10,45,20,,,70,11,,,,,242,,,137,199,316,123,262,113,,,,,,237,73,202,174,119,122,414,16,288,186,173,236,169,299,130,,115,44,244,368,140,129,554,64,636,95,,,156,226,197,489,,,394,9,88,180,642,,261,510,,,375,,,,,,260,,,,,386,,,,,162,177,,,,,,,222,,,271,,435,,233,,119,,227,,327,550,294,46,,,795,333,532,,321,275,426,1030,378,111,178,121,64,,239,350,130,75,,297,16,94,829,,,,,,,,,31,109,,,,,,253,,,,132,,,,,,,,,73,,,,,52,,,,,,,,,,,,323,115,64,205,155,328,,348,50,,356,200,,399,201,222,342,78,,146,318,,,1014,,,,346,,106,,,,,,,,,,,32,68,17,11,,,,448,,,,,336,,,248,,,,,,,,,,,,8,,,,,,,,,,,,200,93,,,63,,,23,354,331,,,,87,18,123,,,,,109,201,,,,104,176,,30,130,,,,12,,,,,,,,,,,,,,,,,,,,,,,,,,,,,,,,559,,,,695,,186,221,417,,320,,,,,,,,,,,,,193,106,138,,47,109,122,245,149,545,148,75,422,102,102,,118,365,33,103,155,42,174,309,306,257,228,,304,40,307,,,269,,,,,,,,,,,,,,,,,,,,,,,,,,,,,,,,,150,,126,412,43,258,283,,528,,275,312,88,,,88,221,52,,166,427,,,,,,,,531,,,460,,160,60,,,318,
2026-08-26T07:40:01+00:00,111,,,,435,,,,259,319,,216,242,,,57,,,,,136,385,124,365,338,,,,,,825,,,51,,,139,,,100,130,,,,10,,,,,102,,326,,,,18,25,,42,,96,,47,19,,225,71,8,14,115,,,239,,,132,194,,,,,,,,,,,,,,,,,,,,,,,,,,,,,,,,,,,,,,,,,,,,,,,,,,,,,,,,,,,,,,,,,,,,,,,,,,,,,,,,,,,,,,,,,,276,323,,295,45,,,785,332,524,324,315,,,,,,,,,,,,,70,,294,16,97,811,,,,,,,,,,101,,,,,,254,,,79,133,,,,,,,,,72,,,,,53,,,,,,,,,,,188,316,116,60,201,153,325,,349,51,,350,194,,392,199,,,,,148,313,35,,1013,,,,,,103,,,,,,,,,,,,67,20,,,,,447,,,,,332,,,245,,,,,,,,,,,,7,,,,,,,,,,,,197,90,,,61,,,20,348,325,,,164,,17,121,,,,63,,191,166,,,101,172,5,24,,266,,140,9,40,,326,62,1078,,,98,,138,,,,,,,,,,,,,,,,,,,,,,553,,142,,694,,185,215,406,280,,,,,101,,,,,,55,,,191,,128,,25,106,120,248,128,526,144,69,406,100,98,,,,,,,,,,,,,,,,,,,,,,,,,,,,,,,,,,,,,,,,,,,,,,,,,,,,142,,125,400,42,252,280,67,,,273,308,91,161,,,,50,,163,425,292,,,,,,,529,121,,446,,159,58,,,315,
2026-08-26T07:45:01+00:00,109,213,,,428,44,,200,253,,,212,243,,,56,,,,,135,382,115,364,332,,99,,,,814,,,52,255,,135,,,98,129,,,,11,,,,,98,,327,,103,,23,,,,,,9,49,10,83,224,,,,,,,236,18,,,191,313,121,255,103,71,,,,,231,59,190,144,113,117,391,14,285,,,225,165,290,119,,,30,235,353,138,126,543,61,619,88,,,157,223,200,470,,,392,4,,,,,,,,,,,,,,,255,,,,,385,,,,,160,175,,,,,,,215,,,265,,421,,213,,118,,211,275,321,551,291,44,,,773,,520,320,309,274,427,1018,369,110,172,,63,160,238,343,121,65,,289,16,93,793,,,,,,,,,,93,,,,,,248,,,,,,,,,,,,,70,,,,,,,,,,60,,,,,,,308,114,57,195,151,323,,352,48,,342,,248,391,,220,336,77,,142,309,34,,1011,,,,344,,101,,,,,,,,,,,29,65,14,12,,,,448,,,,,333,,,241,,,,,,,,,,,,,,,,,,,,,,,,,87,,93,59,102,,21,346,319,17,33,162,92,,118,7,,2,62,,186,161,,33,98,171,4,,,265,,139,8,38,248,320,63,1066,233,,96,174,112,,,,,,,,,,,,,,,,,,,,,,546,,137,,,,,,,,,,,,,,,,,,56,,,186,109,,132,,93,121,,120,514,143,65,390,99,95,,,,,,,,,,,,,,,,,,,,,,,,,,,,,,,,,,,,,,,,,,,,,,,,,,,,136,134,124,398,41,245,279,65,526,141,268,306,90,159,,89,220,51,,161,420,291,,,,,,,524,,,438,,157,57,,,303,
2026-08-26T07:50:01+00:00,103,209,,,423,42,,189,,317,,206,236,,,54,,,,,130,377,111,359,327,,,,,,811,,,,256,,133,,,,,,,,,,,,,91,,325,,101,,,,,40,,94,10,51,5,,,73,5,,,,,228,,,130,193,,,,,,,,,,228,51,188,137,110,,387,12,287,,170,213,166,286,116,89,,26,230,341,,127,537,,606,82,,,,,193,467,,,390,3,,,,,,,,,,,,,,,246,,,,,,,,,,158,,,,,,,,204,,,263,,407,,177,,111,,193,274,319,,285,43,,,766,,513,318,302,,,,,,,,,,,,,67,,290,16,90,783,,,,,,,,,30,86,,,,,,244,,,78,,,,,,,,,,,,,,,,,,,,,,,,,,,299,111,56,193,152,314,,,44,,343,189,,378,197,218,332,75,,130,310,30,,1010,,,,347,,99,,,,,,,,,,,28,62,,11,,,,,,,,,331,,,235,,,,,,,,,,,,9,,,,,,,,,,,,195,86,12,,54,,,13,344,316,,,164,,18,115,,,,59,,183,157,1,31,100,170,,17,122,263,,,,,,,,,,,,,,,,,,,,,,,,,,,,,,,,,,,534,,132,,685,,180,212,385,,,,,,96,,,,,,53,,,181,107,117,125,17,66,113,246,115,492,,60,384,100,82,,111,370,31,88,152,36,173,306,297,243,224,,296,36,301,,,254,,,,,,,,,,,,,,,,,,,,,,,,,,,,,,,,,134,133,123,395,39,238,275,64,523,134,263,304,92,,,88,,52,,158,416,,,,,,,,,,,427,,155,61,,,296,
2026-08-26T07:55:01+00:00,102,208,,,412,35,,177,250,315,,194,233,,,53,,,,,129,373,109,358,317,,,,,,807,16,,51,257,,131,,0,,130,,,,10,,,,,88,,324,,100,,22,22,,29,,95,9,,0,82,,74,1,13,,,,,,,,192,308,102,245,98,65,,,195,,,,,,,,,,,,,,,,,,,,,,,,,,,,,,,,,,,,,,87,170,614,150,261,506,57,,373,,,,,,,,,,,,,,,,,,,,,,,,,,,,,,,,,,,,276,318,553,278,,,,762,331,508,313,301,272,429,1007,353,108,164,116,,,234,337,102,65,,283,16,86,764,,,,,,,,,,75,,,,,,243,,,76,132,,,,,,,,,69,,,,,,,,,,,,,,,,187,289,113,54,190,147,303,,353,46,,338,161,245,370,,212,319,,,126,307,28,,1008,,,,348,,101,,,,,,,,,,,27,,15,8,,,,447,,,,,328,,,236,,,,,,,,,,,,11,,,,,,,,,,,,190,85,9,92,50,101,,,343,307,,31,162,90,16,,,,,,,168,146,0,30,96,164,3,8,123,261,,138,6,36,249,295,,1047,218,,95,171,100,,,,,,,,,,,,,,,,,,,,,,,,,,,,,,,,,,,,,,,,,,,,,,,,,,,,,111,477,138,57,361,99,77,,,,,,,,,,,,,,,,,,,,,,,,,,,,,,,,,,,,,,,,,,,,,,,,,,,,131,,,388,35,232,274,62,,132,259,303,91,,,,221,51,,156,412,293,,,,,,,522,,,423,,149,62,,,286,
2026-08-26T08:00:01+00:00,97,210,,,406,31,,169,245,314,,191,229,,,,,,,,127,374,111,,,,,,,,,,,,,,,,,,,,,,,,,,,,,,,,,,,,,,,,,,,,,,,,,,,,,,,,,,,,,,,,227,41,163,125,103,113,373,5,,184,,198,165,282,100,88,,11,221,319,,126,531,57,594,215,,8,152,221,184,441,,,387,2,,,,,,,,,,,,,,,238,,,,,,,,,,159,173,,,,,,,198,,,259,,401,,164,,107,,184,275,317,552,270,42,,,747,330,506,314,297,,,,,,,,,,,,,,,,,,,,,,,,,,,,70,,,,,,236,,,75,,,,,,,,,,,,,,,,,,,,61,,,,,,,,,,,,,,,,,,150,243,359,,203,,,,121,306,24,,1007,,,,,,,,,,,,,,,,,,,,,,,,,,,,,,,,,,,,,,,,,,,,,,,,,,,,,,,,,,,,,,,,,,,,,,,,,,,,,,,,,,,,,,,,,,,,,,,,,,,,,,,,,,,,,,,,,,,,,,,,,522,71,127,,683,,178,211,375,278,319,,,,97,,,,,,52,,,174,,113,124,9,55,114,,,,,,,,,,,,,,,,,,,,,,,,,,,,,,,,,,,,,,,,,,,,,,,,,,,,,,,,,,,,128,132,121,385,34,226,271,59,521,129,253,302,89,,,86,217,48,,152,410,,,,,,,,521,,,422,,150,58,,,280,
2026-08-26T08:00:02+00:00,,,,,,,,,,,,,,,,,,,,,,,,357,310,,,,,,797,15,,52,,,126,,,,,,,,,,,,,86,,323,,99,,21,21,,28,,,,48,,,,,0,,,,,224,,,127,190,,,,,,,,,,,,,,,,,,,,,,,,,,,,,,,,,,,,,,,,,,,,,,,,,,,,,,,,,,,,,,,,,,,,,,,,,,,,,,,,,,,,,,,,,,,,,,,,,,,,,,,,,,,,,,,,,,57,,280,16,,749,,,,,,,,,,,,,,,,,,,,,,,,,,,,,,,,,,,,,,,,,,,,,,281,112,53,186,151,300,,352,,,,,,,,,,,,,,,,,,,,350,,100,,,,,,,,,,,30,61,19,6,,,,446,,,,,,,,231,,,,,,,,,,,,,,,,,,,,,,,,,83,8,90,45,100,34,7,341,300,,,164,89,17,116,,,,57,,163,145,,28,94,161,,6,,257,,,4,37,254,286,62,1034,208,,92,,90,,,,,,,,,,,,,,,,,,,,,,,,,,,,,,,,,,,,,,,,,,,,,,,,,,,,,105,464,134,52,358,,67,,,,,,,,,,,,,,,,,,,,,,,,,,,,,,,,,,,,,,,,,,,,,,,,,,,,,,,,,,,,,,,,,,,,,,,,,,,,,,,,,,,,,,,,,,
2026-08-26T08:05:02+00:00,95,208,,,392,29,,160,241,310,,183,227,,,52,,,,,121,,110,355,302,,,,,,790,16,,,,,121,,,,129,,,,,,,,,82,,321,29,97,,18,,,23,,,,47,,81,,73,,,,,,,,,126,,307,94,232,91,60,,,,,,27,153,108,96,110,357,2,288,,167,181,162,278,86,,114,9,208,293,137,,530,52,582,209,69,7,151,220,179,429,,,389,1,85,160,606,142,257,502,,,369,,,,,,,,,,,383,,,,,,172,,,,,,,188,,,258,,398,,148,,105,,177,274,318,551,265,39,,,735,329,497,313,294,271,430,1002,344,,154,115,,,230,324,89,58,,274,16,81,728,,,,,,,,,,67,,,,,,228,,,,,,,,,,,,,,,,,,,,,,,,,,,,,186,263,106,52,181,147,292,,347,42,6,340,133,237,352,,204,312,77,,116,307,28,,1006,,,,,,99,,,,,,,,,,,31,63,15,4,,,,443,,,,,325,,,232,,,,,,,,,,,,9,,,,,,,,,,,,186,82,,91,42,,,,342,291,,32,163,87,18,,,,,56,,154,138,,27,92,159,,8,122,,,,,36,253,274,,1021,199,,93,170,72,,,,,,,,,,,,,,,,,,,,,,514,68,119,,677,,173,203,357,275,316,,,,96,,,,,,51,,,162,110,114,,,41,109,243,98,444,130,51,342,,65,,,,,,,,,,,,,,,,,,,,,,,,,,,,,,,,,,,,,,,,,,,,,,,,,,,,124,,,379,29,217,270,58,517,119,244,301,88,,,87,219,47,,,411,292,,,,,,,517,,,410,,147,57,,,275,
2026-08-26T08:10:02+00:00,,209,56,,382,30,,152,237,306,,181,224,,,,,,,,120,370,108,357,290,,97,,,,782,,,,,,108,,,99,131,,,,,,,,,79,,319,30,,,,20,,,,92,10,41,,,222,72,,12,114,,,218,17,,,191,,,,,,,,,,,24,143,97,97,108,347,,289,182,,180,160,277,75,89,,2,205,278,,125,532,,572,,70,,118,222,176,422,,,387,,,,,,,,,,,,,,,,,,,,,,,,,,,,,,,,,,,,,,,,,,,,,,,,550,263,,,,730,326,494,380,285,,,,,,,,,,,,,55,,,16,79,715,,,,,,,,,,61,,,,,,220,,,72,131,,,,,,,,,67,,,,,,,,,,,,,,,,187,260,108,,179,144,288,,342,,,,126,,347,198,,313,78,,,300,29,,1004,,,,349,,100,,,,,,,,,,,29,61,,3,,,,,,,,,326,,,225,,,,,,,,,,,,,,,,,,,,,,,,182,81,10,92,33,99,,,338,287,,,161,80,21,112,,,3,55,,136,127,,29,94,158,2,13,113,,,,5,33,252,256,61,1000,195,,,165,67,,,,,,,,,,,,,,,,,,,,,,513,67,121,,676,,,201,351,,315,,,,,,,,,,,,,159,107,112,122,,,110,244,,422,128,48,328,98,60,46,93,368,35,80,148,39,172,294,274,231,219,,285,31,286,,,243,,,,,,,,,,,,,,,,,,,,,,,,,,,,,,,,,121,133,,373,28,,267,59,518,109,,300,,158,,,218,45,,144,413,289,,,,,,,,,,406,,148,54,,,263,
2026-08-26T08:15:02+00:00,96,207,,,374,29,,141,229,300,,173,217,,,51,,,,,114,365,107,352,289,,96,,,,770,15,,,,,101,,,98,130,,,,,,,,,78,,317,,98,,20,21,,17,,,,38,,,,,,11,113,,,,18,,123,189,309,87,218,89,58,,,196,,228,17,138,93,92,107,344,,,,166,168,161,275,70,90,,,,261,,126,531,53,566,203,72,9,115,218,,405,23,,388,,78,152,590,137,252,496,58,,367,,,,,,229,,,,,,,,,,155,173,,,,,,,169,,,257,,385,,129,,102,,181,273,317,551,259,,,,722,,492,,282,,426,992,335,,146,116,,161,229,320,71,52,,270,16,72,694,,,,,,,,,29,55,,,,,,224,,,69,,,,,,,,,,,,,,,,,,,,,,,,,,188,252,102,50,177,141,280,,336,44,,333,118,236,337,196,203,315,,,115,298,26,,,,,,348,,,,,,,,,,,,,,55,16,2,,,,442,,,,,323,,,223,,,,,,,,,,,,10,,,,,,,,,,,,181,80,9,90,34,98,,10,337,282,,,162,79,22,108,,,2,57,,131,118,,,86,153,3,11,112,256,,,2,35,,249,,987,187,,94,164,64,,,,,,,,,,,,,,,,,,,,,,,,,,,,,,,,,,,,,,,,,,,,,,,,,,,,,97,403,121,42,321,96,54,,,,,,,,,,,,,,,,,,,,,,,,,,,,,,,,,,,,,,,,,,,,,,,,,,,,,,,372,30,213,263,60,517,104,233,297,87,157,,86,217,43,,141,410,287,,,,,,,514,,,393,,,,,,251,
2026-08-26T08:20:01+00:00,91,208,,,368,,,133,222,298,,,212,,,,,,,,110,367,104,344,280,,,,,44,762,16,,51,,,96,,,95,,,,,,,,,,,,315,,,,18,,,19,,91,9,,,80,,,,12,,,,219,,,,,,,,,,,,,,,,,,,,,,,,,,,,,,,,,,,,,,,,,,,,,,,,,,,,,,,,,,,,,,,,,,,,,,,,,,,,,,,,,,,,,,,,,,,,,,,316,,254,,,,715,,480,,280,,,,,,,,,,,,,54,,262,16,71,682,,,,,,,,,28,54,,,,,,222,,,,,,,,,,,,,,,,,,,,,,,60,,,,,,,251,100,47,171,,275,,335,45,,329,107,231,327,195,202,309,,,,296,28,,1003,,,,346,,102,,,,,,,,,,,28,57,17,3,,,,,,,,,317,,,226,,,,,,,,,,,,11,,,,,,,,,,,,179,78,,88,33,99,35,12,,279,,,,82,21,107,,,,58,,129,114,,,84,155,,12,109,259,,140,6,,,,,,,,,,,,,,,,,,,,,,,,,,,,,,,,503,,119,,670,,172,199,342,,314,,,,,,,,,,49,,,157,106,109,120,,42,,242,,,,,,,,,,,,,,,,,,,,,,,,,,,,,,,,,,,,,,,,,,,,,,,,,,,,,,,,,,,119,,,371,33,204,262,59,515,109,,296,90,,,88,216,,,139,411,286,,,,,,,,,,387,,147,55,,,243,
2026-08-26T08:20:02+00:00,,,,,,,,,,,,,,,,,,,,,,,,,,,,,,,,,,,,,,,,,,,,,,,,,,,,,,,,,,,,,,,,,,,,,,,,,,,,,,,,,,,,,,,,,,,,,,,,,,,,,,,,,,,,,,,,,,,,,,,,,,,,,,,,,,,,,,,,,,,,,,,,,,,,,,,,,,,,,,,,,,,,,,,,,,,,,,,,,,,,,,,,,,,,,,,,,,,,,,,,,,,,,,,,,,,,,,,,,,,,,,,,,,,,,,,,,,,,,,,,,,,,,,,,,,,,,,,,,,,,,,,,,,,,,,,,,,,,,,,,,,,,,,,,,,,,,,,,,,,,,,,,,,,,,,,,,,,,,,,,,,,,,,,,,,,,,,,,,,,,,,,,,,,,,,,,,,,30,,241,,974,,,,165,60,,,,,,,,,,,,,,,,,,,,,,,,,,,,,,,,,,,,,,,,,,,,,,,,,,,,,96,390,116,34,306,97,48,,,,,,,,,,,,,,,,,,,,,,,,,,,,,,,,,,,,,,,,,,,,,,,,,,,,,,,,,,,,,,,,,,,,,,,,,,,,,,,,,,,,,,,,,,
2026-08-26T08:25:01+00:00,87,209,,,357,28,,121,209,294,,167,211,,,49,,,,,104,366,100,345,281,,94,,,,757,15,,50,256,,87,,,94,129,,,,,,,,,74,,,,,,20,,,17,,89,8,40,,81,,,,11,,,,214,16,,122,187,300,76,215,75,55,,,,,229,,127,90,,104,336,,,181,,158,157,273,62,,,,204,247,,128,530,49,553,202,73,,117,217,173,399,,,,,74,147,576,134,251,495,56,,363,,,,,,215,,,,,382,,,,,150,175,,,,,,,164,,,254,,371,,103,,101,,175,274,318,,251,38,,,703,,467,,270,270,427,986,337,106,142,112,62,,228,316,60,51,,252,16,70,663,,,,,,,,,26,50,,,,,,229,,,72,,,,,,,,,,,,,,,,,,,,61,,,,,,187,246,98,43,166,142,273,,329,42,,326,97,,320,194,200,305,,,,292,,,1002,,,,342,,,,,,,,,,,,,31,58,15,2,,,,440,,,,,313,,,224,,,,,,,,,,,,10,,,,,,,,,,,,173,77,8,87,36,96,34,8,335,271,,31,161,81,24,102,,,3,56,,117,107,,,79,148,,9,107,,,,8,31,250,240,,966,181,,,164,57,,,,,,,,,,,,,,,,,,,,,,498,64,115,,,,,201,335,274,313,,,,93,,,,,,50,,,,104,108,,,32,108,240,92,379,114,25,293,99,39,42,85,,27,75,142,34,,274,263,210,,,267,26,270,,,226,,,,,,,,,,,,,,,,,,,,,,,,,,,,,,,,,118,134,119,373,32,199,259,54,510,107,232,,89,156,,87,214,,,138,410,288,,,,,,,,,,384,,146,53,,,236,
2026-08-26T08:30:02+00:00,86,207,,,353,33,,116,206,288,,162,205,,,48,,,,,102,365,99,342,276,,,,,42,748,,,47,,,80,,,95,,,,,9,,,,,72,,310,29,,,16,,,12,,91,7,43,14,,,69,,,112,,,213,17,,123,,,,,,,,,,,226,9,117,87,88,102,324,,290,179,165,136,161,271,44,89,113,,199,227,136,125,525,47,552,199,74,,114,218,,385,,,381,,,,,,,,,,,,,,,,,,,,,,,,,,,,,,,,,,,,,,,,,,,,,,272,317,,,39,,,687,323,449,,262,,,,,,,,,,,,,42,,245,16,67,650,,,,,,,,,,52,,,,,,225,,,73,,,,,,,,,,,,,,,52,,,,,,,,,,,185,240,91,,,140,264,,325,41,,325,87,228,324,187,192,301,,,109,289,26,,,,,,,,103,,,,,,,,,,,30,57,14,3,,,,,,,,,308,,,221,,,,,,,,,,,,9,,,,,,,,,,,,,79,7,85,34,97,,,332,268,,,157,87,23,101,,,,,,108,105,,,81,147,2,7,,,,,,30,249,234,,951,173,,93,,54,,,,,,,,,,,,,,,,,,,,,,497,63,110,,668,,170,197,326,272,,,,,91,,,,,,47,,,155,103,106,119,,14,109,242,89,364,108,,285,95,30,,,,,,,,,,,,,,,,,,,,,,,,,,,,,,,,,,,,,,,,,,,,,,,,,,,,114,,,368,29,196,253,53,507,100,228,293,91,,,,215,,,137,,,,,,,,,512,,,379,,147,,,,229,
2026-08-26T08:35:01+00:00,89,206,,,348,31,,110,200,,,,203,,,47,,,,,103,370,100,337,272,,93,,,44,740,,,,254,,77,,,94,,,,,,,,,,,,309,,,,15,23,,4,,,6,42,8,,,70,,10,109,,,,18,,122,185,302,63,197,72,50,,,195,,,,,,,,,,,,,,,,,,,,,,,,,,,,,,,,,,,,,,,,,,,,,,,,,,,,206,,,,,381,,,,,139,173,,,,,,,158,,,248,,358,,90,,103,,164,270,315,,250,35,,,682,322,444,,257,,429,980,335,,141,114,61,,,311,49,41,,243,16,60,640,,,,,,,,,24,43,,,,,,216,,,74,,,,,,,,,,65,,,,,51,,,,,60,,,,,,184,231,90,40,169,132,263,,321,42,,324,83,226,319,186,193,299,,,106,286,,,1001,,,,,,104,,,,,,,,,,,27,55,11,,,,,437,,,,,299,,,218,,,,,,,,,,,,,,,,,,,,,,,,172,80,6,82,32,,33,1,329,265,,,,86,,100,,,,58,106,101,101,,,82,144,1,3,105,261,,,5,,,,,,,,,,,,,,,,,,,,,,,,,,,,,,,,494,,108,,666,,169,,315,274,,,,,89,,,,,,45,,,154,101,102,,,,106,240,90,349,106,20,277,94,24,,,,,,,,,,,,,,,,,,,,,,,,,,,,,,,,,,,,,,,,,,,,,,,,,,,,111,,120,365,,,255,,505,96,226,292,,157,,86,,42,,,415,286,,,,,,,509,,,372,,145,52,,,218,
2026-08-26T08:40:02+00:00,86,207,,,345,,,101,190,287,,158,196,,,,,,,,101,372,,331,263,,91,,,43,734,,,,253,,71,,,95,128,,,,,,,,,70,,308,30,97,,16,,,3,,,,35,6,82,223,69,,,110,,,209,20,,121,188,,,,,,,,,,222,6,109,78,,101,320,,,,,116,160,268,34,88,114,,197,223,,,523,,537,192,72,,113,217,174,384,,,382,,,,,,,,,,,,,,,,,,,,,,,,,,,,,,,,,,,,,,,,,,,,,,271,318,552,251,37,,,675,,443,,244,,,,,,,,,,,,,40,,237,17,,622,,,,,,,,,23,49,,,,,,209,,,70,129,,,,,,,,,64,,,,,,,,,,59,,,,,,183,227,,42,167,131,256,,314,43,,315,74,,312,,195,292,80,,101,276,27,,,,,,340,,103,,,,,,,,,,,25,54,9,5,,,,438,,,,,289,,,211,,,,,,,,,,,,10,,,,,,,,,,,,168,,4,83,33,96,32,3,324,259,,33,156,85,24,99,,,,57,107,98,98,,,79,142,3,,,260,44,141,7,28,251,214,,935,167,,89,159,45,,,,,,,,,,,,,,,,,,,,,,489,,100,,668,,170,198,307,273,314,,,,90,,,,,,46,,,151,,100,118,,,104,237,85,339,104,16,267,95,21,43,80,365,25,72,141,26,180,255,255,191,214,,262,28,259,,,214,,,,,,,,,,,,,,,,,,,,,,,,,,,,,,,,,109,135,116,357,30,194,251,52,501,97,223,,,155,,85,214,,,,414,,,,,,,,507,,,365,,,,,,210,
2026-08-26T08:45:01+00:00,85,208,,,341,,,96,188,288,,157,194,,,,,,,,99,374,96,328,259,,90,,,44,731,16,,46,,,69,,,93,,,,,8,,,,,72,,305,,98,,,,,10,,,7,32,0,,,,,,109,,,,,,120,190,300,60,191,70,51,,,,,,4,,79,84,99,321,,,178,,103,159,270,30,87,112,1,200,213,,,521,49,535,,,,109,216,173,378,,,384,,71,132,544,125,247,485,56,,355,,,,,,202,,,,,,,,,,135,,,,,,,,150,,,249,,357,,78,,91,,149,270,,554,249,35,,,666,,441,,231,,433,976,323,,142,108,,160,227,303,56,38,,231,16,51,604,,,,,,,,,22,53,,,,,,,,,69,,,,,,,,,,62,,,,,50,,,,,58,,,,,,,226,92,38,165,126,250,,313,40,,307,64,221,306,185,192,,,,,269,25,,999,,,,337,,102,,,,,,,,,,,24,51,11,3,,,,,,,,,277,,,207,,,,,,,,,,,,9,,,,,,,,,,,,166,79,3,79,36,95,,,320,252,,,152,83,21,96,,,,58,108,96,93,,27,77,144,,2,,,41,140,8,27,,199,,,156,,,158,,,,,,,,,,,,,,,,,,,,,,,484,,96,,665,,168,196,,272,313,,,,,,,,,,45,,,148,,,,,,,236,81,332,105,10,254,92,14,,,,,,,,,,,,,,,,,,,,,,,,,,,,,,,,,,,,,,,,,,,,,,,,,,,,107,134,,,28,187,246,53,500,96,222,290,,,,,215,43,,,409,,,,,,,,502,120,,360,,143,51,,,197,
2026-08-26T08:50:02+00:00,84,211,,,333,,,88,179,287,,,190,,,46,,,,,92,373,93,323,,,89,,,41,726,,,45,254,,68,,,92,,,,,9,,,,,73,,,,,,12,22,,2,,92,,25,,,224,70,,9,110,,,208,,,,,299,49,175,59,46,,,196,,,,,,,,,,,,,,,,,,,,,,,,,,,,,,,,,,,,,,,,,,,,,,,,,,,,,,,,,,,,,,,,,,,,,,,,,,,,,,,,,,271,317,552,248,,,,658,321,435,,223,,,,,,,,,,,,,,,228,16,44,583,,,,,,,,,21,41,,,,,,210,,,67,128,,,,,,,,,60,,,,,,,,,,,,,,,,182,217,93,36,162,130,244,,311,38,,306,57,214,298,183,195,286,79,,94,268,,,,,,,,,,,,,,,,,,,,21,48,12,2,,,,439,,,,,274,,,,,,,,,,,,,,,10,,,,,,,,,,,,169,77,,76,33,96,29,0,318,244,,,150,82,23,91,,,,,,89,96,,26,76,,2,4,99,259,42,138,,28,254,184,60,913,150,,,162,40,,,,,,,,,,,,,,,,,,,,,,475,,92,,,,164,193,285,266,311,,,,,,,,,,43,,,144,,96,117,,,101,234,,319,104,7,246,90,,,,,,,,,,,,,,,,,,,,,,,,,,,,,,,,,,,,,,,,,,,,,,,,,,,,,105,,114,353,24,181,239,52,,91,215,,90,158,,,211,42,,127,406,284,,,,,,,500,,,349,,139,,,,196,
2026-08-26T08:55:02+00:00,85,,,,331,29,,81,175,286,,,187,,,44,,,,,93,377,94,325,248,,,,,40,722,,,42,,,62,,,93,125,,,,10,,,,,,,303,,,,10,23,,5,,93,8,21,,,225,69,,10,,,,206,22,,117,,,,,,,,,,,221,1,102,81,78,97,316,,,179,166,79,160,266,19,,,,190,184,,124,522,48,530,185,69,4,,208,165,374,,,383,,73,124,538,119,242,484,,,351,,,,,,196,,,,,383,,,,,133,167,,,,,,,143,,,246,,346,,47,,85,,140,270,,551,247,32,,,646,319,426,,215,269,437,975,327,,140,106,,,,292,42,,,221,15,40,566,,,,,,,,,20,39,,,,,,205,,,66,127,,,,,,,,,59,,,,,,,,,,,,,,,,181,204,85,,155,121,231,,306,33,,302,49,213,307,,188,284,78,,93,260,27,,,,,,330,,101,,,,,,,,,,,19,51,10,4,,,,437,,,,,268,,,199,,,,,,,,,,,,8,,,,,,,,,,,,167,75,4,75,28,,32,,319,237,18,,,,24,85,,,,60,,88,93,,,75,145,,10,98,,,,,25,,178,59,910,136,,87,163,31,,,,,,,,,,,,,,,,,,,,,,468,,93,,663,,163,194,274,263,309,,,,88,,,,,,41,,,140,102,88,118,,,99,233,73,304,101,1,245,92,10,44,70,361,,57,,,178,236,238,172,,,242,21,247,,,202,,,,,,,,,,,,,,,,,,,,,,,,,,,,,,,,,103,133,112,350,,173,229,48,,88,212,,88,157,,,209,41,,126,407,285,,,,,,,497,,,346,,136,54,,,186,
2026-08-26T09:00:01+00:00,86,216,,,329,27,,82,173,,,158,184,,,47,,,,,92,,95,324,236,,88,,,36,716,,,40,250,,56,,,91,124,,,,,,,,,72,,302,,100,,8,19,,0,,,,19,,,,71,,,111,,,,,,118,187,298,43,178,,49,,,,,222,,89,76,74,,296,,287,180,163,57,159,262,4,89,,,180,165,,122,518,46,515,182,67,2,103,209,156,373,,,386,,,,,,,,,,,,,,,,,,,,,,,,,,,,,,,,,,131,,,237,,339,,37,,77,,137,268,314,,251,34,,,643,,419,,217,,,,,,,,,,,,,34,,213,15,37,551,,,,,,,,,19,38,,,,,,206,,,62,,,,,,,,,,57,,,,,,,,,,,,,,,,178,203,82,,157,115,225,,,32,,,42,209,300,181,190,282,,,,262,26,,,,,,325,,99,,,,,,,,,,,14,48,,,,,,440,,,,,266,,,196,,,,,,,,,,,,,,,,,,,,,,,,164,72,2,74,,,,1,320,231,,,148,85,23,86,,,,61,107,74,87,,,77,,3,9,,262,,137,7,,,,,,,,,,,,,,,,,,,,,,,,,,,,,,,,,,,,,,,,,,,,,,,,,,,,,,,,,,,,,,,69,279,100,,243,86,6,,,,,,,,,,,,,,,,,,,,,,,,,,,,,,,,,,,,,,,,,,,,,,,,,,,,101,,110,340,,168,224,49,,80,208,289,87,156,,86,207,,,123,406,282,,,,,,,494,,,344,,133,55,,,179,
2026-08-26T09:05:01+00:00,83,,,,330,30,,76,174,283,,154,183,,,,,,,,91,376,96,320,233,,,,,35,711,15,,39,251,,52,,,90,,,,,11,,,,,74,,301,,,,9,20,,,,92,6,20,,,,70,,,112,,,200,20,,116,,,,,,,,,,,,,,,,,,,,,,,,,,,,,,,,,,,,,,,,,,,,,,,77,121,524,112,234,479,54,,344,,,,,,190,,,,,381,,,,,123,164,,,,,,,,,,,,,,,,,,,270,316,550,254,32,,,636,321,415,,,,439,973,313,,139,105,,,225,295,39,31,,215,15,,537,,,,,,,,,,42,,,,,,205,,,,,,,,,,,,,56,,,,,,,,,,,,,,,,,195,,35,150,114,220,,,31,,304,,212,290,,188,279,79,,92,254,24,,1001,,,,323,,100,,,,,,,,,,,13,47,11,2,,,,442,,,,,252,,,192,,,,,,,,,,,,9,,,,,,,,,,,,162,68,1,71,24,97,,2,321,226,,,151,87,21,,,,,60,105,69,85,,,73,,5,4,,257,,136,,31,259,173,60,901,133,,86,162,25,,,,,,,,,,,,,,,,,,,,,,460,,92,,657,,160,192,268,261,,,,,,,,,,,40,,,130,99,69,113,,,100,235,65,259,,,227,80,7,,,,,,,,,,,,,,,,,,,,,,,,,,,,,,,,,,,,,,,,,,,,,,,,,,,,102,,111,339,,164,223,50,,76,204,288,86,,,,206,42,,121,409,,,,,,,,490,,,342,,130,54,,,170,
2026-08-26T09:10:01+00:00,85,214,,146,329,25,,78,172,,,151,182,,,49,,,,,88,374,,318,232,,87,,,36,710,13,,38,252,,54,,0,89,,,,,,,,,,,,302,,,,,21,,,,91,,16,,,,,,,,,,,22,,117,,294,38,162,52,55,,,,,223,,86,73,64,94,291,1,286,179,165,41,160,257,,,,,177,144,137,118,,,509,180,71,,108,207,150,374,,,383,,,119,520,109,228,,52,,341,,,,,,189,,,,,384,,,,,121,165,,,,,,,127,,,233,,331,,31,,75,,135,,314,552,253,35,,,631,,411,,207,,,,,,,,,,,,,25,,209,15,35,527,,,,,,,,,,44,,,,,,209,,,61,128,,,,,,,,,55,,,,,49,,,,,59,,,,,,,192,83,36,146,116,,,313,30,,298,40,213,282,,192,275,,,91,253,28,,999,,,,321,,99,,,,,,,,,,,12,48,12,3,,,,438,,,,,243,,,189,,,,,,,,,,,,,,,,,,,,,,,,163,,0,72,22,98,,3,,221,,32,152,86,24,88,,,,,,63,83,,,70,147,,1,100,256,41,,8,32,262,165,,884,128,,,163,20,,,,,,,,,,,,,,,,,,,,,,,,,,,,,,,,,,,,,,,,,,,,,,,,,,,,,59,249,93,7,228,79,5,48,63,359,20,55,136,24,169,227,230,152,212,,228,25,229,,,188,,,,,,,,,,,,,,,,,,,,,,,,,,,,,,,,,103,,110,332,23,162,218,49,502,71,205,286,87,,,,209,43,,115,407,280,,,,,,,486,,,333,,125,,,,168,
2026-08-26T09:15:02+00:00,84,212,,,,24,,74,165,285,,147,179,,,,,,,,,,92,314,223,,81,,,34,701,12,,,250,,46,,,90,125,,,,,,,,,,,303,,,,8,20,,,,,,14,,,,73,,,110,,,196,,,113,191,,,,,,,,,,,,,,,,,,,,,,,,,,,,,,,,,,,,,,,,,,,,,,,,,,,,,,,,,,,,,,,,,,,,,,,,,,,,,,,,,,,,,,,,,,272,310,553,246,,,,624,,406,,206,268,442,972,311,105,,109,60,159,228,,32,14,,204,15,37,511,,,,,,,,,,42,,,,,,208,,,59,129,,,,,,,,,58,,,,,48,,,,,60,,,,,,,193,85,35,145,118,211,,310,27,,300,43,216,,,,268,,,88,251,24,,,,,,315,,,,,,,,,,,,,14,,10,,,,,,,,,,234,,,183,,,,,,,,,,,,8,,,,,,,,,,,,164,70,3,73,20,,,2,319,,,,154,84,25,,,,4,64,,55,81,,,,153,4,2,102,255,,,5,31,257,158,61,854,113,,80,,13,,,,,,,,,,,,,,,,,,,,,,461,,96,,652,,158,,252,259,310,,,,,,,,,,37,,,131,98,64,,,,96,234,54,235,88,5,223,77,10,,,,,,,,,,,,,,,,,,,,,,,,,,,,,,,,,,,,,,,,,,,,,,,,,,,,101,132,,328,24,158,216,47,503,72,206,,,153,,,211,41,,113,408,,,,,,,,484,,,326,,124,55,,,165,
2026-08-26T09:20:01+00:00,82,211,,,320,,,68,162,284,,144,177,,,48,,,,,87,371,93,313,228,,80,,,35,694,14,,,252,,47,,,,,,,,,,,,,,,,,99,,9,19,,,,92,,9,,,,,,,,,,191,20,,111,,295,34,159,48,58,,,,,,2,82,69,63,92,285,,288,,166,32,159,255,,88,,,178,135,136,,517,44,502,181,,,105,209,148,380,,,382,,81,117,508,101,224,475,49,,335,,,,,,177,,,,,385,,,,,118,,,,,,,,133,,,,,330,,28,,71,,132,271,309,551,244,36,,,615,322,401,,208,,,,,,,,,,,,,10,,207,15,30,497,,,,,,,,,16,43,,,,,,199,,,55,128,,,,,,,,,59,,,,,,,,,,59,,,,,,,188,,34,143,120,207,,,23,,297,48,213,270,178,194,262,80,,,248,27,,,,,,311,,97,,,,,,,,,,,0,24,8,0,,,,437,,,,,222,,,181,,,,,,,,,,,,,,,,,,,,,,,,166,,4,,18,96,,4,317,,,31,158,85,24,90,,,3,,106,57,77,,,66,156,5,9,,256,,,4,,,,62,,,,,,,,,,,,,,,,,,,,,,,,,,,,449,65,95,,649,,154,194,244,,311,,,,89,,,,,,39,,,118,94,61,110,,14,94,232,48,227,81,0,221,79,6,,,,,,,,,,,,,,,,,,,,,,,,,,,,,,,,,,,,,,,,,,,,,,,,,,,,99,131,,324,20,151,212,49,501,76,207,287,,150,,,213,,,111,405,278,,,,,,,481,,,323,,123,53,,,157,
2026-08-26T09:25:01+00:00,78,208,,,314,27,,58,157,281,,143,175,,,47,,,,,86,,94,308,219,,78,,,32,696,,,35,250,,,,,87,,,,,,,,,,75,,302,,,,10,16,,,,,5,8,,,,72,,9,,,,,,,,193,,,,,,,,,,225,,71,63,,94,279,3,287,180,168,17,160,253,3,85,,1,179,127,135,115,516,45,488,178,73,,104,212,152,386,,,378,,,,,,,,,,,,,,,,,,,,,,,,,,,,,,,,,,,,,,,,,,,,,,,308,,240,34,,,610,321,395,,206,,446,968,316,,,110,,163,222,294,26,9,,202,15,29,490,,,,,,,,,,37,,,,,,201,,,,,,,,,,,,,57,,,,,,,,,,,,,,,,,183,89,37,142,117,200,,312,,,,40,212,271,,190,260,,,86,,33,,998,,,,304,,94,,,,,,,,,,,17,20,7,,,,,435,,,,,219,,,177,,,,,,,,,,,,7,,,,,,,,,,,,167,69,3,75,19,98,35,6,,220,17,29,155,91,23,93,,,,,,49,,1,29,67,159,,10,105,252,42,134,5,34,252,154,63,838,108,,81,164,27,,,,,,,,,,,,,,,,,,,,,,446,,,,645,,152,196,242,260,,,,,,,,,,,38,,,117,,59,,,,,234,45,219,79,,227,80,,,,,,,,,,,,,,,,,,,,,,,,,,,,,,,,,,,,,,,,,,,,,,,,,,,,,100,,,314,18,145,207,48,498,74,202,,85,147,,,208,42,,110,401,279,,,,,,,479,,,313,,,55,,,147,
2026-08-26T09:30:02+00:00,76,207,,,311,24,,52,158,,,144,,,,48,,,,,84,372,89,304,216,,,,,31,699,15,,,252,,48,,,86,,,,,10,,,,,,,301,,,,,,,,,93,,5,,,226,73,,7,,,,190,,,116,192,287,42,157,52,57,,,,,,,,,,,,,,,,,,,,,,,,,,,,,,,,,,,,,,,,,,113,503,102,216,474,47,,323,,,,,,170,,,,,,,,,,113,166,,,,,,,125,,,225,,327,,24,,64,,127,270,309,,242,35,,,609,322,,,210,,,,,,,,,,,,,6,,201,15,24,472,,,,,,,,,,38,,,,,,197,,,,129,,,,,,,,,59,,,,,,,,,,,,,,,,,181,81,,139,119,203,,311,21,,287,,,269,,188,256,82,,88,249,30,,996,,,,301,,93,,,,,,,,,,,16,21,9,1,,,,433,,,,,218,,,174,,,,,,,,,,,,,,,,,,,,,,,,,70,2,77,18,,,9,315,219,,,,92,,94,,,,,,46,,0,,,160,,7,106,251,,133,6,29,254,146,61,827,97,,78,167,20,,,,,,,,,,,,,,,,,,,,,,,,,,,,,,,,,,,,88,,,,,,,,,,90,,108,,,,,46,199,75,1,228,78,,47,53,357,27,44,133,21,171,226,227,139,210,,210,22,218,,,177,,,,,,,,,,,,,,,,,,,,,,,,,,,,,,,,,99,132,,313,16,135,204,53,500,76,198,288,83,146,,85,210,,,108,,276,,,,,,,477,,,297,,,,,,142,
2026-08-26T09:35:01+00:00,74,,,,309,25,,49,154,283,,147,174,,,51,,,,,83,374,84,302,219,,80,,,32,697,,,31,254,,49,,,,,,,,,,,,,72,,,,97,,8,,,,,95,,1,,,,,,,,,,,19,,,197,,,,,,,,,,,1,,60,58,95,276,4,,,171,11,,252,,,,,181,114,,,514,44,482,,72,,99,205,149,390,,,376,,,,,,,,,,,,,,,,162,,,,,,,,,,117,165,,,,,,,121,,,224,,325,,19,,61,,123,271,,,243,34,,,603,,,,,,447,970,,104,133,111,,162,217,296,,3,,196,16,18,459,,,,,,,,,,33,,,,,,195,,,56,130,,,,,,,,,,,,,,,,,,,58,,,,,,179,180,83,36,141,120,206,,313,20,,291,43,213,265,,190,252,,,87,244,29,,995,,,,299,,,,,,,,,,,,,15,19,7,2,,,,434,,,,,209,,,172,,,,,,,,,,,,8,,,,,,,,,,,,168,69,1,,,99,34,,314,216,,,157,87,,,,,,,,42,80,,32,69,159,6,11,107,253,41,131,7,,,,62,,,,,,,,,,,,,,,,,,,,,,,,,,,,436,64,93,,641,,150,193,232,259,,,,,90,,,,,,40,,,115,89,56,,,,92,231,43,177,72,,231,,12,,,,,,,,,,,,,,,,,,,,,,,,,,,,,,,,,,,,,,,,,,,,,,,,,,,,,,,,13,132,,,499,69,194,286,85,,,84,211,,,110,402,280,,,,,,,472,,,291,,124,53,,,136,
2026-08-26T09:40:01+00:00,76,205,55,,307,21,,46,,280,,,170,,,,,,,,77,372,81,303,217,,77,,,31,692,,,29,255,,44,,,84,124,,,,,,,,,70,,300,,95,,7,,,,,,,0,,,,70,,,109,,,194,,,106,193,290,38,145,,,,,,,,,59,57,54,97,264,5,289,179,177,9,159,251,1,84,,,175,103,134,114,516,,458,176,70,,98,199,143,399,,,380,,79,115,497,104,213,468,49,,318,,,,,,,,,,,,,,,,,,,,,,,,,,,,,,,,,,,,272,306,549,244,35,,,598,323,392,,205,,,,,,,,,,,,,1,,192,16,14,442,,,,,,,,,15,30,,,,,,189,,,54,129,,,,,,,,,60,,,,,,,,,,,,,,,,,,,,,,,,,,,300,37,217,268,,189,254,,,89,,26,,996,,,,,,,,,,,,,,,,,,,,,,,,,,,,,,,,,,,,,,,,,,,,,,,,,,,,,,,,,,,,,,,,,,,,,,,,,,,,,,,,,,,,,,,,,,,,,,,,,,,,,,,,,,,,,,,,,,,,,,,,,432,65,89,,639,,149,192,233,,310,,,,89,,,,,,,,,112,84,,,,,91,232,,,,,,,,,,,,,,,,,,,,,,,,,,,,,,,,,,,,,,,,,,,,,,,,,,,,,,,,,,,98,130,108,306,11,128,197,54,,65,187,284,86,143,,83,,37,,105,,279,,,,,,,461,121,,283,,122,54,,,131,
2026-08-26T09:40:02+00:00,,,,,,,,,,,,,,,,,,,,,,,,,,,,,,,,,,,,,,,,,,,,,,,,,,,,,,,,,,,,,,,,,,,,,,,,,,,,,,,,,,,,,,,,,,,,,,,,,,,,,,,,,,,,,,,,,,,,,,,,,,,,,,,,,,,,,,,,,,,,,,,,,,,,,,,,,,,,,,,,,,,,,,,,,,,,,,,,,,,,,,,,,,,,,,,,,,,,,,,,,,,,,,,,,,,,,,,,,,,,,,,,,,,,,,,,,,,,,,,,,,182,,,142,124,199,,318,22,5,,,,,,,,,,,,,,,,,,293,,92,,,,,,,,,,,13,18,6,4,,,,433,,,,,206,,,,,,,,,,,,,,,,,,,,,,,,,,,171,,0,75,21,,35,14,,218,,,159,,20,95,,,,,,40,81,1,34,72,156,5,13,105,254,,,8,27,253,134,,807,90,,76,169,42,,,,,,,,,,,,,,,,,,,,,,,,,,,,,,,,,,,,,,,,,,,,,,,,,,,,,39,172,65,,237,75,4,,,,,,,,,,,,,,,,,,,,,,,,,,,,,,,,,,,,,,,,,,,,,,,,,,,,,,,,,,,,,,,,,,,,,,,,,,,,,,,,,,,,,,,,,,
2026-08-26T09:45:01+00:00,71,208,,,305,18,,44,153,277,,,168,,,,,,,,80,370,79,299,,,76,,,32,689,16,,24,254,,43,,,82,,,,,,,,,,68,,,,,,9,,,,,,4,,,83,,71,,,107,,,190,17,,104,,,,,,,,,,,,,,,,,,,,,,,,,,,,,,,,,,,,,,,,,,,,,,,,,,,,,,,,,,,,,160,,,,,383,,,,,115,166,,,,,,,116,,,225,,323,,16,,59,,122,273,307,,242,36,,,594,324,381,,200,,,973,305,,129,115,59,161,,293,32,0,,188,16,11,433,,,,,,,,,14,33,,,,,,196,,,55,,,,,,,,,,,,,,,47,,,,,,,,,,,178,181,84,38,145,121,198,,,20,4,296,42,219,258,,,251,81,,90,249,,,995,,,,290,,90,,,,,,,,,,,12,,9,5,,,,431,,,,,200,,,170,,,,,,,,,,,,,,,,,,,,,,,,174,66,,74,20,,36,11,,217,,,165,,19,97,,,2,67,105,33,74,,32,,155,,12,104,253,39,130,9,30,,126,,798,88,,,168,43,,,,,,,,,,,,,,,,,,,,,,,,,,,,,,,,,,,,,,,,,,,,,,,,,,,,,37,162,61,4,234,74,1,48,52,356,30,38,,19,175,207,210,105,202,,199,20,216,,,157,,,,,,,,,,,,,,,,,,,,,,,,,,,,,,,,,99,,,304,,119,195,,,,178,,85,145,,82,209,35,,104,,278,,,,,,,459,,,276,,125,56,,,123,
2026-08-26T09:50:02+00:00,66,210,,,302,,,45,155,,,149,169,,,,,,,,81,373,82,,207,,75,,,34,688,,,,252,,41,,,78,122,,,,9,,,,,66,,301,,,,12,,,,,96,,1,,,,74,,8,108,,,,16,,92,192,291,27,135,51,59,,,,,226,1,57,60,49,,262,3,288,,178,,,253,,,,,173,97,,115,519,43,438,171,72,,96,197,144,410,24,,,,77,121,483,96,201,469,50,,303,,,,,,,,,,,,,,,,,,,,,,,,122,,,220,,320,,8,,64,,127,272,308,551,245,35,,,590,,383,,195,,,,,,,,,,,,,,,185,16,7,420,,,,,,,,,,,,,,,,200,,,51,128,,,,,,,,,59,,,,,,,,,,,,,,,,,179,89,37,144,123,195,,321,19,,297,37,221,259,177,,249,,,86,243,23,,,,,,284,,89,,,,,,,,,,,,17,11,6,,,,430,,,,,198,,,162,,,,,,,,,,,,,,,,,,,,,,,,175,68,,75,19,,34,12,312,222,,,172,85,24,93,,,,69,,30,71,2,33,77,156,6,13,106,251,,,,27,252,113,,788,76,,77,171,40,,,,,,,,,,,,,,,,,,,,,,427,67,93,,637,,152,190,221,,309,,,,,,,,,,,,,113,85,58,104,,,89,,35,146,60,1,243,,6,,,,,,,,,,,,,,,,,,,,,,,,,,,,,,,,,,,,,,,,,,,,,,,,,,,,,128,,295,4,112,191,53,496,,177,285,86,,,,207,34,,103,,276,,,,,,,456,,,278,,123,54,,,,
2026-08-26T09:55:01+00:00,,213,,,296,19,,,146,279,,143,167,,,,,,,,80,371,79,300,197,,,,,33,685,,,23,,,39,,,,,,,,10,,,,,,,300,,93,,10,,,,,,,,,,,76,,,,,,193,17,,88,,,,,,,,,,,,,49,57,,101,257,,,,180,,,254,,,111,,163,103,,116,,,,169,70,,,201,139,,,,381,,,,,,,,,,,,,,,,152,,,,,,,,,,110,165,,,,,,,,,,,,,,,,,,,,,550,246,30,,,585,327,384,,193,,446,974,302,,117,107,58,162,,295,44,,,178,16,,411,,,,,,,,,,24,,,,,,207,,,49,,,,,,,,,,60,,,,,46,,,,,,,,,,,,176,88,36,145,120,190,,318,22,,,43,,256,,193,247,83,,90,247,19,,996,,,,283,,88,,,,,,,,,,,9,15,9,,,,,,,,,,192,,,160,,,,,,,,,,,,,,,,,,,,,,,,,,,,16,,33,14,,221,,,175,87,25,94,,,,,106,33,65,5,,76,157,,16,,256,38,129,10,,,,,,,,,,,,,,,,,,,,,,,,,,,,,,,,422,,89,,,,,,,,,,,,91,,,,,,,,,108,83,,106,,,91,,,,,,,,,,,,,,,,,,,,,,,,,,,,,,,,,,,,,,,,,,,,,,,,,,,,,,,,,,,,98,126,,287,-100,107,,54,497,68,180,284,,146,,78,203,33,,102,403,278,,,,,,,452,,,276,,,53,,,117,
2026-08-26T09:55:02+00:00,,,,,,,,,,,,,,,,,,,,,,,,,,,,,,,,,,,,,,,,,,,,,,,,,,,,,,,,,,,,,,,,,,,,,,,,,,,,,,,,,,,,,,,,,,,,,,,,,,,,,,,,,,,,,,,,,,,,,,,,,,,,,,,,,,,,,,,,,,,,,,,,,,,,,,,,,,,,,,,,,,,,,,,,,,,,,,,,,,,,,,,,,,,,,,,,,,,,,,,,,,,,,,,,,,,,,,,,,,,,,,,,,,,,,,,,,,,,,,,,,,,,,,,,,,,,,,,,,,,,,,,,,,,,,,,,,,,,,,,,,,,,,,,,,,,,,,,,,,,,,,,,,,,,,,,,,,,,,,,,,,,,,,,,,,,,,,,,,,,,,,,,,,,,,,,,,,,,,,,,,,,,,,,,,,,,,,,,,,,,,,,,,,,,,,,,,,,,,,,,,,,,,,,,,,,,,,,,,,139,59,0,251,76,8,,,,,,,,,,,,,,,,,,,,,,,,,,,,,,,,,,,,,,,,,,,,,,,,,,,,,,,,,,,,,,,,,,,,,,,,,,,,,,,,,,,,,,,,,,
2026-08-26T10:00:01+00:00,65,214,54,,291,18,,,144,,,,169,,,50,,,,,,370,,,193,,77,,,32,684,,,22,249,,,,,76,121,,,,,,,,,,,298,29,92,,,15,,,,97,5,0,,82,225,77,,7,,,,,,,89,,290,19,134,62,62,,,,,,,,,,,,,,,,,,,,,,,,,,,,,,,,,,,,,,,,,76,124,487,92,188,,49,,294,,,,,,,,,,,,,,,,,,,,,,,,118,,,224,,316,,6,,61,,125,,,,248,32,,,573,326,380,,191,,,,,,,,,,,,,,,174,16,6,404,,,,,,,,,13,29,,,,,,218,,,50,,,,,,,,,,61,,,,,47,,,,,59,,,,,,,171,85,40,142,122,187,,320,23,,299,39,,261,179,194,,,,88,250,24,,,,,,,,86,,,,,,,,,,,11,16,7,5,,,,427,,,,,189,,,,,,,,,,,,,,,,,,,,,,,,,,,174,,,76,13,,34,11,308,231,,,176,89,28,92,,,,,,34,66,,31,84,155,,15,108,261,37,131,11,31,253,103,61,785,77,,74,176,42,,,,,,,,,,,,,,,,,,,,,,416,66,84,,,,149,187,219,,,,,,95,,,,,,38,,,,,,104,,,97,229,31,126,,,253,,1,49,48,354,28,41,131,21,169,199,197,83,198,,195,22,209,,,146,,,,,,,,,,,,,,,,,,,,,,,,,,,,,,,,,,124,,,,95,192,,494,66,171,285,,,,77,201,36,,100,402,,,,,,,,454,,,271,,,54,,,104,
2026-08-26T10:05:02+00:00,67,212,,,296,17,,44,146,283,,141,171,,,,,,,,82,368,83,292,188,,73,,,33,679,,,24,246,,41,,,,122,,,,,,,,,65,,297,28,,,9,14,,,,,7,,,,224,75,,,,,,191,15,,88,199,293,30,133,59,61,,,195,,221,1,40,58,38,100,228,1,,178,181,,,252,1,83,,1,156,96,136,115,,46,440,164,72,,93,200,126,415,,,382,,,,,,,,,,,,,,,,148,,,,,381,,,,,112,,,,,,,,,,,,,,,,,,,,,309,,245,,,,566,324,386,,190,,444,979,303,,114,101,,,,,55,2,,176,17,7,391,,,,,,,,,12,27,,,,,,221,,,,,,,,,,,,,64,,,,,48,,,,,,,,,,,177,162,79,,140,118,178,,328,24,,300,36,224,266,177,192,245,,,92,251,27,,,,,,281,,83,,,,,,,,,,,8,15,9,,,,,424,,,,,178,,,159,,,,,,,,,,,,9,,,,,,,,,,,,169,67,,70,12,100,35,10,301,232,,,179,92,29,,,,,,,39,64,3,,85,151,9,21,112,262,36,134,,28,254,71,,773,80,,72,,39,,,,,,,,,,,,,,,,,,,,,,,,83,,634,,148,189,222,256,310,,,,96,,,,,,,,,109,85,54,103,,,99,,30,114,62,,257,77,5,,,,,,,,,,,,,,,,,,,,,,,,,,,,,,,,,,,,,,,,,,,,,,,,,,,,97,125,109,280,1,96,191,53,495,55,175,287,82,143,,,202,35,,,,279,,,,,,,450,,,267,,120,,,,99,
2026-08-26T10:10:01+00:00,62,214,53,143,294,21,,41,152,284,,,169,,,51,,,,,81,367,80,290,189,,,,,32,681,15,,,,,42,,,78,121,,,,,,,,,63,,298,,90,,11,16,,,,,6,,,,223,,,,,,,,14,,86,209,,,,,,,,,,222,,31,51,35,101,231,,290,179,184,1,160,,,81,,,153,74,138,,521,48,430,158,73,,91,198,120,419,,,385,,74,116,484,86,176,471,50,,283,,,,,,,,,,,,,,,,,,,,,,,,115,,,,,311,,4,,62,,130,270,308,548,247,,,,567,,382,,189,,,,,,,,,,,,,0,,174,17,5,373,,,,,,,,,,32,,,,,,230,,,48,,,,,,,,,,65,,,,,,,,,,,,,,,,,156,80,,141,120,180,,331,23,,305,43,223,268,174,191,246,,,95,,,,,,,,,,82,,,,,,,,,,,6,16,,4,,,,425,,,,,171,,,165,,,,,,,,,,,,8,,,,,,,,,,,,168,66,1,69,,,36,11,300,238,,,,96,28,89,,,,,,40,65,5,32,87,,,19,113,263,,133,12,,,,,,,,,,,,,,,,,,,,,,,,,,,,,,,,412,67,80,,633,,147,187,223,,311,,,,,,,,,,39,,,106,83,53,99,,,100,232,27,108,59,2,264,74,7,,,,,,,,,,,,,,,,,,,,,,,,,,,,,,,,,,,,,,,,,,,,,,,,,,,,98,124,,275,2,95,185,52,493,,173,284,80,139,,79,203,,,98,,278,,,,,,,447,,,261,,117,56,,,90,
2026-08-26T10:15:02+00:00,63,212,,,297,,,,148,283,,140,167,,,53,,,,,84,,83,294,186,,70,,,,675,,,28,,,39,,0,76,123,,,,,,,,,,,299,,91,,8,20,1,,,96,,,,83,,74,,,107,,,194,16,,85,210,288,35,132,61,59,,,,,,,,,,,,,,,,,,,,,,,,,,,,,,,,,,,,,,,,,,,,,,,,,,,,,,,133,,,,,380,,,,,109,163,,,,,,,,,,,,,,,,,,,,310,,246,33,,,563,,380,,188,269,445,991,307,103,116,104,,163,215,297,60,,,168,17,8,357,,,,,,,,,11,33,,,,,,232,,,49,127,,,,,,,,,,,,,,,,,,,,,,,,,175,155,81,41,139,123,,,324,26,,308,37,224,266,176,194,,82,,96,253,28,,995,,,,279,,,,,,,,,,,,,0,,,,,,,423,,,,,159,,,162,,,,,,,,,,,,,,,,,,,,,,,,172,64,0,67,24,101,37,15,301,236,,28,,100,31,94,,,3,68,,39,63,4,34,93,152,12,,114,264,35,135,13,27,256,56,,758,82,,71,177,29,,,,,,,,,,,,,,,,,,,,,,413,68,84,,630,,149,190,,,313,,,158,,,,,,,38,,,104,86,54,100,,,99,,29,105,61,3,263,76,3,47,51,353,,30,129,,167,190,187,79,,,181,18,196,,,127,,,,,,,,,,,,,,,,,,,,,,,,,,,,,,,,,97,125,110,272,1,87,179,,492,61,171,283,79,140,,82,198,,,97,,276,,,,,,,444,,,262,,116,,,,87,
2026-08-26T10:20:01+00:00,62,211,54,,300,,,39,155,280,,,168,,,54,,,,,82,368,,,184,,69,,,30,674,,,25,245,,36,,,,125,,,,9,,,,,64,,,,93,,,19,,,,94,,,,,224,75,,6,108,,,,14,,86,208,,,,,,,,,,,,28,49,30,,230,2,,,185,,159,255,,,110,,152,68,,,522,46,,152,75,,93,199,122,439,,,389,,,114,490,85,175,472,53,,273,,,,,,138,,,,,381,,,,,,164,,,,,,,116,,,,,308,,5,,68,,131,,311,,252,31,,,564,322,379,,189,,,,,,,,,,,,,1,,162,17,6,345,,,,,,,,,9,41,,,,,,235,,,50,128,,,,,,,,,61,,,,,,,,,,58,,,,,,,156,73,,,126,175,,326,30,,315,33,223,270,,197,248,,,100,252,29,,,,,,276,,83,,,,,,,,,,,,17,8,2,,,,421,,,,,152,,,163,,,,,,,,,,,,,,,,,,,,,,,,174,,2,66,23,102,,20,297,,,29,181,96,32,92,,,,67,,37,61,3,30,101,154,,,117,258,34,134,,25,258,54,,751,80,,,,25,,,,,,,,,,,,,,,,,,,,,,400,,82,,627,,,189,218,257,314,,,159,99,,,,,,37,,,110,84,56,,,,97,,28,113,53,0,269,75,7,,,,,,,,,,,,,,,,,,,,,,,,,,,,,,,,,,,,,,,,,,,,,,,,,,,,99,,111,268,-100,,,51,487,62,172,,,142,,83,199,34,,95,400,275,,,,,,,439,,,253,,118,,,,75,
2026-08-26T10:25:01+00:00,60,213,,,297,23,,38,158,278,,144,170,,,,,,,,81,371,84,287,,,68,,,29,673,,,24,247,,38,,,77,,,,,10,,,,,62,,295,,95,,,,,,,93,5,,,,,,,,,,,190,,,83,,290,,,57,,,,196,,,,22,53,29,102,226,1,,181,181,2,160,261,,79,,,154,47,,111,525,43,416,150,76,1,88,203,124,445,,,390,,,,,,,,,,,,,,,,,,,,,,,,,,,,,,,,,,,,,,,,,,,,,,272,310,,253,33,,,561,,,,190,270,,995,,101,112,103,59,164,214,296,66,,,161,17,2,330,,,,,,,,,,55,,,,,,243,,,49,127,,,,,,,,,,,,,,,,,,,,,,,,,176,153,69,48,141,128,171,,322,27,,312,34,224,268,,,,84,,103,250,28,,994,,,,274,,84,,,,,,,,,,,,12,,,,,,,,,,,150,,,165,,,,,,,,,,,,9,,,,,,,,,,,,179,67,,65,21,,,25,295,231,,,180,,33,98,,,,,,42,58,1,25,96,,,18,118,257,33,,12,26,257,44,62,748,71,,69,,,,,,,,,,,,,,,,,,,,,,,,,,,,626,,150,191,208,,,,,,,,,,,,,,,,,63,,,,,231,26,112,,1,264,,10,,,,,,,,,,,,,,,,,,,,,,,,,,,,,,,,,,,,,,,,,,,,,,,,,,,,95,,109,269,,83,178,50,,60,,,77,138,,,198,37,,,,272,,,,,,,438,,,,,,,,,81,
2026-08-26T10:30:02+00:00,59,208,,,300,27,,45,162,,,141,174,,,55,,,,,,369,,281,182,,69,,,,665,,,23,246,,30,,,75,124,,,,,,,,,66,,,,94,,10,18,2,,,92,,,,,225,73,,5,,,,189,,,84,210,,,,,,,,,,,,,,,,,,,,,,,,,,,,,,,,,,,,,,,,,,,,,,78,118,499,82,169,474,,,271,,,,,,131,,,,,377,,,,,,,,,,,,,121,,,,,314,,14,,67,,136,270,315,547,257,29,,,562,,380,,188,,,,,,,,,,,,,,,149,17,1,,,,,,,,,,,52,,,,,,246,,,48,,,,,,,,,,,,,,,,,,,,,,,,,,,154,68,51,143,133,164,,326,30,,316,45,225,267,177,193,250,85,,107,254,26,,993,,,,272,,83,,,,,,,,,,,,8,7,3,,,,422,,,,,146,,,166,,,,,,,,,,,,,,,,,,,,,,,,177,,,64,22,99,39,27,290,224,,,179,97,,99,,,,68,105,,57,,,99,158,,22,119,,,136,13,24,259,46,,743,69,,71,176,,,,,,,,,,,,,,,,,,,,,,,398,,83,,,,,,,,,,,157,,,,,,,35,,,111,83,,99,,,96,,22,103,49,3,260,78,5,,52,346,31,34,128,19,161,177,180,,201,,184,,189,,,117,,,,,,,,,,,,,,,,,,,,,,,,,,,,,,,,,,126,108,,,72,180,51,486,61,170,,,136,,81,196,,,97,398,273,,,,,,,434,122,,251,,,,,,80,
2026-08-26T10:35:01+00:00,58,,,,293,26,,36,155,280,,144,173,,,58,,,,,86,,85,279,173,,67,,,32,,16,,22,,,1,,,76,125,,,,,,,,,64,,,29,,,,19,,,,91,,,,84,,72,,6,,,,,,,83,,293,41,,61,58,,,197,,,,19,54,31,101,232,,294,180,,6,,263,,,109,3,150,43,139,112,524,,414,144,75,2,85,206,118,444,,,,,,,,,,,,,,,,,,,,,,,,,,,,,,,,,,,,,,,,,,,,,,,,,269,,548,254,30,,,561,,375,,192,271,447,1003,308,,,104,60,,215,303,61,0,,145,17,,321,,,,,,,,,,53,,,,,,253,,,46,,,,,,,,,,58,,,,,,,,,,57,,,,,,,147,74,54,144,,163,,337,,,319,53,229,263,176,197,251,,,,253,30,,990,,,,269,,84,,,,,,,,,,,,10,,2,,,,418,,,,,142,,,,,,,,,,,,,,,8,,,,,,,,,,,,174,68,1,62,25,98,40,28,,225,,30,175,98,34,101,5,,,,,39,59,4,17,104,154,13,21,,248,32,135,,,,,,,,,,,,,,,,,,,,,,,,,,,,,,,,,397,69,87,,,,149,190,196,255,315,,,155,,,,,,,33,,,114,80,68,93,,,97,233,21,98,,,259,75,3,,,,,,,,,,,,,,,,,,,,,,,,,,,,,,,,,,,,,,,,,,,,,,,,,,,,94,128,106,267,,65,182,53,484,64,168,280,79,,,82,193,,,94,397,271,,,,,,,429,,,,,120,,,,71,
2026-08-26T10:40:01+00:00,60,206,53,,291,24,,,153,278,,143,171,,,57,,,,,88,368,92,283,174,,66,,,30,662,,,23,248,,0,,,,127,,,,,,,,,62,,,,,,11,,,,,90,4,,,,224,,,7,,,,186,13,,85,213,,,,,,,,,,,,,,,,,,,,,,,,,,,,,,,,,,,,,,,,,,,,,,77,124,505,,160,470,52,,261,,,,,,129,,,,,378,,,,,112,162,,,,,,,,,,228,,313,,22,,,,141,270,313,547,259,28,,,562,,371,,190,,,,,,,,,,,,,,,147,17,,311,,,,,,,,,,51,,,,,,,,,45,,,,,,,,,,,,,,,49,,,,,58,,,,,,,150,,55,142,135,157,,339,34,,321,56,234,,177,196,250,84,,113,252,31,,991,,,,267,,85,,,,,,,,,,,,11,,4,,,,,,,,,134,,,164,,,,,,,,,,,,7,,,,,,,,,,,,173,66,,61,,97,41,,289,227,,,176,97,,102,,,,,,41,60,,18,103,153,14,30,121,240,,,14,26,257,,,744,66,,70,177,21,,,,,,,,,,,,,,,,,,,,,,,,88,,623,,150,192,193,,316,,,154,98,,,,,,,,,117,79,,96,,,103,,22,83,,12,262,76,10,,,,,,,,,,,,,,,,,,,,,,,,,,,,,,,,,,,,,,,,,,,,,,,,,,,,91,127,105,264,,64,178,58,481,61,170,,,133,,83,191,35,,98,394,270,,,,,,,427,,,248,,119,,,,61,
2026-08-26T10:45:01+00:00,54,,,,,28,,33,146,277,,,170,,,56,,,,,89,366,95,278,165,,63,,,,657,,,,,,,,,79,,,,,,,,,,61,,,28,,,10,18,,,,89,,,,,222,73,,,107,,,188,,,89,212,297,30,137,70,59,,,,,223,6,9,49,32,98,228,,292,181,178,14,,266,21,78,108,,,22,138,111,522,44,406,,,3,88,204,115,457,,,396,,,,,,,,,,,,,,,,,,,,,,,,,,,,,,,,,,,,,,,,,,,,,,271,311,,263,,,,558,321,368,,187,273,448,1006,,98,110,105,61,,214,309,62,,,146,17,,297,,,,,,,,,,56,,,,,,256,,,43,,,,,,,,,,60,,,,,50,,,,,57,,,,,,,147,,53,141,,155,,341,31,,320,61,235,265,,197,245,,,,253,32,,990,,,,,,,,,,,,,,,,,,10,8,,,,,417,,,,,129,,,158,,,,,,,,,,,,9,,,,,,,,,,,,170,68,3,63,26,99,,32,292,220,18,,174,98,,109,,,2,71,107,,55,3,19,98,157,13,29,126,239,,134,,30,,49,61,740,61,,72,178,26,,,,,,,,,,,,,,,,,,,,,,,,,,,,,,,,,,,,,,,,,,,,,,,,,,,,,19,81,45,16,255,74,9,,,,,,,,,,,,,,,,,,,,,,,,,,,,,,,,,,,,,,,,,,,,,,,,,,,,,126,102,265,,53,,,,57,175,279,78,134,,85,188,37,,97,,268,,,,,,,425,,,244,,117,55,,,62,
2026-08-26T10:50:01+00:00,,205,,,286,31,,40,149,275,,140,169,,,,,,,,,369,101,272,170,,58,,,,,17,,26,247,,1,,,,125,,,,11,,,,,64,,293,,95,,7,17,,,,,2,,,,221,72,,,,,,187,,,,207,,,,,,,,,,222,7,5,56,24,94,217,,291,182,175,10,,262,3,80,107,5,152,21,135,112,524,46,407,141,,,89,211,123,466,,,399,1,82,134,506,89,145,472,,,244,,,,,,136,,,,,377,,,,,110,163,,,,,,,123,,,226,,310,,16,,68,,142,270,312,546,267,29,,,554,,370,,180,,,,,,,,,,,,,,,,17,,290,,,,,,,,,8,52,,,,,,258,,,42,,,,,,,,,,59,,,,,49,,,,,,,,,,,,143,73,,139,133,152,,342,29,5,323,59,234,,179,196,248,85,,112,256,33,,989,,,,263,,86,,,,,,,,,,,,9,10,3,,,,419,,,,,125,,,,,,,,,,,,,,,10,,,,,,,,,,,,173,69,,,25,98,40,29,,221,17,,175,97,35,111,,,,,,46,60,0,17,100,156,15,30,125,229,,,16,28,255,43,60,732,78,,69,175,34,,,,,,,,,,,,,,,,,,,,,,396,,93,,622,,151,190,197,256,,,,153,100,,,,,,35,,,112,,63,98,,,105,232,17,85,41,15,247,75,11,44,46,347,36,,129,,165,174,184,54,196,,186,21,186,,,105,,,,,,,,,,,,,,,,,,,,,,,,,,,,,,,,,,125,,257,,44,,,,54,172,277,,130,,83,187,34,,92,396,,,,,,,,,,,246,,114,56,,,59,
2026-08-26T10:55:01+00:00,61,207,,,291,,,36,146,276,,142,167,,,57,,,,,88,370,107,273,165,,56,,,31,651,18,,25,244,,,,,78,123,,,,,,,,,,,,29,,,6,18,3,,,,5,,,,220,,,8,,,,189,11,,88,210,294,34,139,79,61,,,,,,,,,,,,,,,,,,,,,,,,,,,,,,,,,,,,,,,,,,,,,,,,,,,,,,,,,,,,,,,,,,,,,,,,,,,,,,,,,,,,,271,311,547,270,28,,,552,,363,,169,,,1005,316,,111,102,,,215,311,60,,,143,17,2,280,,,,,,,,,7,49,,,,,,252,,,44,128,,,,,,,,,,,,,,,,,,,,,,,,,175,139,79,,136,131,151,,340,27,,324,63,,272,181,204,252,84,,106,260,31,,987,,,,260,,82,,,,,,,,,,,2,13,12,,,,,421,,,,,111,,,149,,,,,,,,,,,,8,,,,,,,,,,,,172,72,,62,30,99,39,,294,219,,,172,93,,109,,,,70,,40,61,4,21,102,158,12,31,122,224,,,17,,,,,,,,,,,,,,,,,,,,,,,,,,,,,,,,397,68,98,,623,,147,,186,254,317,,,154,102,,,,,,34,,,116,77,60,97,,,109,,20,94,,11,262,73,7,,,,,,,,,,,,,,,,,,,,,,,,,,,,,,,,,,,,,,,,,,,,,,,,,,,,,124,101,256,,37,175,59,483,51,,,,129,,81,182,35,,,397,269,,,,,,,419,121,,240,,109,,,,62,
2026-08-26T11:00:01+00:00,63,205,,,286,29,,35,147,277,,139,169,,,60,,,,,87,372,108,270,,,54,,,,647,,,,245,,4,,,79,126,,,,,,,,,62,,296,,,,7,17,,,,88,6,,6,83,,71,,7,106,,,194,,,89,208,,,,,,,,,,223,,3,55,,92,218,,,185,,12,159,257,,81,109,4,156,19,134,115,523,,404,144,73,2,86,210,,471,,,397,2,87,128,513,93,135,474,51,,238,,,,,,131,,,,,,,,,,109,158,,,,,,,130,,,229,,315,,38,,70,,152,270,312,546,277,,,,551,319,362,,176,,,,,,,,,,,,,1,,149,17,,271,,,,,,,,,,46,,,,,,,,,45,129,,,,,,,,,58,,,,,,,,,,56,,,,,,,143,83,51,137,139,156,,343,29,,320,67,237,273,,203,254,,,109,259,32,,988,,,,255,,84,,,,,,,,,,,1,11,11,5,,,,,,,,,103,,,152,,,,,,,,,,,,9,,,,,,,,,,,,170,,4,63,29,100,,27,298,217,,,174,97,,110,,,,72,108,38,62,3,22,105,157,,28,124,223,31,135,15,31,,35,61,724,71,,68,171,30,,,,,,,,,,,,,,,,,,,,,,,,,,,,,,,,,,,,,,,,,,,,,,,,,,,,,,95,39,6,274,,6,,,,,,,,,,,,,,,,,,,,,,,,,,,,,,,,,,,,,,,,,,,,,,,,,,,,92,122,99,252,,27,171,58,480,48,165,276,,128,,82,180,31,,89,393,271,,,,,,,421,120,,233,,107,54,,,60,
2026-08-26T11:05:01+00:00,62,203,,,285,30,,37,138,282,,146,167,,,61,,,,,,370,111,266,164,,56,,,32,,,,27,,,5,,,77,127,,,,,,,,,61,,294,,,,4,18,,,,89,8,,0,,,72,4,8,107,,,,10,,91,205,297,36,145,88,57,,,,,,13,6,61,20,94,214,,,,,22,,256,1,80,,1,,21,133,,520,47,401,142,71,4,89,208,125,477,,,398,,,,,,,,,,,,,,,,,,,,,,,,,,,,,,,,,,,,,,,,,,,,,,,,544,276,29,,,549,,358,,174,272,445,1013,,,,97,,165,216,320,66,0,,146,17,4,258,,,,,,,,,,57,,,,,,254,,,49,128,,,,,,,,,57,,,,,,,,,,,,,,,,174,146,87,52,139,142,149,,344,31,,323,72,236,277,184,205,253,,,110,258,,,985,,,,,,,,,,,,,,,,,,13,,7,,,,420,,,,,102,,,153,,,,,,,,,,,,,,,,,,,,,,,,171,74,6,,,99,,29,299,215,,,175,,34,109,,,,,,35,59,,24,106,159,,27,126,226,30,,14,32,254,31,60,725,67,,,174,27,,,,,,,,,,,,,,,,,,,,,,392,67,95,,621,,148,192,183,253,316,,,155,,,,,,,31,,,,79,58,95,,11,115,,21,92,40,13,273,,9,46,42,345,39,35,,21,172,163,186,42,198,,183,16,196,,,98,,,,,,,,,,,,,,,,,,,,,,,,,,,,,,,,,91,,97,248,,29,170,55,481,55,,278,,129,,80,2,30,,90,394,272,,,,,,,419,,,231,,108,53,,,57,
2026-08-26T11:10:01+00:00,,,,,283,29,,35,136,283,,,174,,,60,,,,,89,369,112,267,163,,55,,,33,,17,,25,244,,,,,78,126,,,,,,,,,,,293,,,,,,,,,88,,,,82,218,,,,,,,199,,,90,207,299,43,146,90,48,,,,,225,10,,64,27,95,209,1,289,183,176,,,260,,,110,3,,,132,116,517,43,396,141,68,5,88,206,124,485,,,401,1,,,,,,,,,,,,,,,136,,,,,375,,,,,108,159,,,,,,,137,,,223,,327,,40,,,,156,273,,547,282,27,,,546,321,364,,176,,,,,,,,,,,,,2,,,17,3,249,,,,,,,,,,68,,,,,,261,,,46,,,,,,,,,,56,,,,,51,,,,,57,,,,,,,145,88,50,,141,147,,342,27,,324,85,237,280,185,207,261,85,,115,262,33,,987,,,,256,,81,,,,,,,,,,,0,14,12,5,,,,,,,,,99,,,151,,,,,,,,,,,,10,,,,,,,,,,,,172,,7,66,38,98,,33,298,213,18,31,178,98,35,119,,,1,73,109,40,61,,28,109,158,15,29,,233,31,,13,34,256,,,723,63,,66,171,,,,,,,,,,,,,,,,,,,,,,,384,65,96,,624,,149,193,176,252,315,,,,103,,,,,,32,,,120,80,59,94,,16,117,231,18,100,41,19,272,71,7,,,,,,,,,,,,,,,,,,,,,,,,,,,,,,,,,,,,,,,,,,,,,,,,,,,,,,,251,,26,171,57,480,53,168,,,126,,,1,29,,88,395,270,,,,,,,421,,,226,,107,,,,59,
2026-08-26T11:15:01+00:00,63,204,,,287,,,29,137,,,147,179,,,59,,,,,88,371,118,,158,,,,,34,650,,,27,242,,3,,,77,125,,,,,,,,,63,,295,,,,5,15,,,,,9,,5,,219,71,5,,106,,,200,,,,,,,,,,,,,,226,4,,61,29,96,210,,,,,20,160,261,,79,112,1,155,23,,115,,45,403,138,66,,91,205,129,491,,,403,,,,,,,,,,,,,,,,,,,,,,,,,,,,,,,,,,,,,,,,,,,,,,274,314,,288,22,,,545,322,363,,179,,443,1014,321,,107,101,,166,219,317,72,4,,148,17,9,253,,,,,,,,,,71,,,,,,266,,,,129,,,,,,,,,58,,,,,50,,,,,,,,,,,175,152,94,52,136,139,144,,341,31,,328,84,238,291,,213,263,86,,118,265,32,,991,,,,259,,,,,,,,,,,,,,11,,,,,,421,,,,,,,,155,,,,,,,,,,,,,,,,,,,,,,,,171,75,10,64,39,,40,45,302,214,20,32,174,,34,122,,,2,,108,34,58,,27,108,159,16,,,232,,,,,,,,,,,,,,,,,,,,,,,,,,,,,,,,,,,381,67,95,,629,,147,195,177,251,316,,,151,,,,,,,30,,,123,84,61,92,,13,,230,20,108,46,24,276,,9,,,,,,,,,,,,,,,,,,,,,,,,,,,,,,,,,,,,,,,,,,,,,,,,,,,,,123,96,252,,27,169,,478,,173,281,80,128,,79,-230,28,,89,396,272,,,,,,,,,,219,,105,56,,,60,
2026-08-26T11:20:01+00:00,59,207,,,291,30,,35,135,281,,151,183,,,61,,,,,89,373,115,268,155,,,,,,643,,,26,240,,0,,,80,121,,,,10,,,,,,,,28,,,6,17,,,,87,,,,81,,70,,9,107,,,,9,,91,208,305,39,148,98,45,,,,,,,,,,,,,,,,,,,,,,,,,,,,,,,,,,,,,,,,,82,130,523,95,117,480,51,,219,,,,,,132,,,,,378,,,,,104,157,,,,,,,130,,,227,,325,,66,,75,,155,,,,,,,,,,,,,,,,,,,,,,,,,,,,,,,,,,,,,,,,,,,,,,,,,,,,,,,,,,,,,,,,,,,,,,,,,,,,,,,,,,,,,,332,87,240,301,182,214,273,,,117,262,35,,990,,,,,,,,,,,,,,,,,,,,,,,,,,,,,,,,,,,,,,,,,,,,,,,,,,,,,,,,,,,,,,,,,,,,,,,,,,,,,,,,,,,,,,,,,,,,,,,,,,,,,,,,,,,,,,,,,,,,,,,,,378,68,,,628,,151,,173,250,319,,,159,,,,,,,,,,126,85,,94,12,9,121,229,,,,,,,,,,,,,,,,,,,,,,,,,,,,,,,,,,,,,,,,,,,,,,,,,,,,,,,,,,,95,,95,251,1,32,170,56,476,52,176,283,81,127,,,1,32,,86,401,,,,,,,,,,,207,,102,58,,,65,
2026-08-26T11:20:02+00:00,,,,,,,,,,,,,,,,,,,,,,,,,,,,,,,,,,,,,,,,,,,,,,,,,,,,,,,,,,,,,,,,,,,,,,,,,,,,,,,,,,,,,,,,,,,,,,,,,,,,,,,,,,,,,,,,,,,,,,,,,,,,,,,,,,,,,,,,,,,,,,,,,,,,,,,,,,,,,,,,,,,,,,,,313,548,289,23,,,,,367,,187,,,,,,,,,,,,,6,,147,17,10,,,,,,,,,,,72,,,,,,275,,,48,,,,,,,,,,,,,,,,,,,,58,,,,,,177,153,99,51,134,140,150,,339,30,,,,,,,,,,,,,,,,,,,258,,,,,,,,,,,,,,16,,,,,,,,,,,101,,,157,,,,,,,,,,,,,,,,,,,,,,,,165,76,,61,38,100,,52,304,218,,31,176,100,,125,,,,75,106,31,65,5,,110,,19,30,,234,,,,31,253,49,,735,62,,67,,24,,,,,,,,,,,,,,,,,,,,,,,,,,,,,,,,,,,,,,,,,,,,,,,,,,,,,,99,42,,284,70,15,45,33,346,40,31,120,19,,153,193,37,197,,180,9,194,,,91,,,,,,,,,,,,,,,,,,,,,,,,,,,,,,,,,,,,,,,,,,,,,,,,,,,,,,,,,,,,,,,,,,,,,,,
2026-08-26T11:25:01+00:00,60,,,,287,27,,37,132,,,,178,,,64,,,,,90,371,117,263,,,56,,,,641,,,,239,,,,,81,122,,,,13,,,,,,,294,27,,,10,,,,,89,7,,,,220,71,,8,108,,,206,10,,92,210,,,,,,,,,,227,7,,64,31,99,204,3,,,174,30,,270,1,78,,,154,,135,,516,43,,106,,4,92,203,130,492,,,401,,83,,532,93,108,,53,,210,,,,,,136,,,,,,,,,,106,153,,,,,,,,,,228,,327,,77,,,,161,278,316,,290,24,,,542,321,365,,184,274,445,1023,329,,109,100,62,168,218,320,77,9,,151,17,13,243,,,,,,,,,,67,,,,,,278,,,54,,,,,,,,,,59,,,,,,,,,,59,,,,,,179,150,97,59,137,142,146,,340,37,,,,247,303,,,275,,,121,264,37,,991,,,,257,,80,,,,,,,,,,,,17,9,,,,,420,,,,,,,,158,,,,,,,,,,,,12,,,,,,,,,,,,168,78,12,65,41,,,50,,225,,32,177,101,33,129,,,3,,,37,63,,31,,158,,28,129,230,30,136,,,,,,,,,,,,,,,,,,,,,,,,,,,,,,,,,375,,,,630,,152,198,,255,317,,,,,,,,,,29,,,,84,60,,13,17,118,230,,100,44,,285,68,16,,,,,,,,,,,,,,,,,,,,,,,,,,,,,,,,,,,,,,,,,,,,,,,,,,,,97,124,94,249,2,30,,55,474,60,177,284,82,128,,82,-230,34,,87,405,270,,,,,,,428,,,213,,104,56,,,60,
2026-08-26T11:30:01+00:00,63,208,54,,282,24,,42,139,,,153,,,,,,,,,88,370,122,262,156,,57,,,35,646,,,29,238,,1,,,,120,,,,,,,,,65,,,28,,,11,15,,,,90,,,,,,70,3,7,107,,,207,7,,93,,311,46,144,99,46,,,,,,,,,,,,,,,,,,,,,,,,,,,,,,,,,,,,,,,,,,,,,,,,,,,,,,,,,,,,,,,,,,,,,,,,,,,,,,,,,,,,,,317,550,295,23,,,539,,364,,183,,,,,,,,,,,,,10,,158,17,11,233,,,,,,,,,,62,,,,,,281,,,55,,,,,,,,,,60,,,,,,,,,,60,,,,,,178,155,99,61,139,,147,,342,38,,336,82,246,299,184,215,281,87,,,263,36,,,,,,259,,79,,,,,,,,,,,,16,,3,,,,,,,,,,,,,,,,,,,,,,,,11,,,,,,,,,,,,171,80,16,66,42,,41,49,308,228,,33,182,100,,,,,,,,50,65,8,34,111,159,,32,127,234,32,134,,0,251,30,,742,60,,72,167,26,,,,,,,,,,,,,,,,,,,,,,,69,97,,628,,154,,,256,320,,,161,102,,,,,,31,,,125,86,62,91,,24,122,228,22,105,40,26,274,70,10,,,,,,,,,,,,,,,,,,,,,,,,,,,,,,,,,,,,,,,,,,,,,,,,,,,,96,123,93,,,32,176,,,65,176,281,,126,,81,,33,,,,271,,,,,,,427,,,206,,,57,,,58,
2026-08-26T11:35:01+00:00,61,206,,,286,26,,44,144,286,,151,179,,,,,,,,,,,261,149,,56,,,36,645,19,,31,236,,4,,,79,118,,,,,,,,,,,293,,94,,12,18,,,,89,,,0,,,71,2,,108,,,,6,,90,208,,,,,,,,,,,,,,,,,,,,,,,,,,,,,,,,,,,,,,,,,,,,,,,,,,,,,,,,,,,,,,,,,,,,,,,,,,,,,,,,,,,,,,,,,,,,,,,,,,,,,,,,,,,,,,,,,,,,,,,,,,,,,,,,,,,,,,,,,,,,,,,,,,,,,,,,,,,,,,,,,,,,,,,,,,,,,,,340,78,247,308,185,217,283,86,,120,265,35,,993,,,,,,,,,,,,,,,,,,,,,,,,,,,,,,,,,,,,,,,,,,,,,,,,,,,,,,,,,,,,,,,,,,,,,,,,,,,,,,,,,,,,,,,,,,,,,,,,,,,,,,,,,,,,,,,,,,,,,,,,,377,67,88,,630,,155,197,169,,,,,158,103,,,,,,33,,,136,82,59,89,,29,118,225,,,,,,,,,,,,,,,,,,,,,,,,,,,,,,,,,,,,,,,,,,,,,,,,,,,,,,,,,,,,124,,243,,31,,56,477,61,175,279,80,127,,,,34,,,410,273,,,,,,,425,,,199,,102,,,,61,
2026-08-26T11:35:02+00:00,,,,,,,,,,,,,,,,65,,,,,86,,123,,,,,,,,,,,,,,,,,,,,,,,,,,,,,,,,,,,,,,,,,,,,,,,,,,,,,,,,,,,,,,,,,13,,,32,102,193,8,288,,175,29,,273,,79,,,160,22,134,116,,44,408,122,,2,87,,131,487,,1,,,84,127,535,94,102,477,,,201,,,,,,143,,,,,379,,,,,107,154,,,,,,,126,,,226,,330,,98,,79,,160,276,314,549,291,24,,,540,319,371,,,,,,331,96,113,102,59,167,215,322,79,7,,156,17,7,234,,,,,,,,,,66,,,,,,286,,,56,130,,,,,,,,,61,,,,,,,,,,62,,,,,,177,157,102,63,137,147,149,,340,36,,,,,,,,,,,,,,,,,,,254,,78,,,,,,,,,,,2,,,5,,,,419,,,,,100,,,,,,,,,,,,,,,12,,,,,,,,,,,,173,,17,,,99,42,47,304,223,,,186,,,132,,,,,105,53,67,9,41,107,161,20,33,,239,33,136,14,,248,36,,745,68,,73,166,25,,,,,,,,,,,,,,,,,,,,,,,,,,,,,,,,,,,,,,,,,,,,,,,,,,,,,24,102,,,276,72,12,,,344,,32,117,18,176,154,198,36,203,,186,8,202,,,84,,,,,,,,,,,,,,,,,,,,,,,,,,,,,,,,,,,,,,,,,,,,,,,,,,,,,,,,,,,,,,,,,,,,,,,
2026-08-26T11:40:01+00:00,,208,,,295,25,,48,146,284,,148,183,,,68,,,,,,375,121,258,155,,,,,,646,18,,32,,,2,,,78,,,,,,,,,,66,,294,29,96,,17,19,,,,,8,,5,,,72,4,,109,,,213,,,,207,310,43,145,,,,,,,,,5,62,,100,185,23,289,184,176,27,161,274,5,,114,,161,16,,117,,,402,,67,3,,208,134,,,,399,,90,133,538,97,83,,55,,192,,,,,,142,,,,,384,,,,,108,,,,,,,,119,,,224,,323,,113,,81,,,,317,,289,23,,,,318,377,,181,,,,,,,,,,,,,9,,161,17,10,232,,,,,,,,,,69,,,,,,293,,,57,,,,,,,,,,59,,,,,48,,,,,,,,,,,178,158,104,,132,141,150,,,,,343,85,249,302,186,221,285,89,,119,263,37,,996,,,,252,,,,,,,,,,,,,5,22,10,4,,,,422,,,,,98,,,,,,,,,,,,,,,,,,,,,,,,,,,172,81,18,70,41,100,,52,308,226,21,,187,104,,131,,,5,,,55,70,8,47,,162,,36,,240,34,137,13,,,,,,,,,,,,,,,,,,,,,,,,,,,,,,,,375,,87,,628,,,199,168,258,321,,,156,102,,,,,,31,,,140,85,55,,,28,115,224,26,107,41,22,271,71,15,,,,,,,,,,,,,,,,,,,,,,,,,,,,,,,,,,,,,,,,,,,,,,,,,,,,,128,92,250,,32,177,55,476,62,168,278,,126,,,,,,84,409,271,,,,,,,423,,,,,103,56,,,67,
2026-08-26T11:45:01+00:00,63,207,55,,301,27,,44,156,281,,145,,,,,,,,,85,372,123,262,154,,59,,,34,647,,,33,238,,,,,80,121,,,,12,,,,,67,,,,98,,14,,2,,,90,,1,7,,219,73,,,,,,217,,,93,210,,,,,,,,,,,,,,,,,,,,,,,,,,,,,,,,,,,,,,,,,,,,,,,,,,,,,,,,,,,,,,,,,,,,,,,,,,,,,,,,,,,,,,,,,,275,315,550,286,25,,,,,378,,175,,443,1020,329,97,112,108,,168,213,324,91,5,,160,17,8,231,,,,,,,,,6,68,,,,,,292,,,,,,,,,,,,,58,,,,,49,,,,,63,,,,,,,,,,,,,,,,,345,88,254,312,187,225,,,,123,270,38,,1000,,,,253,,74,,,,,,,,,,,7,21,12,,,,,,,,,,99,,,159,,,,,,,,,,,,10,,,,,,,,,,,,174,83,,,43,101,,46,,219,22,,193,100,,134,,,6,,103,54,72,9,56,110,165,21,38,128,241,,136,11,,251,18,61,,62,,71,168,36,,,,,,,,,,,,,,,,,,,,,,,,,,,,,,,,,,,,,,,,,,,,,,,,,,,,,28,99,44,27,270,68,13,,,,,,,,,,,,,,,,,,,,,,,,,,,,,,,,,,,,,,,,,,,,,,,,,,,,97,,,,6,33,174,54,,57,165,277,82,121,,82,,35,,88,406,,,,,,,,427,119,,201,,99,54,,,73,
2026-08-26T11:45:02+00:00,,,,,,,,,,,,,,,,,,,,,,,,,,,,,,,,,,,,,,,,,,,,,,,,,,,,,,,,,,,,,,,,,,,,,,,,,,,,,,,,,,,,,,,,,,,,,,,,,,,,,,,,,,,,,,,,,,,,,,,,,,,,,,,,,,,,,,,,,,,,,,,,,,,,,,,,,,,,,,,,,,,,,,,,,,,,,,,,,,,,,,,,,,,,,,,,,,,,,,,,,,,,,,,,,,,,,,,,,,,,,,,,,,,,,,,,,,,,,,,,,179,167,105,61,136,146,146,,341,31,6,,,,,,,,,,,,,,,,,,,,,,,,,,,,,,,,,,,,,,,,,,,,,,,,,,,,,,,,,,,,,,,,,,,,,,,,,,,,,,,,,,,,,,,,,,,,,,,,,,,,,,,,,,,,,,,,,,,,,,,,,,,,,,,,,,,,,,,,,,,,,,,,,,,,,,,,,,,,,,,,,,,,,,,,,,,,,,,,,,,,,,,,,,,,,,,,,,,,,,,,,,,,,,,,,,,,,,,,,,,,,,,,,,,,,,,,,,,,,,,,,,,,,,,,,,,,,,,,,,,,,,
2026-08-26T11:50:01+00:00,60,208,,144,293,26,,47,159,,,143,182,,,,,,,,83,375,132,264,151,,,,,,648,19,,,,,0,,,77,117,,,,13,,,,,70,,,,,,15,,3,,,91,7,0,6,80,218,70,1,,110,,,219,,,92,212,305,49,142,110,47,,,198,,228,11,8,61,30,103,191,39,288,,,36,162,277,11,80,,,,15,135,115,517,42,400,123,68,5,,206,142,502,,,398,,,,,,,,,,,,,,,,134,,,,,,,,,,107,155,,,,,,,122,,,221,,322,,117,,82,,164,,,,,,,,,,,,,,,,,,,,,,,,,,,,,,,,,,,,,,,,,,,,,,,,,,,,,,,,,,,,,,,,,,,,,,,,,,,,,,,,,,,,,,342,86,252,308,189,234,,,,,272,35,,1002,,,,,,,,,,,,,,,,,,,,,,,,,,,,,,,,,,,,,,,,,,,,,,,,,,,,,,,,,,,,,,,,,,,,,,,,,,,,,,,,,,,,,,,,,,,,,,,,,,,,,,,,,,,,,,,,,,,,,,,,,374,,,,637,,156,200,172,259,,,,162,101,,,,,,33,,,143,87,49,92,,31,122,222,,,,,,,,,,,,,,,,,,,,,,,,,,,,,,,,,,,,,,,,,,,,,,,,,,,,,,,,,,,,126,94,,7,32,168,,475,56,172,279,83,119,,76,,,,84,405,268,,,,,,,424,,,199,,100,53,,,70,
2026-08-26T11:50:02+00:00,,,,,,,,,,,,,,,,,,,,,,,,,,,,,,,,,,,,,,,,,,,,,,,,,,,,,,,,,,,,,,,,,,,,,,,,,,,,,,,,,,,,,,,,,,,,,,,,,,,,,,,,,,,,,,,,,,,,,,,,,,,,,,,,,,,,,,,,,,,,,,,,,,,,,,,,,,,,,,,,,,,,,,,278,312,549,284,27,,,,316,376,,174,,,,,,,,,,,,,8,,163,17,5,229,,,,,,,,,,71,,,,,,290,,,58,,,,,,,,,,60,,,,,,,,,,62,,,,,,,170,107,63,,147,150,,345,,,,,,,,,,,,,,,,,,,,250,,71,,,,,,,,,,,8,25,16,3,,,,424,,,,,103,,,160,,,,,,,,,,,,,,,,,,,,,,,,178,85,17,74,42,104,43,,,221,,,199,98,,138,,,,,104,58,71,8,59,,166,27,,131,245,,,12,,249,22,60,,56,,70,,31,,,,,,,,,,,,,,,,,,,,,,,,,,,,,,,,,,,,,,,,,,,,,,,,,,,,,27,94,42,26,,71,10,,32,347,,33,109,20,177,145,197,35,,,180,9,189,,,82,,,,,,,,,,,,,,,,,,,,,,,,,,,,,,,,,,,,,,,,,,,,,,,,,,,,,,,,,,,,,,,,,,,,,,,
2026-08-26T11:55:01+00:00,58,,54,,291,24,,52,164,283,,146,181,,,,,,,,,,137,259,152,,,,,36,650,,,36,239,,2,,,82,118,,,,12,,,,,66,,295,28,97,,17,,4,,,,,,0,,,68,2,8,,,,,,,,213,,,,,,,,,,,12,9,60,25,109,188,43,,185,180,26,161,278,3,78,,,165,14,,117,520,37,397,125,66,,86,209,,487,22,,402,,,,,,,,,,,,,,,,,,,,,,,,,,,,,,,,,,,,,,,,,,,,,,281,318,551,287,28,,,536,,380,,175,275,444,,325,98,107,,55,,212,327,96,5,,169,17,4,215,,,,,,,,,5,,,,,,,288,,,,,,,,,,,,,,,,,,50,,,,,61,,,,,,180,180,114,59,138,146,,,341,29,,344,88,,305,186,233,283,90,,,267,32,,1005,,,,248,,74,,,,,,,,,,,9,,15,2,,,,,,,,,97,,,165,,,,,,,,,,,,,,,,,,,,,,,,175,,,75,41,103,,,311,218,23,34,197,,34,140,,,7,,103,59,75,9,61,108,,,37,,,33,,10,,,,,,,,,,,,,,,,,,,,,,,,,,,,,,,,,,,,,,,,,,,,,,,,,,,,,,,,,,,,,,,,93,,27,285,72,,,,,,,,,,,,,,,,,,,,,,,,,,,,,,,,,,,,,,,,,,,,,,,,,,,,,96,,92,247,9,37,164,53,474,57,176,,,118,,77,,33,,,409,270,,,,,,,426,,,195,,98,,,,74,
2026-08-26T12:00:02+00:00,55,,,,296,,,,,282,,147,184,,,67,,,,,84,374,146,266,150,,58,,,35,655,18,,38,240,,3,,,,117,,,,11,,,,,65,,,,,,19,,,,,,,,,,220,,,7,109,,,217,14,,,215,301,45,150,102,49,,,,,,9,,62,28,112,,44,,,,18,162,281,8,79,,,171,15,,118,519,38,396,122,,,,211,144,496,,,,,91,138,553,92,52,480,54,,179,,,,,,138,,,,,385,,,,,109,154,,,,,,,121,,,219,,,,,,81,,173,279,316,552,286,29,,,535,317,379,,182,,,,,,,,,,,,,4,,168,17,2,,,,,,,,,,,67,,,,,,287,,,57,,,,,,,,,,,,,,,49,,,,,,,,,,,,177,119,,140,143,155,,340,,,,95,,320,,238,284,,,128,270,33,,1009,,,,,,73,,,,,,,,,,,,28,14,,,,,,,,,,96,,,166,,,,,,,,,,,,9,,,,,,,,,,,,,84,,,40,,,48,317,222,22,,198,100,,,,,8,,102,65,72,7,68,,164,28,41,,256,,,,,243,25,57,759,60,,,,25,,,,,,,,,,,,,,,,,,,,,,376,,86,,636,,160,,171,258,323,,,164,97,,,,,,32,,,140,89,46,89,,25,127,224,30,,46,28,293,70,6,,,,,,,,,,,,,,,,,,,,,,,,,,,,,,,,,,,,,,,,,,,,,,,,,,,,100,,,,5,30,,51,472,53,175,,,,,79,,,,83,407,,,,,,,,425,,,199,,,55,,,,
2026-08-26T12:05:01+00:00,53,207,,145,299,,,61,170,283,,149,183,,,68,,,,,,373,147,268,,,,,,36,656,,,39,241,,6,,,,118,,,,,,,,,,,,27,,,,18,,,,94,,,5,,,67,1,,108,,,,16,,95,,304,48,151,,46,,,,,,,,,,,,,,,,,,,,,,,,,,,,,,,,,,,,,,,,,88,134,560,94,39,479,,,177,,,,,,,,,,,,,,,,,,,,,,,,,,,,,,,,,,,,278,319,553,,,,,534,318,378,,188,,443,1024,323,99,,110,56,167,214,333,99,7,,171,17,,212,,,,,,,,,4,65,,,,,,296,,,60,,,,,,,,,,58,,,,,,,,,,60,,,,,,177,169,123,62,134,152,160,,336,26,7,345,,255,330,188,243,,,,130,275,38,,1015,,,,250,,76,,,,,,,,,,,13,,9,3,,,,428,,,,,94,,,164,,,,,,,,,,,,10,,,,,,,,,,,,171,85,,78,45,,,49,319,223,,,201,,33,145,,,,,98,68,,8,73,105,165,,42,,267,,,,,242,26,,761,59,,71,,27,,,,,,,,,,,,,,,,,,,,,,375,66,,,,,158,,170,257,325,,,162,96,,,,,,30,,,143,90,,90,,,130,225,,97,50,32,307,71,11,,,,,,,,,,,,,,,,,,,,,,,,,,,,,,,,,,,,,,,,,,,,,,,,,,,,,124,93,,2,29,163,,473,,,,,,,80,,,,82,,,,,,,,,426,,,194,,101,53,,,,
2026-08-26T12:10:02+00:00,55,208,55,,302,21,,73,169,286,,145,179,,,67,,,,,83,374,146,275,151,,56,,,37,661,20,,38,,,3,,,83,117,,,,,,,,,,,,28,98,,16,,5,,,96,4,,6,,,68,2,6,110,,,218,,,94,213,,,,,,,,,,229,6,,71,,111,177,,289,187,,28,163,282,3,77,,,177,8,,,,,395,126,65,7,,210,146,502,23,,400,,,,,,,,,,,,,,,,134,,,,,390,,,,,104,153,,,,,,,116,,,221,,324,,123,,76,,187,,318,555,288,,,,533,,376,,186,,,,,,,,,,,,,6,,,17,,217,,,,,,,,,,67,,,,,,304,,,58,,,,,,,,,,62,,,,,52,,,,,,,,,,,175,168,133,61,136,,159,,332,23,,342,98,261,,191,247,287,,,134,273,39,,1021,,,,242,,74,,,,,,,,,,,15,,,5,,,,,,,,,96,,,165,,,,,,,,,,,,8,,,,,,,,,,,,175,89,20,80,40,107,44,47,318,219,,,210,,,147,4,,7,,,77,,9,81,101,163,33,40,133,293,,,13,,239,25,58,759,61,,72,,26,,,,,,,,,,,,,,,,,,,,,,376,67,91,3,,,163,205,177,259,324,,,160,98,,,,,,32,,,145,91,49,94,,35,126,224,,114,46,28,312,72,10,,39,350,39,28,114,15,172,140,198,36,200,,177,11,184,,,79,,,,,,,,,,,,,,,,,,,,,,,,,,,,,,,,,,125,94,248,3,36,168,,474,,,,,117,,,,,,84,405,269,,,,,,,424,,,199,,105,54,,,71,
2026-08-26T12:15:01+00:00,58,210,,,301,19,,72,167,287,,151,183,,,66,,,,,80,373,151,276,153,,57,,,39,665,,,39,,,10,,,,120,,,,,,,,,56,,296,,97,,19,,6,,,,,,5,,,69,1,,109,,,222,17,,98,211,302,,153,98,43,,,197,,227,8,20,67,29,112,185,45,,186,178,31,164,281,2,,,1,,7,,120,,37,,128,66,10,90,,149,509,,,,,91,133,558,97,26,478,,,167,,,,,,,,,,,,,,,,,,,,,,,,,,,,,,,,,,,,277,,554,286,,,,529,,379,,188,,444,1028,327,100,113,114,,165,218,334,104,10,,170,17,5,212,,,,,,,,,3,56,,,,,,309,,,61,131,,,,,,,,,,,,,,51,,,,,,,,,,,176,173,143,62,140,158,165,,339,28,,340,94,263,333,192,251,284,89,,,276,38,,1029,,,,243,,73,,,,,,,,,,,18,31,10,6,,,,430,,,,,91,,,167,,,,,,,,,,,,10,,,,,,,,,,,,176,87,,81,,,43,57,314,,,,216,101,,150,,,,,99,79,,8,85,,,34,42,,303,32,135,15,,241,21,,760,50,,,,25,,,,,,,,,,,,,,,,,,,,,,,,,,,,,,,,,,,,,,,,,,,,,,,,,,,,,,106,48,29,323,76,14,,,,,,,,,,,,,,,,,,,,,,,,,,,,,,,,,,,,,,,,,,,,,,,,,,,,,,95,243,-100,33,170,52,,,,,,113,,82,,,,90,406,270,,,,,,,427,,,196,,104,52,,,67,
2026-08-26T12:20:02+00:00,,209,,,304,21,,68,163,288,,153,189,,,64,,,,,82,374,153,272,156,,59,,,40,668,,,41,239,,14,,,,122,,,,10,,,,,59,,299,27,96,,20,19,7,,,,5,,10,,219,,0,,,,,229,16,,99,213,,,,,,,,,,230,11,29,,31,113,184,44,288,187,181,44,166,283,1,76,116,3,184,25,,118,,35,398,135,65,9,94,211,153,503,,,399,1,,,,,,,,,,,,,,,135,,,,,388,,,,,109,152,,,,,,,124,,,218,,331,,128,,,,200,279,313,552,,30,,,527,319,369,,189,,,,,,,,,,,,,12,,168,17,1,214,,,,,,,,,,47,,,,,,301,,,57,133,,,,,,,,,61,,,,,52,,,,,61,,,,,,,176,144,63,137,161,166,,342,29,,342,,264,340,,253,293,88,,,,37,,1040,,,,242,,74,,,,,,,,,,,20,35,12,,,,,431,,,,,98,,,164,,,,,,,,,,,,9,,,,,,,,,,,,183,88,,82,42,105,45,61,318,216,,,220,105,,152,,,8,76,,83,73,7,86,98,160,37,,135,327,34,134,18,30,243,19,,764,52,,,169,18,,,,,,,,,,,,,,,,,,,,,,384,,,,635,,167,207,172,261,325,,,162,97,,,,,,35,,,147,96,55,92,,30,127,223,,107,,32,327,77,18,,,,,,,,,,,,,,,,,,,,,,,,,,,,,,,,,,,,,,,,,,,,,,,,,,,,,128,,244,1,41,172,50,,,,,,114,,83,,,,93,408,266,,,,,,,428,,,201,,,51,,,68,
2026-08-26T12:25:02+00:00,,210,,144,310,20,,71,166,286,,158,,,,62,,,,,83,376,155,271,157,,,,,41,672,,,40,238,,11,,,86,120,,,,11,,,,,61,,302,,95,,21,20,,,,98,6,,11,,,,,7,110,,,232,17,,,214,300,54,163,91,44,,,,,,,,,,,,,,,,,,,,,,,,,,,,,,,,,,,,,,,,,92,,566,102,6,,,,163,,,,,,129,,,,,389,,,,,112,151,,,,,,,129,,,219,,332,,130,,78,,204,280,319,,,29,,,,321,368,,184,,443,1029,332,103,114,112,,169,221,,106,11,,169,17,3,205,,,,,,,,,,45,,,,,,304,,,56,,,,,,,,,,60,,,,,,,,,,,,,,,,175,182,155,64,138,163,164,,347,31,,,96,268,346,194,256,295,,,132,280,40,,1046,,,,239,,73,,,,,,,,,,,21,,11,,,,,430,,,,,94,,,168,,,,,,,,,,,,,,,,,,,,,,,,185,90,21,86,39,108,50,65,325,222,,35,225,,,151,,,,77,,76,72,8,88,,159,40,36,,349,,,17,27,244,26,,,,,71,,22,,,,,,,,,,,,,,,,,,,,,,393,,99,,631,,171,206,168,264,321,,,164,,,,,,,36,,,151,,53,90,,27,,224,,108,,33,330,78,13,46,37,348,,34,,19,174,141,190,49,202,,171,7,189,,,65,,,,,,,,,,,,,,,,,,,,,,,,,,,,,,,,,103,129,94,250,2,45,177,,475,40,175,279,83,115,,,,33,,92,409,264,,,,,,,431,119,,202,,105,52,,,69,
2026-08-26T12:30:01+00:00,63,209,,,315,18,,,170,287,,,188,,,60,,,,,85,378,161,273,,,60,,,,676,,,41,239,,13,,,,,,,,,,,,,67,,306,28,98,,25,21,,,,99,7,,10,,,,,,,,,,16,,98,213,,,,,,,,,,,10,37,,32,115,,46,,186,183,31,167,281,,,113,2,183,17,,,,32,401,133,61,11,95,210,158,518,22,,,2,,,,,,,,,,,,,,,,,,,,,,,,,,,,,,,,,,,,,,,,,,,,,282,323,551,290,,,,526,318,375,,188,,,,,,,,,,,,,6,,,17,,,,,,,,,,,,50,,,,,,305,,,,134,,,,,,,,,58,,,,,,,,,,62,,,,,,,184,159,65,142,168,166,,344,29,,346,95,271,352,193,257,293,90,,,279,43,,1051,,,,243,,72,,,,,,,,,,,22,34,8,,,,,432,,,,,98,,,171,,,,,,,,,,,,10,,,,,,,,,,,,182,91,,,40,,,70,328,228,,,224,102,,152,,,,,,77,69,,89,96,160,43,35,136,357,33,,18,,,,,,,,,,,,,,,,,,,,,,,,,,,,,,,,,,,,,,,,,,,,,,,,,,,,,,,,,,,,,,,33,120,49,36,333,79,19,,,,,,,,,,,,,,,,,,,,,,,,,,,,,,,,,,,,,,,,,,,,,,,,,,,,104,128,96,243,1,43,182,52,476,,,,,117,,84,,,,,413,266,,,,,,,,,,212,,108,49,,,72,
2026-08-26T12:35:02+00:00,59,212,,,317,,,78,168,286,,153,190,,,58,,,,,88,377,168,277,161,,61,,,42,686,,,43,238,,15,,,,,,,,10,,,,,71,,,,102,,,22,,,,98,8,,14,,218,,,,109,,,226,17,,97,,301,57,175,89,45,,,,,,,,,,,,,,,,,,,,,,,,,,,,,,,,,,,,,,,,,97,136,,107,,484,55,,159,,,,,,131,,,,,392,,,,,110,153,,,,,,,137,,,223,,338,,156,,,,209,284,320,553,293,31,,,532,321,370,,190,,446,1030,330,104,117,111,57,,227,329,109,7,,167,17,5,209,,,,,,,,,,56,,,,,,307,,,,,,,,,,,,,,,,,,,,,,,,,,,,,174,189,161,,134,170,165,,346,32,,347,93,273,358,,258,297,91,,,280,40,,1058,,,,245,,68,,,,,,,,,,,19,,9,,,,,437,,,,,106,,,168,,,,,,,,,,,,,,,,,,,,,,,,,88,22,87,38,,51,,329,233,,,227,106,34,151,,,,78,100,83,67,7,93,98,165,48,,137,382,31,,16,28,242,27,57,756,59,,73,165,20,,,,,,,,,,,,,,,,,,,,,,390,69,100,0,629,,177,210,173,266,319,,,,,,,,,,35,,,152,98,51,88,,21,128,227,34,125,46,40,330,81,21,,,,,,,,,,,,,,,,,,,,,,,,,,,,,,,,,,,,,,,,,,,,,,,,,,,,106,129,97,240,-100,,188,53,477,,171,278,79,115,,85,,,,91,415,267,,,,,,,434,119,,210,,109,47,,,67,
2026-08-26T12:40:01+00:00,62,214,,,320,21,,,166,,,150,191,,,59,,,,,87,376,167,283,165,,63,,,40,,,,40,242,,14,,,88,,,,,11,,,,,75,,304,27,104,,,23,,,,,,5,12,79,222,,,,110,,,227,,,,,,,,,,,,,,233,13,,70,35,,190,47,289,185,185,46,169,284,9,78,,1,182,21,136,121,,36,403,131,60,16,97,208,161,530,,,,,,,,,,,,,,,,,,,,,,,,,,,,,,,,,,,,,141,,,220,,345,,141,,,,211,,321,552,289,34,,,534,,358,,188,,,,,,,,,,,,,5,,168,17,3,203,,,,,,,,,,60,,,,,,306,,,,,,,,,,,,,59,,,,,51,,,,,63,,,,,,175,193,162,,135,,160,,348,,,,104,274,363,195,263,,92,,134,,42,,,,,,247,,66,,,,,,,,,,,22,39,8,4,,,,438,,,,,103,,,172,,,,,,,,,,,,,,,,,,,,,,,,181,90,23,86,,,50,76,336,236,,,231,105,,152,,,,,105,84,66,9,95,95,,60,40,139,394,,,18,,,,,,,,,,,,,,,,,,,,,,,,,,,,,,,,392,,101,,630,,175,211,175,269,318,,,,,,,,,,36,,,154,101,52,87,,,134,,31,135,51,41,333,,24,,42,352,43,35,,20,169,151,,,201,,166,4,194,,,72,,,,,,,,,,,,,,,,,,,,,,,,,,,,,,,,,109,130,98,236,,46,187,,,,,,,113,,,,42,,92,417,,,,,,,,433,,,209,,114,49,,,65,
2026-08-26T12:45:01+00:00,63,216,,,329,,,,171,,,155,193,,,61,,,,,86,378,170,285,174,,64,,,41,683,21,,,241,,,,,89,,,,,,,,,,78,,309,28,108,,24,,,,,,9,8,18,,,70,,,,,,,,,,216,302,,178,102,49,,,,,234,15,41,75,42,118,188,46,,186,184,40,170,288,13,,,7,176,,,120,,,406,,59,17,102,,157,536,,,400,,98,138,577,109,2,482,54,,156,,,,,,130,,,,,393,,,,,112,155,,,,,,,144,,,226,,349,,148,,81,,217,282,328,,295,29,,,535,,357,,183,,445,,328,,116,112,,170,225,332,113,8,,171,17,1,208,,,,,,,,,,56,,,,,,307,,,54,,,,,,,,,,66,,,,,,,,,,,,,,,,176,,164,,133,164,163,,347,30,,342,113,,361,197,,,93,,133,284,,,1065,,,,,,63,,,,,,,,,,,23,40,6,3,,,,442,,,,,101,,,,,,,,,,,,,,,9,,,,,,,,,,,,180,92,22,88,37,,49,81,337,234,,,235,108,36,150,,,,,104,88,,11,100,90,167,62,36,138,401,30,133,19,30,241,29,60,755,61,,72,,12,,,,,,,,,,,,,,,,,,,,,,,,,,,,,,,,,,,,,,,,,,,,,,,,,,,,,32,138,52,37,334,,23,,,,,,,,,,,,,,,,,,,,,,,,,,,,,,,,,,,,,,,,,,,,,,,,,,,,113,129,95,238,,48,186,54,474,25,162,279,82,116,,,,45,,93,,269,,,,,,,,121,,219,,115,51,,,61,
2026-08-26T12:50:02+00:00,60,220,56,143,332,22,,85,166,,,153,196,,,62,,,,,88,380,172,289,170,,65,,,44,684,,,39,,,16,,,88,122,,,,10,,,,,85,,313,,110,,25,,,,,,,9,19,80,228,,,9,109,,,228,18,,98,213,,,,,,,,,,235,10,40,86,45,122,203,44,,187,,46,171,293,17,81,112,9,182,23,137,,523,40,402,,62,15,,212,,547,,,401,1,,,,,,,,,,,,,,,,,,,,,,,,,,,,,,,,,,,,,,,,,,,,,284,330,551,296,,,,538,317,352,,180,,,,,,,,,,,,,,,173,17,6,,,,,,,,,,,67,,,,,,303,,,,,,,,,,,,,65,,,,,52,,,,,62,,,,,,177,192,170,70,,,160,,345,,,,114,280,,201,264,293,94,,134,282,40,,1069,,,,249,,,,,,,,,,,,,24,37,5,2,,,,,,,,,110,,,171,,,,,,,,,,,,,,,,,,,,,,,,,95,21,91,39,116,50,91,,239,,34,234,109,,151,,,7,77,105,97,,,105,83,165,67,38,139,404,,,18,33,238,27,,760,70,,73,166,20,,,,,,,,,,,,,,,,,,,,,,393,71,100,,631,,176,209,174,272,315,,,,94,,,,,,37,,,164,,55,89,,20,131,224,34,150,55,39,328,,25,,,,,,,,,,,,,,,,,,,,,,,,,,,,,,,,,,,,,,,,,,,,,,,,,,,,,130,94,231,2,51,185,56,471,29,160,,,,,,,44,,,413,,,,,,,,436,,,216,,113,50,,,63,
2026-08-26T12:55:02+00:00,,,,,339,21,,80,167,285,,157,192,,,64,,,,,90,379,175,293,175,,,,,46,,20,,40,,,20,,,89,,,,,11,,,,,86,,317,,111,,26,22,,,,101,,10,27,,229,,,,108,,,231,,,,216,297,49,182,98,58,,,,,,,,,,,,,,,,,,,,,,,,,,,,,,,,,,,,,,,,,100,136,597,102,4,486,,,154,,,,,,119,,,,,397,,,,,116,160,,,,,,,138,,,229,,353,,149,,82,,220,283,,550,297,31,,,541,,348,,184,,444,1032,331,,117,113,56,169,228,336,,6,,174,16,5,203,,,,,,,,,,68,,,,,,307,,,55,,,,,,,,,,68,,,,,,,,,,60,,,,,,178,202,168,71,132,,157,,340,31,6,343,111,279,364,,262,294,95,,133,279,37,,1070,,,,251,,,,,,,,,,,,,23,36,4,,,,,443,,,,,116,,,176,,,,,,,,,,,,,,,,,,,,,,,,186,97,,88,34,117,,87,346,234,,35,236,110,35,152,,,9,76,106,95,,10,,84,168,71,34,,412,27,,16,,237,28,,763,76,,,165,24,,,,,,,,,,,,,,,,,,,,,,394,73,101,,634,,177,,173,274,316,,,,93,,,,,,40,,,165,,57,88,,22,132,227,36,160,60,38,322,79,31,47,44,350,42,36,116,23,,158,188,57,203,,165,9,196,,,71,,,,,,,,,,,,,,,,,,,,,,,,,,,,,,,,,,129,95,227,,50,183,,472,24,,278,83,117,,88,,43,,94,416,272,,,,,,,433,,,,,115,51,,,62,
2026-08-26T13:00:02+00:00,58,223,,,,19,,,172,284,,155,186,,,65,,,,,93,381,177,299,,,,,,,681,19,,41,245,,24,,,88,121,,,,,,,,,83,,325,,110,,,19,,,,103,10,16,28,,230,,,,111,,,234,17,,102,213,,,,,,,,,,238,8,43,93,42,124,199,,291,188,183,44,174,292,11,82,,,178,26,138,,526,39,415,135,,,105,213,159,542,,,,3,,,,,,,,,,,,,,,,,,,,,,,,,,,,,,,,,,,,,,,,,,,,,287,327,548,,28,,,543,,,,179,,,,,,,,,,,,,0,,171,16,12,205,,,,,,,,,,65,,,,,,310,,,57,132,,,,,,,,,66,,,,,49,,,,,59,,,,,,177,198,170,73,,163,156,,341,,,341,115,,361,203,261,291,96,,132,273,36,,1073,,,,,,64,,,,,,,,,,,25,33,5,4,,,,446,,,,,117,,,178,,,,,,,,,,,,10,,,,,,,,,,,,192,96,,,37,116,49,,348,231,24,,241,109,,,3,,10,75,,91,65,,106,86,169,74,35,138,418,26,,,,,,,,,,,,,,,,,,,,,,,,,,,,,,,,,,,,,,,,,,,,,,,,,,,,,,,,,,,,,,,,,35,162,54,,333,,,,,,,,,,,,,,,,,,,,,,,,,,,,,,,,,,,,,,,,,,,,,,,,,,,,,,117,131,99,223,3,58,,57,470,30,,279,86,,,90,,46,,,,267,,,,,,,438,,,208,,118,,,,56,
2026-08-26T13:05:02+00:00,,222,,144,345,21,,81,176,285,,150,185,,,68,,,,,96,408,176,292,174,,,,,50,,,,40,244,,28,,,90,118,,,,12,,,,,82,,,27,,,,21,,3,,104,11,14,,,229,73,,8,110,,,,,,101,211,294,50,189,101,62,,,198,,243,,41,102,48,,197,42,289,,188,41,178,293,13,,,10,181,30,139,,,33,420,,69,21,111,216,161,548,,,,5,,,,,,,,,,,,,,,109,,,,,398,,,,,114,162,,,,,,,145,,,227,,363,,169,,87,,232,288,329,547,299,31,,,545,,341,,173,274,442,1035,323,,119,115,,,227,338,162,8,,176,16,13,,,,,,,,,,,55,,,,,,314,,,56,,,,,,,,,,,,,,,48,,,,,,,,,,,178,205,168,76,133,165,152,,339,32,,336,,280,,,265,294,,,133,280,34,,1079,,,,255,,63,,,,,,,,,,,23,31,9,7,,,,448,,,,,116,,,176,,,,,,,,,,,,,,,,,,,,,,,,197,99,22,87,35,,47,92,351,227,30,36,244,112,,153,,,,72,105,87,68,8,108,84,164,77,33,137,426,25,131,15,27,240,35,,754,81,,75,168,27,,,,,,,,,,,,,,,,,,,,,,396,71,,3,627,,174,210,169,275,317,,,161,90,,,,,,41,,,164,102,63,89,,33,140,230,36,170,59,34,331,,24,,,,,,,,,,,,,,,,,,,,,,,,,,,,,,,,,,,,,,,,,,,,,,,,,,,,118,,,221,6,64,182,59,472,,161,282,,,,95,,45,,90,412,265,,,,,,,440,,,215,,119,,,,55,
2026-08-26T13:10:01+00:00,60,226,,,351,24,,85,172,284,,149,188,,,71,,,,,98,410,178,296,,,68,,,48,685,22,5,,,,26,,,92,120,,,,11,,,,,87,,,25,108,,27,,,1,,,,12,31,79,230,71,,7,,,,235,,,102,213,,,,,,,,,,,,,,,,,,,,,,,,,,,,,,,,,,,,,,,,,,,,,,,,,,,,,,,,,,,,,,,,,,,,,,,,,,,,,,,,,,,,,,,,,,290,330,546,304,30,,,547,,329,,172,,,,,,,,,,,,,7,,177,16,,200,,,,,,,,,,51,,,,,,321,,,,,,,,,,,,,62,,,,,,,,,,,,,,,,,215,164,78,130,166,153,,333,33,5,338,103,282,372,204,267,298,97,,134,277,31,,1081,,,,259,,67,,,,,,,,,,,,29,11,5,,,,450,,,,,,,,177,,,,,,,,,,,,9,,,,,,,,,,,,,100,25,86,44,,46,95,349,225,35,,250,110,,154,,,11,,,83,73,,110,85,163,79,,,433,24,,16,30,242,,,763,83,,70,170,31,,,,,,,,,,,,,,,,,,,,,,,,,,,,,,,,,,,,,,,,,,,,,,,,,,,,,37,163,64,33,330,78,,46,41,,46,38,117,22,170,160,192,61,207,,156,13,198,,,78,,,,,,,,,,,,,,,,,,,,,,,,,,,,,,,,,119,132,,223,5,63,,55,473,28,165,281,,118,,,,43,,89,410,266,,,,,,,442,122,,212,,120,49,,,,
2026-08-26T13:15:01+00:00,,,,,,,,,,,,,,,,73,,,,,99,,181,295,176,,,,,49,690,23,6,41,,,25,,,93,122,,,,13,,,,,86,,329,28,,,30,,8,0,,105,12,14,39,,229,,,,,,,237,,,103,,291,46,190,100,70,,,,,246,10,42,109,51,127,201,48,,189,191,50,177,298,18,81,113,19,187,33,,119,524,34,430,138,81,24,124,213,159,564,23,,403,,98,127,608,99,12,479,55,48,144,,,,,,106,,,,,402,,,,,112,,,,,,,,144,,,228,,357,,170,,85,,241,292,335,547,309,34,,,551,316,328,,170,275,440,1038,308,,122,117,57,,226,337,166,4,,,16,12,205,,,,,,,,,,57,,,,,,323,,,57,,,,,,,,,,58,,,,,,,,,,58,,,,,,176,222,,77,132,,161,,329,36,,340,95,284,377,206,264,300,100,,138,281,38,,1084,,,,263,,69,,,,,,,,,,,26,31,8,1,,,,,,,,,114,,,178,,,,,,,,,,,,8,,,,,,,,,,,,,,28,87,46,,45,97,353,226,,33,254,111,,156,,,12,,104,82,,7,111,84,161,83,34,139,440,23,130,20,32,240,30,,761,86,,68,168,,,,,,,,,,,,,,,,,,,,,,,,,,,626,,175,207,167,,318,,,164,91,,,,,,39,,,165,103,73,88,,39,,231,44,165,67,38,339,76,21,,,,,,,,,,,,,,,,,,,,,,,,,,,,,,,,,,,,,,,,,,,,,,,,,,,,123,,100,215,3,71,186,58,472,27,161,282,,120,,101,,,,93,,265,,,,,,,,,,222,,122,51,,,52,
2026-08-26T13:20:02+00:00,66,236,,,358,26,,,176,286,,148,191,,,76,,,,,93,409,189,300,180,,64,,,51,694,25,9,42,245,,20,,,,121,,,,12,,,,,88,,332,,107,,31,22,,,,106,,17,41,80,,72,,6,111,,,236,,,104,210,,,,,,,,,,,,,,,,,,,,,,,,,,,,,,,,,,,,,,,,,,,,,,,,,,,,,,,,,,,,,,,,,,,,,,,,,,,,,,138,,,236,,,,181,,88,,258,291,,,312,31,,,,315,330,,166,,,,,,,,,,,,,0,,176,16,8,210,,,,,,,,,,52,,,,,,320,,,62,131,,,,,,,,,63,,,,,49,,,,,59,,,,,,,223,166,78,129,,160,,331,37,,,103,287,380,212,268,304,103,,,277,40,,1097,,,,264,,70,,,,,,,,,,,28,29,10,,,,,,,,,,111,,,181,,,,,,,,,,,,,,,,,,,,,,,,199,101,26,,47,,48,102,358,225,,,257,117,,160,,,,71,107,93,,5,115,83,159,87,39,133,458,,,21,31,241,,,776,88,,69,169,30,,,,,,,,,,,,,,,,,,,,,,395,,105,,628,,178,213,168,272,,,,161,96,,,,,,34,,,,,76,91,11,57,146,233,49,171,77,36,338,71,23,,,,,,,,,,,,,,,,,,,,,,,,,,,,,,,,,,,,,,,,,,,,,,,,,,,,128,133,102,214,,74,188,59,476,29,156,,,119,,100,3,44,,94,411,267,,,,,,,449,,,220,,126,52,,,51,
2026-08-26T13:25:02+00:00,62,,,,360,28,,93,177,,,149,193,,,79,,,,,92,410,193,301,186,,65,,,53,700,,10,44,244,,22,,,97,123,,,,14,,,,,90,,336,,108,,34,21,7,,,,13,21,45,81,230,73,,7,113,,,,15,,,212,,51,196,99,78,,,,,,7,44,114,55,128,203,46,,190,193,61,176,297,19,80,,24,184,29,138,122,525,30,427,136,82,28,128,214,164,561,,,405,4,,,,,,,,,,,,,,,99,,,,,414,,,,,114,164,,,,,,,,,,,,,,,,,,,289,345,548,318,32,,,554,316,331,,169,273,437,1042,295,,119,121,58,,223,334,,8,,,16,12,199,,,,,,,,,,65,,,,,,321,,,64,,,,,,,,,,60,,,,,,,,,,,,,,,,180,217,176,79,130,165,163,,,,,344,106,,384,215,269,,,,137,273,36,,1066,,,,262,,69,,,,,,,,,,,29,28,8,2,,,,,,,,,109,,,179,,,,,,,,,,,,9,,,,,,,,,,,,197,,25,85,49,119,47,105,357,219,37,,261,,,158,,,13,,101,91,76,7,123,76,,93,38,134,480,24,,,32,238,40,59,779,92,,,172,34,,,,,,,,,,,,,,,,,,,,,,394,,106,,,,183,212,166,274,,,,163,,,,,,,38,,,167,105,,94,16,52,147,235,51,177,75,33,345,67,20,,,,,,,,,,,,,,,,,,,,,,,,,,,,,,,,,,,,,,,,,,,,,,,,,,,,131,,104,207,1,70,191,,475,25,159,280,85,117,,102,8,45,,96,414,,,,,,,,455,,,222,,128,54,,,47,
2026-08-26T13:30:01+00:00,59,241,,,355,25,,95,185,285,,147,194,,,81,,,,,,412,194,,184,,66,,,,,,12,46,246,,,,,102,122,,,,,,,,,89,,341,29,,,36,,8,,,109,14,24,49,,,,,6,112,,,239,,,108,211,,,,,,,,,,247,13,38,128,63,136,223,49,288,192,195,55,179,312,18,82,,37,188,44,,,526,28,432,138,85,27,126,212,165,560,,,407,5,,,,,,,,,,,,,,,,,,,,,,,,,,,,,,,,,,,,,,,,,,,,,290,344,,321,,,,560,317,338,,170,,,,,,,,,,,,,,,,,,,,,,,,,,,,72,,,,,,,,,66,,,,,,,,,,61,,,,,,,,,,,,,,,,,,,,,,,,,,,350,109,290,386,217,273,308,106,,,270,,,1071,,,,,,,,,,,,,,,,,,,,,,,,,,,,,,,,,,,,,,,,,,,,,,,,,,,,,,,,,,,,,,,,,,,,,,,,,,,,,,,,,,,,,,,,,,,,,,,,,,,,,,,,,,,,,,,,,,,,,,,,,,,,,,,,,,,,,,,,,,,,,,,,,,,,,,,,,,,,,,,,,,,,,,,,,,,,,,,,,,,,,,,,,,,,,,,,,,,,,,,,,,,,,,,,,,135,,103,208,2,68,,58,477,31,160,282,86,118,,107,,,,,413,268,,,,,,,451,,,218,,130,56,,,48,
2026-08-26T13:30:02+00:00,,,,,,,,,,,,,,,,,,,,,,,,,,,,,,,,,,,,,,,,,,,,,,,,,,,,,,,,,,,,,,,,,,,,,,,,,,,,,,,,,,,,,,,,,,,,,,,,,,,,,,,,,,,,,,,,,,,,,,,,,,,,,,,,,,,,,,,,,,,,,,,,,,,,,,,,,,,,,,,,,,,,,,,,,,,,,,,,,,,,,,,,,,,,,,,6,,178,16,13,203,,,,,,,,,,,,,,,,,,,,,,,,,,,,,,,,,,,,,,,,,,,,,181,216,178,80,126,164,162,,328,39,,,,,,,,,,,,,,,,,,,265,,71,,,,,,,,,,,27,32,,1,,,,,,,,,116,,,186,,,,,,,,,,,,,,,,,,,,,,,,194,103,,86,50,117,48,110,358,,,31,265,121,36,,,,,,103,87,77,9,126,78,157,94,36,,494,,,,33,235,38,,792,95,,68,,33,,,,,,,,,,,,,,,,,,,,,,,,,,,,,,,,,,,,,,,,,,,,,,,,,,,,,55,184,83,37,351,64,26,45,51,356,49,42,119,25,165,163,,56,204,,159,14,202,,,72,,,,,,,,,,,,,,,,,,,,,,,,,,,,,,,,,,,,,,,,,,,,,,,,,,,,,,,,,,,,,,,,,,,,,,,
2026-08-26T13:35:01+00:00,53,,,,363,,,90,187,287,,149,197,,,79,,,,,,415,201,297,192,,68,,,,709,,11,44,244,,,,,107,,,,,15,,,,,84,,342,27,109,,,,9,,,111,,26,52,,,,,,,,,248,,,,207,289,48,201,92,83,,,,,,,,,,,,,,,,,,,,,,,,,,,,,,,,,,,,,,,,,99,124,611,100,31,475,53,48,142,,,,,,101,,,,,418,,,,,116,161,,,,,,,142,,,232,,362,,187,,95,,270,291,346,,323,31,,,564,,337,,174,,438,1050,282,,120,119,,168,225,331,,9,,180,16,10,200,,,,,,,,,,70,,,,,,326,,,64,132,,,,,,,,,62,,,,,48,,,,,,,,,,,180,223,181,83,,165,164,,333,40,6,348,117,293,382,219,271,303,105,,,277,34,,1075,,,,271,,,,,,,,,,,,,29,28,10,3,,,,,,,,,115,,,180,,,,,,,,,,,,,,,,,,,,,,,,197,102,26,87,52,,,114,359,220,,33,266,122,,,,,14,,101,89,78,7,130,83,155,97,,132,506,22,129,,,,,,,,,,,,,,,,,,,,,,,,,,,,,,,,,388,70,107,,622,,184,213,161,276,321,,,162,97,,,,,,40,,,169,104,78,91,19,57,149,236,54,202,82,39,358,63,27,,,,,,,,,,,,,,,,,,,,,,,,,,,,,,,,,,,,,,,,,,,,,,,,,,,,142,132,,206,1,64,193,57,478,28,157,284,88,120,,,,43,,100,,,,,,,,,448,,,216,,,57,,,44,
2026-08-26T13:40:01+00:00,52,242,,145,367,30,,92,189,289,,150,198,,,,,,,,89,,198,294,197,,,,,54,713,24,12,43,,,21,,,,,,,,14,,,,,83,,345,30,,,,,,,,,15,23,48,82,232,74,,,113,,,251,14,,,206,,,,,,,,,,250,11,41,135,62,137,229,44,,,196,53,180,321,14,,111,39,193,49,139,,527,29,431,141,84,22,120,,171,572,,2,,4,,,,,,,,,,,,,,,,,,,,,,,,,,,,,,,,,,,,,,,,,,,,,292,344,553,322,32,,,571,319,334,,176,,,,,,,,,,,,,11,,184,16,,197,,,,,,,,,1,,,,,,,329,,,65,133,,,,,,,,,64,,,,,49,,,,,61,,,,,,182,221,187,,,168,169,,338,44,7,,114,297,385,221,272,301,106,,,270,38,,1083,,,,272,,,,,,,,,,,,,27,29,,,,,,,,,,,119,,,184,,,,,,,,,,,,,,,,,,,,,,,,191,,,,48,121,,121,360,217,,32,268,125,,162,,,,,100,87,82,,137,81,156,101,37,131,517,21,130,,39,237,33,,784,,,,,28,,,,,,,,,,,,,,,,,,,,,,387,69,,,620,,,214,164,277,324,,,163,96,,,,,,39,,,,103,84,94,15,63,153,240,52,203,85,44,352,61,24,,,,,,,,,,,,,,,,,,,,,,,,,,,,,,,,,,,,,,,,,,,,,,,,,,,,147,131,104,209,3,63,192,56,476,24,,,,,,109,,44,,98,412,267,,,,,,,449,,,221,,129,,,,,
2026-08-26T13:45:02+00:00,45,244,,,373,28,,98,184,288,,,200,,,83,,,,,91,418,199,296,195,,,,,53,716,,,42,245,,23,,,106,121,,,,,,,,,84,,347,31,110,,33,22,,,,,14,24,54,83,,75,1,,115,,,252,16,,105,,291,57,190,88,81,,,,,,23,,145,65,139,230,45,289,193,,68,181,329,20,85,110,46,199,41,140,125,531,31,440,139,94,25,117,215,167,586,24,,409,2,97,120,614,93,33,470,55,53,137,,,,,,99,,,,,421,,,,,118,159,,,,,,,138,,,235,,353,,197,,96,,276,294,347,550,323,,,,577,318,337,,,275,436,1056,,106,132,121,65,169,224,333,171,,,186,16,8,195,,,,,,,,,,75,,,,,,332,,,66,,,,,,,,,,71,,,,,,,,,,,,,,,,188,227,191,86,,174,170,,340,47,,346,128,302,388,223,,,109,,141,,,,1085,,,,275,,70,,,,,,,,,,,25,21,13,2,,,,,,,,,126,,,179,,,,,,,,,,,,,,,,,,,,,,,,187,,25,86,45,123,,126,359,218,,30,275,,,159,,,,,101,85,84,6,142,83,154,102,38,,539,,,20,43,244,28,,787,93,,,174,17,,,,,,,,,,,,,,,,,,,,,,392,68,106,,618,,185,,159,,,,,,,,,,,,43,,,172,100,89,96,19,59,157,239,56,214,89,47,356,,25,46,54,358,55,49,114,28,167,165,194,60,,,161,12,206,,,76,,,,,,,,,,,,,,,,,,,,,,,,,,,,,,,,,152,,,216,4,65,191,,478,25,159,,,121,,111,5,46,,100,,266,,,,,,,451,,,225,,,58,,,51,
2026-08-26T13:50:02+00:00,49,246,,,380,,,102,182,291,,151,,,,82,,,,,92,420,201,292,197,,71,,,50,718,,15,46,243,,30,,,107,122,,,,15,,,,,85,,,,,,29,24,8,,,112,16,,58,,233,,2,7,,,,251,,,,205,,,,,,,,,,,,,,,,,,,,,,,,,,,,,,,,,,,,,,,,,,,,,,99,,619,91,38,,,47,138,,,,,,104,,,,,427,,,,,117,161,,,,,,,146,,,,,355,,199,,93,,281,293,354,,321,,,,579,,335,,177,,,,,,,,,,,,,15,,,16,12,201,,,,,,,,,0,72,,,,,,,,,,134,,,,,,,,,74,,,,,,,,,,62,,,,,,,223,195,90,133,173,166,,341,,,353,134,304,391,224,271,300,111,,,271,40,,1095,,,,281,,,,,,,,,,,,,24,,12,,,,,449,,,,,124,,,183,,,,,,,,,,,,,,,,,,,,,,,,188,101,24,87,,125,47,127,363,220,,,278,124,,161,,,15,,102,87,85,4,145,94,,110,36,,558,,131,,39,245,42,60,784,85,,70,176,,,,,,,,,,,,,,,,,,,,,,,405,67,105,,612,,187,211,166,283,326,,,164,98,,,,,,40,,,177,102,,92,12,70,165,241,61,221,,45,360,,26,,,,,,,,,,,,,,,,,,,,,,,,,,,,,,,,,,,,,,,,,,,,,,,,,,,,161,,105,221,3,,,57,479,23,163,,,123,,112,,45,,99,411,264,,,,,,,452,,,218,,132,60,,,57,
2026-08-26T13:55:02+00:00,48,250,,147,386,27,,,174,292,,159,199,,,81,,,,,95,,202,294,199,,75,,,48,714,25,16,47,245,,32,,,106,121,,,,,,,,,80,,352,,109,,25,22,,,,113,,27,60,,234,,4,5,116,,,,17,,,207,285,55,182,89,80,,,,,,24,43,147,69,140,227,46,,,199,70,,332,21,86,,45,,42,,126,532,32,437,,99,26,,,166,581,,,410,,,,,,,,,,,,,,,,,,,,,,,,,,,,,,,,,,,,,,,,,,,,,,,353,551,323,,,,582,,328,,181,273,434,1051,284,107,134,124,67,171,220,341,170,11,,183,16,,212,,,,,,,,,,73,,,,,,330,,,65,,,,,,,,,,73,,,,,,,,,,,,,,,,,220,,,128,174,176,,343,46,,352,,,387,227,272,303,112,,142,267,38,,1100,,,,283,,,,,,,,,,,,,19,,13,4,,,,,,,,,126,,,185,,,,,,,,,,,,8,,,,,,,,,,,,192,,27,,44,127,50,120,369,214,,,280,,,165,,,,,97,82,86,3,159,97,157,113,,,585,,130,,,246,55,,780,84,,,,,,,,,,,,,,,,,,,,,,,,,,410,,,,616,,183,,171,284,,,,,,,,,,,,,,,,88,,,,,242,64,217,90,40,354,62,35,,,,,,,,,,,,,,,,,,,,,,,,,,,,,,,,,,,,,,,,,,,,,,,,,,,,169,132,,225,2,68,192,54,477,,170,,89,121,,114,4,43,,,415,,,,,,,,447,,,219,,134,62,,,62,
2026-08-26T14:00:01+00:00,44,253,,146,387,26,,107,173,293,,156,201,,,82,,,,,94,,209,289,,,,,,47,715,,18,46,,,31,,,,122,,,,,,,,,75,,357,,108,,24,20,9,,,,,,58,,235,,3,7,,,,253,18,,101,211,,,,,,,,,,253,26,38,154,74,143,232,51,290,195,200,87,180,336,7,87,,54,207,45,141,130,535,31,443,135,101,30,128,213,,587,,,416,,98,118,621,98,37,469,53,52,143,,,,,,106,,,,,429,,,,,112,,,,,,,,152,,,236,,356,,,,95,,290,291,357,,324,31,,,588,319,327,,179,,,,,,,,,,,,,,,176,16,7,222,,,,,,,,,,87,,,,,,336,,,66,,,,,,,,,,76,,,,,48,,,,,61,,,,,,187,222,197,,126,,178,,344,48,,350,146,305,390,228,279,302,,,144,270,31,,1108,,,,,,73,,,,,,,,,,,20,20,14,3,,,,,,,,,122,,,183,,,,,,,,,,,,9,,,,,,,,,,,,191,99,,,,,,121,372,211,,,282,,,163,,,,,,86,,2,164,100,162,116,33,130,615,20,131,21,,,,,,,,,,,,,,,,,,,,,,,,,,,,,,,,,,106,,,,,,,,,,,163,99,,,,,,38,,,175,,,93,,69,167,,67,219,95,36,351,63,38,,49,355,69,44,110,27,170,172,188,70,205,,166,11,220,,,78,,,,,,,,,,,,,,,,,,,,,,,,,,,,,,,,,172,133,108,221,1,65,189,,478,24,175,285,91,120,,113,,39,,95,416,,,,,,,,448,,,218,,136,63,,,55,
2026-08-26T14:05:02+00:00,48,254,,,,22,,112,176,295,,154,204,,,81,,,,,93,,,,203,,74,,,46,718,24,21,,246,,30,,,107,125,,,,16,,,,,,,,,,,21,22,,,,115,,28,60,85,,74,2,8,,,,,17,,,210,277,54,184,85,,,,,,,,,,,,,,,,,,,,,,,,,,,,,,,,,,,,,,,,,,,,,,,,,,,,,,,,,,,,,,,,,,,,,,,,,,,,,,,,,,,,,,292,355,550,332,33,,,590,318,336,,181,274,430,1054,286,106,139,125,68,170,216,337,175,14,,181,16,6,,,,,,,,,,,71,,,,,,348,,,67,,,,,,,,,,77,,,,,,,,,,62,,,,,,,221,199,94,124,177,181,,350,,,,140,308,392,229,281,296,115,,,275,34,,1128,,,,285,,74,,,,,,,,,,,17,23,15,2,,,,,,,,,127,,,186,,,,,,,,,,,,8,,,,,,,,,,,,189,,,88,43,125,52,128,376,204,,,288,128,,166,,,16,,98,83,87,3,171,101,,133,29,,636,18,129,22,,248,57,62,786,87,,69,177,,,,,,,,,,,,,,,,,,,,,,,419,68,104,,613,,186,213,156,286,330,,,162,98,,,,,,36,,,166,101,85,92,10,77,169,,69,226,94,31,336,65,43,,,,,,,,,,,,,,,,,,,,,,,,,,,,,,,,,,,,,,,,,,,,,,,,,,,,173,,,215,,,193,53,,21,178,288,93,119,,117,5,,,,418,262,,,,,,,,,,,,141,62,,,54,
2026-08-26T14:10:01+00:00,47,260,,,395,24,,113,182,,,152,209,,,80,,,,,89,,219,,209,,,,,48,726,26,20,44,245,,25,,,108,127,,4,,17,,,,,73,,365,30,,,22,24,,,,118,11,23,61,,234,,3,,,,,,20,,,207,,,,,,,,,,,28,37,163,79,142,236,53,,196,201,91,,338,9,,111,55,204,46,,132,538,29,442,136,103,31,131,212,168,600,,,,,,,626,99,39,464,,51,,,,,,,102,,,,,430,,,,,,159,,,,,,,163,,,235,,361,,200,,94,,299,296,361,548,336,35,,,589,317,334,,182,,,,,,,,,,,,,18,,180,16,12,225,,,,,,,,,,73,,,,,,352,,,69,,,,,,,,,,,,,,,,,,,,,,,,,,188,224,203,98,126,,184,,354,45,,356,139,309,395,,289,,117,,147,276,36,,1141,,,,283,,73,,,,,,,,,,,,21,20,1,,,,450,,,,,126,,,191,,,,,,,,,,,,10,,,,,,,,,,,,190,101,29,89,41,126,51,130,377,202,,29,287,133,,,,,17,73,101,80,89,5,180,105,161,135,25,,637,,131,18,38,247,49,,784,91,,,178,,,,,,,,,,,,,,,,,,,,,,,,,,,,,,,,,,,,,,,,,,,,,,,,,,,,,,72,234,97,27,344,66,49,,,,,,,,,,,,,,,,,,,,,,,,,,,,,,,,,,,,,,,,,,,,,,,,,,,,178,132,111,219,6,70,191,55,477,27,179,289,95,118,,118,,40,,,,259,,,,,,,445,,,223,,142,64,,,61,
2026-08-26T14:15:02+00:00,44,266,,,394,,,,184,300,,160,,,,,,,,,87,421,222,290,205,,76,,,46,736,25,22,,,,22,,,,126,,6,,,,,,,70,,364,31,,,21,27,8,,,120,,24,66,,235,,5,,,,,,18,,,206,271,51,182,89,81,,,,,256,30,46,172,89,149,242,50,299,201,204,104,181,344,,85,112,61,209,51,,,659,32,436,135,108,36,139,216,167,597,,,417,1,,,,,,,,,,,,,,,95,,,,,436,,,,,,160,,,,,,,,,,,,,,,,,,,,368,550,339,34,,,598,320,330,,185,275,426,1058,292,107,142,123,67,172,218,344,178,,,187,16,15,237,,,,,,,,,,72,,,,,,351,,,68,,,,,,,,,,75,,,,,,,,,,,,,,,,187,223,215,102,128,179,181,,359,49,,362,142,310,410,237,293,294,,,149,280,40,,1147,,,,285,,74,,,,,,,,,,,18,25,19,,,,,,,,,,127,,,192,,,,,,,,,,,,9,,,,,,,,,,,,,,30,88,45,,54,140,382,196,,,294,137,,,,,18,,,83,92,8,188,,164,148,24,131,647,,,17,37,249,51,,776,98,,72,179,19,,,,,,,,,,,,,,,,,,,,,,412,,102,,612,,188,214,153,287,331,,,,99,,,,,,,,,169,102,90,96,17,80,170,243,78,239,107,32,343,65,52,47,48,357,76,42,113,25,167,173,181,90,,,167,9,218,,,91,,,,,,,,,,,,,,,,,,,,,,,,,,,,,,,,,184,133,109,229,8,71,,54,,,185,288,,117,,121,,36,,99,419,260,,,,,,,449,,,233,,,,,,,
2026-08-26T14:20:01+00:00,,267,,,396,26,,112,187,302,,162,210,,,,,,,,89,419,221,297,,,,,,48,737,,21,,247,,,,,109,,,8,,,,,,,,,367,,109,,25,,10,,,,10,30,70,,,,,,,,,252,,,95,202,,,,,,,,,,,,,,,,,,,,,,,,,,,,,,,,,,,,,,,,,,,,,,97,116,638,102,50,457,54,59,184,,,,,,,,,,,,,,,,,,,,,,,,167,,,240,,369,,215,,98,,319,292,375,,341,,,,607,318,,,183,,,,,,,,,,,,,26,,186,17,19,247,,,,,,,,,,,,,,,,353,,,69,,,,,,,,,,77,,,,,46,,,,,,,,,,,,229,218,104,,181,185,,360,53,,,132,314,,240,292,295,119,,150,277,43,,1155,,,,287,,76,,,,,,,,,,,,27,17,3,,,,449,,,,,129,,,195,,,,,,,,,,,,11,,,,,,,,,,,,201,104,31,86,42,119,55,144,387,199,,,299,138,,165,,,,,100,87,88,,192,106,167,152,20,134,659,19,130,,42,251,67,61,781,100,,,177,35,,,,,,,,,,,,,,,,,,,,,,426,69,103,,616,,192,,156,285,334,,,161,98,,,,,,37,,,168,109,88,97,8,81,177,246,,238,110,34,352,63,54,,,,,,,,,,,,,,,,,,,,,,,,,,,,,,,,,,,,,,,,,,,,,,,,,,,,191,,,228,,69,192,,474,25,183,289,91,118,,122,7,37,,102,420,262,,,,,,,452,,,239,,145,65,,,64,
2026-08-26T14:25:01+00:00,53,,,,401,29,,106,189,301,,165,216,,,76,,,,,86,416,223,295,199,,77,,,47,,26,25,47,246,,20,,,111,125,,9,,18,,,,,73,,369,33,,,27,,,,,121,9,27,73,,,73,3,7,,,,251,17,,,206,266,50,180,98,86,,,,,,31,54,179,91,150,246,48,300,203,209,105,182,348,5,,113,,211,53,142,,665,34,433,131,,39,,215,168,599,,,419,3,,,,,,,,,,,,,,,94,,,,,440,,,,,114,159,,,,,,,,,,,,,,,,,,,297,383,549,340,35,,,623,317,,,186,,425,1076,288,110,149,,69,173,219,345,183,23,,183,17,22,260,,,,,,,,,,69,,,,,,359,,,68,,,,,,,,,,80,,,,,,,,,,,,,,,,188,230,217,106,131,183,197,,356,54,,363,135,315,409,246,294,293,120,,152,274,41,,1159,,,,288,,78,,,,,,,,,,,14,30,16,5,,,,450,,,,,137,,,191,,,,,,,,,,,,13,,,,,,,,,,,,197,106,32,89,41,115,54,146,386,192,,30,302,141,,168,2,,,74,101,91,82,9,198,102,164,155,16,,673,20,131,18,,,,62,,,,,,,,,,,,,,,,,,,,,,,,,,,,,70,,,615,,196,,155,286,,,,,,,,,,,,,,,,92,,,,,,82,251,109,36,351,62,53,,,,,,,,,,,,,,,,,,,,,,,,,,,,,,,,,,,,,,,,,,,,,,,,,,,,199,134,107,226,11,72,195,,475,28,,288,92,,,123,9,34,,104,421,260,,,,,,,447,,,247,,,63,,,59,
2026-08-26T14:30:01+00:00,,268,,,409,28,,,190,303,,158,219,,,74,,,,,88,,229,294,,,79,,,48,739,,22,41,245,,19,,,112,129,,10,,19,,,,,,,372,32,110,,31,28,,,,123,7,32,79,,,72,5,,115,,,,16,,,203,,,,,,,,,,,,,,,,,,,,,,,,,,,,,,,,,,,,,,,,,,,,,,94,112,650,109,49,454,53,58,216,,,,,,102,,,,,449,,,,,118,163,,,,,,,166,,,248,,375,,248,,103,,335,298,387,,346,37,,,628,,329,,187,,,,,,,,,,,,,25,,179,17,,277,,,,,,,,,,63,,,,,,360,,,71,,,,,,,,,,79,,,,,44,,,,,60,,,,,,,,,,,,,,,,,,140,318,407,251,297,291,122,,155,,,,1165,,,,292,,77,,,,,,,,,,,15,29,18,6,,,,449,,,,,139,,,193,,,,,,,,,,,,,,,,,,,,,,,,,,,,,,,,,,,,,,,,,,,,,,,,,,,,,,,,,,,,,,,,,,,,,,,,,,,,,,,,,,,,,,,,,436,,,,,,,213,,,333,,,162,100,,,,,,,,,170,106,,101,,82,183,,,,,,,,,,,,,,,,,,,,,,,,,,,,,,,,,,,,,,,,,,,,,,,,,,,,,,,,,,,,204,136,108,225,7,75,203,55,,31,184,290,93,,,122,10,,,103,423,259,,,,,,,444,,,246,,146,64,,,65,
2026-08-26T14:30:02+00:00,,,,,,,,,,,,,,,,,,,,,,,,,,,,,,,,,,,,,,,,,,,,,,,,,,,,,,,,,,,,,,,,,,,,,,,,,,,,,,,,,,,,,,,,,,,,,,,,,,,,,,,,,,,,,,,,,,,,,,,,,,,,,,,,,,,,,,,,,,,,,,,,,,,,,,,,,,,,,,,,,,,,,,,,,,,,,,,,,,,,,,,,,,,,,,,,,,,,,,,,,,,,,,,,,,,,,,,,,,,,,,,,,,,,,,,,,,,,,,,,,,240,221,107,130,182,201,,358,52,8,,,,,,,,,,,,,,,,,,,,,,,,,,,,,,,,,,,,,,,,,,,,,,,,,,,,,,,,,,,,,,,,,,,,,,200,105,33,88,43,111,,152,389,186,,,309,144,,166,,,,,107,89,84,7,211,108,163,162,18,133,686,,,,44,255,76,63,780,103,,,,33,,,,,,,,,,,,,,,,,,,,,,,,,,,,,,,,,,,,,,,,,,,,,,,,,,,,,87,262,117,39,360,63,60,45,43,363,78,,,29,161,179,183,100,208,,164,5,219,,,102,,,,,,,,,,,,,,,,,,,,,,,,,,,,,,,,,,,,,,,,,,,,,,,,,,,,,,,,,,,,,,,,,,,,,,,
2026-08-26T14:35:01+00:00,52,270,,,,26,,111,193,,,157,221,,,,,,,,91,417,232,300,197,,81,,,47,745,,26,42,244,,21,,,115,128,,13,,,,,,,76,,373,31,111,,32,26,,,,,,35,82,,,,,,114,,,250,,,94,204,265,43,185,102,83,,,,,257,30,52,183,98,157,238,43,302,204,213,114,,,4,89,112,65,,47,,135,669,36,436,132,,55,143,220,175,616,,,,5,,110,656,110,74,448,,63,231,,,,,,,,,,,,,,,,,,,,,,,,,,,,,,,,,,,,297,386,,344,35,,,643,,,,184,278,,1085,290,112,158,122,70,172,222,,186,26,,186,17,23,286,,,,,,,,,,59,,,,,,358,,,72,,,,,,,,,,80,,,,,43,,,,,,,,,,,187,250,229,110,131,186,199,,360,55,9,368,145,,,257,,287,,,162,272,37,,1175,,,,294,,,,,,,,,,,,,16,28,15,2,,,,,,,,,141,,,194,,,,,,,,,,,,,,,,,,,,,,,,199,,32,87,48,108,,160,,191,,29,311,146,,170,,,,76,,92,81,8,217,113,167,164,22,131,700,21,,16,45,253,83,,786,107,,,178,,,,,,,,,,,,,,,,,,,,,,,437,,105,,611,,199,214,154,,332,,,161,101,,,,,,36,,,172,103,88,,,88,185,247,86,263,119,46,368,,58,,,,,,,,,,,,,,,,,,,,,,,,,,,,,,,,,,,,,,,,,,,,,,,,,,,,210,135,,221,,79,,57,,32,193,,,119,,121,8,36,,100,421,261,,,,,,,445,,,253,,148,66,,,,
2026-08-26T14:40:01+00:00,47,272,,,410,28,,107,192,,,155,,,,72,,,,,93,,243,301,,,82,,,46,748,,27,40,243,,17,,,,127,,,,,,,,,75,,375,32,,,31,25,11,,,,,34,81,,234,73,4,,,,,251,,,92,203,,,,,,,,,,,,,,,,,,,,,,,,,,,,,,,,,,,,,,,,,,,,,,,,,,,,,,,,,,,,97,,,,,453,,,,,117,162,,,,,,,176,,,246,,385,,243,,106,,357,300,393,,352,,,,649,316,,,189,,,,,,,,,,,,,27,,184,17,27,303,,,,,,,,,,68,,,,,,361,,,74,,,,,,,,,,82,,,,,,,,,,,,,,,,189,252,233,114,,190,203,,361,52,,363,142,322,408,259,305,289,123,,161,,38,,1180,,,,296,,79,,,,,,,,,,,19,29,14,1,,,,,,,,,148,,,201,,,,,,,,,,,,12,,,,,,,,,,,,,104,34,,,107,,157,390,194,,,314,149,,171,,,,77,108,,83,,222,116,166,166,21,132,702,,,,50,,114,,791,103,,73,182,35,,,,,,,,,,,,,,,,,,,,,,446,,107,,613,,201,212,159,288,,,,157,102,,,,,,41,,,176,102,93,105,36,93,183,,235,349,120,47,422,75,77,,,,,,,,,,,,,,,,,,,,,,,,,,,,,,,,,,,,,,,,,,,,,,,,,,,,216,134,109,229,6,74,206,,477,36,201,291,,121,,,4,,,99,420,264,,,,,,,444,,,,,150,,,,67,
2026-08-26T14:45:01+00:00,48,271,,,414,31,,,198,306,,156,219,,,68,,,,,95,418,,300,,,83,,,43,751,,36,39,,,14,,,116,,,21,,18,,,,,79,,374,33,,,27,24,,,,125,6,35,79,,,74,,6,115,,,,14,,93,195,268,36,190,97,87,,,,,261,29,60,192,102,159,236,40,304,,218,134,184,352,5,90,,70,208,59,,136,674,37,444,135,110,62,150,223,169,619,,,,9,92,111,659,109,105,451,,64,258,,,,,,,,,,,,,,,,,,,,,,,,,,,,,,,,,,,,301,397,550,,37,,,657,315,336,,,280,426,1096,295,115,159,120,72,173,,346,188,29,,,17,,299,,,,,,,,,,79,,,,,,362,,,73,,,,,,,,,,,,,,,,,,,,,,,,,,188,254,241,117,132,189,207,,367,50,,374,139,323,418,262,304,290,122,,160,,40,,1188,,,,295,,81,,,,,,,,,,,21,28,15,,,,,450,,,,,149,,,204,,,,,,,,,,,,,,,,,,,,,,,,195,103,37,86,46,108,55,164,388,204,,30,318,151,,173,,,,,109,86,88,,229,120,164,171,16,,710,20,130,18,57,257,123,62,795,108,,,181,36,,,,,,,,,,,,,,,,,,,,,,456,,103,,611,,,209,155,289,333,,,159,103,,,,,,40,,,,104,100,104,24,95,191,250,236,361,124,52,428,70,75,44,50,362,,44,118,38,159,193,179,119,200,,160,6,221,,,115,,,,,,,,,,,,,,,,,,,,,,,,,,,,,,,,,222,135,108,230,5,72,205,58,476,,204,288,,120,,123,3,39,,,417,265,,,,,,,443,,,255,,152,67,,,70,
2026-08-26T14:50:01+00:00,47,272,,,417,34,,112,202,308,,158,218,,,67,,,,,101,,244,302,202,,,,,41,754,,39,38,242,,12,,,115,129,,22,,19,,,,,78,,,,,,28,25,,,,,5,36,82,,235,76,3,7,,,,247,13,,91,194,267,,197,95,85,,,,,267,31,64,200,108,163,237,36,305,205,231,150,183,354,3,93,,73,216,60,143,139,678,40,440,141,112,69,154,224,,626,,,422,5,,,,,,,,,,,,,,,,,,,,459,,,,,,165,,,,,,,163,,,249,,392,,240,,109,,375,298,394,,360,42,,,664,,328,,198,,,,,,,,,,,,,32,,185,17,29,309,,,,,,,,,,73,,,,,,365,,,72,,,,,,,,,,86,,,,,41,,,,,,,,,,,187,262,,120,136,191,209,,368,47,,373,131,325,422,268,314,292,,,161,275,39,,1190,,,,292,,,,,,,,,,,,,18,,13,2,,,,,,,,,151,,,208,,,,,,,,,,,,10,,,,,,,,,,,,194,102,36,85,41,110,,,384,212,,,316,148,,179,,,,79,114,93,,10,235,,,173,12,134,719,,,17,58,260,129,,805,111,,72,178,39,,,,,,,,,,,,,,,,,,,,,,455,71,99,,610,,200,211,151,286,334,,,157,104,,,,,,,,,180,105,93,105,21,97,196,252,,,,,,,,,,,,,,,,,,,,,,,,,,,,,,,,,,,,,,,,,,,,,,,,,,,,,,,,,,,229,,107,232,7,76,207,60,,32,208,289,92,,,122,-230,,,,410,264,,,,,,,444,,,257,,151,68,,,69,
2026-08-26T14:50:02+00:00,,,,,,,,,,,,,,,,,,,,,,,,,,,,,,,,,,,,,,,,,,,,,,,,,,,,,,,,,,,,,,,,,,,,,,,,,,,,,,,,,,,,,,,,,,,,,,,,,,,,,,,,,,,,,,,,,,,,,,,,,,,,,,,,,,,,,,,,,,,,,,,,,,,,,,,,,,,,,,,,,,,,,,,,,,,,,,,,,,,,,,,,,,,,,,,,,,,,,,,,,,,,,,,,,,,,,,,,,,,,,,,,,,,,,,,,,,,,,,,,,,,,,,,,,,,,,,,,,,,,,,,,,,,,,,,,,,,,,,,,,,,,,,,,,,,,,,,,,,,,,,,,,,,,,,,,,,,,,,,,,,,,,,,,,,,,,,,,,,,,,,,,,,,,,,,,,,,,,,,,,,,,,,,,,,,,,,,,,,,,,,,,,,,,,,,,,,,,,,,,,,,,,,,,,,,,,,,,,238,364,,53,423,68,80,,,,,,,,,,,,,,,,,,,,,,,,,,,,,,,,,,,,,,,,,,,,,,,,,,,,,,,,,,,,,,,,,,,,,,,,,,,,,,,,,,,,,,,,,,
2026-08-26T14:55:02+00:00,43,277,,144,419,33,,110,206,310,,152,220,,,65,,,,,102,,256,299,207,,,,,40,751,27,42,,241,,10,,,114,130,,25,,,,,,,,,376,34,112,,27,26,,,,124,,37,88,,,74,,,116,,,243,11,,90,200,,,,,,,,,,,,,,,,,,,,,,,,,,,,,,,,,,,,,,,,,,,,,,93,102,666,113,121,453,54,66,278,,,,,,94,,,,,461,,,,,115,166,,,,,,,,,,,,399,,245,,110,,378,,390,549,363,,,,673,,332,,,278,421,1103,291,114,166,121,81,174,,352,187,31,,188,17,31,322,,,,,,,,,,76,,,,,,363,,,70,,,,,,,,,,,,,,,43,,,,,59,,,,,,183,270,246,127,142,196,220,,367,42,10,374,125,326,430,273,315,294,123,,159,277,41,,1192,,,,,,83,,,,,,,,,,,17,25,12,3,,,,,,,,,161,,,217,,,,,,,,,,,,11,,,,,,,,,,,,189,,37,87,40,109,,163,389,215,,31,320,147,,178,,,,80,,88,91,,238,118,162,178,15,132,722,,126,16,60,,130,,,104,,68,180,30,,,,,,,,,,,,,,,,,,,,,,454,,102,,604,,,205,160,291,333,,,162,106,,,,,,41,,,181,101,,104,13,93,,254,241,376,126,54,420,71,85,,,,,,,,,,,,,,,,,,,,,,,,,,,,,,,,,,,,,,,,,,,,,,,,,,,,232,,105,236,,77,208,61,477,24,207,288,94,119,,121,,38,,101,413,265,,,,,,,449,,,263,,145,,,,76,
2026-08-26T15:00:02+00:00,37,,,,,31,,108,208,,,153,215,,,59,,,,,101,419,262,307,,,82,,,39,756,,45,37,242,,13,,,115,129,,30,,21,,,,,,,378,,111,,25,27,,,,125,6,35,85,,,75,5,9,115,,,241,12,,92,199,263,35,208,107,84,238,,,,270,25,62,201,114,,234,37,308,204,241,153,187,356,4,95,,72,219,54,,142,,41,438,146,111,72,151,226,173,631,23,,,3,94,95,665,112,143,454,55,63,285,,,,,,,,,,,,,,,,,,,,,,,,,,,,,,,,,,,,299,396,550,372,,,,678,,335,,195,,,,,,,,,,,,,36,,186,17,26,336,,,,,,,,,,61,,,,,,367,,,72,,,,,,,,,,88,,,,,,,,,,,,,,,,,269,248,,146,199,229,,366,41,,382,129,330,428,274,318,293,,,160,274,36,,1186,,,,295,,86,,,,,,,,,,,22,27,,0,,,,,,,,,172,,,216,,,,,,,,,,,,10,,,,,,,,,,,,198,,,89,39,,,167,394,216,,33,321,,,179,,,17,81,,89,88,,243,122,163,179,16,134,726,18,,,,,,,,,,,,,,,,,,,,,,,,,,,,,,,,,,,,,,,,,,,,,,,,,,,,,,,,,,,,,,,,,239,384,,55,424,70,86,,,,,,,,,,,,,,,,,,,,,,,,,,,,,,,,,,,,,,,,,,,,,,,,,,,,239,136,104,234,6,,212,62,475,21,201,291,93,124,,122,,37,,108,,,,,,,,,482,,,271,,148,70,,,80,
2026-08-26T15:05:01+00:00,40,278,,,,29,,97,211,309,,148,211,,,60,,,,,98,415,258,306,211,,,,,36,753,,44,36,241,,14,,,117,131,,34,,23,,,,,84,,379,,113,,23,,,,,126,,31,87,,,,4,10,,,,,13,,94,204,,,,,,,,,,273,22,72,203,116,166,237,38,307,206,251,171,183,361,9,97,,78,224,66,146,141,677,43,444,154,112,86,152,227,177,634,,,424,1,,,,,,,,,,,,,,,95,,,,,465,,,,,118,168,,,,,,,161,,,245,,407,,244,,112,,397,302,400,551,381,41,,,689,,342,,194,281,425,1114,,115,170,120,80,176,223,351,186,41,,190,17,28,338,,,,,,,,,,59,,,,,,365,,,74,132,,,,,,,,,93,,,,,,,,,,,,,,,,181,273,245,129,148,200,,,359,43,11,383,134,334,440,277,323,,,,166,277,34,,1182,,,,,,,,,,,,,,,,,,22,13,,,,,,,,,,174,,,217,,,,,,,,,,,,11,,,,,,,,,,,,200,103,38,92,41,110,,170,395,222,,,322,,,,,,,79,113,88,96,,,,164,181,15,,731,19,128,15,64,261,143,,811,102,,71,183,23,,,,,,,,,,,,,,,,,,,,,,448,,101,,602,,204,210,154,292,331,,,164,108,,,,,,40,,,186,102,92,105,9,103,195,255,241,391,,58,428,72,89,49,49,363,86,46,116,36,163,200,172,118,193,,151,1,232,,,126,,,,,,,,,,,,,,,,,,,,,,,,,,,,,,,,,244,135,,228,7,70,215,64,479,27,197,290,,119,,121,,,,,414,,,,,,,,485,,,268,,146,,,,91,
2026-08-26T15:10:01+00:00,,281,,143,423,30,,93,204,310,,143,,,,57,,,,,101,418,264,308,,,80,,,,755,28,45,37,,,9,,0,120,,,50,,,,,,,91,,381,,,,,,,,,127,5,,89,,,74,5,,,,,249,,,95,,258,33,211,,86,,,,,,,,,,,,,,,,,,,,,,,,,,,,,,,,,,,,,,,,,,,,,,,,,,,,,,,,,,,,,,,,,,,,,,,,,,,,,,,,,,,,,306,399,553,386,42,,,704,316,344,,195,,,,,,,,,,,,,47,,194,17,27,344,,,,,,,,,,54,,,,,,367,,,77,133,,,,,,,,,,,,,,42,,,,,,,,,,,,280,251,130,149,202,228,,365,42,13,385,135,338,449,284,324,296,125,,172,281,32,,1181,,,,301,,,,,,,,,,,,,,12,11,,,,,,,,,,180,,,221,,,,,,,,,,,,10,,,,,,,,,,,,,105,36,93,39,,54,173,396,218,,,323,146,,178,,,16,,,89,97,12,245,124,,,,,732,,,,63,263,136,63,813,110,,,185,,,,,,,,,,,,,,,,,,,,,,,454,,100,,,,,211,155,,332,,,163,109,,,,,,,,,189,,,103,10,101,198,258,245,397,129,57,422,68,,,,,,,,,,,,,,,,,,,,,,,,,,,,,,,,,,,,,,,,,,,,,,,,,,,,,246,136,102,,6,73,210,66,480,29,195,289,92,,,120,,40,,112,413,266,,,,,,,484,,,,,148,69,,,100,
2026-08-26T15:15:02+00:00,42,284,,,422,,,89,201,311,,146,208,,,,,,,,,,,306,206,,,,,37,753,,49,38,,,11,,,,130,,59,,,,,,,89,,382,36,,,20,,9,,,,,26,95,,,75,6,11,,,,251,14,,93,203,,,,,,,,,,,,,,,,,,,,,,,,,,,,,,,,,,,,,,,,,,,,,,,,,,,,,,,,,,,,89,,,,,472,,,,,115,173,,,,,,,147,,,,,413,,250,,191,,415,,,,,,,,,,,,,,,1117,289,122,176,119,81,177,222,350,193,55,,197,17,32,346,,,,,,,,,,57,,,,,,369,,,80,132,,,,,,,,,94,,,,,43,,,,,,,,,,,182,291,254,128,157,204,229,,362,,12,,130,347,450,290,,289,126,,176,,,,1182,,,,304,,,,,,,,,,,,,23,13,12,,,,,,,,,,186,,,220,,,,,,,,,,,,12,,,,,,,,,,,,198,,39,91,38,111,53,180,404,,,35,325,148,,177,,,,,,86,100,,246,123,166,183,18,135,740,20,126,20,68,265,152,,807,115,,,187,20,,,,,,,,,,,,,,,,,,,,,,460,73,102,,598,,210,212,159,289,334,,,164,108,,,,,,39,,,196,105,94,106,,103,203,260,250,399,137,56,428,,86,,,,,,,,,,,,,,,,,,,,,,,,,,,,,,,,,,,,,,,,,,,,,,,,,,,,251,135,104,231,7,71,207,60,479,28,200,292,,,,118,,41,,113,415,268,,,,,,,485,,,267,,151,,,,98,
2026-08-26T15:20:01+00:00,35,288,,,420,28,,88,199,312,,140,211,,,55,,,,,102,416,268,303,,,78,,,,751,,45,37,,,13,,,,,,67,,22,,,,,92,,385,,,,,26,10,,,128,4,29,99,,,,,,,,,255,,,,204,263,31,213,114,84,,,,,281,24,73,209,118,169,259,,311,208,258,182,,363,15,102,,,239,74,147,142,684,42,445,162,,94,166,228,184,657,,,428,,97,102,696,117,194,442,55,67,314,,,,,,86,,,,,479,,,,,116,175,,,,,,,146,,,249,,414,,245,,193,,417,,,,,,,,,,,,,,,,,,,,,,,,,59,,195,17,34,364,,,,,,,,,,56,,,,,,372,,,82,,,,,,,,,,95,,,,,,,,,,,,,,,,183,297,259,,163,207,239,,363,39,,382,129,350,454,295,328,,,,174,279,35,,1176,,,,300,,84,,,,,,,,,,,28,12,11,1,,,,,,,,,187,,,222,,,,,,,,,,,,11,,,,,,,,,,,,201,104,37,,42,113,,188,413,220,,36,327,142,,176,,,,83,,88,102,14,251,128,169,184,23,134,745,,,22,69,267,154,,814,123,,,,21,,,,,,,,,,,,,,,,,,,,,,467,72,101,,597,,218,211,169,286,335,,,158,110,,,,,,38,,,198,102,101,105,14,102,200,259,255,417,141,59,442,66,83,51,43,369,90,48,,,161,218,168,122,188,,143,4,244,,,119,,,,,,,,,,,,,,,,,,,,,,,,,,,,,,,,,261,134,105,232,,,209,57,481,,203,,91,116,,119,,42,,111,416,267,,,,,,,481,,,269,,,70,,,103,
2026-08-26T15:25:01+00:00,27,,,,422,25,,87,202,316,,137,,,,56,,,,,100,415,269,299,207,,,,,39,750,,47,35,240,,16,,1,,,,76,,21,,,,,96,,386,,114,,16,,,,,,3,26,101,,234,76,,,,,,253,,,91,209,,,,,,,,,,,,,,,,,,,,,,,,,,,,,,,,,,,,,,,,,,,,,,,,,,,,,,,,,,,,,,,,,,,,,,,,,,,,,,,,,,,,,,,,,,,,,,,,,,,,,,280,424,1126,295,126,185,,84,,226,349,191,65,,192,17,38,378,,,,,,,,,,69,,,,,,373,,,,,,,,,,,,,97,,,,,42,,,,,,,,,,,184,302,257,129,165,212,250,,360,42,,381,130,351,459,298,325,283,130,,179,283,34,,1166,,,,301,,,,,,,,,,,,,29,8,,3,,,,,,,,,189,,,225,,,,,,,,,,,,15,,,,,,,,,,,,200,106,,,41,114,,192,417,225,,,328,139,,174,,,,84,116,91,,17,253,127,168,186,25,,750,,125,23,70,265,165,64,826,129,,72,188,18,,,,,,,,,,,,,,,,,,,,,,470,69,96,,599,,222,,,289,337,,,156,111,,,,,,40,,,202,98,110,104,6,95,209,261,254,427,144,58,437,,87,,,,,,,,,,,,,,,,,,,,,,,,,,,,,,,,,,,,,,,,,,,,,,,,,,,,274,133,106,234,5,79,211,58,482,23,205,293,,118,,118,,40,,110,422,,,,,,,,483,,,272,,150,72,,,99,
2026-08-26T15:30:02+00:00,33,287,,144,423,24,,86,204,315,,141,209,,,54,,,,,106,419,272,,199,,77,,,40,765,,45,37,239,,24,,,,129,,81,,23,,,,,101,,388,37,,,11,25,11,,,129,4,20,102,,,77,,,116,,,252,,,93,198,272,39,224,115,88,,,,,287,,94,221,133,178,266,39,314,209,263,186,188,,18,,,95,,,145,143,689,45,453,166,,104,167,231,197,676,24,,,2,,,,,,,,,,,,,,,,,,,,482,,,,,114,178,,,,,,,140,,,247,,413,,243,,187,,440,,,,,,,,,,,,,,,,,,,,,,,,,66,,190,17,37,383,,,,,,,,,,67,,,,,,380,,,81,,,,,,,,,,99,,,,,40,,,,,,,,,,,,297,260,128,167,213,255,,358,40,,378,134,353,461,301,328,281,129,,180,282,31,,1160,,,,306,,83,,,,,,,,,,,30,10,,6,,,,,,,,,194,,,222,,,,,,,,,,,,12,,,,,,,,,,,,201,109,38,90,38,115,54,196,424,230,,,324,141,,,,,17,83,118,95,100,18,,129,,187,28,135,752,19,124,22,67,263,169,65,833,131,,,190,19,,,,,,,,,,,,,,,,,,,,,,,,,,,,,,,,,,,,,,,,,,,,,,,,,,,,,259,435,145,51,435,,91,,,,,,,,,,,,,,,,,,,,,,,,,,,,,,,,,,,,,,,,,,,,,,,,,,,,285,132,,240,1,,213,59,483,26,207,294,90,115,,117,,41,,111,423,,,,,,,,481,,,279,,153,74,,,100,
2026-08-26T15:35:02+00:00,36,288,,,421,23,,89,203,316,,138,,,,53,,,,,105,422,274,304,,,75,,,43,772,27,43,34,235,,27,,,125,130,,82,,24,,,,,103,,389,,,,9,27,10,,,130,,18,105,,,76,,,,,,254,16,,94,190,,,,,,,,,,289,29,105,224,138,184,264,40,,,267,,191,364,14,104,114,94,,82,146,,695,48,455,167,,110,175,230,198,687,,,,5,,,,,,,,,,,,,,,,,,,,,,,,,,,,,,,,,,,,,,,,,,,,,,,,,,,,,,,,,,420,1144,284,125,,112,85,178,229,351,178,71,,194,17,39,385,,,,,,,,,,65,,,,,,378,,,80,0,,,,,,,,,98,,,,,39,,,,,61,,,,,,181,301,268,127,173,218,264,,355,41,,380,129,356,466,304,329,274,131,,182,286,,,1151,,,,316,,,,,,,,,,,,,,11,,,,,,448,,,,,203,,,223,,,,,,,,,,,,10,,,,,,,,,,,,195,110,35,89,40,117,55,195,432,240,,35,320,,,175,,,,82,120,106,105,,256,127,182,186,31,134,753,22,125,25,68,267,179,64,830,129,,73,192,18,,,,,,,,,,,,,,,,,,,,,,473,70,100,,597,,225,209,174,288,343,,,163,110,,,,,,38,,,209,97,113,,39,97,204,263,256,447,146,45,443,,92,53,46,368,95,58,118,,169,227,178,137,183,,148,3,261,,,115,,,,,,,,,,,,,,,,,,,,,,,,,,,,,,,,,300,135,,,3,84,212,56,487,22,204,291,91,114,,115,,40,,115,,264,,,,,,,479,123,,276,,155,76,,,107,
2026-08-26T15:40:01+00:00,33,290,,145,,,,91,201,,,133,208,,,50,,,,,106,425,278,301,194,,74,,,42,777,28,33,33,234,,31,,0,127,,,,,,,,,,105,,,36,,,13,26,12,,,131,6,11,107,,,,8,,115,,,249,14,,,186,263,54,230,123,93,,,,,294,30,104,237,145,,,34,316,213,283,204,192,368,15,103,115,103,247,91,149,141,702,47,465,168,,117,184,231,205,692,,,431,7,101,106,735,108,216,443,55,70,335,,,,,,93,,,,,,,,,,120,186,,,,,,,156,,,240,,430,,240,,186,,460,308,477,563,438,67,,,979,439,630,357,406,,,,,,,,,,,,,70,,,16,38,386,,,,,,,,,,,,,,,,376,,,81,132,,,,,,,,,101,,,,,41,,,,,59,,,,,,,304,270,128,174,219,,,351,42,,379,127,361,474,,330,277,130,,183,294,30,,1140,,,,318,,84,,,,,,,,,,,29,12,8,,,,,447,,,,,212,,,224,,,,,,,,,,,,12,,,,,,,,,,,,192,,36,88,42,,54,198,429,241,,,,140,,,,,,85,,,106,19,257,128,184,,33,135,755,23,,,,268,186,,841,133,,75,193,12,,,,,,,,,,,,,,,,,,,,,,,,,,595,,232,,,285,,,,,,,,,,,,,,,,110,,,,,,252,453,153,47,450,,89,,,,,,,,,,,,,,,,,,,,,,,,,,,,,,,,,,,,,,,,,,,,,,,,,,,,309,136,105,239,2,88,,55,,19,207,295,92,111,,,,39,,116,,267,,,,,,,477,,,273,,157,,,,103,
2026-08-26T15:45:02+00:00,38,288,,,,24,,,,317,,139,210,,,,,,,,110,,288,295,196,,73,,,41,787,27,29,32,231,,36,,,126,,,86,,23,,,,,107,,390,35,,,11,25,11,,,,,,110,,,77,,,,,,,,,,183,,,,,,,,,,,,,,,,,,,,,,,,,,,,,,,,,,,,,,,,,,,,,,,,,,,,,,,,,,,,,,,,,,,,,,,,,,,,,,,,,,,,,,,,,,299,419,558,408,32,,,793,322,364,380,224,,421,1146,272,131,198,107,86,179,227,347,175,72,,188,16,41,401,,,,,,,,,,66,,,,,,380,,,80,131,,,,,,,,,,,,,,,,,,,,,,,,,180,308,272,,178,,269,,348,46,11,385,123,,480,306,328,282,131,,184,291,31,,1117,,,,,,86,,,,,,,,,,,28,6,10,3,,,,450,,,,,,,,228,,,,,,,,,,,,13,,,,,,,,,,,,201,111,37,87,44,119,55,202,430,248,,,323,135,,178,,,,87,124,108,110,,258,130,179,,39,134,760,,124,26,65,270,199,,842,136,,76,196,11,,,,,,,,,,,,,,,,,,,,,,470,72,95,,,,,211,178,,345,,,164,,,,,,,39,,,211,99,,106,27,93,207,,,459,157,55,447,,96,,,,,,,,,,,,,,,,,,,,,,,,,,,,,,,,,,,,,,,,,,,,,,,,,,,,318,135,106,235,3,97,,53,486,21,211,293,,109,,114,,36,,,,266,,,,,,,,,,271,,158,,,,95,
2026-08-26T15:50:02+00:00,34,292,,146,417,23,,,200,314,,140,211,,,48,,,,,113,427,,290,201,,70,,,,788,,33,31,227,,37,,1,,131,,88,,,,,,,106,,392,,,,10,24,,,,132,5,2,108,,,79,3,,,,,251,,,95,170,266,64,241,133,,,,,,296,31,103,241,148,185,268,32,318,215,287,207,194,367,16,,,108,249,93,,143,705,,471,177,,127,178,234,213,693,,,,9,100,108,738,,224,439,56,72,340,,,,,,88,,,,,487,,,,,121,,,,,,,,164,,,234,,433,,253,,180,,478,300,418,,406,,,,795,324,365,,243,,,,,,,,,,,,,76,,190,17,44,415,,,,,,,,,,75,,,,,,383,,,78,132,,,,,,,,,104,,,,,42,,,,,,,,,,,179,311,274,,180,222,275,,344,42,,384,127,,473,309,332,288,130,,,292,,,1106,,,,317,,90,,,,,,,,,,,25,,8,4,,,,,,,,,,,,237,,,,,,,,,,,,,,,,,,,,,,,,198,112,35,88,,,56,207,435,258,,,,129,35,180,,,,88,,113,117,,260,128,177,187,35,,762,22,118,29,62,271,196,,844,137,,,,6,,,,,,,,,,,,,,,,,,,,,,476,69,92,,591,,228,,182,281,348,,,163,,,,,,,41,,,209,94,103,107,,92,211,264,245,462,,48,454,,92,52,,363,,61,,35,168,217,176,142,178,,152,0,266,,,112,,,,,,,,,,,,,,,,,,,,,,,,,,,,,,,,,327,139,105,,2,101,207,56,485,23,209,298,93,107,,112,,35,,,427,265,,,,,,,479,124,,275,,160,77,,,88,
2026-08-26T15:55:02+00:00,36,290,,145,416,17,,86,192,,,133,215,,,47,,,,,116,430,293,289,200,,69,,,42,793,29,29,26,226,,44,,,128,133,,89,,,,,,,105,,394,37,115,,7,26,12,,,,,0,107,,,,2,,,,,252,,,96,163,,,,,,,,,,,,,,,,,,,,,,,,,,,,,,,,,,,,,,,,,,,,,,,,,,,,,,,,,,,,,,,,,,,,,,,,,,,,,,,,,,,,,,,,,,,423,561,398,34,,,802,325,363,,250,,418,1149,385,130,201,176,89,258,319,448,230,82,,188,17,46,409,,,,,,,,,,64,,,,,,386,,,,,,,,,,,,,103,,,,,,,,,,,,,,,,178,317,281,131,183,223,,,341,,,383,132,,482,,,276,131,,,290,30,,1089,,,,322,,88,,,,,,,,,,,22,4,6,2,,,,,,,,,217,,,236,,,,,,,,,,,,,,,,,,,,,,,,196,,32,82,43,,55,211,436,262,,,322,126,,181,,,,91,126,109,121,20,,126,178,188,,138,764,,124,31,68,270,197,,850,136,,74,198,1,,,,,,,,,,,,,,,,,,,,,,482,,,,588,,,214,177,279,,,,164,112,,,,,,38,,,207,90,99,,,85,214,267,243,,,55,,69,95,,,,,,,,,,,,,,,,,,,,,,,,,,,,,,,,,,,,,,,,,,,,,,,,,,,,338,,106,231,1,100,208,,484,30,208,300,,,,111,,34,,117,426,266,,,,,,,478,,,285,,,78,,,85,
2026-08-26T16:00:02+00:00,38,287,,146,415,21,,,189,315,,130,,,,264,,,,,120,428,296,285,198,,68,,,,798,28,26,23,222,,,,,131,134,,,,,,,,,108,,395,,,,2,,,,,131,4,,108,,,83,3,,,,,253,,,97,160,265,72,255,132,90,,,,,299,28,116,245,151,188,280,30,322,,292,206,195,370,23,105,116,130,251,98,,142,711,43,476,187,,142,184,,217,696,,,,11,104,110,760,114,237,442,55,58,351,,,,,,93,,,,,492,,,,,119,185,,,,,,,160,,,227,,422,,254,,177,,491,295,424,564,395,36,,,799,,367,,261,,,,,,,,,,,,,91,,180,17,49,417,,,,,,,,,,61,,,,,,391,,,80,133,,,,,,,,,104,,,,,,,,,,60,,,,,,177,313,282,133,185,224,285,,331,,,381,131,363,488,310,333,266,,,188,294,40,,1075,,,,325,,,,,,,,,,,,,16,5,7,3,,,,,,,,,218,,,239,,,,,,,,,,,,14,,,,,,,,,,,,201,113,30,80,45,,53,209,434,264,,,,125,34,176,,,,89,127,114,123,,264,130,183,190,41,139,767,21,126,29,,,,,,,,,,,,,,,,,,,,,,,,,,,,,,,,,,,,,,,,,,,,,,,,,,,,,,,,,,,,,,,247,478,158,,459,67,93,,,,,,,,,,,,,,,,,,,,,,,,,,,,,,,,,,,,,,,,,,,,,,,,,,,,345,,107,227,2,107,207,55,483,31,209,304,94,105,,108,2,,,120,431,262,,,,,,,474,125,,,,,79,,,81,
2026-08-26T16:05:02+00:00,43,284,,,410,23,,84,192,313,,131,216,,,263,,,,,122,429,297,280,,,70,,,41,801,,24,22,220,,,,,132,136,,90,,25,,,,,110,,400,,114,,0,27,13,,,,3,,138,,233,,1,,,,,258,,,96,,,,,,,,,,,,,,,,,,,,,,,,,,,,,,,,,,,,,,,,,,,,,,,,,,,,,,,,,,,,,,,,,,,,,,,,,,,,,,,,,,,,,,,,,,,293,423,,394,37,,,792,,369,,269,283,411,1146,371,,,173,,256,325,445,226,90,,177,16,52,422,,,,,,,,,,59,,,,,,398,,,83,,,,,,,,,,102,,,,,,,,,,59,,,,,,,325,285,135,186,225,292,,327,52,,386,,,493,311,335,265,,,189,298,39,,1071,,,,324,,85,,,,,,,,,,,13,4,6,0,,,,,,,,,222,,,,,,,,,,,,,,,18,,,,,,,,,,,,200,114,28,81,,120,,210,433,261,,,,122,,177,,,,88,128,115,135,19,265,133,182,191,42,140,771,,127,,71,,196,63,853,135,,73,197,,,,,,,,,,,,,,,,,,,,,,,486,68,88,,,,226,215,179,274,347,,,163,,,,,,,39,,,212,,101,,,82,,,,488,162,59,473,,91,53,53,365,98,59,112,,166,208,,143,175,,146,,262,,,111,,,,,,,,,,,,,,,,,,,,,,,,,,,,,,,,,351,140,104,233,-100,108,206,56,,38,,307,95,107,,107,1,36,,116,430,259,,,,,,,,,,298,,163,128,,,84,
2026-08-26T16:10:01+00:00,42,280,,147,411,25,,80,194,315,,133,217,,,261,,,,,127,432,299,283,,,69,,,40,806,,23,,218,,46,,,129,137,,91,,,,,,,,,,,,,1,28,,,,,,,135,,,86,0,12,,,,,,,,157,256,76,264,136,149,,,,,297,24,119,248,157,189,284,29,323,,294,213,198,371,24,106,118,135,,92,,145,710,41,,190,,145,185,232,223,698,,,,10,105,,773,119,240,449,56,57,354,,,,,,89,,,,,490,,,,,129,189,,,,,,,161,,,218,,430,,249,,181,,503,294,425,566,397,40,,,787,326,373,,270,,,,,,,,,,,,,92,,184,17,48,434,,,,,,,,,,66,,,,,,,,,82,135,,,,,,,,,,,,,,40,,,,,58,,,,,,,328,288,142,189,227,297,,324,,,387,137,367,496,313,340,,132,,191,293,44,,1069,,,,325,,86,,,,,,,,,,,12,5,7,1,,,,,,,,,229,,,240,,,,,,,,,,,,16,,,,,,,,,,,,196,115,,79,40,,54,208,435,262,36,,,,,180,,,16,90,135,118,137,20,,135,179,,43,,782,20,129,30,72,,195,,862,129,,69,,0,,,,,,,,,,,,,,,,,,,,,,481,66,86,,585,,225,,184,272,351,,,,113,,,,,,40,,,211,,100,110,,76,215,265,249,495,161,63,480,71,,,,,,,,,,,,,,,,,,,,,,,,,,,,,,,,,,,,,,,,,,,,,,,,,,,,,355,141,,230,,115,210,55,485,40,,304,96,103,,,-230,39,,,429,261,,,,,,,470,,,306,,165,129,,,83,
2026-08-26T16:15:01+00:00,47,281,,148,417,,,79,190,,,134,,,,262,,,,,130,,301,285,206,,64,,,,812,,30,20,216,,49,,,,,,,,26,,,,,,,404,,,,0,32,,,,,1,,131,,234,88,,,,,,262,,,98,158,,,,,,,,,,,,,,,,,,,,,,,,,,,,,,,,,,,,,,,,,,,,,,,,,,,,,,,,,,,,,,,,,,,,,,,,,,,,,,,,,,,,,,,,,,272,426,568,395,38,,,788,,381,,280,281,409,1143,345,131,205,166,94,255,324,439,209,93,,189,17,52,441,,,,,,,,,,65,,,,,,397,,,,,,,,,,,,,103,,,,,42,,,,,59,,,,,,,,,,,,,,,,,392,139,369,499,314,342,267,134,,194,,,,1065,,,,324,,,,,,,,,,,,,11,6,,,,,,449,,,,,,,,244,,,,,,,,,,,,13,,,,,,,,,,,,194,116,26,80,39,,56,212,438,,,36,326,,,179,,,,92,138,,139,21,,139,177,,48,141,787,23,127,,69,269,187,66,861,131,,66,196,10,,,,,,,,,,,,,,,,,,,,,,484,,83,,588,,229,217,195,271,353,,,,114,,,,,,42,,,214,87,106,112,,,216,266,254,508,166,67,498,,90,,,,,,,,,,,,,,,,,,,,,,,,,,,,,,,,,,,,,,,,,,,,,,,,,,,,360,,103,221,,120,216,56,491,41,,305,98,,,106,1,40,,119,425,260,,,,,,,472,,,304,,167,128,,,81,
2026-08-26T16:15:02+00:00,,,,,,,,,,,,,,,,,,,,,,,,,,,,,,,,,,,,,,,,,,,,,,,,,,,,,,,,,,,,,,,,,,,,,,,,,,,,,,,,,,,,,,,,,,,,,,,,,,,,,,,,,,,,,,,,,,,,,,,,,,,,,,,,,,,,,,,,,,,,,,,,,,,,,,,,,,,,,,,,,,,,,,,,,,,,,,,,,,,,,,,,,,,,,,,,,,,,,,,,,,,,,,,,,,,,,,,,,,,,,,,,,,,,,,,,,,,,,,,,,175,338,,144,,230,301,,317,47,,,,,,,,,,,,,,,,,,,,,,,,,,,,,,,,,,,,,,,,,,,,,,,,,,,,,,,,,,,,,,,,,,,,,,,,,,,,,,,,,,,,,,,,,,,,,,,,,,,,,,,,,,,,,,,,,,,,,,,,,,,,,,,,,,,,,,,,,,,,,,,,,,,,,,,,,,,,,,,,,,,,,,,,,,,,,,,,,,,,,,,,,,,,,,,,,,,,,,,,,,,,,,,,,,,,,,,,,,,,,,,,,,,,,,,,,,,,,,,,,,,,,,,,,,,,,,,,,,,,,,,
2026-08-26T16:20:01+00:00,55,279,,,413,26,,80,195,317,,138,218,,,261,,,,,,430,,286,213,,,,,42,821,27,27,18,214,,50,,,128,138,,,,,,,,,111,,403,,,,,31,,,,,,,130,,,91,,,,,,264,,,100,155,251,90,271,131,,,,,,304,18,126,265,,190,293,33,327,216,299,231,200,374,16,109,115,144,256,105,150,154,715,40,485,208,113,158,200,229,222,704,,,433,,104,116,789,123,254,448,,61,360,,,,,,88,,,,,489,,,,,125,192,,,,,,,158,,,213,,439,,252,,183,,517,269,423,569,401,40,,,793,,393,,284,,,,,,,,,,,,,95,,186,17,54,446,,,,,,,,,,71,,,,,,398,,,84,,,,,,,,,,104,,,,,,,,,,,,,,,,,337,289,,191,,303,,320,,,397,140,367,504,,341,261,,,197,291,48,,1068,,,,321,,84,,,,,,,,,,,,8,10,3,,,,,,,,,240,,,248,,,,,,,,,,,,,,,,,,,,,,,,192,,27,77,42,,,216,443,,,,325,119,,175,,,,94,137,122,145,22,266,136,179,192,52,143,790,,128,32,,,,,,,,,,,,,,,,,,,,,,,,,,,,,,,,486,,87,,591,,233,216,206,273,350,,,164,,,,,,,41,,,219,86,,114,,79,215,265,258,525,165,81,515,,92,,,,,,,,,,,,,,,,,,,,,,,,,,,,,,,,,,,,,,,,,,,,,,,,,,,,375,139,102,218,,,220,58,489,44,216,307,100,104,,105,-230,41,,121,426,,,,,,,,470,,,311,,168,,,,,
2026-08-26T16:25:02+00:00,54,273,,,408,22,,78,199,316,,139,221,,,,,,,,129,428,298,287,212,,58,,,43,823,,26,16,212,,53,,,,137,,,,,,,,,,,402,,,,,32,,,,,0,,129,,,,,,,,,267,,,99,158,,,,,,,,,,,11,135,264,163,191,298,24,329,,300,230,,376,25,,116,149,257,113,151,158,723,41,483,221,112,165,202,227,229,709,,,434,,,,,,,,,,,,,,,,,,,,,,,,,,,,,,,,,,,,,,,,,,,,,,266,425,568,400,38,,,796,,401,,,283,403,,336,137,228,165,95,256,325,435,213,94,,190,17,65,450,,,,,,,,,,72,,,,,,395,,,86,,,,,,,,,,108,,,,,43,,,,,,,,,,,,343,291,145,190,235,306,,323,46,,391,148,371,506,315,,247,,,,288,51,,1070,,,,,,85,,,,,,,,,,,10,6,13,2,,,,450,,,,,243,,,,,,,,,,,,,,,,,,,,,,,,,,,190,117,25,76,44,,,218,446,261,,,,115,,173,,,,95,134,,148,23,,,177,193,54,144,793,,129,31,71,266,195,,872,137,,,197,5,,,,,,,,,,,,,,,,,,,,,,493,,90,,583,,237,214,237,268,348,,,,,,,,,,37,,,,85,88,115,,81,210,266,257,536,168,82,519,,97,55,52,363,104,,108,33,157,212,172,138,174,,141,1,259,,,,,,,,,,,,,,,,,,,,,,,,,,,,,,,,,,,,382,,100,214,,125,222,,490,50,212,308,,107,,106,,,,123,,263,,,,,,,,126,,314,,170,130,,,79,
2026-08-26T16:30:01+00:00,61,271,,,409,24,,,200,314,,142,227,,,260,,,,,128,429,292,,,,,,,,,,,,,,,,,,,,,,,,,,,,,,,,,,,,,,,,,,,,,,,,,,,,,,,,,,,,,,,,,,,,,,,,,,,,,,,,,,,,,,,,,,,,,,,,,,,,,,,,,,,,,,,,,,,,,,,,,,,,,,,,,,,,,,,,,,,,,,,,,,,,,,,,,,,,,,,,,,,,,,,,,,,,,,,,,,,,,,,,,,,,,,,,,,,,,,,,,,,,,,,,,,,,,,,,,,,,,,,,,,,,,400,154,370,514,319,342,245,136,,198,289,49,,1071,,,,,,,,,,,,,,,,,,,,,,,,,,,,,,,,,,,,,,,,,,,,,,,,,,,,,,,,,,,,,,,,,,,,,,,,,,,,,,,,,,,,,,,,,,,,,,,,,,,,,,,,,,,,,,,,,,,,,,,,,,,,,,,,,,,,,,,,,,,,,,,,,,,,,,,,,,,,,,,,,,,,,,,,,,,,,,,,,,,,,,,,,,,,,,,,,,,,,,,,,,,,,,,,,,,,,,,,,,,,,,,,,,,,,,,,,,,,,,,,,,,,,,,,
2026-08-26T16:30:02+00:00,,,,,,,,,,,,,,,,,,,,,,,,290,222,,,,,,829,,30,14,211,,54,,,,139,,90,,28,,,,,108,,401,,116,,,34,,,,,,,130,,233,89,,,,,,266,,,,157,254,104,280,128,148,239,,,,,,,,,,,,,,,,,,,,,,,,,,,,,,,,,,,,,,,,107,118,797,133,255,454,,,358,,,,,,87,,,,,491,,,,,124,194,,,,,,,162,,,217,,444,,254,,181,,527,265,432,,399,39,,,,328,411,,294,,,,,,,,,,,,,97,,196,17,64,456,,,,,,,,,,68,,,,,,401,,,87,,,,,,,,,,107,,,,,44,,,,,,,,,,,,344,293,144,192,240,313,,324,47,,,,,,,,,,,,,,,,,,,324,,,,,,,,,,,,,,8,,3,,,,,,,,,245,,,247,,,,,,,,,,,,12,,,,,,,,,,,,187,118,26,74,49,,,219,451,260,,,331,111,,,,,,96,133,130,151,29,268,141,175,195,59,145,798,,130,32,,269,192,,,131,,63,,,,,,,,,,,,,,,,,,,,,,,,,,,,,,,,,,,,,,,,,,,,,,,,,,,,,,,261,543,170,84,514,73,89,,,,,,,,,,,,,,,,,,,,,,,,,,,,,,,,,,,,,,,,,,,,,,,,,,,,391,,102,208,,127,225,61,486,49,211,309,99,,,,,42,,127,424,264,,,,,,,,,,,,174,132,,,84,
2026-08-26T16:35:01+00:00,62,274,,,407,23,,83,196,315,,146,229,,,261,,,,,127,,291,,215,,48,,,44,835,28,32,16,210,,56,,,126,141,,91,,,,,,,,,398,,117,,,33,,,,132,,,132,,235,88,,,,,,270,,,98,,,,,,,,,,,309,,131,268,,190,295,22,328,,302,235,,375,,108,117,152,255,111,153,162,725,40,481,223,,169,212,226,230,718,,,,,,,,,,,,,,,,,,,,,,,,,,,,,,,,,,,,,,,,,,,,,,,,,262,427,,401,41,,,791,331,423,,295,282,401,1147,321,138,246,163,,257,327,431,205,98,,195,17,65,463,,,,,,,,,,69,,,,,,407,,,88,,,,,,,,,,,,,,,45,,,,,57,,,,,,174,348,295,142,197,242,320,,323,,,404,167,371,520,320,343,234,135,,199,290,54,,,,,,328,,89,,,,,,,,,,,11,5,15,7,,,,,,,,,246,,,251,,,,,,,,,,,,,,,,,,,,,,,,179,122,28,71,52,,,218,455,259,,,332,108,33,172,,,,98,132,131,,,,,177,197,,,800,24,,33,70,268,193,,876,132,,60,,4,,,,,,,,,,,,,,,,,,,,,,488,63,94,,582,,235,215,250,267,347,,,163,116,,,,,,36,,,223,81,78,116,,86,207,267,262,557,172,85,513,72,85,,,,,,,,,,,,,,,,,,,,,,,,,,,,,,,,,,,,,,,,,,,,,,,,,,,,394,138,101,201,,130,227,62,,47,213,,,110,,104,,43,,128,425,,,,,,,,464,,,,,179,,,,77,
2026-08-26T16:40:01+00:00,70,276,,,406,20,,84,191,316,,149,230,,,260,,,,,130,428,285,283,214,,47,,,,836,29,27,,206,,58,,,124,,,92,,,,,,,110,,401,,,,,,,,,,,,134,,,,4,,,,,,13,,100,153,253,102,277,121,146,,,,,,,,,,,,,,,,,,,,,,,,,,,,,,,,,,,,,,,,,,,,,,,,,,,,,,,91,,,,,492,,,,,125,198,,,,,,,156,,,212,,458,,263,,182,,552,258,431,569,400,39,,,786,333,,,298,,,,,,,,,,,,,100,,188,17,68,470,,,,,,,,,,83,,,,,,410,,,91,,,,,,,,,,108,,,,,,,,,,,,,,,,175,351,,139,198,241,324,,324,45,,407,172,372,527,321,349,221,,,,293,50,,1073,,,,,,91,,,,,,,,,,,5,6,12,6,,,,,,,,,247,,,,,,,,,,,,,,,11,,,,,,,,,,,,171,124,27,70,50,119,55,219,460,255,,,334,99,32,,,,17,100,133,140,158,,,147,,198,65,146,803,26,132,36,,,,,,,,,,,,,,,,,,,,,,,,,,,,,,,,483,,93,,580,,237,,252,,346,,,160,,,,,,,38,,,227,79,77,,,,202,268,,565,168,90,512,71,82,,50,364,105,55,106,30,156,225,168,140,177,,,0,274,,,120,,,,,,,,,,,,,,,,,,,,,,,,,,,,,,,,,397,136,100,197,,135,228,,488,43,212,310,,107,,105,,42,,131,,,,,,,,,467,,,317,,178,,,,78,
2026-08-26T16:45:02+00:00,69,277,,,400,19,,,199,314,,155,229,,,259,,,,,,433,283,277,223,,38,,,45,841,,28,15,200,,64,,,,142,,,,,,,,,,,,,,,,,,,,,,,131,,,,3,,114,,,273,12,,102,148,,,,,,,,,,311,,134,273,159,192,294,24,,,306,238,203,374,17,111,118,157,257,116,152,164,735,,480,234,,178,225,229,232,,,,,,,,,,,,,,,,,,,,,,,,,,,,,,,,,,,,,,159,,,210,,456,,270,,178,,565,260,,570,399,41,,,783,335,434,,302,281,399,1143,307,139,250,160,,258,330,434,207,98,,190,17,65,472,,,,,,,,,,91,,,,,,413,,,92,,,,,,,,,,,,,,,44,,,,,56,,,,,,,357,297,137,202,,328,,323,35,,414,177,375,535,323,353,218,136,,202,296,49,,1076,,,,326,,90,,,,,,,,,,,6,5,11,7,,,,,,,,,248,,,244,,,,,,,,,,,,12,,,,,,,,,,,,172,126,24,69,52,,52,,462,260,,,335,93,,173,,,18,98,,141,161,30,,148,173,,66,147,,,,,72,270,191,65,879,131,,,,3,,,,,,,,,,,,,,,,,,,,,,,,,,,,,,,,,,,,,,,,,,,,,,,,,,,,,,580,175,93,518,,79,,,,,,,,,,,,,,,,,,,,,,,,,,,,,,,,,,,,,,,,,,,,,,,,,,,,410,,,194,,,,63,489,44,215,312,100,105,,,,40,,130,426,,,,,,,,466,,,318,,181,131,,,86,
2026-08-26T16:50:01+00:00,71,276,,,399,20,,81,,316,,,,,,257,,,,,131,436,280,275,,,30,,,44,849,30,,17,197,,65,,,126,144,,93,,,,,,,,,,38,116,,,,,,,134,,,130,,,,1,,,,,275,11,,103,144,255,107,286,122,141,,,,,,,133,279,155,194,292,22,330,,311,241,205,,19,115,,158,254,119,150,,740,38,490,242,110,182,232,230,233,720,,,435,1,109,137,827,140,267,446,57,73,361,,,,,,93,,,,,493,,,,,128,194,,,,,,,,,,,,,,,,,,,257,433,571,397,43,,,775,337,431,,309,,,,,,,,,,,,,103,,191,17,71,489,,,,,,,,,,92,,,,,,418,,,94,,,,,,,,,,109,,,,,,,,,,52,,,,,,172,358,299,142,206,240,333,,321,38,,418,182,378,539,,355,212,,,205,,47,,,,,,,,89,,,,,,,,,,,7,4,,10,,,,,,,,,,,,,,,,,,,,,,,,11,,,,,,,,,,,,169,,23,,,,53,220,460,,,,336,90,,172,,,,,,144,163,32,269,149,174,,69,146,,,136,35,,,,,,,,,,,,,,,,,,,,,,,,,,,,,,,,486,66,92,,585,,242,216,268,266,348,,,159,,,,,,,32,,,234,,81,120,,81,200,,264,588,176,90,519,,65,,,,,,,,,,,,,,,,,,,,,,,,,,,,,,,,,,,,,,,,,,,,,,,,,,,,416,,97,191,,138,,67,491,45,225,313,99,106,,106,,42,,133,,263,,,,,,,468,,,321,,182,133,,,85,
2026-08-26T16:55:02+00:00,72,278,,,,18,,78,198,319,,151,233,,,254,,,,,130,437,273,276,230,,29,,,,854,,29,14,198,,67,,,127,,,92,,,,,,,111,,399,,115,,,,,,,135,,,131,,,87,,,,,,280,12,,105,140,,,,,,,,,,312,,131,282,154,196,285,27,331,,312,256,203,372,27,118,,163,255,128,151,163,750,,503,259,109,187,231,235,,735,,,,,,,,,,,,,,,,,,,,,,,,,,,,,,,,,,,,,150,,,206,,459,,272,,177,,570,,432,570,394,46,,,769,339,442,,318,282,390,1149,288,141,257,155,,,328,,202,104,,190,17,,501,,,,,,,,,,85,,,,,,419,,,96,,,,,,,,,,110,,,,,,,,,,50,,,,,,169,362,300,145,213,242,338,,,36,,424,185,380,541,,359,201,137,,206,299,50,,1077,,,,327,,90,,,,,,,,,,,1,,,12,,,,,,,,,259,,,,,,,,,,,,,,,13,,,,,,,,,,,,167,128,21,70,53,,,,464,259,,,337,84,31,174,,,,,132,151,168,,268,151,181,,68,,805,28,,33,70,,,,875,132,,59,,0,,,,,,,,,,,,,,,,,,,,,,,,,,586,,,,,267,,,,,,,,,,,,,,,,88,,,,,,265,600,182,92,532,69,63,,54,361,107,62,105,27,155,223,176,148,174,,143,,288,,,123,,,,,,,,,,,,,,,,,,,,,,,,,,,,,,,,,419,,154,182,,137,229,,495,46,,,,103,,108,,43,,136,427,259,,,,,,,469,,,322,,183,,,,,
2026-08-26T17:00:02+00:00,70,282,,147,397,17,,76,201,321,,,237,,,251,,,,,131,435,271,271,237,,27,,,43,862,,30,15,193,,72,,,129,145,,,,,,,,,,,,,114,,,35,,,,134,,,130,,,,,,,,,283,,,103,133,259,113,291,119,146,,,,,,,134,,150,,287,25,333,,,258,,373,29,,,166,257,134,,,752,35,502,,,191,236,236,,741,,,,,110,142,843,143,263,455,,74,365,,,,,,83,,,,,494,,,,,123,,,,,,,,,,,,,,,,,,,,,437,569,384,49,,,768,343,444,,324,,,,,,,,,,,,,106,,191,17,68,505,,,,,,,,,,94,,,,,,422,,,97,,,,,,,,,,113,,,,,45,,,,,51,,,,,,165,366,,,,241,351,,322,34,,427,187,382,546,322,360,193,,,207,297,52,,1078,,,,326,,93,,,,,,,,,,,0,6,9,11,,,,449,,,,,263,,,237,,,,,,,,,,,,14,,,,,,,,,,,,,129,22,,56,120,52,219,463,253,,,338,80,,175,,,,,131,154,171,,269,153,178,,73,,,,137,,,271,187,,881,136,,56,,,,,,,,,,,,,,,,,,,,,,,,484,,91,,,,,218,273,,,,,161,114,,,,,,31,,,235,82,,117,,84,199,,266,612,180,93,541,,54,,,,,,,,,,,,,,,,,,,,,,,,,,,,,,,,,,,,,,,,,,,,,,,,,,,,420,,156,179,,127,231,,497,52,230,315,,102,,109,,,,140,432,260,,,,,,,474,,,321,,186,135,,,84,
2026-08-26T17:05:01+00:00,,,,,403,,,72,205,319,,152,,,,249,,,,,136,,270,267,238,,23,,,44,,,32,11,192,,73,,,126,144,,,,27,,,,,,,400,,,,,,14,,,,,,,84,,,0,,115,,,282,13,,102,127,,,,,,,,,,,,,,,,,,,,,,,,,,,,,,,,,,,,,,,,,,,,,,,,,,,,,,,,,,,,,,,,,,,,,,,,,,,,,,144,,,202,,465,,287,,175,,576,255,436,,385,50,,,765,350,446,,330,281,382,1151,281,143,265,,100,261,,435,200,104,,194,16,69,514,,,,,,,,,,99,,,,,,425,,,96,134,,,,,,,,,114,,,,,,,,,,50,,,,,,162,364,,152,218,242,358,,321,32,,428,198,384,,324,362,188,,,208,293,53,,,,,,327,,94,,,,,,,,,,,,,11,10,,,,450,,,,,261,,,238,,,,,,,,,,,,13,,,,,,,,,,,,156,130,20,74,57,,51,217,465,251,,,341,78,,,,,,99,132,158,0,,268,155,181,200,72,,808,,134,,72,272,190,66,889,134,,52,198,,,,,,,,,,,,,,,,,,,,,,,486,,86,,582,,243,,283,,349,,,159,,,,,,,,,,238,,92,119,34,85,200,270,268,617,181,97,550,71,47,,,,,,,,,,,,,,,,,,,,,,,,,,,,,,,,,,,,,,,,,,,,,,,,,,,,425,135,154,,,130,236,68,496,53,,,96,101,,108,,46,,146,431,,,,,,,,472,,,329,,,,,,87,
2026-08-26T17:10:01+00:00,72,281,,,411,18,,74,,315,,149,,,,,,,,,,,,269,239,,16,,,45,871,,29,12,187,,74,,,125,,,,,,,,,,112,,398,,117,,,,,,,135,,,,,,89,,11,,,,283,,,,121,,,,,,,,,,,,,,,,,,,,,,,,,,,,,,,,,,,,,,,,,,,,,,,,,,,,,,,,,,,,,,,,,,,,,,,,,,,,,,,,,,,,,,,,,,,,,,,,,,,,,,,,,,,,,,,,,,,,,,,,,,,,,,,,,,,,,,,,,,,,,,,,,,,,,,,,,,,,,,,,,,,,,,,,,,,,,,,430,202,385,551,,367,187,,,210,298,51,,1082,,,,,,,,,,,,,,,,,,,,,,,,,,,,,,,,,,,,,,,,,,,,,,,,,,,,,,,,,,,,,,,,,,,,,,,,,,,,,,,,,,,,,,,,,,,,,,,,,,,,,,,,,,,,,,,,,,,,,,,,,,,83,,580,,242,216,295,,348,,,160,,,,,,,28,,,239,84,93,120,37,86,198,271,,,,,,,,,,,,,,,,,,,,,,,,,,,,,,,,,,,,,,,,,,,,,,,,,,,,,,,,,,,,,,,,,,,,,,,,,,,,,,,,,,,,,,,,,,,,,,,,,
2026-08-26T17:10:02+00:00,,,,,,,,,,,,,,,,250,,,,,137,433,274,,,,,,,,,,,,,,,,,,,,,,,,,,,,,,,,,,,,,,,,,,,,,,,,,,,,,,,256,121,295,127,148,,,197,,,,133,290,148,191,,,332,,,260,205,375,37,117,117,171,255,138,,161,,,515,262,,192,235,237,230,751,,,,1,109,147,860,148,275,463,,75,368,,,,,,79,,,,,497,,,,,125,197,,,,,,,,,,,,,,,,,,,257,437,571,,51,,,759,357,452,,,,,,,,,,,,,,,,,195,16,68,524,,,,,,,,,,89,,,,,,,,,,135,,,,,,,,,,,,,,44,,,,,49,,,,,,157,371,298,153,224,244,363,,322,37,,,,,,,,,,,,,,,,,,,,,,,,,,,,,,,,,2,12,11,,,,,,,,,,,,,,,,,,,,,,,,10,,,,,,,,,,,,152,132,21,70,61,122,50,213,464,247,,,343,82,,177,,,,98,133,166,,,,154,184,,73,,809,29,,35,70,,191,,888,137,,49,,2,,,,,,,,,,,,,,,,,,,,,,,,,,,,,,,,,,,,,,,,,,,,,,,,,,,,,269,619,177,96,552,,39,56,63,,106,67,115,24,161,220,182,156,176,,,4,292,,,115,,,,,,,,,,,,,,,,,,,,,,,,,,,,,,,,,431,,151,181,,131,239,69,495,65,236,316,97,,,,,48,,,433,,,,,,,,475,,,333,,189,134,,,88,
2026-08-26T17:15:01+00:00,77,282,,149,414,19,,65,204,,,148,240,,,246,,,,,142,,275,265,251,,13,,,,883,,35,,179,,78,,,121,145,,91,,29,,,,,113,,396,,,,,36,13,,,,,,131,,,90,1,,,,,286,,,,118,,,,,,,,,,313,4,128,295,,189,,24,334,,,,212,,40,,,175,,,,165,754,34,519,267,110,194,237,239,226,756,,,,,,,,,,,,,,,,,,,,,,,,,,,,,,,,,,,,,,,,197,,477,,304,,172,,583,254,438,569,388,50,,,755,366,462,,337,,375,1152,288,145,274,154,102,262,326,437,197,,,199,16,66,542,,,,,,,,,,90,,,,,,429,,,,136,,,,,,,,,113,,,,,,,,,,,,,,,,154,372,299,155,227,,368,,,35,,433,204,387,554,,368,190,,,209,303,,,1085,,,,331,,,,,,,,,,,,,,,9,10,,,,,,,,,262,,,,,,,,,,,,,,,,,,,,,,,,,,,155,134,22,71,62,,,214,466,261,,,346,81,,172,,,,,135,171,,,269,,187,,74,145,,,133,,,274,193,,881,139,,46,,1,,,,,,,,,,,,,,,,,,,,,,491,,85,,578,,249,215,310,268,,,,162,,,,,,,,,,243,85,97,125,,92,204,272,270,636,178,,558,70,36,,,,,,,,,,,,,,,,,,,,,,,,,,,,,,,,,,,,,,,,,,,,,,,,,,,,435,,,170,1,132,240,,500,73,235,,,104,,,,47,,148,431,261,,,,,,,480,,,339,,192,132,,,91,
2026-08-26T17:20:01+00:00,75,287,57,,410,21,,66,205,311,,146,245,,,240,,,,,144,432,276,266,258,,,,,,886,31,38,13,178,,82,,,123,146,,89,,,,,,,,,,,,,,35,14,,,,,,129,,,89,0,,,,,289,,,107,117,254,128,299,139,151,,,,,,,,,,,,,,,,,,,,,,,,,,,,,,,,,,,,,,,,,110,154,867,149,280,465,,67,371,,,,,,75,,,,,499,,,,,128,194,,,,,,,,,,,,,,,,,,,,436,,389,51,,,754,373,471,,340,,,,,,,,,,,,,107,,192,16,65,545,,,,,,,,,,80,,,,,,430,,,,,,,,,,,,,116,,,,,,,,,,50,,,,,,151,374,298,,229,245,371,,323,33,,436,213,,566,325,369,184,,,211,302,55,,1086,,,,334,,,,,,,,,,,,,,,8,7,,,,,,,,,260,,,,,,,,,,,,,,,9,,,,,,,,,,,,142,,23,,66,,51,216,,264,,,344,,,171,,,,,138,175,,,268,158,189,,78,146,,,,36,71,276,190,67,890,144,,42,,,,,,,,,,,,,,,,,,,,,,,,496,67,83,,,,250,,318,270,,,,163,,,,,,,27,,,245,,104,126,,93,202,,272,646,179,93,568,69,37,,,,,,,,,,,,,,,,,,,,,,,,,,,,,,,,,,,,,,,,,,,,,,,,,,,,436,,,168,-100,137,249,71,502,78,242,315,96,100,,109,,46,,149,432,262,,,,,,,483,127,,,,,,,,102,
2026-08-26T17:25:01+00:00,77,288,,,415,22,,56,206,312,,150,248,,,238,,,,,148,433,284,265,267,,9,,,,897,,37,12,,,86,,,122,145,,90,,28,,,,,,,395,,,,,38,,,,,,,132,,,,,,,,,291,15,,113,120,,,,,,,,,,314,1,129,299,141,188,297,16,336,217,,263,214,,47,116,,181,261,158,,166,758,36,529,276,108,198,253,241,231,760,,,434,4,,,,,,,,,,,,,,,,,,,,,,,,,,,,,,,,,146,,,193,,484,,328,,166,,593,,439,,390,53,,,752,380,476,,343,283,370,1156,275,,275,153,101,,329,434,201,109,,194,16,66,553,,,,,,,,,,79,,,,,,428,,,97,,,,,,,,,,117,,,,,,,,,,,,,,,,,384,,156,,,373,,,38,,443,218,388,575,,373,187,,,212,304,56,,1089,,,,333,,,,,,,,,,,,,2,4,9,9,,,,,,,,,263,,,233,,,,,,,,,,,,,,,,,,,,,,,,143,,24,73,68,,,218,468,268,,37,345,,,172,,,,97,141,177,,,267,,192,,,147,,,134,38,72,277,185,,,153,,43,,0,,,,,,,,,,,,,,,,,,,,,,498,,81,,,,,217,328,271,346,,,164,115,,,,,,26,,,248,89,103,131,42,94,,,274,663,180,94,580,,39,54,69,365,109,69,120,29,159,,180,168,174,,147,14,299,,,125,,,,,,,,,,,,,,,,,,,,,,,,,,,,,,,,,439,134,,162,,135,253,74,,86,244,314,97,97,,111,,,,151,,261,,,,,,,,,,,,194,131,,,108,
2026-08-26T17:30:01+00:00,82,290,,,419,24,,60,205,311,,149,,,,231,,,,,149,434,288,264,276,,,,,47,901,,38,14,177,,87,,,123,,,,,,,,,,111,,394,,,,,39,13,,,,,,134,,,,1,,117,,,298,,,114,117,247,133,311,147,156,,,196,,316,,140,300,,185,307,11,,,309,266,216,,43,117,119,185,,175,152,169,761,,541,275,,201,257,240,239,772,,,436,8,112,164,884,156,,471,,,373,,,,,,79,,,,,501,,,,,129,196,,,,,,,,,,,,,,,,,,,255,,570,391,,,,755,387,479,,345,,,,,,,,,,,,,113,,196,16,65,576,,,,,,,,,,81,,,,,,439,,,,,,,,,,,,,116,,,,,,,,,,,,,,,,147,389,,,230,,375,,319,,,448,,,,326,375,184,,,213,306,55,,1095,,,,334,,93,,,,,,,,,,,1,5,10,11,,,,,,,,,265,,,237,,,,,,,,,,,,10,,,,,,,,,,,,147,,25,,,,52,,470,270,,,344,79,,171,,,,,146,178,,,266,157,191,,81,148,,30,,39,74,,191,,902,154,,37,,1,,,,,,,,,,,,,,,,,,,,,,500,,86,,575,,,,339,273,,,,163,116,,,,,,27,,,250,,105,133,,97,206,274,276,672,178,97,576,71,44,,,,,,,,,,,,,,,,,,,,,,,,,,,,,,,,,,,,,,,,,,,,,,,,,,,,443,130,150,163,1,140,254,75,505,94,247,,96,98,,112,,,,153,429,,,,,,,,482,128,,346,,195,132,,,112,
2026-08-26T17:35:01+00:00,,289,,,427,26,,66,206,308,,148,,,,228,,,,,151,435,289,269,279,,,,,,907,,40,15,175,,90,,,,146,,89,,,,,,,112,,395,,,,,38,14,,,,,,136,,234,,4,,,,,299,,,115,120,240,134,315,150,158,,,,,,,,,,,,,,,,,,,,,,,,,,,,,,,,,,,,,,,,,,,,,,,,,,,,,,,,,,,,,,,,,,,,,,,,,151,,,189,,489,,343,,161,,609,252,441,571,,54,,,,394,482,,348,,368,1157,277,146,,152,,,328,444,202,112,,193,16,66,589,,,,,,,,,,,,,,,,438,,,,,,,,,,,,,,,,,,,,,,,,,,,,,144,393,296,157,235,,379,,315,39,,450,223,389,579,325,376,189,,,214,310,,,1097,,,,335,,94,,,,,,,,,,,0,9,9,12,,,,,,,,,266,,,242,,,,,,,,,,,,9,,,,,,,,,,,,146,,26,74,,,,,471,271,,,345,78,,170,,,,98,147,180,,,,158,194,,83,150,806,29,133,,75,278,194,68,903,158,,33,,6,,,,,,,,,,,,,,,,,,,,,,499,,,,573,,252,214,352,274,349,,,164,115,,,,,,,,,252,84,100,134,,104,204,275,275,680,,,585,,49,,,,,,,,,,,,,,,,,,,,,,,,,,,,,,,,,,,,,,,,,,,,,,,,,,,,,128,148,160,,146,257,,,100,253,,,100,,113,,,,155,432,,,,,,,,,,,351,,196,133,,,119,
2026-08-26T17:40:02+00:00,84,288,,,423,27,,71,210,311,,158,251,,,227,,,,,152,436,295,273,286,,,,,,921,30,42,20,173,,92,,,126,,,,,,,,,,110,,,37,,,,36,,,,,,,138,,,88,,,,,,298,14,,116,,,,,,,,,,,317,,142,,139,183,311,10,335,218,,269,,377,45,118,120,191,260,179,153,168,762,,548,277,,203,260,241,240,779,,,,,113,167,888,159,,467,58,71,,,,,,,88,,,,,,,,,,132,197,,,,,,,,,,,,,,,,,,,250,442,,392,,,,753,399,484,,352,,,,,,,,,,,,,113,,194,16,69,603,,,,,,,,,,82,,,,,,448,,,,,,,,,,,,,117,,,,,45,,,,,49,,,,,,139,398,295,159,236,246,380,,,38,,454,229,390,586,,374,,138,,215,308,54,,1099,,,,336,,,,,,,,,,,,,,,,,,,,449,,,,,268,,,243,,,,,,,,,,,,8,,,,,,,,,,,,148,136,27,,71,123,,220,469,275,,,346,82,,173,,,19,97,,182,,33,263,159,193,,,152,804,31,,40,72,280,201,,915,162,,,,,,,,,,,,,,,,,,,,,,,,,,498,,84,,571,,253,215,361,279,,,,161,116,,,,,,28,,,260,82,104,136,,107,203,276,276,685,184,103,597,70,46,,,,,,,,,,,,,,,,,,,,,,,,,,,,,,,,,,,,,,,,,,,,,,,,,,,,446,129,146,163,5,153,258,,506,106,263,,97,99,,117,,45,,156,,262,,,,,,,479,,,363,,,,,,122,
2026-08-26T17:45:01+00:00,90,,56,,422,28,,72,211,312,,156,254,,,,,,,,,438,300,274,294,,,,,50,925,,41,,171,,94,,,,,,88,,,,,,,,,396,38,,,,,,,,,,,141,,,,,,,,,305,13,,115,122,238,135,318,149,156,,,,,318,2,143,304,,182,320,9,336,219,310,274,215,379,,,119,189,257,185,,167,,,553,,,206,,242,241,780,,,,7,,,,,,,,,,,,,,,,,,,,,,,,,,,,,,,,,149,,,186,,490,,346,,157,,610,251,444,,,56,,,754,404,491,,351,284,364,1160,287,148,286,148,102,,330,448,206,120,,,16,71,614,,,,,,,,,,85,,,,,,454,,,98,,,,,,,,,,116,,,,,,,,,,,,,,,,132,401,291,164,237,245,386,,321,39,,456,232,389,594,,376,183,137,,217,307,57,,,,,,,,98,,,,,,,,,,,,8,8,11,,,,,,,,,270,,,244,,,,,,,,,,,,9,,,,,,,,,,,,156,,26,72,74,,53,222,470,274,,38,348,86,,175,,,,,148,,,,260,161,194,,,151,800,,,,,,,,,,,,,,,,,,,,,,,,,,,,,,,,,,,,,,,,,,,,,,,,,,,,,,,,,,,,,,,,,,281,687,185,104,601,69,49,52,67,370,110,75,125,,161,223,174,158,,,146,17,316,,,137,,,,,,,,,,,,,,,,,,,,,,,,,,,,,,,,,447,,147,169,4,157,260,,508,119,268,317,96,102,,,,,,157,431,263,,,,,,,480,,,377,,199,131,,,135,
2026-08-26T17:50:02+00:00,91,,,,,30,,75,213,313,,157,,,,,,,,,156,439,,276,305,,,,,49,928,,40,21,172,,,,,127,,,86,,,,,,,,,398,,,,,,,,,,,,,,,,6,,118,,,304,14,,114,125,,,,,,,,,,,,,,,,,,,,,,,,,,,,,,,,,,,,,,,,,,,,,,,180,896,163,,470,,68,378,,,,,,99,,,,,504,,,,,136,202,,,,,,,,,,,,,,,,,,,,442,570,,,,,761,410,503,,353,,,,,,,,,,,,,122,,200,16,70,621,,,,,,,,,,81,,,,,,455,,,100,,,,,,,,,,,,,,,46,,,,,,,,,,,128,402,290,,,,,,,38,,458,231,391,599,,,185,,,,311,,,,,,,338,,97,,,,,,,,,,,2,,9,7,,,,,,,,,272,,,,,,,,,,,,,,,10,,,,,,,,,,,,172,,,,79,125,51,223,469,276,,,350,87,,,,,,,,,,,259,,192,,87,,801,,,39,74,284,205,,934,167,,35,,16,,,,,,,,,,,,,,,,,,,,,,499,,85,,574,,252,216,370,281,,,,162,,,,,,,30,,,264,79,108,137,,110,208,278,279,694,,105,602,,47,,,,,,,,,,,,,,,,,,,,,,,,,,,,,,,,,,,,,,,,,,,,,,,,,,,,448,,144,172,6,165,262,77,510,125,,316,,104,,118,,46,,159,,266,,,,,,,484,,,385,,,132,,,145,
2026-08-26T17:55:02+00:00,94,289,,,428,32,,76,218,314,,,,,,229,,,,,160,440,301,279,308,,12,,,50,932,,46,,173,,,,,129,,,,,,,,,,111,,,,116,,,37,,,,,,,142,,235,,7,,,,,303,,,113,124,,,,,,,,,,,,,,,,,,,,,,,,,,,,,,,,,,,,,,,,,,,,,,,,,,,,,,,,,,,,,,,,,,,,,,,,,,,,,,,,,,,,,,,,,,250,447,571,,57,,,760,413,510,,356,283,362,1162,295,,289,,103,263,,447,205,125,,203,17,,635,,,,,,,,,,79,,,,,,458,,,,,,,,,,,,,118,,,,,45,,,,,48,,,,,,125,399,286,,238,246,392,,319,39,,461,230,392,602,,377,183,,,,312,,,1101,,,,342,,99,,,,,,,,,,,0,5,11,5,,,,450,,,,,276,,,249,,,,,,,,,,,,,,,,,,,,,,,,181,,,70,84,127,50,224,472,282,,,351,88,,,,,,,,184,,,260,162,196,,89,152,798,32,,40,,,,,,,,,,,,,,,,,,,,,,,,,,,,,,,,504,68,90,,575,,253,,374,284,,,,161,,,,,,,33,,,,80,115,138,,114,207,279,281,702,186,106,599,71,46,,,,,,,,,,,,,,,,,,,,,,,,,,,,,,,,,,,,,,,,,,,,,,,,,,,,450,,142,,10,166,263,79,512,128,,318,97,101,,,,,,160,430,264,,,,,,,485,,,390,,200,,,,160,
2026-08-26T18:00:01+00:00,95,287,,,,34,,81,221,,,152,256,,,,,,,,161,,303,287,315,,13,,,53,937,31,50,22,174,,98,,,128,145,,,,29,,,,,112,,,,,,,39,,1,,,,,,,,90,6,,,,,306,,,116,,,,,,,,,,,,,,,,,,,,,,,,,,,,,,,,,,,,,,,,,,,,,,,,,,,,,,,,,,,,,,,,,,,,,,,,,,,,,,,,,,,,,,,,,,,246,444,570,393,58,,,763,,520,,359,,,,,,,,,,,,,126,,204,17,,641,,,,,,,,,,81,,,,,,465,,,102,,,,,,,,,,119,,,,,47,,,,,49,,,,,,126,403,,165,,248,394,,324,41,,460,231,395,605,,378,186,136,,220,311,55,,,,,,,,,,,,,,,,,,,,,13,4,,,,,,,,,,,,251,,,,,,,,,,,,9,,,,,,,,,,,,185,137,,69,86,134,,,,284,,,,89,,176,,,,,,,,,259,163,199,,90,,797,,,41,73,285,208,,943,166,,36,199,19,,,,,,,,,,,,,,,,,,,,,,506,,93,,570,,254,215,388,286,350,,,162,117,,,,,,32,,,266,78,120,139,,,209,278,,705,,,606,70,49,53,81,369,113,79,132,28,171,230,189,167,168,,143,,327,,,143,,,,,,,,,,,,,,,,,,,,,,,,,,,,,,,,,454,130,144,169,,165,266,,514,137,269,320,96,103,,,,,,162,431,261,,,,,,,490,,,400,,,,,,178,
2026-08-26T18:05:01+00:00,100,,,,431,33,,82,225,313,,158,262,,,231,,,,,,442,309,289,323,,,,,52,946,,59,26,173,,,,,,143,,,,31,,,,,,,399,,117,,,,,20,,,,,141,,,,7,,,,,,,,117,,232,158,329,152,164,,,197,,321,10,158,318,147,188,321,3,337,,315,294,213,382,60,,120,200,269,229,154,168,767,38,580,280,107,217,263,244,243,799,,,437,,115,197,921,171,,476,,75,382,,,,,,128,,,,,511,,,,,143,206,,,,,,,159,,,181,,522,,391,,167,,625,247,446,,394,60,,,758,415,528,,360,,,1168,300,,291,146,,261,331,451,207,124,,203,17,74,663,,,,,,,,,,88,,,,,,471,,,103,,,,,,,,,,118,,,,,,,,,,,,,,,,125,407,283,166,239,,397,,323,42,,463,235,,611,,,195,,,221,320,57,,,,,,343,,97,,,,,,,,,,,,4,11,,,,,,,,,,278,,,250,,,,,,,,,,,,,,,,,,,,,,,,183,138,30,70,89,140,49,227,478,285,,,354,94,,179,,,20,,149,,,,260,165,210,,89,153,795,36,135,,77,287,216,,952,,,32,,17,,,,,,,,,,,,,,,,,,,,,,515,,95,,569,,255,217,405,,,,,164,119,,,,,,33,,,265,77,130,,53,119,208,280,280,707,188,110,610,72,56,,,,,,,,,,,,,,,,,,,,,,,,,,,,,,,,,,,,,,,,,,,,,,,,,,,,455,131,,174,9,173,270,82,519,146,268,321,,102,,,,47,,163,433,262,,,,,,,,,,414,,201,133,,,187,
2026-08-26T18:10:01+00:00,102,286,,,439,,,95,234,314,,161,,,,235,,,,,167,,314,291,328,,,,,51,953,,62,,174,,,,,126,144,,85,,32,,,,,111,,400,37,,,,40,,32,,,,,140,,,,,,,,,309,,,,126,,,,,,,,,,,,,,,,,,,,,,,,,,,,,,,,,,,,,,,,,,,,,,,,,,,,,,,,,,,,,,,,,,,,,,,,,,,,,,,,,,,,,,,,,,,449,571,,62,,,760,417,542,,363,,,,,,,,,,,,,125,,209,17,76,679,,,,,,,,,,90,,,,,,480,,,,,,,,,,,,,119,,,,,,,,,,,,,,,,,411,,167,240,249,402,,322,40,,464,239,,616,,376,201,,,222,324,61,,,,,,344,,99,,,,,,,,,,,,5,,,,,,,,,,,282,,,248,,,,,,,,,,,,10,,,,,,,,,,,,182,,,69,90,142,,,481,290,,,353,98,32,178,,,,,150,187,,,261,166,212,199,90,,794,37,134,,,,217,,969,165,,34,,15,,,,,,,,,,,,,,,,,,,,,,516,69,100,,577,,257,220,421,,,,,163,118,,,,,,,,,,79,140,,92,122,217,281,281,713,190,116,616,,59,,,,,,,,,,,,,,,,,,,,,,,,,,,,,,,,,,,,,,,,,,,,,,,,,,,,454,130,,181,8,187,273,83,522,153,276,,,100,,,,48,,166,435,264,,,,,,,492,,,428,,203,134,,,199,
2026-08-26T18:15:01+00:00,106,284,,,443,38,,99,237,315,,163,266,,,234,,,,,,443,316,295,335,,12,,,52,966,,64,,,,,,,,,,83,,31,,,,,112,,,,,,,41,,34,,,,,144,,234,89,6,,,,,312,13,,120,125,,,,,,,,,,,12,160,322,149,187,329,1,,,316,303,,383,65,,,202,,238,,,768,37,590,,,218,273,,249,804,,,,,,,,,,,,,,,,,,,,,,,,,,,,,,,,,,,,,,,,,,,,,,,,,250,448,,395,,,,769,419,549,,365,,363,1176,314,152,295,149,106,262,,453,210,128,,213,17,82,695,,,,,,,,,,89,,,,,,485,,,104,137,,,,,,,,,122,,,,,,,,,,51,,,,,,126,413,,169,,252,405,,327,41,,,242,399,625,327,377,212,,,,326,65,,1102,,,,,,102,,,,,,,,,,,,6,10,5,,,,,,,,,,,,249,,,,,,,,,,,,,,,,,,,,,,,,179,139,,70,92,,,229,,295,,,,99,,177,,,,,152,191,,,,167,211,,,,791,38,,44,78,289,219,67,989,166,,,,17,,,,,,,,,,,,,,,,,,,,,,522,70,104,,582,,259,223,434,287,349,,,162,,,,,,,38,,,271,,152,,139,128,219,,,723,189,121,622,73,65,,85,371,116,92,138,31,172,229,219,170,163,,,22,332,,,153,,,,,,,,,,,,,,,,,,,,,,,,,,,,,,,,,456,,145,185,,195,275,87,525,160,279,326,94,103,,121,,49,,168,439,,,,,,,,500,,,438,,204,,,,209,
2026-08-26T18:20:01+00:00,111,,,,442,40,,102,235,,,166,267,,,235,,,,,,445,318,298,337,,14,,,50,971,,61,25,175,,,,,,143,,,,32,,,,,111,,,,,,,,,,,,,,,,,88,,12,,,,,,,122,131,236,164,328,157,169,,,,,,,,,,,,,,,,,,,,,,,,,,,,,,,,,,,,,,,,,116,201,927,177,,475,,79,381,,,,,,134,,,,,513,,,,,144,202,,,,,,,165,,,182,,534,,397,,164,,627,251,450,,401,,,,772,420,561,,366,,,,,,,,,,,,,127,,210,17,85,706,,,,,,,,,,88,,,,,,487,,,105,,,,,,,,,,124,,,,,,,,,,,,,,,,128,415,,170,241,251,,,326,,,,243,,630,,380,219,,,224,328,,,,,,,346,,103,,,,,,,,,,,1,5,12,,,,,,,,,,291,,,251,,,,,,,,,,,,,,,,,,,,,,,,173,140,31,,91,,48,,484,299,,,,97,,175,,,,,,194,,,263,,213,,92,154,792,,137,43,82,291,227,,1005,173,,35,,25,,,,,,,,,,,,,,,,,,,,,,530,,107,,585,,263,227,444,288,,,,163,117,,,,,,40,,,273,83,162,,153,137,221,283,279,725,191,124,629,75,70,,,,,,,,,,,,,,,,,,,,,,,,,,,,,,,,,,,,,,,,,,,,,,,,,,,,457,,,193,9,203,,88,524,165,283,330,,107,,123,,51,,169,442,265,,,,,,,504,129,,443,,,,,,211,
2026-08-26T18:25:01+00:00,113,287,,,,42,,108,,317,,168,268,,,234,,,,,,446,321,304,341,,15,,,48,972,,62,,174,,,,,,145,,,,31,,,,,110,,,,118,,,42,,33,,136,,,143,,233,,7,,,,,,,,,,,165,,158,172,,,,,323,18,166,328,151,190,342,11,338,,318,319,214,,72,119,,,275,257,155,167,770,40,602,,,222,272,243,254,807,,,438,12,115,203,928,178,,,,84,,,,,,,135,,,,,,,,,,145,203,,,,,,,,,,,,,,,,,,,252,452,574,402,63,,,778,421,567,,368,,358,1179,324,155,309,156,,263,,452,220,129,,217,17,91,715,,,,,,,,,,91,,,,,,488,,,,,,,,,,,,,,,,,,,,,,,,,,,,,129,417,284,171,240,252,406,,325,45,,465,247,400,634,,,233,,,,329,67,,,,,,,,,,,,,,,,,,,2,9,11,4,,,,,,,,,295,,,256,,,,,,,,,,,,,,,,,,,,,,,,172,,,69,92,143,49,231,490,305,,,357,99,,172,,,,96,151,198,,34,276,169,219,,91,156,797,,136,,,292,224,68,1024,181,,34,200,29,,,,,,,,,,,,,,,,,,,,,,538,,112,,591,,264,228,452,291,,,,164,116,,,,,,42,,,276,81,171,140,161,139,,,,732,190,126,637,78,72,,,,,,,,,,,,,,,,,,,,,,,,,,,,,,,,,,,,,,,,,,,,,,,,,,,,,131,,202,,210,277,91,527,168,286,,90,108,,124,,52,,170,444,266,,,,,,,507,,,447,,205,,,,214,
2026-08-26T18:30:02+00:00,,286,,,440,43,,111,240,316,,171,269,,,232,,,,,,,324,305,342,,16,,,,979,,63,,,,,,,127,146,,,,32,,,,,109,,,,,,,,12,42,,,,,144,,234,87,8,11,120,,,324,14,,124,135,,,,,,,,,,,,,,,,,,,,,,,,,,,,,,,,,,,,,,,,,,,,,,,,,,,,,,,,,,,,,,,,,,,,,,,,,,,,,,170,,,,,543,,409,,161,,629,255,451,,404,,,,777,422,568,,369,,,,,,,,,,,,,130,,218,17,92,717,,,,,,,,,,94,,,,,,490,,,,,,,,,,,,,126,,,,,,,,,,50,,,,,,128,,287,172,241,,,,324,47,,,253,401,636,328,381,242,,,225,331,68,,1099,,,,,,,,,,,,,,,,,,,,,,,,,,,,,,,,,,,,,,,,,,,,,,,,,,,,,,,,174,,,71,93,,,232,491,,,,358,100,,,,,,95,150,201,,,277,,218,200,92,155,800,,135,,90,293,240,,1039,188,,39,,30,,,,,,,,,,,,,,,,,,,,,,545,71,118,,,,265,232,460,,,,,,,,,,,,45,,,277,82,181,,171,147,229,284,278,736,189,,644,76,77,51,91,374,117,97,143,36,167,241,223,174,162,,146,32,345,,,163,,,,,,,,,,,,,,,,,,,,,,,,,,,,,,,,,460,,144,211,,217,278,93,528,175,291,331,89,107,,122,1,54,,,,,,,,,,,512,,,450,,204,135,,,221,
2026-08-26T18:35:01+00:00,116,288,,,441,42,,116,243,317,,172,271,,,233,,,,,,447,327,310,346,,18,,,,980,,70,26,,,,,,128,,,,,33,,,,,110,,401,,117,,,41,13,,,,,,146,,233,,,12,,,,330,13,,,138,235,169,330,162,174,,,,,324,17,176,336,159,193,349,18,337,,317,338,,385,81,118,,212,278,272,,,774,44,618,,108,224,277,,257,815,,,,,,205,933,181,,476,,87,383,,,,,,148,,,,,516,,,,,144,205,,,,,,,171,,,183,,545,,411,,162,,631,,,573,409,62,,,782,423,572,,,285,354,1180,338,156,325,158,108,262,330,458,229,131,,220,17,94,731,,,,,,,,,,99,,,,,,491,,,,,,,,,,,,,129,,,,,0,,,,,48,,,,,,,422,288,176,,,408,,326,48,,464,258,,638,,385,249,,,228,333,,,,,,,348,,100,,,,,,,,,,,5,12,13,,,,,,,,,,303,,,260,,,,,,,,,,,,,,,,,,,,,,,,176,,,72,96,,48,233,493,313,,,361,103,33,,,,,,154,204,,,,170,222,,90,154,807,,,,,,,,,,,,,,,,,,,,,,,,,,,,,,,,,,,554,70,121,,598,,270,234,469,295,352,,,,117,,,,,,46,,,,,193,,186,152,,285,281,740,188,129,643,77,78,,,,,,,,,,,,,,,,,,,,,,,,,,,,,,,,,,,,,,,,,,,,,,,,,,,,459,132,145,216,10,231,279,94,529,179,298,,88,110,,125,2,55,,172,443,269,,100,69,,,,515,,,457,,205,,,,228,
2026-08-26T18:40:02+00:00,117,289,,,447,,,125,246,319,,171,,,,,,,,,,,332,314,351,,21,,,49,979,,69,28,,,,,,131,145,,,,,,,,,112,,403,,,,,,,41,,,,,147,,234,,6,,,,,,11,,123,142,,,,,,,,,,,,,,,,,,,,,,,,,,,,,,,,,,,,,,,,,,,,,,,,,,,,,,,,,,,,,,,,,,,,,,,,,,,,,,,,,,,,,,,,,,258,454,,,,,,794,424,574,,370,,,,,,,,,,,,,130,,223,17,95,738,,,,,,,,,,102,,,,,,492,,,103,,,,,,,,,,,,,,,49,,,,,47,,,,,,,424,290,177,,253,,,,47,,465,260,,640,327,387,257,,,229,,,,,,,,349,,101,,,,,,,,,,,,16,12,6,,,,,,,,,305,,,261,,,,,,,,,,,,,,,,,,,,,,,,174,,32,,98,142,49,234,494,315,,,359,104,,175,,,,96,156,207,,,279,171,225,,,,810,,136,,95,,245,,1041,193,,40,,39,,,,,,,,,,,,,,,,,,,,,,570,,128,,595,,272,,472,297,351,,,163,,,,,,,49,,,281,84,202,,200,162,,,,741,185,135,642,80,83,,,,,,,,,,,,,,,,,,,,,,,,,,,,,,,,,,,,,,,,,,,,,,,,,,,,463,133,146,225,12,234,,,531,182,301,,89,109,,127,,,,175,,,,,,,,,519,,,462,,206,134,,,,
2026-08-26T18:45:01+00:00,119,288,,,453,43,,126,250,320,,,270,,,234,,,,,,,333,315,353,,,,,,980,32,70,29,,,,,,132,,,81,,,,,,,115,,402,,118,,,,,43,,,,,148,,,,7,13,,,,334,,,122,144,243,172,332,164,175,,,,,325,21,188,331,161,,369,,,,318,354,,384,94,,,224,284,299,157,,,48,639,,109,226,281,242,,823,,,,13,,,,,,,,,,,,,,,161,,,,,,,,,,150,207,,,,,,,175,,,188,,547,,422,,163,,,262,453,574,411,64,,,795,,577,,373,,361,1181,357,160,328,,,261,331,466,238,133,,,17,96,745,,,,,,,,,,112,,,,,,494,,,,,,,,,,,,,127,,,,,48,,,,,50,,,,,,,426,,,242,254,411,,334,,,464,263,403,642,,,263,135,,228,335,70,,1102,,,,,,100,,,,,,,,,,,9,22,11,7,,,,,,,,,311,,,265,,,,,,,,,,,,13,,,,,,,,,,,,170,,,76,,,,233,495,317,,,362,103,,176,,,,,158,209,,,,172,,,91,,814,,137,,101,,248,,,198,,41,,45,,,,,,,,,,,,,,,,,,,,,,,,,,,,,,,,,,,,,,,,,,,,,,,,,,,,,280,744,186,139,648,86,85,,98,,,104,149,38,168,257,232,192,170,,159,33,350,,,178,,,,,,,,,,,,,,,,,,,,,,,,,,,,,,,,,,134,,231,10,238,280,,535,188,303,332,88,,,,4,57,,177,441,,,,,,,,523,,,470,,,,,,231,
2026-08-26T18:50:01+00:00,122,287,,,455,,,131,251,321,,170,,,,236,,,,,,,334,322,354,,20,,,,981,,72,,175,,,,,134,146,,,,,,,,,,,,38,117,,,,,44,,,,,149,,233,90,9,,,,,,,,123,143,,,,,,,,,,,,,,,,,,,,,,,,,,,,,,,,,,,,,,,,,,,,,,,,,,,,,,,,,,,,,,,,,,,,,,,,,,,,,,,,,,,,,,,,,,259,450,,412,68,,,801,425,582,,374,,,,,,,,,,,,,134,,227,17,,750,,,,,,,,,,108,,,,,,496,,,104,,,,,,,,,,129,,,,,51,,,,,52,,,,,,,434,293,,243,,412,,354,50,,465,268,,644,,385,268,,,,,72,,1103,,,,,,,,,,,,,,,,,11,25,13,8,,,,,,,,,316,,,267,,,,,,,,,,,,,,,,,,,,,,,,179,141,34,83,102,,,232,497,323,,,361,105,,180,,,,98,159,212,,,286,,226,,92,153,817,,139,44,103,,259,,1042,199,,,,50,,,,,,,,,,,,,,,,,,,,,,581,71,134,,602,,277,239,476,301,,,,,,,,,,,53,,,283,85,228,,228,165,,,,750,189,,649,,87,,,,,,,,,,,,,,,,,,,,,,,,,,,,,,,,,,,,,,,,,,,,,,,,,,,,465,135,147,239,12,244,,,536,192,309,333,89,110,,128,7,61,,,445,270,,,,,,,527,,,,,,137,,,235,
2026-08-26T18:55:02+00:00,123,286,,,458,47,,134,252,323,,171,272,,,235,,,,,,450,335,326,358,,,,,50,982,,75,,178,,,,,137,145,,83,,,,,,,,,403,,,,,40,12,45,,,,,150,,,,,,,,,339,,,124,148,248,,334,175,177,,,,,327,23,198,334,165,,386,19,,,,361,215,385,100,120,,229,285,305,,,775,46,651,,,231,284,243,259,824,,,,14,116,211,940,182,280,479,58,101,389,,,,,,166,,,,,517,,,,,152,208,,,,,,,180,,,,,549,,435,,165,,634,261,457,575,413,,,,809,426,583,,380,286,362,1180,366,,330,163,107,262,332,475,240,136,,228,17,99,757,,,,,,,,,,111,,,,,,499,,,,,,,,,,,,,130,,,,,52,,,,,53,,,,,,129,441,298,,245,,,,373,54,,,272,405,,326,386,276,,,,334,73,,1104,,,,351,,103,,,,,,,,,,,10,24,14,,,,,,,,,,319,,,268,,,,,,,,,,,,12,,,,,,,,,,,,182,,,84,103,,50,,,328,,,,108,,182,,,,97,160,216,,,,,229,,95,,819,,,45,107,291,269,,1044,207,,43,,57,,,,,,,,,,,,,,,,,,,,,,591,72,148,,606,,,238,482,302,,,,164,119,,,,,,54,,,284,89,238,,239,171,,286,,754,190,141,658,88,91,,,,,,,,,,,,,,,,,,,,,,,,,,,,,,,,,,,,,,,,,,,,,,,,,,,,466,134,,245,16,250,,,538,194,312,,88,111,,129,6,62,,178,444,273,,,,,,,529,,,471,,205,139,,,240,
2026-08-26T19:00:01+00:00,,287,,,459,50,,141,,,,,274,,,236,,,,,,,,330,359,,22,,,52,984,,76,30,,,,,,,143,,84,,,,,,,,,,,,,,41,13,,,,,,153,,,,8,,,,,,,,125,149,,,,,,,,,,,,,,,,,,,,,,,,,,,,,,,,,,,,,,,,,,,,,,,,,,,,,,,,,,,,,,,,,,,,,,,,,,,,,,185,,,185,,551,,446,,163,,636,262,455,,414,,,,812,427,588,,381,,,,,,,,,,,,,138,,231,17,103,761,,,,,,,,,,128,,,,,,502,,,105,,,,,,,,,,128,,,,,,,,,,52,,,,,,,445,299,,,,414,,374,57,,464,275,406,645,,387,288,,,229,336,75,,1106,,,,,,105,,,,,,,,,,,,,12,9,,,,,,,,,323,,,276,,,,,,,,,,,,,,,,,,,,,,,,189,,36,,,,51,230,499,334,,,365,110,,,,,,95,,223,,,288,174,230,,98,,834,37,,,,,,,,,,,,,,,,,,,,,,,,,,,,,,,,,,,,,,,,,,,,,,,,,,,,,,,,,,,,,,,,,281,757,,144,662,89,92,,,,,,,,,,,,,,,,,,,,,,,,,,,,,,,,,,,,,,,,,,,,,,,,,,,,467,135,149,257,17,257,,,,197,313,335,87,115,,131,,63,,180,445,274,,,,,,,530,,,478,,,,,,243,
2026-08-26T19:15:02+00:00,133,290,,,472,51,,156,255,325,,175,284,,,237,,,,,,453,341,350,364,,38,,,51,991,,83,36,188,,,,,142,145,,83,,35,,,,,,,405,,118,,,42,12,57,,,,1,,,,91,10,,,,,338,,,,160,250,183,338,184,182,,,,,,43,204,344,185,199,417,27,336,221,321,382,,388,120,,,243,297,339,159,169,776,48,682,,,239,297,242,264,827,,,439,21,,213,948,183,,492,,102,390,,,,,,205,,,,,520,,,,,156,211,,,,,,,196,,,192,,562,,458,,170,,641,270,459,572,420,,,,824,430,591,,382,,364,1191,384,,332,172,109,264,,476,253,145,,238,15,105,783,,,,,,,,,,151,,,,,,503,,,106,,,,,,,,,,129,,,,,53,,,,,,,,,,,,470,,180,247,,415,,375,62,14,465,290,,650,,386,300,134,,230,337,78,,1159,,,,356,,106,,,,,,,,,,,15,29,14,,,,,,,,,,329,,,288,,,,,,,,,,,,,,,,,,,,,,,,194,,38,88,105,143,54,237,515,347,,,372,116,,191,,,,,161,226,,,290,,235,,99,,848,41,,,110,289,303,67,1047,223,,50,199,76,,,,,,,,,,,,,,,,,,,,,,609,71,162,,617,,279,247,490,306,,,,,120,,,,,,59,,,286,96,258,,269,185,,287,286,765,192,149,675,91,96,52,101,377,115,107,153,40,166,264,241,202,176,,167,37,356,,,190,,,,,,,,,,,,,,,,,,,,,,,,,,,,,,,,,469,,162,279,28,263,283,,540,199,324,337,88,123,,133,10,64,,186,446,275,,,,,,,542,,,482,,,138,,,251,
2026-08-26T19:30:02+00:00,136,291,,,482,54,,167,258,333,,182,290,,,,,,,,,454,356,378,374,,64,,,53,997,,91,40,198,,,,,145,,,82,,36,,,,,117,,,37,119,,1,43,13,61,,,,39,166,85,,93,24,12,,,,,8,,126,165,245,188,340,187,183,,,198,,,63,218,353,203,204,443,45,335,,,402,,389,135,,,250,307,351,,171,778,,702,,110,244,300,245,274,840,,,,38,118,,955,,,496,,110,389,,,,,,215,,,,,522,,,,,157,214,,,,,,,210,,,201,,565,,465,,175,,643,275,,,,,,,836,,603,,385,,365,1193,392,,,173,,,,478,259,148,,243,15,112,802,,,,,,,,,,173,,,,,,,,,,,,,,,,,,,133,,,,,,,,,,53,,,,,,133,481,300,185,,255,416,,378,69,,464,299,,655,,393,308,,,,341,88,,1329,,,,353,,109,,,,,,,,,,,17,41,17,10,,,,,,,,,340,,,301,,,,,,,,,,,,16,,,,,,,,,,,,195,,40,100,,151,53,,518,363,,39,374,134,,193,,,,,165,242,,,289,,243,,,,858,,,48,121,288,333,,1050,252,,57,200,92,,,,,,,,,,,,,,,,,,,,,,622,72,170,,629,,281,252,493,314,349,,,,119,,,,,,60,,,295,100,269,,287,199,,286,287,778,194,157,688,94,104,53,109,379,,112,156,45,173,276,251,208,175,,178,36,362,,,210,,,,,,,,,,,,,,,,,,,,,,,,,,,,,,,,,,136,166,300,26,277,,96,,,330,339,90,125,,141,15,65,,190,447,278,,,,,,,563,,,488,,206,139,,,263,
2026-08-26T19:45:01+00:00,135,295,,,492,58,,180,272,337,,190,301,,,242,,,,,,457,360,392,,,71,,,55,1005,,,41,205,,,,,150,144,,80,,,,,,,116,,407,38,120,,3,42,12,64,,,,45,179,,,,32,,,,,345,11,,128,171,255,194,341,192,186,,,,,,74,232,355,209,203,461,47,334,222,,411,214,390,141,,118,253,309,367,,,,52,712,,,247,303,,279,841,,1,440,40,119,,956,,,500,,111,388,,,,,,218,,,,,523,,,,,156,215,,,,,,,226,,,207,,567,,478,,176,,646,278,462,571,421,,,,855,431,607,,390,287,377,1196,419,161,335,179,,265,331,481,277,153,,250,16,119,820,,,,,,,,,,198,,,,,,504,,,107,,,,,,,,,,134,,,,,,,,,,,,,,,,148,486,296,189,251,256,418,,385,,,465,300,,660,327,394,328,,,232,346,89,,1357,,,,357,,108,,,,,,,,,,,21,47,19,,,,,,,,,,342,,,317,,,,,,,,,,,,15,,,,,,,,,,,,215,140,45,105,106,155,,236,524,369,37,38,375,148,32,196,,,,96,168,250,,,291,,252,,100,150,859,,140,50,124,289,341,,1079,266,,60,,102,,,,,,,,,,,,,,,,,,,,,,633,74,173,,643,,283,253,,317,348,,,163,120,,,,,,65,,,301,103,274,,306,210,,,290,791,201,163,708,,,,114,382,,116,158,46,176,289,263,219,179,,191,40,365,,,233,,,,,,,,,,,,,,,,,,,,,,,,,,,,,,,,,,,171,328,31,287,286,95,,,334,341,93,130,,149,23,68,,191,450,276,,,,,,,569,,,497,,207,142,,,278,
2026-08-26T20:00:01+00:00,143,294,,,503,,,193,275,339,,198,311,,,254,,,,,,458,371,405,,,76,,,57,1006,,,50,212,,,,,155,147,,82,,,,,,,117,,,,,,6,46,,70,,,,54,186,,,94,33,,,,,348,13,,129,176,270,195,340,197,,252,,,,328,98,247,362,222,204,477,54,335,,,426,217,391,162,121,,262,319,395,,,780,61,720,281,,264,301,249,291,847,,,,53,,,960,182,,501,,114,385,,,,,,232,,,,,524,,,,,158,,,,,,,,238,,,221,,572,,484,,191,,647,283,464,,427,,,,881,433,615,,393,,376,1199,431,,338,182,110,,332,488,283,160,,253,16,123,826,,,,,,,,,,232,,,,,,506,,,110,138,,,,,,,,,133,,,,,,,,,,55,,,,,,152,490,,190,,257,419,,389,74,,,310,,661,326,396,346,,,,351,92,,1359,,,,358,,109,,,,,,,,,,,24,,20,11,,,,449,,,,,341,,,319,,,,,,,,,,,,14,,,,,,,,,,,,275,141,47,115,110,,55,235,526,377,,39,377,160,,,,,,,174,260,,,292,,259,,101,149,861,40,,,125,292,369,68,1096,290,,67,,119,,,,,,,,,,,,,,,,,,,,,,653,75,176,,648,,285,254,,320,346,,,,121,,,,,,66,,,303,106,281,,320,222,,287,,792,200,173,721,97,107,51,123,386,118,118,163,47,179,296,276,221,180,,199,46,367,,,241,,,,,,,,,,,,,,,,,,,,,,,,,,,,,,,,,473,138,174,341,35,298,,,543,,348,343,95,135,,150,33,70,,192,451,279,,,,,,,579,,,502,,208,,,,287,
2026-08-26T20:15:01+00:00,147,293,,,525,60,,213,285,344,,208,316,,,272,,,,,,459,379,414,,,80,,,,1009,,93,54,216,,,,,,148,,85,,,,,,,118,,408,,,,9,48,,67,,135,,68,188,,,92,,13,,,,,,,132,183,302,196,,200,189,,,,,,115,251,363,244,209,482,59,333,,,439,,,166,122,117,265,318,408,,,,65,728,,109,271,303,,300,842,,,,63,,,961,,,506,,,388,,,,,,245,,,,,,,,,,161,,,,,,,,242,,,228,,581,,493,,208,,651,287,465,,433,,,,900,434,619,,396,,379,1203,445,,,194,,,,489,294,,,255,16,129,841,,,,,,,,,,239,,,,,,507,,,,,,,,,,,,,,,,,,,,,,,,,,,,,167,505,,191,253,258,421,,400,,,,316,,662,327,397,375,,,235,353,85,,1365,,,,,,,,,,,,,,,,,,,,,,,,,,,,,,,,,,,,,,,,,,,,,,,,,,,,,,,,279,,,,,,,236,527,,,38,,,,,,,,,,263,,,294,,,,,,862,,,51,126,0,394,,1112,301,,72,201,134,,,,,,,,,,,,,,,,,,,,,,667,,182,,667,,,256,,323,349,,,,,,,,,,69,,,306,108,,,336,231,,288,292,797,208,179,741,99,140,,132,,120,121,,,,303,288,230,186,,201,48,370,,,258,,,,,,,,,,,,,,,,,,,,,,,,,,,,,,,,,476,140,184,366,41,311,,,548,,350,344,94,137,,156,43,,,,,282,,,,,,,585,,,521,,212,140,,,296,
2026-08-26T20:30:01+00:00,148,294,57,148,534,,,221,291,347,,214,321,,,279,,,,,,462,380,425,,,86,,,60,1016,,102,60,219,,,,,156,,,84,,,,,,,119,,409,,119,,14,,,77,,,,80,,,,93,41,,,,,349,,,135,235,331,197,,207,,,,,,312,119,275,371,254,213,513,65,330,,,456,,390,175,123,116,273,326,423,,,781,72,748,,108,276,301,,317,844,,,,69,,,964,,,507,,118,,,,,,,246,,,,,523,,,,,162,213,,,,,,,246,,,236,,582,,,,212,,655,292,469,,434,,,,926,437,623,,402,,380,1210,463,162,342,200,,,335,492,300,,,257,16,134,853,,,,,,,,,,259,,,,,,508,,,,,,,,,,,,,,,,,,,,,,,56,,,,,,198,515,,192,255,,422,,401,,,,334,408,667,326,398,399,,,237,350,,,1367,,,,,,,,,,,,,,,,,,,,,,,,,,,,,,,,,,,,,,,,,,,,,,,,,,,,,,,,,,,,,,,,,,,,,,,,,,,,,,,,,,,,,,,,,,128,,412,,1145,307,,78,,146,,,,,,,,,,,,,,,,,,,,,,687,77,184,,686,,,257,,322,351,,,,,,,,,,,,,308,109,,,338,236,,,300,810,217,185,744,100,197,53,140,389,121,124,,49,185,312,297,246,188,,214,51,374,,,266,,,,,,,,,,,,,,,,,,,,,,,,,,,,,,,,,480,142,185,376,45,322,288,,552,200,353,345,95,142,,163,54,71,,193,,285,,,,,,,594,,,540,,213,,,,305,
2026-08-26T20:45:02+00:00,150,295,,,538,,,232,294,350,,225,322,,,289,,,,,,463,391,426,,,94,,,,1019,31,110,,221,,,,,,,,85,,,,,,,122,,,,,,17,50,,81,,,,90,189,,,94,50,,,,,354,14,,137,244,358,,,210,190,,,,,315,129,284,375,,215,519,67,331,,,,,391,183,125,118,274,327,431,,,,73,751,,111,280,302,,319,845,,,,72,,,969,186,,517,,127,390,,,,,,252,,,,,526,,,,,,214,,,,,,,254,,,247,,584,,,,216,,659,,471,,435,,,,933,,624,,,288,385,1211,487,163,348,202,,,338,498,304,162,,259,16,141,865,,,,,,,,,,268,,,,,,,,,111,,,,,,,,,,134,,,,,54,,,,,55,,,,,,202,521,,196,256,,424,,,,,,342,407,670,,402,419,,,,354,88,,1369,,,,,,,,,,,,,,,,,,,,,,,,,,,,,,,,,,,,,,,,,,,,,,,,,,,,,,,,,,,,,,,,,,,,,,,,,,,,,,,,,,,,,,,,139,,135,,432,,1162,316,,85,,160,,,,,,,,,,,,,,,,,,,,,,714,78,187,,699,,,259,,,,,,,,,,,,,,,,,112,,,343,245,,,,813,225,188,,102,200,,143,388,,129,,50,186,323,302,256,192,,231,56,376,,,272,,,,,,,,,,,,,,,,,,,,,,,,,,,,,,,,,,143,193,389,50,324,,,553,,357,,97,147,,164,64,72,,195,,289,,,,,,,601,,,542,,,137,,,317,
2026-08-26T21:00:02+00:00,152,298,,,546,61,,235,295,,,235,321,,,310,,,,,,464,419,432,,,99,,,,1024,,111,63,222,,,,,,149,,86,,,,,,,,,,40,120,,19,,,79,,,3,98,190,,,91,49,,,,,358,20,,139,252,367,,,209,,,,,,,133,292,377,258,216,521,72,,,,461,,,193,126,,279,333,439,,,,,756,,110,283,304,,322,846,,,,71,,,,,,522,,129,,,,,,,258,,,,,,,,,,165,215,,,,,,,256,,,248,,583,,494,,220,,660,,,,,,,,,,,,,,388,1220,497,,352,208,,,,506,307,163,,263,15,,877,,,,,,,,,,274,,,,,,,,,113,,,,,,,,,,136,,,,,,,,,,58,,,,,,208,527,,197,,,,,399,,,,345,,671,332,,436,133,,,355,87,,1370,,,,,,,,,,,,,,,,,,,,,,,,,,,,,,,,,,,,,,,,,,,,,,,,,,,,,,,,,,,,,,,,,,,,,,,,,,,,,,,,,,,,,,,,141,,138,,441,,1169,325,,89,,168,,,,,,,,,,,,,,,,,,,,,,722,79,189,,705,,284,,,323,353,,,,,,,,,,71,,,,115,,,344,253,,,304,815,230,,745,101,202,55,148,389,,,,51,194,331,308,265,200,,243,58,377,,,282,,,,,,,,,,,,,,,,,,,,,,,,,,,,,,,,,,,196,,53,327,,,554,,359,,98,148,,165,69,,,196,453,290,,,,,,,607,,,545,,215,138,,,323,
2026-08-26T21:15:01+00:00,154,,,150,548,,,238,301,,,240,323,,,340,,,,,,463,422,438,,,100,,,59,1025,,110,64,224,,,,,,151,,87,,37,,,,,,,408,,,,18,,,83,,,9,102,193,,,92,52,,,,,363,21,,,256,381,,,207,,,,,,316,135,293,378,261,218,525,,332,,,,,,194,,,280,,442,,,,74,758,,111,,,,,,,,,,,,970,187,,525,,133,,,,,,,268,,,,,,,,,,169,220,,,,,,,264,,,249,,582,,,,226,,,297,,,440,,,,955,438,625,,403,,387,1221,512,165,357,213,,,339,509,311,164,,262,16,145,880,,,,,,,,,,279,,,,,,507,,,115,,,,,,,,,,,,,,,55,,,,,64,,,,,,209,536,,,,259,,,401,73,,,350,,,,407,444,,,,358,86,,1369,,,,,,,,,,,,,,,,,,,,,,,,,,,,,,,,,,,,,,,,,,,,,,,,,,,,,,,,0,0,0,0,0,0,0,0,0,0,0,0,0,0,0,0,0,,0,0,0,0,,0,0,0,0,0,0,0,0,0,140,0,140,,447,,1173,328,,,,174,,,,,,,,,,,,,,,,,,,,,,732,78,191,,709,,,,,,354,,,,122,,,,,,72,,,309,114,,,343,257,,,127,736,257,,696,49,210,,152,,122,130,,53,,333,311,284,216,,266,59,,,,292,,,,,,,,,,,,,,,,,,,,,,,,,,,,,,,,,,,197,399,,330,,,557,,360,,96,150,,,71,73,,,455,291,,,,,,,609,,,547,,,141,,,325,
2026-08-26T21:30:01+00:00,,,,148,551,60,,239,,351,,248,322,,,348,,,,,,464,424,439,,,,,,58,,,111,65,,,,,,159,,,88,,,,,,,,,,,,,20,,13,84,,,,108,197,,,93,53,,,,,367,,,,265,382,,,208,,,,,,,157,306,379,277,221,545,78,330,,,485,219,,205,,120,284,342,457,157,173,785,79,772,,112,287,309,248,332,847,,,,78,,,,,,,,136,,,,,,,272,,,,,,,,,,172,221,,,,,,,268,,,250,,584,,,,227,,,300,475,568,441,,,,960,,626,,405,,,,519,,,,,,,,312,165,,265,16,,882,,,,,,,,,,280,,,,,,509,,,,,,,,,,,,,138,,,,,,,,,,65,,,,,,,537,,,257,,,,,74,,,354,,670,333,408,470,,,,360,,,,,,,,,,,,,,,,,,,,,,,,,,,,,,,,,,,,,,,,,,,,,,,,,,,,,,,,,,,,,,,,,,,,,,,,,,,,,,,,,,,,,,,,,,,142,,144,,453,,1183,333,,94,,185,,,,,,,,,,,,,,,,,,,,,,739,,192,,717,,,262,,,,,,,,,,,,,73,,,310,,,,340,261,,289,128,741,260,190,697,,218,56,,390,,,,,195,335,317,301,223,,281,63,376,,,293,,,,,,,,,,,,,,,,,,,,,,,,,,,,,,,,,,,200,413,,335,,,,,,,,149,,166,72,75,,,456,292,,,,,,,615,,,550,,216,142,,,326,
2026-08-26T21:45:02+00:00,,,,,553,61,,240,303,,,249,323,,,,,,,,,,425,440,,,101,,,,,,110,,226,,,,,161,156,,,,,,,,,,,,,,,,51,,80,,,,109,201,,,,,,,,,,,,,271,384,,,,,,,,,,158,311,381,278,,557,79,,,317,489,220,,218,,,285,345,459,,171,,,783,282,,,311,254,337,850,,,,,,,,,,527,,135,,,,,,,279,,,,,,,,,,174,222,,,,,,,273,,,,,583,,495,,228,,661,301,474,,442,,,,966,,,,,,,1222,523,,358,215,111,,,510,,166,,264,16,146,883,,,,,,,,,,284,,,,,,,,,,,,,,,,,,,137,,,,,,,,,,,,,,,,,,295,,,,,,,,,,355,,,,407,491,,,,362,,,,,,,,,,,,,,,,,,,,,,,,,,,,,,,,,,,,,,,,,,,,,,,,,,,,,,,,,,,,,,,,,,,,,,,,,,,,,,,,,,,,,,,,,,,,,145,,456,,1184,335,,97,,190,,,,,,,,,,,,,,,,,,,,,,752,,,,723,,,263,,,,,,,123,,,,,,75,,,311,,,,339,262,,290,129,743,262,191,,,220,,155,391,,,,,197,339,319,,224,,283,64,,,,295,,,,,,,,,,,,,,,,,,,,,,,,,,,,,,,,,,,,424,,343,,,,,361,,94,,,167,,,,,,,,,,,,,617,,,551,,,141,,,327,
2026-08-26T22:00:02+00:00,,297,,,,,,242,,353,,250,,,,,,,,,,465,,441,,,102,,,,,,111,,227,,,,,162,,,,,,,,,,,,409,,,,,52,,83,,,,111,161,,,,55,,,,,370,,,,270,,,,,,,,,,,,,382,279,220,561,80,,,,491,218,390,221,,,,348,460,,,,80,786,,,,,,339,851,,,,,,,969,,,526,,136,,,,,,,280,,,,,,,,,,,,,,,,,,274,,,254,,584,,,,230,,,304,,,443,,,,976,,,,404,,,,530,166,368,216,112,,,515,315,,,,16,,884,,,,,,,,,,285,,,,,,508,,,,,,,,,,,,,138,,,,,,,,,,68,,,,,,,538,,198,,,,,,,,,357,,668,,,503,,,,365,,,,,,,,,,,,,,,,,,,,,,,,,,,,,,,,,,,,,,,,,,,,,,,,,,,,,,,,,,,,,,,,,,,,,,,,,,,,,,,,,,,,,,,,,,,,,147,,461,,1187,337,,,,194,,,,,,,,,,,,,,,,,,,,,,755,,,,,,285,264,,,,,,,122,,,,,,,,,312,115,,,343,,,,131,,,190,,,226,,156,,,,,,,342,,302,,,291,65,,,,299,,,,,,,,,,,,,,,,,,,,,,,,,,,,,,,,,489,145,135,430,,344,,,,,,,93,150,,168,,,,,455,,,,,,,,,,,,800,,140,,,329,105
2026-08-26T22:15:01+00:00,155,,,149,555,62,,243,,,,253,,,,,,,,,,,426,443,,,101,,,,1024,,,,,,,,,163,,,,,38,,,,,,,407,,,,21,,,,,,,112,163,,,,56,,,,,373,,,,,385,,,,189,,,,,,160,312,,280,222,566,,,,315,494,,391,224,,,,349,462,,,,,789,,,,312,,,852,,,,,,,,,,528,,137,,,,,,,288,,,,,,,,,,176,,,,,,,,276,,,256,,,,,,232,,,303,471,,,,,,977,,,,,,388,1224,535,,370,,115,268,249,,317,165,,267,16,147,883,,,,,,,,,,287,,,,,,,,,,,,,,,,,,,,,,,,,,,,,,,,,,,,,,,,,,,,,,464,358,,,,,508,,,,366,87,,,,,,,,,,,,,,,,,,,,,,,,,,,,,,,,,,,,,,,,,,,,,,,,,,,,,,,,,,,,,,,,,,,,,,,,,,,,,,,,,,,,,,,,,,,,148,,,,,338,,,,195,,,,,,,,,,,,,,,,,,,,,,760,,193,,,,,,,322,,,,,,,,,,,76,,,,,,,340,263,,,,,,,,,230,55,157,,,,,,195,343,320,309,228,,299,66,,,,300,,,,,,,,,,,,,,,,,,,,,,,,,,,,,,,,,490,146,,435,,346,,,,,,,,,,,73,,,,,291,,,,,,,618,,,552,,,,,,330,
2026-08-26T22:30:01+00:00,,,,,,,,246,,354,,259,,,,,,,,,,466,,,,,102,,,,1025,,110,,,,,,,164,,,87,,,,,,,,,408,,,,,,,84,,,8,,,,,,57,,,,,374,,,,,,,,,,,,,,,164,,383,,,571,,,,,496,,392,227,,,287,,463,,,,,792,283,111,,,,342,,,,,,,,,,,,,,,,,,,,,,,,,527,,,,,178,221,,,,,,,279,,,257,,,,,,233,,,304,467,,,,,,982,,,,,,,1227,537,,,,,,251,,,,,265,16,,,,,,,,,,,,288,,,,,,,,,,,,,,,,,,,,,,,,,,,,,67,,,,,,,,,,,,,,,,,465,359,,,,,515,,,,,,,1370,,,,,,,,,,,,,,,,,,,,,,,,,,,,,,,,,,,,,,,,,,,,,,,,,,,,,,,,,,,,,,,,,,,,,,,,,,,,,,,,,,,,,,,,,,,,,,,,,,,,,,,,,,,,,,,,,,,,,,,,,759,79,194,,,,286,,,,,,,,,,,,,,77,,,,,,,338,262,,,,,,,,,,,,,,,,,,,,,,,,,,,,,,,,,,,,,,,,,,,,,,,,,,,,,,,,,,,,,487,,,442,,348,,,558,,,,,,,,71,,,,,293,,,,,,,,,,553,,,138,,,331,
2026-08-26T22:30:02+00:00,,,,,,,,,,,,,,,,,,,,,,,,,,,,,,,,,,,,,,,,,,,,,,,,,,,,,,,,,,,,,,,,,,,,,,,,,,,,,,,,,,,,,,,,,,,,,,,,,,,,,,,,,,,,,,,,,,,,,,,,,,,,,,,,,,,,,,,,,,,,,,,,,,,,,,,,,,,,,,,,,,,,,,,,,,,,,,,,,,,,,,,,,,,,,,,,,,,,,,,,,,,,,,,,,,,,,,,,,,,,,,,,,,,,,,,,,,,,,,,,,,539,,199,,,,,400,,,,,,,,,,,,,,,,,,,,,,,,,,,,,,,,,,,,,,,,,,,,,,,,,,,,,,,,,,,,,,,,,,,,,,,,,,,,,,,,,,,,,,,,,,,,,,,,,,,,,,,,,,,,,69,,,,,,,,,,,,,,,,,,,,,,,,,,,,,,,,,,,,,,,,,,,,,,,,,,,,,,,,,,,,,,,,,,56,161,,,,,54,,,,311,239,,307,,,,,,,,,,,,,,,,,,,,,,,,,,,,,,,,,,,,,,,,,,,,,,,,,,,,,,,,,,,,,,,,,,,,,,,,,,,,
2026-08-26T22:45:02+00:00,154,,,,557,,,,,,,261,325,,,,,,,,,467,427,445,,,103,,,,1030,,,,,,,,4,,,,,,,,,,,,,,,,,19,,,85,,,,,166,,,,,,,,,,,,,,,,,,,,,,,,165,318,,,,573,,,,,498,217,,228,,,,348,,,170,,,,,110,288,,,,853,,,,,,,,,,529,,,,,,,,,290,,,,,,,,,,,222,,,,,,,280,,,258,,,,,,234,,,306,,569,,,,,,,,,,287,389,,546,,,,,,,517,,,,266,16,,884,,,,,,,,,,290,,,,,,,,,,,,,,,,,,,,,,,,,,,,,,,,,,,,540,,,,,,,401,,,,360,,,,408,518,,,,,88,,,,,,,,,,,,,,,,,,,,,,,,,,,,,,,,,,,,,,,,,,,,,,,,,,,,,,,,,,,,,,,,,,,,,,,,,,,,,,,,,,,,,,,,,,,,,,,,,,,,,,,,,,,,,,,,,,,,,,,,,,,761,,,,,,285,,,323,,,,,,,,,,,,,,,,,,339,,,,,,,,698,50,233,,,,,,,,197,344,321,313,,,311,,377,,,299,,,,,,,,,,,,,,,,,,,,,,,,,,,,,,,,,486,,134,450,,,,,,,360,,94,,,167,,,,,456,292,,,,,,,,,,,,,,,,,
2026-08-26T23:00:01+00:00,156,,,,,61,,245,,,,263,326,,,,,,,,,,,,,,,,,,,,,,,,,,,,,,86,,,,,,,,,,,,,,,,84,,,,,167,,,,,,,,,,,,,,,,,,,,,,,,167,316,,,221,575,81,,,,,,,229,,,,347,466,,,,,793,,,,,,,854,,,,,,,,,,532,,135,,,,,,,289,,,,,,,,,,,223,,,,,,,282,,,260,,,,,,,,662,,473,570,,,,,983,439,,,,,,,,,371,,,,,518,,,,,16,,885,,,,,,,,,,291,,,,,,507,,,,,,,,,,,,,,,,,,,,,,,68,,,,,,,542,,,,,,,,73,,,,,,,,520,,,,,,,1373,,,,,,,,,,,,,,,,,,,,,,,,,,,,,,,,,,,,,,,,,,,,,,,,,,,,,,,,,,,,,,,,,,,,,,,,,,,,,,,,,,,,,,,,,,,,,,,,,,,,,,,,,,,,,,,,,,,,,,,,,762,,,,,,286,,,,353,,,,,,,,,,,,,,116,,,341,,,,,,,,,,,,,,,,,,,,,,,,,,,,,,,,,,,,,,,,,,,,,,,,,,,,,,,,,,,,,,,,,454,,,,,,,,,,,,168,,,,,,293,,,,,,,,,,,,,137,,,,
2026-08-26T23:15:02+00:00,157,,,,,,,,,,,,,,,,,,,,,,,446,,,,,,,1031,,,,228,,,,,165,,,,,,,,,,,,,,,,,51,,85,,,,114,,,,,,,,,,,,,,271,,,,,,,,,,,168,317,384,,,577,,,,,499,,,230,,,,,467,,,,,,,,,313,,,852,,,,,,,,,,,,,,,,,,,,,,,,,,,,,,,,,,,,,283,,,263,,583,,,,,,,,467,,,,,,982,,,,,,,,,,373,,117,,,519,,,,,15,149,,,,,,,,,,,292,,,,,,,,,,,,,,,,,,,,,,,,,,,,,,,,,,,,543,,200,,,,,,72,,,,,,334,,525,,,,,,,,,,,,,,,,,,,,,,,,,,,,,,,,,,,,,,,,,,,,,,,,,,,,,,,,,,,,,,,,,,,,,,,,,,,,,,,,,,,,,,,,,,,,,,,,,149,,463,,1191,339,,,,204,,,,,,,,,,,,,,,,,,,,,,765,,,,722,,,,,,,,,,,,,,,,,,,,,,,,,,,,,261,,697,,,,162,,,,,,196,343,,,241,,313,,,,,,,,,,,,,,,,,,,,,,,,,,,,,,,,,,,,,,,,,457,,,,,,,,,,,,,,,,,,291,,,,,,,619,,,,,,136,,,,
2026-08-26T23:30:01+00:00,156,,,,,62,,,,,,266,,,,,,,,,,,,447,,,,,,,1032,,,,,,,,,166,154,,,,,,,,,,,,,119,,,52,,,,,,,,,,,,,,,,,,,,272,,,,,,,,,,,170,,383,281,223,580,,,,316,501,,,231,,,,349,469,,,,,795,,,,,,,853,,,,,,,,,,,,,,,,,,,290,,,,,,,,,,,,,,,,,,,,,264,,,,,,235,,,,472,572,444,,,,983,440,,,,,,1229,,,,,,,,,,,,,16,150,,,,,,,,,,,294,,,,,,,,,,,,,,,,,,,139,,,,,,,,,,,,,,,,,,,,,,,,400,73,,,,,,,,526,,,,,,,,,,,,,,,,,,,,,,,,,,,,,,,,,,,,,,,,,,,,,,,,,,,,,,,,,,,,,,,,,,,,,,,,,,,,,,,,,,,,,,,,,,,,,,,,,,,,,,,,,,,,,,,,,,,,,,,,,,,,,,,,767,,,,723,,,,,,,,,,,,,,,,,,,,,,,343,,,,,,,191,,,,,,,,,,,198,344,,314,,,314,,,,,,,,,,,,,,,,,,,,,,,,,,,,,,,,,,,,,,,,,460,,,,,,,,,,,,,,76,,,,292,,,,,,,620,,,,,,,,,,
2026-08-26T23:45:02+00:00,,,,,,,,246,,,,,,,,,,,,,,,,448,,,,,,,,,,,,,,,,,155,,85,,,,,,,,,,,,,,,,84,,,,,168,,,,,,,,,,,,,,,,,,,,,,,,171,316,,,,581,,,,,,,,,,,285,,467,,,,,796,,,,312,,,856,,,,,,,,,,,,,,,,,,,,,,,,,,,,,,,,,,,,,,,,267,,,,,,,,,,,571,445,,,,,,,,,,390,1230,548,167,375,,118,,,518,,,,267,17,,,,,,,,,,,,,,,,,,,,,,,,,,,,,,,,,,,,,,,,,,,,,,,,,294,,,,,,399,,,,,,,,,530,,,,,,,,,,,,,,,,,,,,,,,,,,,,,,,,,,,,,,,,,,,,,,,,,,,,,,,,,,,,,,,,,,,,,,,,,,,,,,,,,,,,,,,,,,,,,,,143,,,,,,,,,,,,,,,,,,,,,,,,,,,,,,,,,770,80,,,,,,,,,,,,,123,,,,,,,,,,,,,345,,,,,,,,698,,,,,,,,,,197,,,,,,315,,,,,300,,,,,,,,,,,,,,,,,,,,,,,,,,,,,,,,,,,,,,,,,,,,,,,,,,,,,,,,,,,,,622,,,554,,,,,,,
