timestamp,bonn-bcp-parken-Rabinstrasse,bonn-bcp-parken-beethoven,bonn-bcp-parken-beetplatz,bonn-bcp-parken-bike-ride,bonn-bcp-parken-friedensplatz,bonn-bcp-parken-hauptbahnhof,bonn-bcp-parken-karstadt,bonn-bcp-parken-markt,bonn-bcp-parken-muensterplatz,bonn-bcp-parken-operngarage,bonn-bcp-parken-rheinaue,bonn-bcp-parken-stadthaus,bonn-bcp-parken-unigarage,braunschweig-parken-Parkhaus-Eiermarkt,braunschweig-parken-Parkhaus-Forschungsflughafen,braunschweig-parken-Parkhaus-Lange-Str-Nord,braunschweig-parken-Parkhaus-Magni,braunschweig-parken-Parkhaus-Packhof,braunschweig-parken-Parkhaus-Ring-Center,braunschweig-parken-Parkhaus-Schloss,braunschweig-parken-Parkhaus-Schutzenstrasse,braunschweig-parken-Parkhaus-Wallstrasse,braunschweig-parken-Parkhaus-Wilhelmstrasse,dresden-parken-Altmarkt,dresden-parken-Altmarkt-Galerie,dresden-parken-Ammonstrasse-Bus,dresden-parken-An-der-Frauenkirche,dresden-parken-Bahnhof-Neustadt,dresden-parken-Bluherstrasse,dresden-parken-Budapester-Strasse,dresden-parken-Centrum-Galerie,dresden-parken-Cossebaude,dresden-parken-Ferdinandplatz,dresden-parken-Fidelio-F-Finke-Strasse,dresden-parken-Frauenkirche-Neumarkt,dresden-parken-Freiberger-Platz,dresden-parken-GALERIA-Karstadt-Kaufhof,dresden-parken-Gompitz,dresden-parken-Grenzstrasse,dresden-parken-Haus-am-Zwinger,dresden-parken-Kaditz,dresden-parken-Klotzsche,dresden-parken-Kongresszentrum,dresden-parken-Kraftwerk-Mitte,dresden-parken-Langebruck,dresden-parken-Lindengasse,dresden-parken-Lingnerallee,dresden-parken-MESSE-DRESDEN-Parkplatz-P7,dresden-parken-Ostra-Allee,dresden-parken-Ostra-Ufer,dresden-parken-Palaisplatz,dresden-parken-Parkhaus-Mitte,dresden-parken-Pennrich,dresden-parken-Pieschener-Allee-Bus,dresden-parken-Pirnaische-Strasse,dresden-parken-Pirnaischer-Platz,dresden-parken-Prohlis,dresden-parken-Reick,dresden-parken-Reitbahnstrasse,dresden-parken-SP1-Strassburger-Platz,dresden-parken-SachsenEnergie-Center,dresden-parken-Sarrasanistrasse,dresden-parken-Schiessgasse,dresden-parken-Semperoper,dresden-parken-Stadtforum-Dresden,dresden-parken-Strehlener-Strasse,dresden-parken-Taschenbergpalais,dresden-parken-Terrassenufer,dresden-parken-Terrassenufer-Bus,dresden-parken-Theresienstrasse,dresden-parken-Weissig,dresden-parken-Weixdorf-Bad,dresden-parken-Wiener-Platz-Hauptbahnhof,dresden-parken-Wiesentorstrasse,dresden-parken-Wigardstrasse,dresden-parken-Wohrl-Florentinum,dresden-parken-World-Trade-Center,ffh-parken-bad-homburg-Am-Bahnhof,ffh-parken-bad-homburg-Louisen-Arkaden,ffh-parken-bad-homburg-Parkgarage-Karstadt,ffh-parken-bad-homburg-Parkgarage-Kurhaus,ffh-parken-bad-homburg-Parkgarage-Rathaus,ffh-parken-bad-homburg-Parkgarage-Schloss,ffh-parken-bad-homburg-Parkhaus-La-Vie,ffh-parken-bad-homburg-Parkhaus-am-Guterbahnhof,ffh-parken-bad-homburg-Parkhaus-am-Markt,ffh-parken-frankfurt-Aculeum,ffh-parken-frankfurt-Alt-Sachsenhausen,ffh-parken-frankfurt-Alte-Oper,ffh-parken-frankfurt-Am-Gericht,ffh-parken-frankfurt-Am-Theater,ffh-parken-frankfurt-Baseler-Platz,ffh-parken-frankfurt-Borse,ffh-parken-frankfurt-Burgerhaus-Bornheim,ffh-parken-frankfurt-Congresscenter-Messe-Frankfurt-Maritim-Hotel,ffh-parken-frankfurt-Friedrichsheim,ffh-parken-frankfurt-Goetheplatz,ffh-parken-frankfurt-Hauptbahnhof-Sud,ffh-parken-frankfurt-Hauptwache,ffh-parken-frankfurt-Hotel-Intercontinental,ffh-parken-frankfurt-Hotel-Movenpick,ffh-parken-frankfurt-Junghofstrasse,ffh-parken-frankfurt-Konrad-Adenauer-Strasse,ffh-parken-frankfurt-Konstabler,ffh-parken-frankfurt-Mainzer-Landstrasse,ffh-parken-frankfurt-Messeturm,ffh-parken-frankfurt-Mousonturm,ffh-parken-frankfurt-MyZeil-PalaisQuartier,ffh-parken-frankfurt-Opernturm,ffh-parken-frankfurt-Ordnungsamt,ffh-parken-frankfurt-P-R-Haus-Borsigallee,ffh-parken-frankfurt-Schiller-Passage,ffh-parken-frankfurt-Universitatsklinikum-Innengelande,ffh-parken-frankfurt-Universitatsklinikum-P2,ffh-parken-frankfurt-Universitatsklinikum-P5,ffh-parken-frankfurt-Universitatsklinikum-Sandhofstrasse,ffh-parken-frankfurt-Untermainanlage,ffh-parken-kassel-Atrium,ffh-parken-kassel-City-Point,ffh-parken-kassel-Friedrichsplatz,ffh-parken-kassel-Galeria,ffh-parken-kassel-Herkules-Besucherzentrum,ffh-parken-kassel-Kurfursten-Galerie,ffh-parken-kassel-Martinskirche,ffh-parken-kassel-Rathaus,ffh-parken-kassel-Schloss-Wilhelmshohe,ffh-parken-kassel-Wilhelmsstrasse,ffh-parken-mannheim-C1-Hauptverwaltung-MPB-Parkhaus,ffh-parken-mannheim-Collini-Center-Mulde-Parkplatz,ffh-parken-mannheim-D3-Tiefgarage,ffh-parken-mannheim-D5-Reiss-Museum-Tiefgarage,ffh-parken-mannheim-G1-Marktplatz-Tiefgarage,ffh-parken-mannheim-H6-Tiefgarage,ffh-parken-mannheim-Hauptbahnhof-P1-Tiefgarage,ffh-parken-mannheim-Hauptbahnhof-P2-Parkhaus,ffh-parken-mannheim-Hauptbahnhof-P3-Parkhaus,ffh-parken-mannheim-Hauptbahnhof-P5-Parkhaus,ffh-parken-mannheim-Klinikum-P3-Parkplatz,ffh-parken-mannheim-Klinikum-Tiefgarage,ffh-parken-mannheim-M4a-Parkplatz,ffh-parken-mannheim-N1-N2-Stadthaus-Parkhaus,ffh-parken-mannheim-N6-Komforthaus,ffh-parken-mannheim-N6-Standardhaus,ffh-parken-mannheim-SAP-Arena-P1-Parkplatz,ffh-parken-mannheim-SAP-Arena-P2-Parkplatz,ffh-parken-mannheim-SAP-Arena-P3-Parkplatz,ffh-parken-mannheim-SAP-Arena-P6-P8-Parkplatz,ffh-parken-mannheim-U2-Tiefgarage,ffh-parken-wiesbaden-PH-City-II,ffh-parken-wiesbaden-PH-Coulinstr,ffh-parken-wiesbaden-PH-Galeria-Kaufhof,ffh-parken-wiesbaden-PH-Karstadt,ffh-parken-wiesbaden-PH-Kurhaus-Casino,ffh-parken-wiesbaden-PH-Lili,ffh-parken-wiesbaden-PH-Luisenforum,ffh-parken-wiesbaden-PH-Luisenplatz,ffh-parken-wiesbaden-PH-Markt,ffh-parken-wiesbaden-PH-Mauritius,ffh-parken-wiesbaden-PH-Theater,ffh-parken-wiesbaden-TG-Lili,ffh-parken-wiesbaden-TG-RMCC,heilbronn-parken-Am-Bollwerksturm,heilbronn-parken-Bildungscampus-Mitte,heilbronn-parken-E-Quartiersgarage-Neckarbogen,heilbronn-parken-Harmonie,heilbronn-parken-Kathchenhof,heilbronn-parken-Kiliansplatz,heilbronn-parken-P-R-Karlsruher-Strasse,heilbronn-parken-Parkhaus-Experimenta,heilbronn-parken-Parkplatz-Hauptbahnhof,heilbronn-parken-Stadtgalerie,heilbronn-parken-Theaterforum-K3,heilbronn-parken-Wollhaus,ingolstadt-parken-Arena,ingolstadt-parken-Congressgarage,ingolstadt-parken-Festplatz,ingolstadt-parken-Hallenbad,ingolstadt-parken-Hauptbahnhof-Ost,ingolstadt-parken-Hauptbahnhof-West,ingolstadt-parken-Munster,ingolstadt-parken-Nordbahnhof,ingolstadt-parken-Reduit-Tilly,ingolstadt-parken-Schloss,ingolstadt-parken-Theater-Ost,ingolstadt-parken-Theater-West,konstanz-parken-Altstadt,konstanz-parken-Augustiner,konstanz-parken-Dobele,konstanz-parken-Fernbusbahnhof,konstanz-parken-Fischmarkt,konstanz-parken-Lago,konstanz-parken-Seerheincenter,mobil-potsdam-parken-Am-Kanal,mobil-potsdam-parken-Bahnhofspassagen-1,mobil-potsdam-parken-Bahnhofspassagen-2,mobil-potsdam-parken-Biosphare-Potsdam-Volkspark,mobil-potsdam-parken-Hollandisches-Viertel-Klinikum,mobil-potsdam-parken-Industrie-und-Handelskammer,mobil-potsdam-parken-Karstadt-Zentrum,mobil-potsdam-parken-Krongut-Bornstedt,mobil-potsdam-parken-Luisenplatz,mobil-potsdam-parken-Lustgarten,mobil-potsdam-parken-Markt-Center,mobil-potsdam-parken-Neuer-Garten-Cecilienhof,mobil-potsdam-parken-P-R-Bahnhof-Golm,mobil-potsdam-parken-P-R-Bahnhof-Griebnitzsee,mobil-potsdam-parken-P-R-Bahnhof-Marquardt,mobil-potsdam-parken-P-R-Bahnhof-Pirschheide,mobil-potsdam-parken-P-R-Campus-Jungfernsee,mobil-potsdam-parken-P-R-Rehbrucke,mobil-potsdam-parken-P-R-Wetzlarer-Strasse,mobil-potsdam-parken-Park-Sanssouci-P1-Historische-Muhle,mobil-potsdam-parken-Park-Sanssouci-P2-Voltaireweg,mobil-potsdam-parken-Park-Sanssouci-P3-Am-Neuen-Palais,mobil-potsdam-parken-Parkplatz-Schloss-und-Park-Babelsberg,mobil-potsdam-parken-Schiffbauergasse-Hans-Otto-Theater,mobil-potsdam-parken-Sportpark-Luftschiffhafen,mobil-potsdam-parken-Weberpark,mobil-potsdam-parken-Wilhelmgalerie,mobilitaet-jena-Am-Anger,mobilitaet-jena-Am-Gries,mobilitaet-jena-Am-Planetarium,mobilitaet-jena-Am-Stadion,mobilitaet-jena-August-Bebel-Strasse,mobilitaet-jena-Bachstrasse,mobilitaet-jena-Busbahnhof,mobilitaet-jena-City-Carree,mobilitaet-jena-Eichplatz,mobilitaet-jena-Eisenbahndamm,mobilitaet-jena-Erbertstrasse,mobilitaet-jena-Ernst-Abbe-Strasse,mobilitaet-jena-Ernst-Haeckel-Strasse,mobilitaet-jena-Gartenstrasse,mobilitaet-jena-Goethe-Galerie,mobilitaet-jena-Grietgasse,mobilitaet-jena-Haeckelplatz,mobilitaet-jena-Holzmarkt,mobilitaet-jena-Krautgasse,mobilitaet-jena-Lassallestrasse,mobilitaet-jena-Lessingstrasse,mobilitaet-jena-Muhlenstrasse,mobilitaet-jena-Neue-Mitte,mobilitaet-jena-Paradiesbahnhof,mobilitaet-jena-Philosophenweg,mobilitaet-jena-Roland-Ducke-Weg,mobilitaet-jena-Schlossgasse,mobilitaet-jena-Seidelparkplatz,mobilitaet-jena-Seidelstrasse,mobilitaet-jena-Semmelweissstrasse,mobilitaet-jena-Sophienstrasse,mobilitaet-jena-Spitzweidenweg,mobilitaet-jena-Steinkreuz,mobilitaet-jena-Stoystrasse,mobilitaet-jena-Wagnergasse,mobilitaet-jena-Westbahnhof,mobilitaet-jena-Wiesenstrasse,mobilitaet-jena-Windberg,mobilitaet-jena-Wollnitzer-Strasse,mobilitaet-jena-Ziegelmuhlenweg,oldenburg-service-parken-Altes-Gymnasium,oldenburg-service-parken-CCO-Parkdeck-1,oldenburg-service-parken-CCO-Parkdeck-2,oldenburg-service-parken-Parkhaus-Alter-Stadthafen-Cinemaxx,oldenburg-service-parken-Parkhaus-Am-Waffenplatz,oldenburg-service-parken-Parkhaus-August-Carree,oldenburg-service-parken-Parkhaus-Bahnhof-ZOB,oldenburg-service-parken-Parkhaus-Galeria-Kaufhof,oldenburg-service-parken-Parkhaus-Heiligengeist-Hoefe,oldenburg-service-parken-Parkhaus-Schlosshoefe,oldenburg-service-parken-Parkhaus-Theatergarage,oldenburg-service-parken-Parkplatz-Pferdemarkt,oldenburg-service-parken-Parkplatz-Theaterwall,oldenburg-service-parken-Ratsherren,parken-in-bochum-P1-Husemannplatz,parken-in-bochum-P2-Dr-Ruer-Platz,parken-in-bochum-P3-Rathaus-BVZ,parken-in-bochum-P5-Bruckstrasse,parken-in-bochum-P6-Hauptbahnhof-Buddenbergplatz,parken-in-bochum-P7-Kurt-Schumacher-Platz,parken-in-bochum-P8-Konrad-Adenauer-Platz-Bermuda3Eck,parken-in-bochum-P9-Schauspielhaus,parken-in-bochum-PH-Alter-Markt-Wattenscheid,parken-in-bochum-PH-Bochumer-Fenster,parken-in-bochum-PH-Husemann-Karree,parken-in-bochum-PH-Massenbergstrasse,parken-in-bochum-PH-Quartiersgarage-Ostpark,parken-in-bochum-PH-Stadionring,parken-in-bochum-PH-Westpark-Jahrhunderthalle,parken-luebeck-Am-Bahnhof-Handelshof-Parkplatz-Strassenrand-Am-Bahnhof-Handelshof-Parkplatz-Strassenrand-Lubeck,parken-luebeck-Am-Burgfeld-Parkplatz-Am-Burgfeld-Parkplatz-Lubeck,parken-luebeck-Am-Fischereihafen-Parkplatz-Am-Fischereihafen-Parkplatz-Travemunde,parken-luebeck-Am-Leuchtenfeld-Leuchtturm-Parkplatz-Am-Leuchtenfeld-Leuchtturm-Parkplatz-Travemunde,parken-luebeck-Backbord-Parkplatz-Backbord-Parkplatz-Travemunde,parken-luebeck-Bahnhof-Parkplatz-Strassenrand-Bahnhof-Parkplatz-Strassenrand-Lubeck,parken-luebeck-Bauhof-Parkplatz-Bauhof-Parkplatz-Lubeck,parken-luebeck-Beckergrube-Parkplatz-Beckergrube-Parkplatz-Lubeck,parken-luebeck-Bruckenweg-Parkplatz-Bruckenweg-Parkplatz-Lubeck,parken-luebeck-Burgstrasse-Parkplatz-Burgstrasse-Parkplatz-Lubeck,parken-luebeck-Fahrstrasse-Parkplatz-Fahrstrasse-Parkplatz-Lubeck,parken-luebeck-Fahrvorplatz-Parkplatz-Fahrvorplatz-Parkplatz-Travemunde,parken-luebeck-Hafenbahnhof-Parkplatz-Hafenbahnhof-Parkplatz-Travemunde,parken-luebeck-Hermann-Lange-Strasse-Parkplatz-Hermann-Lange-Strasse-Parkplatz-Lubeck,parken-luebeck-Huxterdamm-Parkplatz-Huxterdamm-Parkplatz-Lubeck,parken-luebeck-Kanalstrasse-P2-Parkplatz-Kanalstrasse-P2-Parkplatz-Lubeck,parken-luebeck-Kanalstrasse-P3-Parkplatz-Kanalstrasse-P3-Parkplatz-Lubeck,parken-luebeck-Kanalstrasse-P4-Parkplatz-Kanalstrasse-P4-Parkplatz-Lubeck,parken-luebeck-Kanalstrasse-P5-Parkplatz-Kanalstrasse-P5-Parkplatz-Lubeck,parken-luebeck-Kanalstrasse-Strassenrand-Parkplatz-Kanalstrasse-Strassenrand-Parkplatz-Lubeck,parken-luebeck-Kirchenstrasse-Parkplatz-Kirchenstrasse-Parkplatz-Travemunde,parken-luebeck-Konrad-Adenauer-IHK-Parkplatz-Strassenrand-Konrad-Adenauer-IHK-Parkplatz-Strassenrand-Lubeck,parken-luebeck-Kowitzberg-Parkplatz-Kowitzberg-Parkplatz-Travemunde,parken-luebeck-Kurgartenstrasse-Parkplatz-Kurgartenstrasse-Parkplatz-Travemunde,parken-luebeck-Lastadie-P1-Parkplatz-Lastadie-P1-Parkplatz-Lubeck,parken-luebeck-Lastadie-P3-Parkplatz-Lastadie-P3-Parkplatz-Lubeck,parken-luebeck-Lastadie-P5-Parkplatz-Lastadie-P5-Parkplatz-Lubeck,parken-luebeck-Leuchtenfeld-Parkplatz-Leuchtenfeld-Parkplatz-Travemunde,parken-luebeck-Marlesgrube-Parkplatz-Marlesgrube-Parkplatz-Lubeck,parken-luebeck-Mowenstein-Parkplatz-Mowenstein-Parkplatz-Travemunde,parken-luebeck-MuK-Parkplatz-MuK-Parkplatz-Lubeck,parken-luebeck-Muhlenbrucke-Parkplatz-Muhlenbrucke-Parkplatz-Lubeck,parken-luebeck-Muhlendamm-Parkplatz-Muhlendamm-Parkplatz-Lubeck,parken-luebeck-Muhlenstrasse-Parkplatz-Muhlenstrasse-Parkplatz-Lubeck,parken-luebeck-Mullergarten-Parkplatz-Mullergarten-Parkplatz-Lubeck,parken-luebeck-Musterbahn-Parkplatz-Musterbahn-Parkplatz-Lubeck,parken-luebeck-Nordliche-Wallhalbinsel-Parkplatz-Nordliche-Wallhalbinsel-Parkplatz-Lubeck,parken-luebeck-Obertrave-Parkplatz-Strassenrand-Obertrave-Parkplatz-Strassenrand-Lubeck,parken-luebeck-Parade-Parkplatz-Parade-Parkplatz-Lubeck,parken-luebeck-Parkplatz-vor-dem-PH-Burgtor-Parkplatz-Parkplatz-vor-dem-PH-Burgtor-Parkplatz-Lubeck,parken-luebeck-Paul-Brummer-Strasse-Parkplatz-Paul-Brummer-Strasse-Parkplatz-Travemunde,parken-luebeck-Priwall-Parkplatz-Priwall-Parkplatz-Travemunde,parken-luebeck-Radisson-Blu-Parkplatz-Radisson-Blu-Parkplatz-Lubeck,parken-luebeck-Retteich-Parkplatz-Retteich-Parkplatz-Lubeck,parken-luebeck-Roeckstrasse-Parkplatz-Roeckstrasse-Parkplatz-Lubeck,parken-luebeck-Rose-Parkplatz-Rose-Parkplatz-Travemunde,parken-luebeck-Strandbahnhof-Parkplatz-Strandbahnhof-Parkplatz-Travemunde,parken-luebeck-Trelleborgallee-Parkplatz-Trelleborgallee-Parkplatz-Travemunde,parken-luebeck-Untertrave-Flache-1-Parkplatz-Strassenrand-Untertrave-Flache-1-Parkplatz-Strassenrand-Lubeck,parken-luebeck-Untertrave-Parkplatz-Untertrave-Parkplatz-Lubeck,parken-luebeck-Verwaltungszentrum-Muhlentor-Parkplatz-Verwaltungszentrum-Muhlentor-Parkplatz-Lubeck,parken-luebeck-Vogteistrasse-Parkplatz-Vogteistrasse-Parkplatz-Travemunde,parken-luebeck-Wallstrasse-Parkplatz-Wallstrasse-Parkplatz-Lubeck,parken-luebeck-Werner-Kock-Strasse-Parkplatz-Strassenrand-Werner-Kock-Strasse-Parkplatz-Strassenrand-Lubeck,parken-osnabrueck-11,parken-osnabrueck-13,parken-osnabrueck-16,parken-osnabrueck-17,parken-osnabrueck-18,parken-osnabrueck-19,parken-osnabrueck-21,parken-osnabrueck-22,parken-osnabrueck-23,parken-osnabrueck-24,parken-osnabrueck-25,parken-osnabrueck-26,parken-osnabrueck-27,parken-osnabrueck-28,parken-osnabrueck-29,parken-osnabrueck-30,parken-osnabrueck-31,parken-osnabrueck-32,parken-osnabrueck-33,parken-osnabrueck-34,parken-osnabrueck-35,parken-osnabrueck-36,parken-osnabrueck-37,parken-osnabrueck-38,parken-osnabrueck-39,parken-osnabrueck-40,parken-osnabrueck-41,parken-osnabrueck-43,parken-osnabrueck-44,parken-osnabrueck-45,parken-osnabrueck-46,parken-osnabrueck-49,parken-osnabrueck-50,parken-osnabrueck-51,regensburg-parken-Park-Ride-Parkplatz-Unterer-Wohrd,regensburg-parken-Park-Ride-Parkplatz-West,regensburg-parken-Parkhaus-Dachauplatz,regensburg-parken-Parkhaus-Dallmeier,regensburg-parken-Parkhaus-Regensburg-Arcaden,regensburg-parken-Parkhaus-St-Peters-Weg,regensburg-parken-Parkplatz-Dultplatz,regensburg-parken-Tiefgarage-Arnulfsplatz,regensburg-parken-Tiefgarage-Hauptbahnhof-Castra-Regina-Center,regensburg-parken-Tiefgarage-am-Theater-Bismarckplatz,reutlingen-parken-Am-Bahnhof,reutlingen-parken-Bahnhof,reutlingen-parken-Echaz-Zentrum,reutlingen-parken-Galeria-Kaufhof,reutlingen-parken-Gartentor-C-A-Mode,reutlingen-parken-Gartenviertel,reutlingen-parken-Kaiserpassage,reutlingen-parken-Klinikum-I,reutlingen-parken-Klinikum-II,reutlingen-parken-Konrad-Adenauer-Strasse-Eberhardstrasse,reutlingen-parken-Kronprinzenbau,reutlingen-parken-Lederstrasse,reutlingen-parken-Nordstern,reutlingen-parken-Obere-Wassere,reutlingen-parken-Parkgarage-Leonhardsplatz,reutlingen-parken-Parkhaus-Pomologie,reutlingen-parken-Rathaus-Tubinger-Tor,reutlingen-parken-Stadthalle,reutlingen-parken-Stadtmitte,reutlingen-parken-Unter-den-Linden,reutlingen-parken-Volksbank,sw-bielefeld-parken-Parkhaus-Am-Hauptbahnhof,sw-bielefeld-parken-Parkhaus-Am-Jahnplatz,sw-bielefeld-parken-Parkhaus-Am-Zwinger,sw-bielefeld-parken-Parkhaus-Ankergarten,sw-bielefeld-parken-Parkhaus-Bahnhofsviertel-1,sw-bielefeld-parken-Parkhaus-Bahnhofsviertel-2,sw-bielefeld-parken-Parkhaus-Centrum,sw-bielefeld-parken-Parkhaus-Karstadt,sw-bielefeld-parken-Parkhaus-LOOM,sw-bielefeld-parken-Parkhaus-Ritterstrasse,sw-bielefeld-parken-Parkhaus-Stadthalle,sw-bielefeld-parken-Parkpalette-Hermann-Delius-Strasse,sw-bielefeld-parken-Parkplatz-Friedenstrasse,sw-bielefeld-parken-Parkplatz-Grosse-Kurfursten-Str,sw-bielefeld-parken-Parkplatz-Hbf,sw-bielefeld-parken-Parkplatz-Herforder-Str,sw-bielefeld-parken-Parkplatz-Kunsthalle,sw-bielefeld-parken-Parkplatz-Mercatorstr,sw-bielefeld-parken-Parkplatz-Niederwall,sw-bielefeld-parken-Parkplatz-Teutoburger-Strasse,sw-bielefeld-parken-Parkplatz-Zentrum,sw-bielefeld-parken-Parkplatze-Werner-Bock-Strasse,sw-bielefeld-parken-Seidenstickerhalle,sw-bielefeld-parken-Tiefgarage-Altstadt-Carre,sw-bielefeld-parken-Tiefgarage-Am-Theater,sw-bielefeld-parken-Tiefgarage-Kesselbrink,sw-bielefeld-parken-Tiefgarage-Marktpassage-nicht-fur-gasbetriebene-Fahrzeuge,sw-bielefeld-parken-Tiefgarage-Neues-Rathaus,sw-bielefeld-parken-Tiefgarage-Welle,sw-bielefeld-parken-Tiefgarage-Willy-Brandt-Platz,sw-bielefeld-parken-Tiefgarage-und-Parkpalette-CineStar,swt-trier-parken-Basi,swt-trier-parken-City,swt-trier-parken-Hauptm,swt-trier-parken-Kons,swt-trier-parken-Osta,swt-trier-parken-ParkPlaza,swt-trier-parken-Vieh,tiefbauamt-nuernberg-parken-ADCOM-Center,tiefbauamt-nuernberg-parken-Adlerstrasse,tiefbauamt-nuernberg-parken-City-Park-Center,tiefbauamt-nuernberg-parken-Erler-Klinik,tiefbauamt-nuernberg-parken-Findelgasse,tiefbauamt-nuernberg-parken-Galeria-Kaufhof,tiefbauamt-nuernberg-parken-Hans-Sachs-Platz,tiefbauamt-nuernberg-parken-Hauptbahnhof,tiefbauamt-nuernberg-parken-Hauptmarkt,tiefbauamt-nuernberg-parken-Jakobsmarkt,tiefbauamt-nuernberg-parken-Katharinenhof,tiefbauamt-nuernberg-parken-PH-Nurnberger-Akademie,tiefbauamt-nuernberg-parken-Parkhaus-City-Point,tiefbauamt-nuernberg-parken-Parkhaus-Karstadt,tiefbauamt-nuernberg-parken-Parkhaus-Maximum,tiefbauamt-nuernberg-parken-Parkhaus-Wohrl,tiefbauamt-nuernberg-parken-Parkhausname,tiefbauamt-nuernberg-parken-Sebalder-Hofe,tiefbauamt-nuernberg-parken-Sterntor,tiefbauamt-nuernberg-parken-Theater,vmz-bremen-parken-Am-Bahnhof,vmz-bremen-parken-Am-Brill,vmz-bremen-parken-Am-Dom,vmz-bremen-parken-Am-Kuhhirten,vmz-bremen-parken-Am-Sedanplatz,vmz-bremen-parken-Am-Vegesacker-Hafen,vmz-bremen-parken-Am-Wall,vmz-bremen-parken-Aumunder-Markplatz,vmz-bremen-parken-Beckersweide,vmz-bremen-parken-Burgerweide,vmz-bremen-parken-Burgerweide-Klangbogen,vmz-bremen-parken-City-Gate,vmz-bremen-parken-Fresenbergstrasse-P1,vmz-bremen-parken-Fresenbergstrasse-P2,vmz-bremen-parken-Herdentor-Rembertiring,vmz-bremen-parken-Hillmannplatz,vmz-bremen-parken-Im-Pohl,vmz-bremen-parken-Katharinenklosterhof,vmz-bremen-parken-Kunstlerhaus-Guterbahnhof,vmz-bremen-parken-Lubecker-Strasse,vmz-bremen-parken-Messe-Parkhaus,vmz-bremen-parken-Mitte,vmz-bremen-parken-Ortsamt-Blumenthal,vmz-bremen-parken-Ostertor-Kulturmeile,vmz-bremen-parken-Pressehaus,vmz-bremen-parken-Rowekamp-Metropol-Theater,vmz-bremen-parken-Sagerstr,vmz-bremen-parken-Silbermannstrasse,vmz-bremen-parken-Stephani,vmz-bremen-parken-Uberseestadt,vmz-bremen-parken-Weserstadion,vtmanager-duesseldorf-parken-FLOAT,vtmanager-duesseldorf-parken-Heerdt,vtmanager-duesseldorf-parken-PH-01,vtmanager-duesseldorf-parken-PH-02,vtmanager-duesseldorf-parken-PH-03,vtmanager-duesseldorf-parken-PH-04,vtmanager-duesseldorf-parken-PH-06,vtmanager-duesseldorf-parken-PH-08,vtmanager-duesseldorf-parken-PH-09,vtmanager-duesseldorf-parken-PH-10,vtmanager-duesseldorf-parken-PH-11,vtmanager-duesseldorf-parken-PH-12,vtmanager-duesseldorf-parken-PH-13,vtmanager-duesseldorf-parken-PH-16,vtmanager-duesseldorf-parken-PH-17,vtmanager-duesseldorf-parken-PH-18,vtmanager-duesseldorf-parken-PH-20,vtmanager-duesseldorf-parken-PH-22,vtmanager-duesseldorf-parken-PH-23,vtmanager-duesseldorf-parken-PH-24,vtmanager-duesseldorf-parken-PH-25,vtmanager-duesseldorf-parken-PH-26,vtmanager-duesseldorf-parken-PH-29,vtmanager-duesseldorf-parken-PH-33,vtmanager-duesseldorf-parken-PH-34,vtmanager-duesseldorf-parken-PH-35,vtmanager-duesseldorf-parken-PH-37,vtmanager-duesseldorf-parken-PH-39,vtmanager-duesseldorf-parken-PH-42,vtmanager-duesseldorf-parken-PH-43,vtmanager-duesseldorf-parken-PH-45,vtmanager-duesseldorf-parken-PH-46,vtmanager-duesseldorf-parken-PH-47,vtmanager-duesseldorf-parken-PH-48,vtmanager-duesseldorf-parken-PH-50,vtmanager-duesseldorf-parken-PH-51,vtmanager-duesseldorf-parken-PH-52,vtmanager-duesseldorf-parken-PH-53,vtmanager-duesseldorf-parken-PH-54
2026-08-03T00:00:01+00:00,195,,59,142,,75,,265,,,220,290,321,,,343,,,,1245,167,525,441,449,,,83,,,16,1618,32,80,68,222,,,,38,153,156,0,108,0,40,,,,,0,,359,0,0,,13,57,19,120,156,183,0,101,0,87,233,85,58,107,111,,,332,0,,145,267,385,230,287,211,128,238,21,194,63,47,173,312,457,291,232,636,70,332,219,496,314,212,41,117,277,357,501,175,770,74,744,278,108,292,339,550,24,20,500,83,,,,200,280,520,,,390,,0,0,0,0,297,0,0,0,0,549,0,0,0,0,197,226,0,0,0,0,0,,275,,10,330,370,737,292,482,,218,150,626,261,295,528,257,52,230,,832,333,594,266,328,400,400,1337,595,182,530,277,212,310,251,569,306,,,244,15,134,910,,,,,,,,245,,162,,,,,,118,107,0,,55,,142,,,0,,,52,0,0,0,0,0,0,0,40,300,0,0,0,0,0,508,0,23,119,131,0,0,0,150,0,0,0,0,150,0,0,0,0,60,0,0,0,0,67,0,0,48,209,36,208,543,297,212,269,237,430,0,401,68,14,306,366,411,672,341,406,552,127,,233,464,100,,1370,,,,175,,107,,,,,,,,47,,,189,119,64,36,,,,449,,,,,0,,,335,,,,,,,,,,,,15,,,,,,,,,,,,0,137,0,128,0,144,0,266,537,409,38,42,366,250,0,200,16,0,19,85,187,0,0,35,303,0,282,200,112,147,906,44,143,60,162,0,537,73,1156,335,1480,128,204,248,0,118,209,289,84,0,0,343,343,116,0,314,0,343,209,135,289,200,249,0,0,842,87,214,,701,,256,250,,289,380,,,143,134,,,,,,80,,,306,147,,,352,,,160,154,746,262,200,682,67,166,,155,,160,,164,,,,,357,,,,,388,,198,,,,,,,,,,,,,,,,,,,,,,,,,,,,,,,,,,604,145,186,456,73,341,272,99,567,204,293,331,,330,,190,102,95,,200,475,334,360,,,,200,544,598,127,,549,,208,194,160,641,339,
2026-08-03T00:15:02+00:00,,,,,,,,,,,,,,,,,,,,,,,,450,,,,,,,,,81,,,,,,,,,,,,,,,,,,,,,,,,,,118,,,,,,,,,,,,,,,,,,,,,,,,,,,,,177,313,,,,,,,,495,,,,,,,,,,,,277,,,,552,,,,,,,,,,,,,,,,,,,,,,,,,,,,,198,,,,,,,,,,,332,,,,,,219,,,,,,,,,,,,,,,,,,,,529,,,,,,,,,,15,,,,,,,,,,,,,,,,,,,,,,,,,,,,,,,,,,,,,,,,,,,,,509,,,,,,,,,,,,,,,,,,,,,,,,,,,,,,,298,,,,,,,,,,,,,,,551,,,,,,,,,,,,,,,,,,,,,,,,,,,,,,,,,,,,,,,,,,,,,,,,,,,,,,,,,,,,,,,,,,,,,,,,,,,,,,,,,,,,,,,,,,,,,,,,,,,,,,337,,129,,249,,,,,,,,,,,,,,,,,,,,,,843,,,,706,,,,,,,,,,,,,,,,,,,,,,,353,,,,,,,,,,,,,,,,,,,,,365,,,,,,,,,,,,,,,,,,,,,,,,,,,,,,,,,,,,,,,,,,144,,,,,,,,,,,,,,189,101,,,,,,,,,,,,,,,,,,,,,,
2026-08-03T00:30:01+00:00,,,,,,74,,,,,,291,322,,,,,,,,,,,,,,,,,,,,,,,,,,,,,,,,,,,,,,,360,,,,15,,,,,,,,,,,,,,,,,,,,,,,,,,,,,,,46,,,458,,,,,,,,,,,118,,356,502,,,,,,,,,551,,,,,,,,,,521,,,,,,,,,,,,,,,,,,,,,,,,,,,,,,335,,,,,,222,,,,,,,,,,,,,,,,,,,,528,,,,,,,,,245,15,,,,,,,,,,,,,,,,,,,,,,,,,,,,,,,,,,,,,,,,,,,,,,,,,,,,,,,,,,,,,,,,,,,,,,,,,,,,299,,,,,,,,,,,,,,,,,,,,,,,,,,,,,,,,,,,,,,,,,,,,,,,,,,,,,,,,,,,,,,,,,,,,,,,,,,,,,,,,,,,,,,,,,,,,,,,,,,,,,,,,,,,,,,,,,,,,,,,,,,,,,,,,,,,,,,,,,,,,,,,,,,,,,,,,,,,,,,,,,,,,,,,,,,354,,,,,,,,,,167,,,,,,,,,,,,,,,,,,,,,,,,,,,,,,,,,,,,,,,,,,,,,,,,,,,,,143,,461,,,,,,,,,,,,,,,,,476,335,,,,,,,,,,,,,,,,,
2026-08-03T00:45:01+00:00,,,,,,75,,,,,,,,,,,,,,,,,,,,,,,,,,,80,,,,,,,,,,,,,,,,,,,,,,,,,,,,,,100,,,,,,,,,,333,,,,,,,,,,,,,,,178,,,,,,,,,,,,,,,355,,,,,,,,,,552,,,,,,,,,,,,,,,,,,,298,,,,,,,,,,,,,,,,,,274,,,341,,,,,,223,,,,,,,,,,,,,,,,,,594,,,,208,,,,,,,,15,,912,,,,,,,,,,163,,,,,,,,,,,,,,,,,,,,,,,,,,,,,,,,,,,,,,,,,,,,,,,,,,,,,,,,,,,,,,,,300,,,,,,,,,,,,,,,,,,,,,,,,,,,,,,,,,,,,,,,,,,,,,,,,,,,,,,,,,,,,,,,,,,,,,,,,,,,,,,,,,,,,,,,,,,,,,,,,,,,,,,,,,,113,,,,,,,,,,,,,,,,,,,,,,,,,,,,,,,,,,,,,,,215,,,,,,,,,,,,,,,,,,,,,,,,,,,,,,,,,,,,,,,,,,,,,,367,,,,,,,,,,,,,,,,,,,,,,,,,,,,,,,,,,,,,,,,,,,,462,,,,,,,,,,,,,,,,,,,,,,,,,,,,,,,,,,,
2026-08-03T01:00:02+00:00,,,,,,,,,,,,,,,,,,,,,,,,,,,,,,,,,,,,,,,,,,,,,,,,,,,,,,,,,,,,,,,,,,,,,,,,,,,,,,,,,,,,,,,45,,,,,,,,,,,,,,,,354,501,,,,,278,,,340,553,,,,,,,,,,,,,,,,,,,,,,,,,,,,,,,,,,,,,,,,345,,,,,,224,,,,,,,,,,,,,,,,,,,,,,207,,,,,,,,15,,911,,,,,,,,,,,,,,,,,,,,54,,,,,,,,,,,,,,,,,,,,,,,,,,,,,,,,,,,,,,,,,,,,,,,,,,,,,,,,,,,,,,,305,,,,,,,,,,,,,,,,,,,,,,,,,,,,,,,,,,,,,,,,,,,,,,,,,,,,,,,,,,,,,,,,,,,,,,,,,,,,265,,,,,,,,,,,,,,,,,,,,,,,,,,,,,,,,,,,,,,,,,,,,,,,,,,,,,,,,,,842,,,,,,,,,,,,,,,,,,,,,,,,,,,,,,,,,,,,,,,,,,,,,,,,368,,,,,,,,,,,,,,,,,,,,,,,,,,,,,,,,,,,,,,,,,,144,,,,,,,,,,,,,,190,,,,,,,,,,,,,,,,,,,,,,,
2026-08-03T01:15:01+00:00,,,,,,,,,,,,,,,,,,,,,,,,,,,,,,,,,,,,,,,,,,,,,,,,,,,,,45,,,,,,,,,,101,,,235,,,,,,,,,,,,,,,,,,,,,44,,,,,,637,,,,,,213,,,,353,,,,,,,109,,,554,,,,,,,,,,,,,,,,,,,,,,,,550,,,,,,,,,,,,,,,,346,,,,,,,,,,,,,,,,,,,,,,,,,,,,,,,,,,,,15,,912,,,,,,,,,,,,,,,,,,,,55,,,,,,,,,,,,,,,,,,,,,,,508,,,,,,,,,,,,,,,,,,,,,,,,,,,,,,,,,,,,,,,,,,,,,,552,,,,,,,,,,,,,,,,,,,,,,,,,,,,,,,,,,,,,,,,,,,,,,,,,,,,,,,,,,,,,,,,,,,,,,266,,,,,,,,,,,,,,,,,,,,,,146,,,145,61,,,,,1157,,,,,,,,,,,,,,,,,,,,,,,,,,,841,,,,,,,,,,,,,,,,,,,,,,,,,,,,,,,155,,,,,,,,,,,,,,,,,,,,,,,,,,,,,,,,,,,,,,,,,,,,,,,,,,,,,,,,,,,143,,,,,,,,,,,,,,,,,,,,,,,,,,,,,,,,,,,,,
2026-08-03T01:30:02+00:00,,,,,,,,,,,,,,,,,,,,,,,,,,,,,,,,,,,,,,,,,,,,,,,,,,,,,,,,,56,,120,,,,,,,,,,,,,,334,,,,,,,,,,,,,,,,,,,,,,,,,,,,,,,502,,,,,,111,,,550,,,,,,,,200,280,523,,,390,,,,,,,,,,,,,,,,,,,,,,,,275,,,,,,,,,,,,,,,,,,,,,,,,,,,,,,,,,,,,,,244,15,,,,,,,,,,,,,,,,,,,106,,,53,,,,,,,,,,,,,,,,,,,,,,,,,24,,,,,,,,,,,,,,,,,,,,,,,,,,,,,,,,,,,,,,,,,,,,,,,,,,,,,,,,,,,,,,,,,,,,,,,,,,,,,,,,,,,,,,,,,,,,,,,,,,,,,,,,,,,,,,,,,,,,,,,,,,,,,,,,,,,,,,,,147,,,,,,,,,,,,,,,,,,,,,,,,,,,,,,,,,,,,840,,,,,,,,,,,,,,133,,,,,,,,,,,,,,,,,,,263,,,,,,,,,,,,,,,,,,,,,,,,,,,,,,,,,,,,,,,,,,,,,,,,,,,,,,,,,,,,,,,,,,,,,,,,,,,,,,,,,,,,599,,,,,,,,,,
2026-08-03T01:45:01+00:00,,,,,,,,,,,,292,,,,,,,,,,,,,,,,,,,,,,,,,,,,,,,,,,,,,,,,,,,,,,,,,,,102,,,,,,,,,,333,,,,,,,,,,,,,,,179,,457,,,,,,,,,,,,,,501,,,,,,,,,548,,,,,,,,,,,,,,,,,,,,,,,,549,,,,,,,,,,,,,,,,347,,,,481,,,,,,,,,,,,,,,,,,,,,,524,,,,,,,,,,15,,,,,,,,,,,,,,,,,,,,,,49,,,,,,,,,,,,,,,,,,,,,,,,,,,,,,,,,,,,,,,,,,,,,,,,,,,,,,,211,,,,,,,,306,,,,340,,,,,,,,,,,,,,,,,,,,,,,,,,,,,,,,,,,,,,,,,,,,,,,,,,,,,,,,,,,,,,,,,,,,,,,,,,,,,,,,,,,,,,,,,,,,,,,,,,,,,,,,,,,,,,,,,,,,,,,,,,,,,,,,,,,,,,,,,,,,,,,,,,,,,,,,,,,,,,,,,,,,,,,,,,,,,,,,,,,,,,,,,,,,,,,,,,,,,,,,,,,,,,,,,,,,,,,,,,,,,,,,,,,,,,,,,,,,,,,,,,,,,,,,,,,,,,,,,
2026-08-03T02:00:01+00:00,194,,,,,,,,,,,293,,,,,,,,,,,,,,,,,,,,,,,,,,,,,,,,,,,,,,,,,,,,,57,,,,,,101,,,,,,,,,,332,,,,,,,,,,,,,,42,,,,,,,,,,,313,,,,,,,,,,,,,,,549,,,,,,,,,,,,,,,,,,,,,,,,,,,,,,,,,,,,,,,,349,,,,,,,,,,,,,,,,,,,,,,,,,,521,,,,,,,,,,15,,,,,,,,,,,,,,,,,,,107,,,48,,,,,,,,,,,,,,,,,,,,,,,,,,,,,,,,,,,,,,,,,,,,,,,,,,,,,542,,,,,,,,,,,,,,,,551,,,,,,,,,,,,,,,,,,,,,,,,,,,,,,,,,,,,,,,,,,,,,,,,,,,,,,,,,,,,,,,,,,,,,,265,,,,,365,,,,,,,,,,,,,,,,,,905,,,,,,,,,,,,,,,,,,,,,,,,,,,,,,,,,,,,,,,705,,,,,,,,,142,,,,,,,,,,,,,,,,,,,,,,,,,,,,,,,,,,,,,,,,,,,,,,,,,,,,,,,,,,,,,,,,,,,,,,,,,,,,,144,,,,,,,,,,,,,,,,,,,,,,,,,,,600,,,,,,,,,,
2026-08-03T02:15:01+00:00,193,,,,,,,264,,,,,,,,,,,,,,,,,,,,,,,,,,,,,,,,,,,,,,,,,,,,,,,,,56,,,,,,102,,,,,,,,,,331,,,,220,,,,,,,,,,41,,,,,,,,331,,,,,,,,351,,,,,,,,,,,,,,,,,,,,,,,,,,,,,,,,,,,,,,,,,,,,,,,,,,357,,,,,,225,,,,,,,,,,,,,,,,,,,181,515,,205,,,,,,,245,15,,,,,,,,,,,,,,,,,,,105,,,43,,,,,,,,,,,,,,,,,,,,,,,,,,,130,,,,,,,,,,,,,,,,,,,,,,,,,,532,,,272,,429,,,69,,,,,,341,,,,,,,,,,,,,,,,,,,,,,,,,,,,,,,,,,,,,,,,,,,,,,,,,,,,,,,,,,,,,,,,,,,47,,,,,,,,,,364,,,,,,,,,,,,,,,,,,904,,,,,,,,,,1479,,,248,,,,,,,,,,,,,,,,,,,,,,,,,,,,,,,,379,,,,,,,,,,,,,,,,,,,,,,,,,,,,,,,,,,,,,,,,,,,,,,,,,,,,,,,,,,,,,,,,,,,,,,,,,,,,,,,,,,464,,,,,,,,,,,,,,,,,,,,,,,,,,,,,,,,,,,
2026-08-03T02:30:01+00:00,192,,,,,,,,,,,,,,,,,,,,,,,,,,,,,14,,,,,,,,,,,,,,,,,,,,,,,,,,,57,,117,,,,,,,,,57,,,,,330,,,,219,,,,,,,,,,39,,,,,,,,,,,,,,,,350,,,,,,,,291,339,547,,,,,,,,,,,,,,,,,,,,,,,,,,,,,,,,,,,,,,,,,,,,,,226,,,,,,,,,,,,,,,,,,,,511,,,,,,,,,,15,,909,,,,,,,,,,,,,,,,,103,,,42,,,,,,,,,,,,,,,,,,,,,,,507,,,,,,,,,,,,,,,,,,,,,,,,,,,,,,,,,,,,,,,,,,,,340,,,,,,,,,,,,,,,,,,,,,,,,,,,,,,,,,,,,,,,,,,,,,,,,,,,,,,,,,,,,,,,,,,,,,,,,,,,,,,,,,,,,,,,,,,,,,,,,,,,,,,,,,,,,,,,,,,,,,,,,,,,,,,,,,,,,,,,,,,,,378,,,,,,,,,,,,,,,,,,,,,,745,,,,,,,,,,,,,,,,,,,,,,,,,,,,,,,,,,,,,,,,,,,,,,,,,,,,,,,,,,,,466,,,,,,,,,,,,189,,,,,,,,,,,,,,,,,,,,,,,
2026-08-03T02:45:02+00:00,191,,,,,74,,,,,,,,,,,,,,,,,,,,,,,,,1617,,81,,,,,,37,,,,105,,,,,,,,,,44,,,,,18,118,,,,,,,,,,,,,,329,,,,,,,,,,,,,,38,,,,,,,,,,494,,,,,,348,502,,,,,,,290,,548,,,,,,,,,,,,,,,,,,,,,,,,,,,,,,,,,,,,,,,,362,,736,,,,,,,,,,,,,,,,,,,,,1336,,180,505,,203,,,,,,,,15,,911,,,,,,,,,,,,,,,,,,,,,,,,,,,,,,,,,,,,,,,,,,,506,,,,,,,,,,,,,,,,,,,,,,,,,,,,,,,299,210,,,,,,,,,365,410,,,,554,,,,,,,1369,,,,,,,,,,,,,,,,,,,,,,,,,,,,,,,,,,,,,,,,,,,,,,,,,,,,,,,,,,,,,143,,,,,,,,,,,,,,,,,,,302,,,,,,902,,,,,,,,,,,,,,,,,,,,,,,,,,,,,,,,,,,837,,,,,,,,,,,,,143,,,,,,,,,,,,,,353,,,,,,,,,,,,,,,,,,,,,,,,,,,,,,,,,,,,,,,,,,,,,,,,,,,,,,,,,,,,,,603,145,,,,,,,,,,,,,,188,,,,,,,,,,,,,,126,,,,,,,,,
2026-08-03T03:00:02+00:00,,,,,,75,,,,,,292,,,,,,,,,,,,,,,,,,,,31,,,,,,,,152,,,,,,,,,,,,,,,,,56,,117,,,,,,,,,,,,,,326,,,,,384,,,,,,,,,37,,,455,290,,,,,,,,,,,,347,,,,,,,,,,547,,,,,,,,,,,,,,,,,,,,,,,,,,,,,,,,,,,,,,,,363,,735,,,,,,,,,,,,,,,,,,,,,,593,,504,,,,,,,,,,15,,912,,,,,,,,244,,,,,,,,,102,,,41,,,,,,,,,,,,,,,,,,,,,,,,,,,,,,,,,,,,,,,,,,,,,,,,,,,,,,,,,,,,,,,,,,,339,405,556,,,,463,,,1367,,,,,,,,,,,,,,,,,,,,,,,,,,,,,,,,,,,,,,,,,,,,,,,,,,,,,,,,,,,,,,,,,,,,,,,,,,,84,,,,,301,,,,112,,900,,,,,,,,,,,,,,,,,,,,,,,,,,,,,,,,,,,835,,,,,,,,,,377,,,,132,,,,,,,,,,146,,,,,,,,,,,,68,,,,,,,165,,,,,,,,,,,,,,,,,,,,,,,,,,,,,,,,,,,,,,,,,,,,,,,,,467,,,,,,,,,,,,,,,,,,,,,,,,,575,,,557,,,,,,,
2026-08-03T03:15:01+00:00,190,,,,,,,,,,,290,,,,,,,,,,,433,,,,,,,,,,,,,,,,,,,,,,,,,,,136,,359,,,,,55,,115,,,,103,,,,,59,,,,,323,,,,215,383,,,,,,,193,,,,,,,,,,,,,,,,,,,,,,,743,277,,288,,549,,,,,,,,,,,,,,,,,,,,,,,,,,,,,,,,,,,,,,,,,,734,,,,,,,,,,,,,,,,,,,280,386,1236,403,,498,147,201,180,250,359,175,,,,15,,,,,,,,,,245,,,,,,,,,101,,,40,,,,,,,,,,,,,,,,,,,,,,,,,,,,,,,149,,,,,149,,,,,,,,,,,,,,,,,533,,,,,,,,,,307,364,,671,,,,,,,,,,1365,,,,,,,,,,,,,,,,,,,,,,,,,,,,,,,,,,,,,,,,,,,,,,,,,,,,,,,,,,,,,,,,,407,,,,,,,,,,,,,,,,,,,,,896,,,,164,,,,,,,,,249,,,,,,,,,,,,,,,,,,,,,,,,,,,,257,,,,,,,142,,,,,,,,,,,,,,352,,,,,,,199,681,,,,,,,,,,,,,,,,,,387,,,,,,,,,,,,,,,,,,,,,,,,,,,,,,,,,,,,,,,,,,,,,,,,,,,,,,,,,,,,,,,,,,,,,,,,,,
2026-08-03T03:30:02+00:00,,,,,,,,263,,,,,,,,,,,,,,524,431,,,,,,,,,32,80,,,,,,,151,154,,,,,,,,,139,,356,,,,16,54,,113,,,,99,,,,,,,,,,320,,,,214,381,,,,,,,194,,35,,,453,,,,,,,495,,,,,276,348,501,,,,,276,,281,,546,,,,,,,,,,,,,,,,,,,,,,,,,,,,,,,,,,,,,,,,364,,,,,,,,,,,,,,,,,,,,,,,1234,405,177,489,,199,,,,,,,,16,,,,,,,,,,,,,,,,,,,102,,,,,141,,,,,,,,,,,,,,,,,,,,,505,,23,,,,,,,,,,,,,,,,,,,,,,,,,,,207,541,292,209,,,,,400,,,,363,409,665,337,404,,,,,,99,,1358,,,,,,,,,,,,,,,,,,,,,,,,,,,,,,,,,,,,,,,,,,,,,,,,,,,,,,,,,136,,,,,,263,,,,,362,,,,,,18,83,,,,,302,,,,,,879,,,,,,,,,,,,,,,,,,,,,,,,,,,,,,,,,,,,,,,,,,,,,,,,141,133,,,,,,,,,,,,,205,,,,154,,,,682,,168,,,,,,,,,,,,,,,,,,,,,,,,,,,,,,,,,,,,,,,,,,,,,,,,,,,,,144,,,,340,,,,,,,,329,,,99,,,,,,,,,,,,576,,,,,,64,,,,
2026-08-03T03:45:01+00:00,,,,,,,,,,,,,321,,,,,,,,,,429,,,,,,,,1618,31,79,67,223,,,,36,150,,,,,,,,,,,,351,43,,,17,52,17,106,,,,95,,,,,58,,,,,318,,,,211,380,,,,,,,195,,,,,451,,,,71,,,,306,,,,,347,502,,,,742,262,,271,,542,,,499,,,,,,279,,,,389,,,,,,297,,,,,546,,,,,199,227,,,,,,,274,,,365,,733,,,,,,624,,,,,,,,,,,,,,,1231,,175,480,,195,181,,358,176,,,247,15,,911,,,,,,,,,,,,,,,,,104,,,,,139,,,,,,,,,,,,,,,299,,,,,,,,,,,,,,,,,,,147,,,,,,,,,,,,,,,,,540,269,,,,,,399,,,,,407,663,334,403,554,125,,232,,100,,1349,,,,,,,,,,,,,,,,,,,,,,,,,,,,,,,,,,,,,,,,,,,,,,,,,,,,,,,,,,,,,,,262,536,409,,,360,,,197,,,,,184,,,,299,,280,,,,837,,,,,,,74,,,,,,,,,,,,,,,,,,,,,,,,,,,,832,,,,703,,,,,,376,,,139,,,,,,,,,,305,,,,204,,,,,,,,,98,,,,,156,,,,,,,367,,,,,386,,,,,,,,,,,,,,,,,,,,,,,,,,,,,,,,,,,,,145,,466,,,,,,,,330,,,,187,,,,,475,,,,,,,,575,125,,,,,,,,,
2026-08-03T04:00:01+00:00,188,,,,,,,,,,,289,320,,,122,,,,,,523,422,,,,,,,,1614,30,78,,,,,,35,149,150,,,,,,,,,138,,347,,,,19,,,107,,,,93,242,,,,56,,,,,312,,,,212,376,,,,,,,,,34,,312,446,289,231,635,,,218,493,304,,,,,341,,,769,73,739,206,105,268,336,534,,,,,,,,,278,,,,390,,,,,,296,,,,,545,,,,,,226,,,,,,,273,,,364,,,,480,,,,617,,,,,,,,,,,,,,,1230,406,172,473,,190,,249,,,,,248,16,,,,,,,,,,,,,,,,,,,98,,,41,,138,,,,,,,,,,,,,,,297,,,,,,501,,24,,,,,,147,,,,,145,,,,,,,,,,,,,,,,206,,258,,,235,428,,,68,,308,342,398,657,333,404,553,128,,,462,,,1332,,,,,,,,,,,,,,,,,,,,,,,,,,,,,,,,,,,,,,,,,,,,,,,,,,,,,,,,383,,46,,118,142,,256,,408,,,341,246,,194,15,,,,180,285,,,284,,277,,,,775,,,60,,,,73,,,,,,,,,,,,,,,,,,,,,,,,,,,,827,,,,700,,256,249,,,375,,,137,134,,,,,,79,,,,,,,201,,,159,,744,261,,681,,167,,,,145,,,,,,,,,,,,,,,,,,,,,,,,,,,,,,,,,,,,,,,,,,,,,,,,600,142,146,,,339,,,,,,328,,328,,185,,,,,474,,,,,,,,573,,,,,,,,,,
2026-08-03T04:05:02+00:00,187,,,,,,,262,,,,,,,,121,,,,,,453,416,380,,,,,,50,999,25,,65,,,,,,,,,104,,39,,,,,,,345,,,,18,,16,,,,20,95,,,,,,19,,,,,,,,220,,,,,,,,,,,,,,,,,,,,,,,,,,,,,,,,,,,,,,,,,,,,,,,,,,,,,,,,,,,,,,,,,,,,,,,,,,,,,,,,,,,,,,,,,,,,,,,,,,,1227,408,170,469,,188,,,,174,,,249,16,,,,,,,,,,,,,,,,,,,96,,,40,,,,,,,,,,,,,,,,,296,,,,,,,,,,,,,,,,,,,146,,,,,,,,,,,,,,,,,,,,,,,,398,70,13,,,394,656,330,,,127,,,,,,1330,,,,,,,,,,,,,,,,,,,,,,,,,,,,,,,,,,,,,,,,,,,,,,,,,,,,,,,,,,43,,,,,252,,,,,339,243,,,,,17,,,,,,266,,,,,,768,,,,145,,535,72,,,1464,,,,,,,,,,,,,,,,,,,,,,,,,826,,,,703,,,248,,,,,,,133,,,,,,,,,303,144,312,,199,,,,,743,260,,,,166,,,,,,,,,,,,,,,,,,,,,,,,,,,,,,,,,,,,,,,,,,,,,,,,,,,,597,143,,,,,,,,,393,,,,,,,,,,,,,,,,,,,,,,,,,,,,
2026-08-03T04:10:01+00:00,,,,,,,,,,,,,,,,120,,,,,,,415,,,,,,,,998,,76,,,,,,,,,,,,,,,,,,,343,,,,19,,,,,,,93,240,,,,,,,,,310,,,,217,,,,,,,,,,33,,311,441,,232,,,332,,494,301,,,,,339,,,,,,268,102,264,,527,,,,82,,,,,,,,,,,,,,,,,,,,,,,,,,,,,,,,,,,,,,,,,,,,,,,,,,,,,,,,,,,,,,,,,,,,,,,,16,,910,,,,,,,,,,,,,,,,,95,,,,,,,,,,,,,,,,,,,,,,,,,,,,,,,,,,,,,,,145,,,,,,,,,,,,,,,,,,,,,,,,,,,,,392,,,,,126,,,461,,,1328,,,,,,,,,,,,,,,,,,,,,,,,,,,,,,,,,,,,,,,,,,,,,,,,,,,,,,,,382,,42,,,,,250,,,,,336,242,,193,,,,,,,,,259,,276,,111,148,761,,,,,,,,1154,335,,,200,221,,,,,,,,,,,,,,,,,,,,,,821,,,,704,,255,,,,,,,,,,,,,,,,,302,142,,,195,,,156,153,744,,,,,,,,,,,,,,,,,,,,,,,,,,,,,,,,,,,,,,,,,,,,,,,,,,,,,,,,,595,,147,467,74,,,,,,,,,,,184,,,,,,,,,,,,,,,,556,,,,,,,
2026-08-03T04:15:02+00:00,186,,,,,,,,,,,,,,,,,,,,,,412,,,,,,,,997,,75,,224,,,,,,,,,,,,,,,,,340,,,,17,,,,,,,,239,,,,55,,,,,,,,,,371,,288,191,129,,,,,,,,,,,,,,,,,,,,,,,,,,,,,,,,,,,,,,946,,,521,,,,,,,,,297,,,,,542,,,,,,224,,,,,,,,,,366,,731,,481,,154,,614,,,,,,,,,,,,,,,1223,409,168,462,,184,,,357,,,,250,15,,912,,,,,,,,244,,,,,,,,,93,,,,,137,,,,,,,,,,,,,,,,,,,,,494,,,,,,,,,,,,,144,,,,,,,,,,,,,,,,,,256,207,,233,427,,,,,,,388,652,328,402,,,,,460,96,,1324,,,,,,,,,,,,,,,,,,,,,,,,,,,,,,,,,,,,,,,,,,,,,,,,,,,,,,,,378,,40,,,140,,245,,409,,,332,239,,198,,,,,,,,,255,,275,,110,,758,,,,141,314,536,,1153,334,1463,,,222,,,,,,,,,,,,,,,,,,,,,,,,,,,,,,,,,,,,,,,,,,,,,,,,,,,,,,743,,,,,164,,153,,143,,,,,,,,,,,,384,,197,,,,,,,,,,,,,,,,,,,,,,,,,,,,,,,,,,594,,,,,338,,98,,,,,,,,183,,,,,,,,,,,,,,,,,,,,,,,
2026-08-03T04:20:02+00:00,,,,,,,,,,,,,,,,,,,,,,,,,,,,,,,994,,74,,,,,,34,,149,,,,,,,,,,,337,,,,19,51,,108,,,,97,236,,,,54,,,,,307,,,,218,,,,190,,,,,,31,,310,435,,,630,70,302,,490,299,,,,,336,499,174,767,,796,,99,260,334,519,,19,498,,,,943,,,,,,389,,,,,,,,,,,540,,,,,,,,,,,,,,,,,,,,,,,,611,,,,,,,,,,,,,,,,,,,,,,,,,,,248,15,133,,,,,,,,,,,,,,,,,,92,,,39,,138,,,,,,,,,,,,,,,,,,,,,491,,23,,,,,,,,,,,143,,,,,,,,,,66,,,,,,,,259,205,,,,,,,,,341,384,649,327,403,,,,,461,,,1322,,,,,,,,,,,,,,,,,,,,,,,,,,,,,,,,,,,,,,,,,,,,,,,,,,,,,,,,376,135,39,,,139,,240,535,,,,330,238,,200,,,,84,,,,,253,,,,,,754,,,,,,,74,,,,,,,,,,,,,,,,,,,,,,,,,,,,812,,,,,,,,,,374,,,136,132,,,,,,,,,301,140,310,,194,,,154,,,,198,,,165,,,,,,,,,,,,,,,,,,,,,,,,,,,,,,,,,,,,,,,,,,,,,,,,,,,,592,142,,,,,,99,,,,,,,,,100,,,,475,334,,,,,,,,,,,,,,,,,
2026-08-03T04:25:01+00:00,,,,,,,,,,,,288,317,,,,,,,,,,410,,,,,,,,993,,,,225,,,,33,,,,,,,,,,,,,335,,,,20,,,104,,182,,,235,,,,55,,,,,303,,,,217,,,,,,,,,,,,,,,,,,,,,,,,,,,,,,,,,,,,,,,,,,,,,,,,,,,,,,,,,,,,,,,,,,,,,,,,,,,,,,,,,,,,,,,,,,,,,,,,,,,1220,,164,444,,183,,250,358,172,,,,15,,911,,,,,,,,,,,,,,,,,91,,,38,,,,,,,,,,,,,,,,,,,,,,,489,,,,,,,,146,,,,,,,,,,,,,,,,,,,,,,,,,,,,,,,,,,381,648,326,402,552,,,,,,,1318,,,,,,,,,,,,,,,,,,,,,,,,,,,,,,,,,,,,,,,,,,,,,,,,,,,,,,,,373,134,,,,138,,,533,,,,329,,,,,,16,,,,,,251,,274,,109,,752,,,,,,,,,,,,,,,,,,,,,,,,,,,,,,,,,,,811,,,,,,253,,,,,,,,,,,,,,,,,299,139,,,191,,,,,742,,197,,99,,,,,,,,,,,,,,,,,,,,,,,,,,,,,,,,,,,,,,,,,,,,,,,,,,,,,590,143,,,,337,,,,205,,,,,,181,99,,,,,,,,,,,,,,,,,,,,,,
2026-08-03T04:30:02+00:00,,,,141,,,,,,,,290,316,,,118,,,,,,452,408,379,,,,,,,,,,64,,,,,,148,,,103,,,,,,,,,,,,,21,52,,103,,,,98,233,,234,,54,,,,,,,,,216,369,,,189,,,,,,27,,309,430,287,,627,69,,,488,297,,,,274,334,496,,,,,267,97,250,331,517,,,499,,,,935,,277,520,,,,,,,,,296,,,,,532,,,,,,221,,,,,,,274,,,367,,,,,,,,605,,,,,,,,,,,,,,,,,,,,,,,,,,,249,15,,,,,,,,,,243,,,,,,,,,89,,,39,,137,,,,,,,,,,,,,,,297,,,,,,486,,,,,,,,145,,,,,,,,,,,,,,,,,,,,,,537,263,201,,232,,,395,,,307,340,380,647,325,400,551,,,,460,98,,1312,,,,,,,,,,,,,,,,,,,,,,,,,,,,,,,,,,,,,,,,,,,,,,,,,,,,,,,,366,,,,,,,236,530,,,,323,,,198,21,,14,,,,,,248,,273,,108,149,739,,,,137,313,535,,,,,,,,,,,,,,,,,,,,,,,,,,,,,,,,,,,,,,,,,,,,,,,,,,,,,,,,,,,,151,,,,,,163,32,152,331,140,133,,0,414,321,337,,205,0,334,77,382,,195,280,0,,,,,,,,,,,,,,,,,,,,,,,,,,,,,,,,589,,,,,336,,,,,,,,,,180,,,,,,,,100,,,,,,,,,,,,,,,
2026-08-03T04:35:01+00:00,,,,,,,,261,,,,,315,,,117,,,,,,,404,378,,,84,,,,986,,72,66,,,,,32,147,148,,,,38,,,,,,,329,,,,,53,15,,,181,,,232,,,84,,,,,,,,,,,,,,,,,,,,25,178,308,425,284,230,625,68,,,486,290,212,39,,273,332,493,,763,71,795,266,96,238,325,512,,,,81,,,,,,,,,,,,,,,,,,,,530,,,,,,,,,,,,,276,,,,,,,,,,,603,,,,,,,,,,,,,279,385,1212,408,161,430,144,180,,249,356,171,159,,250,15,,,,,,,,,,242,,,,,,,,,87,,,37,,136,,,,,,,,,,,,,,,295,,,,,,,,24,,,,,,,,,,,142,,,,,,,,,,,,,,,,,,264,200,,,,,,,,308,,379,645,324,398,552,,,231,456,,,1309,,,,,,,,,,,,,,,,,,,,,,,,,,,,,,,,,,,,,,,,,,,,,,,,,,,,,,,,364,,,,,137,,231,528,,,,,237,,,,,,83,179,,,,247,,,,107,,738,,,,,,,,,,,,,,,,,,,,,,,,,,,,,,,,,,,,,214,,703,,254,,,,373,,,135,130,,,,,,,,,,138,309,,,,,,,,261,,,,,,,,,,,,,,,,,,,,,,,,,,,,,,,,,,,,,,,,,,,,,,,,,,,,,,,,,,,,,,,,,204,,,,327,,,,,,,474,,,,,,,,571,126,,,,,,,,,
2026-08-03T04:40:01+00:00,,,,,,,,,,,,,312,,,115,,,,,,451,397,377,,,,,,49,979,,70,,,,,,15,148,147,,,,39,,,,,,,328,,110,,,,,102,,,21,,227,,,,49,,,,,,5,,,215,365,229,,190,,,,,,,,,,,,,,,,,,,,,,,,,,,,,,,,,,,,,,,920,201,278,516,58,,390,,,,,,,,,,,,,,,,,,,,,,,,,,,,,,,,,,,,,,,,,,,,,,,,,,,,,,,,,,,,,,251,15,,,,,,,,,,,,,,,,,,,85,,,38,,,,,,,,,,,,,,,,,,,,,,,,,,,,,,,,,,,,141,,,,,,,,,,,,,,,,,,,,,231,426,,393,69,,307,339,373,640,322,394,547,125,,,453,,,1298,,,,,,,,,,,,,,,,,,,,,,,,,,,,,,,,,,,,,,,,,,,,,,,,,,,,,,,,358,,38,,,,,226,,,37,,322,235,,,,,13,,178,,,,245,,,,105,,723,,,,134,312,,,,,1457,,,,,,,,,,,,,,,,,,,,,,,,,808,,,,702,,253,,,,,,,,,,,,,,,,,298,136,,,,,,153,150,740,,198,680,100,,,,,,,,,,,,,,,,,,,,,,,,,,,,,,,,,,,,,,,,,,,,,,,,,,,,,,,,,75,,,,566,,,,,,,179,,,,,,,,,,,,,,,,555,,,,,,338,
2026-08-03T04:45:02+00:00,184,,,,,72,,,,,,289,310,,,,,,,,,,395,,,,83,,,47,976,,67,65,226,,,,14,149,146,,102,,,,,,,139,,326,,,,,,14,101,,,,96,226,,,82,,,,,,298,,,,214,,,,,,,,,,27,,307,422,,,,,301,,485,289,,38,,,327,494,,,,793,264,93,230,,506,,,,,,,,,,,,,,,,,,,,,,,,521,,,,,,222,,,,,,,277,,,368,,728,,479,,,,588,,,,,,,,,,,,,,386,1207,407,159,423,,179,,248,357,170,156,,250,15,132,,,,,,,,,241,,,,,,,,,83,,,37,,,,,,,,,,,,,,,,,297,,,,,,,,23,,,,,,,,,,,,,,,,,,,,,,,,,,,,535,263,198,271,,,,391,,,,,371,638,321,393,544,,,,451,,,1288,,,,,,,,,,,,,,,,,,,,,,,,,,,,,,,,,,,,,,,,,,,,,,,,,,,,,,,,349,,36,126,,,,225,526,408,,,316,234,,197,,,12,,177,,,,244,,272,191,106,,705,,,59,125,313,,73,1150,,,,198,,,,,,,,,,,,,,,,,,,,,,,,,,,,,252,,,,372,,,,,,,,,,78,,,,,308,,189,,,,148,739,260,,678,,162,,153,,127,,,,,,,366,,,,,381,,190,,,,,,,,,,,,,,,,,,,,,,,,,,,,,,,,,,,,,466,,,,,,,,,,,,178,,,,,,,,,,,,,,,,,,206,,,,,
2026-08-03T04:50:02+00:00,182,,,140,,,,262,,,,287,308,,,114,,,,,,,386,,,,,,,,975,,65,,,,,,,,145,,101,,38,,,,,,,315,,,,20,51,,99,,180,22,,222,,,,48,,,,,294,,,,,362,227,,189,,,,,,26,,304,419,285,228,624,,,,483,284,,,,266,,491,,761,,792,263,94,222,321,500,,,498,,,,909,199,,515,,,387,,,,,,,,,,,519,,,,,,221,,,,,,,,,,,,726,,477,,,,582,,,,,,,,,,,,,,,,,,,,,,,,,,,,16,,912,,,,,,,,,,,,,,,,,81,,,,,134,,,,,,,,,,,,,,,296,,,,,,483,,,118,,,,,,,,,,,,,,,,,,,,,,,,,,,533,256,197,,232,,,,68,,306,,369,632,317,392,541,122,,230,449,97,,1280,,,,,,,,,,,,,,,,,,,,,,,,,,,,,,,,,,,,,,,,,,,,,,,,,,,,,,,,347,,34,,,,,222,524,407,,,313,233,,,,,,84,176,,,32,,,,187,107,150,692,,,,,,,,,,,,,,,,,,,,,,,,,,,,,,,,,,,800,,212,,701,,248,249,,,,,,134,131,,,,,,,,,297,135,303,,,,,147,147,,259,,677,,164,,,,,,,,,,,,,,,,,,,,,,,,,,,,,,,,,,,,,,,,,,,,,,,,,,,,588,142,,464,,,,,565,,,327,,,,177,,,,,,,,,,,,,569,,,,,,63,,,337,
2026-08-03T04:55:01+00:00,181,,,,,,,,,,,,,,,,,,,,,,384,376,,,,,,,969,,63,66,,,,,,148,,,,,36,,,,,140,,314,40,,,22,50,,102,,179,,95,219,,,,,,112,,,292,,,,,,,,,,,,,,27,175,297,408,284,,617,,299,,479,279,211,,,261,325,486,,759,,791,262,90,212,316,487,,20,,80,,,,,,,,,,,,,,,,,,,,,,,,,,,,,,,,,,,,,,,,,,,,,,,,,,,,,,,,,,387,1199,,154,396,143,175,180,247,355,169,157,,251,16,,,,,,,,,,242,,,,,,,,,80,,,,,131,,,,,,,,,,,,,,,297,,,,,,477,,22,117,129,,,,142,,,,,138,,,,,,,,,,,,,,,,,529,252,196,270,,425,,393,67,,,,366,630,,388,537,121,,,,,,1266,,,,,,,,,,,,,,,,,,,,,,,,,,,,,,,,,,,,,,,,,,,,,,,,,,,,,,,,,,33,125,117,,,218,517,,,,305,230,,195,,,,,175,,,,241,,269,180,108,,669,,,,120,309,539,,1148,333,1456,,197,,,,,,,,,,,,,,,,,,,,,,,755,,,,700,,247,,,,,,,133,,,,,,,,,,,,302,,185,,,146,,738,257,,,,163,,,,,,,,,,,,,,,,,,,,,,,,,,,,,,,,,,,,,,,,,,,,,,,,,,,,584,,,,,,,,,,392,,93,,,174,,,,,,,,,69,,,,,127,,,,,,,,,
2026-08-03T05:00:02+00:00,,,,,,,,,,,,,309,,,,,,,,,,380,375,,,84,,,,965,,64,,225,,,,,,147,,,,35,,,,,,,309,39,,,,49,,99,,,,94,215,,,,,,,,,291,,,,210,358,,287,188,127,,,,,,,,,,,,,,,,,,,,,,,,,,,,,,,,,,,,,,899,198,,514,,,388,,,,,,294,,,,,513,,,,,,,,,,,,,273,,,367,,725,,475,,,,570,,,,,,,,,,,,,,,,,,,,,,,,,,,254,16,,910,,,,,,,,,,,,,,,,,78,,,,,,,,,,,,,,,,,,,,,,,,,,472,,21,116,,,,,141,,,,,137,,,,,,,,,,,,,,,,,528,251,195,,231,424,,,,,305,338,364,625,312,386,536,,,,,96,,1252,,,,,,,,,,,,,,,,,,,,,,,,,,,,,,,,,,,,,,,,,,,,,,,,,,,,,,,,343,,,,,134,69,209,515,,,,299,,49,194,,,,85,173,281,185,31,234,165,,169,107,151,654,,144,,,,,,,,,,,,,,,,,,,,,,,,,,,,,,,,,,,,,,,,,,,,,,,,,,,,,,,,,,,,,,,,146,737,,197,671,,161,,,,110,,,,,,,364,,,,,378,,,,,,,,,,,,,,,,,,,,,,,,,,,,,,,,,,,,582,141,,463,,337,,,,,391,326,,326,,172,,,,,472,,,,,,,,568,,,554,,,,,,,
2026-08-03T05:05:02+00:00,180,285,,,635,,,,308,368,,286,308,,,,,,,,,450,373,,,,,,,,960,24,,65,,,,,13,,,,,,33,,,,,139,,305,38,,,,,13,98,,178,,93,212,,235,,49,,,,,290,,,148,208,,,,,,,,,,26,,294,405,283,225,,67,,217,474,276,,,,260,323,485,173,,70,787,258,88,204,,490,,,,,,,,,,,,,,,,,,,,,,,,,,,,,,,,,,,,,,,,,,,,,,,,,,,,,,,,,,,,,,386,1187,410,147,382,,170,179,244,352,168,,,255,16,,911,,,,,,,,,,,,,,,,,76,,,36,,130,,,,,,,,,,,,,,,296,,,,,,,,22,,,,,,,,,,,135,,,,,,,,,,,,,,,,,524,245,194,268,,,,392,,,306,335,,619,311,,532,119,,227,447,,,1229,,,,,,,,,,,,,,,,,,,,,,,,,,,,,,,,,,,,,,,,,,,,,,,,,,,,,,,,342,133,,,,131,68,205,513,406,,,294,229,,192,,,11,,,,186,30,223,163,,165,108,,622,,143,58,,,,,,,,,,,,,,,,,,,,,,,,,,,,,,,,754,,,,699,,245,248,,,,,,131,,,,,,,,,,293,133,293,,181,,280,143,145,738,255,196,668,101,,,,,,,,,,,,,,,,,,,,,,,,,,,,,,,,,,,,,,,,,,,,,,,,,,,,,581,139,146,,,335,,,564,203,,325,,325,,171,98,,,,471,,,,,,,,,,,553,,,,,,336,
2026-08-03T05:10:02+00:00,,286,,,,71,,,,,,283,305,,,112,,,,,,449,367,374,,,,,,48,958,25,,66,,,,,,,146,,,,32,,,,,,,304,35,,,21,50,12,99,,177,,92,211,,,,,,,,,288,,,,206,356,225,,186,126,,,,,,,,,,,,,,,,,,,,,,,,,,,,,,,,,,,,120,212,886,196,276,511,,,387,,,,,,295,,,,,505,,,,,,220,,,,,,260,275,,,364,,723,,473,181,153,,560,,,,,,,,,,,,,,,,,,,,,,,,,156,,259,16,,909,,,,,,,,,,,,,,,,,75,,,35,,,,,,,,,,,,,,,,,290,,,,,,463,,,115,,,,,139,,,,,,,,,,,,,,,,,,,,,,521,241,193,265,,423,,390,,,305,333,360,618,305,383,528,116,,226,,,,1214,,,,,,,,,,,,,,,,,,,,,,,,,,,,,,,,,,,,,,,,,,,,,,,,,,,,,,,,337,131,31,,,,67,199,507,407,,,293,228,,,,,,,172,,185,,215,162,,157,107,,607,,,,113,303,535,72,1099,,1453,,195,223,,,,,,,,,,,,,,,,,,,,,,750,,,,,,244,,,,371,,,,,,,,,,79,,,292,,,,180,,274,,143,734,256,195,663,,159,,,,,,,,,,,,,,,,,,,,,,,,,,,,,,,,,,,,,,,,,,,,,,,,,,,,579,,,462,74,334,,,563,,389,,,,,170,,,,199,470,,,,,,,,566,,,,,199,,,,335,
2026-08-03T05:15:02+00:00,178,284,58,,632,70,,,307,,,281,303,,,,,,,,,448,362,,,,,,,,956,24,,,,,,,,,,,99,,29,,,,,,,,,,,,51,13,95,,,23,91,208,,,,50,,,,,,,,147,205,,,,,,,,,,22,172,293,389,278,224,608,,,215,467,268,208,37,,257,326,483,,657,,783,250,87,185,314,478,,,496,79,,,,,,,,,,,,,,,,,,,,,,,,,,,,,,,,,,,,,,,,,,,,,,,,,,,,,,,,,,385,1178,406,146,378,141,169,178,243,,167,155,,257,15,,910,,,,,,,,,,,,,,,,,74,,,34,,129,,,,,,,,,,,,,,,292,,,,,,462,,20,,,,,,137,,,,,132,,,,,,,,,,,,,,,,,514,233,191,264,230,422,,391,,,,330,356,612,298,376,524,111,,225,440,95,,1192,,,,,,,,,,,,,,,,,,,,,,,,,,,,,,,,,,,,,,,,,,,,,,,,,,,,,,,,334,130,32,,116,128,,191,502,405,,,287,222,,189,,,9,83,171,,,,204,163,268,151,104,150,586,,,,,,,,,,,,,,,,,,,,,,,,,,,,,,,,,,,744,,,,698,,241,,,288,370,,,130,130,,,,,,78,,,290,,288,,175,,271,141,141,733,254,194,656,102,157,,,,,,,,,,,,,,,,,,,,,,,,,,,,,,,,,,,,,,,,,,,,,,,,,,,,575,,,461,75,332,,,560,,,,,324,,169,97,,,,469,,,,,,,,,,,551,,,,,,,
2026-08-03T05:20:01+00:00,177,279,,,629,71,,,,367,,280,301,,,,,,,,164,446,358,375,,,,,,47,951,23,62,,,,,,12,146,,,97,,31,,,,,,,303,,,,,50,12,94,,178,,94,201,,,,,,,,,284,,,,204,354,,,183,125,239,,,,,,,,,,,,,,,,,,,,,,,,,,,,,,,,,,,,,,,,,,,,,,,,,,,,,,495,,,,,,219,,,,,,,273,,,363,,720,,467,,152,,538,,,,,,,,,,,,,,,,,,,,,,,,,150,,258,15,131,,,,,,,,,,,,,,,,,,77,,,,,127,,,,,,,,,,,,,,,291,,,,,,460,,,,,,,,136,,,,,,,,,,59,,,,,,,,,,,,,229,190,263,228,421,,390,,,,327,354,606,294,366,522,108,,,437,93,,1184,,,,350,,114,,,,,,,,51,,,191,131,57,38,,,,446,,,,,,,,337,,,,,,,,,,,,27,,,,,,,,,,,,332,,31,,,127,,188,500,,,,281,221,,185,20,,,,169,,,,199,,267,147,103,,566,,,57,104,,527,,1143,329,1451,,194,219,,,,,,,,,,,,,,,,,,,,,,738,,209,,697,,239,,,,369,,,,,,,,,,,,,,132,287,,173,,263,,142,731,253,192,649,,155,,,,102,,,,,,,,,,,,376,,188,,,,,,,,,,,,,,,,,,,,,,,,,,,,,,,,,,573,140,,459,74,331,,,,,385,,,323,,168,,94,,,,,,,,,,,565,,,550,,195,,,,334,
2026-08-03T05:25:01+00:00,173,276,,,626,72,,,306,364,,279,300,,,111,,,,,,443,346,377,,,,,,,950,22,60,,224,,,,,,,,98,,,,,,,,,301,,,,,49,,95,,,,,,,,,,,,,,285,,,146,203,,,,,,,,,,21,170,290,383,271,225,605,68,298,,458,267,207,36,,248,321,477,,656,69,780,247,85,172,,453,,,494,76,,,,,,,,,,,,,,,,,,,,,,,,,,,,,,,,,,,,,,,,,,,,,,,,,,,,,,,,,278,,1162,403,145,372,140,167,176,244,,166,148,,261,15,,908,,,,,,,,,,164,,,,,,,,,,,,,,,,,,,,,,,,,,,290,,,,,,457,,19,114,128,,,,137,,,,,131,,,,,,,,,,,,,,,,207,505,221,189,259,,,,391,,,304,326,349,597,285,358,518,104,,223,432,92,,1165,,,,,,,,,,,,,,49,,,190,130,58,39,,,,,,,,,,,,336,,,,,,,,,,,,25,,,,,,,,,,,,326,,,124,,125,66,181,495,,,,275,216,,,,,,81,166,280,184,,185,158,264,136,102,,539,,,54,97,295,518,70,1139,325,1450,,190,,,,,,,,,,,,,,,,,,,,,,,737,,208,,,,236,247,,,368,,,125,,,,,,,,,,289,,280,,167,,259,138,141,729,252,189,647,,,,,,,,,,,,,,,,,,,,,,,,,,,,,,,,,,,,,,,,,,,,,,,,,,,,,,571,,,,75,330,,98,558,201,382,324,,324,,165,,93,,,,,,,,,,,562,,,547,,,64,,,,
2026-08-03T05:30:01+00:00,171,274,,,622,71,,260,305,362,,277,298,,,,,,,,,,340,,,,,,,,948,23,57,65,,,,,,147,,,,,29,,,,,137,,299,33,,,19,47,11,,,,,93,198,,,81,49,18,,,,282,,,144,202,,,,,122,238,,,,,,,,,,,,,,,,,,,,,,,,,,,,,,,,,,,119,211,867,195,273,510,58,,388,,,,,,296,,,,,488,,,,,,214,,,,,,,272,,,365,,717,,462,,151,,514,,,,,,,,,,,,,,,,,,,,,,,,,147,,264,15,130,910,,,,,,,,,,,,,,,,,,,,,,,,,,,,,,,,,,,,,285,,,,,,448,,16,,,,,,135,,,,,127,,,,,,,,,,,,,,,,,477,206,,256,226,420,,390,,,302,324,345,594,278,350,513,106,,222,427,91,,1143,,,,349,,115,,,,,,,,,,,,131,59,38,,,,,,,,,,,,,,,,,,,,,,,,24,,,,,,,,,,,,,,28,,115,123,65,177,493,,,,271,211,48,183,,,8,,,,,,171,156,261,125,100,149,518,,,53,,,,,,,,,,,,,,,,,,,,,,,,,,,,,,,,729,,,,,,233,246,,287,366,,,122,129,,,,,,,,,288,,278,,165,,249,137,140,726,251,188,637,,154,,,,,,,,,,,,,,,,,,,,,,,,,,,,,,,,,,,,,,,,,,,,,,,,,,,,567,,,,,329,,99,556,200,,323,,,,,,,,,468,333,,,,,,,560,125,,,,194,,,,335,
2026-08-03T05:30:02+00:00,,,,,,,,,,,,,,,,,,,,,,,,,,,,,,,,,,,,,,,,,,,,,,,,,,,,,,,,,,,,,,,,,,,,,,,,,,,,,,,,,,,,,,,,,,,,,,,,,,,,,,,,,,,,,,,,,,,,,,,,,,,,,,,,,,,,,,,,,,,,,,,,,,,,,,,,,,,,,,,,,,,,,,,,,,,,,,,,,,,,,,,,,,,,,,,,,,,,,,,,,163,,,,,,,79,,,33,,125,,,,,,,,,,,,,,,,,,,,,,,,,,,,,,,,,,,,,,,,,,,,,,,,,,,,,,,,,,,,,,,,,,,,,,,,,,,,,,,,,,,,,,,,,,,,,,,,,,,,,,,,,,,,,,,,,,,,,,,,,,,,,,,,,,,,,,,,,,,,,,,,,,,,,,,,,,,,,,,,,,,,,,,,,,,,,,,,,,,,,,,,,,,,,,,,,,,,,,,,,,,,,,,,,,,,,,,,,,,,,,,,,,,,,,,,,,,,,,,,,,,,,,,,,,,,,,,,,,,,,,,,,,,,,,,,,,,,,,,,,,,,,,,,,,,,,,,,,,,,,,,,,,,,,,,,,,,,,,,,,,
2026-08-03T05:35:02+00:00,,271,,,619,,71,,304,363,,,297,,,108,,,,,,442,333,374,,,,,,,943,,55,,,,,,,145,144,,97,,,,,,,,,298,31,,,,46,10,,,175,,90,197,,,,,19,,,,279,,,,199,,,,,,,,,,17,,288,371,268,,597,,,,455,263,205,,,239,318,470,172,653,70,774,240,83,152,308,430,,,492,75,,,,,,,,,,,,,,,,,,,,,,,,,,,,,,,,,273,,,,,713,,458,,149,,505,,,,,,,,,,,,,277,388,1149,401,144,367,139,166,171,,,162,146,,265,15,,909,,,,,,,,,,,,,,,,,76,,,32,,123,,,,,,,,,,,,,,,282,,,,,,442,,,110,,,,,,,,,,126,,,,,,,,,,,,,,,,,465,195,,255,224,415,,,,,300,322,343,583,274,349,506,103,,220,419,89,,1129,,,,,,114,,,,,,,,,,,189,128,,37,,,,,,,,,,,,,,,,,,,,,,,,,,,,,,,,,,,,322,,27,,,121,,174,483,404,,,268,208,,184,,,,,164,277,,29,163,158,255,119,98,148,501,43,142,51,,,,,,,,,,,,,,,,,,,,,,,,,,,,,,,,706,,206,,696,,217,,,284,365,,,120,,,,,,,76,,,281,129,267,,154,,230,134,138,720,,182,627,100,152,,151,,97,,,,,,,,,,,,366,,179,,,,,,,,,,,,,,,,,,,,,,,,,,,,,,,,,,563,139,,457,,330,,,554,,380,,,325,,,,,,,467,,,,,,,,,,,546,,,,,,,
2026-08-03T05:40:01+00:00,170,266,,,616,70,,,303,362,,,296,,,106,,,,,,441,330,373,,,,,,48,,,,,225,,,,,,,,96,,,,,,,136,,296,,,,,44,,92,,176,24,88,192,,,,,18,111,,,280,,,,,352,226,286,,121,236,,,,,,,,,,,,,,,,,,,,,,,,,,,,,,,,,,,118,210,858,194,272,511,,,,,,,,,,,,,,480,,,,,,212,,,,,,,,,,,,,,,,,,,,,,,,,,,,,,,,,,,,,,,,,,,143,,267,15,129,908,,,,,,,,,,,,,,,,,,,,31,,120,,,,,,51,,,,,,,,,,,,,,,438,,15,,,,,,133,,,,,,,,,,,,,,,,,,,,,,460,189,188,251,219,413,,389,,,295,319,335,579,271,340,499,106,,,416,85,,1119,,,,,,115,,,,,,,,48,,,190,126,,,,,,,,,,,,,,,,,,,,,,,,,,,,,,,,,,,,,,318,,26,123,,,66,172,479,395,36,,264,206,,183,18,,,,,,,28,153,,250,111,96,147,484,,,,93,290,505,69,1133,321,,,186,217,,,,,,,,,,,,,,,,,,,,,,,,,,,,,,,,,,,,,,,,,,,,,,,,,,,,,,716,249,181,625,,151,,,,,,,,,,,,,,,,,,,,,,,,,,,,,,,,,,,,,,,,,,,,,,,,,,,,557,140,,452,76,325,271,98,,199,379,,,,,,,,,198,,331,,,,,,,558,,,544,,193,63,,,,
2026-08-03T05:45:01+00:00,168,261,,139,607,,,261,,361,,275,295,,,104,,,,,,439,310,,,,83,,,49,941,,52,,,,,,,142,141,,93,,,,,,,137,,297,,,,21,42,,87,,177,,87,190,,,,,,,,,281,,,143,198,,,,,,,,,,13,164,284,365,263,223,589,67,,214,443,260,,33,,227,314,469,,652,71,764,235,81,136,300,402,,19,488,71,,,,,,,,,,,,,,,,,,,,,,,,,,,,,,,,,271,,,366,,709,,448,,148,,464,,,,,,,,,,,,,,389,1134,399,142,356,138,165,169,242,350,160,142,,,15,,907,,,,,,,,241,,162,,,,,,,75,,,29,,119,,,,,,,,,,,,,,,280,,,,,,434,,13,108,,,,,130,,,,,,,,,,,,,,,,,,,,,,453,180,186,249,,,,383,66,,,315,331,573,269,332,486,102,,218,412,84,,1102,,,,350,,,,,,,,,,,,,188,127,,,,,,445,,,,,,,,330,,,,,,,,,,,,23,,,,,,,,,,,,316,129,25,,113,119,65,171,476,,35,,259,205,47,180,,,,82,160,,182,27,147,154,249,108,95,145,465,,,,,,,68,,,,,,,,,,,,,,,,,,,,,,,,,,,,702,,,,,,214,245,,283,364,,,118,128,,,,,,75,,,277,,261,,150,,220,130,134,714,247,,610,,147,,,,,,,,,,,,,,,,,,,,,,,,,,,,,,,,,,,,,,,,,,,,,,,,,,,,553,138,,449,,324,,97,,197,380,,,,,163,,92,,197,465,329,,,,,,,,,,,,192,,,,,
2026-08-03T05:50:02+00:00,166,258,,,599,69,,260,,360,,274,292,,,103,,,,,162,432,298,,,,,,,,935,,50,,224,,,,,141,,,,,,,,,,,,293,30,,,20,41,,82,,,,,186,,,,,,110,,,279,,,142,194,353,222,,179,118,235,,,,,,,,,,,,,,,,,,,,,,,,,,,,,,,,,,,114,,847,191,,513,56,,,,,,,,295,,,,,473,,,,,198,206,,,,,,,,,,,,,,,,,,,,,,,,,,,,,,,,,,,,,,,,,,,141,,269,15,125,,,,,,,,,239,,,,,,,,,77,,,28,,117,,,,,,52,,,,,,,,38,275,,,,,,423,,12,106,,,,,126,,,,,124,,,,,58,,,,,,,,,,,,443,173,184,247,,411,,380,,,285,313,325,560,265,317,470,95,,214,405,79,,1095,,,,348,,113,,,,,,,,,,,189,,61,36,,,,,,,,,,,,329,,,,,,,,,,,,18,,,,,,,,,,,,313,127,,,114,116,64,162,469,,,,243,201,42,176,17,,7,80,158,275,181,24,131,149,245,103,93,143,450,,141,,86,277,495,67,1126,315,1453,,181,210,,,,,,,,,,,,,,,,,,,,,,688,86,201,,,,202,243,,284,363,,,116,130,,,,,,72,,,271,124,248,,143,,208,127,132,709,245,179,603,,145,,143,,87,,,,,,,362,,,,,357,,173,,,,,,,,,,,,,,,,,,,,,,,,,,,,,,,,,,551,139,,446,75,321,306,,,195,376,319,,,,161,,,,196,466,328,,,,,,,,,,542,,191,,,,,
2026-08-03T05:55:01+00:00,165,256,,,,,,,302,359,,267,289,,,,,,,,,427,291,374,,,,,,,933,,48,,,,,,,142,142,,92,,,,,,,,,287,28,,,19,42,,84,,,,,184,,,,,,108,,,276,,,141,195,354,,,176,115,,,,,11,161,282,357,257,214,584,,296,212,433,255,202,29,,215,312,464,,649,,753,230,78,114,291,359,,,480,64,111,208,835,189,,,,,386,,,,,,293,,,,,471,,,,,,204,,,,,,,272,,,365,,703,,434,,145,,443,,,,,,,,,,,,,,385,1115,394,138,348,133,,168,,342,150,,,272,15,124,905,,,,,,,,238,,,,,,,,,76,,,27,,,,,,,,,,,,,,,,,278,,,,,,421,,,105,,,,,123,,,,,125,,,,,,,,,,,,,,,,206,434,165,,242,217,403,,378,67,,283,303,322,555,260,309,461,94,,211,398,76,,1073,,,,,,,,,,,,,,,,,187,128,62,33,,,,,,,,,,,,,,,,,,,,,,,,16,,,,,,,,,,,,308,,26,120,,115,,156,470,396,,,237,195,40,174,,,,,157,,,19,127,,239,94,87,,428,,,50,,,,,,,,,,,,,,,,,,,,,,,,,,,,,,,,,,,,,,,,,,,,,,,,,,,,,,,,,,,,,,,,703,244,175,590,101,141,,,,,,,,,,,,,,,,,,,,,,,,,,,,,,,,,,,,,,,,,,,,,,,,,,,,544,,145,444,76,317,,,552,192,374,318,,324,,160,,91,,194,,,,,,,,,557,,,537,,189,,,,,
2026-08-03T06:00:01+00:00,164,252,,138,594,66,,259,300,358,,259,285,,,102,,,,,160,425,283,372,,,,,,50,921,22,44,66,225,,,,,141,141,,,,28,,,,,,,282,,,,,40,,,,,25,83,180,,234,,,,,,,273,,,,197,,,,,,,,,,,,,,,,,,,,,,,,,,,,,,,,,,,,,,,,,,,,,,,,,,,,,,,,,,,,,,,,,,,,,,,,,,,,,,,,,,,,,,,,,,,,,,,,,,,,,,,,,,,,,140,,,15,125,904,,,,,,,,237,,164,,,,,,,,,,25,,,,,,,,,,,,,,,,,276,,,,,,413,,8,,,,,,119,,,,,,,,,,,,,,,,,,,,,,427,161,,,213,402,,373,,,279,295,321,552,256,306,451,92,,209,394,68,,1065,,,,349,,,,,,,,,,,,,184,,61,,,,,,,,,,,,,326,,,,,,,,,,,,,,,,,,,,,,,,,,24,119,112,114,63,144,471,391,,,231,194,41,169,16,,,,155,273,180,15,118,147,235,88,83,142,411,,,49,78,,489,66,1119,304,1452,127,177,205,,,,,,,,,,,,,,,,,,,,,,678,,199,,,,199,,,,,,,114,129,,,,,,71,,,268,123,238,,141,,205,126,129,696,243,172,583,,137,,,,,,,,,,,,,,,,,,,,,,,,,,,,,,,,,,,,,,,,,,,,,,,,,,,,542,138,,442,75,318,,99,550,,,317,,,,,94,,,193,,,,,,,,,556,,,536,,187,62,,,333,
2026-08-03T06:05:02+00:00,163,249,,,591,65,,258,299,359,,253,280,,,98,,,,,157,424,282,373,415,,84,,,49,919,,42,,,,,,,140,,,91,,30,,,,,,,,,,,16,42,,85,,176,24,,,,,,,19,,,,268,,,,194,352,217,282,168,109,233,,,,8,153,274,,245,215,578,68,293,,430,254,,25,,205,308,460,171,644,70,743,220,77,100,284,335,,,475,56,109,,824,186,,514,,,,,,,,,,,,,,460,,,,,,198,,,,,,,270,,,360,,695,,420,,144,,413,,,,,,,,,,,,,276,,1102,382,135,340,132,164,167,,339,144,,,273,15,123,905,,,,,,,,235,,165,,,,,,,,,,28,,115,,,,,,51,,,,,,,,37,273,,,,,,409,,5,104,,,,,112,,,,,,,,,,59,,,,,,,,,,,205,422,157,183,239,204,401,,371,65,12,274,291,314,545,249,296,445,93,,201,386,66,,1058,,,,347,,112,,,,,,,,,,,182,124,64,,,,,,,,,,,,,320,,,,,,,,,,,,,,,,,,,,,,,,298,,20,118,109,107,62,133,470,388,,,224,,33,168,,,,78,150,274,179,11,101,141,227,83,77,140,392,,139,48,74,274,471,,1108,297,,124,178,204,,,,,,,,,,,,,,,,,,,,,,664,,194,,,,191,241,477,282,358,,,111,,,,,,,70,,,259,,230,,137,,191,120,,690,,171,577,,138,,140,,74,,163,,,,,354,,,,,348,,172,,,,,,,,,,,,,,,,,,,,,,,,,,,,,,,,,,535,,143,441,,316,305,100,547,190,,315,,,,158,92,89,,191,465,,,,,,,,555,,,531,,,61,,,332,
2026-08-03T06:10:02+00:00,,245,,,586,66,,256,298,360,,250,276,,,97,,,,,154,,277,371,375,,,,,,916,,39,,226,,,,,135,139,,90,,,,,,,,,279,,,,18,41,,,,175,25,,178,,,82,,,,,,269,,,,192,,,,,,,,,,,,,,,,,,,,,,,,,,,,,,,,,,,,,,,,,,,,,,,,,,,,,,,,,,,,,,,,,,,,,,,,,,,,,,,,,,,,,,,,,,,,,,,,,,,,,,,,,,,,,138,,,15,119,907,,,,,,,,,,164,,,,,,,75,,,,,113,,,,,,,,,,,,,,,269,,,,,,398,,,102,,,,,107,,,,,123,,,,,,,,,,,,,,,,203,418,153,182,,201,396,,368,,,273,290,311,542,245,283,439,,,198,383,60,,1055,,,,,,,,,,,,,,47,,,181,,,32,,,,,,,,,309,,,319,,,,,,,,,,,,,,,,,,,,,,,,297,,19,,107,106,,127,469,,,,,191,34,169,,,5,,147,,,,97,139,226,81,69,138,384,,137,,72,271,465,67,1105,295,1451,,175,202,,,,,,,,,,,,,,,,,,,,,,657,,193,,694,,190,240,476,,,,,112,128,,,,,,69,,,252,,225,,126,,188,,127,683,242,170,565,,134,,,,,,,,,,,,,,,,,,,,,,,,,,,,,,,,,,,,,,,,,,,,,,,,,,,,530,,,439,,313,,,546,184,371,,,325,,157,,88,,190,463,327,,,,,,,,,,530,,,,,,330,
2026-08-03T06:15:01+00:00,160,244,,,587,64,,255,,359,,252,274,,,95,,,,,,,273,,374,,83,,,48,,,40,,227,,,,,132,138,,91,,28,,,,,,,282,,,,16,42,,84,,,,,175,,232,,48,,,,,,,,,194,354,215,279,167,106,230,,,,6,149,268,352,241,210,568,70,292,211,418,249,198,23,,190,300,449,,638,72,737,214,78,87,274,288,,18,470,51,106,207,806,183,270,513,55,,384,,,,,,,,,,,450,,,,,,194,,,,,,,264,,,358,,682,,411,,141,,388,,,,,,,,,,,,,274,383,1086,368,136,,127,163,165,239,338,136,137,,279,15,117,906,,,,,,,,,,163,,,,,,,72,,,,,111,,,,,,,,,,,,,,,270,,,,,,395,,,101,,,,,105,,,,,,,,,,,,,,,,,,,,,,416,148,180,233,196,394,,372,63,,266,285,307,539,242,274,431,91,,196,379,57,,1054,,,,348,,109,,,,,,,,,,,179,126,61,,,,,,,,,,311,,,317,,,,,,,,,,,,,,,,,,,,,,,,296,126,,115,104,104,,117,466,389,33,,219,190,32,168,,,,77,145,277,,,95,141,225,77,62,134,368,,138,46,71,265,456,,1097,291,,,174,200,,,,,,,,,,,,,,,,,,,,,,,,,,,,,,,,,,,,,,,,,,,,,,,,,,,,,126,679,243,166,562,,132,,,,,,,,,,,,,,,,,,,,,,,,,,,,,,,,,,,,,,,,,,,,,,,,,,,,526,137,,440,,310,304,,,,372,311,,324,,156,91,,,189,459,328,,,,,,,553,,,526,,185,60,,,,
2026-08-03T06:20:02+00:00,158,242,,,584,,,254,,356,,254,,,,96,,,,,153,423,270,370,375,,,,,47,912,24,39,67,,,,,,133,135,,,,,,,,,,,280,27,,,,40,8,83,,,26,,172,,,,47,,109,,,266,,,,196,355,211,278,164,108,,,,,7,143,264,345,231,201,560,69,290,208,411,248,195,21,119,181,289,438,,630,,730,208,76,73,268,270,,19,468,47,,,,,,,,,,,,,,,,,,,,,,,,,,,,,,,,,,,,,,,,,,,,,,,,,,,,,,,,,,,,,,,,,,,,,135,,282,15,115,903,,,,,,,,,,162,,,,,,,71,,,,,110,,,,,,,,,,,,,,,265,,,,,,389,,4,99,,,,,102,,,,,,,,,,58,,,,,,,,,,,,411,146,,230,,392,,371,62,,264,273,299,529,,266,423,88,,194,373,,,,,,,349,,,,,,,,,,,,,,124,,,,,,,,,,,313,,,312,,,,,,,,,,,,15,,,,,,,,,,,,293,123,,116,103,103,60,115,462,391,,,215,184,35,166,15,,,,144,276,178,,94,139,224,74,69,133,360,,137,47,,,,66,,,,,,,,,,,,,,,,,,,,,,,,,,,,649,,189,,692,,185,239,471,,356,,,,,,,,,,67,,,247,118,220,,114,,186,119,,677,240,168,553,102,131,,130,,61,,159,,,,,345,,,,,336,,168,,,,,,,,,,,,,,,,,,,,,,,,,,,,,,,,,,520,,,438,74,308,,98,545,,369,310,,,,155,90,,,188,458,327,,,,,,,550,,,525,,,,,,,
2026-08-03T06:25:01+00:00,154,240,,,583,63,,,297,355,,253,269,,,95,,,,,,419,266,369,,,,,,48,905,,36,,,,,,7,132,138,,89,,,,,,,,,278,26,108,,17,38,9,85,,172,,85,171,,,81,,,110,,,,,,,195,,,,,,,,,,,,,,,,,,,,,,,,,,,,,,,,,,,,,,,,,105,204,788,182,271,,,,,,,,,,291,,,,,442,,,,,197,192,,,,,,,258,,,356,,681,,392,,,,361,,,,,,,,,,,,,270,381,1075,366,135,335,123,162,162,,337,129,129,,280,15,110,901,,,,,,,,234,,161,,,,,,,72,,,29,,,,,,,,,,,,,,,,36,262,,,,,,391,,,97,129,,,,100,,,,,,,,,,59,,,,,67,,,,,,,402,139,179,228,193,388,,369,,11,263,262,295,524,234,263,417,87,,191,371,58,,1051,,,,,,,,,,,,,,,,,183,,58,31,,,,,,,,,314,,,305,,,,,,,,,,,,16,,,,,,,,,,,,290,121,,,104,101,,107,453,,,,209,177,34,163,,,,73,139,274,177,13,89,131,219,72,68,134,347,,,45,,264,453,,1091,268,,,173,196,,,,,,,,,,,,,,,,,,,,,,,,,,,,,,,,,,,,,,,,,,,,,,,,,,,,,124,668,238,,536,,126,,,,,,,,,,,,,,,,,,,,,,,,,,,,,,,,,,,,,,,,,,,,,,,,,,,,517,136,,437,71,303,303,,544,186,367,307,,,,,91,,,186,,326,,,,,,,546,,,522,,181,59,,,,
2026-08-03T06:30:01+00:00,152,237,57,,580,65,,250,296,356,,254,268,,,,,,,,,415,263,,374,,,,,,902,23,37,,,,,,,,139,,87,,,,,,,,,,,,,18,37,,,,,,83,168,,233,79,46,,,,,262,,,,,352,,274,162,106,228,,,,3,141,263,342,227,200,558,67,288,,400,247,192,,,174,288,,,627,73,726,202,75,71,266,242,,,467,46,,,,,,,,,,,,,,,,,,,,,,,,,,,,,,,,,,,,,,,,,,,,,,,,,,,,,,,,,,,,,,,,,,,,,127,,283,15,107,899,,,,,,,,,,160,,,,,,,70,,,,,107,,,,,,,,,,,,,,35,253,,,,,,381,,6,96,128,,,,98,,,,,120,,,,,,,,,,,,,,,,,398,133,176,227,192,386,,367,61,,255,258,290,518,232,260,409,81,,194,366,55,,1049,,,,350,,111,,,,,,,,,,,184,125,56,33,,,,,,,,,,,,296,,,,,,,,,,,,,,,,,,,,,,,,287,120,,115,103,99,,106,,390,,,207,175,36,161,,,,72,136,271,,9,87,129,216,70,64,133,334,,136,43,62,260,443,65,1081,262,1448,,,191,,,,,,,,,,,,,,,,,,,,,,646,,187,,690,,183,,467,281,,,,113,127,,,,,,65,,,246,115,215,,112,,183,115,119,658,236,167,527,,122,,,,,,,,,,,,,,,,,,,,,,,,,,,,,,,,,,,,,,,,,,,,,,,,,,,,511,137,,,70,,,99,542,183,364,306,,,,,,86,,185,456,,,,,,,,544,,,519,,,,,,,
2026-08-03T06:35:01+00:00,149,236,,,579,63,,247,295,353,,250,267,,,94,,,,,,412,254,,375,,,,,46,896,,36,,230,,,,,129,138,,86,,,,,,,138,,274,25,,,,36,,83,,171,,78,167,,,,45,18,111,,,260,,,137,,,,,,,,,,,,136,258,336,216,193,551,,,207,389,238,189,20,,163,284,432,170,618,,720,187,76,64,254,229,,,465,43,108,203,773,,270,,,,383,,,,,,289,,,,,433,,,,,196,,,,,,,,,,,355,,676,,375,,139,,336,,,,,,,,,,,,,,382,1056,365,133,331,,,160,236,329,119,124,,279,15,105,,,,,,,,,,,,,,,,,,,,,28,,,,,,,,,,,,,,,,,248,,,,,,380,,4,93,,,,,,,,,,119,,,,,,,,,,,,,,,,,387,,173,224,191,381,,366,59,,252,247,284,509,226,254,403,,,190,364,48,,1044,,,,348,,110,,,,,,,,46,,,,,57,31,,,,,,,,,311,,,290,,,,,,,,,,,,,,,,,,,,,,,,280,119,,,102,,,101,452,389,,,,170,,157,,,,70,130,,,6,84,128,,69,65,134,328,,,,,,,,,,,,,,,,,,,,,,,,,,,,,,,,,,,640,87,184,,689,,180,237,462,280,352,,,112,,,,,,,66,,,,113,207,148,111,,176,,,648,233,164,519,,,,,,,,,,,,,,,,,,,,,,,,,,,,,,,,,,,,,,,,,,,,,,,,,,,,,,497,,,436,,298,302,100,536,181,365,305,,325,,153,90,,,,,324,,,,,,,,,,512,,180,,,,326,
2026-08-03T06:40:01+00:00,145,,,,575,64,,243,293,352,,247,265,,,,,,,,151,411,246,370,376,,,,,45,895,,33,,231,,,,,128,136,,84,,,,,,,,,275,23,,,22,,8,,,170,25,,162,,,80,44,,112,,,259,,,,198,354,206,271,161,103,227,,194,,,,,,,,,,,,,,,,,,,,,,,,,,,,,,,,,,,,,,,,,,,,,,,,,,,,,,,,,,,,,,,,,,,,,,,,,,,,,,,,,,,,,,,,,,,,,,,,,,,,,121,,278,15,102,895,,,,,,,,233,,,,,,,,,,,,27,,,,,,,,50,,,,,,,,,241,,,,,,373,,,91,,,,,94,,,,,118,,,,,,,,,,,,,,,,202,384,132,172,221,186,378,,365,60,,247,239,281,507,225,244,399,80,,185,,44,,1039,,,,349,,111,,,,,,,,45,,,182,124,55,,,,,443,,,,,308,,,285,,,,,,,,,,,,,,,,,,,,,,,,275,117,,113,99,98,59,91,446,386,,,205,165,34,153,,,,68,128,269,175,5,83,,,68,,131,321,,135,,55,256,430,,1065,259,,,165,184,,,,,,,,,,,,,,,,,,,,,,637,,183,,686,,179,238,458,,349,,,110,126,,,,,,,,,245,112,204,,106,,173,114,114,645,,163,521,,,,125,,54,,,,,,,342,,,,,335,,162,,,,,,,,,,,,,,,,,,,,,,,,,,,,,,,,,,492,136,144,435,,295,,99,533,177,363,304,,,,151,91,85,,184,457,323,,,,,,,540,,,,,,58,,,,
2026-08-03T06:45:02+00:00,,235,,,571,65,,242,,350,,246,261,,,92,,,,,,409,237,373,373,,,,,,894,22,27,,232,,,,,129,,,,,24,,,,,140,,,,,,,37,,84,,169,,,160,,,,,,113,,,258,,,136,197,,,,,,,,,,,134,252,332,211,190,542,68,,,382,237,,19,120,160,282,,,,,715,183,77,59,250,217,,,464,38,106,201,759,180,268,510,,,382,,,,,,286,,,,,426,,,,,195,193,,,,,,,256,,,,,677,,364,,136,,314,,,,,,,,,,,,,,380,1042,350,132,327,118,,158,234,328,113,113,,276,15,97,889,,,,,,,,,,,,,,,,,67,,,,,108,,,,,,49,,,,,,,,,239,,,,,,371,,,,,,,,90,,,,,115,,,,,,,,,,,,,,,,201,371,124,171,216,184,371,,362,58,,240,237,279,504,223,,390,78,,182,359,49,,1038,,,,348,,110,,,,,,,,,,,183,123,52,30,,,,442,,,,,,,,283,,,,,,,,,,,,,,,,,,,,,,,,277,115,17,114,98,97,,86,443,380,,,,161,35,150,14,,,,126,,174,,82,125,210,66,,130,319,,,42,5,255,422,,1067,250,1445,,164,177,,,,,,,,,,,,,,,,,,,,,,632,,181,,,,175,,455,279,351,,,,127,,,,,,,,,240,110,199,,98,,172,113,107,639,228,160,511,,118,,,,,,,,,,,,,,,,,,,,,,,,,,,,,,,,,,,,,,,,,,,,,,,,,,,,483,135,,434,,296,300,,,170,361,,,321,,150,88,83,,,454,322,,,,,,,537,,,,,178,56,,,325,
2026-08-03T06:50:01+00:00,140,233,,,564,,,241,,347,,243,260,,,90,,,,,150,,230,372,,,82,,,,903,21,26,,,,,,,,,,82,,,,,,,,,274,,107,,21,35,,83,,,,,157,,232,79,,19,114,,,,,,137,194,352,201,263,155,101,224,,,,350,129,249,327,208,189,535,66,284,206,378,,185,,,148,278,429,169,613,74,711,175,78,56,251,186,,,463,,102,203,747,,270,512,,,381,,,,,,283,,,,,421,,,,,193,,,,,,,,253,,,354,,675,,359,,133,,296,,,,,,,,,,,,,,,,,,,,,,,,,112,,275,15,95,884,,,,,,,,,,159,,,,,,,70,,,26,,106,,,,,,47,,,,,,,,,233,,,,,,355,,2,88,126,,,,82,,,,,114,,,,,60,,,,,,,,,,,200,369,122,168,217,180,367,,359,59,10,237,234,,499,,,384,77,,180,350,43,,1037,,,,347,,108,,,,,,,,46,,,185,,51,,,,,,,,,,307,,,278,,,,,,,,,,,,,,,,,,,,,,,,276,,16,,96,96,,81,440,376,,,206,166,,,,,,,124,268,,,,123,,65,59,126,315,44,,,,,,,,,,,,,,,,,,,,,,,,,,,,,,,,,,630,,178,,685,,174,237,452,278,347,,,109,125,,,,,,,,,236,112,194,147,96,,171,117,103,633,202,161,505,,116,,,,,,,,,,,,,,,,,,,,,,,,,,,,,,,,,,,,,,,,,,,,,,,,,,,,476,,143,432,,292,,,532,169,358,303,,,,149,,,,181,,320,,,,,,,531,,,508,,176,,,,,
2026-08-03T06:55:02+00:00,141,231,,,557,,,239,290,348,,237,,,,91,,,,,147,407,222,,,,,,,,902,23,,,231,,,,,128,137,,83,,21,,,,,,,,22,108,,,33,,85,,168,24,81,156,,231,78,,,,,,247,,,136,192,,,,,,,,,,343,127,239,314,201,181,524,63,279,205,372,240,178,17,119,144,272,420,,605,73,700,184,82,48,244,170,,,464,33,,,,,,,,,,,,,,,,,,,,,,,,,,,,,,,,,,,,,,,,,,,,,,,,,,,,,,,,,,383,1031,336,130,320,114,159,,237,320,107,111,,273,15,94,878,,,,,,,,,,155,,,,,,,72,,,,,,,,,,,,,,,,,,,,224,,,,,,339,,3,90,125,,,,68,,,,,112,,,,,59,,,,,,,,,,,199,360,109,167,208,177,362,,361,58,,235,221,276,483,219,236,378,,,175,344,42,,1033,,,,346,,,,,,,,,,,,,183,124,,,,,,443,,,,,304,,,275,,,,,,,,,,,,13,,,,,,,,,,,,270,114,15,112,98,106,60,67,432,372,,,205,,36,153,13,,6,66,121,265,173,4,80,118,204,,54,,313,,134,39,3,252,419,66,,246,1443,122,163,175,,,,,,,,,,,,,,,,,,,,,,626,,176,,681,,173,236,447,275,345,,,108,,,,,,,68,,,,111,183,146,88,,166,116,98,621,203,163,490,101,114,,119,,46,,,,,,,332,,,,,328,,156,,,,,,,,,,,,,,,,,,,,,,,,,,,,,,,,,,467,134,142,,,287,,100,529,165,357,301,,320,,,,,,,,321,,,,,,,527,,,506,,173,,,,,
2026-08-03T07:00:02+00:00,143,229,,,549,63,,237,289,347,,239,253,,,,,,,,145,,219,,372,,83,,,,899,24,,,,,,,,125,136,,,,20,,,,,,,273,21,,,19,34,,86,,169,,80,150,,,,43,,,,,,,,,190,349,195,253,149,94,218,,,,,,,,,,,,,,,,,,,,,,,,,,,,,,,,,,,,202,732,177,271,506,56,,,,,,,,279,,,,,413,,,,,189,192,,,,,,,247,,,358,,670,,340,,129,,281,,,,,,,,,,,,,,,,,,,,,,,,,115,,,15,,869,,,,,,,,,,153,,,,,,,69,,,25,,103,,,,,,,,,,,,,,,222,,,,,,330,,4,89,,,,,67,,,,,,,,,,,,,,,,,,,,,,356,107,166,204,173,359,,359,57,,233,215,271,473,217,234,376,78,,172,329,43,,1029,,,,,,109,,,,,,,,45,,,,123,,,,,,,,,,,299,,,269,,,,,,,,,,,,15,,,,,,,,,,,,,112,,110,,,,,,371,,,204,167,35,152,,,,67,119,266,172,3,,115,200,64,53,,310,,135,38,0,247,407,67,1059,248,1442,124,162,165,,,,,,,,,,,,,,,,,,,,,,623,,172,,,,171,230,444,,,,,107,,,,,,,,,,230,108,178,,81,,157,111,99,610,202,157,479,,110,,,,,,,,,,,,,,,,,,,,,,,,,,,,,,,,,,,,,,,,,,,,,,,,,,,,464,,,431,69,285,,,525,,,,,319,,,87,,,177,451,322,,,,,,,523,,,499,,172,,,,,
2026-08-03T07:05:02+00:00,144,228,,137,545,59,,238,288,343,,238,251,,,,,,,,142,408,216,373,370,,,,,44,894,,27,66,,,253,,,122,,,,,19,,,,,,,272,20,,,20,,3,81,,168,23,79,148,,,77,,,113,,,246,,,138,187,,,,,,,,,,340,121,237,312,196,178,520,,275,204,369,239,177,16,118,140,,416,,598,,691,178,85,45,243,169,,,463,28,,,,,,,,,,,,,,,,,,,,,,,,,,,,,,,,,,,,,,,,,,,,,,,,,,,,,,,,,269,,1016,298,129,317,112,157,,230,,96,114,,276,15,87,866,,,,,,,,,,150,,,,,,,71,,,24,,101,,,,,,,,,,,,,,34,213,,,,,,324,,5,,124,,,,64,,,,,111,,,,,,,,,,,,,,,,197,347,106,163,199,169,352,,363,52,,231,205,270,468,215,233,,,,,325,42,,1027,,,,347,,110,,,,,,,,,,,181,,49,29,,,,,,,,,300,,,263,,,,,,,,,,,,,,,,,,,,,,,,266,111,,,95,105,59,66,424,364,,,202,165,38,151,,,5,66,117,262,171,2,77,111,193,63,50,128,306,,136,37,43,246,395,,1055,250,,122,,162,,,,,,,,,,,,,,,,,,,,,,,,,,,,,,,,,,,,,,,,,,,,,,,,,,,,,92,600,201,150,471,,108,,,,,,,,,,,,,,,,,,,,,,,,,,,,,,,,,,,,,,,,,,,,,,,,,,,,459,,,428,67,282,,,524,164,350,300,,318,,,86,81,,176,,321,,,,,,,520,,,495,,,,,,,
2026-08-03T07:10:02+00:00,146,226,,,543,58,,235,285,,,240,250,,,92,,,,,140,404,214,372,369,,,,,,891,,24,65,234,,,,,118,,,85,,,,,,,,,269,17,109,,19,33,2,85,,,22,81,146,,,,,,115,,,241,,,,,343,192,243,142,95,214,,193,,,,,,,,,,,,,,,,,,,,,,,,,,,,,,,,,97,200,718,171,268,503,55,,383,,,,,,276,,,,,403,,,,,,186,,,,,,,248,,,356,,663,,334,,125,,260,,,,,,,,,,,,,,,,,,,,,,,,,110,,275,15,84,861,,,,,,,,231,,149,,,,,,,70,,,25,,98,,,,,,,,,,,,,,33,198,,,,,,,,7,90,,,,,55,,,,,109,,,,,,,,,,66,,,,,,,344,102,,195,167,348,,364,48,,227,203,265,466,214,228,373,77,,171,328,,,1026,,,,,,108,,,,,,,,46,,,,,45,,,,,441,,,,,296,,,265,,,,,,,,,,,,,,,,,,,,,,,,267,109,14,,90,,58,64,417,362,34,,204,160,36,149,,,,65,,259,170,0,,112,186,,54,126,304,,,36,40,245,390,63,1048,,,,158,152,,,,,,,,,,,,,,,,,,,,,,612,86,170,,679,,165,225,437,274,,,,106,127,,,,,,67,,,227,105,173,,77,,145,113,89,591,198,149,469,102,104,,110,,45,,157,,,,,322,,,,,312,,155,,,,,,,,,,,,,,,,,,,,,,,,,,,,,,,,,,453,133,,425,,279,299,,,165,348,296,,,,,87,,,,449,,,,,,,,517,,,493,,170,57,,,318,
2026-08-03T07:15:02+00:00,145,225,,,535,59,,,281,,,,246,,,93,,,,,137,402,210,,366,,84,,,,884,,22,,,,252,,,116,,,,,20,,,,,,,270,16,108,,,36,,81,,167,,79,144,,232,,42,,,,,,,,137,188,,,,,,,,,,339,112,226,303,186,171,512,61,268,203,358,237,163,14,117,129,268,406,168,589,,682,167,,44,237,133,,,462,23,,,,,,,,,,,,,,,,,,,,,,,,,,,,,,,,,,,,,,,,,,,,,,,,,,,,,,,,,,,1011,297,,,118,,,228,317,92,105,,276,17,85,846,,,,,,,,,,147,,,,,,,69,,,22,,,,,,,,,,,,,,,,31,192,,,,,,322,,8,,,,,,43,,,,,,,,,,,,,,,,,,,,,,335,,164,194,162,343,,367,,,,192,264,463,212,226,370,,,169,320,37,,1028,,,,345,,,,,,,,,,,,,182,124,,28,,,,439,,,,,290,,,,,,,,,,,,,,,14,,,,,,,,,,,,270,108,,109,88,,59,,414,360,,,205,,37,151,,,,,115,256,,1,76,110,,62,50,125,302,,,,,,,,,,,,,,,,,,,,,,,,,,,,,,,,,,,607,83,169,,,,163,223,436,272,343,,,,,,,,,,68,,,226,,168,144,73,,143,112,,574,199,144,457,103,98,,,,,,,,,,,,,,,,,,,,,,,,,,,,,,,,,,,,,,,,,,,,,,,,,,,,451,135,141,426,,280,,,,164,342,295,,,,148,86,80,,173,445,323,,,,,,,516,,,487,,168,56,,,316,
2026-08-03T07:20:01+00:00,144,221,,,529,,,230,275,342,,239,242,,,,,,,,,401,205,371,363,,85,,,43,878,23,17,63,235,,,,6,114,,,,,19,,,,,,,,14,,,,37,,77,,166,,80,142,86,,,,,,,,239,,,136,186,336,178,234,140,93,210,,194,,338,96,217,293,176,160,500,58,264,201,335,235,158,13,116,114,266,390,,585,72,674,146,86,37,225,109,,,460,20,99,198,707,167,,504,,,382,,,,,,275,,,,,395,,,,,186,181,,,,,,,244,,,354,,655,,328,,124,,245,,,,,,,,,,,,,,,,,,,,,,,,,98,,272,16,82,840,,,,,,,,,,146,,,,,,,70,,,,,97,,,,,,,,,,,,,,,184,,,,,,,,9,91,,,,,,,,,,,,,,,58,,,,,,,,,,,196,336,98,,190,156,,,363,,,226,196,261,457,,223,369,78,,168,318,36,,1027,,,,344,,,,,,,,,,,,,,123,46,,,,,,,,,,286,,,266,,,,,,,,,,,,15,,,,,,,,,,,,269,106,,,,,,59,411,355,,,204,159,,150,,,,64,110,252,,2,75,103,184,,43,123,,43,137,34,39,243,376,62,1032,,1437,124,159,145,,,,,,,,,,,,,,,,,,,,,,604,,167,,,,161,222,430,,341,,,101,,,,,,,67,,,222,103,163,145,64,,140,,87,561,195,139,454,100,94,,,,,,,,,,,,,,,,,,,,,,,,,,,,,,,,,,,,,,,,,,,,,,,,,,,,447,132,139,424,66,274,297,,,159,336,,,319,,,84,79,,171,,320,,,,,,,513,,,483,,167,55,,,,
2026-08-03T07:25:02+00:00,142,220,,,523,,,229,273,341,,,238,,,,,,,,135,397,203,369,364,,,,,,879,,,,237,,250,,,,135,,,,20,,,,,,,271,13,109,,17,36,,72,,167,,77,139,,,,40,,116,,,,,,,185,335,175,230,133,91,209,,,,337,91,214,282,171,,493,,262,,329,,157,,,108,,384,,575,,663,138,85,31,223,103,,18,458,17,,,,,,,,,,,,,,,,,,,,,,,,,,,,,,,,,,,,,,,,,,,,,,,,,,,,,,,,,268,385,1003,300,130,313,114,,159,227,314,87,99,,273,16,78,829,,,,,,,,,,145,,,,,,,69,,,,,96,,,,,,,,,,,,,,,181,,,,,,,,,90,,,,,,,,,,108,,,,,57,,,,,,,,,,,197,334,93,162,184,155,335,,,47,8,227,188,258,442,,220,366,,,166,314,34,,,,,,,,,,,,,,,,,,,186,122,45,27,,,,440,,,,,283,,,268,,,,,,,,,,,,16,,,,,,,,,,,,266,104,13,106,85,,60,52,410,350,,,,158,,148,,,,,,250,169,,,106,183,,35,122,299,,,,,,,,,,,,,,,,,,,,,,,,,,,,,,,,,,,601,81,166,,680,,159,224,420,,,,,98,126,,,,,,66,,,,,153,143,59,,139,,82,550,192,138,439,98,92,,94,,37,,155,,,,,315,,,,,301,,156,,,,,,,,,,,,,,,,,,,,,,,,,,,,,,,,,,439,,,,65,271,294,99,,160,334,,,,,,,78,,,441,,,,,,,,510,,,481,,166,,,,314,
2026-08-03T07:30:01+00:00,140,215,,,517,58,,227,271,338,,232,234,,,,,,,,,394,200,368,361,,,,,42,,,19,,236,,243,,,113,,,,,,,,,,,,270,,,,16,,,64,,,,,137,,231,76,41,,,,,,,,134,,,,,,,,,,,,,,,,,,,,,,,,,,,,,,,,,,,,,,,,,,100,,690,165,266,501,,,,,,,,,273,,,,,390,,,,,183,179,,,,,,,231,,,,,645,,318,,123,,229,,,,,,,,,,,,,,,,,,,,,,,,,94,,267,16,75,826,,,,,,,,,,143,,,,,,,,,,,,95,,,,,,42,,,,,,,,30,171,,,,,,321,,10,,,,,,40,,,,,109,,,,,,,,,,,,,,,,,,91,160,185,151,337,,366,46,,224,184,259,436,,,368,,,164,313,35,,,,,,347,,,,,,,,,,,,,188,124,43,,,,,,,,,,280,,,270,,,,,,,,,,,,15,,,,,,,,,,,,259,,,,83,106,,48,408,345,,41,201,,,146,12,,6,,106,243,165,0,74,103,176,63,32,124,296,,136,30,34,239,355,63,1014,246,1429,121,158,135,,,,,,,,,,,,,,,,,,,,,,596,,165,,,,,,,,,,,95,124,,,,,,62,,,221,102,,141,54,,132,,79,543,188,137,429,97,82,,,,,,,,,,,,,,,,,,,,,,,,,,,,,,,,,,,,,,,,,,,,,,,,,,,,437,130,,420,66,268,292,98,522,159,330,294,,318,,,82,77,,168,442,319,,,,,,,,,,479,,163,56,,,310,
2026-08-03T07:35:01+00:00,137,211,,,514,55,,224,265,,,230,233,,,,,,,,133,396,195,365,360,,,,,,881,,,62,,,,,,115,137,,,,19,,,,,138,,269,,110,,13,39,,62,,,,,136,,232,,,,,,,238,,,133,188,332,167,216,124,92,208,,,,338,86,209,275,161,158,491,,261,,324,,154,,,96,264,376,,571,,660,133,,28,222,101,,17,,18,,,,,,,,,,,,,,,,,,,,,,,,,,,,,,,,,,,,,,,,,,,,,,,,,,,,,,,,,267,387,988,296,129,310,112,,157,220,311,83,89,,269,16,78,815,,,,,,,,230,,146,,,,,,,71,,,,,94,,,,,,39,,,,,,,,27,157,,,,,,313,,,91,123,,,,34,,,,,107,,,,,,,,,,,,,,,,,322,92,,182,146,331,,362,43,,218,176,255,425,210,222,363,,,160,,,,1024,,,,348,,,,,,,,,,,,,184,123,,25,,,,438,,,,,278,,,269,,,,,,,,,,,,,,,,,,,,,,,,,102,12,,80,108,59,46,405,336,,,198,157,36,148,,,,,105,239,164,,,102,175,61,29,125,293,,135,29,,,,,,,,,,,,,,,,,,,,,,,,,,,,,,,,590,,159,,678,,158,221,404,270,,,,92,122,,,,,,60,,,216,99,150,139,47,,133,,73,530,180,135,415,,77,,,,,,,,,,,,,,,,,,,,,,,,,,,,,,,,,,,,,,,,,,,,,,,,,,,,436,129,138,411,,266,288,,,158,328,,,317,,,80,,,167,,318,,,,,,,508,,,474,,162,55,,,304,
2026-08-03T07:40:01+00:00,135,210,,,510,49,,215,264,337,,,230,,,,,,,,132,392,189,366,358,,,,,40,879,,18,63,238,,239,,,114,,,,,,,,,,,,271,12,,,14,38,,55,,,,75,135,,,,40,,,,,237,,,,189,,,,,,,,,,,,,,,,,,,,,,,,,,,,,,,,,,,,,,,,,102,193,678,163,261,499,,,381,,,,,,265,,,,,388,,,,,179,177,,,,,,,224,,,351,,635,,308,,122,,213,,,,,,,,,,,,,,,,,,,,,,,,,88,,263,16,74,799,,,,,,,,229,,148,,,,,,,72,,,,,,,,,,,37,,,,,,,,26,147,,,,,,312,,9,90,122,,,,28,,,,,109,,,,,56,,,,,,,,,,,198,314,91,161,180,145,329,,364,41,7,214,170,252,417,209,,359,76,,,312,,,1023,,,,,,,,,,,,,,45,,,185,124,40,,,,,439,,,,,273,,,266,,,,,,,,,,,,16,,,,,,,,,,,,256,104,10,105,75,,,45,401,333,,,195,154,34,146,,,7,63,104,236,161,2,,97,167,60,24,124,292,,,,36,238,352,,1010,241,1431,120,157,127,,,,,,,,,,,,,,,,,,,,,,,,,,,,,,,,,,,,,,,,,,,,,,,,,,,,,72,516,174,131,408,,76,,91,,33,,,,,,,298,,,,,287,,,,,,,,,,,,,,,,,,,,,,,,,,,,,,,,,,,,433,,,410,65,263,286,,519,159,330,,,316,,,78,,,164,,317,,,,,,,506,,,469,,159,56,,,,
2026-08-03T07:45:01+00:00,133,206,58,,,48,,211,260,335,,,224,,,92,,,,,129,,185,,353,,87,,,41,872,,17,62,237,,235,,7,113,139,,88,,18,,,,,135,,272,9,,,17,,,48,,165,,74,136,,,,41,21,115,,,235,,,131,,330,146,210,128,89,203,,193,,339,84,197,260,148,152,481,56,262,,301,229,150,11,,85,263,363,167,569,69,659,127,84,22,214,92,23,18,456,14,,,,,,,,,,,,,,,,,,,,,,,,,,,,,,,,,,,,,,,,,,,,,,,,,,,,,,,,,268,391,979,294,126,308,106,155,153,217,305,79,,,257,16,68,781,,,,,,,,,,,,,,,,,74,,,,,95,,,,,,35,,,,,,,,,140,,,,,,306,,7,,121,,,,26,,,,,105,,,,,55,,,,,,,,,,,,303,89,160,179,141,319,,356,39,,205,158,246,401,207,214,355,75,,157,306,32,,,,,,346,,,,,,,,,,,,,183,126,,24,,,,437,,,,,268,,,260,,,,,,,,,,,,15,,,,,,,,,,,,255,,9,,,109,60,40,400,332,,,194,151,35,145,,,,64,115,226,160,3,,94,,,22,121,290,,134,,35,236,351,64,997,236,1426,114,154,116,,,,,,,,,,,,,,,,,,,,,,583,,152,,,,,216,395,269,340,,,91,118,,,,,,58,,,213,101,149,137,44,,132,,73,491,173,122,393,99,68,,,,,,,,,,,,,,,,,,,,,,,,,,,,,,,,,,,,,,,,,,,,,,,,,,,,,,,403,,258,284,96,516,154,324,293,,,,146,79,75,,163,440,316,,,,,,,504,126,,465,,162,,,,299,
2026-08-03T07:50:01+00:00,131,205,,,503,44,,199,257,330,,224,220,,,91,,,,,128,388,184,361,349,,86,,,43,862,,15,61,242,,229,,,112,138,,89,,,,,,,136,,,8,,,19,,,39,,164,,72,132,,231,75,40,,,,,230,,,,190,,144,211,123,90,,,,,,85,192,250,144,151,474,57,259,,294,226,144,8,,73,262,353,168,563,68,646,123,83,19,207,82,22,,455,,101,187,665,161,257,497,54,,380,,,,,,260,,,,,386,,,,,176,173,,,,,,,219,,,344,,613,,295,,120,,202,,,,,,,,,,,,,,,,,,,,,,,,,82,,255,16,63,763,,,,,,,,,,146,,,,,,,,,,25,,,,,,,,33,,,,,,,,22,127,,,,,,312,,10,,,,,,14,,,,,103,,,,,,,,,,65,,,,,,195,298,90,157,178,142,317,,351,37,,201,144,242,398,209,211,352,74,,156,,,,1021,,,,347,,109,,,,,,,,43,,,,127,38,21,,,,436,,,,,260,,,,,,,,,,,,,,,16,,,,,,,,,,,,,101,10,,74,,59,37,394,330,,42,,150,36,,,,,,116,219,156,1,,90,161,,23,,289,,135,28,32,234,340,62,968,211,1425,108,149,107,,,,,,,,,,,,,,,,,,,,,,576,,149,,680,,159,218,391,268,337,,,86,117,,,,,,56,,,,,136,135,33,,131,109,69,478,172,,378,98,67,,,,,,,,,,,,,,,,,,,,,,,,,,,,,,,,,,,,,,,,,,,,,,,,,,,,,,,398,62,255,280,95,,148,,292,,,,,78,73,,161,439,318,,,,,,,499,,,453,,161,54,,,,
2026-08-03T07:55:02+00:00,132,204,59,,493,43,,190,250,329,,216,218,,,90,,,,,125,384,182,358,343,,87,,,42,852,,14,60,241,,222,,,111,137,,,,,,,,,,,273,6,,,18,,,40,,,23,65,131,85,,74,,,,,,,,,,188,,,,,,,,,,337,78,178,243,141,152,463,,258,202,273,,128,9,,70,259,338,,555,66,630,166,85,18,197,65,,,450,12,,,,,,,,,,,,,,,258,,,,,,,,,,173,172,,,,,,,212,,,342,,607,,297,,115,,196,,,,,,,,,,,,,266,390,978,283,,303,103,154,154,215,300,72,75,,245,16,54,750,,,,,,,,228,,145,,,,,,,70,,,23,,92,,,,,,32,,,,,,,,21,120,,,,,,306,,,89,,,,,13,,,,,101,,,,,56,,,,,,,,,,,194,284,87,156,176,137,306,,338,35,,190,140,239,390,208,204,346,75,,146,297,29,,1018,,,,346,,108,,,,,,,,,,,185,124,35,19,,,,439,,,,,259,,,257,,,,,,,,,,,,15,,,,,,,,,,,,,98,,102,67,,57,42,386,315,33,,190,143,37,141,,,,67,115,206,146,0,73,,150,61,19,117,290,40,136,27,31,228,334,61,963,201,1424,,146,95,,,,,,,,,,,,,,,,,,,,,,560,79,139,,678,,156,215,375,267,,,,81,118,,,,,,55,,,205,98,133,133,18,,124,107,67,457,163,112,381,97,62,,,,,,,,,,,,,,,,,,,,,,,,,,,,,,,,,,,,,,,,,,,,,,,,,,,,431,131,,,63,250,278,,514,146,319,291,,315,,144,77,71,,159,440,317,,,,,,,497,,,450,,159,52,,,281,
2026-08-03T08:00:01+00:00,128,202,,,489,,,181,241,328,,210,214,,,,,,,,123,,,357,335,,88,,,,847,,10,,242,,221,,,110,,,93,,19,,,,,,,272,,,,22,36,,30,,165,24,,132,,233,75,39,,,,,223,,,,187,329,122,196,119,92,192,,,,,74,172,241,135,154,457,,,,257,,119,,,66,255,337,,553,65,618,163,86,16,192,63,,,451,8,,180,643,159,255,493,55,,381,,,,,,,,,,,,,,,,,,,,,,,,,,,,,,,,,,,,,,,,,,,,,,,,,,,,,,,,,,,,69,,238,16,53,734,,,,,,,,227,,144,,,,,,,69,,,,,90,,,,,,29,,,,,,,,,116,,,,,,298,,9,88,,,,,15,,,,,100,,,,,,,,,,,,,,,,192,281,83,155,172,135,303,,339,33,,186,133,235,384,206,,344,,,142,291,31,,1016,,,,,,109,,,,,,,,,,,,,34,18,,,,,,,,,254,,,258,,,,,,,,,,,,,,,,,,,,,,,,256,,11,101,69,108,58,44,383,308,34,,,142,36,138,,,,,,202,144,,72,89,147,,20,118,,,137,26,,,,,,,,,,,,,,,,,,,,,,,,,,,,,,,,,,,,,,,,,,,,,,,,,,,,,,,,,,,,,,,62,440,159,106,371,,58,,76,,25,,152,,,,,271,,,,,269,,154,,,,,,,,,,,,,,,,,,,,,,,,,,,,,,,,,,430,,,388,,,273,94,516,135,317,288,,,,,76,,,156,439,316,,,,,,,494,,,443,,158,54,,,273,
2026-08-03T08:05:01+00:00,124,201,,,482,40,,170,236,327,,207,212,,,,,,,,124,387,175,352,327,,,,,41,829,24,2,59,240,,213,,6,,138,,94,,,,,,,134,,270,,108,,23,37,,24,,,,63,131,,,72,32,19,117,,,218,,,,190,,,,,,,,,,,,,,,,,,,,,,,,,,,,,,,,,,,,,,,,,,,,,,,,,,,,,,,253,,,,,380,,,,,168,,,,,,,,206,,,,,592,,274,,110,,188,,,,,,,,,,,,,,398,973,272,124,299,98,,153,,285,60,70,,230,16,49,719,,,,,,,,,,,,,,,,,71,,,25,,87,,,,,,27,,,,,,,,,118,,,,,,296,,8,85,122,,,,9,,,,,,,,,,,,,,,,,,,,,191,277,82,152,167,130,291,,342,30,,180,118,233,378,208,203,336,74,,139,289,30,,,,,,348,,,,,,,,,,,,,182,123,36,,,,,438,,,,,249,,,252,,,,,,,,,,,,,,,,,,,,,,,,,94,,99,63,,,43,378,296,,,188,135,37,140,,,,,114,183,129,,71,93,144,,15,115,289,38,136,,28,230,327,60,950,194,1422,110,143,90,,,,,,,,,,,,,,,,,,,,,,549,,136,,679,,152,214,356,264,333,,,76,115,,,,,,54,,,204,101,124,131,16,,111,103,59,413,155,95,350,96,48,,,,,,,,,,,,,,,,,,,,,,,,,,,,,,,,,,,,,,,,,,,,,,,,,,,,426,130,,384,,246,271,96,514,129,313,,,314,,,,72,,,436,313,,,,,,,492,125,,427,,159,57,,,265,
2026-08-03T08:10:02+00:00,122,197,,136,470,36,,169,227,,,197,208,,,89,,,,,116,388,172,351,316,,86,,,,826,,,57,,,208,,,109,137,,97,,,,,,,132,,,,,,24,36,,23,,164,,,127,84,,74,27,18,116,,,220,,,130,191,326,93,182,110,91,187,,194,,335,64,158,227,137,,443,53,,,236,221,108,7,,61,250,315,166,547,61,598,157,,15,187,55,21,19,,6,100,166,626,150,252,488,,,376,,,,,,249,,,,,377,,,,,162,170,,,,,,,,,,,,,,,,,,,,,,,,,,,,,,,,,,,,,,,,,,,66,,229,16,53,709,,,,,,,,,,,,,,,,,,,,,,,,,,,,26,,,,,,,,,119,,,,,,289,,6,82,,,,,2,,,,,101,,,,,,,,,,,,,,,,189,272,85,153,163,134,286,,340,26,,176,111,230,364,206,202,332,,,128,,29,,1014,,,,,,108,,,,,,,,,,,185,121,33,13,,,,,,,,,244,,,253,,,,,,,,,,,,16,,,,,,,,,,,,255,91,12,98,61,110,57,41,373,290,,,,131,40,141,,,,68,,172,122,,72,99,138,60,17,,290,,135,,24,231,226,,905,182,1420,108,138,87,,,,,,,,,,,,,,,,,,,,,,540,,134,,676,,153,211,345,,334,,,77,116,,,,,,51,,,201,100,121,132,15,,108,105,55,387,153,88,331,97,43,,,,,,,,,,,,,,,,,,,,,,,,,,,,,,,,,,,,,,,,,,,,,,,,,,,,,,,378,,239,,95,513,128,305,285,,,,,74,,,,437,,,,,,,,491,,,422,,158,56,,,260,
2026-08-03T08:15:01+00:00,121,,,,465,37,,161,219,326,,194,203,,,90,,,,,117,386,167,344,311,,,,,,816,23,3,55,241,,206,,,110,,,98,,,,,,,,,272,5,,,,37,,22,,162,,64,129,,,94,25,,,,,,,,,,,,,,,,,,,,,,,,,,,,,,,,,,,,,,,,,,,,,,,,,,,,,,,,,,,,,,,,,,,,,,,,,,,,,,,,,,186,,,338,,588,,261,,108,,182,,,,,,,,,,,,,,403,972,258,123,296,97,153,,213,281,49,61,,221,16,47,692,,,,,,,,,,142,,,,,,,,,,24,,86,,,,,,24,,,,,,,,,126,,,,,,286,,5,81,,,,,0,,,,,,,,,,57,,,,,,,,,,,188,262,84,154,165,128,272,,345,,,167,101,229,351,,,325,,,124,280,31,,,,,,347,,,,,,,,,,44,,,,117,30,,,,,435,,,,,232,,,,,,,,,,,,,,,15,,,,,,,,,,,,256,92,11,,50,108,,39,369,286,,,,130,41,139,,,6,69,115,162,117,,,,,,14,117,291,37,134,25,23,233,222,,900,166,,109,140,,,,,,,,,,,,,,,,,,,,,,,,,,,,,,,,,,,,,,,,,,,,,,,,,,,,,,,378,151,80,316,,37,,70,,28,,146,,,,,245,,,,,258,,148,,,,,,,,,,,,,,,,,,,,,,,,,,,,,,,,,,424,,137,373,62,231,268,94,510,118,293,,,315,,143,75,,,155,439,,,,,,,,488,124,,405,,156,57,,,252,
2026-08-03T08:20:01+00:00,,,,,455,32,,153,214,327,,,201,,,,,,,,,385,164,340,298,,85,,,,810,,1,,246,,195,,,109,136,,101,,,,,,,,,274,4,,,29,38,,8,,,,62,,83,232,,,17,,,,223,,,124,,323,82,166,107,88,186,,,,334,60,153,223,138,155,441,,,,229,222,101,,,58,249,303,,544,60,587,152,,12,,53,,,449,,,163,600,146,251,481,54,,375,,,,,,245,,,,,,,,,,158,166,,,,,,,,,,,,,,,,,,,,,,,,,,,,,,,,,,,,,,,,,,,57,,215,16,41,666,,,,,,,,228,,144,,,,,,,70,,,23,,,,,,,,25,,,,,,,,20,117,,,,,,283,,7,78,,,,,,,,,,100,,,,,,,,,,,,,,,,,252,83,152,162,127,264,,343,23,,171,84,224,343,,197,323,73,,121,276,34,,1015,,,,344,,,,,,,,,,43,,,184,114,31,,,,,438,,,,,226,,,254,,,,,,,,,,,,16,,,,,,,,,,,,260,90,9,99,48,,,30,365,282,,,187,131,,136,,,,,,151,106,1,,97,134,,15,116,,36,133,,,231,207,61,893,159,1421,,,80,,,,,,,,,,,,,,,,,,,,,,531,78,132,,674,,152,210,329,,333,,,78,115,,,,,,50,,,202,99,122,131,11,,103,103,53,362,147,71,298,,31,,,,,,,,,,,,,,,,,,,,,,,,,,,,,,,,,,,,,,,,,,,,,,,,,,,,423,,,369,60,230,266,93,508,121,284,,,,,,74,69,,154,436,314,,,,,,,486,,,393,,151,,,,,
2026-08-03T08:25:01+00:00,118,198,,,446,,,142,205,328,,191,198,,,,,,,,,384,156,339,292,,86,,,40,805,20,0,,,,191,,7,,,,104,,,,,,,131,,272,,,,27,,,3,,160,,60,128,84,,,24,18,,,,227,,,,190,,,,,,,,,,333,62,146,219,137,158,437,,259,205,215,,98,6,,51,242,286,,540,57,573,148,82,8,189,42,,18,448,,,,,,,,,,,,,,,,,,,,,,,,,,,,,,,,,,193,,,339,,574,,258,,,,178,,,,,,,,,,,,,,401,961,246,,295,96,,,,269,40,50,,,16,45,645,,,,,,,,226,,141,,,,,,,73,,,24,,,,,,,,21,,,,,,,,18,112,,,,,,277,,6,79,120,,,,,,,,,,,,,,,,,,,,,,,,,,243,82,153,161,124,255,,339,22,,166,76,218,337,205,,320,,,120,275,29,,1016,,,,341,,109,,,,,,,,,,,187,113,30,14,,,,437,,,,,221,,,253,,,,,,,,,,,,,,,,,,,,,,,,261,86,7,100,50,109,56,29,361,281,,41,185,129,,132,,,,68,,138,97,0,71,,131,,14,115,,35,,22,,,201,,,155,1419,,141,76,,,,,,,,,,,,,,,,,,,,,,529,,133,,670,,154,,317,,331,,,75,113,,,,,,,,,199,101,119,127,,,,,49,352,145,74,289,98,27,,,,,,,,,,,,,,,,,,,,,,,,,,,,,,,,,,,,,,,,,,,,,,,,,,,,422,,,366,,223,264,92,,117,276,284,,,,,75,,,151,433,,,,,,,,483,,,384,,150,56,,,241,
2026-08-03T08:30:01+00:00,119,196,,,436,31,,129,196,325,,182,193,,,,,,,,118,381,154,336,279,,83,,,,801,21,,56,,,188,,,130,134,,,,20,,,,,,,,2,,,28,36,,0,,161,,61,129,,,97,21,,117,,,224,,,,192,321,75,160,102,83,184,,193,,,,,,,,,,,,,,,,,,,,,,,,,,,,,,,,,,153,589,140,,485,,,370,,,,,,240,,,,,375,,,,,151,159,,,,,,,185,,,338,,568,,242,,107,,177,,,,,,,,,,,,,,,,,,,,,,,,,47,,214,16,40,629,,,,,,,,223,,,,,,,,,72,,,,,,,,,,,20,,,,,,,,17,103,,,,,,266,,7,77,119,,,,,,,,,99,,,,,56,,,,,,,,,,,189,235,81,,163,,244,,343,20,,162,66,217,334,204,,319,,,112,276,28,,,,,,340,,108,,,,,,,,41,,,188,112,29,13,,,,,,,,,210,,,248,,,,,,,,,,,,,,,,,,,,,,,,255,,11,97,52,106,57,24,357,280,,42,182,132,39,,,,,,,134,93,,,91,128,61,12,114,290,34,131,21,,227,,59,880,,,,,,,,,,,,,,,,,,,,,,,,,,,522,,134,,,,,211,307,,,,,74,112,,,,,,46,,,196,,110,126,,,98,102,45,343,138,,280,96,20,,67,,24,,141,,,,,230,,,,,246,,146,,,,,,,,,,,,,,,,,,,,,,,,,,,,,,,,,,,,,367,58,221,258,91,,111,268,,,,,142,73,70,,149,432,311,,,,,,,482,,,378,,,57,,,,
2026-08-03T08:35:01+00:00,116,195,58,135,435,29,,125,197,320,,180,190,,,,,,,,119,382,151,335,274,,84,,,,795,,3,55,248,,183,,,,135,,105,,19,,,,,,,,0,,,30,38,3,,,,,58,136,,234,,,,120,,,221,,,123,193,320,74,154,99,82,185,,,,332,56,139,214,136,159,431,,,204,208,220,92,5,,48,243,275,,,,566,146,80,6,183,,,,,,,,,,,,,,,,,,,,,,,,,,,,,,,,,,,,,,,,,,,,,,,,,,,,,,,,,,,,,,,405,958,228,,289,93,,152,211,259,32,45,,205,16,39,605,,,,,,,,218,,144,,,,,,,,,,21,,85,,,,,,19,,,,,,,,16,95,,,,,,264,,,80,,,,,,,,,,97,,,,,58,,,,,,,,,,,191,221,83,152,154,121,232,,340,21,,165,67,214,320,202,192,315,,,104,272,27,,,,,,339,,104,,,,,,,,40,,,,109,,11,,,,435,,,,,203,,,,,,,,,,,,,,,17,,,,,,,,,,,,253,83,,,51,,,21,,273,,,,128,38,,11,,,67,,126,92,,,86,125,,,113,291,33,,,19,228,203,,868,144,1421,106,,72,,,,,,,,,,,,,,,,,,,,,,508,77,131,,,,153,210,293,,,,,72,111,,,,,,43,,,194,,107,123,,,102,104,39,324,136,67,281,95,14,,,,,,,,,,,,,,,,,,,,,,,,,,,,,,,,,,,,,,,,,,,,,,,,,,,,,,,365,56,215,253,90,,110,260,285,,314,,140,,69,,147,430,312,,,,,,,479,123,,375,,,58,,,234,
2026-08-03T08:40:02+00:00,114,196,,,432,27,,110,199,317,,178,186,,,,,,,,120,374,147,330,271,,82,,,,793,20,4,,250,,,,,128,134,,111,,18,,,,,,,,,,,28,37,,,,,,60,,,,98,19,,,,,218,,,121,194,,,,,,,,,,,,,,,,,,,,,,,,,,,,,,,,,,,,,,,,,97,144,571,131,250,483,53,,369,,,,,,232,,,,,374,,,,,147,155,,,,,,,179,,,337,,559,,229,,103,,168,,,,,,,,,,,,,,406,947,219,121,287,122,154,148,207,258,74,37,,201,16,37,584,,,,,,,,219,,145,,,,,,,71,,,,,86,,,,,,16,,,,,,,,15,92,,,,,,256,,6,,,,,,,,,,,,,,,,,,,,,,,,,,,188,208,89,151,147,125,226,,338,22,,166,68,216,307,197,187,306,,,102,273,30,,1017,,,,337,,102,,,,,,,,39,,,184,107,,9,,,,436,,,,,200,,,244,,,,,,,,,,,,16,,,,,,,,,,,,251,81,,,50,105,58,18,348,267,,,181,133,33,131,,,,66,114,111,90,,72,84,129,60,10,,292,,129,,20,229,195,57,857,143,1423,,139,70,,,,,,,,,,,,,,,,,,,,,,494,,129,,673,,151,205,273,263,328,,,71,,,,,,,44,,,190,99,106,124,,,96,103,38,312,135,56,277,92,9,,,,,,,,,,,,,,,,,,,,,,,,,,,,,,,,,,,,,,,,,,,,,,,,,,,,421,,136,360,55,208,250,89,507,101,255,,,313,,,,70,,143,431,,,,,,,,481,,,,,147,57,,,,
2026-08-03T08:45:01+00:00,113,199,,,428,29,,107,196,316,,180,181,,,89,,,,,,373,143,328,264,,,,,39,786,22,3,54,249,,173,,,129,,,,,,,,,,,,270,,107,,31,,,,,,,59,134,,235,,17,,,,,221,,,120,193,312,70,144,91,77,180,,,,,49,138,212,133,158,420,,260,202,197,216,86,4,,47,241,259,,539,55,558,142,83,3,184,35,,,441,4,98,141,554,124,247,484,52,,368,,,,,,226,,,,,373,,,,,,,,,,,,,177,,,339,,549,,,,,,167,,,,,,,,,,,,,,,,,,,,,,,,,27,,191,16,38,568,,,,,,,,216,,141,,,,,,,68,,,20,,85,,,,,,,,,,,,,,14,86,,,,,,252,,5,,,,,,,,,,,96,,,,,59,,,,,,,,,,,,213,88,150,141,118,211,,,13,,171,73,218,303,196,185,303,72,,98,274,,,1018,,,,334,,98,,,,,,,,40,,,182,,27,10,,,,433,,,,,191,,,236,,,,,,,,,,,,18,,,,,,,,,,,,249,80,10,94,,106,57,15,345,260,,,177,,30,,,,,65,115,102,81,1,,85,121,,12,109,296,32,,22,18,226,184,56,844,131,1424,,135,75,,,,,,,,,,,,,,,,,,,,,,,,128,,,,,,,,,,,70,,,,,,,,,,,97,,,,,99,,,288,129,47,270,94,5,,56,,19,,131,,,,,216,,,,,222,,143,,,,,,,,,,,,,,,,,,,,,,,,,,,,,,,,,,420,131,134,354,52,206,245,,,99,,284,,310,,,72,69,,139,,310,,,,,,,,,,371,,145,56,,,220,
2026-08-03T08:50:01+00:00,111,,,,427,31,,99,191,,,181,177,,,,,,,,,370,142,320,,,83,,,,782,23,0,53,248,,168,,,,,,,,20,,,,,133,,272,,,,,,,,,,25,62,132,,,99,16,,,,,216,,,,,,,,,,,,,,,,127,,127,155,412,,,,178,214,85,3,115,43,230,235,165,533,52,545,,81,,180,43,,,444,2,,,,,,,,,,,,,,,,,,,,,,,,,,,,,,,,,,,,,,,,,,,,,,,,,,,,,,,,,,,,,,,,,,,,,19,,187,16,33,546,,,,,,,,215,,140,,,,,,,66,,,19,,83,,,,,,13,,,,,,,,10,78,,,,,,249,,6,81,118,,,,,,,,,,,,,,58,,,,,,,,,,,187,202,,151,138,119,206,,335,16,,173,71,219,302,,190,300,71,,96,266,27,,1020,,,,333,,94,,,,,,,,41,,,,,29,,,,,435,,,,,192,,,237,,,,,,,,,,,,17,,,,,,,,,,,,248,81,11,,44,,59,18,340,263,,,176,130,28,,,,5,66,114,93,,0,,,115,,18,,,,130,,17,,182,55,829,125,1422,105,132,69,,,,,,,,,,,,,,,,,,,,,,492,74,125,,672,,149,,269,261,326,,,71,112,,,,,,40,,,188,95,101,123,,,100,101,35,266,,38,258,92,7,,,,,,,,,,,,,,,,,,,,,,,,,,,,,,,,,,,,,,,,,,,,,,,,,,,,422,132,132,355,50,209,241,88,505,98,250,283,,309,,,69,65,,138,429,,,,,,,,476,,,364,,140,54,,,,
2026-08-03T08:55:02+00:00,108,,,,423,32,,,189,314,,180,176,,,88,,,,,,368,138,317,257,,82,,,,770,22,,54,247,,167,,,,133,,,,,,,,,,,273,,,,32,35,,,,160,24,61,131,85,,,17,16,121,,,210,,,121,190,315,58,139,87,,179,,,,,,,,,,,,,,,,,,,,,,,,,,,,,,,,,,,97,130,541,117,244,486,51,,366,,,,,,219,,,,,374,,,,,144,156,,,,,,,173,,,338,,538,,219,,100,,,,,,,,,,,,,,,267,408,,213,122,285,119,152,147,,,57,18,,181,16,27,540,,,,,,,,216,,138,,,,,,,67,,,20,,84,,,,,,12,,,,,,,,7,75,,,,,,239,,7,79,,,,,,,,,,95,,,,,,,,,,,,,,,,,196,83,150,132,115,200,,338,17,,170,63,,301,194,192,297,,,94,265,31,,1021,,,,330,,93,,,,,,,,40,,,181,105,28,8,,,,433,,,,,186,,,235,,,,,,,,,,,,19,,,,,,,,,,,,246,78,10,,41,107,61,17,339,257,,,,125,30,133,,,6,65,113,90,84,,,84,112,,15,107,294,,,24,11,230,165,52,817,109,2320,,131,58,,,,,,,,,,,,,,,,,,,,,,486,,126,,667,,146,208,251,260,,,,68,113,,,,,,38,,,187,,89,118,,,101,100,32,242,,32,248,88,,,,,,,,,,,,,,,,,,,,,,,,,,,,,,,,,,,,,,,,,,,,,,,,,,,,,421,,,350,46,204,238,90,503,,242,281,,,,,68,62,,136,426,311,,,,,,,475,,,352,,141,,,,205,
2026-08-03T09:00:02+00:00,106,200,,,421,25,,,186,313,,175,174,,,,,,,,,369,136,312,255,,,,,,759,23,,51,246,,162,,,,,,112,,,,,,,131,,274,,,,,34,,,,157,27,57,129,,,,18,15,,,,207,,,116,188,,,,,,,,,,,46,125,208,125,153,407,54,258,,,,78,4,,40,229,225,,530,51,532,137,83,3,179,50,,,445,1,,,,,,,,,,,,,,,215,,,,,373,,,,,,151,,,,,,,174,,,337,,529,,208,,,,161,,,,,,,,,,,,,266,409,944,204,,287,114,149,146,205,252,55,11,,179,16,25,523,,,,,,,,214,,135,,,,,,,65,,,,,,,,,,,13,,,,,,,,5,71,,,,,,232,,6,78,116,,,,,,,,,98,,,,,,,,,,,,,,,,188,198,85,152,134,110,201,,340,18,,168,57,,292,,,301,,,,263,32,,,,,,326,,91,,,,,,,,,,,179,102,26,9,,,,430,,,,,187,,,234,,,,,,,,,,,,18,,,,,,,,,,,,242,,12,93,45,,59,14,336,251,,,178,126,,131,,,,,,92,85,,71,82,108,59,17,108,,,,,10,227,168,,801,105,2318,107,129,,,,,,,,,,,,,,,,,,,,,,,484,,122,,,,,,,,,,,62,108,,,,,,,,,,92,,121,,,99,,29,229,128,30,231,87,1,,57,,16,,120,,,,,209,,,,,207,,,,,,,,,,,,,,,,,,,,,,,,,,,,,,,,,,,,,131,,,43,199,236,,,96,235,280,,310,,,,60,,135,425,,,,,,,,474,,,346,,140,,,,203,
2026-08-03T09:05:01+00:00,108,201,,,417,,,94,184,,,,176,,,87,,,,,122,368,,309,,,81,,,40,752,22,,52,,,158,,,,131,,,,,,,,,,,,,106,,,,,,,158,,54,127,,,100,,17,120,,,201,,,,190,312,48,140,89,71,178,,,,,42,116,,124,150,403,53,259,201,159,212,76,7,116,36,228,194,,529,53,529,131,,2,175,41,,,444,,96,121,534,111,245,487,49,,362,,,,,,,,,,,,,,,,,,,,,,,,,,,,,,,,,,,,,,,,,,,,,,,,,,,,,,,,,,,,10,,175,16,28,511,,,,,,,,215,,134,,,,,,,64,,,18,,83,,,,,,11,,,,,,,,4,79,,,,,,240,,,,115,,,,,,,,,,,,,,,,,,,,,,,,,,186,88,149,131,107,195,,336,13,,169,51,,294,,195,299,,,93,265,30,,1022,,,,323,,93,,,,,,,,,,,177,99,28,,,,,428,,,,,184,,,230,,,,,,,,,,,,,,,,,,,,,,,,238,,,,39,106,58,7,333,244,,,175,125,31,132,,,,66,,86,84,,70,80,103,58,18,106,292,31,,23,,,,51,,,,,,,,,,,,,,,,,,,,,,,,,,,,483,75,120,,672,,,206,236,262,327,,,63,,,,,,,37,,,185,94,83,119,,,96,101,,217,125,33,225,88,5,,,,,,,,,,,,,,,,,,,,,,,,,,,,,,,,,,,,,,,,,,,,,,,,,,,,419,129,,351,42,192,230,87,,88,236,279,,,,,67,59,,132,421,309,,,,,,,475,,,335,,,53,,,198,
2026-08-03T09:10:01+00:00,104,198,,,415,26,,89,181,,,,171,,,,,,,,125,369,134,305,252,,,,,38,,23,,,248,,150,,,125,134,,113,,18,,,,,,,275,,,,34,33,,,,,,52,126,,234,,19,,,,,,,,120,193,,,,,,,,,,,,,,,,,,,,,,,,,,,,,,,,,,,,,,,,,,,,,,,,,,,,,,,201,,,,,,,,,,,,,,,,,,171,,,334,,518,,195,,97,,157,,,,,,,,,,,,,,,,,,,,,,,,,5,,176,16,25,479,,,,,,,,209,,,,,,,,,,,,,,,,,,,,9,,,,,,,,2,72,,,,,,233,,,,114,,,,,,,,,97,,,,,57,,,,,,,,,,,187,188,83,148,130,101,191,,,12,,173,,226,285,,192,,,,94,261,,,1021,,,,326,,95,,,,,,,,,,,178,98,30,12,,,,429,,,,,180,,,227,,,,,,,,,,,,,,,,,,,,,,,,,81,11,95,41,,,5,331,242,,,176,127,32,,,,,,,84,82,,69,83,101,57,20,102,,30,129,25,7,231,164,50,787,93,2315,106,132,63,,,,,,,,,,,,,,,,,,,,,,,,,,,,,,,,,,,62,105,,,,,,38,,,,,,117,,,,,33,203,117,25,219,86,7,,,,,,,,,,,,,,,,,,,,,,,,,,,,,,,,,,,,,,,,,,,,,,,,,,,,415,130,130,345,40,185,,,502,86,235,278,,,,137,,58,,131,,308,,,,,,,,,,325,,137,54,,,,
2026-08-03T09:15:02+00:00,102,,59,,409,27,,86,,312,,178,169,,,,,,,,122,,135,,242,,80,,,,745,24,,49,246,,148,,,124,129,,114,,,,,,,132,,274,,105,,30,,2,,,159,25,43,,84,233,101,15,,122,,,,,,110,195,318,40,139,91,74,175,,,,,,113,207,120,,399,,,,156,217,73,,115,35,226,179,164,,54,525,129,82,,172,48,,,446,,95,118,515,110,231,485,,,363,,,,,,,,,,,,,,,,,,,,,,,,,,,,,,,,,,,,,,,,,,,,,,,,267,411,946,205,,289,113,148,147,209,255,79,11,,171,16,22,457,,,,,,,,207,,132,,,,,,,,,,19,,,,,,,,10,,,,,,,,1,76,,,,,,231,,5,79,,,,,,,,,,,,,,,58,,,,,,,,,,,188,187,92,,124,103,174,,335,10,,177,55,,281,192,195,294,,,93,260,29,,,,,,322,,,,,,,,,,39,,,,100,,10,,,,,,,,,172,,,220,,,,,,,,,,,,19,,,,,,,,,,,,233,83,9,,36,105,57,16,332,244,36,,181,130,30,129,,,4,65,112,74,79,,,86,99,58,17,,289,,,26,9,232,160,,791,85,,107,,62,,,,,,,,,,,,,,,,,,,,,,480,76,118,,669,,145,203,227,259,330,,,64,104,,,,,,39,,,183,93,,,,,93,,34,187,116,23,211,,5,,,,,,,,,,,,,,,,,,,,,,,,,,,,,,,,,,,,,,,,,,,,,,,,,,,,414,,,343,37,183,226,,497,,237,277,,313,,136,64,57,,128,422,,,,,,,,,124,,,,132,,,,198,
2026-08-03T09:20:01+00:00,105,200,,,403,25,,84,188,,,181,,,,88,,,,,119,,130,307,239,,81,,,37,738,,4,,248,,145,,,122,128,,117,,17,,,,,,,273,,,,31,,,,,158,,42,123,,,,,,,,,,,,,192,,,,,,,,,,333,41,110,209,116,149,392,49,258,200,148,214,60,,116,,227,161,162,527,52,514,131,81,,169,30,,,,,96,117,512,,230,489,,,362,,,,,,195,,,,,,,,,,139,,,,,,,,170,,,330,,516,,186,,94,,154,,,,,,,,,,,,,,,,,,,,,,,,,4,,166,16,19,436,,,,,,,,,,,,,,,,,65,,,20,,,,,,,,13,,,,,,,,,66,,,,,,230,,4,76,,,,,,,,,,96,,,,,,,,,,,,,,,,186,181,89,,121,,170,,336,12,,179,56,225,284,,196,,72,,92,259,27,,1020,,,,317,,94,,,,,,,,37,,,176,99,28,,,,,,,,,,166,,,218,,,,,,,,,,,,22,,,,,,,,,,,,230,,8,94,34,,56,,328,236,,,182,136,31,126,,,3,64,,73,78,1,,,98,57,18,99,291,,128,,13,233,148,49,,76,,110,131,58,,,,,,,,,,,,,,,,,,,,,,466,77,122,,668,,147,,213,260,327,,,66,102,,,,,,36,,,,94,82,114,,,90,97,29,180,112,9,197,88,4,,56,,21,,,,,,,182,,,,,191,,140,,,,,,,,,,,,,,,,,,,,,,,,,,,,,,,,,,,,,338,,180,228,84,495,82,233,275,,311,,135,62,55,,130,416,310,,,,,,,,,,317,,130,55,,,190,
2026-08-03T09:25:01+00:00,103,,,,404,,,83,186,311,,178,166,,,,,,,,114,,131,,237,,82,,,36,725,,2,46,249,,141,,,,,,120,,16,,,,,,,276,,104,,28,,3,,,,,41,,,234,,0,,,,,,,,111,,320,32,132,97,73,170,,,,,,,,,,,,,,,,,,,,,,,,,,,,,,,,,,,,,,,,,,,,,,,,,,,,,,,,,,,,,,,,,,,169,,,292,,517,,187,,92,,156,,,,,,,,,,,,,,413,938,208,121,286,109,,,212,254,81,2,,167,16,17,418,,,,,,,,202,,130,,,,,,,67,,,,,,,,,,,9,,,,,,,,0,70,,,,,,236,,7,,113,,,,,,,,,97,,,,,,,,,,,,,,,,184,176,,146,118,106,164,,340,10,,172,48,,282,190,194,292,73,,97,,20,,1018,,,,316,,91,,,,,,,,36,,,175,100,29,9,,,,,,,,,158,,,215,,,,,,,,,,,,21,,,,,,,,,,,,228,84,6,91,37,,,12,329,233,,41,183,133,,124,,,,62,111,72,73,0,,88,96,,,103,,32,129,27,9,,,,795,81,2317,109,133,56,,,,,,,,,,,,,,,,,,,,,,,,,,,,,,,,,,,,,,,,,,,,,,,,,,,,,,170,105,5,198,86,5,,,,,,,,,,,,,,,,,,,,,,,,,,,,,,,,,,,,,,,,,,,,,,,,,,,,415,131,132,336,35,174,223,86,,78,230,273,,309,,134,,52,,126,417,,,,,,,,,123,,309,,132,56,,,184,
2026-08-03T09:30:01+00:00,99,201,,,396,22,,86,181,310,,,168,,,,,,,,113,370,130,,232,,83,,,,720,25,0,44,248,,142,,,,,,,,17,,,,,,,277,,,,27,32,,,,,,,122,,,102,,,,,,199,,,108,191,,,,,,,,,,332,39,104,204,111,147,384,,257,,144,215,51,,,28,226,150,,524,51,508,127,79,,,35,,17,447,,94,113,504,102,229,491,50,,361,,,,,,193,,,,,,,,,,135,149,,,,,,,,,,,,,,,,,,,,,,,,,,,,,,,,,,,,,,,,,,,0,,165,16,,402,,,,,,,,200,,126,,,,,,,63,,,19,,82,,,,,,13,,,,,,,,,77,,,,,,247,,4,77,112,,,,,,,,,96,,,,,,,,,,,,,,,,181,175,90,,112,,161,,336,11,,167,46,227,279,191,191,293,,,92,249,22,,1016,,,,310,,87,,,,,,,,35,,,174,94,25,8,,,,,,,,,151,,,210,,,,,,,,,,,,,,,,,,,,,,,,223,85,7,,,106,57,,333,,,42,184,131,32,125,,,,63,,73,72,,68,86,93,58,13,101,292,28,130,28,,,,51,,,,,,,,,,,,,,,,,,,,,,,,,,,,459,,123,,665,,146,,204,259,,,,64,103,,,,,,,,,,91,76,112,,,86,94,27,155,111,11,194,85,7,,,,,,,,,,,,,,,,,,,,,,,,,,,,,,,,,,,,,,,,,,,,,,,,,,,,,132,,333,,167,221,85,,67,225,274,,307,,,61,51,,127,,309,,,,,,,476,,,,,130,,,,,
2026-08-03T09:35:02+00:00,100,204,,,393,20,,78,182,309,,174,,,,87,,,,,108,371,131,301,,,82,,,,715,,,,247,,141,,,121,,,117,,16,,,,,133,,275,,,,28,33,,,,159,24,40,116,83,,,,15,123,,,,,,107,189,318,29,127,,67,174,,,,,,,,,,,,,,,,,,,,,,,,,,,,,,,,,,,89,110,,101,228,490,,,,,,,,,192,,,,,374,,,,,133,,,,,,,,164,,,290,,518,,193,,90,,154,,,,,,,,,,,,,,412,940,195,120,287,113,147,145,211,261,85,,,157,16,18,391,,,,,,,,201,,121,,,,,,,61,,,20,,,,,,,,,,,,,,,,,79,,,,,,249,,5,76,,,,,,,,,,95,,,,,,,,,,,,,,,,178,167,87,145,116,104,149,,338,,,171,45,229,281,,195,297,74,,98,247,19,,1013,,,,306,,83,,,,,,,,,,,175,,,6,,,,428,,,,,150,,,204,,,,,,,,,,,,23,,,,,,,,,,,,229,86,9,92,36,105,54,16,329,235,,,188,132,33,123,,,,,,66,,,,89,,59,12,100,,35,132,,5,234,138,52,787,69,2306,113,141,62,,,,,,,,,,,,,,,,,,,,,,451,,127,,663,,144,,200,257,326,,,63,104,,,,,,34,,,,88,82,113,,,92,101,20,150,109,,198,84,9,,54,,,,117,,,,,173,,,,,184,,139,,,,,,,,,,,,,,,,,,,,,,,,,,,,,,,,,,,131,,332,34,169,214,,493,68,221,273,,,,133,60,50,,,419,,,,,,,,475,122,,310,,131,,,,180,
2026-08-03T09:40:01+00:00,99,206,,,386,,,70,,,,172,167,,,85,,,,,,373,129,,223,,79,,,37,707,,,,246,,142,,,,127,,120,,,,,,,134,,277,,,,27,35,,,,158,21,33,105,,235,,,,122,,,195,,,106,187,,,,,,,,,,331,34,97,197,105,148,375,,259,,131,217,46,6,,19,223,138,,525,48,498,118,81,1,172,40,,,445,,,,,,,,,,,,,,,,,,,,,,,,,,,,,,,,,,167,,,286,,510,,195,,92,,151,,,,,,,,,,,,,,,,,,,,,,,,,,,,16,21,371,,,,,,,,198,,118,,,,,,,62,,,21,,,,,,,,16,,,,,,,,,81,,,,,,253,,6,72,113,,,,,,,,,,,,,,,,,,,,,,,,,176,169,88,,114,101,144,,339,12,,170,54,230,279,192,199,295,,,100,239,21,,1011,,,,303,,80,,,,,,,,,,,172,92,19,7,,,,,,,,,142,,,200,,,,,,,,,,,,19,,,,,,,,,,,,233,,,94,33,106,,15,330,231,,,,,,,,,,,,68,71,,,,91,,14,99,294,36,133,27,,,,53,,,,,,,,,,,,,,,,,,,,,,,,,,,,,,,,,,,,,,,,,,,,,,,,,,,,,,,,,,,17,142,106,14,205,85,11,,,,,,,,,,,,,,,,,,,,,,,,,,,,,,,,,,,,,,,,,,,,,,,,,,,,414,132,130,,31,166,212,,490,67,219,,,304,,,62,,,123,420,311,,,,,,,,,,306,,128,57,,,,
2026-08-03T09:45:02+00:00,98,,,,380,19,,65,180,,,171,165,,,,,,,,104,372,124,304,221,,78,,,36,709,26,,42,,,141,,,117,,,118,,19,,,,,,,,,,,26,,,,,,23,34,120,84,,,,,,,,190,,,101,188,320,43,130,96,65,166,,,,,23,94,192,103,145,373,46,260,202,113,216,40,5,,21,224,109,,,51,492,,84,2,171,54,22,18,443,,91,97,492,98,229,489,49,,359,,,,,,191,,,,,376,,,,,127,148,,,,,,,,,,,,,,,,,,,,,,,,,,,,,,,268,416,946,187,,,117,,144,214,267,91,,,152,16,18,355,,,,,,,,200,,121,,,,,,,,,,20,,80,,,,,,19,,,,,,,,,77,,,,,,246,,5,76,114,,,,,,,,,96,,,,,,,,,,,,,,,,175,166,89,144,122,100,145,,333,13,,179,66,229,285,191,200,293,,,101,233,22,,1010,,,,,,81,,,,,,,,,,,,83,22,6,,,,429,,,,,133,,,198,,,,,,,,,,,,20,,,,,,,,,,,,236,88,,93,32,107,,20,329,228,,,189,131,36,,10,,,61,,67,66,4,,,87,,16,100,291,35,,29,6,237,144,,776,66,2307,,144,68,,,,,,,,,,,,,,,,,,,,,,446,,125,,658,,142,202,195,258,324,,,66,105,,,,,,31,,,181,87,75,114,,,90,100,15,129,104,4,207,,,,,,,,,,,,,,,,,,,,,,,,,,,,,,,,,,,,,,,,,,,,,,,,,,,,,,413,,129,325,30,181,209,86,,64,220,269,,305,,,,47,,122,421,309,,,,,,,473,,,293,,127,56,,,,
2026-08-03T09:50:01+00:00,103,205,,,378,22,,64,189,310,,163,162,,,87,,,,,101,369,,302,214,,76,,,37,704,,,,248,,136,,,,,,,,20,,,,,135,,,,,,,,,,,159,22,33,118,83,234,101,,16,121,,,,,,99,,319,42,129,89,63,163,,,,,,,,,,,,,,,,,,,,,,,,,,,,,,,,,,,90,93,,94,226,486,47,,358,,,,,,192,,,,,378,,,,,126,144,,,,,,,165,,,283,,509,,190,,93,,152,,,,,,,,,,,,,,,,,,,,,,,,,,,151,16,14,339,,,,,,,,196,,,,,,,,,63,,,,,78,,,,,,18,,,,,,,,,75,,,,,,,,,75,,,,,,,,,,,,,,,,,,,,,,,,,,173,,94,,,98,142,,,11,,180,58,228,287,193,203,291,,,100,,,,,,,,300,,80,,,,,,,,34,,,171,78,25,,,,,428,,,,,126,,,194,,,,,,,,,,,,,,,,,,,,,,,,240,90,,90,29,,,18,331,224,,,192,129,39,,,,,60,,54,69,0,69,86,80,60,18,101,292,,134,30,5,,148,,771,69,2305,112,148,75,,,,,,,,,,,,,,,,,,,,,,435,,119,,659,,141,203,182,256,323,,,69,104,,,,,,,,,174,82,63,113,,,97,99,16,120,102,1,211,84,2,,,,32,,116,,,,,164,,,,,179,,144,,,,,,,,,,,,,,,,,,,,,,,,,,,,,,,,,,410,130,127,320,,185,210,85,,60,218,271,,303,,,,,,128,419,311,,,,,,,472,,,287,,130,,,,,
2026-08-03T09:55:01+00:00,106,,,,376,,,67,187,309,,168,160,,,,,,,,98,,127,295,212,,73,,,38,701,,,,,,138,,,116,126,,,,,,,,,133,,273,,,,27,34,,,,,23,36,,,233,102,,,,,,189,,,98,184,,,,,,,,,,,,87,191,104,143,371,47,262,,114,215,,,,19,,106,,524,50,485,119,82,,,44,,,444,,,,,,,,,,,,,,,,,,,,,,,,,,,,,,,,,,,,,,,,,,,,,,,,,,,,,,,,,,271,417,949,171,119,283,118,148,,217,269,98,,,,16,12,316,,,,,,,,198,,,,,,,,,60,,,,,,,,,,,19,,,,,,,,,,,,,,,260,,7,76,115,,,,,,,,,,,,,,,,,,,,,,,,,170,163,,143,,101,144,,337,,,176,59,,285,,205,295,77,,,,21,,1012,,,,295,,78,,,,,,,,,,,167,79,,8,,,,427,,,,,125,,,190,,,,,,,,,,,,19,,,,,,,,,,,,236,,8,,25,,55,,328,223,,,193,130,,122,,,,,,50,,4,,89,78,58,21,,293,,133,28,1,238,138,,750,66,2302,111,150,77,,,,,,,,,,,,,,,,,,,,,,,,,,,,,,,,,,,,,,,,,,,,,,,,,,,,,14,106,100,0,219,,4,,,,,,,,,,,,,,,,,,,,,,,,,,,,,,,,,,,,,,,,,,,,,,,,,,,,408,132,126,,29,176,211,84,489,56,220,270,,304,,,,48,,124,423,310,,,,,,,471,,,280,,,53,,,155,
2026-08-03T10:00:01+00:00,,206,,,382,26,,65,,,,169,157,,,88,,,,,96,367,128,299,209,,,,,36,693,,,38,,,135,,,,124,,117,,,,,,,,,276,,105,,,32,,,,,24,37,116,,,,,,122,,,186,,,94,187,316,31,126,82,66,165,,,,,,,,,,,,,,,,,,,,,,,,,,,,,,,,,,,89,89,,99,224,488,48,,352,,,,,,178,,,,,382,,,,,132,139,,,,,,,160,,,,,514,,178,,95,,148,,,,,,,,,,,,,,,,,,,,,,,,,2,,145,16,13,303,,,,,,,,199,,120,,,,,,,59,,,21,,77,,,,,,,,,,,,,,,76,,,,,,253,,,78,,,,,,,,,,95,,,,,,,,,,,,,,,,,164,92,142,120,103,141,,333,8,,180,,,282,194,202,297,78,,103,,,,1013,,,,,,77,,,,,,,,,,,,,26,7,,,,425,,,,,106,,,185,,,,,,,,,,,,18,,,,,,,,,,,,240,,11,,19,,,22,,218,,,,127,,119,,,,61,110,42,,0,68,,71,60,19,102,297,,132,30,,,,,,,,,,,,,,,,,,,,,,,,,,,,,,,,429,78,,,657,,142,205,178,,,,,75,,,,,,,,,,177,81,53,108,,275,101,97,15,96,98,,233,,6,,,,,,,,,,,,,,,,,,,,,,,,,,,,,,,,,,,,,,,,,,,,,,,,,,,,,,,312,30,166,209,,487,49,214,,,302,,,61,,,125,424,,,,,,,,469,,,273,,129,,,,,
2026-08-03T10:05:02+00:00,105,208,,134,385,24,,63,177,311,,171,,,,87,,,,,94,365,129,300,207,,74,,,37,687,,,36,245,,137,,,,,,,,,,,,,135,,274,,,,24,31,4,,,,,36,,,232,,,17,,,,185,,,95,183,,,,,,,,,,,21,,184,100,144,364,,,,109,,33,,,14,223,107,163,,46,473,116,85,,167,50,,,445,4,,,,,,,,,,,,,,,,,,,,,,,,,,,,,,,,,,,,,,,,,,,,,,,,,,,,,,,,,272,416,,180,118,284,122,145,142,216,262,101,5,,,16,,286,,,,,,,,,,121,,,,,,,,,,,,76,,,,,,20,,,,,,,,,81,,,,,,257,,9,,114,,,,,,,,,,,,,,,,,,,,,,,,,169,163,95,,117,104,146,,335,7,8,184,55,229,,192,200,300,,,105,242,,,1011,,,,292,,75,,,,,,,,,,,160,83,14,6,,,,422,,,,,96,,,,,,,,,,,,,,,17,,,,,,,,,,,,241,92,9,91,18,,56,29,327,219,,,189,130,41,,9,,,,,35,67,,66,,70,,27,103,,,,29,0,240,144,52,752,64,2297,112,151,69,,,,,,,,,,,,,,,,,,,,,,422,79,118,,654,,,207,170,258,325,,,77,105,,,,,,36,,,173,82,52,107,10,268,96,95,13,86,93,1,234,85,11,,46,,40,,113,,,,,166,,,,,189,,143,,,,,,,,,,,,,,,,,,,,,,,,,,,,,,,,,,405,128,,,,,,,,,,,,,,134,,,,,,,,,,,,,,,,,,,,,,,
2026-08-03T10:10:01+00:00,,,,,,23,,65,178,310,,,160,,,89,,,,,,366,,302,206,,72,,,,686,,,38,,,135,,,114,,,120,,,,,,,134,,275,,104,,25,,,,,161,22,34,,,,101,,,,,,,,,92,,319,33,117,87,70,156,,,,330,23,,187,102,142,348,49,263,,,219,31,,,10,216,105,,,47,456,158,,2,165,46,23,,,,92,84,494,96,225,492,49,,,,,,,,169,,,,,383,,,,,133,140,,,,,,,148,,,,,509,,179,,94,,150,,,,,,,,,,,,,,,,,,,,,,,,,4,,149,16,11,262,,,,,,,,201,,123,,,,,,,,,,20,,,,,,,,21,,,,,,,,,78,,,,,,254,,8,,113,,,,,,,,,96,,,,,,,,,,,,,,,,167,162,93,143,118,103,143,,337,9,,195,64,228,285,,197,296,,,108,244,25,,1013,,,,288,,72,,,,,,,,30,,,,,9,7,,,,,,,,,81,,,181,,,,,,,,,,,,18,,,,,,,,,,,,243,95,8,88,21,,,36,331,226,37,,192,133,42,117,,,,62,111,,69,,64,,75,,29,104,296,,,28,,,,,,,,,,,,,,,,,,,,,,,,,,,,,,,,,,,,,,,,,,,,,,,,,,,,,,,,,,,,,,,16,77,,0,227,84,,,,,,,,,,,,,,,,,,,,,,,,,,,,,,,,,,,,,,,,,,,,,,,,,,,,,406,,,,,,,,,,,,,,,,,,,,,,,,,,,,,,,,,,,,,,
2026-08-03T10:15:02+00:00,104,207,,,383,20,,64,177,311,,173,165,,,,,,,,91,,133,297,202,,,,,,682,,,36,244,,136,,,112,123,,118,,,,,,,,,276,,105,,,32,5,,,160,,36,113,,231,102,,16,,,,187,,,,186,,,,,,,,,,,,,,,,,,,,,,,,,,,,,,,,,,,,,,,,,,,,,,,,,,,,,,,,,,,,,,,,,,,,,,,,,,,,,,,,,,,,,,,,,,,,,,,,,,415,956,178,,282,124,,141,,261,100,5,,,16,5,246,,,,,,,,200,,121,,,,,,,61,,,,,,,,,,,23,,,,,,,,,84,,,,,,255,,6,77,,,,,,,,,,97,,,,,,,,,,,,,,,,164,155,91,,126,106,136,,340,13,,196,56,,278,193,203,298,,,115,246,26,,1014,,,,284,,68,,,,,,,,,,,159,77,10,,,,,420,,,,,74,,,177,,,,,,,,,,,,19,,,,,,,,,,,,244,96,7,,,110,58,37,335,230,,,195,137,41,,,,,,110,31,72,,68,93,73,,25,105,297,34,,,,239,146,57,739,72,2299,114,,71,,,,,,,,,,,,,,,,,,,,,,424,78,,,655,,140,200,165,256,,,,,104,,,,,,,,,174,83,49,,,263,90,,,64,90,1,236,,10,,,,,,,,,,,,,,,,,,,,,,,,,,,,,,,,,,,,,,,,,,,,,,,,,,,,,,122,307,31,147,198,81,488,38,210,269,93,303,,135,63,45,,123,429,310,360,100,69,,200,544,464,122,,268,800,129,47,160,641,154,105
2026-08-03T10:20:02+00:00,108,205,,,385,21,,66,173,313,,172,167,,,88,,,,,86,369,134,298,201,,71,,,35,,,,37,243,,131,,,108,,,120,,,,,,,132,,279,,,,29,33,6,,,,,34,114,,230,100,,15,123,,,175,,,,185,322,39,112,85,76,155,,,,,25,89,,99,143,342,50,,,,220,33,4,115,11,,99,,,48,453,156,,3,160,57,,19,447,2,90,85,485,94,230,490,50,,351,,,,,,,,,,,387,,,,,132,,,,,,,,,,,277,,512,,199,,97,,155,,,,,,,,,,,,,,,,,,,,,,,,,2,,151,16,1,230,,,,,,,,,,118,,,,,,,,,,21,,77,,,,,,21,,,,,,,,,88,,,,,,252,,,76,,,,,,,,,,,,,,,,,,,,,,,,,,162,158,87,144,124,104,139,,,15,9,201,64,231,280,,206,307,,,114,240,30,,1013,,,,,,66,,,,,,,,,,,155,74,8,,,,,418,,,,,71,,,173,,,,,,,,,,,,18,,,,,,,,,,,,237,,8,,20,111,57,41,336,226,,,194,144,42,120,,,,63,111,29,75,,65,95,70,62,22,102,293,,131,,,242,144,58,743,77,2296,115,153,70,,,,,,,,,,,,,,,,,,,,,,427,80,120,,,,137,206,166,259,323,,,83,102,,,,,,41,,,176,88,56,105,,265,101,96,15,66,87,0,248,83,12,,,,38,,,,,,,168,,,,,181,,148,,,,,,,,,,,,,,,,,,,,,,,,,,,,,,,,,,403,129,,302,32,148,203,79,,41,202,274,,298,,,61,44,,121,431,,,,,,,,,,,262,,,48,,,,
2026-08-03T10:25:01+00:00,104,202,,,386,20,,72,179,312,,173,168,,,,,,,,,364,135,296,198,,,,,,680,,,36,,,128,,,,121,,,,,,,,,,,,,,,30,32,,,,,,33,112,,,,,,125,,,,,,,188,,,,,,,,,,,,,,,,,,,,,,,,,,,,,,,,,,,,,,,,,,,,,,,,,,,,,,,,,,,,,,,,,,,,,,,,,,,,,,,,,,,,,,,,,,,,,,,,,,414,965,175,,283,130,144,142,218,265,103,0,,147,16,0,212,,,,,,,,199,,117,,,,,,,59,,,20,,76,,,,,,23,,,,,,,,,83,,,,,,249,,5,78,,,,,,,,,,,,,,,59,,,,,,,,,,,,162,89,145,123,111,143,,343,14,,,66,233,278,194,203,305,,,113,246,28,,1015,,,,282,,67,,,,,,,,,,,152,75,13,,,,,414,,,,,66,,,171,,,,,,,,,,,,19,,,,,,,,,,,,,97,9,87,24,110,56,45,332,225,,,,145,43,,,,,,,31,72,,58,99,71,,21,104,291,,133,,,,,,,,,,,,,,,,,,,,,,,,,,,,,,,,,,,,,,,,,,,,,,,,,,,,,,,,,,,,,,,,11,61,88,11,251,85,9,,,,,,,,,,,,,,,,,,,,,,,,,,,,,,,,,,,,,,,,,,,,,,,,,,,,405,,,301,33,147,200,78,487,42,200,,,,,,64,45,,123,430,309,,,,,,,461,,,,,,47,,,,
2026-08-03T10:30:01+00:00,,,,135,384,22,,,175,311,,,169,,,91,,,,,84,363,132,302,191,,73,,,34,677,,,39,244,,,,,109,120,,118,,,,,,,133,,278,,,,29,33,,,,,,29,104,,231,99,,,,,,,,,98,191,320,36,121,86,79,158,,,,,26,84,192,,145,345,51,262,200,112,213,36,,,5,217,91,,522,51,442,151,84,2,159,67,,,446,,95,81,486,87,,,49,,350,,,,,,157,,,,,388,,,,,125,137,,,,,,,141,,,271,,519,,,,98,,158,,,,,,,,,,,,,,,,,,,,,,,,,2,,144,16,,206,,,,,,,,,,,,,,,,,,,,,,,,,,,,,,,,,,,,,75,,,,,,254,,7,80,114,,,,,,,,,,,,,,58,,,,,,,,,,,161,,93,,125,,135,,348,16,,203,58,237,274,196,205,,,,116,244,27,,1012,,,,278,,66,,,,,,,,,,,,,11,9,,,,417,,,,,57,,,176,,,,,,,,,,,,,,,,,,,,,,,,231,99,8,86,23,109,,47,329,222,,,195,146,45,124,,,5,,,35,69,,,100,66,64,22,,285,,,,,243,157,,741,80,,114,156,60,,,,,,,,,,,,,,,,,,,,,,429,81,,,654,,135,209,165,260,321,,,85,103,,,,,,40,,,177,,57,,,,98,,,,,,,,,,,,,,,,,,,,,,,,,,,,,,,,,,,,,,,,,,,,,,,,,,,,,,,,,,,,404,126,,302,31,,,79,486,44,203,,,294,,,66,44,,125,432,,,,,,,,462,123,,259,,130,48,,,141,
2026-08-03T10:30:02+00:00,,,,,,,,,,,,,,,,,,,,,,,,,,,,,,,,,,,,,,,,,,,,,,,,,,,,,,,,,,,,,,,,,,,,,,,,,,,,,,,,,,,,,,,,,,,,,,,,,,,,,,,,,,,,,,,,,,,,,,,,,,,,,,,,,,,,,,,,,,,,,,,,,,,,,,,,,,,,,,,,,,,,,,,,,,,,,,,,,,,,,,,,,,,,,,,,,,,,,,,200,,120,,,,,,,57,,,18,,75,,,,,,22,,,,,,,,,,,,,,,,,,,,,,,,,,,,,,,,,,,,,,,,,,,,,,,,,,,,,,,,,,,,,,,,,,,,,,,,,,,,,,,,,,,,,,,,,,,,,,,,,,,,,,,,,,,,,,,,,,,,,,,,,,,,,,,,,,,,,,,,,,,,,,,,,,,,,,,,,,,,,,,,,,,,,,,,,,,,,,,,,,,,,,,,,,,,,,,,,,,,,,,,,,,,,,,,,,,,,,,,,,,,7,65,85,16,255,,7,,,,,,,,,,,,,,,,,,,,,,,,,,,,,,,,,,,,,,,,,,,,,,,,,,,,,,,,,,,,,,,,,,,,,,,,,,,,,,,,,,,,,,,,,,
2026-08-03T10:35:02+00:00,103,,,,,20,,,179,,,178,,,,,,,,,85,,131,299,186,,72,,,,674,,,,242,,,,,107,122,,117,,,,,,,,,276,,,,31,35,,,,159,,,102,,232,97,,14,,,,179,,,97,193,318,46,132,85,80,157,,192,,,32,85,191,,,346,,,,104,215,33,,,,213,94,,,50,438,150,85,4,158,62,,,,,98,71,494,86,229,488,51,,,,,,,,154,,,,,389,,,,,,139,,,,,,,139,,,268,,516,,207,,97,,159,,,,,,,,,,,,,271,417,966,167,,282,128,143,,222,273,101,1,,140,16,,202,,,,,,,,197,,,,,,,,,58,,,19,,74,,,,,,21,,,,,,,,,,,,,,,257,,6,,,,,,,,,,,96,,,,,,,,,,,,,,,,160,165,,144,126,,141,,351,,,207,67,238,275,,209,308,,,117,248,29,,1009,,,,283,,64,,,,,,,,28,,,153,73,10,8,,,,,,,,,59,,,172,,,,,,,,,,,,17,,,,,,,,,,,,234,,6,87,21,108,,48,330,227,,,194,147,43,,8,,,64,113,38,74,,60,101,62,65,,106,282,,,30,,246,165,59,737,78,2292,115,161,59,,,,,,,,,,,,,,,,,,,,,,427,83,,,657,,138,210,162,259,324,,,87,102,,,,,,44,,,179,93,60,107,13,269,101,93,9,74,82,9,254,86,10,,,,,,,,,,,,,,,,,,,,,,,,,,,,,,,,,,,,,,,,,,,,,,,,,,,,405,127,,303,33,,202,,487,45,202,275,,295,,,62,47,,130,433,304,,,,,,,458,,,260,,124,49,,,,
2026-08-03T10:40:02+00:00,105,,,,387,21,,,181,,,181,,,,90,,,,,,366,132,303,184,,73,,,,,,,,,,126,,,,123,,,,,,,,,,,278,,,,35,,7,,,161,,,,82,231,99,,,124,,,,,,100,191,,,,,,,,,,332,41,86,194,96,147,349,49,261,201,99,216,19,5,,1,219,85,,523,51,427,148,83,,160,75,,20,,,,,,,,,,,,,,,,,,,,,,,,,,,,,,,,,,,,,,,,,,,,,,,,,,,,,,,,,,,,,,,,,,,,,,,0,,139,16,4,189,,,,,,,,,,121,,,,,,,57,,,18,,,,,,,,,,,,,,,,,80,,,,,,255,,7,81,,,,,,,,,,95,,,,,57,,,,,,,,,,,157,164,,,125,115,139,,355,18,,210,71,234,286,197,208,312,77,,121,253,28,,1008,,,,282,,63,,,,,,,,,,,154,76,13,,,,,,,,,,62,,,171,,,,,,,,,,,,,,,,,,,,,,,,231,97,8,85,25,,57,44,332,229,,,198,,,,,,,,112,39,79,5,,106,59,62,26,,280,36,132,27,,,,,,,,,,,,,,,,,,,,,,,,,,,,,,,,,,122,,,,141,209,160,260,325,,,,100,,,,,,45,,,181,,57,103,,277,109,95,12,68,,,268,88,,,48,,42,,116,,,,,,,,,,189,,151,,,,,,,,,,,,,,,,,,,,,,,,,,,,,,,,,,402,,,,35,145,207,78,486,43,197,,,293,,136,61,48,,128,434,,,,,,,,453,,,265,,121,,,,135,
2026-08-03T10:45:01+00:00,106,204,,,386,23,,78,178,308,,182,168,,,89,,,,,,363,133,306,183,,72,,,,677,25,,38,243,,122,,9,106,122,,,,19,,,,,131,,277,,103,,38,36,8,,,160,,32,98,,,98,,,,,,,,,106,188,311,44,141,89,82,151,,,,,,,,,,,,,,,,,,,,,,,,,,,,,,,,,,,,,,,,,,,,,,,,,153,,,,,390,,,,,128,142,,,,,,,144,,,269,,512,,225,,,,,,,,,,,,,,,,,,419,968,169,119,281,124,142,143,221,276,98,,,133,16,6,178,,,,,,,,196,,117,,,,,,,,,,20,,,,,,,,25,,,,,,,,,81,,,,,,262,,6,,113,,,,,,,,,,,,,,,,,,,,,,,,,156,155,92,146,123,,131,,351,,,206,74,237,295,198,210,311,79,,125,252,29,,1009,,,,,,64,,,,,,,,,,,,77,14,6,,,,414,,,,,63,,,169,,,,,,,,,,,,,,,,,,,,,,,,227,,12,,26,110,58,51,335,225,,,199,149,45,123,,,,65,,,81,4,57,107,64,61,30,109,278,37,133,,2,248,166,60,736,80,2293,,159,60,,,,,,,,,,,,,,,,,,,,,,,,,,,,,,,,,,,,,,,,,,,,,,,,,,,,,13,61,80,12,276,89,8,,,,,,,,,,,,,,,,,,,,,,,,,,,,,,,,,,,,,,,,,,,,,,,,,,,,,128,,305,,141,206,,485,44,195,276,,,,137,60,46,,127,431,,,,,,,,451,,,273,,123,,,,,
2026-08-03T10:50:01+00:00,103,205,,,382,24,,75,181,309,,176,173,,,,,,,,88,366,129,304,178,,,,,,679,26,,,,,123,,11,,124,,116,,18,,,,,,,278,,101,,,37,7,,,,,33,95,83,,,,17,,,,183,,,,187,,,,,,,,,,334,40,88,197,95,148,386,53,260,,94,215,12,6,,,220,74,,525,49,428,152,,7,158,66,,,449,,,,,,,,,,,,,,,,,,,,,,,,,,,,,,,,,,,,,,,,,,,,,,,,,,,,,,,,,,,,,,,,,,,,,,,,136,16,7,174,,,,,,,,194,,,,,,,,,55,,,21,,,,,,,,26,,,,,,,,,,,,,,,280,,,78,,,,,1,,,,,,,,,,,,,,,,,,,,,157,,95,145,126,116,134,,349,19,,,79,,297,199,208,314,,,128,257,35,,1006,,,,,,,,,,,,,,,,,,,,,,,,,,,,,,,,,,,,,,,,,,,,,,,,,,,,,,,,222,98,,,22,108,,,333,,,,197,150,48,,,,,,,,87,,56,108,,55,33,110,272,,,25,6,245,159,59,732,86,2296,116,155,68,,,,,,,,,,,,,,,,,,,,,,422,,126,,648,,140,208,163,259,322,,,,98,,,,,,39,,,180,96,58,104,,274,119,93,12,59,81,15,271,87,,,,,,,,,,,,,,,,,,,,,,,,,,,,,,,,,,,,,,,,,,,,,,,,,,,,,400,129,,299,32,,203,,,43,,277,,292,,136,58,,,,429,303,,,,,,,450,,,,,116,,,,123,
2026-08-03T10:55:02+00:00,102,207,,,385,23,,,172,306,,175,,,,87,,,,,,364,,,176,,,,,35,680,,,,,,126,,12,108,125,,,,,,,,,,,,,,,37,36,,,,159,23,31,,84,,97,,,,,,184,,,104,,307,56,143,92,83,149,,,,333,45,83,196,96,150,380,,262,200,,216,8,7,,,216,63,,522,,411,150,,6,155,76,,,,,100,69,492,91,230,479,52,,349,,,,,,158,,,,,388,,,,,125,147,,,,,,,136,,,271,,507,,236,,98,,167,,,,,,,,,,,,,270,418,974,166,120,277,125,,146,219,,104,2,,137,16,8,180,,,,,,,,196,,,,,,,,,,,,23,,73,,,,,,,,,,,,,,,88,,,,,,283,,4,77,,,,,5,,,,,,,,,,56,,,,,,,,,,,158,159,,146,127,119,131,,347,21,,204,76,242,,,210,312,,,126,261,31,,1004,,,,277,,56,,,,,,,,,,,156,73,10,7,,,,413,,,,,70,,,171,,,,,,,,,,,,18,,,,,,,,,,,,212,96,10,88,25,109,57,52,,220,36,,196,153,47,122,,,,66,,43,92,5,58,110,62,,36,113,271,,,24,8,239,150,61,739,96,2291,118,163,69,,,,,,,,,,,,,,,,,,,,,,419,,129,,647,,142,206,160,260,,,,90,103,,,,,,35,,,179,94,61,103,,276,,92,13,62,77,13,275,,10,,43,,,,120,,,,,179,,,,,190,,150,,,,,,,,,,,,,,,,,,,,,,,,,,,,,,,,,,,130,124,301,,135,204,76,,47,190,276,,,,,,43,,128,427,301,,,,,,,,,,275,,118,50,,,126,
2026-08-03T11:00:02+00:00,101,210,,,390,24,,76,175,305,,176,172,,,,,,,,,362,131,300,,,,,,34,683,,,,,,129,,13,110,126,,113,,19,,,,,,,281,,,,,35,,,,,,,96,,230,,,,,,,,,,102,185,,,,,,,,,,,,,,,,,,,,,,,,,,,,,,,,,,,,,,,,,,,,,,,,,,,,,,,,,,,,,,,,,,,,,,,,,139,,,,,508,,246,,101,,177,,,,,,,,,,,,,,,,,,,,,,,,,1,,132,16,7,176,,,,,,,,,,116,,,,,,,58,,,26,,,,,,,,27,,,,,,,,,89,,,,,,279,,5,79,,,,,4,,,,,,,,,,,,,,,,,,,,,,160,94,147,126,121,125,,350,22,,207,74,243,293,,207,314,,,125,266,32,,1002,,,,276,,55,,,,,,,,,,,,72,9,,,,,,,,,,71,,,172,,,,,,,,,,,,20,,,,,,,,,,,,,,,87,26,,,53,,218,,,,,46,125,,,,69,111,52,91,6,,,63,,37,115,273,,,,9,,153,59,738,87,2294,116,167,65,,,,,,,,,,,,,,,,,,,,,,,,,,,,,,,,,,,,,,,,,,,,,,,,,,,,,14,74,74,,269,88,5,,,,,,,,,,,,,,,,,,,,,,,,,,,,,,,,,,,,,,,,,,,,,,,,,,,,399,129,121,298,28,141,202,75,,45,191,274,,294,,,54,,,130,428,,,,,,,,449,,,272,,,49,,,,
2026-08-03T11:05:02+00:00,98,214,,,393,26,,82,174,304,,178,171,,,85,,,,,90,361,134,301,,,74,,,,681,,,40,,,132,,38,,125,,,,,,,,,132,,282,,,,36,36,6,,,160,22,29,99,,,98,,,,,,180,,,105,,300,,145,89,84,,,,,334,46,88,198,,147,372,51,263,,93,214,7,6,,1,218,71,,524,,413,149,81,7,147,78,,,448,1,103,71,497,92,234,,,,352,,,,,,155,,,,,386,,,,,128,145,,,,,,,,,,,,,,,,,,,,,,,,,,,,,,,,416,971,167,,279,123,,144,221,275,112,7,,134,16,5,175,,,,,,,,198,,,,,,,,,,,,27,,,,,,,,,,,,,,,,,92,,,,,,283,,4,78,,,,,2,,,,,96,,,,,,,,,,,,,,,,,156,99,146,,123,,,355,19,,211,80,,303,,211,312,80,,123,267,34,,1005,,,,274,,56,,,,,,,,,,,158,71,14,,,,,414,,,,,,,,,,,,,,,,,,,,18,,,,,,,,,,,,206,98,11,85,24,110,56,50,335,215,,,197,152,,124,,,,70,110,51,,5,,108,62,53,42,116,270,39,131,26,11,237,154,,735,90,2293,117,162,,,,,,,,,,,,,,,,,,,,,,,,,127,,645,,147,207,158,261,325,,,91,102,,,,,,31,,,178,97,68,105,,60,114,,13,89,,14,264,86,,,,,,,,,,,,,,,,,,,,,,,,,,,,,,,,,,,,,,,,,,,,,,,,,,,,,398,130,,300,,,198,,,39,193,275,,292,,,,45,,131,431,,,,,,,,448,,,275,,117,,,,127,
2026-08-03T11:10:01+00:00,,211,,,399,25,,85,177,302,,185,172,,,,,,,,,359,136,296,179,,,,,,686,,,42,241,,130,,,111,,,,,20,,,,,,,,,100,,34,37,,,,,,,97,,,97,,,,,,179,,,106,,,,,,,,,,,333,49,86,199,97,146,366,,262,,89,213,,,114,,213,55,,527,47,414,146,80,6,151,82,,,447,,,,,,,,,,,,,,,,,,,,,,,,,,,,,,,,,,,,,,,,,249,,99,,179,,,,,,,,,,,,,,,,,,,,,,,,,8,,135,16,1,169,,,,,,,,200,,,,,,,,,57,,,29,,72,,,,,,26,,,,,,,,,91,,,,,,276,,7,79,,,,,9,,,,,98,,,,,,,,,,,,,,,,156,157,102,147,128,125,121,,354,21,,216,83,,,200,213,321,82,,125,269,33,,1002,,,,273,,57,,,,,,,,27,,,159,73,13,,,,,415,,,,,76,,,169,,,,,,,,,,,,,,,,,,,,,,,,203,99,12,,30,,57,48,334,219,,,201,150,,126,,,,,,,90,6,60,110,68,,44,,268,40,,,,,,,,,,,,,,,,,,,,,,,,,,,,,,,,,,,,,,,,,,,,,,,,,,,,,,,,,,,,,,,,,,85,75,,269,87,9,,50,,45,,124,,,,,168,,,,,197,,154,,,,,,,,,,,,,,,,,,,,,,,,,,,,,,,,,,,,,298,33,144,199,74,486,40,,274,,,,,55,42,,133,433,303,,,,,,,,,,274,,116,50,,,128,
2026-08-03T11:15:02+00:00,,,,,393,24,,87,181,305,,188,,,,,,,,,91,358,134,,175,,73,,,,687,,,41,242,,131,,,112,,,,,,,,,,,,281,,101,,37,38,,,,162,21,30,98,85,231,96,,,125,,,186,,,107,181,294,66,147,,88,153,,194,,,,,,,,,,,,,,,,,,,,,,,,,,,,,,,,,104,62,510,97,238,473,50,,355,,,,,,145,,,,,391,,,,,125,146,,,,,,,,,,,,,,,,,,,,,,,,,,,,,,,,,976,,121,280,125,141,149,219,280,109,12,,138,16,0,159,,,,,,,,199,,119,,,,,,,61,,,,,,,,,,,25,,,,,,,,,92,,,,,,279,,8,78,,,,,8,,,,,,,,,,57,,,,,,,,,,,158,150,100,149,127,122,133,,357,,,215,90,244,308,202,217,325,84,,120,272,38,,1009,,,,270,,55,,,,,,,,,,,160,69,14,,,,,,,,,,73,,,168,,,,,,,,,,,,,,,,,,,,,,,,204,,14,88,28,,,47,,216,,,202,,,128,,,6,,,,,7,61,112,70,56,40,,,41,,27,13,232,158,58,738,94,2298,,,68,,,,,,,,,,,,,,,,,,,,,,418,,130,,643,,,206,164,262,328,,,92,,,,,,,32,,,176,100,72,104,,58,116,90,14,84,73,16,267,88,10,,,,,,,,,,,,,,,,,,,,,,,,,,,,,,,,,,,,,,,,,,,,,,,,,,,,399,132,122,300,34,136,200,77,,44,192,273,,294,,138,56,43,,129,432,,,,,,,,446,,,276,,113,52,,,,
2026-08-03T11:20:02+00:00,96,208,,,398,26,,88,179,303,,186,171,,,84,,,,,,362,132,294,179,,,,,,680,,,42,240,,,,,113,126,,,,18,,,,,,,282,,97,,,37,,,,161,20,31,100,,230,95,,18,126,,,183,,,,185,287,70,153,99,89,159,,,,334,46,87,204,98,147,365,52,,,90,216,,,,4,,45,162,526,48,411,152,79,,154,92,,,449,1,105,58,509,95,,474,49,,354,,,,,,,,,,,,,,,,,149,,,,,,,149,,,269,,504,,248,,103,,181,,,,,,,,,,,,,,,,,,,,,,,,,10,,143,16,,177,,,,,,,,200,,118,,,,,,,63,,,,,,,,,,,26,,,,,,,,,95,,,,,,285,,7,80,112,,,,4,,,,,,,,,,,,,,,,,,,,,159,151,103,147,131,126,139,,358,20,,,91,246,307,201,220,,85,,117,276,39,,1011,,,,273,,52,,,,,,,,28,,,,,,,,,,414,,,,,78,,,,,,,,,,,,,,,17,,,,,,,,,,,,205,97,12,,32,109,59,48,339,227,,,204,149,,129,,,,71,109,54,89,,64,111,68,61,41,114,271,45,,25,12,233,162,,743,97,2299,,160,72,,,,,,,,,,,,,,,,,,,,,,417,82,127,,645,,,207,162,260,326,,,93,,,,,,,,,,180,103,80,103,,63,114,94,13,,,13,259,,,,,,,,,,,,,,,,,,,,,,,,,,,,,,,,,,,,,,,,,,,,,,,,,,,,,,400,134,,302,32,137,195,76,,38,191,275,,,,141,,,,127,433,,,,,,,,,,,,,107,,,,117,
2026-08-03T11:25:01+00:00,91,210,,,400,25,,84,,301,,182,166,,,85,,,,,95,358,141,295,181,,,,,,678,,,,,,132,,,115,,,,,,,,,,,,,,,,34,,,,,160,,32,101,,231,,,19,,,,179,,,108,187,,,,,,,,,,,,,,,,,,,,,,,,,,,,,,,,,,,,,,,,,,,,,,,,,,,,,,,136,,,,,392,,,,,124,153,,,,,,,,,,,,,,,,,,,,,,,,,,,,,,,,,975,162,122,281,122,140,,224,279,,9,,145,16,,175,,,,,,,,202,,116,,,,,,,,,,,,76,,,,,,23,,,,,,,,,96,,,,,,283,,8,82,,,,,6,,,,,,,,,,56,,,,,,,,,,,161,152,104,148,,130,,,357,,,222,87,250,311,204,224,322,84,,119,273,,,1015,,,,269,,50,,,,,,,,29,,,161,70,,,,,,415,,,,,74,,,165,,,,,,,,,,,,19,,,,,,,,,,,,203,,11,91,33,,58,52,341,228,,,203,147,,130,,,,,110,57,,8,65,106,66,60,42,117,275,,,24,,,,,,,,,,,,,,,,,,,,,,,,,,,,,,,,,,,,,,,,,,,,,,,,,,,,,,,,,,,,,,,14,80,75,19,257,90,12,,58,,40,,123,,,,,165,,,,,214,,151,,,,,,,,,,,,,,,,,,,,,,,,,,,,,,,,,,399,,123,304,,138,192,74,487,40,196,274,,,,140,51,,,129,432,305,,,,,,,449,,,272,,108,54,,,,
2026-08-03T11:30:01+00:00,90,,,,408,26,,,177,300,,179,161,,,82,,,,,,356,147,301,,,74,,,,685,25,,,242,,138,,,116,,,,,,,,,,,,281,,,,35,,5,,,162,,,,,,94,,,127,,,180,,,,190,288,63,161,97,91,,,,,335,42,83,198,100,146,359,,264,201,98,221,,,113,,211,48,,527,49,408,149,77,4,152,110,,,450,,103,53,513,94,233,,,,,,,,,,,,,,,,,,,,,,,,,,,,150,,,,,515,,256,,105,,189,,,,,,,,,,,,,,,,,,,,,,,,,,,,,,,,,,,,,,,,,,,,,,,,,,,,,,,,,,,,,,,,,,,,,,,,,282,,9,,113,,,,10,,,,,101,,,,,,,,,,,,,,,,,,,,,,,,,,,226,,,318,206,,321,,,,278,41,,,,,,,,,,,,,,,,,,,,,,,,,,,,,,,,,,,,,,,,,,,,,,,,,,,,,,,,,,,,,,,,,,,,,,,,,,,,,,,,,,,,,,,,,,,,,,,,,,,,,,,,,,,,,,,,,,,,,,,,,,,,,130,,,,148,,158,262,325,,,89,103,,,,,,27,,,181,102,,102,,65,,98,,,,,,,,,,,,,,,,,,,,,,,,,,,,,,,,,,,,,,,,,,,,,,,,,,,,,,,,,,,402,133,,308,31,137,190,77,489,41,197,275,,293,,139,53,42,,133,431,,,,,,,,,122,,276,,107,50,,,114,
2026-08-03T11:30:02+00:00,,,,,,,,,,,,,,,,,,,,,,,,,,,,,,,,,,,,,,,,,,,,,,,,,,,,,,,,,,,,,,,,,,,,,,,,,,,,,,,,,,,,,,,,,,,,,,,,,,,,,,,,,,,,,,,,,,,,,,,,,,,,,,,,,,,,,,,,,,,,,,,,,,,,,,,,,,,,,,,,,,,,,,,,,,,,,,,,,,,,,,,,,,12,,,16,,174,,,,,,,,,,115,,,,,,,65,,,,,77,,,,,,24,,,,,,,,,,,,,,,,,,,,,,,,,,,,,,,,,,,,,,,,,,,,,147,101,149,129,133,138,,360,17,,,,,,,,,,,,,,,,,,,270,,48,,,,,,,,30,,,163,71,15,6,,,,,,,,,70,,,166,,,,,,,,,,,,18,,,,,,,,,,,,204,,10,,32,108,59,54,344,,,,,146,,131,,,,,108,61,90,5,66,107,64,,41,116,,44,,23,11,230,161,57,738,90,2303,119,,78,,,,,,,,,,,,,,,,,,,,,,,,,,,,,,,,,,,,,,,,,,,,,,,,,,,,,18,,73,23,265,88,16,,,,,,,,,,,,,,,,,,,,,,,,,,,,,,,,,,,,,,,,,,,,,,,,,,,,,,,,,,,,,,,,,,,,,,,,,,,,,,,,,,,,,,,,,,
2026-08-03T11:35:02+00:00,92,211,,,406,27,,,183,,,181,,,,79,,,,,,,149,304,180,,76,,,32,689,,,43,243,,139,,,114,127,,112,,,,,,,131,,284,,,,37,38,,,,164,,38,,,,95,,,,,,184,,,109,191,,,,,,,,,,,45,84,190,104,,352,53,265,,,,,5,,7,210,53,,526,47,406,152,,,154,107,,,452,,,,,,,,,,,,,,,,132,,,,,391,,,,,121,151,,,,,,,157,,,268,,,,255,,,,188,,,,,,,,,,,,,268,414,,152,121,280,125,139,151,223,270,108,13,,147,16,1,170,,,,,,,,204,,114,,,,,,,,,,30,,78,,,,,,,,,,,,,,,95,,,,,,275,,10,87,,,,,7,,,,,,,,,,55,,,,,,,,,,,162,153,,,128,,136,,359,19,,228,,255,313,208,225,322,,,116,279,40,,1019,,,,,,47,,,,,,,,28,,,162,74,17,8,,,,414,,,,,69,,,173,,,,,,,,,,,,,,,,,,,,,,,,205,,11,89,33,,,51,348,229,,,205,148,,,,,7,,,,,9,75,106,61,,37,115,274,45,132,24,10,,160,58,740,92,2302,,161,79,,,,,,,,,,,,,,,,,,,,,,418,81,,,651,,,209,149,261,326,,,,,,,,,,30,,,183,,86,103,,54,,,16,73,78,27,275,91,18,,,,,,,,,,,,,,,,,,,,,,,,,,,,,,,,,,,,,,,,,,,,,,,,,,,,,134,,,,134,193,,,33,,276,,292,,,52,,,131,427,,,,,,,,445,,,274,,106,49,,,,
2026-08-03T11:40:01+00:00,98,214,58,,396,29,,80,182,297,,188,,,,72,,,,,,357,,303,179,,,,,,,,,44,242,,141,,,,,,113,,17,,,,,132,,,,98,,,37,6,,,,,37,102,,230,,,,128,,,186,,,,,287,60,160,100,93,164,,,,334,41,82,192,108,145,354,55,262,200,97,,,4,,10,212,56,163,,48,414,153,75,5,149,112,,,,,104,61,522,95,236,476,,,,,,,,,,,,,,,,,,,,,,,,,,,,,,,,,,,,,,,,,,,,,,,,,,,,,,,,,,,,,,,14,,146,16,2,182,,,,,,,,206,,112,,,,,,,64,,,28,,76,,,,,,25,,,,,,,,,90,,,,,,277,,11,86,116,,,,6,,,,,103,,,,,56,,,,,64,,,,,,,151,103,147,129,140,142,,362,17,,226,98,258,316,212,228,320,,,,278,37,,1020,,,,269,,44,,,,,,,,27,,,164,73,,7,,,,413,,,,,70,,,169,,,,,,,,,,,,,,,,,,,,,,,,,98,,88,35,110,58,48,349,230,,,,151,45,132,,,,,107,60,86,,79,107,64,,,116,273,,134,,,,,,,,,,,,,,,,,,,,,,,,,,,,,,,,,,,133,,,,,,,,,,,87,,,,,,,,,,,,,,,60,115,,17,75,84,33,270,90,22,,60,,41,,,,,,,167,,,,,204,,148,,,,,,,,,,,,,,,,,,,,,,,,,,,,,,,,,,,,124,306,,131,200,,486,30,204,275,,291,,137,51,44,,133,428,302,,,,,,,446,,,283,,104,51,,,109,
2026-08-03T11:45:01+00:00,97,212,,,404,27,,82,184,,,185,,,,70,,,,,,360,154,302,176,,75,,,31,698,,,,,,142,,,116,128,,112,,,,,,,131,,282,,91,,36,38,,,,163,19,39,105,,,93,,,,,,187,,,,192,,,,,,,,,,,,,,,,,,,,,,,,,,,,,,,,,,,,,,,,,101,60,527,99,238,480,47,,356,,,,,,136,,,,,,,,,,118,149,,,,,,,163,,,,,517,,258,,107,,194,,,,,,,,,,,,,,411,979,150,,281,126,144,,224,266,101,11,,148,16,,186,,,,,,,,207,,114,,,,,,,,,,33,,74,,,,,,26,,,,,,,,,,,,,,,278,,9,,,,,,11,,,,,,,,,,55,,,,,65,,,,,,161,153,99,148,131,145,141,,364,,,227,93,261,317,211,224,321,86,,115,284,,,1025,,,,,,42,,,,,,,,,,,162,71,20,,,,,412,,,,,67,,,167,,,,,,,,,,,,,,,,,,,,,,,,207,,,,,,,50,351,231,,,206,150,44,133,,,,,105,,84,8,85,112,65,63,38,,279,,133,,15,223,162,,737,95,2307,118,164,81,,,,,,,,,,,,,,,,,,,,,,415,82,134,,653,,147,208,155,260,328,,,88,104,,,,,,,,,185,103,88,106,,61,120,97,22,78,80,35,282,88,27,,,,,,,,,,,,,,,,,,,,,,,,,,,,,,,,,,,,,,,,,,,,,,,,,,,,404,133,123,310,,139,199,,484,29,212,273,,,,136,,,,134,,300,,,,,,,,,,284,,108,,,,,
2026-08-03T11:50:01+00:00,98,214,57,,407,,,,187,,,182,165,,,60,,,,,97,,152,,172,,,,,,697,26,,46,241,,139,,,118,127,,113,,,,,,,133,,,,81,,35,,7,,,,20,,104,,228,91,,,127,,,183,,,103,191,289,61,,95,95,173,,,,333,38,81,187,109,146,355,56,260,202,107,223,7,,112,7,,51,,,52,423,158,74,7,148,115,,,,,,,,,,,,,,,,,,,,,,,,,,,,,,,,,,,,,,,,,,,,,,,,,,,,,,,,,,,,,,,,,,,,,,,,,15,,154,16,,197,,,,,,,,206,,113,,,,,,,63,,,34,,75,,,,,,25,,,,,,,,,87,,,,,,273,,11,80,,,,,8,,,,,104,,,,,54,,,,,,,,,,,,154,95,149,,142,143,,362,,,229,91,265,314,210,228,316,,,,276,,,1026,,,,271,,44,,,,,,,,,,,,77,22,,,,,411,,,,,69,,,165,,,,,,,,,,,,,,,,,,,,,,,,210,99,,86,28,111,57,52,354,234,,,208,151,43,135,,,,72,104,69,86,5,95,110,68,65,39,,283,42,134,23,13,222,160,56,932,92,,,167,85,,,,,,,,,,,,,,,,,,,,,,418,,133,,649,,150,204,159,261,331,,,90,105,,,,,,31,,,184,105,91,105,,54,,99,23,88,79,38,293,89,,,,,,,,,,,,,,,,,,,,,,,,,,,,,,,,,,,,,,,,,,,,,,,,,,,,,405,132,,,,135,200,,485,,,,,,,,,46,,133,,,,,,,,,447,,,286,,,,,,,
2026-08-03T11:55:02+00:00,99,217,,134,408,25,,81,186,299,,189,166,,,51,,,,,98,358,156,305,179,,78,,,,701,,,45,243,,,,,,126,,114,,18,,,,,134,,,,96,,36,37,,,,164,,40,107,,,89,,,,,,180,,,104,,,,,,,,,,,,41,,183,103,148,353,57,,,103,225,9,2,,,215,49,164,,54,,159,73,,,,,,454,,97,58,535,97,233,477,,,354,,,,,,141,,,,,392,,,,,113,147,,,,,,,159,,,267,,506,,246,,108,,197,,,,,,,,,,,,,,413,,144,118,279,124,,,,267,103,14,,157,16,0,188,,,,,,,,207,,111,,,,,,,65,,,33,,77,,,,,,,,,,,,,,,93,,,,,,271,,9,74,,,,,9,,,,,,,,,,,,,,,,,,,,,163,152,92,148,,141,144,,358,16,,224,84,268,308,213,226,311,,,119,279,35,,1032,,,,272,,46,,,,,,,,26,,,163,,,4,,,,412,,,,,72,,,167,,,,,,,,,,,,,,,,,,,,,,,,214,,12,85,,,,51,355,235,,,,147,,134,,,6,75,103,76,87,2,101,108,70,67,41,114,291,43,,,16,221,153,,938,99,,,168,,,,,,,,,,,,,,,,,,,,,,,414,,134,,650,,151,205,165,267,333,,,87,104,,,,,,32,,,183,104,92,104,,61,118,95,25,90,,40,300,87,33,,,,,,,,,,,,,,,,,,,,,,,,,,,,,,,,,,,,,,,,,,,,,,,,,,,,403,135,126,310,30,,196,78,486,,213,274,93,289,,137,50,45,,131,429,,,100,69,,,,446,123,,278,800,109,,160,,118,105
2026-08-03T12:00:01+00:00,98,216,,,413,24,,83,185,296,,198,165,,,44,,,,,100,362,163,304,178,,79,,,,706,,,,242,,136,,,,127,,113,,19,,,,,,,283,,119,,38,35,,,,165,,41,109,,229,88,,,,,,,,,105,192,286,66,157,98,99,177,,195,,,,,,,,,,,,,,,,,,,,,,,,,,,,,,,,,,62,,,232,478,,,357,,,,,,140,,,,,390,,,,,114,145,,,,,,,,,,268,,504,,240,,109,,,,,,,,,,,,,,,,,,,,,,,,,,,,,162,16,,196,,,,,,,,,,,,,,,,,64,,,,,79,,,,,,28,,,,,,,,,90,,,,,,274,,8,72,,,,,13,,,,,103,,,,,,,,,,,,,,,,164,151,94,,130,140,142,,357,14,,228,87,271,314,214,,315,85,,118,277,31,,1036,,,,273,,45,,,,,,,,,,,165,78,23,7,,,,414,,,,,64,,,164,,,,,,,,,,,,,,,,,,,,,,,,212,,,86,29,114,56,47,,240,,,,142,42,133,7,,,74,102,79,86,0,107,106,67,70,36,110,308,,,,,,,,,,,,,,,,,,,,,,,,,,,,,,,,,,,,,,,,,,,,,,,,,,,,,,,,,,,,,,,,,,21,94,81,42,311,86,,,61,,39,,121,,,,,180,,,,,198,,142,,,,,,,,,,,,,,,,,,,,,,,,,,,,,,,,,,406,134,125,313,,134,200,80,488,37,210,275,,290,,136,51,44,,132,428,303,,,,,,,448,,,,,,,,,,
2026-08-03T12:05:01+00:00,,,,,411,25,,80,186,298,,,169,,,42,,,,,99,363,164,301,180,,81,,,,712,27,,47,243,,,,,120,126,,,,20,,,,,,,286,,120,,36,36,,,,,,42,110,,230,90,,,,,,175,,,,193,,,,,,,,,,334,30,75,186,101,149,356,,,,109,,15,3,,10,213,50,,,56,429,100,69,6,,121,,,,,,,,,,,,,,,,,,,,,,,,,,,,,,,,,,,,,,,,,,,,,,,,,,,,,,,,,,,,,267,409,982,142,117,281,125,,,221,,94,,,172,16,,,,,,,,,,213,,110,,,,,,,65,,,32,,80,,,,,,25,,,,,,,,,87,,,,,,275,,7,74,,,,,11,,,,,,,,,,55,,,,,,,,,,,167,146,99,145,133,135,136,,362,15,,231,94,272,318,213,228,319,83,,,275,32,,1044,,,,274,,,,,,,,,,,,,164,,,10,,,,412,,,,,51,,,167,,,,,,,,,,,,,,,,,,,,,,,,211,,13,,30,,,43,349,241,,,211,143,,134,,,,,,80,87,2,109,99,66,,35,111,328,,135,21,18,222,150,,941,101,2309,119,166,84,,,,,,,,,,,,,,,,,,,,,,411,,133,,652,,152,,161,268,,,,85,105,,,,,,31,,,184,102,94,,,67,117,96,,104,,35,322,87,25,,,,,,,,,,,,,,,,,,,,,,,,,,,,,,,,,,,,,,,,,,,,,,,,,,,,407,,126,312,33,136,199,81,490,42,209,272,,288,,137,,,,,427,302,,,,,,,452,124,,283,,111,52,,,115,
2026-08-03T12:10:02+00:00,95,217,,,415,22,,81,190,299,,203,173,,,37,,,,,101,360,163,299,173,,82,,,,722,,,,,,142,,,,125,,111,,,,,,,,,289,,97,,38,38,,,,,18,50,,,,91,,18,126,,,183,,,103,194,282,71,159,94,97,176,,,,,,,,,,,,,,,,,,,,,,,,,,,,,,,,,,,91,71,547,101,227,476,48,,360,,,,,,149,,,,,393,,,,,116,144,,,,,,,168,,,269,,,,232,,107,,201,,,,,,,,,,,,,,,,,,,,,,,,,,,169,16,2,189,,,,,,,,214,,111,,,,,,,,,,34,,81,,,,,,26,,,,,,,,,85,,,,,,271,,6,75,117,,,,8,,,,,102,,,,,,,,,,,,,,,,169,142,106,144,129,,137,,363,,,228,91,277,328,214,229,,85,,115,272,34,,1050,,,,275,,44,,,,,,,,24,,,163,79,25,9,,,,413,,,,,,,,168,,,,,,,,,,,,,,,,,,,,,,,,215,,14,87,23,115,,,353,237,35,,221,142,,137,,,,73,101,82,85,5,119,95,61,73,37,,350,,137,18,20,223,171,57,946,104,2312,120,168,89,,,,,,,,,,,,,,,,,,,,,,,83,137,,649,,157,207,155,270,340,,,91,103,,,,,,27,,,180,104,100,106,29,69,121,94,19,109,85,39,337,86,22,,,,,,,,,,,,,,,,,,,,,,,,,,,,,,,,,,,,,,,,,,,,,,,,,,,,405,132,,316,28,135,203,,,,211,275,,286,,138,50,,,131,428,,,,,,,,451,,,285,,114,,,,120,
2026-08-03T12:15:01+00:00,94,,,,422,21,,77,185,,,198,175,,,31,,,,,104,,161,,171,,83,,,,729,26,,49,241,,146,,37,118,128,,112,,,,,,,133,,290,,74,,35,39,,,,166,17,49,,,,,,,,,,185,,,,,274,69,161,,98,175,,,,,29,,,,153,357,,,,115,224,12,,113,13,216,54,,525,58,422,96,67,4,149,130,,,455,1,,,,,,,,,,,,,,,144,,,,,,,,,,,143,,,,,,,173,,,274,,502,,,,109,,200,,,,,,,,,,,,,,413,981,135,118,284,126,,,222,273,98,15,,168,16,5,187,,,,,,,,209,,113,,,,,,,67,,,,,84,,,,,,,,,,,,,,,89,,,,,,281,,5,77,118,,,,3,,,,,103,,,,,,,,,,,,,,,,170,145,109,145,128,137,143,,361,19,,229,97,276,333,215,228,,86,,112,,36,,1057,,,,,,41,,,,,,,,25,,,167,81,24,7,,,,,,,,,58,,,172,,,,,,,,,,,,,,,,,,,,,,,,216,,13,86,25,114,57,44,355,236,,,220,141,,135,,,,,97,88,87,7,127,,,77,40,110,357,,136,17,,,,59,,,,,,,,,,,,,,,,,,,,,,,,,,,,,,,,,,,,,,,,,,,,,,,,,,,,,,,,,,,,118,91,44,338,,18,,68,,47,,118,,,,,172,,,,,199,,140,,,,,,,,,,,,,,,,,,,,,,,,,,,,,,,,,,404,,125,315,,134,,85,489,,215,278,,287,,139,51,45,,130,427,303,,,,,,,456,,,282,,116,,,,121,
2026-08-03T12:20:01+00:00,,219,,,423,23,,81,,297,,201,176,,,23,,,,,103,363,164,303,178,,81,,,29,732,,,50,238,,145,,,120,,,,,,,,,,134,,293,,62,,36,40,8,,,,,50,114,86,,,,,,,,,,,,193,,,,,,,,,,335,31,80,193,106,155,,59,,,109,229,5,,,22,210,52,,529,60,423,95,66,7,144,146,,,,5,,75,548,103,224,475,,,357,,,,,,,,,,,,,,,,,,,,,,,,,,,,,,,,,,,,,,,,,,,,,,,,,,,,,,,,,,,,10,,163,16,0,,,,,,,,,211,,,,,,,,,66,,,33,,88,,,,,,25,,,,,,,,,,,,,,,282,,6,,,,,,5,,,,,102,,,,,,,,,,,,,,,,171,149,111,144,132,136,142,,364,21,,234,96,277,340,216,229,320,,,124,270,27,,1068,,,,,,42,,,,,,,,22,,,164,,27,11,,,,410,,,,,57,,,179,,,,,,,,,,,,,,,,,,,,,,,,223,,16,,,115,59,46,,239,,,224,142,43,131,,,,72,95,95,88,6,133,89,,78,43,,374,,,,21,224,178,,944,106,2309,118,167,87,,,,,,,,,,,,,,,,,,,,,,416,,,,,,158,210,150,269,341,,,92,105,,,,,,29,,,,105,102,,,76,122,93,18,121,90,40,326,85,22,,,,,,,,,,,,,,,,,,,,,,,,,,,,,,,,,,,,,,,,,,,,,,,,,,,,405,131,124,313,,,,86,493,39,214,,,288,,140,48,47,,129,426,302,,,,,,,458,,,278,,117,,,,115,
2026-08-03T12:25:02+00:00,,217,,136,426,24,,78,186,,,199,175,,,20,,,,,105,,,299,182,,82,,,,734,28,1,,239,,147,,,,126,,114,,23,,,,,,,294,,,,37,39,,,,165,,,116,,231,,,19,,,,,,,98,196,268,73,160,99,100,181,,,,,,,,,,,,,,,,,,,,,,,,,,,,,,,,,,,,78,551,104,,472,,,355,,,,,,133,,,,,392,,,,,123,142,,,,,,,177,,,,,501,,234,,113,,207,,,,,,,,,,,,,,412,983,127,120,,127,,,221,275,94,,,173,16,1,201,,,,,,,,209,,,,,,,,,67,,,34,,91,,,,,,22,,,,,,,,,92,,,,,,280,,,79,,,,,9,,,,,101,,,,,,,,,,,,,,,,172,148,116,146,131,139,132,,,23,8,239,99,278,,217,,,,,126,,39,,1079,,,,279,,,,,,,,,,21,,,,80,29,10,,,,413,,,,,61,,,,,,,,,,,,,,,19,,,,,,,,,,,,,100,,89,26,116,60,42,358,244,,,229,144,,134,,,8,,94,94,89,3,137,88,58,77,,114,385,,,,,223,175,61,939,108,2307,119,165,91,,,,,,,,,,,,,,,,,,,,,,,82,134,,644,,157,209,145,270,343,,,89,,,,,,,,,,185,104,107,105,21,75,,96,23,118,94,37,329,82,21,,,,,,,,,,,,,,,,,,,,,,,,,,,,,,,,,,,,,,,,,,,,,,,,,,,,408,,122,310,24,139,204,88,,,211,279,,,,,,46,,,425,303,,,,,,,455,,,,,119,51,,,114,
2026-08-03T12:30:01+00:00,91,219,58,,428,21,,81,187,294,,196,176,,,13,,,,,104,,166,,176,,,,,,738,,2,48,241,,150,,,123,125,,,,,,,,,,,300,,63,,40,38,,,,166,,45,,,,,,,127,,,,,,101,,,,,,,,,,,,37,82,195,,,360,,261,,,,4,,,,212,56,,527,61,422,98,69,6,145,148,,,,6,,,,,,,,,,,,,,,,,,,,,,,,,,,,,,,,,179,,,276,,504,,229,,,,,,,,,,,,,,,,,,,,,,,,,,,,,11,,183,16,8,207,,,,,,,,211,,118,,,,,,,,,,33,,92,,,,,,20,,,,,,,,,105,,,,,,287,,,76,119,,,,2,,,,,104,,,,,54,,,,,63,,,,,,173,155,,145,135,141,,,368,22,,238,102,280,338,218,231,,87,,128,273,37,,1084,,,,280,,40,,,,,,,,22,,,166,81,,9,,,,,,,,,58,,,181,,,,,,,,,,,,18,,,,,,,,,,,,221,99,,88,32,117,,44,,247,,41,,142,,141,,,,,95,100,91,1,139,85,59,80,44,116,394,,,,25,,172,60,936,101,2308,120,,92,,,,,,,,,,,,,,,,,,,,,,,,135,,,,,,,,,,,88,106,,,,,,,,,,105,,,,73,118,,,124,96,34,332,80,19,,60,,55,,120,,,,,,,,,,195,,144,,,,,,,,,,,,,,,,,,,,,,,,,,,,,,,,,,,,,307,21,146,202,89,492,42,217,,,289,,,54,,,,,,,,,,,,,,,280,,122,48,,,113,
2026-08-03T12:35:02+00:00,94,221,,,429,18,,85,184,,,191,179,,,8,,,,,,365,168,300,186,,,,,28,742,29,1,49,239,,154,,,,126,,115,,,,,,,,,,,,,41,39,,,,167,,51,113,,232,,,,126,,,181,,,,195,269,75,161,100,95,179,,,,,,,,,,,,,,,,,,,,,,,,,,,,,,,,,,,92,77,552,102,227,474,,,356,,,,,,138,,,,,394,,,,,128,145,,,,,,,,,,,,,,,,,,,,,,,,,,,,,,,265,,986,125,,,124,,152,217,278,101,12,,,16,10,206,,,,,,,,,,117,,,,,,,66,,,34,,93,,,,,,21,,,,,,,,,108,,,,,,293,,7,77,,,,,3,,,,,,,,,,53,,,,,,,,,,,176,161,114,147,137,145,136,,,20,,236,96,285,332,219,233,325,86,,126,,,,1091,,,,278,,41,,,,,,,,23,,,,83,30,10,,,,417,,,,,53,,,178,,,,,,,,,,,,,,,,,,,,,,,,218,102,17,89,31,116,,45,362,248,,,,150,46,139,,,,,,,88,,140,86,58,82,,,400,42,,,32,225,185,61,,108,2305,123,161,78,,,,,,,,,,,,,,,,,,,,,,414,,,,647,,159,,147,273,344,,,85,,,,,,,30,,,187,104,106,104,14,71,119,94,26,138,101,32,,,24,,,,,,,,,,,,,,,,,,,,,,,,,,,,,,,,,,,,,,,,,,,,,,,,,,,,407,,,311,22,148,198,88,491,43,213,276,,287,,,55,,,,424,304,,,,,,,454,,,278,,124,47,,,112,
2026-08-03T12:40:02+00:00,93,222,,,,19,,91,182,298,,188,178,,,7,,,,,,,171,297,189,,83,,,,740,,0,48,,,158,,,121,,,117,,,,,,,,,,,,,37,40,,,,168,15,53,118,,,92,,,127,,,,,,100,196,267,,158,98,,181,,,,,38,85,194,108,153,361,58,259,204,114,232,11,2,,35,213,61,165,528,62,432,101,73,12,,164,,,460,9,94,78,,101,231,471,49,,353,,,,,,,,,,,395,,,,,131,148,,,,,,,170,,,272,,501,,243,,114,,208,,,,,,,,,,,,,,,,,,,,,,,,,17,,188,16,7,209,,,,,,,,210,,121,,,,,,,,,,,,95,,,,,,22,,,,,,,,,105,,,,,,292,,,78,,,,,4,,,,,,,,,,,,,,,,,,,,,175,163,115,,135,148,137,,365,22,,,102,289,336,222,237,329,,,125,272,36,,1092,,,,275,,42,,,,,,,,24,,,165,84,28,,,,,416,,,,,60,,,176,,,,,,,,,,,,,,,,,,,,,,,,220,,18,84,32,,59,46,360,,,40,,,47,138,,,,,96,99,90,3,144,85,57,88,43,117,410,,137,16,,227,200,,939,105,,122,,82,,,,,,,,,,,,,,,,,,,,,,,83,136,,650,,,210,152,275,,,,88,108,,,,,,33,,,189,105,109,,8,65,,,30,146,99,34,334,79,25,,,,,,,,,,,,,,,,,,,,,,,,,,,,,,,,,,,,,,,,,,,,,,,,,,,,410,132,123,314,24,147,202,,,41,,275,,290,,,58,37,,131,431,305,,,,,,,452,,,,,123,46,,,,
2026-08-03T12:45:01+00:00,91,225,,,432,20,,101,,301,,186,180,,,,,,,,,364,173,302,181,,82,,,,744,,,,240,,,,38,123,,,120,,,,,,,,,,,,,33,,9,,,,,54,121,87,231,93,,,128,,,189,,,,195,,,,,,,,,,,,,,,,,,,,,,,,,,,,,,,,,,,,,,,,,,,,,,,,,,,,,,,,,,,,,,,,,,,,,,,,,,,,,,,,,,,,,,,,,,,,,,,,,,413,987,119,,285,,143,151,220,276,103,21,,191,16,15,206,,,,,,,,214,,119,,,,,,,,,,33,,96,,,,,,,,,,,,,,,104,,,,,,293,,8,77,,,,,5,,,,,106,,,,,54,,,,,64,,,,,,,164,117,148,136,151,136,,367,21,,234,106,288,337,223,240,325,,,131,268,47,,,,,,272,,43,,,,,,,,25,,,,,31,8,,,,,,,,,63,,,178,,,,,,,,,,,,,,,,,,,,,,,,211,101,19,83,36,,,50,361,250,,,,155,,142,,,10,74,100,105,,0,146,84,62,90,41,,423,45,136,21,,,,,,,,,,,,,,,,,,,,,,,,,,,,,,,,417,,137,,649,,160,209,156,274,,,,91,,,,,,,32,,,,,112,102,,64,125,92,32,149,96,31,327,,17,,57,,58,,,,,,,183,,,,,201,,141,,,,,,,,,,,,,,,,,,,,,,,,,,,,,,,,,,412,,124,317,25,146,203,89,492,37,212,272,,289,,,57,39,,129,430,307,,,,,,,,,,,,126,45,,,117,
2026-08-03T12:50:02+00:00,93,227,,,428,24,,99,180,302,,189,178,,,5,,,,,,368,177,301,178,,,,,,742,,,50,239,,156,,,121,,,118,,,,,,,133,,305,,,,31,39,,,,,,57,122,,,,,,127,,,192,,,,193,277,76,166,94,93,178,,196,,334,45,92,192,109,156,370,55,258,206,112,237,7,,112,31,211,65,,,64,429,99,,15,142,156,,,462,6,97,76,566,93,230,475,51,,355,,,,,,128,,,,,398,,,,,129,149,,,,,,,171,,,270,,506,,,,,,215,,,,,,,,,,,,,266,412,984,117,121,,125,,,221,272,105,18,,186,16,10,209,,,,,,,,215,,118,,,,,,,67,,,34,,98,,,,,,,,,,,,,,,105,,,,,,298,,10,75,,,,,1,,,,,107,,,,,,,,,,65,,,,,,174,170,118,,138,149,137,,,,,236,103,293,342,224,237,321,87,,129,272,51,,1096,,,,274,,42,,,,,,,,26,,,164,,32,7,,,,417,,,,,64,,,180,,,,,,,,,,,,19,,,,,,,,,,,,,,20,,38,115,58,51,365,,,,,161,48,,,,9,,,104,93,,147,83,65,,42,,424,,,20,,,214,64,945,110,2307,123,164,83,,,,,,,,,,,,,,,,,,,,,,416,,134,,654,,163,207,155,273,346,,,95,111,,,,,,35,,,191,104,,,,65,123,,33,161,98,26,332,78,21,,,,,,,,,,,,,,,,,,,,,,,,,,,,,,,,,,,,,,,,,,,,,,,,,,,,415,133,122,,21,147,204,90,491,43,213,,,291,,,58,37,,,429,310,,,,,,,455,,,277,,129,47,,,,
2026-08-03T12:55:01+00:00,92,231,,,433,26,,97,182,,,184,180,,,,,,,,105,373,180,302,173,,84,,,27,740,,,53,238,,,,,120,127,,,,,,,,,,,306,,,,30,38,,,,,,,,,,92,,,,,,188,,,,191,,,,,,,,,,335,50,95,198,107,,371,51,259,,114,,5,,113,34,208,68,,529,61,436,,,17,140,168,,,,4,,,,,,,,,,,,,,,136,,,,,,,,,,126,151,,,,,,,167,,,267,,509,,253,,115,,216,,,,,,,,,,,,,,,,,,,,,,,,,19,,187,16,13,207,,,,,,,,,,,,,,,,,66,,,35,,99,,,,,,23,,,,,,,,,107,,,,,,300,,,74,,,,,4,,,,,,,,,,,,,,,,,,,,,175,174,,149,140,157,141,,363,25,,235,102,288,340,225,238,326,,,126,271,55,,1099,,,,275,,43,,,,,,,,28,,,166,87,31,,,,,,,,,,69,,,183,,,,,,,,,,,,,,,,,,,,,,,,214,99,21,82,41,,59,,,246,,,,165,,144,,,,,,,96,,148,89,69,94,38,122,431,,137,,34,232,216,,943,106,2306,124,162,80,,,,,,,,,,,,,,,,,,,,,,,,131,,,,,,,,,,,,110,,,,,,,,,,105,,104,,,125,,,166,102,24,337,75,,,,,,,,,,,,,,,,,,,,,,,,,,,,,,,,,,,,,,,,,,,,,,,,,,,,,416,134,,322,,146,201,89,492,50,214,271,,290,,141,57,,,132,430,309,,,,,,,458,,,279,,133,46,,,120,
2026-08-03T13:00:01+00:00,95,235,,,438,,,104,185,306,,,184,,,,,,,,,372,182,,169,,85,,,28,741,,,51,239,,158,,,,,,,,,,,,,131,,309,,60,,31,,,,,169,16,59,120,,,,,,,,,187,,,101,193,270,66,163,86,89,168,,,,336,49,94,203,108,154,369,48,260,209,127,238,3,3,,37,210,73,,526,58,438,104,74,22,156,172,,,465,3,,,,,,,,,,,,,,,,,,,,,,,,,,,,,,,,,,,,,,,,,,,,,,,,,,,,,,,,,,,,,,,,,,,,,20,,191,16,10,216,,,,,,,,213,,,,,,,,,71,,,34,,103,,,,,,,,,,,,,,,114,,,,,,301,,11,71,,,,,8,,,,,106,,,,,,,,,,,,,,,,178,179,124,152,,159,149,,364,26,,236,96,284,338,224,240,,89,,123,274,60,,1105,,,,272,,45,,,,,,,,27,,,164,89,30,8,,,,,,,,,80,,,,,,,,,,,,,,,20,,,,,,,,,,,,220,,22,85,44,,58,50,368,255,,,230,168,46,145,,,,73,,102,100,,149,87,74,98,36,117,441,,,22,,,,,,,,,,,,,,,,,,,,,,,,,,,,,,,,423,84,,,655,,162,,146,,347,,,97,112,,,,,,34,,,,106,107,105,,59,127,91,38,165,,23,334,76,17,,53,,,,117,,,,,179,,,,,209,,139,,,,,,,,,,,,,,,,,,,,,,,,,,,,,,,,,,,,124,319,20,154,200,90,494,49,,274,,291,,143,55,39,,133,429,,,,,,,,464,,,,,131,,,,123,
2026-08-03T13:05:02+00:00,97,237,,,441,28,,101,188,305,,,186,,,4,,,,,,402,185,300,173,,,,,30,761,,,,240,,,,,121,129,,116,,,,,,,,,311,,28,,33,39,7,,,168,19,64,,,,90,2,,,,,192,,,100,190,272,63,164,85,92,169,,,,,,,,,,,,,,,,,,,,,,,,,,,,,,,,,,,104,75,578,92,233,480,49,,362,,,,,,132,,,,,399,,,,,129,157,,,,,,,174,,,269,,516,,249,,119,,219,,,,,,,,,,,,,,537,990,102,,287,,145,150,224,266,,19,,185,16,8,230,,,,,,,,212,,120,,,,,,,73,,,33,,104,,,,,,22,,,,,,,,,116,,,,,,303,,13,72,120,,,,10,,,,,107,,,,,55,,,,,,,,,,,181,178,128,153,138,165,142,,363,28,,240,102,289,344,,238,320,,,124,273,61,,1114,,,,270,,43,,,,,,,,26,,,167,92,29,9,,,,422,,,,,,,,184,,,,,,,,,,,,17,,,,,,,,,,,,225,98,24,88,43,,57,53,370,247,,,233,170,,,6,,,,101,95,101,1,,90,,99,,,445,44,136,24,37,233,210,,942,109,2313,,,73,,,,,,,,,,,,,,,,,,,,,,426,80,135,,656,,164,,151,,349,,,95,,,,,,,33,,,189,107,105,106,,50,129,95,,181,106,25,331,74,18,,,,,,,,,,,,,,,,,,,,,,,,,,,,,,,,,,,,,,,,,,,,,,,,,,,,417,,122,,19,155,201,88,496,54,215,273,,292,,144,54,43,,134,,310,,,,,,,466,,,280,,,44,,,,
2026-08-03T13:10:01+00:00,98,239,,,447,,,103,187,308,,,192,,,2,,,,,,,188,303,,,84,,,29,769,31,,47,242,,162,,,,,,117,,,,,,,,,312,,0,,37,,8,,,167,,,123,,232,88,5,18,,,,,,,102,,,,,,,,,,,338,45,104,206,,152,364,47,,210,129,240,4,,,36,205,75,164,527,57,437,108,77,23,,183,,,,,,,,,,,,,,,,,,,,,,,,,,,,,,,,,,,,,,,,,,,,,,,,,,,,,,,,,,,,,,,,,,,,,,,,,17,,186,16,7,236,,,,,,,,,,115,,,,,,,72,,,,,103,,,,,,23,,,,,,,,,118,,,,,,309,,9,73,,,,,,,,,,105,,,,,,,,,,,,,,,,,183,132,,136,166,148,,,,,242,101,291,346,,240,327,90,,125,,65,,1118,,,,,,44,,,,,,,,27,,,165,94,30,,,,,424,,,,,81,,,186,,,,,,,,,,,,18,,,,,,,,,,,,229,99,,89,45,,56,59,371,248,,,234,171,,144,5,,10,,,109,106,0,,92,,102,35,,452,,,23,38,236,217,,951,,2312,122,,77,,,,,,,,,,,,,,,,,,,,,,432,79,134,,657,,163,,,274,346,,,97,,,,,,,40,,,191,106,104,108,13,52,131,,42,192,109,23,326,73,19,,,,,,,,,,,,,,,,,,,,,,,,,,,,,,,,,,,,,,,,,,,,,,,,,,,,419,,121,318,16,156,204,86,495,56,214,274,,290,,142,55,46,,,430,,,,,,,,467,125,,283,,130,,,,133,
2026-08-03T13:15:02+00:00,100,242,,,444,29,,,183,310,,179,196,,,1,,,,,107,404,193,302,178,,,,,,783,,,46,240,,165,,,125,130,,,,22,,,,,130,,317,,,,36,,10,,,,,67,128,86,,87,9,,,,,198,,,105,187,277,,167,81,96,170,,,,341,49,118,213,112,150,356,49,261,211,135,247,6,,,37,212,66,,,60,444,109,79,26,162,187,,,467,,,76,591,84,230,478,48,78,364,,,,,,129,,,,,404,,,,,125,156,,,,,,,179,,,265,,523,,247,,123,,220,,,,,,,,,,,,,264,538,994,97,122,288,122,146,152,221,268,104,,,,16,6,247,,,,,,,,210,,,,,,,,,71,,,32,,,,,,,,,,,,,,,,,123,,,,,,312,,11,76,,,,,12,,,,,103,,,,,,,,,,,,,,,,180,187,134,154,128,168,153,,365,24,,238,100,293,341,,,332,89,,123,269,,,1120,,,,271,,45,,,,,,,,25,,,,96,31,11,,,,427,,,,,77,,,190,,,,,,,,,,,,,,,,,,,,,,,,231,102,,88,46,114,59,68,373,262,,,237,176,,155,4,,,,103,113,,,155,89,76,109,34,114,459,43,,,42,,221,63,958,110,,121,161,,,,,,,,,,,,,,,,,,,,,,,439,,133,,655,,,,,,345,,,96,111,,,,,,45,,,,,113,110,16,56,133,96,44,211,117,17,329,75,,,,,,,,,,,,,,,,,,,,,,,,,,,,,,,,,,,,,,,,,,,,,,,,,,,,,,130,119,315,13,164,,85,,54,219,,,289,,144,57,48,,,425,307,,,,,,,468,,,282,,127,46,,,,
2026-08-03T13:20:01+00:00,104,243,,,446,27,,105,188,311,,175,197,,,,,,,,105,406,199,298,181,,,,,,780,,2,,,,,,,,,,116,,,,,,,,,321,,,,33,40,9,,,169,18,66,129,87,,86,11,,,,,201,,,106,186,,,,,,,,,,,,,,,,,,,,,,,,,,,,,,,,,,,,,,,,,,,,,,,,,,,,,,,130,,,,,412,,,,,128,157,,,,,,,183,,,267,,521,,244,,,,225,,,,,,,,,,,,,,,,,,,,,,,,,25,,189,16,4,258,,,,,,,,212,,121,,,,,,,72,,,34,,105,,,,,,24,,,,,,,,,124,,,,,,314,,,,,,,,19,,,,,107,,,,,,,,,,,,,,,,181,188,136,153,125,169,154,,362,22,,,95,296,343,227,237,331,90,,,271,69,,1128,,,,276,,42,,,,,,,,26,,,168,97,35,14,,,,429,,,,,79,,,193,,,,,,,,,,,,17,,,,,,,,,,,,233,,,89,48,115,,74,,266,,,243,179,45,157,,,,72,104,115,104,2,157,,78,113,37,,470,41,,22,44,238,230,64,964,117,2315,120,163,76,,,,,,,,,,,,,,,,,,,,,,440,77,135,,653,,165,,147,272,346,,,97,112,,,,,,,,,190,109,114,109,14,46,138,97,,208,120,19,339,,23,,50,,65,,120,,,,,178,,,,,225,,142,,,,,,,,,,,,,,,,,,,,,,,,,,,,,,,,,,421,,121,312,12,173,208,,496,,213,272,,,,,52,,,136,423,303,,,,,,,469,,,,,129,,,,142,
2026-08-03T13:25:01+00:00,107,244,,,,26,,107,190,312,,179,,,,0,,,,,108,408,203,,,,,,,,785,32,5,45,237,,166,,,,131,,,,23,,,,,131,,,,,,32,36,,,,,17,69,130,,234,87,13,,,,,,,,109,185,286,57,170,85,90,165,,,,340,53,,220,115,149,345,52,,,127,254,3,,,41,216,72,,528,61,442,113,83,27,166,195,,,,,105,72,603,93,231,480,47,80,366,,,,,,,,,,,,,,,,,,,,,,,,,,,,,,,,,,,,,,,,,,,,,,,,265,,1000,87,127,287,127,150,154,224,276,94,,,186,16,,265,,,,,,,,215,,123,,,,,,,74,,,,,107,,,,,,28,,,,,,,,,137,,,,,,319,,12,,,,,,23,,,,,,,,,,,,,,,,,,,,,182,185,139,,,170,,,363,29,,,94,,339,,238,334,93,,120,270,71,,1135,,,,,,,,,,,,,,25,,,172,96,34,,,,,430,,,,,83,,,191,,,,,,,,,,,,18,,,,,,,,,,,,234,104,23,,47,116,60,75,377,,36,,247,180,46,,,,11,,,112,101,0,162,,71,114,,113,484,,,21,47,237,241,,,118,2305,,162,81,,,,,,,,,,,,,,,,,,,,,,448,,137,,650,,169,206,148,273,348,,,98,,,,,,,50,,,189,108,117,,19,53,140,,,202,117,23,,78,25,,,,,,,,,,,,,,,,,,,,,,,,,,,,,,,,,,,,,,,,,,,,,,,,,,,,423,132,122,308,13,171,210,,493,48,211,,,292,,147,,49,,,422,,,,,,,,470,,,284,,128,,,,140,
2026-08-03T13:30:02+00:00,114,245,,137,450,24,,113,187,313,,182,199,,,,,,,,,405,209,297,176,,83,,,30,796,,10,,239,,161,,,,128,,115,,,,,,,,,322,,,,31,,10,,,,,64,133,,,86,14,19,,,,,,,108,184,296,70,167,92,87,163,,,,342,57,117,231,116,153,353,54,265,212,132,255,2,,112,47,219,76,165,530,,452,,88,26,176,204,,,471,5,,,,,,,,,,,,,,,129,,,,,421,,,,,127,156,,,,,,,174,,,266,,519,,251,,119,,229,,,,,,,,,,,,,,,,,,,,,,,,,28,,190,16,2,271,,,,,,,,,,125,,,,,,,73,,,33,,,,,,,,29,,,,,,,,,,,,,,,332,,13,,121,,,,18,,,,,103,,,,,56,,,,,,,,,,,185,183,140,150,,169,156,,366,,,240,79,299,334,229,239,333,94,,,266,72,,1144,,,,,,,,,,,,,,,,,,,,,,,,,,,,,,,,,,,,,,,,,,,,,,,,,,,,,,,,237,103,,90,48,,61,,,260,,,258,183,47,164,,,12,71,103,117,,,167,93,69,,39,112,499,,,,49,238,244,,953,120,2300,,164,,,,,,,,,,,,,,,,,,,,,,,449,76,138,,646,,167,210,146,,350,,,96,,,,,,,45,,,190,,124,,23,51,142,96,43,212,119,22,342,81,24,,,,,,,,,,,,,,,,,,,,,,,,,,,,,,,,,,,,,,,,,,,,,,,,,,,,425,131,120,306,14,173,204,,496,54,213,274,,289,,,53,51,,133,421,300,,,,,,,472,,,,,127,45,,,132,
2026-08-03T13:35:01+00:00,118,247,,,454,,,111,188,312,,186,204,,,42,,,,,,406,212,296,184,,81,,,31,805,31,15,,237,,165,,,126,129,,,,,,,,,,,,,,,,37,,,,170,,63,134,,,,15,,128,,,205,,,106,,,,,,,,,,,346,56,122,232,119,155,356,52,266,,125,258,6,,,51,221,79,164,533,60,448,115,90,,178,215,,,,6,101,61,,96,232,481,46,83,364,,,,,,,,,,,422,,,,,,157,,,,,,,,,,,,,,,,,,,,,,,,,,,,,,,,534,1003,70,126,295,124,151,,226,278,99,27,,194,16,6,279,,,,,,,,,,126,,,,,,,72,,,,,108,,,,,,30,,,,,,,,,,,,,,,338,,16,74,,,,,17,,,,,106,,,,,55,,,,,,,,,,,188,177,141,,,172,155,,,31,,241,76,300,337,233,,336,95,,,264,,,1147,,,,277,,41,,,,,,,,28,,,,101,35,,,,,435,,,,,85,,,204,,,,,,,,,,,,19,,,,,,,,,,,,234,104,,92,,,59,,375,262,,39,264,186,,,,,13,,,118,98,,171,92,67,116,33,113,507,,,,,,,,,,,,,,,,,,,,,,,,,,,,,,,,,,,448,,141,,645,,163,,154,275,,,,97,113,,,,,,,,,189,113,127,107,20,45,148,100,41,226,122,12,348,82,,,,,73,,123,,,,,183,,,,,233,,143,,,,,,,,,,,,,,,,,,,,,,,,,,,,,,,,,,431,130,,,15,,206,,497,,,275,,,,146,50,,,130,420,302,,,,,,,474,,,283,,129,42,,,139,
2026-08-03T13:40:02+00:00,,251,,,460,,,109,187,315,,182,210,,,37,,,,,106,407,215,,188,,80,,,32,815,,,43,,,170,,,128,,,116,,,,,,,130,,327,,,,30,38,,,,171,,64,136,,,,18,,127,,,202,,,105,181,288,69,171,,86,164,,,,,,,,,,,,,,,,,,,,,,,,,,,,,,,,,,,,,,,,,,,,,,,,,,,,,,,,,,,,,,,,,,,179,,,267,,523,,260,,120,,237,,,,,,,,,,,,,,,,,,,,,,,,,29,,197,16,8,283,,,,,,,,218,,123,,,,,,,73,,,,,109,,,,,,,,,,,,,,,139,,,,,,335,,15,72,122,,,,18,,,,,108,,,,,53,,,,,,,,,,,186,180,143,,121,173,154,,367,33,,243,80,299,352,236,,333,,,,276,79,,1159,,,,279,,43,,,,,,,,,,,174,99,31,,,,,437,,,,,88,,,198,,,,,,,,,,,,18,,,,,,,,,,,,227,107,22,90,,,63,81,376,261,,,267,190,,,,,14,,104,117,101,,180,97,69,119,29,114,525,,134,,54,,251,65,946,126,2303,122,,,,,,,,,,,,,,,,,,,,,,,,446,,142,,644,,165,208,168,274,352,,,99,,,,,,,46,,,188,112,129,,16,,150,103,43,229,126,15,351,78,23,,,,,,,,,,,,,,,,,,,,,,,,,,,,,,,,,,,,,,,,,,,,,,,,,,,,432,128,119,304,13,,211,,499,61,211,271,,290,,147,,55,,128,419,300,,,,,,,476,,,286,,128,41,,,138,
2026-08-03T13:45:01+00:00,116,258,,138,465,21,,114,190,316,,183,208,,,33,,,,,104,,214,302,186,,82,,,31,816,,11,42,,,,,,129,,,117,,22,,,,,,,332,,,,,39,,,,172,16,,134,,,84,,,,,,200,,,108,182,,,,,,,,,,,58,131,236,124,157,358,,264,213,132,259,,,113,54,222,78,,536,,444,117,91,,182,211,,,473,4,,64,607,93,241,478,43,88,366,,,,,,128,,,,,429,,,,,134,156,,,,,,,182,,,,,526,,266,,121,,235,,,,,,,,,,,,,264,531,1011,74,124,292,130,152,,223,277,97,,,,16,5,282,,,,,,,,,,124,,,,,,,76,,,32,,110,,,,,,,,,,,,,,,135,,,,,,337,,16,75,123,,,,21,,,,,,,,,,,,,,,,,,,,,184,184,149,,123,170,153,,,,,242,77,300,351,,238,334,96,,,,80,,1165,,,,281,,39,,,,,,,,,,,176,98,,15,,,,440,,,,,90,,,200,,,,,,,,,,,,,,,,,,,,,,,,223,,21,89,49,,,87,375,264,,,272,194,,165,,,,72,103,120,103,,,101,,120,,115,537,,,,53,242,255,,952,127,2310,124,167,80,,,,,,,,,,,,,,,,,,,,,,451,,147,,643,,166,,161,,354,,,97,,,,,,,44,,,,113,,108,40,53,155,101,53,238,124,17,345,79,27,,,,,,,,,,,,,,,,,,,,,,,,,,,,,,,,,,,,,,,,,,,,,,,,,,,,434,131,118,300,14,175,214,,,58,210,272,,291,,,,54,,129,418,301,,,,,,,477,,,293,,132,42,,,134,
2026-08-03T13:50:01+00:00,117,259,,,472,17,,121,188,315,,186,211,,,29,,,,,105,406,217,304,187,,83,,,,817,32,8,,238,,171,,,128,128,,118,,23,,,,,131,,334,,,,32,36,,,,173,,67,141,,233,,20,,,,,,,,111,181,277,72,172,88,90,,,,,347,62,138,250,,161,359,51,265,214,,261,3,,112,56,223,87,,540,62,446,120,96,39,186,216,24,,,5,100,67,615,92,,472,45,91,,,,,,,,,,,,,,,,,,,,,,,,,,,,,,,,,,,,,,,,,,,,,,,,,,,,,,,,,,,,,35,,195,16,7,284,,,,,,,,221,,123,,,,,,,,,,33,,,,,,,,29,,,,,,,,,137,,,,,,336,,17,81,122,,,,16,,,,,110,,,,,,,,,,,,,,,,183,,155,152,120,168,152,,370,31,9,238,90,302,360,239,228,340,97,,119,277,,,1171,,,,283,,42,,,,,,,,,,,173,,30,16,,,,444,,,,,96,,,204,,,,,,,,,,,,,,,,,,,,,,,,,106,22,90,52,,65,88,378,265,,,277,195,46,164,,,,,105,126,98,,182,98,70,126,30,117,570,42,133,,52,245,254,,946,,2309,125,168,83,,,,,,,,,,,,,,,,,,,,,,460,75,153,,640,,169,207,160,,353,,,99,,,,,,,45,,,196,118,128,102,34,54,163,103,56,244,127,21,354,80,24,,,,91,,118,,,,,197,,,,,231,,155,,,,,,,,,,,,,,,,,,,,,,,,,,,,,,,,,,436,128,159,305,,181,210,,500,54,212,,,289,,150,51,55,,126,419,,,,,,,,,,,299,,130,,,,135,
2026-08-03T13:55:01+00:00,116,263,,,473,16,,119,182,321,,189,210,,,25,,,,,107,403,216,303,189,,87,,,,812,,12,,,,174,,,129,,,,,,,,,,130,,333,,,,34,37,11,,,,,69,142,,,,19,21,,,,199,,,110,178,272,73,171,,92,163,,,,,,,,,,,,,,,,,,,,,,,,,,,,,,,,,,,,,,,,,,,,,,,,,122,,,,,437,,,,,137,155,,,,,,,,,,268,,528,,267,,,,242,,,,,,,,,,,,,265,533,,76,,,126,154,156,224,279,102,,,196,16,,293,,,,,,,,220,,122,,,,,,,74,,,,,111,,,,,,30,,,,,,,,,134,,,,,,,,16,79,123,,,,13,,,,,111,,,,,52,,,,,,,,,,,181,186,158,151,121,169,161,,369,,,234,94,304,356,241,235,339,98,,,282,86,,1179,,,,,,46,,,,,,,,,,,174,,32,14,,,,446,,,,,99,,,210,,,,,,,,,,,,19,,,,,,,,,,,,,108,25,92,,117,,89,382,260,,,284,197,47,163,,,,,107,131,102,1,188,100,69,132,27,115,586,,132,,,,,,,,,,,,,,,,,,,,,,,,,,,,,,,,,,,,,634,,172,,,271,,,,,,,,,,,,,,,,130,,,,,97,54,252,126,19,340,81,22,,,,,,,,,,,,,,,,,,,,,,,,,,,,,,,,,,,,,,,,,,,,,,,,,,,,439,,160,,17,186,209,86,501,61,219,271,,288,,151,50,52,,128,,300,,,,,,,478,,,310,,133,,,,134,
2026-08-03T14:00:01+00:00,117,,,,486,,,124,183,,,191,212,,,23,,,,,108,405,218,306,186,,86,,,30,822,,11,,,,173,,,130,127,,117,,,,,,,129,,334,,,,35,36,,,,174,,70,149,86,,83,20,,,,,201,,,111,181,,,,,,,,,,348,67,134,257,128,165,372,49,,215,140,264,4,,111,58,228,83,,541,,444,121,97,41,187,222,,,,4,,,,,,,,,,,,,,,,,,,,,,,,,,,,,,,,,,,,,,,,,,,,,,,,,,,,,,,,,,,,,,,,,,,,,,,202,16,4,307,,,,,,,,221,,,,,,,,,76,,,34,,112,,,,,,31,,,,,,,,,138,,,,,,331,,17,,,,,,11,,,,,112,,,,,51,,,,,,,,,,,180,187,165,,122,173,164,,370,32,,236,97,306,360,243,,338,99,,116,281,80,,1187,,,,284,,44,,,,,,,,,,,173,94,31,13,,,,448,,,,,98,,,,,,,,,,,,,,,18,,,,,,,,,,,,226,109,27,,56,118,,92,385,257,,40,290,,48,164,,,,,108,132,105,0,193,101,68,137,28,116,596,43,,18,56,247,266,,948,,2307,,,86,,,,,,,,,,,,,,,,,,,,,,458,,154,,,,,208,164,,351,,,97,,,,,,,46,,,201,,,97,,50,165,,56,254,128,23,351,,23,,,,,,,,,,,,,,,,,,,,,,,,,,,,,,,,,,,,,,,,,,,,,,,,,,,,440,127,,,13,190,210,85,503,59,221,272,,290,,152,,53,,,423,298,,,,,,,,,,317,,134,44,,,132,
2026-08-03T14:05:01+00:00,121,264,,,492,15,,128,182,323,,187,217,,,19,,,,,,406,226,310,187,,,,,27,825,,10,,,,171,,,,126,,118,,,,,,,127,,335,,,,39,37,,,,,,72,156,,,84,22,,,,,203,,,107,,269,72,170,85,94,166,,,,,,,,,,,,,,,,,,,,,,,,,,,,,,,,,,,,,,,,,,,,,,,,,109,,,,,445,,,,,141,161,,,,,,,179,,,270,,536,,276,,119,,252,,,,,,,,,,,,,,,1016,70,126,293,121,,,223,281,105,40,,205,16,5,312,,,,,,,,223,,121,,,,,,,,,,35,,,,,,,,30,,,,,,,,,145,,,,,,334,,15,78,,,,,16,,,,,111,,,,,,,,,,,,,,,,,190,174,,123,174,175,,,35,,230,95,312,362,245,234,341,102,,114,284,84,,1199,,,,282,,43,,,,,,,,,,,175,93,,12,,,,449,,,,,94,,,218,,,,,,,,,,,,17,,,,,,,,,,,,238,107,28,,54,119,,96,389,255,,39,292,199,49,165,,,,,112,129,106,,196,,71,142,36,120,628,,133,19,51,249,278,,917,124,2310,124,167,82,,,,,,,,,,,,,,,,,,,,,,470,,155,,638,,178,211,161,,357,,,98,114,,,,,,44,,,,120,135,94,43,,161,98,62,269,131,29,360,80,27,,58,,96,,120,,,,,201,,,,,235,,156,,,,,,,,,,,,,,,,,,,,,,,,,,,,,,,,,,,128,159,306,15,191,,86,504,52,220,270,,291,,153,49,51,,132,426,301,,,,,,,481,,,319,,133,,,,131,
2026-08-03T14:10:01+00:00,,265,59,,496,14,,133,,,,182,218,,,20,,,,,,408,233,305,190,,,,,26,832,,,,239,,170,,,132,124,,,,,,,,,122,,337,,,,,38,10,,,,,73,159,,,83,,,125,,,205,,,105,184,,,,,,,,,,,64,138,258,137,168,377,52,266,,156,267,5,1,113,55,226,102,163,544,,438,124,101,47,,232,,,475,,,,,,,,,,,,,,,,,,,,,,,,,,,,,,,,,,181,,,272,,530,,286,,,,254,,,,,,,,,,,,,,,,,,,,,,,,,45,,203,16,0,310,,,,,,,,225,,123,,,,,,,80,,,33,,,,,,,,33,,,,,,,,,,,,,,,337,,,81,124,,,,22,,,,,113,,,,,50,,,,,,,,,,,179,191,180,,125,178,178,,368,33,10,232,99,314,372,,236,340,103,,112,288,92,,1213,,,,287,,44,,,,,,,,,,,178,,32,13,,,,,,,,,100,,,,,,,,,,,,,,,,,,,,,,,,,,,239,108,32,90,52,,,103,391,256,,,293,202,,166,,,,,113,130,,,203,102,72,146,37,121,635,,,18,,,,,,,,,,,,,,,,,,,,,,,,,,,,,,,,469,74,,,637,,179,216,156,272,358,,,,,,,,,,46,,,203,,139,,39,56,169,100,67,288,135,37,366,79,30,,,,,,,,,,,,,,,,,,,,,,,,,,,,,,,,,,,,,,,,,,,,,,,,,,,,442,131,158,311,,193,,,505,50,226,269,,,,154,47,52,,130,,299,,,,,,,486,,,321,,136,,,,,
2026-08-03T14:15:01+00:00,,267,,,490,,,129,185,326,,179,220,,,19,,,,,107,,241,304,193,,84,,,25,829,,,41,240,,173,,,,128,,120,,24,,,,,120,,,,,,41,39,12,,,,15,75,160,,,84,,22,124,,,204,,,103,,257,73,184,89,104,170,,,,347,65,143,268,142,170,391,,276,,163,,1,2,,60,228,117,,659,63,444,126,102,57,184,233,,,478,6,101,69,634,99,243,465,46,96,370,,,,,,104,,,,,453,,,,,146,162,,,,,,,,,,,,,,,,,,,,,,,,,,,,,,,268,534,1018,64,,292,122,157,155,222,286,113,49,,206,16,4,318,,,,,,,,224,,126,,,,,,,,,,32,,114,,,,,,34,,,,,,,,,150,,,,,,,,16,79,122,,,,21,,,,,114,,,,,,,,,,,,,,,,,204,185,,129,179,187,,371,36,,240,103,317,380,250,243,342,104,,,285,93,,1233,,,,294,,41,,,,,,,,,,,,,37,12,,,,,,,,,104,,,220,,,,,,,,,,,,,,,,,,,,,,,,242,,37,92,54,,66,100,,261,,,,205,,169,,,15,,111,135,104,,204,103,,153,38,,658,,,20,54,247,284,64,918,164,,126,166,81,,,,,,,,,,,,,,,,,,,,,,,,154,,,,,,,,,,,99,,,,,,,,,,,,,,,,,,71,285,133,38,377,81,31,,,,,,,,,,,,,,,,,,,,,,,,,,,,,,,,,,,,,,,,,,,,,,,,,,,,445,128,159,307,10,198,213,,507,51,225,271,,,,158,,,,129,,,,,,,,,485,,,325,,137,45,,,129,
2026-08-03T14:20:01+00:00,,,,,,,,,,,,,,,,14,,,,,109,,245,311,200,,,,,24,831,,15,43,239,,170,,,131,,,,,,,,,,,,343,,,,43,38,13,,,175,,,,,,85,,23,126,,,202,,,105,180,,,,,,,,,,,,,,,,,,,,,,,,,,,,,,,,,,,,,,,,,,,,,,,,,,,,,,,,,,,,,,,,,,,,,,,,,184,,,271,,531,,290,,,,278,,,,,,,,,,,,,,,,,,,,,,,,,55,,207,16,6,328,,,,,,,,225,,128,,,,,,,83,,,33,,,,,,,,35,,,,,,,,,160,,,,,,340,,15,82,,,,,,,,,,115,,,,,,,,,,,,,,,,180,207,,,132,178,196,,370,46,,244,102,323,391,259,256,345,108,,,288,96,,1246,,,,298,,44,,,,,,,,27,,,180,94,39,11,,,,450,,,,,103,,,222,,,,,,,,,,,,18,,,,,,,,,,,,239,109,,91,,,67,103,392,265,,,294,204,50,172,,,16,,115,136,105,,213,106,67,158,37,,666,42,132,,60,,294,66,911,169,2321,,165,85,,,,,,,,,,,,,,,,,,,,,,479,76,,,640,,183,213,154,273,,,,103,115,,,,,,50,,,205,119,151,96,76,65,179,97,75,305,129,39,389,80,35,,61,,102,,118,,,,,205,,,,,244,,162,,,,,,,,,,,,,,,,,,,,,,,,,,,,,,,,,,447,127,160,311,13,197,215,85,506,57,227,,,293,,157,48,,,131,427,297,,,,,,,486,,,326,,136,,,,128,
2026-08-03T14:25:01+00:00,125,270,,136,496,13,,123,182,331,,170,221,,,8,,,,,110,414,249,314,204,,85,,,22,825,,14,45,241,,172,,,,131,,121,,,,,,,,,,,,,39,37,14,,,,,,161,,232,86,23,,,,,206,,,103,183,250,78,181,87,101,174,,194,,,69,,277,147,173,402,53,,,167,269,4,3,,,232,116,,660,62,446,127,,,187,243,,,479,,97,67,639,96,249,468,49,95,372,,,,,,112,,,,,461,,,,,147,164,,,,,,,183,,,273,,534,,302,,121,,290,,,,,,,,,,,,,,537,1030,60,,289,,,158,231,285,112,60,,213,16,8,334,,,,,,,,,,125,,,,,,,85,,,,,116,,,,,,36,,,,,,,,,158,,,,,,346,,,84,,,,,,,,,,,,,,,52,,,,,,,,,,,179,217,186,152,134,177,199,,379,48,11,250,100,326,398,,257,341,,,,293,97,,1258,,,,299,,,,,,,,,,,,,177,98,38,,,,,448,,,,,101,,,225,,,,,,,,,,,,20,,,,,,,,,,,,238,,39,93,56,,,105,394,269,37,,295,,,171,,,18,,119,134,101,,218,103,,166,36,123,683,41,129,21,64,245,295,67,900,174,2325,125,,89,,,,,,,,,,,,,,,,,,,,,,484,,,,633,,184,,149,274,357,,,,,,,,,,,,,202,,147,,79,,,99,79,312,127,44,385,,40,,,,,,,,,,,,,,,,,,,,,,,,,,,,,,,,,,,,,,,,,,,,,,,,,,,,450,,,310,17,206,221,84,,52,222,272,,295,,,46,53,,,429,,,,,,,,,,,333,,140,44,,,131,
2026-08-03T14:30:02+00:00,128,,,,489,10,,129,186,334,,174,222,,,5,,,,,111,415,252,313,206,,86,,,21,826,31,16,,242,,174,,,,134,,122,,25,,,,,119,,344,,,,40,39,13,,,,,76,168,,,,,,,,,205,,,,186,,,,,,,,,,,,,,,,,,,,,,,,,,,,,,,,,,,,,,,,,,,,,,,,,,,,,,,,,,,,,,,,,,,,,,,,,,,,,,,,,,,,,,,,,,,,,,,,,,,,,,,,,,,,,58,,214,16,9,351,,,,,,,,228,,,,,,,,,86,,,34,,119,,,,,,,,,,,,,,,153,,,,,,345,,14,,,,,,20,,,,,116,,,,,,,,,,,,,,,,,219,190,153,,178,201,,380,46,,248,107,328,406,264,262,342,109,,111,299,99,,1262,,,,300,,,,,,,,,,,,,179,97,,12,,,,450,,,,,107,,,223,,,,,,,,,,,,,,,,,,,,,,,,235,112,38,,57,118,66,118,397,267,,,,207,,169,,,,73,120,130,100,,223,108,72,167,,,699,,127,19,,,298,,891,171,2322,124,166,92,,,,,,,,,,,,,,,,,,,,,,,,157,,,,,,,,,,,104,113,,,,,,51,,,,126,,,,73,184,,78,324,134,48,393,,36,,,,,,,,,,,,,,,,,,,,,,,,,,,,,,,,,,,,,,,,,,,,,,,,,,,,,125,,312,14,212,226,85,507,57,219,,,294,,,47,,,134,430,299,,,,,,,488,,,337,,141,45,,,,
2026-08-03T14:35:02+00:00,129,273,,,497,11,,131,185,333,,178,224,,,52,,,,,109,,257,317,204,,87,,,18,833,30,,46,243,,172,,,133,,,120,,24,,,,,,,345,,,,36,40,,,,177,,78,167,,231,,24,,,,,,,,104,187,256,83,182,88,103,185,,195,,348,75,149,280,154,,411,56,,216,174,,,,115,68,237,126,164,665,,,135,,69,192,261,,,481,8,,,,,,,,,,,,,,,111,,,,,465,,,,,146,163,,,,,,,186,,,277,,544,,318,,120,,298,,,,,,,,,,,,,,536,1041,52,127,299,123,159,160,230,289,114,59,,212,16,15,365,,,,,,,,,,128,,,,,,,87,,,,,,,,,,,37,,,,,,,,,158,,,,,,350,,17,82,,,,,19,,,,,117,,,,,,,,,,,,,,,,177,224,193,156,133,,205,,383,45,,254,109,326,412,,261,345,111,,,300,,,1268,,,,299,,43,,,,,,,,28,,,182,,40,,,,,,,,,,113,,,226,,,,,,,,,,,,21,,,,,,,,,,,,237,111,39,96,62,,65,120,395,272,,,,208,,,,,,70,,133,101,1,225,107,69,174,37,,703,,,,,,,,,,,,,,,,,,,,,,,,,,,,,,,,,,,493,78,154,,,,185,210,142,271,355,,,105,,,,,,,49,,,211,,150,93,73,75,,101,80,339,,55,397,82,37,,,,,,,,,,,,,,,,,,,,,,,,,,,,,,,,,,,,,,,,,,,,,,,,,,,,455,127,162,311,15,208,,,506,62,214,273,,295,,,,54,,,,,,,,,,,484,126,,339,,142,46,,,129,
2026-08-03T14:40:01+00:00,128,270,,135,,12,,136,186,331,,177,,,,42,,,,,112,417,259,,206,,86,,,17,831,29,14,45,240,,170,,,134,136,,,,25,,,,,,,349,,,,37,42,,,,,,79,172,,,87,,,,,,,,,101,190,,,,,,,,,,,72,158,289,160,179,419,55,277,218,189,268,,4,,75,238,128,166,664,64,444,136,104,70,197,276,,,482,,,,,,,,,,,,,,,,,,,,,,,,,,,,,,,,,,,,,,,,,,,,,,,,,,,,,,,,,,,,,,,,,,,,,,60,,209,16,21,374,,,,,,,,229,,129,,,,,,,,,,33,,,,,,,,,,,,,,,,,157,,,,,,351,,16,,,,,,18,,,,,,,,,,51,,,,,,,,,,,176,229,198,,136,182,206,,385,44,,257,118,329,421,267,271,339,112,,112,307,97,,1276,,,,302,,,,,,,,,,27,,,183,96,37,10,,,,,,,,,120,,,230,,,,,,,,,,,,23,,,,,,,,,,,,233,110,40,97,,,,124,399,278,,38,,210,,173,,,,71,124,131,100,0,229,111,68,177,36,124,721,40,,,79,248,297,64,890,179,2323,121,164,89,,,,,,,,,,,,,,,,,,,,,,,,,,,,,,,,,,,,,,,,,,,,,,,,,,,,,82,348,137,57,404,,45,,52,,113,,117,,,,,203,,,,,237,,164,,,,,,,,,,,,,,,,,,,,,,,,,,,,,,,,,,456,131,163,314,12,212,227,86,,59,216,276,,294,,156,49,55,,133,431,,,,,,,,,127,,328,,144,,,,128,
2026-08-03T14:45:02+00:00,125,271,,,494,16,,135,,329,,172,225,,,38,,,,,114,423,266,316,209,,84,,,16,,,10,47,243,,168,,,136,134,,,,24,,,,,116,,351,,,,34,41,,,,176,,80,177,,232,,,,,,,206,,,102,191,258,100,185,95,102,186,,,,,,,,,,,,,,,,,,,,,,,,,,,,,,,,,,,97,72,666,101,254,461,52,100,370,,,,,,117,,,,,467,,,,,148,166,,,,,,,179,,,282,,548,,,,121,,319,,,,,,,,,,,,,267,534,1057,59,131,313,126,158,162,,292,115,,,206,16,22,387,,,,,,,,231,,127,,,,,,,,,,35,,122,,,,,,39,,,,,,,,,161,,,,,,357,,17,84,123,,,,14,,,,,119,,,,,52,,,,,,,,,,,174,243,201,157,133,185,202,,382,,,258,119,332,422,275,280,340,117,,114,309,,,1287,,,,304,,45,,,,,,,,29,,,184,99,38,12,,,,,,,,,124,,,235,,,,,,,,,,,,24,,,,,,,,,,,,228,109,42,95,59,,,135,400,281,,,,211,,,,,,72,128,129,99,3,234,115,63,183,35,123,735,,,22,77,247,303,63,897,180,,119,,88,,,,,,,,,,,,,,,,,,,,,,496,79,156,,632,,187,213,,272,356,,,108,112,,,,,,48,,,213,127,,95,66,78,191,98,88,355,142,60,415,83,46,,,,,,,,,,,,,,,,,,,,,,,,,,,,,,,,,,,,,,,,,,,,,,,,,,,,460,129,162,312,,213,225,85,508,58,217,279,,,,155,,56,,134,428,297,,,,,,,485,,,329,,,44,,,135,
2026-08-03T14:50:02+00:00,121,270,,,493,17,,140,,,,180,220,,,19,,,,,111,428,277,312,206,,85,,,14,837,,7,49,239,,167,,,138,133,,117,,25,,,,,,,356,,,,35,42,,,,,16,76,,,231,,25,,127,,,,,,100,190,255,108,180,98,100,190,,,,,,,,,,,,,,,,,,,,,,,,,,,,,,,,,,,,68,672,99,256,458,51,99,369,,,,,,115,,,,,468,,,,,149,,,,,,,,175,,,284,,545,,315,,122,,338,,,,,,,,,,,,,,,,,,,,,,,,,62,,211,16,25,394,,,,,,,,233,,126,,,,,,,,,,36,,121,,,,,,,,,,,,,,,156,,,,,,365,,15,85,124,,,,12,,,,,120,,,,,54,,,,,,,,,,,,245,204,158,135,187,200,,383,43,,255,121,333,425,278,282,338,118,,116,308,99,,1290,,,,302,,44,,,,,,,,,,,182,,,,,,,,,,,,133,,,231,,,,,,,,,,,,25,,,,,,,,,,,,225,110,44,97,58,,,137,401,287,,,,214,,175,,,,,129,130,94,1,240,117,66,,33,124,739,,129,25,,,,,,,,,,,,,,,,,,,,,,,,,,,,,,,,495,80,154,,631,,183,216,146,270,355,,,113,109,,,,,,,,,,128,149,98,61,85,201,102,,358,145,59,414,84,47,,,,,,,,,,,,,,,,,,,,,,,,,,,,,,,,,,,,,,,,,,,,,,,,,,,,463,133,163,314,10,214,,86,507,55,220,280,,295,,,48,58,,132,,298,,,,,,,,,,325,,,45,,,,
2026-08-03T14:55:02+00:00,127,,,,498,20,,,187,,,179,223,,,8,,,,,,432,282,,211,,,,,13,834,,10,,,,,,,,,,116,,,,,,,111,,355,,,,34,40,,,,,,75,183,,232,,22,,,,,207,,,98,188,,,,,,,,,,347,69,160,297,165,185,421,,279,219,198,270,2,5,114,76,241,124,167,669,62,453,148,105,101,199,282,,,,15,,,,,,,,,,,,,,,,,,,,,,,,,,,,,,,,,170,,,285,,548,,320,,,,357,,,,,,,,,,,,,,535,1065,200,,,178,166,246,271,450,183,,,,16,21,410,,,,,,,,238,,123,,,,,,,85,,,35,,,,,,,,40,,,,,,,,,158,,,,,,,,17,,,,,,15,,,,,123,,,,,55,,,,,,,,,,,171,251,209,,132,185,214,,382,40,,260,125,337,424,280,289,345,119,,,311,,,1291,,,,306,,,,,,,,,,,,,186,102,40,13,,,,449,,,,,131,,,236,,,,,,,,,,,,26,,,,,,,,,,,,224,111,42,96,59,,63,142,400,284,,,,212,,,,,,,132,132,95,0,241,116,67,185,35,125,742,39,128,28,84,250,,,915,,2316,115,169,,,,,,,,,,,,,,,,,,,,,,,500,,156,,630,,184,,143,271,,,,108,110,,,,,,46,,,214,129,151,97,65,84,205,103,89,361,146,,411,,55,,55,,116,,,,,,,218,,,,,244,,163,,,,,,,,,,,,,,,,,,,,,,,,,,,,,,,,,,467,134,164,312,14,215,224,84,512,54,224,282,,,,157,49,,,133,,296,,,,,,,,,,328,,145,,,,143,
2026-08-03T15:00:02+00:00,126,271,,,497,,,141,186,328,,183,,,,0,,,,,114,434,286,311,205,,,,,,827,,21,48,,,170,,,,135,,,,,,,,,112,,357,,,,32,,14,,,,,76,187,87,,86,23,,,,,206,,,99,189,249,106,185,102,101,189,,,,351,65,170,309,168,187,429,,,,199,276,,7,115,86,253,121,168,672,61,443,152,106,109,208,281,,,,18,95,64,681,102,252,,,96,372,,,,,,117,,,,,475,,,,,145,167,,,,,,,,,,,,,,,,,,,,,,,,,,,,,,,,,,,,,,,,,,,61,,212,16,20,416,,,,,,,,239,,121,,,,,,,84,,,,,122,,,,,,38,,,,,,,,,155,,,,,,362,,18,80,,,,,13,,,,,124,,,,,54,,,,,,,,,,,170,247,211,160,131,187,218,,385,45,,261,137,342,429,284,295,350,120,,,304,,,1294,,,,309,,46,,,,,,,,30,,,183,103,,14,,,,450,,,,,139,,,241,,,,,,,,,,,,,,,,,,,,,,,,219,112,,94,58,,64,154,404,279,,,,210,,173,,,17,74,135,133,96,,246,122,,190,36,123,749,41,129,31,,,,62,,,,,,,,,,,,,,,,,,,,,,,,,,,,,,,,,,,,,,,,,,,,,,,,,,,,,,,,,,,94,371,,61,417,83,57,,,,,,,,,,,,,,,,,,,,,,,,,,,,,,,,,,,,,,,,,,,,,,,,,,,,468,,,302,,214,225,85,516,53,225,,,294,,,52,60,,132,,298,,,,,,,516,,,,,149,43,,,,
2026-08-03T15:05:01+00:00,127,275,,136,496,19,,142,187,331,,180,224,,,,,,,,115,436,290,317,206,,,,,,829,,,49,237,,,,,137,139,,,,27,,,,,104,,358,,,,28,,,,,175,,,188,,,,24,,,,,205,,,,188,,,,,,,,,,,,,,,,,,,,,,,,,,,,,,,,,,,,,,,,,,,,,,,,,,,,,,,,,,,,,,,,,,,,,,,,,174,,,284,,552,,313,,124,,372,,,,,,,,,,,,,,528,1074,196,132,314,179,167,245,273,455,,69,,214,16,23,420,,,,,,,,238,,,,,,,,,85,,,,,121,,,,,,,,,,,,,,,153,,,,,,365,,,82,123,,,,19,,,,,125,,,,,55,,,,,,,,,,,171,252,,162,136,190,208,,383,42,,262,139,344,425,287,300,,,,,,,,1296,,,,315,,47,,,,,,,,,,,184,100,39,13,,,,449,,,,,142,,,245,,,,,,,,,,,,24,,,,,,,,,,,,224,,,95,59,,,159,406,287,,37,,211,,172,,,,75,,138,92,,248,,,192,40,125,753,,127,,85,251,299,65,916,178,2318,117,171,89,,,,,,,,,,,,,,,,,,,,,,505,,155,,629,,,,157,268,,,,,111,,,,,,,,,,128,167,,,86,213,106,,373,,64,420,,54,,,,,,,,,,,,,,,,,,,,,,,,,,,,,,,,,,,,,,,,,,,,,,,,,,,,471,133,,306,16,217,230,,519,49,219,280,,293,,156,51,,,134,430,301,,,,,,,,128,,329,,150,41,,,,
2026-08-03T15:10:01+00:00,128,,,,500,21,,140,190,334,,179,,,,,,,,,113,438,293,321,211,,86,,,12,825,,19,50,,,167,,,136,,,,,,,,,,101,,360,,,,27,41,,,,,13,,192,,,,,,128,,,214,,,102,191,,98,,109,102,186,,,,353,,168,311,174,190,430,54,280,220,,,,8,,88,,,,676,60,441,157,107,110,210,287,,,,16,,66,686,100,254,459,52,93,,,,,,,111,,,,,490,,,,,143,173,,,,,,,,,,,,,,,,,,,,,,,,,,,,,,,,,,,,,,,,,,,67,,213,16,27,426,,,,,,,,,,,,,,,,,,,,,,,,,,,,,,,,,,,,,149,,,,,,,,17,83,,,,,20,,,,,127,,,,,,,,,,,,,,,,172,261,,,142,189,214,,385,44,,269,141,347,432,291,308,354,122,,115,311,,,1298,,,,316,,49,,,,,,,,,,,,99,38,12,,,,450,,,,,139,,,,,,,,,,,,,,,23,,,,,,,,,,,,,,,,,,,,,,,,,,,,,,,,,,,,,,,,,,,,,,,,,,,,,,,,,,,,,,,,,,,,,,,,,,,,,516,,163,,,,,,,,357,,,106,113,,,,,,45,,,218,130,,100,61,87,212,,,,,,,,,,59,,120,,115,,,,,,,,,,248,,173,,,,,,,,,,,,,,,,,,,,,,,,,,,,,,,,,,473,134,162,,18,218,231,87,522,,223,282,,296,,157,45,63,,132,,303,,,,,,,519,,,333,,153,40,,,145,
2026-08-03T15:10:02+00:00,,,,,,,,,,,,,,,,,,,,,,,,,,,,,,,,,,,,,,,,,,,,,,,,,,,,,,,,,,,,,,,,,,,,,,,,,,,,,,,,,,,,,,,,,,,,,,,,,,,,,,,,,,,,,,,,,,,,,,,,,,,,,,,,,,,,,,,,,,,,,,,,,,,,,,,,,,,,,,,,,,,,,,,,,,,,,,,,,,,,,,,,,,,,,,,,,,,,,,,,,120,,,,,,,84,,,36,,122,,,,,,40,,,,,,,,,,,,,,,,,,,,,,,,,,,,,,,,,,,,,,,,,,,,,,,,,,,,,,,,,,,,,,,,,,,,,,,,,,,,,,,,,,,,,,,,,,,,,,,,,,,,,,,,,,,,,,,,,,,,,,,,,,,,227,114,43,96,64,,65,163,409,285,,,,213,,173,,,,76,136,140,,2,,119,,193,44,129,756,39,128,32,,256,303,66,917,176,2317,118,,85,,,,,,,,,,,,,,,,,,,,,,,,,,,,,,,,,,,,,,,,,,,,,,,,,,,,,96,378,150,,437,82,55,,,,,,,,,,,,,,,,,,,,,,,,,,,,,,,,,,,,,,,,,,,,,,,,,,,,,,,,,,,,,,,,,,,,,,,,,,,,,,,,,,,,,,,,,,
2026-08-03T15:15:01+00:00,129,278,,,504,27,,133,,337,,177,226,,,,,,,,116,441,294,328,221,,,,,,829,,22,51,236,,177,,,,138,,,,,,,,,95,,361,,,,28,,,,,176,14,78,193,,,,25,,,,,219,,,103,,,102,193,108,104,,,,,356,63,174,313,176,193,431,56,278,,201,277,1,,,91,254,119,,679,61,442,161,,109,217,288,,,483,,100,78,691,105,255,455,,90,,,,,,,108,,,,,491,,,,,138,,,,,,,,168,,,287,,551,,320,,204,,393,,,,,,,,,,,,,271,525,1086,201,135,318,173,169,246,275,457,182,70,,217,16,,439,,,,,,,,240,,119,,,,,,,85,,,,,,,,,,,37,,,,,,,,,150,,,,,,375,,18,84,121,,,,29,,,,,129,,,,,,,,,,66,,,,,,,272,217,,152,,212,,,43,10,271,,349,439,295,310,353,123,,116,309,97,,1303,,,,318,,54,,,,,,,,31,,,183,94,34,,,,,,,,,,147,,,252,,,,,,,,,,,,21,,,,,,,,,,,,228,115,,102,,,66,174,415,284,,,,221,,176,,,,79,141,136,91,6,249,121,69,194,45,126,760,,129,,87,257,300,65,929,172,2320,119,174,88,,,,,,,,,,,,,,,,,,,,,,513,,,,628,,,214,161,266,358,,,108,112,,,,,,51,,,223,,179,,,88,213,,,387,152,71,433,80,51,,,,,,,,,,,,,,,,,,,,,,,,,,,,,,,,,,,,,,,,,,,,,,,,,,,,480,136,,311,13,223,234,86,526,54,228,,,295,,159,44,64,,,436,302,,,,,,,517,,,,,,,,,144,
2026-08-03T15:20:01+00:00,130,281,,,508,28,,130,189,339,,183,234,,,,,,,,117,445,295,319,222,,,,,11,831,,27,50,,,180,,,,141,,117,,,,,,,94,,,,,,30,,,,,177,15,82,198,,233,85,24,,,,,216,,,105,190,,,,,,,,,,359,66,178,321,181,201,429,57,280,,211,280,4,,113,100,263,118,167,681,63,445,175,,112,225,296,,,487,22,,,,,,,,,,,,,,,,,,,,,,,,,,,,,,,,,,,,,,,,,,,,,,,,,,,,,,,,,,,,,,,,,,,,,68,,,16,28,451,,,,,,,,242,,120,,,,,,,84,,,35,,124,,,,,,36,,,,,,,,,155,,,,,,374,,15,,123,,,,32,,,,,,,,,,56,,,,,,,,,,,171,281,,163,155,191,214,,,44,,272,146,356,448,299,319,345,124,,117,,99,,1309,,,,323,,55,,,,,,,,34,,,184,,35,13,,,,449,,,,,148,,,256,,,,,,,,,,,,23,,,,,,,,,,,,231,117,42,100,65,,65,173,418,279,,,,220,49,174,,,18,81,142,135,94,2,252,123,72,193,50,127,769,,128,33,88,258,305,64,937,174,2323,,178,93,,,,,,,,,,,,,,,,,,,,,,515,,,,626,,,211,,267,,,,,115,,,,,,52,,,228,129,181,,64,,219,108,97,390,154,82,435,79,56,,,,,,,,,,,,,,,,,,,,,,,,,,,,,,,,,,,,,,,,,,,,,,,,,,,,483,,164,308,12,225,,,523,52,234,280,,,,161,41,65,,135,,,,,,,,,520,129,,335,,,,,,,
2026-08-03T15:25:02+00:00,,284,,,511,,,133,190,338,,184,233,,,,,,,,119,,,318,219,,84,,,,837,31,30,53,,,,,,,142,,,,,,,,,93,,362,,,,27,40,,,,,18,80,203,,,84,,,,,,217,,,106,,,,,,,,,,,,,,,,,,,,,,,,,,,,,,,,,,,,,,,,,,,,,,,,,,,,,,,,,,,,,,,,,,,,,,,,,,169,,,282,,561,,,,201,,416,,,,,,,,,,,,,272,,1092,196,137,332,182,173,245,,456,179,,,,16,29,457,,,,,,,,245,,119,,,,,,,87,,,40,,,,,,,,35,,,,,,,,,160,,,,,,376,,,,,,,,30,,,,,131,,,,,,,,,,65,,,,,,,282,225,166,154,193,226,,390,40,11,275,147,359,458,298,327,347,,,119,,97,,1311,,,,322,,58,,,,,,,,32,,,183,90,29,15,,,,450,,,,,149,,,263,,,,,,,,,,,,25,,,,,,,,,,,,233,118,43,101,,,64,180,429,282,,,,,,171,,,,82,145,137,95,4,256,128,75,198,52,,774,,,,92,259,314,62,944,172,2327,,180,92,,,,,,,,,,,,,,,,,,,,,,525,,164,,621,,198,,165,270,362,,,106,116,,,,,,49,,,230,,187,104,62,93,223,116,98,401,152,84,443,78,62,,69,,128,,114,,,,,219,,,,,255,,182,,,,,,,,,,,,,,,,,,,,,,,,,,,,,,,,,,490,139,,312,16,222,232,,,50,231,282,,,,,45,67,,136,,,,,,,,,,,,336,,152,,,,,
2026-08-03T15:30:01+00:00,129,288,,,505,27,,135,189,,,190,232,,,6,,,,,,446,297,,225,,,,,,833,32,35,52,,,186,,,138,,,120,,26,,,,,,,364,,,,,42,15,,,178,21,77,204,,,85,25,,,,,219,,,,,245,105,194,109,,184,,,,360,,182,323,186,205,,56,,,219,284,,,112,107,265,117,168,687,65,,180,,122,230,299,,,,23,,,,,,,,,,,,,,,112,,,,,497,,,,,136,179,,,,,,,168,,,279,,,,332,,,,440,,,,,,,,,,,,,,,,,,,,,,,,,63,,215,16,25,462,,,,,,,,244,,116,,,,,,,86,,,,,125,,,,,,37,,,,,,,,,164,,,,,,383,,16,87,124,,,,31,,,,,,,,,,55,,,,,66,,,,,,175,,227,167,155,196,229,,391,44,12,276,154,360,469,302,332,346,125,,,,,,1312,,,,320,,60,,,,,,,,,,,186,89,30,17,,,,,,,,,151,,,265,,,,,,,,,,,,21,,,,,,,,,,,,232,117,,,,,63,184,436,290,,,,,,,,,,81,146,141,93,,,129,77,200,55,,779,40,127,35,91,258,310,60,,,2333,118,184,90,,,,,,,,,,,,,,,,,,,,,,,,165,,,,,,,,,,,108,,,,,,,51,,,,127,,108,,97,,,97,415,153,91,450,,60,,,,,,,,,,,,,,,,,,,,,,,,,,,,,,,,,,,,,,,,,,,,,,,,,,,,495,138,165,310,18,228,234,88,524,53,,285,,294,,,,68,,135,,,,,,,,,523,130,,340,,153,,,,154,
2026-08-03T15:35:01+00:00,132,,,138,500,28,,137,,341,,192,,,,11,,,,,120,447,295,320,221,,85,,,12,835,,,53,237,,187,,,140,140,,,,25,,,,,94,,,,,,26,41,14,,,180,,79,206,,,84,24,,,,,215,,,110,189,,,,,,,,,,363,73,186,324,189,,437,53,284,,228,287,,9,114,111,266,114,169,693,64,458,187,,126,229,312,,,488,25,103,86,693,109,255,456,52,85,373,,,,,,,,,,,,,,,,,,,,,,,,,,,,,,,,,,,,,,,,,,,,,,,,273,519,1099,190,142,345,185,,244,276,453,187,64,,208,16,26,471,,,,,,,,,,,,,,,,,,,,,,,,,,,,,,,,,,,,,,,,,,,392,,,88,,,,,35,,,,,,,,,,,,,,,,,,,,,174,277,232,168,158,198,239,,,,,,155,361,475,305,330,340,,,120,311,96,,1313,,,,322,,62,,,,,,,,,,,187,88,29,,,,,,,,,,159,,,261,,,,,,,,,,,,22,,,,,,,,,,,,229,,44,99,68,,61,188,440,292,38,,,,,,,,,82,148,138,,3,259,130,81,,57,,783,,135,,98,259,307,61,952,169,2330,117,186,95,,,,,,,,,,,,,,,,,,,,,,524,,164,,618,,205,,169,266,,,,109,119,,,,,,55,,,233,130,192,109,60,105,229,114,,,,,,,,,,,,,,,,,,,,,,,,,,,,,,,,,,,,,,,,,,,,,,,,,,,,,,,,,,,499,,164,314,,235,233,,526,48,236,288,,297,,,42,69,,,438,,,,,,,,524,,,345,,155,39,,,155,
2026-08-03T15:35:02+00:00,,,,,,,,,,,,,,,,,,,,,,,,,,,,,,,,,,,,,,,,,,,,,,,,,,,,,,,,,,,,,,,,,,,,,,,,,,,,,,,,,,,,,,,,,,,,,,,,,,,,,,,,,,,,,,,,,,,,,,,,,,,,,,,,,,,,,,,,,,,,,,,,,,,,,,,,,,,,,,,,,,,,,,,,,,,,,,,,,,,,,,,,,,,,,,,,,,,,,,,242,,120,,,,,,,88,,,41,,126,,,,,,,,,,,,,,,,,,,,,,,,,,,,,,,,,,,,,,,,,,,,,,,,,,,,,,,,,,,,,,,,,,,,,,,,,,,,,,,,,,,,,,,,,,,,,,,,,,,,,,,,,,,,,,,,,,,,,,,,,,,,,,,,,,,,,,,,,,,,,,,,,,,,,,,,,,,,,,,,,,,,,,,,,,,,,,,,,,,,,,,,,,,,,,,,,,,,,,,,,,,,,,,,,,,,,,,,,,,,,,,,,,96,421,155,,,77,67,,,,,,,,,,,,,,,,,,,,,,,,,,,,,,,,,,,,,,,,,,,,,,,,,,,,,,,,,,,,,,,,,,,,,,,,,,,,,,,,,,,,,,,,,,
2026-08-03T15:40:02+00:00,137,,,,497,27,,138,186,339,,194,235,,,10,,,,,,450,298,321,215,,86,,,,837,,31,52,238,,190,,,143,143,,122,,26,,,,,93,,,,,,24,42,,,,,,75,207,,,82,22,,,,,216,,,112,,250,,191,112,100,187,,,,,,,,,,,,,,,,,,,,,,,,,,,,,,,,,,,,,,,,,,,,,,,,,108,,,,,503,,,,,140,,,,,,,,171,,,281,,566,,337,,200,,456,,,,,,,,,,,,,,,,,,,,,,,,,66,,205,16,29,470,,,,,,,,,,124,,,,,,,89,,,,,127,,,,,,36,,,,,,,,,162,,,,,,397,,17,89,123,,,,40,,,,,133,,,,,,,,,,,,,,,,,274,235,170,161,199,243,,388,42,,281,158,360,480,306,332,330,127,,,,97,,1317,,,,324,,60,,,,,,,,34,,,184,,26,16,,,,449,,,,,166,,,264,,,,,,,,,,,,20,,,,,,,,,,,,231,120,,,,119,62,194,441,290,,,,216,,173,,,,84,150,,97,,,136,84,,59,128,790,,136,,,,,,,,,,,,,,,,,,,,,,,,,,,,,,,,,,,167,,617,,206,213,170,,,,,,,,,,,,54,,,232,129,201,107,58,110,227,113,97,436,157,92,448,78,61,,66,,133,,115,,,,,,,,,,256,,179,,,,,,,,,,,,,,,,,,,,,,,,,,,,,,,,,,504,137,163,,16,233,230,89,,47,240,289,,,,,40,,,140,440,303,,,,,,,,,,342,,156,,,,160,
2026-08-03T15:45:01+00:00,,286,,139,501,,,141,194,340,,196,237,,,13,,,,,121,451,306,,216,,,,,13,846,,,49,235,,,,37,144,,,121,,27,,,,,,,,,,,25,43,15,,,,,72,,86,,83,21,26,,,,215,,,111,190,,,,,,,,,,366,75,189,326,193,206,443,51,285,,233,288,2,,,119,267,124,170,697,65,462,193,,138,230,311,,,,24,,,,,,,,,,,,,,,,,,,,,,,,,,,,,,,,,,,,,,,,,,,,,,,,,,,,,,,,,,512,1094,192,,354,186,,,270,454,181,,,208,16,,482,,,,,,,,243,,125,,,,,,,88,,,40,,128,,,,,,,,,,,,,,,164,,,,,,403,,,91,,,,,41,,,,,136,,,,,,,,,,,,,,,,176,,239,169,162,198,250,,389,41,,283,152,364,496,307,337,328,,,,312,98,,1323,,,,,,,,,,,,,,,,,187,89,23,17,,,,,,,,,,,,265,,,,,,,,,,,,21,,,,,,,,,,,,238,,45,,,120,,196,445,288,,,,214,,174,3,,17,,151,143,103,7,263,141,86,,63,,794,,137,37,95,,297,62,967,168,2331,118,187,93,,,,,,,,,,,,,,,,,,,,,,,,,,,,,,,,,,,,,,,,,,,,,,,,,,,,,96,453,160,88,475,,59,,,,,,,,,,,,,,,,,,,,,,,,,,,,,,,,,,,,,,,,,,,,,,,,,,,,508,,,312,,,235,,,48,,,,296,,,41,68,,144,441,,,,,,,,522,,,341,,154,40,,,158,
2026-08-03T15:50:01+00:00,136,287,,140,506,32,,137,195,334,,192,238,,,,,,,,125,452,310,320,215,,84,,,14,850,,32,46,234,,192,,,146,146,,,,29,,,,,,,,,,,18,42,,,,,22,69,213,,,82,22,,,,,211,,,112,,246,114,193,114,103,191,,,,,,,,,,,,,,,,,,,,,,,,,,,,,,,,,,,,,,,,,,,,,,,,,98,,,,,507,,,,,,182,,,,,,,169,,,276,,571,,342,,,,473,,,,,,,,,,,,,,,,,,,,,,,,,65,,215,16,,492,,,,,,,,246,,130,,,,,,,86,,,41,,127,,,,,,,,,,,,,,,159,,,,,,415,,16,90,,,,,43,,,,,,,,,,,,,,,,,,,,,177,281,242,,164,200,256,,,44,,285,154,366,498,310,,321,,,,,99,,1324,,,,,,61,,,,,,,,,,,186,87,24,15,,,,450,,,,,168,,,,,,,,,,,,,,,20,,,,,,,,,,,,236,,44,97,,,63,,449,289,,,,215,,,,,,83,152,144,102,8,,142,87,,67,130,798,39,,39,,,,,,,,,,,,,,,,,,,,,,,,,,,,,,,,530,79,164,,613,,207,214,174,,364,,,108,118,,,,,,52,,,234,128,204,,54,126,230,114,98,462,162,87,479,,,,,,,,,,,,,,,,,,,,,,,,,,,,,,,,,,,,,,,,,,,,,,,,,,,,,,517,,,311,17,229,234,93,528,41,251,291,,295,,,39,69,,143,,,,,,,,,521,,,,,153,41,,,,
2026-08-03T15:55:01+00:00,138,289,,,504,35,,136,185,329,,,,,,10,,,,,126,458,318,319,219,,,,,,,,33,44,232,,197,,,145,,,123,,,,,,,92,,,,,,16,44,,,,,,,216,,,,,,,,,213,,,113,191,,,,,,,,,,367,,200,332,197,212,453,47,286,,240,291,1,,113,122,273,138,,704,66,476,205,,148,240,,,,,26,105,80,719,123,261,457,50,83,378,,,,,,,,,,,,,,,,,,,,,,,,,,,,,,,,,,,,,,,,,,,,,,,,,507,1103,188,,360,187,174,243,271,458,178,67,,214,16,27,497,,,,,,,,,,131,,,,,,,84,,,,,128,,,,,,,,,,,,,,,155,,,,,,418,,,,,,,,,,,,,,,,,,56,,,,,,,,,,,176,290,244,170,163,201,,,391,40,13,290,149,367,510,314,,322,129,,121,,,,1326,,,,327,,64,,,,,,,,36,,,181,88,17,13,,,,,,,,,,,,264,,,,,,,,,,,,19,,,,,,,,,,,,,,,,,,,,,,,,,,,,,,,,,,,,,,,,,,,,,,94,,298,,976,171,2330,116,,87,,,,,,,,,,,,,,,,,,,,,,535,,,,606,,212,217,176,265,365,,,111,,,,,,,,,,238,,,104,56,128,229,112,102,479,166,90,482,79,,,,,,,,,,,,,,,,,,,,,,,,,,,,,,,,,,,,,,,,,,,,,,,,,,,,,524,,162,310,14,230,235,95,,,254,292,,,,,,71,,145,444,305,,,,,,,,,,,,155,42,,,,
2026-08-03T15:55:02+00:00,,,,,,,,,,,,,,,,,,,,,,,,,,,,,,,,,,,,,,,,,,,,,,,,,,,,,,,,,,,,,,,,,,,,,,,,,,,,,,,,,,,,,,,,,,,,,,,,,,,,,,,,,,,,,,,,,,,,,,,,,,,,,,,,,,,,,,,,,,,,,,,,,,,,,,,,,,,,,,,,,,,,,,,,,,,,,,,,,,,,,,,,,,,,,,,,,,,,,,,,,,,,,,,,,,,,,,,,,,,,,,,,,,,,,,,,,,,,,,,,,,,,,,,,,,,,,,,,,,,,,,,,,,,,,,,,,,,,,,,,,,,,,,,,,,,,,,,,,,,,,,,,,,,,,,,,,,,,,,,,,,,,,,,,,,,,,,,,,,,,,,,239,,45,,70,,,198,452,284,,,,218,,175,,,,85,155,149,104,6,265,141,89,,,133,801,40,,41,,,,,,,,,,,,,,,,,,,,,,,,,,,,,,,,,,,,,,,,,,,,,,,,,,,,,,,,,,,,,,,,,,,,,,,,,,,,,,,,,,,,,,,,,,,,,,,,,,,,,,,,,,,,,,,,,,,,,,,,,,,,,,,,,,,,,,,,,,,,,,,,,,,,,,,,,,,,,,,
2026-08-03T16:00:01+00:00,139,287,,,499,34,,130,,328,,186,239,,,127,,,,,127,459,323,317,215,,83,,,,856,,27,42,231,,201,,,143,,,,,,,,,,91,,,,,,15,,,,,,,73,219,,,,23,,,,,212,,,114,193,254,116,200,115,107,196,,196,,370,74,201,,206,214,450,49,287,,242,293,2,,115,135,281,145,,706,,480,210,,160,248,313,,,489,30,,,,,,,,,,,,,,,92,,,,,509,,,,,137,,,,,,,,163,,,275,,578,,352,,,,494,,,,,,,,,,,,,,,,,,,,,,,,,70,,211,16,33,506,,,,,,,,247,,130,,,,,,,88,,,40,,129,,,,,,38,,,,,,,,,159,,,,,,419,,15,93,,,,,,,,,,,,,,,58,,,,,,,,,,,,288,245,172,168,203,259,,389,41,12,295,148,366,515,315,336,327,,,,313,98,,1327,,,,331,,,,,,,,,,37,,,182,90,21,12,,,,,,,,,176,,,266,,,,,,,,,,,,,,,,,,,,,,,,242,,44,,68,,,196,451,288,,,,,,176,,,,,158,148,105,9,268,140,94,,68,,,42,139,40,93,264,310,,985,168,2322,113,186,85,,,,,,,,,,,,,,,,,,,,,,536,80,162,,599,,211,216,184,263,364,,,113,115,,,,,,50,,,237,126,209,,62,133,236,,104,486,168,86,477,,60,,70,,135,,113,,,,,223,,,,,270,,186,,,,,,,,,,,,,,,,,,,,,,,,,,,,,,,,,,535,135,163,311,13,236,,,529,39,256,293,,293,,162,42,,,148,448,,,,,,,,,,,344,,154,41,,,,
2026-08-03T16:05:02+00:00,143,290,,139,501,36,,,186,326,,190,241,,,,,,,,129,,327,312,219,,85,,,,867,,25,43,,,202,,38,,,,,,30,,,,,,,,,,,13,45,,,,,21,,229,85,,,24,25,,,,211,,,,190,,,,,,,,,,,,,,,,,,,,,,,,,,,,,,,,,,,,,,,,,104,93,726,126,259,458,51,82,380,,,,,,,,,,,,,,,,,,,,,,,,,,,,,,,,,,,,,,,,,,,,,,,,274,504,1105,198,,361,184,178,245,272,456,174,71,,,16,30,512,,,,,,,,249,,128,,,,,,,90,,,,,128,,,,,,37,,,,,,,,,158,,,,,,420,,,94,,,,,,,,,,,,,,,57,,,,,,,,,,,177,297,,174,,204,260,,387,40,,,152,370,529,317,339,333,130,,122,308,99,,1332,,,,329,,67,,,,,,,,,,,184,91,26,13,,,,449,,,,,177,,,,,,,,,,,,,,,17,,,,,,,,,,,,244,,,,,119,64,199,449,292,,36,,217,,178,,,,,,151,111,10,269,,98,,71,135,802,,138,,,267,,59,987,177,2321,,188,83,,,,,,,,,,,,,,,,,,,,,,537,,164,,596,,214,,194,260,366,,,115,114,,,,,,52,,,241,,214,110,77,149,242,115,107,491,171,94,482,76,62,,,,,,,,,,,,,,,,,,,,,,,,,,,,,,,,,,,,,,,,,,,,,,,,,,,,541,136,164,302,10,226,234,,531,41,263,,,289,,160,39,,,156,447,303,,,,,,,522,,,342,,157,132,,,155,
2026-08-03T16:10:01+00:00,140,,,138,503,,,134,,,,,243,,,,,,,,131,,,313,220,,86,,,13,875,31,21,39,228,,203,,,144,,,,,,,,,,,,361,,,,12,44,,,,,,67,232,,,,,26,,,,214,,,117,191,252,119,207,111,109,200,,197,,373,69,202,336,209,,453,47,288,,239,294,1,,,139,278,151,171,715,,483,216,106,163,,324,,,,31,105,101,727,134,,464,52,81,378,,,,,,102,,,,,507,,,,,138,188,,,,,,,169,,,269,,572,,364,,198,,509,,,,,,,,,,,,,,,,,,,,,,,,,70,,213,16,26,510,,,,,,,,,,129,,,,,,,93,,,38,,127,,,,,,39,,,,,,,,,171,,,,,,410,,20,,,,,,47,,,,,138,,,,,,,,,,,,,,,,,302,250,,172,205,262,,389,42,,299,158,371,539,,341,342,,,,312,,,,,,,,,,,,,,,,,,,,,,,,,,,,,,,,,,,,,,,,,,,,,,,,,,,,,,,,,,,243,119,,92,65,120,65,,451,294,,,,218,,180,,,,,,158,113,12,270,141,103,,74,136,804,41,,38,,,,,,,,,,,,,,,,,,,,,,,,,,,,,,,,545,,166,,,,215,215,204,262,367,,,122,,,,,,,54,,,244,127,215,112,81,150,249,117,110,488,169,92,480,75,,,,,,,,,,,,,,,,,,,,,,,,,,,,,,,,,,,,,,,,,,,,,,,,,,,,,545,,162,298,12,,237,,535,,264,,,,,164,43,,,157,450,301,,,,,,,523,,,347,,158,,,,157,
2026-08-03T16:15:01+00:00,144,,,,502,41,,135,,324,,,246,,,124,,,,,132,,333,314,217,,,,,12,877,,24,35,229,,,,,149,,,,,,,,,,92,,363,,,,,46,,,,181,20,68,234,,,83,22,,,,,215,,,,190,,,,,,,,,,374,72,209,353,212,218,459,46,,,241,297,,,117,146,281,152,,718,63,495,224,105,171,253,336,,,,36,,,,,,,,,,,,,,,,,,,,,,,,,,,,,,,,,,,,,,,,,,,,,,,,,,,,,,,,,275,494,1120,178,145,365,180,177,247,,464,171,75,,211,16,27,517,,,,,,,,251,,130,,,,,,,94,,,40,,,,,,,,38,,,,,,,,,160,,,,,,411,,19,96,124,,,,50,,,,,,,,,,56,,,,,65,,,,,,,308,255,175,178,206,276,,390,43,,305,160,370,545,318,342,344,131,,,310,56,,1334,,,,328,,,,,,,,,,39,,,185,94,25,,,,,450,,,,,181,,,271,,,,,,,,,,,,,,,,,,,,,,,,242,121,45,91,68,,,204,457,299,,37,,,,182,,,,86,,,115,15,273,145,109,,76,138,810,,,40,92,,318,,986,178,2320,114,190,79,,,,,,,,,,,,,,,,,,,,,,,,,,,,,,,,,,,,,,,,,,,,,,,,,,,,,113,498,172,94,474,,64,,80,,139,,,,,,,222,,,,,296,,187,,,,,,,,,,,,,,,,,,,,,,,,,,,,,,,,,,547,135,164,297,16,,243,97,537,42,,296,,290,,163,41,,,,451,305,,,,,,,526,,,348,,159,,,,153,
2026-08-03T16:20:02+00:00,145,288,,139,494,42,,134,187,325,,191,250,,,120,,,,,134,,342,318,,,,,,11,888,,18,32,228,,204,,,150,,,,,,,,,,,,364,,,,,47,,,,,21,66,237,,232,85,,,,,,216,,,,189,245,124,210,120,111,202,,,,,,,,,,,,,,,,,,,,,,,,,,,,,,,,,,,110,110,735,140,260,459,53,83,375,,,,,,108,,,,,512,,,,,,193,,,,,,,172,,,266,,577,,371,,194,,521,,,,,,,,,,,,,,,,,,,,,,,,,77,,217,16,29,521,,,,,,,,255,,128,,,,,,,,,,,,,,,,,,39,,,,,,,,,154,,,,,,413,,18,98,,,,,53,,,,,139,,,,,,,,,,,,,,,,,312,,,181,207,280,,389,46,,304,164,,550,317,,337,,,,311,55,,1338,,,,329,,,,,,,,,,41,,,183,96,27,,,,,449,,,,,183,,,269,,,,,,,,,,,,19,,,,,,,,,,,,241,123,,92,70,,,,460,301,,,,,,181,,,,85,,160,118,16,275,146,113,,80,139,815,40,139,42,91,265,,60,1004,183,2325,,191,58,,,,,,,,,,,,,,,,,,,,,,555,82,163,,590,,224,218,220,260,370,,,121,116,,,,,,56,,,251,124,223,110,82,,256,,116,505,177,91,,,,,,,,,,,,,,,,,,,,,,,,,,,,,,,,,,,,,,,,,,,,,,,,,,,,,,,549,136,,295,15,227,242,,,45,263,,,291,,162,40,72,,161,450,,,,,,,,531,,,347,,162,,,,152,
2026-08-03T16:25:01+00:00,140,289,,,500,38,,136,188,,,192,,,,116,,,,,140,460,,,223,,85,,,12,896,,,31,229,,203,,,151,,,122,,,,,,,,,366,,,,14,,,,,,,69,233,,,86,,,,,,217,,,116,190,,,,,,,,,,373,68,,363,219,216,471,47,294,,262,296,,,,160,,151,,724,62,,241,104,180,249,349,,,490,39,,,,,,,,,,,,,,,,,,,,,,,,,,,,,,,,,,,,,,,,,,,,,,,,,,,,,,,,,,493,1128,175,,,176,178,,273,468,170,83,,211,16,31,527,,,,,,,,257,,127,,,,,,,,,,,,,,,,,,40,,,,,,,,,159,,,,,,412,,20,99,123,,,,59,,,,,140,,,,,57,,,,,,,,,,,,321,257,,180,209,281,,388,51,,308,163,375,554,319,344,332,,,123,316,,,1339,,,,332,,72,,,,,,,,,,,187,94,,15,,,,450,,,,,,,,276,,,,,,,,,,,,18,,,,,,,,,,,,239,125,46,95,71,,67,207,461,306,,,,220,,182,,,16,88,161,163,128,18,277,145,111,,,,819,41,138,,90,266,320,,1013,182,2329,115,193,44,,,,,,,,,,,,,,,,,,,,,,,,,,,,,,,,,,,,,,,,,,,,,,,,,,,,,115,510,,95,476,73,66,,,,,,,,,,,,,,,,,,,,,,,,,,,,,,,,,,,,,,,,,,,,,,,,,,,,552,,166,291,,218,239,,536,48,261,298,,292,,161,41,,,163,451,306,,,,,,,534,,,,,,,,,,
2026-08-03T16:30:02+00:00,141,291,,,501,36,,133,192,326,,196,252,,,118,,,,,,,346,319,,,86,,,13,902,,17,28,,,208,,,152,,,120,,,,,,,,,364,,,,12,48,,,,,22,72,232,,233,,,25,,,,219,,,,194,243,141,216,124,110,201,,,,375,67,212,360,218,220,473,44,295,,271,,,,116,165,279,147,172,728,,498,243,,185,,353,,,,43,114,109,740,144,262,460,56,88,372,,,,,,103,,,,,514,,,,,139,194,,,,,,,181,,,263,,583,,378,,192,,539,,,,,,,,,,,,,,,,,,,,,,,,,,,214,16,37,529,,,,,,,,259,,,,,,,,,95,,,41,,128,,,,,,,,,,,,,,,162,,,,,,409,,,100,,,,,57,,,,,141,,,,,,,,,,,,,,,,175,326,256,,181,210,284,,393,50,,311,166,376,553,,343,327,132,,,313,58,,1338,,,,336,,71,,,,,,,,40,,,186,91,30,17,,,,,,,,,185,,,274,,,,,,,,,,,,20,,,,,,,,,,,,236,,,96,72,,66,212,462,309,,,,221,,181,,,,,163,165,131,21,276,144,117,,76,138,822,,,,81,267,321,,1016,,2323,,,41,,,,,,,,,,,,,,,,,,,,,,561,,165,,,,228,,227,258,,,,118,,,,,,,,,,255,125,224,114,87,156,257,118,,513,180,102,478,,75,,84,,140,,117,,,,,220,,,,,295,,186,,,,,,,,,,,,,,,,,,,,,,,,,,,,,,,,,,554,137,164,285,13,221,241,96,537,53,260,297,,,,160,,74,,165,454,303,,,,,,,536,,,353,,164,,,,,
2026-08-03T16:35:01+00:00,142,290,,,507,37,,134,190,329,,199,255,,,119,,,,,,,351,318,225,,84,,,8,903,,18,24,227,,,,37,150,147,,,,31,,,,,90,,,,,,13,47,,,,182,20,67,,,,87,,,,,,221,,,115,198,,,,,,,,,,,,,,,,,,,,,,,,,,,,,,,,,,,,,,,,,,,,,,,,,,,,,,,,,,,,,,,,,,,,,,,,,182,,,265,,589,,380,,,,543,,,,,,,,,,,,,,484,1132,172,148,374,170,,248,272,469,177,,,216,16,,536,,,,,,,,258,,129,,,,,,,97,,,,,129,,,,,,42,,,,,,,,,160,,,,,,411,,,,124,,,,62,,,,,142,,,,,,,,,,,,,,,,176,330,258,174,189,211,295,,396,52,,313,174,,561,318,,321,,,125,317,59,,,,,,337,,73,,,,,,,,39,,,185,93,33,18,,,,,,,,,189,,,271,,,,,,,,,,,,19,,,,,,,,,,,,235,,44,97,73,,65,,463,310,,,,222,,175,,,,89,166,167,132,24,277,147,121,,78,140,824,,,45,91,266,324,,1020,183,2321,113,,43,,,,,,,,,,,,,,,,,,,,,,,,167,,595,,232,,240,254,,,,116,117,,,,,,58,,,259,127,225,111,91,,258,121,116,524,183,105,488,72,82,,,,,,,,,,,,,,,,,,,,,,,,,,,,,,,,,,,,,,,,,,,,,,,,,,,,556,136,165,282,14,224,239,95,539,56,262,,,,,162,40,73,,166,458,302,,,,,,,,,,357,,,,,,159,
2026-08-03T16:40:02+00:00,145,289,,,,32,,132,,331,,201,260,,,117,,,,,144,,354,320,223,,,,,9,911,,12,,,,207,,,149,,,,,,,,,,,,365,,,,,48,,,,,21,61,230,,,88,19,,,,,220,,,,193,238,144,218,125,115,202,,,,377,65,,364,226,221,476,42,299,,273,297,,,,172,280,146,171,731,,493,248,,186,252,350,,,,47,113,117,748,148,259,463,,87,373,,,,,,112,,,,,520,,,,,135,197,,,,,,,185,,,266,,599,,386,,193,,554,,,,,,,,,,,,,,,,,,,,,,,,,84,,215,16,38,542,,,,,,,,261,,126,,,,,,,,,,44,,130,,,,,,44,,,,,,,,,166,,,,,,,,,101,,,,,66,,,,,,,,,,,,,,,,,,,,,174,337,259,,193,213,,,393,51,,314,175,377,566,319,345,324,,,126,323,61,,1340,,,,338,,75,,,,,,,,38,,,,89,32,,,,,,,,,,202,,,268,,,,,,,,,,,,,,,,,,,,,,,,234,126,47,98,76,,63,,467,308,,,,226,,177,,,,90,170,166,136,,,145,125,,83,,826,40,136,,,,,,,,,,,,,,,,,,,,,,,,,,,,,,,,,572,,168,,591,,234,221,239,249,371,,,118,,,,,,,61,,,260,,234,115,95,160,257,125,,537,185,113,499,70,84,,,,,,,,,,,,,,,,,,,,,,,,,,,,,,,,,,,,,,,,,,,,,,,,,,,,557,,164,278,11,228,240,,537,62,265,302,,,,,,,,165,457,,,,,,,,538,129,,,,162,130,,,157,
2026-08-03T16:45:01+00:00,147,288,,,509,34,,135,192,336,,203,262,,,,,,,,,,357,318,234,,,,,,920,,15,21,224,,205,,38,150,,,,,,,,,,91,,366,,,,9,49,16,,,,18,,234,,,87,20,,,,,219,,,,188,,,,,,,,,,,67,208,363,227,223,479,36,,,278,,1,,114,,286,139,,733,63,499,205,,190,255,,,,491,48,,,,,,,,,,,,,,,,,,,,,,,,,,,,,,,,,,,,,,,,,,,,,,,,,,,,,,,,,,485,1138,191,153,379,164,181,250,270,464,185,83,,214,16,41,556,,,,,,,,,,127,,,,,,,96,,,43,,,,,,,,,,,,,,,,,165,,,,,,413,,,,,,,,,,,,,141,,,,,,,,,,,,,,,,170,344,258,,199,214,308,,394,53,,316,177,378,568,,346,325,,,127,325,66,,,,,,337,,76,,,,,,,,36,,,179,,34,14,,,,,,,,,,,,276,,,,,,,,,,,,18,,,,,,,,,,,,227,129,48,,,121,,215,469,307,,,,,,178,,,,,,171,137,,,,128,,,142,827,,,46,88,,320,61,1028,184,2315,110,,,,,,,,,,,,,,,,,,,,,,,,,,,,,,,,,,,,,,,,,,,,,,,,,,,,,,,117,548,,117,495,,88,,95,,144,,119,,,,,225,,,,,298,,,,,,,,,,,,,,,,,,,,,,,,,,,,,,,,,,,,558,138,163,275,,231,242,,538,64,266,304,,293,,164,41,72,,166,460,303,,,,,,,,,,,,168,131,,,156,
2026-08-03T16:50:01+00:00,,,,137,507,33,,137,204,333,,205,265,,,116,,,,,142,,361,316,238,,,,,11,932,,17,13,,,208,,,149,,,,,,,,,,90,,365,,,,11,,,,,,19,59,,,,88,19,,,,,221,,,113,,240,151,232,128,114,210,,,,378,78,204,367,,222,497,,300,,291,299,2,,115,184,288,137,,743,64,510,213,,194,259,368,,,,47,,121,750,147,254,464,55,82,372,,,,,,121,,,,,527,,,,,136,,,,,,,,,,,267,,600,,384,,,,558,,,,,,,,,,,,,,,,,,,,,,,,,82,,212,16,45,571,,,,,,,,262,,128,,,,,,,97,,,44,,131,,,,,,,,,,,,,,,154,,,,,,416,,19,99,,,,,67,,,,,,,,,,56,,,,,,,,,,,168,346,259,175,,217,313,,,49,,318,192,382,577,320,349,328,,,129,329,72,,,,,,338,,81,,,,,,,,,,,,88,,,,,,,,,,,205,,,278,,,,,,,,,,,,16,,,,,,,,,,,,224,132,47,97,80,,64,218,473,313,,38,,229,,179,,,,91,,176,141,,,146,134,,,141,828,,135,,82,,323,62,1032,185,2316,,195,44,,,,,,,,,,,,,,,,,,,,,,579,,,,586,,235,222,247,,370,,,120,,,,,,,60,,,261,,,116,103,161,260,127,116,556,,121,494,,91,,,,,,,,,,,,,,,,,,,,,,,,,,,,,,,,,,,,,,,,,,,,,,,,,,,,560,136,,273,8,233,246,94,543,73,271,303,,,,166,43,71,,167,462,302,,,,,,,541,,,367,,169,,,,,
2026-08-03T16:55:01+00:00,148,287,,,512,34,,147,211,,,211,267,,,113,,,,,143,462,363,318,241,,,,,,939,,21,,223,,210,,,148,,,,,,,,,,94,,,,,,10,50,,,,,17,53,,,,,21,,,,,,,,115,185,238,155,236,129,115,211,,,,,,,,,,,,,,,,,,,,,,,,,,,,,,,,,,,114,125,749,150,251,466,,83,373,,,,,,120,,,,,,,,,,138,199,,,,,,,186,,,,,599,,379,,,,565,,,,,,,,,,,,,277,480,1141,187,155,387,159,188,249,268,462,190,79,,213,16,,577,,,,,,,,263,,,,,,,,,,,,45,,,,,,,,,,,,,,,,,151,,,,,,419,,20,100,,,,,68,,,,,140,,,,,,,,,,,,,,,,165,357,,,202,218,323,,393,47,,316,190,383,574,,350,326,131,,,335,74,,1338,,,,337,,85,,,,,,,,35,,,178,89,37,,,,,,,,,,213,,,,,,,,,,,,,,,17,,,,,,,,,,,,222,134,,,81,,65,216,471,308,,,,,,,,,,,,182,142,26,,148,138,,88,,830,41,134,45,,267,324,65,1050,184,2310,109,,36,,,,,,,,,,,,,,,,,,,,,,582,,170,,588,,,,256,250,369,,,122,115,,,,,,61,,,262,128,235,121,107,167,261,,118,568,188,120,503,68,93,,,,,,,,,,,,,,,,,,,,,,,,,,,,,,,,,,,,,,,,,,,,,,,,,,,,562,137,161,268,4,237,245,95,547,77,272,304,,,,168,47,73,,,463,303,,,,,,,,,,371,,,,,,160,
2026-08-03T17:00:02+00:00,151,,,,521,38,,145,,330,,212,,,,110,,,,,145,463,366,322,242,,,,,,944,29,24,11,,,214,,,147,,,,,32,,,,,92,,,,,,6,,,,,,15,51,233,,232,,20,,,,,,,,,184,,,,,,,,,,379,65,197,,229,220,500,34,302,,293,300,4,,,182,287,146,172,749,63,520,216,,200,,378,,,,48,,,,,,,,,,,,,,,,,,,,,,,,,,,,,,,,,,,,,,,,,,,,,,,,,,,,,,,,,,,,,,,,,,,,,76,,212,16,52,583,,,,,,,,,,,,,,,,,101,,,,,130,,,,,,45,,,,,,,,,141,,,,,,422,,,,,,,,73,,,,,139,,,,,,,,,,,,,,,,160,363,258,176,205,219,329,,,49,,318,194,,580,,352,324,,,130,336,78,,1339,,,,339,,88,,,,,,,,34,,,175,91,,12,,,,,,,,,219,,,280,,,,,,,,,,,,18,,,,,,,,,,,,212,,48,96,83,,,219,474,303,,,,,,181,,,,,169,185,144,27,,,137,,87,,,,135,47,,,,,,,,,,,,,,,,,,,,,,,,,,,,,,,,587,81,,,,,237,219,266,253,370,,,124,114,,,,,,62,,,264,,,123,109,172,264,,115,574,189,117,507,,99,,97,,149,,122,,,,,173,,,,,314,,187,,,,,,,,,,,,,,,,,,,,,,,,,,,,,,,,,,564,136,162,263,,238,250,94,,82,,306,,294,,,51,,,169,,,,,,,,,539,,,374,,174,,,,164,
2026-08-03T17:05:01+00:00,152,,,,524,41,,152,213,,,210,266,,,114,,,,,148,,369,319,244,,,,,,950,,25,10,222,,217,,,150,,,,,,,,,,,,368,,,,4,49,,,,,14,46,235,,,87,19,,,,,220,,,117,187,241,171,238,130,,208,,,,378,49,196,369,233,224,497,,,221,303,,5,,,191,291,,,751,,527,219,,206,252,377,,,,51,,,,,,,,,,,,,,,126,,,,,529,,,,,140,196,,,,,,,185,,,259,,606,,389,,192,,578,,,,,,,,,,,,,,475,1144,179,,389,153,,246,269,458,196,79,,,16,51,586,,,,,,,,265,,,,,,,,,103,,,,,131,,,,,,,,,,,,,,,146,,,,,,423,,19,,125,,,,76,,,,,140,,,,,55,,,,,66,,,,,,155,370,263,177,208,221,344,,391,44,,319,198,385,587,322,355,323,133,,,338,,,1340,,,,340,,90,,,,,,,,31,,,172,89,33,,,,,449,,,,,216,,,279,,,,,,,,,,,,,,,,,,,,,,,,216,,49,97,,,,221,477,307,,39,,230,,180,,,,92,168,192,0,,278,146,140,,88,,833,40,,,92,266,317,,1059,175,2305,107,196,56,,,,,,,,,,,,,,,,,,,,,,591,80,168,,590,,235,222,284,,,,,126,,,,,,,,,,263,,241,126,111,171,,129,117,578,193,,519,67,,,,,,,,,,,,,,,,,,,,,,,,,,,,,,,,,,,,,,,,,,,,,,,,,,,,,566,,163,268,6,244,254,,550,84,,307,,295,,169,50,72,,,462,302,,,,,,,542,,,372,,176,,,,163,
2026-08-03T17:10:02+00:00,,288,,136,529,39,,157,,329,,212,267,,,124,,,,,151,,,324,251,,,,,10,952,,20,7,221,,219,,,152,,,,,,,,,,,,,,,,6,48,,,,,15,43,,,,,,,,,,219,,,123,186,,,,,,,,,,,39,195,371,,227,504,32,,,,,7,,,194,292,141,,,,520,221,106,208,248,381,,,,,115,132,738,147,255,474,56,79,371,,,,,,,,,,,,,,,,,,,,,,,,,,,,,,,,,,,,,,,,,,,,,,,,,,,,,,,,,,,,83,,,16,,590,,,,,,,,,,129,,,,,,,105,,,44,,130,,,,,,,,,,,,,,,144,,,,,,426,,20,,,,,,86,,,,,142,,,,,,,,,,,,,,,,153,376,262,178,209,223,349,,393,42,,320,202,388,591,,354,325,,,129,342,79,,,,,,,,91,,,,,,,,,,,174,84,35,,,,,450,,,,,219,,,281,,,,,,,,,,,,17,,,,,,,,,,,,221,135,50,,82,,,220,480,311,,,,228,,183,,,15,91,167,195,,28,277,,144,,87,,834,38,137,,,,,,,,,,,,,,,,,,,,,,,,,,,,,,,,,598,79,171,,594,,238,224,290,255,368,,,125,110,,,,,,61,,,,129,244,,115,173,266,130,120,594,,122,522,,100,,,,,,,,,,,,,,,,,,,,,,,,,,,,,,,,,,,,,,,,,,,,,,,,,,,,569,,162,267,5,241,256,96,,87,270,308,,,,,49,,,168,,,,,,,,,544,,,378,,177,132,,,169,
2026-08-03T17:15:01+00:00,154,290,,,538,,,165,218,330,,214,273,,,128,,,,,154,464,368,323,253,,,,,,957,,21,6,,,220,,,153,148,,,,,,,,,95,,370,,,,,47,,,,,11,42,234,,231,,20,,,,,,,,122,184,230,177,251,133,170,212,,,,377,,196,373,,226,509,30,,,309,,8,8,,193,289,135,,752,62,527,229,108,215,,388,,,,52,,,,,,,,,,,,,,,130,,,,,,,,,,147,194,,,,,,,186,,,256,,613,,395,,193,,,,,,,,,,,,,,,,473,1150,195,157,396,150,,243,,456,,86,,213,16,52,600,,,,,,,,266,,133,,,,,,,104,,,46,,,,,,,,,,,,,,,,,145,,,,,,427,,19,102,,,,,,,,,,,,,,,,,,,,,,,,,,150,391,,179,222,224,354,,392,43,,,,392,599,323,355,333,,,,340,82,,1342,,,,343,,92,,,,,,,,30,,,172,82,38,,,,,,,,,,222,,,,,,,,,,,,,,,19,,,,,,,,,,,,223,134,,101,88,,66,,482,312,,,,229,,,,,,,,196,,30,276,148,148,,90,142,,,,48,89,267,320,,1065,178,2304,105,,,,,,,,,,,,,,,,,,,,,,,,602,,173,,592,,239,,292,258,366,,,,112,,,,,,63,,,260,130,250,129,121,,264,132,121,602,197,124,519,,,,,,,,,,,,,,,,,,,,,,,,,,,,,,,,,,,,,,,,,,,,,,,,,,,,,,571,138,164,268,6,247,260,,549,90,275,309,,296,,171,50,74,,169,,303,,,,,,,547,,,386,,179,134,,,171,
2026-08-03T17:20:01+00:00,156,288,,,536,37,,169,217,333,,216,276,,,129,,,,,158,467,373,324,,,87,,,,964,28,23,5,220,,223,,,,150,,,,,,,,,94,,368,,,,,,,,,,,37,,,,,,,,,,,,,121,182,,,,,,,,,,,,,,,,,,,,,,,,,,,,,,,,,,,,,,,,,,143,732,,252,,,75,372,,,,,,,,,,,,,,,,,,,,,,,,,,,,,,,,,,,,,,,,,,,,,,,,,,,,,,,,,,,,87,,210,16,,612,,,,,,,,,,132,,,,,,,105,,,45,,131,,,,,,,,,,,,,,,138,,,,,,429,,18,,,,,,85,,,,,,,,,,,,,,,,,,,,,144,400,,,,,358,,389,42,,,207,390,601,,,326,,,,338,,,1343,,,,341,,90,,,,,,,,31,,,168,,,,,,,,,,,,228,,,283,,,,,,,,,,,,,,,,,,,,,,,,225,133,,102,93,,,226,,313,,,,230,,182,,,14,92,163,205,,,274,,153,,91,,833,37,,,88,270,321,,1083,,2302,,,57,,,,,,,,,,,,,,,,,,,,,,609,78,177,,591,,243,,308,259,,,,,,,,,,,62,,,261,129,,132,133,178,,130,120,611,199,127,521,,101,,99,,150,,126,,,,,174,,,,,322,,190,,,,,,,,,,,,,,,,,,,,,,,,,,,,,,,,,,574,,163,271,7,253,,,548,100,277,308,,,,,51,75,,170,,301,,,,,,,551,,,393,,,,,,,
2026-08-03T17:25:02+00:00,,291,,137,539,,,,219,337,,217,281,,,131,,,,,,466,378,328,261,,86,,,,975,,25,0,219,,225,,,,151,,,,,,,,,,,,,,,5,48,,,,183,,33,233,,232,,21,,,,,230,,,120,181,225,187,262,139,171,217,,,,,38,203,,234,224,507,,,222,317,305,,6,,196,286,142,173,753,,531,234,,214,251,397,,,,51,,,,,,,,,,,,,,,131,,,,,,,,,,148,197,,,,,,,191,,,250,,620,,402,,196,,581,,,,,,,,,,,,,276,470,1154,215,161,402,152,,230,,460,199,88,,204,16,,621,,,,,,,,268,,131,,,,,,,109,,,46,,,,,,,,47,,,,,,,,,141,,,,,,430,,,100,,,,,86,,,,,144,,,,,54,,,,,,,,,,,,404,266,,,227,368,,391,41,,318,212,,605,325,359,325,134,,,335,84,,1344,,,,339,,89,,,,,,,,,,,,87,,14,,,,,,,,,233,,,286,,,,,,,,,,,,,,,,,,,,,,,,221,135,,,95,122,,225,485,310,,,,,,183,,,,,165,206,,31,273,149,157,,89,,,38,,,87,273,319,66,1093,187,2310,,,,,,,,,,,,,,,,,,,,,,,,,614,,178,,590,,242,,317,260,,,,130,,,,,,,60,,,263,122,248,135,138,180,267,131,,617,196,133,531,69,104,,,,,,,,,,,,,,,,,,,,,,,,,,,,,,,,,,,,,,,,,,,,,,,,,,,,575,136,162,272,,257,264,96,546,113,279,309,,297,,169,49,,,,465,302,,,,,,,554,,,399,,180,137,,,,
2026-08-03T17:30:02+00:00,157,,,,538,39,,173,226,336,,218,282,,,125,,,,,159,,379,329,272,,,,,,983,,15,,217,,227,,,152,,,,,,,,,,93,,367,,,,1,49,,,,,9,31,234,86,,,20,,,,,232,,,115,182,,,,,,,,,,378,31,205,369,235,223,511,29,,,329,304,7,,,205,283,145,,754,,539,237,109,,,403,,,492,49,116,147,729,148,261,476,,71,370,,,,,,,,,,,,,,,,,,,,,,,,,,,,,,,,,,,,,,,,,,,,,,,,,,,,,,,,,,,,86,,205,16,,632,,,,,,,,,,,,,,,,,,,,,,,,,,,,,,,,,,,,,130,,,,,,432,,14,,,,,,90,,,,,145,,,,,53,,,,,,,,,,,143,408,267,,225,228,373,,393,38,,319,216,,611,,361,328,133,,,337,86,,1345,,,,340,,90,,,,,,,,,,,167,88,40,15,,,,,,,,,239,,,,,,,,,,,,,,,20,,,,,,,,,,,,217,,,,98,,,226,488,,,40,,228,,179,,,,,164,208,,,270,,164,,93,,,,,,88,272,323,67,1095,180,2315,,,56,,,,,,,,,,,,,,,,,,,,,,,,,,,,,,,,,,,,,,,,,,,,,,,,,,,,,119,626,199,139,537,70,105,,,,,,,,,,,,,,,,,,,,,,,,,,,,,,,,,,,,,,,,,,,,,,,,,,,,578,,,274,8,265,268,,,117,280,310,,298,,171,50,,,172,464,,,,,,,,556,,,412,,179,138,,,,
2026-08-03T17:35:01+00:00,160,289,,,544,,,178,235,,,219,283,,,,,,,,,,382,334,277,,,,,12,990,,12,,,,232,,,153,150,,,,33,,,,,,,,,,,,48,15,,,,,34,,,,,,,,,,,,,113,180,216,200,265,143,173,,,,,,21,199,366,237,220,,31,,,336,,13,5,,212,285,139,,758,59,549,247,110,211,252,411,,,,51,,,,,,,,,,,,,,,130,,,,,531,,,,,152,,,,,,,,195,,,246,,623,,413,,197,,589,,,,,,,,,,,,,,461,1159,249,160,,155,189,217,268,,198,87,,203,16,,644,,,,,,,,269,,129,,,,,,,,,,,,,,,,,,,,,,,,,,,125,,,,,,437,,,99,,,,,91,,,,,144,,,,,52,,,,,,,,,,,140,416,265,,228,,385,,392,37,,317,222,393,616,,,329,,,,338,88,,1346,,,,342,,87,,,,,,,,32,,,166,,,,,,,,,,,,242,,,291,,,,,,,,,,,,,,,,,,,,,,,,219,136,,,101,,63,224,489,312,,,,227,,180,,,,,159,215,,33,,148,169,,92,144,832,,,,,,,,,,,,,,,,,,,,,,,,,,,,,,,,,,,617,,179,,587,,241,226,325,262,364,,,133,111,,,,,,59,,,264,,250,137,152,182,268,133,,629,201,141,541,69,109,,102,,,,134,,,,,179,,,,,330,,194,,,,,,,,,,,,,,,,,,,,,,,,,,,,,,,,,,582,135,,275,13,267,270,,547,123,281,,,299,,,51,77,,173,,305,,,,,,,553,,,418,,181,,,,195,
2026-08-03T17:40:01+00:00,161,286,,,,42,,180,242,337,,220,,,,129,,,,,160,,381,339,283,,,,,,997,,16,,,,235,,,157,151,,,,,,,,,,,368,,,,,49,16,,,,8,33,236,,231,,19,,,,,242,,,114,181,,,,,,,,,,,,,,,,,,,,,,,,,,,,,,,,,,,,,,,,,117,156,713,152,264,478,,63,373,,,,,,,,,,,,,,,,,,,,,,,,,,,,,,,,,,,,,,,,,,,,,,,,,,,,,,,,,,,,90,,205,16,53,650,,,,,,,,271,,130,,,,,,,,,,,,,,,,,,,,,,,,,,,127,,,,,,,,13,,,,,,92,,,,,,,,,,,,,,,,,,,,,139,422,,180,232,,386,,390,36,,320,220,394,619,326,360,331,,,,340,92,,,,,,,,,,,,,,,,31,,,,87,,,,,,449,,,,,253,,,293,,,,,,,,,,,,,,,,,,,,,,,,220,,,104,102,,62,,490,314,,,,,,179,,,,91,157,,,,267,149,173,,95,,,40,,49,,271,329,,1089,185,2313,103,,54,,,,,,,,,,,,,,,,,,,,,,622,79,,,582,,,228,330,,362,,,,112,,,,,,62,,,,121,251,138,158,183,270,134,124,635,199,144,540,,113,,,,,,,,,,,,,,,,,,,,,,,,,,,,,,,,,,,,,,,,,,,,,,,,,,,,,,161,,14,269,272,97,548,129,286,313,,300,,,55,78,,174,466,304,,,,,,,555,,,427,,182,139,,,,
2026-08-03T17:45:02+00:00,,287,,,549,41,,183,244,336,,222,281,,,142,,,,,163,467,385,342,287,,88,,,,1007,29,17,,,,,,,,152,,,,,,,,,,,369,,,,0,,,,,,6,35,,,,86,18,,,,,245,,,,,206,211,266,144,178,219,,,,,6,198,361,,218,513,30,303,,341,305,6,,,221,295,137,172,759,58,561,226,109,213,253,,,,,44,,,,,,,,,,,,,,,148,,,,,536,,,,,155,199,,,,,,,189,,,245,,635,,430,,194,,593,,,,,,,,,,,,,,453,1164,257,,398,148,,206,271,459,199,94,,202,16,59,665,,,,,,,,270,,129,,,,,,,108,,,,,130,,,,,,48,,,,,,,,,,,,,,,,,14,,126,,,,97,,,,,,,,,,,,,,,,,,,,,135,426,264,181,234,229,387,,386,37,,319,225,395,623,325,,334,,,,344,95,,,,,,344,,,,,,,,,,,,,168,86,,17,,,,,,,,,258,,,288,,,,,,,,,,,,18,,,,,,,,,,,,217,138,,107,107,123,,,491,318,,39,,,,,,,,,154,216,,,265,,176,,,146,828,,138,,,,326,68,1086,188,2311,104,,52,,,,,,,,,,,,,,,,,,,,,,625,,,,579,,244,229,345,263,,,,,111,,,,,,60,,,263,,252,140,161,186,269,136,125,643,200,147,547,,119,,,,,,,,,,,,,,,,,,,,,,,,,,,,,,,,,,,,,,,,,,,,,,,,,,,,,134,,277,20,266,273,,,138,289,314,,302,,,,77,,175,467,,,,,,,,556,,,436,,184,,,,206,
2026-08-03T17:50:01+00:00,164,286,,,554,43,,185,247,,,224,279,,,145,,,,,,,389,346,297,,87,,,,1009,,18,,216,,238,,,158,,,,,,,,,,92,,,,,,2,48,,,,,5,38,,,232,,14,,,,,250,,,115,183,,,,,,,,,,379,,195,364,,219,512,28,,,344,306,5,4,,222,292,140,,760,,569,,,214,251,414,,,,43,116,163,705,155,263,,57,61,374,,,,,,,,,,,,,,,,,,,,,,,,184,,,248,,639,,432,,193,,596,,,,,,,,,,,,,,,,,,,,,,,,,95,,197,16,,676,,,,,,,,,,,,,,,,,107,,,47,,132,,,,,,,,,,,,,,,130,,,,,,442,,,100,127,,,,103,,,,,,,,,,53,,,,,,,,,,,134,427,260,182,237,,391,,384,38,,320,226,,626,,359,337,,,,,96,,,,,,,,88,,,,,,,,,,,,85,39,16,,,,,,,,,262,,,287,,,,,,,,,,,,19,,,,,,,,,,,,,,48,108,105,,,225,,314,,,,228,,184,,,,90,149,221,,,,151,181,,92,,826,39,,,89,,,,1094,190,2312,,197,55,,,,,,,,,,,,,,,,,,,,,,633,,,,577,,246,,360,264,,,,132,,,,,,,62,,,265,120,255,142,160,190,,135,126,650,202,149,553,,126,,,,,,138,,,,,176,,,,,336,,196,,,,,,,,,,,,,,,,,,,,,,,,,,,,,,,,,,583,129,162,281,21,267,275,98,549,147,297,315,,305,,172,57,,,176,,305,,,,,,,558,,,443,,185,,,,,
2026-08-03T17:55:01+00:00,165,,,,565,47,,189,259,,,226,278,,,151,,,,,164,,392,352,300,,,,,,1024,,,,,,243,,,,151,,,,,,,,,,,,,,,1,,15,,,,3,43,,,,85,13,,,,,249,,,,184,,217,269,148,,218,,,,381,,198,367,236,218,522,,304,,354,307,9,5,,223,290,143,,,,568,227,,,250,424,,,,42,,,,,,,,,,,,,,,154,,,,,,,,,,158,200,,,,,,,,,,,,,,,,,,,,,,,,,,,,,,,,450,1163,292,,399,149,,205,301,511,226,97,,195,16,61,686,,,,,,,,,,131,,,,,,,106,,,48,,,,,,,,,,,,,,,,,122,,,,,,451,,13,,,,,,107,,,,,,,,,,54,,,,,,,,,,,133,431,,183,238,,392,,382,41,,319,228,396,627,326,362,338,131,,132,342,100,,,,,,348,,,,,,,,,,32,,,169,84,,17,,,,448,,,,,261,,,288,,,,,,,,,,,,20,,,,,,,,,,,,220,,47,107,103,,63,,490,317,,38,,229,,,,,,,,224,,,,150,186,,93,,823,40,137,48,,,,,,,,,,,,,,,,,,,,,,,,,,,,,,,,638,,181,,,,,,367,270,,,,134,110,,,,,,63,,,264,121,257,143,161,193,268,,127,657,205,150,552,68,127,,,,,,,,,,,,,,,,,,,,,,,,,,,,,,,,,,,,,,,,,,,,,,,,,,,,586,,163,,23,265,278,,,153,305,317,,307,,173,61,76,,,,306,,,,,,,557,,,449,,,137,,,216,
2026-08-03T18:00:01+00:00,166,284,,,569,48,,190,265,335,,227,279,,,154,,,,,165,468,,355,309,,,,,,1032,,20,,,,246,,,159,152,,,,,,,,,,,370,,,,2,51,,2,,,,47,238,,,,,,,,,246,,,114,182,,,,,,,,,,382,,199,369,233,219,527,24,,,356,,16,,114,224,292,153,,761,57,576,,,,249,427,,,491,,,173,697,157,257,483,58,58,376,,,,,,,,,,,,,,,,,,,,,,,,198,,,249,,657,,443,,192,,600,,,,,,,,,,,,,,,,,,,,,,,,,96,,193,16,63,691,,,,,,,,,,128,,,,,,,108,,,,,,,,,,,,,,,,,,,,127,,,,,,453,,12,102,,,,,,,,,,,,,,,,,,,,,,,,,,132,436,258,,240,228,395,,384,,,320,,,,325,360,339,130,,,341,,,,,,,347,,90,,,,,,,,,,,168,83,35,19,,,,447,,,,,263,,,295,,,,,,,,,,,,22,,,,,,,,,,,,221,139,,108,104,,61,226,491,319,,,,,,,,,,,148,227,,32,264,151,189,,95,,822,,138,,91,,337,,1104,191,2315,105,,46,,,,,,,,,,,,,,,,,,,,,,640,81,180,,581,,,,372,269,,,,,,,,,,,62,,,266,,263,146,165,,269,320,129,663,206,152,561,,128,,,,,,,,,,,,,,,,,,,,,,,,,,,,,,,,,,,,,,,,,,,,,,,,,,,,588,128,165,282,26,271,280,,551,160,306,318,,308,,174,64,77,,,468,305,,,,,,,558,,,463,,,,,,218,
2026-08-03T18:05:02+00:00,,285,,,573,47,,200,270,337,,226,280,,,152,,,,,167,469,394,361,315,,,,,,1041,,,,,,,,,161,153,,,,34,,,,,91,,,,,,1,52,16,8,,184,1,57,237,,,,14,,,,,249,,,113,184,200,225,271,152,,220,,198,,,,,,,,,,,,,,,,,,,,,,,,,,,,,,,,,,,,,,,,,,,,,,,166,,,,,538,,,,,154,204,,,,,,,,,,,,,,,,,,,,,,,,,,,,,,,,448,1166,305,163,407,,190,202,302,,,100,,194,16,68,701,,,,,,,,271,,129,,,,,,,109,,,47,,133,,,,,,,,,,,,,,,121,,,,,,455,,,104,,,,,,,,,,145,,,,,52,,,,,,,,,,,127,438,256,184,243,,398,,,42,,,231,399,631,,362,342,,,,,,,1347,,,,350,,88,,,,,,,,31,,,169,85,41,18,,,,446,,,,,268,,,301,,,,,,,,,,,,23,,,,,,,,,,,,219,,,,,124,64,,488,322,,,,,,183,,,,,147,226,,,265,,199,,93,,,,137,47,89,272,342,,,198,2316,,,44,,,,,,,,,,,,,,,,,,,,,,656,82,182,,579,,,230,406,272,363,,,133,,,,,,,,,,269,122,266,150,177,198,271,323,128,,204,156,570,71,126,,103,,,,147,,,,,174,,,,,346,,198,,,,,,,,,,,,,,,,,,,,,,,,,,,,,,,,,,589,126,166,283,32,269,282,,553,164,314,,,305,,177,65,82,,179,,,,,,,,,557,,,473,,186,,,,228,
2026-08-03T18:10:01+00:00,168,,,,,48,,204,272,339,,228,,,,154,,,,,,468,397,365,329,,,,,,1058,,22,,217,,,,,,154,,,,,,,,,92,,,,,,4,51,,14,,,0,63,238,,,,13,24,,,,251,,,111,186,192,227,,155,,,,,,381,,201,370,232,,526,,,,350,,10,4,,228,295,157,,762,,,235,,,251,430,,,492,39,117,183,672,160,255,482,,43,377,,,,,,167,,,,,537,,,,,149,201,,,,,,,,,,248,,669,,446,,195,,604,,,,,,,,,,,,,,,,,,,,,,,,,,,,,,,,,,,,,,,,,,,,,,,,,,,,,,,,,,,,,,,,,,,,,,,,,,,,,,,,,,,,,,,,,,,,,,,,,,,,,,,,,,,,,,,,,319,234,400,634,326,368,352,129,,,342,,,,,,,,,,,,,,,,,,,,,,,,,,,,,,,,,,,,,,,,,,,,,,,,,,,,,,,,,,,,,,,,,,,,,,,,,,,,,,,,,,,,,,,,,,,,,,,,,,,,,,,,,,,,,,,,,,,,,,,,,,,,,,,,,,,,,,,,,,,,,,,,,,,,,,,,,,,,,,,,,,,,,,,,,,,,,,,,,,,,,,,,,,,,,,,,,,,,,,,,,,,,,,,,,,,,,590,,,293,34,276,284,,555,175,321,319,,309,,,,,,182,470,306,,,,,,,558,,,484,,187,136,,,242,
2026-08-03T18:10:02+00:00,,,,,,,,,,,,,,,,,,,,,,,,,,,,,,,,,,,,,,,,,,,,,,,,,,,,,,,,,,,,,,,,,,,,,,,,,,,,,,,,,,,,,,,,,,,,,,,,,,,,,,,,,,,,,,,,,,,,,,,,,,,,,,,,,,,,,,,,,,,,,,,,,,,,,,,,,,,,,,,,,,,,,,,,,,,,,,,,,,,,,,,,,,99,,195,16,,715,,,,,,,,,,131,,,,,,,110,,,49,,,,,,,,,,,,,,,,,122,,,,,,462,,,105,,,,,116,,,,,144,,,,,51,,,,,,,,,,,,,257,,241,229,401,,383,45,,,,,,,,,,,,,,,,,,,,,90,,,,,,,,34,,,,88,38,,,,,448,,,,,271,,,304,,,,,,,,,,,,,,,,,,,,,,,,223,,46,107,,,,,,324,,,,,,184,,,,,145,,,,266,,200,,94,145,,,136,48,,,,,,,,,,,,,,,,,,,,,,,,,,,,,,,,,,,,,,,,,,,,,,,,,,,,,,,,,,,,,,,,665,201,,577,72,127,,,,,,,,,,,,,,,,,,,,,,,,,,,,,,,,,,,,,,,,,,,,,,,,,,,,,,,,,,,,,,,,,,,,,,,,,,,,,,,,,,,,,,,,,,
2026-08-03T18:15:02+00:00,,,,,575,49,,206,284,340,,227,281,,,153,,,,,,470,401,369,337,,,,,13,1068,30,24,4,,,,,,163,,,,,,,,,,90,,,,,,,,,27,,,,64,239,,,84,,,,,,258,,,,187,,,,,,,,,,382,,210,374,234,220,534,28,305,,357,305,14,,,230,291,166,,767,58,584,237,,217,256,437,,,,38,,,,,,,,,,,,,,,,,,,,,,,,,,,,,,,,,,,,,,,,,,,,,,,,,,,,,,,,,277,444,1169,364,164,409,153,,203,301,509,224,100,,199,16,71,726,,,,,,,,,,,,,,,,,,,,,,,,,,,,49,,,,,,,,,132,,,,,,466,,11,,,,,,118,,,,,143,,,,,,,,,,,,,,,,119,436,260,185,244,,406,,382,46,13,318,246,401,642,324,373,360,,,133,344,,,1349,,,,352,,91,,,,,,,,,,,173,89,,,,,,449,,,,,277,,,308,,,,,,,,,,,,22,,,,,,,,,,,,226,,,,,,,227,489,326,,37,,230,50,183,,,,91,,228,,31,267,153,204,,,144,826,,,,92,271,347,,1121,205,2323,106,198,42,,,,,,,,,,,,,,,,,,,,,,660,83,183,,583,,250,,426,,,,,134,111,,,,,,64,,,270,124,271,,187,203,269,,130,672,202,157,580,,130,,,,,,,,,,,,,,,,,,,,,,,,,,,,,,,,,,,,,,,,,,,,,,,,,,,,,,168,295,35,283,,,556,181,324,324,,310,,,67,84,,184,472,,,,,,,,559,,,489,,,135,,,254,
2026-08-03T18:20:01+00:00,169,284,,138,,51,,205,286,341,,233,282,,,,,,,,,472,408,371,343,,88,,,,1069,,26,8,,,,,,,,,118,,,,,,,85,,,,,,,,,32,,,,66,,,,,14,25,,,,260,,,,186,201,230,273,158,177,,,,,,,,,,,,,,,,,,,,,,,,,,,,,,,,,,,,119,194,669,163,262,481,57,40,374,,,,,,172,,,,,539,,,,,,,,,,,,,207,,,247,,683,,448,,196,,606,,,,,,,,,,,,,,,,,,,,,,,,,101,,,16,76,739,,,,,,,,,,132,,,,,,,,,,,,,,,,,,50,,,,,,,,,131,,,,,,467,,,,,,,,123,,,,,,,,,,52,,,,,,,,,,,120,438,262,,245,,407,,,,,320,254,,644,,371,359,,,,345,,,1350,,,,350,,90,,,,,,,,,,,174,87,39,,,,,450,,,,,283,,,310,,,,,,,,,,,,19,,,,,,,,,,,,224,,,,106,,,229,488,331,,,,,,182,,,,,,232,,,268,,211,,,145,827,39,,,95,273,352,,,207,2325,107,,46,,,,,,,,,,,,,,,,,,,,,,665,84,187,,576,,254,229,452,271,362,,,137,112,,,,,,67,,,272,123,276,152,201,210,271,321,131,676,203,159,588,71,133,52,110,314,151,93,150,33,414,14,261,181,128,0,138,36,361,,,149,0,,,,,,,,,,,,,,,,,,,,,,,,,,,,,,,,,125,171,299,,284,286,,555,183,331,326,,308,,178,65,,,186,,309,,,,,,,,,,492,,,136,,,261,
2026-08-03T18:25:02+00:00,170,286,,,581,54,,206,289,345,,234,286,,,164,,,,,,,411,372,344,,87,,,,1070,,30,9,218,,,,,,,,,,,,,,,,,,,,,,,,33,,,,65,244,,,,15,,,,,265,,,110,,,,,,,,,,,,,217,376,230,221,538,27,,,366,306,7,,,,292,173,,,,593,238,,,251,436,,,,40,,,,,,,,,,,,,,,,,,,,,,,,,,,,,,,,,,,,,,,,,,,,,,,,,,,,,,,,,279,,,384,167,419,159,191,202,302,510,229,108,,198,16,,,,,,,,,,,,133,,,,,,,109,,,50,,135,,,,,,,,,,,,,,,137,,,,,,476,,,,,,,,125,,,,,144,,,,,,,,,,,,,,,,118,441,260,187,,230,410,,383,49,,,273,402,649,325,368,367,,,,347,72,,1351,,,,351,,,,,,,,,,35,,,,,38,21,,,,,,,,,286,,,317,,,,,,,,,,,,21,,,,,,,,,,,,225,,45,109,,125,67,230,490,333,,,,,,185,,,,,,236,,,271,155,218,,100,146,829,38,,,100,,348,69,1119,211,2329,108,,48,,,,,,,,,,,,,,,,,,,,,,668,85,188,,578,,,230,455,,361,,,136,,,,,,,68,,,277,127,278,154,210,211,279,324,132,678,,160,590,70,134,,,,,,,,,,,,,,,,,,,,,,,,,,,,,,,,,,,,,,,,,,,,,,,,,,,,,124,,300,41,286,289,,556,187,339,328,,,,177,64,,,190,473,310,,,,,,,561,130,,493,,191,,,,267,
2026-08-03T18:30:02+00:00,173,,,,,,,211,291,349,,235,288,,,167,,,,,,473,,374,349,,89,,,,1082,,31,10,,,,,,,,,116,,,,,,,,,,,,,3,,,28,,,,,,,,,14,,,,,268,,,109,188,197,,275,161,178,222,,,,383,,220,,228,220,,,304,,377,,8,,,232,296,169,,768,59,595,241,,218,252,448,,,,,121,196,648,167,260,485,,38,372,,,,,,186,,,,,538,,,,,151,203,,,,,,,206,,,248,,690,,452,,199,,605,,,,,,,,,,,,,,,,,,,,,,,,,110,,,16,84,755,,,,,,,,,,134,,,,,,,110,,,,,,,,,,,,,,,,,,,,148,,,,,,479,,10,,,,,,130,,,,,143,,,,,55,,,,,,,,,,,,444,261,190,,,411,,385,46,14,319,276,403,653,326,369,371,,,,348,,,,,,,354,,89,,,,,,,,37,,,177,90,40,22,,,,,,,,,291,,,319,,,,,,,,,,,,20,,,,,,,,,,,,221,,46,,,,,231,,334,,36,,,,186,,,,,,238,,,272,157,222,,101,,831,,,,101,,358,,1122,215,2335,,199,49,,,,,,,,,,,,,,,,,,,,,,,,,,,,,,,,,,,,,,,,,,,,,,,,,,,,,133,675,205,159,595,,135,,,,,,,,,,,,,,,,,,,,,,,,,,,,,,,,,,,,,,,,,,,,,,,,,,,,591,123,170,303,,294,291,,,191,344,327,,307,,179,67,85,,,,,,,,,,,,,,498,,,,,,269,
2026-08-03T18:35:01+00:00,176,285,,,582,55,,214,292,350,,236,,,,168,,,,,,,,376,350,,90,,,15,1087,,30,,219,,,,,,,,117,,,,,,,86,,369,,,,2,50,,32,,,,67,245,,,,,,,,,270,,,,189,,,,,,,,,,,,,,,,,,,,,,,,,,,,,,,,,,,,,,,,,,,,,,,,,,,,,,,,,,,,,,,,,,,,,,,,,,,,,,,,,,,,,,,,,,,,,,,,,,445,1177,388,168,424,162,192,,301,508,231,116,,201,16,85,759,,,,,,,,,,135,,,,,,,,,,49,,,,,,,,,,,,,,,,,145,,,,,,481,,,104,,,,,134,,,,,,,,,,54,,,,,,,,,,,117,446,,191,246,,413,,387,45,,321,281,406,654,,368,,,,134,349,76,,1352,,,,356,,,,,,,,,,,,,,91,41,24,,,,,,,,,293,,,,,,,,,,,,,,,,,,,,,,,,,,,,138,,110,,,,230,491,337,,,,,,,,,15,88,,241,,,280,160,227,,102,,,,,47,,,,,,,,,,,,,,,,,,,,,,,,,,,,,,,,674,,190,,582,,,,462,274,360,,,137,113,,,,,,69,,,,128,,,215,216,,,,687,,161,,,134,53,117,318,150,,153,,,12,273,184,127,,141,39,369,,,163,,,,,,,,,,,,,,,,,,,,,,,,,,,,,,,,,,125,171,309,43,293,,,555,195,348,,,308,,181,69,,,,,311,,100,69,,,,563,,,503,,192,137,,,274,
2026-08-03T18:40:01+00:00,175,286,,,587,,,217,295,351,,237,,,,165,,,,,,475,412,380,352,,,,,,1090,,25,12,218,,,,,,153,,,,,,,,,,,,,,,3,,,33,,,,73,246,,,,,,,,,277,,,112,192,196,,,162,,220,,,,384,,222,378,229,,543,,,,375,305,3,,,231,298,164,,770,,602,246,,219,,450,,,,41,,201,621,168,261,483,,40,371,,,,,,201,,,,,541,,,,,150,206,,,,,,,205,,,252,,697,,,,198,,607,,,,,,,,,,,,,,,,,,,,,,,,,118,,,16,88,763,,,,,,,,272,,138,,,,,,,,,,,,,,,,,,,,,,,,,,,,,,,,,484,,,,,,,,,,,,,,,,,,,,,,,,,,,,,,447,262,,247,,,,388,47,,,288,,655,,370,,,,,350,77,,,,,,357,,87,,,,,,,,36,,,179,94,,25,,,,449,,,,,292,,,321,,,,,,,,,,,,19,,,,,,,,,,,,219,139,47,,107,,,231,492,338,,,,,,,,,,89,,243,,32,283,164,233,,105,,832,,,,103,,360,,1123,219,2337,107,,52,,,,,,,,,,,,,,,,,,,,,,684,,192,,,,255,,466,276,362,,,,,,,,,,71,,,282,130,281,,219,,,,135,690,207,162,601,,132,,,,,,,,,,,,,,,,,,,,,,,,,,,,,,,,,,,,,,,,,,,,,,,,,,,,590,127,172,311,44,297,292,,,198,350,,,,,,74,,,,,312,,,,,,,564,,,507,,,138,,,282,
2026-08-03T18:45:01+00:00,,288,,,,56,,218,294,348,,239,289,,,167,,,,,,,,384,356,,89,,,,1092,,27,13,,,,,,162,155,,116,,,,,,,87,,367,,,,4,49,,35,,,,,,,231,83,13,,,,,278,,,,194,191,229,,166,179,221,,,,,,,,,,,,,,,,,,,,,,,,,,,,,,,,,,,,,,,,,,,,,,,,,196,,,,,,,,,,,208,,,,,,,210,,,,,699,,458,,,,,,,,,,,,,,,,,,449,1180,386,169,430,166,,,302,516,,122,,,16,93,774,,,,,,,,273,,,,,,,,,109,,,,,,,,,,,,,,,,,,,,146,,,,,,482,,,,,,,,137,,,,,142,,,,,,,,,,,,,,,,118,449,268,,250,,,,389,50,,,,,,325,371,375,,,,,,,,,,,358,,86,,,,,,,,,,,180,98,43,26,,,,448,,,,,293,,,320,,,,,,,,,,,,20,,,,,,,,,,,,218,140,48,112,108,,,230,496,341,,,,232,,187,,,,,,247,,33,,163,238,,,,835,37,,,101,272,362,,1125,222,2341,109,,57,,,,,,,,,,,,,,,,,,,,,,,,191,,,,,,,,,,,136,,,,,,,,,,,,,,,,,,139,,206,,599,,137,,,,,,,,,,,,,,,,,,,,,,,,,,,,,,,,,,,,,,,,,,,,,,,,,,,,592,128,171,317,,298,,,556,200,351,,,307,,,,,,192,,311,,,,,,,566,,,513,,,,,,285,
2026-08-03T18:50:01+00:00,176,287,,,591,,,217,,349,,242,291,,,172,,,,,,,413,387,357,,,,,,1096,,31,,217,,,,,164,154,,,,,,,,,,,,,,,5,,,38,,,,78,,,232,,12,26,,,,282,,,,,,,,,,,,,,,,226,,224,219,546,,,,373,,,3,,,303,153,,,62,605,230,,,254,454,,,,40,,,,,,,,,,,,,,,,,,,,,,,,,,,,,,,,,,,,,,,,,,,,,,,,,,,,,,,,,,,,,,,,,,,,,123,,199,16,95,776,,,,,,,,,,141,,,,,,,,,,,,,,,,,,,,,,,,,,,143,,,,,,487,,,,,,,,,,,,,143,,,,,,,,,,,,,,,,,,270,,,,,,,51,,320,289,,,326,370,,,,,351,79,,1350,,,,357,,84,,,,,,,,37,,,182,97,44,,,,,449,,,,,298,,,319,,,,,,,,,,,,19,,,,,,,,,,,,,,,113,,,70,232,497,345,,37,,233,,188,,,,,,246,,,287,164,240,,103,,842,,,48,,271,367,,,224,2340,108,,61,,,,,,,,,,,,,,,,,,,,,,685,,192,,,,,232,467,277,364,,,,114,,,,,,72,,,284,,283,,224,221,,326,,697,207,165,600,,138,,,,,,,,,,,,,,,,,,,,,,,,,,,,,,,,,,,,,,,,,,,,,,,,,,,,,127,,316,46,300,294,,555,203,353,328,,309,,,75,86,,,,312,,,,,,,568,,,516,,193,137,,,287,
2026-08-03T18:55:02+00:00,,285,,,593,,,218,295,,,239,,,,171,,,,,,,415,391,358,,91,,,,1100,,33,21,216,,,,,165,,,115,,,,,,,85,,,,,,,48,,37,,,,76,,,,,,,,,,285,,,,,186,230,,168,181,,,,,385,,234,384,219,217,540,30,,,368,,,,,236,306,134,173,,,611,,,218,257,455,,,,37,121,206,594,169,258,492,57,32,373,,,,,,200,,,,,544,,,,,,211,,,,,,,213,,,250,,,,457,,197,,608,,,,,,,,,,,,,,453,1186,393,170,433,171,,200,303,518,238,124,,202,16,97,,,,,,,,,275,,142,,,,,,,,,,,,,,,,,,,,,,,,,,,148,,,,,,,,11,106,,,,,142,,,,,144,,,,,,,,,,,,,,,,,457,273,,,,415,,390,52,,319,295,407,657,327,368,374,,,,352,82,,1349,,,,358,,83,,,,,,,,38,,,,98,,,,,,450,,,,,,,,321,,,,,,,,,,,,,,,,,,,,,,,,216,,47,115,,,,234,,,,,,236,,191,,,,,,250,,,288,,243,,106,,846,36,135,47,102,,377,,1131,230,2342,109,,66,,,,,,,,,,,,,,,,,,,,,,693,,195,,583,,257,234,471,278,367,,,139,,,,,,,74,,,286,129,289,,230,229,,328,140,700,208,166,603,71,141,51,118,319,152,95,156,37,,16,282,187,130,,153,42,370,,199,171,,,,,,,,,,,,,,,,,,,,,,,,,,,,,,,,,593,128,,324,49,301,,,556,204,354,329,,,,,,87,,,,311,,,,,,,570,,,517,,194,138,,,286,
2026-08-03T19:00:01+00:00,179,,,,596,57,,220,296,350,,244,292,,,,,,,,,,418,393,362,,,,,,1102,,37,24,215,,,,,166,,,114,,33,,,,,,,366,,,,4,,,44,,,,77,,,,84,11,,,,,287,,,,197,187,,276,,,,,,,,,,,,,,,,,,,,,,,,,,,,,,,,,,,,,,,,,,,,,,,,,,,,210,,,,,545,,,,,151,209,,,,,,,214,,,248,,704,,458,,199,,,,,,,,,,,,,,,,,,,,,,,,,,,123,,201,16,98,782,,,,,,,,276,,143,,,,,,,,,,,,,,,,,,,,,,,,,,,155,,,,,,488,,,,,,,,,,,,,,,,,,,,,,,,,,,,,119,465,,,,231,419,,389,56,,,299,406,,328,,375,128,,,351,83,,,,,,,,87,,,,,,,,39,,,183,97,,,,,,,,,,,301,,,322,,,,,,,,,,,,18,,,,,,,,,,,,218,,,118,,126,,239,499,350,,,,237,,193,,,,,146,254,,,289,,244,,,,854,37,,,,269,381,68,1135,233,2340,,,67,,,,,,,,,,,,,,,,,,,,,,,,,,,,,,,,,,,,,,,,,,,,,,,,,,,,,,699,209,172,608,72,,,,,,,,,,,,,,,,,,,,,,,,,,,,,,,,,,,,,,,,,,,,,,,,,,,,,,,,326,,305,295,,558,,359,,93,,,182,78,,,193,,312,,,,,,,574,,,521,,,,,,290,
2026-08-03T19:15:01+00:00,183,284,,,605,59,,222,302,354,,245,293,,,172,,,,,,477,420,398,367,,93,,,14,1107,,41,39,216,,,,,,,,112,,34,,,,,88,,,,,,8,50,,52,,,,73,247,,231,83,13,27,,,,290,,,114,195,194,,279,177,185,223,,,,387,,245,383,213,213,555,29,,,,300,,5,,237,307,88,,772,61,623,235,106,219,249,457,,,491,38,,211,533,170,254,494,,21,374,,,,,,211,,,,,544,,,,,154,210,,,,,,,221,,,249,,711,,456,,200,,611,,,,,,,,,,,,,278,464,1192,416,,438,182,,202,304,521,249,,,205,16,102,796,,,,,,,,279,,146,,,,,,,,,,48,,136,,,,,,,,,,,,,,,179,,,,,,487,,13,108,,,,,149,,,,,145,,,,,,,,,,,,,,,,120,479,277,192,248,232,421,,396,61,,321,301,409,666,,372,384,,,135,352,87,,1354,,,,,,90,,,,,,,,,,,,101,45,25,,,,448,,,,,308,,,328,,,,,,,,,,,,,,,,,,,,,,,,237,,49,121,111,,68,240,498,354,,,,239,,195,,,,,,258,,,291,167,247,,108,147,870,36,136,,105,266,388,,1139,236,2341,111,,66,,,,,,,,,,,,,,,,,,,,,,702,,199,,599,,256,238,480,280,366,,,137,113,,,,,,76,,,289,132,295,,246,235,,329,,707,,176,612,73,144,,125,,153,,,,,,,191,,,,,375,,,,,,,,,,,,,,,,,,,,,,,,,,,,,,,,,,,,594,,173,330,54,308,296,97,,,365,,,,,184,81,89,,194,471,310,,,,,,,579,,,522,,197,,,,298,
2026-08-03T19:30:02+00:00,186,285,,,613,,,232,305,353,,248,296,,,174,,,,,,478,423,408,371,,,,,,1110,,50,46,217,,,,,164,155,,,,35,,,,,,,,,,,12,51,,58,,,,82,252,,,82,16,28,129,,,292,,,113,198,200,,280,180,186,,,,,,,,382,209,212,553,33,,223,371,303,,4,,233,310,56,,,60,629,,105,224,250,458,,,,,,,,,,,,,,,,,,,224,,,,,,,,,,155,,,,,,,,225,,,248,,715,,461,,,,,,,,,,,,,,,,,279,468,,433,169,441,185,191,,,530,253,122,,211,16,106,812,,,,,,,,,,147,,,,,,,110,,,,,,,,,,,52,,,,,,,,,192,,,,,,489,,17,,,,,,150,,,,,144,,,,,55,,,,,,,,,,,,489,278,196,249,,422,,399,66,,320,305,406,667,,376,399,129,,222,,89,,1363,,,,,,96,,,,,,,,42,,,188,105,43,26,,,,450,,,,,323,,,330,,,,,,,,,,,,,,,,,,,,,,,,236,,50,123,113,129,,245,499,361,,,,237,,199,,,14,88,148,264,,,292,,251,,109,148,879,37,141,,111,,397,,1140,247,2347,112,201,79,,,,,,,,,,,,,,,,,,,,,,707,,203,,600,,255,,487,282,367,,,139,114,,,,,,,,,293,,300,,258,243,,,142,709,211,180,626,,142,48,132,321,,101,158,47,414,23,301,208,123,0,155,46,377,,,198,0,,,,,,,,,,,,,,,,,,,,,,,,,,,,,,,,596,,175,340,,313,297,98,560,,367,330,,311,,185,86,,,196,,308,,,,,,,583,,,528,,,,,,,
2026-08-03T19:45:01+00:00,188,288,,,618,61,,240,309,354,,,,,,180,,,,,,479,429,417,,,96,,,16,1115,,51,50,219,,,,,,156,,,,34,,,,,87,,363,,,,15,,,67,,,,81,256,,,,17,,,,,294,,,,199,204,,281,184,189,224,,,,389,,253,377,196,213,565,40,303,,366,305,,5,118,236,,13,,773,71,628,242,104,229,247,460,,19,,34,,,,,,,,,,,,,,,226,,,,,,,,,,,208,,,,,,,238,,,249,,719,,467,,204,,612,,,,,,,,,,,,,,473,1198,448,172,442,189,194,,310,539,266,127,,215,16,115,828,,,,,,,,281,,151,,,,,,,,,,47,,135,,,,,,,,,,,,,,,209,,,,,,490,,16,,,,,,153,,,,,,,,,,,,,,,,,,,,,121,493,280,203,250,,423,,398,72,,,308,408,672,,377,407,,,230,356,90,,1366,,,,,,104,,,,,,,,43,,,189,109,44,27,,,,,,,,,327,,,332,,,,,,,,,,,,,,,,,,,,,,,,242,,51,,115,,,,505,371,,38,,239,,200,,,,87,149,269,,,293,170,255,,110,145,884,39,,49,117,,406,,1142,255,2349,111,,92,,,,,,,,,,,,,,,,,,,,,,,,205,,604,,253,,,285,368,,,140,115,,,,,,78,,,295,134,,,270,245,,331,143,712,210,185,645,74,149,,134,,154,,159,,,,,218,,,,,380,,201,,,,,,,,,,,,,,,,,,,,,,,,,,,,,,,,,,,127,127,356,53,319,298,99,559,,370,,,,,,,90,,198,,310,,,,,,,586,,,533,,,137,,,316,
2026-08-03T20:00:01+00:00,,,,,624,,,249,308,,,,298,,,,,,,,,480,432,416,,,98,,,,1117,,,63,220,,,,,165,,,,,,,,,,88,,364,,,,,50,,,,,,88,259,,,,21,30,,,,295,,,,197,209,,,185,190,227,,,,390,,255,,179,212,583,50,,,373,304,,3,,,312,2,174,774,74,638,244,103,231,255,458,,17,,22,121,,423,167,258,503,58,19,387,,,,,,232,,,,,545,,,,,,206,,,,,,,246,,,251,,721,,474,,206,,614,,,,,,,,,,,,,,477,1200,469,,445,198,195,,313,541,268,130,,207,16,119,838,,,,,,,,282,,,,,,,,,,,,48,,,,,,,,,,,,,,,,,220,,,,,,489,,,109,,,,,155,,,,,,,,,,,,,,,,,,,,,123,498,,,252,233,426,,399,74,,,315,410,674,329,380,420,,,232,361,92,,1376,,,,,,,,,,,,,,,,,190,,42,,,,,,,,,,334,,,,,,,,,,,,,,,19,,,,,,,,,,,,263,,52,,,,,244,510,377,,39,,240,,,,,,86,,274,,,294,172,261,,112,,886,40,139,50,124,264,419,,1143,262,2362,,200,109,,,,,,,,,,,,,,,,,,,,,,710,,,,603,,,242,,287,369,,,,116,,,,,,77,,,301,135,302,,276,254,,330,147,716,211,192,659,75,151,45,135,326,,108,160,49,414,27,314,225,126,0,179,51,381,,,224,0,,,,,,,,,,,,,,,,,,,,,,,,,,,,,,,,597,,128,362,58,327,,,561,,374,,,,,187,88,93,,,472,315,,,,,,,591,,,541,,,,,,321,
2026-08-03T20:15:01+00:00,190,287,,139,628,58,,252,312,,,258,304,,,,,,,,,481,434,418,,,96,,,,1119,,52,70,,,,,,168,,,110,,35,,,,,91,,,,,,13,52,,71,,,,92,261,,,83,20,,,,,302,,,114,200,235,,,187,,232,,,,392,,262,384,165,,586,55,304,,377,303,1,2,,238,315,,,776,,643,243,104,,262,460,,16,,17,,,414,,259,,,17,,,,,,,245,,,,,548,,,,,,,,,,,,,251,,,256,,723,,477,,204,,615,,,,,,,,,,,,,278,,1206,495,173,454,211,196,201,315,548,286,132,,,16,123,855,,,,,,,,283,,153,,,,,,,,,,,,,,,,,,,,,,,,,,,231,,,,,,,,15,110,,,,,157,,,,,145,,,,,,,,,,,,,,,,136,507,281,204,,,427,,400,,,319,318,409,676,330,384,424,128,,233,363,,,1377,,,,,,,,,,,,,,,,,,,,,,,,,,,,,,,,,,,,,,,,,,,,,,,,,,,,,,,,271,,,124,117,,,245,514,383,,,,238,,203,,,,,152,280,,,,,266,,114,,892,44,140,51,125,0,426,,1144,269,2376,116,,115,,,,,,,,,,,,,,,,,,,,,,721,,206,,617,,,244,,289,,,,,,,,,,,76,,,302,136,,,281,256,,333,148,723,213,194,676,73,,,137,327,,112,162,,,30,318,235,129,,187,53,384,,,232,,,,,,,,,,,,,,,,,,,,,,,,,,,,,,,,,599,,131,377,60,334,,,562,,377,,,315,,,90,94,,199,474,317,,,,,,,593,,,542,,,,,,327,
2026-08-03T20:30:01+00:00,191,288,,,635,59,,254,314,355,,261,308,,,183,,,,,,482,,425,,,,,,15,1122,,61,75,,,,,,167,,,108,,36,,,,,,,365,,,,11,,,76,,,,104,262,,,,23,31,,,,306,,,121,203,240,,,190,,233,,,,393,,265,387,166,213,591,57,,,379,305,3,,,244,314,9,,,76,653,245,103,,265,459,,,492,15,,,437,168,267,504,,22,389,,,,,,253,,,,,549,,,,,157,205,,,,,,,255,,,264,,724,,480,,206,,,,,,,,,,,,,,,,478,1208,507,,,213,198,202,316,551,290,135,,212,16,128,871,,,,,,,,,,155,,,,,,,,,,,,134,,,,,,,,,,,,,,,245,,,,,,,,,,,,,,159,,,,,144,,,,,,,,,,,,,,,,164,509,283,,254,,,,,,,320,326,408,,331,383,444,129,,,,90,,1379,,,,,,,,,,,,,,,,,,,,,,,,,,,,,,,,,,,,,,,,,,,,,,,,,,,,,,,,314,141,51,125,119,,67,246,517,387,,,,237,,,,,16,,158,281,,,295,174,272,,115,,900,45,143,54,128,,440,69,1152,279,2382,120,,142,,,,,,,,,,,,,,,,,,,,,,727,86,208,,,,,245,,,368,,,,119,,,,,,78,,,,137,,,288,259,,,,722,215,,679,74,153,44,142,326,,116,,50,,33,322,241,132,,188,55,385,,202,238,,,,,,,,,,,,,,,,,,,,,,,,,,,,,,,,,598,126,133,401,64,344,,,563,,381,,,317,,189,,,,,475,319,,,,,,,601,,,545,,,139,,,329,
2026-08-03T20:45:01+00:00,,,,140,633,,,255,,357,,263,,,,189,,,,,,481,433,,,,95,,,14,1123,,,76,223,,,,,172,,,,,,,,,,87,,,,,,13,,,78,,,,108,264,,,,26,33,,,,308,,,122,202,255,,,191,,236,,,,,17,268,386,191,,600,59,,,402,306,34,3,,251,320,58,,,75,664,246,108,234,269,454,,15,,33,,,550,171,272,512,,52,387,,,,,,255,,,,,,,,,,159,207,,,,,,,260,,,262,,722,,482,,209,,616,,,,,,,,,,,,,,483,1212,525,176,461,220,,,315,561,291,139,,215,16,132,877,,,,,,,,,,156,,,,,,,,,,,,,,,,,,,,,,,,,,,252,,,,,,,,16,114,,,,,160,,,,,145,,,,,57,,,,,,,,,,,172,510,,207,255,,,,398,,,321,328,411,,,,460,,,234,366,94,,,,,,,,,,,,,,,,,,,,,,,,,,,,,,,,,,,,,,,,,,,,,,,,,,,,,,,,,,319,140,,,,,,,522,390,,,,,,206,12,,,85,172,,,,297,,275,,114,146,902,,,,134,,456,70,1181,292,2400,125,,186,,,,,,,,,,,,,,,,,,,,,,,,209,,608,,,247,,,,,,,121,,,,,,,,,304,,,,292,268,,,,724,219,,678,,156,45,149,328,155,119,164,51,,35,327,250,139,,206,67,,,,242,,,,,,,,,,,,,,,,,,,,,,,,,,,,,,,,,599,127,135,410,67,347,,,564,205,384,331,,,,188,91,,,,,,,,,,,,603,,,546,,,141,,,330,
2026-08-03T21:00:01+00:00,192,,,,,60,,260,,358,,265,309,,,225,,,,,,482,,427,,,96,,,,1126,,74,77,226,,,,,174,,,107,,,,,,,93,,,,,,,51,,85,,,,113,266,87,,,25,,,,,317,,,129,205,304,,,190,,,,,,,26,271,388,205,215,610,,303,,414,,40,,,252,324,90,,,,676,,107,,276,456,,,,37,,,687,175,274,517,,89,,,,,,,260,,,,,550,,,,,170,,,,,,,,261,,,260,,,,485,,,,,,,,,,,,,,,,,,,,531,175,463,,,,316,,293,142,,219,16,138,884,,,,,,,,,,155,,,,,,,111,,,,,135,,,,,,,,,,,,,,,280,,,,,,492,,21,119,,,,,163,,,,,146,,,,,58,,,,,,,,,,,179,511,285,208,,234,,,401,,,,335,,677,,386,489,128,,,372,95,,,,,,,,,,,,,,,,,,,,,,,,,,,,,,,,,,,,,,,,,,,,,,,,,,,,,,,,,,342,,,,,,,,523,391,,40,,,,,,,,,181,284,,,,,277,,113,147,903,,,,136,,466,,1214,299,,126,199,195,,,,,,,,,,,,,,,,,,,,,,728,,,,617,,254,,,,,,,,119,,,,,,,,,,,,,295,,,335,150,726,222,196,,,158,,156,334,,120,,52,,3,329,258,145,,215,70,388,,,246,,,,,,,,,,,,,,,,,,,,,,,,,,,,,,,,,600,133,136,424,70,348,,,565,,,,,,,190,90,,,,,323,,,,,,,604,,,545,,,,,,331,
2026-08-03T21:15:01+00:00,191,,,,635,,,265,316,359,,267,312,,,259,,,,,,483,,432,,,,,,15,1128,,87,75,,,,,,172,,,,,,,,,,95,,,,,,17,52,,92,,,,,267,,,,27,,,,,324,,,138,208,331,,,191,,237,,,,394,67,281,411,244,219,644,61,302,,450,,59,5,,261,338,177,173,,,734,251,109,246,302,466,,,,49,,,751,179,276,518,,108,389,,,,,,263,,,,,549,,,,,180,212,,,,,,,262,,,,,724,,483,,,,617,,,,,,,,,,,,,,482,1213,538,178,468,224,,203,317,563,296,143,,224,16,139,887,,,,,,,,,,,,,,,,,,,,,,,,,,,,,,,,,,,,,291,,,,,,493,,24,,,,,,164,,,,,148,,,,,,,,,,,,,,,,205,513,,210,256,,428,,,,,319,339,,678,,388,497,,,,,,,,,,,,,,,,,,,,,,,,,,,,,,,,,,,,,,,,,,,,,,,,,,,,,,,,,,,,,,,353,,,,,,,245,522,395,,,,239,,209,,,,,194,285,,,,175,278,,115,,905,,142,55,139,,468,,1239,309,,128,,208,,,,,,,,,,,,,,,,,,,,,,732,,210,,621,,,250,,,367,,,,122,,,,,,,,,305,,,,278,270,,,,729,250,195,,45,157,46,157,,156,123,,53,,9,332,265,154,,244,71,,,,250,,,,,,,,,,,,,,,,,,,,,,,,,,,,,,,,,602,140,,436,73,351,,,,,385,330,,,,,,,,,,325,,,,,,,605,,,,,,140,,,333,
2026-08-03T21:30:01+00:00,192,287,,139,634,62,,,,,,268,315,,,302,,,,,,,434,434,,,97,,,,1129,,90,76,,,,,,173,,,,,,,,,,,,,,,,,,,94,,,,120,268,,,,26,,,,,326,,,140,211,373,,,192,,,,,,393,104,287,418,254,223,658,63,301,222,462,307,74,,,264,340,267,,777,,753,255,,261,313,,,,,55,,,820,180,277,523,,117,390,,,,,,,,,,,,,,,,185,214,,,,,,,264,,,261,,725,,482,,,,,,,,,,,,,,,,,,486,1214,545,,470,225,199,239,318,566,297,144,,227,16,140,899,,,,,,,,,,156,,,,,,,,,,,,,,,,,,,,,,,,,,,294,,,,,,,,23,,,,,,,,,,,151,,,,,,,,,,,,,,,,207,,,,257,233,,,,,,320,340,,677,,390,505,,,,373,,,,,,,,,,,,,,,,,,,,,,,,,,,,,,,,,,,,,,,,,,,,,,,,,,,,,,,,,,,362,141,,,120,,,247,524,396,,,,238,,210,,,17,86,198,,,,298,174,,,116,,,,144,,,,470,,1262,312,,129,,210,,,,,,,,,,,,,,,,,,,,,,745,,213,,645,,,,,,,,,,,,,,,,79,,,,,,,285,272,,334,152,731,252,197,679,,158,,,,,,,,,,,,,,,,,,,,,,,,,,,,,,,,,,,,,,,,,,,,,,,,,,,,603,144,,440,,352,,,,,,,,,,,,,,,,324,,,,,,,606,,,546,,,141,,,334,
2026-08-03T21:45:01+00:00,,,,,641,63,,266,,,,273,,,,339,,,,,,,,433,,,,,,,,,87,77,,,,,,174,,,,,37,,,,,96,,366,,,,,,,95,,,,122,269,,,,25,35,,,,328,,,,212,385,,,,,,,,,394,117,295,428,262,224,665,64,,,469,308,121,6,,266,345,329,,,,766,256,,265,318,470,,,,63,,,889,181,273,,,130,,,,,,,267,,,,,,,,,,190,216,,,,,,,268,,,266,,726,,,,210,,,,,,,,,,,,,,,279,487,,552,179,473,226,,260,319,568,305,,,231,16,,905,,,,,,,,282,,,,,,,,,112,,,,,,,,,,,,,,,,,,,,0,,,,,,,,0,0,,,,,0,,,,,,,,,,0,,,,,0,,,,,,209,515,,,,,427,,,,,,341,,676,332,,517,,,,375,,,,,,,,,,,,,,,,,,,,,,,,,,,,,,,,,,,,,,,,,,,,,,,,,,,,,,,,,,,368,,,,,,,248,533,398,,,,,,,,,18,,,,,,,,,,,,906,,,,,,472,69,1270,315,,128,,216,,,,,,,,,,,,,,,,,,,,,,750,,,,654,,256,,,,,,,,,,,,,,80,,,,138,,,286,273,,,,736,254,,,44,157,48,,,,127,,,,8,334,270,156,,248,74,,,,254,,,,,,,,,,,,,,,,,,,,,,,,,,,,,,,,,,,,446,,,,,,,386,,,,,,91,,,,,,,,,,,,605,,,,,,139,,,,
2026-08-03T22:00:01+00:00,,,,,,,,267,,360,,277,316,,,,,,,,,,,434,,,,,,,,,85,,,,,,,175,155,,,,,,,,,94,,,,,,,,,97,,,,124,229,,,,,,,,,331,,,,215,,,,,,,,,,395,134,297,436,269,223,668,,,,480,,132,7,,267,347,357,174,778,77,780,259,,271,322,469,,,,68,,,907,182,272,,,131,,,,,,,275,,,,,550,,,,,192,217,,,,,,,273,,,267,,,,,,213,,,,,,,,,,,,,,,,489,,553,,474,,,,,,,145,,,16,,908,,,,,,,,,,157,,,,,,,,,,,,,,,,,,,,,,,,,,,300,,,,,,,,27,119,,,,,164,,,,,152,,,,,58,,,,,66,,,,,,,516,286,,261,,,,,,,321,342,,,333,393,525,,,,378,96,,,,,,,,,,,,,,,,,,,,,,,,,,,,,,,,,,,,,,,,,,,,,,,,,,,,,,,,,,,,,,,,,,535,396,,41,,,,212,,,,,,,,,,,,,,,,,145,56,147,,475,,1271,320,,,,218,,,,,,,,,,,,,,,,,,,,,,756,,214,,661,,,,,,,,,,,,,,,,,,,,,,,290,,,,,738,,198,,,,49,,336,,128,,54,,11,336,275,161,,263,76,389,,,255,,,,,,,,,,,,,,,,,,,,,,,,,,,,,,,,,604,145,137,450,,,,,,,,,,,,,93,,,,,,,,,,,,606,,,549,800,,,,,,105
2026-08-03T22:15:01+00:00,193,,,,646,,,,,,,,317,,,,,,,,,482,436,,,,,,,,1130,,86,,,,,,,,156,,,,,,,,,,,,,,,,,,100,,,18,,231,,,,24,,,,,330,,,,220,,,,,,,,,,396,145,300,444,277,224,675,65,300,,487,309,148,,,270,351,389,,,,788,,,273,330,465,,,,71,,,,200,273,,,136,,,,,,,281,,,,,548,,,,,,,,,,,,,275,,,270,,,,,,217,,,,,,,,,,,,,,,,,,562,180,475,,200,,250,569,,,,233,16,141,,,,,,,,,,,,,,,,,,,,,,,,,,,,,,,,,,,,,,,,,,,,,,,,,,,,,,,,,,,,,,,,,,,,,,,,,,517,285,,,234,,,400,,,317,343,,677,,400,529,,,,,,,,,,,,,,,,,,,,,,,,,,,,,,,,,,,,,,,,,,,,,,,,,,,,,,,,,,,,,,,,,,,,,,,536,398,,,,239,,,,,,,,,,,299,175,,,115,,,,,,,,474,,,319,,,,219,,,,,,,,,,,,,,,,,,,,,,759,,,,,,,251,,,366,,,139,,,,,,,,,,,,,,291,,,,,,,,,,,50,,,,129,,,,12,337,280,166,,275,81,,,,256,,,,,,,,,,,,,,,,,,,,,,,,,,,,,,,,,,,,455,,,,,,,,,,315,,189,92,,,,,325,,,,,,,,,,,,,,,,,
2026-08-03T22:30:01+00:00,192,,,,,,,266,,,,278,,,,,,,,,,,,435,,,96,,,,1132,,85,,,,,,,,,,,,,,,,,95,,,,,,,,,99,,,19,125,233,,,84,28,,,,,332,,,,219,,,,,,236,,,,397,159,305,448,281,,676,66,,,498,,160,,,271,355,419,,,,792,262,,274,334,466,,,,72,,,,,270,,,133,,,,,,,288,,,,,,,,,,193,,,,,,,,274,,,273,,,,,,218,,,,,,,,,,,,,,,,,,563,,474,,,261,,,306,146,,231,16,,907,,,,,,,,,,,,,,,,,,,,,,,,,,,,,,,,,,,,,,,,,,,,,28,,,,,,,,,,,,,,,,,,,,,,,,,,,,,,211,,,,,,,,318,344,,,,,532,,,,,,,1378,,,,,,,,,,,,,,,,,,,,,,,,,,,,,,,,,,,,,,,,,,,,,,,,,,,,,,,,,,,,,,,247,537,399,,,,,,,,,,,,,,,,,,,116,,,,,,,,,,,,,,,,,,,,,,,,,,,,,,,,,,,,,761,,,,,,257,,,,367,,,,,,,,,,,,,,,,,294,,,,,737,255,,,,,,,,,130,,,,,,292,187,,301,82,,,,259,,,,,,,,,,,,,,,,,,,,,,,,,,,,,,,,,606,,,460,,,,,,,,,,314,,,90,,,,,,,,,,,,607,,,,,,,,,,
2026-08-03T22:45:01+00:00,194,,,,,,,267,,,,,,,,340,,,,,,,,,,,97,,,,,31,,,,,,,,,,,,,,,,,,,,,,,,,,,,,,18,,232,,,,,,,,,334,,,141,,,,,,,,,,,,167,307,453,284,225,,,,,503,,171,,,,353,439,,,,799,,,275,336,471,,,,76,,,,,272,524,,132,,,,,,,287,,,,,,,,,,194,,,,,,,,,,,274,,,,,,219,,,,,,,,,,,,,,,,,1215,565,181,,,,,,,,,,230,16,142,,,,,,,,,283,,,,,,,,,,,,47,,,,,,,,,,,,,,,,,,,,,,,,,,,,,,,,,,,,,,,,,,,,,,,,,,,,,518,284,,,,428,,401,,,,,,,332,,535,,,,,97,,1379,,,,,,,,,,,,,,,,,,,,,,,,,,,,,,,,,,,,,,,,,,,,,,,,,,,,,,,,369,142,,,,,68,,,398,,,,,,,,,,,,,,,,,,,,148,,,,,,,,70,,,,,,,,,,,,,,,,,,,,,,,,,,,,,,,,,,,,,,366,,,138,,,,,,,,,,,,,,,,,,,,,,,,159,,159,,,,,55,,,,298,190,,307,,,,,260,,,,,,,,,,,,,,,,,,,,,,,,,,,,,,,,,,,,464,,353,,,,,,,,,,,,,,,,326,,,,,,,,,,,,,,,,,
2026-08-03T23:00:01+00:00,,,,,,,,268,,,,,,,,341,,,,,,,,,,,,,,,,,86,78,,,,,,,,,,,,,,,,93,,,,,,16,,,,,,19,124,233,,,,30,,,,,,,,,220,,,,,,,,,,,171,309,,286,,677,,,,506,310,181,,,,,453,,,,,,,,,473,,,,,,,,,,,,134,,,,,,,286,,,,,,,,,,,218,,,,,,,,,,280,,,,,,221,,,,,,,,,,,,,,,,487,,,,,,,,,,,,,229,16,,,,,,,,,,,,,,,,,,,,,,48,,,,,,,,,,,,,,,,,,,,,,,,,,,,,,,,,,,,,,,,,,,,,,,,,,,,,,283,,,,,,,,,,,,,,,538,,,,,,,,,,,,,,,,,,,,,,,,,,,,,,,,,,,,,,,,,,,,,,,,,,,,,,,,,,,,,,,373,,,,,,,,,399,,,,,,211,,,,,,,,,,,,,118,,,,,,,,,,,,,,,,,,,,,,,,,,,,,,,,,,,,,762,,,,,,,,,,,,,,,,,,,,,,,,,,,295,,,,,,,,,,,,,,,,,,,,336,,191,,310,,,,,,,,,,,,,,,,,,,,,,,,,,,,,,,,,,,,,,602,,,465,,,,,,,,,,,,,91,,,,,,,,,,,,,,,,,,,,,,
2026-08-03T23:15:01+00:00,,,,,,,,,,,,279,,,,,,,,,,,,,,,,,,,1134,,88,,,,,,,,,,,,,,,,,92,,,,,,18,,17,,,,,,,,,83,32,,,,,333,,,,,,,,,,,,,,,175,,,289,226,679,,,,508,,182,,,273,,461,,,,,,,276,338,472,,,493,,,,,,270,,,,,,,,,,287,,,,,,,,,,,,,,,,,,275,,,282,,,,,,223,,,,,,,,,,,,,,,,,1216,,182,476,,,,,,,,,,16,,908,,,,,,,,,,,,,,,,,,,,49,,,,,,,,,,,,,,,,,,,,,,,,,,,,,,,,,,,,153,,,,,,,,,,,,,,,,,,282,,,,,,,,,,,,,334,,543,,,,,,,,,,,,,,,,,,,,,,,,,,,,,,,,,,,,,,,,,,,,,,,,,,,,,,,,,,,,,,,374,,,,,,,,,,,,,,,,,,,,,,,,,,,,119,,,,,55,,,477,,1272,,,129,,224,,,,,,,,,,,,,,,,,,,,,,,,,,662,,,,,,,,,,,,,,,,,,,,,,,,,,335,,,,,,,,,,,,,,,,,,,194,,,,,,,,,,,,,,,,,,,,,,,,,,,,,,,,,,,,,,,,,,,,,,,,,,385,331,,,,,,,,,,,,,,,,,,,,,,,,,,,
2026-08-03T23:30:01+00:00,,,,,,,,,,,,278,,,,,,,,,,483,435,,,,,,,,,,,,,,,,,,,,,,,,,,,,,,,,,20,53,,100,,,,,,,,,33,,,,,334,,,142,,,,,,,,,,,396,176,311,,290,,,67,,,510,311,188,,,,,473,,,76,800,,,,342,475,,,,77,,,,,271,525,,135,,,,,,,290,,,,,,,,,,,,,,,,,,,,,285,,,,,,225,,,,,,,,,,,,,,,,488,1215,,,,,198,,,,,,,,16,,907,,,,,,,,,,,,,,,,,,,,,,,,,,,,,,,,,,,,,,,,,,,,,,,,,,,,,,,,,,,,,,,,,,,,,,,,,519,,,,,,,,,,,,,,,,544,,,,,,,,,,,,,,,,,,,,,,,,,,,,,,,,,,,,,,,,,,,,,,,,,,,,,,,,,,,,,,,,,,,,,,,,,,,,,,,,,,,,,,,,,,,,,,,,,,,,,,,,,,,,,,,,,,,,,,,,,,,,,,,,763,,,,666,,,,,,,,,,,,,,,,,,,,,,,,,,,,736,,,,,,51,,,157,,,,,,,,196,,312,,,,,261,,,,,,,,,,,,,,,,,,,,,,,,,,,,,,,,,,144,,466,,,,,,,,,,,,,,,,,,,,,,,,,,,,,,,,,,,
2026-08-03T23:45:01+00:00,,,,,,,,,,,,,,,,,,,,,,,,,,,98,,,14,1136,,,,,,,,,,,,,,,,,,,,,,,,,,,,,,,,125,,,,,,,,,,,,,,,,,,,,,,,,395,177,,455,292,,,,,,513,,194,,,,354,480,,,,801,,,,,,,,,,,,,,,526,,134,,,,,,,291,,,,,,,,,,195,,,,,,,,,,,287,,,,483,,226,,,,,,,,,,,,,,,,,1214,,,,,,,,,,,,,16,,,,,,,,,,,,,,,,,,,,,,50,,,,,,,,,,,,,,,,,299,,,,,,,,,,,,,,,,,,,,,,,,,,,,,,,,,,,,,283,,,,,,,,,,,,,,,546,,,,,,,,,,,,,,,,,,,,,,,,,,,,,,,,,,,,,,,,,,,,,,,,,,,,,,,,,,,,,,,,,,,,,,248,,400,,,,,,210,,,,,,,,,,,,,,,,,,,,,,,,,,,,,,,,,,,,,,,,,,,,,,,,,,772,87,,,691,,,,,,,,,,,,,,,,,,,306,,,,296,,,,,,,,,,,50,,,,,,,,,,300,197,,,,,,,,,,,,,,,,,,,,,,,,,,,,,,,,,,,,,,,,,,,467,,,,,,,384,,,,,,,,,,,325,,,,,,,,,,550,,,,,,,
