timestamp,bonn-bcp-parken-Rabinstrasse,bonn-bcp-parken-beethoven,bonn-bcp-parken-beetplatz,bonn-bcp-parken-bike-ride,bonn-bcp-parken-friedensplatz,bonn-bcp-parken-hauptbahnhof,bonn-bcp-parken-markt,bonn-bcp-parken-muensterplatz,bonn-bcp-parken-operngarage,bonn-bcp-parken-rheinaue,bonn-bcp-parken-stadthaus,bonn-bcp-parken-unigarage,braunschweig-parken-Parkhaus-Eiermarkt,braunschweig-parken-Parkhaus-Forschungsflughafen,braunschweig-parken-Parkhaus-Lange-Str-Nord,braunschweig-parken-Parkhaus-Magni,braunschweig-parken-Parkhaus-Packhof,braunschweig-parken-Parkhaus-Ring-Center,braunschweig-parken-Parkhaus-Schloss,braunschweig-parken-Parkhaus-Schutzenstrasse,braunschweig-parken-Parkhaus-Wallstrasse,braunschweig-parken-Parkhaus-Wilhelmstrasse,dresden-parken-Altmarkt,dresden-parken-Altmarkt-Galerie,dresden-parken-Ammonstrasse-Bus,dresden-parken-An-der-Frauenkirche,dresden-parken-Bahnhof-Neustadt,dresden-parken-Bluherstrasse,dresden-parken-Budapester-Strasse,dresden-parken-Centrum-Galerie,dresden-parken-Cossebaude,dresden-parken-Ferdinandplatz,dresden-parken-Fidelio-F-Finke-Strasse,dresden-parken-Frauenkirche-Neumarkt,dresden-parken-Freiberger-Platz,dresden-parken-GALERIA-Karstadt-Kaufhof,dresden-parken-Gompitz,dresden-parken-Grenzstrasse,dresden-parken-Haus-am-Zwinger,dresden-parken-Kaditz,dresden-parken-Klotzsche,dresden-parken-Kongresszentrum,dresden-parken-Kraftwerk-Mitte,dresden-parken-Langebruck,dresden-parken-Lindengasse,dresden-parken-Lingnerallee,dresden-parken-MESSE-DRESDEN-Parkplatz-P7,dresden-parken-Ostra-Allee,dresden-parken-Ostra-Ufer,dresden-parken-Palaisplatz,dresden-parken-Parkhaus-Mitte,dresden-parken-Pennrich,dresden-parken-Pieschener-Allee-Bus,dresden-parken-Pirnaische-Strasse,dresden-parken-Pirnaischer-Platz,dresden-parken-Prohlis,dresden-parken-Reick,dresden-parken-Reitbahnstrasse,dresden-parken-SP1-Strassburger-Platz,dresden-parken-SachsenEnergie-Center,dresden-parken-Sarrasanistrasse,dresden-parken-Schiessgasse,dresden-parken-Semperoper,dresden-parken-Stadtforum-Dresden,dresden-parken-Strehlener-Strasse,dresden-parken-Taschenbergpalais,dresden-parken-Terrassenufer,dresden-parken-Terrassenufer-Bus,dresden-parken-Theresienstrasse,dresden-parken-Weissig,dresden-parken-Weixdorf-Bad,dresden-parken-Wiener-Platz-Hauptbahnhof,dresden-parken-Wiesentorstrasse,dresden-parken-Wigardstrasse,dresden-parken-Wohrl-Florentinum,dresden-parken-World-Trade-Center,ffh-parken-bad-homburg-Am-Bahnhof,ffh-parken-bad-homburg-Louisen-Arkaden,ffh-parken-bad-homburg-Parkgarage-Karstadt,ffh-parken-bad-homburg-Parkgarage-Kurhaus,ffh-parken-bad-homburg-Parkgarage-Rathaus,ffh-parken-bad-homburg-Parkgarage-Schloss,ffh-parken-bad-homburg-Parkhaus-La-Vie,ffh-parken-bad-homburg-Parkhaus-am-Guterbahnhof,ffh-parken-bad-homburg-Parkhaus-am-Markt,ffh-parken-frankfurt-Aculeum,ffh-parken-frankfurt-Alt-Sachsenhausen,ffh-parken-frankfurt-Alte-Oper,ffh-parken-frankfurt-Am-Gericht,ffh-parken-frankfurt-Am-Theater,ffh-parken-frankfurt-Baseler-Platz,ffh-parken-frankfurt-Borse,ffh-parken-frankfurt-Burgerhaus-Bornheim,ffh-parken-frankfurt-Congresscenter-Messe-Frankfurt-Maritim-Hotel,ffh-parken-frankfurt-Friedrichsheim,ffh-parken-frankfurt-Goetheplatz,ffh-parken-frankfurt-Hauptbahnhof-Sud,ffh-parken-frankfurt-Hauptwache,ffh-parken-frankfurt-Hotel-Intercontinental,ffh-parken-frankfurt-Hotel-Movenpick,ffh-parken-frankfurt-Junghofstrasse,ffh-parken-frankfurt-Konrad-Adenauer-Strasse,ffh-parken-frankfurt-Konstabler,ffh-parken-frankfurt-Mainzer-Landstrasse,ffh-parken-frankfurt-Messeturm,ffh-parken-frankfurt-Mousonturm,ffh-parken-frankfurt-MyZeil-PalaisQuartier,ffh-parken-frankfurt-Opernturm,ffh-parken-frankfurt-Ordnungsamt,ffh-parken-frankfurt-P-R-Haus-Borsigallee,ffh-parken-frankfurt-Schiller-Passage,ffh-parken-frankfurt-Universitatsklinikum-Innengelande,ffh-parken-frankfurt-Universitatsklinikum-P2,ffh-parken-frankfurt-Universitatsklinikum-P5,ffh-parken-frankfurt-Universitatsklinikum-Sandhofstrasse,ffh-parken-frankfurt-Untermainanlage,ffh-parken-kassel-Atrium,ffh-parken-kassel-City-Point,ffh-parken-kassel-Friedrichsplatz,ffh-parken-kassel-Galeria,ffh-parken-kassel-Herkules-Besucherzentrum,ffh-parken-kassel-Kurfursten-Galerie,ffh-parken-kassel-Martinskirche,ffh-parken-kassel-Rathaus,ffh-parken-kassel-Schloss-Wilhelmshohe,ffh-parken-kassel-Wilhelmsstrasse,ffh-parken-mannheim-C1-Hauptverwaltung-MPB-Parkhaus,ffh-parken-mannheim-Collini-Center-Mulde-Parkplatz,ffh-parken-mannheim-D3-Tiefgarage,ffh-parken-mannheim-D5-Reiss-Museum-Tiefgarage,ffh-parken-mannheim-G1-Marktplatz-Tiefgarage,ffh-parken-mannheim-H6-Tiefgarage,ffh-parken-mannheim-Hauptbahnhof-P1-Tiefgarage,ffh-parken-mannheim-Hauptbahnhof-P2-Parkhaus,ffh-parken-mannheim-Hauptbahnhof-P3-Parkhaus,ffh-parken-mannheim-Hauptbahnhof-P5-Parkhaus,ffh-parken-mannheim-Klinikum-P3-Parkplatz,ffh-parken-mannheim-Klinikum-Tiefgarage,ffh-parken-mannheim-M4a-Parkplatz,ffh-parken-mannheim-N1-N2-Stadthaus-Parkhaus,ffh-parken-mannheim-N6-Komforthaus,ffh-parken-mannheim-N6-Standardhaus,ffh-parken-mannheim-SAP-Arena-P1-Parkplatz,ffh-parken-mannheim-SAP-Arena-P2-Parkplatz,ffh-parken-mannheim-SAP-Arena-P3-Parkplatz,ffh-parken-mannheim-SAP-Arena-P6-P8-Parkplatz,ffh-parken-mannheim-U2-Tiefgarage,ffh-parken-wiesbaden-PH-City-II,ffh-parken-wiesbaden-PH-Coulinstr,ffh-parken-wiesbaden-PH-Galeria-Kaufhof,ffh-parken-wiesbaden-PH-Karstadt,ffh-parken-wiesbaden-PH-Kurhaus-Casino,ffh-parken-wiesbaden-PH-Lili,ffh-parken-wiesbaden-PH-Luisenforum,ffh-parken-wiesbaden-PH-Luisenplatz,ffh-parken-wiesbaden-PH-Markt,ffh-parken-wiesbaden-PH-Mauritius,ffh-parken-wiesbaden-PH-Theater,ffh-parken-wiesbaden-TG-Lili,ffh-parken-wiesbaden-TG-RMCC,heilbronn-parken-Am-Bollwerksturm,heilbronn-parken-Bildungscampus-Mitte,heilbronn-parken-E-Quartiersgarage-Neckarbogen,heilbronn-parken-Harmonie,heilbronn-parken-Kathchenhof,heilbronn-parken-Kiliansplatz,heilbronn-parken-P-R-Karlsruher-Strasse,heilbronn-parken-Parkhaus-Experimenta,heilbronn-parken-Parkplatz-Hauptbahnhof,heilbronn-parken-Stadtgalerie,heilbronn-parken-Theaterforum-K3,heilbronn-parken-Wollhaus,ingolstadt-parken-Arena,ingolstadt-parken-Congressgarage,ingolstadt-parken-Festplatz,ingolstadt-parken-Hallenbad,ingolstadt-parken-Hauptbahnhof-Ost,ingolstadt-parken-Hauptbahnhof-West,ingolstadt-parken-Munster,ingolstadt-parken-Nordbahnhof,ingolstadt-parken-Reduit-Tilly,ingolstadt-parken-Schloss,ingolstadt-parken-Theater-Ost,ingolstadt-parken-Theater-West,konstanz-parken-Altstadt,konstanz-parken-Augustiner,konstanz-parken-Dobele,konstanz-parken-Fernbusbahnhof,konstanz-parken-Fischmarkt,konstanz-parken-Lago,konstanz-parken-Seerheincenter,mobil-potsdam-parken-Am-Kanal,mobil-potsdam-parken-Bahnhofspassagen-1,mobil-potsdam-parken-Bahnhofspassagen-2,mobil-potsdam-parken-Biosphare-Potsdam-Volkspark,mobil-potsdam-parken-Hollandisches-Viertel-Klinikum,mobil-potsdam-parken-Industrie-und-Handelskammer,mobil-potsdam-parken-Karstadt-Zentrum,mobil-potsdam-parken-Krongut-Bornstedt,mobil-potsdam-parken-Luisenplatz,mobil-potsdam-parken-Lustgarten,mobil-potsdam-parken-Markt-Center,mobil-potsdam-parken-Neuer-Garten-Cecilienhof,mobil-potsdam-parken-P-R-Bahnhof-Golm,mobil-potsdam-parken-P-R-Bahnhof-Griebnitzsee,mobil-potsdam-parken-P-R-Bahnhof-Marquardt,mobil-potsdam-parken-P-R-Bahnhof-Pirschheide,mobil-potsdam-parken-P-R-Campus-Jungfernsee,mobil-potsdam-parken-P-R-Rehbrucke,mobil-potsdam-parken-P-R-Wetzlarer-Strasse,mobil-potsdam-parken-Park-Sanssouci-P1-Historische-Muhle,mobil-potsdam-parken-Park-Sanssouci-P2-Voltaireweg,mobil-potsdam-parken-Park-Sanssouci-P3-Am-Neuen-Palais,mobil-potsdam-parken-Parkplatz-Schloss-und-Park-Babelsberg,mobil-potsdam-parken-Schiffbauergasse-Hans-Otto-Theater,mobil-potsdam-parken-Sportpark-Luftschiffhafen,mobil-potsdam-parken-Weberpark,mobil-potsdam-parken-Wilhelmgalerie,mobilitaet-jena-Am-Anger,mobilitaet-jena-Am-Gries,mobilitaet-jena-Am-Planetarium,mobilitaet-jena-Am-Stadion,mobilitaet-jena-August-Bebel-Strasse,mobilitaet-jena-Bachstrasse,mobilitaet-jena-Busbahnhof,mobilitaet-jena-City-Carree,mobilitaet-jena-Eichplatz,mobilitaet-jena-Eisenbahndamm,mobilitaet-jena-Erbertstrasse,mobilitaet-jena-Ernst-Abbe-Strasse,mobilitaet-jena-Ernst-Haeckel-Strasse,mobilitaet-jena-Gartenstrasse,mobilitaet-jena-Goethe-Galerie,mobilitaet-jena-Grietgasse,mobilitaet-jena-Haeckelplatz,mobilitaet-jena-Holzmarkt,mobilitaet-jena-Krautgasse,mobilitaet-jena-Lassallestrasse,mobilitaet-jena-Lessingstrasse,mobilitaet-jena-Muhlenstrasse,mobilitaet-jena-Neue-Mitte,mobilitaet-jena-Paradiesbahnhof,mobilitaet-jena-Philosophenweg,mobilitaet-jena-Roland-Ducke-Weg,mobilitaet-jena-Schlossgasse,mobilitaet-jena-Seidelparkplatz,mobilitaet-jena-Seidelstrasse,mobilitaet-jena-Semmelweissstrasse,mobilitaet-jena-Sophienstrasse,mobilitaet-jena-Spitzweidenweg,mobilitaet-jena-Steinkreuz,mobilitaet-jena-Stoystrasse,mobilitaet-jena-Wagnergasse,mobilitaet-jena-Westbahnhof,mobilitaet-jena-Wiesenstrasse,mobilitaet-jena-Windberg,mobilitaet-jena-Wollnitzer-Strasse,mobilitaet-jena-Ziegelmuhlenweg,oldenburg-service-parken-Altes-Gymnasium,oldenburg-service-parken-CCO-Parkdeck-1,oldenburg-service-parken-CCO-Parkdeck-2,oldenburg-service-parken-Parkhaus-Alter-Stadthafen-Cinemaxx,oldenburg-service-parken-Parkhaus-Am-Waffenplatz,oldenburg-service-parken-Parkhaus-August-Carree,oldenburg-service-parken-Parkhaus-Bahnhof-ZOB,oldenburg-service-parken-Parkhaus-Galeria-Kaufhof,oldenburg-service-parken-Parkhaus-Heiligengeist-Hoefe,oldenburg-service-parken-Parkhaus-Schlosshoefe,oldenburg-service-parken-Parkhaus-Theatergarage,oldenburg-service-parken-Parkplatz-Pferdemarkt,oldenburg-service-parken-Parkplatz-Theaterwall,oldenburg-service-parken-Ratsherren,parken-in-bochum-P1-Husemannplatz,parken-in-bochum-P2-Dr-Ruer-Platz,parken-in-bochum-P3-Rathaus-BVZ,parken-in-bochum-P5-Bruckstrasse,parken-in-bochum-P6-Hauptbahnhof-Buddenbergplatz,parken-in-bochum-P7-Kurt-Schumacher-Platz,parken-in-bochum-P8-Konrad-Adenauer-Platz-Bermuda3Eck,parken-in-bochum-P9-Schauspielhaus,parken-in-bochum-PH-Alter-Markt-Wattenscheid,parken-in-bochum-PH-Bochumer-Fenster,parken-in-bochum-PH-Husemann-Karree,parken-in-bochum-PH-Massenbergstrasse,parken-in-bochum-PH-Quartiersgarage-Ostpark,parken-in-bochum-PH-Stadionring,parken-in-bochum-PH-Westpark-Jahrhunderthalle,parken-luebeck-Am-Bahnhof-Handelshof-Parkplatz-Strassenrand-Am-Bahnhof-Handelshof-Parkplatz-Strassenrand-Lubeck,parken-luebeck-Am-Burgfeld-Parkplatz-Am-Burgfeld-Parkplatz-Lubeck,parken-luebeck-Am-Fischereihafen-Parkplatz-Am-Fischereihafen-Parkplatz-Travemunde,parken-luebeck-Am-Leuchtenfeld-Leuchtturm-Parkplatz-Am-Leuchtenfeld-Leuchtturm-Parkplatz-Travemunde,parken-luebeck-Backbord-Parkplatz-Backbord-Parkplatz-Travemunde,parken-luebeck-Bahnhof-Parkplatz-Strassenrand-Bahnhof-Parkplatz-Strassenrand-Lubeck,parken-luebeck-Bauhof-Parkplatz-Bauhof-Parkplatz-Lubeck,parken-luebeck-Beckergrube-Parkplatz-Beckergrube-Parkplatz-Lubeck,parken-luebeck-Bruckenweg-Parkplatz-Bruckenweg-Parkplatz-Lubeck,parken-luebeck-Burgstrasse-Parkplatz-Burgstrasse-Parkplatz-Lubeck,parken-luebeck-Fahrstrasse-Parkplatz-Fahrstrasse-Parkplatz-Lubeck,parken-luebeck-Fahrvorplatz-Parkplatz-Fahrvorplatz-Parkplatz-Travemunde,parken-luebeck-Hafenbahnhof-Parkplatz-Hafenbahnhof-Parkplatz-Travemunde,parken-luebeck-Hermann-Lange-Strasse-Parkplatz-Hermann-Lange-Strasse-Parkplatz-Lubeck,parken-luebeck-Huxterdamm-Parkplatz-Huxterdamm-Parkplatz-Lubeck,parken-luebeck-Kanalstrasse-P2-Parkplatz-Kanalstrasse-P2-Parkplatz-Lubeck,parken-luebeck-Kanalstrasse-P3-Parkplatz-Kanalstrasse-P3-Parkplatz-Lubeck,parken-luebeck-Kanalstrasse-P4-Parkplatz-Kanalstrasse-P4-Parkplatz-Lubeck,parken-luebeck-Kanalstrasse-P5-Parkplatz-Kanalstrasse-P5-Parkplatz-Lubeck,parken-luebeck-Kanalstrasse-Strassenrand-Parkplatz-Kanalstrasse-Strassenrand-Parkplatz-Lubeck,parken-luebeck-Kirchenstrasse-Parkplatz-Kirchenstrasse-Parkplatz-Travemunde,parken-luebeck-Konrad-Adenauer-IHK-Parkplatz-Strassenrand-Konrad-Adenauer-IHK-Parkplatz-Strassenrand-Lubeck,parken-luebeck-Kowitzberg-Parkplatz-Kowitzberg-Parkplatz-Travemunde,parken-luebeck-Kurgartenstrasse-Parkplatz-Kurgartenstrasse-Parkplatz-Travemunde,parken-luebeck-Lastadie-P1-Parkplatz-Lastadie-P1-Parkplatz-Lubeck,parken-luebeck-Lastadie-P3-Parkplatz-Lastadie-P3-Parkplatz-Lubeck,parken-luebeck-Lastadie-P5-Parkplatz-Lastadie-P5-Parkplatz-Lubeck,parken-luebeck-Leuchtenfeld-Parkplatz-Leuchtenfeld-Parkplatz-Travemunde,parken-luebeck-Marlesgrube-Parkplatz-Marlesgrube-Parkplatz-Lubeck,parken-luebeck-Mowenstein-Parkplatz-Mowenstein-Parkplatz-Travemunde,parken-luebeck-MuK-Parkplatz-MuK-Parkplatz-Lubeck,parken-luebeck-Muhlenbrucke-Parkplatz-Muhlenbrucke-Parkplatz-Lubeck,parken-luebeck-Muhlendamm-Parkplatz-Muhlendamm-Parkplatz-Lubeck,parken-luebeck-Muhlenstrasse-Parkplatz-Muhlenstrasse-Parkplatz-Lubeck,parken-luebeck-Mullergarten-Parkplatz-Mullergarten-Parkplatz-Lubeck,parken-luebeck-Musterbahn-Parkplatz-Musterbahn-Parkplatz-Lubeck,parken-luebeck-Nordliche-Wallhalbinsel-Parkplatz-Nordliche-Wallhalbinsel-Parkplatz-Lubeck,parken-luebeck-Obertrave-Parkplatz-Strassenrand-Obertrave-Parkplatz-Strassenrand-Lubeck,parken-luebeck-Parade-Parkplatz-Parade-Parkplatz-Lubeck,parken-luebeck-Parkplatz-vor-dem-PH-Burgtor-Parkplatz-Parkplatz-vor-dem-PH-Burgtor-Parkplatz-Lubeck,parken-luebeck-Paul-Brummer-Strasse-Parkplatz-Paul-Brummer-Strasse-Parkplatz-Travemunde,parken-luebeck-Priwall-Parkplatz-Priwall-Parkplatz-Travemunde,parken-luebeck-Radisson-Blu-Parkplatz-Radisson-Blu-Parkplatz-Lubeck,parken-luebeck-Retteich-Parkplatz-Retteich-Parkplatz-Lubeck,parken-luebeck-Roeckstrasse-Parkplatz-Roeckstrasse-Parkplatz-Lubeck,parken-luebeck-Rose-Parkplatz-Rose-Parkplatz-Travemunde,parken-luebeck-Strandbahnhof-Parkplatz-Strandbahnhof-Parkplatz-Travemunde,parken-luebeck-Trelleborgallee-Parkplatz-Trelleborgallee-Parkplatz-Travemunde,parken-luebeck-Untertrave-Flache-1-Parkplatz-Strassenrand-Untertrave-Flache-1-Parkplatz-Strassenrand-Lubeck,parken-luebeck-Untertrave-Parkplatz-Untertrave-Parkplatz-Lubeck,parken-luebeck-Verwaltungszentrum-Muhlentor-Parkplatz-Verwaltungszentrum-Muhlentor-Parkplatz-Lubeck,parken-luebeck-Vogteistrasse-Parkplatz-Vogteistrasse-Parkplatz-Travemunde,parken-luebeck-Wallstrasse-Parkplatz-Wallstrasse-Parkplatz-Lubeck,parken-luebeck-Werner-Kock-Strasse-Parkplatz-Strassenrand-Werner-Kock-Strasse-Parkplatz-Strassenrand-Lubeck,parken-osnabrueck-11,parken-osnabrueck-13,parken-osnabrueck-16,parken-osnabrueck-17,parken-osnabrueck-18,parken-osnabrueck-19,parken-osnabrueck-21,parken-osnabrueck-22,parken-osnabrueck-23,parken-osnabrueck-24,parken-osnabrueck-25,parken-osnabrueck-26,parken-osnabrueck-27,parken-osnabrueck-28,parken-osnabrueck-29,parken-osnabrueck-30,parken-osnabrueck-31,parken-osnabrueck-32,parken-osnabrueck-33,parken-osnabrueck-34,parken-osnabrueck-35,parken-osnabrueck-36,parken-osnabrueck-37,parken-osnabrueck-38,parken-osnabrueck-39,parken-osnabrueck-40,parken-osnabrueck-41,parken-osnabrueck-43,parken-osnabrueck-44,parken-osnabrueck-45,parken-osnabrueck-46,parken-osnabrueck-49,parken-osnabrueck-50,parken-osnabrueck-51,regensburg-parken-Park-Ride-Parkplatz-Unterer-Wohrd,regensburg-parken-Park-Ride-Parkplatz-West,regensburg-parken-Parkhaus-Dachauplatz,regensburg-parken-Parkhaus-Dallmeier,regensburg-parken-Parkhaus-Regensburg-Arcaden,regensburg-parken-Parkhaus-St-Peters-Weg,regensburg-parken-Parkplatz-Dultplatz,regensburg-parken-Tiefgarage-Arnulfsplatz,regensburg-parken-Tiefgarage-Hauptbahnhof-Castra-Regina-Center,regensburg-parken-Tiefgarage-am-Theater-Bismarckplatz,reutlingen-parken-Am-Bahnhof,reutlingen-parken-Bahnhof,reutlingen-parken-Echaz-Zentrum,reutlingen-parken-Galeria-Kaufhof,reutlingen-parken-Gartentor-C-A-Mode,reutlingen-parken-Gartenviertel,reutlingen-parken-Kaiserpassage,reutlingen-parken-Klinikum-I,reutlingen-parken-Klinikum-II,reutlingen-parken-Konrad-Adenauer-Strasse-Eberhardstrasse,reutlingen-parken-Kronprinzenbau,reutlingen-parken-Lederstrasse,reutlingen-parken-Nordstern,reutlingen-parken-Obere-Wassere,reutlingen-parken-Parkgarage-Leonhardsplatz,reutlingen-parken-Parkhaus-Pomologie,reutlingen-parken-Rathaus-Tubinger-Tor,reutlingen-parken-Stadthalle,reutlingen-parken-Stadtmitte,reutlingen-parken-Unter-den-Linden,reutlingen-parken-Volksbank,sw-bielefeld-parken-Parkhaus-Am-Hauptbahnhof,sw-bielefeld-parken-Parkhaus-Am-Jahnplatz,sw-bielefeld-parken-Parkhaus-Am-Zwinger,sw-bielefeld-parken-Parkhaus-Ankergarten,sw-bielefeld-parken-Parkhaus-Bahnhofsviertel-1,sw-bielefeld-parken-Parkhaus-Bahnhofsviertel-2,sw-bielefeld-parken-Parkhaus-Centrum,sw-bielefeld-parken-Parkhaus-Karstadt,sw-bielefeld-parken-Parkhaus-LOOM,sw-bielefeld-parken-Parkhaus-Ritterstrasse,sw-bielefeld-parken-Parkhaus-Stadthalle,sw-bielefeld-parken-Parkpalette-Hermann-Delius-Strasse,sw-bielefeld-parken-Parkplatz-Friedenstrasse,sw-bielefeld-parken-Parkplatz-Grosse-Kurfursten-Str,sw-bielefeld-parken-Parkplatz-Hbf,sw-bielefeld-parken-Parkplatz-Herforder-Str,sw-bielefeld-parken-Parkplatz-Kunsthalle,sw-bielefeld-parken-Parkplatz-Mercatorstr,sw-bielefeld-parken-Parkplatz-Niederwall,sw-bielefeld-parken-Parkplatz-Teutoburger-Strasse,sw-bielefeld-parken-Parkplatz-Zentrum,sw-bielefeld-parken-Parkplatze-Werner-Bock-Strasse,sw-bielefeld-parken-Seidenstickerhalle,sw-bielefeld-parken-Tiefgarage-Altstadt-Carre,sw-bielefeld-parken-Tiefgarage-Am-Theater,sw-bielefeld-parken-Tiefgarage-Kesselbrink,sw-bielefeld-parken-Tiefgarage-Marktpassage-nicht-fur-gasbetriebene-Fahrzeuge,sw-bielefeld-parken-Tiefgarage-Neues-Rathaus,sw-bielefeld-parken-Tiefgarage-Welle,sw-bielefeld-parken-Tiefgarage-Willy-Brandt-Platz,sw-bielefeld-parken-Tiefgarage-und-Parkpalette-CineStar,swt-trier-parken-Basi,swt-trier-parken-City,swt-trier-parken-Hauptm,swt-trier-parken-Kons,swt-trier-parken-Osta,swt-trier-parken-ParkPlaza,swt-trier-parken-Vieh,tiefbauamt-nuernberg-parken-ADCOM-Center,tiefbauamt-nuernberg-parken-Adlerstrasse,tiefbauamt-nuernberg-parken-City-Park-Center,tiefbauamt-nuernberg-parken-Erler-Klinik,tiefbauamt-nuernberg-parken-Findelgasse,tiefbauamt-nuernberg-parken-Galeria-Kaufhof,tiefbauamt-nuernberg-parken-Hans-Sachs-Platz,tiefbauamt-nuernberg-parken-Hauptbahnhof,tiefbauamt-nuernberg-parken-Hauptmarkt,tiefbauamt-nuernberg-parken-Jakobsmarkt,tiefbauamt-nuernberg-parken-Katharinenhof,tiefbauamt-nuernberg-parken-PH-Nurnberger-Akademie,tiefbauamt-nuernberg-parken-Parkhaus-City-Point,tiefbauamt-nuernberg-parken-Parkhaus-Karstadt,tiefbauamt-nuernberg-parken-Parkhaus-Maximum,tiefbauamt-nuernberg-parken-Parkhaus-Wohrl,tiefbauamt-nuernberg-parken-Parkhausname,tiefbauamt-nuernberg-parken-Sebalder-Hofe,tiefbauamt-nuernberg-parken-Sterntor,tiefbauamt-nuernberg-parken-Theater,vmz-bremen-parken-Am-Bahnhof,vmz-bremen-parken-Am-Brill,vmz-bremen-parken-Am-Dom,vmz-bremen-parken-Am-Kuhhirten,vmz-bremen-parken-Am-Sedanplatz,vmz-bremen-parken-Am-Vegesacker-Hafen,vmz-bremen-parken-Am-Wall,vmz-bremen-parken-Aumunder-Markplatz,vmz-bremen-parken-Beckersweide,vmz-bremen-parken-Burgerweide,vmz-bremen-parken-Burgerweide-Klangbogen,vmz-bremen-parken-City-Gate,vmz-bremen-parken-Fresenbergstrasse-P1,vmz-bremen-parken-Fresenbergstrasse-P2,vmz-bremen-parken-Herdentor-Rembertiring,vmz-bremen-parken-Hillmannplatz,vmz-bremen-parken-Im-Pohl,vmz-bremen-parken-Katharinenklosterhof,vmz-bremen-parken-Kunstlerhaus-Guterbahnhof,vmz-bremen-parken-Lubecker-Strasse,vmz-bremen-parken-Messe-Parkhaus,vmz-bremen-parken-Mitte,vmz-bremen-parken-Ortsamt-Blumenthal,vmz-bremen-parken-Ostertor-Kulturmeile,vmz-bremen-parken-Pressehaus,vmz-bremen-parken-Rowekamp-Metropol-Theater,vmz-bremen-parken-Sagerstr,vmz-bremen-parken-Silbermannstrasse,vmz-bremen-parken-Stephani,vmz-bremen-parken-Uberseestadt,vmz-bremen-parken-Weserstadion,vtmanager-duesseldorf-parken-FLOAT,vtmanager-duesseldorf-parken-Heerdt,vtmanager-duesseldorf-parken-PH-01,vtmanager-duesseldorf-parken-PH-02,vtmanager-duesseldorf-parken-PH-03,vtmanager-duesseldorf-parken-PH-04,vtmanager-duesseldorf-parken-PH-06,vtmanager-duesseldorf-parken-PH-08,vtmanager-duesseldorf-parken-PH-09,vtmanager-duesseldorf-parken-PH-10,vtmanager-duesseldorf-parken-PH-11,vtmanager-duesseldorf-parken-PH-12,vtmanager-duesseldorf-parken-PH-13,vtmanager-duesseldorf-parken-PH-16,vtmanager-duesseldorf-parken-PH-17,vtmanager-duesseldorf-parken-PH-18,vtmanager-duesseldorf-parken-PH-20,vtmanager-duesseldorf-parken-PH-22,vtmanager-duesseldorf-parken-PH-23,vtmanager-duesseldorf-parken-PH-24,vtmanager-duesseldorf-parken-PH-25,vtmanager-duesseldorf-parken-PH-26,vtmanager-duesseldorf-parken-PH-29,vtmanager-duesseldorf-parken-PH-33,vtmanager-duesseldorf-parken-PH-34,vtmanager-duesseldorf-parken-PH-35,vtmanager-duesseldorf-parken-PH-37,vtmanager-duesseldorf-parken-PH-39,vtmanager-duesseldorf-parken-PH-42,vtmanager-duesseldorf-parken-PH-43,vtmanager-duesseldorf-parken-PH-45,vtmanager-duesseldorf-parken-PH-46,vtmanager-duesseldorf-parken-PH-47,vtmanager-duesseldorf-parken-PH-48,vtmanager-duesseldorf-parken-PH-50,vtmanager-duesseldorf-parken-PH-51,vtmanager-duesseldorf-parken-PH-52,vtmanager-duesseldorf-parken-PH-53,vtmanager-duesseldorf-parken-PH-54
2026-08-16T00:00:02+00:00,167,253,57,152,668,39,230,308,,220,197,342,,,349,,,,1245,164,475,438,334,,,42,,,116,1041,32,55,65,191,,,,38,168,140,0,78,0,38,,,,,,,338,53,,,0,53,19,6,156,180,,,79,85,232,33,,,95,,,347,5,,107,250,385,230,226,173,220,233,21,198,63,375,71,282,413,283,210,457,75,284,213,411,356,72,48,120,250,296,246,168,788,79,706,285,120,258,258,1190,26,14,469,68,,,,201,274,526,,119,384,,0,0,0,0,285,0,0,0,0,541,0,0,0,0,158,216,0,0,0,0,0,,178,,10,235,370,660,292,443,,203,150,559,261,295,528,257,52,230,,832,333,594,266,328,205,381,1229,581,128,263,186,73,266,268,466,228,,,260,17,144,880,,,,,,,,81,,125,,,,,,118,109,0,,58,,125,,,0,,,52,0,0,0,0,0,0,0,0,0,0,0,0,0,0,516,0,17,49,146,0,0,0,165,0,0,0,0,153,0,0,0,0,58,0,0,0,0,74,0,0,48,209,36,190,500,265,161,272,253,424,0,401,74,11,249,344,411,668,338,398,462,135,,234,369,87,,1377,,,,314,,83,,,,,,,,26,,,162,85,20,16,,,,450,,,,,243,,,251,,,,,,,,,,,,14,,,,,,,,,,,,0,113,43,116,100,154,0,155,0,355,37,32,388,177,44,204,0,0,14,88,191,267,0,34,298,0,309,200,104,144,905,41,144,53,148,0,463,68,1199,223,347,102,197,210,0,118,209,289,84,0,0,343,343,116,0,314,0,343,209,135,289,200,249,0,0,626,81,205,,547,,271,257,,333,358,,,138,113,,,,,,78,,,309,121,,,182,263,,289,410,691,243,186,703,73,170,28,128,285,148,130,157,53,126,298,308,338,226,0,279,55,322,,252,26,0,,,,,,,,,,,,,,,,,,,,,,,,,,,,,,,,462,145,116,109,-100,328,301,100,560,206,247,331,,205,,172,71,72,350,195,431,282,360,,,,200,544,589,128,,534,,204,137,160,641,339,
2026-08-16T00:15:01+00:00,169,,,,,38,233,,,,199,341,,,353,,,,,,478,,338,,,44,,,,1043,,56,,193,,,,,167,139,,,,,,,,,,,339,,,,,,,12,,,,,85,,,,,,96,,,,,,110,,,,,,,,,,,,83,286,418,,,468,,,,418,358,78,,,252,299,278,,,80,715,287,,,274,1193,,,,,,,,,280,,,120,385,,,,,,287,,,,,,,,,,160,218,,,,,,,182,,,238,,,,449,,209,,,,,,,,,,,,,,,,383,1234,,,,187,74,,,468,,,,262,17,,882,,,,,,,,80,,,,,,,,,,,,,,,,,,,,,,,,,,,,,,,,,,,517,,18,,,,,,,,,,,,,,,,,,,,,,,,,,,,504,,,,,425,,,,,,,,,340,,473,134,,,,,,1378,,,,,,,,,,,,,,,,,,,,,,,,,,,,,,,,,,,,,,,,,,,,,,,,,,,,,,,,,,42,117,,,,,,356,,,389,,,,,,16,87,,266,,,,,,,,,,,,,152,,479,,1234,,351,103,,214,,,,,,,,,,,,,,,,,,,,,,642,80,,,587,,,258,,,359,,,137,116,,,,,,79,,,,,,,192,,,,,695,245,187,,,173,,130,,,131,,,127,,305,344,234,,291,,323,,,31,,,,,,,,,,,,,,,,,,,,,,,,,,,,,,,,,463,,118,130,,330,,,559,,,,,,,171,72,,,196,,281,,,,,,,587,,,538,,,,,,340,
2026-08-16T00:30:02+00:00,171,,,153,,,235,,,,203,342,,,,,,,,,479,,340,,,45,,,115,1049,,,,,,,,,,141,,79,,,,,,,,,,,,,,54,,17,,,,,,,231,,,,,,,,,,112,,,,,,,,,,,,93,290,423,,,478,,,,428,359,105,47,,255,300,301,,,,719,,,,281,1196,,,,,,,,202,,527,,123,389,,,,,,292,,,,,,,,,,161,221,,,,,,,188,,,241,,,,452,,216,,,,,,,,,,,,,,,,382,1235,582,,,,,,,469,,,,,17,,883,,,,,,,,,,,,,,,,,,,,,,,,,,,,,,,,,,,,,,,,,,,516,,,,,,,,,,,,,,,,,,,,,,,,,,,,,,506,,,,,,,399,73,,300,345,,,,401,483,,,,429,,,,,,,,,,,,,,,,,,,,,,,,,,,,,,,,,,,,,,,,,,,,,,,,,,,,,,,,,,,,,,118,101,,,,,,,,388,176,,206,,,,,,,,,,,,,,,,,,,,,,69,,,,,,,,,,,,,,,,,,,,,,,,,,,,659,,,,604,,,260,,,361,,,138,118,,,,,,,,,,,,,202,265,,,411,,,188,,,,0,132,,,,,54,130,0,309,353,0,,0,0,0,,,0,,,,,,,,,,,,,,,,,,,,,,,,,,,,,,,,,,,123,140,2,332,,,558,,,,,,,172,74,,,,,283,,,,,,,588,,,539,,,138,,,,
2026-08-16T00:45:01+00:00,,,,,,37,,,,,210,,,,354,,,,,,477,,345,,,,,,116,1053,,57,,,,,,,168,,,,,39,,,,,,,341,,,,,,,,,,,,86,,,,,,97,,,,,,,,,,,,,,,,,374,102,294,424,284,212,492,,,,439,,121,,,257,303,324,,,,725,,,,282,1201,,,,69,,,,204,,,,129,390,,,,,,293,,,,,,,,,,162,220,,,,,,,193,,,242,,661,,454,,220,,,,,,,,,,,,,,,,,1236,586,,,,,,270,,,,,264,17,,886,,,,,,,,,,,,,,,,,,,,,,,,,,,,,,,,,,,,,,,,,,,,,19,,147,,,,,,,,,,,,,,,,,,,,,,,,,,510,,,,,426,,401,,12,301,,,,,,486,,,,428,88,,,,,,,,,,,,,,,,,,,,,,,,,,,,,,,,,,,,,,,,,,,,,,,,,,,,,,,,,,,,,117,,,,157,,,,,,,,,,,,,,267,,,,,,,103,,,,,,,,,,,,,,,,,,,,,,,,,,,,,,,,,,,,,670,,,,621,,,,,,,,,,119,,,,,,80,,,,122,,,209,266,,,,,248,189,,,,29,133,286,150,,,,129,299,313,356,238,,297,55,325,,252,41,,,,,,,,,,,,,,,,,,,,,,,,,,,,,,,,,464,,126,160,6,334,,,559,,,332,,,,,,,,,,286,,,,,,,590,,,,,,,,,341,
2026-08-16T01:00:01+00:00,,,,,,38,,,,,216,,,,,,,,,,479,,346,,,47,,,,1054,,,,194,,,,,,142,,,,,,,,,,,,,,,,55,,19,,,,,,,232,,,,,,,348,,,,249,,,,,,,,,,373,114,298,425,285,213,503,74,,,448,,135,,,,302,336,,,,726,,,262,296,,,,,,,,,,,528,,128,,,,,,,295,,,,,,,,,,164,221,,,,,,,199,,,245,,660,,458,,221,,,,,,,,,,,,,,,,,,587,,,189,73,,,,,,,266,17,,,,,,,,,,,,,,,,,,,,,,59,,,,,,,,,,,,,,,,,,,,,,,515,,,,,,,,,,,,,154,,,,,,,,,,,,,,,,,511,,,,,427,,,,,,,,,,,495,,,,,,,,,,,,,,,,,,,,,,,,,,,,,,,,,,,,,,,,,,,,,,,,,,,,,,,,,,,,,,,,,,,,,,,,,,,,,,,,,,,,,,,,,,,,,,,,,,,,,,,,,,,,,,,,,,,,,,,,,,,,,,,,688,,206,,636,,,263,,,,,,,,,,,,,,,,,,,,219,,,290,,699,250,,,,,,134,287,,133,,,131,,312,357,239,,299,,,,,48,,,,,,,,,,,,,,,,,,,,,,,,,,,,,,,,,465,,132,179,3,337,,,,,,,,,,,75,,,,,285,,,,,,,591,,,540,,,,,,342,
2026-08-16T01:15:01+00:00,,,,,,,236,,,,221,343,,,,,,,,,480,,,,,,,,,1055,,58,,,,,,,,,,,,,,,,,,,,,,,,,,,,,,,89,,,,,,,,,,,,,,,,,,,,,,,,119,301,426,286,,513,,,,451,,150,,,,300,352,,,,727,286,,,303,,,,,,,,,,,529,,,,,,,,,298,,,,,,,,,,165,,,,,,,,201,,,254,,,,,,225,,,,,,,,,,,,,,,,,,589,,,,72,267,,,229,,,,17,,888,,,,,,,,,,,,,,,,,,,,58,,,,,,,,,,,,,,,,,,,,,,,,,,,,,,,,,,,,,,,,,,,,,,,,,,,,,512,,162,,254,,,400,,,,346,,,,,497,,,,,87,,,,,,,,,,,,,,,,,,,,,,,,,,,,,,,,,,,,,,,,,,,,,,,,,,,,,,,,,,,,,118,,,,,,,,,,,,207,,,,,,,,,,,,,,,,,,,154,,489,68,1235,265,,,,220,,,,,,,,,,,,,,,,,,,,,,697,,207,,649,,,,,,,,,,,,,,,,,,,,123,,,226,,,291,412,700,251,,,,,31,139,,,134,,,130,300,316,360,,,302,,,,,51,,,,,,,,,,,,,,,,,,,,,,,,,,,,,,,,,,,134,204,10,,,,560,,,,,,,,,,,,,286,,,,,,,594,,,541,,,,,,,
2026-08-16T01:30:02+00:00,170,,,,,,,,,,224,,,,,,,,,,481,,,,,48,,,115,,,,,,,,,,171,,,,,,,,,,,,,,,,,,,21,,,,,,,,,,,98,,,,,,,,,,,,,,,,,,125,303,427,,212,522,,,,455,,159,,,,303,362,,,,728,,,263,305,1202,,,,,,,,,,,,,,,,,,,300,,,,,542,,,,,,222,,,,,,,205,,,262,,,,,,226,,,,,,,,,,,,,,,,,1237,590,,,190,,,,,230,,,268,17,,,,,,,,,,,,,,,,,,,,,,,,,,,,,,,,,,,,,,,,,,,,,,,,,,,,,,,,,,,,,,,,,,,,,,,,,,,511,,,,,,,,74,,,345,,,,,526,,,,,88,,,,,,,,,,,,,,,,,,,,,,,,,,,,,,,,,,,,,,,,,,,,,,,,,,,,,,,,,,,,,117,,,,,,,,,,,,,,,17,,,,,,,,,,,,,,,,,,,,,,,,,,,,,,,,,,,,,,,,,,,,,,,705,81,,,657,,,,,,363,,,140,,,,,,,81,,,,,,,228,,,,413,702,254,,,,,32,140,,,,,,,,,361,240,,304,,,,,56,,,,,,,,,,,,,,,,,,,,,,,,,,,,,,,,,466,,137,227,13,339,,,,,,,,,,,,,,,432,,,,,,,,,,,,,,,,,,
2026-08-16T01:45:02+00:00,,,,,,,,,,,229,342,,,,,,,,,483,,347,,,,,,,,,60,,,,,,,,,,,,,,,,,,,,,,,,,,23,,,,,,,,,,,,,,347,,,,,,,,,,,,,,,132,,428,,,530,,,,457,,167,,,,308,379,,,,730,,,,,1201,,,,,,,,,,,,,,,,,,,,,,,,,,,,,166,223,,,,,,,212,,,271,,,,460,,230,,,,,,,,,,,,,,,,,,595,,,,,,,,,,,270,17,143,889,,,,,,,,,,,,,,,,,,,,,,,,,,,,,,,,,,,,,,,,,,,,,,,,,,,,,,,,,,,,,,,,,,,,,,,,,513,,,,,,,389,,,300,346,,,,,532,,,,427,,,,,,,,,,,,,,,,,,,,,,,,,,,,,,,,,,,,,,,,,,,,,,,,,,,,,,,,,,,,,,,,,,,,355,,,,,,,,,,,,,,,,,,,,,,,,,,,,69,,,,,,,,,,,,,,,,,,,,,,,,,,,,716,,,,663,,,264,,,,,,,,,,,,,,,,,124,,,236,,,290,,703,256,,,,,,141,,,,,,131,302,317,362,,,306,,,,,59,,,,,,,,,,,,,,,,,,,,,,,,,,,,,,,,,,144,138,256,14,,,,561,,,,,,,173,,,,,,,,,,,,,,,,,,,,,,,
2026-08-16T02:00:01+00:00,171,,,,,36,,,,,231,,,,,,,,,166,,,,,,,,,116,1056,,,,,,,,,,139,,,,,,,,,,,,,,,,,,21,,,,,90,,,,,,,,,346,,,,,,,,,,,,,,,134,305,429,,,532,,,,458,,173,,,258,,399,,,,732,,,,307,1200,,,,,,,,,,,,130,,,,,,,301,,,,,,,,,,,224,,,,,,,,,,276,,,,,,232,,,,,,,,,,,,,,,,,,596,,,,,,,,,,,274,17,,,,,,,,,,,,,,,,,,,,,,,,,,,,,,,,,,,,,,,,,,,,,,,20,,,,,,,,,,,155,,,,,,,,,,,,,,,,,514,,,,,428,,380,,,,,,,,,534,,,,,,,,,,,,,,,,,,,,,,,,,,,,,,,,,,,,,,,,,,,,,,,,,,,,,,,,,,,,,,,,,,,102,,,158,,,,,,,,,,,,,,,,,,,,,,,,,,,,,,,,,,,,,,,,,,,,,,,,,,,,,,,,,,725,,,,670,,,,,,364,,,,121,,,,,,,,,,,,,242,267,,291,,,,,,,174,,,,,,,,,,318,,,,307,,,,,61,,,,,,,,,,,,,,,,,,,,,,,,,,,,,,,,,467,145,,282,18,,,,562,,,,,,,,74,,,,,,,,,,,,596,,,,,,,,,345,
2026-08-16T02:15:02+00:00,,,,,,37,235,,,,,,,,,,,,,167,485,,,,,,,,,,,59,,,,,,,,141,,,,,,,,,,,,,,,,,,,,,,,92,,,,,,,,,,,,,220,,,,,,,,,,,139,306,430,,,535,,,,464,,178,,,,309,413,,,,,287,,264,309,,,,,,,,,,,,,,,,,,,,,,,,,,,,,,,,,,,,,,213,,,288,,,,,,237,,,,,,,,,,,,,,,,,,598,,,191,,,,,,,,,17,,,,,,,,,,,,,,,,,,,,,,59,,,,,,,,,,,,,,,,,,,,,,,,,,,,,,,,,,,,,,,,,,,,,,,,,,,,,515,,,,,,,401,69,14,,347,,,,,536,,,,,,,,,,,,,,,,,,,,,,,,,,,,,,,,,,,,,,,,,,,,,,,,,,,,,,,,,,,,,,,,,,,,,,,,,,,,,,,,,,,,,,,,,,,,,,,,,157,,494,,,310,352,104,,223,,,,,,,,,,,,,,,,,,,,,,733,82,,,676,,272,,,,,,,,,,,,,,,,,,,,,256,,,,,706,,,,,177,,142,,,135,,,132,,319,,,,,54,,,,62,,,,,,,,,,,,,,,,,,,,,,,,,,,,,,,,,,,139,304,23,340,,,567,,,,,,,,75,,,197,,287,,,,,,,,,,,,,,,,347,
2026-08-16T02:30:02+00:00,,,,,,,236,,,,233,343,,,,,,,,,,,348,,,,,,,,,60,,,,,,,,,,78,,,,,,,,,,,,,,,,,,,,,,,,,,,,,,347,,,,,,,,,,,,,,,142,,431,,213,542,,,,466,,186,,,,,427,,,,,,,265,310,1201,,,,,,,,,,,,,,,,,,,,,,,,,,,,,,,,,,,,,,,,289,,,,,,238,,,,,,,,,,,,,,,,,,599,,,,,,,,,,,,17,,,,,,,,,,,,,,,,,,,,,,57,,,,,,,,,,,,,,,,,,,,,,,,,,,,,,,,,,,,,,,,,,,,,,,,,,,,,517,,161,,,429,,,,,302,,,,,,,,,,426,,,,,,,,,,,,,,,,,,,,,,,,,,,,,,,,,,,,,,,,,,,,,,,,,,,,,,,,,,,,,43,,,,,159,,,,,,,,,,,,,,,,,,,,,,,,,,,,,,,,,,,,,,,,,,,,,,,,,,,,,,,,,,737,,,,685,,,,,,365,,,,122,,,,,,82,,,,,,,268,,,,,,,,,,,,146,,,,,,,304,320,,,,306,,,,,65,,,,,,,,,,,,,,,,,,,,,,,,,,,,,,,,,,,140,325,30,339,,,,,,,,,,,,,,,431,288,,,,,,,597,,,,,,,,,,
2026-08-16T02:45:02+00:00,,,,,,,,,,,236,,,,,,,,,,486,,,,,,,,,1057,,59,,,,,,,170,140,,,,,,,,,,,,,,,,,,,,,,,,,,,,,,,,,,,,,,,,,,,,,,375,147,,429,,,544,,,,468,,190,,,,310,433,,,,734,,,,311,1199,,,,,,,,,,527,,,,,,,,,,,,,,,,,,,167,,,,,,,,214,,,290,,,,,,239,,,,,,,,,,,,,,,,,,601,,264,,,,,,,,,275,17,,888,,,,,,,,,,,,,,,,,,,,58,,,,,,,,,,,,,,,,,,,,,,,,,,,,,,,,,,,,,,,,,,,,,,,,,,,,,,,162,,,,,,71,,,,,,,,540,,,,,,,,,,,,,,,,,,,,,,,,,,,,,,,,,,,,,,,,,,,,,,,,,,,,,,,,,,,,,,,,,44,,103,,,,,354,,,,,,,,,,,,,,,,,,,,,,,,,,,,,,,,,,,,,,,,,,,,,,,,,,,,,,,,739,84,,,692,,,,,,364,,,,,,,,,,,,,,,,,273,,,,,,,,,,,33,,,,,,,131,,,364,,,,,,,,69,,,,,,,,,,,,,,,,,,,,,,,,,,,,,,,,,470,143,,340,39,,,,,,,,,,,,,,,,,,,,,,,,598,,,,,,,,,,
2026-08-16T03:00:02+00:00,,,,,,38,,,,,235,,,,,,,,,,488,,,,,,,,,,,,,,,,,,,,,,,,,,,,,,,,,,,,,20,,,,,,,,,,,,,,,,,,219,,,,,,,,,,,154,,431,,,547,,,,469,,192,,,,,434,,,,735,,,264,312,1204,,,,,,,,,,,,,,,,,,,,,,,,,,,,,,,,,,,,,216,,,,,,,462,,,,,,,,,,,,,,,,,,,,,,,,70,,,,,,,,17,,889,,,,,,,,,,,,,,,,,108,,,56,,,,,,,,,,,,,,,,,,,,,,,,,21,,,,,,,,,,,,,,,,,,,,,,,,,,,,,,,,,,,,72,,303,,,,,,545,,,,,,,,,,,,,,,,,,,,,,,,,,,,,,,,,,,,,,,,,,,,,,,,,,,,,,,,,,,,,,,,,,,,,,,,355,,,,,,,,,,,,,,,,,,,,,,,,,,,,,,,,,,,,,,,,,,,,,,,,,,,,,,,,743,,,,693,,,265,,,,,,141,,,,,,,,,,,,,,275,,,,,,257,,,,,,148,288,,,,,134,,,365,,,,,,,,70,,,,,,,,,,,,,,,,,,,,,,,,,,,,,,,,,,145,141,355,40,341,,,,,,,,,,174,76,,,,,,,,,,,,600,,,,,,,,,,
2026-08-16T03:15:01+00:00,,,,,,,237,,,,,342,,,,,,,,,490,437,349,,,,,,,1059,,57,,,,,,,,,,79,,,,,,,,,,,,,,,,,,,,,,,,,,,,,,344,,,,,,,,,,,,,,374,159,307,432,,214,549,,,,472,,194,,,,,441,,,,,,,,,,,,,,,,,,,,,,,,,,,,,,,,,,,,,,,,,,,,,,219,,,,,,,,,,,,,,,,,,,,,,,,,,1287,602,,,251,,,,569,,,,,17,,887,,,,,,,,,,,,,,,,,,,,,,,,,,,,,,,,,,,,40,,,,,,,,,,,,,,,,,,,,,,,,,,,,,,,,,,,,,515,263,,,,,,,,,,,,667,,,547,,,,,,,,,,,,,,,,,,,,,,,,,,,,,,,,,,,,,,,,,,,,,,,,,,,,,,,,,,,,,,,,,45,,,,,,,,,,,,,,,,18,,,,,,,,,,,,903,,,,,,496,,1234,341,,,,229,,,,,,,,,,,,,,,,,,,,,,,,,,698,,,,,,,,,,,,,,,,,,,,,,,277,,,292,,,,,,,,36,149,289,149,,,,133,,,,,,,,,,,,,,,,,,,,,,,,,,,,,,,,,,,,,,,,,,,,,,,370,43,,,,,,,,,,,,,,,,,,,,,,,,,,,,,,,,,,
2026-08-16T03:15:02+00:00,,,,,,,,,,,,,,,,,,,,,,,,,,,,,,,,,,,,,,,,,,,,,,,,,,,,,,,,,,,,,,,,,,,,,,,,,,,,,,,,,,,,,,,,,,,,,,,,,,,,,,,,,,,,,,,,,,,,,,,,,,,,,,,,,,,,,,,,,,,,,,,,,,,,,,,,,,,,,,,,,,,,,,,,,,,,,,,,,,,,,,,,,,,,,,,,,,,,,,,,,,,,,,,,,,55,,,,,,,,,,,,,,,,,,,,,,,,,,,,,,,,,,,,,,,,,,,,,,,,,,,,,,,,,,,,,,,,,,,,,,,,,,,,,,,,,,,,,,,,,,,,,,,,,,,,,,,,,,,,,,,,,,,,,,,,,,,,,,,,,,,,,,,,,,,,,,,,,,,,,,,,,,,,,,,,,,,,,,,,,,,,,,,,,,,,,,,,,,,,,,,,,,,,,,,,,,,,,,,,,,,,,,,,,,,,,,,,,,,,,,,,707,,,,,,,,,,,,,,,,,,,,,,,,,,,,,,,,,,,,,,,,,,,,,,,,,,,,,,,,,,,,,,,,,,,,,,,,,,,,,,,,,,,,,,,,,,,,
2026-08-16T03:30:01+00:00,,,,,,,,,,,234,344,,,,,,,,,491,438,,,,,,,,1060,,58,,,,,,,,,,,,,,,,,,,,,,,,,,21,,,,,91,,,,,,,,,343,,,,218,,,,,,,,,,,166,,433,,,550,,,,476,,198,48,,,311,451,,,,736,,,,313,1202,,,,,,,,204,280,527,,128,390,,,,,,300,,,,,,,,,,168,,,,,,,,224,,,,,,,,,,,,,,,,,,,,,,,,,,,,,263,,69,,,,,,,,17,142,889,,,,,,,,,,,,,,,,,,,,53,,,,,,,,,,,,,,,,,,,,,,,516,,,,,,,,,,,,,,,,,,,,,,,,,,,,,,,259,,,,,,,,,,,,665,,402,549,,,,,,,1377,,,,,,,,,,,,,,,,,,,,,,,,,,,,,,,,,,,,,,,,,,,,,,,,,,,,,,,,,,,,,,,,,,,,386,,,,,,,,,,,,299,,,,,143,894,,,,,,,68,,,,,,,,,,,,,,,,,,,,,,,,,,,,745,85,,,702,,,,,,363,,,,,,,,,,,,,,,,,286,,,295,,707,,,,,,,152,290,,,,,130,305,319,,,,,,,,,71,,,,,,,,,,,,,,,,,,,,,,,,,,,,,,,,,,,,384,49,,,,,,248,,,,,,,,,,,,,,,,,,603,,,,,,,,,,
2026-08-16T03:45:01+00:00,,,,,,,,,,,235,,,,,,,,,,,,,,,,,,,1063,,,,,,,,,,,,78,,,,,,,,,340,,,,,,,19,,,,,92,,,,,,,,,342,,,,,,,,,,,,,,373,167,,434,,,551,75,,,477,,200,,,,314,466,,,,737,,,,,1203,,,,,,,,,,,,,,,,,,,,,,,,,,,,,,,,,,,,,,,,,,661,,,,,,,,,,,,,,,,,,,,,,603,,258,,67,,,,,,,276,17,,888,,,,,,,,,,,,,,,,,,,,52,,124,,,,,,,,,,,,,,,,,,,,,,,,,,,,,,,,,,154,,,,,,,,,,,,,,,,,,233,,271,,,,400,,,,,,,339,404,,,,,,,,1368,,,,,,,,,,,,,,,,,,,,,,,,,,,,,,,,,,,,,,,,,,,,,,,,,,,,,,,,,,,,,,,158,,,,,385,,,206,,,,,,,,,297,,,,,,862,,,,,,,,,,,,,,,,,,,,,,,,,,,,,,,,,,,746,86,,,701,,,,,,,,,,,,,,,,,,,,,,,288,,,,,,256,,,,,37,,,148,,,,,306,,366,,,,,,,,73,,,,,,,,,,,,,,,,,,,,,,,,,,,,,,,,,471,,,392,52,,,,,,,,,,,,,,,,,,,,,,,,,,,,,,,,,,
2026-08-16T04:00:02+00:00,170,,,,,,238,,,,,,,,,,,,,,,,348,,,,,,,1062,,,,,,,,,169,139,,,,,,,,,,,339,,,,,,,18,,,,,91,,,,,,,,,341,,,,,,,,,,,,,,371,169,306,,,,552,,,,,,202,,,,315,470,,,,,,,,,1204,,,,,,,,205,,,,,,,,,,,301,,,,,541,,,,,169,,,,,,,,225,,,,,,,,,,,,,,,,,,,,,,,,,,,,,,,,,,,,,,,17,,889,,,,,,,,,,,,,,,,,107,,,51,,,,,,,,,,,,,,,,,,,,,,,,,,,,,,,,,,,,155,,,,,57,,,,,,,,,,,,,224,161,,,,,,,,,,,,,,550,,,,,,,1361,,,,,,,,,,,,,,,,,,,,,,,,,,,,,,,,,,,,,,,,,,,,,,,,,,,,,,,,,,,,104,,,156,,,,,381,,,,,,,,,,,,279,,,,,,825,,,,,,,69,,,,,,,,,,,,,,,,,,,,,,,,,,,,,,,,704,,,,,,364,,,,,,,,,,,,,,,,,293,,,,,,,,706,,,,,,146,,,,,,321,,,,,,,,,,,,,,,,,,,,,,,,,,,,,,,,,,,,,,,,,,,,,405,56,,,,,,,,,,,,,,,,,,,,,,,,,,,,,,,,,,
2026-08-16T04:05:01+00:00,,,,,,,,,,,234,343,,,,,,,,,511,,347,,,,,,25,,,59,,,,,,,,,,,,,,,,,,,,,,,,,,19,,,,,,,,,,,,,,,,,,220,,,,,,,,,,,,,,,,,,,,,,,,,,,,,,,,,,,,,,,,,,,,,,,,,,,,,,,,,,,,,,,,,,,,,,,,,,,,,,,,,,,,,,,,,,,,,,,,,,,,,129,256,,65,268,,,,,,277,17,,888,,,,,,,,,,,,,,,,,106,,,50,,,,,,,,,,,,,,,,,,,,,,,,,,,,,,,,,,,,,,,,,,,,,,,,,,,,,,,,,,,,,,,,,,,342,,,,,,,,,,,,,,,,,,,,,,,,,,,,,,,,,,,,,,,,,,,,,,,,,,,,,,,,,,,,,,,,,296,,,,,,,,209,,,,,,,,,,,,,,,,273,,,,104,,819,40,,,,,,,,,,,,,,,,,,,,,,,,,,,,,,,,,,747,,,,706,,,266,,,363,,,,,,,,,,,,,,,,,294,,,,,,257,,,,,,,,145,,,,,,322,367,,,,,324,,,74,,,,,,,,,,,,,,,,,,,,,,,,,,,,,,,,,,,,,57,,,,,,,,,,,,75,,,,432,,,,,,,,,,,,,,,,,,
2026-08-16T04:10:01+00:00,,,,,,,,,,,,,,,,,,,,,,,346,,,,,,,1061,,,,,,,,,,140,,,,,,,,,,,,,,,,54,,17,,,,,,,,,,,,,,,,,,,,,,,,,,,,,,,,,,,,,,,,,,,,,,,,,,,,,,,,,,,,,,,,,,,,,,,,,,,,,,,,,,,,,,,,,,,,,,,,,,,,,,,,,,,,,,,,,,,,,,,,,,,,,,,,,,17,,,,,,,,,,,,,,,,,,,105,,,,,,,,,,,,,,,,,,,,,,,,,,,,,,,,,,,,,,,,,,,,,,,,,,,,,,,,,,,,,,,,,,,,,,,,,,,,,,,,,,,,,,,,,,,,,,,,,,,,,,,,,,,,,,,,,,,,,,,,,,,,,,,,,,,,,,,,,,,,,,,,,,,380,,,,,,,,,,,,269,,,,105,,818,41,,,158,,,,1233,366,371,,,237,,,,,,,,,,,,,,,,,,,,,,746,,,,707,,,,,,364,,,,,,,,,,,,,,,,,295,,,,,,,,,,,,,289,,,,,,,,,,,,53,,,,,,,,,,,,,,,,,,,,,,,,,,,,,,,,,,,,,,,,408,59,,,,,,,,,,,,,,,,,,,,,,,,,,,,,,,,,,
2026-08-16T04:15:01+00:00,,,,,,,,,,,,,,,,,,,,,,,,,,,,,,1062,,62,,,,,,,,138,,,,,,,,,,,,,,,,,,,,,,,,,,,,,,,,,,,,,,,234,174,,,,,,370,,,436,287,215,,,,,,,204,,,259,,,,,,,286,,262,,1196,,,,,,,,,,,,,,,,,,,,,,,,,,,,,,,,,,,,,,,,,,,,,,157,,,,,,,,,,,,,,,,,,,127,252,,66,,,,229,,,,17,143,,,,,,,,,,,,,,,,,,106,,,,,,,,,,,,,,,,,,,,,,,,,,515,,20,,,,,,,,,,,,,,,,,,,,,,,,,,,,,,,,,,,,,,,,,,,,,,,,,,,,,,,,,,,,,,,,,,,,,,,,,,,,,,,,,,,,,,,,,,,,,,,,,,,,,,,,,,,294,,,,,,,,,,,,379,,,,,,,,,,,,265,,,,,,815,43,,,,310,,,,370,372,,,235,,,,,,,,,,,,,,,,,,,,,,,,,,708,,,,,,362,,,,,,,,,,,,,,,,,296,,,,,708,,,,,,,,,,,,,,,,,,,,,,,,,,,,,,,,,,,,,,,,,,,,,,,,,,,,,,,,,,,142,410,,,,,,,,,,,,,,,,,,,,,,,,,,,,,,,,,,,
2026-08-16T04:20:02+00:00,,,,,,,,,,,233,,,,,,,,,,,,,,,,,,,,,,,,,,,,168,139,,,,,,,,,,,,,,,,53,,19,,,,,,,,32,,,,,,339,,,,,,,,,,,,,,,,,,,,,,,,,,,,,,,,,,,,,,,,,,,,,,,,,,,,,,,,,,,,,,,,,,,,,,,,,,,,,,,,,,,,,,,,,,,,,,,,,,,,,,,,,,,,,,,,,,,,17,,,,,,,,,,,,,,,,,,,,,,48,,,,,,,,,,,,,,,,,,,,,,,,,,,,,,,,,,,,,,,,,,,,,,,,,,,,,,225,159,,255,,,,,,,,,666,,,,,,,,,,1360,,,,,,,,,,,,,,,,,,,,,,,,,,,,,,,,,,,,,,,,,,,,,,,,,,,,,,,,295,,,,,,,,,,,,,,,,,,,,,,,,261,,,,,144,814,,,,,,,,,,,,,,,,,,,,,,,,,,,,,,,,,,,,,,,709,,,,,,,,,,,,,,,,,,,,,,,299,,,,,,,,,,,,,,,,,,128,,,,,,,,,,,,,,,,,,,,,,,,,,,,,,,,,,,,,,,,,,,,,,,,,,,,,,,,,,,,,,,,,,,,,,,,,,,542,,,,,,,
2026-08-16T04:25:01+00:00,,,,,,,,,,,,,,,,,,,,,,,,,,,,,,,,,,,,,,,167,,,79,,,,,,,,,,,,,,,,,,,,,92,,,,,,,,,,,,,,,,,,,,,,,,,,440,,216,,,294,,,,213,,,,316,471,,,,,,,,,1197,,,,,,,,,,,,,,,,,,,,,,,,,,,,,,,,,,,,,,,,,,,,,,,,,,,,,,,,,,,,,,383,,,126,251,,65,269,269,,230,,,,17,,887,,,,,,,,,,,,,,,,,,,,47,,,,,,,,,,,,,,,,,,,,,,,,,,,,,,,,,,,,,,,,,,,,,,,,,,,,,516,,,,,,,,,,,,,,,,,,,,,,,,,,,,,,,,,,,,,,,,,,,,,,,,,,,,,,,,,,,,,,,,,,,,,,,,,,,,,,,,,,,,,,,,,,,,,,,,,,,,,,,260,,,,,,813,,,,,,,,,,,,,,,,,,,,,,,,,,,,,,,,,,,,,,,,,,,,,,,,,,,,,,,,,,,,,,,,,,,,258,,,,,,,,,,,,129,,,,,,,,,,,,,,,,,,,,,,,,,,,,,,,,,,,,,,,,,,,,,,,,61,,,,,,,,,,,,,,,,,,,,,,,,604,,,,,,,,,348,
2026-08-16T04:30:02+00:00,,,,,,,,,,,231,,,,,,,,,,,,347,,,,,,,,,,,,,,,,,,,,,,,,,,,,,,,,,,,,,,,,93,,,,,,,,,,,,,,383,,,,,,,,,,,,,,,,,,,,,,,,,,,,,,,,,,,,,,,,,,,,,,,,,,,,,,,,,,,,,,,,,,,,,,,,,,,,,,,,,,,,,,,,,,,,,,,,,,,,,,,,,,,,,,,17,,,,,,,,,,,,,,,,,,,,,,,,,,,,,,,,,,,,,,,,,,,,,,,,,,,,,,,,,,154,,,,,,,,,,,,,,,,,,228,157,,,,,,,,,,,,,,,,,,,,,,,,,,,,,,,,,,,,,,,,,,,,,,,,,,,,,,,,,,,,,,,,,,,,,,,,,,,,,296,,,,,,,,,,,,,,,,,,,88,,,,,,,,,,148,815,,,,,,,,,374,371,,,,,,,,,,,,,,,,,,,,,,,,,,,,,,,,,,,,,,,,,,,,,,,,,,,,300,,,,,,,,,74,,,,,,,,,127,,,,,,,,,,,,,,,,,,,,,,,,,,,,,,,,,,,,,,,,,,,,,,,413,,,,,,,,,,,,,,,,,,,,,,,,,,,,543,,,,,,,
2026-08-16T04:35:01+00:00,169,,,,,,,,,,,,,,,,,,,,,,346,,,,,,,,,,,,,,,,,,,,,,,,,,,,,,,,,,,,,,,,,,,,,,,,,,,,,,,,,,,,,,,,170,,441,,,554,,,,478,,214,,,,,473,,,,,,,,,1199,,,,,,,,,,529,,,,,,,,,,,,,,,,,,,,,,,,,,,,,,,,,,,,158,,,,,,,,,,,,,,,,,,602,125,244,252,,,,,,186,,,17,,888,,,,,,,,,,,,,,,,,,,,,,,,,,,,,,,,,,,,,,,,,,,514,,,,,,,,,,,,,152,,,,,,,,,,,,,,,,,,236,156,,,,,,,,,,,,,,,,,,,,,1362,,,,,,,,,,,,,,,,,,,,,,,,,,,,,,,,,,,,,,,,,,,,,,,,,,,,,,,,295,,,,,,,,,,,,380,,,,,,,,,,,,264,,308,,107,,817,,,,,308,,,1232,376,,,,,,,,,,,,,,,,,,,,,,,,,,745,,,,,,,,,,,,,,,,,,,,,,,,,,,301,,,,,,257,,,,,,,,146,,,,126,,321,,,,,,,,,,,,,,,,,,,,,,,,,,,,,,,,,,,,,,,,,,470,,,415,63,,,,,,,,,,,,76,,,,,,,,,,,,,,,,,,,,,,
2026-08-16T04:40:01+00:00,,,,,,,,,,,,,,,,,,,,,,,,,,,,,,,,,,,,,,,,,,,,,,,,,,,,,,,,,,,,,,,,,,31,,,,,,,,,,,,,,,,,,,,,171,,,,,556,,,,,,,,,,,477,,,81,,,,,,1200,,,,,,,,,,,,,,,,,,,,,,,,,,,,,,,,,,,,,,,,,,,,,,,,,,,,,,,,,,,,,,,,,,,,,,,,,,,,17,144,,,,,,,,,,,,,,,,,,,,,,,,,,,,,,,,,,,,,,,,,,,,513,,,,,,,,,,,,,,,,,,,,,,,,,,,,,,,241,155,,,,,,,,,,,,,,549,,,,,,,1363,,,,,,,,,,,,,,,,,,,,,,,,,,,,,,,,,,,,,,,,,,,,,,,,,,,,,,,,294,,,,,153,,,,,,,,,,,,,,,,,,,266,,,,,,,,,,,,,,,,,,,,,,,,,,,,,,,,,,,,,,,,,,,,,,,,,,,,,,,,,,,,,,,,,,,,304,,,,,,,,,,,,,,,,,,,,,,,,,,,,,,,,,,,,,,,,,,,,,,,,,,,,,,,,,,,,,,,,,416,,,,,,,,333,,,,,,,,,,,,,,,,,,,,,,,,,,,
2026-08-16T04:45:02+00:00,,,,,,,,,,,230,,,,,,,,,,,,,,,,,,,,31,,,,,,,,166,,,,,,,,,,,,338,,,,,52,,20,,,,,,,,,,,,,,,,,,,,,,,,,,,,,,,,,,,,,,,,,,,,,,,,,,,,,,,,,,,,,,,,,,,,,,,,,,,,,,,,,,,,225,,,,,,,,,,,,,,,,,,,,,,,,,,,,,,,,,,,123,241,,64,,,568,,,,,17,,890,,,,,,,,,,,,,,,,,,,,,,,,,,,,,,,,,,,,,,,,,,,,,19,,,,,,,,,,,151,,,,,,,,,,,,,,,,,,243,154,,,,,399,,,,,,,,,,,,,,,,1361,,,,,,,,,,,,,,,,,,,,,,,,,,,,,,,,,,,,,,,,,,,,,,,,,,,,,,,,296,,,,,,,157,208,,,,,,,,,,,,,,,,271,,,,,,822,,142,,160,310,,,,375,372,,,,,,,,,,,,,,,,,,,,,,,,,746,,,,,,,,,,,,,,,,,,,,,,,,,,,,,,,,,,,,,,36,,,,,,,125,,,,,,,,,,254,,,,,,,,,,,,,,,,,,,,,,,,,,,,,,,,,,,,,419,64,,,,,,,,,,,,,,,,,,,,,,,,,,,544,,,,,,,
2026-08-16T04:50:01+00:00,,,,,,,,,,,229,,,,,,,,,,,,,,,,,,,1063,,,,,,,,,,,,,,,,,,,,,,,,,,53,,19,,,,,,,,,,,,,,338,,,,221,,,,,,,,,,,,,,,,557,,,,,358,,,,,,,,,,,,,,,1201,,,,,,,,,,,,,,,,,,,,,,,,,,,,,,,,,,,,,,,,,,,,,,,,,,,,,,,,,,,,,,,,,,,,,,,,,,,276,17,,888,,,,,,,,,,,,,,,,,,,,,,,,,,,,,,,,,,,,,,,,,,,,,20,,,,,,,,,,,153,,,,,,,,,,,,,,,,,,244,,,,,,400,,,,,,,,,,,,,,,,,,,,,,,,,,,,,,,,,,,,,,,,,,,,,,,,,,,,,,,,,,,,,,,,,,,,,,,,297,,,,,,,,,,,,,,,,,,,,,,,,274,,,,108,149,824,,,,,,,,,,,,,,,,,,,,,,,,,,,,,,,,,,,745,,,,,,,,,,361,,,,,,,,,,,,,,,,,305,,,,,,258,,,,,,,,,,,,,,,,,,,,,,,,,,,,,,,,,,,,,,,,,,,,,,,,,,,,,,,,,,,,63,,,,,,,,,,,,,,,,,,,,,,,,,,,,,,,,,,
2026-08-16T04:55:02+00:00,,,,,,,237,,,,228,,,,,,,,,,,,345,,,,,,26,,,,,,,,,,,,,,,,,,,,,,,,,,,,,,,,,,,,,,,,,,,,,,,,,,,,,,,,,,,,,,,,,,,,,,,,,,,,,,,,,,,,,,,,,,,,279,,,,,,,,,,,,,,,,,,,,,,,,,,,,,,,,,,,,,,,,,,,,,,,,,,,,,,,601,122,239,,,,,569,231,187,,,17,,,,,,,,,,,,,,,,,,,,,,,,,,,,,,,,,,,,,,,,,,,,,,,,,,,,,,,,,,,,,,,,,,,,,,,,,,,,245,,,,,,401,73,13,,,,,,,,,,,,,,,,,,,,,,,,,,,,,,,,,,,,,,,,,,,,,,,,,,,,,,,,,,,,,,,,,,,,,,296,,,116,,,,,,,,,,,,,,,,,,266,,,273,,303,,,151,827,,,,,,,,,,,,,,,,,,,,,,,,,,,,,,,,,,,746,,,,710,,,,,,360,,,,,,,,,,,,,,,,,,,,,,,,,705,75,,35,153,,,,,,124,,,,,,,,,,,,,,,,,,,,,,,,,,,,,,,,,,,,,,,,,,,,,,,420,62,343,,,,,,,,,,,,,,,,,,,,,,,,,,,,,,,,,
2026-08-16T05:00:02+00:00,,,,,,,,,,,,,,,,,,,,,,,,,,,,,,,32,,,,,,,,165,,,,,,,,,,,,,,,,,,,,,,,,92,,,,,,,,,337,,,,,381,,,,,,,,,,,,442,,,558,,,,,,,,,,,478,,,82,738,,,261,316,1200,,,,,,,,,,,,,,,,,,,,,,,,,,,,,,,,,,,,,224,,,,,,,,,,,,,,,,,,,,,,,,,,,,,,,,,,,,,,275,17,,,,,,,,,,,,,,,,,,,,,,,,,,,,,,,,,,,,,,,,,,,,,,,,,,,,,,,,,,,,,,,,,,,,,,,,,,,,246,,,,,,,,,,,,,,,,,,,,,,,,,,,,,,,,,,,,,,,,,,,,,,,,,,,,,,,,,,,,,,,,,,,,,,,,,,,,,,295,,,117,,152,,,,,,,,,,,,,,,,,,,,,304,,,,828,,,,,,,,,377,,,,,,,,,,,,,,,,,,,,,,,,,,,,,,,,,,,,,,,,,,,,,,,,,,,,,,,,,,,,,,,,,,,145,,,,122,,,,,,,52,,,,,,,,,,,,,,,,,,,,,,,,,,,,,,,,,,,,,,,,422,,,,,,,,,,206,,,,,,,,,,,,,,,603,,,,,205,139,,,,
2026-08-16T05:05:01+00:00,,,,,,,,,,,,,,,,,,,,,,,344,,,,,,,,,,,,,,,,,,,76,,,,,,,,,,,,,,54,,,,,,,,,,32,,,,,,336,,,116,,,,,,,,,,,,,,,,,,,,,,,,,,,,,,,,,,,,,,,,,,,,,,,,,,,,,,,,,,,,,,,,,,,,,,,,,,,,,,,,,,,,,,,,,,,,,,,,,,,,1286,602,121,,251,63,,,568,232,,,,17,,,,,,,,,,,,,,,,,,,,,,,,,,,,,,,,,,,,,,,,,,,,,,,,,,,,,,,,,,,,,,,,,,,,,,,,,,,,,153,,,,,,,,,,,,,,,,,,,,,1360,,,,,,,,,,,,,,,,,,,,,,,,,,,,,,,,,,,,,,,,,,,,,,,,,,,,,,,,294,,,,,,64,,,,,,,,,,,,,,,,,,274,180,,,,,,,,,,,,,,,,,,,,,,,,,,,,,,,,,,,,,,,,,,,,,,,,,,,,,,,,,,,,,,,,,,,,,,,,,,,,,,,,,146,,,,121,,320,,,,,,,,,73,,,,,,,,,,,,,,,,,,,,,,,,,,,,,,,,,,,,,,,,,,,,,,,,173,,,,,,,,,,,,,,,,,,,,,,349,
2026-08-16T05:10:01+00:00,,,,,,,238,,,,,,,,,,,,,,,,,,,,,,,1064,,,,,,,,,,,,,,,,,,,,,,,,,,,,18,,,,,,,,,,,,,,,,,,,,,,175,219,,,,,,172,,443,,217,,,,,,,,,,,317,477,,,74,737,,,,,1202,,,,,,,,,278,528,,,,,,,,,,,,,,,,,,,,,,,,,,,227,,,,,,,461,181,,,,,,,,,,,,,,,,,,,,,,,,,,,,,,274,17,,890,,,,,,,,,,,,,,,,,,,,,,,,,,,,,,,,,,,,,,,,,,,,,,,,,,,,,,,,,,,,,,,,,,,,,,,,,,245,151,,,,,,,,,,,,,,,,,,,,,,,,,,,,,,,,,,,,,,,,,,,,,,,,,,,,,,,,,,,,,,,,,,,,,,,,,,,,,292,,,,,,,,,,,,,,,,,,,,,,,,,,,,,,827,,,,,309,,,1231,,,,,,,,,,,,,,,,,,,,,,,,,,,,,,,,,,,,,,,,,,,,,,,,,,,,,,,,,,,,,,,76,,,,,,,,,,,,,,,,,,,,,,,,,,,,,,,,,,,,,,,,,,,,,,,,,,,,,,,,424,63,,,,,,,,,,,,,,,,,,,,,,,,,,,,,,,,,,
2026-08-16T05:15:02+00:00,,,,,,39,237,,,,,,,,,,,,,,,,,,,,,,,,,,,,,,,,,,,,,,,,,,,,339,,,,,53,,19,,,,,,,,,,,,,,335,,,,,,,,,,,,,,,,,,,,,,,,,,,,,,,,,,,,,,,,,,,,,,,,,,,,,,,,,,,,,,,,,,,,,,,,,,,,,,,,,,,,,,,,,,,,,,,,,,,,,,384,,,,,,,,,,,,,277,17,,888,,,,,,,,,,,,,,,,,,,,,,,,,,,,,,,,,,,,,,,,,,,,,,,,,,,,,,,,,,,,,,,,,,,,,,,,,,,150,,,,,,,,,,,,,405,,,,,,,,,,,,,,,,,,,,,,,,,,,,,,,,,,,,,,,,,,,,,,,,,,,,,,,,,,,,,,,,291,,,,,,,,,,,,,,,207,,,,,,,,,275,,,,,,826,,,,,,,,,,,,,,,,,,,,,,,,,,,,,,,,,,,,,,,,,,,,,361,,,,,,,,,,,,,,,,,,,,,415,,,,,,,,,,,,,,115,,319,,,,,,,,,,,,,,,,,,,,,,,,,,,,,,,,,,,,,,,,,,,,,425,,,,,,,,,,,,,,,,,433,,,,,,,,,,,,,,,,,,
2026-08-16T05:20:01+00:00,,,,,,,,,,,,,,,,,,,,,,,345,,,,,,,1065,,63,64,,,,,,,,,,,,,,,,,,,,,,,52,,21,,,,,,,,34,,,,,,336,,,,,379,,,,,,,,,,,,,,,,,,,477,,,47,,,,,,,75,,287,121,,,1200,,,,70,,,,,,,,,,,,,,,300,,,,,540,,,,,,,,,,,,,228,,,,,,,,,,,,,,,,,,,,,,,,,,,,,,,,,,,,,,,17,145,887,,,,,,,,,,,,,,,,,,,,,,,,,,,,,,,,,,,,,,,,,,,,,,48,,,,,,,,,,,,,,,,,,,,,,,,,,,,,,,,,,,,,,,,665,,,,,,,,,,,,,,355,,108,,,,,,,,,,,176,107,43,34,,,,,,,,,314,,,341,,,,,,,,,,,,17,,,,,,,,,,,,,,,,,,,,207,,,,,,,,,,,,,,,,273,,303,,,,824,,,,,310,497,,,,,,,236,,,,,,,,,,,,,,,,,,,,,,,,,,,,,,,,,,,,,,,,,,,,,,,,,,,,,,,,,,,,,,,,,,,,,,,,,,,,,,,,,,,,,,,,,,,,,,,,,,,,,,,,,,,,,,,,,,427,64,344,,,,,249,,,,,,,,,,,,,,,,,,,,,,,,,,,,
2026-08-16T05:25:01+00:00,,,,,,,,,,,,,,,,,,,,,,,,,,,,,,1066,,62,65,,,,,,,,,75,,,,,,,,,,,,,,,,19,,,,,91,,,,,,,,,335,,,,,,,,,,,,,,,,,,,,,,,,,,,,,,,,,,,,,,,,,,,,,,,,,,,,,,,,,,,,,,,,,,,,,,,,,,,,,,,,,,,,,,,,,,,,,,,,,,,,,,385,,601,,238,,,,,,,,,,17,,889,,,,,,,,,,,,,,,,,107,,,,,,,,,,,,,,,,,,,,,,,,,,,,,,,,,,,,,,,,,,,,,,,,,,,,,,,,,244,,,,,,,,,,,,,,,,,,,,,,1361,,,,356,,,,,,,,,,,,,177,,,,,,,,,,,,,,,342,,,,,,,,,,,,18,,,,,,,,,,,,286,,,,,,,,,,,,,,,,,,,,,265,,,,,,,,,825,,,,,,,,,,,,,,,,,,,,,,,,,,,,,,,,,,,,,,,,,,,,,,,,,,,,,,,,,,,,,,,,,,,,,,704,,178,34,,,,,,,114,305,,,,,,,,,,,,,,,,,,,,,,,,,,,,,,,,,,,,,,,,,,,,144,,,,,,,,,,,,,,,,,,,,,,,,,,,604,,,,,,,,,,
2026-08-16T05:30:02+00:00,,,,,,,,,,,,,,,,,,,,,,,,,,,,,,,,,64,,,,,,164,,,74,,,,,,,,,340,,,,,,,16,,,,,93,,,,,,,,,334,,,,,376,,,,,,,,,,,307,,,216,561,,,,476,360,,,,,,,,,76,,,,,,,,,,,,,,204,277,527,,128,390,,,,,,,,,,,,,,,,,,,,,,,,,,,,,,,,,,,,,,,,,,,,,,,,,,,,,,,,,,,,,,,17,,,,,,,,,,,,,,,,,,,,,,,,,,,,,,,,,,,,,,,,,,,,,,,,,,,,,,,,,,,,,,,56,,,,,,,,,,,,515,,,,,,,400,,,,,,,341,,,,,,,87,,,,,,,,,,,,,,,,,,,,,42,,,,,,,,,,,,,,,,,,,,,,,,,,,,,,,,,,,,,285,,,,,,,,537,354,,,,177,,,,,,,,,,,272,,,,,,823,42,,,161,,496,,,,373,,,,,,,,,,,,,,,,,,,,,,,,,747,,,,,,,,,,,,,,,,,,,,,,,,,,,,,,294,,,,,,75,,,,,,,,,,,,,,,,,,,,,,,,,,,,,,,,,,,,,,,,,,,,,,,,,,,,,,145,,,,,,,,,,,,,,,,,,,,,,,,,,,,,,,,206,,,,,
2026-08-16T05:35:02+00:00,,,,,,40,,,,,,,,,,,,,,,,,,,,,,,,1067,,,65,,,,,,,,,,,,,,,,,,,,,,,,,14,,,,,,,231,,,,,,,335,,,,222,,,,,,,,,,,,,,,,,,,,,,215,46,,,,476,,,,,,,,,1198,,,,,,,,,,,,,,,,,,,,,,,,,,,,,,,,,,,,,,,,,,,,,,,,,,,,,,,,,,,,,,,,602,,234,252,62,,,,231,,,,17,,890,,,,,,,,,,,,,,,,,,,,,,,,,,,,,,,,,,,,,,,,,,,,,,,,,,,,,,,,,,,,,,,,,,,,,,,,,,245,,,,,,,,,,,,,,,,,,,,88,,,,,,355,,105,,,,,,,,,,,176,,,,,,,448,,,,,,,,341,,,,,,,,,,,,,,,,,,,,,,,,,,,,,,,,,425,,,,,,,,,,,,,,,,,,,106,150,,,141,,158,,495,,,,,,196,237,,,,,,,,,,,,,,,,,,,,,,748,,,,,,,,,,,,,,,,,,,,,,,,,,,,,,,,,,,,,177,,,,147,,,,111,,318,,,,,,323,,,,,,,,,,,,,,,,,,,,,,,,,,,,,,,,,,,,,,,428,,,,,,,,,,,,,,,,,,,,,,,,,,,,,,,,,,,
2026-08-16T05:40:02+00:00,,,,,,,,,,,229,342,,,,,,,,,,,,,,,,,,,,,,,,,,37,165,138,,73,,,,,,,,,,,,,,,,,,,,,,,,,,,,,,,,,,,375,228,,,,,,,,,,,,,,,,,,,,,,,,,,,,,,,,,,,,,,,,,,203,274,526,,,,,,,,,,,,,,,,,,,,,,,,,,,,,,,,,,,,,,,,,,,,,,,,,,,,,,,,,,,,,,,,,276,17,,889,,,,,,,,,,,,,,,,,,,,,,125,,,,,,,,,,,,,,,,,,,,,,,,,,,,,,,,,,,,,,,,,,,,73,,,,,,,,,,,,,,,,,,,,,342,,,,,,,,,,,,,,,,,,,,,,,,,,,,,,,,,450,,,,,312,,,,,,,,,,,,,,,,,,,,,,,,,,,,,,,,,,,,,,,379,,,,,,,87,,,,,270,,,,107,,,41,,,,,,,,,,,,,,,,,,,,,,,,,,,,,,,,,,,,,,,,,,,,,,,,,,,,,,,,,,,,,306,,,,,,,,,,,,,,,,,55,110,304,319,,,,,,,,,,,,,,,,,,,,,,,,,,,,,,,,,,,,,,,,,,469,,,429,,,,,,,,,,,,,,,,,,,,,,,,,,,,545,,,,,,,
2026-08-16T05:45:01+00:00,168,,,,,,,,,,,,,,,,,,,,,437,346,,,,,,,,,,,,,,,,,,,,,,,,,,,,341,,,,,51,,,,,,,,,,,,,,,,,,,,221,,,,,,,,,,,171,,,,,,,,,,361,,,,,319,478,,,,738,,,260,,1200,,,,69,,,,,,,,,,,,,,,,,,,,,,,,,,,,,,,,,,,,,,,,,,,,,,,,,,,,,,,,,,384,,599,120,231,,,,,567,,,,,17,,890,,,,,,,,81,,126,,,,,,,105,,,,,,,,,,,,,,,,,,,,,,,,,,,,,,,,,,,,,,,,,,,,,,,,,74,,,,,,,,244,151,,,,,,,,,,,666,341,,548,,,,427,,,1360,,,,355,,107,,,,,,,,26,,,177,108,41,34,,,,,,,,,,,,,,,,,,,,,,,,,,,,,,,,,,,,286,,49,,,,,,,424,,33,,,,206,,,,,,,,,271,179,,,108,,820,,142,,157,,494,,,,375,,,,,,,,,,,,,,,,,,,,,,,,,,,,,,,,,,,,,,,,,,,,,,,,,,,,,,,,,,,,,76,,37,,290,146,,,,,,321,,,,,44,324,,,,,,,,,,,,,,,,,,,,,,,,,,,,,,,,,,,,,,,,,345,,,,,,,,,,,77,,,,,,,,,,,,,,,,,,,,,,
2026-08-16T05:50:01+00:00,,,,,,,,,,,230,,,,,,,,,,,,,,,,,,,,,,,,,,,,164,,,74,,,,,,,,,342,,,,,,,,,,,,,,,35,,,,,,333,,,,,374,,,,,,,,,,,,,,,,,,,,,,,,,,,,,,,,,,,,,,,,,,,,,,,,389,,,,,,,,,,,,,,,,,,,,,,,,,,,,,,,,,,,,,,,,,,,,,,,,,,,,,,,,,,,,,,,17,,891,,,,,,,,,,,,,,,,,104,,,,,,,,,,,,,,,,,,,,,,,,,,,,21,,,,,,,,,,,,,,,,,,,,,,,,,,,,516,243,,,,,,,,,,,,,340,,,,,,428,,,1359,,,,,,,,,,,,,,,,,,109,,33,,,,449,,,,,309,,,339,,,,,,,,,,,,17,,,,,,,,,,,,287,,,,,,,,,,,,,,,,,,,,,,,,,,,,,,819,,,,,,,,,,,,,,,,,,,,,,,,,,,,,,,,,,,747,,,,,,,,,,,,,,,,,,,,,,,,125,,,,,,,,,,,,77,,,,,,,,,,,,,,,,,,,,,,,,,,,,,,,,,,,,,,,,,,,,,,,,,,,,,470,,,,,,,,,,,,,,,,,,,,,,,,,,,,603,,,,,,,,,,
2026-08-16T05:55:01+00:00,,,,,,,,,,,,,,,,,,,,,,,347,,,,,,,,,63,,,,,,,163,139,,,,,,,,,,,343,,,,,50,,13,,,,,,,,,,,,,,,,,,220,,,,,,,,,,371,172,308,,,,562,,,,474,,214,,,,320,,,,,,,,259,,,,,,,,,,,,,,,,,,,,,,,,,,,,,,,,226,,,,,,,,,,,,,,,,,,,,,,,,,,,,,,,300,385,,596,119,229,,61,,,568,,,,,17,,,,,,,,,,,,,,,,,,,,,,,,,,,,,,,,,,,,,,,,,,,,,,,,,,,,,,,,,,,,,,,,,,,,,,,,,,,,,,,,,,,74,,,,,,,,,,,,,,,,,,,352,,,,,,,,,,,,,178,,40,,,,,,,,,,308,,,,,,,,,,,,,,,,,,,,,,,,,,,286,,,,,,,158,,,,,,,45,207,,,,,,,,,268,,302,,,,815,,143,,,,,,,,,,,,,,,,,,,,,,,,,,,,,,,,,,,,,709,,,265,,,,,,142,123,,,,,,,,,,,,,,,,295,,,,,,,,,,291,145,,,,111,,,,,,,,,,,,,,,,,,,,,,,,,,,,,,,,,,,,,,,,,,,,,,,,,,,,,,,,,207,,,,,,,,,,,,,,,,,,,,,,,,,
2026-08-16T06:00:01+00:00,167,,,,,39,,,,,,,,,,,,,,,,,348,,,,,,,1072,,62,,,,,,,164,,,,,,,,,,,,344,,,,,,,16,,,,,,,,,,,,,,334,,,,,369,229,,,,,,,,,173,,,,217,,,,,,362,215,45,,,323,479,,,,,,,,314,1199,,,,,,,,,269,525,,,,,,,,,302,,,,,539,,,,,,227,,,,,,,,,,,,,,,,,,,,,,,,,,,,,,,,,,,,,,,,,,,,,275,17,,,,,,,,,,,,,,,,,,,106,,,,,126,,,,,,,,,,,,,,,,,,,,,512,,,,,,,,164,,,,,,,,,,55,,,,,,,,,,,,,242,,,,,,,,,,,,,,,,,,,,,,,,,,,,108,,,,,,,,,,,,108,41,32,,,,,,,,,,,,,,,,,,,,,,,,,,,,,,,,,,,,285,,,,,151,,,536,,,,377,,,,,,,,,,,,266,180,301,,107,,,,144,,,311,,,1229,,374,,195,,,,,,,,,,,,,,,,,,,,,,,,,,,,,,,,,,,,,,,,,,,,,,,,,,,,,,414,,259,,,,,,,,,,,,,,,,,,,,,,,,,,,,,,,,,,,,,,,,,,,,,,,,,,,,,,,,,,143,,,,,,,,,,,,,,,,,,,290,,,,,,,,,,,,,,,,,
2026-08-16T06:05:01+00:00,166,,,,,,,,,,,,,,,,,,,,512,,349,,,,,,,1078,,63,,195,,,,,,,,76,,,,,,,,,346,,,,,51,,17,,,,,,,,,,,,,,333,,,,,,,,,,,,,,,,,,,,,,,,,,,,,,,,,,,,,,,,,,,,,,,,,,,,,,,,,,,,,,,,,,,,,,,,,,,,,,,,,,,,,,,,,,,,,,,,,,,,,,387,,587,,,,60,,,567,,,,276,17,,890,,,,,,,,,,,,,,,,,,,,,,,,,,,,,,,,,,,,,,,,,,,,,,49,,,,,,,,,,,,,,,,,,,,,,,,,,,,240,,,,,,401,,,,,,,,,,,,,,,,,,,,354,,106,,,,,,,,,,,,,,,,,,,,,,,310,,,,,,,,,,,,,,,,,,,,,,,,,,,,,,118,,,,,,,,,,178,,,,,,,,266,,,,,,,,149,,,,,,,,,,,,,,,,,,,,,,,,,,,,,,,,,,,,,,,,705,,,,,,,,,,,,,,,,,,,310,,,,307,,,,,709,,,,78,,,,,,,158,,113,,,,,,,,,,,,,,,,,,,,,,,,,,,,,,,,,,,,,,,,,,,,,,,428,,,,,,,,,,,,,76,,,,434,,,,,,,,,,,,,,,,,,
2026-08-16T06:10:01+00:00,165,,,,,38,,,,,,,,,353,,,,,,,,,,,,,,,1080,,,64,,,,,,,140,,74,,,,,,,,,,,,,,53,,16,,,,,,,,36,,,,,,331,,,,221,366,228,,174,,258,,,,,,,445,,,561,,,,,,,,,,,,,,,,,,,,1193,,,,,,,,,267,524,,,,,,,,,301,,,,,540,,,,,,228,,,,,,,,,,289,,,,462,,,,,,,,,,,,,,,,,,,,,,,,,,,,,,,278,17,,889,,,,,,,,,,,,,,,,,105,,,46,,,,,,,,,,,,,,,,,,,,,,,513,,,,,,,,,,,,,,,,,,,,,,,,,,,,,,,,150,,,,,,73,,,,,,,,547,,,,,,,,,,,355,,,,,,,,,,,,,179,107,,,,,,448,,,,,311,,,,,,,,,,,,,,,,,,,,,,,,,,,279,,,,,,,,,,,,,179,,206,,,,,,,,,,,,,,,,,143,,,313,495,,1224,375,375,,,,,,,,,,,,,,,,,,,,,,,,,743,,,,704,,,,,,360,,,,,,,,,,,,,,,,,,,,,413,,,,703,79,178,,,,,,,,,,,,,,,,,,,,,,,,,,,,,,,,,,,,,,,,,,,,,,,,,,,,,,,,,,,,,,,,,,,,,,,,435,,,,,,,,,,,,,,,,,,
2026-08-16T06:15:01+00:00,164,,,,,,,,,,,,,,,,,,,,,,348,,,,,,,1083,,62,,196,,,,,,,,,,,,,,,,,,,,,,,18,17,,,,,92,,,,,,,,,,,,,220,,,,,,,,,,,,305,,,,,,295,,475,,,,,258,,,,,,,,120,258,,,,,,68,,,,,,,,,,,,,,,,,,,,,,,,,,,,,,,,,,,,,,,,,,,,,,,,,,,,,,,,,,,,582,,,,,,,,,188,,279,17,,,,,,,,,,,,,,,,,,,,,,,,,,,,,,,,,,,,,,,,,,,,,,,,,,,,,163,,,,,,,,,,,,,,,,,,,,,,517,,,,,,,399,72,,,,,,,,,,,,,,,,,,,356,,,,,,,,,,,,,177,,,31,,,,449,,,,,312,,,,,,,,,,,,,,,,,,,,,,,,,,,276,,,,,,,,535,,,,,,,,,,,,,,,,265,179,,,,,,,,,,,,,,,,,,,,,,,,,,,,,,,,,,,,,,,,,,,,,,,,,,,,,,,,,,,,,,,,,,,,,,,,,,,,,,,,,,,157,,110,305,,,,,,,,,,,,,,,,,,,,,,,,,,,,,,,,,,,,,,,,,,,471,,,426,,,,,,,,,,,,,,,,,,,,,,,,,,,,,,,,,,,
2026-08-16T06:20:01+00:00,,,,,,,236,,,,,,,,,,,,,,511,,350,,,,,,,1084,,,,,,,,,,,,75,,,,,,,,,,,,,,,,18,,,,,,,,,,,,,,327,,,,,363,230,,175,,,,,,,,,,,,,,,,,,,,,,,,,,,,,,,,,,,,,,,,,266,,,,,,,,,,300,,,,,,,,,,,230,,,,,,,,,,,,,,461,,,,,,,,,,,,,,,,,,,,,,,,,,,,,,,278,17,144,890,,,,,,,,,,127,,,,,,,,,,47,,,,,,,,,,,,,,,,,,,,,,,514,,,,,,,,164,,,,,,,,,,,,,,,,,,,,,,518,239,149,,,,,,,,,,,,,,,,,,,,,1358,,,,,,104,,,,,,,,,,,,108,,,,,,,,,,,313,,,338,,,,,,,,,,,,,,,,,,,,,,,,273,,,,,,,,,425,,,,180,,,,,,,,,,,,,300,,,,,,,,158,,498,,,374,,,,,,,,,,,,,,,,,,,,,,,,,,740,,,,,,,264,,,,,,,,,,,,,,,,,,,,,,,,,,,,702,80,,36,,,,,,,113,,,,,,,,323,,,,,,,,,,,,,,,,,,,,,,,,,,,,,,,,,,,,,,,,62,,,,,,,,,,,,,,,,,,,,,,,,,,,544,,,,,,350,
2026-08-16T06:25:01+00:00,,,,,,,,,,,231,,,,,,,,,,,436,351,,,,,,,1083,,,63,197,,,,,,,,76,,,,,,,,,,,,,,54,,22,,,,,,,,,,,,,,326,,,,,,229,,177,,257,,,,372,169,302,,288,218,560,,,,,363,216,,,,324,,,,77,739,,,257,313,1190,,,,69,,,,,,523,,,388,,,,,,,,,,,,,,,,,,,,,,,,229,,,,,,,,,,,,,,,,,,,,,,,,,390,1284,580,,226,,,,,568,230,,,277,17,143,,,,,,,,,,,,,,,,,,107,,,,,,,,,,,,,,,,,,,,,,,,,,,,,,146,,,,163,,,,,,,,,,56,,,,,,,,,,,,,,,,,,,,,,,,,,,,,,,,,,,,,,,357,,106,,,,,,,,,,,,,,,,,,,,,,,,,,,,,,,,,,,,,,18,,,,,,,,,,,,272,,,,103,,,,536,,,,379,181,,,,,,,,,,,262,,299,,,,814,,,,,,,68,,,,,,,,,,,,,,,,,,,,,,,,,,,,739,,206,,702,,,,,,,,,,,,,,,,,,,,,,,,,,,414,,,,,82,179,,152,,,,,,118,,322,,,,,,,,,,,,,,,,,,,,,,,,,,,,,,,,,,,,,,,,,,,,,,61,347,,,,,,,,208,,174,75,,,,,,,,,,,,,,,545,,,,,,351,
2026-08-16T06:30:02+00:00,,,,152,,37,,,,,,341,,,,,,,,,,,353,,,,,,,,,,,,,,,,,,,77,,,,,,,,,345,,,,,53,,,,,,,,,230,35,,,,,,325,,,,,,,,,,,,,,,,,,,,,,,,,,,,,,,,,,,,,,,,,,,,,,,,,,,,,,,,,,,,,,,,,,,,,,,,,,,,,,,,,,,,,,,,,,,,,,,,,,,,,,,,,,,,,,,,,,,,17,141,,,,,,,,,,,,,,,,,,106,,,,,125,,,,,,,,,,,,,,,,,,,,,,,20,,147,,,,,,,,,,,,,,,,,,,,,,,,,,,,,,,,,,,,,,,,,,,,,,,,,,,,,,,104,,,,,,,,,,,178,,42,,,,,,,,,,310,,,,,,,,,,,,,,,,,,,,,,,,,,,271,,,,,,,,,426,,,,182,,,,,,,,,,,263,,,,105,148,,,142,,157,,499,67,1223,,,,,,,,,,,,,,,,,,,,,,,,,,,,,,,,,,,,,,,,,,,,,,,,,,,,,,,,,,,710,,,703,,,,,,,,,,117,306,,,,,,,,,,72,,,,,,,,,,,,,,,,,,,,,,,,,,,,,,,,,,,,,60,348,,,,,,,,,,,76,,,,,,,,,,,,,,,,,,140,,,,
2026-08-16T06:35:01+00:00,163,,,,,35,,,,,233,,,,,,,,,,,437,,,,49,,,,1086,,61,61,198,,,,,163,,,78,,,,,,,,,,,,,,,17,,,,,,,,228,,,,,,,323,,,117,,366,,,,,,,,,,168,301,,289,,558,,,,478,,215,46,,,326,,,,78,738,,,256,,1187,,,467,,,,,,267,521,,,387,,,,,,,,,,,,,,,,,231,,,,,,,230,,,291,,,,,,,,,,,,,,,,,,,,,,391,,582,,220,,,,,,231,,,,17,,891,,,,,,,,,,,,,,,,,,,,,,126,,,,,,,,,,,,,,,,,,,,,,,,,,,,,,,,,,,,,,,,,,,,,,,,,,,519,,148,,,,,,,,,,,,,,,,,,,,,,,,,,,,,,,,,,,,,,180,,,,,,,,,,,,308,,,,,,,,,,,,,,,17,,,,,,,,,,,,269,,,,,,,,537,,,,,181,,207,,,,,,,,,,,,,,,816,,,,,312,,,1224,,,,,236,,,,,,,,,,,,,,,,,,,,,,736,,,,701,,,,,,361,,,,,,,,,,,,,,124,,,,,,,,711,,,704,,178,,151,292,,134,,,118,307,,,,,,,322,,,71,,,,,,,,,,,,,,,,,,,,,,,,,,,,,,,,,,,,,59,,,,,,,,,,,,,,,,,,,,,,,,,,,,,,,,,,
2026-08-16T06:40:01+00:00,,,,,,,,,,,,340,,,,,,,,,,,354,,,,,,27,,,60,,,,,,,164,,,,,38,,,,,,,,,,,,,18,20,,,,,91,,229,34,,,,,,321,,,116,221,,,,,,,,,,,,,,,,,,,,,,,,,,,,,,,,,,,,,,,,,,,,,,,,,,,,,,,,,,,,,,,,,,,,,,,,,228,,,292,,,,460,,,,,,,,,,,,,,,,,,,,,,,,,,,,,,,278,17,140,,,,,,,,,,,128,,,,,,,104,,,,,,,,,,,,,,,,,,,,,,,,,,,,,,,,,,,,,,,,,,,,,,,,,,,,,,,,,238,147,,,,,398,,,,,,,,403,,,,,,,,1357,,,,356,,,,,,,,,,,,,,,,,,,,,,,,,304,,,,,,,,,,,,,,,,,,,,,,,,,,,,,,,,,,159,,,,34,380,,,,,,,,,265,,,,178,296,,102,,,40,139,52,156,311,500,68,1225,379,376,,,237,,,,,,,,,,,,,,,,,,,,,,730,,,,,,,,,,,,,,,,,,,,,,,,,,,,,,,,710,,190,,84,,,,293,,135,,,,306,324,,,,,,,,,,,,,,,,,,,,,,,,,,,,,,,,,,,,,,,,,,,,,425,,349,,,,,,,,,,175,,,,,,,,,,,,,,,,,,,,,,,
2026-08-16T06:45:02+00:00,,,,,,,,,,,,339,,,,,,,,,,,353,,,48,,,,,,59,60,,,,,,163,139,,81,,,,,,,,,,,,,,,15,21,,,,,,,227,33,,,,,,,,,,223,364,230,235,,,,,,,,169,,443,,219,559,,,,,362,,47,,,,,,,77,,,,254,314,1186,,,,68,118,,,,,,,,386,,,,,,,,,,,541,,,,,,,,,,,,,,,,,,,,,,,,,,,,,,,,,,,,,,393,1283,583,,,,,,268,567,232,,,279,17,141,,,,,,,,,,,,,,,,,,103,,,,,,,,,,,,,,,,,,,,,,,,,,,,,,,,,,,,,,,,,,,,,,,,,,,,,,,,,235,,,,,,400,71,,,,,,,,,,,,,,,,,,,,,,,,,,,,,,,,,107,,,,,,448,,,,,302,,,336,,,,,,,,,,,,18,,,,,,,,,,,,268,,,,,,,,,,,,,,,206,,,,,,,,,264,177,295,,100,147,814,39,,,155,312,,,1224,380,375,,,,,,,,,,,,,,,,,,,,,,,,,729,,,,700,,,265,,,,,,,,,,,,,,,,,,,,306,,,,,,,,,85,179,,,,,,,,119,307,,,,,307,,323,,,70,,,,,,,,,,,,,,,,,,,,,,,,,,,,,,,,,,,,426,,,,,,,,334,,,,,,,,,,291,,,,,,,,,,,,,,,,352,
2026-08-16T06:50:02+00:00,,,,,,33,235,,,,234,338,,,,,,,,,,,,,,52,,,28,1087,,,,199,,,,,162,140,,82,,,,,,,,,346,,,,,,14,22,,,,,,,,,,,,,,322,,,,224,362,,,,220,,,,,373,167,299,,,,,,,,,,,,,,327,477,,,,,,,253,315,1187,,,,,,,,204,265,520,,,383,,,,,,,,,,,,,,,,171,232,,,,,,,227,,,294,,,,,,,,,,,,,,,,,,,,,,,,,,,,,,,,,191,,277,17,140,889,,,,,,,,,,129,,,,,,,102,,,,,,,,,,,51,,,,,,,,,,,,,,,,,,,,,,,,,,,,152,,,,,,,,,,,,,,,,,,,148,,,,,,69,,,,,,,,,,,,,,,1356,,,,,,105,,,,,,,,,,,,,43,,,,,,,,,,300,,,335,,,,,,,,,,,,17,,,,,,,,,,,,270,,,117,,,65,,,,,,,,,,,,,,,,,33,263,,294,,99,,813,38,138,,,311,498,69,1225,,374,,,236,,,,,,,,,,,,,,,,,,,,,,716,,202,,699,,,,,,362,,,,,,,,,,81,,,309,125,,,,,,,,,260,,,83,177,,,,,,,,,,,,,,,,,,,,,,,,,,,,,,,,,,,,,,,,,,,,,,,,,,,,,,,427,,351,,,,,,,,,,,,,,,,,,,,,,,,,,546,,,141,,,,
2026-08-16T06:55:02+00:00,164,,,,,35,,,,,,,,,,,,,,,,435,349,,,51,,,,1088,,,,,,,,36,163,,,,,37,,,,,,,,,,,,,,24,,,,,,,,,,,,,,323,,,,221,,,,,,,,,,,,,,,,,,,,,,,,,,,,,,,,,,,,,,,,,,,,,,,,,,,,,,,,,,,,,,,,,,,,,,,,,,,,,,,,,,,,,,,,,,,,,,,,,,390,1285,584,117,217,,,,,566,,,,278,17,,890,,,,,,,,,,,,,,,,,,,,,,,,,,,,50,,,,,,,,,,,,,,,513,,,,,,,,,,,,,,,,,,55,,,,,,,,,,,,518,234,146,,,428,,,68,,,,,,339,,546,,,,,,,,,,,355,,,,,,,,,,,,,,106,,,,,,,,,,,299,,,336,,,,,,,,,,,,,,,,,,,,,,,,272,,,,,,,,,,,,,,,207,,,,88,,264,,,262,176,293,,95,,811,,136,51,,,496,,1224,382,375,,,234,,,,,,,,,,,,,,,,,,,,,,,,,,,,,,,,,,,,,,,,,,,,,,,,,,,,,,,,191,705,84,,37,,297,147,,,,120,308,325,368,,,,,,,,,,,,,,,,,,,,,,,,,,,,,,,,,,,,,,,,,,,,426,58,,,,,,,,,209,,,75,,,,,292,,,,,,,,,,544,,,,,,,
2026-08-16T07:00:01+00:00,163,,,,,,,,,,,,,,,,,,,,,,,,,49,,,29,,,58,,,,,,35,,141,,83,,,,,,,,,345,,,,,52,,,,,,,,,,34,,,,,,317,,,,220,358,,234,,,256,,,,372,166,300,444,288,220,560,,,,,,212,,,,,,,,75,737,286,,,317,1180,,,,67,,,,,266,,,127,381,,,,,,,,,,,,,,,,,233,,,,,,,226,,,,,662,,461,,,,,,,,,,,,,,,,,,,,,,,,,,,,,,,280,16,,892,,,,,,,,,,,,,,,,,101,,,,,,,,,,,,,,,,,,,,,,,,,,514,,19,,,,,,,,,,,,,,,,51,,,,,,,,,,,,,232,,,,,,,,,,,,,,,545,,,,,,,,,,,356,,,,,,,,,,,,,176,,41,,,,,,,,,,296,,,,,,,,,,,,,,,,,,,,,,,,,,,273,,,,,,,,,425,,,379,180,,,,,,,,262,,32,,,290,,94,,,,,,,,,,,,,,,,,,,,,,,,,,,,,,,,,,,,,711,,,,,,,,,331,,,,141,,,,,,,,,,,,,,305,,,,,,261,,,86,174,,,298,,,,54,,309,324,365,,,,,322,,,69,,,,,,,,,,,,,,,,,,,,,,,,,,,,,,,,,,,,,57,,,,,,,,,210,,,,,,,,,,,,,,,602,,,,,,142,,,,
2026-08-16T07:05:02+00:00,,260,,,655,34,234,307,350,,235,335,,,,,,,,,510,,346,,,,,,28,1087,,,,200,,,,36,,,,,,,,,,,,,348,,,,,53,,31,,,,,171,,224,35,,,,,,315,,,,,,,,,,,,,,,,,,,,,,,,,,,,,,,,,,,,,,,,,,,,,,,,,,,,,,,,,,,,,,,,,,,,,,,,,,,,,,,,,,,,,,,,,,,,,,,,,,,,,,392,1280,575,116,214,,59,,,564,,,,,17,,,,,,,,,,,,,,,,,,,,,,,,,,,,,,49,,,,,,,,,,,,,,,515,,,,,,,,,,,,,,,,,,50,,,,,,,,,,,191,519,,,,,,,,,,,,,,,,,,,,,,,1355,,,,,,107,,,,,,,,,,,171,104,,,,,,,,,,,292,,,332,,,,,,,,,,,,18,,,,,,,,,,,,274,,,116,,,,,,423,,35,,182,,,,,,,,260,,,,,285,,92,,,,134,,153,,,,,381,374,,,236,,,,,,,,,,,,,,,,,,,,,,706,,200,,698,,,,,,,,,,122,,,,,,,,,,,,,,266,,,,709,260,,703,,175,35,150,,,132,,,,311,325,364,,,,,,,,,,,,,,,,,,,,,,,,,,,,,,,,,,,,,,,,,,,,423,,350,,,,,,,,,,,,,,,,,,,,,,,,,,,,,,,,,
2026-08-16T07:10:01+00:00,,263,,,,33,,300,348,,236,334,,,,,,,,,,433,,,,50,,,30,,,,58,202,,,,,162,,,84,,38,,,,,,,350,,,,,54,,32,,,,,169,,223,,,,,,,310,,,,,,226,,176,,,,,,374,164,298,,290,221,561,,,,476,363,,,,259,328,476,,,74,736,,,,316,,,,,,,,950,203,261,518,,,382,,,,,,,,,,,,,,,,,234,,,,,,,,,,295,,661,,462,,,,,,,,,,,,,,,,,,,,,,,,,,,,,192,,282,17,138,893,,,,,,,,,,,,,,,,,99,,,,,,,,,,,,,,,,,,,,,,,,,,,,15,50,,,,,,,,,,149,,,,,,,,,,73,,,,,,,,,,,,,,401,71,,,,,,338,,,,,,,,,,,,,357,,105,,,,,,,,,,,172,,40,,,,,,,,,,288,,,331,,,,,,,,,,,,,,,,,,,,,,,,270,,,,102,,,162,536,424,,,377,181,,205,,,,,,,,,,175,284,,91,,,,132,,,,494,,,379,,103,,233,,,,,,,,,,,,,,,,,,,,,,701,,,,696,,,,,,,,,,,,,,,,,,,,126,,,304,265,,,,,,,701,,,,149,,,,,,,310,,363,,,,,,,,,,,,,,,,,,,,,,,,,,,,,,,,,,,,,,,,,472,,,432,59,,,,,,250,,,,,,,,,,436,293,,,,,,,,,,543,,,,,,,
2026-08-16T07:15:01+00:00,,266,,,654,,232,,350,,,,,,,,,,,,,,,,,,,,,,,59,60,,,,,,160,,,85,,37,,,,,,,352,,,,,52,15,29,,,,,168,,222,,,,,,,312,,,115,,,,,,,,,,,,,,,,,,,,,,,,,,,,,,,,,,,,,,,,,,,,,,,,,,,,,,,,,,,,,,,,,,,,,,,,,,,,,,,,,,,,,,,,,,,,,,,,,,,396,1276,570,,,,58,,267,,231,190,,281,17,136,,,,,,,,,,,128,,,,,,,,,,,,127,,,,,,,,,,,,,,,,,,,,,516,,,,,,,,,,,,,,,,,,,,,,,,,,,,,,518,234,,,253,,,,70,,,346,,,,402,544,,,,,,,1354,,,,358,,104,,,,,,,,,,,,,,,,,,447,,,,,286,,,,,,,,,,,,,,,19,,,,,,,,,,,,266,112,,,101,,,164,,423,,36,,,46,204,,,,,,259,,,,174,282,,89,,,37,133,,154,310,491,,1223,378,,,,,,,,,,,,,,,,,,,,,,,,,,697,,,,,,273,,,,,,,,,,,,,,,,,,,,,,,,,,,259,190,700,88,,34,,299,146,,,,122,,,362,,,305,,,,255,68,,,,,,,,,,,,,,,,,,,,,,,,,,,,,,,,,,,,429,,348,,,,,251,,,211,,,77,,,,438,294,,,,,,,601,,,,,207,,,,,
2026-08-16T07:20:01+00:00,,267,,,652,31,230,298,349,,,333,,,,,,,,,,434,348,,,,,,,1088,,60,,,,,,,,,,,,,,,,,,,353,,,,,,,28,,,,,,,,,,,,,,308,,,116,218,361,224,233,,,255,,,,375,,297,445,,223,,,296,,,,,48,,258,329,478,,,,737,,,,314,1176,,,,65,,,951,204,257,517,,,381,,,,,,298,,,,,,,,,,,,,,,,,,,,,,,,,460,,,,,,,,,,,,,,,,,,,,,,,,,,,,,,,,17,132,890,,,,,,,,,,127,,,,,,,100,,,46,,,,,,,,,,,,,,,,,,,,,,,519,,14,,148,,,,162,,,,,,,,,,49,,,,,,,,,,,,,233,,,,,,,68,,,,,667,,,,,,,429,,,1356,,,,,,,,,,,,,,,,,174,106,39,,,,,,,,,,280,,,334,,,,,,,,,,,,20,,,,,,,,,,,,265,,,,,,,,,421,,,376,180,,,,,,,,258,,,,173,274,,85,,,36,,50,155,314,494,,1222,379,375,,,235,,,,,,,,,,,,,,,,,,,,,,691,,199,,,,,,,,,,,,,,,,,,,,,,,,,303,264,,,413,710,258,189,695,89,176,36,148,300,,,,,116,309,326,,241,,301,,,,,,,,,,,,,,,,,,,,,,,,,,,,,,,,,,,,,,473,,,,61,346,,,,,,,,212,,,,,,,437,,,,,,,,600,,,542,,,,,,,
2026-08-16T07:25:02+00:00,,268,,,649,30,229,,348,,,332,,,,,,,,,,,355,,,49,,,,1087,,,61,204,,,,,,140,,86,,36,,,,,,,,,,,,,,31,,,,,,,223,,,,97,,,311,,,117,,362,,297,177,,,,,,,163,,,,225,560,,,,,,210,,,,331,,,787,,,,,252,,1177,,,,,,,,,254,514,,,378,,,,,,297,,,,,,,,,,,,,,,,,,224,,,296,,660,,457,,,,,,,,,,,,,,,,,,,,563,,213,,,,268,563,229,189,,287,17,129,,,,,,,,,80,,128,,,,,,,99,,,47,,,,,,,,48,,,,,,,,,,,,,,,520,,,,,,,,161,,,,,146,,,,,48,,,,,74,,,,,,,,234,,,,,,400,,,,,,,,,543,,,,,,,,,,,,,103,,,,,,,,,,,,104,37,,,,,,,,,,272,,,333,,,,,,,,,,,,21,,,,,,,,,,,,267,111,48,,99,,,165,533,420,,,,,,,,,,89,,255,,31,,170,267,,83,,,,131,,156,,493,,,,377,,,,,,,,,,,,,,,,,,,,,,,,,688,,198,,,,,,,332,,,,,,,,,,,,,,,127,,,300,263,,,412,705,257,,694,91,174,,,,,,,,,,,,,,,,,,,,,,,,,,,,,,,,,,,,,,,,,,,,,,,,,,,,,,,430,60,347,,,,,252,,,,,,,,,,438,,,,,,,,,,,,,,143,,,,
2026-08-16T07:30:02+00:00,165,270,,,648,,,297,,,,331,,,,,,,,,509,,356,,,48,,,32,,,,62,203,,,,,,,,87,,,,,,,,,,,,,,53,16,33,,181,,,167,86,,,,,,,,,,,,217,,,,,,,,,,,,,,,,,,,,,,,,,,,,,,,,,,,,,,,,,,,,,,,,,,,,,,,,,,,,,,,,,,,,,,,,,,,,,,,,,,,,,,,,,,,,,,,,,,,,,,,,,,,,,188,,288,17,126,888,,,,,,,,,,,,,,,,,,,,48,,,,,,,,,,,,,,,,,,,,,,,523,,12,,,,,,164,,,,,,,,,,46,,,,,,,,,,,,,233,145,,,,,,66,,,,,,,403,544,,,,,,,,,,,,,102,,,,,,,,,,,172,,,,,,,446,,,,,265,,,331,,,,,,,,,,,,20,,,,,,,,,,,,,,,115,96,,,166,,417,,,377,182,,203,,,,,,253,,30,,,266,,81,,,35,128,48,,312,494,67,1221,378,,105,,232,,,,,,,,,,,,,,,,,,,,,,,,,,,,,,,,,,,,,,,,,,,,,,,,,,,,,,,256,188,689,93,173,,,,,,,,,,,,,,,,,,,,,,,,,,,,,,,,,,,,,,,,,,,,,,,,,,,,,,,,65,348,,,,,,,,213,,,,,,,,293,,,,,,,,,,541,,,142,,,,
2026-08-16T07:35:01+00:00,164,,,151,646,31,225,296,,,,330,,,354,,,,,,,,358,,,49,,,,,,63,,205,,,,,,138,,,,37,,,,,,,,,,,,52,,38,,,,,164,,222,37,,,,,,313,,,118,216,353,227,,178,,254,,,,374,,295,,,226,562,76,,,475,,,,,259,332,476,,785,72,,,,251,,1175,,,,63,,,950,,251,,,126,374,,,,,,293,,,,,,,,,,,233,,,,,,,,,,,,661,,454,,,,,,,,,,,,,,,,,,399,,570,,211,,,,267,562,227,,,281,17,,887,,,,,,,,,,,,,,,,,98,,,47,,,,,,,,,,,,,,,,,,,,,,,,,11,,,,,,165,,,,,145,,,,,,,,,,,,,,,,,,,147,,252,,,,62,,,,,,,,,,,,428,,,,,,,,,101,,,,,,,,,,,168,108,36,,,,,447,,,,,256,,,332,,,,,,,,,,,,,,,,,,,,,,,,268,,,,,,66,,,416,,35,378,,,202,,,,88,,249,,,,,261,,79,,810,32,,,,,,,,,,,,,,,,,,,,,,,,,,,,,,,,,,687,,197,,695,,,,,,,,,,,,,,,,82,,,,,,,,262,,293,411,699,257,186,684,96,170,37,147,304,144,133,,53,124,,327,360,,,299,,,,,67,,,,,,,,,,,,,,,,,,,,,,,,,,,,,,,,,,146,,428,64,,,,566,,,,,214,,176,,,,,439,,,,,,,,,,,540,,,141,,,353,
2026-08-16T07:40:01+00:00,163,273,,153,644,32,222,294,,,,329,,,,,,,,,,432,357,,,50,,,33,1090,,,61,207,,,,,,,,,,36,,,,,,,,,,,,,,44,,,,,,,,,,,,,,312,,,,214,,,,,,,,,,375,131,294,,,227,,75,295,,,,208,,119,,,475,,782,71,,,,249,313,1169,,,,66,,,,,,,,,,,,,,,,,,,,,,,,,,,,,,,,,,,,,,,,,,,,,,,,,,,,,,,,,,,,,,,,,,,,,187,,284,17,,882,,,,,,,,79,,127,,,,,,,97,,,48,,126,,,,,,47,,,,,,,,,,,,,,,,,,,,,,,,,,,,144,,,,,,,,,,,,,,,,,517,232,,,,,,,61,,,,,668,,,545,,,,429,87,,,,,,357,,,,,,,,,,,,,167,,35,,,,,446,,,,,251,,,331,,,,,,,,,,,,21,,,,,,,,,,,,,,,116,95,,67,,534,415,,,377,,,,,,,,,246,,,,168,259,,77,,,,129,,,,491,,,379,378,106,,,,,,,,,,,,,,,,,,,,,,,,680,84,196,,689,,,263,,331,,,,,,,,,,,,,,,128,,,297,261,,,410,698,259,187,677,98,165,39,,305,143,,158,,120,308,,359,239,,295,,321,,256,66,,,,,,,,,,,,,,,,,,,,,,,,,,,,,,,,,475,,,430,,349,,,565,,,,,,,177,76,,,,,294,,,,,,,599,,,538,,,143,,,,
2026-08-16T07:45:01+00:00,162,275,,155,643,33,221,288,349,,,330,,,,,,,,,,,352,,,47,,,35,1089,,,,208,,,,,158,139,,88,,,,,,,,,,,,,,,,47,,,,,160,,221,,,,98,,,314,,,120,213,,228,295,177,,253,,,,,,,,,,,,,,,,,,,,,,,,,,,,,,,,,,,,,,,245,512,,125,372,,,,,,290,,,,,542,,,,,,234,,,,,,,,,,294,,662,,450,,,,,,,,,,,,,,,,,,403,1271,573,114,210,251,,,265,,226,,,286,17,124,879,,,,,,,,,,129,,,,,,,96,,,,,124,,,,,,45,,,,,,,,,,,,,,,,,,51,,,,,164,,,,,,,,,,45,,,,,,,,,,,,516,231,148,,,,,,58,,,,,,,,546,,,,,,,1355,,,,356,,102,,,,,,,,,,,,,34,,,,,445,,,,,247,,,329,,,,,,,,,,,,22,,,,,,,,,,,,,,,,96,,,,,413,,,378,185,,203,,,,,,245,,,,,,,75,148,,31,128,,155,310,492,66,,380,380,107,,,,,,,,,,,,,,,,,,,,,,,,,,,,,,,,,,,,,,,,,,,,,,,,,,,,,,,,697,,,673,101,164,41,,,,130,,,,,328,357,238,,294,,320,,,,,,,,,,,,,,,,,,,,,,,,,,,,,,,,,,,,,,,,63,350,,,564,,,,,215,,,77,,,,440,295,,,,,,,,,,537,,,144,,,,
2026-08-16T07:50:01+00:00,160,276,,,,,217,286,,,,,,,,,,,,,,430,,,,,,,,,,,,,,,,,,,,,,,,,,,,,,,,,,,,,,,,,,,,,,,,,,,,,,,,,,,,,,,,,,,,,,,,,,,,,,,,,,,,,,,,,,,,,,,,,,,,,,,,,,,,,,,,,,,,,,,,,,,,,,,,,,,,,,,,,,,,,,,,,,,,,,,,,,,,,,,,,,,,,,,,,,,,,,,,,,,,,,,,,,,,,,,,,,,,,,,,,,,,,,,,,,,,,,,,,,,,,,,,,,,,,,,,,,,,,,,,,,,,,,,,,,,,,,,,401,547,136,,,430,,,,,,,,,,,,,,,,,,,,,,,,,,,,,,,,,,,,,,,,,,,,,,,,,,,,,,,,,,,,,,,,,,,,,,,,,,,,,,,,,,,,,,,,,,,,,,,,,,,,,,,,,,,,,,,,,,,,,,,,,,,,670,83,193,,685,,,,,329,363,,,,,,,,,,83,,,,129,,,295,258,,292,,,,,,,,,,,,,,,,,,,,,,,,,,,,,,,,,,,,,,,,,,,,,,,,,,,,,,,,,,,,,,,,,,,,,,,,,,,,,,,,,,,,,,,,,,,,,,,,,
2026-08-16T07:50:02+00:00,,,,,,,,,,,,,,,,,,,,,,,351,,,44,,,36,1092,,65,,,,,,,,,,89,,37,,,,,,,350,,,,,51,,46,,,,,159,,,39,,,99,,,312,,,121,218,,,,,,,,,,376,130,296,,,,,,292,,497,361,209,,118,258,,474,,780,,,287,,,315,1166,,,,,,,,,,,,,,,,,,,,,,,,,,,,,,,,,,,,,,,,,,,,,,,,,,,,,,,,,,,,,,,,,,,,,,,,,184,,287,17,121,880,,,,,,,,76,,,,,,,,,94,,,,,123,,,,,,,,,,,,,,,,,,,,,,,10,,,,,,165,,,,,,,,,,46,,,,,,,,,,,,,230,,,251,,,,56,,,,,,,,,,,,,,,,,,,357,,101,,,,,,,,,,,166,106,,30,,,,,,,,,231,,,325,,,,,,,,,,,,,,,,,,,,,,,,272,,,115,94,,,168,533,411,,36,379,189,,204,,,,,,244,,,,,257,,,,,,,,154,,490,65,1222,373,379,,,231,,,,,,,,,,,,,,,,,,,,,,,,,,,,,,,,,,,,,,,,,,,,,,,,,,,,,409,695,,184,669,102,163,,,,,,,,,,,,,,,,,,,,,,,,,,,,,,,,,,,,,,,,,,,,,,,,,,,,,,,431,64,,,,566,,,,,,,,,,,,443,,,,,,,,,,,,,,,,,,
2026-08-16T07:55:01+00:00,161,279,,,640,31,208,285,347,,237,,,,,,,,,,,428,353,,,,,,37,1095,,61,59,209,,,,,156,140,,91,,35,,,,,,,352,52,,,,,15,,,,,,156,,,40,,,100,,,310,,,,220,355,225,,181,,251,,,,,129,295,,288,,,,,,,360,206,,,,,472,169,778,68,,,,248,,1164,,,,65,,,946,,236,,,126,371,,,,,,289,,,,,543,,,,,,,,,,,,,216,,,291,,664,,444,,156,,,,,,,,,,,,,,,,408,,562,,208,,56,,,,,182,,282,17,120,878,,,,,,,,78,,127,,,,,,,,,,,,,,,,,,42,,,,,,,,,,,,,,,,,,,,,,,164,,,,,,,,,,48,,,,,,,,,,,,515,231,147,,,,,399,52,,,,,,,,,137,,,,,,1356,,,,355,,,,,,,,,,,,,164,104,,,,,,444,,,,,227,,,324,,,,,,,,,,,,23,,,,,,,,,,,,271,,,113,93,,68,170,532,,,,380,190,,,,,,,,245,,29,,166,256,,73,,,30,127,47,153,309,489,66,1221,372,380,,194,232,,,,,,,,,,,,,,,,,,,,,,,,,,,,,,,,,,,,,,,,,,,,,,,,,,,,,408,694,258,183,665,106,161,40,,308,,129,,,,301,322,355,235,,292,,321,,,62,,,,,,,,,,,,,,,,,,,,,,,,,,,,,,,,,,,,,,347,,,565,,,,,216,,,78,,,,444,296,,,,,,,,,,,,208,145,,,354,
2026-08-16T08:00:01+00:00,,281,,,638,30,201,283,,,,328,,,,,,,,,,427,350,,,43,,,,1098,,,56,214,,,,,,139,,93,,,,,,,,,353,,,,,50,,43,,,,,155,,222,,,,,,,,,,,221,353,224,,185,219,247,,,,,,,,,,,,,,,,,,,,,,,,,,,,,,,,,,,,,,,,,,,,,,,,,,,,,,,,,,,,,,,,,,,217,,,,,,,438,,155,,,,,,,,,,,,,,,,,,,,,,,,,,,184,,281,17,,873,,,,,,,,77,,126,,,,,,,,,,,,122,,,,,,38,,,,,,,,,,,,,,,,,9,,,,,,163,,,,,,,,,,,,,,,,,,,,,,,,145,,250,427,,,50,,,344,,,,398,548,,,,429,,,1354,,,,354,,,,,,,,,,,,,157,103,33,28,,,,442,,,,,218,,,325,,,,,,,,,,,,,,,,,,,,,,,,270,,,111,91,,,172,530,409,,37,381,191,,,,,,89,,242,,30,,161,248,,69,147,,,126,45,149,,487,,,369,,106,,229,,,,,,,,,,,,,,,,,,,,,,663,82,192,,676,,,,,330,364,,,,,,,,,,81,,,,128,,,293,253,,,,691,257,180,662,109,158,41,148,,,125,159,,,291,321,349,236,,288,,322,,,59,,,,,,,,,,,,,,,,,,,,,,,,,,,,,,,,,,,,432,,346,,,,,,,,,,178,,73,,,443,,,,,,,,597,,,536,,,146,,,,
2026-08-16T08:05:01+00:00,159,282,,,634,29,,281,346,,,325,,,,,,,,,510,425,345,,,42,,,,1099,,,58,216,,,,,,,,95,,34,,,,,,,355,,,,,,,42,,,,,,,221,39,,,101,,,,,,123,218,,,,,,,,,,,123,292,,,,561,74,291,,495,359,204,,,257,333,473,,769,,,,,246,313,1167,,,,63,,,942,,232,511,,,369,,,,,,285,,,,,,,,,,,,,,,,,,,,,,,,,,,,,,,,,,,,,,,,,,,413,1266,563,113,205,248,57,,264,560,224,,,,17,,868,,,,,,,,,,128,,,,,,,95,,,,,,,,,,,37,,,,,,,,,,,,,,,,,10,,,,,,162,,,,,,,,,,,,,,,,,,,,,,516,,,270,249,425,,,46,,,345,,,,396,,,,,425,,,,,,,355,,102,,,,,,,,,,,153,101,35,29,,,,444,,,,,214,,,323,,,,,,,,,,,,,,,,,,,,,,,,269,,,,92,,69,175,528,405,,,379,193,,,,,,,,237,,,,162,249,,68,,,29,127,,150,305,479,,,367,381,,,,,,,,,,,,,,,,,,,,,,,,,661,,189,,665,,,,,,,,,138,,,,,,,79,,,308,,,,290,248,,290,407,690,,179,661,112,,,,309,,,,52,121,288,323,348,235,,285,,,,,,,,,,,,,,,,,,,,,,,,,,,,,,,,,,,,,,,,,431,,347,,,,,,333,,,,,81,75,,195,444,295,,,,,,,596,,,533,,,,,,,
2026-08-16T08:10:01+00:00,,287,,,,30,197,277,,,,326,,,353,,,,,,,424,342,,,37,,,39,1101,,58,,,,,,,,138,,94,,,,,,,,,358,51,,,,51,,48,,,,,153,,,38,,,103,,,309,,,124,219,349,223,,186,,244,,,,,,,,,,,,,,,,,,,,,,,,,,,,,,,,,,,,,941,205,230,510,,,365,,,,,,279,,,,,544,,,,,173,236,,,,,,,218,,,292,,666,,434,,,,,,,,,,,,,,,,,,,,,,,,,,,,,179,,282,17,,864,,,,,,,,,,,,,,,,,,,,,,,,,,,,,,,,,,,,,,,,,,,,,12,,,,,,160,,,,,,,,,,47,,,,,,,,,,,,517,230,,,,424,,398,45,,304,342,,,,394,547,,,,,91,,,,,,352,,103,,,,,,,,,,,151,102,33,30,,,,446,,,,,203,,,,,,,,,,,,,,,21,,,,,,,,,,,,266,,,112,89,,68,177,527,403,,38,,196,,,,,19,,,234,,,263,,240,,58,144,808,23,128,44,,,,,,,,,,,,,,,,,,,,,,,,,,,,,,,,655,,184,,650,,,,,331,365,,,136,124,,,,,,80,,,307,,,,286,,,,,,,,,,,,,,,,,,,,,,,,,,,,,,,,,,,,,,,,,,,,,,,,,,,,,,,,,,,,,,,,142,433,,346,,,563,,,334,,,,,80,,,194,446,294,,,,,,,595,,,532,,209,,,,,
2026-08-16T08:10:02+00:00,,,,,,,,,,,,,,,,,,,,,,,,,,,,,,,,,,,,,,,,,,,,,,,,,,,,,,,,,,,,,,,,,,,,,,,,,,,,,,,,,,,,,,,,,,,,,,,,,,,,,,,,,,,,,,,,,,,,,,,,,,,,,,,,,,,,,,,,,,,,,,,,,,,,,,,,,,,,,,,,,,,,,,,,,,,,,,,,,,,,,,,,,,,,,,,,,,,,,,,,131,,,,,,,98,,,,,121,,,,,,36,,,,,,,,,,,,,,,,,,,,,,,,,,,,,,,,,,,,,,,,,,,,,,,,,,,,,,,,,,,,,,,,,,,,,,,,,,,,,,,,,,,,,,,,,,,,,,,,,,,,,,,,,,,,,,,,,,,,,,,,,,,,,,,,,,,,,,,,,,,,,,,,,,,,,,,,,,,,,,147,304,474,65,,365,380,,,223,,,,,,,,,,,,,,,,,,,,,,,,,,,,,,,,,,,,,,,,,,,,,,,,,,,,,,689,,,657,113,152,,,,,,,,,,,,,,,,,,,,,,,,,,,,,,,,,,,,,,,,,,,,,,,,,,,,,,,,,,,,,,,,,,,,,,,,,,,,,,,,,,,,,,,,,,
2026-08-16T08:15:01+00:00,,,,,631,31,194,276,345,,238,321,,,,,,,,,,,343,,,38,,,40,1102,,57,57,218,,,,,157,,,95,,,,,,,,,,50,,,,49,,53,,,,,156,,,41,,,107,,,,,,125,221,,,,,,,,,,,121,291,444,,228,559,72,287,,,357,200,,,252,332,471,,759,,,285,,244,314,1162,,,,,,,,,,,,,,,,,,,,,,,,,,,,,,,,,,,,,,,,,,,,,,,,,,,,,,,,,,,,,,418,,553,114,,246,58,,265,,,180,,281,17,,862,,,,,,,,,,130,,,,,,,100,,,,,,,,,,,,,,,,,,,,,,,,,,,,11,,,,,,161,,,,,,,,,,45,,,,,,,,,,,,515,229,144,,248,422,,,42,,305,,,,337,,546,138,,,424,90,,1353,,,,,,104,,,,,,,,,,,146,,32,29,,,,447,,,,,200,,,,,,,,,,,,,,,18,,,,,,,,,,,,263,,,,88,,,182,,402,,39,,197,,,,,,,,235,,,,,236,,55,,,22,130,42,143,302,476,66,1220,359,,108,195,220,,,,,,,,,,,,,,,,,,,,,,,,,,,,,,,,,,,,,,,,,,,,,,,,,,,,,,684,256,177,,115,148,39,146,311,,124,,,124,285,325,346,233,,281,,321,,255,58,,,,,,,,,,,,,,,,,,,,,,,,,,,,,,,,,,,,,,347,,,,,,,,,,,81,,,,447,,,,,,,,596,,,528,,,145,,,,
2026-08-16T08:20:01+00:00,160,294,,,626,,190,274,347,,239,319,,,,,,,,,,,338,,,39,,,,1109,,56,,219,,,,,156,,,96,,,,,,,,,359,,,,,50,,51,,,,,157,,220,42,,,108,,,304,,,126,217,345,219,,,218,239,,,,,,,,,,,,,,,,,,,,,,,,,,,,,,,,,,,117,,,,220,512,,,360,,,,,,277,,,,,543,,,,,,239,,,,,,,217,,,291,,665,,429,,154,,,,,,,,,,,,,,,,,,,,,,,,,,,181,,278,17,,,,,,,,,,,,133,,,,,,,,,,,,120,,,,,,35,,,,,,,,,296,,,,,,,,,52,,,,,,,,,,145,,,,,,,,,,,,,,,,189,514,,142,,246,,,397,41,,,341,,,335,393,545,139,,,423,,,1349,,,,349,,105,,,,,,,,,,,145,101,,28,,,,448,,,,,194,,,318,,,,,,,,,,,,19,,,,,,,,,,,,258,,,,87,,,185,,403,,,380,196,45,,,,,,,,,,,164,235,,53,143,,21,,41,142,,,,,355,378,,,214,,,,,,,,,,,,,,,,,,,,,,647,,181,,645,,272,,,,,,,135,125,,,,,,,,,305,131,,,282,247,,,405,683,255,175,655,117,,37,,313,142,,158,50,123,286,327,344,230,,275,,319,,,56,,,,,,,,,,,,,,,,,,,,,,,,,,,,,,,,,476,,,,63,348,,,562,,251,,,215,,,83,,,,449,292,,,,,,,,,,530,,210,146,,,353,
2026-08-16T08:25:01+00:00,161,,,,624,34,189,275,344,,,317,,,354,,,,,,,423,340,,,,,,,1118,,59,58,220,,,,,154,,,97,,,,,,,,,,,,,,,,54,,,,,,,219,,,,,,,305,,,129,218,344,217,294,187,,238,,,,,,287,443,,231,557,68,284,,,,194,47,,250,334,470,,751,67,735,,,241,310,1157,,,466,60,,,937,,219,,,127,358,,,,,,275,,,,,,,,,,,,,,,,,,,,,,,664,,420,,,,,,,,,,,,,,,,,,426,1262,546,,202,245,57,,264,559,223,179,,281,17,,854,,,,,,,,,,130,,,,,,,,,,47,,121,,,,,,33,,,,,,,,,292,,,,,,,,10,51,,,,,158,,,,,,,,,,44,,,,,,,,,,,,,,141,269,,,,394,38,,,339,,669,,392,544,,,233,,,,,,,,342,,102,,,,,,,,,,,147,,33,,,,,447,,,,,183,,,316,,,,,,,,,,,,,,,,,,,,,,,,253,,,,,,,187,525,401,,40,,201,,203,,,,,190,234,,,,165,227,,52,142,809,20,,42,,300,,,1217,,,,,,,,,,,,,,,,,,,,,,,,,,,642,,179,,638,,,,,,,,,,,,,,,,79,,,,133,,,280,245,,,404,681,,172,652,121,,36,144,,143,,,,125,280,330,343,229,,273,,318,,256,55,,,,,,,,,,,,,,,,,,,,,,,,,,,,,,,,,,,,,62,349,,,,,252,,,,,,,,,,450,,,,,,,,595,,,529,,211,,,,,
2026-08-16T08:30:01+00:00,,293,,,620,35,185,269,342,,241,315,,,,,,,,,,421,344,,,33,,,39,1120,,61,59,219,,,,,,,,,,,,,,,,,360,49,,,,,,55,,,,,,,217,43,,,107,,,299,,,132,222,,,,,,,,,,375,,278,,285,230,556,66,282,,493,,189,49,,249,,466,170,742,69,734,284,,237,,1158,,,,59,,,,,,,,,,,,,,,,,,,,,,,,,,,,,,,,,,,,,,,,,,,,,,,,,,,,,,,,,,,,,,,,,,,,,177,,,17,118,853,,,,,,,,78,,132,,,,,,,102,,,48,,122,,,,,,34,,,,,,,,,275,,,,,,,,11,47,,,,,,,,,,,,,,,45,,,,,73,,,,,,,,228,140,,,,,393,37,,,337,,,,391,,,,,,,,1348,,,,339,,,,,,,,,,,,,144,102,34,27,,,,,,,,,179,,,313,,,,,,,,,,,,20,,,,,,,,,,,,246,,,,,,69,,524,397,,,,,,202,,,,,,237,,,,166,225,,51,,808,,128,,141,302,470,,1216,354,379,,,208,,,,,,,,,,,,,,,,,,,,,,634,,177,,632,,,262,,330,,,,133,,,,,,,,,,,134,,,277,242,,,401,,,170,650,122,147,35,146,312,,,,,124,281,,,,,271,,,,,,,,,,,,,,,,,,,,,,,,,,,,,,,,,,,,,,,,,434,61,350,,,,,,335,,214,,,,,,,451,293,,,,,,,596,,,,,,,,,352,
2026-08-16T08:35:01+00:00,162,294,,,616,32,,265,339,,242,314,,,,,,,,,,419,349,,,32,,,38,1122,,59,,,,,,,155,136,,98,,33,,,,,,,363,50,,,,51,,62,,180,,,151,,213,,,,108,,,297,,,135,223,336,,295,185,,221,,,,,,,,,,,,,,,,,,,,,,,,,,,,,,,,,,,,,932,204,210,516,,125,352,,,,,,265,,,,,,,,,,,,,,,,,,213,,,,,668,,414,,,,,,,,,,,,,,,,,,432,,543,113,201,242,,,261,556,220,,,282,17,115,849,,,,,,,,79,,,,,,,,,,,,,,121,,,,,,,,,,,,,,,274,,,,,,,,,,,,,,,,,,,146,,,,,42,,,,,,,,,,,,513,227,139,,,,,389,35,,303,336,,,,393,543,,,,,89,,1347,,,,333,,,,,,,,,,,,,145,101,31,,,,,446,,,,,170,,,307,,,,,,,,,,,,19,,,,,,,,,,,,243,,,,85,,68,189,522,,,,,202,,199,,,,,,,,,,165,,,50,139,807,19,126,41,139,301,468,,1214,348,376,106,,203,,,,,,,,,,,,,,,,,,,,,,632,,178,,620,,,,,329,,,,,126,,,,,,78,,,,135,,,,240,,291,399,676,256,168,647,125,146,31,,,142,123,,51,125,279,329,342,228,,263,,317,,,53,,,,,,,,,,,,,,,,,,,,,,,,,,,,,,,,,,,143,431,,351,,,,,,,,,,,84,,,,,,,,,,,,,,,528,,210,143,,,350,
2026-08-16T08:40:02+00:00,,296,,,,34,187,263,338,,,316,,,,,,,,,,418,,,,28,,,,1124,,60,56,,,,,,157,131,,100,,31,,,,,,,,49,,,,,,63,,,,,150,,212,44,,,,,,294,,,134,,,,,,,,,,,,118,275,,282,,557,65,280,,,,185,,,,335,465,,739,,731,,,238,311,1157,,,,58,,,,,207,,,,351,,,,,,262,,,,,,,,,,,241,,,,,,,208,,,293,,666,,408,,,,,,,,,,,,,,,,,,,,,,,,,,,,,178,,,17,,843,,,,,,,,80,,134,,,,,,,99,,,47,,,,,,,,,,,,,,,,,271,,,,,,,,12,46,,,,,157,,,,,145,,,,,45,,,,,,,,,,,,,,,,,,,387,33,,304,337,,,334,394,545,,,,425,,,1346,,,,326,,,,,,,,,,,,,142,102,33,,,,,448,,,,,164,,,309,,,,,,,,,,,,18,,,,,,,,,,,,241,,47,,,,70,194,,398,,,,,,,,,,,,236,,,,,228,,51,,806,18,,,135,300,464,,1213,343,,108,,201,,,,,,,,,,,,,,,,,,,,,,628,,175,,601,,271,,,,366,,,132,125,,,,,,79,,,304,138,,,278,,,,398,674,254,165,644,123,150,29,143,313,,,,52,127,280,,343,,,260,,319,,255,51,,,,,,,,,,,,,,,,,,,,,,,,,,,,,,,,,,,142,432,59,352,,,563,,251,,,213,,177,,,,195,454,294,,,,,,,593,,,,,211,144,,,351,
2026-08-16T08:45:01+00:00,,300,,,609,35,186,261,,,,315,,,,,,,,,,,350,,,29,,,,1123,,59,55,221,,,,,156,129,,101,,32,,,,,,,364,48,,,,50,,61,,,,,,87,,45,,,,,,299,,,,222,331,,294,187,,216,,,,373,112,,441,279,,555,66,277,,487,358,179,48,,,336,462,171,733,68,729,283,,234,309,1155,,,,54,,,,,,,,,,,,,,,,,,,,,,,,,,,,,,,,,,,,,,,,,,,,,,,,,,,,,,,,,,435,,540,114,202,240,,,258,553,,172,,279,17,109,841,,,,,,,,,,137,,,,,,,96,,,,,,,,,,,33,,,,,,,,,264,,,,,,,,11,,,,,,156,,,,,143,,,,,44,,,,,,,,,,,,515,,138,,,,,382,28,,303,336,,,,395,544,,,,426,,,,,,,322,,101,,,,,,,,,,,145,100,30,26,,,,450,,,,,166,,,,,,,,,,,,,,,19,,,,,,,,,,,,242,,,111,,,,199,520,397,,,377,205,,200,,,,,189,234,,,,163,225,,49,138,804,,,43,133,,458,,1211,334,374,,,199,,,,,,,,,,,,,,,,,,,,,,,,,,,,,,,,,,,,,,,,,,,,,,,,,,,,,394,673,252,163,,124,149,30,142,,140,,,,130,279,328,,227,,257,,320,,,,,,,,,,,,,,,,,,,,,,,,,,,,,,,,,,,,,,141,428,57,349,,,562,,,,,214,,,86,,,,455,295,,,,,,,588,,,526,,213,145,,,352,
2026-08-16T08:50:01+00:00,161,301,,156,607,39,183,259,339,,243,314,,,,,,,,,,419,353,,,25,,,,,,,53,225,,,,,157,,,106,,34,,,,,,,365,,,,,,,62,,,,,149,,205,,,,109,,,302,,,135,,,,,,,,,,,372,111,,442,278,,554,65,,212,,357,177,,,,335,459,,728,67,,,,235,307,1154,,,467,53,,,933,205,196,517,,124,343,,,,,,254,,,,,545,,,,,174,,,,,,,,213,,,294,,,,402,,153,,,,,,,,,,,,,,,,,,,,,,,,,,,170,,276,17,107,840,,,,,,,,79,,138,,,,,,,95,,,,,,,,,,,,,,,,,,,,260,,,,,,,,,,,,,,157,,,,,144,,,,,43,,,,,74,,,,,,,,224,,,245,421,,381,26,,304,335,,,333,,,,,,,87,,1345,,,,319,,,,,,,,,,,,,,102,,25,,,,449,,,,,160,,,,,,,,,,,,,,,18,,,,,,,,,,,,245,,46,113,,,,205,519,,,,,206,,,,,,,185,,,,,162,220,,50,,,,124,44,,,,,,,,,,,,,,,,,,,,,,,,,,,,,,,,620,,174,,586,,,261,,,,,,133,,,,,,,78,,,,139,,,,,,,388,666,,161,645,127,147,26,140,,,,159,51,127,,324,342,225,,256,,,,,50,,,,,,,,,,,,,,,,,,,,,,,,,,,,,,,,,,,,425,50,350,,,,,,336,,217,,,,,,,456,,,,,,,,,,,524,,214,150,,,350,
2026-08-16T08:55:02+00:00,158,298,,,605,41,185,257,341,,,,,,352,,,,,,509,418,348,,,23,,,,1122,,56,52,221,,,,,155,128,,109,,,,,,,,,,,,,,47,,64,,,,,148,,198,47,,,108,,,301,,,136,229,324,215,293,,,218,,,,,,,,,,,,,,,,,,,,,,,,,,,,,,,,,,,,,,,,,,,,,,,,,,,,,,,,,,,,,,,,,,,,,,,,,,,,,,,,,,,,,,,,,,,,437,,541,,,234,,268,255,554,218,,,272,17,105,,,,,,,,,,,139,,,,,,,92,,,,,119,,,,,,,,,,,,,,,256,,,,,,,,13,45,,,,,,,,,,145,,,,,,,,,,73,,,,,,,514,226,139,,244,420,,384,21,,,332,,,,394,542,,,,429,,,1343,,,,314,,96,,,,,,,,,,,142,101,28,23,,,,450,,,,,152,,,306,,,,,,,,,,,,,,,,,,,,,,,,,,45,114,83,,,214,,,,41,375,209,,197,,,,90,182,235,,,264,160,211,,42,139,,15,,45,129,,441,64,1209,327,372,,196,198,,,,,,,,,,,,,,,,,,,,,,604,,169,,560,,270,260,,330,364,,,,,,,,,,79,,,,138,,,276,238,,290,386,663,247,158,646,129,146,25,139,,,122,,49,130,276,323,340,224,,255,,321,,,49,,,,,,,,,,,,,,,,,,,,,,,,,,,,,,,,,,,,422,48,,,,,,,337,,220,,176,89,,,,,297,,,,,,,589,,,521,,215,,,,348,
2026-08-16T09:00:01+00:00,156,300,,,596,43,186,255,,,244,310,,,,,,,,,510,,347,,,14,,,36,1120,,57,,,,,,,153,126,,112,,,,,,,,,357,47,,,,44,,62,,,,,147,,192,48,,,,,,300,,,,232,,,,,,,,,,,108,,443,,229,553,,,,488,,176,47,116,248,,454,,,,728,,,,,1150,,,,46,,,931,204,187,519,,126,338,,,,,,249,,,,,,,,,,175,242,,,,,,,207,,,,,667,,396,,152,,,,,,,,,,,,,,,,,,,,,,,,,,,171,,267,17,101,835,,,,,,,,,,137,,,,,,,89,,,48,,,,,,,,,,,,,,,,,248,,,,,,,,,,149,,,,,,,,,144,,,,,,,,,,,,,,,,,,225,138,,,,,,20,,,330,,,334,395,,,,,428,86,,1341,,,,312,,97,,,,,,,,,,,,99,26,,,,,449,,,,,145,,,,,,,,,,,,,,,20,,,,,,,,,,,,,,,115,84,,,215,,395,,,,,,196,,,,,,,,,,161,210,,39,138,,,123,,,,,,,,,,,,,,,,,,,,,,,,,,,,,,,,,,,,,,,,,,,,,,,,,,,,,,,,,,,,,,,,381,662,246,157,,131,144,26,136,312,,121,158,,135,273,322,335,,,252,,,,,45,,,,,,,,,,,,,,,,,,,,,,,,,,,,,,,,,,,138,415,44,351,,,,,248,,,223,,177,,76,,,458,301,,,,,,,586,,,520,,216,,,,350,
2026-08-16T09:05:01+00:00,157,297,,,592,,180,252,,,247,308,,,351,,,,,,,417,341,,,11,,,,1118,,56,50,222,,,,,151,128,,114,,35,,,,,,,359,45,,,,46,,57,,179,,,145,,191,47,,,,,,301,,,138,,321,212,292,191,,216,,,,,,,,,,,,,,,,,,,,,,,,,,,,,,,,,,,,,,,,,,,,,,,,,,,,,,,,,,,,,,,,,,,,,,,,,,,,,,,,,,,,,,,,,,,,443,,523,,200,219,55,,254,550,213,170,,269,17,100,837,,,,,,,,,,140,,,,,,,90,,,,,121,,,,,,,,,,,,,,,245,,,,,,,,12,,,,,,158,,,,,,,,,,41,,,,,71,,,,,,188,,223,137,,243,,,382,,,305,329,,670,,,540,,,,,,,1338,,,,309,,,,,,,,,,,,,138,100,23,22,,,,450,,,,,,,,309,,,,,,,,,,,,21,,,,,,,,,,,,247,,,113,85,,,219,518,394,,,376,212,,195,,,,92,179,234,,,,159,206,,36,136,803,13,120,46,128,302,434,63,1196,318,,107,,196,,,,,,,,,,,,,,,,,,,,,,590,,168,,549,,,,,328,365,,,134,,,,,,,,,,,139,,,269,239,,,380,,243,156,642,133,140,22,135,313,,117,160,,130,270,324,,222,,248,,322,,,39,,,,,,,,,,,,,,,,,,,,,,,,,,,,,,,,,,,,408,43,,,,,,,338,,225,,178,90,77,,,459,302,,,,,,,584,,,518,,,151,,,,
2026-08-16T09:10:02+00:00,,,,,588,45,183,248,339,,248,307,,,,,,,,,,415,336,,,12,,,38,1119,31,58,49,,,,,,152,125,,118,,34,,,,,,,361,,,,,47,,59,,178,,,,,186,52,,,109,,,,,,139,234,322,210,291,190,,215,,,,,103,267,446,272,,550,64,275,,480,356,171,44,115,,336,,,720,66,719,279,,234,301,1147,,,,37,,,929,,178,518,,,332,,,,,,245,,,,,,,,,,177,241,,,,,,260,202,,,292,,,,384,,148,,,,,,,,,,,,,,,,,,,,,,,,,,,,,268,17,96,834,,,,,,,,80,,138,,,,,,,93,,,,,120,,,,,,,,,,,,,,,238,,,,,,,,,42,148,,,,,,,,,143,,,,,44,,,,,70,,,,,,187,,222,,,242,,,383,19,,,,,,,,539,,,,429,85,,1336,,,,,,96,,,,,,,,,,,137,,,,,,,448,,,,,135,,,307,,,,,,,,,,,,23,,,,,,,,,,,,242,,46,112,,,,220,519,391,,,377,,,194,,,,,177,,,,,158,203,,34,,,11,121,45,124,301,,65,1192,320,371,,195,191,,,,,,,,,,,,,,,,,,,,,,580,,,,543,,271,261,,329,,,,,,,,,,,77,,,305,,,,271,237,,,378,659,,,640,134,139,,133,312,,,,,132,,323,334,,,245,,,,254,,,,,,,,,,,,,,,,,,,,,,,,,,,,,,,,,,,,,407,42,350,,,,,247,,,224,,179,92,,,,462,,,,,,,,583,,,517,,218,152,,,,
2026-08-16T09:15:01+00:00,159,296,,,585,44,,246,335,,249,,,,350,,,,,,511,416,332,,,7,,,,1121,30,57,43,218,,,,,151,,,,,,,,,,,,360,41,,,,46,,57,,,,,,,174,51,,,111,,,,,,,237,,,,,,,,,,371,101,261,444,268,,549,65,274,,479,357,162,38,114,245,337,451,,717,68,,277,,,302,1146,,,,22,,,,,,,,,,,,,,,,,,,,,,,,,,,,,,,,,,,,,,,,,,,,,,,,,,,,,,,,,,445,,520,113,,217,53,,251,,211,169,,267,17,93,830,,,,,,,,81,,137,,,,,,,92,,,,,,,,,,,,,,,,,,,,,,,,,,,,10,41,,,,,159,,,,,,,,,,46,,,,,,,,,,,188,512,220,136,,241,419,,384,18,,,,,,332,396,536,,,,,,,1331,,,,302,,95,,,,,,,,,,,136,,24,,,,,450,,,,,124,,,303,,,,,,,,,,,,,,,,,,,,,,,,237,,,113,86,,,224,518,393,,,,,,,,,,,176,235,,,,156,202,,39,,802,10,,,,,,,,,,,,,,,,,,,,,,,,,,,,,,,,,,573,,170,,,,,,,,,,,133,,,,,,,,,,304,140,,,270,235,,291,,656,240,157,641,138,,27,127,,,118,159,50,135,,321,329,221,,241,,323,,255,37,,,,,,,,,,,,,,,,,,,,,,,,,,,,,,,,,,,137,410,41,,,,,,,,,225,,180,94,,,194,464,305,,,,,,,,,,518,,,153,,,350,
2026-08-16T09:20:01+00:00,158,298,,,581,,186,,336,,250,306,,,,,,,,,,417,329,,,4,,,39,,28,55,39,,,,,,148,124,,,,35,,,,,,,361,42,,,,45,13,55,,,,,146,,167,49,,,,,,302,,,142,236,325,208,,,,207,,,,373,100,260,443,266,226,,,,,477,,159,,,,340,452,,718,66,714,,,,301,,,,,20,,,,206,172,514,,124,327,,,,,,237,,,,,,,,,,178,,,,,,,,203,,,294,,669,,375,,,,,,,,,,,,,,,,,,,,,,,,,,,,,168,,266,17,89,,,,,,,,,,,140,,,,,,,,,,47,,119,,,,,,31,,,,,,,,,237,,,,,,,,9,42,,,,,,,,,,,,,,,47,,,,,71,,,,,,187,510,217,135,,243,418,,,20,,,,,,,397,,,,,431,86,,1329,,,,300,,93,,,,,,,,,,,133,,23,23,,,,,,,,,116,,,,,,,,,,,,,,,,,,,,,,,,,,,236,,,114,,,71,227,,389,,,,,,,,,,,169,238,,,,,200,,37,,,,,,120,,433,64,1179,,,106,,185,,,,,,,,,,,,,,,,,,,,,,568,,167,,542,,,,,328,,,,132,,,,,,,75,,,,142,,,269,,,,376,657,,158,636,,134,28,124,,,,158,,131,273,320,328,220,,239,,,,,36,,,,,,,,,,,,,,,,,,,,,,,,,,,,,,,,,,,136,409,38,351,,,,,,,,228,,,97,,,,466,309,,,,,,,582,,,,,219,154,,,349,
2026-08-16T09:25:02+00:00,157,299,,,577,,,247,335,,253,303,,,349,,,,,,,,322,,,7,,,,1117,,53,35,217,,,,,149,,,121,,,,,,,,,365,41,,,,44,,54,,177,,,145,,153,50,,,,,,,,,143,239,,,,,,,,,,,,,,,,,,,,,,,,,,,,,,,,,,,,,,,,,,,,,,,,,,,,,,,,,,,,,,,,,,,,,,,,,201,,,296,,670,,377,,146,,,,,,,,,,,,,,,,448,1261,519,114,203,213,54,267,,551,212,,,261,17,84,823,,,,,,,,83,,141,,,,,,,93,,,49,,118,,,,,,32,,,,,,,,,236,,,,,,,,,41,147,,,,158,,,,,142,,,,,48,,,,,,,,,,,186,509,,133,,,417,,,21,,304,326,,,,,535,140,,,429,85,,1322,,,,297,,,,,,,,,,,,,134,99,25,,,,,,,,,,100,,,302,,,,,,,,,,,,,,,,,,,,,,,,234,110,47,118,87,150,,232,519,390,,,380,213,,,,,,,167,235,,,,157,198,,32,135,803,8,119,,113,300,434,63,1155,326,359,,194,181,,,,,,,,,,,,,,,,,,,,,,545,,166,,535,,272,,,,364,,,130,,,,,,,,,,303,,,,266,236,,,375,650,239,156,635,142,130,31,122,,141,117,159,49,130,272,319,325,218,,238,,322,,,33,,,,,,,,,,,,,,,,,,,,,,,,,,,,,,,,,,,,410,35,350,,,559,,248,,,230,,,96,78,,,467,310,,,,,,,578,,,,,,156,,,,
2026-08-16T09:30:02+00:00,152,,,,576,45,,245,334,,254,302,,,348,,,,,,509,,321,,,4,,,,1116,,50,34,222,,,,,147,122,,124,,,,,,,,,367,40,,,,41,,51,,,,,,86,135,,,,112,,,300,,,140,237,322,203,,191,217,,,,,,,262,440,265,228,,64,273,,474,,156,,,244,343,451,,,64,713,278,,,,1137,,,,12,,,927,,148,513,,123,318,,,,,,,,,,,544,,,,,,243,,,,,,,,,,,,,,,,,,,,,,,,,,,,,,,,,,,,,,,,,,,169,,260,17,,816,,,,,,,,,,142,,,,,,,92,,,,,116,,,,,,31,,,,,,,,,224,,,,,,,,13,42,,,,,156,,,,,141,,,,,47,,,,,69,,,,,,184,,214,132,268,,418,,383,24,,,,,,333,399,536,,,,431,,,1317,,,,289,,90,,,,,,,,,,,136,97,26,,,,,,,,,,92,,,300,,,,,,,,,,,,,,,,,,,,,,,,224,,45,,88,,,237,518,,,42,381,215,,,,,,,,233,,,,,202,,34,134,804,,,44,,,,,,,,,,,,,,,,,,,,,,,,,,,,,,,,,,,,,,,,,,,,,,,,,,,,,,,,,,,,,,,373,648,238,152,641,144,129,30,123,,140,,,,129,270,321,324,216,,237,,321,,,31,,,,,,,,,,,,,,,,,,,,,,,,,,,,,,,,,,,,409,34,349,,,558,,249,337,,231,,179,95,,,195,,309,,,,,,,579,,,519,,,159,,,351,
2026-08-16T09:35:02+00:00,150,302,,155,,46,,247,337,,255,,,,347,,,,,,,,320,,,,,,38,1111,29,46,35,224,,,,,144,,,125,,34,,,,,,,,38,,,,38,14,,,,,,139,,120,,,,113,,,297,,,,241,,,,,,,,,,,96,249,439,262,227,547,65,272,,471,,,,,243,,442,,717,,709,277,118,231,,1134,,,,6,,,,,,,,,,,,,,,,,,,,,,,,,,,,,,,,,205,,,295,,669,,373,,147,,,,,,,,,,,,,,,,449,1262,522,113,,,55,,,,210,166,,258,17,,814,,,,,,,,80,,141,,,,,,,91,,,,,118,,,,,,,,,,,,,,,,,,,,,,,,,,,,,,,,,,140,,,,,,,,,,68,,,,,,182,510,212,130,267,,,,,25,,303,327,,,,398,,,,,432,86,,1313,,,,284,,91,,,,,,,,,,,,95,25,24,,,,449,,,,,,,,301,,,,,,,,,,,,22,,,,,,,,,,,,218,,44,,90,,,244,,391,,,378,216,46,193,,,,,,,,,,159,201,,35,,,11,120,,108,301,432,62,1145,324,356,,,,,,,,,,,,,,,,,,,,,,,,,513,,165,,527,,270,262,,,365,,,128,124,,,,,,73,,,,144,,,263,,,,372,647,236,148,645,145,,,,,,,,,,,,,,,,,,,,,,,,,,,,,,,,,,,,,,,,,,,,,,,,,,,,,,,135,407,33,345,,,559,,247,,,233,,,97,80,,196,468,310,,,,,,,577,,,518,,,160,,,352,
2026-08-16T09:40:01+00:00,146,303,,,571,47,190,246,339,,,301,,,343,,,,,,508,418,313,,,2,,,40,,30,42,32,220,,,,35,142,121,,124,,33,,,,,,,368,37,,,,35,,48,,176,,,137,85,107,55,,,115,,,292,,,137,245,321,198,290,193,216,,,,,,,,,,,,,,,,,,,,,,,,,,,,,,,,,,,,,,924,209,128,510,,119,308,,,,,,236,,,,,,,,,,179,242,,,,,,,,,,,,,,,,,,,,,,,,,,,,,,,,,,,,,,,,,,,161,,259,17,83,807,,,,,,,,79,,,,,,,,,89,,,,,117,,,,,,,,,,,,,,,234,,,,,,522,,,41,,,,,157,,,,,,,,,,,,,,,,,,,,,,509,,128,,245,,,384,24,,,325,,,,,534,,,,431,85,,1309,,,,275,,93,,,,,,,,,,,140,94,23,26,,,,,,,,,72,,,302,,,,,,,,,,,,24,,,,,,,,,,,,217,,,,,,,245,522,388,,,,215,,194,,,,,,232,,,265,,198,,40,136,,,118,,103,299,428,,1124,316,350,105,192,172,,,,,,,,,,,,,,,,,,,,,,,,,,524,,,,,326,,,,,,,,,,,,,,,,,,,,,,369,642,231,146,647,,128,28,125,,141,115,160,,131,261,,320,211,,230,,319,,253,27,,,,,,,,,,,,,,,,,,,,,,,,,,,,,,,,,,,,405,,343,,,,,246,338,,236,,178,,,,195,469,314,,,,,,,573,,,517,,218,162,,,,
2026-08-16T09:45:02+00:00,,304,,,569,43,,245,341,,258,300,,,341,,,,,,,419,,,,0,,,42,1106,,40,26,219,,,,,141,120,,125,,32,,,,,,,365,36,,,,33,,46,,177,,,135,,86,57,,,,,,291,,,132,251,,,,,,,,,,371,92,244,438,261,,548,63,,,468,,154,,,242,344,438,,716,65,,,,230,300,1132,,,,,,,,,,,,,,,,,,,,,,,,,,,,,,,,,,,,,,,,296,,670,,364,,145,,,,,,,,,,,,,,,,452,1267,526,,,212,,265,253,550,212,162,,256,17,,798,,,,,,,,,,,,,,,,,88,,,50,,116,,,,,,30,,,,,,,,,227,,,,,,521,,14,,,,,,,,,,,,,,,,,,,,,,,,,,,180,508,,127,,,,,,28,,304,324,,,332,397,532,,,,430,,,1303,,,,263,,92,,,,,,,,,,,143,91,22,25,,,,448,,,,,55,,,298,,,,,,,,,,,,23,,,,,,,,,,,,212,109,,119,89,,,247,,,35,,377,,,,,,,94,,,,31,,162,,,41,135,803,,117,,,,,,,,,,,,,,,,,,,,,,,,,,,,,,,,,492,,160,,,,,,,,363,,,127,122,,,,,,,,,302,,,,260,233,,,366,637,230,147,648,,125,27,,,142,114,,,133,259,320,316,210,,228,,,,,26,,,,,,,,,,,,,,,,,,,,,,,,,,,,,,,,,,,,,,340,,,560,,247,,,,,,,,,,470,315,,,,,,,568,,,519,,,166,,,,
2026-08-16T09:50:01+00:00,145,308,,,565,38,186,241,340,,,298,,,335,,,,,,,418,303,,,,,,43,1104,,36,24,216,,,,33,,,,129,,,,,,,,,366,,,,,27,13,41,,,,,,84,61,,,,,,,294,,,131,252,319,196,,194,,206,,,,,90,237,,,,547,64,271,,,,,37,,,,436,,,,707,276,,229,298,1135,,15,,,116,,923,208,119,507,,114,291,,,,,,238,,,,,543,,,,,,,,,,,,,203,,,300,,,,362,,143,,,,,,,,,,,,,,,,,,,,,,,,,,,159,,253,17,76,783,,,,,,,,,,140,,,,,,,87,,,,,117,,,,,,,,,,,,,,,223,,,,,,523,,13,42,,,,,,,,,,138,,,,,,,,,,,,,,,,179,507,211,,,244,,,383,,,303,,,,,,,,,,432,86,,1299,,,,,,,,,,,,,,,,,,,,,,,,,,,,,,,,,,,,,,,,,,,,,,,,,,,,,,,,211,108,43,117,87,,72,250,524,385,34,,,216,,,,,,,,229,,,,,,,43,134,802,,,43,104,295,409,64,1120,317,344,,191,162,,,,,,,,,,,,,,,,,,,,,,485,,157,,520,,,261,,327,364,,,122,121,,,,,,72,,,,,,,256,230,,,364,635,231,144,649,144,126,,123,,141,,,48,132,254,317,312,209,,,,318,,255,,,,,,,,,,,,,,,,,,,,,,,,,,,,,,,,,,,,131,399,,336,,,559,,,,,238,,177,,,,,471,316,,,,,,,567,,,,,,169,,,354,
2026-08-16T09:55:02+00:00,148,309,,154,561,36,,239,342,,260,,,,331,,,,,,,420,297,,,,,,44,1100,,35,25,,,,,,142,115,,,,33,,,,,,,,35,,,,20,,44,,,,,136,,23,54,,,112,,,287,,,128,256,,,,,,,,,,,,,,,,,,,,,,,,,,,,,,,,,,,,,,,,,,,,,,,,,,,,,,,,,,,,,,,,,,,,,,,,,,,,,,,,,,,,,,,,,,,,,,,,,,456,,519,,201,211,,264,254,549,,,,,17,77,771,,,,,,,,81,,,,,,,,,86,,,,,,,,,,,31,,,,,,,,,220,,,,,,,,,,148,,,,160,,,,,137,,,,,48,,,,,67,,,,,,178,,,,268,,417,,382,,,,321,,,331,,530,,,,434,,,1290,,,,260,,,,,,,,,,,,,144,90,,26,,,,446,,,,,46,,,294,,,,,,,,,,,,21,,,,,,,,,,,,215,103,,115,85,,,251,523,383,,,,,,198,,,,95,,230,,,263,161,,,40,135,,12,118,45,102,297,402,66,1122,315,338,,,159,,,,,,,,,,,,,,,,,,,,,,449,,153,,514,,,262,,,,,,119,119,,,,,,69,,,,145,,,249,233,,288,363,630,,140,647,,123,26,124,313,,,161,49,127,255,318,311,208,,225,,,,,,,,,,,,,,,,,,,,,,,,,,,,,,,,,,,,,,,,129,396,,333,,,560,,245,,,,,176,,,,,470,317,,,,,,,561,,,518,,219,171,,,,
2026-08-16T10:00:02+00:00,151,312,,,556,34,178,236,,,263,296,,,328,,,,,,,,292,,,3,,,,1097,,33,22,213,,,,,143,114,,126,,,,,,,,,,36,,,,19,12,38,,178,,,138,,6,56,,,111,,,284,,,125,258,318,197,289,198,215,200,,,,,89,235,436,259,229,546,66,268,,467,356,144,36,112,,346,423,,,61,706,274,,227,,1131,,,,5,115,,920,,109,503,,106,276,,,,,,239,,,,,544,,,,,,241,,,,,,,197,,,301,,673,,350,,142,,,,,,,,,,,,,,,,,,,,,,,,,,,155,,254,17,76,762,,,,,,,,,,141,,,,,,,87,,,49,,118,,,,,,32,,,,,,,,,216,,,,,,,,,,,,,,163,,,,,132,,,,,47,,,,,,,,,,,177,503,210,,,,,,,26,,,,,,,398,533,,,,441,88,,1281,,,,259,,90,,,,,,,,,,,149,85,23,,,,,450,,,,,30,,,295,,,,,,,,,,,,22,,,,,,,,,,,,220,102,,116,86,,,,,384,,,378,,,,,,,96,,229,,,,159,197,,,,806,10,,,100,295,390,67,1120,310,334,,,,,,,,,,,,,,,,,,,,,,,,,,,,,,,,,,,,,,,,,,,,,,,,,,,,,,,,362,627,229,,649,,119,30,123,311,,112,,,129,244,320,306,206,,223,,319,,,25,,,,,,,,,,,,,,,,,,,,,,,,,,,,,,,,,,,128,390,32,329,,,562,,247,,,,,,99,,,,,319,,,,,,,559,,,516,,220,173,,,351,
2026-08-16T10:05:01+00:00,,314,,,,35,177,238,341,,,295,,,324,,,,,,,417,291,,,2,,,45,1096,,32,,,,,,,140,111,,125,,34,,,,,,,,,,,,20,,34,,,,,,,0,54,,,,,,,,,,261,,,,,,,,,,,,,,,,,,,,,,,,,,,,,,,,,,,,,,,,,,,,,,,,,,,,,,,,,,,,,,,,,,,,,,,,,,,,,,,,,,,,,,,,,,,,,,,,,,459,1266,513,114,198,209,56,261,256,551,206,,,255,17,,757,,,,,,,,,,142,,,,,,,88,,,50,,,,,,,,30,,,,,,,,,211,,,,,,,,,,,,,,165,,,,,,,,,,48,,,,,,,,,,,,502,202,126,,,416,,,27,,,,,,,399,530,,,,440,89,,1273,,,,255,,,,,,,,,,,,,151,,26,27,,,,448,,,,,24,,,292,,,,,,,,,,,,21,,,,,,,,,,,,223,96,44,114,91,149,,,,378,35,41,379,218,47,,,,18,97,,226,,,,156,194,,44,,805,8,117,,,,,,,,,,,,,,,,,,,,,,,,,,,,,,,,,425,,149,,,,,,,,,,,115,,,,,,,68,,,,142,,,250,230,,287,357,622,,137,648,145,115,,122,,,113,,,130,243,,305,204,,222,,,,,21,,,,,,,,,,,,,,,,,,,,,,,,,,,,,,,,,,,127,385,,319,,,564,,245,,,236,,,97,,,,472,320,,,,,,,552,,,514,,,176,,,349,
2026-08-16T10:10:02+00:00,150,317,,,553,36,175,236,339,,264,294,,,323,,,,,,,419,282,,,0,,,47,1094,29,30,20,211,,,,,141,,,127,,,,,,,,,365,,,,,,13,29,,,,,137,,,,,,110,,,,,,122,262,313,190,,197,214,,,,,,87,,433,258,226,545,64,270,,466,,138,35,111,240,343,421,,,64,699,,,226,297,1127,,,,,116,,925,,99,501,,101,261,,,,,,235,,,,,545,,,,,180,240,,,,,,,198,,,299,,671,,341,,141,,,,,,,,,,,,,,,,,,,,,,,,,,,,,251,17,74,749,,,,,,,,,,,,,,,,,90,,,49,,116,,,,,,,,,,,,,,0,217,,,,,,,,,,147,,,,164,,,,,,,,,,50,,,,,66,,,,,,176,500,199,124,,,,,381,28,,304,322,,,332,397,,,,,441,88,,1253,,,,246,,89,,,,,,,,,,,150,86,22,26,,,,,,,,,11,,,290,,,,,,,,,,,,18,,,,,,,,,,,,224,93,43,116,,148,,253,522,376,,40,,221,,199,,,,,,223,,32,,,197,,42,,804,7,116,,98,,380,66,1116,303,330,102,193,,,,,,,,,,,,,,,,,,,,,,,388,83,144,,512,,271,263,,326,363,,,114,115,,,,,,67,,,301,145,,,,226,,,359,617,230,138,,,118,,120,,142,,,47,134,242,319,308,203,,221,,318,,,18,,,,,,,,,,,,,,,,,,,,,,,,,,,,,,,,,,,128,383,34,315,,,,,243,,,,,,98,,,194,473,319,,,,,,,550,,,515,,219,178,,,,
2026-08-16T10:15:01+00:00,147,318,,,556,32,174,230,341,,267,292,,,321,,,,,,509,420,275,,,3,,,,1095,,31,18,213,,,,,,110,,125,,,,,,,,,363,33,,,,18,14,26,,177,,,135,83,,52,,,109,,,282,,,,,,,,,,,,,,,85,236,,256,230,544,65,,,463,357,131,,,,344,,,715,62,,272,,225,298,,,,,,,,,,,,,,,,,,,,,,,,,,,,,,,,,,,,,,197,,,298,,670,,327,,139,,,,,,,,,,,,,,,,461,1267,506,,,207,,262,257,,208,152,,247,16,73,738,,,,,,,,79,,139,,,,,,,,,,,,117,,,,,,,,,,,,,,40,227,,,,,,,,14,,,,,,,,,,,130,,,,,49,,,,,65,,,,,,175,,196,122,267,,415,,380,27,,,317,,,333,,,139,,,442,89,,1245,,,,236,,86,,,,,,,,,,,153,83,23,,,,,446,,,,,1,,,287,,,,,,,,,,,,16,,,,,,,,,,,,215,90,,115,90,,,254,523,,36,,380,222,,198,,,,96,,225,,,,154,191,,43,132,,8,117,,95,293,375,67,1115,,,101,,158,,,,,,,,,,,,,,,,,,,,,,,,,,,,,,,,,,,,,,,,,,,,,,,,,,,,,360,612,229,139,649,144,116,,,,,,,,,,,,,,,,,,,,,,,,,,,,,,,,,,,,,,,,,,,,,,,,,,,,,,125,377,36,314,,,565,,239,,,237,,,100,,,,,,,,,,,,546,,,514,,,180,,,,
2026-08-16T10:20:01+00:00,148,317,,,558,30,171,229,340,,271,,,,320,,,,,,,421,274,,,5,,,,1100,,29,,210,,,,,139,107,,124,,33,,,,,,,360,32,,,,14,,24,,176,,,136,,,53,,,108,,,278,,,121,,308,192,290,200,,199,,,,,,,,,,,,,,,,,,,,,,,,,,,,,,,,,,,,,924,207,88,503,,100,245,,,,,,234,,,,,,,,,,,243,,,,,,,,,,,,,,,,,,,,,,,,,,,,,,,,,,,,,,,,,,,151,,248,17,71,731,,,,,,,,77,,,,,,,,,89,,,,,,,,,,,,,,,,,,,,225,,,,,,,,,,,,,,,,,,,129,,,,,48,,,,,,,,,,,174,498,193,,,246,,,,,,,,,,,396,,,,,441,90,,1239,,,,,,,,,,,,,,,,,,,,,,,,,,,,,,,,,,,,,,,,,,,,,,,,,,,,,,,,207,89,,,92,,,255,,,,42,379,221,,,,,,,,227,,31,261,155,190,,50,,803,,118,,,,,,,,,,,,,,,,,,,,,,,,,,,,,,,,,371,,141,,,,,,,327,361,,,113,111,,,,,,,,,299,143,,,248,225,,,,606,230,138,650,,114,34,118,313,140,112,,44,125,,316,303,202,,217,,319,,257,11,,,,,,,,,,,,,,,,,,,,,,,,,,,,,,,,,,,126,379,,307,,,,,238,337,,,,175,101,,,,474,320,,,,,,,545,,,,,,182,,,345,
2026-08-16T10:25:02+00:00,149,,,,555,,168,231,,,272,293,,,,,,,,,,,272,,,3,,,48,1122,30,27,19,207,,,,,140,,,125,,,,,,,,,,,,,,13,,21,,177,,,133,,,55,,,,,,273,,,,263,,,289,198,,195,,,,372,88,,434,257,229,545,64,271,,459,356,130,,,237,,420,170,,58,697,273,119,,301,1130,,,,2,115,,926,,80,505,,,239,,,,,,,,,,,,,,,,,,,,,,,,200,,,297,,668,,,,141,,,,,,,,,,,,,,,,,1265,,,200,215,,,,552,206,149,,251,17,,729,,,,,,,,75,,137,,,,,,,,,,48,,,,,,,,31,,,,,,,,,222,,,,,,,,,43,,,,,163,,,,,,,,,,,,,,,,,,,,,,495,190,123,,247,414,,382,26,,305,314,,,,395,527,,,,440,,,1212,,,,232,,84,,,,,,,,,,,151,86,21,27,,,,447,,,,,0,,,285,,,,,,,,,,,,,,,,,,,,,,,,210,,,,,147,,,,375,,,,,,197,,,,,,,,,260,154,187,,51,,802,7,117,,93,292,365,,1113,304,327,99,192,160,,,,,,,,,,,,,,,,,,,,,,342,,130,,513,,272,262,,,358,,,111,105,,,,,,66,,,296,142,,,243,221,,,363,605,225,139,648,143,,36,117,315,139,114,,45,123,245,,300,199,,214,,,,,16,,,,,,,,,,,,,,,,,,,,,,,,,,,,,,,,,,,125,374,,306,,,,,235,,,,,,103,,,193,475,,,,,,,,536,,,,,,,,,,
2026-08-16T10:30:02+00:00,148,322,,,552,31,169,229,339,,273,292,,,,,,,,,,423,269,,,,,,,1124,,,18,202,,,,,139,106,,124,,,,,,,,,359,33,,,,11,,16,,,,,130,,,54,,,107,,,263,,,,267,,,,,,,,,,,,,,,,,,,,,,,,,,,,,,,,,,,,,,,,,,,,,,,,,,,,,,,233,,,,,,,,,,181,,,,,,,,201,,,298,,667,,321,,140,,,,,,,,,,,,,,,,,,,,,,,,,,,148,,253,17,,716,,,,,,,,,,136,,,,,,,90,,,47,,,,,,,,,,,,,,,,,219,,,,,,,,,42,,,,,165,,,,,,,,,,47,,,,,62,,,,,,,,187,,,248,413,,381,24,,306,312,,,,,,,,,439,89,,1197,,,,220,,,,,,,,,,,,,,85,20,28,,,,,,,,,,,,,,,,,,,,,,,,15,,,,,,,,,,,,209,,44,,93,148,73,256,520,,,,377,223,,,,,,,,229,,30,253,157,183,,50,130,801,,,46,88,,362,65,1112,301,325,97,,162,,,,,,,,,,,,,,,,,,,,,,,,,,,,,,,,,,,,,,,,,,,,,,,,,,,,,,607,222,138,651,144,111,35,,316,138,,,,119,242,,299,,,213,,,,,15,,,,,,,,,,,,,,,,,,,,,,,,,,,,,,,,,,,,367,,303,,,566,,233,,,239,,,105,,,,,,,,,,,,530,,,513,,,,,,,
2026-08-16T10:35:01+00:00,146,327,,,,32,163,230,336,,277,290,,,,,,,,,507,422,259,,,0,,,49,1121,31,23,14,199,,,,,138,105,,126,,,,,,,,,357,,,,,10,,17,,178,,,129,82,,57,,,105,,,259,,,120,,307,189,288,200,,196,,,,373,84,237,430,,,540,65,272,,454,358,122,37,113,240,345,412,171,714,55,698,271,,,302,1127,,,,,,,925,206,72,,,98,228,,,,,,,,,,,,,,,,,,,,,,,,,,,,,,,,,,,,,,,,,,,,,,,,,462,1267,507,,199,218,58,264,255,550,207,147,,246,17,69,702,,,,,,,,74,,137,,,,,,,,,,,,116,,,,,,,,,,,,,,,220,,,,,,,,13,,,,,,164,,,,,130,,,,,,,,,,,,,,,,175,493,,,266,249,410,,,22,,,310,,669,332,,,,,,,90,,1165,,,,,,,,,,,,,,,,,,,,,,,,,,,,,,,,,,,,,,,,,,,,,,,,,,,,,,,,220,,,,91,,72,257,,378,,,375,222,,198,,,19,97,,231,,,247,158,182,,57,,796,5,114,47,92,291,359,,1114,299,324,,,161,,,,,,,,,,,,,,,,,,,,,,324,,125,,515,,,259,,326,357,,,110,,,,,,,,,,298,143,,,242,219,,288,366,609,218,141,650,146,113,36,116,317,137,,160,,129,239,314,295,196,,207,,318,,,16,,,,,,,,,,,,,,,,,,,,,,,,,,,,,,,,,,,124,365,35,299,,,565,,235,,,238,,,101,82,,194,476,321,,,,,,,518,,,,,,,,,,
2026-08-16T10:40:02+00:00,148,,,,547,33,164,228,332,,,292,,,319,,,,,,,421,252,,,2,,,48,1117,,22,,195,,,,,137,,,125,,,,,,,,,,,,,,,13,13,,176,,,126,,,56,,,104,,,256,,,116,264,,,,,,,,,,372,86,,,259,,537,,,,,,113,,110,236,344,403,,,54,699,272,,222,303,1129,,,466,,,,,,,,,,,,,,,,232,,,,,,,,,,,,,,,,,,194,,,296,,669,,309,,134,,,,,,,,,,,,,,,,,,,,,,,,,,,140,,245,17,65,700,,,,,,,,,,135,,,,,,,89,,,46,,115,,,,,,30,,,,,,,,,218,,,,,,,,12,,,,,,,,,,,,,,,,,,,,,61,,,,,,172,491,186,124,267,248,408,,,20,,,313,,,333,396,526,,,,,,,1139,,,,208,,,,,,,,,,,,,150,83,,27,,,,449,,,,,,,,,,,,,,,,,,,,17,,,,,,,,,,,,226,88,43,,,,73,258,,,,41,374,,,197,,,,98,,230,,,243,159,181,,,131,792,4,112,,89,294,358,64,1116,298,317,91,189,,,,,,,,,,,,,,,,,,,,,,,310,,120,,519,,271,257,,325,,,,107,100,,,,,,64,,,296,144,,,239,215,,,367,603,217,142,653,147,114,37,,316,,112,,,131,237,313,,,,204,,,,,17,,,,,,,,,,,,,,,,,,,,,,,,,,,,,,,,,,,125,,34,,,,563,,,,,,,177,,,,,478,,,,,,,,517,,,515,,,185,,,,
2026-08-16T10:45:01+00:00,,329,,,,34,167,231,330,,280,291,,,318,,,,,,,,243,,,0,,,50,1114,,17,13,192,,,,32,136,104,,127,,34,,,,,,,354,,,,,9,12,10,,177,,,122,,,57,,,103,,,253,,,117,262,295,183,,204,212,191,,,,,,,,,,,,,,,,,,,,,,,,,,,,,,,,,,,,,921,,52,504,,97,206,,,,,,231,,,,,,,,,,,242,,,,,,,191,,,291,,667,,303,,133,,,,,,,,,,,,,,,,463,1269,508,,,216,56,,258,547,203,142,,244,17,,695,,,,,,,,72,,,,,,,,,88,,,,,114,,,,,,,,,,,,,,,220,,,,,,,,,41,146,,,,163,,,,,,,,,,48,,,,,60,,,,,,170,490,185,123,,,409,,382,16,,305,,,,,399,525,140,,,438,,,1126,,,,198,,82,,,,,,,,,,,147,82,23,26,,,,,,,,,,,,278,,,,,,,,,,,,,,,,,,,,,,,,225,,,,,,74,260,524,,,,373,221,,198,12,,,,172,228,,31,241,,176,,55,,786,6,114,48,90,,354,,1115,297,312,89,,159,,,,,,,,,,,,,,,,,,,,,,,,,,,,,,,,,,,,,,,,,,,,,,,,,,,,,366,,215,140,657,,113,,115,318,,,,,134,236,314,,195,,203,,319,,,16,,,,,,,,,,,,,,,,,,,,,,,,,,,,,,,,,,,122,361,32,298,,,,,237,337,,,,178,,,,,479,320,,,,,,,510,,,517,,,186,,,,
2026-08-16T10:50:01+00:00,147,330,,,,33,169,230,328,,,290,,,317,,,,,,,424,241,,,,,,,1113,,14,9,188,,,,,132,103,,126,,35,,,,,,,353,,,,,,9,6,,,,,123,,,56,,,,,,,,,,261,,,,,,,,,,,80,238,429,254,233,536,,,,456,,114,,109,235,345,396,,713,51,695,,,,,1125,,,,,,,,,,,,,,,,,,,,,,,,,,,,,,,,,,,,,,,,,,,,,,,,,,,,,,,,,,,,,,,,,,,,,,,,,140,,,17,66,693,,,,,,,,,,133,,,,,,,87,,,,,112,,,,,,,,,,,,,,,212,,,,,,522,,11,42,,,,,164,,,,,,,,,,49,,,,,59,,,,,,165,,184,,,,,,,,,306,314,,,,,524,,,,439,87,,1100,,,,200,,79,,,,,,,,,,,149,83,20,27,,,,,,,,,,,,276,,,,,,,,,,,,,,,,,,,,,,,,223,,42,,,,,261,525,376,,,370,220,,200,,,,97,,227,,,240,,175,,60,,777,7,115,,89,293,353,,1113,295,313,90,,157,,,,,,,,,,,,,,,,,,,,,,308,,123,,510,,269,,,324,,,,106,102,,,,,,63,,,297,146,,,236,214,,,363,599,,143,,,,,112,317,,,,,142,237,,289,,,200,,,,,15,,,,,,,,,,,,,,,,,,,,,,,,,,,,,,,,,,,121,359,33,297,,,565,,238,,,,,,100,,,,480,319,,,,,,,508,,,516,,217,187,,,341,
2026-08-16T10:55:01+00:00,148,,,,548,35,,228,327,,282,293,,,,,,,,,,420,238,,,,,,52,1112,,13,,187,,,,,,102,,,,,,,,,,,354,,,,,6,11,0,,,,,125,83,,,,,104,,,,,,,259,285,178,,198,,188,,,,,,,,,,,,,,,,,,,,,,,,,,,,,,,,,,,,,922,205,39,506,,95,197,,,,,,230,,,,,,,,,,184,,,,,,,,186,,,290,,666,,300,,125,,,,,,,,,,,,,,,,462,1268,500,,196,,55,,,546,200,,,245,17,64,697,,,,,,,,,,,,,,,,,88,,,45,,111,,,,,,,,,,,,,,,214,,,,,,523,,9,41,,,,,,,,,,129,,,,,48,,,,,,,,,,,159,,186,125,266,247,,,384,17,,305,,,,334,,,,,,,86,,1079,,,,199,,81,,,,,,,,,,,148,82,16,,,,,450,,,,,,,,275,,,,,,,,,,,,15,,,,,,,,,,,,221,,43,,93,,,262,524,377,,,,219,,,,,,,171,,,,,161,174,,61,,772,8,114,47,88,291,354,65,1111,292,306,89,,160,,,,,,,,,,,,,,,,,,,,,,300,,119,,513,,268,,,,356,,,104,101,,,,,,,,,298,145,,,233,212,,,360,600,213,,,149,,,,,,,,,,,,,,,,,,,,,,,,,,,,,,,,,,,,,,,,,,,,,,,,,,,,,,,120,349,34,294,,,563,,,,,233,,177,98,,,,,321,,,,,,,505,,,512,,,186,,,340,
2026-08-16T11:00:01+00:00,149,331,,,549,36,,225,322,,283,295,,,,,,,,,508,421,233,,,,,,54,1119,,10,6,184,,,,34,130,,,,,33,,,,,,,346,,,,,4,13,,,,,,,82,,57,,,102,,,252,,,116,264,,,,,,,,,,,77,236,422,255,,538,64,,,450,359,105,38,,234,346,395,,,50,692,,,221,304,1131,,,,2,,,,,,,,,,,,,,,,,,,,,,,,,,,,,,,,,,,,,,,,,,,,,,,,,,,,,,,,,,,,,,,,,,,,,137,,,17,62,689,,,,,,,,70,,134,,,,,,,87,,,44,,,,,,,,32,,,,,,,,,210,,,,,,,,11,39,,,,,,,,,,127,,,,,49,,,,,57,,,,,,158,489,185,126,,,,,,,,,312,,670,,,522,,,232,440,87,,1066,,,,197,,83,,,,,,,,,,,,80,15,,,,,449,,,,,,,,272,,,,,,,,,,,,13,,,,,,,,,,,,222,,,,92,149,,261,526,,,,,218,,203,,,,,173,226,,30,238,160,171,,,,765,12,,46,,289,351,,1108,,,,,161,,,,,,,,,,,,,,,,,,,,,,292,,117,,516,,269,,,325,355,,,103,,,,,,,61,,,299,144,,,,211,,,,607,211,145,656,,114,39,117,,135,111,161,44,149,230,313,284,189,,,,,,,7,,,,,,,,,,,,,,,,,,,,,,,,,,,,,,,,,,,121,343,30,288,,,,206,,,,,,,97,,,193,,,,,,,,,497,,,511,,,,,,338,
2026-08-16T11:05:01+00:00,148,332,,155,551,37,,228,319,,285,,,,,,,,,,509,419,227,,,,,,,1121,,5,5,183,,,,,,101,,125,,34,,,,,,,,,,,,3,14,,,178,,,124,,,56,,,,,,251,,,,267,273,,,195,,191,,,,,78,238,,253,235,,,,,447,357,,39,,230,345,391,,,,687,,,220,305,1130,,,,,,,920,,26,505,,,180,,,,,,226,,,,,546,,,,,,241,,,,,,,189,,,286,,664,,294,,123,,,,,,,,,,,,,,,,,1269,497,112,195,,56,265,,542,202,,,243,17,59,685,,,,,,,,,,,,,,,,,89,,,45,,,,,,,,31,,,,,,,,,207,,,,,,,,,,,,,,161,,,,,,,,,,47,,,,,55,,,,,,157,486,184,127,,248,410,,383,18,,,315,,,,,519,139,,,439,88,,1054,,,,193,,,,,,,,,,,,,150,,16,26,,,,,,,,,,,,274,,,,,,,,,,,,15,,,,,,,,,,,,217,,,116,91,,,,524,381,,40,368,220,,206,,,,,,233,,,237,161,169,,63,,762,14,115,,,,,,,,,,,,,,,,,,,,,,,,,,,,,,,,,282,,116,,,,270,,,323,,,,104,,,,,,,,,,300,,,,230,210,,,,603,209,,658,147,117,36,119,318,134,110,,45,,229,312,285,187,,202,,320,,,9,,,,,,,,,,,,,,,,,,,,,,,,,,,,,,,,,,,,336,32,287,302,,562,,231,337,,234,,,96,,,,,323,,,,,,,492,,,509,,219,187,,,,
2026-08-16T11:10:01+00:00,,,,,556,,173,231,,,287,299,,,,,,,,,510,414,220,,,,,,55,1124,,6,3,182,,,,35,,,,124,,,,,,,,,343,,,,,5,,,,177,,,121,,,58,,,,,,,,,,266,,,,,,,,,,,,,,,,,,,,,,,,,,,,,,,,,,,,,,,,,,,,,,,,,,,,,,,,,,,,,,,,,,,,,,,,,,,,,,,,,,,,,,,,,,,,,,,,,,,,,,,,,,,,,134,,244,17,55,680,,,,,,,,72,,133,,,,,,,88,,,,,,,,,,,32,,,,,,,,,198,,,,,,,,10,38,,,,,162,,,,,,,,,,42,,,,,53,,,,,,156,487,183,,,249,,,381,14,,,318,,,,,516,,,,441,,,1049,,,,181,,81,,,,,,,,,,,151,,,24,,,,450,,,,,,,,273,,,,,,,,,,,,14,,,,,,,,,,,,215,,42,115,90,,76,262,,,,,,219,,,,,,,172,,,31,239,162,170,,62,129,763,,,45,87,288,344,,1107,291,305,88,,158,,,,,,,,,,,,,,,,,,,,,,279,,,,515,,269,258,,324,356,,,103,100,,,,,,,,,299,146,,,,211,,,361,597,210,142,659,145,118,37,118,317,,,,44,,,,283,,,199,,,,,7,,,,,,,,,,,,,,,,,,,,,,,,,,,,,,,,,,,117,332,33,283,,,,,230,,,233,,176,97,,,192,479,,,,,,,,487,,,508,,,189,,,337,
2026-08-16T11:15:02+00:00,,334,,,558,,177,,320,,290,298,,,316,,,,,,,,216,,,,,,54,1122,30,3,4,178,,,,,128,,,125,,,,,,,,,344,32,,,,4,,,,,,,117,,,62,,,101,,,250,,,114,,268,179,,192,211,190,,196,,,76,239,417,251,,532,63,,,441,,101,40,,227,343,388,,,49,,,,216,304,1126,,,,,114,,918,202,13,504,,91,167,,,,,,227,,,,,,,,,,183,,,,,,,,190,,,287,,660,,291,,120,,,,,,,,,,,,,,,,,,502,113,207,215,,,259,,200,133,,242,17,53,,,,,,,,,71,,132,,,,,,,,,,46,,110,,,,,,37,,,,,,,,,196,,,,,,522,,9,37,144,,,,,,,,,,,,,,,,,,,,,,,,,,490,187,,,,411,,382,13,,306,315,,,,,515,,,,440,86,,1043,,,,176,,85,,,,,,,,,,,152,77,,26,,,,449,,,,,,,,,,,,,,,,,,,,12,,,,,,,,,,,,218,,,,88,,75,264,519,379,35,,367,,,,,,,,175,230,,,,164,165,,64,,764,16,117,47,80,289,347,,1104,289,298,,,157,,,,,,,,,,,,,,,,,,,,,,274,,117,,516,,270,259,,325,357,,,104,99,,,,,,62,,,298,,,,228,213,,,363,600,,141,660,,119,,,319,,111,,42,,223,310,279,186,,192,,,,256,3,,,,,,,,,,,,,,,,,,,,,,,,,,,,,,,,,,,115,328,32,,,,564,,,,,,,177,95,,,,,322,,,,,,,,,,507,,,191,,,,
2026-08-16T11:20:02+00:00,149,,,,,40,179,236,,,293,299,,,314,,,,,,,,213,,,,,,53,1121,31,2,1,176,,,,,,100,,,,,,,,,,,341,,,,,,,,,,,,118,,,,,,,,,240,,,113,265,,,,,,,,,,,75,237,419,250,,531,62,273,,440,,100,,,225,344,383,,714,47,686,273,,215,301,1122,,,,,,,,,,,,,,,,,,,230,,,,,,,,,,182,,,,,,,,189,,,283,,661,,280,,119,,,,,,,,,,,,,,,,,,,,,,,,,,,135,,237,17,55,677,,,,,,,,72,,129,,,,,,,93,,,47,,109,,,,,,,,,,,,,,,195,,,,,,,,7,,,,,,161,,,,,128,,,,,43,,,,,,,,,,,,,,,,248,,,383,18,,,314,,669,,401,513,,,231,438,85,,1036,,,,171,,,,,,,,,,,,,156,81,19,,,,,450,,,,,,,,277,,,,,,,,,,,,13,,,,,,,,,,,,213,,41,,,,,263,,378,,,,220,,,,,,,176,228,,,240,163,161,,,,,,116,,,,,,,,,,,,,,,,,,,,,,,,,,,,,,,,,269,,,,514,,,,,324,359,,,106,97,,,,,,,,,300,145,,,226,210,,287,364,602,211,140,,146,118,38,,320,,,162,41,148,224,,278,,,190,,321,,255,2,,,,,,,,,,,,,,,,,,,,,,,,,,,,,,,,,,,112,321,,279,,,562,206,229,337,,,,,92,83,,193,480,321,,,,,,,484,128,,509,,,192,,,336,
2026-08-16T11:25:02+00:00,,,,,556,,176,235,,,298,300,,,312,,,,,,,415,202,,,4,,,,1122,,0,2,175,,,,,131,97,,122,,,,,,,,,339,,,,,,,,,,,,114,,,60,,,99,,,,,,,,266,,289,191,,189,,195,,,,,,,,,,,,,,,,,,,,,,,,,,,,,,,,,,,,,,,,,,,,,,,,,,,,,,,,,,,,,,,,,,,,,,,,,,,,,,,,,,,,,,,,,,459,,500,,211,213,57,266,264,544,,138,,235,17,56,669,,,,,,,,,,130,,,,,,,,,,,,110,,,,,,38,,,,,,,,,190,,,,,,,,6,36,,,,,,,,,,,,,,,42,,,,,,,,,,,,492,191,128,,247,408,,379,20,,303,317,,,,399,511,140,,,437,87,,,,,,170,,84,,,,,,,,,,,,85,,,,,,448,,,,,,,,270,,,,,,,,,,,,11,,,,,,,,,,,,211,,,114,87,,73,,518,377,,39,368,218,,203,,,,98,175,229,,,239,,155,,68,130,761,18,,45,76,,342,,1101,290,299,90,190,159,,,,,,,,,,,,,,,,,,,,,,267,,119,,513,,,258,,325,358,,,,,,,,,,,,,,,,,224,208,,289,365,604,208,136,657,,116,,116,318,133,,161,40,152,216,,271,183,,186,,318,,,3,,,,,,,,,,,,,,,,,,,,,,,,,,,,,,,,,,,113,323,31,,,,559,,224,,,232,,,,,,191,,322,,,,,,,477,,,511,,218,,,,,
2026-08-16T11:30:02+00:00,148,335,,,554,39,174,236,321,,299,,,,309,,,,,,,,200,,,6,,,54,,,,1,172,,,,,129,,,,,,,,,,,,335,,,,,,,,,,,,111,,,58,,,98,,,243,,,111,,,,,,,,,,,373,73,240,415,253,,532,59,272,,439,354,94,,111,223,348,380,172,715,,684,272,,212,299,1117,,,,1,,,,,,,,,,,,,,,225,,,,,,,,,,183,243,,,,,,,183,,,,,660,,274,,120,,,,,,,,,,,,,,,,,,,,,,,,,,,137,,,17,51,,,,,,,,,,,127,,,,,,,96,,,,,111,,,,,,39,,,,,,,,,192,,,,,,521,,5,,,,,,162,,,,,,,,,,41,,,,,51,,,,,,153,491,195,,,244,407,,376,19,,305,315,,,335,398,507,,,,435,,,,,,,162,,82,,,,,,,,,,,159,83,21,27,,,,447,,,,,,,,267,,,,,,,,,,,,,,,,,,,,,,,,214,87,42,115,,,74,262,519,380,,,369,216,,205,,,,,173,228,,33,246,162,152,,69,129,762,,119,46,36,,337,,1108,289,300,91,191,164,,,,,,,,,,,,,,,,,,,,,,,,,,,,,,,,,,,,,,,,,,,,,,,,,,,,,366,605,205,137,658,145,117,37,117,316,,,,41,,217,,273,,,188,,,,,0,,,,,,,,,,,,,,,,,,,,,,,,,,,,,,,,,,,110,312,,278,303,,,,220,336,,,,174,91,,,190,479,325,,,,,,,474,,,510,,,,,,333,
2026-08-16T11:35:02+00:00,147,337,,,560,38,,,320,,300,,,,303,,,,,,509,412,195,,,,,,55,1120,,,,,,,,34,130,,,120,,,,,,,,,333,,,,,,,,,176,,,,79,,63,,,,,,244,,,,266,261,,290,189,212,188,,,,,,,,,,,,,,,,,,,,,,,,,,,,,,,,,,,114,,918,204,11,502,,77,140,,,,,,,,,,,,,,,,,,,,,,,,186,,,278,,,,276,,117,,,,,,,,,,,,,,,,461,1267,495,114,,216,60,,,539,198,140,,244,17,,664,,,,,,,,70,,124,,,,,,,97,,,,,110,,,,,,,,,,,,,,,186,,,,,,,,3,33,,,,,161,,,,,,,,,,42,,,,,49,,,,,,152,493,196,130,265,,408,,377,17,,304,316,,,,401,506,,,,432,89,,1035,,,,158,,,,,,,,,,,,,160,,20,28,,,,445,,,,,,,,268,,,,,,,,,,,,10,,,,,,,,,,,,213,,,113,,,75,261,518,381,,,368,215,,,,,,,170,231,,32,248,163,146,,68,,765,19,120,44,,,,66,,,,,,,,,,,,,,,,,,,,,,,,,,,,265,82,,,509,,,260,,324,359,,,105,98,,,,,,64,,,,142,,,226,204,,290,365,604,,139,655,,119,38,115,317,131,113,,45,,218,313,274,180,,190,,316,,,,,,,,,,,,,,,,,,,,,,,,,,,,,,,,,,,,,,109,310,27,,,,561,,217,,,237,,,89,,,,480,326,,,,,,,470,,,508,,,193,,,332,
2026-08-16T11:40:01+00:00,,338,,,558,,166,237,324,,301,298,,,300,,,,,,510,413,200,,,5,,,57,1117,,,2,,,,,35,134,,,,,32,,,,,,,328,,,,,,,,,,,,109,78,,62,,,99,,,,,,110,268,,,,,,,,,,,75,237,413,249,238,531,60,273,211,427,355,88,42,,,347,384,,714,48,680,275,,210,298,1115,,,,4,,,,,,,,,,,,,,,226,,,,,,,,,,182,242,,,,,,,,,,,,,,,,,,,,,,,,,,,,,,,,,,,,,,,,,,,,,239,17,48,662,,,,,,,,,,121,,,,,,,94,,,48,,,,,,,,38,,,,,,,,,185,,,,,,,,,,,,,,,,,,,129,,,,,,,,,,,,,,,,146,490,195,,,,407,,374,19,,303,319,,670,,,503,,,,433,90,,1034,,,,,,80,,,,,,,,,,,161,81,17,26,,,,448,,,,,,,,266,,,,,,,,,,,,11,,,,,,,,,,,,201,,43,112,89,148,,260,519,383,,38,370,,,204,,,,,,227,,,254,164,139,,66,,766,17,118,43,38,288,329,67,1113,283,296,90,190,173,,,,,,,,,,,,,,,,,,,,,,,,,,,,,,,,,,,,,,,,,,,,,,,,,,,,,,602,,140,,144,116,37,,,130,112,,,,221,311,275,178,,,,317,,254,,,,,,,,,,,,,,,,,,,,,,,,,,,,,,,,,,,,106,304,24,276,,,560,,221,,,,,173,90,,,,,325,,,,,,,465,,,507,,219,192,,,,
2026-08-16T11:45:01+00:00,148,339,,,559,34,168,236,320,,305,296,,,296,,,,,,,412,196,,,4,,,56,1112,,,0,171,,,,,133,99,,,,31,,,,,,,326,33,,,,,,,,,,,104,77,,,,,,,,241,,,109,,256,176,287,193,,191,,,,,,240,,247,239,,59,,,428,354,,,,225,349,390,,715,45,,277,,,297,1111,,,,2,115,,916,,22,500,,75,125,,,,,,,,,,,,,,,,,,,,,,,,181,,,,,,,284,,112,,,,,,,,,,,,,,,,462,,485,115,213,219,,,262,545,201,,,241,17,49,656,,,,,,,,69,,123,,,,,,,92,,,49,,109,,,,,,,,,,,,,,,188,,,,,,,,1,,,,,,,,,,,131,,,,,43,,,,,,,,,,,141,487,200,,,,405,,373,14,,304,318,,,,400,,139,,,,89,,1035,,,,151,,,,,,,,,,,,,160,78,,,,,,450,,,,,,,,263,,,,,,,,,,,,,,,,,,,,,,,,196,86,,113,90,,,,,,,,,217,,,,,,,,228,,31,,165,135,,,,767,9,119,,31,286,318,,1111,,293,,,170,,,,,,,,,,,,,,,,,,,,,,268,,121,,516,,271,261,,325,361,,,104,97,,,,,,65,,,,141,,,224,206,,289,,601,204,141,656,,,,117,,,114,,,153,220,310,273,176,,,,,,,,,,,,,,,,,,,,,,,,,,,,,,,,,,,,,,,,,,105,298,23,277,,,559,,220,,,238,,172,89,,,,481,326,,,,,,,456,,,508,,,193,,,330,
2026-08-16T11:50:01+00:00,146,,,,561,31,165,238,321,,308,,,,290,,,,,,,,197,,,0,,,,1110,,,,,,,,,135,97,,,,32,,,,,,,321,31,,,,3,,,,,,,99,,,,,,,,,,,,107,269,249,180,,197,,190,,,,,,,,,,,,,,,,,,,,,,,,,,,,,,,,,,,,,913,203,20,499,,,117,,,,,,224,,,,,544,,,,,,,,,,,,,177,,,273,,658,,286,,111,,,,,,,,,,,,,,,,,,,,,,,,,,,143,,240,17,48,649,,,,,,,,,,124,,,,,,,89,,,48,,,,,,,,,,,,,,,,,190,,,,,,522,,0,32,,,,,160,,,,,,,,,,42,,,,,,,,,,,135,,201,,264,243,,,374,15,,302,316,,,,,497,,,,434,88,,,,,,148,,79,,,,,,,,,,,158,,,25,,,,,,,,,,,,268,,,,,,,,,,,,,,,,,,,,,,,,188,,42,114,,,,259,520,384,,,,219,,203,,,18,,168,229,,30,257,161,140,,65,131,773,8,118,44,57,284,321,,1113,278,291,,,173,,,,,,,,,,,,,,,,,,,,,,271,,122,,523,,,262,,,363,,,106,95,,,,,,64,,,,142,,,219,212,,,364,,205,139,657,,115,36,119,,129,115,,44,148,223,308,266,173,,184,,,,,,,,,,,,,,,,,,,,,,,,,,,,,,,,,,,,,,,,104,290,22,285,,,,,218,337,,239,,171,86,,,188,483,325,,,,,,,452,,,,,,192,,,328,
2026-08-16T11:55:02+00:00,,338,,,560,34,160,234,319,,313,,,,287,,,,,,509,414,196,,,,,,53,,,,,172,,,,34,,94,,121,,,,,,,,,317,,,,,,13,,,,,,100,76,,60,,,,,,,,,,268,,,,,,,,,,,82,247,417,249,,525,60,274,,429,356,92,44,,224,350,387,,713,43,675,275,,207,296,1113,,,,13,,,,,,,,,,,,,,,227,,,,,,,,,,,243,,,,,,,,,,,,,,,,,,,,,,,,,,,,,,,299,460,1266,484,,212,222,,267,,547,207,145,,242,17,,640,,,,,,,,67,,121,,,,,,,88,,,,,,,,,,,40,,,,,,,,,188,,,,,,,,,,,,,,,,,,,130,,,,,,,,,,,,,,,,134,,,131,,,406,,370,18,,,317,,,336,,496,,,,437,86,,,,,,134,,,,,,,,,,,,,164,73,,22,,,,449,,,,,,,,254,,,,,,,,,,,,,,,,,,,,,,,,187,,,,89,,,261,521,386,,,371,221,,201,,,17,,,228,,,259,,136,,63,132,783,7,,,61,281,322,66,1115,,287,,189,175,,,,,,,,,,,,,,,,,,,,,,272,84,123,,529,,,261,,324,,,,,,,,,,,63,,,,,,,223,213,,291,361,609,203,141,656,,116,40,120,,128,114,,,155,222,305,271,170,,181,,,,,,,,,,,,,,,,,,,,,,,,,,,,,,,,,,,,,,,,101,283,18,278,,,562,,215,,,241,,172,83,84,,186,482,,,,,,,,448,,,505,,221,190,,,,
2026-08-16T12:00:01+00:00,148,337,,,565,38,161,236,322,,314,297,,,285,,,,,,510,413,,,,,,,55,1107,32,,,,,,,35,,92,,122,,31,,,,,,,303,,,,,1,,,,,,,98,,,,,,,,,234,,,109,270,241,179,,196,211,185,,,,,76,245,,248,,518,62,273,212,430,357,88,48,,225,351,388,,,,682,276,,211,298,1106,,,,20,,,911,204,25,497,,76,105,,,,,,,,,,,,,,,,,,,,,,,,,,,,,,,,,,,,,,,,,,,,,,,,,,,,,,,,,,,,148,,239,17,47,643,,,,,,,,68,,,,,,,,,89,,,49,,111,,,,,,41,,,,,,,,,189,,,,,,,,1,,,,,,161,,,,,132,,,,,43,,,,,51,,,,,,127,,200,,,242,,,372,14,,301,314,,,335,399,498,,,,440,,,1034,,,,,,,,,,,,,,,,,,,,,,,,,,,,,,,,,,,,,,,,,,,,,,,,,,,,,,,,184,,41,,88,,,262,519,385,,,,223,,,,,,,,,,29,261,,135,,65,,787,,114,42,58,,311,,1114,279,289,88,,172,,,,,,,,,,,,,,,,,,,,,,,,,,,,,,,,,,,,,,,,,,,,,,,,,,,,,,612,204,140,,143,,43,119,318,126,115,,45,153,219,301,258,168,,,,315,,255,,,,,,,,,,,,,,,,,,,,,,,,,,,,,,,,,,,,98,284,20,274,,100,559,,,,,239,,171,81,,,184,,327,,,,,,,446,,,,,,189,,,,
2026-08-16T12:05:01+00:00,146,,,,564,39,159,237,321,,316,295,,,287,,,,,,,414,197,,,,,,53,1104,,,,171,,,,,133,90,,,,30,,,,,,,298,,,,,2,14,,,,,,95,,,59,,,100,,,237,,,108,269,237,175,288,195,213,181,,,,,,,,,,,,,,,,,,,,,,,,,,,,,,,,,,,,,,,,,,,,,,,,,230,,,,,545,,,,,181,,,,,,,,178,,,266,,655,,279,,113,,,,,,,,,,,,,,,,,1261,482,116,211,225,,264,263,548,209,147,,,17,48,635,,,,,,,,,,120,,,,,,,90,,,50,,112,,,,,,42,,,,,,,,,182,,,,,,521,,2,,,,,,,,,,,,,,,,42,,,,,52,,,,,,125,486,202,133,263,240,404,,371,12,,302,,,669,,398,497,,,,436,,,1035,,,,133,,,,,,,,,,,,,163,74,,,,,,450,,,,,,,,257,,,,,,,,,,,,,,,,,,,,,,,,178,85,40,113,83,149,,,518,384,36,,,225,,202,,,,,167,227,,,266,,137,,60,128,801,6,115,43,54,279,314,,1110,,,,190,174,,,,,,,,,,,,,,,,,,,,,,,,119,,537,,,260,,323,,,,107,96,,,,,,61,,,,141,,,221,212,,292,,,200,,658,144,114,41,117,319,,113,,,154,220,305,260,,,180,,,,,,,,,,,,,,,,,,,,,,,,,,,,,,,,,,,,,,,,97,279,18,267,,,558,,214,,,,,,82,,,186,,326,,,,,,,440,,,,,220,,,,325,
2026-08-16T12:10:01+00:00,,338,,,560,38,,238,320,,318,,,,293,,,,,,,,194,,,5,,,51,1101,,,,169,,,,,,94,,123,,31,,,,,,,296,30,,,,,13,,,,,,94,,,58,,,,,,239,,,,267,,,,,,,,,,,,243,,245,,517,63,,,432,,89,50,112,,,389,,,42,,,,210,,1110,,,,23,116,,910,,31,498,,70,92,,,,,,,,,,,,,,,,,,,,,,,,,,,,,,,,,,,,,,,,,,,,,,,,,,,,,,,,,,,,,,243,17,49,632,,,,,,,,,,118,,,,,,,93,,,,,108,,,,,,41,,,,,,,,,189,,,,,,,,3,,,,,,162,,,,,133,,,,,36,,,,,,,,,,,124,483,,,,,,,369,14,,304,313,,,,397,495,138,,,438,84,,1038,,,,130,,,,,,,,,,,,,,73,24,21,,,,448,,,,,,,,255,,,,,,,,,,,,10,,,,,,,,,,,,180,84,,114,,150,76,,,383,,,372,224,,201,,,,,,230,,,270,156,133,,55,127,807,4,,42,50,280,,,1104,280,291,90,,173,,,,,,,,,,,,,,,,,,,,,,276,,,,,,270,259,,322,362,,,,,,,,,,62,,,299,,,,223,,,293,363,610,199,144,659,143,,,116,318,127,112,,,153,,306,,,,176,,314,,,,,,,,,,,,,,,,,,,,,,,,,,,,,,,,,,,,,,93,289,13,263,,,,,215,,,237,,169,80,,,,,325,,,,,,,430,,,,,219,,,,,
2026-08-16T12:15:02+00:00,147,337,,156,559,33,158,237,,,319,291,,,288,,,,,,,415,196,,,8,,,50,,,,,173,,,,,,95,,124,,,,,,,,,288,,,,,3,14,,,177,,,,,,57,,,99,,,241,,,106,264,234,173,289,193,,180,,,,,,,,,,,,,,,,,,,,,,,,,,,,,,,,,,,,,907,202,,494,,69,80,,,,,,229,,,,,,,,,,182,244,,,,,,,187,,,272,,656,,277,,108,,,,,,,,,,,,,,,,457,,476,,210,229,61,265,264,,211,,,,17,45,,,,,,,,,70,,,,,,,,,92,,,,,109,,,,,,,,,,,,,,,191,,,,,,,,,,,,,,159,,,,,,,,,,37,,,,,,,,,,,121,485,204,,,,405,,367,13,,,317,,,,394,494,,,233,441,82,,1039,,,,128,,78,,,,,,,,,,,162,72,26,,,,,449,,,,,,,,258,,,,,,,,,,,,11,,,,,,,,,,,,179,83,,,,,,264,515,385,37,,,219,,199,,,,,168,231,,,273,151,132,,50,128,812,,112,41,47,,309,63,1102,283,292,94,,178,,,,,,,,,,,,,,,,,,,,,,,,120,,,,,,,,,,,106,,,,,,,,,,,,,,,215,,,361,613,,146,660,142,113,40,,317,125,,,,150,215,309,258,,,181,,312,,256,,,,,,,,,,,,,,,,,,,,,,,,,,,,,,,,,,,,95,285,12,261,,100,557,,216,,,236,,170,81,,,184,,324,,,,,,,429,,,507,,,,,,320,
2026-08-16T12:20:01+00:00,150,338,,,561,35,160,236,321,,322,288,,,276,,,,,,,414,,,,9,,,,1103,31,,,174,,,,,134,99,,123,,,,,,,,,278,,,,,4,13,,,176,,,91,,,58,,,98,,,239,,,105,265,,177,291,,214,182,,,,,79,,413,250,242,520,62,272,,433,,83,52,114,227,356,,,,39,,,118,,295,1111,,,,28,,,,,,,,,,,,,,,,,,,,546,,,,,181,245,,,,,,,,,,273,,654,,281,,107,,,,,,,,,,,,,,,,,,,,,,,,,,,148,,241,17,46,629,,,,,,,,71,,115,,,,,,,93,,,,,,,,,,,,,,,,,,,,190,,,,,,523,,,33,,,,,,,,,,132,,,,,,,,,,53,,,,,,122,,202,,264,238,404,,,12,12,,,,,,393,490,,,,440,,,1040,,,,130,,79,,,,,,,,,,,,74,23,,,,,450,,,,,,,,260,,,,,,,,,,,,,,,,,,,,,,,,170,,39,115,84,,,,514,387,,39,373,,,,,,,,169,230,,28,,147,126,,48,,819,0,114,43,46,279,315,,1097,288,290,,,179,,,,,,,,,,,,,,,,,,,,,,272,,118,,534,,272,261,,323,359,,,108,97,,,,,,,,,298,140,,,226,209,,,360,616,197,,661,140,114,41,118,318,,,,,158,213,306,257,167,,180,,,,,,,,,,,,,,,,,,,,,,,,,,,,,,,,,,,,,,,,94,281,,262,,,556,,218,,,,,169,79,,,186,,323,,,,,,,426,,,505,,220,190,,,,
2026-08-16T12:25:01+00:00,152,,,,562,38,162,234,322,,325,289,,,268,,,,,,,415,197,,,13,,,48,1105,,,,177,,,,,133,,,,,,,,,,,,267,29,,,,3,12,,,177,,,92,,,,,,,,,237,,,107,263,,,,,,,,,,,,,,,,,,,,,,,,,,,,,,,,,,,,,,,,,117,,905,200,37,495,,67,69,,,,,,,,,,,,,,,,,,,,,,,,,,,,,,,,,,,,,,,,,,,,,,,,298,456,1260,471,117,218,234,65,,263,,,147,,242,17,50,624,,,,,,,,,,113,,,,,,,95,,,49,,108,,,,,,40,,,,,,,,,188,,,,,,,,,32,,,,,,,,,,131,,,,,38,,,,,,,,,,,,487,203,132,265,239,406,,366,13,,,314,,,,,,,,,438,,,1043,,,,132,,77,,,,,,,,,,,,72,24,22,,,,449,,,,,,,,258,,,,,,,,,,,,12,,,,,,,,,,,,160,,,,85,,,263,513,389,,,,221,,,,,,,170,234,,27,,148,124,,46,130,828,,110,42,,,,,,,,,,,,,,,,,,,,,,,,,,,,,,,,,,,,,,,,,,,,,,,,,,,,,,,,,,,,,,,358,622,193,142,664,141,,40,117,320,123,111,,,162,,304,258,168,,174,,311,,,,,,,,,,,,,,,,,,,,,,,,,,,,,,,,,,,,,,91,271,10,258,,,554,,219,,,239,,168,80,85,,,483,321,,,,,,,418,,,501,,,192,,,323,
2026-08-16T12:30:02+00:00,,337,,,,37,163,,321,,326,,,,255,,,,,,509,416,208,,,11,,,51,1106,,,3,179,,,,,132,102,,124,,,,,,,,,262,,,,,,13,,,,,,,,,,,,96,,,234,,,100,260,235,,289,192,215,184,,,,,73,242,407,252,,517,,273,,434,359,86,54,,232,355,388,,,37,681,277,,207,294,1100,,,,30,,,,,,,,,,,,,,,233,,,,,,,,,,182,244,,,,,,,178,,,269,,653,,286,,,,,,,,,,,,,,,,,,,,,,,,,,,,,148,,246,17,52,621,,,,,,,,,,116,,,,,,,,,,48,,,,,,,,42,,,,,,,,,190,,,,,,521,,4,33,,,,,157,,,,,135,,,,,37,,,,,52,,,,,,121,490,202,,,238,405,,364,15,,301,315,,,,392,488,,,,,80,,1046,,,,130,,74,,,,,,,,,,,164,74,,,,,,,,,,,15,,,,,,,,,,,,,,,,,,,,,,,,,,,,,40,112,,,,262,,390,,,374,,,,,,,,,,,,,143,,,44,,,,111,,54,,318,,1098,293,286,,191,181,,,,,,,,,,,,,,,,,,,,,,271,,117,,535,,,,,,,,,,,,,,,,61,,,297,,,,222,,,292,,624,191,141,,139,,43,118,,121,110,,47,160,,301,260,166,,172,,312,,,,,,,,,,,,,,,,,,,,,,,,,,,,,,,,,,,,,,89,258,9,255,,,555,,217,,,240,,,81,,,185,484,,,,,,,,413,,,503,,,193,,,,
2026-08-16T12:35:01+00:00,151,,,,565,39,165,240,324,,327,290,,,247,,,,,,,,211,,,,,,54,1105,,,,,,,,,131,101,,121,,30,,,,,,,260,28,,,,,,,,,,,87,,,,,,95,,,231,,,99,259,,,,,,,,,,375,70,244,409,254,,514,,272,,436,360,85,55,,233,354,380,,,36,679,278,,209,,1091,,,,39,,,901,,41,497,,62,60,,,,,,,,,,,,,,,,,,,,,,,,,,,,,,,,,,,,,,,,,,,,,,,,297,454,1263,465,,219,237,64,264,,551,,150,,241,17,47,613,,,,,,,,72,,115,,,,,,,94,,,50,,109,,,,,,41,,,,,,,,,194,,,,,,,,5,35,145,,,,158,,,,,137,,,,,,,,,,54,,,,,,,491,,136,262,237,,,366,14,10,303,,,,,393,483,139,,,,81,,1048,,,,131,,75,,,,,,,,,,,,73,,20,,,,,,,,,23,,,252,,,,,,,,,,,,11,,,,,,,,,,,,155,,37,110,83,,,,509,391,,,373,220,,,,,,,168,233,,,275,135,126,,46,,833,,107,43,,,,,,,,,,,,,,,,,,,,,,,,,,,,,,,,269,85,116,,529,,273,,,,,,,,,,,,,,,,,,141,,,,208,,,359,626,190,143,663,137,116,44,121,318,120,,160,48,158,217,300,,161,,164,,,,,,,,,,,,,,,,,,,,,,,,,,,,,,,,,,,,,,,,,260,,252,,,,,215,,,,,,83,,,186,483,,,,,,,,408,,,,,,191,,,,
2026-08-16T12:40:02+00:00,149,336,,,564,41,166,242,,,330,,,,239,,,,,,,,210,,,14,,,56,1102,,,4,181,,,,,130,99,,122,,,,,,,,,251,,,,,2,,,,176,,,83,,,61,,,93,,,233,,,101,257,225,180,,188,,183,,,,,,,,,,,,,,,,,,,,,,,,,,,,,,,,,,,,,,,,,,,,,,,,,230,,,,,545,,,,,183,245,,,,,,,174,,,267,,655,,283,,106,,,,,,,,,,,,,,,,,,,,,,,,,,,151,,240,17,48,617,,,,,,,,,,113,,,,,,,91,,,,,110,,,,,,42,,,,,,,,,,,,,,,522,,,,,,,,157,,,,,,,,,,,,,,,,,,,,,,492,201,138,,236,,,362,15,,,316,,,336,390,480,138,,,437,80,,1046,,,,133,,74,,,,,,,,,,,165,72,,,,,,450,,,,,21,,,242,,,,,,,,,,,,12,,,,,,,,,,,,152,,,,84,,,257,507,,,,374,,,200,,,,,,,,,,129,127,,,129,834,,104,,30,277,315,,1104,297,287,95,,184,,,,,,,,,,,,,,,,,,,,,,273,84,119,,524,,274,259,,,360,,,107,96,,,,,,62,,,298,140,,,218,194,,,,625,191,145,661,136,117,,124,,,,,,166,219,299,256,,,160,,,,,,,,,,,,,,,,,,,,,,,,,,,,,,,,,,,,,,,,84,254,8,250,,,,,,338,,241,,169,80,,,,482,,,,,,,,409,,,500,,,,,,320,
2026-08-16T12:45:01+00:00,147,334,,,565,43,,239,325,,,292,,,237,,,,,,508,415,216,,,,,,59,1100,,,5,183,,,,,131,101,,120,,,,,,,,,248,29,,,,3,12,,,,,,82,,,62,,,94,,,232,,,102,255,228,182,288,190,,184,,,,376,68,,,,243,,61,,,434,,82,56,,232,,378,,714,35,675,,,,,1088,,,,40,,,895,,47,496,,60,63,,,,,,225,,,,,,,,,,182,246,,,,,,,,,,268,,658,,284,,108,,,,,,,,,,,,,,,,451,1262,451,,,239,63,,,547,213,150,,237,17,44,613,,,,,,,,,,111,,,,,,,,,,,,109,,,,,,,,,,,,,,,188,,,,,,,,4,33,,,,,158,,,,,136,,,,,,,,,,,,,,,,120,489,200,,263,233,,,359,12,,300,315,,,,,477,,,,436,,,1047,,,,,,73,,,,,,,,,,,166,71,25,19,,,,449,,,,,18,,,233,,,,,,,,,,,,,,,,,,,,,,,,150,,35,108,,,74,,,386,,,373,,,199,,,,,169,,,26,,125,130,,47,,836,2,103,41,,,,,,,,,,,,,,,,,,,,,,,,,,,,,,,,,,,,,,,,,,,,,,,,,,,,,,,,,,,,,,,361,629,,,662,135,122,45,,319,119,,,,164,,297,257,,,157,,,,,,,,,,,,,,,,,,,,,,,,,,,,,,,,,,,,,,,,83,255,10,245,,,554,,211,,,239,,,78,,,,483,320,,,,,,,,,,503,,219,,,,,
2026-08-16T12:50:01+00:00,145,,,,568,,164,241,324,,334,,,,231,,,,,,507,,220,,,9,,,58,,,,4,185,,,,,133,100,,,,31,,,,,,,243,27,,,,2,13,,,,,,81,75,,63,,,91,,,227,,,100,,,,,,,,,,,,,,,,,,,,,,,,,,,,,,,,,,,,,,,,,,,,,,,,,,,,,,,,,,,,,,,,,,,,,,,,,,,,,,,,,,,,,,,,,,,,,,,,,,,,,,,,,,,,,,145,,234,17,,611,,,,,,,,,,109,,,,,,,89,,,,,,,,,,,41,,,,,,,,,185,,,,,,,,5,32,,,,,157,,,,,137,,,,,36,,,,,,,,,,,,,201,139,,230,,,356,13,9,302,318,,,,,475,137,,,,81,,1046,,,,140,,72,,,,,,,,,,,163,74,20,21,,,,448,,,,,31,,,226,,,,,,,,,,,,,,,,,,,,,,,,153,,37,103,,148,73,258,506,383,,,374,219,,,,,18,,,,,28,,121,129,,42,128,838,,,40,50,279,319,66,1100,301,285,96,192,187,,,,,,,,,,,,,,,,,,,,,,276,,,,522,,275,258,,321,,,,106,,,,,,,60,,,296,,,,,193,,293,364,630,190,146,664,,121,44,125,320,120,108,,49,,223,298,264,159,,154,,311,,,,,,,,,,,,,,,,,,,,,,,,,,,,,,,,,,,,,,82,253,11,240,,,,,212,,,238,,170,79,,,,,318,,,,,,,,,,502,,,190,,,,
2026-08-16T12:55:01+00:00,,335,,,565,46,166,239,326,,335,291,,,229,,,,,,,416,217,,,8,,,60,,,,6,187,,,,,136,,,,,,,,,,,,238,28,,,,,12,,,,,,82,,,66,,,,,,229,,,,256,230,177,287,192,214,188,,,,378,71,,404,255,244,509,60,,,429,,84,57,,234,351,367,,713,34,,281,,207,292,1081,,,,44,,,893,198,49,494,,49,64,,,,,,231,,,,,544,,,,,184,249,,,,,,,,,,267,,659,,287,,107,,,,,,,,,,,,,,,,452,1266,454,,218,241,,,262,546,214,144,,237,17,38,616,,,,,,,,73,,,,,,,,,,,,52,,110,,,,,,,,,,,,,,,178,,,,,,,,1,,,,,,155,,,,,,,,,,,,,,,55,,,,,,,,200,140,264,,402,,358,15,6,301,320,,,,391,477,,,,435,,,,,,,142,,74,,,,,,,,,,,164,78,17,18,,,,450,,,,,32,,,225,,,,,,,,,,,,,,,,,,,,,,,,160,82,39,102,83,,,259,503,385,,,373,221,,197,,,,97,168,236,,27,,116,132,,39,127,,0,,39,,,318,65,1101,,287,98,,189,,,,,,,,,,,,,,,,,,,,,,277,,,,519,,,,,320,,,,,,,,,,,61,,,,,,,220,190,,294,362,625,192,,667,,119,,129,319,,109,158,50,170,222,,260,161,,160,,312,,,,,,,,,,,,,,,,,,,,,,,,,,,,,,,,,,,,,,78,248,,239,,,553,,211,339,,,,171,78,,,184,482,,,,,,,,412,,,500,,,,,,320,
2026-08-16T13:00:01+00:00,,336,,157,566,48,165,241,328,,336,289,,,,,,,,,505,,219,,,,,,62,1104,,,4,184,,,,,135,,,,,,,,,,,,236,,,,,1,,,,,,,89,,,68,,,90,,,,,,,,231,176,,193,,187,,,,379,68,249,399,253,246,513,57,,,426,361,83,,,231,,361,,712,35,673,,,208,,1064,,,467,49,,,891,,51,,,50,,,,,,,,,,,,,,,,,,,,,,,,,173,,,259,,660,,279,,104,,,,,,,,,,,,,,,,,,,,,,,,,,,143,,232,17,33,615,,,,,,,,72,,,,,,,,,86,,,,,108,,,,,,,,,,,,,,,169,,,,,,,,0,31,,,,,154,,,,,,,,,,37,,,,,54,,,,,,117,491,,,,232,,,356,17,7,,322,,668,335,392,,138,,,434,82,,,,,,154,,73,,,,,,,,,,,163,74,16,17,,,,,,,,,25,,,218,,,,,,,,,,,,11,,,,,,,,,,,,164,,,105,80,147,,257,,386,,,,,,,,,,98,,235,,28,274,115,131,,35,125,841,1,106,38,,,,,,,,,,,,,,,,,,,,,,,,,,,,,,,,279,,118,,,,274,,,321,361,,,,,,,,,,62,,,293,,,,217,,,,,,193,148,670,136,123,45,,,118,110,157,49,,226,,257,160,,157,,,,,,,,,,,,,,,,,,,,,,,,,,,,,,,,,,,,,,,,75,240,10,232,,,552,205,,,,,,,76,,,,,,,,,,,,405,,,499,,,,,,,
2026-08-16T13:05:01+00:00,148,,,,565,46,164,243,327,,,288,,,230,,,,,,504,413,223,,,9,,,69,1103,,,3,,,,,,136,101,,121,,30,,,,,,,233,,,,,3,13,,,177,,,91,,,70,,,91,,,235,,,,255,,,,,,,,,,,,,,,,,,,,,,,,,,,,,,,,,,,,,,,,,,,,,,,,,,,,,,,233,,,,,543,,,,,,,,,,,,,,,,,,,,,,,,,,,,,,,,,,,,,296,448,1264,450,,,,,,259,545,211,142,,,17,,605,,,,,,,,,,112,,,,,,,,,,,,109,,,,,,,,,,,,,,,168,,,,,,,,,32,146,,,,153,,,,,,,,,,,,,,,,,,,,,116,490,,143,265,229,403,,355,14,,,323,,,,391,475,,,,,84,,,,,,152,,68,,,,,,,,,,,,75,12,16,,,,448,,,,,21,,,215,,,,,,,,,,,,12,,,,,,,,,,,,161,,40,106,,,75,,500,,,,,223,,196,,,,,,236,,25,273,113,120,,27,126,842,0,,37,45,273,332,66,1106,303,289,,,179,,,,,,,,,,,,,,,,,,,,,,280,,119,,517,,,,,319,360,,,,,,,,,,63,,,294,141,,,211,,,,,,,147,,135,129,,128,,,,,,166,227,300,,161,,155,,313,,,1,,,,,,,,,,,,,,,,,,,,,,,,,,,,,,,,,,,74,233,,230,,,550,,208,,,239,,169,74,,,185,481,320,,,,,,,404,,,,,218,191,,,320,
2026-08-16T13:10:02+00:00,147,,,,,45,160,244,326,,340,287,,,,,,,,,,415,224,,,13,,,71,1105,,,,182,,,,,,,,118,,31,,,,,,,,30,,,,,,,,179,,,88,,,68,,,,,,231,,,,256,218,177,286,186,215,186,,,,,65,254,396,252,,516,56,,211,427,,,60,,232,,357,,,34,669,279,,,,1055,,,,50,,,884,199,66,493,,47,62,,,,,,,,,,,,,,,,,,,,,,,,176,,,260,,659,,271,,172,,,,,,,,,,,,,,,,,,,,,,,,,,,139,,227,17,,604,,,,,,,,,,114,,,,,,,89,,,,,110,,,,,,,,,,,,,,,170,,,,,,,,,,147,,,,149,,,,,,,,,,36,,,,,,,,,,,111,492,201,,,,,,,19,,303,,,,,392,477,137,,,433,85,,,,,,146,,,,,,,,,,,,,165,73,13,15,,,,450,,,,,25,,,220,,,,,,,,,,,,15,,,,,,,,,,,,162,81,38,,79,,,258,502,385,,,,,,194,,,,,,234,,24,,110,118,,29,,844,,,38,,,,65,,,,,,,,,,,,,,,,,,,,,,,,,,,,,,118,,,,,,,,,,,107,,,,,,,,,,,,,,,187,,,,624,188,,672,137,,44,129,,115,109,,,167,232,299,259,162,,154,,314,,,4,,,,,,,,,,,,,,,,,,,,,,,,,,,,,,,,,,,75,231,6,228,,,551,,,,,241,,166,72,,,184,,,,,,,,,409,,,500,,,192,,,,
2026-08-16T13:15:01+00:00,146,,,,563,,158,245,325,,342,288,,,232,,,,,,503,,222,,,15,,,72,1103,,,7,,,,,,137,,,,,,,,,,,,232,,,,,2,12,,,,,,83,,,69,,,,,,235,,,97,255,216,176,,184,,187,,,,380,66,,393,255,247,514,53,,,429,362,81,61,,231,,356,,711,35,,281,,206,287,1048,,,,52,,,,,,,,,,,,,,,,,,,,542,,,,,,247,,,,,,,172,,,258,,,,270,,,,,,,,,,,,,,,,,298,446,1265,438,118,226,,,261,261,544,,136,,223,17,35,600,,,,,,,,74,,116,,,,,,,88,,,51,,109,,,,,,,,,,,,,,,166,,,,,,,,1,29,,,,,,,,,,138,,,,,,,,,,,,,,,,113,,199,,263,230,401,,,22,,302,324,,,334,,473,,,,432,86,,,,,,147,,66,,,,,,,,,,,166,,11,,,,,448,,,,,23,,,219,,,,,,,,,,,,11,,,,,,,,,,,,157,,41,105,78,,74,256,501,386,,38,,,,192,,,,,,231,,,274,109,116,,31,125,842,,105,37,36,272,333,,1107,301,288,99,,182,,,,,,,,,,,,,,,,,,,,,,283,,,,522,,,,,321,361,,,108,,,,,,,62,,,293,140,,,208,185,,,361,625,192,144,673,138,,42,,,116,112,159,46,,233,300,257,156,,,,316,,257,7,,,,,,,,,,,,,,,,,,,,,,,,,,,,,,,,,,,,230,5,227,,,550,,,,,242,,,73,,,182,,,,,,,,,405,,,497,,219,,,,322,
2026-08-16T13:20:02+00:00,148,337,,,,44,155,,328,,344,289,,,231,,,,,,,416,,,,19,,,73,1104,30,,6,179,,,,,135,,,,,,,,,,,,231,29,,,,4,,,,,,,82,73,,72,,,88,,,236,,,98,,,,,,,,,,,,,,,,,,,,,,,,,,,,,,,,,,,,,,,,,,,,,,,,,,,,,,,,,,,,,,,,,,,,,,,,,,,,,,,,,,,,,,,,,,,,,,,,,,,,,,,,,,,,,,133,,221,17,32,606,,,,,,,,,,117,,,,,,,90,,,52,,,,,,,,,,,,,,,,,160,,,,,,,,0,,148,,,,148,,,,,,,,,,37,,,,,,,,,,,114,493,194,,262,,403,,359,17,,304,326,,,,390,,,,,,83,,1048,,,,148,,64,,,,,,,,,,,161,,,17,,,,449,,,,,25,,,218,,,,,,,,,,,,15,,,,,,,,,,,,154,,,102,,,75,257,,384,,37,376,221,,,11,,,,,,,25,,,114,,32,,,,104,38,39,270,338,67,1102,297,282,,,184,,,,,,,,,,,,,,,,,,,,,,284,,119,,,,273,,,322,359,,,106,,,,,,,67,,,292,142,,,206,182,,,364,,193,146,676,,,,,318,117,114,,,,234,298,258,152,,153,,315,,,,,,,,,,,,,,,,,,,,,,,,,,,,,,,,,,,,,,73,223,4,228,,,,,210,,,,,,72,,,181,,321,,,,,,,,,,498,,218,195,,,323,
2026-08-16T13:25:01+00:00,150,,,,565,43,157,244,327,,351,287,,,,,,,,,501,420,226,,,17,,,75,1101,,,8,178,,,,,138,,,115,,32,,,,,,,229,,,,,5,,,,,,,83,,,,,,87,,,,,,101,,226,181,,,,186,,,,381,63,257,396,257,250,513,54,273,,428,363,79,62,115,233,352,354,,,,665,,,,285,1036,,,,54,,,877,200,65,490,,49,62,,,,,,245,,,,,544,,,,,,248,,,,,,,175,,,257,,,,273,,173,,,,,,,,,,,,,,,300,,1264,436,,234,,64,,262,545,213,,,220,17,35,613,,,,,,,,,,122,,,,,,,94,,,,,106,,,,,,,,,,,,,,,161,,,,,,523,,,28,,,,,147,,,,,139,,,,,,,,,,55,,,,,,115,489,193,142,261,,,,364,16,6,,324,,,335,391,,,,,430,81,,,,,,,,,,,,,,,,,,,,,,,,,,,,,,,,,,,,,,,,,,,,,,,,,,,,,,,,,,149,,40,,77,,74,254,496,,,36,377,219,,,,,,,165,227,,24,,106,107,,31,126,843,,102,,,,,,,,,,,,,,,,,,,,,,,,,,,,,,,,,282,,,,520,,,259,,321,,,,105,94,,,,,,,,,291,,,,,177,,293,361,624,196,,675,,127,,131,320,116,113,158,,171,236,291,253,154,,150,,313,,,,,,,,,,,,,,,,,,,,,,,,,,,,,,,,,,,,,,69,211,3,222,,99,,,208,,,,,168,74,,,,480,319,,,,,,,404,,,495,,216,,,,322,
2026-08-16T13:30:01+00:00,154,338,,,,44,159,246,325,,352,285,,,230,,,,,,,421,224,,,16,,,74,1098,,,,,,,,34,139,,,120,,,,,,,,,226,,,,,,,,,,,,78,,,71,,,,,,234,,,104,,,,,,,,,,,,,,,,,,,,,,,,,,,,,,,,,,,,,,,,,,,,,,,,,,,,,,,,,,,,,,,,,,,,,,,,,,,,,,,,,,,,,,,,,,,,,,,,,,,,,,,,,,,,,,131,,,17,36,617,,,,,,,,,,121,,,,,,,,,,53,,105,,,,,,,,,,,,,,,162,,,,,,522,,,27,,,,,,,,,,141,,,,,36,,,,,56,,,,,,116,490,195,141,,228,401,,,12,5,306,322,,,,392,,138,,,431,80,,1047,,,,152,,,,,,,,,,,,,158,75,12,18,,,,,,,,,37,,,222,,,,,,,,,,,,17,,,,,,,,,,,,153,,,,78,,75,,490,381,,,,220,,193,,,,97,159,230,,,272,103,,,32,124,,,101,40,38,271,339,66,1100,294,289,97,,187,,,,,,,,,,,,,,,,,,,,,,,,,,,,,,,,,,,,,,,,,,,,,,,,,,,,,362,623,195,147,,136,,43,,,119,111,,47,174,237,288,254,152,,151,,314,,,5,,,,,,,,,,,,,,,,,,,,,,,,,,,,,,,,,,,67,209,1,227,,,549,,209,,,241,,170,72,,,,,318,,,,,,,407,,,,,,,,,,
2026-08-16T13:35:01+00:00,155,337,,,564,43,162,250,,,354,287,,,228,,,,,,502,422,233,,,,,,76,1096,,,10,175,,,,,137,,,118,,31,,,,,,,222,28,,,,,,,,178,,,76,74,,,,,,,,236,,,105,253,232,174,,182,217,183,,,,382,58,259,400,258,253,515,55,274,,422,362,87,,114,,354,358,,,,666,279,,204,,1027,,,,53,,,,,,,,,,,,,,,248,,,,,542,,,,,,249,,,,,,,174,,,253,,657,,266,,167,,,,,,,,,,,,,,,303,445,1265,437,116,235,240,65,,261,542,216,132,,223,17,37,,,,,,,,,,,,,,,,,,,,,,,,,,,,,,,,,,,,,,158,,,,,,,,,22,,,,,,,,,,,,,,,37,,,,,,,,,,,114,493,196,142,260,227,403,,363,,6,,319,,,,393,470,,,232,429,79,,,,,,151,,63,,,,,,,,,,,160,79,9,17,,,,,,,,,31,,,212,,,,,,,,,,,,16,,,,,,,,,,,,145,,37,101,77,,,253,489,380,,,376,221,46,194,,,,95,156,227,,,,98,106,,28,125,844,,103,41,42,272,347,,1098,293,285,99,,189,,,,,,,,,,,,,,,,,,,,,,283,,,,521,,274,,,319,361,,,,95,,,,,,66,,,290,,,,200,176,,,,,200,150,,135,126,44,133,322,118,108,159,,171,245,290,258,145,,146,,312,,,10,,,,,,,,,,,,,,,,,,,,,,,,,,,,,,,,,,,68,206,-100,229,,,548,,,338,,,,169,,,,179,482,,,,,,,,412,,,496,,215,196,,,324,
2026-08-16T13:35:02+00:00,,,,,,,,,,,,,,,,,,,,,,,,,,,,,,,,,,,,,,,,,,,,,,,,,,,,,,,,,,,,,,,,,,,,,,,,,,,,,,,,,,,,,,,,,,,,,,,,,,,,,,,,,,,,,,,,,,,,,,,,,,,,,,,,,,,,,,,,,,,,,,,,,,,,,,,,,,,,,,,,,,,,,,,,,,,,,,,,,,,,,,,,,,,,,,,,,,,,,,73,,120,,,,,,,95,,,,,,,,,,,42,,,,,,,,,,,,,,,,,,,,,,,,,,,,,,,,,,,,,,,,,,,,,,,,,,,,,,,,,,,,,,,,,,,,,,,,,,,,,,,,,,,,,,,,,,,,,,,,,,,,,,,,,,,,,,,,,,,,,,,,,,,,,,,,,,,,,,,,,,,,,,,,,,,,,,,,,,,,,,,,,,,,,,,,,,,,,,,,,,,,,,,,,,,,,,,,,,,,,,,,,,,,,,,,,,,,,,,,,,,,,,,,,,,,,,,,,,,,,,,,,,,,,,,,,,,,,,,,,,,,,,,,,,,,,,,,,,,,,,,,,,,,,,,,,,,,,,,,,,,,,,,,,,,,,,,,,,,,
2026-08-16T13:40:02+00:00,156,338,,,571,41,167,249,,,355,285,,,227,,,,,,503,423,226,,,,,,77,,,,,173,,,,,,102,,121,,30,,,,,,,220,27,,,,,13,,,179,,,79,,,72,,,86,,,,,,103,257,,,,,,,,,,,60,256,405,259,,511,52,275,,420,,88,,,234,353,356,,712,36,664,280,,,282,1024,,,,55,,,,,,,,,,,,,,,243,,,,,544,,,,,183,250,,,,,,,177,,,,,656,,268,,162,,,,,,,,,,,,,,,,,,,,,,,,,,,129,,,17,38,625,,,,,,,,,,119,,,,,,,94,,,54,,,,,,,,,,,,,,,,,156,,,,,,,,,,147,,,,,,,,,,,,,,35,,,,,58,,,,,,,492,,141,,225,,,360,13,,,321,,,,394,466,,,,,81,,1045,,,,154,,60,,,,,,,,,,,,77,11,18,,,,450,,,,,32,,,213,,,,,,,,,,,,13,,,,,,,,,,,,140,80,38,,78,,,252,483,382,,,,220,,192,,,,96,,230,,,273,95,,,,126,,1,101,,38,268,349,,1099,284,288,103,193,196,,,,,,,,,,,,,,,,,,,,,,284,,123,,,,273,,,,,,,106,96,,,,,,65,,,291,140,,,196,179,,,365,625,207,149,676,136,125,,134,,121,110,,,170,,291,257,144,,144,,311,,,11,,,,,,,,,,,,,,,,,,,,,,,,,,,,,,,,,,,70,202,,228,,,550,,206,,,239,,,75,,,180,481,,,,,,,,411,,,494,,213,193,,,,
2026-08-16T13:45:01+00:00,,,,,574,40,165,250,324,,357,,,,225,,,,,,,424,227,,,17,,,81,1099,,,11,169,,,,,,101,,,,,,,,,,,,,,,,3,12,,,180,,,81,,,71,,,84,,,239,,,,258,233,169,285,183,,,,,,,,,,,,,,,,,,,,,,,,,,,,,,,,,,,,,,,871,195,63,492,,47,49,,,,,,,,,,,,,,,,,,,,,,,,,,,,,,,,,,,,,,,,,,,,,,,,,,1266,430,,238,241,,260,260,543,217,130,,222,17,41,630,,,,,,,,74,,,,,,,,,,,,,,106,,,,,,,,,,,,,,,157,,,,,,521,,1,21,,,,,148,,,,,,,,,,,,,,,,,,,,,107,494,197,140,,,404,,356,11,7,307,323,,,,,468,,,231,427,,,,,,,158,,,,,,,,,,,,,158,,12,19,,,,,,,,,34,,,210,,,,,,,,,,,,14,,,,,,,,,,,,136,,,102,,,,,475,380,,,373,218,,194,,,,,158,,,23,272,,102,,27,,,2,100,40,,,,,,,,,,,,,,,,,,,,,,,,,,,,,,,,,,,,,,,,,,,,,,,,,,,,,,,,,,,,,,,363,626,208,,680,135,127,45,,323,,,,,171,241,290,,145,,142,,,,,12,,,,,,,,,,,,,,,,,,,,,,,,,,,,,,,,,,,,196,2,229,,100,551,,207,,,238,,170,76,,,181,,,,,,,,,416,,,490,,,,,,320,
2026-08-16T13:50:01+00:00,,,,,576,42,167,,325,,359,287,,,224,,,,,,501,423,239,,,,,,83,,,,9,,,,,,,100,,120,,,,,,,,,223,28,,,,4,,,,178,,,,78,4,,,,,,,242,,,,257,,,,,,,,,,383,,258,403,255,,514,49,,,419,360,86,63,113,238,352,349,,711,41,666,,,203,281,1017,,,,56,,,,,,,,,,,,,,,238,,,,,545,,,,,181,251,,,,,,,,,,,,,,262,,,,,,,,,,,,,,,,,,,,,,,,,,,,,131,,223,17,42,632,,,,,,,,,,120,,,,,,,91,,,,,108,,,,,,,,,,,,,,,159,,,,,,522,,0,20,,,,,150,,,,,143,,,,,,,,,,,,,,,,103,496,196,,259,224,405,,361,13,6,,325,,,,395,461,,,,428,80,,1046,,,,165,,64,,,,,,,,,,,,,16,18,,,,,,,,,27,,,206,,,,,,,,,,,,,,,,,,,,,,,,126,,37,104,79,,,251,464,377,,34,,216,,192,,,,,,231,,,273,,,,28,,843,0,101,39,39,272,346,,1100,283,292,,,195,,,,,,,,,,,,,,,,,,,,,,304,,124,,523,,272,258,,318,365,,,108,,,,,,,63,,,290,,,,,180,,,359,621,,147,,136,128,,133,,122,109,161,,174,246,293,254,140,,139,,313,,,11,,,,,,,,,,,,,,,,,,,,,,,,,,,,,,,,,,,73,184,,226,,,552,,211,,,,,,74,,,,,319,,,,,,,414,,,489,,212,192,,,319,
2026-08-16T13:55:01+00:00,,,,,,43,171,247,323,,,286,,,,,,,,,,,245,,,14,,,86,1105,,14,10,167,,,,,,101,,121,,,,,,,,,222,,,,,1,13,,,,,,,,31,,,,,,,,,,,,220,,287,180,216,,,,,,53,,396,254,,510,45,,,417,357,85,64,,241,353,345,,713,42,659,279,,204,278,1021,25,,,60,,,867,,65,495,,,62,,,,,,,,,,,,,,,,,,,,,,,,,,,,,,,,,,,,,,,,,,,,,,,,,446,1264,443,115,239,239,,,262,544,,132,,225,17,41,634,,,,,,,,72,,125,,,,,,,92,,,53,,,,,,,,,,,,,,,,,162,,,,,,521,,,22,,,,,,,,,,141,,,,,,,,,,,,,,,,105,494,193,141,260,,404,,359,12,,,322,,,334,394,456,,,,,79,,,,,,168,,63,,,,,,,,,,,159,79,17,17,,,,,,,,,,,,,,,,,,,,,,,,13,,,,,,,,,,,,123,78,36,103,78,,,253,457,376,,33,,214,47,,,,,,157,229,,,274,98,100,,26,128,,,104,,40,269,339,,1104,286,295,,,193,,,,,,,,,,,,,,,,,,,,,,328,,,,517,,273,,,,363,,,,,,,,,,,,,,141,,,,,,,366,620,210,149,,137,130,44,135,324,,107,,,176,244,,253,138,,137,,314,,,,,,,,,,,,,,,,,,,,,,,,,,,,,,,,,,,,,,74,,5,222,,,,,214,,,239,,171,72,,,182,480,,,,,,,,410,,,494,,,190,,,317,
2026-08-16T14:00:02+00:00,,336,,,575,44,169,246,325,,,285,,,221,,,,,,502,422,242,,,9,,,92,1109,,15,9,164,,,,,140,,,,,,,,,,,,220,27,,,,2,,,,179,,,85,,53,68,,,83,,,273,,,105,259,,,,,,,,,,,,,,,,,,,,,,,,,,,,,,,,,,,,,,,,,,,,,,,,,,,,,,,233,,,,,,,,,,182,252,,,,,,,,,,251,,658,,259,,159,,,,,,,,,,,,,,,,,,,,,,,,,,,130,,222,17,,637,,,,,,,,,,126,,,,,,,93,,,52,,109,,,,,,,,,,,,,,,159,,,,,,,,,,148,,,,151,,,,,,,,,,,,,,,57,,,,,,111,491,194,,262,,406,,357,13,7,,318,,,335,392,448,,,,,81,,1044,,,,169,,65,,,,,,,,,,,158,,,18,,,,,,,,,31,,,208,,,,,,,,,,,,,,,,,,,,,,,,130,,,105,79,146,77,252,453,378,,31,369,,,191,,,,,158,,,22,275,97,103,,24,,,,103,38,,270,338,,,285,296,101,192,,,,,,,,,,,,,,,,,,,,,,,,,131,,,,,,,,,,,115,102,,,,,,,,,,,,,,174,,,367,627,209,150,685,136,128,43,137,326,120,,,,174,245,292,,137,,130,,,,,10,,,,,,,,,,,,,,,,,,,,,,,,,,,,,,,,,,,,173,,218,,,553,,212,,,240,,170,75,,,181,,,,,,,,,411,,,,,213,,,,,
2026-08-16T14:05:01+00:00,153,337,,,571,43,,247,323,,360,,,,219,,,,,,501,,243,,,8,,,95,1111,,18,12,,,,,,142,100,,120,,,,,,,,,221,,,,,8,,,,180,,,83,,74,71,,,84,,,277,,,104,260,202,167,285,178,,180,,,,382,54,256,395,256,252,513,47,,,419,,84,,,,,331,,714,,,,,,275,1016,,,,,,,860,194,,494,,43,,,,,,,235,,,,,,,,,,180,250,,,,,,,,,,,,,,,,,,,,,,,,,,,,,,,302,447,1268,437,117,240,242,66,259,263,,214,133,,223,17,43,640,,,,,,,,73,,127,,,,,,,94,,,54,,108,,,,,,43,,,,,,,,,158,,,,,,,,,23,,,,,,,,,,,,,,,,,,,,58,,,,,,128,490,196,,263,225,407,,,11,,,320,,,,393,450,,,,430,,,1043,,,,,,,,,,,,,,,,,,,,,,,,,,,,,,,,,,,,,,,,,,,,,,,,,,,,,,,,137,75,,106,,,76,250,441,375,,29,370,212,,190,,,,,156,223,,21,,102,106,,22,127,,2,101,39,,,,,,,,,,,,,,,,,,,,,,,,,,,,,,,,438,83,133,,522,,274,259,,317,367,,,119,106,,,,,,67,,,289,,,,201,177,,,369,625,,151,680,,127,,,,,108,,46,170,244,,255,,,127,,,,,,,,,,,,,,,,,,,,,,,,,,,,,,,,,,,,,,,,72,169,8,221,,,,,207,337,,,,,,,,,,,,,,,,,409,,,493,,,189,,,319,
2026-08-16T14:10:01+00:00,,,,,574,46,168,250,326,,362,284,,,220,,,,,,,420,249,,,7,,,101,1113,,17,11,166,,,,33,141,,,,,,,,,,,,220,29,,,,10,,,,,,,,,93,70,,,83,,,287,,,101,258,,,,,,,,,,,,,,,,,,,,,,,,,,,,,,,,,,,,,,,,,,,855,,63,,,34,79,,,,,,,,,,,,,,,,,,,,,,,,,,,244,,655,,249,,160,,,,,,,,,,,,,,,,,,,,,,,,,,,131,,229,17,45,635,,,,,,,,72,,,,,,,,,98,,,55,,107,,,,,,,,,,,,,,,164,,,,,,,,,,,,,,150,,,,,142,,,,,34,,,,,,,,,,,129,,194,140,262,226,408,,356,9,,,321,,,334,389,,,,230,,85,,1050,,,,185,,59,,,,,,,,,,,160,85,13,20,,,,449,,,,,30,,,,,,,,,,,,,,,,,,,,,,,,,,,139,,35,,80,,,249,435,373,,,369,211,,189,,,,97,,222,,19,,,,,,128,842,4,102,40,44,,349,,1101,290,298,,190,191,,,,,,,,,,,,,,,,,,,,,,485,,154,,529,,273,258,,316,370,,,128,108,,,,,,68,,,290,143,,,213,176,,,370,628,,149,679,138,128,42,136,,119,,,47,,243,295,,,,121,,,,,12,,,,,,,,,,,,,,,,,,,,,,,,,,,,,,,,,,,,163,,217,,,555,,209,,,238,,169,76,,,,481,320,,,,,,,407,,,495,,,,,,317,
2026-08-16T14:15:01+00:00,154,336,,,577,47,167,252,325,,364,,,,219,,,,,,,421,254,,,,,,102,,,14,13,167,,,,36,143,103,,,,31,,,,,,,218,,,,,18,,,,,,,86,,99,,,,81,,,,,,,260,197,168,284,182,214,187,,,,380,55,258,392,262,,,43,,,421,,77,65,112,,354,332,,726,,661,277,,203,274,1017,26,,,61,,,853,195,,493,,,97,,,,,,228,,,,,546,,,,,,248,,,,,,,,,,243,,,,252,,159,,,,,,,,,,,,,,,,446,1266,446,120,250,244,67,256,,543,213,,,233,17,42,640,,,,,,,,71,,129,,,,,,,99,,,,,,,,,,,,,,,,,,,,167,,,,,,,,,24,147,,,,152,,,,,141,,,,,35,,,,,59,,,,,,128,489,195,141,,227,,,357,10,,,316,,,,,451,,,229,429,86,,1090,,,,187,,58,,,,,,,,,,,159,83,14,,,,,450,,,,,33,,,214,,,,,,,,,,,,,,,,,,,,,,,,138,74,,104,81,,75,,427,374,,28,370,209,,188,10,,,,154,221,,18,,108,111,,23,,843,3,100,39,,,,,,,,,,,,,,,,,,,,,,,,,,,,,,,,,,,,,,,,,,,,,,,,,,,,,,,,,,,,,,,367,626,211,147,675,137,133,44,135,327,,109,160,48,169,245,298,250,134,,116,,313,,,11,,,,,,,,,,,,,,,,,,,,,,,,,,,,,,,,,,,,160,4,220,,,,,,,,237,,,77,,,,,,,,,,,,405,,,488,,212,,,,,
2026-08-16T14:20:01+00:00,155,337,,,579,45,,256,327,,365,281,,,225,,,,,,,420,248,,,3,,,106,1114,,13,14,,,,,,,107,,,,30,,,,,,,220,,,,,25,,,,,,,,,100,,,,83,,,284,,,106,264,,,,,,,,,,,,,,,,,,,,,,,,,,,,,,,,,,,,,,,,,,,,,,,,,,,,,,,,,,,,,,,,,,,,,,,,,,,,,,,,,,,,,,,,,,,,,,,,,,,,,,,,,,,,,128,,230,17,,643,,,,,,,,73,,127,,,,,,,,,,56,,108,,,,,,,,,,,,,,,170,,,,,,,,,22,,,,,151,,,,,,,,,,,,,,,,,,,,,127,488,197,142,261,,409,,356,12,,305,313,,,,387,453,,,,428,87,,1174,,,,192,,,,,,,,,,,,,156,85,13,22,,,,449,,,,,32,,,211,,,,,,,,,,,,12,,,,,,,,,,,,135,73,34,105,,,73,248,420,368,,26,369,210,,,,,,98,152,216,,19,,115,112,,,130,846,4,,38,56,269,353,65,1100,292,302,102,,190,,,,,,,,,,,,,,,,,,,,,,531,84,165,,530,,,257,,315,374,,,131,110,,,,,,69,,,,144,,,215,,,,364,628,216,153,674,,136,,,,,,,47,166,244,,253,133,,118,,,,,14,,,,,,,,,,,,,,,,,,,,,,,,,,,,,,,,,,,,157,,223,,,,,,,,,,,75,,,,480,,,,,,,,410,,,486,,,188,,,321,
2026-08-16T14:25:01+00:00,,336,,156,582,44,169,,328,,371,279,,,224,,,,,,,,250,,,4,,,108,1113,,18,15,168,,,,,145,108,,117,,32,,,,,,,221,28,,,,28,,,,179,,,80,79,105,71,,,87,,,,,,,,210,170,,187,,,,,,,53,262,391,263,253,515,,276,,424,356,72,,111,,356,326,,,41,663,278,,208,273,1004,,,,62,,,849,194,66,494,,37,131,,,,,,232,,,,,549,,,,,,246,,,,,,,,,,245,,654,,243,,157,,,,,,,,,,,,,,,,443,,,121,253,243,,258,265,537,,129,,224,17,44,646,,,,,,,,,,126,,,,,,,,,,,,109,,,,,,,,,,,,,,,176,,,,,,,,,23,,,,,152,,,,,140,,,,,36,,,,,,,,,,,122,483,199,147,262,228,408,,,,6,306,312,,,,383,,,,,429,86,,1205,,,,199,,59,,,,,,,,,,,155,,14,,,,,,,,,,31,,,208,,,,,,,,,,,,,,,,,,,,,,,,137,,36,,78,,72,249,415,367,,,370,209,,189,,,,,149,217,,,274,112,114,,,132,,,103,39,68,271,358,66,1097,297,305,101,,,,,,,,,,,,,,,,,,,,,,,,564,,167,,537,,272,256,,317,375,,,134,113,,,,,,71,,,289,145,,,217,182,,294,363,631,213,,673,,135,,,,121,110,,,,247,302,252,132,,117,,312,,,,,,,,,,,,,,,,,,,,,,,,,,,,,,,,,,,,,,73,160,6,224,,,556,,,338,,,,168,79,,,182,,321,,,,,,,419,,,489,,,,,,325,
2026-08-16T14:30:01+00:00,156,337,,154,585,46,171,259,331,,374,280,,,220,,,,,,502,421,246,,,,,,109,1116,,20,16,169,,,,,141,,,,,,,,,,,,222,,,,,29,,,,180,,,79,78,111,67,,,88,,,,,,,266,,,,,,,,,,,,,,,,,,,,,,,,,,,,,,,,,,,,,,,,,,,845,193,63,492,,44,159,,,,,,,,,,,,,,,,,,,,,,,,,,,,,,,,,,,,,,,,,,,,,,,,,,,,,,,,,,,,127,,225,17,43,,,,,,,,,,,,,,,,,,102,,,,,110,,,,,,,,,,,,,,,178,,,,,,,,,,,,,,153,,,,,141,,,,,41,,,,,,,,,,,119,480,200,148,,,,,361,,,,313,,669,,384,449,,,230,430,85,,1260,,,,204,,60,,,,,,,,,,,,87,17,23,,,,450,,,,,43,,,205,,,,,,,,,,,,,,,,,,,,,,,,140,,,107,77,,69,245,399,361,,,,210,,190,,,16,,148,220,,18,,,110,,22,,,3,104,40,75,272,,65,1092,300,307,103,,193,,,,,,,,,,,,,,,,,,,,,,576,,170,,,,271,257,,315,376,,,133,114,,,,,,73,,,291,144,,,221,183,,,364,634,214,152,,,137,43,,,122,111,159,,165,253,,,135,,115,,314,,,13,,,,,,,,,,,,,,,,,,,,,,,,,,,,,,,,,,,77,161,7,223,,,,,,,,235,,169,76,,,183,,325,,,,,,,418,,,490,,211,,,,,
2026-08-16T14:35:01+00:00,,338,,,584,45,172,255,329,,375,282,,,212,,,,,,,423,245,,,3,,,,1118,,23,14,167,,,,35,142,111,,118,,,,,,,,,223,34,,,,28,,,,179,,,74,,113,68,,,87,,,289,,,,,,163,,188,,192,,197,,,45,256,393,264,252,518,41,277,,428,357,67,66,112,246,358,322,,727,43,668,,,,,1000,,,,64,,,840,,74,493,,43,174,,,,,,226,,,,,550,,,,,179,247,,,,,,,,,,242,,657,,234,,148,,,,,,,,,,,,,,,,444,1267,451,,252,242,68,260,,,215,128,,220,17,45,644,,,,,,,,,,129,,,,,,,,,,,,,,,,,,,,,,,,,,,,,,,,,,,,24,,,,,,,,,,140,,,,,,,,,,,,,,,,116,477,203,147,264,230,,,362,10,7,304,316,,,,,447,,,,,,,1291,,,,211,,,,,,,,,,,,,153,86,14,,,,,,,,,,39,,,204,,,,,,,,,,,,13,,,,,,,,,,,,146,,,109,,145,65,243,392,363,,25,,209,,189,,,,,147,218,,19,,113,,,21,135,847,2,105,,78,274,363,66,,299,306,,191,,,,,,,,,,,,,,,,,,,,,,,592,,174,,538,,272,,,318,377,,,,112,,,,,,,,,292,143,,,220,,,295,368,640,213,,671,,,,,,,,,,,,,,,,,,,,,,,,,,,,,,,,,,,,,,,,,,,,,,,,,,,,,,,,,162,8,224,,,554,,207,,,236,,170,,,,,,,,,,,,,419,,,491,,212,187,,,,
2026-08-16T14:40:01+00:00,155,340,,,583,,173,258,327,,376,,,,197,,,,,,503,421,235,,,0,,,110,1117,,25,17,170,,,,,145,118,,117,,30,,,,,,,222,36,,,,30,,,,,,,76,,115,,,,88,,,290,,,,269,,,,,,,,,,,,,,,,,,,,,,,,,,,,,,,,,,,,,,,,,,,,,,,,,,,,,,,,,,,,,,,,,,,,,,,,,,,,,,,,,,,,,,,,,,,,,,,,,,,,,,,,,,,,,127,,224,17,46,647,,,,,,,,72,,128,,,,,,,,,,57,,111,,,,,,42,,,,,,,,,180,,,,,,,,,25,,,,,154,,,,,139,,,,,42,,,,,58,,,,,,118,475,204,148,,231,,,361,15,,,315,,,,386,445,,,,431,86,,1294,,,,213,,61,,,,,,,,,,,155,,16,,,,,,,,,,43,,,202,,,,,,,,,,,,10,,,,,,,,,,,,141,,,113,75,,61,240,380,355,,24,,206,,,,,17,,142,220,,,,117,111,,23,,846,1,109,,79,276,368,67,1091,308,307,,192,192,,,,,,,,,,,,,,,,,,,,,,609,,,,543,,,258,,319,379,,,,113,,,,,,74,,,293,142,,,221,184,,297,367,641,,154,670,139,136,44,140,328,121,112,158,49,156,,300,255,140,,105,,312,,,14,,,,,,,,,,,,,,,,,,,,,,,,,,,,,,,,,,,,153,11,228,,,,,,,,237,,169,74,,,184,481,327,,,,,,,423,127,,492,,,188,,,,
2026-08-16T14:45:01+00:00,154,342,,,,44,168,,328,,380,286,,,189,,,,,,,420,228,,,3,,,109,1121,,,14,166,,,,,147,120,,115,,,,,,,,,,37,,,,,,,,,,,77,,116,70,,,86,,,,,,111,268,199,176,,185,,197,,196,,379,,252,391,263,,519,39,,,433,,68,65,,245,357,316,,728,45,671,279,,210,271,999,,,,,,,841,,82,491,,48,194,,,,,,217,,,,,,,,,,,249,,,,,,,,,,,,658,,225,,139,,,,,,,,,,,,,,,301,447,,,,251,241,67,259,267,539,214,128,,227,17,42,646,,,,,,,,71,,,,,,,,,99,,,,,,,,,,,43,,,,,,,,,174,,,,,,520,,,24,,,,,155,,,,,138,,,,,41,,,,,59,,,,,,117,,205,,263,,409,,358,10,,303,313,,,333,384,443,,,,427,85,,1296,,,,214,,62,,,,,,,,,,,159,85,12,24,,,,,,,,,45,,,200,,,,,,,,,,,,13,,,,,,,,,,,,144,,,114,72,,59,239,365,347,,,368,,46,,,,,97,141,219,,,275,124,112,,,,847,,106,,82,,373,68,1089,309,310,102,,199,,,,,,,,,,,,,,,,,,,,,,615,,173,,544,,273,,,,,,,135,111,,,,,,,,,,144,,,225,186,,,369,644,212,155,,,138,,,,,111,,50,155,257,298,260,138,,101,,,,258,,,,,,,,,,,,,,,,,,,,,,,,,,,,,,,,,,,,74,150,7,222,,,,,208,,,238,,166,,,,,,,,,,,,,427,,,493,,,187,,,,
2026-08-16T14:50:02+00:00,,,,,578,45,,260,,,384,288,,,198,,,,,,,419,227,,,4,,,110,1122,,26,,165,,,,,145,,,,,,,,,,,,221,,,,,,12,,,180,,,,,117,,,,84,,,291,,,,,196,181,,,,195,,,,,,,,,,,,,,,,,,,,,,,,,,,,,,,,,,,,,840,,86,490,,47,202,,,,,,,,,,,,,,,,,,,,,,,,,,,240,,657,,231,,133,,,,,,,,,,,,,,,,,,,,,,,,,,,129,,231,17,40,655,,,,,,,,,,,,,,,,,,,,56,,,,,,,,,,,,,,,,,176,,,,,,519,,,23,148,,,,158,,,,,139,,,,,43,,,,,,,,,,,116,474,206,,,232,,,354,14,5,302,309,,,,387,440,,,,,82,,1301,,,,,,59,,,,,,,,,,,157,83,11,,,,,,,,,,46,,,198,,,,,,,,,,,,14,,,,,,,,,,,,145,,37,113,73,,58,237,347,340,,,367,205,,190,,,,,,,,,,125,111,,26,,849,3,107,39,83,275,381,69,1092,310,309,101,,202,,,,,,,,,,,,,,,,,,,,,,622,,175,,541,,274,259,,,378,,,,110,,,,,,,,,292,142,,,227,187,,298,368,645,220,156,668,,139,46,,327,,,,,158,261,297,261,136,,95,,,,,12,,,,,,,,,,,,,,,,,,,,,,,,,,,,,,,,,,,73,147,5,217,,,555,,,,,,,169,70,,,,,328,,,,,,,428,,,492,,,,,,320,
2026-08-16T14:55:01+00:00,159,,,,582,47,167,,330,,388,,,,203,,,,,,,418,217,,,,,,111,1124,,21,18,166,,,,36,144,,,113,,,,,,,,,217,38,,,,33,,,,,,,,,119,68,,,83,,,290,,,,,,,,,,,,,,,40,256,393,264,254,518,40,280,,427,358,70,,,243,356,319,,729,44,664,278,,212,269,1003,,,,66,,,,,,,,,,,,,,,213,,,,,549,,,,,181,251,,,,,,,,,,,,,,,,,,,,,,,,,,,,,,,,448,,453,122,249,,,260,,545,215,131,,233,17,43,665,,,,,,,,,,,,,,,,,103,,,,,108,,,,,,,,,,,,,,,169,,,,,,518,,,,,,,,161,,,,,,,,,,,,,,,60,,,,,,119,475,208,,261,,410,,348,,6,243,307,,,,386,436,,,229,,79,,1296,,,,220,,62,,,,,,,,,,,158,80,8,,,,,449,,,,,49,,,,,,,,,,,,,,,15,,,,,,,,,,,,158,,36,112,74,,57,231,339,331,,,366,204,,186,,,,96,,,,,,127,110,,28,,850,1,109,38,82,278,385,,,309,311,100,,201,,,,,,,,,,,,,,,,,,,,,,625,,,,,,,258,,,379,,,,,,,,,,73,,,,143,,,233,190,,,370,644,223,157,667,138,142,,138,,,112,,,169,262,292,263,130,,83,,315,,257,11,,,,,,,,,,,,,,,,,,,,,,,,,,,,,,,,,464,116,71,153,,215,,,556,,210,,,,,,72,,,,,327,,,,,,,432,,,490,,,184,,,,
2026-08-16T15:00:02+00:00,,343,,,581,51,166,258,329,,389,,,,,,,,,,504,414,223,,,5,,,116,1129,,19,19,168,,,,,,125,,112,,,,,,,,,,41,,,,30,,,,,,,75,,,,,,85,,,293,,,,269,204,182,,187,,191,,,,380,31,,390,256,,517,39,281,,424,,66,,,242,354,313,,734,46,665,280,,213,264,1015,,,465,65,,,834,,91,489,,48,228,,,,,,,,,,,,,,,,,,,,,,,,,,,233,,,,213,,127,,,,,,,,,,,,,,,,,,,,,,,,,,,128,,232,17,45,667,,,,,,,,70,,129,,,,,,,,,,58,,109,,,,,,,,,,,,,,,171,,,,,,519,,,24,149,,,,162,,,,,,,,,,42,,,,,,,,,,,115,,209,147,,,411,,349,13,,244,,,,,389,433,,,,,78,,1294,,,,222,,,,,,,,,,,,,157,,,23,,,,450,,,,,51,,,194,,,,,,,,,,,,,,,,,,,,,,,,161,70,35,,73,,54,225,330,329,,23,,,,185,,,,,,220,,,276,,112,,30,,,,,37,,281,,,1087,312,314,98,,202,,,,,,,,,,,,,,,,,,,,,,637,,174,,545,,,,,,,,,136,,,,,,,72,,,,,,,,189,,297,,649,226,156,666,,141,47,140,325,122,113,157,51,172,,296,257,121,,76,,316,,,7,,,,,,,,,,,,,,,,,,,,,,,,,,,,,,,,,,,,,7,208,,,557,,209,,,239,,,70,,,,,,,,,,,,431,,,489,,,183,,,,
2026-08-16T15:05:02+00:00,157,,,,579,52,,263,333,,391,,,,199,,,,,,,412,224,,,,,,,1127,,16,32,,,,,,,123,,110,,32,,,,,,,219,42,,,,31,14,,,,,,,,122,67,,,84,,,291,,,,270,198,180,285,,,190,,195,,,,,,,,,,,,,,,,,,,,,,,,,,,,,,,,,,,,,,,,,,,,,,,211,,,,,548,,,,,,250,,,,,,,,,,,,,,203,,124,,,,,,,,,,,,,,,297,,1265,451,,252,240,,261,268,547,214,126,,229,17,49,671,,,,,,,,69,,130,,,,,,,,,,59,,111,,,,,,44,,,,,,,,,180,,,,,,520,,,23,,,,,164,,,,,,,,,,,,,,,62,,,,,,111,,212,152,262,234,412,,351,,,246,306,,,,390,431,,,,,77,,1291,,,,223,,63,,,,,,,,,,,155,79,,22,,,,,,,,,52,,,187,,,,,,,,,,,,,,,,,,,,,,,,156,67,33,,,,,221,314,326,,20,364,207,,181,,,,,139,217,,20,277,130,117,,28,,,2,110,,84,280,393,,1084,315,316,,,196,,,,,,,,,,,,,,,,,,,,,,640,,175,,546,,275,,,321,380,,,139,,,,,,,71,,,293,142,,,224,187,,,368,647,227,,667,,145,,139,324,,,158,,173,261,295,256,120,,74,,317,,,6,,,,,,,,,,,,,,,,,,,,,,,,,,,,,,,,,465,115,70,154,8,,,,,,,337,,237,,168,,,,,,,,,,,,,427,,,492,,,182,,,327,
2026-08-16T15:10:02+00:00,158,,,,583,,171,266,336,,392,,,,198,,,,,,,411,,,,6,,,115,1132,,17,33,170,,,,,145,,,,,,,,,,,,220,,,,,,,,,,,,79,,123,66,,,85,,,290,,,,271,,,,,,,,,,,28,255,391,255,,515,41,282,,428,361,62,66,111,243,,309,,735,45,667,281,,214,263,1020,,,466,66,,,,,,,,,,,,,,,,,,,,,,,,,,,,,,,,,,,,,,,,,,,,,,,,,,,,,,,,,,,,,,,,,,,,,127,,230,17,,677,,,,,,,,,,128,,,,,,,,,,,,112,,,,,,,,,,,,,,,,,,,,,,,,,,,,,163,,,,,141,,,,,,,,,,,,,,,,106,473,217,154,261,236,414,,,12,7,245,305,,670,,,,139,,,424,76,,1288,,,,231,,65,,,,,,,,,,,,78,7,23,,,,,,,,,61,,,190,,,,,,,,,,,,16,,,,,,,,,,,,145,65,,113,,,50,222,304,322,,19,362,203,,180,,,,,136,,,,,133,120,,29,133,,,,,86,281,395,,1087,320,,100,,193,,,,,,,,,,,,,,,,,,,,,,646,83,,,,,,259,,,,,,,111,,,,,,,,,292,141,,,,190,,,370,649,225,154,666,137,147,,,,,,,,,,,,,,,,,,,,,,,,,,,,,,,,,,,,,,,,,,,,,,,,,,,,,,,160,11,214,,,558,,211,,,236,,,,,,183,480,,,,,,,,436,,,493,,,181,,,,
2026-08-16T15:15:01+00:00,159,344,,,579,54,174,267,334,,393,286,,,199,,,,,,501,410,232,,,7,,,116,1130,31,,34,,,,,,146,124,,109,,,,,,,,,221,,,,,34,15,,,,,,,77,122,67,,,86,,,286,,,112,,194,182,286,190,212,196,,,,382,23,,388,257,,511,40,285,,426,358,64,,112,246,357,303,,745,49,673,280,,,264,1019,,,,67,,,813,191,119,486,,37,254,,,,,,208,,,,,546,,,,,,251,,,,,,,,,,238,,660,,198,,119,,,,,,,,,,,,,,,,,,448,124,254,239,68,,265,,209,128,,234,17,53,672,,,,,,,,,,,,,,,,,104,,,,,,,,,,,45,,,,,,,,,184,,,,,,,,,25,,,,,164,,,,,140,,,,,41,,,,,,,,,,,104,479,,157,,237,,,352,17,,,,,,,391,430,140,,,,,,1280,,,,241,,64,,,,,,,,,,,,,10,22,,,,,,,,,65,,,184,,,,,,,,,,,,,,,,,,,,,,,,138,63,34,,70,,,217,295,320,,18,361,202,,179,,,,95,,,,21,,135,122,,34,,851,,113,38,,,,,,,,,,,,,,,,,,,,,,,,,,,,,,,,648,,176,,544,,,,,323,,,,,112,,,,,,,,,293,140,,,225,,,,,,,,,,,,,,,,,,,,,,,,,,,,,,,,,,,,,,,,,,,,,,,,,,,,,,,,,,,,,,,,66,168,,220,,,,,212,338,,233,,166,71,,,,478,328,,,,,,,439,,,498,,213,180,,,325,
2026-08-16T15:15:02+00:00,,,,,,,,,,,,,,,,,,,,,,,,,,,,,,,,,,,,,,,,,,,,,,,,,,,,,,,,,,,,,,,,,,,,,,,,,,,,,,,,,,,,,,,,,,,,,,,,,,,,,,,,,,,,,,,,,,,,,,,,,,,,,,,,,,,,,,,,,,,,,,,,,,,,,,,,,,,,,,,,,,,,,,,,,,,,,,,,,,,,,,,,,,,,,,,,,,,,,,,,,,,,,,,,,,,,,,,,,,,,,,,,,,,,,,,,,,,,,,,,,,,,,,,,,,,,,,,,,,,,,,,,,,,,,,,,,,,,,,,,,,,,,,,,,,,,,,,,,,,,,,,,,,,,,,,,,,,,,,,,,,,,,,,,,,,,,,,,,,,,,,,,,,,,,,,,,,,,,,,,,,,,,,,,,,,,,,,,,,,,,,,,,,,,,,,,,,,,,,,,,,,,,,,,,,,,,,,,,,,,,,,,,,,,,,,,,,,,,,371,655,229,153,,138,,,,,,,,,,,,,,,,,,,,,,,,,,,,,,,,,,,,,,,,,,,,,,,,,,,,,,,,,,,,,,,,,,,,,,,,,,,,,,,,,,,,,,,,,,,
2026-08-16T15:20:02+00:00,,346,,,581,52,,268,,,398,288,,,195,,,,,,498,409,235,,,5,,,115,1133,,21,35,169,,,,,143,,,,,,,,,,,,223,41,,,,,,,,,,,,,,68,,,,,,288,,,115,270,,,,,,,,,,,,,,,,,,,,,,,,,,,,,,,,,,,,,,,,,,,,,,,,,,,,,,,,,,,,,,,,,,,,,,,,,,,,,,662,,193,,118,,,,,,,,,,,,,,,,,,,,,,,,,,,126,,233,17,60,,,,,,,,,,,129,,,,,,,,,,,,115,,,,,,,,,,,,,,,183,,,,,,,,,24,,,,,165,,,,,141,,,,,,,,,,,,,,,,103,484,218,158,,240,413,,350,,,,303,,,,392,423,,,,422,,,1272,,,,,,69,,,,,,,,,,,158,76,7,20,,,,,,,,,62,,,181,,,,,,,,,,,,,,,,,,,,,,,,139,62,,111,69,,48,211,277,314,,15,358,197,,177,,,,,,213,,20,276,136,117,,35,132,,,114,,,282,396,,1086,327,320,,,189,,,,,,,,,,,,,,,,,,,,,,654,82,175,,541,,,,,,382,,,,113,,,,,,70,,,294,,,,222,187,,,,,,149,667,139,154,48,136,326,128,,159,,181,273,,258,127,,71,,320,,258,9,,,,,,,,,,,,,,,,,,,,,,,,,,,,,,,,,,,71,179,14,217,,,,,210,,,232,,164,72,,,184,,329,,,,,,,441,,,503,,,181,,,,
2026-08-16T15:25:01+00:00,160,,,,578,55,,269,,,401,287,,,196,,,,,,497,407,233,,,8,,,,1136,30,19,36,172,,,,,141,126,,,,33,,,,,,,,,,,,33,13,,,179,,,84,,123,,,,87,,,286,,,117,,200,183,290,194,213,,,,,383,24,253,385,255,,505,39,287,,424,359,66,,,247,356,301,,752,,,,119,215,,1018,,,,68,,,805,,131,489,,29,268,,,,,,201,,,,,547,,,,,,250,,,,,,,,,,235,,663,,185,,117,,,,,,,,,,,,,,,,445,1264,443,128,260,,67,263,267,546,211,125,,230,17,61,669,,,,,,,,,,127,,,,,,,,,,,,,,,,,,44,,,,,,,,,170,,,,,,521,,2,,148,,,,,,,,,142,,,,,42,,,,,,,,,,,102,481,221,,,,,,,18,,244,308,,669,334,391,420,,,,420,75,,1265,,,,243,,68,,,,,,,,,,,159,77,8,21,,,,,,,,,70,,,182,,,,,,,,,,,,,,,,,,,,,,,,140,,,112,64,146,47,206,272,305,,12,354,196,,,,,,,135,211,,,,138,121,,41,133,849,4,112,,,,,,,,,,,,,,,,,,,,,,,,,,,,,,,,,656,81,171,,540,,274,,,,,,,,112,,,,,,71,,,,139,,,218,185,,,372,657,,148,668,140,,,137,,129,111,,,175,276,292,253,126,,72,,321,,,10,,,,,,,,,,,,,,,,,,,,,,,,,,,,,,,,,,,,176,21,214,,,559,,209,,,230,,162,69,,,183,479,328,,,,,,,437,,,,,,182,,,,
2026-08-16T15:30:01+00:00,,345,,,577,57,,270,335,,404,288,,,195,,,,,,498,405,229,,,13,,,114,1142,,,39,174,,,,,142,127,,111,,32,,,,,,,230,,,,,36,15,,,,,,83,,125,69,,,88,,,289,,,118,267,,,,,,,,,,382,17,,388,248,253,500,36,295,,428,,61,,116,,353,305,171,770,51,675,278,,219,262,1019,,,,65,,,,,,,,,,,,,,,,,,,,,,,,,,,,,,,,,,,,,,,,,,,,,,,,,,,,,,,,,,,,,,,,,,,,,127,,227,17,62,670,,,,,,,,,,125,,,,,,,105,,,,,116,,,,,,,,,,,,,,,172,,,,,,520,,0,25,,,,,164,,,,,143,,,,,43,,,,,,,,,,,,,222,159,,,414,,,21,9,242,309,,,,,418,141,,230,,74,,1251,,,,250,,,,,,,,,,,,,157,78,9,,,,,,,,,,79,,,181,,,,,,,,,,,,,,,,,,,,,,,,141,,37,,66,,41,199,256,301,,11,350,195,,178,,,,94,136,212,,21,275,139,129,,42,,850,3,113,39,89,281,401,,,331,321,,,190,,,,,,,,,,,,,,,,,,,,,,660,,170,,538,,272,258,,,,,,140,114,,,,,,70,,,296,140,,,215,183,,,,662,230,147,669,,155,49,,,130,,,52,174,277,291,251,125,,75,,320,,,7,,,,,,,,,,,,,,,,,,,,,,,,,,,,,,,,,,,72,175,16,219,,,557,,210,,,,,159,66,,,184,,,,,,,,,438,,,501,,,181,,,,
2026-08-16T15:35:02+00:00,159,,,,579,,175,267,334,,406,286,,,,,,,,,499,403,234,,,11,,,116,1146,,21,41,179,,,,,,129,,,,31,,,,,,,241,43,,,,39,16,,,,,,,76,127,67,,,89,,,288,,,120,265,197,185,291,195,214,199,,,,,,,,,,,,,,,,,,,,,,,,,,,,,,,,,,,,,785,189,144,490,,24,282,,,,,,186,,,,,,,,,,,251,,,,,,,,,,233,,662,,183,,116,,,,,,,,,,,,,,,,443,1268,440,127,267,237,,,269,548,210,132,,230,17,64,678,,,,,,,,,,122,,,,,,,,,,,,118,,,,,,46,,,,,,,,,169,,,,,,,,,,,,,,165,,,,,,,,,,44,,,,,63,,,,,,101,479,,160,,242,415,,349,23,10,,310,,,,,412,,,,419,76,,1236,,,,253,,69,,,,,,,,,,,158,79,7,20,,,,449,,,,,88,,,183,,,,,,,,,,,,21,,,,,,,,,,,,147,60,35,,65,,39,194,246,298,,,,193,45,,,,,92,135,204,,,277,141,133,,40,132,,4,,,93,282,397,68,,326,317,101,,177,,,,,,,,,,,,,,,,,,,,,,670,80,172,,540,,271,259,,321,,,,,116,,,,,,68,,,,143,,,214,192,,298,375,664,,149,,139,154,50,136,325,135,106,160,51,,285,293,248,129,,71,,,,,4,,,,,,,,,,,,,,,,,,,,,,,,,,,,,,,,,,,75,173,17,226,,,555,,209,337,,,,156,67,,,185,480,330,,,,,,,439,,,504,,,,,,331,
2026-08-16T15:40:01+00:00,,344,,,583,59,176,268,336,,408,285,,,,,,,,,,,233,,,9,,,,1145,,15,44,187,,,,,143,131,,,,,,,,,,,250,,,,,40,,,,180,,,86,78,,70,,,90,,,,,,,262,,,,,,,,,,,14,256,390,249,251,,37,297,,429,360,57,,117,249,352,300,,776,53,,,,220,261,1021,,,,62,,,,,,,,,,,,,,,179,,,,,,,,,,,,,,,,,,,,,231,,664,,179,,109,,,,,,,,,,,,,,,,,,,,,,,,,,,,,232,17,65,677,,,,,,,,70,,123,,,,,,,,,,,,119,,,,,,48,,,,,,,,,157,,,,,,519,,,26,,,,,,,,,,,,,,,,,,,,64,,,,,,,477,,161,263,,,,348,22,,241,,,,333,394,407,,,,,75,,1226,,,,260,,66,,,,,,,,,,,159,76,6,,,,,,,,,,96,,,185,,,,,,,,,,,,,,,,,,,,,,,,143,59,34,114,67,,,187,225,288,,7,346,190,44,176,,,,94,133,199,,,,143,136,,49,133,,,114,42,,,,,,,,,,,,,,,,,,,,,,,,,,,,,,,,,,,,,,,,,,,,,,,,,,,,,,,,,,,,,,,,665,228,150,670,140,153,49,135,,138,107,,50,175,,291,250,130,,66,,,,257,5,,,,,,,,,,,,,,,,,,,,,,,,,,,,,,,,,,,,177,16,228,,,554,,207,336,,,,155,69,,,,,332,,,,,,,442,,,505,,215,182,,,330,
2026-08-16T15:45:02+00:00,162,341,,,581,58,,267,333,,412,,,,194,,,,,,500,402,229,,,8,,,,1147,,,40,188,,,,,146,128,,,,,,,,,,,262,42,,,,,,,,,,,83,79,,71,,,91,,,289,,,,259,191,189,294,194,,204,,,,,,,,,,,,,,,,,,,,,,,,,,,,,,,,,,,,,759,190,159,,,23,298,,,,,,,,,,,,,,,,,,,,,,,,,,,,,,,,,,,,,,,,,,,,,,,,,441,1267,446,129,274,240,69,,268,543,204,,,228,17,64,682,,,,,,,,,,125,,,,,,,106,,,,,,,,,,,,,,,,,,,,161,,,,,,518,,,27,,,,,,,,,,141,,,,,45,,,,,63,,,,,,100,478,,162,262,,416,,340,25,,239,309,,,,396,401,,,,422,74,,1223,,,,261,,67,,,,,,,,,,,154,69,11,19,,,,450,,,,,111,,,186,,,,,,,,,,,,18,,,,,,,,,,,,141,58,33,,66,,37,178,213,283,,5,345,,42,,,,,,137,195,,,,144,141,,50,134,,9,,44,97,281,398,,1085,325,327,100,195,170,,,,,,,,,,,,,,,,,,,,,,674,,173,,539,,272,,,318,,,,,117,,,,,,,,,,142,,,210,,,,376,667,232,148,671,,152,50,,,,109,159,49,,282,294,,129,,64,,,,,4,,,,,,,,,,,,,,,,,,,,,,,,,,,,,,,,,,,74,173,14,233,,,555,,199,,,228,,152,67,,,187,481,333,,,,,,,444,,,,,214,,,,,
2026-08-16T15:50:01+00:00,161,,,,583,55,,260,331,,416,281,,,191,,,,,,501,403,,,,7,,,,1144,,14,38,191,,,,,147,126,,112,,30,,,,,,,279,,,,,39,,,,,,,,,128,,,,92,,,293,,,118,256,,,,,,,,,,,12,,384,240,250,492,38,298,,430,361,56,,119,246,351,307,,785,52,,279,118,223,,1032,,,,60,,,,,,,,,,,,,,,180,,,,,546,,,,,182,248,,,,,,,,,,230,,,,181,,102,,,,,,,,,,,,,,,,,,,,,,,,,,,135,,,17,,681,,,,,,,,71,,124,,,,,,,104,,,58,,,,,,,,,,,,,,,,,164,,,,,,,,,,,,,,164,,,,,,,,,,46,,,,,64,,,,,,,475,,,,240,,,338,23,,240,308,,,334,395,394,,,,420,,,1212,,,,,,,,,,,,,,,,,,,,,,,,,,,,,,,,,,,,,,,,,,,,,,,,,,,,,,,,145,56,31,,64,,,170,204,277,,4,341,189,,177,,,,,140,194,,,279,146,146,,51,135,852,7,115,45,102,282,402,,1083,322,324,,,171,,,,,,,,,,,,,,,,,,,,,,680,82,172,,537,,271,,,317,383,,,141,119,,,,,,67,,,295,143,,,204,191,,,,,231,,673,,,,,,,,,,,,,,,,,,,,,,,,,,,,,,,,,,,,,,,,,,,,,,,,,,,,,,,,73,172,9,231,,,556,,198,,,226,,150,66,,,188,479,331,,,,,,,451,,,507,,213,180,,,,
2026-08-16T15:55:01+00:00,162,,,,576,58,172,258,327,,419,278,,,190,,,,,,,400,232,,,14,,,,1148,,13,37,188,,,,,,127,,,,,,,,,,,294,,,,,41,,,,,,,81,,,69,,,91,,,,,,115,257,192,191,296,195,216,206,,,,,,,,,,,,,,,,,,,,,,,,,,,,,,,,,,,,,745,184,172,493,,,309,,,,,,174,,,,,,,,,,180,247,,,,,,,174,,,234,,662,,176,,88,,,,,,,,,,,,,,,,437,1264,430,131,275,233,,,266,,203,140,,230,17,,683,,,,,,,,,,125,,,,,,,,,,,,118,,,,,,49,,,,,,,,,162,,,,,,,,,26,,,,,162,,,,,144,,,,,48,,,,,65,,,,,,,472,224,164,263,241,417,,342,22,11,,,,,,,388,,,,,75,,1206,,,,265,,68,,,,,,,,,,,,67,13,,,,,,,,,,125,,,184,,,,,,,,,,,,,,,,,,,,,,,,147,54,33,113,,145,,163,186,273,,3,340,188,43,,,,16,95,142,190,,23,,147,149,,54,136,,,116,44,,,,,,,,,,,,,,,,,,,,,,,,,,,,,,,,681,,,,,,272,,,316,381,,,,,,,,,,65,,,,,,,203,197,,,374,665,,152,,139,,,,,,,,,,,,,,,,,,,,,,,,,,,,,,,,,,,,,,,,,,,,,,,,,,,,,,,76,167,10,226,,,,,201,,,224,,,,,,,,330,,,,,,,452,,,508,,212,183,,,331,
2026-08-16T16:00:01+00:00,163,,,,574,,,260,326,,420,272,,,193,,,,,,,401,,,,13,,,,1150,,11,,190,,,,,,,,113,,29,,,,,,,302,41,,,,40,,,,,,,80,,129,,,,92,,,300,,,,,,,,,,,,,,383,14,257,385,238,254,490,40,304,,435,,49,,,,353,310,,787,56,673,278,,227,260,1042,,,,,,,,,,,,,,,,,,,,,,,,,,,,,,,,,,,,,165,,,231,,663,,171,,86,,,,,,,,,,,,,,,,,,,,,,,,,,,142,,229,17,70,684,,,,,,,,,,128,,,,,,,103,,,57,,117,,,,,,50,,,,,,,,,164,,,,,,,,,27,,,,,164,,,,,,,,,,,,,,,67,,,,,,,,225,,264,,418,,341,21,,241,304,,,,392,385,140,,,419,,,1190,,,,269,,69,,,,,,,,,,,153,,14,18,,,,,,,,,132,,,170,,,,,,,,,,,,,,,,,,,,,,,,152,52,31,114,61,,33,160,162,268,,1,338,186,,175,,,15,94,141,186,,,278,149,158,,56,,853,,,,104,283,392,69,1075,324,325,99,,167,,,,,,,,,,,,,,,,,,,,,,680,,174,,536,,271,260,,315,380,,,,,,,,,,66,,,294,141,,,200,195,,297,375,662,,,674,,,48,139,,140,112,158,47,171,271,292,253,126,,57,,323,,256,2,,,,,,,,,,,,,,,,,,,,,,,,,,,,,,,,,,,78,170,12,223,,,557,,,,,,,,63,,,189,478,329,,,,,,,451,,,511,,213,,,,329,
2026-08-16T16:05:02+00:00,161,338,,,573,59,169,261,327,,422,271,,,195,,,,,,500,403,227,,,8,,,,1145,,,39,,,,,,148,126,,115,,,,,,,,,309,,,,,,14,,,,,,79,,128,68,,,,,,296,,,,,188,,295,194,,197,,,,,,,,,,,,,,,,,,,,,,,,,,,,,,,,,,,,,721,182,187,490,,18,312,,,,,,167,,,,,,,,,,181,245,,,,,,,,,,,,,,,,,,,,,,,,,,,,,,,,436,1263,433,132,276,227,70,,,541,199,143,,226,17,73,690,,,,,,,,,,,,,,,,,104,,,,,118,,,,,,51,,,,,,,,,161,,,,,,,,,30,,,,,,,,,,143,,,,,49,,,,,,,,,,,,473,224,165,265,,419,,340,,,239,299,,,336,,378,,,231,422,,,1185,,,,270,,70,,,,,,,,,,,155,65,,19,,,,,,,,,128,,,161,,,,,,,,,,,,19,,,,,,,,,,,,161,,28,115,62,,31,155,141,257,,0,334,181,,171,,,,,139,182,,24,,,163,,,,,8,117,43,107,281,,,1077,320,324,,,,,,,,,,,,,,,,,,,,,,,,,683,81,169,,530,,,,,313,,,,142,120,,,,,,,,,299,135,,,195,194,,,379,657,,150,673,136,153,47,140,326,141,,160,48,169,269,291,257,124,,53,,326,,,5,,,,,,,,,,,,,,,,,,,,,,,,,,,,,,,,,,,76,179,,227,,,,,198,,,226,,149,64,,,,,,,,,,,,456,,,506,,,,,,,
2026-08-16T16:10:02+00:00,162,,,,570,61,172,263,,,423,274,,,200,,,,,,499,,232,,,16,,,115,1142,,,35,188,,,,,143,127,,117,,,,,,,,,314,42,,,,43,15,,,,,,76,,,67,,,,,,295,,,117,258,182,194,,197,215,,,,,384,10,,,235,252,482,37,305,,426,,50,,,243,351,301,,788,61,675,279,,233,259,1045,,,,59,,,709,,189,492,,,317,,,,,,171,,,,,545,,,,,,246,,,,,,,,,,,,,,,,,,,,,,,,,,,,,,,,,,,,,,,,,,,,,,17,71,,,,,,,,,72,,129,,,,,,,103,,,,,120,,,,,,,,,,,,,,,166,,,,,,,,,,,,,,165,,,,,,,,,,50,,,,,68,,,,,,,470,223,,266,,418,,338,22,,240,300,,670,,393,379,141,,,420,72,,1182,,,,276,,74,,,,,,,,,,,,59,10,21,,,,449,,,,,133,,,144,,,,,,,,,,,,,,,,,,,,,,,,,51,27,114,58,146,,150,132,255,,,,179,,170,,,,,,180,,,,150,,,54,138,,11,,42,,,,,,317,323,100,,165,,,,,,,,,,,,,,,,,,,,,,682,,170,,529,,,,,312,,,,,119,,,,,,68,,,300,134,,,189,189,,,381,658,235,152,675,137,150,,,,,111,159,47,168,271,292,261,119,,52,,325,,,4,,,,,,,,,,,,,,,,,,,,,,,,,,,,,,,,,,,78,180,,224,,,,,196,,,228,,150,65,,,,,,,,,,,,462,,,502,,,,,,327,
2026-08-16T16:15:01+00:00,163,339,,,574,63,171,264,328,,426,276,,,202,,,,,,500,402,237,,,20,,,116,1141,,10,32,,,,,,145,129,,,,31,,,,,,,319,43,,,,44,16,,,181,,,75,,,,,,93,,,293,,,120,260,,,,,,,,,,,,,,,,,,,,,,,,,,,,,,,,,,,,,,,,,,,,,,,,,,,,,,,,,,,,,,,,,,,,,,,,,153,,,230,,660,,163,,72,,,,,,,,,,,,,,,,438,1257,438,,280,223,,,264,542,,146,,223,17,76,697,,,,,,,,71,,130,,,,,,,104,,,,,121,,,,,,,,,,,,,,,161,,,,,,,,,,,,,,,,,,,,,,,,,,,,,67,,,,,,99,468,,,,242,417,,340,20,,237,,,,,391,370,,,232,419,,,1178,,,,,,,,,,,,,,,,,,,,,,,,,,,,,,,,,,,,,,,,,,,,,,,,,,,,,,,,162,48,24,112,56,147,30,143,120,250,,,,,,169,8,,,,140,175,,23,279,152,,,55,,,15,121,41,,,,,,,,,,,,,,,,,,,,,,,,,,,,,,,,,,,,,,,,,,,,,,,,,,,,,,,,,,,,,,,382,659,234,155,677,136,147,48,136,328,,113,158,44,172,277,293,257,118,,60,,322,,257,3,,,,,,,,,,,,,,,,,,,,,,,,,,,,,,,,,,,77,189,10,227,,,556,,192,,,229,,149,68,,,,477,328,,,,,,,468,,,503,,212,184,,,,
2026-08-16T16:20:02+00:00,167,,,,581,,,,,,433,277,,,201,,,,,,502,408,239,,,18,,,115,1142,29,12,,187,,,,,147,127,,,,33,,,,,,,325,,,,,,,,,,,,79,,,68,,,,,,295,,,,,181,201,296,,,204,,,,383,7,,380,,251,483,35,306,,424,360,44,,120,247,347,307,,789,59,671,,,237,256,1054,,,,,,,692,185,193,,,16,322,,,,,,150,,,,,542,,,,,180,,,,,,,,,,,,,,,,,,,,,,,,,,,,,,,,,,,,,,,,,,,,149,,224,17,77,704,,,,,,,,72,,,,,,,,,106,,,56,,120,,,,,,,,,,,,,,,155,,,,,,517,,,31,,,,,,,,,,141,,,,,51,,,,,,,,,,,,470,,,267,244,,,341,19,,,299,,,,393,374,,,,418,74,,1180,,,,280,,73,,,,,,,,,,,157,,11,,,,,450,,,,,141,,,129,,,,,,,,,,,,,,,,,,,,,,,,,47,,,53,,27,141,103,244,,,333,177,42,168,7,,,,138,173,,,,,167,,60,139,,,,40,111,283,,,1075,320,327,98,,159,,,,,,,,,,,,,,,,,,,,,,,80,171,,531,,272,261,,310,379,,,,120,,,,,,67,,,299,135,,,187,192,,,385,652,237,151,674,135,145,,,,,111,,,170,279,296,260,116,,63,,,,,1,,,,,,,,,,,,,,,,,,,,,,,,,,,,,,,,,,,78,193,7,224,,,557,,189,,,231,,,67,,,190,,,,,,,,,464,,,500,,214,182,,,,
2026-08-16T16:25:01+00:00,166,,,,590,62,,267,325,,435,276,,,,,,,,,501,,247,,,14,,,116,,,11,30,,,,,,,128,,118,,34,,,,,,,330,,,,,43,,,,,,,80,,,66,,,92,,,,,,,262,182,205,,,,201,,,,,9,259,384,236,250,487,33,,,421,359,40,,,,343,304,,791,58,673,280,,252,259,1064,,,,57,,,,,,,,,,,,,,,142,,,,,541,,,,,,,,,,,,,145,,,224,,661,,154,,55,,,,,,,,,,,,,,,,436,1252,445,134,282,219,69,,,543,,152,,230,17,74,707,,,,,,,,71,,127,,,,,,,,,,,,,,,,,,,,,,,,,,,149,,,,,,,,,,,,,,163,,,,,142,,,,,50,,,,,,,,,,,100,467,228,164,266,,,,339,,,238,,,,,391,371,,,,420,73,,1181,,,,,,75,,,,,,,,,,,,61,14,,,,,,,,,,152,,,125,,,,,,,,,,,,20,,,,,,,,,,,,168,46,,111,51,148,26,,89,239,,,332,168,,165,,,,,137,172,,24,278,153,169,,64,,,14,123,,,,,,,,,,,,,,,,,,,,,,,,,,,,,,,,,,,,,,,,,,,,,,,,,,,,,,,,,,,,,184,,,,655,236,148,,,144,,,,,110,,43,168,278,297,261,115,,66,,321,,,3,,,,,,,,,,,,,,,,,,,,,,,,,,,,,,,,,,,,183,,225,,,556,,190,,,228,,,65,,,192,478,,,,,,,,470,,,502,,213,184,,,,
2026-08-16T16:30:02+00:00,167,340,56,,588,,165,268,326,,436,277,,,199,,,,,,502,409,253,,,16,,,,1147,,12,31,188,,,,,144,129,,120,,33,,,,,,,335,44,,,,,,,,,,,87,80,130,,,,90,,,294,,,,,,,,,,,,,,,,,,,,,,,,,,,,,,,,,,,,,,,,,,,,,,,,,,,,,,,,,,,,,,,,,,,,,,,,,,,,,,,,,,,,,,,,,,,,,,,,,,,,,,,,,,,,,,,,,,,223,17,79,706,,,,,,,,69,,125,,,,,,,108,,,,,119,,,,,,52,,,,,,,,,145,,,,,,516,,,,,,,,162,,,,,,,,,,53,,,,,,,,,,,99,466,229,166,,,,,338,18,,235,,,669,,,368,,,231,417,,,,,,,,,,,,,,,,,,,,,60,,20,,,,,,,,,172,,,120,,,,,,,,,,,,19,,,,,,,,,,,,170,44,23,,,,23,140,78,235,,,331,,41,162,,,,92,138,171,,,,155,170,,67,,,,126,41,113,,391,68,,319,319,97,,,,,,,,,,,,,,,,,,,,,,,,685,,,,539,,,,,,,,,,,,,,,,65,,,300,133,,,185,,,,387,,,149,673,133,142,49,133,326,142,109,157,41,,274,293,256,,,,,319,,256,7,,,,,,,,,,,,,,,,,,,,,,,,,,,,,,,,,,,,199,,220,,,558,,192,,,230,,148,59,,,,477,327,,,,,,,471,,,503,,215,,,,,
2026-08-16T16:35:02+00:00,,339,,,582,61,163,270,327,,443,279,,,198,,,,,,503,408,255,,,,,,114,1148,30,5,30,189,,,,,146,,,,,,,,,,,,336,45,,,,44,,,,180,,,86,81,,69,,,89,,,299,,,,264,188,204,294,202,216,,,,,,3,258,383,,,486,30,307,,418,,29,,,246,345,303,,792,59,674,278,,257,262,1069,,,467,,,,653,182,207,493,,19,327,,,,,,149,,,,,540,,,,,178,,,,,,,,,,,210,,660,,160,,38,,,,,,,,,,,,,,,296,,1253,439,135,294,217,70,262,262,538,192,,,,17,76,710,,,,,,,,70,,127,,,,,,,,,,,,,,,,,,,,,,,,,,,143,,,,,,,,,32,,,,,,,,,,,,,,,56,,,,,,,,,,,102,463,231,,264,,415,,339,16,12,236,,,,337,393,369,140,,232,418,74,,1182,,,,284,,76,,,,,,,,26,,,,,15,,,,,,,,,,,,,,,,,,,,,,,,,,,,,,,,,,,,,166,42,24,110,50,,,141,67,,,,328,163,,,,,,,137,168,,23,,156,175,,66,140,854,16,,40,112,284,388,,1078,316,,96,,158,,,,,,,,,,,,,,,,,,,,,,684,81,,,542,,,264,,311,382,,,,121,,,,,,66,,,299,,,,193,185,,298,386,653,234,145,,,144,,,,,,,,,,,,,,,,,,,,,,,,,,,,,,,,,,,,,,,,,,,,,,,,,,,,,,83,201,9,221,,100,559,,193,,,,,147,58,,,,,,,,,,,,473,,,505,,216,182,,,327,
2026-08-16T16:40:02+00:00,169,,,,581,62,164,271,326,,445,281,,,199,,,,,,,411,261,,,,,,,1142,,6,28,190,,,,,144,128,,118,,,,,,,,,339,,,,,46,,,,,,,88,,,,,,88,,,301,,,,,,,,,,,,,,384,2,261,385,238,248,488,28,,,,358,45,,,244,339,302,,,53,678,276,,,256,1073,,,,59,,,,,,,,,,,,,,,,,,,,,,,,,,,,,,,,,,,,,,,,,,,,,,,,,,,,,,,,,,,,,,,,,,,,,,,,17,72,712,,,,,,,,,,,,,,,,,107,,,,,,,,,,,,,,,,,,,,146,,,,,,,,,,,,,,163,,,,,143,,,,,,,,,,66,,,,,,111,461,232,,263,247,417,,343,,,,300,,,,395,370,139,,231,416,,,1184,,,,291,,79,,,,,,,,,,,163,58,16,19,,,,,,,,,196,,,116,,,,,,,,,,,,,,,,,,,,,,,,164,,,109,52,,22,133,55,,,,326,164,,161,,,,,136,165,,24,,158,178,,,,,18,128,39,111,286,385,,1077,321,323,94,,151,,,,,,,,,,,,,,,,,,,,,,,,170,,,,273,263,,309,381,,,,120,,,,,,,,,301,132,,,191,186,,297,388,650,233,144,,,,50,132,325,,,156,42,169,277,295,259,113,,65,,317,,,11,,,,,,,,,,,,,,,,,,,,,,,,,,,,,,,,,,,81,206,8,220,,,560,,199,,,229,,145,62,,,194,,326,,,,,,,472,,,,,,181,,,,
2026-08-16T16:45:01+00:00,172,338,,,579,61,168,270,329,,447,284,,,204,,,,,,505,414,264,,,17,,,115,1141,29,8,,193,,,,37,,131,,117,,,,,,,,,338,,,,,,,,,,,,90,80,129,71,,,89,,,302,,,121,,195,211,291,204,218,203,,,,,,,,,,,,,,,,,,,,,,,,,,,,,,,,,,,,,639,183,211,492,,13,328,,,,,,142,,,,,,,,,,176,249,,,,,,,149,,,193,,659,,163,,21,,,,,,,,,,,,,,,,434,1255,433,134,296,214,,261,263,534,186,154,,226,17,74,709,,,,,,,,71,,130,,,,,,,,,,,,121,,,,,,,,,,,,,,,156,,,,,,,,,34,,,,,,,,,,,,,,,55,,,,,,,,,,,116,,,,262,248,,,,17,13,,297,,,,396,365,,,,,75,,1185,,,,297,,80,,,,,,,,,,,162,57,14,21,,,,,,,,,204,,,103,,,,,,,,,,,,,,,,,,,,,,,,156,,23,108,,,23,,50,234,,,325,165,,,,,,,,166,,,,160,179,,70,,853,19,,,,,,,,,,,,,,,,,,,,,,,,,,,,,,,,,,,,,,,,,,,,,,,,,,,,,,,,,,,,,,,,,,649,230,143,671,,145,,,,143,108,,,,275,292,258,,,63,,,,,,,,,,,,,,,,,,,,,,,,,,,,,,,,,,,,,,,,85,209,,228,,99,557,,202,,,226,,146,57,,,,,327,,,,,,,474,,,502,,,178,,,,
2026-08-16T16:50:01+00:00,,,,155,580,63,,268,,,451,286,,,,,,,,,,416,271,,,18,,,116,1139,,6,29,191,,,,,145,,,118,,32,,,,,,,336,,,,,,15,,,181,,,,82,131,70,,,,,,,,,124,262,,,,,,,,,,,1,,384,,247,486,,306,,,359,47,65,118,,337,306,,,54,,275,117,259,259,1076,,,,60,,,,,,,,,,,,,,,,,,,,,,,,,,,,,,,,,,,,,,,,,,,,,,,,,,,,,,,,,,,,,,,,,,,,,152,,227,17,69,713,,,,,,,,,,125,,,,,,,104,,,,,122,,,,,,,,,,,,,,,163,,,,,,,,,36,147,,,,,,,,,144,,,,,,,,,,,,,,,,114,460,233,,263,,414,,344,19,,237,300,,,,,367,138,,,415,73,,1186,,,,299,,79,,,,,,,,,,,165,55,,20,,,,,,,,,209,,,96,,,,,,,,,,,,,,,,,,,,,,,,148,41,25,105,50,,22,,32,225,36,,324,164,,159,,,,91,132,171,,,,159,187,,71,141,,21,131,41,114,,375,,1079,314,319,93,,153,,,,,,,,,,,,,,,,,,,,,,685,82,172,,541,,,,,,382,,,143,121,,,,,,62,,,299,133,,,187,187,,,390,650,231,141,673,,143,,,,,,,41,170,273,295,260,114,,,,,,,10,,,,,,,,,,,,,,,,,,,,,,,,,,,,,,,,,,,84,222,5,233,,,,,201,,,,,,55,,,193,,325,,,,,,,477,,,,,,180,,,,
2026-08-16T16:55:02+00:00,,,,,585,,165,269,,,453,287,,,,,,,,,506,417,279,,,22,,,,1138,,5,30,190,,,,,144,,,117,,,,,,,,,337,,,,,45,16,,,180,,,89,81,130,71,,,90,,,305,,,125,266,193,218,,205,,193,,,,,3,260,383,,249,487,25,,212,417,357,49,,119,243,335,300,,,52,,273,115,261,261,1090,,,,61,,,618,,225,491,,,332,,,,,,131,,,,,541,,,,,178,250,,,,,,,150,,,182,,,,154,,13,,,,,,,,,,,,,,,,432,1253,430,135,297,210,,,,528,187,154,,224,17,72,710,,,,,,,,72,,124,,,,,,,,,,,,,,,,,,,,,,,,,,,161,,,,,,515,,,,,,,,162,,,,,,,,,,,,,,,,,,,,,111,466,236,,260,250,,,,18,12,239,,,,,393,365,,,,,,,,,,,307,,,,,,,,,,,,,169,,13,,,,,,,,,,221,,,95,,,,,,,,,,,,21,,,,,,,,,,,,147,,,,51,,21,131,27,219,,,321,163,,160,,,,90,,172,,25,276,161,191,,76,142,,23,,42,116,288,368,,,317,316,92,,154,,,,,,,,,,,,,,,,,,,,,,684,81,173,,543,,,260,,308,,,,,120,,,,,,63,,,300,129,,,186,178,,296,,649,,,675,,141,,127,,142,109,,42,183,279,289,268,115,,56,,312,,,4,,,,,,,,,,,,,,,,,,,,,,,,,,,,,,,,,,,,221,3,236,,,558,,204,335,,222,,,52,,,192,,324,,,,,,,475,,,503,,,,,,,
2026-08-16T17:00:02+00:00,,337,,,,64,168,272,332,,455,289,,,203,,,,,,508,418,282,,,,,,115,,,3,31,,,,,,145,,,115,,,,,,,,,,43,,,,43,,,,,,,92,,,72,,,91,,,304,,,127,267,,,,,,,,,,,,,378,237,,485,21,307,,413,,54,,118,241,337,299,,,48,,272,,264,262,1095,,,,60,,,,,,,,,,,,,,,133,,,,,542,,,,,,248,,,,,,,141,,,177,,,,155,,3,,,,,,,,,,,,,,,,,,,,,,,,,,,156,,227,17,74,712,,,,,,,,73,,125,,,,,,,,,,,,,,,,,,,,,,,,,,,172,,,,,,518,,,38,,,,,164,,,,,146,,,,,,,,,,,,,,,,112,,237,,,251,,,,16,,241,,,670,,390,357,137,,,,72,,,,,,309,,80,,,,,,,,,,,,54,12,21,,,,,,,,,230,,,92,,,,,,,,,,,,20,,,,,,,,,,,,149,40,,103,50,,22,129,21,222,,1,,,,161,,,,,134,173,,,275,163,193,,78,146,855,24,,43,119,287,366,,1081,314,315,91,,152,,,,,,,,,,,,,,,,,,,,,,,,,,,,,,,,,,,,,,,,,,,,,,,,,,,,,391,651,233,144,673,,,,124,,143,106,,41,177,282,,273,117,,58,,311,,,3,,,,,,,,,,,,,,,,,,,,,,,,,,,,,,,,,,,87,228,1,241,,,557,,207,,,220,,,50,,,191,,,,,,,,,479,,,504,,,179,,,327,
2026-08-16T17:05:01+00:00,,,,,581,66,167,,333,,456,287,,,200,,,,,,505,,283,,,23,,,,1137,,2,29,188,,,,,,132,,114,,33,,,,,,,336,44,,,,44,,,,,,,93,,129,,,,93,,,302,,,129,266,181,230,286,,,190,,,,,,,,,,,,,,,,,,,,,,,,,,,,,,,,,,,,,610,185,239,493,,9,337,,,,,,,,,,,,,,,,,,,,,,,,142,,,169,,,,158,,1,,,,,,,,,,,,,,,297,430,1249,433,,303,202,,258,264,523,182,155,,229,17,77,714,,,,,,,,74,,123,,,,,,,106,,,,,,,,,,,,,,,,,,,,173,,,,,,517,,,,,,,,,,,,,,,,,,56,,,,,64,,,,,,118,467,,169,261,250,415,,343,,,242,299,,669,,391,351,136,,,412,,,1187,,,,312,,84,,,,,,,,,,,167,59,11,,,,,,,,,,238,,,81,,,,,,,,,,,,,,,,,,,,,,,,155,,24,101,51,,,128,15,225,,,,,,165,,,,,135,178,,,,164,197,,79,,857,28,,,123,285,370,,1083,321,316,,196,146,,,,,,,,,,,,,,,,,,,,,,687,,174,,540,,,261,,,384,,,142,,,,,,,62,,,299,130,,,184,176,,,394,652,,143,677,,140,,125,,,105,157,,178,,283,272,,,55,,309,,,1,,,,,,,,,,,,,,,,,,,,,,,,,,,,,,,,,,,88,229,,242,,,558,,209,,,222,,,49,,,,,322,,,,,,,486,,,507,,,177,,,,
2026-08-16T17:10:02+00:00,,338,,156,579,70,,271,337,,457,293,,,198,,,,,,504,417,293,,,25,,,114,,,3,32,,,,,,148,135,,115,,34,,,,,,,335,,,,,46,,,,179,,,90,82,130,,,,95,,,301,,,,265,,,,,,,,,,,6,259,,236,,,20,308,,412,358,55,,116,,338,,,793,51,,,,266,,1099,,,,61,,,,,,,,,,,,,,,128,,,,,,,,,,176,247,,,,,,,,,,,,,,,,,,,,,,,,,,,,,,,,,,,,,,,,,,,152,,226,17,75,,,,,,,,,,,125,,,,,,,107,,,,,,,,,,,,,,,,,,,,177,,,,,,,,,39,,,,,163,,,,,147,,,,,58,,,,,66,,,,,,119,468,,,,251,,,351,19,,241,,,,336,,350,135,,,,,,,,,,317,,86,,,,,,,,,,,,63,9,,,,,,,,,,243,,,82,,,,,,,,,,,,19,,,,,,,,,,,,160,,25,102,,,19,124,12,224,,0,,,,164,,,,,,,,24,276,167,200,,83,148,,,,44,127,288,371,,,319,312,92,,119,,,,,,,,,,,,,,,,,,,,,,,,173,,536,,272,,,305,383,,,143,121,,,,,,,,,,129,,,185,181,,,,,232,144,679,132,,,,,,,,,,,,,,,,,,,,,,,,,,,,,,,,,,,,,,,,,,,,,,,,,,,,,,,90,234,2,244,,,560,,,,,,,,47,,,,,,,,,,,,485,,,508,,215,,,,324,
2026-08-16T17:15:01+00:00,171,,,155,578,,171,272,341,,462,297,,,195,,,,,,503,419,300,,,24,,,116,,,2,31,189,,,,,149,133,,113,,,,,,,,,,,,,,,,,,,,,89,,,73,,,97,,,303,,,133,263,180,229,285,207,217,194,,,,,,,,,,,,,,,,,,,,,,,,,,,,,,,,,,,,,588,183,247,492,,16,347,,,,,,,,,,,,,,,,,,,,,,,,136,,,165,,658,,151,,,,,,,,,,,,,,,,,296,431,1245,449,136,309,196,72,257,263,521,179,156,,231,17,70,716,,,,,,,,75,,127,,,,,,,108,,,57,,,,,,,,,,,,,,,,,185,,,,,,,,,41,,,,,,,,,,,,,,,,,,,,65,,,,,,114,469,238,170,,252,,,352,20,,244,301,,670,338,392,356,,,,409,,,,,,,321,,,,,,,,,,,,,168,61,6,,,,,,,,,,250,,,83,,,,,,,,,,,,21,,,,,,,,,,,,162,,26,103,47,,,126,8,225,,,,,40,162,,,,,,180,,,,169,,,85,,860,29,,,130,289,372,67,1084,317,315,89,,116,,,,,,,,,,,,,,,,,,,,,,684,,174,,542,,273,,,,,,,,123,,,,,,,,,298,,,,,182,,,,651,230,141,677,131,139,48,124,326,,106,156,40,187,280,,268,121,,62,,307,,,2,,,,,,,,,,,,,,,,,,,,,,,,,,,,,,,,,,,92,239,,250,,,,,213,,,221,,144,48,,,192,,324,,,,,,,488,,,,,216,,,,326,
2026-08-16T17:20:01+00:00,,336,,,575,,175,275,342,,463,300,,,198,,,,,,501,420,303,,,,,,,,,3,30,,,,,38,,,,,,,,,,,,,336,45,,,,,,,,180,,,90,,131,74,,,,,,305,,,,265,,,,,,,,,,,13,261,377,237,,482,,312,,413,356,63,,,237,,295,,,50,675,271,,264,259,1103,,,,60,,,,,,,,,,,,,,,,,,,,,,,,,175,249,,,,,,,,,,,,,,,,,,,,,,,,,,,,,,,,,,,,,,,,,,,157,,226,17,67,722,,,,,,,,,,,,,,,,,109,,,,,123,,,,,,,,,,,,,,,190,,,,,,,,,,,,,,164,,,,,,,,,,,,,,,66,,,,,,,471,239,173,,,416,,347,,13,243,300,,,,390,,134,,,408,73,,,,,,324,,89,,,,,,,,,,,169,63,8,22,,,,,,,,,257,,,87,,,,,,,,,,,,20,,,,,,,,,,,,159,,27,,,,18,129,10,227,,,320,,,164,,,,89,136,178,,,,170,199,,86,,,,136,45,,,,,,,,,,,,,,,,,,,,,,,,,,,,,,,,686,,172,,552,,,,,304,384,,,,125,,,,,,,,,,130,,,,,,297,,650,231,140,,132,142,46,120,,,101,,42,191,283,288,272,,,63,,308,,,8,,,,,,,,,,,,,,,,,,,,,,,,,,,,,,,,,,,91,237,1,256,,,559,,215,,,224,,143,50,,,,,,,,,,,,,,,510,,218,,,,,
2026-08-16T17:25:02+00:00,,,,,,,174,276,343,,465,299,,,197,,,,,,,419,305,,,,,,,1140,,2,31,188,,,,,150,135,,,,35,,,,,,,337,,,,,47,,,,,,,88,,,75,,,98,,,304,,,128,267,191,,,208,216,191,,,,,15,262,378,235,248,480,,311,213,418,355,72,,114,239,337,294,,795,48,673,265,,265,257,1107,,,,61,,,,,,,,,,,,,,,,,,,,,,,,,,,,,,,,,139,,,160,,657,,144,,5,,,,,,,,,,,,,,,,430,1243,457,137,313,199,,259,264,,176,,,223,17,65,723,,,,,,,,,,128,,,,,,,,,,58,,,,,,,,,,,,,,,,,191,,,,,,,,,,,,,,,,,,,,,,,,,,,,,,,,,,,122,474,238,172,,,414,,339,21,,245,297,,671,,389,360,,,,410,71,,1191,,,,,,88,,,,,,,,,,,170,64,,20,,,,,,,,,274,,,82,,,,,,,,,,,,19,,,,,,,,,,,,157,,,105,,,19,128,8,,,,,,,165,,,,,,179,,,274,,198,,88,150,,,,44,133,290,374,,1094,319,319,90,,117,,,,,,,,,,,,,,,,,,,,,,682,,175,,554,,272,260,,310,,,,,,,,,,,64,,,299,131,,,192,181,,296,395,652,230,142,676,,141,47,,328,,97,154,,,287,291,273,123,,67,,,,,7,,,,,,,,,,,,,,,,,,,,,,,,,,,,,,,,,,,94,242,2,263,,,558,,217,,,225,,141,48,,,191,,325,,,,,,,492,,,511,,,,,,329,
2026-08-16T17:30:01+00:00,172,,,,578,69,176,277,340,,467,296,,,194,,,,,,500,420,304,,,27,,,,,,0,32,187,,,,,151,,,,,,,,,,,,339,43,,,,,,,,,,,89,,,74,,,99,,,308,,,,,192,228,,206,,,,,,,,,,,,,,,,,,,,,,,,,,,,,,,,,,,,,,,583,179,254,500,,30,348,,,,,,125,,,,,543,,,,,176,250,,,,,,,134,,,157,,656,,142,,,,,,,,,,,,,,,,,,,,,,,,,,,,,158,,224,17,69,727,,,,,,,,,,131,,,,,,,,,,,,,,,,,,,,,,,,,,,198,,,,,,,,,,,,,,163,,,,,,,,,,59,,,,,67,,,,,,,473,240,173,,,413,,342,,,244,300,,,337,,364,133,,,409,72,,,,,,329,,89,,,,,,,,,,,171,67,15,25,,,,,,,,,288,,,84,,,,,,,,,,,,20,,,,,,,,,,,,153,,28,104,,,15,126,10,231,,,319,161,,166,,,,,,178,,25,271,169,199,,90,151,859,32,,45,,,,,,,,,,,,,,,,,,,,,,,,,,,,,,,,,,,,,,,,,,,,,,,,,,,,,,,,,,,,,,,397,654,231,141,677,,142,46,118,329,,,,40,194,290,289,275,120,,70,,306,,,9,,,,,,,,,,,,,,,,,,,,,,,,,,,,,,,,,,,96,248,3,266,,,559,,,,,224,,143,47,,,192,,,,,,,,,501,,,,,219,178,,,,
2026-08-16T17:35:01+00:00,174,,,,582,68,178,279,338,,472,297,,,193,,,,,,499,,302,,,25,,,,,,,,,,,,,153,134,,112,,,,,,,,,336,45,,,,,,,,,,,88,,,,,,,,,,,,,266,,,,,,,,,,385,16,,379,,245,482,21,,,417,354,74,,,,336,296,,,47,,,,266,255,1110,,,,60,,,,,,,,,,,,,,,,,,,,,,,,,,,,,,,,,,,,,,,,,,,,,,,,,,,,,,,,,,,1244,,,312,195,,258,,524,,160,,217,17,,735,,,,,,,,77,,,,,,,,,,,,,,,,,,,,,,,,,,,,,196,,,,,,,,,,146,,,,164,,,,,,,,,,,,,,,,,,,,,,471,242,174,260,253,412,,344,,14,243,301,,,,,358,,,,,71,,,,,,332,,90,,,,,,,,,,,172,71,20,26,,,,,,,,,291,,,88,,,,,,,,,,,,,,,,,,,,,,,,156,,27,103,49,149,,125,12,235,,,,162,,163,,,,,135,179,,,269,171,203,,92,,855,34,138,,132,289,381,,1104,313,321,89,,115,,,,,,,,,,,,,,,,,,,,,,684,82,180,,,,,,,,385,,,,124,,,,,,63,,,297,,,,193,182,,295,,653,,142,679,131,147,45,,327,144,98,,42,,291,,270,123,,69,,308,,257,12,,,,,,,,,,,,,,,,,,,,,,,,,,,,,,,,,,,95,255,,263,,,561,,219,334,,228,,,,,,,,,,,,,,,,,,,,,,,,331,
2026-08-16T17:40:01+00:00,,338,,,585,66,179,281,336,,474,293,,,,,,,,,501,419,304,,,,,,,1142,,,33,,,,,,152,135,,,,,,,,,,,335,46,,,,,15,,,,,,86,,132,,,,,,,306,,,129,267,200,227,,205,214,196,,,,,,,,,,,,,,,,,,,,,,,,,,,,,,,,,,,,,591,180,256,502,,28,352,,,,,,116,,,,,544,,,,,175,,,,,,,,126,,,152,,657,,148,,2,,,,,,,,,,,,,,,,,,,,,,,,,,,158,,221,17,66,732,,,,,,,,,,132,,,,,,,110,,,,,,,,,,,,,,,,,,,,194,,,,,,,,,43,,,,,163,,,,,148,,,,,58,,,,,68,,,,,,121,468,241,,,,,,348,27,,244,302,,,335,391,357,,,,405,72,,1192,,,,333,,88,,,,,,,,,,,171,70,23,,,,,,,,,,298,,,93,,,,,,,,,,,,19,,,,,,,,,,,,,,26,,48,,,124,,238,,,318,,,161,,,,,134,180,,,266,172,202,,94,,854,,140,46,136,287,379,68,1097,312,322,90,,113,,,,,,,,,,,,,,,,,,,,,,689,83,,,556,,274,259,,309,,,,142,,,,,,,,,,,132,,,196,185,,,399,654,233,145,680,,148,44,119,326,,,,41,198,294,,268,,,70,,309,,,15,,,,,,,,,,,,,,,,,,,,,,,,,,,,,,,,,,,,263,4,265,,,,,,,,230,,144,50,,,,478,,,,,,,,509,,,510,,,,,,,
2026-08-16T17:45:01+00:00,,340,,,590,64,180,,338,,477,,,,192,,,,,,,,305,,,26,,,,1143,,,36,186,,,,,153,137,,,,,,,,,,,336,47,,,,,,,,,,,,80,,73,,,,,,307,,,130,268,198,,286,210,215,193,,,,387,9,257,,237,242,476,24,,,419,355,72,,116,236,338,289,172,,42,677,266,,267,253,1114,,,,,,,,,,,,,,,,,,,,,,,,,,,,,,,,,,,,,,,,,,,,,,,,,,,,,,,,,,,,,295,429,,471,140,319,193,,257,263,525,,,,222,17,63,737,,,,,,,,,,131,,,,,,,108,,,,,,,,,,,,,,,,,,,,196,,,,,,,,,,,,,,162,,,,,,,,,,,,,,,,,,,,,116,470,243,,,,411,,351,26,,,304,,,,389,359,,,,406,70,,,,,,336,,89,,,,,,,,,,,170,73,,,,,,,,,,,306,,,,,,,,,,,,,,,,,,,,,,,,,,,159,,,,50,,,,,241,,,317,,,,,,,,,,,,265,,207,,,152,852,36,,,,,,,,,,,,,,,,,,,,,,,,,,,,,,,,,,,84,181,,559,,,,,308,384,,,,123,,,,,,,,,296,133,,,198,187,,,,,235,,683,,150,,120,324,,,155,,195,293,290,272,,,72,,310,,,,,,,,,,,,,,,,,,,,,,,,,,,,,,,,,,,,,,98,266,5,269,,,560,,223,,,,,146,51,,,,480,,,,,,,,518,,,511,,220,179,,,333,
2026-08-16T17:50:01+00:00,173,,,,,,182,280,,,478,290,,,189,,,,,,502,421,309,,,28,,,,1146,,,37,189,,,,,,,,113,,,,,,,,,337,,,,,,16,,,,,,89,79,,72,,,100,,,309,,,,269,,,,,,,,,,,,,,,,,,,,,,,,,,,,,,,,,,,,,,,,,,,583,179,260,503,,32,358,,,,,,121,,,,,,,,,,173,248,,,,,,,124,,,157,,655,,147,,3,,,,,,,,,,,,,,,,,,,,,,,,,,,159,,223,17,65,738,,,,,,,,,,,,,,,,,,,,,,,,,,,,,,,,,,,,,197,,,,,,515,,,45,,,,,164,,,,,147,,,,,57,,,,,71,,,,,,115,,244,,,,,,,27,,,307,,,,,,,,,407,71,,1193,,,,338,,90,,,,,,,,,,,167,74,24,,,,,,,,,,316,,,92,,,,,,,,,,,,20,,,,,,,,,,,,165,,28,,51,,,,13,244,,,316,160,,162,,,,,136,181,,24,262,173,205,,,151,853,35,139,45,,,377,69,1086,317,328,94,,,,,,,,,,,,,,,,,,,,,,,,694,,182,,563,,273,,,310,,,,143,124,,,,,,65,,,,132,,,201,192,,,,656,234,146,685,132,151,,119,,,100,,43,196,,,269,121,,69,,,,256,12,,,,,,,,,,,,,,,,,,,,,,,,,,,,,,,,,,,103,267,7,274,,,,,222,,,234,,147,52,,,,481,,,,,,,,522,,,509,,,,,,,
2026-08-16T17:55:01+00:00,174,,,,594,66,184,283,337,,479,288,,,187,,,,,,,422,,,,,,,,1148,,,42,191,,,,,152,136,,,,,,,,,,,340,,,,,,15,,,181,,,90,,,71,,,,,,307,,,131,270,200,229,287,208,214,194,,,,,14,256,375,242,243,487,,,,418,356,84,64,114,,,276,173,,40,687,264,,268,248,1120,,14,,61,,,592,178,264,498,,28,362,,,,,,126,,,,,,,,,,,250,,,,,,,126,,,160,,654,,142,,5,,,,,,,,,,,,,,,,425,1241,482,,332,191,,,264,526,,158,,224,17,,744,,,,,,,,,,,,,,,,,107,,,,,124,,,,,,,,,,,,,,,200,,,,,,,,,44,,,,,,,,,,,,,,,,,,,,72,,,,,,117,473,241,173,259,252,,,350,30,,,305,,,334,390,358,132,,,,69,,,,,,344,,91,,,,,,,,,,,165,73,,,,,,449,,,,,321,,,94,,,,,,,,,,,,19,,,,,,,,,,,,167,,,,,,,122,,243,,,,,,164,,,,,138,180,,,,,206,,95,,850,,,46,,,,,,,,,,,,,,,,,,,,,,,,,,,,,,,,,,,,567,,,,,,,,,,,,,,,,,,,,,,,,,,,,657,,148,687,133,,,,,,,,,,,,,,,,,,,,,,,,,,,,,,,,,,,,,,,,,,,,,,,,,,,,,,,102,268,8,276,,100,561,,224,,,238,,150,49,,,,480,324,,,,,,,524,,,510,,,180,,,,
2026-08-16T18:00:02+00:00,175,341,,,592,65,188,286,336,,480,,,,180,,,,,,,423,314,,,30,,,,1149,30,,44,190,,,,,151,140,,112,,36,,,,,,,,,,,,,,,,,,,,,,,,,99,,,,,,132,271,218,230,,,212,196,,,,,19,258,373,240,242,484,30,310,,420,357,91,63,,233,340,288,,,41,695,266,116,267,252,1121,,,466,62,,,,,,,,,,,,,,,,,,,,,,,,,,,,,,,,,,,,,,,,,,,,,,,,,,,,,,,,,,,,,,,,,,,,,157,,229,17,67,746,,,,,,,,78,,,,,,,,,108,,,,,,,,,,,,,,,,,,,,204,,,,,,,,,,,,,,,,,,,148,,,,,58,,,,,,,,,,,120,472,240,174,260,,412,,,31,,246,306,,,333,392,364,131,,,406,,,1194,,,,,,93,,,,,,,,,,,166,76,23,,,,,,,,,,326,,,95,,,,,,,,,,,,,,,,,,,,,,,,162,,27,104,,,14,123,14,,,,317,161,,169,,,,,137,182,,,260,,205,,97,,847,39,140,,139,285,387,68,1083,314,340,96,,110,,,,,,,,,,,,,,,,,,,,,,696,,,,,,,,,,383,,,144,,,,,,,66,,,297,133,,,206,196,,,398,660,,151,692,,150,,120,323,,99,,,204,294,,271,115,,66,,309,,,15,,,,,,,,,,,,,,,,,,,,,,,,,,,,,,,,,,,101,283,5,278,,,562,,230,,,237,,151,51,,,,,,,,,,,,525,,,,,,181,,,334,
2026-08-16T18:05:01+00:00,176,,,,593,67,186,287,337,,485,289,,,173,,,,,,,422,318,,,31,,,,1151,,,,191,,,,,,141,,113,,,,,,,,,341,,,,,,,,,,,,88,,,70,,,98,,,304,,,,,,,,,,,,,,,,,,,,,,,,,,,,,,,,,,,,,,,,,,,,,,,589,176,271,,,23,365,,,,,,129,,,,,541,,,,,170,,,,,,,,114,,,159,,655,,151,,3,,,,,,,,,,,,,,,,418,1242,490,,,187,,256,,527,,155,,228,17,,,,,,,,,,,,133,,,,,,,109,,,,,125,,,,,,,,,,,,,,,203,,,,,,,,,43,,,,,,,,,,,,,,,,,,,,,,,,,,122,471,239,182,,253,414,,348,37,,,,,,338,,369,,,,408,,,,,,,346,,,,,,,,,,,,,,78,24,,,,,450,,,,,337,,,98,,,,,,,,,,,,,,,,,,,,,,,,,,28,,,,,124,,242,,,,162,,170,,,,,142,181,,,261,174,211,,98,,846,41,141,,142,,389,,1086,321,345,95,,112,,,,,,,,,,,,,,,,,,,,,,697,,183,,568,,274,,,,382,,,143,,,,,,,,,,,134,,,210,199,,,400,662,,153,695,132,153,45,123,,145,100,,,203,,288,268,110,,61,,311,,,14,,,,,,,,,,,,,,,,,,,,,,,,,,,,,,,,,,,,282,,281,,,563,,232,335,,,,,,,,,481,323,,,,,,,529,,,512,,,180,,,,
2026-08-16T18:10:01+00:00,177,,,,,66,188,291,338,,491,291,,,,,,,,,500,,324,,,30,,,,1152,,,45,,,,,,,142,,112,,,,,,,,,,,,,,,14,,,,,,89,,133,72,,,,,,299,,,134,,,,,,,,,,,388,,259,,241,244,489,,,,,,93,64,,,338,283,,794,,689,,,,257,1120,,,,,,,,,,,,,,,,,,,,,,,,,,,,,,,,,,,,,,,,,,,,,,,,,,,,,,,,,,,,,,,,,,,,,,,,,153,,227,17,,748,,,,,,,,,,136,,,,,,,,,,,,,,,,,,,,,,,,,,,207,,,,,,514,,,,,,,,,,,,,,,,,,,,,,,,,,,,,,469,236,183,,,,,351,38,,248,307,,,,395,367,,,232,410,72,,,,,,348,,94,,,,,,,,,,,,80,25,25,,,,,,,,,342,,,100,,,,,,,,,,,,20,,,,,,,,,,,,169,,27,106,52,,,123,15,,,,318,,,168,,,16,,143,184,,,262,175,,,,150,843,,,47,,,,,,,,,,,,,,,,,,,,,,,,,,,,,,,,,,184,,575,,273,261,,314,,,,,,,,,,,,,,296,136,,,215,200,,,401,664,237,155,698,,154,44,124,322,,,,44,206,,289,267,113,,65,,312,,,12,,,,,,,,,,,,,,,,,,,,,,,,,,,,,,,,,,,102,283,9,284,,,565,,235,,,239,,150,52,,,193,480,,,,,,,,,,,,,,,,,,
2026-08-16T18:15:01+00:00,178,,,156,594,67,,292,337,,492,287,,,174,,,,,,,423,323,,,,,,113,1151,,,46,,,,,,,143,,113,,,,,,,,,340,,,,,,,,,,,,95,,,73,,,,,,,,,135,,,229,285,207,213,197,,,,,,,,,,,,,,,,,,,,,,,,,,,,,,,,,,,,,585,177,273,497,,,372,,,,,,141,,,,,,,,,,172,249,,,,,,,115,,,163,,656,,153,,,,,,,,,,,,,,,,,,419,1240,500,139,341,195,73,254,,531,184,157,,221,17,69,758,,,,,,,,79,,137,,,,,,,108,,,,,,,,,,,,,,,,,,,,208,,,,,,513,,,,,,,,165,,,,,150,,,,,,,,,,,,,,,,123,471,233,,,,,,357,39,,,,,,,,379,130,,,,73,,,,,,351,,103,,,,,,,,,,,165,82,24,,,,,,,,,,351,,,102,,,,,,,,,,,,23,,,,,,,,,,,,,,,107,54,,11,124,17,,,,,161,,170,,,,,141,185,,23,266,,218,,99,149,840,42,,,140,286,390,,1093,324,347,97,,113,,,,,,,,,,,,,,,,,,,,,,,,185,,,,,,,,,,,,,,,,,,67,,,,,,,,202,,,403,666,239,,700,,155,45,126,,,99,154,,,296,,263,114,,64,,,,,13,,,,,,,,,,,,,,,,,,,,,,,,,,,,,,,,,,,103,284,8,285,,,,,239,,,241,,147,54,,,194,,324,,,,,,,530,,,515,,,,,,338,
2026-08-16T18:20:01+00:00,,,,,595,68,190,,339,,493,288,,,198,,,,,,501,425,324,,,37,,,114,1150,,,,190,,,,,,,,,,,,,,,,,341,,,,,,,,,182,,,94,80,,,,,99,,,301,,,136,270,,,,,,,,,,386,26,,372,243,242,492,,312,,432,358,95,,,232,334,290,,,44,690,267,117,268,256,,,,,63,,,,,,,,,,,,,,,,,,,,,,,,,,,,,,,,,,,,,,,,,,,,,,,,,,,,,,,,,,,,,,,,,,,,,156,,219,17,70,759,,,,,,,,,,139,,,,,,,109,,,57,,126,,,,,,,,,,,,,,,217,,,,,,,,,,,,,,,,,,,149,,,,,,,,,,,,,,,,,473,,184,,,,,359,42,,,306,,,339,,389,,,,413,76,,1195,,,,,,,,,,,,,,,,,,,,,,,,,,,,,,,,,,,,,,,,,,,,,,,,,,,,,,,,,39,29,,,,,126,,243,,,319,,,172,,,,,,189,,,273,176,219,,,,839,,140,,141,284,392,,1109,325,,96,,115,,,,,,,,,,,,,,,,,,,,,,696,85,186,,592,,272,,,,,,,,126,,,,,,68,,,297,139,,,219,203,,,,667,240,154,703,,154,44,124,321,,100,153,45,210,297,298,259,113,,67,,,,,17,,,,,,,,,,,,,,,,,,,,,,,,,,,,,,,,,,,104,285,,280,,,566,,241,334,,240,,,56,,,,,326,,,,,,,536,,,518,,,181,,,,
2026-08-16T18:25:02+00:00,,,,,597,,188,,,,495,287,,,207,,,,,,,,330,,,,,,,,,,47,192,,,,,,142,,,,,,,,,,,,,,,,50,,,,,,,,81,,,,,,,,298,,,,269,213,230,286,212,214,196,,,,,,,,,,,,,,,,,,,,,,,,,,,,,,,,,,,,,587,178,276,495,,19,376,,,,,,149,,,,,542,,,,,,248,,,,,,,121,,,161,,,,160,,5,,,,,,,,,,,,,,,294,420,,508,140,340,202,,256,,529,189,159,,224,17,74,766,,,,,,,,80,,140,,,,,,,,,,58,,125,,,,,,,,,,,,,,,221,,,,,,,,,,,,,,,,,,,,,,,,,,,,,,,,,,,125,,234,,259,252,415,,358,44,,250,309,,,,394,387,,,,412,77,,,,,,356,,101,,,,,,,,,,,167,86,22,,,,,,,,,,357,,,108,,,,,,,,,,,,22,,,,,,,,,,,,168,,,,57,,10,,,248,,,318,,,,,,,,,,,,276,177,,,102,,840,43,,48,139,283,394,,,326,349,,,117,,,,,,,,,,,,,,,,,,,,,,698,,,,599,,,262,,,381,,,,125,,,,,,,,,296,140,,,,204,,,,670,236,155,,,155,,,,,,,,,,,,,,,,,,,,,,,,,,,,,,,,,,,,,,,,,,,,,,,,,,,,,,107,289,12,284,,,567,,,,,242,,148,60,,,,,327,,,,,,,542,,,522,,,,,,340,
2026-08-16T18:30:01+00:00,179,,,,605,,187,,340,,497,286,,,229,,,,,,,426,335,,,38,,,116,1148,,,,190,,,,,150,143,,112,,,,,,,,,340,46,,,,,15,,,,,,,,,,,,98,,,297,,,,270,,,,,,,,,,387,30,,375,237,239,,29,,,442,357,88,,,229,,,,,,685,268,,275,258,1121,,15,,64,,,,,,,,,,,,,,,,,,,,,,,,,,,,,,,,,,,,,,,,,,,,,,,,,,,,,,,,,,,,,,,,,,,,,161,,227,17,76,774,,,,,,,,,,143,,,,,,,110,,,,,,,,,,,,,,,,,,,,226,,,,,,,,,,,,,,164,,,,,150,,,,,56,,,,,,,,,,,126,476,239,185,261,,,,360,45,,,310,,,340,,382,,,,,80,,,,,,,,96,,,,,,,,,,,,92,24,27,,,,449,,,,,362,,,115,,,,,,,,,,,,21,,,,,,,,,,,,170,,30,106,58,,8,125,,252,,,,160,,171,,,,,,193,,,279,,225,,,,,44,,49,138,282,395,,1107,327,354,,,,,,,,,,,,,,,,,,,,,,,,,,,,,,,,,,,,,,,,,,,,,,,,,,,,,,,,,,,157,704,,157,,125,323,,102,154,,213,300,304,257,110,,63,,311,,,19,,,,,,,,,,,,,,,,,,,,,,,,,,,,,,,,,,,111,287,,290,,,,,,,,243,,,59,,,,,,,,,,,,546,,,525,,221,,,,,
2026-08-16T18:35:01+00:00,178,340,,,606,69,190,,,,500,287,,,223,,,,,,,427,338,,,40,,,,1147,,,,189,,,,,149,144,,111,,,,,,,,,342,,,,,,,,,,,,,82,,72,,,,,,302,,,,271,210,,287,214,,198,,,,,,,,,,,,,,,,,,,,,,,,,,,,,,,,,,,,,,179,274,499,,20,377,,,,,,154,,,,,541,,,,,,,,,,,,,129,,,158,,654,,171,,8,,,,,,,,,,,,,,,,419,1239,512,142,339,205,,253,,533,190,163,,228,17,80,778,,,,,,,,,,144,,,,,,,,,,,,,,,,,,,,,,,,,,,225,,,,,,,,,44,,,,,,,,,,,,,,,58,,,,,,,,,,,127,,240,,262,,419,,359,,,251,309,,,,,387,,,,413,82,,1193,,,,357,,99,,,,,,,,,,,169,93,25,,,,,450,,,,,367,,,121,,,,,,,,,,,,19,,,,,,,,,,,,,,31,107,59,,7,124,19,251,,,319,,,172,,,,,140,196,,,,,,,,,844,,139,,139,283,393,69,,328,356,98,,124,,,,,,,,,,,,,,,,,,,,,,701,86,188,,,,,263,,317,,,,,,,,,,,67,,,,141,,,223,207,,,404,,235,159,,,156,,,,,,,,,,,,,,,,,,,,,,,,,,,,,,,,,,,,,,,,,,,,,,,,,,,,,,,297,13,296,,,,,242,,,244,,,61,,,,,329,,,,,,,552,,,526,,222,180,,,343,
2026-08-16T18:40:01+00:00,179,,,,611,,,,343,,501,288,,,220,,,,,,503,,345,,,43,,,,,29,,,188,,,,,150,143,,112,,,,,,,,,,47,,,,51,,,,,,,,,,71,,,100,,,304,,,137,,212,,288,,,199,,,,388,,258,374,246,240,494,33,311,,441,359,89,,115,,,299,,,46,687,,,,,1127,,,,67,,,,,,,,,,,,,,,153,,,,,542,,,,,171,,,,,,,,131,,,160,,655,,174,,9,,,,,,,,,,,,,,,,,,,,,,,,,,,,,234,17,,783,,,,,,,,,,,,,,,,,,,,,,,,,,,,,,,,,,,,,226,,,,,,,,,,,,,,163,,,,,,,,,,,,,,,,,,,,,,,,,,,,,,,,253,310,,,,396,391,,,,,,,1192,,,,,,,,,,,,,,,,,170,94,23,29,,,,,,,,,374,,,120,,,,,,,,,,,,,,,,,,,,,,,,,,,,,,,,,,,,,,,,,,,,,,,,,,,,,,,,,,,,,,,,,,,,,,,,,,,,,,,,,,,,,,,,,703,,189,,602,,271,,,,382,,,,,,,,,,69,,,298,142,,,225,,,294,,,,,,,,,,,,,,,,,,,,,,,,,,,,,,,,,,,,,,,,,,,,,,,,,,,,,,,,,,,,,114,304,15,,,,,,245,,,243,,,68,,,,478,,,,,,,,558,,,528,,,179,,,346,
2026-08-16T18:40:02+00:00,,,,,,,,,,,,,,,,,,,,,,,,,,,,,,,,,,,,,,,,,,,,,,,,,,,,,,,,,,,,,,,,,,,,,,,,,,,,,,,,,,,,,,,,,,,,,,,,,,,,,,,,,,,,,,,,,,,,,,,,,,,,,,,,,,,,,,,,,,,,,,,,,,,,,,,,,,,,,,,,,,,,,,,,,,,,,,,,,,,,,,,,,,,,,,,,,,,,,,,,146,,,,,,,,,,,,,,,,,,,,,,,,,,,,,,,,,,,,,,,,,,,,,,,,,,,,,,,,,,,,,,,477,243,,,253,421,,361,46,,,,,,,,,,,,,,,,,,,,,,,,,,,,,,,,,,,,,,,,,,,,,,,,,,,,,,,,,,,,,,,,,,,,,,,168,,32,109,60,,8,125,20,252,,,,,,173,,,,,,,,,,,226,,101,,851,,140,,140,282,399,,1106,327,358,101,,126,,,,,,,,,,,,,,,,,,,,,,,,,,,,,,,,,,,,,,,,,,,,,,,,,,,,,405,674,236,160,,,,45,126,324,143,105,,47,219,302,308,258,121,,68,,312,,255,20,,,,,,,,,,,,,,,,,,,,,,,,,,,,,,,,,,,,,,,,,,,,,,,,,,,,,,,,,,,,,,,,,,,,,,,
2026-08-16T18:45:02+00:00,178,,,,613,72,189,295,,,502,,,,218,,,,,,502,430,343,,,44,,,,1149,,,48,,,,,,149,,,,,,,,,,,,343,,,,,,,,,,,,,,134,70,,,,,,,,,,272,,,,,,,,,,391,38,257,375,253,239,497,,,,443,360,91,63,116,233,337,310,,,44,696,271,,276,262,1128,,,,,,,590,180,280,498,,26,378,,,,,,,,,,,,,,,,,,,,,,,,135,,,162,,657,,191,,10,,,,,,,,,,,,,,,,,1241,515,146,346,208,,252,263,,193,167,,235,17,84,787,,,,,,,,,,149,,,,,,,108,,,59,,,,,,,,,,,,,,,,,224,,,,,,,,,45,,,,,,,,,,,,,,,,,,,,,,,,,,,476,247,,264,,422,,362,52,,254,313,,,,,393,,,,414,83,,1194,,,,358,,97,,,,,,,,,,,172,95,24,,,,,,,,,,,,,124,,,,,,,,,,,,21,,,,,,,,,,,,162,,33,110,61,,,126,,257,,,,,,174,,,,90,,197,,24,284,,229,,,,852,,141,,141,285,410,,,329,366,,,132,,,,,,,,,,,,,,,,,,,,,,,,,,,,,,,,,,,,,,,,,,,,,,,,,,,,,,676,,165,,133,159,,125,323,,106,156,48,,304,307,264,122,,76,,313,,,25,,,,,,,,,,,,,,,,,,,,,,,,,,,,,,,,,,,118,307,12,297,,,,,247,,,244,,149,70,,,,,,,,,,,,557,,,529,,,180,,,347,
2026-08-16T18:50:01+00:00,180,,,,614,,190,294,,,505,289,,,214,,,,,,,431,346,,,27,,,,1152,,2,50,187,,,,,,145,,114,,,,,,,,,344,48,,,,,16,,,,,,,,,71,,,,,,,,,,,215,,289,211,,201,,,,,,,,,,,,,,,,,,,,,,,,,,,,,,,,,,,,,,,,,,,,,,,,,160,,,,,,,,,,172,,,,,,,,,,,,,,,,,,,,,,,,,,,,,,,,,,,,,,,,,,,,168,,,17,,788,,,,,,,,81,,,,,,,,,107,,,,,126,,,,,,,,,,,,,,,230,,,,,,514,,,,,,,,165,,,,,149,,,,,,,,,,,,,,,,,477,,,,,,,365,53,,,315,,,,,400,,,,,,,1195,,,,,,96,,,,,,,,,,,,96,25,,,,,,,,,,375,,,128,,,,,,,,,,,,22,,,,,,,,,,,,163,,36,111,,,,,19,261,,1,,161,,175,,,,,,199,,,285,,232,,,,855,,,,140,287,414,,,331,372,103,,138,,,,,,,,,,,,,,,,,,,,,,,,,,600,,,262,,319,383,,,,,,,,,,68,,,300,143,,,236,212,,,,,239,167,,132,161,,,,,,,,,,,,,,,,,,,,,,,,,,,,,,,,,,,,,,,,,,,,,,,,,,,,,,120,317,14,305,,,,,,,,,,151,72,,,,,330,,,,,,,564,,,531,,,179,,,,
2026-08-16T18:55:01+00:00,,,,,618,,191,,346,,506,286,,,,,,,,,504,,343,,,26,,,,1159,,3,52,,,,,,,,,,,,,,,,,,347,,,,,49,,,,181,,,,,,72,,,101,,,309,,,138,,,,,,,,,,,392,,258,376,255,240,499,,,,444,,96,,,241,338,317,,,,,272,,,264,1132,,,,69,,,592,182,,501,,32,,,,,,,,,,,,,,,,,,,,,,,,,144,,,163,,,,203,,15,,,,,,,,,,,,,,,,420,1247,521,147,348,209,74,251,264,536,201,170,,234,17,88,793,,,,,,,,,,,,,,,,,109,,,,,,,,,,,,,,,,,,,,237,,,,,,,,,,,,,,,,,,,,,,,,,,,,,,,,,,,,,254,188,,,423,,,57,,253,317,,,,398,410,,,,417,84,,1194,,,,,,97,,,,,,,,,,,,97,26,,,,,,,,,,,,,130,,,,,,,,,,,,23,,,,,,,,,,,,160,,,,,,10,127,21,263,,,323,,,176,,,,,,200,,,290,,233,,,,857,,142,,,,,,,,,,,,,,,,,,,,,,,,,,,,,,,,,704,,,,599,,272,265,,,,,,,,,,,,,,,,301,,,,238,,,,406,677,240,168,705,134,162,44,,,,107,,,216,305,310,271,126,,90,,312,,254,33,,,,,,,,,,,,,,,,,,,,,,,,,,,,,,,,,,,,326,17,307,,,,,249,,,245,,152,77,,,,,332,,,,,,,566,,,529,,223,,,,349,
2026-08-16T19:00:01+00:00,,341,57,,617,71,,296,347,,,285,,,215,,,,,,,,346,,,28,,,,1160,,,,,,,,37,150,,,,,,,,,,,,,,,,,48,,,,,,,,,133,,,,102,,,,,,,274,235,,,213,,203,,,,,,,,,,,,,,,,,,,,,,,,,,,,,,,,,,,,,,,,,,,,,,,,,162,,,,,543,,,,,174,247,,,,,,,,,,,,,,,,,,,,,,,,,,,,,,,,,,,,,,,,,,,171,,241,17,90,795,,,,,,,,80,,152,,,,,,,112,,,58,,125,,,,,,,,,,,,,,,236,,,,,,,,,,,,,,,,,,,150,,,,,59,,,,,,,,,,,,,,192,,,424,,363,60,,,,,,,397,406,,,,416,87,,,,,,,,95,,,,,,,,,,,174,,24,30,,,,,,,,,,,,131,,,,,,,,,,,,22,,,,,,,,,,,,162,,,,63,,9,129,,267,,,324,160,,178,,,,91,143,,,,289,,238,,99,,862,,141,48,142,,419,,,336,379,,197,,,,,,,,,,,,,,,,,,,,,,,,,190,,,,,,,,,,,142,126,,,,,,,,,,,,,,214,,,,683,238,170,706,,161,,124,324,144,109,157,50,217,309,308,272,131,,89,,313,,253,41,,,,,,,,,,,,,,,,,,,,,,,,,,,,,,,,,,,125,330,20,312,,,,,252,,,,,153,78,,,,479,333,,,,,,,567,,,531,,,180,,,,
2026-08-16T19:15:02+00:00,179,,,,618,,197,,352,,512,288,,,219,,,,,,505,432,353,,,29,,,,1162,,8,60,182,,,,38,152,146,,112,,,,,,,,,,,,,,50,17,,,,,,97,,,,,,106,,,307,,,,273,241,,291,214,216,209,,,,391,60,267,388,258,234,503,37,,,452,359,107,64,118,245,341,353,,793,50,699,270,116,279,269,1139,,,467,73,,,,,,,,,,,,,,,186,,,,,,,,,,176,,,,,,,,162,,,178,,656,,256,,37,,,,,,,,,,,,,,,,419,1249,543,149,353,211,,252,267,542,206,177,,243,17,99,807,,,,,,,,,,157,,,,,,,,,,60,,,,,,,,,,,,,,,,,256,,,,,,,,,,147,,,,164,,,,,151,,,,,,,,,,74,,,,,,130,492,257,,,,425,,359,65,,,322,,673,,,419,,,,419,90,,1278,,,,,,99,,,,,,,,,,,173,100,25,29,,,,,,,,,,,,143,,,,,,,,,,,,21,,,,,,,,,,,,174,,39,113,65,150,,132,32,272,,,331,159,,179,,,,90,144,207,,26,290,176,250,,100,,878,,,,150,282,440,70,1107,351,389,105,,167,,,,,,,,,,,,,,,,,,,,,,,,193,,598,,,266,,325,384,,,141,127,,,,,,70,,,305,,,,251,226,,,,686,233,,708,,168,43,127,326,,112,159,,221,316,311,273,135,,92,,316,,255,48,,,,,,,,,,,,,,,,,,,,,,,,,,,,,,,,,,,130,342,26,330,,,,,255,333,,,,156,84,,,,,334,,,,,,,573,,,533,,,,,,350,
2026-08-16T19:30:01+00:00,181,340,,157,628,73,201,297,355,,513,291,,,221,,,,,,506,434,362,,,34,,,,1165,30,,66,180,,,,,151,,,108,,,,,,,,,348,,,,,51,,,,,,,98,,,,,,105,,,312,,,140,272,246,229,,219,,214,,,,393,73,271,393,266,,512,49,,,460,358,121,,,252,344,355,,,56,705,272,,281,272,1147,,,,74,,,601,184,280,502,,46,385,,,,,,200,,,,,542,,,,,177,248,,,,,,,171,,,212,,654,,284,,135,,,,,,,,,,,,,,,,417,1253,548,151,356,215,76,,268,546,212,180,,247,17,105,821,,,,,,,,79,,156,,,,,,,114,,,63,,127,,,,,,,,,,,,,,,268,,,,,,513,,3,46,148,,,,165,,,,,152,,,,,,,,,,,,,,,,134,498,261,194,,,426,,377,67,,,329,,672,341,401,430,,,,421,91,,1349,,,,357,,102,,,,,,,,,,,172,103,23,31,,,,,,,,,,,,140,,,,,,,,,,,,20,,,,,,,,,,,,181,,40,117,73,151,,131,39,279,,,336,160,39,183,,,15,,153,211,,27,292,,258,,99,147,883,,142,49,153,279,450,,1111,359,390,106,,183,,,,,,,,,,,,,,,,,,,,,,712,,196,,600,,271,267,,328,383,,,140,,,,,,,72,,,306,145,,,257,237,,295,408,687,235,173,,133,172,,129,325,145,113,,51,229,324,321,292,146,,114,,319,,,51,,,,,,,,,,,,,,,,,,,,,,,,,,,,,,,,,,,133,358,30,342,,,,,257,,,248,,162,87,,,195,480,335,,,,,,,584,,,538,,,179,,,352,
2026-08-16T19:45:01+00:00,182,338,,,,,207,,,,514,294,,,225,,,,,,507,435,364,,,33,,,,1168,,10,70,182,,,,,152,148,,107,,,,,,,,,,49,,,,50,,,,,,,105,83,,73,,,104,,,317,,,141,274,253,230,,218,217,227,,,,396,87,273,397,267,,518,55,,,468,359,128,,,255,343,365,,,58,712,274,,282,274,1145,,,,76,,,612,187,,510,,53,389,,,,,,220,,,,,543,,,,,179,247,,,,,,,182,,,219,,658,,297,,143,,,,,,,,,,,,,,,,,1262,558,,358,225,,253,269,548,214,,,,,,,,,,,,,,,,159,,,,,,,112,,,,,,,,,,,,,,,,,,,,275,,,,,,512,,2,47,,,,,,,,,,,,,,,,,,,,,,,,,,,500,,200,265,252,427,,393,69,,255,335,,673,,402,450,,,,425,92,,1359,,,,,,104,,,,,,,,,,,176,107,21,30,,,,,,,,,,,,145,,,,,,,,,,,,19,,,,,,,,,,,,189,,42,,76,,11,133,54,284,,,,161,40,,,,16,,155,220,,,,,264,,98,146,887,43,,,156,,460,,1112,366,397,107,,191,,,,,,,,,,,,,,,,,,,,,,720,,202,,606,,,,,,,,,,128,,,,,,,,,307,146,,,261,247,,296,409,693,240,176,,,175,45,132,326,147,116,,54,231,,324,307,151,,137,,321,,,59,,,,,,,,,,,,,,,,,,,,,,,,,,,,,,,,,,,138,382,38,349,,,,,261,,,249,,167,91,,,196,,,,,,,,,589,,,,,224,,,,353,
2026-08-16T20:00:02+00:00,,344,,,644,,215,,,,526,295,,,230,,,,,,508,436,374,,,36,,,,1170,,12,71,,,,,,151,,,108,,37,,,,,,,,,,,,51,,,,,,,107,84,,72,,,106,,,322,,,,275,277,,293,221,,233,,,,,95,275,410,,233,529,59,,,471,360,140,,,262,341,371,,,60,716,,,283,280,1151,,,,,,,632,,,515,,56,390,,,,,,232,,,,,545,,,,,,248,,,,,,,189,,,223,,,,305,,149,,,,,,,,,,,,,,,,418,1264,572,,359,241,,254,,553,219,182,,259,17,119,833,,,,,,,,80,,,,,,,,,115,,,,,,,,,,,,,,,,,,,,294,,,,,,511,,5,,,,,,,,,,,,,,,,60,,,,,,,,,,,,513,,,,,,,400,70,,256,,,,335,401,470,,,233,423,94,,1367,,,,,,106,,,,,,,,,,,177,110,19,,,,,,,,,,373,,,172,,,,,,,,,,,,,,,,,,,,,,,,227,,43,,79,,12,138,119,301,,7,,166,41,188,,,,89,,224,,,293,177,272,,97,,889,,,50,158,280,482,,1119,380,400,,,207,,,,,,,,,,,,,,,,,,,,,,719,,,,612,,,268,,330,,,,141,,,,,,,,,,,148,,,273,254,,297,,695,243,177,,134,180,46,135,325,149,117,160,55,238,,331,310,156,,153,,,,,61,,,,,,,,,,,,,,,,,,,,,,,,,,,,,,,,,,,139,402,43,356,,,566,,266,,,250,,169,93,,,197,,,,,,,,,598,,,541,,,,,,355,
2026-08-16T20:15:01+00:00,180,,,,650,74,216,302,357,,528,297,,,235,,,,,,,434,394,,,48,,,,1173,,13,73,193,,,,,157,150,,114,,39,,,,,,,349,,,,,,18,,,,,,140,,,73,,,107,,,330,,,,277,311,,,224,218,239,,,,,101,276,411,275,232,535,61,,,475,359,145,,119,264,339,391,,794,61,721,277,,,283,1153,,,,,,,736,188,,520,,69,,,,,,,240,,,,,543,,,,,,247,,,,,,,207,,,235,,,,335,,168,,,,,,,,,,,,,,,,419,1268,594,154,365,252,79,258,270,557,224,,,260,17,126,846,,,,,,,,,,160,,,,,,,,,,,,,,,,,,,,,,,,,,,300,,,,,,,,4,,,,,,,,,,,,,,,,,,,,,,,,,,,135,515,263,201,264,253,,,401,73,,257,339,,,337,409,484,,,,427,,,1375,,,,,,,,,,,,,,,,,,,,,,,,,,,,,,,,,,,,,,,,,,,,,,,,,,,,,,,,246,,44,119,80,,15,143,177,311,,10,340,171,,190,,,,,157,228,,28,,179,283,,99,145,891,42,,,159,0,493,,,381,,,,213,,,,,,,,,,,,,,,,,,,,,,723,,204,,618,,,269,,331,,,,140,,,,,,,74,,,309,149,,,282,259,,298,410,699,247,178,,133,181,,136,324,152,118,162,,242,331,332,312,162,,164,,324,,,65,,,,,,,,,,,,,,,,,,,,,,,,,,,,,,,,,,,142,414,51,359,,,,,,,,252,,172,96,,,,,337,,,,,,,601,,,,,,178,,,359,
2026-08-16T20:30:01+00:00,183,,,,656,73,222,,363,,531,298,,,,,,,,,509,433,455,,,63,,,,1192,,29,,207,,,,,166,151,,118,,,,,,,,,361,48,,,,50,,5,,,,,164,86,,76,,,114,,,332,,,146,279,327,,,223,220,,,,,,134,284,413,280,231,539,64,313,,486,360,165,,120,267,,405,,795,65,724,279,115,284,289,,,,468,78,,,874,194,,523,,81,,,,,,,251,,,,,,,,,,,246,,,,,,,210,,,244,,,,349,,181,,,,,,,,,,,,,,,,426,1275,613,155,364,253,78,,271,563,228,183,,,17,136,861,,,,,,,,,,158,,,,,,,,,,,,,,,,,,,,,,,,,,,,,,,,,,,,48,,,,,,,,,,,,,,,,,,,,,,,,,,142,521,264,202,265,,428,,,74,,260,343,,,,,496,,,,426,,,1376,,,,,,,,,,,,,,,,,,,,,,,,,,,,,,,,,,,,,,,,,,,,,,,,,,,,,,,,252,,,,82,153,20,153,221,343,,16,344,174,42,192,,,,88,167,236,,,294,,289,,103,,892,,,,162,,501,,1151,384,,108,,218,,,,,,,,,,,,,,,,,,,,,,731,,207,,617,,,,,,,,,,,,,,,,73,,,310,,,,290,262,,,412,702,,179,709,,,45,150,326,153,125,,54,240,,,327,163,,180,,,,,66,,,,,,,,,,,,,,,,,,,,,,,,,,,,,,,,,,,144,427,55,363,,,567,,,,,,,173,95,,,,,,,,,,,,606,,,549,,,177,,,363,
2026-08-16T20:45:01+00:00,184,343,,156,661,74,224,303,364,,535,,,,,,,,,,507,,489,,,66,,,,1208,,51,74,213,,,,,167,152,,120,,,,,,,,,353,49,,,,51,,36,,182,,,172,87,,77,,,115,,,341,,,153,280,332,,,224,,243,,,,397,144,287,,286,232,542,69,,,487,,169,,119,268,340,414,172,,68,727,,,285,291,1152,,,,,,,932,,,524,,89,,,,,,,263,,,,,,,,,,181,247,,,,,,,220,,,252,,,,366,,195,,,,,,,,,,,,,,,295,428,1281,620,161,375,254,79,259,,568,231,189,,264,17,139,877,,,,,,,,,,,,,,,,,,,,,,,,,,,,,,,,,,,,,,,,,,,,,5,51,,,,,,,,,,,,,,,,,,,,,,,,,,,,,,,,,,,,,261,346,,,339,408,504,,,,427,96,,,,,,,,,,,,,,,,,,,,,,,,,,,,,,,,,,,,,,,,,,,,,,,,,,,,,,,,,,263,,47,122,94,,38,195,247,395,,34,360,188,43,198,,,,,178,252,,32,,,291,,104,146,893,,143,51,,,508,,1158,385,,,,220,,,,,,,,,,,,,,,,,,,,,,739,,,,648,,,,,332,,,,141,,,,,,,,,,,,,,295,265,,,,704,253,181,,134,182,,154,325,,128,,,244,332,335,339,171,,199,,322,,,69,,,,,,,,,,,,,,,,,,,,,,,,,,,,,,,,,,,146,435,61,368,,,,,,,,,,179,96,,,,,,,,,,,,609,,,,,,176,,,,
2026-08-16T20:45:02+00:00,,,,,,,,,,,,,,,,,,,,,,,,,,,,,,,,,,,,,,,,,,,,,,,,,,,,,,,,,,,,,,,,,,,,,,,,,,,,,,,,,,,,,,,,,,,,,,,,,,,,,,,,,,,,,,,,,,,,,,,,,,,,,,,,,,,,,,,,,,,,,,,,,,,,,,,,,,,,,,,,,,,,,,,,,,,,,,,,,,,,,,,,,,,,,,,,,,,,,,,,,,,,,,,,,,,,,,,,,,,,,,,,,,,,,,,,,,,,,,,,,,,,,,,,,,,,,,,,,,,,,,162,525,,,266,,,,,,,,,,,,,,,,,,,,,,,,,,,,,,,,,,,,,,,,,,,,,,,,,,,,,,,,,,,,,,,,,,,,,,,,,,,,,,,,,,,,,,,,,,,,,,,,,,,,,,,,,,,,,,,,,,,,,,,,,,,,,,,,,,,,,,,,,,,,,,,,,,,,,,,,,,,,,,,,,,,,,,,,,,,,,,,,,,,,,,,,,,,,,,,,,,,,,,,,,,,,,,,,,,,,,,,,,,,,,,,,,,,,,,,,,,,,,,,,,,,,,,,,,,,,,,,,,,,,,,,,,,,,
2026-08-16T21:00:01+00:00,185,,,,665,73,226,305,370,,538,300,,,269,,,,,,,434,498,,,67,,,115,1217,31,55,,216,,,,,,,,,,40,,,,,,,,52,,,,,,44,,,,,181,,,78,,,,,,348,,,155,282,343,,,223,,,,,,398,151,288,416,285,233,552,74,,,496,,180,,120,269,341,421,,797,,733,280,116,287,313,1154,,,,,,,939,198,,525,,104,,,,,,,266,,,,,544,,,,,183,246,,,,,,,228,,,,,657,,382,,203,,,,,,,,,,,,,,,,432,1282,621,162,377,,,,,,,193,,268,17,145,886,,,,,,,,81,,,,,,,,,116,,,,,,,,,,,,,,,,,,,,,,,,,,510,,,,,,,,,,,,,,,,,,,,,,,,,,,,,190,526,265,,265,,,,,73,,263,,,,,409,511,,,,428,,,,,,,,,,,,,,,,,,,,,,,,,,,,,,,,,,,,,,,,,,,,,,,,,,,,,,,,,,,276,,49,124,102,,57,230,294,425,37,38,381,210,46,205,,,19,90,184,272,,33,,,296,,105,,,,,53,161,,509,,1165,,399,109,,221,,,,,,,,,,,,,,,,,,,,,,754,,208,,677,,,,,,,,,,129,,,,,,74,,,,,,,303,,,,413,,255,184,,,183,,155,,,,,,242,334,338,343,178,,211,,,,,,,,,,,,,,,,,,,,,,,,,,,,,,,,,,,,,,,,,443,64,370,,,,,,332,,,,185,97,,,,,,,,,,,,612,,,550,,,175,,,,
2026-08-16T21:15:01+00:00,186,,,155,,76,229,304,371,,541,305,,,277,,,,,,508,,503,,,68,,,116,1222,,64,,,,,,,168,153,,,,41,,,,,,,,53,,,2,55,,52,,,,,185,,,,,,,,,,,,159,281,344,,,224,135,244,,,,400,156,289,417,,,555,,,,499,,183,63,,,340,427,,,,736,,115,,315,1155,,,,79,,,950,203,,526,,112,,,,,,,273,,,,,545,,,,,186,247,,,,,,,236,,,256,,660,,430,,213,,,,,,,,,,,,,,,,431,1284,618,167,386,,,,,,236,195,,269,17,148,887,,,,,,,,,,,,,,,,,115,,,64,,,,,,,,,,,,,,,,,,,,,,,509,,7,52,,,,,,,,,,,,,,,,,,,,,,,,,,192,,264,203,266,,,,,74,,264,,,,,410,520,,,,429,94,,,,,,,,,,,,,,,,,,,,,,,,,,,,,,,,,,,,,,,,,,,,,,,,,,,,,,,,,,293,,51,,104,154,63,237,364,428,,,388,213,47,209,,,,,186,276,,34,,,301,,,,,,144,52,164,,517,,1177,384,400,,,223,,,,,,,,,,,,,,,,,,,,,,756,,,,672,,272,,,333,,,,140,130,,,,,,75,,,,,,,,,,,153,591,,,,79,158,43,156,324,,130,,,240,335,341,352,190,,217,,,,200,70,,,,,,,,,,,,,,,,,,,,,,,,,,,,,,,,,,,,458,,372,,,,,,,,,,190,98,,,,,,,,,,,,,128,,551,,,173,,,,
2026-08-16T21:30:01+00:00,187,342,,,668,77,248,305,373,,544,331,,,328,,,,,,510,435,506,,,69,,,,1224,32,67,73,217,,,,,170,,,,,,,,,,,,355,,,,0,,,54,,,,,187,,,,,,,,,349,,,,,347,,,,,,,,,405,159,291,422,287,,556,76,,,506,359,190,,,271,342,440,,,,742,281,114,,323,,,,,80,,,951,204,,,,115,,,,,,,285,,,,,,,,,,187,,,,,,,,240,,,,,662,,472,,219,,,,,,,,,,,,,,,,,1286,619,,385,,80,270,,,,198,,268,17,150,891,,,,,,,,,,,,,,,,,114,,,,,,,,,,,,,,,,,,,,,,,,,,,,10,54,,,,,,,,,,155,,,,,,,,,,,,,,,,,,,206,,,,,,73,,,,,672,340,409,532,,,,432,,,1379,,,,,,,,,,,,,,,,,,,,,,,,,,,,,,,,,,,,,,,,,,,,,,,,,,,,,,,,320,,,,105,,,239,434,431,,39,389,214,,210,,,,,191,277,,35,295,,302,,,,,,145,53,,,518,,1185,385,399,110,,,,,,,,,,,,,,,,,,,,,,,,757,,,,,,,,,,,,,,,,,,,,77,,,,,,,,,,299,,593,257,,,,159,41,160,325,,134,,55,239,336,,358,196,,227,,,,201,75,,,,,,,,,,,,,,,,,,,,,,,,,,,,,,,,,,,,466,66,375,,,,,,,,,,,,,,,,,,,,,,,616,,,,,,,,,364,
2026-08-16T21:45:01+00:00,188,,,,669,75,254,,372,,550,338,,,347,,,,,,,436,507,,,70,,,,1225,,68,,216,,,,,171,154,,,,42,,,,,,,,,,,1,,,56,,,,,190,,,,,,,,,351,,,160,,382,,,,,,,,,407,163,300,,,,560,,,,510,360,196,,,272,339,448,,,70,746,283,,,324,,,,,,,,953,205,,,,117,,,,,,,288,,,,,544,,,,,189,248,,,,,,,241,,,257,,663,,488,,225,,,,,,,,,,,,,,,294,432,1287,621,,386,,81,,,569,,,,264,17,151,892,,,,,,,,82,,,,,,,,,116,,,,,,,,,,,,,,,,,,,,299,,,,,,,,,,,,,,,,,,,156,,,,,,,,,,,,,,,,,,265,,,,429,,,74,,265,347,,,,,535,,,,,,,,,,,,,,,,,,,,,,,,,,,,,,,,,,,,,,,,,,,,,,,,,,,,,,,,,,,,,,,347,,,125,,,,240,512,432,,,,,,212,,,,,,,,,,,,,,,,41,,54,,,525,,1229,,400,,,226,,,,,,,,,,,,,,,,,,,,,,760,,,,680,,,268,,,385,,,,129,,,,,,,,,,,,,308,268,,,,,260,187,,,,44,,,,135,,,243,,343,361,198,,236,,321,,202,76,,,,,,,,,,,,,,,,,,,,,,,,,,,,,,,,,,,,470,68,376,,,,,,,,253,,,,,,,,336,,,,,,,,,,,,,,,,365,
2026-08-16T22:00:01+00:00,190,,,154,670,,255,,,,553,339,,,,,,,,,,434,508,,,71,,,,1228,,,,,,,,,172,,,,,,,,,,,,,,,,4,,,58,,,,,112,,,79,,,,,,,,,161,,385,,,,,,,,,,,307,423,,,561,,312,,512,,198,,,,340,454,,,,749,285,,290,326,1156,,,,,,,,,,528,,,,,,,,,290,,,,,543,,,,,,,,,,,,,242,,,262,,,,490,,226,,,,,,,,,,,,,,,,433,,619,,,,,,,,,,,,,,,,,,,,,,,,,,,,,,,,,,,,,,,,,,,,,,,,,,,298,,,,,,507,,,,,,,,,,,,,,,,,,,,,,,75,,,,,,,,,,,,,,,,,,348,,,,,538,,,,433,96,,,,,,,,,,,,,,,,,,,,,,,,,,,,,,,,,,,,,,,,,,,,,,,,,,,,,,,,,,,,,,,,,,,,,,,,,,,,,,,,,,,,,,,,,,,,,,,,,,,,,,,,,,,,,,,,,,,,,,,,,,,759,,,,,,,267,,,,,,,,,,,,,,,,,,,,310,,,300,,,,,,,,,,,,,,,,,,,,,,,,,,,,,,,,,,,,,,,,,,,,,,,,,,,,,,,,,,,,,,478,69,,,,,,,,,,,,,,,,,,,,,,,,,,,552,800,,,,,366,105
2026-08-16T22:00:02+00:00,,,,,,,,,,,,,,,,,,,,,,,,,,,,,,,,,,,,,,,,,,,,,,,,,,,,,,,,,,,,,,,,,,,,,,,,,,,,,,,,,,,,,,,,,,,,,,,,,,,,,,,,,,,,,,,,,,,,,,,,,,,,,,,,,,,,,,,,,,,,,,,,,,,,,,,,,,,,,,,,,,,,,,,,,,,,,,,,,,,,,,,,,199,,,17,,894,,,,,,,,,,,,,,,,,117,,,,,,,,,,,,,,,,,,,,,,,,,,,,,,,,,,,,,,,,,,,,,,,,,,,,,,,,,,207,,,,,,,,,,,,,,,,,,,,,,,,,,,,,,,,,,,,,,,,,,,,,,,,,,,,,,,,,,,,,,,,,,,,,,,,,,,,,353,,50,,,,,,537,,,40,388,,,,,,,,,,,,,,303,,,,,,,,165,,526,,1233,,,,,229,,,,,,,,,,,,,,,,,,,,,,,,,,,,,,,,,,,,,,,,,,,,,,,,,,,,,,595,261,,710,,161,,,324,,136,,,,,344,362,199,,,,,,,77,,,,,,,,,,,,,,,,,,,,,,,,,,,,,,,,,,,,,,,,,,,,,,,,,,,,,,,,,,,,,,,,,,,,,,,
2026-08-16T22:15:01+00:00,,,,,672,,,,,,556,340,,,,,,,,,,433,512,,,,,,,,,72,,,,,,,174,,,,,,,,,,,,,,,,,,,59,,,,,117,,,78,,,,,,353,,,,282,,,,,,,,,,408,,,424,288,232,564,,,,514,359,202,,,274,339,461,,,,754,,,292,329,1157,,,,79,,,,,,529,,,,,,,,,291,,,,,,,,,,,,,,,,,,245,,,265,,,,,,229,,,,,,,,,,,,,,,,,,,171,400,,82,,251,,,,,268,17,153,893,,,,,,,,,,148,,,,,,,,,,,,,,,,,,,,,,,,,,,299,,,,,,508,,,,,,,,,,,,,,,,,,,,,,,,,,,,,,,266,,,,,,,,,,,,,341,410,541,,,,432,,,,,,,,,,,,,,,,,,,,,,,,,,,,,,,,,,,,,,,,,,,,,,,,,,,,,,,,,,,0,,0,,0,,0,,,,,41,,,0,213,,,,,,0,,,,0,,,,,,,,55,,,527,,,384,,,,,,,,,,,,,,,,,,,,,,,,,,762,,,,685,,,,,,,,,,130,,,,,,79,,,311,,,,,,,,,,,,,,,45,,,,137,,,246,337,,367,205,,247,,,,203,78,,,,,,,,,,,,,,,,,,,,,,,,,,,,,,,,,,,,484,,377,,,,,,,,251,,189,,,,,481,,,,,,,,,,,,,,,,,,
2026-08-16T22:30:01+00:00,,,,,,,,306,,,,341,,,348,,,,,,,432,,,,,,,,1229,,71,,,,,,,175,155,,,,,,,,,,,,,,,,,,63,,,,,,,,,,,,,,354,,,,,,,,,,,,,,,164,309,,,,566,,,,515,360,209,,,,340,468,,,,756,286,,293,331,,,,,,,,,,,,,,,,,,,,297,,,,,542,,,,,,,,,,,,,,,,267,,,,,,,,,,,,,,,,,,,,,,,1286,620,,405,,,,,,237,,,269,17,,895,,,,,,,,,,,,,,,,,,,,,,,,,,,,,,,,,,,,,300,,,,,,,,,,,,,,,,,,,,,,,,,,,,,,,,,,,,,267,,,,428,,400,,,302,349,,,,411,543,,,,457,97,,,,,,,,,,,,,,,,,,,,,,,,,,,,,,,,,,,,,,,,,,,,,,,,,,,,,,,,,,,,,,,,,,539,,,,,215,,,,,,,,,,,,,,,,,,,,,,,,,,,,,,,,,,,,,,,,,,,,,,,,,,,,772,,,,693,,,,,,386,,,,,,,,,,,,,,,,,311,269,,,,,,,,,,,,,,,,,247,339,343,371,218,,270,,,,,79,,,,,,,,,,,,,,,,,,,,,,,,,,,,,,,,,,,,486,,,,,,,,,,,,190,100,,,,482,,,,,,,,,,,,,,,,,,
2026-08-16T22:45:01+00:00,,,,,673,,253,,371,,557,342,,,,,,,,,509,,,,,,,,,1230,,72,,217,,,,,176,,,,,,,,,,,,,,,,,,,,,,,,118,,,,,,,,,357,,,,,,,,,,,,,,410,165,311,425,,233,,,,,,,210,,,,,472,,,69,,,,,330,1158,,,,78,,,,205,280,531,,,390,,,,,,299,,,,,,,,,,,,,,,,,,249,,,270,,,,,,,,,,,,,,,,,,,,,,,1287,621,,406,,81,,,,,200,,270,17,,,,,,,,,,,,,,,,,,,,,,,,,,,,,,,,,,,,,,,299,,,,,,,,,,,,,,,,,,,,,,,,,,,,,,,,,,,,,269,,,254,,,401,73,,,,,,,,544,,,,,,,,,,,,,,,,,,,,,,,,,,,,,,,,,,,,,,,,,,,,,,,,,,,,,,,,,,,,,,,,,,,,,,239,542,433,,,,,,,,,,,,,,,,,,,,,,,,,,,,,,,,,,,,,,,,,,,,,,,,,,,,,,,,773,,,,,,,,,,385,,,,,,,,,,,,,,,,,312,,,,,596,262,,,,,,,,,,,,,,,372,221,,277,,,,,,,,,,,,,,,,,,,,,,,,,,,,,,,,,,,,,,,,,,,,,,,,,,,,,,,,,,,,,,,,,,615,,,,,,172,,,,
2026-08-16T23:00:01+00:00,,,,,,,254,,,,,,,,349,,,,,,,,513,,,,,,,1236,,73,,,,,,,,,,,,,,,,,,,,,,,,,,65,,,,,,,,,,,,,,356,,,,284,,,,,,,,,,,,312,,287,,,,,,,,212,,,,,,,,,757,,,,331,1159,,,,79,,,,,,530,,,,,,,,,,,,,,,,,,,,,,,,,,,,,,280,,,,491,,231,,,,,,,,,,,,,,,,,,,,407,,82,,,,,,,271,17,,,,,,,,,,,,,,,,,,,,,,,,126,,,,,,,,,,,,,,,300,,,,,,,,11,,,,,,,,,,,,,,,,,,,,,,,,,,,,525,,,,,,,,,,,,,,,,547,,,,,98,,,,,,,,,,,,,,,,,,,,,,,,,,,,,,,,,,,,,,,,,,,,,,,,,,,,,,,,,,,,,,,,,240,543,,,,,216,,,,,,,,,,,,,,,,,,42,,,,,,,,,,,,,,,,,,,,,,,,,,,,,,,,,,774,,,,,,,,,,384,,,,,,,,,,,,,,,,,,,,,,,263,,,,,,,,,,,,246,,,375,230,,289,,,,,80,,,,,,,,,,,,,,,,,,,,,,,,,,,,,,,,,,,,489,,,,,,,,,,,,,99,,,,481,,,,,,,,616,,,,,,,,,,
2026-08-16T23:15:01+00:00,,,,,,,,,,,,,,,,,,,,,,,,,,,,,,,,74,,,,,,,,,,,,,,,,,,,,,,,,,,66,,,,,120,,,,,,,,,358,,,,285,,,,,,,,,,,166,314,,288,,,,,,,361,213,,,275,,,,,,758,,,,,1157,,,,,,,,,,532,,,,,,,,,,,,,,,,,,,,,,,,,,,248,,,284,,662,,,,232,,,,,,,,,,,,,,,,,,,,414,,83,,,,,,,270,17,,,,,,,,,,,,,,,,,,,118,,,65,,,,,,,,,,,,,,,,,,,,,,,507,,,,,,,,,,,,,,,,,,,,,,,,,,,,,,,,,,,,,399,,,,,,,,,548,,,,,,,,,,,,,,,,,,,,,,,,,,,,,,,,,,,,,,,,,,,,,,,,,,,,,,,,,,,,,,,,,,,,,,,,,,,,,,,,,,,,,,,,,,,,,,,,,168,,526,,1235,383,,,,230,,,,,,,,,,,,,,,,,,,,,,,,,,694,,,,,,,,,,,,,,,,,,,,,,,,,,,,,,,,,160,,,,,,,,248,340,342,378,231,,293,,320,,,81,,,,,,,,,,,,,,,,,,,,,,,,,,,,,,,,,,,,488,,,,,,,,333,,,,189,,,,,,335,,,,,,,,,,,,,,,,,
2026-08-16T23:30:02+00:00,,,,,,,,,,,558,,,,,,,,,,,,,,,,,,,,,76,,,,,,,177,,,,,,,,,,,,,,,,,,,68,,,,,,,,,,,,,,357,,,,,,,,,,,,,,,168,315,,,234,567,,,,517,362,214,,,,,475,,,,760,,,294,,1158,,,467,,,,,,,,,,,,,,,,300,,,,,,,,,,,,,,,,,,,,,287,,,,490,,231,,,,,,,,,,,,,,,,,,,,,,,,,,,,,,17,,896,,,,,,,,,,,,,,,,,117,,,,,,,,,,,,,,,,,,,,299,,,,,,,,,,,,,,,,,,,,,,,,,,,,,,,,,,,,,,,,,,,,,,301,,,,,,549,,,,,,,1378,,,,,,,,,,,,,,,,,,,,,,,,,,,,,,,,,,,,,,,,,,,,,,,,,,,,,,,,,,,,,,,,,,,,,,,,,,,,,,,,,,,,,,894,43,,,,,,,,,,,,,,,,,,,,,,,,,,,,,,,,,,,,,,702,,,268,,,,,,,,,,,,,,,,,,,,,,,,,,,,,,,46,,,,,,,250,,,379,233,,297,,319,,,,,,,,,,,,,,,,,,,,,,,,,,,,,,,,,,,,,,,490,,,,,,,,,,,,,,,,,,334,,,,,,,,,,,,,171,,,,
2026-08-16T23:45:02+00:00,191,,,155,,,,,,,,,,,,,,,,,,,,,,,,,,1245,,75,,,,,,,,,,,,,,,,,,,,,,,,,,,,,,,,,,,,,,,,356,,,,,,,,,,,,,,,,316,427,,233,,,,,,,216,,,,,,,,,,,,,,1159,,,,,,,,,,,,,,,,,,,301,,,,,,,,,,,,,,,,,,,,,,,,,491,,232,,,,,,,,,,,,,,,,,,,,415,,87,,,,,,,,17,154,895,,,,,,,,,,147,,,,,,,,,,66,,,,,,,,,,,,,,,,,0,,,,,,0,,0,0,,,,,0,,,,,,,,,,0,,,,,0,,,,,,,,270,,,,429,,,,,,,,,,,548,,,,,,,,,,,,,,,,,,,,,,,,,,,,,,,,,,,,,,,,,,,,,,,,,,,,,,,,,,,,,,,,,,,,,,,545,,,,,,,,,,,,,,,,,,,,,,,,,,,,,,,,,,,,,,,,,,,,,,,,,,,,,,,,,,,,,706,,,,,,,,,,,,,,,,,,,,,,,,,,,,,266,,,,,,,,,,,,,341,343,,234,,298,,,,,,,,,,,,,,,,,,,,,,,,,,,,,,,,,,,,,,,,,492,,,,,,,,,,,,,98,,,,,,,,,,,,,,,,,,,,,,
